Symbol,Price~,"Exp Date",DTE,Type,Strike,Moneyness,Bid,Latest,Ask,Volume,"Open Int",Vol/OI,"Imp Vol",IV,Delta,Time
TSLA,313.03,2026-07-27,2,Call,310.00,+0.97%,6.1,6.2,6.3,29851,215,138.84,48.76%,48.77%,0.615251,2026-07-24
MSTR,91.67,2026-07-31,6,Call,96.50,-5.27%,2.33,2.5,2.56,16154,138,117.06,82.45%,92.12%,0.355424,2026-07-24
MU,920.95,2026-07-31,6,Put,520.00,-43.54%,0.3,0.56,0.77,23873,290,82.32,96.49%,190.10%,-0.006778,2026-07-24
BE,184.89,2026-08-07,13,Put,110.00,-40.51%,2.62,3.2,3.45,9378,130,72.14,170.03%,222.21%,-0.073412,2026-07-24
PCG,17.85,2026-07-31,6,Call,18.50,-3.64%,0.07,0.1,0.11,10967,171,64.13,34.71%,33.50%,0.211298,2026-07-24
HTZ,1.81,2026-08-14,20,Call,1.5000,+17.13%,0.39,0.45,0.45,8150,133,61.28,130.23%,150.50%,0.762736,2026-07-24
TSLA,313.03,2026-07-27,2,Call,315.00,-0.63%,3.6,3.63,3.7,20507,336,61.03,48.76%,48.97%,0.440583,2026-07-24
TSLA,313.03,2026-07-27,2,Call,305.00,+2.57%,9.5,9.7,9.85,7613,137,55.57,48.76%,49.60%,0.767831,2026-07-24
MRNA,54.07,2026-07-31,6,Call,58.00,-7.27%,1.37,1.7,1.87,4909,102,48.13,89.88%,111.73%,0.339412,2026-07-24
MSTR,91.67,2026-07-31,6,Call,94.00,-2.54%,3.2,3.29,3.4,11411,246,46.39,82.45%,91.54%,0.440332,2026-07-24
TSLA,313.03,2026-07-27,2,Call,317.50,-1.43%,2.69,2.74,2.74,9804,213,46.03,48.76%,49.26%,0.357482,2026-07-24
TSLA,313.03,2026-07-31,6,Call,310.00,+0.97%,10.45,10.52,10.7,7174,158,45.41,48.76%,55.73%,0.571513,2026-07-24
AAPL,333.02,2026-07-27,2,Put,332.50,-0.16%,1.96,2.03,2.09,18984,469,40.48,29.61%,23.41%,-0.457232,2026-07-24
TSLA,313.03,2026-07-27,2,Call,300.00,+4.16%,13.65,13.85,14.05,4059,103,39.41,48.76%,51.31%,0.873644,2026-07-24
S,18.14,2026-07-31,6,Call,18.00,+0.77%,0.6,0.75,0.75,9129,237,38.52,67.30%,64.59%,0.556533,2026-07-24
COIN,158.29,2026-07-31,6,Call,162.50,-2.66%,6.55,6.76,6.9,8370,221,37.87,80.17%,105.26%,0.451201,2026-07-24
FRMI,7.4,2026-07-31,6,Call,9.50,-28.38%,0.3,0.33,0.35,11706,313,37.4,159.03%,247.29%,0.265134,2026-07-24
SHEL,88.38,2026-07-31,6,Call,95.00,-7.49%,0.05,0.25,0.25,6467,173,37.38,27.65%,38.86%,0.077127,2026-07-24
MSTR,91.67,2026-07-31,6,Call,102.00,-11.27%,1.06,1.09,1.15,26055,712,36.59,82.45%,90.82%,0.196623,2026-07-24
SMMT,13.66,2027-01-15,174,Call,10.00,+26.79%,5.4,5.53,6.1,10078,278,36.25,77.67%,111.90%,0.792118,2026-07-24
WULF,18.46,2026-07-31,6,Put,18.50,+0.22%,1.06,1.07,1.15,6181,171,36.15,109.94%,112.48%,-0.482937,2026-07-24
TSLA,313.03,2026-07-27,2,Put,305.00,-2.57%,1.64,1.67,1.68,21427,593,36.13,48.76%,50.64%,-0.236754,2026-07-24
MU,920.95,2026-07-27,2,Call,950.00,-3.15%,10.7,11.53,11.85,6819,194,35.15,96.49%,82.81%,0.318143,2026-07-24
IREN,37.07,2026-08-21,27,Put,33.50,-9.63%,3.35,3.35,3.6,10963,319,34.37,127.00%,134.04%,-0.320551,2026-07-24
AAPL,333.02,2026-07-27,2,Call,332.50,+0.16%,2.53,2.55,2.65,32131,946,33.97,29.61%,23.29%,0.543703,2026-07-24
SKHY,154.57,2026-08-07,13,Put,100.00,-35.30%,0.8,1.1,1.2,4331,138,31.38,121.36%,152.49%,-0.048328,2026-07-24
TSLA,313.03,2026-07-27,2,Put,315.00,+0.63%,5.5,5.58,5.75,18950,605,31.32,48.76%,49.66%,-0.558889,2026-07-24
MU,920.95,2026-07-27,2,Call,930.00,-0.98%,18.25,19.45,19.85,3724,119,31.29,96.49%,84.97%,0.451866,2026-07-24
LAES,2.43,2026-08-21,27,Put,2.00,-17.70%,0.01,0.11,0.11,5216,170,30.68,94.06%,87.72%,-0.172178,2026-07-24
COIN,158.29,2026-07-31,6,Call,157.50,+0.50%,8.75,8.66,9.2,3433,114,30.11,80.17%,105.68%,0.543431,2026-07-24
MU,920.95,2026-07-27,2,Put,595.00,-35.39%,0.01,0.12,0.3,7068,236,29.95,96.49%,223.19%,-0.003194,2026-07-24
CVNA,60.46,2026-08-21,27,Put,46.00,-23.92%,0.89,0.97,1.04,13785,478,28.84,80.73%,94.21%,-0.114208,2026-07-24
AAPL,333.02,2026-07-29,4,Put,322.50,-3.16%,0.79,0.82,0.88,4855,169,28.73,29.61%,30.37%,-0.1501,2026-07-24
CVX,194.79,2026-07-31,6,Call,215.00,-10.38%,0.13,0.3,0.37,8557,298,28.71,31.22%,46.56%,0.052205,2026-07-24
NVDA,206.84,2026-07-29,4,Put,217.50,+5.15%,10.9,11.88,11.05,2872,103,27.88,41.00%,36.67%,-0.902338,2026-07-24
HOOD,94.91,2026-07-31,6,Call,97.00,-2.20%,4.4,4.6,4.6,5885,217,27.12,79.42%,111.30%,0.469258,2026-07-24
HOOD,94.91,2026-07-31,6,Call,101.00,-6.42%,2.95,2.95,3.1,9537,360,26.49,79.42%,110.42%,0.357797,2026-07-24
MSTR,91.67,2026-07-31,6,Call,96.00,-4.72%,2.49,2.68,2.71,12234,466,26.25,82.45%,92.01%,0.371729,2026-07-24
INTC,92.32,2026-07-31,6,Put,78.00,-15.51%,0.58,0.61,0.67,9321,356,26.18,85.49%,107.72%,-0.098019,2026-07-24
WULF,18.46,2026-07-31,6,Call,18.50,-0.22%,0.99,1.05,1.1,2793,107,26.1,109.94%,115.14%,0.516666,2026-07-24
MU,920.95,2026-07-27,2,Call,940.00,-2.07%,14.05,15,15.5,2678,107,25.03,96.49%,83.68%,0.383443,2026-07-24
POET,6.89,2026-09-18,55,Call,7.00,-1.60%,1.16,1.21,1.28,4243,170,24.96,120.83%,118.06%,0.581907,2026-07-24
MSTR,91.67,2026-07-31,6,Put,84.00,-8.37%,1.35,1.49,1.5,8909,358,24.89,82.45%,93.71%,-0.214226,2026-07-24
BE,184.89,2026-07-31,6,Put,205.00,+10.88%,35.15,36.31,37.45,11425,459,24.89,170.03%,252.48%,-0.561917,2026-07-24
BE,184.89,2026-08-07,13,Call,200.00,-8.17%,21.95,23.52,24.8,2943,123,23.93,170.03%,210.21%,0.501417,2026-07-24
TSLA,313.03,2026-07-29,4,Call,317.50,-1.43%,5.3,5.4,5.4,2469,105,23.51,48.76%,55.60%,0.417729,2026-07-24
AAPL,333.02,2026-07-29,4,Put,330.00,-0.91%,2.5,2.5,2.7,6556,279,23.5,29.61%,28.68%,-0.371171,2026-07-24
AAPL,333.02,2026-07-27,2,Call,335.00,-0.59%,1.4,1.44,1.45,47022,2040,23.05,29.61%,22.88%,0.370324,2026-07-24
NVDA,206.84,2026-07-27,2,Call,200.00,+3.31%,7.3,7.25,7.5,11597,509,22.78,41.00%,44.35%,0.852208,2026-07-24
BB,8.54,2027-03-19,237,Call,6.00,+29.74%,3.15,3.5,3.65,3161,139,22.74,76.29%,76.92%,0.821562,2026-07-24
TSLA,313.03,2026-07-27,2,Put,312.50,-0.17%,4.25,4.25,4.3,11097,494,22.46,48.76%,49.40%,-0.472454,2026-07-24
ZM,87.99,2026-11-20,118,Call,110.00,-25.01%,3,3.34,3.9,8699,389,22.36,52.47%,48.62%,0.26618,2026-07-24
MSTR,91.67,2026-07-31,6,Call,95.00,-3.63%,2.83,2.89,2.95,25566,1148,22.27,82.45%,90.82%,0.403946,2026-07-24
S,18.14,2026-09-18,55,Call,22.00,-21.28%,0.85,0.92,0.95,71651,3279,21.85,67.30%,74.77%,0.308405,2026-07-24
INTC,92.32,2026-07-27,2,Call,98.00,-6.15%,0.52,0.52,0.59,3088,142,21.75,85.49%,85.19%,0.180694,2026-07-24
TSLA,313.03,2026-07-29,4,Put,307.50,-1.77%,4.75,4.77,4.85,3202,149,21.49,48.76%,56.16%,-0.367546,2026-07-24
BE,184.89,2026-08-07,13,Put,155.00,-16.17%,14.15,14.76,16.1,2799,131,21.37,170.03%,217.86%,-0.261997,2026-07-24
ORCL,114.99,2026-08-28,34,Put,90.00,-21.73%,1.25,1.48,1.52,2259,110,20.54,69.19%,70.89%,-0.105761,2026-07-24
AMZN,232.11,2026-07-27,2,Call,220.00,+5.22%,12,12.36,12.3,2913,142,20.51,42.60%,46.94%,0.941231,2026-07-24
SOUN,6.16,2026-08-21,27,Call,7.50,-21.75%,0.29,0.3,0.3,17217,840,20.5,96.82%,106.74%,0.30024,2026-07-24
TSLA,313.03,2026-07-27,2,Call,320.00,-2.23%,1.98,1.99,2.02,28100,1376,20.42,48.76%,49.89%,0.283461,2026-07-24
AAPL,333.02,2026-07-27,2,Put,327.50,-1.66%,0.56,0.57,0.6,20857,1027,20.31,29.61%,24.69%,-0.175441,2026-07-24
KEEL,4.26,2026-08-28,34,Call,6.00,-40.85%,0.16,0.23,0.26,4018,198,20.29,124.98%,128.59%,0.252154,2026-07-24
AMZN,232.11,2026-07-27,2,Call,232.50,-0.17%,1.67,1.7,1.71,7204,359,20.07,42.60%,27.07%,0.474546,2026-07-24
NBIS,187.77,2026-08-07,13,Put,170.00,-9.46%,15.15,17.29,18.95,31376,1564,20.06,164.24%,186.95%,-0.322294,2026-07-24
BE,184.89,2026-07-31,6,Call,200.00,-8.17%,18,18.5,19.05,3663,183,20.02,170.03%,258.60%,0.472336,2026-07-24
MSFT,381.7,2026-07-27,2,Call,387.50,-1.52%,0.98,1.05,1.25,15852,796,19.91,43.05%,28.18%,0.240169,2026-07-24
BRK.B,494.93,2026-07-31,6,Call,507.50,-2.54%,0.51,0.64,0.79,2056,104,19.77,17.05%,16.51%,0.125872,2026-07-24
PEP,136.64,2026-10-16,83,Call,145.00,-6.12%,3.25,3.35,3.4,21678,1101,19.69,25.14%,25.31%,0.327226,2026-07-24
GLXY,22.68,2026-08-07,13,Put,22.00,-3.00%,1.52,1.67,2,7490,381,19.66,102.96%,124.85%,-0.400707,2026-07-24
NVDA,206.84,2026-07-29,4,Put,212.50,+2.74%,6.85,6.99,7,5252,270,19.45,41.00%,39.08%,-0.73723,2026-07-24
BAND,59.8,2026-08-21,27,Put,50.00,-16.39%,2.75,3.16,3.6,2010,104,19.33,118.04%,119.39%,-0.235519,2026-07-24
METC,10.35,2026-08-21,27,Call,11.00,-6.28%,0.95,0.99,1,30187,1582,19.08,105.95%,110.32%,0.478961,2026-07-24
NVDA,206.84,2026-07-27,2,Call,207.50,-0.32%,1.78,1.83,1.83,42242,2236,18.89,41.00%,34.37%,0.457883,2026-07-24
MSTR,91.67,2026-07-31,6,Put,82.00,-10.55%,1.02,1.09,1.13,4054,215,18.86,82.45%,96.84%,-0.167429,2026-07-24
MU,920.95,2026-07-31,6,Put,810.00,-12.05%,15.55,17.65,17.6,11579,615,18.83,96.49%,125.31%,-0.188698,2026-07-24
TWLO,191.46,2026-08-07,13,Call,200.00,-4.46%,10.2,11,12.9,2805,149,18.83,81.28%,104.33%,0.453562,2026-07-24
AAPL,333.02,2026-07-27,2,Call,337.50,-1.35%,0.67,0.72,0.74,12640,674,18.75,29.61%,22.83%,0.220117,2026-07-24
INTC,92.32,2026-07-31,6,Call,96.00,-3.99%,3,3.1,3.2,2523,135,18.69,85.49%,97.57%,0.402843,2026-07-24
MSTR,91.67,2026-07-31,6,Call,101.00,-10.18%,1.18,1.26,1.42,18294,981,18.65,82.45%,91.35%,0.222418,2026-07-24
MU,920.95,2026-08-07,13,Put,855.00,-7.16%,44.55,48.15,47.5,2631,142,18.53,96.49%,112.17%,-0.322032,2026-07-24
UBER,65.94,2026-08-07,13,Call,70.00,-6.16%,1.41,1.43,1.56,3697,200,18.49,50.19%,60.09%,0.323153,2026-07-24
BSX,44.25,2026-07-31,6,Put,44.00,-0.56%,1.75,1.95,2,3011,164,18.36,54.21%,89.07%,-0.455814,2026-07-24
WULF,18.46,2026-07-31,6,Put,19.50,+5.63%,1.62,1.68,1.75,5383,297,18.12,109.94%,108.78%,-0.631836,2026-07-24
NBIS,187.77,2026-07-31,6,Call,192.50,-2.52%,13.5,13.99,15.5,3088,171,18.06,164.24%,172.20%,0.500154,2026-07-24
RKT,13.05,2026-08-21,27,Put,13.50,+3.45%,1.21,1.18,1.31,3029,168,18.03,72.30%,72.21%,-0.525744,2026-07-24
TSLA,313.03,2026-07-31,6,Call,315.00,-0.63%,8.05,8.1,8.15,7553,422,17.9,48.76%,55.83%,0.482642,2026-07-24
GOOG,319.09,2026-08-28,34,Call,340.00,-6.55%,4.7,4.82,5,4147,232,17.88,30.87%,30.74%,0.27565,2026-07-24
AAPL,333.02,2026-07-27,2,Put,330.00,-0.91%,1.08,1.11,1.13,23726,1330,17.84,29.61%,23.76%,-0.296062,2026-07-24
CDNS,326.24,2026-08-21,27,Put,325.00,-0.38%,17.8,16.23,20.7,3572,204,17.51,58.30%,57.40%,-0.453901,2026-07-24
CBRS,199.12,2026-08-07,13,Call,325.00,-63.22%,2.1,2.1,2.5,5040,298,16.91,126.02%,170.88%,0.087874,2026-07-24
FRMI,7.4,2026-07-31,6,Call,9.00,-21.62%,0.35,0.4,0.4,14428,854,16.89,159.03%,233.21%,0.307389,2026-07-24
AMD,521.95,2026-07-27,2,Put,485.00,-7.08%,1.2,1.36,1.47,6296,373,16.88,82.67%,77.09%,-0.093661,2026-07-24
MU,920.95,2026-07-27,2,Call,925.00,-0.44%,20.8,22,22.4,1890,112,16.88,96.49%,86.19%,0.486504,2026-07-24
MCHP,78.86,2026-07-31,6,Call,83.00,-5.25%,1.05,1.22,1.4,3416,203,16.83,72.93%,68.17%,0.294743,2026-07-24
GLXY,22.68,2026-07-31,6,Call,25.50,-12.43%,0.32,0.45,0.45,1714,102,16.8,102.96%,109.64%,0.223841,2026-07-24
AAPL,333.02,2026-07-29,4,Call,337.50,-1.35%,2,2.1,2.2,5500,328,16.77,29.61%,27.84%,0.333035,2026-07-24
TSLA,313.03,2026-07-29,4,Put,305.00,-2.57%,3.85,3.95,4,2781,166,16.75,48.76%,56.45%,-0.317333,2026-07-24
BTDR,11.56,2026-07-31,6,Call,12.50,-8.13%,0.35,0.42,0.45,1829,112,16.33,127.70%,126.86%,0.346153,2026-07-24
TSLA,313.03,2026-07-27,2,Put,295.00,-5.76%,0.45,0.46,0.47,7455,457,16.31,48.76%,57.01%,-0.076193,2026-07-24
INTC,92.32,2026-07-27,2,Put,93.00,+0.74%,2.54,2.78,2.8,1757,109,16.12,85.49%,84.87%,-0.533167,2026-07-24
AAPL,333.02,2026-07-27,2,Call,327.50,+1.66%,5.8,5.93,6.35,19397,1208,16.06,29.61%,23.34%,0.838061,2026-07-24
PCG,17.85,2027-06-17,327,Put,15.00,-15.97%,0.78,0.93,1.09,3800,237,16.03,34.71%,35.70%,-0.22653,2026-07-24
CBRS,199.12,2026-07-31,6,Put,220.00,+10.49%,23.6,29.37,30.2,2675,167,16.02,126.02%,132.38%,-0.691657,2026-07-24
NVDA,206.84,2026-07-29,4,Call,197.50,+4.52%,10.45,10.33,10.55,2909,182,15.98,41.00%,50.17%,0.819277,2026-07-24
AAPL,333.02,2026-07-27,2,Call,330.00,+0.91%,4,3.95,4.35,31342,1993,15.73,29.61%,23.67%,0.705091,2026-07-24
INTC,92.32,2026-07-31,6,Call,98.00,-6.15%,2.38,2.47,2.58,2408,154,15.64,85.49%,98.26%,0.341981,2026-07-24
NVDA,206.84,2026-07-27,2,Put,220.00,+6.36%,12.8,14.1,13.15,5469,352,15.54,41.00%,79.85%,-0.844529,2026-07-24
FCX,62.6,2026-07-31,6,Put,61.00,-2.56%,0.98,1.19,1.24,2422,157,15.43,52.81%,57.20%,-0.346418,2026-07-24
AAPL,333.02,2026-07-31,6,Call,347.50,-4.35%,1.97,2.05,2.14,3900,254,15.35,29.61%,40.24%,0.215095,2026-07-24
VSXY,83.55,2026-08-21,27,Put,90.00,+7.72%,8.9,10.15,11,2003,132,15.17,72.70%,67.56%,-0.61946,2026-07-24
BAH,72.53,2026-09-18,55,Call,85.00,-17.19%,1,1.15,1.3,1558,103,15.13,42.40%,42.34%,0.188942,2026-07-24
VZ,46.38,2026-07-31,6,Call,45.50,+1.90%,1.15,1.13,1.29,4920,328,15,25.98%,30.01%,0.694865,2026-07-24
AMD,521.95,2026-07-27,2,Call,535.00,-2.50%,4.95,5,5.4,3426,229,14.96,82.67%,66.59%,0.318324,2026-07-24
NVDA,206.84,2026-07-27,2,Call,192.50,+6.93%,14.25,14.55,15.3,3896,262,14.87,41.00%,70.65%,0.919737,2026-07-24
MMM,172.62,2026-07-31,6,Put,162.50,-5.86%,0.14,0.25,0.37,1563,106,14.75,26.14%,33.46%,-0.075461,2026-07-24
AAPL,333.02,2026-07-29,4,Put,327.50,-1.66%,1.58,1.79,1.83,3191,217,14.71,29.61%,28.20%,-0.276982,2026-07-24
AAPL,333.02,2026-07-27,2,Call,345.00,-3.60%,0.09,0.12,0.12,5229,357,14.65,29.61%,26.90%,0.039553,2026-07-24
INTC,92.32,2026-07-27,2,Call,95.00,-2.90%,1.21,1.27,1.3,4646,322,14.43,85.49%,85.02%,0.337014,2026-07-24
MU,920.95,2026-07-27,2,Put,920.00,-0.10%,21.85,22.64,23.8,1785,125,14.28,96.49%,86.02%,-0.479837,2026-07-24
AMD,521.95,2026-07-27,2,Call,530.00,-1.54%,6.7,7,7.25,2584,181,14.28,82.67%,67.43%,0.39061,2026-07-24
SKHY,154.57,2026-07-31,6,Put,110.00,-28.83%,0.6,0.61,0.65,16333,1146,14.25,121.36%,165.12%,-0.043145,2026-07-24
BABA,112.14,2026-07-31,6,Put,111.00,-1.02%,1.94,2.05,2.16,2816,199,14.15,47.68%,45.24%,-0.418491,2026-07-24
STM,51.54,2026-09-18,55,Call,60.00,-16.41%,2.7,2.84,2.95,3293,234,14.07,75.72%,70.68%,0.344381,2026-07-24
RUN,9.94,2026-08-21,27,Call,10.00,-0.60%,0.97,1,1.13,1425,102,13.97,97.47%,99.02%,0.548661,2026-07-24
AMZN,232.11,2026-07-27,2,Call,225.00,+3.06%,6.9,7.51,7.55,1581,115,13.75,42.60%,24.44%,0.959013,2026-07-24
AAPL,333.02,2026-07-27,2,Put,325.00,-2.41%,0.29,0.29,0.3,22420,1637,13.7,29.61%,25.80%,-0.097668,2026-07-24
SKHY,154.57,2026-07-31,6,Put,120.00,-22.37%,1.2,1.3,1.35,17067,1249,13.66,121.36%,154.50%,-0.083815,2026-07-24
TSM,403.41,2026-08-07,13,Call,400.00,+0.85%,18.3,17.77,19.35,1568,115,13.63,50.30%,55.77%,0.556727,2026-07-24
HIMS,28.09,2026-07-31,6,Call,31.00,-10.36%,0.48,0.51,0.54,3759,282,13.33,108.59%,102.34%,0.247878,2026-07-24
HOOD,94.91,2026-07-31,6,Put,86.00,-9.39%,1.77,2.09,2.14,4262,325,13.11,79.42%,114.03%,-0.2263,2026-07-24
MNKD,4.13,2026-08-28,34,Call,1.00,+75.79%,2.55,3.15,5.2,2698,206,13.1,101.92%,978.53%,0.975545,2026-07-24
PLTR,122.92,2026-08-28,34,Put,95.00,-22.71%,1.15,1.16,1.24,2228,171,13.03,67.07%,69.37%,-0.090482,2026-07-24
AAPL,333.02,2026-07-29,4,Call,332.50,+0.16%,4,4.25,4.35,5052,389,12.99,29.61%,27.69%,0.532229,2026-07-24
FCX,62.6,2026-07-31,6,Call,66.00,-5.43%,0.55,0.7,0.84,6757,520,12.99,52.81%,58.73%,0.254904,2026-07-24
AMD,521.95,2026-07-27,2,Call,550.00,-5.37%,1.71,1.75,1.93,4890,383,12.77,82.67%,64.93%,0.144341,2026-07-24
INTC,92.32,2026-07-31,6,Put,92.00,-0.35%,4.3,4.55,4.6,2078,163,12.75,85.49%,98.28%,-0.462588,2026-07-24
AMD,521.95,2026-07-27,2,Call,525.00,-0.58%,8.85,9.02,9.5,1583,125,12.66,82.67%,68.47%,0.465852,2026-07-24
HIMS,28.09,2026-07-31,6,Call,29.00,-3.24%,1.06,1.1,1.11,1747,138,12.66,108.59%,102.10%,0.431091,2026-07-24
ORCL,114.99,2026-07-31,6,Call,115.00,-0.01%,4.35,4.36,4.45,1686,134,12.58,69.19%,74.65%,0.519878,2026-07-24
MU,920.95,2026-07-27,2,Put,870.00,-5.53%,6.8,7.68,7.95,1557,124,12.56,96.49%,94.84%,-0.198104,2026-07-24
SNDK,1436.56,2026-08-07,13,Put,"1,500.00",+4.42%,196.1,205,201.7,2725,218,12.5,136.49%,150.97%,-0.502342,2026-07-24
AMZN,232.11,2026-07-27,2,Call,235.00,-1.25%,0.77,0.77,0.79,15259,1241,12.3,42.60%,27.08%,0.275093,2026-07-24
WDC,519.8,2026-07-31,6,Put,365.00,-29.78%,0.3,0.84,1.17,2014,164,12.28,107.20%,140.70%,-0.020042,2026-07-24
BE,184.89,2026-08-07,13,Put,140.00,-24.28%,9,9.6,9.95,1632,133,12.27,170.03%,215.82%,-0.186908,2026-07-24
TSLA,313.03,2026-08-14,20,Put,255.00,-18.54%,1.14,1.16,1.19,1470,120,12.25,48.76%,59.22%,-0.059183,2026-07-24
SCCO,179.29,2026-07-31,6,Put,165.00,-7.97%,0.55,0.92,2.5,1911,156,12.25,57.17%,70.94%,-0.168188,2026-07-24
TSLA,313.03,2026-08-07,13,Call,310.00,+0.97%,14,14.17,14.25,1214,100,12.14,48.76%,52.65%,0.563798,2026-07-24
INTC,92.32,2026-07-31,6,Call,101.00,-9.40%,1.61,1.75,1.84,9106,751,12.13,85.49%,98.69%,0.260092,2026-07-24
TSLA,313.03,2026-07-27,2,Put,310.00,-0.97%,3.15,3.2,3.2,36797,3039,12.11,48.76%,49.49%,-0.386495,2026-07-24
TSLA,313.03,2026-08-07,13,Call,315.00,-0.63%,11.55,11.65,11.7,2326,192,12.11,48.76%,52.47%,0.49968,2026-07-24
INTC,92.32,2026-07-27,2,Put,92.00,-0.35%,2.06,2.17,2.18,2310,196,11.79,85.49%,83.91%,-0.464441,2026-07-24
ORCL,114.99,2026-08-21,27,Call,137.00,-19.14%,2.05,2.24,2.31,1225,104,11.78,69.19%,68.25%,0.199316,2026-07-24
TSLA,313.03,2026-07-29,4,Call,320.00,-2.23%,4.35,4.46,4.5,6109,520,11.75,48.76%,55.59%,0.365961,2026-07-24
OUST,34.04,2026-08-28,34,Call,59.00,-73.33%,0.35,0.95,1.25,1155,100,11.55,144.20%,135.83%,0.133239,2026-07-24
APH,152.67,2026-10-16,83,Put,130.00,-14.85%,5.9,6.3,6.4,1599,139,11.5,60.87%,56.54%,-0.225411,2026-07-24
COIN,158.29,2026-07-31,6,Call,165.00,-4.24%,5.65,5.8,6,11310,987,11.46,80.17%,105.79%,0.407518,2026-07-24
TSLA,313.03,2026-08-21,27,Call,362.50,-15.80%,3.3,3.3,3.4,1484,130,11.42,48.76%,49.78%,0.159544,2026-07-24
GOOGL,319.74,2026-07-27,2,Put,317.50,-0.70%,1.54,1.64,1.78,3080,270,11.41,31.30%,28.17%,-0.361219,2026-07-24
TSM,403.41,2026-07-31,6,Call,380.00,+5.80%,27.45,27.75,28.95,1411,124,11.38,50.30%,65.87%,0.775035,2026-07-24
INTC,92.32,2026-07-31,6,Call,104.00,-12.65%,1.09,1.16,1.29,7376,651,11.33,85.49%,99.61%,0.19349,2026-07-24
NOK,9.1,2027-03-19,237,Call,9.00,+1.10%,2.05,2.09,2.12,5503,488,11.28,69.89%,69.40%,0.623516,2026-07-24
TSLA,313.03,2026-07-29,4,Put,295.00,-5.76%,1.64,1.68,1.69,1760,156,11.28,48.76%,58.99%,-0.159284,2026-07-24
INTC,92.32,2026-07-31,6,Call,112.00,-21.32%,0.43,0.48,0.51,4724,420,11.25,85.49%,105.15%,0.086549,2026-07-24
TSLA,313.03,2026-08-28,34,Put,260.00,-16.94%,2.87,2.91,2.96,2507,223,11.24,48.76%,53.89%,-0.109359,2026-07-24
GLXY,22.68,2026-07-31,6,Call,24.00,-5.82%,0.63,0.78,0.78,1855,166,11.17,102.96%,104.93%,0.36359,2026-07-24
CVI,33.45,2026-08-21,27,Call,35.00,-4.63%,1.85,2,2.15,2187,196,11.16,68.89%,72.36%,0.450808,2026-07-24
UBER,65.94,2026-08-14,20,Put,66.00,+0.09%,3.15,3.3,3.4,1268,114,11.12,50.19%,53.68%,-0.472961,2026-07-24
FRMI,7.4,2026-08-21,27,Call,8.50,-14.86%,0.85,0.95,1.1,2591,233,11.12,159.03%,170.16%,0.475152,2026-07-24
FCX,62.6,2026-08-07,13,Call,67.00,-7.03%,0.83,1.02,1.13,2661,240,11.09,52.81%,53.19%,0.268489,2026-07-24
NVO,48.77,2026-08-07,13,Put,49.00,+0.47%,2.08,2.01,2.37,2539,230,11.04,48.30%,56.61%,-0.499412,2026-07-24
TSLA,313.03,2026-07-27,2,Put,317.50,+1.43%,7.05,7.18,7.35,7207,655,11,48.76%,50.10%,-0.640582,2026-07-24
NBIS,187.77,2026-08-14,20,Call,225.00,-19.83%,15.5,16.5,18.75,3915,356,11,164.24%,168.97%,0.399511,2026-07-24
NUAI,4.78,2026-08-28,34,Call,5.50,-15.06%,0.65,0.7,1,2802,256,10.95,177.74%,185.90%,0.51619,2026-07-24
NVDA,206.84,2026-07-27,2,Call,197.50,+4.52%,9.6,9.7,9.8,11640,1063,10.95,41.00%,48.11%,0.906578,2026-07-24
ACI,11.03,2026-08-21,27,Call,11.00,+0.27%,0.35,0.5,0.55,2220,203,10.94,35.03%,37.22%,0.523822,2026-07-24
HOOD,94.91,2026-08-28,34,Put,70.00,-26.25%,1.14,1.28,1.35,2727,252,10.82,79.42%,85.66%,-0.095566,2026-07-24
TSLA,313.03,2026-07-27,2,Put,300.00,-4.16%,0.83,0.84,0.87,24806,2318,10.7,48.76%,53.12%,-0.134446,2026-07-24
QUBT,7.43,2026-09-18,55,Put,6.00,-19.25%,0.34,0.41,0.48,2362,221,10.69,90.30%,94.41%,-0.217796,2026-07-24
COIN,158.29,2026-07-31,6,Call,167.50,-5.82%,4.75,4.95,5.15,3868,362,10.69,80.17%,105.30%,0.364285,2026-07-24
EOG,146.39,2026-09-18,55,Call,160.00,-9.30%,3.3,3.4,3.5,8625,808,10.67,35.57%,35.81%,0.286644,2026-07-24
INTC,92.32,2026-09-18,55,Call,92.50,-0.19%,11.9,12.05,12.25,2344,220,10.65,85.49%,84.11%,0.56778,2026-07-24
TSM,403.41,2026-08-07,13,Put,330.00,-18.20%,0.92,1.17,1.18,1169,110,10.63,50.30%,66.60%,-0.047601,2026-07-24
FSLY,20.24,2026-07-31,6,Call,21.00,-3.75%,0.6,0.65,0.75,1168,111,10.52,112.93%,95.37%,0.406916,2026-07-24
VIK,100.71,2026-08-21,27,Put,90.00,-10.63%,1.25,1.35,1.7,3654,350,10.44,44.52%,50.58%,-0.183117,2026-07-24
CLF,11.93,2026-07-31,6,Put,12.00,+0.59%,0.44,0.52,0.62,5764,552,10.44,68.94%,81.07%,-0.500767,2026-07-24
GOOGL,319.74,2026-07-27,2,Call,317.50,+0.70%,3.55,4.05,4.1,1730,166,10.42,31.30%,26.68%,0.646227,2026-07-24
META,595.19,2026-07-27,2,Call,612.50,-2.91%,1.1,1.18,1.2,1187,114,10.41,50.71%,35.77%,0.143925,2026-07-24
NXE,9.14,2027-01-15,174,Put,8.00,-12.47%,0.85,0.93,1,1075,104,10.34,66.54%,63.46%,-0.289171,2026-07-24
COIN,158.29,2026-07-31,6,Call,175.00,-10.56%,2.68,3,3.2,7330,711,10.31,80.17%,104.38%,0.24869,2026-07-24
TSLA,313.03,2026-07-27,2,Put,320.00,+2.23%,8.6,8.96,9.2,21671,2105,10.3,48.76%,49.71%,-0.717996,2026-07-24
GOOGL,319.74,2026-07-27,2,Call,322.50,-0.86%,1.4,1.5,1.6,5713,556,10.28,31.30%,27.77%,0.344952,2026-07-24
NVDA,206.84,2026-07-29,4,Call,200.00,+3.31%,8.35,8.4,8.5,2418,236,10.25,41.00%,47.95%,0.75861,2026-07-24
NVDA,206.84,2026-07-31,6,Put,222.50,+7.57%,15.75,16.32,16.4,1409,138,10.21,41.00%,42.49%,-0.906353,2026-07-24
RUN,9.94,2026-08-21,27,Call,12.50,-25.75%,0.23,0.31,0.42,1016,100,10.16,97.47%,98.03%,0.236931,2026-07-24
MSFT,381.7,2026-07-27,2,Put,382.50,+0.21%,3.5,3.75,3.75,1715,170,10.09,43.05%,28.68%,-0.532887,2026-07-24
LRCX,305.21,2026-07-31,6,Call,355.00,-16.31%,3.65,4.35,5.1,1048,104,10.08,92.32%,119.91%,0.18335,2026-07-24
INTC,92.32,2026-07-27,2,Put,97.00,+5.07%,5.2,5.4,5.6,2294,229,10.02,85.49%,84.88%,-0.774643,2026-07-24
AAPL,333.02,2026-07-29,4,Call,340.00,-2.10%,1.32,1.32,1.45,13843,1390,9.96,29.61%,27.68%,0.24543,2026-07-24
POET,6.89,2026-09-18,55,Call,8.00,-16.11%,0.82,0.85,0.91,1201,121,9.93,120.83%,116.94%,0.464203,2026-07-24
AMZN,232.11,2026-07-27,2,Put,232.50,+0.17%,2.07,2.12,2.12,5850,590,9.92,42.60%,27.92%,-0.525237,2026-07-24
FRMI,7.4,2026-07-31,6,Call,10.50,-41.89%,0.2,0.24,0.25,2175,220,9.89,159.03%,261.45%,0.190913,2026-07-24
NVDA,206.84,2026-07-27,2,Put,207.50,+0.32%,2.31,2.39,2.38,28194,2869,9.83,41.00%,32.94%,-0.544958,2026-07-24
META,595.19,2026-07-27,2,Call,617.50,-3.75%,0.65,0.69,0.71,991,101,9.81,50.71%,36.75%,0.091313,2026-07-24
CZR,29.94,2026-08-28,34,Put,31.00,+3.54%,1,1.63,1.6,2331,239,9.75,16.81%,19.03%,-0.710812,2026-07-24
META,595.19,2026-07-27,2,Put,602.50,+1.23%,10.2,10.5,10.8,1605,165,9.73,50.71%,35.28%,-0.673608,2026-07-24
T,24.13,2026-07-31,6,Call,24.50,-1.53%,0.18,0.19,0.2,3832,396,9.68,27.05%,27.75%,0.339401,2026-07-24
BTDR,11.56,2026-07-31,6,Call,14.00,-21.11%,0.1,0.15,0.2,2720,282,9.65,127.70%,135.05%,0.1548,2026-07-24
TSLA,313.03,2026-08-21,27,Call,315.00,-0.63%,16.1,16.26,16.3,5074,526,9.65,48.76%,49.29%,0.516052,2026-07-24
CRWD,183.28,2026-08-28,34,Call,185.00,-0.94%,13.3,13.67,15.85,1790,186,9.62,61.43%,67.63%,0.529769,2026-07-24
AMD,521.95,2026-07-31,6,Call,535.00,-2.50%,17,17.95,18.35,3188,335,9.52,82.67%,86.99%,0.43631,2026-07-24
GOOGL,319.74,2026-07-31,6,Call,357.50,-11.81%,0.06,0.16,0.2,2664,282,9.45,31.30%,41.97%,0.020826,2026-07-24
MSTR,91.67,2026-07-31,6,Put,89.00,-2.91%,2.9,2.89,3.1,4134,439,9.42,82.45%,91.42%,-0.376335,2026-07-24
MU,920.95,2026-07-27,2,Call,955.00,-3.70%,9.05,9.5,10.45,1343,143,9.39,96.49%,82.31%,0.286963,2026-07-24
CBRE,139.46,2026-09-18,55,Call,145.00,-3.97%,6.6,7,7.7,1360,145,9.38,44.91%,42.51%,0.452358,2026-07-24
TMUS,180.09,2026-07-31,6,Call,180.00,+0.05%,3.1,3.5,3.8,1605,172,9.33,33.04%,36.77%,0.515374,2026-07-24
MBLY,8.05,2026-07-31,6,Call,9.00,-11.80%,0.05,0.1,0.11,6312,679,9.3,69.89%,87.07%,0.174082,2026-07-24
PFE,24.54,2026-08-21,27,Call,24.50,+0.16%,0.69,0.75,0.73,1189,128,9.29,24.11%,26.95%,0.512123,2026-07-24
TSLA,313.03,2026-07-31,6,Call,320.00,-2.23%,5.95,6.05,6.1,14930,1609,9.28,48.76%,55.70%,0.395746,2026-07-24
CBRS,199.12,2026-07-31,6,Put,180.00,-9.60%,4.7,5,5.6,1483,160,9.27,126.02%,128.95%,-0.243049,2026-07-24
BFLY,6.58,2026-10-16,83,Put,3.50,-46.81%,0.15,0.3,0.45,1000,109,9.17,125.57%,143.90%,-0.101342,2026-07-24
CRWD,183.28,2026-08-07,13,Call,203.75,-11.17%,2.04,2.04,2.36,1823,199,9.16,61.43%,61.04%,0.197555,2026-07-24
RKLB,63.91,2026-07-31,6,Call,69.00,-7.96%,1.29,1.33,1.36,2330,256,9.1,102.61%,95.55%,0.287924,2026-07-24
COIN,158.29,2026-07-31,6,Call,172.50,-8.98%,3.4,3.55,3.7,6772,744,9.1,80.17%,105.11%,0.285625,2026-07-24
NVDA,206.84,2026-07-27,2,Call,190.00,+8.14%,16.95,16.92,17.25,1163,128,9.09,41.00%,70.76%,0.950593,2026-07-24
SCCO,179.29,2026-07-31,6,Put,175.00,-2.39%,2.9,2.54,3.8,942,104,9.06,57.17%,57.77%,-0.356788,2026-07-24
DELL,437.5,2026-07-31,6,Put,355.00,-18.86%,0.71,1,1.11,1509,167,9.04,84.30%,96.57%,-0.039766,2026-07-24
BE,184.89,2026-08-07,13,Put,165.00,-10.76%,18.2,18.5,19.5,4177,462,9.04,170.03%,212.38%,-0.313093,2026-07-24
UBER,65.94,2026-07-31,6,Put,63.00,-4.46%,0.35,0.4,0.52,951,106,8.97,50.19%,44.51%,-0.201223,2026-07-24
CLF,11.93,2026-08-14,20,Call,12.50,-4.78%,0.49,0.52,0.61,1678,187,8.97,68.94%,70.18%,0.421628,2026-07-24
GOOGL,319.74,2026-07-31,6,Call,330.00,-3.21%,1.9,2.04,2.15,12136,1355,8.96,31.30%,34.33%,0.247278,2026-07-24
TSLA,313.03,2026-07-31,6,Call,317.50,-1.43%,6.95,6.98,7.05,2815,314,8.96,48.76%,55.71%,0.438618,2026-07-24
DDOG,246.86,2026-07-31,6,Call,245.00,+0.75%,10.15,9.85,11.35,1010,113,8.94,83.70%,77.28%,0.552471,2026-07-24
AMD,521.95,2026-07-27,2,Call,527.50,-1.06%,7.75,7.65,8.35,1153,129,8.94,82.67%,68.10%,0.428298,2026-07-24
MU,920.95,2026-07-27,2,Put,790.00,-14.22%,1.2,1.5,1.71,1035,116,8.92,96.49%,122.80%,-0.041394,2026-07-24
MU,920.95,2026-07-29,4,Call,940.00,-2.07%,32.25,32,34.65,903,102,8.85,96.49%,108.52%,0.452228,2026-07-24
AEO,17,2026-07-31,6,Put,16.50,-2.94%,0.25,0.3,0.3,3793,433,8.76,54.49%,56.67%,-0.326685,2026-07-24
NVDA,206.84,2026-07-27,2,Put,205.00,-0.89%,1.31,1.34,1.36,58953,6752,8.73,41.00%,35.23%,-0.358891,2026-07-24
AMZN,232.11,2026-07-27,2,Call,175.00,+24.60%,55.35,56.5,58.7,906,104,8.71,42.60%,123.68%,0.999131,2026-07-24
AAPL,333.02,2026-07-29,4,Put,325.00,-2.41%,1.16,1.25,1.31,7238,833,8.69,29.61%,29.64%,-0.208511,2026-07-24
GRAB,3.31,2026-08-21,27,Put,3.50,+5.74%,0.32,0.32,0.34,6126,707,8.66,60.34%,61.72%,-0.59421,2026-07-24
INTC,92.32,2026-07-27,2,Put,89.00,-3.60%,1,1.04,1.12,1291,149,8.66,85.49%,88.26%,-0.275711,2026-07-24
MSFT,381.7,2026-07-27,2,Call,385.00,-0.86%,1.71,1.8,1.85,9881,1143,8.64,43.05%,27.73%,0.343817,2026-07-24
TSLA,313.03,2026-08-07,13,Put,305.00,-2.57%,8.45,8.59,8.55,3644,423,8.61,48.76%,52.65%,-0.373685,2026-07-24
CRWD,183.28,2026-07-31,6,Put,177.50,-3.15%,3.5,3.98,3.8,2338,272,8.6,61.43%,66.66%,-0.335878,2026-07-24
MU,920.95,2026-07-27,2,Call,960.00,-4.24%,8,8.55,9.05,2545,297,8.57,96.49%,82.49%,0.25898,2026-07-24
ARM,260.01,2026-07-31,6,Call,375.00,-44.23%,0.44,0.75,0.9,1298,152,8.54,103.59%,150.38%,0.035947,2026-07-24
NOW,98.78,2026-08-07,13,Call,100.00,-1.24%,3.95,4.05,4.3,6424,752,8.54,58.12%,62.22%,0.486107,2026-07-24
DVN,45.04,2027-01-15,174,Call,57.50,-27.66%,1.08,1.42,1.6,2603,308,8.45,42.16%,38.61%,0.21944,2026-07-24
INTC,92.32,2026-07-27,2,Call,92.00,+0.35%,2.48,2.48,2.61,892,106,8.42,85.49%,87.24%,0.535319,2026-07-24
TSLA,313.03,2026-07-27,2,Call,322.50,-3.03%,1.44,1.43,1.48,20210,2408,8.39,48.76%,50.68%,0.220495,2026-07-24
SMCI,30.1,2026-08-28,34,Call,33.00,-9.63%,2.39,2.7,2.89,3571,426,8.38,101.88%,101.52%,0.447953,2026-07-24
COIN,158.29,2026-07-31,6,Call,160.00,-1.08%,7.6,7.95,8.3,3687,443,8.32,80.17%,107.41%,0.498066,2026-07-24
NVDA,206.84,2026-07-27,2,Call,212.50,-2.74%,0.33,0.35,0.35,59558,7181,8.29,41.00%,32.62%,0.135913,2026-07-24
NVDA,206.84,2026-07-27,2,Put,215.00,+3.95%,8.05,8.22,8.25,5452,661,8.25,41.00%,30.31%,-0.958664,2026-07-24
HIMS,28.09,2026-07-31,6,Call,33.50,-19.26%,0.16,0.23,0.25,3075,373,8.24,108.59%,107.76%,0.114769,2026-07-24
DHR,191.5,2026-10-16,83,Put,170.00,-11.23%,3.1,3.3,3.6,1251,152,8.23,33.36%,32.70%,-0.189591,2026-07-24
INTC,92.32,2026-07-27,2,Call,100.00,-8.32%,0.31,0.31,0.33,15990,1948,8.21,85.49%,86.95%,0.113734,2026-07-24
META,595.19,2026-07-27,2,Call,607.50,-2.07%,1.94,1.99,2.05,1493,182,8.2,50.71%,35.51%,0.223928,2026-07-24
NVDA,206.84,2026-08-07,13,Put,212.50,+2.74%,9.2,10.2,9.7,1139,139,8.19,41.00%,40.27%,-0.620774,2026-07-24
INTC,92.32,2026-07-27,2,Call,99.00,-7.24%,0.38,0.4,0.45,4499,549,8.19,85.49%,85.56%,0.142569,2026-07-24
BE,184.89,2026-07-31,6,Put,185.00,+0.06%,23.8,24.75,25.45,6054,739,8.19,170.03%,261.54%,-0.433563,2026-07-24
ORCL,114.99,2026-08-28,34,Put,95.00,-17.38%,2.01,2.29,2.34,3351,410,8.17,69.19%,69.43%,-0.154841,2026-07-24
BABA,112.14,2026-08-07,13,Put,107.00,-4.58%,1.41,1.53,1.93,896,110,8.15,47.68%,44.70%,-0.274465,2026-07-24
AMZN,232.11,2026-07-29,4,Put,230.00,-0.91%,2.31,2.44,2.44,2200,270,8.15,42.60%,34.81%,-0.390487,2026-07-24
NVDA,206.84,2026-07-27,2,Call,205.00,+0.89%,3.25,3.3,3.35,13717,1684,8.15,41.00%,36.82%,0.636016,2026-07-24
ZM,87.99,2026-11-20,118,Call,100.00,-13.65%,5.45,5.65,6.05,8720,1071,8.14,52.47%,48.59%,0.38976,2026-07-24
AMZN,232.11,2026-07-27,2,Call,230.00,+0.91%,3.05,3.05,3.2,2865,352,8.14,42.60%,27.13%,0.682518,2026-07-24
AAPL,333.02,2026-07-29,4,Put,320.00,-3.91%,0.52,0.59,0.62,9350,1150,8.13,29.61%,31.35%,-0.107123,2026-07-24
AMAT,536.25,2026-07-31,6,Call,570.00,-6.29%,12.3,13.55,14,884,109,8.11,92.02%,94.12%,0.329534,2026-07-24
AMD,521.95,2026-09-18,55,Call,"1,110.00",-112.66%,0.65,0.68,1.18,1560,193,8.08,82.67%,84.10%,0.016565,2026-07-24
RXT,3.94,2026-07-31,6,Call,4.00,-1.52%,0.25,0.29,0.3,836,104,8.04,164.59%,149.47%,0.507997,2026-07-24
NVDA,206.84,2026-07-27,2,Call,210.00,-1.53%,0.83,0.85,0.84,80635,10031,8.04,41.00%,32.91%,0.273163,2026-07-24
AMD,521.95,2026-07-31,6,Call,525.00,-0.58%,21.35,22,23,1992,248,8.03,82.67%,87.91%,0.503968,2026-07-24
MU,920.95,2026-08-07,13,Put,800.00,-13.13%,28.55,28.9,30.6,17505,2185,8.01,96.49%,116.80%,-0.225393,2026-07-24
VG,14.31,2026-07-31,6,Put,14.00,-2.17%,0.35,0.4,0.4,4604,577,7.98,81.22%,71.58%,-0.386158,2026-07-24
NVDA,206.84,2026-07-27,2,Call,215.00,-3.95%,0.12,0.13,0.14,63494,7977,7.96,41.00%,33.20%,0.059935,2026-07-24
TSLA,313.03,2026-07-29,4,Put,280.00,-10.55%,0.53,0.54,0.56,906,114,7.95,48.76%,68.59%,-0.055475,2026-07-24
AMD,521.95,2026-07-27,2,Call,520.00,+0.37%,11.3,11.9,12.25,1088,137,7.94,82.67%,69.68%,0.540712,2026-07-24
VG,14.31,2026-07-31,6,Put,14.50,+1.33%,0.6,0.62,0.7,1217,154,7.9,81.22%,75.17%,-0.533675,2026-07-24
KKR,99.36,2028-01-21,545,Put,85.00,-14.45%,10.2,11.35,13,1000,127,7.87,42.26%,44.47%,-0.264681,2026-07-24
AI,8.15,2028-01-21,545,Put,7.50,-7.98%,2.28,2.28,2.44,2000,254,7.87,70.58%,79.16%,-0.272739,2026-07-24
FRMI,7.4,2026-08-07,13,Call,10.00,-35.14%,0.3,0.43,0.45,802,102,7.86,159.03%,196.78%,0.267057,2026-07-24
HOOD,94.91,2026-07-31,6,Call,99.00,-4.31%,3.65,3.77,3.8,2281,291,7.84,79.42%,111.20%,0.412741,2026-07-24
MU,920.95,2026-07-27,2,Call,970.00,-5.33%,5.85,5.45,6.5,2520,322,7.83,96.49%,81.42%,0.20391,2026-07-24
NOW,98.78,2026-07-31,6,Call,106.00,-7.31%,0.93,0.94,0.99,2224,285,7.8,58.12%,65.13%,0.213023,2026-07-24
LRCX,305.21,2026-07-31,6,Call,322.50,-5.66%,10.75,14.65,13,1119,144,7.77,92.32%,120.00%,0.390571,2026-07-24
SPCX,115.07,2026-07-31,6,Put,98.00,-14.83%,0.8,0.89,0.9,1712,222,7.71,112.41%,106.65%,-0.106242,2026-07-24
COST,935.03,2026-08-28,34,Put,770.00,-17.65%,0.28,0.49,0.55,1006,131,7.68,21.64%,29.79%,-0.01352,2026-07-24
VSXY,83.55,2026-08-21,27,Put,75.00,-10.23%,1.4,2.7,4.2,2001,261,7.67,72.70%,72.52%,-0.255336,2026-07-24
XOM,156.94,2026-10-16,83,Call,170.00,-8.32%,4.5,4.47,4.75,16377,2134,7.67,33.44%,31.23%,0.326122,2026-07-24
HIMS,28.09,2026-07-31,6,Call,29.50,-5.02%,0.86,0.89,0.92,2060,269,7.66,108.59%,100.84%,0.378427,2026-07-24
AMZN,232.11,2026-07-27,2,Call,237.50,-2.32%,0.32,0.34,0.34,5226,683,7.65,42.60%,27.86%,0.137145,2026-07-24
CVX,194.79,2026-10-16,83,Call,210.00,-7.81%,4.65,4.85,4.95,12620,1651,7.64,31.22%,27.97%,0.308142,2026-07-24
NVDA,206.84,2026-07-31,6,Call,212.50,-2.74%,2.31,2.4,2.37,48407,6346,7.63,41.00%,42.83%,0.32461,2026-07-24
DVN,45.04,2026-08-21,27,Call,46.00,-2.13%,1.55,1.68,1.77,1012,134,7.55,42.16%,42.49%,0.451517,2026-07-24
QCOM,166.97,2026-07-31,6,Call,182.50,-9.30%,2.62,2.86,3.1,1971,261,7.55,67.30%,94.55%,0.250961,2026-07-24
WBD,25.77,2026-07-31,6,Put,25.50,-1.05%,0.2,0.26,0.32,2240,297,7.54,37.65%,29.40%,-0.377685,2026-07-24
NVO,48.77,2026-08-07,13,Put,45.00,-7.73%,0.55,0.63,0.72,2520,334,7.54,48.30%,55.53%,-0.208735,2026-07-24
AMD,521.95,2026-07-27,2,Put,520.00,-0.37%,8.95,9.58,9.8,1461,194,7.53,82.67%,67.38%,-0.458864,2026-07-24
BIDU,105.34,2026-07-31,6,Call,113.00,-7.27%,0.44,0.68,0.88,1144,153,7.48,53.54%,55.10%,0.171057,2026-07-24
MSFT,381.7,2026-07-27,2,Call,382.50,-0.21%,2.8,2.9,2.9,3213,430,7.47,43.05%,28.44%,0.467309,2026-07-24
ENTG,129.15,2026-08-21,27,Call,150.00,-16.14%,6.4,7.4,7.4,811,109,7.44,96.43%,99.43%,0.341124,2026-07-24
XOM,156.94,2026-08-07,13,Call,162.50,-3.54%,2.04,2.01,2.29,1529,206,7.42,33.44%,36.43%,0.320055,2026-07-24
INTC,92.32,2026-07-27,2,Put,95.00,+2.90%,3.75,3.85,4.1,4629,627,7.38,85.49%,85.20%,-0.66287,2026-07-24
NBIS,187.77,2026-08-14,20,Call,240.00,-27.82%,11.35,13.9,15.05,2854,389,7.34,164.24%,166.16%,0.333058,2026-07-24
EA,209.06,2026-07-31,6,Call,207.50,+0.75%,0,1.7,2.05,2549,348,7.32,4.65%,4.06%,0.93895,2026-07-24
INTC,92.32,2026-07-27,2,Put,94.00,+1.82%,3.1,3.3,3.4,3756,513,7.32,85.49%,84.45%,-0.600714,2026-07-24
RKLB,63.91,2026-07-31,6,Put,63.00,-1.42%,2.41,2.65,2.75,1365,187,7.3,102.61%,93.39%,-0.427096,2026-07-24
GDDY,93.16,2026-08-21,27,Put,82.50,-11.44%,2.1,2.48,2.8,1500,206,7.28,60.40%,68.31%,-0.223715,2026-07-24
DINO,88.3,2026-08-21,27,Call,92.50,-4.76%,3,3.2,3.7,1052,145,7.26,52.08%,52.59%,0.402075,2026-07-24
IREN,37.07,2026-07-31,6,Call,38.50,-3.86%,1.85,1.95,2.13,1160,160,7.25,127.00%,136.52%,0.450122,2026-07-24
AAPL,333.02,2026-07-29,4,Call,342.50,-2.85%,0.82,0.91,0.91,2000,276,7.25,29.61%,27.45%,0.171067,2026-07-24
TSLA,313.03,2026-08-28,34,Put,255.00,-18.54%,2.37,2.65,2.46,2367,328,7.22,48.76%,54.86%,-0.092215,2026-07-24
HIMS,28.09,2026-08-07,13,Put,27.00,-3.88%,1.4,1.45,1.52,1139,158,7.21,108.59%,95.19%,-0.375952,2026-07-24
GOOGL,319.74,2026-07-27,2,Call,327.50,-2.43%,0.3,0.45,0.55,2155,300,7.18,31.30%,28.14%,0.128791,2026-07-24
CVX,194.79,2026-07-31,6,Put,187.50,-3.74%,1.09,1.3,1.44,1873,262,7.15,31.22%,39.55%,-0.218233,2026-07-24
FCEL,21.26,2026-07-31,6,Call,22.50,-5.83%,1.2,1.3,1.95,1178,165,7.14,147.12%,191.13%,0.457628,2026-07-24
ORCL,114.99,2026-07-31,6,Put,113.00,-1.73%,3.25,3.36,3.5,1372,193,7.11,69.19%,73.99%,-0.407299,2026-07-24
SLS,11.32,2026-07-31,6,Put,11.50,+1.59%,0.75,0.99,1.25,1632,230,7.1,258.29%,156.30%,-0.490503,2026-07-24
NBIS,187.77,2026-08-07,13,Put,135.00,-28.10%,5.2,6.3,7.8,7486,1054,7.1,164.24%,203.48%,-0.145872,2026-07-24
NVDA,206.84,2026-07-29,4,Call,212.50,-2.74%,1.43,1.49,1.47,11677,1653,7.06,41.00%,40.78%,0.273204,2026-07-24
AAPL,333.02,2026-07-29,4,Call,327.50,+1.66%,6.5,7.4,7.65,6005,853,7.04,29.61%,25.89%,0.74011,2026-07-24
NOW,98.78,2026-08-07,13,Call,105.00,-6.30%,2.2,2.4,2.4,4756,677,7.03,58.12%,61.80%,0.324805,2026-07-24
NVDA,206.84,2026-07-29,4,Call,207.50,-0.32%,3.35,3.4,3.45,9460,1346,7.03,41.00%,42.63%,0.483478,2026-07-24
CRM,163.66,2026-08-07,13,Call,180.00,-9.98%,1.08,1.22,1.21,1364,194,7.03,46.31%,47.30%,0.155885,2026-07-24
ONON,35.82,2026-10-16,83,Put,32.50,-9.27%,1.83,1.95,2.15,5004,713,7.02,59.06%,54.02%,-0.296921,2026-07-24
CRWV,71.88,2028-01-21,545,Put,50.00,-30.44%,14.35,14.35,14.9,2256,322,7.01,108.37%,91.40%,-0.179107,2026-07-24
NVDA,206.84,2026-07-27,2,Put,197.50,-4.52%,0.23,0.25,0.25,12454,1779,7,41.00%,44.50%,-0.077189,2026-07-24
FRMI,7.4,2026-07-31,6,Call,14.00,-89.19%,0,0.1,0.15,790,113,6.99,159.03%,297.22%,0.069303,2026-07-24
MRVL,194.23,2026-07-31,6,Call,235.00,-20.99%,0.87,0.88,0.94,3805,545,6.98,93.54%,101.87%,0.082373,2026-07-24
MHK,113.27,2026-08-21,27,Call,115.00,-1.53%,4.9,5.6,6.2,1011,145,6.97,51.00%,50.48%,0.490977,2026-07-24
AMD,521.95,2026-07-27,2,Put,510.00,-2.29%,5.55,6.63,6.35,1504,216,6.96,82.67%,71.77%,-0.320654,2026-07-24
GOOGL,319.74,2026-07-29,4,Call,325.00,-1.65%,2.26,2.3,2.64,2110,304,6.94,31.30%,33.94%,0.33313,2026-07-24
NVDA,206.84,2026-07-31,6,Put,220.00,+6.36%,13.5,14.25,13.65,6317,910,6.94,41.00%,37.58%,-0.896455,2026-07-24
MU,920.95,2026-07-27,2,Call,"1,000.00",-8.58%,2.36,2.48,2.7,8073,1165,6.93,96.49%,83.44%,0.096921,2026-07-24
AMZN,232.11,2026-07-29,4,Call,237.50,-2.32%,1.3,1.45,1.48,1780,257,6.93,42.60%,34.70%,0.273306,2026-07-24
BRK.B,494.93,2026-08-07,13,Put,470.00,-5.04%,0.83,1.12,1.29,1781,257,6.93,17.05%,22.59%,-0.103567,2026-07-24
SPCX,115.07,2026-07-31,6,Call,145.00,-26.01%,0.95,1,1.05,25313,3662,6.91,112.41%,136.91%,0.110108,2026-07-24
CPIX,6.61,2026-08-21,27,Put,10.00,+51.29%,3.3,3.71,4.2,1316,191,6.89,160.05%,170.59%,-0.745363,2026-07-24
GOOGL,319.74,2026-07-27,2,Call,320.00,-0.08%,2.29,2.49,2.6,6852,1000,6.85,31.30%,26.94%,0.491386,2026-07-24
TSLA,313.03,2026-07-29,4,Put,310.00,-0.97%,5.75,5.76,5.9,4906,718,6.83,48.76%,56.04%,-0.420428,2026-07-24
AAPL,333.02,2026-07-29,4,Call,335.00,-0.59%,2.73,2.93,3.1,5227,765,6.83,29.61%,27.05%,0.427599,2026-07-24
BSX,44.25,2026-07-31,6,Put,43.00,-2.82%,1.35,1.5,1.5,8307,1222,6.8,54.21%,89.59%,-0.377776,2026-07-24
FRMI,7.4,2026-07-31,6,Call,11.00,-48.65%,0.2,0.2,0.25,12731,1872,6.8,159.03%,282.51%,0.180946,2026-07-24
FCX,62.6,2026-07-31,6,Put,62.00,-0.96%,1.52,1.63,1.64,796,117,6.8,52.81%,58.89%,-0.432392,2026-07-24
NVDA,206.84,2026-07-29,4,Put,220.00,+6.36%,13.15,14.8,13.5,1183,174,6.8,41.00%,37.61%,-0.941122,2026-07-24
AMD,521.95,2026-07-27,2,Put,525.00,+0.58%,11.4,11.85,12.65,1317,194,6.79,82.67%,67.81%,-0.535004,2026-07-24
MU,920.95,2026-07-27,2,Call,945.00,-2.61%,12.25,12.83,13.65,1051,155,6.78,96.49%,83.27%,0.350375,2026-07-24
NBIS,187.77,2026-07-31,6,Call,205.00,-9.18%,8.55,9.3,9.85,1601,236,6.78,164.24%,163.22%,0.377483,2026-07-24
NVDA,206.84,2026-07-27,2,Call,202.50,+2.10%,5.15,5.25,5.25,2969,439,6.76,41.00%,39.81%,0.770394,2026-07-24
AMZN,232.11,2026-07-27,2,Call,180.00,+22.45%,51.05,51.57,53.7,1404,208,6.75,42.60%,172.90%,0.979913,2026-07-24
AMZN,232.11,2026-07-29,4,Call,242.50,-4.48%,0.45,0.55,0.61,2677,397,6.74,42.60%,35.53%,0.125482,2026-07-24
FCEL,21.26,2026-09-18,55,Call,30.00,-41.11%,2.4,2.55,2.65,2009,299,6.72,147.12%,151.10%,0.388036,2026-07-24
TSLA,313.03,2026-07-29,4,Put,312.50,-0.17%,6.9,6.9,7.05,1709,256,6.68,48.76%,55.83%,-0.474586,2026-07-24
META,595.19,2028-12-15,874,Call,"1,450.00",-143.62%,42.2,43.75,43,1688,253,6.67,50.71%,47.12%,0.23071,2026-07-24
EA,209.06,2026-07-31,6,Call,205.00,+1.94%,4.1,4.35,4.8,2529,379,6.67,4.65%,14.63%,0.860713,2026-07-24
NVDA,206.84,2026-07-29,4,Call,192.50,+6.93%,14.65,13.93,15.15,726,109,6.66,41.00%,52.77%,0.908953,2026-07-24
AAPL,333.02,2026-07-29,4,Put,335.00,+0.59%,4.55,4.8,5.25,716,108,6.63,29.61%,27.90%,-0.5711,2026-07-24
CMCSA,22.3,2027-06-17,327,Call,35.00,-56.95%,0.29,0.43,0.57,2000,303,6.6,32.45%,37.75%,0.124932,2026-07-24
META,595.19,2026-07-27,2,Call,622.50,-4.59%,0.34,0.38,0.41,716,109,6.57,50.71%,37.32%,0.054378,2026-07-24
CORZ,22.75,2026-07-31,6,Put,23.00,+1.10%,1.27,1.39,1.46,1255,191,6.57,102.82%,106.30%,-0.503424,2026-07-24
ALAB,291.58,2026-07-31,6,Call,325.00,-11.46%,7.05,8,8.95,1744,266,6.56,126.30%,130.10%,0.286491,2026-07-24
META,595.19,2026-08-05,11,Put,600.00,+0.81%,28.9,27.1,30.05,700,107,6.54,50.71%,65.98%,-0.50246,2026-07-24
SPCX,115.07,2026-07-31,6,Call,114.00,+0.93%,6.4,6.6,6.7,2248,345,6.52,112.41%,101.91%,0.556226,2026-07-24
DKNG,23.01,2026-07-31,6,Call,24.50,-6.48%,0.16,0.17,0.21,2710,416,6.51,64.80%,56.34%,0.204872,2026-07-24
ORCL,114.99,2026-07-31,6,Put,117.00,+1.75%,5.3,5.41,5.55,1209,186,6.5,69.19%,73.63%,-0.553102,2026-07-24
AAPL,333.02,2026-07-29,4,Call,350.00,-5.10%,0.24,0.25,0.27,2645,407,6.5,29.61%,29.73%,0.058104,2026-07-24
BE,184.89,2026-07-31,6,Call,190.00,-2.76%,21.75,22.33,23.15,2591,399,6.49,170.03%,260.69%,0.53479,2026-07-24
ORCL,114.99,2026-08-21,27,Put,114.00,-0.86%,7.6,7.65,7.9,1231,190,6.48,69.19%,67.04%,-0.442023,2026-07-24
ADI,371.86,2026-07-31,6,Call,380.00,-2.19%,6,6.5,8.1,848,131,6.47,58.40%,54.99%,0.394956,2026-07-24
AVGO,381.92,2026-07-27,2,Call,382.50,-0.15%,3.75,4.15,5.15,878,136,6.46,51.44%,41.69%,0.488609,2026-07-24
ORCL,114.99,2026-07-31,6,Put,106.00,-7.82%,1.15,1.18,1.2,3054,473,6.46,69.19%,75.20%,-0.185202,2026-07-24
NBIS,187.77,2026-08-07,13,Call,290.00,-54.44%,2,2.93,5,968,150,6.45,164.24%,176.56%,0.128376,2026-07-24
TSLA,313.03,2027-03-19,237,Call,280.00,+10.55%,69.65,70,70.25,810,126,6.43,48.76%,50.50%,0.705816,2026-07-24
MU,920.95,2026-07-27,2,Put,940.00,+2.07%,32,32.98,34.8,1560,243,6.42,96.49%,82.69%,-0.618505,2026-07-24
AMZN,232.11,2026-07-29,4,Call,232.50,-0.17%,3.1,3.2,3.25,1550,242,6.4,42.60%,34.25%,0.492895,2026-07-24
WULF,18.46,2026-09-18,55,Call,37.00,-100.43%,0.01,0.21,0.27,675,106,6.37,109.94%,102.15%,0.052163,2026-07-24
SPCX,115.07,2026-07-31,6,Call,113.00,+1.80%,6.9,7.05,7.2,2069,325,6.37,112.41%,101.60%,0.582809,2026-07-24
ORCL,114.99,2026-07-31,6,Put,118.00,+2.62%,5.9,6.1,6.15,1571,247,6.36,69.19%,73.50%,-0.588741,2026-07-24
TSLA,313.03,2026-07-27,2,Call,325.00,-3.82%,1.04,1.06,1.08,13948,2206,6.32,48.76%,51.61%,0.169,2026-07-24
BAC,62.05,2026-07-31,6,Put,62.00,-0.08%,0.7,0.71,0.76,4445,706,6.3,22.44%,24.05%,-0.480161,2026-07-24
PATH,10.84,2026-07-31,6,Call,11.50,-6.09%,0.16,0.17,0.18,3153,503,6.27,72.68%,73.21%,0.282144,2026-07-24
AMZN,232.11,2026-07-29,4,Put,225.00,-3.06%,0.75,1.05,1.05,1558,249,6.26,42.60%,34.91%,-0.189618,2026-07-24
INTC,92.32,2026-07-27,2,Put,90.00,-2.51%,1.3,1.38,1.42,6719,1073,6.26,85.49%,87.12%,-0.333863,2026-07-24
CRWV,71.88,2026-07-31,6,Put,63.00,-12.35%,0.99,0.98,1.09,1394,223,6.25,108.37%,116.81%,-0.168779,2026-07-24
INTC,92.32,2026-07-31,6,Put,89.00,-3.60%,3,3.21,3.3,1117,179,6.24,85.49%,100.13%,-0.362063,2026-07-24
TSLA,313.03,2026-08-03,9,Put,290.00,-7.36%,2.3,2.28,2.38,951,153,6.22,48.76%,52.60%,-0.16444,2026-07-24
GOOGL,319.74,2026-07-27,2,Put,322.50,+0.86%,4,3.99,4.6,807,130,6.21,31.30%,28.84%,-0.650289,2026-07-24
TSLA,313.03,2026-07-29,4,Call,342.50,-9.41%,0.73,0.74,0.76,1780,289,6.16,48.76%,60.67%,0.083988,2026-07-24
AMZN,232.11,2026-07-27,2,Put,227.50,-1.99%,0.44,0.45,0.46,2281,372,6.13,42.60%,28.83%,-0.168706,2026-07-24
MU,920.95,2026-07-27,2,Put,905.00,-1.73%,16,18,17.25,996,164,6.07,96.49%,88.37%,-0.381181,2026-07-24
MSFT,381.7,2026-07-27,2,Put,377.50,-1.10%,1.61,1.75,1.79,1635,270,6.06,43.05%,30.44%,-0.305719,2026-07-24
MSTR,91.67,2026-07-31,6,Call,98.50,-7.45%,1.75,1.94,2.01,778,129,6.03,82.45%,92.11%,0.293063,2026-07-24
VG,14.31,2026-07-31,6,Call,15.50,-8.32%,0.15,0.2,0.25,1490,247,6.03,81.22%,81.40%,0.23934,2026-07-24
CVNA,60.46,2026-11-20,118,Call,68.00,-12.47%,7.2,7.32,7.85,692,115,6.02,80.73%,73.40%,0.482788,2026-07-24
SWKS,60.21,2027-01-15,174,Call,80.00,-32.87%,4,4.4,4.8,692,115,6.02,74.66%,62.53%,0.320607,2026-07-24
TSLA,313.03,2026-07-31,6,Put,312.50,-0.17%,8.5,8.55,8.6,2091,348,6.01,48.76%,55.62%,-0.473634,2026-07-24
T,24.13,2026-07-31,6,Put,24.00,-0.54%,0.18,0.33,0.32,630,105,6,27.05%,25.13%,-0.428526,2026-07-24
GLW,146.65,2027-03-19,237,Put,125.00,-14.76%,22,23,23.9,802,134,5.99,89.02%,79.22%,-0.275373,2026-07-24
INTC,92.32,2026-07-27,2,Put,98.00,+6.15%,6,6.25,6.55,2978,497,5.99,85.49%,88.16%,-0.810904,2026-07-24
CRWV,71.88,2026-07-31,6,Call,75.00,-4.34%,2.71,2.75,2.84,2780,465,5.98,108.37%,110.14%,0.410556,2026-07-24
NVDA,206.84,2026-07-27,2,Put,217.50,+5.15%,10.45,10.89,11.6,2450,411,5.96,41.00%,52.85%,-0.897283,2026-07-24
BUD,81.66,2026-08-21,27,Put,75.00,-8.16%,0.6,0.75,0.8,907,154,5.89,31.38%,34.07%,-0.166587,2026-07-24
CMCSA,22.3,2027-06-17,327,Put,15.00,-32.74%,0.4,0.54,0.66,1000,170,5.88,32.45%,39.72%,-0.109359,2026-07-24
MSTR,91.67,2026-07-31,6,Put,83.00,-9.46%,1.15,1.19,1.41,5617,956,5.88,82.45%,96.55%,-0.192437,2026-07-24
MSFT,381.7,2026-07-31,6,Call,495.00,-29.68%,0.1,0.27,0.4,934,159,5.87,43.05%,91.96%,0.016117,2026-07-24
QS,4.89,2026-08-28,34,Call,6.00,-22.70%,0.17,0.25,0.3,2401,409,5.87,89.48%,97.21%,0.297007,2026-07-24
NET,262.15,2027-01-15,174,Put,155.00,-40.87%,5.55,6.84,7.5,721,123,5.86,73.78%,71.04%,-0.088531,2026-07-24
VFC,17.03,2026-07-31,6,Call,18.50,-8.63%,0.37,0.43,0.49,1343,229,5.86,63.29%,109.78%,0.302778,2026-07-24
LLY,1196.03,2026-08-21,27,Call,"1,500.00",-25.41%,2,2.3,2.55,1465,252,5.81,44.45%,45.44%,0.039841,2026-07-24
HIMS,28.09,2026-07-31,6,Put,31.50,+12.14%,3.55,3.75,4.05,800,138,5.8,108.59%,101.51%,-0.792099,2026-07-24
BE,184.89,2026-08-07,13,Put,180.00,-2.64%,24.7,26.87,26.95,1646,284,5.8,170.03%,207.48%,-0.394783,2026-07-24
FCEL,21.26,2026-07-31,6,Call,24.50,-15.24%,0.55,0.5,1.2,644,112,5.75,147.12%,180.76%,0.310762,2026-07-24
CAVA,62.01,2026-08-21,27,Call,70.00,-12.89%,2.21,2.35,2.55,991,173,5.73,73.72%,75.87%,0.318717,2026-07-24
SNOW,268.06,2026-07-31,6,Put,252.50,-5.80%,3.5,3.6,3.75,720,126,5.71,64.36%,71.25%,-0.240045,2026-07-24
AVGO,381.92,2026-08-21,27,Put,365.00,-4.43%,12.8,13.3,13.7,660,116,5.69,51.44%,51.68%,-0.342353,2026-07-24
MU,920.95,2026-07-27,2,Put,930.00,+0.98%,26.65,29.48,29.4,2799,494,5.67,96.49%,85.32%,-0.548096,2026-07-24
MSTR,91.67,2026-08-07,13,Put,82.00,-10.55%,1.92,2.13,2.28,571,101,5.65,82.45%,87.45%,-0.222144,2026-07-24
CRWV,71.88,2026-07-31,6,Call,76.00,-5.73%,2.33,2.39,2.49,582,103,5.65,108.37%,109.40%,0.373332,2026-07-24
SNDK,1436.56,2026-08-07,13,Call,"2,800.00",-94.91%,0.15,1.43,2,644,114,5.65,136.49%,141.32%,0.009051,2026-07-24
AMZN,232.11,2026-07-27,2,Put,240.00,+3.40%,7.8,8.04,8.2,2949,522,5.65,42.60%,29.42%,-0.938329,2026-07-24
ORCL,114.99,2026-07-31,6,Call,129.00,-12.18%,0.64,0.68,0.7,2548,452,5.64,69.19%,75.11%,0.126569,2026-07-24
AAPL,333.02,2027-02-19,209,Call,410.00,-23.12%,7.2,7.41,7.6,1141,203,5.62,29.61%,27.19%,0.209779,2026-07-24
HOOD,94.91,2026-07-31,6,Put,97.00,+2.20%,6.4,6.78,6.9,1704,304,5.61,79.42%,113.65%,-0.529296,2026-07-24
CLF,11.93,2026-07-31,6,Put,11.50,-3.60%,0.25,0.32,0.32,4652,829,5.61,68.94%,78.51%,-0.338112,2026-07-24
ASTS,56.2,2026-07-31,6,Put,56.00,-0.36%,2.77,2.8,2.86,1500,269,5.58,115.33%,102.16%,-0.461598,2026-07-24
AMZN,232.11,2026-07-31,6,Put,232.50,+0.17%,8.35,8.5,8.65,2524,452,5.58,42.60%,70.45%,-0.48729,2026-07-24
ENVX,3.95,2026-11-20,118,Call,5.00,-26.58%,0.7,0.7,0.71,10059,1809,5.56,120.69%,114.67%,0.49341,2026-07-24
SHOP,113.75,2026-07-31,6,Call,124.00,-9.01%,0.3,0.6,0.97,589,106,5.56,75.12%,60.77%,0.144393,2026-07-24
FRMI,7.4,2026-07-31,6,Call,13.00,-75.68%,0.1,0.15,0.15,1268,228,5.56,159.03%,303.77%,0.105555,2026-07-24
NOK,9.1,2028-12-15,874,Call,12.00,-31.87%,3,3.1,3.15,3904,705,5.54,69.89%,69.57%,0.615734,2026-07-24
BRK.B,494.93,2026-08-07,13,Call,500.00,-1.02%,4.8,5.1,5.6,1343,243,5.53,17.05%,19.23%,0.410168,2026-07-24
NVDA,206.84,2026-07-29,4,Call,210.00,-1.53%,2.25,2.27,2.3,22114,4000,5.53,41.00%,41.50%,0.374682,2026-07-24
JBLU,5.27,2026-08-21,27,Put,4.50,-14.61%,0.16,0.16,0.18,4983,905,5.51,75.68%,86.99%,-0.213041,2026-07-24
MSFT,381.7,2026-07-27,2,Call,390.00,-2.17%,0.57,0.6,0.61,10236,1859,5.51,43.05%,27.43%,0.14862,2026-07-24
MSTR,91.67,2026-09-18,55,Call,880.00,-859.97%,0.01,0.1,0.35,1036,188,5.51,82.45%,209.63%,0.009024,2026-07-24
GOOGL,319.74,2026-07-29,4,Call,330.00,-3.21%,1.16,1.2,1.33,1489,270,5.51,31.30%,34.37%,0.197754,2026-07-24
NBIS,187.77,2026-07-31,6,Put,182.50,-2.81%,13.3,14.95,14.95,610,111,5.5,164.24%,176.49%,-0.404721,2026-07-24
INTC,92.32,2026-07-27,2,Put,84.00,-9.01%,0.25,0.26,0.3,842,153,5.5,85.49%,96.80%,-0.087517,2026-07-24
MU,920.95,2026-07-31,6,Put,510.00,-44.62%,0.26,0.63,0.89,1045,190,5.5,96.49%,197.77%,-0.00696,2026-07-24
MO,72.99,2026-08-21,27,Put,71.00,-2.73%,1.35,1.42,1.55,3003,546,5.5,29.53%,29.11%,-0.35424,2026-07-24
ORCL,114.99,2026-07-31,6,Put,110.00,-4.34%,2.1,2.19,2.23,14580,2651,5.5,69.19%,73.19%,-0.300521,2026-07-24
LRCX,305.21,2026-08-21,27,Put,110.00,-63.96%,0,0.19,0.41,901,164,5.49,92.32%,156.35%,-0.004428,2026-07-24
QCOM,166.97,2026-07-31,6,Call,177.50,-6.31%,3.7,4,4.35,1855,338,5.49,67.30%,93.51%,0.326864,2026-07-24
SOUN,6.16,2026-08-14,20,Call,7.50,-21.75%,0.21,0.25,0.26,2238,408,5.49,96.82%,111.98%,0.270152,2026-07-24
CRCL,62.36,2026-08-14,20,Call,70.00,-12.25%,3.15,3.46,3.6,1074,196,5.48,97.99%,104.73%,0.366633,2026-07-24
XOM,156.94,2026-07-31,6,Call,175.00,-11.51%,0.08,0.14,0.16,2095,382,5.48,33.44%,45.68%,0.033811,2026-07-24
WDC,519.8,2026-08-14,20,Call,460.00,+11.50%,83,92.49,92,558,102,5.47,107.20%,113.34%,0.725921,2026-07-24
META,595.19,2028-01-21,545,Call,"1,090.00",-83.13%,33.35,36.6,37.65,1422,261,5.45,50.71%,45.28%,0.235438,2026-07-24
MLTX,19.02,2026-08-21,27,Call,19.00,+0.11%,2.85,2.8,3,2039,375,5.44,137.55%,141.14%,0.579909,2026-07-24
FIRY,8.15,2026-09-18,55,Call,5.00,+38.65%,3.1,3.31,4,548,101,5.43,123.44%,145.99%,0.876049,2026-07-24
TSM,403.41,2026-08-07,13,Call,380.00,+5.80%,31.05,30.38,32.6,1434,264,5.43,50.30%,59.10%,0.725903,2026-07-24
GLW,146.65,2026-07-31,6,Call,187.50,-27.86%,0.5,0.55,0.61,1700,314,5.41,89.02%,118.06%,0.061215,2026-07-24
RF,30.86,2026-08-21,27,Call,33.00,-6.93%,0.1,0.2,0.25,2783,514,5.41,26.09%,24.47%,0.165311,2026-07-24
FCEL,21.26,2026-07-31,6,Put,21.00,-1.22%,1.55,1.75,1.95,684,127,5.39,147.12%,174.59%,-0.432873,2026-07-24
WULF,18.46,2026-07-31,6,Call,19.50,-5.63%,0.6,0.63,0.69,2263,420,5.39,109.94%,113.92%,0.374423,2026-07-24
SMCI,30.1,2026-08-28,34,Call,35.00,-16.28%,1.85,2.49,2.38,2613,485,5.39,101.88%,103.39%,0.378536,2026-07-24
INTC,92.32,2026-07-31,6,Call,100.00,-8.32%,1.9,1.92,2,16106,2989,5.39,85.49%,98.50%,0.285787,2026-07-24
PLTR,122.92,2026-07-31,6,Call,120.00,+2.38%,5.2,5.28,5.3,3856,717,5.38,67.07%,57.27%,0.645173,2026-07-24
BE,184.89,2026-10-16,83,Call,280.00,-51.44%,22.6,23.6,25.4,2217,413,5.37,170.03%,138.83%,0.388493,2026-07-24
BMNR,15.79,2026-09-18,55,Put,15.00,-5.00%,1.51,1.6,1.6,1019,190,5.36,82.59%,82.55%,-0.369385,2026-07-24
NVDA,206.84,2026-07-31,6,Call,197.50,+4.52%,11.2,11.3,11.3,3448,643,5.36,41.00%,50.60%,0.774159,2026-07-24
MSFT,381.7,2026-07-31,6,Call,447.50,-17.24%,0.74,0.91,0.95,674,126,5.35,43.05%,75.44%,0.055757,2026-07-24
RKLB,63.91,2026-08-07,13,Put,56.00,-12.38%,1.4,1.45,1.9,712,133,5.35,102.61%,101.69%,-0.214623,2026-07-24
INTC,92.32,2026-07-27,2,Put,85.00,-7.93%,0.33,0.36,0.4,4191,784,5.35,85.49%,94.91%,-0.112509,2026-07-24
CIEN,390.96,2026-07-31,6,Put,350.00,-10.48%,4.6,5.91,6.7,650,122,5.33,89.68%,104.58%,-0.184995,2026-07-24
NEE,89.78,2026-07-31,6,Call,89.00,+0.87%,1.55,1.64,1.87,805,151,5.33,23.90%,27.90%,0.604609,2026-07-24
KKR,99.36,2027-06-17,327,Put,100.00,+0.64%,13.9,14.7,15.1,1002,188,5.33,42.26%,41.68%,-0.40948,2026-07-24
MU,920.95,2026-07-27,2,Call,990.00,-7.50%,3.1,3.5,3.5,1325,249,5.32,96.49%,81.77%,0.122799,2026-07-24
AVGO,381.92,2026-07-27,2,Call,387.50,-1.46%,1.99,2.25,2.63,579,109,5.31,51.44%,40.02%,0.319378,2026-07-24
UMAC,19.36,2026-09-18,55,Put,17.50,-9.61%,2.3,2.67,2.75,920,174,5.29,138.07%,120.97%,-0.322981,2026-07-24
TSLA,313.03,2027-02-19,209,Call,320.00,-2.23%,45.55,45.75,47.25,769,146,5.27,48.76%,49.27%,0.574806,2026-07-24
GOOGL,319.74,2026-07-31,6,Call,322.50,-0.86%,4.35,4.43,4.5,1062,202,5.26,31.30%,34.24%,0.435915,2026-07-24
SKHY,154.57,2026-07-31,6,Call,160.00,-3.51%,8.8,8.9,9.3,1444,275,5.25,121.36%,143.48%,0.463147,2026-07-24
SOUN,6.16,2026-08-21,27,Call,6.50,-5.52%,0.49,0.54,0.55,1048,200,5.24,96.82%,97.84%,0.476564,2026-07-24
NBIS,187.77,2026-08-07,13,Put,105.00,-44.08%,1.26,1.75,2.8,6902,1318,5.24,164.24%,218.40%,-0.052694,2026-07-24
NOK,9.1,2026-07-31,6,Call,9.50,-4.40%,0.17,0.18,0.19,12614,2412,5.23,69.89%,72.03%,0.33873,2026-07-24
WULF,18.46,2026-07-31,6,Put,16.50,-10.62%,0.27,0.34,0.39,764,146,5.23,109.94%,113.49%,-0.203679,2026-07-24
PFE,24.54,2026-07-31,6,Call,24.50,+0.16%,0.28,0.29,0.32,710,136,5.22,24.11%,22.76%,0.522213,2026-07-24
GOOG,319.09,2026-07-31,6,Call,327.50,-2.64%,2.32,2.57,2.62,840,161,5.22,30.87%,34.23%,0.288303,2026-07-24
NVDA,206.84,2026-07-29,4,Put,210.00,+1.53%,5.2,5.25,5.3,11952,2303,5.19,41.00%,40.04%,-0.631212,2026-07-24
AMD,521.95,2026-07-27,2,Call,537.50,-2.98%,4.1,4.1,4.7,648,125,5.18,82.67%,66.11%,0.283837,2026-07-24
JPM,353.21,2026-07-31,6,Put,350.00,-0.91%,2.81,3.25,3.1,658,127,5.18,22.76%,24.55%,-0.376528,2026-07-24
DELL,437.5,2026-07-31,6,Call,510.00,-16.57%,1.68,1.77,2.02,532,103,5.17,84.30%,84.71%,0.088041,2026-07-24
CLSK,14.52,2026-07-31,6,Put,14.00,-3.58%,0.49,0.5,0.55,3016,583,5.17,103.63%,103.57%,-0.365094,2026-07-24
TSLA,313.03,2026-08-03,9,Put,305.00,-2.57%,6.05,6.5,6.25,524,102,5.14,48.76%,50.31%,-0.352685,2026-07-24
CLSK,14.52,2026-07-31,6,Call,17.00,-17.08%,0.12,0.14,0.15,11128,2173,5.12,103.63%,107.01%,0.140862,2026-07-24
INTC,92.32,2026-07-31,6,Put,87.00,-5.76%,2.28,2.45,2.51,880,172,5.12,85.49%,100.11%,-0.298,2026-07-24
NN,12.44,2026-12-18,146,Call,16.00,-28.62%,1.9,2.27,2.55,4043,791,5.11,110.45%,104.85%,0.490112,2026-07-24
MSTR,91.67,2026-07-31,6,Call,100.00,-9.09%,1.42,1.45,1.52,19745,3866,5.11,82.45%,90.52%,0.246241,2026-07-24
FIG,21.12,2026-07-31,6,Put,19.50,-7.67%,0.35,0.38,0.46,2115,415,5.1,109.93%,98.29%,-0.241784,2026-07-24
HRL,25.31,2026-09-18,55,Put,25.00,-1.22%,0.85,1,1.1,1043,205,5.09,26.56%,28.65%,-0.435247,2026-07-24
GOOGL,319.74,2026-07-29,4,Call,340.00,-6.34%,0.25,0.3,0.35,1709,336,5.09,31.30%,36.65%,0.057928,2026-07-24
HIMS,28.09,2026-07-31,6,Call,30.00,-6.80%,0.74,0.77,0.77,2933,576,5.09,108.59%,102.26%,0.332969,2026-07-24
LOW,207.64,2026-07-31,6,Call,210.00,-1.14%,2.3,2.45,3.1,2372,467,5.08,36.91%,35.07%,0.411219,2026-07-24
TEM,42.69,2026-07-31,6,Call,46.00,-7.75%,0.94,1.05,1.19,2502,493,5.08,81.76%,103.79%,0.311988,2026-07-24
MU,920.95,2026-07-27,2,Call,"1,005.00",-9.13%,1.97,2,2.31,913,180,5.07,96.49%,83.56%,0.084115,2026-07-24
DDOG,246.86,2026-08-21,27,Put,190.00,-23.03%,3,3.8,4.6,2200,434,5.07,83.70%,90.28%,-0.115268,2026-07-24
VERI,1.04,2028-01-21,545,Put,1.5000,+44.23%,0.8,0.85,1.9,837,166,5.04,124.96%,287.11%,-0.056259,2026-07-24
CLSK,14.52,2026-07-31,6,Call,15.50,-6.75%,0.37,0.4,0.45,3533,701,5.04,103.63%,104.85%,0.339343,2026-07-24
WHR,37.27,2026-08-21,27,Put,30.00,-19.51%,0.4,0.59,0.75,4727,937,5.04,76.30%,77.66%,-0.131847,2026-07-24
MU,920.95,2026-07-27,2,Put,770.00,-16.39%,0.8,1,1.01,618,123,5.02,96.49%,128.07%,-0.026336,2026-07-24
INTC,92.32,2026-07-27,2,Put,86.00,-6.85%,0.43,0.51,0.52,628,125,5.02,85.49%,92.67%,-0.142207,2026-07-24
GOOGL,319.74,2026-07-27,2,Call,325.00,-1.65%,0.76,0.82,0.98,7472,1488,5.02,31.30%,28.51%,0.225406,2026-07-24
JPM,353.21,2026-07-31,6,Call,370.00,-4.75%,0.2,0.25,0.42,1226,245,5,22.76%,23.72%,0.06658,2026-07-24
USAR,14.15,2026-12-18,146,Call,24.00,-69.61%,1.18,1.27,1.3,782,157,4.98,98.76%,97.33%,0.299578,2026-07-24
CIFR,23.15,2026-07-31,6,Put,21.00,-9.29%,0.65,0.74,0.76,2472,496,4.98,129.04%,137.79%,-0.260083,2026-07-24
CLF,11.93,2026-07-31,6,Put,11.00,-7.80%,0.12,0.16,0.19,5798,1165,4.98,68.94%,82.86%,-0.206214,2026-07-24
CHYM,20.69,2026-08-21,27,Put,15.00,-27.50%,0.15,0.2,0.25,655,132,4.96,78.41%,91.82%,-0.07744,2026-07-24
SLB,52.42,2027-06-17,327,Call,60.00,-14.46%,4.25,4.4,4.6,907,183,4.96,34.41%,35.18%,0.415706,2026-07-24
LVS,46.08,2026-07-31,6,Put,46.50,+0.91%,0.83,1.33,1.23,500,101,4.95,35.54%,34.10%,-0.572289,2026-07-24
NVDA,206.84,2026-07-29,4,Call,202.50,+2.10%,6.45,5.45,6.55,1178,238,4.95,41.00%,45.71%,0.682344,2026-07-24
IREN,37.07,2026-08-07,13,Put,34.00,-8.28%,2.27,2.21,2.45,25424,5152,4.93,127.00%,139.21%,-0.321103,2026-07-24
LLY,1196.03,2026-07-31,6,Put,855.00,-28.51%,0,0.11,0.61,681,138,4.93,44.45%,106.23%,-0.005615,2026-07-24
NN,12.44,2026-12-18,146,Call,23.00,-84.89%,0.85,1.02,1.4,3943,801,4.92,110.45%,106.76%,0.291184,2026-07-24
GS,1061.23,2026-07-31,6,Call,"1,160.00",-9.31%,0.28,0.63,1.03,501,102,4.91,34.53%,37.25%,0.033405,2026-07-24
INTC,92.32,2026-07-29,4,Call,98.00,-6.15%,1.5,1.6,1.73,1222,250,4.89,85.49%,95.39%,0.292976,2026-07-24
BE,184.89,2026-08-07,13,Put,200.00,+8.17%,36.65,37.85,38.75,2163,442,4.89,170.03%,206.26%,-0.501914,2026-07-24
NVO,48.77,2026-08-21,27,Call,53.00,-8.67%,0.85,1.14,1.13,674,138,4.88,48.30%,47.33%,0.273579,2026-07-24
BX,130,2026-07-31,6,Call,132.00,-1.54%,1.68,1.89,2.13,742,152,4.88,38.51%,41.67%,0.397723,2026-07-24
MSFT,381.7,2026-07-27,2,Call,392.50,-2.83%,0.32,0.34,0.34,3072,630,4.88,43.05%,27.87%,0.090933,2026-07-24
TSLA,313.03,2026-08-14,20,Call,315.00,-0.63%,13.95,14.09,14.2,623,128,4.87,48.76%,50.34%,0.508993,2026-07-24
TSLA,313.03,2026-07-29,4,Call,330.00,-5.42%,1.99,2,2.04,8464,1739,4.87,48.76%,57.12%,0.198665,2026-07-24
RHI,35.29,2026-08-21,27,Put,40.00,+13.35%,4.1,4.58,5.4,616,127,4.85,57.97%,20.72%,-0.982473,2026-07-24
XYZ,77.15,2027-06-17,327,Call,95.00,-23.14%,9.3,10.05,10.3,1051,217,4.84,59.71%,50.88%,0.453358,2026-07-24
IBRX,7.1,2026-07-31,6,Put,7.00,-1.41%,0.15,0.25,0.75,1816,375,4.84,96.05%,138.92%,-0.431934,2026-07-24
RKLB,63.91,2026-08-07,13,Call,75.00,-17.35%,1.21,1.3,1.34,1893,392,4.83,102.61%,94.95%,0.212949,2026-07-24
WDAY,135.34,2026-07-31,6,Put,120.00,-11.33%,0.25,0.52,0.85,564,117,4.82,72.02%,72.90%,-0.090168,2026-07-24
GOOGL,319.74,2026-08-21,27,Call,342.50,-7.12%,3.1,3.4,3.45,597,124,4.81,31.30%,30.41%,0.223521,2026-07-24
UBER,65.94,2026-07-31,6,Put,65.00,-1.43%,0.98,1.02,1.05,2606,544,4.79,50.19%,43.33%,-0.383889,2026-07-24
INTC,92.32,2026-07-27,2,Call,105.00,-13.73%,0.07,0.1,0.11,6925,1445,4.79,85.49%,94.60%,0.035899,2026-07-24
MU,920.95,2026-07-29,4,Call,950.00,-3.15%,28.6,28.5,30.3,955,200,4.78,96.49%,108.24%,0.415256,2026-07-24
TSLA,313.03,2026-07-31,6,Call,355.00,-13.41%,0.62,0.63,0.64,3614,756,4.78,48.76%,61.54%,0.060856,2026-07-24
TMUS,180.09,2026-07-31,6,Call,185.00,-2.73%,1.35,1.6,1.8,1179,247,4.77,33.04%,37.30%,0.296595,2026-07-24
INTC,92.32,2026-07-31,6,Put,88.00,-4.68%,2.61,2.76,2.89,1137,239,4.76,85.49%,99.99%,-0.329437,2026-07-24
INTC,92.32,2026-07-27,2,Put,87.00,-5.76%,0.58,0.65,0.69,1151,242,4.76,85.49%,91.58%,-0.180928,2026-07-24
META,595.19,2026-07-27,2,Call,620.00,-4.17%,0.49,0.5,0.54,3449,725,4.76,50.71%,37.16%,0.07156,2026-07-24
ALLY,42.92,2026-08-21,27,Put,37.00,-13.79%,0.05,0.15,0.2,774,163,4.75,28.29%,37.18%,-0.0636,2026-07-24
ORCL,114.99,2026-07-31,6,Call,124.00,-7.84%,1.35,1.4,1.42,881,186,4.74,69.19%,74.11%,0.228609,2026-07-24
HPE,47.69,2026-07-31,6,Call,53.00,-11.13%,0.35,0.39,0.43,1004,212,4.74,75.11%,78.75%,0.160753,2026-07-24
FPS,35.89,2026-08-21,27,Call,40.00,-11.45%,2,2.12,2.3,3439,725,4.74,93.19%,93.32%,0.385992,2026-07-24
MSCI,550.79,2026-09-18,55,Call,600.00,-8.93%,6.1,10.27,9.6,501,106,4.73,29.99%,27.67%,0.237788,2026-07-24
AMD,521.95,2026-07-31,6,Call,552.50,-5.85%,10.75,11.03,12.2,600,127,4.72,82.67%,85.86%,0.324073,2026-07-24
META,595.19,2026-07-27,2,Call,605.00,-1.65%,2.55,2.6,2.67,3594,767,4.69,50.71%,35.61%,0.274156,2026-07-24
NVDA,206.84,2026-08-07,13,Put,182.50,-11.77%,0.85,0.94,0.89,1741,372,4.68,41.00%,51.65%,-0.089492,2026-07-24
ADBE,225.11,2026-09-04,41,Put,200.00,-11.15%,3.55,4.7,5.05,500,107,4.67,48.53%,47.55%,-0.199134,2026-07-24
JD,30.19,2026-08-14,20,Call,30.00,+0.63%,1.14,1.07,1.29,507,109,4.65,39.09%,42.14%,0.52934,2026-07-24
MU,920.95,2026-07-27,2,Put,820.00,-10.96%,2.33,2.76,2.8,678,146,4.64,96.49%,111.36%,-0.073268,2026-07-24
FIG,21.12,2026-07-31,6,Call,25.50,-20.74%,0.17,0.24,0.33,1582,342,4.63,109.93%,129.86%,0.14797,2026-07-24
S,18.14,2026-07-31,6,Call,19.00,-4.74%,0.25,0.32,0.45,2614,564,4.63,67.30%,73.05%,0.329454,2026-07-24
AVGO,381.92,2026-07-31,6,Call,402.50,-5.39%,3.05,3.15,4.15,550,119,4.62,51.44%,54.32%,0.238237,2026-07-24
INTC,92.32,2026-08-03,9,Call,125.00,-35.40%,0.07,0.21,0.23,841,182,4.62,85.49%,97.58%,0.028968,2026-07-24
SLB,52.42,2026-08-07,13,Put,48.00,-8.43%,0.2,0.23,0.24,1023,222,4.61,34.41%,39.78%,-0.111709,2026-07-24
MSFT,381.7,2026-07-27,2,Put,385.00,+0.86%,4.9,5.15,5.3,1761,383,4.6,43.05%,28.41%,-0.653223,2026-07-24
AMD,521.95,2026-07-27,2,Call,540.00,-3.46%,3.55,3.8,3.9,2038,444,4.59,82.67%,65.75%,0.251347,2026-07-24
TE,5,2027-01-15,174,Put,2.00,-60.00%,0.25,0.25,0.3,9216,2008,4.59,149.00%,144.94%,-0.076096,2026-07-24
TSLA,313.03,2026-07-29,4,Put,285.00,-8.95%,0.73,0.76,0.76,539,118,4.57,48.76%,64.44%,-0.076383,2026-07-24
TSLA,313.03,2026-08-03,9,Call,345.00,-10.21%,1.54,1.57,1.6,686,150,4.57,48.76%,52.03%,0.127445,2026-07-24
BABA,112.14,2026-08-07,13,Put,108.00,-3.69%,1.71,1.77,2.06,1051,230,4.57,47.68%,43.26%,-0.307595,2026-07-24
IREN,37.07,2026-09-18,55,Put,22.00,-40.65%,1.31,1.38,1.51,1095,240,4.56,127.00%,142.79%,-0.109816,2026-07-24
CBRS,199.12,2026-07-31,6,Call,215.00,-7.98%,6.7,7.32,8.1,1268,278,4.56,126.02%,131.29%,0.35636,2026-07-24
COST,935.03,2026-08-07,13,Call,"1,000.00",-6.95%,1.33,1.47,1.6,794,175,4.54,21.64%,24.23%,0.077399,2026-07-24
BE,184.89,2026-08-07,13,Put,105.00,-43.21%,2.4,2.5,2.7,1066,236,4.52,170.03%,227.17%,-0.062155,2026-07-24
WMT,109.47,2026-08-21,27,Put,109.00,-0.43%,3.25,3.44,3.75,1280,283,4.52,30.85%,32.30%,-0.455754,2026-07-24
SPCX,115.07,2027-12-17,510,Call,150.00,-30.36%,28.9,28.78,31,505,112,4.51,112.41%,71.59%,0.570196,2026-07-24
VLO,302.5,2026-08-07,13,Call,310.00,-2.48%,8,8.1,9,1442,320,4.51,46.60%,51.16%,0.421345,2026-07-24
AMD,521.95,2026-07-31,6,Call,530.00,-1.54%,19.8,19.8,20.4,3300,732,4.51,82.67%,88.42%,0.47087,2026-07-24
ORCL,114.99,2026-07-31,6,Put,116.00,+0.88%,4.75,4.8,5,1268,282,4.5,69.19%,74.01%,-0.516681,2026-07-24
INTC,92.32,2026-07-27,2,Call,104.00,-12.65%,0.08,0.1,0.12,2000,444,4.5,85.49%,90.57%,0.040849,2026-07-24
MSFT,381.7,2026-07-31,6,Put,382.50,+0.21%,13.75,14.13,14.3,2386,530,4.5,43.05%,70.13%,-0.489734,2026-07-24
TSLA,313.03,2026-09-18,55,Call,315.00,-0.63%,22.85,23,23.15,701,156,4.49,48.76%,47.72%,0.53543,2026-07-24
NVDA,206.84,2026-07-29,4,Put,207.50,+0.32%,3.8,3.85,3.95,3223,719,4.48,41.00%,41.26%,-0.518277,2026-07-24
TSM,403.41,2026-07-31,6,Call,427.50,-5.97%,3.35,3.43,3.9,768,172,4.47,50.30%,56.33%,0.223454,2026-07-24
COHR,282.39,2026-08-07,13,Put,230.00,-18.55%,4.1,4.55,5.2,575,129,4.46,108.81%,111.80%,-0.139247,2026-07-24
FCX,62.6,2026-08-21,27,Put,62.00,-0.96%,3.05,3.31,3.5,767,172,4.46,52.81%,53.64%,-0.440306,2026-07-24
NVDA,206.84,2026-08-03,9,Put,207.50,+0.32%,5.25,6,5.65,740,167,4.43,41.00%,39.99%,-0.503879,2026-07-24
MU,920.95,2026-07-27,2,Call,965.00,-4.78%,6.7,7.25,7.6,788,178,4.43,96.49%,81.32%,0.228756,2026-07-24
SLDP,2.08,2026-08-21,27,Put,2.00,-3.85%,0.15,0.17,0.2,1022,231,4.42,101.63%,97.42%,-0.386402,2026-07-24
AMD,521.95,2026-07-27,2,Put,480.00,-8.04%,0.89,0.98,1.05,1030,233,4.42,82.67%,78.60%,-0.070457,2026-07-24
TSM,403.41,2026-07-31,6,Call,417.50,-3.49%,6.1,6.05,6.7,586,133,4.41,50.30%,57.67%,0.33682,2026-07-24
AMZN,232.11,2026-07-27,2,Call,240.00,-3.40%,0.13,0.14,0.15,7993,1820,4.39,42.60%,29.33%,0.064271,2026-07-24
VZ,46.38,2026-07-31,6,Put,45.00,-2.98%,0.14,0.2,0.21,1938,442,4.38,25.98%,27.30%,-0.192012,2026-07-24
META,595.19,2026-08-07,13,Call,605.00,-1.65%,24.1,24.56,24.7,952,218,4.37,50.71%,63.66%,0.473506,2026-07-24
SOFI,16.46,2027-03-19,237,Call,5.00,+69.62%,11.5,11.8,12.05,1001,229,4.37,67.20%,99.10%,0.972812,2026-07-24
DKNG,23.01,2026-08-07,13,Call,26.50,-15.17%,0.25,0.32,0.33,527,121,4.36,64.80%,74.39%,0.177059,2026-07-24
CHTR,123.31,2026-07-31,6,Call,130.00,-5.43%,1.55,1.55,3.5,758,174,4.36,58.18%,79.93%,0.323269,2026-07-24
MU,920.95,2026-07-27,2,Put,850.00,-7.70%,4.4,4.9,5.05,2478,568,4.36,96.49%,100.70%,-0.132378,2026-07-24
CRCL,62.36,2026-07-31,6,Call,66.00,-5.84%,1.73,1.83,1.9,3372,773,4.36,97.99%,100.91%,0.355966,2026-07-24
TSLA,313.03,2026-08-21,27,Call,310.00,+0.97%,18.6,18.65,18.8,3530,810,4.36,48.76%,49.51%,0.563369,2026-07-24
META,595.19,2026-07-27,2,Put,600.00,+0.81%,8.6,8.97,9.3,2300,529,4.35,50.71%,35.78%,-0.612436,2026-07-24
ZVRA,9.52,2027-02-19,209,Put,19.00,+99.58%,8.7,9.4,11.5,556,128,4.34,104.00%,96.65%,-0.732662,2026-07-24
NVDA,206.84,2026-07-31,6,Put,225.00,+8.78%,17.85,18.35,18.3,873,201,4.34,41.00%,40.86%,-0.9454,2026-07-24
ACMR,84.32,2026-07-31,6,Call,110.00,-30.46%,0,0.36,0.8,1233,284,4.34,120.07%,131.44%,0.068143,2026-07-24
TSLA,313.03,2028-01-21,545,Put,260.00,-16.94%,39,40.75,39.55,1518,350,4.34,48.76%,50.19%,-0.248825,2026-07-24
CORZ,22.75,2026-07-31,6,Put,21.50,-5.49%,0.64,0.7,0.74,4122,955,4.32,102.82%,107.80%,-0.314983,2026-07-24
AMZN,232.11,2026-07-29,4,Put,227.50,-1.99%,1.29,1.6,1.7,785,182,4.31,42.60%,34.69%,-0.280863,2026-07-24
FRMI,7.4,2026-08-21,27,Call,7.00,+5.41%,1.4,1.51,1.55,1319,306,4.31,159.03%,162.15%,0.63781,2026-07-24
ASTS,56.2,2026-07-31,6,Call,62.00,-10.32%,1,1.04,1.07,563,131,4.3,115.33%,102.78%,0.249834,2026-07-24
AAPL,333.02,2026-07-31,6,Put,332.50,-0.16%,6.65,6.8,6.85,1894,440,4.3,29.61%,41.64%,-0.474398,2026-07-24
INTC,92.32,2026-07-31,6,Call,114.00,-23.48%,0.3,0.32,0.43,695,162,4.29,85.49%,106.00%,0.069366,2026-07-24
TSLA,313.03,2026-08-07,13,Call,330.00,-5.42%,5.95,6.02,6.1,4637,1083,4.28,48.76%,52.15%,0.317704,2026-07-24
AMD,521.95,2026-07-31,6,Call,550.00,-5.37%,11.65,12,12.6,6347,1482,4.28,82.67%,85.53%,0.338277,2026-07-24
NBIS,187.77,2026-08-21,27,Put,190.00,+1.19%,32.9,33,36.85,5428,1272,4.27,164.24%,167.41%,-0.418329,2026-07-24
NOK,9.1,2026-08-21,27,Call,9.50,-4.40%,0.49,0.51,0.52,1482,347,4.27,69.89%,67.60%,0.446596,2026-07-24
ABT,103.06,2026-10-16,83,Call,120.00,-16.44%,0.75,0.98,1.05,834,196,4.26,27.68%,27.32%,0.139158,2026-07-24
GOOGL,319.74,2026-07-29,4,Put,315.00,-1.48%,2.31,2.49,2.76,847,199,4.26,31.30%,34.36%,-0.329224,2026-07-24
IOVA,4.99,2026-08-14,20,Call,1.50,+69.94%,3,3.55,5.6,2180,512,4.26,133.25%,933.81%,0.949891,2026-07-24
SKHY,154.57,2026-09-18,55,Call,190.00,-22.92%,15.7,16.15,17.2,3153,741,4.26,121.36%,116.48%,0.413678,2026-07-24
GOOG,319.09,2026-07-31,6,Call,320.00,-0.29%,5.2,5.27,5.5,6116,1435,4.26,30.87%,34.95%,0.488467,2026-07-24
TE,5,2026-07-31,6,Call,5.50,-10.00%,0.15,0.17,0.2,646,152,4.25,149.00%,138.78%,0.328724,2026-07-24
INTC,92.32,2026-07-31,6,Call,99.00,-7.24%,2.1,2.2,2.3,1696,399,4.25,85.49%,98.34%,0.313061,2026-07-24
RCAT,7.64,2026-09-18,55,Call,17.00,-122.51%,0.1,0.1,0.24,615,145,4.24,114.76%,136.04%,0.107483,2026-07-24
DVN,45.04,2026-12-18,146,Call,57.50,-27.66%,0.9,1.19,1.37,1696,401,4.23,42.16%,39.69%,0.200774,2026-07-24
AMD,521.95,2026-07-29,4,Put,525.00,+0.58%,18.9,20.9,20.35,515,122,4.22,82.67%,83.09%,-0.507915,2026-07-24
SIRI,29.8,2026-07-31,6,Call,30.00,-0.67%,0.7,0.77,0.88,540,128,4.22,39.86%,57.99%,0.478772,2026-07-24
PLTR,122.92,2026-08-28,34,Put,100.00,-18.65%,1.81,1.85,1.91,2282,541,4.22,67.07%,67.84%,-0.132362,2026-07-24
PLTR,122.92,2026-07-31,6,Put,119.00,-3.19%,1.85,1.86,1.9,3048,722,4.22,67.07%,56.82%,-0.312617,2026-07-24
TSM,403.41,2026-08-07,13,Call,405.00,-0.39%,15.6,15.56,16.7,560,133,4.21,50.30%,55.05%,0.509421,2026-07-24
AVGO,381.92,2026-07-27,2,Put,380.00,-0.50%,3.5,3.94,4.4,1540,367,4.2,51.44%,43.33%,-0.429576,2026-07-24
OXY,57.3,2026-10-16,83,Put,55.00,-4.01%,2.6,2.65,2.95,511,122,4.19,40.94%,36.74%,-0.365316,2026-07-24
FCEL,21.26,2026-07-31,6,Put,18.00,-15.33%,0.4,0.46,0.6,717,171,4.19,147.12%,164.31%,-0.184569,2026-07-24
IREN,37.07,2026-07-31,6,Put,30.50,-17.72%,0.35,0.54,0.6,1224,292,4.19,127.00%,145.55%,-0.126794,2026-07-24
PLTR,122.92,2026-07-31,6,Call,125.00,-1.69%,2.57,2.59,2.73,5452,1302,4.19,67.07%,56.23%,0.425258,2026-07-24
SBSW,8.36,2026-10-16,83,Put,8.00,-4.31%,0.75,0.8,0.9,4200,1004,4.18,62.92%,60.95%,-0.39578,2026-07-24
MSFT,381.7,2026-07-27,2,Call,395.00,-3.48%,0.19,0.2,0.2,5561,1329,4.18,43.05%,28.88%,0.056494,2026-07-24
LULU,114.28,2026-12-18,146,Put,350.00,+206.27%,233.7,235.1,236.75,2662,637,4.18,48.18%,95.46%,-0.97906,2026-07-24
MU,920.95,2026-07-31,6,Put,505.00,-45.17%,0.25,0.56,0.56,755,181,4.17,96.49%,192.32%,-0.005207,2026-07-24
CRM,163.66,2026-07-31,6,Call,167.50,-2.35%,2.47,2.59,2.71,833,200,4.17,46.31%,49.73%,0.372389,2026-07-24
CRWD,183.28,2026-07-31,6,Call,198.75,-8.44%,0.94,1.2,1.42,666,160,4.16,61.43%,61.06%,0.161453,2026-07-24
SLS,11.32,2026-07-31,6,Call,11.50,-1.59%,0.8,0.92,1.1,1414,340,4.16,258.29%,177.67%,0.518839,2026-07-24
ASTS,56.2,2026-07-31,6,Call,63.00,-12.10%,0.7,0.84,0.96,825,199,4.15,115.33%,102.20%,0.211355,2026-07-24
AMD,521.95,2026-07-27,2,Call,555.00,-6.33%,1.15,1.16,1.39,1053,254,4.15,82.67%,65.27%,0.106999,2026-07-24
COP,120.26,2026-11-20,118,Call,135.00,-12.26%,3.65,4.05,4.15,1227,296,4.15,36.58%,32.59%,0.301536,2026-07-24
USB,63.97,2026-08-21,27,Call,66.00,-3.17%,0.78,0.76,0.84,612,148,4.14,23.68%,23.02%,0.321035,2026-07-24
TSLA,313.03,2026-07-27,2,Put,322.50,+3.03%,10.7,10.75,11.2,3628,876,4.14,48.76%,51.76%,-0.775219,2026-07-24
HOOD,94.91,2026-07-31,6,Call,98.00,-3.26%,4,4.2,4.2,744,180,4.13,79.42%,111.28%,0.440743,2026-07-24
TSM,403.41,2026-07-31,6,Put,407.50,+1.01%,13.2,14.5,14.1,752,182,4.13,50.30%,55.89%,-0.539722,2026-07-24
AVGO,381.92,2026-07-31,6,Call,395.00,-3.42%,5.15,5.55,6.05,2037,493,4.13,51.44%,54.63%,0.330333,2026-07-24
AAPL,333.02,2026-07-27,2,Call,325.00,+2.41%,7.6,8.6,8.6,7465,1806,4.13,29.61%,15.44%,0.984369,2026-07-24
TSLA,313.03,2026-07-31,6,Put,315.00,+0.63%,9.75,9.95,9.95,5021,1218,4.12,48.76%,55.55%,-0.518311,2026-07-24
FANG,204.68,2026-08-21,27,Put,190.00,-7.17%,2.9,3.38,4.1,767,186,4.12,39.51%,42.40%,-0.238068,2026-07-24
KEY,22.65,2026-09-18,55,Call,25.00,-10.38%,0.1,0.14,0.15,2070,503,4.12,26.46%,22.02%,0.132901,2026-07-24
QCOM,166.97,2026-07-31,6,Put,157.50,-5.67%,4.05,4.15,4.5,752,183,4.11,67.30%,98.48%,-0.298913,2026-07-24
AMZN,232.11,2026-07-29,4,Put,232.50,+0.17%,3.45,3.67,3.8,860,209,4.11,42.60%,35.76%,-0.507099,2026-07-24
VZ,46.38,2026-08-14,20,Put,42.00,-9.44%,0.07,0.15,0.14,897,219,4.1,25.98%,29.37%,-0.072003,2026-07-24
GM,82.64,2026-08-07,13,Call,85.00,-2.86%,1.14,1.22,1.4,993,242,4.1,35.14%,35.30%,0.353844,2026-07-24
AVGO,381.92,2026-07-27,2,Call,390.00,-2.12%,1.37,1.5,2.12,3227,790,4.08,51.44%,41.30%,0.253251,2026-07-24
AMD,521.95,2026-07-31,6,Call,537.50,-2.98%,16,16.2,17.35,729,179,4.07,82.67%,86.85%,0.419697,2026-07-24
AMZN,232.11,2026-07-27,2,Call,200.00,+13.83%,31.6,31.58,33.75,777,191,4.07,42.60%,129.10%,0.946072,2026-07-24
KYIV,13.4,2026-12-18,146,Call,20.00,-49.25%,0,0.45,0.75,883,217,4.07,50.37%,54.83%,0.174349,2026-07-24
AAPL,333.02,2026-09-18,55,Put,330.00,-0.91%,12.45,12.5,12.7,6038,1483,4.07,29.61%,28.72%,-0.43159,2026-07-24
TSLA,313.03,2026-07-29,4,Call,347.50,-11.01%,0.51,0.52,0.53,682,168,4.06,48.76%,62.69%,0.060203,2026-07-24
TSLA,313.03,2026-07-31,6,Put,275.00,-12.15%,0.64,0.63,0.67,1450,357,4.06,48.76%,65.72%,-0.056387,2026-07-24
AVGO,381.92,2026-07-27,2,Call,385.00,-0.81%,2.88,3.2,3.85,749,185,4.05,51.44%,41.70%,0.405313,2026-07-24
PYPL,56.15,2026-07-31,6,Call,56.00,+0.27%,2.42,2.55,2.75,1090,269,4.05,46.51%,87.14%,0.53326,2026-07-24
NVDA,206.84,2026-07-27,2,Put,212.50,+2.74%,5.8,5.8,5.95,3981,982,4.05,41.00%,29.53%,-0.889903,2026-07-24
AAPL,333.02,2026-07-27,2,Call,340.00,-2.10%,0.35,0.36,0.38,16698,4118,4.05,29.61%,23.99%,0.125208,2026-07-24
COST,935.03,2026-08-14,20,Put,580.00,-37.97%,0,0.12,4.8,614,152,4.04,21.64%,110.77%,-0.024004,2026-07-24
RUN,9.94,2026-08-21,27,Put,8.00,-19.52%,0.25,0.3,0.33,1017,252,4.04,97.47%,100.59%,-0.173821,2026-07-24
NKE,41.7,2026-07-31,6,Call,42.50,-1.92%,0.41,0.53,0.53,1709,423,4.04,37.64%,37.55%,0.355009,2026-07-24
CRCL,62.36,2026-07-31,6,Call,73.00,-17.06%,0.43,0.49,0.6,1123,279,4.03,97.99%,103.23%,0.131431,2026-07-24
SPCX,115.07,2027-01-15,174,Call,130.00,-12.97%,19.8,20.1,21.3,3069,761,4.03,112.41%,79.93%,0.535098,2026-07-24
MU,920.95,2026-11-20,118,Put,540.00,-41.36%,30.2,33.05,32.85,725,181,4.01,96.49%,96.31%,-0.10229,2026-07-24
NU,14.09,2026-08-07,13,Call,15.50,-10.01%,0.06,0.11,0.08,2335,582,4.01,48.76%,42.47%,0.128402,2026-07-24
CRWV,71.88,2026-07-31,6,Call,70.00,+2.62%,4.95,5.15,5.2,516,129,4,108.37%,111.52%,0.602972,2026-07-24
ALAB,291.58,2026-07-31,6,Put,290.00,-0.54%,16.5,18.26,20.15,1153,288,4,126.30%,129.13%,-0.452821,2026-07-24
APLD,27.19,2026-07-31,6,Call,27.00,+0.70%,2.21,2.43,2.5,594,149,3.99,118.14%,162.73%,0.555983,2026-07-24
MU,920.95,2026-07-31,6,Call,930.00,-0.98%,48.2,48.66,50.7,801,201,3.99,96.49%,113.36%,0.503747,2026-07-24
JOBY,6.93,2026-07-31,6,Call,7.00,-1.01%,0.26,0.28,0.31,569,143,3.98,88.28%,89.01%,0.489712,2026-07-24
RKT,13.05,2026-08-07,13,Call,14.00,-7.28%,0.43,0.45,0.49,1047,263,3.98,72.30%,83.21%,0.359125,2026-07-24
SNDK,1436.56,2026-07-31,6,Put,750.00,-47.79%,0.8,1.33,1.4,1091,274,3.98,136.49%,221.43%,-0.00749,2026-07-24
SATL,3.59,2026-09-18,55,Call,3.00,+16.43%,0.8,0.95,1.15,2000,504,3.97,122.45%,124.42%,0.733965,2026-07-24
INTC,92.32,2026-07-31,6,Call,108.00,-16.98%,0.65,0.67,0.8,2749,692,3.97,85.49%,101.48%,0.127791,2026-07-24
TSLA,313.03,2026-08-03,9,Call,330.00,-5.42%,3.8,3.9,3.95,1719,434,3.96,48.76%,50.18%,0.267842,2026-07-24
MU,920.95,2026-07-27,2,Put,800.00,-13.13%,1.5,1.7,1.94,3149,796,3.96,96.49%,118.50%,-0.049364,2026-07-24
MU,920.95,2026-07-27,2,Put,840.00,-8.79%,3.35,3.87,4.25,961,243,3.95,96.49%,103.87%,-0.10795,2026-07-24
ENPH,36.7,2026-11-20,118,Call,70.00,-90.74%,1.19,1.35,1.72,1418,359,3.95,94.73%,92.78%,0.174428,2026-07-24
ORCL,114.99,2026-07-31,6,Call,120.00,-4.36%,2.37,2.37,2.4,6079,1543,3.94,69.19%,73.86%,0.344565,2026-07-24
SNAP,4.35,2026-08-28,34,Put,4.50,+3.45%,0.49,0.52,0.54,1537,390,3.94,86.11%,82.63%,-0.499368,2026-07-24
GLW,146.65,2026-11-20,118,Put,105.00,-28.40%,7.45,8.55,9.7,621,158,3.93,89.02%,86.61%,-0.172743,2026-07-24
MU,920.95,2026-07-29,4,Put,750.00,-18.56%,4,4.6,4.8,1890,481,3.93,96.49%,139.81%,-0.069623,2026-07-24
EQNR,40.35,2026-08-21,27,Put,37.00,-8.30%,0.55,0.65,0.75,3007,767,3.92,42.97%,44.66%,-0.218118,2026-07-24
META,595.19,2026-07-27,2,Call,610.00,-2.49%,1.5,1.56,1.7,5539,1414,3.92,50.71%,36.28%,0.185355,2026-07-24
CLF,11.93,2026-08-07,13,Call,12.00,-0.59%,0.56,0.6,0.64,1917,490,3.91,68.94%,70.17%,0.51018,2026-07-24
LLY,1196.03,2026-08-28,34,Put,"1,180.00",-1.34%,52.6,55.59,56.35,678,174,3.9,44.45%,44.03%,-0.426542,2026-07-24
LRCX,305.21,2026-07-31,6,Put,310.00,+1.57%,20.5,22.5,23.5,1155,296,3.9,92.32%,124.69%,-0.505891,2026-07-24
UBER,65.94,2026-07-31,6,Call,69.00,-4.64%,0.39,0.42,0.45,1665,427,3.9,50.19%,42.29%,0.21228,2026-07-24
BABA,112.14,2026-07-31,6,Call,120.00,-7.01%,0.6,0.63,0.65,11979,3068,3.9,47.68%,52.02%,0.162849,2026-07-24
AMD,521.95,2026-07-27,2,Put,530.00,+1.54%,13.9,14.35,15.7,1063,273,3.89,82.67%,66.57%,-0.611432,2026-07-24
AMD,521.95,2026-07-27,2,Put,475.00,-9.00%,0.64,0.76,0.81,1260,324,3.89,82.67%,80.75%,-0.053707,2026-07-24
ARCT,5.53,2026-08-21,27,Put,5.00,-9.58%,0,0.25,0.3,520,134,3.88,94.46%,62.80%,-0.245411,2026-07-24
ARRY,5.32,2026-09-18,55,Put,5.00,-6.02%,0.55,0.6,0.65,540,139,3.88,108.50%,95.90%,-0.357724,2026-07-24
ORCL,114.99,2026-09-18,55,Put,260.00,+126.11%,144.05,145.15,146,522,135,3.87,69.19%,95.80%,-0.991924,2026-07-24
NFLX,70.09,2026-08-21,27,Put,95.00,+35.54%,24.55,24.55,26.05,680,176,3.86,33.93%,76.43%,-0.916549,2026-07-24
SNAP,4.35,2026-08-28,34,Put,4.00,-8.05%,0.24,0.25,0.26,1550,402,3.86,86.11%,80.17%,-0.31668,2026-07-24
VZ,46.38,2026-07-31,6,Call,44.50,+4.05%,1.71,1.8,2.26,1590,412,3.86,25.98%,29.32%,0.868283,2026-07-24
OKLO,40.25,2026-07-31,6,Call,43.50,-8.07%,0.83,0.93,0.95,508,132,3.85,96.72%,99.32%,0.294069,2026-07-24
AMD,521.95,2028-06-16,692,Call,"1,000.00",-91.59%,111,119.47,120,1000,260,3.85,82.67%,72.93%,0.472544,2026-07-24
INTC,92.32,2026-07-31,6,Call,95.00,-2.90%,3.45,3.5,3.6,1874,487,3.85,85.49%,98.73%,0.436877,2026-07-24
NBIS,187.77,2026-08-07,13,Call,340.00,-81.07%,0.3,1.05,1.3,519,135,3.84,164.24%,163.13%,0.038342,2026-07-24
SPCX,115.07,2026-07-31,6,Call,315.00,-173.75%,0.1,0.15,0.15,1036,270,3.84,112.41%,307.25%,0.009207,2026-07-24
TSLA,313.03,2028-01-21,545,Put,270.00,-13.75%,43.05,44.85,43.65,1583,412,3.84,48.76%,49.75%,-0.269638,2026-07-24
SPCX,115.07,2026-07-31,6,Call,116.00,-0.81%,5.6,5.7,5.8,1707,444,3.84,112.41%,103.69%,0.504147,2026-07-24
ORCL,114.99,2026-08-07,13,Call,130.00,-13.05%,1.52,1.57,1.66,3680,959,3.84,69.19%,70.67%,0.198029,2026-07-24
FRMI,7.4,2026-07-31,6,Call,10.00,-35.14%,0.2,0.25,0.3,7358,1916,3.84,159.03%,247.76%,0.215549,2026-07-24
META,595.19,2026-07-27,2,Call,630.00,-5.85%,0.16,0.19,0.19,6319,1651,3.83,50.71%,39.34%,0.026732,2026-07-24
BE,184.89,2026-08-07,13,Put,185.00,+0.06%,28.5,29.01,29.6,813,212,3.83,170.03%,210.49%,-0.420871,2026-07-24
COST,935.03,2026-08-21,27,Call,"1,120.00",-19.78%,0.3,0.44,0.99,1037,271,3.83,21.64%,31.87%,0.022023,2026-07-24
TSLA,313.03,2026-07-31,6,Put,305.00,-2.57%,5.3,5.34,5.4,4643,1216,3.82,48.76%,56.02%,-0.342783,2026-07-24
OKLO,40.25,2026-07-31,6,Call,46.00,-14.29%,0.4,0.45,0.61,1114,293,3.8,96.72%,105.86%,0.180956,2026-07-24
MSFT,381.7,2026-07-27,2,Put,380.00,-0.45%,2.28,2.49,2.55,5280,1391,3.8,43.05%,28.59%,-0.410033,2026-07-24
JPM,353.21,2026-08-07,13,Put,325.00,-7.99%,0.18,0.47,0.68,656,174,3.77,22.76%,28.02%,-0.0534,2026-07-24
JPM,353.21,2026-10-16,83,Call,395.00,-11.83%,2.91,3.3,3.55,1064,282,3.77,22.76%,22.29%,0.168952,2026-07-24
MU,920.95,2026-07-31,6,Call,915.00,+0.65%,56,57.31,59.4,515,137,3.76,96.49%,116.00%,0.5485,2026-07-24
VRTX,477.36,2026-08-28,34,Put,330.00,-30.87%,0,1.3,2.05,922,245,3.76,39.81%,66.24%,-0.026011,2026-07-24
RTX,212.79,2026-07-31,6,Call,215.00,-1.04%,2.07,2.33,2.66,799,213,3.75,27.20%,30.38%,0.406512,2026-07-24
NBIS,187.77,2026-08-07,13,Put,100.00,-46.74%,1.07,1.4,1.7,944,252,3.75,164.24%,214.11%,-0.038843,2026-07-24
MSFT,381.7,2026-08-07,13,Call,455.00,-19.20%,0.8,1,1.13,2552,681,3.75,43.05%,56.79%,0.057419,2026-07-24
BRK.B,494.93,2026-07-31,6,Call,500.00,-1.02%,1.95,2.15,2.44,2606,695,3.75,17.05%,16.32%,0.327048,2026-07-24
INTC,92.32,2026-07-31,6,Put,84.00,-9.01%,1.51,1.6,1.7,994,266,3.74,85.49%,102.94%,-0.216183,2026-07-24
FRMI,7.4,2026-07-31,6,Call,7.50,-1.35%,0.65,0.73,0.75,23934,6406,3.74,159.03%,196.57%,0.529933,2026-07-24
COIN,158.29,2026-07-31,6,Call,170.00,-7.40%,4.05,4.2,4.25,2859,768,3.72,80.17%,104.46%,0.322211,2026-07-24
JNJ,263.4,2026-07-31,6,Call,280.00,-6.30%,0.15,0.19,0.23,545,147,3.71,24.99%,28.28%,0.048456,2026-07-24
CORZ,22.75,2026-07-31,6,Put,22.50,-1.10%,0.86,1.08,1.21,1077,290,3.71,102.82%,100.45%,-0.438803,2026-07-24
INTC,92.32,2026-11-20,118,Call,130.00,-40.81%,7.3,7.45,7.7,10232,2758,3.71,85.49%,84.66%,0.326403,2026-07-24
ORCL,114.99,2027-12-17,510,Put,100.00,-13.04%,23.45,23.9,25.3,4052,1095,3.7,69.19%,67.66%,-0.269803,2026-07-24
HOOD,94.91,2026-07-31,6,Call,96.00,-1.15%,4.85,4.8,5.15,966,261,3.7,79.42%,112.81%,0.498991,2026-07-24
NVDA,206.84,2026-08-03,9,Put,190.00,-8.14%,0.89,0.98,0.96,609,165,3.69,41.00%,47.56%,-0.11821,2026-07-24
CRWV,71.88,2026-07-31,6,Put,69.00,-4.01%,2.72,2.78,2.92,628,170,3.69,108.37%,114.36%,-0.361041,2026-07-24
INTC,92.32,2026-07-27,2,Put,88.00,-4.68%,0.76,0.89,0.85,1271,344,3.69,85.49%,88.95%,-0.222671,2026-07-24
JOBY,6.93,2026-08-21,27,Put,6.50,-6.20%,0.42,0.44,0.47,515,140,3.68,88.28%,88.65%,-0.346249,2026-07-24
AMD,521.95,2026-07-31,6,Put,385.00,-26.24%,0.37,0.43,0.5,751,204,3.68,82.67%,113.80%,-0.015296,2026-07-24
MU,920.95,2026-07-31,6,Put,870.00,-5.53%,31.5,33.6,33.6,1926,523,3.68,96.49%,119.03%,-0.325421,2026-07-24
AMD,521.95,2026-07-31,6,Call,540.00,-3.46%,15.15,16,16.5,2475,672,3.68,82.67%,87.12%,0.403917,2026-07-24
MSFT,381.7,2026-07-27,2,Put,372.50,-2.41%,0.7,0.75,0.8,649,177,3.67,43.05%,32.84%,-0.153499,2026-07-24
FSLR,202.82,2026-07-31,6,Call,210.00,-3.54%,6.55,7.05,8,723,197,3.67,80.66%,98.85%,0.418215,2026-07-24
BABA,112.14,2026-07-31,6,Call,113.00,-0.77%,2.06,2.44,2.47,1503,410,3.67,47.68%,46.45%,0.460558,2026-07-24
GOOGL,319.74,2026-07-27,2,Call,330.00,-3.21%,0.23,0.25,0.28,3938,1072,3.67,31.30%,29.96%,0.080013,2026-07-24
TSLA,313.03,2026-07-31,6,Put,270.00,-13.75%,0.48,0.49,0.5,1997,545,3.66,48.76%,68.83%,-0.042169,2026-07-24
AAPL,333.02,2026-08-21,27,Put,332.50,-0.16%,9.95,10.23,10.4,565,155,3.65,29.61%,29.89%,-0.466987,2026-07-24
VZ,46.38,2026-08-21,27,Call,47.50,-2.41%,0.84,0.87,0.91,793,217,3.65,25.98%,27.35%,0.379785,2026-07-24
AVGO,381.92,2026-07-27,2,Put,370.00,-3.12%,1.06,1.2,1.48,1136,312,3.64,51.44%,46.92%,-0.174981,2026-07-24
UEC,9.51,2026-07-31,6,Put,9.00,-5.36%,0.16,0.18,0.23,1283,352,3.64,78.97%,84.78%,-0.285604,2026-07-24
TSLA,313.03,2026-07-27,2,Put,330.00,+5.42%,16.75,17.55,18.05,3153,867,3.64,48.76%,51.74%,-0.913383,2026-07-24
SPCX,115.07,2026-08-21,27,Put,45.00,-60.89%,0.05,0.1,0.1,1027,283,3.63,112.41%,144.06%,-0.004687,2026-07-24
SKHY,154.57,2027-03-19,237,Put,140.00,-9.43%,37.4,37.5,40.3,503,139,3.62,121.36%,103.61%,-0.288876,2026-07-24
TSLA,313.03,2026-08-28,34,Call,315.00,-0.63%,18,18.15,18.25,756,209,3.62,48.76%,48.68%,0.522058,2026-07-24
INTC,92.32,2026-07-29,4,Call,110.00,-19.15%,0.19,0.21,0.22,1721,476,3.62,85.49%,99.80%,0.052435,2026-07-24
AAPL,333.02,2026-07-29,4,Put,312.50,-6.16%,0.19,0.2,0.28,1865,515,3.62,29.61%,36.33%,-0.044562,2026-07-24
NVDA,206.84,2026-07-31,6,Call,215.00,-3.95%,1.57,1.59,1.62,74956,20688,3.62,41.00%,41.97%,0.247423,2026-07-24
INTC,92.32,2026-08-03,9,Call,110.00,-19.15%,0.61,0.68,0.76,4063,1127,3.61,85.49%,88.00%,0.116332,2026-07-24
INTC,92.32,2027-06-17,327,Put,85.00,-7.93%,19,20.84,21.85,14515,4025,3.61,85.49%,77.23%,-0.305648,2026-07-24
CVX,194.79,2026-08-21,27,Call,197.50,-1.39%,4.8,4.85,5.2,552,153,3.61,31.22%,29.48%,0.44655,2026-07-24
CIFR,23.15,2026-08-28,34,Call,35.00,-51.19%,0.46,1.17,0.99,1001,277,3.61,129.04%,122.45%,0.18139,2026-07-24
WULF,18.46,2026-08-07,13,Put,18.00,-2.49%,1.38,1.39,1.53,1352,375,3.61,109.94%,119.24%,-0.418058,2026-07-24
ADSK,209.75,2026-07-31,6,Put,185.00,-11.80%,0,0.35,4.8,856,238,3.6,48.62%,103.69%,-0.155033,2026-07-24
DGX,227.86,2026-08-21,27,Put,210.00,-7.84%,0.85,0.95,1,1163,323,3.6,26.00%,26.11%,-0.113974,2026-07-24
S,18.14,2026-09-18,55,Put,15.00,-17.31%,0.6,0.65,0.75,5724,1590,3.6,67.30%,72.98%,-0.203337,2026-07-24
CRWD,183.28,2026-07-31,6,Put,175.00,-4.52%,2.73,2.84,2.99,1126,314,3.59,61.43%,67.32%,-0.27931,2026-07-24
BE,184.89,2026-08-07,13,Put,150.00,-18.87%,12.5,12.8,14,584,163,3.58,170.03%,218.78%,-0.237087,2026-07-24
AFRM,70.23,2026-07-31,6,Call,80.00,-13.91%,0.09,0.15,0.28,612,171,3.58,62.83%,67.03%,0.071364,2026-07-24
TSLA,313.03,2026-07-29,4,Call,325.00,-3.82%,2.97,2.99,3.05,3187,890,3.58,48.76%,56.23%,0.273783,2026-07-24
NVDA,206.84,2026-07-31,6,Put,207.50,+0.32%,4.8,5.04,4.9,9346,2611,3.58,41.00%,43.07%,-0.509019,2026-07-24
MSTR,91.67,2026-07-31,6,Call,92.00,-0.36%,4.05,4.23,4.35,693,194,3.57,82.45%,92.40%,0.513533,2026-07-24
AAPL,333.02,2026-08-21,27,Call,332.50,+0.16%,11.3,11.15,11.6,1166,327,3.57,29.61%,29.89%,0.535713,2026-07-24
NKE,41.7,2026-08-21,27,Call,42.00,-0.72%,1.44,1.65,1.81,1529,428,3.57,37.64%,39.17%,0.492776,2026-07-24
AAPL,333.02,2026-07-27,2,Call,322.50,+3.16%,10,10,10.95,2351,659,3.57,29.61%,14.88%,0.998315,2026-07-24
NVDA,206.84,2026-08-03,9,Put,200.00,-3.31%,2.5,2.62,2.61,1144,321,3.56,41.00%,41.89%,-0.28962,2026-07-24
ORCL,114.99,2026-07-31,6,Call,125.00,-8.71%,1.15,1.2,1.21,8726,2449,3.56,69.19%,73.73%,0.202508,2026-07-24
OVV,63.13,2026-08-21,27,Put,55.00,-12.88%,0.15,0.3,0.5,520,147,3.54,37.24%,40.71%,-0.09476,2026-07-24
NVDA,206.84,2026-07-29,4,Call,220.00,-6.36%,0.25,0.27,0.28,12621,3568,3.54,41.00%,39.38%,0.071154,2026-07-24
MU,920.95,2026-07-31,6,Put,500.00,-45.71%,0.43,0.44,0.48,17711,5017,3.53,96.49%,197.99%,-0.005625,2026-07-24
GOOG,319.09,2026-09-18,55,Put,285.00,-10.68%,3.25,3.65,4,4376,1242,3.52,30.87%,32.65%,-0.160738,2026-07-24
PFE,24.54,2026-08-14,20,Call,25.00,-1.87%,0.41,0.42,0.44,6350,1802,3.52,24.11%,27.87%,0.390899,2026-07-24
BMNR,15.79,2026-07-31,6,Call,16.50,-4.50%,0.4,0.45,0.45,6664,1897,3.51,82.59%,87.51%,0.370301,2026-07-24
CBRS,199.12,2026-07-31,6,Call,200.00,-0.44%,12,12.5,12.7,666,190,3.51,126.02%,124.86%,0.522415,2026-07-24
BULL,7.49,2026-08-14,20,Call,7.50,-0.13%,0.46,0.5,0.55,1880,537,3.5,71.88%,71.96%,0.535104,2026-07-24
RDDT,168.73,2026-10-16,83,Call,185.00,-9.64%,18.1,18.93,19.2,541,155,3.49,86.04%,76.08%,0.480403,2026-07-24
MU,920.95,2026-07-27,2,Call,980.00,-6.41%,4.2,4.65,5,1315,377,3.49,96.49%,81.90%,0.160671,2026-07-24
MU,920.95,2026-07-27,2,Call,"1,020.00",-10.76%,1.17,1.26,1.6,769,221,3.48,96.49%,85.44%,0.057007,2026-07-24
JOBY,6.93,2026-08-14,20,Put,7.00,+1.01%,0.58,0.63,0.68,789,227,3.48,88.28%,92.61%,-0.472466,2026-07-24
AMZN,232.11,2026-08-21,27,Put,227.50,-1.99%,8.35,8.5,8.55,804,232,3.47,42.60%,43.51%,-0.402457,2026-07-24
MU,920.95,2026-07-27,2,Put,880.00,-4.45%,8.75,9.8,10,734,212,3.46,96.49%,92.82%,-0.242283,2026-07-24
NOK,9.1,2026-07-31,6,Put,8.50,-6.59%,0.12,0.14,0.14,1720,497,3.46,69.89%,78.38%,-0.231933,2026-07-24
NVDA,206.84,2026-07-29,4,Call,205.00,+0.89%,4.75,4.9,4.9,2297,664,3.46,41.00%,44.13%,0.588605,2026-07-24
IREN,37.07,2026-08-07,13,Call,41.00,-10.60%,1.9,2.21,2.44,542,157,3.45,127.00%,129.75%,0.388255,2026-07-24
SMMT,13.66,2026-08-21,27,Put,13.00,-4.83%,0,0.8,1.3,1015,294,3.45,77.67%,66.28%,-0.353021,2026-07-24
INTC,92.32,2026-07-31,6,Put,94.00,+1.82%,5.4,5.67,5.7,1270,368,3.45,85.49%,98.43%,-0.530536,2026-07-24
INTC,92.32,2026-07-27,2,Put,96.00,+3.99%,4.45,4.79,4.8,2038,591,3.45,85.49%,84.59%,-0.722841,2026-07-24
CRWV,71.88,2026-07-31,6,Call,74.00,-2.95%,3.05,3.1,3.25,773,225,3.44,108.37%,110.16%,0.447887,2026-07-24
MU,920.95,2026-08-28,34,Put,300.00,-67.42%,0.49,0.88,1,827,241,3.43,96.49%,156.00%,-0.004659,2026-07-24
TSLA,313.03,2026-07-27,2,Put,325.00,+3.82%,12.7,13.47,13.4,6474,1891,3.42,48.76%,52.85%,-0.825884,2026-07-24
UNH,420.74,2026-07-31,6,Call,425.00,-1.01%,4.4,4.7,5,706,207,3.41,28.44%,30.40%,0.407752,2026-07-24
TSM,403.41,2026-08-07,13,Put,340.00,-15.72%,1.22,1.54,1.64,758,222,3.41,50.30%,62.75%,-0.065342,2026-07-24
NEE,89.78,2026-07-31,6,Put,87.00,-3.10%,0.28,0.36,0.51,1072,315,3.4,23.90%,30.05%,-0.200625,2026-07-24
AVGO,381.92,2026-07-31,6,Put,360.00,-5.74%,2.88,3.7,4,2897,853,3.4,51.44%,58.96%,-0.204517,2026-07-24
FRMI,7.4,2026-08-21,27,Call,8.00,-8.11%,1.05,1.15,1.15,12287,3627,3.39,159.03%,165.67%,0.523199,2026-07-24
PLTR,122.92,2026-08-21,27,Put,126.00,+2.51%,10.5,10.19,10.75,522,154,3.39,67.07%,68.03%,-0.512208,2026-07-24
INTC,92.32,2026-07-27,2,Call,101.00,-9.40%,0.19,0.23,0.27,1759,519,3.39,85.49%,86.85%,0.08642,2026-07-24
MU,920.95,2026-07-29,4,Call,"1,050.00",-14.01%,5.65,5.9,6.6,524,155,3.38,96.49%,104.68%,0.127471,2026-07-24
PENG,53.85,2026-09-18,55,Call,130.00,-141.41%,0.2,0.5,0.7,663,196,3.38,122.50%,120.30%,0.050326,2026-07-24
SEI,54.03,2026-08-21,27,Put,47.50,-12.09%,2.55,3.02,3.2,502,149,3.37,101.18%,101.70%,-0.27067,2026-07-24
AAPL,333.02,2026-07-29,4,Call,347.50,-4.35%,0.33,0.41,0.41,705,209,3.37,29.61%,28.68%,0.082176,2026-07-24
IBM,214.19,2026-10-16,83,Call,260.00,-21.39%,4.35,4.58,4.85,1423,422,3.37,41.87%,43.43%,0.203065,2026-07-24
CRWD,183.28,2026-08-28,34,Put,185.00,+0.94%,11.2,15,19.65,632,188,3.36,61.43%,66.38%,-0.472881,2026-07-24
HIMS,28.09,2026-07-31,6,Call,31.50,-12.14%,0.23,0.43,0.48,2487,740,3.36,108.59%,96.51%,0.195057,2026-07-24
NOK,9.1,2026-07-31,6,Call,9.00,+1.10%,0.35,0.38,0.38,2509,747,3.36,69.89%,67.16%,0.569591,2026-07-24
MU,920.95,2026-07-27,2,Call,900.00,+2.27%,34.65,37,37,667,199,3.35,96.49%,88.49%,0.650649,2026-07-24
BSX,44.25,2026-07-31,6,Put,43.50,-1.69%,1.55,1.77,1.95,2722,813,3.35,54.21%,94.29%,-0.41841,2026-07-24
BAC,62.05,2026-07-31,6,Call,63.00,-1.53%,0.32,0.37,0.37,9210,2760,3.34,22.44%,22.41%,0.307009,2026-07-24
BE,184.89,2026-07-31,6,Call,210.00,-13.58%,14.15,15.15,16,858,257,3.34,170.03%,255.60%,0.411773,2026-07-24
MBLY,8.05,2026-08-14,20,Call,9.00,-11.80%,0.16,0.3,0.3,546,164,3.33,69.89%,73.21%,0.289892,2026-07-24
ORCL,114.99,2026-07-31,6,Call,121.00,-5.23%,2.03,2.1,2.26,1070,322,3.32,69.19%,74.91%,0.315797,2026-07-24
SPCX,115.07,2026-08-14,20,Put,65.00,-43.51%,0.25,0.35,0.4,1189,359,3.31,112.41%,131.71%,-0.022075,2026-07-24
MU,920.95,2026-07-27,2,Put,910.00,-1.19%,17.65,18.05,19.3,1862,562,3.31,96.49%,87.38%,-0.412994,2026-07-24
GOOGL,319.74,2026-07-27,2,Call,315.00,+1.48%,5.1,5.75,6.05,1277,387,3.3,31.30%,26.35%,0.783757,2026-07-24
NVDA,206.84,2026-07-27,2,Put,192.50,-6.93%,0.09,0.11,0.11,2256,684,3.3,41.00%,52.80%,-0.031298,2026-07-24
MNKD,4.13,2026-08-14,20,Call,1.00,+75.79%,2.65,3.2,5.1,2580,783,3.3,101.92%,"1,276.25%",0.975536,2026-07-24
NVDA,206.84,2026-07-27,2,Put,200.00,-3.31%,0.41,0.41,0.43,43606,13243,3.29,41.00%,41.23%,-0.130855,2026-07-24
AAPL,333.02,2026-07-31,6,Call,332.50,+0.16%,7.4,7.5,7.65,3163,963,3.28,29.61%,42.14%,0.526284,2026-07-24
SOUN,6.16,2026-08-28,34,Call,7.50,-21.75%,0.32,0.33,0.37,504,154,3.27,96.82%,102.46%,0.321997,2026-07-24
ORCL,114.99,2026-08-07,13,Call,122.00,-6.10%,3.3,3.42,3.65,516,158,3.27,69.19%,71.26%,0.356296,2026-07-24
MU,920.95,2026-07-31,6,Put,715.00,-22.36%,4.95,5.87,5.8,638,195,3.27,96.49%,141.32%,-0.068022,2026-07-24
INTC,92.32,2026-07-31,6,Call,106.00,-14.82%,0.84,0.92,1.01,1073,328,3.27,85.49%,100.35%,0.157252,2026-07-24
TSLA,313.03,2026-07-31,6,Put,310.00,-0.97%,7.3,7.35,7.4,7688,2353,3.27,48.76%,55.61%,-0.428964,2026-07-24
GOOG,319.09,2026-08-07,13,Call,335.00,-4.99%,2.36,2.4,2.46,531,163,3.26,30.87%,31.89%,0.223981,2026-07-24
TTWO,231.65,2026-08-28,34,Call,340.00,-46.77%,0.15,0.3,0.85,709,218,3.25,51.94%,63.32%,0.030687,2026-07-24
AAPL,333.02,2026-07-29,4,Put,317.50,-4.66%,0.39,0.41,0.45,990,305,3.25,29.61%,33.00%,-0.079506,2026-07-24
NVDA,206.84,2026-08-05,11,Call,210.00,-1.53%,4.45,4.5,4.6,732,226,3.24,41.00%,40.82%,0.434343,2026-07-24
SPCX,115.07,2026-07-31,6,Call,112.00,+2.67%,7.4,7.52,7.7,1512,466,3.24,112.41%,100.82%,0.60968,2026-07-24
ARM,260.01,2026-07-31,6,Put,245.00,-5.77%,12.5,12.95,13.45,668,207,3.23,103.59%,152.27%,-0.342798,2026-07-24
AMZN,232.11,2026-07-31,6,Call,242.50,-4.48%,4.25,4.3,4.4,1090,339,3.22,42.60%,69.93%,0.331063,2026-07-24
CBRS,199.12,2026-07-31,6,Put,210.00,+5.46%,18.9,20.72,22,629,196,3.21,126.02%,138.16%,-0.582913,2026-07-24
SNOW,268.06,2026-07-31,6,Call,275.00,-2.59%,6.25,6.5,7.1,1239,386,3.21,64.36%,69.81%,0.407411,2026-07-24
AMD,521.95,2026-07-27,2,Put,535.00,+2.50%,17.25,19.2,18.85,1285,400,3.21,82.67%,66.01%,-0.683776,2026-07-24
NBIS,187.77,2026-07-31,6,Call,225.00,-19.83%,3.5,4.85,4.85,1329,414,3.21,164.24%,157.01%,0.213292,2026-07-24
MU,920.95,2026-07-27,2,Put,950.00,+3.15%,37.8,42.4,42,2181,681,3.2,96.49%,81.74%,-0.684709,2026-07-24
TSLA,313.03,2026-07-27,2,Call,342.50,-9.41%,0.14,0.14,0.15,2271,709,3.2,48.76%,62.10%,0.026819,2026-07-24
IOT,33.11,2026-10-16,83,Call,45.00,-35.91%,1.15,1.2,1.25,6929,2167,3.2,64.15%,68.08%,0.224538,2026-07-24
T,24.13,2026-12-18,146,Call,26.00,-7.75%,0.95,0.96,0.98,13327,4169,3.2,27.05%,28.18%,0.360948,2026-07-24
AAPL,333.02,2026-07-29,4,Call,330.00,+0.91%,5.4,5.7,5.85,5454,1710,3.19,29.61%,27.84%,0.632905,2026-07-24
DG,117.23,2026-08-14,20,Call,155.00,-32.22%,0.01,0.16,0.16,584,183,3.19,39.44%,54.21%,0.01657,2026-07-24
JNJ,263.4,2026-07-31,6,Call,262.50,+0.34%,3.05,3.8,4.3,591,185,3.19,24.99%,23.56%,0.554393,2026-07-24
ZETA,19.13,2026-07-31,6,Call,21.00,-9.78%,0.17,0.21,0.27,661,207,3.19,92.13%,82.19%,0.204171,2026-07-24
ORCL,114.99,2026-07-31,6,Put,109.00,-5.21%,1.87,1.92,1.94,1185,372,3.19,69.19%,74.35%,-0.270249,2026-07-24
NVDA,206.84,2026-07-29,4,Put,202.50,-2.10%,1.95,2,2.02,2782,872,3.19,41.00%,44.31%,-0.313163,2026-07-24
SMTC,125.92,2028-01-21,545,Put,40.00,-68.23%,4.7,5.4,6.7,3002,942,3.19,101.33%,95.49%,-0.05371,2026-07-24
RKLB,63.91,2026-07-31,6,Call,70.00,-9.53%,1.05,1.06,1.23,3531,1107,3.19,102.61%,97.25%,0.253688,2026-07-24
RKLB,63.91,2026-08-21,27,Call,65.00,-1.71%,6.3,6.69,6.8,3600,1128,3.19,102.61%,100.52%,0.533729,2026-07-24
SPCX,115.07,2026-09-18,55,Call,425.00,-269.34%,0.4,0.49,0.65,521,164,3.18,112.41%,149.03%,0.025045,2026-07-24
TRV,387.26,2026-08-21,27,Put,350.00,-9.62%,0.8,0.95,0.9,1125,354,3.18,22.45%,26.03%,-0.068441,2026-07-24
SMTC,125.92,2028-01-21,545,Put,50.00,-60.29%,7.7,8.3,11,3002,943,3.18,101.33%,96.29%,-0.078592,2026-07-24
MU,920.95,2026-07-27,2,Put,875.00,-4.99%,7.85,8.02,9,738,233,3.17,96.49%,94.33%,-0.220502,2026-07-24
META,595.19,2026-07-31,6,Call,647.50,-8.79%,7.85,8,8.35,953,301,3.17,50.71%,82.91%,0.231345,2026-07-24
FRMI,7.4,2026-07-31,6,Call,7.00,+5.41%,0.9,0.91,0.95,8549,2698,3.17,159.03%,191.91%,0.637331,2026-07-24
VG,14.31,2026-07-31,6,Call,15.00,-4.82%,0.25,0.3,0.3,2472,782,3.16,81.22%,73.46%,0.327219,2026-07-24
BRK.B,494.93,2026-07-31,6,Call,502.50,-1.53%,1.34,1.45,1.79,599,190,3.15,17.05%,16.65%,0.250657,2026-07-24
AMZN,232.11,2026-07-27,2,Call,195.00,+15.99%,36.1,36.61,38.7,988,314,3.15,42.60%,127.27%,0.971173,2026-07-24
BMY,62.09,2026-08-07,13,Call,62.00,+0.14%,1.53,1.89,2,1182,375,3.15,33.77%,36.94%,0.521046,2026-07-24
FCEL,21.26,2026-07-31,6,Call,24.00,-12.89%,0.7,0.8,1,1994,633,3.15,147.12%,165.72%,0.322187,2026-07-24
MU,920.95,2026-07-27,2,Put,900.00,-2.27%,14.4,15.2,15.9,3387,1076,3.15,96.49%,90.25%,-0.351816,2026-07-24
INTC,92.32,2026-07-31,6,Put,95.00,+2.90%,6,6.16,6.3,8903,2824,3.15,85.49%,98.51%,-0.563688,2026-07-24
AMZN,232.11,2026-07-29,4,Call,235.00,-1.25%,2.08,2.18,2.22,3595,1145,3.14,42.60%,34.51%,0.376947,2026-07-24
INTC,92.32,2026-07-27,2,Put,82.00,-11.18%,0.12,0.15,0.17,517,165,3.13,85.49%,99.51%,-0.049652,2026-07-24
ECHO,87.88,2026-10-16,83,Put,80.00,-8.97%,5.2,5.8,6.6,840,268,3.13,65.13%,60.24%,-0.310474,2026-07-24
AVGO,381.92,2026-10-16,83,Put,270.00,-29.30%,3.9,4.1,4.8,2023,646,3.13,51.44%,58.56%,-0.080053,2026-07-24
GM,82.64,2026-07-31,6,Put,82.00,-0.77%,1.22,1.45,1.48,664,213,3.12,35.14%,39.56%,-0.426138,2026-07-24
ORCL,114.99,2026-08-28,34,Call,120.00,-4.36%,7.55,7.65,8.3,680,218,3.12,69.19%,71.19%,0.467695,2026-07-24
JPM,353.21,2026-10-16,83,Put,340.00,-3.74%,10.3,10.8,11.2,787,252,3.12,22.76%,26.00%,-0.343813,2026-07-24
RY,209.09,2026-08-21,27,Call,180.00,+13.91%,27.8,28.75,30.5,1560,500,3.12,20.23%,17.75%,0.997529,2026-07-24
AAPL,333.02,2026-08-28,34,Call,360.00,-8.10%,2.96,3.1,3.15,2296,735,3.12,29.61%,27.83%,0.20102,2026-07-24
TSM,403.41,2026-07-31,6,Call,425.00,-5.35%,3.95,4.3,4.5,1711,550,3.11,50.30%,56.73%,0.250111,2026-07-24
FCX,62.6,2026-08-14,20,Put,55.00,-12.14%,0.55,0.67,1.41,741,239,3.1,52.81%,65.46%,-0.17614,2026-07-24
INTC,92.32,2026-08-21,27,Call,92.50,-0.19%,8.45,8.6,8.85,1142,368,3.1,85.49%,86.45%,0.547141,2026-07-24
AAPL,333.02,2026-07-31,6,Put,317.50,-4.66%,1.98,2.14,2.18,1357,438,3.1,29.61%,44.70%,-0.192146,2026-07-24
SPCX,115.07,2028-01-21,545,Put,115.00,-0.06%,32.8,36.33,36.7,502,163,3.08,112.41%,70.48%,-0.320391,2026-07-24
SLB,52.42,2026-08-21,27,Call,52.00,+0.80%,2.19,2.12,2.35,561,182,3.08,34.41%,35.83%,0.555522,2026-07-24
ON,86.81,2026-10-16,83,Call,135.00,-55.51%,2.38,2.68,3.4,609,198,3.08,86.80%,82.70%,0.183727,2026-07-24
FCX,62.6,2026-07-31,6,Put,59.00,-5.75%,0.57,0.65,0.66,620,201,3.08,52.81%,61.23%,-0.212176,2026-07-24
META,595.19,2026-07-27,2,Call,625.00,-5.01%,0.28,0.31,0.32,1347,437,3.08,50.71%,38.22%,0.043933,2026-07-24
TSLA,313.03,2026-07-27,2,Call,332.50,-6.22%,0.4,0.4,0.42,3087,1005,3.07,48.76%,55.14%,0.073106,2026-07-24
RUN,9.94,2026-07-31,6,Put,10.50,+5.63%,0.74,0.85,0.85,952,311,3.06,97.47%,89.26%,-0.66217,2026-07-24
NVDA,206.84,2026-07-29,4,Call,217.50,-5.15%,0.47,0.49,0.49,4378,1433,3.06,41.00%,39.38%,0.117016,2026-07-24
NFLX,70.09,2026-07-31,6,Call,71.00,-1.30%,0.88,0.9,0.9,11950,3918,3.05,33.93%,35.41%,0.401942,2026-07-24
AAPL,333.02,2026-07-31,6,Call,352.50,-5.85%,1.15,1.25,1.35,704,231,3.05,29.61%,40.41%,0.144364,2026-07-24
TSLA,313.03,2026-07-31,6,Call,300.00,+4.16%,16.9,17,17.25,772,253,3.05,48.76%,57.22%,0.733827,2026-07-24
ORCL,114.99,2026-07-31,6,Call,128.00,-11.31%,0.75,0.77,0.84,1167,382,3.05,69.19%,75.40%,0.145133,2026-07-24
MU,920.95,2026-07-27,2,Put,810.00,-12.05%,2,2.24,2.38,1186,389,3.05,96.49%,116.04%,-0.061825,2026-07-24
MU,920.95,2026-07-27,2,Put,750.00,-18.56%,0.58,0.69,0.87,1005,331,3.04,96.49%,138.81%,-0.020118,2026-07-24
CLSK,14.52,2026-07-31,6,Put,14.50,-0.14%,0.7,0.73,0.8,1026,338,3.04,103.63%,103.01%,-0.468067,2026-07-24
GOOGL,319.74,2026-08-03,9,Call,330.00,-3.21%,2.19,2.5,2.92,860,284,3.03,31.30%,31.15%,0.272762,2026-07-24
RIOT,22.53,2026-07-31,6,Put,20.00,-11.23%,0.39,0.4,0.44,1399,462,3.03,113.21%,120.95%,-0.197887,2026-07-24
NFLX,70.09,2026-09-18,55,Put,100.00,+42.67%,29.2,29.2,30.2,3818,1260,3.03,33.93%,48.76%,-0.986596,2026-07-24
CRM,163.66,2026-07-31,6,Call,177.50,-8.46%,0.53,0.56,0.62,552,183,3.02,46.31%,50.85%,0.113829,2026-07-24
NFLX,70.09,2026-08-21,27,Put,96.00,+36.97%,23.95,25.55,27.85,1636,541,3.02,33.93%,56.57%,-0.989975,2026-07-24
NFLX,70.09,2027-01-15,174,Put,120.00,+71.21%,48.3,50.05,50.55,1828,605,3.02,33.93%,52.24%,-0.943067,2026-07-24
NFLX,70.09,2026-09-18,55,Put,99.00,+41.25%,28.55,28.55,30.1,762,253,3.01,33.93%,62.77%,-0.911108,2026-07-24
NFLX,70.09,2026-12-18,146,Put,110.00,+56.94%,38.05,39.6,41.15,782,260,3.01,33.93%,43.89%,-0.975232,2026-07-24
NFLX,70.09,2026-08-21,27,Put,94.00,+34.11%,23.05,24.4,24.4,786,261,3.01,33.93%,77.67%,-0.90351,2026-07-24
WDC,519.8,2026-07-31,6,Call,580.00,-11.58%,8.9,10.23,12,953,317,3.01,107.20%,113.37%,0.249081,2026-07-24
CRM,163.66,2027-06-17,327,Call,175.00,-6.93%,26.2,27.15,27.65,1287,428,3.01,46.31%,48.74%,0.55121,2026-07-24
NFLX,70.09,2026-09-18,55,Put,101.00,+44.10%,30.55,30.55,32.3,558,186,3,33.93%,67.74%,-0.903275,2026-07-24
NFLX,70.09,2027-01-15,174,Put,140.00,+99.74%,68.05,69.55,71.1,600,200,3,33.93%,59.56%,-0.975393,2026-07-24
NFLX,70.09,2026-09-18,55,Put,102.00,+45.53%,29.8,30.8,33.85,692,231,3,33.93%,51.03%,-0.986985,2026-07-24
NFLX,70.09,2026-09-18,55,Put,111.00,+58.37%,39.3,40.75,42.1,704,235,3,33.93%,60.57%,-0.988258,2026-07-24
PDD,82.66,2026-09-18,55,Put,130.00,+57.27%,45.3,47.2,49.45,732,244,3,38.45%,62.03%,-0.983651,2026-07-24
NFLX,70.09,2027-01-15,174,Put,122.00,+74.06%,50.1,51.55,53.85,750,250,3,33.93%,51.50%,-0.965129,2026-07-24
NFLX,70.09,2026-09-18,55,Put,104.00,+48.38%,33.15,34.25,34.55,774,258,3,33.93%,67.43%,-0.925848,2026-07-24
NFLX,70.09,2027-01-15,174,Put,118.00,+68.35%,46.25,47.6,49.3,790,263,3,33.93%,46.98%,-0.974579,2026-07-24
NFLX,70.09,2026-08-21,27,Put,108.00,+54.09%,35.8,38.5,38.7,960,320,3,33.93%,107.04%,-0.912925,2026-07-24
NFLX,70.09,2027-01-15,174,Put,130.00,+85.48%,57.8,60,61.75,1002,334,3,33.93%,57.03%,-0.964273,2026-07-24
NFLX,70.09,2026-08-21,27,Put,93.00,+32.69%,21.9,22.5,24.6,1148,383,3,33.93%,70.68%,-0.920061,2026-07-24
NFLX,70.09,2026-09-18,55,Put,105.00,+49.81%,33.5,34.85,36.1,1164,388,3,33.93%,54.32%,-0.987485,2026-07-24
NFLX,70.09,2027-01-15,174,Put,112.00,+59.79%,39.8,42.05,42.65,1204,401,3,33.93%,46.89%,-0.939972,2026-07-24
NFLX,70.09,2026-12-18,146,Put,116.00,+65.50%,43.8,46.15,46.75,1230,410,3,33.93%,54.60%,-0.933061,2026-07-24
SPCX,115.07,2026-07-31,6,Call,110.00,+4.41%,8.5,8.8,8.9,1249,416,3,112.41%,100.40%,0.662427,2026-07-24
INTC,92.32,2026-07-31,6,Call,107.00,-15.90%,0.74,0.76,0.86,1489,497,3,85.49%,100.19%,0.139913,2026-07-24
CLSK,14.52,2026-07-31,6,Call,14.50,+0.14%,0.74,0.78,0.81,1496,499,3,103.63%,102.59%,0.532192,2026-07-24
NFLX,70.09,2026-09-18,55,Put,116.00,+65.50%,44.5,45.65,47.05,2190,730,3,33.93%,65.48%,-0.988738,2026-07-24
NFLX,70.09,2026-09-18,55,Put,110.00,+56.94%,38.5,39.7,41.05,2974,992,3,33.93%,59.56%,-0.988146,2026-07-24
BULL,7.49,2027-01-15,174,Put,25.00,+233.78%,16.25,17.53,18.15,5164,1721,3,71.88%,103.00%,-0.961666,2026-07-24
INTC,92.32,2026-09-18,55,Call,135.00,-46.23%,2.38,2.36,2.48,14997,4994,3,85.49%,86.24%,0.169994,2026-07-24
META,595.19,2026-07-27,2,Call,600.00,-0.81%,4.05,4.2,4.3,4320,1443,2.99,50.71%,35.40%,0.386958,2026-07-24
NBIS,187.77,2026-07-31,6,Call,195.00,-3.85%,12.3,14.05,13.9,596,199,2.99,164.24%,168.06%,0.474136,2026-07-24
NFLX,70.09,2026-08-21,27,Put,99.00,+41.25%,27.85,27.85,30.6,546,183,2.98,33.93%,81.23%,-0.931597,2026-07-24
RKLB,63.91,2026-07-31,6,Call,73.00,-14.22%,0.52,0.6,0.63,611,205,2.98,102.61%,94.48%,0.15094,2026-07-24
TTD,17.29,2026-07-31,6,Call,17.50,-1.21%,0.45,0.5,0.5,1040,349,2.98,84.82%,64.02%,0.460647,2026-07-24
BBY,85.43,2026-09-18,55,Put,75.00,-12.21%,1.5,1.75,1.95,1143,383,2.98,36.30%,43.63%,-0.197069,2026-07-24
CSCO,114.17,2027-06-17,327,Put,105.00,-8.03%,11.85,12,12.75,651,219,2.97,51.45%,42.88%,-0.323758,2026-07-24
MSTR,91.67,2026-07-31,6,Put,94.00,+2.54%,5.3,5.4,5.75,924,311,2.97,82.45%,90.39%,-0.561514,2026-07-24
SKHY,154.57,2026-07-31,6,Call,190.00,-22.92%,2,2.1,2.2,2146,722,2.97,121.36%,143.94%,0.153179,2026-07-24
NIO,4.49,2026-07-31,6,Call,4.50,-0.22%,0.12,0.12,0.13,3108,1046,2.97,59.06%,55.98%,0.505263,2026-07-24
ORCL,114.99,2026-08-07,13,Call,120.00,-4.36%,4,3.95,4.15,674,228,2.96,69.19%,70.56%,0.401584,2026-07-24
TSLA,313.03,2026-08-14,20,Put,290.00,-7.36%,5.7,5.7,5.8,1735,586,2.96,48.76%,51.97%,-0.240914,2026-07-24
GOOG,319.09,2026-07-31,6,Call,325.00,-1.85%,3.15,3.25,3.4,3667,1240,2.96,30.87%,34.54%,0.351999,2026-07-24
TSLA,313.03,2026-07-29,4,Put,317.50,+1.43%,9.6,9.91,9.9,1041,353,2.95,48.76%,55.96%,-0.582255,2026-07-24
ASTS,56.2,2026-07-31,6,Call,60.00,-6.76%,1.47,1.55,1.59,1423,482,2.95,115.33%,102.77%,0.334965,2026-07-24
META,595.19,2026-07-27,2,Call,615.00,-3.33%,0.88,0.89,0.92,2100,711,2.95,50.71%,36.41%,0.116115,2026-07-24
INTC,92.32,2026-08-28,34,Call,135.00,-46.23%,0.68,1.18,1.38,823,280,2.94,85.49%,86.97%,0.098834,2026-07-24
BE,184.89,2026-10-16,83,Call,210.00,-13.58%,39.6,41.56,42.85,918,312,2.94,170.03%,142.08%,0.564823,2026-07-24
TSLA,313.03,2026-07-27,2,Call,330.00,-5.42%,0.55,0.55,0.57,12049,4099,2.94,48.76%,53.86%,0.096915,2026-07-24
TSLA,313.03,2026-07-31,6,Put,320.00,+2.23%,12.7,13,12.9,7216,2466,2.93,48.76%,55.56%,-0.60553,2026-07-24
NOK,9.1,2026-08-21,27,Call,11.50,-26.37%,0.1,0.12,0.12,2771,946,2.93,69.89%,71.10%,0.134363,2026-07-24
TSLA,313.03,2026-08-14,20,Call,360.00,-15.00%,2.51,2.56,2.58,1662,569,2.92,48.76%,51.52%,0.139476,2026-07-24
LW,49.58,2026-10-16,83,Call,55.00,-10.93%,1.8,2,2.05,1125,387,2.91,34.26%,40.94%,0.33294,2026-07-24
TSLA,313.03,2026-08-14,20,Put,310.00,-0.97%,12.75,12.83,12.95,2393,823,2.91,48.76%,50.14%,-0.43842,2026-07-24
SOFI,16.46,2026-07-31,6,Call,16.50,-0.24%,0.83,0.86,0.87,3304,1134,2.91,67.20%,102.73%,0.520716,2026-07-24
FCEL,21.26,2026-07-31,6,Call,21.00,+1.22%,1.8,1.9,2.2,658,227,2.9,147.12%,172.56%,0.567079,2026-07-24
ASTS,56.2,2026-08-07,13,Call,70.00,-24.56%,0.88,1,1.12,1063,366,2.9,115.33%,110.79%,0.173722,2026-07-24
LQDA,86.22,2026-07-31,6,Call,100.00,-15.98%,0.25,0.35,0.35,2691,928,2.9,93.98%,78.82%,0.07916,2026-07-24
SPCX,115.07,2026-07-31,6,Put,112.00,-2.67%,4.5,4.58,4.6,5511,1902,2.9,112.41%,103.18%,-0.391897,2026-07-24
SPCX,115.07,2027-06-17,327,Put,105.00,-8.75%,24.3,25,25.4,6012,2079,2.89,112.41%,77.42%,-0.300495,2026-07-24
AMSC,30.52,2026-08-21,27,Put,25.00,-18.09%,1.1,1.22,1.3,503,174,2.89,101.25%,109.05%,-0.20356,2026-07-24
TXN,279.58,2026-12-18,146,Put,230.00,-17.73%,14.75,15.45,16.65,794,275,2.89,54.23%,56.15%,-0.226793,2026-07-24
PAAS,44.03,2026-11-20,118,Put,42.00,-4.61%,3.9,4.14,4.8,901,312,2.89,58.43%,56.15%,-0.371342,2026-07-24
UBER,65.94,2026-08-07,13,Call,72.00,-9.19%,0.86,0.93,1.05,1396,483,2.89,50.19%,58.95%,0.234782,2026-07-24
BE,184.89,2026-07-31,6,Put,167.50,-9.41%,15.3,15.05,16.65,964,335,2.88,170.03%,264.49%,-0.321908,2026-07-24
TSLA,313.03,2026-07-31,6,Put,302.50,-3.36%,4.5,4.55,4.6,2174,755,2.88,48.76%,56.52%,-0.303063,2026-07-24
ORCL,114.99,2026-12-18,146,Put,75.00,-34.78%,4.05,4.4,5,5090,1769,2.88,69.19%,77.36%,-0.127785,2026-07-24
NVDA,206.84,2026-07-31,6,Call,222.50,-7.57%,0.39,0.4,0.4,29401,10222,2.88,41.00%,40.08%,0.083069,2026-07-24
JOBY,6.93,2026-08-14,20,Put,7.50,+8.23%,0.88,0.9,0.94,579,202,2.87,88.28%,87.82%,-0.608513,2026-07-24
AVGO,381.92,2026-08-07,13,Put,330.00,-13.59%,1.49,1.86,2.01,855,298,2.87,51.44%,59.29%,-0.085235,2026-07-24
MSFT,381.7,2026-08-07,13,Call,385.00,-0.86%,13.85,14.9,14.35,1450,505,2.87,43.05%,53.85%,0.490055,2026-07-24
SNAP,4.35,2026-08-14,20,Call,4.50,-3.45%,0.32,0.34,0.36,1783,622,2.87,86.11%,98.74%,0.491009,2026-07-24
LUNR,12.92,2026-07-31,6,Put,13.00,+0.62%,0.75,0.78,0.84,635,222,2.86,116.49%,114.46%,-0.486217,2026-07-24
AMD,521.95,2026-07-27,2,Put,490.00,-6.12%,1.63,1.96,1.95,733,256,2.86,82.67%,75.20%,-0.121807,2026-07-24
RLAY,18.44,2026-12-18,146,Call,13.00,+29.50%,5.6,7,9.1,1260,440,2.86,92.00%,101.76%,0.81299,2026-07-24
SPCX,115.07,2026-07-31,6,Put,99.00,-13.97%,0.95,1,1.05,709,249,2.85,112.41%,106.93%,-0.121044,2026-07-24
WYNN,96.92,2027-01-15,174,Call,110.00,-13.50%,4.7,5.15,6.35,2089,733,2.85,44.50%,36.67%,0.372519,2026-07-24
GOOGL,319.74,2026-07-27,2,Put,320.00,+0.08%,2.41,2.63,2.76,2759,969,2.85,31.30%,26.25%,-0.509799,2026-07-24
TSLA,313.03,2026-07-29,4,Call,332.50,-6.22%,1.62,1.66,1.67,859,302,2.84,48.76%,57.68%,0.167869,2026-07-24
ORCL,114.99,2027-12-17,510,Put,90.00,-21.73%,18.85,18.8,20.6,1250,441,2.83,69.19%,69.24%,-0.227007,2026-07-24
AVGO,381.92,2026-07-27,2,Put,375.00,-1.81%,2.01,2.15,2.37,1190,422,2.82,51.44%,43.94%,-0.279955,2026-07-24
MSFT,381.7,2026-07-27,2,Call,380.00,+0.45%,4.05,4.31,4.3,3027,1073,2.82,43.05%,28.65%,0.590171,2026-07-24
META,595.19,2026-08-07,13,Call,610.00,-2.49%,22,22.9,22.7,1204,428,2.81,50.71%,63.68%,0.446355,2026-07-24
UNH,420.74,2026-07-31,6,Call,440.00,-4.58%,1.02,1.08,1.19,1480,526,2.81,28.44%,30.81%,0.134033,2026-07-24
AMD,521.95,2026-07-27,2,Call,560.00,-7.29%,0.71,0.8,0.88,2252,802,2.81,82.67%,64.21%,0.073184,2026-07-24
S,18.14,2026-09-18,55,Call,21.00,-15.77%,1.05,1.1,1.2,2354,839,2.81,67.30%,74.30%,0.365402,2026-07-24
TSLA,313.03,2026-07-31,6,Call,365.00,-16.60%,0.37,0.39,0.39,6814,2429,2.81,48.76%,65.40%,0.03731,2026-07-24
TRIP,13.7,2026-07-31,6,Call,14.00,-2.19%,0.25,0.3,0.3,507,181,2.8,71.58%,57.09%,0.400816,2026-07-24
TEM,42.69,2026-11-20,118,Call,50.00,-17.12%,5,5.35,5.3,621,222,2.8,81.76%,77.93%,0.457352,2026-07-24
TSLA,313.03,2026-07-31,6,Put,290.00,-7.36%,1.8,1.82,1.85,3716,1327,2.8,48.76%,58.89%,-0.145225,2026-07-24
SOUN,6.16,2026-08-28,34,Call,7.00,-13.64%,0.37,0.44,0.48,617,221,2.79,96.82%,96.09%,0.390684,2026-07-24
TSLA,313.03,2027-06-17,327,Put,650.00,+107.65%,335.3,339.56,339.1,1218,437,2.79,48.76%,53.60%,-0.95612,2026-07-24
DDOG,246.86,2026-07-31,6,Call,275.00,-11.40%,1.41,1.5,1.7,656,236,2.78,83.70%,73.47%,0.137281,2026-07-24
UBER,65.94,2026-08-21,27,Put,67.00,+1.61%,3.85,3.99,4.3,1291,465,2.78,50.19%,50.07%,-0.513908,2026-07-24
MSFT,381.7,2026-07-27,2,Put,375.00,-1.76%,1.07,1.18,1.18,1459,526,2.77,43.05%,31.48%,-0.218465,2026-07-24
AVGO,381.92,2026-07-31,6,Call,405.00,-6.04%,2.79,3.06,3.5,2017,727,2.77,51.44%,54.71%,0.213412,2026-07-24
NVDA,206.84,2026-07-27,2,Put,202.50,-2.10%,0.72,0.76,0.75,25879,9329,2.77,41.00%,37.83%,-0.21862,2026-07-24
DOX,52.1,2026-10-16,83,Put,40.00,-23.22%,0,0.27,1.05,543,197,2.76,40.96%,45.25%,-0.09143,2026-07-24
NVDA,206.84,2026-07-31,6,Call,192.50,+6.93%,15.45,14.27,15.6,1217,441,2.76,41.00%,54.54%,0.857616,2026-07-24
CRWV,71.88,2026-07-31,6,Put,64.00,-10.96%,1.21,1.27,1.28,1432,519,2.76,108.37%,116.04%,-0.195307,2026-07-24
VG,14.31,2026-08-07,13,Call,16.00,-11.81%,0.2,0.3,0.3,663,241,2.75,81.22%,73.11%,0.232016,2026-07-24
ADBE,225.11,2026-07-31,6,Call,230.00,-2.17%,3.75,3.88,4.05,973,354,2.75,48.53%,51.39%,0.388111,2026-07-24
HOOD,94.91,2026-07-31,6,Put,87.00,-8.33%,2.18,2.5,2.41,599,219,2.74,79.42%,115.43%,-0.252822,2026-07-24
HIMS,28.09,2026-07-31,6,Call,33.00,-17.48%,0.22,0.23,0.26,1121,409,2.74,108.59%,105.88%,0.132524,2026-07-24
INTC,92.32,2026-07-27,2,Call,103.00,-11.57%,0.12,0.13,0.17,1939,708,2.74,85.49%,91.04%,0.056111,2026-07-24
GOOGL,319.74,2026-07-27,2,Put,315.00,-1.48%,0.85,0.87,0.99,2983,1087,2.74,31.30%,28.35%,-0.232666,2026-07-24
MU,920.95,2026-07-31,6,Put,935.00,+1.53%,58.6,63.8,61.7,519,190,2.73,96.49%,111.98%,-0.512149,2026-07-24
MSFT,381.7,2026-07-27,2,Call,370.00,+3.07%,11.75,13.1,13.65,681,249,2.73,43.05%,41.76%,0.847829,2026-07-24
META,595.19,2026-07-27,2,Put,575.00,-3.39%,0.99,1.02,1.02,795,292,2.72,50.71%,39.70%,-0.11612,2026-07-24
TSLA,313.03,2026-07-31,6,Put,307.50,-1.77%,6.25,6.35,6.35,3167,1165,2.72,48.76%,55.84%,-0.385226,2026-07-24
CRCL,62.36,2026-07-31,6,Put,63.00,+1.03%,3.3,3.55,3.65,604,223,2.71,97.99%,98.73%,-0.505455,2026-07-24
GOOGL,319.74,2026-07-27,2,Put,325.00,+1.65%,5.6,6.3,6.65,1350,499,2.71,31.30%,29.15%,-0.77087,2026-07-24
DIS,94.85,2026-11-20,118,Call,95.00,-0.16%,7.4,7.55,7.85,2704,999,2.71,35.77%,35.68%,0.536998,2026-07-24
ASTS,56.2,2026-07-31,6,Call,64.00,-13.88%,0.68,0.72,0.75,621,230,2.7,115.33%,104.59%,0.184638,2026-07-24
WULF,18.46,2026-07-31,6,Call,20.50,-11.05%,0.33,0.38,0.42,905,335,2.7,109.94%,113.01%,0.251659,2026-07-24
SLS,11.32,2026-07-31,6,Call,20.00,-76.68%,0.05,0.1,0.45,1717,637,2.7,258.29%,326.77%,0.12555,2026-07-24
AXTI,47.23,2026-09-18,55,Put,45.00,-4.72%,9.9,10.2,10.3,795,296,2.69,174.49%,160.97%,-0.345855,2026-07-24
GLOB,31.3,2026-11-20,118,Put,35.00,+11.82%,7.1,7.4,8.2,835,310,2.69,90.24%,78.61%,-0.504236,2026-07-24
MSFT,381.7,2026-07-27,2,Call,397.50,-4.14%,0.06,0.12,0.14,1713,636,2.69,43.05%,29.16%,0.031358,2026-07-24
AAPL,333.02,2026-07-31,6,Put,325.00,-2.41%,3.8,3.92,4,4353,1618,2.69,29.61%,43.22%,-0.316955,2026-07-24
LAES,2.43,2026-08-07,13,Put,2.50,+2.88%,0.18,0.21,0.22,514,192,2.68,94.06%,88.65%,-0.532002,2026-07-24
TSLA,313.03,2026-07-29,4,Put,290.00,-7.36%,1.07,1.1,1.11,1514,565,2.68,48.76%,61.27%,-0.109485,2026-07-24
MRVL,194.23,2026-07-31,6,Put,125.00,-35.64%,0.12,0.14,0.15,1644,614,2.68,93.54%,153.88%,-0.009773,2026-07-24
IMSR,4.88,2026-12-18,146,Call,10.00,-104.92%,0.4,0.45,0.6,1702,634,2.68,121.69%,121.63%,0.298696,2026-07-24
AMZN,232.11,2026-07-27,2,Put,225.00,-3.06%,0.18,0.2,0.21,1881,702,2.68,42.60%,30.50%,-0.081128,2026-07-24
NFLX,70.09,2026-08-07,13,Call,71.00,-1.30%,1.42,1.42,1.46,2070,779,2.66,33.93%,34.30%,0.441566,2026-07-24
VZ,46.38,2026-07-31,6,Call,46.50,-0.26%,0.56,0.6,0.66,881,333,2.65,25.98%,28.46%,0.475317,2026-07-24
NKE,41.7,2026-07-31,6,Call,42.00,-0.72%,0.61,0.61,0.75,3002,1134,2.65,37.64%,38.42%,0.45139,2026-07-24
PLTR,122.92,2026-07-31,6,Call,124.00,-0.88%,3,3.03,3.1,1990,753,2.64,67.07%,55.94%,0.468985,2026-07-24
NET,262.15,2026-07-31,6,Put,265.00,+1.09%,9.1,8.9,9.95,2023,767,2.64,73.78%,60.09%,-0.538185,2026-07-24
SOFI,16.46,2026-07-31,6,Call,15.50,+5.83%,1.38,1.4,1.53,531,202,2.63,67.20%,108.73%,0.693262,2026-07-24
MSTR,91.67,2026-07-31,6,Put,88.00,-4.00%,2.52,2.67,2.68,2344,891,2.63,82.45%,91.48%,-0.340394,2026-07-24
TSLA,313.03,2026-07-29,4,Put,300.00,-4.16%,2.53,2.5,2.6,6408,2435,2.63,48.76%,57.35%,-0.228395,2026-07-24
KKR,99.36,2026-10-16,83,Put,97.50,-1.87%,6,6.4,6.6,519,199,2.61,42.26%,40.00%,-0.412086,2026-07-24
PENG,53.85,2026-09-18,55,Call,90.00,-67.13%,2,2.2,2.5,564,216,2.61,122.50%,120.50%,0.197023,2026-07-24
INTC,92.32,2026-07-31,6,Call,109.00,-18.07%,0.57,0.61,0.71,668,256,2.61,85.49%,101.98%,0.114838,2026-07-24
ORCL,114.99,2026-07-31,6,Put,111.00,-3.47%,2.43,2.51,2.75,1053,403,2.61,69.19%,74.55%,-0.337112,2026-07-24
HOOD,94.91,2026-07-31,6,Call,95.00,-0.09%,5.35,5.44,5.55,1337,512,2.61,79.42%,112.69%,0.527827,2026-07-24
NVDA,206.84,2026-08-03,9,Call,215.00,-3.95%,1.96,1.96,2.06,2186,837,2.61,41.00%,38.08%,0.272801,2026-07-24
TSLA,313.03,2026-07-27,2,Call,327.50,-4.62%,0.75,0.77,0.78,5347,2045,2.61,48.76%,52.59%,0.127893,2026-07-24
MU,920.95,2026-07-27,2,Put,825.00,-10.42%,2.49,2.94,3.1,678,261,2.6,96.49%,109.17%,-0.080129,2026-07-24
WMT,109.47,2026-08-07,13,Call,119.00,-8.71%,0.07,0.11,0.14,1142,440,2.6,30.85%,25.90%,0.048086,2026-07-24
CRWD,183.28,2026-07-31,6,Put,160.00,-12.70%,0.42,0.48,0.55,647,250,2.59,61.43%,71.93%,-0.063607,2026-07-24
COIN,158.29,2026-08-07,13,Call,220.00,-38.99%,0.15,0.42,0.47,825,318,2.59,80.17%,89.40%,0.03152,2026-07-24
JPM,353.21,2026-07-31,6,Call,357.50,-1.21%,2.29,2.37,2.56,1017,392,2.59,22.76%,23.04%,0.350693,2026-07-24
VZ,46.38,2027-06-17,327,Call,47.00,-1.34%,3.7,3.85,4,3130,1207,2.59,25.98%,26.14%,0.491598,2026-07-24
AAPL,333.02,2026-07-31,6,Call,337.50,-1.35%,5.05,5.05,5.3,3356,1295,2.59,29.61%,41.53%,0.415179,2026-07-24
TSLA,313.03,2026-07-27,2,Call,335.00,-7.02%,0.3,0.29,0.32,7359,2836,2.59,48.76%,56.79%,0.056168,2026-07-24
FRMI,7.4,2026-07-31,6,Call,8.00,-8.11%,0.5,0.57,0.6,33395,12875,2.59,159.03%,207.26%,0.437096,2026-07-24
COIN,158.29,2026-11-20,118,Put,110.00,-30.51%,6.05,6.44,6.55,519,201,2.58,80.17%,77.75%,-0.142563,2026-07-24
NVDA,206.84,2026-07-29,4,Put,197.50,-4.52%,0.96,0.98,1.02,2588,1002,2.58,41.00%,48.32%,-0.172339,2026-07-24
NBIS,187.77,2026-07-31,6,Call,240.00,-27.82%,2.1,2.3,2.75,3235,1254,2.58,164.24%,159.20%,0.136221,2026-07-24
EMBJ,64.93,2027-01-15,174,Call,70.00,-7.81%,6.2,6.55,6.7,663,258,2.57,43.62%,45.57%,0.482914,2026-07-24
INTC,92.32,2026-07-27,2,Put,91.00,-1.43%,1.64,1.75,1.83,1034,402,2.57,85.49%,86.54%,-0.397761,2026-07-24
HOOD,94.91,2026-11-20,118,Call,155.00,-63.31%,2.88,3.2,3.25,1446,562,2.57,79.42%,73.09%,0.172935,2026-07-24
MU,920.95,2026-07-31,6,Call,"1,340.00",-45.50%,0.3,0.45,0.7,666,261,2.55,96.49%,122.57%,0.010619,2026-07-24
NVDA,206.84,2026-08-07,13,Call,217.50,-5.15%,2.37,2.43,2.44,1489,584,2.55,41.00%,39.41%,0.266411,2026-07-24
CLSK,14.52,2026-08-21,27,Call,18.50,-27.41%,0.42,0.54,0.58,503,198,2.54,103.63%,103.27%,0.238066,2026-07-24
BE,184.89,2026-08-07,13,Put,190.00,+2.76%,29.7,31.38,32.7,602,238,2.53,170.03%,204.66%,-0.45022,2026-07-24
NOW,98.78,2026-07-31,6,Put,96.00,-2.81%,1.94,2.02,2.06,920,363,2.53,58.12%,64.67%,-0.347555,2026-07-24
MU,920.95,2026-07-31,6,Call,940.00,-2.07%,43.6,44.32,46.3,982,388,2.53,96.49%,112.96%,0.474107,2026-07-24
NVDA,206.84,2026-07-29,4,Call,215.00,-3.95%,0.84,0.89,0.89,9080,3586,2.53,41.00%,40.07%,0.185807,2026-07-24
AAPL,333.02,2026-07-31,6,Call,340.00,-2.10%,4.1,4.16,4.25,13199,5218,2.53,29.61%,41.03%,0.360241,2026-07-24
AAPL,333.02,2026-07-31,6,Put,322.50,-3.16%,3.05,3.18,3.3,996,397,2.51,29.61%,43.60%,-0.270682,2026-07-24
AMZN,232.11,2026-07-31,6,Call,232.50,-0.17%,8.1,8.2,8.3,1654,660,2.51,42.60%,70.11%,0.513124,2026-07-24
NVDA,206.84,2026-07-31,6,Put,187.50,-9.35%,0.54,0.57,0.56,4269,1700,2.51,41.00%,56.03%,-0.079407,2026-07-24
INTC,92.32,2026-08-21,27,Put,85.00,-7.93%,5,5.09,5.1,16780,6703,2.5,85.49%,86.24%,-0.316315,2026-07-24
ORCL,114.99,2026-07-31,6,Put,105.00,-8.69%,0.96,1,1.05,2531,1013,2.5,69.19%,75.98%,-0.162355,2026-07-24
RKLB,63.91,2026-07-31,6,Call,75.00,-17.35%,0.37,0.4,0.43,3360,1346,2.5,102.61%,96.56%,0.110126,2026-07-24
SKHY,154.57,2026-09-18,55,Put,100.00,-35.30%,5.3,5.67,5.9,1540,618,2.49,121.36%,122.97%,-0.122735,2026-07-24
TSLA,313.03,2026-07-31,6,Put,317.50,+1.43%,11.1,11.35,11.35,1605,645,2.49,48.76%,55.26%,-0.562931,2026-07-24
AAPL,333.02,2026-07-31,6,Put,330.00,-0.91%,5.55,5.75,5.75,4725,1909,2.48,29.61%,42.05%,-0.419053,2026-07-24
NOW,98.78,2026-07-31,6,Put,84.00,-14.96%,0.09,0.11,0.12,770,310,2.48,58.12%,69.07%,-0.030012,2026-07-24
SPCX,115.07,2026-07-31,6,Call,119.00,-3.42%,4.4,4.52,4.6,825,333,2.48,112.41%,104.37%,0.428719,2026-07-24
TSLA,313.03,2026-08-07,13,Put,285.00,-8.95%,3,3.1,3.1,1461,589,2.48,48.76%,55.18%,-0.167488,2026-07-24
GOOGL,319.74,2026-07-27,2,Put,310.00,-3.05%,0.2,0.23,0.24,1887,760,2.48,31.30%,28.93%,-0.071698,2026-07-24
GRAB,3.31,2026-08-07,13,Call,3.50,-5.74%,0.1,0.1,0.11,595,241,2.47,60.34%,71.50%,0.368182,2026-07-24
ARM,260.01,2026-11-20,118,Put,220.00,-15.39%,31.55,31.4,34.85,1282,518,2.47,103.59%,96.81%,-0.275342,2026-07-24
WHR,37.27,2026-08-21,27,Put,37.50,+0.62%,3,3.03,3.3,2384,967,2.47,76.30%,73.31%,-0.477556,2026-07-24
OTLK,1.405,2026-08-21,27,Put,1.5000,+7.14%,0.35,0.35,0.45,4715,1906,2.47,205.27%,227.49%,-0.418128,2026-07-24
NVDA,206.84,2026-07-27,2,Put,210.00,+1.53%,3.8,3.8,3.95,16510,6705,2.46,41.00%,31.15%,-0.739528,2026-07-24
AXP,326.17,2026-07-31,6,Put,310.00,-4.96%,0.43,0.65,0.71,646,263,2.46,26.80%,30.73%,-0.093432,2026-07-24
UBER,65.94,2026-08-07,13,Put,66.00,+0.09%,2.88,2.88,3.15,1071,436,2.46,50.19%,60.92%,-0.476716,2026-07-24
CPRT,27.94,2028-01-21,545,Call,30.00,-7.37%,4.2,4.75,5.1,2524,1026,2.46,32.20%,35.30%,0.575853,2026-07-24
TSLA,313.03,2026-07-29,4,Call,335.00,-7.02%,1.32,1.35,1.37,3201,1300,2.46,48.76%,58.33%,0.141448,2026-07-24
AMD,521.95,2026-07-29,4,Call,550.00,-5.37%,7.35,7.2,8.05,669,273,2.45,82.67%,82.07%,0.287129,2026-07-24
TSM,403.41,2026-08-07,13,Put,385.00,-4.56%,8.4,9.08,9.1,903,368,2.45,50.30%,55.53%,-0.306145,2026-07-24
APLD,27.19,2026-09-18,55,Put,28.00,+2.98%,4.8,4.9,5.25,1598,652,2.45,118.14%,110.61%,-0.438113,2026-07-24
INTC,92.32,2026-07-31,6,Call,105.00,-13.73%,1,1,1.12,7735,3160,2.45,85.49%,100.32%,0.175526,2026-07-24
SPCX,115.07,2026-08-21,27,Put,113.00,-1.80%,13.1,13.3,13.4,1209,495,2.44,112.41%,116.91%,-0.411871,2026-07-24
SONY,20.98,2026-07-31,6,Call,22.00,-4.86%,0.25,0.4,0.4,1084,447,2.43,40.31%,65.59%,0.302349,2026-07-24
OKLO,40.25,2026-07-31,6,Call,47.50,-18.01%,0.24,0.29,0.49,520,215,2.42,96.72%,109.82%,0.135286,2026-07-24
AVGO,381.92,2026-07-31,6,Put,335.00,-12.29%,0.64,0.75,0.87,744,307,2.42,51.44%,65.50%,-0.053875,2026-07-24
OII,52.73,2027-01-15,174,Call,50.00,+5.18%,7.4,8.25,10.8,2508,1036,2.42,50.64%,52.51%,0.638497,2026-07-24
LYB,60.32,2026-08-21,27,Call,60.00,+0.53%,3.4,3.49,3.7,1077,446,2.41,50.33%,52.34%,0.540459,2026-07-24
ON,86.81,2027-01-15,174,Put,60.00,-30.88%,5.6,5.83,6,2408,998,2.41,86.80%,81.71%,-0.167466,2026-07-24
TSLA,313.03,2026-07-31,6,Call,325.00,-3.82%,4.35,4.4,4.45,7920,3281,2.41,48.76%,55.82%,0.315495,2026-07-24
NFLX,70.09,2026-07-31,6,Put,69.00,-1.56%,0.75,0.77,0.78,5354,2228,2.4,33.93%,35.11%,-0.351226,2026-07-24
MU,920.95,2026-07-29,4,Put,900.00,-2.27%,31.75,34.64,34.3,746,311,2.4,96.49%,112.71%,-0.398647,2026-07-24
CELH,27.12,2028-01-21,545,Put,20.00,-26.25%,3.3,4.15,4.25,847,355,2.39,78.37%,65.63%,-0.201877,2026-07-24
BMNR,15.79,2026-07-31,6,Call,16.00,-1.33%,0.61,0.65,0.66,5571,2343,2.38,82.59%,90.02%,0.479251,2026-07-24
TSLA,313.03,2026-07-31,6,Put,300.00,-4.16%,3.75,3.82,3.85,10340,4349,2.38,48.76%,56.68%,-0.264789,2026-07-24
OKLO,40.25,2026-07-31,6,Call,49.00,-21.74%,0.16,0.2,0.35,630,265,2.38,96.72%,112.38%,0.098676,2026-07-24
JPM,353.21,2026-07-31,6,Call,352.50,+0.20%,4.45,4.8,5,720,303,2.38,22.76%,23.84%,0.536335,2026-07-24
PDD,82.66,2026-09-18,55,Put,135.00,+63.32%,50.3,52.2,54.15,732,307,2.38,38.45%,63.79%,-0.98882,2026-07-24
MU,920.95,2026-07-27,2,Call,975.00,-5.87%,4.8,5,5.75,929,390,2.38,96.49%,81.31%,0.180261,2026-07-24
TSLA,313.03,2026-07-31,6,Put,280.00,-10.55%,0.89,0.9,0.91,2944,1235,2.38,48.76%,62.98%,-0.076627,2026-07-24
RILY,6.88,2026-08-07,13,Call,8.50,-23.55%,0.08,0.1,0.14,505,213,2.37,81.72%,107.37%,0.163033,2026-07-24
HAL,33.36,2026-08-07,13,Put,32.00,-4.08%,0.39,0.39,0.49,508,214,2.37,37.36%,39.79%,-0.274565,2026-07-24
TSLA,313.03,2026-08-21,27,Call,382.50,-22.19%,1.74,1.5,1.78,550,233,2.36,48.76%,51.74%,0.090946,2026-07-24
LULU,114.28,2026-07-31,6,Call,118.00,-3.26%,1.39,1.49,1.57,733,310,2.36,48.18%,49.74%,0.322345,2026-07-24
NOW,98.78,2026-07-31,6,Call,98.00,+0.79%,3.65,3.69,3.85,1957,828,2.36,58.12%,65.89%,0.556918,2026-07-24
AMD,521.95,2026-07-31,6,Put,490.00,-6.12%,10.45,11.55,11.55,2079,880,2.36,82.67%,91.71%,-0.274085,2026-07-24
INTC,92.32,2026-08-07,13,Call,102.00,-10.49%,2.72,2.8,2.98,543,231,2.35,85.49%,89.82%,0.309504,2026-07-24
SKHY,154.57,2026-07-31,6,Call,155.00,-0.28%,10.7,11,11.2,554,236,2.35,121.36%,140.67%,0.531116,2026-07-24
XOM,156.94,2026-08-07,13,Call,170.00,-8.32%,0.61,0.73,0.82,1564,666,2.35,33.44%,36.88%,0.133729,2026-07-24
INTC,92.32,2026-07-31,6,Call,97.00,-5.07%,2.7,2.76,2.91,2402,1022,2.35,85.49%,98.57%,0.372884,2026-07-24
CLSK,14.52,2026-07-31,6,Call,16.50,-13.64%,0.16,0.18,0.23,2838,1209,2.35,103.63%,105.55%,0.191436,2026-07-24
NVDA,206.84,2026-07-31,6,Put,195.00,-5.72%,1.22,1.24,1.25,23463,9995,2.35,41.00%,50.08%,-0.169145,2026-07-24
CRWV,71.88,2026-07-31,6,Put,74.00,+2.95%,5.15,5.37,5.45,505,216,2.34,108.37%,112.09%,-0.550635,2026-07-24
BMY,62.09,2026-08-07,13,Put,57.00,-8.20%,0.22,0.33,0.45,570,244,2.34,33.77%,41.90%,-0.131203,2026-07-24
NOK,9.1,2026-07-31,6,Call,8.00,+12.09%,1.07,1.08,1.14,570,244,2.34,69.89%,45.45%,0.987419,2026-07-24
BALL,63.84,2026-10-16,83,Call,65.00,-1.82%,2.55,3.1,3.3,656,280,2.34,34.15%,27.16%,0.486242,2026-07-24
MU,920.95,2026-07-31,6,Put,560.00,-39.19%,0.8,0.96,1.01,767,328,2.34,96.49%,179.90%,-0.011475,2026-07-24
PAGP,26.45,2026-11-20,118,Put,25.00,-5.48%,0.8,0.81,0.9,586,251,2.33,21.16%,24.11%,-0.328343,2026-07-24
RLAY,18.44,2026-09-18,55,Call,21.00,-13.88%,0.95,1.5,1.9,712,305,2.33,92.00%,81.09%,0.405968,2026-07-24
MU,920.95,2026-07-31,6,Call,980.00,-6.41%,28.15,27.96,30.35,941,404,2.33,96.49%,110.17%,0.357445,2026-07-24
TSLA,313.03,2026-07-29,4,Call,345.00,-10.21%,0.61,0.62,0.63,1048,450,2.33,48.76%,61.64%,0.070954,2026-07-24
CLF,11.93,2026-09-18,55,Put,11.00,-7.80%,0.71,0.79,0.83,1871,802,2.33,68.94%,67.27%,-0.325721,2026-07-24
NVDA,206.84,2026-07-31,6,Put,210.00,+1.53%,6.15,6.32,6.25,15041,6442,2.33,41.00%,42.25%,-0.597146,2026-07-24
RKT,13.05,2026-07-31,6,Call,13.50,-3.45%,0.28,0.3,0.31,13811,5943,2.32,72.30%,71.37%,0.375137,2026-07-24
TRV,387.26,2026-08-21,27,Put,370.00,-4.46%,3.1,3.3,3.4,683,295,2.32,22.45%,23.55%,-0.2212,2026-07-24
TSLA,313.03,2026-08-07,13,Put,295.00,-5.76%,5.15,5.24,5.25,896,386,2.32,48.76%,53.63%,-0.258506,2026-07-24
INTC,92.32,2026-07-31,6,Call,90.00,+2.51%,5.75,5.88,6.15,924,398,2.32,85.49%,100.32%,0.604892,2026-07-24
HPQ,25.75,2026-08-14,20,Call,26.00,-0.97%,0.94,1.08,1.13,1402,605,2.32,47.55%,48.16%,0.485861,2026-07-24
TSCO,31.02,2026-08-14,20,Put,30.00,-3.29%,0.65,0.91,0.8,530,229,2.31,41.34%,41.06%,-0.344544,2026-07-24
CHTR,123.31,2026-09-18,55,Put,120.00,-2.68%,9,9.4,10.4,535,232,2.31,58.18%,61.57%,-0.400722,2026-07-24
GOOGL,319.74,2026-08-07,13,Put,295.00,-7.74%,0.85,0.98,1.16,960,415,2.31,31.30%,34.52%,-0.099311,2026-07-24
COIN,158.29,2026-11-20,118,Call,300.00,-89.53%,3.1,3.45,4.4,2263,979,2.31,80.17%,80.15%,0.12553,2026-07-24
MSFT,381.7,2026-12-18,146,Call,670.00,-75.53%,0.88,0.92,0.98,1207,524,2.3,43.05%,42.08%,0.026262,2026-07-24
CMCSA,22.3,2026-07-31,6,Call,23.00,-3.14%,0.14,0.15,0.2,2223,965,2.3,32.45%,37.73%,0.265491,2026-07-24
TSLA,313.03,2026-07-31,6,Put,285.00,-8.95%,1.26,1.26,1.29,2579,1120,2.3,48.76%,60.77%,-0.105624,2026-07-24
HUT,109.99,2026-08-21,27,Call,125.00,-13.65%,8.15,9.2,9.05,507,221,2.29,117.82%,116.85%,0.40702,2026-07-24
CCL,26.33,2026-08-21,27,Call,29.50,-12.04%,0.3,0.33,0.36,531,232,2.29,47.14%,45.06%,0.195095,2026-07-24
OKLO,40.25,2026-07-31,6,Call,42.00,-4.35%,1.28,1.36,1.42,536,234,2.29,96.72%,99.99%,0.396161,2026-07-24
INTC,92.32,2026-07-29,4,Call,97.00,-5.07%,1.76,1.8,2.06,688,301,2.29,85.49%,95.92%,0.330329,2026-07-24
SKHY,154.57,2026-07-31,6,Put,114.00,-26.25%,0.6,0.85,0.9,934,408,2.29,121.36%,156.83%,-0.052893,2026-07-24
MU,920.95,2026-07-27,2,Call,"1,030.00",-11.84%,0.84,1,1.21,948,414,2.29,96.49%,86.54%,0.043472,2026-07-24
INTC,92.32,2026-07-31,6,Put,97.00,+5.07%,7.25,7.35,7.6,955,417,2.29,85.49%,98.23%,-0.628087,2026-07-24
MSTR,91.67,2026-07-31,6,Call,93.00,-1.45%,3.6,3.75,3.8,706,309,2.28,82.45%,91.29%,0.476286,2026-07-24
LOW,207.64,2026-10-16,83,Put,200.00,-3.68%,8.9,9.2,9.7,735,322,2.28,36.91%,33.71%,-0.369253,2026-07-24
VALE,14.79,2027-01-15,174,Call,16.00,-8.18%,0.74,0.77,0.82,738,323,2.28,35.55%,34.28%,0.369436,2026-07-24
C,132.19,2026-07-31,6,Call,133.00,-0.61%,1.7,1.77,1.93,826,362,2.28,30.10%,32.14%,0.451955,2026-07-24
NOW,98.78,2026-08-07,13,Put,100.00,+1.24%,4.95,5.15,5.2,962,422,2.28,58.12%,60.20%,-0.51703,2026-07-24
TSLA,313.03,2026-07-27,2,Call,340.00,-8.62%,0.17,0.18,0.19,5424,2378,2.28,48.76%,60.04%,0.033405,2026-07-24
DELL,437.5,2026-07-31,6,Call,440.00,-0.57%,17.3,17.9,19.9,537,237,2.27,84.30%,87.95%,0.504057,2026-07-24
GME,21.17,2026-08-28,34,Put,20.00,-5.53%,0.12,0.31,0.4,798,351,2.27,30.98%,26.97%,-0.241853,2026-07-24
HIMS,28.09,2026-07-31,6,Put,26.00,-7.44%,0.6,0.65,0.69,999,441,2.27,108.59%,105.89%,-0.260663,2026-07-24
CMG,31.79,2026-07-31,6,Call,32.00,-0.66%,1.37,1.39,1.45,847,374,2.26,53.85%,92.25%,0.503391,2026-07-24
INTC,92.32,2026-07-31,6,Put,79.00,-14.43%,0.68,0.74,0.8,980,434,2.26,85.49%,106.90%,-0.113355,2026-07-24
ORCL,114.99,2026-07-31,6,Call,119.00,-3.49%,2.65,2.66,2.83,1653,732,2.26,69.19%,74.37%,0.378717,2026-07-24
TSLA,313.03,2026-08-07,13,Call,320.00,-2.23%,9.35,9.5,9.5,2074,918,2.26,48.76%,52.22%,0.435999,2026-07-24
CLF,11.93,2026-08-21,27,Put,11.00,-7.80%,0.43,0.44,0.61,2224,985,2.26,68.94%,73.81%,-0.304698,2026-07-24
CRCL,62.36,2026-07-31,6,Put,55.00,-11.80%,0.65,0.68,0.76,2585,1145,2.26,97.99%,103.26%,-0.154097,2026-07-24
MU,920.95,2026-07-27,2,Put,725.00,-21.28%,0.34,0.47,0.63,610,271,2.25,96.49%,149.27%,-0.01315,2026-07-24
TMUS,180.09,2026-08-21,27,Call,217.50,-20.77%,0.35,0.35,0.5,674,299,2.25,33.04%,41.11%,0.052227,2026-07-24
WMT,109.47,2026-08-14,20,Call,115.00,-5.05%,0.7,0.76,0.8,1071,476,2.25,30.85%,24.80%,0.213369,2026-07-24
MU,920.95,2026-07-29,4,Call,"1,000.00",-8.58%,13.5,14,14.6,1172,521,2.25,96.49%,105.41%,0.245833,2026-07-24
AXP,326.17,2026-10-16,83,Put,300.00,-8.02%,6.2,6.3,6.55,646,288,2.24,26.80%,28.19%,-0.233307,2026-07-24
TSLA,313.03,2026-08-14,20,Call,320.00,-2.23%,11.8,11.87,11.95,901,402,2.24,48.76%,50.25%,0.455593,2026-07-24
MU,920.95,2026-07-31,6,Put,930.00,+0.98%,56.2,58.61,58.45,903,403,2.24,96.49%,111.94%,-0.497257,2026-07-24
ASTS,56.2,2026-07-31,6,Put,45.00,-19.93%,0.17,0.2,0.29,1220,545,2.24,115.33%,117.22%,-0.059648,2026-07-24
TTD,17.29,2026-07-31,6,Call,18.00,-4.11%,0.29,0.3,0.31,1404,627,2.24,84.82%,64.79%,0.331473,2026-07-24
CRWD,183.28,2026-08-21,27,Call,185.00,-0.94%,10.6,11.35,12.25,1856,827,2.24,61.43%,60.35%,0.516554,2026-07-24
LULU,114.28,2026-12-18,146,Put,300.00,+162.51%,184,185.1,186.95,3800,1700,2.24,48.18%,83.61%,-0.979357,2026-07-24
AMD,521.95,2026-07-31,6,Put,525.00,+0.58%,24,26,26,604,271,2.23,82.67%,88.16%,-0.496347,2026-07-24
SPCX,115.07,2026-07-31,6,Put,94.00,-18.31%,0.45,0.49,0.55,744,333,2.23,112.41%,110.34%,-0.066252,2026-07-24
WDC,519.8,2026-07-31,6,Call,700.00,-34.67%,0.55,0.6,1.06,938,420,2.23,107.20%,116.91%,0.028281,2026-07-24
AAL,14.48,2026-07-31,6,Call,14.50,-0.14%,0.39,0.41,0.41,1090,489,2.23,50.17%,55.55%,0.505144,2026-07-24
BE,184.89,2026-08-07,13,Call,205.00,-10.88%,20.1,20.71,22.4,2186,980,2.23,170.03%,206.98%,0.473783,2026-07-24
SKHY,154.57,2026-07-31,6,Put,150.00,-2.96%,8.6,8.8,9,4814,2158,2.23,121.36%,141.06%,-0.397765,2026-07-24
IONQ,32.84,2026-08-21,27,Call,40.00,-21.80%,1.5,1.51,1.6,10403,4659,2.23,104.52%,106.11%,0.298093,2026-07-24
SLS,11.32,2026-07-31,6,Call,12.00,-6.01%,0.7,0.74,0.75,1877,844,2.22,258.29%,172.58%,0.44024,2026-07-24
GLW,146.65,2026-09-18,55,Put,90.00,-38.63%,1.44,1.66,1.92,1259,570,2.21,89.02%,93.82%,-0.062469,2026-07-24
NVDA,206.84,2026-08-07,13,Call,207.50,-0.32%,6.2,6.35,6.45,1409,638,2.21,41.00%,41.95%,0.505298,2026-07-24
MU,920.95,2026-07-27,2,Put,760.00,-17.48%,0.62,0.85,1.02,630,286,2.2,96.49%,133.74%,-0.02321,2026-07-24
SPCX,115.07,2028-01-21,545,Call,235.00,-104.22%,15.2,16.1,18.4,750,341,2.2,112.41%,70.43%,0.371059,2026-07-24
INTC,92.32,2026-07-31,6,Call,111.00,-20.23%,0.47,0.49,0.58,946,430,2.2,85.49%,104.33%,0.095599,2026-07-24
MU,920.95,2026-07-27,2,Call,"1,050.00",-14.01%,0.5,0.6,0.65,1708,777,2.2,96.49%,89.15%,0.025519,2026-07-24
TGT,136.78,2026-07-31,6,Call,124.00,+9.34%,12.6,13.47,13.4,692,316,2.19,43.82%,49.58%,0.94209,2026-07-24
TSLA,313.03,2026-09-18,55,Call,310.00,+0.97%,25.35,25.48,25.6,1013,462,2.19,48.76%,47.92%,0.569602,2026-07-24
NVDA,206.84,2026-07-31,6,Call,220.00,-6.36%,0.64,0.66,0.66,72481,33167,2.19,41.00%,40.50%,0.124659,2026-07-24
AAL,14.48,2026-08-21,27,Put,14.50,+0.14%,0.72,0.87,0.82,638,293,2.18,50.17%,48.59%,-0.476545,2026-07-24
UEC,9.51,2026-09-18,55,Put,7.00,-26.39%,0.17,0.19,0.19,777,357,2.18,78.97%,76.23%,-0.11497,2026-07-24
TE,5,2026-09-18,55,Call,5.00,0.00%,1.05,1.1,1.15,785,360,2.18,149.00%,142.45%,0.612782,2026-07-24
RIVN,15.84,2026-07-31,6,Call,15.00,+5.30%,1.28,1.34,1.37,963,442,2.18,76.00%,105.70%,0.682352,2026-07-24
TSLA,313.03,2026-08-07,13,Put,310.00,-0.97%,10.55,10.75,10.7,1749,803,2.18,48.76%,52.25%,-0.437021,2026-07-24
AAPL,333.02,2026-08-14,20,Call,325.00,+2.41%,14.25,14,15.45,3749,1716,2.18,29.61%,32.46%,0.648903,2026-07-24
LLY,1196.03,2026-07-31,6,Put,835.00,-30.19%,0.02,0.17,0.37,624,287,2.17,44.45%,107.49%,-0.003691,2026-07-24
NVO,48.77,2026-08-21,27,Call,49.50,-1.50%,2.11,2.18,2.22,663,305,2.17,48.30%,48.20%,0.473089,2026-07-24
SKHY,154.57,2026-07-31,6,Put,113.00,-26.89%,0.7,0.8,0.9,916,422,2.17,121.36%,162.84%,-0.053975,2026-07-24
TSLA,313.03,2026-07-29,4,Put,315.00,+0.63%,8.15,8.35,8.45,6277,2902,2.16,48.76%,55.93%,-0.528932,2026-07-24
TSM,403.41,2026-07-31,6,Call,415.00,-2.87%,6.95,6.94,7.6,1456,676,2.15,50.30%,57.99%,0.367835,2026-07-24
GOOGL,319.74,2026-10-16,83,Call,380.00,-18.85%,3.45,3.79,3.95,2321,1082,2.15,31.30%,31.81%,0.155888,2026-07-24
NBIS,187.77,2026-08-07,13,Call,220.00,-17.16%,12.4,12.4,14.5,6957,3237,2.15,164.24%,173.27%,0.375596,2026-07-24
CRWV,71.88,2026-07-31,6,Put,58.00,-19.31%,0.37,0.37,0.4,538,251,2.14,108.37%,121.59%,-0.072449,2026-07-24
AMZN,232.11,2026-07-29,4,Put,220.00,-5.22%,0.36,0.41,0.41,1139,533,2.14,42.60%,38.59%,-0.087575,2026-07-24
TSLA,313.03,2026-07-29,4,Call,340.00,-8.62%,0.89,0.91,0.93,3044,1420,2.14,48.76%,59.93%,0.100325,2026-07-24
NVDA,206.84,2026-07-31,6,Put,202.50,-2.10%,2.85,2.85,2.91,6705,3144,2.13,41.00%,45.62%,-0.344754,2026-07-24
TGT,136.78,2026-07-31,6,Call,125.00,+8.61%,11.6,12.49,12.4,688,324,2.12,43.82%,46.33%,0.938667,2026-07-24
AMD,521.95,2026-07-27,2,Put,515.00,-1.33%,6.9,7.71,7.9,743,351,2.12,82.67%,68.92%,-0.385279,2026-07-24
B,37.11,2026-08-21,27,Call,44.00,-18.57%,0.21,0.27,0.32,803,378,2.12,46.21%,49.18%,0.115577,2026-07-24
SPCX,115.07,2026-07-31,6,Call,230.00,-99.88%,0.2,0.28,0.3,1039,491,2.12,112.41%,245.59%,0.020688,2026-07-24
INTC,92.32,2026-07-31,6,Put,91.00,-1.43%,3.85,4.05,4.15,1132,535,2.12,85.49%,99.26%,-0.428502,2026-07-24
IREN,37.07,2026-08-14,20,Call,52.00,-40.28%,0.51,0.75,0.9,1293,611,2.12,127.00%,120.76%,0.147093,2026-07-24
ORCL,114.99,2026-10-16,83,Call,165.00,-43.49%,3.65,3.77,3.85,3247,1532,2.12,69.19%,72.98%,0.196678,2026-07-24
QCOM,166.97,2026-08-07,13,Put,150.00,-10.16%,3.15,3.43,3.55,524,248,2.11,67.30%,80.21%,-0.215545,2026-07-24
TSLA,313.03,2026-10-16,83,Call,470.00,-50.15%,2.15,2.09,2.25,1423,676,2.11,48.76%,52.18%,0.070091,2026-07-24
MSTR,91.67,2026-07-31,6,Call,109.00,-18.90%,0.3,0.4,0.43,588,280,2.1,82.45%,91.40%,0.07869,2026-07-24
MRVL,194.23,2026-07-31,6,Call,195.00,-0.40%,9.7,10.3,10.4,891,424,2.1,93.54%,104.35%,0.516588,2026-07-24
TSLA,313.03,2026-07-29,4,Call,327.50,-4.62%,2.44,2.45,2.5,949,452,2.1,48.76%,56.68%,0.234137,2026-07-24
SNDK,1436.56,2026-07-31,6,Call,"1,500.00",-4.42%,75,75.43,78,1444,689,2.1,136.49%,139.82%,0.441119,2026-07-24
MU,920.95,2026-07-27,2,Call,"1,025.00",-11.30%,1.02,1.16,1.36,536,256,2.09,96.49%,85.97%,0.049759,2026-07-24
GOOG,319.09,2026-08-07,13,Call,340.00,-6.55%,1.41,1.55,1.7,543,260,2.09,30.87%,31.97%,0.15811,2026-07-24
META,595.19,2026-07-27,2,Put,590.00,-0.87%,3.95,4.03,4.25,2264,1082,2.09,50.71%,36.57%,-0.365862,2026-07-24
TSLA,313.03,2026-08-21,27,Call,320.00,-2.23%,13.85,13.81,14,2782,1334,2.09,48.76%,49.04%,0.468784,2026-07-24
INTC,92.32,2026-07-31,6,Put,85.00,-7.93%,1.76,1.82,1.9,3946,1889,2.09,85.49%,101.68%,-0.241209,2026-07-24
JOBY,6.93,2026-08-21,27,Call,7.50,-8.23%,0.44,0.58,0.55,543,261,2.08,88.28%,94.66%,0.433318,2026-07-24
ORCL,114.99,2026-07-31,6,Call,138.00,-20.01%,0.2,0.22,0.24,905,435,2.08,69.19%,81.74%,0.045965,2026-07-24
MRVL,194.23,2026-10-16,83,Put,185.00,-4.75%,27.8,28.59,29.25,906,435,2.08,93.54%,94.10%,-0.364337,2026-07-24
AMZN,232.11,2026-07-31,6,Put,222.50,-4.14%,4.15,4.23,4.35,1038,500,2.08,42.60%,70.71%,-0.302398,2026-07-24
TSLA,313.03,2026-08-05,11,Call,320.00,-2.23%,8.1,7.98,8.35,544,263,2.07,48.76%,51.26%,0.42437,2026-07-24
APLD,27.19,2026-07-31,6,Call,28.00,-2.98%,1.7,1.98,2,623,301,2.07,118.14%,157.91%,0.483712,2026-07-24
QS,4.89,2026-09-18,55,Put,4.00,-18.20%,0.23,0.25,0.26,699,337,2.07,89.48%,86.73%,-0.218768,2026-07-24
SAP,160,2026-08-21,27,Put,140.00,-12.50%,1.1,1.25,1.4,848,409,2.07,43.46%,44.47%,-0.123544,2026-07-24
AAPL,333.02,2026-09-18,55,Call,385.00,-15.61%,1.64,1.73,1.82,1803,870,2.07,29.61%,27.65%,0.105596,2026-07-24
NVDA,206.84,2026-08-05,11,Call,215.00,-3.95%,2.53,2.55,2.67,505,245,2.06,41.00%,39.19%,0.301181,2026-07-24
PYPL,56.15,2026-07-31,6,Put,45.00,-19.86%,0.07,0.1,0.11,570,277,2.06,46.51%,96.42%,-0.031749,2026-07-24
NVDA,206.84,2026-08-03,9,Put,197.50,-4.52%,1.93,2.21,2.04,578,280,2.06,41.00%,43.20%,-0.234097,2026-07-24
META,595.19,2026-08-07,13,Put,610.00,+2.49%,35.8,33.75,36.8,736,358,2.06,50.71%,63.22%,-0.555331,2026-07-24
INTC,92.32,2026-07-31,6,Call,102.00,-10.49%,1.42,1.46,1.55,1195,580,2.06,85.49%,97.85%,0.233234,2026-07-24
RGTI,14.15,2026-07-31,6,Call,15.00,-6.01%,0.36,0.39,0.4,1701,824,2.06,98.98%,97.26%,0.344301,2026-07-24
NVDA,206.84,2026-07-29,4,Put,215.00,+3.95%,8.75,8.88,8.95,2786,1350,2.06,41.00%,38.05%,-0.828943,2026-07-24
TSLA,313.03,2026-08-07,13,Call,350.00,-11.81%,2.3,2.29,2.35,3253,1579,2.06,48.76%,53.52%,0.148682,2026-07-24
KRYS,335.19,2026-08-21,27,Call,380.00,-13.37%,3.5,5,5.8,513,250,2.05,53.09%,49.28%,0.197856,2026-07-24
TSLA,313.03,2026-08-14,20,Put,305.00,-2.57%,10.6,11.65,10.75,602,293,2.05,48.76%,50.53%,-0.384882,2026-07-24
NOK,9.1,2026-08-07,13,Call,9.50,-4.40%,0.31,0.32,0.33,715,348,2.05,69.89%,70.31%,0.400361,2026-07-24
CLS,305.28,2026-08-21,27,Call,380.00,-24.48%,8,11.3,9.8,840,410,2.05,91.55%,91.29%,0.227539,2026-07-24
COIN,158.29,2026-07-31,6,Put,152.50,-3.66%,5.65,5.9,6,997,486,2.05,80.17%,106.28%,-0.364918,2026-07-24
NXE,9.14,2027-01-15,174,Call,11.00,-20.35%,0.9,1,1.1,1080,527,2.05,66.54%,62.64%,0.432617,2026-07-24
TSLA,313.03,2026-08-03,9,Call,317.50,-1.43%,7.8,7.85,8,2230,1090,2.05,48.76%,49.92%,0.448168,2026-07-24
GOOGL,319.74,2026-07-29,4,Put,320.00,+0.08%,3.5,4.77,4.95,854,419,2.04,31.30%,31.05%,-0.499924,2026-07-24
NVDA,206.84,2026-08-03,9,Put,205.00,-0.89%,4.15,4.45,4.25,693,342,2.03,41.00%,39.79%,-0.426779,2026-07-24
TSLA,313.03,2026-07-31,6,Put,260.00,-16.94%,0.29,0.28,0.31,972,479,2.03,48.76%,76.05%,-0.025112,2026-07-24
SNDK,1436.56,2026-07-31,6,Call,"1,700.00",-18.34%,21.4,22.58,26.4,988,486,2.03,136.49%,135.16%,0.188981,2026-07-24
BE,184.89,2026-07-31,6,Put,120.00,-35.10%,2.44,2.52,2.65,1114,548,2.03,170.03%,268.98%,-0.076709,2026-07-24
INTC,92.32,2026-07-27,2,Call,102.00,-10.49%,0.16,0.18,0.22,2289,1129,2.03,85.49%,89.79%,0.071527,2026-07-24
AMZN,232.11,2026-07-29,4,Call,240.00,-3.40%,0.82,0.85,0.91,2635,1296,2.03,42.60%,34.99%,0.188449,2026-07-24
META,595.19,2026-08-07,13,Put,605.00,+1.65%,33,32.59,33.75,629,312,2.02,50.71%,63.25%,-0.527828,2026-07-24
TE,5,2026-12-18,146,Call,7.00,-40.00%,1.15,1.2,1.25,1912,945,2.02,149.00%,139.22%,0.530096,2026-07-24
MSFT,381.7,2026-07-27,2,Put,370.00,-3.07%,0.45,0.43,0.5,1165,579,2.01,43.05%,33.78%,-0.103305,2026-07-24
SMCI,30.1,2026-07-31,6,Call,30.50,-1.33%,1.24,1.3,1.35,1527,761,2.01,101.88%,95.46%,0.483327,2026-07-24
MU,920.95,2026-07-31,6,Call,950.00,-3.15%,39.5,40.01,41.2,2698,1344,2.01,96.49%,111.73%,0.44388,2026-07-24
GOOG,319.09,2026-09-18,55,Put,430.00,+34.76%,109.1,110.7,112.45,500,250,2,30.87%,40.79%,-0.987636,2026-07-24
FRMI,7.4,2026-08-07,13,Call,8.00,-8.11%,0.65,0.65,0.85,653,326,2,159.03%,176.58%,0.474692,2026-07-24
OTLK,1.405,2026-11-20,118,Call,1.5000,-7.14%,0.45,0.6,0.9,661,330,2,205.27%,233.87%,0.734013,2026-07-24
AMZN,232.11,2026-07-27,2,Put,242.50,+4.48%,10.15,10.5,10.75,1061,531,2,42.60%,33.19%,-0.964105,2026-07-24
IBM,214.19,2026-07-31,6,Call,217.50,-1.55%,3.3,3.47,3.65,1591,795,2,41.87%,44.84%,0.406294,2026-07-24
GME,21.17,2026-07-31,6,Call,21.50,-1.56%,0.2,0.22,0.23,3532,1765,2,30.98%,33.00%,0.360785,2026-07-24
MSTR,91.67,2026-07-31,6,Call,99.00,-8.00%,1.64,1.64,1.89,6669,3358,1.99,82.45%,92.33%,0.279037,2026-07-24
HIMS,28.09,2026-07-31,6,Call,32.50,-15.70%,0.25,0.28,0.33,556,279,1.99,108.59%,104.94%,0.155708,2026-07-24
FRMI,7.4,2026-08-07,13,Call,11.00,-48.65%,0.2,0.3,0.4,793,398,1.99,159.03%,211.05%,0.213894,2026-07-24
RKLB,63.91,2026-07-31,6,Call,68.00,-6.40%,1.5,1.59,1.71,1442,725,1.99,102.61%,96.00%,0.330813,2026-07-24
BE,184.89,2026-07-31,6,Put,125.00,-32.39%,3.1,3.44,3.4,2245,1126,1.99,170.03%,267.45%,-0.094307,2026-07-24
AMKR,64.96,2026-08-21,27,Call,70.00,-7.76%,5.7,6,6.1,1812,917,1.98,109.80%,111.36%,0.464879,2026-07-24
CRWV,71.88,2026-08-07,13,Put,50.00,-30.44%,0.2,0.28,0.35,745,379,1.97,108.37%,117.23%,-0.039483,2026-07-24
INTC,92.32,2026-07-27,2,Put,99.00,+7.24%,6.85,7.21,7.45,1073,544,1.97,85.49%,89.90%,-0.845141,2026-07-24
SOFI,16.46,2026-07-31,6,Put,14.00,-14.95%,0.1,0.1,0.11,3325,1692,1.97,67.20%,102.85%,-0.097182,2026-07-24
NOW,98.78,2026-07-31,6,Call,104.00,-5.28%,1.34,1.4,1.52,725,369,1.96,58.12%,65.72%,0.287061,2026-07-24
GEV,1014.75,2026-08-21,27,Put,850.00,-16.24%,12,13.8,14.3,775,396,1.96,59.52%,64.86%,-0.134439,2026-07-24
TSLA,313.03,2026-07-31,6,Put,265.00,-15.34%,0.37,0.36,0.39,807,412,1.96,48.76%,72.36%,-0.032322,2026-07-24
CCL,26.33,2026-07-31,6,Put,26.50,+0.65%,0.84,0.83,0.92,1225,625,1.96,47.14%,58.88%,-0.517854,2026-07-24
RKLB,63.91,2026-09-18,55,Put,50.00,-21.76%,3.1,3.35,3.35,1797,916,1.96,102.61%,97.59%,-0.197612,2026-07-24
LXRX,2.29,2026-08-21,27,Call,2.50,-9.17%,0.1,0.15,0.2,1842,939,1.96,93.23%,92.00%,0.414929,2026-07-24
SPCX,115.07,2026-07-31,6,Call,120.00,-4.28%,4.1,4.1,4.3,7526,3837,1.96,112.41%,105.51%,0.405891,2026-07-24
GOOGL,319.74,2026-07-31,6,Call,327.50,-2.43%,2.61,2.56,2.82,5623,2882,1.95,31.30%,34.60%,0.306388,2026-07-24
IBM,214.19,2026-07-31,6,Call,232.50,-8.55%,0.48,0.58,0.6,558,286,1.95,41.87%,47.04%,0.091961,2026-07-24
CRWD,183.28,2026-08-07,13,Call,185.00,-0.94%,7.7,8.03,8.2,562,288,1.95,61.43%,62.62%,0.496399,2026-07-24
ORCL,114.99,2026-12-18,146,Call,120.00,-4.36%,19.25,19.5,19.7,566,291,1.95,69.19%,73.67%,0.559625,2026-07-24
RIOT,22.53,2026-07-31,6,Call,25.50,-13.18%,0.36,0.39,0.42,652,335,1.95,113.21%,114.08%,0.220796,2026-07-24
SNOW,268.06,2026-07-31,6,Put,260.00,-3.01%,5.5,5.95,6.25,678,348,1.95,64.36%,69.74%,-0.347569,2026-07-24
OTIS,71.93,2026-09-18,55,Call,75.00,-4.27%,1.35,1.6,1.8,706,362,1.95,23.83%,24.68%,0.355109,2026-07-24
SNOW,268.06,2026-07-31,6,Call,270.00,-0.72%,8.35,8.68,9,714,367,1.95,64.36%,69.36%,0.488062,2026-07-24
SOFI,16.46,2026-07-31,6,Call,16.00,+2.79%,1.1,1.11,1.18,2282,1173,1.95,67.20%,106.79%,0.610209,2026-07-24
AMGN,376.04,2026-10-16,83,Put,330.00,-12.24%,5.65,5.95,6.55,635,328,1.94,35.04%,32.97%,-0.177122,2026-07-24
COIN,158.29,2026-09-18,55,Call,155.00,+2.08%,20.15,20.16,21,710,366,1.94,80.17%,76.44%,0.594059,2026-07-24
TDS,34.37,2026-08-21,27,Call,35.00,-1.83%,1.2,1.4,1.5,517,268,1.93,47.99%,42.85%,0.468944,2026-07-24
CRCL,62.36,2026-07-31,6,Put,62.00,-0.58%,2.84,2.96,3.1,663,344,1.93,97.99%,99.53%,-0.455019,2026-07-24
AAPL,333.02,2026-07-31,6,Call,342.50,-2.85%,3.25,3.34,3.45,1360,703,1.93,29.61%,40.79%,0.308418,2026-07-24
STM,51.54,2026-08-21,27,Put,40.00,-22.39%,0.6,0.74,0.85,1932,1000,1.93,75.72%,85.62%,-0.112369,2026-07-24
MU,920.95,2026-12-18,146,Call,740.00,+19.65%,296.9,288,301.7,602,313,1.92,96.49%,91.99%,0.755641,2026-07-24
RKT,13.05,2026-07-31,6,Call,14.00,-7.28%,0.12,0.16,0.18,633,329,1.92,72.30%,69.63%,0.230905,2026-07-24
INTC,92.32,2026-07-29,4,Call,100.00,-8.32%,1.08,1.17,1.27,2092,1089,1.92,85.49%,95.95%,0.229007,2026-07-24
INTC,92.32,2026-08-21,27,Call,96.00,-3.99%,6.95,6.95,7.35,3111,1624,1.92,85.49%,86.20%,0.483937,2026-07-24
CMCSA,22.3,2026-07-31,6,Call,22.00,+1.35%,0.55,0.57,0.63,647,338,1.91,32.45%,38.05%,0.614526,2026-07-24
BABA,112.14,2026-07-31,6,Call,117.00,-4.33%,1.05,1.05,1.28,1334,697,1.91,47.68%,51.00%,0.268746,2026-07-24
BULL,7.49,2027-01-15,174,Put,30.00,+300.53%,21.8,22.53,23.85,5164,2707,1.91,71.88%,149.32%,-0.822438,2026-07-24
AAPL,333.02,2026-07-27,2,Call,342.50,-2.85%,0.17,0.18,0.2,4460,2343,1.9,29.61%,25.15%,0.068241,2026-07-24
NBIS,187.77,2026-07-31,6,Put,177.50,-5.47%,13,13,13.65,4977,2620,1.9,164.24%,193.67%,-0.362147,2026-07-24
MOS,22.3,2026-07-31,6,Call,23.50,-5.38%,0.1,0.2,0.2,688,362,1.9,52.45%,47.49%,0.20283,2026-07-24
SPCX,115.07,2026-07-31,6,Put,101.00,-12.23%,1.25,1.28,1.35,1254,660,1.9,112.41%,105.85%,-0.150814,2026-07-24
BMNR,15.79,2026-07-31,6,Call,17.50,-10.83%,0.17,0.19,0.21,3769,1981,1.9,82.59%,88.72%,0.199812,2026-07-24
AVGO,381.92,2026-08-03,9,Call,387.50,-1.46%,8.85,9.35,10.4,657,348,1.89,51.44%,50.21%,0.446087,2026-07-24
SOUN,6.16,2026-08-14,20,Call,9.00,-46.10%,0.09,0.11,0.11,873,462,1.89,96.82%,124.76%,0.126002,2026-07-24
HPE,47.69,2026-07-31,6,Put,45.00,-5.64%,0.71,0.82,0.99,927,490,1.89,75.11%,80.45%,-0.268265,2026-07-24
NET,262.15,2026-07-31,6,Call,265.00,-1.09%,6.45,7,8.25,2073,1099,1.89,73.78%,64.05%,0.466776,2026-07-24
NVDA,206.84,2026-07-31,6,Put,175.00,-15.39%,0.18,0.19,0.19,9910,5241,1.89,41.00%,68.78%,-0.025889,2026-07-24
HUT,109.99,2026-07-31,6,Put,90.00,-18.17%,0.57,1.22,1.32,977,520,1.88,117.82%,131.20%,-0.100305,2026-07-24
SLS,11.32,2026-07-31,6,Call,13.50,-19.26%,0.2,0.39,0.55,1163,620,1.88,258.29%,181.93%,0.2624,2026-07-24
GOOGL,319.74,2026-08-28,34,Call,350.00,-9.46%,2.96,3.5,3.2,1414,753,1.88,31.30%,31.13%,0.191921,2026-07-24
ZIM,24.9,2026-08-21,27,Call,26.00,-4.42%,0.75,1.13,1.2,2001,1063,1.88,54.11%,52.24%,0.412896,2026-07-24
TSLA,313.03,2026-09-18,55,Call,360.00,-15.00%,8.25,8.31,8.4,3063,1628,1.88,48.76%,47.34%,0.261535,2026-07-24
NFLX,70.09,2026-07-31,6,Call,69.00,+1.56%,1.88,1.91,1.93,3462,1846,1.88,33.93%,35.42%,0.64841,2026-07-24
MXL,71.59,2026-08-21,27,Call,105.00,-46.67%,1.5,1.8,2,3546,1882,1.88,117.22%,121.34%,0.161684,2026-07-24
NOK,9.1,2028-12-15,874,Put,10.00,+9.89%,3.7,3.75,3.85,706,378,1.87,69.89%,66.51%,-0.324617,2026-07-24
GLW,146.65,2026-07-31,6,Call,160.00,-9.10%,3.6,4.05,4.3,752,402,1.87,89.02%,116.08%,0.305716,2026-07-24
NBIS,187.77,2026-08-07,13,Call,300.00,-59.77%,1.56,2.5,2.94,898,480,1.87,164.24%,166.84%,0.092305,2026-07-24
NVDA,206.84,2026-07-27,2,Call,195.00,+5.72%,12,11.95,12.25,2205,1177,1.87,41.00%,54.24%,0.932184,2026-07-24
NFLX,70.09,2026-07-31,6,Call,72.00,-2.73%,0.56,0.56,0.58,7357,3937,1.87,33.93%,35.65%,0.290366,2026-07-24
BMNR,15.79,2026-07-31,6,Call,17.00,-7.66%,0.28,0.3,0.31,8918,4769,1.87,82.59%,89.16%,0.279613,2026-07-24
AVGO,381.92,2026-07-31,6,Call,387.50,-1.46%,7.95,8.05,9.25,531,286,1.86,51.44%,56.38%,0.437249,2026-07-24
SKHY,154.57,2026-07-31,6,Put,112.00,-27.54%,0.65,0.72,0.8,1152,620,1.86,121.36%,162.98%,-0.049592,2026-07-24
INTC,92.32,2026-07-31,6,Put,96.00,+3.99%,6.6,6.75,6.95,1528,823,1.86,85.49%,98.43%,-0.596247,2026-07-24
ADBE,225.11,2026-07-31,6,Call,250.00,-11.06%,0.46,0.46,0.55,1651,890,1.86,48.53%,54.77%,0.073541,2026-07-24
REPL,9.7,2026-08-14,20,Put,1.00,-89.69%,0.1,0.15,0.15,2091,1124,1.86,370.66%,664.86%,-0.012567,2026-07-24
FIG,21.12,2026-07-31,6,Call,22.50,-6.53%,0.6,0.63,0.68,733,397,1.85,109.93%,107.88%,0.350408,2026-07-24
TSLA,313.03,2027-03-19,237,Call,340.00,-8.62%,41.85,41.03,42.2,810,439,1.85,48.76%,49.23%,0.522046,2026-07-24
TSLA,313.03,2026-08-21,27,Call,335.00,-7.02%,8.5,8.6,8.65,1095,592,1.85,48.76%,48.71%,0.335221,2026-07-24
INTC,92.32,2026-07-29,4,Call,105.00,-13.73%,0.47,0.48,0.53,1616,875,1.85,85.49%,97.51%,0.113793,2026-07-24
XOM,156.94,2026-07-31,6,Call,165.00,-5.14%,0.83,0.88,0.9,1966,1062,1.85,33.44%,42.69%,0.188116,2026-07-24
SMCI,30.1,2026-08-21,27,Put,29.00,-3.65%,2.69,2.7,2.85,2260,1219,1.85,101.88%,104.08%,-0.389473,2026-07-24
MSFT,381.7,2026-07-31,6,Call,385.00,-0.86%,12.35,12.35,12.55,2385,1292,1.85,43.05%,71.25%,0.482473,2026-07-24
NVDA,206.84,2026-07-29,4,Put,195.00,-5.72%,0.69,0.69,0.74,3171,1715,1.85,41.00%,50.87%,-0.127225,2026-07-24
NVDA,206.84,2026-07-31,6,Call,207.50,-0.32%,4.45,4.45,4.5,15297,8309,1.84,41.00%,44.81%,0.492891,2026-07-24
NVDA,206.84,2026-08-03,9,Put,195.00,-5.72%,1.5,1.56,1.56,667,363,1.84,41.00%,44.48%,-0.187014,2026-07-24
HOOD,94.91,2026-07-31,6,Put,75.00,-20.98%,0.31,0.34,0.35,702,382,1.84,79.42%,118.37%,-0.051455,2026-07-24
PYPL,56.15,2026-07-31,6,Put,53.00,-5.61%,1.08,1.15,1.3,997,541,1.84,46.51%,88.11%,-0.283962,2026-07-24
BE,184.89,2026-07-31,6,Put,140.00,-24.28%,6.3,6.35,6.7,1353,735,1.84,170.03%,268.70%,-0.16325,2026-07-24
SNDK,1436.56,2026-07-31,6,Put,850.00,-40.83%,2.25,2.61,2.5,641,350,1.83,136.49%,203.87%,-0.016163,2026-07-24
PFE,24.54,2026-08-07,13,Put,23.50,-4.24%,0.14,0.14,0.16,747,409,1.83,24.11%,27.80%,-0.202634,2026-07-24
JOBY,6.93,2026-07-31,6,Call,7.50,-8.23%,0.09,0.11,0.13,803,439,1.83,88.28%,85.56%,0.254508,2026-07-24
GM,82.64,2026-07-31,6,Call,85.00,-2.86%,0.58,0.67,0.76,809,442,1.83,35.14%,36.50%,0.284772,2026-07-24
CLSK,14.52,2026-07-31,6,Put,13.00,-10.47%,0.16,0.18,0.21,1107,604,1.83,103.63%,99.44%,-0.174807,2026-07-24
META,595.19,2026-07-27,2,Call,632.50,-6.27%,0.1,0.16,0.16,1262,691,1.83,50.71%,39.73%,0.020363,2026-07-24
PFE,24.54,2026-07-31,6,Call,24.00,+2.20%,0.63,0.63,0.66,2214,1213,1.83,24.11%,25.08%,0.757811,2026-07-24
SMCI,30.1,2026-07-31,6,Put,29.00,-3.65%,0.94,0.96,1.01,2747,1498,1.83,101.88%,97.08%,-0.357381,2026-07-24
INTC,92.32,2026-08-14,20,Put,81.00,-12.26%,2.76,2.86,2.95,555,305,1.82,85.49%,88.97%,-0.229773,2026-07-24
SNDK,1436.56,2026-08-21,27,Put,"1,490.00",+3.72%,237.8,242.5,248.1,648,356,1.82,136.49%,137.68%,-0.462135,2026-07-24
DELL,437.5,2026-07-31,6,Put,300.00,-31.43%,0.03,0.28,0.58,1024,563,1.82,84.30%,134.02%,-0.011179,2026-07-24
TSLA,313.03,2026-08-07,13,Call,340.00,-8.62%,3.7,3.78,3.8,1575,867,1.82,48.76%,52.57%,0.220496,2026-07-24
ASTS,56.2,2026-07-31,6,Call,65.00,-15.66%,0.55,0.57,0.65,2376,1304,1.82,115.33%,105.91%,0.158873,2026-07-24
PYPL,56.15,2026-07-31,6,Put,50.00,-10.95%,0.38,0.45,0.52,2547,1398,1.82,46.51%,86.85%,-0.135415,2026-07-24
OXY,57.3,2026-07-31,6,Put,56.00,-2.27%,0.59,0.63,0.65,504,279,1.81,40.94%,40.09%,-0.316482,2026-07-24
TSM,403.41,2026-07-31,6,Put,372.50,-7.66%,2.54,2.75,2.85,1117,617,1.81,50.30%,63.41%,-0.152305,2026-07-24
BE,184.89,2026-07-31,6,Put,130.00,-29.69%,3.95,4.15,4.25,1200,663,1.81,170.03%,266.33%,-0.114308,2026-07-24
SPCX,115.07,2026-07-31,6,Call,225.00,-95.53%,0.2,0.3,0.3,1308,722,1.81,112.41%,239.20%,0.021135,2026-07-24
TSLA,313.03,2026-07-31,6,Put,295.00,-5.76%,2.62,2.7,2.68,1533,845,1.81,48.76%,57.64%,-0.198503,2026-07-24
NKE,41.7,2026-07-31,6,Call,43.00,-3.12%,0.31,0.39,0.36,1553,857,1.81,37.64%,38.25%,0.27334,2026-07-24
NVO,48.77,2026-07-31,6,Put,46.50,-4.65%,0.19,0.2,0.25,1616,892,1.81,48.30%,38.94%,-0.166119,2026-07-24
NVDA,206.84,2026-08-28,34,Call,230.00,-11.20%,3.45,3.55,3.65,6214,3457,1.8,41.00%,43.17%,0.236617,2026-07-24
TSLA,313.03,2026-07-31,6,Call,357.50,-14.21%,0.54,0.54,0.56,857,477,1.8,48.76%,62.44%,0.053496,2026-07-24
NBIS,187.77,2026-07-31,6,Put,240.00,+27.82%,53.45,51.71,56.25,1216,675,1.8,164.24%,164.92%,-0.854306,2026-07-24
AAPL,333.02,2026-11-20,118,Put,300.00,-9.92%,8.4,8.74,8.8,3751,2082,1.8,29.61%,31.03%,-0.231129,2026-07-24
BE,184.89,2026-07-31,6,Put,190.00,+2.76%,26.55,27.41,28.15,3852,2137,1.8,170.03%,259.58%,-0.465781,2026-07-24
CRWV,71.88,2026-07-31,6,Put,73.00,+1.56%,4.55,4.69,4.85,783,438,1.79,108.37%,111.77%,-0.513152,2026-07-24
SKHY,154.57,2026-07-31,6,Put,115.00,-25.60%,0.8,0.87,1,1144,640,1.79,121.36%,159.76%,-0.060707,2026-07-24
NOK,9.1,2026-08-07,13,Call,10.50,-15.38%,0.09,0.1,0.12,1621,906,1.79,69.89%,72.98%,0.167322,2026-07-24
NVDA,206.84,2026-08-07,13,Call,227.50,-9.99%,0.67,0.7,0.72,1787,996,1.79,41.00%,38.07%,0.101402,2026-07-24
AMD,521.95,2026-07-31,6,Call,600.00,-14.95%,2.87,2.83,3,3916,2188,1.79,82.67%,85.00%,0.111449,2026-07-24
ORCL,114.99,2026-07-31,6,Put,115.00,+0.01%,4.2,4.27,4.35,5655,3154,1.79,69.19%,72.92%,-0.48054,2026-07-24
KTOS,47.35,2026-11-20,118,Call,55.00,-16.16%,5.7,6.1,6.1,540,304,1.78,82.57%,78.45%,0.466163,2026-07-24
GOOGL,319.74,2026-08-07,13,Call,325.00,-1.65%,5.3,5.6,5.7,620,349,1.78,31.30%,31.72%,0.411831,2026-07-24
IBM,214.19,2026-07-31,6,Put,215.00,+0.38%,4.95,5.3,5.35,842,473,1.78,41.87%,43.24%,-0.515401,2026-07-24
WMT,109.47,2026-07-31,6,Call,111.00,-1.40%,0.78,0.8,0.82,1926,1080,1.78,30.85%,25.18%,0.34452,2026-07-24
RGTI,14.15,2027-06-17,327,Put,10.00,-29.33%,1.89,2.22,2.44,601,340,1.77,98.98%,92.88%,-0.193556,2026-07-24
IREN,37.07,2026-07-31,6,Call,38.00,-2.51%,2.06,2.18,2.2,701,396,1.77,127.00%,133.46%,0.477752,2026-07-24
AMZN,232.11,2026-07-27,2,Call,190.00,+18.14%,41.25,41.92,42.95,758,428,1.77,42.60%,83.92%,0.999434,2026-07-24
SHEL,88.38,2028-01-21,545,Put,87.50,-1.00%,9,9.2,9.7,1001,564,1.77,27.65%,24.59%,-0.406456,2026-07-24
TSM,403.41,2026-07-31,6,Call,420.00,-4.11%,5.3,5.35,5.9,1764,997,1.77,50.30%,57.34%,0.306704,2026-07-24
OPEN,3.84,2026-07-31,6,Call,4.00,-4.17%,0.12,0.12,0.13,4790,2704,1.77,101.87%,97.75%,0.394063,2026-07-24
AAPL,333.02,2026-07-27,2,Put,322.50,-3.16%,0.13,0.15,0.15,6565,3738,1.76,29.61%,26.72%,-0.050397,2026-07-24
INTC,92.32,2026-07-31,6,Put,86.00,-6.85%,1.99,2.12,2.22,575,327,1.76,85.49%,101.07%,-0.269078,2026-07-24
CMCSA,22.3,2026-07-31,6,Put,22.50,+0.90%,0.5,0.49,0.57,1248,709,1.76,32.45%,36.71%,-0.570254,2026-07-24
HIMS,28.09,2026-08-21,27,Put,29.00,+3.24%,3.55,3.55,4,1539,876,1.76,108.59%,108.26%,-0.481793,2026-07-24
BAC,62.05,2026-08-28,34,Call,65.00,-4.75%,0.55,0.6,0.63,1714,976,1.76,22.44%,21.11%,0.253924,2026-07-24
GOOGL,319.74,2026-07-31,6,Call,332.50,-3.99%,1.43,1.5,1.6,2605,1480,1.76,31.30%,34.43%,0.19709,2026-07-24
BB,8.54,2026-07-31,6,Put,8.50,-0.47%,0.31,0.33,0.36,572,326,1.75,76.29%,81.94%,-0.459448,2026-07-24
TSLA,313.03,2026-07-29,4,Put,275.00,-12.15%,0.4,0.39,0.42,629,360,1.75,48.76%,72.99%,-0.041094,2026-07-24
IREN,37.07,2026-07-31,6,Call,39.00,-5.21%,1.7,1.8,1.9,737,421,1.75,127.00%,136.19%,0.420745,2026-07-24
INFQ,8.97,2026-08-21,27,Call,9.00,-0.33%,1,1.09,1.15,819,468,1.75,108.59%,111.14%,0.559212,2026-07-24
TSLA,313.03,2026-08-07,13,Put,280.00,-10.55%,2.31,2.62,2.36,975,557,1.75,48.76%,56.35%,-0.132904,2026-07-24
SOUN,6.16,2026-08-07,13,Call,6.50,-5.52%,0.38,0.42,0.43,1124,644,1.75,96.82%,116.82%,0.449221,2026-07-24
TSLA,313.03,2026-09-18,55,Call,330.00,-5.42%,16.6,16.7,16.75,2710,1550,1.75,48.76%,47.35%,0.434478,2026-07-24
NFLX,70.09,2026-07-31,6,Put,70.00,-0.13%,1.18,1.19,1.19,4320,2476,1.74,33.93%,34.83%,-0.475375,2026-07-24
TTD,17.29,2026-08-14,20,Put,15.50,-10.35%,0.64,0.67,0.72,505,291,1.74,84.82%,92.18%,-0.266836,2026-07-24
MU,920.95,2026-08-03,9,Call,"1,050.00",-14.01%,14.8,15.5,18.85,550,317,1.74,96.49%,98.27%,0.221502,2026-07-24
TSLA,313.03,2026-08-03,9,Call,340.00,-8.62%,2.08,2.13,2.15,680,390,1.74,48.76%,51.21%,0.164382,2026-07-24
AG,16.31,2026-07-31,6,Put,17.50,+7.30%,1.47,1.51,1.61,886,509,1.74,69.76%,94.53%,-0.697695,2026-07-24
SPCX,115.07,2026-07-31,6,Call,185.00,-60.77%,0.4,0.46,0.5,1457,837,1.74,112.41%,198.60%,0.041369,2026-07-24
PLTR,122.92,2026-07-31,6,Put,108.00,-12.14%,0.25,0.26,0.28,683,394,1.73,67.07%,66.11%,-0.057548,2026-07-24
SPCX,115.07,2026-07-31,6,Call,128.00,-11.24%,2.3,2.3,2.45,1894,1093,1.73,112.41%,112.92%,0.254894,2026-07-24
INTC,92.32,2026-07-31,6,Put,90.00,-2.51%,3.4,3.58,3.7,8418,4862,1.73,85.49%,99.51%,-0.394844,2026-07-24
NVDA,206.84,2026-07-29,4,Put,200.00,-3.31%,1.37,1.38,1.43,8891,5165,1.72,41.00%,46.19%,-0.233894,2026-07-24
GOOG,319.09,2026-08-14,20,Call,340.00,-6.55%,2.53,2.75,2.8,719,418,1.72,30.87%,31.17%,0.209446,2026-07-24
INTC,92.32,2026-08-03,9,Call,100.00,-8.32%,2.08,2.16,2.46,834,484,1.72,85.49%,86.70%,0.303806,2026-07-24
NVDA,206.84,2026-08-28,34,Put,175.00,-15.39%,2.11,2.17,2.25,1513,878,1.72,41.00%,51.95%,-0.124864,2026-07-24
NBIS,187.77,2026-07-31,6,Put,125.00,-33.43%,1.16,1.46,1.67,1987,1152,1.72,164.24%,219.62%,-0.056157,2026-07-24
AAPL,333.02,2026-08-21,27,Put,335.00,+0.59%,11.25,11.35,11.6,2056,1198,1.72,29.61%,29.77%,-0.5042,2026-07-24
AMD,521.95,2026-07-27,2,Call,545.00,-4.42%,2.47,2.35,2.8,2399,1394,1.72,82.67%,65.28%,0.193226,2026-07-24
BMY,62.09,2026-10-16,83,Put,57.50,-7.39%,1.51,1.69,1.82,561,329,1.71,33.77%,30.75%,-0.274386,2026-07-24
NOW,98.78,2026-07-31,6,Put,97.00,-1.80%,2.26,2.49,2.51,753,440,1.71,58.12%,64.31%,-0.394413,2026-07-24
ARM,260.01,2026-08-21,27,Call,370.00,-42.30%,4.7,5.11,5.55,1036,605,1.71,103.59%,107.83%,0.14749,2026-07-24
SPCX,115.07,2027-01-15,174,Call,140.00,-21.67%,16.9,16.4,18.1,1061,620,1.71,112.41%,79.52%,0.480359,2026-07-24
ASTS,56.2,2026-07-31,6,Call,66.00,-17.44%,0.46,0.46,0.57,1319,771,1.71,115.33%,107.94%,0.13828,2026-07-24
ORCL,114.99,2026-08-21,27,Call,120.00,-4.36%,6.3,6.4,6.55,2246,1313,1.71,69.19%,67.92%,0.447352,2026-07-24
NBIS,187.77,2026-08-21,27,Put,180.00,-4.14%,28.3,29.5,30,7463,4354,1.71,164.24%,167.48%,-0.372517,2026-07-24
PLTR,122.92,2026-08-28,34,Put,115.00,-6.44%,5.85,5.85,6.05,569,335,1.7,67.07%,65.96%,-0.327872,2026-07-24
ORCL,114.99,2026-08-07,13,Call,125.00,-8.71%,2.55,2.55,2.71,794,468,1.7,69.19%,71.05%,0.290831,2026-07-24
SMMT,13.66,2027-01-15,174,Put,13.00,-4.83%,2.8,3.24,3.5,1409,829,1.7,77.67%,99.77%,-0.331953,2026-07-24
MRVL,194.23,2026-07-31,6,Call,200.00,-2.97%,7.55,8,8.15,1442,847,1.7,93.54%,103.61%,0.440514,2026-07-24
INTC,92.32,2026-08-07,13,Call,100.00,-8.32%,3.25,3.38,3.55,1576,925,1.7,85.49%,89.94%,0.352076,2026-07-24
SOC,4.71,2026-08-21,27,Call,8.00,-69.85%,0.11,0.15,0.14,1598,942,1.7,146.42%,153.74%,0.146518,2026-07-24
RTX,212.79,2026-07-31,6,Call,220.00,-3.39%,0.79,0.94,1.03,1632,960,1.7,27.20%,30.08%,0.201763,2026-07-24
TSLA,313.03,2026-08-07,13,Put,300.00,-4.16%,6.65,6.75,6.75,1832,1080,1.7,48.76%,53.12%,-0.313715,2026-07-24
WDAY,135.34,2026-07-31,6,Call,140.00,-3.44%,2.6,2.92,3.2,601,356,1.69,72.02%,68.91%,0.369826,2026-07-24
TSLA,313.03,2026-08-05,11,Call,340.00,-8.62%,2.92,3.01,3.1,610,360,1.69,48.76%,52.49%,0.197808,2026-07-24
COST,935.03,2026-08-21,27,Put,560.00,-40.11%,0,0.15,1,672,398,1.69,21.64%,80.56%,-0.006975,2026-07-24
AAL,14.48,2026-07-31,6,Call,13.50,+6.77%,0.86,0.91,1.1,769,455,1.69,50.17%,26.47%,0.980627,2026-07-24
SPCX,115.07,2026-07-31,6,Put,107.00,-7.01%,2.6,2.68,2.7,1732,1026,1.69,112.41%,102.90%,-0.267254,2026-07-24
AAPL,333.02,2026-07-31,6,Call,365.00,-9.60%,0.29,0.3,0.35,1761,1045,1.69,29.61%,41.29%,0.045001,2026-07-24
WMT,109.47,2026-07-31,6,Call,112.00,-2.31%,0.5,0.52,0.54,2286,1352,1.69,30.85%,25.27%,0.249744,2026-07-24
HIMS,28.09,2026-07-31,6,Put,29.00,+3.24%,1.87,1.88,2.37,2558,1518,1.69,108.59%,112.03%,-0.558451,2026-07-24
CRWV,71.88,2026-07-31,6,Put,70.00,-2.62%,3.1,3.2,3.25,6552,3882,1.69,108.37%,112.08%,-0.397517,2026-07-24
MU,920.95,2026-07-27,2,Put,890.00,-3.36%,10.95,13,12.8,535,318,1.68,96.49%,91.03%,-0.293349,2026-07-24
META,595.19,2026-07-31,6,Call,622.50,-4.59%,14.05,17,14.5,915,546,1.68,50.71%,82.05%,0.356113,2026-07-24
OKLO,40.25,2026-07-31,6,Call,48.00,-19.25%,0.21,0.25,0.32,1054,626,1.68,96.72%,104.80%,0.107677,2026-07-24
SNDK,1436.56,2026-07-31,6,Put,"1,450.00",+0.94%,105.8,112.77,117.6,1119,666,1.68,136.49%,142.80%,-0.482746,2026-07-24
GOOG,319.09,2026-07-31,6,Call,340.00,-6.55%,0.54,0.59,0.64,2254,1338,1.68,30.87%,35.79%,0.088755,2026-07-24
WMT,109.47,2026-11-20,118,Call,120.00,-9.62%,3.5,3.5,3.75,2271,1349,1.68,30.85%,28.64%,0.334729,2026-07-24
AMD,521.95,2026-07-27,2,Call,580.00,-11.12%,0.13,0.18,0.24,686,412,1.67,82.67%,68.07%,0.019523,2026-07-24
GOOG,319.09,2026-08-28,34,Call,350.00,-9.69%,2.73,2.92,3.1,912,545,1.67,30.87%,30.97%,0.184749,2026-07-24
DNUT,3.15,2028-01-21,545,Put,3.00,-4.76%,0.85,1,1.05,1000,598,1.67,83.85%,73.44%,-0.296926,2026-07-24
IBM,214.19,2027-01-15,174,Call,245.00,-14.38%,14.95,15.65,16.35,1392,833,1.67,41.87%,45.18%,0.390789,2026-07-24
CRWV,71.88,2026-07-31,6,Put,72.00,+0.17%,4.05,4.2,4.3,1637,979,1.67,108.37%,112.47%,-0.474541,2026-07-24
LUNR,12.92,2026-07-31,6,Put,12.00,-7.12%,0.33,0.32,0.37,1682,1009,1.67,116.49%,113.23%,-0.279246,2026-07-24
TSLA,313.03,2026-08-21,27,Put,275.00,-12.15%,4,4.05,4.1,1725,1032,1.67,48.76%,52.68%,-0.1605,2026-07-24
IBM,214.19,2026-07-31,6,Call,230.00,-7.38%,0.73,0.78,0.82,2107,1260,1.67,41.87%,46.90%,0.124419,2026-07-24
NVDA,206.84,2026-07-31,6,Put,192.50,-6.93%,0.92,0.92,0.95,10118,6065,1.67,41.00%,51.91%,-0.131357,2026-07-24
GME,21.17,2028-12-15,874,Call,25.00,-18.09%,5.55,5.68,5.75,6336,3814,1.66,30.98%,62.07%,0.542234,2026-07-24
HIMS,28.09,2026-07-31,6,Put,27.50,-2.10%,1.1,1.16,1.2,695,419,1.66,108.59%,100.83%,-0.407992,2026-07-24
CLF,11.93,2026-07-31,6,Call,11.50,+3.60%,0.67,0.73,0.76,1257,759,1.66,68.94%,78.01%,0.662469,2026-07-24
ORCL,114.99,2026-07-31,6,Call,123.00,-6.97%,1.53,1.76,1.75,1728,1043,1.66,69.19%,74.99%,0.258056,2026-07-24
AAPL,333.02,2026-07-31,6,Put,307.50,-7.66%,0.85,0.84,0.93,2213,1330,1.66,29.61%,48.01%,-0.091073,2026-07-24
GOOGL,319.74,2026-07-31,6,Call,325.00,-1.65%,3.35,3.38,3.5,2698,1626,1.66,31.30%,33.99%,0.366913,2026-07-24
CRWV,71.88,2026-07-31,6,Call,82.00,-14.08%,0.97,1.01,1.05,831,503,1.65,108.37%,109.31%,0.193336,2026-07-24
TSLA,313.03,2026-07-31,6,Call,337.50,-7.82%,1.87,1.9,1.91,1017,617,1.65,48.76%,56.93%,0.161903,2026-07-24
CLSK,14.52,2026-08-21,27,Call,13.00,+10.47%,2.39,2.48,2.81,1383,837,1.65,103.63%,115.37%,0.697738,2026-07-24
BA,209.52,2026-07-31,6,Call,220.00,-5.00%,2.4,2.5,2.71,2012,1221,1.65,40.36%,59.18%,0.272158,2026-07-24
UBER,65.94,2026-07-31,6,Call,70.00,-6.16%,0.24,0.26,0.3,2222,1349,1.65,50.19%,42.95%,0.147613,2026-07-24
AMD,521.95,2026-07-27,2,Put,500.00,-4.21%,3.05,3.25,3.5,2308,1403,1.65,82.67%,72.53%,-0.203132,2026-07-24
CLF,11.93,2026-09-18,55,Put,13.00,+8.97%,1.8,1.95,1.99,2529,1535,1.65,68.94%,68.35%,-0.57217,2026-07-24
BE,184.89,2026-07-31,6,Call,250.00,-35.22%,5.75,6.1,6.5,3598,2181,1.65,170.03%,246.29%,0.213083,2026-07-24
CMG,31.79,2026-07-31,6,Put,29.00,-8.78%,0.37,0.46,0.48,610,371,1.64,53.85%,90.44%,-0.196319,2026-07-24
SPCX,115.07,2026-07-31,6,Put,102.00,-11.36%,1.4,1.4,1.5,721,439,1.64,112.41%,104.64%,-0.166059,2026-07-24
TSLA,313.03,2026-08-21,27,Call,345.00,-10.21%,6.05,6.08,6.15,908,553,1.64,48.76%,48.85%,0.259348,2026-07-24
MXL,71.59,2026-08-21,27,Call,80.00,-11.75%,5.8,5.85,6.2,996,606,1.64,117.22%,116.81%,0.427646,2026-07-24
NVDA,206.84,2028-01-21,545,Put,75.00,-63.74%,1.4,1.48,1.79,1000,611,1.64,41.00%,53.10%,-0.024695,2026-07-24
NBIS,187.77,2026-07-31,6,Put,195.00,+3.85%,18.6,20.19,21.3,1058,646,1.64,164.24%,165.21%,-0.528034,2026-07-24
GDDY,93.16,2026-08-21,27,Call,97.50,-4.66%,3.8,4.3,4.9,1504,919,1.64,60.40%,59.87%,0.427879,2026-07-24
MU,920.95,2026-07-27,2,Put,895.00,-2.82%,12.7,14.71,14.2,511,314,1.63,96.49%,90.68%,-0.322058,2026-07-24
GOOGL,319.74,2026-08-07,13,Call,330.00,-3.21%,3.6,3.8,4,670,410,1.63,31.30%,31.74%,0.316456,2026-07-24
TSLA,313.03,2026-08-07,13,Put,330.00,+5.42%,22.4,22.49,23.2,967,594,1.63,48.76%,53.00%,-0.681078,2026-07-24
FCX,62.6,2026-07-31,6,Put,60.00,-4.15%,0.7,0.94,0.92,1062,651,1.63,52.81%,58.42%,-0.271222,2026-07-24
GME,21.17,2027-06-17,327,Call,32.00,-51.16%,1.21,1.3,1.59,1104,679,1.63,30.98%,54.55%,0.26505,2026-07-24
CNC,63.41,2026-08-21,27,Put,60.00,-5.38%,2.22,2.27,2.53,1315,806,1.63,54.42%,58.35%,-0.329294,2026-07-24
MRVL,194.23,2026-07-31,6,Call,205.00,-5.54%,5.65,6,6.2,1367,841,1.63,93.54%,101.93%,0.3657,2026-07-24
ORCL,114.99,2026-07-31,6,Put,114.00,-0.86%,3.7,3.77,3.85,529,326,1.62,69.19%,72.91%,-0.443431,2026-07-24
STM,51.54,2026-10-16,83,Call,85.00,-64.92%,0.7,0.78,0.9,1097,676,1.62,75.72%,72.96%,0.106677,2026-07-24
BE,184.89,2028-06-16,692,Put,125.00,-32.39%,55,55.1,59.5,1168,722,1.62,170.03%,118.05%,-0.141014,2026-07-24
RKLB,63.91,2026-08-07,13,Put,55.00,-13.94%,1.18,1.26,1.35,587,365,1.61,102.61%,97.77%,-0.180799,2026-07-24
IBM,214.19,2026-07-31,6,Call,227.50,-6.21%,1.01,1.06,1.18,696,432,1.61,41.87%,46.79%,0.165031,2026-07-24
TSLA,313.03,2027-06-17,327,Put,550.00,+75.70%,238.3,241.78,241.6,876,545,1.61,48.76%,50.61%,-0.877936,2026-07-24
HIMS,28.09,2026-08-07,13,Put,25.00,-11.00%,0.72,0.72,0.83,906,563,1.61,108.59%,97.91%,-0.232912,2026-07-24
NOW,98.78,2026-07-31,6,Call,101.00,-2.25%,2.26,2.5,2.41,909,564,1.61,58.12%,64.69%,0.413194,2026-07-24
QS,4.89,2026-07-31,6,Call,5.00,-2.25%,0.16,0.18,0.18,1852,1150,1.61,89.48%,87.70%,0.442183,2026-07-24
KEY,22.65,2026-08-21,27,Call,24.00,-5.96%,0.15,0.17,0.25,3626,2258,1.61,26.46%,26.47%,0.220873,2026-07-24
CLF,11.93,2026-08-07,13,Call,11.50,+3.60%,0.83,0.92,0.94,512,320,1.6,68.94%,73.09%,0.632389,2026-07-24
SKHY,154.57,2026-07-31,6,Put,157.50,+1.90%,12.2,12.8,13.3,526,329,1.6,121.36%,141.44%,-0.504117,2026-07-24
IONQ,32.84,2026-07-31,6,Call,35.00,-6.58%,0.78,0.78,0.92,716,447,1.6,104.52%,98.75%,0.331718,2026-07-24
NOK,9.1,2026-10-16,83,Put,6.00,-34.07%,0.12,0.13,0.16,849,532,1.6,69.89%,73.13%,-0.083196,2026-07-24
SPCX,115.07,2026-07-31,6,Call,117.00,-1.68%,5.1,5.2,5.3,1033,645,1.6,112.41%,102.64%,0.477633,2026-07-24
XOM,156.94,2026-07-31,6,Call,157.50,-0.36%,3,3.12,3.25,1248,782,1.6,33.44%,42.12%,0.485511,2026-07-24
META,595.19,2026-08-07,13,Call,670.00,-12.57%,6.4,6.7,6.85,2055,1283,1.6,50.71%,63.72%,0.180135,2026-07-24
META,595.19,2026-07-27,2,Call,635.00,-6.69%,0.1,0.11,0.13,2340,1467,1.6,50.71%,41.16%,0.017696,2026-07-24
CRWV,71.88,2026-09-18,55,Call,125.00,-73.90%,1.23,1.35,1.38,3807,2379,1.6,108.37%,100.17%,0.112316,2026-07-24
FRO,39.29,2026-08-21,27,Call,50.00,-27.26%,0.1,0.15,0.2,6543,4092,1.6,55.68%,56.46%,0.060952,2026-07-24
SMMT,13.66,2027-01-15,174,Call,25.00,-83.02%,1.2,1.3,1.5,10222,6420,1.59,77.67%,100.17%,0.307948,2026-07-24
NVDA,206.84,2026-07-31,6,Call,217.50,-5.15%,1.03,1.03,1.05,16993,10716,1.59,41.00%,41.18%,0.179881,2026-07-24
NVDA,206.84,2026-07-31,6,Put,217.50,+5.15%,11.4,11.4,11.5,539,340,1.59,41.00%,38.82%,-0.837305,2026-07-24
MU,920.95,2026-07-31,6,Put,920.00,-0.10%,51.65,53,53.95,673,423,1.59,96.49%,113.79%,-0.466818,2026-07-24
HIMS,28.09,2026-08-14,20,Call,45.00,-60.20%,0.23,0.36,0.36,883,554,1.59,108.59%,130.96%,0.084181,2026-07-24
SPCX,115.07,2026-08-28,34,Put,105.00,-8.75%,9.9,10.1,10.3,1081,678,1.59,112.41%,110.61%,-0.326893,2026-07-24
CIFR,23.15,2026-07-31,6,Call,24.00,-3.67%,1.18,1.23,1.29,1094,687,1.59,129.04%,134.46%,0.45242,2026-07-24
AMZN,232.11,2026-07-31,6,Put,195.00,-15.99%,0.31,0.34,0.38,1701,1073,1.59,42.60%,77.96%,-0.036053,2026-07-24
GOOGL,319.74,2026-07-29,4,Call,320.00,-0.08%,4.15,4.15,4.55,607,384,1.58,31.30%,33.10%,0.501772,2026-07-24
ADBE,225.11,2026-07-31,6,Call,240.00,-6.61%,1.41,1.45,1.55,630,400,1.58,48.53%,52.88%,0.183476,2026-07-24
CRWV,71.88,2026-07-31,6,Call,79.00,-9.91%,1.5,1.55,1.64,802,509,1.58,108.37%,108.81%,0.273229,2026-07-24
T,24.13,2026-08-21,27,Call,25.50,-5.68%,0.2,0.23,0.24,926,585,1.58,27.05%,26.29%,0.227606,2026-07-24
ORCL,114.99,2026-07-31,6,Call,130.00,-13.05%,0.56,0.6,0.6,8723,5508,1.58,69.19%,75.48%,0.111915,2026-07-24
AAPL,333.02,2026-07-31,6,Call,327.50,+1.66%,10.25,10.45,10.6,4053,2575,1.57,29.61%,42.77%,0.633859,2026-07-24
LUNR,12.92,2026-07-31,6,Call,14.00,-8.36%,0.35,0.36,0.4,580,370,1.57,116.49%,116.28%,0.322746,2026-07-24
GOOGL,319.74,2026-08-28,34,Call,340.00,-6.34%,4.65,5.3,5.3,793,504,1.57,31.30%,30.57%,0.281677,2026-07-24
TSLA,313.03,2026-08-28,34,Put,290.00,-7.36%,8.65,8.8,8.85,857,547,1.57,48.76%,49.93%,-0.275237,2026-07-24
NVDA,206.84,2026-08-07,13,Call,222.50,-7.57%,1.3,1.31,1.35,1108,706,1.57,41.00%,38.50%,0.170346,2026-07-24
TSLA,313.03,2026-07-27,2,Call,337.50,-7.82%,0.23,0.24,0.24,1804,1148,1.57,48.76%,58.40%,0.043176,2026-07-24
IOVA,4.99,2026-08-28,34,Call,1.00,+79.96%,3.6,4.08,6.1,1855,1181,1.57,133.25%,"1,198.90%",0.988393,2026-07-24
JPM,353.21,2026-07-31,6,Call,355.00,-0.51%,3.3,3.5,3.6,2710,1721,1.57,22.76%,23.40%,0.443067,2026-07-24
AAL,14.48,2026-07-31,6,Call,15.00,-3.59%,0.2,0.21,0.22,3848,2453,1.57,50.17%,55.85%,0.322711,2026-07-24
EQNR,40.35,2026-10-16,83,Call,50.00,-23.92%,0.4,0.52,0.65,700,450,1.56,42.97%,39.17%,0.146364,2026-07-24
INTC,92.32,2026-07-29,4,Call,101.00,-9.40%,0.92,0.95,1,803,514,1.56,85.49%,94.88%,0.197165,2026-07-24
SPCX,115.07,2026-07-31,6,Call,137.00,-19.06%,1.35,1.4,1.45,966,618,1.56,112.41%,124.44%,0.15627,2026-07-24
HIMS,28.09,2026-08-07,13,Put,23.00,-18.12%,0.3,0.29,0.61,542,349,1.55,108.59%,109.19%,-0.140308,2026-07-24
ADI,371.86,2026-07-31,6,Put,340.00,-8.57%,1.75,2.4,2.8,1702,1099,1.55,58.40%,66.54%,-0.136313,2026-07-24
AA,44.24,2027-01-15,174,Put,42.00,-5.06%,5.05,5.05,5.5,501,326,1.54,54.67%,56.04%,-0.360296,2026-07-24
CRWV,71.88,2026-07-31,6,Put,66.00,-8.18%,1.69,1.7,1.84,1218,791,1.54,108.37%,115.20%,-0.256138,2026-07-24
UBER,65.94,2026-07-31,6,Call,72.00,-9.19%,0.07,0.11,0.11,1400,907,1.54,50.19%,42.83%,0.059059,2026-07-24
INTC,92.32,2026-07-27,2,Put,100.00,+8.32%,7.7,8.1,8.4,2252,1466,1.54,85.49%,91.60%,-0.873796,2026-07-24
MSFT,381.7,2026-08-21,27,Put,335.00,-12.23%,2.96,3.07,3.3,2384,1547,1.54,43.05%,45.10%,-0.127082,2026-07-24
NBIS,187.77,2026-07-31,6,Call,250.00,-33.14%,1.14,1.65,2.13,2662,1734,1.54,164.24%,159.62%,0.097917,2026-07-24
NVDA,206.84,2026-07-31,6,Put,197.50,-4.52%,1.62,1.68,1.66,6657,4330,1.54,41.00%,48.43%,-0.216877,2026-07-24
AAPL,333.02,2026-07-31,6,Put,320.00,-3.91%,2.51,2.66,2.65,7755,5028,1.54,29.61%,44.15%,-0.229208,2026-07-24
NVDA,206.84,2026-07-27,2,Put,195.00,-5.72%,0.15,0.15,0.16,12644,8275,1.53,41.00%,48.81%,-0.049082,2026-07-24
UEC,9.51,2026-07-31,6,Call,9.00,+5.36%,0.7,0.75,0.78,729,478,1.53,78.97%,91.91%,0.702576,2026-07-24
CRWD,183.28,2026-07-31,6,Call,195.00,-6.39%,1.93,1.89,2.09,779,510,1.53,61.43%,63.59%,0.238154,2026-07-24
GOOG,319.09,2026-08-07,13,Call,320.00,-0.29%,7.3,7.44,7.85,953,621,1.53,30.87%,32.60%,0.501502,2026-07-24
AAPL,333.02,2026-07-31,6,Put,312.50,-6.16%,1.31,1.38,1.41,994,648,1.53,29.61%,46.23%,-0.133258,2026-07-24
NVDA,206.84,2026-08-21,27,Call,217.50,-5.15%,4.7,4.65,4.75,1403,916,1.53,41.00%,38.72%,0.343537,2026-07-24
JOBY,6.93,2026-07-31,6,Put,7.00,+1.01%,0.3,0.32,0.33,1572,1027,1.53,88.28%,78.82%,-0.517691,2026-07-24
CMCSA,22.3,2026-07-31,6,Put,22.00,-1.35%,0.26,0.28,0.33,1872,1222,1.53,32.45%,37.39%,-0.383778,2026-07-24
CCL,26.33,2026-07-31,6,Call,27.00,-2.54%,0.52,0.57,0.62,2891,1892,1.53,47.14%,63.22%,0.394678,2026-07-24
LCID,6.3,2026-07-31,6,Put,6.50,+3.17%,0.47,0.54,0.54,1088,717,1.52,130.55%,122.06%,-0.547202,2026-07-24
INTC,92.32,2026-07-31,6,Put,93.00,+0.74%,4.85,5.11,5.15,1785,1171,1.52,85.49%,98.71%,-0.496579,2026-07-24
SPCX,115.07,2026-07-31,6,Put,114.00,-0.93%,5.4,5.5,5.6,1955,1285,1.52,112.41%,103.35%,-0.444152,2026-07-24
WEN,6.99,2026-08-14,20,Call,7.50,-7.30%,0.2,0.21,0.3,501,331,1.51,55.76%,69.10%,0.355783,2026-07-24
AMD,521.95,2026-09-18,55,Call,590.00,-13.04%,38.05,38.04,39.8,531,351,1.51,82.67%,77.66%,0.406205,2026-07-24
FCEL,21.26,2026-10-16,83,Call,55.00,-158.70%,0.85,1.05,1.25,542,358,1.51,147.12%,151.04%,0.171598,2026-07-24
VG,14.31,2026-07-31,6,Call,16.00,-11.81%,0.1,0.12,0.15,623,413,1.51,81.22%,83.42%,0.162175,2026-07-24
FRMI,7.4,2026-07-31,6,Put,6.50,-12.16%,0.2,0.25,0.35,674,447,1.51,159.03%,176.69%,-0.245699,2026-07-24
TSLA,313.03,2026-09-18,55,Put,315.00,+0.63%,22.9,23.06,23.1,684,453,1.51,48.76%,46.99%,-0.468498,2026-07-24
HOOD,94.91,2026-07-31,6,Call,113.00,-19.06%,0.7,0.73,0.79,705,468,1.51,79.42%,109.21%,0.120642,2026-07-24
SKHY,154.57,2026-07-31,6,Put,130.00,-15.90%,2.45,2.51,2.75,930,617,1.51,121.36%,147.60%,-0.155686,2026-07-24
META,595.19,2026-08-28,34,Call,800.00,-34.41%,1.5,1.49,1.66,1430,949,1.51,50.71%,53.17%,0.042521,2026-07-24
MSTR,91.67,2026-07-31,6,Call,97.00,-5.81%,2.17,2.45,2.44,2518,1668,1.51,82.45%,92.41%,0.339865,2026-07-24
IBM,214.19,2026-07-31,6,Call,225.00,-5.05%,1.35,1.49,1.51,2977,1969,1.51,41.87%,45.55%,0.208132,2026-07-24
HOOD,94.91,2026-07-31,6,Call,100.00,-5.36%,3.25,3.35,3.4,3668,2436,1.51,79.42%,110.02%,0.383747,2026-07-24
NBIS,187.77,2026-08-07,13,Call,200.00,-6.51%,19,19.65,21.95,517,345,1.5,164.24%,179.31%,0.494622,2026-07-24
ARM,260.01,2026-11-20,118,Put,250.00,-3.85%,46.9,47.1,50.5,542,361,1.5,103.59%,96.45%,-0.358705,2026-07-24
IREN,37.07,2026-08-21,27,Put,31.50,-15.03%,2.61,2.74,3.15,675,451,1.5,127.00%,141.80%,-0.267311,2026-07-24
HOOD,94.91,2026-07-31,6,Put,94.00,-0.96%,4.85,4.92,5.05,766,511,1.5,79.42%,112.24%,-0.443421,2026-07-24
MSTR,91.67,2027-01-15,174,Put,300.00,+227.26%,205.35,209.7,210.9,882,588,1.5,82.45%,115.32%,-0.894443,2026-07-24
TSLA,313.03,2026-08-03,9,Call,350.00,-11.81%,1.15,1.18,1.2,953,637,1.5,48.76%,53.01%,0.09875,2026-07-24
TSLA,313.03,2026-08-28,34,Call,350.00,-11.81%,6.45,6.57,6.6,1164,776,1.5,48.76%,48.19%,0.253955,2026-07-24
INTC,92.32,2026-07-31,6,Call,126.00,-36.48%,0.06,0.13,0.15,1925,1281,1.5,85.49%,115.65%,0.021698,2026-07-24
MARA,12.12,2026-07-31,6,Put,11.50,-5.12%,0.32,0.34,0.35,2354,1571,1.5,99.15%,98.87%,-0.314995,2026-07-24
TSLA,313.03,2026-08-07,13,Put,315.00,+0.63%,13,13.1,13.25,2862,1911,1.5,48.76%,52.08%,-0.501851,2026-07-24
DOX,52.1,2026-10-16,83,Put,50.00,-4.03%,0.9,2.5,4.9,543,365,1.49,40.96%,39.78%,-0.376862,2026-07-24
HOOD,94.91,2026-07-31,6,Put,98.00,+3.26%,6.95,7.35,7.25,560,377,1.49,79.42%,110.52%,-0.560448,2026-07-24
CAPR,19.7,2026-09-18,55,Call,25.00,-26.90%,5.3,6.24,6.5,1031,690,1.49,341.08%,248.77%,0.595544,2026-07-24
CHTR,123.31,2026-10-16,83,Put,115.00,-6.74%,9.1,9.3,11.8,2407,1613,1.49,58.18%,64.81%,-0.343894,2026-07-24
GOOG,319.09,2026-07-31,6,Call,330.00,-3.42%,1.85,1.86,1.95,3563,2398,1.49,30.87%,34.58%,0.234603,2026-07-24
MU,920.95,2026-07-31,6,Call,"1,000.00",-8.58%,22.4,23.05,23.75,5879,3939,1.49,96.49%,108.85%,0.302858,2026-07-24
TSLA,313.03,2026-07-31,6,Call,330.00,-5.42%,3.1,3.15,3.2,12397,8403,1.48,48.76%,56.03%,0.24483,2026-07-24
MSFT,381.7,2026-07-27,2,Put,365.00,-4.38%,0.2,0.24,0.24,604,408,1.48,43.05%,37.10%,-0.049724,2026-07-24
LMT,582.6,2026-07-31,6,Call,600.00,-2.99%,3.4,3.4,3.9,629,425,1.48,30.28%,33.09%,0.25209,2026-07-24
HAPN,18.06,2026-08-21,27,Call,19.00,-5.20%,0.7,1.04,1.25,804,545,1.48,69.07%,68.55%,0.434637,2026-07-24
AMD,521.95,2026-07-31,6,Put,505.00,-3.25%,15.45,16.35,16.05,1021,692,1.48,82.67%,89.02%,-0.362865,2026-07-24
GOOGL,319.74,2026-07-27,2,Call,332.50,-3.99%,0.1,0.15,0.16,1647,1114,1.48,31.30%,30.65%,0.044079,2026-07-24
CSCO,114.17,2026-10-16,83,Put,95.00,-16.79%,2.49,2.71,2.69,2106,1425,1.48,51.45%,47.03%,-0.170095,2026-07-24
SMCI,30.1,2026-07-31,6,Put,30.50,+1.33%,1.62,1.82,1.71,712,485,1.47,101.88%,94.61%,-0.517685,2026-07-24
SKHY,154.57,2026-07-31,6,Put,117.00,-24.31%,0.75,1.1,1.15,1054,719,1.47,121.36%,154.30%,-0.065597,2026-07-24
TSLA,313.03,2026-07-29,4,Call,322.50,-3.03%,3.6,3.64,3.7,1575,1073,1.47,48.76%,55.80%,0.317653,2026-07-24
IBM,214.19,2026-07-31,6,Call,215.00,-0.38%,4.35,4.45,4.9,2436,1662,1.47,41.87%,45.68%,0.486309,2026-07-24
NBIS,187.77,2026-08-21,27,Call,220.00,-17.16%,20.8,22,23.4,5362,3668,1.46,164.24%,163.33%,0.448873,2026-07-24
AAL,14.48,2026-07-31,6,Put,13.50,-6.77%,0.11,0.12,0.12,5461,3739,1.46,50.17%,61.82%,-0.178408,2026-07-24
ARM,260.01,2026-07-31,6,Put,200.00,-23.08%,2,2.1,2.2,577,395,1.46,103.59%,157.92%,-0.080749,2026-07-24
HIMS,28.09,2026-07-31,6,Put,28.50,+1.46%,1.61,1.62,1.87,656,448,1.46,108.59%,106.13%,-0.513977,2026-07-24
NVTS,10.92,2026-08-07,13,Call,13.00,-19.05%,0.47,0.68,0.66,714,489,1.46,131.13%,151.34%,0.321613,2026-07-24
TSLA,313.03,2026-11-20,118,Call,320.00,-2.23%,33.5,32.33,33.8,729,500,1.46,48.76%,49.41%,0.542357,2026-07-24
SNDK,1436.56,2026-08-07,13,Put,"1,000.00",-30.39%,25.8,29,31,868,595,1.46,136.49%,178.09%,-0.105752,2026-07-24
SPCX,115.07,2026-07-31,6,Call,136.00,-18.19%,1.4,1.5,1.55,986,674,1.46,112.41%,123.06%,0.164388,2026-07-24
TSLA,313.03,2026-08-14,20,Put,300.00,-4.16%,8.7,8.73,8.85,1068,732,1.46,48.76%,50.96%,-0.333559,2026-07-24
SPCX,115.07,2026-07-31,6,Call,118.00,-2.55%,4.8,4.85,5,1239,847,1.46,112.41%,104.56%,0.453785,2026-07-24
WEN,6.99,2026-07-31,6,Put,7.00,+0.14%,0.15,0.17,0.2,1741,1193,1.46,55.76%,46.89%,-0.501312,2026-07-24
ORCL,114.99,2026-08-21,27,Call,430.00,-273.95%,0.01,0.11,0.21,3446,2364,1.46,69.19%,179.02%,0.006907,2026-07-24
ADBE,225.11,2026-07-31,6,Call,227.50,-1.06%,4.75,4.75,5,517,356,1.45,48.53%,51.30%,0.452752,2026-07-24
DDOG,246.86,2026-07-31,6,Put,237.50,-3.79%,5.15,6.01,6.25,584,402,1.45,83.70%,78.50%,-0.330138,2026-07-24
TSLA,313.03,2026-07-31,6,Call,367.50,-17.40%,0.33,0.33,0.35,611,422,1.45,48.76%,66.45%,0.033386,2026-07-24
SPCX,115.07,2026-08-07,13,Call,172.50,-49.91%,1.7,1.73,1.9,689,475,1.45,112.41%,160.55%,0.118897,2026-07-24
NVTS,10.92,2026-07-31,6,Call,11.00,-0.73%,0.92,0.94,1.01,737,507,1.45,131.13%,179.07%,0.534103,2026-07-24
RUN,9.94,2026-08-07,13,Put,11.00,+10.66%,1.49,1.54,1.62,908,625,1.45,97.47%,119.60%,-0.63026,2026-07-24
SNDK,1436.56,2026-07-31,6,Call,"1,600.00",-11.38%,40.4,42.48,44.5,1234,853,1.45,136.49%,134.45%,0.296139,2026-07-24
NVDA,206.84,2026-08-07,13,Call,210.00,-1.53%,5.05,5.2,5.2,7586,5222,1.45,41.00%,41.35%,0.443891,2026-07-24
SPCX,115.07,2026-07-31,6,Call,115.00,+0.06%,6,6.1,6.2,7733,5332,1.45,112.41%,102.60%,0.529866,2026-07-24
NOW,98.78,2026-07-31,6,Call,100.00,-1.24%,2.71,2.75,2.82,8117,5618,1.44,58.12%,65.21%,0.461003,2026-07-24
AAPL,333.02,2026-07-31,6,Call,335.00,-0.59%,6.25,6.2,6.4,9022,6265,1.44,29.61%,42.10%,0.470958,2026-07-24
MRVL,194.23,2026-07-31,6,Call,232.50,-19.70%,0.94,1.02,1.19,573,399,1.44,93.54%,101.53%,0.094743,2026-07-24
YSS,17.06,2026-11-20,118,Put,30.00,+75.85%,14.3,15.3,17.1,594,412,1.44,133.83%,155.39%,-0.578011,2026-07-24
CSCO,114.17,2026-07-31,6,Call,115.00,-0.73%,1.98,2.02,2.15,637,442,1.44,51.45%,41.64%,0.459139,2026-07-24
NVDA,206.84,2026-08-03,9,Call,207.50,-0.32%,4.75,4.86,5.05,997,693,1.44,41.00%,39.68%,0.496936,2026-07-24
NVO,48.77,2026-07-31,6,Call,52.00,-6.62%,0.15,0.17,0.23,2514,1748,1.44,48.30%,44.90%,0.136877,2026-07-24
AAPL,333.02,2026-07-31,6,Call,355.00,-6.60%,0.9,0.94,0.96,2548,1774,1.44,29.61%,40.14%,0.113941,2026-07-24
AMD,521.95,2026-08-07,13,Call,620.00,-18.79%,7.2,8.53,9,570,400,1.43,82.67%,90.63%,0.180494,2026-07-24
CSCO,114.17,2026-07-31,6,Call,117.00,-2.48%,1.18,1.29,1.3,643,450,1.43,51.45%,40.26%,0.329248,2026-07-24
C,132.19,2026-08-21,27,Call,132.00,+0.14%,4.05,4.05,4.4,696,486,1.43,30.10%,28.24%,0.529095,2026-07-24
MSTR,91.67,2026-08-07,13,Put,105.00,+14.54%,14.4,14.61,15.15,707,495,1.43,82.45%,80.94%,-0.791156,2026-07-24
JNJ,263.4,2026-07-31,6,Call,265.00,-0.61%,2.69,2.88,2.88,2275,1589,1.43,24.99%,25.89%,0.437127,2026-07-24
LULU,114.28,2026-07-31,6,Call,115.00,-0.63%,2.5,2.56,2.67,566,400,1.42,48.18%,49.47%,0.476904,2026-07-24
FRMI,7.4,2026-07-31,6,Call,8.50,-14.86%,0.4,0.45,0.5,626,442,1.42,159.03%,220.69%,0.36456,2026-07-24
MU,920.95,2026-07-27,2,Put,780.00,-15.30%,0.95,1.21,1.35,699,492,1.42,96.49%,125.45%,-0.033098,2026-07-24
JPM,353.21,2026-07-31,6,Put,345.00,-2.32%,1.53,1.75,1.74,741,521,1.42,22.76%,26.09%,-0.23317,2026-07-24
PCT,5.85,2026-08-14,20,Call,7.50,-28.21%,0.2,0.25,0.25,1000,705,1.42,106.28%,127.44%,0.249137,2026-07-24
AMD,521.95,2026-07-27,2,Call,570.00,-9.21%,0.3,0.31,0.52,1077,756,1.42,82.67%,66.86%,0.040002,2026-07-24
NVDA,206.84,2026-08-21,27,Put,207.50,+0.32%,8.9,9.47,9,1100,773,1.42,41.00%,39.35%,-0.483889,2026-07-24
SPCX,115.07,2026-07-31,6,Call,127.00,-10.37%,2.5,2.5,2.6,1392,979,1.42,112.41%,112.03%,0.270621,2026-07-24
NVDA,206.84,2026-07-31,6,Put,212.50,+2.74%,7.7,8.72,7.8,1420,997,1.42,41.00%,41.23%,-0.683762,2026-07-24
U,28.62,2026-07-31,6,Put,27.50,-3.91%,0.54,0.57,0.68,2564,1805,1.42,84.15%,75.61%,-0.320732,2026-07-24
MARA,12.12,2026-07-31,6,Call,12.50,-3.14%,0.45,0.46,0.48,2718,1918,1.42,99.15%,100.79%,0.432622,2026-07-24
CLF,11.93,2026-09-18,55,Put,12.00,+0.59%,1.18,1.26,1.38,2759,1941,1.42,68.94%,68.36%,-0.452069,2026-07-24
TSLA,313.03,2026-08-28,34,Call,330.00,-5.42%,11.85,11.75,12.05,578,409,1.41,48.76%,48.20%,0.396717,2026-07-24
HOOD,94.91,2026-07-31,6,Put,96.00,+1.15%,5.9,6,6.1,646,459,1.41,79.42%,112.05%,-0.501744,2026-07-24
GOOGL,319.74,2026-08-28,34,Call,320.00,-0.08%,12.45,12.5,13.25,690,488,1.41,31.30%,32.08%,0.529095,2026-07-24
TIGR,4.73,2026-10-16,83,Put,4.00,-15.43%,0.23,0.27,0.28,698,495,1.41,65.14%,67.42%,-0.240635,2026-07-24
KBR,36.93,2026-09-18,55,Call,37.50,-1.54%,1.7,2,2.2,1370,971,1.41,43.53%,37.88%,0.494372,2026-07-24
RIVN,15.84,2026-07-31,6,Call,16.00,-1.01%,0.8,0.8,0.81,1915,1354,1.41,76.00%,107.97%,0.500362,2026-07-24
MARA,12.12,2026-07-31,6,Put,12.00,-0.99%,0.52,0.55,0.55,3346,2376,1.41,99.15%,96.72%,-0.441881,2026-07-24
NVDA,206.84,2026-07-31,6,Put,180.00,-12.98%,0.27,0.28,0.28,9391,6704,1.4,41.00%,63.36%,-0.039418,2026-07-24
TSLA,313.03,2026-07-31,6,Call,340.00,-8.62%,1.58,1.6,1.62,9861,7022,1.4,48.76%,57.42%,0.140546,2026-07-24
NVDA,206.84,2026-07-31,6,Put,200.00,-3.31%,2.16,2.15,2.2,14540,10401,1.4,41.00%,46.96%,-0.275505,2026-07-24
METC,10.35,2026-08-21,27,Call,12.00,-15.94%,0.6,0.62,0.7,31003,22215,1.4,105.95%,108.82%,0.362716,2026-07-24
IBM,214.19,2026-07-31,6,Put,197.50,-7.79%,0.33,0.4,0.48,576,410,1.4,41.87%,44.41%,-0.072836,2026-07-24
UBER,65.94,2026-10-16,83,Put,60.00,-9.01%,2.44,2.7,2.9,632,450,1.4,50.19%,44.17%,-0.27868,2026-07-24
RIOT,22.53,2026-07-31,6,Put,22.50,-0.13%,1.26,1.51,1.41,639,457,1.4,113.21%,117.88%,-0.465109,2026-07-24
UNH,420.74,2026-07-31,6,Call,435.00,-3.39%,1.72,1.85,2.01,793,568,1.4,28.44%,30.59%,0.20483,2026-07-24
NVDA,206.84,2026-08-05,11,Call,220.00,-6.36%,1.31,1.35,1.43,812,579,1.4,41.00%,38.11%,0.188049,2026-07-24
TSLA,313.03,2026-08-28,34,Call,320.00,-2.23%,15.75,15.88,15.95,834,597,1.4,48.76%,48.49%,0.479471,2026-07-24
MU,920.95,2026-07-31,6,Put,890.00,-3.36%,38.65,41.25,40.7,890,637,1.4,96.49%,116.61%,-0.37952,2026-07-24
MSTR,91.67,2026-07-31,6,Put,93.00,+1.45%,4.85,4.93,5.05,952,678,1.4,82.45%,90.68%,-0.524634,2026-07-24
BE,184.89,2026-08-21,27,Put,145.00,-21.57%,14.35,15.46,16,1053,752,1.4,170.03%,177.44%,-0.226722,2026-07-24
MU,920.95,2026-07-31,6,Call,960.00,-4.24%,35.45,36.9,38.15,527,379,1.39,96.49%,112.14%,0.415687,2026-07-24
T,24.13,2026-08-28,34,Call,25.00,-3.61%,0.39,0.41,0.44,608,436,1.39,27.05%,26.12%,0.338784,2026-07-24
AMD,521.95,2026-07-31,6,Put,520.00,-0.37%,21.45,22.31,23.55,863,622,1.39,82.67%,88.62%,-0.462541,2026-07-24
KKR,99.36,2026-08-21,27,Call,110.00,-10.71%,1,0.81,1.5,1500,1078,1.39,42.26%,41.89%,0.206678,2026-07-24
TSLA,313.03,2026-07-31,6,Call,322.50,-3.03%,5.1,5.2,5.2,2042,1470,1.39,48.76%,55.66%,0.354338,2026-07-24
INTC,92.32,2026-07-31,6,Call,110.00,-19.15%,0.54,0.59,0.6,9149,6586,1.39,85.49%,102.72%,0.103683,2026-07-24
NFLX,70.09,2026-07-31,6,Call,74.00,-5.58%,0.21,0.21,0.22,5843,4226,1.38,33.93%,36.74%,0.132151,2026-07-24
KLAR,17.36,2026-10-16,83,Call,20.00,-15.21%,1.25,1.4,1.45,726,525,1.38,82.02%,67.81%,0.401263,2026-07-24
TSLA,313.03,2026-08-21,27,Put,265.00,-15.34%,2.65,2.78,2.71,953,693,1.38,48.76%,54.41%,-0.111966,2026-07-24
NVDA,206.84,2026-08-03,9,Call,227.50,-9.99%,0.24,0.22,0.28,991,720,1.38,41.00%,36.56%,0.053006,2026-07-24
PLTR,122.92,2026-07-31,6,Put,124.00,+0.88%,3.95,3.99,4.1,1113,807,1.38,67.07%,55.35%,-0.53238,2026-07-24
ORCL,114.99,2026-07-31,6,Call,122.00,-6.10%,1.77,1.82,1.99,1393,1011,1.38,69.19%,74.97%,0.286164,2026-07-24
TSLA,313.03,2026-08-07,13,Call,325.00,-3.82%,7.5,7.6,7.65,1792,1303,1.38,48.76%,52.15%,0.374867,2026-07-24
AMD,521.95,2026-07-31,6,Put,320.00,-38.69%,0.05,0.1,0.1,2391,1737,1.38,82.67%,140.82%,-0.002536,2026-07-24
PANW,323.79,2028-12-15,874,Call,590.00,-82.22%,61,67.25,69.55,510,372,1.37,65.31%,58.62%,0.461391,2026-07-24
AMGN,376.04,2026-08-28,34,Put,300.00,-20.22%,0.19,0.85,0.9,570,415,1.37,35.04%,40.56%,-0.029033,2026-07-24
JPM,353.21,2026-07-31,6,Put,335.00,-5.16%,0.38,0.45,0.44,751,547,1.37,22.76%,28.56%,-0.070517,2026-07-24
SNDK,1436.56,2026-07-31,6,Call,"1,900.00",-32.26%,4.8,5.2,5.8,844,617,1.37,136.49%,129.75%,0.055465,2026-07-24
AAPL,333.02,2026-07-29,4,Call,325.00,+2.41%,8.75,9.44,9.55,1449,1060,1.37,29.61%,27.38%,0.809874,2026-07-24
BB,8.54,2026-07-31,6,Call,9.00,-5.39%,0.16,0.17,0.19,1834,1340,1.37,76.29%,79.72%,0.324035,2026-07-24
TSLA,313.03,2026-07-27,2,Call,350.00,-11.81%,0.08,0.1,0.1,4241,3094,1.37,48.76%,69.31%,0.015938,2026-07-24
PLTR,122.92,2026-08-28,34,Call,130.00,-5.76%,7,7.22,7.2,4295,3134,1.37,67.07%,65.64%,0.435599,2026-07-24
MU,920.95,2026-07-27,2,Call,"1,010.00",-9.67%,1.66,1.74,1.99,533,393,1.36,96.49%,83.91%,0.073264,2026-07-24
INTC,92.32,2026-08-03,9,Call,105.00,-13.73%,1.13,1.19,1.46,573,422,1.36,85.49%,87.87%,0.195321,2026-07-24
FCEL,21.26,2026-07-31,6,Call,22.00,-3.48%,1.25,1.4,1.6,597,440,1.36,147.12%,159.85%,0.475445,2026-07-24
NBIS,187.77,2026-07-31,6,Call,215.00,-14.50%,5,6.25,6.9,988,728,1.36,164.24%,155.64%,0.282317,2026-07-24
BA,209.52,2026-08-21,27,Call,210.00,-0.23%,8.75,9.31,10.05,1237,909,1.36,40.36%,42.53%,0.51358,2026-07-24
TSLA,313.03,2026-08-14,20,Call,330.00,-5.42%,8.15,8.3,8.3,589,437,1.35,48.76%,50.02%,0.353675,2026-07-24
BABA,112.14,2026-07-31,6,Call,114.00,-1.66%,1.83,1.95,2.07,652,483,1.35,47.68%,48.12%,0.406608,2026-07-24
AGNC,10.59,2026-07-31,6,Call,10.00,+5.57%,0.49,0.68,0.68,653,484,1.35,21.79%,56.57%,0.795142,2026-07-24
HIMS,28.09,2026-08-14,20,Call,40.00,-42.40%,0.51,0.57,0.68,947,704,1.35,108.59%,128.30%,0.153802,2026-07-24
GOOG,319.09,2026-07-31,6,Call,322.50,-1.07%,3.9,4.2,4.4,1176,874,1.35,30.87%,34.26%,0.417778,2026-07-24
PLTR,122.92,2026-07-31,6,Put,123.00,+0.07%,3.45,3.5,3.55,1383,1024,1.35,67.07%,55.56%,-0.486774,2026-07-24
BE,184.89,2026-09-18,55,Call,260.00,-40.62%,20.35,21.15,21.9,1449,1075,1.35,170.03%,147.43%,0.382133,2026-07-24
NVDA,206.84,2026-07-29,4,Put,190.00,-8.14%,0.38,0.4,0.41,1809,1340,1.35,41.00%,56.59%,-0.070981,2026-07-24
ONON,35.82,2027-01-15,174,Put,30.00,-16.25%,2.06,2.19,2.5,3506,2592,1.35,59.06%,53.65%,-0.240627,2026-07-24
SNDK,1436.56,2026-07-31,6,Call,"1,750.00",-21.82%,14.8,15.3,16,521,388,1.34,136.49%,130.03%,0.13631,2026-07-24
DELL,437.5,2026-08-21,27,Put,440.00,+0.57%,38.75,41.5,41.2,572,427,1.34,84.30%,82.53%,-0.462171,2026-07-24
NVDA,206.84,2026-08-07,13,Put,207.50,+0.32%,6.5,6.6,6.65,775,580,1.34,41.00%,40.71%,-0.496673,2026-07-24
TSLA,313.03,2026-07-31,6,Call,352.50,-12.61%,0.72,0.73,0.74,788,589,1.34,48.76%,60.77%,0.069753,2026-07-24
ORCL,114.99,2026-07-31,6,Call,126.00,-9.57%,1,1.07,1.08,992,741,1.34,69.19%,74.41%,0.181992,2026-07-24
META,595.19,2026-07-31,6,Call,620.00,-4.17%,15,14.95,15.5,1181,883,1.34,50.71%,82.62%,0.371603,2026-07-24
NVDA,206.84,2026-07-29,4,Put,192.50,-6.93%,0.5,0.52,0.54,1355,1014,1.34,41.00%,53.47%,-0.093858,2026-07-24
AAPL,333.02,2026-07-31,6,Put,327.50,-1.66%,4.6,4.75,4.85,1545,1154,1.34,29.61%,42.71%,-0.366514,2026-07-24
SPCX,115.07,2026-10-16,83,Call,160.00,-39.05%,7.6,7.2,8,2094,1558,1.34,112.41%,91.44%,0.301968,2026-07-24
CSCO,114.17,2026-10-16,83,Call,130.00,-13.87%,3.8,4.1,4.35,2185,1628,1.34,51.45%,42.76%,0.304064,2026-07-24
GOOG,319.09,2026-08-07,13,Call,330.00,-3.42%,3.45,3.66,3.8,528,397,1.33,30.87%,31.86%,0.305258,2026-07-24
TSM,403.41,2028-12-15,874,Call,410.00,-1.63%,133.5,134.88,138.5,637,479,1.33,50.30%,53.36%,0.677175,2026-07-24
AVGO,381.92,2026-07-31,6,Put,345.00,-9.67%,1.32,1.41,1.59,777,586,1.33,51.44%,63.20%,-0.096646,2026-07-24
NBIS,187.77,2026-07-31,6,Put,115.00,-38.75%,0.77,0.88,0.93,909,686,1.33,164.24%,229.63%,-0.034806,2026-07-24
QURE,38.97,2026-08-21,27,Call,41.00,-5.21%,3,3.23,4.3,961,722,1.33,104.69%,105.30%,0.490121,2026-07-24
LMND,60.14,2026-08-21,27,Call,100.00,-66.28%,0,0.25,0.45,990,742,1.33,89.97%,97.76%,0.038431,2026-07-24
UNH,420.74,2026-07-31,6,Call,430.00,-2.20%,2.82,2.95,3.2,1196,896,1.33,28.44%,30.36%,0.296655,2026-07-24
AAPL,333.02,2026-07-29,4,Call,345.00,-3.60%,0.49,0.59,0.62,1594,1199,1.33,29.61%,27.86%,0.117996,2026-07-24
AMZN,232.11,2026-07-29,4,Call,247.50,-6.63%,0.05,0.21,0.36,518,391,1.32,42.60%,37.46%,0.05399,2026-07-24
KMI,32.86,2026-07-31,6,Call,33.00,-0.43%,0.29,0.36,0.39,829,627,1.32,22.81%,24.12%,0.451335,2026-07-24
NVDA,206.84,2026-08-21,27,Put,197.50,-4.52%,5.05,5.29,5.15,829,628,1.32,41.00%,41.85%,-0.315443,2026-07-24
TSLA,313.03,2026-08-28,34,Call,360.00,-15.00%,4.75,4.75,4.85,1185,900,1.32,48.76%,48.56%,0.19878,2026-07-24
AMD,521.95,2026-07-31,6,Put,480.00,-8.04%,7.95,8.65,9,1433,1083,1.32,82.67%,93.32%,-0.222243,2026-07-24
BMNR,15.79,2026-07-31,6,Call,15.00,+5.00%,1.15,1.23,1.24,2292,1736,1.32,82.59%,92.46%,0.690378,2026-07-24
NU,14.09,2026-08-07,13,Call,14.50,-2.91%,0.25,0.27,0.29,2365,1798,1.32,48.76%,40.75%,0.375323,2026-07-24
AMZN,232.11,2026-07-27,2,Put,230.00,-0.91%,1.01,1.05,1.05,6232,4721,1.32,42.60%,28.09%,-0.323523,2026-07-24
TSLA,313.03,2026-08-21,27,Put,280.00,-10.55%,4.9,5,5,4078,3108,1.31,48.76%,51.92%,-0.190191,2026-07-24
BKR,57.25,2026-08-21,27,Call,65.00,-13.54%,0.55,0.6,0.6,4227,3217,1.31,44.44%,44.58%,0.164817,2026-07-24
WYNN,96.92,2027-01-15,174,Call,115.00,-18.65%,3.5,3.85,4.95,5775,4409,1.31,44.50%,36.45%,0.306857,2026-07-24
GOOGL,319.74,2026-07-31,6,Call,320.00,-0.08%,5.5,5.55,5.65,6171,4716,1.31,31.30%,34.35%,0.506392,2026-07-24
AAPL,333.02,2026-07-31,6,Call,350.00,-5.10%,1.59,1.62,1.64,6195,4744,1.31,29.61%,40.36%,0.177531,2026-07-24
ABBV,259.36,2026-08-07,13,Put,135.00,-47.95%,0.01,0.17,0.16,528,402,1.31,32.12%,136.33%,-0.003821,2026-07-24
META,595.19,2026-08-14,20,Put,600.00,+0.81%,32.1,32.87,33.3,544,416,1.31,50.71%,55.15%,-0.494837,2026-07-24
INV,2.89,2027-02-19,209,Call,12.50,-332.53%,0.15,0.2,0.4,550,421,1.31,148.47%,147.31%,0.230872,2026-07-24
INTC,92.32,2026-08-28,34,Put,75.00,-18.76%,2.53,2.76,3,563,429,1.31,85.49%,88.26%,-0.179825,2026-07-24
TSLA,313.03,2026-08-28,34,Call,370.00,-18.20%,3.5,3.55,3.6,780,594,1.31,48.76%,49.15%,0.154665,2026-07-24
SNDK,1436.56,2027-01-15,174,Put,"1,400.00",-2.54%,406.7,413.05,419,1017,776,1.31,136.49%,116.92%,-0.326238,2026-07-24
SMCI,30.1,2026-07-31,6,Put,31.50,+4.65%,2.23,2.23,2.36,1273,969,1.31,101.88%,95.49%,-0.620463,2026-07-24
MSTR,91.67,2026-09-18,55,Call,780.00,-750.88%,0.01,0.19,0.49,500,385,1.3,82.45%,207.49%,0.012296,2026-07-24
NIO,4.49,2026-08-21,27,Call,4.50,-0.22%,0.27,0.29,0.32,680,523,1.3,59.06%,60.42%,0.533857,2026-07-24
META,595.19,2026-07-31,6,Call,605.00,-1.65%,20.45,20.8,21.1,717,552,1.3,50.71%,82.28%,0.461281,2026-07-24
ORCL,114.99,2026-07-31,6,Put,108.00,-6.08%,1.6,1.61,1.67,801,618,1.3,69.19%,74.69%,-0.240122,2026-07-24
AMD,521.95,2026-07-31,6,Call,542.50,-3.94%,14.25,14.9,15.35,2112,1620,1.3,82.67%,86.57%,0.387017,2026-07-24
INTC,92.32,2026-07-31,6,Put,80.00,-13.34%,0.81,0.85,0.92,5408,4192,1.29,85.49%,105.81%,-0.129824,2026-07-24
GEMI,4.29,2026-07-31,6,Call,4.50,-4.90%,0.1,0.15,0.15,553,430,1.29,123.18%,94.76%,0.371549,2026-07-24
NOW,98.78,2026-07-31,6,Call,99.00,-0.22%,3.15,3.2,3.3,740,575,1.29,58.12%,65.38%,0.508969,2026-07-24
COHR,282.39,2026-08-21,27,Call,400.00,-41.65%,5.1,6.51,6.2,780,603,1.29,108.81%,107.36%,0.149787,2026-07-24
TSLA,313.03,2026-08-28,34,Call,340.00,-8.62%,8.8,8.9,8.95,968,751,1.29,48.76%,48.10%,0.320566,2026-07-24
PLTR,122.92,2026-07-31,6,Put,121.00,-1.56%,2.57,2.61,2.63,1205,935,1.29,67.07%,56.19%,-0.396847,2026-07-24
EW,82.63,2026-08-21,27,Put,77.50,-6.21%,0.8,1,1.25,1542,1191,1.29,32.59%,34.06%,-0.222551,2026-07-24
NBIS,187.77,2026-07-31,6,Call,200.00,-6.51%,10.3,11.05,11.65,1658,1290,1.29,164.24%,164.99%,0.424747,2026-07-24
FRMI,7.4,2026-08-14,20,Call,8.00,-8.11%,0.9,0.85,1.1,1968,1528,1.29,159.03%,178.28%,0.510602,2026-07-24
HOOD,94.91,2026-07-31,6,Call,103.00,-8.52%,2.4,2.47,2.55,3709,2881,1.29,79.42%,110.77%,0.308244,2026-07-24
GME,21.17,2026-07-31,6,Put,20.50,-3.16%,0.08,0.11,0.11,508,396,1.28,30.98%,30.32%,-0.202241,2026-07-24
ALAB,291.58,2026-07-31,6,Put,250.00,-14.26%,4.4,5,5.35,533,417,1.28,126.30%,136.35%,-0.165857,2026-07-24
AMZN,232.11,2026-07-31,6,Call,200.00,+13.83%,32.25,32.73,33.6,643,502,1.28,42.60%,79.56%,0.935323,2026-07-24
NOW,98.78,2026-07-31,6,Call,94.00,+4.84%,5.85,6.2,6.4,652,508,1.28,58.12%,63.55%,0.744384,2026-07-24
C,132.19,2026-08-21,27,Call,137.00,-3.64%,2.01,2.04,2.28,744,582,1.28,30.10%,27.74%,0.337474,2026-07-24
CMG,31.79,2026-07-31,6,Put,32.00,+0.66%,1.58,1.63,1.69,799,624,1.28,53.85%,94.27%,-0.496068,2026-07-24
BP,43.82,2026-07-31,6,Call,45.50,-3.83%,0.16,0.22,0.31,845,660,1.28,35.06%,35.70%,0.21121,2026-07-24
CIFR,23.15,2026-07-31,6,Call,23.00,+0.65%,1.56,1.65,1.9,897,702,1.28,129.04%,139.77%,0.551403,2026-07-24
MU,920.95,2026-07-27,2,Call,"1,100.00",-19.44%,0.1,0.18,0.26,1010,789,1.28,96.49%,98.47%,0.008246,2026-07-24
AVGO,381.92,2026-07-31,6,Call,400.00,-4.73%,4.1,4.5,4.45,1705,1333,1.28,51.44%,54.93%,0.269338,2026-07-24
NOK,9.1,2026-07-31,6,Put,9.50,+4.40%,0.61,0.63,0.67,2519,1967,1.28,69.89%,86.58%,-0.629101,2026-07-24
BE,184.89,2026-08-07,13,Call,250.00,-35.22%,9.2,9.75,10.85,2654,2069,1.28,170.03%,202.65%,0.276139,2026-07-24
NFLX,70.09,2026-07-31,6,Call,73.00,-4.15%,0.34,0.35,0.36,4520,3525,1.28,33.93%,35.96%,0.198641,2026-07-24
BMNR,15.79,2026-09-18,55,Call,20.00,-26.66%,0.85,0.85,0.88,8351,6551,1.27,82.59%,86.73%,0.302014,2026-07-24
ABBV,259.36,2026-08-21,27,Put,240.00,-7.46%,2.19,2.52,2.72,533,421,1.27,32.12%,33.51%,-0.182651,2026-07-24
SKHY,154.57,2026-09-18,55,Put,135.00,-12.66%,16.7,17.3,17.6,643,507,1.27,121.36%,117.55%,-0.296374,2026-07-24
GM,82.64,2026-07-31,6,Put,83.00,+0.44%,1.63,1.81,1.91,708,559,1.27,35.14%,37.81%,-0.523132,2026-07-24
TSLA,313.03,2026-09-04,41,Call,345.00,-10.21%,9.05,9,9.4,771,605,1.27,48.76%,48.08%,0.309535,2026-07-24
TSLA,313.03,2027-03-19,237,Call,560.00,-78.90%,7.2,7.1,7.45,888,701,1.27,48.76%,51.97%,0.131822,2026-07-24
NTR,68.1,2026-09-18,55,Call,75.00,-10.13%,1.1,1.25,1.3,967,764,1.27,35.61%,33.01%,0.246163,2026-07-24
CCL,26.33,2026-07-31,6,Call,26.50,-0.65%,0.72,0.74,0.85,1278,1003,1.27,47.14%,64.04%,0.486022,2026-07-24
EOSE,3.47,2026-07-31,6,Put,3.50,+0.86%,0.23,0.26,0.27,1330,1048,1.27,139.02%,132.40%,-0.485263,2026-07-24
RIOT,22.53,2026-07-31,6,Call,22.50,+0.13%,1.29,1.39,1.45,647,514,1.26,113.21%,117.22%,0.535053,2026-07-24
MSTR,91.67,2026-09-18,55,Call,125.00,-36.36%,2.91,3.06,3.25,1592,1268,1.26,82.45%,82.31%,0.213754,2026-07-24
PENG,53.85,2026-08-21,27,Put,45.00,-16.43%,3.2,3.22,3.4,1811,1436,1.26,122.50%,129.27%,-0.244126,2026-07-24
GLW,146.65,2026-07-31,6,Call,192.50,-31.26%,0.35,0.47,0.99,502,402,1.25,89.02%,132.76%,0.065455,2026-07-24
MBLY,8.05,2026-09-18,55,Call,9.00,-11.80%,0.51,0.57,0.57,506,406,1.25,69.89%,70.24%,0.400377,2026-07-24
MU,920.95,2026-07-31,6,Put,770.00,-16.39%,9.65,10.5,11.05,582,466,1.25,96.49%,131.25%,-0.124829,2026-07-24
PLTR,122.92,2026-10-16,83,Call,110.00,+10.51%,21.2,21.45,21.55,637,509,1.25,67.07%,60.67%,0.711493,2026-07-24
IREN,37.07,2026-07-31,6,Call,42.50,-14.65%,0.72,0.75,0.82,641,511,1.25,127.00%,129.97%,0.23161,2026-07-24
PG,147.41,2026-07-31,6,Call,150.00,-1.76%,1.46,1.67,1.79,704,562,1.25,26.88%,35.78%,0.361396,2026-07-24
CRWD,183.28,2026-07-31,6,Call,190.00,-3.67%,3.35,3.35,3.5,708,568,1.25,61.43%,64.72%,0.349996,2026-07-24
GLW,146.65,2026-07-31,6,Call,170.00,-15.92%,1.82,1.99,2.18,742,595,1.25,89.02%,116.22%,0.180348,2026-07-24
NBIS,187.77,2026-08-07,13,Put,125.00,-33.43%,2.46,4.25,4.65,784,627,1.25,164.24%,191.67%,-0.095248,2026-07-24
NBIS,187.77,2026-07-31,6,Call,280.00,-49.12%,0.6,0.88,0.95,831,665,1.25,164.24%,175.11%,0.047978,2026-07-24
AMKR,64.96,2027-03-19,237,Call,55.00,+15.33%,23.4,23.8,24.7,1002,801,1.25,109.80%,96.94%,0.734029,2026-07-24
AMD,521.95,2026-07-31,6,Call,580.00,-11.12%,5,5,5.55,1118,895,1.25,82.67%,84.52%,0.18047,2026-07-24
BCYC,3.87,2026-08-21,27,Put,4.00,+3.36%,0.2,0.25,0.3,1463,1168,1.25,333.44%,42.98%,-0.582784,2026-07-24
BAC,62.05,2026-07-31,6,Put,61.00,-1.69%,0.34,0.35,0.38,3490,2798,1.25,22.44%,24.80%,-0.287296,2026-07-24
SPCX,115.07,2026-07-31,6,Put,105.00,-8.75%,2.05,2.09,2.15,3686,2952,1.25,112.41%,103.47%,-0.22341,2026-07-24
TSLA,313.03,2026-07-31,6,Call,360.00,-15.00%,0.47,0.48,0.5,3897,3111,1.25,48.76%,63.43%,0.047352,2026-07-24
SNDK,1436.56,2026-07-31,6,Put,"1,250.00",-12.99%,35.9,37.66,38.9,510,411,1.24,136.49%,154.33%,-0.210488,2026-07-24
GOOGL,319.74,2026-07-31,6,Call,300.00,+6.17%,19,20.5,22.15,556,449,1.24,31.30%,38.17%,0.9095,2026-07-24
AAOI,100.15,2026-07-31,6,Call,120.00,-19.82%,1.4,1.5,1.65,753,608,1.24,144.73%,137.09%,0.174216,2026-07-24
AAPL,333.02,2026-11-20,118,Call,390.00,-17.11%,5.25,5.19,5.65,783,632,1.24,29.61%,27.90%,0.199001,2026-07-24
META,595.19,2026-07-27,2,Put,605.00,+1.65%,12,12.5,13,800,643,1.24,50.71%,36.80%,-0.719925,2026-07-24
MSTR,91.67,2026-07-31,6,Call,107.00,-16.72%,0.5,0.57,0.59,815,655,1.24,82.45%,92.94%,0.108753,2026-07-24
NOW,98.78,2026-07-31,6,Call,97.00,+1.80%,4.2,4.25,4.4,1164,936,1.24,58.12%,65.95%,0.604273,2026-07-24
BA,209.52,2026-07-31,6,Call,215.00,-2.62%,3.9,3.98,4.15,1815,1465,1.24,40.36%,58.97%,0.380299,2026-07-24
TSLA,313.03,2026-08-21,27,Call,340.00,-8.62%,7.2,7.21,7.3,1846,1484,1.24,48.76%,48.78%,0.295824,2026-07-24
ACVA,7.73,2026-08-21,27,Call,7.50,+2.98%,0.8,0.82,0.9,2009,1617,1.24,83.04%,87.23%,0.601518,2026-07-24
CAG,14.77,2026-08-07,13,Call,15.50,-4.94%,0.05,0.11,0.15,2214,1791,1.24,33.80%,31.47%,0.207946,2026-07-24
AAL,14.48,2026-07-31,6,Call,14.00,+3.31%,0.66,0.68,0.74,2252,1819,1.24,50.17%,57.60%,0.687905,2026-07-24
SKHY,154.57,2026-08-14,20,Call,190.00,-22.92%,7,7.28,7.7,2614,2100,1.24,121.36%,126.75%,0.294393,2026-07-24
HOOD,94.91,2026-11-20,118,Put,65.00,-31.51%,3.35,3.75,4.1,2812,2274,1.24,79.42%,79.39%,-0.138205,2026-07-24
"Downloaded from Barchart.com as of 07-25-2026 04:19am CDT"
