Symbol,Price~,"Exp Date",DTE,Type,Strike,Moneyness,Bid,Latest,Ask,Volume,"Open Int",Vol/OI,"Imp Vol",IV,Delta,Time
NVDA,210.96,2026-09-16,2,Call,212.50,-0.73%,1.65,1.67,1.69,37830,284,133.2,33.57%,37.52%,0.404445,2026-09-14
OWL,10.43,2026-11-20,67,Put,12.00,+15.05%,1.9,2.02,2.05,91094,800,113.87,45.31%,49.02%,-0.715951,2026-09-14
DAL,79.8,2026-10-16,32,Call,87.50,-9.65%,1.44,1.66,1.66,52354,525,99.72,43.17%,43.63%,0.263889,2026-09-14
NVDA,210.96,2026-09-16,2,Call,210.00,+0.46%,2.88,2.96,2.95,16112,273,59.02,33.57%,38.36%,0.571781,2026-09-14
META,665.6,2026-09-16,2,Call,680.00,-2.16%,3.3,3.4,3.5,10191,186,54.79,38.05%,44.03%,0.262741,2026-09-14
TSLA,358.97,2026-09-16,2,Call,362.50,-0.98%,3.3,3.35,3.4,20305,385,52.74,40.25%,45.87%,0.395345,2026-09-14
META,665.6,2026-09-16,2,Put,660.00,-0.84%,5.75,5.86,6,6968,153,45.54,38.05%,43.04%,-0.387428,2026-09-14
BAC,59.47,2026-09-18,4,Call,61.00,-2.57%,0.18,0.2,0.2,20758,462,44.93,26.35%,27.97%,0.198579,2026-09-14
TSLA,358.97,2026-09-16,2,Put,357.50,-0.41%,4,4.02,4.1,10066,225,44.74,40.25%,45.17%,-0.442587,2026-09-14
GOOGL,349.39,2026-09-16,2,Put,345.00,-1.26%,1.6,1.63,1.67,5578,129,43.24,29.84%,33.23%,-0.297043,2026-09-14
NVDA,210.96,2026-09-16,2,Call,215.00,-1.92%,0.85,0.86,0.88,46354,1097,42.26,33.57%,37.25%,0.252039,2026-09-14
VRT,237.39,2028-01-21,494,Call,380.00,-60.07%,33.5,36.08,37.2,8646,205,42.18,56.15%,61.81%,0.412158,2026-09-14
TSLA,358.97,2026-09-16,2,Put,362.50,+0.98%,6.7,6.75,6.85,15810,380,41.61,40.25%,45.49%,-0.606199,2026-09-14
CRWV,82.98,2026-10-09,25,Call,101.00,-21.72%,1.75,1.95,1.83,5052,131,38.56,74.52%,79.45%,0.203458,2026-09-14
TSLA,358.97,2026-09-16,2,Put,352.50,-1.80%,2.15,2.16,2.17,6950,192,36.2,40.25%,44.99%,-0.284989,2026-09-14
AMD,493.41,2026-09-16,2,Call,485.00,+1.70%,12.75,13.65,13.6,3599,101,35.63,50.45%,57.00%,0.667622,2026-09-14
RUM,8,2026-09-18,4,Call,8.50,-6.25%,0.2,0.23,0.25,4087,116,35.23,84.10%,124.46%,0.345616,2026-09-14
INTC,97.19,2026-09-16,2,Put,97.00,-0.20%,1.87,1.9,1.93,3922,114,34.4,60.75%,69.79%,-0.473506,2026-09-14
QXO,12.11,2027-09-17,368,Put,10.00,-17.42%,1.65,1.74,1.8,8402,247,34.02,63.75%,65.20%,-0.252999,2026-09-14
TSLA,358.97,2026-09-16,2,Call,360.00,-0.29%,4.35,4.4,4.45,28254,837,33.76,40.25%,45.83%,0.475421,2026-09-14
GRAB,3.02,2026-10-30,46,Call,3.00,+0.66%,0.23,0.25,0.39,8784,263,33.4,49.54%,69.00%,0.566978,2026-09-14
MSFT,505.41,2026-09-16,2,Call,510.00,-0.91%,2,2.25,2.53,12177,365,33.36,25.08%,27.58%,0.335436,2026-09-14
META,665.6,2026-09-16,2,Call,670.00,-0.66%,6.4,6.7,6.8,6439,195,33.02,38.05%,43.46%,0.427355,2026-09-14
DVN,49.73,2026-09-18,4,Put,49.00,-1.47%,0.47,0.62,0.7,3780,115,32.87,35.82%,43.94%,-0.364297,2026-09-14
SHAZ,51.91,2026-11-20,67,Call,90.00,-73.38%,1.95,2.4,2.8,5170,159,32.52,105.95%,117.10%,0.202568,2026-09-14
NVDA,210.96,2026-09-21,7,Call,215.00,-1.92%,2.08,2.15,2.15,5461,174,31.39,33.57%,31.89%,0.346814,2026-09-14
BBD,3.54,2026-10-16,32,Call,3.50,+1.13%,0.15,0.2,0.2,10508,345,30.46,42.90%,37.55%,0.55882,2026-09-14
WULF,15.47,2027-03-19,186,Call,15.00,+3.04%,3.95,4.04,4.1,39079,1300,30.06,81.50%,107.38%,0.593553,2026-09-14
PLAY,8.47,2026-10-16,32,Put,7.00,-17.36%,0.3,0.35,0.4,6034,201,30.02,104.99%,98.59%,-0.213893,2026-09-14
HD,310.87,2028-01-21,494,Call,370.00,-19.02%,20.5,21.42,24.6,3500,118,29.66,24.98%,29.10%,0.367682,2026-09-14
EL,98.22,2027-03-19,186,Call,110.00,-11.99%,7,7.85,7.8,7004,239,29.31,36.18%,40.66%,0.417709,2026-09-14
ARCC,19.8,2026-09-18,4,Call,18.00,+9.09%,1.4,1.79,1.85,4800,165,29.09,12.71%,52.12%,0.965468,2026-09-14
NTSK,17,2026-12-18,95,Call,22.50,-32.35%,1.35,1.5,1.55,12009,418,28.73,76.28%,88.03%,0.352964,2026-09-14
CRCL,97.42,2026-09-18,4,Call,103.00,-5.73%,2.43,2.48,2.59,2895,102,28.38,82.59%,114.28%,0.343653,2026-09-14
GME,21.62,2026-09-18,4,Put,21.50,-0.56%,0.34,0.36,0.39,3494,124,28.18,44.57%,46.55%,-0.447362,2026-09-14
U,43.45,2026-10-16,32,Put,40.00,-7.94%,1.23,1.35,1.38,8233,312,26.39,56.07%,55.47%,-0.273313,2026-09-14
FPS,28.64,2026-11-20,67,Call,42.50,-48.39%,1,1.2,1.6,3135,121,25.91,97.42%,95.76%,0.229514,2026-09-14
TSLA,358.97,2026-09-16,2,Call,372.50,-3.77%,0.98,0.99,1,9591,376,25.51,40.25%,47.67%,0.152605,2026-09-14
KO,89.35,2026-09-18,4,Call,87.00,+2.63%,2.2,2.26,2.49,6310,249,25.34,18.19%,12.44%,0.980226,2026-09-14
FPS,28.64,2026-10-16,32,Call,30.00,-4.75%,2.7,2.83,2.9,7552,304,24.84,97.42%,98.53%,0.499185,2026-09-14
AMZN,253.54,2026-09-18,4,Call,247.50,+2.38%,7.4,7.8,7.8,4865,198,24.57,30.72%,35.95%,0.748598,2026-09-14
AAPL,333.08,2026-09-16,2,Put,332.50,-0.17%,2.29,2.38,2.4,16186,674,24.01,24.74%,26.97%,-0.458294,2026-09-14
RWT,3.83,2027-04-16,214,Call,4.00,-4.44%,0.2,0.24,0.3,2709,115,23.56,50.32%,36.52%,0.400485,2026-09-14
SE,108.68,2026-11-20,67,Call,110.00,-1.21%,9.55,9.9,10.15,4203,181,23.22,44.54%,54.54%,0.537565,2026-09-14
BAC,59.47,2026-09-25,11,Call,60.00,-0.89%,0.72,0.76,0.78,2720,118,23.05,26.35%,23.68%,0.427412,2026-09-14
AMZN,253.54,2026-09-16,2,Call,257.50,-1.56%,0.96,1.06,1.07,20440,900,22.71,30.72%,33.11%,0.270238,2026-09-14
NVDA,210.96,2026-09-16,2,Call,217.50,-3.10%,0.39,0.41,0.41,19013,845,22.5,33.57%,37.12%,0.13759,2026-09-14
INTC,97.19,2026-09-16,2,Put,96.00,-1.22%,1.42,1.45,1.48,3066,137,22.38,60.75%,69.95%,-0.394853,2026-09-14
IREN,43.17,2027-03-19,186,Call,40.00,+7.34%,12.3,12.75,12.75,10015,449,22.31,81.96%,90.44%,0.681693,2026-09-14
CRWV,82.98,2026-10-09,25,Call,98.00,-18.10%,2.18,2.68,2.26,5136,234,21.95,74.52%,78.41%,0.243168,2026-09-14
CRWD,235.38,2026-09-18,4,Put,222.50,-5.47%,1.7,1.9,1.93,4660,213,21.88,56.46%,65.72%,-0.195536,2026-09-14
COIN,191.45,2026-10-02,18,Put,95.00,-50.38%,0.06,0.11,0.11,3319,153,21.69,68.85%,128.28%,-0.004557,2026-09-14
GOOGL,349.39,2026-09-16,2,Call,350.00,-0.17%,3.05,3.14,3.2,26543,1258,21.1,29.84%,32.84%,0.479257,2026-09-14
EFOR,34.05,2026-09-18,4,Call,35.00,-2.79%,0.4,0.6,0.7,2657,128,20.76,59.63%,65.59%,0.359151,2026-09-14
AMD,493.41,2026-09-16,2,Call,500.00,-1.34%,4.75,5.3,5.4,3733,181,20.62,50.45%,53.87%,0.379093,2026-09-14
MU,924.03,2026-09-16,2,Put,930.00,+0.65%,18.1,18.6,18.85,4171,204,20.45,58.66%,56.25%,-0.551798,2026-09-14
AGNC,10.09,2026-10-30,46,Put,9.50,-5.85%,0.08,0.18,0.18,2593,128,20.26,23.14%,24.93%,-0.236897,2026-09-14
MSFT,505.41,2026-09-16,2,Put,495.00,-2.06%,0.8,0.9,1,3079,152,20.26,25.08%,28.61%,-0.1586,2026-09-14
TSLA,358.97,2026-09-16,2,Call,367.50,-2.38%,1.85,1.86,1.88,8828,444,19.88,40.25%,46.58%,0.255215,2026-09-14
PANW,373.94,2027-01-15,123,Put,345.00,-7.74%,27.3,28.95,30.75,2293,117,19.6,52.28%,52.75%,-0.326569,2026-09-14
AVGO,344.72,2026-09-16,2,Call,350.00,-1.53%,1.89,1.98,2.15,2441,128,19.07,36.32%,40.13%,0.311472,2026-09-14
META,665.6,2026-09-16,2,Call,700.00,-5.17%,0.78,0.79,0.79,13450,708,19,38.05%,46.91%,0.076556,2026-09-14
MSFT,505.41,2026-09-16,2,Call,512.50,-1.40%,1.49,1.58,1.64,4409,234,18.84,25.08%,27.71%,0.254233,2026-09-14
NVDA,210.96,2026-09-16,2,Put,207.50,-1.64%,1.11,1.12,1.15,11535,618,18.67,33.57%,40.43%,-0.283401,2026-09-14
TSLA,358.97,2026-09-16,2,Put,367.50,+2.38%,10.15,10.3,10.35,3198,172,18.59,40.25%,45.62%,-0.75028,2026-09-14
FWDI,6.95,2026-10-16,32,Call,10.00,-43.88%,0,0.24,0.35,2676,144,18.58,106.45%,108.69%,0.168611,2026-09-14
FAST,49.44,2026-10-16,32,Put,40.00,-19.09%,0,0.2,0.3,1928,104,18.54,33.10%,45.88%,-0.050612,2026-09-14
AAPL,333.08,2026-09-21,7,Put,320.00,-3.93%,0.7,0.76,0.78,9111,500,18.22,24.74%,25.78%,-0.123749,2026-09-14
NVDA,210.96,2026-09-21,7,Call,210.00,+0.46%,4.3,4.4,4.45,2695,148,18.21,33.57%,32.75%,0.554276,2026-09-14
MSFT,505.41,2026-09-16,2,Call,505.00,+0.08%,4.35,4.55,4.6,8777,484,18.13,25.08%,28.33%,0.52263,2026-09-14
CVX,212.17,2026-11-20,67,Call,240.00,-13.12%,2.24,2.34,2.42,10486,586,17.89,27.52%,28.78%,0.17467,2026-09-14
DC,5.83,2027-04-16,214,Call,10.00,-71.53%,0.35,0.38,0.5,2334,131,17.82,70.25%,74.98%,0.270218,2026-09-14
TSLA,358.97,2026-09-16,2,Put,360.00,+0.29%,5.2,5.28,5.35,24702,1387,17.81,40.25%,45.00%,-0.525769,2026-09-14
AMZN,253.54,2026-09-16,2,Put,245.00,-3.37%,0.31,0.34,0.34,4529,258,17.55,30.72%,36.55%,-0.099108,2026-09-14
SNDK,1551.99,2026-09-18,4,Call,"1,560.00",-0.52%,42.2,42.9,43.5,1987,116,17.13,69.00%,71.52%,0.489618,2026-09-14
WULF,15.47,2027-03-19,186,Call,25.00,-61.60%,1.38,1.5,1.5,40025,2347,17.05,81.50%,96.61%,0.292352,2026-09-14
ORCL,144.79,2026-09-18,4,Call,146.00,-0.84%,2.96,3,3.1,1953,115,16.98,49.83%,59.09%,0.46025,2026-09-14
UEC,10.26,2026-09-25,11,Put,9.50,-7.41%,0.13,0.23,0.28,2320,140,16.57,68.33%,72.90%,-0.248552,2026-09-14
AAPL,333.08,2026-09-16,2,Put,327.50,-1.68%,0.82,0.83,0.89,10301,624,16.51,24.74%,28.93%,-0.209738,2026-09-14
MSFT,505.41,2026-09-16,2,Call,502.50,+0.58%,5.8,6,6.9,3269,199,16.43,25.08%,31.62%,0.60458,2026-09-14
MSFT,505.41,2026-09-16,2,Call,520.00,-2.89%,0.21,0.48,0.47,3080,188,16.38,25.08%,26.58%,0.076596,2026-09-14
SPCX,148.15,2026-09-25,11,Put,134.00,-9.55%,1.06,1.08,1.11,6020,373,16.14,50.53%,56.62%,-0.139947,2026-09-14
AAPL,333.08,2026-09-16,2,Put,335.00,+0.58%,3.6,3.7,3.75,10475,650,16.12,24.74%,26.73%,-0.607978,2026-09-14
XOM,165.08,2026-12-18,95,Call,190.00,-15.10%,2.62,2.7,2.82,11093,694,15.98,30.65%,30.00%,0.205189,2026-09-14
CRWD,235.38,2026-09-18,4,Call,240.00,-1.96%,4.6,4.65,4.75,24866,1559,15.95,56.46%,67.48%,0.407396,2026-09-14
HD,310.87,2028-01-21,494,Put,370.00,+19.02%,69,71.05,73.5,3501,225,15.56,24.98%,25.19%,-0.668039,2026-09-14
UNH,383.55,2027-09-17,368,Put,300.00,-21.78%,14.45,14.75,16.4,2387,154,15.5,33.75%,35.14%,-0.177273,2026-09-14
BBY,94.83,2026-10-16,32,Put,85.00,-10.37%,0.8,0.99,1,4503,292,15.42,37.72%,38.21%,-0.152905,2026-09-14
NOK,9.65,2026-09-18,4,Call,9.50,+1.55%,0.38,0.39,0.4,3304,217,15.23,59.46%,77.03%,0.593888,2026-09-14
CRWD,235.38,2026-09-18,4,Put,232.50,-1.22%,4.95,4.95,5.2,2737,180,15.21,56.46%,66.03%,-0.413904,2026-09-14
TSLA,358.97,2026-09-16,2,Call,350.00,+2.50%,10.5,10.65,10.75,3593,238,15.1,40.25%,46.00%,0.77821,2026-09-14
GILD,146.41,2026-11-20,67,Call,165.00,-12.70%,1.68,1.9,2.15,8453,562,15.04,26.79%,29.73%,0.195961,2026-09-14
DQ,11.51,2027-01-15,123,Put,11.00,-4.43%,1.15,1.27,1.5,5000,333,15.02,56.83%,62.91%,-0.36954,2026-09-14
AMZN,253.54,2026-09-16,2,Put,257.50,+1.56%,4.8,4.95,5.05,1670,112,14.91,30.72%,33.02%,-0.731477,2026-09-14
RGTI,15.27,2026-09-25,11,Call,15.50,-1.51%,0.61,0.7,0.7,2132,143,14.91,72.39%,71.11%,0.479848,2026-09-14
CRWV,82.98,2026-10-09,25,Call,100.00,-20.51%,1.9,1.93,1.97,5392,364,14.81,74.52%,79.29%,0.216681,2026-09-14
AAPL,333.08,2026-09-21,7,Call,350.00,-5.08%,0.31,0.38,0.38,3670,250,14.68,24.74%,23.85%,0.071512,2026-09-14
MU,924.03,2026-09-16,2,Put,850.00,-8.01%,0.6,0.74,0.74,2557,175,14.61,58.66%,64.32%,-0.037424,2026-09-14
CRNT,2.03,2027-03-19,186,Call,2.00,+1.48%,0.35,0.4,0.45,1504,104,14.46,62.65%,64.61%,0.620573,2026-09-14
INTC,97.19,2026-09-16,2,Call,100.00,-2.89%,0.92,0.94,0.95,8903,623,14.29,60.75%,69.87%,0.300815,2026-09-14
MSFT,505.41,2026-11-20,67,Call,605.00,-19.70%,2.48,2.81,3.05,17062,1199,14.23,25.08%,29.77%,0.096096,2026-09-14
AMZN,253.54,2026-09-16,2,Call,250.00,+1.40%,4.55,4.9,4.9,3537,251,14.09,30.72%,34.12%,0.718143,2026-09-14
TSLA,358.97,2026-09-16,2,Call,365.00,-1.68%,2.51,2.51,2.54,24336,1736,14.02,40.25%,46.25%,0.321424,2026-09-14
CRWD,235.38,2026-09-18,4,Call,260.00,-10.46%,0.82,0.83,0.87,6776,490,13.83,56.46%,72.51%,0.102504,2026-09-14
BABA,109.23,2026-09-18,4,Put,102.00,-6.62%,0.1,0.13,0.14,1755,127,13.82,41.43%,42.06%,-0.057365,2026-09-14
AAPL,333.08,2026-09-16,2,Call,332.50,+0.17%,2.93,3,3.15,15772,1151,13.7,24.74%,27.56%,0.541616,2026-09-14
META,665.6,2026-09-16,2,Call,695.00,-4.42%,1.08,1.14,1.17,1676,123,13.63,38.05%,45.86%,0.105464,2026-09-14
HIMS,28.81,2026-09-18,4,Call,29.50,-2.40%,0.58,0.64,0.7,8845,656,13.48,66.39%,77.28%,0.402368,2026-09-14
CRWV,82.98,2026-10-09,25,Call,99.00,-19.31%,2.03,2.11,2.1,5140,385,13.35,74.52%,78.74%,0.229158,2026-09-14
AMZN,253.54,2026-09-25,11,Put,252.50,-0.41%,4.65,4.7,4.85,3540,266,13.31,30.72%,30.65%,-0.452147,2026-09-14
AMKR,47.12,2026-10-09,25,Put,40.00,-15.11%,0.2,0.49,1.1,1607,121,13.28,67.60%,65.20%,-0.145434,2026-09-14
TSLA,358.97,2026-09-21,7,Put,360.00,+0.29%,7.85,7.95,8.05,6214,471,13.19,40.25%,37.97%,-0.507182,2026-09-14
CRWD,235.38,2026-11-20,67,Put,210.00,-10.78%,10.45,10.85,11.25,1812,138,13.13,56.46%,57.16%,-0.270365,2026-09-14
RUM,8,2026-09-18,4,Put,8.50,+6.25%,0.5,0.7,0.85,1344,103,13.05,84.10%,109.01%,-0.681525,2026-09-14
DOW,28.9,2026-10-09,25,Put,26.00,-10.03%,0.19,0.25,0.3,1538,118,13.03,40.96%,40.47%,-0.147676,2026-09-14
AMZN,253.54,2026-09-16,2,Call,252.50,+0.41%,2.94,3.15,3.15,3560,276,12.9,30.72%,32.95%,0.574915,2026-09-14
MU,924.03,2026-09-18,4,Put,915.00,-0.98%,17.05,17.47,17.95,2719,211,12.89,58.66%,56.94%,-0.420713,2026-09-14
ORCL,144.79,2026-09-18,4,Call,143.00,+1.24%,4.4,4.45,4.6,3197,250,12.79,49.83%,58.47%,0.593933,2026-09-14
B,42.43,2026-10-16,32,Call,46.00,-8.41%,0.88,0.95,1.01,6076,476,12.76,41.88%,43.70%,0.292241,2026-09-14
CRWD,235.38,2028-01-21,494,Call,240.00,-1.96%,67.45,69.12,70,3101,247,12.55,56.46%,61.41%,0.657971,2026-09-14
MSFT,505.41,2026-09-16,2,Call,515.00,-1.90%,1,1,1.1,4641,371,12.51,25.08%,27.87%,0.185841,2026-09-14
M,22.58,2026-09-18,4,Call,15.00,+33.57%,7.55,8.05,8.15,1546,124,12.47,39.44%,303.68%,0.925671,2026-09-14
MU,924.03,2026-09-16,2,Put,920.00,-0.44%,13,13.35,13.55,2249,182,12.36,58.66%,56.13%,-0.448323,2026-09-14
AVBC,22.18,2026-09-18,4,Call,22.50,-1.44%,0.15,0.25,0.25,2595,210,12.36,30.55%,35.76%,0.360871,2026-09-14
TSLA,358.97,2026-09-21,7,Call,360.00,-0.29%,7.2,7.25,7.3,1518,125,12.14,40.25%,38.45%,0.49437,2026-09-14
HL,18.82,2026-09-25,11,Call,19.50,-3.61%,0.51,0.63,0.68,1643,136,12.08,61.69%,66.84%,0.405654,2026-09-14
USAR,15.71,2026-10-02,18,Call,21.00,-33.67%,0.01,0.1,0.12,1207,100,12.07,80.35%,78.64%,0.058872,2026-09-14
INTC,97.19,2026-09-16,2,Call,102.00,-4.95%,0.49,0.52,0.53,1879,156,12.04,60.75%,70.99%,0.18676,2026-09-14
MU,924.03,2026-09-16,2,Put,915.00,-0.98%,10.95,11.47,11.5,2083,174,11.97,58.66%,56.67%,-0.397794,2026-09-14
SMR,8.51,2026-09-25,11,Call,8.50,+0.12%,0.41,0.49,0.48,2189,184,11.9,75.22%,73.99%,0.532636,2026-09-14
MRK,144.85,2026-10-16,32,Call,85.00,+41.32%,59,59.4,60.6,1340,113,11.86,27.32%,61.46%,0.997997,2026-09-14
AXTI,57.06,2026-10-02,18,Put,40.00,-29.90%,0.2,0.25,0.3,1285,109,11.79,106.83%,100.75%,-0.043908,2026-09-14
CRWD,235.38,2026-09-18,4,Call,275.00,-16.83%,0.1,0.27,0.35,2310,197,11.73,56.46%,77.74%,0.03103,2026-09-14
MU,924.03,2026-09-16,2,Call,935.00,-1.19%,10.7,10.75,11,2258,194,11.64,58.66%,57.05%,0.39983,2026-09-14
CRWD,235.38,2026-09-25,11,Call,250.00,-6.21%,4.25,4.3,4.5,5164,445,11.6,56.46%,59.25%,0.30018,2026-09-14
META,665.6,2026-09-16,2,Call,685.00,-2.91%,2.29,2.47,2.58,2081,180,11.56,38.05%,44.95%,0.200041,2026-09-14
MDT,93.8,2026-09-25,11,Put,90.00,-4.05%,0.02,0.47,1.67,2018,175,11.53,27.31%,35.51%,-0.240394,2026-09-14
BE,257.05,2026-09-25,11,Call,295.00,-14.76%,3.25,3.8,3.8,1237,109,11.35,78.31%,82.07%,0.187328,2026-09-14
AVGO,344.72,2026-09-16,2,Call,360.00,-4.43%,0.4,0.41,0.47,2180,193,11.3,36.32%,42.61%,0.087796,2026-09-14
AVGO,344.72,2026-09-16,2,Put,340.00,-1.37%,1.99,2.2,2.27,1155,103,11.21,36.32%,40.35%,-0.315168,2026-09-14
MO,70.61,2027-01-15,123,Call,50.00,+29.19%,20.5,20.5,20.95,1340,121,11.07,22.60%,40.16%,0.958131,2026-09-14
WHR,34,2026-10-16,32,Call,37.50,-10.29%,0.95,1,1.05,1826,165,11.07,55.48%,57.21%,0.298623,2026-09-14
ALK,40.71,2026-12-18,95,Call,42.50,-4.40%,3.7,3.77,3.8,2056,186,11.05,52.21%,54.63%,0.49112,2026-09-14
JD,27.26,2027-03-19,186,Call,29.00,-6.38%,2.27,2.36,2.51,1506,137,10.99,29.99%,46.73%,0.432286,2026-09-14
MU,924.03,2026-09-16,2,Call,970.00,-4.97%,2.65,2.68,2.75,2182,199,10.96,58.66%,58.36%,0.136124,2026-09-14
MU,924.03,2026-09-16,2,Put,910.00,-1.52%,9.1,9.48,9.6,2626,240,10.94,58.66%,56.94%,-0.348969,2026-09-14
AAPL,333.08,2026-09-16,2,Call,335.00,-0.58%,1.84,1.87,1.95,33699,3112,10.83,24.74%,27.62%,0.396624,2026-09-14
VALE,14.61,2026-09-25,11,Put,14.50,-0.75%,0.27,0.28,0.31,6181,574,10.77,36.08%,32.82%,-0.447158,2026-09-14
WIX,83.33,2026-10-16,32,Put,40.00,-52.00%,0,0.25,0.65,2047,195,10.5,64.37%,137.75%,-0.02218,2026-09-14
AAPL,333.08,2026-09-16,2,Call,342.50,-2.83%,0.3,0.31,0.32,10808,1030,10.49,24.74%,28.37%,0.095295,2026-09-14
SNDK,1551.99,2026-09-18,4,Put,"1,545.00",-0.45%,41.7,42,42.7,1666,159,10.48,69.00%,70.96%,-0.459253,2026-09-14
MU,924.03,2026-09-16,2,Put,845.00,-8.55%,0.49,0.6,0.61,2234,214,10.44,58.66%,65.67%,-0.030927,2026-09-14
GLW,143.6,2026-10-16,32,Call,165.00,-14.90%,3.55,3.6,3.8,12058,1164,10.36,59.58%,61.55%,0.255371,2026-09-14
TSLA,358.97,2026-09-16,2,Put,355.00,-1.11%,2.97,3,3.05,15965,1547,10.32,40.25%,45.13%,-0.361395,2026-09-14
TSLA,358.97,2026-09-16,2,Put,350.00,-2.50%,1.51,1.53,1.53,13311,1299,10.25,40.25%,45.15%,-0.217907,2026-09-14
GME,21.62,2026-10-09,25,Call,35.00,-61.89%,0.13,0.16,0.16,12548,1230,10.2,44.57%,109.22%,0.060393,2026-09-14
M,22.58,2026-09-18,4,Call,20.00,+11.43%,2.47,2.86,3,17478,1721,10.16,39.44%,104.24%,0.878132,2026-09-14
AMD,493.41,2027-06-17,276,Call,820.00,-66.19%,25.65,28.45,30.45,3119,308,10.13,50.45%,57.66%,0.241231,2026-09-14
SLS,11.73,2026-09-18,4,Call,12.50,-6.56%,0.35,0.42,0.45,1314,132,9.95,196.96%,142.65%,0.362658,2026-09-14
NVDA,210.96,2026-09-21,7,Put,207.50,-1.64%,2.26,2.31,2.38,1989,200,9.95,33.57%,33.28%,-0.347103,2026-09-14
MSFT,505.41,2026-11-20,67,Call,535.00,-5.85%,15.55,15.9,16.25,17204,1742,9.88,25.08%,30.70%,0.372082,2026-09-14
MU,924.03,2026-09-16,2,Put,895.00,-3.14%,5.05,5.23,5.3,1055,107,9.86,58.66%,58.17%,-0.221537,2026-09-14
MU,924.03,2026-09-16,2,Put,890.00,-3.68%,4.1,4.15,4.25,1119,114,9.82,58.66%,58.58%,-0.186436,2026-09-14
RILY,6.24,2026-09-18,4,Put,6.50,+4.17%,0.23,0.32,0.36,1079,110,9.81,70.70%,38.68%,-0.851351,2026-09-14
PLAY,8.47,2026-09-18,4,Call,8.00,+5.55%,0.95,1,1,5968,609,9.8,104.99%,209.21%,0.643462,2026-09-14
MRK,144.85,2026-09-18,4,Call,75.00,+48.22%,68.9,69.77,70.3,1340,137,9.78,27.32%,215.93%,0.998714,2026-09-14
MU,924.03,2026-10-23,39,Put,850.00,-8.01%,31.25,33.05,35.15,1323,136,9.73,58.66%,55.99%,-0.285717,2026-09-14
AMZN,253.54,2026-09-16,2,Call,255.00,-0.58%,1.77,1.82,1.89,12315,1268,9.71,30.72%,32.91%,0.414738,2026-09-14
CRWD,235.38,2026-09-18,4,Put,230.00,-2.29%,4,4.1,4.15,6703,693,9.67,56.46%,66.31%,-0.354667,2026-09-14
AVGO,344.72,2026-09-16,2,Call,355.00,-2.98%,0.85,0.9,1.05,1723,179,9.63,36.32%,41.02%,0.171712,2026-09-14
NOK,9.65,2026-10-02,18,Put,9.00,-6.74%,0.21,0.22,0.24,4862,506,9.61,59.46%,58.82%,-0.27185,2026-09-14
NVDA,210.96,2026-09-18,4,Call,212.50,-0.73%,2.63,2.65,2.68,18305,1907,9.6,33.57%,37.75%,0.438167,2026-09-14
VKTX,31.53,2026-09-18,4,Put,28.00,-11.20%,0.23,0.23,0.34,1117,117,9.55,121.04%,112.50%,-0.142264,2026-09-14
FIS,38.18,2026-09-18,4,Put,38.00,-0.47%,0.55,0.6,0.75,1051,111,9.47,42.17%,46.22%,-0.45206,2026-09-14
GOOGL,349.39,2026-09-16,2,Put,350.00,+0.17%,3.55,3.6,3.7,1060,112,9.46,29.84%,32.36%,-0.521826,2026-09-14
CRWD,235.38,2026-09-25,11,Put,225.00,-4.41%,4.5,4.9,5,999,107,9.34,56.46%,57.04%,-0.303441,2026-09-14
CRWV,82.98,2026-09-18,4,Call,84.00,-1.23%,2.35,2.4,2.45,2427,260,9.33,74.52%,82.25%,0.462459,2026-09-14
CRWD,235.38,2026-09-18,4,Call,272.50,-15.77%,0.22,0.33,0.47,988,106,9.32,56.46%,79.86%,0.044088,2026-09-14
WFC,88.71,2027-09-17,368,Put,77.50,-12.64%,4.65,4.76,4.9,1005,109,9.22,30.11%,30.17%,-0.253746,2026-09-14
IONQ,37.5,2027-06-17,276,Call,55.00,-46.67%,5.25,5.9,6.5,4442,482,9.22,71.47%,79.79%,0.435789,2026-09-14
MSFT,505.41,2026-09-25,11,Call,505.00,+0.08%,9.25,9.7,9.65,5840,637,9.17,25.08%,25.79%,0.523857,2026-09-14
AMD,493.41,2026-09-16,2,Put,495.00,+0.32%,8.35,8.83,9.1,1356,148,9.16,50.45%,54.49%,-0.522206,2026-09-14
SNDK,1551.99,2026-09-18,4,Call,"1,530.00",+1.42%,57.6,58.5,58.9,2249,246,9.14,69.00%,71.62%,0.592178,2026-09-14
VTS,18.51,2026-10-16,32,Call,15.00,+18.96%,2.9,3.81,4.7,960,106,9.06,26.07%,75.90%,0.849661,2026-09-14
VOYG,33.1,2026-11-20,67,Call,60.00,-81.27%,0.15,0.35,1.15,1004,111,9.05,83.21%,97.18%,0.114258,2026-09-14
MSFT,505.41,2026-09-16,2,Put,500.00,-1.07%,1.8,1.85,1.93,3399,376,9.04,25.08%,27.13%,-0.29011,2026-09-14
TSLA,358.97,2026-10-16,32,Call,580.00,-61.57%,0.14,0.16,0.17,3324,370,8.98,40.25%,63.54%,0.007381,2026-09-14
MU,924.03,2026-09-16,2,Put,870.00,-5.85%,1.61,1.7,1.71,2062,230,8.97,58.66%,60.65%,-0.08556,2026-09-14
AMZN,253.54,2026-09-16,2,Call,247.50,+2.38%,6.2,6.76,6.9,8659,967,8.95,30.72%,31.79%,0.852,2026-09-14
AAPL,333.08,2026-09-16,2,Put,330.00,-0.92%,1.41,1.45,1.47,23573,2647,8.91,24.74%,27.84%,-0.319594,2026-09-14
ZS,191.73,2026-09-18,4,Call,205.00,-6.92%,1.7,1.85,1.82,901,102,8.83,57.84%,75.71%,0.211898,2026-09-14
SNDK,1551.99,2026-09-18,4,Put,"1,540.00",-0.77%,39.3,39.8,40.2,1770,202,8.76,69.00%,70.88%,-0.441933,2026-09-14
M,22.58,2027-01-15,123,Call,8.00,+64.57%,14.4,15.15,15.4,2550,296,8.61,39.44%,132.72%,0.955357,2026-09-14
META,665.6,2026-09-16,2,Call,690.00,-3.67%,1.61,1.66,1.7,2085,244,8.55,38.05%,45.26%,0.14627,2026-09-14
GOOGL,349.39,2026-09-16,2,Call,370.00,-5.90%,0.17,0.18,0.18,1554,182,8.54,29.84%,43.44%,0.039142,2026-09-14
SMCI,36.74,2026-09-18,4,Call,37.50,-2.07%,0.85,0.87,0.89,2992,353,8.48,69.40%,77.84%,0.418524,2026-09-14
TSLA,358.97,2026-09-16,2,Call,380.00,-5.86%,0.37,0.37,0.38,10935,1293,8.46,40.25%,50.10%,0.065356,2026-09-14
AMD,493.41,2026-09-16,2,Put,470.00,-4.74%,1.28,1.34,1.41,1688,200,8.44,50.45%,58.34%,-0.124789,2026-09-14
OPCH,23.99,2026-09-18,4,Call,25.00,-4.21%,0.05,0.2,0.35,1646,197,8.36,37.29%,55.23%,0.249003,2026-09-14
DELL,534.28,2026-09-18,4,Call,535.00,-0.13%,14.55,15.3,15.95,1001,120,8.34,60.73%,69.52%,0.509005,2026-09-14
AVGO,344.72,2026-09-16,2,Call,345.00,-0.08%,3.75,3.92,4.2,929,112,8.29,36.32%,40.14%,0.49712,2026-09-14
AMD,493.41,2026-09-16,2,Put,485.00,-1.70%,4.25,4.65,4.7,1281,155,8.26,50.45%,55.51%,-0.328809,2026-09-14
S,22.61,2026-09-18,4,Call,24.00,-6.15%,0.1,0.15,0.3,894,109,8.2,51.74%,69.72%,0.219008,2026-09-14
TSLA,358.97,2026-09-16,2,Call,382.50,-6.55%,0.27,0.27,0.28,4468,546,8.18,40.25%,51.15%,0.049202,2026-09-14
MS,206.58,2026-09-18,4,Put,202.50,-1.98%,1.25,1.41,1.78,2784,341,8.16,34.84%,36.94%,-0.294721,2026-09-14
MU,924.03,2026-09-16,2,Call,"1,005.00",-8.76%,0.64,0.68,0.75,1264,157,8.05,58.66%,63.83%,0.040073,2026-09-14
BRK.B,514.95,2026-10-09,25,Call,520.00,-0.98%,5.4,6.05,6.3,1277,159,8.03,13.77%,14.05%,0.428808,2026-09-14
TER,329.2,2026-09-18,4,Call,380.00,-15.43%,0.2,0.57,0.9,1073,134,8.01,63.75%,80.58%,0.049017,2026-09-14
OPEN,2.79,2027-02-19,158,Call,8.00,-186.74%,0.06,0.11,0.13,5774,724,7.98,77.25%,106.12%,0.128019,2026-09-14
RKT,13.44,2026-10-16,32,Call,14.00,-4.17%,0.65,0.65,0.67,39641,5007,7.92,54.30%,55.31%,0.44135,2026-09-14
COIN,191.45,2026-09-18,4,Put,187.50,-2.06%,5,5.15,5.2,2200,279,7.89,68.85%,87.55%,-0.390894,2026-09-14
C,136.18,2026-09-25,11,Call,138.00,-1.34%,1.9,2.2,2.49,1170,149,7.85,32.53%,31.47%,0.418432,2026-09-14
TSLA,358.97,2026-09-16,2,Put,370.00,+3.07%,12.15,12.35,12.4,5636,720,7.83,40.25%,46.29%,-0.80616,2026-09-14
AMD,493.41,2026-09-16,2,Put,460.00,-6.77%,0.55,0.56,0.6,1982,254,7.8,50.45%,61.52%,-0.058605,2026-09-14
META,665.6,2026-09-16,2,Put,655.00,-1.59%,4,4.03,4.35,1517,195,7.78,38.05%,43.47%,-0.301521,2026-09-14
MU,924.03,2026-09-18,4,Call,925.00,-0.10%,21.95,21.8,22.3,2224,288,7.72,58.66%,58.11%,0.507811,2026-09-14
APLD,24.58,2026-09-18,4,Call,24.50,+0.33%,0.85,0.92,0.96,1518,197,7.71,89.19%,83.90%,0.534094,2026-09-14
C,136.18,2026-09-18,4,Call,136.00,+0.13%,1.97,2.13,2.35,3794,492,7.71,32.53%,36.16%,0.523553,2026-09-14
AMZN,253.54,2026-09-16,2,Put,260.00,+2.55%,6.75,6.84,7.45,6351,824,7.71,30.72%,36.83%,-0.817839,2026-09-14
TSLA,358.97,2026-09-16,2,Call,377.50,-5.16%,0.5,0.5,0.51,5193,674,7.7,40.25%,48.90%,0.085817,2026-09-14
NVDA,210.96,2026-10-30,46,Put,190.00,-9.94%,2.9,2.94,3,1001,130,7.7,33.57%,36.68%,-0.184952,2026-09-14
TSLA,358.97,2026-09-16,2,Call,370.00,-3.07%,1.35,1.35,1.37,25042,3283,7.63,40.25%,47.01%,0.198605,2026-09-14
VST,140.73,2026-09-18,4,Put,136.00,-3.36%,0.97,1.12,1.18,791,104,7.61,44.28%,49.28%,-0.24378,2026-09-14
EMR,148.3,2027-06-17,276,Call,200.00,-34.86%,2.65,3.35,4.1,1065,140,7.61,29.51%,30.65%,0.177285,2026-09-14
CRWD,235.38,2026-09-18,4,Call,257.50,-9.40%,1,1.08,1.11,1514,199,7.61,56.46%,71.71%,0.12429,2026-09-14
HPE,55.41,2026-09-18,4,Put,53.00,-4.35%,0.5,0.57,0.79,934,123,7.59,60.70%,69.30%,-0.256912,2026-09-14
LMND,50.03,2026-09-18,4,Call,53.00,-5.94%,0.25,0.3,0.35,1438,190,7.57,55.38%,58.74%,0.183867,2026-09-14
SLS,11.73,2026-10-02,18,Put,11.50,-1.96%,1.25,1.39,1.7,1197,159,7.53,196.96%,155.81%,-0.407841,2026-09-14
MRK,144.85,2026-09-18,4,Call,80.00,+44.77%,63.8,64.82,65.35,1340,178,7.53,27.32%,194.81%,0.998642,2026-09-14
SES,0.6137,2028-01-21,494,Call,3.5000,-470.31%,0.05,0.1,0.15,802,107,7.5,130.94%,122.62%,0.319625,2026-09-14
AMZN,253.54,2026-09-16,2,Put,250.00,-1.40%,1.05,1.13,1.17,6279,838,7.49,30.72%,33.70%,-0.279867,2026-09-14
MU,924.03,2026-09-16,2,Put,925.00,+0.10%,15.4,16.03,16.1,2129,285,7.47,58.66%,56.20%,-0.500244,2026-09-14
IREN,43.17,2027-03-19,186,Put,25.00,-42.09%,2.08,2.2,2.37,2504,335,7.47,81.96%,91.81%,-0.117414,2026-09-14
DELL,534.28,2026-09-18,4,Put,525.00,-1.74%,10.15,10.15,11,1784,239,7.46,60.73%,67.03%,-0.386273,2026-09-14
MRK,144.85,2026-09-18,4,Call,90.00,+37.87%,53.8,54.95,55.5,5854,785,7.46,27.32%,201.44%,0.990765,2026-09-14
MO,70.61,2026-09-18,4,Call,60.00,+15.03%,10.3,10.6,10.85,2202,296,7.44,22.60%,68.83%,0.990522,2026-09-14
AMD,493.41,2026-09-16,2,Call,515.00,-4.38%,1.56,1.68,1.68,2246,302,7.44,50.45%,55.67%,0.155313,2026-09-14
TSLA,358.97,2026-09-16,2,Put,347.50,-3.20%,1.05,1.06,1.07,3692,496,7.44,40.25%,45.66%,-0.162769,2026-09-14
SHOP,133.89,2026-09-18,4,Put,126.00,-5.89%,0.6,0.65,0.76,820,111,7.39,48.27%,58.95%,-0.153614,2026-09-14
JXN,138.78,2026-09-18,4,Call,115.00,+17.14%,23.2,25.2,25,1444,196,7.37,32.59%,110.07%,0.954205,2026-09-14
GOOGL,349.39,2026-09-16,2,Put,340.00,-2.69%,0.63,0.62,0.7,2782,380,7.32,29.84%,35.00%,-0.142051,2026-09-14
CLF,11.65,2026-10-02,18,Put,12.00,+3.00%,0.55,0.8,0.85,3044,416,7.32,59.10%,48.87%,-0.58408,2026-09-14
AMZN,253.54,2026-09-16,2,Call,260.00,-2.55%,0.52,0.51,0.55,14069,1927,7.3,30.72%,33.74%,0.161845,2026-09-14
BAC,59.47,2026-09-18,4,Put,59.00,-0.79%,0.48,0.52,0.51,15983,2195,7.28,26.35%,28.68%,-0.387852,2026-09-14
UNIT,9.72,2026-10-16,32,Call,11.00,-13.17%,0.15,0.21,0.25,2071,286,7.24,73.92%,53.68%,0.237744,2026-09-14
MO,70.61,2028-01-21,494,Call,30.00,+57.51%,38.5,40.7,43,1342,187,7.18,22.60%,57.80%,0.967489,2026-09-14
NVDA,210.96,2026-09-16,2,Put,210.00,-0.46%,1.94,1.97,1.97,28882,4020,7.18,33.57%,38.92%,-0.429448,2026-09-14
GOOGL,349.39,2026-10-02,18,Call,365.00,-4.47%,3.85,3.88,4,8195,1146,7.15,29.84%,30.45%,0.278201,2026-09-14
INTC,97.19,2026-09-16,2,Put,92.00,-5.34%,0.39,0.39,0.43,1370,192,7.14,60.75%,72.95%,-0.147722,2026-09-14
META,665.6,2026-09-18,4,Call,672.50,-1.04%,8.85,9.19,9.3,1507,211,7.14,38.05%,43.37%,0.42209,2026-09-14
INTC,97.19,2026-10-02,18,Put,96.00,-1.22%,4.55,3.98,4.7,1528,214,7.14,60.75%,61.55%,-0.433373,2026-09-14
AMD,493.41,2026-09-16,2,Put,490.00,-0.69%,6.2,6.35,6.55,2014,282,7.14,50.45%,55.12%,-0.422896,2026-09-14
MRNA,146.69,2026-09-18,4,Put,132.00,-10.01%,0.85,0.94,0.88,748,105,7.12,72.85%,90.25%,-0.121396,2026-09-14
CLSK,13.27,2028-01-21,494,Put,12.00,-9.57%,3.45,3.62,4.8,5001,702,7.12,82.74%,90.73%,-0.257364,2026-09-14
SAN,14.74,2026-10-16,32,Call,14.00,+5.02%,0.8,0.9,1.1,1408,198,7.11,30.67%,28.77%,0.742364,2026-09-14
TSLA,358.97,2026-09-16,2,Call,355.00,+1.11%,7,7.15,7.15,5109,725,7.05,40.25%,45.41%,0.638202,2026-09-14
TSLA,358.97,2026-09-16,2,Put,365.00,+1.68%,8.35,8.42,8.55,8232,1167,7.05,40.25%,45.83%,-0.680945,2026-09-14
SNDK,1551.99,2026-09-18,4,Put,"1,530.00",-1.42%,34.1,35,35.9,2580,366,7.05,69.00%,70.54%,-0.407218,2026-09-14
BMNR,25.76,2026-10-23,39,Put,24.00,-6.83%,1.66,1.75,2.16,977,140,6.98,81.43%,84.67%,-0.342576,2026-09-14
PLTR,173.31,2026-09-18,4,Call,182.50,-5.30%,1.09,1.12,1.12,17973,2583,6.96,48.39%,56.17%,0.199726,2026-09-14
BAC,59.47,2026-09-25,11,Put,61.00,+2.57%,1.84,2.01,1.95,2691,387,6.95,26.35%,23.09%,-0.727832,2026-09-14
MSFT,505.41,2026-10-23,39,Call,535.00,-5.85%,6.35,6.8,7.1,923,133,6.94,25.08%,25.40%,0.272271,2026-09-14
BAC,59.47,2026-09-25,11,Call,61.00,-2.57%,0.39,0.4,0.41,1333,192,6.94,26.35%,23.28%,0.275676,2026-09-14
DHT,22.15,2027-01-15,123,Call,23.00,-3.84%,1.7,1.8,2,1278,185,6.91,48.95%,47.66%,0.463837,2026-09-14
DVN,49.73,2026-09-18,4,Call,30.00,+39.67%,19.35,19.9,19.95,1221,177,6.9,35.82%,273.55%,0.971669,2026-09-14
ONDS,7.23,2026-11-20,67,Put,10.00,+38.31%,3.05,3.05,3.15,5015,730,6.87,71.06%,91.05%,-0.738078,2026-09-14
PBF,70.4,2026-10-16,32,Call,75.00,-6.53%,4.1,4.43,4.8,879,128,6.87,74.66%,75.26%,0.434207,2026-09-14
MU,924.03,2026-09-16,2,Put,905.00,-2.06%,7.55,7.87,7.95,940,137,6.86,58.66%,57.37%,-0.303165,2026-09-14
TSLA,358.97,2026-09-25,11,Call,362.50,-0.98%,8.65,8.7,8.8,1198,175,6.85,40.25%,40.92%,0.465396,2026-09-14
SNDK,1551.99,2026-09-18,4,Call,"1,520.00",+2.06%,63.1,64.4,64.8,1520,222,6.85,69.00%,71.47%,0.625958,2026-09-14
OXY,61.78,2026-09-18,4,Put,62.00,+0.36%,1,1.08,1.19,1259,184,6.84,33.67%,38.21%,-0.525685,2026-09-14
CRWV,82.98,2027-09-17,368,Put,42.50,-48.78%,4.85,4.95,5.3,1036,152,6.82,74.52%,82.80%,-0.103527,2026-09-14
META,665.6,2026-09-16,2,Call,665.00,+0.09%,8.6,8.81,9.1,5507,807,6.82,38.05%,43.19%,0.519881,2026-09-14
HL,18.82,2026-09-25,11,Call,20.00,-6.27%,0.38,0.44,0.41,1756,258,6.81,61.69%,63.46%,0.31302,2026-09-14
AMD,493.41,2026-09-16,2,Call,480.00,+2.72%,16.2,16.8,17.4,808,119,6.79,50.45%,58.26%,0.747054,2026-09-14
CRDO,150.09,2026-09-18,4,Call,160.00,-6.60%,1.65,1.6,1.8,1707,252,6.77,68.37%,81.02%,0.239814,2026-09-14
NET,330.36,2026-09-18,4,Put,285.00,-13.73%,0.2,0.31,0.5,769,114,6.75,57.55%,78.17%,-0.032135,2026-09-14
MSTR,136.94,2026-09-18,4,Put,136.00,-0.69%,4.4,4.55,4.55,1668,247,6.75,72.36%,86.96%,-0.450346,2026-09-14
IONQ,37.5,2026-10-09,25,Put,32.00,-14.67%,0.41,0.63,0.68,1541,230,6.7,71.47%,65.13%,-0.15177,2026-09-14
MSFT,505.41,2026-09-16,2,Call,525.00,-3.88%,0.14,0.23,0.18,789,118,6.69,25.08%,28.59%,0.03765,2026-09-14
GOOGL,349.39,2026-10-09,25,Call,385.00,-10.19%,1.73,1.8,1.87,1479,221,6.69,29.84%,31.10%,0.13065,2026-09-14
AKAM,105.57,2026-10-16,32,Put,90.00,-14.75%,1,1.19,1.9,1106,166,6.66,54.48%,56.80%,-0.146811,2026-09-14
INTC,97.19,2026-09-16,2,Call,106.00,-9.06%,0.11,0.13,0.16,2457,370,6.64,60.75%,73.98%,0.060093,2026-09-14
TSLA,358.97,2026-09-21,7,Call,365.00,-1.68%,5.1,5.17,5.25,1396,212,6.58,40.25%,38.63%,0.392938,2026-09-14
PANW,373.94,2027-03-19,186,Call,500.00,-33.71%,26,26.1,27.1,2782,425,6.55,52.28%,57.43%,0.324883,2026-09-14
INTC,97.19,2026-09-16,2,Call,98.00,-0.83%,1.61,1.64,1.67,5256,802,6.55,60.75%,69.82%,0.447692,2026-09-14
MU,924.03,2026-11-20,67,Call,"1,050.00",-13.63%,49.9,51.45,53,7839,1199,6.54,58.66%,59.65%,0.364541,2026-09-14
NXPI,224.23,2026-10-16,32,Call,230.00,-2.57%,7.5,8.76,9.1,1374,210,6.54,42.33%,40.29%,0.443915,2026-09-14
NOK,9.65,2026-10-09,25,Call,11.50,-19.17%,0.15,0.17,0.17,4213,645,6.53,59.46%,67.62%,0.185548,2026-09-14
NVDA,210.96,2026-11-20,67,Call,275.00,-30.36%,1.04,1.07,1.09,71820,10999,6.53,33.57%,39.18%,0.072087,2026-09-14
PANW,373.94,2026-09-25,11,Call,430.00,-14.99%,1.14,1.92,2,755,116,6.51,52.28%,58.12%,0.092875,2026-09-14
AAPL,333.08,2026-09-16,2,Call,337.50,-1.33%,1.02,1.1,1.1,13902,2139,6.5,24.74%,27.25%,0.262839,2026-09-14
D,64.46,2026-12-18,95,Put,67.50,+4.72%,3.9,4,4.7,1606,248,6.48,19.61%,18.67%,-0.665519,2026-09-14
MRK,144.85,2026-10-16,32,Call,115.00,+20.61%,28.9,29.75,30.3,4078,629,6.48,27.32%,23.30%,0.997626,2026-09-14
COIN,191.45,2026-09-18,4,Put,182.50,-4.67%,3.15,3.2,3.3,2427,375,6.47,68.85%,87.20%,-0.282974,2026-09-14
MRK,144.85,2026-10-16,32,Call,105.00,+27.51%,38.85,39.9,40.5,4040,624,6.47,27.32%,35.05%,0.997207,2026-09-14
ORCL,144.79,2026-09-18,4,Call,147.00,-1.53%,2.56,2.55,2.7,1389,215,6.46,49.83%,59.33%,0.417199,2026-09-14
DELL,534.28,2026-12-18,95,Call,800.00,-49.73%,14.75,15.95,16.3,696,108,6.44,60.73%,69.91%,0.176241,2026-09-14
TSLA,358.97,2026-09-16,2,Put,335.00,-6.68%,0.23,0.25,0.25,2628,408,6.44,40.25%,54.28%,-0.04052,2026-09-14
DOCN,120.21,2026-09-18,4,Call,135.00,-12.30%,0.55,1.05,1.3,656,102,6.43,81.43%,100.66%,0.148061,2026-09-14
META,665.6,2026-09-16,2,Call,675.00,-1.41%,4.55,4.77,4.95,3567,555,6.43,38.05%,43.48%,0.339407,2026-09-14
SHAZ,51.91,2026-10-16,32,Call,75.00,-44.48%,1.25,1.45,1.95,911,142,6.42,105.95%,116.79%,0.18891,2026-09-14
NVDA,210.96,2026-09-16,2,Put,200.00,-5.20%,0.19,0.2,0.21,9658,1507,6.41,33.57%,47.43%,-0.061566,2026-09-14
BULL,9.04,2026-09-18,4,Call,9.00,+0.44%,0.27,0.27,0.29,3290,514,6.4,58.66%,68.42%,0.541134,2026-09-14
MO,70.61,2026-10-16,32,Call,60.00,+15.03%,10.1,10.05,10.95,670,105,6.38,22.60%,29.52%,0.982689,2026-09-14
MU,924.03,2026-10-02,18,Call,"1,260.00",-36.36%,2.02,2.16,2.32,1615,254,6.36,58.66%,74.56%,0.037567,2026-09-14
INTC,97.19,2026-10-02,18,Call,96.00,+1.22%,5.95,6.1,6.1,1584,250,6.34,60.75%,62.40%,0.567075,2026-09-14
META,665.6,2026-09-16,2,Put,650.00,-2.34%,2.75,2.85,2.92,2219,351,6.32,38.05%,43.62%,-0.224882,2026-09-14
DELL,534.28,2026-09-18,4,Put,532.50,-0.33%,13.55,14.21,14.5,663,105,6.31,60.73%,67.26%,-0.465462,2026-09-14
DELL,534.28,2026-09-18,4,Call,545.00,-2.01%,10.35,10.95,11.1,864,137,6.31,60.73%,68.46%,0.406477,2026-09-14
CRWD,235.38,2026-10-16,32,Call,300.00,-27.45%,1.76,1.85,1.93,3252,515,6.31,56.46%,59.28%,0.101011,2026-09-14
MRVL,218.82,2026-09-18,4,Put,187.50,-14.31%,0.22,0.22,0.26,674,107,6.3,65.50%,81.64%,-0.031851,2026-09-14
COIN,191.45,2026-12-18,95,Put,120.00,-37.32%,2.69,2.8,2.98,4117,653,6.3,68.85%,74.42%,-0.074355,2026-09-14
KO,89.35,2026-09-18,4,Call,72.50,+18.86%,16.65,16.8,17,6992,1112,6.29,18.19%,70.61%,0.997658,2026-09-14
SHOP,133.89,2026-09-25,11,Put,115.00,-14.11%,0.04,0.27,0.3,942,150,6.28,48.27%,50.10%,-0.03563,2026-09-14
ASX,37.08,2026-10-16,32,Call,45.00,-21.36%,0.4,0.5,0.6,992,158,6.28,56.95%,59.72%,0.157144,2026-09-14
VZ,51.29,2026-09-25,11,Put,51.00,-0.57%,0.36,0.58,0.72,1322,211,6.27,24.13%,18.75%,-0.430071,2026-09-14
GRAL,75.53,2026-10-16,32,Call,90.00,-19.16%,2.6,3.6,4.3,1549,247,6.27,94.09%,90.43%,0.305476,2026-09-14
SNPS,381.43,2026-12-18,95,Put,300.00,-21.35%,6.1,7.03,7.9,1114,178,6.26,43.91%,48.96%,-0.130947,2026-09-14
LRCX,273.49,2026-09-18,4,Call,285.00,-4.21%,3,3.4,3.7,1139,182,6.26,56.40%,66.54%,0.290484,2026-09-14
SO,87,2026-12-18,95,Call,92.50,-6.32%,1.15,1.15,1.35,2152,344,6.26,14.44%,17.96%,0.268137,2026-09-14
DELL,534.28,2026-09-18,4,Call,565.00,-5.75%,4.75,4.93,5.1,3618,580,6.24,60.73%,68.37%,0.229463,2026-09-14
MRVL,218.82,2026-09-18,4,Call,227.50,-3.97%,3.25,3.45,3.4,3633,583,6.23,65.50%,72.70%,0.319857,2026-09-14
DUK,119.02,2026-09-18,4,Put,95.00,-20.18%,0,1.95,0.45,1000,161,6.21,17.84%,123.44%,-0.035205,2026-09-14
MRK,144.85,2026-09-18,4,Call,95.00,+34.41%,49.5,49.65,50.2,4386,707,6.2,27.32%,137.73%,0.998455,2026-09-14
KO,89.35,2026-09-18,4,Call,77.50,+13.26%,11.6,11.75,12,9396,1516,6.2,18.19%,46.74%,0.998072,2026-09-14
PANW,373.94,2026-09-25,11,Call,385.00,-2.96%,9,10.31,10.8,1054,170,6.2,52.28%,55.64%,0.404314,2026-09-14
AVGO,344.72,2026-09-16,2,Put,330.00,-4.27%,0.43,0.46,0.49,767,124,6.19,36.32%,44.13%,-0.087418,2026-09-14
ASTS,60,2026-10-02,18,Put,65.00,+8.33%,6.85,6.95,7.25,1003,162,6.19,72.51%,75.05%,-0.651912,2026-09-14
KO,89.35,2026-10-16,32,Call,70.00,+21.66%,19.1,19.2,19.55,4047,655,6.18,18.19%,30.05%,0.9954,2026-09-14
SNDK,1551.99,2026-09-18,4,Put,"1,575.00",+1.48%,58,58.2,59.3,920,149,6.17,69.00%,71.33%,-0.561876,2026-09-14
MRK,144.85,2026-09-18,4,Call,125.00,+13.70%,19.25,19.75,20.6,13176,2136,6.17,27.32%,67.26%,0.98318,2026-09-14
FLR,53.51,2026-10-16,32,Call,55.00,-2.78%,2.3,2.42,2.45,11582,1881,6.16,47.20%,46.95%,0.456145,2026-09-14
TENB,35.08,2026-12-18,95,Call,50.00,-42.53%,0.8,0.8,1.2,763,124,6.15,73.02%,63.76%,0.18507,2026-09-14
DELL,534.28,2028-12-15,823,Call,400.00,+25.13%,273,285.4,278,1593,259,6.15,60.73%,71.93%,0.803906,2026-09-14
SKHY,175.63,2026-10-16,32,Put,175.00,-0.36%,11.6,11.93,12.25,2948,479,6.15,60.18%,60.43%,-0.450806,2026-09-14
MRK,144.85,2026-09-18,4,Call,110.00,+24.06%,34.45,35.07,35.7,12520,2038,6.14,27.32%,140.26%,0.974099,2026-09-14
MRK,144.85,2026-09-18,4,Call,120.00,+17.16%,23.95,24.55,25.05,14657,2390,6.13,27.32%,66.15%,0.996801,2026-09-14
IBM,249.09,2026-09-25,11,Call,260.00,-4.38%,2.14,2.31,2.41,1679,274,6.13,33.48%,35.52%,0.254465,2026-09-14
MRK,144.85,2026-09-18,4,Call,115.00,+20.61%,29.25,29.65,30.15,12195,1996,6.11,27.32%,66.53%,0.99934,2026-09-14
INTC,97.19,2026-09-16,2,Call,103.00,-5.98%,0.35,0.36,0.38,1957,321,6.1,60.75%,71.33%,0.142282,2026-09-14
META,665.6,2026-09-16,2,Put,640.00,-3.85%,1.1,1.23,1.25,1814,298,6.09,38.05%,44.06%,-0.110444,2026-09-14
KO,89.35,2026-09-18,4,Call,67.50,+24.45%,21.3,21.7,22,4028,663,6.08,18.19%,95.98%,0.997503,2026-09-14
VALE,14.61,2026-09-25,11,Call,15.00,-2.67%,0.18,0.24,0.23,6020,990,6.08,36.08%,36.74%,0.341929,2026-09-14
KO,89.35,2026-09-18,4,Call,75.00,+16.06%,14.05,14.2,14.5,6750,1111,6.08,18.19%,58.52%,0.997815,2026-09-14
MELI,1900.24,2026-09-18,4,Call,"1,900.00",+0.01%,25.4,30.98,43.2,951,157,6.06,36.84%,42.61%,0.51355,2026-09-14
KO,89.35,2026-10-16,32,Call,75.00,+16.06%,14.1,14.33,14.55,3260,538,6.06,18.19%,23.41%,0.992971,2026-09-14
KO,89.35,2026-09-18,4,Call,82.50,+7.67%,6.65,6.8,7,34310,5684,6.04,18.19%,22.15%,0.999468,2026-09-14
GOOGL,349.39,2026-09-16,2,Call,355.00,-1.61%,1.35,1.35,1.4,11205,1886,5.94,29.84%,33.31%,0.265573,2026-09-14
NVDA,210.96,2026-09-16,2,Call,220.00,-4.29%,0.18,0.19,0.19,28890,4867,5.94,33.57%,38.07%,0.070934,2026-09-14
RKLB,62.55,2026-09-18,4,Put,59.00,-5.68%,0.54,0.59,0.61,1442,243,5.93,68.31%,72.28%,-0.207599,2026-09-14
MO,70.61,2026-09-18,4,Call,65.00,+7.95%,5.4,5.65,5.85,29283,4957,5.91,22.60%,39.77%,0.97983,2026-09-14
MRK,144.85,2026-09-18,4,Call,85.00,+41.32%,59.2,59.9,60.45,11681,1981,5.9,27.32%,205.36%,0.995036,2026-09-14
SNDK,1551.99,2026-09-18,4,Put,"1,400.00",-9.79%,4.9,5.1,5.1,11956,2028,5.9,69.00%,74.71%,-0.086655,2026-09-14
SKHY,175.63,2026-09-18,4,Call,177.50,-1.06%,4.05,4.08,4.1,2523,428,5.89,60.18%,66.79%,0.455861,2026-09-14
SPCX,148.15,2026-09-25,11,Put,150.00,+1.25%,6.2,6.35,6.4,5310,901,5.89,50.53%,52.38%,-0.532691,2026-09-14
MO,70.61,2026-09-18,4,Call,62.50,+11.49%,7.9,8,8.35,5858,996,5.88,22.60%,55.45%,0.984954,2026-09-14
PSA,295.4,2026-09-18,4,Call,280.00,+5.21%,14.8,16.4,17.6,840,143,5.87,22.27%,44.17%,0.880973,2026-09-14
SNDK,1551.99,2026-09-18,4,Call,"1,550.00",+0.13%,47,47.7,48.3,4348,741,5.87,69.00%,71.57%,0.523881,2026-09-14
SNDK,1551.99,2026-09-18,4,Put,"1,555.00",+0.19%,46.8,47,48.1,909,155,5.86,69.00%,71.25%,-0.493781,2026-09-14
NVDA,210.96,2026-10-23,39,Call,210.00,+0.46%,10.1,10.25,10.4,813,139,5.85,33.57%,34.28%,0.550491,2026-09-14
EW,85.52,2026-11-20,67,Call,110.00,-28.62%,0,0.47,0.75,1000,171,5.85,24.69%,36.40%,0.067801,2026-09-14
NET,330.36,2026-10-16,32,Call,340.00,-2.92%,18.05,18.95,19.75,1345,230,5.85,57.55%,58.05%,0.475081,2026-09-14
PSX,257.06,2026-10-16,32,Put,220.00,-14.42%,1.2,1.75,1.85,2169,371,5.85,40.13%,42.59%,-0.095156,2026-09-14
S,22.61,2026-09-18,4,Call,23.50,-3.94%,0.25,0.28,0.45,584,100,5.84,51.74%,73.21%,0.322644,2026-09-14
GOOGL,349.39,2026-09-16,2,Call,360.00,-3.04%,0.55,0.58,0.58,5476,937,5.84,29.84%,34.84%,0.127166,2026-09-14
CDE,19.88,2026-09-18,4,Put,25.00,+25.75%,4.9,4.98,5.4,740,127,5.83,63.28%,118.79%,-0.963303,2026-09-14
PAYX,118.51,2026-12-18,95,Call,125.00,-5.48%,3.5,4.81,6.8,839,144,5.83,33.61%,32.47%,0.40179,2026-09-14
KO,89.35,2026-09-18,4,Call,65.00,+27.25%,23.8,24.15,24.5,4708,809,5.82,18.19%,109.31%,0.997485,2026-09-14
NVDA,210.96,2026-09-25,11,Call,232.50,-10.21%,0.31,0.32,0.33,6334,1091,5.81,33.57%,34.90%,0.059536,2026-09-14
MRK,144.85,2026-09-18,4,Call,130.00,+10.25%,14.55,14.78,15,20649,3557,5.81,27.32%,37.80%,0.996819,2026-09-14
WMT,109.08,2026-09-25,11,Put,109.00,-0.07%,1.63,1.66,1.74,610,105,5.81,23.31%,23.36%,-0.478282,2026-09-14
CRWD,235.38,2026-09-18,4,Call,235.00,+0.16%,6.65,6.7,6.95,8859,1532,5.78,56.46%,66.82%,0.525421,2026-09-14
ORCL,144.79,2026-09-25,11,Call,143.00,+1.24%,5.9,6,6.7,600,104,5.77,49.83%,53.28%,0.574371,2026-09-14
SMCI,36.74,2026-09-25,11,Call,39.50,-7.51%,0.82,0.86,0.87,800,139,5.76,69.40%,72.20%,0.306203,2026-09-14
AMZN,253.54,2026-09-16,2,Put,247.50,-2.38%,0.57,0.61,0.64,2277,395,5.76,30.72%,34.94%,-0.170491,2026-09-14
MO,70.61,2026-09-18,4,Call,66.00,+6.53%,4.45,4.65,4.85,670,117,5.73,22.60%,38.17%,0.957708,2026-09-14
AAPL,333.08,2026-09-16,2,Call,340.00,-2.08%,0.56,0.58,0.6,19854,3465,5.73,24.74%,27.68%,0.162378,2026-09-14
KO,89.35,2026-09-18,4,Call,80.00,+10.46%,9.15,9.4,9.5,21570,3771,5.72,18.19%,53.15%,0.977893,2026-09-14
NOW,142.35,2026-09-18,4,Call,147.00,-3.27%,1.79,1.94,1.88,764,134,5.7,53.19%,61.01%,0.320901,2026-09-14
KO,89.35,2026-09-18,4,Call,62.50,+30.05%,26.65,26.75,27.05,1351,237,5.7,18.19%,123.05%,0.99751,2026-09-14
CVX,212.17,2026-09-18,4,Put,215.00,+1.33%,4.2,4.7,4.7,2915,511,5.7,27.52%,31.59%,-0.649116,2026-09-14
CVX,212.17,2026-10-09,25,Call,220.00,-3.69%,2.68,3.64,3.25,1035,182,5.69,27.52%,26.99%,0.316852,2026-09-14
AFRM,73.38,2026-10-16,32,Put,60.00,-18.23%,0.5,0.52,0.56,2065,363,5.69,52.22%,54.73%,-0.08987,2026-09-14
GOOGL,349.39,2026-09-16,2,Put,335.00,-4.12%,0.23,0.23,0.28,3499,616,5.68,29.84%,37.18%,-0.060779,2026-09-14
MRK,144.85,2026-09-18,4,Call,135.00,+6.80%,9.3,9.92,10.1,20556,3625,5.67,27.32%,35.02%,0.973755,2026-09-14
MU,924.03,2026-09-16,2,Put,935.00,+1.19%,20.65,21.39,21.85,668,118,5.66,58.66%,55.52%,-0.603769,2026-09-14
GILD,146.41,2026-09-18,4,Call,125.00,+14.62%,20.3,21.1,22.7,1831,324,5.65,26.79%,73.50%,0.981682,2026-09-14
GILD,146.41,2026-09-18,4,Call,105.00,+28.28%,40.15,40.95,43.05,1223,217,5.64,26.79%,160.11%,0.980456,2026-09-14
SNDK,1551.99,2026-09-18,4,Call,"1,570.00",-1.16%,37.8,39.15,39.1,1970,350,5.63,69.00%,71.56%,0.455698,2026-09-14
MMM,162.02,2027-03-19,186,Call,210.00,-29.61%,1.28,1.36,1.72,791,141,5.61,24.27%,26.45%,0.109539,2026-09-14
MO,70.61,2026-10-16,32,Call,50.00,+29.19%,20.1,20.5,20.95,671,120,5.59,22.60%,56.95%,0.990892,2026-09-14
CRWD,235.38,2026-09-18,4,Call,265.00,-12.58%,0.5,0.5,0.56,1190,213,5.59,56.46%,73.83%,0.068145,2026-09-14
WULF,15.47,2026-09-18,4,Put,14.50,-6.27%,0.19,0.21,0.22,3025,542,5.58,81.50%,88.30%,-0.233979,2026-09-14
BAC,59.47,2026-09-18,4,Put,57.00,-4.15%,0.09,0.1,0.12,2252,404,5.57,26.35%,32.97%,-0.105339,2026-09-14
KO,89.35,2026-09-18,4,Call,70.00,+21.66%,19,19.25,19.5,13421,2409,5.57,18.19%,83.08%,0.997561,2026-09-14
MSTR,136.94,2026-09-18,4,Call,137.00,-0.04%,4.9,5.06,5.3,2369,426,5.56,72.36%,89.26%,0.518459,2026-09-14
META,665.6,2026-09-16,2,Put,647.50,-2.72%,2.22,2.34,2.39,744,134,5.55,38.05%,43.71%,-0.191206,2026-09-14
APP,334.24,2026-09-18,4,Put,302.50,-9.50%,0.45,0.7,0.8,761,137,5.55,54.71%,63.85%,-0.062785,2026-09-14
NVDA,210.96,2026-10-30,46,Call,225.00,-6.66%,5.1,5.17,5.25,606,110,5.51,33.57%,33.97%,0.329699,2026-09-14
BWXT,148.53,2026-10-16,32,Call,160.00,-7.72%,3.4,3.65,4.4,772,140,5.51,44.64%,45.57%,0.320909,2026-09-14
SA,29.61,2026-10-16,32,Put,24.00,-18.95%,0.25,0.35,0.4,571,104,5.49,63.80%,63.77%,-0.110737,2026-09-14
GME,21.62,2026-10-30,46,Call,30.00,-38.76%,0.35,0.37,0.37,3145,573,5.49,44.57%,76.00%,0.136295,2026-09-14
TSLA,358.97,2026-09-16,2,Call,375.00,-4.47%,0.7,0.71,0.71,9303,1694,5.49,40.25%,48.17%,0.114716,2026-09-14
KO,89.35,2026-09-18,4,Call,85.00,+4.87%,4.25,4.35,4.45,53759,9787,5.49,18.19%,21.56%,0.98683,2026-09-14
MU,924.03,2026-09-16,2,Call,975.00,-5.52%,2.14,2.13,2.25,1261,230,5.48,58.66%,58.89%,0.114018,2026-09-14
DVN,49.73,2026-09-18,4,Call,35.00,+29.62%,14.55,14.9,14.95,9907,1810,5.47,35.82%,142.74%,0.992172,2026-09-14
M,22.58,2026-12-18,95,Call,26.00,-15.15%,0.56,1.01,1.03,590,108,5.46,39.44%,42.01%,0.290683,2026-09-14
MRK,144.85,2026-10-16,32,Call,110.00,+24.06%,34,34.65,35.7,2684,492,5.46,27.32%,32.45%,0.996245,2026-09-14
COIN,191.45,2026-09-18,4,Call,202.50,-5.77%,3.3,3.45,3.5,3049,558,5.46,68.85%,93.31%,0.300959,2026-09-14
GILD,146.41,2026-09-18,4,Call,110.00,+24.87%,35,36.1,38.05,1230,226,5.44,26.79%,129.27%,0.985191,2026-09-14
BSX,45.05,2026-09-18,4,Call,46.50,-3.22%,0.2,0.27,0.4,1339,246,5.44,37.41%,43.21%,0.251756,2026-09-14
CRWD,235.38,2026-09-18,4,Call,250.00,-6.21%,1.96,2.01,2.1,15581,2865,5.44,56.46%,69.41%,0.215461,2026-09-14
META,665.6,2026-09-21,7,Call,700.00,-5.17%,3.1,3.5,3.4,891,164,5.43,38.05%,37.73%,0.177156,2026-09-14
MRK,144.85,2026-09-18,4,Call,105.00,+27.51%,39.25,39.83,40.35,5851,1079,5.42,27.32%,102.42%,0.998626,2026-09-14
NVDA,210.96,2026-09-21,7,Put,202.50,-4.01%,1.05,0.99,1.13,546,101,5.41,33.57%,35.01%,-0.189473,2026-09-14
NVDA,210.96,2026-09-23,9,Call,220.00,-4.29%,1.22,1.27,1.32,1387,257,5.4,33.57%,32.14%,0.214519,2026-09-14
NOK,9.65,2026-10-02,18,Call,10.00,-3.63%,0.39,0.42,0.42,1191,221,5.39,59.46%,64.24%,0.432047,2026-09-14
PLAY,8.47,2026-10-16,32,Call,10.00,-18.06%,0.25,0.5,0.55,3468,643,5.39,104.99%,91.38%,0.310851,2026-09-14
INTC,97.19,2026-09-18,4,Call,108.00,-11.12%,0.32,0.34,0.36,7494,1394,5.38,60.75%,75.18%,0.097422,2026-09-14
RUN,8.33,2026-10-16,32,Put,11.00,+32.05%,2.63,2.81,2.89,637,119,5.35,71.60%,76.03%,-0.872348,2026-09-14
MU,924.03,2026-09-25,11,Call,"1,260.00",-36.36%,0.3,0.31,0.4,801,150,5.34,58.66%,73.49%,0.009181,2026-09-14
MARA,11.5,2026-10-09,25,Call,11.50,0.00%,1.03,1.05,1.08,703,132,5.33,87.43%,86.97%,0.54963,2026-09-14
MRLN,3.04,2027-04-16,214,Put,2.50,-17.76%,0.55,0.6,0.8,800,150,5.33,114.75%,116.31%,-0.24715,2026-09-14
HPE,55.41,2026-09-25,11,Call,57.00,-2.87%,1.68,1.71,1.79,1087,204,5.33,60.70%,62.50%,0.420884,2026-09-14
MU,924.03,2026-09-16,2,Call,980.00,-6.06%,1.72,1.78,1.83,1899,356,5.33,58.66%,59.40%,0.094908,2026-09-14
CHKP,138.49,2026-09-18,4,Call,150.00,-8.31%,0,0.31,0.55,1118,210,5.32,38.28%,53.06%,0.080495,2026-09-14
DVN,49.73,2026-09-18,4,Call,32.50,+34.65%,17,17.4,17.6,7322,1379,5.31,35.82%,202.28%,0.982624,2026-09-14
INTC,97.19,2027-04-16,214,Put,95.00,-2.25%,15.65,15.88,16.2,624,118,5.29,60.75%,61.73%,-0.376196,2026-09-14
NRG,108.47,2026-10-16,32,Call,115.00,-6.02%,3.2,4.1,4.1,1761,333,5.29,50.60%,48.01%,0.370859,2026-09-14
AMD,493.41,2026-09-16,2,Call,505.00,-2.35%,3.5,3.72,3.85,835,158,5.28,50.45%,55.41%,0.294313,2026-09-14
CRWD,235.38,2026-09-25,11,Call,240.00,-1.96%,7.5,7.59,7.9,1890,358,5.28,56.46%,59.13%,0.449312,2026-09-14
TSLA,358.97,2026-09-16,2,Put,345.00,-3.89%,0.73,0.75,0.75,5018,951,5.28,40.25%,46.51%,-0.119901,2026-09-14
NVDA,210.96,2026-09-21,7,Call,220.00,-4.29%,0.85,0.9,0.91,4588,870,5.27,33.57%,31.72%,0.178891,2026-09-14
GILD,146.41,2026-09-18,4,Call,120.00,+18.04%,24.85,25.9,28.05,6757,1281,5.27,26.79%,78.53%,0.992855,2026-09-14
MO,70.61,2026-09-18,4,Call,67.50,+4.40%,2.94,3.15,3.35,38380,7283,5.27,22.60%,26.97%,0.947893,2026-09-14
DVN,49.73,2026-09-18,4,Call,42.50,+14.54%,6.85,7.3,7.5,18376,3496,5.26,35.82%,85.86%,0.963334,2026-09-14
CRWD,235.38,2026-09-25,11,Call,265.00,-12.58%,1.2,1.6,1.89,542,103,5.26,56.46%,58.41%,0.134022,2026-09-14
NVDA,210.96,2026-09-16,2,Call,207.50,+1.64%,4.5,4.6,4.7,2053,390,5.26,33.57%,39.96%,0.718977,2026-09-14
AMD,493.41,2026-09-16,2,Put,475.00,-3.73%,1.96,2,2.13,1026,196,5.23,50.45%,57.16%,-0.177676,2026-09-14
TSLA,358.97,2026-09-25,11,Call,365.00,-1.68%,7.6,7.6,7.75,6589,1263,5.22,40.25%,40.90%,0.427106,2026-09-14
NOW,142.35,2026-09-18,4,Call,146.00,-2.56%,2.1,2.27,2.2,694,133,5.22,53.19%,60.97%,0.359963,2026-09-14
TSLA,358.97,2026-09-25,11,Put,280.00,-22.00%,0.23,0.29,0.25,2769,530,5.22,40.25%,68.29%,-0.01525,2026-09-14
GILD,146.41,2026-12-18,95,Call,155.00,-5.87%,5.15,5.15,7.25,1973,379,5.21,26.79%,31.70%,0.400758,2026-09-14
KNX,68.43,2026-09-18,4,Put,65.00,-5.01%,0,0.25,0.65,818,158,5.18,38.27%,51.56%,-0.162469,2026-09-14
NVDA,210.96,2026-09-25,11,Call,217.50,-3.10%,2.3,2.33,2.35,2893,559,5.18,33.57%,32.70%,0.311046,2026-09-14
SAIL,19.88,2026-09-18,4,Put,20.00,+0.60%,0.75,0.8,0.9,3346,646,5.18,68.48%,92.18%,-0.504319,2026-09-14
NVDA,210.96,2026-10-30,46,Call,235.00,-11.40%,2.71,2.95,2.97,765,148,5.17,33.57%,33.77%,0.209883,2026-09-14
NVDA,210.96,2026-09-21,7,Put,205.00,-2.83%,1.55,1.56,1.65,655,127,5.16,33.57%,34.03%,-0.260112,2026-09-14
SMCI,36.74,2026-10-23,39,Call,60.00,-63.31%,0.16,0.21,0.27,680,132,5.15,69.40%,85.48%,0.054641,2026-09-14
SA,29.61,2026-10-16,32,Call,35.00,-18.20%,0.75,0.8,0.85,845,164,5.15,63.80%,69.61%,0.244267,2026-09-14
NTSK,17,2026-10-16,32,Put,15.00,-11.76%,0.45,0.57,0.75,1967,383,5.14,76.28%,73.86%,-0.243652,2026-09-14
AVGO,344.72,2026-09-16,2,Put,345.00,+0.08%,3.1,4.22,4.45,1225,239,5.13,36.32%,35.92%,-0.504958,2026-09-14
INTC,97.19,2026-09-16,2,Put,91.00,-6.37%,0.28,0.29,0.3,2739,534,5.13,60.75%,74.27%,-0.109812,2026-09-14
AMD,493.41,2026-09-16,2,Put,487.50,-1.20%,5.15,5.25,5.55,614,120,5.12,50.45%,55.20%,-0.374657,2026-09-14
CRWD,235.38,2026-09-18,4,Put,220.00,-6.53%,1.38,1.43,1.45,3991,779,5.12,56.46%,67.08%,-0.15802,2026-09-14
GILD,146.41,2026-09-18,4,Call,135.00,+7.79%,10.5,11.15,12.25,9167,1793,5.11,26.79%,26.42%,0.998177,2026-09-14
VST,140.73,2027-09-17,368,Put,150.00,+6.59%,27.5,29.28,32,1802,354,5.09,44.28%,47.83%,-0.441488,2026-09-14
GOOG,345.71,2026-09-18,4,Call,357.50,-3.41%,1.13,1.19,1.21,2305,456,5.05,29.72%,33.84%,0.17918,2026-09-14
AMD,493.41,2026-09-16,2,Put,497.50,+0.83%,9.8,10.04,10.3,779,155,5.03,50.45%,53.92%,-0.572652,2026-09-14
FPS,28.64,2026-09-18,4,Call,30.00,-4.75%,1.9,2.05,2.05,8330,1656,5.03,97.42%,212.33%,0.461825,2026-09-14
IRON,68.92,2026-11-20,67,Put,45.00,-34.71%,2.05,2.9,4.1,505,101,5,59.43%,119.20%,-0.135258,2026-09-14
MELI,1900.24,2026-12-18,95,Put,"1,700.00",-10.54%,60,68.7,77.9,505,101,5,36.84%,42.10%,-0.253228,2026-09-14
TSLA,358.97,2026-09-23,9,Put,350.00,-2.50%,4.75,4.81,4.9,763,153,4.99,40.25%,39.10%,-0.324422,2026-09-14
M,22.58,2026-09-18,4,Call,22.00,+2.57%,0.56,0.7,0.95,5751,1154,4.98,39.44%,42.93%,0.726263,2026-09-14
ORCL,144.79,2026-09-18,4,Put,128.00,-11.60%,0.12,0.13,0.15,661,133,4.97,49.83%,65.68%,-0.033599,2026-09-14
APLD,24.58,2026-09-18,4,Call,25.50,-3.74%,0.5,0.58,0.54,866,175,4.95,89.19%,86.40%,0.360662,2026-09-14
SNAP,5.84,2026-10-30,46,Call,6.50,-11.30%,0.24,0.27,0.28,775,157,4.94,57.61%,59.21%,0.351194,2026-09-14
STX,805.55,2026-09-18,4,Call,"1,030.00",-27.86%,0.05,0.3,0.55,557,113,4.93,66.88%,99.73%,0.010774,2026-09-14
RDW,10.49,2026-10-16,32,Call,14.00,-33.46%,0.15,0.22,0.3,5139,1044,4.92,82.47%,89.00%,0.170728,2026-09-14
MRVL,218.82,2026-09-18,4,Put,197.50,-9.74%,0.71,0.67,0.76,545,111,4.91,65.50%,75.22%,-0.089197,2026-09-14
CRDO,150.09,2026-09-18,4,Call,162.50,-8.27%,1.2,1.3,1.35,594,121,4.91,68.37%,81.54%,0.18848,2026-09-14
META,665.6,2026-09-16,2,Put,642.50,-3.47%,1.45,1.57,1.6,678,138,4.91,38.05%,44.31%,-0.136017,2026-09-14
SNDK,1551.99,2026-10-16,32,Put,"1,460.00",-5.93%,77.8,76.5,80.6,901,184,4.9,69.00%,68.41%,-0.338613,2026-09-14
GILD,146.41,2026-09-18,4,Call,130.00,+11.21%,15.4,16.5,17.7,4893,999,4.9,26.79%,62.60%,0.967546,2026-09-14
MO,70.61,2026-09-18,4,Call,68.00,+3.70%,2.49,2.8,2.8,6806,1388,4.9,22.60%,23.41%,0.941082,2026-09-14
NVDA,210.96,2026-10-30,46,Call,215.00,-1.92%,8.6,8.97,9,562,115,4.89,33.57%,34.28%,0.475176,2026-09-14
PANW,373.94,2026-10-02,18,Call,400.00,-6.97%,8.4,8.75,9.55,776,159,4.88,52.28%,55.59%,0.319335,2026-09-14
TROW,105.8,2026-09-18,4,Call,95.00,+10.21%,10.2,11.14,11,845,173,4.88,23.98%,77.68%,0.913644,2026-09-14
IONQ,37.5,2026-09-25,11,Call,39.00,-4.00%,1.28,1.77,1.76,1263,259,4.88,71.47%,82.09%,0.42218,2026-09-14
MU,924.03,2026-09-21,7,Call,950.00,-2.81%,14.35,15.47,15.8,648,133,4.87,58.66%,49.83%,0.360438,2026-09-14
TSLA,358.97,2026-09-21,7,Call,367.50,-2.38%,4.25,4.25,4.4,789,162,4.87,40.25%,38.75%,0.345342,2026-09-14
CVE,33.27,2026-09-18,4,Call,26.00,+21.85%,5.8,7.6,8.2,1666,342,4.87,37.64%,194.48%,0.905371,2026-09-14
DVN,49.73,2026-09-18,4,Call,37.50,+24.59%,12,12.4,12.55,6103,1253,4.87,35.82%,131.46%,0.982785,2026-09-14
GOOG,345.71,2026-09-18,4,Put,347.50,+0.52%,5.4,5.46,5.75,811,167,4.86,29.72%,32.40%,-0.55058,2026-09-14
SNDK,1551.99,2026-09-18,4,Call,"1,720.00",-10.83%,6.4,6.65,6.9,1258,259,4.86,69.00%,77.87%,0.112122,2026-09-14
SHOP,133.89,2026-09-18,4,Put,128.00,-4.40%,0.87,1.15,1.15,567,117,4.85,48.27%,57.09%,-0.215137,2026-09-14
NFLX,80.32,2026-09-25,11,Put,72.00,-10.36%,0.09,0.11,0.11,2688,554,4.85,33.89%,38.16%,-0.044655,2026-09-14
DVN,49.73,2026-09-18,4,Call,40.00,+19.57%,9.55,9.8,10,8563,1767,4.85,35.82%,104.71%,0.979159,2026-09-14
DELL,534.28,2026-09-18,4,Put,527.50,-1.27%,11.15,11.75,12.1,600,124,4.84,60.73%,66.96%,-0.412364,2026-09-14
META,665.6,2026-09-16,2,Call,697.50,-4.79%,0.9,1,1,682,141,4.84,38.05%,46.51%,0.090545,2026-09-14
HPE,55.41,2026-09-18,4,Call,57.00,-2.87%,0.93,0.96,1.04,2152,446,4.83,60.70%,70.51%,0.365917,2026-09-14
CRWD,235.38,2026-12-18,95,Put,210.00,-10.78%,14.75,14.8,16.7,2551,529,4.82,56.46%,60.58%,-0.291135,2026-09-14
META,665.6,2026-09-16,2,Call,660.00,+0.84%,11.15,11.83,12.15,3578,743,4.82,38.05%,43.36%,0.612165,2026-09-14
AMZN,253.54,2026-09-25,11,Put,230.00,-9.28%,0.38,0.41,0.44,6417,1330,4.82,30.72%,36.78%,-0.057751,2026-09-14
HPE,55.41,2026-09-18,4,Put,53.50,-3.45%,0.73,0.8,1.04,552,115,4.8,60.70%,73.65%,-0.309629,2026-09-14
NRGV,4.1,2026-11-20,67,Call,3.00,+26.83%,1.3,1.44,1.5,1200,250,4.8,109.80%,118.30%,0.811455,2026-09-14
NOW,142.35,2026-09-18,4,Call,139.00,+2.35%,5.45,5.7,5.65,2529,528,4.79,53.19%,61.20%,0.659115,2026-09-14
DVN,49.73,2026-09-18,4,Call,47.00,+5.49%,2.49,2.91,3.15,12813,2677,4.79,35.82%,40.32%,0.913103,2026-09-14
RUM,8,2028-01-21,494,Put,5.00,-37.50%,0.9,1,1,835,175,4.77,84.10%,78.47%,-0.154737,2026-09-14
NVDA,210.96,2026-09-16,2,Put,195.00,-7.57%,0.09,0.11,0.11,14619,3085,4.74,33.57%,56.74%,-0.028852,2026-09-14
MRNA,146.69,2026-09-18,4,Put,139.00,-5.24%,2.11,2.16,2.19,794,168,4.73,72.85%,85.81%,-0.258394,2026-09-14
SHOP,133.89,2026-10-02,18,Call,150.00,-12.03%,1.1,1.3,1.3,755,160,4.72,48.27%,48.78%,0.163966,2026-09-14
ARM,239.01,2026-09-18,4,Call,262.50,-9.83%,1.49,1.6,1.56,847,180,4.71,64.47%,82.24%,0.148848,2026-09-14
MP,50.68,2026-10-16,32,Put,55.00,+8.52%,6.1,6.2,6.65,3715,789,4.71,62.55%,63.38%,-0.630039,2026-09-14
ZS,191.73,2026-09-25,11,Call,190.00,+0.90%,8.75,9.35,9.75,931,198,4.7,57.84%,62.44%,0.558798,2026-09-14
TSLA,358.97,2026-09-16,2,Put,330.00,-8.07%,0.17,0.18,0.18,1814,386,4.7,40.25%,60.32%,-0.028001,2026-09-14
SNDK,1551.99,2026-09-18,4,Call,"1,650.00",-6.32%,15.1,15.29,15.7,4007,853,4.7,69.00%,74.25%,0.228433,2026-09-14
BRSL,10.69,2027-01-15,123,Call,11.00,-2.90%,0.45,0.75,0.9,820,175,4.69,39.93%,35.56%,0.455836,2026-09-14
PANW,373.94,2026-09-18,4,Call,395.00,-5.63%,3.05,3.34,3.5,853,182,4.69,52.28%,66.11%,0.226181,2026-09-14
MRNA,146.69,2026-09-18,4,Call,155.00,-5.67%,2.25,2.27,2.31,7177,1532,4.68,72.85%,86.39%,0.287813,2026-09-14
WHR,34,2026-09-18,4,Call,37.50,-10.29%,0,0.12,0.15,1919,410,4.68,55.48%,64.08%,0.075299,2026-09-14
COIN,191.45,2026-09-18,4,Call,205.00,-7.08%,2.79,2.82,2.91,4160,891,4.67,68.85%,94.37%,0.261445,2026-09-14
XYZ,79.49,2027-06-17,276,Call,85.00,-6.93%,11.45,11.9,12.2,713,153,4.66,39.93%,47.56%,0.546822,2026-09-14
BE,257.05,2026-09-18,4,Call,265.00,-3.09%,5.7,6.18,6.35,1407,302,4.66,78.31%,86.59%,0.387294,2026-09-14
GRAL,75.53,2026-10-16,32,Call,100.00,-32.40%,0.2,1.96,4.1,1520,326,4.66,94.09%,96.20%,0.202834,2026-09-14
CNC,69.41,2026-09-18,4,Call,69.00,+0.59%,1.52,1.57,1.93,1826,392,4.66,42.02%,51.78%,0.557151,2026-09-14
QCOM,180.15,2026-09-18,4,Put,177.50,-1.47%,2.74,3.05,3.05,1674,361,4.64,47.26%,54.86%,-0.386066,2026-09-14
SNDK,1551.99,2026-09-18,4,Put,"1,565.00",+0.84%,52.2,53.1,53.4,680,147,4.63,69.00%,71.17%,-0.528149,2026-09-14
MU,924.03,2026-09-18,4,Call,935.00,-1.19%,17.2,17.4,17.85,797,172,4.63,58.66%,57.80%,0.437083,2026-09-14
VOYG,33.1,2026-11-20,67,Call,50.00,-51.06%,0.65,0.94,1.55,1004,217,4.63,83.21%,88.34%,0.188682,2026-09-14
CEG,264.57,2026-11-20,67,Call,320.00,-20.95%,5.3,5.6,6.3,1050,227,4.63,42.18%,47.41%,0.209512,2026-09-14
ZETA,31.01,2026-12-18,95,Call,45.00,-45.11%,0.95,0.99,1.09,521,113,4.61,62.01%,68.99%,0.196662,2026-09-14
TSLA,358.97,2026-09-18,4,Call,387.50,-7.95%,0.57,0.57,0.59,3189,693,4.6,40.25%,48.95%,0.072274,2026-09-14
GILD,146.41,2026-11-20,67,Call,150.00,-2.45%,6,6.25,6.4,4274,929,4.6,26.79%,30.51%,0.458685,2026-09-14
MU,924.03,2026-09-18,4,Call,930.00,-0.65%,19.5,19.6,19.9,3740,814,4.59,58.66%,57.86%,0.472251,2026-09-14
AMZN,253.54,2026-09-25,11,Put,237.50,-6.33%,0.87,0.9,0.97,549,120,4.58,30.72%,33.71%,-0.122379,2026-09-14
COIN,191.45,2026-09-25,11,Call,270.00,-41.03%,0.08,0.26,0.31,609,133,4.58,68.85%,91.25%,0.018587,2026-09-14
XYZ,79.49,2027-03-19,186,Call,82.50,-3.79%,9.65,10.1,10.1,733,160,4.58,39.93%,46.36%,0.545621,2026-09-14
NVDA,210.96,2026-09-23,9,Call,215.00,-1.92%,2.6,2.7,2.7,1008,220,4.58,33.57%,32.34%,0.369584,2026-09-14
TTD,14.97,2026-10-09,25,Call,16.00,-6.88%,0.52,0.52,0.53,1482,324,4.57,56.63%,58.18%,0.365191,2026-09-14
TSM,418.01,2026-09-18,4,Call,427.50,-2.27%,2.52,2.72,2.83,1680,368,4.57,33.86%,35.55%,0.282214,2026-09-14
PR,23.76,2026-10-16,32,Put,23.00,-3.20%,0.6,0.72,0.9,2028,444,4.57,37.60%,39.77%,-0.36567,2026-09-14
AFL,117.01,2027-06-17,276,Call,140.00,-19.65%,1.6,2.1,2.55,528,116,4.55,18.61%,20.29%,0.195623,2026-09-14
IONQ,37.5,2026-09-18,4,Call,38.00,-1.33%,0.98,1.03,1.15,3621,796,4.55,71.47%,82.06%,0.457542,2026-09-14
MRK,144.85,2026-09-18,4,Call,100.00,+30.96%,44.4,44.55,45.7,68629,15157,4.53,27.32%,178.15%,0.981062,2026-09-14
MU,924.03,2026-09-16,2,Put,875.00,-5.31%,2.05,2.15,2.15,628,139,4.52,58.66%,60.01%,-0.104979,2026-09-14
IREN,43.17,2027-06-17,276,Put,50.00,+15.82%,16.5,16.8,17,1239,275,4.51,81.96%,88.38%,-0.416552,2026-09-14
META,665.6,2026-09-16,2,Put,630.00,-5.35%,0.48,0.53,0.53,1516,337,4.5,38.05%,46.29%,-0.051957,2026-09-14
AMD,493.41,2026-09-16,2,Put,492.50,-0.18%,5.8,7.55,7.75,540,121,4.46,50.45%,49.90%,-0.470951,2026-09-14
CVE,33.27,2026-09-18,4,Call,27.00,+18.85%,4.9,7,7.6,901,202,4.46,37.64%,225.46%,0.842057,2026-09-14
MU,924.03,2026-09-18,4,Put,875.00,-5.31%,5.6,5.7,5.75,972,218,4.46,58.66%,58.93%,-0.178671,2026-09-14
BE,257.05,2026-09-18,4,Call,262.50,-2.12%,6.35,6.7,7.3,1271,285,4.46,78.31%,85.34%,0.426318,2026-09-14
AMD,493.41,2026-09-16,2,Call,530.00,-7.42%,0.38,0.44,0.44,2375,533,4.46,50.45%,57.17%,0.048009,2026-09-14
NVDA,210.96,2026-09-16,2,Put,202.50,-4.01%,0.33,0.34,0.35,9459,2119,4.46,33.57%,44.27%,-0.102015,2026-09-14
META,665.6,2026-09-18,4,Call,667.50,-0.29%,11.05,11.42,11.5,819,185,4.43,38.05%,43.43%,0.487226,2026-09-14
NOK,9.65,2027-03-19,186,Call,20.00,-107.25%,0.21,0.25,0.29,5104,1152,4.43,59.46%,71.49%,0.125017,2026-09-14
MO,70.61,2026-09-18,4,Call,69.00,+2.28%,1.45,1.65,1.82,6883,1557,4.42,22.60%,15.09%,0.931993,2026-09-14
MDB,382.29,2026-10-02,18,Put,375.00,-1.91%,13.1,15.5,16.8,504,114,4.42,55.91%,55.61%,-0.409255,2026-09-14
SM,39.03,2026-10-16,32,Call,37.50,+3.92%,2.85,3.3,3.5,606,137,4.42,48.75%,51.12%,0.635027,2026-09-14
NVDA,210.96,2026-09-23,9,Call,210.00,+0.46%,4.85,4.99,5.05,765,173,4.42,33.57%,33.13%,0.551125,2026-09-14
TROW,105.8,2026-09-18,4,Call,100.00,+5.48%,5.3,5.7,6,871,197,4.42,23.98%,25.58%,0.984913,2026-09-14
CRWV,82.98,2026-09-18,4,Put,83.00,+0.02%,2.75,2.8,2.82,2126,481,4.42,74.52%,80.53%,-0.482804,2026-09-14
CRWD,235.38,2026-09-18,4,Call,267.50,-13.65%,0.4,0.42,0.46,543,123,4.41,56.46%,74.92%,0.056281,2026-09-14
AMZN,253.54,2026-09-18,4,Call,237.50,+6.33%,16.25,16.53,16.85,564,128,4.41,30.72%,44.68%,0.923527,2026-09-14
SNDK,1551.99,2026-09-18,4,Call,"1,580.00",-1.80%,34,34.62,35.1,1191,270,4.41,69.00%,71.87%,0.422737,2026-09-14
BYND,10.31,2026-09-18,4,Call,10.00,+3.01%,0.52,0.63,0.74,612,139,4.4,97.47%,107.59%,0.629657,2026-09-14
KO,89.35,2026-09-18,4,Call,57.50,+35.65%,31.65,31.85,32,695,158,4.4,18.19%,38.16%,0.999995,2026-09-14
PANW,373.94,2026-09-25,11,Call,400.00,-6.97%,5.25,5.84,6.3,785,179,4.39,52.28%,57.14%,0.268061,2026-09-14
AMKR,47.12,2026-10-16,32,Call,60.00,-27.33%,0.5,0.66,0.7,1599,365,4.38,67.60%,67.56%,0.136696,2026-09-14
CMCSA,24.88,2026-09-18,4,Call,25.50,-2.49%,0.06,0.12,0.2,2446,559,4.38,31.71%,34.13%,0.249615,2026-09-14
AVGO,344.72,2026-09-16,2,Put,355.00,+2.98%,10.5,11.17,12.25,667,153,4.36,36.32%,43.89%,-0.812279,2026-09-14
CBRS,181.21,2026-09-18,4,Call,180.00,+0.67%,6,6.4,7,711,163,4.36,71.25%,77.43%,0.550968,2026-09-14
AVGO,344.72,2026-09-18,4,Call,347.50,-0.81%,4.4,4.6,5.35,745,171,4.36,36.32%,42.34%,0.439567,2026-09-14
AMD,493.41,2028-01-21,494,Call,"1,030.00",-108.75%,35.95,38.95,41.3,1002,230,4.36,50.45%,58.91%,0.257493,2026-09-14
HOOD,114.33,2026-09-25,11,Put,116.00,+1.46%,6,5.7,6.2,590,136,4.34,63.99%,66.32%,-0.524395,2026-09-14
LEN,79.99,2026-09-18,4,Call,84.00,-5.01%,1,1.1,1.2,867,200,4.34,43.92%,76.86%,0.285534,2026-09-14
VTS,18.51,2026-09-18,4,Call,17.50,+5.46%,0.95,0.95,1.1,2922,675,4.33,26.07%,36.48%,0.934858,2026-09-14
SKHY,175.63,2026-09-18,4,Call,187.50,-6.76%,1.23,1.27,1.27,1188,275,4.32,60.18%,67.68%,0.188871,2026-09-14
WBD,28.1,2026-09-18,4,Call,28.50,-1.42%,0.04,0.14,0.19,548,127,4.31,28.95%,22.45%,0.283377,2026-09-14
CRCL,97.42,2026-09-18,4,Put,96.00,-1.46%,3.6,3.63,4.05,1517,352,4.31,82.59%,111.87%,-0.42592,2026-09-14
PANW,373.94,2027-12-17,459,Call,420.00,-12.32%,82,87.1,90,1652,384,4.3,52.28%,57.73%,0.588259,2026-09-14
NVDA,210.96,2026-09-16,2,Call,222.50,-5.47%,0.09,0.1,0.1,9644,2245,4.3,33.57%,40.13%,0.038192,2026-09-14
META,665.6,2026-10-02,18,Put,630.00,-5.35%,8.4,8.5,8.9,554,129,4.29,38.05%,38.95%,-0.243356,2026-09-14
AMAT,424.21,2027-03-19,186,Put,175.00,-58.75%,0.9,1.35,1.85,596,139,4.29,52.32%,66.42%,-0.016174,2026-09-14
CCI,74.17,2026-09-18,4,Call,70.00,+5.62%,3.5,4.65,5.3,840,196,4.29,28.98%,49.13%,0.874774,2026-09-14
CRWD,235.38,2026-09-25,11,Call,260.00,-10.46%,2.29,2.41,2.5,881,206,4.28,56.46%,60.14%,0.186647,2026-09-14
AMD,493.41,2026-09-16,2,Put,480.00,-2.72%,3,3.07,3.2,2548,596,4.28,50.45%,56.56%,-0.247189,2026-09-14
MU,924.03,2026-09-16,2,Put,885.00,-4.22%,3.25,3.3,3.4,593,139,4.27,58.66%,58.92%,-0.154931,2026-09-14
NVDA,210.96,2026-09-16,2,Put,205.00,-2.83%,0.6,0.6,0.64,14677,3457,4.25,33.57%,42.05%,-0.173277,2026-09-14
CVE,33.27,2026-09-18,4,Call,24.00,+27.86%,7.8,9.5,10.1,1505,355,4.24,37.64%,219.90%,0.937389,2026-09-14
DIS,108.59,2026-09-18,4,Call,113.00,-4.06%,0.09,0.14,0.18,888,210,4.23,24.03%,28.19%,0.091602,2026-09-14
BSX,45.05,2026-09-18,4,Call,46.00,-2.11%,0.35,0.45,0.5,889,210,4.23,37.41%,42.44%,0.330489,2026-09-14
AAPL,333.08,2026-09-16,2,Call,327.50,+1.68%,5.7,6.7,6.75,1475,349,4.23,24.74%,24.96%,0.824762,2026-09-14
CCL,22.56,2026-10-16,32,Call,22.00,+2.48%,1.53,1.58,1.6,818,194,4.22,46.03%,47.82%,0.599285,2026-09-14
B,42.43,2026-10-16,32,Put,36.00,-15.15%,0.06,0.22,0.25,2014,477,4.22,41.88%,39.20%,-0.068234,2026-09-14
MDT,93.8,2026-10-16,32,Put,95.00,+1.28%,3.6,3.75,5.65,2273,539,4.22,27.31%,36.20%,-0.523173,2026-09-14
GILD,146.41,2026-09-18,4,Call,115.00,+21.45%,30.2,31.05,32.8,611,145,4.21,26.79%,106.93%,0.986358,2026-09-14
IMAX,53.43,2026-10-16,32,Call,55.00,-2.94%,2.1,2.15,2.25,889,211,4.21,43.97%,44.08%,0.447598,2026-09-14
META,665.6,2026-09-18,4,Call,715.00,-7.42%,1.01,1.04,1.09,5747,1366,4.21,38.05%,46.30%,0.074176,2026-09-14
CVE,33.27,2026-09-18,4,Call,23.00,+30.87%,9.9,11,11.6,765,182,4.2,37.64%,294.72%,0.911561,2026-09-14
MU,924.03,2026-09-16,2,Call,945.00,-2.27%,7.1,7.35,7.8,1029,245,4.2,58.66%,56.91%,0.306065,2026-09-14
CVE,33.27,2026-09-18,4,Call,22.00,+33.87%,10.3,12.6,13.3,1705,406,4.2,37.64%,331.23%,0.913996,2026-09-14
MO,70.61,2026-09-18,4,Call,67.00,+5.11%,3.35,3.55,3.85,687,164,4.19,22.60%,25.94%,0.977524,2026-09-14
PLD,135.19,2026-10-16,32,Call,145.00,-7.26%,0.6,0.82,0.95,872,208,4.19,24.70%,23.15%,0.163003,2026-09-14
CRWV,82.98,2026-09-18,4,Call,88.00,-6.05%,1.11,1.16,1.16,2072,495,4.19,74.52%,83.80%,0.267206,2026-09-14
ORCL,144.79,2026-09-25,11,Call,152.50,-5.32%,2.28,2.33,2.42,2617,626,4.18,49.83%,51.63%,0.299133,2026-09-14
INTC,97.19,2026-09-16,2,Put,98.00,+0.83%,2.39,2.42,2.48,1719,412,4.17,60.75%,69.84%,-0.552542,2026-09-14
PLUG,2.06,2026-10-16,32,Put,3.00,+45.63%,0.89,0.91,1.1,508,122,4.16,69.67%,117.66%,-0.818177,2026-09-14
AEO,15.43,2026-09-18,4,Call,15.50,-0.45%,0.33,0.33,0.41,2080,500,4.16,45.96%,62.54%,0.4856,2026-09-14
VRT,237.39,2026-12-18,95,Put,195.00,-17.86%,8.6,10.05,10.7,617,149,4.14,56.15%,59.66%,-0.204377,2026-09-14
CVE,33.27,2026-09-18,4,Call,28.00,+15.84%,4.9,5.4,6,2579,623,4.14,37.64%,125.29%,0.916315,2026-09-14
SMR,8.51,2026-10-09,25,Call,9.50,-11.63%,0.29,0.33,0.35,808,196,4.12,75.22%,74.70%,0.325434,2026-09-14
CRML,6.46,2026-09-18,4,Call,6.50,-0.62%,0.2,0.28,0.35,848,206,4.12,101.18%,108.47%,0.502358,2026-09-14
CRWV,82.98,2027-06-17,276,Put,87.50,+5.45%,23.45,23.76,23.95,1394,338,4.12,74.52%,78.49%,-0.386543,2026-09-14
INTC,97.19,2026-09-25,11,Put,88.00,-9.46%,1.04,1.04,1.09,5743,1398,4.11,60.75%,64.89%,-0.172127,2026-09-14
DVN,49.73,2026-09-25,11,Call,44.00,+11.52%,5.45,5.9,6.7,590,144,4.1,35.82%,62.99%,0.879805,2026-09-14
CRWV,82.98,2026-09-18,4,Call,83.00,-0.02%,2.8,2.84,2.9,824,201,4.1,74.52%,82.09%,0.517862,2026-09-14
WULF,15.47,2026-09-25,11,Call,16.50,-6.66%,0.49,0.5,0.51,1141,280,4.08,81.50%,86.56%,0.347591,2026-09-14
RXT,3.49,2026-09-25,11,Call,3.00,+14.04%,0.35,0.56,0.7,611,150,4.07,118.80%,80.63%,0.876715,2026-09-14
NFLX,80.32,2026-10-23,39,Call,105.00,-30.73%,0.21,0.22,0.24,737,181,4.07,33.89%,46.21%,0.047269,2026-09-14
Z,33.18,2026-10-16,32,Put,35.00,+5.49%,3,3.14,3.2,1886,463,4.07,54.68%,52.96%,-0.598331,2026-09-14
AEM,197.55,2026-10-16,32,Put,195.00,-1.29%,8.7,8.99,9.7,547,135,4.05,45.82%,45.91%,-0.429164,2026-09-14
AMD,493.41,2026-10-09,25,Put,470.00,-4.74%,14.55,14.83,15.05,689,170,4.05,50.45%,50.13%,-0.325598,2026-09-14
AMZN,253.54,2026-09-16,2,Put,242.50,-4.35%,0.17,0.19,0.19,1138,281,4.05,30.72%,38.65%,-0.057405,2026-09-14
CVE,33.27,2026-09-18,4,Call,20.00,+39.89%,12.6,13.4,14,3915,966,4.05,37.64%,220.86%,0.989577,2026-09-14
AVGO,344.72,2026-09-18,4,Call,345.00,-0.08%,5.5,5.75,6.5,1013,251,4.04,36.32%,42.27%,0.504307,2026-09-14
TSLA,358.97,2026-09-16,2,Call,387.50,-7.95%,0.15,0.16,0.16,1341,332,4.04,40.25%,53.64%,0.028633,2026-09-14
DKNG,24.85,2027-03-19,186,Put,17.50,-29.58%,0.75,1.05,1.22,730,181,4.03,54.24%,61.12%,-0.144137,2026-09-14
RELX,35.72,2026-10-16,32,Put,35.00,-2.02%,0.05,1.14,1.15,1000,248,4.03,28.68%,21.05%,-0.374698,2026-09-14
ORCL,144.79,2026-09-25,11,Put,138.00,-4.69%,2.05,2.52,2.41,3465,859,4.03,49.83%,50.32%,-0.274033,2026-09-14
TSEM,191.12,2026-10-16,32,Call,260.00,-36.04%,1,2,2.4,506,126,4.02,69.24%,73.11%,0.095425,2026-09-14
ORCL,144.79,2026-09-25,11,Call,148.00,-2.22%,3.65,3.8,3.9,555,138,4.02,49.83%,51.16%,0.422581,2026-09-14
COIN,191.45,2026-09-18,4,Call,215.00,-12.30%,1.37,1.4,1.4,1782,443,4.02,68.85%,98.72%,0.142956,2026-09-14
INTC,97.19,2026-09-16,2,Put,95.00,-2.25%,1.05,1.09,1.1,4219,1049,4.02,60.75%,69.99%,-0.319624,2026-09-14
BBD,3.54,2026-10-16,32,Call,4.00,-12.99%,0,0.1,0.1,4273,1064,4.02,42.90%,45.66%,0.1993,2026-09-14
ADBE,265.6,2026-09-18,4,Put,257.50,-3.05%,2.1,2.3,2.27,513,128,4.01,41.93%,48.59%,-0.260672,2026-09-14
MU,924.03,2026-09-16,2,Call,995.00,-7.68%,0.93,0.99,1,650,162,4.01,58.66%,61.50%,0.054965,2026-09-14
BE,257.05,2026-09-18,4,Call,255.00,+0.80%,9.7,10.4,11.05,1039,259,4.01,78.31%,86.65%,0.55489,2026-09-14
NVDA,210.96,2026-10-30,46,Call,240.00,-13.77%,2.02,2.14,2.18,1553,387,4.01,33.57%,33.95%,0.164418,2026-09-14
ZS,191.73,2026-09-18,4,Call,195.00,-1.71%,4.2,4.3,4.5,1930,481,4.01,57.84%,71.95%,0.427934,2026-09-14
IA,18.57,2026-10-16,32,Put,20.00,+7.70%,2.1,2.25,2.55,500,125,4,71.02%,67.86%,-0.602176,2026-09-14
PANW,373.94,2026-09-18,4,Call,362.50,+3.06%,15.2,17.5,18.05,908,227,4,52.28%,63.49%,0.693844,2026-09-14
MSFT,505.41,2026-09-18,4,Call,522.50,-3.38%,0.71,0.94,1.01,832,209,3.98,25.08%,26.87%,0.123606,2026-09-14
CRWD,235.38,2026-10-16,32,Put,215.00,-8.66%,6.5,6.52,6.9,1571,395,3.98,56.46%,56.23%,-0.259768,2026-09-14
KOPN,4.35,2027-01-15,123,Call,4.50,-3.45%,0.85,0.9,1.1,1100,277,3.97,86.48%,101.69%,0.602446,2026-09-14
NVDA,210.96,2026-09-21,7,Put,225.00,+6.66%,14,13.67,14.65,519,131,3.96,33.57%,33.25%,-0.918062,2026-09-14
AVGO,344.72,2026-09-25,11,Call,350.00,-1.53%,6.05,6.15,6.8,1217,307,3.96,36.32%,36.14%,0.421774,2026-09-14
POOL,171.76,2026-10-16,32,Put,160.00,-6.85%,2.3,2.8,3,541,137,3.95,33.52%,36.04%,-0.234252,2026-09-14
AMZN,253.54,2026-09-25,11,Call,262.50,-3.53%,2.12,2.19,2.3,734,186,3.95,30.72%,30.75%,0.273112,2026-09-14
MRNA,146.69,2026-09-18,4,Put,136.00,-7.29%,1.45,1.5,1.52,1134,287,3.95,72.85%,87.78%,-0.191233,2026-09-14
DVN,49.73,2026-09-18,4,Call,45.00,+9.51%,4.5,4.83,5,22630,5731,3.95,35.82%,46.12%,0.981704,2026-09-14
SA,29.61,2026-10-16,32,Call,33.00,-11.45%,1,1.15,1.25,731,186,3.93,63.80%,65.74%,0.328894,2026-09-14
HPE,55.41,2026-09-25,11,Put,51.00,-7.96%,0.66,0.71,0.81,539,138,3.91,60.70%,62.74%,-0.20537,2026-09-14
BE,257.05,2026-09-18,4,Call,292.50,-13.79%,0.93,1.05,1.27,511,131,3.9,78.31%,91.80%,0.098143,2026-09-14
AAOI,95.76,2026-09-18,4,Call,90.00,+6.02%,6.8,7.88,7.9,608,156,3.9,84.60%,97.11%,0.746988,2026-09-14
MET,97.75,2026-10-16,32,Call,97.50,+0.26%,2.6,2.8,3.6,622,160,3.89,23.64%,25.36%,0.533554,2026-09-14
TSLA,358.97,2026-09-16,2,Put,340.00,-5.28%,0.38,0.4,0.4,6913,1783,3.88,40.25%,49.60%,-0.06652,2026-09-14
SERV,4.43,2026-09-18,4,Call,4.50,-1.58%,0.1,0.12,0.13,1604,415,3.87,78.24%,78.65%,0.442576,2026-09-14
GOOGL,349.39,2026-09-25,11,Call,352.50,-0.89%,5.8,6,6.2,525,136,3.86,29.84%,30.03%,0.450455,2026-09-14
RIOT,20.95,2026-10-16,32,Call,22.00,-5.01%,1.58,1.65,1.86,3711,961,3.86,82.36%,86.11%,0.479421,2026-09-14
MU,924.03,2027-02-19,158,Call,"1,440.00",-55.84%,32.9,35.79,35.6,782,203,3.85,58.66%,61.55%,0.196836,2026-09-14
NVDA,210.96,2026-09-16,2,Put,212.50,+0.73%,3.2,3.15,3.3,11050,2871,3.85,33.57%,38.74%,-0.592815,2026-09-14
INTC,97.19,2026-09-16,2,Call,105.00,-8.04%,0.17,0.2,0.2,7254,1888,3.84,60.75%,72.68%,0.079755,2026-09-14
AEHR,83.37,2026-12-18,95,Put,75.00,-10.04%,12.5,12.65,14.3,771,201,3.84,116.60%,110.88%,-0.314367,2026-09-14
QCOM,180.15,2026-09-18,4,Call,192.50,-6.86%,0.8,0.88,0.91,747,195,3.83,47.26%,59.44%,0.151061,2026-09-14
RKT,13.44,2026-10-02,18,Put,14.00,+4.17%,0.91,0.91,1.06,896,234,3.83,54.30%,56.20%,-0.600744,2026-09-14
BMNR,25.76,2026-10-23,39,Put,25.00,-2.95%,2.13,2.24,2.45,915,239,3.83,81.43%,81.69%,-0.398617,2026-09-14
DELL,534.28,2026-09-18,4,Call,487.50,+8.76%,48.25,48.84,50.8,500,131,3.82,60.73%,76.81%,0.881778,2026-09-14
TSLA,358.97,2027-06-17,276,Put,290.00,-19.21%,21.15,21.3,21.45,14651,3834,3.82,40.25%,46.04%,-0.213686,2026-09-14
S,22.61,2028-12-15,823,Call,30.00,-32.68%,6,6.52,6.7,735,193,3.81,51.74%,58.78%,0.59035,2026-09-14
VTS,18.51,2027-01-15,123,Call,15.00,+18.96%,2.35,3.27,4.5,1920,504,3.81,26.07%,28.94%,0.959941,2026-09-14
JNJ,266.32,2026-09-18,4,Put,265.00,-0.50%,1.49,1.79,2.49,1972,518,3.81,25.78%,23.58%,-0.412951,2026-09-14
AMD,493.41,2026-09-16,2,Call,525.00,-6.40%,0.62,0.67,0.68,798,210,3.8,50.45%,56.41%,0.072079,2026-09-14
TSLA,358.97,2026-09-18,4,Call,392.50,-9.34%,0.36,0.38,0.38,2877,760,3.79,40.25%,50.25%,0.048082,2026-09-14
TSLA,358.97,2026-09-23,9,Call,365.00,-1.68%,6.35,6.39,6.45,922,244,3.78,40.25%,39.56%,0.411865,2026-09-14
CRWV,82.98,2026-10-16,32,Call,90.00,-8.46%,4.8,4.8,4.9,10777,2850,3.78,74.52%,76.23%,0.408033,2026-09-14
AAPL,333.08,2026-09-21,7,Put,335.00,+0.58%,5.05,5.1,5.25,590,157,3.76,24.74%,22.90%,-0.560065,2026-09-14
SPCE,3.02,2027-04-16,214,Call,4.00,-32.45%,0.5,0.63,0.71,1020,272,3.75,77.65%,95.80%,0.506158,2026-09-14
HNGE,94.79,2026-10-16,32,Call,100.00,-5.50%,4.2,4.5,4.8,1280,341,3.75,57.58%,58.07%,0.418251,2026-09-14
SNDK,1551.99,2026-09-18,4,Call,"1,630.00",-5.03%,19.1,19.94,20.2,849,227,3.74,69.00%,73.65%,0.276764,2026-09-14
NBIS,212.19,2026-09-18,4,Call,215.00,-1.32%,6.5,6.62,6.75,2595,693,3.74,81.42%,88.76%,0.463796,2026-09-14
GOOGL,349.39,2026-09-25,11,Call,347.50,+0.54%,8.35,8.6,8.6,545,146,3.73,29.84%,30.27%,0.559142,2026-09-14
VRT,237.39,2027-06-17,276,Put,230.00,-3.11%,39.2,40.53,42.75,934,251,3.72,56.15%,59.59%,-0.360103,2026-09-14
SBET,9.15,2026-09-25,11,Call,10.00,-9.29%,0.25,0.26,0.34,1652,446,3.7,81.90%,94.82%,0.326066,2026-09-14
GOOGL,349.39,2026-09-18,4,Put,347.50,-0.54%,3.75,3.85,3.95,886,240,3.69,29.84%,32.89%,-0.427142,2026-09-14
NVDA,210.96,2026-09-16,2,Call,205.00,+2.83%,5.8,6.55,7.35,1258,341,3.69,33.57%,41.05%,0.832493,2026-09-14
BE,257.05,2026-09-18,4,Call,285.00,-10.87%,1.5,1.75,1.96,1443,391,3.69,78.31%,89.22%,0.145865,2026-09-14
MSFT,505.41,2026-09-16,2,Call,500.00,+1.07%,7.45,7.5,8.05,2871,779,3.69,25.08%,30.19%,0.691443,2026-09-14
M,22.58,2026-09-18,4,Call,21.00,+7.00%,1.47,1.6,1.68,3492,946,3.69,39.44%,42.05%,0.952313,2026-09-14
INTC,97.19,2026-09-16,2,Put,94.00,-3.28%,0.77,0.76,0.81,1658,451,3.68,60.75%,70.74%,-0.252547,2026-09-14
AMZN,253.54,2026-09-16,2,Call,262.50,-3.53%,0.27,0.28,0.29,3772,1024,3.68,30.72%,34.88%,0.092667,2026-09-14
SLS,11.73,2026-10-02,18,Put,10.00,-14.75%,0.6,0.74,1.05,755,206,3.67,196.96%,161.53%,-0.265227,2026-09-14
APP,334.24,2026-09-18,4,Put,305.00,-8.75%,0.75,0.89,1,829,226,3.67,54.71%,64.78%,-0.082371,2026-09-14
MCD,257.49,2026-09-18,4,Put,290.00,+12.63%,31.4,32.7,33.35,2080,566,3.67,21.38%,60.93%,-0.966901,2026-09-14
MRVL,218.82,2026-09-18,4,Call,232.50,-6.25%,2.07,2.13,2.16,3339,910,3.67,65.50%,73.03%,0.22661,2026-09-14
CRWV,82.98,2026-09-25,11,Call,86.00,-3.64%,3.05,3.1,3.2,511,140,3.65,74.52%,75.91%,0.421857,2026-09-14
SNDK,1551.99,2026-09-18,4,Call,"1,750.00",-12.76%,4.5,4.6,4.8,6312,1729,3.65,69.00%,79.62%,0.081623,2026-09-14
MU,924.03,2026-09-16,2,Call,"1,000.00",-8.22%,0.77,0.82,0.9,5448,1495,3.64,58.66%,62.92%,0.047578,2026-09-14
TSLA,358.97,2026-09-16,2,Call,385.00,-7.25%,0.2,0.2,0.21,5963,1640,3.64,40.25%,52.35%,0.03737,2026-09-14
CRWD,235.38,2026-09-18,4,Call,262.50,-11.52%,0.58,0.68,0.69,1618,445,3.64,56.46%,72.24%,0.080896,2026-09-14
MRNA,146.69,2026-09-18,4,Put,138.00,-5.92%,1.87,1.9,1.95,594,164,3.62,72.85%,86.55%,-0.234755,2026-09-14
NOW,142.35,2027-09-17,368,Put,140.00,-1.65%,26.85,26.85,27.5,604,167,3.62,53.19%,55.61%,-0.36178,2026-09-14
IOVA,9.26,2026-09-18,4,Call,9.50,-2.59%,0.25,0.25,0.3,799,221,3.62,90.10%,97.47%,0.42234,2026-09-14
MSFT,505.41,2026-09-18,4,Put,505.00,-0.08%,5.1,5.12,5.45,3224,891,3.62,25.08%,26.30%,-0.479025,2026-09-14
MRVL,218.82,2026-09-18,4,Put,212.50,-2.89%,3.55,3.6,3.8,559,155,3.61,65.50%,70.74%,-0.330927,2026-09-14
AAPL,333.08,2026-09-21,7,Call,337.50,-1.33%,2.38,2.53,2.59,1065,295,3.61,24.74%,23.02%,0.35277,2026-09-14
CHKP,138.49,2026-10-16,32,Call,150.00,-8.31%,1.9,2.75,2.95,1772,491,3.61,38.28%,38.27%,0.26794,2026-09-14
SNDK,1551.99,2026-09-18,4,Put,"1,560.00",+0.52%,49.5,50.3,50.7,1810,501,3.61,69.00%,71.24%,-0.510976,2026-09-14
PANW,373.94,2026-09-18,4,Call,385.00,-2.96%,5.45,5.81,5.8,2398,664,3.61,52.28%,64.15%,0.346556,2026-09-14
META,665.6,2028-01-21,494,Call,520.00,+21.88%,220,223.83,226.5,558,155,3.6,38.05%,45.25%,0.792913,2026-09-14
NVDA,210.96,2026-09-18,4,Call,207.50,+1.64%,5.45,5.45,5.55,1993,553,3.6,33.57%,39.50%,0.66601,2026-09-14
AMZN,253.54,2026-09-16,2,Put,240.00,-5.34%,0.11,0.12,0.13,2081,578,3.6,30.72%,42.15%,-0.037496,2026-09-14
INTC,97.19,2026-09-25,11,Call,99.00,-1.86%,3.45,3.5,3.6,1003,279,3.59,60.75%,63.80%,0.459006,2026-09-14
ORCL,144.79,2026-09-25,11,Call,144.00,+0.55%,5.5,5.6,5.65,512,143,3.58,49.83%,51.25%,0.545013,2026-09-14
VZ,51.29,2026-10-09,25,Call,52.00,-1.38%,0.71,0.9,0.94,762,213,3.58,24.13%,21.70%,0.407481,2026-09-14
DBX,37.31,2026-09-18,4,Call,38.00,-1.85%,0,0.3,0.55,767,214,3.58,31.06%,34.83%,0.31792,2026-09-14
MCD,257.49,2026-09-18,4,Put,295.00,+14.57%,36.6,37.4,38.4,1292,361,3.58,21.38%,50.58%,-0.995634,2026-09-14
VET,13.29,2026-09-18,4,Call,7.50,+43.57%,5.4,5.5,6.8,500,140,3.57,51.49%,479.43%,0.91771,2026-09-14
PPTA,22.55,2026-10-16,32,Call,25.00,-10.86%,0.85,0.85,0.95,542,152,3.57,67.29%,66.07%,0.339863,2026-09-14
EXK,9.72,2026-10-16,32,Call,12.50,-28.60%,0.15,0.17,0.2,3331,933,3.57,72.23%,76.97%,0.164635,2026-09-14
VRT,237.39,2026-09-18,4,Put,215.00,-9.43%,0.61,0.71,0.8,837,235,3.56,56.15%,71.00%,-0.084589,2026-09-14
GOOG,345.71,2026-09-18,4,Put,342.50,-0.93%,3.1,3.25,3.4,1128,317,3.56,29.72%,32.90%,-0.383157,2026-09-14
MU,924.03,2026-09-18,4,Call,920.00,+0.44%,24.45,24.5,24.8,4598,1297,3.55,58.66%,58.10%,0.543281,2026-09-14
ASML,1575.15,2026-09-18,4,Call,"1,770.00",-12.37%,0.4,0.58,2.45,550,155,3.55,44.41%,60.87%,0.036451,2026-09-14
WFC,88.71,2026-09-18,4,Put,84.00,-5.31%,0.1,0.15,0.17,1032,291,3.55,30.11%,38.15%,-0.08225,2026-09-14
META,665.6,2026-09-16,2,Put,600.00,-9.86%,0.09,0.13,0.2,1436,404,3.55,38.05%,63.75%,-0.01302,2026-09-14
HSY,173.68,2026-11-20,67,Put,165.00,-5.00%,4.4,4.6,5.3,538,152,3.54,26.33%,29.62%,-0.316689,2026-09-14
CXW,34.23,2026-11-20,67,Put,33.00,-3.59%,2.05,2.25,2.9,563,159,3.54,43.04%,52.94%,-0.392295,2026-09-14
AAPL,333.08,2026-09-16,2,Put,322.50,-3.18%,0.29,0.31,0.33,4596,1301,3.53,24.74%,32.15%,-0.084537,2026-09-14
NFLX,80.32,2026-10-09,25,Put,72.00,-10.36%,0.33,0.33,0.36,789,224,3.52,33.89%,34.18%,-0.098108,2026-09-14
AMZN,253.54,2026-09-25,11,Call,267.50,-5.51%,1.16,1.3,1.26,622,177,3.51,30.72%,30.89%,0.170471,2026-09-14
TSLA,358.97,2026-09-23,9,Call,375.00,-4.47%,3.35,3.45,3.5,1095,312,3.51,40.25%,40.16%,0.258776,2026-09-14
MU,924.03,2028-12-15,823,Call,"1,250.00",-35.28%,277.9,276.1,290.4,820,234,3.5,58.66%,64.54%,0.605219,2026-09-14
UGI,37.72,2026-09-18,4,Call,35.00,+7.21%,2.55,2.67,2.85,1689,483,3.5,27.23%,35.61%,0.978786,2026-09-14
RKLB,62.55,2026-09-18,4,Put,58.00,-7.27%,0.36,0.39,0.41,830,238,3.49,68.31%,72.78%,-0.150531,2026-09-14
SMMT,18.42,2026-09-18,4,Put,18.00,-2.28%,0.3,0.81,1,1259,361,3.49,103.29%,111.35%,-0.397796,2026-09-14
MSTR,136.94,2026-09-25,11,Call,136.00,+0.69%,7.45,7.6,7.8,727,209,3.48,72.36%,74.87%,0.550295,2026-09-14
MU,924.03,2026-09-25,11,Call,920.00,+0.44%,35,37,37,501,145,3.46,58.66%,52.40%,0.541941,2026-09-14
DPZ,323.77,2026-12-18,95,Call,540.00,-66.79%,0,1.08,2.25,671,194,3.46,40.40%,51.70%,0.036218,2026-09-14
AXP,327.78,2026-09-18,4,Call,327.50,+0.09%,3.75,4.04,4.35,569,165,3.45,24.52%,28.24%,0.52102,2026-09-14
IBRX,8.37,2026-11-20,67,Call,9.00,-7.53%,0.75,1.1,1.2,5573,1616,3.45,86.53%,84.23%,0.499269,2026-09-14
IBM,249.09,2026-09-18,4,Put,245.00,-1.64%,1.98,2.16,2.46,774,225,3.44,33.48%,38.20%,-0.331208,2026-09-14
CRWD,235.38,2026-09-25,11,Call,235.00,+0.16%,9.7,9.97,10,669,195,3.43,56.46%,58.56%,0.530881,2026-09-14
GE,317.56,2026-10-16,32,Call,340.00,-7.07%,3.5,3.54,3.8,2509,732,3.43,29.84%,29.15%,0.236738,2026-09-14
SNDK,1551.99,2026-09-18,4,Call,"1,600.00",-3.09%,27.1,27.75,28,5385,1569,3.43,69.00%,72.25%,0.359504,2026-09-14
SPCX,148.15,2026-09-18,4,Call,152.50,-2.94%,1.92,1.92,1.94,27788,8103,3.43,50.53%,58.71%,0.332248,2026-09-14
MCD,257.49,2026-09-18,4,Put,310.00,+20.39%,51.4,52.4,53.2,1841,538,3.42,21.38%,67.00%,-0.996425,2026-09-14
COST,918.91,2026-09-18,4,Call,945.00,-2.84%,1.18,1.2,1.35,2675,783,3.42,23.93%,22.34%,0.120665,2026-09-14
ORCL,144.79,2026-09-18,4,Call,144.00,+0.55%,3.8,3.9,4,3454,1009,3.42,49.83%,57.60%,0.549658,2026-09-14
CLDX,39.18,2026-10-16,32,Put,25.00,-36.19%,1.95,3.32,3.2,1012,297,3.41,204.08%,209.88%,-0.149556,2026-09-14
SPCX,148.15,2026-10-02,18,Put,150.00,+1.25%,7.5,7.6,7.65,1639,480,3.41,50.53%,51.06%,-0.516324,2026-09-14
AAPL,333.08,2028-03-17,550,Call,165.00,+50.46%,179.35,181.65,183.5,1287,379,3.4,24.74%,46.02%,0.943377,2026-09-14
CIFR,15.64,2026-09-25,11,Call,17.00,-8.70%,0.64,0.68,0.69,2603,765,3.4,102.09%,108.42%,0.365103,2026-09-14
WMT,109.08,2026-09-18,4,Call,113.00,-3.59%,0.17,0.19,0.19,3678,1086,3.39,23.31%,27.79%,0.117254,2026-09-14
ORCL,144.79,2026-09-18,4,Call,142.00,+1.93%,4.9,4.95,5.3,909,269,3.38,49.83%,58.61%,0.637442,2026-09-14
ORCL,144.79,2026-09-18,4,Put,138.00,-4.69%,1.03,1.09,1.12,2221,657,3.38,49.83%,58.80%,-0.20756,2026-09-14
META,665.6,2026-09-18,4,Call,677.50,-1.79%,7,7.27,8.8,829,246,3.37,38.05%,46.01%,0.368278,2026-09-14
META,665.6,2026-09-25,11,Put,615.00,-7.60%,2.94,2.84,3.2,863,256,3.37,38.05%,41.39%,-0.125255,2026-09-14
C,136.18,2026-09-18,4,Call,139.00,-2.07%,0.81,0.97,1.12,1168,347,3.37,32.53%,36.00%,0.301595,2026-09-14
SNDK,1551.99,2026-09-18,4,Put,"1,520.00",-2.06%,30.5,31.17,31.7,1217,361,3.37,69.00%,71.01%,-0.373747,2026-09-14
IONQ,37.5,2026-09-18,4,Put,38.00,+1.33%,1.45,1.48,1.58,2006,595,3.37,71.47%,79.75%,-0.54508,2026-09-14
GOOG,345.71,2026-10-09,25,Call,350.00,-1.24%,9.1,9.2,9.3,1107,329,3.36,29.72%,29.93%,0.464541,2026-09-14
CRM,259.43,2026-09-18,4,Call,267.50,-3.11%,2.44,2.53,2.61,1124,335,3.36,41.09%,51.29%,0.295346,2026-09-14
PEGA,38.71,2026-09-18,4,Call,40.00,-3.33%,0.4,0.37,0.45,2835,844,3.36,54.93%,56.39%,0.301618,2026-09-14
SPCX,148.15,2026-09-25,11,Call,147.00,+0.78%,5.9,5.9,6.2,1654,494,3.35,50.53%,52.58%,0.556858,2026-09-14
OLED,76.62,2026-10-16,32,Call,80.00,-4.41%,2.7,3.5,3.4,2050,614,3.34,49.29%,48.90%,0.412425,2026-09-14
PLAY,8.47,2026-09-18,4,Call,10.00,-18.06%,0.25,0.28,0.3,3007,900,3.34,104.99%,214.81%,0.264922,2026-09-14
GOOG,345.71,2026-09-25,11,Put,345.00,-0.21%,6.35,6.48,6.6,1606,482,3.33,29.72%,29.17%,-0.467377,2026-09-14
PATH,14.66,2026-10-02,18,Put,14.50,-1.09%,0.59,0.71,0.84,641,193,3.32,60.61%,62.28%,-0.436897,2026-09-14
CRWV,82.98,2027-06-17,276,Call,85.00,-2.43%,22.85,23.5,23.2,738,222,3.32,74.52%,80.99%,0.640881,2026-09-14
MRNA,146.69,2026-09-18,4,Call,146.00,+0.47%,5.55,5.6,5.7,976,294,3.32,72.85%,85.83%,0.540556,2026-09-14
CCJ,93.26,2026-09-25,11,Call,100.00,-7.23%,0.81,0.98,1.06,592,179,3.31,46.05%,48.29%,0.217609,2026-09-14
IBM,249.09,2026-09-18,4,Put,242.50,-2.65%,1.47,1.55,1.67,603,182,3.31,33.48%,39.42%,-0.250521,2026-09-14
NBIS,212.19,2026-09-25,11,Call,205.00,+3.39%,15.15,15.44,16.05,728,220,3.31,81.42%,79.83%,0.627779,2026-09-14
AAPL,333.08,2026-09-21,7,Put,332.50,-0.17%,3.8,3.92,3.95,502,152,3.3,24.74%,23.11%,-0.465631,2026-09-14
BAC,59.47,2026-09-25,11,Call,62.00,-4.25%,0.17,0.2,0.2,3476,1058,3.29,26.35%,22.78%,0.15364,2026-09-14
IOVA,9.26,2026-09-18,4,Call,9.00,+2.81%,0.5,0.5,0.65,1091,333,3.28,90.10%,112.99%,0.619178,2026-09-14
MCD,257.49,2026-09-18,4,Put,285.00,+10.68%,26.4,27.5,28.15,3094,943,3.28,21.38%,38.92%,-0.99451,2026-09-14
MU,924.03,2026-09-16,2,Put,900.00,-2.60%,6.2,6.41,6.5,5003,1523,3.28,58.66%,57.72%,-0.260368,2026-09-14
T,26.51,2026-09-18,4,Put,26.50,-0.04%,0.25,0.29,0.32,900,275,3.27,24.50%,26.15%,-0.489586,2026-09-14
GPN,90.19,2027-01-15,123,Call,95.00,-5.33%,6.2,6.85,7.1,2100,643,3.27,37.16%,39.91%,0.470944,2026-09-14
CRWD,235.38,2026-09-18,4,Call,232.50,+1.22%,7.95,8.06,8.25,2521,771,3.27,56.46%,66.62%,0.585945,2026-09-14
ANGX,5.48,2026-10-16,32,Put,5.00,-8.76%,0.2,0.25,0.3,801,246,3.26,74.79%,73.84%,-0.294179,2026-09-14
C,136.18,2026-09-25,11,Put,131.00,-3.80%,0.84,1.49,1.2,520,160,3.25,32.53%,31.64%,-0.228714,2026-09-14
MU,924.03,2026-09-16,2,Call,985.00,-6.60%,1.39,1.44,1.5,1204,370,3.25,58.66%,60.05%,0.079127,2026-09-14
SKHY,175.63,2026-10-02,18,Call,200.00,-13.88%,2.5,2.75,2.92,1490,458,3.25,60.18%,64.45%,0.204984,2026-09-14
CVE,33.27,2026-09-18,4,Call,30.00,+9.83%,3.1,2.9,3.8,20220,6230,3.25,37.64%,85.84%,0.884439,2026-09-14
NVDA,210.96,2026-10-23,39,Call,215.00,-1.92%,7.75,7.8,7.95,1311,405,3.24,33.57%,33.96%,0.466201,2026-09-14
C,136.18,2026-09-18,4,Put,136.00,-0.13%,1.7,1.8,1.98,585,181,3.23,32.53%,34.16%,-0.476178,2026-09-14
T,26.51,2026-09-25,11,Put,25.50,-3.81%,0.05,0.11,0.17,3545,1099,3.23,24.50%,24.59%,-0.176489,2026-09-14
C,136.18,2026-09-18,4,Put,127.00,-6.74%,0.04,0.29,0.23,551,171,3.22,32.53%,41.87%,-0.052752,2026-09-14
INTC,97.19,2027-04-16,214,Put,97.50,+0.32%,17.15,17.12,17.65,911,283,3.22,60.75%,61.96%,-0.397365,2026-09-14
MRVL,218.82,2026-09-25,11,Call,225.00,-2.82%,7.2,7.46,7.5,1801,559,3.22,65.50%,65.42%,0.428898,2026-09-14
PLTR,173.31,2026-09-25,11,Call,182.50,-5.30%,2.59,2.66,2.69,2861,889,3.22,48.39%,49.66%,0.293356,2026-09-14
MU,924.03,2028-12-15,823,Call,"1,050.00",-13.63%,324,334.7,340,827,258,3.21,58.66%,64.28%,0.671572,2026-09-14
MSFT,505.41,2026-09-18,4,Call,517.50,-2.39%,1.26,1.94,1.83,1151,359,3.21,25.08%,26.22%,0.201604,2026-09-14
CRWD,235.38,2026-09-18,4,Call,245.00,-4.09%,3,3,3.15,4613,1438,3.21,56.46%,67.85%,0.300512,2026-09-14
CVE,33.27,2026-09-18,4,Call,25.00,+24.86%,8.1,8.7,9.8,25382,7912,3.21,37.64%,272.40%,0.87383,2026-09-14
MCD,257.49,2026-09-18,4,Put,300.00,+16.51%,41.4,42.45,43.25,598,187,3.2,21.38%,56.19%,-0.995956,2026-09-14
MSTR,136.94,2026-09-18,4,Put,132.00,-3.61%,2.69,2.76,2.76,2761,863,3.2,72.36%,85.76%,-0.323472,2026-09-14
SKHY,175.63,2026-09-18,4,Put,172.50,-1.78%,3.3,3.4,3.4,915,287,3.19,60.18%,65.74%,-0.381844,2026-09-14
AMZN,253.54,2026-09-16,2,Put,252.50,-0.41%,1.92,2.05,2.05,4552,1425,3.19,30.72%,33.33%,-0.426346,2026-09-14
GOOG,345.71,2026-10-23,39,Call,355.00,-2.69%,9.15,10,11.45,556,175,3.18,29.72%,30.56%,0.429031,2026-09-14
SRRK,51.85,2026-10-16,32,Put,50.00,-3.57%,1.2,2.3,2.65,623,196,3.18,57.68%,46.82%,-0.362943,2026-09-14
MRVL,218.82,2026-09-18,4,Call,217.50,+0.60%,7.2,7.3,7.4,646,203,3.18,65.50%,72.19%,0.548927,2026-09-14
AAPL,333.08,2028-01-21,494,Call,165.00,+50.46%,177.9,180.81,181.55,1028,323,3.18,24.74%,45.98%,0.948898,2026-09-14
DELL,534.28,2026-09-18,4,Put,497.50,-6.88%,3,3,3.4,523,165,3.17,60.73%,69.38%,-0.153219,2026-09-14
TSLA,358.97,2026-09-21,7,Put,350.00,-2.50%,3.7,3.75,3.8,1033,326,3.17,40.25%,38.12%,-0.302507,2026-09-14
DDOG,230.05,2027-01-15,123,Call,250.00,-8.67%,24.8,27.33,27.4,1211,382,3.17,56.98%,61.58%,0.492967,2026-09-14
GOOGL,349.39,2026-09-16,2,Call,340.00,+2.69%,9.85,10.12,10.4,3298,1041,3.17,29.84%,35.13%,0.857175,2026-09-14
TSLA,358.97,2026-09-25,11,Call,360.00,-0.29%,9.8,9.85,9.9,4332,1365,3.17,40.25%,40.86%,0.504186,2026-09-14
AMKR,47.12,2026-09-18,4,Put,47.00,-0.25%,1.05,1.2,1.45,537,170,3.16,67.60%,66.97%,-0.470015,2026-09-14
CRWD,235.38,2026-09-18,4,Call,222.50,+5.47%,14.65,15.02,15.25,2205,698,3.16,56.46%,68.16%,0.796747,2026-09-14
SG,7.25,2026-10-16,32,Call,7.00,+3.45%,0.75,0.85,1,2754,871,3.16,79.16%,87.20%,0.60935,2026-09-14
INTC,97.19,2026-09-16,2,Call,104.00,-7.01%,0.25,0.26,0.29,740,235,3.15,60.75%,72.65%,0.109476,2026-09-14
USAR,15.71,2026-10-02,18,Call,20.00,-27.31%,0.12,0.15,0.16,892,283,3.15,80.35%,81.77%,0.109529,2026-09-14
PL,16.2,2026-09-18,4,Call,17.50,-8.02%,0.1,0.15,0.2,1130,359,3.15,68.41%,82.74%,0.199514,2026-09-14
NXPI,224.23,2026-10-16,32,Call,260.00,-15.95%,0.55,2.11,2.4,1335,424,3.15,42.33%,39.92%,0.119003,2026-09-14
SMCI,36.74,2026-10-09,25,Put,30.00,-18.35%,0.34,0.36,0.42,1347,428,3.15,69.40%,68.87%,-0.109898,2026-09-14
INTC,97.19,2026-09-18,4,Call,96.00,+1.22%,3.45,3.5,3.6,3043,967,3.15,60.75%,71.24%,0.581999,2026-09-14
BE,257.05,2026-09-18,4,Put,252.50,-1.77%,6.5,6.75,7.25,696,222,3.14,78.31%,84.68%,-0.401453,2026-09-14
VLO,382.95,2026-10-16,32,Put,330.00,-13.83%,4.2,4.8,5.2,1214,387,3.14,49.11%,51.91%,-0.144935,2026-09-14
ORCL,144.79,2026-09-18,4,Call,148.00,-2.22%,2.23,2.2,2.33,1317,420,3.14,49.83%,59.72%,0.376091,2026-09-14
GNW,10.6,2027-01-15,123,Call,9.00,+15.09%,1.7,1.8,1.95,500,160,3.13,22.86%,35.17%,0.811996,2026-09-14
FRMI,5.05,2026-10-02,18,Put,5.00,-0.99%,0.4,0.4,0.45,514,164,3.13,99.99%,102.14%,-0.435047,2026-09-14
CVE,33.27,2026-09-18,4,Call,29.00,+12.83%,3.8,4.1,5.1,2300,736,3.13,37.64%,105.56%,0.903021,2026-09-14
SHEL,96.45,2026-09-18,4,Call,97.00,-0.57%,0.7,0.8,0.9,703,225,3.12,23.80%,26.01%,0.423138,2026-09-14
NVDA,210.96,2026-09-21,7,Call,222.50,-5.47%,0.52,0.57,0.57,761,244,3.12,33.57%,31.89%,0.120916,2026-09-14
C,136.18,2026-09-18,4,Call,137.00,-0.60%,1.6,1.69,1.83,1427,458,3.12,32.53%,36.60%,0.447338,2026-09-14
PLTR,173.31,2026-09-25,11,Call,180.00,-3.86%,3.3,3.35,3.4,4888,1566,3.12,48.39%,49.50%,0.350084,2026-09-14
AS,27.55,2026-10-16,32,Call,27.50,+0.18%,1.2,1.6,1.65,4972,1592,3.12,41.45%,41.75%,0.540946,2026-09-14
PLTR,173.31,2026-09-18,4,Put,167.50,-3.35%,1.75,1.78,1.78,5025,1613,3.12,48.39%,56.79%,-0.271186,2026-09-14
SPCX,148.15,2026-09-25,11,Put,152.50,+2.94%,7.65,7.95,8,881,283,3.11,50.53%,52.54%,-0.603863,2026-09-14
TSLA,358.97,2026-09-21,7,Call,370.00,-3.07%,3.55,3.64,3.65,1211,389,3.11,40.25%,38.94%,0.301027,2026-09-14
C,136.18,2026-09-18,4,Put,132.00,-3.07%,0.43,0.53,0.72,1381,444,3.11,32.53%,36.04%,-0.197584,2026-09-14
KPTI,1.6,2026-10-16,32,Call,2.5000,-56.25%,0.15,0.15,0.2,1668,537,3.11,157.84%,213.45%,0.350082,2026-09-14
AMD,493.41,2026-09-16,2,Call,510.00,-3.36%,2.37,2.5,2.54,1727,555,3.11,50.45%,55.30%,0.216927,2026-09-14
CRWD,235.38,2026-09-18,4,Call,270.00,-14.71%,0.28,0.34,0.4,1826,587,3.11,56.46%,75.60%,0.04559,2026-09-14
AMZN,253.54,2026-09-18,4,Call,242.50,+4.35%,11.6,12.63,12.15,520,168,3.1,30.72%,39.78%,0.864264,2026-09-14
NBIS,212.19,2026-09-18,4,Call,217.50,-2.50%,5.55,5.56,5.75,709,229,3.1,81.42%,89.13%,0.415255,2026-09-14
AI,11.17,2026-09-18,4,Put,11.00,-1.52%,0.2,0.2,0.24,2075,669,3.1,59.15%,64.60%,-0.39528,2026-09-14
SMR,8.51,2026-11-20,67,Put,11.00,+29.26%,2.76,2.91,3,2502,806,3.1,75.22%,80.35%,-0.715803,2026-09-14
AAPL,333.08,2026-09-16,2,Put,325.00,-2.43%,0.47,0.5,0.5,8459,2725,3.1,24.74%,29.94%,-0.129925,2026-09-14
HOOD,114.33,2026-09-18,4,Call,128.00,-11.96%,0.5,0.53,0.53,532,172,3.09,63.99%,84.44%,0.109532,2026-09-14
BAC,59.47,2026-09-25,11,Put,60.00,+0.89%,1.16,1.29,1.35,1318,427,3.09,26.35%,23.79%,-0.573082,2026-09-14
GME,21.62,2026-09-25,11,Call,22.50,-4.07%,0.41,0.42,0.43,2000,648,3.09,44.57%,51.73%,0.340857,2026-09-14
WYNN,87.76,2027-02-19,158,Call,90.00,-2.55%,6.95,7.9,8.85,509,165,3.08,34.43%,36.83%,0.523602,2026-09-14
LULU,100.3,2026-09-25,11,Put,94.00,-6.28%,0.45,0.67,0.73,551,179,3.08,40.98%,39.33%,-0.158977,2026-09-14
MU,924.03,2026-09-18,4,Put,885.00,-4.22%,7.55,7.72,7.85,774,251,3.08,58.66%,58.27%,-0.228489,2026-09-14
GME,21.62,2027-01-15,123,Call,31.00,-43.39%,0.75,0.82,0.91,1488,483,3.08,44.57%,65.15%,0.211432,2026-09-14
LAZ,39.74,2026-12-18,95,Call,50.00,-25.82%,0.5,0.57,0.9,500,163,3.07,42.92%,42.65%,0.167099,2026-09-14
NKE,37.05,2026-10-23,39,Call,38.00,-2.56%,1.61,1.88,2,556,181,3.07,45.39%,46.32%,0.460424,2026-09-14
MU,924.03,2026-09-16,2,Call,"1,030.00",-11.47%,0.27,0.31,0.37,883,288,3.07,58.66%,69.53%,0.018771,2026-09-14
SNDK,1551.99,2026-09-18,4,Put,"1,550.00",-0.13%,44.1,44.2,45.3,3206,1044,3.07,69.00%,70.98%,-0.476576,2026-09-14
CRWV,82.98,2026-10-09,25,Call,125.00,-50.64%,0.36,0.42,0.43,535,175,3.06,74.52%,89.52%,0.052499,2026-09-14
ORCL,144.79,2026-10-30,46,Call,170.00,-17.41%,2.98,3.03,3.3,939,307,3.06,49.83%,51.96%,0.222605,2026-09-14
GOOGL,349.39,2026-09-25,11,Call,390.00,-11.62%,0.18,0.33,0.33,1444,472,3.06,29.84%,33.51%,0.032646,2026-09-14
NVDA,210.96,2026-09-21,7,Call,217.50,-3.10%,1.34,1.41,1.43,971,318,3.05,33.57%,31.70%,0.254664,2026-09-14
BAC,59.47,2026-10-02,18,Put,61.00,+2.57%,1.95,2.36,2.1,797,262,3.04,26.35%,21.20%,-0.693234,2026-09-14
META,665.6,2026-09-18,4,Put,652.50,-1.97%,6.25,6.45,6.5,1066,351,3.04,38.05%,43.11%,-0.319154,2026-09-14
NVDA,210.96,2026-09-18,4,Put,202.50,-4.01%,0.82,0.8,0.85,23562,7740,3.04,33.57%,41.72%,-0.166977,2026-09-14
OKLO,36.21,2026-09-18,4,Call,36.00,+0.58%,1.23,1.29,1.36,534,176,3.03,72.12%,78.26%,0.546501,2026-09-14
ZS,191.73,2026-09-18,4,Put,190.00,-0.90%,4.7,4.85,4.85,609,201,3.03,57.84%,70.64%,-0.434854,2026-09-14
MU,924.03,2026-09-18,4,Put,895.00,-3.14%,10.2,10.32,10.45,622,206,3.02,58.66%,57.81%,-0.286561,2026-09-14
NVDA,210.96,2026-10-30,46,Call,220.00,-4.29%,6.75,6.9,6.95,668,221,3.02,33.57%,34.26%,0.400767,2026-09-14
NVDA,210.96,2026-09-25,11,Put,192.50,-8.75%,0.61,0.63,0.63,601,200,3.01,33.57%,40.43%,-0.088117,2026-09-14
BAC,59.47,2026-09-25,11,Put,59.00,-0.79%,0.6,0.8,0.79,1197,399,3,26.35%,22.51%,-0.407364,2026-09-14
GIS,36.47,2027-04-16,214,Put,35.00,-4.03%,2.95,2.95,3.3,1751,584,3,39.62%,33.79%,-0.393145,2026-09-14
PLAY,8.47,2026-09-18,4,Call,9.00,-6.26%,0.5,0.54,0.55,3950,1318,3,104.99%,209.47%,0.432706,2026-09-14
SU,68.72,2026-11-20,67,Call,80.00,-16.41%,0.75,1.15,1.4,541,181,2.99,31.36%,36.96%,0.192143,2026-09-14
TSLA,358.97,2026-09-16,2,Put,325.00,-9.46%,0.13,0.13,0.14,1515,506,2.99,40.25%,66.56%,-0.020381,2026-09-14
TSLA,358.97,2026-09-18,4,Put,360.00,+0.29%,7,7.04,7.1,30479,10204,2.99,40.25%,43.89%,-0.51298,2026-09-14
ASML,1575.15,2026-10-16,32,Call,"1,700.00",-7.93%,36.5,41.12,43.2,778,261,2.98,44.41%,45.17%,0.314109,2026-09-14
SKHY,175.63,2026-10-16,32,Call,205.00,-16.72%,3.9,3.99,4.15,1196,402,2.98,60.18%,62.21%,0.232736,2026-09-14
BIDU,91.9,2027-06-17,276,Call,240.00,-161.15%,0.36,0.6,0.82,502,169,2.97,42.32%,53.81%,0.039829,2026-09-14
COIN,191.45,2026-10-16,32,Put,195.00,+1.85%,16.75,17.1,17.45,608,205,2.97,68.85%,68.35%,-0.49109,2026-09-14
DOCU,69.76,2026-09-18,4,Put,65.00,-6.82%,0.15,0.3,0.39,706,238,2.97,47.76%,59.81%,-0.121834,2026-09-14
NOW,142.35,2026-09-25,11,Call,141.00,+0.95%,6.05,6.33,6.25,909,306,2.97,53.19%,54.73%,0.563297,2026-09-14
ZS,191.73,2026-10-02,18,Call,200.00,-4.31%,6.6,8,7.8,538,182,2.96,57.84%,61.74%,0.410432,2026-09-14
SHOP,133.89,2026-09-18,4,Call,144.00,-7.55%,0.37,0.52,0.54,628,212,2.96,48.27%,57.10%,0.118739,2026-09-14
ADBE,265.6,2026-09-18,4,Put,247.50,-6.81%,0.43,0.55,0.66,901,304,2.96,41.93%,50.06%,-0.083801,2026-09-14
AVGO,344.72,2027-04-16,214,Put,280.00,-18.77%,13.2,14,14.6,1419,480,2.96,36.32%,41.84%,-0.194481,2026-09-14
MU,924.03,2026-09-18,4,Put,905.00,-2.06%,13.3,13.6,13.75,1614,546,2.96,58.66%,57.23%,-0.350882,2026-09-14
NVDA,210.96,2026-09-18,4,Call,202.50,+4.01%,9.3,9.35,9.55,1673,566,2.96,33.57%,42.82%,0.82718,2026-09-14
RGTI,15.27,2026-10-02,18,Call,19.00,-24.43%,0.15,0.17,0.21,1706,576,2.96,72.39%,82.42%,0.137238,2026-09-14
NBIS,212.19,2026-10-16,32,Call,340.00,-60.23%,0.9,1.56,1.92,1652,561,2.94,81.42%,93.92%,0.061231,2026-09-14
AMZN,253.54,2026-09-18,4,Call,262.50,-3.53%,0.78,0.81,0.84,15643,5312,2.94,30.72%,33.88%,0.170994,2026-09-14
S,22.61,2026-09-18,4,Call,23.00,-1.72%,0.35,0.45,0.5,1683,575,2.93,51.74%,62.62%,0.412131,2026-09-14
ENTG,128.52,2026-09-18,4,Call,145.00,-12.82%,0.05,0.3,1,2969,1016,2.92,64.46%,86.32%,0.099202,2026-09-14
WMT,109.08,2026-09-25,11,Call,112.00,-2.68%,0.76,0.78,0.78,3406,1168,2.92,23.31%,24.19%,0.277956,2026-09-14
NVDA,210.96,2026-10-09,25,Call,210.00,+0.46%,8.1,8.28,8.3,950,327,2.91,33.57%,34.06%,0.547583,2026-09-14
HOOD,114.33,2026-09-18,4,Call,114.00,+0.29%,3.85,3.92,4,2477,852,2.91,63.99%,78.36%,0.532322,2026-09-14
IREN,43.17,2027-06-17,276,Put,40.00,-7.34%,10.15,10.2,10.7,3398,1168,2.91,81.96%,89.24%,-0.304554,2026-09-14
MU,924.03,2026-09-25,11,Put,600.00,-35.07%,0.04,0.1,0.25,501,173,2.9,58.66%,93.64%,-0.003043,2026-09-14
NVDA,210.96,2026-09-18,4,Put,245.00,+16.14%,32.25,32.8,34.2,779,269,2.9,33.57%,59.87%,-0.993929,2026-09-14
HOOD,114.33,2026-09-18,4,Call,124.00,-8.46%,0.92,0.93,0.98,898,310,2.9,63.99%,81.98%,0.184433,2026-09-14
AVGO,344.72,2026-09-18,4,Put,337.50,-2.09%,2.65,2.71,3,1788,616,2.9,36.32%,40.44%,-0.298818,2026-09-14
PL,16.2,2026-09-18,4,Call,17.00,-4.94%,0.2,0.25,0.25,625,216,2.89,68.41%,76.48%,0.288705,2026-09-14
GOOGL,349.39,2026-09-21,7,Call,350.00,-0.17%,5.1,5.22,5.45,678,235,2.89,29.84%,28.30%,0.496629,2026-09-14
NFLX,80.32,2026-09-18,4,Call,81.00,-0.85%,0.97,0.99,0.99,17054,5904,2.89,33.89%,37.95%,0.427639,2026-09-14
VKTX,31.53,2026-09-18,4,Put,30.00,-4.85%,0.65,0.7,0.73,2019,702,2.88,121.04%,102.81%,-0.301789,2026-09-14
MU,924.03,2026-09-18,4,Call,"1,035.00",-12.01%,1.16,1.18,1.28,612,213,2.87,58.66%,63.83%,0.04865,2026-09-14
MU,924.03,2026-09-16,2,Call,990.00,-7.14%,1.13,1.19,1.23,749,261,2.87,58.66%,60.76%,0.06597,2026-09-14
NOW,142.35,2026-09-18,4,Put,138.00,-3.06%,1.77,1.7,1.87,1178,410,2.87,53.19%,61.53%,-0.301713,2026-09-14
GOOGL,349.39,2026-09-21,7,Call,355.00,-1.61%,3.1,3.3,3.35,513,180,2.85,29.84%,28.29%,0.355467,2026-09-14
IREN,43.17,2026-09-18,4,Call,43.00,+0.39%,1.75,1.74,1.8,3865,1355,2.85,81.96%,93.42%,0.537174,2026-09-14
M,22.58,2026-09-18,4,Call,20.50,+9.21%,1.96,2.42,2.86,4422,1550,2.85,39.44%,118.16%,0.800287,2026-09-14
TSM,418.01,2026-10-16,32,Put,420.00,+0.48%,16.6,16.36,17.6,11123,3923,2.84,33.86%,33.55%,-0.491253,2026-09-14
MU,924.03,2026-09-18,4,Call,"1,025.00",-10.93%,1.47,1.54,1.56,876,308,2.84,58.66%,62.16%,0.059952,2026-09-14
GE,317.56,2026-10-16,32,Call,330.00,-3.92%,6.05,6.17,6.6,1104,389,2.84,29.84%,29.24%,0.355858,2026-09-14
INTC,97.19,2026-09-21,7,Call,100.00,-2.89%,2.04,2.14,2.19,637,225,2.83,60.75%,60.81%,0.386138,2026-09-14
SNOW,332.35,2026-11-20,67,Put,320.00,-3.72%,19.4,20.48,21.3,695,246,2.83,45.30%,48.44%,-0.377591,2026-09-14
GFL,42.61,2026-12-18,95,Call,40.00,+6.13%,5,5.23,5.5,1020,360,2.83,48.03%,42.62%,0.671076,2026-09-14
MRNA,146.69,2026-09-18,4,Call,149.00,-1.57%,4.15,4.2,4.35,530,188,2.82,72.85%,85.88%,0.45048,2026-09-14
COHR,266.5,2026-10-16,32,Call,320.00,-20.08%,6.3,7.08,7.8,1726,611,2.82,71.69%,72.63%,0.233238,2026-09-14
IBRX,8.37,2027-01-15,123,Call,9.00,-7.53%,1.6,1.75,2.05,5658,2006,2.82,86.53%,105.36%,0.582511,2026-09-14
SOUN,6.47,2026-09-18,4,Call,6.50,-0.46%,0.16,0.18,0.2,5836,2067,2.82,60.11%,71.44%,0.49236,2026-09-14
MU,924.03,2026-09-25,11,Call,930.00,-0.65%,31,31.77,32.8,619,220,2.81,58.66%,53.52%,0.495481,2026-09-14
CRWD,235.38,2026-09-18,4,Put,215.00,-8.66%,0.76,0.8,0.83,3314,1178,2.81,56.46%,68.73%,-0.096826,2026-09-14
BURL,232.24,2026-10-16,32,Put,310.00,+33.48%,75.8,76,79.2,2102,751,2.8,38.14%,48.19%,-0.991095,2026-09-14
DELL,534.28,2026-09-18,4,Call,555.00,-3.88%,7.1,7.5,7.8,502,180,2.79,60.73%,68.69%,0.312591,2026-09-14
SNAP,5.84,2027-04-16,214,Put,5.00,-14.38%,0.58,0.63,0.65,557,200,2.79,57.61%,62.74%,-0.273875,2026-09-14
BYND,10.31,2026-09-18,4,Call,11.00,-6.69%,0.19,0.25,0.26,623,223,2.79,97.47%,111.13%,0.310184,2026-09-14
TJX,125.99,2026-09-18,4,Put,140.00,+11.12%,13.5,13.4,14.2,636,228,2.79,22.59%,44.29%,-0.99048,2026-09-14
MRNA,146.69,2026-09-18,4,Put,155.00,+5.67%,10.3,10.9,10.55,883,316,2.79,72.85%,84.26%,-0.718397,2026-09-14
NVDA,210.96,2026-09-25,11,Put,197.50,-6.38%,1.04,1.05,1.08,1173,421,2.79,33.57%,37.59%,-0.145449,2026-09-14
AMD,493.41,2026-09-18,4,Call,487.50,+1.20%,14.7,15.27,15.45,1566,562,2.79,50.45%,57.50%,0.593649,2026-09-14
META,665.6,2026-09-18,4,Put,647.50,-2.72%,4.8,4.95,5.1,646,233,2.77,38.05%,43.56%,-0.262854,2026-09-14
FCX,69.34,2026-09-18,4,Call,72.00,-3.84%,0.51,0.62,0.65,1143,413,2.77,46.51%,52.75%,0.258243,2026-09-14
RKLB,62.55,2026-09-18,4,Call,62.00,+0.88%,2.1,2.2,2.25,588,213,2.76,68.31%,72.08%,0.563586,2026-09-14
NOW,142.35,2026-09-18,4,Put,142.00,-0.25%,3.35,3.37,3.5,670,243,2.76,53.19%,61.01%,-0.469891,2026-09-14
TSLA,358.97,2026-09-21,7,Call,375.00,-4.47%,2.43,2.46,2.5,1127,409,2.76,40.25%,39.46%,0.223753,2026-09-14
NTSK,17,2026-10-16,32,Call,20.00,-17.65%,0.55,0.6,0.7,2019,732,2.76,76.28%,78.53%,0.284761,2026-09-14
FSLY,24.86,2026-10-16,32,Put,20.00,-19.55%,0.35,0.57,0.65,2158,781,2.76,85.69%,80.11%,-0.147311,2026-09-14
MO,70.61,2026-09-25,11,Call,68.00,+3.70%,2.35,2.65,2.86,3319,1203,2.76,22.60%,15.43%,0.927907,2026-09-14
UPS,102.46,2026-09-18,4,Call,104.00,-1.50%,0.51,0.52,0.59,815,296,2.75,24.43%,27.15%,0.301574,2026-09-14
QCOM,180.15,2026-09-18,4,Call,182.50,-1.30%,3.15,3.36,3.4,3810,1387,2.75,47.26%,57.28%,0.427206,2026-09-14
JBLU,4.36,2027-03-19,186,Put,4.00,-8.26%,0.52,0.59,0.73,4002,1454,2.75,63.42%,70.40%,-0.325531,2026-09-14
ONDS,7.23,2026-11-20,67,Call,10.00,-38.31%,0.31,0.32,0.35,11434,4151,2.75,71.06%,85.72%,0.247918,2026-09-14
FTI,72.87,2027-01-15,123,Put,65.00,-10.80%,2,2.45,2.8,1009,368,2.74,34.42%,35.92%,-0.241581,2026-09-14
META,665.6,2028-01-21,494,Call,510.00,+23.38%,226.15,229.57,232.85,566,207,2.73,38.05%,45.41%,0.802835,2026-09-14
META,665.6,2026-09-16,2,Put,635.00,-4.60%,0.76,0.8,0.84,773,283,2.73,38.05%,45.52%,-0.07799,2026-09-14
SNDK,1551.99,2026-09-18,4,Call,"1,575.00",-1.48%,36,36.52,37.1,1137,417,2.73,69.00%,71.85%,0.43928,2026-09-14
GOOG,345.71,2026-09-18,4,Call,365.00,-5.58%,0.47,0.48,0.5,8197,3015,2.72,29.72%,36.49%,0.081872,2026-09-14
CVX,212.17,2026-10-09,25,Call,225.00,-6.05%,1.63,2.2,2.2,648,238,2.72,27.52%,27.94%,0.222081,2026-09-14
OR,35.52,2026-10-16,32,Call,45.00,-26.69%,0,0.12,0.25,706,260,2.72,49.48%,48.56%,0.059952,2026-09-14
NVDA,210.96,2026-09-25,11,Call,222.50,-5.47%,1.17,1.22,1.2,2248,826,2.72,33.57%,32.69%,0.185748,2026-09-14
WMT,109.08,2026-10-23,39,Call,110.00,-0.84%,3,3.09,3.25,586,216,2.71,23.31%,23.95%,0.487617,2026-09-14
MTRX,10,2027-02-19,158,Call,10.00,0.00%,1.4,1.45,1.45,1050,387,2.71,36.70%,51.76%,0.586756,2026-09-14
DELL,534.28,2026-09-18,4,Call,540.00,-1.07%,12.3,13,13,2553,942,2.71,60.73%,68.05%,0.45656,2026-09-14
NVDA,210.96,2026-09-18,4,Call,217.50,-3.10%,1.03,1.07,1.07,14347,5288,2.71,33.57%,37.24%,0.225172,2026-09-14
ORCL,144.79,2027-03-19,186,Call,160.00,-10.50%,18,18.1,18.3,5243,1945,2.7,49.83%,56.72%,0.492018,2026-09-14
TSLA,358.97,2026-09-16,2,Put,375.00,+4.47%,16.25,16.7,16.85,887,329,2.7,40.25%,45.57%,-0.899774,2026-09-14
TSLA,358.97,2026-09-18,4,Put,357.50,-0.41%,5.75,5.81,5.85,3577,1327,2.7,40.25%,43.91%,-0.452512,2026-09-14
IBRX,8.37,2027-03-19,186,Call,15.00,-79.21%,0.45,0.95,1.4,754,280,2.69,86.53%,99.53%,0.330925,2026-09-14
FPS,28.64,2026-10-16,32,Put,25.00,-12.71%,0.75,1.45,1.6,1484,551,2.69,97.42%,83.29%,-0.246386,2026-09-14
NVDA,210.96,2026-10-09,25,Put,185.00,-12.31%,0.93,0.89,0.98,1531,569,2.69,33.57%,39.57%,-0.090283,2026-09-14
NVDA,210.96,2026-09-21,7,Call,200.00,+5.20%,11.75,12.96,11.9,739,276,2.68,33.57%,36.28%,0.864082,2026-09-14
MDT,93.8,2026-10-02,18,Call,95.00,-1.28%,0.74,1.29,1.52,1518,567,2.68,27.31%,19.76%,0.396437,2026-09-14
SPCX,148.15,2026-09-18,4,Put,152.50,+2.94%,6.15,6.22,6.3,4961,1861,2.67,50.53%,58.70%,-0.668614,2026-09-14
BAC,59.47,2027-01-15,123,Put,55.00,-7.52%,1.64,1.66,1.68,53951,20243,2.67,26.35%,27.02%,-0.268964,2026-09-14
MSFT,505.41,2026-09-16,2,Put,480.00,-5.03%,0.09,0.1,0.12,635,238,2.67,25.08%,34.78%,-0.021567,2026-09-14
HL,18.82,2026-10-16,32,Call,20.00,-6.27%,0.9,0.98,1.01,2848,1068,2.67,61.69%,63.25%,0.415179,2026-09-14
INTC,97.19,2026-09-16,2,Put,101.00,+3.92%,4.4,4.45,4.55,647,243,2.66,60.75%,69.72%,-0.763464,2026-09-14
SGML,8.91,2026-10-16,32,Call,11.00,-23.46%,0.15,0.38,0.4,1007,379,2.66,90.48%,83.77%,0.238083,2026-09-14
FPS,28.64,2026-09-18,4,Put,27.50,-3.98%,1.65,1.7,1.9,2342,879,2.66,97.42%,196.99%,-0.381431,2026-09-14
SOFI,17.65,2026-11-20,67,Call,26.00,-47.31%,0.17,0.18,0.18,4890,1840,2.66,47.74%,60.63%,0.090931,2026-09-14
CG,41.82,2026-12-18,95,Put,35.00,-16.31%,1.05,1.15,1.5,523,197,2.65,41.11%,48.40%,-0.196379,2026-09-14
TSLA,358.97,2026-09-21,7,Put,330.00,-8.07%,0.68,0.73,0.72,693,262,2.65,40.25%,42.82%,-0.072199,2026-09-14
ENPH,36.66,2028-01-21,494,Put,55.00,+50.03%,22.8,23.96,25.15,1159,437,2.65,67.68%,72.11%,-0.525754,2026-09-14
WULF,15.47,2026-09-18,4,Call,16.50,-6.66%,0.22,0.24,0.24,2464,929,2.65,81.50%,93.25%,0.263552,2026-09-14
GE,317.56,2026-10-16,32,Call,360.00,-13.36%,0.9,1,1.15,2053,778,2.64,29.84%,29.20%,0.084357,2026-09-14
AAPL,333.08,2026-09-18,4,Put,332.50,-0.17%,3.4,3.55,3.55,5475,2080,2.63,24.74%,27.41%,-0.466011,2026-09-14
AEO,15.43,2027-01-15,123,Call,19.00,-23.14%,0.74,0.77,0.82,558,212,2.63,45.96%,53.04%,0.300371,2026-09-14
OKTA,186.45,2026-09-18,4,Put,180.00,-3.46%,2.34,2.55,2.67,690,262,2.63,57.91%,66.89%,-0.293635,2026-09-14
CRWD,235.38,2026-09-18,4,Call,247.50,-5.15%,2.44,2.55,2.62,1780,678,2.63,56.46%,68.95%,0.256535,2026-09-14
CRWV,82.98,2027-03-19,186,Call,135.00,-62.69%,7,7.65,7.3,3972,1508,2.63,74.52%,81.61%,0.305274,2026-09-14
CME,280.46,2026-09-18,4,Put,275.00,-1.95%,0.65,1.25,1.65,524,200,2.62,23.34%,27.36%,-0.239748,2026-09-14
AMD,493.41,2026-09-25,11,Put,460.00,-6.77%,5.3,5.4,5.55,1446,551,2.62,50.45%,52.61%,-0.204958,2026-09-14
SNDK,1551.99,2026-09-18,4,Call,"1,670.00",-7.60%,11.9,12.1,12.4,1131,433,2.61,69.00%,75.25%,0.187815,2026-09-14
MRVL,218.82,2026-09-25,11,Call,220.00,-0.54%,9.25,9.45,9.75,1659,635,2.61,65.50%,65.66%,0.507607,2026-09-14
IONQ,37.5,2026-09-18,4,Call,39.00,-4.00%,0.68,0.77,0.78,2498,958,2.61,71.47%,84.18%,0.345848,2026-09-14
AMZN,253.54,2026-11-20,67,Call,320.00,-26.21%,1.63,1.69,1.77,17823,6837,2.61,30.72%,37.80%,0.094359,2026-09-14
SNDK,1551.99,2026-09-25,11,Call,"1,550.00",+0.13%,72.5,75,75,523,201,2.6,69.00%,67.01%,0.531323,2026-09-14
TSLA,358.97,2026-10-16,32,Call,525.00,-46.25%,0.3,0.32,0.33,932,359,2.6,40.25%,56.77%,0.015462,2026-09-14
TSLA,358.97,2026-10-16,32,Call,495.00,-37.89%,0.47,0.5,0.5,1870,719,2.6,40.25%,52.42%,0.024333,2026-09-14
INTC,97.19,2026-09-18,4,Call,97.00,+0.20%,2.96,2.98,3.05,3441,1326,2.6,60.75%,71.36%,0.527126,2026-09-14
NVDA,210.96,2026-09-16,2,Put,222.50,+5.47%,11.45,11.65,12.6,1986,766,2.59,33.57%,59.04%,-0.884358,2026-09-14
MSFT,505.41,2026-09-16,2,Put,485.00,-4.04%,0.15,0.22,0.29,625,242,2.58,25.08%,32.86%,-0.043376,2026-09-14
PBF,70.4,2026-10-16,32,Put,55.00,-21.88%,0.85,1,1.1,640,248,2.58,74.66%,76.73%,-0.113423,2026-09-14
META,665.6,2026-09-18,4,Call,662.50,+0.47%,13.55,14.17,14.05,1000,387,2.58,38.05%,43.49%,0.553005,2026-09-14
PINS,19.69,2026-09-25,11,Call,19.50,+0.96%,0.54,0.74,0.78,1079,419,2.58,45.21%,40.40%,0.574928,2026-09-14
MSTR,136.94,2026-09-18,4,Call,152.50,-11.36%,1.06,1.12,1.14,1121,435,2.58,72.36%,97.09%,0.157641,2026-09-14
VRT,237.39,2026-09-18,4,Put,225.00,-5.22%,1.96,2.15,2.26,699,272,2.57,56.15%,67.76%,-0.212995,2026-09-14
ECHO,93.89,2026-12-18,95,Call,105.00,-11.83%,4,5.57,6.8,706,275,2.57,43.49%,47.87%,0.384031,2026-09-14
MRK,144.85,2026-10-16,32,Call,120.00,+17.16%,24.05,24.5,25.9,980,382,2.57,27.32%,26.81%,0.990338,2026-09-14
IONQ,37.5,2026-09-18,4,Call,38.50,-2.67%,0.83,0.88,0.95,1203,468,2.57,71.47%,83.51%,0.400204,2026-09-14
GME,21.62,2026-09-18,4,Call,23.50,-8.70%,0.1,0.11,0.11,2554,993,2.57,44.57%,70.18%,0.135019,2026-09-14
DOCN,120.21,2026-10-16,32,Call,150.00,-24.78%,2.95,2.98,3.4,506,198,2.56,81.43%,81.15%,0.215407,2026-09-14
INTC,97.19,2026-09-25,11,Put,94.00,-3.28%,2.63,2.71,2.8,793,310,2.56,60.75%,62.70%,-0.356252,2026-09-14
BMY,64.1,2027-03-19,186,Put,70.00,+9.20%,8.35,9.35,10.65,1501,587,2.56,27.36%,33.00%,-0.593586,2026-09-14
COIN,191.45,2026-09-18,4,Put,190.00,-0.76%,6.15,6.33,6.35,3660,1428,2.56,68.85%,87.71%,-0.447378,2026-09-14
NVDA,210.96,2026-09-18,4,Call,215.00,-1.92%,1.69,1.72,1.74,75787,29558,2.56,33.57%,37.44%,0.324292,2026-09-14
ORCL,144.79,2026-09-25,11,Call,145.00,-0.15%,4.95,5,5.15,896,352,2.55,49.83%,50.93%,0.513952,2026-09-14
FPS,28.64,2026-09-18,4,Call,27.50,+3.98%,2.8,2.9,3.2,952,374,2.55,97.42%,203.52%,0.617558,2026-09-14
NBIS,212.19,2026-09-18,4,Put,207.50,-2.21%,5.4,5.64,5.6,1075,422,2.55,81.42%,87.31%,-0.384396,2026-09-14
CRWV,82.98,2026-09-18,4,Put,79.00,-4.80%,1.14,1.2,1.2,1381,541,2.55,74.52%,80.38%,-0.264194,2026-09-14
ALAB,257.04,2026-09-18,4,Put,250.00,-2.74%,5.2,5.94,6.4,1793,704,2.55,73.70%,84.25%,-0.358352,2026-09-14
NVDA,210.96,2026-10-30,46,Call,230.00,-9.03%,3.75,3.88,4,2182,856,2.55,33.57%,33.90%,0.266105,2026-09-14
GS,988.45,2028-03-17,550,Call,"1,305.00",-32.02%,77,80.64,84.3,746,294,2.54,36.31%,34.70%,0.349971,2026-09-14
ZS,191.73,2026-10-16,32,Call,220.00,-14.74%,4.5,4.55,4.95,788,310,2.54,57.84%,60.03%,0.252489,2026-09-14
UBER,72.63,2028-01-21,494,Call,110.00,-51.45%,4.85,5.32,6.55,1843,726,2.54,35.10%,42.33%,0.313746,2026-09-14
BBAI,2.88,2026-10-09,25,Call,3.00,-4.17%,0.15,0.16,0.17,522,206,2.53,67.42%,69.10%,0.451613,2026-09-14
MRNA,146.69,2026-09-18,4,Call,147.00,-0.21%,5.05,5.2,5.2,655,259,2.53,72.85%,85.65%,0.51026,2026-09-14
AXTI,57.06,2028-01-21,494,Put,20.00,-64.95%,4.1,4.7,4.9,2265,894,2.53,106.83%,115.09%,-0.068803,2026-09-14
TSLA,358.97,2026-09-18,4,Call,362.50,-0.98%,5.2,5.24,5.3,5571,2206,2.53,40.25%,45.21%,0.430655,2026-09-14
HSAI,17.06,2026-10-16,32,Call,22.50,-31.89%,0.1,0.15,0.35,7051,2784,2.53,57.36%,74.78%,0.13036,2026-09-14
LYFT,15.9,2026-10-16,32,Call,17.00,-6.92%,0.42,0.45,0.46,3161,1255,2.52,45.04%,44.57%,0.338598,2026-09-14
DPZ,323.77,2027-01-15,123,Call,540.00,-66.79%,0.1,1.29,2.4,671,267,2.51,40.40%,46.18%,0.039213,2026-09-14
SNDK,1551.99,2026-09-18,4,Call,"1,690.00",-8.89%,9.3,9.47,9.8,749,298,2.51,69.00%,76.26%,0.15331,2026-09-14
MSTR,136.94,2026-09-25,11,Call,135.00,+1.42%,8,8,8.3,1546,615,2.51,72.36%,75.04%,0.572631,2026-09-14
CRWV,82.98,2026-09-25,11,Call,90.00,-8.46%,1.9,1.92,1.98,1634,650,2.51,74.52%,76.86%,0.296731,2026-09-14
NVDA,210.96,2026-09-25,11,Call,215.00,-1.92%,3.1,3.22,3.2,6701,2668,2.51,33.57%,32.75%,0.386419,2026-09-14
GILD,146.41,2026-09-18,4,Call,140.00,+4.38%,6.2,6.87,7.35,8660,3465,2.5,26.79%,37.24%,0.879178,2026-09-14
SNDK,1551.99,2026-09-18,4,Call,"1,640.00",-5.67%,17,17.82,17.7,902,361,2.5,69.00%,73.82%,0.251414,2026-09-14
INTC,97.19,2026-12-18,95,Call,97.50,-0.32%,12.9,13,13.2,1455,581,2.5,60.75%,65.18%,0.571763,2026-09-14
AAPL,333.08,2026-09-21,7,Call,335.00,-0.58%,3.4,3.4,3.75,1721,689,2.5,24.74%,23.72%,0.444594,2026-09-14
TTMI,113.22,2026-09-18,4,Call,120.00,-5.99%,1.3,2.2,3.8,1876,750,2.5,76.92%,107.77%,0.324317,2026-09-14
MRNA,146.69,2026-11-20,67,Put,140.00,-4.56%,16.5,16.97,18.25,1212,486,2.49,72.85%,86.14%,-0.372458,2026-09-14
AFRM,73.38,2026-10-16,32,Put,70.00,-4.61%,2.72,2.81,3,2044,820,2.49,52.22%,52.36%,-0.344952,2026-09-14
KPTI,1.6,2028-01-21,494,Put,0.5000,-68.75%,0.1,0.2,0.25,3267,1310,2.49,157.84%,148.38%,-0.059386,2026-09-14
HUT,91.13,2026-10-16,32,Call,125.00,-37.17%,1.69,2.15,2.18,523,211,2.48,94.56%,94.09%,0.162678,2026-09-14
FTNT,170.18,2026-10-16,32,Call,180.00,-5.77%,5.7,6,6.7,991,400,2.48,48.34%,49.25%,0.38607,2026-09-14
META,665.6,2026-09-18,4,Put,660.00,-0.84%,9,9,9.2,2316,932,2.48,38.05%,42.57%,-0.413424,2026-09-14
AAP,45.01,2026-12-18,95,Put,37.50,-16.69%,1.15,1.6,1.8,539,218,2.47,45.27%,51.11%,-0.198172,2026-09-14
SNDK,1551.99,2026-09-18,4,Put,"1,120.00",-27.83%,0.15,0.2,0.25,708,287,2.47,69.00%,117.54%,-0.003314,2026-09-14
NBIS,212.19,2026-11-20,67,Call,420.00,-97.94%,2.73,3.2,4.1,737,298,2.47,81.42%,102.34%,0.092999,2026-09-14
MGNI,23.84,2026-09-18,4,Call,24.00,-0.67%,0.4,0.55,0.65,940,380,2.47,56.80%,59.81%,0.472416,2026-09-14
CRCL,97.42,2026-09-18,4,Call,98.00,-0.60%,4.1,4.23,4.4,975,395,2.47,82.59%,110.74%,0.504062,2026-09-14
NOW,142.35,2026-10-02,18,Call,160.00,-12.40%,1.63,1.71,1.75,523,213,2.46,53.19%,54.78%,0.187989,2026-09-14
SYY,83.54,2026-09-18,4,Put,82.50,-1.24%,0.05,0.4,1,1502,611,2.46,22.42%,27.68%,-0.326185,2026-09-14
WMT,109.08,2026-09-18,4,Put,109.00,-0.07%,1.1,1.11,1.16,2642,1076,2.46,23.31%,26.00%,-0.480252,2026-09-14
TSLA,358.97,2026-09-18,4,Call,365.00,-1.68%,4.25,4.3,4.35,10758,4400,2.45,40.25%,45.29%,0.374728,2026-09-14
AEHR,83.37,2027-01-15,123,Put,70.00,-16.04%,11.3,11.69,13.4,768,314,2.45,116.60%,107.15%,-0.271473,2026-09-14
CRWV,82.98,2026-09-18,4,Call,86.00,-3.64%,1.64,1.65,1.69,945,385,2.45,74.52%,82.75%,0.357628,2026-09-14
MSFT,505.41,2026-09-16,2,Put,490.00,-3.05%,0.36,0.4,0.5,1172,479,2.45,25.08%,30.46%,-0.08208,2026-09-14
SNDK,1551.99,2026-09-18,4,Call,"1,625.00",-4.70%,20.3,20.55,21.1,1184,484,2.45,69.00%,73.22%,0.288992,2026-09-14
MSFT,505.41,2026-09-16,2,Call,495.00,+2.06%,11.3,13.06,12.4,674,276,2.44,25.08%,33.38%,0.805443,2026-09-14
NVDA,210.96,2026-10-02,18,Call,200.00,+5.20%,13.5,13.87,13.9,1192,489,2.44,33.57%,36.25%,0.764804,2026-09-14
COP,136.67,2026-12-18,95,Call,155.00,-13.41%,2.85,3.23,3.7,808,333,2.43,31.33%,32.81%,0.257442,2026-09-14
AMD,493.41,2026-09-16,2,Call,520.00,-5.39%,0.99,1.07,1.08,1103,454,2.43,50.45%,55.97%,0.107215,2026-09-14
NVDA,210.96,2026-10-23,39,Put,190.00,-9.94%,2.36,2.38,2.45,1806,743,2.43,33.57%,36.67%,-0.168776,2026-09-14
NVDA,210.96,2026-10-23,39,Call,225.00,-6.66%,4.15,4.29,4.3,5111,2107,2.43,33.57%,33.19%,0.305601,2026-09-14
DAL,79.8,2026-12-18,95,Put,72.50,-9.15%,2.86,3,3.1,5001,2066,2.42,43.17%,39.58%,-0.271648,2026-09-14
TSLA,358.97,2026-09-18,4,Call,360.00,-0.29%,6.3,6.35,6.35,18321,7573,2.42,40.25%,45.04%,0.488523,2026-09-14
CVX,212.17,2026-09-25,11,Call,230.00,-8.40%,0.15,0.29,0.36,647,267,2.42,27.52%,28.93%,0.057069,2026-09-14
NEE,81.63,2026-09-18,4,Put,90.00,+10.25%,7.25,7.27,8.55,686,284,2.42,22.00%,40.92%,-0.988728,2026-09-14
CRDO,150.09,2028-01-21,494,Put,60.00,-60.02%,6.5,6.3,7,739,305,2.42,68.37%,82.29%,-0.068748,2026-09-14
S,22.61,2026-10-16,32,Call,24.00,-6.15%,0.85,1,1,977,404,2.42,51.74%,54.29%,0.393354,2026-09-14
ROST,230.04,2026-10-16,32,Call,240.00,-4.33%,3.1,3.27,3.6,1012,419,2.42,25.20%,25.48%,0.311869,2026-09-14
RKLB,62.55,2026-10-23,39,Call,90.00,-43.88%,0.32,0.62,0.71,1034,427,2.42,68.31%,73.11%,0.082807,2026-09-14
ORCL,144.79,2026-09-18,4,Put,136.00,-6.07%,0.67,0.81,0.75,1161,479,2.42,49.83%,59.35%,-0.148501,2026-09-14
NFLX,80.32,2026-10-09,25,Put,70.00,-12.85%,0.19,0.18,0.21,1268,524,2.42,33.89%,35.44%,-0.060121,2026-09-14
AMAT,424.21,2027-02-19,158,Put,380.00,-10.42%,33,35.2,37.95,551,229,2.41,52.32%,54.40%,-0.301618,2026-09-14
SOUN,6.47,2026-09-25,11,Call,7.00,-8.19%,0.07,0.11,0.12,2594,1076,2.41,60.11%,60.69%,0.246889,2026-09-14
QUBT,7.97,2026-09-18,4,Call,8.00,-0.38%,0.19,0.22,0.2,4676,1951,2.4,58.79%,62.44%,0.492532,2026-09-14
SNDK,1551.99,2026-09-18,4,Call,"1,700.00",-9.54%,8.2,8.41,8.6,4748,1976,2.4,69.00%,76.60%,0.137652,2026-09-14
TSM,418.01,2026-10-09,25,Put,420.00,+0.48%,13.6,12.31,14.85,533,222,2.4,33.86%,31.09%,-0.499671,2026-09-14
GOOGL,349.39,2027-03-19,186,Put,165.00,-52.77%,0.2,0.29,0.45,853,355,2.4,29.84%,47.53%,-0.007482,2026-09-14
M,22.58,2026-09-25,11,Call,19.00,+15.85%,3.55,4.25,4.25,590,247,2.39,39.44%,102.24%,0.8553,2026-09-14
KLAR,14.25,2026-09-18,4,Call,14.50,-1.75%,0.15,0.2,0.25,1112,465,2.39,50.81%,51.12%,0.385579,2026-09-14
ARCC,19.8,2026-09-18,4,Call,19.00,+4.04%,0.7,0.75,0.85,4939,2068,2.39,12.71%,26.72%,0.937304,2026-09-14
XYL,107.49,2026-09-18,4,Call,110.00,-2.34%,0.4,0.8,1,5049,2125,2.38,25.51%,36.43%,0.280791,2026-09-14
BAC,59.47,2026-09-18,4,Put,58.00,-2.47%,0.22,0.23,0.24,6208,2606,2.38,26.35%,30.52%,-0.210449,2026-09-14
C,136.18,2026-09-18,4,Put,134.00,-1.60%,1,1.05,1.14,601,253,2.38,32.53%,35.11%,-0.321859,2026-09-14
META,665.6,2026-09-16,2,Put,652.50,-1.97%,3.35,3.49,3.6,658,277,2.38,38.05%,43.66%,-0.262289,2026-09-14
MU,924.03,2026-09-16,2,Call,"1,010.00",-9.30%,0.55,0.58,0.65,665,279,2.38,58.66%,65.14%,0.034635,2026-09-14
TBBB,51.45,2026-09-18,4,Call,50.00,+2.82%,1.7,1.87,1.95,1253,526,2.38,38.50%,42.82%,0.748288,2026-09-14
GME,21.62,2026-09-25,11,Call,21.50,+0.56%,0.68,0.8,0.8,1870,786,2.38,44.57%,46.14%,0.539125,2026-09-14
CVX,212.17,2026-09-18,4,Put,210.00,-1.02%,1.88,1.94,1.95,3069,1289,2.38,27.52%,32.60%,-0.374664,2026-09-14
MRNA,146.69,2026-09-18,4,Put,146.00,-0.47%,4.65,4.8,4.85,545,230,2.37,72.85%,83.69%,-0.459638,2026-09-14
AMD,493.41,2026-09-18,4,Call,492.50,+0.18%,12.2,12.6,12.8,569,240,2.37,50.45%,58.01%,0.526835,2026-09-14
CRWD,235.38,2026-10-16,32,Put,230.00,-2.29%,12.15,12.5,13.55,662,279,2.37,56.46%,57.21%,-0.406521,2026-09-14
GLW,143.6,2026-09-18,4,Call,152.50,-6.20%,1.18,1.3,1.38,877,370,2.37,59.58%,70.33%,0.218898,2026-09-14
INTC,97.19,2026-09-16,2,Put,99.00,+1.86%,2.99,3.04,3.1,970,410,2.37,60.75%,69.81%,-0.628856,2026-09-14
USAR,15.71,2026-09-18,4,Call,16.50,-5.03%,0.22,0.27,0.29,1195,505,2.37,80.35%,83.62%,0.304228,2026-09-14
NVDA,210.96,2026-09-25,11,Put,212.50,+0.73%,5.45,5.5,5.6,1448,610,2.37,33.57%,32.84%,-0.534441,2026-09-14
PANW,373.94,2026-09-18,4,Call,400.00,-6.97%,2.19,2.46,2.67,3849,1623,2.37,52.28%,66.71%,0.177687,2026-09-14
FISV,50.99,2027-03-19,186,Call,60.00,-17.67%,3.7,4,4.1,590,250,2.36,39.79%,45.91%,0.393329,2026-09-14
INTC,97.19,2026-10-09,25,Put,78.00,-19.74%,0.57,0.59,0.66,640,271,2.36,60.75%,63.67%,-0.078503,2026-09-14
CRWV,82.98,2026-09-18,4,Call,87.00,-4.84%,1.35,1.37,1.4,1204,511,2.36,74.52%,83.15%,0.310129,2026-09-14
GOOG,345.71,2026-09-18,4,Call,352.50,-1.96%,2.14,2.16,2.2,2603,1104,2.36,29.72%,32.79%,0.295039,2026-09-14
SOUN,6.47,2026-10-09,25,Call,7.50,-15.92%,0.11,0.12,0.16,544,231,2.35,60.11%,66.19%,0.226038,2026-09-14
SEDG,35.33,2027-01-15,123,Put,35.00,-0.93%,5.85,5.92,6.55,802,342,2.35,79.79%,81.64%,-0.391302,2026-09-14
DELL,534.28,2026-09-18,4,Put,535.00,+0.13%,14.6,15.58,16,851,362,2.35,60.73%,67.30%,-0.491968,2026-09-14
EOSE,3.82,2026-10-09,25,Call,4.50,-17.80%,0.2,0.24,0.24,898,382,2.35,99.96%,111.87%,0.342824,2026-09-14
S,22.61,2026-10-16,32,Call,23.00,-1.72%,1.05,1.35,1.35,902,384,2.35,51.74%,50.31%,0.492622,2026-09-14
META,665.6,2026-09-16,2,Call,652.50,+1.97%,16.3,17.25,17.3,1249,531,2.35,38.05%,44.34%,0.734877,2026-09-14
TSM,418.01,2026-09-18,4,Call,432.50,-3.47%,1.45,1.61,1.7,1701,725,2.35,33.86%,35.61%,0.187504,2026-09-14
GOOGL,349.39,2026-09-16,2,Call,345.00,+1.26%,6,6.24,6.3,10701,4560,2.35,29.84%,33.94%,0.69962,2026-09-14
ONON,27.47,2027-01-15,123,Put,27.50,+0.11%,2.77,2.85,3,8022,3435,2.34,42.60%,47.83%,-0.433687,2026-09-14
INTC,97.19,2026-09-25,11,Call,97.00,+0.20%,4.35,4.35,4.5,578,247,2.34,60.75%,63.77%,0.532401,2026-09-14
M,22.58,2026-09-18,4,Call,21.50,+4.78%,0.91,1.56,1.39,1110,475,2.34,39.44%,43.04%,0.866434,2026-09-14
ASTS,60,2028-01-21,494,Call,185.00,-208.33%,6.2,6.8,7.2,2505,1071,2.34,72.51%,85.24%,0.279517,2026-09-14
XFOR,3.62,2027-03-19,186,Call,7.50,-107.18%,0.1,0.15,0.7,702,301,2.33,460.08%,111.45%,0.311249,2026-09-14
GS,988.45,2026-09-18,4,Call,"1,040.00",-5.22%,2,2.11,2.38,747,320,2.33,36.31%,39.27%,0.112883,2026-09-14
AAPL,333.08,2026-10-02,18,Call,365.00,-9.58%,0.34,0.42,0.43,1000,429,2.33,24.74%,24.45%,0.051688,2026-09-14
SPCX,148.15,2026-09-25,11,Put,148.00,-0.10%,5.15,5.3,5.3,1274,546,2.33,50.53%,52.41%,-0.473638,2026-09-14
ORCL,144.79,2026-09-18,4,Put,141.00,-2.62%,1.86,1.96,1.94,1275,547,2.33,49.83%,58.38%,-0.319791,2026-09-14
AMD,493.41,2026-09-18,4,Put,467.50,-5.25%,2.9,3.04,3.15,1934,831,2.33,50.45%,58.50%,-0.179481,2026-09-14
AMZN,253.54,2026-09-18,4,Put,257.50,+1.56%,5.65,5.75,5.95,3065,1318,2.33,30.72%,33.09%,-0.663762,2026-09-14
TSLA,358.97,2026-09-18,4,Call,377.50,-5.16%,1.44,1.43,1.46,7585,3252,2.33,40.25%,46.82%,0.160033,2026-09-14
NVDA,210.96,2026-11-20,67,Call,230.00,-9.03%,7.1,7.1,7.2,74676,32205,2.32,33.57%,38.10%,0.340079,2026-09-14
SNAP,5.84,2026-10-09,25,Call,6.50,-11.30%,0.12,0.14,0.16,644,278,2.32,57.61%,58.84%,0.273503,2026-09-14
LULU,100.3,2027-01-15,123,Call,115.00,-14.66%,6.25,6.42,6.65,1004,433,2.32,40.98%,48.33%,0.381677,2026-09-14
CRWD,235.38,2027-06-17,276,Put,190.00,-19.28%,20.7,21.35,24.65,558,242,2.31,56.46%,60.27%,-0.237262,2026-09-14
NVDA,210.96,2026-10-02,18,Call,190.00,+9.94%,22.2,22.5,22.35,715,309,2.31,33.57%,40.22%,0.891155,2026-09-14
CRML,6.46,2026-09-18,4,Call,7.00,-8.36%,0.1,0.2,0.2,1313,569,2.31,101.18%,126.84%,0.296218,2026-09-14
HRL,20.96,2026-10-09,25,Put,21.00,+0.19%,0.3,0.5,1.8,1514,654,2.31,28.68%,46.60%,-0.484132,2026-09-14
ZS,191.73,2026-10-16,32,Call,200.00,-4.31%,9.8,10.04,10.35,2779,1205,2.31,57.84%,58.73%,0.445419,2026-09-14
PLTR,173.31,2026-09-18,4,Put,172.50,-0.47%,3.5,3.59,3.6,5283,2289,2.31,48.39%,55.00%,-0.453896,2026-09-14
SKHY,175.63,2026-09-18,4,Call,180.00,-2.49%,3.05,3.06,3.1,5927,2566,2.31,60.18%,66.41%,0.377091,2026-09-14
SOFI,17.65,2026-09-18,4,Call,17.50,+0.85%,0.48,0.48,0.49,16489,7172,2.3,47.74%,54.74%,0.57321,2026-09-14
CEG,264.57,2026-09-18,4,Call,295.00,-11.50%,0.1,0.25,0.3,550,239,2.3,42.18%,55.75%,0.033579,2026-09-14
WULF,15.47,2026-09-18,4,Call,15.50,-0.19%,0.55,0.55,0.59,698,304,2.3,81.50%,92.75%,0.503613,2026-09-14
IREN,43.17,2026-09-18,4,Call,43.50,-0.76%,1.51,1.54,1.56,1153,502,2.3,81.96%,93.26%,0.489977,2026-09-14
CRWV,82.98,2027-06-17,276,Call,80.00,+3.59%,24.75,25.45,25.1,733,320,2.29,74.52%,81.17%,0.67274,2026-09-14
AAPL,333.08,2026-09-18,4,Put,327.50,-1.68%,1.68,1.71,1.79,4596,2005,2.29,24.74%,28.60%,-0.277589,2026-09-14
CRWD,235.38,2026-09-18,4,Call,237.50,-0.90%,5.5,5.6,5.8,7369,3233,2.28,56.46%,67.01%,0.465294,2026-09-14
OKLO,36.21,2026-09-18,4,Call,38.50,-6.32%,0.4,0.48,0.5,547,240,2.28,72.12%,81.99%,0.252388,2026-09-14
RIOT,20.95,2026-11-20,67,Call,23.00,-9.79%,2.08,2.36,2.43,1005,440,2.28,82.36%,83.61%,0.475072,2026-09-14
UBER,72.63,2026-09-18,4,Call,71.00,+2.24%,2.14,2.2,2.27,1671,732,2.28,35.10%,39.95%,0.716774,2026-09-14
GOOG,345.71,2026-12-18,95,Put,350.00,+1.24%,23.4,23.7,24.45,3196,1401,2.28,29.72%,32.86%,-0.480667,2026-09-14
PATH,14.66,2026-10-02,18,Call,16.00,-9.14%,0.29,0.34,0.39,686,302,2.27,60.61%,61.80%,0.289196,2026-09-14
OSCR,33.81,2026-09-18,4,Put,33.00,-2.40%,0.74,0.82,1.16,1788,787,2.27,67.41%,94.71%,-0.383011,2026-09-14
CRWV,82.98,2026-09-18,4,Put,82.00,-1.18%,2.25,2.25,2.33,1806,796,2.27,74.52%,80.31%,-0.425707,2026-09-14
ONDS,7.23,2026-09-18,4,Call,7.50,-3.73%,0.12,0.13,0.14,10300,4566,2.26,71.06%,78.17%,0.343708,2026-09-14
SMR,8.51,2026-10-09,25,Call,8.50,+0.12%,0.63,0.69,0.69,591,261,2.26,75.22%,72.76%,0.545557,2026-09-14
AVGO,344.72,2026-09-25,11,Call,345.00,-0.08%,8.2,8.5,8.8,719,318,2.26,36.32%,35.58%,0.512561,2026-09-14
CBRS,181.21,2026-10-16,32,Call,280.00,-54.52%,0.75,0.92,1,787,348,2.26,71.25%,83.03%,0.051153,2026-09-14
CRWV,82.98,2026-09-18,4,Put,78.00,-6.00%,0.89,0.91,0.92,1828,808,2.26,74.52%,80.46%,-0.217338,2026-09-14
NVDA,210.96,2026-09-23,9,Call,235.00,-11.40%,0.13,0.14,0.16,1914,847,2.26,33.57%,36.18%,0.031614,2026-09-14
AAPL,333.08,2026-09-16,2,Put,317.50,-4.68%,0.16,0.19,0.22,2027,895,2.26,24.74%,39.13%,-0.047052,2026-09-14
AMD,493.41,2026-09-18,4,Put,482.50,-2.21%,6.7,6.85,7.05,596,265,2.25,50.45%,56.86%,-0.34046,2026-09-14
NOW,142.35,2026-09-18,4,Put,139.00,-2.35%,2.11,2,2.21,618,275,2.25,53.19%,61.44%,-0.341706,2026-09-14
CRM,259.43,2026-09-18,4,Call,262.50,-1.18%,4,4.25,4.25,1098,487,2.25,41.09%,50.38%,0.424396,2026-09-14
C,136.18,2026-09-18,4,Put,133.00,-2.34%,0.72,0.79,0.85,1823,810,2.25,32.53%,35.42%,-0.254338,2026-09-14
MSTR,136.94,2026-09-18,4,Put,129.00,-5.80%,1.76,1.78,1.83,2093,932,2.25,72.36%,85.79%,-0.237611,2026-09-14
HTZ,1.97,2026-09-25,11,Call,2.00,-1.52%,0.1,0.11,0.12,3204,1422,2.25,88.96%,89.92%,0.495297,2026-09-14
NOW,142.35,2026-09-25,11,Call,145.00,-1.86%,4.2,4.25,4.4,4731,2104,2.25,53.19%,54.88%,0.446498,2026-09-14
MU,924.03,2026-09-18,4,Call,950.00,-2.81%,11.95,12.2,12.25,5567,2479,2.25,58.66%,57.86%,0.33691,2026-09-14
GOOG,345.71,2026-09-18,4,Call,345.00,+0.21%,5.1,5.1,5.3,7930,3527,2.25,29.72%,33.08%,0.534799,2026-09-14
RIO,97.64,2026-09-18,4,Call,97.50,+0.14%,1.4,1.66,1.7,583,260,2.24,30.57%,37.05%,0.516612,2026-09-14
AMD,493.41,2026-09-16,2,Put,500.00,+1.34%,9.9,11.75,12.05,799,357,2.24,50.45%,49.53%,-0.632936,2026-09-14
DELL,534.28,2026-09-18,4,Put,485.00,-9.22%,1.56,1.63,1.87,935,418,2.24,60.73%,71.18%,-0.090068,2026-09-14
TSLA,358.97,2026-09-23,9,Call,400.00,-11.43%,0.65,0.76,0.68,640,287,2.23,40.25%,43.81%,0.063539,2026-09-14
MSTR,136.94,2026-09-25,11,Call,200.00,-46.05%,0.16,0.16,0.18,945,424,2.23,72.36%,101.77%,0.020228,2026-09-14
PDSB,0.3991,2027-02-19,158,Call,0.5000,-25.28%,0.1,0.15,0.3,1561,701,2.23,204.89%,228.98%,0.730608,2026-09-14
MPT,3.58,2027-09-17,368,Call,5.50,-53.63%,0.11,0.13,0.15,3088,1382,2.23,39.07%,44.14%,0.181139,2026-09-14
AAPL,333.08,2026-09-16,2,Call,345.00,-3.58%,0.16,0.17,0.17,6789,3047,2.23,24.74%,29.27%,0.054388,2026-09-14
COIN,191.45,2026-09-18,4,Call,200.00,-4.47%,3.95,4.03,4.15,15658,7050,2.22,68.85%,92.32%,0.344687,2026-09-14
CPRT,31.73,2026-12-18,95,Call,37.50,-18.18%,0.6,0.65,0.9,652,294,2.22,32.51%,37.33%,0.232813,2026-09-14
MCD,257.49,2026-11-20,67,Put,235.00,-8.73%,2.08,2.08,2.3,1084,488,2.22,21.38%,22.82%,-0.158371,2026-09-14
IREN,43.17,2026-09-18,4,Call,42.50,+1.55%,1.98,2.02,2.06,1595,720,2.22,81.96%,92.51%,0.584753,2026-09-14
NVO,43.45,2026-09-18,4,Call,44.50,-2.42%,0.25,0.27,0.29,678,307,2.21,34.53%,36.69%,0.26978,2026-09-14
SMR,8.51,2026-09-25,11,Call,9.00,-5.76%,0.27,0.28,0.29,906,410,2.21,75.22%,79.72%,0.371642,2026-09-14
TSLA,358.97,2026-09-21,7,Put,355.00,-1.11%,5.5,5.6,5.6,647,294,2.2,40.25%,37.83%,-0.401475,2026-09-14
META,665.6,2026-09-18,4,Put,790.00,+18.69%,122.35,126.25,127.05,650,296,2.2,38.05%,79.88%,-0.979358,2026-09-14
AMZN,253.54,2026-09-18,4,Call,252.50,+0.41%,4.1,4.2,4.3,3554,1617,2.2,30.72%,34.09%,0.557325,2026-09-14
SOFI,17.65,2026-10-30,46,Call,20.00,-13.31%,0.55,0.56,0.57,507,232,2.19,47.74%,53.18%,0.293536,2026-09-14
DVN,49.73,2026-09-18,4,Put,49.50,-0.46%,0.77,0.84,1,595,272,2.19,35.82%,48.19%,-0.4525,2026-09-14
DBX,37.31,2026-10-16,32,Call,39.00,-4.53%,0.8,0.9,1.05,768,351,2.19,31.06%,35.26%,0.366543,2026-09-14
AMZN,253.54,2026-09-21,7,Call,260.00,-2.55%,1.61,1.8,1.8,1639,747,2.19,30.72%,28.94%,0.277405,2026-09-14
SPCX,148.15,2026-09-25,11,Call,152.50,-2.94%,3.55,3.6,3.65,2275,1039,2.19,50.53%,52.28%,0.396864,2026-09-14
RXT,3.49,2026-10-16,32,Put,3.00,-14.04%,0.15,0.23,0.25,547,251,2.18,118.80%,105.39%,-0.257914,2026-09-14
AAPL,333.08,2026-10-30,46,Call,335.00,-0.58%,12.65,13.24,13.6,718,329,2.18,24.74%,28.35%,0.513991,2026-09-14
DOCN,120.21,2026-10-09,25,Put,110.00,-8.49%,5,7.37,6.8,1106,507,2.18,81.43%,85.99%,-0.302803,2026-09-14
NVTS,10.89,2026-09-18,4,Put,10.50,-3.58%,0.19,0.21,0.22,1123,516,2.18,82.83%,82.65%,-0.319605,2026-09-14
EVTL,0.5887,2027-04-16,214,Call,1.0000,-69.87%,0.1,0.1,0.15,1571,722,2.18,150.30%,122.61%,0.472032,2026-09-14
CG,41.82,2026-10-16,32,Put,37.50,-10.33%,0.45,0.61,0.7,1638,751,2.18,41.11%,43.97%,-0.182248,2026-09-14
EBAY,108.99,2026-10-16,32,Call,110.00,-0.93%,3.45,3.6,4.15,1794,823,2.18,30.98%,32.32%,0.489567,2026-09-14
KO,89.35,2026-10-16,32,Call,77.50,+13.26%,11.65,11.83,12.05,3878,1775,2.18,18.19%,16.42%,0.996484,2026-09-14
NVDA,210.96,2026-10-30,46,Call,250.00,-18.51%,1.13,1.13,1.26,806,372,2.17,33.57%,34.93%,0.101194,2026-09-14
AEO,15.43,2026-09-18,4,Put,16.00,+3.69%,0.6,0.64,0.73,1065,491,2.17,45.96%,45.40%,-0.769896,2026-09-14
META,665.6,2026-09-18,4,Put,665.00,-0.09%,11.25,11.51,11.65,1178,543,2.17,38.05%,42.67%,-0.48042,2026-09-14
NBIS,212.19,2026-09-18,4,Call,225.00,-6.04%,3.3,3.31,3.45,1556,716,2.17,81.42%,90.08%,0.284214,2026-09-14
M,22.58,2026-12-18,95,Put,25.00,+10.72%,3.2,3.59,3.7,501,232,2.16,39.44%,42.67%,-0.635667,2026-09-14
OSCR,33.81,2026-09-18,4,Put,32.00,-5.35%,0.49,0.55,0.66,553,256,2.16,67.41%,93.64%,-0.269628,2026-09-14
BAC,59.47,2026-09-25,11,Put,58.00,-2.47%,0.43,0.44,0.45,1197,553,2.16,26.35%,25.05%,-0.271493,2026-09-14
VLO,382.95,2026-09-18,4,Put,370.00,-3.38%,3.5,4.45,4.4,812,378,2.15,49.11%,57.32%,-0.271808,2026-09-14
ARM,239.01,2026-09-18,4,Put,225.00,-5.86%,2.36,2.33,2.46,1161,540,2.15,64.47%,76.67%,-0.212663,2026-09-14
CRWD,235.38,2026-09-18,4,Put,227.50,-3.35%,3.1,3.3,3.3,1169,544,2.15,56.46%,66.35%,-0.298038,2026-09-14
HOOD,114.33,2026-09-18,4,Put,108.00,-5.54%,1.26,1.27,1.33,2522,1173,2.15,63.99%,78.11%,-0.229077,2026-09-14
AMAT,424.21,2027-01-15,123,Call,480.00,-13.15%,33.6,35.03,36.7,552,258,2.14,52.32%,54.96%,0.422979,2026-09-14
RXRX,3.41,2026-10-23,39,Call,0.50,+85.34%,1.51,2.97,4.85,558,261,2.14,86.42%,766.79%,0.978354,2026-09-14
DLO,14.84,2026-10-16,32,Call,15.00,-1.08%,0.6,0.65,0.75,602,281,2.14,41.81%,43.29%,0.487235,2026-09-14
HUBS,250.61,2026-09-18,4,Call,260.00,-3.75%,3.1,4.5,5.3,744,347,2.14,65.58%,75.08%,0.335887,2026-09-14
NFLX,80.32,2026-10-02,18,Put,80.00,-0.40%,2.1,2.13,2.14,1074,502,2.14,33.89%,32.92%,-0.456173,2026-09-14
AMD,493.41,2026-09-18,4,Put,485.00,-1.70%,7.65,7.6,8,1101,515,2.14,50.45%,56.87%,-0.372879,2026-09-14
IBRX,8.37,2026-10-16,32,Call,11.00,-31.42%,0.05,0.17,0.25,1118,522,2.14,86.53%,81.15%,0.157782,2026-09-14
MU,924.03,2026-10-16,32,Call,910.00,+1.52%,71.65,77.05,75,1683,786,2.14,58.66%,59.73%,0.576496,2026-09-14
PANW,373.94,2026-09-18,4,Call,375.00,-0.28%,9.4,9.58,10.25,2002,934,2.14,52.28%,65.72%,0.499614,2026-09-14
CRCL,97.42,2026-09-18,4,Call,94.00,+3.51%,6.2,6.29,6.45,853,400,2.13,82.59%,109.70%,0.645099,2026-09-14
VRT,237.39,2026-10-16,32,Call,250.00,-5.31%,10.65,10.9,11.2,898,421,2.13,56.15%,56.28%,0.417445,2026-09-14
ORCL,144.79,2026-09-25,11,Put,123.00,-15.05%,0.2,0.27,0.31,1187,557,2.13,49.83%,56.39%,-0.042555,2026-09-14
CLOV,5.1,2026-11-20,67,Put,5.50,+7.84%,0.63,0.84,1.06,1239,583,2.13,60.69%,71.59%,-0.531318,2026-09-14
TSLA,358.97,2027-12-17,459,Put,35.00,-90.25%,0.14,0.17,0.28,1921,904,2.13,40.25%,85.74%,-0.001583,2026-09-14
PLUG,2.06,2026-10-16,32,Put,2.50,+21.36%,0.4,0.5,0.56,563,265,2.12,69.67%,70.53%,-0.794724,2026-09-14
SOC,4.82,2026-10-02,18,Put,4.00,-17.01%,0.02,0.1,0.21,1004,474,2.12,103.51%,102.82%,-0.174144,2026-09-14
META,665.6,2026-09-16,2,Call,662.50,+0.47%,9.5,10.15,10.55,1801,848,2.12,38.05%,42.41%,0.567563,2026-09-14
XOM,165.08,2026-09-18,4,Put,162.50,-1.56%,1.1,1.34,1.33,1952,922,2.12,30.65%,33.38%,-0.318588,2026-09-14
RXT,3.49,2027-01-15,123,Call,5.00,-43.27%,0.35,0.5,0.55,4493,2122,2.12,118.80%,106.53%,0.4008,2026-09-14
UBER,72.63,2026-09-18,4,Put,71.00,-2.24%,0.52,0.54,0.58,4867,2301,2.12,35.10%,40.04%,-0.284059,2026-09-14
GIS,36.47,2026-12-18,95,Call,47.50,-30.24%,0.2,0.27,0.3,6350,2997,2.12,39.62%,36.54%,0.085953,2026-09-14
GME,21.62,2026-09-18,4,Call,21.50,+0.56%,0.5,0.52,0.54,9473,4466,2.12,44.57%,51.24%,0.549623,2026-09-14
LULU,100.3,2026-09-18,4,Put,160.00,+59.52%,57.65,59,61.6,640,303,2.11,40.98%,170.72%,-0.996138,2026-09-14
RDDT,162.38,2026-09-18,4,Call,172.50,-6.23%,1.32,1.45,1.5,742,352,2.11,58.18%,69.74%,0.215844,2026-09-14
AMD,493.41,2026-09-25,11,Put,465.00,-5.76%,6.4,6.5,6.6,744,352,2.11,50.45%,51.95%,-0.237793,2026-09-14
GOOGL,349.39,2026-10-09,25,Call,355.00,-1.61%,8.4,8.7,9.05,867,411,2.11,29.84%,29.84%,0.44609,2026-09-14
PYPL,54.03,2026-10-02,18,Call,55.00,-1.80%,0.96,1.33,1.5,656,312,2.1,33.66%,34.02%,0.428024,2026-09-14
HPE,55.41,2026-09-18,4,Put,54.00,-2.54%,0.93,0.93,1.07,763,364,2.1,60.70%,70.64%,-0.348628,2026-09-14
VZ,51.29,2027-09-17,368,Call,60.00,-16.98%,1.49,1.9,2.22,1062,505,2.1,24.13%,24.15%,0.271889,2026-09-14
CLF,11.65,2026-09-18,4,Call,11.50,+1.29%,0.33,0.4,0.47,1349,641,2.1,59.10%,65.87%,0.588864,2026-09-14
COIN,191.45,2026-09-18,4,Put,175.00,-8.59%,1.4,1.45,1.49,5890,2802,2.1,68.85%,87.68%,-0.151804,2026-09-14
GOOG,345.71,2026-09-18,4,Call,355.00,-2.69%,1.56,1.61,1.65,6508,3120,2.09,29.72%,33.34%,0.232097,2026-09-14
CRWD,235.38,2026-09-25,11,Put,210.00,-10.78%,1.43,1.56,1.65,515,246,2.09,56.46%,59.62%,-0.122273,2026-09-14
NOK,9.65,2026-10-02,18,Put,9.50,-1.55%,0.41,0.45,0.45,561,268,2.09,59.46%,59.73%,-0.423883,2026-09-14
AMZN,253.54,2026-09-23,9,Call,265.00,-4.52%,1.1,1.22,1.34,608,291,2.09,30.72%,30.35%,0.188052,2026-09-14
AMD,493.41,2026-09-16,2,Call,535.00,-8.43%,0.23,0.27,0.28,661,317,2.09,50.45%,57.93%,0.031371,2026-09-14
NVDA,210.96,2026-09-21,7,Put,215.00,+1.92%,5.95,5.88,6.1,776,371,2.09,33.57%,31.76%,-0.655654,2026-09-14
NUAI,5.6,2026-10-16,32,Put,5.00,-10.71%,0.5,0.65,0.7,798,382,2.09,140.00%,140.81%,-0.313228,2026-09-14
UNH,383.55,2026-09-25,11,Put,370.00,-3.53%,2.38,2.43,2.72,840,402,2.09,33.75%,28.69%,-0.225386,2026-09-14
META,665.6,2026-09-16,2,Put,637.50,-4.22%,0.94,1,1.05,1172,560,2.09,38.05%,45.09%,-0.094383,2026-09-14
CRWD,235.38,2026-10-16,32,Call,270.00,-14.71%,5,5.25,5.45,1346,643,2.09,56.46%,57.34%,0.240625,2026-09-14
MSFT,505.41,2026-09-18,4,Call,497.50,+1.57%,10.75,11.2,11.7,2190,1049,2.09,25.08%,30.56%,0.698107,2026-09-14
B,42.43,2026-10-16,32,Call,48.00,-13.13%,0.44,0.61,0.64,4072,1951,2.09,41.88%,43.60%,0.18997,2026-09-14
B,42.43,2027-09-17,368,Put,40.00,-5.73%,5.35,5.56,6.15,801,385,2.08,41.88%,45.25%,-0.34304,2026-09-14
INTC,97.19,2026-09-21,7,Call,105.00,-8.04%,0.81,0.85,0.92,840,403,2.08,60.75%,61.57%,0.195707,2026-09-14
MO,70.61,2026-09-18,4,Call,72.00,-1.97%,0.08,0.1,0.11,890,427,2.08,22.60%,17.57%,0.143843,2026-09-14
HPE,55.41,2026-09-25,11,Put,53.00,-4.35%,1.15,1.31,1.41,1912,920,2.08,60.70%,61.33%,-0.316482,2026-09-14
SKHY,175.63,2026-09-18,4,Put,175.00,-0.36%,4.4,4.5,4.55,3488,1676,2.08,60.18%,65.76%,-0.463615,2026-09-14
TGB,7.84,2026-11-20,67,Call,8.00,-2.04%,0.8,0.85,0.95,661,319,2.07,70.75%,68.96%,0.540774,2026-09-14
HOOD,114.33,2026-09-18,4,Call,112.00,+2.04%,4.9,5,5.15,1340,648,2.07,63.99%,78.71%,0.616372,2026-09-14
CRWD,235.38,2026-09-18,4,Call,230.00,+2.29%,9.4,9.55,9.75,12645,6120,2.07,56.46%,66.66%,0.645049,2026-09-14
NVDA,210.96,2026-09-18,4,Put,192.50,-8.75%,0.19,0.19,0.21,4265,2067,2.06,33.57%,51.67%,-0.042194,2026-09-14
CRM,259.43,2026-09-18,4,Call,247.50,+4.60%,13.1,13.35,13.8,1028,500,2.06,41.09%,51.73%,0.816551,2026-09-14
RIOT,20.95,2026-11-20,67,Call,28.00,-33.65%,1.1,1.14,1.18,2007,976,2.06,82.36%,86.72%,0.282083,2026-09-14
PATH,14.66,2026-09-25,11,Call,15.00,-2.32%,0.45,0.52,0.54,2054,997,2.06,60.61%,62.76%,0.441984,2026-09-14
ORCL,144.79,2026-09-25,11,Call,150.00,-3.60%,2.98,3.1,3.4,2428,1181,2.06,49.83%,52.58%,0.368936,2026-09-14
NVDA,210.96,2026-10-30,46,Call,210.00,+0.46%,11.1,11.35,11.5,614,299,2.05,33.57%,34.90%,0.55206,2026-09-14
UPST,26.1,2026-09-18,4,Call,27.00,-3.45%,0.3,0.44,0.48,1124,547,2.05,60.69%,67.90%,0.331472,2026-09-14
PANW,373.94,2026-09-18,4,Call,410.00,-9.64%,1.07,1.38,1.42,1236,603,2.05,52.28%,67.19%,0.102385,2026-09-14
NOW,142.35,2026-09-25,11,Call,140.00,+1.65%,6.6,6.9,6.8,1346,655,2.05,53.19%,54.83%,0.592507,2026-09-14
META,665.6,2026-09-18,4,Call,705.00,-5.92%,1.72,1.78,1.85,6102,2971,2.05,38.05%,45.17%,0.118,2026-09-14
ZS,191.73,2026-09-18,4,Put,180.00,-6.12%,1.35,1.41,1.48,1530,749,2.04,57.84%,69.30%,-0.180999,2026-09-14
KMI,30.96,2026-09-18,4,Call,29.00,+6.33%,1.88,1.86,2.02,1658,812,2.04,25.00%,32.57%,0.9735,2026-09-14
COIN,191.45,2026-09-18,4,Call,195.00,-1.85%,5.55,5.59,5.75,4032,1981,2.04,68.85%,89.95%,0.442816,2026-09-14
ASTS,60,2026-09-18,4,Put,53.00,-11.67%,0.08,0.14,0.15,500,246,2.03,72.51%,76.22%,-0.054887,2026-09-14
OUST,33.46,2026-09-18,4,Call,37.00,-10.58%,0.05,0.29,0.6,503,248,2.03,81.91%,99.18%,0.180626,2026-09-14
C,136.18,2026-09-18,4,Call,134.00,+1.60%,3.1,4,3.8,841,414,2.03,32.53%,38.48%,0.66479,2026-09-14
META,665.6,2026-09-16,2,Call,657.50,+1.22%,12.35,13.3,13.75,890,439,2.03,38.05%,42.50%,0.65937,2026-09-14
OXY,61.78,2026-10-16,32,Put,62.50,+1.17%,2.51,2.84,2.86,932,458,2.03,33.67%,32.23%,-0.523502,2026-09-14
SOFI,17.65,2026-10-09,25,Call,20.50,-16.15%,0.15,0.15,0.16,1349,666,2.03,47.74%,49.32%,0.140938,2026-09-14
TSLA,358.97,2026-09-18,4,Put,362.50,+0.98%,8.4,8.49,8.55,2773,1368,2.03,40.25%,44.05%,-0.572496,2026-09-14
XYL,107.49,2026-09-18,4,Call,115.00,-6.99%,0.05,0.1,0.2,5003,2462,2.03,25.51%,41.40%,0.062823,2026-09-14
DELL,534.28,2026-09-18,4,Call,585.00,-9.49%,1.93,2.03,2.23,574,284,2.02,60.73%,69.39%,0.113601,2026-09-14
AAL,13.1,2026-10-09,25,Call,13.00,+0.76%,0.27,0.78,0.79,784,389,2.02,48.49%,34.99%,0.552222,2026-09-14
META,665.6,2027-12-17,459,Call,780.00,-17.19%,98.6,100,100.35,803,397,2.02,38.05%,43.45%,0.503872,2026-09-14
BAC,59.47,2026-09-25,11,Put,62.00,+4.25%,2.65,2.71,2.73,1042,517,2.02,26.35%,22.84%,-0.848873,2026-09-14
CRWD,235.38,2026-09-18,4,Call,227.50,+3.35%,10.95,11.33,11.4,2901,1434,2.02,56.46%,66.43%,0.702012,2026-09-14
TSLA,358.97,2026-09-16,2,Call,390.00,-8.64%,0.12,0.13,0.13,3012,1494,2.02,40.25%,55.42%,0.023006,2026-09-14
CDE,19.88,2026-09-18,4,Call,12.50,+37.12%,7.1,7.53,7.7,601,299,2.01,63.28%,201.08%,0.989536,2026-09-14
CRWV,82.98,2026-09-25,11,Put,84.00,+1.23%,4.7,4.49,4.85,696,347,2.01,74.52%,74.26%,-0.509466,2026-09-14
BMNR,25.76,2026-10-16,32,Call,31.00,-20.34%,0.88,1.02,1.04,1122,557,2.01,81.43%,84.59%,0.27363,2026-09-14
M,22.58,2026-10-16,32,Call,22.00,+2.57%,1.06,1.53,1.62,1719,855,2.01,39.44%,38.90%,0.611164,2026-09-14
CBRS,181.21,2026-09-18,4,Put,180.00,-0.67%,4.5,5.25,5.5,2727,1359,2.01,71.25%,74.46%,-0.448623,2026-09-14
BAM,46.63,2027-01-15,123,Put,35.00,-24.94%,0.35,0.5,0.55,505,253,2,31.68%,39.15%,-0.084118,2026-09-14
TSLA,358.97,2026-09-25,11,Put,362.50,+0.98%,11.55,11.71,11.8,541,271,2,40.25%,40.06%,-0.537538,2026-09-14
SNDK,1551.99,2026-10-16,32,Call,"1,800.00",-15.98%,46.6,51.7,52.4,911,456,2,69.00%,70.13%,0.276072,2026-09-14
D,64.46,2026-10-16,32,Put,65.00,+0.84%,1.25,1.51,1.85,926,463,2,19.61%,16.42%,-0.559084,2026-09-14
VEL,17.36,2026-09-18,4,Put,20.00,+15.21%,2,2.3,3.6,1000,500,2,72.55%,123.20%,-0.849179,2026-09-14
FAST,49.44,2026-10-16,32,Call,55.00,-11.25%,0.2,0.37,0.5,1936,969,2,33.10%,32.52%,0.148355,2026-09-14
BILL,49.67,2026-10-16,32,Put,42.50,-14.44%,0.55,0.81,1.05,2002,1000,2,54.70%,59.30%,-0.160539,2026-09-14
PLTR,173.31,2026-09-18,4,Call,180.00,-3.86%,1.61,1.64,1.64,40074,20040,2,48.39%,55.80%,0.27013,2026-09-14
LULU,100.3,2026-09-18,4,Call,102.00,-1.69%,1.19,1.3,1.4,677,340,1.99,40.98%,47.77%,0.380862,2026-09-14
AMZN,253.54,2026-09-21,7,Put,255.00,+0.58%,4.5,4.93,4.9,722,362,1.99,30.72%,28.58%,-0.544641,2026-09-14
GOOG,345.71,2026-09-18,4,Call,362.50,-4.86%,0.62,0.65,0.66,2228,1118,1.99,29.72%,35.45%,0.105746,2026-09-14
AMC,2.5,2026-10-09,25,Call,2.50,0.00%,0.19,0.2,0.22,608,307,1.98,75.76%,79.17%,0.538804,2026-09-14
AMZN,253.54,2026-09-16,2,Call,265.00,-4.52%,0.15,0.15,0.16,6069,3065,1.98,30.72%,36.64%,0.053815,2026-09-14
BAM,46.63,2027-01-15,123,Put,42.50,-8.86%,1.45,1.9,2.2,508,258,1.97,31.68%,34.15%,-0.283889,2026-09-14
MU,924.03,2026-09-18,4,Call,955.00,-3.35%,10.4,10.46,10.8,559,284,1.97,58.66%,57.86%,0.305863,2026-09-14
AEO,15.43,2026-09-18,4,Call,16.00,-3.69%,0.13,0.18,0.16,576,292,1.97,45.96%,54.93%,0.273707,2026-09-14
CRM,259.43,2026-09-18,4,Call,257.50,+0.74%,6.4,6.4,6.75,922,468,1.97,41.09%,51.07%,0.568432,2026-09-14
AMD,493.41,2026-09-18,4,Call,495.00,-0.32%,10.95,11.22,11.4,1036,526,1.97,50.45%,57.48%,0.493305,2026-09-14
CRWV,82.98,2027-06-17,276,Put,100.00,+20.51%,32,31.5,32.6,1438,730,1.97,74.52%,79.11%,-0.463604,2026-09-14
NFLX,80.32,2026-09-25,11,Call,84.00,-4.58%,0.64,0.64,0.66,1866,945,1.97,33.89%,34.09%,0.239187,2026-09-14
GME,21.62,2026-10-02,18,Call,22.00,-1.76%,0.7,0.77,0.79,2673,1356,1.97,44.57%,48.54%,0.451244,2026-09-14
NOW,142.35,2026-09-25,11,Call,160.00,-12.40%,0.82,0.88,0.9,552,282,1.96,53.19%,56.44%,0.128629,2026-09-14
CLX,89.31,2026-09-18,4,Call,90.00,-0.77%,0.9,1.15,1.35,994,507,1.96,32.25%,38.76%,0.430931,2026-09-14
QCOM,180.15,2026-09-25,11,Call,180.00,+0.08%,6.25,6.62,6.75,1544,789,1.96,47.26%,51.23%,0.523317,2026-09-14
SKHY,175.63,2026-09-25,11,Call,175.00,+0.36%,7.3,7.15,7.8,576,295,1.95,60.18%,58.80%,0.538623,2026-09-14
AMD,493.41,2026-09-18,4,Call,497.50,-0.83%,9.8,10.3,10.2,645,330,1.95,50.45%,57.27%,0.459728,2026-09-14
AMD,493.41,2026-09-16,2,Put,440.00,-10.82%,0.1,0.14,0.15,589,303,1.94,50.45%,70.95%,-0.013522,2026-09-14
HD,310.87,2026-09-18,4,Call,315.00,-1.33%,2.22,2.5,2.89,640,330,1.94,24.98%,32.91%,0.357913,2026-09-14
PANW,373.94,2026-09-18,4,Call,365.00,+2.39%,14.6,15,15.5,870,449,1.94,52.28%,63.85%,0.655953,2026-09-14
MDT,93.8,2026-10-16,32,Put,90.00,-4.05%,1.22,1.42,1.63,2204,1138,1.94,27.31%,27.32%,-0.287721,2026-09-14
VRT,237.39,2027-03-19,186,Put,230.00,-3.11%,33.35,33.89,34.55,517,268,1.93,56.15%,60.03%,-0.37432,2026-09-14
META,665.6,2026-09-18,4,Call,732.50,-10.05%,0.4,0.45,0.45,544,282,1.93,38.05%,48.72%,0.032516,2026-09-14
QBTS,16.83,2026-09-25,11,Put,16.00,-4.93%,0.41,0.4,0.46,580,300,1.93,72.62%,69.28%,-0.312599,2026-09-14
CRWV,82.98,2027-02-19,158,Put,60.00,-27.69%,5.35,5.47,5.6,731,378,1.93,74.52%,78.63%,-0.180721,2026-09-14
AMD,493.41,2026-09-18,4,Put,447.50,-9.30%,0.85,0.8,0.92,762,394,1.93,50.45%,62.20%,-0.061999,2026-09-14
AMD,493.41,2026-09-18,4,Put,457.50,-7.28%,1.57,1.63,1.7,1484,768,1.93,50.45%,59.91%,-0.107114,2026-09-14
IREN,43.17,2026-09-18,4,Call,51.00,-18.14%,0.11,0.12,0.13,2444,1266,1.93,81.96%,100.49%,0.063255,2026-09-14
OKLO,36.21,2026-09-18,4,Put,37.00,+2.18%,1.51,1.53,1.62,2494,1293,1.93,72.12%,74.23%,-0.592946,2026-09-14
LAES,2.32,2026-11-20,67,Call,2.50,-7.76%,0.18,0.19,0.2,501,261,1.92,66.34%,64.43%,0.456985,2026-09-14
TSLA,358.97,2026-09-16,2,Put,320.00,-10.86%,0.1,0.11,0.12,551,287,1.92,40.25%,73.09%,-0.015604,2026-09-14
BE,257.05,2026-09-25,11,Call,290.00,-12.82%,3.95,4.35,4.55,1205,627,1.92,78.31%,81.28%,0.218687,2026-09-14
GOOG,345.71,2026-09-18,4,Call,347.50,-0.52%,3.85,3.93,4.05,2964,1545,1.92,29.72%,32.72%,0.451086,2026-09-14
CIFR,15.64,2026-09-18,4,Call,18.00,-15.09%,0.18,0.19,0.2,22856,11888,1.92,102.09%,132.76%,0.173272,2026-09-14
UEC,10.26,2026-11-20,67,Call,15.00,-46.20%,0.19,0.27,0.27,8002,4188,1.91,68.33%,74.11%,0.154808,2026-09-14
GLXY,24.13,2026-09-18,4,Call,26.00,-7.75%,0.32,0.35,0.45,543,284,1.91,84.77%,102.03%,0.260495,2026-09-14
SWKS,79.26,2026-09-18,4,Put,85.00,+7.24%,5.7,5.8,6.7,804,422,1.91,53.62%,66.04%,-0.835464,2026-09-14
LITE,835.03,2026-09-18,4,Call,950.00,-13.77%,2.5,2.64,2.75,1076,564,1.91,72.00%,84.98%,0.080599,2026-09-14
RBRK,100.2,2026-09-18,4,Call,105.00,-4.79%,1,1.1,1.45,1464,766,1.91,60.76%,70.71%,0.27764,2026-09-14
TSLA,358.97,2026-09-18,4,Put,367.50,+2.38%,11.7,11.75,11.8,1953,1025,1.91,40.25%,44.36%,-0.683355,2026-09-14
GOOGL,349.39,2026-09-18,4,Call,357.50,-2.32%,1.91,1.98,2.11,2093,1098,1.91,29.84%,34.04%,0.268995,2026-09-14
AI,11.17,2027-01-15,123,Put,7.50,-32.86%,0.27,0.33,0.33,2803,1469,1.91,59.15%,70.11%,-0.113048,2026-09-14
META,665.6,2026-09-25,11,Call,680.00,-2.16%,12.15,11.9,12.65,1165,612,1.9,38.05%,39.64%,0.396559,2026-09-14
FPS,28.64,2026-11-20,67,Call,40.00,-39.66%,0.65,1.4,1.7,1197,630,1.9,97.42%,83.69%,0.231615,2026-09-14
META,665.6,2026-09-16,2,Call,655.00,+1.59%,14.55,15.6,15.65,1451,762,1.9,38.05%,44.69%,0.694062,2026-09-14
TSM,418.01,2026-09-18,4,Call,425.00,-1.67%,3.05,3.6,3.6,1549,816,1.9,33.86%,34.97%,0.335022,2026-09-14
GS,988.45,2026-09-18,4,Put,930.00,-5.91%,1.3,2,2.35,574,303,1.89,36.31%,43.57%,-0.08637,2026-09-14
NVDA,210.96,2026-09-18,4,Put,280.00,+32.73%,68.85,67.93,70.7,754,400,1.89,33.57%,161.62%,-0.944337,2026-09-14
LITE,835.03,2026-09-18,4,Call,900.00,-7.78%,7.8,8,8.5,1137,601,1.89,72.00%,82.95%,0.207548,2026-09-14
TSLA,358.97,2026-10-16,32,Call,530.00,-47.64%,0.28,0.3,0.31,1147,607,1.89,40.25%,57.46%,0.014424,2026-09-14
CRWV,82.98,2026-09-18,4,Call,89.00,-7.25%,0.91,0.94,0.95,1565,830,1.89,74.52%,84.36%,0.228274,2026-09-14
AUPH,16.41,2027-01-15,123,Call,20.00,-21.88%,0.85,0.95,1,2733,1446,1.89,44.96%,52.95%,0.327125,2026-09-14
COIN,191.45,2026-09-18,4,Call,197.50,-3.16%,4.65,4.75,4.9,716,381,1.88,68.85%,90.92%,0.3916,2026-09-14
SLDE,26.23,2027-01-15,123,Call,25.00,+4.69%,3,3.21,3.3,771,410,1.88,35.67%,38.96%,0.64909,2026-09-14
HIMS,28.81,2026-09-18,4,Call,31.50,-9.34%,0.18,0.22,0.22,893,476,1.88,66.39%,81.83%,0.159957,2026-09-14
IBM,249.09,2026-09-25,11,Call,250.00,-0.37%,5.65,5.75,6,1351,717,1.88,33.48%,36.12%,0.490731,2026-09-14
CRWV,82.98,2026-09-25,11,Put,80.00,-3.59%,2.76,2.8,2.82,2868,1527,1.88,74.52%,73.46%,-0.360249,2026-09-14
NET,330.36,2026-09-18,4,Call,350.00,-5.95%,2.75,3.1,3.1,2920,1554,1.88,57.55%,68.45%,0.222228,2026-09-14
BAC,59.47,2026-09-18,4,Put,61.00,+2.57%,1.67,1.66,1.75,6021,3200,1.88,26.35%,27.97%,-0.802405,2026-09-14
MSFT,505.41,2026-09-18,4,Put,500.00,-1.07%,3.25,3.25,3.45,6549,3478,1.88,25.08%,27.16%,-0.343702,2026-09-14
GOOGL,349.39,2026-09-18,4,Call,342.50,+1.97%,9.1,9.18,9.35,6447,3451,1.87,29.84%,34.24%,0.720383,2026-09-14
GME,21.62,2026-10-30,46,Call,35.00,-61.89%,0.27,0.32,0.32,545,291,1.87,44.57%,94.10%,0.098515,2026-09-14
FLY,21.36,2026-09-18,4,Call,22.50,-5.34%,0.3,0.41,0.55,676,362,1.87,82.45%,95.83%,0.321239,2026-09-14
NEE,81.63,2026-09-18,4,Put,92.50,+13.32%,9.75,9.76,11.05,923,493,1.87,22.00%,50.83%,-0.990517,2026-09-14
NVDA,210.96,2026-09-25,11,Put,207.50,-1.64%,3.25,3.15,3.35,1108,593,1.87,33.57%,33.87%,-0.372868,2026-09-14
IREN,43.17,2026-09-18,4,Call,44.50,-3.08%,1.11,1.13,1.15,1562,837,1.87,81.96%,93.28%,0.398247,2026-09-14
PLTR,173.31,2026-09-25,11,Call,172.50,+0.47%,6.4,6.55,6.6,1581,845,1.87,48.39%,50.05%,0.54378,2026-09-14
OKLO,36.21,2026-12-18,95,Put,35.00,-3.34%,4.55,4.74,4.9,2451,1320,1.86,72.12%,75.97%,-0.381886,2026-09-14
S,22.61,2026-12-18,95,Call,25.00,-10.57%,1.9,1.95,2.05,6737,3650,1.85,51.74%,60.90%,0.44597,2026-09-14
SOFI,17.65,2026-09-18,4,Call,18.50,-4.82%,0.12,0.12,0.13,19549,10546,1.85,47.74%,55.40%,0.219095,2026-09-14
IREN,43.17,2026-09-18,4,Put,41.50,-3.87%,0.9,0.89,0.96,918,497,1.85,81.96%,92.62%,-0.323116,2026-09-14
AMD,493.41,2026-09-18,4,Call,485.00,+1.70%,16.15,16.65,17.4,1086,588,1.85,50.45%,58.69%,0.624401,2026-09-14
AVGO,344.72,2026-09-18,4,Put,347.50,+0.81%,6.05,7.01,7.4,1317,712,1.85,36.32%,36.50%,-0.573331,2026-09-14
MRVL,218.82,2026-09-18,4,Call,222.50,-1.68%,4.9,5.2,5.15,1581,854,1.85,65.50%,72.40%,0.42971,2026-09-14
INTC,97.19,2026-09-18,4,Put,92.00,-5.34%,0.94,0.97,0.98,2551,1381,1.85,60.75%,71.89%,-0.220355,2026-09-14
BABA,109.23,2026-09-25,11,Call,116.00,-6.20%,1.26,1.32,1.37,505,274,1.84,41.43%,48.43%,0.250056,2026-09-14
STWD,15.44,2028-01-21,494,Put,15.00,-2.85%,1.7,2.01,2.35,696,379,1.84,23.50%,23.01%,-0.475998,2026-09-14
AFRM,73.38,2026-09-18,4,Call,74.00,-0.84%,1.45,1.58,1.66,833,453,1.84,52.22%,59.66%,0.461303,2026-09-14
OKTA,186.45,2026-09-18,4,Call,190.00,-1.90%,3.7,4,4.15,964,525,1.84,57.91%,69.85%,0.414502,2026-09-14
ASST,29.03,2026-09-18,4,Put,28.00,-3.55%,0.53,0.62,0.67,1013,550,1.84,77.01%,87.24%,-0.32814,2026-09-14
VET,13.29,2026-11-20,67,Put,12.50,-5.94%,0.6,0.66,0.7,1213,660,1.84,51.49%,45.72%,-0.336882,2026-09-14
META,665.6,2026-09-18,4,Call,675.00,-1.41%,7.9,8.1,8.2,6521,3566,1.83,38.05%,43.17%,0.389816,2026-09-14
CMG,37.03,2026-10-16,32,Call,40.00,-8.02%,0.57,0.59,0.59,7757,4249,1.83,35.82%,35.68%,0.258888,2026-09-14
META,665.6,2026-09-16,2,Put,625.00,-6.10%,0.3,0.35,0.36,609,332,1.83,38.05%,47.55%,-0.035106,2026-09-14
TSLA,358.97,2026-09-25,11,Put,365.00,+1.68%,13.05,13.12,13.3,2360,1287,1.83,40.25%,40.22%,-0.576333,2026-09-14
ZS,191.73,2026-09-18,4,Call,190.00,+0.90%,6.4,6.5,6.65,2917,1594,1.83,57.84%,69.98%,0.565844,2026-09-14
CRWD,235.38,2026-09-18,4,Call,255.00,-8.34%,1.22,1.33,1.34,4791,2633,1.82,56.46%,70.30%,0.147831,2026-09-14
GME,21.62,2026-09-18,4,Call,22.50,-4.07%,0.19,0.21,0.21,5443,2995,1.82,44.57%,57.50%,0.261598,2026-09-14
SPCX,148.15,2026-09-18,4,Put,143.00,-3.48%,1.59,1.62,1.61,6430,3554,1.81,50.53%,59.61%,-0.272957,2026-09-14
DELL,534.28,2026-09-18,4,Call,575.00,-7.62%,3.05,3.2,3.6,568,313,1.81,60.73%,69.48%,0.166324,2026-09-14
AMZN,253.54,2026-09-21,7,Call,255.00,-0.58%,3.4,3.5,3.6,1034,572,1.81,30.72%,29.27%,0.458485,2026-09-14
ET,21.49,2027-01-15,123,Put,21.00,-2.28%,0.74,0.77,0.98,1044,576,1.81,18.25%,20.96%,-0.416756,2026-09-14
QCOM,180.15,2026-09-18,4,Call,177.50,+1.47%,5.65,5.9,6.05,1089,603,1.81,47.26%,58.68%,0.608161,2026-09-14
BIDU,91.9,2026-11-20,67,Call,95.00,-3.37%,5.5,6.47,6.8,1095,604,1.81,42.32%,46.02%,0.485967,2026-09-14
AAOI,95.76,2026-09-18,4,Call,115.00,-20.09%,0.25,0.3,0.35,1791,990,1.81,84.60%,110.82%,0.064669,2026-09-14
SLB,53.32,2027-01-15,123,Call,70.00,-31.28%,0.68,0.8,0.88,3234,1788,1.81,36.02%,38.70%,0.140267,2026-09-14
CRWV,82.98,2026-09-25,11,Call,98.00,-18.10%,0.73,0.77,0.77,3316,1832,1.81,74.52%,81.11%,0.134914,2026-09-14
AVGO,344.72,2026-09-18,4,Put,335.00,-2.82%,2,2.14,2.27,3602,1990,1.81,36.32%,40.60%,-0.241691,2026-09-14
AMZN,253.54,2026-10-23,39,Call,270.00,-6.49%,4.45,4.6,4.75,796,441,1.8,30.72%,31.02%,0.297829,2026-09-14
NVDA,210.96,2026-09-21,7,Put,200.00,-5.20%,0.71,0.76,0.76,2661,1481,1.8,33.57%,36.10%,-0.134951,2026-09-14
CRWD,235.38,2026-09-18,4,Call,242.50,-3.02%,3.7,3.71,3.95,3122,1734,1.8,56.46%,67.82%,0.352464,2026-09-14
TOST,33.29,2026-09-18,4,Call,35.00,-5.14%,0.12,0.15,0.16,4944,2754,1.8,42.92%,47.32%,0.163924,2026-09-14
LOW,198.17,2026-09-18,4,Call,205.00,-3.45%,0.55,0.86,0.95,501,280,1.79,27.61%,35.66%,0.187926,2026-09-14
JXN,138.78,2026-10-16,32,Put,130.00,-6.33%,2.15,2.6,2.95,811,452,1.79,32.59%,37.72%,-0.257718,2026-09-14
MCD,257.49,2026-09-18,4,Put,252.50,-1.94%,0.61,0.67,0.7,953,532,1.79,21.38%,22.18%,-0.195396,2026-09-14
ORCL,144.79,2026-10-30,46,Call,160.00,-10.50%,5.2,5.25,5.45,1323,739,1.79,49.83%,52.06%,0.332222,2026-09-14
JOBY,6.3,2028-01-21,494,Put,20.00,+217.46%,13.6,13.67,13.8,1630,913,1.79,62.75%,0.00%,-1.,2026-09-14
HIMS,28.81,2026-09-25,11,Call,30.00,-4.13%,0.86,0.94,0.98,1996,1118,1.79,66.39%,70.04%,0.396219,2026-09-14
M,22.58,2026-09-18,4,Call,23.00,-1.86%,0.22,0.25,0.24,2181,1221,1.79,39.44%,42.63%,0.348161,2026-09-14
TSLA,358.97,2026-09-16,2,Call,392.50,-9.34%,0.09,0.1,0.1,651,366,1.78,40.25%,56.63%,0.017682,2026-09-14
NOW,142.35,2026-09-18,4,Call,138.00,+3.06%,6.1,6.1,6.3,787,441,1.78,53.19%,61.08%,0.699732,2026-09-14
APLD,24.58,2026-11-20,67,Call,25.00,-1.71%,3.5,3.55,3.6,834,469,1.78,89.19%,87.52%,0.563733,2026-09-14
SMCI,36.74,2026-09-18,4,Put,35.50,-3.38%,0.62,0.63,0.65,934,526,1.78,69.40%,76.60%,-0.318251,2026-09-14
NEE,81.63,2026-10-02,18,Put,80.00,-2.00%,0.74,0.8,0.87,970,546,1.78,22.00%,20.80%,-0.320345,2026-09-14
NVDA,210.96,2026-09-25,11,Call,227.50,-7.84%,0.57,0.59,0.61,1751,983,1.78,33.57%,33.31%,0.103798,2026-09-14
CRWD,235.38,2026-09-18,4,Put,225.00,-4.41%,2.41,2.44,2.51,3142,1769,1.78,56.46%,66.30%,-0.245213,2026-09-14
NVDA,210.96,2026-09-18,4,Put,207.50,-1.64%,1.92,1.92,1.96,13561,7635,1.78,33.57%,39.12%,-0.332981,2026-09-14
SPCX,148.15,2026-09-25,11,Put,140.00,-5.50%,2.18,2.22,2.25,4612,2612,1.77,50.53%,53.91%,-0.254068,2026-09-14
TSLA,358.97,2026-09-18,4,Put,355.00,-1.11%,4.65,4.75,4.75,7366,4158,1.77,40.25%,43.92%,-0.392733,2026-09-14
BZAI,0.5768,2027-02-19,158,Call,0.5000,+13.31%,0.2,0.23,0.25,587,332,1.77,193.95%,132.16%,0.731799,2026-09-14
JPM,350.13,2026-09-18,4,Put,347.50,-0.75%,2.71,2.88,3.1,600,339,1.77,25.83%,28.24%,-0.391253,2026-09-14
CRCL,97.42,2026-09-18,4,Put,93.00,-4.54%,2.38,2.47,2.5,607,343,1.77,82.59%,108.37%,-0.319502,2026-09-14
MU,924.03,2026-09-25,11,Call,980.00,-6.06%,14.05,14.5,14.75,686,387,1.77,58.66%,53.55%,0.282756,2026-09-14
NOW,142.35,2026-09-18,4,Put,137.00,-3.76%,1.48,1.59,1.57,752,426,1.77,53.19%,61.72%,-0.264123,2026-09-14
CVX,212.17,2026-09-18,4,Put,207.50,-2.20%,1.16,1.35,1.25,843,476,1.77,27.52%,33.98%,-0.259579,2026-09-14
STX,805.55,2026-09-18,4,Put,600.00,-25.52%,0.05,0.12,0.3,1216,686,1.77,66.88%,113.49%,-0.005522,2026-09-14
FOUR,45.32,2026-10-16,32,Put,35.00,-22.77%,0.3,0.32,0.35,2040,1150,1.77,59.60%,65.98%,-0.075552,2026-09-14
AVGO,344.72,2026-09-18,4,Put,342.50,-0.64%,4.3,4.65,4.8,632,359,1.76,36.32%,39.26%,-0.426924,2026-09-14
TSLA,358.97,2026-09-25,11,Put,255.00,-28.96%,0.12,0.14,0.15,667,380,1.76,40.25%,83.74%,-0.007511,2026-09-14
UUUU,12.34,2026-09-18,4,Call,13.00,-5.35%,0.15,0.17,0.2,870,494,1.76,70.09%,80.28%,0.283212,2026-09-14
INTC,97.19,2026-09-18,4,Put,96.00,-1.22%,2.24,2.28,2.3,1917,1087,1.76,60.75%,70.38%,-0.417615,2026-09-14
RCAT,7.8,2026-09-18,4,Put,7.50,-3.85%,0.16,0.2,0.2,2620,1485,1.76,82.10%,96.47%,-0.329127,2026-09-14
SPCX,148.15,2026-11-20,67,Call,180.00,-21.50%,4.6,4.72,4.75,4440,2529,1.76,50.53%,55.32%,0.249984,2026-09-14
MSTR,136.94,2026-09-18,4,Call,155.00,-13.19%,0.86,0.86,0.89,5220,2974,1.76,72.36%,99.46%,0.128398,2026-09-14
UPST,26.1,2026-09-18,4,Call,29.00,-11.11%,0.08,0.1,0.09,679,389,1.75,60.69%,73.74%,0.093213,2026-09-14
CBRS,181.21,2026-10-16,32,Call,210.00,-15.89%,6.1,6.6,6.9,806,460,1.75,71.25%,73.89%,0.291245,2026-09-14
DELL,534.28,2026-09-18,4,Put,515.00,-3.61%,6.9,7.2,7.4,809,462,1.75,60.73%,68.02%,-0.289069,2026-09-14
ZS,191.73,2026-10-16,32,Call,190.00,+0.90%,13.8,14.1,15.15,1038,592,1.75,57.84%,59.03%,0.562719,2026-09-14
DVN,49.73,2026-10-16,32,Call,40.00,+19.57%,9.4,9.95,10.35,1256,718,1.75,35.82%,45.07%,0.95392,2026-09-14
MSFT,505.41,2026-09-25,11,Put,500.00,-1.07%,5.6,6.1,6.2,1539,879,1.75,25.08%,24.39%,-0.384915,2026-09-14
SPCX,148.15,2026-09-18,4,Put,230.00,+55.25%,79.45,79.1,82.95,2850,1633,1.75,50.53%,159.00%,-0.99655,2026-09-14
BILI,15.74,2027-01-15,123,Call,23.00,-46.12%,0.38,0.38,0.56,1021,586,1.74,41.94%,59.11%,0.185116,2026-09-14
WMT,109.08,2026-09-18,4,Call,114.00,-4.51%,0.1,0.12,0.11,1281,735,1.74,23.31%,28.52%,0.073136,2026-09-14
BE,257.05,2026-09-18,4,Call,295.00,-14.76%,0.78,0.89,0.98,1852,1064,1.74,78.31%,91.07%,0.081874,2026-09-14
INTC,97.19,2026-09-18,4,Put,97.00,-0.20%,2.7,2.73,2.77,2677,1538,1.74,60.75%,70.15%,-0.473205,2026-09-14
CLOV,5.1,2026-09-18,4,Call,5.00,+1.96%,0.18,0.19,0.2,4064,2329,1.74,60.69%,63.01%,0.632805,2026-09-14
MRNA,146.69,2026-09-18,4,Call,152.50,-3.96%,2.92,2.99,3.05,812,469,1.73,72.85%,86.14%,0.351481,2026-09-14
ASST,29.03,2026-10-16,32,Call,34.00,-17.12%,0.92,1.15,1.51,1011,586,1.73,77.01%,82.40%,0.304142,2026-09-14
SPCX,148.15,2026-09-25,11,Put,145.00,-2.13%,3.8,3.9,3.9,1887,1091,1.73,50.53%,52.60%,-0.385521,2026-09-14
GME,21.62,2026-09-25,11,Call,22.00,-1.76%,0.52,0.56,0.59,5094,2944,1.73,44.57%,48.87%,0.43087,2026-09-14
MU,924.03,2026-09-21,7,Call,"1,000.00",-8.22%,4.6,4.66,4.8,505,294,1.72,58.66%,51.44%,0.143658,2026-09-14
CAT,784,2027-01-15,123,Put,760.00,-3.06%,53.6,55,57,609,355,1.72,35.79%,39.26%,-0.387234,2026-09-14
MO,70.61,2027-03-19,186,Put,67.50,-4.40%,3.55,3.75,4.5,625,363,1.72,22.60%,26.83%,-0.377635,2026-09-14
COIN,191.45,2026-09-25,11,Put,190.00,-0.76%,8.65,8.79,9,633,368,1.72,68.85%,72.91%,-0.448161,2026-09-14
META,665.6,2026-09-21,7,Call,650.00,+2.34%,22.35,23.6,23.95,668,389,1.72,38.05%,37.66%,0.688978,2026-09-14
JD,27.26,2026-09-25,11,Call,27.00,+0.95%,0.63,0.82,0.86,813,473,1.72,29.99%,34.36%,0.560862,2026-09-14
CRDO,150.09,2026-09-18,4,Call,165.00,-9.93%,0.9,0.9,1,1437,834,1.72,68.37%,82.59%,0.147387,2026-09-14
APLD,24.58,2026-09-18,4,Put,23.00,-6.43%,0.26,0.26,0.28,3258,1894,1.72,89.19%,84.07%,-0.210973,2026-09-14
ABOS,2.79,2026-12-18,95,Call,5.00,-79.21%,0,0.3,0.5,582,340,1.71,212.98%,128.90%,0.293478,2026-09-14
AMZN,253.54,2026-10-16,32,Put,290.00,+14.38%,36.1,35.05,37.1,600,350,1.71,30.72%,28.57%,-0.958698,2026-09-14
RIVN,15.86,2026-10-09,25,Put,14.50,-8.58%,0.35,0.38,0.38,707,413,1.71,56.97%,56.56%,-0.24373,2026-09-14
CRWV,82.98,2026-09-25,11,Call,95.00,-14.49%,1.05,1.06,1.1,1106,648,1.71,74.52%,79.53%,0.183272,2026-09-14
OKLO,36.21,2026-09-18,4,Call,37.00,-2.18%,0.76,0.94,0.92,1204,704,1.71,72.12%,77.73%,0.413046,2026-09-14
PANW,373.94,2027-01-15,123,Put,320.00,-14.42%,18.2,19.9,20.8,1542,903,1.71,52.28%,53.13%,-0.243741,2026-09-14
JOBY,6.3,2028-01-21,494,Put,22.00,+249.21%,15.3,15.62,16,1640,957,1.71,62.75%,77.00%,-0.935973,2026-09-14
NFLX,80.32,2026-09-25,11,Call,81.00,-0.85%,1.62,1.64,1.66,2802,1642,1.71,33.89%,34.42%,0.462978,2026-09-14
NVDA,210.96,2026-09-25,11,Call,220.00,-4.29%,1.65,1.67,1.69,12195,7112,1.71,33.57%,32.61%,0.24311,2026-09-14
CCL,22.56,2026-12-18,95,Put,22.00,-2.48%,1.51,1.7,1.75,15024,8810,1.71,46.03%,42.79%,-0.404775,2026-09-14
CRDO,150.09,2027-01-15,123,Put,95.00,-36.70%,3.8,3.9,4.3,518,305,1.7,68.37%,77.62%,-0.102761,2026-09-14
ORCL,144.79,2026-09-18,4,Put,139.00,-4.00%,1.26,1.35,1.35,816,479,1.7,49.83%,58.51%,-0.241738,2026-09-14
WMT,109.08,2026-09-25,11,Call,111.00,-1.76%,1,1.09,1.08,1007,594,1.7,23.31%,23.76%,0.350915,2026-09-14
JOBY,6.3,2026-09-18,4,Call,6.50,-3.17%,0.08,0.1,0.11,1120,658,1.7,62.75%,66.04%,0.340229,2026-09-14
GOOGL,349.39,2026-09-16,2,Put,330.00,-5.55%,0.11,0.12,0.13,1517,894,1.7,29.84%,41.12%,-0.028948,2026-09-14
MNRO,12.86,2027-01-15,123,Call,17.50,-36.08%,0.4,0.73,1,740,437,1.69,77.91%,69.11%,0.267809,2026-09-14
AAPL,333.08,2026-09-25,11,Call,332.50,+0.17%,6.2,6.48,6.45,744,441,1.69,24.74%,25.44%,0.533468,2026-09-14
MRNA,146.69,2026-09-18,4,Call,167.50,-14.19%,0.62,0.65,0.65,793,469,1.69,72.85%,93.87%,0.097333,2026-09-14
ONON,27.47,2026-09-18,4,Put,27.00,-1.71%,0.29,0.3,0.33,1152,682,1.69,42.60%,45.26%,-0.346362,2026-09-14
SNDK,1551.99,2026-09-18,4,Put,"1,510.00",-2.71%,26.9,27,27.9,1335,788,1.69,69.00%,71.26%,-0.341047,2026-09-14
NOW,142.35,2026-10-16,32,Call,165.00,-15.91%,2.4,2.45,2.51,1459,863,1.69,53.19%,54.14%,0.205894,2026-09-14
NVDA,210.96,2026-09-25,11,Put,202.50,-4.01%,1.86,1.85,1.9,1993,1176,1.69,33.57%,35.44%,-0.238934,2026-09-14
INTC,97.19,2026-11-20,67,Call,130.00,-33.76%,3.05,3.1,3.15,29762,17570,1.69,60.75%,70.40%,0.213352,2026-09-14
NVS,138.99,2027-01-15,123,Call,150.00,-7.92%,4.4,4.7,4.8,609,363,1.68,23.58%,29.45%,0.32486,2026-09-14
DELL,534.28,2026-09-25,11,Call,550.00,-2.94%,15.25,16,16.9,631,375,1.68,60.73%,60.99%,0.416004,2026-09-14
RIVN,15.86,2026-10-09,25,Put,14.00,-11.73%,0.23,0.27,0.29,652,388,1.68,56.97%,58.55%,-0.182685,2026-09-14
AAPL,333.08,2026-09-25,11,Call,337.50,-1.33%,3.85,3.95,4.05,702,418,1.68,24.74%,24.84%,0.396956,2026-09-14
MPC,396.45,2026-09-18,4,Put,400.00,+0.90%,10.2,13.25,12.9,765,455,1.68,49.71%,58.52%,-0.544243,2026-09-14
GOOGL,349.39,2026-09-18,4,Call,347.50,+0.54%,5.85,6,6.05,2577,1534,1.68,29.84%,33.51%,0.572491,2026-09-14
RBLX,51.29,2026-09-18,4,Call,49.00,+4.46%,2.66,2.87,3.05,593,355,1.67,60.02%,67.34%,0.754563,2026-09-14
ONDS,7.23,2026-10-09,25,Call,9.00,-24.48%,0.11,0.11,0.12,791,475,1.67,71.06%,76.62%,0.163648,2026-09-14
ASST,29.03,2027-03-19,186,Call,40.00,-37.79%,4.85,5.11,5.25,987,592,1.67,77.01%,97.98%,0.468276,2026-09-14
NFLX,80.32,2026-10-09,25,Call,83.00,-3.34%,1.75,1.75,1.79,1565,938,1.67,33.89%,33.33%,0.380487,2026-09-14
NVDA,210.96,2026-09-21,7,Call,225.00,-6.66%,0.34,0.35,0.36,3454,2070,1.67,33.57%,32.61%,0.0821,2026-09-14
UBER,72.63,2026-09-18,4,Call,74.00,-1.89%,0.69,0.7,0.7,5335,3195,1.67,35.10%,40.93%,0.342564,2026-09-14
AVGO,344.72,2026-09-25,11,Call,355.00,-2.98%,4.3,4.6,4.75,507,305,1.66,36.32%,35.55%,0.333071,2026-09-14
MRNA,146.69,2027-03-19,186,Put,140.00,-4.56%,25.8,27.6,29,1000,601,1.66,72.85%,79.47%,-0.347929,2026-09-14
CIFR,15.64,2026-09-25,11,Call,15.50,+0.90%,0.96,1.24,1.3,1205,726,1.66,102.09%,97.78%,0.556622,2026-09-14
INTC,97.19,2026-09-18,4,Call,99.00,-1.86%,2.08,2.13,2.16,1761,1059,1.66,60.75%,71.38%,0.41874,2026-09-14
AMZN,253.54,2026-09-25,11,Call,255.00,-0.58%,4.8,4.9,5,2097,1265,1.66,30.72%,31.09%,0.476412,2026-09-14
CSCO,110.06,2026-09-18,4,Put,107.00,-2.78%,0.37,0.4,0.47,609,369,1.65,30.14%,32.60%,-0.197752,2026-09-14
GME,21.62,2026-10-02,18,Call,26.00,-20.26%,0.17,0.23,0.27,643,389,1.65,44.57%,71.20%,0.13597,2026-09-14
NVDA,210.96,2026-10-02,18,Call,205.00,+2.83%,9.95,10.4,10.15,711,432,1.65,33.57%,34.94%,0.66561,2026-09-14
NXT,82.62,2026-11-20,67,Call,90.00,-8.93%,7.1,7.9,8,1069,647,1.65,62.12%,72.38%,0.460604,2026-09-14
SNPS,381.43,2026-12-18,95,Put,400.00,+4.87%,42.7,44.8,45.1,1138,688,1.65,43.91%,45.24%,-0.525464,2026-09-14
TSLA,358.97,2026-09-21,7,Call,380.00,-5.86%,1.64,1.66,1.68,1321,803,1.65,40.25%,40.04%,0.161939,2026-09-14
META,665.6,2026-09-18,4,Put,635.00,-4.60%,2.33,2.39,2.53,1536,930,1.65,38.05%,44.44%,-0.148685,2026-09-14
PLTR,173.31,2026-09-18,4,Call,192.50,-11.07%,0.22,0.24,0.24,2967,1793,1.65,48.39%,60.10%,0.051412,2026-09-14
AAPL,333.08,2026-09-16,2,Put,320.00,-3.93%,0.21,0.22,0.23,3689,2233,1.65,24.74%,35.01%,-0.058776,2026-09-14
AFRM,73.38,2026-09-18,4,Put,69.00,-5.97%,0.35,0.42,0.45,605,369,1.64,52.22%,60.95%,-0.158131,2026-09-14
GOOGL,349.39,2026-09-18,4,Put,342.50,-1.97%,2.04,2.31,2.19,795,485,1.64,29.84%,33.45%,-0.275691,2026-09-14
COIN,191.45,2026-09-25,11,Call,230.00,-20.14%,1.4,1.47,1.58,620,380,1.63,68.85%,83.20%,0.116927,2026-09-14
TTAN,58.99,2026-10-16,32,Call,55.00,+6.76%,6.1,6.1,6.7,1032,634,1.63,60.29%,59.20%,0.693497,2026-09-14
BP,45.93,2026-11-20,67,Call,46.00,-0.15%,2.51,2.57,2.83,1130,692,1.63,31.89%,34.90%,0.5208,2026-09-14
ONDS,7.23,2026-09-25,11,Call,7.50,-3.73%,0.2,0.25,0.26,1346,826,1.63,71.06%,67.77%,0.403776,2026-09-14
NVDA,210.96,2026-09-23,9,Call,225.00,-6.66%,0.56,0.6,0.61,1357,830,1.63,33.57%,32.81%,0.11317,2026-09-14
VZ,51.29,2026-09-18,4,Put,51.00,-0.57%,0.31,0.33,0.39,2140,1313,1.63,24.13%,22.35%,-0.402609,2026-09-14
CRWD,235.38,2026-09-18,4,Put,205.00,-12.91%,0.26,0.27,0.27,2589,1587,1.63,56.46%,74.80%,-0.035253,2026-09-14
MU,924.03,2026-09-25,11,Call,"1,000.00",-8.22%,10.15,10.5,10.75,3662,2245,1.63,58.66%,54.46%,0.218515,2026-09-14
PLTR,173.31,2026-10-02,18,Call,190.00,-9.63%,2.22,2.29,2.31,775,477,1.62,48.39%,49.11%,0.219985,2026-09-14
MO,70.61,2026-09-18,4,Call,71.00,-0.55%,0.19,0.24,0.3,2061,1272,1.62,22.60%,14.10%,0.35183,2026-09-14
TSLA,358.97,2026-09-25,11,Put,360.00,+0.29%,10.2,10.3,10.4,2409,1486,1.62,40.25%,40.00%,-0.497757,2026-09-14
PLAY,8.47,2026-09-18,4,Put,7.00,-17.36%,0.15,0.2,0.2,3088,1906,1.62,104.99%,207.56%,-0.162383,2026-09-14
KO,89.35,2026-10-09,25,Call,93.00,-4.09%,0.36,0.4,0.5,543,337,1.61,18.19%,17.13%,0.197064,2026-09-14
AMZN,253.54,2027-02-19,158,Call,250.00,+1.40%,28.15,28.55,29.15,545,339,1.61,30.72%,37.67%,0.597899,2026-09-14
HPE,55.41,2026-09-25,11,Put,50.00,-9.76%,0.41,0.42,0.55,647,403,1.61,60.70%,60.81%,-0.150794,2026-09-14
MSFT,505.41,2026-09-18,4,Put,497.50,-1.57%,2.5,2.49,2.95,655,408,1.61,25.08%,28.17%,-0.287995,2026-09-14
SMR,8.51,2026-10-02,18,Call,9.50,-11.63%,0.22,0.32,0.27,707,438,1.61,75.22%,77.01%,0.291981,2026-09-14
AVGO,344.72,2026-09-16,2,Call,370.00,-7.33%,0.1,0.14,0.13,853,530,1.61,36.32%,48.23%,0.02501,2026-09-14
CRCL,97.42,2026-09-18,4,Call,102.00,-4.70%,2.7,2.93,2.89,886,550,1.61,82.59%,113.50%,0.372982,2026-09-14
AMD,493.41,2026-09-16,2,Put,482.50,-2.21%,3.55,3.5,3.9,1008,626,1.61,50.45%,55.93%,-0.286022,2026-09-14
CLF,11.65,2026-10-02,18,Put,11.00,-5.58%,0.15,0.34,0.36,3025,1877,1.61,59.10%,51.81%,-0.286643,2026-09-14
SNDK,1551.99,2026-09-18,4,Put,"1,490.00",-3.99%,20.4,21.02,21.1,626,392,1.6,69.00%,71.38%,-0.278401,2026-09-14
CRWD,235.38,2026-09-18,4,Call,280.00,-18.96%,0.14,0.14,0.17,743,465,1.6,56.46%,80.24%,0.021713,2026-09-14
GOOG,345.71,2026-09-25,11,Put,340.00,-1.65%,4.25,4.4,4.45,805,504,1.6,29.72%,29.28%,-0.355707,2026-09-14
PATH,14.66,2026-09-25,11,Call,16.00,-9.14%,0.21,0.22,0.25,811,506,1.6,60.61%,66.21%,0.243829,2026-09-14
DECK,80.54,2026-09-18,4,Call,81.00,-0.57%,1.05,1.05,1.3,829,517,1.6,36.86%,40.87%,0.459208,2026-09-14
SNDK,1551.99,2026-09-18,4,Call,"1,730.00",-11.47%,5.7,5.9,6.1,869,543,1.6,69.00%,78.45%,0.100905,2026-09-14
HUT,91.13,2027-01-15,123,Call,140.00,-53.63%,6.85,8.05,8.8,1002,625,1.6,94.56%,94.75%,0.314857,2026-09-14
NOW,142.35,2026-09-18,4,Call,142.00,+0.25%,3.75,3.7,3.9,1414,884,1.6,53.19%,60.96%,0.530578,2026-09-14
DELL,534.28,2026-09-18,4,Call,570.00,-6.69%,3.8,3.92,4.15,1814,1131,1.6,60.73%,68.41%,0.194017,2026-09-14
MU,924.03,2026-09-18,4,Call,940.00,-1.73%,15.4,15.5,15.7,1832,1147,1.6,58.66%,57.82%,0.402671,2026-09-14
META,665.6,2026-09-18,4,Call,665.00,+0.09%,12.3,12.39,12.7,3573,2236,1.6,38.05%,43.47%,0.520143,2026-09-14
APP,334.24,2026-09-18,4,Call,337.50,-0.98%,6.7,7.25,7.6,577,362,1.59,54.71%,61.50%,0.455245,2026-09-14
COHR,266.5,2026-10-16,32,Call,270.00,-1.31%,21.1,21.6,22.5,628,394,1.59,71.69%,73.13%,0.525123,2026-09-14
SLS,11.73,2026-09-18,4,Call,13.50,-15.09%,0.15,0.3,0.2,851,534,1.59,196.96%,142.80%,0.193334,2026-09-14
VRT,237.39,2027-06-17,276,Put,250.00,+5.31%,50.7,51.57,53.2,1026,646,1.59,56.15%,58.76%,-0.425578,2026-09-14
SMCI,36.74,2026-09-18,4,Put,37.50,+2.07%,1.57,1.62,1.64,1398,882,1.59,69.40%,77.09%,-0.583058,2026-09-14
ORCL,144.79,2026-09-18,4,Call,152.50,-5.32%,1.1,1.1,1.16,4170,2628,1.59,49.83%,61.16%,0.219271,2026-09-14
ZS,191.73,2026-09-18,4,Call,200.00,-4.31%,2.69,2.8,2.85,5244,3297,1.59,57.84%,73.35%,0.306267,2026-09-14
AAPL,333.08,2026-09-18,4,Call,337.50,-1.33%,2.03,2.06,2.16,9007,5678,1.59,24.74%,27.65%,0.334104,2026-09-14
SNDK,1551.99,2026-09-18,4,Put,"1,500.00",-3.35%,23.5,23.85,24.3,4732,3004,1.58,69.00%,71.30%,-0.309055,2026-09-14
TSM,418.01,2027-02-19,158,Put,400.00,-4.31%,27,27.4,28.25,7724,4894,1.58,33.86%,35.64%,-0.363075,2026-09-14
SNDK,1551.99,2026-09-18,4,Call,"1,810.00",-16.62%,2.2,2.36,2.45,631,399,1.58,69.00%,83.39%,0.043321,2026-09-14
QS,5.2,2026-09-25,11,Call,5.50,-5.77%,0.11,0.1,0.13,679,429,1.58,58.05%,64.53%,0.331768,2026-09-14
PANW,373.94,2026-10-16,32,Call,420.00,-12.32%,8.65,8.95,9.5,766,486,1.58,52.28%,54.40%,0.26747,2026-09-14
ORCL,144.79,2026-09-25,11,Put,130.00,-10.21%,0.69,0.89,0.79,1098,695,1.58,49.83%,53.00%,-0.110457,2026-09-14
LRCX,273.49,2026-09-18,4,Call,305.00,-11.52%,0.35,0.6,0.7,1964,1244,1.58,56.40%,66.88%,0.064558,2026-09-14
GIS,36.47,2027-01-15,123,Call,42.50,-16.53%,0.9,1.05,1.15,2223,1411,1.58,39.62%,36.03%,0.248874,2026-09-14
CRWV,82.98,2027-01-15,123,Call,95.00,-14.49%,11.25,11.34,11.45,2344,1480,1.58,74.52%,79.85%,0.48719,2026-09-14
INTC,97.19,2026-09-18,4,Put,88.00,-9.46%,0.34,0.34,0.37,2539,1609,1.58,60.75%,75.14%,-0.09573,2026-09-14
LOMA,9.61,2027-03-19,186,Call,10.00,-4.06%,0.95,1.05,1.6,600,383,1.57,65.89%,61.87%,0.491679,2026-09-14
AVGO,344.72,2026-09-16,2,Call,365.00,-5.88%,0.19,0.22,0.24,748,476,1.57,36.32%,45.19%,0.045774,2026-09-14
BRK.B,514.95,2026-09-25,11,Call,520.00,-0.98%,2.9,3.1,3.35,798,507,1.57,13.77%,14.11%,0.366315,2026-09-14
IONQ,37.5,2026-09-25,11,Call,40.00,-6.67%,1,1,1.12,2442,1552,1.57,71.47%,76.86%,0.341329,2026-09-14
BULL,9.04,2026-09-18,4,Call,9.50,-5.09%,0.1,0.1,0.11,3244,2065,1.57,58.66%,71.08%,0.266114,2026-09-14
CRWD,235.38,2026-09-18,4,Call,225.00,+4.41%,12.8,13.05,13.2,5654,3604,1.57,56.46%,67.24%,0.752277,2026-09-14
HOOD,114.33,2026-09-18,4,Call,118.00,-3.21%,2.25,2.29,2.53,4771,3053,1.56,63.99%,81.25%,0.372846,2026-09-14
MP,50.68,2026-09-18,4,Call,53.00,-4.58%,0.61,0.73,0.84,568,363,1.56,62.55%,74.96%,0.299381,2026-09-14
CLOV,5.1,2026-10-02,18,Call,5.50,-7.84%,0.11,0.16,0.18,576,369,1.56,60.69%,64.18%,0.327778,2026-09-14
SNDK,1551.99,2026-09-18,4,Call,"1,620.00",-4.38%,21.5,21.9,22.4,593,380,1.56,69.00%,73.04%,0.302388,2026-09-14
NVO,43.45,2026-09-18,4,Call,43.50,-0.12%,0.6,0.65,0.65,594,380,1.56,34.53%,36.27%,0.491368,2026-09-14
MNKD,3.75,2026-10-09,25,Call,1.00,+73.33%,2.35,2.8,4.9,615,394,1.56,62.77%,"1,395.88%",0.985708,2026-09-14
BA,210.27,2026-09-18,4,Put,202.50,-3.70%,0.62,0.67,0.69,634,406,1.56,30.54%,36.11%,-0.155089,2026-09-14
VG,15.27,2026-09-25,11,Call,16.00,-4.78%,0.3,0.34,0.4,732,469,1.56,58.20%,59.68%,0.348275,2026-09-14
CRWD,235.38,2026-09-25,11,Put,200.00,-15.03%,0.62,0.7,0.75,1062,679,1.56,56.46%,62.76%,-0.059517,2026-09-14
PINS,19.69,2026-10-16,32,Call,20.00,-1.57%,0.8,0.9,0.99,1085,694,1.56,45.21%,43.31%,0.487093,2026-09-14
QBTS,16.83,2026-09-18,4,Call,17.50,-3.98%,0.3,0.3,0.32,2872,1838,1.56,72.62%,81.31%,0.340357,2026-09-14
META,665.6,2026-09-18,4,Call,682.50,-2.54%,5.55,5.68,5.85,516,333,1.55,38.05%,43.60%,0.302013,2026-09-14
AKAM,105.57,2026-10-16,32,Call,110.00,-4.20%,4.6,5.32,5.2,657,425,1.55,54.48%,53.10%,0.43558,2026-09-14
CRWV,82.98,2026-10-09,25,Call,110.00,-32.56%,0.93,1,1,772,499,1.55,74.52%,82.93%,0.119233,2026-09-14
MU,924.03,2026-09-18,4,Put,925.00,+0.10%,21.75,22.33,22.6,1531,985,1.55,58.66%,56.61%,-0.493128,2026-09-14
SOFI,17.65,2026-10-02,18,Put,15.50,-12.18%,0.11,0.11,0.12,2777,1796,1.55,47.74%,51.21%,-0.112461,2026-09-14
APLD,24.58,2026-09-18,4,Put,24.50,-0.33%,0.76,0.8,0.81,690,447,1.54,89.19%,80.89%,-0.466258,2026-09-14
SKHY,175.63,2027-03-19,186,Put,145.00,-17.44%,13.35,14.8,15.15,756,492,1.54,60.18%,61.99%,-0.244731,2026-09-14
SOUN,6.47,2026-10-02,18,Call,7.00,-8.19%,0.17,0.17,0.18,889,579,1.54,60.11%,63.64%,0.317788,2026-09-14
IREN,43.17,2026-10-16,32,Put,60.00,+38.99%,17.2,17.13,17.55,1000,650,1.54,81.96%,88.65%,-0.872539,2026-09-14
OPEN,2.79,2026-09-18,4,Call,2.00,+28.32%,0.77,0.82,0.84,1022,665,1.54,77.25%,208.69%,0.948964,2026-09-14
META,665.6,2026-09-16,2,Call,650.00,+2.34%,18.15,19.02,19.2,1292,838,1.54,38.05%,44.46%,0.77117,2026-09-14
TSLA,358.97,2026-09-18,4,Call,357.50,+0.41%,7.55,7.6,7.65,2477,1611,1.54,40.25%,45.22%,0.547271,2026-09-14
CRM,259.43,2026-10-02,18,Call,290.00,-11.78%,1.34,1.52,1.62,524,342,1.53,41.09%,41.86%,0.127896,2026-09-14
INFQ,12.6,2026-09-18,4,Call,13.00,-3.17%,0.3,0.35,0.4,572,375,1.53,88.76%,98.08%,0.401596,2026-09-14
LRCX,273.49,2027-06-17,276,Put,210.00,-23.21%,20.6,21.35,22.6,700,458,1.53,56.40%,59.33%,-0.207732,2026-09-14
IREN,43.17,2026-09-25,11,Put,43.00,-0.39%,2.32,2.39,2.4,864,564,1.53,81.96%,82.70%,-0.458052,2026-09-14
JPM,350.13,2026-11-20,67,Put,350.00,-0.04%,13.5,14.7,14.95,937,613,1.53,25.83%,24.90%,-0.466076,2026-09-14
SMCI,36.74,2026-12-18,95,Put,37.00,+0.71%,5.45,5.56,5.7,1178,768,1.53,69.40%,75.44%,-0.423736,2026-09-14
MU,924.03,2026-09-18,4,Call,"1,120.00",-21.21%,0.16,0.17,0.25,1299,850,1.53,58.66%,75.68%,0.008592,2026-09-14
TSLA,358.97,2026-09-18,4,Put,337.50,-5.98%,0.84,0.86,0.86,1663,1085,1.53,40.25%,47.05%,-0.099544,2026-09-14
SKHY,175.63,2026-09-18,4,Call,175.00,+0.36%,5.2,5.25,5.3,2227,1453,1.53,60.18%,66.85%,0.536664,2026-09-14
AMZN,253.54,2026-09-18,4,Put,252.50,-0.41%,2.93,3,3.1,3444,2257,1.53,30.72%,33.61%,-0.442872,2026-09-14
PLAY,8.47,2026-09-18,4,Put,8.00,-5.55%,0.45,0.5,0.5,3775,2461,1.53,104.99%,199.14%,-0.353101,2026-09-14
SNDK,1551.99,2026-09-18,4,Call,"1,800.00",-15.98%,2.6,2.65,2.7,4670,3050,1.53,69.00%,83.03%,0.04871,2026-09-14
SOFI,17.65,2026-09-18,4,Call,18.00,-1.98%,0.25,0.26,0.26,36803,24015,1.53,47.74%,54.22%,0.378043,2026-09-14
BMNR,25.76,2026-09-25,11,Call,30.00,-16.46%,0.36,0.41,0.41,4780,3135,1.52,81.43%,90.16%,0.187066,2026-09-14
BE,257.05,2027-01-15,123,Call,480.00,-86.73%,8.6,9.35,10,9211,6079,1.52,78.31%,86.56%,0.167049,2026-09-14
AMZN,253.54,2026-09-18,4,Call,255.00,-0.58%,2.9,2.99,3.05,16480,10836,1.52,30.72%,34.04%,0.447422,2026-09-14
LULU,100.3,2026-09-18,4,Call,103.00,-2.69%,0.89,1,1.05,568,374,1.52,40.98%,47.80%,0.309241,2026-09-14
NOW,142.35,2027-06-17,276,Call,210.00,-47.52%,11.15,11.23,11.6,603,397,1.52,53.19%,56.98%,0.316947,2026-09-14
SKHY,175.63,2026-09-18,4,Put,167.50,-4.63%,1.76,1.8,1.81,551,365,1.51,60.18%,67.19%,-0.237588,2026-09-14
COHR,266.5,2026-09-18,4,Put,265.00,-0.56%,7.8,8.45,9,636,420,1.51,71.69%,82.71%,-0.455308,2026-09-14
SNDK,1551.99,2026-09-18,4,Put,"1,370.00",-11.73%,2.9,3,3.1,791,525,1.51,69.00%,76.69%,-0.054988,2026-09-14
MSFT,505.41,2026-09-18,4,Put,502.50,-0.58%,4,4.22,4.4,830,548,1.51,25.08%,26.59%,-0.408651,2026-09-14
NVDA,210.96,2026-09-21,7,Put,212.50,+0.73%,4.4,4.5,4.6,903,599,1.51,33.57%,32.01%,-0.552365,2026-09-14
ASTS,60,2026-09-18,4,Call,63.00,-5.00%,0.85,0.9,0.91,1203,796,1.51,72.51%,79.10%,0.293523,2026-09-14
UBER,72.63,2026-10-02,18,Call,75.00,-3.26%,1.33,1.4,1.4,1240,819,1.51,35.10%,35.42%,0.364575,2026-09-14
SMCI,36.74,2026-10-16,32,Put,37.00,+0.71%,2.97,2.94,3.15,1308,869,1.51,69.40%,68.67%,-0.468459,2026-09-14
DELL,534.28,2026-09-18,4,Put,520.00,-2.67%,8.55,8.77,9.2,2335,1542,1.51,60.73%,68.18%,-0.337423,2026-09-14
WBD,28.1,2027-01-15,123,Put,27.00,-3.91%,0.8,0.98,1.05,6770,4472,1.51,28.95%,24.04%,-0.334537,2026-09-14
NKE,37.05,2026-09-18,4,Call,37.50,-1.21%,0.36,0.37,0.39,7159,4739,1.51,45.39%,36.83%,0.383603,2026-09-14
NFLX,80.32,2026-09-18,4,Call,82.00,-2.09%,0.62,0.63,0.63,15569,10300,1.51,33.89%,37.90%,0.311357,2026-09-14
GLXY,24.13,2026-09-18,4,Call,24.00,+0.54%,1,1.12,1.12,527,352,1.5,84.77%,98.44%,0.542928,2026-09-14
ZS,191.73,2026-10-16,32,Put,150.00,-21.76%,0.69,0.85,0.98,749,499,1.5,57.84%,56.17%,-0.0574,2026-09-14
EOLS,7.93,2027-04-16,214,Call,10.00,-26.10%,0.8,0.9,0.95,794,528,1.5,58.10%,61.16%,0.416339,2026-09-14
S,22.61,2026-09-18,4,Put,22.50,-0.49%,0.4,0.46,0.8,819,546,1.5,51.74%,69.81%,-0.457094,2026-09-14
PLTR,173.31,2026-09-25,11,Put,150.00,-13.45%,0.46,0.48,0.54,1425,952,1.5,48.39%,57.00%,-0.064328,2026-09-14
COIN,191.45,2026-09-18,4,Call,212.50,-11.00%,1.64,1.74,2.01,1453,971,1.5,68.85%,100.83%,0.175718,2026-09-14
ALAB,257.04,2026-09-18,4,Call,125.00,+51.37%,130.3,133.46,136.4,1532,1021,1.5,73.70%,398.91%,0.973571,2026-09-14
KO,89.35,2026-10-16,32,Call,80.00,+10.46%,9.1,9.29,9.55,1912,1274,1.5,18.19%,13.98%,0.994685,2026-09-14
CHKP,138.49,2026-09-18,4,Call,145.00,-4.70%,0.15,0.78,1.15,2481,1654,1.5,38.28%,46.51%,0.181341,2026-09-14
WMT,109.08,2026-09-25,11,Put,107.00,-1.91%,0.85,0.79,0.96,506,339,1.49,23.31%,23.81%,-0.307209,2026-09-14
CRWD,235.38,2026-09-25,11,Call,230.00,+2.29%,12.35,12.51,12.85,547,368,1.49,56.46%,59.14%,0.613035,2026-09-14
COO,54.22,2026-10-16,32,Call,55.00,-1.44%,1.2,1.6,1.65,614,413,1.49,28.91%,26.62%,0.45888,2026-09-14
JPM,350.13,2026-11-20,67,Call,350.00,+0.04%,14.7,15.03,16.1,980,656,1.49,25.83%,24.67%,0.534698,2026-09-14
AMD,493.41,2026-09-18,4,Call,505.00,-2.35%,6.9,7.18,7.35,1059,710,1.49,50.45%,57.43%,0.363318,2026-09-14
USB,62.68,2026-09-18,4,Put,62.00,-1.08%,0.39,0.43,0.54,1150,773,1.49,26.05%,29.11%,-0.353975,2026-09-14
DAR,64.92,2026-10-16,32,Call,67.50,-3.97%,1.7,2.4,2.65,1547,1036,1.49,45.72%,41.25%,0.4085,2026-09-14
COIN,191.45,2026-09-18,4,Put,170.00,-11.20%,0.77,0.78,0.84,5782,3873,1.49,68.85%,89.18%,-0.092846,2026-09-14
XEL,74.16,2027-03-19,186,Put,70.00,-5.61%,2.3,3.23,3.9,15000,10070,1.49,23.73%,24.68%,-0.327675,2026-09-14
AVAV,153.4,2026-09-18,4,Call,140.00,+8.74%,13.9,14.7,16,513,346,1.48,61.44%,97.31%,0.829525,2026-09-14
TSLA,358.97,2026-09-21,7,Put,365.00,+1.68%,10.7,10.85,11,658,445,1.48,40.25%,37.98%,-0.610772,2026-09-14
PURR,11.85,2026-09-25,11,Call,15.00,-26.58%,0.15,0.15,0.25,669,453,1.48,99.76%,124.00%,0.162932,2026-09-14
BAC,59.47,2026-10-02,18,Put,60.00,+0.89%,1.39,1.58,1.49,874,592,1.48,26.35%,22.36%,-0.55583,2026-09-14
UPST,26.1,2026-09-18,4,Call,28.00,-7.28%,0.16,0.16,0.22,948,641,1.48,60.69%,71.37%,0.18462,2026-09-14
AAPL,333.08,2026-09-25,11,Put,335.00,+0.58%,6.35,6.5,6.6,957,646,1.48,24.74%,24.31%,-0.539002,2026-09-14
IBM,249.09,2026-09-18,4,Call,252.50,-1.37%,2.64,2.84,2.85,1801,1219,1.48,33.48%,40.33%,0.382549,2026-09-14
NOW,142.35,2026-09-18,4,Call,141.00,+0.95%,4.3,4.6,4.45,2298,1549,1.48,53.19%,61.35%,0.574049,2026-09-14
NVDA,210.96,2026-10-09,25,Call,220.00,-4.29%,3.85,3.91,3.95,2725,1838,1.48,33.57%,32.99%,0.337902,2026-09-14
MARA,11.5,2026-09-25,11,Put,10.50,-8.70%,0.26,0.29,0.3,2982,2009,1.48,87.43%,87.74%,-0.248322,2026-09-14
AAL,13.1,2026-09-18,4,Call,12.50,+4.58%,0.47,0.76,1.06,513,348,1.47,48.49%,73.76%,0.74087,2026-09-14
MSTR,136.94,2026-09-18,4,Put,200.00,+46.05%,61.85,63.41,63.5,561,382,1.47,72.36%,193.45%,-0.962223,2026-09-14
LITE,835.03,2026-09-18,4,Put,820.00,-1.80%,19.8,21,22,674,460,1.47,72.00%,80.76%,-0.397,2026-09-14
MU,924.03,2026-10-09,25,Put,900.00,-2.60%,42.6,44.21,45,778,528,1.47,58.66%,58.76%,-0.396972,2026-09-14
SNDK,1551.99,2026-09-18,4,Put,"1,580.00",+1.80%,61.1,61.6,62.6,782,532,1.47,69.00%,71.66%,-0.578086,2026-09-14
SMCI,36.74,2026-09-18,4,Put,36.50,-0.65%,1.03,1.05,1.08,1144,780,1.47,69.40%,77.01%,-0.449993,2026-09-14
INTC,97.19,2026-09-18,4,Put,87.00,-10.48%,0.26,0.28,0.29,1423,967,1.47,60.75%,76.31%,-0.076305,2026-09-14
HOOD,114.33,2026-09-18,4,Call,119.00,-4.08%,1.96,2,2.01,1572,1066,1.47,63.99%,79.37%,0.331565,2026-09-14
CRK,14.3,2026-11-20,67,Call,15.00,-4.90%,1.1,1.13,1.25,1717,1167,1.47,49.70%,60.20%,0.475791,2026-09-14
IBM,249.09,2026-09-18,4,Call,255.00,-2.37%,1.9,1.96,2.11,4829,3276,1.47,33.48%,41.10%,0.301055,2026-09-14
AAPL,333.08,2026-09-18,4,Call,342.50,-2.83%,0.84,0.86,0.89,4401,3014,1.46,24.74%,27.33%,0.171613,2026-09-14
NVDA,210.96,2026-09-23,9,Call,230.00,-9.03%,0.27,0.28,0.29,6479,4439,1.46,33.57%,34.24%,0.058692,2026-09-14
AAPL,333.08,2026-09-18,4,Put,330.00,-0.92%,2.44,2.5,2.52,17565,12068,1.46,24.74%,27.93%,-0.365833,2026-09-14
NVDA,210.96,2026-09-23,9,Put,210.00,-0.46%,3.7,3.84,3.95,505,346,1.46,33.57%,33.05%,-0.449904,2026-09-14
GS,988.45,2026-09-18,4,Put,960.00,-2.88%,5.35,6.32,7.2,577,394,1.46,36.31%,41.46%,-0.242295,2026-09-14
IBM,249.09,2026-10-02,18,Call,270.00,-8.39%,1.56,1.8,2.13,678,464,1.46,33.48%,36.92%,0.174258,2026-09-14
ADBE,265.6,2026-09-18,4,Call,262.50,+1.17%,6.85,7.27,7.55,825,564,1.46,41.93%,49.43%,0.60274,2026-09-14
TCOM,39.08,2026-09-18,4,Call,40.00,-2.35%,0.9,1,1.1,952,650,1.46,38.35%,85.51%,0.415057,2026-09-14
ALK,40.71,2026-12-18,95,Call,45.00,-10.54%,2.55,2.85,2.95,1003,688,1.46,52.21%,52.88%,0.404168,2026-09-14
ORCL,144.79,2026-09-18,4,Put,144.00,-0.55%,3.05,3.2,3.25,1603,1096,1.46,49.83%,58.82%,-0.451007,2026-09-14
INFQ,12.6,2026-10-16,32,Call,16.00,-26.98%,0.4,0.45,0.55,2040,1399,1.46,88.76%,97.50%,0.250778,2026-09-14
TSLA,358.97,2026-09-18,4,Put,352.50,-1.80%,3.75,3.8,3.8,2231,1526,1.46,40.25%,44.11%,-0.335631,2026-09-14
RBLX,51.29,2026-12-18,95,Call,67.50,-31.60%,2.4,2.53,2.67,582,402,1.45,60.02%,67.45%,0.275248,2026-09-14
MU,924.03,2027-02-19,158,Call,"1,890.00",-104.54%,11.65,12.5,13.45,755,520,1.45,58.66%,65.84%,0.081118,2026-09-14
CRWD,235.38,2026-10-16,32,Call,275.00,-16.83%,4.15,4.35,4.65,897,619,1.45,56.46%,57.62%,0.209655,2026-09-14
CRWD,235.38,2026-09-18,4,Put,217.50,-7.60%,1.01,1.07,1.11,1170,808,1.45,56.46%,67.76%,-0.124152,2026-09-14
ONDS,7.23,2026-09-25,11,Call,8.00,-10.65%,0.09,0.13,0.13,2431,1682,1.45,71.06%,70.98%,0.226332,2026-09-14
CVX,212.17,2026-09-18,4,Put,212.50,+0.16%,2.87,3.07,3.3,2509,1736,1.45,27.52%,32.95%,-0.510611,2026-09-14
NVDA,210.96,2026-09-25,11,Call,210.00,+0.46%,5.5,5.55,5.6,3561,2450,1.45,33.57%,33.98%,0.548855,2026-09-14
TSLA,358.97,2026-10-16,32,Call,550.00,-53.22%,0.21,0.23,0.24,3913,2705,1.45,40.25%,59.99%,0.010884,2026-09-14
BMNR,25.76,2026-09-18,4,Call,27.00,-4.81%,0.54,0.56,0.58,6139,4238,1.45,81.43%,96.63%,0.340717,2026-09-14
AAL,13.1,2026-11-20,67,Call,14.00,-6.87%,0.75,0.77,0.77,7409,5127,1.45,48.49%,49.88%,0.4193,2026-09-14
XEL,74.16,2027-03-19,186,Put,65.00,-12.35%,1.55,2.57,2.8,15000,10348,1.45,23.73%,29.02%,-0.22141,2026-09-14
AAPL,333.08,2026-09-18,4,Call,332.50,+0.17%,4.15,4.29,4.35,4253,2954,1.44,24.74%,28.00%,0.534445,2026-09-14
T,26.51,2026-10-02,18,Call,27.50,-3.73%,0.15,0.2,0.21,538,374,1.44,24.50%,22.48%,0.237317,2026-09-14
CRWD,235.38,2027-02-19,158,Call,270.00,-14.71%,24.4,26.9,27.15,596,415,1.44,56.46%,59.80%,0.456314,2026-09-14
PEP,136.34,2026-09-18,4,Call,138.00,-1.22%,0.55,0.7,0.74,596,413,1.44,24.21%,22.95%,0.310415,2026-09-14
EGO,41.16,2026-11-20,67,Call,43.00,-4.47%,2.7,3.31,4.4,678,471,1.44,54.86%,60.27%,0.491728,2026-09-14
MU,924.03,2026-09-16,2,Put,865.00,-6.39%,1.26,1.33,1.36,681,474,1.44,58.66%,61.35%,-0.069398,2026-09-14
HRB,45.74,2026-09-18,4,Put,50.00,+9.31%,3.6,4,4.8,759,526,1.44,37.45%,39.49%,-0.983627,2026-09-14
SWKS,79.26,2026-09-18,4,Put,80.00,+0.93%,1.95,2.45,3,798,553,1.44,53.62%,62.72%,-0.543069,2026-09-14
MSFT,505.41,2026-09-18,4,Call,507.50,-0.41%,4.95,5.09,5.3,2218,1536,1.44,25.08%,28.57%,0.455219,2026-09-14
MSTR,136.94,2026-09-18,4,Put,133.00,-2.88%,3.05,3.15,3.25,858,602,1.43,72.36%,86.76%,-0.355451,2026-09-14
HON,201.38,2026-11-20,67,Call,220.00,-9.25%,4.5,4.6,5.1,910,635,1.43,27.86%,33.37%,0.286597,2026-09-14
AAPL,333.08,2026-10-02,18,Put,335.00,+0.58%,7.75,7.9,8,545,385,1.42,24.74%,24.10%,-0.523309,2026-09-14
TSLA,358.97,2026-09-21,7,Put,325.00,-9.46%,0.49,0.5,0.52,570,402,1.42,40.25%,45.32%,-0.052024,2026-09-14
SKHY,175.63,2026-09-25,11,Call,180.00,-2.49%,5.3,5.52,5.5,597,420,1.42,60.18%,59.32%,0.429919,2026-09-14
DBX,37.31,2026-10-16,32,Call,38.00,-1.85%,0.4,1.34,1.4,633,445,1.42,31.06%,26.16%,0.438064,2026-09-14
NBIS,212.19,2026-09-18,4,Call,232.50,-9.57%,1.95,1.95,2.01,661,466,1.42,81.42%,92.08%,0.185111,2026-09-14
MU,924.03,2026-10-02,18,Call,"1,150.00",-24.45%,5.45,5.65,5.85,674,475,1.42,58.66%,69.23%,0.09098,2026-09-14
SNAP,5.84,2027-04-16,214,Call,5.00,+14.38%,1.57,1.65,1.65,742,523,1.42,57.61%,65.86%,0.727915,2026-09-14
ORCL,144.79,2027-10-15,396,Put,145.00,+0.15%,29.6,30.34,30.8,869,610,1.42,49.83%,54.71%,-0.373928,2026-09-14
AAOI,95.76,2026-09-18,4,Call,105.00,-9.65%,0.95,1.12,1.2,923,648,1.42,84.60%,99.12%,0.202662,2026-09-14
MSFT,505.41,2026-09-25,11,Call,510.00,-0.91%,6.8,7.02,7.15,1131,794,1.42,25.08%,25.31%,0.434835,2026-09-14
DVN,49.73,2026-09-18,4,Put,50.00,+0.54%,1.02,1.17,1.31,1261,886,1.42,35.82%,49.35%,-0.530635,2026-09-14
NUE,254.63,2026-09-18,4,Call,260.00,-2.11%,2.9,3.14,3.6,1453,1022,1.42,37.32%,51.16%,0.360377,2026-09-14
ERO,33.68,2026-09-18,4,Call,35.00,-3.92%,0.4,0.5,0.7,2100,1484,1.42,63.95%,75.33%,0.328848,2026-09-14
AMZN,253.54,2026-09-25,11,Call,265.00,-4.52%,1.61,1.66,1.66,2399,1695,1.42,30.72%,30.71%,0.21709,2026-09-14
MU,924.03,2026-09-18,4,Put,880.00,-4.76%,6.5,6.65,6.7,2658,1868,1.42,58.66%,58.50%,-0.202249,2026-09-14
HOOD,114.33,2026-09-25,11,Put,108.00,-5.54%,2.49,2.35,2.6,503,358,1.41,63.99%,66.78%,-0.288581,2026-09-14
META,665.6,2026-10-02,18,Put,600.00,-9.86%,3.2,3.3,3.45,614,435,1.41,38.05%,40.30%,-0.111048,2026-09-14
ZS,191.73,2026-09-18,4,Put,185.00,-3.51%,2.7,2.94,2.93,679,481,1.41,57.84%,70.79%,-0.30014,2026-09-14
PLTR,173.31,2026-09-25,11,Call,170.00,+1.91%,7.8,7.85,8,1844,1306,1.41,48.39%,50.44%,0.608935,2026-09-14
RXT,3.49,2026-09-18,4,Call,3.50,-0.29%,0.1,0.18,0.2,2139,1521,1.41,118.80%,105.77%,0.513205,2026-09-14
HOOD,114.33,2026-10-16,32,Put,65.00,-43.15%,0.05,0.1,0.1,2624,1867,1.41,63.99%,83.02%,-0.007503,2026-09-14
PATH,14.66,2026-09-18,4,Call,15.50,-5.73%,0.13,0.15,0.16,2777,1973,1.41,60.61%,70.30%,0.237307,2026-09-14
SPCX,148.15,2026-09-25,11,Call,165.00,-11.37%,0.9,0.9,0.95,3517,2492,1.41,50.53%,53.87%,0.137077,2026-09-14
NBIS,212.19,2026-09-18,4,Call,220.00,-3.68%,4.7,4.81,4.9,3793,2684,1.41,81.42%,89.61%,0.369094,2026-09-14
M,22.58,2026-09-18,4,Call,17.00,+24.71%,5.55,6.09,6.25,21451,15279,1.4,39.44%,241.05%,0.894373,2026-09-14
KTOS,47.58,2026-09-18,4,Call,50.00,-5.09%,0.45,0.48,0.5,1047,746,1.4,53.51%,66.23%,0.249778,2026-09-14
VET,13.29,2026-09-18,4,Call,10.00,+24.76%,3.1,3.3,3.5,2200,1573,1.4,51.49%,129.42%,0.98472,2026-09-14
ORCL,144.79,2026-09-25,11,Call,155.00,-7.05%,1.74,1.84,2,2298,1642,1.4,49.83%,53.15%,0.246521,2026-09-14
SOFI,17.65,2026-09-25,11,Call,17.50,+0.85%,0.67,0.68,0.69,2474,1769,1.4,47.74%,48.65%,0.562086,2026-09-14
AI,11.17,2026-09-18,4,Call,11.50,-2.95%,0.18,0.18,0.2,2549,1822,1.4,59.15%,69.18%,0.359267,2026-09-14
APLD,24.58,2026-09-18,4,Call,25.00,-1.71%,0.65,0.68,0.73,3125,2226,1.4,89.19%,85.04%,0.443785,2026-09-14
ZS,191.73,2026-10-16,32,Call,175.00,+8.73%,21.65,24.35,24.3,678,487,1.39,57.84%,57.74%,0.738464,2026-09-14
UNH,383.55,2026-09-18,4,Call,382.50,+0.27%,5.25,5.97,5.8,686,495,1.39,33.75%,30.99%,0.541642,2026-09-14
HPQ,34.02,2028-01-21,494,Put,35.00,+2.88%,7.3,8.11,8.6,740,532,1.39,50.79%,49.89%,-0.390692,2026-09-14
PLTR,173.31,2026-10-09,25,Call,200.00,-15.40%,1.61,1.61,1.81,1191,855,1.39,48.39%,49.64%,0.15418,2026-09-14
CRWD,235.38,2026-10-16,32,Call,240.00,-1.96%,13.8,13.93,14.2,1510,1087,1.39,56.46%,56.60%,0.494895,2026-09-14
NLY,21.84,2026-10-16,32,Put,22.00,+0.73%,0.85,1.05,1.21,2022,1454,1.39,24.78%,33.19%,-0.536472,2026-09-14
NVDA,210.96,2026-10-02,18,Call,210.00,+0.46%,6.9,7.05,7.05,2551,1841,1.39,33.57%,33.89%,0.547209,2026-09-14
DELL,534.28,2026-09-18,4,Put,500.00,-6.42%,3.5,3.57,3.65,3716,2666,1.39,60.73%,68.85%,-0.168405,2026-09-14
CIFR,15.64,2027-03-19,186,Call,20.00,-27.88%,3.15,3.25,3.35,4619,3329,1.39,102.09%,101.95%,0.5213,2026-09-14
ONDS,7.23,2026-12-18,95,Call,8.00,-10.65%,0.95,0.97,1.03,20934,15217,1.38,71.06%,85.46%,0.503508,2026-09-14
BX,128.29,2027-12-17,459,Call,150.00,-16.92%,13.15,14,13.95,772,561,1.38,37.58%,37.40%,0.425378,2026-09-14
INTC,97.19,2026-09-18,4,Put,99.00,+1.86%,3.75,3.75,3.9,1803,1307,1.38,60.75%,69.52%,-0.584589,2026-09-14
AVGO,344.72,2026-09-18,4,Call,350.00,-1.53%,3.5,3.55,3.8,3415,2481,1.38,36.32%,40.52%,0.370769,2026-09-14
AAPL,333.08,2026-09-25,11,Put,332.50,-0.17%,5.1,5.08,5.35,511,372,1.37,24.74%,24.52%,-0.4679,2026-09-14
ASML,1575.15,2026-09-18,4,Call,"1,600.00",-1.58%,19.3,21,22.5,533,389,1.37,44.41%,47.66%,0.388798,2026-09-14
PINS,19.69,2026-10-16,32,Put,19.00,-3.50%,0.68,0.78,0.77,546,400,1.37,45.21%,46.31%,-0.363866,2026-09-14
PLTR,173.31,2026-09-25,11,Call,167.50,+3.35%,9.35,9.6,9.6,600,438,1.37,48.39%,50.97%,0.670774,2026-09-14
FCX,69.34,2026-09-18,4,Call,74.00,-6.72%,0.22,0.26,0.27,674,493,1.37,46.51%,53.43%,0.129307,2026-09-14
TSLA,358.97,2028-12-15,823,Call,150.00,+58.21%,233.35,235.7,237.4,683,500,1.37,40.25%,59.00%,0.937629,2026-09-14
SLB,53.32,2026-10-02,18,Call,58.00,-8.78%,0.31,0.38,0.52,806,587,1.37,36.02%,38.53%,0.175431,2026-09-14
HOOD,114.33,2026-09-18,4,Call,113.00,+1.16%,4.35,4.4,4.5,1108,808,1.37,63.99%,77.92%,0.575006,2026-09-14
NBIS,212.19,2026-09-18,4,Put,212.50,+0.15%,7.7,7.85,7.95,1325,970,1.37,81.42%,86.95%,-0.486836,2026-09-14
CLSK,13.27,2027-01-15,123,Call,23.00,-73.32%,0.51,0.64,0.73,1531,1117,1.37,82.74%,86.40%,0.206085,2026-09-14
AVGO,344.72,2026-09-18,4,Call,355.00,-2.98%,2.01,2.18,2.25,1829,1338,1.37,36.32%,40.15%,0.251186,2026-09-14
CRWD,235.38,2026-09-18,4,Call,220.00,+6.53%,16.65,16.9,17.15,7102,5179,1.37,56.46%,67.39%,0.841063,2026-09-14
SOFI,17.65,2026-09-25,11,Call,18.50,-4.82%,0.27,0.27,0.28,4597,3381,1.36,47.74%,48.06%,0.305361,2026-09-14
NKE,37.05,2026-09-18,4,Call,38.00,-2.56%,0.22,0.22,0.23,7697,5667,1.36,45.39%,37.11%,0.26287,2026-09-14
MU,924.03,2026-09-18,4,Call,945.00,-2.27%,13.5,14.15,13.95,535,392,1.36,58.66%,57.79%,0.369073,2026-09-14
AVGO,344.72,2026-09-18,4,Put,332.50,-3.54%,1.35,1.7,1.73,554,408,1.36,36.32%,40.35%,-0.188749,2026-09-14
SOUN,6.47,2027-04-16,214,Call,8.00,-23.65%,0.85,1.06,1.2,554,408,1.36,60.11%,74.98%,0.483249,2026-09-14
OKTA,186.45,2026-09-18,4,Call,185.00,+0.78%,5.75,6.25,6.4,624,460,1.36,57.91%,68.08%,0.559925,2026-09-14
V,375.28,2026-09-18,4,Put,372.50,-0.74%,2.15,2.21,2.27,703,516,1.36,20.45%,22.19%,-0.365617,2026-09-14
CRWD,235.38,2026-09-18,4,Put,212.50,-9.72%,0.55,0.6,0.62,725,535,1.36,56.46%,69.57%,-0.074138,2026-09-14
AVGO,344.72,2026-09-25,11,Put,335.00,-2.82%,4.2,4.55,4.8,859,631,1.36,36.32%,36.49%,-0.310247,2026-09-14
META,665.6,2026-09-18,4,Put,655.00,-1.59%,7.1,7.2,7.4,952,699,1.36,38.05%,43.10%,-0.349998,2026-09-14
IREN,43.17,2027-02-19,158,Call,55.00,-27.40%,6.6,7.12,6.95,1006,740,1.36,81.96%,91.15%,0.469598,2026-09-14
OKLO,36.21,2026-09-18,4,Call,38.00,-4.94%,0.51,0.56,0.59,1431,1055,1.36,72.12%,80.12%,0.298516,2026-09-14
APLD,24.58,2026-10-16,32,Call,34.00,-38.32%,0.45,0.49,0.68,1607,1179,1.36,89.19%,98.10%,0.168393,2026-09-14
GOOG,345.71,2026-09-18,4,Call,342.50,+0.93%,6.45,6.68,6.85,3821,2818,1.36,29.72%,33.40%,0.615954,2026-09-14
SAP,218.28,2026-09-18,4,Call,215.00,+1.50%,4.7,5.6,6.3,550,408,1.35,37.05%,40.14%,0.648178,2026-09-14
CSCO,110.06,2026-09-18,4,Put,109.00,-0.96%,1.02,1.01,1.06,585,433,1.35,30.14%,33.25%,-0.381594,2026-09-14
BMNR,25.76,2026-10-16,32,Put,26.00,+0.93%,2.5,2.49,2.66,938,696,1.35,81.43%,81.91%,-0.463026,2026-09-14
BE,257.05,2026-09-18,4,Call,305.00,-18.65%,0.4,0.45,0.52,1506,1119,1.35,78.31%,93.87%,0.045773,2026-09-14
HIMS,28.81,2026-09-18,4,Call,32.00,-11.07%,0.13,0.13,0.16,2330,1731,1.35,66.39%,82.72%,0.122041,2026-09-14
CCL,22.56,2026-09-18,4,Call,23.00,-1.95%,0.25,0.25,0.28,3484,2572,1.35,46.03%,47.36%,0.358313,2026-09-14
GOOGL,349.39,2026-09-18,4,Call,352.50,-0.89%,3.45,3.55,3.6,3746,2768,1.35,29.84%,33.24%,0.410329,2026-09-14
TSLA,358.97,2026-09-18,4,Call,397.50,-10.73%,0.25,0.29,0.26,637,476,1.34,40.25%,52.23%,0.033629,2026-09-14
CRCL,97.42,2026-09-25,11,Call,98.00,-0.60%,5.7,5.9,6.1,733,549,1.34,82.59%,90.79%,0.51917,2026-09-14
AAPL,333.08,2026-10-09,25,Put,315.00,-5.43%,2.35,2.26,2.51,879,657,1.34,24.74%,26.05%,-0.188841,2026-09-14
MRNA,146.69,2026-09-18,4,Call,140.00,+4.56%,9.15,9.3,9.4,999,743,1.34,72.85%,87.33%,0.712516,2026-09-14
CRWV,82.98,2026-09-18,4,Call,87.50,-5.45%,1.22,1.23,1.28,1114,834,1.34,74.52%,83.47%,0.288139,2026-09-14
DELL,534.28,2026-09-18,4,Put,540.00,+1.07%,17.35,18,18.45,1124,836,1.34,60.73%,66.71%,-0.545256,2026-09-14
MU,924.03,2026-09-18,4,Put,930.00,+0.65%,24.35,24.45,25.35,2336,1737,1.34,58.66%,56.61%,-0.529459,2026-09-14
AMZN,253.54,2026-11-20,67,Call,270.00,-6.49%,10.25,10.25,10.45,19137,14355,1.33,30.72%,37.40%,0.393578,2026-09-14
WMT,109.08,2026-09-18,4,Call,110.00,-0.84%,0.83,0.84,0.86,26946,20202,1.33,23.31%,27.08%,0.392911,2026-09-14
SHAZ,51.91,2026-09-18,4,Put,50.00,-3.68%,0.95,1.4,1.45,535,401,1.33,105.95%,94.96%,-0.333475,2026-09-14
GLXY,24.13,2026-09-18,4,Call,28.00,-16.04%,0.04,0.1,0.12,614,461,1.33,84.77%,95.79%,0.076463,2026-09-14
AAPL,333.08,2026-10-02,18,Put,330.00,-0.92%,5.45,5.65,5.7,740,558,1.33,24.74%,24.58%,-0.412391,2026-09-14
CTSH,64.1,2026-10-16,32,Call,67.50,-5.30%,1.8,1.86,2.6,753,565,1.33,40.29%,46.62%,0.383388,2026-09-14
DOCN,120.21,2026-09-18,4,Call,130.00,-8.14%,1.15,1.5,1.9,812,610,1.33,81.43%,94.67%,0.230703,2026-09-14
TSLA,358.97,2026-09-21,7,Call,400.00,-11.43%,0.36,0.37,0.38,815,614,1.33,40.25%,44.22%,0.042251,2026-09-14
RIOT,20.95,2026-09-18,4,Call,20.50,+2.15%,0.92,0.91,1.07,817,612,1.33,82.36%,85.96%,0.614378,2026-09-14
CRWV,82.98,2026-09-25,11,Call,96.00,-15.69%,0.92,1.07,0.97,824,619,1.33,74.52%,79.82%,0.164828,2026-09-14
INTC,97.19,2026-09-18,4,Call,106.00,-9.06%,0.5,0.52,0.54,1605,1208,1.33,60.75%,73.88%,0.140305,2026-09-14
SKHY,175.63,2026-10-16,32,Put,140.00,-20.29%,1.4,1.4,1.5,1701,1281,1.33,60.18%,62.05%,-0.089779,2026-09-14
LRCX,273.49,2026-09-18,4,Put,275.00,+0.55%,7.7,8.11,8.55,1832,1381,1.33,56.40%,64.56%,-0.517336,2026-09-14
COIN,191.45,2026-09-25,11,Call,200.00,-4.47%,6.4,6.7,6.7,2143,1614,1.33,68.85%,75.19%,0.397003,2026-09-14
XOM,165.08,2026-09-18,4,Put,157.50,-4.59%,0.31,0.35,0.44,2401,1799,1.33,30.65%,38.11%,-0.114824,2026-09-14
RKLB,62.55,2026-09-25,11,Call,72.00,-15.11%,0.46,0.5,0.6,661,499,1.32,68.31%,70.96%,0.141902,2026-09-14
BLSH,37.62,2026-09-18,4,Put,35.00,-6.96%,0.21,0.45,0.77,689,523,1.32,75.53%,95.01%,-0.217941,2026-09-14
WFC,88.71,2026-09-18,4,Put,86.00,-3.05%,0.31,0.36,0.44,721,547,1.32,30.11%,35.94%,-0.198217,2026-09-14
HL,18.82,2026-09-18,4,Call,20.50,-8.93%,0.09,0.11,0.12,799,607,1.32,61.69%,74.09%,0.14485,2026-09-14
SNOW,332.35,2026-09-18,4,Put,340.00,+2.30%,11.25,12.05,12.7,823,622,1.32,45.30%,54.31%,-0.643247,2026-09-14
M,22.58,2026-09-18,4,Put,21.50,-4.78%,0.06,0.15,0.2,827,625,1.32,39.44%,53.58%,-0.18335,2026-09-14
XOM,165.08,2026-09-25,11,Call,175.00,-6.01%,0.5,0.75,0.74,892,674,1.32,30.65%,30.46%,0.142092,2026-09-14
PLUG,2.06,2026-10-16,32,Call,2.00,+2.91%,0.2,0.22,0.23,902,681,1.32,69.67%,75.27%,0.602058,2026-09-14
ZETA,31.01,2026-09-18,4,Call,31.00,+0.03%,0.83,0.93,0.97,919,695,1.32,62.01%,68.67%,0.518331,2026-09-14
NBIS,212.19,2027-03-19,186,Put,170.00,-19.88%,26.05,27.4,28.4,1283,974,1.32,81.42%,87.66%,-0.24439,2026-09-14
PLAY,8.47,2027-01-15,123,Call,18.00,-112.51%,0.05,0.2,0.25,1605,1219,1.32,104.99%,84.59%,0.092841,2026-09-14
MU,924.03,2026-09-18,4,Put,910.00,-1.52%,15.15,15.5,15.7,2202,1669,1.32,58.66%,57.09%,-0.38534,2026-09-14
XE,15.64,2027-01-15,123,Call,30.00,-91.82%,0.6,0.85,1,2506,1900,1.32,89.26%,98.67%,0.203755,2026-09-14
GME,21.62,2026-09-25,11,Call,23.00,-6.38%,0.32,0.32,0.36,2771,2101,1.32,44.57%,56.10%,0.275331,2026-09-14
WMT,109.08,2026-09-18,4,Call,112.00,-2.68%,0.3,0.32,0.32,4041,3070,1.32,23.31%,27.33%,0.184368,2026-09-14
IBM,249.09,2026-09-18,4,Call,250.00,-0.37%,3.75,3.77,3.9,13106,9937,1.32,33.48%,40.82%,0.475324,2026-09-14
NVDA,210.96,2026-09-18,4,Put,197.50,-6.38%,0.36,0.37,0.38,5813,4426,1.31,33.57%,45.70%,-0.079431,2026-09-14
AAPL,333.08,2026-09-18,4,Put,310.00,-6.93%,0.22,0.22,0.23,18550,14107,1.31,24.74%,39.75%,-0.039647,2026-09-14
DFTX,40.25,2026-10-16,32,Put,35.00,-13.04%,0.4,1.18,1.25,522,397,1.31,63.58%,60.97%,-0.189325,2026-09-14
AAPL,333.08,2027-09-17,368,Put,315.00,-5.43%,23.15,23.5,23.75,531,406,1.31,24.74%,28.03%,-0.332783,2026-09-14
UEC,10.26,2027-01-15,123,Call,11.00,-7.21%,1.45,1.47,1.51,616,472,1.31,68.33%,72.65%,0.53048,2026-09-14
PANW,373.94,2026-10-16,32,Call,410.00,-9.64%,10.65,11.95,12.25,722,551,1.31,52.28%,54.36%,0.318689,2026-09-14
SKHY,175.63,2026-09-18,4,Put,177.50,+1.06%,5.7,5.75,5.9,979,749,1.31,60.18%,65.69%,-0.545854,2026-09-14
CHWY,21.35,2026-09-18,4,Call,22.00,-3.04%,0.22,0.25,0.33,1048,800,1.31,46.98%,59.20%,0.327595,2026-09-14
UNH,383.55,2026-09-18,4,Call,385.00,-0.38%,4.2,4.2,4.45,1736,1322,1.31,33.75%,31.12%,0.461887,2026-09-14
AAPL,333.08,2026-09-25,11,Put,330.00,-0.92%,4.1,4.2,4.3,1795,1368,1.31,24.74%,24.96%,-0.399377,2026-09-14
MCD,257.49,2026-09-18,4,Call,260.00,-0.97%,1.35,1.45,1.54,2388,1819,1.31,21.38%,23.09%,0.349705,2026-09-14
HIMS,28.81,2026-09-18,4,Call,31.00,-7.60%,0.24,0.25,0.29,2883,2208,1.31,66.39%,79.97%,0.203652,2026-09-14
TSLA,358.97,2026-09-25,11,Call,367.50,-2.38%,6.7,6.7,6.8,552,423,1.3,40.25%,41.01%,0.390142,2026-09-14
NOW,142.35,2026-09-25,11,Put,130.00,-8.68%,1.17,1.2,1.28,583,448,1.3,53.19%,56.03%,-0.160627,2026-09-14
RDDT,162.38,2026-09-18,4,Put,165.00,+1.61%,5.4,6,6.1,678,521,1.3,58.18%,63.64%,-0.580234,2026-09-14
CRWV,82.98,2026-09-25,11,Put,65.00,-21.67%,0.17,0.18,0.2,745,573,1.3,74.52%,82.39%,-0.03704,2026-09-14
TTAN,58.99,2026-09-18,4,Call,55.00,+6.76%,4.1,4.3,4.6,815,629,1.3,60.29%,67.56%,0.848803,2026-09-14
ACHR,5.51,2026-09-18,4,Call,5.50,+0.18%,0.16,0.17,0.19,941,722,1.3,66.42%,73.47%,0.526809,2026-09-14
MSTR,136.94,2026-09-25,11,Call,150.00,-9.54%,2.97,3.15,3.15,1685,1292,1.3,72.36%,79.54%,0.280006,2026-09-14
PLTR,173.31,2026-12-18,95,Put,170.00,-1.91%,16.45,16.8,17.1,2105,1621,1.3,48.39%,54.98%,-0.406938,2026-09-14
DELL,534.28,2026-09-18,4,Call,560.00,-4.81%,5.9,6,6.4,2491,1917,1.3,60.73%,68.87%,0.27045,2026-09-14
TSLA,358.97,2026-09-25,11,Call,390.00,-8.64%,1.85,1.88,1.9,3072,2368,1.3,40.25%,42.61%,0.142503,2026-09-14
INTC,97.19,2026-09-25,11,Call,100.00,-2.89%,3.05,3.1,3.2,4072,3135,1.3,60.75%,63.76%,0.42314,2026-09-14
SKHY,175.63,2026-09-18,4,Put,170.00,-3.21%,2.44,2.48,2.51,4795,3689,1.3,60.18%,66.44%,-0.305635,2026-09-14
MU,924.03,2026-11-20,67,Call,"1,300.00",-40.69%,14.75,15.52,15.8,7255,5591,1.3,58.66%,63.16%,0.135302,2026-09-14
NFLX,80.32,2026-09-18,4,Call,84.00,-4.58%,0.23,0.23,0.24,10180,7812,1.3,33.89%,38.96%,0.14267,2026-09-14
PLTR,173.31,2026-09-18,4,Call,167.50,+3.35%,7.65,7.75,7.85,4967,3841,1.29,48.39%,58.61%,0.723395,2026-09-14
PEP,136.34,2026-09-18,4,Call,141.00,-3.42%,0.11,0.15,0.16,552,429,1.29,24.21%,23.55%,0.087885,2026-09-14
AAPL,333.08,2026-09-25,11,Put,312.50,-6.18%,0.68,0.71,0.81,564,437,1.29,24.74%,28.82%,-0.093725,2026-09-14
SNDK,1551.99,2026-09-18,4,Put,"1,480.00",-4.64%,17.7,18.16,18.2,696,538,1.29,69.00%,71.54%,-0.2494,2026-09-14
DELL,534.28,2026-09-18,4,Call,605.00,-13.24%,0.67,0.73,0.88,713,552,1.29,60.73%,69.96%,0.04885,2026-09-14
TSM,418.01,2026-09-18,4,Put,405.00,-3.11%,1.78,1.94,1.96,1338,1039,1.29,33.86%,37.28%,-0.201244,2026-09-14
NVDA,210.96,2026-10-09,25,Call,225.00,-6.66%,2.5,2.54,2.57,4092,3162,1.29,33.57%,32.69%,0.246545,2026-09-14
INTC,97.19,2027-06-17,276,Put,125.00,+28.61%,38,37.97,38.6,526,412,1.28,60.75%,62.91%,-0.568818,2026-09-14
ZETA,31.01,2026-09-18,4,Call,33.00,-6.42%,0.15,0.25,0.3,642,501,1.28,62.01%,66.10%,0.195272,2026-09-14
ANET,187.81,2026-10-16,32,Put,165.00,-12.15%,2.31,2.68,2.76,722,565,1.28,49.45%,49.28%,-0.163463,2026-09-14
ENVX,3.02,2026-11-20,67,Call,3.00,+0.66%,0.39,0.53,0.57,936,729,1.28,86.70%,90.19%,0.590184,2026-09-14
DKNG,24.85,2026-09-18,4,Call,26.50,-6.64%,0.13,0.18,0.2,1065,832,1.28,54.24%,65.27%,0.183808,2026-09-14
CVX,212.17,2026-09-18,4,Put,205.00,-3.38%,0.68,0.71,0.79,1178,921,1.28,27.52%,35.38%,-0.171594,2026-09-14
GOOG,345.71,2026-09-18,4,Put,337.50,-2.37%,1.66,1.72,1.75,1221,953,1.28,29.72%,33.32%,-0.236971,2026-09-14
TSLA,358.97,2026-09-18,4,Call,352.50,+1.80%,10.5,10.55,10.6,1374,1071,1.28,40.25%,45.35%,0.661035,2026-09-14
AMZN,253.54,2026-09-16,2,Put,255.00,+0.58%,3.1,3.35,3.35,1623,1271,1.28,30.72%,32.66%,-0.586793,2026-09-14
TJX,125.99,2026-09-18,4,Put,145.00,+15.09%,18.4,18.41,19.5,2059,1606,1.28,22.59%,56.87%,-0.992299,2026-09-14
PFE,27.72,2027-03-19,186,Put,28.00,+1.01%,2.09,2.22,2.3,2124,1665,1.28,23.04%,24.67%,-0.495694,2026-09-14
GLW,143.6,2026-09-18,4,Call,160.00,-11.42%,0.38,0.45,0.47,3501,2742,1.28,59.58%,73.45%,0.086285,2026-09-14
RGTI,15.27,2026-10-16,32,Call,20.00,-30.98%,0.27,0.27,0.29,3803,2982,1.28,72.39%,81.06%,0.160884,2026-09-14
NFLX,80.32,2026-09-18,4,Put,79.00,-1.64%,0.67,0.67,0.68,4850,3797,1.28,33.89%,37.09%,-0.324551,2026-09-14
ORCL,144.79,2026-09-25,11,Call,180.00,-24.32%,0.15,0.18,0.2,4929,3865,1.28,49.83%,64.16%,0.0292,2026-09-14
AAPL,333.08,2026-09-18,4,Put,335.00,+0.58%,4.65,4.71,4.8,6184,4864,1.27,24.74%,26.87%,-0.571707,2026-09-14
PATH,14.66,2026-11-20,67,Call,24.00,-63.71%,0.07,0.1,0.16,501,394,1.27,60.61%,69.03%,0.067368,2026-09-14
DJT,8.85,2026-09-18,4,Put,8.50,-3.95%,0.1,0.11,0.12,511,401,1.27,63.74%,68.35%,-0.272702,2026-09-14
BA,210.27,2028-01-21,494,Put,100.00,-52.44%,1.02,1.11,1.31,570,449,1.27,30.54%,38.22%,-0.027429,2026-09-14
JD,27.26,2027-01-15,123,Put,24.00,-11.96%,0.57,0.8,0.86,588,462,1.27,29.99%,28.38%,-0.243491,2026-09-14
BA,210.27,2028-01-21,494,Call,240.00,-14.14%,27,28.79,30.9,1002,786,1.27,30.54%,41.85%,0.472262,2026-09-14
PANW,373.94,2026-10-16,32,Put,310.00,-17.10%,2.7,2.95,3.05,1371,1076,1.27,52.28%,52.86%,-0.097598,2026-09-14
TSM,418.01,2026-09-18,4,Call,435.00,-4.06%,1.08,1.16,1.23,1808,1425,1.27,33.86%,35.37%,0.147095,2026-09-14
NBIS,212.19,2026-09-18,4,Call,222.50,-4.86%,4,3.9,4.1,514,409,1.26,81.42%,90.00%,0.325518,2026-09-14
AMZN,253.54,2026-09-23,9,Call,255.00,-0.58%,4.05,4.45,4.25,972,773,1.26,30.72%,29.78%,0.468002,2026-09-14
MSFT,505.41,2026-09-18,4,Call,512.50,-1.40%,3,3.1,3.3,2535,2016,1.26,25.08%,28.17%,0.327467,2026-09-14
PLTR,173.31,2026-09-25,11,Call,190.00,-9.63%,1.2,1.22,1.24,2725,2160,1.26,48.39%,50.30%,0.159394,2026-09-14
BMNR,25.76,2028-06-16,641,Put,25.00,-2.95%,8.8,9.2,9.25,3004,2380,1.26,81.43%,80.58%,-0.276768,2026-09-14
MSTR,136.94,2026-09-18,4,Call,133.00,+2.88%,6.9,7.06,7.2,3199,2533,1.26,72.36%,85.05%,0.646884,2026-09-14
IREN,43.17,2026-09-18,4,Call,44.00,-1.92%,1.29,1.29,1.34,4918,3912,1.26,81.96%,92.92%,0.443112,2026-09-14
NOK,9.65,2026-09-25,11,Call,10.00,-3.63%,0.2,0.3,0.31,5657,4493,1.26,59.46%,59.38%,0.38675,2026-09-14
RGTI,15.27,2026-09-18,4,Call,16.50,-8.06%,0.14,0.15,0.15,4654,3730,1.25,72.39%,83.73%,0.201696,2026-09-14
IBM,249.09,2026-09-18,4,Call,260.00,-4.38%,0.96,0.97,1.04,6655,5305,1.25,33.48%,42.28%,0.172496,2026-09-14
ASX,37.08,2026-10-16,32,Put,37.50,+1.13%,2.05,2.51,3,563,450,1.25,56.95%,52.76%,-0.495813,2026-09-14
F,13.86,2026-10-23,39,Call,15.00,-8.23%,0.21,0.23,0.25,595,475,1.25,32.98%,34.56%,0.257599,2026-09-14
ACN,195,2027-03-19,186,Put,160.00,-17.95%,9.3,9.8,10.3,600,481,1.25,53.99%,47.05%,-0.218876,2026-09-14
MU,924.03,2026-09-18,4,Call,965.00,-4.43%,7.95,8.42,8.25,622,499,1.25,58.66%,58.08%,0.24925,2026-09-14
IONQ,37.5,2026-09-18,4,Call,41.00,-9.33%,0.29,0.33,0.33,778,620,1.25,71.47%,86.85%,0.175751,2026-09-14
OKTA,186.45,2026-09-18,4,Call,180.00,+3.46%,8.45,10,9.75,1328,1063,1.25,57.91%,68.02%,0.703924,2026-09-14
WMT,109.08,2026-09-18,4,Put,108.00,-0.99%,0.7,0.7,0.77,1532,1224,1.25,23.31%,26.69%,-0.352207,2026-09-14
MRNA,146.69,2026-09-18,4,Put,140.00,-4.56%,2.37,2.43,2.48,1587,1269,1.25,72.85%,85.30%,-0.283869,2026-09-14
HOOD,114.33,2026-09-18,4,Put,113.00,-1.16%,3,3,3.1,1815,1452,1.25,63.99%,77.87%,-0.425289,2026-09-14
ORCL,144.79,2026-10-23,39,Call,160.00,-10.50%,3.85,3.9,4.3,2278,1817,1.25,49.83%,49.21%,0.29932,2026-09-14
FTNT,170.18,2026-11-20,67,Put,150.00,-11.86%,7.4,7.39,7.95,3148,2511,1.25,48.34%,59.13%,-0.258629,2026-09-14
DNN,2.89,2027-04-16,214,Call,4.00,-38.41%,0.25,0.32,0.35,527,426,1.24,58.24%,68.03%,0.374993,2026-09-14
IREN,43.17,2026-09-18,4,Put,40.50,-6.18%,0.6,0.63,0.63,729,589,1.24,81.96%,92.50%,-0.238395,2026-09-14
MDLZ,62.39,2026-10-16,32,Call,65.00,-4.18%,0.5,0.6,0.7,851,687,1.24,24.20%,20.80%,0.264687,2026-09-14
IREN,43.17,2026-09-18,4,Call,46.50,-7.71%,0.56,0.57,0.61,887,715,1.24,81.96%,94.59%,0.242903,2026-09-14
CRWD,235.38,2026-09-25,11,Call,300.00,-27.45%,0.25,0.25,0.5,1260,1013,1.24,56.46%,73.28%,0.033288,2026-09-14
CIFR,15.64,2026-09-18,4,Put,14.50,-7.29%,0.3,0.31,0.34,1402,1134,1.24,102.09%,120.54%,-0.253603,2026-09-14
ET,21.49,2026-09-18,4,Put,21.50,+0.05%,0.16,0.2,0.26,1556,1258,1.24,18.25%,22.52%,-0.507419,2026-09-14
AMBA,63.98,2026-09-18,4,Call,80.00,-25.04%,0.25,0.25,0.55,1576,1274,1.24,75.08%,150.65%,0.090848,2026-09-14
HOOD,114.33,2026-09-25,11,Call,120.00,-4.96%,3.1,3.15,3.2,2595,2096,1.24,63.99%,67.62%,0.365288,2026-09-14
HIMS,28.81,2026-09-18,4,Call,30.00,-4.13%,0.46,0.48,0.5,8971,7234,1.24,66.39%,77.88%,0.32603,2026-09-14
"Downloaded from Barchart.com as of 09-14-2026 10:30pm CDT"
