Symbol,Price~,"Exp Date",DTE,Type,Strike,Moneyness,Bid,Latest,Ask,Volume,"Open Int",Vol/OI,"Imp Vol",IV,Delta,Time
WOLF,23.8,2026-09-18,53,Put,17.50,-26.47%,1.45,1.57,1.85,50175,144,348.44,127.63%,132.37%,-0.191877,2026-07-27
VG,12.82,2026-08-21,25,Call,14.00,-9.20%,0.6,0.67,0.75,15092,121,124.73,81.24%,83.23%,0.387392,2026-07-27
WBD,25.28,2026-12-18,144,Put,24.00,-5.06%,0.01,2.4,2.4,12176,109,111.71,31.43%,30.96%,-0.335926,2026-07-27
SKHY,143.02,2026-08-07,11,Put,125.00,-12.60%,5.5,5.68,6,12971,119,109,121.46%,138.89%,-0.247259,2026-07-27
SKHY,143.02,2026-12-18,144,Call,225.00,-57.32%,17.8,19.2,19.5,12056,114,105.75,121.46%,108.98%,0.383007,2026-07-27
NVDA,196.51,2026-07-29,2,Call,200.00,-1.78%,1.46,1.47,1.49,42117,415,101.49,42.30%,49.18%,0.322499,2026-07-27
LVS,47.76,2026-12-18,144,Call,40.00,+16.25%,9.3,9.5,9.65,15228,160,95.18,33.58%,41.23%,0.791001,2026-07-27
NVDA,196.51,2026-07-29,2,Call,197.50,-0.50%,2.45,2.47,2.49,46506,622,74.77,42.30%,50.26%,0.455438,2026-07-27
BTDR,11.35,2026-12-18,144,Call,25.00,-120.26%,0.75,1.05,1.15,9966,136,73.28,128.56%,119.92%,0.257301,2026-07-27
NVDA,196.51,2026-07-29,2,Call,202.50,-3.05%,0.81,0.84,0.84,36332,535,67.91,42.30%,48.77%,0.20923,2026-07-27
TSLA,309.22,2026-07-29,2,Call,300.00,+2.98%,10.7,10.9,11.05,9677,148,65.39,47.33%,54.48%,0.78107,2026-07-27
FIGR,28.83,2026-07-31,4,Call,30.00,-4.06%,0.6,0.66,0.85,8349,132,63.25,98.43%,99.18%,0.371659,2026-07-27
AAPL,336.91,2026-07-29,2,Put,335.00,-0.57%,2.2,2.25,2.3,15497,255,60.77,29.62%,31.60%,-0.396926,2026-07-27
TSLA,309.22,2026-07-29,2,Call,307.50,+0.56%,5.7,5.8,6.05,13220,234,56.5,47.33%,54.19%,0.565173,2026-07-27
NVDA,196.51,2026-07-29,2,Call,195.00,+0.77%,3.8,3.8,3.85,16745,314,53.33,42.30%,51.74%,0.58902,2026-07-27
UNP,299.3,2026-07-31,4,Call,320.00,-6.92%,0,0.38,0.6,6908,141,48.99,26.55%,39.81%,0.057166,2026-07-27
INTC,91.67,2026-07-29,2,Call,93.00,-1.45%,1.96,2.08,2.08,6154,128,48.08,82.93%,96.30%,0.434821,2026-07-27
TSLA,309.22,2026-07-29,2,Put,302.50,-2.17%,2.27,2.3,2.33,10549,220,47.95,47.33%,55.04%,-0.286363,2026-07-27
MARA,11.77,2026-08-07,11,Put,12.50,+6.20%,1.22,1.31,1.31,27838,586,47.51,98.94%,102.36%,-0.596981,2026-07-27
TSLA,309.22,2026-07-29,2,Put,307.50,-0.56%,4.05,4.2,4.2,26561,562,47.26,47.33%,54.50%,-0.435426,2026-07-27
TPG,42.96,2026-08-21,25,Call,42.50,+1.07%,0.9,2.2,2.3,5712,128,44.63,42.72%,31.07%,0.562875,2026-07-27
REPL,8.63,2026-07-31,4,Call,15.00,-73.81%,0.25,0.47,1.8,6504,146,44.55,331.42%,694.04%,0.345633,2026-07-27
MU,900.2,2026-07-29,2,Call,880.00,+2.24%,39.85,39.4,43.55,5481,128,42.82,94.14%,115.85%,0.621662,2026-07-27
NVDA,196.51,2026-07-29,2,Call,205.00,-4.32%,0.43,0.44,0.44,48422,1212,39.95,42.30%,48.77%,0.125312,2026-07-27
NOK,9.28,2026-08-14,18,Put,8.00,-13.79%,0.13,0.2,0.2,7646,192,39.82,70.23%,78.98%,-0.173579,2026-07-27
UBER,68.18,2026-08-28,32,Put,55.00,-19.33%,0.23,0.28,0.42,13076,329,39.74,46.75%,51.68%,-0.066812,2026-07-27
JOBY,7.37,2026-09-18,53,Call,10.00,-35.69%,0.23,0.26,0.26,10924,285,38.33,90.00%,82.76%,0.213869,2026-07-27
PATH,11.62,2028-12-15,872,Call,22.00,-89.33%,2.83,3.3,4.25,5003,139,35.99,74.73%,77.06%,0.557247,2026-07-27
TSLA,309.22,2026-07-29,2,Call,305.00,+1.36%,7.2,7.2,7.5,6806,194,35.08,47.33%,54.22%,0.643365,2026-07-27
EVGO,1.56,2026-08-21,25,Call,1.5000,+3.85%,0.15,0.2,0.2,15348,442,34.72,83.99%,88.49%,0.61635,2026-07-27
INTC,91.67,2026-07-31,4,Call,91.00,+0.73%,4.1,4.17,4.25,4095,121,33.84,82.93%,100.07%,0.549959,2026-07-27
TSLA,309.22,2026-07-29,2,Put,305.00,-1.36%,3.05,3.15,3.15,19594,585,33.49,47.33%,54.55%,-0.357641,2026-07-27
FRMI,7.23,2026-10-16,81,Call,10.00,-38.31%,1.1,1.18,1.2,7288,220,33.13,155.86%,142.98%,0.447236,2026-07-27
NOW,105.56,2026-07-31,4,Put,102.00,-3.37%,1.64,1.65,1.71,3552,108,32.89,58.66%,72.77%,-0.310996,2026-07-27
BKR,60.59,2026-08-21,25,Put,60.00,-0.97%,1.95,2.22,2.55,5709,187,30.53,38.14%,40.90%,-0.437792,2026-07-27
CSX,51.8,2026-07-31,4,Call,54.00,-4.25%,0.05,0.1,0.25,10044,332,30.25,25.70%,37.00%,0.147421,2026-07-27
NVDA,196.51,2026-07-29,2,Call,190.00,+3.31%,7.35,7.26,7.45,3138,108,29.06,42.30%,54.10%,0.806633,2026-07-27
KHC,26.22,2026-08-07,11,Put,24.00,-8.47%,0.05,0.12,0.13,6737,245,27.5,33.83%,40.58%,-0.099866,2026-07-27
HOOD,95.65,2026-08-07,11,Put,75.00,-21.59%,0.41,0.54,0.62,2703,102,26.5,79.63%,99.32%,-0.06647,2026-07-27
SNDK,1278.23,2026-07-31,4,Call,"1,400.00",-9.53%,36.9,37.8,40.5,6657,265,25.12,139.14%,154.21%,0.315403,2026-07-27
SKHY,143.02,2026-07-31,4,Call,150.00,-4.88%,6.8,6.85,7.4,5607,225,24.92,121.46%,166.80%,0.427255,2026-07-27
HPQ,26.55,2026-09-18,53,Put,26.00,-2.07%,1.85,1.99,1.99,12077,487,24.8,48.48%,54.74%,-0.4184,2026-07-27
TSLA,309.22,2026-07-31,4,Call,305.00,+1.36%,9.5,9.51,9.75,8262,338,24.44,47.33%,56.54%,0.605853,2026-07-27
NVDA,196.51,2026-08-03,7,Call,200.00,-1.78%,3.1,3.1,3.2,3095,127,24.37,42.30%,42.40%,0.397286,2026-07-27
INTC,91.67,2026-07-29,2,Call,95.00,-3.63%,1.3,1.31,1.32,8649,364,23.76,82.93%,95.94%,0.321081,2026-07-27
NVDA,196.51,2026-07-31,4,Call,197.50,-0.50%,3.7,3.7,3.8,29882,1264,23.64,42.30%,51.01%,0.475645,2026-07-27
BMNR,17.92,2026-09-18,53,Call,22.00,-22.77%,1.06,1.07,1.09,6607,283,23.35,83.82%,86.28%,0.328349,2026-07-27
SKHY,143.02,2026-12-18,144,Call,150.00,-4.88%,34.8,35.6,37.4,6665,288,23.14,121.46%,107.47%,0.613858,2026-07-27
CRWV,70.79,2026-11-20,116,Call,155.00,-118.96%,1.83,1.95,2.21,3256,141,23.09,109.11%,97.41%,0.129165,2026-07-27
CLS,318.24,2026-07-31,4,Call,340.00,-6.84%,10.3,12.79,13.2,3127,141,22.18,91.29%,151.57%,0.368782,2026-07-27
MU,900.2,2026-07-29,2,Call,875.00,+2.80%,42.5,45,46.75,3915,178,21.99,94.14%,115.51%,0.646965,2026-07-27
CLF,12.25,2026-08-07,11,Put,11.50,-6.12%,0.31,0.51,0.37,3257,150,21.71,69.00%,79.04%,-0.297095,2026-07-27
KO,84.07,2026-07-31,4,Put,84.00,-0.08%,1.26,1.28,1.3,4342,203,21.39,22.76%,37.61%,-0.482568,2026-07-27
NVDA,196.51,2026-07-29,2,Put,197.50,+0.50%,3.35,3.42,3.45,29077,1379,21.09,42.30%,49.76%,-0.54552,2026-07-27
TSLA,309.22,2026-07-29,2,Call,317.50,-2.68%,2.01,2.04,2.05,8557,408,20.97,47.33%,55.39%,0.267877,2026-07-27
QBTS,19.51,2026-08-07,11,Call,19.00,+2.61%,1.86,1.94,1.98,2972,143,20.78,107.61%,123.37%,0.59324,2026-07-27
TSLA,309.22,2026-07-29,2,Put,292.50,-5.41%,0.61,0.61,0.63,3701,181,20.45,47.33%,58.80%,-0.096265,2026-07-27
AMD,494.95,2026-08-28,32,Call,720.00,-45.47%,3.3,3.7,3.9,2084,102,20.43,81.19%,80.41%,0.074714,2026-07-27
PDD,84.85,2026-10-16,81,Call,115.00,-35.53%,0.4,0.55,0.93,5000,246,20.33,39.54%,43.44%,0.089596,2026-07-27
INTC,91.67,2026-07-31,4,Call,92.00,-0.36%,3.55,3.73,3.75,4611,229,20.14,82.93%,99.09%,0.508138,2026-07-27
DVN,43.16,2026-08-14,18,Call,50.00,-15.85%,0.16,0.18,0.21,2512,127,19.78,41.97%,47.65%,0.090934,2026-07-27
WULF,17.98,2026-08-14,18,Call,19.00,-5.67%,1.28,1.31,1.57,2315,118,19.62,111.25%,119.66%,0.456883,2026-07-27
MGNX,4,2026-08-21,25,Call,4.00,0.00%,0.35,0.35,0.6,2000,102,19.61,101.50%,113.10%,0.562138,2026-07-27
CCL,27.12,2026-08-28,32,Call,30.00,-10.62%,0.46,0.48,0.53,2268,116,19.55,48.28%,44.85%,0.246632,2026-07-27
LMND,61.99,2026-08-07,11,Call,75.00,-20.99%,0.8,0.95,2.85,2064,106,19.47,87.53%,133.24%,0.2409,2026-07-27
CAPR,6.99,2026-08-21,25,Call,10.00,-43.06%,1.8,2,2.2,3769,194,19.43,386.84%,390.03%,0.564592,2026-07-27
GOOGL,326.56,2026-07-29,2,Call,327.50,-0.29%,3.2,3.2,3.35,2976,154,19.32,31.30%,38.30%,0.467822,2026-07-27
MMM,178.23,2026-07-31,4,Put,172.50,-3.21%,0.5,0.6,0.75,2448,128,19.13,26.79%,34.52%,-0.176763,2026-07-27
SPCX,113.5,2026-10-16,81,Put,85.00,-25.11%,6.6,6.7,6.8,18917,1000,18.92,115.21%,95.90%,-0.188988,2026-07-27
TSLA,309.22,2026-07-31,4,Call,307.50,+0.56%,8.1,8.2,8.35,5915,313,18.9,47.33%,56.45%,0.551988,2026-07-27
RKT,13.49,2026-10-16,81,Call,16.00,-18.61%,0.78,0.77,0.85,2072,111,18.67,73.62%,63.95%,0.348808,2026-07-27
BX,132.6,2026-07-31,4,Put,130.00,-1.96%,1.4,2.11,1.93,2783,150,18.55,38.23%,50.61%,-0.344233,2026-07-27
CORZ,20.74,2026-08-21,25,Put,15.00,-27.68%,0.3,0.36,0.61,2546,141,18.06,103.37%,122.85%,-0.119884,2026-07-27
GOOGL,326.56,2026-07-29,2,Put,312.50,-4.31%,0.29,0.32,0.33,2530,141,17.94,31.30%,40.87%,-0.070057,2026-07-27
GOOGL,326.56,2026-07-29,2,Call,335.00,-2.58%,0.9,0.94,1.02,6450,360,17.92,31.30%,38.41%,0.190273,2026-07-27
MARA,11.77,2026-08-07,11,Put,10.50,-10.79%,0.29,0.33,0.38,28192,1589,17.74,98.94%,106.82%,-0.237707,2026-07-27
MU,900.2,2026-07-29,2,Call,900.00,+0.02%,30.05,30.3,31.45,3646,206,17.7,94.14%,115.03%,0.518931,2026-07-27
AMD,494.95,2026-08-05,9,Call,600.00,-21.22%,3.1,3.65,4,3181,184,17.29,81.19%,93.17%,0.108156,2026-07-27
NVDA,196.51,2026-08-21,25,Call,202.50,-3.05%,5.95,6.03,6.05,5820,338,17.22,42.30%,40.84%,0.417659,2026-07-27
ZETA,20.74,2028-01-21,543,Put,30.00,+44.65%,12.65,13.45,13.95,2500,148,16.89,91.63%,75.70%,-0.47412,2026-07-27
PLTR,131.53,2026-07-31,4,Call,141.00,-7.20%,0.62,0.63,0.64,10407,616,16.89,67.26%,61.40%,0.148364,2026-07-27
NVDA,196.51,2026-07-29,2,Put,217.50,+10.68%,20.75,20.89,21.9,9256,550,16.83,42.30%,88.81%,-0.934911,2026-07-27
AAPL,336.91,2026-07-29,2,Call,337.50,-0.18%,2.64,2.79,2.85,28314,1709,16.57,29.62%,30.15%,0.47642,2026-07-27
SPCX,113.5,2026-08-07,11,Call,116.00,-2.20%,10.3,10.5,10.8,2628,160,16.43,115.21%,147.70%,0.518933,2026-07-27
XYL,120.16,2026-08-21,25,Call,125.00,-4.03%,2.5,3.1,3.2,3088,189,16.34,37.51%,37.76%,0.368465,2026-07-27
NOW,105.56,2026-07-31,4,Put,101.00,-4.32%,1.29,1.29,1.4,1984,122,16.26,58.66%,72.36%,-0.265812,2026-07-27
CLS,318.24,2026-07-31,4,Call,360.00,-13.12%,6,7.39,8,3104,191,16.25,91.29%,154.08%,0.247814,2026-07-27
AMD,494.95,2026-07-31,4,Call,480.00,+3.02%,27.55,28.6,29.05,2531,156,16.22,81.19%,97.41%,0.638972,2026-07-27
SKHY,143.02,2026-07-31,4,Call,177.50,-24.11%,1.25,1.37,1.5,3158,196,16.11,121.46%,164.37%,0.121614,2026-07-27
TSLA,309.22,2026-07-31,4,Call,300.00,+2.98%,12.7,13,13,7404,465,15.92,47.33%,56.96%,0.706861,2026-07-27
GOOG,326.57,2026-08-07,11,Call,327.50,-0.28%,7.1,7.25,7.5,1717,109,15.75,31.02%,33.56%,0.499042,2026-07-27
SKHY,143.02,2026-07-31,4,Put,95.00,-33.58%,0.25,0.25,0.35,27054,1749,15.47,121.46%,208.73%,-0.023674,2026-07-27
HIMS,30.24,2026-07-31,4,Call,33.00,-9.13%,0.31,0.31,0.34,10097,653,15.46,106.45%,94.40%,0.203129,2026-07-27
MRVL,189.17,2026-07-31,4,Call,185.00,+2.20%,10.95,11.55,11.8,1572,102,15.41,93.81%,116.55%,0.59749,2026-07-27
CPNG,15.93,2026-07-31,4,Call,16.00,-0.44%,0.34,0.41,0.45,2447,160,15.29,69.85%,63.93%,0.48958,2026-07-27
GOOG,326.57,2026-07-31,4,Call,352.50,-7.94%,0.27,0.33,0.33,6438,428,15.04,31.02%,43.38%,0.049309,2026-07-27
WBD,25.28,2027-03-19,235,Call,30.00,-18.67%,0,0.72,1.15,5908,394,14.99,31.43%,22.38%,0.235598,2026-07-27
IREN,36.29,2026-07-31,4,Call,38.00,-4.71%,1.47,1.53,1.54,9641,649,14.86,130.93%,145.35%,0.411392,2026-07-27
TSLA,309.22,2026-07-29,2,Put,312.50,+1.06%,6.75,6.81,7.05,4707,319,14.76,47.33%,55.85%,-0.591331,2026-07-27
AAL,14.95,2026-08-07,11,Call,14.50,+3.01%,0.79,0.83,0.85,3592,244,14.72,53.04%,55.40%,0.643424,2026-07-27
INTC,91.67,2026-07-29,2,Put,82.00,-10.55%,0.26,0.3,0.3,2185,149,14.66,82.93%,110.42%,-0.079765,2026-07-27
ASTS,58.29,2028-12-15,872,Call,95.00,-62.98%,28.05,28.12,29.65,1533,105,14.6,110.30%,104.00%,0.713071,2026-07-27
NVDA,196.51,2026-07-29,2,Put,190.00,-3.31%,0.8,0.83,0.83,33189,2290,14.49,42.30%,53.01%,-0.188833,2026-07-27
AAPL,336.91,2026-07-31,4,Call,362.50,-7.60%,0.5,0.5,0.53,3621,250,14.48,29.62%,46.76%,0.07163,2026-07-27
KVUE,19.48,2026-07-31,4,Call,19.50,-0.10%,0.16,0.18,0.18,4498,312,14.42,66.34%,22.16%,0.485976,2026-07-27
NVDA,196.51,2026-07-29,2,Call,192.50,+2.04%,5.4,5.35,5.5,3633,253,14.36,42.30%,52.35%,0.710858,2026-07-27
TSLA,309.22,2026-07-31,4,Put,322.50,+4.29%,15.65,16.3,16,12292,862,14.26,47.33%,56.57%,-0.750835,2026-07-27
CORZ,20.74,2026-08-21,25,Call,20.00,+3.57%,2.49,2.46,2.85,2525,178,14.19,103.37%,106.43%,0.609744,2026-07-27
NVDA,196.51,2026-08-05,9,Call,207.50,-5.59%,1.51,1.58,1.58,1868,133,14.05,42.30%,41.81%,0.216386,2026-07-27
TSLA,309.22,2026-07-29,2,Put,297.50,-3.79%,1.19,1.21,1.22,4837,345,14.02,47.33%,56.43%,-0.170978,2026-07-27
GOOGL,326.56,2026-07-29,2,Call,330.00,-1.05%,2.02,2.19,2.34,10494,754,13.92,31.30%,37.36%,0.359998,2026-07-27
WBD,25.28,2026-11-20,116,Put,24.00,-5.06%,0.65,0.96,1.15,1475,106,13.92,31.43%,28.11%,-0.32008,2026-07-27
AVGO,383.22,2026-07-29,2,Put,370.00,-3.45%,2.25,2.52,2.6,2575,187,13.77,52.73%,64.73%,-0.223712,2026-07-27
GS,1048.23,2026-07-31,4,Put,950.00,-9.37%,0.77,0.84,0.98,2456,179,13.72,34.88%,53.43%,-0.036674,2026-07-27
ADBE,237.75,2026-08-14,18,Call,260.00,-9.36%,3,3.25,3.85,1575,115,13.7,50.43%,50.32%,0.233043,2026-07-27
MDLZ,60.67,2026-07-31,4,Call,64.00,-5.49%,0.2,0.25,0.35,1504,110,13.67,30.32%,50.87%,0.16447,2026-07-27
TGT,140.34,2026-07-31,4,Put,136.00,-3.09%,0.53,0.65,0.69,2270,167,13.59,43.78%,36.53%,-0.199909,2026-07-27
IOVA,4.9,2026-08-07,11,Call,6.00,-22.45%,0,0.2,0.3,2403,178,13.5,123.21%,140.08%,0.239838,2026-07-27
INTC,91.67,2026-08-07,11,Put,82.00,-10.55%,1.93,1.96,2.09,2378,177,13.44,82.93%,93.01%,-0.218748,2026-07-27
UBER,68.18,2026-09-04,39,Put,64.00,-6.13%,1.94,2.12,2.62,4299,322,13.35,46.75%,47.87%,-0.307215,2026-07-27
INTC,91.67,2026-07-31,4,Call,93.00,-1.45%,3.15,3.24,3.3,3829,291,13.16,82.93%,99.64%,0.467006,2026-07-27
TSLA,309.22,2026-07-31,4,Put,297.50,-3.79%,2.8,2.85,2.85,2876,221,13.01,47.33%,57.30%,-0.248238,2026-07-27
AMD,494.95,2026-07-29,2,Put,440.00,-11.10%,0.85,0.94,1.02,1312,101,12.99,81.19%,102.92%,-0.056462,2026-07-27
IOT,35.34,2026-07-31,4,Call,38.00,-7.53%,0.2,0.5,0.35,1361,105,12.96,69.85%,74.63%,0.18811,2026-07-27
UBER,68.18,2026-08-28,32,Put,64.00,-6.13%,1.76,1.93,2.1,4366,337,12.96,46.75%,47.67%,-0.295141,2026-07-27
AMD,494.95,2026-07-31,4,Call,490.00,+1.00%,21.8,22.64,22.55,1306,101,12.93,81.19%,94.85%,0.56155,2026-07-27
AAPL,336.91,2026-07-29,2,Call,342.50,-1.66%,0.9,1.04,1.1,11807,919,12.85,29.62%,29.75%,0.233291,2026-07-27
ORCL,119.9,2026-07-31,4,Call,124.00,-3.42%,2.22,2.23,2.31,7137,556,12.84,68.14%,78.08%,0.356397,2026-07-27
TSLA,309.22,2026-07-29,2,Call,312.50,-1.06%,3.55,3.55,3.65,12638,986,12.82,47.33%,54.99%,0.407475,2026-07-27
AMZN,231.39,2026-07-29,2,Put,215.00,-7.08%,0.1,0.25,0.15,2431,191,12.73,42.53%,54.86%,-0.033336,2026-07-27
TSLA,309.22,2026-07-29,2,Call,310.00,-0.25%,4.6,4.6,4.7,22673,1792,12.65,47.33%,54.71%,0.485218,2026-07-27
TSLA,309.22,2026-07-31,4,Call,310.00,-0.25%,6.95,6.95,7.05,17447,1384,12.61,47.33%,56.66%,0.49756,2026-07-27
MU,900.2,2026-07-29,2,Call,910.00,-1.09%,25.55,26,26.4,2860,228,12.54,94.14%,114.33%,0.46679,2026-07-27
KO,84.07,2026-07-31,4,Put,83.00,-1.27%,0.83,0.85,0.87,2921,235,12.43,22.76%,37.85%,-0.36465,2026-07-27
GPN,84.06,2026-09-18,53,Call,95.00,-13.01%,2.5,2.6,2.75,2962,239,12.39,53.26%,48.87%,0.292632,2026-07-27
FISV,52.31,2026-07-31,4,Call,56.00,-7.05%,0.15,0.2,0.25,2625,213,12.32,56.07%,56.46%,0.131985,2026-07-27
TSLA,309.22,2026-07-29,2,Put,300.00,-2.98%,1.65,1.72,1.69,30031,2448,12.27,47.33%,55.56%,-0.223335,2026-07-27
CIFR,21.65,2026-07-31,4,Call,22.50,-3.93%,0.91,0.8,1.15,2830,231,12.25,128.69%,153.25%,0.437468,2026-07-27
CLS,318.24,2026-07-31,4,Call,350.00,-9.98%,8.1,10,11,3428,280,12.24,91.29%,156.63%,0.31001,2026-07-27
SPCX,113.5,2026-07-31,4,Call,111.00,+2.20%,6.4,6.53,6.6,3331,274,12.16,115.21%,109.47%,0.600696,2026-07-27
MSFT,389.1,2026-08-07,11,Call,460.00,-18.22%,1.12,1.19,1.27,7824,648,12.07,43.64%,62.01%,0.067604,2026-07-27
AMD,494.95,2026-07-29,2,Call,540.00,-9.10%,1.34,1.35,1.41,1676,139,12.06,81.19%,87.20%,0.094379,2026-07-27
NVDA,196.51,2026-07-31,4,Call,187.50,+4.59%,10.3,10.91,10.4,1817,151,12.03,42.30%,54.95%,0.802492,2026-07-27
AAPL,336.91,2026-07-29,2,Call,345.00,-2.40%,0.44,0.63,0.63,19692,1644,11.98,29.62%,29.53%,0.143149,2026-07-27
MU,900.2,2026-07-29,2,Call,990.00,-9.98%,4,3.93,4.5,2262,189,11.97,94.14%,107.30%,0.124018,2026-07-27
ORCL,119.9,2026-08-28,32,Call,145.00,-20.93%,2.04,2.2,2.44,3483,296,11.77,68.14%,65.50%,0.190809,2026-07-27
NVTS,11.41,2026-07-31,4,Put,9.50,-16.74%,0.23,0.25,0.26,2285,195,11.72,131.54%,205.84%,-0.168614,2026-07-27
MSTR,98.65,2026-08-28,32,Call,102.00,-3.40%,7.95,8.15,8.6,1320,114,11.58,80.73%,82.28%,0.49923,2026-07-27
SNDK,1278.23,2026-07-31,4,Call,"1,300.00",-1.70%,72.9,76,77.5,2846,246,11.57,139.14%,158.86%,0.493607,2026-07-27
CMG,33.2,2026-08-28,32,Call,37.00,-11.45%,0.64,0.72,0.79,1164,101,11.52,52.01%,49.64%,0.260505,2026-07-27
CRM,173.6,2026-08-07,11,Put,165.00,-4.95%,2.34,2.45,2.55,1796,156,11.51,47.85%,49.43%,-0.259996,2026-07-27
TSLA,309.22,2026-07-31,4,Put,255.00,-17.53%,0.12,0.14,0.14,6825,595,11.47,47.33%,84.75%,-0.013167,2026-07-27
GOOG,326.57,2026-07-31,4,Call,327.50,-0.28%,4.8,4.88,5,4566,403,11.33,31.02%,38.78%,0.483758,2026-07-27
CIFR,21.65,2026-08-14,18,Call,29.00,-33.95%,0.54,0.65,0.84,1902,168,11.32,128.69%,137.28%,0.211693,2026-07-27
NVTS,11.41,2026-08-07,11,Call,11.00,+3.59%,1.33,1.45,1.55,1245,112,11.12,131.54%,157.47%,0.608177,2026-07-27
NVDA,196.51,2026-07-29,2,Put,185.00,-5.86%,0.27,0.28,0.29,8261,761,10.86,42.30%,57.32%,-0.07389,2026-07-27
IONQ,35.92,2026-07-31,4,Call,38.50,-7.18%,0.62,0.73,0.78,1681,156,10.78,102.43%,108.24%,0.290442,2026-07-27
CIFR,21.65,2026-09-18,53,Call,45.00,-107.85%,0.16,0.4,0.49,3999,372,10.75,128.69%,119.32%,0.085352,2026-07-27
NVDA,196.51,2026-08-07,11,Call,197.50,-0.50%,5.65,5.7,5.75,1610,150,10.73,42.30%,44.70%,0.494404,2026-07-27
NVDA,196.51,2026-08-07,11,Call,202.50,-3.05%,3.45,3.45,3.6,3286,307,10.7,42.30%,43.34%,0.363483,2026-07-27
GOOG,326.57,2026-07-31,4,Call,347.50,-6.41%,0.48,0.48,0.51,8760,821,10.67,31.02%,41.17%,0.079069,2026-07-27
KLAC,203.36,2026-11-20,116,Put,172.00,-15.42%,23.1,24.8,27.3,1375,129,10.66,97.49%,95.50%,-0.275208,2026-07-27
COP,115.58,2026-12-18,144,Put,120.00,+3.82%,11.5,10.6,11.75,2503,236,10.61,35.93%,32.56%,-0.523632,2026-07-27
NVDA,196.51,2026-07-29,2,Put,212.50,+8.14%,15.6,15.92,16.25,12997,1233,10.54,42.30%,45.85%,-0.991417,2026-07-27
PLTR,131.53,2026-07-31,4,Call,139.00,-5.68%,0.94,0.96,0.97,12039,1148,10.49,67.26%,61.53%,0.206318,2026-07-27
AMZN,231.39,2026-07-31,4,Put,280.00,+21.01%,47.85,48.19,49.35,1214,116,10.47,42.53%,74.49%,-0.995133,2026-07-27
META,593.87,2026-08-03,7,Call,627.50,-5.66%,12.5,12.45,13.5,1614,156,10.35,50.42%,78.19%,0.326751,2026-07-27
RLAY,18.64,2026-09-18,53,Call,20.00,-7.30%,1.15,1.89,2.9,1456,142,10.25,100.56%,89.36%,0.491704,2026-07-27
FRMI,7.23,2026-10-16,81,Call,8.00,-10.65%,1.55,1.55,1.7,3149,308,10.22,155.86%,139.94%,0.574777,2026-07-27
GOOGL,326.56,2026-07-29,2,Call,332.50,-1.82%,1.46,1.45,1.56,2170,214,10.14,31.30%,38.40%,0.269773,2026-07-27
REPL,8.63,2026-07-31,4,Call,9.50,-10.08%,0.85,1.87,2.2,6104,608,10.04,331.42%,515.77%,0.536959,2026-07-27
TSLA,309.22,2026-07-29,2,Put,322.50,+4.29%,14,14.26,14.7,4254,425,10.01,47.33%,56.92%,-0.835362,2026-07-27
MBI,5.53,2027-01-15,172,Call,5.00,+9.58%,0.5,1.67,3.3,3983,400,9.96,62.35%,135.79%,0.657524,2026-07-27
NVTS,11.41,2026-07-31,4,Call,11.50,-0.79%,0.92,0.94,0.94,2535,255,9.94,131.54%,203.64%,0.528535,2026-07-27
AMD,494.95,2026-07-29,2,Call,515.00,-4.05%,5.2,5.5,5.75,1096,111,9.87,81.19%,87.91%,0.28274,2026-07-27
FIG,22.94,2026-07-31,4,Call,27.00,-17.70%,0.1,0.15,0.22,9555,969,9.86,108.23%,123.49%,0.116451,2026-07-27
CHYM,21.86,2026-09-18,53,Put,20.00,-8.51%,1.4,1.48,1.55,6532,666,9.81,76.82%,73.47%,-0.317981,2026-07-27
NVDA,196.51,2026-07-31,4,Call,202.50,-3.05%,1.8,1.81,1.83,20627,2108,9.79,42.30%,49.42%,0.291812,2026-07-27
LI,12.62,2026-08-07,11,Call,13.50,-6.97%,0.12,0.14,0.18,1324,136,9.74,53.32%,50.75%,0.239267,2026-07-27
COST,951.58,2026-08-28,32,Put,785.00,-17.51%,0.2,0.42,0.84,1216,125,9.73,21.81%,31.37%,-0.015961,2026-07-27
WBD,25.28,2026-10-16,81,Call,27.00,-6.80%,0.45,0.46,0.65,19438,2008,9.68,31.43%,23.46%,0.320676,2026-07-27
META,593.87,2026-07-31,4,Call,695.00,-17.03%,1.97,2.17,2.34,5162,534,9.67,50.42%,102.02%,0.078425,2026-07-27
UAMY,5.45,2026-07-31,4,Call,5.50,-0.92%,0.25,0.25,0.3,1205,125,9.64,113.62%,130.59%,0.501775,2026-07-27
APLD,26.38,2026-07-31,4,Call,27.50,-4.25%,1.51,1.56,1.58,3463,360,9.62,117.85%,182.94%,0.452118,2026-07-27
AMD,494.95,2026-07-29,2,Call,525.00,-6.07%,3.05,3.16,3.4,2202,231,9.53,81.19%,87.02%,0.189476,2026-07-27
AMD,494.95,2026-07-29,2,Call,537.50,-8.60%,1.49,1.62,1.69,970,102,9.51,81.19%,87.07%,0.10667,2026-07-27
NVDA,196.51,2026-07-29,2,Put,187.50,-4.59%,0.46,0.48,0.48,5478,576,9.51,42.30%,54.70%,-0.118323,2026-07-27
AMZN,231.39,2026-07-29,2,Call,235.00,-1.56%,1.27,1.26,1.36,15118,1596,9.47,42.53%,39.73%,0.306768,2026-07-27
MU,900.2,2026-07-29,2,Put,880.00,-2.24%,20.95,21.75,21.8,1885,200,9.43,94.14%,116.00%,-0.378577,2026-07-27
TTWO,243.95,2026-11-20,116,Call,280.00,-14.78%,15.7,16.02,16.2,1978,210,9.42,55.86%,50.53%,0.382641,2026-07-27
NVDA,196.51,2026-08-03,7,Call,202.50,-3.05%,2.22,2.25,2.28,1427,152,9.39,42.30%,41.77%,0.315624,2026-07-27
TSLA,309.22,2026-07-31,4,Put,295.00,-4.60%,2.23,2.26,2.28,10950,1168,9.38,47.33%,57.77%,-0.207622,2026-07-27
AAPL,336.91,2026-07-29,2,Put,330.00,-2.05%,0.82,0.87,0.9,24229,2587,9.37,29.62%,32.60%,-0.190046,2026-07-27
AAPL,336.91,2026-07-31,4,Put,317.50,-5.76%,0.99,1,1.08,10194,1089,9.36,29.62%,49.30%,-0.1186,2026-07-27
DKNG,24.11,2027-06-17,325,Put,20.00,-17.05%,2.8,2.8,2.95,1000,107,9.35,62.75%,60.54%,-0.255002,2026-07-27
DIS,96.65,2026-07-31,4,Call,101.00,-4.50%,0.12,0.14,0.16,3772,405,9.31,36.37%,31.61%,0.094712,2026-07-27
DBX,30.54,2026-08-07,11,Call,29.00,+5.04%,2.05,2.16,2.3,937,101,9.28,45.26%,59.88%,0.712367,2026-07-27
HL,15.19,2026-07-31,4,Call,15.00,+1.25%,0.52,0.57,0.6,2124,230,9.23,74.46%,72.28%,0.582894,2026-07-27
TTWO,243.95,2026-08-21,25,Call,290.00,-18.88%,2.75,3,3.1,1885,205,9.2,55.86%,59.90%,0.156505,2026-07-27
GLXY,22.7,2026-08-21,25,Call,29.00,-27.75%,0.35,0.65,2.69,2411,263,9.17,100.44%,144.82%,0.326265,2026-07-27
TXT,96.13,2026-08-21,25,Call,105.00,-9.23%,0.75,0.85,0.85,1059,116,9.13,34.08%,34.08%,0.17932,2026-07-27
MGNX,4,2026-08-21,25,Put,4.00,0.00%,0.3,0.4,0.5,2101,231,9.1,101.50%,97.18%,-0.446408,2026-07-27
NVDA,196.51,2026-08-05,9,Call,205.00,-4.32%,2.11,2.1,2.19,1734,192,9.03,42.30%,42.24%,0.276556,2026-07-27
NVDA,196.51,2026-07-29,2,Put,220.00,+11.95%,22.75,22.72,24.35,2179,242,9,42.30%,73.84%,-0.980316,2026-07-27
NVDA,196.51,2026-08-21,25,Call,197.50,-0.50%,8.25,8.31,8.35,1984,221,8.98,42.30%,41.80%,0.511112,2026-07-27
XPEV,12.78,2026-08-28,32,Call,12.50,+2.19%,0.89,1.1,1.41,924,103,8.97,64.07%,65.95%,0.590083,2026-07-27
ASX,36.55,2027-01-15,172,Put,27.50,-24.76%,2.85,3.5,4,1200,134,8.96,97.36%,82.88%,-0.212683,2026-07-27
GM,87.04,2026-12-18,144,Call,105.00,-20.63%,2.25,2.45,2.81,2040,229,8.91,36.43%,35.18%,0.246041,2026-07-27
RSI,31.62,2026-08-21,25,Put,30.00,-5.12%,1.4,1.7,1.8,6025,680,8.86,72.63%,73.18%,-0.351536,2026-07-27
CVNA,64.04,2026-09-18,53,Put,74.00,+15.55%,13.1,13.6,13.7,2401,272,8.83,82.24%,73.26%,-0.643974,2026-07-27
LOW,211.55,2026-08-07,11,Put,195.00,-7.82%,0.3,0.6,1.15,879,100,8.79,36.46%,38.53%,-0.104279,2026-07-27
GOOGL,326.56,2026-07-31,4,Call,342.50,-4.88%,0.84,0.89,0.94,5740,654,8.78,31.30%,39.78%,0.132441,2026-07-27
SKHY,143.02,2027-01-15,172,Put,115.00,-19.59%,21.6,21.9,23.6,1004,115,8.73,121.46%,103.91%,-0.247721,2026-07-27
SW,50.09,2026-08-21,25,Call,55.00,-9.80%,0.55,0.75,0.95,2024,233,8.69,45.81%,45.02%,0.230881,2026-07-27
AAPL,336.91,2026-07-29,2,Call,340.00,-0.92%,1.63,1.75,1.78,36641,4217,8.69,29.62%,29.79%,0.346496,2026-07-27
AMD,494.95,2026-08-05,9,Call,550.00,-11.12%,9.35,10.7,12.2,1337,154,8.68,81.19%,93.80%,0.262264,2026-07-27
AMD,494.95,2026-08-28,32,Call,650.00,-31.33%,6.75,7.95,10,1231,142,8.67,81.19%,79.59%,0.152721,2026-07-27
INTC,91.67,2026-07-31,4,Call,70.00,+23.64%,21.25,21.55,22.05,3694,426,8.67,82.93%,94.48%,0.997215,2026-07-27
TSLA,309.22,2026-07-29,2,Put,310.00,+0.25%,5.25,5.43,5.6,15007,1731,8.67,47.33%,55.29%,-0.514849,2026-07-27
CLS,318.24,2026-08-21,25,Call,315.00,+1.02%,29.4,32.51,38,2592,301,8.61,91.29%,96.11%,0.569986,2026-07-27
AVGO,383.22,2026-07-29,2,Call,385.00,-0.46%,5.9,6.05,6.85,1148,135,8.5,52.73%,63.50%,0.47142,2026-07-27
BIDU,105.29,2028-01-21,543,Call,135.00,-28.22%,18.1,20.1,20.35,1000,118,8.47,55.53%,51.99%,0.508086,2026-07-27
TSLA,309.22,2026-08-05,9,Call,312.50,-1.06%,8.4,8.2,8.6,1303,154,8.46,47.33%,51.02%,0.467923,2026-07-27
GOOGL,326.56,2026-07-29,2,Put,327.50,+0.29%,3.85,4.06,4.3,1582,187,8.46,31.30%,37.43%,-0.533743,2026-07-27
NVDA,196.51,2026-08-07,11,Call,207.50,-5.59%,1.98,2,2.04,9179,1086,8.45,42.30%,42.23%,0.244173,2026-07-27
MU,900.2,2026-07-29,2,Call,890.00,+1.13%,35.1,36.3,37,1580,187,8.45,94.14%,115.76%,0.570689,2026-07-27
INTC,91.67,2026-07-29,2,Put,87.00,-5.09%,0.95,1.01,1.06,1840,218,8.44,82.93%,103.60%,-0.235072,2026-07-27
NVDA,196.51,2026-07-29,2,Put,195.00,-0.77%,2.19,2.25,2.23,30815,3671,8.39,42.30%,50.44%,-0.409365,2026-07-27
AMZN,231.39,2026-08-03,7,Call,265.00,-14.53%,0.6,0.62,0.72,3607,431,8.37,42.53%,65.13%,0.073391,2026-07-27
CENX,44.87,2026-09-18,53,Call,50.00,-11.43%,3,3,3.9,1020,122,8.36,78.69%,77.65%,0.419698,2026-07-27
AAPL,336.91,2026-08-03,7,Call,350.00,-3.89%,2.25,2.4,2.53,919,110,8.35,29.62%,37.06%,0.24047,2026-07-27
UPS,112.95,2026-07-31,4,Put,113.00,+0.04%,3.55,3.66,3.9,858,103,8.33,41.05%,78.22%,-0.486602,2026-07-27
AMZN,231.39,2026-08-21,25,Call,267.50,-15.61%,1.43,1.49,1.58,856,103,8.31,42.53%,44.18%,0.11999,2026-07-27
PAYX,115.48,2026-08-21,25,Call,100.00,+13.40%,14,15.25,17.6,5450,656,8.31,31.06%,38.30%,0.930954,2026-07-27
NVDA,196.51,2026-07-29,2,Put,192.50,-2.04%,1.35,1.37,1.4,14875,1790,8.31,42.30%,51.68%,-0.287025,2026-07-27
AAPL,336.91,2026-07-31,4,Put,350.00,+3.89%,14.6,16,16.25,3167,382,8.29,29.62%,49.72%,-0.75894,2026-07-27
TSLA,309.22,2026-07-29,2,Call,327.50,-5.91%,0.56,0.57,0.57,5499,667,8.24,47.33%,57.62%,0.093317,2026-07-27
DIS,96.65,2026-08-14,18,Call,105.00,-8.64%,0.9,0.98,1.07,1078,131,8.23,36.37%,42.30%,0.202325,2026-07-27
CIFR,21.65,2026-08-07,11,Call,29.00,-33.95%,0.3,0.41,0.59,1093,133,8.22,128.69%,151.71%,0.164998,2026-07-27
CSX,51.8,2026-08-07,11,Call,50.00,+3.47%,2.2,2.28,2.3,1176,144,8.17,25.70%,31.07%,0.756872,2026-07-27
RTX,218.42,2026-09-18,53,Put,220.00,+0.72%,8.95,8.9,9.65,815,100,8.15,27.23%,26.58%,-0.49777,2026-07-27
INTC,91.67,2026-07-29,2,Call,88.00,+4.00%,4.75,4.85,5.05,1091,134,8.14,82.93%,100.38%,0.722174,2026-07-27
TSM,399.09,2026-12-18,144,Call,680.00,-70.39%,2.96,3.05,4.1,1254,155,8.09,49.56%,50.83%,0.070419,2026-07-27
NVDA,196.51,2026-07-31,4,Put,217.50,+10.68%,20.65,20.15,21.95,2638,328,8.04,42.30%,62.71%,-0.935752,2026-07-27
AMD,494.95,2028-06-16,690,Call,"1,010.00",-104.06%,94,96.85,102.85,1003,125,8.02,81.19%,71.78%,0.439737,2026-07-27
MU,900.2,2026-07-29,2,Call,"1,030.00",-14.42%,1.26,1.49,1.5,1025,128,8.01,94.14%,106.69%,0.048091,2026-07-27
MU,900.2,2026-07-29,2,Put,870.00,-3.35%,17.55,18,18.2,2244,281,7.99,94.14%,117.49%,-0.330748,2026-07-27
NVDA,196.51,2026-08-05,9,Call,210.00,-6.86%,1.06,1.1,1.13,4722,592,7.98,42.30%,41.60%,0.165487,2026-07-27
IREN,36.29,2026-07-31,4,Call,37.00,-1.96%,1.87,1.93,1.95,1818,229,7.94,130.93%,146.58%,0.481266,2026-07-27
WMT,111.74,2026-08-21,25,Put,107.00,-4.24%,1.7,1.73,1.83,2024,255,7.94,31.21%,32.62%,-0.284419,2026-07-27
CAT,873.28,2026-07-31,4,Call,900.00,-3.06%,11.35,12.85,12.85,966,122,7.92,54.26%,61.96%,0.334554,2026-07-27
MDB,309.71,2026-07-31,4,Call,320.00,-3.32%,6.35,6.5,7.5,1052,133,7.91,74.47%,85.89%,0.37668,2026-07-27
BE,188.18,2026-08-07,11,Call,185.00,+1.69%,30.25,33.2,32.5,1280,162,7.9,170.35%,231.15%,0.597095,2026-07-27
GM,87.04,2026-07-31,4,Call,81.00,+6.94%,5.25,5.4,6.6,2466,312,7.9,36.43%,28.07%,0.993196,2026-07-27
BCS,28.56,2026-10-16,81,Put,28.00,-1.96%,1.05,1.6,1.65,2024,257,7.88,36.70%,30.47%,-0.415346,2026-07-27
STUB,8.41,2026-07-31,4,Call,8.50,-1.07%,0.2,0.35,0.3,943,120,7.86,91.80%,82.53%,0.469939,2026-07-27
SKHY,143.02,2026-08-07,11,Put,135.00,-5.61%,8.9,9.04,9.6,1209,154,7.85,121.46%,134.60%,-0.356524,2026-07-27
APLD,26.38,2026-07-31,4,Call,33.50,-26.99%,0.29,0.3,0.31,1803,230,7.84,117.85%,184.84%,0.127747,2026-07-27
SPCX,113.5,2026-08-07,11,Call,182.50,-60.79%,1.55,1.45,1.7,2258,288,7.84,115.21%,191.02%,0.103256,2026-07-27
AAPL,336.91,2026-07-29,2,Put,332.50,-1.31%,1.39,1.43,1.5,10059,1287,7.82,29.62%,32.31%,-0.284475,2026-07-27
INTC,91.67,2026-11-20,116,Call,70.00,+23.64%,28.55,28.85,29.2,65259,8354,7.81,82.93%,85.15%,0.793606,2026-07-27
SHOP,126.88,2026-08-07,11,Call,170.00,-33.98%,0.13,0.35,0.73,843,108,7.81,74.76%,97.51%,0.050805,2026-07-27
AMZN,231.39,2026-07-29,2,Call,227.50,+1.68%,5.1,5.15,5.4,1264,162,7.8,42.53%,42.25%,0.71368,2026-07-27
APLD,26.38,2026-07-31,4,Put,20.00,-24.18%,0.15,0.15,0.16,4226,544,7.77,117.85%,185.89%,-0.064119,2026-07-27
AAOI,97.82,2026-08-14,18,Call,120.00,-22.67%,5.5,5.83,6.6,781,101,7.73,141.19%,151.18%,0.331564,2026-07-27
LULU,117.83,2026-08-07,11,Put,105.00,-10.89%,0.17,0.41,0.65,787,102,7.72,50.42%,50.21%,-0.08416,2026-07-27
META,593.87,2026-08-21,25,Call,"1,320.00",-122.27%,0.01,0.1,0.47,1852,240,7.72,50.42%,111.18%,0.004783,2026-07-27
BA,211.5,2026-11-20,116,Put,235.00,+11.11%,27.7,30.79,33.45,2201,285,7.72,39.25%,32.99%,-0.677429,2026-07-27
POET,7.09,2026-08-14,18,Call,7.00,+1.27%,0.76,0.75,0.91,1145,149,7.68,118.00%,125.93%,0.576094,2026-07-27
JPM,356.2,2026-08-21,25,Call,385.00,-8.09%,0.38,0.58,0.86,1957,255,7.67,22.63%,19.99%,0.075655,2026-07-27
TSLA,309.22,2026-08-28,32,Call,310.00,-0.25%,17.3,17.46,17.55,2346,306,7.67,47.33%,47.45%,0.530079,2026-07-27
INTC,91.67,2026-07-31,4,Call,90.00,+1.82%,4.65,4.75,4.85,6575,858,7.66,82.93%,101.30%,0.590767,2026-07-27
AAPL,336.91,2026-07-29,2,Call,347.50,-3.14%,0.31,0.34,0.36,5472,718,7.62,29.62%,31.18%,0.093144,2026-07-27
NOK,9.28,2026-08-14,18,Put,9.00,-3.02%,0.43,0.49,0.54,1746,229,7.62,70.23%,76.59%,-0.393139,2026-07-27
ADP,254.98,2026-07-31,4,Put,240.00,-5.87%,0.3,1.2,2.5,1761,231,7.62,34.38%,60.29%,-0.160442,2026-07-27
TSLA,309.22,2026-08-03,7,Call,315.00,-1.87%,5.75,5.75,5.9,1081,142,7.61,47.33%,48.23%,0.40768,2026-07-27
NVDA,196.51,2026-07-29,2,Call,207.50,-5.59%,0.22,0.22,0.23,23753,3124,7.6,42.30%,49.41%,0.071484,2026-07-27
LUNR,13.31,2027-01-15,172,Put,23.00,+72.80%,10.85,11.35,11.8,1601,211,7.59,119.90%,114.43%,-0.620118,2026-07-27
HD,336.09,2026-08-14,18,Call,370.00,-10.09%,0.7,0.8,0.99,3120,411,7.59,34.19%,30.45%,0.08352,2026-07-27
CORZ,20.74,2026-07-31,4,Put,20.00,-3.57%,0.6,0.7,0.73,3643,481,7.57,103.37%,116.98%,-0.35915,2026-07-27
CRH,102.86,2026-08-21,25,Call,105.00,-2.08%,3,3.15,4,1094,146,7.49,41.17%,40.85%,0.44956,2026-07-27
CSGP,29.17,2026-10-16,81,Call,30.00,-2.85%,2.9,3.5,3.4,793,106,7.48,74.28%,62.25%,0.531485,2026-07-27
LLY,1197.53,2026-07-31,4,Put,950.00,-20.67%,0.05,0.1,0.2,906,122,7.43,44.94%,84.19%,-0.003745,2026-07-27
META,593.87,2026-07-31,4,Call,705.00,-18.71%,1.41,1.7,1.86,5140,694,7.41,50.42%,102.56%,0.061693,2026-07-27
PINS,23.5,2026-07-31,4,Call,24.00,-2.13%,0.39,0.41,0.45,3492,473,7.38,71.59%,64.08%,0.391886,2026-07-27
NMRA,1.66,2026-10-16,81,Call,2.0000,-20.48%,0.05,0.4,0.55,5003,678,7.38,307.98%,131.86%,0.509503,2026-07-27
AAPL,336.91,2026-07-31,4,Put,312.50,-7.25%,0.59,0.6,0.63,6497,881,7.37,29.62%,50.91%,-0.074348,2026-07-27
NVTS,11.41,2026-07-31,4,Put,10.50,-7.98%,0.51,0.53,0.56,2307,314,7.35,131.54%,201.76%,-0.308255,2026-07-27
NVDA,196.51,2026-08-05,9,Call,202.50,-3.05%,2.88,2.95,2.97,1011,138,7.33,42.30%,42.78%,0.343812,2026-07-27
NCLH,20.03,2026-07-31,4,Put,19.50,-2.65%,0.62,0.72,0.8,2402,328,7.32,59.27%,115.74%,-0.38793,2026-07-27
MU,900.2,2026-07-29,2,Call,925.00,-2.75%,19.15,18.9,19.7,731,100,7.31,94.14%,111.92%,0.38809,2026-07-27
AMD,494.95,2026-07-29,2,Call,547.50,-10.62%,0.82,0.87,0.96,811,111,7.31,81.19%,87.91%,0.064881,2026-07-27
GM,87.04,2026-07-31,4,Call,88.00,-1.10%,1.25,1.31,1.33,2098,287,7.31,36.43%,46.97%,0.423729,2026-07-27
IOVA,4.9,2026-08-07,11,Put,4.50,-8.16%,0.05,0.3,0.5,1366,187,7.3,123.21%,138.27%,-0.316073,2026-07-27
SPCX,113.5,2026-07-31,4,Call,110.00,+3.08%,7,7.03,7.2,6537,896,7.3,115.21%,110.12%,0.630376,2026-07-27
MU,900.2,2026-07-29,2,Call,885.00,+1.69%,38.2,38.15,39.5,1103,152,7.26,94.14%,115.95%,0.596237,2026-07-27
INTC,91.67,2026-08-03,7,Put,90.00,-1.82%,3.3,3.4,3.65,999,138,7.24,82.93%,85.35%,-0.413355,2026-07-27
VZ,47.32,2026-08-07,11,Call,49.00,-3.55%,0.22,0.29,0.33,765,106,7.22,24.51%,26.31%,0.225169,2026-07-27
IREN,36.29,2026-07-31,4,Call,35.50,+2.18%,2.6,2.6,2.76,1136,158,7.19,130.93%,150.63%,0.587439,2026-07-27
TSLA,309.22,2026-07-29,2,Put,287.50,-7.02%,0.33,0.34,0.35,1052,147,7.16,47.33%,62.60%,-0.054921,2026-07-27
NVDA,196.51,2026-08-03,7,Call,217.50,-10.68%,0.2,0.32,0.23,6341,886,7.16,42.30%,42.50%,0.046026,2026-07-27
GOOG,326.57,2026-07-31,4,Call,332.50,-1.82%,2.85,2.93,3.05,5203,728,7.15,31.02%,38.97%,0.340228,2026-07-27
AMZN,231.39,2026-07-29,2,Call,232.50,-0.48%,2.17,2.25,2.4,6847,958,7.15,42.53%,40.66%,0.445371,2026-07-27
SNDK,1278.23,2026-07-31,4,Call,"1,500.00",-17.35%,18.2,18.04,19,6848,958,7.15,139.14%,153.10%,0.17991,2026-07-27
MRVL,189.17,2026-08-07,11,Call,185.00,+2.20%,14.9,15.5,15.65,2343,329,7.12,93.81%,100.34%,0.587486,2026-07-27
GOOGL,326.56,2026-07-31,4,Put,327.50,+0.29%,5.4,5.44,6,1649,232,7.11,31.30%,38.61%,-0.51742,2026-07-27
CHWY,21.8,2026-08-07,11,Put,20.00,-8.26%,0.17,0.17,0.25,880,124,7.1,55.53%,56.53%,-0.174319,2026-07-27
TSLA,309.22,2026-08-03,7,Put,305.00,-1.36%,6.05,6.51,6.2,1418,200,7.09,47.33%,48.00%,-0.401803,2026-07-27
CNC,64.08,2026-07-31,4,Call,66.00,-3.00%,1.78,1.95,2.34,1384,196,7.06,57.73%,107.20%,0.419384,2026-07-27
NVDA,196.51,2026-07-29,2,Put,202.50,+3.05%,6.7,6.8,6.8,10526,1490,7.06,42.30%,47.91%,-0.795806,2026-07-27
TSLA,309.22,2026-07-31,4,Put,317.50,+2.68%,12,12.08,12.35,4411,626,7.05,47.33%,56.41%,-0.660397,2026-07-27
PYPL,56.07,2026-07-31,4,Put,46.50,-17.07%,0.14,0.17,0.25,775,110,7.05,51.32%,120.54%,-0.060756,2026-07-27
MU,900.2,2026-07-29,2,Call,920.00,-2.20%,21.15,21.59,22.1,1204,171,7.04,94.14%,113.29%,0.414797,2026-07-27
XE,15.2,2026-09-18,53,Call,12.50,+17.76%,3.3,3.76,4.1,724,103,7.03,110.68%,97.17%,0.766677,2026-07-27
BMNR,17.92,2026-07-31,4,Put,17.00,-5.13%,0.33,0.34,0.35,3102,443,7,83.82%,97.29%,-0.283756,2026-07-27
MU,900.2,2026-07-31,4,Call,905.00,-0.53%,41,41.75,43.45,720,103,6.99,94.14%,117.93%,0.508692,2026-07-27
U,30.44,2026-08-07,11,Call,34.00,-11.70%,1,1.1,1.1,1229,176,6.98,86.86%,108.49%,0.312992,2026-07-27
MSTR,98.65,2026-08-07,11,Put,82.00,-16.88%,0.8,0.9,0.98,3820,548,6.97,80.73%,92.77%,-0.108492,2026-07-27
MU,900.2,2026-07-31,4,Call,870.00,+3.35%,60.1,61.11,62.75,766,110,6.96,94.14%,120.50%,0.631833,2026-07-27
AMD,494.95,2026-07-31,4,Call,517.50,-4.56%,10.1,10.45,10.7,780,112,6.96,81.19%,92.67%,0.342112,2026-07-27
INTC,91.67,2028-12-15,872,Call,45.00,+50.91%,60.05,61.76,63,1718,247,6.96,82.93%,84.40%,0.887011,2026-07-27
AAPL,336.91,2026-08-28,32,Put,340.00,+0.92%,12.55,13.2,13,893,129,6.92,29.62%,29.13%,-0.51526,2026-07-27
GLW,143.36,2026-08-07,11,Call,180.00,-25.56%,0.99,1.2,1.3,1088,158,6.89,86.93%,97.74%,0.105354,2026-07-27
PLTR,131.53,2026-07-31,4,Put,131.00,-0.40%,3.15,3.19,3.25,1565,227,6.89,67.26%,63.51%,-0.460626,2026-07-27
MBLY,8.01,2026-07-31,4,Call,8.50,-6.12%,0.12,0.14,0.16,1730,251,6.89,71.59%,95.05%,0.29354,2026-07-27
GOOGL,326.56,2026-07-29,2,Put,325.00,-0.48%,2.8,2.95,3.05,2277,331,6.88,31.30%,38.21%,-0.425073,2026-07-27
CRML,6.04,2026-07-31,4,Call,6.00,+0.66%,0.25,0.35,0.4,760,111,6.85,104.18%,120.76%,0.547332,2026-07-27
QS,5.18,2026-08-21,25,Call,5.50,-6.18%,0.32,0.35,0.45,2919,428,6.82,87.94%,94.37%,0.456525,2026-07-27
GS,1048.23,2026-07-31,4,Put,770.00,-26.54%,0,0.11,0.2,1063,156,6.81,34.88%,108.24%,-0.002718,2026-07-27
GLW,143.36,2027-06-17,325,Call,180.00,-25.56%,30.25,32.5,32.5,726,107,6.79,86.93%,78.19%,0.53577,2026-07-27
TSLA,309.22,2026-08-07,11,Call,310.00,-0.25%,10.7,10.9,11,3787,558,6.79,47.33%,51.67%,0.51155,2026-07-27
MU,900.2,2026-07-31,4,Call,875.00,+2.80%,57.05,49.5,60.2,873,129,6.77,94.14%,120.70%,0.614476,2026-07-27
AMD,494.95,2026-07-29,2,Put,450.00,-9.08%,1.5,1.58,1.73,3068,455,6.74,81.19%,99.78%,-0.091996,2026-07-27
AMD,494.95,2026-07-31,4,Call,485.00,+2.01%,24.2,25.5,25.95,1057,157,6.73,81.19%,95.79%,0.60128,2026-07-27
INTC,91.67,2026-07-29,2,Call,102.00,-11.27%,0.2,0.22,0.25,1565,233,6.72,82.93%,98.49%,0.076953,2026-07-27
VZ,47.32,2027-01-15,172,Put,48.00,+1.44%,3.45,3.55,3.85,1000,149,6.71,24.51%,24.11%,-0.509482,2026-07-27
RKLB,66.94,2026-07-31,4,Call,72.00,-7.56%,1.1,1.1,1.15,3059,456,6.71,101.78%,103.23%,0.268711,2026-07-27
TSCO,31.8,2026-08-07,11,Call,33.00,-3.77%,0.45,0.5,0.5,3503,522,6.71,41.98%,42.62%,0.32211,2026-07-27
MU,900.2,2026-07-29,2,Call,895.00,+0.58%,32.8,33.4,34,1069,160,6.68,94.14%,115.64%,0.544892,2026-07-27
JNJ,265.95,2026-08-07,11,Call,270.00,-1.52%,3.05,3.3,3.5,766,115,6.66,25.01%,26.91%,0.385819,2026-07-27
APLD,26.38,2026-07-31,4,Call,27.00,-2.35%,1.69,1.74,1.78,3427,516,6.64,117.85%,182.23%,0.489896,2026-07-27
PDD,84.85,2026-08-07,11,Call,88.00,-3.71%,0.98,1,1.09,756,114,6.63,39.54%,37.43%,0.304404,2026-07-27
M,24.96,2028-01-21,543,Call,30.00,-20.19%,4.05,4.14,4.25,1120,169,6.63,51.00%,48.68%,0.486751,2026-07-27
INTC,91.67,2026-07-29,2,Put,84.00,-8.37%,0.44,0.47,0.5,1095,166,6.6,82.93%,106.87%,-0.125865,2026-07-27
PII,74.7,2026-08-21,25,Call,90.00,-20.48%,0,0.68,1.8,1002,152,6.59,57.30%,63.65%,0.149997,2026-07-27
PL,21,2026-07-31,4,Call,23.00,-9.52%,0.2,0.27,0.35,711,108,6.58,98.99%,104.54%,0.219757,2026-07-27
BOC,14.35,2026-08-21,25,Call,15.00,-4.53%,0.4,0.41,0.5,1782,271,6.58,71.47%,46.76%,0.389532,2026-07-27
BMNR,17.92,2026-08-07,11,Call,22.00,-22.77%,0.05,0.17,0.18,1609,245,6.57,83.82%,85.71%,0.097243,2026-07-27
UNH,417.64,2026-09-18,53,Put,140.00,-66.48%,0.01,0.15,0.34,778,119,6.54,28.77%,112.73%,-0.002851,2026-07-27
AAPL,336.91,2026-08-03,7,Put,320.00,-5.02%,1.6,1.65,1.86,987,151,6.54,29.62%,40.30%,-0.168276,2026-07-27
INTC,91.67,2027-02-19,207,Put,80.00,-12.73%,13.15,13.8,14.5,2264,347,6.52,82.93%,78.18%,-0.290419,2026-07-27
BAC,62.13,2026-07-31,4,Put,63.00,+1.40%,1.08,1.11,1.19,1391,215,6.47,22.56%,23.42%,-0.708712,2026-07-27
INTC,91.67,2027-01-15,172,Put,170.00,+85.45%,80.1,82.66,81.8,1058,164,6.45,82.93%,78.90%,-0.818973,2026-07-27
PYPL,56.07,2026-07-31,4,Put,54.00,-3.69%,1.5,1.59,1.67,3274,508,6.44,51.32%,108.41%,-0.348073,2026-07-27
PG,148.63,2026-07-31,4,Put,143.00,-3.79%,0.64,0.68,0.85,881,137,6.43,26.65%,43.85%,-0.193216,2026-07-27
GOOGL,326.56,2026-07-29,2,Call,342.50,-4.88%,0.24,0.29,0.3,1189,185,6.43,31.30%,41.45%,0.06279,2026-07-27
AI,8.82,2026-07-31,4,Put,9.00,+2.04%,0.35,0.39,0.42,1263,198,6.38,71.75%,77.42%,-0.581258,2026-07-27
PYPL,56.07,2026-08-07,11,Put,52.00,-7.26%,0.92,1.1,1.2,1812,284,6.38,51.32%,70.04%,-0.246169,2026-07-27
IQV,213.22,2026-08-21,25,Call,230.00,-7.87%,4.2,5.13,7.2,987,155,6.37,51.87%,52.51%,0.321143,2026-07-27
TSLA,309.22,2026-08-03,7,Put,307.50,-0.56%,7.15,7.2,7.3,1261,198,6.37,47.33%,47.83%,-0.44991,2026-07-27
MU,900.2,2026-07-29,2,Call,950.00,-5.53%,11.15,11.5,11.75,2951,463,6.37,94.14%,109.68%,0.267519,2026-07-27
QBTS,19.51,2026-07-31,4,Call,19.00,+2.61%,1.14,1.18,1.2,5757,908,6.34,107.61%,110.44%,0.614245,2026-07-27
BIDU,105.29,2026-09-18,53,Put,70.00,-33.52%,0.01,0.25,0.5,685,108,6.34,55.53%,59.27%,-0.026037,2026-07-27
CGNX,61.29,2026-09-18,53,Put,55.00,-10.26%,2.4,3.9,4.2,710,112,6.34,83.76%,68.34%,-0.287281,2026-07-27
CRM,173.6,2026-08-14,18,Put,160.00,-7.83%,2.16,1.87,2.47,1501,237,6.33,47.85%,48.85%,-0.206912,2026-07-27
IBM,216.28,2026-07-31,4,Put,207.50,-4.06%,1.11,1.27,1.29,1238,196,6.32,41.92%,47.65%,-0.195703,2026-07-27
NOK,9.28,2026-09-18,53,Put,7.00,-24.57%,0.15,0.19,0.2,10287,1628,6.32,70.23%,72.79%,-0.121554,2026-07-27
GLW,143.36,2026-07-31,4,Call,150.00,-4.63%,5,5.13,5.25,1802,286,6.3,86.93%,130.63%,0.397213,2026-07-27
INTC,91.67,2026-07-31,4,Call,95.00,-3.63%,2.4,2.37,2.48,5939,945,6.28,82.93%,99.29%,0.386608,2026-07-27
ASTS,58.29,2026-07-31,4,Call,55.00,+5.64%,4.45,4.6,4.65,952,152,6.26,110.30%,108.35%,0.716509,2026-07-27
YETI,50.92,2026-08-21,25,Call,52.50,-3.10%,2.05,2.2,2.15,1501,241,6.23,50.56%,51.31%,0.443573,2026-07-27
TSLA,309.22,2027-09-17,417,Put,190.00,-38.56%,12.05,12.5,12.4,821,132,6.22,47.33%,52.72%,-0.111991,2026-07-27
BIDU,105.29,2028-01-21,543,Put,135.00,+28.22%,40,41.9,44.5,1000,161,6.21,55.53%,51.18%,-0.529984,2026-07-27
SNDK,1278.23,2026-07-31,4,Put,"1,260.00",-1.43%,76.4,78.89,80.4,780,126,6.19,139.14%,165.18%,-0.431939,2026-07-27
SPCX,113.5,2026-08-07,11,Call,112.00,+1.32%,12.1,12.7,12.7,617,100,6.17,115.21%,148.68%,0.573323,2026-07-27
MRVL,189.17,2026-07-31,4,Put,157.50,-16.74%,0.87,0.95,1.03,653,106,6.16,93.81%,129.60%,-0.077666,2026-07-27
SNDK,1278.23,2026-07-31,4,Put,"1,280.00",+0.14%,84.5,88.8,90,887,144,6.16,139.14%,162.32%,-0.468629,2026-07-27
INTC,91.67,2026-07-31,4,Call,94.00,-2.54%,2.75,2.8,2.85,1860,302,6.16,82.93%,99.12%,0.425889,2026-07-27
GS,1048.23,2026-07-31,4,Put,800.00,-23.68%,0.01,0.1,0.22,615,100,6.15,34.88%,97.33%,-0.003419,2026-07-27
MU,900.2,2026-07-31,4,Call,920.00,-2.20%,34.15,34,35.65,1569,255,6.15,94.14%,115.70%,0.453874,2026-07-27
QS,5.18,2026-08-07,11,Put,6.50,+25.48%,1.21,1.48,1.62,1030,168,6.13,87.94%,126.77%,-0.821527,2026-07-27
CHTR,131.61,2026-10-16,81,Put,120.00,-8.82%,8.7,8.7,9.7,1315,215,6.12,62.76%,62.23%,-0.314011,2026-07-27
MU,900.2,2026-07-31,4,Call,850.00,+5.58%,72.95,72.15,75,1050,172,6.1,94.14%,121.05%,0.698224,2026-07-27
TSLA,309.22,2026-08-05,9,Call,322.50,-4.29%,4.85,4.75,5,1581,260,6.08,47.33%,51.20%,0.318549,2026-07-27
CRWD,180.11,2026-12-18,144,Put,140.00,-22.27%,8.65,9.6,10.25,1188,196,6.06,62.45%,63.61%,-0.194172,2026-07-27
AAPL,336.91,2026-07-29,2,Call,350.00,-3.89%,0.18,0.16,0.19,11101,1833,6.06,29.62%,31.88%,0.055252,2026-07-27
AMD,494.95,2026-07-31,4,Call,500.00,-1.02%,17,17.3,17.7,4433,734,6.04,81.19%,94.79%,0.480581,2026-07-27
ASML,1655.26,2026-07-31,4,Call,"1,800.00",-8.74%,8.8,10.12,11.6,816,135,6.04,60.44%,75.53%,0.154642,2026-07-27
TSLA,309.22,2026-08-05,9,Put,305.00,-1.36%,7.65,8.15,7.8,816,135,6.04,47.33%,50.95%,-0.412543,2026-07-27
NMM,77.71,2026-12-18,144,Put,70.00,-9.92%,3.1,3.5,3.7,1404,234,6,37.48%,37.37%,-0.270338,2026-07-27
AMZN,231.39,2026-07-31,4,Call,262.50,-13.44%,0.58,0.71,0.69,4421,741,5.97,42.53%,80.96%,0.074742,2026-07-27
PII,74.7,2026-08-21,25,Call,80.00,-7.10%,2.65,2.7,3.3,1174,197,5.96,57.30%,64.58%,0.373372,2026-07-27
QBTS,19.51,2026-07-31,4,Put,16.50,-15.43%,0.03,0.14,0.15,1393,234,5.95,107.61%,118.44%,-0.07832,2026-07-27
AMD,494.95,2026-07-29,2,Put,475.00,-4.03%,5.55,5.75,5.95,939,158,5.94,81.19%,94.04%,-0.264864,2026-07-27
UBER,68.18,2026-07-31,4,Call,68.00,+0.26%,1.3,1.34,1.38,3408,575,5.93,46.75%,43.40%,0.535725,2026-07-27
TSLA,309.22,2026-08-28,32,Put,200.00,-35.32%,0.37,0.4,0.41,1262,214,5.9,47.33%,72.20%,-0.015422,2026-07-27
TSLA,309.22,2026-07-29,2,Put,290.00,-6.22%,0.45,0.46,0.47,4588,777,5.9,47.33%,60.72%,-0.072931,2026-07-27
TSLA,309.22,2026-07-29,2,Put,285.00,-7.83%,0.26,0.27,0.28,1349,229,5.89,47.33%,65.39%,-0.043343,2026-07-27
GOOGL,326.56,2027-03-19,235,Put,225.00,-31.10%,3,3.1,3.25,4001,680,5.88,31.30%,36.27%,-0.066779,2026-07-27
LRCX,291.61,2026-07-31,4,Put,210.00,-27.99%,0.02,0.55,0.7,772,132,5.85,92.69%,158.05%,-0.019277,2026-07-27
SNDK,1278.23,2026-08-07,11,Call,"1,550.00",-21.26%,56.1,56,61.8,695,119,5.84,139.14%,163.26%,0.296416,2026-07-27
LMND,61.99,2026-07-31,4,Call,77.00,-24.21%,0.3,0.5,0.7,999,171,5.84,87.53%,157.20%,0.108793,2026-07-27
IONQ,35.92,2026-07-31,4,Call,37.00,-3.01%,1.12,1.22,1.25,2828,484,5.84,102.43%,109.35%,0.421479,2026-07-27
TEAM,95.87,2026-07-31,4,Call,95.00,+0.91%,3.8,4.05,4.3,605,104,5.82,92.01%,89.82%,0.558912,2026-07-27
SGML,9.95,2026-08-07,11,Put,12.00,+20.60%,1.65,2.15,2.35,700,121,5.79,109.11%,93.42%,-0.858923,2026-07-27
EVTL,1.42,2026-08-21,25,Call,1.5000,-5.63%,0.1,0.15,0.15,805,139,5.79,122.98%,105.63%,0.47963,2026-07-27
IONQ,35.92,2026-07-31,4,Call,42.00,-16.93%,0.18,0.19,0.21,1649,285,5.79,102.43%,112.14%,0.102022,2026-07-27
QXO,14.13,2026-07-31,4,Call,14.00,+0.92%,0.45,0.5,0.6,1226,212,5.78,72.42%,77.33%,0.563396,2026-07-27
AMD,494.95,2026-08-07,11,Call,535.00,-8.09%,16.85,16.85,18,1452,251,5.78,81.19%,94.21%,0.349246,2026-07-27
DELL,426.91,2026-07-31,4,Call,405.00,+5.13%,29.75,24.9,32.1,1027,178,5.77,86.29%,102.40%,0.708207,2026-07-27
AMZN,231.39,2026-07-29,2,Call,240.00,-3.72%,0.36,0.37,0.38,8658,1503,5.76,42.53%,40.00%,0.112644,2026-07-27
NOW,105.56,2026-08-07,11,Call,115.00,-8.94%,1.52,1.5,1.6,2800,488,5.74,58.66%,63.77%,0.239312,2026-07-27
NVAX,7.49,2026-07-31,4,Call,8.00,-6.81%,0.08,0.1,0.09,1202,210,5.72,94.72%,81.92%,0.235546,2026-07-27
CVNA,64.04,2026-08-07,11,Put,60.00,-6.31%,2.78,2.9,3.05,1893,332,5.7,82.24%,109.26%,-0.328754,2026-07-27
OXY,54.93,2026-08-07,11,Call,65.00,-18.33%,0,0.1,0.18,717,126,5.69,40.50%,54.94%,0.043466,2026-07-27
AMD,494.95,2026-08-28,32,Put,450.00,-9.08%,24.35,27.09,28.05,1149,202,5.69,81.19%,82.18%,-0.300049,2026-07-27
MU,900.2,2026-07-31,4,Call,880.00,+2.24%,54.35,54.35,56.6,1570,276,5.69,94.14%,119.69%,0.597513,2026-07-27
TSLA,309.22,2026-07-29,2,Call,320.00,-3.49%,1.47,1.44,1.5,13437,2366,5.68,47.33%,55.66%,0.21,2026-07-27
JPM,356.2,2026-07-31,4,Put,342.50,-3.85%,0.54,0.58,0.62,1143,202,5.66,22.63%,30.46%,-0.105267,2026-07-27
SKHY,143.02,2026-08-07,11,Put,90.00,-37.07%,0.6,0.7,0.9,1501,265,5.66,121.46%,166.70%,-0.040167,2026-07-27
MSFT,389.1,2026-08-07,11,Put,380.00,-2.34%,10.9,11.2,11.2,2992,529,5.66,43.64%,57.44%,-0.38428,2026-07-27
TSLA,309.22,2026-07-31,4,Put,315.00,+1.87%,10.35,10.46,10.65,10460,1848,5.66,47.33%,56.15%,-0.610543,2026-07-27
MSFT,389.1,2026-07-31,4,Put,342.50,-11.98%,1.01,1.05,1.09,622,110,5.65,43.64%,84.12%,-0.067342,2026-07-27
WT,19.71,2026-08-21,25,Call,20.00,-1.47%,0.8,0.8,0.95,1006,178,5.65,54.59%,48.07%,0.485136,2026-07-27
PYPL,56.07,2026-07-31,4,Put,48.00,-14.39%,0.27,0.29,0.31,608,108,5.63,51.32%,115.19%,-0.088298,2026-07-27
AMZN,231.39,2026-07-29,2,Put,232.50,+0.48%,3.15,3.37,3.75,2769,492,5.63,42.53%,42.11%,-0.552918,2026-07-27
TSLA,309.22,2026-07-29,2,Put,295.00,-4.60%,0.85,0.88,0.87,6268,1114,5.63,47.33%,57.42%,-0.128546,2026-07-27
AI,8.82,2026-08-07,11,Call,8.00,+9.30%,0.92,1.01,1.03,994,177,5.62,71.75%,76.14%,0.791803,2026-07-27
INTC,91.67,2026-07-29,2,Put,86.00,-6.19%,0.75,0.81,0.85,877,157,5.59,82.93%,105.25%,-0.194743,2026-07-27
SPCX,113.5,2026-07-31,4,Call,112.00,+1.32%,5.9,5.98,6.1,4932,883,5.59,115.21%,110.33%,0.570009,2026-07-27
QBTS,19.51,2026-07-31,4,Call,20.00,-2.51%,0.71,0.72,0.75,6466,1159,5.58,107.61%,115.45%,0.443717,2026-07-27
JBLU,5.43,2026-07-31,4,Call,5.50,-1.29%,0.21,0.24,0.25,10686,1920,5.57,74.01%,115.12%,0.482949,2026-07-27
NVTS,11.41,2026-08-07,11,Call,12.50,-9.55%,0.75,0.84,0.85,701,126,5.56,131.54%,153.56%,0.418818,2026-07-27
NVDA,196.51,2026-08-03,7,Call,205.00,-4.32%,1.55,1.53,1.59,3826,689,5.55,42.30%,41.42%,0.242441,2026-07-27
GLNG,48.98,2026-09-18,53,Call,55.00,-12.29%,0.95,1,1.05,10973,1976,5.55,38.65%,39.30%,0.24658,2026-07-27
TSLA,309.22,2026-11-20,116,Call,350.00,-13.19%,20.05,19.8,20.35,14129,2548,5.55,47.33%,48.42%,0.392586,2026-07-27
APLD,26.38,2026-07-31,4,Call,33.00,-25.09%,0.34,0.35,0.35,9358,1688,5.54,117.85%,184.18%,0.143697,2026-07-27
MS,214.56,2026-07-31,4,Put,207.50,-3.29%,1.33,1.64,1.69,615,111,5.54,34.16%,46.80%,-0.238472,2026-07-27
AMZN,231.39,2026-07-31,4,Put,275.00,+18.85%,43.15,41.54,44.45,958,173,5.54,42.53%,86.72%,-0.969881,2026-07-27
BABA,115,2026-08-07,11,Put,105.00,-8.70%,0.5,0.67,0.74,1325,239,5.54,48.84%,47.58%,-0.126397,2026-07-27
NOW,105.56,2026-08-21,25,Call,103.00,+2.43%,7.9,8.07,8.25,714,129,5.53,58.66%,60.50%,0.598687,2026-07-27
LITE,711.96,2026-08-07,11,Put,600.00,-15.73%,13.5,15.5,17.1,938,170,5.52,109.24%,119.16%,-0.174805,2026-07-27
TGT,140.34,2026-07-31,4,Put,138.00,-1.67%,0.98,1,1.2,1799,326,5.52,43.78%,35.34%,-0.317586,2026-07-27
BMNR,17.92,2026-07-31,4,Put,17.50,-2.34%,0.51,0.52,0.54,2573,466,5.52,83.82%,97.13%,-0.386961,2026-07-27
V,362.53,2026-10-16,81,Call,370.00,-2.06%,14.5,14.65,15,2879,522,5.52,26.96%,25.05%,0.476122,2026-07-27
INTC,91.67,2026-07-31,4,Call,89.00,+2.91%,5.15,5.45,5.4,744,135,5.51,82.93%,100.07%,0.632211,2026-07-27
NVDA,196.51,2026-09-04,39,Put,180.00,-8.40%,5,5.15,5.3,760,138,5.51,42.30%,48.09%,-0.255932,2026-07-27
AMZN,231.39,2026-07-29,2,Call,230.00,+0.60%,3.5,3.5,3.65,2993,543,5.51,42.53%,41.09%,0.587018,2026-07-27
MRNA,55.63,2027-03-19,235,Call,85.00,-52.80%,6.05,7.95,9.05,2504,456,5.49,91.10%,83.72%,0.398556,2026-07-27
KSS,18.49,2028-01-21,543,Put,25.00,+35.21%,9.1,9.83,10.1,2000,365,5.48,66.06%,62.18%,-0.499794,2026-07-27
SNDK,1278.23,2026-07-31,4,Put,"1,270.00",-0.64%,82,82.4,85.5,836,153,5.46,139.14%,165.66%,-0.44993,2026-07-27
IONQ,35.92,2026-07-31,4,Call,37.50,-4.40%,0.93,1.03,1.06,654,120,5.45,102.43%,108.48%,0.374925,2026-07-27
TSLA,309.22,2026-07-31,4,Put,292.50,-5.41%,1.77,1.79,1.81,1105,203,5.44,47.33%,58.34%,-0.171908,2026-07-27
INTC,91.67,2027-02-19,207,Call,90.00,+1.82%,22,23.6,24.2,1508,277,5.44,82.93%,80.49%,0.640703,2026-07-27
QURE,38.21,2026-08-21,25,Call,40.00,-4.68%,3.6,3.6,4.7,558,103,5.42,106.59%,121.92%,0.5095,2026-07-27
NOW,105.56,2026-08-14,18,Call,125.00,-18.42%,0.8,0.87,0.95,716,132,5.42,58.66%,62.33%,0.127326,2026-07-27
LLY,1197.53,2026-08-21,25,Put,"1,190.00",-0.63%,51.55,52.34,54.9,563,104,5.41,44.94%,46.58%,-0.449669,2026-07-27
FCX,62.72,2026-08-21,25,Put,63.00,+0.45%,3.45,3.69,3.65,653,121,5.4,52.89%,52.83%,-0.480997,2026-07-27
AAPL,336.91,2026-07-29,2,Call,335.00,+0.57%,3.95,4.2,4.3,8675,1607,5.4,29.62%,30.63%,0.606452,2026-07-27
SKHY,143.02,2026-07-31,4,Call,155.00,-8.38%,5.1,5.19,5.4,3541,658,5.38,121.46%,162.80%,0.350299,2026-07-27
GOOG,326.57,2026-07-31,4,Call,330.00,-1.05%,3.7,3.8,3.95,15982,2975,5.37,31.02%,38.79%,0.409818,2026-07-27
AAPL,336.91,2026-09-18,53,Put,340.00,+0.92%,15.05,15.22,15.45,1914,358,5.35,29.62%,28.06%,-0.500143,2026-07-27
WMT,111.74,2026-08-07,11,Put,104.00,-6.93%,0.11,0.13,0.23,966,181,5.34,31.21%,28.56%,-0.068327,2026-07-27
INTC,91.67,2026-07-29,2,Put,85.00,-7.28%,0.57,0.62,0.64,3614,677,5.34,82.93%,105.29%,-0.15618,2026-07-27
JD,30.95,2027-01-15,172,Call,31.00,-0.16%,3.5,3.55,3.7,1248,234,5.33,39.81%,49.53%,0.517955,2026-07-27
TSLA,309.22,2026-07-29,2,Call,315.00,-1.87%,2.7,2.69,2.75,23797,4473,5.32,47.33%,55.13%,0.334103,2026-07-27
INTC,91.67,2026-07-29,2,Call,89.00,+2.91%,4.05,4.17,4.3,574,108,5.31,82.93%,98.12%,0.672071,2026-07-27
METC,10.17,2026-09-18,53,Put,8.00,-21.34%,0.45,0.55,0.65,1641,309,5.31,110.80%,100.79%,-0.20534,2026-07-27
BLMN,8.54,2026-09-18,53,Call,10.00,-17.10%,0.2,0.45,0.65,731,138,5.3,79.85%,71.60%,0.321435,2026-07-27
TSLA,309.22,2026-08-21,25,Call,305.00,+1.36%,17.95,18.05,18.25,1436,271,5.3,47.33%,48.39%,0.575926,2026-07-27
AMD,494.95,2026-07-31,4,Put,467.50,-5.55%,8.5,9.05,9.35,640,121,5.29,81.19%,98.29%,-0.271121,2026-07-27
AMD,494.95,2026-07-29,2,Put,460.00,-7.06%,2.57,2.74,2.86,825,156,5.29,81.19%,96.78%,-0.144426,2026-07-27
RIVN,16.48,2026-08-07,11,Call,20.50,-24.39%,0.13,0.17,0.17,1105,210,5.26,76.07%,98.15%,0.117105,2026-07-27
FRMI,7.23,2026-09-18,53,Put,7.00,-3.18%,1.3,1.35,1.5,1520,289,5.26,155.86%,143.35%,-0.367021,2026-07-27
JPM,356.2,2026-07-31,4,Put,350.00,-1.74%,1.65,1.76,1.91,2239,429,5.22,22.63%,28.42%,-0.270362,2026-07-27
PLTR,131.53,2026-07-31,4,Put,127.00,-3.44%,1.64,1.65,1.67,2947,565,5.22,67.26%,64.38%,-0.288102,2026-07-27
MU,900.2,2026-07-29,2,Call,930.00,-3.31%,17.3,17.99,18,972,187,5.2,94.14%,111.72%,0.363102,2026-07-27
NVDA,196.51,2026-08-05,9,Put,200.00,+1.78%,6.9,7.08,7.3,1341,259,5.18,42.30%,42.31%,-0.588383,2026-07-27
AMGN,376.26,2026-08-21,25,Put,335.00,-10.97%,1.85,2.11,3.95,868,168,5.17,36.22%,42.12%,-0.132329,2026-07-27
PLTR,131.53,2026-08-21,25,Put,131.00,-0.40%,9,9.1,9.25,711,138,5.15,67.26%,69.69%,-0.45071,2026-07-27
AMKR,60.71,2026-08-21,25,Call,60.00,+1.17%,7.5,7.64,7.9,1362,265,5.14,110.29%,116.05%,0.578078,2026-07-27
AMD,494.95,2026-07-29,2,Call,555.00,-12.13%,0.53,0.6,0.64,1046,204,5.13,81.19%,89.16%,0.04466,2026-07-27
TSLA,309.22,2026-07-31,4,Call,312.50,-1.06%,5.8,5.85,5.95,3734,731,5.11,47.33%,56.60%,0.443632,2026-07-27
SPCX,113.5,2027-02-19,207,Put,80.00,-29.52%,9.5,10.3,10.1,567,111,5.11,115.21%,82.90%,-0.183477,2026-07-27
NVDA,196.51,2026-09-04,39,Put,170.00,-13.49%,2.9,2.97,3.1,822,161,5.11,42.30%,50.28%,-0.162839,2026-07-27
AMD,494.95,2026-07-31,4,Call,495.00,-0.01%,19.2,19.66,19.9,854,167,5.11,81.19%,94.28%,0.520876,2026-07-27
SNDK,1278.23,2026-07-31,4,Call,"1,450.00",-13.44%,26.4,26.5,28.8,1453,285,5.1,139.14%,154.75%,0.243542,2026-07-27
KO,84.07,2026-07-31,4,Call,87.00,-3.49%,0.36,0.38,0.39,1728,340,5.08,22.76%,38.26%,0.202559,2026-07-27
TSLA,309.22,2026-07-31,4,Put,325.00,+5.10%,17.3,18.18,18.05,7020,1381,5.08,47.33%,55.26%,-0.796464,2026-07-27
UNH,417.64,2026-07-31,4,Put,412.50,-1.23%,3.45,4.06,4.05,649,128,5.07,28.77%,34.59%,-0.3579,2026-07-27
CMCSA,22.8,2026-08-07,11,Put,23.00,+0.88%,0.61,0.44,0.7,1093,216,5.06,34.00%,34.20%,-0.549825,2026-07-27
REPL,8.63,2026-08-07,11,Put,23.00,+166.51%,12.5,14.7,15.4,1757,347,5.06,331.42%,403.44%,-0.853702,2026-07-27
NVDA,196.51,2026-08-03,7,Call,207.50,-5.59%,1.04,1.06,1.08,3061,607,5.04,42.30%,41.10%,0.179466,2026-07-27
MU,900.2,2026-07-29,2,Put,860.00,-4.47%,14.45,15.88,15.1,1343,267,5.03,94.14%,118.74%,-0.285792,2026-07-27
INTC,91.67,2026-07-29,2,Call,100.00,-9.09%,0.35,0.37,0.39,10599,2109,5.03,82.93%,96.37%,0.118746,2026-07-27
RUN,9.98,2026-09-18,53,Call,11.00,-10.22%,0.99,0.95,1.14,12556,2499,5.02,98.06%,94.70%,0.470358,2026-07-27
NOK,9.28,2026-08-07,11,Call,9.50,-2.37%,0.32,0.35,0.37,2812,560,5.02,70.23%,68.31%,0.447074,2026-07-27
ASML,1655.26,2026-07-31,4,Put,"1,300.00",-21.46%,0.45,0.79,1.35,536,107,5.01,60.44%,106.99%,-0.013363,2026-07-27
SHOP,126.88,2026-07-31,4,Call,132.00,-4.04%,1.57,1.65,1.76,626,125,5.01,74.76%,67.62%,0.302248,2026-07-27
HUT,104.59,2027-01-15,172,Call,140.00,-33.86%,19.05,20.41,21.95,500,100,5,117.96%,107.03%,0.49804,2026-07-27
GOOGL,326.56,2026-07-29,2,Call,350.00,-7.18%,0.08,0.11,0.11,2075,415,5,31.30%,46.37%,0.022929,2026-07-27
PII,74.7,2026-08-21,25,Put,65.00,-12.99%,0.65,1.29,2.15,868,174,4.99,57.30%,65.49%,-0.18433,2026-07-27
MU,900.2,2026-07-29,2,Put,830.00,-7.80%,7.7,8.3,8.15,884,177,4.99,94.14%,122.62%,-0.173115,2026-07-27
NAK,1.53,2026-08-07,11,Call,1.5000,+1.96%,0.05,0.15,0.2,663,133,4.98,135.08%,103.56%,0.581659,2026-07-27
PLTR,131.53,2026-07-31,4,Call,136.00,-3.40%,1.68,1.73,1.7,5781,1165,4.96,67.26%,61.94%,0.316719,2026-07-27
CLF,12.25,2026-08-14,18,Call,13.00,-6.12%,0.42,0.46,0.67,1061,214,4.96,69.00%,77.52%,0.39924,2026-07-27
MU,900.2,2026-07-29,2,Put,885.00,-1.69%,23.05,23.5,23.8,952,193,4.93,94.14%,115.72%,-0.403773,2026-07-27
SOFI,16.88,2028-12-15,872,Put,15.00,-11.14%,4.45,4.55,4.65,1266,257,4.93,68.27%,65.57%,-0.2505,2026-07-27
QBTS,19.51,2026-07-31,4,Call,19.50,+0.05%,0.88,0.92,0.95,2425,492,4.93,107.61%,111.32%,0.526343,2026-07-27
TSLA,309.22,2026-07-29,2,Put,320.00,+3.49%,12.05,12.15,12.45,8464,1716,4.93,47.33%,56.25%,-0.788142,2026-07-27
MU,900.2,2026-07-29,2,Put,815.00,-9.46%,5.55,5.75,6.05,507,103,4.92,94.14%,125.76%,-0.13208,2026-07-27
ZETA,20.74,2026-07-31,4,Call,22.50,-8.49%,0.18,0.18,0.24,693,141,4.91,91.63%,88.46%,0.203532,2026-07-27
INTC,91.67,2026-07-29,2,Call,99.00,-8.00%,0.46,0.47,0.5,1089,222,4.91,82.93%,95.82%,0.147585,2026-07-27
INTC,91.67,2026-07-29,2,Call,98.00,-6.91%,0.61,0.61,0.66,3089,629,4.91,82.93%,96.21%,0.184136,2026-07-27
XPEV,12.78,2026-09-18,53,Call,12.00,+6.10%,1.55,1.63,1.71,6011,1225,4.91,64.07%,61.87%,0.65832,2026-07-27
EOSE,3.61,2026-07-31,4,Call,3.50,+3.05%,0.26,0.26,0.27,2506,511,4.9,149.76%,137.90%,0.613835,2026-07-27
COIN,167.49,2027-06-17,325,Call,250.00,-49.26%,25.6,26.4,27.4,1125,230,4.89,82.66%,74.86%,0.435021,2026-07-27
INTC,91.67,2026-07-29,2,Put,92.00,+0.36%,2.76,2.8,2.88,1223,250,4.89,82.93%,98.08%,-0.504505,2026-07-27
NVDA,196.51,2026-09-04,39,Call,220.00,-11.95%,3.7,3.81,3.85,579,119,4.87,42.30%,43.72%,0.243436,2026-07-27
AVGO,383.22,2026-08-21,25,Call,385.00,-0.46%,19.6,20,20.6,696,143,4.87,52.73%,51.48%,0.51889,2026-07-27
RKLB,66.94,2027-06-17,325,Put,50.00,-25.31%,10.05,12.05,12.65,809,166,4.87,101.78%,91.80%,-0.211818,2026-07-27
CSX,51.8,2027-01-15,172,Call,60.00,-15.83%,1,1.3,1.45,11886,2445,4.86,25.70%,25.45%,0.247309,2026-07-27
DHR,196.5,2026-07-31,4,Put,190.00,-3.31%,0.8,1.02,1.15,1813,374,4.85,32.50%,40.34%,-0.204877,2026-07-27
RGTI,15.64,2026-08-07,11,Call,16.00,-2.30%,1.06,1.14,1.11,2737,565,4.84,100.20%,114.24%,0.495971,2026-07-27
ADBE,237.75,2026-09-18,53,Call,230.00,+3.26%,23.05,24,25.4,3168,657,4.82,50.43%,54.84%,0.61359,2026-07-27
INTC,91.67,2026-07-31,4,Put,86.00,-6.19%,1.65,1.7,1.75,2756,573,4.81,82.93%,105.37%,-0.262122,2026-07-27
AAL,14.95,2026-07-31,4,Call,14.50,+3.01%,0.63,0.65,0.67,3926,817,4.81,53.04%,62.26%,0.692392,2026-07-27
HOOD,95.65,2026-07-31,4,Call,95.00,+0.68%,5.4,5.42,5.5,4468,930,4.8,79.63%,128.20%,0.548108,2026-07-27
KO,84.07,2026-07-31,4,Call,84.00,+0.08%,1.37,1.43,1.43,4041,845,4.78,22.76%,38.75%,0.517366,2026-07-27
CRCL,65.67,2026-07-31,4,Call,75.00,-14.21%,0.41,0.43,0.44,7092,1483,4.78,99.09%,104.79%,0.124538,2026-07-27
NU,14.53,2026-08-07,11,Put,14.50,-0.21%,0.34,0.37,0.53,684,143,4.78,47.97%,45.46%,-0.469506,2026-07-27
TSLA,309.22,2026-07-31,4,Call,315.00,-1.87%,4.85,4.9,4.95,13500,2832,4.77,47.33%,56.68%,0.39136,2026-07-27
NN,12.68,2026-08-21,25,Call,15.00,-18.30%,0.65,0.8,0.95,500,105,4.76,111.56%,118.80%,0.353076,2026-07-27
KGC,23.92,2026-09-18,53,Call,29.00,-21.24%,0.35,0.41,0.6,600,126,4.76,52.92%,51.99%,0.197249,2026-07-27
KGC,23.92,2026-09-18,53,Put,22.00,-8.03%,0.79,1.02,1.1,609,128,4.76,52.92%,50.96%,-0.291918,2026-07-27
GILD,130.52,2026-07-31,4,Call,138.00,-5.73%,0.19,0.25,0.49,522,110,4.75,34.44%,43.94%,0.117799,2026-07-27
NEE,88.83,2026-07-31,4,Put,89.00,+0.19%,1,1.19,1.22,964,203,4.75,24.51%,27.66%,-0.519395,2026-07-27
TSLA,309.22,2026-07-31,4,Put,307.50,-0.56%,6.3,6.35,6.4,5230,1102,4.75,47.33%,56.14%,-0.448337,2026-07-27
NVDA,196.51,2026-07-31,4,Put,182.50,-7.13%,0.54,0.56,0.56,7716,1623,4.75,42.30%,56.23%,-0.098301,2026-07-27
NOW,105.56,2026-07-31,4,Call,111.00,-5.15%,1.26,1.31,1.34,1683,355,4.74,58.66%,73.56%,0.271277,2026-07-27
PRU,121.89,2026-08-21,25,Put,120.00,-1.55%,2.25,3.05,3.5,596,126,4.73,28.65%,29.48%,-0.406438,2026-07-27
AMD,494.95,2026-07-29,2,Put,490.00,-1.00%,10.35,10.68,11.3,994,210,4.73,81.19%,90.73%,-0.426319,2026-07-27
GLW,143.36,2026-07-31,4,Call,160.00,-11.61%,2.44,2.53,2.7,3651,773,4.72,86.93%,132.54%,0.235756,2026-07-27
MU,900.2,2026-07-29,2,Call,970.00,-7.75%,6.85,7.2,7.4,766,163,4.7,94.14%,108.29%,0.186946,2026-07-27
AMD,494.95,2026-07-29,2,Call,530.00,-7.08%,2.31,2.43,2.55,875,186,4.7,81.19%,86.76%,0.151451,2026-07-27
IOVA,4.9,2026-09-04,39,Call,1.00,+79.59%,3.6,5.1,4.3,1246,265,4.7,123.21%,303.70%,0.982194,2026-07-27
DVN,43.16,2026-07-31,4,Call,45.50,-5.42%,0.12,0.15,0.18,1832,391,4.69,41.97%,46.21%,0.143216,2026-07-27
AMD,494.95,2027-09-17,417,Put,350.00,-29.29%,56.2,59.27,60.4,520,111,4.68,81.19%,71.09%,-0.188919,2026-07-27
COUR,5.63,2026-11-20,116,Call,9.00,-59.86%,0.15,0.25,0.3,500,107,4.67,88.81%,76.68%,0.200229,2026-07-27
NOW,105.56,2026-07-31,4,Put,106.00,+0.42%,3.3,3.37,3.5,598,128,4.67,58.66%,72.34%,-0.505139,2026-07-27
AAPL,336.91,2026-07-29,2,Put,327.50,-2.79%,0.51,0.54,0.65,9141,1958,4.67,29.62%,34.80%,-0.131558,2026-07-27
SONY,22.29,2026-08-14,18,Call,22.00,+1.30%,0.95,1.01,1.15,550,118,4.66,39.45%,45.00%,0.57671,2026-07-27
INTC,91.67,2026-07-31,4,Call,88.00,+4.00%,5.75,5.85,6.1,572,123,4.65,82.93%,101.15%,0.67074,2026-07-27
CRM,173.6,2026-07-31,4,Put,170.00,-2.07%,2.38,2.4,2.46,1696,365,4.65,47.85%,55.48%,-0.346714,2026-07-27
NVDA,196.51,2026-07-29,2,Put,180.00,-8.40%,0.11,0.11,0.12,2071,445,4.65,42.30%,64.45%,-0.030982,2026-07-27
HIVE,2.95,2026-08-07,11,Call,3.00,-1.69%,0.1,0.18,0.25,1392,300,4.64,125.19%,96.02%,0.495634,2026-07-27
MRVL,189.17,2026-07-31,4,Call,202.50,-7.05%,3.95,3.8,4.4,533,115,4.63,93.81%,114.39%,0.306545,2026-07-27
GS,1048.23,2026-07-31,4,Put,780.00,-25.59%,0,0.11,0.32,736,159,4.63,34.88%,109.36%,-0.004144,2026-07-27
CRM,173.6,2026-07-31,4,Put,172.50,-0.63%,3.35,3.5,3.7,527,114,4.62,47.85%,56.36%,-0.443781,2026-07-27
CLS,318.24,2026-08-21,25,Call,400.00,-25.69%,4,8.42,9.3,1861,404,4.61,91.29%,86.25%,0.186947,2026-07-27
MGM,46.3,2026-07-31,4,Put,43.00,-7.13%,0.3,0.5,0.55,2011,436,4.61,38.68%,83.23%,-0.185012,2026-07-27
AAPL,336.91,2026-07-31,4,Call,365.00,-8.34%,0.36,0.38,0.4,9052,1971,4.59,29.62%,46.94%,0.055052,2026-07-27
GOOG,326.57,2026-07-31,4,Put,307.50,-5.84%,0.43,0.42,0.49,504,110,4.58,31.02%,40.42%,-0.073361,2026-07-27
APLD,26.38,2026-07-31,4,Call,30.50,-15.62%,0.65,0.71,0.73,829,181,4.58,117.85%,181.55%,0.252215,2026-07-27
APLD,26.38,2026-07-31,4,Put,26.00,-1.44%,1.75,1.79,1.84,1461,319,4.58,117.85%,181.46%,-0.43168,2026-07-27
GOOG,326.57,2026-07-31,4,Put,312.50,-4.31%,0.92,0.95,0.99,507,111,4.57,31.02%,39.50%,-0.136986,2026-07-27
IREN,36.29,2026-09-18,53,Call,36.00,+0.80%,7,7.2,7.45,1023,224,4.57,130.93%,128.67%,0.607379,2026-07-27
HIMS,30.24,2026-07-31,4,Call,32.00,-5.82%,0.49,0.55,0.56,4069,891,4.57,106.45%,92.57%,0.2976,2026-07-27
GOOGL,326.56,2026-07-29,2,Put,320.00,-2.01%,1.26,1.3,1.4,2788,615,4.53,31.30%,39.22%,-0.236009,2026-07-27
IREN,36.29,2026-07-31,4,Call,41.00,-12.98%,0.66,0.68,0.73,8188,1814,4.51,130.93%,144.50%,0.233131,2026-07-27
QCOM,170.04,2026-07-31,4,Call,190.00,-11.74%,1.87,1.9,1.9,10347,2298,4.5,67.27%,110.76%,0.184564,2026-07-27
AMD,494.95,2026-07-29,2,Put,470.00,-5.04%,4.35,4.5,4.8,545,121,4.5,81.19%,95.33%,-0.220399,2026-07-27
HAPN,18.75,2026-08-21,25,Call,23.00,-22.67%,0.15,0.2,0.45,864,192,4.5,73.58%,73.38%,0.16978,2026-07-27
TTD,17.88,2026-08-28,32,Call,20.00,-11.86%,0.9,1,1.13,1132,252,4.49,84.35%,83.81%,0.376607,2026-07-27
WULF,17.98,2027-01-15,172,Call,34.00,-89.10%,1.46,1.56,1.63,1510,336,4.49,111.25%,108.38%,0.262464,2026-07-27
JBLU,5.43,2026-07-31,4,Put,5.50,+1.29%,0.27,0.28,0.34,3330,742,4.49,74.01%,118.22%,-0.515592,2026-07-27
LLY,1197.53,2026-08-21,25,Put,"1,070.00",-10.65%,13.55,15.25,16,565,126,4.48,44.94%,49.06%,-0.169513,2026-07-27
LAC,2.9,2026-09-18,53,Call,3.00,-3.45%,0.29,0.28,0.41,843,189,4.46,84.56%,87.73%,0.532614,2026-07-27
GOOG,326.57,2026-07-31,4,Call,345.00,-5.64%,0.63,0.66,0.69,5703,1280,4.46,31.02%,40.39%,0.10225,2026-07-27
TSLA,309.22,2026-07-31,4,Put,285.00,-7.83%,0.87,0.88,0.9,8622,1939,4.45,47.33%,60.83%,-0.093662,2026-07-27
AMZN,231.39,2026-07-29,2,Call,220.00,+4.92%,10.4,11.8,12.1,2315,520,4.45,42.53%,51.44%,0.911478,2026-07-27
BBAI,2.83,2026-08-21,25,Call,2.50,+11.66%,0.46,0.48,0.56,573,129,4.44,96.56%,113.42%,0.7172,2026-07-27
W,94.53,2026-07-31,4,Call,93.00,+1.62%,3.5,3.69,4.15,692,156,4.44,82.94%,76.04%,0.598638,2026-07-27
GLW,143.36,2026-07-31,4,Put,130.00,-9.32%,2.56,2.77,2.93,1722,388,4.44,86.93%,134.24%,-0.221089,2026-07-27
AAPL,336.91,2026-08-03,7,Put,330.00,-2.05%,3.95,4.11,4.3,625,141,4.43,29.62%,38.66%,-0.335744,2026-07-27
AMD,494.95,2026-07-29,2,Put,442.50,-10.60%,0.95,1.05,1.15,789,178,4.43,81.19%,101.59%,-0.063048,2026-07-27
CRCL,65.67,2026-07-31,4,Call,71.00,-8.12%,0.94,1,1.05,871,197,4.42,99.09%,102.06%,0.250354,2026-07-27
CNC,64.08,2026-07-31,4,Call,71.00,-10.80%,0.59,0.7,0.96,1073,243,4.42,57.73%,108.80%,0.200436,2026-07-27
FRMI,7.23,2026-09-18,53,Call,10.00,-38.31%,0.8,0.9,0.9,14511,3283,4.42,155.86%,149.42%,0.391419,2026-07-27
PDD,84.85,2026-08-14,18,Call,88.00,-3.71%,1.4,1.5,1.57,1408,319,4.41,39.54%,35.62%,0.345054,2026-07-27
INTC,91.67,2026-08-07,11,Call,95.00,-3.63%,4.1,4.32,4.4,1498,340,4.41,82.93%,88.73%,0.440845,2026-07-27
AMD,494.95,2026-11-20,116,Put,440.00,-11.10%,50.9,55.35,52.25,1556,353,4.41,81.19%,75.01%,-0.304188,2026-07-27
UBER,68.18,2026-10-16,81,Call,85.00,-24.67%,0.78,0.92,1.11,2110,478,4.41,46.75%,40.23%,0.152611,2026-07-27
AMAT,516.89,2026-07-31,4,Put,470.00,-9.07%,6.5,8.25,9.4,1488,338,4.4,91.72%,119.82%,-0.205119,2026-07-27
GM,87.04,2026-08-21,25,Call,85.00,+2.34%,4.25,4.35,4.7,5517,1257,4.39,36.43%,36.33%,0.624119,2026-07-27
MARA,11.77,2026-07-31,4,Call,11.50,+2.29%,0.65,0.67,0.7,3193,728,4.39,98.94%,108.41%,0.604405,2026-07-27
WBD,25.28,2026-12-18,144,Call,29.00,-14.72%,0.4,0.9,0.9,574,131,4.38,31.43%,27.42%,0.266689,2026-07-27
DKNG,24.11,2026-07-31,4,Put,25.00,+3.69%,1.11,1.12,1.2,758,173,4.38,62.75%,60.14%,-0.705605,2026-07-27
SNDK,1278.23,2026-07-31,4,Call,"1,550.00",-21.26%,11.8,11.8,12.5,1454,332,4.38,139.14%,151.44%,0.128328,2026-07-27
BE,188.18,2026-08-21,25,Put,110.00,-41.55%,3.9,4.45,4.9,1277,292,4.37,170.35%,182.96%,-0.086047,2026-07-27
CLF,12.25,2026-08-14,18,Put,10.00,-18.37%,0.11,0.15,0.18,796,184,4.33,69.00%,84.31%,-0.118565,2026-07-27
CORZ,20.74,2026-07-31,4,Put,18.00,-13.21%,0.15,0.2,0.22,919,212,4.33,103.37%,126.51%,-0.127362,2026-07-27
FAST,47.64,2027-06-17,325,Call,52.50,-10.20%,2.9,3.18,3.9,1378,318,4.33,27.03%,27.90%,0.42495,2026-07-27
XPEV,12.78,2026-08-21,25,Put,12.50,-2.19%,0.62,0.71,0.78,504,117,4.31,64.07%,64.16%,-0.409895,2026-07-27
ASST,12.19,2026-07-31,4,Call,13.00,-6.64%,0.25,0.25,0.26,724,168,4.31,99.81%,108.33%,0.306014,2026-07-27
LRCX,291.61,2026-08-21,25,Put,170.00,-41.70%,0.73,1.11,1.65,1337,310,4.31,92.69%,119.97%,-0.029897,2026-07-27
CLS,318.24,2026-07-31,4,Call,330.00,-3.70%,14,16.5,17.5,3229,749,4.31,91.29%,155.78%,0.444889,2026-07-27
FCX,62.72,2026-08-07,11,Call,65.00,-3.64%,1.4,1.46,1.58,1755,408,4.3,52.89%,55.32%,0.376107,2026-07-27
TSLA,309.22,2026-07-29,2,Put,280.00,-9.45%,0.17,0.17,0.19,1762,410,4.3,47.33%,71.37%,-0.028153,2026-07-27
KSS,18.49,2028-01-21,543,Call,25.00,-35.21%,3.55,3.67,4.25,2000,465,4.3,66.06%,65.32%,0.501205,2026-07-27
PYPL,56.07,2026-07-31,4,Put,47.00,-16.18%,0.18,0.21,0.22,1249,291,4.29,51.32%,115.74%,-0.064358,2026-07-27
SPCX,113.5,2026-08-07,11,Put,112.00,-1.32%,10.8,11.05,11,1492,348,4.29,115.21%,150.16%,-0.426708,2026-07-27
LVWR,2.43,2026-08-21,25,Call,3.0000,-23.46%,0.3,0.4,0.5,1600,373,4.29,275.35%,231.27%,0.483454,2026-07-27
MRNA,55.63,2026-10-16,81,Put,50.00,-10.12%,5.6,5.85,6.25,1717,400,4.29,91.10%,87.55%,-0.315307,2026-07-27
CVNA,64.04,2026-07-31,4,Call,68.00,-6.18%,2.31,2.37,2.55,1078,252,4.28,82.24%,148.93%,0.380406,2026-07-27
RIOT,21.97,2026-07-31,4,Put,19.00,-13.52%,0.22,0.24,0.26,1674,391,4.28,105.56%,137.65%,-0.139496,2026-07-27
AMAT,516.89,2026-07-31,4,Call,600.00,-16.08%,1.88,2.71,2.7,1818,425,4.28,91.72%,102.88%,0.09219,2026-07-27
TRIP,14.28,2026-08-28,32,Call,15.00,-5.04%,0.75,0.85,0.95,1868,436,4.28,71.14%,67.01%,0.447346,2026-07-27
INTC,91.67,2026-07-29,2,Put,89.00,-2.91%,1.5,1.55,1.59,1657,388,4.27,82.93%,100.33%,-0.330987,2026-07-27
NN,12.68,2026-09-18,53,Call,15.00,-18.30%,1.25,1.37,1.4,5097,1195,4.27,111.56%,109.29%,0.427653,2026-07-27
FCX,62.72,2026-08-21,25,Call,67.00,-6.82%,1.69,1.78,1.92,1510,355,4.25,52.89%,51.78%,0.342167,2026-07-27
CTSH,47.05,2027-01-15,172,Call,67.50,-43.46%,1.25,1.55,1.8,500,118,4.24,59.93%,50.68%,0.195454,2026-07-27
C,133.1,2026-07-31,4,Put,134.00,+0.68%,2.21,2.53,2.52,1055,249,4.24,30.64%,33.98%,-0.566364,2026-07-27
MU,900.2,2026-07-31,4,Call,"1,065.00",-18.31%,3.4,3,4.05,2649,625,4.24,94.14%,110.58%,0.082109,2026-07-27
SNDK,1278.23,2026-07-31,4,Put,850.00,-33.50%,2.5,2.53,2.8,3447,813,4.24,139.14%,207.82%,-0.023529,2026-07-27
IREN,36.29,2026-07-31,4,Call,36.00,+0.80%,2.31,2.37,2.44,1125,266,4.23,130.93%,147.22%,0.552391,2026-07-27
FRMI,7.23,2026-09-18,53,Call,8.00,-10.65%,1.15,1.25,1.45,1612,381,4.23,155.86%,143.78%,0.539438,2026-07-27
AES,14.83,2026-08-14,18,Put,15.00,+1.15%,0,0.38,0.38,2898,686,4.22,14.04%,5.13%,-0.848746,2026-07-27
MU,900.2,2026-07-29,2,Call,"1,000.00",-11.09%,3.15,3.23,3.45,3788,899,4.21,94.14%,107.49%,0.100416,2026-07-27
UBER,68.18,2026-08-21,25,Put,63.00,-7.60%,1.3,1.36,1.59,765,182,4.2,46.75%,50.90%,-0.249488,2026-07-27
USAR,14.93,2026-08-07,11,Call,18.00,-20.56%,0.15,0.2,0.21,522,125,4.18,98.82%,95.79%,0.150343,2026-07-27
AMD,494.95,2026-07-29,2,Call,542.50,-9.61%,1.11,1.23,1.27,731,175,4.18,81.19%,87.41%,0.083426,2026-07-27
HIVE,2.95,2026-07-31,4,Call,3.00,-1.69%,0.1,0.11,0.15,3041,729,4.17,125.19%,119.33%,0.472525,2026-07-27
MARA,11.77,2027-06-17,325,Call,15.00,-27.44%,2.79,3.16,3.3,12002,2881,4.17,98.94%,89.15%,0.569262,2026-07-27
RUN,9.98,2026-09-18,53,Call,15.00,-50.30%,0.23,0.29,0.37,12514,3008,4.16,98.06%,95.65%,0.17851,2026-07-27
ADBE,237.75,2026-07-31,4,Call,237.50,+0.11%,5.2,5.78,6.05,965,232,4.16,50.43%,54.95%,0.521503,2026-07-27
AMD,494.95,2026-07-31,4,Call,515.00,-4.05%,10.75,11.25,11.65,1648,397,4.15,81.19%,92.73%,0.360724,2026-07-27
TSLA,309.22,2026-07-29,2,Call,325.00,-5.10%,0.77,0.77,0.8,8183,1970,4.15,47.33%,56.90%,0.123831,2026-07-27
SKHY,143.02,2026-07-31,4,Put,75.00,-47.56%,0.05,0.15,0.15,513,124,4.14,121.46%,266.29%,-0.007025,2026-07-27
F,14.68,2026-07-31,4,Put,15.00,+2.18%,0.66,0.68,0.68,1473,356,4.14,44.57%,79.65%,-0.585835,2026-07-27
SNDK,1278.23,2026-07-31,4,Call,"1,750.00",-36.91%,1.8,2,2.4,1750,423,4.14,139.14%,151.14%,0.028477,2026-07-27
GLW,143.36,2026-07-31,4,Call,167.50,-16.84%,0.98,1.27,1.46,689,167,4.13,86.93%,126.65%,0.134524,2026-07-27
MU,900.2,2026-07-29,2,Put,875.00,-2.80%,19.25,19.6,19.95,1246,302,4.13,94.14%,116.88%,-0.354417,2026-07-27
ASTS,58.29,2026-07-31,4,Call,58.00,+0.50%,2.7,2.8,2.89,696,169,4.12,110.30%,108.62%,0.541503,2026-07-27
NKE,42.14,2026-08-07,11,Call,42.00,+0.33%,1.13,1.17,1.25,1042,253,4.12,38.13%,38.48%,0.532408,2026-07-27
VG,12.82,2026-07-31,4,Put,12.50,-2.50%,0.2,0.3,0.3,1195,290,4.12,81.24%,73.94%,-0.356033,2026-07-27
NVDA,196.51,2026-07-29,2,Put,182.50,-7.13%,0.16,0.17,0.18,2610,633,4.12,42.30%,60.29%,-0.046176,2026-07-27
TSLA,309.22,2026-07-29,2,Call,330.00,-6.72%,0.41,0.43,0.43,12577,3060,4.11,47.33%,58.89%,0.071368,2026-07-27
AMD,494.95,2026-07-29,2,Put,455.00,-8.07%,1.98,2.09,2.26,670,163,4.11,81.19%,98.52%,-0.116414,2026-07-27
MRVL,189.17,2026-08-07,11,Call,210.00,-11.01%,5.25,5.67,6,1255,306,4.1,93.81%,97.93%,0.300366,2026-07-27
META,593.87,2026-09-18,53,Call,695.00,-17.03%,11.2,12,11.9,1789,436,4.1,50.42%,45.48%,0.213837,2026-07-27
MSFT,389.1,2026-08-07,11,Call,392.50,-0.87%,14.15,14.15,14.8,519,127,4.09,43.64%,59.07%,0.489627,2026-07-27
AVGO,383.22,2026-07-29,2,Put,380.00,-0.84%,5.25,5.55,5.8,630,154,4.09,52.73%,62.50%,-0.417406,2026-07-27
IONQ,35.92,2026-07-31,4,Call,36.50,-1.61%,1.33,1.38,1.45,756,185,4.09,102.43%,109.69%,0.468658,2026-07-27
DELL,426.91,2026-07-31,4,Put,395.00,-7.47%,5.35,5.72,6.1,1001,245,4.09,86.29%,100.34%,-0.213274,2026-07-27
AMD,494.95,2026-07-29,2,Put,480.00,-3.02%,6.85,7.06,7.55,1070,262,4.08,81.19%,93.10%,-0.314877,2026-07-27
APLD,26.38,2026-07-31,4,Call,28.50,-8.04%,1.13,1.2,1.25,969,238,4.07,117.85%,181.76%,0.378249,2026-07-27
CRH,102.86,2026-08-21,25,Put,95.00,-7.64%,1.45,2.05,3.8,1089,268,4.06,41.17%,55.89%,-0.265657,2026-07-27
MU,900.2,2026-09-18,53,Call,"1,170.00",-29.97%,43.95,40.77,45.25,684,169,4.05,94.14%,89.02%,0.278342,2026-07-27
TSLA,309.22,2026-08-05,9,Call,315.00,-1.87%,7.4,7.3,7.55,807,200,4.04,47.33%,51.10%,0.428756,2026-07-27
TSLA,309.22,2026-08-03,7,Call,310.00,-0.25%,7.85,7.9,8.1,1286,319,4.03,47.33%,48.28%,0.502457,2026-07-27
KKR,101.63,2026-08-21,25,Put,100.00,-1.60%,3.3,3.7,4.1,4527,1123,4.03,43.10%,43.25%,-0.415365,2026-07-27
AAPL,336.91,2026-08-21,25,Call,357.50,-6.11%,3.25,3.45,3.55,1193,297,4.02,29.62%,28.86%,0.236406,2026-07-27
CELH,28.79,2026-07-31,4,Call,28.50,+1.01%,0.89,0.89,1,1465,364,4.02,76.68%,65.66%,0.574353,2026-07-27
JOBY,7.37,2026-07-31,4,Call,7.00,+5.02%,0.49,0.5,0.54,1851,461,4.02,90.00%,97.22%,0.712591,2026-07-27
IONQ,35.92,2026-07-31,4,Call,35.50,+1.17%,1.82,1.88,1.94,609,152,4.01,102.43%,110.99%,0.564647,2026-07-27
AMZN,231.39,2026-07-29,2,Call,222.50,+3.84%,8.1,10.05,9.9,642,160,4.01,42.53%,29.15%,0.966768,2026-07-27
MDT,84.22,2026-07-31,4,Call,85.00,-0.93%,0.7,0.82,0.88,1144,285,4.01,28.05%,32.18%,0.398835,2026-07-27
JD,30.95,2026-07-31,4,Put,30.50,-1.45%,0.29,0.32,0.36,1349,336,4.01,39.81%,39.65%,-0.36203,2026-07-27
TSLA,309.22,2026-08-03,7,Put,310.00,+0.25%,8.4,9.1,8.55,1041,260,4,47.33%,47.82%,-0.49868,2026-07-27
ORCL,119.9,2026-07-31,4,Call,126.00,-5.09%,1.63,1.72,1.78,2137,534,4,68.14%,78.64%,0.288003,2026-07-27
WULF,17.98,2026-10-16,81,Call,29.00,-61.29%,0.86,0.87,1.09,800,201,3.98,111.25%,110.24%,0.226403,2026-07-27
QBTS,19.51,2026-07-31,4,Call,21.00,-7.64%,0.39,0.41,0.43,3324,835,3.98,107.61%,115.69%,0.293236,2026-07-27
PYPL,56.07,2026-08-21,25,Call,56.00,+0.12%,3,3.01,3.65,709,179,3.96,51.32%,55.50%,0.536943,2026-07-27
NVTS,11.41,2026-07-31,4,Put,11.50,+0.79%,0.96,1,1.04,768,194,3.96,131.54%,200.33%,-0.472531,2026-07-27
NFLX,70.4,2026-07-31,4,Put,71.00,+0.85%,1.41,1.44,1.47,4210,1064,3.96,34.04%,38.25%,-0.573256,2026-07-27
CVNA,64.04,2026-07-31,4,Put,62.00,-3.19%,2.97,3.3,3.3,1919,486,3.95,82.24%,155.37%,-0.388798,2026-07-27
BE,188.18,2026-12-18,144,Call,190.00,-0.97%,60.6,60.88,63.75,514,131,3.92,170.35%,135.06%,0.666655,2026-07-27
WOLF,23.8,2026-07-31,4,Call,26.50,-11.34%,0.59,0.58,0.68,697,178,3.92,127.63%,156.59%,0.283916,2026-07-27
DINO,90.78,2026-09-18,53,Call,92.50,-1.89%,5.5,6.17,6.3,781,199,3.92,53.42%,47.85%,0.498576,2026-07-27
AAPL,336.91,2026-07-31,4,Put,325.00,-3.54%,2.26,2.3,2.44,9433,2404,3.92,29.62%,48.62%,-0.229934,2026-07-27
PYPL,56.07,2026-08-21,25,Put,52.00,-7.26%,1.09,1.3,1.47,532,136,3.91,51.32%,51.44%,-0.261354,2026-07-27
DLR,195.76,2026-09-18,53,Call,220.00,-12.38%,1.35,1.52,2.2,704,180,3.91,30.90%,29.08%,0.162527,2026-07-27
MU,900.2,2026-07-31,4,Call,935.00,-3.87%,28,27.7,29.3,904,231,3.91,94.14%,114.21%,0.399654,2026-07-27
AVGO,383.22,2026-07-29,2,Call,395.00,-3.07%,2.32,2.45,2.68,550,141,3.9,52.73%,59.33%,0.253374,2026-07-27
BMNR,17.92,2026-08-14,18,Put,16.50,-7.92%,0.68,0.65,0.73,768,197,3.9,83.82%,85.64%,-0.295662,2026-07-27
AMZN,231.39,2026-07-31,4,Call,205.00,+11.40%,26.75,27.99,28.15,1089,279,3.9,42.53%,90.60%,0.907987,2026-07-27
ADBE,237.75,2026-07-31,4,Call,242.50,-2.00%,3.15,3.8,3.7,1138,292,3.9,50.43%,54.25%,0.377129,2026-07-27
NOW,105.56,2026-07-31,4,Put,97.00,-8.11%,0.49,0.54,0.59,3416,875,3.9,58.66%,73.94%,-0.12797,2026-07-27
PG,148.63,2026-08-28,32,Call,160.00,-7.65%,0.94,1.08,1.44,545,141,3.87,26.65%,26.88%,0.189609,2026-07-27
SNDK,1278.23,2026-08-07,11,Call,"1,200.00",+6.12%,187.9,190,198.6,739,191,3.87,139.14%,175.79%,0.641753,2026-07-27
FRMI,7.23,2026-08-07,11,Call,6.50,+10.10%,1.1,1.19,1.3,867,225,3.85,155.86%,164.10%,0.698452,2026-07-27
GLPI,45.04,2027-01-15,172,Call,50.00,-11.01%,0.6,0.75,0.95,1054,274,3.85,30.44%,20.95%,0.222927,2026-07-27
GRAB,3.35,2026-08-21,25,Call,3.50,-4.48%,0.15,0.16,0.19,2029,527,3.85,66.25%,65.58%,0.438433,2026-07-27
MSFT,389.1,2026-08-07,11,Call,420.00,-7.94%,5.45,5.55,5.7,7895,2055,3.84,43.64%,59.19%,0.24675,2026-07-27
INTC,91.67,2026-07-29,2,Call,96.00,-4.72%,1,1.02,1.07,1428,373,3.83,82.93%,95.77%,0.269823,2026-07-27
TEAM,95.87,2026-08-21,25,Put,85.00,-11.34%,4.2,4.5,5.1,1008,264,3.82,92.01%,97.23%,-0.271406,2026-07-27
COP,115.58,2026-07-31,4,Call,119.00,-2.96%,0.64,0.74,0.79,567,149,3.81,35.93%,40.18%,0.251252,2026-07-27
KHC,26.22,2028-01-21,543,Put,27.50,+4.88%,3.35,4.22,5.4,586,154,3.81,33.83%,27.62%,-0.481953,2026-07-27
TSLA,309.22,2026-08-03,7,Put,270.00,-12.68%,0.38,0.44,0.41,536,141,3.8,47.33%,57.11%,-0.038995,2026-07-27
NOW,105.56,2026-07-31,4,Put,107.00,+1.36%,3.75,3.95,4.05,790,208,3.8,58.66%,70.98%,-0.556124,2026-07-27
NVTS,11.41,2026-07-31,4,Put,10.00,-12.36%,0.36,0.36,0.39,2083,548,3.8,131.54%,204.94%,-0.234588,2026-07-27
TSLA,309.22,2026-07-29,2,Put,315.00,+1.87%,8.35,8.47,8.7,11083,2914,3.8,47.33%,56.05%,-0.663627,2026-07-27
TSLA,309.22,2026-07-29,2,Put,282.50,-8.64%,0.2,0.22,0.22,746,197,3.79,47.33%,67.83%,-0.033722,2026-07-27
KEEL,4.05,2026-08-21,25,Call,4.00,+1.23%,0.53,0.51,0.63,7633,2018,3.78,123.75%,131.58%,0.5853,2026-07-27
NVDA,196.51,2026-08-28,32,Call,200.00,-1.78%,9.45,9.6,9.65,4386,1163,3.77,42.30%,46.89%,0.484961,2026-07-27
B,37.38,2028-01-21,543,Call,15.00,+59.87%,22.05,22.64,22.9,1860,493,3.77,47.72%,38.41%,0.97774,2026-07-27
IREN,36.29,2026-07-31,4,Put,28.50,-21.47%,0.19,0.19,0.21,598,159,3.76,130.93%,164.46%,-0.067875,2026-07-27
AVGO,383.22,2026-07-29,2,Put,345.00,-9.97%,0.21,0.27,0.27,606,161,3.76,52.73%,75.77%,-0.028456,2026-07-27
SBET,6.38,2026-08-07,11,Call,7.00,-9.72%,0.16,0.17,0.21,1743,465,3.75,90.20%,91.39%,0.309093,2026-07-27
RCL,305.04,2026-09-18,53,Call,310.00,-1.63%,20.5,14.7,24,3082,822,3.75,55.44%,52.22%,0.511032,2026-07-27
APLD,26.38,2026-07-31,4,Put,21.00,-20.39%,0.25,0.26,0.26,895,239,3.74,117.85%,182.67%,-0.09864,2026-07-27
INTC,91.67,2026-08-07,11,Put,89.00,-2.91%,4.2,4.35,4.45,676,181,3.73,82.93%,89.50%,-0.392396,2026-07-27
JD,30.95,2027-01-15,172,Put,31.00,+0.16%,2.24,3.04,3.7,1381,370,3.73,39.81%,28.56%,-0.511972,2026-07-27
INTC,91.67,2026-07-31,4,Call,99.00,-8.00%,1.25,1.3,1.35,3560,956,3.72,82.93%,98.39%,0.244395,2026-07-27
DKNG,24.11,2026-07-31,4,Call,26.00,-7.84%,0.08,0.1,0.11,3442,929,3.71,62.75%,61.15%,0.126952,2026-07-27
BP,42.31,2026-07-31,4,Call,44.00,-3.99%,0.11,0.16,0.2,920,248,3.71,34.86%,38.76%,0.171645,2026-07-27
RIOT,21.97,2026-08-21,25,Call,22.00,-0.14%,2.29,2.41,2.6,1008,272,3.71,105.56%,106.46%,0.556985,2026-07-27
BE,188.18,2026-08-07,11,Put,105.00,-44.20%,2.2,2.3,2.42,3556,963,3.69,170.35%,245.73%,-0.056663,2026-07-27
NVDA,196.51,2026-08-21,25,Put,187.50,-4.59%,4.65,4.7,4.75,5963,1620,3.68,42.30%,42.90%,-0.311844,2026-07-27
ON,89.04,2026-07-31,4,Put,82.00,-7.91%,0.93,1.62,1.64,614,167,3.68,88.31%,107.22%,-0.213836,2026-07-27
CMCSA,22.8,2026-07-31,4,Call,23.50,-3.07%,0.11,0.15,0.18,1953,530,3.68,34.00%,41.71%,0.249602,2026-07-27
MU,900.2,2026-07-29,2,Put,600.00,-33.35%,0.06,0.11,0.15,690,188,3.67,94.14%,200.82%,-0.002524,2026-07-27
VTRS,17.64,2027-01-15,172,Call,19.00,-7.71%,1.2,1.25,1.3,969,265,3.66,41.63%,36.64%,0.435443,2026-07-27
BE,188.18,2026-09-18,53,Call,500.00,-165.70%,2.1,2.12,2.6,2346,641,3.66,170.35%,142.30%,0.064127,2026-07-27
COIN,167.49,2026-07-31,4,Put,140.00,-16.41%,0.75,0.85,0.8,2816,769,3.66,82.66%,124.85%,-0.074949,2026-07-27
BAC,62.13,2026-08-14,18,Call,56.00,+9.87%,6.2,6.17,6.45,514,141,3.65,22.56%,33.08%,0.927504,2026-07-27
MSTR,98.65,2026-07-31,4,Put,97.00,-1.67%,3.15,3.13,3.3,1275,349,3.65,80.73%,98.25%,-0.413448,2026-07-27
PG,148.63,2027-03-19,235,Put,150.00,+0.92%,10.3,10.75,12.3,1536,421,3.65,26.65%,23.58%,-0.466073,2026-07-27
CAPR,6.99,2026-08-21,25,Put,10.00,+43.06%,4.6,4.59,5.2,1916,526,3.64,386.84%,378.45%,-0.446052,2026-07-27
BA,211.5,2026-12-18,144,Put,215.00,+1.65%,17.05,18.23,20.55,2103,578,3.64,39.25%,32.31%,-0.486373,2026-07-27
NVDA,196.51,2026-07-31,4,Put,187.50,-4.59%,1.18,1.22,1.2,11011,3028,3.64,42.30%,53.40%,-0.191309,2026-07-27
SKHY,143.02,2026-08-07,11,Put,120.00,-16.10%,4,4.3,4.5,712,196,3.63,121.46%,138.84%,-0.1969,2026-07-27
REPL,8.63,2026-08-28,32,Put,22.00,+154.92%,11.2,13.8,15.4,630,174,3.62,331.42%,249.72%,-0.81695,2026-07-27
NVDA,196.51,2026-07-29,2,Call,210.00,-6.86%,0.11,0.11,0.12,38129,10539,3.62,42.30%,50.38%,0.039455,2026-07-27
AAPL,336.91,2026-07-31,4,Put,337.50,+0.18%,6.65,6.8,6.95,1652,458,3.61,29.62%,46.57%,-0.502225,2026-07-27
INTC,91.67,2026-07-29,2,Put,80.00,-12.73%,0.15,0.15,0.18,1513,422,3.59,82.93%,114.45%,-0.049319,2026-07-27
AAPL,336.91,2026-08-03,7,Call,340.00,-0.92%,5.5,5.5,5.8,505,141,3.58,29.62%,37.42%,0.445074,2026-07-27
CIFR,21.65,2026-08-28,32,Call,28.50,-31.64%,0.95,1.09,1.57,634,177,3.58,128.69%,126.56%,0.295415,2026-07-27
UPS,112.95,2026-08-07,11,Call,115.00,-1.81%,2.97,3.3,3.4,637,178,3.58,41.05%,52.72%,0.437272,2026-07-27
MSFT,389.1,2026-07-31,4,Call,442.50,-13.72%,1.44,1.46,1.55,649,182,3.57,43.64%,89.08%,0.091866,2026-07-27
UBER,68.18,2026-08-21,25,Call,67.50,+1.00%,3.8,3.89,4,1161,325,3.57,46.75%,48.94%,0.564239,2026-07-27
MU,900.2,2026-07-29,2,Put,855.00,-5.02%,12.95,16.6,13.7,548,154,3.56,94.14%,119.08%,-0.264171,2026-07-27
KO,84.07,2026-07-31,4,Call,86.00,-2.30%,0.59,0.63,0.63,1491,419,3.56,22.76%,38.30%,0.293454,2026-07-27
VG,12.82,2026-08-07,11,Put,12.50,-2.50%,0.4,0.48,0.55,1711,481,3.56,81.24%,71.53%,-0.392804,2026-07-27
MSTR,98.65,2026-07-31,4,Call,112.00,-13.53%,0.57,0.6,0.64,2121,595,3.56,80.73%,99.96%,0.123653,2026-07-27
AMD,494.95,2026-08-07,11,Put,465.00,-6.05%,18.85,20.54,20.2,539,152,3.55,81.19%,97.94%,-0.323589,2026-07-27
OXY,54.93,2026-07-31,4,Put,52.00,-5.33%,0.1,0.11,0.18,816,230,3.55,40.50%,44.02%,-0.111876,2026-07-27
COIN,167.49,2026-07-31,4,Call,190.00,-13.44%,1.68,1.72,1.78,4266,1202,3.55,82.66%,117.03%,0.167298,2026-07-27
PZZA,30.29,2026-12-18,144,Call,35.00,-15.55%,2.15,3,3.6,556,157,3.54,79.62%,61.73%,0.414616,2026-07-27
MRVL,189.17,2026-08-14,18,Put,140.00,-25.99%,1.63,2.07,2.02,599,169,3.54,93.81%,106.58%,-0.081219,2026-07-27
REPL,8.63,2026-08-07,11,Call,16.00,-85.40%,0.65,0.65,3.7,711,201,3.54,331.42%,638.36%,0.499164,2026-07-27
NMAX,7.73,2026-07-31,4,Call,3.00,+61.19%,4.1,4.5,4.9,879,248,3.54,83.89%,404.29%,0.992831,2026-07-27
RKLB,66.94,2026-07-31,4,Call,74.00,-10.55%,0.7,0.75,0.8,1496,423,3.54,101.78%,104.28%,0.194786,2026-07-27
TSLA,309.22,2026-07-29,2,Put,270.00,-12.68%,0.1,0.11,0.11,698,198,3.53,47.33%,85.59%,-0.014811,2026-07-27
BB,8.42,2026-07-31,4,Call,8.50,-0.95%,0.22,0.31,0.34,2400,679,3.53,80.64%,89.73%,0.480266,2026-07-27
NOK,9.28,2026-08-07,11,Call,9.00,+3.02%,0.56,0.6,0.78,1399,398,3.52,70.23%,81.40%,0.614723,2026-07-27
AVGO,383.22,2026-07-29,2,Call,400.00,-4.38%,1.32,1.47,1.61,1505,428,3.52,52.73%,58.70%,0.1683,2026-07-27
NVDA,196.51,2026-08-28,32,Put,165.00,-16.03%,1.81,1.85,1.88,3093,878,3.52,42.30%,53.23%,-0.114263,2026-07-27
BMNR,17.92,2026-07-31,4,Call,19.00,-6.03%,0.3,0.33,0.34,12803,3643,3.51,83.82%,95.46%,0.297358,2026-07-27
MSTR,98.65,2026-08-28,32,Put,55.00,-44.25%,0.4,0.55,0.55,659,188,3.51,80.73%,117.42%,-0.031235,2026-07-27
MU,900.2,2026-07-29,2,Put,805.00,-10.58%,4.45,4.63,4.85,511,146,3.5,94.14%,127.64%,-0.108924,2026-07-27
NBIS,187.88,2026-08-07,11,Call,200.00,-6.45%,15,16.31,17,982,281,3.49,156.73%,160.19%,0.467375,2026-07-27
NVDA,196.51,2026-07-31,4,Call,170.00,+13.49%,26.35,27.25,28.6,1074,308,3.49,42.30%,106.11%,0.91356,2026-07-27
CRM,173.6,2026-07-31,4,Call,177.50,-2.25%,2.25,2.27,2.41,1787,512,3.49,47.85%,54.04%,0.35961,2026-07-27
CSCO,114.57,2026-07-31,4,Call,119.00,-3.87%,0.63,0.64,0.67,1918,549,3.49,51.27%,44.70%,0.216971,2026-07-27
SPCX,113.5,2026-07-31,4,Call,113.00,+0.44%,5.4,5.44,5.7,3191,914,3.49,115.21%,111.58%,0.539673,2026-07-27
TSLA,309.22,2026-07-31,4,Put,305.00,-1.36%,5.2,5.36,5.3,6387,1837,3.48,47.33%,56.22%,-0.394106,2026-07-27
MU,900.2,2026-07-29,2,Call,975.00,-8.31%,6.05,6.5,6.5,610,176,3.47,94.14%,107.95%,0.169369,2026-07-27
LUNR,13.31,2026-08-21,25,Put,11.00,-17.36%,0.55,0.68,0.75,612,177,3.46,119.90%,122.75%,-0.223394,2026-07-27
GM,87.04,2026-07-31,4,Call,87.00,+0.05%,1.64,1.71,1.83,557,162,3.44,36.43%,46.84%,0.515972,2026-07-27
XOM,154.77,2026-07-31,4,Put,152.50,-1.47%,1.87,2.04,2.04,1207,351,3.44,32.85%,46.12%,-0.369795,2026-07-27
CIFR,21.65,2026-08-21,25,Put,21.00,-3.00%,2.47,2.6,2.71,1979,575,3.44,128.69%,132.17%,-0.394825,2026-07-27
ASTS,58.29,2026-07-31,4,Put,57.00,-2.21%,1.94,2.2,2.09,1452,423,3.43,110.30%,108.84%,-0.398842,2026-07-27
NBIS,187.88,2026-08-21,25,Call,270.00,-43.71%,8.85,10.15,9.7,4085,1190,3.43,156.73%,155.13%,0.246942,2026-07-27
VZ,47.32,2026-08-14,18,Call,50.00,-5.66%,0.18,0.24,0.23,500,146,3.42,24.51%,24.40%,0.156477,2026-07-27
AAPL,336.91,2026-08-03,7,Put,325.00,-3.54%,2.5,2.7,2.84,523,153,3.42,29.62%,39.12%,-0.241373,2026-07-27
BE,188.18,2026-10-16,81,Call,200.00,-6.28%,44,44.52,46.8,796,233,3.42,170.35%,141.15%,0.599946,2026-07-27
BSX,45.51,2026-08-07,11,Put,44.00,-3.32%,1.3,1.33,1.65,813,238,3.42,53.50%,69.88%,-0.364516,2026-07-27
USAR,14.93,2026-07-31,4,Call,16.50,-10.52%,0.14,0.16,0.17,876,256,3.42,98.82%,101.22%,0.187535,2026-07-27
TSLA,309.22,2026-08-14,18,Call,310.00,-0.25%,13.2,13.3,13.5,896,262,3.42,47.33%,49.15%,0.519099,2026-07-27
SNDK,1278.23,2027-01-15,172,Put,"1,200.00",-6.12%,332.5,341.1,344,1180,345,3.42,139.14%,117.32%,-0.309808,2026-07-27
UBER,68.18,2028-12-15,872,Put,55.00,-19.33%,6.9,8.2,8.95,1300,380,3.42,46.75%,42.28%,-0.224607,2026-07-27
NVDA,196.51,2026-08-07,11,Put,192.50,-2.04%,4.15,4.26,4.25,1534,449,3.42,42.30%,45.01%,-0.37709,2026-07-27
APLD,26.38,2026-07-31,4,Call,28.00,-6.14%,1.36,1.37,1.4,1934,566,3.42,117.85%,184.32%,0.416299,2026-07-27
NOW,105.56,2026-07-31,4,Call,109.00,-3.26%,1.82,1.93,1.93,1253,367,3.41,58.66%,73.67%,0.354888,2026-07-27
NFLX,70.4,2026-08-28,32,Call,76.00,-7.95%,0.99,1.03,1.04,2038,598,3.41,34.04%,34.22%,0.250518,2026-07-27
CNP,44.01,2026-08-21,25,Call,45.00,-2.25%,0.6,0.69,1.4,2617,767,3.41,28.75%,30.65%,0.41083,2026-07-27
TSM,399.09,2026-08-21,25,Call,475.00,-19.02%,2.12,1.68,2.38,574,169,3.4,49.56%,48.65%,0.098706,2026-07-27
WULF,17.98,2026-07-31,4,Call,21.00,-16.80%,0.11,0.11,0.14,2361,696,3.39,111.25%,120.43%,0.118446,2026-07-27
TSM,399.09,2026-07-31,4,Call,427.50,-7.12%,1.74,1.73,2.02,2953,872,3.39,49.56%,60.67%,0.14775,2026-07-27
SOFI,16.88,2026-08-28,32,Call,20.50,-21.45%,0.28,0.32,0.33,876,259,3.38,68.27%,65.29%,0.186282,2026-07-27
SNDK,1278.23,2026-07-31,4,Put,"1,250.00",-2.21%,71.1,74,75.4,2287,677,3.38,139.14%,164.73%,-0.413843,2026-07-27
TSLA,309.22,2026-07-31,4,Put,310.00,+0.25%,7.5,7.65,7.75,8659,2565,3.38,47.33%,56.36%,-0.503141,2026-07-27
SPCE,2.53,2026-09-18,53,Call,3.50,-38.34%,0.13,0.14,0.15,554,165,3.36,107.87%,104.49%,0.273388,2026-07-27
MRVL,189.17,2026-07-31,4,Call,190.00,-0.44%,8.5,8.6,9.05,635,189,3.36,93.81%,115.65%,0.510975,2026-07-27
AMD,494.95,2026-07-29,2,Call,550.00,-11.12%,0.75,0.77,0.8,1759,523,3.36,81.19%,88.34%,0.057392,2026-07-27
TE,4.9,2026-07-31,4,Call,5.50,-12.24%,0.1,0.12,0.15,2177,649,3.35,146.07%,159.03%,0.271481,2026-07-27
GOOGL,326.56,2026-08-07,11,Call,330.00,-1.05%,6.05,6.15,6.35,2349,702,3.35,31.30%,33.69%,0.447195,2026-07-27
MU,900.2,2026-07-31,4,Call,950.00,-5.53%,22.65,22.65,24,6152,1834,3.35,94.14%,113.13%,0.347442,2026-07-27
MSFT,389.1,2026-08-28,32,Call,470.00,-20.79%,2.04,2.23,2.55,547,164,3.34,43.64%,46.09%,0.097013,2026-07-27
RUM,6.04,2026-07-31,4,Call,2.00,+66.89%,3.9,3.95,4.3,672,201,3.34,94.29%,674.88%,0.972464,2026-07-27
USAR,14.93,2026-07-31,4,Put,13.50,-9.58%,0.11,0.15,0.22,795,238,3.34,98.82%,108.54%,-0.172026,2026-07-27
AAPL,336.91,2026-08-07,11,Put,335.00,-0.57%,7,7.12,7.35,1050,314,3.34,29.62%,35.40%,-0.4458,2026-07-27
MU,900.2,2026-07-29,2,Put,845.00,-6.13%,10.5,10.8,11.3,620,187,3.32,94.14%,120.53%,-0.224849,2026-07-27
CRCL,65.67,2026-07-31,4,Call,81.00,-23.34%,0.01,0.13,0.21,784,236,3.32,99.09%,109.24%,0.038044,2026-07-27
ANET,170.76,2026-07-31,4,Call,167.50,+1.91%,7,7.88,8.2,579,175,3.31,76.66%,81.95%,0.607287,2026-07-27
UEC,9.91,2026-08-07,11,Call,10.50,-5.95%,0.15,0.3,0.32,751,227,3.31,80.38%,66.39%,0.331871,2026-07-27
CDNS,338.61,2026-08-21,25,Put,340.00,+0.41%,19,19.9,22,696,211,3.3,57.38%,57.05%,-0.47608,2026-07-27
NOW,105.56,2026-07-31,4,Call,108.00,-2.31%,2.16,2.16,2.28,2640,801,3.3,58.66%,73.59%,0.40014,2026-07-27
NOK,9.28,2027-03-19,235,Call,17.00,-83.19%,0.38,0.53,0.81,836,254,3.29,70.23%,73.60%,0.239464,2026-07-27
IBRX,6.99,2026-07-31,4,Call,7.50,-7.30%,0.05,0.1,0.1,1141,348,3.28,90.35%,83.10%,0.223163,2026-07-27
NFLX,70.4,2026-08-07,11,Put,71.00,+0.85%,1.93,1.9,2,1770,539,3.28,34.04%,34.44%,-0.539324,2026-07-27
AMD,494.95,2026-08-07,11,Put,475.00,-4.03%,22.5,23.75,24,539,165,3.27,81.19%,96.76%,-0.369034,2026-07-27
NVDA,196.51,2026-07-31,4,Call,205.00,-4.32%,1.17,1.17,1.2,51969,15939,3.26,42.30%,48.77%,0.212929,2026-07-27
ARM,266.33,2026-07-31,4,Put,202.50,-23.97%,1.21,1.36,1.53,509,156,3.26,102.32%,178.73%,-0.059377,2026-07-27
MXL,64.86,2026-08-21,25,Put,45.00,-30.62%,0.85,1.1,1.3,590,181,3.26,120.41%,122.64%,-0.095681,2026-07-27
AMZN,231.39,2026-07-31,4,Call,195.00,+15.73%,36.4,37.56,37.75,642,197,3.26,42.53%,105.47%,0.946147,2026-07-27
NOW,105.56,2026-07-31,4,Call,116.00,-9.89%,0.47,0.49,0.57,720,221,3.26,58.66%,76.27%,0.127891,2026-07-27
AMKR,60.71,2026-08-21,25,Call,65.00,-7.07%,5.3,5.6,5.7,1869,574,3.26,110.29%,113.25%,0.469885,2026-07-27
NVTS,11.41,2026-07-31,4,Call,12.50,-9.55%,0.53,0.56,0.57,3199,981,3.26,131.54%,200.90%,0.371894,2026-07-27
TER,334.77,2026-08-21,25,Put,210.00,-37.27%,1.7,3.14,3.6,510,157,3.25,111.11%,122.06%,-0.051922,2026-07-27
T,24.42,2026-08-14,18,Call,25.00,-2.38%,0.32,0.38,0.36,955,294,3.25,26.74%,26.90%,0.355447,2026-07-27
AAOI,97.82,2026-07-31,4,Call,100.00,-2.23%,4.7,5.1,5.3,759,234,3.24,141.19%,145.67%,0.473801,2026-07-27
TSLA,309.22,2026-07-29,2,Call,322.50,-4.29%,1.07,1.08,1.1,4798,1481,3.24,47.33%,56.26%,0.162484,2026-07-27
QGEN,41.08,2026-08-21,25,Call,45.00,-9.54%,0.8,1.32,1.4,21223,6577,3.23,59.70%,58.05%,0.299943,2026-07-27
UBER,68.18,2026-10-16,81,Call,70.00,-2.67%,4.65,4.6,4.85,1040,322,3.23,46.75%,41.44%,0.501927,2026-07-27
SPCX,113.5,2026-08-07,11,Put,111.00,-2.20%,10.3,10.31,10.5,1379,427,3.23,115.21%,150.46%,-0.413218,2026-07-27
MSFT,389.1,2026-08-07,11,Put,330.00,-15.19%,0.8,0.91,0.94,1987,616,3.23,43.64%,59.72%,-0.049651,2026-07-27
SPCX,113.5,2026-07-31,4,Call,105.00,+7.49%,10.1,10.5,10.7,509,158,3.22,115.21%,110.03%,0.769431,2026-07-27
INTC,91.67,2026-08-14,18,Call,95.00,-3.63%,5.35,5.5,5.7,821,255,3.22,82.93%,84.91%,0.465244,2026-07-27
AMD,494.95,2026-08-07,11,Call,540.00,-9.10%,15.6,16.05,16.5,1885,585,3.22,81.19%,94.31%,0.328655,2026-07-27
NVDA,196.51,2027-02-19,207,Put,175.00,-10.95%,13.2,13.46,13.9,2037,634,3.21,42.30%,43.35%,-0.285244,2026-07-27
RKT,13.49,2026-07-31,4,Call,14.00,-3.78%,0.2,0.23,0.25,2376,741,3.21,73.62%,75.14%,0.334531,2026-07-27
ASST,12.19,2026-07-31,4,Call,12.50,-2.54%,0.37,0.38,0.48,646,202,3.2,99.81%,109.57%,0.43717,2026-07-27
NVDA,196.51,2026-08-14,18,Call,200.00,-1.78%,5.85,5.85,6,4233,1324,3.2,42.30%,42.23%,0.450381,2026-07-27
NOK,9.28,2026-07-31,4,Call,9.00,+3.02%,0.43,0.45,0.47,7218,2254,3.2,70.23%,75.27%,0.666824,2026-07-27
AAPL,336.91,2026-07-29,2,Put,320.00,-5.02%,0.15,0.16,0.16,15580,4885,3.19,29.62%,39.79%,-0.038481,2026-07-27
REPL,8.63,2026-08-14,18,Put,21.00,+143.34%,10.3,12.75,14.2,520,163,3.19,331.42%,308.51%,-0.831224,2026-07-27
NOW,105.56,2026-07-31,4,Put,99.00,-6.21%,0.82,0.85,0.9,637,200,3.19,58.66%,72.75%,-0.188003,2026-07-27
TXN,279.41,2026-08-21,25,Put,250.00,-10.53%,4.95,5.7,6.4,1581,495,3.19,54.35%,59.58%,-0.212318,2026-07-27
MU,900.2,2026-07-29,2,Put,840.00,-6.69%,9.65,9.87,10.15,662,208,3.18,94.14%,121.63%,-0.207308,2026-07-27
GLW,143.36,2026-07-31,4,Call,165.00,-15.09%,1.64,1.7,1.91,1163,366,3.18,86.93%,133.50%,0.175147,2026-07-27
RZLV,2.3,2026-08-21,25,Call,1.50,+34.78%,0.7,0.77,0.95,914,288,3.17,108.78%,118.11%,0.938895,2026-07-27
QBTS,19.51,2026-07-31,4,Call,22.00,-12.76%,0.22,0.23,0.24,2387,756,3.16,107.61%,118.79%,0.183884,2026-07-27
GLXY,22.7,2026-10-16,81,Call,32.50,-43.17%,1.24,1.53,1.84,536,170,3.15,100.44%,96.74%,0.294034,2026-07-27
JPM,356.2,2026-08-07,11,Put,350.00,-1.74%,2.96,3.5,3.8,542,172,3.15,22.63%,24.73%,-0.32901,2026-07-27
CHTR,131.61,2026-10-16,81,Put,145.00,+10.17%,21.7,22.6,23,1119,355,3.15,62.76%,59.49%,-0.575321,2026-07-27
S,18.14,2026-07-31,4,Call,20.00,-10.25%,0.05,0.12,0.15,1614,512,3.15,68.13%,80.77%,0.134022,2026-07-27
AMAT,516.89,2026-07-31,4,Put,450.00,-12.94%,3.45,4.57,4.9,2470,783,3.15,91.72%,120.65%,-0.122397,2026-07-27
BAC,62.13,2026-07-31,4,Put,62.00,-0.21%,0.56,0.57,0.59,6129,1943,3.15,22.56%,24.82%,-0.460097,2026-07-27
NVDA,196.51,2026-08-07,11,Put,190.00,-3.31%,3.3,3.33,3.4,10663,3387,3.15,42.30%,45.73%,-0.317612,2026-07-27
ORCL,119.9,2026-07-31,4,Call,125.00,-4.25%,1.91,1.92,1.99,15628,4966,3.15,68.14%,77.94%,0.320129,2026-07-27
NVDA,196.51,2026-07-29,2,Put,200.00,+1.78%,4.85,4.85,4.95,25852,8223,3.14,42.30%,48.53%,-0.680426,2026-07-27
QBTS,19.51,2026-08-07,11,Call,22.00,-12.76%,0.76,0.76,0.82,612,195,3.14,107.61%,122.48%,0.32508,2026-07-27
ASST,12.19,2026-07-31,4,Call,13.50,-10.75%,0.03,0.14,0.14,789,251,3.14,99.81%,89.55%,0.14968,2026-07-27
NVDA,196.51,2027-02-19,207,Put,170.00,-13.49%,11.45,11.7,12.15,1049,334,3.14,42.30%,43.67%,-0.256135,2026-07-27
APLD,26.38,2026-07-31,4,Put,23.00,-12.81%,0.64,0.64,0.65,987,315,3.13,117.85%,181.92%,-0.20721,2026-07-27
VZ,47.32,2026-07-31,4,Call,47.50,-0.38%,0.45,0.52,0.58,1447,462,3.13,24.51%,30.58%,0.456464,2026-07-27
MU,900.2,2026-07-31,4,Call,940.00,-4.42%,26.1,26.74,27.3,1920,613,3.13,94.14%,113.60%,0.381663,2026-07-27
CMCSA,22.8,2026-08-07,11,Put,22.50,-1.32%,0.36,0.31,0.52,587,188,3.12,34.00%,36.50%,-0.40787,2026-07-27
MRVL,189.17,2027-03-19,235,Put,125.00,-33.92%,15.75,16.6,16.95,603,193,3.12,93.81%,86.29%,-0.164887,2026-07-27
MU,900.2,2026-07-29,2,Put,820.00,-8.91%,6.35,6.47,6.7,728,233,3.12,94.14%,125.24%,-0.145735,2026-07-27
TTD,17.88,2026-08-07,11,Call,23.00,-28.64%,0.17,0.23,0.2,1125,361,3.12,84.35%,112.34%,0.117395,2026-07-27
INTC,91.67,2026-08-14,18,Call,110.00,-20.00%,1.69,1.77,1.84,3966,1272,3.12,82.93%,86.08%,0.197562,2026-07-27
AMZN,231.39,2026-07-29,2,Put,235.00,+1.56%,4.7,4.95,5.45,1435,461,3.11,42.53%,42.88%,-0.680036,2026-07-27
MMM,178.23,2026-07-31,4,Call,180.00,-0.99%,1.53,1.53,1.91,626,202,3.1,26.79%,33.31%,0.397344,2026-07-27
CRK,13,2026-09-18,53,Call,14.00,-7.69%,0.8,0.85,0.9,658,212,3.1,63.54%,63.20%,0.423691,2026-07-27
INTC,91.67,2027-06-17,325,Call,90.00,+1.82%,27.75,28.3,28.85,909,293,3.1,82.93%,79.59%,0.6671,2026-07-27
SPCX,113.5,2026-07-31,4,Put,99.00,-12.78%,0.7,0.76,0.8,1664,537,3.1,115.21%,112.36%,-0.110465,2026-07-27
MU,900.2,2026-07-29,2,Put,900.00,-0.02%,29.4,30.02,30.35,1775,572,3.1,94.14%,113.11%,-0.481483,2026-07-27
IREN,36.29,2026-07-31,4,Put,29.00,-20.09%,0.21,0.24,0.25,2697,871,3.1,130.93%,160.72%,-0.077919,2026-07-27
PAYX,115.48,2026-09-18,53,Call,90.00,+22.06%,23.6,25.25,26.8,5400,1743,3.1,31.06%,30.57%,0.990702,2026-07-27
PLTR,131.53,2026-07-31,4,Call,137.00,-4.16%,1.4,1.4,1.42,3465,1121,3.09,67.26%,61.83%,0.277236,2026-07-27
FIG,22.94,2026-07-31,4,Call,24.50,-6.80%,0.46,0.48,0.5,1012,328,3.09,108.23%,109.47%,0.303832,2026-07-27
CMCSA,22.8,2026-08-21,25,Call,23.50,-3.07%,0.36,0.71,0.55,1073,347,3.09,34.00%,31.70%,0.366908,2026-07-27
ARM,266.33,2026-07-31,4,Call,325.00,-22.03%,2.9,2.95,3.2,1483,480,3.09,102.32%,163.47%,0.141053,2026-07-27
RGTI,15.64,2026-07-31,4,Put,16.00,+2.30%,0.88,0.87,0.95,1537,498,3.09,100.20%,109.67%,-0.554943,2026-07-27
SHOP,126.88,2026-07-31,4,Call,125.00,+1.48%,4.3,4.23,4.95,1681,544,3.09,74.76%,68.05%,0.599009,2026-07-27
RBRK,74.82,2026-08-21,25,Call,77.50,-3.58%,4.1,4.14,4.3,748,243,3.08,71.15%,67.49%,0.461404,2026-07-27
MU,900.2,2026-07-29,2,Call,940.00,-4.42%,13.95,14.25,14.65,1332,434,3.07,94.14%,110.64%,0.313833,2026-07-27
POET,7.09,2026-08-07,11,Call,7.00,+1.27%,0.57,0.58,0.63,532,174,3.06,118.00%,112.93%,0.567013,2026-07-27
GLW,143.36,2026-10-16,81,Put,100.00,-30.25%,3.5,4.82,5.85,609,199,3.06,86.93%,85.44%,-0.133192,2026-07-27
AVGO,383.22,2026-07-29,2,Put,360.00,-6.06%,0.92,0.99,1.07,686,224,3.06,52.73%,68.76%,-0.104479,2026-07-27
RKLB,66.94,2026-07-31,4,Call,71.00,-6.07%,1.34,1.39,1.45,1258,411,3.06,101.78%,103.85%,0.314292,2026-07-27
M,24.96,2026-07-31,4,Call,25.00,-0.16%,0.44,0.52,0.56,1297,424,3.06,51.00%,49.77%,0.49848,2026-07-27
WMT,111.74,2026-08-07,11,Call,113.00,-1.13%,1.37,1.45,1.5,1066,350,3.05,31.21%,25.25%,0.414743,2026-07-27
MU,900.2,2026-07-29,2,Put,790.00,-12.24%,3.2,3.35,3.6,624,205,3.04,94.14%,131.47%,-0.081896,2026-07-27
MU,900.2,2026-07-29,2,Put,835.00,-7.24%,8.65,8.95,9.15,645,212,3.04,94.14%,122.30%,-0.190021,2026-07-27
UMAC,20.6,2026-07-31,4,Call,22.00,-6.80%,0.45,0.57,0.65,657,216,3.04,134.76%,124.90%,0.331956,2026-07-27
POET,7.09,2026-07-31,4,Call,6.50,+8.32%,0.7,0.72,0.87,769,253,3.04,118.00%,149.88%,0.737224,2026-07-27
DOCN,120.2,2026-07-31,4,Call,150.00,-24.79%,0.05,0.15,0.3,930,306,3.04,111.52%,111.41%,0.033089,2026-07-27
APLD,26.38,2026-07-31,4,Call,32.00,-21.30%,0.45,0.47,0.47,2238,735,3.04,117.85%,183.53%,0.181899,2026-07-27
JOBY,7.37,2026-07-31,4,Call,7.50,-1.76%,0.21,0.21,0.25,2764,910,3.04,90.00%,93.16%,0.449675,2026-07-27
SKHY,143.02,2026-07-31,4,Call,160.00,-11.87%,3.8,3.9,4,3287,1081,3.04,121.46%,161.67%,0.282303,2026-07-27
NVTS,11.41,2026-07-31,4,Call,12.00,-5.17%,0.71,0.73,0.73,2847,941,3.03,131.54%,201.98%,0.447935,2026-07-27
PFG,111.29,2026-08-21,25,Call,115.00,-3.33%,1.6,2.4,2.4,552,183,3.02,30.13%,29.94%,0.353826,2026-07-27
SNDK,1278.23,2026-08-07,11,Put,705.00,-44.85%,6.9,7.1,7.6,775,257,3.02,139.14%,209.63%,-0.034392,2026-07-27
USAR,14.93,2026-07-31,4,Call,15.50,-3.82%,0.34,0.38,0.44,1059,351,3.02,98.82%,99.59%,0.380759,2026-07-27
INTC,91.67,2026-07-31,4,Put,82.00,-10.55%,0.81,0.88,0.9,1118,370,3.02,82.93%,108.97%,-0.149856,2026-07-27
XPEV,12.78,2026-07-31,4,Call,13.50,-5.63%,0.09,0.1,0.11,1529,506,3.02,64.07%,63.11%,0.214579,2026-07-27
IREN,36.29,2026-07-31,4,Call,43.50,-19.87%,0.27,0.36,0.36,928,308,3.01,130.93%,141.40%,0.125551,2026-07-27
TOST,30.84,2026-07-31,4,Call,32.00,-3.76%,0.26,0.28,0.3,848,283,3,63.98%,54.23%,0.269238,2026-07-27
RGTI,15.64,2026-10-16,81,Call,15.00,+4.09%,3.05,3.25,3.25,902,301,3,100.20%,96.82%,0.632209,2026-07-27
RKLB,66.94,2026-07-31,4,Call,66.00,+1.40%,3.35,3.4,3.5,1012,337,3,101.78%,105.14%,0.57423,2026-07-27
CELH,28.79,2026-07-31,4,Call,29.00,-0.73%,0.68,0.7,0.8,1276,425,3,76.68%,69.27%,0.476674,2026-07-27
PINS,23.5,2026-08-07,11,Call,26.00,-10.64%,0.65,0.67,0.77,593,198,2.99,71.59%,97.19%,0.305565,2026-07-27
ABNB,146.86,2026-08-28,32,Call,155.00,-5.54%,4.05,4.6,5.5,669,224,2.99,43.46%,45.11%,0.377226,2026-07-27
KEEL,4.05,2027-02-19,207,Call,7.00,-72.84%,0.64,0.75,0.91,1442,482,2.99,123.75%,119.20%,0.446064,2026-07-27
NCLH,20.03,2026-07-31,4,Call,20.50,-2.35%,0.62,0.66,0.7,2540,849,2.99,59.27%,103.06%,0.437466,2026-07-27
STM,53.45,2026-08-21,25,Call,57.00,-6.64%,2.65,2.79,3.1,670,225,2.98,75.55%,76.19%,0.415756,2026-07-27
NOW,105.56,2026-08-21,25,Put,93.00,-11.90%,1.71,1.8,1.86,692,232,2.98,58.66%,59.85%,-0.183733,2026-07-27
TENX,16.19,2026-08-21,25,Put,15.00,-7.35%,5.8,7,7.2,877,294,2.98,454.73%,463.25%,-0.25124,2026-07-27
CRH,102.86,2026-08-21,25,Put,90.00,-12.50%,0.75,0.7,1.6,1085,364,2.98,41.17%,53.12%,-0.149088,2026-07-27
NOW,105.56,2026-07-31,4,Put,105.00,-0.53%,2.79,2.94,2.94,1608,540,2.98,58.66%,71.78%,-0.455125,2026-07-27
TSLA,309.22,2026-08-07,11,Put,300.00,-2.98%,6.8,7.13,6.95,4740,1588,2.98,47.33%,52.11%,-0.34822,2026-07-27
FLO,7.64,2026-09-18,53,Put,7.50,-1.83%,0.4,0.4,0.5,682,230,2.97,55.39%,44.10%,-0.428008,2026-07-27
ABBV,256.91,2028-01-21,543,Call,350.00,-36.23%,9.15,10.55,10.45,688,232,2.97,31.65%,27.01%,0.229587,2026-07-27
PDD,84.85,2026-08-07,11,Call,95.00,-11.96%,0.02,0.13,0.18,865,291,2.97,39.54%,37.35%,0.045219,2026-07-27
IREN,36.29,2026-07-31,4,Call,39.00,-7.47%,1.13,1.12,1.23,1858,626,2.97,130.93%,145.15%,0.34625,2026-07-27
TSLA,309.22,2026-08-07,11,Call,315.00,-1.87%,8.65,8.7,8.75,2051,690,2.97,47.33%,51.90%,0.441024,2026-07-27
UPWK,9.26,2027-01-15,172,Call,5.00,+46.00%,4.4,4.72,5.1,675,228,2.96,94.64%,97.45%,0.900243,2026-07-27
MU,900.2,2026-07-31,4,Call,885.00,+1.69%,51.4,52.75,54.45,801,271,2.96,94.14%,120.08%,0.579822,2026-07-27
DJT,9.56,2026-07-31,4,Call,9.50,+0.63%,0.38,0.43,0.47,1200,406,2.96,85.08%,98.63%,0.546358,2026-07-27
T,24.42,2026-07-31,4,Put,24.00,-1.72%,0.13,0.17,0.17,1861,629,2.96,26.74%,31.26%,-0.293121,2026-07-27
NVTS,11.41,2026-07-31,4,Put,9.00,-21.12%,0.15,0.15,0.16,1836,622,2.95,131.54%,208.68%,-0.115639,2026-07-27
AVGO,383.22,2026-07-29,2,Call,405.00,-5.68%,0.73,0.78,0.86,599,204,2.94,52.73%,57.96%,0.103245,2026-07-27
GOOG,326.57,2026-07-31,4,Put,325.00,-0.48%,4.3,4.4,4.5,2600,883,2.94,31.02%,38.19%,-0.441127,2026-07-27
BA,211.5,2026-07-31,4,Put,192.50,-8.98%,0.5,0.56,0.59,694,237,2.93,39.25%,65.70%,-0.080296,2026-07-27
UNH,417.64,2026-07-31,4,Call,420.00,-0.57%,4.35,4.26,4.9,757,258,2.93,28.77%,32.59%,0.442833,2026-07-27
MSTR,98.65,2026-07-31,4,Put,86.00,-12.82%,0.44,0.55,0.56,3175,1083,2.93,80.73%,104.45%,-0.09456,2026-07-27
BSX,45.51,2026-07-31,4,Put,39.00,-14.30%,0.05,0.15,0.15,706,242,2.92,53.50%,93.46%,-0.051504,2026-07-27
WEN,7.31,2026-07-31,4,Call,7.00,+4.24%,0.35,0.44,0.5,1042,357,2.92,62.09%,80.64%,0.709246,2026-07-27
TE,4.9,2026-07-31,4,Call,5.00,-2.04%,0.25,0.27,0.3,1337,458,2.92,146.07%,155.80%,0.484084,2026-07-27
GOOG,326.57,2026-07-31,4,Call,342.50,-4.88%,0.86,0.89,0.92,2149,736,2.92,31.02%,39.76%,0.132486,2026-07-27
SPCX,113.5,2026-07-31,4,Put,100.00,-11.89%,0.85,0.88,0.9,24314,8365,2.91,115.21%,111.60%,-0.125988,2026-07-27
INTC,91.67,2026-07-29,2,Put,91.00,-0.73%,2.27,2.33,2.39,742,255,2.91,82.93%,98.58%,-0.444728,2026-07-27
MU,900.2,2026-07-29,2,Put,890.00,-1.13%,25.1,25.72,25.9,747,257,2.91,94.14%,115.05%,-0.429229,2026-07-27
CRDO,208.14,2026-07-31,4,Put,170.00,-18.32%,0.8,1.36,1.75,1075,369,2.91,113.87%,147.26%,-0.081879,2026-07-27
CHWY,21.8,2026-08-07,11,Call,22.00,-0.92%,0.7,0.77,0.76,540,186,2.9,55.53%,53.78%,0.484274,2026-07-27
ECHO,86.69,2026-07-31,4,Call,90.00,-3.82%,1.05,1.2,1.4,668,230,2.9,69.55%,68.68%,0.31569,2026-07-27
CSCO,114.57,2026-07-31,4,Call,118.00,-2.99%,0.86,0.89,0.93,1361,470,2.9,51.27%,45.07%,0.27533,2026-07-27
QS,5.18,2026-07-31,4,Call,5.00,+3.47%,0.27,0.3,0.3,2597,894,2.9,87.94%,84.51%,0.673131,2026-07-27
HIMS,30.24,2026-07-31,4,Call,30.50,-0.86%,1,1.05,1.06,775,268,2.89,106.45%,90.70%,0.484638,2026-07-27
HOOD,95.65,2026-07-31,4,Call,114.00,-19.18%,0.57,0.58,0.6,1575,545,2.89,79.63%,125.70%,0.102939,2026-07-27
JOBY,7.37,2026-11-20,116,Call,9.00,-22.12%,0.87,0.89,0.97,740,257,2.88,90.00%,86.65%,0.444393,2026-07-27
NVDA,196.51,2027-02-19,207,Put,180.00,-8.40%,15,15.29,15.8,1029,357,2.88,42.30%,42.92%,-0.315268,2026-07-27
HIMS,30.24,2026-07-31,4,Call,32.50,-7.47%,0.39,0.42,0.45,1219,424,2.88,106.45%,94.04%,0.248587,2026-07-27
NOK,9.28,2026-11-20,116,Call,10.00,-7.76%,1.18,1.21,1.39,1453,504,2.88,70.23%,74.24%,0.5175,2026-07-27
MSFT,389.1,2026-08-07,11,Call,425.00,-9.23%,4.25,4.73,4.85,2370,824,2.88,43.64%,59.03%,0.211196,2026-07-27
AMZN,231.39,2026-07-29,2,Call,237.50,-2.64%,0.62,0.7,0.76,3266,1134,2.88,42.53%,39.11%,0.189724,2026-07-27
APLD,26.38,2026-07-31,4,Call,31.00,-17.51%,0.59,0.62,0.63,3319,1152,2.88,117.85%,182.99%,0.227932,2026-07-27
META,593.87,2026-09-18,53,Call,"1,350.00",-127.32%,0.05,0.15,0.25,571,199,2.87,50.42%,74.56%,0.003163,2026-07-27
APLD,26.38,2026-07-31,4,Put,22.00,-16.60%,0.41,0.41,0.42,850,296,2.87,117.85%,181.86%,-0.146884,2026-07-27
AMZN,231.39,2026-07-29,2,Put,230.00,-0.60%,1.97,2.11,2.15,4251,1481,2.87,42.53%,39.87%,-0.411136,2026-07-27
SPCX,113.5,2026-07-31,4,Put,109.00,-3.96%,3.1,3.19,3.2,3539,1239,2.86,115.21%,109.90%,-0.340101,2026-07-27
MSTR,98.65,2026-07-31,4,Call,116.00,-17.59%,0.27,0.34,0.39,580,203,2.86,80.73%,102.40%,0.072964,2026-07-27
TMC,3.78,2026-08-14,18,Call,4.50,-19.05%,0.14,0.16,0.19,622,218,2.85,108.67%,118.13%,0.299193,2026-07-27
IREN,36.29,2026-07-31,4,Put,29.50,-18.71%,0.24,0.29,0.3,669,235,2.85,130.93%,157.92%,-0.090449,2026-07-27
BABA,115,2026-07-31,4,Call,114.00,+0.87%,2.79,2.85,3,1780,625,2.85,48.84%,49.40%,0.577119,2026-07-27
CRCL,65.67,2027-06-17,325,Put,45.00,-31.48%,8.6,8.95,9.3,528,186,2.84,99.09%,90.62%,-0.183669,2026-07-27
INTC,91.67,2026-07-29,2,Call,94.00,-2.54%,1.59,1.64,1.7,1197,421,2.84,82.93%,96.42%,0.376881,2026-07-27
LQDA,84.42,2026-08-07,11,Call,100.00,-18.46%,0.9,1,1.2,1387,489,2.84,100.51%,90.61%,0.160801,2026-07-27
DINO,90.78,2026-08-21,25,Call,92.50,-1.89%,3.8,4.4,4.9,3301,1161,2.84,53.42%,53.69%,0.476843,2026-07-27
WMT,111.74,2026-08-14,18,Call,125.00,-11.87%,0.08,0.13,0.15,1857,659,2.82,31.21%,28.24%,0.041348,2026-07-27
AMZN,231.39,2026-07-29,2,Call,242.50,-4.80%,0.18,0.18,0.21,3334,1181,2.82,42.53%,41.10%,0.064287,2026-07-27
CRM,173.6,2026-07-31,4,Call,180.00,-3.69%,1.54,1.6,1.66,4530,1611,2.81,47.85%,54.17%,0.27252,2026-07-27
SCHW,104.18,2026-07-31,4,Call,107.00,-2.71%,0.3,0.37,0.42,523,186,2.81,25.86%,29.68%,0.201663,2026-07-27
RUN,9.98,2026-07-31,4,Call,10.50,-5.21%,0.18,0.22,0.23,824,293,2.81,98.06%,96.57%,0.327074,2026-07-27
ALAB,282.52,2026-07-31,4,Put,220.00,-22.13%,0.54,1.2,3.35,850,303,2.81,125.23%,178.64%,-0.075929,2026-07-27
ASTS,58.29,2026-07-31,4,Call,62.00,-6.36%,1.21,1.26,1.26,1159,412,2.81,110.30%,107.00%,0.311581,2026-07-27
MRVL,189.17,2026-08-07,11,Put,170.00,-10.13%,5,5.49,5.65,1336,476,2.81,93.81%,102.58%,-0.24373,2026-07-27
SBUX,103.65,2026-07-31,4,Call,105.00,-1.30%,2.66,2.79,2.85,961,343,2.8,40.62%,77.64%,0.453357,2026-07-27
INTC,91.67,2026-07-31,4,Put,89.00,-2.91%,2.59,2.7,2.76,2234,798,2.8,82.93%,102.79%,-0.370225,2026-07-27
INTC,91.67,2026-11-20,116,Put,52.50,-42.73%,1.78,1.86,2.01,2271,810,2.8,82.93%,85.18%,-0.077617,2026-07-27
JPM,356.2,2026-08-28,32,Put,315.00,-11.57%,0.47,0.88,1.27,630,227,2.78,22.63%,28.48%,-0.064285,2026-07-27
META,593.87,2026-07-31,4,Call,550.00,+7.39%,50.6,52.03,52.7,698,251,2.78,50.42%,97.56%,0.789868,2026-07-27
GM,87.04,2026-07-31,4,Call,84.00,+3.49%,3.55,3.55,3.75,1520,547,2.78,36.43%,47.45%,0.772341,2026-07-27
SKHY,143.02,2026-07-31,4,Call,165.00,-15.37%,2.95,2.95,3,1957,705,2.78,121.46%,163.52%,0.227426,2026-07-27
VZ,47.32,2026-07-31,4,Put,47.00,-0.68%,0.36,0.4,0.47,516,186,2.77,24.51%,28.23%,-0.406327,2026-07-27
MU,900.2,2026-07-31,4,Put,615.00,-31.68%,0.56,0.76,0.82,532,192,2.77,94.14%,167.72%,-0.011924,2026-07-27
AAPL,336.91,2026-08-07,11,Put,340.00,+0.92%,9.45,9.9,9.85,746,269,2.77,29.62%,34.90%,-0.543018,2026-07-27
LLY,1197.53,2026-07-31,4,Put,"1,050.00",-12.32%,0.1,0.12,0.25,524,190,2.76,44.94%,52.72%,-0.007868,2026-07-27
RIOT,21.97,2026-07-31,4,Put,18.00,-18.07%,0.09,0.11,0.13,615,223,2.76,105.56%,138.20%,-0.073175,2026-07-27
HPE,48.19,2026-07-31,4,Put,43.00,-10.77%,0.15,0.28,0.42,633,229,2.76,78.94%,95.32%,-0.116148,2026-07-27
PYPL,56.07,2026-07-31,4,Call,63.00,-12.36%,0.26,0.47,0.47,638,231,2.76,51.32%,95.95%,0.134099,2026-07-27
ACI,11.37,2026-08-21,25,Put,11.00,-3.25%,0.15,0.25,0.45,666,241,2.76,37.93%,39.07%,-0.357952,2026-07-27
INTC,91.67,2026-07-29,2,Put,90.00,-1.82%,1.86,1.9,1.95,6633,2403,2.76,82.93%,99.30%,-0.386326,2026-07-27
NVDA,196.51,2026-07-31,4,Put,207.50,+5.59%,11.55,11.55,11.7,11553,4179,2.76,42.30%,47.19%,-0.859221,2026-07-27
NOW,105.56,2026-07-31,4,Call,110.00,-4.21%,1.52,1.58,1.59,9821,3574,2.75,58.66%,73.30%,0.310844,2026-07-27
NFLX,70.4,2026-07-31,4,Call,72.00,-2.27%,0.52,0.53,0.54,14884,5411,2.75,34.04%,38.65%,0.299615,2026-07-27
NTAP,169.8,2026-09-18,53,Call,195.00,-14.84%,5.8,7.31,9.3,520,190,2.74,55.80%,62.00%,0.324912,2026-07-27
META,593.87,2026-07-31,4,Call,602.50,-1.45%,20.35,20.65,21.15,786,287,2.74,50.42%,99.06%,0.466576,2026-07-27
SBUX,103.65,2026-07-31,4,Put,105.00,+1.30%,3.9,3.77,4.25,942,344,2.74,40.62%,77.26%,-0.546946,2026-07-27
VG,12.82,2026-07-31,4,Put,13.00,+1.40%,0.45,0.55,0.6,2427,885,2.74,81.24%,80.02%,-0.548318,2026-07-27
VST,157.08,2026-07-31,4,Put,145.00,-7.69%,0.46,0.63,0.7,701,257,2.73,55.32%,64.38%,-0.110171,2026-07-27
LYFT,15.09,2026-07-31,4,Call,15.00,+0.60%,0.43,0.46,0.49,1447,531,2.73,75.96%,65.32%,0.55073,2026-07-27
APLD,26.38,2026-07-31,4,Call,29.00,-9.93%,1.05,1.06,1.08,1531,560,2.73,117.85%,183.84%,0.346503,2026-07-27
KO,84.07,2026-07-31,4,Put,79.00,-6.03%,0.1,0.11,0.11,2319,851,2.73,22.76%,40.20%,-0.066556,2026-07-27
UBER,68.18,2028-01-21,543,Call,125.00,-83.34%,3.25,3.3,3.5,1079,397,2.72,46.75%,42.31%,0.211994,2026-07-27
ORCL,119.9,2026-07-31,4,Call,132.00,-10.09%,0.6,0.61,0.63,1445,532,2.72,68.14%,78.33%,0.129434,2026-07-27
GOOGL,326.56,2026-07-31,4,Put,322.50,-1.24%,3.25,3.35,3.55,1594,585,2.72,31.30%,38.53%,-0.367632,2026-07-27
DKNG,24.11,2026-07-31,4,Call,24.00,+0.46%,0.63,0.71,0.76,2009,739,2.72,62.75%,63.08%,0.543122,2026-07-27
MRLN,3.74,2026-08-21,25,Call,2.50,+33.16%,1.05,1.15,1.55,601,222,2.71,164.97%,126.71%,0.917439,2026-07-27
MCHP,77.9,2026-08-21,25,Call,95.00,-21.95%,1,1.22,1.6,755,279,2.71,74.11%,73.45%,0.175459,2026-07-27
RLAY,18.64,2026-09-18,53,Call,21.00,-12.66%,0.4,1.55,4.9,950,350,2.71,100.56%,123.23%,0.496939,2026-07-27
NOW,105.56,2026-07-31,4,Call,113.00,-7.05%,0.87,0.88,0.94,1816,671,2.71,58.66%,74.47%,0.203368,2026-07-27
JD,30.95,2026-07-31,4,Call,31.00,-0.16%,0.45,0.48,0.5,2039,753,2.71,39.81%,39.57%,0.485294,2026-07-27
GOOG,326.57,2026-08-21,25,Put,315.00,-3.54%,5.15,5.44,5.7,4859,1794,2.71,31.02%,31.14%,-0.305945,2026-07-27
AAPL,336.91,2026-07-31,4,Put,295.00,-12.44%,0.16,0.18,0.18,6124,2258,2.71,29.62%,63.13%,-0.020282,2026-07-27
T,24.42,2026-07-31,4,Call,25.00,-2.38%,0.1,0.11,0.11,7728,2858,2.7,26.74%,30.42%,0.234488,2026-07-27
FRO,38.59,2026-09-18,53,Call,43.00,-11.43%,0.95,1.3,1.5,1109,410,2.7,53.44%,50.46%,0.290687,2026-07-27
ORCL,119.9,2026-08-07,11,Call,125.00,-4.25%,3.55,3.65,3.8,1544,572,2.7,68.14%,69.05%,0.388523,2026-07-27
ASTS,58.29,2026-07-31,4,Put,51.00,-12.51%,0.4,0.48,0.53,513,191,2.69,110.30%,117.14%,-0.124273,2026-07-27
AMD,494.95,2026-07-29,2,Call,535.00,-8.09%,1.8,1.9,1.9,920,342,2.69,81.19%,87.15%,0.120812,2026-07-27
AMD,494.95,2026-07-29,2,Put,500.00,+1.02%,15.5,15.54,16.75,1033,384,2.69,81.19%,91.91%,-0.544947,2026-07-27
HIMS,30.24,2026-08-07,11,Call,35.00,-15.74%,0.42,0.44,0.47,1327,493,2.69,106.45%,87.36%,0.18915,2026-07-27
MRVL,189.17,2026-07-31,4,Put,155.00,-18.06%,0.76,0.83,0.83,1646,612,2.69,93.81%,132.39%,-0.0656,2026-07-27
INTC,91.67,2026-08-28,32,Put,75.00,-18.18%,2.56,2.55,2.86,2203,820,2.69,82.93%,88.53%,-0.182345,2026-07-27
GOOGL,326.56,2027-12-17,508,Call,390.00,-19.43%,40.25,41.03,41.6,2307,858,2.69,31.30%,37.14%,0.472011,2026-07-27
ORCL,119.9,2026-07-31,4,Call,121.00,-0.92%,3.4,3.5,3.5,2645,983,2.69,68.14%,78.84%,0.473295,2026-07-27
ORCL,119.9,2026-07-31,4,Call,122.00,-1.75%,2.91,3,3.15,4053,1504,2.69,68.14%,78.86%,0.433823,2026-07-27
PLTR,131.53,2026-07-31,4,Put,125.00,-4.96%,1.14,1.17,1.17,5799,2154,2.69,67.26%,65.46%,-0.216919,2026-07-27
CVNA,64.04,2026-07-31,4,Call,71.00,-10.87%,1.42,1.44,1.66,907,339,2.68,82.24%,146.02%,0.27558,2026-07-27
SPCE,2.53,2026-08-07,11,Call,2.50,+1.19%,0.17,0.19,0.21,567,212,2.67,107.87%,99.59%,0.564259,2026-07-27
TSLA,309.22,2026-08-07,11,Put,270.00,-12.68%,1.11,1.25,1.15,1262,473,2.67,47.33%,57.49%,-0.077945,2026-07-27
BABA,115,2026-07-31,4,Call,119.00,-3.48%,0.94,1,1.07,1348,505,2.67,48.84%,51.48%,0.271726,2026-07-27
NVDA,196.51,2026-07-31,4,Put,212.50,+8.14%,16,16.14,16.4,4164,1574,2.65,42.30%,47.67%,-0.939983,2026-07-27
AMAT,516.89,2026-08-07,11,Put,470.00,-9.07%,13,15.25,15.35,578,218,2.65,91.72%,95.32%,-0.253752,2026-07-27
DAL,86.67,2026-08-07,11,Put,82.00,-5.39%,0.7,0.94,0.94,1262,477,2.65,40.72%,42.95%,-0.214804,2026-07-27
DVN,43.16,2026-08-07,11,Call,46.00,-6.58%,0.43,0.5,0.56,733,278,2.64,41.97%,48.82%,0.239513,2026-07-27
GLXY,22.7,2026-07-31,4,Call,26.00,-14.54%,0.16,0.16,0.2,557,212,2.63,100.44%,112.92%,0.138781,2026-07-27
GOOG,326.57,2026-07-31,4,Call,340.00,-4.11%,1.18,1.2,1.24,5741,2183,2.63,31.02%,39.33%,0.171221,2026-07-27
GOOGL,326.56,2026-07-29,2,Call,340.00,-4.12%,0.37,0.4,0.44,4535,1731,2.62,31.30%,40.17%,0.090861,2026-07-27
VIAV,38.16,2026-08-21,25,Call,60.00,-57.23%,0.35,0.5,0.55,1357,517,2.62,112.34%,116.67%,0.093184,2026-07-27
TSLA,309.22,2026-07-31,4,Put,287.50,-7.02%,1.09,1.12,1.13,1056,405,2.61,47.33%,59.73%,-0.114693,2026-07-27
LEN,85.04,2026-08-21,25,Call,95.00,-11.71%,0.2,0.74,0.9,1195,457,2.61,39.74%,36.88%,0.137596,2026-07-27
CRM,173.6,2026-07-31,4,Call,182.50,-5.13%,1.01,1.06,1.11,645,248,2.6,47.85%,54.22%,0.198338,2026-07-27
MU,900.2,2026-07-31,4,Call,925.00,-2.75%,32,32.68,33,758,291,2.6,94.14%,114.59%,0.435116,2026-07-27
OSCR,28.34,2026-07-31,4,Put,27.00,-4.73%,0.43,0.5,0.56,1077,414,2.6,89.26%,89.42%,-0.285009,2026-07-27
RILY,6.8,2026-07-31,4,Call,7.00,-2.94%,0.11,0.14,0.15,1585,610,2.6,79.19%,76.80%,0.363914,2026-07-27
AMZN,231.39,2026-07-31,4,Put,180.00,-22.21%,0.12,0.14,0.14,2319,892,2.6,42.53%,111.23%,-0.013273,2026-07-27
NOW,105.56,2026-07-31,4,Put,108.00,+2.31%,4.35,4.65,4.65,590,228,2.59,58.66%,70.76%,-0.605484,2026-07-27
OKLO,41.81,2026-08-07,11,Call,41.00,+1.94%,3.6,3.07,3.95,591,228,2.59,99.16%,116.40%,0.580541,2026-07-27
MSFT,389.1,2026-07-31,4,Put,327.50,-15.83%,0.06,0.26,0.45,667,258,2.59,43.64%,82.12%,-0.020134,2026-07-27
ORCL,119.9,2026-07-31,4,Call,134.00,-11.76%,0.38,0.41,0.47,1275,493,2.59,68.14%,78.48%,0.095136,2026-07-27
AMZN,231.39,2026-07-31,4,Put,260.00,+12.36%,28.45,29.21,30.85,1755,677,2.59,42.53%,88.08%,-0.888692,2026-07-27
TSLA,309.22,2026-07-29,2,Call,332.50,-7.53%,0.3,0.32,0.32,1824,705,2.59,47.33%,60.06%,0.054138,2026-07-27
CHWY,21.8,2026-08-07,11,Call,23.00,-5.50%,0.27,0.43,0.4,526,204,2.58,55.53%,50.78%,0.290645,2026-07-27
PYPL,56.07,2026-07-31,4,Put,56.00,-0.12%,2.28,2.47,2.75,725,281,2.58,51.32%,109.35%,-0.471976,2026-07-27
AMZN,231.39,2026-07-29,2,Put,225.00,-2.76%,0.7,0.74,0.78,3327,1289,2.58,42.53%,42.81%,-0.182633,2026-07-27
PYPL,56.07,2026-07-31,4,Put,51.00,-9.04%,0.66,0.73,0.73,3474,1349,2.58,51.32%,109.25%,-0.187189,2026-07-27
WMT,111.74,2026-07-31,4,Call,111.00,+0.66%,1.69,1.76,1.79,4674,1814,2.58,31.21%,28.33%,0.598276,2026-07-27
MRVL,189.17,2026-08-14,18,Call,240.00,-26.87%,2.66,2.75,3,1038,404,2.57,93.81%,93.78%,0.151372,2026-07-27
PPG,118.47,2026-08-21,25,Call,125.00,-5.51%,1.45,1.45,2.5,1827,710,2.57,34.61%,35.25%,0.298878,2026-07-27
SOFI,16.88,2026-08-28,32,Put,13.00,-22.99%,0.11,0.15,0.34,505,197,2.56,68.27%,79.22%,-0.106869,2026-07-27
HPE,48.19,2026-07-31,4,Call,51.00,-5.83%,0.55,0.69,0.75,515,201,2.56,78.94%,81.82%,0.268991,2026-07-27
DIS,96.65,2026-07-31,4,Put,92.00,-4.81%,0.07,0.11,0.16,1354,529,2.56,36.37%,33.21%,-0.075278,2026-07-27
NVDA,196.51,2026-07-29,2,Put,207.50,+5.59%,10.8,11.09,11.65,2827,1104,2.56,42.30%,51.17%,-0.922287,2026-07-27
SMR,8.54,2026-07-31,4,Call,8.50,+0.47%,0.39,0.4,0.41,3202,1249,2.56,104.88%,106.29%,0.540387,2026-07-27
NVDA,196.51,2026-08-03,7,Call,210.00,-6.86%,0.69,0.69,0.73,5013,1965,2.55,42.30%,41.12%,0.129825,2026-07-27
DJT,9.56,2026-07-31,4,Call,10.50,-9.83%,0.09,0.15,0.14,814,319,2.55,85.08%,102.90%,0.20806,2026-07-27
INTC,91.67,2026-07-31,4,Put,88.00,-4.00%,2.21,2.34,2.37,1637,642,2.55,82.93%,102.97%,-0.331513,2026-07-27
RGTI,15.64,2026-07-31,4,Call,17.50,-11.89%,0.16,0.18,0.18,1835,721,2.55,100.20%,110.68%,0.181799,2026-07-27
MU,900.2,2026-07-31,4,Put,715.00,-20.57%,2.46,2.73,2.77,1942,761,2.55,94.14%,136.98%,-0.046432,2026-07-27
MU,900.2,2026-07-29,2,Call,915.00,-1.64%,23.25,23.63,24.25,676,266,2.54,94.14%,113.87%,0.440758,2026-07-27
WIX,56.34,2026-08-21,25,Call,60.00,-6.50%,3.6,4.29,4.7,1033,407,2.54,92.38%,94.83%,0.452423,2026-07-27
RCAT,7.79,2026-07-31,4,Call,8.50,-9.11%,0.12,0.12,0.15,1565,616,2.54,116.27%,115.06%,0.2544,2026-07-27
CF,119.78,2026-09-18,53,Put,110.00,-8.16%,3.6,3.91,4.3,1697,668,2.54,49.31%,45.99%,-0.277682,2026-07-27
SKHY,143.02,2026-12-18,144,Call,200.00,-39.84%,22.2,23.02,23.8,2185,860,2.54,121.46%,108.41%,0.448365,2026-07-27
IOVA,4.9,2026-08-14,18,Call,1.00,+79.59%,3.5,5.2,5.4,2850,1120,2.54,123.21%,"1,078.30%",0.968685,2026-07-27
HIMS,30.24,2026-07-31,4,Call,30.00,+0.79%,1.25,1.27,1.3,5348,2115,2.53,106.45%,91.05%,0.553869,2026-07-27
NVDA,196.51,2026-08-07,11,Call,185.00,+5.86%,13.55,14.94,14.05,604,239,2.53,42.30%,47.84%,0.782097,2026-07-27
SKHY,143.02,2027-03-19,235,Put,100.00,-30.08%,18,19.75,20.3,703,278,2.53,121.46%,101.20%,-0.191863,2026-07-27
OKLO,41.81,2026-08-07,11,Call,48.00,-14.81%,1.13,1.25,1.28,879,348,2.53,99.16%,110.91%,0.269211,2026-07-27
SPCX,113.5,2026-07-31,4,Put,97.00,-14.54%,0.5,0.52,0.55,1618,639,2.53,115.21%,112.83%,-0.081923,2026-07-27
GLW,143.36,2026-07-31,4,Put,105.00,-26.76%,0.04,0.1,0.09,516,205,2.52,86.93%,130.56%,-0.009424,2026-07-27
NVDA,196.51,2026-08-03,7,Put,185.00,-5.86%,1.09,1.12,1.14,541,215,2.52,42.30%,46.24%,-0.162786,2026-07-27
TSLA,309.22,2026-07-29,2,Put,360.00,+16.42%,49.8,51.35,51.65,647,257,2.52,47.33%,123.81%,-0.947027,2026-07-27
AMD,494.95,2026-08-07,11,Put,380.00,-23.22%,2.43,2.64,2.93,2864,1136,2.52,81.19%,106.20%,-0.062856,2026-07-27
SPCX,113.5,2026-07-31,4,Call,120.00,-5.73%,3,3,3.1,14663,5821,2.52,115.21%,117.14%,0.348396,2026-07-27
RBLX,48.42,2026-09-18,53,Put,47.50,-1.90%,5.1,5.4,5.4,3544,1413,2.51,87.73%,80.09%,-0.409412,2026-07-27
CMCSA,22.8,2028-12-15,872,Call,35.00,-53.51%,1.79,2,2.31,4002,1595,2.51,34.00%,39.95%,0.300357,2026-07-27
UBER,68.18,2026-07-31,4,Call,70.00,-2.67%,0.51,0.51,0.56,4482,1785,2.51,46.75%,42.60%,0.287878,2026-07-27
NVDA,196.51,2026-08-07,11,Call,200.00,-1.78%,4.45,4.5,4.6,7165,2858,2.51,42.30%,43.98%,0.428459,2026-07-27
BABA,115,2026-07-31,4,Call,116.00,-0.87%,1.97,2.04,2.06,2350,936,2.51,48.84%,51.49%,0.446751,2026-07-27
NOW,105.56,2026-08-07,11,Call,104.00,+1.48%,5.35,5.44,5.7,716,286,2.5,58.66%,64.02%,0.579027,2026-07-27
OKLO,41.81,2026-08-07,11,Call,45.00,-7.63%,1.93,2,2.13,923,369,2.5,99.16%,112.41%,0.392161,2026-07-27
DUOL,132.82,2026-07-31,4,Call,150.00,-12.93%,0.05,0.27,0.55,985,394,2.5,87.95%,75.37%,0.067171,2026-07-27
NVDA,196.51,2026-08-05,9,Call,215.00,-9.41%,0.52,0.58,0.56,1203,481,2.5,42.30%,41.77%,0.092309,2026-07-27
INTC,91.67,2026-08-21,25,Put,72.50,-20.91%,1.48,1.57,1.63,2831,1133,2.5,82.93%,89.55%,-0.129948,2026-07-27
AMD,494.95,2026-11-20,116,Call,490.00,+1.00%,86.5,88.57,89.5,502,202,2.49,81.19%,75.45%,0.604521,2026-07-27
CRM,173.6,2027-12-17,508,Put,185.00,+6.57%,38.5,39.8,43,583,234,2.49,47.85%,46.93%,-0.41807,2026-07-27
AMZN,231.39,2026-07-31,4,Put,207.50,-10.32%,1.11,1.15,1.22,834,335,2.49,42.53%,88.06%,-0.108928,2026-07-27
PCOR,46.58,2027-01-15,172,Call,70.00,-50.28%,1.65,2.2,2.95,1002,402,2.49,73.52%,61.77%,0.240121,2026-07-27
NBIS,187.88,2026-08-07,11,Put,140.00,-25.48%,4.65,4.89,5.2,1387,558,2.49,156.73%,183.85%,-0.139088,2026-07-27
AMD,494.95,2026-07-31,4,Put,430.00,-13.12%,2.21,2.33,2.4,1694,680,2.49,81.19%,103.98%,-0.088481,2026-07-27
RAL,69.83,2026-08-21,25,Put,70.00,+0.24%,4.1,5.19,5,1766,710,2.49,59.54%,62.26%,-0.469104,2026-07-27
INTC,91.67,2026-08-07,11,Put,75.00,-18.18%,0.75,0.8,0.85,5620,2258,2.49,82.93%,97.50%,-0.101051,2026-07-27
RGTI,15.64,2026-07-31,4,Call,16.00,-2.30%,0.52,0.55,0.56,3732,1506,2.48,100.20%,106.44%,0.442365,2026-07-27
ADBE,237.75,2026-07-31,4,Call,245.00,-3.05%,2.69,2.92,3.05,1090,440,2.48,50.43%,57.10%,0.320557,2026-07-27
SPCX,113.5,2026-08-07,11,Call,250.00,-120.26%,0.6,0.5,0.75,2491,1004,2.48,115.21%,234.36%,0.041402,2026-07-27
AMD,494.95,2026-08-28,32,Put,515.00,+4.05%,57.1,58,60.05,2528,1019,2.48,81.19%,81.97%,-0.513021,2026-07-27
GLOB,32.64,2026-08-21,25,Call,35.00,-7.23%,2,2.33,2.6,1723,697,2.47,89.63%,94.23%,0.440483,2026-07-27
MSTR,98.65,2026-07-31,4,Put,92.00,-6.74%,1.42,1.51,1.55,1941,786,2.47,80.73%,99.62%,-0.234287,2026-07-27
NVDA,196.51,2026-08-14,18,Put,185.00,-5.86%,3.05,3.1,3.2,6377,2577,2.47,42.30%,45.06%,-0.252443,2026-07-27
SKHY,143.02,2026-07-31,4,Put,105.00,-26.58%,0.55,0.62,0.7,8370,3388,2.47,121.46%,189.90%,-0.048883,2026-07-27
XPEV,12.78,2026-10-16,81,Call,12.00,+6.10%,1.85,1.93,2,9278,3752,2.47,64.07%,62.49%,0.651403,2026-07-27
PLTR,131.53,2026-07-31,4,Call,138.00,-4.92%,1.15,1.17,1.18,3991,1621,2.46,67.26%,61.67%,0.240279,2026-07-27
VZ,47.32,2026-07-31,4,Call,48.00,-1.44%,0.29,0.32,0.35,8074,3287,2.46,24.51%,30.32%,0.329727,2026-07-27
AAPL,336.91,2026-07-31,4,Call,337.50,-0.18%,6.3,6.5,6.6,8595,3490,2.46,29.62%,47.46%,0.498754,2026-07-27
TIGR,4.91,2026-08-28,32,Call,5.00,-1.83%,0.29,0.34,0.35,502,204,2.46,59.72%,60.95%,0.50303,2026-07-27
TSM,399.09,2026-08-07,11,Put,295.00,-26.08%,0.15,0.33,0.36,625,254,2.46,49.56%,80.45%,-0.012568,2026-07-27
TSLA,309.22,2026-07-31,4,Call,317.50,-2.68%,4,4.05,4.1,2459,999,2.46,47.33%,56.77%,0.341511,2026-07-27
MU,900.2,2026-07-29,2,Put,650.00,-27.79%,0.21,0.24,0.28,702,287,2.45,94.14%,180.28%,-0.006073,2026-07-27
DJT,9.56,2026-07-31,4,Put,9.00,-5.86%,0.14,0.17,0.18,738,301,2.45,85.08%,97.23%,-0.258676,2026-07-27
AXP,335.39,2026-08-14,18,Put,195.00,-41.86%,0.01,0.14,0.28,868,354,2.45,27.50%,101.00%,-0.005624,2026-07-27
BAC,62.13,2026-08-14,18,Put,57.00,-8.26%,0.11,0.13,0.15,956,390,2.45,22.56%,27.71%,-0.074201,2026-07-27
INTC,91.67,2026-07-31,4,Call,102.00,-11.27%,0.77,0.79,0.86,2466,1005,2.45,82.93%,99.96%,0.167276,2026-07-27
GOOG,326.57,2026-07-31,4,Call,335.00,-2.58%,2.13,2.2,2.25,6314,2580,2.45,31.02%,38.73%,0.274456,2026-07-27
TSLA,309.22,2026-07-31,4,Put,282.50,-8.64%,0.69,0.69,0.72,735,301,2.44,47.33%,61.98%,-0.076198,2026-07-27
AMZN,231.39,2026-07-31,4,Call,200.00,+13.57%,31.55,33.15,32.95,1564,640,2.44,42.53%,98.47%,0.929191,2026-07-27
TTD,17.88,2028-01-21,543,Call,27.50,-53.80%,3.55,4.1,4.15,3255,1334,2.44,84.35%,70.00%,0.497337,2026-07-27
AMC,2.51,2027-03-19,235,Call,2.50,+0.40%,0.71,0.73,0.85,519,214,2.43,110.86%,102.16%,0.645383,2026-07-27
MMSI,76.1,2026-08-21,25,Call,85.00,-11.70%,0.65,0.7,0.9,1580,651,2.43,44.80%,42.32%,0.17858,2026-07-27
EOSE,3.61,2026-08-07,11,Call,4.00,-10.80%,0.22,0.24,0.28,2365,975,2.43,149.76%,158.06%,0.40797,2026-07-27
MARA,11.77,2026-08-28,32,Call,13.00,-10.45%,0.78,0.88,0.99,516,213,2.42,98.94%,96.22%,0.422672,2026-07-27
CLF,12.25,2026-08-21,25,Put,11.50,-6.12%,0.51,0.72,0.65,522,216,2.42,69.00%,73.69%,-0.333548,2026-07-27
MSFT,389.1,2026-07-31,4,Call,412.50,-6.01%,5.6,5.77,6.2,563,233,2.42,43.64%,87.89%,0.279047,2026-07-27
MU,900.2,2026-07-29,2,Put,810.00,-10.02%,4.95,5.3,5.4,689,285,2.42,94.14%,126.53%,-0.119777,2026-07-27
GOOGL,326.56,2026-07-29,2,Put,310.00,-5.07%,0.19,0.2,0.2,806,333,2.42,31.30%,42.21%,-0.045818,2026-07-27
MSFT,389.1,2026-08-07,11,Put,390.00,+0.23%,15.7,15.85,16.05,1017,421,2.42,43.64%,57.74%,-0.486535,2026-07-27
QBTS,19.51,2026-07-31,4,Call,18.50,+5.18%,1.45,1.49,1.59,1365,563,2.42,107.61%,116.49%,0.691539,2026-07-27
PLTR,131.53,2026-07-31,4,Call,135.00,-2.64%,2.01,2,2.04,11204,4658,2.41,67.26%,62.36%,0.359331,2026-07-27
RIOT,21.97,2027-01-15,172,Call,36.00,-63.86%,2.13,2.52,2.55,800,332,2.41,105.56%,93.99%,0.339154,2026-07-27
SPCX,113.5,2026-07-31,4,Put,103.00,-9.25%,1.35,1.36,1.4,813,337,2.41,115.21%,109.93%,-0.182934,2026-07-27
QBTS,19.51,2026-07-31,4,Put,17.00,-12.87%,0.14,0.15,0.19,1128,469,2.41,107.61%,121.90%,-0.125924,2026-07-27
STM,53.45,2026-10-16,81,Put,45.00,-15.81%,3.2,3.5,3.5,1131,469,2.41,75.55%,74.86%,-0.247691,2026-07-27
META,593.87,2026-08-21,25,Call,"1,410.00",-137.43%,0.02,0.1,0.19,1208,501,2.41,50.42%,110.30%,0.002241,2026-07-27
SMCI,29.81,2026-07-31,4,Call,29.50,+1.04%,1.4,1.44,1.46,1432,593,2.41,100.22%,102.02%,0.561597,2026-07-27
BKNG,186.79,2026-07-31,4,Call,182.50,+2.30%,3.6,6.14,6.6,781,326,2.4,46.02%,29.91%,0.778516,2026-07-27
NVDA,196.51,2026-07-31,4,Call,215.00,-9.41%,0.19,0.19,0.2,124771,51973,2.4,42.30%,50.18%,0.046577,2026-07-27
BA,211.5,2026-07-31,4,Call,222.50,-5.20%,1.69,1.81,2,735,307,2.39,39.25%,63.45%,0.232481,2026-07-27
LUNR,13.31,2026-07-31,4,Call,15.00,-12.70%,0.15,0.16,0.18,1084,454,2.39,119.90%,120.59%,0.189235,2026-07-27
TSLA,309.22,2026-07-31,4,Put,302.50,-2.17%,4.25,4.5,4.35,1975,827,2.39,47.33%,56.43%,-0.341885,2026-07-27
LCID,6.5,2026-07-31,4,Call,6.50,0.00%,0.25,0.25,0.29,2359,986,2.39,125.15%,99.05%,0.522202,2026-07-27
OSCR,28.34,2026-07-31,4,Call,32.00,-12.91%,0,0.15,0.22,869,365,2.38,89.26%,85.59%,0.0957,2026-07-27
INTC,91.67,2026-07-29,2,Call,90.00,+1.82%,3.4,3.55,3.65,1926,809,2.38,82.93%,96.81%,0.615905,2026-07-27
GLW,143.36,2026-12-18,144,Put,95.00,-33.73%,5.55,7.28,8.55,508,214,2.37,86.93%,83.34%,-0.142429,2026-07-27
AMAT,516.89,2026-07-31,4,Put,490.00,-5.20%,11.05,13.2,13.95,803,339,2.37,91.72%,112.35%,-0.303018,2026-07-27
MU,900.2,2026-07-29,2,Put,865.00,-3.91%,16,16,16.6,958,405,2.37,94.14%,118.25%,-0.308019,2026-07-27
SPCX,113.5,2027-01-15,172,Call,245.00,-115.86%,4.5,4.21,4.8,1503,633,2.37,115.21%,86.42%,0.166048,2026-07-27
BSX,45.51,2027-01-15,172,Call,45.00,+1.12%,6.4,6.67,6.9,1534,646,2.37,53.50%,48.82%,0.600766,2026-07-27
VIAV,38.16,2026-08-21,25,Put,25.00,-34.49%,0.25,0.45,0.65,780,330,2.36,112.34%,124.59%,-0.071177,2026-07-27
TSCO,31.8,2026-07-31,4,Call,32.00,-0.63%,0.45,0.55,0.6,980,416,2.36,41.98%,46.47%,0.458794,2026-07-27
MU,900.2,2026-07-31,4,Call,970.00,-7.75%,16.85,17.5,18.1,1169,496,2.36,94.14%,112.02%,0.282651,2026-07-27
UUUU,11.71,2026-08-14,18,Call,13.00,-11.02%,0.41,0.4,0.47,522,222,2.35,85.25%,86.24%,0.329738,2026-07-27
ORCL,119.9,2026-08-07,11,Call,147.00,-22.60%,0.32,0.34,0.41,706,300,2.35,68.14%,72.10%,0.059279,2026-07-27
GOOG,326.57,2026-08-07,11,Call,335.00,-2.58%,4.1,4.35,4.45,915,390,2.35,31.02%,33.42%,0.347155,2026-07-27
MU,900.2,2026-07-29,2,Call,980.00,-8.86%,5.3,5.51,5.7,1109,472,2.35,94.14%,107.55%,0.152755,2026-07-27
MRSH,183.31,2026-08-21,25,Put,170.00,-7.26%,0.65,0.72,1.7,577,247,2.34,24.99%,29.68%,-0.153044,2026-07-27
ORCL,119.9,2027-06-17,325,Put,80.00,-33.28%,8.85,9.8,11.3,1276,545,2.34,68.14%,71.34%,-0.165927,2026-07-27
AMZN,231.39,2026-07-29,2,Put,227.50,-1.68%,1.24,1.29,1.37,1482,633,2.34,42.53%,42.06%,-0.285775,2026-07-27
SOUN,6.41,2026-08-14,18,Call,9.00,-40.41%,0.09,0.1,0.1,2137,912,2.34,100.75%,118.93%,0.125845,2026-07-27
AAPL,336.91,2026-07-29,2,Put,325.00,-3.54%,0.33,0.34,0.36,7008,3001,2.34,29.62%,35.73%,-0.083752,2026-07-27
GME,21.52,2026-07-31,4,Call,21.50,+0.09%,0.3,0.29,0.33,7582,3235,2.34,34.31%,34.33%,0.514073,2026-07-27
TSLA,309.22,2026-07-31,4,Put,300.00,-2.98%,3.45,3.51,3.55,12509,5338,2.34,47.33%,56.83%,-0.293061,2026-07-27
AAPL,336.91,2026-07-29,2,Put,322.50,-4.28%,0.22,0.25,0.24,4894,2102,2.33,29.62%,37.77%,-0.056633,2026-07-27
TTD,17.88,2026-08-21,25,Call,18.00,-0.67%,1.51,1.63,1.79,543,233,2.33,84.35%,90.41%,0.540043,2026-07-27
AMD,494.95,2026-07-29,2,Call,560.00,-13.14%,0.41,0.44,0.5,843,362,2.33,81.19%,90.51%,0.035414,2026-07-27
NOK,9.28,2026-08-14,18,Call,11.00,-18.53%,0.09,0.11,0.15,1295,558,2.32,70.23%,71.93%,0.164004,2026-07-27
IOVA,4.9,2026-08-07,11,Call,5.50,-12.24%,0,0.2,0.4,2258,974,2.32,123.21%,120.89%,0.329844,2026-07-27
OXY,54.93,2026-08-07,11,Call,62.00,-12.87%,0.18,0.15,0.26,2313,998,2.32,40.50%,51.87%,0.097836,2026-07-27
APLD,26.38,2026-07-31,4,Put,25.00,-5.23%,1.3,1.32,1.35,2622,1132,2.32,117.85%,181.09%,-0.352328,2026-07-27
SPCX,113.5,2027-01-15,172,Put,105.00,-7.49%,19.7,20,20,3082,1328,2.32,115.21%,83.97%,-0.327848,2026-07-27
MU,900.2,2026-07-31,4,Call,"1,000.00",-11.09%,10.8,10.9,11.25,12678,5457,2.32,94.14%,110.98%,0.199444,2026-07-27
WEN,7.31,2026-07-31,4,Call,7.50,-2.60%,0.15,0.17,0.2,3750,1620,2.31,62.09%,84.17%,0.400556,2026-07-27
OMER,11.34,2026-08-21,25,Call,10.00,+11.82%,2.1,2.2,2.2,7315,3163,2.31,109.49%,122.92%,0.7121,2026-07-27
MU,900.2,2026-07-29,2,Call,"1,050.00",-16.64%,0.84,0.99,0.99,784,340,2.31,94.14%,110.25%,0.032674,2026-07-27
RKLB,66.94,2026-07-31,4,Call,73.00,-9.05%,0.89,0.93,0.95,1037,449,2.31,101.78%,103.71%,0.229524,2026-07-27
BBBY,5.37,2027-01-15,172,Put,7.50,+39.66%,2.6,2.8,3.1,2000,866,2.31,119.40%,96.43%,-0.56673,2026-07-27
TOST,30.84,2026-08-28,32,Call,30.00,+2.72%,2.61,2.74,2.9,2338,1010,2.31,63.98%,62.96%,0.602109,2026-07-27
WMT,111.74,2026-07-31,4,Call,113.00,-1.13%,0.77,0.78,0.81,3012,1303,2.31,31.21%,27.99%,0.360179,2026-07-27
CNC,64.08,2026-07-31,4,Call,75.00,-17.04%,0.19,0.29,0.35,500,217,2.3,57.73%,105.72%,0.086455,2026-07-27
GOOGL,326.56,2026-08-07,11,Put,325.00,-0.48%,6.5,6.53,6.8,747,325,2.3,31.30%,33.43%,-0.450065,2026-07-27
RGTI,15.64,2026-07-31,4,Call,16.50,-5.50%,0.36,0.39,0.39,3315,1443,2.3,100.20%,107.84%,0.339334,2026-07-27
NVDA,196.51,2026-07-31,4,Call,175.00,+10.95%,21.2,22.97,22.2,1101,480,2.29,42.30%,58.91%,0.972276,2026-07-27
GS,1048.23,2026-07-31,4,Put,"1,025.00",-2.22%,9.05,10.79,11.5,766,336,2.28,34.88%,45.81%,-0.310182,2026-07-27
RGTI,15.64,2026-07-31,4,Call,17.00,-8.70%,0.24,0.25,0.26,4843,2125,2.28,100.20%,108.33%,0.24979,2026-07-27
NOW,105.56,2026-07-31,4,Put,104.00,-1.48%,2.35,2.4,2.52,583,257,2.27,58.66%,72.47%,-0.405697,2026-07-27
B,37.38,2026-07-31,4,Call,39.00,-4.33%,0.19,0.24,0.29,1005,443,2.27,47.72%,50.24%,0.218599,2026-07-27
IONQ,35.92,2026-07-31,4,Call,38.00,-5.79%,0.81,0.81,0.9,1330,586,2.27,102.43%,109.64%,0.33372,2026-07-27
CIFR,21.65,2026-07-31,4,Call,22.00,-1.62%,1.12,1.2,1.25,2964,1306,2.27,128.69%,148.16%,0.490706,2026-07-27
SHAZ,58.79,2026-08-21,25,Call,70.00,-19.07%,3.4,3.61,4,904,400,2.26,119.09%,120.57%,0.349193,2026-07-27
AAPL,336.91,2026-07-31,4,Call,352.50,-4.63%,1.52,1.6,1.63,1060,469,2.26,29.62%,46.04%,0.182202,2026-07-27
TSLA,309.22,2026-07-31,4,Put,312.50,+1.06%,8.9,9.95,9.15,1666,737,2.26,47.33%,56.48%,-0.557154,2026-07-27
NOW,105.56,2026-07-31,4,Call,107.00,-1.36%,2.48,2.65,2.69,2261,1001,2.26,58.66%,72.94%,0.446664,2026-07-27
IREN,36.29,2026-07-31,4,Call,37.50,-3.33%,1.65,1.68,1.8,537,239,2.25,130.93%,147.69%,0.447376,2026-07-27
QUBT,7.96,2026-07-31,4,Call,7.50,+5.78%,0.56,0.55,0.63,1180,524,2.25,102.28%,96.14%,0.740806,2026-07-27
IREN,36.29,2026-07-31,4,Put,36.50,+0.58%,2.21,2.38,2.37,1249,556,2.25,130.93%,144.25%,-0.484285,2026-07-27
PYPL,56.07,2026-07-31,4,Call,59.00,-5.23%,1.16,1.3,1.31,1636,726,2.25,51.32%,100.70%,0.334354,2026-07-27
AAPL,336.91,2026-07-31,4,Call,342.50,-1.66%,4.2,4.31,4.45,1728,768,2.25,29.62%,47.29%,0.381928,2026-07-27
AMZN,231.39,2026-07-31,4,Call,185.00,+20.05%,46.2,47.15,47.5,542,242,2.24,42.53%,120.05%,0.967584,2026-07-27
ABBV,256.91,2026-08-07,11,Put,140.00,-45.51%,0,0.15,0.55,648,289,2.24,31.65%,160.78%,-0.01029,2026-07-27
COST,951.58,2026-08-28,32,Put,780.00,-18.03%,0.3,0.52,0.74,740,331,2.24,21.81%,32.26%,-0.015555,2026-07-27
MU,900.2,2026-07-31,4,Call,930.00,-3.31%,29.95,30,31.4,933,417,2.24,94.14%,114.79%,0.417718,2026-07-27
ASTS,58.29,2026-07-31,4,Call,64.00,-9.80%,0.76,0.82,0.85,1070,478,2.24,110.30%,108.50%,0.22285,2026-07-27
RGTI,15.64,2026-07-31,4,Put,15.00,-4.09%,0.4,0.42,0.43,1864,834,2.24,100.20%,107.97%,-0.333872,2026-07-27
ASTS,58.29,2026-07-31,4,Call,60.00,-2.93%,1.85,1.9,1.9,2352,1051,2.24,110.30%,106.67%,0.420902,2026-07-27
CLF,12.25,2026-07-31,4,Call,12.50,-2.04%,0.31,0.31,0.34,2535,1131,2.24,69.00%,84.75%,0.427978,2026-07-27
NKE,42.14,2026-07-31,4,Call,43.00,-2.04%,0.39,0.39,0.4,3778,1690,2.24,38.13%,42.08%,0.330927,2026-07-27
BBAI,2.83,2026-07-31,4,Call,3.00,-6.01%,0.11,0.11,0.12,6761,3032,2.23,96.56%,154.21%,0.390415,2026-07-27
ORCL,119.9,2026-07-31,4,Put,115.00,-4.09%,1.86,1.88,2.05,11991,5384,2.23,68.14%,80.30%,-0.294307,2026-07-27
FFIV,407.96,2026-08-21,25,Call,480.00,-17.66%,4.5,4.8,7.3,525,235,2.23,61.73%,61.24%,0.179028,2026-07-27
NVDA,196.51,2026-08-03,7,Put,187.50,-4.59%,1.52,1.57,1.58,767,344,2.23,42.30%,45.18%,-0.214726,2026-07-27
GOOGL,326.56,2026-07-29,2,Call,345.00,-5.65%,0.16,0.19,0.19,1186,531,2.23,31.30%,42.50%,0.042301,2026-07-27
NVDA,196.51,2026-08-03,7,Call,212.50,-8.14%,0.45,0.49,0.49,1226,549,2.23,42.30%,41.29%,0.091915,2026-07-27
MU,900.2,2026-07-29,2,Put,775.00,-13.91%,2.32,2.49,2.6,599,270,2.22,94.14%,135.22%,-0.060804,2026-07-27
AVGO,383.22,2026-07-31,4,Call,380.00,+0.84%,11.5,11.88,12.4,1442,650,2.22,52.73%,63.98%,0.565222,2026-07-27
BE,188.18,2026-10-16,81,Call,210.00,-11.60%,40.9,41.5,43.35,2302,1038,2.22,170.35%,141.06%,0.571224,2026-07-27
PATH,11.62,2026-07-31,4,Call,12.50,-7.57%,0.09,0.11,0.12,5689,2559,2.22,74.73%,79.25%,0.202207,2026-07-27
NFLX,70.4,2026-07-31,4,Call,73.00,-3.69%,0.31,0.32,0.32,11124,5005,2.22,34.04%,39.46%,0.198292,2026-07-27
ORCL,119.9,2026-07-31,4,Call,130.00,-8.42%,0.84,0.88,0.89,14675,6622,2.22,68.14%,77.89%,0.171388,2026-07-27
BABA,115,2026-07-31,4,Call,124.00,-7.83%,0.25,0.26,0.3,641,290,2.21,48.84%,53.44%,0.09357,2026-07-27
CLS,318.24,2026-07-31,4,Call,400.00,-25.69%,1.1,1.8,1.9,661,299,2.21,91.29%,143.51%,0.074326,2026-07-27
NVDA,196.51,2026-08-07,11,Put,187.50,-4.59%,2.63,2.66,2.7,766,347,2.21,42.30%,46.68%,-0.264332,2026-07-27
ARM,266.33,2026-07-31,4,Call,330.00,-23.91%,2.41,2.52,2.71,853,386,2.21,102.32%,163.50%,0.122094,2026-07-27
BB,8.42,2026-07-31,4,Put,8.50,+0.95%,0.33,0.33,0.4,943,426,2.21,80.64%,92.05%,-0.518619,2026-07-27
NVDA,196.51,2026-08-03,7,Put,195.00,-0.77%,3.8,3.92,3.9,1579,713,2.21,42.30%,42.67%,-0.433093,2026-07-27
NVDA,196.51,2026-08-28,32,Call,195.00,+0.77%,11.9,12,12.15,1821,823,2.21,42.30%,47.56%,0.55745,2026-07-27
MU,900.2,2026-07-31,4,Call,895.00,+0.58%,45.8,47.08,48.4,587,267,2.2,94.14%,118.20%,0.544525,2026-07-27
GLW,143.36,2026-07-31,4,Put,125.00,-12.81%,1.44,1.55,1.68,1086,493,2.2,86.93%,132.10%,-0.144034,2026-07-27
SOUN,6.41,2026-07-31,4,Call,6.50,-1.40%,0.17,0.19,0.2,6009,2728,2.2,100.75%,83.89%,0.456065,2026-07-27
NOW,105.56,2026-07-31,4,Call,105.00,+0.53%,3.45,3.55,3.65,11433,5207,2.2,58.66%,73.73%,0.544855,2026-07-27
GOOGL,326.56,2026-07-31,4,Call,330.00,-1.05%,3.65,3.9,3.9,10802,4941,2.19,31.30%,38.44%,0.408584,2026-07-27
GS,1048.23,2026-07-31,4,Call,"1,100.00",-4.94%,2.53,2.68,3.25,526,240,2.19,34.88%,40.33%,0.132225,2026-07-27
NVDA,196.51,2026-08-05,9,Call,212.50,-8.14%,0.75,0.84,0.8,747,341,2.19,42.30%,41.67%,0.124828,2026-07-27
TCOM,44.77,2027-06-17,325,Put,40.00,-10.65%,3.9,4,4.5,801,365,2.19,43.16%,41.68%,-0.300497,2026-07-27
SERV,4.78,2026-07-31,4,Call,5.00,-4.60%,0.11,0.12,0.15,831,380,2.19,111.15%,108.91%,0.369091,2026-07-27
META,593.87,2026-07-31,4,Put,510.00,-14.12%,1.95,2.03,2.1,1088,496,2.19,50.42%,102.07%,-0.069242,2026-07-27
BABA,115,2026-07-31,4,Put,113.00,-1.74%,1.45,1.61,1.6,1228,560,2.19,48.84%,50.30%,-0.359393,2026-07-27
JD,30.95,2026-07-31,4,Call,32.00,-3.39%,0.16,0.18,0.17,1343,612,2.19,39.81%,41.19%,0.220112,2026-07-27
COST,951.58,2026-08-07,11,Put,900.00,-5.42%,1.05,1.53,2.24,640,293,2.18,21.81%,24.37%,-0.087186,2026-07-27
AMD,494.95,2026-07-31,4,Call,505.00,-2.03%,14.5,15.17,15.7,669,307,2.18,81.19%,94.09%,0.440052,2026-07-27
NVDA,196.51,2026-08-03,7,Call,195.00,+0.77%,5.4,5.47,5.65,1007,462,2.18,42.30%,43.18%,0.567024,2026-07-27
NVDA,196.51,2026-07-31,4,Call,180.00,+8.40%,17,17.42,17.15,1273,584,2.18,42.30%,62.42%,0.91631,2026-07-27
FLUT,105.84,2026-12-18,144,Put,100.00,-5.52%,9.6,9.7,9.8,1573,720,2.18,57.64%,50.80%,-0.354466,2026-07-27
MARA,11.77,2026-07-31,4,Call,12.50,-6.20%,0.23,0.25,0.24,6661,3058,2.18,98.94%,102.50%,0.307291,2026-07-27
NVDA,196.51,2026-07-31,4,Call,190.00,+3.31%,8.35,8.47,8.45,6278,2892,2.17,42.30%,53.85%,0.736257,2026-07-27
CRWV,70.79,2026-07-31,4,Put,57.00,-19.48%,0.2,0.21,0.23,889,410,2.17,109.11%,131.58%,-0.05003,2026-07-27
XOM,154.77,2026-10-16,81,Call,200.00,-29.22%,0.4,0.54,0.58,1007,465,2.17,32.85%,31.89%,0.052769,2026-07-27
UPS,112.95,2026-07-31,4,Put,105.00,-7.04%,0.86,0.92,1.01,1426,658,2.17,41.05%,78.92%,-0.178115,2026-07-27
STX,816.99,2026-08-21,25,Call,"1,000.00",-22.40%,31,34.91,39.7,1432,660,2.17,107.85%,107.37%,0.28395,2026-07-27
HPE,48.19,2026-09-18,53,Call,70.00,-45.26%,0.72,0.98,1.25,2410,1113,2.17,78.94%,80.67%,0.146838,2026-07-27
BE,188.18,2026-09-18,53,Put,120.00,-36.23%,10.85,11.87,12.8,2697,1245,2.17,170.35%,160.43%,-0.147007,2026-07-27
UBER,68.18,2026-07-31,4,Put,64.00,-6.13%,0.14,0.18,0.18,943,437,2.16,46.75%,47.82%,-0.097458,2026-07-27
EIX,78.64,2026-09-18,53,Call,85.00,-8.09%,1.1,1.7,1.8,1012,469,2.16,30.73%,30.97%,0.270434,2026-07-27
MU,900.2,2026-07-29,2,Put,850.00,-5.58%,12,12.4,12.5,2210,1022,2.16,94.14%,120.69%,-0.245422,2026-07-27
GME,21.52,2026-07-31,4,Call,22.00,-2.23%,0.12,0.13,0.13,14804,6843,2.16,34.31%,34.06%,0.270889,2026-07-27
BMNR,17.92,2026-07-31,4,Call,18.00,-0.45%,0.65,0.69,0.69,8182,3797,2.15,83.82%,94.19%,0.503142,2026-07-27
METC,10.17,2026-08-21,25,Put,13.00,+27.83%,3.1,3.2,3.3,501,233,2.15,110.80%,112.41%,-0.753187,2026-07-27
WDC,497.92,2026-07-31,4,Put,335.00,-32.72%,0,0.33,0.65,627,292,2.15,105.58%,169.89%,-0.010198,2026-07-27
MU,900.2,2026-07-29,2,Call,960.00,-6.64%,8.8,9.08,9.4,730,340,2.15,94.14%,109.02%,0.225337,2026-07-27
TSLA,309.22,2026-08-14,18,Call,325.00,-5.10%,7.4,7.35,7.5,784,365,2.15,47.33%,48.96%,0.349367,2026-07-27
SPCX,113.5,2026-07-31,4,Call,100.00,+11.89%,13.7,14.4,14.7,955,445,2.15,115.21%,102.41%,0.892252,2026-07-27
CRH,102.86,2026-08-21,25,Call,110.00,-6.94%,1.6,1.3,2.9,1086,506,2.15,41.17%,44.93%,0.308338,2026-07-27
GM,87.04,2028-01-21,543,Call,90.00,-3.40%,15.25,16.1,17.8,1091,507,2.15,36.43%,38.62%,0.597782,2026-07-27
GOOGL,326.56,2026-07-31,4,Call,345.00,-5.65%,0.61,0.65,0.7,2627,1220,2.15,31.30%,40.32%,0.101742,2026-07-27
MU,900.2,2026-07-29,2,Put,800.00,-11.13%,4.05,4.3,4.3,2703,1255,2.15,94.14%,128.76%,-0.098921,2026-07-27
M,24.96,2026-07-31,4,Call,24.00,+3.85%,1.1,1.14,1.2,608,284,2.14,51.00%,52.68%,0.770129,2026-07-27
ORCL,119.9,2026-07-31,4,Put,121.00,+0.92%,4.3,4.7,4.6,617,288,2.14,68.14%,77.33%,-0.527917,2026-07-27
VZ,47.32,2026-07-31,4,Put,46.00,-2.79%,0.11,0.14,0.19,658,307,2.14,24.51%,30.08%,-0.182192,2026-07-27
SNDK,1278.23,2026-08-07,11,Call,"1,700.00",-33.00%,32,32.7,34.8,679,318,2.14,139.14%,161.58%,0.191459,2026-07-27
TME,9.33,2026-08-21,25,Call,9.00,+3.54%,0.65,0.73,0.8,2064,963,2.14,53.10%,59.17%,0.612167,2026-07-27
TSLA,309.22,2026-08-07,11,Call,320.00,-3.49%,6.75,6.8,6.9,2621,1224,2.14,47.33%,51.83%,0.373053,2026-07-27
KBR,36.82,2026-09-18,53,Call,37.50,-1.85%,1.55,2.1,2.45,5007,2337,2.14,44.18%,40.48%,0.489429,2026-07-27
MU,900.2,2026-07-31,4,Call,960.00,-6.64%,19.6,20,20.95,1106,519,2.13,94.14%,112.66%,0.314497,2026-07-27
IOVA,4.9,2026-09-04,39,Call,0.50,+89.80%,3,4.46,6.5,1210,567,2.13,123.21%,965.82%,0.989356,2026-07-27
C,133.1,2026-07-31,4,Call,135.00,-1.43%,1.12,1.15,1.26,1272,597,2.13,30.64%,35.52%,0.360371,2026-07-27
MRVL,189.17,2026-07-31,4,Call,195.00,-3.08%,6.35,6.7,6.9,1713,805,2.13,93.81%,115.02%,0.425138,2026-07-27
IONQ,35.92,2026-07-31,4,Call,40.00,-11.36%,0.39,0.44,0.46,2555,1198,2.13,102.43%,111.10%,0.19392,2026-07-27
RGTI,15.64,2026-07-31,4,Put,16.50,+5.50%,1.17,1.56,1.27,566,267,2.12,100.20%,106.31%,-0.663847,2026-07-27
WMT,111.74,2026-08-07,11,Put,109.00,-2.45%,0.81,0.85,0.91,634,299,2.12,31.21%,25.60%,-0.275148,2026-07-27
OWL,9.68,2026-07-31,4,Put,9.50,-1.86%,0.2,0.2,0.25,948,447,2.12,55.75%,76.03%,-0.393892,2026-07-27
ZETA,20.74,2026-07-31,4,Call,20.00,+3.57%,1.14,1.2,1.27,1038,489,2.12,91.63%,91.07%,0.667484,2026-07-27
MSTR,98.65,2026-08-28,32,Put,45.00,-54.38%,0.26,0.32,0.37,500,237,2.11,80.73%,141.21%,-0.018153,2026-07-27
CELH,28.79,2026-07-31,4,Call,28.00,+2.74%,1.19,1.21,1.35,1069,506,2.11,76.68%,68.08%,0.667008,2026-07-27
KMI,31.75,2026-07-31,4,Call,32.00,-0.79%,0.25,0.23,0.28,1144,542,2.11,23.88%,28.33%,0.401203,2026-07-27
PLTR,131.53,2026-07-31,4,Call,142.00,-7.96%,0.5,0.53,0.52,2065,980,2.11,67.26%,61.49%,0.124732,2026-07-27
PLTR,131.53,2026-07-31,4,Call,140.00,-6.44%,0.77,0.79,0.79,14450,6851,2.11,67.26%,61.50%,0.175905,2026-07-27
SNDK,1278.23,2026-08-07,11,Put,750.00,-41.33%,8.1,10.7,11.9,517,246,2.1,139.14%,204.67%,-0.04637,2026-07-27
APLD,26.38,2026-07-31,4,Call,29.50,-11.83%,0.87,0.93,0.96,573,273,2.1,117.85%,181.99%,0.311895,2026-07-27
MXL,64.86,2026-08-21,25,Put,50.00,-22.91%,1.2,2,2.2,888,423,2.1,120.41%,112.57%,-0.149603,2026-07-27
NBIS,187.88,2026-07-31,4,Call,242.50,-29.07%,0.79,0.89,1.09,599,287,2.09,156.73%,157.97%,0.072406,2026-07-27
WCN,169.35,2026-08-21,25,Put,165.00,-2.57%,1.9,2.55,3.4,668,319,2.09,23.26%,26.39%,-0.331769,2026-07-27
MRNA,55.63,2026-07-31,4,Put,45.00,-19.11%,0.05,0.25,0.37,730,350,2.09,91.10%,135.68%,-0.058593,2026-07-27
NOW,105.56,2026-07-31,4,Call,103.00,+2.43%,4.55,4.65,4.85,1612,770,2.09,58.66%,74.31%,0.640448,2026-07-27
SNDK,1278.23,2026-07-31,4,Call,"1,600.00",-25.17%,7.5,7.9,8.9,2414,1154,2.09,139.14%,152.13%,0.092129,2026-07-27
QUBT,7.96,2026-07-31,4,Call,8.50,-6.78%,0.13,0.15,0.16,3257,1557,2.09,102.28%,101.87%,0.288239,2026-07-27
IREN,36.29,2026-07-31,4,Call,42.00,-15.73%,0.5,0.58,0.56,4308,2058,2.09,130.93%,144.86%,0.188012,2026-07-27
UBER,68.18,2026-07-31,4,Call,71.00,-4.14%,0.3,0.32,0.32,3453,1659,2.08,46.75%,42.52%,0.189577,2026-07-27
IONQ,35.92,2026-07-31,4,Call,39.00,-8.57%,0.56,0.6,0.65,973,467,2.08,102.43%,110.10%,0.256954,2026-07-27
GOOG,326.57,2026-07-31,4,Put,327.50,+0.28%,5.5,5.65,5.8,980,471,2.08,31.02%,38.29%,-0.517403,2026-07-27
MARA,11.77,2026-09-18,53,Call,21.00,-78.42%,0.13,0.18,0.24,1009,484,2.08,98.94%,101.84%,0.099567,2026-07-27
BA,211.5,2026-07-31,4,Put,190.00,-10.17%,0.32,0.38,0.4,1423,685,2.08,39.25%,65.98%,-0.056297,2026-07-27
ADBE,237.75,2026-12-18,144,Call,250.00,-5.15%,25.75,27.46,28,1688,813,2.08,50.43%,51.25%,0.520613,2026-07-27
RGTI,15.64,2026-07-31,4,Put,14.00,-10.49%,0.14,0.14,0.16,1949,935,2.08,100.20%,109.62%,-0.152469,2026-07-27
TOST,30.84,2026-12-18,144,Call,35.00,-13.49%,2.55,2.7,2.98,2027,973,2.08,63.98%,53.36%,0.434596,2026-07-27
NKE,42.14,2026-07-31,4,Call,42.50,-0.85%,0.55,0.56,0.6,2247,1081,2.08,38.13%,41.97%,0.431539,2026-07-27
BTU,23.09,2026-09-18,53,Call,25.00,-8.27%,1.18,1.41,1.54,1482,715,2.07,61.60%,59.14%,0.410424,2026-07-27
APLD,26.38,2026-07-31,4,Call,36.00,-36.47%,0.14,0.18,0.16,2744,1325,2.07,117.85%,188.62%,0.070134,2026-07-27
ACN,154.06,2026-07-31,4,Put,143.00,-7.18%,0,0.47,1.1,573,278,2.06,50.93%,60.36%,-0.113139,2026-07-27
TE,4.9,2026-08-07,11,Call,6.00,-22.45%,0.1,0.15,0.2,613,297,2.06,146.07%,140.08%,0.239838,2026-07-27
SPCX,113.5,2026-08-07,11,Call,129.00,-13.66%,6.5,6.57,6.7,660,321,2.06,115.21%,153.72%,0.366086,2026-07-27
BMNR,17.92,2026-07-31,4,Put,16.50,-7.92%,0.2,0.21,0.23,1514,735,2.06,83.82%,99.18%,-0.197561,2026-07-27
PYPL,56.07,2026-07-31,4,Put,53.00,-5.48%,1.06,1.22,1.24,2291,1112,2.06,51.32%,104.64%,-0.283912,2026-07-27
MU,900.2,2026-07-31,4,Call,900.00,+0.02%,43.55,43.56,45,4806,2331,2.06,94.14%,117.15%,0.526432,2026-07-27
NVDA,196.51,2026-08-07,11,Call,210.00,-6.86%,1.45,1.48,1.5,13204,6456,2.05,42.30%,41.82%,0.19336,2026-07-27
NVDA,196.51,2026-09-04,39,Call,210.00,-6.86%,6.4,6.55,6.65,533,260,2.05,42.30%,44.78%,0.360334,2026-07-27
SOUN,6.41,2026-08-07,11,Put,5.50,-14.20%,0.1,0.17,0.19,653,318,2.05,100.75%,113.62%,-0.189463,2026-07-27
CRWD,180.11,2026-07-31,4,Call,197.50,-9.66%,0.64,0.64,0.71,739,361,2.05,62.45%,69.43%,0.110022,2026-07-27
AMD,494.95,2026-08-07,11,Call,530.00,-7.08%,18.4,19.25,19.8,895,436,2.05,81.19%,94.75%,0.371771,2026-07-27
HIVE,2.95,2026-08-14,18,Call,3.50,-18.64%,0.1,0.11,0.15,1071,522,2.05,125.19%,115.35%,0.29721,2026-07-27
MU,900.2,2026-07-31,4,Put,775.00,-13.91%,7.05,7.25,7.6,1144,559,2.05,94.14%,127.78%,-0.117191,2026-07-27
MSTR,98.65,2026-07-31,4,Put,98.00,-0.66%,3.65,3.74,3.75,611,299,2.04,80.73%,98.28%,-0.452682,2026-07-27
DVN,43.16,2026-08-14,18,Call,44.00,-1.95%,1.27,1.55,1.38,1852,906,2.04,41.97%,44.26%,0.442326,2026-07-27
WMT,111.74,2026-07-31,4,Call,114.00,-2.02%,0.47,0.49,0.52,2318,1136,2.04,31.21%,28.01%,0.255228,2026-07-27
MCD,270.67,2026-09-18,53,Call,290.00,-7.14%,3.6,3.75,3.75,2559,1252,2.04,26.94%,24.81%,0.251381,2026-07-27
TSM,399.09,2026-07-31,4,Put,390.00,-2.28%,6.15,6.6,6.8,4476,2198,2.04,49.56%,63.37%,-0.350234,2026-07-27
PLTR,131.53,2026-07-31,4,Call,128.00,+2.68%,5.5,5.5,5.65,7687,3785,2.03,67.26%,64.55%,0.670867,2026-07-27
TSLA,309.22,2026-07-31,4,Put,320.00,+3.49%,13.8,13.86,14.1,7943,3914,2.03,47.33%,56.53%,-0.707297,2026-07-27
ARM,266.33,2026-07-31,4,Call,365.00,-37.05%,0.6,0.68,0.68,712,350,2.03,102.32%,161.42%,0.037691,2026-07-27
QBTS,19.51,2026-07-31,4,Call,18.00,+7.74%,1.79,1.82,1.94,1756,865,2.03,107.61%,116.70%,0.765417,2026-07-27
OXY,54.93,2026-08-14,18,Put,53.00,-3.51%,1.12,1.14,1.23,508,251,2.02,40.50%,42.07%,-0.330625,2026-07-27
AMCR,45.24,2026-10-16,81,Call,50.00,-10.52%,1.1,1.15,1.65,659,327,2.02,41.43%,36.75%,0.301245,2026-07-27
SKHY,143.02,2026-07-31,4,Put,125.00,-12.60%,2.9,3.08,3.1,1247,618,2.02,121.46%,168.40%,-0.196508,2026-07-27
SNDK,1278.23,2026-07-31,4,Put,950.00,-25.68%,6.5,7.4,7.5,1827,903,2.02,139.14%,193.33%,-0.058273,2026-07-27
CRM,173.6,2026-07-31,4,Call,175.00,-0.81%,3.2,3.15,3.4,2787,1382,2.02,47.85%,54.12%,0.456793,2026-07-27
SPCX,113.5,2026-07-31,4,Put,105.00,-7.49%,1.85,1.9,1.9,7076,3498,2.02,115.21%,110.46%,-0.231436,2026-07-27
WEN,7.31,2026-08-14,18,Call,7.50,-2.60%,0.35,0.39,0.45,1189,593,2.01,62.09%,75.61%,0.467587,2026-07-27
QBTS,19.51,2026-07-31,4,Call,20.50,-5.07%,0.5,0.55,0.57,1353,673,2.01,107.61%,113.34%,0.36146,2026-07-27
CORZ,20.74,2026-07-31,4,Put,21.00,+1.25%,1.04,1.15,1.18,2333,1159,2.01,103.37%,112.35%,-0.517731,2026-07-27
GME,21.52,2026-07-31,4,Put,21.50,-0.09%,0.25,0.29,0.3,2624,1303,2.01,34.31%,31.32%,-0.486045,2026-07-27
META,593.87,2026-07-31,4,Call,735.00,-23.76%,0.66,0.72,0.91,514,257,2,50.42%,106.28%,0.031627,2026-07-27
MU,900.2,2026-07-31,4,Call,965.00,-7.20%,18.2,18.63,19.45,539,270,2,94.14%,112.30%,0.298314,2026-07-27
FRMI,7.23,2026-08-07,11,Call,15.00,-107.47%,0.05,0.11,0.15,663,332,2,155.86%,258.10%,0.080403,2026-07-27
AMD,494.95,2026-07-31,4,Put,425.00,-14.13%,1.81,1.92,2,1640,821,2,81.19%,105.21%,-0.074667,2026-07-27
ARM,266.33,2026-11-20,116,Put,185.00,-30.54%,15.25,17.74,18.7,556,279,1.99,102.32%,96.19%,-0.16793,2026-07-27
BMNR,17.92,2026-08-07,11,Call,19.50,-8.82%,0.49,0.54,0.54,568,285,1.99,83.82%,87.20%,0.317078,2026-07-27
TSLA,309.22,2026-07-29,2,Put,277.50,-10.26%,0.14,0.14,0.16,646,324,1.99,47.33%,74.48%,-0.023074,2026-07-27
NVDA,196.51,2026-07-31,4,Put,222.50,+13.23%,25.15,25.52,26.85,751,378,1.99,42.30%,51.06%,-0.992878,2026-07-27
PL,21,2026-09-18,53,Call,40.00,-90.48%,0.2,0.3,0.5,1131,568,1.99,98.99%,111.42%,0.098056,2026-07-27
CRCL,65.67,2026-08-07,11,Call,66.00,-0.50%,4.9,5.02,5.3,1243,626,1.99,99.09%,114.92%,0.531921,2026-07-27
IREN,36.29,2026-07-31,4,Call,40.00,-10.22%,0.88,0.92,0.93,4051,2035,1.99,130.93%,144.31%,0.285607,2026-07-27
TSM,399.09,2026-07-31,4,Call,417.50,-4.61%,3.5,3.76,3.95,653,329,1.98,49.56%,61.08%,0.251894,2026-07-27
MRVL,189.17,2026-11-20,116,Call,270.00,-42.73%,16.15,16.39,17.1,737,373,1.98,93.81%,90.07%,0.335808,2026-07-27
MU,900.2,2026-08-03,7,Call,"1,000.00",-11.09%,14.2,15,16.1,821,414,1.98,94.14%,95.03%,0.233287,2026-07-27
SNDK,1278.23,2026-07-31,4,Call,"1,700.00",-33.00%,3.1,3.3,4.1,1573,794,1.98,139.14%,153.34%,0.045174,2026-07-27
BABA,115,2026-07-31,4,Call,117.00,-1.74%,1.58,1.56,1.65,2289,1156,1.98,48.84%,51.37%,0.384416,2026-07-27
SPCX,113.5,2026-07-31,4,Call,114.00,-0.44%,5,4.95,5.2,2322,1174,1.98,115.21%,112.17%,0.509836,2026-07-27
GOOG,326.57,2027-06-17,325,Call,355.00,-8.71%,35.45,37.6,37.05,503,255,1.97,31.02%,35.27%,0.5048,2026-07-27
PYPL,56.07,2026-07-31,4,Call,68.00,-21.28%,0.07,0.1,0.09,723,367,1.97,51.32%,99.28%,0.03583,2026-07-27
COST,951.58,2026-08-21,25,Put,780.00,-18.03%,0.25,0.32,0.61,728,369,1.97,21.81%,35.42%,-0.013491,2026-07-27
ENPH,38.01,2026-11-20,116,Put,35.00,-7.92%,5.15,5.63,5.85,811,412,1.97,100.61%,87.38%,-0.332761,2026-07-27
AMZN,231.39,2026-07-31,4,Call,220.00,+4.92%,14.75,14.95,15.2,868,440,1.97,42.53%,84.44%,0.732303,2026-07-27
CAPR,6.99,2026-08-21,25,Call,20.00,-186.12%,0.6,0.7,0.8,933,474,1.97,386.84%,361.16%,0.262295,2026-07-27
INTC,91.67,2026-07-29,2,Call,97.00,-5.81%,0.78,0.82,0.83,1236,628,1.97,82.93%,95.50%,0.223067,2026-07-27
GME,21.52,2027-06-17,325,Call,32.00,-48.70%,0.76,1.39,2.3,1442,733,1.97,34.31%,55.16%,0.279116,2026-07-27
XRX,2.73,2026-08-21,25,Put,2.00,-26.74%,0.05,0.1,0.15,1894,961,1.97,127.92%,144.08%,-0.154997,2026-07-27
GOOG,326.57,2026-08-07,11,Call,340.00,-4.11%,2.79,3.03,3.1,1220,624,1.96,31.02%,33.84%,0.261218,2026-07-27
NOW,105.56,2026-07-31,4,Call,104.00,+1.48%,4,4.13,4.25,1488,760,1.96,58.66%,74.58%,0.592841,2026-07-27
SPCX,113.5,2026-07-31,4,Put,98.00,-13.66%,0.6,0.62,0.65,1643,839,1.96,115.21%,112.37%,-0.095052,2026-07-27
NVO,49.67,2026-08-07,11,Call,51.00,-2.68%,1.4,1.6,1.55,500,256,1.95,50.93%,60.05%,0.416485,2026-07-27
TMO,559.53,2026-08-21,25,Call,570.00,-1.87%,12.1,14.4,14.6,557,285,1.95,32.14%,29.83%,0.43258,2026-07-27
USB,63.49,2026-10-16,81,Call,65.00,-2.38%,2.29,2.34,2.57,1176,603,1.95,23.83%,25.82%,0.447793,2026-07-27
QBTS,19.51,2026-08-21,25,Call,19.00,+2.61%,2.32,2.4,2.53,1198,615,1.95,107.61%,106.68%,0.596147,2026-07-27
CRWV,70.79,2026-07-31,4,Put,55.00,-22.31%,0.1,0.13,0.17,1695,871,1.95,109.11%,136.05%,-0.032458,2026-07-27
NVTS,11.41,2026-07-31,4,Call,14.00,-22.70%,0.22,0.25,0.25,3452,1776,1.94,131.54%,201.45%,0.194118,2026-07-27
KLAC,203.36,2027-03-19,235,Call,300.00,-47.52%,26.9,29.2,29.3,540,278,1.94,97.49%,81.87%,0.408322,2026-07-27
SEDG,43.09,2026-10-16,81,Put,35.00,-18.77%,3.75,4.14,4.25,591,304,1.94,115.08%,103.12%,-0.246672,2026-07-27
UPS,112.95,2026-07-31,4,Call,113.00,-0.04%,3.55,3.61,3.8,699,361,1.94,41.05%,78.71%,0.513157,2026-07-27
MSTR,98.65,2026-07-31,4,Call,109.00,-10.49%,0.9,0.92,1,1294,666,1.94,80.73%,98.38%,0.180497,2026-07-27
SPCX,113.5,2026-07-31,4,Call,116.00,-2.20%,4.2,4.2,4.3,2041,1052,1.94,115.21%,112.53%,0.451172,2026-07-27
PLTR,131.53,2026-07-31,4,Put,122.00,-7.25%,0.64,0.64,0.66,2436,1253,1.94,67.26%,67.44%,-0.134399,2026-07-27
UBER,68.18,2026-07-31,4,Call,69.00,-1.20%,0.82,0.88,0.92,2518,1295,1.94,46.75%,42.80%,0.406885,2026-07-27
ARM,266.33,2026-07-31,4,Put,180.00,-32.41%,0.02,0.45,0.65,585,303,1.93,102.32%,184.93%,-0.016905,2026-07-27
NVTS,11.41,2026-09-18,53,Call,27.00,-136.63%,0.14,0.16,0.21,692,358,1.93,131.54%,134.93%,0.079614,2026-07-27
SU,64,2027-03-19,235,Put,60.00,-6.25%,4,4.59,4.6,2367,1227,1.93,35.76%,32.13%,-0.338625,2026-07-27
PFE,24.67,2027-03-19,235,Put,24.00,-2.72%,1.41,1.58,1.78,2923,1512,1.93,25.25%,22.73%,-0.423537,2026-07-27
AMAT,516.89,2026-09-18,53,Call,550.00,-6.41%,52.45,51.22,58.05,521,271,1.92,91.72%,86.28%,0.49575,2026-07-27
AMD,494.95,2026-08-07,11,Call,545.00,-10.11%,14.25,14.72,15,595,310,1.92,81.19%,93.93%,0.307627,2026-07-27
RGTI,15.64,2026-07-31,4,Put,15.50,-0.90%,0.6,0.65,0.65,705,368,1.92,100.20%,107.01%,-0.444639,2026-07-27
U,30.44,2026-07-31,4,Call,32.00,-5.12%,0.38,0.47,0.55,707,369,1.92,86.86%,81.71%,0.295638,2026-07-27
META,593.87,2026-07-31,4,Call,615.00,-3.56%,15.5,15.55,16.1,848,442,1.92,50.42%,98.59%,0.388303,2026-07-27
GOOG,326.57,2026-08-07,11,Call,330.00,-1.05%,5.85,6.3,6.35,1178,615,1.92,31.02%,33.22%,0.446347,2026-07-27
MSTR,98.65,2026-07-31,4,Call,108.00,-9.48%,1.07,1.12,1.16,1402,729,1.92,80.73%,98.36%,0.204921,2026-07-27
QUBT,7.96,2026-09-18,53,Call,11.00,-38.19%,0.15,0.4,0.45,1646,856,1.92,102.28%,89.69%,0.223662,2026-07-27
PLTR,131.53,2026-07-31,4,Put,128.00,-2.68%,1.95,1.97,1.99,2415,1257,1.92,67.26%,64.03%,-0.328329,2026-07-27
TSLA,309.22,2026-07-29,2,Put,327.50,+5.91%,18.15,19.55,19.55,513,269,1.91,47.33%,59.02%,-0.902263,2026-07-27
AMD,494.95,2026-08-07,11,Call,500.00,-1.02%,30.1,31.06,31.85,814,427,1.91,81.19%,96.47%,0.511822,2026-07-27
NVTS,11.41,2026-08-14,18,Call,12.00,-5.17%,1.03,1.25,1.29,943,494,1.91,131.54%,138.24%,0.498032,2026-07-27
AMD,494.95,2026-11-20,116,Call,480.00,+3.02%,91.3,91.05,94.1,599,315,1.9,81.19%,75.73%,0.623227,2026-07-27
RKT,13.49,2026-08-07,11,Call,16.00,-18.61%,0.12,0.13,0.15,693,365,1.9,73.62%,85.08%,0.14136,2026-07-27
CHPT,5.41,2026-08-21,25,Put,5.00,-7.58%,0.2,0.29,0.3,1073,565,1.9,82.99%,79.03%,-0.310405,2026-07-27
ORCL,119.9,2026-07-31,4,Call,120.00,-0.08%,3.8,3.88,4,5333,2813,1.9,68.14%,78.64%,0.513333,2026-07-27
NVTS,11.41,2026-07-31,4,Call,13.00,-13.94%,0.4,0.43,0.43,4403,2330,1.89,131.54%,200.21%,0.302978,2026-07-27
WMT,111.74,2026-07-31,4,Call,112.00,-0.23%,1.16,1.2,1.21,4838,2554,1.89,31.21%,27.73%,0.477943,2026-07-27
MSFT,389.1,2026-09-18,53,Call,430.00,-10.51%,9.55,9.7,9.8,14159,7483,1.89,43.64%,39.41%,0.286077,2026-07-27
NFLX,70.4,2026-07-31,4,Call,71.00,-0.85%,0.86,0.88,0.9,14734,7816,1.89,34.04%,38.73%,0.428864,2026-07-27
LQDA,84.42,2026-08-28,32,Put,50.00,-40.77%,0.55,1.04,1.4,687,363,1.89,100.51%,130.22%,-0.059498,2026-07-27
BMY,62.56,2026-07-31,4,Call,68.00,-8.70%,0.12,0.13,0.16,858,454,1.89,32.73%,56.68%,0.084328,2026-07-27
MU,900.2,2026-07-31,4,Put,690.00,-23.35%,1.64,1.7,1.97,1134,601,1.89,94.14%,143.47%,-0.032294,2026-07-27
NVTS,11.41,2026-07-31,4,Call,15.00,-31.46%,0.13,0.14,0.15,3068,1623,1.89,131.54%,207.12%,0.124758,2026-07-27
AAL,14.95,2026-07-31,4,Put,14.50,-3.01%,0.18,0.18,0.19,3332,1766,1.89,53.04%,59.78%,-0.301017,2026-07-27
ABT,104.49,2026-07-31,4,Put,103.00,-1.43%,0.65,0.7,0.8,716,381,1.88,27.39%,31.05%,-0.322031,2026-07-27
SPCX,113.5,2026-07-31,4,Call,119.00,-4.85%,3.2,3.33,3.4,1315,698,1.88,115.21%,115.67%,0.371819,2026-07-27
FCEL,21.49,2026-07-31,4,Put,24.00,+11.68%,3.1,3.7,4.4,771,412,1.87,152.85%,241.43%,-0.6216,2026-07-27
NVTS,11.41,2026-07-31,4,Put,11.00,-3.59%,0.72,0.74,0.77,1767,945,1.87,131.54%,200.76%,-0.389427,2026-07-27
PLTR,131.53,2026-07-31,4,Call,132.00,-0.36%,3.25,3.25,3.3,11228,6005,1.87,67.26%,63.26%,0.494116,2026-07-27
LUNR,13.31,2026-07-31,4,Call,15.50,-16.45%,0.1,0.11,0.11,1037,558,1.86,119.90%,122.01%,0.130133,2026-07-27
METC,10.17,2026-09-18,53,Put,9.00,-11.50%,0.8,0.9,0.95,1875,1009,1.86,110.80%,96.09%,-0.300497,2026-07-27
INTC,91.67,2026-10-16,81,Call,90.00,+1.82%,14.5,14.71,15.2,2358,1266,1.86,82.93%,80.95%,0.600806,2026-07-27
DVN,43.16,2026-08-14,18,Call,43.00,+0.37%,1.61,1.88,1.88,601,325,1.85,41.97%,43.48%,0.535231,2026-07-27
MU,900.2,2026-07-31,4,Put,830.00,-7.80%,17,17.76,17.9,992,535,1.85,94.14%,121.97%,-0.241181,2026-07-27
GLW,143.36,2026-07-31,4,Put,120.00,-16.29%,0.9,0.91,0.92,1123,608,1.85,86.93%,134.78%,-0.091207,2026-07-27
MSTR,98.65,2026-08-07,11,Call,120.00,-21.64%,0.7,0.77,0.79,1379,744,1.85,80.73%,86.46%,0.110662,2026-07-27
FLEX,116.07,2026-08-21,25,Call,150.00,-29.23%,2.6,2.75,3.1,1558,844,1.85,93.26%,97.95%,0.194168,2026-07-27
RKLB,66.94,2026-07-31,4,Call,70.00,-4.57%,1.64,1.69,1.7,4156,2247,1.85,101.78%,102.93%,0.360425,2026-07-27
NFLX,70.4,2026-07-31,4,Put,70.00,-0.57%,0.91,0.93,0.93,7479,4045,1.85,34.04%,38.20%,-0.432232,2026-07-27
GOOGL,326.56,2026-07-31,4,Put,317.50,-2.77%,1.8,1.88,2.01,565,307,1.84,31.30%,39.18%,-0.237443,2026-07-27
MCHP,77.9,2026-10-16,81,Put,67.50,-13.35%,5.1,5.5,5.7,818,445,1.84,74.11%,72.47%,-0.273758,2026-07-27
MRVL,189.17,2026-08-21,25,Call,190.00,-0.44%,17.4,18.6,18.95,1067,580,1.84,93.81%,93.12%,0.545224,2026-07-27
RMBS,96.42,2026-08-21,25,Put,90.00,-6.66%,8,8.35,9,1294,702,1.84,109.50%,118.90%,-0.350634,2026-07-27
UEC,9.91,2026-07-31,4,Call,10.50,-5.95%,0.13,0.14,0.16,1907,1036,1.84,80.38%,85.87%,0.27624,2026-07-27
WIX,56.34,2026-08-21,25,Call,57.50,-2.06%,4.7,4.99,5.5,3029,1642,1.84,92.38%,94.49%,0.520446,2026-07-27
NVDA,196.51,2027-02-19,207,Call,305.00,-55.21%,3,3.2,3.3,543,296,1.83,42.30%,41.64%,0.118256,2026-07-27
AAPL,336.91,2026-07-31,4,Put,332.50,-1.31%,4.55,4.65,4.75,1746,955,1.83,29.62%,47.71%,-0.383996,2026-07-27
TSLA,309.22,2026-07-31,4,Put,290.00,-6.22%,1.39,1.42,1.44,4106,2242,1.83,47.33%,59.03%,-0.141114,2026-07-27
HOOD,95.65,2026-12-18,144,Call,290.00,-203.19%,0.15,0.51,1,6004,3280,1.83,79.63%,83.65%,0.034444,2026-07-27
BMNR,17.92,2026-08-14,18,Call,18.50,-3.24%,0.93,1.21,1.16,724,397,1.82,83.82%,80.84%,0.468728,2026-07-27
SNDK,1278.23,2026-07-31,4,Put,980.00,-23.33%,8.4,10.5,10.5,878,482,1.82,139.14%,190.68%,-0.075974,2026-07-27
RXT,3.86,2026-07-31,4,Call,4.00,-3.63%,0.1,0.18,0.2,1222,671,1.82,159.16%,129.34%,0.423666,2026-07-27
SHOP,126.88,2026-07-31,4,Call,130.00,-2.46%,2.17,2.4,2.38,1424,782,1.82,74.76%,67.21%,0.380368,2026-07-27
MU,900.2,2026-07-31,4,Put,755.00,-16.13%,4.95,5.45,5.45,658,364,1.81,94.14%,130.32%,-0.086872,2026-07-27
AMZN,231.39,2026-07-31,4,Call,210.00,+9.24%,22.3,23.1,23.65,786,434,1.81,42.53%,87.76%,0.865677,2026-07-27
JBS,13.55,2026-08-21,25,Put,12.50,-7.75%,0.2,0.22,0.25,816,450,1.81,53.70%,40.61%,-0.247389,2026-07-27
TSLA,309.22,2026-07-29,2,Put,317.50,+2.68%,10.15,10.66,10.6,957,528,1.81,47.33%,56.98%,-0.726665,2026-07-27
KO,84.07,2026-07-31,4,Put,80.00,-4.84%,0.17,0.18,0.2,1371,757,1.81,22.76%,39.25%,-0.10913,2026-07-27
RKLB,66.94,2026-08-07,11,Call,90.00,-34.45%,0.14,0.22,0.25,1468,812,1.81,101.78%,95.66%,0.045244,2026-07-27
QBTS,19.51,2026-07-31,4,Put,18.00,-7.74%,0.28,0.34,0.35,1703,940,1.81,107.61%,111.38%,-0.225932,2026-07-27
AMAT,516.89,2026-07-31,4,Call,550.00,-6.41%,8.65,10.71,12.45,530,295,1.8,91.72%,105.24%,0.306629,2026-07-27
AMD,494.95,2026-08-07,11,Put,470.00,-5.04%,20.7,21.69,21.95,577,321,1.8,81.19%,97.33%,-0.346006,2026-07-27
CNC,64.08,2026-09-18,53,Put,55.00,-14.17%,1.38,1.39,1.68,682,379,1.8,57.73%,53.71%,-0.19163,2026-07-27
AXTI,47.88,2026-07-31,4,Call,60.00,-25.31%,1.35,1.55,1.7,901,500,1.8,173.17%,251.30%,0.234282,2026-07-27
HOOD,95.65,2026-07-31,4,Put,93.00,-2.77%,3.8,3.9,3.95,4969,2754,1.8,79.63%,129.72%,-0.390776,2026-07-27
AAPL,336.91,2026-07-31,4,Call,360.00,-6.85%,0.64,0.64,0.7,6736,3737,1.8,29.62%,46.21%,0.090329,2026-07-27
BAC,62.13,2026-11-20,116,Call,65.00,-4.62%,2.33,2.43,2.44,10199,5679,1.8,22.56%,24.49%,0.414218,2026-07-27
NVDA,196.51,2026-08-28,32,Put,170.00,-13.49%,2.43,2.49,2.55,4853,2707,1.79,42.30%,51.71%,-0.149203,2026-07-27
BB,8.42,2026-07-31,4,Call,9.00,-6.89%,0.1,0.12,0.14,5254,2933,1.79,80.64%,91.22%,0.259216,2026-07-27
IONQ,35.92,2026-07-31,4,Put,34.00,-5.35%,0.8,0.85,0.86,507,284,1.79,102.43%,110.77%,-0.296405,2026-07-27
NBIS,187.88,2026-07-31,4,Put,182.50,-2.86%,10.3,10.25,10.85,568,317,1.79,156.73%,169.88%,-0.399678,2026-07-27
GLW,143.36,2026-07-31,4,Call,152.50,-6.38%,4,4.2,4.5,590,330,1.79,86.93%,129.44%,0.34967,2026-07-27
MRVL,189.17,2026-07-31,4,Put,145.00,-23.35%,0.25,0.33,0.46,681,381,1.79,93.81%,141.73%,-0.030825,2026-07-27
HIVE,2.95,2026-08-07,11,Call,3.50,-18.64%,0,0.1,0.1,1129,632,1.79,125.19%,101.25%,0.189807,2026-07-27
PYPL,56.07,2026-07-31,4,Put,45.00,-19.74%,0.08,0.1,0.14,1375,768,1.79,51.32%,121.90%,-0.036775,2026-07-27
CRWV,70.79,2026-07-31,4,Put,56.00,-20.89%,0.06,0.17,0.22,518,291,1.78,109.11%,128.76%,-0.035234,2026-07-27
SNDK,1278.23,2026-08-07,11,Call,"1,400.00",-9.53%,97.5,100.05,103,603,339,1.78,139.14%,165.65%,0.432941,2026-07-27
JD,30.95,2026-07-31,4,Call,30.50,+1.45%,0.73,0.75,0.8,643,362,1.78,39.81%,40.91%,0.636026,2026-07-27
ASTS,58.29,2026-08-07,11,Put,50.00,-14.22%,1.06,1.25,1.56,742,418,1.78,110.30%,113.44%,-0.188764,2026-07-27
WMT,111.74,2026-07-31,4,Put,112.00,+0.23%,1.36,1.39,1.45,813,458,1.78,31.21%,27.54%,-0.523116,2026-07-27
SPCX,113.5,2026-07-31,4,Call,117.00,-3.08%,3.9,3.9,4,1319,740,1.78,115.21%,114.48%,0.424568,2026-07-27
NVO,49.67,2026-08-07,11,Call,52.00,-4.69%,1.09,1.13,1.17,1430,803,1.78,50.93%,59.95%,0.345312,2026-07-27
RIOT,21.97,2026-08-21,25,Put,22.00,+0.14%,2.39,2.44,2.52,1488,835,1.78,105.56%,107.81%,-0.4431,2026-07-27
JD,30.95,2026-07-31,4,Call,31.50,-1.78%,0.28,0.28,0.3,1492,837,1.78,39.81%,40.56%,0.33984,2026-07-27
SPCE,2.53,2026-09-18,53,Put,2.50,-1.19%,0.35,0.36,0.39,1600,900,1.78,107.87%,103.03%,-0.406326,2026-07-27
MSTR,98.65,2026-07-31,4,Put,95.00,-3.70%,2.38,2.44,2.46,6996,3931,1.78,80.73%,98.86%,-0.337464,2026-07-27
TSM,399.09,2026-07-31,4,Call,432.50,-8.37%,1.16,1.2,1.41,4210,2378,1.77,49.56%,60.42%,0.108502,2026-07-27
BMNR,17.92,2026-07-31,4,Call,18.50,-3.24%,0.46,0.49,0.49,5918,3337,1.77,83.82%,95.51%,0.395532,2026-07-27
NVDA,196.51,2026-07-29,2,Put,205.00,+4.32%,8.8,8.8,8.9,12569,7118,1.77,42.30%,47.16%,-0.883947,2026-07-27
TSM,399.09,2026-11-20,116,Call,600.00,-50.34%,4.35,4.45,5.3,528,298,1.77,49.56%,49.91%,0.10117,2026-07-27
VKTX,34.87,2026-07-31,4,Call,41.00,-17.58%,0.04,0.4,0.46,696,393,1.77,88.23%,123.89%,0.118834,2026-07-27
NTLA,10.67,2026-08-21,25,Put,9.00,-15.65%,0.15,0.22,0.3,761,430,1.77,87.68%,78.55%,-0.173204,2026-07-27
ADBE,237.75,2028-01-21,543,Put,300.00,+26.18%,86,85.95,89.15,862,486,1.77,50.43%,47.29%,-0.544285,2026-07-27
SPCX,113.5,2026-07-31,4,Put,96.00,-15.42%,0.4,0.45,0.5,1112,629,1.77,115.21%,114.00%,-0.071328,2026-07-27
GOOG,326.57,2026-07-31,4,Put,330.00,+1.05%,6.6,7.02,7.25,2025,1143,1.77,31.02%,37.14%,-0.595798,2026-07-27
NVDA,196.51,2027-09-17,417,Put,145.00,-26.21%,10.4,10.8,11.4,2923,1653,1.77,42.30%,44.74%,-0.172006,2026-07-27
NTLA,10.67,2026-10-16,81,Call,12.00,-12.46%,0.8,1.5,1.9,587,333,1.76,87.68%,90.48%,0.482767,2026-07-27
AMZN,231.39,2026-07-29,2,Put,222.50,-3.84%,0.28,0.44,0.54,644,366,1.76,42.53%,44.08%,-0.110732,2026-07-27
GLW,143.36,2026-07-31,4,Call,155.00,-8.12%,3.4,3.62,3.75,853,485,1.76,86.93%,129.93%,0.307204,2026-07-27
INTC,91.67,2026-08-21,25,Put,83.00,-9.46%,4,4.05,4.25,976,553,1.76,82.93%,85.36%,-0.286101,2026-07-27
INTC,91.67,2026-08-21,25,Call,106.00,-15.63%,3.2,3.53,3.4,1026,582,1.76,82.93%,83.46%,0.292353,2026-07-27
IQV,213.22,2026-08-21,25,Call,250.00,-17.25%,1.4,1.95,2.85,1051,596,1.76,51.87%,53.45%,0.146868,2026-07-27
SHOP,126.88,2026-08-21,25,Call,155.00,-22.16%,2.07,2.39,2.49,1073,611,1.76,74.76%,75.31%,0.182848,2026-07-27
ASTS,58.29,2026-07-31,4,Call,63.00,-8.08%,0.99,1.02,1.06,1119,636,1.76,110.30%,109.00%,0.267451,2026-07-27
AMD,494.95,2026-07-31,4,Call,510.00,-3.04%,12.85,13.2,13.3,1192,678,1.76,81.19%,93.52%,0.400132,2026-07-27
TSLA,309.22,2026-07-31,4,Call,320.00,-3.49%,3.25,3.3,3.35,10796,6147,1.76,47.33%,56.69%,0.294214,2026-07-27
FCX,62.72,2026-07-31,4,Call,66.00,-5.23%,0.5,0.5,0.59,6221,3561,1.75,52.89%,63.31%,0.232177,2026-07-27
BX,132.6,2026-07-31,4,Call,140.00,-5.58%,0.39,0.55,0.68,640,365,1.75,38.23%,49.45%,0.153143,2026-07-27
SPCE,2.53,2026-07-31,4,Call,2.50,+1.19%,0.11,0.13,0.15,1255,719,1.75,107.87%,108.46%,0.565665,2026-07-27
IREN,36.29,2026-07-31,4,Call,40.50,-11.60%,0.72,0.78,0.85,752,433,1.74,130.93%,143.66%,0.257161,2026-07-27
AAOI,97.82,2026-07-31,4,Put,90.00,-7.99%,2.6,2.8,2.95,936,538,1.74,141.19%,150.37%,-0.270835,2026-07-27
NKE,42.14,2026-07-31,4,Put,41.50,-1.52%,0.43,0.47,0.49,1041,599,1.74,38.13%,42.15%,-0.356106,2026-07-27
TSM,399.09,2027-03-19,235,Call,400.00,-0.23%,64.25,64.41,66.55,1064,612,1.74,49.56%,49.29%,0.593754,2026-07-27
PYPL,56.07,2026-07-31,4,Put,55.00,-1.91%,1.7,1.95,2,1505,866,1.74,51.32%,101.50%,-0.406381,2026-07-27
AMD,494.95,2026-07-31,4,Call,580.00,-17.18%,1.02,1.04,1.15,2113,1217,1.74,81.19%,92.02%,0.055479,2026-07-27
NOW,105.56,2026-08-07,11,Call,110.00,-4.21%,2.81,2.95,2.93,2616,1502,1.74,58.66%,63.29%,0.378226,2026-07-27
MCD,270.67,2026-08-07,11,Put,250.00,-7.64%,0.61,0.72,0.85,639,369,1.73,26.94%,35.37%,-0.091937,2026-07-27
ORCL,119.9,2026-07-31,4,Call,131.00,-9.26%,0.68,0.74,0.81,1069,618,1.73,68.14%,78.60%,0.150915,2026-07-27
PLTR,131.53,2026-07-31,4,Put,123.00,-6.49%,0.78,0.8,0.8,2213,1282,1.73,67.26%,66.72%,-0.158611,2026-07-27
TXN,279.41,2026-10-16,81,Call,310.00,-10.95%,15.15,15.35,16.75,507,294,1.72,54.35%,51.43%,0.383368,2026-07-27
CZR,29.97,2027-03-19,235,Call,31.00,-3.44%,0,1.29,2.37,526,305,1.72,21.38%,13.54%,0.491906,2026-07-27
CSCO,114.57,2026-07-31,4,Put,114.00,-0.50%,1.72,1.87,2.03,706,410,1.72,51.27%,45.25%,-0.44698,2026-07-27
BILI,17.85,2026-10-16,81,Call,20.00,-12.04%,1.1,1.32,1.45,1108,643,1.72,61.44%,60.17%,0.408857,2026-07-27
AMD,494.95,2026-07-31,4,Call,530.00,-7.08%,6.65,7.05,7.15,2651,1540,1.72,81.19%,91.60%,0.25413,2026-07-27
AMD,494.95,2026-07-29,2,Call,522.50,-5.57%,3.5,3.75,4,509,298,1.71,81.19%,87.68%,0.212086,2026-07-27
XOM,154.77,2026-07-31,4,Call,170.00,-9.84%,0.1,0.11,0.13,564,330,1.71,32.85%,49.33%,0.036743,2026-07-27
AMAT,516.89,2026-07-31,4,Put,400.00,-22.61%,0.75,0.96,1.25,631,370,1.71,91.72%,138.20%,-0.032398,2026-07-27
MBLY,8.01,2026-09-18,53,Call,9.00,-12.36%,0.45,0.51,0.5,733,429,1.71,71.59%,67.39%,0.380382,2026-07-27
LITE,711.96,2026-07-31,4,Put,600.00,-15.73%,4.2,5.11,5.5,806,471,1.71,109.24%,133.58%,-0.097462,2026-07-27
LYFT,15.09,2026-07-31,4,Call,15.50,-2.72%,0.23,0.23,0.25,840,492,1.71,75.96%,64.33%,0.359962,2026-07-27
NVDA,196.51,2026-07-31,4,Put,172.50,-12.22%,0.15,0.16,0.16,1112,649,1.71,42.30%,66.83%,-0.028575,2026-07-27
SPCX,113.5,2026-07-31,4,Call,118.00,-3.96%,3.5,3.57,3.7,2056,1199,1.71,115.21%,114.80%,0.397363,2026-07-27
SPCX,113.5,2026-07-31,4,Put,111.00,-2.20%,3.9,4.04,4.1,4493,2624,1.71,115.21%,110.39%,-0.399963,2026-07-27
APO,124.24,2028-01-21,543,Call,180.00,-44.88%,7.6,8.2,9.3,500,294,1.7,41.80%,37.10%,0.294079,2026-07-27
UPS,112.95,2026-07-31,4,Put,110.00,-2.61%,2.24,2.38,2.5,542,318,1.7,41.05%,78.41%,-0.35889,2026-07-27
MU,900.2,2026-07-29,2,Put,780.00,-13.35%,2.55,2.72,2.89,574,338,1.7,94.14%,133.71%,-0.066875,2026-07-27
CMG,33.2,2026-12-18,144,Call,38.40,-15.66%,1.81,1.84,2.1,600,353,1.7,52.01%,43.24%,0.365383,2026-07-27
AAPL,336.91,2026-08-07,11,Call,337.50,-0.18%,7.95,8.1,8.35,851,502,1.7,29.62%,35.47%,0.507357,2026-07-27
NVDA,196.51,2026-08-21,25,Put,197.50,+0.50%,8.6,8.7,8.7,1751,1028,1.7,42.30%,40.59%,-0.491568,2026-07-27
NBIS,187.88,2026-07-31,4,Call,210.00,-11.77%,4.8,5,5.2,2024,1191,1.7,156.73%,159.17%,0.28016,2026-07-27
CRDO,208.14,2026-07-31,4,Call,240.00,-15.31%,1.6,2.15,2.5,515,304,1.69,113.87%,124.76%,0.153322,2026-07-27
CRM,173.6,2026-07-31,4,Call,187.50,-8.01%,0.41,0.47,0.52,634,376,1.69,47.85%,55.77%,0.099347,2026-07-27
CRWV,70.79,2026-07-31,4,Call,78.00,-10.19%,1.06,1.15,1.18,642,381,1.69,109.11%,117.24%,0.233983,2026-07-27
NNE,16.79,2026-10-16,81,Call,20.00,-19.12%,1.9,2,2.3,731,432,1.69,104.18%,100.20%,0.453325,2026-07-27
INTC,91.67,2026-11-20,116,Call,160.00,-74.54%,3.2,3.35,3.55,1020,603,1.69,82.93%,83.49%,0.176951,2026-07-27
CSIQ,13.79,2027-01-15,172,Call,22.00,-59.54%,1.3,1.55,1.6,1049,619,1.69,98.24%,90.96%,0.34202,2026-07-27
POET,7.09,2026-07-31,4,Call,7.00,+1.27%,0.39,0.4,0.42,8539,5040,1.69,118.00%,121.34%,0.566405,2026-07-27
NVDA,196.51,2026-07-31,4,Put,197.50,+0.50%,4.55,4.6,4.6,12262,7248,1.69,42.30%,49.76%,-0.526007,2026-07-27
W,94.53,2026-07-31,4,Call,106.00,-12.13%,0.16,0.27,0.31,570,340,1.68,82.94%,73.54%,0.074379,2026-07-27
SKYT,31.59,2026-10-16,81,Call,55.00,-74.11%,0.05,0.3,2.45,573,342,1.68,57.77%,102.05%,0.185123,2026-07-27
TSLA,309.22,2026-09-18,53,Put,500.00,+61.70%,189.15,192.9,191.75,600,357,1.68,47.33%,83.53%,-0.919883,2026-07-27
CIFR,21.65,2026-08-07,11,Call,35.00,-61.66%,0.07,0.13,0.52,611,364,1.68,128.69%,190.30%,0.099302,2026-07-27
USAR,14.93,2026-07-31,4,Call,15.00,-0.47%,0.52,0.59,0.64,660,393,1.68,98.82%,97.91%,0.503782,2026-07-27
WMT,111.74,2026-08-14,18,Call,112.00,-0.23%,2.37,2.55,2.6,790,470,1.68,31.21%,25.65%,0.504347,2026-07-27
UMC,19.08,2026-08-21,25,Call,21.00,-10.06%,1.05,1.21,1.4,869,516,1.68,95.69%,98.80%,0.400661,2026-07-27
APLD,26.38,2026-07-31,4,Call,37.00,-40.26%,0.1,0.12,0.11,1190,707,1.68,117.85%,187.23%,0.051871,2026-07-27
HTZ,2,2026-08-07,11,Call,2.0000,0.00%,0.23,0.25,0.25,1309,779,1.68,127.92%,173.23%,0.561194,2026-07-27
PYPL,56.07,2026-08-07,11,Call,61.00,-8.79%,0.71,0.92,0.94,1542,916,1.68,51.32%,63.21%,0.240037,2026-07-27
MU,900.2,2026-07-31,4,Put,870.00,-3.35%,29.45,31,30.7,2764,1644,1.68,94.14%,118.18%,-0.366768,2026-07-27
NNE,16.79,2026-10-16,81,Put,20.00,+19.12%,4.9,5.25,5.4,522,312,1.67,104.18%,99.63%,-0.551346,2026-07-27
UUUU,11.71,2026-08-07,11,Call,13.00,-11.02%,0.26,0.27,0.3,559,335,1.67,85.25%,88.09%,0.274305,2026-07-27
TSM,399.09,2026-08-07,11,Put,370.00,-7.29%,4.75,5,5.2,1215,726,1.67,49.56%,57.95%,-0.208822,2026-07-27
GM,87.04,2026-07-31,4,Call,82.00,+5.79%,4.7,5.03,5.5,1319,788,1.67,36.43%,31.08%,0.968387,2026-07-27
SPCX,113.5,2026-07-31,4,Call,124.00,-9.25%,2.15,2.15,2.25,1828,1092,1.67,115.21%,122.00%,0.265692,2026-07-27
AMD,494.95,2026-07-31,4,Call,520.00,-5.06%,9.3,9.65,9.7,1904,1138,1.67,81.19%,91.85%,0.322268,2026-07-27
NBIS,187.88,2026-07-31,4,Call,200.00,-6.45%,7.7,7.9,8.15,3017,1810,1.67,156.73%,161.68%,0.388807,2026-07-27
TOUR,5.06,2026-08-21,25,Put,5.00,-1.19%,0.1,0.15,0.25,500,301,1.66,75.25%,15.14%,-0.740307,2026-07-27
RIOT,21.97,2026-08-07,11,Call,28.00,-27.45%,0.18,0.2,0.3,542,327,1.66,105.56%,111.07%,0.12388,2026-07-27
VZ,47.32,2026-08-07,11,Call,50.00,-5.66%,0.09,0.1,0.15,638,385,1.66,24.51%,26.34%,0.115804,2026-07-27
HOOD,95.65,2026-07-31,4,Put,92.00,-3.82%,3.3,3.46,3.75,728,439,1.66,79.63%,131.80%,-0.361866,2026-07-27
AAPL,336.91,2026-08-07,11,Put,330.00,-2.05%,5.05,5.2,5.4,930,561,1.66,29.62%,36.13%,-0.353697,2026-07-27
ORCL,119.9,2026-07-31,4,Call,129.00,-7.59%,0.99,1.02,1.08,1107,668,1.66,68.14%,78.09%,0.197234,2026-07-27
FIG,22.94,2026-08-07,11,Call,35.00,-52.57%,0.03,0.23,0.29,1504,908,1.66,108.23%,149.38%,0.067424,2026-07-27
SPCX,113.5,2026-08-07,11,Put,70.00,-38.33%,0.25,0.29,0.35,1955,1177,1.66,115.21%,151.56%,-0.024287,2026-07-27
NBIS,187.88,2026-07-31,4,Call,240.00,-27.74%,0.94,1,1.05,2600,1569,1.66,156.73%,155.07%,0.077137,2026-07-27
QBTS,19.51,2026-07-31,4,Call,17.50,+10.30%,2.15,2.19,2.32,765,464,1.65,107.61%,114.52%,0.834053,2026-07-27
TE,4.9,2026-07-31,4,Call,4.50,+8.16%,0.5,0.5,0.55,834,506,1.65,146.07%,142.56%,0.741502,2026-07-27
JBLU,5.43,2026-08-07,11,Call,6.00,-10.50%,0.1,0.1,0.15,849,513,1.65,74.01%,84.52%,0.274391,2026-07-27
MSTR,98.65,2026-08-07,11,Put,105.00,+6.44%,9.35,9.56,9.9,1012,614,1.65,80.73%,85.03%,-0.634575,2026-07-27
CSGP,29.17,2026-08-21,25,Put,25.00,-14.30%,0.7,0.75,0.9,1529,929,1.65,74.28%,82.74%,-0.203017,2026-07-27
WEN,7.31,2026-08-07,11,Call,7.50,-2.60%,0.3,0.3,0.35,1865,1132,1.65,62.09%,81.34%,0.452296,2026-07-27
AES,14.83,2026-09-18,53,Put,15.00,+1.15%,0.34,0.38,0.87,1981,1199,1.65,14.04%,22.41%,-0.538797,2026-07-27
PDD,84.85,2027-06-17,325,Put,75.00,-11.61%,6.4,7.25,8.5,2757,1675,1.65,39.54%,42.79%,-0.283222,2026-07-27
BAC,62.13,2026-08-21,25,Call,50.00,+19.52%,12.2,12.2,12.5,4006,2447,1.64,22.56%,51.89%,0.952028,2026-07-27
SMCI,29.81,2026-07-31,4,Call,30.00,-0.64%,1.15,1.18,1.2,6408,3915,1.64,100.22%,101.12%,0.498666,2026-07-27
IEX,223.83,2026-08-21,25,Call,230.00,-2.76%,4,5.4,7.9,500,305,1.64,36.69%,36.11%,0.411173,2026-07-27
APLD,26.38,2026-07-31,4,Put,27.50,+4.25%,2.57,2.47,2.71,560,342,1.64,117.85%,181.12%,-0.549315,2026-07-27
SKHY,143.02,2026-09-18,53,Call,240.00,-67.81%,5,5.27,5.6,613,374,1.64,121.46%,118.80%,0.182636,2026-07-27
MU,900.2,2026-07-29,2,Call,"1,100.00",-22.20%,0.27,0.35,0.36,856,523,1.64,94.14%,117.49%,0.011953,2026-07-27
NBIS,187.88,2026-07-31,4,Call,275.00,-46.37%,0.13,0.26,0.4,935,569,1.64,156.73%,173.02%,0.0222,2026-07-27
CHWY,21.8,2026-07-31,4,Call,22.00,-0.92%,0.46,0.53,0.55,1180,718,1.64,55.53%,65.17%,0.462573,2026-07-27
GOOG,326.57,2026-07-31,4,Put,305.00,-6.61%,0.32,0.34,0.35,2294,1395,1.64,31.02%,41.54%,-0.054698,2026-07-27
RKLB,66.94,2028-12-15,872,Call,35.00,+47.71%,45,44.75,47.4,532,327,1.63,101.78%,91.98%,0.892097,2026-07-27
MSTR,98.65,2026-07-31,4,Call,114.00,-15.56%,0.35,0.47,0.52,549,337,1.63,80.73%,100.46%,0.093603,2026-07-27
FIG,22.94,2026-07-31,4,Put,22.00,-4.10%,0.52,0.58,0.74,579,356,1.63,108.23%,110.46%,-0.336276,2026-07-27
NFLX,70.4,2026-08-14,18,Call,71.00,-0.85%,1.87,1.88,1.95,928,569,1.63,34.04%,34.18%,0.479943,2026-07-27
TTD,17.88,2026-07-31,4,Put,18.00,+0.67%,0.56,0.57,0.62,1622,994,1.63,84.35%,70.93%,-0.519434,2026-07-27
INTC,91.67,2026-08-07,11,Call,105.00,-14.54%,1.52,1.6,1.67,2378,1462,1.63,82.93%,88.98%,0.213034,2026-07-27
BA,211.5,2026-07-31,4,Call,220.00,-4.02%,2.34,2.47,2.56,3949,2424,1.63,39.25%,63.57%,0.287931,2026-07-27
JNJ,265.95,2026-07-31,4,Call,270.00,-1.52%,1.45,1.65,1.75,5167,3165,1.63,25.01%,28.71%,0.314848,2026-07-27
PLTR,131.53,2026-07-31,4,Put,120.00,-8.77%,0.44,0.45,0.45,8182,5015,1.63,67.26%,69.42%,-0.096137,2026-07-27
PLTR,131.53,2026-07-31,4,Call,133.00,-1.12%,2.8,2.8,2.84,7378,4567,1.62,67.26%,63.08%,0.44856,2026-07-27
AVGO,383.22,2026-07-31,4,Put,357.50,-6.71%,2.21,2.41,2.46,627,386,1.62,52.73%,68.59%,-0.156811,2026-07-27
SMCI,29.81,2026-07-31,4,Put,30.50,+2.31%,1.57,1.83,1.71,824,510,1.62,100.22%,101.04%,-0.563807,2026-07-27
RKLB,66.94,2026-07-31,4,Call,65.00,+2.90%,3.95,3.95,4.15,916,565,1.62,101.78%,107.67%,0.625838,2026-07-27
COIN,167.49,2026-07-31,4,Put,145.00,-13.43%,1.2,1.27,1.36,943,581,1.62,82.66%,122.00%,-0.115888,2026-07-27
GM,87.04,2028-01-21,543,Put,80.00,-8.09%,9.5,10.54,11.05,1092,675,1.62,36.43%,37.75%,-0.312484,2026-07-27
DOX,53.1,2026-10-16,81,Put,50.00,-5.84%,2.05,2.55,2.75,1138,704,1.62,45.58%,38.74%,-0.33623,2026-07-27
CZR,29.97,2027-03-19,235,Call,32.00,-6.77%,0,0.92,2,526,327,1.61,21.38%,15.67%,0.399717,2026-07-27
TSLA,309.22,2026-08-07,11,Put,260.00,-15.92%,0.62,0.66,0.65,614,382,1.61,47.33%,61.22%,-0.045138,2026-07-27
MSFT,389.1,2026-08-07,11,Call,405.00,-4.09%,9.3,9.55,9.65,1126,700,1.61,43.64%,58.53%,0.368542,2026-07-27
CORZ,20.74,2028-01-21,543,Put,17.00,-18.03%,5.2,5.34,5.5,2000,1242,1.61,103.37%,86.78%,-0.2265,2026-07-27
NVDA,196.51,2026-07-31,4,Call,210.00,-6.86%,0.47,0.47,0.49,54944,34133,1.61,42.30%,48.81%,0.10255,2026-07-27
GOOGL,326.56,2026-07-31,4,Call,350.00,-7.18%,0.35,0.39,0.39,4800,3009,1.6,31.30%,41.95%,0.060769,2026-07-27
AAOI,97.82,2026-07-31,4,Put,75.00,-23.33%,0.35,0.4,0.45,544,339,1.6,141.19%,165.50%,-0.052396,2026-07-27
JOBY,7.37,2026-08-07,11,Call,8.00,-8.55%,0.26,0.27,0.31,717,449,1.6,90.00%,101.65%,0.35552,2026-07-27
UPS,112.95,2026-07-31,4,Call,130.00,-15.10%,0.1,0.16,0.15,780,486,1.6,41.05%,73.67%,0.036944,2026-07-27
AAPL,336.91,2026-07-31,4,Put,322.50,-4.28%,1.72,1.78,1.89,1134,710,1.6,29.62%,48.74%,-0.187062,2026-07-27
HOOD,95.65,2026-12-18,144,Call,145.00,-51.59%,4.25,5.07,6.35,1504,940,1.6,79.63%,71.70%,0.253009,2026-07-27
AAPL,336.91,2026-08-07,11,Put,320.00,-5.02%,2.5,2.55,2.64,1595,994,1.6,29.62%,37.65%,-0.20209,2026-07-27
NFLX,70.4,2026-08-07,11,Call,72.00,-2.27%,1.05,1.08,1.09,1967,1231,1.6,34.04%,35.01%,0.373939,2026-07-27
NVDA,196.51,2026-08-03,7,Call,215.00,-9.41%,0.3,0.32,0.33,2759,1723,1.6,42.30%,41.78%,0.064876,2026-07-27
HOOD,95.65,2026-07-31,4,Call,94.00,+1.73%,5.85,6,6.05,620,390,1.59,79.63%,127.94%,0.579212,2026-07-27
GILD,130.52,2026-07-31,4,Call,136.00,-4.20%,0.3,0.42,0.53,810,511,1.59,34.44%,37.96%,0.155743,2026-07-27
DOX,53.1,2026-10-16,81,Put,40.00,-24.67%,0.25,0.34,0.7,1036,651,1.59,45.58%,46.76%,-0.08132,2026-07-27
AAPL,336.91,2026-09-18,53,Put,320.00,-5.02%,7.25,7.4,7.6,2867,1803,1.59,29.62%,29.76%,-0.292118,2026-07-27
AAPL,336.91,2026-07-31,4,Put,310.00,-7.99%,0.45,0.47,0.5,9003,5659,1.59,29.62%,51.99%,-0.059042,2026-07-27
MARA,11.77,2026-07-31,4,Call,12.00,-1.95%,0.41,0.41,0.42,13266,8329,1.59,98.94%,104.82%,0.453069,2026-07-27
SOFI,16.88,2026-07-31,4,Put,18.00,+6.64%,1.53,1.54,1.55,7466,4724,1.58,68.27%,119.90%,-0.672584,2026-07-27
APLD,26.38,2026-07-31,4,Call,32.50,-23.20%,0.38,0.4,0.41,526,332,1.58,117.85%,183.31%,0.161021,2026-07-27
V,362.53,2026-07-31,4,Call,375.00,-3.44%,2.02,2.21,2.29,547,346,1.58,26.96%,42.63%,0.233147,2026-07-27
WELL,248.34,2026-08-21,25,Call,250.00,-0.67%,7.3,7.95,8.4,572,362,1.58,30.92%,32.57%,0.493254,2026-07-27
AMZN,231.39,2026-07-31,4,Put,227.50,-1.68%,5.95,6.14,6.15,723,457,1.58,42.53%,82.24%,-0.403661,2026-07-27
LUNR,13.31,2026-07-31,4,Call,14.50,-8.94%,0.24,0.29,0.28,1045,662,1.58,119.90%,120.39%,0.269809,2026-07-27
MSFT,389.1,2026-07-31,4,Call,447.50,-15.01%,0.85,1.24,1.24,1187,750,1.58,43.64%,87.20%,0.069031,2026-07-27
UPS,112.95,2026-07-31,4,Put,100.00,-11.47%,0.28,0.3,0.33,1349,853,1.58,41.05%,80.90%,-0.069706,2026-07-27
ORCL,119.9,2026-07-31,4,Call,128.00,-6.76%,1.18,1.23,1.24,1535,969,1.58,68.14%,77.75%,0.223608,2026-07-27
HAPN,18.75,2026-08-21,25,Put,15.00,-20.00%,0.15,0.2,0.4,1608,1019,1.58,73.58%,82.41%,-0.124475,2026-07-27
GOOGL,326.56,2026-07-29,2,Call,325.00,+0.48%,4.4,4.7,4.65,1705,1078,1.58,31.30%,38.03%,0.575627,2026-07-27
HOOD,95.65,2026-07-31,4,Put,80.00,-16.36%,0.54,0.56,0.56,2150,1360,1.58,79.63%,131.71%,-0.085736,2026-07-27
NVDA,196.51,2026-08-07,11,Put,202.50,+3.05%,8.95,8.8,9.6,548,350,1.57,42.30%,42.80%,-0.640033,2026-07-27
CLBK,10.85,2026-08-21,25,Put,10.00,-7.83%,0.1,0.14,0.15,563,359,1.57,40.36%,39.28%,-0.193132,2026-07-27
AMD,494.95,2026-07-31,4,Call,552.50,-11.63%,2.88,2.87,3.3,699,446,1.57,81.19%,91.02%,0.13507,2026-07-27
HBM,22.43,2026-08-21,25,Call,30.00,-33.75%,0.05,0.2,0.25,706,449,1.57,71.50%,73.97%,0.081802,2026-07-27
NVDA,196.51,2026-08-03,7,Put,190.00,-3.31%,2.1,2.17,2.17,858,545,1.57,42.30%,44.26%,-0.27796,2026-07-27
GM,87.04,2026-07-31,4,Call,86.00,+1.19%,2.25,2.25,2.36,1041,661,1.57,36.43%,47.61%,0.607261,2026-07-27
APLD,26.38,2026-07-31,4,Call,31.50,-19.41%,0.51,0.53,0.55,1480,942,1.57,117.85%,183.23%,0.203875,2026-07-27
NVDA,196.51,2026-07-31,4,Put,177.50,-9.67%,0.27,0.28,0.28,2659,1692,1.57,42.30%,60.85%,-0.051116,2026-07-27
LQDA,84.42,2026-08-21,25,Put,60.00,-28.93%,1.5,1.7,2.6,3124,1991,1.57,100.51%,132.08%,-0.121569,2026-07-27
BAC,62.13,2026-07-31,4,Call,64.00,-3.01%,0.1,0.11,0.12,6000,3823,1.57,22.56%,25.17%,0.134595,2026-07-27
FIG,22.94,2026-07-31,4,Call,28.00,-22.06%,0.11,0.12,0.13,50213,32010,1.57,108.23%,132.68%,0.08647,2026-07-27
NOW,105.56,2026-07-31,4,Call,112.00,-6.10%,1.05,1.1,1.15,3361,2152,1.56,58.66%,74.40%,0.236867,2026-07-27
BA,211.5,2026-07-31,4,Put,200.00,-5.44%,1.52,1.6,1.64,3441,2201,1.56,39.25%,64.37%,-0.193929,2026-07-27
AAPL,336.91,2026-07-31,4,Call,345.00,-2.40%,3.3,3.45,3.5,5288,3385,1.56,29.62%,46.62%,0.324744,2026-07-27
SPCX,113.5,2026-07-31,4,Call,115.00,-1.32%,4.6,4.62,4.7,11605,7462,1.56,115.21%,112.13%,0.480144,2026-07-27
ACI,11.37,2027-01-15,172,Call,12.00,-5.54%,0.95,1.06,1.1,537,344,1.56,37.93%,43.15%,0.467181,2026-07-27
INTC,91.67,2026-08-03,7,Call,105.00,-14.54%,0.59,0.72,0.78,658,423,1.56,82.93%,83.79%,0.134126,2026-07-27
AMD,494.95,2026-08-07,11,Call,580.00,-17.18%,7.3,7.49,7.9,898,577,1.56,81.19%,93.30%,0.186351,2026-07-27
BTU,23.09,2026-09-18,53,Call,30.00,-29.93%,0.32,0.44,0.62,1001,642,1.56,61.60%,63.85%,0.173299,2026-07-27
DOW,28.75,2026-11-20,116,Put,25.00,-13.04%,1.22,1.28,1.45,1129,724,1.56,45.21%,46.81%,-0.25397,2026-07-27
INTC,91.67,2026-08-03,7,Call,100.00,-9.09%,1.29,1.44,1.58,1239,793,1.56,82.93%,82.93%,0.243557,2026-07-27
F,14.68,2026-07-31,4,Put,14.50,-1.23%,0.4,0.43,0.43,2481,1586,1.56,44.57%,82.05%,-0.425994,2026-07-27
NVDA,196.51,2026-07-29,2,Put,215.00,+9.41%,17.6,18.35,19.3,2507,1611,1.56,42.30%,51.74%,-0.992302,2026-07-27
AMD,494.95,2026-07-31,4,Put,480.00,-3.02%,12.6,13.25,13.45,3280,2101,1.56,81.19%,96.68%,-0.360523,2026-07-27
RKLB,66.94,2026-07-31,4,Call,79.00,-18.02%,0.23,0.27,0.27,605,390,1.55,101.78%,106.78%,0.077439,2026-07-27
IREN,36.29,2026-07-31,4,Call,41.50,-14.36%,0.53,0.59,0.63,697,449,1.55,130.93%,142.14%,0.204794,2026-07-27
WMT,111.74,2026-08-07,11,Put,112.00,+0.23%,1.94,1.97,2.1,719,464,1.55,31.21%,24.91%,-0.506847,2026-07-27
LEGN,19.27,2026-08-21,25,Call,20.00,-3.79%,0.8,1.1,5,856,551,1.55,91.76%,158.86%,0.549498,2026-07-27
C,133.1,2026-07-31,4,Call,140.00,-5.18%,0.17,0.17,0.21,1013,655,1.55,30.64%,34.81%,0.08639,2026-07-27
ADBE,237.75,2026-07-31,4,Call,240.00,-0.95%,4.35,4.85,4.7,1181,760,1.55,50.43%,55.51%,0.449767,2026-07-27
PYPL,56.07,2026-07-31,4,Call,56.00,+0.12%,2.32,2.46,2.61,1660,1073,1.55,51.32%,103.56%,0.527207,2026-07-27
INTC,91.67,2026-07-31,4,Call,98.00,-6.91%,1.48,1.49,1.62,2586,1664,1.55,82.93%,99.08%,0.277994,2026-07-27
TSLA,309.22,2026-07-29,2,Call,340.00,-9.95%,0.13,0.14,0.14,2662,1719,1.55,47.33%,64.31%,0.02469,2026-07-27
INTC,91.67,2026-07-31,4,Call,100.00,-9.09%,1.11,1.1,1.15,13545,8788,1.54,82.93%,99.43%,0.217564,2026-07-27
OXY,54.93,2026-07-31,4,Put,55.00,+0.13%,0.92,0.94,0.99,512,333,1.54,40.50%,40.28%,-0.502086,2026-07-27
AAOI,97.82,2026-07-31,4,Call,135.00,-38.01%,0.1,0.18,0.2,588,381,1.54,141.19%,152.62%,0.026571,2026-07-27
OXY,54.93,2026-07-31,4,Put,53.00,-3.51%,0.24,0.26,0.31,728,473,1.54,40.50%,41.92%,-0.20011,2026-07-27
FRMI,7.23,2026-07-31,4,Put,7.00,-3.18%,0.35,0.45,0.5,729,473,1.54,155.86%,179.76%,-0.394472,2026-07-27
IOVA,4.9,2026-08-14,18,Call,1.50,+69.39%,3,3.54,5.5,1168,757,1.54,123.21%,"1,015.96%",0.950897,2026-07-27
SNAP,4.52,2026-08-21,25,Call,4.50,+0.44%,0.42,0.45,0.48,1171,760,1.54,87.39%,92.56%,0.559496,2026-07-27
TSLA,309.22,2026-08-21,25,Put,450.00,+45.53%,140.45,140.92,141.25,1982,1286,1.54,47.33%,68.88%,-0.986263,2026-07-27
TSM,399.09,2026-07-31,4,Call,420.00,-5.24%,3,3.3,3.35,3164,2051,1.54,49.56%,61.04%,0.222891,2026-07-27
COIN,167.49,2027-03-19,235,Call,250.00,-49.26%,18,18.98,22.45,501,328,1.53,82.66%,76.86%,0.38228,2026-07-27
GS,1048.23,2026-09-18,53,Put,915.00,-12.71%,11.45,14.06,15.5,506,330,1.53,34.88%,38.77%,-0.155538,2026-07-27
AMD,494.95,2026-07-29,2,Put,485.00,-2.01%,8.5,9,9.25,745,487,1.53,81.19%,91.92%,-0.368795,2026-07-27
GLW,143.36,2026-07-31,4,Call,175.00,-22.07%,0.71,0.75,0.79,983,643,1.53,86.93%,132.78%,0.086424,2026-07-27
VIAV,38.16,2026-08-21,25,Call,70.00,-83.44%,0,0.52,0.45,1352,885,1.53,112.34%,126.32%,0.048229,2026-07-27
JPM,356.2,2026-07-31,4,Call,365.00,-2.47%,0.86,0.85,0.98,1386,906,1.53,22.63%,25.14%,0.182432,2026-07-27
NOW,105.56,2026-07-31,4,Call,106.00,-0.42%,2.89,3.15,3.15,1500,983,1.53,58.66%,72.81%,0.495511,2026-07-27
TSLA,309.22,2026-07-31,4,Put,275.00,-11.07%,0.37,0.37,0.39,1520,994,1.53,47.33%,66.49%,-0.042254,2026-07-27
STM,53.45,2026-08-21,25,Call,70.00,-30.96%,0.35,0.43,0.5,1757,1145,1.53,75.55%,72.97%,0.095716,2026-07-27
NKE,42.14,2026-07-31,4,Call,44.00,-4.41%,0.16,0.16,0.17,2683,1748,1.53,38.13%,42.19%,0.169374,2026-07-27
GOOG,326.57,2026-07-31,4,Put,310.00,-5.07%,0.63,0.68,0.69,2870,1877,1.53,31.02%,39.81%,-0.100536,2026-07-27
ORCL,119.9,2026-07-31,4,Call,123.00,-2.59%,2.49,2.74,2.82,3315,2164,1.53,68.14%,79.02%,0.395564,2026-07-27
BMNR,17.92,2026-07-31,4,Call,19.50,-8.82%,0.2,0.23,0.23,4194,2741,1.53,83.82%,96.68%,0.217499,2026-07-27
DXCM,73.37,2026-08-21,25,Call,75.00,-2.22%,3.6,3.9,3.9,697,459,1.52,52.82%,57.38%,0.478192,2026-07-27
META,593.87,2026-07-31,4,Call,605.00,-1.87%,19.35,19.69,19.7,897,592,1.52,50.42%,98.33%,0.450058,2026-07-27
TSLA,309.22,2026-07-29,2,Call,342.50,-10.76%,0.1,0.12,0.11,1053,692,1.52,47.33%,65.87%,0.019339,2026-07-27
TSLA,309.22,2026-08-28,32,Call,315.00,-1.87%,15.05,15.05,15.2,1130,745,1.52,47.33%,47.32%,0.484466,2026-07-27
MU,900.2,2026-07-29,2,Put,700.00,-22.24%,0.55,0.6,0.68,1462,962,1.52,94.14%,161.91%,-0.015388,2026-07-27
AAPL,336.91,2026-08-07,11,Put,325.00,-3.54%,3.55,3.75,3.85,1498,988,1.52,29.62%,36.83%,-0.271381,2026-07-27
NBIS,187.88,2026-07-31,4,Call,225.00,-19.76%,2.19,2.36,2.35,1662,1095,1.52,156.73%,155.54%,0.153022,2026-07-27
MSTR,98.65,2026-07-31,4,Call,107.00,-8.46%,1.23,1.34,1.34,1746,1151,1.52,80.73%,97.76%,0.229962,2026-07-27
TSLA,309.22,2026-07-31,4,Put,400.00,+29.36%,90.35,91.9,91.4,1809,1187,1.52,47.33%,109.11%,-0.987726,2026-07-27
REPL,8.63,2026-08-21,25,Put,20.00,+131.75%,9.3,11.9,14,590,391,1.51,331.42%,235.66%,-0.855928,2026-07-27
MU,900.2,2026-07-31,4,Call,890.00,+1.13%,48.45,49.5,50,711,471,1.51,94.14%,117.14%,0.562547,2026-07-27
INFQ,9.76,2026-09-18,53,Call,17.50,-79.30%,0.25,0.33,0.4,802,531,1.51,115.03%,124.27%,0.16232,2026-07-27
INTC,91.67,2026-07-31,4,Put,104.00,+13.45%,12.75,12.54,13.2,907,602,1.51,82.93%,105.05%,-0.862642,2026-07-27
INTC,91.67,2026-07-31,4,Put,91.00,-0.73%,3.45,3.5,3.65,1127,746,1.51,82.93%,102.02%,-0.450359,2026-07-27
KO,84.07,2026-08-07,11,Call,83.00,+1.27%,2.2,2.25,2.33,1137,751,1.51,22.76%,28.70%,0.613221,2026-07-27
MU,900.2,2026-07-31,4,Call,980.00,-8.86%,14.4,15,15.3,1377,909,1.51,94.14%,110.96%,0.251479,2026-07-27
TSM,399.09,2026-08-07,11,Call,450.00,-12.76%,1.45,1.66,1.85,1405,931,1.51,49.56%,51.87%,0.100478,2026-07-27
APO,124.24,2026-08-21,25,Put,120.00,-3.41%,3.5,3.6,3.8,1548,1028,1.51,41.80%,43.74%,-0.355414,2026-07-27
INTC,91.67,2026-07-29,2,Call,105.00,-14.54%,0.09,0.12,0.12,2007,1325,1.51,82.93%,101.67%,0.03887,2026-07-27
AMZN,231.39,2026-07-31,4,Call,232.50,-0.48%,7.4,7.55,7.65,2084,1383,1.51,42.53%,82.88%,0.497125,2026-07-27
PLTR,131.53,2026-07-31,4,Put,124.00,-5.72%,0.95,0.97,0.97,2156,1427,1.51,67.26%,66.13%,-0.18636,2026-07-27
BA,211.5,2026-07-31,4,Call,225.00,-6.38%,1.26,1.37,1.48,2375,1575,1.51,39.25%,63.43%,0.184243,2026-07-27
JOBY,7.37,2026-07-31,4,Put,7.50,+1.76%,0.31,0.35,0.37,4149,2746,1.51,90.00%,87.51%,-0.556367,2026-07-27
AAPL,336.91,2026-07-31,4,Call,350.00,-3.89%,2,2.1,2.1,8538,5655,1.51,29.62%,46.06%,0.223928,2026-07-27
AMZN,231.39,2026-07-29,2,Call,245.00,-5.88%,0.09,0.11,0.1,5116,3404,1.5,42.53%,41.81%,0.034005,2026-07-27
MSFT,389.1,2026-07-31,4,Call,485.00,-24.65%,0.12,0.17,0.25,717,477,1.5,43.64%,93.75%,0.014174,2026-07-27
SNAP,4.52,2026-08-28,32,Put,4.50,-0.44%,0.4,0.43,0.47,739,493,1.5,87.39%,85.04%,-0.439045,2026-07-27
MU,900.2,2026-07-31,4,Call,975.00,-8.31%,15.6,16.19,16.8,829,552,1.5,94.14%,111.73%,0.267401,2026-07-27
GLW,143.36,2026-07-31,4,Call,190.00,-32.53%,0.23,0.23,0.25,866,576,1.5,86.93%,138.72%,0.031112,2026-07-27
ADBE,237.75,2026-07-31,4,Put,225.00,-5.36%,1.23,1.25,1.39,989,661,1.5,50.43%,56.98%,-0.168534,2026-07-27
MP,43.13,2027-06-17,325,Put,35.00,-18.85%,5.1,5.74,6.9,1414,944,1.5,75.84%,69.96%,-0.246514,2026-07-27
TSLA,309.22,2026-09-18,53,Call,310.00,-0.25%,22.15,22.1,22.45,1460,971,1.5,47.33%,46.62%,0.5418,2026-07-27
SNDK,1278.23,2026-07-31,4,Put,"1,150.00",-10.03%,35.7,39.5,40,1640,1093,1.5,139.14%,173.09%,-0.24951,2026-07-27
MRVL,189.17,2026-07-31,4,Call,200.00,-5.73%,4.65,4.8,4.9,2162,1438,1.5,93.81%,112.91%,0.341364,2026-07-27
META,593.87,2026-07-31,4,Call,640.00,-7.77%,8.6,8.89,9.1,2602,1733,1.5,50.42%,99.05%,0.252622,2026-07-27
MSFT,389.1,2026-08-07,11,Call,430.00,-10.51%,3.7,3.8,3.95,2745,1834,1.5,43.64%,59.68%,0.182643,2026-07-27
QBTS,19.51,2026-08-07,11,Call,21.00,-7.64%,1.02,1.05,1.17,592,398,1.49,107.61%,123.73%,0.408964,2026-07-27
BA,211.5,2026-07-31,4,Call,227.50,-7.57%,0.9,0.99,1.02,739,495,1.49,39.25%,62.59%,0.139881,2026-07-27
ADBE,237.75,2026-07-31,4,Call,260.00,-9.36%,0.54,0.57,0.65,758,509,1.49,50.43%,61.16%,0.087041,2026-07-27
CIFR,21.65,2026-07-31,4,Call,21.50,+0.69%,1.35,1.45,1.58,802,539,1.49,128.69%,153.84%,0.5502,2026-07-27
PLNT,54.22,2026-08-21,25,Call,55.00,-1.44%,3.2,3.42,3.5,1007,678,1.49,60.96%,64.40%,0.505688,2026-07-27
AMZN,231.39,2026-07-31,4,Call,252.50,-9.12%,1.54,1.66,1.73,1498,1005,1.49,42.53%,81.14%,0.16333,2026-07-27
SKHY,143.02,2026-07-31,4,Put,130.00,-9.10%,4.2,4.25,4.3,1878,1262,1.49,121.46%,164.71%,-0.260473,2026-07-27
MBI,5.53,2028-01-21,543,Call,10.00,-80.83%,0.3,0.61,0.8,3983,2674,1.49,62.35%,74.27%,0.26548,2026-07-27
AMD,494.95,2026-08-07,11,Put,425.00,-14.13%,7.95,8.3,8.75,537,363,1.48,81.19%,100.61%,-0.167175,2026-07-27
GOOGL,326.56,2026-07-29,2,Put,315.00,-3.54%,0.4,0.53,0.55,847,571,1.48,31.30%,39.25%,-0.103673,2026-07-27
PLTR,131.53,2026-08-07,11,Put,95.00,-27.77%,0.23,0.24,0.27,1216,821,1.48,67.26%,101.82%,-0.026506,2026-07-27
NVDA,196.51,2027-09-17,417,Call,215.00,-9.41%,32,33.6,33.15,1242,838,1.48,42.30%,44.09%,0.54889,2026-07-27
CG,46.28,2027-01-15,172,Put,40.00,-13.57%,2.4,2.45,2.8,1500,1015,1.48,48.93%,44.58%,-0.257996,2026-07-27
SNDK,1278.23,2026-07-31,4,Call,"1,800.00",-40.82%,1.3,1.3,1.45,1877,1265,1.48,139.14%,152.21%,0.019421,2026-07-27
CSCO,114.57,2026-07-31,4,Put,110.00,-3.99%,0.62,0.67,0.69,1993,1343,1.48,51.27%,47.83%,-0.199765,2026-07-27
MRVL,189.17,2026-11-20,116,Put,140.00,-25.99%,12.7,13.7,14.1,2612,1761,1.48,93.81%,90.34%,-0.193362,2026-07-27
CRM,173.6,2026-08-07,11,Call,190.00,-9.45%,1.11,1.37,1.26,592,404,1.47,47.85%,49.30%,0.157912,2026-07-27
TSLA,309.22,2026-08-03,7,Put,280.00,-9.45%,0.81,0.83,0.86,593,404,1.47,47.33%,52.58%,-0.07951,2026-07-27
IBM,216.28,2026-07-31,4,Put,215.00,-0.59%,3.4,4,3.95,947,645,1.47,41.92%,47.66%,-0.442251,2026-07-27
BE,188.18,2026-07-31,4,Call,220.00,-16.91%,10.85,11.43,11.9,1019,694,1.47,170.35%,282.95%,0.352684,2026-07-27
PFE,24.67,2026-07-31,4,Call,24.50,+0.69%,0.34,0.36,0.4,1077,733,1.47,25.25%,27.40%,0.597108,2026-07-27
TSM,399.09,2027-06-17,325,Put,370.00,-7.29%,48.4,51.95,51.2,1093,746,1.47,49.56%,47.50%,-0.329155,2026-07-27
FCX,62.72,2026-10-16,81,Call,65.00,-3.64%,5.15,5.25,5.35,1110,753,1.47,52.89%,51.59%,0.498854,2026-07-27
ARM,266.33,2026-07-31,4,Put,200.00,-24.91%,1.09,1.16,1.24,1140,774,1.47,102.32%,178.55%,-0.051777,2026-07-27
JPM,356.2,2026-07-31,4,Put,345.00,-3.14%,0.8,0.84,0.96,1146,778,1.47,22.63%,30.04%,-0.149626,2026-07-27
PG,148.63,2026-07-31,4,Call,150.00,-0.92%,1.85,2.06,2.16,1220,831,1.47,26.65%,42.17%,0.426876,2026-07-27
PSKY,8.03,2026-07-31,4,Put,8.00,-0.37%,0.14,0.2,0.23,1838,1252,1.47,64.92%,59.80%,-0.462933,2026-07-27
TSLA,309.22,2026-07-31,4,Put,280.00,-9.45%,0.55,0.55,0.58,3385,2302,1.47,47.33%,63.26%,-0.062062,2026-07-27
SLS,10.84,2026-09-18,53,Put,4.50,-58.49%,0.4,0.8,1.15,4065,2767,1.47,239.08%,279.04%,-0.086521,2026-07-27
AAPL,336.91,2026-07-31,4,Call,340.00,-0.92%,5.15,5.15,5.4,11530,7850,1.47,29.62%,47.09%,0.439089,2026-07-27
AAPL,336.91,2026-07-31,4,Put,300.00,-10.96%,0.2,0.22,0.23,22012,15016,1.47,29.62%,58.49%,-0.02674,2026-07-27
NVDA,196.51,2026-07-31,4,Call,207.50,-5.59%,0.75,0.75,0.77,24498,16690,1.47,42.30%,48.64%,0.14995,2026-07-27
VRTX,479,2026-08-21,25,Call,500.00,-4.38%,9.4,12.7,14.6,760,521,1.46,39.10%,39.94%,0.368994,2026-07-27
TSLA,309.22,2026-08-07,11,Put,265.00,-14.30%,0.82,0.89,0.86,762,521,1.46,47.33%,59.22%,-0.059094,2026-07-27
V,362.53,2026-08-21,25,Call,400.00,-10.34%,0.87,1.03,1.05,764,524,1.46,26.96%,26.31%,0.086,2026-07-27
BMNR,17.92,2026-07-31,4,Put,18.00,+0.45%,0.73,0.75,0.76,879,604,1.46,83.82%,94.36%,-0.497068,2026-07-27
RDW,8.83,2026-07-31,4,Call,9.50,-7.59%,0.15,0.2,0.25,1514,1035,1.46,112.63%,119.84%,0.302525,2026-07-27
AAPL,336.91,2026-07-29,2,Call,332.50,+1.31%,5.5,5.94,6.25,2689,1846,1.46,29.62%,31.85%,0.718485,2026-07-27
CRWV,70.79,2026-07-31,4,Put,67.00,-5.35%,1.79,1.84,1.96,531,365,1.45,109.11%,120.11%,-0.307378,2026-07-27
CELH,28.79,2026-08-07,11,Call,34.00,-18.10%,0.29,0.45,0.49,533,368,1.45,76.68%,92.11%,0.170161,2026-07-27
HIMS,30.24,2026-08-21,25,Call,36.50,-20.70%,1.37,1.15,1.5,565,391,1.45,106.45%,108.08%,0.303272,2026-07-27
AGI,29.72,2026-08-21,25,Put,28.00,-5.79%,0.8,1.05,1.05,656,452,1.45,54.98%,55.33%,-0.309657,2026-07-27
IBM,216.28,2027-06-17,325,Put,210.00,-2.90%,30.95,31.1,32.7,757,521,1.45,41.92%,45.68%,-0.376264,2026-07-27
IBM,216.28,2026-07-31,4,Put,202.50,-6.37%,0.43,0.53,0.55,758,522,1.45,41.92%,48.61%,-0.093328,2026-07-27
C,133.1,2026-07-31,4,Call,136.00,-2.18%,0.78,0.84,0.92,1046,723,1.45,30.64%,34.90%,0.285565,2026-07-27
NBIS,187.88,2026-07-31,4,Call,215.00,-14.43%,3.65,4,4,1072,740,1.45,156.73%,156.78%,0.230516,2026-07-27
CMCSA,22.8,2027-06-17,325,Call,27.50,-20.61%,1.21,1.65,1.75,2061,1425,1.45,34.00%,37.09%,0.332961,2026-07-27
COIN,167.49,2026-07-31,4,Put,160.00,-4.47%,4.8,4.83,4.95,2328,1609,1.45,82.66%,118.50%,-0.332272,2026-07-27
GOOGL,326.56,2026-08-07,11,Call,350.00,-7.18%,1.16,1.23,1.27,2555,1757,1.45,31.30%,33.96%,0.129353,2026-07-27
SPCX,113.5,2026-07-31,4,Put,95.00,-16.30%,0.35,0.35,0.4,3466,2392,1.45,115.21%,114.51%,-0.06089,2026-07-27
INTC,91.67,2026-07-31,4,Put,85.00,-7.28%,1.38,1.46,1.48,4972,3429,1.45,82.93%,105.75%,-0.22947,2026-07-27
DIS,96.65,2026-11-20,116,Call,95.00,+1.71%,8.45,8.6,8.65,4966,3453,1.44,36.37%,35.60%,0.573617,2026-07-27
BAC,62.13,2026-08-21,25,Call,66.00,-6.23%,0.25,0.26,0.27,533,371,1.44,22.56%,21.20%,0.149308,2026-07-27
CPSH,3.98,2027-01-15,172,Call,5.00,-25.63%,1.15,1.25,1.5,587,409,1.44,165.02%,150.84%,0.623561,2026-07-27
SPCX,113.5,2026-08-07,11,Call,110.00,+3.08%,13,13.15,13.7,639,445,1.44,115.21%,148.44%,0.600506,2026-07-27
SLS,10.84,2026-08-07,11,Call,20.00,-84.50%,0.05,0.2,0.7,757,524,1.44,239.08%,285.90%,0.162379,2026-07-27
ORCL,119.9,2026-07-31,4,Put,119.00,-0.75%,3.3,3.4,3.5,1171,811,1.44,68.14%,77.09%,-0.445863,2026-07-27
AMD,494.95,2026-07-31,4,Put,475.00,-4.03%,10.75,11.05,11.5,1428,994,1.44,81.19%,96.65%,-0.322518,2026-07-27
MSFT,389.1,2026-07-31,4,Put,390.00,+0.23%,14.3,14.45,14.65,1792,1246,1.44,43.64%,86.55%,-0.491008,2026-07-27
CMCSA,22.8,2026-07-31,4,Call,23.00,-0.88%,0.26,0.3,0.32,2561,1773,1.44,34.00%,40.13%,0.423918,2026-07-27
SHEL,86.37,2026-08-21,25,Put,82.50,-4.48%,0.95,0.9,1.15,501,351,1.43,26.94%,28.73%,-0.257972,2026-07-27
SNDK,1278.23,2026-08-07,11,Call,"2,000.00",-56.47%,9,9.7,12,525,368,1.43,139.14%,161.44%,0.073065,2026-07-27
SBET,6.38,2026-08-07,11,Call,6.50,-1.88%,0.32,0.3,0.37,591,412,1.43,90.20%,89.59%,0.486021,2026-07-27
HOOD,95.65,2026-07-31,4,Call,98.00,-2.46%,4.05,4.06,4.1,631,442,1.43,79.63%,127.45%,0.455304,2026-07-27
OWL,9.68,2026-10-16,81,Call,11.00,-13.64%,0.35,0.44,0.5,973,680,1.43,55.75%,50.83%,0.318925,2026-07-27
RKT,13.49,2026-07-31,4,Put,13.00,-3.63%,0.21,0.22,0.24,1240,869,1.43,73.62%,77.35%,-0.307913,2026-07-27
BE,188.18,2026-07-31,4,Call,260.00,-38.17%,3.95,4.1,4.65,1313,916,1.43,170.35%,277.91%,0.1674,2026-07-27
MU,900.2,2026-09-18,53,Put,110.00,-87.78%,0.01,0.22,0.45,1505,1054,1.43,94.14%,203.53%,-0.000954,2026-07-27
INTC,91.67,2026-08-03,7,Call,95.00,-3.63%,2.7,2.88,3.05,1574,1101,1.43,82.93%,83.79%,0.403396,2026-07-27
TSLA,309.22,2026-08-07,11,Call,325.00,-5.10%,5.2,5.2,5.3,1844,1287,1.43,47.33%,51.65%,0.309204,2026-07-27
MU,900.2,2026-07-31,4,Call,"1,050.00",-16.64%,4.55,4.8,4.95,4988,3480,1.43,94.14%,110.05%,0.101126,2026-07-27
TSLA,309.22,2026-07-31,4,Call,325.00,-5.10%,2.16,2.2,2.22,8142,5686,1.43,47.33%,57.27%,0.213677,2026-07-27
BMNR,17.92,2026-07-31,4,Call,20.00,-11.61%,0.12,0.14,0.14,11381,8034,1.42,83.82%,95.24%,0.147335,2026-07-27
TSLA,309.22,2026-09-18,53,Put,295.00,-4.60%,14.25,14.6,14.5,1036,728,1.42,47.33%,46.51%,-0.352421,2026-07-27
PAYX,115.48,2026-08-21,25,Call,105.00,+9.08%,8.6,10.55,11.4,1079,761,1.42,31.06%,20.95%,0.962512,2026-07-27
NVDA,196.51,2026-08-07,11,Call,217.50,-10.68%,0.56,0.62,0.6,1714,1211,1.42,42.30%,42.03%,0.089851,2026-07-27
CPSH,3.98,2026-10-16,81,Call,5.00,-25.63%,0.7,0.75,0.9,1904,1339,1.42,165.02%,149.83%,0.516456,2026-07-27
MNKD,3.95,2026-08-28,32,Call,1.00,+74.68%,2.55,3.03,5.1,624,443,1.41,151.39%,"1,240.53%",0.9865,2026-07-27
AMGN,376.26,2026-08-21,25,Call,405.00,-7.64%,4.2,4.85,4.8,895,636,1.41,36.22%,35.62%,0.230509,2026-07-27
NVTS,11.41,2026-07-31,4,Call,13.50,-18.32%,0.3,0.34,0.34,982,698,1.41,131.54%,202.54%,0.246508,2026-07-27
ALTO,4.5,2026-08-21,25,Call,5.00,-11.11%,0,0.33,0.35,1172,830,1.41,97.52%,74.61%,0.333861,2026-07-27
CRWD,180.11,2026-07-31,4,Call,205.00,-13.82%,0.2,0.27,0.32,1183,841,1.41,62.45%,72.15%,0.047394,2026-07-27
S,18.14,2026-08-21,25,Call,19.00,-4.74%,0.8,1,0.95,3078,2180,1.41,68.13%,64.08%,0.429542,2026-07-27
NVDA,196.51,2026-07-31,4,Call,200.00,-1.78%,2.64,2.66,2.68,34066,24081,1.41,42.30%,50.12%,0.380993,2026-07-27
BILL,44.9,2026-07-31,4,Call,45.00,-0.22%,1.25,1.2,1.45,530,378,1.4,75.96%,74.12%,0.506081,2026-07-27
WELL,248.34,2026-08-21,25,Call,260.00,-4.70%,3.2,3.95,4.3,571,407,1.4,30.92%,30.82%,0.305529,2026-07-27
CRWV,70.79,2026-07-31,4,Call,76.00,-7.36%,1.5,1.61,1.67,620,444,1.4,109.11%,117.50%,0.30409,2026-07-27
WMT,111.74,2027-06-17,325,Put,70.00,-37.35%,0.62,0.65,0.8,625,448,1.4,31.21%,33.68%,-0.043365,2026-07-27
ADBE,237.75,2026-07-31,4,Call,270.00,-13.56%,0.05,0.15,0.19,635,453,1.4,50.43%,59.37%,0.022262,2026-07-27
AMD,494.95,2026-07-31,4,Put,495.00,+0.01%,18.7,19.42,19.9,636,455,1.4,81.19%,93.72%,-0.47954,2026-07-27
NFLX,70.4,2026-08-07,11,Put,69.00,-1.99%,1.03,1.02,1.06,916,652,1.4,34.04%,34.78%,-0.352655,2026-07-27
ZIM,24.56,2028-01-21,543,Call,8.00,+67.43%,16.7,16.95,19,1813,1296,1.4,49.24%,94.11%,0.934943,2026-07-27
AMD,494.95,2026-08-21,25,Put,470.00,-5.04%,29.85,30.99,30.9,1917,1370,1.4,81.19%,83.85%,-0.361375,2026-07-27
AAPL,336.91,2026-07-29,2,Call,330.00,+2.05%,7.45,7.65,8.15,2869,2046,1.4,29.62%,32.17%,0.813209,2026-07-27
QBTS,19.51,2026-07-31,4,Put,19.00,-2.61%,0.62,0.69,0.7,521,376,1.39,107.61%,111.36%,-0.386509,2026-07-27
DIS,96.65,2026-07-31,4,Call,97.00,-0.36%,1.01,1.1,1.15,674,485,1.39,36.37%,30.79%,0.462354,2026-07-27
MSTR,98.65,2026-08-28,32,Call,150.00,-52.05%,0.6,0.67,0.65,693,499,1.39,80.73%,85.02%,0.063523,2026-07-27
RCAT,7.79,2026-07-31,4,Call,8.00,-2.70%,0.25,0.28,0.3,919,662,1.39,116.27%,112.08%,0.434591,2026-07-27
GLW,143.36,2026-08-21,25,Call,165.00,-15.09%,5.2,5.46,6.1,990,711,1.39,86.93%,85.92%,0.306903,2026-07-27
NVDA,196.51,2026-08-21,25,Put,192.50,-2.04%,6.4,6.45,6.5,995,715,1.39,42.30%,41.72%,-0.397595,2026-07-27
NVDA,196.51,2026-08-14,18,Call,195.00,+0.77%,8.25,8.5,8.55,1347,971,1.39,42.30%,43.08%,0.557337,2026-07-27
MU,900.2,2026-07-31,4,Put,780.00,-13.35%,7.55,8,8.35,1738,1252,1.39,94.14%,127.11%,-0.125821,2026-07-27
OCGN,1.26,2026-08-21,25,Call,1.5000,-19.05%,0.1,0.1,0.15,2580,1857,1.39,183.36%,156.85%,0.415462,2026-07-27
PATH,11.62,2026-07-31,4,Call,12.00,-3.27%,0.21,0.21,0.25,4992,3602,1.39,74.73%,78.95%,0.365701,2026-07-27
QGEN,41.08,2026-08-21,25,Call,40.00,+2.63%,3.1,3.3,3.5,10566,7588,1.39,59.70%,64.55%,0.594997,2026-07-27
AAPL,336.91,2026-07-31,4,Put,330.00,-2.05%,3.7,3.7,3.9,4969,3605,1.38,29.62%,48.38%,-0.329696,2026-07-27
ECHO,86.69,2027-01-15,172,Call,200.00,-130.71%,0.2,0.27,0.75,12513,9085,1.38,69.55%,60.16%,0.038071,2026-07-27
AAPL,336.91,2027-12-17,508,Put,325.00,-3.54%,31.7,32.6,33.15,502,363,1.38,29.62%,29.00%,-0.354743,2026-07-27
MSFT,389.1,2026-08-03,7,Call,385.00,+1.05%,16.4,16.62,17,502,364,1.38,43.64%,67.63%,0.565615,2026-07-27
BABA,115,2026-07-31,4,Put,112.00,-2.61%,1.08,1.37,1.3,526,382,1.38,48.84%,50.60%,-0.299437,2026-07-27
NFLX,70.4,2026-08-28,32,Call,72.00,-2.27%,2.19,2.26,2.27,526,382,1.38,34.04%,34.09%,0.444349,2026-07-27
IREN,36.29,2026-07-31,4,Put,32.50,-10.44%,0.73,0.82,0.89,610,441,1.38,130.93%,154.20%,-0.221752,2026-07-27
SNOW,272.92,2026-07-31,4,Put,250.00,-8.40%,1.74,2.07,2.02,648,469,1.38,64.74%,83.60%,-0.146805,2026-07-27
GOOGL,326.56,2026-07-29,2,Call,320.00,+2.01%,7.75,8,8.15,649,471,1.38,31.30%,39.25%,0.76402,2026-07-27
SLS,10.84,2026-07-31,4,Call,12.50,-15.31%,0.2,0.3,0.35,676,489,1.38,239.08%,177.62%,0.250222,2026-07-27
CRM,173.6,2026-07-31,4,Put,175.00,+0.81%,4.6,4.7,4.85,763,554,1.38,47.85%,55.12%,-0.542355,2026-07-27
MSTR,98.65,2026-07-31,4,Call,98.00,+0.66%,4.3,4.35,4.45,864,625,1.38,80.73%,97.99%,0.547609,2026-07-27
HIMS,30.24,2026-07-31,4,Call,34.00,-12.43%,0.18,0.19,0.21,1139,827,1.38,106.45%,95.99%,0.133027,2026-07-27
NVDA,196.51,2026-08-07,11,Call,222.50,-13.23%,0.31,0.33,0.34,1629,1182,1.38,42.30%,43.11%,0.053722,2026-07-27
SKHY,143.02,2026-07-31,4,Call,175.00,-22.36%,1.55,1.58,1.65,1695,1224,1.38,121.46%,163.83%,0.138145,2026-07-27
PLTR,131.53,2026-07-31,4,Put,129.00,-1.92%,2.31,2.32,2.35,2058,1495,1.38,67.26%,63.75%,-0.370884,2026-07-27
INTC,91.67,2026-07-31,4,Put,92.00,+0.36%,3.9,4.1,4.05,2117,1535,1.38,82.93%,99.72%,-0.491846,2026-07-27
INTC,91.67,2026-07-31,4,Call,113.00,-23.27%,0.1,0.15,0.18,732,534,1.37,82.93%,107.26%,0.03563,2026-07-27
PLTR,131.53,2026-08-14,18,Call,130.00,+1.16%,9.6,9.7,9.8,745,542,1.37,67.26%,76.04%,0.565265,2026-07-27
BAC,62.13,2026-10-16,81,Put,62.50,+0.60%,2.85,3,3,747,544,1.37,22.56%,24.49%,-0.485667,2026-07-27
GRAB,3.35,2026-08-07,11,Call,3.50,-4.48%,0.11,0.12,0.13,1012,738,1.37,66.25%,77.65%,0.4015,2026-07-27
RIOT,21.97,2026-07-31,4,Call,23.00,-4.69%,0.73,0.75,0.79,1084,791,1.37,105.56%,128.16%,0.393002,2026-07-27
SMCI,29.81,2026-07-31,4,Put,28.50,-4.39%,0.69,0.78,0.73,838,616,1.36,100.22%,103.72%,-0.318668,2026-07-27
INTC,91.67,2026-07-29,2,Call,101.00,-10.18%,0.27,0.28,0.3,921,675,1.36,82.93%,97.09%,0.095019,2026-07-27
NBIS,187.88,2026-07-31,4,Call,235.00,-25.08%,1.23,1.35,1.46,1072,791,1.36,156.73%,155.94%,0.09908,2026-07-27
SPCX,113.5,2026-07-31,4,Call,129.00,-13.66%,1.45,1.5,1.55,1076,794,1.36,115.21%,128.76%,0.189577,2026-07-27
SMCI,29.81,2026-07-31,4,Call,30.50,-2.31%,0.94,0.96,0.99,1293,952,1.36,100.22%,101.35%,0.436865,2026-07-27
SPCX,113.5,2026-08-14,18,Call,150.00,-32.16%,4.1,4.2,4.3,1558,1146,1.36,115.21%,141.21%,0.23368,2026-07-27
LVS,47.76,2026-09-18,53,Call,52.50,-9.92%,0.61,0.64,0.68,1559,1145,1.36,33.58%,29.54%,0.22028,2026-07-27
RKLB,66.94,2026-07-31,4,Put,60.00,-10.37%,0.64,0.65,0.76,1912,1407,1.36,101.78%,112.20%,-0.160173,2026-07-27
HRI,160,2026-08-21,25,Call,180.00,-12.50%,3.7,4.6,4.9,2562,1889,1.36,71.05%,65.60%,0.276356,2026-07-27
MSFT,389.1,2026-08-05,9,Call,385.00,+1.05%,16.5,17,18.65,541,402,1.35,43.64%,63.16%,0.564659,2026-07-27
BUD,80.87,2026-09-18,53,Put,72.50,-10.35%,0.75,0.85,0.9,574,425,1.35,31.54%,30.56%,-0.158064,2026-07-27
NVTS,11.41,2026-07-31,4,Call,14.50,-27.08%,0.17,0.19,0.2,584,431,1.35,131.54%,205.63%,0.157702,2026-07-27
BA,211.5,2026-07-31,4,Call,232.50,-9.93%,0.5,0.53,0.55,652,482,1.35,39.25%,63.89%,0.0834,2026-07-27
TTD,17.88,2026-07-31,4,Put,18.50,+3.47%,0.85,0.71,1.02,667,495,1.35,84.35%,75.99%,-0.649996,2026-07-27
SPCE,2.53,2026-08-14,18,Call,3.00,-18.58%,0.1,0.11,0.12,862,638,1.35,107.87%,116.59%,0.300899,2026-07-27
AAPL,336.91,2026-09-18,53,Put,335.00,-0.57%,12.85,12.9,13.05,1052,778,1.35,29.62%,28.58%,-0.44411,2026-07-27
AAPL,336.91,2026-08-07,11,Put,290.00,-13.92%,0.27,0.29,0.29,1250,923,1.35,29.62%,45.90%,-0.026609,2026-07-27
NVDA,196.51,2026-08-03,7,Call,220.00,-11.95%,0.14,0.14,0.17,1728,1277,1.35,42.30%,43.66%,0.033814,2026-07-27
GOOG,326.57,2026-07-31,4,Call,325.00,+0.48%,6,6.15,6.3,2448,1820,1.35,31.02%,38.69%,0.558952,2026-07-27
SHOP,126.88,2026-08-21,25,Put,120.00,-5.42%,6.85,7.25,7.6,3071,2271,1.35,74.76%,81.03%,-0.352471,2026-07-27
AMZN,231.39,2026-07-31,4,Call,240.00,-3.72%,4.55,4.55,4.65,6421,4769,1.35,42.53%,82.96%,0.354663,2026-07-27
AAPL,336.91,2026-07-31,4,Put,335.00,-0.57%,5.6,5.65,5.85,8790,6506,1.35,29.62%,47.67%,-0.442385,2026-07-27
NWL,5.18,2026-08-21,25,Call,5.00,+3.47%,0.55,0.65,0.65,3768,2820,1.34,85.59%,96.08%,0.602048,2026-07-27
ORCL,119.9,2026-07-31,4,Put,112.00,-6.59%,1.07,1.16,1.21,607,454,1.34,68.14%,80.21%,-0.195935,2026-07-27
ADM,83.19,2026-08-21,25,Put,80.00,-3.83%,1.75,1.83,2.05,728,544,1.34,36.30%,38.46%,-0.3275,2026-07-27
GOOGL,326.56,2026-08-14,18,Call,350.00,-7.18%,2.12,2.3,2.4,768,575,1.34,31.30%,32.38%,0.182655,2026-07-27
KSS,18.49,2026-08-21,25,Call,18.00,+2.65%,1.47,1.55,1.61,1054,789,1.34,66.06%,67.11%,0.595519,2026-07-27
TSLA,309.22,2026-07-31,4,Call,337.50,-9.15%,0.73,0.75,0.75,1097,816,1.34,47.33%,59.50%,0.085735,2026-07-27
TSLA,309.22,2026-08-03,7,Put,300.00,-2.98%,4.25,4.28,4.35,1123,835,1.34,47.33%,48.49%,-0.310884,2026-07-27
FIVN,25.55,2026-08-21,25,Call,30.00,-17.42%,0.95,1.1,1.15,1279,952,1.34,87.80%,93.33%,0.29975,2026-07-27
BETA,17.95,2026-10-16,81,Put,15.00,-16.43%,1.2,1.57,2.1,1959,1465,1.34,93.80%,96.00%,-0.26168,2026-07-27
FIG,22.94,2026-07-31,4,Call,24.00,-4.62%,0.59,0.6,0.66,2149,1607,1.34,108.23%,109.18%,0.368939,2026-07-27
UBER,68.18,2026-07-31,4,Call,67.00,+1.73%,1.87,1.92,2.02,2811,2097,1.34,46.75%,44.30%,0.658462,2026-07-27
QCOM,170.04,2026-07-31,4,Put,145.00,-14.73%,0.9,0.96,1.02,513,385,1.33,67.27%,120.11%,-0.091555,2026-07-27
TSLA,309.22,2026-08-28,32,Call,335.00,-8.34%,8,8,8.15,536,404,1.33,47.33%,46.81%,0.313805,2026-07-27
RKLB,66.94,2026-09-18,53,Put,45.00,-32.78%,1.47,1.56,1.65,565,426,1.33,101.78%,100.32%,-0.106982,2026-07-27
APPN,25.55,2026-08-21,25,Call,30.00,-17.42%,0.75,1.1,1.05,717,541,1.33,85.90%,86.78%,0.28009,2026-07-27
IBM,216.28,2026-07-31,4,Call,227.50,-5.19%,0.84,0.85,0.95,721,543,1.33,41.92%,47.57%,0.161138,2026-07-27
PLTR,131.53,2026-07-31,4,Call,146.00,-11.00%,0.22,0.22,0.23,813,609,1.33,67.26%,63.03%,0.061451,2026-07-27
IQV,213.22,2026-08-21,25,Put,200.00,-6.20%,5.4,6.75,8.2,823,620,1.33,51.87%,57.89%,-0.304254,2026-07-27
BP,42.31,2026-10-16,81,Call,55.00,-29.99%,0.13,0.14,0.2,1060,798,1.33,34.86%,34.29%,0.059539,2026-07-27
VIAV,38.16,2026-08-21,25,Put,40.00,+4.82%,5.1,6.15,6.4,1350,1012,1.33,112.34%,118.81%,-0.49607,2026-07-27
NFLX,70.4,2026-07-31,4,Call,74.00,-5.11%,0.18,0.19,0.19,9609,7203,1.33,34.04%,40.59%,0.126484,2026-07-27
ONDS,8.02,2026-07-31,4,Call,8.00,+0.25%,0.37,0.39,0.4,13094,9809,1.33,108.81%,111.68%,0.533161,2026-07-27
UPS,112.95,2026-07-31,4,Call,116.00,-2.70%,2.16,2.4,2.5,521,394,1.32,41.05%,76.67%,0.384082,2026-07-27
SPCX,113.5,2026-08-28,32,Put,70.00,-38.33%,1.15,1.15,1.25,680,517,1.32,115.21%,119.29%,-0.060166,2026-07-27
PDD,84.85,2026-07-31,4,Call,88.00,-3.71%,0.37,0.37,0.47,735,558,1.32,39.54%,41.19%,0.207646,2026-07-27
SPCX,113.5,2028-01-21,543,Call,230.00,-102.64%,15.7,16.31,19.5,755,570,1.32,115.21%,72.15%,0.38434,2026-07-27
ADBE,237.75,2026-07-31,4,Call,255.00,-7.26%,0.94,0.99,1.1,928,701,1.32,50.43%,59.60%,0.138899,2026-07-27
NVDA,196.51,2026-07-31,4,Call,192.50,+2.04%,6.6,6.66,6.7,938,708,1.32,42.30%,53.07%,0.657265,2026-07-27
VG,12.82,2026-07-31,4,Put,13.50,+5.30%,0.8,0.9,0.9,1278,968,1.32,81.24%,78.29%,-0.72145,2026-07-27
XOM,154.77,2026-07-31,4,Call,155.00,-0.15%,2.9,2.9,3.1,1647,1244,1.32,32.85%,48.03%,0.498973,2026-07-27
PLTR,131.53,2026-07-31,4,Put,126.00,-4.20%,1.37,1.38,1.4,2280,1733,1.32,67.26%,64.87%,-0.250868,2026-07-27
SMCI,29.81,2026-07-31,4,Put,29.00,-2.72%,0.87,0.88,0.9,2328,1769,1.32,100.22%,102.08%,-0.3766,2026-07-27
AMD,494.95,2026-07-31,4,Put,410.00,-17.16%,0.97,1.06,1.1,2808,2130,1.32,81.19%,108.66%,-0.043128,2026-07-27
ACN,154.06,2027-01-15,172,Put,170.00,+10.35%,29.4,30.1,31.3,500,382,1.31,50.93%,49.37%,-0.542564,2026-07-27
CRWV,70.79,2026-07-31,4,Call,70.00,+1.12%,3.8,3.95,4.2,677,515,1.31,109.11%,121.76%,0.561554,2026-07-27
V,362.53,2026-07-31,4,Call,365.00,-0.68%,5.25,5.5,5.8,716,548,1.31,26.96%,43.70%,0.452734,2026-07-27
KEEL,4.05,2026-09-18,53,Call,5.00,-23.46%,0.43,0.44,0.45,758,580,1.31,123.75%,121.09%,0.415121,2026-07-27
AAPL,336.91,2026-08-07,11,Put,295.00,-12.44%,0.37,0.4,0.43,833,635,1.31,29.62%,44.25%,-0.037563,2026-07-27
MRVL,189.17,2026-08-07,11,Call,230.00,-21.58%,2.09,2.16,2.31,846,644,1.31,93.81%,97.59%,0.14394,2026-07-27
SOUN,6.41,2026-07-31,4,Call,6.00,+6.40%,0.46,0.5,0.51,876,668,1.31,100.75%,84.98%,0.785851,2026-07-27
HIMS,30.24,2026-07-31,4,Put,27.50,-9.06%,0.21,0.24,0.24,945,723,1.31,106.45%,90.55%,-0.146096,2026-07-27
AAPL,336.91,2026-08-07,11,Put,285.00,-15.41%,0.21,0.21,0.23,1184,903,1.31,29.62%,48.42%,-0.020488,2026-07-27
T,24.42,2026-07-31,4,Call,24.50,-0.33%,0.25,0.29,0.29,4559,3477,1.31,26.74%,30.29%,0.464084,2026-07-27
INTC,91.67,2026-09-18,53,Call,120.00,-30.90%,3.5,3.62,3.7,14647,11182,1.31,82.93%,82.14%,0.24511,2026-07-27
WEN,7.31,2026-08-21,25,Call,7.50,-2.60%,0.4,0.43,0.45,3435,2647,1.3,62.09%,67.77%,0.471119,2026-07-27
NVDA,196.51,2026-07-31,4,Put,192.50,-2.04%,2.44,2.42,2.48,13353,10300,1.3,42.30%,51.52%,-0.339148,2026-07-27
CPB,22.37,2026-07-31,4,Call,23.00,-2.82%,0.1,0.15,0.2,515,397,1.3,36.22%,40.99%,0.26323,2026-07-27
AFRM,73.05,2026-08-21,25,Put,69.00,-5.54%,2.56,2.8,3.05,533,409,1.3,63.66%,62.25%,-0.328356,2026-07-27
SPCX,113.5,2026-08-28,32,Call,300.00,-164.32%,0.75,0.82,0.9,550,424,1.3,115.21%,166.41%,0.042764,2026-07-27
CRWV,70.79,2026-07-31,4,Call,81.00,-14.42%,0.61,0.67,0.7,711,549,1.3,109.11%,117.88%,0.152223,2026-07-27
IBM,216.28,2026-07-31,4,Call,222.50,-2.88%,1.64,1.85,1.98,771,593,1.3,41.92%,45.91%,0.286015,2026-07-27
BMNR,17.92,2026-08-07,11,Call,21.00,-17.19%,0.11,0.28,0.28,935,719,1.3,83.82%,83.16%,0.153992,2026-07-27
AVGO,383.22,2026-08-07,11,Put,360.00,-6.06%,5.75,6.13,6.5,1020,784,1.3,52.73%,58.55%,-0.250245,2026-07-27
BE,188.18,2026-07-31,4,Call,230.00,-22.22%,8.5,9.15,9.8,1090,836,1.3,170.35%,283.57%,0.299322,2026-07-27
SPCX,113.5,2026-07-31,4,Put,104.00,-8.37%,1.6,1.59,1.65,1471,1131,1.3,115.21%,110.60%,-0.20724,2026-07-27
SPCX,113.5,2026-08-07,11,Call,115.00,-1.32%,10.8,10.96,11.3,528,409,1.29,115.21%,148.68%,0.532838,2026-07-27
INTC,91.67,2026-11-20,116,Put,62.50,-31.82%,3.75,4.21,4.05,531,411,1.29,82.93%,83.14%,-0.141832,2026-07-27
NBIS,187.88,2026-08-07,11,Put,110.00,-41.45%,0.7,1.34,1.7,545,423,1.29,156.73%,196.38%,-0.040604,2026-07-27
BABA,115,2026-07-31,4,Put,114.00,-0.87%,1.82,2.14,2.08,548,426,1.29,48.84%,50.58%,-0.423883,2026-07-27
DOCU,52.91,2026-09-18,53,Call,65.00,-22.85%,1.2,1.46,1.6,635,492,1.29,53.30%,60.06%,0.223247,2026-07-27
CRWV,70.79,2026-07-31,4,Call,72.00,-1.71%,2.87,3,3.15,681,527,1.29,109.11%,119.83%,0.472399,2026-07-27
TIGR,4.91,2026-08-28,32,Call,0.50,+89.82%,4,4.4,6.45,745,576,1.29,59.72%,0.00%,0,2026-07-27
ORCL,119.9,2026-07-31,4,Call,138.00,-15.10%,0.2,0.22,0.23,878,682,1.29,68.14%,80.48%,0.052164,2026-07-27
FRMI,7.23,2026-07-31,4,Call,8.50,-17.57%,0.2,0.25,0.3,884,687,1.29,155.86%,217.43%,0.275744,2026-07-27
ECHO,86.69,2026-07-31,4,Call,95.00,-9.59%,0.15,0.4,0.65,890,691,1.29,69.55%,73.28%,0.125111,2026-07-27
MGM,46.3,2026-08-21,25,Put,40.00,-13.61%,0.35,0.45,0.6,1125,872,1.29,38.68%,54.65%,-0.13354,2026-07-27
GOOG,326.57,2026-08-07,11,Put,300.00,-8.14%,0.66,0.71,0.78,1294,1004,1.29,31.02%,35.51%,-0.077434,2026-07-27
TSLA,309.22,2026-07-29,2,Call,335.00,-8.34%,0.23,0.22,0.24,2237,1735,1.29,47.33%,61.53%,0.041729,2026-07-27
PLTR,131.53,2026-07-31,4,Put,130.00,-1.16%,2.7,2.75,2.75,4356,3368,1.29,67.26%,63.31%,-0.41499,2026-07-27
IBM,216.28,2026-07-31,4,Call,220.00,-1.72%,2.44,2.65,2.84,3343,2613,1.28,41.92%,46.54%,0.372652,2026-07-27
NBIS,187.88,2026-08-07,11,Put,90.00,-52.10%,0.3,0.45,0.48,5006,3898,1.28,156.73%,211.28%,-0.014166,2026-07-27
NOW,105.56,2026-07-31,4,Call,120.00,-13.68%,0.22,0.26,0.26,5350,4194,1.28,58.66%,78.60%,0.065241,2026-07-27
MU,900.2,2026-07-31,4,Put,800.00,-11.13%,10.8,11.12,11.45,12478,9746,1.28,94.14%,125.35%,-0.166596,2026-07-27
SPCX,113.5,2026-08-14,18,Call,144.00,-26.87%,4.9,4,5.1,503,394,1.28,115.21%,138.98%,0.270546,2026-07-27
LXEO,4.47,2026-08-21,25,Put,4.00,-10.51%,0,0.15,0.2,647,506,1.28,241.64%,62.59%,-0.219609,2026-07-27
DXC,10.36,2026-08-21,25,Call,10.00,+3.47%,0.9,1.2,1.3,706,551,1.28,80.70%,87.35%,0.60003,2026-07-27
CIFR,21.65,2026-07-31,4,Call,21.00,+3.00%,1.62,1.75,1.91,745,584,1.28,128.69%,158.72%,0.606021,2026-07-27
FISV,52.31,2026-07-31,4,Call,54.00,-3.23%,0.45,0.54,0.55,771,604,1.28,56.07%,51.66%,0.289898,2026-07-27
MU,900.2,2026-07-31,4,Put,865.00,-3.91%,27.6,28.31,28.8,778,610,1.28,94.14%,118.61%,-0.349718,2026-07-27
BIOA,20.88,2026-08-21,25,Put,22.50,+7.76%,5,6,6.5,1092,856,1.28,228.55%,220.82%,-0.435381,2026-07-27
INTC,91.67,2026-08-07,11,Put,80.00,-12.73%,1.49,1.63,1.63,1565,1220,1.28,82.93%,93.96%,-0.178362,2026-07-27
PDD,84.85,2026-07-31,4,Call,90.00,-6.07%,0.12,0.16,0.19,1568,1221,1.28,39.54%,41.42%,0.092051,2026-07-27
MDT,84.22,2026-08-21,25,Put,72.50,-13.92%,0.05,0.1,0.14,2681,2096,1.28,28.05%,31.98%,-0.033251,2026-07-27
AAL,14.95,2026-07-31,4,Call,15.50,-3.68%,0.14,0.14,0.16,2840,2214,1.28,53.04%,56.58%,0.281355,2026-07-27
COHU,47.81,2026-08-21,25,Call,60.00,-25.50%,1.7,1.93,2.2,565,444,1.27,105.05%,111.21%,0.265069,2026-07-27
ELF,84.01,2026-07-31,4,Call,85.00,-1.18%,1.85,2,2.4,610,482,1.27,86.69%,73.00%,0.456235,2026-07-27
AMD,494.95,2026-07-31,4,Put,445.00,-10.09%,3.95,3.9,4.25,632,496,1.27,81.19%,101.38%,-0.14482,2026-07-27
SNDK,1278.23,2026-08-21,25,Put,750.00,-41.33%,20.1,21.88,23.8,1289,1013,1.27,139.14%,166.02%,-0.073584,2026-07-27
TSLA,309.22,2026-08-14,18,Call,350.00,-13.19%,2.47,2.52,2.53,1402,1100,1.27,47.33%,49.97%,0.148068,2026-07-27
QBTS,19.51,2026-07-31,4,Call,23.00,-17.89%,0.11,0.12,0.13,1934,1522,1.27,107.61%,120.20%,0.107151,2026-07-27
DJT,9.56,2026-07-31,4,Call,10.00,-4.60%,0.23,0.24,0.26,2113,1663,1.27,85.08%,104.92%,0.362718,2026-07-27
SNDK,1278.23,2026-07-31,4,Put,"1,300.00",+1.70%,94.7,100.82,100.6,2333,1830,1.27,139.14%,161.04%,-0.5056,2026-07-27
QCOM,170.04,2026-09-18,53,Call,240.00,-41.14%,1.6,1.78,1.92,2739,2165,1.27,67.27%,63.86%,0.099074,2026-07-27
GOOGL,326.56,2026-07-31,4,Call,340.00,-4.12%,1.14,1.23,1.24,8009,6303,1.27,31.30%,39.12%,0.169677,2026-07-27
PATH,11.62,2026-07-31,4,Call,11.50,+1.03%,0.42,0.49,0.48,3630,2888,1.26,74.73%,79.69%,0.567864,2026-07-27
NVDA,196.51,2026-07-31,4,Put,190.00,-3.31%,1.71,1.74,1.74,22779,18139,1.26,42.30%,52.32%,-0.258468,2026-07-27
GOOGL,326.56,2026-08-07,11,Call,335.00,-2.58%,4.2,4.25,4.45,694,549,1.26,31.30%,33.67%,0.348225,2026-07-27
BMNR,17.92,2026-09-18,53,Call,25.00,-39.51%,0.6,0.63,0.64,765,605,1.26,83.82%,88.53%,0.210802,2026-07-27
AAOI,97.82,2026-07-31,4,Call,110.00,-12.45%,1.8,2,2,1020,810,1.26,141.19%,142.20%,0.238435,2026-07-27
IBM,216.28,2026-07-31,4,Put,210.00,-2.90%,1.71,1.74,1.8,1245,992,1.26,41.92%,46.83%,-0.265332,2026-07-27
BABA,115,2026-08-28,32,Put,115.00,0.00%,6.15,6.65,6.9,1258,996,1.26,48.84%,48.26%,-0.470029,2026-07-27
AVGO,383.22,2027-06-17,325,Put,260.00,-32.15%,17.25,18.05,18.3,2000,1582,1.26,52.73%,53.48%,-0.14156,2026-07-27
TSLA,309.22,2026-09-18,53,Call,315.00,-1.87%,19.75,19.75,20.1,631,506,1.25,47.33%,46.36%,0.505578,2026-07-27
NVO,49.67,2026-08-07,11,Call,60.00,-20.80%,0.1,0.11,0.14,688,552,1.25,50.93%,65.29%,0.05271,2026-07-27
CIFR,21.65,2026-07-31,4,Put,22.50,+3.93%,1.68,2.29,2.02,689,550,1.25,128.69%,150.81%,-0.564788,2026-07-27
MU,900.2,2026-07-31,4,Put,710.00,-21.13%,2.34,2.5,2.66,1011,806,1.25,94.14%,139.09%,-0.044055,2026-07-27
SANM,208.9,2026-08-21,25,Put,140.00,-32.98%,1.3,2.16,2.5,1380,1101,1.25,94.70%,111.52%,-0.063625,2026-07-27
WEN,7.31,2026-08-07,11,Call,8.00,-9.44%,0.15,0.16,0.2,1542,1237,1.25,62.09%,82.88%,0.286512,2026-07-27
MSTR,98.65,2026-07-31,4,Call,115.00,-16.57%,0.36,0.38,0.38,1724,1382,1.25,80.73%,100.87%,0.081396,2026-07-27
GOOG,326.57,2026-07-31,4,Call,337.50,-3.35%,1.57,1.63,1.68,1881,1507,1.25,31.02%,38.89%,0.217864,2026-07-27
CLSK,14.02,2026-08-28,32,Call,19.00,-35.52%,0.32,0.36,0.52,2561,2049,1.25,106.18%,102.73%,0.20175,2026-07-27
BA,211.5,2026-07-31,4,Call,230.00,-8.75%,0.7,0.74,0.74,3174,2542,1.25,39.25%,63.42%,0.109272,2026-07-27
RIVN,16.48,2026-07-31,4,Call,17.00,-3.16%,0.62,0.64,0.64,3231,2592,1.25,76.07%,123.49%,0.431465,2026-07-27
PLTR,131.53,2026-07-31,4,Call,145.00,-10.24%,0.27,0.27,0.28,5838,4674,1.25,67.26%,62.53%,0.073418,2026-07-27
SOFI,16.88,2026-07-31,4,Call,17.50,-3.67%,0.57,0.6,0.59,8812,7026,1.25,68.27%,118.75%,0.41104,2026-07-27
CCL,27.12,2026-07-31,4,Call,27.00,+0.44%,0.76,0.77,0.86,4683,3784,1.24,48.28%,66.07%,0.540092,2026-07-27
BSX,45.51,2026-12-18,144,Call,50.00,-9.87%,3.9,4.06,4.1,12890,10390,1.24,53.50%,48.00%,0.455793,2026-07-27
PLTR,131.53,2026-08-28,32,Call,150.00,-14.04%,4.05,4.05,4.25,567,456,1.24,67.26%,65.58%,0.286721,2026-07-27
RCAT,7.79,2026-07-31,4,Put,7.50,-3.72%,0.21,0.24,0.28,734,593,1.24,116.27%,117.01%,-0.354279,2026-07-27
SOFI,16.88,2026-08-14,18,Call,17.50,-3.67%,0.79,0.81,0.93,794,639,1.24,68.27%,74.36%,0.45024,2026-07-27
CRWD,180.11,2026-07-31,4,Put,175.00,-2.84%,3,3.07,3.25,838,676,1.24,62.45%,71.72%,-0.335241,2026-07-27
TSLA,309.22,2026-08-14,18,Call,330.00,-6.72%,5.95,6.1,6.1,855,691,1.24,47.33%,48.97%,0.298961,2026-07-27
BAC,62.13,2026-11-20,116,Call,67.50,-8.64%,1.47,1.45,1.58,974,783,1.24,22.56%,23.80%,0.306078,2026-07-27
SMCI,29.81,2026-07-31,4,Put,26.00,-12.78%,0.18,0.19,0.21,1621,1306,1.24,100.22%,112.06%,-0.109805,2026-07-27
SNDK,1278.23,2026-07-31,4,Put,"1,200.00",-6.12%,52.1,54.8,55.5,2461,1990,1.24,139.14%,169.53%,-0.32759,2026-07-27
NVDA,196.51,2026-08-28,32,Call,205.00,-4.32%,7.3,7.41,7.55,2694,2174,1.24,42.30%,46.21%,0.412667,2026-07-27
"Downloaded from Barchart.com as of 07-27-2026 10:59pm CDT"
