Symbol,Price~,"Exp Date",DTE,Type,Strike,Moneyness,Bid,Latest,Ask,Volume,"Open Int",Vol/OI,"Imp Vol",IV,Delta,Time
META,670.24,2026-09-16,1,Put,670.00,-0.04%,6,6.2,6.2,21733,121,179.61,38.57%,44.64%,-0.487947,2026-09-15
META,670.24,2026-09-16,1,Put,667.50,-0.41%,4.85,5.08,5.05,25841,274,94.31,38.57%,44.74%,-0.424677,2026-09-15
CRBP,6.92,2026-12-18,94,Put,7.50,+8.38%,1.25,1.65,1.65,10072,111,90.74,103.74%,81.29%,-0.489654,2026-09-15
META,670.24,2026-09-16,1,Call,690.00,-2.95%,0.89,0.9,0.92,44419,648,68.55,38.57%,45.88%,0.116211,2026-09-15
TSLA,356.58,2026-09-16,1,Call,357.50,-0.26%,3.35,3.38,3.4,42900,631,67.99,41.23%,50.99%,0.468318,2026-09-15
TSLA,356.58,2026-09-16,1,Call,352.50,+1.14%,6.15,6.2,6.25,9776,174,56.18,41.23%,51.23%,0.672313,2026-09-15
TSLA,356.58,2026-09-16,1,Put,352.50,-1.14%,1.99,1.99,2.01,46448,875,53.08,41.23%,49.95%,-0.32399,2026-09-15
NLY,21.41,2026-11-20,66,Put,21.00,-1.91%,0.75,0.75,1.03,7011,141,49.72,25.56%,25.82%,-0.45865,2026-09-15
AMZN,248.42,2026-09-16,1,Call,250.00,-0.64%,1.09,1.13,1.15,37856,767,49.36,31.16%,34.42%,0.367909,2026-09-15
META,670.24,2026-09-16,1,Call,672.50,-0.34%,5.15,5.3,5.35,18399,382,48.16,38.57%,44.86%,0.44916,2026-09-15
META,670.24,2026-09-16,1,Call,682.50,-1.83%,2.01,2.05,2.08,8677,183,47.42,38.57%,45.11%,0.225991,2026-09-15
TSLA,356.58,2026-09-16,1,Put,357.50,+0.26%,4.1,4.15,4.25,66710,1549,43.07,41.23%,49.82%,-0.532973,2026-09-15
META,670.24,2026-09-16,1,Call,687.50,-2.58%,1.2,1.2,1.22,9975,233,42.81,38.57%,45.73%,0.147671,2026-09-15
AMZN,248.42,2026-09-16,1,Call,230.00,+7.41%,17.9,18.31,18.8,7756,190,40.82,31.16%,54.48%,0.996725,2026-09-15
SKHY,174.83,2026-09-18,3,Call,192.50,-10.11%,0.39,0.42,0.53,4255,106,40.14,60.24%,75.58%,0.085875,2026-09-15
AVGO,339.27,2026-09-16,1,Call,340.00,-0.22%,2.54,2.54,2.73,5002,125,40.02,35.46%,41.93%,0.466759,2026-09-15
META,670.24,2026-09-16,1,Put,665.00,-0.78%,3.9,3.96,3.95,24610,621,39.63,38.57%,44.60%,-0.362678,2026-09-15
AMD,504.2,2026-09-16,1,Call,507.50,-0.65%,5.2,5.23,5.35,8984,230,39.06,50.41%,64.16%,0.430721,2026-09-15
AMZN,248.42,2026-10-30,45,Put,220.00,-11.44%,2.68,3.5,3.65,3943,103,38.28,31.16%,39.30%,-0.163812,2026-09-15
META,670.24,2026-09-16,1,Call,692.50,-3.32%,0.67,0.68,0.7,9539,264,36.13,38.57%,46.33%,0.091489,2026-09-15
AMD,504.2,2026-09-16,1,Call,502.50,+0.34%,7.55,7.64,7.8,4405,122,36.11,50.41%,64.36%,0.547784,2026-09-15
MU,927.6,2026-09-16,1,Put,935.00,+0.80%,14.8,14.95,17.85,8205,231,35.52,58.70%,63.36%,-0.587361,2026-09-15
WRBY,24.34,2026-09-18,3,Call,26.00,-6.82%,0.05,0.25,0.3,3827,109,35.11,65.75%,78.95%,0.18892,2026-09-15
AMD,504.2,2026-09-16,1,Call,505.00,-0.16%,6.3,6.41,6.5,12782,376,33.99,50.41%,64.24%,0.489076,2026-09-15
TSLA,356.58,2026-09-16,1,Put,355.00,-0.44%,2.93,2.94,2.97,90081,2718,33.14,41.23%,49.81%,-0.425985,2026-09-15
TSLA,356.58,2026-09-16,1,Call,362.50,-1.66%,1.58,1.6,1.6,66300,2041,32.48,41.23%,51.09%,0.274674,2026-09-15
MU,927.6,2026-09-16,1,Put,920.00,-0.82%,7.55,7.8,7.9,10957,345,31.76,58.70%,57.79%,-0.385946,2026-09-15
META,670.24,2026-09-16,1,Call,675.00,-0.71%,4.25,4.25,4.3,28346,898,31.57,38.57%,45.21%,0.388429,2026-09-15
META,670.24,2026-09-16,1,Call,680.00,-1.46%,2.6,2.6,2.67,43027,1371,31.38,38.57%,44.97%,0.274692,2026-09-15
TSLA,356.58,2026-09-16,1,Call,355.00,+0.44%,4.6,4.59,4.7,25758,821,31.37,41.23%,50.99%,0.572795,2026-09-15
SPCX,143.49,2026-09-18,3,Call,147.00,-2.45%,1.81,1.8,1.84,11788,381,30.94,50.79%,62.27%,0.346552,2026-09-15
MSFT,497.12,2026-09-16,1,Put,497.50,+0.08%,3.1,3.65,3.55,5625,183,30.74,25.29%,30.33%,-0.51442,2026-09-15
AMD,504.2,2026-09-16,1,Put,505.00,+0.16%,6.95,7.1,7.25,7165,234,30.62,50.41%,63.74%,-0.511339,2026-09-15
META,670.24,2026-09-16,1,Call,685.00,-2.20%,1.55,1.52,1.6,16345,534,30.61,38.57%,45.35%,0.183527,2026-09-15
TSLA,356.58,2026-09-16,1,Call,367.50,-3.06%,0.65,0.65,0.66,37208,1220,30.5,41.23%,51.63%,0.135879,2026-09-15
ICE,156.9,2026-09-18,3,Call,140.00,+10.77%,15.5,16.71,18.1,16800,553,30.38,25.48%,45.51%,0.99723,2026-09-15
ASST,27.57,2026-12-18,94,Put,20.00,-27.46%,1.5,1.55,1.68,3028,100,30.28,79.73%,93.99%,-0.176364,2026-09-15
MU,927.6,2026-09-16,1,Call,930.00,-0.26%,9.5,9.72,9.9,21390,717,29.83,58.70%,55.77%,0.471862,2026-09-15
AMZN,248.42,2026-09-16,1,Call,242.50,+2.38%,5.9,6.25,7.35,5186,174,29.8,31.16%,51.92%,0.817212,2026-09-15
TENB,38.09,2026-10-16,31,Put,30.00,-21.24%,0.2,0.25,0.35,4604,156,29.51,70.46%,63.20%,-0.080134,2026-09-15
ITUB,8.26,2026-12-18,94,Call,9.00,-8.96%,0.35,0.37,0.45,3863,132,29.27,44.62%,39.07%,0.387453,2026-09-15
META,670.24,2026-09-16,1,Put,662.50,-1.15%,3.05,3.15,3.1,9251,319,29,38.57%,44.63%,-0.304192,2026-09-15
CORZ,16.04,2028-01-21,493,Put,13.00,-18.95%,3,3.12,3.5,7501,261,28.74,71.59%,76.28%,-0.235394,2026-09-15
INFQ,12.67,2026-10-09,24,Call,16.00,-26.28%,0.2,0.3,0.4,4032,141,28.6,86.74%,93.16%,0.198345,2026-09-15
EPD,38.81,2026-10-16,31,Put,37.00,-4.66%,0.19,0.2,0.22,4214,150,28.09,16.24%,17.98%,-0.180886,2026-09-15
MU,927.6,2026-09-16,1,Call,935.00,-0.80%,5,7.58,7.8,13909,504,27.6,58.70%,49.45%,0.385786,2026-09-15
ICE,156.9,2026-09-18,3,Call,135.00,+13.96%,20.2,21.5,23.1,5040,183,27.54,25.48%,59.97%,0.997298,2026-09-15
AMD,504.2,2026-09-16,1,Call,512.50,-1.65%,3.35,3.35,3.5,7068,262,26.98,50.41%,63.73%,0.319229,2026-09-15
AMZN,248.42,2026-09-16,1,Call,252.50,-1.64%,0.44,0.45,0.47,29798,1111,26.82,31.16%,34.44%,0.186948,2026-09-15
AMD,504.2,2026-09-16,1,Put,510.00,+1.15%,9.85,10,10.15,3175,120,26.46,50.41%,63.60%,-0.627303,2026-09-15
MU,927.6,2026-09-16,1,Put,925.00,-0.28%,9.5,9.74,10.85,12155,462,26.31,58.70%,59.28%,-0.456759,2026-09-15
AMZN,248.42,2026-09-16,1,Put,262.50,+5.67%,13.75,15.12,14.4,7892,302,26.13,31.16%,101.71%,-0.843353,2026-09-15
TSLA,356.58,2026-09-16,1,Put,350.00,-1.85%,1.29,1.28,1.31,65883,2555,25.79,41.23%,50.22%,-0.234185,2026-09-15
META,670.24,2026-09-16,1,Call,670.00,+0.04%,6.35,6.39,6.5,31773,1260,25.22,38.57%,44.84%,0.512309,2026-09-15
CRCL,86.3,2026-09-18,3,Put,83.00,-3.82%,1.43,1.51,1.61,6866,273,25.15,78.41%,94.18%,-0.307677,2026-09-15
META,670.24,2026-09-16,1,Put,657.50,-1.90%,1.79,1.81,1.85,4429,181,24.47,38.57%,45.01%,-0.203264,2026-09-15
META,670.24,2026-09-16,1,Call,667.50,+0.41%,7.7,7.65,7.9,15808,654,24.17,38.57%,45.12%,0.575007,2026-09-15
FSK,12,2026-10-16,31,Call,10.00,+16.67%,1.65,1.98,2.4,5060,212,23.87,26.14%,48.66%,0.927057,2026-09-15
AMZN,248.42,2026-09-16,1,Call,245.00,+1.38%,3.85,3.9,4.1,5315,226,23.52,31.16%,33.69%,0.788325,2026-09-15
CVE,33.92,2027-03-19,185,Call,40.00,-17.92%,1.6,1.83,2,3002,128,23.45,36.68%,38.79%,0.33411,2026-09-15
AVGO,339.27,2026-09-16,1,Put,337.50,-0.52%,2.05,2.14,2.21,4696,202,23.25,35.46%,41.62%,-0.399689,2026-09-15
AVGO,339.27,2026-09-16,1,Call,347.50,-2.43%,0.52,0.52,0.57,4892,214,22.86,35.46%,42.33%,0.142941,2026-09-15
FSK,12,2026-09-18,3,Call,10.00,+16.67%,1.8,2,2.1,2538,113,22.46,26.14%,0.00%,1,2026-09-15
TSLA,356.58,2026-09-16,1,Put,360.00,+0.96%,5.55,5.61,5.7,60359,2696,22.39,41.23%,49.26%,-0.638547,2026-09-15
AMZN,248.42,2026-09-16,1,Put,267.50,+7.68%,18.75,19.35,19.4,3645,163,22.36,31.16%,89.07%,-0.941374,2026-09-15
AMZN,248.42,2026-09-16,1,Put,247.50,-0.37%,1.35,1.39,1.44,22400,1021,21.94,31.16%,35.30%,-0.415027,2026-09-15
META,670.24,2026-09-16,1,Put,655.00,-2.27%,1.34,1.41,1.36,6656,308,21.61,38.57%,45.00%,-0.160609,2026-09-15
BABA,109.34,2026-09-25,10,Put,118.00,+7.92%,9,9.02,9.7,2548,118,21.59,42.33%,45.49%,-0.834721,2026-09-15
TSLA,356.58,2026-09-16,1,Put,347.50,-2.55%,0.81,0.81,0.83,23557,1097,21.47,41.23%,50.80%,-0.161868,2026-09-15
AMD,504.2,2026-09-16,1,Put,507.50,+0.65%,8.3,8.55,8.6,2441,114,21.41,50.41%,63.40%,-0.570508,2026-09-15
META,670.24,2026-09-16,1,Call,695.00,-3.69%,0.51,0.51,0.53,15780,743,21.24,38.57%,46.88%,0.071809,2026-09-15
TSLA,356.58,2026-09-16,1,Call,360.00,-0.96%,2.35,2.36,2.38,91775,4404,20.84,41.23%,51.08%,0.366929,2026-09-15
AMZN,248.42,2026-09-16,1,Put,270.00,+8.69%,21.25,21.85,21.9,4235,205,20.66,31.16%,97.73%,-0.945791,2026-09-15
INTC,97.14,2026-09-16,1,Put,98.00,+0.89%,1.88,1.96,1.92,20242,1001,20.22,59.66%,70.37%,-0.586716,2026-09-15
CTNM,13.82,2027-01-15,122,Call,30.00,-117.08%,1,1.38,2.65,2000,100,20,127.56%,153.28%,0.338285,2026-09-15
TSLA,356.58,2026-09-16,1,Call,365.00,-2.36%,1.03,1.04,1.04,76892,3846,19.99,41.23%,51.28%,0.196982,2026-09-15
AMZN,248.42,2026-09-16,1,Put,265.00,+6.67%,16.25,16.83,16.9,5175,261,19.83,31.16%,78.90%,-0.938987,2026-09-15
LVS,41.27,2026-10-16,31,Put,37.50,-9.13%,0.26,0.3,0.5,2871,145,19.8,34.37%,35.37%,-0.161423,2026-09-15
MU,927.6,2026-09-16,1,Call,925.00,+0.28%,12,12.3,12.5,13084,665,19.68,58.70%,56.11%,0.54522,2026-09-15
QXO,11.44,2027-02-19,157,Call,20.00,-74.83%,0.3,0.35,0.35,2003,102,19.64,63.99%,66.18%,0.151064,2026-09-15
MU,927.6,2026-09-16,1,Call,955.00,-2.95%,2.48,2.57,2.6,4096,210,19.5,58.70%,57.61%,0.171781,2026-09-15
TSLA,356.58,2026-09-16,1,Call,350.00,+1.85%,7.95,7.93,8.1,7663,394,19.45,41.23%,52.14%,0.75798,2026-09-15
MU,927.6,2026-09-16,1,Call,920.00,+0.82%,13.95,15.38,15.5,7110,366,19.43,58.70%,54.09%,0.621053,2026-09-15
IREN,41.58,2026-09-25,10,Put,40.50,-2.60%,1.65,1.85,1.78,4576,241,18.99,81.54%,82.34%,-0.394614,2026-09-15
MSFT,497.12,2026-09-16,1,Call,502.50,-1.08%,1.04,1.1,1.15,11165,590,18.92,25.29%,29.22%,0.244794,2026-09-15
BTDR,10.91,2026-10-16,31,Put,11.00,+0.82%,1.1,1.15,1.25,8809,477,18.47,91.98%,90.27%,-0.456476,2026-09-15
PFE,27.55,2027-09-17,367,Call,37.00,-34.30%,0.43,0.49,0.6,4441,244,18.2,22.87%,27.18%,0.148255,2026-09-15
AMD,504.2,2026-09-16,1,Put,500.00,-0.83%,4.75,4.87,4.9,7980,442,18.05,50.41%,64.25%,-0.394308,2026-09-15
CRCL,86.3,2028-12-15,822,Put,90.00,+4.29%,34,37,38.75,2501,139,17.99,78.41%,78.18%,-0.28207,2026-09-15
MU,927.6,2026-09-16,1,Call,945.00,-1.88%,4.3,4.45,4.6,9460,529,17.88,58.70%,56.30%,0.270049,2026-09-15
NVDA,212.17,2026-09-16,1,Call,215.00,-1.33%,0.7,0.7,0.71,211873,12115,17.49,33.58%,39.60%,0.266056,2026-09-15
BE,259.35,2026-09-18,3,Put,247.50,-4.57%,3.8,3.9,4.05,5726,329,17.4,79.79%,93.91%,-0.275911,2026-09-15
AVGO,339.27,2026-09-16,1,Call,345.00,-1.69%,0.94,0.99,0.99,10096,584,17.29,35.46%,41.86%,0.226648,2026-09-15
ONDS,7.24,2029-01-19,857,Call,10.00,-38.12%,3.1,3.35,3.35,2283,133,17.17,71.03%,88.34%,0.695409,2026-09-15
MSFT,497.12,2026-09-16,1,Call,497.50,-0.08%,2.73,2.77,2.9,2920,171,17.08,25.29%,28.72%,0.48482,2026-09-15
LEN,80.07,2026-09-25,10,Put,78.00,-2.59%,2.05,2.15,2.3,2188,129,16.96,44.94%,59.65%,-0.375257,2026-09-15
TSLA,356.58,2026-09-16,1,Put,362.50,+1.66%,7.3,7.52,7.45,20742,1236,16.78,41.23%,49.42%,-0.732782,2026-09-15
GLXY,22.29,2026-09-18,3,Call,23.00,-3.19%,0.07,0.5,0.72,1878,112,16.77,81.74%,84.33%,0.356415,2026-09-15
ORCL,140.35,2026-09-18,3,Call,141.00,-0.46%,2.66,2.69,2.73,3401,203,16.75,49.81%,58.92%,0.477458,2026-09-15
AMZN,248.42,2026-09-16,1,Call,232.50,+6.41%,15.65,15.89,16.3,7483,450,16.63,31.16%,56.77%,0.987675,2026-09-15
VZ,51.45,2026-10-09,24,Call,50.00,+2.82%,1.94,2.1,2.14,1720,104,16.54,22.41%,23.45%,0.688055,2026-09-15
ORLY,85.16,2026-10-16,31,Put,85.00,-0.19%,1.75,2.65,2.75,3919,238,16.47,26.94%,24.71%,-0.462248,2026-09-15
AMZN,248.42,2026-09-16,1,Call,247.50,+0.37%,2.25,2.25,2.35,17049,1042,16.36,31.16%,34.54%,0.58699,2026-09-15
ASTS,58.77,2026-10-30,45,Put,50.00,-14.92%,1.59,2.2,2.3,1993,122,16.34,72.45%,69.50%,-0.21166,2026-09-15
HUT,87.09,2026-09-25,10,Put,84.00,-3.55%,3.9,4.24,4.55,1774,109,16.28,93.10%,100.50%,-0.380044,2026-09-15
TMC,3.75,2026-10-23,38,Call,4.00,-6.67%,0.28,0.36,0.38,1614,101,15.98,78.28%,88.18%,0.471676,2026-09-15
MU,927.6,2026-09-16,1,Call,940.00,-1.34%,5.8,5.87,6,17014,1071,15.89,58.70%,56.28%,0.332589,2026-09-15
AMD,504.2,2026-09-16,1,Call,520.00,-3.13%,1.6,1.6,1.69,13660,863,15.83,50.41%,63.70%,0.182498,2026-09-15
NBIS,207.37,2026-10-09,24,Call,240.00,-15.74%,6.8,6.8,6.85,1647,106,15.54,80.42%,81.80%,0.280791,2026-09-15
TSLA,356.58,2026-09-16,1,Call,372.50,-4.46%,0.26,0.26,0.27,20836,1345,15.49,41.23%,53.59%,0.061838,2026-09-15
META,670.24,2026-09-18,3,Call,682.50,-1.83%,5.75,5.75,5.95,6689,437,15.31,38.57%,44.30%,0.335569,2026-09-15
AMD,504.2,2026-09-16,1,Call,515.00,-2.14%,2.69,2.74,2.75,17551,1174,14.95,50.41%,63.75%,0.269069,2026-09-15
ASTS,58.77,2026-10-16,31,Call,40.00,+31.94%,18.6,19.21,19.55,2210,148,14.93,72.45%,76.57%,0.96783,2026-09-15
KGC,28.04,2027-01-15,122,Put,29.00,+3.42%,3.45,3.48,3.85,1500,101,14.85,52.07%,50.52%,-0.477452,2026-09-15
WYNN,86.71,2026-10-16,31,Put,70.00,-19.27%,0.04,0.14,0.31,1502,102,14.73,34.69%,43.35%,-0.038042,2026-09-15
TSLA,356.58,2026-09-23,8,Put,330.00,-7.45%,1.23,1.27,1.27,1565,107,14.63,41.23%,43.98%,-0.108707,2026-09-15
TSLA,356.58,2026-09-21,6,Put,347.50,-2.55%,3.35,3.35,3.45,2473,169,14.63,41.23%,39.40%,-0.292466,2026-09-15
AMZN,248.42,2026-09-18,3,Call,247.50,+0.37%,3.55,3.65,3.75,4640,318,14.59,31.16%,34.89%,0.556688,2026-09-15
AMZN,248.42,2026-09-16,1,Put,257.50,+3.66%,8.8,10.21,9.45,5475,378,14.48,31.16%,36.85%,-0.96932,2026-09-15
INTC,97.14,2026-09-16,1,Call,99.00,-1.91%,0.69,0.7,0.72,16499,1170,14.1,59.66%,70.63%,0.311237,2026-09-15
MU,927.6,2026-09-16,1,Call,950.00,-2.41%,3.25,3.4,3.4,19490,1392,14,58.70%,56.56%,0.215366,2026-09-15
INTC,97.14,2026-09-23,8,Call,110.00,-13.24%,0.39,0.37,0.46,1550,111,13.96,59.66%,63.39%,0.101904,2026-09-15
BILL,49.96,2026-11-20,66,Put,45.00,-9.93%,2.25,3.35,3.1,2000,144,13.89,56.69%,60.58%,-0.28898,2026-09-15
META,670.24,2026-09-16,1,Call,677.50,-1.08%,3.35,3.3,3.45,10544,761,13.86,38.57%,45.22%,0.330106,2026-09-15
META,670.24,2026-09-16,1,Put,650.00,-3.02%,0.75,0.76,0.77,10837,782,13.86,38.57%,46.01%,-0.098705,2026-09-15
CAVA,49.99,2026-12-18,94,Call,55.00,-10.02%,4.5,4.5,4.85,2242,163,13.75,55.48%,63.42%,0.458152,2026-09-15
NIO,3.6,2026-09-18,3,Call,1.00,+72.22%,2.47,2.56,2.66,1896,138,13.74,52.19%,704.08%,0.989998,2026-09-15
MU,927.6,2026-09-16,1,Put,890.00,-4.05%,1.41,1.45,1.52,5519,404,13.66,58.70%,62.69%,-0.100212,2026-09-15
AVGO,339.27,2026-09-16,1,Call,352.50,-3.90%,0.16,0.17,0.2,2353,173,13.6,35.46%,44.98%,0.053741,2026-09-15
AAPL,331.34,2026-09-16,1,Put,327.50,-1.16%,0.67,0.69,0.7,37431,2753,13.6,24.56%,30.07%,-0.22553,2026-09-15
BMNR,23.6,2027-06-17,275,Call,27.00,-14.41%,5.6,6,6.2,2007,148,13.56,80.69%,84.79%,0.58795,2026-09-15
MSFT,497.12,2026-09-16,1,Call,500.00,-0.58%,1.76,1.8,1.8,17542,1298,13.51,25.29%,28.70%,0.355026,2026-09-15
BRBR,9.15,2026-10-16,31,Put,10.00,+9.29%,1.1,1.27,1.4,2003,149,13.44,68.57%,69.31%,-0.629225,2026-09-15
MSTR,129.6,2027-12-17,458,Call,160.00,-23.46%,37.5,40.26,39.05,2030,151,13.44,71.43%,80.13%,0.606703,2026-09-15
TSLA,356.58,2026-09-23,8,Put,340.00,-4.65%,2.6,2.9,2.67,1440,108,13.33,41.23%,41.53%,-0.207045,2026-09-15
ARM,241.83,2026-09-18,3,Put,222.50,-7.99%,0.91,1.09,1.11,2581,194,13.3,63.77%,79.32%,-0.115394,2026-09-15
META,670.24,2026-09-18,3,Call,667.50,+0.41%,12.2,12.5,12.5,3405,257,13.25,38.57%,44.77%,0.550898,2026-09-15
INTC,97.14,2026-09-16,1,Call,97.00,+0.14%,1.48,1.49,1.52,8704,664,13.11,59.66%,70.30%,0.523884,2026-09-15
OXY,63.52,2026-09-25,10,Call,65.00,-2.33%,0.85,0.86,0.88,7023,536,13.1,34.16%,34.81%,0.358733,2026-09-15
MOS,25.46,2026-10-02,17,Call,27.00,-6.05%,0.3,0.4,0.55,2016,154,13.09,47.00%,44.95%,0.288707,2026-09-15
UAL,106.92,2026-10-16,31,Call,135.00,-26.26%,0.37,0.51,0.57,31798,2474,12.85,53.27%,52.19%,0.069312,2026-09-15
META,670.24,2026-09-16,1,Call,697.50,-4.07%,0.39,0.37,0.4,5444,425,12.81,38.57%,47.49%,0.056168,2026-09-15
MSFT,497.12,2026-09-16,1,Call,507.50,-2.09%,0.33,0.36,0.39,9521,745,12.78,25.29%,30.21%,0.097788,2026-09-15
AMD,504.2,2026-09-16,1,Call,510.00,-1.15%,4.2,4.25,4.35,15071,1190,12.66,50.41%,63.89%,0.373584,2026-09-15
TSLA,356.58,2026-09-16,1,Put,342.50,-3.95%,0.33,0.34,0.35,7746,623,12.43,41.23%,54.00%,-0.074537,2026-09-15
SLI,2.05,2026-11-20,66,Put,2.50,+21.95%,0.5,0.58,0.65,4000,322,12.42,110.35%,80.87%,-0.654623,2026-09-15
MU,927.6,2026-09-16,1,Call,980.00,-5.65%,0.59,0.61,0.66,8026,649,12.37,58.70%,62.93%,0.04959,2026-09-15
NNE,15.78,2027-01-15,122,Put,14.00,-11.28%,1.8,2,2,1750,142,12.32,78.97%,81.68%,-0.304796,2026-09-15
BE,259.35,2026-09-18,3,Call,292.50,-12.78%,0.89,0.96,0.95,6230,506,12.31,79.79%,95.98%,0.090864,2026-09-15
MRK,143.79,2026-12-18,94,Call,170.00,-18.23%,1.8,2,2.2,10017,815,12.29,27.90%,31.65%,0.173044,2026-09-15
AAPL,331.34,2026-09-16,1,Call,332.50,-0.35%,1.42,1.45,1.47,54571,4470,12.21,24.56%,28.26%,0.411838,2026-09-15
META,670.24,2026-09-16,1,Put,647.50,-3.39%,0.55,0.57,0.57,4026,332,12.13,38.57%,46.49%,-0.075758,2026-09-15
MU,927.6,2026-09-16,1,Put,915.00,-1.36%,5.85,6.05,6.85,4299,356,12.08,58.70%,60.33%,-0.325762,2026-09-15
MU,927.6,2026-09-18,3,Call,935.00,-0.80%,15.3,15.6,15.8,3102,258,12.02,58.70%,56.13%,0.450267,2026-09-15
AMD,504.2,2026-09-16,1,Put,490.00,-2.82%,1.92,1.98,2.01,5744,487,11.79,50.41%,66.09%,-0.198835,2026-09-15
NKE,36.22,2026-09-18,3,Put,36.50,+0.77%,0.61,0.63,0.66,3463,295,11.74,46.76%,36.57%,-0.585959,2026-09-15
AMZN,248.42,2026-09-21,6,Call,257.50,-3.66%,0.81,0.86,0.92,2207,190,11.62,31.16%,29.04%,0.176297,2026-09-15
INTC,97.14,2026-09-16,1,Put,99.00,+1.91%,2.54,2.61,2.58,12141,1059,11.46,59.66%,70.77%,-0.688608,2026-09-15
TSLA,356.58,2026-09-16,1,Call,370.00,-3.76%,0.41,0.41,0.42,59871,5226,11.46,41.23%,52.45%,0.092029,2026-09-15
COIN,172.11,2026-09-18,3,Call,172.50,-0.23%,4.6,4.75,4.85,1713,150,11.42,65.29%,78.54%,0.50319,2026-09-15
TSLA,356.58,2026-09-16,1,Call,347.50,+2.55%,9.8,10,10.1,1299,114,11.39,41.23%,51.15%,0.836621,2026-09-15
WULF,14.49,2026-09-25,10,Put,14.00,-3.38%,0.54,0.57,0.58,4874,432,11.28,83.93%,79.69%,-0.385737,2026-09-15
SPCX,143.49,2026-09-18,3,Call,148.00,-3.14%,1.51,1.52,1.54,11853,1053,11.26,50.79%,62.37%,0.303687,2026-09-15
NVDA,212.17,2026-09-16,1,Put,212.50,+0.16%,1.99,2,2.01,48771,4341,11.23,33.58%,41.48%,-0.522935,2026-09-15
TSM,413.75,2026-09-18,3,Call,200.00,+51.66%,213,214.27,215.35,1341,120,11.18,33.14%,356.47%,0.991996,2026-09-15
SPCX,143.49,2026-09-18,3,Call,144.00,-0.36%,3,3.03,3.05,12751,1145,11.14,50.79%,62.59%,0.488472,2026-09-15
NVDA,212.17,2026-10-02,17,Call,232.50,-9.58%,0.79,0.78,0.81,1867,168,11.11,33.58%,33.28%,0.111639,2026-09-15
DELL,543.51,2026-09-18,3,Call,562.50,-3.49%,6.4,6.25,6.5,1242,114,10.89,61.08%,69.45%,0.305051,2026-09-15
WULF,14.49,2026-09-25,10,Put,15.00,+3.52%,1.04,1.1,1.13,5953,548,10.86,83.93%,77.65%,-0.594399,2026-09-15
AVGO,339.27,2026-09-16,1,Call,350.00,-3.16%,0.3,0.31,0.33,7989,741,10.78,35.46%,43.63%,0.088724,2026-09-15
INTC,97.14,2026-09-16,1,Put,97.00,-0.14%,1.33,1.34,1.37,15259,1428,10.69,59.66%,70.19%,-0.476248,2026-09-15
AMZN,248.42,2026-09-16,1,Put,250.00,+0.64%,2.63,2.71,2.76,19298,1807,10.68,31.16%,34.78%,-0.631254,2026-09-15
WULF,14.49,2026-11-20,66,Put,12.00,-17.18%,0.94,0.94,0.97,4719,442,10.68,83.93%,80.99%,-0.258856,2026-09-15
KMI,30.77,2026-10-23,38,Call,35.00,-13.75%,0.02,0.1,0.16,1072,101,10.61,25.47%,27.18%,0.07668,2026-09-15
MSFT,497.12,2026-09-21,6,Call,500.00,-0.58%,4.55,4.8,4.95,1700,161,10.56,25.29%,23.45%,0.435896,2026-09-15
AMZN,248.42,2026-09-21,6,Call,250.00,-0.64%,2.9,2.95,3.15,1909,181,10.55,31.16%,29.01%,0.445973,2026-09-15
CAVA,49.99,2026-12-18,94,Put,40.00,-19.98%,1.99,2.07,2.14,10150,966,10.51,55.48%,64.90%,-0.192815,2026-09-15
SPCX,143.49,2026-09-18,3,Put,137.00,-4.52%,1.01,1.04,1.04,27253,2593,10.51,50.79%,65.40%,-0.207561,2026-09-15
AMD,504.2,2026-09-16,1,Call,522.50,-3.63%,1.2,1.26,1.25,3120,299,10.43,50.41%,63.21%,0.144998,2026-09-15
PCG,13.15,2026-11-20,66,Put,13.00,-1.14%,0.96,1.04,1.23,4713,454,10.38,45.35%,53.97%,-0.428473,2026-09-15
MU,927.6,2026-09-16,1,Call,965.00,-4.03%,1.41,1.44,1.45,4583,445,10.3,58.70%,59.37%,0.10504,2026-09-15
AMZN,248.42,2026-09-18,3,Call,237.50,+4.40%,11.2,10.93,11.75,1410,137,10.29,31.16%,40.89%,0.892373,2026-09-15
KHC,24.73,2026-09-25,10,Call,24.50,+0.93%,0.55,0.7,0.81,1050,103,10.19,32.02%,34.89%,0.571188,2026-09-15
AMD,504.2,2026-09-16,1,Call,525.00,-4.13%,0.91,0.93,0.96,5732,567,10.11,50.41%,63.53%,0.115808,2026-09-15
GOOGL,344.98,2026-09-16,1,Put,350.00,+1.46%,5.45,5.7,5.8,4466,442,10.1,29.70%,32.01%,-0.802806,2026-09-15
TE,4.3,2026-10-23,38,Call,4.00,+6.98%,0.65,0.8,0.85,1009,100,10.09,106.40%,109.14%,0.652633,2026-09-15
INTC,97.14,2026-10-23,38,Call,105.00,-8.09%,5.3,5.4,5.45,5257,522,10.07,59.66%,66.51%,0.405029,2026-09-15
TSLA,356.58,2026-09-16,1,Put,345.00,-3.25%,0.52,0.52,0.53,19477,1938,10.05,41.23%,52.20%,-0.110226,2026-09-15
INTC,97.14,2026-09-16,1,Call,101.00,-3.97%,0.28,0.3,0.31,11576,1156,10.01,59.66%,72.19%,0.156207,2026-09-15
ALLY,41.58,2026-10-16,31,Put,40.00,-3.80%,0.6,0.87,1.15,1656,168,9.86,30.30%,32.70%,-0.321833,2026-09-15
OXY,63.52,2027-01-15,122,Call,67.50,-6.27%,3.4,3.5,3.6,11104,1129,9.84,34.16%,33.75%,0.427875,2026-09-15
META,670.24,2026-09-16,1,Put,660.00,-1.53%,2.36,2.4,2.43,13871,1414,9.81,38.57%,44.91%,-0.25136,2026-09-15
VRSN,297.26,2026-10-16,31,Call,310.00,-4.29%,4.9,5.65,6.2,1635,167,9.79,29.27%,29.79%,0.338977,2026-09-15
CRWD,242.49,2026-09-18,3,Put,240.00,-1.03%,4.55,4.58,4.85,3562,366,9.73,56.71%,67.52%,-0.419433,2026-09-15
DELL,543.51,2026-09-18,3,Put,555.00,+2.11%,19.9,19.95,20.25,2208,228,9.68,61.08%,68.72%,-0.618527,2026-09-15
ONON,26.76,2026-09-18,3,Call,27.00,-0.90%,0.36,0.37,0.38,5907,610,9.68,45.04%,49.08%,0.431821,2026-09-15
CRWD,242.49,2026-09-18,3,Put,245.00,+1.04%,7.1,7.55,7.6,1458,151,9.66,56.71%,68.63%,-0.55199,2026-09-15
DELL,543.51,2026-09-18,3,Call,557.50,-2.57%,7.9,8,8.15,1477,154,9.59,61.08%,69.65%,0.356843,2026-09-15
MSFT,497.12,2026-09-25,10,Call,532.50,-7.12%,0.41,0.52,0.59,1539,161,9.56,25.29%,25.58%,0.056583,2026-09-15
NVDA,212.17,2026-10-09,24,Call,205.00,+3.38%,11.8,11.99,12,1644,172,9.56,33.58%,35.21%,0.673062,2026-09-15
MU,927.6,2026-09-16,1,Put,895.00,-3.51%,1.92,2.01,2.03,2667,279,9.56,58.70%,61.68%,-0.129833,2026-09-15
AAPL,331.34,2026-10-30,45,Call,355.00,-7.14%,4.3,4.5,5.3,1202,126,9.54,24.56%,27.10%,0.263103,2026-09-15
CRWD,242.49,2026-10-09,24,Call,300.00,-23.72%,1.4,1.67,1.95,1036,109,9.5,56.71%,60.43%,0.100174,2026-09-15
CMG,34.83,2026-09-25,10,Call,35.00,-0.49%,0.71,0.89,0.92,1992,210,9.49,38.29%,38.24%,0.4882,2026-09-15
AAPL,331.34,2026-09-16,1,Put,325.00,-1.91%,0.32,0.32,0.33,37317,3935,9.48,24.56%,31.70%,-0.119418,2026-09-15
DOW,29.85,2026-09-25,10,Put,28.00,-6.20%,0.16,0.26,0.33,1589,168,9.46,41.07%,45.82%,-0.18967,2026-09-15
META,670.24,2026-09-16,1,Put,642.50,-4.14%,0.32,0.35,0.33,2814,299,9.41,38.57%,48.38%,-0.045977,2026-09-15
AMD,504.2,2026-09-16,1,Call,517.50,-2.64%,2.09,2.12,2.17,3975,423,9.4,50.41%,63.73%,0.223326,2026-09-15
CRWD,242.49,2026-09-18,3,Put,242.50,0.00%,5.75,6.1,6.15,939,101,9.3,56.71%,68.17%,-0.486376,2026-09-15
MU,927.6,2026-09-16,1,Put,930.00,+0.26%,11.95,12.3,12.65,11837,1273,9.3,58.70%,57.25%,-0.527364,2026-09-15
DELL,543.51,2026-09-18,3,Call,552.50,-1.65%,9.6,9.85,9.85,1573,170,9.25,61.08%,69.13%,0.410458,2026-09-15
SNDK,1530.9,2026-09-18,3,Call,"1,565.00",-2.23%,25.7,27.41,27.3,1206,131,9.21,68.18%,73.53%,0.384851,2026-09-15
INTC,97.14,2026-09-16,1,Call,100.00,-2.94%,0.45,0.45,0.48,36310,3974,9.14,59.66%,71.52%,0.22534,2026-09-15
META,670.24,2026-09-18,3,Put,667.50,-0.41%,9.1,9.1,9.3,2635,289,9.12,38.57%,43.78%,-0.448775,2026-09-15
TSLA,356.58,2026-09-16,1,Put,367.50,+3.06%,11.3,11.44,11.65,2393,265,9.03,41.23%,49.86%,-0.87339,2026-09-15
TSLA,356.58,2026-09-16,1,Call,377.50,-5.87%,0.12,0.12,0.13,12922,1431,9.03,41.23%,57.49%,0.030328,2026-09-15
META,670.24,2026-09-16,1,Put,652.50,-2.65%,1,1.04,1.04,3503,389,9.01,38.57%,45.52%,-0.126873,2026-09-15
TSCO,33.03,2027-03-19,185,Call,50.00,-51.38%,0.3,0.39,0.65,1024,114,8.98,39.62%,42.19%,0.111281,2026-09-15
MU,927.6,2026-09-16,1,Put,905.00,-2.44%,3.4,3.4,3.6,2749,306,8.98,58.70%,59.78%,-0.209887,2026-09-15
MSFT,497.12,2026-09-16,1,Put,500.00,+0.58%,4.55,5.05,5.1,9412,1053,8.94,25.29%,30.77%,-0.635725,2026-09-15
SPCX,143.49,2026-09-18,3,Put,136.00,-5.22%,0.83,0.85,0.85,22590,2532,8.92,50.79%,66.05%,-0.176235,2026-09-15
META,670.24,2026-09-18,3,Put,672.50,+0.34%,11.55,11.63,11.75,961,108,8.9,38.57%,43.53%,-0.523972,2026-09-15
TSLA,356.58,2026-09-21,6,Call,405.00,-13.58%,0.16,0.16,0.18,2515,285,8.82,41.23%,48.03%,0.021331,2026-09-15
HRL,20.79,2026-10-09,24,Put,24.00,+15.44%,2.95,3.22,3.7,2684,305,8.8,26.79%,41.83%,-0.899342,2026-09-15
DELL,543.51,2026-09-18,3,Call,555.00,-2.11%,8.65,8.63,8.9,1825,209,8.73,61.08%,69.03%,0.382495,2026-09-15
SNDK,1530.9,2026-09-18,3,Call,"1,560.00",-1.90%,27.5,27.97,29.4,2060,236,8.73,68.18%,73.73%,0.403649,2026-09-15
ON,73.2,2026-09-18,3,Call,77.00,-5.19%,1.06,1.17,1.23,6913,792,8.73,58.92%,96.17%,0.296824,2026-09-15
ET,21.33,2026-12-18,94,Call,21.00,+1.55%,0.99,1.01,1.03,15973,1845,8.66,18.43%,21.06%,0.559199,2026-09-15
MSFT,497.12,2026-09-16,1,Put,487.50,-1.94%,0.47,0.55,0.55,1756,203,8.65,25.29%,32.37%,-0.121761,2026-09-15
NVDA,212.17,2026-09-16,1,Call,217.50,-2.51%,0.24,0.24,0.25,74326,8629,8.61,33.58%,39.21%,0.116138,2026-09-15
AUPH,16.13,2028-01-21,493,Put,20.00,+23.99%,5,5.82,8,943,110,8.57,43.62%,60.04%,-0.476563,2026-09-15
ORCL,140.35,2026-09-18,3,Call,142.00,-1.18%,2.3,2.26,2.31,3346,391,8.56,49.81%,59.73%,0.426386,2026-09-15
CORZ,16.04,2026-09-25,10,Call,17.00,-5.99%,0.35,0.4,0.53,3144,369,8.52,71.59%,75.97%,0.347681,2026-09-15
SAIC,133.74,2026-09-18,3,Call,140.00,-4.68%,0.25,0.25,0.5,940,111,8.47,33.44%,45.16%,0.137407,2026-09-15
GS,976.67,2026-09-18,3,Call,"1,000.00",-2.39%,5.65,6.03,6.5,3702,437,8.47,35.95%,41.64%,0.273351,2026-09-15
AAPL,331.34,2026-09-16,1,Call,337.50,-1.86%,0.27,0.28,0.28,26227,3097,8.47,24.56%,28.84%,0.113742,2026-09-15
META,670.24,2026-09-16,1,Call,665.00,+0.78%,9.3,9.2,9.4,10865,1289,8.43,38.57%,45.56%,0.634911,2026-09-15
AMAT,421.17,2026-09-18,3,Call,445.00,-5.66%,2.02,2.07,2.13,989,118,8.38,50.21%,61.47%,0.169712,2026-09-15
NVDA,212.17,2026-09-16,1,Put,207.50,-2.20%,0.42,0.44,0.44,25597,3055,8.38,33.58%,44.14%,-0.163931,2026-09-15
AVGO,339.27,2026-09-16,1,Put,340.00,+0.22%,3.2,3.45,3.5,4908,589,8.33,35.46%,42.07%,-0.533365,2026-09-15
WULF,14.49,2026-11-20,66,Call,17.00,-17.32%,1.32,1.34,1.39,24841,2996,8.29,83.93%,99.00%,0.391831,2026-09-15
TSM,413.75,2026-09-18,3,Call,220.00,+46.83%,192.95,194.13,195.35,1344,163,8.25,33.14%,310.06%,0.991474,2026-09-15
INTC,97.14,2026-09-16,1,Call,98.00,-0.89%,1.02,1.05,1.06,13483,1639,8.23,59.66%,69.98%,0.412916,2026-09-15
WMB,71.63,2026-09-18,3,Put,72.00,+0.52%,0.95,1.25,1.35,1009,123,8.2,30.85%,36.81%,-0.554097,2026-09-15
AMD,504.2,2026-09-16,1,Call,532.50,-5.61%,0.35,0.35,0.37,1747,213,8.2,50.41%,63.35%,0.051839,2026-09-15
TSLA,356.58,2026-09-25,10,Call,387.50,-8.67%,1.77,1.6,1.81,1037,127,8.17,41.23%,44.27%,0.139006,2026-09-15
MU,927.6,2026-09-18,3,Call,925.00,+0.28%,20.05,20.54,20.65,4169,510,8.17,58.70%,56.37%,0.534351,2026-09-15
TSLA,356.58,2026-09-21,6,Call,355.00,+0.44%,7.9,8.07,8.25,1053,129,8.16,41.23%,39.27%,0.549834,2026-09-15
WU,6.85,2027-01-15,122,Call,5.00,+27.01%,1.8,1.89,2.2,3360,412,8.16,38.24%,67.69%,0.838094,2026-09-15
TSM,413.75,2026-09-18,3,Call,210.00,+49.24%,202.95,204.12,205.4,1340,165,8.12,33.14%,334.16%,0.991528,2026-09-15
NVDA,212.17,2026-09-16,1,Put,210.00,-1.02%,0.98,0.98,0.99,61241,7574,8.09,33.58%,42.64%,-0.317318,2026-09-15
MU,927.6,2026-09-16,1,Put,940.00,+1.34%,18,18.6,21.1,5177,641,8.08,58.70%,63.76%,-0.64772,2026-09-15
NVDA,212.17,2026-09-21,6,Put,227.50,+7.23%,15.35,15.36,15.6,920,114,8.07,33.58%,33.69%,-0.948007,2026-09-15
AMD,504.2,2026-09-16,1,Put,497.50,-1.33%,3.85,3.85,4.05,2105,261,8.07,50.41%,65.00%,-0.339867,2026-09-15
MU,927.6,2028-01-21,493,Call,"1,680.00",-81.11%,105.2,110.7,118.2,807,101,7.99,58.70%,62.26%,0.349992,2026-09-15
TSM,413.75,2026-09-18,3,Call,180.00,+56.50%,232.9,234.15,235.6,1340,168,7.98,33.14%,414.20%,0.991846,2026-09-15
MRVL,221.7,2027-09-17,367,Put,170.00,-23.32%,23.7,24.88,26.3,947,119,7.96,64.74%,64.28%,-0.217393,2026-09-15
MSFT,497.12,2026-09-16,1,Put,492.50,-0.93%,1.32,1.5,1.49,3498,441,7.93,25.29%,31.07%,-0.278714,2026-09-15
MSFT,497.12,2026-09-16,1,Call,510.00,-2.59%,0.18,0.2,0.22,14398,1818,7.92,25.29%,30.90%,0.058367,2026-09-15
AAPL,331.34,2026-09-16,1,Put,330.00,-0.40%,1.38,1.4,1.42,42910,5415,7.92,24.56%,29.11%,-0.390246,2026-09-15
TCOM,39.25,2026-10-16,31,Call,40.00,-1.91%,1.5,1.59,1.7,2186,277,7.89,41.61%,42.21%,0.464542,2026-09-15
CRBP,6.92,2026-12-18,94,Call,10.00,-44.51%,0.3,0.4,0.55,3183,404,7.88,103.74%,87.06%,0.27755,2026-09-15
HOOD,110.45,2026-09-25,10,Call,108.00,+2.22%,5.95,6.05,6.15,1301,166,7.84,62.34%,64.68%,0.607335,2026-09-15
TSM,413.75,2026-09-18,3,Call,195.00,+52.87%,217.85,219.32,220.7,1340,171,7.84,33.14%,379.64%,0.990759,2026-09-15
HOOD,110.45,2026-09-18,3,Call,111.00,-0.50%,2.77,2.77,2.8,4952,634,7.81,62.34%,75.85%,0.486628,2026-09-15
AMD,504.2,2026-09-16,1,Put,492.50,-2.32%,2.45,2.53,2.58,1845,237,7.78,50.41%,65.77%,-0.241376,2026-09-15
SEDG,35.26,2026-10-16,31,Call,47.50,-34.71%,0.37,0.52,0.62,2170,280,7.75,78.75%,81.38%,0.13037,2026-09-15
SNDK,1530.9,2026-09-18,3,Call,"1,530.00",+0.06%,39.9,41.26,42,2539,328,7.74,68.18%,72.78%,0.518495,2026-09-15
TSLA,356.58,2026-09-21,6,Put,357.50,+0.26%,7.4,7.45,7.65,1744,226,7.72,41.23%,39.18%,-0.506761,2026-09-15
HCA,423.82,2026-09-18,3,Call,370.00,+12.70%,51.5,53.8,54.5,1680,218,7.71,30.13%,48.81%,0.998956,2026-09-15
NVO,42.53,2026-09-25,10,Put,42.50,-0.07%,0.99,1.04,1.09,1082,141,7.67,35.38%,36.76%,-0.489848,2026-09-15
AMD,504.2,2026-10-09,24,Put,420.00,-16.70%,2.7,2.81,2.97,2497,326,7.66,50.41%,54.79%,-0.082802,2026-09-15
MS,206.28,2026-09-18,3,Call,207.50,-0.59%,2.03,2.03,2.49,819,107,7.65,34.87%,37.64%,0.439653,2026-09-15
PLAY,6.86,2026-09-18,3,Call,7.00,-2.04%,0.15,0.2,0.2,1611,212,7.6,78.31%,95.67%,0.422887,2026-09-15
KSS,16.36,2026-10-16,31,Put,15.00,-8.31%,0.24,0.45,0.5,2768,365,7.58,55.23%,49.08%,-0.24708,2026-09-15
NXPI,226.35,2026-09-18,3,Call,195.00,+13.85%,29.3,30.2,32.7,855,113,7.57,42.26%,55.80%,0.998385,2026-09-15
TSLA,356.58,2026-09-16,1,Put,365.00,+2.36%,9.2,9.29,9.5,9082,1202,7.56,41.23%,49.83%,-0.810632,2026-09-15
MSFT,497.12,2026-09-16,1,Put,495.00,-0.43%,2,2.31,2.34,9186,1222,7.52,25.29%,30.22%,-0.388817,2026-09-15
NVDA,212.17,2026-09-16,1,Call,212.50,-0.16%,1.66,1.66,1.68,90704,12123,7.48,33.58%,41.09%,0.477068,2026-09-15
AMZN,248.42,2026-09-21,6,Call,252.50,-1.64%,1.96,2.04,2.17,1693,228,7.43,31.16%,28.92%,0.342792,2026-09-15
DKNG,24.64,2028-01-21,493,Call,35.00,-42.05%,4,4.05,4.25,15158,2044,7.42,55.57%,58.50%,0.461894,2026-09-15
JNJ,267.2,2026-09-25,10,Put,260.00,-2.69%,1.73,2,2.15,1800,244,7.38,26.24%,27.14%,-0.26114,2026-09-15
HOOD,110.45,2026-09-25,10,Call,104.00,+5.84%,8.5,7.7,8.7,1027,140,7.34,62.34%,65.05%,0.733036,2026-09-15
PCG,13.15,2027-03-19,185,Put,14.00,+6.46%,2.28,2.36,2.59,2320,317,7.32,45.35%,54.52%,-0.477101,2026-09-15
MSTR,129.6,2026-10-09,24,Put,70.00,-45.99%,0.12,0.19,0.24,906,124,7.31,71.43%,114.81%,-0.012327,2026-09-15
FPS,31.36,2026-10-16,31,Call,32.50,-3.64%,2.2,2.4,2.6,6170,845,7.3,77.49%,78.13%,0.488371,2026-09-15
MU,927.6,2026-09-16,1,Put,910.00,-1.90%,4.5,4.63,4.75,5958,819,7.27,58.70%,59.11%,-0.26191,2026-09-15
MSTR,129.6,2027-12-17,458,Call,180.00,-38.89%,32.7,34.35,34.35,2032,280,7.26,71.43%,79.94%,0.554748,2026-09-15
TSLA,356.58,2026-09-21,6,Call,400.00,-12.18%,0.23,0.24,0.24,5184,716,7.24,41.23%,46.40%,0.029276,2026-09-15
MU,927.6,2026-09-16,1,Call,970.00,-4.57%,1.05,1.1,1.11,7953,1102,7.22,58.70%,60.48%,0.081799,2026-09-15
META,670.24,2026-09-16,1,Call,707.50,-5.56%,0.12,0.12,0.18,2324,325,7.15,38.57%,51.17%,0.022593,2026-09-15
JPM,352.49,2026-09-18,3,Call,352.50,0.00%,3.35,4.75,4.6,2374,332,7.15,26.19%,31.01%,0.507399,2026-09-15
XEL,72.49,2027-03-19,185,Call,70.00,+3.43%,6.8,7.3,8.6,1021,143,7.14,23.88%,31.46%,0.603732,2026-09-15
BE,259.35,2026-09-18,3,Call,267.50,-3.14%,5.4,5.55,5.6,1149,161,7.14,79.79%,94.13%,0.375822,2026-09-15
META,670.24,2026-09-16,1,Put,640.00,-4.51%,0.23,0.27,0.28,7082,993,7.13,38.57%,49.62%,-0.036429,2026-09-15
GOOGL,344.98,2027-04-16,213,Call,360.00,-4.35%,32.2,32.63,33.9,882,124,7.11,29.70%,34.57%,0.520423,2026-09-15
SM,41.29,2026-09-18,3,Call,45.00,-8.99%,0,0.1,0.15,930,131,7.1,51.89%,63.70%,0.072278,2026-09-15
MSTR,129.6,2027-12-17,458,Call,195.00,-50.46%,29.8,31.85,31.35,1043,147,7.1,71.43%,80.04%,0.519674,2026-09-15
MU,927.6,2026-09-16,1,Call,960.00,-3.49%,1.85,1.91,1.94,11651,1647,7.07,58.70%,58.33%,0.134328,2026-09-15
CRCL,86.3,2026-09-18,3,Call,93.50,-8.34%,0.82,0.85,0.95,1499,214,7,78.41%,101.73%,0.20621,2026-09-15
AAPL,331.34,2026-09-16,1,Call,335.00,-1.10%,0.65,0.66,0.68,57782,8252,7,24.56%,28.33%,0.233453,2026-09-15
QUBT,7.84,2026-09-25,10,Put,8.00,+2.04%,0.4,0.43,0.49,1437,206,6.98,68.31%,69.54%,-0.54439,2026-09-15
MO,69.81,2026-09-25,10,Put,70.00,+0.27%,1.07,1.07,1.25,756,109,6.94,22.76%,22.55%,-0.527379,2026-09-15
AMAT,421.17,2026-09-18,3,Call,435.00,-3.28%,4,4,4.1,1071,155,6.91,50.21%,60.43%,0.288479,2026-09-15
AMD,504.2,2027-09-17,367,Call,"1,080.00",-114.20%,19.1,20.9,22.35,1502,218,6.89,50.41%,57.69%,0.169241,2026-09-15
TSM,413.75,2026-09-18,3,Call,310.00,+25.08%,102.95,104.65,105.35,4021,584,6.89,33.14%,152.71%,0.984399,2026-09-15
HOOD,110.45,2026-09-18,3,Call,128.00,-15.89%,0.08,0.11,0.13,3454,502,6.88,62.34%,85.88%,0.032072,2026-09-15
SNDK,1530.9,2026-09-18,3,Call,"1,540.00",-0.59%,35.6,36.55,37.2,2329,340,6.85,68.18%,73.09%,0.479318,2026-09-15
HOOD,110.45,2026-09-18,3,Call,109.00,+1.31%,3.75,3.81,3.85,2785,408,6.83,62.34%,75.64%,0.591489,2026-09-15
AIG,75.98,2026-09-18,3,Call,63.00,+17.08%,12.3,12.9,13.4,928,136,6.82,20.89%,79.64%,0.995534,2026-09-15
AMZN,248.42,2026-09-16,1,Call,235.00,+5.40%,13.15,13.6,13.6,957,141,6.79,31.16%,63.51%,0.954517,2026-09-15
TSM,413.75,2026-09-18,3,Call,280.00,+32.33%,132.85,134.15,135,5360,789,6.79,33.14%,174.10%,0.994612,2026-09-15
MSFT,497.12,2026-09-16,1,Call,505.00,-1.59%,0.59,0.65,0.66,24632,3626,6.79,25.29%,29.45%,0.156822,2026-09-15
TSLA,356.58,2026-09-16,1,Call,345.00,+3.25%,11.9,11.87,12.4,1545,228,6.78,41.23%,52.51%,0.888492,2026-09-15
SPCX,143.49,2026-09-25,10,Call,146.00,-1.75%,4.05,4.08,4.15,2621,389,6.74,50.79%,54.42%,0.44573,2026-09-15
MDT,93.75,2026-10-02,17,Put,90.00,-4.00%,0.61,0.82,0.92,1001,149,6.72,27.66%,27.13%,-0.232149,2026-09-15
MXL,67.12,2026-10-16,31,Call,95.00,-41.54%,0.95,0.96,1.2,1293,193,6.7,90.02%,93.81%,0.130814,2026-09-15
NVDA,212.17,2026-09-21,6,Call,217.50,-2.51%,1.44,1.46,1.46,4951,745,6.65,33.58%,31.40%,0.279808,2026-09-15
TSLA,356.58,2026-10-02,17,Call,357.50,-0.26%,12.95,12.85,13.1,691,104,6.64,41.23%,42.94%,0.514664,2026-09-15
TSLA,356.58,2026-09-25,10,Call,357.50,-0.26%,9.65,9.7,9.8,1036,156,6.64,41.23%,42.47%,0.505039,2026-09-15
CLSK,12.62,2026-10-16,31,Put,13.00,+3.01%,1.27,1.4,1.55,2555,385,6.64,80.95%,82.90%,-0.496976,2026-09-15
TSM,413.75,2026-09-18,3,Call,330.00,+20.24%,82.95,84.5,86.05,4020,605,6.64,33.14%,139.24%,0.968257,2026-09-15
HOOD,110.45,2026-09-18,3,Call,113.00,-2.31%,1.95,1.96,1.99,4678,705,6.64,62.34%,75.89%,0.384732,2026-09-15
CHYM,33.61,2027-03-19,185,Put,30.00,-10.74%,2.9,3.22,3.4,2061,311,6.63,47.94%,55.62%,-0.300088,2026-09-15
FUBO,10.91,2026-09-18,3,Call,11.50,-5.41%,0.16,0.17,0.22,3986,603,6.61,79.85%,103.64%,0.304863,2026-09-15
NVDA,212.17,2026-10-02,17,Call,202.50,+4.56%,12.5,12.74,12.7,2107,320,6.58,33.58%,36.04%,0.744442,2026-09-15
SNDK,1530.9,2026-09-18,3,Call,"1,520.00",+0.71%,45.4,46.5,47.3,2283,349,6.54,68.18%,73.29%,0.55773,2026-09-15
AIG,75.98,2026-09-18,3,Call,62.50,+17.74%,12.7,13.3,13.9,1261,193,6.53,20.89%,82.87%,0.995615,2026-09-15
NKE,36.22,2026-09-18,3,Put,35.50,-1.99%,0.18,0.18,0.21,4664,714,6.53,46.76%,36.18%,-0.265329,2026-09-15
TSLA,356.58,2026-09-18,3,Put,450.00,+26.20%,93,95.3,94.1,1023,157,6.52,41.23%,115.85%,-0.985953,2026-09-15
META,670.24,2026-09-16,1,Call,700.00,-4.44%,0.29,0.29,0.3,41193,6317,6.52,38.57%,47.97%,0.043275,2026-09-15
HCA,423.82,2026-09-18,3,Call,360.00,+15.06%,61.5,63.8,65,840,129,6.51,30.13%,60.08%,0.998704,2026-09-15
CARR,55.54,2026-10-16,31,Call,60.00,-8.03%,0.35,0.7,0.85,1287,198,6.5,34.09%,31.29%,0.216527,2026-09-15
TSLA,356.58,2026-10-23,38,Call,365.00,-2.36%,17.45,17.25,17.7,880,136,6.47,41.23%,45.12%,0.475677,2026-09-15
UAL,106.92,2026-10-16,31,Call,120.00,-12.23%,2.24,2.28,2.32,34159,5279,6.47,53.27%,53.68%,0.24721,2026-09-15
TSLA,356.58,2026-09-18,3,Put,460.00,+29.00%,103.15,105.35,104.1,840,130,6.46,41.23%,131.19%,-0.982439,2026-09-15
AMD,504.2,2026-09-16,1,Put,512.50,+1.65%,11.45,11.65,11.85,800,124,6.45,50.41%,63.42%,-0.681986,2026-09-15
TSLA,356.58,2026-09-16,1,Call,375.00,-5.17%,0.17,0.18,0.18,20272,3143,6.45,41.23%,55.18%,0.042174,2026-09-15
CAVA,49.99,2026-09-25,10,Call,60.00,-20.02%,0.03,0.14,0.1,772,120,6.43,55.48%,58.89%,0.034872,2026-09-15
SPCX,143.49,2026-09-18,3,Call,149.00,-3.84%,1.25,1.26,1.28,9904,1540,6.43,50.79%,62.48%,0.263764,2026-09-15
MSTR,129.6,2027-12-17,458,Call,175.00,-35.03%,34,33,35.4,3005,473,6.35,71.43%,80.09%,0.567695,2026-09-15
TSLA,356.58,2026-09-16,1,Put,337.50,-5.35%,0.17,0.17,0.18,1982,313,6.33,41.23%,60.03%,-0.038458,2026-09-15
MSFT,497.12,2026-09-16,1,Put,490.00,-1.43%,0.78,0.89,0.92,4107,649,6.33,25.29%,31.52%,-0.18752,2026-09-15
BIDU,90.39,2026-09-25,10,Put,97.00,+7.31%,6.45,6.95,7.65,712,113,6.3,41.02%,41.31%,-0.841211,2026-09-15
NXPI,226.35,2026-09-18,3,Call,200.00,+11.64%,24.3,25.28,27.6,1115,178,6.26,42.26%,45.56%,0.998588,2026-09-15
SPCX,143.49,2026-09-25,10,Call,144.00,-0.36%,4.9,5,5.1,1271,203,6.26,50.79%,54.64%,0.506771,2026-09-15
PATH,14.23,2026-09-25,10,Call,15.50,-8.92%,0.2,0.22,0.25,1954,312,6.26,58.25%,68.85%,0.246827,2026-09-15
CLSK,12.62,2026-11-20,66,Call,19.00,-50.55%,0.3,0.4,0.45,2008,321,6.26,80.95%,85.45%,0.177217,2026-09-15
GE,307.05,2026-12-18,94,Call,430.00,-40.04%,0.42,0.66,1.11,681,109,6.25,31.06%,34.68%,0.037617,2026-09-15
AAPL,331.34,2026-09-16,1,Call,327.50,+1.16%,4.35,4.44,4.6,5166,826,6.25,24.56%,28.53%,0.786448,2026-09-15
LULU,98.37,2026-09-25,10,Call,105.00,-6.74%,0.6,0.7,0.8,2201,353,6.24,40.72%,42.49%,0.18992,2026-09-15
AMD,504.2,2026-09-16,1,Call,540.00,-7.10%,0.12,0.13,0.13,2696,433,6.23,50.41%,63.49%,0.020467,2026-09-15
AAPL,331.34,2026-09-16,1,Call,330.00,+0.40%,2.72,2.71,2.97,40076,6436,6.23,24.56%,30.26%,0.606243,2026-09-15
HPE,55.88,2026-10-09,24,Call,56.00,-0.21%,3.05,3.3,3.4,639,103,6.2,59.07%,56.70%,0.527466,2026-09-15
CIFR,15.09,2027-12-17,458,Put,15.00,-0.60%,5.55,5.75,5.8,3978,642,6.2,96.43%,95.64%,-0.28634,2026-09-15
TSM,413.75,2026-09-18,3,Call,260.00,+37.16%,152.95,154.7,155.35,4020,648,6.2,33.14%,233.94%,0.989143,2026-09-15
TEM,68.85,2026-09-18,3,Call,69.00,-0.22%,2.23,2.24,2.42,1696,274,6.19,77.09%,95.89%,0.508719,2026-09-15
DELL,543.51,2026-09-18,3,Call,625.00,-14.99%,0.2,0.27,0.45,1880,305,6.16,61.08%,76.18%,0.023611,2026-09-15
LEN,80.07,2026-09-18,3,Call,83.00,-3.66%,1.25,1.6,1.65,763,124,6.15,44.94%,90.24%,0.345506,2026-09-15
TSM,413.75,2026-09-18,3,Call,250.00,+39.58%,163,164.5,165.35,5362,873,6.14,33.14%,254.28%,0.989258,2026-09-15
AVGO,339.27,2026-09-18,3,Call,347.50,-2.43%,1.89,1.95,2.09,2730,445,6.13,35.46%,40.70%,0.266013,2026-09-15
HOOD,110.45,2026-09-18,3,Call,112.00,-1.40%,2.33,2.35,2.38,6240,1018,6.13,62.34%,75.94%,0.434982,2026-09-15
MU,927.6,2026-09-21,6,Put,850.00,-8.37%,2.48,2.69,2.64,897,147,6.1,58.70%,51.84%,-0.087593,2026-09-15
NVDA,212.17,2026-09-16,1,Call,210.00,+1.02%,3.1,3.15,3.2,20402,3342,6.1,33.58%,42.07%,0.68504,2026-09-15
MSTR,129.6,2026-10-09,24,Call,140.00,-8.02%,5.65,6.2,6,1093,180,6.07,71.43%,73.24%,0.380393,2026-09-15
MU,927.6,2026-09-16,1,Call,900.00,+2.98%,27.25,30.42,31.2,945,156,6.06,58.70%,50.77%,0.875709,2026-09-15
SKHY,174.83,2026-12-18,94,Put,170.00,-2.76%,18,19.15,19.3,3031,500,6.06,60.24%,62.53%,-0.393459,2026-09-15
META,670.24,2026-09-21,6,Call,700.00,-4.44%,3.15,3.13,3.2,1821,301,6.05,38.57%,36.74%,0.187435,2026-09-15
TSLA,356.58,2026-09-23,8,Put,350.00,-1.85%,5.4,5.48,5.55,1326,220,6.03,41.23%,40.54%,-0.362587,2026-09-15
AMD,504.2,2026-09-16,1,Put,487.50,-3.31%,1.47,1.53,1.57,1570,261,6.02,50.41%,66.49%,-0.161591,2026-09-15
MSFT,497.12,2026-09-21,6,Call,520.00,-4.60%,0.5,0.5,0.65,1472,245,6.01,25.29%,24.62%,0.08154,2026-09-15
HOOD,110.45,2026-10-23,38,Put,95.00,-13.99%,2.7,2.75,2.97,990,165,6,62.34%,64.58%,-0.199434,2026-09-15
TSM,413.75,2026-09-18,3,Call,370.00,+10.57%,42.9,44.65,44.8,6707,1117,6,33.14%,44.91%,0.997138,2026-09-15
AMD,504.2,2026-09-18,3,Call,502.50,+0.34%,12.05,11.8,12.2,795,133,5.98,50.41%,61.41%,0.537394,2026-09-15
AMZN,248.42,2026-09-18,3,Call,242.50,+2.38%,6.9,7.1,7.3,989,166,5.96,31.16%,36.80%,0.772983,2026-09-15
AMD,504.2,2026-09-18,3,Call,507.50,-0.65%,9.5,9.66,9.75,1055,178,5.93,50.41%,60.85%,0.466014,2026-09-15
MU,927.6,2026-09-16,1,Put,945.00,+1.88%,21.55,21.73,23.85,973,165,5.9,58.70%,62.00%,-0.710384,2026-09-15
DELL,543.51,2026-09-18,3,Call,545.00,-0.27%,12.75,12.85,13.1,1941,329,5.9,61.08%,69.06%,0.49668,2026-09-15
T,26.72,2026-09-18,3,Put,26.50,-0.82%,0.12,0.13,0.17,5540,939,5.9,24.04%,24.81%,-0.352869,2026-09-15
WBD,28.03,2027-02-19,157,Put,27.00,-3.67%,1.14,1.12,1.4,6000,1017,5.9,29.22%,26.49%,-0.354786,2026-09-15
GLW,143.57,2026-09-18,3,Put,142.00,-1.09%,2.28,2.81,2.95,1021,174,5.87,57.94%,64.98%,-0.413112,2026-09-15
SPCX,143.49,2026-10-09,24,Call,148.00,-3.14%,5.6,5.55,5.75,1311,224,5.85,50.79%,50.89%,0.438951,2026-09-15
NVDA,212.17,2026-09-21,6,Call,212.50,-0.16%,3.35,3.4,3.45,4450,761,5.85,33.58%,32.32%,0.498264,2026-09-15
GOOGL,344.98,2026-09-16,1,Put,340.00,-1.44%,0.66,0.69,0.73,6320,1081,5.85,29.70%,33.81%,-0.201756,2026-09-15
CCL,22.11,2027-03-19,185,Put,21.00,-5.02%,1.96,2.34,2.4,5000,858,5.83,47.71%,45.68%,-0.364702,2026-09-15
MSTR,129.6,2028-06-16,640,Put,130.00,+0.31%,44.5,46.65,49.3,750,129,5.81,71.43%,78.61%,-0.291771,2026-09-15
FRO,51.59,2027-02-19,157,Call,55.00,-6.61%,3.2,3.59,3.5,907,156,5.81,52.00%,39.76%,0.404381,2026-09-15
MU,927.6,2026-09-16,1,Call,990.00,-6.73%,0.34,0.37,0.37,2512,432,5.81,58.70%,65.13%,0.029394,2026-09-15
SPCX,143.49,2028-12-15,822,Call,365.00,-154.37%,14.05,14.6,15.25,789,136,5.8,50.79%,56.20%,0.283325,2026-09-15
DOW,29.85,2026-10-02,17,Put,28.00,-6.20%,0.32,0.41,0.58,1097,189,5.8,41.07%,45.89%,-0.244223,2026-09-15
PDSB,0.5853,2026-10-16,31,Call,1.0000,-70.85%,0.05,0.1,0.1,712,123,5.79,240.16%,253.71%,0.362945,2026-09-15
TSLA,356.58,2026-09-23,8,Put,355.00,-0.44%,7.5,7.75,7.65,888,154,5.77,41.23%,40.27%,-0.45421,2026-09-15
AMD,504.2,2026-09-16,1,Call,535.00,-6.11%,0.22,0.26,0.26,3550,619,5.74,50.41%,62.64%,0.036814,2026-09-15
TSM,413.75,2026-09-18,3,Call,380.00,+8.16%,33.6,34.7,34.8,8111,1414,5.74,33.14%,55.29%,0.957905,2026-09-15
AVGO,339.27,2026-09-16,1,Put,335.00,-1.26%,1.26,1.36,1.37,2741,478,5.73,35.46%,42.38%,-0.27918,2026-09-15
BMNR,23.6,2029-01-19,857,Call,40.00,-69.49%,8.75,9,9,1625,284,5.72,80.69%,85.56%,0.625041,2026-09-15
AAOI,95.29,2026-09-18,3,Put,89.00,-6.60%,0.7,0.9,1.05,588,103,5.71,86.45%,91.48%,-0.192635,2026-09-15
CMG,34.83,2026-10-02,17,Put,35.00,+0.49%,1.09,1.3,1.38,920,161,5.71,38.29%,39.12%,-0.500191,2026-09-15
TSLA,356.58,2026-09-18,3,Put,500.00,+40.22%,142.6,145.2,144.1,1951,342,5.7,41.23%,228.54%,-0.937068,2026-09-15
TSM,413.75,2026-09-18,3,Call,300.00,+27.49%,113.4,114.09,115.35,13414,2352,5.7,33.14%,181.85%,0.978953,2026-09-15
NVDA,212.17,2026-10-09,24,Call,195.00,+8.09%,19.45,19.49,19.8,785,138,5.69,33.58%,38.16%,0.824235,2026-09-15
TSLA,356.58,2026-09-25,10,Call,360.00,-0.96%,8.55,8.45,8.6,9689,1705,5.68,41.23%,42.43%,0.465475,2026-09-15
TSM,413.75,2026-09-18,3,Call,290.00,+29.91%,122.95,124.6,125.35,10720,1887,5.68,33.14%,183.73%,0.986665,2026-09-15
ACHR,5.47,2026-10-09,24,Put,5.00,-8.59%,0.13,0.16,0.2,714,126,5.67,66.35%,66.44%,-0.266093,2026-09-15
NVDA,212.17,2026-09-23,8,Call,212.50,-0.16%,4,4,4.1,2614,461,5.67,33.58%,33.04%,0.502675,2026-09-15
CRWD,242.49,2026-12-18,94,Put,205.00,-15.46%,10.9,12,12.5,2814,496,5.67,56.71%,60.03%,-0.232337,2026-09-15
MSTR,129.6,2027-12-17,458,Call,165.00,-27.31%,36.35,39,37.7,1030,182,5.66,71.43%,80.10%,0.593369,2026-09-15
TSM,413.75,2026-09-18,3,Call,360.00,+12.99%,53.6,54.35,54.8,13401,2366,5.66,33.14%,83.17%,0.970311,2026-09-15
MU,927.6,2026-09-16,1,Call,975.00,-5.11%,0.77,0.82,0.85,4022,712,5.65,58.70%,61.52%,0.063171,2026-09-15
AVGO,339.27,2026-09-16,1,Call,355.00,-4.64%,0.1,0.11,0.13,5600,994,5.63,35.46%,47.33%,0.034866,2026-09-15
AMZN,248.42,2026-09-21,6,Call,262.50,-5.67%,0.31,0.35,0.37,1051,187,5.62,31.16%,29.87%,0.080021,2026-09-15
XEL,72.49,2026-10-16,31,Put,75.00,+3.46%,1.9,3.17,3.6,1505,268,5.62,23.88%,12.71%,-0.814465,2026-09-15
AMZN,248.42,2026-09-16,1,Call,255.00,-2.65%,0.16,0.17,0.19,22309,3976,5.61,31.16%,35.71%,0.083145,2026-09-15
LTC,43.46,2027-02-19,157,Call,45.00,-3.54%,1.3,1.5,1.65,903,161,5.61,20.26%,17.39%,0.429845,2026-09-15
TSLA,356.58,2026-09-18,3,Put,357.50,+0.26%,6.4,6.6,6.5,9146,1631,5.61,41.23%,46.69%,-0.51362,2026-09-15
MSFT,497.12,2026-09-16,1,Put,482.50,-2.94%,0.16,0.2,0.2,767,137,5.6,25.29%,34.52%,-0.047934,2026-09-15
XFOR,3.62,2027-03-19,185,Call,7.50,-107.18%,0.1,0.15,0.8,2020,361,5.6,318.54%,117.17%,0.332877,2026-09-15
ALT,3.23,2026-09-18,3,Call,1.00,+69.04%,2.05,2.27,2.65,979,175,5.59,53.11%,"1,252.77%",0.940246,2026-09-15
AMZN,248.42,2026-10-02,17,Call,252.50,-1.64%,4.9,4.63,5.15,983,176,5.59,31.16%,31.08%,0.426928,2026-09-15
TSLA,356.58,2026-09-23,8,Put,357.50,+0.26%,8.75,9.06,9,955,172,5.55,41.23%,40.50%,-0.501101,2026-09-15
STT,185.13,2027-03-19,185,Call,200.00,-8.03%,9.7,11.4,12,1126,203,5.55,33.37%,30.44%,0.418098,2026-09-15
AVGO,339.27,2026-09-16,1,Put,332.50,-2.00%,0.74,0.82,0.83,1364,246,5.54,35.46%,43.51%,-0.184165,2026-09-15
AMZN,248.42,2026-09-21,6,Put,247.50,-0.37%,3.1,3.1,3.3,797,144,5.53,31.16%,29.19%,-0.448043,2026-09-15
HAFN,9.48,2027-04-16,213,Call,12.50,-31.86%,0.1,0.25,0.3,765,139,5.5,36.88%,37.29%,0.159159,2026-09-15
NRG,105.99,2026-10-16,31,Call,110.00,-3.78%,4.3,4.69,4.9,1699,309,5.5,49.42%,50.58%,0.432974,2026-09-15
TSM,413.75,2026-09-18,3,Call,340.00,+17.82%,73.55,74.55,74.9,9382,1706,5.5,33.14%,112.71%,0.975785,2026-09-15
APLD,23.42,2026-09-25,10,Put,24.00,+2.48%,1.39,1.5,1.5,3478,634,5.49,89.94%,73.13%,-0.5539,2026-09-15
AMZN,248.42,2026-09-16,1,Put,242.50,-2.38%,0.24,0.26,0.26,4342,793,5.48,31.16%,37.41%,-0.106306,2026-09-15
TSM,413.75,2026-09-18,3,Call,350.00,+15.41%,63,64.9,65.25,14756,2707,5.45,33.14%,93.70%,0.97799,2026-09-15
TSM,413.75,2026-09-18,3,Call,170.00,+58.91%,242.95,243.97,245.4,1340,246,5.45,33.14%,430.81%,0.993241,2026-09-15
ARDX,3.4,2027-04-16,213,Call,4.00,-17.65%,0.5,0.55,0.85,555,102,5.44,136.38%,82.90%,0.538519,2026-09-15
MU,927.6,2026-09-16,1,Call,995.00,-7.27%,0.26,0.27,0.28,2083,386,5.4,58.70%,66.31%,0.02272,2026-09-15
CVX,217.77,2026-10-16,31,Put,210.00,-3.57%,3.6,3.71,3.8,7542,1397,5.4,28.61%,27.92%,-0.310766,2026-09-15
FCX,69.38,2026-09-25,10,Call,69.00,+0.55%,2.12,2.33,2.67,674,125,5.39,46.06%,47.58%,0.547136,2026-09-15
TSLA,356.58,2026-09-23,8,Call,410.00,-14.98%,0.26,0.25,0.27,1207,224,5.39,41.23%,48.11%,0.027869,2026-09-15
NVDA,212.17,2026-09-21,6,Put,202.50,-4.56%,0.76,0.77,0.78,1505,279,5.39,33.58%,36.07%,-0.148702,2026-09-15
GOOGL,344.98,2026-10-30,45,Call,370.00,-7.25%,7.55,8.4,8.8,645,120,5.38,29.70%,34.96%,0.317539,2026-09-15
COP,141.22,2027-03-19,185,Put,135.00,-4.40%,9.45,9.7,10.15,704,131,5.37,33.46%,33.80%,-0.366055,2026-09-15
TSM,413.75,2026-09-18,3,Call,320.00,+22.66%,92.95,94.75,95.45,4023,749,5.37,33.14%,140.82%,0.981092,2026-09-15
META,670.24,2026-09-18,3,Put,665.00,-0.78%,8.05,8.1,8.1,4142,771,5.37,38.57%,43.73%,-0.411523,2026-09-15
COMP,10.36,2028-01-21,493,Call,17.00,-64.09%,1.25,1.4,1.7,1768,330,5.36,58.69%,61.73%,0.399221,2026-09-15
CRWD,242.49,2026-09-18,3,Put,237.50,-2.06%,3.6,3.7,3.8,5369,1005,5.34,56.71%,67.82%,-0.35453,2026-09-15
AAL,12.77,2026-10-23,38,Put,12.50,-2.11%,0.61,0.64,0.66,1120,210,5.33,46.39%,47.24%,-0.411936,2026-09-15
AS,26.62,2026-09-18,3,Put,26.00,-2.33%,0.25,0.4,0.5,1379,259,5.32,46.21%,67.31%,-0.33688,2026-09-15
SMR,8.43,2026-10-09,24,Put,8.00,-5.10%,0.28,0.4,0.58,1544,291,5.31,75.41%,74.98%,-0.352428,2026-09-15
MU,927.6,2026-09-18,3,Put,855.00,-7.83%,1.71,1.83,1.83,1114,211,5.28,58.70%,63.27%,-0.072939,2026-09-15
CRCL,86.3,2026-09-18,3,Put,86.00,-0.35%,2.67,2.87,2.89,3151,597,5.28,78.41%,94.35%,-0.465595,2026-09-15
GOOGL,344.98,2026-10-23,38,Put,310.00,-10.14%,2.19,2.43,2.56,2565,487,5.27,29.70%,31.63%,-0.129099,2026-09-15
CABA,2.6,2026-10-16,31,Call,3.00,-15.38%,0.05,0.13,0.25,600,114,5.26,74.49%,95.40%,0.355185,2026-09-15
DVN,51.33,2026-12-18,94,Put,52.50,+2.28%,4.15,4.36,4.4,642,122,5.26,36.02%,35.97%,-0.505264,2026-09-15
BBWI,16.72,2026-09-18,3,Put,17.00,+1.67%,0.5,0.67,0.7,2237,427,5.24,52.87%,73.06%,-0.586433,2026-09-15
PLD,135.84,2026-09-18,3,Call,125.00,+7.98%,9.8,10.53,11.1,841,161,5.22,25.12%,36.01%,0.994581,2026-09-15
NVDA,212.17,2026-09-25,10,Call,220.00,-3.69%,1.81,1.83,1.84,47647,9132,5.22,33.58%,32.88%,0.266625,2026-09-15
MXL,67.12,2026-10-16,31,Put,65.00,-3.16%,5.3,5.59,6.1,1204,231,5.21,90.02%,88.76%,-0.396222,2026-09-15
QCOM,187.8,2026-09-18,3,Put,187.50,-0.16%,3.5,3.89,4,1111,214,5.19,48.90%,57.62%,-0.476452,2026-09-15
AVGO,339.27,2026-09-16,1,Put,327.50,-3.47%,0.26,0.27,0.29,2000,385,5.19,35.46%,46.95%,-0.073226,2026-09-15
RIVN,15.54,2026-09-18,3,Call,15.50,+0.26%,0.38,0.38,0.42,2751,530,5.19,56.34%,67.23%,0.530951,2026-09-15
HOOD,110.45,2026-09-25,10,Call,112.00,-1.40%,4,4.05,4.1,1399,270,5.18,62.34%,64.53%,0.472981,2026-09-15
ALHC,10.37,2026-11-20,66,Call,15.00,-44.65%,0.15,0.2,0.35,6299,1223,5.15,74.68%,74.92%,0.163913,2026-09-15
HUT,87.09,2026-09-18,3,Call,88.00,-1.04%,2.65,3,3.25,622,121,5.14,93.10%,106.61%,0.477606,2026-09-15
ALLY,41.58,2026-09-18,3,Put,44.00,+5.82%,2.15,2.52,2.9,720,140,5.14,30.30%,51.23%,-0.88381,2026-09-15
TSLA,356.58,2026-09-18,3,Put,440.00,+23.39%,82.6,84.99,84.1,1620,315,5.14,41.23%,155.32%,-0.922865,2026-09-15
IREN,41.58,2026-10-16,31,Put,39.00,-6.20%,2.57,2.7,2.7,4950,964,5.13,81.54%,82.11%,-0.345215,2026-09-15
TSLA,356.58,2026-09-18,3,Call,357.50,-0.26%,5.8,5.85,5.9,8339,1631,5.11,41.23%,48.40%,0.488035,2026-09-15
NVDA,212.17,2026-09-16,1,Call,200.00,+5.74%,12.1,12.09,12.35,1317,258,5.1,33.58%,53.87%,0.982635,2026-09-15
META,670.24,2026-09-16,1,Call,702.50,-4.81%,0.21,0.21,0.24,3440,674,5.1,38.57%,48.68%,0.033739,2026-09-15
TSLA,356.58,2026-09-21,6,Call,360.00,-0.96%,5.7,5.8,5.85,2866,566,5.06,41.23%,39.66%,0.440154,2026-09-15
META,670.24,2026-09-18,3,Call,672.50,-0.34%,9.7,9.73,9.95,2963,585,5.06,38.57%,44.62%,0.477554,2026-09-15
DELL,543.51,2026-09-18,3,Put,522.50,-3.87%,5.1,5.51,5.3,523,104,5.03,61.08%,68.26%,-0.250858,2026-09-15
ORCL,140.35,2026-09-25,10,Call,142.00,-1.18%,3.95,4.05,4.15,623,124,5.02,49.81%,51.45%,0.46493,2026-09-15
HOOD,110.45,2026-09-18,3,Put,103.00,-6.75%,0.64,0.66,0.68,2502,498,5.02,62.34%,78.91%,-0.154864,2026-09-15
TSM,413.75,2026-09-18,3,Call,270.00,+34.74%,142.95,144.45,145.35,1342,268,5.01,33.14%,216.65%,0.988408,2026-09-15
FORM,101.69,2026-10-16,31,Call,140.00,-37.67%,0.55,0.8,1.2,1402,280,5.01,75.09%,75.43%,0.091716,2026-09-15
CLW,21.17,2026-11-20,66,Call,22.50,-6.28%,1.3,1.75,2.2,500,100,5,62.40%,62.28%,0.471157,2026-09-15
VRT,234.61,2026-10-09,24,Call,300.00,-27.87%,0.7,1.13,1.3,510,102,5,56.81%,60.20%,0.066729,2026-09-15
DELL,543.51,2026-09-18,3,Put,527.50,-2.95%,6.55,6.7,6.75,575,115,5,61.08%,68.05%,-0.301795,2026-09-15
META,670.24,2026-09-18,3,Call,677.50,-1.08%,7.55,7.7,7.75,2067,414,4.99,38.57%,44.41%,0.404879,2026-09-15
META,670.24,2026-09-18,3,Call,692.50,-3.32%,3.25,3.31,3.35,1335,268,4.98,38.57%,44.58%,0.217257,2026-09-15
CART,46.81,2028-01-21,493,Call,70.00,-49.54%,3.8,4.35,4.9,555,112,4.96,38.58%,45.08%,0.344014,2026-09-15
TSLA,356.58,2026-09-23,8,Put,352.50,-1.14%,6.4,6.55,6.55,543,110,4.94,41.23%,40.44%,-0.40781,2026-09-15
LRCX,270.87,2026-09-18,3,Call,295.00,-8.91%,0.63,0.7,0.83,692,140,4.94,56.22%,69.55%,0.09379,2026-09-15
PR,24.49,2026-09-18,3,Call,22.00,+10.17%,2.25,2.35,2.55,721,146,4.94,37.83%,57.35%,0.981468,2026-09-15
SWKS,90,2026-10-16,31,Put,85.00,-5.56%,3.8,4.15,4.5,908,184,4.93,62.00%,62.68%,-0.341398,2026-09-15
JD,27.09,2026-10-16,31,Call,24.00,+11.41%,2.6,3.42,4.05,880,179,4.92,33.39%,47.18%,0.828188,2026-09-15
NBIS,207.37,2027-06-17,275,Put,220.00,+6.09%,63.95,65.6,66.65,1372,279,4.92,80.42%,86.24%,-0.375343,2026-09-15
CSWC,23.87,2026-10-16,31,Put,22.50,-5.74%,0.15,0.2,0.25,1585,323,4.91,23.17%,25.00%,-0.198997,2026-09-15
NVDA,212.17,2026-10-02,17,Call,237.50,-11.94%,0.46,0.49,0.48,696,142,4.9,33.58%,34.10%,0.069988,2026-09-15
TSLA,356.58,2026-09-21,6,Call,362.50,-1.66%,4.75,4.8,4.9,1730,355,4.87,41.23%,39.86%,0.387805,2026-09-15
GS,976.67,2026-09-18,3,Call,"1,015.00",-3.92%,2.27,2.93,3.45,874,180,4.86,35.95%,40.80%,0.154268,2026-09-15
CRCL,86.3,2026-09-18,3,Call,88.00,-1.97%,2.19,2.23,2.43,1473,304,4.85,78.41%,97.60%,0.431369,2026-09-15
AVGO,339.27,2026-09-16,1,Put,330.00,-2.73%,0.41,0.46,0.48,2336,484,4.83,35.46%,44.53%,-0.114399,2026-09-15
CSCO,110.07,2026-12-18,94,Call,135.00,-22.65%,1.53,1.57,1.88,10339,2140,4.83,30.32%,37.05%,0.167884,2026-09-15
M,22.08,2026-10-16,31,Put,22.00,-0.36%,0.9,1.12,1.04,756,157,4.82,40.27%,39.61%,-0.462724,2026-09-15
DUOL,153.92,2026-10-16,31,Put,120.00,-22.04%,1,1.65,1.6,572,119,4.81,58.16%,68.03%,-0.085443,2026-09-15
IQV,269.67,2026-09-18,3,Call,270.00,-0.12%,3.2,4.1,5.1,856,178,4.81,34.30%,43.80%,0.49863,2026-09-15
TSM,413.75,2026-09-18,3,Call,240.00,+41.99%,172.95,174.13,175.4,1340,279,4.8,33.14%,273.03%,0.989898,2026-09-15
RDW,10.75,2026-10-23,38,Call,15.00,-39.53%,0.15,0.25,0.3,604,126,4.79,81.28%,88.88%,0.157459,2026-09-15
META,670.24,2026-09-18,3,Put,662.50,-1.15%,7.05,7.08,7.15,1143,239,4.78,38.57%,43.93%,-0.375451,2026-09-15
JNJ,267.2,2026-09-25,10,Call,295.00,-10.40%,0.01,0.15,0.34,520,109,4.77,26.24%,31.78%,0.032376,2026-09-15
TSM,413.75,2026-10-09,24,Put,365.00,-11.78%,1.06,1.13,1.17,1007,211,4.77,33.14%,34.19%,-0.067558,2026-09-15
TSLA,356.58,2026-09-21,6,Put,350.00,-1.85%,4.15,4.2,4.25,2942,617,4.77,41.23%,39.17%,-0.342297,2026-09-15
CLSK,12.62,2026-10-09,24,Call,15.00,-18.86%,0.23,0.34,0.59,504,106,4.75,80.95%,88.79%,0.262835,2026-09-15
AXP,324.43,2026-09-25,10,Put,300.00,-7.53%,0.2,0.49,0.62,508,107,4.75,24.85%,30.68%,-0.057125,2026-09-15
CRCL,86.3,2026-09-18,3,Put,87.00,+0.81%,3.2,3.5,3.55,2293,484,4.74,78.41%,96.55%,-0.518277,2026-09-15
WBD,28.03,2026-11-20,66,Put,28.00,-0.11%,0.73,1.29,1.62,5000,1054,4.74,29.22%,26.75%,-0.456985,2026-09-15
BP,46.96,2026-10-16,31,Call,48.00,-2.21%,1.29,1.35,1.37,6568,1385,4.74,32.11%,32.85%,0.425784,2026-09-15
CCJ,91.21,2026-09-18,3,Call,96.00,-5.25%,0.24,0.41,0.45,610,129,4.73,45.24%,53.60%,0.152834,2026-09-15
CMG,34.83,2026-12-18,94,Call,34.40,+1.23%,3.2,3.3,3.35,877,186,4.72,38.29%,41.29%,0.583707,2026-09-15
NVDA,212.17,2026-09-25,10,Put,217.50,+2.51%,7.6,7.59,7.7,2769,587,4.72,33.58%,32.51%,-0.664372,2026-09-15
MUR,40.4,2026-10-16,31,Call,42.50,-5.20%,1.1,1.45,1.35,527,112,4.71,42.35%,43.84%,0.369421,2026-09-15
APLD,23.42,2026-10-02,17,Call,25.00,-6.75%,0.8,0.95,1.04,720,153,4.71,89.94%,75.53%,0.378762,2026-09-15
STX,771.81,2026-09-18,3,Call,970.00,-25.68%,0.05,0.13,0.4,710,151,4.7,65.15%,104.96%,0.009362,2026-09-15
ORCL,140.35,2026-09-18,3,Put,141.00,+0.46%,3.15,3.25,3.35,4416,940,4.7,49.81%,57.52%,-0.523778,2026-09-15
MU,927.6,2026-09-18,3,Call,940.00,-1.34%,13.25,13.6,13.85,6046,1289,4.69,58.70%,56.27%,0.409403,2026-09-15
SOC,4.96,2026-10-02,17,Put,4.50,-9.27%,0.16,0.2,0.24,866,185,4.68,104.37%,96.03%,-0.280841,2026-09-15
NLY,21.41,2026-11-20,66,Call,22.00,-2.76%,0.28,0.3,0.32,1006,215,4.68,25.56%,17.88%,0.308803,2026-09-15
AVGO,339.27,2026-09-18,3,Call,342.50,-0.95%,3.45,3.55,3.7,1066,228,4.68,35.46%,40.50%,0.407736,2026-09-15
TEM,68.85,2026-09-18,3,Call,66.00,+4.14%,3.75,3.7,4.15,1451,310,4.68,77.09%,91.39%,0.710676,2026-09-15
APLD,23.42,2026-09-18,3,Call,24.00,-2.48%,0.45,0.47,0.49,1192,256,4.66,89.94%,84.06%,0.390101,2026-09-15
AMZN,248.42,2026-09-25,10,Call,250.00,-0.64%,4.4,4.55,4.6,2980,639,4.66,31.16%,31.25%,0.469104,2026-09-15
ORLY,85.16,2026-09-18,3,Call,88.00,-3.33%,0.2,0.8,0.75,3238,697,4.65,26.94%,47.09%,0.229569,2026-09-15
TSM,413.75,2026-09-18,3,Call,230.00,+44.41%,182.25,184.27,185.45,1340,289,4.64,33.14%,234.37%,0.997888,2026-09-15
SWKS,90,2026-10-16,31,Put,90.00,0.00%,6.2,6.7,6.7,639,138,4.63,62.00%,62.07%,-0.462146,2026-09-15
CORZ,16.04,2026-10-16,31,Put,14.00,-12.72%,0.39,0.41,0.5,945,204,4.63,71.59%,69.69%,-0.216251,2026-09-15
INTC,97.14,2026-09-16,1,Call,102.00,-5.00%,0.17,0.17,0.19,6999,1511,4.63,59.66%,72.74%,0.103638,2026-09-15
GOOGL,344.98,2026-09-25,10,Call,347.50,-0.73%,5.55,5.43,6,1059,229,4.62,29.70%,29.84%,0.458569,2026-09-15
MOS,25.46,2027-06-17,275,Put,20.00,-21.45%,1.5,1.55,1.85,2100,456,4.61,47.00%,49.84%,-0.21252,2026-09-15
TFC,50.46,2026-10-16,31,Put,52.50,+4.04%,2.35,2.44,3.1,561,122,4.6,27.71%,24.83%,-0.694754,2026-09-15
SOC,4.96,2026-10-23,38,Call,0.50,+89.92%,4.15,4.57,4.9,768,167,4.6,104.37%,486.65%,0.987743,2026-09-15
DVA,190.9,2026-10-16,31,Call,210.00,-10.01%,1.4,1.65,1.95,1060,231,4.59,29.78%,32.62%,0.178134,2026-09-15
SNDK,1530.9,2026-09-18,3,Put,"1,520.00",-0.71%,33.9,34.53,35,1718,375,4.58,68.18%,72.24%,-0.442119,2026-09-15
MSFT,497.12,2026-09-16,1,Call,512.50,-3.09%,0.11,0.11,0.13,4407,963,4.58,25.29%,32.17%,0.036229,2026-09-15
WULF,14.49,2026-09-25,10,Call,15.00,-3.52%,0.59,0.6,0.62,1613,355,4.54,83.93%,89.20%,0.421865,2026-09-15
TSLA,356.58,2026-09-21,6,Put,355.00,-0.44%,6.15,6.35,6.4,1744,384,4.54,41.23%,39.16%,-0.450953,2026-09-15
QCOM,187.8,2026-10-16,31,Call,260.00,-38.45%,0.11,0.39,0.6,1810,399,4.54,48.90%,56.99%,0.030947,2026-09-15
AMD,504.2,2026-09-16,1,Call,500.00,+0.83%,9,9.15,9.25,3698,815,4.54,50.41%,64.77%,0.60514,2026-09-15
HIMS,27.85,2026-09-18,3,Put,26.50,-4.85%,0.24,0.29,0.33,530,117,4.53,67.87%,79.78%,-0.233637,2026-09-15
NN,14.92,2026-10-09,24,Call,21.00,-40.75%,0.1,0.3,0.4,1245,275,4.53,94.27%,106.94%,0.135494,2026-09-15
NVDA,212.17,2026-09-21,6,Call,215.00,-1.33%,2.26,2.28,2.28,7830,1728,4.53,33.58%,31.69%,0.384709,2026-09-15
WYFI,16.82,2026-10-16,31,Call,22.50,-33.77%,0.3,0.49,1,2014,446,4.52,89.97%,111.80%,0.235611,2026-09-15
META,670.24,2026-09-16,1,Put,645.00,-3.77%,0.43,0.45,0.44,4250,940,4.52,38.57%,47.62%,-0.05988,2026-09-15
MSTR,129.6,2026-10-09,24,Call,150.00,-15.74%,3.4,3.75,3.65,1077,239,4.51,71.43%,75.07%,0.257571,2026-09-15
WHR,33.03,2026-09-18,3,Call,35.00,-5.96%,0.2,0.21,0.25,1168,259,4.51,53.38%,72.04%,0.194192,2026-09-15
HSBC,102.22,2026-10-02,17,Call,105.00,-2.72%,0.95,0.9,1.5,1288,287,4.49,24.28%,26.14%,0.332067,2026-09-15
SPCX,143.49,2026-10-02,17,Put,133.00,-7.31%,2.39,2.44,2.45,2715,607,4.47,50.79%,53.82%,-0.234378,2026-09-15
LSCC,106.49,2026-10-16,31,Call,130.00,-22.08%,0.75,1,1.8,891,200,4.46,56.45%,59.04%,0.145679,2026-09-15
KSS,16.36,2026-09-18,3,Put,16.50,+0.86%,0.28,0.46,0.55,1864,419,4.45,55.23%,57.38%,-0.554388,2026-09-15
META,670.24,2026-09-25,10,Call,667.50,+0.41%,19.2,20,20,520,117,4.44,38.57%,40.51%,0.54303,2026-09-15
META,670.24,2026-09-25,10,Call,720.00,-7.42%,3.65,3.67,3.75,3833,866,4.43,38.57%,41.29%,0.158548,2026-09-15
PLTR,172.56,2026-10-30,45,Call,210.00,-21.70%,2.29,2.42,2.58,522,118,4.42,49.75%,50.80%,0.162043,2026-09-15
AMD,504.2,2026-09-16,1,Put,485.00,-3.81%,1.12,1.18,1.2,1899,430,4.42,50.41%,66.87%,-0.129358,2026-09-15
AMD,504.2,2026-09-16,1,Put,495.00,-1.82%,3.05,3.1,3.25,2950,667,4.42,50.41%,65.15%,-0.287828,2026-09-15
HOOD,110.45,2026-09-18,3,Put,109.00,-1.31%,2.3,2.32,2.35,4103,929,4.42,62.34%,75.80%,-0.408909,2026-09-15
TSLA,356.58,2026-09-21,6,Put,352.50,-1.14%,5.1,5.3,5.3,927,211,4.39,41.23%,39.34%,-0.396175,2026-09-15
HL,18.68,2026-09-18,3,Call,18.50,+0.96%,0.41,0.55,0.74,1313,299,4.39,61.10%,70.91%,0.574291,2026-09-15
T,26.72,2026-10-02,17,Call,28.00,-4.79%,0.11,0.15,0.18,2070,471,4.39,24.04%,24.31%,0.191989,2026-09-15
KURA,11.3,2027-01-15,122,Call,9.00,+20.35%,2.35,3.15,3.9,596,136,4.38,57.13%,71.42%,0.784908,2026-09-15
WULF,14.49,2026-09-18,3,Call,14.50,-0.07%,0.43,0.47,0.53,801,183,4.38,83.93%,94.66%,0.506884,2026-09-15
TEM,68.85,2026-09-18,3,Call,67.00,+2.69%,3.15,3.25,3.45,1225,280,4.38,77.09%,91.31%,0.645827,2026-09-15
MU,927.6,2026-09-16,1,Put,880.00,-5.13%,0.83,0.83,0.88,2890,660,4.38,58.70%,65.93%,-0.061003,2026-09-15
TSLA,356.58,2026-09-25,10,Put,357.50,+0.26%,10,10.25,10.25,1194,273,4.37,41.23%,41.67%,-0.496702,2026-09-15
SDGR,23.25,2026-09-18,3,Call,25.00,-7.53%,0,0.18,0.2,1303,299,4.36,62.28%,70.62%,0.136352,2026-09-15
INTC,97.14,2026-09-21,6,Call,100.00,-2.94%,1.68,1.7,1.77,1622,372,4.36,59.66%,57.89%,0.364263,2026-09-15
WULF,14.49,2026-11-20,66,Call,23.00,-58.73%,0.4,0.4,0.45,47471,10937,4.34,83.93%,98.38%,0.158642,2026-09-15
ARR,15.05,2027-01-15,122,Put,13.00,-13.62%,0.2,0.3,0.35,1000,231,4.33,21.00%,29.50%,-0.18074,2026-09-15
AMD,504.2,2026-09-25,10,Call,547.50,-8.59%,4.15,4.1,4.4,774,179,4.32,50.41%,52.47%,0.185712,2026-09-15
META,670.24,2026-09-18,3,Call,687.50,-2.58%,4.35,4.5,4.5,1029,238,4.32,38.57%,44.41%,0.272662,2026-09-15
AVGO,339.27,2026-09-16,1,Put,342.50,+0.95%,4.65,4.72,5.1,1953,452,4.32,35.46%,42.19%,-0.66112,2026-09-15
SNDK,1530.9,2026-09-18,3,Put,"1,530.00",-0.06%,38.7,39.7,40.2,2796,650,4.3,68.18%,72.46%,-0.481876,2026-09-15
SNDK,1530.9,2026-09-18,3,Put,"1,540.00",+0.59%,43.3,45,45.8,1588,370,4.29,68.18%,72.14%,-0.521681,2026-09-15
TSLA,356.58,2026-09-16,1,Put,332.50,-6.75%,0.11,0.12,0.12,831,194,4.28,41.23%,68.12%,-0.023784,2026-09-15
MU,927.6,2026-09-18,3,Call,930.00,-0.26%,16,17.84,18.05,6392,1494,4.28,58.70%,53.80%,0.490988,2026-09-15
HOOD,110.45,2026-10-09,24,Put,110.00,-0.41%,6.55,6.6,6.75,1370,322,4.25,62.34%,62.07%,-0.453476,2026-09-15
META,670.24,2026-09-21,6,Call,740.00,-10.41%,0.36,0.43,0.56,666,157,4.24,38.57%,41.34%,0.033518,2026-09-15
COP,141.22,2027-03-19,185,Call,155.00,-9.76%,8.15,8.55,8.75,710,168,4.23,33.46%,33.33%,0.400809,2026-09-15
MU,927.6,2026-09-16,1,Put,900.00,-2.98%,2.6,2.63,2.7,8693,2061,4.22,58.70%,60.78%,-0.166469,2026-09-15
META,670.24,2026-09-21,6,Call,690.00,-2.95%,5.2,5.25,5.3,598,142,4.21,38.57%,36.38%,0.27824,2026-09-15
PAGS,9.62,2027-01-15,122,Call,5.00,+48.02%,4.3,4.95,5.3,4200,1001,4.2,48.42%,108.11%,0.909042,2026-09-15
SNOW,322.98,2026-09-25,10,Call,335.00,-3.72%,5.1,5.27,5.7,662,158,4.19,46.15%,46.97%,0.33784,2026-09-15
META,670.24,2026-09-25,10,Put,660.00,-1.53%,12.9,13,13.4,1099,263,4.18,38.57%,41.07%,-0.392933,2026-09-15
MU,927.6,2026-09-16,1,Put,875.00,-5.67%,0.62,0.65,0.68,1646,394,4.18,58.70%,67.51%,-0.047234,2026-09-15
NTSK,17.47,2026-10-16,31,Put,12.50,-28.45%,0.1,0.13,0.15,2252,539,4.18,74.68%,81.99%,-0.062696,2026-09-15
MAT,13.42,2026-10-16,31,Put,14.00,+4.32%,0.75,0.85,1.05,2006,481,4.17,35.52%,35.21%,-0.640773,2026-09-15
MGM,39.22,2026-10-16,31,Call,41.00,-4.54%,0.95,1.3,1.3,561,135,4.16,38.32%,39.41%,0.381411,2026-09-15
JNJ,267.2,2026-09-18,3,Call,265.00,+0.82%,3.3,3.85,4.2,687,165,4.16,26.24%,25.71%,0.645051,2026-09-15
CRWD,242.49,2027-12-17,458,Call,250.00,-3.10%,66.6,67.35,69.5,900,217,4.15,56.71%,62.38%,0.647509,2026-09-15
WULF,14.49,2027-12-17,458,Put,15.00,+3.52%,4.95,5.1,5.35,2504,604,4.15,83.93%,55.61%,-0.413204,2026-09-15
AMZN,248.42,2026-09-21,6,Put,250.00,+0.64%,4.25,4.75,4.6,1343,325,4.13,31.16%,28.67%,-0.556477,2026-09-15
NVDA,212.17,2026-09-28,13,Call,225.00,-6.05%,1.05,1.08,1.11,7041,1711,4.12,33.58%,30.84%,0.168393,2026-09-15
INTC,97.14,2026-09-16,1,Put,96.00,-1.17%,0.91,0.92,0.94,6122,1488,4.11,59.66%,70.72%,-0.367125,2026-09-15
META,670.24,2026-09-16,1,Put,632.50,-5.63%,0.08,0.14,0.17,775,189,4.1,38.57%,53.35%,-0.018214,2026-09-15
NVDA,212.17,2026-09-23,8,Put,195.00,-8.09%,0.43,0.43,0.45,2524,615,4.1,33.58%,40.74%,-0.074936,2026-09-15
PLAY,6.86,2027-04-16,213,Call,14.00,-104.08%,0.15,0.57,0.55,741,181,4.09,78.31%,83.05%,0.189598,2026-09-15
CRWD,242.49,2026-09-18,3,Call,245.00,-1.04%,4.55,4.73,4.9,7358,1798,4.09,56.71%,66.53%,0.446047,2026-09-15
CART,46.81,2027-12-17,458,Call,70.00,-49.54%,3.4,3.91,4.3,553,136,4.07,38.58%,44.38%,0.323333,2026-09-15
RKLB,63.55,2026-09-25,10,Call,66.00,-3.86%,1.93,2.12,2.12,1888,464,4.07,69.43%,71.89%,0.401252,2026-09-15
SNDK,1530.9,2026-09-18,3,Call,"1,555.00",-1.57%,29.1,30.38,31,515,127,4.06,68.18%,73.11%,0.421486,2026-09-15
INTC,97.14,2026-09-16,1,Call,96.00,+1.17%,2.03,2,2.09,1113,274,4.06,59.66%,70.05%,0.634077,2026-09-15
CRWD,242.49,2026-09-18,3,Put,235.00,-3.09%,2.77,2.9,2.94,5077,1254,4.05,56.71%,68.07%,-0.293372,2026-09-15
CVX,217.77,2026-12-18,94,Call,250.00,-14.80%,3.05,3.1,3.15,11181,2763,4.05,28.61%,28.51%,0.19046,2026-09-15
GM,85.37,2026-10-16,31,Put,75.00,-12.15%,0.2,0.4,0.58,637,158,4.03,32.12%,35.32%,-0.091463,2026-09-15
LUMN,6.83,2026-10-16,31,Call,6.00,+12.15%,1.02,1.13,1.11,3674,911,4.03,68.55%,80.16%,0.73904,2026-09-15
LULU,98.37,2028-12-15,822,Put,65.00,-33.92%,8,8.27,9.1,538,134,4.01,40.72%,50.24%,-0.154102,2026-09-15
WULF,14.49,2026-10-09,24,Put,15.00,+3.52%,1.45,1.44,1.6,606,151,4.01,83.93%,76.28%,-0.550267,2026-09-15
APLD,23.42,2026-10-16,31,Call,26.00,-11.02%,1.54,1.54,1.64,2898,722,4.01,89.94%,92.91%,0.40554,2026-09-15
INTC,97.14,2026-09-16,1,Call,103.00,-6.03%,0.1,0.12,0.12,6420,1601,4.01,59.66%,73.85%,0.06761,2026-09-15
TSLA,356.58,2026-09-23,8,Call,362.50,-1.66%,6.15,6.2,6.25,813,204,3.99,41.23%,41.13%,0.410229,2026-09-15
PR,24.49,2026-09-18,3,Call,20.00,+18.33%,4.2,4.2,4.7,930,233,3.99,37.83%,100.52%,0.988151,2026-09-15
COIN,172.11,2026-09-18,3,Put,157.50,-8.49%,0.58,0.68,0.7,1595,400,3.99,65.29%,80.23%,-0.103873,2026-09-15
CRWD,242.49,2026-09-18,3,Call,255.00,-5.16%,1.79,1.85,1.93,14027,3519,3.99,56.71%,68.83%,0.220576,2026-09-15
NVDA,212.17,2026-10-02,17,Put,222.50,+4.87%,12.25,12.4,12.4,530,133,3.98,33.58%,32.06%,-0.740394,2026-09-15
DINO,112.25,2026-10-16,31,Call,115.00,-2.45%,6.3,6.5,6.7,1173,295,3.98,57.78%,58.58%,0.48063,2026-09-15
HPE,55.88,2026-09-25,10,Call,58.00,-3.79%,1.14,1.23,1.35,704,178,3.96,59.07%,56.56%,0.365573,2026-09-15
DOW,29.85,2026-09-25,10,Call,31.50,-5.53%,0.23,0.26,0.35,569,144,3.95,41.07%,43.57%,0.237577,2026-09-15
UPS,102.35,2027-06-17,275,Call,140.00,-36.79%,0.84,1.54,2.02,600,152,3.95,24.96%,29.73%,0.121486,2026-09-15
PCG,13.15,2026-09-25,10,Put,13.50,+2.66%,0.48,0.57,0.66,5314,1347,3.95,45.35%,42.49%,-0.630136,2026-09-15
AMZN,248.42,2026-09-16,1,Put,240.00,-3.39%,0.11,0.12,0.12,5494,1391,3.95,31.16%,40.73%,-0.051308,2026-09-15
MU,927.6,2026-09-16,1,Call,"1,000.00",-7.81%,0.2,0.21,0.22,8823,2234,3.95,58.70%,67.69%,0.017841,2026-09-15
CRWV,80.92,2026-09-18,3,Call,82.00,-1.33%,1.92,1.94,2.2,669,170,3.94,76.22%,86.70%,0.450018,2026-09-15
SKHY,174.83,2027-06-17,275,Call,190.00,-8.68%,33.6,34.05,35.8,781,198,3.94,60.24%,64.00%,0.572235,2026-09-15
MSFT,497.12,2026-09-18,3,Call,507.50,-2.09%,1.56,1.63,1.87,4906,1246,3.94,25.29%,29.46%,0.226168,2026-09-15
SKHY,174.83,2026-09-25,10,Call,192.50,-10.11%,1.6,2.01,2,526,134,3.93,60.24%,62.11%,0.190613,2026-09-15
RKLB,63.55,2026-09-18,3,Put,64.00,+0.71%,2.03,1.93,2.22,2785,709,3.93,69.43%,82.43%,-0.521489,2026-09-15
NVDA,212.17,2026-09-25,10,Call,212.50,-0.16%,4.65,4.7,4.75,6433,1636,3.93,33.58%,34.06%,0.506309,2026-09-15
XOM,169.32,2027-03-19,185,Call,200.00,-18.12%,4.6,5.1,5.2,10323,2630,3.93,31.06%,29.42%,0.254031,2026-09-15
USAR,15.4,2026-09-25,10,Call,18.50,-20.13%,0.09,0.11,0.15,879,224,3.92,74.76%,87.30%,0.116997,2026-09-15
MCD,252.78,2026-09-18,3,Put,280.00,+10.77%,25.7,26.25,27.75,1752,447,3.92,21.96%,44.52%,-0.995021,2026-09-15
COIN,172.11,2026-09-18,3,Put,165.00,-4.13%,1.95,2,2.05,11483,2935,3.91,65.29%,77.85%,-0.262116,2026-09-15
TSLA,356.58,2026-09-23,8,Put,360.00,+0.96%,10.1,10.45,10.3,808,207,3.9,41.23%,40.28%,-0.547873,2026-09-15
MCD,252.78,2026-09-18,3,Put,305.00,+20.66%,50.7,51.15,52.55,669,172,3.89,21.96%,76.98%,-0.996701,2026-09-15
SNDK,1530.9,2026-09-18,3,Put,"1,565.00",+2.23%,58.6,58.8,60.9,719,185,3.89,68.18%,72.72%,-0.617146,2026-09-15
TSLA,356.58,2026-09-18,3,Call,362.50,-1.66%,3.8,3.79,3.85,10855,2801,3.88,41.23%,48.54%,0.364865,2026-09-15
MU,927.6,2026-09-21,6,Call,930.00,-0.26%,21,21.44,21.75,1119,290,3.86,58.70%,46.94%,0.498754,2026-09-15
NVDA,212.17,2026-09-21,6,Put,207.50,-2.20%,1.72,1.74,1.73,1765,457,3.86,33.58%,33.75%,-0.29233,2026-09-15
AMZN,248.42,2026-09-16,1,Put,260.00,+4.66%,11.35,11.67,11.9,4644,1204,3.86,31.16%,44.89%,-0.974296,2026-09-15
JNJ,267.2,2026-09-25,10,Put,255.00,-4.57%,0.76,1.05,1.17,6357,1647,3.86,26.24%,27.91%,-0.148249,2026-09-15
NVDA,212.17,2026-09-18,3,Call,212.50,-0.16%,2.87,2.88,2.89,25675,6660,3.86,33.58%,39.28%,0.492578,2026-09-15
MU,927.6,2026-09-16,1,Call,985.00,-6.19%,0.45,0.5,0.49,2365,615,3.85,58.70%,64.01%,0.038161,2026-09-15
BE,259.35,2026-09-18,3,Put,257.50,-0.71%,7.75,7.73,7.95,1091,284,3.84,79.79%,93.94%,-0.448461,2026-09-15
MSTR,129.6,2027-03-19,185,Call,160.00,-23.46%,18.75,19.15,19.4,1259,328,3.84,71.43%,76.86%,0.470267,2026-09-15
IMPP,5.76,2027-04-16,213,Call,6.00,-4.17%,0.5,0.9,0.95,1314,342,3.84,48.65%,43.81%,0.546768,2026-09-15
CRCL,86.3,2026-09-25,10,Put,88.00,+1.97%,5.4,5.51,5.7,655,171,3.83,78.41%,81.66%,-0.528352,2026-09-15
MRNA,143.77,2026-09-18,3,Put,122.00,-15.14%,0.01,0.1,0.18,562,147,3.82,71.23%,91.09%,-0.021037,2026-09-15
AMZN,248.42,2026-09-21,6,Put,240.00,-3.39%,0.92,1,1.01,575,151,3.81,31.16%,30.49%,-0.179975,2026-09-15
META,670.24,2027-02-19,157,Put,440.00,-34.35%,5.05,5.4,5.45,754,198,3.81,38.57%,45.71%,-0.054747,2026-09-15
BAC,59.52,2027-09-17,367,Put,50.00,-15.99%,2.12,2.24,2.4,854,224,3.81,27.27%,28.61%,-0.205023,2026-09-15
MSTR,129.6,2026-10-09,24,Put,80.00,-38.27%,0.24,0.28,0.41,973,256,3.8,71.43%,101.72%,-0.023388,2026-09-15
PLD,135.84,2026-09-18,3,Call,115.00,+15.34%,19.9,20.48,21.1,841,222,3.79,25.12%,69.35%,0.996175,2026-09-15
AVGO,339.27,2026-09-16,1,Put,325.00,-4.21%,0.13,0.13,0.17,985,260,3.79,35.46%,48.14%,-0.042631,2026-09-15
NVDA,212.17,2026-10-02,17,Put,212.50,+0.16%,6,6.1,6.15,1258,333,3.78,33.58%,33.11%,-0.488001,2026-09-15
ORCL,140.35,2026-10-02,17,Put,115.00,-18.06%,0.26,0.3,0.32,1385,366,3.78,49.81%,55.21%,-0.04094,2026-09-15
AMZN,248.42,2026-09-25,10,Call,272.50,-9.69%,0.25,0.22,0.28,1555,411,3.78,31.16%,32.74%,0.048293,2026-09-15
CCL,22.11,2026-10-16,31,Call,24.00,-8.55%,0.5,0.57,0.6,8295,2196,3.78,47.71%,47.60%,0.302332,2026-09-15
IREN,41.58,2026-09-18,3,Call,41.50,+0.19%,1.4,1.4,1.46,1891,501,3.77,81.54%,92.12%,0.527263,2026-09-15
AMD,504.2,2026-09-16,1,Call,530.00,-5.12%,0.48,0.49,0.51,6195,1648,3.76,50.41%,63.20%,0.068238,2026-09-15
META,670.24,2026-09-16,1,Call,705.00,-5.19%,0.16,0.19,0.2,5215,1391,3.75,38.57%,49.78%,0.027194,2026-09-15
AAPL,331.34,2026-09-16,1,Put,322.50,-2.67%,0.16,0.16,0.17,10245,2729,3.75,24.56%,34.17%,-0.063556,2026-09-15
SDGR,23.25,2026-10-16,31,Call,22.50,+3.23%,1,2,2.8,901,241,3.74,62.28%,54.78%,0.619812,2026-09-15
RIOT,19.7,2026-10-09,24,Call,24.00,-21.83%,0.32,0.46,0.53,550,148,3.72,81.72%,81.34%,0.203011,2026-09-15
TSLA,356.58,2026-09-18,3,Call,360.00,-0.96%,4.7,4.75,4.8,32897,8853,3.72,41.23%,48.38%,0.425071,2026-09-15
AAPL,331.34,2026-09-21,6,Put,310.00,-6.44%,0.24,0.25,0.26,2365,637,3.71,24.56%,31.25%,-0.045113,2026-09-15
NVDA,212.17,2026-09-16,1,Call,202.50,+4.56%,9.7,9.9,9.8,1069,289,3.7,33.58%,47.83%,0.969867,2026-09-15
BIDU,90.39,2026-09-18,3,Call,91.00,-0.67%,1.1,1.22,1.26,506,137,3.69,41.02%,44.30%,0.44434,2026-09-15
DOW,29.85,2026-09-18,3,Put,29.50,-1.17%,0.39,0.45,0.52,1047,284,3.69,41.07%,57.16%,-0.400354,2026-09-15
USB,62.22,2026-11-20,66,Put,60.00,-3.57%,1.56,1.7,1.81,1443,391,3.69,26.29%,25.81%,-0.345981,2026-09-15
MSTR,129.6,2027-12-17,458,Call,155.00,-19.60%,39,41.59,40.3,3000,814,3.69,71.43%,80.29%,0.620679,2026-09-15
VKTX,29.95,2026-09-18,3,Call,32.00,-6.84%,0.38,0.38,1.11,567,154,3.68,120.68%,139.16%,0.322975,2026-09-15
NN,14.92,2026-09-25,10,Call,19.00,-27.35%,0,0.1,0.4,949,258,3.68,94.27%,123.26%,0.140505,2026-09-15
WMB,71.63,2026-09-18,3,Call,72.00,-0.52%,0.55,0.65,0.9,1405,382,3.68,30.85%,34.51%,0.441406,2026-09-15
NOK,9.84,2026-11-20,66,Call,14.00,-42.28%,0.17,0.18,0.18,12811,3480,3.68,55.91%,66.76%,0.138694,2026-09-15
AMD,504.2,2026-09-21,6,Put,500.00,-0.83%,10.35,10.5,10.75,616,168,3.67,50.41%,49.31%,-0.431843,2026-09-15
KDK,3.81,2026-11-20,66,Put,4.00,+4.99%,0.55,0.67,0.9,942,257,3.67,71.94%,97.28%,-0.460041,2026-09-15
DELL,543.51,2026-09-18,3,Call,575.00,-5.79%,3.6,3.59,3.75,1103,301,3.66,61.08%,70.03%,0.197268,2026-09-15
MSTR,129.6,2026-09-25,10,Call,144.00,-11.11%,2.02,1.94,2.21,650,178,3.65,71.43%,78.46%,0.229998,2026-09-15
MCD,252.78,2026-09-18,3,Put,300.00,+18.68%,45.7,46.4,47.4,679,186,3.65,21.96%,70.81%,-0.9965,2026-09-15
LAC,2.81,2026-11-20,66,Call,2.50,+11.03%,0.48,0.5,0.56,1030,282,3.65,65.78%,74.20%,0.70869,2026-09-15
MSTR,129.6,2027-03-19,185,Call,170.00,-31.17%,16.55,17.75,17.15,1001,275,3.64,71.43%,77.46%,0.428676,2026-09-15
SPCX,143.49,2026-09-25,10,Call,145.00,-1.05%,4.5,4.5,4.55,5144,1416,3.63,50.79%,54.42%,0.47602,2026-09-15
VRA,4.09,2026-09-18,3,Call,5.00,-22.25%,0.05,0.12,0.15,685,189,3.62,94.95%,245.08%,0.214233,2026-09-15
XOM,169.32,2026-09-18,3,Put,167.50,-1.07%,1.41,1.47,1.51,1052,291,3.62,31.06%,37.11%,-0.366629,2026-09-15
MCD,252.78,2026-09-18,3,Put,290.00,+14.72%,35.7,36.15,37.55,2053,567,3.62,21.96%,58.01%,-0.995945,2026-09-15
MSTR,129.6,2026-09-18,3,Put,128.00,-1.23%,3.2,3.25,3.3,4077,1125,3.62,71.43%,86.21%,-0.420256,2026-09-15
CRCL,86.3,2026-09-18,3,Put,78.00,-9.62%,0.38,0.44,0.47,1120,310,3.61,78.41%,95.67%,-0.11267,2026-09-15
CVX,217.77,2026-10-16,31,Call,250.00,-14.80%,0.45,0.49,0.61,799,222,3.6,28.61%,30.35%,0.06512,2026-09-15
QXO,11.44,2026-09-25,10,Put,12.00,+4.90%,0.6,0.8,1,1174,326,3.6,63.99%,61.47%,-0.660103,2026-09-15
XOM,169.32,2026-09-25,10,Put,155.00,-8.46%,0.27,0.3,0.35,1552,432,3.59,31.06%,36.55%,-0.067259,2026-09-15
BE,259.35,2026-09-18,3,Put,242.50,-6.50%,2.57,2.61,2.68,1099,307,3.58,79.79%,94.29%,-0.202748,2026-09-15
MCD,252.78,2026-09-18,3,Put,295.00,+16.70%,40.7,41.1,42.5,1292,361,3.58,21.96%,64.49%,-0.996253,2026-09-15
META,670.24,2026-10-02,17,Put,620.00,-7.50%,5.4,5.75,5.7,975,273,3.57,38.57%,40.44%,-0.170441,2026-09-15
SPCX,143.49,2026-09-18,3,Put,147.00,+2.45%,5.2,5.35,5.4,3013,845,3.57,50.79%,62.36%,-0.653776,2026-09-15
ORCL,140.35,2026-09-25,10,Call,141.00,-0.46%,4.35,4.55,4.55,672,189,3.56,49.81%,50.94%,0.497629,2026-09-15
NVDA,212.17,2026-10-09,24,Call,200.00,+5.74%,15.45,15.75,15.65,1194,335,3.56,33.58%,36.47%,0.758003,2026-09-15
GOOG,341.43,2026-10-09,24,Call,340.00,+0.42%,11,11.35,11.9,943,266,3.55,29.48%,29.66%,0.548609,2026-09-15
CMG,34.83,2026-09-18,3,Call,36.00,-3.36%,0.16,0.18,0.2,1585,446,3.55,38.29%,45.77%,0.221119,2026-09-15
AAPL,331.34,2026-09-21,6,Call,332.50,-0.35%,3.4,3.6,3.6,1953,550,3.55,24.56%,23.40%,0.466736,2026-09-15
OXY,63.52,2026-09-18,3,Put,63.00,-0.82%,0.67,0.72,0.78,739,209,3.54,34.16%,42.26%,-0.406141,2026-09-15
CRWD,242.49,2026-10-16,31,Call,287.50,-18.56%,3.75,4.2,4.05,803,227,3.54,56.71%,58.61%,0.185914,2026-09-15
MCD,252.78,2026-09-18,3,Put,310.00,+22.64%,55.95,56.05,57.85,1907,538,3.54,21.96%,83.02%,-0.996868,2026-09-15
NVDA,212.17,2026-09-28,13,Put,205.00,-3.38%,2.3,2.35,2.37,2529,715,3.54,33.58%,33.24%,-0.275855,2026-09-15
IBM,248.37,2028-01-21,493,Put,160.00,-35.58%,7.6,8.46,9.2,526,149,3.53,34.06%,41.56%,-0.114554,2026-09-15
LUXE,7.15,2026-09-18,3,Put,7.50,+4.90%,0.35,0.59,0.75,1637,464,3.53,100.52%,131.73%,-0.63258,2026-09-15
NVDA,212.17,2026-09-23,8,Call,215.00,-1.33%,2.88,2.93,2.94,1622,461,3.52,33.58%,32.62%,0.406694,2026-09-15
TSLA,356.58,2026-09-16,1,Put,370.00,+3.76%,13.55,13.93,14,3664,1042,3.52,41.23%,51.39%,-0.913369,2026-09-15
ZS,193.89,2026-09-25,10,Put,190.00,-2.01%,5.4,5.8,6,785,224,3.5,56.92%,59.67%,-0.396292,2026-09-15
COIN,172.11,2026-09-18,3,Put,162.50,-5.58%,1.36,1.36,1.45,2050,586,3.5,65.29%,78.57%,-0.198753,2026-09-15
AADX,12.22,2027-02-19,157,Call,15.00,-22.75%,1.5,1.55,1.65,2687,770,3.49,65.08%,76.15%,0.449215,2026-09-15
CORZ,16.04,2026-11-20,66,Call,17.00,-5.99%,1.58,1.82,1.96,1001,288,3.48,71.59%,77.96%,0.504241,2026-09-15
DELL,543.51,2026-09-18,3,Put,545.00,+0.27%,13.95,14.3,14.3,1156,332,3.48,61.08%,68.26%,-0.503941,2026-09-15
MU,927.6,2026-10-02,17,Put,500.00,-46.10%,0.1,0.16,0.2,1312,377,3.48,58.70%,105.29%,-0.002259,2026-09-15
AMWL,13.67,2026-12-18,94,Call,17.50,-28.02%,0.6,0.7,0.85,705,203,3.47,70.44%,66.17%,0.295196,2026-09-15
SPOT,558.26,2026-10-16,31,Call,580.00,-3.89%,15.35,14.82,18.6,1009,291,3.47,38.70%,38.95%,0.400488,2026-09-15
QXO,11.44,2026-09-18,3,Call,12.00,-4.90%,0.1,0.15,0.15,937,271,3.46,63.99%,78.26%,0.263049,2026-09-15
MSTR,129.6,2026-09-18,3,Call,129.00,+0.46%,4.35,4.47,4.6,1072,310,3.46,71.43%,88.74%,0.540472,2026-09-15
AMD,504.2,2026-09-18,3,Call,557.50,-10.57%,0.4,0.36,0.66,1202,347,3.46,50.41%,64.07%,0.044957,2026-09-15
AMZN,248.42,2026-11-20,66,Call,325.00,-30.83%,1.01,1.02,1.11,17482,5050,3.46,31.16%,38.39%,0.06384,2026-09-15
SPCX,143.49,2026-09-18,3,Put,200.00,+39.38%,55.5,55.5,57.85,35257,10221,3.45,50.79%,178.13%,-0.976633,2026-09-15
NVDA,212.17,2026-09-28,13,Put,215.00,+1.33%,6.35,6.44,6.5,667,194,3.44,33.58%,31.14%,-0.572438,2026-09-15
RIOT,19.7,2026-09-25,10,Put,18.00,-8.63%,0.31,0.43,0.45,2284,663,3.44,81.72%,81.76%,-0.229313,2026-09-15
BMNR,23.6,2026-09-18,3,Call,24.50,-3.81%,0.48,0.48,0.51,4390,1275,3.44,80.69%,100.03%,0.357816,2026-09-15
AAPL,331.34,2026-09-16,1,Put,332.50,+0.35%,2.55,2.59,2.79,7801,2265,3.44,24.56%,29.63%,-0.584402,2026-09-15
SPCX,143.49,2026-09-18,3,Call,146.00,-1.75%,2.17,2.17,2.19,14283,4173,3.42,50.79%,62.41%,0.392437,2026-09-15
SEDG,35.26,2026-10-02,17,Put,30.00,-14.92%,0.46,0.56,0.67,2445,715,3.42,78.75%,82.62%,-0.157734,2026-09-15
KO,88.71,2026-09-18,3,Call,88.00,+0.80%,1.03,1.12,1.2,579,170,3.41,19.07%,21.83%,0.663108,2026-09-15
MU,927.6,2026-09-18,3,Call,"1,005.00",-8.34%,1.65,1.72,1.71,3184,934,3.41,58.70%,60.21%,0.075554,2026-09-15
ZURA,4.93,2026-09-18,3,Put,5.00,+1.42%,0.15,0.15,0.4,522,154,3.39,178.22%,133.25%,-0.521681,2026-09-15
AMZN,248.42,2026-10-30,45,Call,275.00,-10.70%,4.8,4.7,6.2,542,160,3.39,31.16%,40.68%,0.271492,2026-09-15
AVGO,339.27,2026-09-18,3,Put,510.00,+50.32%,169.2,169.8,172.1,538,159,3.38,35.46%,161.20%,-0.997963,2026-09-15
NVDA,212.17,2026-09-21,6,Call,222.50,-4.87%,0.52,0.53,0.54,2109,624,3.38,33.58%,31.51%,0.126365,2026-09-15
AMZN,248.42,2026-09-18,3,Call,252.50,-1.64%,1.47,1.51,1.55,7138,2112,3.38,31.16%,34.35%,0.30923,2026-09-15
CMG,34.83,2026-09-25,10,Put,34.50,-0.95%,0.7,0.8,0.89,866,257,3.37,38.29%,42.16%,-0.427429,2026-09-15
MU,927.6,2026-09-16,1,Put,885.00,-4.59%,1.07,1.11,1.15,1236,367,3.37,58.70%,64.17%,-0.077907,2026-09-15
OPEN,2.65,2026-09-25,10,Call,2.50,+5.66%,0.13,0.2,0.26,843,251,3.36,85.97%,59.45%,0.74265,2026-09-15
FSLY,24.3,2026-09-18,3,Call,24.50,-0.82%,0.65,1.11,1.05,1461,435,3.36,84.80%,106.94%,0.486836,2026-09-15
TSLA,356.58,2026-09-21,6,Call,365.00,-2.36%,3.95,4,4.05,1913,570,3.36,41.23%,40.05%,0.338253,2026-09-15
ORCL,140.35,2026-09-18,3,Call,146.00,-4.03%,1.06,1.08,1.12,2897,861,3.36,49.81%,60.48%,0.245333,2026-09-15
TSLA,356.58,2026-10-09,24,Put,355.00,-0.44%,13.65,13.8,13.85,1127,336,3.35,41.23%,40.95%,-0.455259,2026-09-15
HCA,423.82,2026-09-18,3,Call,385.00,+9.16%,36.5,38.8,39.5,515,154,3.34,30.13%,30.48%,0.999705,2026-09-15
CRGY,15.37,2026-10-16,31,Put,15.00,-2.41%,0.55,0.63,0.75,607,182,3.34,49.44%,46.86%,-0.400474,2026-09-15
AVGO,339.27,2026-09-18,3,Put,490.00,+44.43%,149.4,150.65,151.9,546,164,3.33,35.46%,146.79%,-0.997833,2026-09-15
CRCL,86.3,2026-09-18,3,Call,89.00,-3.13%,1.87,1.9,2.04,1113,335,3.32,78.41%,98.18%,0.382738,2026-09-15
NKE,36.22,2026-12-18,94,Put,70.00,+93.26%,32.7,33.7,35.05,1555,469,3.32,46.76%,69.12%,-0.960561,2026-09-15
INTC,97.14,2026-09-18,3,Call,104.00,-7.06%,0.48,0.47,0.51,7351,2211,3.32,59.66%,71.55%,0.154864,2026-09-15
LULU,98.37,2026-09-18,3,Call,99.00,-0.64%,1.26,1.45,1.53,500,151,3.31,40.72%,47.03%,0.451673,2026-09-15
DELL,543.51,2026-09-18,3,Put,560.00,+3.03%,23.35,23.8,23.65,1759,532,3.31,61.08%,69.19%,-0.670872,2026-09-15
MU,927.6,2026-09-18,3,Call,945.00,-1.88%,11.45,11.75,11.95,1662,504,3.3,58.70%,56.27%,0.36953,2026-09-15
DELL,543.51,2026-09-18,3,Put,557.50,+2.57%,21.45,21.95,21.85,658,200,3.29,61.08%,68.37%,-0.646557,2026-09-15
META,670.24,2026-09-18,3,Call,712.50,-6.31%,0.94,0.95,0.97,1048,319,3.29,38.57%,46.34%,0.07665,2026-09-15
COIN,172.11,2026-09-25,10,Put,150.00,-12.85%,1.09,1.15,1.18,1957,596,3.28,65.29%,71.53%,-0.109673,2026-09-15
AMD,504.2,2026-09-16,1,Put,480.00,-4.80%,0.64,0.66,0.7,2411,734,3.28,50.41%,68.14%,-0.080833,2026-09-15
NU,14.19,2026-10-09,24,Put,13.50,-4.86%,0.32,0.37,0.38,884,270,3.27,45.09%,45.76%,-0.30826,2026-09-15
JPM,352.49,2026-09-25,10,Call,355.00,-0.71%,3.25,5,5.5,910,278,3.27,26.19%,23.38%,0.440067,2026-09-15
LEN,80.07,2026-09-18,3,Put,77.00,-3.83%,1.35,1.35,1.4,1420,435,3.26,44.94%,92.73%,-0.305617,2026-09-15
DHR,209.36,2026-09-18,3,Put,207.50,-0.89%,1.2,1.97,2.2,529,163,3.25,30.16%,33.69%,-0.376721,2026-09-15
CRM,255.65,2026-09-18,3,Put,242.50,-5.14%,1.39,1.49,1.55,1040,320,3.25,41.44%,64.95%,-0.176147,2026-09-15
APH,77.65,2026-10-16,31,Put,65.00,-16.29%,0.25,0.39,0.4,11009,3387,3.25,41.89%,43.78%,-0.070383,2026-09-15
WULF,14.49,2026-09-25,10,Call,15.50,-6.97%,0.39,0.41,0.49,505,156,3.24,83.93%,88.98%,0.336651,2026-09-15
LITE,838.96,2026-09-18,3,Call,900.00,-7.28%,5.4,5.6,5.7,3586,1107,3.24,68.76%,79.67%,0.175606,2026-09-15
KSS,16.36,2026-10-16,31,Call,17.00,-3.91%,0.53,0.8,0.96,1011,313,3.23,55.23%,53.26%,0.43307,2026-09-15
HOOD,110.45,2026-09-18,3,Put,104.00,-5.84%,0.81,0.83,0.83,1861,576,3.23,62.34%,77.78%,-0.186069,2026-09-15
MNR,11.2,2027-02-19,157,Call,12.50,-11.61%,0.3,0.32,0.35,589,183,3.22,35.92%,34.02%,0.250819,2026-09-15
GS,976.67,2026-09-18,3,Call,990.00,-1.36%,8.3,9.21,10.6,627,195,3.22,35.95%,42.57%,0.371348,2026-09-15
RILY,5.99,2026-09-18,3,Call,6.00,-0.17%,0.1,0.19,0.19,672,209,3.22,75.32%,71.64%,0.492052,2026-09-15
SPCX,143.49,2026-09-25,10,Call,143.00,+0.34%,5.35,5.4,5.6,870,270,3.22,50.79%,54.52%,0.537467,2026-09-15
OSCR,32.44,2026-09-18,3,Put,30.50,-5.98%,0.34,0.48,0.62,1834,569,3.22,67.76%,106.70%,-0.245512,2026-09-15
AMZN,248.42,2026-09-16,1,Put,252.50,+1.64%,4.35,4.75,4.9,5444,1690,3.22,31.16%,37.53%,-0.793116,2026-09-15
INTC,97.14,2026-09-21,6,Put,97.00,-0.14%,2.73,2.77,2.82,720,224,3.21,59.66%,57.76%,-0.475211,2026-09-15
CRWD,242.49,2026-09-18,3,Call,240.00,+1.03%,7,7.28,7.4,14249,4435,3.21,56.71%,66.84%,0.581442,2026-09-15
NRG,105.99,2026-12-18,94,Call,125.00,-17.94%,4.5,5.2,5.2,556,174,3.2,49.42%,51.10%,0.312036,2026-09-15
SNDK,1530.9,2026-09-18,3,Call,"1,605.00",-4.84%,14.7,15.8,16.3,1208,377,3.2,68.18%,75.09%,0.255902,2026-09-15
ET,21.33,2026-09-25,10,Put,21.00,-1.55%,0.09,0.13,0.18,2073,647,3.2,18.43%,18.85%,-0.31035,2026-09-15
T,26.72,2026-10-02,17,Call,27.50,-2.92%,0.17,0.26,0.27,2490,777,3.2,24.04%,22.35%,0.281759,2026-09-15
KEYS,313.36,2026-09-18,3,Call,320.00,-2.12%,1.15,2.85,3.6,1092,342,3.19,36.28%,43.47%,0.306839,2026-09-15
USB,62.22,2026-10-16,31,Put,60.00,-3.57%,1.01,1.17,1.25,1198,375,3.19,26.29%,29.04%,-0.316541,2026-09-15
HOOD,110.45,2026-09-18,3,Call,114.00,-3.21%,1.61,1.62,1.65,3621,1135,3.19,62.34%,75.75%,0.336501,2026-09-15
AMD,504.2,2026-09-18,3,Call,505.00,-0.16%,10.8,10.75,10.95,3789,1187,3.19,50.41%,61.37%,0.501867,2026-09-15
UPS,102.35,2027-06-17,275,Put,80.00,-21.84%,2.41,2.55,3.4,1201,378,3.18,24.96%,32.69%,-0.162975,2026-09-15
NVDA,212.17,2026-09-21,6,Put,215.00,+1.33%,4.95,5.05,5,1558,491,3.17,33.58%,31.46%,-0.617631,2026-09-15
EOSE,4.07,2026-11-20,66,Put,7.00,+71.99%,2.85,3.1,3.4,2852,901,3.17,105.32%,125.46%,-0.775081,2026-09-15
META,670.24,2027-12-17,458,Call,"1,400.00",-108.88%,17.05,17.1,17.95,560,177,3.16,38.57%,44.51%,0.127926,2026-09-15
TSLA,356.58,2026-09-23,8,Call,360.00,-0.96%,7.15,7.14,7.25,910,288,3.16,41.23%,41.03%,0.454736,2026-09-15
ONON,26.76,2026-09-18,3,Call,27.50,-2.77%,0.16,0.23,0.28,1039,329,3.16,45.04%,51.34%,0.288932,2026-09-15
INTU,329.27,2026-09-18,3,Put,340.00,+3.26%,13,14.23,15.4,1206,382,3.16,48.28%,63.77%,-0.699749,2026-09-15
NVDA,212.17,2026-09-21,6,Put,200.00,-5.74%,0.52,0.53,0.53,7272,2299,3.16,33.58%,37.75%,-0.104794,2026-09-15
DIS,106.42,2026-09-18,3,Put,107.00,+0.55%,1.3,1.53,1.62,1262,401,3.15,24.21%,29.82%,-0.573494,2026-09-15
USAR,15.4,2026-09-25,10,Put,16.50,+7.14%,1.38,1.44,1.53,935,298,3.14,74.76%,75.76%,-0.685358,2026-09-15
MSFT,497.12,2026-09-16,1,Put,480.00,-3.44%,0.09,0.11,0.12,1698,540,3.14,25.29%,35.61%,-0.029162,2026-09-15
MCD,252.78,2026-09-18,3,Put,285.00,+12.75%,30.7,31.5,32.4,2964,943,3.14,21.96%,51.36%,-0.995551,2026-09-15
GE,307.05,2026-10-16,31,Call,330.00,-7.47%,3.3,3.7,3.75,4161,1327,3.14,31.06%,30.57%,0.231019,2026-09-15
ORCL,140.35,2026-09-18,3,Call,143.00,-1.89%,1.87,1.93,1.94,4521,1439,3.14,49.81%,59.32%,0.375346,2026-09-15
AMZN,248.42,2026-09-16,1,Put,245.00,-1.38%,0.59,0.65,0.63,11069,3540,3.13,31.16%,35.75%,-0.225123,2026-09-15
COIN,172.11,2026-09-18,3,Put,167.50,-2.68%,2.73,2.82,2.89,3666,1170,3.13,65.29%,77.89%,-0.335959,2026-09-15
JNJ,267.2,2026-09-25,10,Call,290.00,-8.53%,0.01,0.15,0.53,764,245,3.12,26.24%,29.53%,0.050301,2026-09-15
CRWD,242.49,2026-09-25,10,Put,225.00,-7.21%,2.9,2.95,3.35,1331,426,3.12,56.71%,61.32%,-0.212709,2026-09-15
CORZ,16.04,2026-09-25,10,Call,18.00,-12.22%,0.14,0.24,0.3,2158,692,3.12,71.59%,77.21%,0.203127,2026-09-15
JBLU,4.27,2026-10-16,31,Call,5.00,-17.10%,0.1,0.1,0.12,25506,8179,3.12,63.37%,67.13%,0.244201,2026-09-15
GME,21.44,2026-10-02,17,Call,20.50,+4.38%,1.25,1.18,1.45,1022,329,3.11,44.66%,45.19%,0.689668,2026-09-15
AMD,504.2,2026-09-18,3,Put,505.00,+0.16%,11.15,11.3,11.45,1640,527,3.11,50.41%,60.09%,-0.498992,2026-09-15
NCLH,14.28,2026-09-18,3,Call,14.50,-1.54%,0.19,0.2,0.22,703,227,3.1,48.37%,57.78%,0.397416,2026-09-15
PS,39,2026-10-16,31,Call,35.00,+10.26%,3.7,4.4,5.3,750,243,3.09,58.55%,41.27%,0.834928,2026-09-15
HCA,423.82,2026-09-18,3,Call,365.00,+13.88%,56.5,58.8,59.5,2520,816,3.09,30.13%,54.44%,0.998816,2026-09-15
AAPL,331.34,2026-09-18,3,Call,332.50,-0.35%,2.9,2.91,2.97,10102,3269,3.09,24.56%,28.69%,0.455822,2026-09-15
IREN,41.58,2026-11-20,66,Call,90.00,-116.45%,0.38,0.46,0.53,7317,2378,3.08,81.54%,104.26%,0.066179,2026-09-15
EMR,147,2026-12-18,94,Call,160.00,-8.84%,4.4,5.2,5.8,1573,513,3.07,31.46%,32.36%,0.34428,2026-09-15
AMZN,248.42,2026-09-23,8,Call,252.50,-1.64%,2.66,2.45,2.93,659,216,3.05,31.16%,30.23%,0.373005,2026-09-15
NVAX,9.23,2026-09-18,3,Call,9.50,-2.93%,0.09,0.17,0.24,707,232,3.05,73.52%,82.24%,0.364865,2026-09-15
OKTA,190.45,2026-09-18,3,Call,195.00,-2.39%,2.74,2.98,3.15,659,217,3.04,59.22%,69.82%,0.368166,2026-09-15
DELL,543.51,2026-09-18,3,Put,547.50,+0.73%,15.3,15.55,15.6,799,263,3.04,61.08%,68.09%,-0.533574,2026-09-15
SPCX,143.49,2026-09-18,3,Put,210.00,+46.35%,64.05,66.7,68.9,935,308,3.04,50.79%,203.25%,-0.976483,2026-09-15
META,670.24,2026-09-18,3,Call,707.50,-5.56%,1.28,1.27,1.32,760,251,3.03,38.57%,45.69%,0.100472,2026-09-15
AMKR,46.38,2026-09-18,3,Put,43.00,-7.29%,0.05,0.23,0.25,571,189,3.02,62.58%,68.68%,-0.105635,2026-09-15
LCID,4.12,2026-09-25,10,Call,4.00,+2.91%,0.25,0.27,0.33,1513,501,3.02,89.72%,83.12%,0.614434,2026-09-15
META,670.24,2026-09-16,1,Put,635.00,-5.26%,0.14,0.17,0.19,1605,532,3.02,38.57%,52.46%,-0.023656,2026-09-15
META,670.24,2026-09-18,3,Call,697.50,-4.07%,2.39,2.49,2.49,800,266,3.01,38.57%,44.89%,0.170383,2026-09-15
M,22.08,2026-10-16,31,Put,21.00,-4.89%,0.33,0.56,0.59,1142,379,3.01,40.27%,36.03%,-0.296563,2026-09-15
DELL,543.51,2026-10-16,31,Put,440.00,-19.04%,5.3,5.45,5.45,2558,850,3.01,61.08%,62.94%,-0.10431,2026-09-15
MSTR,129.6,2026-09-18,3,Put,129.00,-0.46%,3.65,3.73,3.8,3077,1023,3.01,71.43%,86.30%,-0.459545,2026-09-15
INTC,97.14,2026-09-18,3,Call,101.00,-3.97%,1.04,1.05,1.11,8108,2694,3.01,59.66%,71.09%,0.284821,2026-09-15
COIN,172.11,2026-09-18,3,Put,170.00,-1.23%,3.7,3.75,3.9,16584,5514,3.01,65.29%,77.63%,-0.415257,2026-09-15
MSTR,129.6,2026-10-02,17,Put,70.00,-45.99%,0.07,0.13,0.17,640,213,3,71.43%,128.68%,-0.009082,2026-09-15
ZS,193.89,2026-09-25,10,Call,210.00,-8.31%,2.36,2.51,2.81,606,203,2.99,56.92%,61.56%,0.234905,2026-09-15
AMD,504.2,2026-09-16,1,Call,537.50,-6.60%,0.16,0.13,0.19,1270,425,2.99,50.41%,63.14%,0.027709,2026-09-15
CRWD,242.49,2026-09-25,10,Put,200.00,-17.52%,0.36,0.42,0.48,2242,750,2.99,56.71%,67.65%,-0.037164,2026-09-15
AVGO,339.27,2026-09-18,3,Call,357.50,-5.37%,0.45,0.54,0.6,2461,822,2.99,35.46%,42.08%,0.089014,2026-09-15
ERO,32.53,2027-01-15,122,Put,35.00,+7.59%,5.8,6.19,5.9,501,168,2.98,64.28%,61.35%,-0.503097,2026-09-15
META,670.24,2026-09-18,3,Call,702.50,-4.81%,1.76,1.77,1.82,903,303,2.98,38.57%,45.28%,0.131767,2026-09-15
QCOM,187.8,2026-09-18,3,Call,205.00,-9.16%,0.35,0.4,0.41,1203,404,2.98,48.90%,66.22%,0.076704,2026-09-15
GH,175.65,2026-09-18,3,Call,180.00,-2.48%,0.85,2.24,4.6,627,212,2.96,54.67%,70.84%,0.365346,2026-09-15
AGI,35.17,2026-12-18,94,Call,46.00,-30.79%,0.55,1.05,1,1029,348,2.96,50.40%,49.38%,0.18089,2026-09-15
MSTR,129.6,2026-09-18,3,Put,127.00,-2.01%,2.77,2.86,2.86,3130,1058,2.96,71.43%,86.12%,-0.381369,2026-09-15
ACHR,5.47,2026-09-18,3,Call,5.50,-0.55%,0.12,0.14,0.15,3460,1170,2.96,66.35%,75.01%,0.483228,2026-09-15
PDD,78.08,2027-01-15,122,Put,55.00,-29.56%,0.35,0.59,0.62,5972,2020,2.96,31.42%,42.31%,-0.054487,2026-09-15
CMG,34.83,2026-10-16,31,Call,35.00,-0.49%,1.46,1.5,1.57,846,287,2.95,38.29%,38.14%,0.515996,2026-09-15
VG,15.29,2027-06-17,275,Put,15.00,-1.90%,2.75,2.75,2.85,959,325,2.95,58.82%,60.58%,-0.369053,2026-09-15
CORZ,16.04,2027-12-17,458,Call,25.00,-55.86%,3.2,3.5,3.7,2505,850,2.95,71.59%,77.59%,0.49302,2026-09-15
DELL,543.51,2026-09-18,3,Put,550.00,+1.19%,16.85,16.85,17.1,3080,1045,2.95,61.08%,68.57%,-0.562223,2026-09-15
NKE,36.22,2026-09-25,10,Call,36.50,-0.77%,0.66,0.67,0.7,1723,586,2.94,46.76%,34.00%,0.454982,2026-09-15
QCOM,187.8,2026-09-18,3,Call,197.50,-5.17%,1.06,1.19,1.19,1487,507,2.93,48.90%,62.54%,0.195542,2026-09-15
NVDA,212.17,2026-09-21,6,Put,212.50,+0.16%,3.6,3.65,3.65,2914,994,2.93,33.58%,32.30%,-0.502807,2026-09-15
RIOT,19.7,2028-01-21,493,Put,15.00,-23.86%,3.9,3.95,4.3,5002,1705,2.93,81.72%,85.62%,-0.20966,2026-09-15
AMZN,248.42,2026-11-20,66,Call,265.00,-6.67%,9.85,9.97,10.05,16605,5658,2.93,31.16%,37.60%,0.388869,2026-09-15
SPCX,143.49,2026-09-25,10,Put,140.00,-2.43%,3.45,3.51,3.55,9448,3233,2.92,50.79%,54.59%,-0.371848,2026-09-15
AMD,504.2,2026-09-16,1,Put,515.00,+2.14%,13.25,13.05,13.65,532,182,2.92,50.41%,63.46%,-0.732253,2026-09-15
QCOM,187.8,2026-09-18,3,Call,202.50,-7.83%,0.48,0.44,0.6,592,203,2.92,48.90%,64.69%,0.105008,2026-09-15
DELL,543.51,2026-09-18,3,Call,615.00,-13.15%,0.33,0.55,0.85,896,307,2.92,61.08%,76.15%,0.039917,2026-09-15
AMD,504.2,2026-09-16,1,Call,497.50,+1.33%,10.55,10.64,10.85,992,340,2.92,50.41%,65.02%,0.660228,2026-09-15
NKE,36.22,2026-09-18,3,Call,36.00,+0.61%,0.58,0.6,0.63,2963,1014,2.92,46.76%,37.41%,0.577183,2026-09-15
GME,21.44,2026-09-25,10,Call,21.50,-0.28%,0.58,0.65,0.66,3146,1077,2.92,44.66%,46.45%,0.496434,2026-09-15
PR,24.49,2026-09-18,3,Call,21.00,+14.25%,3.3,3.3,3.6,2352,809,2.91,37.83%,78.66%,0.985624,2026-09-15
CLSK,12.62,2026-10-16,31,Call,16.00,-26.78%,0.27,0.3,0.31,4151,1427,2.91,80.95%,81.78%,0.193971,2026-09-15
DELL,543.51,2026-09-18,3,Call,567.50,-4.41%,5,5.2,5.25,650,224,2.9,61.08%,69.30%,0.25718,2026-09-15
NVDA,212.17,2026-09-16,1,Call,205.00,+3.38%,7.3,7.33,7.4,1391,479,2.9,33.58%,45.39%,0.928209,2026-09-15
CRCL,86.3,2026-09-18,3,Call,94.00,-8.92%,0.72,0.8,0.88,1493,515,2.9,78.41%,101.81%,0.190321,2026-09-15
VRNS,47.47,2026-09-18,3,Call,55.00,-15.86%,0,0.1,1.2,1843,641,2.88,38.95%,159.88%,0.173255,2026-09-15
ZLAB,24.8,2027-01-15,122,Put,25.00,+0.81%,3.1,3.5,4.2,602,210,2.87,89.61%,64.90%,-0.42476,2026-09-15
RKLB,63.55,2026-09-18,3,Call,64.00,-0.71%,1.62,1.68,1.74,4207,1468,2.87,69.43%,81.87%,0.478487,2026-09-15
WULF,14.49,2026-09-25,10,Call,16.00,-10.42%,0.27,0.33,0.35,883,309,2.86,83.93%,88.39%,0.260175,2026-09-15
AMZN,248.42,2026-09-25,10,Call,262.50,-5.67%,1.01,1.05,1.06,1286,449,2.86,31.16%,31.55%,0.156095,2026-09-15
CRWV,80.92,2026-09-18,3,Call,83.00,-2.57%,1.56,1.55,1.81,1551,542,2.86,76.22%,87.20%,0.390588,2026-09-15
GOOGL,344.98,2026-09-18,3,Put,342.50,-0.72%,2.91,2.95,3,1673,585,2.86,29.70%,33.07%,-0.396099,2026-09-15
COP,141.22,2027-03-19,185,Call,150.00,-6.22%,9.85,10.13,10.5,705,247,2.85,33.46%,33.45%,0.45498,2026-09-15
SPCX,143.49,2026-10-02,17,Call,157.50,-9.76%,2,2.02,2.05,1438,505,2.85,50.79%,52.58%,0.226792,2026-09-15
JPM,352.49,2026-09-18,3,Call,355.00,-0.71%,2.63,2.9,3.15,8352,2928,2.85,26.19%,31.25%,0.408728,2026-09-15
NTAP,189.93,2026-10-16,31,Call,190.00,-0.04%,9,10.5,10.7,502,177,2.84,45.85%,43.92%,0.530796,2026-09-15
TSM,413.75,2026-09-18,3,Call,422.50,-2.11%,1.83,2.01,1.97,1014,357,2.84,33.14%,33.73%,0.254182,2026-09-15
META,670.24,2026-09-18,3,Put,675.00,+0.71%,12.95,13.05,13.2,1377,485,2.84,38.57%,43.65%,-0.561091,2026-09-15
GOLD,47.8,2026-09-18,3,Call,40.00,+16.32%,7.3,7.4,9.6,678,240,2.83,53.19%,196.34%,0.862213,2026-09-15
NFLX,77.9,2026-10-09,24,Call,88.00,-12.97%,0.31,0.4,0.34,913,323,2.83,33.35%,35.27%,0.100894,2026-09-15
LAES,2.3,2026-11-20,66,Call,2.50,-8.70%,0.16,0.17,0.33,2001,707,2.83,74.36%,81.42%,0.480711,2026-09-15
INTU,329.27,2026-09-18,3,Put,335.00,+1.74%,9.4,10.55,11.9,710,252,2.82,48.28%,62.21%,-0.608426,2026-09-15
QCOM,187.8,2026-09-18,3,Put,182.50,-2.82%,1.8,1.88,1.96,741,263,2.82,48.90%,59.59%,-0.287969,2026-09-15
COIN,172.11,2026-09-18,3,Put,177.50,+3.13%,7.95,8.07,8.45,3516,1248,2.82,65.29%,80.50%,-0.649224,2026-09-15
PURR,11.2,2029-01-19,857,Call,25.00,-123.21%,3.8,4,4.7,1405,500,2.81,96.68%,96.90%,0.605667,2026-09-15
XOM,169.32,2027-06-17,275,Put,160.00,-5.50%,11.35,11.85,12.75,3415,1217,2.81,31.06%,30.32%,-0.347406,2026-09-15
RZLV,2.28,2029-01-19,857,Call,3.00,-31.58%,0.7,0.9,1.1,699,250,2.8,81.73%,76.73%,0.669478,2026-09-15
ORCL,140.35,2026-10-30,45,Call,165.00,-17.56%,2.94,3.05,3.25,1068,382,2.8,49.81%,53.15%,0.223647,2026-09-15
TSLA,356.58,2026-09-21,6,Call,367.50,-3.06%,3.25,3.3,3.35,1196,427,2.8,41.23%,40.31%,0.292427,2026-09-15
FIVN,33.02,2026-10-16,31,Put,27.50,-16.72%,0.3,0.38,0.65,3163,1131,2.8,55.46%,64.25%,-0.138796,2026-09-15
INTC,97.14,2026-09-16,1,Put,95.00,-2.20%,0.59,0.61,0.61,4827,1722,2.8,59.66%,70.97%,-0.267494,2026-09-15
CCL,22.11,2027-03-19,185,Call,30.00,-35.69%,0.61,0.75,0.85,5012,1792,2.8,47.71%,44.29%,0.212154,2026-09-15
MARA,11.24,2026-10-02,17,Call,10.50,+6.58%,1.22,1.2,1.28,549,197,2.79,86.99%,87.40%,0.678812,2026-09-15
SNDK,1530.9,2026-09-25,10,Call,"1,550.00",-1.25%,57.4,58.8,61.7,661,237,2.79,68.18%,66.89%,0.480981,2026-09-15
RBLX,50.24,2027-01-15,122,Put,47.50,-5.45%,5.4,5.45,5.75,711,255,2.79,57.91%,63.60%,-0.358446,2026-09-15
HOOD,110.45,2026-09-25,10,Call,113.00,-2.31%,3.55,3.55,3.7,512,184,2.78,62.34%,64.38%,0.439742,2026-09-15
IREN,41.58,2026-09-25,10,Put,42.00,+1.01%,2.42,2.44,2.49,5546,1998,2.78,81.54%,81.93%,-0.500239,2026-09-15
JPM,352.49,2026-09-18,3,Put,347.50,-1.42%,1.28,1.32,1.7,1513,547,2.77,26.19%,27.17%,-0.275236,2026-09-15
MBLY,7.92,2026-11-20,66,Call,8.00,-1.01%,0.68,0.75,0.82,1896,685,2.77,48.63%,56.85%,0.54262,2026-09-15
PCG,13.15,2026-11-20,66,Call,14.00,-6.46%,0.87,0.89,1,3793,1369,2.77,45.35%,56.56%,0.449547,2026-09-15
ARQQ,18.27,2026-09-18,3,Call,20.00,-9.47%,0.3,0.35,0.4,770,279,2.76,112.53%,141.84%,0.262048,2026-09-15
CRWD,242.49,2026-09-25,10,Put,220.00,-9.27%,1.64,2.05,2.1,882,320,2.76,56.71%,59.16%,-0.146341,2026-09-15
BAC,59.52,2026-09-25,10,Call,59.00,+0.87%,1.22,1.31,1.32,1157,419,2.76,27.27%,24.84%,0.596756,2026-09-15
SPCX,143.49,2026-09-18,3,Put,230.00,+60.29%,84.05,85.95,89.15,4511,1633,2.76,50.79%,223.61%,-0.987808,2026-09-15
RIVN,15.54,2026-09-25,10,Call,15.50,+0.26%,0.51,0.67,0.62,1282,467,2.75,56.34%,52.43%,0.533692,2026-09-15
META,670.24,2026-09-16,1,Call,660.00,+1.53%,12.55,12.75,12.85,2263,823,2.75,38.57%,44.97%,0.748506,2026-09-15
NBIS,207.37,2026-11-20,66,Put,195.00,-5.97%,22.6,23.55,24.2,621,227,2.74,80.42%,87.71%,-0.357374,2026-09-15
META,670.24,2026-09-18,3,Put,657.50,-1.90%,5.35,5.5,5.45,936,342,2.74,38.57%,44.28%,-0.307078,2026-09-15
OKLO,35.98,2026-09-18,3,Call,36.00,-0.06%,1.02,1.05,1.13,1112,406,2.74,70.68%,82.98%,0.513637,2026-09-15
META,670.24,2026-09-18,3,Put,660.00,-1.53%,6.15,6.27,6.3,3454,1261,2.74,38.57%,44.18%,-0.34078,2026-09-15
TSLA,356.58,2026-09-21,6,Call,370.00,-3.76%,2.65,2.68,2.7,1798,659,2.73,41.23%,40.37%,0.249389,2026-09-15
DELL,543.51,2026-09-18,3,Call,560.00,-3.03%,7.05,7.05,7.2,4519,1658,2.73,61.08%,69.10%,0.32933,2026-09-15
ICE,156.9,2026-09-18,3,Call,145.00,+7.58%,11.5,11.92,12.8,25205,9236,2.73,25.48%,57.61%,0.938109,2026-09-15
MSTR,129.6,2026-09-18,3,Put,120.00,-7.41%,0.88,0.89,0.91,28189,10338,2.73,71.43%,88.53%,-0.158059,2026-09-15
PANW,375.09,2026-09-18,3,Put,365.00,-2.69%,3.8,4.1,4.35,528,194,2.72,52.24%,61.14%,-0.299981,2026-09-15
APH,77.65,2026-12-18,94,Put,80.00,+3.03%,7.8,8.1,8.3,507,187,2.71,41.89%,44.57%,-0.498532,2026-09-15
RIG,5.94,2026-09-25,10,Call,6.00,-1.01%,0.16,0.17,0.18,1954,722,2.71,45.46%,51.44%,0.462773,2026-09-15
ETN,392.4,2027-01-15,122,Put,340.00,-13.35%,11.3,13.2,15,584,216,2.7,38.20%,40.42%,-0.221928,2026-09-15
RTX,195.5,2026-11-20,66,Put,180.00,-7.93%,3.1,3.17,3.6,954,355,2.69,24.02%,29.24%,-0.224713,2026-09-15
NOW,141.9,2026-09-18,3,Call,146.00,-2.89%,1.59,1.67,1.66,1575,585,2.69,53.84%,62.63%,0.319864,2026-09-15
GOOG,341.43,2026-10-09,24,Call,350.00,-2.51%,6.6,6.85,7.1,2142,796,2.69,29.48%,29.11%,0.395406,2026-09-15
MSTR,129.6,2026-09-18,3,Put,126.00,-2.78%,2.39,2.39,2.5,2767,1027,2.69,71.43%,86.63%,-0.344102,2026-09-15
ADBE,257.76,2026-09-18,3,Put,257.50,-0.10%,4.1,4.26,4.45,1138,424,2.68,41.27%,47.63%,-0.479843,2026-09-15
NOW,141.9,2026-09-18,3,Put,143.00,+0.78%,3.65,3.66,3.85,526,197,2.67,53.84%,61.95%,-0.541924,2026-09-15
CMG,34.83,2026-10-02,17,Put,34.00,-2.38%,0.7,0.76,0.81,649,243,2.67,38.29%,38.58%,-0.363863,2026-09-15
SOFI,17.07,2026-09-18,3,Call,16.50,+3.34%,0.73,0.71,0.76,979,366,2.67,49.08%,64.66%,0.730355,2026-09-15
BMY,63.73,2026-10-16,31,Put,55.00,-13.70%,0.05,0.18,0.38,1001,375,2.67,26.26%,35.59%,-0.070413,2026-09-15
MSTR,129.6,2027-12-17,458,Call,150.00,-15.74%,40.25,43,41.75,2003,750,2.67,71.43%,80.29%,0.6345,2026-09-15
IONQ,37.05,2026-10-02,17,Call,39.00,-5.26%,1.39,1.46,2.05,649,244,2.66,70.18%,78.14%,0.416875,2026-09-15
NVDA,212.17,2026-10-02,17,Call,227.50,-7.23%,1.38,1.42,1.42,797,300,2.66,33.58%,32.94%,0.177398,2026-09-15
WHR,33.03,2027-01-15,122,Put,32.50,-1.60%,3.9,4.1,4.2,2061,775,2.66,53.38%,53.89%,-0.429987,2026-09-15
HOOD,110.45,2026-09-18,3,Put,106.00,-4.03%,1.26,1.27,1.29,5810,2187,2.66,62.34%,76.60%,-0.264106,2026-09-15
MSTR,129.6,2026-09-25,10,Call,137.00,-5.71%,3.55,3.7,3.85,568,214,2.65,71.43%,76.41%,0.356438,2026-09-15
MSTR,129.6,2026-09-18,3,Put,132.00,+1.85%,5.3,5.4,5.5,4297,1624,2.65,71.43%,86.90%,-0.575606,2026-09-15
CRWD,242.49,2026-09-18,3,Put,230.00,-5.15%,1.57,1.6,1.67,6170,2324,2.65,56.71%,68.92%,-0.188901,2026-09-15
TEM,68.85,2026-09-18,3,Call,72.00,-4.58%,1.02,1.15,1.2,514,195,2.64,77.09%,92.34%,0.3124,2026-09-15
QS,5.05,2029-01-19,857,Call,10.00,-98.02%,1.5,1.6,2.21,602,228,2.64,67.96%,90.13%,0.605381,2026-09-15
QCOM,187.8,2026-09-18,3,Call,192.50,-2.50%,2.17,2.2,2.35,1877,712,2.64,48.90%,60.92%,0.338115,2026-09-15
SNDK,1530.9,2026-09-18,3,Call,"1,550.00",-1.25%,31.4,32.1,33.4,3070,1164,2.64,68.18%,73.71%,0.441266,2026-09-15
PDSB,0.5853,2026-09-18,3,Call,0.5000,+14.57%,0.1,0.14,0.15,5803,2199,2.64,240.16%,382.98%,0.735063,2026-09-15
LOW,194.61,2026-09-18,3,Put,230.00,+18.19%,34.4,34.75,37,583,222,2.63,27.71%,105.48%,-0.955538,2026-09-15
SPCX,143.49,2026-09-18,3,Put,215.00,+49.84%,68.8,70.75,74.15,699,266,2.63,50.79%,167.38%,-0.996801,2026-09-15
DELL,543.51,2026-09-18,3,Put,565.00,+3.95%,26.75,27.55,27.35,794,302,2.63,61.08%,68.96%,-0.721208,2026-09-15
AMD,504.2,2026-09-18,3,Put,507.50,+0.65%,12.45,12.7,12.85,1033,393,2.63,50.41%,60.11%,-0.535133,2026-09-15
CMG,34.83,2026-09-18,3,Put,33.50,-3.82%,0.14,0.17,0.19,1202,457,2.63,38.29%,49.92%,-0.187008,2026-09-15
CRWD,242.49,2026-09-25,10,Put,205.00,-15.46%,0.5,0.54,0.66,689,263,2.62,56.71%,64.58%,-0.051197,2026-09-15
SEDG,35.26,2026-09-18,3,Call,35.50,-0.68%,1.02,1.28,1.28,508,195,2.61,78.75%,98.63%,0.488897,2026-09-15
NVDA,212.17,2026-10-02,17,Put,217.50,+2.51%,8.8,8.89,8.95,558,214,2.61,33.58%,32.52%,-0.619732,2026-09-15
BX,126.7,2026-09-18,3,Call,131.00,-3.39%,0.58,0.73,0.78,826,317,2.61,37.41%,47.02%,0.223067,2026-09-15
META,670.24,2026-09-18,3,Put,652.50,-2.65%,4,4.1,4.1,1144,439,2.61,38.57%,44.76%,-0.2459,2026-09-15
CNC,67.66,2026-09-18,3,Call,68.00,-0.50%,0.91,1.2,1.57,929,357,2.6,43.70%,56.84%,0.473795,2026-09-15
TSM,413.75,2026-09-18,3,Call,415.00,-0.30%,3.75,4.48,4.6,1630,627,2.6,33.14%,31.56%,0.466971,2026-09-15
MU,927.6,2026-09-18,3,Put,925.00,-0.28%,17.3,17.55,18.4,2740,1054,2.6,58.70%,57.44%,-0.466299,2026-09-15
RIO,97.26,2026-12-18,94,Put,90.00,-7.46%,2.8,2.84,2.95,587,227,2.59,30.76%,28.19%,-0.29886,2026-09-15
TSLA,356.58,2026-09-25,10,Call,362.50,-1.66%,7.5,7.55,7.6,1868,721,2.59,41.23%,42.52%,0.42674,2026-09-15
SPCX,143.49,2026-09-25,10,Call,147.00,-2.45%,3.65,3.7,3.75,2112,815,2.59,50.79%,54.37%,0.415849,2026-09-15
INTC,97.14,2026-09-16,1,Put,94.00,-3.23%,0.38,0.39,0.39,2180,843,2.59,59.66%,72.43%,-0.187307,2026-09-15
GOOGL,344.98,2026-09-16,1,Put,345.00,+0.01%,2.25,2.33,2.4,4210,1624,2.59,29.70%,32.33%,-0.496224,2026-09-15
PLTR,172.56,2026-09-18,3,Put,172.50,-0.03%,3.6,3.62,3.7,9139,3528,2.59,49.75%,59.35%,-0.484904,2026-09-15
CRWD,242.49,2026-09-18,3,Call,250.00,-3.10%,2.91,3,3.05,14466,5588,2.59,56.71%,67.13%,0.320644,2026-09-15
BFLY,7.8,2026-10-16,31,Call,10.00,-28.21%,0.25,0.28,0.3,14640,5649,2.59,93.92%,98.59%,0.238774,2026-09-15
SPCX,143.49,2026-10-16,31,Put,125.00,-12.89%,2.09,2.1,2.13,16710,6440,2.59,50.79%,53.81%,-0.164523,2026-09-15
WULF,14.49,2026-09-18,3,Call,15.00,-3.52%,0.28,0.3,0.3,6310,2448,2.58,83.93%,96.27%,0.35534,2026-09-15
META,670.24,2027-03-19,185,Call,"1,100.00",-64.12%,7,7.4,7.55,601,234,2.57,38.57%,43.90%,0.08531,2026-09-15
F,13.5,2026-09-25,10,Call,13.50,0.00%,0.3,0.31,0.34,614,239,2.57,33.34%,36.07%,0.510356,2026-09-15
DELL,543.51,2026-09-18,3,Call,565.00,-3.95%,5.6,5.71,5.85,3246,1264,2.57,61.08%,69.17%,0.279963,2026-09-15
META,670.24,2026-09-18,3,Call,662.50,+1.15%,15.1,15.37,15.4,1080,422,2.56,38.57%,44.96%,0.622501,2026-09-15
AMD,504.2,2026-09-18,3,Put,497.50,-1.33%,7.75,7.96,8.1,563,221,2.55,50.41%,60.77%,-0.391669,2026-09-15
PM,194.11,2026-11-20,66,Call,210.00,-8.19%,3.6,4.05,4.4,5067,1984,2.55,27.23%,29.05%,0.284594,2026-09-15
NEE,81.07,2026-09-18,3,Put,81.00,-0.09%,0.5,0.56,0.75,618,243,2.54,21.41%,22.56%,-0.478186,2026-09-15
S,23.48,2026-12-18,94,Put,20.00,-14.82%,1.1,1.25,1.3,1001,394,2.54,54.46%,60.48%,-0.240914,2026-09-15
FCX,69.38,2026-09-25,10,Put,69.00,-0.55%,1.73,2.26,2.67,624,247,2.53,46.06%,52.73%,-0.454698,2026-09-15
FCX,69.38,2026-09-25,10,Call,70.00,-0.89%,1.84,1.96,2.04,726,287,2.53,46.06%,48.11%,0.47501,2026-09-15
AAPL,331.34,2026-09-25,10,Call,332.50,-0.35%,5.05,5.15,5.25,909,359,2.53,24.56%,25.43%,0.483804,2026-09-15
AVGO,339.27,2026-09-16,1,Put,345.00,+1.69%,6.5,6.75,7,1857,733,2.53,35.46%,43.32%,-0.7659,2026-09-15
NVDA,212.17,2026-09-23,8,Call,227.50,-7.23%,0.34,0.35,0.37,529,210,2.52,33.58%,32.43%,0.078584,2026-09-15
GME,21.44,2026-09-18,3,Call,21.50,-0.28%,0.37,0.38,0.38,10485,4156,2.52,44.66%,52.40%,0.483967,2026-09-15
SNAP,5.83,2026-10-30,45,Call,1.50,+74.27%,4.2,4.5,4.95,602,240,2.51,59.14%,361.60%,0.956161,2026-09-15
RCAT,7.97,2026-09-18,3,Call,8.00,-0.38%,0.21,0.33,0.38,3077,1226,2.51,80.56%,107.80%,0.502809,2026-09-15
DELL,543.51,2026-09-18,3,Call,570.00,-4.87%,4.5,4.47,4.7,3326,1329,2.5,61.08%,69.57%,0.23609,2026-09-15
TSLA,356.58,2026-09-18,3,Put,362.50,+1.66%,9.4,9.5,9.55,3617,1444,2.5,41.23%,47.12%,-0.640338,2026-09-15
SNOW,322.98,2026-09-18,3,Put,317.50,-1.70%,3.4,3.92,4,700,281,2.49,46.15%,52.52%,-0.34878,2026-09-15
TSLA,356.58,2026-09-21,6,Put,340.00,-4.65%,1.67,1.7,1.71,708,284,2.49,41.23%,40.19%,-0.16848,2026-09-15
HOOD,110.45,2026-09-25,10,Put,106.00,-4.03%,2.65,2.68,2.74,801,322,2.49,62.34%,64.66%,-0.327894,2026-09-15
UPST,25.28,2026-09-18,3,Put,24.50,-3.09%,0.34,0.35,0.39,888,357,2.49,60.05%,76.45%,-0.311845,2026-09-15
SBUX,96.58,2026-09-18,3,Put,97.00,+0.43%,1.06,1.37,1.71,942,379,2.49,27.04%,33.35%,-0.550066,2026-09-15
CRUS,122.21,2026-09-18,3,Call,125.00,-2.28%,1,1.3,1.4,995,400,2.49,36.86%,51.94%,0.326518,2026-09-15
LUNR,13.87,2026-09-25,10,Call,16.00,-15.36%,0.01,0.2,0.23,565,228,2.48,81.46%,75.71%,0.142431,2026-09-15
META,670.24,2026-09-16,1,Put,630.00,-6.00%,0.11,0.12,0.12,1850,747,2.48,38.57%,55.77%,-0.016248,2026-09-15
ORCL,140.35,2026-09-25,10,Put,136.00,-3.10%,2.45,2.68,2.77,661,268,2.47,49.81%,49.13%,-0.331935,2026-09-15
VRT,234.61,2026-09-25,10,Call,300.00,-27.87%,0.27,0.27,0.3,935,378,2.47,56.81%,74.37%,0.026942,2026-09-15
OBE,12.7,2027-04-16,213,Call,15.00,-18.11%,2.1,2.12,2.25,2744,1112,2.47,77.13%,74.37%,0.512762,2026-09-15
FIVN,33.02,2026-10-16,31,Call,37.50,-13.57%,0.5,1.01,1.15,632,257,2.46,55.46%,58.83%,0.261731,2026-09-15
NVDA,212.17,2026-09-21,6,Put,205.00,-3.38%,1.15,1.16,1.16,961,391,2.46,33.58%,34.79%,-0.210844,2026-09-15
AMD,504.2,2026-09-16,1,Put,475.00,-5.79%,0.36,0.37,0.38,964,392,2.46,50.41%,69.34%,-0.048016,2026-09-15
CCL,22.11,2027-01-15,122,Put,21.00,-5.02%,1.57,1.73,1.75,3447,1400,2.46,47.71%,44.73%,-0.364288,2026-09-15
SPCX,143.49,2026-09-18,3,Call,152.50,-6.28%,0.62,0.64,0.65,28710,11691,2.46,50.79%,63.31%,0.15214,2026-09-15
MS,206.28,2026-10-02,17,Call,230.00,-11.50%,0.15,0.2,0.51,582,238,2.45,34.87%,31.07%,0.057239,2026-09-15
P,96.97,2026-11-20,66,Call,115.00,-18.59%,3.9,5.5,5.9,600,245,2.45,64.77%,64.73%,0.323617,2026-09-15
COIN,172.11,2026-09-25,10,Put,170.00,-1.23%,6.5,6.61,6.8,869,354,2.45,65.29%,68.48%,-0.431465,2026-09-15
T,26.72,2026-09-25,10,Call,27.50,-2.92%,0.11,0.16,0.16,1187,485,2.45,24.04%,23.14%,0.230889,2026-09-15
INTU,329.27,2026-09-18,3,Call,347.50,-5.54%,1.55,1.75,2,7773,3176,2.45,48.28%,62.68%,0.179587,2026-09-15
CMG,34.83,2026-09-18,3,Put,34.50,-0.95%,0.36,0.49,0.5,826,339,2.44,38.29%,46.59%,-0.400332,2026-09-15
MU,927.6,2026-09-21,6,Put,920.00,-0.82%,18.1,18.2,19.6,829,340,2.44,58.70%,47.98%,-0.431586,2026-09-15
ARM,241.83,2026-09-18,3,Call,255.00,-5.45%,2.48,2.54,2.69,883,362,2.44,63.77%,81.86%,0.250307,2026-09-15
DELL,543.51,2026-09-18,3,Put,540.00,-0.65%,11.45,11.7,11.75,1647,676,2.44,61.08%,68.10%,-0.444581,2026-09-15
CLSK,12.62,2026-10-16,31,Call,14.00,-10.94%,0.67,0.67,0.73,3105,1272,2.44,80.95%,81.60%,0.380456,2026-09-15
CRCL,86.3,2026-09-18,3,Put,84.00,-2.67%,1.78,2.03,1.97,1070,441,2.43,78.41%,93.86%,-0.358278,2026-09-15
CRWD,242.49,2026-09-18,3,Call,247.50,-2.07%,3.65,3.83,4,2656,1093,2.43,56.71%,67.41%,0.382387,2026-09-15
COIN,172.11,2026-09-18,3,Put,160.00,-7.04%,0.95,0.98,0.98,33520,13793,2.43,65.29%,79.48%,-0.146294,2026-09-15
NOW,141.9,2026-09-25,10,Put,140.00,-1.34%,4.1,4.17,4.3,532,220,2.42,53.84%,55.36%,-0.420019,2026-09-15
SNDK,1530.9,2026-09-18,3,Call,"1,545.00",-0.92%,33.5,34.5,35,800,331,2.42,68.18%,73.21%,0.459967,2026-09-15
SWKS,90,2026-09-18,3,Call,95.00,-5.56%,0.9,1.2,1.5,1753,723,2.42,62.00%,91.93%,0.27198,2026-09-15
AMD,504.2,2026-09-18,3,Call,545.00,-8.09%,1.01,1.05,1.06,562,233,2.41,50.41%,60.66%,0.083473,2026-09-15
AMD,504.2,2026-09-18,3,Call,512.50,-1.65%,7.4,7.55,7.65,903,375,2.41,50.41%,60.54%,0.395638,2026-09-15
BMNR,23.6,2026-10-02,17,Call,30.00,-27.12%,0.29,0.32,0.33,4005,1665,2.41,80.69%,93.35%,0.139508,2026-09-15
PBR,21.77,2026-09-18,3,Put,22.00,+1.06%,0.42,0.51,0.57,704,293,2.4,48.60%,46.78%,-0.588651,2026-09-15
NOW,141.9,2026-09-18,3,Call,149.00,-5.00%,0.9,1,0.98,786,327,2.4,53.84%,63.72%,0.208609,2026-09-15
AVGO,339.27,2026-09-18,3,Call,352.50,-3.90%,0.81,0.81,1.16,1652,688,2.4,35.46%,40.46%,0.154251,2026-09-15
CRWV,80.92,2026-09-18,3,Call,86.00,-6.28%,0.78,0.77,0.83,1660,692,2.4,76.22%,85.62%,0.2291,2026-09-15
BAC,59.52,2026-10-02,17,Call,63.00,-5.85%,0.18,0.19,0.22,1804,752,2.4,27.27%,23.11%,0.135984,2026-09-15
AMD,504.2,2026-09-18,3,Put,490.00,-2.82%,5.25,5.35,5.4,7106,2958,2.4,50.41%,61.44%,-0.292723,2026-09-15
AVGO,339.27,2026-09-18,3,Call,350.00,-3.16%,1.34,1.44,1.56,9122,3794,2.4,35.46%,40.93%,0.207729,2026-09-15
BMNR,23.6,2026-09-18,3,Call,24.00,-1.69%,0.62,0.66,0.68,9476,3954,2.4,80.69%,96.69%,0.442469,2026-09-15
TEM,68.85,2026-09-18,3,Call,68.00,+1.23%,2.61,2.83,3.2,921,385,2.39,77.09%,98.86%,0.574079,2026-09-15
CRWD,242.49,2027-03-19,185,Put,77.50,-68.04%,0.08,0.35,0.37,1119,469,2.39,56.71%,70.06%,-0.005026,2026-09-15
MSTR,129.6,2027-12-17,458,Call,170.00,-31.17%,35.1,37.55,36.6,2017,844,2.39,71.43%,80.12%,0.580458,2026-09-15
CRWD,242.49,2026-09-18,3,Call,237.50,+2.06%,8.4,8.4,8.95,5191,2172,2.39,56.71%,66.80%,0.647502,2026-09-15
MU,927.6,2026-09-16,1,Call,915.00,+1.36%,16,18.46,18.7,707,297,2.38,58.70%,50.51%,0.703439,2026-09-15
JPM,352.49,2026-10-16,31,Put,315.00,-10.64%,1.38,1.59,1.9,2522,1061,2.38,26.19%,31.90%,-0.101366,2026-09-15
ORCL,140.35,2026-10-30,45,Put,130.00,-7.37%,4.95,5.4,5.55,595,251,2.37,49.81%,51.25%,-0.297963,2026-09-15
QCOM,187.8,2027-02-19,157,Put,100.00,-46.75%,0.57,0.77,1.17,638,269,2.37,48.90%,56.61%,-0.028291,2026-09-15
MSTR,129.6,2026-09-18,3,Put,134.00,+3.40%,6.4,6.7,6.85,980,414,2.37,71.43%,85.54%,-0.651412,2026-09-15
ZS,193.89,2026-09-18,3,Put,190.00,-2.01%,2.63,3,2.99,1150,487,2.36,56.92%,64.97%,-0.352751,2026-09-15
META,670.24,2028-01-21,493,Call,670.00,+0.04%,147.1,149,151.05,1724,731,2.36,38.57%,44.18%,0.636385,2026-09-15
AMZN,248.42,2026-09-16,1,Put,255.00,+2.65%,6.3,6.75,6.9,3362,1422,2.36,31.16%,25.66%,-0.976542,2026-09-15
AMZN,248.42,2026-09-21,6,Put,245.00,-1.38%,2.11,2.2,2.36,649,276,2.35,31.16%,29.69%,-0.345861,2026-09-15
NKE,36.22,2026-09-25,10,Call,37.50,-3.53%,0.32,0.34,0.36,666,284,2.35,46.76%,34.11%,0.277166,2026-09-15
TSLA,356.58,2026-10-09,24,Put,360.00,+0.96%,16.25,16.55,16.55,758,323,2.35,41.23%,41.04%,-0.508618,2026-09-15
WULF,14.49,2027-12-17,458,Call,15.00,-3.52%,5.2,5.35,5.55,3733,1586,2.35,83.93%,122.29%,0.606825,2026-09-15
PLTR,172.56,2026-09-18,3,Put,167.50,-2.93%,1.72,1.74,1.76,5195,2207,2.35,49.75%,61.05%,-0.284281,2026-09-15
AAOI,95.29,2027-06-17,275,Put,125.00,+31.18%,47.7,49.4,50.7,585,250,2.34,86.45%,93.57%,-0.466699,2026-09-15
NVDA,212.17,2026-09-23,8,Call,217.50,-2.51%,1.99,2.01,2.03,814,348,2.34,33.58%,32.24%,0.315039,2026-09-15
WDC,411.96,2027-01-15,122,Call,500.00,-21.37%,36.15,37.1,37.2,947,404,2.34,64.04%,67.79%,0.394645,2026-09-15
S,23.48,2026-09-18,3,Call,23.50,-0.09%,0.45,0.52,0.6,1415,604,2.34,54.46%,62.58%,0.507426,2026-09-15
MBGL,20.34,2026-10-16,31,Call,22.50,-10.62%,0.1,0.28,0.35,502,215,2.33,38.15%,36.80%,0.19541,2026-09-15
MRNA,143.77,2026-09-25,10,Call,155.00,-7.81%,2.72,3,3.9,678,291,2.33,71.23%,77.16%,0.30245,2026-09-15
GOOGL,344.98,2027-09-17,367,Call,340.00,+1.44%,56.2,57.33,58.5,1240,532,2.33,29.70%,35.98%,0.62647,2026-09-15
XP,19.53,2027-01-15,122,Put,15.00,-23.20%,0.5,0.65,0.7,8275,3554,2.33,55.98%,54.62%,-0.15875,2026-09-15
NVDA,212.17,2026-09-18,3,Call,217.50,-2.51%,1.02,1.04,1.04,21181,9074,2.33,33.58%,37.92%,0.24289,2026-09-15
GOOGL,344.98,2026-09-16,1,Call,350.00,-1.46%,0.66,0.67,0.69,10796,4650,2.32,29.70%,32.85%,0.204292,2026-09-15
WFC,89.72,2027-06-17,275,Put,47.50,-47.06%,0.15,0.24,0.28,529,228,2.32,30.53%,38.72%,-0.017543,2026-09-15
SOFI,17.07,2026-10-30,45,Put,16.00,-6.27%,0.63,0.73,0.73,646,279,2.32,49.08%,50.28%,-0.316859,2026-09-15
SOFI,17.07,2026-10-23,38,Call,18.00,-5.45%,0.71,0.73,0.74,721,311,2.32,49.08%,48.99%,0.408208,2026-09-15
AVGO,339.27,2026-09-18,3,Put,322.50,-4.94%,0.56,0.6,0.66,738,318,2.32,35.46%,43.59%,-0.095415,2026-09-15
BMNR,23.6,2026-10-16,31,Put,18.00,-23.73%,0.19,0.32,0.41,988,426,2.32,80.69%,81.43%,-0.101728,2026-09-15
SNDK,1530.9,2026-09-18,3,Call,"1,570.00",-2.55%,24,25.34,25.6,1161,501,2.32,68.18%,73.63%,0.366906,2026-09-15
SPCX,143.49,2027-03-19,185,Put,145.00,+1.05%,20.95,21.15,21.4,1300,561,2.32,50.79%,53.56%,-0.421534,2026-09-15
NVST,24.73,2026-09-18,3,Put,25.00,+1.09%,0.5,0.79,0.85,3034,1307,2.32,56.50%,59.27%,-0.567889,2026-09-15
COIN,172.11,2026-09-18,3,Put,172.50,+0.23%,4.95,5.1,5.1,3853,1663,2.32,65.29%,77.87%,-0.497351,2026-09-15
AAPL,331.34,2027-03-19,185,Put,350.00,+5.63%,31.8,33.05,32.7,741,321,2.31,24.56%,25.91%,-0.564007,2026-09-15
RZLV,2.28,2028-01-21,493,Call,4.50,-97.37%,0.45,0.49,0.55,1100,477,2.31,81.73%,88.75%,0.464003,2026-09-15
TSLA,356.58,2026-09-21,6,Call,357.50,-0.26%,6.75,6.89,7,1113,481,2.31,41.23%,39.57%,0.494546,2026-09-15
QUBT,7.84,2027-01-15,122,Put,7.00,-10.71%,0.77,0.88,0.95,1120,485,2.31,68.31%,75.08%,-0.308179,2026-09-15
MSTR,129.6,2026-09-25,10,Call,131.00,-1.08%,5.7,5.65,6.05,500,217,2.3,71.43%,75.52%,0.493812,2026-09-15
MU,927.6,2026-09-16,1,Call,910.00,+1.90%,20.5,22.2,22.55,615,267,2.3,58.70%,54.04%,0.756432,2026-09-15
ANVS,1.12,2026-09-18,3,Call,0.5000,+55.36%,0.55,0.7,0.9,522,228,2.29,839.26%,"1,229.80%",0.899932,2026-09-15
WDC,411.96,2026-10-16,31,Put,280.00,-32.03%,0.51,0.79,1,819,357,2.29,64.04%,70.09%,-0.022414,2026-09-15
SNDK,1530.9,2026-09-18,3,Put,"1,570.00",+2.55%,61.9,63.86,64.5,1257,550,2.29,68.18%,73.10%,-0.634698,2026-09-15
NVDA,212.17,2026-09-25,10,Put,197.50,-6.91%,0.84,0.85,0.86,2225,973,2.29,33.58%,38.77%,-0.122792,2026-09-15
TTD,15,2026-10-09,24,Call,16.00,-6.67%,0.51,0.52,0.53,3316,1449,2.29,57.99%,58.31%,0.366554,2026-09-15
HOOD,110.45,2026-09-18,3,Call,107.00,+3.12%,5,5.05,5.1,672,295,2.28,62.34%,76.13%,0.691003,2026-09-15
GRAB,2.91,2026-10-02,17,Call,3.00,-3.09%,0.09,0.11,0.11,1258,552,2.28,55.10%,54.46%,0.426199,2026-09-15
BILL,49.96,2026-10-16,31,Call,60.00,-20.10%,0.4,0.48,0.65,1508,660,2.28,56.69%,53.54%,0.141064,2026-09-15
CRCL,86.3,2028-12-15,822,Put,60.00,-30.48%,14.45,18.6,19.45,3753,1645,2.28,78.41%,75.27%,-0.174141,2026-09-15
AMZN,248.42,2026-10-23,38,Call,250.00,-0.64%,9.6,9.9,9.95,734,324,2.27,31.16%,31.50%,0.510544,2026-09-15
F,13.5,2027-03-19,185,Put,13.00,-3.70%,1.09,1.11,1.15,2010,886,2.27,33.34%,36.39%,-0.387332,2026-09-15
F,13.5,2026-09-18,3,Call,13.50,0.00%,0.19,0.19,0.21,2304,1016,2.27,33.34%,41.05%,0.506756,2026-09-15
CLSK,12.62,2026-09-25,10,Call,13.00,-3.01%,0.48,0.56,0.69,2527,1114,2.27,80.95%,89.32%,0.452219,2026-09-15
RKLB,63.55,2026-09-18,3,Put,62.00,-2.44%,1.13,1.16,1.17,4351,1920,2.27,69.43%,80.53%,-0.352603,2026-09-15
COIN,172.11,2026-09-25,10,Call,175.00,-1.68%,6.5,6.7,6.8,572,253,2.26,65.29%,69.31%,0.468456,2026-09-15
MCHP,71.49,2026-09-18,3,Call,74.00,-3.51%,0.4,0.45,0.65,643,285,2.26,47.12%,54.92%,0.252534,2026-09-15
AVGO,339.27,2026-09-25,10,Call,340.00,-0.22%,7.45,7.5,7.7,1190,526,2.26,35.46%,34.83%,0.501951,2026-09-15
UPS,102.35,2026-10-16,31,Put,90.00,-12.07%,0.12,0.17,0.22,2014,890,2.26,24.96%,26.94%,-0.049204,2026-09-15
PENG,47.5,2026-10-16,31,Call,50.00,-5.26%,3.7,4.42,4.7,811,361,2.25,95.10%,93.78%,0.484232,2026-09-15
GOOG,341.43,2026-09-18,3,Put,327.50,-4.08%,0.49,0.52,0.55,1454,646,2.25,29.48%,36.12%,-0.09742,2026-09-15
FIGR,33.28,2026-09-18,3,Call,35.00,-5.17%,0.4,0.62,0.7,2468,1097,2.25,82.13%,98.78%,0.303383,2026-09-15
DVN,51.33,2027-01-15,122,Put,47.50,-7.46%,2.29,2.34,2.43,3279,1459,2.25,36.02%,35.92%,-0.308078,2026-09-15
MSFT,497.12,2026-09-16,1,Put,485.00,-2.44%,0.3,0.31,0.33,1153,515,2.24,25.29%,33.69%,-0.07889,2026-09-15
BABA,109.34,2026-09-25,10,Call,112.00,-2.43%,2.22,2.39,2.49,1179,526,2.24,42.33%,48.31%,0.396775,2026-09-15
META,670.24,2026-09-16,1,Call,662.50,+1.15%,10.85,11.1,11.05,2118,945,2.24,38.57%,45.25%,0.693609,2026-09-15
ARM,241.83,2026-09-18,3,Put,225.00,-6.96%,1.18,1.3,1.45,2586,1157,2.24,63.77%,78.06%,-0.144886,2026-09-15
HOOD,110.45,2026-09-18,3,Call,106.00,+4.03%,5.65,5.75,5.85,513,230,2.23,62.34%,76.43%,0.736489,2026-09-15
EAT,203.47,2026-09-18,3,Put,200.00,-1.71%,3.4,3.85,4.3,951,427,2.23,50.38%,74.40%,-0.385209,2026-09-15
BULL,8.66,2026-10-02,17,Call,9.50,-9.70%,0.05,0.18,0.2,973,436,2.23,54.62%,52.88%,0.229826,2026-09-15
CSCO,110.07,2027-03-19,185,Call,100.00,+9.15%,17.4,17.61,18.05,1597,716,2.23,30.32%,38.31%,0.698023,2026-09-15
BE,259.35,2026-09-18,3,Put,250.00,-3.61%,4.7,4.75,4.85,8076,3615,2.23,79.79%,94.33%,-0.317317,2026-09-15
TSLA,356.58,2026-09-18,3,Put,355.00,-0.44%,5.2,5.25,5.3,10039,4499,2.23,41.23%,47.03%,-0.447787,2026-09-15
CVX,217.77,2026-09-18,3,Call,227.50,-4.47%,0.23,0.27,0.3,574,258,2.22,28.61%,34.75%,0.085229,2026-09-15
CG,41.42,2026-12-18,94,Call,45.00,-8.64%,1.6,2.07,2.35,603,272,2.22,41.53%,39.79%,0.377997,2026-09-15
PAGS,9.62,2026-09-18,3,Call,9.00,+6.44%,0.45,0.69,0.8,4470,2010,2.22,48.42%,44.78%,0.955275,2026-09-15
TSLA,356.58,2026-09-25,10,Call,382.50,-7.27%,2.4,2.24,2.45,945,427,2.21,41.23%,43.77%,0.179103,2026-09-15
TMC,3.75,2026-10-23,38,Call,5.00,-33.33%,0.06,0.13,0.15,1002,453,2.21,78.28%,88.99%,0.199057,2026-09-15
NVDA,212.17,2026-09-21,6,Call,210.00,+1.02%,4.8,4.8,4.85,2003,907,2.21,33.58%,33.08%,0.608621,2026-09-15
PCG,13.15,2027-03-19,185,Call,14.00,-6.46%,1.3,1.71,2.09,2270,1025,2.21,45.35%,53.26%,0.518963,2026-09-15
CNC,67.66,2026-09-18,3,Call,69.00,-1.98%,0.37,0.75,1.16,4584,2078,2.21,43.70%,53.48%,0.35414,2026-09-15
WMT,108.09,2026-09-25,10,Put,110.00,+1.77%,2.61,2.75,2.8,923,419,2.2,23.25%,22.51%,-0.669902,2026-09-15
NOK,9.84,2028-12-15,822,Call,8.00,+18.70%,4.25,4.33,4.4,2901,1320,2.2,55.91%,62.97%,0.757217,2026-09-15
WFC,89.72,2026-09-18,3,Call,92.00,-2.54%,0.25,0.23,0.3,1146,523,2.19,30.53%,31.58%,0.19555,2026-09-15
HRL,20.79,2026-10-09,24,Put,23.00,+10.63%,1.45,2.48,2.9,2096,955,2.19,26.79%,44.42%,-0.796884,2026-09-15
NVDA,212.17,2026-09-23,8,Put,212.50,+0.16%,4.2,4.2,4.3,643,295,2.18,33.58%,33.10%,-0.498468,2026-09-15
LRCX,270.87,2028-01-21,493,Put,190.00,-29.86%,25.15,26.71,27.6,504,232,2.17,56.22%,59.93%,-0.180244,2026-09-15
AMZN,248.42,2027-09-17,367,Put,200.00,-19.49%,11.1,11.46,11.55,1509,695,2.17,31.16%,36.19%,-0.192172,2026-09-15
SNDK,1530.9,2026-09-18,3,Call,"1,600.00",-4.51%,15.9,16.1,16.4,3913,1806,2.17,68.18%,73.88%,0.26718,2026-09-15
TSLA,356.58,2026-09-18,3,Put,352.50,-1.14%,4.1,4.25,4.2,4240,1958,2.17,41.23%,46.86%,-0.38281,2026-09-15
NOW,141.9,2026-10-23,38,Call,140.00,+1.34%,11.45,12.16,11.85,666,309,2.16,53.84%,57.43%,0.573877,2026-09-15
DELL,543.51,2026-09-18,3,Call,590.00,-8.55%,1.72,1.75,1.79,3129,1446,2.16,61.08%,70.90%,0.107352,2026-09-15
SLB,54.2,2026-10-16,31,Call,55.00,-1.48%,2,2.07,2.12,6884,3182,2.16,37.64%,38.01%,0.473232,2026-09-15
META,670.24,2026-09-16,1,Put,637.50,-4.88%,0.18,0.22,0.23,1080,503,2.15,38.57%,51.06%,-0.029346,2026-09-15
ADBE,257.76,2028-01-21,493,Put,190.00,-26.29%,15.35,16.72,19.05,1529,712,2.15,41.27%,45.84%,-0.178884,2026-09-15
FSK,12,2026-12-18,94,Call,10.00,+16.67%,1.5,2.02,2.55,7561,3523,2.15,26.14%,34.60%,0.907614,2026-09-15
COIN,172.11,2026-09-18,3,Put,175.00,+1.68%,6.35,6.56,6.65,9107,4237,2.15,65.29%,78.86%,-0.576922,2026-09-15
AAPL,331.34,2026-09-16,1,Call,340.00,-2.61%,0.11,0.12,0.12,16059,7477,2.15,24.56%,30.15%,0.052496,2026-09-15
HON,203.44,2026-09-18,3,Put,200.00,-1.69%,0.05,1.6,1.6,657,307,2.14,29.64%,28.92%,-0.254336,2026-09-15
SNDK,1530.9,2026-09-18,3,Put,"1,545.00",+0.92%,46.1,47.5,48.7,797,372,2.14,68.18%,72.26%,-0.541301,2026-09-15
HPE,55.88,2026-12-18,94,Put,55.00,-1.57%,6.5,6.65,6.75,1061,496,2.14,59.07%,64.96%,-0.408605,2026-09-15
DKNG,24.64,2027-12-17,458,Call,70.00,-184.09%,0.47,0.63,0.95,1201,561,2.14,55.57%,58.28%,0.116053,2026-09-15
ORCL,140.35,2026-09-18,3,Call,147.00,-4.74%,0.86,0.89,0.92,1714,801,2.14,49.81%,60.76%,0.209034,2026-09-15
CRWD,242.49,2026-09-18,3,Call,260.00,-7.22%,1.08,1.12,1.18,5065,2366,2.14,56.71%,70.48%,0.145779,2026-09-15
AAPL,331.34,2026-09-18,3,Put,327.50,-1.16%,1.87,1.89,1.91,8531,3988,2.14,24.56%,29.44%,-0.323142,2026-09-15
MSTR,129.6,2026-09-18,3,Call,132.00,-1.85%,3.05,3.12,3.25,5795,2727,2.13,71.43%,89.37%,0.427668,2026-09-15
LOGI,101.14,2026-11-20,66,Call,110.00,-8.76%,3.1,3.2,3.4,688,324,2.12,34.15%,38.10%,0.328369,2026-09-15
BAC,59.52,2027-03-19,185,Put,65.00,+9.21%,6.95,7.3,7.25,861,406,2.12,27.27%,23.94%,-0.65795,2026-09-15
CIFR,15.09,2026-09-25,10,Put,16.50,+9.34%,1.71,1.83,1.97,1311,618,2.12,96.43%,95.02%,-0.686413,2026-09-15
ADBE,257.76,2026-10-16,31,Call,250.00,+3.01%,16.75,17.3,17.6,1417,669,2.12,41.27%,42.24%,0.631312,2026-09-15
DELL,543.51,2026-09-18,3,Put,495.00,-8.93%,1,1.21,1.1,578,274,2.11,61.08%,70.53%,-0.067082,2026-09-15
ASTS,58.77,2026-09-18,3,Call,59.00,-0.39%,1.6,1.68,1.73,604,286,2.11,72.45%,83.11%,0.495923,2026-09-15
COIN,172.11,2026-09-25,10,Put,175.00,+1.68%,9.1,9.01,9.5,720,342,2.11,65.29%,68.61%,-0.533176,2026-09-15
TSLA,356.58,2026-09-21,6,Put,365.00,+2.36%,11.95,12.49,12.35,1015,480,2.11,41.23%,39.60%,-0.665263,2026-09-15
AS,26.62,2026-09-18,3,Call,28.50,-7.06%,0.1,0.2,0.3,1262,599,2.11,46.21%,81.95%,0.190116,2026-09-15
ASTS,58.77,2026-09-18,3,Call,61.00,-3.79%,0.84,0.93,0.95,1328,629,2.11,72.45%,82.57%,0.32413,2026-09-15
BE,259.35,2026-09-18,3,Call,265.00,-2.18%,6.25,6.45,6.55,1591,753,2.11,79.79%,94.01%,0.418088,2026-09-15
TSLA,356.58,2026-09-18,3,Call,365.00,-2.36%,3,3.05,3.1,11751,5574,2.11,41.23%,48.76%,0.308813,2026-09-15
KTOS,47.62,2026-09-25,10,Call,53.00,-11.30%,0.05,0.72,1.3,515,245,2.1,61.82%,74.80%,0.2134,2026-09-15
META,670.24,2026-09-18,3,Call,717.50,-7.05%,0.68,0.69,0.71,897,428,2.1,38.57%,46.95%,0.057826,2026-09-15
AVGO,339.27,2028-01-21,493,Call,480.00,-41.48%,34.15,35.45,37.3,1310,625,2.1,35.46%,45.46%,0.374998,2026-09-15
JPM,352.49,2026-09-25,10,Call,360.00,-2.13%,2.58,2.9,3.5,1387,661,2.1,26.19%,25.54%,0.320768,2026-09-15
META,670.24,2026-10-16,31,Put,670.00,-0.04%,28.75,28.82,29.05,721,345,2.09,38.57%,38.38%,-0.468653,2026-09-15
RBLX,50.24,2026-09-18,3,Call,52.00,-3.50%,0.5,0.62,0.7,721,345,2.09,57.91%,69.74%,0.305594,2026-09-15
MU,927.6,2026-09-21,6,Call,950.00,-2.41%,12.95,13.31,13.6,770,368,2.09,58.70%,46.95%,0.360678,2026-09-15
NVDA,212.17,2026-09-16,1,Call,207.50,+2.20%,5.05,5.05,5.15,1862,896,2.08,33.58%,43.49%,0.839641,2026-09-15
COIN,172.11,2026-09-18,3,Call,180.00,-4.58%,2.15,2.17,2.19,10156,4910,2.07,65.29%,81.25%,0.285122,2026-09-15
AMZN,248.42,2026-09-21,6,Call,265.00,-6.67%,0.2,0.21,0.23,751,362,2.07,31.16%,30.54%,0.053125,2026-09-15
AVGO,339.27,2026-09-18,3,Call,345.00,-1.69%,2.65,2.7,2.8,1532,741,2.07,35.46%,40.86%,0.334571,2026-09-15
CVX,217.77,2026-09-25,10,Put,210.00,-3.57%,1.35,1.43,1.74,680,330,2.06,28.61%,31.05%,-0.23109,2026-09-15
OKE,94.72,2026-10-16,31,Put,95.00,+0.30%,2.9,3.1,3.2,920,447,2.06,27.84%,26.20%,-0.501462,2026-09-15
PAGS,9.62,2028-01-21,493,Call,3.00,+68.81%,4.6,7.7,9,2575,1248,2.06,48.42%,113.71%,0.928843,2026-09-15
NVDA,212.17,2026-09-16,1,Put,205.00,-3.38%,0.19,0.19,0.2,18533,9006,2.06,33.58%,47.43%,-0.0807,2026-09-15
TSLA,356.58,2026-09-18,3,Put,360.00,+0.96%,7.8,8,7.95,22389,10886,2.06,41.23%,46.83%,-0.578596,2026-09-15
WDC,411.96,2027-01-15,122,Call,420.00,-1.95%,60.9,62.39,63.2,852,415,2.05,64.04%,67.02%,0.569501,2026-09-15
AAPL,331.34,2027-04-16,213,Call,340.00,-2.61%,27.05,26.78,27.5,1109,540,2.05,24.56%,27.77%,0.532962,2026-09-15
WULF,14.49,2026-11-20,66,Put,11.00,-24.09%,0.59,0.64,0.68,2017,982,2.05,83.93%,82.58%,-0.188078,2026-09-15
INTC,97.14,2026-09-18,3,Call,99.00,-1.91%,1.66,1.62,1.7,2951,1440,2.05,59.66%,70.24%,0.396637,2026-09-15
CRCL,86.3,2026-09-25,10,Put,85.00,-1.51%,3.65,3.9,4.15,637,313,2.04,78.41%,80.63%,-0.425996,2026-09-15
KLAR,14.11,2026-09-18,3,Call,12.50,+11.41%,1.4,1.8,1.9,732,359,2.04,46.57%,92.26%,0.932399,2026-09-15
MDLZ,62.1,2027-01-15,122,Call,50.00,+19.48%,12,12.55,12.9,894,438,2.04,22.41%,27.66%,0.920596,2026-09-15
ORCL,140.35,2026-09-18,3,Put,210.00,+49.63%,69.5,69.5,69.85,1600,783,2.04,49.81%,173.30%,-0.994302,2026-09-15
CRWD,242.49,2026-09-18,3,Put,227.50,-6.18%,1.11,1.17,1.26,1779,874,2.04,56.71%,69.34%,-0.146665,2026-09-15
NVDA,212.17,2026-09-21,6,Call,220.00,-3.69%,0.87,0.89,0.9,4680,2294,2.04,33.58%,31.28%,0.191961,2026-09-15
COIN,172.11,2026-09-18,3,Call,195.00,-13.30%,0.37,0.4,0.4,5992,2940,2.04,65.29%,88.67%,0.065596,2026-09-15
SNDK,1530.9,2026-09-18,3,Call,"1,575.00",-2.88%,22.6,23.15,23.7,563,277,2.03,68.18%,73.67%,0.349193,2026-09-15
CAR,118.53,2026-09-18,3,Put,300.00,+153.10%,178.2,181.9,184.9,600,296,2.03,53.44%,402.86%,-0.991676,2026-09-15
SHEL,98.95,2027-01-15,122,Call,105.00,-6.11%,3.2,3.4,3.6,655,322,2.03,25.24%,25.07%,0.370717,2026-09-15
CMPX,1.85,2026-10-16,31,Call,3.0000,-62.16%,0.1,0.15,0.2,804,396,2.03,134.41%,197.85%,0.292953,2026-09-15
INTC,97.14,2026-09-18,3,Put,99.00,+1.91%,3.45,3.45,3.55,3549,1744,2.03,59.66%,69.75%,-0.604627,2026-09-15
TBBB,50.79,2026-10-16,31,Call,50.00,+1.56%,2.7,2.8,2.85,512,254,2.02,37.27%,38.83%,0.588229,2026-09-15
CRWD,242.49,2026-09-25,10,Call,245.00,-1.04%,8.2,8.15,8.6,887,440,2.02,56.71%,59.02%,0.481492,2026-09-15
NVDA,212.17,2026-10-23,38,Call,210.00,+1.02%,10.75,10.79,10.9,950,470,2.02,33.58%,34.38%,0.570578,2026-09-15
TCOM,39.25,2027-01-15,122,Put,38.00,-3.18%,2.4,2.52,2.75,1028,508,2.02,41.61%,36.40%,-0.390062,2026-09-15
ORCL,140.35,2026-09-18,3,Put,136.00,-3.10%,1.12,1.21,1.22,1899,941,2.02,49.81%,56.77%,-0.26084,2026-09-15
INTC,97.14,2027-12-17,458,Put,75.00,-22.79%,11.95,12.07,12.6,2015,1000,2.02,59.66%,61.51%,-0.220356,2026-09-15
NTSK,17.47,2026-10-16,31,Call,20.00,-14.48%,0.65,0.75,0.75,2734,1355,2.02,74.68%,76.06%,0.31376,2026-09-15
NU,14.19,2026-09-25,10,Call,14.50,-2.18%,0.23,0.26,0.33,500,249,2.01,45.09%,43.42%,0.400923,2026-09-15
JPM,352.49,2026-09-18,3,Call,347.50,+1.42%,6.75,8,8.2,1013,505,2.01,26.19%,35.65%,0.677989,2026-09-15
LULU,98.37,2026-09-18,3,Put,92.00,-6.48%,0.04,0.1,0.21,513,257,2,40.72%,49.44%,-0.063969,2026-09-15
YALA,5.41,2027-04-16,213,Put,7.50,+38.63%,1.95,2.1,2.45,560,280,2,70.43%,45.25%,-0.798907,2026-09-15
HOOD,110.45,2026-09-25,10,Put,104.00,-5.84%,2,2.19,2.15,673,337,2,62.34%,65.47%,-0.268441,2026-09-15
MSTR,129.6,2026-09-18,3,Put,122.00,-5.86%,1.24,1.25,1.32,1545,773,2,71.43%,87.69%,-0.210892,2026-09-15
ABUS,5.06,2026-10-16,31,Call,10.00,-97.63%,0,0.58,1,2000,1000,2,56.92%,255.67%,0.295422,2026-09-15
ABUS,5.06,2026-10-16,31,Put,10.00,+97.63%,2.9,5.62,7.5,2000,1000,2,56.92%,209.67%,-0.791739,2026-09-15
AVGO,339.27,2026-09-18,3,Put,420.00,+23.80%,80.4,80,81.75,2437,1221,2,35.46%,121.05%,-0.971242,2026-09-15
ZS,193.89,2026-09-18,3,Call,200.00,-3.15%,2.11,2.6,2.63,7418,3708,2,56.92%,67.43%,0.318395,2026-09-15
UA,4.81,2026-10-16,31,Put,5.00,+3.95%,0.25,0.33,0.45,1143,573,1.99,57.37%,44.24%,-0.587308,2026-09-15
ZION,67.99,2026-09-18,3,Put,67.50,-0.72%,0.55,0.9,0.75,1605,805,1.99,26.61%,35.73%,-0.40444,2026-09-15
SMCI,35.64,2026-09-18,3,Call,36.50,-2.41%,0.63,0.65,0.66,2045,1027,1.99,68.70%,77.72%,0.382474,2026-09-15
ORCL,140.35,2026-09-18,3,Put,195.00,+38.94%,54.5,54.45,54.85,2403,1206,1.99,49.81%,144.81%,-0.993497,2026-09-15
NVDA,212.17,2028-12-15,822,Put,155.00,-26.95%,15.8,15.83,16.3,3383,1702,1.99,33.58%,40.08%,-0.175625,2026-09-15
INTC,97.14,2026-09-18,3,Put,87.00,-10.44%,0.15,0.15,0.18,3781,1898,1.99,59.66%,78.00%,-0.05505,2026-09-15
AAPL,331.34,2026-09-18,3,Call,342.50,-3.37%,0.41,0.43,0.43,7871,3965,1.99,24.56%,28.48%,0.103934,2026-09-15
DELL,543.51,2026-09-18,3,Put,532.50,-2.03%,8.3,8.45,8.55,671,339,1.98,61.08%,68.14%,-0.357237,2026-09-15
CRCL,86.3,2026-09-18,3,Call,91.00,-5.45%,1.29,1.29,1.47,907,458,1.98,78.41%,99.44%,0.294632,2026-09-15
ORCL,140.35,2026-09-18,3,Put,200.00,+42.50%,59.5,59.45,59.85,1825,924,1.98,49.81%,154.61%,-0.993808,2026-09-15
SPCX,143.49,2026-09-25,10,Call,157.50,-9.76%,1.12,1.12,1.17,2399,1213,1.98,50.79%,55.55%,0.169395,2026-09-15
WULF,14.49,2027-12-17,458,Call,30.00,-107.04%,2.27,2.5,2.64,5691,2880,1.98,83.93%,107.37%,0.349975,2026-09-15
ORCL,140.35,2026-09-18,3,Put,230.00,+63.88%,89.5,89.5,89.85,901,458,1.97,49.81%,207.65%,-0.994969,2026-09-15
DVN,51.33,2026-09-18,3,Put,48.50,-5.51%,0.05,0.1,0.13,908,460,1.97,36.02%,46.98%,-0.087683,2026-09-15
MU,927.6,2026-09-21,6,Call,"1,000.00",-7.81%,3.25,3.39,3.5,917,466,1.97,58.70%,48.55%,0.121599,2026-09-15
SPCX,143.49,2026-10-23,38,Call,190.00,-32.41%,0.64,0.67,0.71,958,487,1.97,50.79%,53.87%,0.066,2026-09-15
BFLY,7.8,2026-09-18,3,Call,7.50,+3.85%,0.4,0.49,0.6,2193,1111,1.97,93.92%,118.24%,0.663604,2026-09-15
NKE,36.22,2026-09-25,10,Call,36.00,+0.61%,0.89,0.92,0.95,724,370,1.96,46.76%,33.97%,0.552549,2026-09-15
TSLA,356.58,2026-09-23,8,Call,370.00,-3.76%,3.8,3.85,3.9,786,402,1.96,41.23%,41.59%,0.288987,2026-09-15
NOW,141.9,2026-09-25,10,Call,155.00,-9.23%,1.32,1.32,1.41,876,448,1.96,53.84%,57.40%,0.191725,2026-09-15
AVGO,339.27,2026-09-18,3,Put,410.00,+20.85%,70.4,68.85,72.05,2087,1063,1.96,35.46%,115.98%,-0.960407,2026-09-15
TSLA,356.58,2026-09-25,10,Put,360.00,+0.96%,11.35,11.52,11.5,3314,1689,1.96,41.23%,41.41%,-0.537483,2026-09-15
GT,5.25,2027-04-16,213,Put,4.00,-23.81%,0.2,0.28,0.3,4001,2041,1.96,49.18%,47.17%,-0.194536,2026-09-15
GOOGL,344.98,2026-09-16,1,Call,345.00,-0.01%,2.3,2.29,2.44,9366,4784,1.96,29.70%,32.82%,0.504224,2026-09-15
CRWD,242.49,2026-09-25,10,Call,255.00,-5.16%,4.65,4.86,5,547,281,1.95,56.71%,59.44%,0.325621,2026-09-15
SPCX,143.49,2026-10-02,17,Call,145.00,-1.05%,5.8,5.85,5.9,927,475,1.95,50.79%,52.11%,0.491293,2026-09-15
ALLY,41.58,2026-09-18,3,Put,45.00,+8.23%,2.65,3.81,4.3,1686,864,1.95,30.30%,56.23%,-0.936463,2026-09-15
HPE,55.88,2026-09-18,3,Call,57.00,-2.00%,0.85,0.85,0.95,3053,1568,1.95,59.07%,67.82%,0.386427,2026-09-15
CLSK,12.62,2026-10-16,31,Put,12.00,-4.91%,0.78,0.88,0.88,3385,1738,1.95,80.95%,79.03%,-0.365025,2026-09-15
META,670.24,2026-09-18,3,Call,700.00,-4.44%,2.04,2.07,2.12,35117,18112,1.94,38.57%,44.99%,0.149615,2026-09-15
ASST,27.57,2026-09-18,3,Put,29.00,+5.19%,1.18,1.63,2,537,277,1.94,79.73%,62.88%,-0.804196,2026-09-15
MPC,410.84,2026-10-16,31,Put,370.00,-9.94%,8,8.2,8.5,1019,526,1.94,51.66%,51.73%,-0.216522,2026-09-15
ORCL,140.35,2026-09-18,3,Put,220.00,+56.75%,79.5,79.4,79.85,1025,528,1.94,49.81%,190.94%,-0.994677,2026-09-15
NFLX,77.9,2026-10-09,24,Put,75.00,-3.72%,1.31,1.24,1.34,1030,531,1.94,33.35%,32.92%,-0.303067,2026-09-15
PL,16.02,2026-09-18,3,Call,17.00,-6.12%,0.1,0.15,0.2,1183,611,1.94,65.27%,82.28%,0.225193,2026-09-15
CRM,255.65,2026-09-18,3,Call,267.50,-4.64%,1.4,1.53,1.6,1382,714,1.94,41.44%,58.12%,0.203497,2026-09-15
INTC,97.14,2026-09-16,1,Put,101.00,+3.97%,4.1,4.03,4.2,1475,760,1.94,59.66%,72.38%,-0.843508,2026-09-15
CRWV,80.92,2027-06-17,275,Put,82.50,+1.95%,21.3,21.45,21.75,1760,906,1.94,76.22%,79.33%,-0.366077,2026-09-15
NVDA,212.17,2026-09-28,13,Call,215.00,-1.33%,3.8,3.87,3.95,1792,926,1.94,33.58%,31.52%,0.430815,2026-09-15
PCG,13.15,2026-11-20,66,Put,12.00,-8.75%,0.32,0.6,0.84,3278,1692,1.94,45.35%,50.56%,-0.290957,2026-09-15
WU,6.85,2026-09-18,3,Call,6.00,+12.41%,0.8,0.85,0.9,3457,1785,1.94,38.24%,63.79%,0.998233,2026-09-15
RIOT,19.7,2026-09-25,10,Call,22.50,-14.21%,0.21,0.25,0.35,4025,2071,1.94,81.72%,85.33%,0.193974,2026-09-15
COIN,172.11,2026-09-25,10,Put,165.00,-4.13%,4.35,4.45,4.7,644,334,1.93,65.29%,68.45%,-0.331205,2026-09-15
CRWV,80.92,2026-10-23,38,Call,105.00,-29.76%,1.9,2.11,2.2,676,350,1.93,76.22%,80.83%,0.196645,2026-09-15
TSLA,356.58,2026-09-16,1,Put,340.00,-4.65%,0.23,0.24,0.24,7931,4103,1.93,41.23%,56.65%,-0.052209,2026-09-15
TEM,68.85,2026-09-18,3,Call,64.00,+7.04%,5.2,5.4,5.55,522,272,1.92,77.09%,87.55%,0.832442,2026-09-15
SMMT,17.4,2026-10-16,31,Call,20.00,-14.94%,0.75,1.25,1.9,1559,813,1.92,85.60%,110.38%,0.396516,2026-09-15
QCOM,187.8,2026-09-18,3,Call,187.50,+0.16%,4.05,4.2,4.4,2469,1288,1.92,48.90%,59.84%,0.523503,2026-09-15
PLTR,172.56,2026-09-25,10,Call,180.00,-4.31%,3,3.05,3.1,5589,2918,1.92,49.75%,51.54%,0.329772,2026-09-15
JPM,352.49,2026-09-18,3,Put,342.50,-2.83%,0.63,0.65,0.76,621,325,1.91,26.19%,29.96%,-0.140607,2026-09-15
PANW,375.09,2026-09-18,3,Call,395.00,-5.31%,2.1,2.47,2.91,910,477,1.91,52.24%,66.16%,0.204009,2026-09-15
NVDA,212.17,2026-09-21,6,Put,210.00,-1.02%,2.53,2.53,2.54,4186,2187,1.91,33.58%,32.93%,-0.391669,2026-09-15
QCOM,187.8,2026-09-18,3,Call,195.00,-3.83%,1.53,1.63,1.7,4981,2613,1.91,48.90%,61.83%,0.260812,2026-09-15
AMZN,248.42,2026-09-18,3,Call,262.50,-5.67%,0.19,0.19,0.21,13353,7006,1.91,31.16%,37.67%,0.056067,2026-09-15
MSTR,129.6,2026-09-18,3,Put,125.00,-3.55%,2.05,2.08,2.14,16680,8729,1.91,71.43%,86.73%,-0.307735,2026-09-15
MEOH,64.46,2026-09-18,3,Call,55.00,+14.68%,7.3,8.1,10.5,590,311,1.9,45.32%,66.44%,0.996103,2026-09-15
SOFI,17.07,2026-10-30,45,Call,21.00,-23.02%,0.27,0.26,0.29,696,367,1.9,49.08%,55.28%,0.171845,2026-09-15
TSLA,356.58,2026-09-23,8,Call,375.00,-5.17%,2.71,2.75,2.77,1066,562,1.9,41.23%,41.97%,0.221591,2026-09-15
BE,259.35,2026-09-18,3,Call,272.50,-5.07%,3.9,4.15,4.1,648,343,1.89,79.79%,94.44%,0.297544,2026-09-15
CRCL,86.3,2026-09-18,3,Put,82.00,-4.98%,1.07,1.17,1.34,945,500,1.89,78.41%,94.09%,-0.259472,2026-09-15
HDB,22.58,2027-01-15,122,Call,22.50,+0.35%,1.8,1.85,2,2564,1354,1.89,31.63%,37.69%,0.532607,2026-09-15
JPM,352.49,2026-09-18,3,Put,340.00,-3.54%,0.4,0.41,0.51,3694,1952,1.89,26.19%,31.03%,-0.096474,2026-09-15
HSAI,16.49,2026-10-16,31,Call,17.50,-6.12%,0.8,0.8,1,648,345,1.88,66.22%,67.19%,0.4248,2026-09-15
LEN,80.07,2026-09-18,3,Call,82.00,-2.41%,1.45,2.06,2.05,861,459,1.88,44.94%,88.72%,0.399366,2026-09-15
TSLA,356.58,2026-09-18,3,Put,347.50,-2.55%,2.5,2.54,2.55,5094,2710,1.88,41.23%,47.41%,-0.265082,2026-09-15
SPCX,143.49,2026-09-18,3,Call,157.50,-9.76%,0.2,0.21,0.21,29783,15861,1.88,50.79%,64.16%,0.05852,2026-09-15
DELL,543.51,2026-09-25,10,Call,540.00,+0.65%,23.5,24.25,24.7,638,342,1.87,61.08%,61.71%,0.54888,2026-09-15
AVGO,339.27,2026-09-25,10,Call,355.00,-4.64%,2.45,2.59,2.67,1254,671,1.87,35.46%,35.06%,0.230018,2026-09-15
JD,27.09,2026-09-25,10,Put,28.00,+3.36%,0.7,1.11,1.82,509,273,1.86,33.39%,36.11%,-0.712469,2026-09-15
META,670.24,2026-09-18,3,Call,722.50,-7.80%,0.48,0.54,0.55,602,323,1.86,38.57%,47.76%,0.043994,2026-09-15
XYZ,78.31,2026-09-18,3,Put,78.00,-0.40%,1.1,1.14,1.3,630,338,1.86,40.36%,48.09%,-0.452868,2026-09-15
EOSE,4.07,2027-02-19,157,Call,11.00,-170.27%,0.19,0.24,0.29,2009,1082,1.86,105.32%,117.99%,0.190349,2026-09-15
CRWD,242.49,2026-09-18,3,Put,220.00,-9.27%,0.42,0.45,0.47,3688,1983,1.86,56.71%,71.95%,-0.063118,2026-09-15
COIN,172.11,2026-09-18,3,Put,150.00,-12.85%,0.24,0.27,0.28,10930,5876,1.86,65.29%,90.95%,-0.043442,2026-09-15
QCOM,187.8,2026-10-02,17,Call,190.00,-1.17%,7.2,7.65,7.7,956,517,1.85,48.90%,51.96%,0.483293,2026-09-15
QCOM,187.8,2026-09-25,10,Put,175.00,-6.82%,1.72,1.79,1.86,1164,628,1.85,48.90%,51.98%,-0.192489,2026-09-15
MDT,93.75,2026-10-16,31,Put,100.00,+6.67%,7.35,7.45,9.45,501,272,1.84,27.66%,41.57%,-0.679464,2026-09-15
NBIS,207.37,2026-09-25,10,Call,225.00,-8.50%,4.7,4.9,5.2,745,404,1.84,80.42%,81.70%,0.298572,2026-09-15
FUBO,10.91,2026-11-20,66,Call,11.00,-0.82%,1.32,1.65,1.65,893,486,1.84,79.85%,81.02%,0.566661,2026-09-15
COIN,172.11,2026-09-18,3,Call,197.50,-14.75%,0.28,0.32,0.31,1006,548,1.84,65.29%,90.50%,0.051294,2026-09-15
GOOGL,344.98,2026-09-18,3,Call,347.50,-0.73%,3,3.06,3.3,2952,1606,1.84,29.70%,33.97%,0.416047,2026-09-15
MU,927.6,2026-09-18,3,Call,950.00,-2.41%,9.8,10.08,10.25,5769,3131,1.84,58.70%,56.21%,0.331034,2026-09-15
SPCX,143.49,2026-09-18,3,Put,144.00,+0.36%,3.4,3.5,3.55,8540,4635,1.84,50.79%,62.21%,-0.512166,2026-09-15
UUUU,11.86,2026-09-18,3,Call,12.50,-5.40%,0.11,0.13,0.13,531,290,1.83,68.52%,79.48%,0.245297,2026-09-15
PR,24.49,2026-09-18,3,Call,23.00,+6.08%,1.35,1.35,1.6,1036,565,1.83,37.83%,36.24%,0.972969,2026-09-15
SNDK,1530.9,2026-09-18,3,Call,"1,650.00",-7.78%,7.6,8,8.3,1989,1088,1.83,68.18%,76.57%,0.149091,2026-09-15
AMD,504.2,2026-09-16,1,Call,527.50,-4.62%,0.66,0.7,0.71,2845,1554,1.83,50.41%,63.34%,0.089624,2026-09-15
AMZN,248.42,2026-09-18,3,Call,255.00,-2.65%,0.9,0.9,0.93,24287,13241,1.83,31.16%,34.68%,0.210044,2026-09-15
NUVB,5.8,2026-12-18,94,Put,7.50,+29.31%,2.05,2.15,2.4,540,297,1.82,83.74%,93.42%,-0.61734,2026-09-15
LULU,98.37,2026-09-18,3,Put,97.00,-1.39%,0.92,1,1.14,634,349,1.82,40.72%,46.26%,-0.358859,2026-09-15
CAVA,49.99,2027-01-15,122,Put,40.00,-19.98%,2.37,2.5,2.79,678,373,1.82,55.48%,63.74%,-0.206429,2026-09-15
MOS,25.46,2026-10-16,31,Put,23.00,-9.66%,0.4,0.47,0.5,1033,568,1.82,47.00%,47.57%,-0.210174,2026-09-15
BMNR,23.6,2026-10-16,31,Call,23.00,+2.54%,2.49,2.55,2.59,1762,966,1.82,80.69%,81.15%,0.594699,2026-09-15
VST,141.53,2026-12-18,94,Put,125.00,-11.68%,5.55,5.65,5.75,2064,1135,1.82,43.66%,46.63%,-0.250257,2026-09-15
SMCI,35.64,2026-09-25,10,Call,42.00,-17.85%,0.2,0.23,0.23,2234,1225,1.82,68.70%,75.32%,0.106215,2026-09-15
ORCL,140.35,2026-09-18,3,Put,143.00,+1.89%,4.4,4.5,4.6,2938,1617,1.82,49.81%,58.67%,-0.62645,2026-09-15
TCOM,39.25,2026-09-18,3,Put,35.00,-10.83%,0.15,0.2,0.2,8383,4609,1.82,41.61%,101.69%,-0.09852,2026-09-15
BIDU,90.39,2026-09-25,10,Call,99.00,-9.53%,0.23,0.43,0.68,504,278,1.81,41.02%,47.14%,0.132562,2026-09-15
NOW,141.9,2026-09-25,10,Call,160.00,-12.76%,0.73,0.78,0.82,1391,770,1.81,53.84%,58.62%,0.119286,2026-09-15
TCOM,39.25,2026-09-18,3,Call,40.00,-1.91%,1,1,1.05,2391,1323,1.81,41.61%,95.39%,0.430481,2026-09-15
ORCL,140.35,2026-09-25,10,Call,140.00,+0.25%,4.8,4.9,5.05,743,413,1.8,49.81%,50.88%,0.531264,2026-09-15
PURR,11.2,2029-01-19,857,Call,20.00,-78.57%,4,4.55,5.3,900,500,1.8,96.68%,94.16%,0.650971,2026-09-15
S,23.48,2026-12-18,94,Call,30.00,-27.77%,0.95,1.06,1.15,1519,846,1.8,54.46%,61.07%,0.272954,2026-09-15
NOW,141.9,2026-09-18,3,Call,147.00,-3.59%,1.32,1.36,1.4,948,529,1.79,53.84%,62.96%,0.279301,2026-09-15
MDLZ,62.1,2026-12-18,94,Call,65.00,-4.67%,1.7,1.9,1.85,2657,1481,1.79,22.41%,23.18%,0.373605,2026-09-15
PLTR,172.56,2026-09-18,3,Put,165.00,-4.38%,1.14,1.14,1.16,16176,9051,1.79,49.75%,62.32%,-0.204398,2026-09-15
COIN,172.11,2026-09-18,3,Call,200.00,-16.20%,0.23,0.25,0.25,15508,8696,1.78,65.29%,93.28%,0.041807,2026-09-15
TXRH,169.68,2026-10-16,31,Put,165.00,-2.76%,2.1,3.55,4.7,544,306,1.78,27.32%,28.41%,-0.345644,2026-09-15
FCX,69.38,2026-09-25,10,Call,73.00,-5.22%,0.83,0.88,1,672,377,1.78,46.06%,48.23%,0.278275,2026-09-15
TOST,31.84,2026-10-16,31,Call,33.00,-3.64%,1.13,1.13,1.18,727,409,1.78,43.12%,43.32%,0.422533,2026-09-15
MMM,164.67,2026-09-18,3,Call,162.50,+1.32%,2.95,3.6,4.05,789,444,1.78,25.91%,37.78%,0.658529,2026-09-15
SPCX,143.49,2027-03-19,185,Call,300.00,-109.07%,1.25,1.47,1.57,920,518,1.78,50.79%,58.12%,0.063441,2026-09-15
MU,927.6,2026-09-16,1,Put,865.00,-6.75%,0.37,0.42,0.42,1008,567,1.78,58.70%,71.30%,-0.02917,2026-09-15
COIN,172.11,2026-09-25,10,Call,190.00,-10.39%,2.5,2.57,2.86,2021,1134,1.78,65.29%,74.21%,0.230967,2026-09-15
ORCL,140.35,2026-09-18,3,Put,190.00,+35.38%,49.5,49.5,49.85,2092,1173,1.78,49.81%,134.69%,-0.993128,2026-09-15
NVDA,212.17,2026-09-25,10,Call,222.50,-4.87%,1.25,1.26,1.28,2372,1332,1.78,33.58%,32.71%,0.201816,2026-09-15
SPCX,143.49,2026-09-18,3,Call,143.00,+0.34%,3.5,3.54,3.6,3288,1848,1.78,50.79%,63.27%,0.537258,2026-09-15
ASTS,58.77,2026-09-18,3,Call,60.00,-2.09%,1.15,1.26,1.26,6152,3459,1.78,72.45%,81.26%,0.405034,2026-09-15
SPCX,143.49,2026-09-25,10,Call,155.00,-8.02%,1.51,1.51,1.55,9227,5174,1.78,50.79%,55.04%,0.214572,2026-09-15
CVNA,66.9,2026-09-18,3,Call,71.00,-6.13%,0.37,0.44,0.52,552,312,1.77,59.91%,71.93%,0.190783,2026-09-15
MSTR,129.6,2026-09-18,3,Call,137.00,-5.71%,1.63,1.67,1.72,1235,699,1.77,71.43%,91.59%,0.266394,2026-09-15
JNJ,267.2,2026-09-18,3,Call,275.00,-2.92%,0.32,0.4,0.47,2058,1165,1.77,26.24%,26.99%,0.123318,2026-09-15
CRWD,242.49,2026-09-18,3,Call,242.50,0.00%,5.7,5.7,6.1,3946,2227,1.77,56.71%,66.94%,0.513792,2026-09-15
IBM,248.37,2027-12-17,458,Put,160.00,-35.58%,7.05,7.86,8.7,524,297,1.76,34.06%,42.01%,-0.111668,2026-09-15
SPCX,143.49,2026-10-30,45,Put,125.00,-12.89%,3.15,3.24,3.4,717,407,1.76,50.79%,53.69%,-0.198398,2026-09-15
FCEL,15.25,2026-09-18,3,Put,14.00,-8.20%,0.05,0.1,0.15,763,433,1.76,92.06%,93.26%,-0.145236,2026-09-15
NOW,141.9,2026-09-18,3,Put,142.00,+0.07%,3.15,3.3,3.3,994,564,1.76,53.84%,62.22%,-0.492033,2026-09-15
MSTR,129.6,2026-10-09,24,Call,130.00,-0.31%,9.3,9.52,9.75,504,288,1.75,71.43%,72.27%,0.535418,2026-09-15
META,670.24,2027-06-17,275,Call,"1,100.00",-64.12%,16.35,17.96,16.95,516,295,1.75,38.57%,43.74%,0.148336,2026-09-15
PDSB,0.5853,2027-02-19,157,Call,1.0000,-70.85%,0.05,0.2,0.3,596,340,1.75,240.16%,177.60%,0.554349,2026-09-15
MPLX,58.42,2026-10-16,31,Put,55.00,-5.85%,0.2,0.2,0.25,1093,623,1.75,21.19%,18.54%,-0.137027,2026-09-15
PDSB,0.5853,2026-10-16,31,Call,0.5000,+14.57%,0.15,0.2,0.2,1969,1127,1.75,240.16%,204.81%,0.714864,2026-09-15
ZION,67.99,2026-09-18,3,Put,70.00,+2.96%,1.3,2.37,2.95,1138,655,1.74,26.61%,28.76%,-0.86506,2026-09-15
AAPL,331.34,2026-09-21,6,Put,327.50,-1.16%,2.32,2.43,2.49,1553,890,1.74,24.56%,24.33%,-0.34303,2026-09-15
SNDK,1530.9,2026-09-18,3,Put,"1,550.00",+1.25%,49.5,50,51.5,1812,1044,1.74,68.18%,72.65%,-0.560366,2026-09-15
HIMS,27.85,2026-10-16,31,Call,37.00,-32.85%,0.3,0.38,0.5,2677,1541,1.74,67.87%,79.26%,0.135495,2026-09-15
ALHC,10.37,2026-11-20,66,Call,17.50,-68.76%,0.05,0.1,0.15,8515,4885,1.74,74.68%,75.95%,0.075221,2026-09-15
ALT,3.23,2026-09-18,3,Call,0.50,+84.52%,2.5,2.77,3.1,992,573,1.73,53.11%,0.00%,0,2026-09-15
GOOG,341.43,2026-09-18,3,Put,332.50,-2.62%,1.08,1.13,1.16,1074,620,1.73,29.48%,34.18%,-0.189695,2026-09-15
AMZN,248.42,2026-09-25,10,Call,257.50,-3.66%,1.9,1.95,2.06,1155,669,1.73,31.16%,31.48%,0.259844,2026-09-15
CRWD,242.49,2026-09-18,3,Put,232.50,-4.12%,2.11,2.2,2.24,1565,906,1.73,56.71%,68.55%,-0.238123,2026-09-15
MU,927.6,2026-09-18,3,Call,920.00,+0.82%,22.9,23.3,23.45,3503,2026,1.73,58.70%,56.83%,0.575797,2026-09-15
MSTR,129.6,2026-09-18,3,Put,115.00,-11.27%,0.37,0.39,0.4,6760,3901,1.73,71.43%,94.51%,-0.074796,2026-09-15
META,670.24,2026-09-18,3,Put,642.50,-4.14%,2.15,2.15,2.22,518,302,1.72,38.57%,45.92%,-0.14868,2026-09-15
WULF,14.49,2026-09-25,10,Put,14.50,+0.07%,0.78,0.8,0.83,565,329,1.72,83.93%,79.57%,-0.48976,2026-09-15
HMY,19.54,2026-09-18,3,Put,21.00,+7.47%,1.45,1.52,2.35,612,355,1.72,52.59%,137.19%,-0.697559,2026-09-15
ITUB,8.26,2026-10-16,31,Call,8.00,+3.15%,0.5,0.51,0.6,2163,1254,1.72,44.62%,41.53%,0.636687,2026-09-15
DELL,543.51,2026-09-18,3,Put,500.00,-8.01%,1.38,1.5,1.52,4562,2648,1.72,61.08%,70.04%,-0.08855,2026-09-15
NVDA,212.17,2026-09-23,8,Call,210.00,+1.02%,5.4,5.55,5.5,556,325,1.71,33.58%,33.64%,0.596818,2026-09-15
SKHY,174.83,2027-06-17,275,Call,225.00,-28.70%,24.7,25.08,26.25,851,498,1.71,60.24%,65.54%,0.457671,2026-09-15
RKLB,63.55,2026-09-18,3,Call,69.00,-8.58%,0.37,0.39,0.42,1987,1162,1.71,69.43%,86.41%,0.156855,2026-09-15
AMZN,248.42,2026-09-25,10,Call,255.00,-2.65%,2.54,2.63,2.67,3218,1885,1.71,31.16%,31.09%,0.32165,2026-09-15
NVDA,212.17,2026-09-16,1,Put,215.00,+1.33%,3.5,3.5,3.55,7259,4251,1.71,33.58%,39.78%,-0.733515,2026-09-15
AAPL,331.34,2026-09-25,10,Call,327.50,+1.16%,7.8,8,8.15,618,363,1.7,24.56%,26.08%,0.622682,2026-09-15
NN,14.92,2026-10-02,17,Call,18.50,-23.99%,0.2,0.25,0.85,680,399,1.7,94.27%,123.16%,0.251425,2026-09-15
ORCL,140.35,2026-09-18,3,Put,270.00,+92.38%,129.5,129.55,129.85,725,426,1.7,49.81%,266.84%,-0.995932,2026-09-15
RIVN,15.54,2028-06-16,640,Call,17.00,-9.40%,5.2,5.32,5.65,750,442,1.7,56.34%,69.61%,0.670267,2026-09-15
CAR,118.53,2026-10-16,31,Put,380.00,+220.59%,257.4,261.6,265.3,850,500,1.7,53.44%,181.82%,-0.982704,2026-09-15
GOOG,341.43,2026-09-18,3,Put,342.50,+0.31%,4.4,4.47,4.65,1057,622,1.7,29.48%,32.45%,-0.533617,2026-09-15
BX,126.7,2026-09-18,3,Put,125.00,-1.34%,1.4,1.42,1.53,8997,5280,1.7,37.41%,48.61%,-0.371119,2026-09-15
CAVA,49.99,2026-10-16,31,Call,55.00,-10.02%,1.37,1.45,1.61,508,301,1.69,55.48%,55.42%,0.311652,2026-09-15
SNDK,1530.9,2026-09-18,3,Call,"1,720.00",-12.35%,2.75,2.88,3,729,432,1.69,68.18%,80.92%,0.060937,2026-09-15
PBR,21.77,2026-09-25,10,Call,22.00,-1.06%,0.48,0.47,0.52,740,439,1.69,48.60%,41.82%,0.455556,2026-09-15
MU,927.6,2026-09-25,10,Call,930.00,-0.26%,29.75,31.22,31.5,1006,594,1.69,58.70%,51.18%,0.509319,2026-09-15
PBR,21.77,2026-09-18,3,Put,21.50,-1.24%,0.22,0.22,0.26,1007,597,1.69,48.60%,46.01%,-0.3734,2026-09-15
ORCL,140.35,2026-09-25,10,Call,145.00,-3.31%,2.87,2.9,2.93,1086,644,1.69,49.81%,51.46%,0.369404,2026-09-15
AMD,504.2,2026-09-16,1,Put,482.50,-4.30%,0.85,0.88,0.92,1312,778,1.69,50.41%,67.48%,-0.102801,2026-09-15
META,670.24,2026-09-18,3,Put,655.00,-2.27%,4.65,4.65,4.75,1510,891,1.69,38.57%,44.58%,-0.275813,2026-09-15
OPCH,23.52,2026-09-18,3,Call,25.00,-6.29%,0.05,0.2,0.2,2617,1553,1.69,41.88%,67.43%,0.167781,2026-09-15
NN,14.92,2026-10-09,24,Call,20.00,-34.05%,0.2,0.4,0.85,3112,1845,1.69,94.27%,123.32%,0.223304,2026-09-15
OXY,63.52,2026-11-20,66,Call,65.00,-2.33%,3.2,3.25,3.35,5402,3195,1.69,34.16%,35.61%,0.478063,2026-09-15
TSLA,356.58,2026-09-18,3,Call,355.00,+0.44%,7.1,7.15,7.15,6138,3634,1.69,41.23%,48.55%,0.551596,2026-09-15
RKLB,63.55,2026-09-18,3,Call,62.00,+2.44%,2.6,2.81,2.91,503,299,1.68,69.43%,82.26%,0.645216,2026-09-15
VZLA,3.76,2027-04-16,213,Put,4.00,+6.38%,0.9,0.95,0.95,510,304,1.68,72.08%,72.69%,-0.424334,2026-09-15
LLY,1136.11,2026-10-16,31,Put,900.00,-20.78%,1.24,1.37,1.63,537,320,1.68,32.57%,42.79%,-0.025571,2026-09-15
LYB,65.43,2026-10-16,31,Call,70.00,-6.98%,1.35,1.44,1.6,657,391,1.68,41.17%,41.65%,0.308291,2026-09-15
IE,9.29,2026-10-16,31,Put,7.50,-19.27%,0.15,0.2,0.3,728,433,1.68,84.54%,86.40%,-0.161782,2026-09-15
META,670.24,2026-09-18,3,Call,732.50,-9.29%,0.27,0.35,0.33,800,477,1.68,38.57%,49.86%,0.026404,2026-09-15
GOOGL,344.98,2026-10-09,24,Call,360.00,-4.35%,4.9,5.05,5.15,836,497,1.68,29.70%,29.61%,0.310556,2026-09-15
FTRE,19.73,2026-09-18,3,Put,17.50,-11.30%,0,0.15,0.45,1029,614,1.68,80.34%,141.91%,-0.158945,2026-09-15
RCAT,7.97,2026-09-25,10,Call,9.00,-12.92%,0.09,0.17,0.17,1262,753,1.68,80.56%,85.49%,0.216026,2026-09-15
ORCL,140.35,2026-10-02,17,Put,140.00,-0.25%,5.7,5.75,5.8,1501,896,1.68,49.81%,49.67%,-0.46606,2026-09-15
IREN,41.58,2026-09-18,3,Put,40.50,-2.60%,0.85,1.01,0.91,1553,926,1.68,81.54%,91.41%,-0.35863,2026-09-15
ASST,27.57,2026-09-18,3,Call,29.50,-7.00%,0.2,0.25,0.31,863,517,1.67,79.73%,88.33%,0.211494,2026-09-15
INTC,97.14,2026-11-20,66,Call,87.50,+9.92%,16.05,16.2,16.2,991,594,1.67,59.66%,66.11%,0.702311,2026-09-15
GLW,143.57,2027-03-19,185,Put,130.00,-9.45%,15.15,16.55,16.8,567,342,1.66,57.94%,59.86%,-0.316471,2026-09-15
AVGO,339.27,2026-09-18,3,Put,332.50,-2.00%,2.18,2.34,2.4,793,477,1.66,35.46%,41.01%,-0.285573,2026-09-15
FPS,31.36,2026-10-16,31,Call,40.00,-27.55%,0.6,0.6,0.8,804,483,1.66,77.49%,82.24%,0.188763,2026-09-15
DAL,78.89,2026-10-02,17,Call,82.00,-3.94%,1.4,1.6,1.56,954,573,1.66,45.09%,39.41%,0.345049,2026-09-15
IREN,41.58,2026-09-18,3,Put,41.50,-0.19%,1.29,1.34,1.35,1106,668,1.66,81.54%,90.90%,-0.473076,2026-09-15
MSTR,129.6,2026-09-18,3,Call,131.00,-1.08%,3.45,3.5,3.65,2090,1256,1.66,71.43%,89.07%,0.464533,2026-09-15
VG,15.29,2026-11-20,66,Call,17.50,-14.45%,0.85,0.94,1,10446,6301,1.66,58.82%,64.68%,0.3696,2026-09-15
XOM,169.32,2026-09-25,10,Call,177.50,-4.83%,0.72,0.82,0.96,510,310,1.65,31.06%,30.58%,0.183862,2026-09-15
TMC,3.75,2026-09-18,3,Put,4.50,+20.00%,0.73,0.75,0.96,512,311,1.65,78.28%,235.96%,-0.771795,2026-09-15
HOOD,110.45,2026-09-25,10,Call,114.00,-3.21%,3.2,3.3,3.3,565,343,1.65,62.34%,64.48%,0.407568,2026-09-15
BMNR,23.6,2026-09-18,3,Call,23.50,+0.42%,0.86,0.86,0.91,741,450,1.65,80.69%,97.56%,0.538016,2026-09-15
AAPL,331.34,2026-09-21,6,Put,325.00,-1.91%,1.64,1.7,1.74,961,581,1.65,24.56%,24.77%,-0.261315,2026-09-15
AAPL,331.34,2026-09-21,6,Put,330.00,-0.40%,3.15,3.3,3.4,996,604,1.65,24.56%,23.54%,-0.434879,2026-09-15
ORCL,140.35,2026-09-18,3,Call,148.00,-5.45%,0.73,0.73,0.76,1527,926,1.65,49.81%,61.73%,0.1795,2026-09-15
NBIS,207.37,2027-06-17,275,Put,200.00,-3.55%,52.7,53.41,54.1,1587,961,1.65,80.42%,87.24%,-0.325919,2026-09-15
MU,927.6,2026-09-18,3,Put,935.00,+0.80%,22.45,23.05,23.15,1587,960,1.65,58.70%,56.44%,-0.549861,2026-09-15
AMD,504.2,2026-09-18,3,Put,495.00,-1.82%,6.85,7,7.05,1608,974,1.65,50.41%,60.85%,-0.357154,2026-09-15
MRVL,221.7,2026-09-18,3,Call,225.00,-1.49%,4.3,4.4,4.5,3269,1983,1.65,64.74%,72.77%,0.425977,2026-09-15
MU,927.6,2026-09-18,3,Call,"1,020.00",-9.96%,1.03,1.06,1.08,3966,2403,1.65,58.70%,62.18%,0.049369,2026-09-15
NVDA,212.17,2026-09-25,10,Call,210.00,+1.02%,6.05,6.07,6.15,6445,3896,1.65,33.58%,34.70%,0.588076,2026-09-15
CORZ,16.04,2026-12-18,94,Call,26.00,-62.09%,0.36,0.53,0.56,500,305,1.64,71.59%,78.51%,0.161511,2026-09-15
GEMI,4.36,2026-09-18,3,Put,4.50,+3.21%,0.1,0.24,0.3,552,336,1.64,117.58%,71.16%,-0.681666,2026-09-15
COIN,172.11,2026-09-25,10,Put,155.00,-9.94%,1.78,1.92,1.92,786,480,1.64,65.29%,69.89%,-0.165825,2026-09-15
PLTR,172.56,2026-09-25,10,Call,177.50,-2.86%,3.8,3.77,3.95,1143,695,1.64,49.75%,51.58%,0.391151,2026-09-15
NOK,9.84,2026-10-16,31,Put,9.00,-8.54%,0.24,0.25,0.26,13683,8345,1.64,55.91%,53.17%,-0.252834,2026-09-15
MRNA,143.77,2026-09-18,3,Call,142.00,+1.23%,4.7,4.85,5.55,565,347,1.63,71.23%,80.46%,0.58333,2026-09-15
TSLA,356.58,2026-09-25,10,Call,372.50,-4.46%,4.3,4.3,4.4,573,352,1.63,41.23%,42.88%,0.285715,2026-09-15
NLY,21.41,2026-09-25,10,Call,22.00,-2.76%,0.08,0.1,0.13,742,454,1.63,25.56%,23.15%,0.226304,2026-09-15
NVDA,212.17,2026-09-25,10,Call,227.50,-7.23%,0.59,0.59,0.6,2329,1433,1.63,33.58%,33.04%,0.108848,2026-09-15
TSLA,356.58,2026-09-18,3,Put,342.50,-3.95%,1.46,1.47,1.48,3326,2046,1.63,41.23%,48.38%,-0.171881,2026-09-15
NBIS,207.37,2026-09-18,3,Call,217.50,-4.88%,2.92,3.06,3.2,591,364,1.62,80.42%,90.73%,0.296261,2026-09-15
INTC,97.14,2026-09-25,10,Put,96.00,-1.17%,3.25,3.45,3.4,793,489,1.62,59.66%,61.24%,-0.43087,2026-09-15
RLGT,9.81,2026-09-18,3,Call,10.00,-1.94%,0.05,0.15,0.15,1068,661,1.62,32.48%,49.73%,0.345914,2026-09-15
FSLR,202.34,2027-01-15,122,Put,195.00,-3.63%,17.35,18.69,20.65,1502,927,1.62,48.12%,51.63%,-0.380156,2026-09-15
HOOD,110.45,2026-09-18,3,Call,108.00,+2.22%,4.35,4.3,4.45,1843,1135,1.62,62.34%,75.89%,0.642377,2026-09-15
SPCX,143.49,2028-12-15,822,Put,100.00,-30.31%,17.55,18,18.45,5070,3129,1.62,50.79%,56.72%,-0.176922,2026-09-15
META,670.24,2026-09-18,3,Put,670.00,-0.04%,10.3,10.44,10.45,5235,3225,1.62,38.57%,43.64%,-0.486263,2026-09-15
PLTR,172.56,2026-09-18,3,Put,175.00,+1.41%,4.95,5,5.05,10505,6542,1.61,49.75%,58.56%,-0.592426,2026-09-15
PLTR,172.56,2026-09-18,3,Put,160.00,-7.28%,0.48,0.49,0.49,22574,14037,1.61,49.75%,66.01%,-0.097267,2026-09-15
RILY,5.99,2026-09-18,3,Put,6.00,+0.17%,0.15,0.15,0.19,554,344,1.61,75.32%,73.24%,-0.50801,2026-09-15
COIN,172.11,2026-09-25,10,Call,230.00,-33.64%,0.14,0.14,0.63,1013,628,1.61,65.29%,94.15%,0.037851,2026-09-15
ORCL,140.35,2026-09-18,3,Call,144.00,-2.60%,1.61,1.57,1.62,3375,2100,1.61,49.81%,60.22%,0.330027,2026-09-15
BMNR,23.6,2026-09-18,3,Put,23.00,-2.54%,0.51,0.52,0.54,4496,2786,1.61,80.69%,93.95%,-0.363975,2026-09-15
PCG,13.15,2027-09-17,367,Put,15.00,+14.07%,2.52,3.25,4.35,502,314,1.6,45.35%,47.56%,-0.501912,2026-09-15
ORCL,140.35,2026-09-18,3,Put,139.00,-0.96%,2.2,2.31,2.31,1385,866,1.6,49.81%,57.22%,-0.41475,2026-09-15
AMZN,248.42,2026-09-25,10,Put,225.00,-9.43%,0.32,0.35,0.37,1653,1030,1.6,31.16%,37.78%,-0.05162,2026-09-15
GOOG,341.43,2026-09-18,3,Call,347.50,-1.78%,1.69,1.79,1.78,2746,1718,1.6,29.48%,32.42%,0.282479,2026-09-15
RUM,8.2,2026-09-18,3,Put,8.50,+3.66%,0.35,0.45,0.75,701,440,1.59,88.00%,126.86%,-0.599874,2026-09-15
VALE,14.47,2026-09-25,10,Call,14.50,-0.21%,0.29,0.34,0.33,731,459,1.59,35.16%,35.06%,0.487595,2026-09-15
COIN,172.11,2026-09-25,10,Call,180.00,-4.58%,4.75,4.92,5.1,1134,714,1.59,65.29%,70.72%,0.376015,2026-09-15
AVGO,339.27,2026-10-16,31,Call,330.00,+2.73%,19.1,19.25,19.6,1493,937,1.59,35.46%,35.35%,0.634452,2026-09-15
EXK,9.64,2028-01-21,493,Call,20.00,-107.47%,1.3,1.5,1.65,2088,1314,1.59,72.12%,76.74%,0.377926,2026-09-15
TSLA,356.58,2026-10-09,24,Put,350.00,-1.85%,11.35,11.59,11.55,933,590,1.58,41.23%,41.07%,-0.402134,2026-09-15
AMZN,248.42,2026-09-18,3,Put,247.50,-0.37%,2.55,2.67,2.74,4930,3126,1.58,31.16%,34.72%,-0.443775,2026-09-15
META,670.24,2026-09-18,3,Call,675.00,-0.71%,8.6,8.6,8.8,6539,4144,1.58,38.57%,44.55%,0.441039,2026-09-15
SPCX,143.49,2026-09-25,10,Call,150.00,-4.54%,2.66,2.72,2.72,6847,4338,1.58,50.79%,54.45%,0.331327,2026-09-15
UNH,375.93,2026-09-18,3,Call,377.50,-0.42%,3.4,3.95,3.8,614,390,1.57,34.98%,31.74%,0.449355,2026-09-15
DELL,543.51,2026-09-18,3,Call,595.00,-9.47%,1.33,1.35,1.39,629,401,1.57,61.08%,71.32%,0.086333,2026-09-15
ECHO,92.1,2026-10-16,31,Call,125.00,-35.72%,0.05,0.1,0.35,1075,683,1.57,44.55%,55.16%,0.035938,2026-09-15
BMNR,23.6,2026-10-02,17,Call,24.00,-1.69%,1.45,1.55,1.59,1398,892,1.57,80.69%,82.89%,0.501745,2026-09-15
TSLA,356.58,2026-10-16,31,Call,525.00,-47.23%,0.31,0.34,0.33,2017,1287,1.57,41.23%,58.72%,0.015536,2026-09-15
ORCL,140.35,2026-10-16,31,Call,145.00,-3.31%,6.05,6.15,6.25,2571,1636,1.57,49.81%,49.26%,0.443123,2026-09-15
DOW,29.85,2026-09-18,3,Put,28.50,-4.52%,0.05,0.15,0.22,5043,3220,1.57,41.07%,54.41%,-0.168122,2026-09-15
MET,98.22,2026-10-16,31,Put,87.50,-10.91%,0,0.27,0.5,647,415,1.56,23.57%,27.76%,-0.069035,2026-09-15
FPS,31.36,2026-09-18,3,Call,32.50,-3.64%,0.7,0.75,0.85,16222,10392,1.56,77.49%,109.21%,0.378973,2026-09-15
INTC,97.14,2026-09-25,10,Call,101.00,-3.97%,2.45,2.5,2.57,502,323,1.55,59.66%,63.13%,0.377254,2026-09-15
WELL,232.76,2026-10-16,31,Put,250.00,+7.41%,17.2,17.8,19.4,804,520,1.55,24.08%,24.19%,-0.837431,2026-09-15
META,670.24,2026-09-16,1,Call,650.00,+3.02%,21,21.35,21.25,1049,675,1.55,38.57%,47.08%,0.896248,2026-09-15
SNDK,1530.9,2026-10-16,31,Call,"1,800.00",-17.58%,40.7,41.55,42.5,1155,746,1.55,68.18%,69.65%,0.247995,2026-09-15
TENX,1.83,2026-10-16,31,Put,2.5000,+36.61%,0.55,0.67,0.95,674,438,1.54,95.97%,125.76%,-0.7476,2026-09-15
AMD,504.2,2026-09-18,3,Call,535.00,-6.11%,1.99,2.04,2.08,772,502,1.54,50.41%,60.35%,0.146644,2026-09-15
TSM,413.75,2026-09-18,3,Put,407.50,-1.51%,2.58,2.6,2.85,803,523,1.54,33.14%,35.63%,-0.310712,2026-09-15
SNDK,1530.9,2026-09-18,3,Put,"1,560.00",+1.90%,55.1,56.83,57.7,870,564,1.54,68.18%,72.37%,-0.599058,2026-09-15
SPOT,558.26,2026-10-16,31,Call,610.00,-9.27%,7.7,8.15,8.65,1043,678,1.54,38.70%,38.07%,0.237264,2026-09-15
QCOM,187.8,2026-09-25,10,Call,180.00,+4.15%,10.9,11.23,11.4,2065,1339,1.54,48.90%,53.27%,0.701754,2026-09-15
GLXY,22.29,2026-10-16,31,Call,30.00,-34.59%,0.33,0.4,0.4,4380,2841,1.54,81.74%,84.86%,0.143472,2026-09-15
SEDG,35.26,2026-12-18,94,Call,60.00,-70.16%,0.92,1.1,1.67,10031,6534,1.54,78.75%,89.97%,0.180267,2026-09-15
AMD,504.2,2026-09-16,1,Put,467.50,-7.28%,0.15,0.15,0.31,563,368,1.53,50.41%,77.03%,-0.028928,2026-09-15
SKHY,174.83,2026-09-25,10,Call,180.00,-2.96%,4.75,4.85,4.95,988,644,1.53,60.24%,60.38%,0.408384,2026-09-15
SKHY,174.83,2026-09-18,3,Put,177.50,+1.53%,5.9,6.14,6.4,1391,908,1.53,60.24%,74.15%,-0.57476,2026-09-15
META,670.24,2026-09-18,3,Put,640.00,-4.51%,1.82,1.88,1.86,3166,2074,1.53,38.57%,46.11%,-0.128956,2026-09-15
SPCX,143.49,2026-09-18,3,Put,143.00,-0.34%,2.96,2.96,3,8750,5709,1.53,50.79%,62.50%,-0.462936,2026-09-15
WYNN,86.71,2026-10-16,31,Put,80.00,-7.74%,0.33,0.92,1,523,343,1.52,34.69%,29.88%,-0.160719,2026-09-15
HIMS,27.85,2027-02-19,157,Put,15.00,-46.14%,0.16,0.44,0.74,527,347,1.52,67.87%,74.75%,-0.06205,2026-09-15
DELL,543.51,2026-09-18,3,Put,535.00,-1.57%,9.15,9.5,9.6,598,394,1.52,61.08%,67.94%,-0.385659,2026-09-15
NVO,42.53,2026-09-18,3,Put,52.50,+23.44%,9.9,9.95,10.2,606,400,1.52,35.38%,125.89%,-0.962742,2026-09-15
SPCX,143.49,2026-12-18,94,Call,205.00,-42.87%,2.42,2.56,2.53,1675,1100,1.52,50.79%,55.28%,0.136483,2026-09-15
TTD,15,2027-01-15,122,Put,60.00,+300.00%,44.4,44.4,46.05,614,407,1.51,57.99%,149.43%,-0.905132,2026-09-15
SPCX,143.49,2026-09-25,10,Put,144.00,+0.36%,5.3,5.3,5.4,770,510,1.51,50.79%,54.36%,-0.494343,2026-09-15
QCOM,187.8,2026-09-18,3,Put,185.00,-1.49%,2.64,2.77,2.86,1244,825,1.51,48.90%,59.41%,-0.37897,2026-09-15
AMZN,248.42,2026-09-25,10,Call,260.00,-4.66%,1.39,1.45,1.47,5597,3697,1.51,31.16%,31.38%,0.20267,2026-09-15
TSLA,356.58,2026-09-18,3,Put,345.00,-3.25%,1.92,1.94,1.94,10244,6783,1.51,41.23%,47.79%,-0.214773,2026-09-15
NVDA,212.17,2026-09-23,8,Call,222.50,-4.87%,0.85,0.87,0.88,525,349,1.5,33.58%,31.87%,0.166131,2026-09-15
MPC,410.84,2026-10-16,31,Call,410.00,+0.20%,25,26,26.4,595,396,1.5,51.66%,52.12%,0.541266,2026-09-15
QXO,11.44,2026-11-20,66,Put,25.00,+118.53%,13,13.37,14,687,458,1.5,63.99%,94.96%,-0.975248,2026-09-15
AMD,504.2,2027-02-19,157,Put,450.00,-10.75%,39.75,40.65,42.7,1007,671,1.5,50.41%,54.60%,-0.297046,2026-09-15
BABA,109.34,2026-09-18,3,Put,150.00,+37.19%,39.95,39.95,41.1,1054,703,1.5,42.33%,127.99%,-0.996396,2026-09-15
CRWV,80.92,2026-09-18,3,Put,79.00,-2.37%,1.48,1.52,1.54,1629,1083,1.5,76.22%,81.45%,-0.357315,2026-09-15
TSLA,356.58,2026-09-21,6,Put,360.00,+0.96%,8.8,9.04,9.05,2360,1574,1.5,41.23%,39.26%,-0.561867,2026-09-15
BULL,8.66,2027-01-15,122,Put,25.00,+188.68%,15.4,16.72,17.35,2582,1721,1.5,54.62%,107.09%,-0.950392,2026-09-15
IBM,248.37,2026-09-18,3,Put,242.50,-2.36%,1.22,1.56,1.63,874,587,1.49,34.06%,40.96%,-0.253114,2026-09-15
NAT,7.85,2026-10-16,31,Call,9.00,-14.65%,0.1,0.13,0.15,1449,970,1.49,46.86%,53.03%,0.198565,2026-09-15
RTX,195.5,2026-09-18,3,Put,192.50,-1.53%,0.46,0.91,1.52,569,384,1.48,24.02%,31.05%,-0.284645,2026-09-15
NKE,36.22,2026-10-02,17,Put,32.00,-11.65%,0.28,0.29,0.31,664,448,1.48,46.76%,54.07%,-0.131775,2026-09-15
CORZ,16.04,2026-11-20,66,Call,18.00,-12.22%,1.18,1.45,1.59,758,512,1.48,71.59%,76.27%,0.431453,2026-09-15
UNH,375.93,2026-10-16,31,Call,380.00,-1.08%,13.65,14.43,14.45,874,592,1.48,34.98%,36.09%,0.483224,2026-09-15
DIS,106.42,2026-09-18,3,Call,108.00,-1.48%,0.47,0.47,0.54,1054,714,1.48,24.21%,28.89%,0.292124,2026-09-15
BAC,59.52,2026-09-25,10,Put,59.00,-0.87%,0.69,0.71,0.75,1250,847,1.48,27.27%,24.76%,-0.403286,2026-09-15
HPE,55.88,2026-09-25,10,Call,57.00,-2.00%,1.57,1.65,1.73,1258,851,1.48,59.07%,57.66%,0.439176,2026-09-15
RKT,13.19,2029-01-19,857,Call,15.00,-13.72%,4.55,4.5,4.6,1471,992,1.48,57.50%,60.39%,0.66659,2026-09-15
CRWD,242.49,2026-09-18,3,Call,252.50,-4.13%,2.3,2.26,2.44,1933,1302,1.48,56.71%,68.08%,0.267715,2026-09-15
MARA,11.24,2026-10-16,31,Call,12.00,-6.76%,0.82,0.83,0.85,6058,4103,1.48,86.99%,86.30%,0.451486,2026-09-15
IREN,41.58,2027-03-19,185,Put,30.00,-27.85%,3.95,4.15,4.2,17637,11941,1.48,81.54%,90.02%,-0.196155,2026-09-15
SPCX,143.49,2026-09-18,3,Put,205.00,+42.87%,60.45,60.45,64.45,39300,26757,1.47,50.79%,251.42%,-0.926837,2026-09-15
AMZN,248.42,2026-09-25,10,Call,252.50,-1.64%,3.4,3.4,3.6,603,411,1.47,31.16%,31.41%,0.394251,2026-09-15
ASST,27.57,2026-10-16,31,Put,23.00,-16.58%,0.68,0.7,0.82,646,440,1.47,79.73%,81.65%,-0.186083,2026-09-15
AEO,14.81,2026-10-16,31,Put,13.00,-12.22%,0.01,0.2,0.39,730,496,1.47,44.41%,49.68%,-0.164407,2026-09-15
MSFT,497.12,2026-09-16,1,Call,495.00,+0.43%,4,4.1,4.5,892,605,1.47,25.29%,29.44%,0.614164,2026-09-15
CRCL,86.3,2026-09-18,3,Put,88.00,+1.97%,3.8,4,4.15,2072,1407,1.47,78.41%,97.25%,-0.569303,2026-09-15
CIFR,15.09,2026-09-18,3,Call,15.50,-2.72%,0.48,0.5,0.53,2781,1896,1.47,96.43%,124.61%,0.429278,2026-09-15
GOOGL,344.98,2026-09-16,1,Call,355.00,-2.90%,0.15,0.17,0.17,4152,2818,1.47,29.70%,34.79%,0.059597,2026-09-15
MU,927.6,2026-09-28,13,Call,"1,000.00",-7.81%,10.85,11.05,11.35,559,382,1.46,58.70%,49.74%,0.229541,2026-09-15
NVDA,212.17,2026-09-21,6,Call,200.00,+5.74%,12.65,12.56,12.9,775,532,1.46,33.58%,37.30%,0.897923,2026-09-15
ARM,241.83,2026-09-18,3,Put,245.00,+1.31%,7.8,8.42,9.4,799,546,1.46,63.77%,78.82%,-0.556981,2026-09-15
NBIS,207.37,2026-09-18,3,Call,232.50,-12.12%,0.76,0.75,0.88,968,664,1.46,80.42%,95.11%,0.100256,2026-09-15
SNDK,1530.9,2026-09-18,3,Call,"1,580.00",-3.21%,21.1,21.35,22.3,1017,698,1.46,68.18%,73.93%,0.332435,2026-09-15
MSTR,129.6,2026-09-25,10,Call,135.00,-4.17%,4.2,4.45,4.45,1208,825,1.46,71.43%,75.97%,0.399776,2026-09-15
HOOD,110.45,2026-09-25,10,Put,100.00,-9.46%,1.13,1.15,1.17,1362,932,1.46,62.34%,66.80%,-0.167917,2026-09-15
PBF,74.72,2026-10-16,31,Call,75.00,-0.37%,5.3,6.45,7,1387,953,1.46,78.24%,71.74%,0.537479,2026-09-15
WDC,411.96,2027-01-15,122,Call,550.00,-33.51%,25,25.6,29.45,2088,1426,1.46,64.04%,69.33%,0.311985,2026-09-15
HIMS,27.85,2026-10-09,24,Call,30.00,-7.72%,1.12,1.34,1.29,545,377,1.45,67.87%,70.55%,0.379241,2026-09-15
RARE,13.07,2026-10-16,31,Call,12.50,+4.36%,1.4,1.45,1.45,594,410,1.45,74.14%,73.83%,0.62911,2026-09-15
SKHY,174.83,2026-09-18,3,Put,172.50,-1.33%,3.35,3.46,3.55,803,552,1.45,60.24%,72.30%,-0.404647,2026-09-15
COIN,172.11,2026-09-25,10,Put,160.00,-7.04%,2.85,2.93,3.05,915,629,1.45,65.29%,68.93%,-0.240622,2026-09-15
DELL,543.51,2026-12-18,94,Put,500.00,-8.01%,47.95,49.2,50.9,1552,1072,1.45,61.08%,67.48%,-0.331483,2026-09-15
NOW,141.9,2026-09-18,3,Call,142.00,-0.07%,3.05,3.16,3.2,1581,1094,1.45,53.84%,61.45%,0.508202,2026-09-15
NKE,36.22,2026-09-25,10,Call,37.00,-2.15%,0.46,0.48,0.5,1868,1285,1.45,46.76%,33.69%,0.359936,2026-09-15
SEDG,35.26,2026-12-18,94,Call,40.00,-13.44%,3.85,4.3,5.05,5013,3446,1.45,78.75%,85.06%,0.478682,2026-09-15
NVDA,212.17,2026-10-23,38,Call,225.00,-6.05%,4.4,4.5,4.55,5958,4098,1.45,33.58%,33.11%,0.320919,2026-09-15
PDD,78.08,2026-09-25,10,Call,79.00,-1.18%,1.25,1.37,1.63,538,373,1.44,31.42%,35.31%,0.438721,2026-09-15
AMD,504.2,2026-10-02,17,Call,500.00,+0.83%,24.55,24.95,25,718,500,1.44,50.41%,51.34%,0.558106,2026-09-15
COIN,172.11,2026-09-18,3,Call,207.50,-20.56%,0.06,0.11,0.25,1126,782,1.44,65.29%,103.52%,0.026055,2026-09-15
GME,21.44,2026-09-18,3,Put,21.50,+0.28%,0.38,0.42,0.48,1861,1295,1.44,44.66%,51.07%,-0.516836,2026-09-15
CHKP,137.79,2026-09-18,3,Put,135.00,-2.02%,0.45,1.25,3.1,1948,1357,1.44,38.05%,60.37%,-0.342421,2026-09-15
NVDA,212.17,2026-09-23,8,Call,225.00,-6.05%,0.54,0.57,0.57,2004,1389,1.44,33.58%,32.06%,0.11526,2026-09-15
META,670.24,2026-09-25,10,Call,665.00,+0.78%,20.55,20.94,21.1,506,353,1.43,38.57%,40.30%,0.565351,2026-09-15
AMD,504.2,2026-09-18,3,Put,492.50,-2.32%,6,6.07,6.25,584,407,1.43,50.41%,61.32%,-0.324604,2026-09-15
DELL,543.51,2026-09-25,10,Put,500.00,-8.01%,5.9,6.35,6.65,645,451,1.43,61.08%,62.34%,-0.192738,2026-09-15
GLXY,22.29,2026-09-18,3,Call,24.00,-7.67%,0.15,0.23,0.52,1101,772,1.43,81.74%,114.13%,0.254669,2026-09-15
GM,85.37,2026-10-16,31,Put,80.00,-6.29%,1.11,1.19,1.28,1255,876,1.43,32.12%,33.79%,-0.232351,2026-09-15
SOFI,17.07,2026-10-23,38,Call,19.00,-11.31%,0.44,0.45,0.46,1471,1030,1.43,49.08%,49.62%,0.286025,2026-09-15
QCOM,187.8,2026-09-18,3,Put,177.50,-5.48%,0.79,0.82,0.86,1560,1093,1.43,48.90%,61.49%,-0.14866,2026-09-15
RIVN,15.54,2026-09-25,10,Call,16.00,-2.96%,0.38,0.45,0.43,1615,1133,1.43,56.34%,57.78%,0.402519,2026-09-15
NVDA,212.17,2026-10-09,24,Call,215.00,-1.33%,6.15,6.19,6.25,2366,1653,1.43,33.58%,33.61%,0.465354,2026-09-15
INTC,97.14,2026-09-18,3,Put,96.00,-1.17%,1.87,1.94,1.96,2492,1743,1.43,59.66%,70.24%,-0.412673,2026-09-15
ADI,361.35,2026-09-18,3,Put,340.00,-5.91%,0.2,0.56,0.85,825,581,1.42,35.97%,47.36%,-0.074353,2026-09-15
CRWD,242.49,2026-09-25,10,Put,230.00,-5.15%,4.2,4.27,4.4,954,674,1.42,56.71%,59.70%,-0.276452,2026-09-15
SNDK,1530.9,2026-09-18,3,Put,"1,510.00",-1.37%,29.4,30.13,31.1,1306,920,1.42,68.18%,72.77%,-0.403169,2026-09-15
NVDA,212.17,2026-09-23,8,Call,220.00,-3.69%,1.32,1.34,1.36,1443,1013,1.42,33.58%,31.99%,0.233596,2026-09-15
CRWD,242.49,2027-01-15,122,Put,200.00,-17.52%,12.5,12.95,13.8,1781,1250,1.42,56.71%,60.48%,-0.22464,2026-09-15
AVGO,339.27,2026-09-18,3,Call,355.00,-4.64%,0.7,0.72,0.77,2545,1787,1.42,35.46%,41.50%,0.119075,2026-09-15
LCID,4.12,2026-09-18,3,Call,4.00,+2.91%,0.21,0.23,0.23,6326,4466,1.42,89.72%,103.42%,0.642585,2026-09-15
NU,14.19,2026-10-09,24,Call,16.00,-12.76%,0.14,0.15,0.19,507,360,1.41,45.09%,47.74%,0.184042,2026-09-15
KO,88.71,2026-10-02,17,Call,90.00,-1.45%,0.79,0.88,0.95,530,375,1.41,19.07%,18.25%,0.369579,2026-09-15
CMG,34.83,2026-09-18,3,Call,36.50,-4.79%,0.09,0.1,0.14,677,479,1.41,38.29%,48.27%,0.14878,2026-09-15
TSLA,356.58,2026-10-09,24,Call,415.00,-16.38%,1.91,1.87,1.97,984,699,1.41,41.23%,44.39%,0.10474,2026-09-15
SPCX,143.49,2026-09-25,10,Call,148.00,-3.14%,3.3,3.3,3.4,1588,1123,1.41,50.79%,54.55%,0.387205,2026-09-15
AMD,504.2,2027-09-17,367,Put,390.00,-22.65%,42.1,43.07,45.5,1856,1317,1.41,50.41%,54.55%,-0.211674,2026-09-15
MSTR,129.6,2026-09-18,3,Put,130.00,+0.31%,4.2,4.25,4.3,8046,5688,1.41,71.43%,86.62%,-0.498775,2026-09-15
AMZN,248.42,2026-09-18,3,Call,257.50,-3.66%,0.53,0.55,0.56,13677,9739,1.4,31.16%,35.36%,0.136874,2026-09-15
NTSK,17.47,2027-04-16,213,Call,17.50,-0.17%,4.4,4.5,4.8,553,394,1.4,74.68%,85.23%,0.64008,2026-09-15
NOW,141.9,2026-10-02,17,Call,160.00,-12.76%,1.55,1.55,1.65,751,535,1.4,53.84%,56.32%,0.180564,2026-09-15
PCT,5.58,2027-01-15,122,Call,6.00,-7.53%,0.85,1.05,1.1,814,582,1.4,81.51%,86.75%,0.55238,2026-09-15
ON,73.2,2028-01-21,493,Call,150.00,-104.92%,5.3,5.95,6.15,932,666,1.4,58.92%,58.07%,0.259629,2026-09-15
AMD,504.2,2026-09-18,3,Call,495.00,+1.82%,16.45,16.55,16.6,980,699,1.4,50.41%,62.22%,0.640589,2026-09-15
CRWD,242.49,2026-09-18,3,Call,235.00,+3.09%,9.95,10.26,10.65,2746,1966,1.4,56.71%,66.57%,0.710569,2026-09-15
NKE,36.22,2026-09-18,3,Call,37.00,-2.15%,0.2,0.21,0.22,6253,4464,1.4,46.76%,38.39%,0.275322,2026-09-15
META,670.24,2026-09-25,10,Call,700.00,-4.44%,7.25,7.33,7.45,8005,5716,1.4,38.57%,40.60%,0.274417,2026-09-15
OWL,10.24,2026-10-02,17,Put,10.00,-2.34%,0.2,0.3,0.45,513,369,1.39,45.11%,48.86%,-0.397492,2026-09-15
CRWD,242.49,2026-09-25,10,Put,210.00,-13.40%,0.79,0.85,0.93,534,385,1.39,56.71%,62.57%,-0.073579,2026-09-15
DELL,543.51,2026-09-18,3,Call,630.00,-15.91%,0.2,0.2,0.31,1084,781,1.39,61.08%,76.95%,0.018861,2026-09-15
UAMY,4.66,2027-02-19,157,Call,5.00,-7.30%,1,1.05,1.3,1223,879,1.39,92.46%,103.73%,0.602942,2026-09-15
CRWV,80.92,2026-09-18,3,Call,84.00,-3.81%,1.24,1.26,1.3,1908,1377,1.39,76.22%,84.10%,0.327087,2026-09-15
RGTI,15.09,2026-10-16,31,Call,17.00,-12.66%,0.62,0.64,0.68,2221,1602,1.39,72.52%,74.59%,0.335355,2026-09-15
MU,927.6,2026-09-18,3,Put,930.00,+0.26%,19.8,20.21,21.25,2486,1787,1.39,58.70%,57.84%,-0.507415,2026-09-15
PAGS,9.62,2027-02-19,157,Call,5.00,+48.02%,4.2,5.3,5.3,3000,2153,1.39,48.42%,92.84%,0.917266,2026-09-15
MS,206.28,2026-09-18,3,Call,210.00,-1.80%,1.08,1.17,1.54,3650,2628,1.39,34.87%,36.85%,0.303523,2026-09-15
VERA,33.67,2026-10-16,31,Call,35.00,-3.95%,1.9,2,2.45,594,431,1.38,70.91%,68.92%,0.469394,2026-09-15
AMZN,248.42,2026-09-23,8,Call,265.00,-6.67%,0.42,0.44,0.53,597,432,1.38,31.16%,31.58%,0.089883,2026-09-15
DELL,543.51,2026-09-18,3,Put,525.00,-3.41%,5.8,6.2,6,770,559,1.38,61.08%,68.20%,-0.27589,2026-09-15
AMD,504.2,2026-09-25,10,Call,600.00,-19.00%,0.55,0.58,0.79,1070,774,1.38,50.41%,56.84%,0.036625,2026-09-15
TSLA,356.58,2026-10-09,24,Call,400.00,-12.18%,3.3,3.35,3.45,1577,1141,1.38,41.23%,43.20%,0.168406,2026-09-15
MU,927.6,2026-09-16,1,Put,850.00,-8.37%,0.2,0.22,0.23,1775,1286,1.38,58.70%,78.32%,-0.015639,2026-09-15
PATH,14.23,2026-09-25,10,Put,14.00,-1.62%,0.41,0.48,0.5,1952,1415,1.38,58.25%,60.99%,-0.412936,2026-09-15
TSLA,356.58,2026-09-18,3,Put,350.00,-1.85%,3.25,3.25,3.3,24518,17803,1.38,41.23%,47.24%,-0.321881,2026-09-15
TSLA,356.58,2026-10-02,17,Call,415.00,-16.38%,1.14,1.12,1.17,673,493,1.37,41.23%,46.61%,0.074773,2026-09-15
JOBY,6.13,2026-11-20,66,Call,6.00,+2.12%,0.66,0.83,0.97,743,541,1.37,63.60%,71.15%,0.596503,2026-09-15
S,23.48,2026-10-02,17,Call,23.50,-0.09%,1,1.25,1.25,755,551,1.37,54.46%,55.22%,0.526561,2026-09-15
TSM,413.75,2026-09-25,10,Call,420.00,-1.51%,5.6,5.85,6,799,582,1.37,33.14%,30.64%,0.399442,2026-09-15
CRWD,242.49,2026-09-18,3,Call,265.00,-9.28%,0.65,0.67,0.69,878,639,1.37,56.71%,72.03%,0.093062,2026-09-15
MSFT,497.12,2026-09-18,3,Put,497.50,+0.08%,5.2,5.54,5.7,895,655,1.37,25.29%,29.53%,-0.503188,2026-09-15
INTC,97.14,2026-09-16,1,Put,92.00,-5.29%,0.13,0.14,0.15,1214,885,1.37,59.66%,74.99%,-0.079752,2026-09-15
TSLA,356.58,2026-09-18,3,Put,337.50,-5.35%,0.85,0.87,0.87,1827,1336,1.37,41.23%,50.20%,-0.108029,2026-09-15
TSLA,356.58,2026-10-02,17,Call,420.00,-17.79%,0.93,0.93,0.96,2269,1652,1.37,41.23%,47.30%,0.06225,2026-09-15
PLTR,172.56,2026-09-25,10,Call,175.00,-1.41%,4.8,4.86,4.95,2309,1688,1.37,49.75%,51.80%,0.456478,2026-09-15
PLTR,172.56,2026-10-16,31,Call,185.00,-7.21%,5.35,5.38,5.55,6254,4575,1.37,49.75%,49.76%,0.349793,2026-09-15
WIX,82.58,2026-10-16,31,Call,75.00,+9.18%,10.3,11.73,13.1,516,379,1.36,72.13%,78.08%,0.70912,2026-09-15
ORCL,140.35,2028-12-15,822,Call,240.00,-71.00%,26.65,27.05,27.45,522,385,1.36,49.81%,58.85%,0.448338,2026-09-15
RUM,8.2,2027-01-15,122,Put,6.00,-26.83%,0.45,0.5,0.6,529,389,1.36,88.00%,85.73%,-0.184015,2026-09-15
FIG,23.88,2026-09-18,3,Call,25.50,-6.78%,0.03,0.25,0.3,648,476,1.36,71.88%,77.55%,0.185591,2026-09-15
RKLB,63.55,2026-09-18,3,Call,73.00,-14.87%,0.11,0.13,0.14,969,713,1.36,69.43%,93.60%,0.056161,2026-09-15
TJX,124.6,2026-10-16,31,Call,130.00,-4.33%,1.3,1.4,1.5,1832,1351,1.36,23.63%,22.81%,0.281568,2026-09-15
SMCI,35.64,2026-09-18,3,Call,37.50,-5.22%,0.35,0.37,0.39,2183,1605,1.36,68.70%,79.00%,0.251284,2026-09-15
TSLA,356.58,2026-09-25,10,Call,375.00,-5.17%,3.75,3.77,3.8,2467,1818,1.36,41.23%,43.10%,0.255771,2026-09-15
HOOD,110.45,2026-09-18,3,Put,108.00,-2.22%,1.88,1.93,1.95,3830,2813,1.36,62.34%,75.78%,-0.357696,2026-09-15
CTNM,13.82,2026-12-18,94,Call,15.00,-8.54%,3.3,4.35,5.4,4035,2967,1.36,127.56%,172.48%,0.638836,2026-09-15
NFLX,77.9,2026-09-18,3,Put,77.00,-1.16%,0.61,0.63,0.62,8152,6013,1.36,33.35%,36.04%,-0.352021,2026-09-15
COIN,172.11,2026-09-18,3,Call,190.00,-10.39%,0.65,0.7,0.71,10865,7973,1.36,65.29%,85.61%,0.109043,2026-09-15
HRL,20.79,2026-10-16,31,Put,24.00,+15.44%,3,3.48,3.6,508,375,1.35,26.79%,33.91%,-0.91776,2026-09-15
CRDO,150.39,2026-09-18,3,Call,155.00,-3.07%,2.45,2.56,2.7,953,708,1.35,67.57%,81.39%,0.356327,2026-09-15
CRWD,242.49,2026-09-18,3,Call,270.00,-11.34%,0.39,0.42,0.43,1187,882,1.35,56.71%,74.33%,0.059781,2026-09-15
RIOT,19.7,2026-09-18,3,Call,20.50,-4.06%,0.33,0.31,0.38,1249,926,1.35,81.72%,93.52%,0.335902,2026-09-15
ADBE,257.76,2026-10-16,31,Put,250.00,-3.01%,8.2,8.35,8.5,1694,1258,1.35,41.27%,41.11%,-0.36825,2026-09-15
INTC,97.14,2026-09-16,1,Put,100.00,+2.94%,3.25,3.35,3.35,2722,2014,1.35,59.66%,70.36%,-0.778844,2026-09-15
IREN,41.58,2026-09-18,3,Put,41.00,-1.39%,1.05,1.09,1.1,3382,2512,1.35,81.54%,90.44%,-0.414728,2026-09-15
COIN,172.11,2026-09-18,3,Call,202.50,-17.66%,0.16,0.2,0.2,3516,2603,1.35,65.29%,94.56%,0.032126,2026-09-15
AMPX,9.16,2027-03-19,185,Call,11.00,-20.09%,1.45,1.65,1.85,500,373,1.34,74.23%,85.26%,0.51404,2026-09-15
TBBB,50.79,2026-09-18,3,Call,50.00,+1.56%,1.25,1.45,1.45,709,531,1.34,37.27%,48.86%,0.649089,2026-09-15
TSLA,356.58,2026-09-25,10,Call,367.50,-3.06%,5.7,5.7,5.85,757,566,1.34,41.23%,42.68%,0.35284,2026-09-15
DIS,106.42,2026-09-18,3,Put,102.00,-4.15%,0.06,0.1,0.15,760,566,1.34,24.21%,32.68%,-0.073686,2026-09-15
CRCL,86.3,2026-09-18,3,Call,102.00,-18.19%,0.01,0.17,0.33,1227,913,1.34,78.41%,108.46%,0.049722,2026-09-15
TSM,413.75,2026-09-18,3,Call,437.50,-5.74%,0.17,0.29,0.28,2516,1877,1.34,33.14%,35.22%,0.042298,2026-09-15
SOFI,17.07,2026-09-25,10,Call,17.50,-2.52%,0.39,0.38,0.42,2819,2106,1.34,49.08%,51.60%,0.406334,2026-09-15
CRCL,86.3,2026-09-18,3,Call,95.00,-10.08%,0.61,0.72,0.73,5794,4323,1.34,78.41%,102.97%,0.163771,2026-09-15
CRWV,80.92,2026-09-25,10,Call,85.00,-5.04%,2.46,2.46,2.5,572,429,1.33,76.22%,76.36%,0.375173,2026-09-15
NOW,141.9,2026-09-18,3,Put,144.00,+1.48%,4.25,4.25,4.45,704,530,1.33,53.84%,62.18%,-0.59037,2026-09-15
MSTR,129.6,2026-09-18,3,Put,118.00,-8.95%,0.6,0.6,0.7,853,641,1.33,71.43%,91.16%,-0.119148,2026-09-15
BURL,227.28,2026-10-16,31,Put,310.00,+36.40%,80.8,82.23,84.3,1000,751,1.33,39.37%,51.82%,-0.991667,2026-09-15
GOOG,341.43,2026-10-02,17,Call,400.00,-17.15%,0.2,0.22,0.34,1212,914,1.33,29.48%,36.86%,0.026768,2026-09-15
SKHY,174.83,2027-06-17,275,Put,180.00,+2.96%,38,39,40.4,1612,1216,1.33,60.24%,64.79%,-0.397087,2026-09-15
PFE,27.55,2026-09-18,3,Call,27.50,+0.18%,0.26,0.27,0.28,2163,1625,1.33,22.87%,24.80%,0.533678,2026-09-15
PBR,21.77,2027-03-19,185,Put,22.00,+1.06%,2.65,2.73,2.71,2340,1753,1.33,48.60%,43.42%,-0.440448,2026-09-15
ORCL,140.35,2026-09-25,10,Call,150.00,-6.88%,1.57,1.6,1.62,2397,1798,1.33,49.81%,52.03%,0.235036,2026-09-15
TSLA,356.58,2026-09-16,1,Put,335.00,-6.05%,0.13,0.13,0.14,2406,1809,1.33,41.23%,63.62%,-0.029114,2026-09-15
AMD,504.2,2026-09-16,1,Put,465.00,-7.77%,0.12,0.14,0.14,522,395,1.32,50.41%,74.50%,-0.017993,2026-09-15
TSLA,356.58,2026-09-23,8,Call,365.00,-2.36%,5.25,5.25,5.35,599,454,1.32,41.23%,41.19%,0.367219,2026-09-15
NVO,42.53,2026-09-25,10,Put,41.00,-3.60%,0.4,0.45,0.46,741,560,1.32,35.38%,36.34%,-0.267104,2026-09-15
DELL,543.51,2026-12-18,94,Put,240.00,-55.84%,0.5,0.85,1.33,817,618,1.32,61.08%,77.65%,-0.010942,2026-09-15
ORCL,140.35,2027-09-17,367,Call,150.00,-6.88%,29,29.6,29.45,878,667,1.32,49.81%,57.38%,0.578247,2026-09-15
VKTX,29.95,2026-09-25,10,Call,40.00,-33.56%,1,1,1.45,890,673,1.32,120.68%,201.46%,0.242548,2026-09-15
MRVL,221.7,2026-09-18,3,Put,225.00,+1.49%,7.45,7.6,7.75,1332,1012,1.32,64.74%,72.26%,-0.575117,2026-09-15
NVDA,212.17,2026-10-30,45,Put,200.00,-5.74%,4.85,4.93,5,1497,1133,1.32,33.58%,35.04%,-0.284486,2026-09-15
MP,49.17,2026-12-18,94,Put,50.00,+1.69%,6.25,6.3,6.45,2171,1640,1.32,61.25%,61.70%,-0.45026,2026-09-15
RIG,5.94,2026-10-16,31,Call,6.00,-1.01%,0.27,0.3,0.33,3021,2289,1.32,45.46%,49.41%,0.487166,2026-09-15
AAPL,331.34,2026-10-23,38,Call,355.00,-7.14%,2.74,2.83,2.92,679,520,1.31,24.56%,23.65%,0.206093,2026-09-15
QXO,11.44,2026-10-16,31,Put,24.00,+109.79%,12,12.43,13.1,687,523,1.31,63.99%,121.34%,-0.981769,2026-09-15
CAKE,96.73,2026-09-18,3,Put,95.00,-1.79%,1,1.2,2.2,699,532,1.31,43.39%,68.43%,-0.372682,2026-09-15
IREN,41.58,2026-09-25,10,Put,41.00,-1.39%,1.9,2.09,2.01,979,747,1.31,81.54%,82.61%,-0.429733,2026-09-15
MSTR,129.6,2026-09-25,10,Call,130.00,-0.31%,6.15,6.25,6.35,1521,1158,1.31,71.43%,74.58%,0.517869,2026-09-15
NVDA,212.17,2026-09-25,10,Call,217.50,-2.51%,2.55,2.58,2.59,2050,1561,1.31,33.58%,33.16%,0.341247,2026-09-15
RGTI,15.09,2026-09-18,3,Call,15.50,-2.72%,0.26,0.28,0.29,3256,2478,1.31,72.52%,81.18%,0.373175,2026-09-15
MSTR,129.6,2026-09-18,3,Call,133.00,-2.62%,2.71,2.77,2.84,3544,2699,1.31,71.43%,89.44%,0.391583,2026-09-15
CRCL,86.3,2026-09-18,3,Call,90.00,-4.29%,1.59,1.59,1.72,6808,5209,1.31,78.41%,99.10%,0.337582,2026-09-15
BE,259.35,2026-09-18,3,Call,277.50,-7.00%,2.73,2.75,2.95,504,389,1.3,79.79%,94.65%,0.229039,2026-09-15
HOOD,110.45,2026-09-25,10,Put,109.00,-1.31%,3.85,3.84,4.05,535,413,1.3,62.34%,64.69%,-0.426792,2026-09-15
HOOD,110.45,2026-09-18,3,Put,101.00,-8.56%,0.4,0.43,0.43,649,498,1.3,62.34%,80.95%,-0.103973,2026-09-15
SNDK,1530.9,2026-09-18,3,Put,"1,480.00",-3.32%,18.7,19,19.3,784,605,1.3,68.18%,72.50%,-0.290705,2026-09-15
NVO,42.53,2026-11-20,66,Put,60.00,+41.08%,17.05,17.35,19.05,800,617,1.3,35.38%,56.42%,-0.898031,2026-09-15
INTC,97.14,2026-09-25,10,Call,99.00,-1.91%,3.15,3.25,3.3,883,680,1.3,59.66%,62.62%,0.451009,2026-09-15
CLSK,12.62,2026-11-20,66,Call,14.00,-10.94%,0.96,1.34,1.6,1107,851,1.3,80.95%,82.83%,0.46036,2026-09-15
BA,209.69,2026-09-18,3,Put,207.50,-1.04%,2.03,2.08,2.24,1953,1497,1.3,31.41%,41.19%,-0.3822,2026-09-15
PANW,375.09,2026-09-18,3,Call,400.00,-6.64%,1.56,1.65,1.74,2845,2183,1.3,52.24%,65.52%,0.147358,2026-09-15
SKHY,174.83,2026-09-18,3,Put,165.00,-5.62%,1.15,1.29,1.41,4344,3345,1.3,60.24%,75.52%,-0.188494,2026-09-15
AAPL,331.34,2026-09-18,3,Put,322.50,-2.67%,0.81,0.84,0.83,6015,4619,1.3,24.56%,31.16%,-0.163482,2026-09-15
RKLB,63.55,2026-09-18,3,Call,65.00,-2.28%,1.26,1.26,1.35,6478,4996,1.3,69.43%,83.35%,0.398644,2026-09-15
GOOGL,344.98,2026-09-18,3,Put,340.00,-1.44%,2,2.1,2.14,13006,9994,1.3,29.70%,33.24%,-0.306535,2026-09-15
SPCX,143.49,2026-09-18,3,Call,150.00,-4.54%,1.03,1.04,1.06,63383,49203,1.29,50.79%,62.66%,0.227396,2026-09-15
ORCL,140.35,2026-09-25,10,Put,152.50,+8.66%,13,13.04,13.3,847,656,1.29,49.81%,51.06%,-0.825972,2026-09-15
GOOG,341.43,2026-09-25,10,Call,345.00,-1.05%,5,5.15,5.25,1412,1098,1.29,29.48%,29.25%,0.431843,2026-09-15
BEKE,16.21,2026-10-16,31,Put,15.00,-7.46%,0.15,0.25,0.3,1852,1441,1.29,36.51%,36.16%,-0.218138,2026-09-15
INTC,97.14,2026-09-18,3,Call,106.00,-9.12%,0.28,0.3,0.3,2029,1573,1.29,59.66%,72.61%,0.098646,2026-09-15
BILL,49.96,2026-09-18,3,Call,50.00,-0.08%,0.05,1.14,1.5,8121,6308,1.29,56.69%,43.57%,0.50281,2026-09-15
CAVA,49.99,2026-12-18,94,Call,60.00,-20.02%,3,3.15,3.3,1050,820,1.28,55.48%,62.31%,0.34906,2026-09-15
GOOG,341.43,2026-09-18,3,Call,337.50,+1.15%,6.2,6.37,6.6,1090,853,1.28,29.48%,33.21%,0.658665,2026-09-15
XOM,169.32,2027-01-15,122,Put,165.00,-2.55%,9.15,9.3,9.5,1213,949,1.28,31.06%,30.51%,-0.396724,2026-09-15
GMAB,34.15,2026-10-16,31,Call,35.00,-2.49%,1.3,1.5,1.8,1404,1095,1.28,37.36%,47.31%,0.46551,2026-09-15
BRK.B,516.76,2026-09-25,10,Call,520.00,-0.63%,3.3,3.7,3.85,1470,1149,1.28,13.96%,14.07%,0.415266,2026-09-15
AMD,504.2,2027-06-17,275,Call,"1,000.00",-98.33%,15.2,15.66,17.5,1522,1190,1.28,50.41%,58.67%,0.151229,2026-09-15
SKHY,174.83,2026-09-18,3,Call,177.50,-1.53%,3.3,3.3,3.45,1913,1496,1.28,60.24%,71.67%,0.422216,2026-09-15
MS,206.28,2026-10-16,31,Put,185.00,-10.32%,1.63,1.79,1.96,2487,1946,1.28,34.87%,37.88%,-0.145751,2026-09-15
INTC,97.14,2026-09-25,10,Put,98.00,+0.89%,4.35,4.45,4.45,577,453,1.27,59.66%,62.06%,-0.511105,2026-09-15
PM,194.11,2026-09-18,3,Put,195.00,+0.46%,2.1,2.55,3,677,534,1.27,27.23%,29.57%,-0.561762,2026-09-15
AAPL,331.34,2026-10-02,17,Put,315.00,-4.93%,1.8,1.85,1.93,1005,789,1.27,24.56%,26.72%,-0.176272,2026-09-15
CIFR,15.09,2026-09-25,10,Call,16.50,-9.34%,0.49,0.55,0.57,1043,819,1.27,96.43%,104.54%,0.335771,2026-09-15
HOOD,110.45,2026-09-25,10,Call,110.00,+0.41%,4.9,4.97,5.05,1421,1119,1.27,62.34%,64.50%,0.540202,2026-09-15
USAR,15.4,2026-12-18,94,Put,15.00,-2.60%,2.13,2.18,2.24,1527,1200,1.27,74.76%,80.17%,-0.387493,2026-09-15
SPCX,143.49,2026-09-25,10,Call,152.50,-6.28%,2.01,2.03,2.07,1650,1301,1.27,50.79%,54.72%,0.26886,2026-09-15
HOOD,110.45,2026-09-25,10,Call,115.00,-4.12%,2.85,2.89,2.94,2248,1772,1.27,62.34%,64.42%,0.375993,2026-09-15
CRCL,86.3,2027-01-15,122,Put,60.00,-30.48%,3.7,3.88,3.95,3237,2548,1.27,78.41%,79.87%,-0.148654,2026-09-15
PLTR,172.56,2026-09-25,10,Call,185.00,-7.21%,1.78,1.82,1.87,3305,2601,1.27,49.75%,51.64%,0.223591,2026-09-15
CRCL,86.3,2026-09-18,3,Put,85.00,-1.51%,2.19,2.31,2.38,6389,5020,1.27,78.41%,93.61%,-0.411279,2026-09-15
PDSB,0.5853,2026-11-20,66,Call,0.5000,+14.57%,0.15,0.28,0.3,503,398,1.26,240.16%,199.29%,0.731555,2026-09-15
ASTS,58.77,2027-01-15,122,Call,155.00,-163.74%,0.77,0.93,0.99,561,445,1.26,72.45%,95.96%,0.073884,2026-09-15
NVDA,212.17,2026-09-28,13,Call,210.00,+1.02%,6.35,6.5,6.5,687,546,1.26,33.58%,32.33%,0.585989,2026-09-15
ZS,193.89,2026-09-18,3,Call,205.00,-5.73%,1.2,1.3,1.6,696,553,1.26,56.92%,71.34%,0.20479,2026-09-15
KHC,24.73,2026-09-18,3,Call,24.50,+0.93%,0.39,0.64,0.94,702,557,1.26,32.02%,61.25%,0.576295,2026-09-15
OKLO,35.98,2026-09-18,3,Call,37.00,-2.83%,0.61,0.68,0.71,1264,1006,1.26,70.68%,82.71%,0.370175,2026-09-15
MU,927.6,2026-09-16,1,Put,870.00,-6.21%,0.48,0.48,0.54,1294,1025,1.26,58.70%,69.50%,-0.03731,2026-09-15
COIN,172.11,2026-09-18,3,Put,155.00,-9.94%,0.38,0.47,0.51,2683,2131,1.26,65.29%,82.54%,-0.074865,2026-09-15
CRWD,242.49,2026-10-02,17,Put,230.00,-5.15%,6.25,6.5,7.3,512,410,1.25,56.71%,59.73%,-0.313507,2026-09-15
AMD,504.2,2026-09-18,3,Put,477.50,-5.30%,2.48,2.55,2.61,664,531,1.25,50.41%,63.14%,-0.162567,2026-09-15
CVNA,66.9,2026-10-02,17,Call,85.00,-27.06%,0.08,0.25,0.21,1021,818,1.25,59.91%,61.44%,0.042108,2026-09-15
IREN,41.58,2026-09-25,10,Call,52.00,-25.06%,0.16,0.2,0.23,1129,905,1.25,81.54%,88.97%,0.075202,2026-09-15
META,670.24,2026-10-02,17,Call,655.00,+2.27%,30.5,31.35,32,1164,931,1.25,38.57%,38.94%,0.630778,2026-09-15
ARM,241.83,2026-09-18,3,Call,260.00,-7.51%,1.61,1.57,1.78,1651,1324,1.25,63.77%,82.94%,0.178267,2026-09-15
INTC,97.14,2026-09-18,3,Call,103.00,-6.03%,0.63,0.63,0.66,4117,3289,1.25,59.66%,71.24%,0.191929,2026-09-15
SNDK,1530.9,2026-09-18,3,Put,"1,500.00",-2.02%,25.7,26.1,26.8,4287,3421,1.25,68.18%,72.94%,-0.364948,2026-09-15
AMZN,248.42,2026-11-20,66,Put,215.00,-13.45%,3.8,4.07,4,4990,3984,1.25,31.16%,39.49%,-0.163611,2026-09-15
LULU,98.37,2026-12-18,94,Call,190.00,-93.15%,0.17,0.16,0.31,550,442,1.24,40.72%,59.82%,0.023641,2026-09-15
CDNS,273.96,2027-01-15,122,Put,300.00,+9.51%,38.6,41.9,42.5,702,564,1.24,40.23%,41.94%,-0.590642,2026-09-15
MS,206.28,2026-10-16,31,Put,160.00,-22.44%,0.13,0.32,0.32,802,648,1.24,34.87%,44.79%,-0.021539,2026-09-15
HBM,25.24,2027-01-15,122,Put,22.50,-10.86%,1.7,1.95,2.25,1002,809,1.24,60.48%,59.76%,-0.296563,2026-09-15
META,670.24,2027-06-17,275,Put,700.00,+4.44%,102.45,104.24,104.15,1272,1024,1.24,38.57%,41.20%,-0.459456,2026-09-15
ENPH,36.72,2027-01-15,122,Call,90.00,-145.10%,0.35,0.4,0.46,3659,2949,1.24,66.75%,85.44%,0.061558,2026-09-15
BAC,59.52,2026-09-18,3,Put,59.00,-0.87%,0.44,0.45,0.48,13609,10945,1.24,27.27%,32.30%,-0.374967,2026-09-15
"Downloaded from Barchart.com as of 09-15-2026 11:41pm CDT"
