Symbol,Price~,"Exp Date",DTE,Type,Strike,Moneyness,Bid,Latest,Ask,Volume,"Open Int",Vol/OI,"Imp Vol",IV,Delta,Time
$SPX,7711.76,2026-10-30,62,Call,"8,540.00",-10.74%,2.7,2.95,3.1,4700,22,213.64,11.86%,11.39%,0.021901,2026-08-28
$SPX,7711.76,2026-11-03,66,Put,"7,775.00",+0.82%,173.5,179.43,175.9,160,1,160,11.86%,12.48%,-0.523113,2026-08-28
$SPX,7711.76,2026-09-08,10,Put,"7,395.00",-4.11%,2.55,3.7,2.9,142,1,142,11.86%,14.55%,-0.036537,2026-08-28
$SPX,7711.76,2026-10-09,41,Put,"5,900.00",-23.49%,3.5,3.65,3.9,523,4,130.75,11.86%,36.38%,-0.011041,2026-08-28
$SPX,7711.76,2026-10-30,62,Put,"7,760.00",+0.63%,164.1,165.7,164.9,1810,19,95.26,11.86%,12.61%,-0.509303,2026-08-28
$SPX,7711.76,2026-09-21,23,Put,"7,790.00",+1.01%,116.4,91.1,117.5,73,1,73,11.86%,10.40%,-0.630979,2026-08-28
$SPX,7711.76,2026-09-25,27,Call,"9,200.00",-19.30%,0,0.1,0.15,70,1,70,11.86%,19.77%,0.000679,2026-08-28
$SPX,7711.76,2026-09-01,3,Put,"7,285.00",-5.53%,0.2,0.25,0.35,194,3,64.67,11.86%,24.61%,-0.005016,2026-08-28
$SPX,7711.76,2026-11-30,93,Put,"6,110.00",-20.77%,18.8,19.38,19.5,414,7,59.14,11.86%,28.62%,-0.040354,2026-08-28
$SPX,7711.76,2026-09-14,16,Put,"7,595.00",-1.51%,26.8,27.9,27.5,102,2,51,11.86%,11.60%,-0.243233,2026-08-28
$SPX,7711.76,2026-09-11,13,Put,"6,475.00",-16.04%,0.65,0.75,0.85,151,3,50.33,11.86%,36.13%,-0.004464,2026-08-28
$SPX,7711.76,2026-10-12,44,Call,"7,900.00",-2.44%,54.5,54.64,55.7,47,1,47,11.86%,10.74%,0.305705,2026-08-28
$SPX,7711.76,2026-10-09,41,Call,"8,400.00",-8.92%,1.35,2.15,1.7,412,9,45.78,11.86%,11.10%,0.015137,2026-08-28
$SPX,7711.76,2026-09-03,5,Put,"6,525.00",-15.39%,0.1,0.15,0.2,410,9,45.56,11.86%,47.67%,-0.001221,2026-08-28
$SPX,7711.76,2026-09-04,6,Put,"7,130.00",-7.54%,0.55,0.6,0.7,3746,94,39.85,11.86%,25.48%,-0.007465,2026-08-28
$SPX,7711.76,2026-09-11,13,Put,"6,525.00",-15.39%,0.7,0.82,0.9,157,4,39.25,11.86%,34.96%,-0.004884,2026-08-28
$SPX,7711.76,2026-09-02,4,Put,"7,395.00",-4.11%,0.45,0.5,0.6,2567,70,36.67,11.86%,17.64%,-0.010725,2026-08-28
$SPX,7711.76,2026-11-30,93,Put,"7,395.00",-4.11%,101.4,102.4,102.8,36,1,36,11.86%,16.32%,-0.258793,2026-08-28
$SPX,7711.76,2026-09-04,6,Put,"7,230.00",-6.25%,0.65,0.7,0.85,3678,103,35.71,11.86%,21.97%,-0.010081,2026-08-28
$SPX,7711.76,2026-10-09,41,Put,"6,850.00",-11.17%,12.8,13.17,13.5,532,15,35.47,11.86%,22.92%,-0.051418,2026-08-28
$SPX,7711.76,2026-09-25,27,Call,"7,790.00",-1.01%,64.4,66.1,65.2,1569,51,30.76,11.86%,10.79%,0.405988,2026-08-28
$SPX,7711.76,2026-12-31,124,Call,"8,625.00",-11.84%,17.4,17.8,18.2,30,1,30,11.86%,11.65%,0.077481,2026-08-28
$SPX,7711.76,2026-09-22,24,Call,"7,500.00",+2.75%,252.7,277.95,259.1,29,1,29,11.86%,13.22%,0.818249,2026-08-28
$SPX,7711.76,2026-09-22,24,Put,"7,460.00",-3.26%,25.9,21.2,26.8,29,1,29,11.86%,14.62%,-0.168535,2026-08-28
$SPX,7711.76,2026-09-02,4,Put,"7,845.00",+1.73%,124.8,95,140.8,29,1,29,11.86%,8.93%,-0.988454,2026-08-28
$SPX,7711.76,2026-09-14,16,Put,"7,695.00",-0.22%,52.8,57.98,53.7,26,1,26,11.86%,10.26%,-0.43367,2026-08-28
$SPX,7711.76,2026-11-20,83,Call,"7,555.00",+2.03%,340.3,338.86,342.7,240,10,24,11.86%,14.77%,0.672411,2026-08-28
$SPX,7711.76,2026-09-09,11,Call,"7,795.00",-1.08%,16.7,17.1,17.3,93,4,23.25,11.86%,8.35%,0.255167,2026-08-28
$SPX,7711.76,2026-09-15,17,Put,"7,530.00",-2.36%,20.1,22.05,20.9,23,1,23,11.86%,12.82%,-0.176346,2026-08-28
$SPX,7711.76,2026-09-10,12,Put,"7,755.00",+0.56%,71.4,74,72.2,23,1,23,11.86%,9.29%,-0.612733,2026-08-28
$SPX,7711.76,2026-10-09,41,Put,"6,100.00",-20.90%,4.5,4.72,4.9,525,23,22.83,11.86%,33.54%,-0.014758,2026-08-28
$SPX,7711.76,2026-09-25,27,Put,"6,675.00",-13.44%,4.7,5,5,110,5,22,11.86%,27.36%,-0.022151,2026-08-28
$SPX,7711.76,2026-11-03,66,Call,"7,850.00",-1.79%,120.2,120.84,122.5,22,1,22,11.86%,12.21%,0.425804,2026-08-28
$SPX,7711.76,2026-11-04,67,Put,"6,850.00",-11.17%,29,29.5,30.2,21,1,21,11.86%,22.01%,-0.085488,2026-08-28
$SPX,7711.76,2026-08-31,2,Call,"7,730.00",-0.24%,9.3,8.1,9.5,14061,687,20.47,11.86%,7.20%,0.343387,2026-08-28
$SPX,7711.76,2026-09-09,11,Call,"7,815.00",-1.34%,11.7,11.57,12.2,102,5,20.4,11.86%,8.19%,0.197283,2026-08-28
$SPX,7711.76,2026-09-11,13,Put,"7,665.00",-0.61%,38.8,40.78,39.5,1615,81,19.94,11.86%,10.90%,-0.360882,2026-08-28
$SPX,7711.76,2026-09-14,16,Put,"7,715.00",+0.04%,60.5,62.69,61.5,39,2,19.5,11.86%,10.01%,-0.482783,2026-08-28
$SPX,7711.76,2026-09-10,12,Put,"7,745.00",+0.43%,66,68.6,66.9,58,3,19.33,11.86%,9.41%,-0.580523,2026-08-28
$SPX,7711.76,2027-01-15,139,Put,"7,100.00",-7.93%,100.1,102.34,101.6,19,1,19,11.86%,19.02%,-0.192759,2026-08-28
$SPX,7711.76,2026-09-17,19,Call,"7,770.00",-0.76%,52.1,68.83,53.1,1012,54,18.74,11.86%,10.27%,0.409548,2026-08-28
$SPX,7711.76,2026-09-14,16,Put,"7,665.00",-0.61%,43,43.76,43.9,56,3,18.67,11.86%,10.65%,-0.367019,2026-08-28
$SPX,7711.76,2026-10-09,41,Put,"5,600.00",-27.38%,2.4,2.6,2.75,584,32,18.25,11.86%,40.60%,-0.007181,2026-08-28
$SPX,7711.76,2026-09-28,30,Put,"7,570.00",-1.84%,51.4,53.07,52.5,36,2,18,11.86%,13.22%,-0.282721,2026-08-28
$SPX,7711.76,2026-11-20,83,Call,"7,655.00",+0.74%,269.4,271.93,271.3,50,3,16.67,11.86%,14.03%,0.606437,2026-08-28
$SPX,7711.76,2027-08-20,356,Put,"3,600.00",-53.32%,19.2,19.66,19.9,132,8,16.5,11.86%,41.22%,-0.01526,2026-08-28
$SPX,7711.76,2028-06-16,657,Put,"7,200.00",-6.64%,391.9,396.01,398.1,145,9,16.11,11.86%,19.93%,-0.285065,2026-08-28
$SPX,7711.76,2026-09-08,10,Put,"7,320.00",-5.08%,1.7,2.07,1.95,48,3,16,11.86%,16.22%,-0.023321,2026-08-28
$SPX,7711.76,2026-08-31,2,Put,"7,710.00",-0.02%,15.6,17.2,15.8,5012,332,15.1,11.86%,7.55%,-0.471731,2026-08-28
$SPX,7711.76,2026-10-30,62,Put,"6,540.00",-15.19%,16.8,17.2,17.3,45,3,15,11.86%,25.73%,-0.048256,2026-08-28
$SPX,7711.76,2026-09-10,12,Put,"7,665.00",-0.61%,34.5,39.4,35.2,482,33,14.61,11.86%,10.47%,-0.351754,2026-08-28
$SPX,7711.76,2026-11-03,66,Call,"7,775.00",-0.82%,159.1,160.87,161.5,160,11,14.55,11.86%,12.67%,0.499947,2026-08-28
$SPX,7711.76,2026-10-09,41,Call,"8,200.00",-6.33%,5.1,5.5,5.8,595,41,14.51,11.86%,10.26%,0.049813,2026-08-28
$SPX,7711.76,2026-12-18,111,Call,"7,740.00",-0.37%,266.8,266.7,268.4,43,3,14.33,11.86%,13.93%,0.556949,2026-08-28
$SPX,7711.76,2026-12-18,111,Call,"8,040.00",-4.26%,118.3,119.18,119.6,14,1,14,11.86%,12.56%,0.345295,2026-08-28
$SPX,7711.76,2026-10-12,44,Call,"7,925.00",-2.77%,46.5,52.43,47.7,14,1,14,11.86%,10.62%,0.274294,2026-08-28
$SPX,7711.76,2027-06-30,305,Put,"6,745.00",-12.54%,162,164.32,163.9,40,3,13.33,11.86%,21.74%,-0.181575,2026-08-28
$SPX,7711.76,2026-09-28,30,Put,"7,025.00",-8.91%,9.7,10.15,10.4,26,2,13,11.86%,20.86%,-0.050876,2026-08-28
$SPX,7711.76,2026-11-20,83,Put,"6,890.00",-10.66%,42.6,42.1,43.4,52,4,13,11.86%,21.36%,-0.109126,2026-08-28
$SPX,7711.76,2026-08-31,2,Call,"7,745.00",-0.43%,4.7,3.7,5,6179,484,12.77,11.86%,6.98%,0.214336,2026-08-28
$SPX,7711.76,2026-09-11,13,Put,"7,655.00",-0.74%,36,36.39,36.7,1601,126,12.71,11.86%,11.04%,-0.338797,2026-08-28
$SPX,7711.76,2026-09-28,30,Put,"6,200.00",-19.60%,2.65,2.85,2.95,672,53,12.68,11.86%,34.15%,-0.010542,2026-08-28
$SPX,7711.76,2026-08-31,2,Put,"7,435.00",-3.59%,0.15,0.2,0.3,8583,679,12.64,11.86%,19.87%,-0.006123,2026-08-28
$SPX,7711.76,2026-09-03,5,Put,"7,765.00",+0.69%,55.9,44.3,72.9,62,5,12.4,11.86%,9.25%,-0.730401,2026-08-28
$SPX,7711.76,2026-09-25,27,Put,"7,480.00",-3.01%,34,35.27,34.6,582,48,12.13,11.86%,14.59%,-0.198323,2026-08-28
$SPX,7711.76,2026-09-18,20,Put,"6,170.00",-19.99%,1.35,1.5,1.6,60,5,12,11.86%,39.20%,-0.006269,2026-08-28
$SPX,7711.76,2026-09-01,3,Put,"7,855.00",+1.86%,135.2,125.9,151.2,12,1,12,11.86%,10.39%,-0.991191,2026-08-28
$SPX,7711.76,2026-09-01,3,Call,"7,615.00",+1.25%,92.4,100.1,108.7,48,4,12,11.86%,9.01%,0.943642,2026-08-28
$SPX,7711.76,2026-10-30,62,Call,"7,540.00",+2.23%,312.4,311.06,313.6,274,23,11.91,11.86%,14.64%,0.694278,2026-08-28
$SPX,7711.76,2026-09-11,13,Put,"7,755.00",+0.56%,75.3,77.54,76.2,1582,133,11.89,11.86%,9.70%,-0.60156,2026-08-28
$SPX,7711.76,2026-08-31,2,Put,"7,730.00",+0.24%,25.8,27.67,26.2,4451,375,11.87,11.86%,7.06%,-0.666117,2026-08-28
$SPX,7711.76,2026-09-02,4,Put,"7,285.00",-5.53%,0.3,0.3,0.45,35,3,11.67,11.86%,22.11%,-0.006436,2026-08-28
$SPX,7711.76,2026-09-17,19,Put,"7,490.00",-2.88%,22.7,27.4,23.5,35,3,11.67,11.86%,14.37%,-0.169136,2026-08-28
$SPX,7711.76,2026-09-03,5,Put,"6,975.00",-9.55%,0.25,0.25,0.35,1106,95,11.64,11.86%,32.02%,-0.003363,2026-08-28
$SPX,7711.76,2026-08-31,2,Put,"7,740.00",+0.37%,32,34.93,33.4,2561,224,11.43,11.86%,6.82%,-0.761409,2026-08-28
$SPX,7711.76,2026-09-04,6,Put,"7,160.00",-7.15%,0.55,0.68,0.7,1478,130,11.37,11.86%,24.28%,-0.007803,2026-08-28
$SPX,7711.76,2026-09-24,26,Put,"7,750.00",+0.50%,103.1,107.87,104.3,45,4,11.25,11.86%,11.23%,-0.538878,2026-08-28
$SPX,7711.76,2026-09-02,4,Call,"7,980.00",-3.48%,0,0.1,0.15,33,3,11,11.86%,11.57%,0.00269,2026-08-28
$SPX,7711.76,2026-11-20,83,Call,"7,540.00",+2.23%,351.5,351.4,353.9,546,50,10.92,11.86%,14.89%,0.681423,2026-08-28
$SPX,7711.76,2026-08-31,2,Put,"7,745.00",+0.43%,35.7,38.78,37.1,1463,134,10.92,11.86%,6.68%,-0.806986,2026-08-28
$SPX,7711.76,2026-09-14,16,Call,"8,050.00",-4.39%,0.6,0.7,0.85,1042,96,10.85,11.86%,8.98%,0.014263,2026-08-28
$SPX,7711.76,2026-09-11,13,Put,"7,710.00",-0.02%,54.2,56.09,55.1,3251,300,10.84,11.86%,10.28%,-0.47234,2026-08-28
$SPX,7711.76,2026-09-11,13,Put,"7,725.00",+0.17%,60.6,62,61.4,3797,359,10.58,11.86%,10.08%,-0.513908,2026-08-28
$SPX,7711.76,2026-09-14,16,Call,"7,745.00",-0.43%,50,53.1,51,21,2,10.5,11.86%,9.36%,0.448894,2026-08-28
$SPX,7711.76,2026-09-25,27,Call,"7,840.00",-1.66%,44.1,43.3,44.8,535,51,10.49,11.86%,10.43%,0.318187,2026-08-28
$SPX,7711.76,2026-08-31,2,Put,"7,720.00",+0.11%,20.2,21.7,20.6,4316,415,10.4,11.86%,7.33%,-0.567173,2026-08-28
$SPX,7711.76,2026-09-29,31,Put,"7,325.00",-5.02%,23.1,23.3,24,104,10,10.4,11.86%,16.55%,-0.125164,2026-08-28
$SPX,7711.76,2026-09-09,11,Put,"7,485.00",-2.94%,6.5,7.9,7,61,6,10.17,11.86%,13.00%,-0.084084,2026-08-28
$SPX,7711.76,2026-08-31,2,Put,"7,715.00",+0.04%,17.8,19.7,18.1,3646,359,10.16,11.86%,7.45%,-0.518728,2026-08-28
$SPX,7711.76,2026-09-11,13,Call,"8,125.00",-5.36%,0.25,0.4,0.4,2773,277,10.01,11.86%,10.79%,0.00642,2026-08-28
$SPX,7711.76,2026-11-20,83,Call,"8,220.00",-6.59%,35.5,36.7,36.7,10,1,10,11.86%,11.56%,0.164266,2026-08-28
$SPX,7711.76,2026-09-25,27,Call,"7,340.00",+4.82%,405.6,407.2,412.5,10,1,10,11.86%,15.79%,0.891569,2026-08-28
$SPX,7711.76,2026-09-14,16,Put,"6,625.00",-14.09%,1.1,1.1,1.35,20,2,10,11.86%,30.47%,-0.007426,2026-08-28
$SPX,7711.76,2026-09-11,13,Put,"7,120.00",-7.67%,2.15,2.8,2.35,50,5,10,11.86%,21.06%,-0.019753,2026-08-28
$SPX,7711.76,2026-09-28,30,Put,"7,075.00",-8.26%,10.9,11.9,11.6,20,2,10,11.86%,20.10%,-0.057889,2026-08-28
$SPX,7711.76,2026-09-28,30,Put,"6,650.00",-13.77%,5,5.4,5.4,40,4,10,11.86%,26.87%,-0.022832,2026-08-28
$SPX,7711.76,2026-12-18,111,Put,"7,735.00",+0.30%,212,214.19,214,10,1,10,11.86%,14.00%,-0.464308,2026-08-28
$SPX,7711.76,2026-10-01,33,Put,"5,400.00",-29.98%,1.15,1.25,1.45,10,1,10,11.86%,45.96%,-0.003796,2026-08-28
$SPX,7711.76,2026-11-30,93,Call,"7,540.00",+2.23%,367.5,367.05,369,273,28,9.75,11.86%,14.70%,0.681871,2026-08-28
$SPX,7711.76,2026-09-11,13,Call,"7,870.00",-2.05%,7.6,7.45,8,1576,164,9.61,11.86%,8.70%,0.124963,2026-08-28
$SPX,7711.76,2026-08-31,2,Put,"7,585.00",-1.64%,0.6,0.7,0.75,2165,231,9.37,11.86%,11.72%,-0.026423,2026-08-28
$SPX,7711.76,2026-10-16,48,Put,"7,335.00",-4.89%,44.3,39.65,45,158,17,9.29,11.86%,16.56%,-0.175009,2026-08-28
$SPX,7711.76,2026-08-31,2,Put,"7,655.00",-0.74%,3.4,3.73,3.6,2959,319,9.28,11.86%,9.19%,-0.13233,2026-08-28
$SPX,7711.76,2027-01-29,153,Put,"4,200.00",-45.54%,8.3,8.4,8.8,37,4,9.25,11.86%,44.32%,-0.010346,2026-08-28
$SPX,7711.76,2026-08-31,2,Call,"7,780.00",-0.88%,0.65,0.55,0.8,6138,665,9.23,11.86%,6.86%,0.045125,2026-08-28
$SPX,7711.76,2026-09-02,4,Put,"7,745.00",+0.43%,44.9,49.21,45.3,251,28,8.96,11.86%,8.35%,-0.679499,2026-08-28
$SPX,7711.76,2026-09-04,6,Put,"7,430.00",-3.65%,1.85,2.25,2.05,3271,370,8.84,11.86%,15.94%,-0.031507,2026-08-28
$SPX,7711.76,2026-08-31,2,Put,"7,660.00",-0.67%,3.9,4.27,4.2,3805,434,8.77,11.86%,9.06%,-0.150636,2026-08-28
$SPX,7711.76,2026-09-02,4,Put,"6,375.00",-17.33%,0.05,0.1,0.15,165,19,8.68,11.86%,58.07%,-0.000771,2026-08-28
$SPX,7711.76,2026-08-31,2,Call,"7,790.00",-1.01%,0.3,0.37,0.4,6298,730,8.63,11.86%,6.76%,0.024145,2026-08-28
$SPX,7711.76,2026-10-30,62,Call,"8,900.00",-15.41%,0.6,0.75,0.95,4845,563,8.61,11.86%,13.06%,0.0059,2026-08-28
$SPX,7711.76,2026-09-08,10,Put,"7,270.00",-5.73%,1.35,1.9,1.6,103,12,8.58,11.86%,17.40%,-0.018124,2026-08-28
$SPX,7711.76,2026-09-02,4,Call,"7,795.00",-1.08%,2.8,2.55,3,1137,136,8.36,11.86%,7.66%,0.09943,2026-08-28
$SPX,7711.76,2026-09-09,11,Call,"8,250.00",-6.98%,0.05,0.15,0.25,100,12,8.33,11.86%,13.70%,0.002743,2026-08-28
$SPX,7711.76,2026-09-01,3,Put,"7,260.00",-5.86%,0.2,0.25,0.3,274,33,8.3,11.86%,25.66%,-0.004423,2026-08-28
$SPX,7711.76,2026-09-04,6,Call,"8,070.00",-4.65%,0.1,0.1,0.2,33,4,8.25,11.86%,13.04%,0.003787,2026-08-28
$SPX,7711.76,2026-08-31,2,Call,"7,760.00",-0.63%,2.15,1.6,2.3,6686,810,8.25,11.86%,6.83%,0.116834,2026-08-28
$SPX,7711.76,2026-10-12,44,Call,"7,950.00",-3.09%,39.5,39.18,40.6,16,2,8,11.86%,10.52%,0.244368,2026-08-28
$SPX,7711.76,2026-10-30,62,Call,"7,555.00",+2.03%,300.9,298.94,302.3,120,15,8,11.86%,14.51%,0.683945,2026-08-28
$SPX,7711.76,2026-10-05,37,Put,"7,775.00",+0.82%,131.4,133.85,132.7,40,5,8,11.86%,11.29%,-0.560653,2026-08-28
$SPX,7711.76,2026-09-02,4,Call,"7,865.00",-1.99%,0.1,0.15,0.25,1085,136,7.98,11.86%,7.70%,0.00847,2026-08-28
$SPX,7711.76,2026-09-14,16,Put,"7,645.00",-0.87%,37.5,42.43,38.3,151,19,7.95,11.86%,10.91%,-0.326926,2026-08-28
$SPX,7711.76,2026-09-01,3,Put,"7,335.00",-4.89%,0.25,0.35,0.35,63,8,7.88,11.86%,22.19%,-0.005973,2026-08-28
$SPX,7711.76,2026-10-12,44,Put,"7,325.00",-5.02%,37.1,38.22,38.1,102,13,7.85,11.86%,16.45%,-0.158971,2026-08-28
$SPX,7711.76,2026-09-09,11,Put,"7,735.00",+0.30%,57.3,59.57,58.1,94,12,7.83,11.86%,9.19%,-0.554429,2026-08-28
$SPX,7711.76,2026-09-02,4,Put,"7,610.00",-1.32%,5,5.7,5.3,1025,131,7.82,11.86%,11.03%,-0.117568,2026-08-28
$SPX,7711.76,2026-08-31,2,Put,"7,765.00",+0.69%,51.3,56.7,55.3,1505,195,7.72,11.86%,5.56%,-0.980043,2026-08-28
$SPX,7711.76,2026-09-14,16,Put,"7,310.00",-5.21%,5.4,6.65,6,23,3,7.67,11.86%,16.24%,-0.051188,2026-08-28
$SPX,7711.76,2026-09-28,30,Put,"7,580.00",-1.71%,53.5,55.24,54.6,23,3,7.67,11.86%,13.10%,-0.293315,2026-08-28
$SPX,7711.76,2026-08-31,2,Call,"7,665.00",+0.61%,52.4,49.9,53.8,1416,186,7.61,11.86%,9.04%,0.826829,2026-08-28
$SPX,7711.76,2026-09-02,4,Put,"7,625.00",-1.13%,6.4,7.2,6.8,1618,214,7.56,11.86%,10.70%,-0.147489,2026-08-28
$SPX,7711.76,2026-09-30,32,Call,"8,165.00",-5.88%,2.85,4.05,3.3,90,12,7.5,11.86%,9.93%,0.034642,2026-08-28
$SPX,7711.76,2027-01-15,139,Call,"8,250.00",-6.98%,88.3,88.92,89.8,15,2,7.5,11.86%,12.47%,0.258525,2026-08-28
$SPX,7711.76,2026-11-03,66,Put,"5,000.00",-35.16%,3.1,3.35,3.6,15,2,7.5,11.86%,43.52%,-0.006802,2026-08-28
$SPX,7711.76,2026-11-03,66,Put,"4,000.00",-48.13%,0.95,1.09,1.3,15,2,7.5,11.86%,56.33%,-0.001951,2026-08-28
$SPX,7711.76,2026-11-30,93,Put,"7,160.00",-7.15%,69.8,73.6,71,15,2,7.5,11.86%,18.47%,-0.175319,2026-08-28
$SPX,7711.76,2026-10-09,41,Put,"7,200.00",-6.64%,25.9,26.41,26.8,613,83,7.39,11.86%,18.26%,-0.112402,2026-08-28
$SPX,7711.76,2026-08-31,2,Call,"7,710.00",+0.02%,19,16.69,19.4,6593,907,7.27,11.86%,7.69%,0.531051,2026-08-28
$SPX,7711.76,2026-09-11,13,Call,"7,360.00",+4.56%,349.7,361.77,373.7,29,4,7.25,11.86%,10.65%,0.991705,2026-08-28
$SPX,7711.76,2026-09-11,13,Put,"7,775.00",+0.82%,86.7,89.71,87.5,1463,202,7.24,11.86%,9.44%,-0.662532,2026-08-28
$SPX,7711.76,2026-09-04,6,Call,"7,855.00",-1.86%,1.95,1.95,2.15,1565,218,7.18,11.86%,8.71%,0.056097,2026-08-28
$SPX,7711.76,2026-10-16,48,Put,"6,320.00",-18.05%,7.7,8,8.4,431,61,7.07,11.86%,29.43%,-0.024952,2026-08-28
$SPX,7711.76,2026-09-30,32,Call,"8,155.00",-5.75%,3.1,6.45,3.6,148,21,7.05,11.86%,9.90%,0.037447,2026-08-28
$SPX,7711.76,2026-10-12,44,Call,"7,825.00",-1.47%,84.1,84.47,85.6,21,3,7,11.86%,11.18%,0.404748,2026-08-28
$SPX,7711.76,2026-09-22,24,Call,"7,350.00",+4.69%,388.4,417.3,395.3,14,2,7,11.86%,14.91%,0.909602,2026-08-28
$SPX,7711.76,2026-11-20,83,Put,"7,540.00",-2.23%,123.2,113.1,124.3,21,3,7,11.86%,15.12%,-0.330656,2026-08-28
$SPX,7711.76,2026-09-25,27,Call,"8,125.00",-5.36%,2.55,2.5,2.9,664,96,6.92,11.86%,9.88%,0.033699,2026-08-28
$SPX,7711.76,2026-09-30,32,Put,"6,305.00",-18.24%,3.6,3.4,3.9,152,22,6.91,11.86%,32.14%,-0.014065,2026-08-28
$SPX,7711.76,2026-11-30,93,Put,"8,050.00",+4.39%,351.1,357.5,356.6,400,58,6.9,11.86%,10.60%,-0.811595,2026-08-28
$SPX,7711.76,2026-09-25,27,Put,"7,360.00",-4.56%,22.1,23.41,23,48,7,6.86,11.86%,16.31%,-0.129489,2026-08-28
$SPX,7711.76,2026-08-31,2,Call,"7,795.00",-1.08%,0.25,0.27,0.35,3502,515,6.8,11.86%,6.96%,0.020529,2026-08-28
$SPX,7711.76,2026-08-31,2,Put,"7,705.00",-0.09%,13.6,14.75,14,3252,485,6.71,11.86%,7.71%,-0.426987,2026-08-28
$SPX,7711.76,2026-09-02,4,Put,"7,735.00",+0.30%,38.8,41,39.3,228,34,6.71,11.86%,8.51%,-0.620564,2026-08-28
$SPX,7711.76,2026-08-31,2,Call,"7,735.00",-0.30%,7.5,6.41,7.8,4657,697,6.68,11.86%,7.12%,0.297963,2026-08-28
$SPX,7711.76,2026-09-25,27,Put,"6,775.00",-12.15%,5.5,5.8,5.9,73,11,6.64,11.86%,25.67%,-0.02706,2026-08-28
$SPX,7711.76,2026-09-04,6,Put,"7,465.00",-3.20%,2.45,2.75,2.65,762,115,6.63,11.86%,15.01%,-0.041967,2026-08-28
$SPX,7711.76,2026-09-01,3,Put,"7,275.00",-5.66%,0.2,0.25,0.35,454,69,6.58,11.86%,25.14%,-0.004919,2026-08-28
$SPX,7711.76,2026-08-31,2,Call,"7,765.00",-0.69%,1.6,1.21,1.7,4219,646,6.53,11.86%,6.78%,0.091829,2026-08-28
$SPX,7711.76,2026-08-31,2,Put,"7,535.00",-2.29%,0.3,0.4,0.4,7075,1083,6.53,11.86%,14.11%,-0.012465,2026-08-28
$SPX,7711.76,2027-03-31,214,Put,"6,310.00",-18.18%,74.6,72.4,76,26,4,6.5,11.86%,24.53%,-0.101747,2026-08-28
$SPX,7711.76,2026-12-18,111,Put,"8,050.00",+4.39%,367.3,363.92,369.7,52,8,6.5,11.86%,11.43%,-0.762604,2026-08-28
$SPX,7711.76,2026-09-02,4,Call,"7,790.00",-1.01%,3.4,3.15,3.7,943,145,6.5,11.86%,7.74%,0.116545,2026-08-28
$SPX,7711.76,2026-09-14,16,Call,"7,665.00",+0.61%,98.7,140.75,99.6,13,2,6.5,11.86%,10.21%,0.644218,2026-08-28
$SPX,7711.76,2026-09-17,19,Put,"7,470.00",-3.13%,20.6,21.95,21.4,97,15,6.47,11.86%,14.67%,-0.154117,2026-08-28
$SPX,7711.76,2026-09-25,27,Put,"7,770.00",+0.76%,114.3,116.95,115.5,362,56,6.46,11.86%,11.04%,-0.573944,2026-08-28
$SPX,7711.76,2026-09-02,4,Call,"7,760.00",-0.63%,9.3,8.52,9.7,1286,200,6.43,11.86%,8.08%,0.24631,2026-08-28
$SPX,7711.76,2026-09-04,6,Put,"7,735.00",+0.30%,48.6,51.62,49.1,517,81,6.38,11.86%,9.71%,-0.581257,2026-08-28
$SPX,7711.76,2026-11-30,93,Put,"6,160.00",-20.12%,19.8,20.43,20.5,407,64,6.36,11.86%,28.10%,-0.042877,2026-08-28
$SPX,7711.76,2026-09-22,24,Put,"6,200.00",-19.60%,1.8,2,2.05,902,142,6.35,11.86%,36.30%,-0.007878,2026-08-28
$SPX,7711.76,2026-10-01,33,Put,"7,450.00",-3.39%,38.3,42.5,39.4,19,3,6.33,11.86%,15.02%,-0.197299,2026-08-28
$SPX,7711.76,2026-10-01,33,Call,"7,900.00",-2.44%,35.8,57.6,36.8,19,3,6.33,11.86%,10.31%,0.256409,2026-08-28
$SPX,7711.76,2026-09-02,4,Call,"7,835.00",-1.60%,0.45,0.55,0.6,1338,212,6.31,11.86%,7.41%,0.023452,2026-08-28
$SPX,7711.76,2026-08-31,2,Call,"7,755.00",-0.56%,2.8,2.15,3,4531,722,6.28,11.86%,6.86%,0.144604,2026-08-28
$SPX,7711.76,2026-09-11,13,Put,"7,140.00",-7.41%,2.3,3,2.5,100,16,6.25,11.86%,20.64%,-0.021297,2026-08-28
$SPX,7711.76,2027-08-20,356,Put,"6,500.00",-15.71%,155.8,151.49,157.6,300,48,6.25,11.86%,22.98%,-0.156817,2026-08-28
$SPX,7711.76,2026-09-11,13,Put,"7,420.00",-3.78%,7.2,7.78,7.7,1329,213,6.24,11.86%,14.85%,-0.075996,2026-08-28
$SPX,7711.76,2026-09-02,4,Put,"7,665.00",-0.61%,12.6,13.97,13,711,114,6.24,11.86%,9.83%,-0.264577,2026-08-28
$SPX,7711.76,2026-08-31,2,Call,"7,720.00",-0.11%,13.6,12,14,4358,706,6.17,11.86%,7.44%,0.438356,2026-08-28
$SPX,7711.76,2026-09-08,10,Put,"7,450.00",-3.39%,3.7,4.19,4.2,3332,542,6.15,11.86%,13.42%,-0.054056,2026-08-28
$SPX,7711.76,2026-09-11,13,Put,"7,705.00",-0.09%,52.3,55.8,53.1,777,127,6.12,11.86%,10.35%,-0.459003,2026-08-28
$SPX,7711.76,2026-09-09,11,Put,"7,715.00",+0.04%,48.1,55.64,48.9,110,18,6.11,11.86%,9.44%,-0.488039,2026-08-28
$SPX,7711.76,2026-09-25,27,Call,"7,660.00",+0.67%,140,140.03,141.3,189,31,6.1,11.86%,12.05%,0.619341,2026-08-28
$SPX,7711.76,2026-09-04,6,Call,"7,755.00",-0.56%,21.7,20.8,22.2,1241,204,6.08,11.86%,9.66%,0.345609,2026-08-28
$SPX,7711.76,2026-08-31,2,Put,"7,680.00",-0.41%,6.8,7.53,7.1,4391,722,6.08,11.86%,8.42%,-0.244001,2026-08-28
$SPX,7711.76,2026-12-18,111,Put,"3,600.00",-53.32%,2.6,2.69,2.9,60,10,6,11.86%,55.06%,-0.003503,2026-08-28
$SPX,7711.76,2026-09-02,4,Put,"6,675.00",-13.44%,0.05,0.15,0.2,108,18,6,11.86%,45.85%,-0.001187,2026-08-28
$SPX,7711.76,2026-10-09,41,Put,"7,710.00",-0.02%,111.5,113.69,112.8,24,4,6,11.86%,12.23%,-0.462605,2026-08-28
$SPX,7711.76,2026-09-28,30,Call,"8,075.00",-4.71%,4.9,5.55,5.6,66,11,6,11.86%,9.50%,0.058829,2026-08-28
$SPX,7711.76,2026-09-08,10,Call,"7,510.00",+2.62%,200.2,206.85,224.2,30,5,6,11.86%,10.34%,0.946942,2026-08-28
$SPX,7711.76,2026-10-12,44,Put,"7,525.00",-2.42%,64.1,65.79,65.3,12,2,6,11.86%,14.10%,-0.274258,2026-08-28
$SPX,7711.76,2026-09-11,13,Put,"7,745.00",+0.43%,70.1,73.13,71,138,23,6,11.86%,9.83%,-0.572004,2026-08-28
$SPX,7711.76,2026-08-31,2,Put,"7,670.00",-0.54%,5.1,5.7,5.4,3857,653,5.91,11.86%,8.71%,-0.191258,2026-08-28
$SPX,7711.76,2026-09-03,5,Put,"7,390.00",-4.17%,0.8,0.95,0.95,401,68,5.9,11.86%,17.19%,-0.015709,2026-08-28
$SPX,7711.76,2026-09-02,4,Put,"7,790.00",+1.01%,72.5,80.35,89,106,18,5.89,11.86%,8.38%,-0.880323,2026-08-28
$SPX,7711.76,2026-09-04,6,Put,"7,880.00",+2.18%,157.7,120.56,177.7,47,8,5.88,11.86%,9.49%,-0.987121,2026-08-28
$SPX,7711.76,2026-10-09,41,Put,"7,425.00",-3.72%,46,46.3,47,47,8,5.88,11.86%,15.43%,-0.203808,2026-08-28
$SPX,7711.76,2026-08-31,2,Call,"7,705.00",+0.09%,22.1,19.8,22.5,2402,409,5.87,11.86%,7.84%,0.574666,2026-08-28
$SPX,7711.76,2026-09-01,3,Call,"7,705.00",+0.09%,28.5,26.76,28.9,639,109,5.86,11.86%,8.57%,0.561636,2026-08-28
$SPX,7711.76,2026-09-16,18,Put,"7,760.00",+0.63%,91.4,90.2,92.4,82,14,5.86,11.86%,10.49%,-0.584652,2026-08-28
$SPX,7711.76,2026-08-31,2,Put,"7,220.00",-6.38%,0.05,0.1,0.15,752,129,5.83,11.86%,31.00%,-0.001926,2026-08-28
$SPX,7711.76,2026-08-31,2,Put,"7,770.00",+0.76%,55.9,60.56,59.9,944,162,5.83,11.86%,8.91%,-0.874763,2026-08-28
$SPX,7711.76,2026-10-12,44,Put,"7,425.00",-3.72%,48.2,48.54,49.3,29,5,5.8,11.86%,15.25%,-0.20755,2026-08-28
$SPX,7711.76,2026-09-11,13,Call,"7,795.00",-1.08%,24.8,24.77,25.5,301,52,5.79,11.86%,9.26%,0.297534,2026-08-28
$SPX,7711.76,2026-09-04,6,Call,"7,885.00",-2.25%,0.8,0.85,0.95,1128,196,5.76,11.86%,8.71%,0.026744,2026-08-28
$SPX,7711.76,2026-09-03,5,Put,"7,200.00",-6.64%,0.4,0.45,0.55,1180,206,5.73,11.86%,24.01%,-0.00668,2026-08-28
$SPX,7711.76,2026-09-11,13,Put,"7,495.00",-2.81%,11.6,12.15,12,331,58,5.71,11.86%,13.55%,-0.120382,2026-08-28
$SPX,7711.76,2026-11-20,83,Put,"6,425.00",-16.69%,23.5,23.83,24.2,160,28,5.71,11.86%,26.10%,-0.055775,2026-08-28
$SPX,7711.76,2026-09-11,13,Put,"7,340.00",-4.82%,4.6,4.7,5,1139,200,5.7,11.86%,16.28%,-0.048222,2026-08-28
$SPX,7711.76,2026-08-31,2,Put,"7,735.00",+0.30%,29,31.1,29.4,2382,418,5.7,11.86%,6.93%,-0.715049,2026-08-28
$SPX,7711.76,2026-09-04,6,Put,"7,075.00",-8.26%,0.45,0.6,0.6,746,131,5.69,11.86%,27.12%,-0.006015,2026-08-28
$SPX,7711.76,2026-09-02,4,Call,"7,705.00",+0.09%,33.8,32.03,34.2,409,72,5.68,11.86%,8.96%,0.555942,2026-08-28
$SPX,7711.76,2026-09-29,31,Call,"7,710.00",+0.02%,114.7,113.81,116,17,3,5.67,11.86%,11.38%,0.547173,2026-08-28
$SPX,7711.76,2026-08-31,2,Call,"7,740.00",-0.37%,6,4.9,6.2,7166,1267,5.66,11.86%,7.03%,0.254101,2026-08-28
$SPX,7711.76,2026-09-25,27,Put,"7,710.00",-0.02%,87.9,90.55,88.9,752,133,5.65,11.86%,11.69%,-0.467316,2026-08-28
$SPX,7711.76,2026-10-16,48,Call,"8,090.00",-4.90%,19.7,21,20.3,349,62,5.63,11.86%,10.60%,0.135656,2026-08-28
$SPX,7711.76,2026-09-01,3,Put,"7,715.00",+0.04%,24,26,24.4,1248,223,5.6,11.86%,8.45%,-0.508953,2026-08-28
$SPX,7711.76,2026-09-08,10,Put,"7,405.00",-3.98%,2.7,3.91,3.1,28,5,5.6,11.86%,14.33%,-0.039074,2026-08-28
$SPX,7711.76,2026-09-08,10,Put,"7,415.00",-3.85%,2.85,3.8,3.3,67,12,5.58,11.86%,14.11%,-0.041689,2026-08-28
$SPX,7711.76,2026-09-29,31,Put,"7,710.00",-0.02%,93.4,95.46,94.8,50,9,5.56,11.86%,11.70%,-0.4652,2026-08-28
$SPX,7711.76,2026-08-31,2,Put,"7,685.00",-0.35%,7.9,8.6,8.2,3208,580,5.53,11.86%,8.30%,-0.275414,2026-08-28
$SPX,7711.76,2026-11-04,67,Call,"7,825.00",-1.47%,136.1,136.29,138.3,22,4,5.5,11.86%,12.51%,0.452986,2026-08-28
$SPX,7711.76,2026-09-01,3,Put,"7,860.00",+1.92%,140.2,154.41,156.2,11,2,5.5,11.86%,17.99%,-0.878995,2026-08-28
$SPX,7711.76,2026-09-25,27,Put,"7,750.00",+0.50%,104.8,105.08,105.7,1610,293,5.49,11.86%,11.24%,-0.537,2026-08-28
$SPX,7711.76,2026-10-09,41,Put,"7,000.00",-9.23%,16.9,17.62,17.7,549,101,5.44,11.86%,20.89%,-0.07047,2026-08-28
$SPX,7711.76,2026-09-04,6,Put,"7,605.00",-1.38%,10.6,11.5,11,872,162,5.38,11.86%,11.94%,-0.170236,2026-08-28
$SPX,7711.76,2026-09-01,3,Put,"7,735.00",+0.30%,34.6,37.1,35,508,95,5.35,11.86%,8.06%,-0.650077,2026-08-28
$SPX,7711.76,2026-09-01,3,Put,"7,755.00",+0.56%,41.1,51,58.2,139,26,5.35,11.86%,8.31%,-0.766972,2026-08-28
$SPX,7711.76,2026-09-04,6,Call,"7,715.00",-0.04%,40.9,39.47,41.4,2438,456,5.35,11.86%,10.26%,0.507982,2026-08-28
$SPX,7711.76,2026-08-31,2,Call,"7,785.00",-0.95%,0.45,0.45,0.6,6690,1255,5.33,11.86%,6.85%,0.034116,2026-08-28
$SPX,7711.76,2026-08-31,2,Put,"7,215.00",-6.44%,0.05,0.1,0.15,480,90,5.33,11.86%,31.30%,-0.001909,2026-08-28
$SPX,7711.76,2026-09-14,16,Put,"7,635.00",-1.00%,35.1,36.99,35.9,16,3,5.33,11.86%,11.06%,-0.308353,2026-08-28
$SPX,7711.76,2026-09-08,10,Put,"7,260.00",-5.86%,1.3,1.9,1.55,37,7,5.29,11.86%,17.66%,-0.01735,2026-08-28
$SPX,7711.76,2026-09-23,25,Put,"5,600.00",-27.38%,0.85,1.05,1.1,79,15,5.27,11.86%,46.36%,-0.0033,2026-08-28
$SPX,7711.76,2026-09-04,6,Call,"8,140.00",-5.55%,0.05,0.15,0.2,47,9,5.22,11.86%,15.00%,0.002817,2026-08-28
$SPX,7711.76,2026-10-05,37,Put,"7,750.00",+0.50%,119.8,126.08,121.2,52,10,5.2,11.86%,11.53%,-0.52152,2026-08-28
$SPX,7711.76,2026-09-04,6,Put,"7,280.00",-5.60%,0.8,0.95,0.95,409,79,5.18,11.86%,20.34%,-0.012426,2026-08-28
$SPX,7711.76,2026-09-02,4,Put,"6,700.00",-13.12%,0.1,0.1,0.2,807,157,5.14,11.86%,45.47%,-0.001417,2026-08-28
$SPX,7711.76,2026-09-04,6,Put,"7,665.00",-0.61%,21.8,23.18,22.2,1539,302,5.1,11.86%,10.86%,-0.315671,2026-08-28
$SPX,7711.76,2027-09-17,384,Put,"8,500.00",+10.22%,741.9,746.78,745.4,300,59,5.08,11.86%,0.00%,0,2026-08-28
$SPX,7711.76,2026-11-30,93,Call,"7,950.00",-3.09%,122.1,122.5,123.5,377,75,5.03,11.86%,12.27%,0.381392,2026-08-28
$SPX,7711.76,2026-09-08,10,Put,"7,675.00",-0.48%,30.2,31.3,30.9,2076,413,5.03,11.86%,9.70%,-0.361311,2026-08-28
$SPX,7711.76,2026-09-09,11,Put,"7,780.00",+0.88%,80.9,90.84,86.6,60,12,5,11.86%,8.65%,-0.711717,2026-08-28
$SPX,7711.76,2026-12-18,111,Put,"7,670.00",-0.54%,190.8,191.61,192.2,10,2,5,11.86%,14.54%,-0.419491,2026-08-28
$SPX,7711.76,2026-09-11,13,Put,"7,795.00",+1.08%,97.1,90.73,103,10,2,5,11.86%,9.23%,-0.721398,2026-08-28
$SPX,7711.76,2028-06-16,657,Put,"8,700.00",+12.81%,893.7,898.29,902.1,10,2,5,11.86%,0.00%,0,2026-08-28
$SPX,7711.76,2026-08-31,2,Put,"7,610.00",-1.32%,1.05,1.17,1.2,2769,557,4.97,11.86%,10.73%,-0.044617,2026-08-28
$SPX,7711.76,2026-09-02,4,Call,"7,740.00",-0.37%,16.1,14.8,16.5,467,95,4.92,11.86%,8.38%,0.356849,2026-08-28
$SPX,7711.76,2026-09-08,10,Put,"7,610.00",-1.32%,15.9,16.56,16.4,953,195,4.89,11.86%,10.67%,-0.208851,2026-08-28
$SPX,7711.76,2026-08-31,2,Put,"7,690.00",-0.28%,9.1,9.85,9.4,2912,597,4.88,11.86%,8.17%,-0.309068,2026-08-28
$SPX,7711.76,2026-09-02,4,Put,"7,630.00",-1.06%,7,7.8,7.4,552,113,4.88,11.86%,10.61%,-0.159304,2026-08-28
$SPX,7711.76,2026-09-04,6,Put,"7,505.00",-2.68%,3.5,3.9,3.8,540,112,4.82,11.86%,14.03%,-0.060581,2026-08-28
$SPX,7711.76,2026-09-14,16,Put,"7,655.00",-0.74%,40.2,42.25,41,24,5,4.8,11.86%,10.78%,-0.346576,2026-08-28
$SPX,7711.76,2026-09-23,25,Put,"7,650.00",-0.80%,63,62.16,64.1,134,28,4.79,11.86%,12.20%,-0.371256,2026-08-28
$SPX,7711.76,2026-09-08,10,Put,"7,605.00",-1.38%,15.1,16.2,15.7,86,18,4.78,11.86%,10.75%,-0.200047,2026-08-28
$SPX,7711.76,2026-09-09,11,Put,"7,850.00",+1.79%,134.7,139.3,141.5,19,4,4.75,11.86%,7.86%,-0.935508,2026-08-28
$SPX,7711.76,2026-09-11,13,Call,"7,705.00",+0.09%,67.5,65.9,68.4,442,93,4.75,11.86%,10.21%,0.548651,2026-08-28
$SPX,7711.76,2026-09-21,23,Put,"7,760.00",+0.63%,100.4,104.35,101.5,90,19,4.74,11.86%,10.71%,-0.567568,2026-08-28
$SPX,7711.76,2026-10-09,41,Put,"7,100.00",-7.93%,20.7,21.2,21.6,427,90,4.74,11.86%,19.56%,-0.088326,2026-08-28
$SPX,7711.76,2026-09-09,11,Put,"7,615.00",-1.25%,19.7,13.39,20.2,71,15,4.73,11.86%,10.88%,-0.233271,2026-08-28
$SPX,7711.76,2026-09-02,4,Put,"7,485.00",-2.94%,0.9,1.07,1.05,448,95,4.72,11.86%,14.43%,-0.02235,2026-08-28
$SPX,7711.76,2026-09-14,16,Put,"7,430.00",-3.65%,9.9,10.47,10.3,80,17,4.71,11.86%,14.16%,-0.093565,2026-08-28
$SPX,7711.76,2026-10-09,41,Put,"7,590.00",-1.58%,75.3,76.94,76.5,33,7,4.71,11.86%,13.50%,-0.327321,2026-08-28
$SPX,7711.76,2026-10-12,44,Put,"7,600.00",-1.45%,80.5,81.92,81.8,66,14,4.71,11.86%,13.29%,-0.338951,2026-08-28
$SPX,7711.76,2026-10-16,48,Put,"7,285.00",-5.53%,39.4,41.07,40.1,159,34,4.68,11.86%,17.15%,-0.154922,2026-08-28
$SPX,7711.76,2027-03-31,214,Put,"6,795.00",-11.89%,116.4,119.68,118,14,3,4.67,11.86%,21.36%,-0.164516,2026-08-28
$SPX,7711.76,2026-09-29,31,Put,"7,775.00",+0.82%,121.9,125.1,123.2,14,3,4.67,11.86%,11.02%,-0.573994,2026-08-28
$SPX,7711.76,2026-12-18,111,Put,"6,890.00",-10.66%,62.3,60,63.3,14,3,4.67,11.86%,21.12%,-0.132692,2026-08-28
$SPX,7711.76,2026-09-11,13,Put,"7,180.00",-6.90%,2.55,2.72,2.75,28,6,4.67,11.86%,19.70%,-0.024248,2026-08-28
$SPX,7711.76,2027-02-19,174,Put,"5,725.00",-25.76%,33.9,34.3,34.9,259,56,4.63,11.86%,29.34%,-0.049015,2026-08-28
$SPX,7711.76,2027-01-29,153,Call,"7,850.00",-1.79%,275.5,275.42,277.4,203,44,4.61,11.86%,14.19%,0.511243,2026-08-28
$SPX,7711.76,2026-09-04,6,Put,"7,110.00",-7.80%,0.5,0.5,0.65,184,40,4.6,11.86%,26.02%,-0.006788,2026-08-28
$SPX,7711.76,2026-09-04,6,Put,"6,825.00",-11.50%,0.3,0.4,0.45,896,197,4.55,11.86%,35.69%,-0.003429,2026-08-28
$SPX,7711.76,2026-10-16,48,Call,"7,735.00",-0.30%,144.3,156.5,145.4,50,11,4.55,11.86%,12.34%,0.525581,2026-08-28
$SPX,7711.76,2026-09-09,11,Put,"7,720.00",+0.11%,50.3,52.73,51.1,286,63,4.54,11.86%,9.38%,-0.504689,2026-08-28
$SPX,7711.76,2026-09-17,19,Put,"7,500.00",-2.75%,23.8,24.92,24.6,411,91,4.52,11.86%,14.21%,-0.177116,2026-08-28
$SPX,7711.76,2026-08-31,2,Put,"7,675.00",-0.48%,5.9,6.5,6.2,7380,1648,4.48,11.86%,8.57%,-0.216398,2026-08-28
$SPX,7711.76,2026-09-25,27,Call,"7,920.00",-2.70%,21.7,22.17,22.2,694,157,4.42,11.86%,9.98%,0.192327,2026-08-28
$SPX,7711.76,2026-08-31,2,Put,"7,665.00",-0.61%,4.5,4.93,4.7,2546,577,4.41,11.86%,8.88%,-0.169594,2026-08-28
$SPX,7711.76,2026-10-30,62,Put,"7,775.00",+0.82%,170.4,173.62,171.5,400,91,4.4,11.86%,12.48%,-0.525034,2026-08-28
$SPX,7711.76,2027-05-21,265,Put,"8,475.00",+9.90%,696.3,687.18,699.5,22,5,4.4,11.86%,0.00%,0,2026-08-28
$SPX,7711.76,2026-09-22,24,Call,"8,100.00",-5.03%,2,2.05,2.4,307,70,4.39,11.86%,9.63%,0.030059,2026-08-28
$SPX,7711.76,2026-09-04,6,Put,"7,695.00",-0.22%,31.1,31.36,31.5,998,228,4.38,11.86%,10.37%,-0.418536,2026-08-28
$SPX,7711.76,2026-08-31,2,Put,"7,620.00",-1.19%,1.35,1.55,1.5,4257,978,4.35,11.86%,10.37%,-0.056319,2026-08-28
$SPX,7711.76,2026-09-04,6,Put,"7,260.00",-5.86%,0.75,0.85,0.9,1488,342,4.35,11.86%,21.01%,-0.011444,2026-08-28
$SPX,7711.76,2026-08-31,2,Put,"7,695.00",-0.22%,10.4,11.3,10.7,2363,545,4.34,11.86%,8.00%,-0.345082,2026-08-28
$SPX,7711.76,2026-09-03,5,Put,"7,740.00",+0.37%,47,47.87,47.5,382,88,4.34,11.86%,9.21%,-0.620539,2026-08-28
$SPX,7711.76,2026-09-08,10,Put,"7,280.00",-5.60%,1.4,2.05,1.65,39,9,4.33,11.86%,17.15%,-0.01892,2026-08-28
$SPX,7711.76,2026-10-12,44,Put,"6,500.00",-15.71%,8.1,8.55,8.7,13,3,4.33,11.86%,27.26%,-0.028894,2026-08-28
$SPX,7711.76,2026-09-15,17,Call,"7,870.00",-2.05%,11.6,24.7,12.4,13,3,4.33,11.86%,8.61%,0.160356,2026-08-28
$SPX,7711.76,2026-08-31,2,Call,"7,810.00",-1.27%,0.1,0.17,0.15,3714,859,4.32,11.86%,7.13%,0.009162,2026-08-28
$SPX,7711.76,2026-09-22,24,Put,"7,430.00",-3.65%,23,25.05,23.8,30,7,4.29,11.86%,15.06%,-0.149594,2026-08-28
$SPX,7711.76,2026-09-18,20,Put,"7,785.00",+0.95%,110.4,83,111.4,162,38,4.26,11.86%,10.58%,-0.630196,2026-08-28
$SPX,7711.76,2027-01-29,153,Put,"7,770.00",+0.76%,259.3,265.37,261.3,17,4,4.25,11.86%,14.08%,-0.475508,2026-08-28
$SPX,7711.76,2026-12-18,111,Put,"7,730.00",+0.24%,211.3,196.9,212.7,34,8,4.25,11.86%,14.09%,-0.460128,2026-08-28
$SPX,7711.76,2026-09-01,3,Put,"7,210.00",-6.51%,0.15,0.2,0.3,211,50,4.22,11.86%,27.96%,-0.00371,2026-08-28
$SPX,7711.76,2026-10-30,62,Put,"7,330.00",-4.95%,60.3,61,61.2,664,158,4.2,11.86%,16.80%,-0.198716,2026-08-28
$SPX,7711.76,2026-09-01,3,Put,"7,840.00",+1.66%,120.2,124.1,136.3,21,5,4.2,11.86%,9.49%,-0.990341,2026-08-28
$SPX,7711.76,2026-09-04,6,Put,"7,765.00",+0.69%,66.2,68.64,66.7,241,58,4.16,11.86%,9.19%,-0.711929,2026-08-28
$SPX,7711.76,2026-09-09,11,Put,"7,495.00",-2.81%,7,8.51,7.6,83,20,4.15,11.86%,12.83%,-0.090784,2026-08-28
$SPX,7711.76,2026-08-31,2,Put,"7,575.00",-1.77%,0.5,0.5,0.65,4636,1121,4.14,11.86%,12.17%,-0.022171,2026-08-28
$SPX,7711.76,2026-09-03,5,Put,"7,735.00",+0.30%,44.2,46.4,44.7,271,66,4.11,11.86%,9.28%,-0.596114,2026-08-28
$SPX,7711.76,2026-10-01,33,Put,"7,475.00",-3.07%,41.6,41.6,42.7,37,9,4.11,11.86%,14.70%,-0.213898,2026-08-28
$SPX,7711.76,2026-09-03,5,Call,"7,765.00",-0.69%,12.5,11.73,12.9,319,78,4.09,11.86%,8.69%,0.266897,2026-08-28
$SPX,7711.76,2026-09-18,20,Put,"7,765.00",+0.69%,99.6,102.1,100.6,253,62,4.08,11.86%,10.80%,-0.585615,2026-08-28
$SPX,7711.76,2026-09-04,6,Call,"7,720.00",-0.11%,38.1,36.6,38.6,1181,291,4.06,11.86%,10.17%,0.488191,2026-08-28
$SPX,7711.76,2026-08-31,2,Put,"7,565.00",-1.90%,0.45,0.45,0.55,2489,615,4.05,11.86%,12.65%,-0.018923,2026-08-28
$SPX,7711.76,2026-09-25,27,Call,"7,825.00",-1.47%,49.7,49.72,50.4,580,144,4.03,11.86%,10.53%,0.344245,2026-08-28
$SPX,7711.76,2026-09-04,6,Put,"7,575.00",-1.77%,7.5,8.1,7.8,4188,1041,4.02,11.86%,12.53%,-0.123899,2026-08-28
$SPX,7711.76,2026-10-30,62,Put,"4,800.00",-37.76%,2.3,2.42,2.6,2427,605,4.01,11.86%,46.86%,-0.004914,2026-08-28
$SPX,7711.76,2026-09-28,30,Put,"7,710.00",-0.02%,91.2,93.16,92.4,148,37,4,11.86%,11.60%,-0.465489,2026-08-28
$SPX,7711.76,2026-09-28,30,Put,"6,925.00",-10.20%,7.9,8.7,8.6,20,5,4,11.86%,22.45%,-0.040212,2026-08-28
$SPX,7711.76,2027-06-30,305,Put,"7,440.00",-3.52%,288.1,291.04,290.5,20,5,4,11.86%,18.00%,-0.331632,2026-08-28
$SPX,7711.76,2026-11-30,93,Put,"7,630.00",-1.06%,154.9,155.51,156.3,32,8,4,11.86%,14.32%,-0.38991,2026-08-28
$SPX,7711.76,2026-11-20,83,Call,"7,560.00",+1.97%,336.6,335.07,338.9,128,32,4,11.86%,14.73%,0.669386,2026-08-28
$SPX,7711.76,2026-09-11,13,Call,"7,735.00",-0.30%,50.5,49.24,51.4,160,40,4,11.86%,9.87%,0.466975,2026-08-28
$SPX,7711.76,2026-09-29,31,Call,"8,125.00",-5.36%,3.4,7.66,4.1,24,6,4,11.86%,9.70%,0.04262,2026-08-28
$SPX,7711.76,2026-09-09,11,Call,"7,785.00",-0.95%,19.7,19.75,20.4,12,3,4,11.86%,8.44%,0.286526,2026-08-28
$SPX,7711.76,2026-09-09,11,Put,"7,745.00",+0.43%,62.4,54.1,63.2,36,9,4,11.86%,9.06%,-0.589402,2026-08-28
$SPX,7711.76,2026-08-31,2,Call,"7,670.00",+0.54%,48.1,46.92,49.5,1473,369,3.99,11.86%,8.89%,0.804705,2026-08-28
$SPX,7711.76,2026-09-01,3,Put,"7,745.00",+0.43%,33.7,43.35,51,226,57,3.96,11.86%,8.36%,-0.70777,2026-08-28
$SPX,7711.76,2026-08-31,2,Call,"7,775.00",-0.82%,0.9,0.65,1,7173,1818,3.95,11.86%,6.81%,0.057286,2026-08-28
$SPX,7711.76,2026-09-29,31,Put,"7,550.00",-2.10%,49.7,50.22,50.8,39,10,3.9,11.86%,13.57%,-0.266881,2026-08-28
$SPX,7711.76,2026-09-02,4,Put,"6,350.00",-17.66%,0.05,0.1,0.15,222,57,3.89,11.86%,59.18%,-0.000757,2026-08-28
$SPX,7711.76,2026-09-08,10,Put,"7,630.00",-1.06%,19.3,21.44,19.9,848,218,3.89,11.86%,10.35%,-0.248152,2026-08-28
$SPX,7711.76,2026-09-10,12,Call,"7,620.00",+1.19%,119.1,123.2,125,31,8,3.88,11.86%,10.51%,0.758087,2026-08-28
$SPX,7711.76,2026-09-02,4,Put,"7,805.00",+1.21%,86.1,53,102.4,27,7,3.86,11.86%,8.28%,-0.932439,2026-08-28
$SPX,7711.76,2026-09-02,4,Put,"7,810.00",+1.27%,90.8,100.01,107,69,18,3.83,11.86%,8.23%,-0.944988,2026-08-28
$SPX,7711.76,2026-09-04,6,Put,"7,545.00",-2.16%,5.3,5.78,5.7,770,203,3.79,11.86%,13.15%,-0.090564,2026-08-28
$SPX,7711.76,2026-09-01,3,Put,"7,750.00",+0.50%,43.9,48.01,45.5,933,246,3.79,11.86%,7.78%,-0.753506,2026-08-28
$SPX,7711.76,2026-09-28,30,Call,"8,100.00",-5.03%,3.8,4.29,4.5,263,70,3.76,11.86%,9.56%,0.047775,2026-08-28
$SPX,7711.76,2026-09-01,3,Call,"7,740.00",-0.37%,11.4,10.3,11.8,1642,439,3.74,11.86%,7.95%,0.32187,2026-08-28
$SPX,7711.76,2026-09-10,12,Put,"7,670.00",-0.54%,35.9,38,36.7,258,69,3.74,11.86%,10.40%,-0.364008,2026-08-28
$SPX,7711.76,2026-08-31,2,Put,"7,630.00",-1.06%,1.75,1.9,1.9,2590,701,3.69,11.86%,10.03%,-0.071589,2026-08-28
$SPX,7711.76,2026-09-02,4,Put,"7,730.00",+0.24%,36.1,38.34,36.5,320,87,3.68,11.86%,8.61%,-0.590798,2026-08-28
$SPX,7711.76,2026-09-01,3,Put,"7,710.00",-0.02%,21.9,23.7,22.2,891,242,3.68,11.86%,8.56%,-0.475074,2026-08-28
$SPX,7711.76,2026-09-29,31,Put,"7,680.00",-0.41%,82.8,77,84,11,3,3.67,11.86%,12.04%,-0.420497,2026-08-28
$SPX,7711.76,2026-09-23,25,Put,"7,525.00",-2.42%,36.3,29.42,37.2,110,30,3.67,11.86%,13.82%,-0.225184,2026-08-28
$SPX,7711.76,2026-10-16,48,Call,"7,735.00",-0.30%,142.6,142.7,144.4,77,21,3.67,11.86%,12.22%,0.525659,2026-08-28
$SPX,7711.76,2026-11-30,93,Call,"7,520.00",+2.49%,382.6,395.56,384.1,44,12,3.67,11.86%,14.85%,0.693031,2026-08-28
$SPX,7711.76,2026-09-01,3,Call,"7,830.00",-1.53%,0.15,0.25,0.3,1904,523,3.64,11.86%,7.34%,0.012625,2026-08-28
$SPX,7711.76,2026-09-04,6,Put,"7,535.00",-2.29%,4.8,5.3,5.1,1353,373,3.63,11.86%,13.37%,-0.081765,2026-08-28
$SPX,7711.76,2026-09-02,4,Put,"7,650.00",-0.80%,9.8,10.6,10.2,1148,316,3.63,11.86%,10.16%,-0.213582,2026-08-28
$SPX,7711.76,2026-09-08,10,Put,"7,325.00",-5.02%,1.75,2.16,2,1119,308,3.63,11.86%,16.12%,-0.024026,2026-08-28
$SPX,7711.76,2026-10-09,41,Put,"7,630.00",-1.06%,85.6,73.4,86.8,47,13,3.62,11.86%,13.06%,-0.367421,2026-08-28
$SPX,7711.76,2026-10-16,48,Call,"8,080.00",-4.78%,21.1,21.68,21.8,326,90,3.62,11.86%,10.62%,0.143343,2026-08-28
$SPX,7711.76,2026-09-02,4,Call,"7,770.00",-0.76%,6.9,6.3,7.2,662,184,3.6,11.86%,7.97%,0.197678,2026-08-28
$SPX,7711.76,2027-06-17,292,Put,"2,600.00",-66.29%,6.1,6.36,6.7,726,202,3.59,11.86%,53.06%,-0.004789,2026-08-28
$SPX,7711.76,2026-09-01,3,Put,"7,590.00",-1.58%,1.95,2.14,2.2,551,155,3.55,11.86%,11.51%,-0.059717,2026-08-28
$SPX,7711.76,2026-09-01,3,Call,"7,770.00",-0.76%,3.8,3.3,4.1,814,229,3.55,11.86%,7.54%,0.14602,2026-08-28
$SPX,7711.76,2026-08-31,2,Call,"7,715.00",-0.04%,16.2,14.4,16.6,4307,1216,3.54,11.86%,7.57%,0.485373,2026-08-28
$SPX,7711.76,2026-08-31,2,Put,"7,725.00",+0.17%,22.9,24.7,23.2,4386,1243,3.53,11.86%,7.18%,-0.616788,2026-08-28
$SPX,7711.76,2026-08-31,2,Put,"7,640.00",-0.93%,2.25,2.52,2.45,3752,1067,3.52,11.86%,9.68%,-0.09123,2026-08-28
$SPX,7711.76,2026-09-04,6,Call,"7,795.00",-1.08%,9.7,9.1,10.1,872,248,3.52,11.86%,9.21%,0.196782,2026-08-28
$SPX,7711.76,2026-09-16,18,Call,"7,735.00",-0.30%,64.8,63.54,65.8,28,8,3.5,11.86%,10.23%,0.483117,2026-08-28
$SPX,7711.76,2026-11-30,93,Call,"7,810.00",-1.27%,189.7,206.99,191.2,14,4,3.5,11.86%,12.94%,0.495635,2026-08-28
$SPX,7711.76,2026-08-31,2,Put,"7,605.00",-1.38%,0.95,1.1,1.1,1356,388,3.49,11.86%,10.95%,-0.04042,2026-08-28
$SPX,7711.76,2026-08-31,2,Put,"7,760.00",+0.63%,48,52.08,49.5,2067,592,3.49,11.86%,6.03%,-0.933656,2026-08-28
$SPX,7711.76,2026-09-01,3,Call,"7,790.00",-1.01%,1.5,1.4,1.75,1102,317,3.48,11.86%,7.36%,0.071358,2026-08-28
$SPX,7711.76,2026-08-31,2,Call,"7,770.00",-0.76%,1.2,0.9,1.3,8619,2481,3.47,11.86%,6.78%,0.072635,2026-08-28
$SPX,7711.76,2026-09-14,16,Call,"7,870.00",-2.05%,10,10.4,10.4,246,71,3.46,11.86%,8.43%,0.146532,2026-08-28
$SPX,7711.76,2026-11-20,83,Call,"7,850.00",-1.79%,155.3,153.56,156.6,114,33,3.45,11.86%,12.89%,0.451793,2026-08-28
$SPX,7711.76,2026-08-31,2,Put,"7,480.00",-3.01%,0.2,0.15,0.3,1170,339,3.45,11.86%,17.16%,-0.007702,2026-08-28
$SPX,7711.76,2026-09-09,11,Put,"7,800.00",+1.14%,94.7,99.96,100.7,69,20,3.45,11.86%,8.40%,-0.782277,2026-08-28
$SPX,7711.76,2026-09-16,18,Call,"7,840.00",-1.66%,22.9,23.2,23.7,31,9,3.44,11.86%,9.46%,0.245175,2026-08-28
$SPX,7711.76,2026-09-02,4,Put,"7,715.00",+0.04%,28.7,30.8,29.2,302,88,3.43,11.86%,8.89%,-0.50368,2026-08-28
$SPX,7711.76,2026-09-02,4,Call,"7,715.00",-0.04%,28,26.27,28.4,489,143,3.42,11.86%,8.78%,0.500869,2026-08-28
$SPX,7711.76,2026-12-18,111,Put,"7,360.00",-4.56%,115.8,116.1,117.6,112,33,3.39,11.86%,16.97%,-0.258964,2026-08-28
$SPX,7711.76,2026-09-21,23,Put,"7,075.00",-8.26%,6.8,7.93,7.4,108,32,3.38,11.86%,20.75%,-0.042575,2026-08-28
$SPX,7711.76,2026-10-12,44,Put,"7,550.00",-2.10%,69.1,70.84,70.3,27,8,3.38,11.86%,13.83%,-0.294308,2026-08-28
$SPX,7711.76,2026-09-11,13,Put,"6,425.00",-16.69%,0.65,0.75,0.8,201,60,3.35,11.86%,37.43%,-0.004188,2026-08-28
$SPX,7711.76,2026-09-08,10,Call,"8,100.00",-5.03%,0.05,0.14,0.25,4088,1222,3.35,11.86%,10.77%,0.003572,2026-08-28
$SPX,7711.76,2026-08-31,2,Put,"7,170.00",-7.03%,0.05,0.15,0.15,566,169,3.35,11.86%,33.96%,-0.001769,2026-08-28
$SPX,7711.76,2026-08-31,2,Put,"7,465.00",-3.20%,0.2,0.3,0.3,1781,534,3.34,11.86%,18.15%,-0.00732,2026-08-28
$SPX,7711.76,2026-09-04,6,Put,"7,405.00",-3.98%,1.55,1.75,1.7,157,47,3.34,11.86%,16.59%,-0.025896,2026-08-28
$SPX,7711.76,2026-09-02,4,Call,"7,745.00",-0.43%,14.2,12.95,14.6,434,130,3.34,11.86%,8.31%,0.328445,2026-08-28
$SPX,7711.76,2026-09-01,3,Call,"7,785.00",-0.95%,1.95,1.72,2.15,561,168,3.34,11.86%,7.39%,0.086459,2026-08-28
$SPX,7711.76,2026-11-03,66,Call,"8,000.00",-3.74%,62.2,63.2,64.2,10,3,3.33,11.86%,11.50%,0.278015,2026-08-28
$SPX,7711.76,2026-09-28,30,Put,"7,050.00",-8.58%,10.3,11.3,11,20,6,3.33,11.86%,20.49%,-0.054319,2026-08-28
$SPX,7711.76,2026-09-28,30,Put,"6,975.00",-9.55%,8.8,9.6,9.4,20,6,3.33,11.86%,21.66%,-0.045182,2026-08-28
$SPX,7711.76,2027-01-29,153,Put,"6,900.00",-10.53%,88.8,91.05,90.2,110,33,3.33,11.86%,20.60%,-0.157723,2026-08-28
$SPX,7711.76,2026-10-09,41,Put,"6,250.00",-18.95%,5.4,5.08,5.9,20,6,3.33,11.86%,31.40%,-0.018476,2026-08-28
$SPX,7711.76,2026-09-04,6,Put,"7,720.00",+0.11%,41.3,43.3,41.7,1018,307,3.32,11.86%,9.96%,-0.517715,2026-08-28
$SPX,7711.76,2026-08-31,2,Call,"7,725.00",-0.17%,11.3,10.03,11.6,6702,2019,3.32,11.86%,7.31%,0.390616,2026-08-28
$SPX,7711.76,2026-09-04,6,Call,"7,905.00",-2.51%,0.45,0.6,0.65,530,160,3.31,11.86%,8.90%,0.017375,2026-08-28
$SPX,7711.76,2026-08-31,2,Call,"7,750.00",-0.50%,3.6,2.8,3.9,12076,3681,3.28,11.86%,6.90%,0.176837,2026-08-28
$SPX,7711.76,2026-09-04,6,Put,"7,615.00",-1.25%,11.9,12.73,12.3,957,293,3.27,11.86%,11.73%,-0.188847,2026-08-28
$SPX,7711.76,2026-09-04,6,Call,"7,785.00",-0.95%,12.1,11.32,12.5,764,234,3.26,11.86%,9.31%,0.230876,2026-08-28
$SPX,7711.76,2026-10-30,62,Call,"7,590.00",+1.58%,274.8,276.47,276,75,23,3.26,11.86%,14.20%,0.658736,2026-08-28
$SPX,7711.76,2027-01-29,153,Put,"6,925.00",-10.20%,91.3,92.87,92.6,52,16,3.25,11.86%,20.40%,-0.16243,2026-08-28
$SPX,7711.76,2026-08-31,2,Put,"7,560.00",-1.97%,0.4,0.45,0.55,1039,320,3.25,11.86%,12.92%,-0.017742,2026-08-28
$SPX,7711.76,2026-09-01,3,Put,"7,610.00",-1.32%,2.9,3.32,3.1,361,111,3.25,11.86%,10.95%,-0.085165,2026-08-28
$SPX,7711.76,2026-09-02,4,Put,"7,740.00",+0.37%,41.8,44.75,42.2,389,120,3.24,11.86%,8.43%,-0.649979,2026-08-28
$SPX,7711.76,2026-09-03,5,Call,"7,830.00",-1.53%,1.7,1.7,1.95,455,141,3.23,11.86%,8.02%,0.058929,2026-08-28
$SPX,7711.76,2026-10-16,48,Call,"8,070.00",-4.65%,22.5,23.1,23.4,161,50,3.22,11.86%,10.64%,0.151185,2026-08-28
$SPX,7711.76,2026-09-02,4,Call,"7,830.00",-1.53%,0.55,0.65,0.75,899,281,3.2,11.86%,7.41%,0.028331,2026-08-28
$SPX,7711.76,2026-09-03,5,Put,"7,415.00",-3.85%,0.95,1.1,1.1,251,79,3.18,11.86%,16.40%,-0.018865,2026-08-28
$SPX,7711.76,2026-09-02,4,Put,"7,795.00",+1.08%,76.9,87.44,93.4,19,6,3.17,11.86%,8.34%,-0.899992,2026-08-28
$SPX,7711.76,2026-09-08,10,Put,"7,485.00",-2.94%,5,5.4,5.4,76,24,3.17,11.86%,12.77%,-0.071345,2026-08-28
$SPX,7711.76,2026-09-04,6,Put,"7,705.00",-0.09%,34.9,36.8,35.3,577,183,3.15,11.86%,10.21%,-0.456898,2026-08-28
$SPX,7711.76,2026-09-08,10,Put,"7,590.00",-1.58%,13.1,13.97,13.6,224,71,3.15,11.86%,10.99%,-0.175574,2026-08-28
$SPX,7711.76,2026-11-30,93,Call,"7,780.00",-0.88%,206.6,213.08,208.1,22,7,3.14,11.86%,13.11%,0.519221,2026-08-28
$SPX,7711.76,2026-08-31,2,Put,"7,590.00",-1.58%,0.65,0.76,0.8,2832,904,3.13,11.86%,11.47%,-0.02868,2026-08-28
$SPX,7711.76,2026-08-31,2,Put,"7,570.00",-1.84%,0.45,0.55,0.6,1182,380,3.11,11.86%,12.37%,-0.020156,2026-08-28
$SPX,7711.76,2026-09-02,4,Put,"6,475.00",-16.04%,0.05,0.1,0.15,136,44,3.09,11.86%,53.67%,-0.000831,2026-08-28
$SPX,7711.76,2026-09-01,3,Put,"7,725.00",+0.17%,29,30.7,29.3,1484,481,3.09,11.86%,8.26%,-0.579086,2026-08-28
$SPX,7711.76,2026-09-25,27,Put,"7,220.00",-6.38%,14.4,15.77,15.1,64,21,3.05,11.86%,18.41%,-0.082275,2026-08-28
$SPX,7711.76,2026-09-04,6,Put,"7,540.00",-2.23%,5.1,5.51,5.4,1032,338,3.05,11.86%,13.28%,-0.086386,2026-08-28
$SPX,7711.76,2026-08-31,2,Call,"7,815.00",-1.34%,0.1,0.15,0.15,3193,1051,3.04,11.86%,7.44%,0.008805,2026-08-28
$SPX,7711.76,2026-09-10,12,Put,"7,575.00",-1.77%,16.7,18.23,17.2,300,99,3.03,11.86%,11.84%,-0.185836,2026-08-28
$SPX,7711.76,2026-09-22,24,Put,"6,800.00",-11.82%,4.4,4.75,4.8,305,101,3.02,11.86%,25.60%,-0.023674,2026-08-28
$SPX,7711.76,2026-08-31,2,Put,"7,550.00",-2.10%,0.35,0.4,0.5,6746,2235,3.02,11.86%,13.43%,-0.015517,2026-08-28
$SPX,7711.76,2026-09-03,5,Put,"7,505.00",-2.68%,2.1,2.5,2.35,420,139,3.02,11.86%,13.85%,-0.043317,2026-08-28
$SPX,7711.76,2026-09-04,6,Put,"7,415.00",-3.85%,1.65,1.78,1.85,309,103,3,11.86%,16.34%,-0.028028,2026-08-28
$SPX,7711.76,2026-09-09,11,Put,"7,555.00",-2.03%,11.6,12.4,12.2,27,9,3,11.86%,11.84%,-0.145122,2026-08-28
$SPX,7711.76,2026-09-08,10,Put,"7,735.00",+0.30%,53.9,56.1,54.8,54,18,3,11.86%,8.90%,-0.561278,2026-08-28
$SPX,7711.76,2026-10-12,44,Put,"7,725.00",+0.17%,120.3,122.41,121.7,21,7,3,11.86%,12.04%,-0.480748,2026-08-28
$SPX,7711.76,2027-01-15,139,Call,"8,050.00",-4.39%,155.4,158,156.9,12,4,3,11.86%,13.06%,0.378084,2026-08-28
$SPX,7711.76,2026-09-04,6,Call,"7,865.00",-1.99%,1.45,1.47,1.65,817,274,2.98,11.86%,8.70%,0.044128,2026-08-28
$SPX,7711.76,2026-09-01,3,Call,"7,735.00",-0.30%,13.3,12.2,13.6,862,289,2.98,11.86%,8.01%,0.355837,2026-08-28
$SPX,7711.76,2026-08-31,2,Put,"7,525.00",-2.42%,0.25,0.3,0.4,8877,2975,2.98,11.86%,14.66%,-0.011265,2026-08-28
$SPX,7711.76,2026-08-31,2,Put,"7,635.00",-1.00%,2,2.22,2.15,2974,998,2.98,11.86%,9.86%,-0.080928,2026-08-28
$SPX,7711.76,2026-09-04,6,Put,"6,900.00",-10.53%,0.35,0.4,0.45,2246,759,2.96,11.86%,33.04%,-0.003909,2026-08-28
$SPX,7711.76,2026-09-11,13,Call,"7,755.00",-0.56%,40.7,40.37,41.5,145,49,2.96,11.86%,9.65%,0.410239,2026-08-28
$SPX,7711.76,2026-09-11,13,Call,"7,855.00",-1.86%,9.9,9.63,10.4,237,80,2.96,11.86%,8.80%,0.15332,2026-08-28
$SPX,7711.76,2026-08-31,2,Put,"7,490.00",-2.88%,0.2,0.29,0.35,1087,368,2.95,11.86%,16.69%,-0.00861,2026-08-28
$SPX,7711.76,2026-09-02,4,Put,"7,615.00",-1.25%,5.4,6.01,5.8,501,170,2.95,11.86%,10.93%,-0.126919,2026-08-28
$SPX,7711.76,2026-09-04,6,Put,"7,635.00",-1.00%,15.2,16.3,15.6,567,193,2.94,11.86%,11.38%,-0.233219,2026-08-28
$SPX,7711.76,2026-09-09,11,Put,"7,455.00",-3.33%,5.2,7.69,5.7,53,18,2.94,11.86%,13.56%,-0.06771,2026-08-28
$SPX,7711.76,2026-09-03,5,Call,"7,815.00",-1.34%,3,3.1,3.2,275,94,2.93,11.86%,8.16%,0.090905,2026-08-28
$SPX,7711.76,2026-09-08,10,Put,"7,435.00",-3.59%,3.3,3.7,3.8,38,13,2.92,11.86%,13.72%,-0.048366,2026-08-28
$SPX,7711.76,2026-09-25,27,Put,"7,380.00",-4.30%,23.8,24.45,24.3,108,37,2.92,11.86%,16.01%,-0.138565,2026-08-28
$SPX,7711.76,2026-09-25,27,Put,"7,190.00",-6.77%,13.2,14.15,13.9,38,13,2.92,11.86%,18.86%,-0.075014,2026-08-28
$SPX,7711.76,2026-08-31,2,Put,"7,595.00",-1.51%,0.75,0.8,0.9,1776,611,2.91,11.86%,11.33%,-0.032477,2026-08-28
$SPX,7711.76,2026-10-30,62,Put,"5,400.00",-29.98%,4.5,4.54,4.8,1007,347,2.9,11.86%,39.38%,-0.010364,2026-08-28
$SPX,7711.76,2026-09-11,13,Put,"7,565.00",-1.90%,18.6,19.76,19.4,87,30,2.9,11.86%,12.42%,-0.189547,2026-08-28
$SPX,7711.76,2026-10-01,33,Put,"7,250.00",-5.99%,21,21.86,21.9,26,9,2.89,11.86%,17.70%,-0.10674,2026-08-28
$SPX,7711.76,2026-09-04,6,Put,"7,685.00",-0.35%,27.6,29.34,28.1,492,170,2.89,11.86%,10.53%,-0.382103,2026-08-28
$SPX,7711.76,2026-09-28,30,Put,"7,525.00",-2.42%,43.2,43.66,44.2,75,26,2.88,11.86%,13.78%,-0.240086,2026-08-28
$SPX,7711.76,2026-09-01,3,Put,"7,580.00",-1.71%,1.65,1.9,1.85,637,222,2.87,11.86%,11.81%,-0.050447,2026-08-28
$SPX,7711.76,2026-09-01,3,Call,"7,750.00",-0.50%,8.2,7.3,8.5,2459,861,2.86,11.86%,7.78%,0.256126,2026-08-28
$SPX,7711.76,2026-09-10,12,Put,"7,475.00",-3.07%,7.9,8.36,8.3,314,110,2.85,11.86%,13.49%,-0.091503,2026-08-28
$SPX,7711.76,2026-09-03,5,Call,"7,760.00",-0.63%,14,12.9,14.4,273,96,2.84,11.86%,8.74%,0.289051,2026-08-28
$SPX,7711.76,2026-10-02,34,Put,"7,570.00",-1.84%,60.4,60.6,61.5,34,12,2.83,11.86%,13.64%,-0.296661,2026-08-28
$SPX,7711.76,2026-09-11,13,Put,"7,595.00",-1.51%,23.1,24.41,23.7,289,102,2.83,11.86%,11.93%,-0.230068,2026-08-28
$SPX,7711.76,2026-09-04,6,Put,"6,475.00",-16.04%,0.15,0.25,0.3,732,259,2.83,11.86%,47.02%,-0.001653,2026-08-28
$SPX,7711.76,2026-09-01,3,Call,"7,765.00",-0.69%,4.7,4.2,5,505,179,2.82,11.86%,7.61%,0.170883,2026-08-28
$SPX,7711.76,2026-11-20,83,Call,"7,545.00",+2.16%,347.8,346.38,350.1,244,87,2.8,11.86%,14.85%,0.678446,2026-08-28
$SPX,7711.76,2026-09-09,11,Put,"7,825.00",+1.47%,113.8,116.63,120.1,14,5,2.8,11.86%,7.96%,-0.866627,2026-08-28
$SPX,7711.76,2026-09-01,3,Put,"7,700.00",-0.15%,18,19.34,18.4,1610,575,2.8,11.86%,8.78%,-0.410769,2026-08-28
$SPX,7711.76,2026-09-11,13,Put,"7,515.00",-2.55%,13.3,13.97,13.7,145,52,2.79,11.86%,13.23%,-0.13701,2026-08-28
$SPX,7711.76,2026-09-21,23,Put,"5,600.00",-27.38%,0.65,0.77,0.9,100,36,2.78,11.86%,47.19%,-0.002735,2026-08-28
$SPX,7711.76,2026-09-11,13,Put,"7,470.00",-3.13%,9.9,10.35,10.3,435,157,2.77,11.86%,13.99%,-0.103124,2026-08-28
$SPX,7711.76,2026-09-04,6,Put,"7,610.00",-1.32%,11.2,12.3,11.6,1221,443,2.76,11.86%,11.82%,-0.179073,2026-08-28
$SPX,7711.76,2026-10-16,48,Put,"7,585.00",-1.64%,85.1,90.15,86.2,44,16,2.75,11.86%,13.77%,-0.332353,2026-08-28
$SPX,7711.76,2026-09-04,6,Call,"7,705.00",+0.09%,46.7,45.3,47.2,508,185,2.75,11.86%,10.41%,0.546619,2026-08-28
$SPX,7711.76,2027-01-15,139,Call,"8,150.00",-5.68%,118.2,123.16,119.8,11,4,2.75,11.86%,12.73%,0.316387,2026-08-28
$SPX,7711.76,2026-10-30,62,Call,"7,520.00",+2.49%,325.6,341.35,331.5,44,16,2.75,11.86%,14.82%,0.707432,2026-08-28
$SPX,7711.76,2026-09-01,3,Put,"7,655.00",-0.74%,7.2,7.8,7.5,289,105,2.75,11.86%,9.80%,-0.1934,2026-08-28
$SPX,7711.76,2026-09-18,20,Put,"7,115.00",-7.74%,6.2,6.45,6.8,1154,419,2.75,11.86%,20.67%,-0.042085,2026-08-28
$SPX,7711.76,2026-09-10,12,Put,"7,490.00",-2.88%,8.8,9.47,9.2,87,32,2.72,11.86%,13.24%,-0.101528,2026-08-28
$SPX,7711.76,2026-09-04,6,Put,"7,555.00",-2.03%,6,6.55,6.3,552,203,2.72,11.86%,12.95%,-0.100675,2026-08-28
$SPX,7711.76,2026-09-03,5,Put,"7,670.00",-0.54%,18.6,20.35,19,369,136,2.71,11.86%,10.33%,-0.31213,2026-08-28
$SPX,7711.76,2026-09-18,20,Call,"7,965.00",-3.28%,7,7.06,7.4,241,89,2.71,11.86%,9.60%,0.090361,2026-08-28
$SPX,7711.76,2026-09-02,4,Put,"7,755.00",+0.56%,44.3,54.56,61.5,143,53,2.7,11.86%,8.62%,-0.725644,2026-08-28
$SPX,7711.76,2026-09-02,4,Put,"7,760.00",+0.63%,48,54.19,64.6,137,51,2.69,11.86%,8.50%,-0.753225,2026-08-28
$SPX,7711.76,2026-10-12,44,Call,"8,400.00",-8.92%,1.5,1.6,1.9,35,13,2.69,11.86%,10.85%,0.016507,2026-08-28
$SPX,7711.76,2026-10-16,48,Put,"6,310.00",-18.18%,7.7,7.87,8.3,313,117,2.68,11.86%,29.59%,-0.02469,2026-08-28
$SPX,7711.76,2026-09-25,27,Put,"7,320.00",-5.08%,19.5,19.9,19.9,67,25,2.68,11.86%,16.87%,-0.112714,2026-08-28
$SPX,7711.76,2026-09-08,10,Put,"7,475.00",-3.07%,4.6,5.4,5,1178,440,2.68,11.86%,12.96%,-0.065838,2026-08-28
$SPX,7711.76,2026-09-17,19,Call,"7,800.00",-1.14%,39.6,39,40.6,187,70,2.67,11.86%,10.05%,0.343702,2026-08-28
$SPX,7711.76,2026-08-31,2,Call,"7,820.00",-1.40%,0.05,0.12,0.15,4580,1716,2.67,11.86%,7.56%,0.007094,2026-08-28
$SPX,7711.76,2026-09-10,12,Call,"7,715.00",-0.04%,55,53.7,55.9,24,9,2.67,11.86%,9.40%,0.521494,2026-08-28
$SPX,7711.76,2026-10-30,62,Call,"7,895.00",-2.38%,95.4,110.8,96.7,16,6,2.67,11.86%,12.02%,0.373696,2026-08-28
$SPX,7711.76,2026-09-04,6,Call,"7,815.00",-1.34%,6,5.71,6.3,612,230,2.66,11.86%,9.01%,0.136911,2026-08-28
$SPX,7711.76,2026-09-01,3,Call,"7,730.00",-0.24%,15.3,14.25,15.7,902,340,2.65,11.86%,8.09%,0.390542,2026-08-28
$SPX,7711.76,2026-09-02,4,Put,"7,505.00",-2.68%,1.1,1.2,1.3,151,57,2.65,11.86%,13.81%,-0.027917,2026-08-28
$SPX,7711.76,2026-09-02,4,Put,"7,780.00",+0.88%,63.9,69.38,80.5,66,25,2.64,11.86%,8.44%,-0.845198,2026-08-28
$SPX,7711.76,2026-09-08,10,Put,"7,635.00",-1.00%,20.3,21.63,21,111,42,2.64,11.86%,10.29%,-0.259347,2026-08-28
$SPX,7711.76,2026-09-09,11,Call,"7,870.00",-2.05%,3.6,3.55,4,169,64,2.64,11.86%,7.85%,0.080172,2026-08-28
$SPX,7711.76,2026-10-30,62,Call,"7,790.00",-1.01%,145.8,146.34,147.1,42,16,2.63,11.86%,12.65%,0.48138,2026-08-28
$SPX,7711.76,2026-09-02,4,Put,"7,770.00",+0.76%,55.7,66.3,72.2,134,51,2.63,11.86%,8.43%,-0.801269,2026-08-28
$SPX,7711.76,2026-09-01,3,Put,"6,725.00",-12.80%,0.05,0.1,0.15,189,72,2.63,11.86%,49.44%,-0.001029,2026-08-28
$SPX,7711.76,2026-09-25,27,Call,"8,075.00",-4.71%,4.2,4.7,4.6,679,259,2.62,11.86%,9.71%,0.051855,2026-08-28
$SPX,7711.76,2026-10-16,48,Call,"8,020.00",-4.00%,31.6,32.15,32.6,160,61,2.62,11.86%,10.78%,0.195441,2026-08-28
$SPX,7711.76,2026-10-09,41,Put,"6,450.00",-16.36%,7,7.43,7.5,619,236,2.62,11.86%,28.52%,-0.025157,2026-08-28
$SPX,7711.76,2026-09-02,4,Put,"7,705.00",-0.09%,24.5,26.15,25,277,106,2.61,11.86%,9.08%,-0.448521,2026-08-28
$SPX,7711.76,2026-10-12,44,Put,"7,475.00",-3.07%,55.4,57.85,56.6,13,5,2.6,11.86%,14.67%,-0.238325,2026-08-28
$SPX,7711.76,2026-11-03,66,Put,"7,675.00",-0.48%,135.7,139.1,138,200,77,2.6,11.86%,13.35%,-0.423084,2026-08-28
$SPX,7711.76,2027-05-21,265,Put,"6,925.00",-10.20%,164.9,169.21,166.9,150,58,2.59,11.86%,20.72%,-0.203396,2026-08-28
$SPX,7711.76,2026-10-12,44,Put,"7,200.00",-6.64%,27.5,27.85,28.5,57,22,2.59,11.86%,17.99%,-0.116121,2026-08-28
$SPX,7711.76,2026-09-08,10,Put,"7,765.00",+0.69%,70.8,74.4,71.6,44,17,2.59,11.86%,8.52%,-0.675051,2026-08-28
$SPX,7711.76,2026-09-14,16,Put,"7,685.00",-0.35%,49.3,51.4,50.1,31,12,2.58,11.86%,10.38%,-0.410608,2026-08-28
$SPX,7711.76,2026-09-18,20,Put,"6,240.00",-19.08%,1.5,1.55,1.75,62,24,2.58,11.86%,37.87%,-0.00707,2026-08-28
$SPX,7711.76,2026-09-10,12,Call,"7,975.00",-3.41%,0.55,0.72,0.85,305,118,2.58,11.86%,8.36%,0.016729,2026-08-28
$SPX,7711.76,2026-09-01,3,Call,"7,780.00",-0.88%,2.5,2.1,2.7,1270,494,2.57,11.86%,7.46%,0.104627,2026-08-28
$SPX,7711.76,2026-10-16,48,Call,"8,025.00",-4.06%,30.7,31.3,31.4,332,129,2.57,11.86%,10.76%,0.190643,2026-08-28
$SPX,7711.76,2026-12-31,124,Call,"7,675.00",+0.48%,330.1,348.61,331.9,72,28,2.57,11.86%,14.47%,0.600248,2026-08-28
$SPX,7711.76,2026-10-12,44,Put,"7,450.00",-3.39%,51.6,51.97,52.8,18,7,2.57,11.86%,14.95%,-0.222238,2026-08-28
$SPX,7711.76,2026-10-30,62,Put,"5,960.00",-22.72%,8.3,8,8.8,133,52,2.56,11.86%,32.61%,-0.021286,2026-08-28
$SPX,7711.76,2026-09-01,3,Call,"7,800.00",-1.14%,0.9,0.8,1.05,2753,1076,2.56,11.86%,7.26%,0.046562,2026-08-28
$SPX,7711.76,2026-09-02,4,Put,"7,820.00",+1.40%,100.3,114.34,116.5,48,19,2.53,11.86%,8.06%,-0.974195,2026-08-28
$SPX,7711.76,2026-09-04,6,Put,"7,480.00",-3.01%,2.8,3.1,3.1,635,252,2.52,11.86%,14.69%,-0.04852,2026-08-28
$SPX,7711.76,2026-09-11,13,Call,"7,785.00",-0.95%,28.2,27.9,29,98,39,2.51,11.86%,9.34%,0.324891,2026-08-28
$SPX,7711.76,2026-09-25,27,Call,"7,320.00",+5.08%,424.2,425.75,431.2,10,4,2.5,11.86%,16.03%,0.899544,2026-08-28
$SPX,7711.76,2026-09-14,16,Call,"7,630.00",+1.06%,122,124.78,127.7,15,6,2.5,11.86%,10.59%,0.713449,2026-08-28
$SPX,7711.76,2026-09-24,26,Call,"8,125.00",-5.36%,2.15,2.35,2.55,15,6,2.5,11.86%,9.83%,0.030214,2026-08-28
$SPX,7711.76,2026-11-30,93,Call,"7,790.00",-1.01%,200.9,201.57,202.5,40,16,2.5,11.86%,13.06%,0.511424,2026-08-28
$SPX,7711.76,2026-09-21,23,Put,"7,050.00",-8.58%,6.4,7.38,7,358,143,2.5,11.86%,21.18%,-0.039746,2026-08-28
$SPX,7711.76,2026-09-17,19,Put,"6,750.00",-12.47%,2.75,3,3.1,20,8,2.5,11.86%,28.07%,-0.016198,2026-08-28
$SPX,7711.76,2026-09-18,20,Put,"7,975.00",+3.41%,255,209.62,256.6,10,4,2.5,11.86%,0.00%,0,2026-08-28
$SPX,7711.76,2026-09-08,10,Put,"7,360.00",-4.56%,2.1,2.4,2.4,182,73,2.49,11.86%,15.34%,-0.029488,2026-08-28
$SPX,7711.76,2026-09-04,6,Put,"6,600.00",-14.42%,0.2,0.3,0.3,3864,1561,2.48,11.86%,42.72%,-0.001994,2026-08-28
$SPX,7711.76,2026-09-25,27,Put,"7,540.00",-2.23%,42.9,44.73,43.6,62,25,2.48,11.86%,13.78%,-0.248066,2026-08-28
$SPX,7711.76,2026-10-16,48,Call,"8,030.00",-4.13%,29.7,30.03,30.4,332,134,2.48,11.86%,10.75%,0.185982,2026-08-28
$SPX,7711.76,2026-09-11,13,Call,"7,745.00",-0.43%,45.4,46.75,46.3,192,78,2.46,11.86%,9.75%,0.438706,2026-08-28
$SPX,7711.76,2026-12-18,111,Put,"7,770.00",+0.76%,226.4,226.2,227.8,32,13,2.46,11.86%,13.79%,-0.489918,2026-08-28
$SPX,7711.76,2026-09-09,11,Put,"7,665.00",-0.61%,30.8,32.82,31.5,95,39,2.44,11.86%,10.14%,-0.3427,2026-08-28
$SPX,7711.76,2026-08-31,2,Put,"7,755.00",+0.56%,43.7,48.02,45.2,926,379,2.44,11.86%,6.33%,-0.890049,2026-08-28
$SPX,7711.76,2026-10-05,37,Put,"7,800.00",+1.14%,143.7,149.58,145.2,22,9,2.44,11.86%,11.03%,-0.601668,2026-08-28
$SPX,7711.76,2026-09-14,16,Call,"7,715.00",-0.04%,66.4,64.58,67.2,39,16,2.44,11.86%,9.66%,0.527119,2026-08-28
$SPX,7711.76,2026-09-08,10,Put,"7,505.00",-2.68%,5.8,6.7,6.4,73,30,2.43,11.86%,12.39%,-0.08377,2026-08-28
$SPX,7711.76,2026-09-28,30,Put,"7,680.00",-0.41%,80.3,84.43,81.6,102,42,2.43,11.86%,11.92%,-0.419575,2026-08-28
$SPX,7711.76,2026-09-28,30,Put,"6,950.00",-9.88%,8.3,8.7,9,56,23,2.43,11.86%,22.05%,-0.042568,2026-08-28
$SPX,7711.76,2026-09-04,6,Put,"7,455.00",-3.33%,2.25,2.5,2.45,542,224,2.42,11.86%,15.26%,-0.038515,2026-08-28
$SPX,7711.76,2026-09-01,3,Call,"7,715.00",-0.04%,22.7,21.07,23.1,1169,486,2.41,11.86%,8.38%,0.495122,2026-08-28
$SPX,7711.76,2026-09-16,18,Call,"8,125.00",-5.36%,0.6,1.15,0.9,77,32,2.41,11.86%,10.09%,0.012572,2026-08-28
$SPX,7711.76,2026-11-20,83,Call,"7,490.00",+2.88%,389.9,389.04,392.2,96,40,2.4,11.86%,15.29%,0.709716,2026-08-28
$SPX,7711.76,2026-09-04,6,Call,"7,895.00",-2.38%,0.6,0.7,0.8,493,205,2.4,11.86%,8.81%,0.021717,2026-08-28
$SPX,7711.76,2026-09-02,4,Call,"7,565.00",+1.90%,142.1,182.9,158.4,12,5,2.4,11.86%,8.97%,0.981774,2026-08-28
$SPX,7711.76,2026-08-31,2,Put,"7,650.00",-0.80%,2.95,3.26,3.2,14263,5955,2.4,11.86%,9.37%,-0.117209,2026-08-28
$SPX,7711.76,2026-09-28,30,Put,"6,850.00",-11.17%,6.9,7.22,7.5,12,5,2.4,11.86%,23.64%,-0.034097,2026-08-28
$SPX,7711.76,2026-09-16,18,Put,"7,645.00",-0.87%,46.5,48.05,47.4,24,10,2.4,11.86%,11.81%,-0.344801,2026-08-28
$SPX,7711.76,2026-09-25,27,Put,"7,210.00",-6.51%,14,15.37,14.5,55,23,2.39,11.86%,18.53%,-0.079458,2026-08-28
$SPX,7711.76,2026-09-09,11,Call,"7,715.00",-0.04%,51.2,53.6,52,67,28,2.39,11.86%,9.17%,0.520058,2026-08-28
$SPX,7711.76,2026-09-11,13,Call,"7,975.00",-3.41%,1.1,1.27,1.35,1948,819,2.38,11.86%,8.73%,0.025565,2026-08-28
$SPX,7711.76,2026-09-09,11,Call,"7,825.00",-1.47%,9.6,10.05,10.1,185,78,2.37,11.86%,8.11%,0.170734,2026-08-28
$SPX,7711.76,2026-11-30,93,Call,"7,560.00",+1.97%,352.6,350.57,354,64,27,2.37,11.86%,14.55%,0.670382,2026-08-28
$SPX,7711.76,2026-09-09,11,Put,"7,320.00",-5.08%,2.35,2.95,2.65,33,14,2.36,11.86%,16.32%,-0.029347,2026-08-28
$SPX,7711.76,2026-09-02,4,Put,"7,620.00",-1.19%,5.9,6.79,6.3,440,187,2.35,11.86%,10.83%,-0.137093,2026-08-28
$SPX,7711.76,2026-09-25,27,Put,"7,620.00",-1.19%,59.7,61.28,60.4,251,107,2.35,11.86%,12.76%,-0.335848,2026-08-28
$SPX,7711.76,2026-09-03,5,Call,"7,805.00",-1.21%,4.1,3.97,4.4,188,80,2.35,11.86%,8.24%,0.117152,2026-08-28
$SPX,7711.76,2026-08-31,2,Call,"7,830.00",-1.53%,0.05,0.11,0.1,3466,1472,2.35,11.86%,7.91%,0.005234,2026-08-28
$SPX,7711.76,2026-09-04,6,Call,"7,835.00",-1.60%,3.5,3.4,3.8,626,267,2.34,11.86%,8.85%,0.090296,2026-08-28
$SPX,7711.76,2026-09-04,6,Call,"7,710.00",+0.02%,43.7,42.32,44.2,719,307,2.34,11.86%,10.32%,0.527493,2026-08-28
$SPX,7711.76,2026-11-04,67,Put,"5,000.00",-35.16%,3.3,3.3,3.8,21,9,2.33,11.86%,43.52%,-0.007118,2026-08-28
$SPX,7711.76,2027-01-15,139,Call,600.00,+92.22%,7084.9,7096.1,7108.9,511,220,2.32,11.86%,0.00%,0,2026-08-28
$SPX,7711.76,2026-09-28,30,Call,"7,950.00",-3.09%,18,18.4,19,132,57,2.32,11.86%,9.67%,0.165134,2026-08-28
$SPX,7711.76,2026-09-04,6,Call,"7,935.00",-2.89%,0.25,0.3,0.4,203,88,2.31,11.86%,9.39%,0.010323,2026-08-28
$SPX,7711.76,2026-09-11,13,Put,"7,715.00",+0.04%,56.3,57.9,57.1,328,142,2.31,11.86%,10.21%,-0.485814,2026-08-28
$SPX,7711.76,2026-09-01,3,Call,"7,645.00",+0.87%,65,74.11,81.6,200,87,2.3,11.86%,8.99%,0.866071,2026-08-28
$SPX,7711.76,2026-10-30,62,Call,"7,560.00",+1.97%,297.2,295.02,298.4,64,28,2.29,11.86%,14.46%,0.680459,2026-08-28
$SPX,7711.76,2026-09-08,10,Put,"7,445.00",-3.46%,3.5,3.9,4,39,17,2.29,11.86%,13.48%,-0.051511,2026-08-28
$SPX,7711.76,2026-08-31,2,Call,"7,835.00",-1.60%,0.05,0.12,0.1,1670,732,2.28,11.86%,8.21%,0.00506,2026-08-28
$SPX,7711.76,2026-09-01,3,Put,"7,650.00",-0.80%,6.5,7.01,6.8,1280,561,2.28,11.86%,9.93%,-0.176887,2026-08-28
$SPX,7711.76,2026-09-11,13,Put,"7,505.00",-2.68%,12.4,13.63,12.8,73,32,2.28,11.86%,13.39%,-0.128312,2026-08-28
$SPX,7711.76,2026-09-01,3,Put,"7,695.00",-0.22%,16.3,17.61,16.7,386,170,2.27,11.86%,8.89%,-0.380597,2026-08-28
$SPX,7711.76,2026-08-31,2,Put,"7,750.00",+0.50%,39.6,42.61,41,4986,2198,2.27,11.86%,6.51%,-0.851762,2026-08-28
$SPX,7711.76,2026-09-30,32,Put,"7,705.00",-0.09%,94.6,100.06,95.8,88,39,2.26,11.86%,11.93%,-0.457713,2026-08-28
$SPX,7711.76,2026-10-09,41,Call,"7,925.00",-2.77%,44.2,44.85,45.3,27,12,2.25,11.86%,10.80%,0.26757,2026-08-28
$SPX,7711.76,2026-09-25,27,Call,"7,770.00",-0.76%,74,76.57,74.8,188,84,2.24,11.86%,10.96%,0.441369,2026-08-28
$SPX,7711.76,2026-11-30,93,Call,"7,590.00",+1.58%,330.7,332.62,332.2,74,33,2.24,11.86%,14.34%,0.652345,2026-08-28
$SPX,7711.76,2026-09-02,4,Put,"7,710.00",-0.02%,26.5,28.25,27,514,229,2.24,11.86%,8.98%,-0.475743,2026-08-28
$SPX,7711.76,2026-09-01,3,Put,"7,690.00",-0.28%,14.8,15.8,15.1,1366,611,2.24,11.86%,9.00%,-0.351745,2026-08-28
$SPX,7711.76,2026-09-03,5,Put,"7,610.00",-1.32%,7.9,8.9,8.3,383,172,2.23,11.86%,11.43%,-0.150727,2026-08-28
$SPX,7711.76,2026-09-04,6,Put,"7,530.00",-2.36%,4.6,4.91,4.9,811,363,2.23,11.86%,13.51%,-0.078257,2026-08-28
$SPX,7711.76,2026-09-09,11,Put,"7,705.00",-0.09%,44,49.98,44.8,82,37,2.22,11.86%,9.57%,-0.456521,2026-08-28
$SPX,7711.76,2026-09-24,26,Put,"7,710.00",-0.02%,86,88.24,87.2,40,18,2.22,11.86%,11.65%,-0.46759,2026-08-28
$SPX,7711.76,2026-09-03,5,Put,"7,000.00",-9.23%,0.25,0.3,0.4,149,67,2.22,11.86%,31.25%,-0.003702,2026-08-28
$SPX,7711.76,2027-08-20,356,Call,"13,200.00",-71.17%,0.45,0.6,0.8,419,189,2.22,11.86%,16.82%,0.001762,2026-08-28
$SPX,7711.76,2026-10-01,33,Call,"8,100.00",-5.03%,5.8,6.4,6.6,40,18,2.22,11.86%,9.86%,0.063125,2026-08-28
$SPX,7711.76,2026-09-01,3,Put,"7,625.00",-1.13%,3.9,4.31,4.2,1127,508,2.22,11.86%,10.58%,-0.11252,2026-08-28
$SPX,7711.76,2026-09-11,13,Put,"7,585.00",-1.64%,21.5,22.6,22.1,109,49,2.22,11.86%,12.09%,-0.215599,2026-08-28
$SPX,7711.76,2026-10-01,33,Put,"7,200.00",-6.64%,18.4,19.21,19.3,31,14,2.21,11.86%,18.40%,-0.092771,2026-08-28
$SPX,7711.76,2026-10-16,48,Call,"8,075.00",-4.71%,21.9,22.6,22.5,371,168,2.21,11.86%,10.63%,0.147267,2026-08-28
$SPX,7711.76,2026-10-16,48,Call,"8,040.00",-4.26%,27.8,29.4,28.5,345,156,2.21,11.86%,10.72%,0.176938,2026-08-28
$SPX,7711.76,2026-09-02,4,Call,"7,810.00",-1.27%,1.55,1.45,1.7,1048,477,2.2,11.86%,7.58%,0.061578,2026-08-28
$SPX,7711.76,2026-09-04,6,Put,"7,485.00",-2.94%,2.95,3.3,3.2,426,194,2.2,11.86%,14.55%,-0.050679,2026-08-28
$SPX,7711.76,2026-09-29,31,Put,"7,700.00",-0.15%,89.8,89.97,91,35,16,2.19,11.86%,11.81%,-0.450159,2026-08-28
$SPX,7711.76,2026-09-08,10,Put,"7,715.00",+0.04%,44.7,47.2,45.4,125,57,2.19,11.86%,9.16%,-0.489443,2026-08-28
$SPX,7711.76,2026-09-03,5,Put,"7,715.00",+0.04%,34.3,36.25,34.8,166,76,2.18,11.86%,9.60%,-0.499987,2026-08-28
$SPX,7711.76,2026-09-03,5,Put,"7,560.00",-1.97%,4,4.55,4.3,447,206,2.17,11.86%,12.47%,-0.080757,2026-08-28
$SPX,7711.76,2026-12-18,111,Put,"6,525.00",-15.39%,40.6,41.6,41.5,13,6,2.17,11.86%,24.38%,-0.082482,2026-08-28
$SPX,7711.76,2026-10-02,34,Call,"7,850.00",-1.79%,55.8,58.3,57,270,125,2.16,11.86%,10.84%,0.338715,2026-08-28
$SPX,7711.76,2026-09-04,6,Call,"7,870.00",-2.05%,1.25,1.39,1.4,985,459,2.15,11.86%,8.67%,0.038608,2026-08-28
$SPX,7711.76,2026-09-21,23,Put,"5,800.00",-24.79%,0.9,1.02,1.15,200,93,2.15,11.86%,43.73%,-0.0038,2026-08-28
$SPX,7711.76,2026-09-11,13,Put,"7,650.00",-0.80%,34.7,36.27,35.4,1672,778,2.15,11.86%,11.12%,-0.328375,2026-08-28
$SPX,7711.76,2026-09-04,6,Put,"7,655.00",-0.74%,19.3,20.71,19.7,449,210,2.14,11.86%,11.02%,-0.285718,2026-08-28
$SPX,7711.76,2026-10-30,62,Call,"8,155.00",-5.75%,25.4,31.2,26.1,30,14,2.14,11.86%,11.12%,0.144747,2026-08-28
$SPX,7711.76,2026-09-17,19,Call,"7,590.00",+1.58%,166.1,171.09,171.9,15,7,2.14,11.86%,12.07%,0.745432,2026-08-28
$SPX,7711.76,2026-09-24,26,Call,"7,610.00",+1.32%,171.8,170.66,173,17,8,2.13,11.86%,12.30%,0.691391,2026-08-28
$SPX,7711.76,2026-09-17,19,Put,"7,370.00",-4.43%,13.3,14.8,14,32,15,2.13,11.86%,16.28%,-0.099383,2026-08-28
$SPX,7711.76,2026-09-08,10,Put,"7,495.00",-2.81%,5.5,5.85,5.9,371,174,2.13,11.86%,12.62%,-0.077898,2026-08-28
$SPX,7711.76,2026-09-04,6,Call,"7,810.00",-1.27%,6.8,6.5,7.1,3140,1482,2.12,11.86%,9.05%,0.150576,2026-08-28
$SPX,7711.76,2026-09-02,4,Call,"7,765.00",-0.69%,8,7.4,8.4,303,143,2.12,11.86%,8.02%,0.22126,2026-08-28
$SPX,7711.76,2026-09-02,4,Call,"7,730.00",-0.24%,20.4,18.95,20.8,416,196,2.12,11.86%,8.54%,0.414729,2026-08-28
$SPX,7711.76,2026-09-14,16,Put,"7,420.00",-3.78%,9.3,11.96,9.9,19,9,2.11,11.86%,14.33%,-0.08876,2026-08-28
$SPX,7711.76,2026-09-01,3,Put,"7,765.00",+0.69%,49.1,58.7,66,175,83,2.11,11.86%,8.28%,-0.819758,2026-08-28
$SPX,7711.76,2026-09-16,18,Put,"5,400.00",-29.98%,0.3,0.37,0.5,613,292,2.1,11.86%,55.20%,-0.001437,2026-08-28
$SPX,7711.76,2026-09-04,6,Call,"7,765.00",-0.69%,18.1,17.9,18.5,550,262,2.1,11.86%,9.53%,0.305748,2026-08-28
$SPX,7711.76,2026-09-02,4,Call,"7,615.00",+1.25%,95.2,107.45,111.7,21,10,2.1,11.86%,9.69%,0.901322,2026-08-28
$SPX,7711.76,2026-09-03,5,Call,"7,745.00",-0.43%,19.4,18.99,19.9,247,118,2.09,11.86%,8.94%,0.359974,2026-08-28
$SPX,7711.76,2026-09-25,27,Call,"7,900.00",-2.44%,26.2,25.63,26.8,709,339,2.09,11.86%,10.08%,0.221119,2026-08-28
$SPX,7711.76,2026-09-04,6,Put,"7,565.00",-1.90%,6.7,7.3,7,1304,623,2.09,11.86%,12.74%,-0.111616,2026-08-28
$SPX,7711.76,2026-09-29,31,Put,"7,225.00",-6.31%,17.2,17.7,18.1,25,12,2.08,11.86%,17.94%,-0.09214,2026-08-28
$SPX,7711.76,2026-09-03,5,Put,"7,730.00",+0.24%,41.5,42.53,42,324,156,2.08,11.86%,9.35%,-0.571749,2026-08-28
$SPX,7711.76,2026-11-20,83,Put,"7,520.00",-2.49%,117.1,117.6,118.8,173,83,2.08,11.86%,15.21%,-0.317772,2026-08-28
$SPX,7711.76,2026-10-30,62,Call,"7,530.00",+2.36%,317.8,318.1,323.7,58,28,2.07,11.86%,14.73%,0.700921,2026-08-28
$SPX,7711.76,2026-09-25,27,Put,"7,760.00",+0.63%,109.4,112.7,110.4,114,55,2.07,11.86%,11.13%,-0.555447,2026-08-28
$SPX,7711.76,2026-10-30,62,Put,"5,750.00",-25.44%,6.6,6.66,7,804,388,2.07,11.86%,35.15%,-0.016204,2026-08-28
$SPX,7711.76,2026-09-02,4,Call,"7,780.00",-0.88%,4.9,4.5,5.2,770,374,2.06,11.86%,7.84%,0.153661,2026-08-28
$SPX,7711.76,2026-09-02,4,Call,"7,870.00",-2.05%,0.1,0.15,0.2,1081,528,2.05,11.86%,7.77%,0.007298,2026-08-28
$SPX,7711.76,2026-10-05,37,Put,"5,000.00",-35.16%,0.8,0.93,1.1,150,73,2.05,11.86%,50.24%,-0.002474,2026-08-28
$SPX,7711.76,2026-09-09,11,Put,"7,000.00",-9.23%,0.9,1,1.15,186,91,2.04,11.86%,24.16%,-0.009294,2026-08-28
$SPX,7711.76,2026-09-10,12,Put,"7,715.00",+0.04%,52,53.95,52.8,57,28,2.04,11.86%,9.80%,-0.486891,2026-08-28
$SPX,7711.76,2026-09-01,3,Put,"7,770.00",+0.76%,53.3,63.36,70,161,79,2.04,11.86%,8.24%,-0.843768,2026-08-28
$SPX,7711.76,2026-09-25,27,Put,"7,610.00",-1.32%,57.2,58.52,58,63,31,2.03,11.86%,12.88%,-0.323437,2026-08-28
$SPX,7711.76,2026-09-30,32,Put,"7,695.00",-0.22%,91.1,96.2,92.2,120,59,2.03,11.86%,12.05%,-0.442703,2026-08-28
$SPX,7711.76,2026-09-03,5,Put,"7,745.00",+0.43%,49.9,48.85,50.4,195,96,2.03,11.86%,9.12%,-0.645051,2026-08-28
$SPX,7711.76,2026-09-02,4,Call,"7,695.00",+0.22%,40.1,38.1,40.6,152,75,2.03,11.86%,9.14%,0.607928,2026-08-28
$SPX,7711.76,2026-10-30,62,Call,"8,170.00",-5.94%,23.2,29.3,23.9,79,39,2.03,11.86%,11.08%,0.134972,2026-08-28
$SPX,7711.76,2026-09-04,6,Put,"7,770.00",+0.76%,67.2,71.96,72.9,305,151,2.02,11.86%,9.18%,-0.731777,2026-08-28
$SPX,7711.76,2026-08-31,2,Put,"7,785.00",+0.95%,70.1,75.5,74.4,204,101,2.02,11.86%,10.41%,-0.89239,2026-08-28
$SPX,7711.76,2026-09-29,31,Put,"7,720.00",+0.11%,97.3,97.85,98.7,18,9,2,11.86%,11.59%,-0.481527,2026-08-28
$SPX,7711.76,2026-09-09,11,Put,"6,775.00",-12.15%,0.6,0.7,0.8,10,5,2,11.86%,29.81%,-0.005417,2026-08-28
$SPX,7711.76,2026-09-08,10,Put,"7,755.00",+0.56%,64.8,42.04,65.6,20,10,2,11.86%,8.65%,-0.63632,2026-08-28
$SPX,7711.76,2026-09-08,10,Put,"7,805.00",+1.21%,96.3,69.94,102.5,12,6,2,11.86%,8.04%,-0.818292,2026-08-28
$SPX,7711.76,2026-09-02,4,Put,"7,725.00",+0.17%,33.5,35.3,33.9,521,261,2,11.86%,8.70%,-0.561522,2026-08-28
$SPX,7711.76,2026-09-02,4,Put,"7,305.00",-5.27%,0.3,0.5,0.45,10,5,2,11.86%,21.17%,-0.006698,2026-08-28
$SPX,7711.76,2027-06-30,305,Put,"6,730.00",-12.73%,160,162.08,162,16,8,2,11.86%,21.82%,-0.179089,2026-08-28
$SPX,7711.76,2026-11-20,83,Put,"7,355.00",-4.63%,87.5,82.24,88.7,10,5,2,11.86%,16.80%,-0.236189,2026-08-28
$SPX,7711.76,2026-09-16,18,Put,"7,720.00",+0.11%,72.3,56.1,73.3,32,16,2,11.86%,10.90%,-0.492479,2026-08-28
$SPX,7711.76,2026-09-16,18,Put,"7,520.00",-2.49%,23.1,24.47,23.9,12,6,2,11.86%,13.58%,-0.183419,2026-08-28
$SPX,7711.76,2026-09-17,19,Put,"5,600.00",-27.38%,0.45,0.55,0.7,20,10,2,11.86%,50.36%,-0.002138,2026-08-28
$SPX,7711.76,2026-10-12,44,Put,"7,225.00",-6.31%,29.1,29.78,30.1,22,11,2,11.86%,17.68%,-0.123422,2026-08-28
$SPX,7711.76,2026-10-12,44,Put,"6,900.00",-10.53%,15,15.4,15.8,46,23,2,11.86%,21.84%,-0.059526,2026-08-28
$SPX,7711.76,2027-04-16,230,Put,"5,450.00",-29.33%,40.3,41.32,41.3,56,28,2,11.86%,30.26%,-0.048452,2026-08-28
$SPX,7711.76,2026-09-02,4,Call,"7,555.00",+2.03%,151.8,160.12,168.1,12,6,2,11.86%,8.35%,0.991761,2026-08-28
$SPX,7711.76,2026-09-03,5,Call,"7,860.00",-1.92%,0.55,0.65,0.7,467,233,2,11.86%,7.94%,0.023333,2026-08-28
$SPX,7711.76,2026-09-03,5,Call,"7,770.00",-0.76%,11,10.2,11.4,218,109,2,11.86%,8.61%,0.244426,2026-08-28
$SPX,7711.76,2026-10-12,44,Call,"8,000.00",-3.74%,27.8,28.94,29,94,47,2,11.86%,10.34%,0.18957,2026-08-28
$SPX,7711.76,2026-09-16,18,Call,"7,715.00",-0.04%,76,78.38,77,14,7,2,11.86%,10.41%,0.528228,2026-08-28
$SPX,7711.76,2026-09-04,6,Call,"7,860.00",-1.92%,1.65,1.76,1.9,1285,646,1.99,11.86%,8.70%,0.049634,2026-08-28
$SPX,7711.76,2026-09-01,3,Call,"7,820.00",-1.40%,0.35,0.35,0.4,567,287,1.98,11.86%,7.31%,0.020006,2026-08-28
$SPX,7711.76,2026-09-01,3,Put,"7,630.00",-1.06%,4.3,4.7,4.6,355,179,1.98,11.86%,10.43%,-0.122948,2026-08-28
$SPX,7711.76,2026-09-01,3,Put,"7,685.00",-0.35%,13.3,14.6,13.7,364,185,1.97,11.86%,9.10%,-0.32425,2026-08-28
$SPX,7711.76,2026-09-04,6,Put,"7,445.00",-3.46%,2.1,2.4,2.25,542,275,1.97,11.86%,15.53%,-0.035464,2026-08-28
$SPX,7711.76,2026-09-04,6,Call,"7,790.00",-1.01%,10.8,10.43,11.2,606,308,1.97,11.86%,9.24%,0.213043,2026-08-28
$SPX,7711.76,2026-11-30,93,Call,"7,500.00",+2.75%,397.9,396.59,399.4,112,57,1.96,11.86%,14.99%,0.703827,2026-08-28
$SPX,7711.76,2026-09-11,13,Call,"7,740.00",-0.37%,48,46.65,48.8,249,127,1.96,11.86%,9.82%,0.452922,2026-08-28
$SPX,7711.76,2026-09-02,4,Put,"7,590.00",-1.58%,3.6,4.15,3.9,312,159,1.96,11.86%,11.50%,-0.087254,2026-08-28
$SPX,7711.76,2026-09-04,6,Put,"7,585.00",-1.64%,8.4,9.18,8.7,495,252,1.96,11.86%,12.32%,-0.137548,2026-08-28
$SPX,7711.76,2026-09-04,6,Put,"7,560.00",-1.97%,6.3,6.9,6.6,880,449,1.96,11.86%,12.82%,-0.105612,2026-08-28
$SPX,7711.76,2026-09-04,6,Put,"7,250.00",-5.99%,0.7,0.8,0.9,3018,1552,1.94,11.86%,21.33%,-0.010976,2026-08-28
$SPX,7711.76,2026-09-18,20,Put,"7,735.00",+0.30%,85.1,87.77,86,126,65,1.94,11.86%,11.13%,-0.521034,2026-08-28
$SPX,7711.76,2026-09-02,4,Call,"8,225.00",-6.66%,0,0.1,0.1,136,70,1.94,11.86%,19.93%,0.001117,2026-08-28
$SPX,7711.76,2026-09-03,5,Call,"7,835.00",-1.60%,1.4,1.85,1.65,289,149,1.94,11.86%,7.99%,0.050673,2026-08-28
$SPX,7711.76,2026-09-03,5,Call,"7,810.00",-1.27%,3.5,3.3,3.8,264,136,1.94,11.86%,8.21%,0.103663,2026-08-28
$SPX,7711.76,2026-09-01,3,Call,"7,755.00",-0.56%,6.9,5.97,7.2,374,193,1.94,11.86%,7.73%,0.226173,2026-08-28
$SPX,7711.76,2026-09-01,3,Call,"7,760.00",-0.63%,5.7,5,6,797,412,1.93,11.86%,7.66%,0.197153,2026-08-28
$SPX,7711.76,2026-09-02,4,Put,"7,585.00",-1.64%,3.4,3.75,3.6,129,67,1.93,11.86%,11.65%,-0.081473,2026-08-28
$SPX,7711.76,2026-09-02,4,Put,"7,525.00",-2.42%,1.4,1.62,1.6,766,396,1.93,11.86%,13.20%,-0.035333,2026-08-28
$SPX,7711.76,2026-10-30,62,Put,"7,555.00",-2.03%,98.8,100.45,100,27,14,1.93,11.86%,14.50%,-0.324026,2026-08-28
$SPX,7711.76,2026-10-12,44,Put,"6,800.00",-11.82%,12.7,13.4,13.4,25,13,1.92,11.86%,23.18%,-0.049005,2026-08-28
$SPX,7711.76,2026-11-20,83,Call,"7,590.00",+1.58%,314.8,316.92,316.7,148,77,1.92,11.86%,14.50%,0.650563,2026-08-28
$SPX,7711.76,2026-09-11,13,Call,"7,715.00",-0.04%,61.6,60.73,62.4,149,78,1.91,11.86%,10.09%,0.522071,2026-08-28
$SPX,7711.76,2026-09-25,27,Put,"6,875.00",-10.85%,6.6,7.1,6.9,162,85,1.91,11.86%,23.96%,-0.033382,2026-08-28
$SPX,7711.76,2026-10-12,44,Put,"7,250.00",-5.99%,30.9,31.04,31.9,42,22,1.91,11.86%,17.37%,-0.131396,2026-08-28
$SPX,7711.76,2026-09-11,13,Put,"7,695.00",-0.22%,48.5,50.97,49.3,258,135,1.91,11.86%,10.47%,-0.432994,2026-08-28
$SPX,7711.76,2026-09-01,3,Put,"7,680.00",-0.41%,12.1,12.91,12.4,438,231,1.9,11.86%,9.23%,-0.29887,2026-08-28
$SPX,7711.76,2026-09-16,18,Put,"7,710.00",-0.02%,68.2,71.1,69.2,38,20,1.9,11.86%,11.02%,-0.47096,2026-08-28
$SPX,7711.76,2026-09-04,6,Call,"7,805.00",-1.21%,7.6,7.21,8,537,283,1.9,11.86%,9.08%,0.164716,2026-08-28
$SPX,7711.76,2026-11-20,83,Call,"7,825.00",-1.47%,168.1,167.77,169.5,110,58,1.9,11.86%,13.02%,0.472954,2026-08-28
$SPX,7711.76,2026-09-03,5,Call,"7,840.00",-1.66%,1.15,1.29,1.35,1021,539,1.89,11.86%,7.93%,0.042909,2026-08-28
$SPX,7711.76,2026-09-24,26,Call,"8,150.00",-5.68%,1.7,2.05,2.05,17,9,1.89,11.86%,9.96%,0.024481,2026-08-28
$SPX,7711.76,2026-09-01,3,Put,"7,495.00",-2.81%,0.5,0.6,0.65,168,89,1.89,11.86%,14.78%,-0.015553,2026-08-28
$SPX,7711.76,2026-09-28,30,Put,"7,720.00",+0.11%,95,95.75,96.3,51,27,1.89,11.86%,11.48%,-0.482045,2026-08-28
$SPX,7711.76,2026-09-21,23,Put,"7,460.00",-3.26%,24.1,25.3,24.9,15,8,1.88,11.86%,14.53%,-0.162651,2026-08-28
$SPX,7711.76,2026-11-30,93,Put,"7,620.00",-1.19%,152,152.73,153.4,32,17,1.88,11.86%,14.40%,-0.383299,2026-08-28
$SPX,7711.76,2026-10-01,33,Put,"7,400.00",-4.04%,32.6,33.67,33.6,15,8,1.88,11.86%,15.67%,-0.167974,2026-08-28
$SPX,7711.76,2026-09-04,6,Call,"7,735.00",-0.30%,30.4,32.83,30.9,607,323,1.88,11.86%,9.94%,0.427436,2026-08-28
$SPX,7711.76,2026-09-04,6,Call,"7,760.00",-0.63%,19.9,18.8,20.3,747,399,1.87,11.86%,9.60%,0.325684,2026-08-28
$SPX,7711.76,2026-09-28,30,Call,"8,125.00",-5.36%,3,3.38,3.6,252,135,1.87,11.86%,9.64%,0.03887,2026-08-28
$SPX,7711.76,2026-09-01,3,Call,"7,745.00",-0.43%,9.7,8.63,10.1,461,248,1.86,11.86%,7.87%,0.288567,2026-08-28
$SPX,7711.76,2026-09-11,13,Call,"7,880.00",-2.18%,6.4,6.25,6.7,232,125,1.86,11.86%,8.66%,0.108648,2026-08-28
$SPX,7711.76,2026-09-16,18,Call,"7,790.00",-1.01%,39.3,41.44,40.3,52,28,1.86,11.86%,9.78%,0.355145,2026-08-28
$SPX,7711.76,2026-11-30,93,Put,"6,425.00",-16.69%,26.6,27.38,27.4,13,7,1.86,11.86%,25.48%,-0.060196,2026-08-28
$SPX,7711.76,2026-09-08,10,Call,"7,715.00",-0.04%,47.1,47.2,48,76,41,1.85,11.86%,8.90%,0.518493,2026-08-28
$SPX,7711.76,2026-09-08,10,Put,"7,480.00",-3.01%,4.7,5.13,5.2,279,151,1.85,11.86%,12.84%,-0.068124,2026-08-28
$SPX,7711.76,2026-09-02,4,Put,"7,000.00",-9.23%,0.15,0.2,0.3,779,420,1.85,11.86%,33.63%,-0.002735,2026-08-28
$SPX,7711.76,2026-08-31,2,Put,"7,580.00",-1.71%,0.55,0.64,0.7,2233,1204,1.85,11.86%,11.95%,-0.024256,2026-08-28
$SPX,7711.76,2026-08-31,2,Put,"7,495.00",-2.81%,0.25,0.27,0.35,637,347,1.84,11.86%,16.54%,-0.009395,2026-08-28
$SPX,7711.76,2026-10-01,33,Put,"7,600.00",-1.45%,64.8,64.72,65.9,35,19,1.84,11.86%,13.17%,-0.324133,2026-08-28
$SPX,7711.76,2026-08-31,2,Call,"7,685.00",+0.35%,36.2,34.08,36.9,885,480,1.84,11.86%,8.44%,0.722951,2026-08-28
$SPX,7711.76,2026-09-11,13,Call,"7,560.00",+1.97%,174.8,176.25,181.3,81,44,1.84,11.86%,12.07%,0.826679,2026-08-28
$SPX,7711.76,2026-10-02,34,Call,"7,710.00",+0.02%,126.3,125,127.5,151,82,1.84,11.86%,11.97%,0.54742,2026-08-28
$SPX,7711.76,2027-07-16,321,Call,"8,575.00",-11.19%,195.9,196.5,198.1,232,126,1.84,11.86%,14.10%,0.318856,2026-08-28
$SPX,7711.76,2026-09-04,6,Put,"7,620.00",-1.19%,12.7,13.61,13.1,955,523,1.83,11.86%,11.66%,-0.19951,2026-08-28
$SPX,7711.76,2026-08-31,2,Put,"7,545.00",-2.16%,0.35,0.4,0.45,1190,651,1.83,11.86%,13.66%,-0.014465,2026-08-28
$SPX,7711.76,2026-11-20,83,Put,"7,030.00",-8.84%,52.1,51.4,53,22,12,1.83,11.86%,19.97%,-0.136146,2026-08-28
$SPX,7711.76,2026-09-21,23,Put,"7,125.00",-7.61%,7.7,8.55,8.3,133,73,1.82,11.86%,19.87%,-0.04904,2026-08-28
$SPX,7711.76,2026-09-02,4,Call,"7,640.00",+0.93%,73.1,78.9,89.8,31,17,1.82,11.86%,9.52%,0.837118,2026-08-28
$SPX,7711.76,2026-08-31,2,Call,"7,800.00",-1.14%,0.15,0.25,0.25,10827,5945,1.82,11.86%,6.90%,0.014405,2026-08-28
$SPX,7711.76,2026-09-08,10,Put,"7,615.00",-1.25%,16.7,17.83,17.2,113,62,1.82,11.86%,10.59%,-0.218085,2026-08-28
$SPX,7711.76,2026-09-02,4,Put,"7,655.00",-0.74%,10.7,11.6,11.1,169,93,1.82,11.86%,10.07%,-0.229926,2026-08-28
$SPX,7711.76,2026-09-04,6,Put,"6,930.00",-10.14%,0.35,0.4,0.5,129,71,1.82,11.86%,32.09%,-0.004246,2026-08-28
$SPX,7711.76,2026-08-31,2,Put,"7,615.00",-1.25%,1.2,1.35,1.35,6457,3539,1.82,11.86%,10.57%,-0.050369,2026-08-28
$SPX,7711.76,2026-08-31,2,Put,"7,520.00",-2.49%,0.25,0.35,0.4,1091,603,1.81,11.86%,15.00%,-0.011032,2026-08-28
$SPX,7711.76,2027-02-19,174,Put,"7,450.00",-3.39%,186.5,187.4,188.5,732,404,1.81,11.86%,16.58%,-0.316733,2026-08-28
$SPX,7711.76,2026-09-09,11,Call,"7,910.00",-2.57%,1.35,1.7,1.7,98,54,1.81,11.86%,7.79%,0.036822,2026-08-28
$SPX,7711.76,2027-07-16,321,Call,"8,050.00",-4.39%,422,459.22,424.7,1000,554,1.81,11.86%,15.66%,0.507989,2026-08-28
$SPX,7711.76,2026-09-04,6,Call,"8,090.00",-4.90%,0.1,0.1,0.2,45,25,1.8,11.86%,13.69%,0.003624,2026-08-28
$SPX,7711.76,2026-10-12,44,Call,"7,850.00",-1.79%,73.3,73.82,74.6,36,20,1.8,11.86%,11.02%,0.371287,2026-08-28
$SPX,7711.76,2026-09-11,13,Put,"7,765.00",+0.69%,80.8,83.4,81.7,81,45,1.8,11.86%,9.56%,-0.631895,2026-08-28
$SPX,7711.76,2026-09-08,10,Put,"7,740.00",+0.37%,56.5,58.27,57.3,135,75,1.8,11.86%,8.84%,-0.580376,2026-08-28
$SPX,7711.76,2026-08-31,2,Put,"7,645.00",-0.87%,2.6,2.81,2.8,2024,1122,1.8,11.86%,9.54%,-0.10371,2026-08-28
$SPX,7711.76,2026-09-02,4,Put,"7,555.00",-2.03%,2.15,3.6,2.35,252,141,1.79,11.86%,12.40%,-0.053012,2026-08-28
$SPX,7711.76,2026-11-20,83,Put,"7,570.00",-1.84%,129.1,130.85,130.9,120,67,1.79,11.86%,14.77%,-0.349043,2026-08-28
$SPX,7711.76,2026-09-04,6,Call,"7,780.00",-0.88%,13.4,12.56,13.8,890,499,1.78,11.86%,9.35%,0.248501,2026-08-28
$SPX,7711.76,2026-10-09,41,Put,"7,570.00",-1.84%,70.7,72.18,71.9,16,9,1.78,11.86%,13.73%,-0.308904,2026-08-28
$SPX,7711.76,2026-09-04,6,Call,"7,845.00",-1.73%,2.65,3.03,2.9,1819,1027,1.77,11.86%,8.79%,0.07206,2026-08-28
$SPX,7711.76,2026-09-01,3,Call,"7,630.00",+1.06%,78.4,86.09,94.9,46,26,1.77,11.86%,9.01%,0.910708,2026-08-28
$SPX,7711.76,2026-09-01,3,Put,"7,645.00",-0.87%,5.8,6.29,6.1,265,150,1.77,11.86%,10.02%,-0.160758,2026-08-28
$SPX,7711.76,2026-10-12,44,Put,"7,100.00",-7.93%,22.1,22.61,23,39,22,1.77,11.86%,19.25%,-0.091656,2026-08-28
$SPX,7711.76,2026-09-17,19,Put,"5,400.00",-29.98%,0.35,0.35,0.55,201,114,1.76,11.86%,54.32%,-0.001586,2026-08-28
$SPX,7711.76,2026-09-04,6,Call,"7,800.00",-1.14%,8.6,8.2,9,4461,2530,1.76,11.86%,9.14%,0.180347,2026-08-28
$SPX,7711.76,2026-08-31,2,Call,"7,690.00",+0.28%,32.5,29.8,32.8,1034,588,1.76,11.86%,8.25%,0.690982,2026-08-28
$SPX,7711.76,2026-09-14,16,Call,"7,730.00",-0.24%,57.9,58.44,58.8,104,59,1.76,11.86%,9.51%,0.488519,2026-08-28
$SPX,7711.76,2026-09-08,10,Call,"7,875.00",-2.12%,2.1,2.2,2.55,3376,1925,1.75,11.86%,7.58%,0.056594,2026-08-28
$SPX,7711.76,2026-09-15,17,Call,"7,755.00",-0.56%,48.2,49.05,49,14,8,1.75,11.86%,9.40%,0.427708,2026-08-28
$SPX,7711.76,2026-09-28,30,Call,"7,925.00",-2.77%,22.8,23.4,23.8,35,20,1.75,11.86%,9.75%,0.196953,2026-08-28
$SPX,7711.76,2026-09-01,3,Put,"7,665.00",-0.61%,8.9,9.5,9.2,309,177,1.75,11.86%,9.58%,-0.231331,2026-08-28
$SPX,7711.76,2026-09-01,3,Put,"7,760.00",+0.63%,45,53.93,62,227,130,1.75,11.86%,8.28%,-0.795405,2026-08-28
$SPX,7711.76,2026-09-11,13,Put,"7,670.00",-0.54%,40.3,41.92,41,504,288,1.75,11.86%,10.83%,-0.37221,2026-08-28
$SPX,7711.76,2026-08-31,2,Put,"7,515.00",-2.55%,0.25,0.27,0.35,660,379,1.74,11.86%,15.19%,-0.010151,2026-08-28
$SPX,7711.76,2026-09-09,11,Put,"7,765.00",+0.69%,73.7,76.2,74.5,19,11,1.73,11.86%,8.80%,-0.660013,2026-08-28
$SPX,7711.76,2026-09-01,3,Put,"7,280.00",-5.60%,0.2,0.3,0.35,201,116,1.73,11.86%,24.87%,-0.004967,2026-08-28
$SPX,7711.76,2026-09-04,6,Put,"7,490.00",-2.88%,3.1,3.22,3.3,476,276,1.72,11.86%,14.42%,-0.052878,2026-08-28
$SPX,7711.76,2026-10-09,41,Put,"7,450.00",-3.39%,49.3,50.61,50.4,50,29,1.72,11.86%,15.12%,-0.218544,2026-08-28
$SPX,7711.76,2026-11-20,83,Call,"7,440.00",+3.52%,429.5,430.24,431.9,74,43,1.72,11.86%,15.70%,0.73549,2026-08-28
$SPX,7711.76,2026-09-04,6,Call,"7,730.00",-0.24%,32.9,31.65,33.4,586,343,1.71,11.86%,10.03%,0.447921,2026-08-28
$SPX,7711.76,2026-11-20,83,Put,"6,970.00",-9.62%,47.7,47.2,48.7,24,14,1.71,11.86%,20.57%,-0.123732,2026-08-28
$SPX,7711.76,2026-09-11,13,Put,"7,735.00",+0.30%,65.2,64.93,66,171,100,1.71,11.86%,9.95%,-0.542384,2026-08-28
$SPX,7711.76,2026-10-09,41,Put,"7,750.00",+0.50%,127.6,133.98,128.9,24,14,1.71,11.86%,11.83%,-0.516125,2026-08-28
$SPX,7711.76,2027-12-17,475,Put,"8,200.00",+6.33%,628,634.01,633.2,1057,622,1.7,11.86%,14.50%,-0.625052,2026-08-28
$SPX,7711.76,2026-09-03,5,Call,"7,845.00",-1.73%,0.95,1.1,1.15,221,130,1.7,11.86%,7.93%,0.036894,2026-08-28
$SPX,7711.76,2026-10-30,62,Call,"7,775.00",-0.82%,154,154.12,155.3,410,241,1.7,11.86%,12.75%,0.496312,2026-08-28
$SPX,7711.76,2026-09-29,31,Call,"8,100.00",-5.03%,4.4,4.86,5.1,17,10,1.7,11.86%,9.65%,0.052531,2026-08-28
$SPX,7711.76,2026-09-17,19,Put,"7,460.00",-3.26%,19.7,20.27,20.5,51,30,1.7,11.86%,14.83%,-0.14742,2026-08-28
$SPX,7711.76,2026-09-18,20,Put,"7,795.00",+1.08%,116.2,102.28,117.2,71,42,1.69,11.86%,10.47%,-0.652946,2026-08-28
$SPX,7711.76,2026-09-03,5,Put,"7,615.00",-1.25%,8.5,9.58,8.9,193,114,1.69,11.86%,11.34%,-0.160662,2026-08-28
$SPX,7711.76,2026-09-04,6,Put,"7,690.00",-0.28%,29.3,30.87,29.8,649,383,1.69,11.86%,10.45%,-0.400074,2026-08-28
$SPX,7711.76,2026-08-31,2,Put,"7,795.00",+1.08%,79.6,84.83,83.9,59,35,1.69,11.86%,10.69%,-0.917674,2026-08-28
$SPX,7711.76,2026-10-09,41,Put,"6,800.00",-11.82%,11.8,12.17,12.5,503,297,1.69,11.86%,23.63%,-0.046754,2026-08-28
$SPX,7711.76,2026-09-25,27,Call,"7,610.00",+1.32%,176.3,178.14,177.4,22,13,1.69,11.86%,12.60%,0.685469,2026-08-28
$SPX,7711.76,2026-12-18,111,Call,"8,160.00",-5.81%,79.9,80.5,81.1,27,16,1.69,11.86%,12.22%,0.26393,2026-08-28
$SPX,7711.76,2026-09-25,27,Call,"7,990.00",-3.61%,10.6,11.6,11,285,170,1.68,11.86%,9.74%,0.110557,2026-08-28
$SPX,7711.76,2026-11-30,93,Call,"7,530.00",+2.36%,375,373.25,376.4,57,34,1.68,11.86%,14.77%,0.68755,2026-08-28
$SPX,7711.76,2026-08-31,2,Put,"7,210.00",-6.51%,0.05,0.15,0.15,534,318,1.68,11.86%,31.59%,-0.001893,2026-08-28
$SPX,7711.76,2026-09-08,10,Put,"7,795.00",+1.08%,88.9,101.84,94.9,10,6,1.67,11.86%,8.20%,-0.785778,2026-08-28
$SPX,7711.76,2026-09-02,4,Put,"7,640.00",-0.93%,8.3,9,8.7,347,208,1.67,11.86%,10.39%,-0.184812,2026-08-28
$SPX,7711.76,2026-09-02,4,Put,"7,110.00",-7.80%,0.2,0.25,0.35,20,12,1.67,11.86%,29.31%,-0.003738,2026-08-28
$SPX,7711.76,2026-09-04,6,Put,"7,580.00",-1.71%,7.9,8.68,8.3,1120,672,1.67,11.86%,12.43%,-0.13066,2026-08-28
$SPX,7711.76,2026-09-04,6,Put,"7,460.00",-3.26%,2.35,2.61,2.55,585,351,1.67,11.86%,15.14%,-0.040225,2026-08-28
$SPX,7711.76,2026-08-31,2,Put,"7,160.00",-7.15%,0.05,0.1,0.15,564,337,1.67,11.86%,34.55%,-0.001741,2026-08-28
$SPX,7711.76,2026-10-12,44,Put,"7,750.00",+0.50%,130.6,129.4,132,15,9,1.67,11.86%,11.80%,-0.514233,2026-08-28
$SPX,7711.76,2026-09-22,24,Call,"7,580.00",+1.71%,186.2,211.77,192.1,35,21,1.67,11.86%,12.32%,0.7379,2026-08-28
$SPX,7711.76,2026-09-03,5,Put,"7,290.00",-5.47%,0.5,0.6,0.65,211,127,1.66,11.86%,20.63%,-0.009126,2026-08-28
$SPX,7711.76,2026-09-02,4,Put,"7,685.00",-0.35%,17.7,19.1,18.1,231,139,1.66,11.86%,9.45%,-0.348529,2026-08-28
$SPX,7711.76,2026-09-25,27,Put,"7,520.00",-2.49%,39.6,39.81,40.6,58,35,1.66,11.86%,14.07%,-0.230457,2026-08-28
$SPX,7711.76,2026-09-25,27,Call,"7,760.00",-0.63%,79.1,78.4,79.9,38,23,1.65,11.86%,11.04%,0.458899,2026-08-28
$SPX,7711.76,2026-09-01,3,Call,"7,805.00",-1.21%,0.7,0.7,0.85,532,322,1.65,11.86%,7.28%,0.038089,2026-08-28
$SPX,7711.76,2026-09-04,6,Put,"7,700.00",-0.15%,32.9,34.75,33.4,4450,2704,1.65,11.86%,10.29%,-0.437432,2026-08-28
$SPX,7711.76,2026-09-04,6,Put,"7,290.00",-5.47%,0.8,0.9,1,158,96,1.65,11.86%,20.00%,-0.01294,2026-08-28
$SPX,7711.76,2026-09-04,6,Put,"6,050.00",-21.55%,0.05,0.1,0.2,5427,3290,1.65,11.86%,60.50%,-0.000753,2026-08-28
$SPX,7711.76,2027-02-19,174,Put,"4,600.00",-40.35%,14.1,14.51,14.8,327,198,1.65,11.86%,39.17%,-0.017494,2026-08-28
$SPX,7711.76,2026-09-21,23,Put,"7,100.00",-7.93%,7.2,8,7.8,383,233,1.64,11.86%,20.29%,-0.045532,2026-08-28
$SPX,7711.76,2026-09-25,27,Put,"7,725.00",+0.17%,94,96.85,94.8,258,158,1.63,11.86%,11.52%,-0.493031,2026-08-28
$SPX,7711.76,2026-12-18,111,Put,"7,415.00",-3.85%,126,124.07,127.6,101,62,1.63,11.86%,16.52%,-0.281615,2026-08-28
$SPX,7711.76,2026-10-01,33,Put,"7,575.00",-1.77%,59.1,53.92,60.2,31,19,1.63,11.86%,13.46%,-0.298188,2026-08-28
$SPX,7711.76,2026-09-29,31,Put,"7,275.00",-5.66%,19.9,21.57,20.8,26,16,1.63,11.86%,17.25%,-0.10721,2026-08-28
$SPX,7711.76,2026-09-09,11,Put,"7,695.00",-0.22%,40.3,45.68,41.1,39,24,1.63,11.86%,9.72%,-0.426016,2026-08-28
$SPX,7711.76,2026-09-09,11,Put,"7,505.00",-2.68%,7.6,9.18,8.2,13,8,1.63,11.86%,12.66%,-0.098074,2026-08-28
$SPX,7711.76,2026-09-02,4,Put,"7,660.00",-0.67%,11.6,12.6,12,342,210,1.63,11.86%,9.95%,-0.246631,2026-08-28
$SPX,7711.76,2026-09-04,6,Call,"7,850.00",-1.79%,2.3,2.15,2.5,4625,2839,1.63,11.86%,8.76%,0.063894,2026-08-28
$SPX,7711.76,2026-09-11,13,Call,"7,770.00",-0.76%,34.1,33.8,34.9,297,182,1.63,11.86%,9.49%,0.367354,2026-08-28
$SPX,7711.76,2026-10-16,48,Call,"7,885.00",-2.25%,70.9,97.3,72,21,13,1.62,11.86%,11.35%,0.344313,2026-08-28
$SPX,7711.76,2026-09-15,17,Call,"7,735.00",-0.30%,58.2,65,59.1,21,13,1.62,11.86%,9.57%,0.478673,2026-08-28
$SPX,7711.76,2026-11-20,83,Put,"6,450.00",-16.36%,24.2,24.58,24.9,160,99,1.62,11.86%,25.83%,-0.057684,2026-08-28
$SPX,7711.76,2026-09-08,10,Put,"7,460.00",-3.26%,4,4.38,4.5,217,134,1.62,11.86%,13.22%,-0.058304,2026-08-28
$SPX,7711.76,2026-09-03,5,Put,"7,695.00",-0.22%,26.2,27.1,26.7,178,110,1.62,11.86%,9.90%,-0.409935,2026-08-28
$SPX,7711.76,2026-09-23,25,Put,"7,570.00",-1.84%,44,43.84,45,66,41,1.61,11.86%,13.22%,-0.269552,2026-08-28
$SPX,7711.76,2026-10-09,41,Call,"7,825.00",-1.47%,81.3,80.56,82.5,29,18,1.61,11.86%,11.37%,0.399723,2026-08-28
$SPX,7711.76,2026-10-12,44,Put,"7,000.00",-9.23%,18.1,19.15,18.9,66,41,1.61,11.86%,20.54%,-0.073412,2026-08-28
$SPX,7711.76,2026-10-30,62,Put,"7,745.00",+0.43%,157.6,153.19,159,32,20,1.6,11.86%,12.73%,-0.493119,2026-08-28
$SPX,7711.76,2026-09-29,31,Put,"7,050.00",-8.58%,11.1,10.3,11.9,16,10,1.6,11.86%,20.51%,-0.057136,2026-08-28
$SPX,7711.76,2026-09-02,4,Put,"7,775.00",+0.82%,59.7,69.86,76.5,65,41,1.59,11.86%,8.47%,-0.820798,2026-08-28
$SPX,7711.76,2026-09-02,4,Put,"7,445.00",-3.46%,0.6,0.65,0.75,239,150,1.59,11.86%,15.71%,-0.014933,2026-08-28
$SPX,7711.76,2026-09-18,20,Call,"8,275.00",-7.30%,0.35,0.83,0.65,1210,762,1.59,11.86%,11.88%,0.007172,2026-08-28
$SPX,7711.76,2026-09-28,30,Call,"8,000.00",-3.74%,10.9,11.4,11.7,205,129,1.59,11.86%,9.54%,0.111828,2026-08-28
$SPX,7711.76,2026-09-11,13,Call,"8,070.00",-4.65%,0.35,0.4,0.55,106,67,1.58,11.86%,9.90%,0.009331,2026-08-28
$SPX,7711.76,2027-06-17,292,Put,"1,000.00",-87.03%,0.5,0.59,0.65,4662,2953,1.58,11.86%,76.06%,-0.000354,2026-08-28
$SPX,7711.76,2026-10-01,33,Put,"7,350.00",-4.69%,28,30.7,29,19,12,1.58,11.86%,16.34%,-0.143938,2026-08-28
$SPX,7711.76,2027-08-20,356,Put,"7,200.00",-6.64%,266.4,267.5,268.7,68,43,1.58,11.86%,19.51%,-0.274429,2026-08-28
$SPX,7711.76,2026-09-29,31,Put,"7,500.00",-2.75%,41.3,42.64,42.4,41,26,1.58,11.86%,14.20%,-0.224006,2026-08-28
$SPX,7711.76,2026-08-31,2,Put,"7,425.00",-3.72%,0.15,0.15,0.25,3275,2070,1.58,11.86%,20.24%,-0.005406,2026-08-28
$SPX,7711.76,2026-09-04,6,Call,"7,745.00",-0.43%,25.9,24.67,26.3,1202,765,1.57,11.86%,9.80%,0.386492,2026-08-28
$SPX,7711.76,2026-09-02,4,Call,"7,710.00",+0.02%,30.8,28.51,31.3,256,163,1.57,11.86%,8.87%,0.528716,2026-08-28
$SPX,7711.76,2026-09-03,5,Call,"7,705.00",+0.09%,39.5,38.49,40,66,42,1.57,11.86%,9.50%,0.551373,2026-08-28
$SPX,7711.76,2026-09-08,10,Call,"7,870.00",-2.05%,2.45,2.69,2.85,199,127,1.57,11.86%,7.60%,0.063144,2026-08-28
$SPX,7711.76,2026-08-31,2,Call,"7,680.00",+0.41%,39.8,37.7,41.2,525,335,1.57,11.86%,8.58%,0.753069,2026-08-28
$SPX,7711.76,2026-09-01,3,Call,"7,775.00",-0.82%,3.1,2.63,3.4,940,597,1.57,11.86%,7.52%,0.124883,2026-08-28
$SPX,7711.76,2026-09-10,12,Put,"7,825.00",+1.47%,116.3,119.62,122.5,11,7,1.57,11.86%,8.51%,-0.83538,2026-08-28
$SPX,7711.76,2026-09-01,3,Put,"7,235.00",-6.18%,0.15,0.25,0.3,11,7,1.57,11.86%,26.67%,-0.003876,2026-08-28
$SPX,7711.76,2026-10-02,34,Put,"7,660.00",-0.67%,83.6,87.4,84.8,36,23,1.57,11.86%,12.59%,-0.396814,2026-08-28
$SPX,7711.76,2026-10-12,44,Put,"7,300.00",-5.34%,34.8,35.2,35.9,135,86,1.57,11.86%,16.75%,-0.149035,2026-08-28
$SPX,7711.76,2027-01-29,153,Put,"7,025.00",-8.91%,101.8,103.2,103.3,28,18,1.56,11.86%,19.63%,-0.182884,2026-08-28
$SPX,7711.76,2027-01-29,153,Put,"5,400.00",-29.98%,21.7,22.07,22.3,14,9,1.56,11.86%,32.81%,-0.031875,2026-08-28
$SPX,7711.76,2026-09-02,4,Call,"7,735.00",-0.30%,18.1,16.8,18.6,262,168,1.56,11.86%,8.45%,0.385615,2026-08-28
$SPX,7711.76,2026-09-10,12,Call,"7,745.00",-0.43%,39.2,40.62,40,28,18,1.56,11.86%,9.08%,0.428316,2026-08-28
$SPX,7711.76,2026-09-10,12,Call,"7,610.00",+1.32%,127.1,129.52,133.1,50,32,1.56,11.86%,10.62%,0.776892,2026-08-28
$SPX,7711.76,2026-10-16,48,Call,"7,710.00",+0.02%,159.5,158.8,160.8,50,32,1.56,11.86%,12.55%,0.553694,2026-08-28
$SPX,7711.76,2026-09-09,11,Call,"7,500.00",+2.75%,210.2,224.48,234.2,25,16,1.56,11.86%,9.70%,0.957894,2026-08-28
$SPX,7711.76,2026-10-12,44,Call,"7,800.00",-1.14%,95.9,95.43,97.4,39,25,1.56,11.86%,11.34%,0.438105,2026-08-28
$SPX,7711.76,2026-09-14,16,Call,"7,735.00",-0.30%,55.2,57.5,56.1,48,31,1.55,11.86%,9.46%,0.475399,2026-08-28
$SPX,7711.76,2026-09-29,31,Call,"7,800.00",-1.14%,66.5,66.61,67.7,17,11,1.55,11.86%,10.62%,0.40114,2026-08-28
$SPX,7711.76,2026-09-25,27,Put,"7,730.00",+0.24%,96,98.9,96.9,144,93,1.55,11.86%,11.46%,-0.501823,2026-08-28
$SPX,7711.76,2026-09-11,13,Put,"7,750.00",+0.50%,72.7,75.19,73.5,1139,734,1.55,11.86%,9.76%,-0.586792,2026-08-28
$SPX,7711.76,2026-09-24,26,Put,"7,690.00",-0.28%,78.5,78.95,79.8,31,20,1.55,11.86%,11.87%,-0.434938,2026-08-28
$SPX,7711.76,2026-10-09,41,Put,"7,640.00",-0.93%,88.5,80.1,89.7,17,11,1.55,11.86%,12.96%,-0.378521,2026-08-28
$SPX,7711.76,2026-09-30,32,Put,"7,175.00",-6.96%,16.5,17.2,16.9,800,518,1.54,11.86%,18.74%,-0.083614,2026-08-28
$SPX,7711.76,2026-09-28,30,Put,"7,475.00",-3.07%,35.9,37.15,36.9,126,82,1.54,11.86%,14.44%,-0.201057,2026-08-28
$SPX,7711.76,2026-09-03,5,Call,"7,755.00",-0.56%,15.7,15.6,16.1,155,101,1.53,11.86%,8.81%,0.312348,2026-08-28
$SPX,7711.76,2026-09-25,27,Call,"7,675.00",+0.48%,129.8,130.09,130.9,221,144,1.53,11.86%,11.88%,0.597596,2026-08-28
$SPX,7711.76,2026-10-09,41,Call,"8,250.00",-6.98%,3.5,3.65,4.1,52,34,1.53,11.86%,10.40%,0.036002,2026-08-28
$SPX,7711.76,2026-09-03,5,Put,"7,700.00",-0.15%,28.1,30,28.6,514,337,1.53,11.86%,9.84%,-0.431685,2026-08-28
$SPX,7711.76,2026-08-31,2,Put,"7,700.00",-0.15%,11.9,13,12.3,12157,8015,1.52,11.86%,7.87%,-0.384782,2026-08-28
$SPX,7711.76,2026-09-01,3,Put,"7,660.00",-0.67%,8,8.7,8.3,322,212,1.52,11.86%,9.69%,-0.211565,2026-08-28
$SPX,7711.76,2026-09-04,6,Call,"7,770.00",-0.76%,16.4,15.7,16.8,576,380,1.52,11.86%,9.46%,0.286073,2026-08-28
$SPX,7711.76,2026-09-09,11,Call,"7,800.00",-1.14%,15.3,15.7,15.9,692,456,1.52,11.86%,8.30%,0.239977,2026-08-28
$SPX,7711.76,2026-10-12,44,Call,"8,100.00",-5.03%,12.9,13.9,13.8,68,45,1.51,11.86%,10.10%,0.104722,2026-08-28
$SPX,7711.76,2026-09-04,6,Put,"7,730.00",+0.24%,46,48.2,46.5,473,313,1.51,11.86%,9.78%,-0.559869,2026-08-28
$SPX,7711.76,2026-08-31,2,Put,"7,440.00",-3.52%,0.15,0.24,0.3,1956,1299,1.51,11.86%,19.54%,-0.006215,2026-08-28
$SPX,7711.76,2026-09-03,5,Put,"7,645.00",-0.87%,13,14.15,13.4,153,102,1.5,11.86%,10.76%,-0.232245,2026-08-28
$SPX,7711.76,2026-09-04,6,Put,"7,590.00",-1.58%,8.9,9.7,9.2,1505,1001,1.5,11.86%,12.22%,-0.144991,2026-08-28
$SPX,7711.76,2026-09-02,4,Call,"7,630.00",+1.06%,81.7,93.57,98.4,33,22,1.5,11.86%,9.58%,0.865936,2026-08-28
$SPX,7711.76,2026-11-30,93,Call,"8,325.00",-7.95%,26.5,26.82,27.7,12,8,1.5,11.86%,11.29%,0.126787,2026-08-28
$SPX,7711.76,2026-09-29,31,Call,"7,730.00",-0.24%,102.7,102.2,104.1,12,8,1.5,11.86%,11.20%,0.516147,2026-08-28
$SPX,7711.76,2026-09-10,12,Put,"7,555.00",-2.03%,14.1,15.8,14.8,24,16,1.5,11.86%,12.14%,-0.160461,2026-08-28
$SPX,7711.76,2026-09-01,3,Put,"7,575.00",-1.77%,1.5,1.77,1.7,451,301,1.5,11.86%,11.95%,-0.046223,2026-08-28
$SPX,7711.76,2026-10-01,33,Put,"7,300.00",-5.34%,24.2,25.03,25.1,15,10,1.5,11.86%,17.02%,-0.12367,2026-08-28
$SPX,7711.76,2027-08-20,356,Put,"7,550.00",-2.10%,348.3,349.33,350.8,15,10,1.5,11.86%,17.68%,-0.36516,2026-08-28
$SPX,7711.76,2026-10-30,62,Put,"7,720.00",+0.11%,148,150,149.3,55,37,1.49,11.86%,12.96%,-0.466981,2026-08-28
$SPX,7711.76,2026-09-01,3,Put,"7,565.00",-1.90%,1.25,1.5,1.45,121,81,1.49,11.86%,12.24%,-0.039056,2026-08-28
$SPX,7711.76,2026-09-11,13,Put,"7,520.00",-2.49%,13.7,14.65,14.1,316,212,1.49,11.86%,13.13%,-0.141165,2026-08-28
$SPX,7711.76,2026-09-04,6,Put,"7,475.00",-3.07%,2.7,3,2.9,1660,1113,1.49,11.86%,14.78%,-0.046114,2026-08-28
$SPX,7711.76,2026-09-02,4,Call,"7,720.00",-0.11%,25.3,24,25.8,307,206,1.49,11.86%,8.71%,0.472515,2026-08-28
$SPX,7711.76,2026-09-10,12,Call,"7,875.00",-2.12%,4.5,4.51,4.9,312,210,1.49,11.86%,8.09%,0.090136,2026-08-28
$SPX,7711.76,2026-09-01,3,Call,"7,795.00",-1.08%,1.2,1.09,1.4,695,468,1.49,11.86%,7.35%,0.059034,2026-08-28
$SPX,7711.76,2026-09-09,11,Put,"6,900.00",-10.53%,0.75,0.95,0.95,166,112,1.48,11.86%,26.65%,-0.007168,2026-08-28
$SPX,7711.76,2026-09-14,16,Put,"7,615.00",-1.25%,30.6,32,31.5,34,23,1.48,11.86%,11.33%,-0.274065,2026-08-28
$SPX,7711.76,2026-09-08,10,Put,"7,515.00",-2.55%,6.5,7.4,6.9,46,31,1.48,11.86%,12.24%,-0.091566,2026-08-28
$SPX,7711.76,2026-09-03,5,Put,"6,575.00",-14.74%,0.1,0.15,0.2,100,68,1.47,11.86%,45.66%,-0.001271,2026-08-28
$SPX,7711.76,2026-09-04,6,Put,"7,310.00",-5.21%,0.9,1.1,1.05,340,231,1.47,11.86%,19.37%,-0.014309,2026-08-28
$SPX,7711.76,2026-09-21,23,Put,"7,370.00",-4.43%,16.8,19.3,17.6,28,19,1.47,11.86%,15.88%,-0.113384,2026-08-28
$SPX,7711.76,2026-09-03,5,Call,"8,025.00",-4.06%,0.05,0.1,0.15,466,316,1.47,11.86%,12.20%,0.003015,2026-08-28
$SPX,7711.76,2026-09-28,30,Call,"7,775.00",-0.82%,75.3,101.7,76.6,132,90,1.47,11.86%,10.68%,0.439636,2026-08-28
$SPX,7711.76,2026-09-18,20,Call,"7,935.00",-2.89%,10.2,10.4,10.7,38,26,1.46,11.86%,9.66%,0.12242,2026-08-28
$SPX,7711.76,2026-09-14,16,Put,"7,520.00",-2.49%,16.7,18.64,17.2,41,28,1.46,11.86%,12.74%,-0.156103,2026-08-28
$SPX,7711.76,2026-09-02,4,Put,"7,720.00",+0.11%,31,33.06,31.5,276,189,1.46,11.86%,8.80%,-0.53238,2026-08-28
$SPX,7711.76,2026-09-04,6,Put,"7,495.00",-2.81%,3.2,3.6,3.5,243,166,1.46,11.86%,14.30%,-0.055401,2026-08-28
$SPX,7711.76,2026-10-09,41,Put,"7,525.00",-2.42%,61.6,62.85,62.7,19,13,1.46,11.86%,14.25%,-0.27128,2026-08-28
$SPX,7711.76,2026-10-16,48,Put,"7,750.00",+0.50%,137.3,139.15,139.1,5140,3513,1.46,11.86%,12.03%,-0.509975,2026-08-28
$SPX,7711.76,2026-09-11,13,Put,"7,770.00",+0.76%,83.7,84.48,84.6,176,121,1.45,11.86%,9.50%,-0.646791,2026-08-28
$SPX,7711.76,2026-09-11,13,Put,"7,615.00",-1.25%,26.8,28.23,27.4,116,80,1.45,11.86%,11.63%,-0.262396,2026-08-28
$SPX,7711.76,2026-11-04,67,Call,"7,850.00",-1.79%,123.7,124.28,125.9,16,11,1.45,11.86%,12.36%,0.428391,2026-08-28
$SPX,7711.76,2026-09-04,6,Put,"7,595.00",-1.51%,9.4,10.28,9.8,521,359,1.45,11.86%,12.12%,-0.15301,2026-08-28
$SPX,7711.76,2026-09-04,6,Put,"7,190.00",-6.77%,0.6,0.65,0.75,390,269,1.45,11.86%,23.30%,-0.008688,2026-08-28
$SPX,7711.76,2026-09-09,11,Put,"7,515.00",-2.55%,8.3,10.45,8.8,13,9,1.44,11.86%,12.49%,-0.105923,2026-08-28
$SPX,7711.76,2026-10-16,48,Put,"7,545.00",-2.16%,76.1,77.16,77,26,18,1.44,11.86%,14.20%,-0.299167,2026-08-28
$SPX,7711.76,2026-09-08,10,Put,"7,330.00",-4.95%,1.75,2.4,2.05,13,9,1.44,11.86%,15.97%,-0.024503,2026-08-28
$SPX,7711.76,2026-09-25,27,Put,"7,625.00",-1.13%,61,63.01,61.7,181,126,1.44,11.86%,12.70%,-0.34222,2026-08-28
$SPX,7711.76,2026-10-30,62,Put,"7,630.00",-1.06%,118.3,118.77,119.5,52,36,1.44,11.86%,13.78%,-0.382914,2026-08-28
$SPX,7711.76,2026-09-30,32,Put,"7,565.00",-1.90%,55.3,56.48,56.3,85,59,1.44,11.86%,13.54%,-0.285723,2026-08-28
$SPX,7711.76,2026-09-03,5,Call,"7,790.00",-1.01%,6.5,6.1,6.8,188,131,1.44,11.86%,8.40%,0.165809,2026-08-28
$SPX,7711.76,2026-09-09,11,Call,"7,780.00",-0.88%,21.4,21.8,22,164,114,1.44,11.86%,8.48%,0.302615,2026-08-28
$SPX,7711.76,2026-10-30,62,Call,"8,410.00",-9.05%,5.3,8.85,5.9,20,14,1.43,11.86%,11.01%,0.040229,2026-08-28
$SPX,7711.76,2027-03-31,214,Call,"7,715.00",-0.04%,454.2,456.8,456.5,10,7,1.43,11.86%,15.51%,0.599801,2026-08-28
$SPX,7711.76,2026-11-20,83,Call,"7,680.00",+0.41%,254.2,250.23,255.6,43,30,1.43,11.86%,13.94%,0.587959,2026-08-28
$SPX,7711.76,2026-09-08,10,Put,"7,705.00",-0.09%,40.6,44.18,41.3,76,53,1.43,11.86%,9.30%,-0.455437,2026-08-28
$SPX,7711.76,2026-09-03,5,Put,"7,725.00",+0.17%,39,41.47,39.5,292,204,1.43,11.86%,9.44%,-0.547562,2026-08-28
$SPX,7711.76,2026-09-03,5,Put,"7,385.00",-4.24%,0.75,0.9,0.95,87,61,1.43,11.86%,17.35%,-0.015179,2026-08-28
$SPX,7711.76,2026-09-04,6,Put,"7,070.00",-8.32%,0.45,0.6,0.6,73,51,1.43,11.86%,27.32%,-0.005975,2026-08-28
$SPX,7711.76,2026-09-18,20,Put,"7,715.00",+0.04%,76.5,77.9,77.5,139,97,1.43,11.86%,11.36%,-0.480282,2026-08-28
$SPX,7711.76,2026-10-01,33,Put,"7,050.00",-8.58%,12.9,13.55,13.6,10,7,1.43,11.86%,20.55%,-0.062646,2026-08-28
$SPX,7711.76,2026-09-01,3,Put,"7,620.00",-1.19%,3.5,4,3.8,518,366,1.42,11.86%,10.69%,-0.102344,2026-08-28
$SPX,7711.76,2026-09-11,13,Put,"7,660.00",-0.67%,37.4,39.17,38.1,514,363,1.42,11.86%,10.97%,-0.349637,2026-08-28
$SPX,7711.76,2026-09-03,5,Call,"7,695.00",+0.22%,45.7,46.39,46.2,75,53,1.42,11.86%,9.65%,0.595768,2026-08-28
$SPX,7711.76,2027-02-19,174,Call,"8,550.00",-10.87%,57.9,65.5,59.5,209,147,1.42,11.86%,12.42%,0.172047,2026-08-28
$SPX,7711.76,2026-09-04,6,Put,"7,345.00",-4.76%,1.05,1.23,1.25,118,83,1.42,11.86%,18.32%,-0.01744,2026-08-28
$SPX,7711.76,2026-08-31,2,Put,"7,510.00",-2.62%,0.25,0.3,0.35,1105,776,1.42,11.86%,15.53%,-0.00995,2026-08-28
$SPX,7711.76,2026-09-04,6,Put,"7,660.00",-0.67%,20.5,21.72,20.9,653,462,1.41,11.86%,10.94%,-0.300334,2026-08-28
$SPX,7711.76,2026-10-30,62,Put,"7,610.00",-1.32%,112.7,119.62,113.9,24,17,1.41,11.86%,13.97%,-0.366281,2026-08-28
$SPX,7711.76,2026-09-28,30,Put,"7,225.00",-6.31%,16.1,16.69,16.9,55,39,1.41,11.86%,17.90%,-0.088496,2026-08-28
$SPX,7711.76,2026-11-20,83,Call,"7,530.00",+2.36%,359.1,357.8,361.4,114,81,1.41,11.86%,14.97%,0.687294,2026-08-28
$SPX,7711.76,2026-09-02,4,Call,"7,875.00",-2.12%,0.05,0.1,0.2,1602,1140,1.41,11.86%,7.83%,0.006145,2026-08-28
$SPX,7711.76,2026-09-11,13,Call,"7,930.00",-2.83%,2.45,2.78,2.8,393,279,1.41,11.86%,8.56%,0.050598,2026-08-28
$SPX,7711.76,2026-09-03,5,Call,"7,715.00",-0.04%,33.7,32.05,34.2,315,225,1.4,11.86%,9.35%,0.504998,2026-08-28
$SPX,7711.76,2026-09-01,3,Call,"7,690.00",+0.28%,38.4,35.58,38.8,115,82,1.4,11.86%,8.88%,0.652481,2026-08-28
$SPX,7711.76,2026-09-03,5,Put,"7,600.00",-1.45%,6.9,7.6,7.3,695,496,1.4,11.86%,11.65%,-0.133375,2026-08-28
$SPX,7711.76,2027-06-30,305,Put,"7,260.00",-5.86%,247.9,249.7,250.2,21,15,1.4,11.86%,18.98%,-0.283036,2026-08-28
$SPX,7711.76,2026-09-18,20,Put,"5,400.00",-29.98%,0.4,0.55,0.65,720,516,1.4,11.86%,53.72%,-0.001803,2026-08-28
$SPX,7711.76,2026-09-17,19,Put,"7,725.00",+0.17%,78.4,80.3,79.5,53,38,1.39,11.86%,11.17%,-0.501582,2026-08-28
$SPX,7711.76,2026-09-03,5,Call,"7,780.00",-0.88%,8.5,7.73,8.9,233,168,1.39,11.86%,8.50%,0.20314,2026-08-28
$SPX,7711.76,2026-09-03,5,Call,"7,720.00",-0.11%,31,33.3,31.5,315,227,1.39,11.86%,9.27%,0.481197,2026-08-28
$SPX,7711.76,2026-09-08,10,Call,"7,930.00",-2.83%,0.55,0.65,0.8,125,90,1.39,11.86%,7.79%,0.018712,2026-08-28
$SPX,7711.76,2026-10-09,41,Call,"8,150.00",-5.68%,7.7,8.3,8.5,50,36,1.39,11.86%,10.22%,0.070176,2026-08-28
$SPX,7711.76,2026-09-03,5,Put,"7,435.00",-3.59%,1.1,1.2,1.25,25,18,1.39,11.86%,15.78%,-0.022047,2026-08-28
$SPX,7711.76,2026-09-04,6,Put,"7,365.00",-4.50%,1.2,1.4,1.35,124,89,1.39,11.86%,17.73%,-0.019693,2026-08-28
$SPX,7711.76,2026-09-04,6,Put,"6,575.00",-14.74%,0.2,0.25,0.3,326,234,1.39,11.86%,43.67%,-0.001954,2026-08-28
$SPX,7711.76,2026-09-01,3,Put,"7,705.00",-0.09%,19.9,21.55,20.2,341,248,1.38,11.86%,8.67%,-0.44229,2026-08-28
$SPX,7711.76,2026-09-01,3,Put,"7,605.00",-1.38%,2.6,3.14,2.85,283,205,1.38,11.86%,11.08%,-0.077753,2026-08-28
$SPX,7711.76,2026-09-30,32,Put,"7,865.00",+1.99%,175.7,146.53,179.6,18,13,1.38,11.86%,10.34%,-0.731357,2026-08-28
$SPX,7711.76,2026-11-20,83,Call,"7,580.00",+1.71%,321.9,318.63,324.2,149,108,1.38,11.86%,14.58%,0.656925,2026-08-28
$SPX,7711.76,2027-06-30,305,Call,"8,050.00",-4.39%,397.5,398.77,400.2,77,56,1.38,11.86%,15.41%,0.500934,2026-08-28
$SPX,7711.76,2026-10-16,48,Call,"7,730.00",-0.24%,147.3,166.5,148.5,52,38,1.37,11.86%,12.39%,0.531282,2026-08-28
$SPX,7711.76,2026-09-09,11,Put,"7,430.00",-3.65%,4.3,4.9,4.8,37,27,1.37,11.86%,14.00%,-0.056465,2026-08-28
$SPX,7711.76,2026-09-08,10,Put,"7,750.00",+0.50%,61.9,65.1,62.7,416,304,1.37,11.86%,8.71%,-0.617901,2026-08-28
$SPX,7711.76,2026-09-04,6,Put,"7,745.00",+0.43%,54,56.93,54.5,296,216,1.37,11.86%,9.54%,-0.624731,2026-08-28
$SPX,7711.76,2026-09-08,10,Put,"7,420.00",-3.78%,3,3.8,3.4,79,58,1.36,11.86%,14.02%,-0.043383,2026-08-28
$SPX,7711.76,2026-09-02,4,Put,"7,765.00",+0.69%,51.8,61.3,68.7,184,135,1.36,11.86%,8.55%,-0.776209,2026-08-28
$SPX,7711.76,2026-12-18,111,Put,"7,440.00",-3.52%,131.8,134.4,133,15,11,1.36,11.86%,16.36%,-0.293342,2026-08-28
$SPX,7711.76,2026-09-04,6,Call,"8,130.00",-5.42%,0.1,0.1,0.2,19,14,1.36,11.86%,14.96%,0.003341,2026-08-28
$SPX,7711.76,2026-08-31,2,Call,"7,805.00",-1.21%,0.15,0.19,0.2,2346,1719,1.36,11.86%,7.11%,0.012439,2026-08-28
$SPX,7711.76,2026-09-16,18,Call,"7,825.00",-1.47%,27.2,28.81,28,34,25,1.36,11.86%,9.55%,0.276676,2026-08-28
$SPX,7711.76,2026-11-30,93,Put,"7,570.00",-1.84%,138.4,145.22,139.8,57,42,1.36,11.86%,14.81%,-0.351447,2026-08-28
$SPX,7711.76,2026-09-01,3,Put,"7,720.00",+0.11%,26.4,28.3,26.8,1011,747,1.35,11.86%,8.36%,-0.54373,2026-08-28
$SPX,7711.76,2026-09-03,5,Put,"7,650.00",-0.80%,14,15,14.4,615,455,1.35,11.86%,10.68%,-0.246947,2026-08-28
$SPX,7711.76,2026-09-04,6,Put,"7,175.00",-6.96%,0.6,0.7,0.75,288,214,1.35,11.86%,23.90%,-0.008487,2026-08-28
$SPX,7711.76,2026-08-31,2,Put,"7,625.00",-1.13%,1.5,1.66,1.7,3869,2870,1.35,11.86%,10.19%,-0.063173,2026-08-28
$SPX,7711.76,2026-09-02,4,Call,"7,800.00",-1.14%,2.3,2.12,2.55,1580,1172,1.35,11.86%,7.65%,0.08576,2026-08-28
$SPX,7711.76,2026-09-02,4,Call,"7,785.00",-0.95%,4.1,3.7,4.4,353,262,1.35,11.86%,7.79%,0.134336,2026-08-28
$SPX,7711.76,2026-09-03,5,Call,"7,710.00",+0.02%,36.6,35.07,37,742,550,1.35,11.86%,9.43%,0.528414,2026-08-28
$SPX,7711.76,2026-09-09,11,Call,"7,735.00",-0.30%,40.4,42.19,41.2,35,26,1.35,11.86%,8.95%,0.454004,2026-08-28
$SPX,7711.76,2026-09-08,10,Call,"7,790.00",-1.01%,15.1,15.68,15.7,232,173,1.34,11.86%,8.10%,0.25088,2026-08-28
$SPX,7711.76,2026-09-02,4,Put,"7,785.00",+0.95%,68.1,75.08,84.7,182,136,1.34,11.86%,8.39%,-0.863812,2026-08-28
$SPX,7711.76,2026-09-02,4,Put,"7,605.00",-1.38%,4.6,5.3,4.9,129,96,1.34,11.86%,11.15%,-0.109059,2026-08-28
$SPX,7711.76,2026-09-04,6,Put,"7,755.00",+0.56%,59.9,63.3,60.3,155,116,1.34,11.86%,9.36%,-0.668716,2026-08-28
$SPX,7711.76,2026-09-03,5,Put,"7,190.00",-6.77%,0.4,0.45,0.55,65,49,1.33,11.86%,24.43%,-0.006572,2026-08-28
$SPX,7711.76,2026-09-21,23,Put,"7,380.00",-4.30%,17.5,18.85,18.3,32,24,1.33,11.86%,15.74%,-0.11804,2026-08-28
$SPX,7711.76,2026-09-21,23,Put,"7,375.00",-4.37%,17.2,18.15,17.9,108,81,1.33,11.86%,15.81%,-0.115702,2026-08-28
$SPX,7711.76,2027-06-17,292,Put,"1,800.00",-76.66%,2.4,2.49,2.8,1453,1094,1.33,11.86%,62.94%,-0.001758,2026-08-28
$SPX,7711.76,2026-11-20,83,Call,"7,570.00",+1.84%,329.2,368.79,331.6,32,24,1.33,11.86%,14.66%,0.663188,2026-08-28
$SPX,7711.76,2026-09-04,6,Call,"7,740.00",-0.37%,28.1,26.6,28.6,813,613,1.33,11.86%,9.88%,0.407044,2026-08-28
$SPX,7711.76,2026-10-16,48,Call,"8,230.00",-6.72%,7,7.49,7.5,68,51,1.33,11.86%,10.46%,0.058586,2026-08-28
$SPX,7711.76,2026-11-20,83,Call,"8,070.00",-4.65%,69.1,77.7,70.3,24,18,1.33,11.86%,11.95%,0.267542,2026-08-28
$SPX,7711.76,2026-09-10,12,Call,"7,755.00",-0.56%,34.6,35.95,35.4,82,62,1.32,11.86%,8.98%,0.396601,2026-08-28
$SPX,7711.76,2026-09-04,6,Put,"7,670.00",-0.54%,23.1,24.35,23.6,848,643,1.32,11.86%,10.78%,-0.331564,2026-08-28
$SPX,7711.76,2026-08-31,2,Put,"7,230.00",-6.25%,0.05,0.15,0.2,879,668,1.32,11.86%,31.05%,-0.002364,2026-08-28
$SPX,7711.76,2026-09-14,16,Put,"7,640.00",-0.93%,36.3,38.7,37.1,59,45,1.31,11.86%,10.99%,-0.317558,2026-08-28
$SPX,7711.76,2026-09-04,6,Put,"7,740.00",+0.37%,51.2,52.93,51.7,694,530,1.31,11.86%,9.61%,-0.60308,2026-08-28
$SPX,7711.76,2026-09-18,20,Put,"7,700.00",-0.15%,70.6,72.8,71.2,1262,961,1.31,11.86%,11.50%,-0.450627,2026-08-28
$SPX,7711.76,2026-09-17,19,Put,"7,350.00",-4.69%,12.3,13.4,12.9,130,100,1.3,11.86%,16.61%,-0.091397,2026-08-28
$SPX,7711.76,2026-09-18,20,Put,"7,720.00",+0.11%,76.8,79.2,78.3,7039,5425,1.3,11.86%,11.09%,-0.490152,2026-08-28
$SPX,7711.76,2027-08-20,356,Put,"6,200.00",-19.60%,124,125.64,125.5,100,77,1.3,11.86%,24.49%,-0.12293,2026-08-28
$SPX,7711.76,2026-09-09,11,Call,"7,950.00",-3.09%,0.55,0.5,0.8,408,313,1.3,11.86%,7.99%,0.017534,2026-08-28
$SPX,7711.76,2026-10-09,41,Call,"7,750.00",-0.50%,119.4,118.77,120.7,43,33,1.3,11.86%,11.93%,0.500199,2026-08-28
$SPX,7711.76,2026-09-04,6,Put,"7,775.00",+0.82%,72.2,74.25,74.3,416,319,1.3,11.86%,9.01%,-0.755862,2026-08-28
$SPX,7711.76,2026-09-29,31,Put,"7,600.00",-1.45%,60.2,60.43,61.3,22,17,1.29,11.86%,12.96%,-0.318345,2026-08-28
$SPX,7711.76,2026-09-03,5,Put,"7,710.00",-0.02%,32.1,34.03,32.6,743,576,1.29,11.86%,9.67%,-0.476552,2026-08-28
$SPX,7711.76,2026-09-04,6,Put,"7,625.00",-1.13%,13.5,14.34,13.8,1200,930,1.29,11.86%,11.56%,-0.209972,2026-08-28
$SPX,7711.76,2026-09-02,4,Call,"7,805.00",-1.21%,1.85,1.75,2.1,531,413,1.29,11.86%,7.60%,0.072537,2026-08-28
$SPX,7711.76,2026-09-25,27,Call,"8,225.00",-6.66%,1.15,1.74,1.4,23,18,1.28,11.86%,10.54%,0.016242,2026-08-28
$SPX,7711.76,2026-09-09,11,Call,"7,740.00",-0.37%,37.9,36.2,38.7,111,87,1.28,11.86%,8.89%,0.437116,2026-08-28
$SPX,7711.76,2026-09-18,20,Call,"7,720.00",-0.11%,81.4,80.2,82.9,6894,5392,1.28,11.86%,10.91%,0.519475,2026-08-28
$SPX,7711.76,2026-09-23,25,Put,"7,710.00",-0.02%,83.3,85.07,84.4,23,18,1.28,11.86%,11.50%,-0.467848,2026-08-28
$SPX,7711.76,2026-09-08,10,Put,"7,700.00",-0.15%,38.6,41.2,39.3,470,371,1.27,11.86%,9.35%,-0.438702,2026-08-28
$SPX,7711.76,2026-09-08,10,Put,"7,380.00",-4.30%,2.3,2.94,2.65,33,26,1.27,11.86%,14.85%,-0.032982,2026-08-28
$SPX,7711.76,2026-09-03,5,Put,"7,570.00",-1.84%,4.6,5.2,4.9,189,149,1.27,11.86%,12.27%,-0.091683,2026-08-28
$SPX,7711.76,2026-09-02,4,Put,"7,565.00",-1.90%,2.5,2.95,2.65,133,105,1.27,11.86%,12.13%,-0.060691,2026-08-28
$SPX,7711.76,2026-09-02,4,Put,"7,220.00",-6.38%,0.25,0.4,0.4,95,75,1.27,11.86%,24.75%,-0.005091,2026-08-28
$SPX,7711.76,2026-09-04,6,Put,"7,170.00",-7.03%,0.6,0.7,0.75,243,192,1.27,11.86%,24.10%,-0.008422,2026-08-28
$SPX,7711.76,2026-08-31,2,Put,"7,475.00",-3.07%,0.2,0.25,0.3,1845,1456,1.27,11.86%,17.49%,-0.00757,2026-08-28
$SPX,7711.76,2026-09-10,12,Put,"7,710.00",-0.02%,49.8,51.71,50.7,52,41,1.27,11.86%,9.85%,-0.472184,2026-08-28
$SPX,7711.76,2026-09-10,12,Put,"7,775.00",+0.82%,83.2,85.88,84,42,33,1.27,11.86%,9.05%,-0.678514,2026-08-28
$SPX,7711.76,2026-09-01,3,Put,"7,635.00",-1.00%,4.8,5.3,5.1,410,323,1.27,11.86%,10.33%,-0.135221,2026-08-28
$SPX,7711.76,2026-09-04,6,Call,"7,875.00",-2.12%,1.05,1.12,1.25,1190,934,1.27,11.86%,8.68%,0.034106,2026-08-28
$SPX,7711.76,2026-09-04,6,Call,"7,910.00",-2.57%,0.4,0.53,0.6,496,394,1.26,11.86%,8.97%,0.015838,2026-08-28
$SPX,7711.76,2026-09-03,5,Call,"7,820.00",-1.40%,2.5,2.65,2.7,290,230,1.26,11.86%,8.10%,0.078899,2026-08-28
$SPX,7711.76,2026-09-03,5,Call,"7,800.00",-1.14%,4.8,4.5,5.1,893,709,1.26,11.86%,8.29%,0.132108,2026-08-28
$SPX,7711.76,2026-09-08,10,Call,"7,675.00",+0.48%,72.6,75.5,73.4,238,189,1.26,11.86%,9.36%,0.648119,2026-08-28
$SPX,7711.76,2026-09-11,13,Call,"7,780.00",-0.88%,30.1,28.89,30.9,347,275,1.26,11.86%,9.39%,0.338993,2026-08-28
$SPX,7711.76,2026-09-14,16,Put,"7,490.00",-2.88%,13.8,14.87,14.5,53,42,1.26,11.86%,13.20%,-0.131023,2026-08-28
$SPX,7711.76,2026-09-10,12,Put,"7,510.00",-2.62%,10,11.77,10.6,34,27,1.26,11.86%,12.87%,-0.116202,2026-08-28
$SPX,7711.76,2026-09-02,4,Call,"7,845.00",-1.73%,0.25,0.37,0.45,348,278,1.25,11.86%,7.46%,0.016259,2026-08-28
$SPX,7711.76,2026-12-31,124,Call,"7,795.00",-1.08%,255,256.4,256.7,15,12,1.25,11.86%,13.78%,0.52764,2026-08-28
$SPX,7711.76,2026-11-04,67,Call,"7,775.00",-0.82%,162.8,159.61,165.1,10,8,1.25,11.86%,12.83%,0.501107,2026-08-28
$SPX,7711.76,2026-09-18,20,Call,"8,070.00",-4.65%,1.65,1.87,2.1,500,401,1.25,11.86%,9.66%,0.028192,2026-08-28
$SPX,7711.76,2026-09-09,11,Put,"7,470.00",-3.13%,5.9,7.05,6.3,181,145,1.25,11.86%,13.30%,-0.075725,2026-08-28
$SPX,7711.76,2026-09-14,16,Put,"5,900.00",-23.49%,0.4,0.5,0.6,111,89,1.25,11.86%,45.98%,-0.002223,2026-08-28
$SPX,7711.76,2026-10-16,48,Put,"6,550.00",-15.06%,10.8,11.25,11.3,84,67,1.25,11.86%,26.47%,-0.036252,2026-08-28
$SPX,7711.76,2026-09-02,4,Put,"7,635.00",-1.00%,7.6,8.4,8,253,203,1.25,11.86%,10.49%,-0.17138,2026-08-28
$SPX,7711.76,2026-09-23,25,Put,"7,620.00",-1.19%,54.8,59.59,56,40,32,1.25,11.86%,12.56%,-0.329566,2026-08-28
$SPX,7711.76,2026-08-31,2,Put,"7,775.00",+0.82%,61.8,66.52,63.2,923,741,1.25,11.86%,10.24%,-0.860396,2026-08-28
$SPX,7711.76,2026-09-25,27,Put,"7,270.00",-5.73%,16.6,18.15,17.4,62,50,1.24,11.86%,17.64%,-0.096068,2026-08-28
$SPX,7711.76,2026-11-30,93,Call,"7,580.00",+1.71%,337.9,334.22,339.4,72,58,1.24,11.86%,14.41%,0.658465,2026-08-28
$SPX,7711.76,2026-09-04,6,Call,"7,655.00",+0.74%,78.2,80.04,84,236,191,1.24,11.86%,11.14%,0.714349,2026-08-28
$SPX,7711.76,2026-10-05,37,Call,"7,825.00",-1.47%,69.5,69.77,70.7,46,37,1.24,11.86%,10.85%,0.383645,2026-08-28
$SPX,7711.76,2026-09-09,11,Call,"7,840.00",-1.66%,7.1,7.45,7.5,76,62,1.23,11.86%,8.01%,0.135468,2026-08-28
$SPX,7711.76,2026-09-03,5,Put,"7,630.00",-1.06%,10.5,11.55,10.9,116,94,1.23,11.86%,11.04%,-0.193362,2026-08-28
$SPX,7711.76,2026-09-01,3,Put,"7,600.00",-1.45%,2.4,2.62,2.55,1233,1002,1.23,11.86%,11.21%,-0.070965,2026-08-28
$SPX,7711.76,2026-09-15,17,Put,"7,750.00",+0.50%,80.2,82.5,81.1,221,179,1.23,11.86%,9.91%,-0.569389,2026-08-28
$SPX,7711.76,2026-09-21,23,Put,"7,390.00",-4.17%,18.2,19.55,19,28,23,1.22,11.86%,15.59%,-0.122782,2026-08-28
$SPX,7711.76,2026-09-11,13,Put,"7,685.00",-0.35%,45,46.1,45.8,176,144,1.22,11.86%,10.61%,-0.407884,2026-08-28
$SPX,7711.76,2026-09-15,17,Put,"7,380.00",-4.30%,9.1,10.79,9.7,29,24,1.21,11.86%,15.24%,-0.080662,2026-08-28
$SPX,7711.76,2026-09-30,32,Put,"7,740.00",+0.37%,108.8,109.36,109.8,222,184,1.21,11.86%,11.57%,-0.511893,2026-08-28
$SPX,7711.76,2026-09-14,16,Put,"7,660.00",-0.67%,41.6,44.2,42.4,68,56,1.21,11.86%,10.72%,-0.356619,2026-08-28
$SPX,7711.76,2026-09-02,4,Put,"7,850.00",+1.79%,129.7,138.15,145.7,23,19,1.21,11.86%,9.20%,-0.988755,2026-08-28
$SPX,7711.76,2026-10-16,48,Put,"7,725.00",+0.17%,128.7,136.36,129.9,132,110,1.2,11.86%,12.38%,-0.478524,2026-08-28
$SPX,7711.76,2026-09-03,5,Put,"7,685.00",-0.35%,22.9,24.85,23.3,649,539,1.2,11.86%,10.07%,-0.368753,2026-08-28
$SPX,7711.76,2026-09-03,5,Put,"7,540.00",-2.23%,3.1,3.59,3.4,357,297,1.2,11.86%,12.94%,-0.063621,2026-08-28
$SPX,7711.76,2026-09-03,5,Put,"7,525.00",-2.42%,2.65,3,2.9,374,311,1.2,11.86%,13.35%,-0.054105,2026-08-28
$SPX,7711.76,2026-09-04,6,Put,"7,750.00",+0.50%,56.9,59.14,57.4,2620,2185,1.2,11.86%,9.46%,-0.646414,2026-08-28
$SPX,7711.76,2026-12-18,111,Put,"7,710.00",-0.02%,204.2,209.74,205.6,12,10,1.2,11.86%,14.24%,-0.446055,2026-08-28
$SPX,7711.76,2026-10-01,33,Call,"7,925.00",-2.77%,29.2,30.28,30.3,24,20,1.2,11.86%,10.19%,0.222046,2026-08-28
$SPX,7711.76,2026-10-09,41,Call,"7,850.00",-1.79%,70.5,71.24,71.7,49,41,1.2,11.86%,11.21%,0.365689,2026-08-28
$SPX,7711.76,2026-11-30,93,Call,"7,440.00",+3.52%,442.4,445.21,448.8,37,31,1.19,11.86%,15.43%,0.734159,2026-08-28
$SPX,7711.76,2026-10-02,34,Call,"7,950.00",-3.09%,26.3,27.59,27.3,134,113,1.19,11.86%,10.32%,0.200393,2026-08-28
$SPX,7711.76,2026-09-08,10,Call,"7,765.00",-0.69%,23.3,23.2,24,93,78,1.19,11.86%,8.34%,0.337436,2026-08-28
$SPX,7711.76,2026-09-04,6,Call,"7,840.00",-1.66%,3,2.95,3.3,700,590,1.19,11.86%,8.80%,0.080195,2026-08-28
$SPX,7711.76,2026-08-31,2,Call,"7,840.00",-1.66%,0.05,0.1,0.1,3630,3048,1.19,11.86%,8.51%,0.004898,2026-08-28
$SPX,7711.76,2026-09-08,10,Put,"7,500.00",-2.75%,5.7,6.17,6.1,1455,1221,1.19,11.86%,12.50%,-0.080807,2026-08-28
$SPX,7711.76,2026-09-02,4,Put,"7,330.00",-4.95%,0.35,0.45,0.5,111,93,1.19,11.86%,20.29%,-0.0078,2026-08-28
$SPX,7711.76,2026-09-04,6,Put,"7,710.00",-0.02%,36.9,38.72,37.4,803,672,1.19,11.86%,10.13%,-0.476754,2026-08-28
$SPX,7711.76,2026-09-04,6,Put,"7,645.00",-0.87%,17.1,18.4,17.5,356,298,1.19,11.86%,11.19%,-0.258143,2026-08-28
$SPX,7711.76,2026-09-04,6,Put,"7,550.00",-2.10%,5.6,6.2,5.9,2149,1802,1.19,11.86%,13.01%,-0.094826,2026-08-28
$SPX,7711.76,2026-09-25,27,Put,"7,580.00",-1.71%,50.5,52.47,51.2,70,59,1.19,11.86%,13.26%,-0.288637,2026-08-28
$SPX,7711.76,2026-09-01,3,Put,"7,505.00",-2.68%,0.55,0.6,0.7,450,377,1.19,11.86%,14.36%,-0.017192,2026-08-28
$SPX,7711.76,2026-09-01,3,Put,"7,075.00",-8.26%,0.1,0.15,0.25,101,85,1.19,11.86%,34.07%,-0.00245,2026-08-28
$SPX,7711.76,2027-09-17,384,Put,"8,150.00",+5.68%,570.1,575.81,573.1,400,338,1.18,11.86%,14.28%,-0.597357,2026-08-28
$SPX,7711.76,2026-10-30,62,Put,"7,155.00",-7.22%,43.2,46.05,44.1,13,11,1.18,11.86%,18.73%,-0.139683,2026-08-28
$SPX,7711.76,2026-10-12,44,Put,"7,500.00",-2.75%,59.6,61.29,60.7,13,11,1.18,11.86%,14.38%,-0.255731,2026-08-28
$SPX,7711.76,2026-09-28,30,Call,"8,175.00",-6.01%,1.95,2.2,2.35,13,11,1.18,11.86%,9.87%,0.026164,2026-08-28
$SPX,7711.76,2026-09-11,13,Call,"7,750.00",-0.50%,43,41.73,43.8,1479,1258,1.18,11.86%,9.70%,0.424436,2026-08-28
$SPX,7711.76,2026-09-04,6,Call,"7,645.00",+0.87%,85.9,87.18,91.8,60,51,1.18,11.86%,11.30%,0.741709,2026-08-28
$SPX,7711.76,2027-06-30,305,Call,"8,900.00",-15.41%,99.7,101,101.7,70,60,1.17,11.86%,13.41%,0.201579,2026-08-28
$SPX,7711.76,2026-10-12,44,Call,"8,300.00",-7.63%,2.75,2.87,3.3,21,18,1.17,11.86%,10.36%,0.028664,2026-08-28
$SPX,7711.76,2026-09-29,31,Call,"8,025.00",-4.06%,9.5,11.32,10.3,14,12,1.17,11.86%,9.63%,0.098092,2026-08-28
$SPX,7711.76,2026-09-28,30,Put,"7,740.00",+0.37%,103.3,104.81,104.7,75,64,1.17,11.86%,11.27%,-0.51505,2026-08-28
$SPX,7711.76,2026-09-04,6,Put,"7,715.00",+0.04%,39,41.1,39.5,553,472,1.17,11.86%,10.04%,-0.497163,2026-08-28
$SPX,7711.76,2026-09-04,6,Put,"7,760.00",+0.63%,63,66.61,63.4,375,321,1.17,11.86%,9.27%,-0.690571,2026-08-28
$SPX,7711.76,2026-09-04,6,Put,"7,435.00",-3.59%,1.95,2.15,2.1,206,178,1.16,11.86%,15.80%,-0.032803,2026-08-28
$SPX,7711.76,2026-09-01,3,Call,"7,700.00",+0.15%,31.6,28.89,32,881,758,1.16,11.86%,8.66%,0.593448,2026-08-28
$SPX,7711.76,2026-09-04,6,Call,"7,830.00",-1.53%,4,3.88,4.3,1463,1266,1.16,11.86%,8.87%,0.100314,2026-08-28
$SPX,7711.76,2026-10-05,37,Call,"7,725.00",-0.17%,121.1,119.96,122.4,95,82,1.16,11.86%,11.62%,0.529412,2026-08-28
$SPX,7711.76,2026-09-01,3,Put,"7,730.00",+0.24%,31.7,33.9,32.1,382,329,1.16,11.86%,8.17%,-0.614334,2026-08-28
$SPX,7711.76,2026-09-11,13,Put,"7,625.00",-1.13%,28.8,30.05,29.4,366,316,1.16,11.86%,11.47%,-0.279716,2026-08-28
$SPX,7711.76,2026-09-21,23,Put,"7,530.00",-2.36%,32.7,33.45,33.6,15,13,1.15,11.86%,13.53%,-0.218518,2026-08-28
$SPX,7711.76,2026-09-29,31,Put,"7,650.00",-0.80%,73.2,75.23,74.5,15,13,1.15,11.86%,12.36%,-0.378942,2026-08-28
$SPX,7711.76,2026-11-04,67,Put,"7,750.00",+0.50%,166.2,169.52,168.4,23,20,1.15,11.86%,12.86%,-0.494874,2026-08-28
$SPX,7711.76,2026-10-16,48,Put,"6,670.00",-13.51%,12.8,12.6,13.4,38,33,1.15,11.86%,24.90%,-0.044381,2026-08-28
$SPX,7711.76,2026-09-02,4,Put,"7,540.00",-2.23%,1.75,1.99,1.95,323,280,1.15,11.86%,12.83%,-0.043486,2026-08-28
$SPX,7711.76,2026-10-09,41,Put,"7,550.00",-2.10%,66.5,69.5,67.6,30,26,1.15,11.86%,13.96%,-0.291505,2026-08-28
$SPX,7711.76,2026-09-11,13,Call,"7,840.00",-1.66%,12.7,12.96,13.2,226,197,1.15,11.86%,8.89%,0.184675,2026-08-28
$SPX,7711.76,2026-09-03,5,Call,"7,735.00",-0.30%,23.7,22.5,24.2,692,604,1.15,11.86%,9.08%,0.408635,2026-08-28
$SPX,7711.76,2026-08-31,2,Call,"7,825.00",-1.47%,0.05,0.12,0.15,3850,3358,1.15,11.86%,7.87%,0.00684,2026-08-28
$SPX,7711.76,2026-09-25,27,Call,"7,925.00",-2.77%,20.7,21.35,21.2,200,176,1.14,11.86%,9.96%,0.185624,2026-08-28
$SPX,7711.76,2026-10-02,34,Call,"7,975.00",-3.41%,21.3,23,22.3,145,127,1.14,11.86%,10.23%,0.171414,2026-08-28
$SPX,7711.76,2027-03-19,202,Call,"11,800.00",-53.01%,0.2,0.35,0.5,279,244,1.14,11.86%,17.57%,0.001272,2026-08-28
$SPX,7711.76,2027-01-15,139,Put,"7,575.00",-1.77%,185.3,190.52,186.9,33,29,1.14,11.86%,15.30%,-0.365224,2026-08-28
$SPX,7711.76,2026-09-21,23,Put,"7,360.00",-4.56%,16.2,17.23,17,56,49,1.14,11.86%,16.04%,-0.109194,2026-08-28
$SPX,7711.76,2026-09-01,3,Put,"7,775.00",+0.82%,57.7,67.66,74.3,88,77,1.14,11.86%,8.28%,-0.866758,2026-08-28
$SPX,7711.76,2026-09-15,17,Put,"5,200.00",-32.57%,0.15,0.25,0.35,145,127,1.14,11.86%,59.84%,-0.000883,2026-08-28
$SPX,7711.76,2026-10-30,62,Put,"6,900.00",-10.53%,28.1,28.5,28.9,1022,902,1.13,11.86%,21.59%,-0.087112,2026-08-28
$SPX,7711.76,2026-09-11,13,Put,"7,640.00",-0.93%,32.2,34.6,32.9,324,286,1.13,11.86%,11.26%,-0.308133,2026-08-28
$SPX,7711.76,2026-09-10,12,Call,"7,600.00",+1.45%,135.3,136.61,141.4,51,45,1.13,11.86%,10.73%,0.794332,2026-08-28
$SPX,7711.76,2026-09-21,23,Call,"7,790.00",-1.01%,51.7,53.78,52.8,36,32,1.13,11.86%,10.17%,0.384674,2026-08-28
$SPX,7711.76,2026-09-01,3,Call,"7,725.00",-0.17%,17.6,16.4,18,562,496,1.13,11.86%,8.19%,0.425748,2026-08-28
$SPX,7711.76,2026-09-01,3,Call,"7,825.00",-1.47%,0.25,0.3,0.35,1012,892,1.13,11.86%,7.36%,0.016307,2026-08-28
$SPX,7711.76,2026-09-11,13,Call,"7,940.00",-2.96%,2.05,2.17,2.35,192,170,1.13,11.86%,8.58%,0.043344,2026-08-28
$SPX,7711.76,2026-10-16,48,Call,"7,915.00",-2.64%,60.1,60.57,61.1,17,15,1.13,11.86%,11.20%,0.308431,2026-08-28
$SPX,7711.76,2026-09-02,4,Call,"7,755.00",-0.56%,10.8,10,11.2,295,260,1.13,11.86%,8.16%,0.273032,2026-08-28
$SPX,7711.76,2026-09-14,16,Put,"7,690.00",-0.28%,51,52.7,51.8,60,53,1.13,11.86%,10.31%,-0.42199,2026-08-28
$SPX,7711.76,2026-09-02,4,Put,"7,800.00",+1.14%,81.5,90.86,97.9,95,84,1.13,11.86%,8.34%,-0.914592,2026-08-28
$SPX,7711.76,2026-09-04,6,Put,"6,975.00",-9.55%,0.4,0.45,0.55,203,180,1.13,11.86%,30.72%,-0.004895,2026-08-28
$SPX,7711.76,2026-08-31,2,Put,"7,505.00",-2.68%,0.25,0.3,0.35,608,540,1.13,11.86%,15.86%,-0.009757,2026-08-28
$SPX,7711.76,2027-01-29,153,Put,"7,475.00",-3.07%,174,175.29,175.8,28,25,1.12,11.86%,16.21%,-0.321824,2026-08-28
$SPX,7711.76,2026-09-08,10,Put,"7,565.00",-1.90%,10.2,11.25,10.8,37,33,1.12,11.86%,11.38%,-0.140778,2026-08-28
$SPX,7711.76,2026-09-16,18,Put,"7,430.00",-3.65%,14.7,15.51,15.4,28,25,1.12,11.86%,14.98%,-0.118168,2026-08-28
$SPX,7711.76,2026-09-15,17,Call,"7,710.00",+0.02%,72.3,73,73.2,65,58,1.12,11.86%,9.81%,0.540308,2026-08-28
$SPX,7711.76,2026-09-04,6,Call,"7,825.00",-1.47%,4.6,4.5,4.9,1935,1734,1.12,11.86%,8.92%,0.111722,2026-08-28
$SPX,7711.76,2026-09-01,3,Call,"7,850.00",-1.79%,0.05,0.2,0.2,1232,1107,1.11,11.86%,7.83%,0.007001,2026-08-28
$SPX,7711.76,2026-09-11,13,Call,"7,710.00",+0.02%,64.5,63,65.4,193,174,1.11,11.86%,10.15%,0.53545,2026-08-28
$SPX,7711.76,2026-09-11,13,Call,"7,685.00",+0.35%,80.2,78.61,81.1,69,62,1.11,11.86%,10.45%,0.599341,2026-08-28
$SPX,7711.76,2026-12-31,124,Call,"7,035.00",+8.78%,838.1,856.59,845.4,10,9,1.11,11.86%,18.92%,0.843005,2026-08-28
$SPX,7711.76,2026-09-08,10,Call,"7,705.00",+0.09%,53,53.97,53.8,39,35,1.11,11.86%,9.01%,0.552896,2026-08-28
$SPX,7711.76,2026-09-08,10,Call,"7,785.00",-0.95%,16.5,15.82,17.2,104,94,1.11,11.86%,8.15%,0.267463,2026-08-28
$SPX,7711.76,2026-09-04,6,Call,"7,690.00",+0.28%,56.1,54.07,56.6,171,154,1.11,11.86%,10.63%,0.601765,2026-08-28
$SPX,7711.76,2026-09-08,10,Put,"7,680.00",-0.41%,31.7,33.98,32.4,178,160,1.11,11.86%,9.62%,-0.375844,2026-08-28
$SPX,7711.76,2026-08-31,2,Put,"7,790.00",+1.01%,75,80.52,79,117,105,1.11,11.86%,10.94%,-0.89614,2026-08-28
$SPX,7711.76,2026-11-20,83,Call,"7,815.00",-1.34%,172,170.1,173.9,23,21,1.1,11.86%,13.00%,0.48108,2026-08-28
$SPX,7711.76,2026-10-09,41,Call,"7,740.00",-0.37%,125.1,158.7,126.5,11,10,1.1,11.86%,12.01%,0.513104,2026-08-28
$SPX,7711.76,2026-11-20,83,Put,"7,665.00",-0.61%,156.5,158.7,158.4,43,39,1.1,11.86%,13.98%,-0.416247,2026-08-28
$SPX,7711.76,2026-09-25,27,Put,"7,310.00",-5.21%,18.9,19.75,19.3,86,78,1.1,11.86%,17.02%,-0.109064,2026-08-28
$SPX,7711.76,2026-11-30,93,Put,"6,480.00",-15.97%,28.3,27.88,29.2,11,10,1.1,11.86%,24.94%,-0.064723,2026-08-28
$SPX,7711.76,2026-12-18,111,Put,"6,680.00",-13.38%,48,48.5,49.2,33,30,1.1,11.86%,22.95%,-0.100093,2026-08-28
$SPX,7711.76,2026-10-12,44,Put,"7,350.00",-4.69%,39.5,40.6,40.6,44,40,1.1,11.86%,16.14%,-0.169832,2026-08-28
$SPX,7711.76,2026-09-02,4,Put,"7,600.00",-1.45%,4.3,4.6,4.6,967,885,1.09,11.86%,11.31%,-0.102094,2026-08-28
$SPX,7711.76,2026-08-31,2,Put,"7,365.00",-4.50%,0.15,0.15,0.25,408,376,1.09,11.86%,24.05%,-0.004614,2026-08-28
$SPX,7711.76,2026-09-28,30,Call,"7,900.00",-2.44%,28.7,28.44,29.7,105,96,1.09,11.86%,9.87%,0.232559,2026-08-28
$SPX,7711.76,2026-09-04,6,Call,"7,920.00",-2.70%,0.35,0.4,0.5,623,572,1.09,11.86%,9.15%,0.013447,2026-08-28
$SPX,7711.76,2026-09-04,6,Call,"8,050.00",-4.39%,0.1,0.1,0.2,3182,2918,1.09,11.86%,12.40%,0.003967,2026-08-28
$SPX,7711.76,2026-10-09,41,Call,"7,800.00",-1.14%,93,91.75,94.3,37,34,1.09,11.86%,11.55%,0.433694,2026-08-28
$SPX,7711.76,2026-11-20,83,Call,"7,480.00",+3.01%,397.7,395.67,400,42,39,1.08,11.86%,15.36%,0.715096,2026-08-28
$SPX,7711.76,2026-09-01,3,Call,"7,710.00",+0.02%,25.5,24,25.9,542,501,1.08,11.86%,8.47%,0.528872,2026-08-28
$SPX,7711.76,2026-10-16,48,Put,"7,565.00",-1.90%,79,80.24,80.8,43,40,1.08,11.86%,13.88%,-0.314194,2026-08-28
$SPX,7711.76,2026-10-30,62,Put,"7,710.00",-0.02%,144.2,144.91,145.6,28,26,1.08,11.86%,13.04%,-0.457073,2026-08-28
$SPX,7711.76,2026-10-30,62,Put,"7,730.00",+0.24%,151.7,147.1,153.1,41,38,1.08,11.86%,12.87%,-0.477344,2026-08-28
$SPX,7711.76,2026-09-01,3,Put,"7,395.00",-4.11%,0.3,0.35,0.4,176,163,1.08,11.86%,19.33%,-0.007797,2026-08-28
$SPX,7711.76,2026-11-30,93,Put,"7,610.00",-1.32%,149.1,156.46,150.6,27,25,1.08,11.86%,14.48%,-0.376784,2026-08-28
$SPX,7711.76,2026-09-15,17,Put,"7,720.00",+0.11%,66.3,67.28,67.1,131,121,1.08,11.86%,10.25%,-0.493857,2026-08-28
$SPX,7711.76,2026-09-02,4,Put,"7,675.00",-0.48%,15,16.23,15.4,527,489,1.08,11.86%,9.66%,-0.304712,2026-08-28
$SPX,7711.76,2026-09-04,6,Put,"7,330.00",-4.95%,1,1.14,1.15,253,234,1.08,11.86%,18.78%,-0.016055,2026-08-28
$SPX,7711.76,2026-08-31,2,Put,"7,780.00",+0.88%,66.5,71.22,68,287,265,1.08,11.86%,10.54%,-0.871953,2026-08-28
$SPX,7711.76,2026-09-03,5,Put,"7,515.00",-2.55%,2.35,2.8,2.6,196,184,1.07,11.86%,13.59%,-0.048278,2026-08-28
$SPX,7711.76,2026-09-01,3,Call,"7,685.00",+0.35%,42,40.7,42.4,76,71,1.07,11.86%,8.99%,0.679759,2026-08-28
$SPX,7711.76,2026-09-11,13,Call,"7,835.00",-1.60%,13.8,13.45,14.3,162,152,1.07,11.86%,8.93%,0.196165,2026-08-28
$SPX,7711.76,2026-09-14,16,Call,"7,710.00",+0.02%,69.3,67.43,70.2,76,71,1.07,11.86%,9.71%,0.539697,2026-08-28
$SPX,7711.76,2026-09-14,16,Call,"7,950.00",-3.09%,2.45,2.65,2.9,406,380,1.07,11.86%,8.26%,0.048531,2026-08-28
$SPX,7711.76,2026-09-04,6,Call,"8,080.00",-4.78%,0.1,0.15,0.2,30,28,1.07,11.86%,13.37%,0.003704,2026-08-28
$SPX,7711.76,2026-09-01,3,Put,"7,615.00",-1.25%,3.2,3.48,3.4,295,275,1.07,11.86%,10.81%,-0.093214,2026-08-28
$SPX,7711.76,2026-09-01,3,Put,"7,500.00",-2.75%,0.5,0.6,0.7,535,502,1.07,11.86%,14.57%,-0.016361,2026-08-28
$SPX,7711.76,2026-09-11,13,Put,"7,630.00",-1.06%,29.9,30.98,30.6,324,304,1.07,11.86%,11.41%,-0.289059,2026-08-28
$SPX,7711.76,2026-09-10,12,Put,"7,595.00",-1.51%,19.5,24.82,20.1,38,36,1.06,11.86%,11.52%,-0.214502,2026-08-28
$SPX,7711.76,2026-09-30,32,Put,"7,840.00",+1.66%,160.7,163.4,161.9,37,35,1.06,11.86%,10.55%,-0.686985,2026-08-28
$SPX,7711.76,2026-12-18,111,Put,"7,870.00",+2.05%,268.5,269.27,270.6,296,278,1.06,11.86%,13.01%,-0.57265,2026-08-28
$SPX,7711.76,2026-10-12,44,Put,"7,275.00",-5.66%,32.8,32.89,33.9,19,18,1.06,11.86%,17.07%,-0.14,2026-08-28
$SPX,7711.76,2026-09-22,24,Put,"7,690.00",-0.28%,73.2,74.87,74.3,53,50,1.06,11.86%,11.59%,-0.433076,2026-08-28
$SPX,7711.76,2026-09-09,11,Put,"7,770.00",+0.76%,76.7,79.4,77.6,17,16,1.06,11.86%,8.74%,-0.678006,2026-08-28
$SPX,7711.76,2026-09-11,13,Call,"7,830.00",-1.53%,14.9,14.55,15.5,100,94,1.06,11.86%,8.97%,0.207882,2026-08-28
$SPX,7711.76,2026-09-04,6,Call,"7,490.00",+2.88%,214.4,263.37,238.4,18,17,1.06,11.86%,9.23%,0.994155,2026-08-28
$SPX,7711.76,2026-10-02,34,Call,"8,000.00",-3.74%,17.2,18.15,18.1,311,297,1.05,11.86%,10.16%,0.14545,2026-08-28
$SPX,7711.76,2026-09-18,20,Put,"7,075.00",-8.26%,6,6.7,6.4,406,386,1.05,11.86%,21.62%,-0.038817,2026-08-28
$SPX,7711.76,2026-09-30,32,Put,"7,635.00",-1.00%,72.1,74.4,72.9,98,93,1.05,11.86%,12.71%,-0.362601,2026-08-28
$SPX,7711.76,2026-10-01,33,Put,"6,300.00",-18.31%,3.8,3.6,4.2,45,43,1.05,11.86%,32.07%,-0.014722,2026-08-28
$SPX,7711.76,2026-09-22,24,Put,"7,510.00",-2.62%,31.9,33.4,32.8,22,21,1.05,11.86%,13.91%,-0.206282,2026-08-28
$SPX,7711.76,2026-09-22,24,Put,"7,450.00",-3.39%,24.9,26.15,25.7,39,37,1.05,11.86%,14.77%,-0.161896,2026-08-28
$SPX,7711.76,2026-09-11,13,Put,"7,645.00",-0.87%,33.4,35.32,34.1,123,117,1.05,11.86%,11.18%,-0.318002,2026-08-28
$SPX,7711.76,2026-09-08,10,Put,"7,470.00",-3.13%,4.4,4.8,4.8,143,136,1.05,11.86%,13.04%,-0.063141,2026-08-28
$SPX,7711.76,2026-09-03,5,Put,"7,565.00",-1.90%,4.3,4.93,4.6,333,316,1.05,11.86%,12.38%,-0.086176,2026-08-28
$SPX,7711.76,2026-09-04,6,Put,"7,570.00",-1.84%,7.1,7.6,7.4,1373,1311,1.05,11.86%,12.64%,-0.117706,2026-08-28
$SPX,7711.76,2026-10-09,41,Put,"7,400.00",-4.04%,42.9,44.11,43.9,23,22,1.05,11.86%,15.73%,-0.190127,2026-08-28
$SPX,7711.76,2026-09-08,10,Call,"7,735.00",-0.30%,36.5,37.5,37.2,72,69,1.04,11.86%,8.67%,0.447005,2026-08-28
$SPX,7711.76,2026-09-08,10,Call,"7,820.00",-1.40%,8.2,8.05,8.7,399,382,1.04,11.86%,7.85%,0.160999,2026-08-28
$SPX,7711.76,2026-09-15,17,Put,"7,620.00",-1.19%,34.8,36.41,35.6,28,27,1.04,11.86%,11.51%,-0.290715,2026-08-28
$SPX,7711.76,2027-04-16,230,Put,"3,800.00",-50.72%,11.9,12.47,12.6,129,125,1.03,11.86%,44.05%,-0.011734,2026-08-28
$SPX,7711.76,2026-09-04,6,Put,"7,470.00",-3.13%,2.6,2.85,2.8,577,561,1.03,11.86%,14.93%,-0.04431,2026-08-28
$SPX,7711.76,2026-11-30,93,Call,"7,510.00",+2.62%,390.2,388.47,391.6,32,31,1.03,11.86%,14.91%,0.698532,2026-08-28
$SPX,7711.76,2026-10-30,62,Call,"7,630.00",+1.06%,246,245.87,247.4,59,58,1.02,11.86%,13.86%,0.627607,2026-08-28
$SPX,7711.76,2026-11-30,93,Call,"7,850.00",-1.79%,168.5,169.47,170,58,57,1.02,11.86%,12.74%,0.463487,2026-08-28
$SPX,7711.76,2026-09-08,10,Call,"7,755.00",-0.56%,27.3,28.95,28.1,64,63,1.02,11.86%,8.46%,0.373926,2026-08-28
$SPX,7711.76,2026-09-18,20,Put,"7,565.00",-1.90%,35.3,36.1,36,91,89,1.02,11.86%,13.34%,-0.246588,2026-08-28
$SPX,7711.76,2026-09-03,5,Put,"7,635.00",-1.00%,11.3,12.32,11.7,93,91,1.02,11.86%,10.95%,-0.205822,2026-08-28
$SPX,7711.76,2026-09-02,4,Put,"7,645.00",-0.87%,9,9.75,9.4,254,250,1.02,11.86%,10.27%,-0.198531,2026-08-28
$SPX,7711.76,2026-09-02,4,Put,"7,535.00",-2.29%,1.65,1.97,1.8,101,99,1.02,11.86%,12.95%,-0.040578,2026-08-28
$SPX,7711.76,2026-09-09,11,Put,"7,460.00",-3.26%,5.4,6.55,5.9,75,74,1.01,11.86%,13.47%,-0.070213,2026-08-28
$SPX,7711.76,2026-09-08,10,Put,"7,540.00",-2.23%,8.2,8.81,8.6,96,95,1.01,11.86%,11.82%,-0.113715,2026-08-28
$SPX,7711.76,2026-09-03,5,Put,"7,510.00",-2.62%,2.25,2.65,2.45,289,287,1.01,11.86%,13.72%,-0.045774,2026-08-28
$SPX,7711.76,2026-09-03,5,Call,"7,730.00",-0.24%,26,25.8,26.5,138,137,1.01,11.86%,9.14%,0.432904,2026-08-28
$SPX,7711.76,2026-08-31,2,Call,"7,865.00",-1.99%,0,0.15,0.1,756,752,1.01,11.86%,9.57%,0.00303,2026-08-28
$SPX,7711.76,2026-09-25,27,Call,"7,880.00",-2.18%,31.3,30.9,32.3,42,42,1,11.86%,10.19%,0.2521,2026-08-28
$SPX,7711.76,2026-09-21,23,Call,"7,820.00",-1.40%,39.8,41.82,40.9,10,10,1,11.86%,9.95%,0.324873,2026-08-28
$SPX,7711.76,2026-09-09,11,Call,"7,790.00",-1.01%,18.1,18.18,18.8,35,35,1,11.86%,8.38%,0.270511,2026-08-28
$SPX,7711.76,2026-09-09,11,Call,"7,630.00",+1.06%,107.6,111.75,113.5,18,18,1,11.86%,10.16%,0.750225,2026-08-28
$SPX,7711.76,2026-09-14,16,Call,"7,840.00",-1.66%,15.7,17.06,16.4,86,86,1,11.86%,8.61%,0.206703,2026-08-28
$SPX,7711.76,2026-09-23,25,Call,"7,680.00",+0.41%,118.6,130.62,119.9,17,17,1,11.86%,11.41%,0.593416,2026-08-28
$SPX,7711.76,2026-08-31,2,Call,"5,200.00",+32.57%,2491.1,2512.21,2535.2,13,13,1,11.86%,179.23%,0.998806,2026-08-28
$SPX,7711.76,2026-09-29,31,Put,"7,800.00",+1.14%,134.9,134.96,136.2,12,12,1,11.86%,10.77%,-0.619244,2026-08-28
$SPX,7711.76,2026-09-09,11,Put,"7,820.00",+1.40%,109.8,115.62,116.1,10,10,1,11.86%,8.07%,-0.85254,2026-08-28
$SPX,7711.76,2026-09-14,16,Put,"7,735.00",+0.30%,69.4,69.13,70.3,21,21,1,11.86%,9.78%,-0.53518,2026-08-28
$SPX,7711.76,2026-09-14,16,Put,"7,505.00",-2.68%,15.2,16.31,15.9,13,13,1,11.86%,12.99%,-0.143342,2026-08-28
$SPX,7711.76,2026-10-16,48,Put,"7,455.00",-3.33%,59.7,59.98,60.6,98,98,1,11.86%,15.19%,-0.236716,2026-08-28
$SPX,7711.76,2026-09-03,5,Put,"7,580.00",-1.71%,5.3,6.24,5.6,251,252,1,11.86%,12.08%,-0.104172,2026-08-28
$SPX,7711.76,2026-09-03,5,Put,"7,520.00",-2.49%,2.5,3,2.75,1269,1273,1,11.86%,13.47%,-0.051166,2026-08-28
$SPX,7711.76,2026-09-03,5,Put,"7,495.00",-2.81%,1.9,2.25,2.1,94,94,1,11.86%,14.10%,-0.038868,2026-08-28
$SPX,7711.76,2026-09-04,6,Put,"7,675.00",-0.48%,24.5,25.83,25,1868,1867,1,11.86%,10.69%,-0.347786,2026-08-28
$SPX,7711.76,2026-09-10,12,Put,"7,570.00",-1.84%,15.9,17.1,16.6,72,72,1,11.86%,11.90%,-0.178961,2026-08-28
$SPX,7711.76,2026-10-30,62,Put,"7,590.00",-1.58%,107.4,108.78,108.6,27,27,1,11.86%,14.16%,-0.350554,2026-08-28
$SPX,7711.76,2026-10-30,62,Put,"7,385.00",-4.24%,67.6,69.7,68.7,36,36,1,11.86%,16.23%,-0.223534,2026-08-28
$SPX,7711.76,2026-11-30,93,Put,"4,800.00",-37.76%,5.2,5.2,5.5,45,45,1,11.86%,42.41%,-0.009027,2026-08-28
$SPX,7711.76,2026-09-15,17,Put,"7,725.00",+0.17%,68.4,70.97,69.3,61,61,1,11.86%,10.19%,-0.506138,2026-08-28
$SPX,7711.76,2026-09-28,30,Put,"7,640.00",-0.93%,68.1,70.01,69.3,30,30,1,11.86%,12.38%,-0.364079,2026-08-28
$SPX,7711.76,2026-09-28,30,Put,"7,450.00",-3.39%,32.8,33.72,33.8,68,68,1,11.86%,14.76%,-0.184092,2026-08-28
$SPX,7711.76,2026-09-16,18,Put,"7,580.00",-1.71%,32.1,32.72,32.9,18,18,1,11.86%,12.70%,-0.248556,2026-08-28
$SPX,7711.76,2026-09-22,24,Put,"7,710.00",-0.02%,80.5,82.98,81.8,18,18,1,11.86%,11.36%,-0.468122,2026-08-28
$SPX,7711.76,2026-09-22,24,Put,"7,725.00",+0.17%,86.6,89.32,87.9,32,32,1,11.86%,11.19%,-0.495918,2026-08-28
$SPX,7711.76,2026-09-15,17,Put,"7,730.00",+0.24%,70.6,71.81,71.5,136,138,0.99,11.86%,10.13%,-0.51855,2026-08-28
$SPX,7711.76,2026-09-11,13,Put,"7,720.00",+0.11%,58.4,60.75,59.2,351,354,0.99,11.86%,10.14%,-0.500063,2026-08-28
$SPX,7711.76,2026-09-11,13,Put,"7,760.00",+0.63%,78,80.1,78.9,107,108,0.99,11.86%,9.63%,-0.616893,2026-08-28
$SPX,7711.76,2026-09-01,3,Call,"7,835.00",-1.60%,0.15,0.15,0.25,625,632,0.99,11.86%,7.50%,0.011145,2026-08-28
$SPX,7711.76,2026-10-02,34,Call,"7,725.00",-0.17%,117.2,118.77,118.5,96,97,0.99,11.86%,11.83%,0.526412,2026-08-28
$SPX,7711.76,2026-09-03,5,Put,"7,690.00",-0.28%,24.5,25.9,25,290,292,0.99,11.86%,9.99%,-0.389108,2026-08-28
$SPX,7711.76,2026-09-02,4,Put,"7,515.00",-2.55%,1.25,1.4,1.45,106,107,0.99,11.86%,13.52%,-0.031542,2026-08-28
$SPX,7711.76,2026-09-04,6,Put,"7,210.00",-6.51%,0.65,0.65,0.8,254,260,0.98,11.86%,22.69%,-0.009494,2026-08-28
$SPX,7711.76,2026-08-31,2,Put,"7,060.00",-8.45%,0.05,0.1,0.15,102,104,0.98,11.86%,40.48%,-0.001502,2026-08-28
$SPX,7711.76,2026-10-16,48,Put,"7,445.00",-3.46%,56.9,51.39,58.5,2463,2504,0.98,11.86%,15.19%,-0.229261,2026-08-28
$SPX,7711.76,2026-09-28,30,Put,"7,700.00",-0.15%,87.3,89.75,88.7,192,195,0.98,11.86%,11.70%,-0.450038,2026-08-28
$SPX,7711.76,2026-09-10,12,Call,"7,760.00",-0.63%,32.5,32.9,33.2,105,107,0.98,11.86%,8.93%,0.380808,2026-08-28
$SPX,7711.76,2026-09-04,6,Call,"7,890.00",-2.31%,0.7,0.75,0.85,1260,1285,0.98,11.86%,8.75%,0.023928,2026-08-28
$SPX,7711.76,2026-09-15,17,Call,"7,690.00",+0.28%,84.6,84.98,85.6,111,115,0.97,11.86%,10.01%,0.587056,2026-08-28
$SPX,7711.76,2026-10-02,34,Call,"7,900.00",-2.44%,39,41.15,40.2,147,152,0.97,11.86%,10.56%,0.265989,2026-08-28
$SPX,7711.76,2026-09-08,10,Put,"7,620.00",-1.19%,17.5,18.83,18.1,116,120,0.97,11.86%,10.51%,-0.22774,2026-08-28
$SPX,7711.76,2026-09-02,4,Put,"7,500.00",-2.75%,1.05,1.25,1.2,895,920,0.97,11.86%,13.94%,-0.026158,2026-08-28
$SPX,7711.76,2026-09-04,6,Put,"6,550.00",-15.06%,0.15,0.25,0.3,557,576,0.97,11.86%,44.19%,-0.001753,2026-08-28
$SPX,7711.76,2026-08-31,2,Put,"7,600.00",-1.45%,0.85,0.94,0.95,7648,7854,0.97,11.86%,11.10%,-0.035677,2026-08-28
$SPX,7711.76,2026-09-18,20,Put,"7,710.00",-0.02%,74.5,77.24,75.5,222,228,0.97,11.86%,11.42%,-0.470516,2026-08-28
$SPX,7711.76,2026-09-01,3,Put,"7,555.00",-2.03%,1.05,1.33,1.25,96,99,0.97,11.86%,12.55%,-0.033228,2026-08-28
$SPX,7711.76,2026-10-02,34,Put,"7,710.00",-0.02%,100.6,102.62,101.9,32,33,0.97,11.86%,12.04%,-0.464792,2026-08-28
$SPX,7711.76,2026-09-16,18,Put,"7,725.00",+0.17%,74.5,76.36,75.5,64,66,0.97,11.86%,10.85%,-0.503506,2026-08-28
$SPX,7711.76,2026-09-16,18,Put,"7,440.00",-3.52%,15.4,16.29,16.1,35,36,0.97,11.86%,14.81%,-0.123798,2026-08-28
$SPX,7711.76,2026-09-11,13,Put,"7,730.00",+0.24%,62.9,65.85,63.7,355,367,0.97,11.86%,10.02%,-0.528102,2026-08-28
$SPX,7711.76,2026-09-10,12,Put,"7,470.00",-3.13%,7.6,9.2,8,46,48,0.96,11.86%,13.57%,-0.08825,2026-08-28
$SPX,7711.76,2026-10-30,62,Put,"7,110.00",-7.80%,39.9,40.85,40.6,153,160,0.96,11.86%,19.22%,-0.127984,2026-08-28
$SPX,7711.76,2026-09-01,3,Put,"7,640.00",-0.93%,5.3,5.8,5.6,407,422,0.96,11.86%,10.19%,-0.14779,2026-08-28
$SPX,7711.76,2026-09-30,32,Put,"7,715.00",+0.04%,98.5,98.93,99.6,43,45,0.96,11.86%,11.83%,-0.47287,2026-08-28
$SPX,7711.76,2026-09-28,30,Put,"7,560.00",-1.97%,49.4,51.04,50.5,26,27,0.96,11.86%,13.34%,-0.272546,2026-08-28
$SPX,7711.76,2026-09-16,18,Put,"7,370.00",-4.43%,11.2,11.53,11.8,22,23,0.96,11.86%,15.96%,-0.089644,2026-08-28
$SPX,7711.76,2026-09-03,5,Call,"7,775.00",-0.82%,9.7,9.1,10.1,219,227,0.96,11.86%,8.56%,0.223417,2026-08-28
$SPX,7711.76,2026-09-04,6,Call,"8,040.00",-4.26%,0.1,0.15,0.2,88,92,0.96,11.86%,12.07%,0.004065,2026-08-28
$SPX,7711.76,2026-09-02,4,Put,"7,670.00",-0.54%,13.8,14.7,14.2,276,287,0.96,11.86%,9.76%,-0.284428,2026-08-28
$SPX,7711.76,2026-09-02,4,Put,"7,415.00",-3.85%,0.5,0.45,0.65,462,482,0.96,11.86%,16.86%,-0.012129,2026-08-28
$SPX,7711.76,2026-12-18,111,Put,"6,840.00",-11.30%,58.6,57.1,59.7,22,23,0.96,11.86%,21.57%,-0.124147,2026-08-28
$SPX,7711.76,2026-09-03,5,Put,"7,485.00",-2.94%,1.7,2.05,1.9,133,140,0.95,11.86%,14.35%,-0.034914,2026-08-28
$SPX,7711.76,2026-08-31,2,Put,"7,530.00",-2.36%,0.3,0.34,0.4,1125,1189,0.95,11.86%,14.46%,-0.012195,2026-08-28
$SPX,7711.76,2026-10-09,41,Put,"7,700.00",-0.15%,107.9,109.93,109.1,57,60,0.95,11.86%,12.33%,-0.449742,2026-08-28
$SPX,7711.76,2026-09-10,12,Put,"7,660.00",-0.67%,33.1,38.75,33.8,245,259,0.95,11.86%,10.54%,-0.339804,2026-08-28
$SPX,7711.76,2026-09-10,12,Put,"7,635.00",-1.00%,26.9,23,27.6,101,106,0.95,11.86%,10.90%,-0.285361,2026-08-28
$SPX,7711.76,2026-10-30,62,Put,"7,800.00",+1.14%,181.6,183.2,182.7,1478,1553,0.95,11.86%,12.26%,-0.554503,2026-08-28
$SPX,7711.76,2026-09-30,32,Put,"7,735.00",+0.30%,106.5,107.6,107.8,39,41,0.95,11.86%,11.62%,-0.504116,2026-08-28
$SPX,7711.76,2026-09-10,12,Call,"7,810.00",-1.27%,15.5,16.8,16.1,40,42,0.95,11.86%,8.49%,0.230495,2026-08-28
$SPX,7711.76,2026-10-30,62,Call,"7,480.00",+3.01%,357.3,357.05,363.4,21,22,0.95,11.86%,15.20%,0.73206,2026-08-28
$SPX,7711.76,2026-11-30,93,Call,"10,000.00",-29.67%,0.05,0.2,0.4,36,38,0.95,11.86%,16.21%,0.001289,2026-08-28
$SPX,7711.76,2026-11-20,83,Call,"7,780.00",-0.88%,191.3,198.07,193.2,46,49,0.94,11.86%,13.20%,0.51019,2026-08-28
$SPX,7711.76,2026-12-31,124,Call,"7,875.00",-2.12%,210.7,226.89,212.4,32,34,0.94,11.86%,13.38%,0.475314,2026-08-28
$SPX,7711.76,2026-09-03,5,Call,"7,740.00",-0.37%,21.5,19.92,21.9,404,431,0.94,11.86%,9.00%,0.384126,2026-08-28
$SPX,7711.76,2026-10-09,41,Call,"8,800.00",-14.11%,0.2,0.4,0.55,15,16,0.94,11.86%,13.99%,0.003436,2026-08-28
$SPX,7711.76,2026-09-03,5,Put,"7,395.00",-4.11%,0.8,0.95,1,46,49,0.94,11.86%,17.02%,-0.016248,2026-08-28
$SPX,7711.76,2026-08-31,2,Put,"7,405.00",-3.98%,0.15,0.15,0.25,218,232,0.94,11.86%,21.51%,-0.005111,2026-08-28
$SPX,7711.76,2027-09-17,384,Put,"7,825.00",+1.47%,447,449.56,449.6,150,159,0.94,11.86%,16.38%,-0.454569,2026-08-28
$SPX,7711.76,2026-10-30,62,Put,"7,570.00",-1.84%,102.4,103.22,103.6,78,83,0.94,11.86%,14.36%,-0.335175,2026-08-28
$SPX,7711.76,2026-09-16,18,Put,"7,420.00",-3.78%,14,11.53,14.7,47,50,0.94,11.86%,15.13%,-0.112657,2026-08-28
$SPX,7711.76,2026-09-25,27,Put,"7,740.00",+0.37%,100.3,103,101.2,197,211,0.93,11.86%,11.35%,-0.519242,2026-08-28
$SPX,7711.76,2026-09-25,27,Put,"7,640.00",-0.93%,65,67.08,65.8,105,113,0.93,11.86%,12.52%,-0.361871,2026-08-28
$SPX,7711.76,2026-09-25,27,Put,"7,550.00",-2.10%,44.8,46.13,45.4,295,317,0.93,11.86%,13.66%,-0.257788,2026-08-28
$SPX,7711.76,2026-09-01,3,Put,"7,675.00",-0.48%,10.9,11.8,11.2,1015,1089,0.93,11.86%,9.34%,-0.274567,2026-08-28
$SPX,7711.76,2026-09-30,32,Put,"7,730.00",+0.24%,104.6,110.34,105.7,100,108,0.93,11.86%,11.68%,-0.496119,2026-08-28
$SPX,7711.76,2026-09-11,13,Put,"7,740.00",+0.37%,67.6,69.2,68.4,192,207,0.93,11.86%,9.88%,-0.557169,2026-08-28
$SPX,7711.76,2026-09-21,23,Call,"7,760.00",-0.63%,65.6,64.4,66.7,98,105,0.93,11.86%,10.40%,0.445046,2026-08-28
$SPX,7711.76,2026-09-09,11,Put,"6,625.00",-14.09%,0.45,0.65,0.65,80,86,0.93,11.86%,33.47%,-0.003901,2026-08-28
$SPX,7711.76,2026-09-08,10,Put,"7,490.00",-2.88%,5.2,5.63,5.6,173,187,0.93,11.86%,12.67%,-0.074161,2026-08-28
$SPX,7711.76,2026-09-08,10,Put,"7,410.00",-3.91%,2.85,3.19,3.2,107,115,0.93,11.86%,14.26%,-0.040727,2026-08-28
$SPX,7711.76,2026-09-04,6,Put,"7,440.00",-3.52%,2,2.25,2.2,287,308,0.93,11.86%,15.67%,-0.034122,2026-08-28
$SPX,7711.76,2026-09-04,6,Put,"7,180.00",-6.90%,0.6,0.7,0.75,82,88,0.93,11.86%,23.70%,-0.008553,2026-08-28
$SPX,7711.76,2026-09-24,26,Put,"7,530.00",-2.36%,39.3,41.43,40.3,79,86,0.92,11.86%,13.87%,-0.235047,2026-08-28
$SPX,7711.76,2026-09-04,6,Put,"7,120.00",-7.67%,0.5,0.6,0.65,190,207,0.92,11.86%,25.62%,-0.006885,2026-08-28
$SPX,7711.76,2026-09-01,3,Put,"7,670.00",-0.54%,9.8,10.61,10.2,428,467,0.92,11.86%,9.46%,-0.252166,2026-08-28
$SPX,7711.76,2026-09-30,32,Put,"7,720.00",+0.11%,100.4,102.11,101.6,106,115,0.92,11.86%,11.78%,-0.48091,2026-08-28
$SPX,7711.76,2026-09-22,24,Put,"7,580.00",-1.71%,43.5,45.34,44.5,12,13,0.92,11.86%,12.95%,-0.275655,2026-08-28
$SPX,7711.76,2026-09-11,13,Put,"7,620.00",-1.19%,27.8,29.15,28.4,285,311,0.92,11.86%,11.56%,-0.270993,2026-08-28
$SPX,7711.76,2026-09-25,27,Call,"8,050.00",-4.39%,5.6,5.7,5.9,417,451,0.92,11.86%,9.70%,0.065297,2026-08-28
$SPX,7711.76,2026-09-11,13,Call,"7,760.00",-0.63%,38.4,39,39.2,131,143,0.92,11.86%,9.59%,0.395892,2026-08-28
$SPX,7711.76,2027-03-19,202,Call,"8,250.00",-6.98%,164.8,165.9,166.7,1306,1418,0.92,11.86%,13.36%,0.342015,2026-08-28
$SPX,7711.76,2026-09-14,16,Call,"7,860.00",-1.92%,11.7,12.02,12.2,49,53,0.92,11.86%,8.50%,0.16546,2026-08-28
$SPX,7711.76,2026-09-08,10,Call,"7,740.00",-0.37%,34,32.67,34.8,164,179,0.92,11.86%,8.61%,0.428747,2026-08-28
$SPX,7711.76,2026-09-03,5,Call,"7,610.00",+1.32%,102.7,113.06,119.5,12,13,0.92,11.86%,10.16%,0.877964,2026-08-28
$SPX,7711.76,2026-09-18,20,Call,"7,755.00",-0.56%,64.2,64.63,65.1,71,78,0.91,11.86%,10.78%,0.448223,2026-08-28
$SPX,7711.76,2026-09-28,30,Call,"7,720.00",-0.11%,105.4,107.25,106.8,73,80,0.91,11.86%,11.15%,0.531069,2026-08-28
$SPX,7711.76,2026-11-20,83,Call,"8,260.00",-7.11%,29.4,30.67,30.5,10,11,0.91,11.86%,11.50%,0.141934,2026-08-28
$SPX,7711.76,2026-09-08,10,Call,"7,840.00",-1.66%,5.2,6.04,5.6,303,333,0.91,11.86%,7.71%,0.11347,2026-08-28
$SPX,7711.76,2026-09-02,4,Call,"7,775.00",-0.82%,5.8,5.28,6.2,671,737,0.91,11.86%,7.91%,0.175113,2026-08-28
$SPX,7711.76,2026-09-04,6,Call,"7,925.00",-2.77%,0.3,0.36,0.45,2892,3188,0.91,11.86%,9.19%,0.011974,2026-08-28
$SPX,7711.76,2026-12-18,111,Call,"7,720.00",-0.11%,279.3,318.04,280.7,10,11,0.91,11.86%,14.05%,0.569902,2026-08-28
$SPX,7711.76,2026-10-16,48,Put,"7,945.00",+3.02%,245.6,224.2,251.6,10,11,0.91,11.86%,10.15%,-0.795667,2026-08-28
$SPX,7711.76,2026-09-02,4,Put,"7,180.00",-6.90%,0.2,0.3,0.35,101,111,0.91,11.86%,26.13%,-0.004157,2026-08-28
$SPX,7711.76,2026-09-04,6,Put,"7,805.00",+1.21%,94.8,95.93,97.2,195,214,0.91,11.86%,8.25%,-0.882424,2026-08-28
$SPX,7711.76,2026-09-04,6,Put,"7,600.00",-1.45%,10,10.8,10.4,3371,3702,0.91,11.86%,12.04%,-0.161557,2026-08-28
$SPX,7711.76,2027-03-31,214,Put,"6,905.00",-10.46%,129,129.5,130.9,10,11,0.91,11.86%,20.65%,-0.183821,2026-08-28
$SPX,7711.76,2027-01-15,139,Put,"8,375.00",+8.60%,600.8,605.24,603.6,10,11,0.91,11.86%,0.00%,0,2026-08-28
$SPX,7711.76,2026-09-25,27,Put,"7,560.00",-1.97%,46.5,48.2,47.5,31,34,0.91,11.86%,13.54%,-0.267762,2026-08-28
$SPX,7711.76,2026-09-01,3,Put,"7,595.00",-1.51%,2.15,2.57,2.4,237,260,0.91,11.86%,11.37%,-0.065268,2026-08-28
$SPX,7711.76,2026-11-20,83,Put,"7,470.00",-3.13%,107.8,109.6,108.9,10,11,0.91,11.86%,15.74%,-0.29063,2026-08-28
$SPX,7711.76,2026-09-22,24,Put,"7,700.00",-0.15%,76.8,81.4,77.9,61,67,0.91,11.86%,11.47%,-0.45053,2026-08-28
$SPX,7711.76,2026-09-21,23,Put,"7,325.00",-5.02%,14.3,15.25,15,89,99,0.9,11.86%,16.59%,-0.095712,2026-08-28
$SPX,7711.76,2026-09-01,3,Put,"7,540.00",-2.23%,0.85,1.05,1,141,157,0.9,11.86%,13.04%,-0.026525,2026-08-28
$SPX,7711.76,2026-09-15,17,Put,"7,410.00",-3.91%,10.5,11.62,11.1,27,30,0.9,11.86%,14.72%,-0.093321,2026-08-28
$SPX,7711.76,2026-09-28,30,Put,"7,660.00",-0.67%,74,77.12,75.2,26,29,0.9,11.86%,12.15%,-0.390747,2026-08-28
$SPX,7711.76,2026-09-16,18,Put,"7,550.00",-2.10%,27.1,27.64,28,35,39,0.9,11.86%,13.13%,-0.213282,2026-08-28
$SPX,7711.76,2026-09-30,32,Call,"7,830.00",-1.53%,56.8,57.1,57.6,249,278,0.9,11.86%,10.54%,0.356531,2026-08-28
$SPX,7711.76,2026-09-09,11,Call,"7,720.00",-0.11%,48.3,51.2,49.2,70,78,0.9,11.86%,9.11%,0.503811,2026-08-28
$SPX,7711.76,2026-10-16,48,Call,"8,240.00",-6.85%,6.5,6.7,7,44,49,0.9,11.86%,10.47%,0.055066,2026-08-28
$SPX,7711.76,2026-10-05,37,Call,"7,800.00",-1.14%,80.8,82.21,82.1,54,60,0.9,11.86%,11.02%,0.420943,2026-08-28
$SPX,7711.76,2026-10-16,48,Put,"7,305.00",-5.27%,41.3,45.37,42.2,26,29,0.9,11.86%,16.94%,-0.16288,2026-08-28
$SPX,7711.76,2026-09-03,5,Put,"7,620.00",-1.19%,9.1,10.23,9.5,158,176,0.9,11.86%,11.23%,-0.17076,2026-08-28
$SPX,7711.76,2026-09-02,4,Put,"7,575.00",-1.77%,2.9,3.19,3.1,847,938,0.9,11.86%,11.89%,-0.070303,2026-08-28
$SPX,7711.76,2028-12-15,839,Put,"8,450.00",+9.57%,813.7,829.4,838.9,92,102,0.9,11.86%,13.93%,-0.684032,2026-08-28
$SPX,7711.76,2026-08-31,2,Put,"7,485.00",-2.94%,0.2,0.24,0.3,358,396,0.9,11.86%,16.83%,-0.007839,2026-08-28
$SPX,7711.76,2026-09-24,26,Put,"7,375.00",-4.37%,21.8,24.62,22.7,17,19,0.89,11.86%,16.05%,-0.131844,2026-08-28
$SPX,7711.76,2026-09-14,16,Put,"7,050.00",-8.58%,2.5,3.08,2.75,359,404,0.89,11.86%,21.50%,-0.02025,2026-08-28
$SPX,7711.76,2026-10-16,48,Put,"7,835.00",+1.60%,179.6,172.39,180.8,16,18,0.89,11.86%,11.35%,-0.624535,2026-08-28
$SPX,7711.76,2026-09-08,10,Put,"7,770.00",+0.76%,73.9,74.33,74.7,186,210,0.89,11.86%,8.45%,-0.694386,2026-08-28
$SPX,7711.76,2026-10-09,41,Put,"6,700.00",-13.12%,10.1,10.5,10.7,65,73,0.89,11.86%,25.03%,-0.038819,2026-08-28
$SPX,7711.76,2026-10-09,41,Put,"6,200.00",-19.60%,5.1,5.38,5.5,33,37,0.89,11.86%,32.10%,-0.017103,2026-08-28
$SPX,7711.76,2026-09-21,23,Put,"7,590.00",-1.58%,43.2,44.74,44.2,39,44,0.89,11.86%,12.71%,-0.282714,2026-08-28
$SPX,7711.76,2026-11-30,93,Put,"7,640.00",-0.93%,157.9,160.12,159.3,24,27,0.89,11.86%,14.24%,-0.397479,2026-08-28
$SPX,7711.76,2026-09-16,18,Put,"7,410.00",-3.91%,13.3,10.85,14,42,47,0.89,11.86%,15.28%,-0.107252,2026-08-28
$SPX,7711.76,2026-09-11,13,Put,"7,600.00",-1.45%,24,25.24,24.6,674,761,0.89,11.86%,11.86%,-0.237864,2026-08-28
$SPX,7711.76,2026-09-11,13,Put,"5,600.00",-27.38%,0.2,0.3,0.35,455,511,0.89,11.86%,56.82%,-0.001153,2026-08-28
$SPX,7711.76,2026-09-28,30,Call,"7,670.00",+0.54%,137.3,154.38,138.5,25,28,0.89,11.86%,11.62%,0.606884,2026-08-28
$SPX,7711.76,2026-09-14,16,Call,"7,825.00",-1.47%,19.5,20.01,20.1,110,124,0.89,11.86%,8.71%,0.240942,2026-08-28
$SPX,7711.76,2026-09-02,4,Call,"7,820.00",-1.40%,0.95,0.95,1.15,1279,1434,0.89,11.86%,7.50%,0.042651,2026-08-28
$SPX,7711.76,2026-09-10,12,Call,"7,900.00",-2.44%,2.6,2.81,3.1,326,369,0.88,11.86%,8.06%,0.05918,2026-08-28
$SPX,7711.76,2026-10-02,34,Call,"7,600.00",+1.45%,202.3,202.9,203.4,15,17,0.88,11.86%,13.07%,0.681754,2026-08-28
$SPX,7711.76,2026-09-04,6,Call,"7,660.00",+0.67%,75.9,75,78.9,120,136,0.88,11.86%,11.09%,0.699512,2026-08-28
$SPX,7711.76,2026-08-31,2,Put,"7,555.00",-2.03%,0.4,0.4,0.5,1000,1135,0.88,11.86%,13.18%,-0.016609,2026-08-28
$SPX,7711.76,2026-12-18,111,Put,"7,410.00",-3.91%,125.9,128.4,127.2,15,17,0.88,11.86%,16.61%,-0.280006,2026-08-28
$SPX,7711.76,2026-09-01,3,Put,"7,475.00",-3.07%,0.4,0.5,0.55,275,311,0.88,11.86%,15.54%,-0.012525,2026-08-28
$SPX,7711.76,2026-09-16,18,Put,"7,690.00",-0.28%,60.6,62.82,61.5,65,74,0.88,11.86%,11.25%,-0.428986,2026-08-28
$SPX,7711.76,2026-09-11,13,Put,"7,530.00",-2.36%,14.7,15.59,15.1,112,127,0.88,11.86%,12.98%,-0.150748,2026-08-28
$SPX,7711.76,2026-09-28,30,Put,"7,825.00",+1.47%,147.3,154.92,148.5,82,94,0.87,11.86%,10.41%,-0.669877,2026-08-28
$SPX,7711.76,2026-09-25,27,Call,"7,910.00",-2.57%,23.8,25.3,24.4,302,346,0.87,11.86%,10.02%,0.20629,2026-08-28
$SPX,7711.76,2026-09-15,17,Call,"7,780.00",-0.88%,37.2,35.82,38,108,124,0.87,11.86%,9.19%,0.363542,2026-08-28
$SPX,7711.76,2026-09-28,30,Call,"7,875.00",-2.12%,35.6,35.24,36.7,72,83,0.87,11.86%,10.00%,0.270893,2026-08-28
$SPX,7711.76,2026-09-24,26,Call,"7,740.00",-0.37%,85.7,89.28,86.9,13,15,0.87,11.86%,11.00%,0.491322,2026-08-28
$SPX,7711.76,2026-09-08,10,Call,"7,745.00",-0.43%,31.7,31.74,32.4,114,131,0.87,11.86%,8.56%,0.410424,2026-08-28
$SPX,7711.76,2027-01-29,153,Put,"5,850.00",-24.14%,31.8,32.11,32.5,69,79,0.87,11.86%,28.93%,-0.049721,2026-08-28
$SPX,7711.76,2026-09-09,11,Put,"7,690.00",-0.28%,38.5,40.6,39.3,133,153,0.87,11.86%,9.78%,-0.411321,2026-08-28
$SPX,7711.76,2026-09-09,11,Put,"5,600.00",-27.38%,0.05,0.18,0.3,332,382,0.87,11.86%,59.44%,-0.000785,2026-08-28
$SPX,7711.76,2026-09-24,26,Put,"7,350.00",-4.69%,20,22.1,20.8,33,38,0.87,11.86%,16.41%,-0.120579,2026-08-28
$SPX,7711.76,2026-09-08,10,Put,"7,440.00",-3.52%,3.4,4.1,3.9,46,53,0.87,11.86%,13.60%,-0.049927,2026-08-28
$SPX,7711.76,2026-09-03,5,Put,"7,680.00",-0.41%,21.4,23.22,21.8,164,189,0.87,11.86%,10.16%,-0.34931,2026-08-28
$SPX,7711.76,2026-09-03,5,Put,"7,785.00",+0.95%,71.2,80.38,87.9,13,15,0.87,11.86%,9.12%,-0.810728,2026-08-28
$SPX,7711.76,2026-09-03,5,Put,"7,535.00",-2.29%,3,3.5,3.2,181,209,0.87,11.86%,13.09%,-0.060491,2026-08-28
$SPX,7711.76,2026-09-02,4,Put,"7,530.00",-2.36%,1.5,1.75,1.7,239,274,0.87,11.86%,13.06%,-0.037722,2026-08-28
$SPX,7711.76,2026-09-04,6,Put,"6,890.00",-10.66%,0.3,0.4,0.45,20,23,0.87,11.86%,33.20%,-0.003668,2026-08-28
$SPX,7711.76,2026-09-09,11,Put,"7,300.00",-5.34%,2.15,2.59,2.4,165,192,0.86,11.86%,16.75%,-0.02639,2026-08-28
$SPX,7711.76,2026-10-16,48,Put,"7,560.00",-1.97%,79.3,80.3,80.3,38,44,0.86,11.86%,14.03%,-0.311069,2026-08-28
$SPX,7711.76,2026-09-08,10,Put,"7,640.00",-0.93%,21.3,22.79,21.9,126,147,0.86,11.86%,10.20%,-0.270176,2026-08-28
$SPX,7711.76,2026-09-08,10,Put,"7,525.00",-2.42%,7.1,7.7,7.5,287,335,0.86,11.86%,12.06%,-0.099602,2026-08-28
$SPX,7711.76,2026-09-03,5,Put,"7,720.00",+0.11%,36.6,39,37.1,198,231,0.86,11.86%,9.52%,-0.523468,2026-08-28
$SPX,7711.76,2026-09-03,5,Put,"7,455.00",-3.33%,1.3,1.55,1.45,113,131,0.86,11.86%,15.19%,-0.02621,2026-08-28
$SPX,7711.76,2026-09-04,6,Put,"7,680.00",-0.41%,26,27.65,26.5,487,565,0.86,11.86%,10.60%,-0.364634,2026-08-28
$SPX,7711.76,2026-09-04,6,Put,"7,040.00",-8.71%,0.45,0.55,0.6,129,150,0.86,11.86%,28.50%,-0.005747,2026-08-28
$SPX,7711.76,2026-12-18,111,Put,"4,500.00",-41.65%,5.9,6,6.3,25,29,0.86,11.86%,44.36%,-0.008927,2026-08-28
$SPX,7711.76,2026-10-30,62,Put,"6,850.00",-11.17%,26.1,26.67,26.6,239,277,0.86,11.86%,22.15%,-0.079782,2026-08-28
$SPX,7711.76,2026-09-01,3,Put,"7,570.00",-1.84%,1.35,1.54,1.55,385,446,0.86,11.86%,12.06%,-0.042088,2026-08-28
$SPX,7711.76,2026-09-01,3,Put,"7,545.00",-2.16%,0.9,1.05,1.1,50,58,0.86,11.86%,12.89%,-0.028703,2026-08-28
$SPX,7711.76,2026-09-15,17,Put,"7,700.00",-0.15%,58.2,60.04,59,42,49,0.86,11.86%,10.47%,-0.446833,2026-08-28
$SPX,7711.76,2026-09-30,32,Call,"7,715.00",-0.04%,115.1,114,116.3,49,57,0.86,11.86%,11.48%,0.53996,2026-08-28
$SPX,7711.76,2026-09-23,25,Call,"7,825.00",-1.47%,43.3,45.11,44.3,18,21,0.86,11.86%,10.17%,0.329523,2026-08-28
$SPX,7711.76,2026-09-04,6,Call,"7,915.00",-2.64%,0.35,0.45,0.55,226,262,0.86,11.86%,9.03%,0.014324,2026-08-28
$SPX,7711.76,2026-12-18,111,Call,"8,180.00",-6.07%,74.6,95.2,75.8,12,14,0.86,11.86%,12.17%,0.251309,2026-08-28
$SPX,7711.76,2026-11-20,83,Call,"7,470.00",+3.13%,405.6,401.67,407.9,44,52,0.85,11.86%,15.45%,0.720333,2026-08-28
$SPX,7711.76,2026-09-10,12,Call,"7,770.00",-0.76%,28.4,30.32,29.1,53,62,0.85,11.86%,8.83%,0.349256,2026-08-28
$SPX,7711.76,2026-09-11,13,Call,"7,720.00",-0.11%,58.7,57.46,59.5,234,274,0.85,11.86%,10.03%,0.508517,2026-08-28
$SPX,7711.76,2026-12-18,111,Call,"8,130.00",-5.42%,88.6,111.2,89.7,11,13,0.85,11.86%,12.30%,0.283592,2026-08-28
$SPX,7711.76,2026-10-16,48,Put,"7,860.00",+1.92%,193.5,166.2,194.7,22,26,0.85,11.86%,11.11%,-0.664649,2026-08-28
$SPX,7711.76,2026-09-02,4,Put,"6,400.00",-17.01%,0.05,0.15,0.15,165,195,0.85,11.86%,56.97%,-0.000785,2026-08-28
$SPX,7711.76,2026-09-15,17,Put,"7,690.00",-0.28%,54.6,56.72,55.4,121,143,0.85,11.86%,10.60%,-0.424599,2026-08-28
$SPX,7711.76,2026-09-30,32,Put,"7,710.00",-0.02%,96.5,97.09,97.7,74,87,0.85,11.86%,11.88%,-0.465118,2026-08-28
$SPX,7711.76,2026-09-28,30,Put,"7,425.00",-3.72%,30,31.51,31,44,52,0.85,11.86%,15.09%,-0.16865,2026-08-28
$SPX,7711.76,2026-09-25,27,Put,"7,330.00",-4.95%,20.1,20.47,20.6,51,61,0.84,11.86%,16.72%,-0.116595,2026-08-28
$SPX,7711.76,2026-09-28,30,Put,"7,175.00",-6.96%,14,14.63,14.8,49,58,0.84,11.86%,18.62%,-0.07632,2026-08-28
$SPX,7711.76,2026-11-20,83,Call,"7,510.00",+2.62%,374.4,372.54,376.7,64,76,0.84,11.86%,15.13%,0.698703,2026-08-28
$SPX,7711.76,2026-10-16,48,Call,"7,710.00",+0.02%,157.8,157.1,159.7,169,202,0.84,11.86%,12.42%,0.554055,2026-08-28
$SPX,7711.76,2026-11-30,93,Call,"7,570.00",+1.84%,345.2,384.21,346.7,16,19,0.84,11.86%,14.48%,0.664468,2026-08-28
$SPX,7711.76,2026-09-16,18,Call,"7,720.00",-0.11%,73.1,74.37,74.1,54,64,0.84,11.86%,10.36%,0.517106,2026-08-28
$SPX,7711.76,2026-09-09,11,Call,"7,860.00",-1.92%,4.6,5.33,5,102,121,0.84,11.86%,7.91%,0.096848,2026-08-28
$SPX,7711.76,2026-09-14,16,Call,"7,660.00",+0.67%,102.2,102.73,103.1,16,19,0.84,11.86%,10.26%,0.654853,2026-08-28
$SPX,7711.76,2026-10-16,48,Call,"7,955.00",-3.15%,47.6,49.3,48.6,16,19,0.84,11.86%,11.02%,0.262668,2026-08-28
$SPX,7711.76,2026-09-03,5,Call,"7,725.00",-0.17%,28.5,26.76,28.9,153,183,0.84,11.86%,9.21%,0.457153,2026-08-28
$SPX,7711.76,2026-09-02,4,Call,"7,625.00",+1.13%,86.2,98.45,102.8,26,31,0.84,11.86%,9.64%,0.878082,2026-08-28
$SPX,7711.76,2026-09-04,6,Call,"7,675.00",+0.48%,66.3,64.6,66.8,332,396,0.84,11.86%,10.86%,0.652797,2026-08-28
$SPX,7711.76,2026-09-08,10,Put,"7,730.00",+0.24%,51.5,52.93,52.2,132,157,0.84,11.86%,8.96%,-0.54324,2026-08-28
$SPX,7711.76,2026-09-02,4,Put,"7,275.00",-5.66%,0.3,0.3,0.45,53,63,0.84,11.86%,22.58%,-0.006313,2026-08-28
$SPX,7711.76,2026-09-04,6,Put,"7,385.00",-4.24%,1.35,1.55,1.5,128,153,0.84,11.86%,17.14%,-0.0224,2026-08-28
$SPX,7711.76,2026-09-04,6,Put,"6,940.00",-10.01%,0.35,0.45,0.5,96,114,0.84,11.86%,31.70%,-0.004294,2026-08-28
$SPX,7711.76,2026-09-09,11,Put,"7,390.00",-4.17%,3.4,3.9,3.8,75,90,0.83,11.86%,14.83%,-0.043881,2026-08-28
$SPX,7711.76,2026-09-08,10,Put,"7,595.00",-1.51%,13.6,14.83,14.3,70,84,0.83,11.86%,10.89%,-0.183066,2026-08-28
$SPX,7711.76,2026-09-08,10,Put,"7,240.00",-6.12%,1.2,1.5,1.45,120,144,0.83,11.86%,18.14%,-0.015865,2026-08-28
$SPX,7711.76,2026-09-02,4,Put,"7,695.00",-0.22%,20.8,22.1,21.3,146,176,0.83,11.86%,9.26%,-0.396532,2026-08-28
$SPX,7711.76,2026-09-02,4,Put,"7,465.00",-3.20%,0.7,0.75,0.9,385,462,0.83,11.86%,15.05%,-0.018059,2026-08-28
$SPX,7711.76,2028-12-15,839,Put,"7,850.00",+1.79%,610.1,624.9,635.3,92,111,0.83,11.86%,17.63%,-0.427005,2026-08-28
$SPX,7711.76,2027-01-15,139,Put,"7,775.00",+0.82%,248.4,253.73,250.1,10,12,0.83,11.86%,13.82%,-0.483477,2026-08-28
$SPX,7711.76,2026-09-25,27,Put,"7,340.00",-4.82%,20.8,21.12,21.3,38,46,0.83,11.86%,16.59%,-0.120707,2026-08-28
$SPX,7711.76,2026-09-18,20,Call,"7,950.00",-3.09%,8.5,8.4,8.9,2618,3160,0.83,11.86%,9.63%,0.105528,2026-08-28
$SPX,7711.76,2026-09-30,32,Call,"7,670.00",+0.54%,143.9,142.85,145,115,139,0.83,11.86%,11.89%,0.604194,2026-08-28
$SPX,7711.76,2026-09-30,32,Call,"8,090.00",-4.90%,5.7,6,6.1,69,83,0.83,11.86%,9.71%,0.062074,2026-08-28
$SPX,7711.76,2026-09-14,16,Call,"7,760.00",-0.63%,42.9,44.89,43.7,133,161,0.83,11.86%,9.22%,0.408679,2026-08-28
$SPX,7711.76,2026-09-08,10,Call,"7,830.00",-1.53%,6.6,7.79,7,221,267,0.83,11.86%,7.78%,0.136045,2026-08-28
$SPX,7711.76,2026-09-04,6,Call,"8,030.00",-4.13%,0.1,0.1,0.2,100,120,0.83,11.86%,11.74%,0.004169,2026-08-28
$SPX,7711.76,2027-02-19,174,Call,"8,175.00",-6.01%,154.8,156.3,156.9,212,254,0.83,11.86%,13.20%,0.347139,2026-08-28
$SPX,7711.76,2026-10-16,48,Call,"7,750.00",-0.50%,133.8,136.9,135.8,4236,5182,0.82,11.86%,12.11%,0.508143,2026-08-28
$SPX,7711.76,2026-10-30,62,Call,"7,440.00",+3.52%,389.8,392.52,396.1,37,45,0.82,11.86%,15.58%,0.754609,2026-08-28
$SPX,7711.76,2026-10-30,62,Call,"8,225.00",-6.66%,16.4,16.89,17.3,31,38,0.82,11.86%,10.97%,0.103277,2026-08-28
$SPX,7711.76,2026-09-30,32,Call,"7,915.00",-2.64%,29.5,42.9,30.1,102,124,0.82,11.86%,10.07%,0.227048,2026-08-28
$SPX,7711.76,2026-09-11,13,Call,"7,820.00",-1.40%,17.3,17,17.7,145,176,0.82,11.86%,9.01%,0.231099,2026-08-28
$SPX,7711.76,2026-09-04,6,Call,"7,750.00",-0.50%,23.8,23,24.2,2966,3611,0.82,11.86%,9.74%,0.36611,2026-08-28
$SPX,7711.76,2026-09-03,5,Put,"7,705.00",-0.09%,30,33.5,30.5,70,85,0.82,11.86%,9.74%,-0.453737,2026-08-28
$SPX,7711.76,2026-09-04,6,Put,"7,780.00",+0.88%,74.1,80.76,80,151,184,0.82,11.86%,8.99%,-0.77384,2026-08-28
$SPX,7711.76,2026-09-04,6,Put,"7,785.00",+0.95%,77.7,83.15,83.7,80,97,0.82,11.86%,8.89%,-0.793824,2026-08-28
$SPX,7711.76,2026-08-31,2,Put,"7,470.00",-3.13%,0.2,0.24,0.3,443,540,0.82,11.86%,17.82%,-0.007443,2026-08-28
$SPX,7711.76,2026-09-15,17,Put,"5,400.00",-29.98%,0.25,0.35,0.45,201,246,0.82,11.86%,56.12%,-0.001284,2026-08-28
$SPX,7711.76,2026-09-10,12,Put,"7,735.00",+0.30%,61,63.7,61.9,56,69,0.81,11.86%,9.54%,-0.548146,2026-08-28
$SPX,7711.76,2026-09-18,20,Put,"6,875.00",-10.85%,4,4.33,4.3,502,623,0.81,11.86%,25.50%,-0.023557,2026-08-28
$SPX,7711.76,2026-09-01,3,Put,"7,515.00",-2.55%,0.6,0.65,0.75,111,137,0.81,11.86%,13.92%,-0.018932,2026-08-28
$SPX,7711.76,2026-09-01,3,Put,"7,490.00",-2.88%,0.45,0.5,0.65,249,306,0.81,11.86%,14.97%,-0.014767,2026-08-28
$SPX,7711.76,2026-09-17,19,Put,"7,360.00",-4.56%,12.8,10.48,13.5,21,26,0.81,11.86%,16.46%,-0.095468,2026-08-28
$SPX,7711.76,2026-09-25,27,Call,"7,750.00",-0.50%,84.4,84.25,85.2,171,212,0.81,11.86%,11.13%,0.476262,2026-08-28
$SPX,7711.76,2026-09-29,31,Call,"7,950.00",-3.09%,19.8,20.53,20.8,22,27,0.81,11.86%,9.81%,0.173615,2026-08-28
$SPX,7711.76,2026-09-24,26,Call,"7,850.00",-1.79%,37.4,38.5,38.4,104,128,0.81,11.86%,10.16%,0.292364,2026-08-28
$SPX,7711.76,2026-09-09,11,Put,"7,730.00",+0.24%,54.8,55.64,55.7,58,72,0.81,11.86%,9.25%,-0.537798,2026-08-28
$SPX,7711.76,2026-09-24,26,Put,"7,325.00",-5.02%,18.4,20.22,19.2,38,47,0.81,11.86%,16.79%,-0.110644,2026-08-28
$SPX,7711.76,2026-09-08,10,Put,"7,570.00",-1.84%,10.8,12.2,11.3,194,240,0.81,11.86%,11.31%,-0.147403,2026-08-28
$SPX,7711.76,2026-09-02,4,Put,"7,830.00",+1.53%,110,119.62,126.1,13,16,0.81,11.86%,10.28%,-0.930887,2026-08-28
$SPX,7711.76,2026-09-04,6,Put,"6,250.00",-18.95%,0.1,0.2,0.2,347,429,0.81,11.86%,53.76%,-0.000999,2026-08-28
$SPX,7711.76,2026-09-02,4,Put,"7,200.00",-6.64%,0.25,0.3,0.4,534,669,0.8,11.86%,25.68%,-0.004922,2026-08-28
$SPX,7711.76,2026-09-04,6,Put,"6,450.00",-16.36%,0.15,0.2,0.25,637,800,0.8,11.86%,47.47%,-0.001469,2026-08-28
$SPX,7711.76,2026-10-09,41,Put,"7,350.00",-4.69%,37.5,37.9,38.5,65,81,0.8,11.86%,16.35%,-0.165774,2026-08-28
$SPX,7711.76,2026-11-30,93,Put,"7,730.00",+0.24%,188,187.52,189.5,24,30,0.8,11.86%,13.52%,-0.464892,2026-08-28
$SPX,7711.76,2026-09-30,32,Put,"7,805.00",+1.21%,140.5,120.66,141.6,16,20,0.8,11.86%,10.91%,-0.622729,2026-08-28
$SPX,7711.76,2026-09-30,32,Put,"7,495.00",-2.81%,43,44.22,44,60,75,0.8,11.86%,14.41%,-0.225247,2026-08-28
$SPX,7711.76,2026-09-11,13,Put,"7,570.00",-1.84%,19.4,20.34,19.9,152,190,0.8,11.86%,12.34%,-0.195698,2026-08-28
$SPX,7711.76,2026-09-11,13,Put,"7,535.00",-2.29%,15.2,16.8,15.6,66,83,0.8,11.86%,12.89%,-0.155657,2026-08-28
$SPX,7711.76,2026-09-01,3,Call,"7,680.00",+0.41%,36.2,45.8,55.3,78,97,0.8,11.86%,9.03%,0.70694,2026-08-28
$SPX,7711.76,2026-11-30,93,Call,"7,620.00",+1.19%,309.3,308.49,310.8,16,20,0.8,11.86%,14.13%,0.63351,2026-08-28
$SPX,7711.76,2026-11-20,83,Call,"8,150.00",-5.68%,49.2,50.9,50.2,98,123,0.8,11.86%,11.73%,0.209196,2026-08-28
$SPX,7711.76,2026-09-14,16,Call,"8,100.00",-5.03%,0.35,0.42,0.65,427,531,0.8,11.86%,9.65%,0.009568,2026-08-28
$SPX,7711.76,2026-09-08,10,Call,"7,825.00",-1.47%,7.4,7.25,7.8,182,228,0.8,11.86%,7.81%,0.148311,2026-08-28
$SPX,7711.76,2026-09-04,6,Call,"7,880.00",-2.18%,0.9,1.06,1.1,1766,2217,0.8,11.86%,8.69%,0.030144,2026-08-28
$SPX,7711.76,2026-10-30,62,Call,"7,470.00",+3.13%,365.3,363.31,371.5,22,28,0.79,11.86%,15.29%,0.73792,2026-08-28
$SPX,7711.76,2026-09-01,3,Call,"7,840.00",-1.66%,0.1,0.1,0.25,801,1019,0.79,11.86%,7.63%,0.009722,2026-08-28
$SPX,7711.76,2026-09-28,30,Call,"7,680.00",+0.41%,130.6,139.63,131.9,26,33,0.79,11.86%,11.53%,0.592394,2026-08-28
$SPX,7711.76,2026-09-28,30,Call,"7,825.00",-1.47%,53,53.06,54.3,84,107,0.79,11.86%,10.31%,0.353776,2026-08-28
$SPX,7711.76,2026-10-12,44,Call,"8,200.00",-6.33%,5.7,6.3,6.5,33,42,0.79,11.86%,10.09%,0.05403,2026-08-28
$SPX,7711.76,2026-09-11,13,Call,"7,845.00",-1.73%,11.6,11.8,12.3,69,87,0.79,11.86%,8.86%,0.173795,2026-08-28
$SPX,7711.76,2026-10-16,48,Call,"7,750.00",-0.50%,135.5,134.61,136.6,237,301,0.79,11.86%,12.22%,0.50823,2026-08-28
$SPX,7711.76,2026-10-16,48,Call,"7,965.00",-3.28%,44.8,44.1,45.7,31,39,0.79,11.86%,10.97%,0.251568,2026-08-28
$SPX,7711.76,2026-09-04,6,Call,"8,060.00",-4.52%,0.1,0.1,0.2,23,29,0.79,11.86%,12.72%,0.003875,2026-08-28
$SPX,7711.76,2027-01-29,153,Put,"7,440.00",-3.52%,166.4,168.8,168.2,15,19,0.79,11.86%,16.47%,-0.307566,2026-08-28
$SPX,7711.76,2026-10-16,48,Put,"7,310.00",-5.21%,41.8,43.2,42.7,26,33,0.79,11.86%,16.88%,-0.164886,2026-08-28
$SPX,7711.76,2026-09-02,4,Put,"7,510.00",-2.62%,1.2,1.3,1.35,190,239,0.79,11.86%,13.67%,-0.02971,2026-08-28
$SPX,7711.76,2026-09-04,6,Put,"7,640.00",-0.93%,16.1,17.61,16.5,774,983,0.79,11.86%,11.28%,-0.24527,2026-08-28
$SPX,7711.76,2026-09-04,6,Put,"7,420.00",-3.78%,1.7,2,1.9,324,410,0.79,11.86%,16.18%,-0.028973,2026-08-28
$SPX,7711.76,2026-11-20,83,Put,"5,900.00",-23.49%,12.9,13.2,13.5,1661,2093,0.79,11.86%,31.52%,-0.028138,2026-08-28
$SPX,7711.76,2026-09-01,3,Put,"7,240.00",-6.12%,0.2,0.25,0.3,15,19,0.79,11.86%,26.70%,-0.004263,2026-08-28
$SPX,7711.76,2026-10-02,34,Put,"7,750.00",+0.50%,116.9,118.25,118.3,110,140,0.79,11.86%,11.61%,-0.525071,2026-08-28
$SPX,7711.76,2026-09-11,13,Put,"7,635.00",-1.00%,31,33.4,31.7,116,146,0.79,11.86%,11.33%,-0.29836,2026-08-28
$SPX,7711.76,2026-09-25,27,Put,"7,125.00",-7.61%,11.2,11.5,11.6,73,94,0.78,11.86%,19.85%,-0.061973,2026-08-28
$SPX,7711.76,2026-10-30,62,Put,"7,660.00",-0.67%,127.4,127.45,128.6,14,18,0.78,11.86%,13.50%,-0.409659,2026-08-28
$SPX,7711.76,2026-09-01,3,Put,"7,785.00",+0.95%,66.7,79.61,83.1,29,37,0.78,11.86%,8.31%,-0.902666,2026-08-28
$SPX,7711.76,2027-07-16,321,Put,"3,600.00",-53.32%,16.6,17.02,17.3,28,36,0.78,11.86%,42.26%,-0.013816,2026-08-28
$SPX,7711.76,2026-09-11,13,Put,"7,605.00",-1.38%,24.9,26.11,25.5,46,59,0.78,11.86%,11.79%,-0.245855,2026-08-28
$SPX,7711.76,2026-09-09,11,Call,"7,920.00",-2.70%,1.05,1.35,1.4,296,379,0.78,11.86%,7.82%,0.030311,2026-08-28
$SPX,7711.76,2026-12-31,124,Call,"7,775.00",-0.82%,266.8,302.33,268.6,56,72,0.78,11.86%,13.89%,0.540292,2026-08-28
$SPX,7711.76,2026-09-03,5,Call,"7,870.00",-2.05%,0.35,0.45,0.55,502,646,0.78,11.86%,8.00%,0.017326,2026-08-28
$SPX,7711.76,2026-09-02,4,Call,"7,840.00",-1.66%,0.4,0.4,0.5,390,501,0.78,11.86%,7.49%,0.020271,2026-08-28
$SPX,7711.76,2026-09-29,31,Put,"6,850.00",-11.17%,7.5,7.7,8.1,70,90,0.78,11.86%,23.62%,-0.036064,2026-08-28
$SPX,7711.76,2026-09-09,11,Put,"7,480.00",-3.01%,6.2,7.87,6.8,76,97,0.78,11.86%,13.09%,-0.080992,2026-08-28
$SPX,7711.76,2026-09-03,5,Put,"7,490.00",-2.88%,1.8,2.1,2,120,154,0.78,11.86%,14.23%,-0.036873,2026-08-28
$SPX,7711.76,2027-01-29,153,Put,"5,200.00",-32.57%,18.4,18.75,19.1,24,31,0.77,11.86%,34.61%,-0.026352,2026-08-28
$SPX,7711.76,2026-09-09,11,Put,"7,660.00",-0.67%,29.4,31.01,30.1,51,66,0.77,11.86%,10.20%,-0.330046,2026-08-28
$SPX,7711.76,2026-09-14,16,Put,"7,585.00",-1.64%,25.1,29.93,25.9,10,13,0.77,11.86%,11.76%,-0.229439,2026-08-28
$SPX,7711.76,2026-09-02,4,Put,"7,750.00",+0.50%,47.5,50.7,49.3,457,591,0.77,11.86%,8.29%,-0.707877,2026-08-28
$SPX,7711.76,2026-09-25,27,Put,"7,720.00",+0.11%,91.9,92.26,92.8,267,345,0.77,11.86%,11.58%,-0.484253,2026-08-28
$SPX,7711.76,2026-10-30,62,Put,"6,270.00",-18.70%,12,11.6,12.5,24,31,0.77,11.86%,28.93%,-0.032587,2026-08-28
$SPX,7711.76,2026-09-30,32,Put,"7,170.00",-7.03%,16.2,17.93,16.9,30,39,0.77,11.86%,18.83%,-0.082649,2026-08-28
$SPX,7711.76,2026-09-18,20,Put,"8,300.00",+7.63%,563.4,576.9,587.4,10,13,0.77,11.86%,0.00%,0,2026-08-28
$SPX,7711.76,2026-09-11,13,Put,"7,440.00",-3.52%,8.2,8.92,8.6,108,141,0.77,11.86%,14.51%,-0.085761,2026-08-28
$SPX,7711.76,2026-09-09,11,Call,"7,730.00",-0.24%,42.9,42.52,43.8,17,22,0.77,11.86%,9.00%,0.470742,2026-08-28
$SPX,7711.76,2027-01-15,139,Call,"8,250.00",-6.98%,87.5,88.58,89.4,1106,1458,0.76,11.86%,12.43%,0.25779,2026-08-28
$SPX,7711.76,2026-12-18,111,Call,600.00,+92.22%,7084.3,7095.25,7108.3,511,669,0.76,11.86%,0.00%,0,2026-08-28
$SPX,7711.76,2026-09-18,20,Call,"8,060.00",-4.52%,1.85,3.13,2.35,854,1120,0.76,11.86%,9.62%,0.031279,2026-08-28
$SPX,7711.76,2026-09-09,11,Call,"7,745.00",-0.43%,35.5,39.35,36.3,16,21,0.76,11.86%,8.83%,0.420161,2026-08-28
$SPX,7711.76,2026-09-08,10,Call,"7,620.00",+1.19%,111.9,114.36,118,31,41,0.76,11.86%,9.98%,0.786221,2026-08-28
$SPX,7711.76,2026-09-29,31,Put,"7,250.00",-5.99%,18.5,18.95,19.4,19,25,0.76,11.86%,17.60%,-0.099371,2026-08-28
$SPX,7711.76,2026-09-09,11,Put,"7,790.00",+1.01%,87.6,77.92,93.4,13,17,0.76,11.86%,8.52%,-0.745946,2026-08-28
$SPX,7711.76,2026-09-24,26,Put,"7,720.00",+0.11%,89.9,91.6,91.2,16,21,0.76,11.86%,11.54%,-0.485076,2026-08-28
$SPX,7711.76,2026-09-14,16,Put,"7,720.00",+0.11%,62.7,64.95,63.5,54,71,0.76,11.86%,9.95%,-0.495333,2026-08-28
$SPX,7711.76,2026-09-03,5,Put,"7,595.00",-1.51%,6.5,7.01,6.8,151,199,0.76,11.86%,11.76%,-0.125461,2026-08-28
$SPX,7711.76,2026-09-21,23,Put,"7,710.00",-0.02%,78.1,79.83,79.2,53,70,0.76,11.86%,11.24%,-0.468453,2026-08-28
$SPX,7711.76,2026-09-01,3,Put,"7,585.00",-1.64%,1.8,2.15,2,107,140,0.76,11.86%,11.65%,-0.054778,2026-08-28
$SPX,7711.76,2026-09-01,3,Put,"7,465.00",-3.20%,0.4,0.45,0.55,72,95,0.76,11.86%,16.11%,-0.012123,2026-08-28
$SPX,7711.76,2026-11-30,93,Put,"7,710.00",-0.02%,180.7,183.23,182.2,13,17,0.76,11.86%,13.68%,-0.448865,2026-08-28
$SPX,7711.76,2026-09-11,13,Put,"7,690.00",-0.28%,46.7,47.82,47.5,397,525,0.76,11.86%,10.54%,-0.420195,2026-08-28
$SPX,7711.76,2026-09-11,13,Put,"7,450.00",-3.39%,8.6,9.35,8.9,879,1155,0.76,11.86%,14.26%,-0.090039,2026-08-28
$SPX,7711.76,2026-09-11,13,Put,"7,280.00",-5.60%,3.6,3.81,3.9,140,185,0.76,11.86%,17.54%,-0.036462,2026-08-28
$SPX,7711.76,2026-10-30,62,Put,"6,200.00",-19.60%,11,11.2,11.5,110,146,0.75,11.86%,29.75%,-0.029487,2026-08-28
$SPX,7711.76,2026-09-01,3,Put,"7,740.00",+0.37%,37.7,39.94,38.1,474,631,0.75,11.86%,7.96%,-0.685362,2026-08-28
$SPX,7711.76,2026-09-16,18,Put,"7,480.00",-3.01%,18.8,19.73,19.5,18,24,0.75,11.86%,14.19%,-0.150326,2026-08-28
$SPX,7711.76,2026-10-12,44,Put,"7,400.00",-4.04%,45,45.96,46.2,57,76,0.75,11.86%,15.54%,-0.194002,2026-08-28
$SPX,7711.76,2026-11-20,83,Call,"7,885.00",-2.25%,136.9,139.63,138.8,12,16,0.75,11.86%,12.63%,0.421214,2026-08-28
$SPX,7711.76,2026-09-21,23,Call,"7,770.00",-0.76%,60.7,59.88,61.8,38,51,0.75,11.86%,10.32%,0.424924,2026-08-28
$SPX,7711.76,2026-09-16,18,Call,"7,830.00",-1.53%,25.7,26.31,26.5,15,20,0.75,11.86%,9.51%,0.265973,2026-08-28
$SPX,7711.76,2026-09-03,5,Call,"7,795.00",-1.08%,5.6,5.9,5.9,59,79,0.75,11.86%,8.35%,0.148374,2026-08-28
$SPX,7711.76,2026-09-04,6,Call,"7,635.00",+1.00%,93.8,94.61,100,117,155,0.75,11.86%,11.48%,0.766592,2026-08-28
$SPX,7711.76,2026-10-09,41,Call,"8,300.00",-7.63%,2.5,4.81,2.9,18,24,0.75,11.86%,10.57%,0.026271,2026-08-28
$SPX,7711.76,2026-10-16,48,Put,"7,750.00",+0.50%,138.8,140.77,140,153,205,0.75,11.86%,12.14%,-0.509752,2026-08-28
$SPX,7711.76,2026-09-08,10,Put,"7,645.00",-0.87%,22.4,27.31,23.1,36,48,0.75,11.86%,10.14%,-0.282106,2026-08-28
$SPX,7711.76,2026-09-02,4,Put,"7,580.00",-1.71%,3.1,3.45,3.4,228,303,0.75,11.86%,11.78%,-0.075831,2026-08-28
$SPX,7711.76,2026-09-04,6,Put,"7,410.00",-3.91%,1.6,1.79,1.75,160,212,0.75,11.86%,16.45%,-0.026808,2026-08-28
$SPX,7711.76,2026-09-04,6,Put,"6,425.00",-16.69%,0.15,0.2,0.25,144,192,0.75,11.86%,48.42%,-0.001442,2026-08-28
$SPX,7711.76,2026-10-09,41,Put,"7,250.00",-5.99%,29.2,29.9,30.1,50,67,0.75,11.86%,17.62%,-0.127603,2026-08-28
$SPX,7711.76,2026-09-29,31,Put,"7,350.00",-4.69%,24.9,25.34,25.9,14,19,0.74,11.86%,16.20%,-0.135536,2026-08-28
$SPX,7711.76,2026-09-09,11,Put,"7,325.00",-5.02%,2.4,2.6,2.7,54,73,0.74,11.86%,16.20%,-0.030058,2026-08-28
$SPX,7711.76,2026-09-02,4,Put,"7,700.00",-0.15%,22.6,24,23.1,549,741,0.74,11.86%,9.17%,-0.422083,2026-08-28
$SPX,7711.76,2026-09-23,25,Put,"6,700.00",-13.12%,4.1,3.72,4.5,20,27,0.74,11.86%,27.25%,-0.020688,2026-08-28
$SPX,7711.76,2026-08-31,2,Put,"7,805.00",+1.21%,89.5,93.7,93.8,50,68,0.74,11.86%,9.89%,-0.960074,2026-08-28
$SPX,7711.76,2026-10-16,48,Put,"5,850.00",-24.14%,4.4,4.6,4.8,3358,4527,0.74,11.86%,35.68%,-0.0127,2026-08-28
$SPX,7711.76,2026-09-25,27,Put,"7,825.00",+1.47%,144.6,146.21,145.9,82,111,0.74,11.86%,10.45%,-0.679635,2026-08-28
$SPX,7711.76,2026-11-30,93,Put,"7,740.00",+0.37%,191.7,187.6,193.2,25,34,0.74,11.86%,13.44%,-0.473344,2026-08-28
$SPX,7711.76,2026-09-30,32,Put,"7,585.00",-1.64%,59.6,60.13,60.4,37,50,0.74,11.86%,13.29%,-0.305824,2026-08-28
$SPX,7711.76,2026-11-20,83,Put,"7,680.00",-0.41%,162.7,167.13,164,43,58,0.74,11.86%,13.92%,-0.428385,2026-08-28
$SPX,7711.76,2026-09-11,13,Put,"7,590.00",-1.58%,22.3,23.41,22.9,166,223,0.74,11.86%,12.01%,-0.222783,2026-08-28
$SPX,7711.76,2026-09-18,20,Call,"7,900.00",-2.44%,15.6,15.4,16.2,2516,3398,0.74,11.86%,9.79%,0.170046,2026-08-28
$SPX,7711.76,2026-09-01,3,Call,"7,720.00",-0.11%,20.1,18.5,20.4,470,636,0.74,11.86%,8.28%,0.460647,2026-08-28
$SPX,7711.76,2026-09-18,20,Call,"8,290.00",-7.50%,0.3,0.82,0.65,151,203,0.74,11.86%,12.09%,0.006741,2026-08-28
$SPX,7711.76,2026-09-09,11,Call,"7,875.00",-2.12%,3.2,3.43,3.7,107,144,0.74,11.86%,7.86%,0.073786,2026-08-28
$SPX,7711.76,2026-09-24,26,Call,"7,580.00",+1.71%,192.5,238.83,198.4,14,19,0.74,11.86%,12.61%,0.727705,2026-08-28
$SPX,7711.76,2026-09-14,16,Call,"7,780.00",-0.88%,34.4,34.97,35.1,115,156,0.74,11.86%,9.05%,0.355078,2026-08-28
$SPX,7711.76,2026-10-09,41,Call,"7,900.00",-2.44%,52,52.53,53.1,14,19,0.74,11.86%,10.92%,0.299217,2026-08-28
$SPX,7711.76,2026-11-20,83,Call,"7,730.00",-0.24%,221,222.3,222.7,93,127,0.73,11.86%,13.51%,0.550327,2026-08-28
$SPX,7711.76,2026-11-20,83,Call,"7,520.00",+2.49%,366.7,380.38,369.1,88,120,0.73,11.86%,15.05%,0.693029,2026-08-28
$SPX,7711.76,2026-09-10,12,Call,"7,690.00",+0.28%,70.3,72.21,71.2,19,26,0.73,11.86%,9.68%,0.593997,2026-08-28
$SPX,7711.76,2026-09-10,12,Call,"7,680.00",+0.41%,77,78.86,77.8,11,15,0.73,11.86%,9.80%,0.621101,2026-08-28
$SPX,7711.76,2026-09-18,20,Call,"7,860.00",-1.92%,24.5,25.6,25.2,441,601,0.73,11.86%,10.01%,0.237022,2026-08-28
$SPX,7711.76,2026-09-30,32,Call,"8,180.00",-6.07%,2.55,5.6,2.85,48,66,0.73,11.86%,9.98%,0.030775,2026-08-28
$SPX,7711.76,2026-09-04,6,Call,"7,980.00",-3.48%,0.15,0.15,0.25,256,353,0.73,11.86%,10.41%,0.006051,2026-08-28
$SPX,7711.76,2026-11-20,83,Put,"7,730.00",+0.24%,179.1,185.52,181,69,95,0.73,11.86%,13.45%,-0.469182,2026-08-28
$SPX,7711.76,2026-09-09,11,Put,"7,435.00",-3.59%,4.4,5.2,5,29,40,0.73,11.86%,13.90%,-0.058411,2026-08-28
$SPX,7711.76,2026-09-03,5,Put,"7,430.00",-3.65%,1.05,1.15,1.2,90,123,0.73,11.86%,15.91%,-0.021054,2026-08-28
$SPX,7711.76,2026-09-02,4,Put,"7,570.00",-1.84%,2.7,3.1,2.85,244,333,0.73,11.86%,12.00%,-0.065256,2026-08-28
$SPX,7711.76,2026-10-09,41,Put,"7,720.00",+0.11%,115.3,117.02,116.6,16,22,0.73,11.86%,12.13%,-0.475393,2026-08-28
$SPX,7711.76,2027-06-30,305,Put,"7,400.00",-4.04%,278.6,280.68,281,77,105,0.73,11.86%,18.22%,-0.318924,2026-08-28
$SPX,7711.76,2026-09-18,20,Put,"7,175.00",-6.96%,7.7,8.51,8.2,793,1089,0.73,11.86%,19.74%,-0.052147,2026-08-28
$SPX,7711.76,2026-10-02,34,Put,"7,575.00",-1.77%,61.5,61.97,62.6,68,93,0.73,11.86%,13.58%,-0.301528,2026-08-28
$SPX,7711.76,2026-10-02,34,Put,"7,475.00",-3.07%,43.8,45.2,44.8,47,64,0.73,11.86%,14.81%,-0.218312,2026-08-28
$SPX,7711.76,2026-10-02,34,Put,"7,375.00",-4.37%,32,31.8,32.9,112,153,0.73,11.86%,16.10%,-0.159772,2026-08-28
$SPX,7711.76,2026-09-17,19,Put,"7,640.00",-0.93%,49,52.6,50,19,26,0.73,11.86%,12.20%,-0.342984,2026-08-28
$SPX,7711.76,2026-09-25,27,Put,"7,375.00",-4.37%,23.4,23.72,23.8,393,549,0.72,11.86%,16.07%,-0.136028,2026-08-28
$SPX,7711.76,2026-09-10,12,Put,"7,640.00",-0.93%,28.1,30.25,28.8,49,68,0.72,11.86%,10.84%,-0.295814,2026-08-28
$SPX,7711.76,2026-09-18,20,Put,"6,825.00",-11.50%,3.6,3.88,4,501,694,0.72,11.86%,26.47%,-0.021064,2026-08-28
$SPX,7711.76,2026-09-30,32,Put,"7,630.00",-1.06%,70.7,72.78,71.7,36,50,0.72,11.86%,12.77%,-0.356581,2026-08-28
$SPX,7711.76,2026-09-30,32,Put,"7,570.00",-1.84%,56.4,60.7,57.3,92,128,0.72,11.86%,13.48%,-0.290786,2026-08-28
$SPX,7711.76,2026-11-20,83,Call,"7,810.00",-1.27%,174.7,174.1,176.6,34,47,0.72,11.86%,13.03%,0.485283,2026-08-28
$SPX,7711.76,2026-10-16,48,Call,"7,980.00",-3.48%,39.6,40.6,41.2,177,246,0.72,11.86%,10.81%,0.233256,2026-08-28
$SPX,7711.76,2026-09-25,27,Call,"7,550.00",+2.10%,221,223.01,226.9,21,29,0.72,11.86%,13.28%,0.75161,2026-08-28
$SPX,7711.76,2026-09-25,27,Call,"7,980.00",-3.48%,11.8,12.47,12.2,81,112,0.72,11.86%,9.76%,0.120341,2026-08-28
$SPX,7711.76,2026-09-28,30,Call,"7,750.00",-0.50%,88.3,88.47,89.7,141,197,0.72,11.86%,10.89%,0.481991,2026-08-28
$SPX,7711.76,2026-09-28,30,Call,"8,025.00",-4.06%,8.4,9.13,9.2,97,134,0.72,11.86%,9.51%,0.091022,2026-08-28
$SPX,7711.76,2027-08-20,356,Call,"8,200.00",-6.33%,394.2,395,396.7,190,263,0.72,11.86%,15.57%,0.472389,2026-08-28
$SPX,7711.76,2026-09-11,13,Call,"7,850.00",-1.79%,10.8,10.5,11.2,672,934,0.72,11.86%,8.82%,0.163202,2026-08-28
$SPX,7711.76,2026-11-20,83,Put,"7,620.00",-1.19%,142.7,143.43,144.6,64,89,0.72,11.86%,14.35%,-0.383107,2026-08-28
$SPX,7711.76,2026-09-03,5,Put,"7,760.00",+0.63%,52.4,62.56,69.5,99,138,0.72,11.86%,9.30%,-0.708393,2026-08-28
$SPX,7711.76,2026-09-02,4,Put,"7,595.00",-1.51%,3.9,4.52,4.2,184,257,0.72,11.86%,11.38%,-0.093904,2026-08-28
$SPX,7711.76,2026-09-02,4,Put,"7,545.00",-2.16%,1.85,2.07,2.05,300,419,0.72,11.86%,12.66%,-0.04605,2026-08-28
$SPX,7711.76,2026-09-02,4,Put,"7,425.00",-3.72%,0.5,0.65,0.7,425,591,0.72,11.86%,16.46%,-0.012882,2026-08-28
$SPX,7711.76,2026-09-04,6,Put,"7,650.00",-0.80%,18.2,19.4,18.6,2565,3580,0.72,11.86%,11.12%,-0.271797,2026-08-28
$SPX,7711.76,2027-01-29,153,Put,"7,000.00",-9.23%,99,100.12,100.4,17,24,0.71,11.86%,19.82%,-0.177465,2026-08-28
$SPX,7711.76,2026-09-29,31,Put,"7,200.00",-6.64%,16.1,17.57,17,20,28,0.71,11.86%,18.31%,-0.085806,2026-08-28
$SPX,7711.76,2026-09-14,16,Put,"7,510.00",-2.62%,15.6,16.62,16.3,32,45,0.71,11.86%,12.89%,-0.147209,2026-08-28
$SPX,7711.76,2026-10-16,48,Put,"7,680.00",-0.41%,112.4,113.5,113.5,110,154,0.71,11.86%,12.81%,-0.426632,2026-08-28
$SPX,7711.76,2026-10-16,48,Put,"7,450.00",-3.39%,59,60.37,59.8,1442,2026,0.71,11.86%,15.25%,-0.233746,2026-08-28
$SPX,7711.76,2026-09-08,10,Put,"7,720.00",+0.11%,46.8,50.79,47.6,183,257,0.71,11.86%,9.09%,-0.507434,2026-08-28
$SPX,7711.76,2026-09-03,5,Put,"7,790.00",+1.01%,75.3,70,91.9,47,66,0.71,11.86%,9.09%,-0.829661,2026-08-28
$SPX,7711.76,2026-08-31,2,Put,"7,410.00",-3.91%,0.15,0.15,0.25,1002,1412,0.71,11.86%,21.19%,-0.005182,2026-08-28
$SPX,7711.76,2026-10-09,41,Put,"7,650.00",-0.80%,91.4,95.38,92.6,54,76,0.71,11.86%,12.85%,-0.389686,2026-08-28
$SPX,7711.76,2026-09-10,12,Put,"7,600.00",-1.45%,20.3,21.38,20.9,1501,2104,0.71,11.86%,11.44%,-0.222347,2026-08-28
$SPX,7711.76,2026-09-15,17,Put,"7,650.00",-0.80%,42.2,43.8,42.9,1719,2437,0.71,11.86%,11.11%,-0.343224,2026-08-28
$SPX,7711.76,2026-09-16,18,Put,"7,600.00",-1.45%,35.9,37.99,36.8,126,177,0.71,11.86%,12.42%,-0.275041,2026-08-28
$SPX,7711.76,2026-10-12,44,Put,"7,125.00",-7.61%,23.3,24.25,24.3,15,21,0.71,11.86%,18.94%,-0.097197,2026-08-28
$SPX,7711.76,2026-09-10,12,Call,"7,780.00",-0.88%,24.6,25.1,25.3,53,75,0.71,11.86%,8.73%,0.317971,2026-08-28
$SPX,7711.76,2026-10-30,62,Call,"7,490.00",+2.88%,349.3,350.17,355.3,48,68,0.71,11.86%,15.10%,0.726127,2026-08-28
$SPX,7711.76,2026-09-15,17,Call,"8,000.00",-3.74%,1.5,1.7,1.85,143,201,0.71,11.86%,8.60%,0.030335,2026-08-28
$SPX,7711.76,2026-10-16,48,Call,"8,225.00",-6.66%,7.3,7.5,7.7,65,92,0.71,11.86%,10.45%,0.060349,2026-08-28
$SPX,7711.76,2026-09-08,10,Call,"7,775.00",-0.82%,19.7,20,20.4,134,188,0.71,11.86%,8.24%,0.301847,2026-08-28
$SPX,7711.76,2026-09-02,4,Call,"7,885.00",-2.25%,0.05,0.1,0.15,286,404,0.71,11.86%,8.05%,0.004884,2026-08-28
$SPX,7711.76,2026-11-20,83,Call,"7,610.00",+1.32%,300.5,298.13,302.5,48,69,0.7,11.86%,14.35%,0.637434,2026-08-28
$SPX,7711.76,2026-10-30,62,Call,"7,580.00",+1.71%,282.2,283.95,283.4,73,104,0.7,11.86%,14.29%,0.666122,2026-08-28
$SPX,7711.76,2026-10-30,62,Call,"7,570.00",+1.84%,289.6,328.67,291,16,23,0.7,11.86%,14.38%,0.673335,2026-08-28
$SPX,7711.76,2026-09-14,16,Put,"7,075.00",-8.26%,2.6,3.38,2.95,109,156,0.7,11.86%,20.97%,-0.021757,2026-08-28
$SPX,7711.76,2026-09-08,10,Put,"7,455.00",-3.33%,3.8,4.3,4.3,54,77,0.7,11.86%,13.29%,-0.055702,2026-08-28
$SPX,7711.76,2026-09-03,5,Put,"7,755.00",+0.56%,56.2,57.1,56.7,37,53,0.7,11.86%,8.99%,-0.693524,2026-08-28
$SPX,7711.76,2026-09-03,5,Put,"7,665.00",-0.61%,17.3,18.8,17.7,94,135,0.7,11.86%,10.41%,-0.294549,2026-08-28
$SPX,7711.76,2026-09-03,5,Put,"7,775.00",+0.82%,63.4,72.97,80.2,32,46,0.7,11.86%,9.20%,-0.772575,2026-08-28
$SPX,7711.76,2026-09-02,4,Put,"7,420.00",-3.78%,0.5,0.62,0.65,301,430,0.7,11.86%,16.61%,-0.012294,2026-08-28
$SPX,7711.76,2026-09-23,25,Put,"7,730.00",+0.24%,91.3,89.68,92.6,71,102,0.7,11.86%,11.27%,-0.504364,2026-08-28
$SPX,7711.76,2026-09-04,6,Put,"7,390.00",-4.17%,1.4,1.65,1.55,307,439,0.7,11.86%,17.01%,-0.023254,2026-08-28
$SPX,7711.76,2026-08-31,2,Put,"7,255.00",-5.92%,0.1,0.1,0.2,60,86,0.7,11.86%,30.08%,-0.002881,2026-08-28
$SPX,7711.76,2026-09-25,27,Put,"6,725.00",-12.80%,5.1,5.3,5.4,95,136,0.7,11.86%,26.51%,-0.024443,2026-08-28
$SPX,7711.76,2026-09-10,12,Put,"7,560.00",-1.97%,14.7,16.07,15.4,81,115,0.7,11.86%,12.07%,-0.16654,2026-08-28
$SPX,7711.76,2026-09-01,3,Put,"7,405.00",-3.98%,0.3,0.25,0.45,139,198,0.7,11.86%,18.94%,-0.008455,2026-08-28
$SPX,7711.76,2026-11-30,93,Put,"7,660.00",-0.67%,164,164.49,165.5,14,20,0.7,11.86%,14.07%,-0.411728,2026-08-28
$SPX,7711.76,2026-12-18,111,Put,"7,190.00",-6.77%,91,92.4,92.6,54,77,0.7,11.86%,18.44%,-0.20144,2026-08-28
$SPX,7711.76,2026-09-17,19,Put,"7,590.00",-1.58%,37.5,39.54,38.4,14,20,0.7,11.86%,12.88%,-0.270753,2026-08-28
$SPX,7711.76,2026-09-11,13,Put,"7,560.00",-1.97%,18,19.15,18.5,228,324,0.7,11.86%,12.48%,-0.182945,2026-08-28
$SPX,7711.76,2026-09-25,27,Put,"7,650.00",-0.80%,67.9,69.3,68.6,575,838,0.69,11.86%,12.39%,-0.375701,2026-08-28
$SPX,7711.76,2026-09-25,27,Put,"7,530.00",-2.36%,41.3,41.44,42.2,27,39,0.69,11.86%,13.94%,-0.239346,2026-08-28
$SPX,7711.76,2026-09-18,20,Put,"7,720.00",+0.11%,78.6,80.8,79.5,147,213,0.69,11.86%,11.30%,-0.49016,2026-08-28
$SPX,7711.76,2026-10-30,62,Put,"7,640.00",-0.93%,121.1,123.32,122.5,24,35,0.69,11.86%,13.68%,-0.391868,2026-08-28
$SPX,7711.76,2026-10-30,62,Put,"7,585.00",-1.64%,106.1,106.72,107.3,20,29,0.69,11.86%,14.21%,-0.34672,2026-08-28
$SPX,7711.76,2026-09-15,17,Put,"7,525.00",-2.42%,19.6,20.71,20.1,35,51,0.69,11.86%,12.88%,-0.17126,2026-08-28
$SPX,7711.76,2026-09-15,17,Put,"7,425.00",-3.72%,11.3,12,12,27,39,0.69,11.86%,14.48%,-0.100778,2026-08-28
$SPX,7711.76,2026-09-28,30,Put,"7,325.00",-5.02%,21.6,22.8,22.5,48,70,0.69,11.86%,16.47%,-0.120729,2026-08-28
$SPX,7711.76,2027-05-21,265,Put,"3,300.00",-57.21%,10,10.47,10.6,100,145,0.69,11.86%,47.23%,-0.008719,2026-08-28
$SPX,7711.76,2026-10-02,34,Put,"7,720.00",+0.11%,104.6,106.49,105.8,36,52,0.69,11.86%,11.94%,-0.479627,2026-08-28
$SPX,7711.76,2026-10-16,48,Call,"7,695.00",+0.22%,167.3,182.45,169.3,56,81,0.69,11.86%,12.55%,0.570549,2026-08-28
$SPX,7711.76,2026-09-18,20,Call,"7,870.00",-2.05%,22,21.26,22.6,168,242,0.69,11.86%,9.95%,0.21911,2026-08-28
$SPX,7711.76,2026-10-30,62,Call,"8,260.00",-7.11%,13.2,13.5,14,11,16,0.69,11.86%,10.93%,0.086592,2026-08-28
$SPX,7711.76,2026-09-21,23,Call,"7,740.00",-0.37%,76,93,77.1,90,130,0.69,11.86%,10.58%,0.484739,2026-08-28
$SPX,7711.76,2026-09-30,32,Call,"7,720.00",-0.11%,112.1,111.23,113.3,84,121,0.69,11.86%,11.44%,0.532458,2026-08-28
$SPX,7711.76,2026-11-20,83,Put,"7,420.00",-3.78%,97.1,98.44,98.7,100,144,0.69,11.86%,16.11%,-0.264397,2026-08-28
$SPX,7711.76,2026-09-09,11,Put,"7,640.00",-0.93%,24.6,29.76,25.2,74,107,0.69,11.86%,10.50%,-0.283489,2026-08-28
$SPX,7711.76,2026-09-09,11,Put,"7,585.00",-1.64%,15,17.21,15.7,38,55,0.69,11.86%,11.35%,-0.184005,2026-08-28
$SPX,7711.76,2026-09-09,11,Put,"7,350.00",-4.69%,2.7,2.95,3.1,85,123,0.69,11.86%,15.67%,-0.034635,2026-08-28
$SPX,7711.76,2026-09-02,4,Put,"7,405.00",-3.98%,0.45,0.56,0.6,81,117,0.69,11.86%,17.15%,-0.011003,2026-08-28
$SPX,7711.76,2026-09-23,25,Put,"7,475.00",-3.07%,29.5,30.6,30.5,22,32,0.69,11.86%,14.52%,-0.184814,2026-08-28
$SPX,7711.76,2026-08-31,2,Put,"7,810.00",+1.27%,94.7,98.65,99,58,84,0.69,11.86%,10.20%,-0.963373,2026-08-28
$SPX,7711.76,2026-08-31,2,Put,"7,395.00",-4.11%,0.15,0.15,0.25,177,257,0.69,11.86%,22.15%,-0.004977,2026-08-28
$SPX,7711.76,2026-10-09,41,Put,"7,325.00",-5.02%,35.2,36.3,36.1,34,49,0.69,11.86%,16.67%,-0.155088,2026-08-28
$SPX,7711.76,2026-09-14,16,Put,"7,125.00",-7.61%,3,3.81,3.3,108,158,0.68,11.86%,19.94%,-0.025462,2026-08-28
$SPX,7711.76,2026-09-08,10,Put,"7,820.00",+1.40%,108.1,113.15,114.7,67,99,0.68,11.86%,7.77%,-0.873188,2026-08-28
$SPX,7711.76,2026-09-08,10,Put,"7,300.00",-5.34%,1.55,1.74,1.8,296,436,0.68,11.86%,16.70%,-0.021059,2026-08-28
$SPX,7711.76,2026-08-31,2,Put,"7,360.00",-4.56%,0.15,0.2,0.25,316,467,0.68,11.86%,24.36%,-0.004559,2026-08-28
$SPX,7711.76,2026-10-16,48,Put,"7,745.00",+0.43%,135.2,136.8,137.1,30,44,0.68,11.86%,12.08%,-0.503184,2026-08-28
$SPX,7711.76,2026-09-16,18,Put,"7,675.00",-0.48%,55.4,56.61,56.4,53,78,0.68,11.86%,11.43%,-0.399267,2026-08-28
$SPX,7711.76,2026-10-01,33,Put,"7,675.00",-0.48%,85.9,72.6,87.1,46,68,0.68,11.86%,12.31%,-0.415312,2026-08-28
$SPX,7711.76,2026-09-10,12,Call,"7,870.00",-2.05%,4.9,5.04,5.5,38,56,0.68,11.86%,8.10%,0.097891,2026-08-28
$SPX,7711.76,2026-09-30,32,Call,"7,785.00",-0.95%,76.7,75.83,77.6,6715,9851,0.68,11.86%,10.87%,0.429903,2026-08-28
$SPX,7711.76,2026-09-11,13,Call,"7,655.00",+0.74%,101.1,101.84,102,15,22,0.68,11.86%,10.84%,0.668064,2026-08-28
$SPX,7711.76,2026-09-08,10,Call,"8,000.00",-3.74%,0.15,0.29,0.35,371,549,0.68,11.86%,8.73%,0.0069,2026-08-28
$SPX,7711.76,2026-09-02,4,Call,"7,850.00",-1.79%,0.2,0.3,0.35,936,1372,0.68,11.86%,7.45%,0.013116,2026-08-28
$SPX,7711.76,2026-08-31,2,Call,"7,675.00",+0.48%,43.9,41.15,45.3,469,690,0.68,11.86%,8.74%,0.780112,2026-08-28
$SPX,7711.76,2026-08-31,2,Call,"7,655.00",+0.74%,61.3,60.4,62.7,224,331,0.68,11.86%,9.38%,0.86343,2026-08-28
$SPX,7711.76,2026-09-25,27,Call,"7,670.00",+0.54%,133.2,133,134.3,28,42,0.67,11.86%,11.94%,0.604946,2026-08-28
$SPX,7711.76,2026-09-10,12,Call,"7,735.00",-0.30%,44.1,46.53,45,12,18,0.67,11.86%,9.18%,0.459865,2026-08-28
$SPX,7711.76,2026-11-30,93,Call,"7,740.00",-0.37%,230.4,231,232,26,39,0.67,11.86%,13.35%,0.549747,2026-08-28
$SPX,7711.76,2026-11-30,93,Call,"7,550.00",+2.10%,360,358.36,361.4,12,18,0.67,11.86%,14.62%,0.676206,2026-08-28
$SPX,7711.76,2026-11-20,83,Call,"8,140.00",-5.55%,51.3,57.6,52.4,12,18,0.67,11.86%,11.75%,0.215955,2026-08-28
$SPX,7711.76,2026-09-09,11,Call,"7,930.00",-2.83%,0.85,0.75,1.15,39,58,0.67,11.86%,7.87%,0.025203,2026-08-28
$SPX,7711.76,2026-10-16,48,Call,"7,895.00",-2.38%,67.2,89.1,68.3,12,18,0.67,11.86%,11.30%,0.332331,2026-08-28
$SPX,7711.76,2026-08-31,2,Call,"7,695.00",+0.22%,28.8,26.3,29.2,811,1219,0.67,11.86%,8.10%,0.655043,2026-08-28
$SPX,7711.76,2026-12-18,111,Call,"8,030.00",-4.13%,122,138.4,123.3,10,15,0.67,11.86%,12.60%,0.352363,2026-08-28
$SPX,7711.76,2026-09-09,11,Put,"7,475.00",-3.07%,6.1,6.72,6.6,142,213,0.67,11.86%,13.22%,-0.078731,2026-08-28
$SPX,7711.76,2026-09-14,16,Put,"7,410.00",-3.91%,8.8,7.37,9.4,20,30,0.67,11.86%,14.50%,-0.084052,2026-08-28
$SPX,7711.76,2026-09-23,25,Put,"7,625.00",-1.13%,56.2,56.65,57.3,45,67,0.67,11.86%,12.51%,-0.336316,2026-08-28
$SPX,7711.76,2026-09-23,25,Put,"6,900.00",-10.53%,5.8,5.9,6.3,28,42,0.67,11.86%,23.75%,-0.031639,2026-08-28
$SPX,7711.76,2026-10-09,41,Put,"6,150.00",-20.25%,4.8,4.9,5.2,36,54,0.67,11.86%,32.83%,-0.015905,2026-08-28
$SPX,7711.76,2026-09-10,12,Put,"7,460.00",-3.26%,7,10.32,7.5,26,39,0.67,11.86%,13.72%,-0.082199,2026-08-28
$SPX,7711.76,2026-09-30,32,Put,"7,815.00",+1.34%,146.1,130.51,147.2,24,36,0.67,11.86%,10.82%,-0.640245,2026-08-28
$SPX,7711.76,2026-11-20,83,Put,"6,910.00",-10.40%,43.8,43.5,44.6,29,43,0.67,11.86%,21.16%,-0.112535,2026-08-28
$SPX,7711.76,2026-10-02,34,Put,"7,675.00",-0.48%,88.4,90.23,89.6,315,468,0.67,11.86%,12.43%,-0.416276,2026-08-28
$SPX,7711.76,2026-09-10,12,Put,"7,650.00",-0.80%,30.5,32.1,31.2,74,112,0.66,11.86%,10.69%,-0.31716,2026-08-28
$SPX,7711.76,2026-10-02,34,Put,"5,200.00",-32.57%,1,1.15,1.25,173,262,0.66,11.86%,48.87%,-0.003091,2026-08-28
$SPX,7711.76,2028-06-16,657,Call,"11,800.00",-53.01%,17.8,22.86,22.3,49,74,0.66,11.86%,13.97%,0.03708,2026-08-28
$SPX,7711.76,2026-09-30,32,Call,"7,735.00",-0.30%,103.3,110.7,104.5,41,62,0.66,11.86%,11.30%,0.509579,2026-08-28
$SPX,7711.76,2026-09-14,16,Call,"7,900.00",-2.44%,6.1,6.76,6.5,491,744,0.66,11.86%,8.33%,0.099707,2026-08-28
$SPX,7711.76,2026-09-08,10,Call,"7,795.00",-1.08%,13.7,13.2,14.3,103,155,0.66,11.86%,8.05%,0.234435,2026-08-28
$SPX,7711.76,2026-09-08,10,Call,"7,890.00",-2.31%,1.4,1.62,1.8,195,297,0.66,11.86%,7.57%,0.041043,2026-08-28
$SPX,7711.76,2026-09-14,16,Put,"7,450.00",-3.39%,11.1,11.4,11.5,136,207,0.66,11.86%,13.85%,-0.104664,2026-08-28
$SPX,7711.76,2026-09-08,10,Put,"7,465.00",-3.20%,4.2,4.5,4.7,78,119,0.66,11.86%,13.15%,-0.060934,2026-08-28
$SPX,7711.76,2026-09-03,5,Put,"6,600.00",-14.42%,0.1,0.2,0.2,69,105,0.66,11.86%,44.67%,-0.001298,2026-08-28
$SPX,7711.76,2026-09-09,11,Put,"7,535.00",-2.29%,9.8,12.15,10.4,11,17,0.65,11.86%,12.17%,-0.124123,2026-08-28
$SPX,7711.76,2026-10-16,48,Put,"7,290.00",-5.47%,39.9,40.88,40.6,34,52,0.65,11.86%,17.10%,-0.156876,2026-08-28
$SPX,7711.76,2026-09-03,5,Put,"7,660.00",-0.67%,16.1,16.36,16.5,138,211,0.65,11.86%,10.49%,-0.277736,2026-08-28
$SPX,7711.76,2026-09-04,6,Put,"7,380.00",-4.30%,1.3,1.52,1.45,186,288,0.65,11.86%,17.27%,-0.02156,2026-08-28
$SPX,7711.76,2026-08-31,2,Put,"7,820.00",+1.40%,104.4,115.81,109,30,46,0.65,11.86%,18.50%,-0.844088,2026-08-28
$SPX,7711.76,2026-08-31,2,Put,"7,880.00",+2.18%,164.6,168.19,168.7,13,20,0.65,11.86%,13.62%,-0.994359,2026-08-28
$SPX,7711.76,2026-08-31,2,Put,"7,015.00",-9.04%,0.05,0.1,0.15,77,118,0.65,11.86%,43.15%,-0.001414,2026-08-28
$SPX,7711.76,2026-10-09,41,Put,"6,500.00",-15.71%,7.5,7.75,8,39,60,0.65,11.86%,27.81%,-0.027297,2026-08-28
$SPX,7711.76,2026-09-10,12,Put,"7,725.00",+0.17%,56.3,58.8,57.2,74,114,0.65,11.86%,9.66%,-0.51728,2026-08-28
$SPX,7711.76,2026-10-30,62,Put,"7,260.00",-5.86%,52.5,54.31,53.3,188,290,0.65,11.86%,17.55%,-0.172001,2026-08-28
$SPX,7711.76,2026-09-30,32,Put,"7,610.00",-1.32%,65.5,67.14,66.3,101,156,0.65,11.86%,12.99%,-0.332995,2026-08-28
$SPX,7711.76,2027-05-21,265,Put,"5,975.00",-22.52%,74.1,75.8,75.4,30,46,0.65,11.86%,26.31%,-0.086252,2026-08-28
$SPX,7711.76,2026-09-25,27,Call,"7,780.00",-0.88%,69.1,67.4,69.9,66,102,0.65,11.86%,10.87%,0.423717,2026-08-28
$SPX,7711.76,2026-09-25,27,Call,"7,800.00",-1.14%,59.9,61.49,60.7,226,348,0.65,11.86%,10.71%,0.388226,2026-08-28
$SPX,7711.76,2026-09-18,20,Call,"7,765.00",-0.69%,59.3,58.81,60.2,55,84,0.65,11.86%,10.69%,0.427426,2026-08-28
$SPX,7711.76,2026-09-15,17,Call,"7,750.00",-0.50%,50.6,52.35,51.4,252,385,0.65,11.86%,9.44%,0.440519,2026-08-28
$SPX,7711.76,2026-09-16,18,Call,"7,950.00",-3.09%,5.1,5.2,5.8,92,141,0.65,11.86%,9.05%,0.078479,2026-08-28
$SPX,7711.76,2026-09-04,6,Call,"7,695.00",+0.22%,52.9,50.8,53.4,168,259,0.65,11.86%,10.56%,0.583756,2026-08-28
$SPX,7711.76,2026-08-31,2,Call,"7,645.00",+0.87%,69.1,66.62,73.3,112,173,0.65,11.86%,9.76%,0.891523,2026-08-28
$SPX,7711.76,2026-11-20,83,Call,"7,460.00",+3.26%,413.5,410.97,415.9,30,47,0.64,11.86%,15.53%,0.72547,2026-08-28
$SPX,7711.76,2027-01-15,139,Call,"8,300.00",-7.63%,75,76.02,76.8,2004,3116,0.64,11.86%,12.32%,0.230787,2026-08-28
$SPX,7711.76,2026-09-18,20,Call,"7,880.00",-2.18%,19.6,20,20.3,119,185,0.64,11.86%,9.89%,0.201869,2026-08-28
$SPX,7711.76,2026-09-30,32,Call,"8,095.00",-4.97%,5.4,11.03,5.9,43,67,0.64,11.86%,9.73%,0.059748,2026-08-28
$SPX,7711.76,2026-09-14,16,Call,"7,680.00",+0.41%,88.4,88.98,89.3,21,33,0.64,11.86%,10.04%,0.611232,2026-08-28
$SPX,7711.76,2026-09-03,5,Put,"7,640.00",-0.93%,12.1,13.17,12.5,142,222,0.64,11.86%,10.85%,-0.218518,2026-08-28
$SPX,7711.76,2026-09-03,5,Put,"7,585.00",-1.64%,5.6,6.68,5.9,89,138,0.64,11.86%,11.93%,-0.110022,2026-08-28
$SPX,7711.76,2026-09-23,25,Put,"7,200.00",-6.64%,11.5,12.27,12.2,52,81,0.64,11.86%,18.66%,-0.069855,2026-08-28
$SPX,7711.76,2026-08-31,2,Put,"7,415.00",-3.85%,0.15,0.2,0.25,168,261,0.64,11.86%,20.88%,-0.005254,2026-08-28
$SPX,7711.76,2026-10-16,48,Put,"7,525.00",-2.42%,70.6,72.7,72.3,619,960,0.64,11.86%,14.31%,-0.282668,2026-08-28
$SPX,7711.76,2026-09-25,27,Put,"7,630.00",-1.06%,62.2,63.93,63,74,116,0.64,11.86%,12.63%,-0.348571,2026-08-28
$SPX,7711.76,2026-09-25,27,Put,"6,950.00",-9.88%,7.6,7.8,8,170,267,0.64,11.86%,22.72%,-0.039698,2026-08-28
$SPX,7711.76,2026-09-10,12,Put,"7,545.00",-2.16%,13.1,13.8,13.7,18,28,0.64,11.86%,12.30%,-0.149365,2026-08-28
$SPX,7711.76,2026-09-18,20,Put,"7,670.00",-0.54%,60.3,62.07,61.2,143,222,0.64,11.86%,11.90%,-0.395996,2026-08-28
$SPX,7711.76,2026-09-28,30,Put,"7,725.00",+0.17%,97.1,88.49,98.4,70,110,0.64,11.86%,11.44%,-0.490237,2026-08-28
$SPX,7711.76,2027-08-20,356,Put,"8,050.00",+4.39%,513.5,514.73,516.6,14,22,0.64,11.86%,14.68%,-0.566375,2026-08-28
$SPX,7711.76,2026-09-25,27,Put,"7,670.00",-0.54%,73.9,74.1,74.8,67,107,0.63,11.86%,12.15%,-0.404338,2026-08-28
$SPX,7711.76,2026-10-30,62,Put,"7,575.00",-1.77%,103.6,104.07,104.8,44,70,0.63,11.86%,14.31%,-0.338949,2026-08-28
$SPX,7711.76,2026-09-01,3,Put,"7,200.00",-6.64%,0.15,0.17,0.3,327,518,0.63,11.86%,28.47%,-0.003648,2026-08-28
$SPX,7711.76,2026-09-28,30,Put,"7,275.00",-5.66%,18.5,19.35,19.4,26,41,0.63,11.86%,17.17%,-0.102897,2026-08-28
$SPX,7711.76,2027-05-21,265,Put,"5,075.00",-34.19%,37.2,37.93,38.1,30,48,0.63,11.86%,32.31%,-0.039768,2026-08-28
$SPX,7711.76,2026-09-16,18,Put,"7,150.00",-7.28%,5.1,5.9,5.6,50,79,0.63,11.86%,19.93%,-0.038454,2026-08-28
$SPX,7711.76,2026-09-11,13,Put,"7,300.00",-5.34%,3.9,4.3,4.2,1291,2062,0.63,11.86%,17.11%,-0.039849,2026-08-28
$SPX,7711.76,2026-09-11,13,Call,"8,010.00",-3.87%,0.65,0.66,0.9,32,51,0.63,11.86%,9.07%,0.016459,2026-08-28
$SPX,7711.76,2026-09-14,16,Call,"7,820.00",-1.40%,20.8,20.4,21.6,70,112,0.63,11.86%,8.75%,0.252962,2026-08-28
$SPX,7711.76,2026-09-24,26,Put,"7,450.00",-3.39%,28.7,29.2,29.6,10,16,0.63,11.86%,14.98%,-0.173415,2026-08-28
$SPX,7711.76,2026-09-14,16,Put,"7,620.00",-1.19%,31.7,34.5,32.5,31,49,0.63,11.86%,11.26%,-0.282294,2026-08-28
$SPX,7711.76,2026-10-16,48,Put,"7,660.00",-0.67%,105.9,107.38,107,37,59,0.63,11.86%,13.01%,-0.404549,2026-08-28
$SPX,7711.76,2026-10-16,48,Put,"7,655.00",-0.74%,104.2,112.7,105.4,22,35,0.63,11.86%,13.05%,-0.399352,2026-08-28
$SPX,7711.76,2026-09-08,10,Put,"7,510.00",-2.62%,6.2,7.12,6.6,122,193,0.63,11.86%,12.31%,-0.087645,2026-08-28
$SPX,7711.76,2026-09-02,4,Put,"7,460.00",-3.26%,0.7,0.7,0.85,157,250,0.63,11.86%,15.24%,-0.017359,2026-08-28
$SPX,7711.76,2027-01-29,153,Put,"6,875.00",-10.85%,86.3,87.21,87.8,24,39,0.62,11.86%,20.78%,-0.152892,2026-08-28
$SPX,7711.76,2027-01-29,153,Put,"6,850.00",-11.17%,84,85.14,85.5,23,37,0.62,11.86%,20.98%,-0.148486,2026-08-28
$SPX,7711.76,2026-09-09,11,Put,"7,425.00",-3.72%,4.2,4.62,4.7,89,144,0.62,11.86%,14.13%,-0.054965,2026-08-28
$SPX,7711.76,2026-09-08,10,Put,"7,585.00",-1.64%,12.4,13.82,13,45,73,0.62,11.86%,11.06%,-0.167859,2026-08-28
$SPX,7711.76,2026-09-08,10,Put,"7,560.00",-1.97%,9.8,10.6,10.3,215,345,0.62,11.86%,11.47%,-0.13497,2026-08-28
$SPX,7711.76,2026-09-23,25,Put,"7,000.00",-9.23%,7,7.33,7.6,24,39,0.62,11.86%,21.99%,-0.039925,2026-08-28
$SPX,7711.76,2027-01-15,139,Put,"7,725.00",+0.17%,230.4,235.48,232.2,18,29,0.62,11.86%,14.19%,-0.451286,2026-08-28
$SPX,7711.76,2027-01-15,139,Put,"7,550.00",-2.10%,179,180.57,180.5,104,167,0.62,11.86%,15.50%,-0.352403,2026-08-28
$SPX,7711.76,2026-09-01,3,Put,"7,790.00",+1.01%,71.4,81.88,87.7,23,37,0.62,11.86%,8.40%,-0.917079,2026-08-28
$SPX,7711.76,2026-09-28,30,Put,"7,625.00",-1.13%,64.1,66.3,65.2,47,76,0.62,11.86%,12.56%,-0.344843,2026-08-28
$SPX,7711.76,2026-10-02,34,Put,"7,725.00",+0.17%,106.4,114.26,107.8,228,365,0.62,11.86%,11.88%,-0.486868,2026-08-28
$SPX,7711.76,2026-09-10,12,Call,"7,825.00",-1.47%,12,13.05,12.5,93,149,0.62,11.86%,8.38%,0.191095,2026-08-28
$SPX,7711.76,2026-09-18,20,Call,"7,735.00",-0.30%,74.7,73.5,75.6,83,134,0.62,11.86%,10.97%,0.48927,2026-08-28
$SPX,7711.76,2028-06-16,657,Call,"13,200.00",-71.17%,5.5,7.06,8.4,156,250,0.62,11.86%,14.99%,0.0136,2026-08-28
$SPX,7711.76,2026-09-28,30,Call,"7,710.00",+0.02%,111.5,110.56,112.9,23,37,0.62,11.86%,11.25%,0.546867,2026-08-28
$SPX,7711.76,2026-09-09,11,Call,"7,925.00",-2.77%,0.95,1.1,1.25,183,296,0.62,11.86%,7.83%,0.027518,2026-08-28
$SPX,7711.76,2026-09-09,11,Call,"8,025.00",-4.06%,0.2,0.25,0.4,179,287,0.62,11.86%,9.14%,0.007487,2026-08-28
$SPX,7711.76,2026-10-16,48,Call,"7,960.00",-3.22%,46.2,47.8,47.2,31,50,0.62,11.86%,11.00%,0.257186,2026-08-28
$SPX,7711.76,2026-09-02,4,Call,"7,825.00",-1.47%,0.75,0.75,0.9,569,911,0.62,11.86%,7.45%,0.034777,2026-08-28
$SPX,7711.76,2026-09-04,6,Call,"7,725.00",-0.17%,35.4,34.25,35.9,764,1228,0.62,11.86%,10.09%,0.468108,2026-08-28
$SPX,7711.76,2026-09-04,6,Call,"7,685.00",+0.35%,59.4,57.69,59.9,150,243,0.62,11.86%,10.70%,0.619307,2026-08-28
$SPX,7711.76,2026-09-25,27,Call,"7,730.00",-0.24%,95.5,94.43,96.7,70,115,0.61,11.86%,11.34%,0.510326,2026-08-28
$SPX,7711.76,2026-09-18,20,Call,"7,815.00",-1.34%,38.3,39.2,39.2,69,114,0.61,11.86%,10.29%,0.323679,2026-08-28
$SPX,7711.76,2026-09-18,20,Call,"7,845.00",-1.73%,28.6,28.8,29.4,52,85,0.61,11.86%,10.10%,0.264787,2026-08-28
$SPX,7711.76,2026-10-30,62,Call,"7,500.00",+2.75%,341.3,342.25,347.3,119,195,0.61,11.86%,15.01%,0.720062,2026-08-28
$SPX,7711.76,2026-09-01,3,Call,"7,860.00",-1.92%,0.05,0.1,0.15,602,993,0.61,11.86%,8.12%,0.005525,2026-08-28
$SPX,7711.76,2026-09-28,30,Call,"8,050.00",-4.39%,6.4,6.8,7.2,94,154,0.61,11.86%,9.50%,0.07336,2026-08-28
$SPX,7711.76,2026-09-17,19,Call,"8,000.00",-3.74%,3.3,3.72,3.9,103,170,0.61,11.86%,9.34%,0.052398,2026-08-28
$SPX,7711.76,2026-09-11,13,Call,"7,730.00",-0.24%,53.2,51.8,54,137,226,0.61,11.86%,9.92%,0.48095,2026-08-28
$SPX,7711.76,2026-09-08,10,Call,"7,645.00",+0.87%,92.1,95.94,97.8,11,18,0.61,11.86%,9.68%,0.729952,2026-08-28
$SPX,7711.76,2026-09-02,4,Call,"7,880.00",-2.18%,0.05,0.1,0.2,381,629,0.61,11.86%,8.04%,0.005997,2026-08-28
$SPX,7711.76,2026-09-04,6,Call,"7,775.00",-0.82%,14.8,14,15.3,846,1392,0.61,11.86%,9.41%,0.267059,2026-08-28
$SPX,7711.76,2026-09-24,26,Put,"7,125.00",-7.61%,10.2,10.9,10.9,19,31,0.61,11.86%,19.87%,-0.058929,2026-08-28
$SPX,7711.76,2026-10-16,48,Put,"5,600.00",-27.38%,3.4,3.21,3.7,125,204,0.61,11.86%,39.15%,-0.009222,2026-08-28
$SPX,7711.76,2026-09-08,10,Put,"7,670.00",-0.54%,28.7,30.61,29.5,171,279,0.61,11.86%,9.77%,-0.346858,2026-08-28
$SPX,7711.76,2026-09-04,6,Put,"6,850.00",-11.17%,0.3,0.4,0.45,469,766,0.61,11.86%,34.73%,-0.003517,2026-08-28
$SPX,7711.76,2026-09-25,27,Put,"7,775.00",+0.82%,116.8,118.8,117.9,353,579,0.61,11.86%,10.98%,-0.583505,2026-08-28
$SPX,7711.76,2026-09-17,19,Put,"7,700.00",-0.15%,68.3,71.98,69.3,51,83,0.61,11.86%,11.46%,-0.450573,2026-08-28
$SPX,7711.76,2027-08-20,356,Put,"5,975.00",-22.52%,104.5,105.3,106,27,44,0.61,11.86%,25.65%,-0.102657,2026-08-28
$SPX,7711.76,2026-09-25,27,Put,"7,450.00",-3.39%,30.5,31.48,31,137,227,0.6,11.86%,15.02%,-0.177814,2026-08-28
$SPX,7711.76,2026-10-30,62,Put,"5,850.00",-24.14%,7.4,7.32,7.8,406,673,0.6,11.86%,33.95%,-0.018474,2026-08-28
$SPX,7711.76,2026-09-15,17,Put,"7,745.00",+0.43%,77.7,81.14,78.6,12,20,0.6,11.86%,9.96%,-0.556504,2026-08-28
$SPX,7711.76,2026-09-28,30,Put,"7,250.00",-5.99%,17.2,17.87,18.1,146,244,0.6,11.86%,17.53%,-0.095305,2026-08-28
$SPX,7711.76,2026-09-16,18,Put,"7,620.00",-1.19%,40.2,40.92,41.1,48,80,0.6,11.86%,12.14%,-0.304064,2026-08-28
$SPX,7711.76,2026-10-12,44,Put,"7,375.00",-4.37%,42.1,43.3,43.2,28,47,0.6,11.86%,15.84%,-0.181345,2026-08-28
$SPX,7711.76,2026-11-20,83,Call,"7,740.00",-0.37%,214.9,215.74,216.6,38,63,0.6,11.86%,13.45%,0.542457,2026-08-28
$SPX,7711.76,2026-09-18,20,Call,"7,730.00",-0.24%,77.5,77.79,78.4,126,210,0.6,11.86%,11.02%,0.499371,2026-08-28
$SPX,7711.76,2026-09-30,32,Call,"7,685.00",+0.35%,134,133.64,135.2,53,89,0.6,11.86%,11.76%,0.583433,2026-08-28
$SPX,7711.76,2026-09-16,18,Call,"7,900.00",-2.44%,10.6,10.43,11.3,150,248,0.6,11.86%,9.16%,0.138493,2026-08-28
$SPX,7711.76,2026-09-24,26,Call,"8,050.00",-4.39%,4.6,4.4,5.3,31,52,0.6,11.86%,9.59%,0.058961,2026-08-28
$SPX,7711.76,2026-10-16,48,Call,"7,850.00",-1.79%,85.2,85.45,86.2,124,205,0.6,11.86%,11.54%,0.387071,2026-08-28
$SPX,7711.76,2026-10-16,48,Call,"8,175.00",-6.01%,10.6,10.9,11,58,96,0.6,11.86%,10.46%,0.082231,2026-08-28
$SPX,7711.76,2026-09-03,5,Call,"7,700.00",+0.15%,42.5,41.18,43,218,361,0.6,11.86%,9.56%,0.57394,2026-08-28
$SPX,7711.76,2026-09-03,5,Call,"7,850.00",-1.79%,0.8,0.91,1,969,1618,0.6,11.86%,7.95%,0.032143,2026-08-28
$SPX,7711.76,2026-09-02,4,Call,"7,750.00",-0.50%,12.4,11.37,12.8,787,1311,0.6,11.86%,8.23%,0.300194,2026-08-28
$SPX,7711.76,2027-01-29,153,Put,"7,350.00",-4.69%,148.7,150.59,150.4,15,25,0.6,11.86%,17.14%,-0.273909,2026-08-28
$SPX,7711.76,2026-09-08,10,Put,"7,425.00",-3.72%,3.1,3.9,3.5,156,261,0.6,11.86%,13.91%,-0.044863,2026-08-28
$SPX,7711.76,2026-09-02,4,Put,"6,625.00",-14.09%,0.05,0.1,0.2,15,25,0.6,11.86%,48.04%,-0.001136,2026-08-28
$SPX,7711.76,2026-09-04,6,Put,"7,795.00",+1.08%,85.2,93.81,91.4,36,60,0.6,11.86%,8.67%,-0.8366,2026-08-28
$SPX,7711.76,2026-09-14,16,Put,"7,470.00",-3.13%,12.3,14.15,13,24,41,0.59,11.86%,13.53%,-0.117131,2026-08-28
$SPX,7711.76,2026-09-03,5,Put,"6,550.00",-15.06%,0.1,0.15,0.2,100,170,0.59,11.86%,46.66%,-0.001245,2026-08-28
$SPX,7711.76,2026-09-04,6,Put,"7,815.00",+1.34%,101.3,107.21,107.8,102,173,0.59,11.86%,7.95%,-0.921911,2026-08-28
$SPX,7711.76,2026-12-18,111,Put,"7,610.00",-1.32%,172.7,170,174,10,17,0.59,11.86%,15.00%,-0.382033,2026-08-28
$SPX,7711.76,2027-01-15,139,Put,"7,600.00",-1.45%,192.1,193.77,193.7,110,186,0.59,11.86%,15.12%,-0.37794,2026-08-28
$SPX,7711.76,2026-09-10,12,Put,"7,700.00",-0.15%,46,48.2,46.8,662,1118,0.59,11.86%,9.99%,-0.443604,2026-08-28
$SPX,7711.76,2026-09-18,20,Put,"7,755.00",+0.56%,94.5,96.6,95.5,44,75,0.59,11.86%,10.90%,-0.563591,2026-08-28
$SPX,7711.76,2026-09-01,3,Put,"7,535.00",-2.29%,0.8,0.85,0.95,159,271,0.59,11.86%,13.24%,-0.024923,2026-08-28
$SPX,7711.76,2026-12-18,111,Put,"6,560.00",-14.94%,41.9,40.15,42.9,100,169,0.59,11.86%,24.02%,-0.085852,2026-08-28
$SPX,7711.76,2026-11-20,83,Put,"7,270.00",-5.73%,75.8,75.73,76.9,10,17,0.59,11.86%,17.62%,-0.203409,2026-08-28
$SPX,7711.76,2027-05-21,265,Put,"8,175.00",+6.01%,521.6,516.04,524.4,44,75,0.59,11.86%,12.64%,-0.708134,2026-08-28
$SPX,7711.76,2026-09-25,27,Call,"7,875.00",-2.12%,32.9,32.55,33.5,196,332,0.59,11.86%,10.22%,0.259994,2026-08-28
$SPX,7711.76,2026-09-18,20,Call,"7,740.00",-0.37%,72,72.48,72.9,184,311,0.59,11.86%,10.92%,0.479104,2026-08-28
$SPX,7711.76,2026-09-30,32,Call,"7,750.00",-0.50%,94.8,93.78,95.7,8912,15216,0.59,11.86%,11.15%,0.486118,2026-08-28
$SPX,7711.76,2026-09-28,30,Call,"7,725.00",-0.17%,102.5,102.83,103.7,72,122,0.59,11.86%,11.11%,0.523055,2026-08-28
$SPX,7711.76,2026-09-16,18,Call,"7,730.00",-0.24%,67.6,68.17,68.6,13,22,0.59,11.86%,10.29%,0.494559,2026-08-28
$SPX,7711.76,2026-09-14,16,Call,"7,740.00",-0.37%,52.6,51.41,53.4,64,109,0.59,11.86%,9.40%,0.462157,2026-08-28
$SPX,7711.76,2026-10-16,48,Call,"8,130.00",-5.42%,14.7,15,15.3,36,61,0.59,11.86%,10.51%,0.10778,2026-08-28
$SPX,7711.76,2026-09-08,10,Call,"7,710.00",+0.02%,50,48.82,50.8,85,145,0.59,11.86%,8.95%,0.535849,2026-08-28
$SPX,7711.76,2026-09-04,6,Call,"7,630.00",+1.06%,97.8,100.35,104.1,35,59,0.59,11.86%,11.55%,0.778618,2026-08-28
$SPX,7711.76,2026-09-25,27,Call,"7,740.00",-0.37%,89.8,89.92,91.1,74,128,0.58,11.86%,11.25%,0.493448,2026-08-28
$SPX,7711.76,2026-10-30,62,Call,"7,510.00",+2.62%,333.4,332.91,339.4,32,55,0.58,11.86%,14.92%,0.713813,2026-08-28
$SPX,7711.76,2026-10-30,62,Call,"8,020.00",-4.00%,52.8,51.41,53.9,34,59,0.58,11.86%,11.47%,0.250779,2026-08-28
$SPX,7711.76,2026-09-21,23,Call,"7,780.00",-0.88%,56.1,75.27,57.2,26,45,0.58,11.86%,10.24%,0.404811,2026-08-28
$SPX,7711.76,2026-09-21,23,Call,"8,075.00",-4.71%,2.2,2.35,2.6,35,60,0.58,11.86%,9.46%,0.033579,2026-08-28
$SPX,7711.76,2026-09-01,3,Call,"7,815.00",-1.34%,0.4,0.5,0.55,814,1412,0.58,11.86%,7.29%,0.024748,2026-08-28
$SPX,7711.76,2026-10-02,34,Call,"7,800.00",-1.14%,77.1,76.04,78.3,49,84,0.58,11.86%,11.20%,0.414978,2026-08-28
$SPX,7711.76,2026-09-17,19,Call,"7,730.00",-0.24%,72.2,73.58,73.4,22,38,0.58,11.86%,10.63%,0.497055,2026-08-28
$SPX,7711.76,2026-09-04,6,Call,"7,930.00",-2.83%,0.3,0.3,0.45,457,793,0.58,11.86%,9.38%,0.011759,2026-08-28
$SPX,7711.76,2026-12-18,111,Call,"8,080.00",-4.78%,104.2,116.7,105.5,11,19,0.58,11.86%,12.44%,0.317307,2026-08-28
$SPX,7711.76,2026-09-09,11,Put,"7,775.00",+0.82%,79.9,52.41,80.7,15,26,0.58,11.86%,8.67%,-0.695493,2026-08-28
$SPX,7711.76,2026-09-14,16,Put,"7,560.00",-1.97%,21.4,22.56,22.1,11,19,0.58,11.86%,12.14%,-0.197769,2026-08-28
$SPX,7711.76,2026-09-02,4,Put,"7,680.00",-0.41%,16.3,17.5,16.7,143,246,0.58,11.86%,9.56%,-0.326036,2026-08-28
$SPX,7711.76,2026-09-25,27,Put,"7,660.00",-0.67%,70.8,73.07,71.6,76,132,0.58,11.86%,12.27%,-0.389835,2026-08-28
$SPX,7711.76,2026-09-10,12,Put,"7,440.00",-3.52%,6.1,7.05,6.7,22,38,0.58,11.86%,14.10%,-0.072294,2026-08-28
$SPX,7711.76,2026-09-18,20,Put,"7,760.00",+0.63%,97,103.6,98,37,64,0.58,11.86%,10.85%,-0.575029,2026-08-28
$SPX,7711.76,2026-09-18,20,Put,"7,540.00",-2.23%,31.3,31.77,32,135,231,0.58,11.86%,13.71%,-0.22019,2026-08-28
$SPX,7711.76,2026-10-30,62,Put,"7,750.00",+0.50%,159.9,160.6,161,1480,2531,0.58,11.86%,12.70%,-0.498219,2026-08-28
$SPX,7711.76,2026-11-30,93,Put,"5,970.00",-22.59%,16.2,15.9,16.9,15,26,0.58,11.86%,30.02%,-0.034024,2026-08-28
$SPX,7711.76,2026-09-15,17,Put,"7,710.00",-0.02%,62.1,63.92,62.9,54,93,0.58,11.86%,10.35%,-0.470334,2026-08-28
$SPX,7711.76,2027-04-16,230,Put,"6,375.00",-17.33%,86.5,88.14,88,52,90,0.58,11.86%,24.01%,-0.113319,2026-08-28
$SPX,7711.76,2026-09-11,13,Put,"4,800.00",-37.76%,0,0.1,0.15,186,319,0.58,11.86%,74.14%,-0.000265,2026-08-28
$SPX,7711.76,2026-09-28,30,Put,"7,670.00",-0.54%,77,79.75,78.3,16,28,0.57,11.86%,12.03%,-0.404977,2026-08-28
$SPX,7711.76,2026-10-02,34,Put,"7,225.00",-6.31%,21,24.17,21.9,123,216,0.57,11.86%,18.12%,-0.103298,2026-08-28
$SPX,7711.76,2026-09-16,18,Put,"7,300.00",-5.34%,8.3,9.37,9,70,122,0.57,11.86%,17.14%,-0.066319,2026-08-28
$SPX,7711.76,2026-09-22,24,Put,"7,325.00",-5.02%,15.6,16.33,16.3,51,89,0.57,11.86%,16.64%,-0.100625,2026-08-28
$SPX,7711.76,2026-09-11,13,Put,"7,680.00",-0.41%,43.4,45.12,44.2,250,436,0.57,11.86%,10.69%,-0.39589,2026-08-28
$SPX,7711.76,2026-10-16,48,Call,"7,960.00",-3.22%,44.9,46.57,46.3,182,319,0.57,11.86%,10.88%,0.254684,2026-08-28
$SPX,7711.76,2026-09-01,3,Call,"7,695.00",+0.22%,34.9,35.3,35.3,51,90,0.57,11.86%,8.76%,0.623844,2026-08-28
$SPX,7711.76,2026-09-01,3,Call,"7,845.00",-1.73%,0.15,0.15,0.2,372,649,0.57,11.86%,7.89%,0.00943,2026-08-28
$SPX,7711.76,2026-09-30,32,Call,"8,120.00",-5.29%,4.3,9.09,4.7,73,128,0.57,11.86%,9.77%,0.048915,2026-08-28
$SPX,7711.76,2026-10-16,48,Call,"7,940.00",-2.96%,52,51.2,53,28,49,0.57,11.86%,11.08%,0.279429,2026-08-28
$SPX,7711.76,2026-09-09,11,Put,"6,100.00",-20.90%,0.2,0.3,0.4,73,129,0.57,11.86%,46.74%,-0.00163,2026-08-28
$SPX,7711.76,2026-10-16,48,Put,"7,665.00",-0.61%,107.5,115.4,108.6,12,21,0.57,11.86%,12.96%,-0.410075,2026-08-28
$SPX,7711.76,2026-09-08,10,Put,"7,710.00",-0.02%,42.6,44.51,43.3,127,222,0.57,11.86%,9.23%,-0.47227,2026-08-28
$SPX,7711.76,2026-09-03,5,Put,"7,590.00",-1.58%,6,6.5,6.3,208,362,0.57,11.86%,11.83%,-0.117136,2026-08-28
$SPX,7711.76,2026-09-03,5,Put,"7,500.00",-2.75%,2,2.37,2.2,257,451,0.57,11.86%,13.96%,-0.040901,2026-08-28
$SPX,7711.76,2026-09-02,4,Put,"7,435.00",-3.59%,0.55,0.55,0.7,252,442,0.57,11.86%,16.04%,-0.013673,2026-08-28
$SPX,7711.76,2026-09-04,6,Put,"7,525.00",-2.42%,4.3,4.7,4.6,2604,4589,0.57,11.86%,13.58%,-0.073754,2026-08-28
$SPX,7711.76,2026-10-09,41,Put,"7,375.00",-4.37%,40.1,41.13,41.1,21,37,0.57,11.86%,16.04%,-0.177571,2026-08-28
$SPX,7711.76,2026-10-16,48,Put,"7,055.00",-8.52%,24.4,24.5,25.2,10,18,0.56,11.86%,19.99%,-0.092553,2026-08-28
$SPX,7711.76,2026-09-08,10,Put,"7,555.00",-2.03%,9.4,10.16,9.8,70,125,0.56,11.86%,11.56%,-0.129251,2026-08-28
$SPX,7711.76,2026-09-03,5,Put,"7,675.00",-0.48%,19.9,21.5,20.4,299,532,0.56,11.86%,10.25%,-0.33028,2026-08-28
$SPX,7711.76,2026-09-03,5,Put,"7,445.00",-3.46%,1.2,1.8,1.35,38,68,0.56,11.86%,15.49%,-0.02409,2026-08-28
$SPX,7711.76,2026-09-02,4,Put,"7,390.00",-4.17%,0.4,0.7,0.6,247,440,0.56,11.86%,17.78%,-0.010193,2026-08-28
$SPX,7711.76,2026-08-31,2,Put,"7,500.00",-2.75%,0.25,0.25,0.35,5252,9412,0.56,11.86%,16.20%,-0.009573,2026-08-28
$SPX,7711.76,2026-10-05,37,Put,"7,225.00",-6.31%,22.6,23.3,23.6,49,87,0.56,11.86%,17.79%,-0.107651,2026-08-28
$SPX,7711.76,2026-12-18,111,Put,"7,720.00",+0.11%,207.7,195.07,209.1,10,18,0.56,11.86%,14.16%,-0.453061,2026-08-28
$SPX,7711.76,2026-10-16,48,Put,"6,700.00",-13.12%,13,13.54,13.8,6968,12551,0.56,11.86%,24.41%,-0.046079,2026-08-28
$SPX,7711.76,2026-09-25,27,Put,"7,680.00",-0.41%,77.2,77.4,78.1,69,123,0.56,11.86%,12.04%,-0.419356,2026-08-28
$SPX,7711.76,2026-09-10,12,Put,"7,705.00",-0.09%,47.8,51.06,48.7,14,25,0.56,11.86%,9.91%,-0.457689,2026-08-28
$SPX,7711.76,2026-11-30,93,Put,"7,625.00",-1.13%,153.4,155.58,154.9,19,34,0.56,11.86%,14.36%,-0.386595,2026-08-28
$SPX,7711.76,2026-09-15,17,Put,"7,490.00",-2.88%,16,18.29,16.7,18,32,0.56,11.86%,13.43%,-0.141635,2026-08-28
$SPX,7711.76,2026-10-02,34,Put,"7,670.00",-0.54%,86.6,90,87.9,15,27,0.56,11.86%,12.47%,-0.409697,2026-08-28
$SPX,7711.76,2026-10-02,34,Put,"7,500.00",-2.75%,47.5,49.15,48.5,136,245,0.56,11.86%,14.49%,-0.236254,2026-08-28
$SPX,7711.76,2026-09-10,12,Call,"7,925.00",-2.77%,1.5,1.51,1.9,141,251,0.56,11.86%,8.06%,0.037833,2026-08-28
$SPX,7711.76,2026-09-18,20,Call,"7,710.00",+0.02%,89,87.3,90,106,188,0.56,11.86%,11.22%,0.538875,2026-08-28
$SPX,7711.76,2026-11-30,93,Call,"7,490.00",+2.88%,403.1,404.26,409.3,48,86,0.56,11.86%,15.05%,0.70923,2026-08-28
$SPX,7711.76,2026-09-30,32,Call,"7,855.00",-1.86%,47.3,47.54,48.3,105,187,0.56,11.86%,10.39%,0.316542,2026-08-28
$SPX,7711.76,2026-09-16,18,Call,"7,725.00",-0.17%,70.3,73.05,71.3,162,291,0.56,11.86%,10.32%,0.505873,2026-08-28
$SPX,7711.76,2026-09-22,24,Call,"7,800.00",-1.14%,50.2,49.54,51.4,113,203,0.56,11.86%,10.21%,0.370552,2026-08-28
$SPX,7711.76,2027-01-29,153,Call,"8,200.00",-6.33%,120.1,120.67,121.9,29,52,0.56,11.86%,12.85%,0.30763,2026-08-28
$SPX,7711.76,2026-09-09,11,Call,"7,890.00",-2.31%,2.2,2.77,2.65,133,238,0.56,11.86%,7.81%,0.054941,2026-08-28
$SPX,7711.76,2026-09-08,10,Call,"7,750.00",-0.50%,29.4,28.12,30.2,228,407,0.56,11.86%,8.50%,0.392082,2026-08-28
$SPX,7711.76,2026-09-03,5,Call,"7,825.00",-1.47%,2.1,2.6,2.3,456,808,0.56,11.86%,8.07%,0.068709,2026-08-28
$SPX,7711.76,2026-11-20,83,Call,"7,620.00",+1.19%,293.4,292.91,295.5,32,58,0.55,11.86%,14.28%,0.630728,2026-08-28
$SPX,7711.76,2026-09-18,20,Call,"8,220.00",-6.59%,0.55,1.2,0.85,23,42,0.55,11.86%,11.32%,0.010165,2026-08-28
$SPX,7711.76,2027-05-21,265,Call,"8,275.00",-7.30%,238.6,250.1,241,42,77,0.55,11.86%,14.25%,0.389231,2026-08-28
$SPX,7711.76,2026-09-16,18,Call,"8,000.00",-3.74%,2.45,2.9,2.95,120,220,0.55,11.86%,9.09%,0.042814,2026-08-28
$SPX,7711.76,2026-10-16,48,Call,"7,935.00",-2.89%,53.6,54.13,54.5,21,38,0.55,11.86%,11.10%,0.285144,2026-08-28
$SPX,7711.76,2026-09-08,10,Call,"7,730.00",-0.24%,39,38.1,39.8,80,145,0.55,11.86%,8.73%,0.46515,2026-08-28
$SPX,7711.76,2026-09-08,10,Call,"7,860.00",-1.92%,3.2,3.22,3.6,242,438,0.55,11.86%,7.64%,0.077695,2026-08-28
$SPX,7711.76,2026-09-03,5,Call,"7,750.00",-0.50%,17.5,18.1,17.9,232,422,0.55,11.86%,8.87%,0.33593,2026-08-28
$SPX,7711.76,2026-09-29,31,Put,"7,400.00",-4.04%,29.3,30.17,30.3,12,22,0.55,11.86%,15.53%,-0.159622,2026-08-28
$SPX,7711.76,2026-09-03,5,Put,"7,820.00",+1.40%,101.6,116.31,117.9,85,154,0.55,11.86%,8.96%,-0.92242,2026-08-28
$SPX,7711.76,2026-09-03,5,Put,"7,330.00",-4.95%,0.6,0.75,0.75,36,65,0.55,11.86%,19.27%,-0.011222,2026-08-28
$SPX,7711.76,2026-09-04,6,Put,"7,100.00",-7.93%,0.5,0.55,0.65,623,1134,0.55,11.86%,26.42%,-0.006695,2026-08-28
$SPX,7711.76,2026-08-31,2,Put,"7,390.00",-4.17%,0.15,0.15,0.25,134,244,0.55,11.86%,22.46%,-0.004912,2026-08-28
$SPX,7711.76,2026-10-09,41,Put,"7,600.00",-1.45%,77.8,79.95,78.9,27,49,0.55,11.86%,13.39%,-0.337136,2026-08-28
$SPX,7711.76,2026-09-25,27,Put,"6,900.00",-10.53%,6.9,7.3,7.3,660,1203,0.55,11.86%,23.56%,-0.035415,2026-08-28
$SPX,7711.76,2026-09-18,20,Put,"7,730.00",+0.24%,82.8,83.93,83.8,190,346,0.55,11.86%,11.18%,-0.510554,2026-08-28
$SPX,7711.76,2026-10-30,62,Put,"7,770.00",+0.76%,168.2,170,169.4,31,56,0.55,11.86%,12.53%,-0.519753,2026-08-28
$SPX,7711.76,2026-09-21,23,Put,"7,400.00",-4.04%,18.9,19,19.7,112,204,0.55,11.86%,15.43%,-0.12762,2026-08-28
$SPX,7711.76,2026-09-28,30,Put,"7,100.00",-7.93%,11.6,12.16,12.3,40,73,0.55,11.86%,19.73%,-0.061943,2026-08-28
$SPX,7711.76,2026-11-20,83,Put,"7,700.00",-0.15%,169.5,171.9,170.8,129,235,0.55,11.86%,13.76%,-0.444499,2026-08-28
$SPX,7711.76,2026-10-02,34,Put,"7,850.00",+1.79%,169.7,175.5,170.9,16,29,0.55,11.86%,10.57%,-0.69772,2026-08-28
$SPX,7711.76,2026-09-16,18,Put,"7,590.00",-1.58%,33.9,32.48,34.8,24,44,0.55,11.86%,12.56%,-0.261437,2026-08-28
$SPX,7711.76,2026-09-11,13,Put,"7,490.00",-2.88%,11.2,11.93,11.6,104,188,0.55,11.86%,13.63%,-0.116482,2026-08-28
$SPX,7711.76,2026-09-11,13,Put,"6,450.00",-16.36%,0.65,0.75,0.85,147,267,0.55,11.86%,36.85%,-0.004383,2026-08-28
$SPX,7711.76,2026-09-25,27,Put,"7,590.00",-1.58%,52.6,53.34,53.4,60,112,0.54,11.86%,13.14%,-0.299866,2026-08-28
$SPX,7711.76,2026-09-01,3,Put,"7,480.00",-3.01%,0.45,0.5,0.6,164,302,0.54,11.86%,15.46%,-0.013764,2026-08-28
$SPX,7711.76,2026-09-30,32,Put,"7,590.00",-1.58%,60.7,64.47,61.7,49,90,0.54,11.86%,13.24%,-0.311167,2026-08-28
$SPX,7711.76,2026-09-16,18,Put,"7,770.00",+0.76%,96.8,102,97.8,13,24,0.54,11.86%,10.39%,-0.60766,2026-08-28
$SPX,7711.76,2026-09-25,27,Call,"7,820.00",-1.40%,51.5,53.26,52.6,40,74,0.54,11.86%,10.57%,0.353076,2026-08-28
$SPX,7711.76,2026-09-10,12,Call,"7,710.00",+0.02%,58,58.2,58.8,38,71,0.54,11.86%,9.46%,0.536435,2026-08-28
$SPX,7711.76,2026-10-30,62,Call,"7,740.00",-0.37%,174.2,174.73,175.6,27,50,0.54,11.86%,12.99%,0.530372,2026-08-28
$SPX,7711.76,2026-09-01,3,Call,"7,890.00",-2.31%,0,0.1,0.15,321,594,0.54,11.86%,9.29%,0.003755,2026-08-28
$SPX,7711.76,2026-09-15,17,Call,"7,950.00",-3.09%,3.2,3.7,3.7,70,129,0.54,11.86%,8.42%,0.0579,2026-08-28
$SPX,7711.76,2026-09-30,32,Call,"8,115.00",-5.23%,4.5,4.61,4.9,42,78,0.54,11.86%,9.76%,0.05085,2026-08-28
$SPX,7711.76,2026-09-30,32,Call,"8,145.00",-5.62%,3.4,3.7,3.8,40,74,0.54,11.86%,9.84%,0.040077,2026-08-28
$SPX,7711.76,2026-09-11,13,Call,"7,815.00",-1.34%,18.6,20.12,19.3,31,57,0.54,11.86%,9.07%,0.244296,2026-08-28
$SPX,7711.76,2026-09-11,13,Call,"7,475.00",+3.07%,251.4,252,258.3,80,148,0.54,11.86%,13.16%,0.906674,2026-08-28
$SPX,7711.76,2026-10-16,48,Call,"7,910.00",-2.57%,61.8,62.6,62.8,33,61,0.54,11.86%,11.22%,0.314304,2026-08-28
$SPX,7711.76,2026-09-08,10,Call,"7,815.00",-1.34%,9.2,9,9.7,72,134,0.54,11.86%,7.90%,0.175044,2026-08-28
$SPX,7711.76,2026-09-02,4,Call,"7,855.00",-1.86%,0.15,0.25,0.3,316,589,0.54,11.86%,7.48%,0.010903,2026-08-28
$SPX,7711.76,2026-09-04,6,Call,"7,970.00",-3.35%,0.15,0.15,0.3,182,338,0.54,11.86%,10.21%,0.00686,2026-08-28
$SPX,7711.76,2026-10-09,41,Call,"6,000.00",+22.20%,1721.6,1729,1745.6,540,1000,0.54,11.86%,20.00%,0.999938,2026-08-28
$SPX,7711.76,2026-09-09,11,Put,"7,375.00",-4.37%,3.1,3.55,3.5,111,207,0.54,11.86%,15.14%,-0.039974,2026-08-28
$SPX,7711.76,2026-09-08,10,Put,"7,625.00",-1.13%,18.4,19.68,19,222,408,0.54,11.86%,10.44%,-0.237819,2026-08-28
$SPX,7711.76,2026-09-08,10,Put,"7,520.00",-2.49%,6.7,7.49,7.2,43,79,0.54,11.86%,12.13%,-0.095137,2026-08-28
$SPX,7711.76,2026-09-02,4,Put,"7,455.00",-3.33%,0.65,0.77,0.8,157,290,0.54,11.86%,15.35%,-0.016249,2026-08-28
$SPX,7711.76,2026-09-04,6,Put,"7,375.00",-4.37%,1.25,1.43,1.45,303,556,0.54,11.86%,17.44%,-0.021024,2026-08-28
$SPX,7711.76,2026-09-04,6,Put,"7,355.00",-4.63%,1.15,1.32,1.3,55,101,0.54,11.86%,18.06%,-0.018692,2026-08-28
$SPX,7711.76,2026-10-09,41,Put,"6,900.00",-10.53%,14,15,14.7,44,81,0.54,11.86%,22.23%,-0.056909,2026-08-28
$SPX,7711.76,2026-09-09,11,Put,"7,760.00",+0.63%,70.7,73.2,71.5,16,30,0.53,11.86%,8.86%,-0.642066,2026-08-28
$SPX,7711.76,2026-09-08,10,Put,"6,775.00",-12.15%,0.45,0.6,0.65,50,94,0.53,11.86%,30.42%,-0.004457,2026-08-28
$SPX,7711.76,2026-12-18,111,Put,"8,070.00",+4.65%,381.3,366.2,382.7,10,19,0.53,11.86%,11.23%,-0.786164,2026-08-28
$SPX,7711.76,2026-09-25,27,Put,"7,510.00",-2.62%,38.1,39.8,39.1,35,66,0.53,11.86%,14.21%,-0.222094,2026-08-28
$SPX,7711.76,2026-09-10,12,Put,"7,540.00",-2.23%,12.7,13.4,13.2,81,153,0.53,11.86%,12.40%,-0.144387,2026-08-28
$SPX,7711.76,2026-09-21,23,Put,"7,350.00",-4.69%,15.6,15.75,16.4,96,181,0.53,11.86%,16.20%,-0.105084,2026-08-28
$SPX,7711.76,2026-10-02,34,Put,"7,680.00",-0.41%,90,75.85,91.2,25,47,0.53,11.86%,12.37%,-0.422812,2026-08-28
$SPX,7711.76,2027-06-17,292,Put,"8,050.00",+4.39%,478.2,482.28,481.1,200,380,0.53,11.86%,14.09%,-0.591468,2026-08-28
$SPX,7711.76,2026-09-25,27,Call,"7,970.00",-3.35%,13,13.51,13.8,71,135,0.53,11.86%,9.81%,0.131219,2026-08-28
$SPX,7711.76,2026-09-18,20,Call,"8,025.00",-4.06%,3.2,3.2,3.6,680,1276,0.53,11.86%,9.62%,0.047594,2026-08-28
$SPX,7711.76,2026-09-17,19,Call,"7,775.00",-0.82%,49.9,51.87,50.9,17,32,0.53,11.86%,10.24%,0.398561,2026-08-28
$SPX,7711.76,2026-09-18,20,Call,"8,320.00",-7.89%,0.25,0.67,0.6,46,87,0.53,11.86%,12.47%,0.00592,2026-08-28
$SPX,7711.76,2026-12-31,124,Call,"7,725.00",-0.17%,297.6,334.64,299.5,128,241,0.53,11.86%,14.17%,0.570994,2026-08-28
$SPX,7711.76,2026-10-16,48,Call,"8,160.00",-5.81%,11.8,18.8,12.3,24,45,0.53,11.86%,10.47%,0.090078,2026-08-28
$SPX,7711.76,2026-10-16,48,Call,"7,925.00",-2.77%,55.3,56.4,57,667,1275,0.52,11.86%,11.03%,0.294652,2026-08-28
$SPX,7711.76,2026-11-30,93,Call,"7,460.00",+3.26%,426.6,425.99,432.8,15,29,0.52,11.86%,15.28%,0.724456,2026-08-28
$SPX,7711.76,2026-09-15,17,Call,"7,740.00",-0.37%,55.5,86.5,56.5,14,27,0.52,11.86%,9.52%,0.466004,2026-08-28
$SPX,7711.76,2026-09-30,32,Call,"7,620.00",+1.19%,179.2,176.51,180.4,49,94,0.52,11.86%,12.39%,0.667566,2026-08-28
$SPX,7711.76,2026-09-16,18,Call,"7,760.00",-0.63%,52.3,52.68,53.3,33,63,0.52,11.86%,10.02%,0.425175,2026-08-28
$SPX,7711.76,2026-10-12,44,Call,"7,975.00",-3.41%,33.1,34.3,34.4,17,33,0.52,11.86%,10.42%,0.215806,2026-08-28
$SPX,7711.76,2026-09-14,16,Call,"7,770.00",-0.76%,38.5,39.06,39.3,97,188,0.52,11.86%,9.14%,0.381862,2026-08-28
$SPX,7711.76,2026-09-04,6,Call,"7,820.00",-1.40%,5.2,5.09,5.6,1207,2300,0.52,11.86%,8.95%,0.123723,2026-08-28
$SPX,7711.76,2026-09-04,6,Call,"7,565.00",+1.90%,155.4,194.16,161.6,17,33,0.52,11.86%,12.96%,0.88511,2026-08-28
$SPX,7711.76,2026-09-04,6,Call,"8,000.00",-3.74%,0.15,0.2,0.25,2844,5498,0.52,11.86%,11.10%,0.005711,2026-08-28
$SPX,7711.76,2026-09-09,11,Put,"7,700.00",-0.15%,42.1,44.09,42.9,790,1532,0.52,11.86%,9.64%,-0.441258,2026-08-28
$SPX,7711.76,2026-09-09,11,Put,"7,380.00",-4.30%,3.2,4.08,3.6,28,54,0.52,11.86%,15.04%,-0.041259,2026-08-28
$SPX,7711.76,2026-10-16,48,Put,"7,595.00",-1.51%,87.6,89.25,88.6,14,27,0.52,11.86%,13.67%,-0.341089,2026-08-28
$SPX,7711.76,2026-09-02,4,Put,"7,400.00",-4.04%,0.45,0.55,0.6,725,1392,0.52,11.86%,17.40%,-0.010862,2026-08-28
$SPX,7711.76,2026-08-31,2,Put,"7,450.00",-3.39%,0.2,0.25,0.3,5124,9844,0.52,11.86%,19.13%,-0.006976,2026-08-28
$SPX,7711.76,2026-10-09,41,Put,"7,500.00",-2.75%,57.1,58.7,58.2,17,33,0.52,11.86%,14.53%,-0.252181,2026-08-28
$SPX,7711.76,2026-10-09,41,Put,"6,000.00",-22.20%,4,4.3,4.3,551,1058,0.52,11.86%,34.94%,-0.01271,2026-08-28
$SPX,7711.76,2026-10-16,48,Put,"7,825.00",+1.47%,172.8,175.94,174.7,152,294,0.52,11.86%,11.34%,-0.611355,2026-08-28
$SPX,7711.76,2026-09-10,12,Put,"7,420.00",-3.78%,5.3,6.25,5.9,11,21,0.52,11.86%,14.44%,-0.063238,2026-08-28
$SPX,7711.76,2026-09-18,20,Put,"7,740.00",+0.37%,87.3,89.6,88.3,101,195,0.52,11.86%,11.07%,-0.532022,2026-08-28
$SPX,7711.76,2026-09-15,17,Put,"7,775.00",+0.82%,93.8,84.21,94.7,11,21,0.52,11.86%,9.65%,-0.634715,2026-08-28
$SPX,7711.76,2026-09-30,32,Put,"7,645.00",-0.87%,74.9,79.35,76,49,95,0.52,11.86%,12.61%,-0.375046,2026-08-28
$SPX,7711.76,2026-10-30,62,Put,"7,620.00",-1.19%,115.5,115.83,116.7,32,63,0.51,11.86%,13.88%,-0.374691,2026-08-28
$SPX,7711.76,2026-09-21,23,Put,"6,500.00",-15.71%,2.5,2.75,2.8,42,83,0.51,11.86%,31.23%,-0.012321,2026-08-28
$SPX,7711.76,2026-09-01,3,Put,"7,780.00",+0.88%,62.2,60.66,78.7,48,94,0.51,11.86%,8.33%,-0.883616,2026-08-28
$SPX,7711.76,2026-09-01,3,Put,"7,510.00",-2.62%,0.6,0.71,0.75,139,274,0.51,11.86%,14.22%,-0.018572,2026-08-28
$SPX,7711.76,2026-09-30,32,Put,"7,665.00",-0.61%,80.8,84.89,82,49,96,0.51,11.86%,12.37%,-0.401066,2026-08-28
$SPX,7711.76,2026-09-11,13,Put,"7,555.00",-2.03%,17.4,18.69,18.1,21,41,0.51,11.86%,12.59%,-0.177688,2026-08-28
$SPX,7711.76,2026-09-11,13,Put,"6,900.00",-10.53%,1.35,1.65,1.55,922,1793,0.51,11.86%,26.26%,-0.010911,2026-08-28
$SPX,7711.76,2026-09-11,13,Put,"6,550.00",-15.06%,0.75,0.95,0.95,158,308,0.51,11.86%,34.47%,-0.005229,2026-08-28
$SPX,7711.76,2026-09-25,27,Call,"7,725.00",-0.17%,98.4,98.27,99.3,119,233,0.51,11.86%,11.37%,0.518676,2026-08-28
$SPX,7711.76,2026-09-18,20,Call,"7,745.00",-0.43%,69.3,67.8,70.3,64,126,0.51,11.86%,10.87%,0.46887,2026-08-28
$SPX,7711.76,2026-09-28,30,Call,"7,740.00",-0.37%,93.8,118.63,95.1,30,59,0.51,11.86%,10.97%,0.498584,2026-08-28
$SPX,7711.76,2026-09-22,24,Call,"7,925.00",-2.77%,14.8,15.38,15.7,50,99,0.51,11.86%,9.51%,0.156591,2026-08-28
$SPX,7711.76,2026-09-11,13,Call,"7,800.00",-1.14%,23.1,22.43,23.7,686,1342,0.51,11.86%,9.20%,0.283529,2026-08-28
$SPX,7711.76,2026-09-14,16,Call,"7,890.00",-2.31%,7.1,8.1,7.7,34,67,0.51,11.86%,8.35%,0.113667,2026-08-28
$SPX,7711.76,2026-09-03,5,Call,"7,660.00",+0.67%,61.1,68.77,78.3,26,51,0.51,11.86%,9.80%,0.737781,2026-08-28
$SPX,7711.76,2026-09-02,4,Call,"7,690.00",+0.28%,43.5,40.9,43.9,117,228,0.51,11.86%,9.22%,0.632605,2026-08-28
$SPX,7711.76,2026-08-31,2,Call,"7,700.00",+0.15%,25.3,22.79,25.7,4029,7862,0.51,11.86%,7.95%,0.616463,2026-08-28
$SPX,7711.76,2026-09-09,11,Put,"7,685.00",-0.35%,36.8,38.83,37.6,34,67,0.51,11.86%,9.85%,-0.396986,2026-08-28
$SPX,7711.76,2026-09-14,16,Put,"7,760.00",+0.63%,82,84,82.9,39,76,0.51,11.86%,9.50%,-0.603101,2026-08-28
$SPX,7711.76,2026-09-08,10,Put,"7,745.00",+0.43%,59.2,60.6,60,34,67,0.51,11.86%,8.78%,-0.598828,2026-08-28
$SPX,7711.76,2026-09-04,6,Put,"7,350.00",-4.69%,1.1,1.2,1.25,811,1586,0.51,11.86%,18.16%,-0.017917,2026-08-28
$SPX,7711.76,2026-08-31,2,Put,"7,850.00",+1.79%,134.6,140,138.7,92,182,0.51,11.86%,15.93%,-0.937859,2026-08-28
$SPX,7711.76,2027-03-31,214,Put,"7,550.00",-2.10%,246.2,250.58,248.4,42,82,0.51,11.86%,16.50%,-0.360418,2026-08-28
$SPX,7711.76,2026-09-14,16,Put,"7,650.00",-0.80%,38.8,40.39,39.7,112,222,0.5,11.86%,10.85%,-0.336616,2026-08-28
$SPX,7711.76,2026-08-31,2,Put,"7,420.00",-3.78%,0.15,0.15,0.25,174,351,0.5,11.86%,20.56%,-0.005329,2026-08-28
$SPX,7711.76,2026-08-31,2,Put,"7,370.00",-4.43%,0.15,0.15,0.25,155,310,0.5,11.86%,23.73%,-0.004671,2026-08-28
$SPX,7711.76,2026-10-05,37,Put,"5,200.00",-32.57%,1.1,1.11,1.35,99,200,0.5,11.86%,47.30%,-0.003312,2026-08-28
$SPX,7711.76,2026-10-16,48,Put,"7,555.00",-2.03%,76.8,79.5,78.5,24,48,0.5,11.86%,13.98%,-0.305814,2026-08-28
$SPX,7711.76,2026-10-16,48,Put,"7,450.00",-3.39%,57.6,59.05,59,3118,6184,0.5,11.86%,15.12%,-0.23198,2026-08-28
$SPX,7711.76,2027-01-15,139,Put,"7,900.00",+2.44%,299.6,300.2,301.9,537,1069,0.5,11.86%,12.84%,-0.579063,2026-08-28
$SPX,7711.76,2027-01-15,139,Put,"7,500.00",-2.75%,166.8,170.03,168.5,26,52,0.5,11.86%,15.87%,-0.328573,2026-08-28
$SPX,7711.76,2027-06-30,305,Put,"7,270.00",-5.73%,250,250.9,252.3,12,24,0.5,11.86%,18.93%,-0.285416,2026-08-28
$SPX,7711.76,2026-09-10,12,Put,"7,585.00",-1.64%,17.9,20.8,18.6,10,20,0.5,11.86%,11.66%,-0.199359,2026-08-28
$SPX,7711.76,2026-09-01,3,Put,"7,440.00",-3.52%,0.35,0.45,0.5,151,304,0.5,11.86%,17.28%,-0.010291,2026-08-28
$SPX,7711.76,2026-11-30,93,Put,"7,720.00",+0.11%,184.3,188.38,185.8,14,28,0.5,11.86%,13.60%,-0.457215,2026-08-28
$SPX,7711.76,2026-09-11,13,Put,"7,250.00",-5.99%,3.2,3.5,3.5,309,621,0.5,11.86%,18.18%,-0.032012,2026-08-28
$SPX,7711.76,2026-11-20,83,Call,"7,790.00",-1.01%,185.7,186.68,187.6,88,175,0.5,11.86%,13.15%,0.501951,2026-08-28
$SPX,7711.76,2026-09-18,20,Call,"7,750.00",-0.50%,66.7,66.04,67.6,452,907,0.5,11.86%,10.82%,0.458542,2026-08-28
$SPX,7711.76,2026-09-01,3,Call,"7,980.00",-3.48%,0,0.1,0.1,10,20,0.5,11.86%,12.89%,0.00191,2026-08-28
$SPX,7711.76,2026-09-30,32,Call,"7,635.00",+1.00%,168.3,164.49,169.5,32,64,0.5,11.86%,12.24%,0.649439,2026-08-28
$SPX,7711.76,2026-09-30,32,Call,"7,815.00",-1.34%,63,64.63,63.8,110,219,0.5,11.86%,10.64%,0.380898,2026-08-28
$SPX,7711.76,2026-11-20,83,Call,"8,275.00",-7.30%,27.4,27.73,28.4,10,20,0.5,11.86%,11.47%,0.134168,2026-08-28
$SPX,7711.76,2026-10-02,34,Call,"7,775.00",-0.82%,89.4,94.52,90.6,24,48,0.5,11.86%,11.39%,0.452988,2026-08-28
$SPX,7711.76,2026-09-18,20,Call,"7,745.00",-0.43%,67.6,67.95,69,1565,3118,0.5,11.86%,10.67%,0.468065,2026-08-28
$SPX,7711.76,2026-09-18,20,Call,"8,390.00",-8.79%,0.15,0.52,0.5,151,303,0.5,11.86%,13.32%,0.004362,2026-08-28
$SPX,7711.76,2026-09-11,13,Call,"7,680.00",+0.41%,83.6,85.75,84.4,57,113,0.5,11.86%,10.52%,0.611411,2026-08-28
$SPX,7711.76,2026-09-11,13,Call,"7,645.00",+0.87%,108.5,115.27,109.4,11,22,0.5,11.86%,10.97%,0.688871,2026-08-28
$SPX,7711.76,2026-12-18,111,Call,"8,110.00",-5.16%,94.5,105,95.7,12,24,0.5,11.86%,12.35%,0.296791,2026-08-28
$SPX,7711.76,2026-10-16,48,Call,"8,110.00",-5.16%,16.1,17.2,17.2,107,220,0.49,11.86%,10.43%,0.118263,2026-08-28
$SPX,7711.76,2026-09-21,23,Call,"7,700.00",+0.15%,99.3,100.7,100.5,70,142,0.49,11.86%,10.95%,0.560597,2026-08-28
$SPX,7711.76,2026-09-30,32,Call,"8,125.00",-5.36%,4.1,4.15,4.5,91,186,0.49,11.86%,9.79%,0.046984,2026-08-28
$SPX,7711.76,2026-09-28,30,Call,"7,850.00",-1.79%,43.7,42.72,44.8,84,170,0.49,11.86%,10.14%,0.31147,2026-08-28
$SPX,7711.76,2026-09-09,11,Call,"7,510.00",+2.62%,212.5,215.24,219.2,25,51,0.49,11.86%,11.55%,0.917322,2026-08-28
$SPX,7711.76,2026-09-03,5,Call,"7,890.00",-2.31%,0.2,0.25,0.35,240,487,0.49,11.86%,8.29%,0.010779,2026-08-28
$SPX,7711.76,2026-09-02,4,Call,"7,925.00",-2.77%,0,0.11,0.15,213,432,0.49,11.86%,9.41%,0.00325,2026-08-28
$SPX,7711.76,2026-09-04,6,Call,"7,680.00",+0.41%,62.8,61.27,63.3,153,312,0.49,11.86%,10.78%,0.636333,2026-08-28
$SPX,7711.76,2026-11-20,83,Put,"7,660.00",-0.67%,154.8,157.7,156.8,29,59,0.49,11.86%,14.02%,-0.412211,2026-08-28
$SPX,7711.76,2026-09-09,11,Put,"7,280.00",-5.60%,1.95,2.7,2.25,84,173,0.49,11.86%,17.21%,-0.024001,2026-08-28
$SPX,7711.76,2026-09-24,26,Put,"5,600.00",-27.38%,0.95,1.2,1.2,21,43,0.49,11.86%,45.95%,-0.003574,2026-08-28
$SPX,7711.76,2026-09-03,5,Put,"7,440.00",-3.52%,1.15,1.55,1.3,53,109,0.49,11.86%,15.64%,-0.023059,2026-08-28
$SPX,7711.76,2026-09-23,25,Put,"7,550.00",-2.10%,40.3,40.64,41.3,98,202,0.49,11.86%,13.48%,-0.248712,2026-08-28
$SPX,7711.76,2026-10-09,41,Put,"6,950.00",-9.88%,15.3,16.07,16.1,21,43,0.49,11.86%,21.55%,-0.063146,2026-08-28
$SPX,7711.76,2026-10-16,48,Put,"6,160.00",-20.12%,6.3,6.6,6.9,132,269,0.49,11.86%,31.54%,-0.019646,2026-08-28
$SPX,7711.76,2026-10-30,62,Put,"7,565.00",-1.90%,101.2,102.77,102.3,24,49,0.49,11.86%,14.40%,-0.331485,2026-08-28
$SPX,7711.76,2026-10-30,62,Put,"7,545.00",-2.16%,96.5,96.77,97.7,42,85,0.49,11.86%,14.60%,-0.316992,2026-08-28
$SPX,7711.76,2026-09-01,3,Put,"7,390.00",-4.17%,0.25,0.36,0.4,54,111,0.49,11.86%,19.42%,-0.007255,2026-08-28
$SPX,7711.76,2026-11-30,93,Put,"7,575.00",-1.77%,139.7,140.36,141.1,35,71,0.49,11.86%,14.77%,-0.354488,2026-08-28
$SPX,7711.76,2026-11-30,93,Put,"5,400.00",-29.98%,9.3,9.4,9.7,113,229,0.49,11.86%,35.95%,-0.017658,2026-08-28
$SPX,7711.76,2026-09-15,17,Put,"7,350.00",-4.69%,7.9,8.42,8.5,67,136,0.49,11.86%,15.75%,-0.069889,2026-08-28
$SPX,7711.76,2026-09-15,17,Put,"7,300.00",-5.34%,6.4,6.8,6.9,76,154,0.49,11.86%,16.62%,-0.055787,2026-08-28
$SPX,7711.76,2026-09-28,30,Put,"7,775.00",+0.82%,119.8,122.8,121.1,35,72,0.49,11.86%,10.92%,-0.57699,2026-08-28
$SPX,7711.76,2026-09-22,24,Put,"6,400.00",-17.01%,2.35,2.6,2.65,40,81,0.49,11.86%,32.71%,-0.010984,2026-08-28
$SPX,7711.76,2026-09-11,13,Put,"7,325.00",-5.02%,4.3,4.8,4.7,116,235,0.49,11.86%,16.59%,-0.044854,2026-08-28
$SPX,7711.76,2026-09-18,20,Put,"7,105.00",-7.87%,6.4,7.01,6.9,35,73,0.48,11.86%,21.05%,-0.042241,2026-08-28
$SPX,7711.76,2026-09-18,20,Put,"6,710.00",-12.99%,3,3.25,3.3,46,96,0.48,11.86%,28.72%,-0.016554,2026-08-28
$SPX,7711.76,2026-09-30,32,Put,"7,640.00",-0.93%,73.5,77.44,74.5,29,61,0.48,11.86%,12.66%,-0.368825,2026-08-28
$SPX,7711.76,2026-09-30,32,Put,"7,405.00",-3.98%,31.8,32.96,32.4,45,94,0.48,11.86%,15.56%,-0.166932,2026-08-28
$SPX,7711.76,2026-11-20,83,Put,"7,695.00",-0.22%,167.8,156.28,169.1,10,21,0.48,11.86%,13.80%,-0.440592,2026-08-28
$SPX,7711.76,2026-09-16,18,Put,"7,380.00",-4.30%,11.7,13.8,12.3,23,48,0.48,11.86%,15.79%,-0.093741,2026-08-28
$SPX,7711.76,2026-09-17,19,Put,"7,225.00",-6.31%,7.8,8.67,8.4,48,101,0.48,11.86%,18.78%,-0.056598,2026-08-28
$SPX,7711.76,2026-09-18,20,Put,"7,745.00",+0.43%,87.9,84,89.4,1544,3184,0.48,11.86%,10.80%,-0.54339,2026-08-28
$SPX,7711.76,2026-09-11,13,Put,"7,190.00",-6.77%,2.65,3.29,2.85,27,56,0.48,11.86%,19.50%,-0.025285,2026-08-28
$SPX,7711.76,2026-09-25,27,Call,"7,720.00",-0.11%,101.4,100.67,102.5,99,208,0.48,11.86%,11.43%,0.526933,2026-08-28
$SPX,7711.76,2026-09-25,27,Call,"7,890.00",-2.31%,28.7,28.6,29.3,39,81,0.48,11.86%,10.12%,0.236171,2026-08-28
$SPX,7711.76,2026-09-15,17,Call,"7,760.00",-0.63%,45.9,45.96,46.7,37,77,0.48,11.86%,9.36%,0.414921,2026-08-28
$SPX,7711.76,2027-06-17,292,Call,"8,675.00",-12.49%,138.9,141.4,140.8,249,521,0.48,11.86%,13.66%,0.260713,2026-08-28
$SPX,7711.76,2026-09-16,18,Call,"7,850.00",-1.79%,20.3,20.9,21.1,62,129,0.48,11.86%,9.40%,0.224998,2026-08-28
$SPX,7711.76,2026-09-11,13,Call,"7,890.00",-2.31%,5.3,5.7,5.7,102,211,0.48,11.86%,8.63%,0.094196,2026-08-28
$SPX,7711.76,2026-09-14,16,Call,"7,830.00",-1.53%,18.1,26,18.9,16,33,0.48,11.86%,8.68%,0.22934,2026-08-28
$SPX,7711.76,2026-09-08,10,Call,"7,720.00",-0.11%,44.3,43.3,45.1,64,132,0.48,11.86%,8.83%,0.500913,2026-08-28
$SPX,7711.76,2026-11-20,83,Put,"6,960.00",-9.75%,46.2,46.4,47.4,52,109,0.48,11.86%,20.57%,-0.120781,2026-08-28
$SPX,7711.76,2026-09-24,26,Put,"7,650.00",-0.80%,65.6,67.45,66.9,61,128,0.48,11.86%,12.34%,-0.373841,2026-08-28
$SPX,7711.76,2026-10-16,48,Put,"7,120.00",-7.67%,27.7,30.3,28.5,13,27,0.48,11.86%,19.18%,-0.106373,2026-08-28
$SPX,7711.76,2026-09-03,5,Put,"7,420.00",-3.78%,1,1.15,1.15,38,80,0.48,11.86%,16.28%,-0.019812,2026-08-28
$SPX,7711.76,2026-09-02,4,Put,"7,690.00",-0.28%,19.2,20.6,19.6,192,397,0.48,11.86%,9.35%,-0.371963,2026-08-28
$SPX,7711.76,2026-09-02,4,Put,"7,560.00",-1.97%,2.3,2.67,2.5,427,889,0.48,11.86%,12.26%,-0.05661,2026-08-28
$SPX,7711.76,2026-09-04,6,Put,"7,810.00",+1.27%,98.4,86.08,101.9,44,92,0.48,11.86%,8.07%,-0.902535,2026-08-28
$SPX,7711.76,2026-09-04,6,Put,"6,525.00",-15.39%,0.15,0.2,0.3,104,217,0.48,11.86%,45.13%,-0.001718,2026-08-28
$SPX,7711.76,2026-09-09,11,Put,"7,540.00",-2.23%,10.2,11.65,10.8,14,30,0.47,11.86%,12.08%,-0.128922,2026-08-28
$SPX,7711.76,2026-09-03,5,Put,"7,340.00",-4.82%,0.6,0.7,0.75,49,104,0.47,11.86%,18.82%,-0.011463,2026-08-28
$SPX,7711.76,2026-09-02,4,Put,"6,975.00",-9.55%,0.15,0.25,0.3,78,165,0.47,11.86%,34.75%,-0.002653,2026-08-28
$SPX,7711.76,2026-09-04,6,Put,"7,395.00",-4.11%,1.45,1.45,1.6,96,205,0.47,11.86%,16.87%,-0.02412,2026-08-28
$SPX,7711.76,2026-09-04,6,Put,"7,270.00",-5.73%,0.75,0.85,0.95,132,282,0.47,11.86%,20.67%,-0.011927,2026-08-28
$SPX,7711.76,2026-09-04,6,Put,"6,700.00",-13.12%,0.25,0.3,0.35,1044,2198,0.47,11.86%,39.64%,-0.002532,2026-08-28
$SPX,7711.76,2026-08-31,2,Put,"7,540.00",-2.23%,0.3,0.35,0.45,828,1773,0.47,11.86%,13.89%,-0.013449,2026-08-28
$SPX,7711.76,2026-09-18,20,Put,"7,525.00",-2.42%,29.1,30.01,29.8,206,441,0.47,11.86%,13.93%,-0.205692,2026-08-28
$SPX,7711.76,2026-09-11,13,Put,"7,700.00",-0.15%,50.4,52.56,51.1,1036,2190,0.47,11.86%,10.41%,-0.445939,2026-08-28
$SPX,7711.76,2026-09-11,13,Put,"7,510.00",-2.62%,12.8,13.66,13.2,72,154,0.47,11.86%,13.30%,-0.132354,2026-08-28
$SPX,7711.76,2026-09-11,13,Put,"7,480.00",-3.01%,10.5,11,10.9,125,268,0.47,11.86%,13.80%,-0.109415,2026-08-28
$SPX,7711.76,2026-09-25,27,Call,"7,680.00",+0.41%,126.5,143.6,127.7,25,53,0.47,11.86%,11.84%,0.590055,2026-08-28
$SPX,7711.76,2027-09-17,384,Call,"8,400.00",-8.92%,335.6,335.6,338.2,250,529,0.47,11.86%,15.12%,0.421402,2026-08-28
$SPX,7711.76,2026-09-18,20,Call,"7,865.00",-1.99%,23.2,24.66,23.9,90,193,0.47,11.86%,9.98%,0.227988,2026-08-28
$SPX,7711.76,2026-10-30,62,Call,"7,780.00",-0.88%,151.2,151.55,152.7,77,164,0.47,11.86%,12.72%,0.491366,2026-08-28
$SPX,7711.76,2026-10-01,33,Call,"8,000.00",-3.74%,15.2,15.83,16.1,23,49,0.47,11.86%,9.95%,0.135787,2026-08-28
$SPX,7711.76,2026-09-11,13,Call,"7,810.00",-1.27%,20.1,20.25,20.8,100,214,0.47,11.86%,9.13%,0.257582,2026-08-28
$SPX,7711.76,2026-09-08,10,Call,"7,800.00",-1.14%,12.5,12,13,441,945,0.47,11.86%,8.02%,0.218889,2026-08-28
$SPX,7711.76,2026-09-02,4,Call,"7,725.00",-0.17%,22.7,21.2,23.2,448,958,0.47,11.86%,8.61%,0.44364,2026-08-28
$SPX,7711.76,2026-08-31,2,Call,"7,640.00",+0.93%,73.6,73,77.7,57,121,0.47,11.86%,9.72%,0.908423,2026-08-28
$SPX,7711.76,2026-09-10,12,Call,"7,860.00",-1.92%,6.2,5.9,6.6,65,142,0.46,11.86%,8.17%,0.115521,2026-08-28
$SPX,7711.76,2026-09-30,32,Call,"7,780.00",-0.88%,79.2,78.09,80,253,550,0.46,11.86%,10.91%,0.438026,2026-08-28
$SPX,7711.76,2026-09-16,18,Call,"7,710.00",+0.02%,79,81.98,80,11,24,0.46,11.86%,10.47%,0.539212,2026-08-28
$SPX,7711.76,2026-09-16,18,Call,"7,975.00",-3.41%,3.5,3.45,4.1,110,237,0.46,11.86%,9.04%,0.057799,2026-08-28
$SPX,7711.76,2026-09-17,19,Call,"7,900.00",-2.44%,12.9,13,13.7,77,167,0.46,11.86%,9.47%,0.154418,2026-08-28
$SPX,7711.76,2026-09-14,16,Call,"7,700.00",+0.15%,75.4,73.77,76.3,187,403,0.46,11.86%,9.82%,0.564342,2026-08-28
$SPX,7711.76,2026-09-14,16,Call,"7,880.00",-2.18%,8.4,8.73,9.1,17,37,0.46,11.86%,8.40%,0.129758,2026-08-28
$SPX,7711.76,2026-09-08,10,Call,"8,050.00",-4.39%,0.05,0.17,0.3,199,437,0.46,11.86%,9.68%,0.004538,2026-08-28
$SPX,7711.76,2026-10-16,48,Put,"7,675.00",-0.48%,110.7,112.56,111.9,113,245,0.46,11.86%,12.86%,-0.420872,2026-08-28
$SPX,7711.76,2026-09-04,6,Put,"7,725.00",+0.17%,43.6,45.61,44.1,911,1962,0.46,11.86%,9.88%,-0.538691,2026-08-28
$SPX,7711.76,2026-09-04,6,Put,"7,500.00",-2.75%,3.4,3.7,3.6,2807,6062,0.46,11.86%,14.17%,-0.057966,2026-08-28
$SPX,7711.76,2026-09-04,6,Put,"7,125.00",-7.61%,0.5,0.55,0.65,305,660,0.46,11.86%,25.43%,-0.006934,2026-08-28
$SPX,7711.76,2026-08-31,2,Put,"7,315.00",-5.14%,0.1,0.1,0.2,58,127,0.46,11.86%,26.40%,-0.003251,2026-08-28
$SPX,7711.76,2026-10-09,41,Put,"7,625.00",-1.13%,84.3,87.07,85.5,21,46,0.46,11.86%,13.13%,-0.36227,2026-08-28
$SPX,7711.76,2026-10-16,48,Put,"7,695.00",-0.22%,116.3,116,117.9,74,162,0.46,11.86%,12.57%,-0.443097,2026-08-28
$SPX,7711.76,2026-09-25,27,Put,"7,570.00",-1.84%,48.5,49.8,49.5,32,70,0.46,11.86%,13.42%,-0.278216,2026-08-28
$SPX,7711.76,2026-09-10,12,Put,"7,630.00",-1.06%,25.8,26.6,26.5,69,150,0.46,11.86%,10.97%,-0.27539,2026-08-28
$SPX,7711.76,2026-09-18,20,Put,"7,850.00",+1.79%,149.8,153.5,155.7,31,68,0.46,11.86%,9.86%,-0.776556,2026-08-28
$SPX,7711.76,2026-10-30,62,Put,"5,800.00",-24.79%,7,7.15,7.4,409,891,0.46,11.86%,34.56%,-0.01732,2026-08-28
$SPX,7711.76,2026-09-30,32,Put,"7,855.00",+1.86%,170.3,173.6,171.3,11,24,0.46,11.86%,10.40%,-0.715038,2026-08-28
$SPX,7711.76,2026-09-16,18,Put,"7,175.00",-6.96%,5.5,5.64,6,18,39,0.46,11.86%,19.45%,-0.041816,2026-08-28
$SPX,7711.76,2026-09-17,19,Put,"7,600.00",-1.45%,39.5,42.9,40.4,61,133,0.46,11.86%,12.73%,-0.283808,2026-08-28
$SPX,7711.76,2026-09-17,19,Put,"7,450.00",-3.39%,18.8,20.64,19.6,62,136,0.46,11.86%,14.99%,-0.140843,2026-08-28
$SPX,7711.76,2026-09-11,13,Put,"7,350.00",-4.69%,4.9,5.13,5.3,463,998,0.46,11.86%,16.13%,-0.051228,2026-08-28
$SPX,7711.76,2026-11-20,83,Put,"6,500.00",-15.71%,25.1,25.62,26.1,3368,7503,0.45,11.86%,25.22%,-0.061082,2026-08-28
$SPX,7711.76,2027-01-15,139,Put,"7,475.00",-3.07%,161.2,164.33,162.8,25,56,0.45,11.86%,16.06%,-0.317696,2026-08-28
$SPX,7711.76,2026-10-30,62,Put,"5,920.00",-23.23%,8,8.28,8.4,30,66,0.45,11.86%,33.11%,-0.02023,2026-08-28
$SPX,7711.76,2026-11-30,93,Put,"6,450.00",-16.36%,27.4,27.9,28.2,25,55,0.45,11.86%,25.24%,-0.062237,2026-08-28
$SPX,7711.76,2026-09-30,32,Put,"7,615.00",-1.25%,66.6,69,67.8,32,71,0.45,11.86%,12.94%,-0.338721,2026-08-28
$SPX,7711.76,2026-12-18,111,Put,"7,060.00",-8.45%,76.5,76.8,78,18,40,0.45,11.86%,19.57%,-0.167156,2026-08-28
$SPX,7711.76,2026-11-20,83,Put,"7,660.00",-0.67%,156.2,160.77,157.5,10,22,0.45,11.86%,14.09%,-0.412545,2026-08-28
$SPX,7711.76,2026-10-02,34,Put,"7,625.00",-1.13%,73.5,78.22,74.7,118,264,0.45,11.86%,12.99%,-0.354623,2026-08-28
$SPX,7711.76,2026-09-25,27,Call,"8,100.00",-5.03%,3.2,3.3,3.6,170,374,0.45,11.86%,9.76%,0.041312,2026-08-28
$SPX,7711.76,2026-10-30,62,Call,"7,815.00",-1.34%,132.6,132.95,134,53,117,0.45,11.86%,12.49%,0.456127,2026-08-28
$SPX,7711.76,2026-11-20,83,Call,"7,970.00",-3.35%,102.3,108.58,103.6,10,22,0.45,11.86%,12.32%,0.349061,2026-08-28
$SPX,7711.76,2026-10-02,34,Call,"7,925.00",-2.77%,32.2,31.42,33.2,39,87,0.45,11.86%,10.43%,0.232008,2026-08-28
$SPX,7711.76,2026-09-18,20,Call,"8,050.00",-4.39%,2.1,2.5,2.6,4931,11079,0.45,11.86%,9.57%,0.034668,2026-08-28
$SPX,7711.76,2026-09-18,20,Call,"8,175.00",-6.01%,0.6,0.8,1,1206,2677,0.45,11.86%,10.62%,0.012134,2026-08-28
$SPX,7711.76,2026-09-29,31,Call,"8,000.00",-3.74%,12.2,12,13.1,25,56,0.45,11.86%,9.67%,0.119746,2026-08-28
$SPX,7711.76,2026-09-08,10,Call,"7,810.00",-1.27%,10.2,9.8,10.6,102,225,0.45,11.86%,7.92%,0.18849,2026-08-28
$SPX,7711.76,2026-09-14,16,Put,"7,630.00",-1.06%,33.9,35.88,34.7,10,22,0.45,11.86%,11.12%,-0.299373,2026-08-28
$SPX,7711.76,2026-09-03,5,Put,"7,400.00",-4.04%,0.85,1.2,1,134,296,0.45,11.86%,16.86%,-0.016798,2026-08-28
$SPX,7711.76,2026-09-02,4,Put,"7,825.00",+1.47%,105.1,119.11,121.3,27,60,0.45,11.86%,13.02%,-0.857712,2026-08-28
$SPX,7711.76,2026-09-02,4,Put,"7,495.00",-2.81%,1,1.14,1.15,91,202,0.45,11.86%,14.11%,-0.024859,2026-08-28
$SPX,7711.76,2026-08-31,2,Put,"7,180.00",-6.90%,0.05,0.1,0.15,77,170,0.45,11.86%,33.37%,-0.001799,2026-08-28
$SPX,7711.76,2027-01-29,153,Put,"6,950.00",-9.88%,93.8,95.2,95.2,25,57,0.44,11.86%,20.21%,-0.167311,2026-08-28
$SPX,7711.76,2026-09-08,10,Put,"7,665.00",-0.61%,27.3,29.5,28,50,113,0.44,11.86%,9.83%,-0.332911,2026-08-28
$SPX,7711.76,2026-09-08,10,Put,"7,310.00",-5.21%,1.6,1.87,1.9,28,63,0.44,11.86%,16.46%,-0.022174,2026-08-28
$SPX,7711.76,2026-09-03,5,Put,"7,605.00",-1.38%,7.4,9.2,7.8,60,135,0.44,11.86%,11.55%,-0.141971,2026-08-28
$SPX,7711.76,2026-09-02,4,Put,"7,440.00",-3.52%,0.6,0.65,0.75,283,640,0.44,11.86%,15.96%,-0.014717,2026-08-28
$SPX,7711.76,2026-09-04,6,Put,"7,790.00",+1.01%,81.4,86.6,87.5,71,161,0.44,11.86%,8.79%,-0.817371,2026-08-28
$SPX,7711.76,2026-08-31,2,Put,"7,275.00",-5.66%,0.1,0.1,0.2,266,608,0.44,11.86%,28.85%,-0.002994,2026-08-28
$SPX,7711.76,2026-12-18,111,Put,"6,475.00",-16.04%,38.4,38.9,39.3,12,27,0.44,11.86%,24.83%,-0.077485,2026-08-28
$SPX,7711.76,2026-10-16,48,Put,"6,760.00",-12.34%,14.3,14.5,15.1,164,372,0.44,11.86%,23.64%,-0.051341,2026-08-28
$SPX,7711.76,2026-09-25,27,Put,"7,420.00",-3.78%,27.2,27.91,28.2,35,80,0.44,11.86%,15.46%,-0.15987,2026-08-28
$SPX,7711.76,2026-09-10,12,Put,"7,520.00",-2.49%,10.8,11.53,11.4,35,80,0.44,11.86%,12.71%,-0.124842,2026-08-28
$SPX,7711.76,2026-09-18,20,Put,"7,575.00",-1.77%,37.1,38.55,37.9,974,2204,0.44,11.86%,13.20%,-0.258198,2026-08-28
$SPX,7711.76,2026-09-18,20,Put,"7,365.00",-4.50%,14.6,16.35,15.3,42,95,0.44,11.86%,16.47%,-0.103884,2026-08-28
$SPX,7711.76,2026-09-01,3,Put,"7,560.00",-1.97%,1.15,1.35,1.35,199,450,0.44,11.86%,12.40%,-0.036106,2026-08-28
$SPX,7711.76,2026-09-30,32,Put,"7,605.00",-1.38%,64.3,65.89,65.3,44,99,0.44,11.86%,13.07%,-0.327594,2026-08-28
$SPX,7711.76,2026-09-28,30,Put,"7,000.00",-9.23%,9.2,10.1,9.9,43,98,0.44,11.86%,21.26%,-0.047892,2026-08-28
$SPX,7711.76,2026-09-17,19,Put,"7,680.00",-0.41%,61.1,63.5,62.1,21,48,0.44,11.86%,11.69%,-0.41245,2026-08-28
$SPX,7711.76,2026-10-16,48,Call,"7,835.00",-1.60%,90.1,91.87,92,45,102,0.44,11.86%,11.52%,0.404393,2026-08-28
$SPX,7711.76,2026-09-18,20,Call,"7,720.00",-0.11%,83.1,82.27,84.1,114,261,0.44,11.86%,11.11%,0.519308,2026-08-28
$SPX,7711.76,2026-09-21,23,Call,"7,720.00",-0.11%,87.3,89.55,88.5,46,104,0.44,11.86%,10.77%,0.523377,2026-08-28
$SPX,7711.76,2026-09-30,32,Call,"7,795.00",-1.08%,72,70.78,72.8,1171,2689,0.44,11.86%,10.79%,0.413616,2026-08-28
$SPX,7711.76,2026-09-08,10,Call,"8,075.00",-4.71%,0.05,0.1,0.3,127,286,0.44,11.86%,10.31%,0.004282,2026-08-28
$SPX,7711.76,2026-09-02,4,Call,"7,930.00",-2.83%,0,0.1,0.15,145,326,0.44,11.86%,9.61%,0.003189,2026-08-28
$SPX,7711.76,2026-09-04,6,Call,"7,960.00",-3.22%,0.2,0.2,0.3,143,328,0.44,11.86%,9.98%,0.007705,2026-08-28
$SPX,7711.76,2026-10-09,41,Call,"8,050.00",-4.39%,17.7,18.12,18.6,36,82,0.44,11.86%,10.36%,0.13593,2026-08-28
$SPX,7711.76,2026-10-16,48,Call,"7,970.00",-3.35%,42.2,42.4,43.7,75,173,0.43,11.86%,10.85%,0.243882,2026-08-28
$SPX,7711.76,2026-09-25,27,Call,"7,710.00",+0.02%,107.4,106.06,108.4,70,162,0.43,11.86%,11.52%,0.54326,2026-08-28
$SPX,7711.76,2026-09-18,20,Call,"8,070.00",-4.65%,1.9,2,2.2,70,161,0.43,11.86%,9.81%,0.030099,2026-08-28
$SPX,7711.76,2030-12-20,1574,Call,"17,000.00",-120.44%,25.1,34,43.7,12,28,0.43,11.86%,15.26%,0.039031,2026-08-28
$SPX,7711.76,2026-09-01,3,Call,"7,670.00",+0.54%,44,52.5,60.9,60,139,0.43,11.86%,8.75%,0.766028,2026-08-28
$SPX,7711.76,2026-09-24,26,Call,"8,025.00",-4.06%,6.1,6.45,6.8,27,63,0.43,11.86%,9.56%,0.074058,2026-08-28
$SPX,7711.76,2026-12-31,124,Call,"7,825.00",-1.47%,237.8,240.42,239.5,58,136,0.43,11.86%,13.62%,0.50831,2026-08-28
$SPX,7711.76,2026-10-16,48,Call,"7,795.00",-1.08%,111.1,119.77,112.3,20,46,0.43,11.86%,11.90%,0.454544,2026-08-28
$SPX,7711.76,2026-09-08,10,Call,"7,770.00",-0.76%,21.5,21.4,22.1,68,160,0.43,11.86%,8.29%,0.319521,2026-08-28
$SPX,7711.76,2026-09-08,10,Call,"7,910.00",-2.57%,0.85,1.1,1.15,428,995,0.43,11.86%,7.62%,0.027019,2026-08-28
$SPX,7711.76,2026-09-03,5,Call,"7,785.00",-0.95%,7.5,6.98,7.8,286,669,0.43,11.86%,8.46%,0.184286,2026-08-28
$SPX,7711.76,2026-09-04,6,Call,"7,640.00",+0.93%,89.9,91.6,95.9,24,56,0.43,11.86%,11.41%,0.754098,2026-08-28
$SPX,7711.76,2026-09-04,6,Call,"7,975.00",-3.41%,0.15,0.21,0.3,233,539,0.43,11.86%,10.38%,0.006756,2026-08-28
$SPX,7711.76,2026-11-20,83,Put,"7,630.00",-1.06%,145.6,146.39,147.5,76,176,0.43,11.86%,14.26%,-0.390444,2026-08-28
$SPX,7711.76,2026-09-14,16,Put,"7,320.00",-5.08%,5.7,5.12,6.2,13,30,0.43,11.86%,16.06%,-0.053631,2026-08-28
$SPX,7711.76,2026-09-08,10,Put,"7,690.00",-0.28%,35,35.34,35.7,120,278,0.43,11.86%,9.49%,-0.406588,2026-08-28
$SPX,7711.76,2026-09-08,10,Put,"7,660.00",-0.67%,26,28.35,26.7,75,174,0.43,11.86%,9.91%,-0.319568,2026-08-28
$SPX,7711.76,2026-09-02,4,Put,"7,280.00",-5.60%,0.3,0.3,0.45,40,92,0.43,11.86%,22.34%,-0.006374,2026-08-28
$SPX,7711.76,2026-09-04,6,Put,"7,875.00",+2.12%,152.9,164.64,172.9,57,134,0.43,11.86%,11.25%,-0.940675,2026-08-28
$SPX,7711.76,2026-09-04,6,Put,"7,320.00",-5.08%,0.95,1.15,1.1,124,286,0.43,11.86%,19.08%,-0.015169,2026-08-28
$SPX,7711.76,2026-08-31,2,Put,"7,280.00",-5.60%,0.1,0.14,0.2,70,161,0.43,11.86%,28.55%,-0.003024,2026-08-28
$SPX,7711.76,2026-10-16,48,Put,"7,700.00",-0.15%,117.8,120.43,119.7,4337,10122,0.43,11.86%,12.51%,-0.448692,2026-08-28
$SPX,7711.76,2026-10-16,48,Put,"7,350.00",-4.69%,44.8,45.96,46,3390,7919,0.43,11.86%,16.27%,-0.179932,2026-08-28
$SPX,7711.76,2027-01-15,139,Put,"7,800.00",+1.14%,257.9,255.9,259.7,10,23,0.43,11.86%,13.63%,-0.500683,2026-08-28
$SPX,7711.76,2026-09-10,12,Put,"7,565.00",-1.90%,15.3,17,16,40,94,0.43,11.86%,11.99%,-0.172713,2026-08-28
$SPX,7711.76,2026-09-18,20,Put,"6,900.00",-10.53%,4.1,4.6,4.5,529,1219,0.43,11.86%,24.97%,-0.02477,2026-08-28
$SPX,7711.76,2026-09-30,32,Put,"7,680.00",-0.41%,85.7,89.91,86.9,65,151,0.43,11.86%,12.20%,-0.421632,2026-08-28
$SPX,7711.76,2027-06-17,292,Put,"2,500.00",-67.58%,5.5,5.6,6.1,103,237,0.43,11.86%,54.17%,-0.004287,2026-08-28
$SPX,7711.76,2026-09-17,19,Put,"7,670.00",-0.54%,57.8,60.68,58.8,10,23,0.43,11.86%,11.81%,-0.39398,2026-08-28
$SPX,7711.76,2026-09-17,19,Put,"7,325.00",-5.02%,11.1,13.7,11.8,35,82,0.43,11.86%,17.03%,-0.082572,2026-08-28
$SPX,7711.76,2026-09-25,27,Put,"6,650.00",-13.77%,4.5,4.8,4.9,202,477,0.42,11.86%,27.81%,-0.021222,2026-08-28
$SPX,7711.76,2026-09-18,20,Put,"7,610.00",-1.32%,44.2,45.69,45,75,178,0.42,11.86%,12.70%,-0.302561,2026-08-28
$SPX,7711.76,2026-09-21,23,Put,"7,675.00",-0.48%,65.4,68.7,66.6,109,259,0.42,11.86%,11.63%,-0.406204,2026-08-28
$SPX,7711.76,2026-09-01,3,Put,"7,525.00",-2.42%,0.7,0.75,0.85,204,489,0.42,11.86%,13.60%,-0.021852,2026-08-28
$SPX,7711.76,2026-11-30,93,Put,"6,250.00",-18.95%,21.8,22.58,22.6,35,83,0.42,11.86%,27.21%,-0.048005,2026-08-28
$SPX,7711.76,2026-09-15,17,Put,"7,325.00",-5.02%,7.1,7.62,7.6,62,148,0.42,11.86%,16.17%,-0.062229,2026-08-28
$SPX,7711.76,2026-09-28,30,Put,"7,650.00",-0.80%,71,72.55,72.2,92,218,0.42,11.86%,12.27%,-0.377235,2026-08-28
$SPX,7711.76,2026-11-20,83,Put,"7,510.00",-2.62%,116.2,118.14,117.4,19,45,0.42,11.86%,15.38%,-0.312747,2026-08-28
$SPX,7711.76,2027-05-21,265,Put,"7,250.00",-5.99%,219.7,224.93,221.8,108,256,0.42,11.86%,18.85%,-0.274248,2026-08-28
$SPX,7711.76,2026-09-17,19,Put,"5,200.00",-32.57%,0.25,0.35,0.45,146,348,0.42,11.86%,58.29%,-0.001174,2026-08-28
$SPX,7711.76,2026-09-18,20,Call,"8,110.00",-5.16%,1.25,1.77,1.55,148,352,0.42,11.86%,10.10%,0.020949,2026-08-28
$SPX,7711.76,2026-09-21,23,Call,"8,125.00",-5.36%,1.3,2.67,1.65,13,31,0.42,11.86%,9.75%,0.021285,2026-08-28
$SPX,7711.76,2026-09-01,3,Call,"7,905.00",-2.51%,0,0.15,0.1,182,433,0.42,11.86%,9.59%,0.002509,2026-08-28
$SPX,7711.76,2027-08-20,356,Call,"7,850.00",-1.79%,588.9,590.05,592.1,32,77,0.42,11.86%,16.84%,0.583297,2026-08-28
$SPX,7711.76,2026-09-02,4,Call,"7,650.00",+0.80%,64.6,72.74,81.5,28,67,0.42,11.86%,9.42%,0.805256,2026-08-28
$SPX,7711.76,2026-09-04,6,Call,"8,010.00",-3.87%,0.1,0.12,0.25,76,181,0.42,11.86%,11.27%,0.004984,2026-08-28
$SPX,7711.76,2026-09-04,6,Call,"8,275.00",-7.30%,0.05,0.1,0.15,105,251,0.42,11.86%,18.72%,0.00187,2026-08-28
$SPX,7711.76,2026-12-18,111,Call,"8,550.00",-10.87%,17.7,19.7,18.4,85,202,0.42,11.86%,11.65%,0.082025,2026-08-28
$SPX,7711.76,2026-11-20,83,Put,"7,840.00",+1.66%,226,230.6,227.9,26,62,0.42,11.86%,12.58%,-0.571621,2026-08-28
$SPX,7711.76,2026-09-09,11,Put,"7,580.00",-1.71%,14.5,15.65,15,116,274,0.42,11.86%,11.44%,-0.177135,2026-08-28
$SPX,7711.76,2026-09-14,16,Put,"7,610.00",-1.32%,29.6,31.1,30.4,33,78,0.42,11.86%,11.40%,-0.265968,2026-08-28
$SPX,7711.76,2026-09-14,16,Put,"7,550.00",-2.10%,20.1,21.1,20.6,72,173,0.42,11.86%,12.27%,-0.186089,2026-08-28
$SPX,7711.76,2026-09-14,16,Put,"7,400.00",-4.04%,8.4,9,8.9,76,183,0.42,11.86%,14.67%,-0.079744,2026-08-28
$SPX,7711.76,2026-09-14,16,Put,"7,225.00",-6.31%,4,5.4,4.4,36,86,0.42,11.86%,17.90%,-0.036078,2026-08-28
$SPX,7711.76,2026-09-08,10,Put,"7,430.00",-3.65%,3.2,3.8,3.6,40,96,0.42,11.86%,13.80%,-0.046367,2026-08-28
$SPX,7711.76,2026-09-03,5,Put,"7,550.00",-2.10%,3.6,4,3.8,2242,5304,0.42,11.86%,12.73%,-0.072028,2026-08-28
$SPX,7711.76,2026-09-03,5,Put,"7,350.00",-4.69%,0.65,0.75,0.8,112,264,0.42,11.86%,18.55%,-0.012387,2026-08-28
$SPX,7711.76,2027-02-19,174,Put,"6,800.00",-11.82%,92.1,89,93.8,1401,3326,0.42,11.86%,21.27%,-0.149838,2026-08-28
$SPX,7711.76,2027-03-19,202,Put,"7,750.00",+0.50%,296.5,300.4,298.6,1447,3490,0.41,11.86%,15.08%,-0.451485,2026-08-28
$SPX,7711.76,2026-09-09,11,Put,"7,630.00",-1.06%,22.4,27.18,23.2,30,73,0.41,11.86%,10.65%,-0.262493,2026-08-28
$SPX,7711.76,2026-09-09,11,Put,"7,100.00",-7.93%,1.1,1.3,1.35,48,117,0.41,11.86%,21.56%,-0.012109,2026-08-28
$SPX,7711.76,2026-09-24,26,Put,"7,500.00",-2.75%,34.8,36.1,35.8,24,59,0.41,11.86%,14.28%,-0.209507,2026-08-28
$SPX,7711.76,2026-12-31,124,Put,"8,075.00",+4.71%,387.3,390.1,389,88,216,0.41,11.86%,11.09%,-0.781022,2026-08-28
$SPX,7711.76,2026-10-16,48,Put,"7,690.00",-0.28%,115.8,119.88,117,23,56,0.41,11.86%,12.72%,-0.437548,2026-08-28
$SPX,7711.76,2026-10-16,48,Put,"7,030.00",-8.84%,23.2,23.4,24,11,27,0.41,11.86%,20.29%,-0.087681,2026-08-28
$SPX,7711.76,2026-09-08,10,Put,"6,100.00",-20.90%,0.15,0.25,0.35,200,491,0.41,11.86%,48.20%,-0.001399,2026-08-28
$SPX,7711.76,2026-09-04,6,Put,"7,360.00",-4.56%,1.15,1.3,1.35,112,270,0.41,11.86%,17.89%,-0.019188,2026-08-28
$SPX,7711.76,2027-03-31,214,Put,"7,170.00",-7.03%,166.8,167.4,168.8,11,27,0.41,11.86%,18.94%,-0.241533,2026-08-28
$SPX,7711.76,2026-10-16,48,Put,"6,730.00",-12.73%,13.6,14,14.4,155,376,0.41,11.86%,24.01%,-0.048552,2026-08-28
$SPX,7711.76,2026-10-16,48,Put,"6,600.00",-14.42%,11.3,11.77,12,7647,18798,0.41,11.86%,25.73%,-0.038934,2026-08-28
$SPX,7711.76,2026-09-25,27,Put,"6,700.00",-13.12%,4.9,5.29,5.2,200,489,0.41,11.86%,26.94%,-0.02328,2026-08-28
$SPX,7711.76,2026-09-18,20,Put,"7,535.00",-2.29%,30.5,31.82,31.3,33,81,0.41,11.86%,13.78%,-0.215257,2026-08-28
$SPX,7711.76,2026-11-30,93,Put,"7,670.00",-0.54%,167.2,167.66,168.7,19,46,0.41,11.86%,13.99%,-0.418949,2026-08-28
$SPX,7711.76,2026-09-30,32,Put,"7,625.00",-1.13%,69.4,71.07,70.2,133,325,0.41,11.86%,12.82%,-0.350462,2026-08-28
$SPX,7711.76,2026-09-28,30,Put,"6,900.00",-10.53%,7.6,7.9,8.2,24,59,0.41,11.86%,22.86%,-0.038101,2026-08-28
$SPX,7711.76,2027-06-17,292,Put,"4,400.00",-42.94%,26,26,26.9,270,652,0.41,11.86%,36.65%,-0.024701,2026-08-28
$SPX,7711.76,2026-09-17,19,Put,"7,610.00",-1.32%,41.7,38.1,42.6,22,54,0.41,11.86%,12.60%,-0.297618,2026-08-28
$SPX,7711.76,2026-09-11,13,Put,"7,390.00",-4.17%,6.1,7,6.5,109,269,0.41,11.86%,15.39%,-0.063926,2026-08-28
$SPX,7711.76,2026-09-15,17,Call,"7,720.00",-0.11%,66.4,68.86,67.4,13,32,0.41,11.86%,9.71%,0.51603,2026-08-28
$SPX,7711.76,2026-09-22,24,Call,"8,000.00",-3.74%,6.1,6.26,6.8,14,34,0.41,11.86%,9.35%,0.078009,2026-08-28
$SPX,7711.76,2026-09-18,20,Call,"7,725.00",-0.17%,78.5,77,80,3003,7270,0.41,11.86%,10.86%,0.509365,2026-08-28
$SPX,7711.76,2026-09-29,31,Call,"7,900.00",-2.44%,30.9,30.64,31.9,11,27,0.41,11.86%,10.00%,0.240449,2026-08-28
$SPX,7711.76,2026-09-02,4,Call,"7,670.00",+0.54%,48.6,55.6,65.7,22,54,0.41,11.86%,9.18%,0.729452,2026-08-28
$SPX,7711.76,2026-09-02,4,Call,"7,900.00",-2.44%,0.05,0.1,0.15,674,1638,0.41,11.86%,8.67%,0.004563,2026-08-28
$SPX,7711.76,2026-09-25,27,Call,"7,775.00",-0.82%,71.5,69.59,72.3,190,476,0.4,11.86%,10.91%,0.432534,2026-08-28
$SPX,7711.76,2026-09-25,27,Call,"8,025.00",-4.06%,7.3,7.9,7.7,190,472,0.4,11.86%,9.71%,0.081765,2026-08-28
$SPX,7711.76,2026-09-18,20,Call,"7,825.00",-1.47%,34.9,34.8,35.7,651,1618,0.4,11.86%,10.23%,0.303691,2026-08-28
$SPX,7711.76,2026-09-18,20,Call,"7,855.00",-1.86%,25.8,26,26.5,71,179,0.4,11.86%,10.04%,0.246007,2026-08-28
$SPX,7711.76,2026-09-01,3,Call,"7,810.00",-1.27%,0.5,0.55,0.7,615,1532,0.4,11.86%,7.26%,0.030493,2026-08-28
$SPX,7711.76,2026-09-30,32,Call,"7,705.00",+0.09%,121.2,117.59,122.3,49,123,0.4,11.86%,11.56%,0.554786,2026-08-28
$SPX,7711.76,2026-09-30,32,Call,"7,765.00",-0.69%,86.8,85.59,87.6,795,1971,0.4,11.86%,11.02%,0.462224,2026-08-28
$SPX,7711.76,2026-11-20,83,Call,"8,030.00",-4.13%,81.3,90.6,82.4,12,30,0.4,11.86%,12.09%,0.299264,2026-08-28
$SPX,7711.76,2027-07-16,321,Call,"13,200.00",-71.17%,0.2,0.3,0.5,183,455,0.4,11.86%,16.99%,0.001065,2026-08-28
$SPX,7711.76,2026-09-11,13,Call,"7,775.00",-0.82%,32.1,33,32.8,230,571,0.4,11.86%,9.44%,0.353104,2026-08-28
$SPX,7711.76,2026-09-11,13,Call,"7,790.00",-1.01%,26.5,27.79,27.2,116,292,0.4,11.86%,9.30%,0.311176,2026-08-28
$SPX,7711.76,2026-09-09,11,Call,"7,755.00",-0.56%,31,30.19,31.8,14,35,0.4,11.86%,8.73%,0.386229,2026-08-28
$SPX,7711.76,2026-09-08,10,Call,"7,760.00",-0.63%,25.3,24.45,26,123,308,0.4,11.86%,8.40%,0.355717,2026-08-28
$SPX,7711.76,2026-09-02,4,Call,"7,685.00",+0.35%,46.9,48.72,47.4,40,99,0.4,11.86%,9.30%,0.656396,2026-08-28
$SPX,7711.76,2026-09-04,6,Call,"7,700.00",+0.15%,49.7,48.1,50.2,987,2482,0.4,11.86%,10.47%,0.565471,2026-08-28
$SPX,7711.76,2026-09-04,6,Call,"7,990.00",-3.61%,0.15,0.15,0.25,103,256,0.4,11.86%,10.76%,0.005875,2026-08-28
$SPX,7711.76,2026-10-05,37,Call,"7,925.00",-2.77%,34.9,38.57,36,26,65,0.4,11.86%,10.29%,0.241544,2026-08-28
$SPX,7711.76,2026-09-09,11,Put,"7,710.00",-0.02%,46,49.03,46.9,46,114,0.4,11.86%,9.51%,-0.472208,2026-08-28
$SPX,7711.76,2026-09-09,11,Put,"7,275.00",-5.66%,1.9,2.17,2.2,118,297,0.4,11.86%,17.31%,-0.02337,2026-08-28
$SPX,7711.76,2026-09-08,10,Put,"6,400.00",-17.01%,0.25,0.4,0.45,130,322,0.4,11.86%,40.33%,-0.00226,2026-08-28
$SPX,7711.76,2026-09-03,5,Put,"7,750.00",+0.50%,53,56.35,53.5,440,1103,0.4,11.86%,9.06%,-0.669427,2026-08-28
$SPX,7711.76,2026-09-03,5,Put,"7,530.00",-2.36%,2.8,3.17,3,85,210,0.4,11.86%,13.19%,-0.056775,2026-08-28
$SPX,7711.76,2026-09-03,5,Put,"7,465.00",-3.20%,1.4,1.65,1.6,62,154,0.4,11.86%,14.91%,-0.028771,2026-08-28
$SPX,7711.76,2026-09-23,25,Put,"7,325.00",-5.02%,17,19.06,17.8,19,48,0.4,11.86%,16.72%,-0.105849,2026-08-28
$SPX,7711.76,2026-10-09,41,Put,"7,580.00",-1.71%,73,73.51,74.1,18,45,0.4,11.86%,13.62%,-0.31793,2026-08-28
$SPX,7711.76,2026-11-20,83,Put,"6,770.00",-12.21%,35.5,36.76,36.6,94,236,0.4,11.86%,22.48%,-0.090183,2026-08-28
$SPX,7711.76,2026-09-10,12,Put,"7,680.00",-0.41%,39,44.13,39.8,83,208,0.4,11.86%,10.26%,-0.389442,2026-08-28
$SPX,7711.76,2026-09-21,23,Put,"7,510.00",-2.62%,29.9,31.21,30.8,25,62,0.4,11.86%,13.81%,-0.200595,2026-08-28
$SPX,7711.76,2026-09-15,17,Put,"7,800.00",+1.14%,109.2,119.04,110.1,14,35,0.4,11.86%,9.41%,-0.70032,2026-08-28
$SPX,7711.76,2026-09-28,30,Put,"7,750.00",+0.50%,107.9,96.67,109.1,65,164,0.4,11.86%,11.17%,-0.53242,2026-08-28
$SPX,7711.76,2026-10-02,34,Put,"6,850.00",-11.17%,9.4,9.5,10,1270,3184,0.4,11.86%,23.55%,-0.041932,2026-08-28
$SPX,7711.76,2026-09-17,19,Put,"7,660.00",-0.67%,54.7,58.5,55.7,19,48,0.4,11.86%,11.94%,-0.376459,2026-08-28
$SPX,7711.76,2026-09-11,13,Put,"7,460.00",-3.26%,9.3,9.81,9.7,152,378,0.4,11.86%,14.17%,-0.096977,2026-08-28
$SPX,7711.76,2026-10-16,48,Put,"7,740.00",+0.37%,133.4,133.97,135,56,143,0.39,11.86%,12.14%,-0.49668,2026-08-28
$SPX,7711.76,2026-10-16,48,Put,"7,815.00",+1.34%,167.6,168.37,169.5,94,242,0.39,11.86%,11.43%,-0.597588,2026-08-28
$SPX,7711.76,2027-06-30,305,Put,"8,650.00",+12.17%,817.2,820.79,830.5,62,160,0.39,11.86%,0.00%,0,2026-08-28
$SPX,7711.76,2027-09-17,384,Put,"7,725.00",+0.17%,415.1,417.28,417.6,108,274,0.39,11.86%,16.95%,-0.419312,2026-08-28
$SPX,7711.76,2027-09-17,384,Put,"7,250.00",-5.99%,292.7,299.46,294.9,70,181,0.39,11.86%,19.41%,-0.287592,2026-08-28
$SPX,7711.76,2026-10-30,62,Put,"7,380.00",-4.30%,66.9,68.5,67.9,30,77,0.39,11.86%,16.28%,-0.221117,2026-08-28
$SPX,7711.76,2026-09-21,23,Put,"7,690.00",-0.28%,70.6,73.26,71.7,47,119,0.39,11.86%,11.46%,-0.432036,2026-08-28
$SPX,7711.76,2026-09-30,32,Put,"7,395.00",-4.11%,30.8,32.39,31.4,27,70,0.39,11.86%,15.69%,-0.161647,2026-08-28
$SPX,7711.76,2026-10-02,34,Put,"7,600.00",-1.45%,67.2,68.91,68.3,41,104,0.39,11.86%,13.28%,-0.326948,2026-08-28
$SPX,7711.76,2026-10-02,34,Put,"7,175.00",-6.96%,18.5,20.2,19.3,44,112,0.39,11.86%,18.81%,-0.090093,2026-08-28
$SPX,7711.76,2027-06-17,292,Put,"3,500.00",-54.61%,13.5,13.72,14.1,425,1080,0.39,11.86%,44.17%,-0.01154,2026-08-28
$SPX,7711.76,2026-10-16,48,Call,"8,090.00",-4.90%,18.7,20.1,19.8,406,1045,0.39,11.86%,10.47%,0.132742,2026-08-28
$SPX,7711.76,2027-06-30,305,Call,"9,075.00",-17.68%,71.2,83.5,72.9,54,139,0.39,11.86%,13.21%,0.155961,2026-08-28
$SPX,7711.76,2026-09-10,12,Call,"7,830.00",-1.53%,10.8,10.4,11.5,12,31,0.39,11.86%,8.32%,0.1783,2026-08-28
$SPX,7711.76,2026-09-21,23,Call,"7,975.00",-3.41%,7.3,7.65,8,34,88,0.39,11.86%,9.30%,0.092077,2026-08-28
$SPX,7711.76,2026-09-21,23,Call,"8,400.00",-8.92%,0.2,0.33,0.55,71,182,0.39,11.86%,12.74%,0.004862,2026-08-28
$SPX,7711.76,2026-09-30,32,Call,"7,845.00",-1.73%,51,51.8,51.8,80,204,0.39,11.86%,10.44%,0.332373,2026-08-28
$SPX,7711.76,2027-07-16,321,Call,"9,600.00",-24.49%,28,30.23,29.1,124,316,0.39,11.86%,12.90%,0.072099,2026-08-28
$SPX,7711.76,2026-09-22,24,Call,"7,900.00",-2.44%,19.5,20.29,20.4,24,61,0.39,11.86%,9.61%,0.192288,2026-08-28
$SPX,7711.76,2026-09-18,20,Call,"8,370.00",-8.54%,0.2,0.45,0.55,30,77,0.39,11.86%,13.18%,0.005022,2026-08-28
$SPX,7711.76,2026-09-11,13,Call,"7,825.00",-1.47%,16.1,16.05,16.6,322,824,0.39,11.86%,9.00%,0.219514,2026-08-28
$SPX,7711.76,2026-09-08,10,Call,"7,925.00",-2.77%,0.6,0.75,0.85,125,318,0.39,11.86%,7.71%,0.020108,2026-08-28
$SPX,7711.76,2026-09-02,4,Call,"7,815.00",-1.34%,1.2,1.15,1.4,747,1903,0.39,11.86%,7.52%,0.051154,2026-08-28
$SPX,7711.76,2026-09-02,4,Call,"7,860.00",-1.92%,0.15,0.2,0.25,299,758,0.39,11.86%,7.60%,0.00967,2026-08-28
$SPX,7711.76,2026-09-04,6,Call,"7,940.00",-2.96%,0.25,0.25,0.4,274,694,0.39,11.86%,9.57%,0.010144,2026-08-28
$SPX,7711.76,2026-09-04,6,Call,"8,225.00",-6.66%,0.05,0.1,0.2,114,293,0.39,11.86%,17.60%,0.002432,2026-08-28
$SPX,7711.76,2026-10-09,41,Call,"7,950.00",-3.09%,37.3,37.9,38.4,18,46,0.39,11.86%,10.69%,0.237381,2026-08-28
$SPX,7711.76,2026-09-09,11,Put,"7,650.00",-0.80%,26.9,28.93,27.6,119,305,0.39,11.86%,10.36%,-0.306133,2026-08-28
$SPX,7711.76,2026-09-09,11,Put,"7,125.00",-7.61%,1.2,1.35,1.45,45,115,0.39,11.86%,21.00%,-0.013311,2026-08-28
$SPX,7711.76,2026-09-08,10,Put,"7,725.00",+0.17%,49.1,49.1,49.9,73,185,0.39,11.86%,9.03%,-0.525067,2026-08-28
$SPX,7711.76,2026-09-08,10,Put,"7,550.00",-2.10%,9,9.5,9.4,354,903,0.39,11.86%,11.65%,-0.123992,2026-08-28
$SPX,7711.76,2026-09-02,4,Put,"7,360.00",-4.56%,0.35,0.6,0.5,39,100,0.39,11.86%,18.85%,-0.00834,2026-08-28
$SPX,7711.76,2026-09-04,6,Put,"5,950.00",-22.85%,0.05,0.1,0.15,112,287,0.39,11.86%,63.23%,-0.000586,2026-08-28
$SPX,7711.76,2026-08-31,2,Put,"7,840.00",+1.66%,124.6,139.77,128.7,25,64,0.39,11.86%,23.57%,-0.824937,2026-08-28
$SPX,7711.76,2026-08-31,2,Put,"7,225.00",-6.31%,0.05,0.1,0.15,615,1590,0.39,11.86%,30.71%,-0.001944,2026-08-28
$SPX,7711.76,2026-10-05,37,Put,"7,400.00",-4.04%,36.6,40.7,37.7,43,110,0.39,11.86%,15.52%,-0.177162,2026-08-28
$SPX,7711.76,2026-12-18,111,Put,"7,570.00",-1.84%,161.6,150.6,163.1,11,28,0.39,11.86%,15.31%,-0.358768,2026-08-28
$SPX,7711.76,2027-03-31,214,Put,"6,785.00",-12.02%,115.3,112,116.9,16,41,0.39,11.86%,21.43%,-0.162878,2026-08-28
$SPX,7711.76,2026-09-24,26,Put,"6,000.00",-22.20%,1.7,1.88,1.95,300,793,0.38,11.86%,39.24%,-0.006722,2026-08-28
$SPX,7711.76,2026-09-03,5,Put,"7,250.00",-5.99%,0.45,0.55,0.6,69,180,0.38,11.86%,22.13%,-0.007882,2026-08-28
$SPX,7711.76,2026-09-03,5,Put,"6,825.00",-11.50%,0.15,0.24,0.3,48,127,0.38,11.86%,37.15%,-0.002246,2026-08-28
$SPX,7711.76,2026-09-04,6,Put,"7,825.00",+1.47%,111.7,112.92,114.1,108,288,0.38,11.86%,6.95%,-0.984644,2026-08-28
$SPX,7711.76,2026-09-04,6,Put,"7,450.00",-3.39%,2.2,2.35,2.35,1668,4423,0.38,11.86%,15.42%,-0.037122,2026-08-28
$SPX,7711.76,2026-08-31,2,Put,"7,380.00",-4.30%,0.15,0.2,0.25,135,351,0.38,11.86%,23.10%,-0.004788,2026-08-28
$SPX,7711.76,2027-06-30,305,Put,"7,870.00",+2.05%,415,417.64,417.7,58,151,0.38,11.86%,15.45%,-0.488071,2026-08-28
$SPX,7711.76,2026-09-25,27,Put,"7,425.00",-3.72%,27.8,29.8,28.3,60,159,0.38,11.86%,15.36%,-0.162325,2026-08-28
$SPX,7711.76,2026-09-25,27,Put,"6,000.00",-22.20%,1.85,2.1,2.1,1324,3483,0.38,11.86%,38.89%,-0.007155,2026-08-28
$SPX,7711.76,2026-09-10,12,Put,"7,430.00",-3.65%,5.7,7.75,6.3,15,39,0.38,11.86%,14.28%,-0.067713,2026-08-28
$SPX,7711.76,2026-09-18,20,Put,"7,570.00",-1.84%,36.2,37.93,37,51,133,0.38,11.86%,13.28%,-0.25243,2026-08-28
$SPX,7711.76,2026-09-18,20,Put,"7,375.00",-4.37%,15.3,16.6,15.8,153,404,0.38,11.86%,16.31%,-0.108206,2026-08-28
$SPX,7711.76,2028-06-16,657,Put,"6,000.00",-22.20%,190,195.78,196,211,559,0.38,11.86%,24.46%,-0.133655,2026-08-28
$SPX,7711.76,2026-10-02,34,Put,"7,400.00",-4.04%,34.5,35.62,35.5,80,208,0.38,11.86%,15.78%,-0.172514,2026-08-28
$SPX,7711.76,2026-10-02,34,Put,"7,350.00",-4.69%,29.7,30.7,30.6,64,170,0.38,11.86%,16.43%,-0.148149,2026-08-28
$SPX,7711.76,2026-09-17,19,Put,"5,800.00",-24.79%,0.65,0.8,0.9,30,80,0.38,11.86%,46.67%,-0.003026,2026-08-28
$SPX,7711.76,2026-11-20,83,Call,"7,845.00",-1.73%,156.4,154.5,158.3,28,74,0.38,11.86%,12.84%,0.455636,2026-08-28
$SPX,7711.76,2026-09-18,20,Call,"8,045.00",-4.32%,2.5,5.87,2.9,12,32,0.38,11.86%,9.69%,0.038712,2026-08-28
$SPX,7711.76,2026-09-01,3,Call,"7,925.00",-2.77%,0,0.1,0.1,163,427,0.38,11.86%,10.49%,0.002312,2026-08-28
$SPX,7711.76,2026-11-30,93,Call,"7,610.00",+1.32%,316.4,313.82,317.9,24,64,0.38,11.86%,14.20%,0.639869,2026-08-28
$SPX,7711.76,2026-09-30,32,Call,"7,710.00",+0.02%,118.1,117.8,119.3,54,142,0.38,11.86%,11.52%,0.547407,2026-08-28
$SPX,7711.76,2026-09-30,32,Call,"7,840.00",-1.66%,52.9,53.34,53.7,205,535,0.38,11.86%,10.48%,0.340415,2026-08-28
$SPX,7711.76,2026-11-20,83,Call,"7,400.00",+4.04%,460.9,477.89,467.3,10,26,0.38,11.86%,16.11%,0.753509,2026-08-28
$SPX,7711.76,2026-09-17,19,Call,"7,500.00",+2.75%,241.8,247.09,248.2,15,40,0.38,11.86%,13.09%,0.843827,2026-08-28
$SPX,7711.76,2026-09-11,13,Call,"7,725.00",-0.17%,55.9,54.24,56.7,773,2044,0.38,11.86%,9.97%,0.494798,2026-08-28
$SPX,7711.76,2027-01-29,153,Call,"8,175.00",-6.01%,128.4,131.5,130.1,31,82,0.38,11.86%,12.91%,0.321708,2026-08-28
$SPX,7711.76,2027-03-19,202,Call,"10,800.00",-40.05%,0.55,0.75,0.9,93,244,0.38,11.86%,15.01%,0.002881,2026-08-28
$SPX,7711.76,2026-09-09,11,Call,"7,705.00",+0.09%,57.1,55.4,57.9,24,63,0.38,11.86%,9.28%,0.551858,2026-08-28
$SPX,7711.76,2026-09-14,16,Call,"7,800.00",-1.14%,27,26.37,27.7,200,525,0.38,11.86%,8.88%,0.302559,2026-08-28
$SPX,7711.76,2026-12-31,124,Call,"7,325.00",+5.02%,590.7,616.21,597.4,24,63,0.38,11.86%,16.82%,0.760331,2026-08-28
$SPX,7711.76,2026-12-31,124,Call,"8,650.00",-12.17%,15.8,16.58,16.5,79,206,0.38,11.86%,11.64%,0.07137,2026-08-28
$SPX,7711.76,2026-09-08,10,Call,"7,940.00",-2.96%,0.4,0.55,0.65,153,401,0.38,11.86%,7.81%,0.01491,2026-08-28
$SPX,7711.76,2026-09-03,5,Call,"7,855.00",-1.86%,0.65,0.75,0.85,463,1210,0.38,11.86%,7.95%,0.027404,2026-08-28
$SPX,7711.76,2026-09-03,5,Call,"7,875.00",-2.12%,0.3,0.4,0.5,192,506,0.38,11.86%,8.08%,0.015453,2026-08-28
$SPX,7711.76,2026-08-31,2,Call,"7,615.00",+1.25%,97.6,99.56,101.9,73,191,0.38,11.86%,10.90%,0.944432,2026-08-28
$SPX,7711.76,2026-08-31,2,Call,"7,610.00",+1.32%,102.3,100.24,106.5,45,118,0.38,11.86%,10.74%,0.955392,2026-08-28
$SPX,7711.76,2026-11-20,83,Put,"7,295.00",-5.40%,77.9,72.82,79.4,225,591,0.38,11.86%,17.29%,-0.211583,2026-08-28
$SPX,7711.76,2026-11-20,83,Put,"7,265.00",-5.79%,74,75.32,75.5,50,132,0.38,11.86%,17.57%,-0.200518,2026-08-28
$SPX,7711.76,2026-09-25,27,Call,"7,950.00",-3.09%,16.2,15.88,16.6,87,234,0.37,11.86%,9.87%,0.153824,2026-08-28
$SPX,7711.76,2026-09-18,20,Call,"8,060.00",-4.52%,2.1,2.2,2.45,50,136,0.37,11.86%,9.75%,0.033152,2026-08-28
$SPX,7711.76,2026-09-15,17,Call,"7,975.00",-3.41%,2.15,2.6,2.6,57,153,0.37,11.86%,8.48%,0.041664,2026-08-28
$SPX,7711.76,2026-09-30,32,Call,"8,110.00",-5.16%,4.7,9.84,5.1,43,115,0.37,11.86%,9.74%,0.052792,2026-08-28
$SPX,7711.76,2026-10-02,34,Call,"7,750.00",-0.50%,102.8,110.8,104,50,136,0.37,11.86%,11.61%,0.490278,2026-08-28
$SPX,7711.76,2026-09-11,13,Call,"7,805.00",-1.21%,21.6,21.01,22.3,61,164,0.37,11.86%,9.18%,0.270718,2026-08-28
$SPX,7711.76,2026-09-09,11,Call,"7,820.00",-1.40%,10.5,10.54,11.2,23,62,0.37,11.86%,8.14%,0.183658,2026-08-28
$SPX,7711.76,2026-10-16,48,Call,"8,220.00",-6.59%,7.5,7.8,8,13,35,0.37,11.86%,10.45%,0.062114,2026-08-28
$SPX,7711.76,2026-11-20,83,Put,"7,740.00",+0.37%,182.8,186.2,184.9,51,139,0.37,11.86%,13.37%,-0.477462,2026-08-28
$SPX,7711.76,2026-11-20,83,Put,"7,580.00",-1.71%,131.7,133.96,133.5,52,140,0.37,11.86%,14.69%,-0.355479,2026-08-28
$SPX,7711.76,2026-09-14,16,Put,"7,425.00",-3.72%,9.6,11.04,10.1,123,336,0.37,11.86%,14.25%,-0.091148,2026-08-28
$SPX,7711.76,2026-10-16,48,Put,"7,070.00",-8.32%,25.1,25.2,25.9,21,57,0.37,11.86%,19.80%,-0.095502,2026-08-28
$SPX,7711.76,2026-09-08,10,Put,"7,580.00",-1.71%,11.9,12.77,12.4,156,420,0.37,11.86%,11.15%,-0.160943,2026-08-28
$SPX,7711.76,2026-09-08,10,Put,"7,370.00",-4.43%,2.2,2.47,2.5,32,87,0.37,11.86%,15.08%,-0.031088,2026-08-28
$SPX,7711.76,2026-09-08,10,Put,"7,355.00",-4.63%,2,2.88,2.3,16,43,0.37,11.86%,15.40%,-0.028231,2026-08-28
$SPX,7711.76,2026-09-08,10,Put,"6,500.00",-15.71%,0.3,0.4,0.45,224,600,0.37,11.86%,37.53%,-0.002577,2026-08-28
$SPX,7711.76,2027-12-17,475,Put,"7,100.00",-7.93%,303.8,310.25,307.9,1059,2899,0.37,11.86%,20.26%,-0.262516,2026-08-28
$SPX,7711.76,2026-09-02,4,Put,"6,800.00",-11.82%,0.1,0.2,0.2,100,273,0.37,11.86%,41.07%,-0.00156,2026-08-28
$SPX,7711.76,2026-10-05,37,Put,"7,600.00",-1.45%,70,71.33,71.2,30,82,0.37,11.86%,13.13%,-0.329336,2026-08-28
$SPX,7711.76,2026-10-09,41,Put,"5,200.00",-32.57%,1.45,1.61,1.75,45,121,0.37,11.86%,46.28%,-0.004111,2026-08-28
$SPX,7711.76,2026-10-16,48,Put,"6,100.00",-20.90%,5.9,6.05,6.4,1651,4449,0.37,11.86%,32.34%,-0.018028,2026-08-28
$SPX,7711.76,2026-09-25,27,Put,"7,575.00",-1.77%,49.5,50.1,50.3,81,220,0.37,11.86%,13.34%,-0.283361,2026-08-28
$SPX,7711.76,2026-09-18,20,Put,"7,510.00",-2.62%,27.1,27.91,27.8,87,238,0.37,11.86%,14.15%,-0.192271,2026-08-28
$SPX,7711.76,2026-09-30,32,Put,"7,620.00",-1.19%,68,70.2,69.1,49,134,0.37,11.86%,12.89%,-0.344559,2026-08-28
$SPX,7711.76,2026-09-28,30,Put,"5,800.00",-24.79%,1.55,1.6,1.85,14,38,0.37,11.86%,40.60%,-0.005706,2026-08-28
$SPX,7711.76,2026-11-20,83,Put,"7,400.00",-4.04%,94.9,96.55,95.9,199,537,0.37,11.86%,16.38%,-0.256003,2026-08-28
$SPX,7711.76,2026-09-18,20,Put,"7,725.00",+0.17%,78.9,82,80.4,2754,7514,0.37,11.86%,11.03%,-0.500644,2026-08-28
$SPX,7711.76,2026-09-18,20,Put,"5,690.00",-26.22%,0.6,0.75,0.9,135,366,0.37,11.86%,48.11%,-0.002784,2026-08-28
$SPX,7711.76,2026-09-11,13,Put,"7,225.00",-6.31%,2.95,3.27,3.2,73,198,0.37,11.86%,18.72%,-0.028924,2026-08-28
$SPX,7711.76,2026-10-16,48,Put,"7,720.00",+0.11%,125.2,128.1,127.1,145,403,0.36,11.86%,12.32%,-0.472569,2026-08-28
$SPX,7711.76,2027-01-15,139,Put,"5,950.00",-22.85%,29.9,30.52,30.9,401,1106,0.36,11.86%,28.44%,-0.050306,2026-08-28
$SPX,7711.76,2026-11-03,66,Put,"7,625.00",-1.13%,120.3,118.48,122.5,12,33,0.36,11.86%,13.80%,-0.380128,2026-08-28
$SPX,7711.76,2026-09-18,20,Put,"7,675.00",-0.48%,61.9,63.85,62.8,377,1058,0.36,11.86%,11.84%,-0.404886,2026-08-28
$SPX,7711.76,2026-09-18,20,Put,"7,750.00",+0.50%,92.1,94.65,93,277,776,0.36,11.86%,10.96%,-0.553082,2026-08-28
$SPX,7711.76,2026-10-30,62,Put,"7,600.00",-1.45%,110,110.25,111.1,117,328,0.36,11.86%,14.06%,-0.358266,2026-08-28
$SPX,7711.76,2026-09-01,3,Put,"7,460.00",-3.26%,0.35,0.5,0.5,68,188,0.36,11.86%,16.15%,-0.010939,2026-08-28
$SPX,7711.76,2026-09-15,17,Put,"7,550.00",-2.10%,22.6,24.09,23.4,25,70,0.36,11.86%,12.52%,-0.196835,2026-08-28
$SPX,7711.76,2026-09-30,32,Put,"7,490.00",-2.88%,42.3,43.7,43,75,211,0.36,11.86%,14.46%,-0.22127,2026-08-28
$SPX,7711.76,2026-12-18,111,Put,"8,350.00",+8.28%,588.8,593.37,591.2,12,33,0.36,11.86%,0.00%,0,2026-08-28
$SPX,7711.76,2026-09-16,18,Put,"6,800.00",-11.82%,2.45,2.75,2.75,105,293,0.36,11.86%,26.99%,-0.01549,2026-08-28
$SPX,7711.76,2026-09-18,20,Put,"6,925.00",-10.20%,4.1,3.9,4.6,1147,3159,0.36,11.86%,24.34%,-0.025605,2026-08-28
$SPX,7711.76,2026-09-11,13,Put,"6,400.00",-17.01%,0.6,0.72,0.8,229,636,0.36,11.86%,38.00%,-0.003998,2026-08-28
$SPX,7711.76,2026-10-16,48,Call,"8,180.00",-6.07%,9.5,9.9,10.4,28,77,0.36,11.86%,10.35%,0.077445,2026-08-28
$SPX,7711.76,2027-09-17,384,Call,"8,750.00",-13.46%,207.5,215.88,209.8,100,279,0.36,11.86%,14.30%,0.309777,2026-08-28
$SPX,7711.76,2026-09-18,20,Call,"7,875.00",-2.12%,20.8,22.18,21.4,357,992,0.36,11.86%,9.92%,0.210401,2026-08-28
$SPX,7711.76,2026-09-18,20,Call,"8,050.00",-4.39%,2.4,2.53,2.75,228,637,0.36,11.86%,9.73%,0.037022,2026-08-28
$SPX,7711.76,2026-10-30,62,Call,"7,620.00",+1.19%,253.1,251.93,254.4,16,44,0.36,11.86%,13.94%,0.635614,2026-08-28
$SPX,7711.76,2026-09-30,32,Call,"7,770.00",-0.76%,84.2,84.66,85.3,107,301,0.36,11.86%,11.00%,0.454262,2026-08-28
$SPX,7711.76,2026-09-30,32,Call,"8,310.00",-7.76%,1,2.3,1.25,12,33,0.36,11.86%,10.79%,0.01319,2026-08-28
$SPX,7711.76,2026-09-17,19,Call,"8,050.00",-4.39%,1.75,2.02,2.1,95,262,0.36,11.86%,9.50%,0.02994,2026-08-28
$SPX,7711.76,2026-09-22,24,Call,"8,025.00",-4.06%,4.5,4.65,5.2,16,45,0.36,11.86%,9.37%,0.061114,2026-08-28
$SPX,7711.76,2026-09-11,13,Call,"7,690.00",+0.28%,76.9,77.33,77.8,31,85,0.36,11.86%,10.39%,0.587043,2026-08-28
$SPX,7711.76,2026-09-11,13,Call,"7,980.00",-3.48%,1,1.09,1.25,358,983,0.36,11.86%,8.75%,0.023659,2026-08-28
$SPX,7711.76,2026-09-14,16,Call,"7,775.00",-0.82%,36.4,38.83,37.2,94,258,0.36,11.86%,9.09%,0.368475,2026-08-28
$SPX,7711.76,2026-09-14,16,Call,"7,625.00",+1.13%,125.8,173.17,131.6,10,28,0.36,11.86%,10.65%,0.722426,2026-08-28
$SPX,7711.76,2026-09-14,16,Call,"7,810.00",-1.27%,23.7,23.81,24.5,22,61,0.36,11.86%,8.81%,0.277201,2026-08-28
$SPX,7711.76,2026-08-31,2,Call,"7,365.00",+4.50%,346.3,340.52,350.7,10,28,0.36,11.86%,24.92%,0.994024,2026-08-28
$SPX,7711.76,2026-09-09,11,Put,"7,675.00",-0.48%,33.7,34.72,34.4,300,823,0.36,11.86%,9.99%,-0.369151,2026-08-28
$SPX,7711.76,2026-09-14,16,Put,"7,710.00",-0.02%,58.5,60.61,59.4,73,202,0.36,11.86%,10.07%,-0.470393,2026-08-28
$SPX,7711.76,2026-12-31,124,Put,"8,350.00",+8.28%,583.2,589.74,590.3,24,66,0.36,11.86%,0.00%,0,2026-08-28
$SPX,7711.76,2026-10-16,48,Put,"7,590.00",-1.58%,86.2,87.78,87.3,47,130,0.36,11.86%,13.71%,-0.33658,2026-08-28
$SPX,7711.76,2026-09-08,10,Put,"7,800.00",+1.14%,94.1,94.1,96.8,418,1158,0.36,11.86%,8.08%,-0.80357,2026-08-28
$SPX,7711.76,2026-09-02,4,Put,"6,900.00",-10.53%,0.1,0.2,0.25,172,478,0.36,11.86%,37.22%,-0.001973,2026-08-28
$SPX,7711.76,2028-12-15,839,Put,"8,500.00",+10.22%,832.9,849.98,858.5,86,239,0.36,11.86%,13.39%,-0.705081,2026-08-28
$SPX,7711.76,2026-09-04,6,Put,"7,630.00",-1.06%,14.3,15.26,14.7,597,1636,0.36,11.86%,11.47%,-0.221342,2026-08-28
$SPX,7711.76,2026-09-04,6,Put,"7,325.00",-5.02%,0.95,1.15,1.15,513,1416,0.36,11.86%,18.94%,-0.015609,2026-08-28
$SPX,7711.76,2026-09-04,6,Put,"6,775.00",-12.15%,0.25,0.35,0.4,71,200,0.36,11.86%,37.08%,-0.002901,2026-08-28
$SPX,7711.76,2026-08-31,2,Put,"7,845.00",+1.73%,129.6,82.8,133.7,13,36,0.36,11.86%,11.22%,-0.993131,2026-08-28
$SPX,7711.76,2026-08-31,2,Put,"7,385.00",-4.24%,0.15,0.2,0.25,139,385,0.36,11.86%,22.78%,-0.004849,2026-08-28
$SPX,7711.76,2026-08-31,2,Put,"7,355.00",-4.63%,0.15,0.15,0.25,133,366,0.36,11.86%,24.68%,-0.004505,2026-08-28
$SPX,7711.76,2026-08-31,2,Put,"7,020.00",-8.97%,0.05,0.1,0.15,51,141,0.36,11.86%,42.85%,-0.001424,2026-08-28
$SPX,7711.76,2027-03-31,214,Put,"7,690.00",-0.28%,286.3,291.27,288.6,12,33,0.36,11.86%,15.60%,-0.421306,2026-08-28
$SPX,7711.76,2026-09-09,11,Put,"7,610.00",-1.32%,18.8,20.78,19.5,26,75,0.35,11.86%,10.97%,-0.224577,2026-08-28
$SPX,7711.76,2026-09-09,11,Put,"7,200.00",-6.64%,1.45,1.69,1.7,96,275,0.35,11.86%,19.07%,-0.016952,2026-08-28
$SPX,7711.76,2026-09-14,16,Put,"7,730.00",+0.24%,67.1,69.95,68,39,110,0.35,11.86%,9.84%,-0.521492,2026-08-28
$SPX,7711.76,2026-09-14,16,Put,"7,350.00",-4.69%,6.5,7.62,7.1,78,225,0.35,11.86%,15.53%,-0.061909,2026-08-28
$SPX,7711.76,2026-09-04,6,Put,"7,425.00",-3.72%,1.8,2,1.95,1071,3044,0.35,11.86%,16.06%,-0.030231,2026-08-28
$SPX,7711.76,2026-08-31,2,Put,"7,825.00",+1.47%,109.4,112.09,113.7,29,84,0.35,11.86%,9.81%,-0.992154,2026-08-28
$SPX,7711.76,2026-08-31,2,Put,"7,040.00",-8.71%,0.05,0.1,0.15,78,221,0.35,11.86%,41.66%,-0.001462,2026-08-28
$SPX,7711.76,2026-12-18,111,Put,"7,700.00",-0.15%,200.8,203.79,202.1,72,205,0.35,11.86%,14.31%,-0.438701,2026-08-28
$SPX,7711.76,2027-02-19,174,Put,"5,900.00",-23.49%,39.4,38.65,40.4,700,1983,0.35,11.86%,27.96%,-0.058197,2026-08-28
$SPX,7711.76,2026-09-25,27,Put,"7,800.00",+1.14%,130.1,133.22,131.3,61,173,0.35,11.86%,10.72%,-0.632003,2026-08-28
$SPX,7711.76,2026-10-30,62,Put,"6,475.00",-16.04%,15.4,15.7,16.1,28,80,0.35,11.86%,26.51%,-0.043868,2026-08-28
$SPX,7711.76,2026-09-30,32,Put,"7,230.00",-6.25%,19,19.85,19.7,18,51,0.35,11.86%,17.98%,-0.09794,2026-08-28
$SPX,7711.76,2026-09-30,32,Put,"4,800.00",-37.76%,0.45,0.5,0.65,291,835,0.35,11.86%,55.64%,-0.001452,2026-08-28
$SPX,7711.76,2026-09-28,30,Put,"6,500.00",-15.71%,4,4.3,4.4,44,124,0.35,11.86%,29.32%,-0.017446,2026-08-28
$SPX,7711.76,2026-09-17,19,Put,"7,300.00",-5.34%,10.1,11.1,10.8,92,260,0.35,11.86%,17.46%,-0.07484,2026-08-28
$SPX,7711.76,2026-09-11,13,Put,"7,575.00",-1.77%,20.1,21,20.6,248,707,0.35,11.86%,12.26%,-0.202166,2026-08-28
$SPX,7711.76,2026-11-20,83,Call,"8,525.00",-10.55%,7.4,7.7,8.1,376,1082,0.35,11.86%,11.26%,0.046214,2026-08-28
$SPX,7711.76,2026-09-25,27,Call,"8,250.00",-6.98%,1,1.6,1.2,53,153,0.35,11.86%,10.76%,0.013972,2026-08-28
$SPX,7711.76,2026-09-30,32,Call,"7,835.00",-1.60%,54.8,53.65,55.6,358,1029,0.35,11.86%,10.51%,0.34841,2026-08-28
$SPX,7711.76,2026-09-11,13,Call,"7,660.00",+0.67%,97.5,97.5,98.4,91,257,0.35,11.86%,10.78%,0.657204,2026-08-28
$SPX,7711.76,2026-09-11,13,Call,"8,100.00",-5.03%,0.3,0.45,0.45,468,1335,0.35,11.86%,10.39%,0.00757,2026-08-28
$SPX,7711.76,2026-09-14,16,Call,"7,925.00",-2.77%,3.9,4.1,4.3,71,201,0.35,11.86%,8.26%,0.069938,2026-08-28
$SPX,7711.76,2026-09-08,10,Call,"7,880.00",-2.18%,1.85,2.26,2.25,201,574,0.35,11.86%,7.57%,0.050845,2026-08-28
$SPX,7711.76,2027-02-19,174,Call,"8,650.00",-12.17%,43.1,44.51,44.5,308,891,0.35,11.86%,12.29%,0.136927,2026-08-28
$SPX,7711.76,2026-09-10,12,Call,"7,840.00",-1.66%,9.1,9.75,9.6,40,117,0.34,11.86%,8.27%,0.155653,2026-08-28
$SPX,7711.76,2026-09-21,23,Call,"7,825.00",-1.47%,38.1,38.38,39.1,42,122,0.34,11.86%,9.92%,0.315199,2026-08-28
$SPX,7711.76,2026-09-15,17,Call,"7,800.00",-1.14%,29.7,30.65,30.4,72,209,0.34,11.86%,9.04%,0.313143,2026-08-28
$SPX,7711.76,2026-09-09,11,Call,"7,770.00",-0.76%,24.9,25.64,25.7,37,108,0.34,11.86%,8.58%,0.335614,2026-08-28
$SPX,7711.76,2026-10-16,48,Call,"7,870.00",-2.05%,76.8,101.01,77.9,20,58,0.34,11.86%,11.43%,0.362565,2026-08-28
$SPX,7711.76,2026-09-08,10,Call,"7,665.00",+0.61%,79.7,79.16,80.5,19,56,0.34,11.86%,9.48%,0.676854,2026-08-28
$SPX,7711.76,2027-12-17,475,Call,"9,300.00",-20.60%,148.4,151.8,152.2,1000,2979,0.34,11.86%,14.14%,0.22567,2026-08-28
$SPX,7711.76,2026-08-31,2,Call,"7,875.00",-2.12%,0,0.1,0.1,985,2876,0.34,11.86%,10.13%,0.002876,2026-08-28
$SPX,7711.76,2026-11-20,83,Put,"7,610.00",-1.32%,139.9,142.5,141.7,52,151,0.34,11.86%,14.43%,-0.37621,2026-08-28
$SPX,7711.76,2026-09-09,11,Put,"7,570.00",-1.84%,13.2,15.66,13.9,73,216,0.34,11.86%,11.60%,-0.163686,2026-08-28
$SPX,7711.76,2026-09-14,16,Put,"7,670.00",-0.54%,44.5,46.98,45.3,55,164,0.34,11.86%,10.58%,-0.377436,2026-08-28
$SPX,7711.76,2026-10-16,48,Put,"7,325.00",-5.02%,43.3,44,44.1,27,79,0.34,11.86%,16.69%,-0.17096,2026-08-28
$SPX,7711.76,2026-09-08,10,Put,"5,600.00",-27.38%,0.05,0.15,0.25,173,505,0.34,11.86%,61.55%,-0.000688,2026-08-28
$SPX,7711.76,2026-09-03,5,Put,"7,380.00",-4.30%,0.75,0.75,0.9,61,177,0.34,11.86%,17.50%,-0.014659,2026-08-28
$SPX,7711.76,2026-09-02,4,Put,"7,520.00",-2.49%,1.35,1.45,1.5,108,316,0.34,11.86%,13.37%,-0.033414,2026-08-28
$SPX,7711.76,2026-09-04,6,Put,"7,520.00",-2.49%,4.1,4.5,4.4,2126,6258,0.34,11.86%,13.71%,-0.070376,2026-08-28
$SPX,7711.76,2026-09-04,6,Put,"7,200.00",-6.64%,0.6,0.7,0.75,1502,4469,0.34,11.86%,22.89%,-0.008828,2026-08-28
$SPX,7711.76,2026-08-31,2,Put,"7,325.00",-5.02%,0.1,0.15,0.2,366,1085,0.34,11.86%,25.79%,-0.003322,2026-08-28
$SPX,7711.76,2026-08-31,2,Put,"7,310.00",-5.21%,0.1,0.1,0.2,99,295,0.34,11.86%,26.71%,-0.003216,2026-08-28
$SPX,7711.76,2026-10-05,37,Put,"7,450.00",-3.39%,42.6,43.44,43.7,13,38,0.34,11.86%,14.89%,-0.206024,2026-08-28
$SPX,7711.76,2026-09-25,27,Put,"7,430.00",-3.65%,28.3,30.01,29.1,14,41,0.34,11.86%,15.31%,-0.165689,2026-08-28
$SPX,7711.76,2026-09-25,27,Put,"7,175.00",-6.96%,12.7,13.3,13.1,50,146,0.34,11.86%,19.05%,-0.07134,2026-08-28
$SPX,7711.76,2026-09-10,12,Put,"7,590.00",-1.58%,18.8,19.93,19.3,456,1331,0.34,11.86%,11.60%,-0.207007,2026-08-28
$SPX,7711.76,2026-09-10,12,Put,"7,425.00",-3.72%,5.5,6.6,6.1,43,126,0.34,11.86%,14.36%,-0.065463,2026-08-28
$SPX,7711.76,2026-09-28,30,Put,"7,200.00",-6.64%,15,15.4,15.8,36,105,0.34,11.86%,18.26%,-0.082123,2026-08-28
$SPX,7711.76,2027-07-16,321,Put,"5,700.00",-26.09%,74.8,75.3,76.1,21,62,0.34,11.86%,27.37%,-0.076807,2026-08-28
$SPX,7711.76,2026-09-25,27,Put,"7,700.00",-0.15%,84.2,86.39,85.1,398,1201,0.33,11.86%,11.80%,-0.45101,2026-08-28
$SPX,7711.76,2026-09-10,12,Put,"7,400.00",-4.04%,4.8,5.7,5.2,72,221,0.33,11.86%,14.83%,-0.056076,2026-08-28
$SPX,7711.76,2026-09-18,20,Put,"7,640.00",-0.93%,51.6,53.43,52.4,96,291,0.33,11.86%,12.30%,-0.346786,2026-08-28
$SPX,7711.76,2026-09-18,20,Put,"7,615.00",-1.25%,45.3,47.55,46.2,60,180,0.33,11.86%,12.64%,-0.309517,2026-08-28
$SPX,7711.76,2026-09-18,20,Put,"7,370.00",-4.43%,15,16.75,15.4,83,253,0.33,11.86%,16.37%,-0.10583,2026-08-28
$SPX,7711.76,2026-09-21,23,Put,"7,680.00",-0.41%,67.2,69.06,68.3,21,63,0.33,11.86%,11.59%,-0.414696,2026-08-28
$SPX,7711.76,2026-09-01,3,Put,"7,400.00",-4.04%,0.3,0.31,0.4,203,609,0.33,11.86%,19.05%,-0.007899,2026-08-28
$SPX,7711.76,2026-11-30,93,Put,"7,675.00",-0.48%,168.7,169.41,170.3,15,45,0.33,11.86%,13.95%,-0.422496,2026-08-28
$SPX,7711.76,2026-09-30,32,Put,"7,795.00",+1.08%,135.1,135.6,136.2,18,55,0.33,11.86%,11.01%,-0.605018,2026-08-28
$SPX,7711.76,2026-09-30,32,Put,"7,245.00",-6.05%,19.8,20.97,20.5,19,58,0.33,11.86%,17.77%,-0.1023,2026-08-28
$SPX,7711.76,2026-11-20,83,Put,"7,625.00",-1.13%,145.5,148.69,146.8,42,127,0.33,11.86%,14.38%,-0.387058,2026-08-28
$SPX,7711.76,2026-09-18,20,Put,"7,755.00",+0.56%,92.7,93.83,94.2,2399,7306,0.33,11.86%,10.69%,-0.565454,2026-08-28
$SPX,7711.76,2026-09-11,13,Put,"7,550.00",-2.10%,16.8,18,17.3,398,1210,0.33,11.86%,12.65%,-0.171503,2026-08-28
$SPX,7711.76,2026-09-11,13,Put,"7,545.00",-2.16%,16.2,17.97,16.9,16,48,0.33,11.86%,12.75%,-0.166401,2026-08-28
$SPX,7711.76,2027-01-15,139,Call,"8,200.00",-6.33%,101.5,102,103.5,1519,4607,0.33,11.86%,12.55%,0.286121,2026-08-28
$SPX,7711.76,2026-09-18,20,Call,"7,770.00",-0.76%,56.9,59,57.8,97,295,0.33,11.86%,10.64%,0.416944,2026-08-28
$SPX,7711.76,2026-09-18,20,Call,"8,080.00",-4.78%,1.7,1.75,2,87,267,0.33,11.86%,9.87%,0.02735,2026-08-28
$SPX,7711.76,2026-09-01,3,Call,"7,660.00",+0.67%,52.1,58.57,68.9,27,83,0.33,11.86%,8.85%,0.810856,2026-08-28
$SPX,7711.76,2026-11-30,93,Call,"7,725.00",-0.17%,239.6,238.71,241.3,19,57,0.33,11.86%,13.44%,0.560889,2026-08-28
$SPX,7711.76,2026-11-30,93,Call,"8,025.00",-4.06%,93.6,94.1,94.9,32,97,0.33,11.86%,11.99%,0.320691,2026-08-28
$SPX,7711.76,2026-09-30,32,Call,"7,730.00",-0.24%,106.1,107.09,107.4,63,189,0.33,11.86%,11.34%,0.517269,2026-08-28
$SPX,7711.76,2026-09-30,32,Call,"7,810.00",-1.27%,65.2,64.2,66,58,176,0.33,11.86%,10.68%,0.389103,2026-08-28
$SPX,7711.76,2026-12-18,111,Call,"9,100.00",-18.00%,2.05,2.3,2.55,1830,5466,0.33,11.86%,12.32%,0.012864,2026-08-28
$SPX,7711.76,2027-06-17,292,Call,"7,800.00",-1.14%,525.7,529.6,528.2,2001,6132,0.33,11.86%,16.32%,0.584621,2026-08-28
$SPX,7711.76,2026-09-17,19,Call,"8,075.00",-4.71%,1.3,1.43,1.65,19,58,0.33,11.86%,9.67%,0.023313,2026-08-28
$SPX,7711.76,2027-01-29,153,Call,"8,275.00",-7.30%,97.8,103.28,99.6,16,49,0.33,11.86%,12.66%,0.266908,2026-08-28
$SPX,7711.76,2026-09-14,16,Call,"7,670.00",+0.54%,95.2,95.69,96.1,11,33,0.33,11.86%,10.15%,0.633469,2026-08-28
$SPX,7711.76,2026-10-16,48,Call,"7,880.00",-2.18%,72.8,75.3,74,14,43,0.33,11.86%,11.38%,0.350405,2026-08-28
$SPX,7711.76,2026-10-16,48,Call,"8,190.00",-6.20%,9.3,9.7,10.1,13,40,0.33,11.86%,10.46%,0.075106,2026-08-28
$SPX,7711.76,2026-09-08,10,Call,"7,975.00",-3.41%,0.2,0.35,0.45,233,707,0.33,11.86%,8.31%,0.009152,2026-08-28
$SPX,7711.76,2026-09-03,5,Call,"7,670.00",+0.54%,63,65,63.5,22,66,0.33,11.86%,10.02%,0.695484,2026-08-28
$SPX,7711.76,2026-08-31,2,Call,"7,605.00",+1.38%,107.1,107.55,111.4,16,49,0.33,11.86%,10.87%,0.960955,2026-08-28
$SPX,7711.76,2026-10-09,41,Call,"8,000.00",-3.74%,26,26.37,27,31,93,0.33,11.86%,10.50%,0.182294,2026-08-28
$SPX,7711.76,2027-01-29,153,Put,"7,775.00",+0.82%,261.1,267.17,263.1,18,55,0.33,11.86%,14.04%,-0.479612,2026-08-28
$SPX,7711.76,2026-09-09,11,Put,"7,250.00",-5.99%,1.75,2.1,2,29,88,0.33,11.86%,17.91%,-0.020951,2026-08-28
$SPX,7711.76,2026-12-31,124,Put,"8,100.00",+5.03%,403,405.01,404.8,102,307,0.33,11.86%,10.69%,-0.820657,2026-08-28
$SPX,7711.76,2026-10-16,48,Put,"7,300.00",-5.34%,40.9,41.04,41.5,128,390,0.33,11.86%,16.98%,-0.160783,2026-08-28
$SPX,7711.76,2026-09-04,6,Put,"7,510.00",-2.62%,3.7,4.06,4,1018,3073,0.33,11.86%,13.93%,-0.063795,2026-08-28
$SPX,7711.76,2026-08-31,2,Put,"7,305.00",-5.27%,0.1,0.1,0.2,56,172,0.33,11.86%,27.01%,-0.003182,2026-08-28
$SPX,7711.76,2026-08-31,2,Put,"7,265.00",-5.79%,0.1,0.1,0.2,39,119,0.33,11.86%,29.47%,-0.002937,2026-08-28
$SPX,7711.76,2026-10-05,37,Put,"7,175.00",-6.96%,20,20.44,20.8,58,174,0.33,11.86%,18.45%,-0.094152,2026-08-28
$SPX,7711.76,2026-10-05,37,Put,"6,000.00",-22.20%,3,3.2,3.4,183,552,0.33,11.86%,35.45%,-0.010414,2026-08-28
$SPX,7711.76,2026-10-09,41,Put,"7,225.00",-6.31%,27.5,28.4,28.4,20,60,0.33,11.86%,17.94%,-0.119719,2026-08-28
$SPX,7711.76,2027-03-31,214,Put,"7,600.00",-1.45%,259.7,264.23,262,43,129,0.33,11.86%,16.18%,-0.381418,2026-08-28
$SPX,7711.76,2027-03-19,202,Put,"8,025.00",+4.06%,409.2,410.2,411.7,29,90,0.32,11.86%,13.10%,-0.629518,2026-08-28
$SPX,7711.76,2026-09-09,11,Put,"7,595.00",-1.51%,16.4,17.99,17.1,27,85,0.32,11.86%,11.19%,-0.19928,2026-08-28
$SPX,7711.76,2026-09-09,11,Put,"7,175.00",-6.96%,1.35,1.38,1.6,16,50,0.32,11.86%,19.70%,-0.015526,2026-08-28
$SPX,7711.76,2026-10-16,48,Put,"7,700.00",-0.15%,119.3,121.61,120.5,476,1480,0.32,11.86%,12.62%,-0.448988,2026-08-28
$SPX,7711.76,2026-10-16,48,Put,"7,340.00",-4.82%,44.8,46.53,45.6,26,82,0.32,11.86%,16.51%,-0.177199,2026-08-28
$SPX,7711.76,2026-09-08,10,Put,"7,685.00",-0.35%,33.3,35.1,34.1,27,84,0.32,11.86%,9.56%,-0.391177,2026-08-28
$SPX,7711.76,2026-09-04,6,Put,"7,000.00",-9.23%,0.4,0.45,0.55,2311,7264,0.32,11.86%,29.74%,-0.005043,2026-08-28
$SPX,7711.76,2027-03-31,214,Put,"7,180.00",-6.90%,168.4,173.02,170.5,36,111,0.32,11.86%,18.87%,-0.244,2026-08-28
$SPX,7711.76,2026-09-10,12,Put,"7,730.00",+0.24%,58.6,61.1,59.5,21,65,0.32,11.86%,9.60%,-0.532795,2026-08-28
$SPX,7711.76,2026-09-10,12,Put,"7,620.00",-1.19%,23.9,28.95,24.5,30,94,0.32,11.86%,11.14%,-0.256828,2026-08-28
$SPX,7711.76,2026-09-10,12,Put,"7,610.00",-1.32%,22,23.38,22.6,435,1339,0.32,11.86%,11.28%,-0.238849,2026-08-28
$SPX,7711.76,2026-10-30,62,Put,"7,625.00",-1.13%,116.9,118.83,118.1,31,98,0.32,11.86%,13.83%,-0.378787,2026-08-28
$SPX,7711.76,2026-09-21,23,Put,"7,300.00",-5.34%,13.1,14.38,13.8,52,163,0.32,11.86%,16.98%,-0.087357,2026-08-28
$SPX,7711.76,2026-11-30,93,Put,"4,900.00",-36.46%,5.7,6,6.1,108,334,0.32,11.86%,41.32%,-0.010107,2026-08-28
$SPX,7711.76,2026-09-30,32,Put,"7,725.00",+0.17%,102.6,105.1,103.4,158,497,0.32,11.86%,11.72%,-0.488483,2026-08-28
$SPX,7711.76,2026-09-30,32,Put,"7,370.00",-4.43%,28.5,31.7,29.1,50,155,0.32,11.86%,16.03%,-0.149344,2026-08-28
$SPX,7711.76,2026-11-20,83,Put,"7,650.00",-0.80%,153,154.25,154.3,70,216,0.32,11.86%,14.17%,-0.405197,2026-08-28
$SPX,7711.76,2026-11-20,83,Put,"6,975.00",-9.55%,48.1,47.5,48.9,23,73,0.32,11.86%,20.51%,-0.124647,2026-08-28
$SPX,7711.76,2026-09-16,18,Put,"7,425.00",-3.72%,14.3,14.67,15,73,226,0.32,11.86%,15.04%,-0.115172,2026-08-28
$SPX,7711.76,2026-09-17,19,Put,"7,690.00",-0.28%,64.6,65.65,65.6,12,37,0.32,11.86%,11.57%,-0.431189,2026-08-28
$SPX,7711.76,2026-10-12,44,Put,"7,150.00",-7.28%,24.6,26.22,25.6,41,127,0.32,11.86%,18.63%,-0.103067,2026-08-28
$SPX,7711.76,2026-09-22,24,Put,"7,350.00",-4.69%,17,17.7,17.8,16,50,0.32,11.86%,16.26%,-0.110267,2026-08-28
$SPX,7711.76,2026-09-11,13,Put,"7,810.00",+1.27%,107.3,76.54,113.2,46,146,0.32,11.86%,9.00%,-0.770649,2026-08-28
$SPX,7711.76,2026-09-11,13,Put,"7,850.00",+1.79%,137.6,106.54,144,53,168,0.32,11.86%,8.16%,-0.897188,2026-08-28
$SPX,7711.76,2026-09-11,13,Put,"7,150.00",-7.28%,2.35,2.92,2.55,118,373,0.32,11.86%,20.39%,-0.021926,2026-08-28
$SPX,7711.76,2026-09-18,20,Call,"7,775.00",-0.82%,54.6,54.27,55.5,467,1452,0.32,11.86%,10.60%,0.406497,2026-08-28
$SPX,7711.76,2026-09-18,20,Call,"7,955.00",-3.15%,7.9,8.1,8.4,35,110,0.32,11.86%,9.61%,0.100107,2026-08-28
$SPX,7711.76,2026-10-30,62,Call,"8,100.00",-5.03%,34.7,35.1,35.4,1110,3519,0.32,11.86%,11.24%,0.183746,2026-08-28
$SPX,7711.76,2026-09-15,17,Call,"7,925.00",-2.77%,4.9,5.25,5.5,60,187,0.32,11.86%,8.45%,0.081766,2026-08-28
$SPX,7711.76,2026-09-30,32,Call,"7,615.00",+1.25%,182.9,179.23,184.1,32,100,0.32,11.86%,12.45%,0.67342,2026-08-28
$SPX,7711.76,2026-09-30,32,Call,"8,140.00",-5.55%,3.6,5.05,3.9,20,63,0.32,11.86%,9.82%,0.0416,2026-08-28
$SPX,7711.76,2026-10-02,34,Call,"8,050.00",-4.39%,10.9,12.07,11.7,117,361,0.32,11.86%,10.05%,0.101783,2026-08-28
$SPX,7711.76,2026-10-02,34,Call,"8,250.00",-6.98%,1.95,2.1,2.3,43,136,0.32,11.86%,10.45%,0.023299,2026-08-28
$SPX,7711.76,2026-09-16,18,Call,"7,690.00",+0.28%,91.3,93.68,92.3,18,57,0.32,11.86%,10.66%,0.581929,2026-08-28
$SPX,7711.76,2026-09-18,20,Call,"8,240.00",-6.85%,0.4,0.6,0.75,62,193,0.32,11.86%,11.42%,0.008436,2026-08-28
$SPX,7711.76,2026-09-18,20,Call,"8,360.00",-8.41%,0.2,0.45,0.55,40,125,0.32,11.86%,13.01%,0.005084,2026-08-28
$SPX,7711.76,2027-08-20,356,Call,"10,000.00",-29.67%,18.7,18.9,19.7,87,276,0.32,11.86%,13.00%,0.048799,2026-08-28
$SPX,7711.76,2026-09-03,5,Call,"7,575.00",+1.77%,134.8,140.96,151.3,25,79,0.32,11.86%,10.28%,0.937566,2026-08-28
$SPX,7711.76,2026-09-04,6,Call,"7,665.00",+0.61%,73.6,75.3,74,40,124,0.32,11.86%,11.04%,0.684068,2026-08-28
$SPX,7711.76,2026-12-18,111,Call,"7,100.00",+7.93%,761.8,779.99,768.9,11,34,0.32,11.86%,18.41%,0.836581,2026-08-28
$SPX,7711.76,2026-11-20,83,Put,"7,670.00",-0.54%,158,161,160,42,130,0.32,11.86%,13.93%,-0.420522,2026-08-28
$SPX,7711.76,2026-10-16,48,Call,"7,875.00",-2.12%,73.3,74,74.9,1116,3575,0.31,11.86%,11.28%,0.354846,2026-08-28
$SPX,7711.76,2026-09-10,12,Call,"7,730.00",-0.24%,46.7,48.71,47.6,22,72,0.31,11.86%,9.23%,0.475494,2026-08-28
$SPX,7711.76,2026-09-18,20,Call,"7,885.00",-2.25%,18.5,18.85,19.3,34,108,0.31,11.86%,9.87%,0.193777,2026-08-28
$SPX,7711.76,2026-10-30,62,Call,"8,180.00",-6.07%,21.6,31.57,22.6,14,45,0.31,11.86%,11.05%,0.128465,2026-08-28
$SPX,7711.76,2026-09-30,32,Call,"7,820.00",-1.40%,60.9,59.51,61.7,443,1426,0.31,11.86%,10.61%,0.372776,2026-08-28
$SPX,7711.76,2026-10-16,48,Call,"7,610.00",+1.32%,227.4,224.5,228.5,11,35,0.31,11.86%,13.42%,0.65455,2026-08-28
$SPX,7711.76,2026-10-16,48,Call,"7,825.00",-1.47%,96.4,96.55,97.6,34,111,0.31,11.86%,11.70%,0.417856,2026-08-28
$SPX,7711.76,2026-10-16,48,Call,"8,110.00",-5.16%,16.9,17.35,17.8,29,95,0.31,11.86%,10.55%,0.12116,2026-08-28
$SPX,7711.76,2026-09-08,10,Call,"7,685.00",+0.35%,65.8,68.82,66.6,24,78,0.31,11.86%,9.25%,0.617758,2026-08-28
$SPX,7711.76,2026-09-08,10,Call,"7,680.00",+0.41%,69.2,68.48,70,12,39,0.31,11.86%,9.32%,0.63303,2026-08-28
$SPX,7711.76,2026-09-08,10,Call,"7,920.00",-2.70%,0.65,0.85,0.95,86,280,0.31,11.86%,7.67%,0.02205,2026-08-28
$SPX,7711.76,2026-09-09,11,Put,"7,645.00",-0.87%,25.7,27.85,26.4,13,42,0.31,11.86%,10.43%,-0.294622,2026-08-28
$SPX,7711.76,2026-09-14,16,Put,"7,625.00",-1.13%,32.8,34.14,33.5,70,225,0.31,11.86%,11.19%,-0.290599,2026-08-28
$SPX,7711.76,2026-10-16,48,Put,"7,225.00",-6.31%,34.6,36.8,35.1,28,90,0.31,11.86%,17.88%,-0.134625,2026-08-28
$SPX,7711.76,2026-09-08,10,Put,"7,340.00",-4.82%,1.85,2.17,2.15,21,67,0.31,11.86%,15.75%,-0.025961,2026-08-28
$SPX,7711.76,2026-09-03,5,Put,"7,655.00",-0.74%,15,17.4,15.4,90,287,0.31,11.86%,10.58%,-0.261874,2026-08-28
$SPX,7711.76,2026-09-02,4,Put,"7,490.00",-2.88%,0.95,1.1,1.1,399,1281,0.31,11.86%,14.27%,-0.02359,2026-08-28
$SPX,7711.76,2028-12-15,839,Put,"8,400.00",+8.92%,795.7,809.54,819,80,257,0.31,11.86%,14.42%,-0.648569,2026-08-28
$SPX,7711.76,2026-09-23,25,Put,"7,680.00",-0.41%,72.4,74.02,73.5,12,39,0.31,11.86%,11.84%,-0.417389,2026-08-28
$SPX,7711.76,2026-09-04,6,Put,"7,370.00",-4.43%,1.25,1.34,1.4,273,894,0.31,11.86%,17.61%,-0.020498,2026-08-28
$SPX,7711.76,2026-09-04,6,Put,"7,010.00",-9.10%,0.4,0.5,0.55,63,205,0.31,11.86%,29.35%,-0.005105,2026-08-28
$SPX,7711.76,2026-10-16,48,Put,"7,810.00",+1.27%,165,154.56,166.8,84,273,0.31,11.86%,11.47%,-0.590226,2026-08-28
$SPX,7711.76,2027-01-15,139,Put,"7,750.00",+0.50%,238.6,239.8,240.5,430,1407,0.31,11.86%,13.97%,-0.467833,2026-08-28
$SPX,7711.76,2027-01-15,139,Put,"6,525.00",-15.39%,52.7,53.58,53.9,383,1252,0.31,11.86%,23.64%,-0.095407,2026-08-28
$SPX,7711.76,2026-09-25,27,Put,"7,460.00",-3.26%,31.5,32.1,32.4,10,32,0.31,11.86%,14.89%,-0.184549,2026-08-28
$SPX,7711.76,2026-09-25,27,Put,"7,400.00",-4.04%,25.5,26.41,25.9,418,1328,0.31,11.86%,15.71%,-0.14848,2026-08-28
$SPX,7711.76,2026-09-10,12,Put,"7,500.00",-2.75%,9.5,10,9.9,117,375,0.31,11.86%,13.08%,-0.10909,2026-08-28
$SPX,7711.76,2026-09-18,20,Put,"7,475.00",-3.07%,23.2,24.05,23.8,190,618,0.31,11.86%,14.70%,-0.164863,2026-08-28
$SPX,7711.76,2026-09-18,20,Put,"7,440.00",-3.52%,19.9,21.47,20.6,43,140,0.31,11.86%,15.26%,-0.141876,2026-08-28
$SPX,7711.76,2026-09-30,32,Put,"7,595.00",-1.51%,61.9,65.9,62.9,36,115,0.31,11.86%,13.19%,-0.316662,2026-08-28
$SPX,7711.76,2026-09-28,30,Put,"6,875.00",-10.85%,7.3,7.9,7.8,22,72,0.31,11.86%,23.26%,-0.036066,2026-08-28
$SPX,7711.76,2026-10-02,34,Put,"6,600.00",-14.42%,6.3,6.4,6.7,90,291,0.31,11.86%,27.34%,-0.02585,2026-08-28
$SPX,7711.76,2026-09-22,24,Put,"7,525.00",-2.42%,34,37.9,35,11,36,0.31,11.86%,13.70%,-0.219483,2026-08-28
$SPX,7711.76,2026-09-11,13,Put,"6,350.00",-17.66%,0.55,0.7,0.75,169,544,0.31,11.86%,39.12%,-0.003635,2026-08-28
$SPX,7711.76,2026-09-10,12,Put,"7,300.00",-5.34%,2.9,3.2,3.2,54,183,0.3,11.86%,16.89%,-0.032613,2026-08-28
$SPX,7711.76,2027-09-17,384,Put,"7,200.00",-6.64%,281.9,283.1,284.3,305,1010,0.3,11.86%,19.65%,-0.276717,2026-08-28
$SPX,7711.76,2026-09-18,20,Put,"7,695.00",-0.22%,68.8,72.51,69.7,165,542,0.3,11.86%,11.59%,-0.44131,2026-08-28
$SPX,7711.76,2026-09-21,23,Put,"7,225.00",-6.31%,10.2,11.64,10.9,28,92,0.3,11.86%,18.18%,-0.067128,2026-08-28
$SPX,7711.76,2026-09-01,3,Put,"7,450.00",-3.39%,0.35,0.36,0.5,677,2250,0.3,11.86%,16.72%,-0.010604,2026-08-28
$SPX,7711.76,2026-09-01,3,Put,"7,420.00",-3.78%,0.3,0.4,0.45,54,183,0.3,11.86%,18.11%,-0.008805,2026-08-28
$SPX,7711.76,2026-09-30,32,Put,"7,690.00",-0.28%,89.3,90.05,90.4,44,149,0.3,11.86%,12.11%,-0.435611,2026-08-28
$SPX,7711.76,2026-09-30,32,Put,"7,575.00",-1.77%,57.5,59.3,58.2,1147,3810,0.3,11.86%,13.41%,-0.295668,2026-08-28
$SPX,7711.76,2026-09-28,30,Put,"7,600.00",-1.45%,57.9,58.67,59,22,74,0.3,11.86%,12.85%,-0.315185,2026-08-28
$SPX,7711.76,2026-10-02,34,Put,"7,590.00",-1.58%,64.8,69.33,65.9,12,40,0.3,11.86%,13.39%,-0.316516,2026-08-28
$SPX,7711.76,2026-10-02,34,Put,"7,450.00",-3.39%,40.4,41.53,41.3,81,274,0.3,11.86%,15.13%,-0.20165,2026-08-28
$SPX,7711.76,2026-09-16,18,Put,"7,775.00",+0.82%,99.6,110.6,100.6,11,37,0.3,11.86%,10.35%,-0.619765,2026-08-28
$SPX,7711.76,2026-09-17,19,Put,"7,730.00",+0.24%,80.7,68.24,81.7,14,46,0.3,11.86%,11.12%,-0.51229,2026-08-28
$SPX,7711.76,2026-10-12,44,Put,"7,650.00",-0.80%,94.3,96.52,95.6,11,37,0.3,11.86%,12.77%,-0.39036,2026-08-28
$SPX,7711.76,2026-09-18,20,Put,"7,225.00",-6.31%,8.5,9.3,9.2,1801,6062,0.3,11.86%,18.68%,-0.05998,2026-08-28
$SPX,7711.76,2026-09-11,13,Put,"7,610.00",-1.32%,25.8,26.59,26.4,176,595,0.3,11.86%,11.70%,-0.253908,2026-08-28
$SPX,7711.76,2026-09-11,13,Put,"7,475.00",-3.07%,10.2,10.79,10.5,270,889,0.3,11.86%,13.88%,-0.105945,2026-08-28
$SPX,7711.76,2026-11-20,83,Call,"7,950.00",-3.09%,108.8,110.2,110.6,353,1167,0.3,11.86%,12.32%,0.365109,2026-08-28
$SPX,7711.76,2026-09-10,12,Call,"7,910.00",-2.57%,2.05,2.27,2.5,29,98,0.3,11.86%,8.02%,0.048931,2026-08-28
$SPX,7711.76,2026-09-21,23,Call,"7,725.00",-0.17%,84.4,84.15,85.6,45,151,0.3,11.86%,10.72%,0.513846,2026-08-28
$SPX,7711.76,2026-09-21,23,Call,"8,100.00",-5.03%,1.7,1.81,2.05,37,124,0.3,11.86%,9.60%,0.026682,2026-08-28
$SPX,7711.76,2026-11-30,93,Call,"7,470.00",+3.13%,418.7,416.93,425,22,74,0.3,11.86%,15.21%,0.719444,2026-08-28
$SPX,7711.76,2026-09-30,32,Call,"7,805.00",-1.21%,67.4,67.41,68.4,51,170,0.3,11.86%,10.73%,0.397372,2026-08-28
$SPX,7711.76,2026-10-02,34,Call,"8,100.00",-5.03%,6.8,6.95,7.6,74,249,0.3,11.86%,10.02%,0.069816,2026-08-28
$SPX,7711.76,2026-09-16,18,Call,"8,025.00",-4.06%,1.75,1.95,2.1,36,119,0.3,11.86%,9.17%,0.031629,2026-08-28
$SPX,7711.76,2026-09-17,19,Call,"7,760.00",-0.63%,56.8,56.77,57.8,25,83,0.3,11.86%,10.36%,0.431676,2026-08-28
$SPX,7711.76,2026-09-18,20,Call,"7,755.00",-0.56%,62.5,74.2,63.9,2407,7942,0.3,11.86%,10.58%,0.447045,2026-08-28
$SPX,7711.76,2026-09-02,4,Call,"7,550.00",+2.10%,156.6,168.88,172.9,16,54,0.3,11.86%,14.57%,0.92276,2026-08-28
$SPX,7711.76,2026-09-04,6,Call,"7,475.00",+3.07%,229,244.57,253,24,79,0.3,11.86%,15.35%,0.947916,2026-08-28
$SPX,7711.76,2026-10-05,37,Call,"7,850.00",-1.79%,59.2,59.74,60.6,21,70,0.3,11.86%,10.69%,0.346648,2026-08-28
$SPX,7711.76,2026-10-05,37,Call,"8,100.00",-5.03%,7.8,8.17,8.6,43,143,0.3,11.86%,9.85%,0.076337,2026-08-28
$SPX,7711.76,2027-03-31,214,Call,"8,100.00",-5.03%,240,239.18,242.2,5397,17884,0.3,11.86%,13.92%,0.425381,2026-08-28
$SPX,7711.76,2027-03-31,214,Call,"8,150.00",-5.68%,218.1,217.28,220.3,5373,17622,0.3,11.86%,13.76%,0.401288,2026-08-28
$SPX,7711.76,2026-11-20,83,Put,"7,640.00",-0.93%,148.6,150.92,150.5,50,166,0.3,11.86%,14.18%,-0.397581,2026-08-28
$SPX,7711.76,2027-01-29,153,Put,"7,390.00",-4.17%,156.2,157.81,158,26,88,0.3,11.86%,16.84%,-0.288068,2026-08-28
$SPX,7711.76,2026-10-16,48,Put,"7,745.00",+0.43%,136.6,140.36,137.9,17,56,0.3,11.86%,12.18%,-0.503034,2026-08-28
$SPX,7711.76,2026-10-16,48,Put,"7,765.00",+0.69%,145.3,141.8,146.5,11,37,0.3,11.86%,12.01%,-0.52827,2026-08-28
$SPX,7711.76,2026-10-16,48,Put,"7,170.00",-7.03%,30.7,31.5,31.5,16,54,0.3,11.86%,18.56%,-0.118903,2026-08-28
$SPX,7711.76,2026-09-08,10,Put,"7,760.00",+0.63%,67.7,68.29,68.5,22,73,0.3,11.86%,8.58%,-0.655397,2026-08-28
$SPX,7711.76,2026-09-08,10,Put,"7,790.00",+1.01%,85.3,94.35,91.2,10,33,0.3,11.86%,8.27%,-0.768955,2026-08-28
$SPX,7711.76,2026-09-02,4,Put,"6,725.00",-12.80%,0.1,0.1,0.2,10,33,0.3,11.86%,44.37%,-0.00145,2026-08-28
$SPX,7711.76,2026-09-04,6,Put,"6,675.00",-13.44%,0.2,0.25,0.35,72,239,0.3,11.86%,40.25%,-0.002303,2026-08-28
$SPX,7711.76,2026-10-05,37,Put,"7,675.00",-0.48%,91.3,76.1,92.6,47,157,0.3,11.86%,12.31%,-0.416221,2026-08-28
$SPX,7711.76,2026-10-05,37,Put,"7,625.00",-1.13%,76.4,77.72,77.6,35,115,0.3,11.86%,12.85%,-0.356311,2026-08-28
$SPX,7711.76,2026-12-18,111,Put,"4,800.00",-37.76%,7.8,7.8,8.2,32,106,0.3,11.86%,41.18%,-0.012238,2026-08-28
$SPX,7711.76,2027-01-29,153,Put,"5,300.00",-31.27%,20,20.15,20.6,36,126,0.29,11.86%,33.70%,-0.028966,2026-08-28
$SPX,7711.76,2026-09-09,11,Put,"7,490.00",-2.88%,6.9,8.9,7.3,74,258,0.29,11.86%,12.95%,-0.08799,2026-08-28
$SPX,7711.76,2026-09-08,10,Put,"7,850.00",+1.79%,133.7,141.43,140.4,15,52,0.29,11.86%,9.22%,-0.890241,2026-08-28
$SPX,7711.76,2026-09-08,10,Put,"7,350.00",-4.69%,2,2.5,2.25,73,249,0.29,11.86%,15.55%,-0.027702,2026-08-28
$SPX,7711.76,2026-09-03,5,Put,"6,950.00",-9.88%,0.2,0.25,0.35,38,130,0.29,11.86%,32.76%,-0.00304,2026-08-28
$SPX,7711.76,2026-09-23,25,Put,"7,560.00",-1.97%,42.1,34.8,43.1,12,42,0.29,11.86%,13.35%,-0.258898,2026-08-28
$SPX,7711.76,2026-09-04,6,Put,"7,220.00",-6.38%,0.65,0.76,0.8,93,319,0.29,11.86%,22.29%,-0.009652,2026-08-28
$SPX,7711.76,2026-10-09,41,Put,"7,275.00",-5.66%,31,33.48,31.9,15,52,0.29,11.86%,17.30%,-0.135971,2026-08-28
$SPX,7711.76,2027-06-30,305,Put,"7,300.00",-5.34%,256.3,257.2,258.6,43,147,0.29,11.86%,18.77%,-0.29264,2026-08-28
$SPX,7711.76,2026-09-25,27,Put,"7,440.00",-3.52%,29.3,25.98,30.2,20,68,0.29,11.86%,15.17%,-0.171764,2026-08-28
$SPX,7711.76,2026-09-10,12,Put,"7,740.00",+0.37%,63.5,63.8,64.3,12,41,0.29,11.86%,9.47%,-0.564642,2026-08-28
$SPX,7711.76,2026-09-10,12,Put,"7,625.00",-1.13%,24.8,28.92,25.5,30,102,0.29,11.86%,11.05%,-0.265939,2026-08-28
$SPX,7711.76,2026-09-10,12,Put,"7,075.00",-8.26%,1.4,1.39,1.65,20,69,0.29,11.86%,22.07%,-0.013872,2026-08-28
$SPX,7711.76,2026-09-01,3,Put,"7,550.00",-2.10%,1,1.2,1.15,655,2293,0.29,11.86%,12.73%,-0.030935,2026-08-28
$SPX,7711.76,2026-09-30,32,Put,"7,560.00",-1.97%,54.3,57.77,55.3,48,165,0.29,11.86%,13.60%,-0.280908,2026-08-28
$SPX,7711.76,2026-11-20,83,Put,"7,810.00",+1.27%,213.3,215.47,214.6,10,34,0.29,11.86%,12.88%,-0.542736,2026-08-28
$SPX,7711.76,2027-06-17,292,Put,"7,800.00",+1.14%,382.1,387.61,384.7,2010,6818,0.29,11.86%,15.78%,-0.459771,2026-08-28
$SPX,7711.76,2026-11-20,83,Call,"8,350.00",-8.28%,18.2,18.74,19.3,454,1559,0.29,11.86%,11.29%,0.097911,2026-08-28
$SPX,7711.76,2026-10-16,48,Call,"7,900.00",-2.44%,63.9,64.68,65.5,3791,13132,0.29,11.86%,11.16%,0.324411,2026-08-28
$SPX,7711.76,2026-09-25,27,Call,"7,830.00",-1.53%,47.6,46.74,48.7,19,65,0.29,11.86%,10.50%,0.335547,2026-08-28
$SPX,7711.76,2026-09-25,27,Call,"7,975.00",-3.41%,12.5,12.17,12.9,61,211,0.29,11.86%,9.79%,0.125793,2026-08-28
$SPX,7711.76,2027-09-17,384,Call,"8,450.00",-9.57%,314.4,314.6,317,101,352,0.29,11.86%,14.98%,0.405103,2026-08-28
$SPX,7711.76,2026-10-30,62,Call,"7,850.00",-1.79%,115.4,116.1,116.8,114,388,0.29,11.86%,12.28%,0.420233,2026-08-28
$SPX,7711.76,2026-10-30,62,Call,"8,400.00",-8.92%,5.7,5.5,6.1,80,278,0.29,11.86%,10.99%,0.042181,2026-08-28
$SPX,7711.76,2026-09-01,3,Call,"7,605.00",+1.38%,101.7,115.2,118,10,35,0.29,11.86%,8.64%,0.965682,2026-08-28
$SPX,7711.76,2026-09-18,20,Call,"7,965.00",-3.28%,6.4,6.8,7.1,92,319,0.29,11.86%,9.44%,0.086772,2026-08-28
$SPX,7711.76,2026-09-09,11,Call,"7,975.00",-3.41%,0.35,0.47,0.6,70,239,0.29,11.86%,8.30%,0.012366,2026-08-28
$SPX,7711.76,2026-09-02,4,Call,"7,700.00",+0.15%,36.9,36.7,37.3,234,802,0.29,11.86%,9.04%,0.582398,2026-08-28
$SPX,7711.76,2026-08-31,2,Call,"7,595.00",+1.51%,116.9,115.27,121.2,36,123,0.29,11.86%,11.22%,0.96886,2026-08-28
$SPX,7711.76,2026-11-20,83,Put,"7,380.00",-4.30%,90.3,92.52,91.9,275,949,0.29,11.86%,16.48%,-0.246038,2026-08-28
$SPX,7711.76,2026-11-20,83,Put,"7,310.00",-5.21%,79.9,81.5,81.4,193,657,0.29,11.86%,17.14%,-0.217192,2026-08-28
$SPX,7711.76,2026-10-16,48,Call,"7,955.00",-3.15%,46.3,48.19,47.7,60,217,0.28,11.86%,10.90%,0.260232,2026-08-28
$SPX,7711.76,2026-09-18,20,Call,"7,790.00",-1.01%,48.1,49.7,48.9,79,280,0.28,11.86%,10.48%,0.375182,2026-08-28
$SPX,7711.76,2026-09-18,20,Call,"7,910.00",-2.57%,13.9,14.14,14.4,90,324,0.28,11.86%,9.75%,0.155407,2026-08-28
$SPX,7711.76,2026-11-30,93,Call,"7,480.00",+3.01%,410.9,410.79,417.1,21,74,0.28,11.86%,15.13%,0.714383,2026-08-28
$SPX,7711.76,2026-09-30,32,Call,"7,625.00",+1.13%,175.5,172.76,176.6,39,138,0.28,11.86%,12.33%,0.66173,2026-08-28
$SPX,7711.76,2026-11-20,83,Call,"8,100.00",-5.03%,61,61.74,62.1,45,158,0.28,11.86%,11.86%,0.244782,2026-08-28
$SPX,7711.76,2026-10-02,34,Call,"7,825.00",-1.47%,65.9,65.6,67.2,41,146,0.28,11.86%,11.02%,0.376786,2026-08-28
$SPX,7711.76,2027-07-16,321,Call,"8,325.00",-7.95%,288.7,311,291.1,110,396,0.28,11.86%,14.73%,0.408726,2026-08-28
$SPX,7711.76,2026-09-11,13,Call,"7,675.00",+0.48%,87,85.1,87.8,86,303,0.28,11.86%,10.58%,0.623247,2026-08-28
$SPX,7711.76,2026-09-11,13,Call,"7,670.00",+0.54%,90.4,88.64,91.3,32,115,0.28,11.86%,10.65%,0.634849,2026-08-28
$SPX,7711.76,2026-09-11,13,Call,"7,900.00",-2.44%,4.4,4.4,4.7,524,1882,0.28,11.86%,8.59%,0.08069,2026-08-28
$SPX,7711.76,2026-09-11,13,Call,"8,500.00",-10.22%,0.05,0.1,0.2,12,43,0.28,11.86%,17.30%,0.001732,2026-08-28
$SPX,7711.76,2027-01-29,153,Call,"8,225.00",-6.66%,112.3,128.65,114,15,54,0.28,11.86%,12.78%,0.29377,2026-08-28
$SPX,7711.76,2026-09-14,16,Call,"7,850.00",-1.79%,13.6,13.29,14.1,61,218,0.28,11.86%,8.54%,0.185228,2026-08-28
$SPX,7711.76,2026-09-14,16,Call,"8,075.00",-4.71%,0.45,0.5,0.7,21,75,0.28,11.86%,9.26%,0.011259,2026-08-28
$SPX,7711.76,2026-09-08,10,Call,"7,725.00",-0.17%,41.6,41.1,42.4,89,316,0.28,11.86%,8.78%,0.483113,2026-08-28
$SPX,7711.76,2028-12-15,839,Call,"6,750.00",+12.47%,1855.9,1876.08,1892.5,13,46,0.28,11.86%,20.71%,0.813117,2026-08-28
$SPX,7711.76,2026-08-31,2,Call,"7,620.00",+1.19%,94.1,90.59,95.6,203,737,0.28,11.86%,10.61%,0.939855,2026-08-28
$SPX,7711.76,2026-10-05,37,Call,"7,750.00",-0.50%,106.6,104.8,108,28,101,0.28,11.86%,11.41%,0.494224,2026-08-28
$SPX,7711.76,2027-03-31,214,Call,"8,325.00",-7.95%,152.5,153.24,154.6,147,518,0.28,11.86%,13.27%,0.318495,2026-08-28
$SPX,7711.76,2026-09-09,11,Put,"7,740.00",+0.37%,59.8,62.17,60.6,14,50,0.28,11.86%,9.12%,-0.572221,2026-08-28
$SPX,7711.76,2026-09-09,11,Put,"6,500.00",-15.71%,0.4,0.55,0.6,107,383,0.28,11.86%,36.85%,-0.003267,2026-08-28
$SPX,7711.76,2026-09-08,10,Put,"7,535.00",-2.29%,7.7,8.7,8.2,37,134,0.28,11.86%,11.87%,-0.108278,2026-08-28
$SPX,7711.76,2026-09-08,10,Put,"7,530.00",-2.36%,7.3,8.1,7.9,60,217,0.28,11.86%,11.96%,-0.103703,2026-08-28
$SPX,7711.76,2026-09-08,10,Put,"7,400.00",-4.04%,2.65,2.94,3,115,409,0.28,11.86%,14.45%,-0.037915,2026-08-28
$SPX,7711.76,2026-09-02,4,Put,"7,550.00",-2.10%,2,2.2,2.2,1031,3713,0.28,11.86%,12.54%,-0.049497,2026-08-28
$SPX,7711.76,2026-12-18,111,Put,"7,750.00",+0.50%,218.7,224.7,220.1,30,109,0.28,11.86%,13.94%,-0.474667,2026-08-28
$SPX,7711.76,2027-02-19,174,Put,"8,025.00",+4.06%,387.4,370.8,389.9,14,50,0.28,11.86%,12.41%,-0.656284,2026-08-28
$SPX,7711.76,2026-09-10,12,Put,"7,580.00",-1.71%,17.2,19.46,17.9,37,134,0.28,11.86%,11.74%,-0.192309,2026-08-28
$SPX,7711.76,2027-09-17,384,Put,"7,400.00",-4.04%,326.6,328.56,329.2,200,705,0.28,11.86%,18.66%,-0.323374,2026-08-28
$SPX,7711.76,2026-09-18,20,Put,"7,725.00",+0.17%,80.7,83.5,81.6,147,519,0.28,11.86%,11.24%,-0.500457,2026-08-28
$SPX,7711.76,2026-10-30,62,Put,"7,145.00",-7.35%,42.4,45.25,43.4,13,46,0.28,11.86%,18.84%,-0.13704,2026-08-28
$SPX,7711.76,2026-09-21,23,Put,"7,730.00",+0.24%,86.4,87.58,87.5,37,130,0.28,11.86%,11.02%,-0.507077,2026-08-28
$SPX,7711.76,2026-09-01,3,Put,"7,470.00",-3.13%,0.4,0.5,0.55,69,247,0.28,11.86%,15.82%,-0.012321,2026-08-28
$SPX,7711.76,2026-11-30,93,Put,"6,875.00",-10.85%,46.6,49.4,47.6,22,78,0.28,11.86%,21.15%,-0.112959,2026-08-28
$SPX,7711.76,2026-09-15,17,Put,"6,000.00",-22.20%,0.55,0.64,0.75,70,252,0.28,11.86%,43.18%,-0.00292,2026-08-28
$SPX,7711.76,2026-09-30,32,Put,"7,505.00",-2.68%,44.6,49.21,45.3,21,76,0.28,11.86%,14.28%,-0.232748,2026-08-28
$SPX,7711.76,2026-10-02,34,Put,"7,300.00",-5.34%,25.8,26.65,26.6,70,247,0.28,11.86%,17.10%,-0.127834,2026-08-28
$SPX,7711.76,2026-10-02,34,Put,"7,275.00",-5.66%,24,25.88,24.9,33,117,0.28,11.86%,17.44%,-0.118882,2026-08-28
$SPX,7711.76,2026-10-02,34,Put,"7,075.00",-8.26%,14.7,14.89,15.4,13,46,0.28,11.86%,20.24%,-0.069809,2026-08-28
$SPX,7711.76,2026-09-16,18,Put,"7,700.00",-0.15%,64.2,64.4,65.2,92,323,0.28,11.86%,11.12%,-0.449428,2026-08-28
$SPX,7711.76,2026-09-18,20,Put,"7,740.00",+0.37%,85.5,88.19,87,1948,6906,0.28,11.86%,10.85%,-0.532848,2026-08-28
$SPX,7711.76,2026-09-18,20,Put,"7,750.00",+0.50%,90.3,90.81,91.8,5601,20288,0.28,11.86%,10.75%,-0.554305,2026-08-28
$SPX,7711.76,2026-09-11,13,Put,"7,580.00",-1.71%,20.8,22.12,21.3,104,365,0.28,11.86%,12.17%,-0.208725,2026-08-28
$SPX,7711.76,2026-09-11,13,Put,"7,230.00",-6.25%,3,2.9,3.3,14,50,0.28,11.86%,18.64%,-0.029664,2026-08-28
$SPX,7711.76,2026-10-16,48,Put,"7,665.00",-0.61%,105.9,107.76,107.8,34,128,0.27,11.86%,12.85%,-0.409445,2026-08-28
$SPX,7711.76,2026-10-16,48,Put,"7,410.00",-3.91%,52,53.8,53.4,157,578,0.27,11.86%,15.58%,-0.209321,2026-08-28
$SPX,7711.76,2026-10-16,48,Put,"6,850.00",-11.17%,16.5,16.95,17.3,1332,4863,0.27,11.86%,22.46%,-0.060515,2026-08-28
$SPX,7711.76,2026-10-16,48,Put,"4,975.00",-35.49%,1.55,1.46,1.85,85,319,0.27,11.86%,47.48%,-0.003932,2026-08-28
$SPX,7711.76,2027-01-15,139,Put,"8,350.00",+8.28%,581.2,585.96,584,12,45,0.27,11.86%,0.00%,0,2026-08-28
$SPX,7711.76,2026-09-25,27,Put,"7,525.00",-2.42%,40.5,42.38,41.1,85,313,0.27,11.86%,13.99%,-0.234585,2026-08-28
$SPX,7711.76,2026-09-10,12,Put,"7,750.00",+0.50%,68.7,71.09,69.5,165,621,0.27,11.86%,9.35%,-0.596348,2026-08-28
$SPX,7711.76,2026-09-18,20,Put,"7,530.00",-2.36%,29.8,30.32,30.5,53,193,0.27,11.86%,13.85%,-0.210369,2026-08-28
$SPX,7711.76,2026-09-18,20,Put,"7,445.00",-3.46%,20.3,21.73,21,23,85,0.27,11.86%,15.17%,-0.144814,2026-08-28
$SPX,7711.76,2026-09-15,17,Put,"6,750.00",-12.47%,1.7,1.92,1.95,26,97,0.27,11.86%,27.75%,-0.011286,2026-08-28
$SPX,7711.76,2026-09-28,30,Put,"7,400.00",-4.04%,27.6,28.76,28.5,49,184,0.27,11.86%,15.43%,-0.154888,2026-08-28
$SPX,7711.76,2026-09-28,30,Put,"7,375.00",-4.37%,25.4,27.33,26.3,28,105,0.27,11.86%,15.78%,-0.142427,2026-08-28
$SPX,7711.76,2026-09-11,13,Put,"7,500.00",-2.75%,11.9,12.7,12.3,418,1527,0.27,11.86%,13.44%,-0.123744,2026-08-28
$SPX,7711.76,2026-09-11,13,Put,"7,400.00",-4.04%,6.4,6.8,6.7,334,1245,0.27,11.86%,15.15%,-0.066969,2026-08-28
$SPX,7711.76,2026-11-20,83,Call,"8,250.00",-6.98%,30.2,31.4,31.4,602,2237,0.27,11.86%,11.44%,0.145744,2026-08-28
$SPX,7711.76,2026-09-15,17,Call,"8,100.00",-5.03%,0.5,0.52,0.75,31,116,0.27,11.86%,9.61%,0.011427,2026-08-28
$SPX,7711.76,2026-09-30,32,Call,"7,950.00",-3.09%,21.9,21.45,22.4,1099,4128,0.27,11.86%,9.94%,0.181822,2026-08-28
$SPX,7711.76,2026-09-17,19,Call,"7,740.00",-0.37%,66.9,87.1,68,14,52,0.27,11.86%,10.54%,0.475525,2026-08-28
$SPX,7711.76,2026-09-18,20,Call,"7,740.00",-0.37%,70.2,70.55,71.7,1911,7203,0.27,11.86%,10.71%,0.478501,2026-08-28
$SPX,7711.76,2026-09-11,13,Call,"7,700.00",+0.15%,70.6,68.62,71.5,661,2404,0.27,11.86%,10.27%,0.561629,2026-08-28
$SPX,7711.76,2026-09-11,13,Call,"7,860.00",-1.92%,9.1,9.29,9.5,98,369,0.27,11.86%,8.76%,0.14337,2026-08-28
$SPX,7711.76,2027-01-29,153,Call,"8,025.00",-4.06%,187,205.3,188.9,16,60,0.27,11.86%,13.42%,0.409368,2026-08-28
$SPX,7711.76,2026-09-09,11,Call,"7,880.00",-2.18%,2.85,2.8,3.3,64,238,0.27,11.86%,7.84%,0.06705,2026-08-28
$SPX,7711.76,2026-09-14,16,Call,"7,750.00",-0.50%,47.6,48.44,48.4,215,800,0.27,11.86%,9.31%,0.435497,2026-08-28
$SPX,7711.76,2026-09-03,5,Call,"7,685.00",+0.35%,52.3,53.07,52.8,14,51,0.27,11.86%,9.79%,0.637843,2026-08-28
$SPX,7711.76,2026-09-02,4,Call,"7,660.00",+0.67%,56.4,68.06,73.4,23,86,0.27,11.86%,9.29%,0.769776,2026-08-28
$SPX,7711.76,2026-09-04,6,Call,"8,325.00",-7.95%,0.05,0.1,0.15,21,77,0.27,11.86%,20.18%,0.001745,2026-08-28
$SPX,7711.76,2026-11-20,83,Put,"7,720.00",+0.11%,175.6,178,177.3,53,194,0.27,11.86%,13.54%,-0.461018,2026-08-28
$SPX,7711.76,2026-09-14,16,Put,"7,775.00",+0.82%,90.4,86.32,91.3,23,85,0.27,11.86%,9.32%,-0.645713,2026-08-28
$SPX,7711.76,2026-12-31,124,Put,"7,475.00",-3.07%,148.4,150.6,150,16,60,0.27,11.86%,15.99%,-0.313169,2026-08-28
$SPX,7711.76,2026-10-16,48,Put,"7,600.00",-1.45%,88.9,90.72,89.9,393,1433,0.27,11.86%,13.62%,-0.34558,2026-08-28
$SPX,7711.76,2026-09-08,10,Put,"7,545.00",-2.16%,8.6,11.48,9,34,128,0.27,11.86%,11.74%,-0.118818,2026-08-28
$SPX,7711.76,2026-09-03,5,Put,"7,320.00",-5.08%,0.55,0.65,0.75,53,197,0.27,11.86%,19.62%,-0.01067,2026-08-28
$SPX,7711.76,2026-09-03,5,Put,"6,725.00",-12.80%,0.15,0.15,0.25,21,77,0.27,11.86%,40.75%,-0.001847,2026-08-28
$SPX,7711.76,2026-09-04,6,Put,"7,400.00",-4.04%,1.5,1.65,1.65,1001,3741,0.27,11.86%,16.73%,-0.025001,2026-08-28
$SPX,7711.76,2026-08-31,2,Put,"7,455.00",-3.33%,0.2,0.25,0.3,73,272,0.27,11.86%,18.80%,-0.007086,2026-08-28
$SPX,7711.76,2026-08-31,2,Put,"7,260.00",-5.86%,0.1,0.15,0.2,77,285,0.27,11.86%,29.77%,-0.002908,2026-08-28
$SPX,7711.76,2026-09-09,11,Put,"7,440.00",-3.52%,4.6,5.61,5.1,11,42,0.26,11.86%,13.80%,-0.060383,2026-08-28
$SPX,7711.76,2026-09-14,16,Put,"7,740.00",+0.37%,71.7,73.2,72.7,11,42,0.26,11.86%,9.72%,-0.548318,2026-08-28
$SPX,7711.76,2026-12-31,124,Put,"8,375.00",+8.60%,603.5,609.72,610.7,20,76,0.26,11.86%,0.00%,0,2026-08-28
$SPX,7711.76,2026-10-16,48,Put,"7,435.00",-3.59%,56.6,58.58,57.6,12,46,0.26,11.86%,15.41%,-0.224811,2026-08-28
$SPX,7711.76,2026-09-03,5,Put,"7,770.00",+0.76%,59.6,75.24,76.5,14,53,0.26,11.86%,9.23%,-0.751657,2026-08-28
$SPX,7711.76,2026-09-03,5,Put,"7,555.00",-2.03%,3.8,4.7,4.1,114,447,0.26,11.86%,12.63%,-0.076655,2026-08-28
$SPX,7711.76,2026-09-02,4,Put,"7,475.00",-3.07%,0.8,0.95,0.95,523,2041,0.26,11.86%,14.72%,-0.019946,2026-08-28
$SPX,7711.76,2026-09-02,4,Put,"7,100.00",-7.93%,0.2,0.25,0.35,184,698,0.26,11.86%,29.76%,-0.003685,2026-08-28
$SPX,7711.76,2026-09-04,6,Put,"7,030.00",-8.84%,0.45,0.5,0.6,15,57,0.26,11.86%,28.89%,-0.005675,2026-08-28
$SPX,7711.76,2026-09-04,6,Put,"6,625.00",-14.09%,0.2,0.25,0.35,18,69,0.26,11.86%,42.15%,-0.002206,2026-08-28
$SPX,7711.76,2026-08-31,2,Put,"7,250.00",-5.99%,0.1,0.1,0.15,1309,5045,0.26,11.86%,29.85%,-0.002453,2026-08-28
$SPX,7711.76,2026-12-18,111,Put,"8,075.00",+4.71%,384.6,381.3,385.9,24,93,0.26,11.86%,11.16%,-0.792725,2026-08-28
$SPX,7711.76,2026-12-18,111,Put,"6,200.00",-19.60%,28.6,30.35,29.4,25,95,0.26,11.86%,27.33%,-0.055479,2026-08-28
$SPX,7711.76,2026-10-16,48,Put,"7,650.00",-0.80%,101.2,103.63,102.9,1548,5916,0.26,11.86%,12.99%,-0.393494,2026-08-28
$SPX,7711.76,2026-10-16,48,Put,"7,285.00",-5.53%,38.4,39.48,39.7,187,729,0.26,11.86%,17.05%,-0.153514,2026-08-28
$SPX,7711.76,2026-10-16,48,Put,"6,490.00",-15.84%,9.7,9.47,10.4,85,323,0.26,11.86%,27.19%,-0.032571,2026-08-28
$SPX,7711.76,2026-09-25,27,Put,"7,475.00",-3.07%,33.4,34.7,34,47,181,0.26,11.86%,14.67%,-0.194751,2026-08-28
$SPX,7711.76,2026-09-10,12,Put,"7,525.00",-2.42%,11.2,13.35,11.8,36,138,0.26,11.86%,12.62%,-0.129248,2026-08-28
$SPX,7711.76,2027-09-17,384,Put,"7,700.00",-0.15%,407.5,410.92,410,457,1791,0.26,11.86%,17.09%,-0.409996,2026-08-28
$SPX,7711.76,2026-09-18,20,Put,"7,620.00",-1.19%,46.5,48.4,47.4,82,312,0.26,11.86%,12.57%,-0.316621,2026-08-28
$SPX,7711.76,2026-09-18,20,Put,"7,590.00",-1.58%,39.9,41.4,40.7,55,211,0.26,11.86%,12.98%,-0.276168,2026-08-28
$SPX,7711.76,2026-09-18,20,Put,"7,555.00",-2.03%,33.6,34.9,34.4,34,130,0.26,11.86%,13.49%,-0.235767,2026-08-28
$SPX,7711.76,2026-09-18,20,Put,"6,600.00",-14.42%,2.55,2.65,2.8,314,1224,0.26,11.86%,30.89%,-0.013384,2026-08-28
$SPX,7711.76,2026-10-30,62,Put,"7,670.00",-0.54%,130.6,134.49,131.8,39,150,0.26,11.86%,13.41%,-0.418915,2026-08-28
$SPX,7711.76,2026-09-30,32,Put,"7,685.00",-0.35%,87.4,89.83,88.6,44,167,0.26,11.86%,12.15%,-0.428553,2026-08-28
$SPX,7711.76,2026-09-30,32,Put,"7,660.00",-0.67%,79.4,80.05,80.5,53,202,0.26,11.86%,12.44%,-0.394318,2026-08-28
$SPX,7711.76,2026-09-30,32,Put,"7,650.00",-0.80%,76.4,77.96,77.2,369,1425,0.26,11.86%,12.54%,-0.381231,2026-08-28
$SPX,7711.76,2026-09-30,32,Put,"7,530.00",-2.36%,48.7,50.15,49.4,24,91,0.26,11.86%,13.96%,-0.253178,2026-08-28
$SPX,7711.76,2026-09-30,32,Put,"7,485.00",-2.94%,41.6,40.35,42.5,26,101,0.26,11.86%,14.55%,-0.217883,2026-08-28
$SPX,7711.76,2026-09-30,32,Put,"7,380.00",-4.30%,29.4,30.4,30,210,811,0.26,11.86%,15.90%,-0.154147,2026-08-28
$SPX,7711.76,2026-12-18,111,Put,"8,375.00",+8.60%,609.7,613.95,612.2,10,38,0.26,11.86%,0.00%,0,2026-08-28
$SPX,7711.76,2026-09-16,18,Put,"6,400.00",-17.01%,1.3,1.54,1.55,60,235,0.26,11.86%,35.08%,-0.007077,2026-08-28
$SPX,7711.76,2026-09-18,20,Put,"7,730.00",+0.24%,81,84,82.5,1059,4014,0.26,11.86%,10.96%,-0.51098,2026-08-28
$SPX,7711.76,2026-09-11,13,Put,"7,430.00",-3.65%,7.7,9.74,8.1,91,351,0.26,11.86%,14.67%,-0.080661,2026-08-28
$SPX,7711.76,2026-09-10,12,Call,"7,880.00",-2.18%,4,4.72,4.5,10,39,0.26,11.86%,8.07%,0.082947,2026-08-28
$SPX,7711.76,2026-09-18,20,Call,"7,705.00",+0.09%,92.1,90.7,93,71,275,0.26,11.86%,11.27%,0.548492,2026-08-28
$SPX,7711.76,2026-09-18,20,Call,"8,075.00",-4.71%,1.8,2,2.1,74,283,0.26,11.86%,9.84%,0.028721,2026-08-28
$SPX,7711.76,2026-10-30,62,Call,"7,610.00",+1.32%,260.2,257.49,261.5,27,103,0.26,11.86%,14.02%,0.643496,2026-08-28
$SPX,7711.76,2026-10-30,62,Call,"8,220.00",-6.59%,16.9,17.1,17.8,11,42,0.26,11.86%,10.97%,0.105789,2026-08-28
$SPX,7711.76,2026-09-21,23,Call,"7,730.00",-0.24%,81.5,81.44,82.6,37,141,0.26,11.86%,10.66%,0.50422,2026-08-28
$SPX,7711.76,2026-09-30,32,Call,"7,755.00",-0.56%,92.1,91.98,92.9,31,120,0.26,11.86%,11.11%,0.47819,2026-08-28
$SPX,7711.76,2027-08-20,356,Call,"8,850.00",-14.76%,154.6,155.9,156.7,238,917,0.26,11.86%,13.99%,0.259126,2026-08-28
$SPX,7711.76,2026-09-24,26,Call,"7,670.00",+0.54%,128.8,131.83,130.1,10,39,0.26,11.86%,11.68%,0.607469,2026-08-28
$SPX,7711.76,2026-12-31,124,Call,"7,750.00",-0.50%,282,282.97,283.9,63,244,0.26,11.86%,14.03%,0.555812,2026-08-28
$SPX,7711.76,2026-12-31,124,Call,"7,850.00",-1.79%,224.2,224,225.7,48,183,0.26,11.86%,13.50%,0.491935,2026-08-28
$SPX,7711.76,2026-09-08,10,Call,"7,850.00",-1.79%,4.1,4.1,4.5,334,1265,0.26,11.86%,7.67%,0.09431,2026-08-28
$SPX,7711.76,2026-09-02,4,Call,"7,910.00",-2.57%,0.05,0.1,0.15,108,410,0.26,11.86%,9.08%,0.004374,2026-08-28
$SPX,7711.76,2026-09-04,6,Call,"7,950.00",-3.09%,0.2,0.25,0.35,1038,3979,0.26,11.86%,9.74%,0.00859,2026-08-28
$SPX,7711.76,2026-08-31,2,Call,"7,510.00",+2.62%,201.6,200.99,206,35,135,0.26,11.86%,16.84%,0.984156,2026-08-28
$SPX,7711.76,2026-12-18,111,Call,"7,425.00",+3.72%,489,514.48,495.4,10,38,0.26,11.86%,16.01%,0.727808,2026-08-28
$SPX,7711.76,2026-11-20,83,Put,"7,100.00",-7.93%,56.8,57.65,58.2,2222,8449,0.26,11.86%,19.18%,-0.151489,2026-08-28
$SPX,7711.76,2026-10-16,48,Call,"7,715.00",-0.04%,154.7,153.5,156.7,30,118,0.25,11.86%,12.39%,0.548448,2026-08-28
$SPX,7711.76,2026-10-16,48,Call,"8,050.00",-4.39%,24.9,24.71,26.2,2200,8682,0.25,11.86%,10.58%,0.16547,2026-08-28
$SPX,7711.76,2026-09-18,20,Call,"7,840.00",-1.66%,30.1,30.1,30.8,69,274,0.25,11.86%,10.12%,0.274186,2026-08-28
$SPX,7711.76,2026-09-18,20,Call,"8,100.00",-5.03%,1.4,1.32,1.7,283,1146,0.25,11.86%,10.03%,0.023051,2026-08-28
$SPX,7711.76,2026-10-30,62,Call,"7,770.00",-0.76%,156.8,156.2,158.1,19,76,0.25,11.86%,12.78%,0.50125,2026-08-28
$SPX,7711.76,2026-09-21,23,Call,"7,775.00",-0.82%,58.4,57.36,59.5,99,391,0.25,11.86%,10.28%,0.414904,2026-08-28
$SPX,7711.76,2026-09-01,3,Call,"7,675.00",+0.48%,48.8,47.38,50.5,86,338,0.25,11.86%,9.17%,0.730679,2026-08-28
$SPX,7711.76,2026-09-01,3,Call,"7,595.00",+1.51%,111.2,120.33,127.5,26,102,0.25,11.86%,8.02%,0.983885,2026-08-28
$SPX,7711.76,2026-09-30,32,Call,"7,695.00",+0.22%,127.5,162.6,128.6,118,465,0.25,11.86%,11.65%,0.569296,2026-08-28
$SPX,7711.76,2026-09-30,32,Call,"7,640.00",+0.93%,164.7,165.3,165.8,49,198,0.25,11.86%,12.19%,0.643313,2026-08-28
$SPX,7711.76,2027-08-20,356,Call,"8,550.00",-10.87%,244.5,244.58,246.8,34,136,0.25,11.86%,14.57%,0.353859,2026-08-28
$SPX,7711.76,2026-09-09,11,Call,"7,850.00",-1.79%,5.7,5.5,6.1,119,481,0.25,11.86%,7.94%,0.114564,2026-08-28
$SPX,7711.76,2026-09-14,16,Call,"7,650.00",+0.80%,109.5,107.45,110.4,21,84,0.25,11.86%,10.38%,0.675083,2026-08-28
$SPX,7711.76,2026-09-08,10,Call,"7,805.00",-1.21%,11.3,10.91,11.9,57,224,0.25,11.86%,7.99%,0.203988,2026-08-28
$SPX,7711.76,2026-09-23,25,Call,"8,000.00",-3.74%,7,7.4,7.8,17,68,0.25,11.86%,9.46%,0.085327,2026-08-28
$SPX,7711.76,2026-09-04,6,Call,"7,650.00",+0.80%,84.3,81.91,86.4,300,1194,0.25,11.86%,11.34%,0.726144,2026-08-28
$SPX,7711.76,2027-03-19,202,Put,"7,375.00",-4.37%,196.2,199,198,201,799,0.25,11.86%,17.55%,-0.29699,2026-08-28
$SPX,7711.76,2027-03-19,202,Put,"4,300.00",-44.24%,14.3,14.17,14.9,650,2627,0.25,11.86%,40.69%,-0.015822,2026-08-28
$SPX,7711.76,2026-09-29,31,Put,"7,100.00",-7.93%,12.5,14.13,13.3,13,52,0.25,11.86%,19.77%,-0.065073,2026-08-28
$SPX,7711.76,2026-12-31,124,Put,"7,900.00",+2.44%,290.6,295.47,292.4,127,510,0.25,11.86%,12.77%,-0.590072,2026-08-28
$SPX,7711.76,2026-09-08,10,Put,"6,550.00",-15.06%,0.3,0.35,0.5,15,61,0.25,11.86%,36.24%,-0.002826,2026-08-28
$SPX,7711.76,2026-09-08,10,Put,"6,200.00",-19.60%,0.2,0.25,0.35,181,719,0.25,11.86%,45.52%,-0.001613,2026-08-28
$SPX,7711.76,2026-09-02,4,Put,"7,410.00",-3.91%,0.5,0.59,0.65,51,202,0.25,11.86%,17.11%,-0.011969,2026-08-28
$SPX,7711.76,2026-09-04,6,Put,"7,275.00",-5.66%,0.8,0.95,0.95,186,750,0.25,11.86%,20.55%,-0.012311,2026-08-28
$SPX,7711.76,2026-08-31,2,Put,"7,430.00",-3.65%,0.15,0.2,0.25,163,642,0.25,11.86%,19.92%,-0.005485,2026-08-28
$SPX,7711.76,2026-08-31,2,Put,"7,270.00",-5.73%,0.1,0.1,0.2,57,226,0.25,11.86%,29.16%,-0.002965,2026-08-28
$SPX,7711.76,2026-10-16,48,Put,"7,040.00",-8.71%,23.1,23.4,24,158,631,0.25,11.86%,20.05%,-0.088409,2026-08-28
$SPX,7711.76,2026-10-16,48,Put,"4,300.00",-44.24%,0.55,0.67,0.9,250,1010,0.25,11.86%,56.70%,-0.001511,2026-08-28
$SPX,7711.76,2027-01-15,139,Put,"7,550.00",-2.10%,178.1,180.1,180,2202,8980,0.25,11.86%,15.46%,-0.352118,2026-08-28
$SPX,7711.76,2027-01-15,139,Put,"7,875.00",+2.12%,288.2,290.8,290.6,233,950,0.25,11.86%,13.03%,-0.560332,2026-08-28
$SPX,7711.76,2026-09-25,27,Put,"7,300.00",-5.34%,18.3,18.6,18.7,314,1241,0.25,11.86%,17.16%,-0.105476,2026-08-28
$SPX,7711.76,2026-09-10,12,Put,"7,760.00",+0.63%,74.2,62,75.1,11,44,0.25,11.86%,9.23%,-0.628529,2026-08-28
$SPX,7711.76,2026-09-10,12,Put,"7,550.00",-2.10%,13.7,14.2,14.2,109,434,0.25,11.86%,12.23%,-0.155033,2026-08-28
$SPX,7711.76,2026-09-18,20,Put,"7,500.00",-2.75%,25.9,26.9,26.6,545,2211,0.25,11.86%,14.31%,-0.183995,2026-08-28
$SPX,7711.76,2026-09-18,20,Put,"7,145.00",-7.35%,7.1,7.77,7.6,25,101,0.25,11.86%,20.30%,-0.047555,2026-08-28
$SPX,7711.76,2026-10-30,62,Put,"7,390.00",-4.17%,68.3,69.8,69.4,38,152,0.25,11.86%,16.18%,-0.22598,2026-08-28
$SPX,7711.76,2026-09-01,3,Put,"7,415.00",-3.85%,0.3,0.4,0.45,35,140,0.25,11.86%,18.39%,-0.008685,2026-08-28
$SPX,7711.76,2026-09-30,32,Put,"7,350.00",-4.69%,26.9,28,27.3,620,2436,0.25,11.86%,16.30%,-0.140243,2026-08-28
$SPX,7711.76,2026-11-20,83,Put,"6,800.00",-11.82%,37.7,39.09,38.4,75,298,0.25,11.86%,22.26%,-0.095156,2026-08-28
$SPX,7711.76,2026-10-02,34,Put,"7,775.00",+0.82%,128.6,130.95,129.8,45,181,0.25,11.86%,11.36%,-0.564957,2026-08-28
$SPX,7711.76,2026-09-11,13,Put,"7,175.00",-6.96%,2.5,2.78,2.75,78,312,0.25,11.86%,19.83%,-0.023906,2026-08-28
$SPX,7711.76,2026-09-11,13,Put,"6,675.00",-13.44%,0.9,0.9,1.1,40,161,0.25,11.86%,31.50%,-0.006593,2026-08-28
$SPX,7711.76,2026-10-16,48,Put,"7,780.00",+0.88%,150.4,141.52,152.4,75,318,0.24,11.86%,11.75%,-0.549284,2026-08-28
$SPX,7711.76,2026-10-16,48,Put,"3,300.00",-57.21%,0.1,0.2,0.35,200,843,0.24,11.86%,72.98%,-0.000396,2026-08-28
$SPX,7711.76,2027-01-15,139,Put,"7,925.00",+2.77%,311.5,314.49,313.7,381,1577,0.24,11.86%,12.64%,-0.598446,2026-08-28
$SPX,7711.76,2026-09-25,27,Put,"7,350.00",-4.69%,21.5,22.3,21.9,145,607,0.24,11.86%,16.43%,-0.124738,2026-08-28
$SPX,7711.76,2026-09-10,12,Put,"7,450.00",-3.39%,6.6,7.96,7.1,49,204,0.24,11.86%,13.93%,-0.077359,2026-08-28
$SPX,7711.76,2026-09-18,20,Put,"7,690.00",-0.28%,67,68.74,67.9,84,345,0.24,11.86%,11.65%,-0.431968,2026-08-28
$SPX,7711.76,2026-09-18,20,Put,"7,505.00",-2.68%,26.5,28.85,27.2,34,141,0.24,11.86%,14.23%,-0.18811,2026-08-28
$SPX,7711.76,2026-09-18,20,Put,"7,460.00",-3.26%,21.7,22.31,22.4,47,192,0.24,11.86%,14.94%,-0.154577,2026-08-28
$SPX,7711.76,2026-09-18,20,Put,"7,340.00",-4.82%,13.3,14.42,13.8,58,246,0.24,11.86%,16.86%,-0.093845,2026-08-28
$SPX,7711.76,2026-10-30,62,Put,"7,695.00",-0.22%,139,139.46,140.3,17,71,0.24,11.86%,13.19%,-0.442246,2026-08-28
$SPX,7711.76,2026-09-15,17,Put,"7,520.00",-2.49%,19,22.2,19.7,10,42,0.24,11.86%,12.97%,-0.166874,2026-08-28
$SPX,7711.76,2026-09-30,32,Put,"7,755.00",+0.56%,115.3,116.5,116.5,10,41,0.24,11.86%,11.41%,-0.53632,2026-08-28
$SPX,7711.76,2026-09-30,32,Put,"7,770.00",+0.76%,122.5,112,123.4,37,154,0.24,11.86%,11.26%,-0.561643,2026-08-28
$SPX,7711.76,2026-12-18,111,Put,"5,725.00",-25.76%,17.8,17.91,18.5,250,1061,0.24,11.86%,31.79%,-0.032239,2026-08-28
$SPX,7711.76,2026-11-20,83,Put,"6,750.00",-12.47%,35.3,35.7,36,23,94,0.24,11.86%,22.77%,-0.088342,2026-08-28
$SPX,7711.76,2026-09-16,18,Put,"7,525.00",-2.42%,23.7,25.38,24.5,21,87,0.24,11.86%,13.50%,-0.187984,2026-08-28
$SPX,7711.76,2026-09-11,13,Put,"7,675.00",-0.48%,41.8,43.62,42.5,511,2136,0.24,11.86%,10.75%,-0.383853,2026-08-28
$SPX,7711.76,2026-09-11,13,Put,"7,525.00",-2.42%,14.1,15.01,14.6,276,1138,0.24,11.86%,13.04%,-0.145656,2026-08-28
$SPX,7711.76,2026-09-11,13,Put,"7,330.00",-4.95%,4.4,4.8,4.8,55,234,0.24,11.86%,16.49%,-0.045963,2026-08-28
$SPX,7711.76,2026-09-11,13,Put,"6,500.00",-15.71%,0.7,0.81,0.9,198,818,0.24,11.86%,35.67%,-0.004792,2026-08-28
$SPX,7711.76,2026-10-16,48,Call,"8,300.00",-7.63%,3.9,4.2,4.5,3120,12973,0.24,11.86%,10.45%,0.036551,2026-08-28
$SPX,7711.76,2027-01-15,139,Call,"8,010.00",-3.87%,171.3,198.5,173.4,13,54,0.24,11.86%,13.17%,0.40287,2026-08-28
$SPX,7711.76,2026-09-18,20,Call,"7,805.00",-1.21%,42,43.3,42.9,32,131,0.24,11.86%,10.36%,0.344058,2026-08-28
$SPX,7711.76,2026-09-15,17,Call,"7,660.00",+0.67%,105,106.13,105.9,11,45,0.24,11.86%,10.33%,0.651441,2026-08-28
$SPX,7711.76,2026-09-30,32,Call,"7,660.00",+0.67%,150.7,148.9,151.8,53,218,0.24,11.86%,11.99%,0.617579,2026-08-28
$SPX,7711.76,2026-09-30,32,Call,"8,060.00",-4.52%,7.6,14.74,8.3,19,80,0.24,11.86%,9.73%,0.079859,2026-08-28
$SPX,7711.76,2026-11-20,83,Call,"8,000.00",-3.74%,91.4,92.9,92.6,81,334,0.24,11.86%,12.20%,0.323938,2026-08-28
$SPX,7711.76,2026-09-09,11,Call,"7,710.00",+0.02%,54.1,54.4,54.9,20,85,0.24,11.86%,9.23%,0.536086,2026-08-28
$SPX,7711.76,2026-10-16,48,Call,"7,700.00",+0.15%,165.8,167,167.1,109,459,0.24,11.86%,12.63%,0.564642,2026-08-28
$SPX,7711.76,2026-10-16,48,Call,"7,930.00",-2.83%,55.2,64.8,56.2,17,70,0.24,11.86%,11.13%,0.291028,2026-08-28
$SPX,7711.76,2026-10-16,48,Call,"7,970.00",-3.35%,43.5,65.2,44.4,10,42,0.24,11.86%,10.96%,0.246275,2026-08-28
$SPX,7711.76,2026-10-16,48,Call,"8,210.00",-6.46%,8.1,8.4,8.6,19,80,0.24,11.86%,10.45%,0.066186,2026-08-28
$SPX,7711.76,2026-09-03,5,Call,"7,910.00",-2.57%,0.1,0.15,0.25,68,288,0.24,11.86%,8.62%,0.006912,2026-08-28
$SPX,7711.76,2026-09-02,4,Call,"7,680.00",+0.41%,50.5,52.9,51,66,280,0.24,11.86%,9.40%,0.678961,2026-08-28
$SPX,7711.76,2026-09-02,4,Call,"7,675.00",+0.48%,54.2,56.8,54.7,31,127,0.24,11.86%,9.49%,0.700482,2026-08-28
$SPX,7711.76,2026-10-09,41,Call,"8,100.00",-5.03%,11.8,11.3,12.6,26,108,0.24,11.86%,10.27%,0.098704,2026-08-28
$SPX,7711.76,2026-12-18,111,Call,"8,500.00",-10.22%,21.9,22.3,22.6,166,686,0.24,11.86%,11.69%,0.097515,2026-08-28
$SPX,7711.76,2026-09-09,11,Put,"7,725.00",+0.17%,52.5,54.84,53.4,79,326,0.24,11.86%,9.32%,-0.520979,2026-08-28
$SPX,7711.76,2026-09-09,11,Put,"7,625.00",-1.13%,21.5,23.19,22.1,89,370,0.24,11.86%,10.73%,-0.252433,2026-08-28
$SPX,7711.76,2026-09-09,11,Put,"6,650.00",-13.77%,0.5,0.62,0.7,44,186,0.24,11.86%,33.03%,-0.004277,2026-08-28
$SPX,7711.76,2026-10-16,48,Put,"7,740.00",+0.37%,134.5,138.28,135.8,18,76,0.24,11.86%,12.23%,-0.496526,2026-08-28
$SPX,7711.76,2026-09-08,10,Put,"7,695.00",-0.22%,36.8,39.2,37.6,10,42,0.24,11.86%,9.44%,-0.422519,2026-08-28
$SPX,7711.76,2026-09-03,5,Put,"7,280.00",-5.60%,0.5,0.6,0.65,27,112,0.24,11.86%,21.07%,-0.008953,2026-08-28
$SPX,7711.76,2027-12-17,475,Put,"8,150.00",+5.68%,607.5,612.4,612.7,750,3110,0.24,11.86%,14.86%,-0.567513,2026-08-28
$SPX,7711.76,2028-12-15,839,Put,"7,900.00",+2.44%,625.8,640.58,649.1,86,365,0.24,11.86%,17.39%,-0.437003,2026-08-28
$SPX,7711.76,2026-09-04,6,Put,"6,500.00",-15.71%,0.15,0.26,0.3,1651,6833,0.24,11.86%,46.08%,-0.001685,2026-08-28
$SPX,7711.76,2026-10-05,37,Put,"7,250.00",-5.99%,24.1,26.28,25,61,250,0.24,11.86%,17.45%,-0.115057,2026-08-28
$SPX,7711.76,2027-03-19,202,Put,"7,275.00",-5.66%,176.6,179.6,178.4,104,460,0.23,11.86%,18.20%,-0.266831,2026-08-28
$SPX,7711.76,2026-09-24,26,Put,"7,680.00",-0.41%,75,76.83,76.3,13,56,0.23,11.86%,11.98%,-0.418673,2026-08-28
$SPX,7711.76,2026-10-09,41,Put,"7,300.00",-5.34%,33,33.66,34,26,113,0.23,11.86%,16.99%,-0.145239,2026-08-28
$SPX,7711.76,2026-10-09,41,Put,"6,350.00",-17.66%,6.2,6.5,6.6,607,2634,0.23,11.86%,29.97%,-0.021538,2026-08-28
$SPX,7711.76,2026-10-16,48,Put,"7,140.00",-7.41%,28.1,29.3,29.2,308,1351,0.23,11.86%,18.82%,-0.109839,2026-08-28
$SPX,7711.76,2026-10-16,48,Put,"6,560.00",-14.94%,10.6,11,11.4,195,842,0.23,11.86%,26.25%,-0.036384,2026-08-28
$SPX,7711.76,2027-09-17,384,Put,"8,250.00",+6.98%,614.5,615.67,617.8,77,340,0.23,11.86%,13.37%,-0.678563,2026-08-28
$SPX,7711.76,2027-09-17,384,Put,"6,800.00",-11.82%,209.8,212.4,211.7,60,260,0.23,11.86%,21.57%,-0.203334,2026-08-28
$SPX,7711.76,2026-09-18,20,Put,"7,660.00",-0.67%,57.2,58.72,58.1,72,311,0.23,11.86%,12.03%,-0.379018,2026-08-28
$SPX,7711.76,2026-09-18,20,Put,"7,580.00",-1.71%,38,39.66,38.8,76,324,0.23,11.86%,13.13%,-0.264035,2026-08-28
$SPX,7711.76,2026-09-18,20,Put,"7,395.00",-4.11%,16.5,18.3,17.2,22,95,0.23,11.86%,15.99%,-0.117521,2026-08-28
$SPX,7711.76,2026-09-18,20,Put,"7,325.00",-5.02%,12.6,13.55,13.2,83,357,0.23,11.86%,17.14%,-0.08882,2026-08-28
$SPX,7711.76,2026-09-18,20,Put,"7,310.00",-5.21%,11.9,14.65,12.5,34,151,0.23,11.86%,17.38%,-0.083755,2026-08-28
$SPX,7711.76,2026-09-18,20,Put,"7,220.00",-6.38%,8.8,9.3,9.4,87,371,0.23,11.86%,18.95%,-0.060668,2026-08-28
$SPX,7711.76,2026-09-21,23,Put,"7,575.00",-1.77%,40.3,34.75,41.2,16,71,0.23,11.86%,12.92%,-0.265116,2026-08-28
$SPX,7711.76,2026-09-01,3,Put,"7,445.00",-3.46%,0.35,0.45,0.5,336,1449,0.23,11.86%,17.00%,-0.010445,2026-08-28
$SPX,7711.76,2026-09-01,3,Put,"6,800.00",-11.82%,0.05,0.1,0.15,33,142,0.23,11.86%,45.75%,-0.001107,2026-08-28
$SPX,7711.76,2026-09-15,17,Put,"6,900.00",-10.53%,2.25,2.6,2.5,10,43,0.23,11.86%,24.66%,-0.015919,2026-08-28
$SPX,7711.76,2026-09-30,32,Put,"7,790.00",+1.01%,132.5,137.79,133.6,51,226,0.23,11.86%,11.06%,-0.595984,2026-08-28
$SPX,7711.76,2026-12-18,111,Put,"6,625.00",-14.09%,45.1,45.65,46.2,646,2828,0.23,11.86%,23.44%,-0.09328,2026-08-28
$SPX,7711.76,2026-09-16,18,Put,"7,530.00",-2.36%,24.4,25.72,25.2,25,111,0.23,11.86%,13.43%,-0.192972,2026-08-28
$SPX,7711.76,2026-09-22,24,Put,"7,670.00",-0.54%,66.4,68.02,67.5,14,61,0.23,11.86%,11.82%,-0.399758,2026-08-28
$SPX,7711.76,2026-09-22,24,Put,"7,250.00",-5.99%,12.1,12.8,12.9,18,79,0.23,11.86%,17.81%,-0.07743,2026-08-28
$SPX,7711.76,2026-10-16,48,Call,"7,630.00",+1.06%,211.2,209.78,213.3,22,94,0.23,11.86%,13.11%,0.637067,2026-08-28
$SPX,7711.76,2026-10-16,48,Call,"7,940.00",-2.96%,50.7,51.7,52.2,44,195,0.23,11.86%,10.97%,0.27729,2026-08-28
$SPX,7711.76,2026-09-25,27,Call,"7,600.00",+1.45%,183.9,184.17,185,10,43,0.23,11.86%,12.72%,0.697468,2026-08-28
$SPX,7711.76,2026-09-25,27,Call,"7,850.00",-1.79%,40.6,39.79,41.3,237,1040,0.23,11.86%,10.36%,0.301054,2026-08-28
$SPX,7711.76,2026-09-10,12,Call,"7,920.00",-2.70%,1.65,1.87,2.05,63,278,0.23,11.86%,8.03%,0.040873,2026-08-28
$SPX,7711.76,2026-09-18,20,Call,"7,925.00",-2.77%,11.6,11.8,12.1,101,445,0.23,11.86%,9.70%,0.135182,2026-08-28
$SPX,7711.76,2026-10-30,62,Call,"7,640.00",+0.93%,239,237.3,240.3,10,43,0.23,11.86%,13.77%,0.619502,2026-08-28
$SPX,7711.76,2026-09-30,32,Call,"7,700.00",+0.15%,124.4,123.07,125.4,447,1980,0.23,11.86%,11.61%,0.56207,2026-08-28
$SPX,7711.76,2026-09-30,32,Call,"7,960.00",-3.22%,19.9,20.7,20.7,48,211,0.23,11.86%,9.91%,0.170038,2026-08-28
$SPX,7711.76,2026-09-28,30,Call,"8,200.00",-6.33%,1.6,1.71,1.95,15,64,0.23,11.86%,10.01%,0.021796,2026-08-28
$SPX,7711.76,2026-09-18,20,Call,"7,955.00",-3.15%,7.3,9,8.1,63,277,0.23,11.86%,9.47%,0.096676,2026-08-28
$SPX,7711.76,2026-09-11,13,Call,"7,950.00",-3.09%,1.7,2.07,2,367,1598,0.23,11.86%,8.61%,0.037166,2026-08-28
$SPX,7711.76,2026-09-14,16,Call,"7,790.00",-1.01%,30.5,29.8,31.3,15,66,0.23,11.86%,8.96%,0.328581,2026-08-28
$SPX,7711.76,2026-12-31,124,Call,"7,420.00",+3.78%,514.5,520,521,10,43,0.23,11.86%,16.15%,0.724309,2026-08-28
$SPX,7711.76,2026-12-31,124,Call,"8,175.00",-6.01%,89.8,95.04,91.3,15,66,0.23,11.86%,12.30%,0.275701,2026-08-28
$SPX,7711.76,2026-12-31,124,Call,"8,425.00",-9.25%,37.8,39.8,39.1,16,70,0.23,11.86%,11.84%,0.144967,2026-08-28
$SPX,7711.76,2026-10-16,48,Call,"8,140.00",-5.55%,13.6,14.48,14.4,24,103,0.23,11.86%,10.51%,0.101818,2026-08-28
$SPX,7711.76,2026-09-23,25,Call,"8,075.00",-4.71%,2.95,3.4,3.5,13,56,0.23,11.86%,9.54%,0.041617,2026-08-28
$SPX,7711.76,2026-09-04,6,Call,"7,900.00",-2.44%,0.55,0.55,0.7,3499,15512,0.23,11.86%,8.86%,0.019536,2026-08-28
$SPX,7711.76,2026-09-04,6,Call,"8,020.00",-4.00%,0.1,0.1,0.2,32,137,0.23,11.86%,11.41%,0.004278,2026-08-28
$SPX,7711.76,2026-09-04,6,Call,"8,100.00",-5.03%,0.1,0.15,0.2,197,843,0.23,11.86%,14.01%,0.003548,2026-08-28
$SPX,7711.76,2026-09-04,6,Call,"8,200.00",-6.33%,0.05,0.1,0.2,169,740,0.23,11.86%,16.85%,0.002533,2026-08-28
$SPX,7711.76,2026-08-31,2,Call,"7,660.00",+0.67%,56.8,54.08,58.2,387,1692,0.23,11.86%,9.20%,0.846427,2026-08-28
$SPX,7711.76,2026-10-05,37,Call,"7,950.00",-3.09%,28.8,28.9,29.9,23,102,0.23,11.86%,10.19%,0.210296,2026-08-28
$SPX,7711.76,2026-09-10,12,Call,"7,950.00",-3.09%,0.9,1.06,1.2,153,708,0.22,11.86%,8.16%,0.024522,2026-08-28
$SPX,7711.76,2027-09-17,384,Call,"7,700.00",+0.15%,720.2,720.2,723.4,252,1154,0.22,11.86%,17.47%,0.631756,2026-08-28
$SPX,7711.76,2027-09-17,384,Call,"8,800.00",-14.11%,192.9,200.6,195.1,98,455,0.22,11.86%,14.21%,0.294702,2026-08-28
$SPX,7711.76,2026-09-18,20,Call,"7,760.00",-0.63%,61.7,63.44,62.6,163,736,0.22,11.86%,10.73%,0.43782,2026-08-28
$SPX,7711.76,2026-09-21,23,Call,"7,800.00",-1.14%,47.5,47.19,48.7,147,678,0.22,11.86%,10.10%,0.364658,2026-08-28
$SPX,7711.76,2026-09-01,3,Call,"7,635.00",+1.00%,82.7,80.31,84.4,48,215,0.22,11.86%,10.05%,0.871893,2026-08-28
$SPX,7711.76,2026-09-30,32,Call,"7,690.00",+0.28%,130.7,126.74,131.8,35,162,0.22,11.86%,11.70%,0.576441,2026-08-28
$SPX,7711.76,2026-09-30,32,Call,"7,740.00",-0.37%,100.4,99.77,101.2,55,253,0.22,11.86%,11.23%,0.501805,2026-08-28
$SPX,7711.76,2026-09-16,18,Call,"7,875.00",-2.12%,14.8,15.2,15.6,74,336,0.22,11.86%,9.27%,0.178598,2026-08-28
$SPX,7711.76,2026-09-18,20,Call,"7,730.00",-0.24%,75.7,76,77.2,1126,5087,0.22,11.86%,10.81%,0.499163,2026-08-28
$SPX,7711.76,2026-09-18,20,Call,"8,100.00",-5.03%,1.2,1.6,1.6,4421,20019,0.22,11.86%,9.88%,0.021356,2026-08-28
$SPX,7711.76,2026-09-11,13,Call,"8,020.00",-4.00%,0.55,0.65,0.8,39,176,0.22,11.86%,9.15%,0.014424,2026-08-28
$SPX,7711.76,2026-09-11,13,Call,"8,060.00",-4.52%,0.35,0.4,0.55,21,95,0.22,11.86%,9.65%,0.009543,2026-08-28
$SPX,7711.76,2026-09-14,16,Call,"7,690.00",+0.28%,81.8,84.7,82.7,27,124,0.22,11.86%,9.93%,0.588179,2026-08-28
$SPX,7711.76,2026-09-14,16,Call,"8,025.00",-4.06%,0.8,0.85,1.05,40,181,0.22,11.86%,8.69%,0.018252,2026-08-28
$SPX,7711.76,2026-10-16,48,Call,"7,725.00",-0.17%,150.3,149.7,151.5,53,238,0.22,11.86%,12.42%,0.53695,2026-08-28
$SPX,7711.76,2026-10-16,48,Call,"8,150.00",-5.68%,12.7,12.65,13.2,75,343,0.22,11.86%,10.48%,0.095614,2026-08-28
$SPX,7711.76,2026-09-08,10,Call,"7,700.00",+0.15%,56.1,53.76,56.9,113,510,0.22,11.86%,9.07%,0.569606,2026-08-28
$SPX,7711.76,2026-09-08,10,Call,"7,670.00",+0.54%,76.2,75.65,77,35,159,0.22,11.86%,9.44%,0.662407,2026-08-28
$SPX,7711.76,2026-09-03,5,Call,"7,920.00",-2.70%,0.1,0.1,0.25,99,445,0.22,11.86%,9.00%,0.006643,2026-08-28
$SPX,7711.76,2026-11-20,83,Put,"7,775.00",+0.82%,196.9,195,198.8,110,507,0.22,11.86%,13.09%,-0.509523,2026-08-28
$SPX,7711.76,2026-11-04,67,Put,"7,700.00",-0.15%,147.3,149.68,149.6,11,49,0.22,11.86%,13.29%,-0.446622,2026-08-28
$SPX,7711.76,2026-09-09,11,Put,"7,655.00",-0.74%,28.1,30.01,28.9,16,72,0.22,11.86%,10.29%,-0.317952,2026-08-28
$SPX,7711.76,2026-09-09,11,Put,"7,500.00",-2.75%,7.5,9.4,7.9,125,573,0.22,11.86%,12.79%,-0.095156,2026-08-28
$SPX,7711.76,2026-09-09,11,Put,"6,600.00",-14.42%,0.45,0.52,0.65,36,165,0.22,11.86%,34.21%,-0.003822,2026-08-28
$SPX,7711.76,2026-09-24,26,Put,"7,425.00",-3.72%,26.1,26.8,27,11,51,0.22,11.86%,15.33%,-0.158,2026-08-28
$SPX,7711.76,2026-12-31,124,Put,"7,760.00",+0.63%,231.1,234.2,232.6,10,46,0.22,11.86%,13.83%,-0.479253,2026-08-28
$SPX,7711.76,2026-12-31,124,Put,"6,910.00",-10.40%,70.7,71.38,72,20,92,0.22,11.86%,20.66%,-0.143121,2026-08-28
$SPX,7711.76,2026-10-16,48,Put,"7,820.00",+1.40%,171.5,148.86,172.8,12,54,0.22,11.86%,11.48%,-0.603561,2026-08-28
$SPX,7711.76,2026-09-02,4,Put,"6,550.00",-15.06%,0.05,0.1,0.15,20,93,0.22,11.86%,50.39%,-0.000882,2026-08-28
$SPX,7711.76,2026-09-04,6,Put,"7,340.00",-4.82%,1.05,1.17,1.2,237,1060,0.22,11.86%,18.48%,-0.016971,2026-08-28
$SPX,7711.76,2026-09-04,6,Put,"6,375.00",-17.33%,0.15,0.15,0.25,32,148,0.22,11.86%,50.31%,-0.00139,2026-08-28
$SPX,7711.76,2026-10-05,37,Put,"7,125.00",-7.61%,17.7,18.4,18.6,17,76,0.22,11.86%,19.12%,-0.082806,2026-08-28
$SPX,7711.76,2027-03-31,214,Put,"7,545.00",-2.16%,244.9,250.81,247.1,14,64,0.22,11.86%,16.53%,-0.358572,2026-08-28
$SPX,7711.76,2027-02-19,174,Put,"7,475.00",-3.07%,192.1,194.97,194.1,108,493,0.22,11.86%,16.41%,-0.326158,2026-08-28
$SPX,7711.76,2026-10-16,48,Put,"7,400.00",-4.04%,50.7,52.22,52.1,3822,17529,0.22,11.86%,15.70%,-0.204093,2026-08-28
$SPX,7711.76,2026-10-16,48,Put,"5,625.00",-27.06%,3.3,3.53,3.8,79,353,0.22,11.86%,38.67%,-0.009329,2026-08-28
$SPX,7711.76,2026-09-25,27,Put,"7,675.00",-0.48%,75.6,78.1,76.5,109,486,0.22,11.86%,12.10%,-0.411836,2026-08-28
$SPX,7711.76,2026-09-25,27,Put,"6,600.00",-14.42%,4.2,4.51,4.5,164,759,0.22,11.86%,28.65%,-0.019285,2026-08-28
$SPX,7711.76,2026-09-10,12,Put,"6,950.00",-9.88%,1.1,1.35,1.3,57,258,0.22,11.86%,25.14%,-0.009932,2026-08-28
$SPX,7711.76,2026-09-18,20,Put,"7,655.00",-0.74%,55.7,57.3,56.6,41,184,0.22,11.86%,12.09%,-0.370728,2026-08-28
$SPX,7711.76,2026-09-18,20,Put,"7,560.00",-1.97%,34.4,35.6,35.2,43,192,0.22,11.86%,13.41%,-0.241078,2026-08-28
$SPX,7711.76,2026-09-18,20,Put,"7,520.00",-2.49%,28.4,29.62,29.1,74,342,0.22,11.86%,14.00%,-0.201063,2026-08-28
$SPX,7711.76,2026-09-01,3,Put,"7,425.00",-3.72%,0.3,0.4,0.45,47,217,0.22,11.86%,17.84%,-0.008929,2026-08-28
$SPX,7711.76,2026-09-30,32,Put,"7,385.00",-4.24%,29.9,30.57,30.7,13,59,0.22,11.86%,15.86%,-0.156982,2026-08-28
$SPX,7711.76,2026-09-28,30,Put,"7,125.00",-7.61%,12.3,12.55,13.1,20,92,0.22,11.86%,19.36%,-0.066324,2026-08-28
$SPX,7711.76,2026-10-02,34,Put,"7,800.00",+1.14%,141.2,148.43,142.4,10,45,0.22,11.86%,11.10%,-0.60783,2026-08-28
$SPX,7711.76,2027-06-17,292,Put,"5,250.00",-31.92%,47.7,48.5,48.8,202,924,0.22,11.86%,30.56%,-0.049549,2026-08-28
$SPX,7711.76,2026-10-01,33,Put,"7,625.00",-1.13%,71.1,73,72.2,14,63,0.22,11.86%,12.87%,-0.35222,2026-08-28
$SPX,7711.76,2026-09-22,24,Put,"7,300.00",-5.34%,14.3,15.65,15,24,111,0.22,11.86%,17.02%,-0.09197,2026-08-28
$SPX,7711.76,2026-09-18,20,Put,"7,650.00",-0.80%,52.6,54.69,54,2322,10370,0.22,11.86%,11.95%,-0.360464,2026-08-28
$SPX,7711.76,2026-09-18,20,Put,"7,305.00",-5.27%,11.1,12.17,11.8,53,238,0.22,11.86%,17.27%,-0.079854,2026-08-28
$SPX,7711.76,2026-09-18,20,Put,"7,255.00",-5.92%,9.3,10.75,10,53,244,0.22,11.86%,18.12%,-0.066297,2026-08-28
$SPX,7711.76,2026-10-16,48,Put,"7,010.00",-9.10%,21.8,22.7,22.8,143,691,0.21,11.86%,20.43%,-0.083104,2026-08-28
$SPX,7711.76,2026-09-25,27,Put,"7,250.00",-5.99%,15.7,16.1,16.1,66,311,0.21,11.86%,17.90%,-0.089721,2026-08-28
$SPX,7711.76,2026-09-10,12,Put,"7,605.00",-1.38%,21,14.45,21.8,13,61,0.21,11.86%,11.35%,-0.230313,2026-08-28
$SPX,7711.76,2027-09-17,384,Put,"5,400.00",-29.98%,74.6,75.7,75.9,37,178,0.21,11.86%,28.55%,-0.067788,2026-08-28
$SPX,7711.76,2026-09-18,20,Put,"7,230.00",-6.25%,9.1,9.6,9.7,19,92,0.21,11.86%,18.78%,-0.062856,2026-08-28
$SPX,7711.76,2026-09-18,20,Put,"5,600.00",-27.38%,0.55,0.75,0.8,229,1098,0.21,11.86%,49.87%,-0.002442,2026-08-28
$SPX,7711.76,2026-10-30,62,Put,"7,680.00",-0.41%,133.9,134.35,135.1,15,72,0.21,11.86%,13.32%,-0.42801,2026-08-28
$SPX,7711.76,2026-10-30,62,Put,"6,980.00",-9.49%,32,33.52,32.8,15,72,0.21,11.86%,20.69%,-0.100553,2026-08-28
$SPX,7711.76,2026-09-21,23,Put,"7,150.00",-7.28%,8.2,8.95,8.9,32,155,0.21,11.86%,19.44%,-0.052913,2026-08-28
$SPX,7711.76,2026-09-21,23,Put,"6,300.00",-18.31%,1.85,1.88,2.15,26,121,0.21,11.86%,34.83%,-0.008643,2026-08-28
$SPX,7711.76,2028-06-16,657,Put,"6,150.00",-20.25%,208.8,212.1,214.9,30,142,0.21,11.86%,23.90%,-0.147594,2026-08-28
$SPX,7711.76,2026-09-15,17,Put,"7,575.00",-1.77%,26.3,28.37,27.1,26,123,0.21,11.86%,12.15%,-0.226375,2026-08-28
$SPX,7711.76,2026-09-30,32,Put,"7,670.00",-0.54%,82.4,87.29,83.6,39,185,0.21,11.86%,12.31%,-0.407993,2026-08-28
$SPX,7711.76,2026-09-30,32,Put,"7,500.00",-2.75%,43.9,45,44.5,5614,26638,0.21,11.86%,14.34%,-0.228925,2026-08-28
$SPX,7711.76,2026-09-30,32,Put,"7,475.00",-3.07%,40.3,41.45,40.8,77,360,0.21,11.86%,14.66%,-0.210535,2026-08-28
$SPX,7711.76,2026-10-02,34,Put,"7,550.00",-2.10%,56.3,57.31,57.4,26,124,0.21,11.86%,13.88%,-0.277909,2026-08-28
$SPX,7711.76,2026-10-02,34,Put,"7,200.00",-6.64%,19.7,20.5,20.5,72,346,0.21,11.86%,18.46%,-0.096358,2026-08-28
$SPX,7711.76,2026-10-02,34,Put,"6,700.00",-13.12%,7.3,7.6,7.8,42,201,0.21,11.86%,25.81%,-0.03106,2026-08-28
$SPX,7711.76,2026-09-16,18,Put,"7,610.00",-1.32%,38,30,38.9,21,100,0.21,11.86%,12.28%,-0.289263,2026-08-28
$SPX,7711.76,2026-09-11,13,Put,"7,310.00",-5.21%,4,5.2,4.4,28,131,0.21,11.86%,16.89%,-0.041606,2026-08-28
$SPX,7711.76,2026-11-20,83,Call,"7,420.00",+3.78%,445.6,465.08,448,16,78,0.21,11.86%,15.86%,0.745212,2026-08-28
$SPX,7711.76,2026-10-16,48,Call,"7,635.00",+1.00%,207.8,204.23,209.8,16,75,0.21,11.86%,13.07%,0.632188,2026-08-28
$SPX,7711.76,2026-10-16,48,Call,"8,200.00",-6.33%,8.2,8.26,9,5168,24542,0.21,11.86%,10.35%,0.068433,2026-08-28
$SPX,7711.76,2026-09-18,20,Call,"7,895.00",-2.38%,16.6,17.5,17.2,51,246,0.21,11.86%,9.83%,0.177999,2026-08-28
$SPX,7711.76,2026-09-18,20,Call,"7,930.00",-2.83%,10.9,11.09,11.4,245,1157,0.21,11.86%,9.68%,0.128815,2026-08-28
$SPX,7711.76,2026-10-30,62,Call,"7,650.00",+0.80%,232.1,232.12,233.4,78,377,0.21,11.86%,13.69%,0.61121,2026-08-28
$SPX,7711.76,2026-11-30,93,Call,"7,730.00",-0.24%,236.5,236.09,238.1,13,61,0.21,11.86%,13.41%,0.557201,2026-08-28
$SPX,7711.76,2026-09-30,32,Call,"7,860.00",-1.92%,45.6,47.1,46.6,25,119,0.21,11.86%,10.36%,0.308777,2026-08-28
$SPX,7711.76,2026-09-30,32,Call,"8,260.00",-7.11%,1.4,2.3,1.65,12,57,0.21,11.86%,10.44%,0.017835,2026-08-28
$SPX,7711.76,2026-12-18,111,Call,"8,800.00",-14.11%,5.9,6.15,6.6,4976,23640,0.21,11.86%,11.65%,0.032869,2026-08-28
$SPX,7711.76,2026-10-02,34,Call,"7,740.00",-0.37%,108.4,109.1,109.8,10,47,0.21,11.86%,11.70%,0.504895,2026-08-28
$SPX,7711.76,2026-09-18,20,Call,"8,340.00",-8.15%,0.2,0.45,0.55,32,151,0.21,11.86%,12.65%,0.005211,2026-08-28
$SPX,7711.76,2027-01-29,153,Call,"8,150.00",-5.68%,137,153.35,138.9,14,67,0.21,11.86%,12.99%,0.33601,2026-08-28
$SPX,7711.76,2026-09-03,5,Call,"7,680.00",+0.41%,55.8,55.5,56.3,21,98,0.21,11.86%,9.87%,0.657671,2026-08-28
$SPX,7711.76,2026-09-04,6,Call,"7,670.00",+0.54%,69.9,67.11,70.4,98,456,0.21,11.86%,10.95%,0.668653,2026-08-28
$SPX,7711.76,2026-09-04,6,Call,"7,620.00",+1.19%,108.6,108.71,110.8,57,272,0.21,11.86%,11.87%,0.797703,2026-08-28
$SPX,7711.76,2026-09-04,6,Call,"8,110.00",-5.16%,0.1,0.1,0.2,27,128,0.21,11.86%,14.32%,0.003476,2026-08-28
$SPX,7711.76,2026-08-31,2,Call,"7,485.00",+2.94%,226.5,283.47,230.7,13,61,0.21,11.86%,17.57%,0.989741,2026-08-28
$SPX,7711.76,2027-02-19,174,Call,"8,450.00",-9.57%,76.7,78.46,78.5,44,210,0.21,11.86%,12.58%,0.212503,2026-08-28
$SPX,7711.76,2027-03-19,202,Put,"7,600.00",-1.45%,250.3,252.19,252.3,1386,6659,0.21,11.86%,16.07%,-0.381619,2026-08-28
$SPX,7711.76,2026-09-29,31,Put,"7,525.00",-2.42%,45.3,45.6,46.3,11,53,0.21,11.86%,13.88%,-0.244337,2026-08-28
$SPX,7711.76,2026-09-14,16,Put,"7,725.00",+0.17%,64.8,67.57,65.7,56,270,0.21,11.86%,9.89%,-0.508359,2026-08-28
$SPX,7711.76,2026-09-14,16,Put,"7,325.00",-5.02%,5.8,6.98,6.3,79,381,0.21,11.86%,15.96%,-0.054719,2026-08-28
$SPX,7711.76,2026-12-31,124,Put,"7,550.00",-2.10%,166.1,167.77,167.6,325,1524,0.21,11.86%,15.41%,-0.349605,2026-08-28
$SPX,7711.76,2026-10-16,48,Put,"7,630.00",-1.06%,96.9,90.56,98.1,12,56,0.21,11.86%,13.31%,-0.374196,2026-08-28
$SPX,7711.76,2026-10-16,48,Put,"7,470.00",-3.13%,62.1,63.12,63.1,15,73,0.21,11.86%,15.03%,-0.246201,2026-08-28
$SPX,7711.76,2026-09-08,10,Put,"7,250.00",-5.99%,1.25,1.61,1.5,90,432,0.21,11.86%,17.90%,-0.016597,2026-08-28
$SPX,7711.76,2026-09-03,5,Put,"7,300.00",-5.34%,0.5,0.5,0.7,63,295,0.21,11.86%,20.30%,-0.009624,2026-08-28
$SPX,7711.76,2026-09-04,6,Put,"7,820.00",+1.40%,105.5,111.1,112.1,13,61,0.21,11.86%,7.58%,-0.950599,2026-08-28
$SPX,7711.76,2026-09-04,6,Put,"6,000.00",-22.20%,0.05,0.15,0.15,12037,58009,0.21,11.86%,61.33%,-0.000604,2026-08-28
$SPX,7711.76,2026-08-31,2,Put,"7,800.00",+1.14%,86,89.73,87.5,171,796,0.21,11.86%,11.04%,-0.923052,2026-08-28
$SPX,7711.76,2026-09-09,11,Put,"7,565.00",-1.90%,12.6,14.3,13.3,12,61,0.2,11.86%,11.67%,-0.157107,2026-08-28
$SPX,7711.76,2026-09-09,11,Put,"6,300.00",-18.31%,0.3,0.4,0.5,60,299,0.2,11.86%,41.95%,-0.002355,2026-08-28
$SPX,7711.76,2026-12-31,124,Put,"7,120.00",-7.67%,91.5,92.65,92.9,12,61,0.2,11.86%,18.89%,-0.189387,2026-08-28
$SPX,7711.76,2026-10-16,48,Put,"7,475.00",-3.07%,62.9,63.66,63.8,42,215,0.2,11.86%,14.96%,-0.249267,2026-08-28
$SPX,7711.76,2026-10-16,48,Put,"6,975.00",-9.55%,21.1,22.53,21.6,102,498,0.2,11.86%,20.98%,-0.078317,2026-08-28
$SPX,7711.76,2026-09-08,10,Put,"7,655.00",-0.74%,24.7,26.63,25.5,22,109,0.2,11.86%,9.99%,-0.306705,2026-08-28
$SPX,7711.76,2026-09-08,10,Put,"7,780.00",+0.88%,78.4,84.45,84.1,18,89,0.2,11.86%,8.40%,-0.728567,2026-08-28
$SPX,7711.76,2026-09-03,5,Put,"7,575.00",-1.77%,4.9,5.3,5.2,130,647,0.2,11.86%,12.15%,-0.097294,2026-08-28
$SPX,7711.76,2026-09-02,4,Put,"6,850.00",-11.17%,0.1,0.15,0.25,16,81,0.2,11.86%,39.43%,-0.001869,2026-08-28
$SPX,7711.76,2026-09-04,6,Put,"6,875.00",-10.85%,0.3,0.4,0.45,64,314,0.2,11.86%,33.77%,-0.00361,2026-08-28
$SPX,7711.76,2026-09-04,6,Put,"6,275.00",-18.63%,0.1,0.15,0.25,10,49,0.2,11.86%,53.51%,-0.001158,2026-08-28
$SPX,7711.76,2026-08-31,2,Put,"7,140.00",-7.41%,0.05,0.1,0.15,74,377,0.2,11.86%,35.74%,-0.001687,2026-08-28
$SPX,7711.76,2026-10-09,41,Put,"7,150.00",-7.28%,23.1,24.22,24,30,151,0.2,11.86%,18.91%,-0.099443,2026-08-28
$SPX,7711.76,2026-10-16,48,Put,"7,620.00",-1.19%,92.6,95.4,94.4,28,138,0.2,11.86%,13.30%,-0.363387,2026-08-28
$SPX,7711.76,2026-10-16,48,Put,"6,325.00",-17.98%,7.8,8,8.4,117,599,0.2,11.86%,29.36%,-0.02514,2026-08-28
$SPX,7711.76,2027-01-15,139,Put,"5,350.00",-30.63%,17.8,18.1,18.5,48,243,0.2,11.86%,33.83%,-0.027381,2026-08-28
$SPX,7711.76,2027-09-17,384,Put,"8,225.00",+6.66%,603.3,606.03,606.3,116,593,0.2,11.86%,13.62%,-0.667223,2026-08-28
$SPX,7711.76,2026-09-18,20,Put,"7,680.00",-0.41%,63.5,63.55,64.5,88,449,0.2,11.86%,11.78%,-0.413853,2026-08-28
$SPX,7711.76,2026-09-18,20,Put,"7,400.00",-4.04%,16.9,17.65,17.4,497,2471,0.2,11.86%,15.89%,-0.11981,2026-08-28
$SPX,7711.76,2026-09-18,20,Put,"7,360.00",-4.56%,14.4,17.05,15,41,209,0.2,11.86%,16.56%,-0.101962,2026-08-28
$SPX,7711.76,2026-09-18,20,Put,"7,225.00",-6.31%,9,10.15,9.4,135,661,0.2,11.86%,18.84%,-0.061537,2026-08-28
$SPX,7711.76,2026-09-18,20,Put,"6,075.00",-21.22%,1.2,1.4,1.4,74,369,0.2,11.86%,41.01%,-0.005357,2026-08-28
$SPX,7711.76,2026-10-30,62,Put,"7,410.00",-3.91%,71.3,70.52,72.3,12,60,0.2,11.86%,15.96%,-0.235974,2026-08-28
$SPX,7711.76,2026-10-30,62,Put,"7,310.00",-5.21%,57.9,55.33,59,11,56,0.2,11.86%,17.03%,-0.190755,2026-08-28
$SPX,7711.76,2026-10-30,62,Put,"6,990.00",-9.36%,32.5,33.22,33.3,10,51,0.2,11.86%,20.57%,-0.102336,2026-08-28
$SPX,7711.76,2026-09-21,23,Put,"7,275.00",-5.66%,12,13.23,12.7,36,182,0.2,11.86%,17.37%,-0.079747,2026-08-28
$SPX,7711.76,2026-09-01,3,Put,"7,820.00",+1.40%,100.4,109.51,116.5,10,49,0.2,11.86%,9.01%,-0.972618,2026-08-28
$SPX,7711.76,2026-09-01,3,Put,"7,455.00",-3.33%,0.35,0.36,0.5,20,98,0.2,11.86%,16.44%,-0.010769,2026-08-28
$SPX,7711.76,2026-11-30,93,Put,"7,400.00",-4.04%,102.3,103.39,103.6,77,393,0.2,11.86%,16.27%,-0.260979,2026-08-28
$SPX,7711.76,2026-11-30,93,Put,"5,100.00",-33.87%,6.9,7.1,7.3,34,167,0.2,11.86%,39.12%,-0.012575,2026-08-28
$SPX,7711.76,2026-09-30,32,Put,"7,810.00",+1.27%,143.3,148.36,144.4,17,83,0.2,11.86%,10.87%,-0.631083,2026-08-28
$SPX,7711.76,2026-09-30,32,Put,"7,420.00",-3.78%,33.4,35.3,34.3,20,102,0.2,11.86%,15.39%,-0.175674,2026-08-28
$SPX,7711.76,2026-09-30,32,Put,"7,310.00",-5.21%,23.8,24.8,24.3,29,144,0.2,11.86%,16.85%,-0.123812,2026-08-28
$SPX,7711.76,2026-09-28,30,Put,"7,550.00",-2.10%,47.4,48.2,48.6,30,153,0.2,11.86%,13.46%,-0.262783,2026-08-28
$SPX,7711.76,2026-10-02,34,Put,"7,425.00",-3.72%,37.3,38.07,38.3,34,168,0.2,11.86%,15.45%,-0.186497,2026-08-28
$SPX,7711.76,2026-10-02,34,Put,"7,325.00",-5.02%,27.6,27.87,28.6,20,101,0.2,11.86%,16.77%,-0.137621,2026-08-28
$SPX,7711.76,2026-09-16,18,Put,"7,670.00",-0.54%,53.8,40.44,54.8,12,60,0.2,11.86%,11.49%,-0.389818,2026-08-28
$SPX,7711.76,2026-09-17,19,Put,"7,750.00",+0.50%,90.1,85.02,91.1,14,71,0.2,11.86%,10.91%,-0.555872,2026-08-28
$SPX,7711.76,2026-09-17,19,Put,"7,375.00",-4.37%,13.6,15.13,14.3,24,123,0.2,11.86%,16.20%,-0.10159,2026-08-28
$SPX,7711.76,2027-04-16,230,Put,"5,675.00",-26.41%,48.1,48.4,49.2,21,103,0.2,11.86%,28.66%,-0.059221,2026-08-28
$SPX,7711.76,2026-09-11,13,Put,"7,410.00",-3.91%,6.8,7.3,7.2,117,571,0.2,11.86%,15.01%,-0.071437,2026-08-28
$SPX,7711.76,2026-11-20,83,Call,"7,100.00",+7.93%,722.1,727.26,724.6,250,1275,0.2,11.86%,18.63%,0.857636,2026-08-28
$SPX,7711.76,2026-10-16,48,Call,"7,615.00",+1.25%,222.1,218.69,224.1,16,80,0.2,11.86%,13.25%,0.651096,2026-08-28
$SPX,7711.76,2026-09-18,20,Call,"7,835.00",-1.60%,31.6,32.6,32.4,58,285,0.2,11.86%,10.16%,0.283875,2026-08-28
$SPX,7711.76,2026-09-18,20,Call,"7,990.00",-3.61%,5,5.11,5.4,54,275,0.2,11.86%,9.56%,0.068892,2026-08-28
$SPX,7711.76,2026-09-18,20,Call,"8,020.00",-4.00%,3.4,3.45,3.9,50,251,0.2,11.86%,9.63%,0.050561,2026-08-28
$SPX,7711.76,2026-10-30,62,Call,"8,230.00",-6.72%,15.9,16.9,16.8,11,54,0.2,11.86%,10.97%,0.100762,2026-08-28
$SPX,7711.76,2026-09-21,23,Call,"7,900.00",-2.44%,17.8,18,18.6,42,214,0.2,11.86%,9.51%,0.18336,2026-08-28
$SPX,7711.76,2026-09-15,17,Call,"7,860.00",-1.92%,13.5,14.83,14.3,13,65,0.2,11.86%,8.67%,0.179297,2026-08-28
$SPX,7711.76,2026-09-28,30,Call,"7,675.00",+0.48%,133.9,134.24,135.3,27,136,0.2,11.86%,11.58%,0.599647,2026-08-28
$SPX,7711.76,2027-07-16,321,Call,"7,700.00",+0.15%,632.4,633.4,635.6,102,500,0.2,11.86%,17.06%,0.621303,2026-08-28
$SPX,7711.76,2026-09-11,13,Call,"7,765.00",-0.69%,36.2,38.2,37,66,327,0.2,11.86%,9.54%,0.381583,2026-08-28
$SPX,7711.76,2026-09-11,13,Call,"8,050.00",-4.39%,0.4,0.6,0.6,78,385,0.2,11.86%,9.54%,0.010612,2026-08-28
$SPX,7711.76,2026-09-08,10,Call,"7,780.00",-0.88%,18.1,19.15,18.8,35,176,0.2,11.86%,8.20%,0.284752,2026-08-28
$SPX,7711.76,2026-09-03,5,Call,"7,880.00",-2.18%,0.25,0.35,0.4,116,566,0.2,11.86%,8.06%,0.012855,2026-08-28
$SPX,7711.76,2026-11-20,83,Put,"7,710.00",-0.02%,171.7,174.9,173.7,27,132,0.2,11.86%,13.61%,-0.452726,2026-08-28
$SPX,7711.76,2026-11-20,83,Put,"6,925.00",-10.20%,43.9,41.15,45.1,300,1485,0.2,11.86%,20.92%,-0.114272,2026-08-28
$SPX,7711.76,2026-10-16,48,Call,"7,720.00",-0.11%,151.6,147.67,153.6,33,172,0.19,11.86%,12.34%,0.542816,2026-08-28
$SPX,7711.76,2026-09-25,27,Call,"7,870.00",-2.05%,34.2,34.4,35.2,21,110,0.19,11.86%,10.25%,0.268155,2026-08-28
$SPX,7711.76,2026-09-25,27,Call,"7,960.00",-3.22%,14.4,15.7,15.3,48,257,0.19,11.86%,9.84%,0.142289,2026-08-28
$SPX,7711.76,2026-09-10,12,Call,"7,800.00",-1.14%,18.2,17.9,18.8,127,655,0.19,11.86%,8.56%,0.258335,2026-08-28
$SPX,7711.76,2026-09-10,12,Call,"7,890.00",-2.31%,3.2,3.49,3.7,31,162,0.19,11.86%,8.04%,0.069755,2026-08-28
$SPX,7711.76,2027-09-17,384,Call,"8,200.00",-6.33%,429.4,429.4,432.2,112,587,0.19,11.86%,15.72%,0.485947,2026-08-28
$SPX,7711.76,2026-09-18,20,Call,"7,700.00",+0.15%,95.2,93.09,96.1,620,3258,0.19,11.86%,11.32%,0.557992,2026-08-28
$SPX,7711.76,2026-09-18,20,Call,"7,960.00",-3.22%,7.4,8.08,8,49,252,0.19,11.86%,9.62%,0.095429,2026-08-28
$SPX,7711.76,2026-10-30,62,Call,"7,660.00",+0.67%,225.3,225.64,226.7,14,75,0.19,11.86%,13.61%,0.602745,2026-08-28
$SPX,7711.76,2026-10-30,62,Call,"7,880.00",-2.18%,101.8,131.2,103.2,10,53,0.19,11.86%,12.11%,0.389235,2026-08-28
$SPX,7711.76,2026-10-30,62,Call,"8,050.00",-4.39%,45.2,45.9,46.3,23,121,0.19,11.86%,11.38%,0.22429,2026-08-28
$SPX,7711.76,2026-11-30,93,Call,"8,100.00",-5.03%,70.3,71.14,71.6,53,284,0.19,11.86%,11.75%,0.263329,2026-08-28
$SPX,7711.76,2026-09-15,17,Call,"7,850.00",-1.79%,15.7,15.97,16.2,50,265,0.19,11.86%,8.72%,0.198978,2026-08-28
$SPX,7711.76,2026-10-02,34,Call,"8,025.00",-4.06%,13.7,15.07,14.6,36,192,0.19,11.86%,10.10%,0.122107,2026-08-28
$SPX,7711.76,2026-10-01,33,Call,"7,700.00",+0.15%,127.9,128,129.2,42,226,0.19,11.86%,11.79%,0.56177,2026-08-28
$SPX,7711.76,2026-09-18,20,Call,"7,750.00",-0.50%,65,64.24,66.4,5007,26589,0.19,11.86%,10.62%,0.457564,2026-08-28
$SPX,7711.76,2027-08-20,356,Call,"8,000.00",-3.74%,500.4,503.1,503.1,152,793,0.19,11.86%,16.27%,0.537505,2026-08-28
$SPX,7711.76,2026-10-16,48,Call,"8,120.00",-5.29%,15.7,16.15,16.5,24,124,0.19,11.86%,10.53%,0.114166,2026-08-28
$SPX,7711.76,2026-09-08,10,Call,"7,695.00",+0.22%,59.2,59.7,60.1,20,105,0.19,11.86%,9.13%,0.58602,2026-08-28
$SPX,7711.76,2026-09-08,10,Call,"7,950.00",-3.09%,0.35,0.45,0.6,118,626,0.19,11.86%,8.00%,0.013343,2026-08-28
$SPX,7711.76,2026-09-03,5,Call,"7,690.00",+0.28%,48.9,51.5,49.4,45,236,0.19,11.86%,9.70%,0.617282,2026-08-28
$SPX,7711.76,2026-09-03,5,Call,"7,940.00",-2.96%,0.05,0.1,0.2,56,302,0.19,11.86%,9.41%,0.004694,2026-08-28
$SPX,7711.76,2026-08-31,2,Call,"7,590.00",+1.58%,121.9,119.84,126.4,25,130,0.19,11.86%,11.87%,0.967009,2026-08-28
$SPX,7711.76,2026-08-31,2,Call,"7,570.00",+1.84%,141.8,142.64,146.2,28,145,0.19,11.86%,13.05%,0.974136,2026-08-28
$SPX,7711.76,2027-01-29,153,Put,"7,710.00",-0.02%,238.4,238.91,240.4,13,68,0.19,11.86%,14.51%,-0.43909,2026-08-28
$SPX,7711.76,2026-09-09,11,Put,"7,620.00",-1.19%,20.5,21.77,21.2,16,85,0.19,11.86%,10.80%,-0.242684,2026-08-28
$SPX,7711.76,2026-09-24,26,Put,"7,175.00",-6.96%,11.7,12.77,12.4,10,53,0.19,11.86%,19.09%,-0.06833,2026-08-28
$SPX,7711.76,2026-09-14,16,Put,"7,100.00",-7.93%,2.8,3.4,3.1,379,2024,0.19,11.86%,20.45%,-0.02349,2026-08-28
$SPX,7711.76,2026-12-31,124,Put,"7,520.00",-2.49%,158.7,160.72,160.2,244,1292,0.19,11.86%,15.64%,-0.334487,2026-08-28
$SPX,7711.76,2026-12-31,124,Put,"8,025.00",+4.06%,357.1,361.43,358.9,42,218,0.19,11.86%,11.68%,-0.708597,2026-08-28
$SPX,7711.76,2026-12-31,124,Put,"8,050.00",+4.39%,372,368.92,373.7,104,542,0.19,11.86%,11.42%,-0.748635,2026-08-28
$SPX,7711.76,2026-10-16,48,Put,"7,760.00",+0.63%,143.1,139.6,144.3,19,99,0.19,11.86%,12.05%,-0.522057,2026-08-28
$SPX,7711.76,2026-10-16,48,Put,"7,270.00",-5.73%,38.1,38.96,39,10,53,0.19,11.86%,17.35%,-0.149738,2026-08-28
$SPX,7711.76,2026-10-16,48,Put,"6,950.00",-9.88%,20.2,20.57,20.8,28,148,0.19,11.86%,21.31%,-0.074651,2026-08-28
$SPX,7711.76,2026-09-08,10,Put,"7,650.00",-0.80%,23.5,24.12,24.2,136,707,0.19,11.86%,10.05%,-0.293988,2026-08-28
$SPX,7711.76,2026-09-08,10,Put,"7,225.00",-6.31%,1.15,1.45,1.4,19,99,0.19,11.86%,18.55%,-0.015027,2026-08-28
$SPX,7711.76,2026-09-03,5,Put,"7,310.00",-5.21%,0.55,0.7,0.7,42,223,0.19,11.86%,19.96%,-0.010138,2026-08-28
$SPX,7711.76,2026-09-04,6,Put,"7,850.00",+1.79%,129,139.26,149,17,88,0.19,11.86%,9.36%,-0.951923,2026-08-28
$SPX,7711.76,2026-09-04,6,Put,"7,060.00",-8.45%,0.45,0.45,0.6,16,85,0.19,11.86%,27.71%,-0.005897,2026-08-28
$SPX,7711.76,2026-08-31,2,Put,"7,460.00",-3.26%,0.2,0.25,0.3,208,1101,0.19,11.86%,18.47%,-0.007201,2026-08-28
$SPX,7711.76,2026-08-31,2,Put,"7,350.00",-4.69%,0.15,0.2,0.2,450,2321,0.19,11.86%,24.64%,-0.003992,2026-08-28
$SPX,7711.76,2026-10-05,37,Put,"7,275.00",-5.66%,25.8,27.38,26.7,26,137,0.19,11.86%,17.13%,-0.123428,2026-08-28
$SPX,7711.76,2026-10-05,37,Put,"7,200.00",-6.64%,21.2,23.4,22.2,34,178,0.19,11.86%,18.12%,-0.100633,2026-08-28
$SPX,7711.76,2026-11-20,83,Put,"4,925.00",-36.14%,4.8,4.97,5.3,104,551,0.19,11.86%,42.30%,-0.009073,2026-08-28
$SPX,7711.76,2026-10-16,48,Put,"6,650.00",-13.77%,12.1,12.25,12.9,802,4268,0.19,11.86%,25.08%,-0.042357,2026-08-28
$SPX,7711.76,2027-01-15,139,Put,"7,600.00",-1.45%,191.1,193.4,193.2,2439,12614,0.19,11.86%,15.08%,-0.377694,2026-08-28
$SPX,7711.76,2026-09-25,27,Put,"7,410.00",-3.91%,26.4,26.91,26.9,36,191,0.19,11.86%,15.58%,-0.154003,2026-08-28
$SPX,7711.76,2026-09-18,20,Put,"7,485.00",-2.94%,24.2,26,24.8,33,172,0.19,11.86%,14.53%,-0.172074,2026-08-28
$SPX,7711.76,2026-09-18,20,Put,"7,190.00",-6.77%,8.1,8.5,8.6,26,136,0.19,11.86%,19.49%,-0.054985,2026-08-28
$SPX,7711.76,2026-09-18,20,Put,"7,150.00",-7.28%,7.2,7.98,7.7,281,1482,0.19,11.86%,20.21%,-0.048302,2026-08-28
$SPX,7711.76,2026-10-30,62,Put,"7,580.00",-1.71%,104.8,106.78,106,28,148,0.19,11.86%,14.25%,-0.34265,2026-08-28
$SPX,7711.76,2026-11-30,93,Put,"7,580.00",-1.71%,141,143.19,142.4,25,134,0.19,11.86%,14.73%,-0.357545,2026-08-28
$SPX,7711.76,2026-09-15,17,Put,"7,250.00",-5.99%,5.3,6.1,5.8,46,240,0.19,11.86%,17.55%,-0.045514,2026-08-28
$SPX,7711.76,2026-09-15,17,Put,"7,225.00",-6.31%,4.8,5.5,5.3,25,135,0.19,11.86%,17.99%,-0.04104,2026-08-28
$SPX,7711.76,2026-09-30,32,Put,"7,655.00",-0.74%,77.9,81.6,78.9,11,58,0.19,11.86%,12.49%,-0.387711,2026-08-28
$SPX,7711.76,2026-09-30,32,Put,"7,580.00",-1.71%,58.5,62.94,59.5,88,469,0.19,11.86%,13.36%,-0.300843,2026-08-28
$SPX,7711.76,2026-09-30,32,Put,"5,650.00",-26.74%,1.5,1.65,1.75,18,96,0.19,11.86%,42.33%,-0.005107,2026-08-28
$SPX,7711.76,2026-09-28,30,Put,"7,575.00",-1.77%,52.3,53.08,53.5,18,95,0.19,11.86%,13.15%,-0.287753,2026-08-28
$SPX,7711.76,2026-11-20,83,Put,"7,675.00",-0.48%,161,165.04,162.3,14,75,0.19,11.86%,13.96%,-0.424577,2026-08-28
$SPX,7711.76,2026-10-02,34,Put,"7,250.00",-5.99%,22.5,23.3,23.3,91,468,0.19,11.86%,17.78%,-0.11079,2026-08-28
$SPX,7711.76,2026-09-16,18,Put,"7,630.00",-1.06%,42.6,31.32,43.5,11,59,0.19,11.86%,12.01%,-0.319744,2026-08-28
$SPX,7711.76,2026-09-18,20,Put,"7,195.00",-6.70%,7.7,8.4,8.4,143,740,0.19,11.86%,19.19%,-0.054014,2026-08-28
$SPX,7711.76,2026-09-18,20,Put,"6,780.00",-12.08%,3.2,3.59,3.6,117,606,0.19,11.86%,27.20%,-0.018618,2026-08-28
$SPX,7711.76,2026-10-16,48,Put,"7,500.00",-2.75%,65.9,67.65,67.3,2786,15707,0.18,11.86%,14.56%,-0.264481,2026-08-28
$SPX,7711.76,2026-10-16,48,Put,"5,375.00",-30.30%,2.45,2.4,2.85,66,361,0.18,11.86%,41.98%,-0.006626,2026-08-28
$SPX,7711.76,2026-09-25,27,Put,"7,490.00",-2.88%,35.3,35.6,36.2,26,141,0.18,11.86%,14.48%,-0.206162,2026-08-28
$SPX,7711.76,2026-09-25,27,Put,"7,075.00",-8.26%,9.9,10.6,10.3,34,191,0.18,11.86%,20.64%,-0.054007,2026-08-28
$SPX,7711.76,2026-09-25,27,Put,"6,500.00",-15.71%,3.6,3.88,3.9,86,475,0.18,11.86%,30.33%,-0.01604,2026-08-28
$SPX,7711.76,2026-09-10,12,Put,"5,600.00",-27.38%,0.15,0.25,0.35,151,828,0.18,11.86%,58.65%,-0.001064,2026-08-28
$SPX,7711.76,2026-09-18,20,Put,"7,420.00",-3.78%,18.3,19.6,18.8,55,313,0.18,11.86%,15.56%,-0.130025,2026-08-28
$SPX,7711.76,2026-09-18,20,Put,"7,350.00",-4.69%,13.9,14.6,14.3,150,843,0.18,11.86%,16.71%,-0.097763,2026-08-28
$SPX,7711.76,2026-09-18,20,Put,"7,030.00",-8.84%,5.4,6.16,5.8,23,125,0.18,11.86%,22.47%,-0.034321,2026-08-28
$SPX,7711.76,2026-10-30,62,Put,"7,675.00",-0.48%,132.2,132.83,133.5,38,215,0.18,11.86%,13.37%,-0.423447,2026-08-28
$SPX,7711.76,2026-10-30,62,Put,"6,700.00",-13.12%,20.9,21.6,21.4,132,739,0.18,11.86%,23.86%,-0.062056,2026-08-28
$SPX,7711.76,2026-09-01,3,Put,"7,485.00",-2.94%,0.45,0.5,0.6,35,200,0.18,11.86%,15.17%,-0.014001,2026-08-28
$SPX,7711.76,2026-09-15,17,Put,"7,625.00",-1.13%,35.9,41.13,36.7,62,349,0.18,11.86%,11.44%,-0.298877,2026-08-28
$SPX,7711.76,2026-09-30,32,Put,"7,455.00",-3.33%,37.5,40.38,38.4,32,180,0.18,11.86%,14.93%,-0.197118,2026-08-28
$SPX,7711.76,2026-09-30,32,Put,"7,220.00",-6.38%,18.5,19.32,19.2,37,207,0.18,11.86%,18.13%,-0.095191,2026-08-28
$SPX,7711.76,2026-12-18,111,Put,"6,960.00",-9.75%,67.3,68.5,68.7,50,271,0.18,11.86%,20.46%,-0.145396,2026-08-28
$SPX,7711.76,2026-09-18,20,Put,"7,770.00",+0.76%,100.5,109.02,102,1717,9530,0.18,11.86%,10.53%,-0.59857,2026-08-28
$SPX,7711.76,2026-09-18,20,Put,"7,780.00",+0.88%,106,90,107.5,2153,11746,0.18,11.86%,10.43%,-0.621642,2026-08-28
$SPX,7711.76,2026-09-18,20,Put,"6,825.00",-11.50%,3.4,3.82,3.8,500,2822,0.18,11.86%,26.25%,-0.020233,2026-08-28
$SPX,7711.76,2026-09-11,13,Put,"7,780.00",+0.88%,89.7,93.86,90.6,76,429,0.18,11.86%,9.37%,-0.678364,2026-08-28
$SPX,7711.76,2026-10-16,48,Call,"7,800.00",-1.14%,106.9,108.6,108.8,2966,16869,0.18,11.86%,11.75%,0.447775,2026-08-28
$SPX,7711.76,2026-10-16,48,Call,"7,990.00",-3.61%,37.2,37.76,38.7,42,228,0.18,11.86%,10.78%,0.222816,2026-08-28
$SPX,7711.76,2026-10-16,48,Call,"8,500.00",-10.22%,1.25,1.37,1.6,1359,7675,0.18,11.86%,11.35%,0.013027,2026-08-28
$SPX,7711.76,2026-09-25,27,Call,"7,810.00",-1.27%,55.6,55.7,56.7,18,99,0.18,11.86%,10.65%,0.370722,2026-08-28
$SPX,7711.76,2026-09-10,12,Call,"7,850.00",-1.79%,7.5,7.93,8,87,485,0.18,11.86%,8.21%,0.134498,2026-08-28
$SPX,7711.76,2026-09-18,20,Call,"7,670.00",+0.54%,114.7,112.99,115.7,43,235,0.18,11.86%,11.66%,0.612403,2026-08-28
$SPX,7711.76,2026-09-18,20,Call,"7,500.00",+2.75%,246.9,249.84,253.2,125,701,0.18,11.86%,13.75%,0.827121,2026-08-28
$SPX,7711.76,2026-09-18,20,Call,"8,000.00",-3.74%,4.4,4.6,4.8,664,3751,0.18,11.86%,9.57%,0.061997,2026-08-28
$SPX,7711.76,2026-09-18,20,Call,"8,125.00",-5.36%,1.1,1.12,1.4,60,331,0.18,11.86%,10.25%,0.018695,2026-08-28
$SPX,7711.76,2026-09-18,20,Call,"8,180.00",-6.07%,0.7,0.97,1,11,62,0.18,11.86%,10.81%,0.012617,2026-08-28
$SPX,7711.76,2028-06-16,657,Call,"7,700.00",+0.15%,1040.8,1054.06,1063.7,150,853,0.18,11.86%,18.71%,0.663754,2026-08-28
$SPX,7711.76,2026-09-30,32,Call,"7,745.00",-0.43%,97.6,128.4,98.7,11,61,0.18,11.86%,11.21%,0.494014,2026-08-28
$SPX,7711.76,2026-09-30,32,Call,"7,900.00",-2.44%,33.4,33,34,1884,10320,0.18,11.86%,10.14%,0.24821,2026-08-28
$SPX,7711.76,2026-09-28,30,Call,"7,700.00",+0.15%,117.7,117.86,119,21,116,0.18,11.86%,11.34%,0.562394,2026-08-28
$SPX,7711.76,2026-10-02,34,Call,"8,200.00",-6.33%,2.85,3.06,3.3,35,196,0.18,11.86%,10.23%,0.032893,2026-08-28
$SPX,7711.76,2027-07-16,321,Call,"9,400.00",-21.89%,42.9,49.41,44.1,80,447,0.18,11.86%,13.04%,0.101953,2026-08-28
$SPX,7711.76,2026-09-16,18,Call,"7,800.00",-1.14%,35.5,36.53,36.4,26,144,0.18,11.86%,9.70%,0.332065,2026-08-28
$SPX,7711.76,2026-09-17,19,Call,"8,100.00",-5.03%,1.05,1.12,1.35,31,169,0.18,11.86%,9.92%,0.018975,2026-08-28
$SPX,7711.76,2026-09-18,20,Call,"7,840.00",-1.66%,28.8,29.45,30,160,874,0.18,11.86%,9.95%,0.270541,2026-08-28
$SPX,7711.76,2026-09-11,13,Call,"7,875.00",-2.12%,7,7.89,7.3,119,645,0.18,11.86%,8.68%,0.116584,2026-08-28
$SPX,7711.76,2026-09-11,13,Call,"7,990.00",-3.61%,0.85,0.95,1.1,51,283,0.18,11.86%,8.83%,0.020669,2026-08-28
$SPX,7711.76,2026-09-11,13,Call,"8,000.00",-3.74%,0.75,0.9,0.95,827,4676,0.18,11.86%,8.92%,0.018132,2026-08-28
$SPX,7711.76,2027-03-19,202,Call,"8,550.00",-10.87%,82.3,83.7,84,103,560,0.18,11.86%,12.76%,0.209862,2026-08-28
$SPX,7711.76,2026-09-09,11,Call,"7,725.00",-0.17%,45.6,45.29,46.4,115,655,0.18,11.86%,9.05%,0.487358,2026-08-28
$SPX,7711.76,2026-09-09,11,Call,"7,760.00",-0.63%,28.8,28.76,29.6,36,197,0.18,11.86%,8.66%,0.369047,2026-08-28
$SPX,7711.76,2026-09-08,10,Call,"7,690.00",+0.28%,62.5,62.8,63.3,12,66,0.18,11.86%,9.20%,0.602045,2026-08-28
$SPX,7711.76,2027-12-17,475,Call,"7,700.00",+0.15%,834.6,839.52,842.4,170,952,0.18,11.86%,17.98%,0.643435,2026-08-28
$SPX,7711.76,2026-09-04,6,Call,"7,615.00",+1.25%,110.4,111.43,116.8,11,62,0.18,11.86%,11.83%,0.81034,2026-08-28
$SPX,7711.76,2026-08-31,2,Call,"7,630.00",+1.06%,84.5,81,86,45,246,0.18,11.86%,10.22%,0.92483,2026-08-28
$SPX,7711.76,2027-03-31,214,Call,"8,125.00",-5.36%,228.9,232.58,231.1,34,193,0.18,11.86%,13.84%,0.413344,2026-08-28
$SPX,7711.76,2026-11-20,83,Put,"7,540.00",-2.23%,121.8,122.47,123.5,42,238,0.18,11.86%,15.04%,-0.329906,2026-08-28
$SPX,7711.76,2026-09-09,11,Put,"7,635.00",-1.00%,23.5,28.5,24.2,22,121,0.18,11.86%,10.58%,-0.272912,2026-08-28
$SPX,7711.76,2026-09-14,16,Put,"7,750.00",+0.50%,76.7,79.15,77.6,63,352,0.18,11.86%,9.60%,-0.576001,2026-08-28
$SPX,7711.76,2026-09-14,16,Put,"7,790.00",+1.01%,99.6,71.5,100.5,12,66,0.18,11.86%,9.17%,-0.687351,2026-08-28
$SPX,7711.76,2026-09-14,16,Put,"7,600.00",-1.45%,27.7,29.12,28.5,50,273,0.18,11.86%,11.54%,-0.250719,2026-08-28
$SPX,7711.76,2026-09-14,16,Put,"6,000.00",-22.20%,0.45,0.5,0.65,62,353,0.18,11.86%,43.75%,-0.002545,2026-08-28
$SPX,7711.76,2026-12-31,124,Put,"6,905.00",-10.46%,70.3,70.93,71.6,20,111,0.18,11.86%,20.70%,-0.142217,2026-08-28
$SPX,7711.76,2026-10-16,48,Put,"7,710.00",-0.02%,123,123.85,124.1,11,60,0.18,11.86%,12.52%,-0.460319,2026-08-28
$SPX,7711.76,2026-10-16,48,Put,"7,520.00",-2.49%,71,72.4,72,11,62,0.18,11.86%,14.47%,-0.280259,2026-08-28
$SPX,7711.76,2026-10-16,48,Put,"7,510.00",-2.62%,69.1,71.7,70.1,15,82,0.18,11.86%,14.58%,-0.2731,2026-08-28
$SPX,7711.76,2026-10-16,48,Put,"7,925.00",+2.77%,232.1,236.8,237.1,12,68,0.18,11.86%,10.39%,-0.769196,2026-08-28
$SPX,7711.76,2026-09-08,10,Put,"7,200.00",-6.64%,1.05,1.35,1.3,70,391,0.18,11.86%,19.16%,-0.013559,2026-08-28
$SPX,7711.76,2026-09-03,5,Put,"7,625.00",-1.13%,9.8,10.76,10.2,183,1023,0.18,11.86%,11.14%,-0.181965,2026-08-28
$SPX,7711.76,2026-09-03,5,Put,"7,800.00",+1.14%,83.7,90.71,100.2,12,68,0.18,11.86%,9.02%,-0.863965,2026-08-28
$SPX,7711.76,2026-09-03,5,Put,"7,370.00",-4.43%,0.7,0.75,0.85,21,120,0.18,11.86%,17.81%,-0.013646,2026-08-28
$SPX,7711.76,2026-09-23,25,Put,"6,400.00",-17.01%,2.6,2.8,2.9,10,55,0.18,11.86%,32.48%,-0.011821,2026-08-28
$SPX,7711.76,2026-10-05,37,Put,"7,725.00",+0.17%,109.3,111.8,110.8,15,82,0.18,11.86%,11.78%,-0.484864,2026-08-28
$SPX,7711.76,2026-10-05,37,Put,"7,350.00",-4.69%,31.7,32.9,32.7,18,100,0.18,11.86%,16.16%,-0.152907,2026-08-28
$SPX,7711.76,2026-12-18,111,Put,"6,625.00",-14.09%,45.6,44,46.3,53,292,0.18,11.86%,23.48%,-0.09364,2026-08-28
$SPX,7711.76,2027-02-19,174,Put,"6,700.00",-13.12%,83.3,84.98,84.8,219,1226,0.18,11.86%,21.99%,-0.134057,2026-08-28
$SPX,7711.76,2026-09-09,11,Put,"7,360.00",-4.56%,2.8,4.25,3.2,15,90,0.17,11.86%,15.41%,-0.036214,2026-08-28
$SPX,7711.76,2026-09-14,16,Put,"7,675.00",-0.48%,46,47.74,46.9,68,390,0.17,11.86%,10.51%,-0.388165,2026-08-28
$SPX,7711.76,2026-09-14,16,Put,"6,200.00",-19.60%,0.6,0.75,0.8,349,2030,0.17,11.86%,39.50%,-0.003498,2026-08-28
$SPX,7711.76,2026-12-31,124,Put,"7,610.00",-1.32%,181.9,186.87,183.6,16,94,0.17,11.86%,14.94%,-0.382417,2026-08-28
$SPX,7711.76,2026-10-16,48,Put,"7,800.00",+1.14%,161.6,161.1,162.8,31,180,0.17,11.86%,11.68%,-0.576114,2026-08-28
$SPX,7711.76,2026-10-16,48,Put,"7,150.00",-7.28%,29.5,29.63,30.1,129,743,0.17,11.86%,18.80%,-0.113543,2026-08-28
$SPX,7711.76,2026-09-08,10,Put,"7,375.00",-4.37%,2.25,2.96,2.6,36,217,0.17,11.86%,14.98%,-0.032147,2026-08-28
$SPX,7711.76,2026-09-08,10,Put,"6,800.00",-11.82%,0.45,0.6,0.65,65,385,0.17,11.86%,29.65%,-0.004565,2026-08-28
$SPX,7711.76,2026-09-03,5,Put,"6,200.00",-19.60%,0.05,0.1,0.15,28,163,0.17,11.86%,58.97%,-0.000684,2026-08-28
$SPX,7711.76,2026-09-02,4,Put,"7,450.00",-3.39%,0.65,0.7,0.8,238,1376,0.17,11.86%,15.61%,-0.016008,2026-08-28
$SPX,7711.76,2026-09-04,6,Put,"7,240.00",-6.12%,0.7,0.75,0.85,49,285,0.17,11.86%,21.66%,-0.010522,2026-08-28
$SPX,7711.76,2026-08-31,2,Put,"7,335.00",-4.89%,0.15,0.1,0.2,52,309,0.17,11.86%,25.58%,-0.003857,2026-08-28
$SPX,7711.76,2026-08-31,2,Put,"7,330.00",-4.95%,0.1,0.1,0.2,60,352,0.17,11.86%,25.48%,-0.003359,2026-08-28
$SPX,7711.76,2026-08-31,2,Put,"7,150.00",-7.28%,0.05,0.1,0.15,844,5104,0.17,11.86%,35.14%,-0.001714,2026-08-28
$SPX,7711.76,2026-08-31,2,Put,"7,025.00",-8.91%,0.05,0.1,0.15,57,329,0.17,11.86%,42.55%,-0.001433,2026-08-28
$SPX,7711.76,2026-10-16,48,Put,"6,740.00",-12.60%,13.8,14.35,14.6,74,426,0.17,11.86%,23.88%,-0.049394,2026-08-28
$SPX,7711.76,2026-10-16,48,Put,"6,000.00",-22.20%,5.2,5.54,5.7,3964,23461,0.17,11.86%,33.66%,-0.015603,2026-08-28
$SPX,7711.76,2026-10-16,48,Put,"5,325.00",-30.95%,2.35,2.6,2.7,67,394,0.17,11.86%,42.70%,-0.006241,2026-08-28
$SPX,7711.76,2027-01-15,139,Put,"6,150.00",-20.25%,36.1,35.2,37.2,182,1060,0.17,11.86%,26.74%,-0.062417,2026-08-28
$SPX,7711.76,2026-09-25,27,Put,"6,975.00",-9.55%,8,8.1,8.4,35,212,0.17,11.86%,22.31%,-0.04214,2026-08-28
$SPX,7711.76,2026-09-25,27,Put,"6,850.00",-11.17%,6.3,6.5,6.6,78,460,0.17,11.86%,24.38%,-0.031588,2026-08-28
$SPX,7711.76,2026-09-10,12,Put,"7,350.00",-4.69%,3.6,4.65,4,33,192,0.17,11.86%,15.81%,-0.041871,2026-08-28
$SPX,7711.76,2026-09-18,20,Put,"7,685.00",-0.35%,65.3,67.61,66.2,22,128,0.17,11.86%,11.72%,-0.422881,2026-08-28
$SPX,7711.76,2026-09-18,20,Put,"7,745.00",+0.43%,89.7,92,90.6,29,166,0.17,11.86%,11.01%,-0.542383,2026-08-28
$SPX,7711.76,2026-09-18,20,Put,"7,480.00",-3.01%,23.7,25.83,24.4,36,218,0.17,11.86%,14.63%,-0.168598,2026-08-28
$SPX,7711.76,2026-09-18,20,Put,"5,200.00",-32.57%,0.3,0.43,0.5,149,867,0.17,11.86%,57.50%,-0.001313,2026-08-28
$SPX,7711.76,2026-10-30,62,Put,"7,150.00",-7.28%,42.8,43.69,43.5,87,525,0.17,11.86%,18.77%,-0.138144,2026-08-28
$SPX,7711.76,2026-09-21,23,Put,"7,475.00",-3.07%,25.7,26.76,26.5,24,142,0.17,11.86%,14.31%,-0.173134,2026-08-28
$SPX,7711.76,2026-09-01,3,Put,"7,320.00",-5.08%,0.2,0.3,0.35,30,177,0.17,11.86%,22.76%,-0.005389,2026-08-28
$SPX,7711.76,2026-11-30,93,Put,"7,590.00",-1.58%,143.6,145.18,145.1,17,103,0.17,11.86%,14.64%,-0.363741,2026-08-28
$SPX,7711.76,2026-09-15,17,Put,"7,150.00",-7.28%,3.9,3.65,4.3,15,88,0.17,11.86%,19.51%,-0.03185,2026-08-28
$SPX,7711.76,2026-09-30,32,Put,"7,750.00",+0.50%,113.2,115.2,114.1,99,574,0.17,11.86%,11.46%,-0.528342,2026-08-28
$SPX,7711.76,2026-09-30,32,Put,"7,410.00",-3.91%,32.4,35.15,33.2,21,122,0.17,11.86%,15.52%,-0.170126,2026-08-28
$SPX,7711.76,2026-09-30,32,Put,"7,285.00",-5.53%,22.1,24.6,22.9,12,72,0.17,11.86%,17.22%,-0.115124,2026-08-28
$SPX,7711.76,2026-12-18,111,Put,"7,750.00",+0.50%,217.7,221.1,219.6,684,4085,0.17,11.86%,13.90%,-0.474864,2026-08-28
$SPX,7711.76,2026-12-18,111,Put,"7,540.00",-2.23%,153.1,155.33,154.8,16,94,0.17,11.86%,15.50%,-0.342108,2026-08-28
$SPX,7711.76,2026-11-20,83,Put,"7,300.00",-5.34%,79.6,80.08,80.7,28,167,0.17,11.86%,17.32%,-0.214387,2026-08-28
$SPX,7711.76,2026-10-02,34,Put,"7,125.00",-7.61%,16.4,17,17.2,18,109,0.17,11.86%,19.52%,-0.079076,2026-08-28
$SPX,7711.76,2026-09-16,18,Put,"6,000.00",-22.20%,0.7,0.88,0.95,136,791,0.17,11.86%,43.02%,-0.003551,2026-08-28
$SPX,7711.76,2026-09-16,18,Put,"5,800.00",-24.79%,0.55,0.7,0.75,81,468,0.17,11.86%,47.09%,-0.002618,2026-08-28
$SPX,7711.76,2026-09-17,19,Put,"7,560.00",-1.97%,32.1,30.36,32.9,13,75,0.17,11.86%,13.31%,-0.234824,2026-08-28
$SPX,7711.76,2026-09-17,19,Put,"7,400.00",-4.04%,15.1,16.48,15.8,27,163,0.17,11.86%,15.79%,-0.112967,2026-08-28
$SPX,7711.76,2026-09-22,24,Put,"7,275.00",-5.66%,13.2,14.45,13.9,17,103,0.17,11.86%,17.43%,-0.084449,2026-08-28
$SPX,7711.76,2026-09-18,20,Put,"6,875.00",-10.85%,3.8,3.64,4.2,509,2935,0.17,11.86%,25.34%,-0.022926,2026-08-28
$SPX,7711.76,2026-09-18,20,Put,"6,720.00",-12.86%,2.9,3.3,3.2,72,417,0.17,11.86%,28.32%,-0.01629,2026-08-28
$SPX,7711.76,2026-11-20,83,Call,"7,410.00",+3.91%,453.8,473.66,456.2,12,71,0.17,11.86%,15.95%,0.74985,2026-08-28
$SPX,7711.76,2026-10-16,48,Call,"7,755.00",-0.56%,131,133.44,132.8,78,460,0.17,11.86%,12.06%,0.502229,2026-08-28
$SPX,7711.76,2026-10-16,48,Call,"7,915.00",-2.64%,58.7,59.7,60.2,22,132,0.17,11.86%,11.08%,0.306424,2026-08-28
$SPX,7711.76,2026-10-16,48,Call,"8,525.00",-10.55%,1.1,1.22,1.5,106,626,0.17,11.86%,11.52%,0.011836,2026-08-28
$SPX,7711.76,2026-09-25,27,Call,"8,150.00",-5.68%,2.05,2.12,2.35,39,230,0.17,11.86%,10.01%,0.027599,2026-08-28
$SPX,7711.76,2026-09-18,20,Call,"7,795.00",-1.08%,46,47.47,46.9,40,235,0.17,11.86%,10.44%,0.364818,2026-08-28
$SPX,7711.76,2026-09-18,20,Call,"8,090.00",-4.90%,1.55,1.67,1.85,41,239,0.17,11.86%,9.96%,0.025183,2026-08-28
$SPX,7711.76,2026-11-30,93,Call,"7,575.00",+1.77%,341.6,380.45,343,16,93,0.17,11.86%,14.44%,0.661474,2026-08-28
$SPX,7711.76,2026-09-30,32,Call,"7,630.00",+1.06%,171.9,169.91,173.1,22,131,0.17,11.86%,12.29%,0.655574,2026-08-28
$SPX,7711.76,2026-09-30,32,Call,"7,920.00",-2.70%,28.2,29.48,29.1,24,138,0.17,11.86%,10.06%,0.22044,2026-08-28
$SPX,7711.76,2027-06-17,292,Call,"8,475.00",-9.90%,197.5,199.5,199.5,213,1233,0.17,11.86%,14.05%,0.332068,2026-08-28
$SPX,7711.76,2026-09-17,19,Call,"7,850.00",-1.79%,23.5,24.15,24.4,24,142,0.17,11.86%,9.72%,0.240333,2026-08-28
$SPX,7711.76,2026-09-18,20,Call,"7,800.00",-1.14%,42.4,44.66,43.8,7527,44309,0.17,11.86%,10.21%,0.351566,2026-08-28
$SPX,7711.76,2026-09-11,13,Call,"7,665.00",+0.61%,93.9,91.65,94.8,10,60,0.17,11.86%,10.71%,0.64621,2026-08-28
$SPX,7711.76,2026-10-16,48,Call,"7,950.00",-3.09%,49.1,49.5,49.9,53,308,0.17,11.86%,11.04%,0.268133,2026-08-28
$SPX,7711.76,2026-09-08,10,Call,"8,200.00",-6.33%,0.05,0.12,0.25,52,311,0.17,11.86%,13.20%,0.002964,2026-08-28
$SPX,7711.76,2026-09-02,4,Call,"7,665.00",+0.61%,52.5,57.2,69.5,11,65,0.17,11.86%,9.25%,0.749957,2026-08-28
$SPX,7711.76,2026-08-31,2,Call,"7,540.00",+2.23%,171.5,170.62,175.8,12,71,0.17,11.86%,13.98%,0.986135,2026-08-28
$SPX,7711.76,2026-12-18,111,Call,"7,400.00",+4.04%,508.8,523.38,515.3,11,64,0.17,11.86%,16.18%,0.738371,2026-08-28
$SPX,7711.76,2026-11-20,83,Put,"7,625.00",-1.13%,144.2,146.23,146,258,1490,0.17,11.86%,14.31%,-0.386599,2026-08-28
$SPX,7711.76,2026-11-20,83,Call,"7,785.00",-0.95%,188.6,186.7,190.4,11,70,0.16,11.86%,13.18%,0.506084,2026-08-28
$SPX,7711.76,2026-10-16,48,Call,"7,795.00",-1.08%,109.5,109.7,111.4,33,203,0.16,11.86%,11.79%,0.453948,2026-08-28
$SPX,7711.76,2026-10-16,48,Call,"7,930.00",-2.83%,53.8,54.58,55.4,28,171,0.16,11.86%,11.02%,0.288919,2026-08-28
$SPX,7711.76,2026-09-25,27,Call,"7,860.00",-1.92%,37.3,38.61,38,63,383,0.16,11.86%,10.29%,0.284206,2026-08-28
$SPX,7711.76,2026-09-25,27,Call,"8,175.00",-6.01%,1.65,1.64,1.95,13,81,0.16,11.86%,10.16%,0.022808,2026-08-28
$SPX,7711.76,2026-09-10,12,Call,"7,685.00",+0.35%,73.6,98.2,74.5,12,77,0.16,11.86%,9.74%,0.60768,2026-08-28
$SPX,7711.76,2026-09-10,12,Call,"7,740.00",-0.37%,41.6,42.3,42.4,12,76,0.16,11.86%,9.12%,0.444089,2026-08-28
$SPX,7711.76,2027-09-17,384,Call,"7,850.00",-1.79%,625.5,635.32,628.5,10,63,0.16,11.86%,16.92%,0.591167,2026-08-28
$SPX,7711.76,2026-09-18,20,Call,"7,780.00",-0.88%,52.4,52.55,53.3,92,562,0.16,11.86%,10.57%,0.396111,2026-08-28
$SPX,7711.76,2026-09-18,20,Call,"7,810.00",-1.27%,40.2,40.38,41,73,458,0.16,11.86%,10.33%,0.333902,2026-08-28
$SPX,7711.76,2026-09-18,20,Call,"7,970.00",-3.35%,6.5,7.11,7.1,32,203,0.16,11.86%,9.61%,0.086073,2026-08-28
$SPX,7711.76,2026-09-18,20,Call,"7,985.00",-3.54%,5.3,5.65,5.9,10,62,0.16,11.86%,9.58%,0.073208,2026-08-28
$SPX,7711.76,2026-10-30,62,Call,"7,700.00",+0.15%,199,197.1,200.4,208,1334,0.16,11.86%,13.30%,0.567597,2026-08-28
$SPX,7711.76,2026-10-30,62,Call,"7,810.00",-1.27%,135.1,134.82,136.6,17,109,0.16,11.86%,12.52%,0.4612,2026-08-28
$SPX,7711.76,2026-09-01,3,Call,"7,640.00",+0.93%,69.4,75.96,86,11,68,0.16,11.86%,9.01%,0.881946,2026-08-28
$SPX,7711.76,2026-09-30,32,Call,"7,680.00",+0.41%,137.2,133.72,138.5,18,112,0.16,11.86%,11.80%,0.59043,2026-08-28
$SPX,7711.76,2026-11-20,83,Call,"7,750.00",-0.50%,210.3,219.2,211.8,17,105,0.16,11.86%,13.48%,0.534445,2026-08-28
$SPX,7711.76,2026-09-18,20,Call,"7,770.00",-0.76%,55.2,55.7,56.7,1641,9972,0.16,11.86%,10.45%,0.415204,2026-08-28
$SPX,7711.76,2026-09-18,20,Call,"7,780.00",-0.88%,50.7,57.98,52.2,2123,12925,0.16,11.86%,10.37%,0.393956,2026-08-28
$SPX,7711.76,2027-08-20,356,Call,"9,000.00",-16.70%,121.3,120.6,123.1,372,2294,0.16,11.86%,13.78%,0.217254,2026-08-28
$SPX,7711.76,2026-12-31,124,Call,"8,125.00",-5.36%,105,107.95,106.6,48,298,0.16,11.86%,12.43%,0.307208,2026-08-28
$SPX,7711.76,2026-10-16,48,Call,"8,125.00",-5.36%,15.2,18.8,15.8,19,121,0.16,11.86%,10.51%,0.110761,2026-08-28
$SPX,7711.76,2026-11-20,83,Put,"7,815.00",+1.34%,214.3,214,216.2,20,128,0.16,11.86%,12.77%,-0.547595,2026-08-28
$SPX,7711.76,2027-03-19,202,Put,"7,725.00",+0.17%,288.1,289.6,290.2,180,1119,0.16,11.86%,15.24%,-0.43866,2026-08-28
$SPX,7711.76,2027-03-19,202,Put,"4,675.00",-39.38%,18.8,19.26,19.5,48,294,0.16,11.86%,37.30%,-0.021886,2026-08-28
$SPX,7711.76,2026-09-14,16,Put,"7,780.00",+0.88%,93.4,89.07,94.3,12,74,0.16,11.86%,9.27%,-0.660086,2026-08-28
$SPX,7711.76,2026-12-31,124,Put,"7,325.00",-5.02%,120.2,119.31,121.4,22,135,0.16,11.86%,17.20%,-0.251807,2026-08-28
$SPX,7711.76,2026-10-16,48,Put,"7,780.00",+0.88%,151.9,150.4,153.3,11,69,0.16,11.86%,11.86%,-0.547933,2026-08-28
$SPX,7711.76,2026-10-16,48,Put,"7,620.00",-1.19%,94,97.89,95.2,42,262,0.16,11.86%,13.40%,-0.364293,2026-08-28
$SPX,7711.76,2026-10-16,48,Put,"7,555.00",-2.03%,78.2,68.3,79.3,11,67,0.16,11.86%,14.09%,-0.30711,2026-08-28
$SPX,7711.76,2026-10-16,48,Put,"7,420.00",-3.78%,54.5,55.82,55.5,14,89,0.16,11.86%,15.59%,-0.216361,2026-08-28
$SPX,7711.76,2026-09-08,10,Put,"7,600.00",-1.45%,14.4,15.58,15,492,3039,0.16,11.86%,10.83%,-0.191679,2026-08-28
$SPX,7711.76,2026-09-08,10,Put,"6,000.00",-22.20%,0.15,0.22,0.3,217,1350,0.16,11.86%,50.85%,-0.001206,2026-08-28
$SPX,7711.76,2026-09-03,5,Put,"7,460.00",-3.26%,1.35,2,1.55,55,344,0.16,11.86%,15.07%,-0.027654,2026-08-28
$SPX,7711.76,2026-09-03,5,Put,"6,900.00",-10.53%,0.2,0.25,0.35,22,138,0.16,11.86%,34.80%,-0.002873,2026-08-28
$SPX,7711.76,2026-09-23,25,Put,"7,350.00",-4.69%,18.5,19.81,19.3,13,82,0.16,11.86%,16.34%,-0.115553,2026-08-28
$SPX,7711.76,2026-09-04,6,Put,"7,300.00",-5.34%,0.85,0.95,1.05,573,3649,0.16,11.86%,19.72%,-0.013753,2026-08-28
$SPX,7711.76,2026-09-04,6,Put,"6,970.00",-9.62%,0.4,0.45,0.55,13,82,0.16,11.86%,30.91%,-0.004866,2026-08-28
$SPX,7711.76,2026-09-04,6,Put,"6,750.00",-12.47%,0.25,0.3,0.4,296,1889,0.16,11.86%,38.04%,-0.002833,2026-08-28
$SPX,7711.76,2026-08-31,2,Put,"7,105.00",-7.87%,0.05,0.15,0.15,30,183,0.16,11.86%,37.81%,-0.001601,2026-08-28
$SPX,7711.76,2026-10-05,37,Put,"7,300.00",-5.34%,27.6,29.1,28.6,14,88,0.16,11.86%,16.81%,-0.132581,2026-08-28
$SPX,7711.76,2026-10-05,37,Put,"6,700.00",-13.12%,7.9,8.3,8.5,10,61,0.16,11.86%,25.15%,-0.032897,2026-08-28
$SPX,7711.76,2027-03-31,214,Put,"7,160.00",-7.15%,165.1,160.8,167.2,14,88,0.16,11.86%,19.00%,-0.239082,2026-08-28
$SPX,7711.76,2026-10-16,48,Put,"7,680.00",-0.41%,110.8,111.75,112.7,48,307,0.16,11.86%,12.70%,-0.426136,2026-08-28
$SPX,7711.76,2026-10-16,48,Put,"7,495.00",-2.81%,65,66.4,66.6,21,134,0.16,11.86%,14.63%,-0.261187,2026-08-28
$SPX,7711.76,2026-10-16,48,Put,"7,390.00",-4.17%,49.4,50.44,50.8,374,2289,0.16,11.86%,15.81%,-0.19894,2026-08-28
$SPX,7711.76,2026-10-16,48,Put,"7,250.00",-5.99%,35.5,36.41,36.7,1132,7179,0.16,11.86%,17.47%,-0.141245,2026-08-28
$SPX,7711.76,2026-10-16,48,Put,"6,200.00",-19.60%,6.7,7.1,7.2,1085,6811,0.16,11.86%,31.03%,-0.02088,2026-08-28
$SPX,7711.76,2027-01-15,139,Put,"8,075.00",+4.71%,391.8,394.01,394.2,41,252,0.16,11.86%,11.14%,-0.765513,2026-08-28
$SPX,7711.76,2026-09-25,27,Put,"7,470.00",-3.13%,32.7,34.05,33.7,21,130,0.16,11.86%,14.76%,-0.191541,2026-08-28
$SPX,7711.76,2026-09-25,27,Put,"7,325.00",-5.02%,19.8,20.53,20.2,46,293,0.16,11.86%,16.79%,-0.114564,2026-08-28
$SPX,7711.76,2026-09-25,27,Put,"7,275.00",-5.66%,16.9,17.9,17.4,32,198,0.16,11.86%,17.54%,-0.09726,2026-08-28
$SPX,7711.76,2026-09-25,27,Put,"7,100.00",-7.93%,10.5,11.17,10.9,150,955,0.16,11.86%,20.24%,-0.057734,2026-08-28
$SPX,7711.76,2026-09-10,12,Put,"6,500.00",-15.71%,0.5,0.65,0.7,103,629,0.16,11.86%,35.97%,-0.003793,2026-08-28
$SPX,7711.76,2027-09-17,384,Put,"7,875.00",+2.12%,464,466,466.7,15,96,0.16,11.86%,16.10%,-0.472244,2026-08-28
$SPX,7711.76,2026-09-18,20,Put,"7,705.00",-0.09%,72.5,73.25,73.5,59,378,0.16,11.86%,11.47%,-0.460799,2026-08-28
$SPX,7711.76,2026-09-18,20,Put,"7,665.00",-0.61%,58.7,60.52,59.6,35,224,0.16,11.86%,11.96%,-0.3874,2026-08-28
$SPX,7711.76,2026-09-18,20,Put,"7,645.00",-0.87%,52.9,53.53,53.8,34,210,0.16,11.86%,12.23%,-0.354582,2026-08-28
$SPX,7711.76,2026-09-18,20,Put,"7,585.00",-1.64%,39,40.1,39.8,30,191,0.16,11.86%,13.06%,-0.27019,2026-08-28
$SPX,7711.76,2026-09-18,20,Put,"7,550.00",-2.10%,32.8,34.13,33.5,502,3055,0.16,11.86%,13.56%,-0.230372,2026-08-28
$SPX,7711.76,2026-09-18,20,Put,"7,490.00",-2.88%,24.8,25.74,25.4,51,328,0.16,11.86%,14.46%,-0.176065,2026-08-28
$SPX,7711.76,2026-09-18,20,Put,"7,450.00",-3.39%,20.8,21.64,21.4,270,1741,0.16,11.86%,15.10%,-0.147974,2026-08-28
$SPX,7711.76,2026-09-18,20,Put,"7,110.00",-7.80%,6.5,7.49,7,17,105,0.16,11.86%,20.96%,-0.042939,2026-08-28
$SPX,7711.76,2026-10-30,62,Put,"7,500.00",-2.75%,87,88.05,88,209,1271,0.16,11.86%,15.04%,-0.286885,2026-08-28
$SPX,7711.76,2026-09-21,23,Put,"7,650.00",-0.80%,57.9,60,58.9,59,363,0.16,11.86%,11.95%,-0.365872,2026-08-28
$SPX,7711.76,2026-09-21,23,Put,"7,625.00",-1.13%,51.2,48.87,52.2,25,155,0.16,11.86%,12.26%,-0.329048,2026-08-28
$SPX,7711.76,2028-06-16,657,Put,"7,700.00",-0.15%,518.7,524.61,525.4,150,910,0.16,11.86%,17.80%,-0.391496,2026-08-28
$SPX,7711.76,2026-09-30,32,Put,"7,860.00",+1.92%,172.4,176.6,176.3,10,64,0.16,11.86%,10.39%,-0.722584,2026-08-28
$SPX,7711.76,2026-11-20,83,Put,"7,750.00",+0.50%,188.1,191.19,189.4,15,95,0.16,11.86%,13.36%,-0.486577,2026-08-28
$SPX,7711.76,2026-11-20,83,Put,"7,600.00",-1.45%,138.4,138.35,139.7,108,679,0.16,11.86%,14.60%,-0.369722,2026-08-28
$SPX,7711.76,2026-10-02,34,Put,"6,650.00",-13.77%,6.7,7.25,7.2,24,153,0.16,11.86%,26.54%,-0.028163,2026-08-28
$SPX,7711.76,2026-09-16,18,Put,"7,250.00",-5.99%,6.9,7.9,7.5,12,73,0.16,11.86%,18.02%,-0.054302,2026-08-28
$SPX,7711.76,2026-09-17,19,Put,"7,740.00",+0.37%,85.2,80.57,86.3,10,61,0.16,11.86%,11.01%,-0.534198,2026-08-28
$SPX,7711.76,2026-09-17,19,Put,"7,475.00",-3.07%,21.1,23.85,21.9,17,108,0.16,11.86%,14.59%,-0.157714,2026-08-28
$SPX,7711.76,2026-09-18,20,Put,"7,675.00",-0.48%,60.3,62.21,61.7,615,3821,0.16,11.86%,11.65%,-0.403613,2026-08-28
$SPX,7711.76,2026-09-18,20,Put,"6,730.00",-12.73%,2.95,3.3,3.3,89,566,0.16,11.86%,28.16%,-0.016733,2026-08-28
$SPX,7711.76,2026-09-11,13,Put,"7,540.00",-2.23%,15.7,16.65,16.2,146,917,0.16,11.86%,12.82%,-0.160869,2026-08-28
$SPX,7711.76,2026-09-11,13,Put,"6,775.00",-12.15%,1.1,1.42,1.3,29,187,0.16,11.86%,29.26%,-0.008326,2026-08-28
$SPX,7711.76,2026-10-16,48,Put,"7,335.00",-4.89%,43.2,44.2,44.5,44,303,0.15,11.86%,16.45%,-0.173477,2026-08-28
$SPX,7711.76,2026-10-16,48,Put,"5,875.00",-23.82%,4.5,4.21,5,134,892,0.15,11.86%,35.36%,-0.01318,2026-08-28
$SPX,7711.76,2026-10-16,48,Put,"3,700.00",-52.02%,0.25,0.35,0.5,150,1024,0.15,11.86%,66.28%,-0.000702,2026-08-28
$SPX,7711.76,2026-09-25,27,Put,"5,800.00",-24.79%,1.45,1.65,1.65,31,210,0.15,11.86%,42.30%,-0.005304,2026-08-28
$SPX,7711.76,2026-09-10,12,Put,"7,480.00",-3.01%,8,8.63,8.6,35,227,0.15,11.86%,13.37%,-0.094112,2026-08-28
$SPX,7711.76,2027-09-17,384,Put,"7,100.00",-7.93%,262.1,263.83,264.2,300,1944,0.15,11.86%,20.14%,-0.256233,2026-08-28
$SPX,7711.76,2026-09-18,20,Put,"7,770.00",+0.76%,102.2,102.13,103.2,16,107,0.15,11.86%,10.74%,-0.596311,2026-08-28
$SPX,7711.76,2026-09-18,20,Put,"7,630.00",-1.06%,49,49.34,49.8,50,334,0.15,11.86%,12.43%,-0.331474,2026-08-28
$SPX,7711.76,2026-09-18,20,Put,"7,180.00",-6.90%,7.8,6.95,8.4,19,123,0.15,11.86%,19.67%,-0.05316,2026-08-28
$SPX,7711.76,2026-09-18,20,Put,"5,000.00",-35.16%,0.2,0.35,0.4,104,709,0.15,11.86%,61.23%,-0.000946,2026-08-28
$SPX,7711.76,2026-09-01,3,Put,"7,290.00",-5.47%,0.2,0.25,0.35,25,171,0.15,11.86%,24.35%,-0.005066,2026-08-28
$SPX,7711.76,2026-09-15,17,Put,"7,275.00",-5.66%,5.8,5.15,6.3,11,75,0.15,11.86%,17.08%,-0.05023,2026-08-28
$SPX,7711.76,2026-09-15,17,Put,"5,800.00",-24.79%,0.4,0.55,0.6,51,332,0.15,11.86%,47.21%,-0.002107,2026-08-28
$SPX,7711.76,2026-09-30,32,Put,"7,700.00",-0.15%,92.9,95.12,93.8,3410,22010,0.15,11.86%,11.99%,-0.450456,2026-08-28
$SPX,7711.76,2026-09-30,32,Put,"7,465.00",-3.20%,38.8,32.32,39.7,12,78,0.15,11.86%,14.80%,-0.203766,2026-08-28
$SPX,7711.76,2026-09-30,32,Put,"7,375.00",-4.37%,29.1,29.7,29.5,64,423,0.15,11.86%,15.98%,-0.15187,2026-08-28
$SPX,7711.76,2026-09-30,32,Put,"7,185.00",-6.83%,16.8,14.95,17.6,13,88,0.15,11.86%,18.62%,-0.08619,2026-08-28
$SPX,7711.76,2026-11-20,83,Put,"7,150.00",-7.28%,62.5,61.85,63.6,14,95,0.15,11.86%,18.79%,-0.165833,2026-08-28
$SPX,7711.76,2027-06-17,292,Put,"8,025.00",+4.06%,468,471.36,470.3,100,660,0.15,11.86%,14.29%,-0.579755,2026-08-28
$SPX,7711.76,2026-09-16,18,Put,"7,375.00",-4.37%,11.4,10.03,12.1,29,195,0.15,11.86%,15.87%,-0.091689,2026-08-28
$SPX,7711.76,2026-09-16,18,Put,"7,125.00",-7.61%,4.8,5.85,5.2,16,110,0.15,11.86%,20.41%,-0.035494,2026-08-28
$SPX,7711.76,2027-08-20,356,Put,"4,800.00",-37.76%,44.5,44.82,45.5,64,425,0.15,11.86%,32.45%,-0.040085,2026-08-28
$SPX,7711.76,2026-09-11,13,Put,"7,800.00",+1.14%,101.8,104.99,104.4,78,508,0.15,11.86%,9.10%,-0.738176,2026-08-28
$SPX,7711.76,2026-09-11,13,Put,"7,375.00",-4.37%,5.6,6.3,5.9,227,1492,0.15,11.86%,15.63%,-0.058349,2026-08-28
$SPX,7711.76,2026-11-20,83,Call,"8,175.00",-6.01%,43,48.18,44.4,43,289,0.15,11.86%,11.60%,0.190815,2026-08-28
$SPX,7711.76,2026-10-16,48,Call,"7,670.00",+0.54%,183.7,179.53,185.7,30,201,0.15,11.86%,12.76%,0.597116,2026-08-28
$SPX,7711.76,2026-10-16,48,Call,"7,620.00",+1.19%,218.5,216.04,220.5,24,162,0.15,11.86%,13.21%,0.646439,2026-08-28
$SPX,7711.76,2026-10-16,48,Call,"7,965.00",-3.28%,43.5,44.5,45.1,55,359,0.15,11.86%,10.87%,0.24935,2026-08-28
$SPX,7711.76,2026-10-16,48,Call,"8,210.00",-6.46%,7.6,8,8.4,53,352,0.15,11.86%,10.35%,0.064322,2026-08-28
$SPX,7711.76,2026-09-10,12,Call,"7,750.00",-0.50%,36.9,37.87,37.6,99,661,0.15,11.86%,9.02%,0.412451,2026-08-28
$SPX,7711.76,2026-09-10,12,Call,"7,790.00",-1.01%,21.2,22.75,21.9,24,162,0.15,11.86%,8.64%,0.287611,2026-08-28
$SPX,7711.76,2027-09-17,384,Call,"10,200.00",-32.27%,17.5,17.68,18.4,280,1865,0.15,11.86%,13.06%,0.044428,2026-08-28
$SPX,7711.76,2026-09-18,20,Call,"7,850.00",-1.79%,27.2,26.3,27.9,303,2071,0.15,11.86%,10.07%,0.255333,2026-08-28
$SPX,7711.76,2026-09-18,20,Call,"7,940.00",-2.96%,9.5,10.4,10.2,46,311,0.15,11.86%,9.65%,0.116684,2026-08-28
$SPX,7711.76,2026-09-18,20,Call,"7,980.00",-3.48%,5.6,6,6.3,36,241,0.15,11.86%,9.58%,0.077087,2026-08-28
$SPX,7711.76,2026-09-18,20,Call,"8,175.00",-6.01%,0.75,0.85,1,35,226,0.15,11.86%,10.75%,0.013013,2026-08-28
$SPX,7711.76,2026-10-30,62,Call,"7,710.00",+0.02%,192.6,195.02,194,11,72,0.15,11.86%,13.22%,0.558489,2026-08-28
$SPX,7711.76,2026-10-30,62,Call,"7,730.00",-0.24%,180.3,179.68,181.6,12,78,0.15,11.86%,13.07%,0.539861,2026-08-28
$SPX,7711.76,2026-09-21,23,Call,"8,050.00",-4.39%,2.9,3.06,3.4,15,101,0.15,11.86%,9.36%,0.042941,2026-08-28
$SPX,7711.76,2026-11-30,93,Call,"7,825.00",-1.47%,181.6,181.54,183.2,56,369,0.15,11.86%,12.87%,0.483677,2026-08-28
$SPX,7711.76,2026-09-30,32,Call,"7,595.00",+1.51%,197.9,198.44,199,11,73,0.15,11.86%,12.64%,0.696158,2026-08-28
$SPX,7711.76,2026-09-30,32,Call,"7,590.00",+1.58%,201.8,196.35,202.8,11,75,0.15,11.86%,12.69%,0.701551,2026-08-28
$SPX,7711.76,2026-09-30,32,Call,"7,555.00",+2.03%,226.7,226.2,232.5,13,88,0.15,11.86%,13.04%,0.737512,2026-08-28
$SPX,7711.76,2026-09-30,32,Call,"7,965.00",-3.28%,19,19.9,19.8,19,131,0.15,11.86%,9.90%,0.164224,2026-08-28
$SPX,7711.76,2026-09-30,32,Call,"8,020.00",-4.00%,11.3,12.27,12.1,13,89,0.15,11.86%,9.78%,0.109864,2026-08-28
$SPX,7711.76,2026-09-30,32,Call,"7,380.00",+4.30%,376.7,376.21,383.2,16,104,0.15,11.86%,14.91%,0.862528,2026-08-28
$SPX,7711.76,2026-12-18,111,Call,"3,200.00",+58.50%,4520.7,4535.77,4544.7,17,116,0.15,11.86%,0.00%,0,2026-08-28
$SPX,7711.76,2026-11-20,83,Call,"7,500.00",+2.75%,383.8,384.6,385,14,95,0.15,11.86%,15.29%,0.703331,2026-08-28
$SPX,7711.76,2027-07-16,321,Call,"9,100.00",-18.00%,78,82.21,79.6,62,414,0.15,11.86%,13.33%,0.163314,2026-08-28
$SPX,7711.76,2027-04-16,230,Call,"8,425.00",-9.25%,142.2,154.83,144.1,100,665,0.15,11.86%,13.37%,0.293342,2026-08-28
$SPX,7711.76,2026-09-18,20,Call,"7,850.00",-1.79%,26,25,27.2,2158,14088,0.15,11.86%,9.90%,0.251714,2026-08-28
$SPX,7711.76,2027-03-19,202,Call,"8,525.00",-10.55%,87.5,88.8,89.2,40,264,0.15,11.86%,12.80%,0.219582,2026-08-28
$SPX,7711.76,2026-09-14,16,Call,"7,725.00",-0.17%,60.7,58.99,61.5,44,297,0.15,11.86%,9.56%,0.501517,2026-08-28
$SPX,7711.76,2026-10-16,48,Call,"7,800.00",-1.14%,108.6,108.2,109.8,70,474,0.15,11.86%,11.87%,0.448483,2026-08-28
$SPX,7711.76,2026-10-16,48,Call,"8,000.00",-3.74%,36.1,37.1,36.9,108,715,0.15,11.86%,10.85%,0.215056,2026-08-28
$SPX,7711.76,2026-09-08,10,Call,"7,900.00",-2.44%,1.1,1.27,1.4,583,3869,0.15,11.86%,7.58%,0.033055,2026-08-28
$SPX,7711.76,2026-09-04,6,Call,"8,250.00",-6.98%,0.05,0.1,0.15,607,4095,0.15,11.86%,17.98%,0.00194,2026-08-28
$SPX,7711.76,2026-08-31,2,Call,"7,495.00",+2.81%,216.5,211.66,220.7,10,67,0.15,11.86%,16.87%,0.989413,2026-08-28
$SPX,7711.76,2026-08-31,2,Call,"7,480.00",+3.01%,231.5,231.03,235.7,15,98,0.15,11.86%,17.91%,0.989896,2026-08-28
$SPX,7711.76,2026-08-31,2,Call,"7,430.00",+3.65%,281.4,285.84,285.7,13,87,0.15,11.86%,20.99%,0.992156,2026-08-28
$SPX,7711.76,2026-10-05,37,Call,"7,775.00",-0.82%,93.2,121.5,94.5,11,72,0.15,11.86%,11.21%,0.457939,2026-08-28
$SPX,7711.76,2026-11-20,83,Put,"7,590.00",-1.58%,134.4,136.9,136.1,36,244,0.15,11.86%,14.60%,-0.362342,2026-08-28
$SPX,7711.76,2026-11-20,83,Put,"7,560.00",-1.97%,126.6,127.2,128.3,19,130,0.15,11.86%,14.86%,-0.342491,2026-08-28
$SPX,7711.76,2026-11-20,83,Put,"7,500.00",-2.75%,112.9,114.63,114.4,1266,8541,0.15,11.86%,15.40%,-0.30638,2026-08-28
$SPX,7711.76,2027-01-29,153,Put,"7,050.00",-8.58%,104.6,105.73,106.2,20,132,0.15,11.86%,19.43%,-0.188411,2026-08-28
$SPX,7711.76,2026-09-24,26,Put,"7,275.00",-5.66%,15.7,16.78,16.4,22,147,0.15,11.86%,17.54%,-0.09353,2026-08-28
$SPX,7711.76,2026-10-16,48,Put,"7,490.00",-2.88%,65.5,67.2,66.5,12,80,0.15,11.86%,14.80%,-0.259382,2026-08-28
$SPX,7711.76,2026-10-16,48,Put,"7,375.00",-4.37%,48.8,49.63,49.5,36,240,0.15,11.86%,16.10%,-0.19316,2026-08-28
$SPX,7711.76,2026-10-16,48,Put,"5,700.00",-26.09%,3.8,3.7,4.2,74,506,0.15,11.86%,37.84%,-0.010602,2026-08-28
$SPX,7711.76,2026-09-08,10,Put,"6,675.00",-13.44%,0.35,0.5,0.6,12,82,0.15,11.86%,33.01%,-0.003612,2026-08-28
$SPX,7711.76,2026-09-08,10,Put,"6,600.00",-14.42%,0.35,0.4,0.5,33,221,0.15,11.86%,34.92%,-0.003094,2026-08-28
$SPX,7711.76,2026-09-08,10,Put,"6,300.00",-18.31%,0.2,0.35,0.4,192,1309,0.15,11.86%,42.80%,-0.001853,2026-08-28
$SPX,7711.76,2026-09-23,25,Put,"6,975.00",-9.55%,6.7,7.15,7.2,10,65,0.15,11.86%,22.43%,-0.03759,2026-08-28
$SPX,7711.76,2026-09-04,6,Put,"7,800.00",+1.14%,90.8,90,92.9,142,927,0.15,11.86%,8.36%,-0.861148,2026-08-28
$SPX,7711.76,2026-09-04,6,Put,"7,150.00",-7.28%,0.55,0.6,0.7,3205,20972,0.15,11.86%,24.68%,-0.007687,2026-08-28
$SPX,7711.76,2026-09-04,6,Put,"7,050.00",-8.58%,0.45,0.5,0.6,544,3729,0.15,11.86%,28.11%,-0.005821,2026-08-28
$SPX,7711.76,2026-09-04,6,Put,"6,950.00",-9.88%,0.35,0.4,0.5,160,1075,0.15,11.86%,31.31%,-0.004343,2026-08-28
$SPX,7711.76,2026-08-31,2,Put,"7,900.00",+2.44%,184.6,186.03,188.8,11,73,0.15,11.86%,14.96%,-0.99487,2026-08-28
$SPX,7711.76,2026-08-31,2,Put,"7,345.00",-4.76%,0.15,0.1,0.2,49,334,0.15,11.86%,24.95%,-0.003946,2026-08-28
$SPX,7711.76,2026-10-05,37,Put,"7,650.00",-0.80%,83.3,85.93,84.7,43,287,0.15,11.86%,12.56%,-0.385236,2026-08-28
$SPX,7711.76,2026-10-09,41,Put,"7,050.00",-8.58%,18.7,19.1,19.5,22,151,0.15,11.86%,20.23%,-0.078784,2026-08-28
$SPX,7711.76,2026-12-18,111,Put,"5,400.00",-29.98%,13.4,13.8,13.9,49,325,0.15,11.86%,35.04%,-0.022928,2026-08-28
$SPX,7711.76,2026-09-14,16,Put,"7,475.00",-3.07%,12.8,14.1,13.2,51,367,0.14,11.86%,13.44%,-0.120408,2026-08-28
$SPX,7711.76,2026-10-16,48,Put,"7,640.00",-0.93%,99.7,107.7,100.9,12,85,0.14,11.86%,13.20%,-0.38391,2026-08-28
$SPX,7711.76,2026-10-16,48,Put,"7,615.00",-1.25%,92.8,98.6,93.9,11,78,0.14,11.86%,13.46%,-0.359695,2026-08-28
$SPX,7711.76,2026-10-16,48,Put,"7,350.00",-4.69%,46,47.02,46.8,49,361,0.14,11.86%,16.41%,-0.181812,2026-08-28
$SPX,7711.76,2026-10-16,48,Put,"7,180.00",-6.90%,31.3,32.6,32.2,15,110,0.14,11.86%,18.44%,-0.12161,2026-08-28
$SPX,7711.76,2026-09-08,10,Put,"7,775.00",+0.82%,75.1,79.77,80.9,12,85,0.14,11.86%,8.48%,-0.710159,2026-08-28
$SPX,7711.76,2026-09-03,5,Put,"7,480.00",-3.01%,1.65,1.85,1.8,34,245,0.14,11.86%,14.50%,-0.033333,2026-08-28
$SPX,7711.76,2026-09-03,5,Put,"7,450.00",-3.39%,1.25,1.45,1.4,261,1930,0.14,11.86%,15.34%,-0.025139,2026-08-28
$SPX,7711.76,2026-09-03,5,Put,"7,150.00",-7.28%,0.35,0.45,0.5,61,440,0.14,11.86%,25.81%,-0.005647,2026-08-28
$SPX,7711.76,2026-09-02,4,Put,"7,480.00",-3.01%,0.85,1,1,133,930,0.14,11.86%,14.58%,-0.021136,2026-08-28
$SPX,7711.76,2026-09-02,4,Put,"7,325.00",-5.02%,0.35,0.45,0.5,28,202,0.14,11.86%,20.53%,-0.007717,2026-08-28
$SPX,7711.76,2026-09-04,6,Put,"6,325.00",-17.98%,0.1,0.15,0.25,39,286,0.14,11.86%,51.62%,-0.001199,2026-08-28
$SPX,7711.76,2026-08-31,2,Put,"7,400.00",-4.04%,0.15,0.2,0.25,2314,16113,0.14,11.86%,21.83%,-0.005043,2026-08-28
$SPX,7711.76,2026-10-05,37,Put,"7,425.00",-3.72%,39.5,40.4,40.6,10,70,0.14,11.86%,15.21%,-0.191106,2026-08-28
$SPX,7711.76,2026-10-05,37,Put,"6,900.00",-10.53%,11.1,11.6,11.8,18,131,0.14,11.86%,22.25%,-0.049027,2026-08-28
$SPX,7711.76,2026-12-18,111,Put,"7,725.00",+0.17%,209.5,213.98,210.9,17,122,0.14,11.86%,14.13%,-0.45675,2026-08-28
$SPX,7711.76,2026-12-18,111,Put,"5,950.00",-22.85%,22.3,22.8,22.9,14,102,0.14,11.86%,29.67%,-0.041567,2026-08-28
$SPX,7711.76,2026-11-20,83,Put,"6,780.00",-12.08%,36,36.7,37.1,35,247,0.14,11.86%,22.38%,-0.091603,2026-08-28
$SPX,7711.76,2026-11-20,83,Put,"5,750.00",-25.44%,11,11.44,11.6,203,1490,0.14,11.86%,33.12%,-0.023444,2026-08-28
$SPX,7711.76,2026-10-16,48,Put,"7,735.00",+0.30%,131,130.23,133,19,140,0.14,11.86%,12.17%,-0.490579,2026-08-28
$SPX,7711.76,2026-10-16,48,Put,"7,645.00",-0.87%,99.7,104.5,101.6,25,177,0.14,11.86%,13.04%,-0.388187,2026-08-28
$SPX,7711.76,2026-10-16,48,Put,"7,805.00",+1.21%,162.5,167,164.4,31,216,0.14,11.86%,11.52%,-0.583567,2026-08-28
$SPX,7711.76,2026-10-16,48,Put,"7,595.00",-1.51%,86.1,90.8,87.9,18,127,0.14,11.86%,13.56%,-0.340021,2026-08-28
$SPX,7711.76,2026-10-16,48,Put,"7,590.00",-1.58%,84.8,89.47,86.7,54,387,0.14,11.86%,13.61%,-0.335581,2026-08-28
$SPX,7711.76,2026-10-16,48,Put,"7,560.00",-1.97%,77.9,81.56,79.6,27,193,0.14,11.86%,13.93%,-0.309857,2026-08-28
$SPX,7711.76,2026-10-16,48,Put,"6,780.00",-12.08%,14.7,13.87,15.6,46,318,0.14,11.86%,23.37%,-0.053211,2026-08-28
$SPX,7711.76,2027-09-17,384,Put,"7,500.00",-2.75%,351.7,355.32,354,210,1519,0.14,11.86%,18.15%,-0.349852,2026-08-28
$SPX,7711.76,2027-09-17,384,Put,"7,275.00",-5.66%,297.9,290.58,300.4,12,84,0.14,11.86%,19.28%,-0.293558,2026-08-28
$SPX,7711.76,2027-09-17,384,Put,"5,500.00",-28.68%,80.2,81.3,81.5,272,1996,0.14,11.86%,28.00%,-0.073303,2026-08-28
$SPX,7711.76,2026-09-18,20,Put,"7,330.00",-4.95%,12.8,14.67,13.5,45,328,0.14,11.86%,17.06%,-0.090616,2026-08-28
$SPX,7711.76,2026-09-18,20,Put,"7,085.00",-8.13%,6.1,6.3,6.6,10,74,0.14,11.86%,21.43%,-0.039939,2026-08-28
$SPX,7711.76,2026-09-18,20,Put,"5,900.00",-23.49%,0.9,1.05,1.15,251,1743,0.14,11.86%,44.31%,-0.004009,2026-08-28
$SPX,7711.76,2026-10-30,62,Put,"6,960.00",-9.75%,31,32.47,31.8,16,118,0.14,11.86%,20.92%,-0.097044,2026-08-28
$SPX,7711.76,2026-09-21,23,Put,"7,700.00",-0.15%,74.3,76.26,75.4,68,485,0.14,11.86%,11.35%,-0.45028,2026-08-28
$SPX,7711.76,2026-09-01,3,Put,"7,250.00",-5.99%,0.2,0.22,0.3,34,242,0.14,11.86%,26.18%,-0.004342,2026-08-28
$SPX,7711.76,2026-09-01,3,Put,"7,180.00",-6.90%,0.15,0.15,0.3,10,74,0.14,11.86%,29.51%,-0.003529,2026-08-28
$SPX,7711.76,2026-09-15,17,Put,"7,580.00",-1.71%,27.2,20.83,27.8,21,145,0.14,11.86%,12.07%,-0.232702,2026-08-28
$SPX,7711.76,2026-09-30,32,Put,"6,290.00",-18.44%,3.5,3.3,3.8,30,207,0.14,11.86%,32.35%,-0.01365,2026-08-28
$SPX,7711.76,2026-09-30,32,Put,"5,700.00",-26.09%,1.6,1.7,1.85,97,709,0.14,11.86%,41.54%,-0.00549,2026-08-28
$SPX,7711.76,2026-09-28,30,Put,"7,350.00",-4.69%,23.4,24.15,24.3,24,175,0.14,11.86%,16.12%,-0.13101,2026-08-28
$SPX,7711.76,2026-11-20,83,Put,"7,730.00",+0.24%,180.4,184.1,181.7,10,74,0.14,11.86%,13.52%,-0.469228,2026-08-28
$SPX,7711.76,2026-11-20,83,Put,"7,550.00",-2.10%,125.5,126.3,126.7,23,164,0.14,11.86%,15.03%,-0.336969,2026-08-28
$SPX,7711.76,2026-11-20,83,Put,"4,900.00",-36.46%,4.8,5,5.2,27,200,0.14,11.86%,42.67%,-0.008918,2026-08-28
$SPX,7711.76,2027-05-21,265,Put,"8,000.00",+3.74%,440.1,446.9,442.7,201,1402,0.14,11.86%,14.18%,-0.579337,2026-08-28
$SPX,7711.76,2026-10-02,34,Put,"5,600.00",-27.38%,1.7,1.9,1.95,81,594,0.14,11.86%,42.71%,-0.00547,2026-08-28
$SPX,7711.76,2026-09-16,18,Put,"7,740.00",+0.37%,81.3,76,82.3,22,156,0.14,11.86%,10.68%,-0.538067,2026-08-28
$SPX,7711.76,2026-09-17,19,Put,"6,300.00",-18.31%,1.35,1.5,1.65,11,76,0.14,11.86%,36.93%,-0.006894,2026-08-28
$SPX,7711.76,2027-04-16,230,Put,"7,700.00",-0.15%,302.3,305.65,304.5,302,2205,0.14,11.86%,15.71%,-0.423477,2026-08-28
$SPX,7711.76,2026-09-18,20,Put,"7,700.00",-0.15%,68.9,71.1,70.3,5354,37803,0.14,11.86%,11.32%,-0.449986,2026-08-28
$SPX,7711.76,2026-09-18,20,Put,"7,385.00",-4.24%,14.9,18.53,15.8,614,4432,0.14,11.86%,15.90%,-0.109334,2026-08-28
$SPX,7711.76,2026-09-18,20,Put,"7,015.00",-9.04%,4.9,5.8,5.4,100,740,0.14,11.86%,22.55%,-0.031797,2026-08-28
$SPX,7711.76,2026-10-16,48,Call,"7,790.00",-1.01%,112,113.6,114,31,224,0.14,11.86%,11.82%,0.46006,2026-08-28
$SPX,7711.76,2026-10-16,48,Call,"7,825.00",-1.47%,94.8,94.33,96.6,190,1407,0.14,11.86%,11.58%,0.416854,2026-08-28
$SPX,7711.76,2026-10-16,48,Call,"7,920.00",-2.70%,56.9,55.3,58.6,16,115,0.14,11.86%,11.05%,0.300459,2026-08-28
$SPX,7711.76,2026-10-16,48,Call,"8,100.00",-5.03%,17.4,17.4,18.6,1179,8448,0.14,11.86%,10.46%,0.12572,2026-08-28
$SPX,7711.76,2026-09-25,27,Call,"7,650.00",+0.80%,147,149,148.2,52,371,0.14,11.86%,12.16%,0.633425,2026-08-28
$SPX,7711.76,2026-09-18,20,Call,"7,690.00",+0.28%,101.5,101.92,102.5,25,176,0.14,11.86%,11.44%,0.576626,2026-08-28
$SPX,7711.76,2026-09-18,20,Call,"8,040.00",-4.26%,2.65,2.77,3.1,21,154,0.14,11.86%,9.68%,0.040921,2026-08-28
$SPX,7711.76,2026-09-18,20,Call,"8,800.00",-14.11%,0,0.1,0.2,50,349,0.14,11.86%,18.03%,0.001112,2026-08-28
$SPX,7711.76,2026-10-30,62,Call,"7,680.00",+0.41%,212,211.9,213.3,11,78,0.14,11.86%,13.45%,0.58545,2026-08-28
$SPX,7711.76,2026-09-15,17,Call,"7,825.00",-1.47%,21.8,22.17,22.6,25,181,0.14,11.86%,8.87%,0.253402,2026-08-28
$SPX,7711.76,2026-09-30,32,Call,"7,775.00",-0.82%,81.7,84.2,82.5,148,1085,0.14,11.86%,10.95%,0.446128,2026-08-28
$SPX,7711.76,2026-09-30,32,Call,"7,800.00",-1.14%,69.7,67.9,70.5,868,6122,0.14,11.86%,10.76%,0.405463,2026-08-28
$SPX,7711.76,2026-09-03,5,Call,"7,500.00",+2.75%,204.6,212.39,225,11,79,0.14,11.86%,6.53%,0.999896,2026-08-28
$SPX,7711.76,2026-09-02,4,Call,"7,960.00",-3.22%,0,0.1,0.15,30,207,0.14,11.86%,10.79%,0.002867,2026-08-28
$SPX,7711.76,2026-09-02,4,Call,"7,970.00",-3.35%,0,0.1,0.15,34,241,0.14,11.86%,11.18%,0.002775,2026-08-28
$SPX,7711.76,2026-09-04,6,Call,"7,560.00",+1.97%,159.6,157.56,166.3,11,78,0.14,11.86%,12.97%,0.892416,2026-08-28
$SPX,7711.76,2027-02-19,174,Call,"8,525.00",-10.55%,62.1,62,63.8,64,455,0.14,11.86%,12.46%,0.181558,2026-08-28
$SPX,7711.76,2026-11-20,83,Call,"7,750.00",-0.50%,208.9,208.5,210.8,458,3419,0.13,11.86%,13.39%,0.534499,2026-08-28
$SPX,7711.76,2026-11-20,83,Call,"7,960.00",-3.22%,104.9,105.1,106.7,18,137,0.13,11.86%,12.29%,0.356594,2026-08-28
$SPX,7711.76,2026-10-16,48,Call,"7,725.00",-0.17%,148.6,149.01,150.5,242,1909,0.13,11.86%,12.30%,0.537138,2026-08-28
$SPX,7711.76,2026-10-16,48,Call,"7,810.00",-1.27%,102,102.2,103.9,40,310,0.13,11.86%,11.69%,0.435484,2026-08-28
$SPX,7711.76,2026-10-16,48,Call,"7,815.00",-1.34%,99.6,101.6,101.3,25,190,0.13,11.86%,11.65%,0.429254,2026-08-28
$SPX,7711.76,2026-10-16,48,Call,"7,830.00",-1.53%,92.5,90.67,94.2,32,243,0.13,11.86%,11.55%,0.410621,2026-08-28
$SPX,7711.76,2026-10-16,48,Call,"8,190.00",-6.20%,8.8,9.1,9.7,10,78,0.13,11.86%,10.34%,0.07281,2026-08-28
$SPX,7711.76,2026-10-16,48,Call,"8,270.00",-7.24%,4.8,5.1,5.5,52,391,0.13,11.86%,10.39%,0.043886,2026-08-28
$SPX,7711.76,2026-10-16,48,Call,"8,650.00",-12.17%,0.6,0.8,1.05,402,3018,0.13,11.86%,12.32%,0.007384,2026-08-28
$SPX,7711.76,2027-01-15,139,Call,"9,300.00",-20.60%,2.35,2.65,2.9,25,188,0.13,11.86%,12.36%,0.013081,2026-08-28
$SPX,7711.76,2026-09-25,27,Call,"8,000.00",-3.74%,9.6,9.32,9.9,90,679,0.13,11.86%,9.73%,0.101658,2026-08-28
$SPX,7711.76,2026-09-10,12,Call,"8,025.00",-4.06%,0.3,0.37,0.55,31,239,0.13,11.86%,9.11%,0.009899,2026-08-28
$SPX,7711.76,2026-09-18,20,Call,"7,610.00",+1.32%,158.5,160.2,159.4,26,206,0.13,11.86%,12.38%,0.705886,2026-08-28
$SPX,7711.76,2026-09-18,20,Call,"8,120.00",-5.29%,1.15,1.15,1.45,45,349,0.13,11.86%,10.20%,0.019439,2026-08-28
$SPX,7711.76,2026-09-18,20,Call,"8,275.00",-7.30%,0.4,0.5,0.7,19,143,0.13,11.86%,12.02%,0.007742,2026-08-28
$SPX,7711.76,2026-10-30,62,Call,"8,005.00",-3.80%,57,57.42,58.1,11,83,0.13,11.86%,11.53%,0.264644,2026-08-28
$SPX,7711.76,2026-09-21,23,Call,"7,850.00",-1.79%,30,31.62,31,29,226,0.13,11.86%,9.76%,0.267795,2026-08-28
$SPX,7711.76,2026-09-21,23,Call,"8,025.00",-4.06%,3.9,4.2,4.5,11,82,0.13,11.86%,9.30%,0.055345,2026-08-28
$SPX,7711.76,2026-11-30,93,Call,"7,400.00",+4.04%,474.7,475.49,481.1,58,432,0.13,11.86%,15.74%,0.752548,2026-08-28
$SPX,7711.76,2026-09-30,32,Call,"7,790.00",-1.01%,74.3,73.8,75.3,314,2331,0.13,11.86%,10.83%,0.421811,2026-08-28
$SPX,7711.76,2026-09-30,32,Call,"7,885.00",-2.25%,37.5,37.4,38.5,15,112,0.13,11.86%,10.22%,0.27029,2026-08-28
$SPX,7711.76,2026-12-18,111,Call,"8,600.00",-11.52%,13.8,14.09,14.8,1805,14203,0.13,11.86%,11.57%,0.067706,2026-08-28
$SPX,7711.76,2026-11-20,83,Call,"8,250.00",-6.98%,30.9,31.33,31.9,27,213,0.13,11.86%,11.51%,0.147315,2026-08-28
$SPX,7711.76,2026-10-02,34,Call,"8,150.00",-5.68%,4.3,4.45,4.9,216,1648,0.13,11.86%,10.07%,0.047366,2026-08-28
$SPX,7711.76,2027-07-16,321,Call,"7,500.00",+2.75%,768.6,813.14,772,1000,7580,0.13,11.86%,17.91%,0.67676,2026-08-28
$SPX,7711.76,2027-07-16,321,Call,"8,800.00",-14.11%,134.4,147.72,136.3,40,315,0.13,11.86%,13.71%,0.245137,2026-08-28
$SPX,7711.76,2026-09-16,18,Call,"7,700.00",+0.15%,85,87.5,86,22,175,0.13,11.86%,10.56%,0.56087,2026-08-28
$SPX,7711.76,2026-09-29,31,Call,"7,825.00",-1.47%,55.8,56.5,56.9,10,76,0.13,11.86%,10.44%,0.359214,2026-08-28
$SPX,7711.76,2026-09-09,11,Call,"7,700.00",+0.15%,60.2,60.61,61,100,756,0.13,11.86%,9.35%,0.567331,2026-08-28
$SPX,7711.76,2026-10-16,48,Call,"7,905.00",-2.51%,63.6,64.2,64.6,11,82,0.13,11.86%,11.25%,0.320316,2026-08-28
$SPX,7711.76,2026-10-16,48,Call,"8,400.00",-8.92%,2.3,2.45,2.65,57,424,0.13,11.86%,10.93%,0.022051,2026-08-28
$SPX,7711.76,2026-09-08,10,Call,"7,660.00",+0.67%,83.4,86.46,84.2,16,125,0.13,11.86%,9.55%,0.69041,2026-08-28
$SPX,7711.76,2026-09-03,5,Call,"7,600.00",+1.45%,111.8,122.92,128.4,23,183,0.13,11.86%,10.25%,0.897005,2026-08-28
$SPX,7711.76,2026-09-04,6,Call,"8,150.00",-5.68%,0.05,0.1,0.2,72,551,0.13,11.86%,15.31%,0.002765,2026-08-28
$SPX,7711.76,2026-12-18,111,Call,"7,725.00",-0.17%,276.1,282.18,277.6,15,113,0.13,11.86%,14.02%,0.56669,2026-08-28
$SPX,7711.76,2026-12-18,111,Call,"7,800.00",-1.14%,231.2,249.21,232.7,20,153,0.13,11.86%,13.60%,0.516717,2026-08-28
$SPX,7711.76,2026-11-20,83,Put,"7,110.00",-7.80%,57.8,58.5,59.1,42,335,0.13,11.86%,19.09%,-0.154099,2026-08-28
$SPX,7711.76,2027-01-29,153,Put,"7,100.00",-7.93%,110.7,111.58,112.2,12,90,0.13,11.86%,19.05%,-0.200172,2026-08-28
$SPX,7711.76,2027-03-19,202,Put,"7,875.00",+2.12%,342.9,343.93,345.1,95,749,0.13,11.86%,14.23%,-0.524114,2026-08-28
$SPX,7711.76,2026-09-29,31,Put,"5,400.00",-29.98%,1,1.15,1.25,16,128,0.13,11.86%,46.68%,-0.003376,2026-08-28
$SPX,7711.76,2026-09-09,11,Put,"7,670.00",-0.54%,32.2,34.47,33,29,220,0.13,11.86%,10.07%,-0.355951,2026-08-28
$SPX,7711.76,2026-09-09,11,Put,"7,530.00",-2.36%,9.4,10.82,10,28,212,0.13,11.86%,12.26%,-0.119394,2026-08-28
$SPX,7711.76,2026-09-09,11,Put,"7,525.00",-2.42%,9,11.2,9.6,20,160,0.13,11.86%,12.34%,-0.114725,2026-08-28
$SPX,7711.76,2026-09-09,11,Put,"7,400.00",-4.04%,3.6,3.9,4,72,562,0.13,11.86%,14.62%,-0.046577,2026-08-28
$SPX,7711.76,2026-09-24,26,Put,"7,300.00",-5.34%,16.9,18.13,17.7,25,195,0.13,11.86%,17.14%,-0.101466,2026-08-28
$SPX,7711.76,2026-12-31,124,Put,"7,530.00",-2.36%,161,162.84,162.6,19,149,0.13,11.86%,15.56%,-0.339309,2026-08-28
$SPX,7711.76,2026-10-16,48,Put,"7,425.00",-3.72%,55.3,57.16,56.1,22,171,0.13,11.86%,15.53%,-0.219117,2026-08-28
$SPX,7711.76,2026-10-16,48,Put,"7,000.00",-9.23%,22.1,22.17,22.6,167,1283,0.13,11.86%,20.67%,-0.082447,2026-08-28
$SPX,7711.76,2026-09-08,10,Put,"7,100.00",-7.93%,0.85,1.05,1.05,57,452,0.13,11.86%,21.85%,-0.009937,2026-08-28
$SPX,7711.76,2026-09-08,10,Put,"7,000.00",-9.23%,0.65,0.79,0.9,67,522,0.13,11.86%,24.46%,-0.007453,2026-08-28
$SPX,7711.76,2026-09-03,5,Put,"7,545.00",-2.16%,3.3,3.7,3.6,172,1275,0.13,11.86%,12.82%,-0.06747,2026-08-28
$SPX,7711.76,2026-09-02,4,Put,"7,380.00",-4.30%,0.4,0.55,0.55,22,164,0.13,11.86%,18.15%,-0.009551,2026-08-28
$SPX,7711.76,2028-12-15,839,Put,"5,400.00",-29.98%,158.3,164.3,172.9,103,781,0.13,11.86%,26.34%,-0.098307,2026-08-28
$SPX,7711.76,2026-09-04,6,Put,"6,800.00",-11.82%,0.3,0.35,0.4,399,3175,0.13,11.86%,36.40%,-0.00316,2026-08-28
$SPX,7711.76,2026-10-16,48,Put,"7,630.00",-1.06%,95.4,97.69,97.2,16,120,0.13,11.86%,13.20%,-0.373283,2026-08-28
$SPX,7711.76,2026-10-16,48,Put,"6,830.00",-11.43%,15.9,15.17,16.8,62,488,0.13,11.86%,22.72%,-0.058251,2026-08-28
$SPX,7711.76,2026-10-16,48,Put,"6,190.00",-19.73%,6.6,6.7,7.2,41,326,0.13,11.86%,31.18%,-0.02065,2026-08-28
$SPX,7711.76,2026-10-16,48,Put,"4,900.00",-36.46%,1.4,1.36,1.7,170,1328,0.13,11.86%,48.48%,-0.003541,2026-08-28
$SPX,7711.76,2027-01-15,139,Put,"7,575.00",-1.77%,184.4,186.38,186.5,136,1041,0.13,11.86%,15.27%,-0.364985,2026-08-28
$SPX,7711.76,2027-06-30,305,Put,"5,950.00",-22.85%,85.5,83.7,87,28,211,0.13,11.86%,26.09%,-0.091822,2026-08-28
$SPX,7711.76,2026-09-25,27,Put,"7,690.00",-0.28%,80.6,80.99,81.5,34,267,0.13,11.86%,11.92%,-0.435219,2026-08-28
$SPX,7711.76,2026-09-25,27,Put,"7,225.00",-6.31%,14.6,15.3,15,45,339,0.13,11.86%,18.28%,-0.082994,2026-08-28
$SPX,7711.76,2026-09-18,20,Put,"7,790.00",+1.01%,113.3,88.8,114.3,14,110,0.13,11.86%,10.53%,-0.641548,2026-08-28
$SPX,7711.76,2026-09-18,20,Put,"7,600.00",-1.45%,42,43.74,42.8,439,3330,0.13,11.86%,12.84%,-0.289097,2026-08-28
$SPX,7711.76,2026-09-18,20,Put,"7,470.00",-3.13%,22.6,23.73,23.4,23,183,0.13,11.86%,14.78%,-0.161338,2026-08-28
$SPX,7711.76,2026-09-18,20,Put,"7,435.00",-3.59%,19.5,21.65,20.2,42,324,0.13,11.86%,15.35%,-0.138947,2026-08-28
$SPX,7711.76,2026-09-18,20,Put,"7,425.00",-3.72%,18.7,19.25,19.2,81,645,0.13,11.86%,15.48%,-0.132844,2026-08-28
$SPX,7711.76,2026-09-18,20,Put,"7,405.00",-3.98%,17.2,18.6,17.9,23,171,0.13,11.86%,15.83%,-0.122523,2026-08-28
$SPX,7711.76,2026-09-18,20,Put,"7,355.00",-4.63%,14.1,15.02,14.7,23,171,0.13,11.86%,16.63%,-0.099853,2026-08-28
$SPX,7711.76,2026-09-18,20,Put,"7,130.00",-7.54%,6.8,8.3,7.4,23,183,0.13,11.86%,20.59%,-0.045572,2026-08-28
$SPX,7711.76,2026-09-21,23,Put,"7,525.00",-2.42%,32,29.4,32.9,10,76,0.13,11.86%,13.60%,-0.214001,2026-08-28
$SPX,7711.76,2026-09-15,17,Put,"7,400.00",-4.04%,10,10.26,10.6,39,292,0.13,11.86%,14.89%,-0.088833,2026-08-28
$SPX,7711.76,2026-09-30,32,Put,"7,300.00",-5.34%,23.2,23.43,23.6,382,2842,0.13,11.86%,16.99%,-0.120204,2026-08-28
$SPX,7711.76,2026-09-30,32,Put,"7,295.00",-5.40%,22.8,25.3,23.5,21,157,0.13,11.86%,17.08%,-0.118642,2026-08-28
$SPX,7711.76,2026-12-18,111,Put,"7,825.00",+1.47%,248.1,250.1,250.1,57,453,0.13,11.86%,13.34%,-0.53277,2026-08-28
$SPX,7711.76,2026-11-20,83,Put,"7,775.00",+0.82%,198,183,199.5,16,127,0.13,11.86%,13.15%,-0.509379,2026-08-28
$SPX,7711.76,2026-11-20,83,Put,"7,800.00",+1.14%,208.8,212.24,210.2,10,78,0.13,11.86%,12.96%,-0.532945,2026-08-28
$SPX,7711.76,2027-07-16,321,Put,"3,700.00",-52.02%,17.9,18.54,18.6,20,160,0.13,11.86%,41.41%,-0.015054,2026-08-28
$SPX,7711.76,2026-09-17,19,Put,"7,000.00",-9.23%,4.3,5.1,4.8,10,78,0.13,11.86%,23.05%,-0.028627,2026-08-28
$SPX,7711.76,2026-09-18,20,Put,"7,800.00",+1.14%,117.7,121.1,119.1,3125,23786,0.13,11.86%,10.22%,-0.667768,2026-08-28
$SPX,7711.76,2026-09-11,13,Put,"7,000.00",-9.23%,1.65,2,1.85,502,3965,0.13,11.86%,23.91%,-0.014072,2026-08-28
$SPX,7711.76,2026-09-11,13,Put,"5,800.00",-24.79%,0.25,0.4,0.45,200,1532,0.13,11.86%,52.16%,-0.001565,2026-08-28
$SPX,7711.76,2026-09-11,13,Put,"5,000.00",-35.16%,0.05,0.15,0.15,40,320,0.13,11.86%,69.54%,-0.000369,2026-08-28
$SPX,7711.76,2026-11-20,83,Put,"6,700.00",-13.12%,32.3,33.03,33.4,1027,8706,0.12,11.86%,23.18%,-0.081244,2026-08-28
$SPX,7711.76,2026-11-20,83,Put,"4,950.00",-35.81%,4.9,5,5.4,43,367,0.12,11.86%,41.99%,-0.009301,2026-08-28
$SPX,7711.76,2026-10-16,48,Put,"7,690.00",-0.28%,114.2,115.82,116.1,20,168,0.12,11.86%,12.60%,-0.437454,2026-08-28
$SPX,7711.76,2026-10-16,48,Put,"7,075.00",-8.26%,24.7,25.39,25.7,133,1142,0.12,11.86%,19.62%,-0.095298,2026-08-28
$SPX,7711.76,2027-01-15,139,Put,"6,250.00",-18.95%,39.8,41.5,41,100,857,0.12,11.86%,25.90%,-0.069764,2026-08-28
$SPX,7711.76,2027-01-15,139,Put,"5,200.00",-32.57%,15.7,16.08,16.4,102,819,0.12,11.86%,35.24%,-0.023655,2026-08-28
$SPX,7711.76,2026-09-10,12,Put,"7,690.00",-0.28%,42.3,43.3,43.1,21,173,0.12,11.86%,10.11%,-0.415713,2026-08-28
$SPX,7711.76,2026-09-18,20,Put,"7,800.00",+1.14%,119.2,122.83,120.2,65,528,0.12,11.86%,10.42%,-0.664025,2026-08-28
$SPX,7711.76,2026-09-18,20,Put,"7,385.00",-4.24%,15.8,18.47,16.5,23,185,0.12,11.86%,16.14%,-0.112617,2026-08-28
$SPX,7711.76,2026-09-18,20,Put,"6,650.00",-13.77%,2.75,2.85,3,130,1100,0.12,11.86%,29.90%,-0.014707,2026-08-28
$SPX,7711.76,2026-10-30,62,Put,"7,650.00",-0.80%,124.3,126.16,125.5,38,319,0.12,11.86%,13.60%,-0.4009,2026-08-28
$SPX,7711.76,2026-10-30,62,Put,"7,210.00",-6.51%,47.8,43.3,48.8,15,129,0.12,11.86%,18.13%,-0.15583,2026-08-28
$SPX,7711.76,2026-10-30,62,Put,"3,000.00",-61.10%,0.2,0.35,0.4,1210,9949,0.12,11.86%,72.79%,-0.000457,2026-08-28
$SPX,7711.76,2026-09-21,23,Put,"7,500.00",-2.75%,28.6,32.2,29.5,32,258,0.12,11.86%,13.95%,-0.192274,2026-08-28
$SPX,7711.76,2026-09-01,3,Put,"7,300.00",-5.34%,0.2,0.3,0.35,62,518,0.12,11.86%,23.82%,-0.005169,2026-08-28
$SPX,7711.76,2026-09-28,30,Put,"7,800.00",+1.14%,132.9,136.58,134.2,52,431,0.12,11.86%,10.66%,-0.623325,2026-08-28
$SPX,7711.76,2026-09-28,30,Put,"7,540.00",-2.23%,45.8,46.79,46.8,30,254,0.12,11.86%,13.60%,-0.2535,2026-08-28
$SPX,7711.76,2026-12-18,111,Put,"7,800.00",+1.14%,237.3,240.2,239.5,1298,10547,0.12,11.86%,13.52%,-0.513055,2026-08-28
$SPX,7711.76,2026-11-20,83,Put,"6,900.00",-10.53%,43.2,44.07,44,60,481,0.12,11.86%,21.26%,-0.110823,2026-08-28
$SPX,7711.76,2027-05-21,265,Put,"8,200.00",+6.33%,534.8,524.43,537.3,10,85,0.12,11.86%,12.37%,-0.722528,2026-08-28
$SPX,7711.76,2027-05-21,265,Put,"5,300.00",-31.27%,43.9,45.12,44.9,64,537,0.12,11.86%,30.72%,-0.048064,2026-08-28
$SPX,7711.76,2026-09-16,18,Put,"7,350.00",-4.69%,10.2,10.48,10.9,27,223,0.12,11.86%,16.28%,-0.081964,2026-08-28
$SPX,7711.76,2026-09-17,19,Put,"7,650.00",-0.80%,51.8,55.33,52.8,116,1007,0.12,11.86%,12.07%,-0.359473,2026-08-28
$SPX,7711.76,2027-04-16,230,Put,"7,500.00",-2.75%,246.6,247.75,248.7,200,1696,0.12,11.86%,16.98%,-0.343655,2026-08-28
$SPX,7711.76,2026-09-18,20,Put,"7,775.00",+0.82%,103.2,98,104.7,1359,11216,0.12,11.86%,10.48%,-0.609877,2026-08-28
$SPX,7711.76,2026-09-18,20,Put,"6,975.00",-9.55%,4.6,5.2,5,536,4559,0.12,11.86%,23.37%,-0.028955,2026-08-28
$SPX,7711.76,2026-09-11,13,Put,"7,320.00",-5.08%,4.2,4.6,4.6,18,155,0.12,11.86%,16.69%,-0.043759,2026-08-28
$SPX,7711.76,2026-11-20,83,Call,"8,190.00",-6.20%,40.1,41.2,41.5,26,220,0.12,11.86%,11.56%,0.181147,2026-08-28
$SPX,7711.76,2026-10-16,48,Call,"7,840.00",-1.66%,87.8,87.95,89.7,24,205,0.12,11.86%,11.48%,0.398128,2026-08-28
$SPX,7711.76,2026-10-16,48,Call,"8,040.00",-4.26%,26.7,27.32,28,25,202,0.12,11.86%,10.61%,0.174335,2026-08-28
$SPX,7711.76,2026-09-18,20,Call,"7,890.00",-2.31%,17.5,18.16,18.2,166,1348,0.12,11.86%,9.84%,0.185648,2026-08-28
$SPX,7711.76,2026-10-30,62,Call,"7,800.00",-1.14%,140.5,143,141.7,82,684,0.12,11.86%,12.59%,0.471327,2026-08-28
$SPX,7711.76,2026-09-01,3,Call,"7,655.00",+0.74%,56.3,66.21,73.1,12,100,0.12,11.86%,8.90%,0.830508,2026-08-28
$SPX,7711.76,2026-09-01,3,Call,"7,500.00",+2.75%,202.5,207.91,224.2,13,112,0.12,11.86%,8.69%,0.999824,2026-08-28
$SPX,7711.76,2026-09-30,32,Call,"7,725.00",-0.17%,109.1,109.22,109.9,67,574,0.12,11.86%,11.37%,0.52492,2026-08-28
$SPX,7711.76,2027-08-20,356,Call,"7,700.00",+0.15%,683.8,683.38,687.1,453,3720,0.12,11.86%,17.43%,0.625914,2026-08-28
$SPX,7711.76,2026-09-11,13,Call,"7,970.00",-3.35%,1.2,1.17,1.45,32,268,0.12,11.86%,8.70%,0.027484,2026-08-28
$SPX,7711.76,2027-03-19,202,Call,"8,150.00",-5.68%,203.2,202.77,205.2,322,2602,0.12,11.86%,13.65%,0.391222,2026-08-28
$SPX,7711.76,2026-09-09,11,Call,"7,775.00",-0.82%,23.1,22.88,23.8,12,101,0.12,11.86%,8.53%,0.318996,2026-08-28
$SPX,7711.76,2026-09-03,5,Call,"7,675.00",+0.48%,59.3,61.6,59.8,58,482,0.12,11.86%,9.93%,0.677217,2026-08-28
$SPX,7711.76,2026-09-03,5,Call,"8,075.00",-4.71%,0.05,0.1,0.15,17,146,0.12,11.86%,13.92%,0.002671,2026-08-28
$SPX,7711.76,2026-09-04,6,Call,"8,075.00",-4.71%,0.1,0.1,0.2,41,347,0.12,11.86%,13.20%,0.003745,2026-08-28
$SPX,7711.76,2026-09-04,6,Call,"8,300.00",-7.63%,0.05,0.1,0.15,273,2332,0.12,11.86%,19.45%,0.001805,2026-08-28
$SPX,7711.76,2026-12-18,111,Call,"7,275.00",+5.66%,611.3,608.55,618.1,14,115,0.12,11.86%,17.10%,0.785137,2026-08-28
$SPX,7711.76,2026-12-18,111,Call,"8,150.00",-5.68%,82.7,82.15,83.9,10,82,0.12,11.86%,12.24%,0.270406,2026-08-28
$SPX,7711.76,2026-11-20,83,Put,"7,725.00",+0.17%,177.4,179.59,179.1,74,617,0.12,11.86%,13.49%,-0.465086,2026-08-28
$SPX,7711.76,2026-11-20,83,Put,"7,680.00",-0.41%,161.3,162.15,163.3,21,181,0.12,11.86%,13.85%,-0.428128,2026-08-28
$SPX,7711.76,2026-09-29,31,Put,"6,200.00",-19.60%,2.85,3.1,3.2,13,109,0.12,11.86%,33.96%,-0.011189,2026-08-28
$SPX,7711.76,2026-09-09,11,Put,"7,450.00",-3.39%,5,6.39,5.5,57,460,0.12,11.86%,13.64%,-0.065239,2026-08-28
$SPX,7711.76,2026-09-14,16,Put,"7,800.00",+1.14%,105.2,112.1,107.9,32,260,0.12,11.86%,9.07%,-0.715213,2026-08-28
$SPX,7711.76,2026-09-14,16,Put,"7,300.00",-5.34%,5.2,6.4,5.7,112,953,0.12,11.86%,16.41%,-0.0488,2026-08-28
$SPX,7711.76,2026-12-31,124,Put,"8,000.00",+3.74%,342.8,344.95,344.6,136,1170,0.12,11.86%,11.93%,-0.687322,2026-08-28
$SPX,7711.76,2026-10-16,48,Put,"7,775.00",+0.82%,149.8,150.41,151,15,129,0.12,11.86%,11.91%,-0.541554,2026-08-28
$SPX,7711.76,2026-10-16,48,Put,"7,550.00",-2.10%,77.1,77.29,78.1,161,1329,0.12,11.86%,14.14%,-0.303064,2026-08-28
$SPX,7711.76,2026-10-16,48,Put,"5,000.00",-35.16%,1.65,1.8,1.9,152,1296,0.12,11.86%,47.21%,-0.004112,2026-08-28
$SPX,7711.76,2026-09-03,5,Put,"7,475.00",-3.07%,1.55,1.75,1.75,209,1817,0.12,11.86%,14.64%,-0.031784,2026-08-28
$SPX,7711.76,2027-12-17,475,Put,"7,700.00",-0.15%,451.4,454.7,456.3,202,1707,0.12,11.86%,17.45%,-0.405403,2026-08-28
$SPX,7711.76,2026-09-02,4,Put,"7,250.00",-5.99%,0.25,0.4,0.4,22,183,0.12,11.86%,23.37%,-0.005368,2026-08-28
$SPX,7711.76,2026-09-02,4,Put,"7,075.00",-8.26%,0.2,0.25,0.3,13,112,0.12,11.86%,30.60%,-0.00329,2026-08-28
$SPX,7711.76,2026-09-02,4,Put,"7,050.00",-8.58%,0.15,0.25,0.3,89,733,0.12,11.86%,31.39%,-0.002916,2026-08-28
$SPX,7711.76,2026-08-31,2,Put,"7,375.00",-4.37%,0.15,0.15,0.25,216,1859,0.12,11.86%,23.41%,-0.004729,2026-08-28
$SPX,7711.76,2026-08-31,2,Put,"7,075.00",-8.26%,0.05,0.1,0.15,214,1846,0.12,11.86%,39.59%,-0.001533,2026-08-28
$SPX,7711.76,2027-02-19,174,Put,"7,675.00",-0.48%,245.5,246.57,247.6,40,338,0.12,11.86%,15.01%,-0.418009,2026-08-28
$SPX,7711.76,2027-01-29,153,Put,"7,600.00",-1.45%,205.1,208.82,207,38,356,0.11,11.86%,15.30%,-0.379499,2026-08-28
$SPX,7711.76,2027-01-29,153,Put,"7,550.00",-2.10%,191.9,195.9,193.8,20,187,0.11,11.86%,15.66%,-0.355344,2026-08-28
$SPX,7711.76,2027-03-19,202,Put,"2,900.00",-62.40%,4.5,4.6,4.9,103,912,0.11,11.86%,55.24%,-0.004202,2026-08-28
$SPX,7711.76,2026-09-09,11,Put,"7,750.00",+0.50%,65.1,72.82,65.9,73,674,0.11,11.86%,9.00%,-0.606772,2026-08-28
$SPX,7711.76,2026-09-24,26,Put,"7,400.00",-4.04%,23.8,25.64,24.7,12,109,0.11,11.86%,15.68%,-0.144115,2026-08-28
$SPX,7711.76,2026-12-31,124,Put,"7,555.00",-2.03%,167.3,173.75,168.8,10,91,0.11,11.86%,15.37%,-0.352101,2026-08-28
$SPX,7711.76,2026-10-16,48,Put,"7,650.00",-0.80%,102.8,102.9,103.9,102,922,0.11,11.86%,13.11%,-0.394008,2026-08-28
$SPX,7711.76,2026-10-16,48,Put,"4,000.00",-48.13%,0.4,0.55,0.65,76,709,0.11,11.86%,61.39%,-0.001036,2026-08-28
$SPX,7711.76,2026-09-08,10,Put,"7,575.00",-1.77%,11.3,12.25,11.8,227,2020,0.11,11.86%,11.22%,-0.153786,2026-08-28
$SPX,7711.76,2026-09-08,10,Put,"7,150.00",-7.28%,0.95,1.15,1.15,24,213,0.11,11.86%,20.50%,-0.011525,2026-08-28
$SPX,7711.76,2026-09-08,10,Put,"6,700.00",-13.12%,0.45,0.43,0.6,12,108,0.11,11.86%,32.58%,-0.004007,2026-08-28
$SPX,7711.76,2026-09-02,4,Put,"7,430.00",-3.65%,0.55,0.65,0.7,26,235,0.11,11.86%,16.30%,-0.013481,2026-08-28
$SPX,7711.76,2026-09-02,4,Put,"7,300.00",-5.34%,0.3,0.4,0.45,39,360,0.11,11.86%,21.40%,-0.00663,2026-08-28
$SPX,7711.76,2026-09-02,4,Put,"7,125.00",-7.61%,0.2,0.3,0.35,23,212,0.11,11.86%,28.63%,-0.00382,2026-08-28
$SPX,7711.76,2026-09-04,6,Put,"6,650.00",-13.77%,0.2,0.25,0.35,83,728,0.11,11.86%,41.20%,-0.002253,2026-08-28
$SPX,7711.76,2026-09-04,6,Put,"6,300.00",-18.31%,0.1,0.15,0.25,212,2007,0.11,11.86%,52.56%,-0.001178,2026-08-28
$SPX,7711.76,2026-08-31,2,Put,"7,340.00",-4.82%,0.15,0.17,0.2,55,495,0.11,11.86%,25.26%,-0.003901,2026-08-28
$SPX,7711.76,2026-08-31,2,Put,"7,030.00",-8.84%,0.05,0.1,0.15,34,302,0.11,11.86%,42.26%,-0.001442,2026-08-28
$SPX,7711.76,2026-12-18,111,Put,"6,850.00",-11.17%,59.3,59.9,60.3,12,109,0.11,11.86%,21.48%,-0.125737,2026-08-28
$SPX,7711.76,2026-12-18,111,Put,"6,000.00",-22.20%,23.4,23.79,24.1,13,117,0.11,11.86%,29.20%,-0.044019,2026-08-28
$SPX,7711.76,2027-02-19,174,Put,"6,375.00",-17.33%,60.7,61.8,62,51,460,0.11,11.86%,24.36%,-0.094597,2026-08-28
$SPX,7711.76,2026-11-20,83,Put,"5,825.00",-24.47%,11.9,12.2,12.5,219,1998,0.11,11.86%,32.31%,-0.025662,2026-08-28
$SPX,7711.76,2026-10-16,48,Put,"7,725.00",+0.17%,127.4,133.5,129,267,2465,0.11,11.86%,12.28%,-0.478474,2026-08-28
$SPX,7711.76,2026-10-16,48,Put,"7,775.00",+0.82%,148.3,145.25,150.1,39,340,0.11,11.86%,11.80%,-0.542075,2026-08-28
$SPX,7711.76,2026-10-16,48,Put,"7,580.00",-1.71%,82.5,84.15,84.2,42,384,0.11,11.86%,13.72%,-0.326905,2026-08-28
$SPX,7711.76,2026-10-16,48,Put,"7,020.00",-8.97%,22.2,23.55,23.1,142,1309,0.11,11.86%,20.29%,-0.084697,2026-08-28
$SPX,7711.76,2026-10-16,48,Put,"6,525.00",-15.39%,10.2,9.6,10.8,97,894,0.11,11.86%,26.72%,-0.034389,2026-08-28
$SPX,7711.76,2026-10-16,48,Put,"3,500.00",-54.61%,0.15,0.3,0.4,408,3771,0.11,11.86%,69.25%,-0.000503,2026-08-28
$SPX,7711.76,2027-01-15,139,Put,"8,025.00",+4.06%,363.1,367.41,365.4,21,197,0.11,11.86%,11.73%,-0.693376,2026-08-28
$SPX,7711.76,2026-09-25,27,Put,"7,500.00",-2.75%,36.8,37.92,37.3,63,550,0.11,11.86%,14.33%,-0.213761,2026-08-28
$SPX,7711.76,2026-09-25,27,Put,"6,450.00",-16.36%,3.4,3.6,3.7,44,386,0.11,11.86%,31.25%,-0.014861,2026-08-28
$SPX,7711.76,2026-09-10,12,Put,"7,720.00",+0.11%,54.1,62.9,54.9,13,117,0.11,11.86%,9.72%,-0.502252,2026-08-28
$SPX,7711.76,2027-09-17,384,Put,"7,000.00",-9.23%,243.4,243.88,245.5,273,2538,0.11,11.86%,20.62%,-0.237108,2026-08-28
$SPX,7711.76,2026-09-18,20,Put,"7,605.00",-1.38%,43.1,46.45,43.9,38,339,0.11,11.86%,12.78%,-0.295763,2026-08-28
$SPX,7711.76,2026-09-18,20,Put,"7,390.00",-4.17%,16.2,17.25,16.8,41,357,0.11,11.86%,16.06%,-0.115059,2026-08-28
$SPX,7711.76,2026-09-18,20,Put,"7,245.00",-6.05%,9.5,10,10.1,14,124,0.11,11.86%,18.49%,-0.065996,2026-08-28
$SPX,7711.76,2026-09-18,20,Put,"7,170.00",-7.03%,7.6,9.05,8.2,11,101,0.11,11.86%,19.86%,-0.051586,2026-08-28
$SPX,7711.76,2026-09-21,23,Put,"7,725.00",+0.17%,84.1,65.02,85.3,37,330,0.11,11.86%,11.06%,-0.497142,2026-08-28
$SPX,7711.76,2026-11-30,93,Put,"7,700.00",-0.15%,177.2,179.6,178.7,36,330,0.11,11.86%,13.75%,-0.441396,2026-08-28
$SPX,7711.76,2026-11-30,93,Put,"7,725.00",+0.17%,186.1,188.81,187.6,16,151,0.11,11.86%,13.56%,-0.461038,2026-08-28
$SPX,7711.76,2026-09-30,32,Put,"7,520.00",-2.49%,47,51.02,47.9,16,140,0.11,11.86%,14.10%,-0.244987,2026-08-28
$SPX,7711.76,2026-09-28,30,Put,"7,300.00",-5.34%,20,21.02,20.8,20,179,0.11,11.86%,16.81%,-0.111302,2026-08-28
$SPX,7711.76,2026-12-18,111,Put,"7,775.00",+0.82%,227.6,230.5,229.3,106,934,0.11,11.86%,13.72%,-0.494545,2026-08-28
$SPX,7711.76,2026-12-18,111,Put,"8,075.00",+4.71%,383.3,385.16,385.6,41,357,0.11,11.86%,11.09%,-0.795103,2026-08-28
$SPX,7711.76,2027-05-21,265,Put,"7,275.00",-5.66%,224.6,217.19,226.7,14,125,0.11,11.86%,18.70%,-0.281002,2026-08-28
$SPX,7711.76,2026-10-02,34,Put,"7,700.00",-0.15%,97,98.9,98.2,168,1600,0.11,11.86%,12.15%,-0.450438,2026-08-28
$SPX,7711.76,2026-10-02,34,Put,"7,650.00",-0.80%,80.6,81.75,81.7,54,476,0.11,11.86%,12.70%,-0.384054,2026-08-28
$SPX,7711.76,2027-06-17,292,Put,"6,850.00",-11.17%,169.6,175.15,171.5,228,1985,0.11,11.86%,21.17%,-0.196182,2026-08-28
$SPX,7711.76,2026-09-16,18,Put,"7,510.00",-2.62%,21.9,26.4,22.7,12,105,0.11,11.86%,13.73%,-0.174441,2026-08-28
$SPX,7711.76,2026-09-22,24,Put,"7,675.00",-0.48%,67.9,70.26,69.2,31,282,0.11,11.86%,11.76%,-0.407781,2026-08-28
$SPX,7711.76,2026-09-18,20,Put,"7,100.00",-7.93%,6,6.34,6.6,2241,21001,0.11,11.86%,20.97%,-0.040434,2026-08-28
$SPX,7711.76,2026-09-11,13,Put,"7,425.00",-3.72%,7.4,7.9,7.7,83,749,0.11,11.86%,14.70%,-0.077502,2026-08-28
$SPX,7711.76,2026-09-11,13,Put,"7,370.00",-4.43%,5.4,6.8,5.9,33,295,0.11,11.86%,15.75%,-0.057092,2026-08-28
$SPX,7711.76,2026-09-11,13,Put,"7,240.00",-6.12%,3.1,4,3.4,10,95,0.11,11.86%,18.41%,-0.030823,2026-08-28
$SPX,7711.76,2026-09-11,13,Put,"6,600.00",-14.42%,0.8,0.93,1,126,1134,0.11,11.86%,33.26%,-0.005695,2026-08-28
$SPX,7711.76,2026-10-16,48,Call,"7,645.00",+0.87%,200.7,197.58,202.7,20,186,0.11,11.86%,12.98%,0.622489,2026-08-28
$SPX,7711.76,2026-10-16,48,Call,"8,120.00",-5.29%,15,15.5,16.1,25,238,0.11,11.86%,10.42%,0.111822,2026-08-28
$SPX,7711.76,2027-01-15,139,Call,"8,725.00",-13.14%,16.9,24.11,18,10,87,0.11,11.86%,11.77%,0.072024,2026-08-28
$SPX,7711.76,2026-09-10,12,Call,"7,700.00",+0.15%,64,63.71,64.9,87,779,0.11,11.86%,9.57%,0.565679,2026-08-28
$SPX,7711.76,2027-09-17,384,Call,"10,400.00",-34.86%,12.3,15.41,13.1,87,812,0.11,11.86%,13.09%,0.032751,2026-08-28
$SPX,7711.76,2026-09-18,20,Call,"7,695.00",+0.22%,98.3,97.97,99.3,170,1616,0.11,11.86%,11.38%,0.567372,2026-08-28
$SPX,7711.76,2026-09-18,20,Call,"7,785.00",-0.95%,50.2,50.4,51.1,64,575,0.11,11.86%,10.52%,0.385647,2026-08-28
$SPX,7711.76,2026-09-18,20,Call,"7,800.00",-1.14%,44,42.67,44.9,456,4266,0.11,11.86%,10.41%,0.354479,2026-08-28
$SPX,7711.76,2026-09-18,20,Call,"7,920.00",-2.70%,12.2,12.62,12.9,41,374,0.11,11.86%,9.71%,0.141532,2026-08-28
$SPX,7711.76,2026-09-18,20,Call,"7,975.00",-3.41%,6.1,6.49,6.5,63,589,0.11,11.86%,9.57%,0.080971,2026-08-28
$SPX,7711.76,2026-09-21,23,Call,"7,810.00",-1.27%,43.6,69.2,44.6,14,127,0.11,11.86%,10.02%,0.344638,2026-08-28
$SPX,7711.76,2026-09-21,23,Call,"7,950.00",-3.09%,9.9,9.77,10.7,24,219,0.11,11.86%,9.34%,0.117415,2026-08-28
$SPX,7711.76,2026-09-28,30,Call,"7,800.00",-1.14%,63.5,62.87,64.9,126,1137,0.11,11.86%,10.49%,0.396693,2026-08-28
$SPX,7711.76,2027-05-21,265,Call,"8,150.00",-5.68%,293.6,312.36,296.1,50,449,0.11,11.86%,14.66%,0.441078,2026-08-28
$SPX,7711.76,2027-06-17,292,Call,"8,725.00",-13.14%,126.8,129.5,128.6,53,489,0.11,11.86%,13.58%,0.244191,2026-08-28
$SPX,7711.76,2027-06-17,292,Call,"8,775.00",-13.79%,115.5,118.2,117.5,65,599,0.11,11.86%,13.51%,0.22832,2026-08-28
$SPX,7711.76,2026-09-18,20,Call,"7,735.00",-0.30%,72.9,73.2,74.4,512,4725,0.11,11.86%,10.76%,0.488866,2026-08-28
$SPX,7711.76,2026-09-18,20,Call,"7,775.00",-0.82%,52.9,53.6,54.4,1405,12237,0.11,11.86%,10.40%,0.40455,2026-08-28
$SPX,7711.76,2027-08-20,356,Call,"8,800.00",-14.11%,167.4,177.86,169.4,123,1082,0.11,11.86%,14.07%,0.274005,2026-08-28
$SPX,7711.76,2027-08-20,356,Call,"12,000.00",-55.61%,1.25,1.5,1.65,35,326,0.11,11.86%,15.07%,0.004227,2026-08-28
$SPX,7711.76,2027-01-29,153,Call,"9,000.00",-16.70%,8.9,9.6,9.7,23,209,0.11,11.86%,11.92%,0.039787,2026-08-28
$SPX,7711.76,2026-12-31,124,Call,"7,350.00",+4.69%,570.4,586.52,577,42,391,0.11,11.86%,16.64%,0.75133,2026-08-28
$SPX,7711.76,2026-10-16,48,Call,"7,400.00",+4.04%,393.9,395.69,400.2,10,94,0.11,11.86%,15.53%,0.8017,2026-08-28
$SPX,7711.76,2026-10-16,48,Call,"8,100.00",-5.03%,18.3,18.83,18.9,18,157,0.11,11.86%,10.57%,0.128125,2026-08-28
$SPX,7711.76,2026-09-03,5,Call,"7,930.00",-2.83%,0.05,0.1,0.2,30,280,0.11,11.86%,9.04%,0.004868,2026-08-28
$SPX,7711.76,2026-09-03,5,Call,"7,950.00",-3.09%,0.05,0.1,0.2,76,694,0.11,11.86%,9.77%,0.004532,2026-08-28
$SPX,7711.76,2026-08-31,2,Call,"7,650.00",+0.80%,65.8,62.65,67.2,332,3128,0.11,11.86%,9.51%,0.879886,2026-08-28
$SPX,7711.76,2026-08-31,2,Call,"7,520.00",+2.49%,191.6,191.26,196,17,150,0.11,11.86%,16.11%,0.983566,2026-08-28
$SPX,7711.76,2026-08-31,2,Call,"7,475.00",+3.07%,237.9,237.39,239.4,35,321,0.11,11.86%,18.58%,0.988955,2026-08-28
$SPX,7711.76,2026-08-31,2,Call,"7,340.00",+4.82%,371.3,370.65,375.7,10,89,0.11,11.86%,26.60%,0.994278,2026-08-28
$SPX,7711.76,2026-08-31,2,Call,"6,800.00",+11.82%,891.3,914.11,935.4,11,104,0.11,11.86%,60.53%,0.997703,2026-08-28
$SPX,7711.76,2026-11-20,83,Put,"7,675.00",-0.48%,159.9,161.27,161.5,42,378,0.11,11.86%,13.90%,-0.424326,2026-08-28
$SPX,7711.76,2026-11-20,83,Put,"7,800.00",+1.14%,207.6,210.38,209.5,341,3203,0.11,11.86%,12.89%,-0.533217,2026-08-28
$SPX,7711.76,2026-11-20,83,Put,"7,490.00",-2.88%,110.6,112.7,112.3,21,192,0.11,11.86%,15.48%,-0.300707,2026-08-28
$SPX,7711.76,2026-10-16,48,Call,"7,760.00",-0.63%,128.2,129.6,130.2,29,289,0.1,11.86%,12.04%,0.496303,2026-08-28
$SPX,7711.76,2026-10-16,48,Call,"7,820.00",-1.40%,97.2,96.03,98.9,42,421,0.1,11.86%,11.61%,0.423053,2026-08-28
$SPX,7711.76,2026-10-16,48,Call,"8,030.00",-4.13%,28.5,29.2,29.9,54,515,0.1,11.86%,10.64%,0.18332,2026-08-28
$SPX,7711.76,2026-09-10,12,Call,"7,775.00",-0.82%,26.4,27.57,27.2,19,198,0.1,11.86%,8.78%,0.333524,2026-08-28
$SPX,7711.76,2027-09-17,384,Call,"10,000.00",-29.67%,25.2,25.28,26.2,91,910,0.1,11.86%,13.09%,0.060519,2026-08-28
$SPX,7711.76,2026-09-18,20,Call,"7,655.00",+0.74%,125.1,125.48,126.1,12,118,0.1,11.86%,11.83%,0.637756,2026-08-28
$SPX,7711.76,2026-09-18,20,Call,"7,830.00",-1.53%,33.2,33.4,34,34,326,0.1,11.86%,10.19%,0.293665,2026-08-28
$SPX,7711.76,2026-09-18,20,Call,"8,150.00",-5.68%,0.9,1.04,1.15,70,702,0.1,11.86%,10.47%,0.015354,2026-08-28
$SPX,7711.76,2026-09-21,23,Call,"7,680.00",+0.41%,112.2,113.83,113.3,16,161,0.1,11.86%,11.15%,0.596051,2026-08-28
$SPX,7711.76,2026-09-21,23,Call,"7,750.00",-0.50%,70.7,72.53,71.8,73,712,0.1,11.86%,10.49%,0.464999,2026-08-28
$SPX,7711.76,2026-09-21,23,Call,"8,000.00",-3.74%,5.3,5.6,6,26,269,0.1,11.86%,9.28%,0.071446,2026-08-28
$SPX,7711.76,2026-09-01,3,Call,"7,665.00",+0.61%,56.8,55.19,58.5,29,283,0.1,11.86%,9.40%,0.774381,2026-08-28
$SPX,7711.76,2026-09-30,32,Call,"7,605.00",+1.38%,190.4,184.49,191.4,12,117,0.1,11.86%,12.54%,0.684992,2026-08-28
$SPX,7711.76,2026-09-30,32,Call,"7,870.00",-2.05%,42.2,44.67,43.2,11,112,0.1,11.86%,10.30%,0.293119,2026-08-28
$SPX,7711.76,2026-09-30,32,Call,"7,880.00",-2.18%,39.1,39.22,40,31,309,0.1,11.86%,10.25%,0.277898,2026-08-28
$SPX,7711.76,2026-09-30,32,Call,"7,940.00",-2.96%,23.7,24.08,24.6,50,488,0.1,11.86%,9.98%,0.194151,2026-08-28
$SPX,7711.76,2026-09-30,32,Call,"8,130.00",-5.42%,3.9,4.2,4.4,15,147,0.1,11.86%,9.82%,0.04544,2026-08-28
$SPX,7711.76,2026-09-30,32,Call,"8,205.00",-6.40%,2.05,4.8,2.4,46,479,0.1,11.86%,10.10%,0.025676,2026-08-28
$SPX,7711.76,2027-06-17,292,Call,"8,575.00",-11.19%,166,174.42,167.9,40,381,0.1,11.86%,13.83%,0.295352,2026-08-28
$SPX,7711.76,2026-09-16,18,Call,"7,925.00",-2.77%,7.4,8.07,8.1,156,1587,0.1,11.86%,9.08%,0.10502,2026-08-28
$SPX,7711.76,2026-09-22,24,Call,"7,950.00",-3.09%,11.1,11.45,12,37,388,0.1,11.86%,9.44%,0.125757,2026-08-28
$SPX,7711.76,2026-09-18,20,Call,"7,900.00",-2.44%,14.7,15,15.7,2383,24818,0.1,11.86%,9.64%,0.166116,2026-08-28
$SPX,7711.76,2027-08-20,356,Call,"8,900.00",-15.41%,142.7,144.8,144.7,80,840,0.1,11.86%,13.91%,0.244674,2026-08-28
$SPX,7711.76,2026-09-09,11,Call,"7,900.00",-2.44%,1.7,1.95,2.1,117,1157,0.1,11.86%,7.77%,0.044665,2026-08-28
$SPX,7711.76,2026-09-09,11,Call,"8,050.00",-4.39%,0.15,0.2,0.35,35,360,0.1,11.86%,9.58%,0.006078,2026-08-28
$SPX,7711.76,2026-09-14,16,Call,"7,720.00",-0.11%,63.4,65.05,64.4,12,122,0.1,11.86%,9.61%,0.51439,2026-08-28
$SPX,7711.76,2026-10-16,48,Call,"7,875.00",-2.12%,74.8,73.49,75.9,11,115,0.1,11.86%,11.40%,0.356467,2026-08-28
$SPX,7711.76,2026-09-03,5,Call,"7,900.00",-2.44%,0.15,0.25,0.3,302,3135,0.1,11.86%,8.48%,0.008808,2026-08-28
$SPX,7711.76,2026-09-03,5,Call,"7,925.00",-2.77%,0.1,0.15,0.2,55,544,0.1,11.86%,9.03%,0.005754,2026-08-28
$SPX,7711.76,2026-09-03,5,Call,"8,000.00",-3.74%,0.05,0.11,0.15,35,338,0.1,11.86%,11.32%,0.003227,2026-08-28
$SPX,7711.76,2026-09-04,6,Call,"5,000.00",+35.16%,2698.9,2715.01,2722.9,16,154,0.1,11.86%,110.41%,0.99914,2026-08-28
$SPX,7711.76,2026-10-05,37,Call,"8,000.00",-3.74%,19.1,19.78,20.1,16,165,0.1,11.86%,10.02%,0.15476,2026-08-28
$SPX,7711.76,2026-12-18,111,Call,"7,875.00",-2.12%,190.7,190.05,192.2,14,146,0.1,11.86%,13.23%,0.464074,2026-08-28
$SPX,7711.76,2026-12-18,111,Call,"8,050.00",-4.39%,114.6,114.84,115.9,20,202,0.1,11.86%,12.53%,0.338189,2026-08-28
$SPX,7711.76,2026-12-18,111,Call,"8,900.00",-15.41%,4.2,6.5,4.7,48,467,0.1,11.86%,11.87%,0.02397,2026-08-28
$SPX,7711.76,2027-03-19,202,Put,"6,200.00",-19.60%,63.2,64.5,64.4,608,5879,0.1,11.86%,25.41%,-0.088121,2026-08-28
$SPX,7711.76,2026-09-09,11,Put,"7,510.00",-2.62%,7.9,10.73,8.5,14,136,0.1,11.86%,12.57%,-0.101787,2026-08-28
$SPX,7711.76,2026-09-24,26,Put,"6,500.00",-15.71%,3.3,3.6,3.7,16,158,0.1,11.86%,30.59%,-0.015228,2026-08-28
$SPX,7711.76,2026-09-14,16,Put,"7,590.00",-1.58%,26,27.2,26.6,26,251,0.1,11.86%,11.68%,-0.236196,2026-08-28
$SPX,7711.76,2026-09-14,16,Put,"7,200.00",-6.64%,3.7,4.34,4.1,62,644,0.1,11.86%,18.41%,-0.032975,2026-08-28
$SPX,7711.76,2026-09-14,16,Put,"6,800.00",-11.82%,1.5,1.8,1.75,305,2942,0.1,11.86%,26.79%,-0.010794,2026-08-28
$SPX,7711.76,2026-12-31,124,Put,"7,600.00",-1.45%,179.3,181.65,180.8,126,1231,0.1,11.86%,15.02%,-0.376998,2026-08-28
$SPX,7711.76,2026-12-31,124,Put,"7,850.00",+1.79%,267.6,265.4,269.3,11,114,0.1,11.86%,13.16%,-0.546914,2026-08-28
$SPX,7711.76,2026-10-16,48,Put,"7,500.00",-2.75%,67.3,68.76,68.2,212,2063,0.1,11.86%,14.69%,-0.266118,2026-08-28
$SPX,7711.76,2026-10-16,48,Put,"7,400.00",-4.04%,51.9,53,52.7,169,1653,0.1,11.86%,15.81%,-0.205674,2026-08-28
$SPX,7711.76,2026-10-16,48,Put,"7,175.00",-6.96%,31.1,32.03,31.8,16,167,0.1,11.86%,18.51%,-0.120305,2026-08-28
$SPX,7711.76,2028-12-15,839,Put,"6,750.00",-12.47%,346.4,358.76,367.3,13,133,0.1,11.86%,21.78%,-0.221173,2026-08-28
$SPX,7711.76,2026-09-23,25,Put,"6,000.00",-22.20%,1.5,1.73,1.75,116,1175,0.1,11.86%,39.45%,-0.00613,2026-08-28
$SPX,7711.76,2026-08-31,2,Put,"7,830.00",+1.53%,114.4,120.23,118.9,16,161,0.1,11.86%,14.44%,-0.92604,2026-08-28
$SPX,7711.76,2026-12-18,111,Put,"7,000.00",-9.23%,71.5,73.16,72.7,28,289,0.1,11.86%,20.16%,-0.15435,2026-08-28
$SPX,7711.76,2027-02-19,174,Put,"7,725.00",+0.17%,261.6,264.28,263.8,44,454,0.1,11.86%,14.67%,-0.445292,2026-08-28
$SPX,7711.76,2027-02-19,174,Put,"7,325.00",-5.02%,161.3,163,163.3,19,193,0.1,11.86%,17.47%,-0.272756,2026-08-28
$SPX,7711.76,2026-11-20,83,Put,"5,650.00",-26.74%,10,10.3,10.5,56,543,0.1,11.86%,34.22%,-0.020866,2026-08-28
$SPX,7711.76,2026-10-16,48,Put,"7,730.00",+0.24%,129.1,134.88,130.9,120,1226,0.1,11.86%,12.22%,-0.484579,2026-08-28
$SPX,7711.76,2026-10-16,48,Put,"7,760.00",+0.63%,141.5,139.72,143.5,25,251,0.1,11.86%,11.94%,-0.522395,2026-08-28
$SPX,7711.76,2026-10-16,48,Put,"7,265.00",-5.79%,36.7,37.72,37.9,75,784,0.1,11.86%,17.28%,-0.146299,2026-08-28
$SPX,7711.76,2026-10-16,48,Put,"7,030.00",-8.84%,22.6,21.06,23.7,79,812,0.1,11.86%,20.18%,-0.086656,2026-08-28
$SPX,7711.76,2026-10-16,48,Put,"5,925.00",-23.17%,4.8,4.93,5.3,243,2430,0.1,11.86%,34.71%,-0.014164,2026-08-28
$SPX,7711.76,2026-10-16,48,Put,"5,675.00",-26.41%,3.5,3.8,4,224,2285,0.1,11.86%,37.99%,-0.009966,2026-08-28
$SPX,7711.76,2026-10-16,48,Put,"5,100.00",-33.87%,1.75,1.82,2.15,150,1516,0.1,11.86%,45.74%,-0.004619,2026-08-28
$SPX,7711.76,2027-01-15,139,Put,"7,475.00",-3.07%,160.4,162.37,162.4,124,1237,0.1,11.86%,16.02%,-0.317389,2026-08-28
$SPX,7711.76,2027-01-15,139,Put,"7,300.00",-5.34%,127.4,129.11,129.1,755,7287,0.1,11.86%,17.39%,-0.249945,2026-08-28
$SPX,7711.76,2026-09-25,27,Put,"5,900.00",-23.49%,1.65,1.85,1.85,63,629,0.1,11.86%,40.60%,-0.006158,2026-08-28
$SPX,7711.76,2026-09-10,12,Put,"7,325.00",-5.02%,3.2,3.5,3.6,52,533,0.1,11.86%,16.35%,-0.036898,2026-08-28
$SPX,7711.76,2026-09-18,20,Put,"7,775.00",+0.82%,104.9,106.7,105.9,49,482,0.1,11.86%,10.69%,-0.607577,2026-08-28
$SPX,7711.76,2026-09-18,20,Put,"7,900.00",+2.44%,187.9,199.82,194.3,11,113,0.1,11.86%,8.93%,-0.898783,2026-08-28
$SPX,7711.76,2026-09-18,20,Put,"7,380.00",-4.30%,15.5,16.75,16.2,32,315,0.1,11.86%,16.22%,-0.1104,2026-08-28
$SPX,7711.76,2026-09-18,20,Put,"7,270.00",-5.73%,10.4,11.4,11,20,209,0.1,11.86%,18.09%,-0.07247,2026-08-28
$SPX,7711.76,2026-09-18,20,Put,"7,195.00",-6.70%,8.2,7.13,8.8,29,282,0.1,11.86%,19.42%,-0.056021,2026-08-28
$SPX,7711.76,2026-09-21,23,Put,"7,250.00",-5.99%,11.1,11.2,11.8,32,329,0.1,11.86%,17.79%,-0.073295,2026-08-28
$SPX,7711.76,2026-09-01,3,Put,"7,410.00",-3.91%,0.3,0.4,0.45,25,243,0.1,11.86%,18.66%,-0.008568,2026-08-28
$SPX,7711.76,2026-09-01,3,Put,"7,360.00",-4.56%,0.25,0.25,0.4,18,188,0.1,11.86%,21.05%,-0.006743,2026-08-28
$SPX,7711.76,2028-06-16,657,Put,"7,000.00",-9.23%,349.2,353.48,355.4,54,541,0.1,11.86%,20.71%,-0.251788,2026-08-28
$SPX,7711.76,2026-09-15,17,Put,"7,610.00",-1.32%,32.7,33.72,33.4,19,183,0.1,11.86%,11.64%,-0.27497,2026-08-28
$SPX,7711.76,2026-09-30,32,Put,"7,275.00",-5.66%,21.6,22.5,22.1,47,492,0.1,11.86%,17.35%,-0.111639,2026-08-28
$SPX,7711.76,2026-09-30,32,Put,"6,975.00",-9.55%,10.4,10.8,10.8,66,632,0.1,11.86%,21.67%,-0.050075,2026-08-28
$SPX,7711.76,2026-09-30,32,Put,"6,700.00",-13.12%,6.4,6.6,6.8,146,1415,0.1,11.86%,25.96%,-0.028224,2026-08-28
$SPX,7711.76,2026-09-28,30,Put,"7,150.00",-7.28%,13.1,13.73,13.9,11,108,0.1,11.86%,18.99%,-0.071046,2026-08-28
$SPX,7711.76,2026-12-18,111,Put,"8,025.00",+4.06%,351.9,356.35,354.2,21,208,0.1,11.86%,11.69%,-0.722236,2026-08-28
$SPX,7711.76,2026-12-18,111,Put,"7,375.00",-4.37%,118.7,119.6,120.2,192,1982,0.1,11.86%,16.86%,-0.265061,2026-08-28
$SPX,7711.76,2026-12-18,111,Put,"6,675.00",-13.44%,47.7,48.5,48.9,477,4697,0.1,11.86%,22.99%,-0.099424,2026-08-28
$SPX,7711.76,2027-05-21,265,Put,"6,625.00",-14.09%,127.3,128.29,129,24,242,0.1,11.86%,22.45%,-0.154448,2026-08-28
$SPX,7711.76,2026-10-02,34,Put,"7,100.00",-7.93%,15.5,15.92,16.3,78,747,0.1,11.86%,19.88%,-0.074295,2026-08-28
$SPX,7711.76,2026-10-02,34,Put,"6,400.00",-17.01%,4.7,5,5.1,30,310,0.1,11.86%,30.40%,-0.018278,2026-08-28
$SPX,7711.76,2026-09-16,18,Put,"6,500.00",-15.71%,1.5,1.65,1.8,43,429,0.1,11.86%,33.09%,-0.008532,2026-08-28
$SPX,7711.76,2026-09-18,20,Put,"7,735.00",+0.30%,83.3,88.5,84.8,506,5140,0.1,11.86%,10.92%,-0.521741,2026-08-28
$SPX,7711.76,2026-09-18,20,Put,"6,175.00",-19.93%,1.25,1.49,1.6,256,2690,0.1,11.86%,38.91%,-0.006117,2026-08-28
$SPX,7711.76,2026-11-20,83,Put,"6,175.00",-19.93%,17.3,17.7,18.1,219,2551,0.09,11.86%,28.61%,-0.039703,2026-08-28
$SPX,7711.76,2026-11-20,83,Put,"4,300.00",-44.24%,2.55,2.7,2.9,100,1082,0.09,11.86%,49.69%,-0.004439,2026-08-28
$SPX,7711.76,2026-10-16,48,Put,"7,715.00",+0.04%,123.2,124.15,125.2,25,264,0.09,11.86%,12.36%,-0.466185,2026-08-28
$SPX,7711.76,2026-10-16,48,Put,"7,660.00",-0.67%,104.3,106.06,106.2,47,498,0.09,11.86%,12.90%,-0.403876,2026-08-28
$SPX,7711.76,2026-10-16,48,Put,"7,570.00",-1.84%,80.1,82.9,81.9,47,519,0.09,11.86%,13.82%,-0.318305,2026-08-28
$SPX,7711.76,2026-10-16,48,Put,"6,025.00",-21.87%,5.4,5.66,5.9,210,2222,0.09,11.86%,33.36%,-0.016246,2026-08-28
$SPX,7711.76,2026-10-16,48,Put,"5,975.00",-22.52%,5.1,5.41,5.6,348,3709,0.09,11.86%,34.05%,-0.015185,2026-08-28
$SPX,7711.76,2026-10-16,48,Put,"5,725.00",-25.76%,3.7,3.51,4.2,81,878,0.09,11.86%,37.30%,-0.010626,2026-08-28
$SPX,7711.76,2026-10-16,48,Put,"5,500.00",-28.68%,2.9,3.02,3.3,1054,11491,0.09,11.86%,40.38%,-0.007925,2026-08-28
$SPX,7711.76,2026-09-25,27,Put,"7,600.00",-1.45%,54.9,56.31,55.6,86,961,0.09,11.86%,13.01%,-0.311527,2026-08-28
$SPX,7711.76,2026-09-25,27,Put,"7,200.00",-6.64%,13.6,14.5,14,69,780,0.09,11.86%,18.66%,-0.076862,2026-08-28
$SPX,7711.76,2026-09-25,27,Put,"6,250.00",-18.95%,2.6,2.75,2.85,53,572,0.09,11.86%,34.67%,-0.010653,2026-08-28
$SPX,7711.76,2026-09-10,12,Put,"7,100.00",-7.93%,1.55,1.79,1.75,71,789,0.09,11.86%,21.54%,-0.01522,2026-08-28
$SPX,7711.76,2026-09-18,20,Put,"7,275.00",-5.66%,10.6,11.1,11,63,694,0.09,11.86%,17.97%,-0.073454,2026-08-28
$SPX,7711.76,2026-09-18,20,Put,"7,205.00",-6.57%,8.4,7.65,9,10,111,0.09,11.86%,19.21%,-0.057678,2026-08-28
$SPX,7711.76,2026-09-18,20,Put,"5,700.00",-26.09%,0.65,0.8,0.9,57,642,0.09,11.86%,48.01%,-0.002875,2026-08-28
$SPX,7711.76,2026-10-30,62,Put,"7,700.00",-0.15%,140.9,142.77,141.9,127,1338,0.09,11.86%,13.14%,-0.447367,2026-08-28
$SPX,7711.76,2026-10-30,62,Put,"7,560.00",-1.97%,100,100.22,101.2,11,117,0.09,11.86%,14.45%,-0.327623,2026-08-28
$SPX,7711.76,2026-10-30,62,Put,"7,530.00",-2.36%,93.2,92.77,94.3,10,113,0.09,11.86%,14.74%,-0.306709,2026-08-28
$SPX,7711.76,2026-10-30,62,Put,"6,800.00",-11.82%,24.2,25.27,24.7,76,873,0.09,11.86%,22.72%,-0.073267,2026-08-28
$SPX,7711.76,2026-09-21,23,Put,"6,000.00",-22.20%,1.25,1.24,1.45,90,1000,0.09,11.86%,40.23%,-0.005287,2026-08-28
$SPX,7711.76,2026-09-01,3,Put,"7,310.00",-5.21%,0.2,0.3,0.35,33,385,0.09,11.86%,23.29%,-0.005276,2026-08-28
$SPX,7711.76,2026-11-30,93,Put,"5,850.00",-24.14%,14.4,14.19,15,20,212,0.09,11.86%,31.26%,-0.029559,2026-08-28
$SPX,7711.76,2026-09-30,32,Put,"7,510.00",-2.62%,45.4,46.8,46.3,10,106,0.09,11.86%,14.23%,-0.236922,2026-08-28
$SPX,7711.76,2026-09-30,32,Put,"6,695.00",-13.18%,6.3,5.9,6.7,55,635,0.09,11.86%,26.00%,-0.027804,2026-08-28
$SPX,7711.76,2026-09-28,30,Put,"7,500.00",-2.75%,39.3,40.65,40.3,29,324,0.09,11.86%,14.10%,-0.219523,2026-08-28
$SPX,7711.76,2026-11-20,83,Put,"7,500.00",-2.75%,114,114.78,115.2,41,451,0.09,11.86%,15.47%,-0.307119,2026-08-28
$SPX,7711.76,2026-11-20,83,Put,"6,850.00",-11.17%,40.3,40.2,41.2,18,204,0.09,11.86%,21.77%,-0.10271,2026-08-28
$SPX,7711.76,2027-05-21,265,Put,"6,200.00",-19.60%,89,91.29,90.5,72,759,0.09,11.86%,24.94%,-0.105279,2026-08-28
$SPX,7711.76,2027-06-17,292,Put,"6,550.00",-15.06%,132,133.9,133.9,60,676,0.09,11.86%,22.80%,-0.150433,2026-08-28
$SPX,7711.76,2026-09-16,18,Put,"7,500.00",-2.75%,20.8,22.37,21.6,24,253,0.09,11.86%,13.88%,-0.165998,2026-08-28
$SPX,7711.76,2026-09-17,19,Put,"7,250.00",-5.99%,8.4,9.4,9.1,11,116,0.09,11.86%,18.32%,-0.061778,2026-08-28
$SPX,7711.76,2026-09-17,19,Put,"7,150.00",-7.28%,6.2,7.29,6.8,15,164,0.09,11.86%,20.15%,-0.044013,2026-08-28
$SPX,7711.76,2026-09-17,19,Put,"6,400.00",-17.01%,1.6,1.75,1.85,24,264,0.09,11.86%,34.97%,-0.008231,2026-08-28
$SPX,7711.76,2026-09-18,20,Put,"5,630.00",-26.99%,0.55,0.7,0.85,16,171,0.09,11.86%,49.29%,-0.002553,2026-08-28
$SPX,7711.76,2027-08-20,356,Put,"8,400.00",+8.92%,678,683.07,681,12,131,0.09,11.86%,0.00%,0,2026-08-28
$SPX,7711.76,2026-09-11,13,Put,"7,100.00",-7.93%,2.05,2.45,2.25,92,1043,0.09,11.86%,21.53%,-0.018594,2026-08-28
$SPX,7711.76,2026-09-11,13,Put,"5,700.00",-26.09%,0.2,0.3,0.4,100,1078,0.09,11.86%,54.33%,-0.001305,2026-08-28
$SPX,7711.76,2026-11-20,83,Call,"7,690.00",+0.28%,246.2,251.4,248.2,10,107,0.09,11.86%,13.79%,0.580905,2026-08-28
$SPX,7711.76,2026-11-20,83,Call,"8,325.00",-7.95%,20.8,20.4,21.9,53,614,0.09,11.86%,11.33%,0.108758,2026-08-28
$SPX,7711.76,2026-10-16,48,Call,"7,805.00",-1.21%,104.4,104.65,106.4,15,160,0.09,11.86%,11.72%,0.441646,2026-08-28
$SPX,7711.76,2026-10-16,48,Call,"8,020.00",-4.00%,30.5,31.2,32,59,661,0.09,11.86%,10.67%,0.192887,2026-08-28
$SPX,7711.76,2026-10-16,48,Call,"8,600.00",-11.52%,0.75,1,1.2,403,4328,0.09,11.86%,11.99%,0.008806,2026-08-28
$SPX,7711.76,2026-10-16,48,Call,"8,850.00",-14.76%,0.25,0.45,0.6,50,553,0.09,11.86%,13.54%,0.003695,2026-08-28
$SPX,7711.76,2027-01-15,139,Call,"8,650.00",-12.17%,22.4,31.66,23.6,50,574,0.09,11.86%,11.82%,0.090668,2026-08-28
$SPX,7711.76,2027-09-17,384,Call,"8,100.00",-5.03%,481.6,482.6,484.4,39,458,0.09,11.86%,16.05%,0.517298,2026-08-28
$SPX,7711.76,2026-09-18,20,Call,"7,715.00",-0.04%,86.1,84.3,87,59,651,0.09,11.86%,11.17%,0.529136,2026-08-28
$SPX,7711.76,2026-09-18,20,Call,"7,725.00",-0.17%,80.3,79.68,81.2,127,1428,0.09,11.86%,11.07%,0.509381,2026-08-28
$SPX,7711.76,2026-09-18,20,Call,"7,680.00",+0.41%,108,105.68,109,27,310,0.09,11.86%,11.54%,0.594787,2026-08-28
$SPX,7711.76,2026-10-30,62,Call,"7,765.00",-0.69%,159.6,176.8,161,18,197,0.09,11.86%,12.82%,0.506168,2026-08-28
$SPX,7711.76,2026-10-30,62,Call,"7,825.00",-1.47%,127.5,128.12,128.8,97,1060,0.09,11.86%,12.42%,0.445879,2026-08-28
$SPX,7711.76,2026-10-30,62,Call,"8,200.00",-6.33%,19.4,19.75,20,65,742,0.09,11.86%,11.02%,0.117075,2026-08-28
$SPX,7711.76,2026-10-30,62,Call,"8,325.00",-7.95%,9,9.2,9.5,11,117,0.09,11.86%,10.94%,0.062406,2026-08-28
$SPX,7711.76,2026-09-30,32,Call,"7,655.00",+0.74%,154.1,154.9,155.4,17,186,0.09,11.86%,12.04%,0.624093,2026-08-28
$SPX,7711.76,2026-09-30,32,Call,"8,225.00",-6.66%,1.75,1.77,2.05,56,616,0.09,11.86%,10.20%,0.022149,2026-08-28
$SPX,7711.76,2026-12-18,111,Call,"8,050.00",-4.39%,113.5,113.44,115.2,334,3833,0.09,11.86%,12.47%,0.337363,2026-08-28
$SPX,7711.76,2027-05-21,265,Call,"8,800.00",-14.11%,88.4,91.13,90.2,50,531,0.09,11.86%,13.22%,0.195289,2026-08-28
$SPX,7711.76,2027-06-17,292,Call,"7,325.00",+5.02%,853.9,857.8,857.5,11,119,0.09,11.86%,18.44%,0.721747,2026-08-28
$SPX,7711.76,2026-09-22,24,Call,"7,825.00",-1.47%,40.5,42.27,41.6,10,110,0.09,11.86%,10.02%,0.322225,2026-08-28
$SPX,7711.76,2027-03-19,202,Call,"7,750.00",-0.50%,414.6,415.08,417,406,4360,0.09,11.86%,15.27%,0.582249,2026-08-28
$SPX,7711.76,2027-03-19,202,Call,"7,875.00",-2.12%,339.3,343.15,341.5,52,561,0.09,11.86%,14.70%,0.525932,2026-08-28
$SPX,7711.76,2027-03-19,202,Call,"8,125.00",-5.36%,213.7,214.1,215.8,46,494,0.09,11.86%,13.73%,0.403677,2026-08-28
$SPX,7711.76,2026-09-09,11,Call,"8,000.00",-3.74%,0.25,0.26,0.5,40,439,0.09,11.86%,8.72%,0.009557,2026-08-28
$SPX,7711.76,2026-10-16,48,Call,"7,600.00",+1.45%,234.7,235.1,236,50,581,0.09,11.86%,13.52%,0.663447,2026-08-28
$SPX,7711.76,2026-10-16,48,Call,"7,920.00",-2.70%,58.4,83.8,59.4,12,130,0.09,11.86%,11.17%,0.302533,2026-08-28
$SPX,7711.76,2026-10-16,48,Call,"8,200.00",-6.33%,8.8,8.78,9.2,78,873,0.09,11.86%,10.45%,0.07052,2026-08-28
$SPX,7711.76,2026-09-03,5,Call,"7,650.00",+0.80%,68.8,82,86,16,174,0.09,11.86%,9.86%,0.772007,2026-08-28
$SPX,7711.76,2027-12-17,475,Call,"7,750.00",-0.50%,803.8,808.26,808.9,77,836,0.09,11.86%,17.81%,0.632076,2026-08-28
$SPX,7711.76,2026-09-04,6,Call,"7,500.00",+2.75%,219.1,220.87,221.4,47,503,0.09,11.86%,14.62%,0.936583,2026-08-28
$SPX,7711.76,2026-10-05,37,Call,"7,700.00",+0.15%,136.5,136.2,137.8,100,1098,0.09,11.86%,11.84%,0.563202,2026-08-28
$SPX,7711.76,2026-12-18,111,Call,"8,100.00",-5.03%,97.7,96.95,98.9,13,137,0.09,11.86%,12.38%,0.303608,2026-08-28
$SPX,7711.76,2026-11-20,83,Put,"7,575.00",-1.77%,130.4,131.19,132.2,67,780,0.09,11.86%,14.73%,-0.352251,2026-08-28
$SPX,7711.76,2026-11-20,83,Put,"7,305.00",-5.27%,79.2,73.69,80.8,44,491,0.09,11.86%,17.19%,-0.215331,2026-08-28
$SPX,7711.76,2026-11-20,83,Put,"7,190.00",-6.77%,65.5,66.7,66.9,54,631,0.09,11.86%,18.30%,-0.176157,2026-08-28
$SPX,7711.76,2027-03-19,202,Put,"5,350.00",-30.63%,31.1,31.9,32,36,379,0.09,11.86%,31.66%,-0.039545,2026-08-28
$SPX,7711.76,2026-09-09,11,Put,"7,560.00",-1.97%,12.1,13.25,12.8,18,206,0.09,11.86%,11.77%,-0.151241,2026-08-28
$SPX,7711.76,2026-09-09,11,Put,"7,025.00",-8.91%,0.95,1.3,1.2,38,420,0.09,11.86%,23.53%,-0.009941,2026-08-28
$SPX,7711.76,2026-09-09,11,Put,"6,400.00",-17.01%,0.35,0.45,0.55,32,341,0.09,11.86%,39.43%,-0.002783,2026-08-28
$SPX,7711.76,2026-09-24,26,Put,"7,700.00",-0.15%,82.2,87.73,83.4,31,362,0.09,11.86%,11.76%,-0.451101,2026-08-28
$SPX,7711.76,2026-09-14,16,Put,"7,700.00",-0.15%,54.6,56.45,55.4,50,580,0.09,11.86%,10.18%,-0.445513,2026-08-28
$SPX,7711.76,2026-09-14,16,Put,"7,575.00",-1.77%,23.5,25,24.3,21,231,0.09,11.86%,11.91%,-0.216075,2026-08-28
$SPX,7711.76,2026-09-14,16,Put,"6,400.00",-17.01%,0.8,0.75,1,12,130,0.09,11.86%,35.25%,-0.004898,2026-08-28
$SPX,7711.76,2026-10-16,48,Put,"7,625.00",-1.13%,95.5,97.19,96.7,14,157,0.09,11.86%,13.36%,-0.369399,2026-08-28
$SPX,7711.76,2026-10-16,48,Put,"7,525.00",-2.42%,72,73,72.9,47,511,0.09,11.86%,14.41%,-0.283985,2026-08-28
$SPX,7711.76,2026-10-16,48,Put,"7,275.00",-5.66%,38.6,39.3,39.4,19,202,0.09,11.86%,17.29%,-0.151554,2026-08-28
$SPX,7711.76,2026-09-08,10,Put,"7,875.00",+2.12%,153.3,161.22,173.3,16,180,0.09,11.86%,8.08%,-0.978837,2026-08-28
$SPX,7711.76,2026-09-03,5,Put,"7,425.00",-3.72%,1,1.2,1.15,282,2997,0.09,11.86%,16.04%,-0.020076,2026-08-28
$SPX,7711.76,2026-09-03,5,Put,"7,410.00",-3.91%,0.9,1.3,1.05,13,138,0.09,11.86%,16.52%,-0.017932,2026-08-28
$SPX,7711.76,2026-09-03,5,Put,"7,360.00",-4.56%,0.65,0.7,0.85,16,173,0.09,11.86%,18.18%,-0.013004,2026-08-28
$SPX,7711.76,2027-12-17,475,Put,"7,750.00",+0.50%,466.5,468.5,471.4,85,927,0.09,11.86%,17.19%,-0.419932,2026-08-28
$SPX,7711.76,2026-09-23,25,Put,"7,400.00",-4.04%,22.1,23.45,23,12,140,0.09,11.86%,15.59%,-0.138736,2026-08-28
$SPX,7711.76,2026-09-04,6,Put,"6,925.00",-10.20%,0.35,0.4,0.5,10,108,0.09,11.86%,32.28%,-0.004222,2026-08-28
$SPX,7711.76,2026-08-31,2,Put,"7,175.00",-6.96%,0.05,0.15,0.15,210,2220,0.09,11.86%,33.66%,-0.001784,2026-08-28
$SPX,7711.76,2026-12-18,111,Put,"6,675.00",-13.44%,48.2,46.1,49.2,14,150,0.09,11.86%,23.04%,-0.099899,2026-08-28
$SPX,7711.76,2027-02-19,174,Put,"7,550.00",-2.10%,210.4,201.2,212.3,51,565,0.09,11.86%,15.89%,-0.357813,2026-08-28
$SPX,7711.76,2027-02-19,174,Put,"6,750.00",-12.47%,87.6,88.55,89.1,50,567,0.09,11.86%,21.62%,-0.141625,2026-08-28
$SPX,7711.76,2027-02-19,174,Put,"6,475.00",-16.04%,66.8,67.2,68.2,38,405,0.09,11.86%,23.63%,-0.105211,2026-08-28
$SPX,7711.76,2026-09-09,11,Put,"7,680.00",-0.41%,35.2,36.28,36,27,324,0.08,11.86%,9.92%,-0.382924,2026-08-28
$SPX,7711.76,2026-09-14,16,Put,"7,525.00",-2.42%,17.1,18.12,17.9,81,1062,0.08,11.86%,12.67%,-0.160871,2026-08-28
$SPX,7711.76,2026-09-14,16,Put,"6,600.00",-14.42%,1.1,1.38,1.3,165,2170,0.08,11.86%,31.06%,-0.00716,2026-08-28
$SPX,7711.76,2026-09-14,16,Put,"5,400.00",-29.98%,0.2,0.27,0.4,101,1202,0.08,11.86%,57.05%,-0.001128,2026-08-28
$SPX,7711.76,2026-10-16,48,Put,"7,050.00",-8.58%,24.2,25.45,24.7,43,520,0.08,11.86%,20.03%,-0.091319,2026-08-28
$SPX,7711.76,2026-09-08,10,Put,"7,275.00",-5.66%,1.4,1.73,1.65,16,210,0.08,11.86%,17.32%,-0.018752,2026-08-28
$SPX,7711.76,2026-09-23,25,Put,"7,275.00",-5.66%,14.4,16.33,15.2,15,185,0.08,11.86%,17.49%,-0.089096,2026-08-28
$SPX,7711.76,2026-09-04,6,Put,"7,225.00",-6.31%,0.65,0.7,0.8,36,462,0.08,11.86%,22.08%,-0.009733,2026-08-28
$SPX,7711.76,2026-09-04,6,Put,"7,140.00",-7.41%,0.55,0.65,0.7,849,10020,0.08,11.86%,25.08%,-0.007574,2026-08-28
$SPX,7711.76,2026-09-04,6,Put,"6,725.00",-12.80%,0.25,0.3,0.4,28,372,0.08,11.86%,38.99%,-0.002768,2026-08-28
$SPX,7711.76,2026-10-05,37,Put,"7,000.00",-9.23%,13.5,13.9,14.3,19,244,0.08,11.86%,20.85%,-0.061292,2026-08-28
$SPX,7711.76,2026-12-18,111,Put,"7,525.00",-2.42%,150.5,149.4,151.8,11,141,0.08,11.86%,15.68%,-0.334839,2026-08-28
$SPX,7711.76,2027-03-31,214,Put,"3,600.00",-53.32%,9,9.29,9.6,12,158,0.08,11.86%,46.76%,-0.008954,2026-08-28
$SPX,7711.76,2027-03-31,214,Put,"3,400.00",-55.91%,7.7,7.8,8.2,10,124,0.08,11.86%,48.84%,-0.007443,2026-08-28
$SPX,7711.76,2026-11-20,83,Put,"6,720.00",-12.86%,33.3,33.2,34.3,59,721,0.08,11.86%,22.99%,-0.083798,2026-08-28
$SPX,7711.76,2026-11-20,83,Put,"6,375.00",-17.33%,21.7,22.2,22.5,161,2083,0.08,11.86%,26.51%,-0.051523,2026-08-28
$SPX,7711.76,2026-11-20,83,Put,"5,575.00",-27.71%,9.2,9.7,9.8,21,253,0.08,11.86%,35.03%,-0.019088,2026-08-28
$SPX,7711.76,2026-10-16,48,Put,"7,705.00",-0.09%,119.5,120.45,121.5,52,653,0.08,11.86%,12.46%,-0.454365,2026-08-28
$SPX,7711.76,2026-10-16,48,Put,"7,460.00",-3.26%,59.2,61.1,60.8,53,632,0.08,11.86%,15.02%,-0.238295,2026-08-28
$SPX,7711.76,2026-10-16,48,Put,"7,170.00",-7.03%,29.9,27.21,31.1,79,1043,0.08,11.86%,18.45%,-0.117602,2026-08-28
$SPX,7711.76,2027-01-15,139,Put,"8,050.00",+4.39%,377.2,374.72,379.5,52,660,0.08,11.86%,11.46%,-0.729074,2026-08-28
$SPX,7711.76,2026-09-25,27,Put,"7,150.00",-7.28%,11.9,12.41,12.3,43,548,0.08,11.86%,19.44%,-0.066383,2026-08-28
$SPX,7711.76,2026-09-25,27,Put,"7,050.00",-8.58%,9.3,9.7,9.8,705,8643,0.08,11.86%,21.05%,-0.050596,2026-08-28
$SPX,7711.76,2026-09-25,27,Put,"7,000.00",-9.23%,8.4,8.4,8.8,297,3943,0.08,11.86%,21.88%,-0.044676,2026-08-28
$SPX,7711.76,2026-09-25,27,Put,"6,200.00",-19.60%,2.4,2.7,2.65,61,749,0.08,11.86%,35.46%,-0.009738,2026-08-28
$SPX,7711.76,2026-09-10,12,Put,"6,700.00",-13.12%,0.7,0.85,0.9,57,702,0.08,11.86%,31.19%,-0.005635,2026-08-28
$SPX,7711.76,2026-09-18,20,Put,"7,780.00",+0.88%,107.6,111.62,108.6,18,219,0.08,11.86%,10.63%,-0.618788,2026-08-28
$SPX,7711.76,2026-09-18,20,Put,"7,595.00",-1.51%,41,43.65,41.8,22,292,0.08,11.86%,12.92%,-0.282732,2026-08-28
$SPX,7711.76,2026-09-18,20,Put,"7,430.00",-3.65%,19.1,21.65,19.8,16,194,0.08,11.86%,15.43%,-0.136073,2026-08-28
$SPX,7711.76,2026-09-18,20,Put,"7,320.00",-5.08%,12.4,14.23,13,26,326,0.08,11.86%,17.23%,-0.087256,2026-08-28
$SPX,7711.76,2026-09-18,20,Put,"7,250.00",-5.99%,9.7,10.2,10.2,109,1348,0.08,11.86%,18.40%,-0.067137,2026-08-28
$SPX,7711.76,2026-09-18,20,Put,"7,240.00",-6.12%,9.4,9.9,10,10,130,0.08,11.86%,18.60%,-0.065084,2026-08-28
$SPX,7711.76,2026-09-18,20,Put,"7,115.00",-7.74%,6.6,6.6,7,16,200,0.08,11.86%,20.85%,-0.043424,2026-08-28
$SPX,7711.76,2026-09-18,20,Put,"6,500.00",-15.71%,2.15,2.3,2.45,133,1711,0.08,11.86%,32.81%,-0.011056,2026-08-28
$SPX,7711.76,2026-09-18,20,Put,"6,200.00",-19.60%,1.4,1.55,1.65,136,1713,0.08,11.86%,38.59%,-0.006557,2026-08-28
$SPX,7711.76,2026-10-30,62,Put,"7,250.00",-5.99%,51.5,53.31,52.3,188,2242,0.08,11.86%,17.66%,-0.168556,2026-08-28
$SPX,7711.76,2026-10-30,62,Put,"7,100.00",-7.93%,39.2,39.4,39.9,208,2549,0.08,11.86%,19.33%,-0.125559,2026-08-28
$SPX,7711.76,2026-10-30,62,Put,"6,400.00",-17.01%,14,14.41,14.5,75,937,0.08,11.86%,27.36%,-0.039101,2026-08-28
$SPX,7711.76,2026-09-21,23,Put,"7,750.00",+0.50%,95.5,97.6,96.6,22,293,0.08,11.86%,10.81%,-0.546963,2026-08-28
$SPX,7711.76,2026-09-21,23,Put,"7,670.00",-0.54%,63.9,65.84,65,17,217,0.08,11.86%,11.70%,-0.397986,2026-08-28
$SPX,7711.76,2026-09-21,23,Put,"7,450.00",-3.39%,23.1,24.2,24,26,340,0.08,11.86%,14.69%,-0.156229,2026-08-28
$SPX,7711.76,2026-09-21,23,Put,"7,000.00",-9.23%,5.8,6.8,6.3,19,253,0.08,11.86%,22.10%,-0.035026,2026-08-28
$SPX,7711.76,2026-09-21,23,Put,"6,200.00",-19.60%,1.65,1.72,1.9,502,6501,0.08,11.86%,36.70%,-0.00739,2026-08-28
$SPX,7711.76,2026-09-01,3,Put,"7,000.00",-9.23%,0.1,0.15,0.2,54,682,0.08,11.86%,37.33%,-0.001951,2026-08-28
$SPX,7711.76,2026-11-30,93,Put,"7,800.00",+1.14%,215.9,217.65,217.4,21,273,0.08,11.86%,12.98%,-0.525396,2026-08-28
$SPX,7711.76,2026-09-15,17,Put,"7,450.00",-3.39%,12.9,10.97,13.5,11,137,0.08,11.86%,14.07%,-0.114491,2026-08-28
$SPX,7711.76,2026-09-30,32,Put,"7,675.00",-0.48%,84.2,85.53,85.2,55,660,0.08,11.86%,12.27%,-0.414788,2026-08-28
$SPX,7711.76,2026-09-30,32,Put,"7,250.00",-5.99%,20.2,20.75,20.5,380,4514,0.08,11.86%,17.69%,-0.103576,2026-08-28
$SPX,7711.76,2026-12-18,111,Put,"7,290.00",-5.47%,104.6,106.25,106.3,19,242,0.08,11.86%,17.57%,-0.233122,2026-08-28
$SPX,7711.76,2026-11-20,83,Put,"7,475.00",-3.07%,108.8,110.4,109.9,10,132,0.08,11.86%,15.69%,-0.293258,2026-08-28
$SPX,7711.76,2026-11-20,83,Put,"5,600.00",-27.38%,9.7,10.1,10.2,18,222,0.08,11.86%,34.87%,-0.019967,2026-08-28
$SPX,7711.76,2027-05-21,265,Put,"8,125.00",+5.36%,496.8,508.35,499.5,12,150,0.08,11.86%,13.17%,-0.655331,2026-08-28
$SPX,7711.76,2026-10-02,34,Put,"7,050.00",-8.58%,13.9,14.29,14.6,28,360,0.08,11.86%,20.60%,-0.065644,2026-08-28
$SPX,7711.76,2026-10-02,34,Put,"6,500.00",-15.71%,5.4,5.7,5.9,12,146,0.08,11.86%,28.89%,-0.021728,2026-08-28
$SPX,7711.76,2027-06-17,292,Put,"7,075.00",-8.26%,205,206.3,206.9,74,885,0.08,11.86%,19.94%,-0.238933,2026-08-28
$SPX,7711.76,2027-06-17,292,Put,"9,000.00",+16.70%,1085.7,1052.24,1089.7,58,704,0.08,11.86%,0.00%,0,2026-08-28
$SPX,7711.76,2026-09-17,19,Put,"7,575.00",-1.77%,34.7,26.75,35.5,13,167,0.08,11.86%,13.09%,-0.252142,2026-08-28
$SPX,7711.76,2026-09-18,20,Put,"6,980.00",-9.49%,4.6,5.13,5.1,114,1495,0.08,11.86%,23.28%,-0.029327,2026-08-28
$SPX,7711.76,2026-09-11,13,Put,"6,100.00",-20.90%,0.45,0.5,0.6,33,413,0.08,11.86%,45.37%,-0.002598,2026-08-28
$SPX,7711.76,2026-11-20,83,Call,"8,600.00",-11.52%,5,6.55,5.7,302,3969,0.08,11.86%,11.33%,0.033281,2026-08-28
$SPX,7711.76,2026-10-16,48,Call,"8,025.00",-4.06%,29.5,29.89,30.9,95,1170,0.08,11.86%,10.65%,0.188034,2026-08-28
$SPX,7711.76,2026-10-16,48,Call,"8,175.00",-6.01%,9.9,10,10.8,30,397,0.08,11.86%,10.35%,0.080013,2026-08-28
$SPX,7711.76,2027-09-17,384,Call,"8,900.00",-15.41%,166.3,169.2,168.3,48,622,0.08,11.86%,14.05%,0.265646,2026-08-28
$SPX,7711.76,2026-09-18,20,Call,"8,010.00",-3.87%,3.8,3.9,4.4,34,407,0.08,11.86%,9.60%,0.056028,2026-08-28
$SPX,7711.76,2026-10-30,62,Call,"7,600.00",+1.45%,267.5,267.83,268.7,30,369,0.08,11.86%,14.11%,0.651181,2026-08-28
$SPX,7711.76,2026-10-30,62,Call,"7,575.00",+1.77%,285.9,324.8,287.1,16,209,0.08,11.86%,14.33%,0.669781,2026-08-28
$SPX,7711.76,2026-10-30,62,Call,"7,925.00",-2.77%,83.5,85.03,84.7,20,241,0.08,11.86%,11.87%,0.342958,2026-08-28
$SPX,7711.76,2026-09-15,17,Call,"7,775.00",-0.82%,39.2,51.77,40.1,13,167,0.08,11.86%,9.23%,0.376305,2026-08-28
$SPX,7711.76,2026-09-30,32,Call,"7,825.00",-1.47%,58.9,57.3,59.6,184,2405,0.08,11.86%,10.58%,0.364679,2026-08-28
$SPX,7711.76,2026-09-30,32,Call,"7,955.00",-3.15%,20.8,21.57,21.6,15,187,0.08,11.86%,9.93%,0.175833,2026-08-28
$SPX,7711.76,2026-09-30,32,Call,"8,195.00",-6.27%,2.25,4.75,2.6,10,127,0.08,11.86%,10.07%,0.027785,2026-08-28
$SPX,7711.76,2026-12-18,111,Call,"7,750.00",-0.50%,259.5,255.07,261.5,589,7826,0.08,11.86%,13.82%,0.550469,2026-08-28
$SPX,7711.76,2026-12-18,111,Call,"8,175.00",-6.01%,75,75.71,76.6,194,2386,0.08,11.86%,12.13%,0.253451,2026-08-28
$SPX,7711.76,2027-06-17,292,Call,"9,400.00",-21.89%,31.4,31.69,32.6,606,7875,0.08,11.86%,12.85%,0.08276,2026-08-28
$SPX,7711.76,2026-09-16,18,Call,"7,860.00",-1.92%,17.9,18.3,18.7,17,208,0.08,11.86%,9.33%,0.20553,2026-08-28
$SPX,7711.76,2026-09-17,19,Call,"7,825.00",-1.47%,30.8,31.45,31.8,26,345,0.08,11.86%,9.88%,0.290497,2026-08-28
$SPX,7711.76,2026-09-18,20,Call,"7,865.00",-1.99%,22.1,31.06,23.3,28,364,0.08,11.86%,9.82%,0.224304,2026-08-28
$SPX,7711.76,2026-09-18,20,Call,"7,925.00",-2.77%,10.8,11.22,11.8,282,3577,0.08,11.86%,9.56%,0.131598,2026-08-28
$SPX,7711.76,2026-09-18,20,Call,"7,960.00",-3.22%,6.8,7.17,7.6,25,333,0.08,11.86%,9.45%,0.091531,2026-08-28
$SPX,7711.76,2026-09-18,20,Call,"8,210.00",-6.46%,0.45,0.87,0.85,10,129,0.08,11.86%,11.02%,0.009736,2026-08-28
$SPX,7711.76,2026-09-11,13,Call,"7,600.00",+1.45%,143.1,145.73,145.7,37,482,0.08,11.86%,11.58%,0.769744,2026-08-28
$SPX,7711.76,2026-09-11,13,Call,"7,910.00",-2.57%,3.6,4.03,4,141,1704,0.08,11.86%,8.57%,0.069362,2026-08-28
$SPX,7711.76,2026-09-11,13,Call,"7,920.00",-2.70%,3,3.32,3.4,134,1761,0.08,11.86%,8.59%,0.059829,2026-08-28
$SPX,7711.76,2026-09-11,13,Call,"8,030.00",-4.13%,0.5,0.57,0.7,10,130,0.08,11.86%,9.26%,0.01284,2026-08-28
$SPX,7711.76,2027-01-29,153,Call,"8,400.00",-8.92%,68.1,77.65,69.7,10,133,0.08,11.86%,12.41%,0.205297,2026-08-28
$SPX,7711.76,2027-03-19,202,Call,"8,000.00",-3.74%,272,271.2,274.2,3176,38380,0.08,11.86%,14.18%,0.465801,2026-08-28
$SPX,7711.76,2026-09-09,11,Call,"7,750.00",-0.50%,33.2,31.8,34,94,1166,0.08,11.86%,8.78%,0.403183,2026-08-28
$SPX,7711.76,2026-09-24,26,Call,"7,950.00",-3.09%,14.1,14.8,15,19,232,0.08,11.86%,9.69%,0.143825,2026-08-28
$SPX,7711.76,2026-09-08,10,Call,"8,025.00",-4.06%,0.1,0.22,0.35,28,339,0.08,11.86%,9.29%,0.005926,2026-08-28
$SPX,7711.76,2026-09-02,4,Call,"7,575.00",+1.77%,132.5,141.86,148.9,10,127,0.08,11.86%,9.40%,0.968766,2026-08-28
$SPX,7711.76,2026-09-04,6,Call,"7,610.00",+1.32%,115.3,120.58,121.1,13,167,0.08,11.86%,12.04%,0.817723,2026-08-28
$SPX,7711.76,2026-09-04,6,Call,"7,600.00",+1.45%,125.8,125.24,128.1,44,531,0.08,11.86%,12.25%,0.835281,2026-08-28
$SPX,7711.76,2026-09-04,6,Call,"8,025.00",-4.06%,0.1,0.17,0.2,61,746,0.08,11.86%,11.58%,0.004223,2026-08-28
$SPX,7711.76,2026-08-31,2,Call,"7,600.00",+1.45%,113.6,111.2,115.1,373,4643,0.08,11.86%,11.49%,0.959478,2026-08-28
$SPX,7711.76,2026-10-05,37,Call,"8,200.00",-6.33%,3.2,3.56,3.8,10,123,0.08,11.86%,9.99%,0.036254,2026-08-28
$SPX,7711.76,2027-03-31,214,Call,"8,025.00",-4.06%,275.6,276.65,277.8,33,414,0.08,11.86%,14.18%,0.461388,2026-08-28
$SPX,7711.76,2027-03-31,214,Call,"9,000.00",-16.70%,28.8,31.68,30,34,438,0.08,11.86%,12.35%,0.090257,2026-08-28
$SPX,7711.76,2026-11-20,83,Put,"7,345.00",-4.76%,84.9,85.8,86.5,22,273,0.08,11.86%,16.81%,-0.231108,2026-08-28
$SPX,7711.76,2026-11-20,83,Put,"7,075.00",-8.26%,54.8,56.39,56,188,2272,0.08,11.86%,19.43%,-0.145442,2026-08-28
$SPX,7711.76,2026-11-20,83,Put,"6,940.00",-10.01%,44.9,46.24,46.1,10,132,0.08,11.86%,20.77%,-0.117056,2026-08-28
$SPX,7711.76,2026-11-20,83,Call,"7,710.00",+0.02%,233.4,239.32,235.4,12,177,0.07,11.86%,13.65%,0.565792,2026-08-28
$SPX,7711.76,2026-11-20,83,Call,"7,575.00",+1.77%,325.6,365,327.9,32,447,0.07,11.86%,14.62%,0.660049,2026-08-28
$SPX,7711.76,2026-10-16,48,Call,"7,685.00",+0.35%,173.7,185.77,175.7,19,262,0.07,11.86%,12.63%,0.581356,2026-08-28
$SPX,7711.76,2026-10-16,48,Call,"7,780.00",-0.88%,117.3,117.7,119.3,18,276,0.07,11.86%,11.89%,0.472258,2026-08-28
$SPX,7711.76,2026-10-16,48,Call,"7,640.00",+0.93%,204.2,203.25,206.2,24,341,0.07,11.86%,13.02%,0.627395,2026-08-28
$SPX,7711.76,2026-10-16,48,Call,"8,260.00",-7.11%,5.2,5.75,5.9,19,264,0.07,11.86%,10.38%,0.04685,2026-08-28
$SPX,7711.76,2027-01-15,139,Call,"8,275.00",-7.30%,81,82.1,82.9,104,1564,0.07,11.86%,12.37%,0.244056,2026-08-28
$SPX,7711.76,2026-09-10,12,Call,"8,000.00",-3.74%,0.4,0.45,0.65,109,1590,0.07,11.86%,8.70%,0.012478,2026-08-28
$SPX,7711.76,2026-09-18,20,Call,"8,030.00",-4.13%,3,3,3.5,12,181,0.07,11.86%,9.66%,0.045605,2026-08-28
$SPX,7711.76,2026-10-30,62,Call,"7,460.00",+3.26%,373.4,372.75,379.6,15,225,0.07,11.86%,15.38%,0.743653,2026-08-28
$SPX,7711.76,2026-10-30,62,Call,"7,400.00",+4.04%,423.1,424.05,429.5,60,867,0.07,11.86%,15.96%,0.775172,2026-08-28
$SPX,7711.76,2026-09-21,23,Call,"7,925.00",-2.77%,13.3,14.15,14.2,24,329,0.07,11.86%,9.41%,0.147756,2026-08-28
$SPX,7711.76,2026-11-30,93,Call,"8,050.00",-4.39%,85.3,85.55,86.6,401,5389,0.07,11.86%,11.90%,0.301133,2026-08-28
$SPX,7711.76,2026-09-30,32,Call,"7,665.00",+0.61%,147.3,165.11,148.4,19,268,0.07,11.86%,11.94%,0.610913,2026-08-28
$SPX,7711.76,2026-09-30,32,Call,"7,850.00",-1.79%,49.2,48.84,50,198,2808,0.07,11.86%,10.42%,0.32448,2026-08-28
$SPX,7711.76,2026-09-30,32,Call,"8,025.00",-4.06%,10.9,11.75,11.3,25,368,0.07,11.86%,9.75%,0.105364,2026-08-28
$SPX,7711.76,2026-09-30,32,Call,"8,150.00",-5.68%,3.2,3.35,3.7,132,1916,0.07,11.86%,9.86%,0.038558,2026-08-28
$SPX,7711.76,2026-09-30,32,Call,"8,350.00",-8.28%,0.8,0.94,1.05,76,1080,0.07,11.86%,11.12%,0.010761,2026-08-28
$SPX,7711.76,2026-10-02,34,Call,"7,650.00",+0.80%,165.8,164.03,167.2,10,152,0.07,11.86%,12.55%,0.62524,2026-08-28
$SPX,7711.76,2026-09-17,19,Call,"8,025.00",-4.06%,2.35,3.2,2.85,12,167,0.07,11.86%,9.40%,0.039338,2026-08-28
$SPX,7711.76,2026-09-18,20,Call,"8,125.00",-5.36%,0.95,1.15,1.3,252,3703,0.07,11.86%,10.09%,0.017251,2026-08-28
$SPX,7711.76,2026-09-18,20,Call,"8,180.00",-6.07%,0.6,1.07,0.95,10,141,0.07,11.86%,10.68%,0.011738,2026-08-28
$SPX,7711.76,2027-08-20,356,Call,"8,950.00",-16.06%,131.6,140.74,133.6,121,1782,0.07,11.86%,13.84%,0.230741,2026-08-28
$SPX,7711.76,2026-09-11,13,Call,"7,625.00",+1.13%,121.2,126.43,127,13,185,0.07,11.86%,11.20%,0.728068,2026-08-28
$SPX,7711.76,2026-12-31,124,Call,"7,300.00",+5.34%,611.2,627.56,618,58,831,0.07,11.86%,17.00%,0.768988,2026-08-28
$SPX,7711.76,2026-10-16,48,Call,"8,250.00",-6.98%,6,6.23,6.6,25,376,0.07,11.86%,10.48%,0.051831,2026-08-28
$SPX,7711.76,2026-10-16,48,Call,"8,450.00",-9.57%,1.75,2.17,2.1,25,368,0.07,11.86%,11.18%,0.01728,2026-08-28
$SPX,7711.76,2028-12-15,839,Call,"9,550.00",-23.84%,353.3,393.8,378.5,15,211,0.07,11.86%,15.18%,0.34693,2026-08-28
$SPX,7711.76,2026-09-04,6,Call,"8,120.00",-5.29%,0.1,0.1,0.2,42,601,0.07,11.86%,14.64%,0.003407,2026-08-28
$SPX,7711.76,2026-08-31,2,Call,"7,635.00",+1.00%,79.8,79.25,81.3,22,328,0.07,11.86%,10.10%,0.914448,2026-08-28
$SPX,7711.76,2027-03-31,214,Call,"8,300.00",-7.63%,160.8,163.3,162.9,147,2249,0.07,11.86%,13.33%,0.330002,2026-08-28
$SPX,7711.76,2027-02-19,174,Call,"9,000.00",-16.70%,13.9,15.78,14.9,79,1088,0.07,11.86%,12.01%,0.054751,2026-08-28
$SPX,7711.76,2026-11-20,83,Put,"7,125.00",-7.61%,59.1,60.51,60.4,108,1524,0.07,11.86%,18.93%,-0.157896,2026-08-28
$SPX,7711.76,2026-11-20,83,Put,"6,890.00",-10.66%,41.8,42,43,34,475,0.07,11.86%,21.27%,-0.108256,2026-08-28
$SPX,7711.76,2026-09-24,26,Put,"6,300.00",-18.31%,2.5,2.65,2.85,15,217,0.07,11.86%,34.06%,-0.010837,2026-08-28
$SPX,7711.76,2026-09-14,16,Put,"7,580.00",-1.71%,24.3,25.3,25.1,19,281,0.07,11.86%,11.84%,-0.222722,2026-08-28
$SPX,7711.76,2026-09-14,16,Put,"6,900.00",-10.53%,1.85,2.15,2.05,207,2921,0.07,11.86%,24.69%,-0.013699,2026-08-28
$SPX,7711.76,2026-12-31,124,Put,"7,800.00",+1.14%,246.8,231.5,248.2,38,578,0.07,11.86%,13.54%,-0.507608,2026-08-28
$SPX,7711.76,2026-12-31,124,Put,"8,125.00",+5.36%,419.5,416.49,421,18,250,0.07,11.86%,10.15%,-0.86191,2026-08-28
$SPX,7711.76,2026-12-31,124,Put,"8,200.00",+6.33%,469,475.12,475.6,12,165,0.07,11.86%,0.00%,0,2026-08-28
$SPX,7711.76,2026-12-31,124,Put,"6,975.00",-9.55%,76.5,77.05,77.8,21,290,0.07,11.86%,20.11%,-0.155869,2026-08-28
$SPX,7711.76,2026-10-16,48,Put,"7,240.00",-6.12%,35.7,36.47,36.5,14,193,0.07,11.86%,17.72%,-0.139598,2026-08-28
$SPX,7711.76,2026-10-16,48,Put,"6,500.00",-15.71%,10.1,10.7,10.6,27,401,0.07,11.86%,27.14%,-0.033477,2026-08-28
$SPX,7711.76,2026-09-03,5,Put,"7,470.00",-3.13%,1.5,2.05,1.65,19,258,0.07,11.86%,14.78%,-0.030264,2026-08-28
$SPX,7711.76,2026-09-03,5,Put,"7,375.00",-4.37%,0.75,0.75,0.9,21,288,0.07,11.86%,17.73%,-0.014488,2026-08-28
$SPX,7711.76,2028-12-15,839,Put,"7,800.00",+1.14%,595.3,609,620.5,91,1313,0.07,11.86%,17.86%,-0.408157,2026-08-28
$SPX,7711.76,2026-09-04,6,Put,"7,515.00",-2.55%,3.9,4.32,4.2,669,8944,0.07,11.86%,13.82%,-0.067058,2026-08-28
$SPX,7711.76,2026-10-05,37,Put,"7,700.00",-0.15%,99.9,101.01,101.2,72,1019,0.07,11.86%,12.04%,-0.449712,2026-08-28
$SPX,7711.76,2027-02-19,174,Put,"7,275.00",-5.66%,152.5,154,154.4,118,1747,0.07,11.86%,17.83%,-0.257365,2026-08-28
$SPX,7711.76,2027-02-19,174,Put,"6,325.00",-17.98%,57.9,57.23,59.2,67,912,0.07,11.86%,24.73%,-0.089787,2026-08-28
$SPX,7711.76,2026-11-20,83,Put,"6,200.00",-19.60%,17.8,18.2,18.5,393,5430,0.07,11.86%,28.34%,-0.040934,2026-08-28
$SPX,7711.76,2026-10-16,48,Put,"7,710.00",-0.02%,121.7,125.02,123.3,40,539,0.07,11.86%,12.42%,-0.460151,2026-08-28
$SPX,7711.76,2026-10-16,48,Put,"7,625.00",-1.13%,94,95.43,95.8,51,769,0.07,11.86%,13.25%,-0.368448,2026-08-28
$SPX,7711.76,2026-10-16,48,Put,"7,290.00",-5.47%,38.9,39.8,40.1,59,795,0.07,11.86%,16.99%,-0.155375,2026-08-28
$SPX,7711.76,2026-10-16,48,Put,"7,180.00",-6.90%,30.5,31.7,31.6,84,1280,0.07,11.86%,18.32%,-0.120097,2026-08-28
$SPX,7711.76,2026-10-16,48,Put,"7,100.00",-7.93%,25.9,26.64,26.8,846,12642,0.07,11.86%,19.29%,-0.100364,2026-08-28
$SPX,7711.76,2026-10-16,48,Put,"7,060.00",-8.45%,24,22.49,24.9,62,869,0.07,11.86%,19.80%,-0.092212,2026-08-28
$SPX,7711.76,2026-10-16,48,Put,"6,840.00",-11.30%,16.2,15.38,17,61,896,0.07,11.86%,22.58%,-0.059317,2026-08-28
$SPX,7711.76,2026-10-16,48,Put,"5,950.00",-22.85%,4.9,4.72,5.4,187,2683,0.07,11.86%,34.33%,-0.014563,2026-08-28
$SPX,7711.76,2027-01-15,139,Put,"7,150.00",-7.28%,105.6,107.84,107.3,601,8932,0.07,11.86%,18.58%,-0.205066,2026-08-28
$SPX,7711.76,2026-09-18,20,Put,"7,300.00",-5.34%,11.5,12.1,12,180,2589,0.07,11.86%,17.54%,-0.080525,2026-08-28
$SPX,7711.76,2026-09-18,20,Put,"7,125.00",-7.61%,6.7,8.04,7.3,23,350,0.07,11.86%,20.68%,-0.04485,2026-08-28
$SPX,7711.76,2026-09-18,20,Put,"6,980.00",-9.49%,4.9,5.18,5.2,27,363,0.07,11.86%,23.44%,-0.030195,2026-08-28
$SPX,7711.76,2026-09-18,20,Put,"6,175.00",-19.93%,1.35,1.6,1.6,39,540,0.07,11.86%,39.07%,-0.006288,2026-08-28
$SPX,7711.76,2026-10-30,62,Put,"7,740.00",+0.37%,155.6,150.8,157,26,394,0.07,11.86%,12.78%,-0.48804,2026-08-28
$SPX,7711.76,2026-10-30,62,Put,"7,450.00",-3.39%,77.8,77.9,78.7,103,1562,0.07,11.86%,15.54%,-0.257181,2026-08-28
$SPX,7711.76,2026-09-01,3,Put,"7,435.00",-3.59%,0.35,0.35,0.45,17,258,0.07,11.86%,17.42%,-0.009669,2026-08-28
$SPX,7711.76,2026-09-01,3,Put,"7,350.00",-4.69%,0.25,0.26,0.4,23,324,0.07,11.86%,21.58%,-0.006589,2026-08-28
$SPX,7711.76,2026-11-30,93,Put,"7,600.00",-1.45%,146.4,148.6,147.8,36,493,0.07,11.86%,14.56%,-0.37039,2026-08-28
$SPX,7711.76,2026-09-30,32,Put,"7,400.00",-4.04%,31.4,32.35,31.9,642,9486,0.07,11.86%,15.64%,-0.164409,2026-08-28
$SPX,7711.76,2026-09-30,32,Put,"7,325.00",-5.02%,25,25.1,25.4,69,1032,0.07,11.86%,16.66%,-0.129843,2026-08-28
$SPX,7711.76,2026-09-30,32,Put,"6,875.00",-10.85%,8.6,8.85,9.1,11,165,0.07,11.86%,23.24%,-0.040272,2026-08-28
$SPX,7711.76,2026-12-18,111,Put,"7,975.00",+3.41%,322.9,320.44,325,18,272,0.07,11.86%,12.18%,-0.679313,2026-08-28
$SPX,7711.76,2026-11-20,83,Put,"6,475.00",-16.04%,24.9,25.1,25.7,15,203,0.07,11.86%,25.58%,-0.059709,2026-08-28
$SPX,7711.76,2027-05-21,265,Put,"7,175.00",-6.96%,205.5,207.96,207.5,20,286,0.07,11.86%,19.28%,-0.255983,2026-08-28
$SPX,7711.76,2026-10-02,34,Put,"6,900.00",-10.53%,10.2,10.65,10.9,20,270,0.07,11.86%,22.78%,-0.046448,2026-08-28
$SPX,7711.76,2026-09-16,18,Put,"7,450.00",-3.39%,16.2,17.66,16.9,13,180,0.07,11.86%,14.66%,-0.129999,2026-08-28
$SPX,7711.76,2027-04-16,230,Put,"7,175.00",-6.96%,179.7,182.38,181.5,26,393,0.07,11.86%,19.02%,-0.247196,2026-08-28
$SPX,7711.76,2026-09-18,20,Put,"7,600.00",-1.45%,40.5,41.98,41.7,4017,55495,0.07,11.86%,12.63%,-0.286071,2026-08-28
$SPX,7711.76,2026-09-18,20,Put,"7,200.00",-6.64%,7.8,8.75,8.5,2476,33118,0.07,11.86%,19.09%,-0.054836,2026-08-28
$SPX,7711.76,2026-09-18,20,Put,"6,950.00",-9.88%,4.3,4.8,4.8,993,15052,0.07,11.86%,23.84%,-0.027138,2026-08-28
$SPX,7711.76,2026-09-18,20,Put,"6,300.00",-18.31%,1.5,1.75,1.85,1410,20175,0.07,11.86%,36.49%,-0.007522,2026-08-28
$SPX,7711.76,2026-09-18,20,Put,"5,680.00",-26.35%,0.55,0.7,0.9,17,235,0.07,11.86%,48.19%,-0.002694,2026-08-28
$SPX,7711.76,2026-09-11,13,Put,"7,290.00",-5.47%,3.7,4.1,4.1,42,590,0.07,11.86%,17.33%,-0.038134,2026-08-28
$SPX,7711.76,2026-09-11,13,Put,"6,700.00",-13.12%,0.95,1.06,1.15,104,1549,0.07,11.86%,30.95%,-0.007004,2026-08-28
$SPX,7711.76,2026-09-11,13,Put,"6,250.00",-18.95%,0.5,0.53,0.65,74,1038,0.07,11.86%,41.47%,-0.003075,2026-08-28
$SPX,7711.76,2026-11-20,83,Put,"6,100.00",-20.90%,15.9,16.57,16.7,161,2675,0.06,11.86%,29.39%,-0.036065,2026-08-28
$SPX,7711.76,2026-11-20,83,Put,"5,150.00",-33.22%,6,6.1,6.5,56,878,0.06,11.86%,39.72%,-0.011671,2026-08-28
$SPX,7711.76,2026-11-20,83,Put,"4,500.00",-41.65%,3.1,3.3,3.5,261,4591,0.06,11.86%,47.22%,-0.005552,2026-08-28
$SPX,7711.76,2026-10-16,48,Put,"7,820.00",+1.40%,170.1,169.69,172.1,10,181,0.06,11.86%,11.38%,-0.604696,2026-08-28
$SPX,7711.76,2026-10-16,48,Put,"7,600.00",-1.45%,87.3,89.02,88.9,441,7944,0.06,11.86%,13.49%,-0.344354,2026-08-28
$SPX,7711.76,2026-10-16,48,Put,"7,850.00",+1.79%,186.3,176.76,188.3,40,642,0.06,11.86%,11.10%,-0.649506,2026-08-28
$SPX,7711.76,2026-10-16,48,Put,"7,550.00",-2.10%,75.7,76.4,77.4,233,3811,0.06,11.86%,14.03%,-0.301801,2026-08-28
$SPX,7711.76,2026-10-16,48,Put,"7,475.00",-3.07%,61.6,62.1,63.2,168,2712,0.06,11.86%,14.85%,-0.247825,2026-08-28
$SPX,7711.76,2026-10-16,48,Put,"7,375.00",-4.37%,47.6,47.83,49,138,2148,0.06,11.86%,15.99%,-0.191611,2026-08-28
$SPX,7711.76,2026-10-16,48,Put,"7,300.00",-5.34%,39.8,40.89,41,843,13367,0.06,11.86%,16.87%,-0.159196,2026-08-28
$SPX,7711.76,2026-10-16,48,Put,"6,970.00",-9.62%,20.3,21.1,21.2,39,640,0.06,11.86%,20.94%,-0.076584,2026-08-28
$SPX,7711.76,2026-10-16,48,Put,"6,880.00",-10.79%,17.3,16.31,18.2,70,1218,0.06,11.86%,22.08%,-0.064079,2026-08-28
$SPX,7711.76,2026-10-16,48,Put,"6,870.00",-10.92%,17,15.9,17.9,17,273,0.06,11.86%,22.20%,-0.062843,2026-08-28
$SPX,7711.76,2026-10-16,48,Put,"6,750.00",-12.47%,14,13.55,14.9,465,7923,0.06,11.86%,23.76%,-0.050363,2026-08-28
$SPX,7711.76,2026-10-16,48,Put,"6,580.00",-14.68%,10.9,11.6,11.7,47,732,0.06,11.86%,25.98%,-0.037589,2026-08-28
$SPX,7711.76,2026-10-16,48,Put,"6,220.00",-19.34%,6.8,6.8,7.4,20,335,0.06,11.86%,30.74%,-0.021456,2026-08-28
$SPX,7711.76,2026-10-16,48,Put,"5,700.00",-26.09%,3.6,3.42,4.1,286,4739,0.06,11.86%,37.65%,-0.010293,2026-08-28
$SPX,7711.76,2026-10-16,48,Put,"5,475.00",-29.00%,2.8,2.66,3.2,30,522,0.06,11.86%,40.69%,-0.007637,2026-08-28
$SPX,7711.76,2027-01-15,139,Put,"7,200.00",-6.64%,112.3,106.9,114,310,5137,0.06,11.86%,18.18%,-0.218955,2026-08-28
$SPX,7711.76,2026-09-10,12,Put,"6,925.00",-10.20%,1.05,1.21,1.25,37,580,0.06,11.86%,25.75%,-0.009348,2026-08-28
$SPX,7711.76,2027-09-17,384,Put,"8,075.00",+4.71%,538.8,541.3,541.7,18,283,0.06,11.86%,14.81%,-0.565352,2026-08-28
$SPX,7711.76,2026-09-18,20,Put,"7,650.00",-0.80%,54.3,56.4,55.2,343,5369,0.06,11.86%,12.17%,-0.36266,2026-08-28
$SPX,7711.76,2026-09-18,20,Put,"7,345.00",-4.76%,13.6,14.46,14.2,10,166,0.06,11.86%,16.81%,-0.096108,2026-08-28
$SPX,7711.76,2026-09-18,20,Put,"7,305.00",-5.27%,11.7,14.45,12.3,10,158,0.06,11.86%,17.47%,-0.082239,2026-08-28
$SPX,7711.76,2026-09-18,20,Put,"6,625.00",-14.09%,2.65,2.8,2.9,12,217,0.06,11.86%,30.40%,-0.014035,2026-08-28
$SPX,7711.76,2026-09-18,20,Put,"5,925.00",-23.17%,0.95,1.15,1.2,27,416,0.06,11.86%,43.90%,-0.004224,2026-08-28
$SPX,7711.76,2026-09-18,20,Put,"5,350.00",-30.63%,0.4,0.5,0.6,10,176,0.06,11.86%,54.76%,-0.001692,2026-08-28
$SPX,7711.76,2026-10-30,62,Put,"7,440.00",-3.52%,76.1,79.37,77,40,628,0.06,11.86%,15.65%,-0.25167,2026-08-28
$SPX,7711.76,2026-09-21,23,Put,"7,600.00",-1.45%,45.3,46.5,46.3,12,197,0.06,11.86%,12.58%,-0.295293,2026-08-28
$SPX,7711.76,2026-09-21,23,Put,"7,200.00",-6.64%,9.5,10.3,10.2,17,278,0.06,11.86%,18.61%,-0.062036,2026-08-28
$SPX,7711.76,2026-09-01,3,Put,"7,430.00",-3.65%,0.3,0.4,0.45,16,250,0.06,11.86%,17.56%,-0.009057,2026-08-28
$SPX,7711.76,2028-06-16,657,Put,"8,200.00",+6.33%,682.2,685.79,689.5,10,167,0.06,11.86%,15.13%,-0.58322,2026-08-28
$SPX,7711.76,2026-09-30,32,Put,"7,760.00",+0.63%,117.6,99.33,118.8,16,251,0.06,11.86%,11.36%,-0.544351,2026-08-28
$SPX,7711.76,2026-12-18,111,Put,"8,100.00",+5.03%,399.7,401.56,402.1,101,1573,0.06,11.86%,10.68%,-0.841957,2026-08-28
$SPX,7711.76,2026-12-18,111,Put,"6,975.00",-9.55%,68.6,67.09,70,202,3644,0.06,11.86%,20.32%,-0.148428,2026-08-28
$SPX,7711.76,2026-12-18,111,Put,"5,900.00",-23.49%,21,21.66,21.8,748,13226,0.06,11.86%,30.10%,-0.03912,2026-08-28
$SPX,7711.76,2026-11-20,83,Put,"6,200.00",-19.60%,18.1,18.4,18.8,11,199,0.06,11.86%,28.43%,-0.041395,2026-08-28
$SPX,7711.76,2026-11-20,83,Put,"4,600.00",-40.35%,3.6,3.75,3.9,20,346,0.06,11.86%,46.20%,-0.006369,2026-08-28
$SPX,7711.76,2026-11-20,83,Put,"3,200.00",-58.50%,0.7,0.9,1,12,191,0.06,11.86%,64.42%,-0.001176,2026-08-28
$SPX,7711.76,2027-05-21,265,Put,"7,950.00",+3.09%,419.6,422.3,421.9,10,163,0.06,11.86%,14.54%,-0.53788,2026-08-28
$SPX,7711.76,2027-05-21,265,Put,"7,125.00",-7.61%,196.6,190.8,198.6,10,171,0.06,11.86%,19.57%,-0.244699,2026-08-28
$SPX,7711.76,2027-06-17,292,Put,"7,975.00",+3.41%,446.8,452.03,449.7,11,187,0.06,11.86%,14.65%,-0.543314,2026-08-28
$SPX,7711.76,2026-09-16,18,Put,"7,400.00",-4.04%,12.7,14.1,13.4,22,387,0.06,11.86%,15.44%,-0.102414,2026-08-28
$SPX,7711.76,2026-09-17,19,Put,"7,200.00",-6.64%,7.2,7.97,7.8,13,213,0.06,11.86%,19.23%,-0.051893,2026-08-28
$SPX,7711.76,2026-10-01,33,Put,"7,700.00",-0.15%,94.6,97.9,95.8,14,234,0.06,11.86%,12.04%,-0.450358,2026-08-28
$SPX,7711.76,2026-09-22,24,Put,"7,400.00",-4.04%,20.4,21.8,21.3,11,187,0.06,11.86%,15.50%,-0.133074,2026-08-28
$SPX,7711.76,2026-09-18,20,Put,"7,625.00",-1.13%,46.1,48.9,47.4,264,4242,0.06,11.86%,12.29%,-0.321288,2026-08-28
$SPX,7711.76,2026-09-18,20,Put,"7,380.00",-4.30%,14.6,15.7,15.5,94,1605,0.06,11.86%,15.98%,-0.107099,2026-08-28
$SPX,7711.76,2026-09-18,20,Put,"7,210.00",-6.51%,8.1,8.9,8.8,53,921,0.06,11.86%,18.94%,-0.056957,2026-08-28
$SPX,7711.76,2026-09-18,20,Put,"7,055.00",-8.52%,5.4,6.2,5.9,43,698,0.06,11.86%,21.81%,-0.035524,2026-08-28
$SPX,7711.76,2026-09-18,20,Put,"6,850.00",-11.17%,3.6,3.9,4,961,15054,0.06,11.86%,25.80%,-0.021556,2026-08-28
$SPX,7711.76,2027-08-20,356,Put,"5,950.00",-22.85%,102.6,105.6,104,16,248,0.06,11.86%,25.78%,-0.100626,2026-08-28
$SPX,7711.76,2026-09-11,13,Put,"5,200.00",-32.57%,0.05,0.2,0.2,49,798,0.06,11.86%,64.69%,-0.000488,2026-08-28
$SPX,7711.76,2026-11-20,83,Call,"8,000.00",-3.74%,90.1,89.63,91.7,1379,23702,0.06,11.86%,12.12%,0.322667,2026-08-28
$SPX,7711.76,2026-11-20,83,Call,"8,100.00",-5.03%,59.9,60.23,61.4,513,8439,0.06,11.86%,11.78%,0.24323,2026-08-28
$SPX,7711.76,2026-11-20,83,Call,"8,375.00",-8.60%,16,19.5,17,69,1216,0.06,11.86%,11.26%,0.088136,2026-08-28
$SPX,7711.76,2026-11-20,83,Call,"8,425.00",-9.25%,12.3,15.45,13.2,152,2740,0.06,11.86%,11.23%,0.071062,2026-08-28
$SPX,7711.76,2026-10-16,48,Call,"7,705.00",+0.09%,160.9,162.78,162.9,37,634,0.06,11.86%,12.46%,0.559602,2026-08-28
$SPX,7711.76,2026-10-16,48,Call,"7,690.00",+0.28%,170.5,166.78,172.5,16,269,0.06,11.86%,12.59%,0.575969,2026-08-28
$SPX,7711.76,2026-10-16,48,Call,"8,150.00",-5.68%,12,11.96,13,219,3934,0.06,11.86%,10.39%,0.093531,2026-08-28
$SPX,7711.76,2026-10-16,48,Call,"8,160.00",-5.81%,11.1,11.9,12,29,474,0.06,11.86%,10.36%,0.087699,2026-08-28
$SPX,7711.76,2026-10-16,48,Call,"8,225.00",-6.66%,6.8,7.05,7.5,71,1125,0.06,11.86%,10.35%,0.058427,2026-08-28
$SPX,7711.76,2026-10-16,48,Call,"8,240.00",-6.85%,6,6.3,6.8,12,188,0.06,11.86%,10.36%,0.05309,2026-08-28
$SPX,7711.76,2026-10-16,48,Call,"8,475.00",-9.90%,1.35,1.67,1.8,163,2937,0.06,11.86%,11.19%,0.014433,2026-08-28
$SPX,7711.76,2026-10-16,48,Call,"8,675.00",-12.49%,0.55,0.77,0.95,129,2244,0.06,11.86%,12.46%,0.006699,2026-08-28
$SPX,7711.76,2027-01-15,139,Call,"7,725.00",-0.17%,325.9,363.56,328.4,64,1064,0.06,11.86%,14.57%,0.574944,2026-08-28
$SPX,7711.76,2027-01-15,139,Call,"7,675.00",+0.48%,358.6,377.49,361,36,643,0.06,11.86%,14.86%,0.601743,2026-08-28
$SPX,7711.76,2027-01-15,139,Call,"7,800.00",-1.14%,279.7,280.63,282,277,4998,0.06,11.86%,14.15%,0.532388,2026-08-28
$SPX,7711.76,2026-09-10,12,Call,"7,820.00",-1.40%,13.1,13,13.7,69,1247,0.06,11.86%,8.42%,0.204117,2026-08-28
$SPX,7711.76,2027-09-17,384,Call,"9,500.00",-23.19%,62.7,63.88,64.2,67,1194,0.06,11.86%,13.39%,0.127337,2026-08-28
$SPX,7711.76,2026-09-18,20,Call,"7,620.00",+1.19%,150.8,147.98,151.7,25,443,0.06,11.86%,12.25%,0.691853,2026-08-28
$SPX,7711.76,2026-09-18,20,Call,"8,200.00",-6.33%,0.6,0.7,0.9,86,1380,0.06,11.86%,11.03%,0.011074,2026-08-28
$SPX,7711.76,2026-09-01,3,Call,"7,650.00",+0.80%,69.4,70.46,71.1,36,585,0.06,11.86%,9.70%,0.829579,2026-08-28
$SPX,7711.76,2026-09-01,3,Call,"7,600.00",+1.45%,115.2,114.97,117,42,669,0.06,11.86%,10.78%,0.936927,2026-08-28
$SPX,7711.76,2026-09-15,17,Call,"7,900.00",-2.44%,7.3,7.8,8,14,216,0.06,11.86%,8.50%,0.112367,2026-08-28
$SPX,7711.76,2026-09-30,32,Call,"6,950.00",+9.88%,773.4,787.96,797.4,20,313,0.06,11.86%,15.44%,0.991066,2026-08-28
$SPX,7711.76,2026-12-18,111,Call,"11,400.00",-47.83%,0,0.15,0.25,25,451,0.06,11.86%,20.69%,0.000549,2026-08-28
$SPX,7711.76,2026-10-02,34,Call,"7,700.00",+0.15%,132.5,135.21,133.8,97,1498,0.06,11.86%,12.06%,0.561104,2026-08-28
$SPX,7711.76,2027-06-17,292,Call,"8,200.00",-6.33%,306.8,309.69,309.4,602,9967,0.06,11.86%,14.81%,0.437895,2026-08-28
$SPX,7711.76,2027-06-17,292,Call,"8,625.00",-11.84%,151.9,152.7,153.9,46,740,0.06,11.86%,13.74%,0.277765,2026-08-28
$SPX,7711.76,2027-06-17,292,Call,"8,700.00",-12.81%,132.7,133.71,134.7,604,10495,0.06,11.86%,13.62%,0.252412,2026-08-28
$SPX,7711.76,2027-06-17,292,Call,"9,000.00",-16.70%,74.7,75.47,76.4,594,9554,0.06,11.86%,13.24%,0.164544,2026-08-28
$SPX,7711.76,2027-06-17,292,Call,"11,000.00",-42.64%,1.55,2.13,2,30,481,0.06,11.86%,14.01%,0.005924,2026-08-28
$SPX,7711.76,2026-09-16,18,Call,"7,750.00",-0.50%,57.1,57.5,58.1,13,211,0.06,11.86%,10.10%,0.448467,2026-08-28
$SPX,7711.76,2026-09-17,19,Call,"7,925.00",-2.77%,9.3,10.1,10,10,159,0.06,11.86%,9.38%,0.119902,2026-08-28
$SPX,7711.76,2026-09-22,24,Call,"7,775.00",-0.82%,61.2,62.08,62.5,16,276,0.06,11.86%,10.40%,0.419392,2026-08-28
$SPX,7711.76,2026-09-18,20,Call,"8,045.00",-4.32%,2.2,4.9,2.75,20,328,0.06,11.86%,9.54%,0.036377,2026-08-28
$SPX,7711.76,2026-09-18,20,Call,"8,380.00",-8.67%,0.15,0.5,0.5,10,156,0.06,11.86%,13.15%,0.004414,2026-08-28
$SPX,7711.76,2026-09-11,13,Call,"7,925.00",-2.77%,2.7,2.96,3.1,84,1306,0.06,11.86%,8.57%,0.055059,2026-08-28
$SPX,7711.76,2026-09-09,11,Call,"7,830.00",-1.53%,8.6,8.8,9.3,29,527,0.06,11.86%,8.08%,0.158595,2026-08-28
$SPX,7711.76,2026-10-16,48,Call,"7,860.00",-1.92%,80.9,105.73,82.1,10,154,0.06,11.86%,11.49%,0.37485,2026-08-28
$SPX,7711.76,2026-10-16,48,Call,"7,900.00",-2.44%,65.4,64.53,66.3,193,3365,0.06,11.86%,11.27%,0.326221,2026-08-28
$SPX,7711.76,2026-10-16,48,Call,"8,050.00",-4.39%,25.9,25.78,26.7,20,343,0.06,11.86%,10.69%,0.168005,2026-08-28
$SPX,7711.76,2026-09-03,5,Call,"7,960.00",-3.22%,0.05,0.1,0.15,10,169,0.06,11.86%,9.91%,0.003648,2026-08-28
$SPX,7711.76,2026-09-03,5,Call,"7,975.00",-3.41%,0.05,0.1,0.15,28,452,0.06,11.86%,10.44%,0.003477,2026-08-28
$SPX,7711.76,2026-09-02,4,Call,"7,950.00",-3.09%,0,0.11,0.15,38,611,0.06,11.86%,10.40%,0.002966,2026-08-28
$SPX,7711.76,2026-08-31,2,Call,"7,575.00",+1.77%,138.3,140.02,139.8,26,403,0.06,11.86%,12.80%,0.972151,2026-08-28
$SPX,7711.76,2027-02-19,174,Call,"8,025.00",-4.06%,217.2,219,219.3,10,154,0.06,11.86%,13.72%,0.42884,2026-08-28
$SPX,7711.76,2026-11-20,83,Put,"7,750.00",+0.50%,186.8,189.4,188.7,197,3248,0.06,11.86%,13.29%,-0.486619,2026-08-28
$SPX,7711.76,2026-11-20,83,Put,"7,375.00",-4.37%,89.5,89.3,91.1,182,3035,0.06,11.86%,16.53%,-0.243852,2026-08-28
$SPX,7711.76,2027-03-19,202,Put,"6,375.00",-17.33%,73.9,74.5,75.3,96,1639,0.06,11.86%,24.21%,-0.104781,2026-08-28
$SPX,7711.76,2026-09-09,11,Put,"6,000.00",-22.20%,0.2,0.3,0.4,21,345,0.06,11.86%,49.75%,-0.001536,2026-08-28
$SPX,7711.76,2026-09-14,16,Put,"7,275.00",-5.66%,4.7,5.57,5.2,20,332,0.06,11.86%,16.89%,-0.043797,2026-08-28
$SPX,7711.76,2026-09-14,16,Put,"5,600.00",-27.38%,0.25,0.37,0.45,61,950,0.06,11.86%,52.36%,-0.001412,2026-08-28
$SPX,7711.76,2026-12-31,124,Put,"7,925.00",+2.77%,303,311.02,304.7,12,204,0.06,11.86%,12.58%,-0.609335,2026-08-28
$SPX,7711.76,2026-12-31,124,Put,"8,150.00",+5.68%,434.2,440.53,440.1,12,200,0.06,11.86%,9.77%,-0.922951,2026-08-28
$SPX,7711.76,2026-12-31,124,Put,"6,980.00",-9.49%,76.9,77.55,78.3,20,326,0.06,11.86%,20.07%,-0.156879,2026-08-28
$SPX,7711.76,2026-12-31,124,Put,"6,225.00",-19.28%,33.3,34.12,34.2,21,357,0.06,11.86%,26.51%,-0.061745,2026-08-28
$SPX,7711.76,2026-10-16,48,Put,"6,750.00",-12.47%,14.5,15.25,15.1,12,215,0.06,11.86%,23.88%,-0.051179,2026-08-28
$SPX,7711.76,2026-09-02,4,Put,"7,470.00",-3.13%,0.75,1,0.9,92,1459,0.06,11.86%,14.86%,-0.018777,2026-08-28
$SPX,7711.76,2026-10-05,37,Put,"7,150.00",-7.28%,18.8,20.15,19.7,11,192,0.06,11.86%,18.79%,-0.08831,2026-08-28
$SPX,7711.76,2027-02-19,174,Put,"7,850.00",+1.79%,307.7,312.2,309.9,44,746,0.06,11.86%,13.80%,-0.521228,2026-08-28
$SPX,7711.76,2027-02-19,174,Put,"7,875.00",+2.12%,318,319.33,320.1,27,419,0.06,11.86%,13.61%,-0.539081,2026-08-28
$SPX,7711.76,2027-02-19,174,Put,"7,525.00",-2.42%,203.8,206.7,206,11,187,0.06,11.86%,16.05%,-0.347221,2026-08-28
$SPX,7711.76,2027-02-19,174,Put,"6,425.00",-16.69%,63.7,65.3,65,12,190,0.06,11.86%,24.00%,-0.099786,2026-08-28
$SPX,7711.76,2027-02-19,174,Put,"5,650.00",-26.74%,31.9,32.64,32.8,108,1673,0.06,11.86%,29.95%,-0.045623,2026-08-28
$SPX,7711.76,2027-02-19,174,Put,"1,000.00",-87.03%,0.15,0.25,0.4,53,816,0.06,11.86%,92.24%,-0.000191,2026-08-28
$SPX,7711.76,2029-12-21,1210,Put,"3,500.00",-54.61%,59.5,68.7,75.6,26,447,0.06,11.86%,31.94%,-0.031418,2026-08-28
$SPX,7711.76,2027-01-29,153,Put,"7,240.00",-6.12%,130.2,131.56,131.8,16,341,0.05,11.86%,17.98%,-0.238105,2026-08-28
$SPX,7711.76,2027-03-19,202,Put,"7,975.00",+3.41%,385.8,371.8,388,19,353,0.05,11.86%,13.52%,-0.587578,2026-08-28
$SPX,7711.76,2027-03-19,202,Put,"7,400.00",-4.04%,201.4,204.5,203.3,329,6738,0.05,11.86%,17.38%,-0.304963,2026-08-28
$SPX,7711.76,2027-03-19,202,Put,"7,050.00",-8.58%,140.5,141.3,142.2,114,2271,0.05,11.86%,19.69%,-0.209421,2026-08-28
$SPX,7711.76,2027-03-19,202,Put,"7,000.00",-9.23%,133.9,134.5,135.4,3542,74145,0.05,11.86%,20.03%,-0.19855,2026-08-28
$SPX,7711.76,2027-03-19,202,Put,"3,700.00",-52.02%,9,9.37,9.5,100,1967,0.05,11.86%,46.48%,-0.009229,2026-08-28
$SPX,7711.76,2026-09-09,11,Put,"6,200.00",-19.60%,0.25,0.35,0.45,80,1564,0.05,11.86%,44.39%,-0.001974,2026-08-28
$SPX,7711.76,2026-09-14,16,Put,"7,440.00",-3.52%,10.4,12.1,11,23,479,0.05,11.86%,14.01%,-0.099052,2026-08-28
$SPX,7711.76,2026-09-14,16,Put,"7,375.00",-4.37%,7.3,8.95,7.9,30,580,0.05,11.86%,15.07%,-0.069831,2026-08-28
$SPX,7711.76,2026-09-14,16,Put,"6,500.00",-15.71%,0.95,1.1,1.15,22,416,0.05,11.86%,33.21%,-0.00596,2026-08-28
$SPX,7711.76,2026-10-16,48,Put,"6,800.00",-11.82%,15.7,16.45,16.2,21,401,0.05,11.86%,23.22%,-0.05594,2026-08-28
$SPX,7711.76,2026-10-16,48,Put,"5,800.00",-24.79%,4.3,4.43,4.6,18,332,0.05,11.86%,36.47%,-0.012079,2026-08-28
$SPX,7711.76,2026-10-16,48,Put,"3,800.00",-50.72%,0.3,0.34,0.5,11,234,0.05,11.86%,64.36%,-0.000768,2026-08-28
$SPX,7711.76,2026-09-23,25,Put,"7,300.00",-5.34%,15.6,16.71,16.4,31,655,0.05,11.86%,17.09%,-0.09692,2026-08-28
$SPX,7711.76,2026-09-04,6,Put,"6,980.00",-9.49%,0.4,0.45,0.55,12,222,0.05,11.86%,30.52%,-0.004924,2026-08-28
$SPX,7711.76,2026-08-31,2,Put,"7,445.00",-3.46%,0.2,0.2,0.3,166,3227,0.05,11.86%,19.46%,-0.006868,2026-08-28
$SPX,7711.76,2026-08-31,2,Put,"7,100.00",-7.93%,0.05,0.1,0.15,273,5784,0.05,11.86%,38.10%,-0.001589,2026-08-28
$SPX,7711.76,2026-12-18,111,Put,"7,600.00",-1.45%,169.9,173.8,171.2,12,223,0.05,11.86%,15.08%,-0.375479,2026-08-28
$SPX,7711.76,2026-12-18,111,Put,"5,500.00",-28.68%,14.6,15.03,15.2,10,204,0.05,11.86%,34.04%,-0.025452,2026-08-28
$SPX,7711.76,2027-02-19,174,Put,"6,825.00",-11.50%,94.5,95,96.1,23,442,0.05,11.86%,21.08%,-0.153987,2026-08-28
$SPX,7711.76,2026-11-20,83,Put,"6,760.00",-12.34%,35.1,35,36.1,15,300,0.05,11.86%,22.59%,-0.088883,2026-08-28
$SPX,7711.76,2026-11-20,83,Put,"6,350.00",-17.66%,21.1,21.35,21.9,69,1440,0.05,11.86%,26.78%,-0.04987,2026-08-28
$SPX,7711.76,2026-11-20,83,Put,"6,275.00",-18.63%,19.3,19.7,20.1,98,2046,0.05,11.86%,27.54%,-0.04508,2026-08-28
$SPX,7711.76,2026-11-20,83,Put,"5,725.00",-25.76%,10.8,10.6,11.4,20,371,0.05,11.86%,33.43%,-0.022878,2026-08-28
$SPX,7711.76,2026-10-16,48,Put,"7,685.00",-0.35%,112.5,113.3,114.4,17,356,0.05,11.86%,12.65%,-0.43161,2026-08-28
$SPX,7711.76,2026-10-16,48,Put,"7,670.00",-0.54%,107.5,109.43,109.4,18,347,0.05,11.86%,12.80%,-0.414738,2026-08-28
$SPX,7711.76,2026-10-16,48,Put,"7,800.00",+1.14%,160,162.82,162,501,9699,0.05,11.86%,11.57%,-0.57697,2026-08-28
$SPX,7711.76,2026-10-16,48,Put,"7,360.00",-4.56%,45.9,47.73,47.4,11,238,0.05,11.86%,16.17%,-0.184722,2026-08-28
$SPX,7711.76,2026-10-16,48,Put,"7,090.00",-8.06%,25.4,26.25,26.5,28,562,0.05,11.86%,19.44%,-0.09846,2026-08-28
$SPX,7711.76,2026-10-16,48,Put,"6,860.00",-11.04%,16.7,17.5,17.6,35,656,0.05,11.86%,22.33%,-0.061619,2026-08-28
$SPX,7711.76,2026-10-16,48,Put,"6,800.00",-11.82%,15.2,16.09,16,547,11625,0.05,11.86%,23.11%,-0.055124,2026-08-28
$SPX,7711.76,2026-10-16,48,Put,"6,575.00",-14.74%,10.9,10.25,11.6,67,1443,0.05,11.86%,26.06%,-0.037343,2026-08-28
$SPX,7711.76,2027-01-15,139,Put,"6,200.00",-19.60%,37.9,37.04,39,250,5431,0.05,11.86%,26.32%,-0.065967,2026-08-28
$SPX,7711.76,2027-06-30,305,Put,"7,980.00",+3.48%,456.8,459.75,459.6,12,249,0.05,11.86%,14.74%,-0.54074,2026-08-28
$SPX,7711.76,2027-06-30,305,Put,"8,780.00",+13.85%,909.9,913.25,923.5,12,240,0.05,11.86%,0.00%,0,2026-08-28
$SPX,7711.76,2026-09-25,27,Put,"6,800.00",-11.82%,5.8,6.2,6.1,64,1396,0.05,11.86%,25.25%,-0.02852,2026-08-28
$SPX,7711.76,2026-09-10,12,Put,"7,375.00",-4.37%,4.1,5.3,4.6,13,257,0.05,11.86%,15.32%,-0.048366,2026-08-28
$SPX,7711.76,2026-09-10,12,Put,"6,000.00",-22.20%,0.25,0.29,0.45,28,517,0.05,11.86%,48.32%,-0.001748,2026-08-28
$SPX,7711.76,2027-09-17,384,Put,"8,000.00",+3.74%,509.3,512.5,512.1,87,1631,0.05,11.86%,15.33%,-0.537005,2026-08-28
$SPX,7711.76,2027-09-17,384,Put,"6,500.00",-15.71%,167.9,168.6,169.7,149,2858,0.05,11.86%,23.00%,-0.161045,2026-08-28
$SPX,7711.76,2026-09-18,20,Put,"7,635.00",-1.00%,50.3,50.85,51.1,29,571,0.05,11.86%,12.37%,-0.339011,2026-08-28
$SPX,7711.76,2026-09-18,20,Put,"7,410.00",-3.91%,17.5,20.33,18.2,43,785,0.05,11.86%,15.73%,-0.124864,2026-08-28
$SPX,7711.76,2026-09-18,20,Put,"6,300.00",-18.31%,1.65,1.8,1.85,158,3467,0.05,11.86%,36.69%,-0.007788,2026-08-28
$SPX,7711.76,2026-09-18,20,Put,"5,800.00",-24.79%,0.8,0.89,1,63,1392,0.05,11.86%,46.21%,-0.00342,2026-08-28
$SPX,7711.76,2026-09-18,20,Put,"5,500.00",-28.68%,0.5,0.64,0.7,31,628,0.05,11.86%,51.83%,-0.002111,2026-08-28
$SPX,7711.76,2026-09-18,20,Put,"4,800.00",-37.76%,0.15,0.26,0.35,14,284,0.05,11.86%,65.59%,-0.000747,2026-08-28
$SPX,7711.76,2026-09-18,20,Put,"4,600.00",-40.35%,0.05,0.15,0.3,22,452,0.05,11.86%,69.10%,-0.000509,2026-08-28
$SPX,7711.76,2026-10-30,62,Put,"7,400.00",-4.04%,69.8,71.26,70.7,98,1987,0.05,11.86%,16.06%,-0.230797,2026-08-28
$SPX,7711.76,2026-10-30,62,Put,"6,905.00",-10.46%,28.4,29.97,29.1,18,400,0.05,11.86%,21.54%,-0.087931,2026-08-28
$SPX,7711.76,2026-10-30,62,Put,"5,200.00",-32.57%,3.6,3.79,3.9,26,524,0.05,11.86%,41.83%,-0.008062,2026-08-28
$SPX,7711.76,2026-09-21,23,Put,"7,630.00",-1.06%,52.4,48.22,53.5,10,213,0.05,11.86%,12.19%,-0.336086,2026-08-28
$SPX,7711.76,2026-09-21,23,Put,"7,550.00",-2.10%,35.8,38.97,36.7,22,416,0.05,11.86%,13.25%,-0.237941,2026-08-28
$SPX,7711.76,2026-09-01,3,Put,"7,800.00",+1.14%,86.4,92.82,88.2,14,292,0.05,11.86%,11.71%,-0.858719,2026-08-28
$SPX,7711.76,2026-09-01,3,Put,"7,385.00",-4.24%,0.25,0.35,0.4,22,431,0.05,11.86%,19.70%,-0.007164,2026-08-28
$SPX,7711.76,2026-09-01,3,Put,"7,340.00",-4.82%,0.25,0.3,0.35,153,3092,0.05,11.86%,21.92%,-0.006039,2026-08-28
$SPX,7711.76,2026-11-30,93,Put,"7,300.00",-5.34%,86.7,88.63,88,10,195,0.05,11.86%,17.17%,-0.220452,2026-08-28
$SPX,7711.76,2026-11-30,93,Put,"6,200.00",-19.60%,20.6,21,21.4,28,546,0.05,11.86%,27.70%,-0.045031,2026-08-28
$SPX,7711.76,2026-09-15,17,Put,"7,500.00",-2.75%,16.9,17.31,17.7,25,467,0.05,11.86%,13.28%,-0.149603,2026-08-28
$SPX,7711.76,2026-09-15,17,Put,"7,200.00",-6.64%,4.5,5.3,5,10,198,0.05,11.86%,18.54%,-0.037903,2026-08-28
$SPX,7711.76,2026-09-30,32,Put,"7,425.00",-3.72%,34.1,35.3,34.7,26,540,0.05,11.86%,15.32%,-0.178549,2026-08-28
$SPX,7711.76,2026-09-30,32,Put,"7,075.00",-8.26%,13,14.2,13.4,40,731,0.05,11.86%,20.21%,-0.064219,2026-08-28
$SPX,7711.76,2026-09-30,32,Put,"6,900.00",-10.53%,9,9.39,9.4,188,3881,0.05,11.86%,22.82%,-0.042322,2026-08-28
$SPX,7711.76,2026-12-18,111,Put,"7,500.00",-2.75%,143.7,145.19,145.3,1446,29270,0.05,11.86%,15.82%,-0.321237,2026-08-28
$SPX,7711.76,2026-12-18,111,Put,"6,150.00",-20.25%,26.9,27.1,27.8,202,4079,0.05,11.86%,27.75%,-0.052051,2026-08-28
$SPX,7711.76,2026-12-18,111,Put,"4,050.00",-47.48%,3.8,3.95,4.3,150,3105,0.05,11.86%,49.41%,-0.005549,2026-08-28
$SPX,7711.76,2026-11-20,83,Put,"3,900.00",-49.43%,1.7,1.87,2,25,469,0.05,11.86%,54.85%,-0.002827,2026-08-28
$SPX,7711.76,2026-10-02,34,Put,"6,300.00",-18.31%,4.1,4.2,4.5,133,2425,0.05,11.86%,31.94%,-0.015547,2026-08-28
$SPX,7711.76,2027-06-17,292,Put,"7,250.00",-5.99%,237.8,239.2,239.8,54,1031,0.05,11.86%,18.98%,-0.278948,2026-08-28
$SPX,7711.76,2027-06-17,292,Put,"6,900.00",-10.53%,176.9,177.5,178.8,351,7726,0.05,11.86%,20.90%,-0.204919,2026-08-28
$SPX,7711.76,2027-06-17,292,Put,"5,775.00",-25.11%,70.8,71.3,72.2,77,1493,0.05,11.86%,27.23%,-0.07706,2026-08-28
$SPX,7711.76,2027-06-17,292,Put,"5,300.00",-31.27%,49.5,49,50.6,171,3371,0.05,11.86%,30.23%,-0.051647,2026-08-28
$SPX,7711.76,2027-06-17,292,Put,"5,200.00",-32.57%,45.9,46.5,47,153,2989,0.05,11.86%,30.88%,-0.047493,2026-08-28
$SPX,7711.76,2027-06-17,292,Put,600.00,-92.22%,0,0.25,0,70,1442,0.05,11.86%,89.07%,-0.000136,2026-08-28
$SPX,7711.76,2027-07-16,321,Put,"5,675.00",-26.41%,73.4,74.8,74.7,17,375,0.05,11.86%,27.52%,-0.075244,2026-08-28
$SPX,7711.76,2026-09-16,18,Put,"7,100.00",-7.93%,4.5,5.2,4.9,17,311,0.05,11.86%,20.90%,-0.032917,2026-08-28
$SPX,7711.76,2026-09-17,19,Put,"7,100.00",-7.93%,5.5,6.2,6,28,517,0.05,11.86%,21.13%,-0.037954,2026-08-28
$SPX,7711.76,2026-10-12,44,Put,"7,700.00",-0.15%,110.7,112.97,112.2,13,245,0.05,11.86%,12.27%,-0.449061,2026-08-28
$SPX,7711.76,2026-09-18,20,Put,"7,425.00",-3.72%,17.6,19.39,18.6,436,8330,0.05,11.86%,15.26%,-0.129511,2026-08-28
$SPX,7711.76,2026-09-18,20,Put,"7,250.00",-5.99%,9.2,10.1,9.9,395,8760,0.05,11.86%,18.23%,-0.065366,2026-08-28
$SPX,7711.76,2026-09-18,20,Put,"6,240.00",-19.08%,1.4,1.6,1.7,20,376,0.05,11.86%,37.66%,-0.006809,2026-08-28
$SPX,7711.76,2026-09-18,20,Put,"4,275.00",-44.57%,0,0.1,0.2,49,1060,0.05,11.86%,75.10%,-0.000277,2026-08-28
$SPX,7711.76,2026-09-11,13,Put,"7,790.00",+1.01%,96,99.55,96.9,18,381,0.05,11.86%,9.24%,-0.708453,2026-08-28
$SPX,7711.76,2026-09-11,13,Put,"7,200.00",-6.64%,2.7,3.42,2.95,57,1131,0.05,11.86%,19.26%,-0.026174,2026-08-28
$SPX,7711.76,2026-11-20,83,Call,"7,805.00",-1.21%,177.4,177.7,179.3,18,395,0.05,11.86%,13.06%,0.489469,2026-08-28
$SPX,7711.76,2026-10-16,48,Call,"7,740.00",-0.37%,139.6,159.83,141.6,16,330,0.05,11.86%,12.18%,0.519855,2026-08-28
$SPX,7711.76,2026-10-16,48,Call,"7,660.00",+0.67%,190.4,228.55,192.4,23,436,0.05,11.86%,12.85%,0.607429,2026-08-28
$SPX,7711.76,2026-10-16,48,Call,"7,905.00",-2.51%,62.1,63.1,63.7,13,255,0.05,11.86%,11.13%,0.318359,2026-08-28
$SPX,7711.76,2026-10-16,48,Call,"7,975.00",-3.41%,40.9,39.7,42.4,164,3536,0.05,11.86%,10.83%,0.238515,2026-08-28
$SPX,7711.76,2026-10-16,48,Call,"8,425.00",-9.25%,1.8,1.95,2.25,31,629,0.05,11.86%,10.94%,0.018437,2026-08-28
$SPX,7711.76,2026-10-16,48,Call,"8,550.00",-10.87%,0.95,1.4,1.4,101,2195,0.05,11.86%,11.67%,0.010679,2026-08-28
$SPX,7711.76,2027-01-15,139,Call,"8,125.00",-5.36%,125.9,129.25,127.9,24,527,0.05,11.86%,12.76%,0.330961,2026-08-28
$SPX,7711.76,2027-01-15,139,Call,"9,600.00",-24.49%,1.15,1.45,1.6,85,1726,0.05,11.86%,13.22%,0.006864,2026-08-28
$SPX,7711.76,2027-01-15,139,Call,"9,800.00",-27.08%,0.75,1.05,1.2,30,623,0.05,11.86%,13.85%,0.004809,2026-08-28
$SPX,7711.76,2026-09-25,27,Call,"8,010.00",-3.87%,8.4,8.75,9.2,15,327,0.05,11.86%,9.72%,0.093379,2026-08-28
$SPX,7711.76,2026-09-18,20,Call,"7,660.00",+0.67%,121.6,120.67,122.6,13,250,0.05,11.86%,11.77%,0.629434,2026-08-28
$SPX,7711.76,2026-09-18,20,Call,"7,995.00",-3.67%,4.6,4.85,5.2,21,406,0.05,11.86%,9.57%,0.065443,2026-08-28
$SPX,7711.76,2026-10-30,62,Call,"7,625.00",+1.13%,249.5,247.85,250.8,13,244,0.05,11.86%,13.90%,0.63167,2026-08-28
$SPX,7711.76,2026-10-30,62,Call,"7,450.00",+3.39%,381.6,381.28,387.8,10,207,0.05,11.86%,15.48%,0.749196,2026-08-28
$SPX,7711.76,2026-10-30,62,Call,"8,300.00",-7.63%,10.2,12.1,11.1,10,215,0.05,11.86%,10.91%,0.070521,2026-08-28
$SPX,7711.76,2026-11-30,93,Call,"7,800.00",-1.14%,195.2,210.84,196.8,11,240,0.05,11.86%,13.00%,0.503556,2026-08-28
$SPX,7711.76,2026-11-30,93,Call,"7,600.00",+1.45%,323.5,319.65,325,16,355,0.05,11.86%,14.27%,0.646165,2026-08-28
$SPX,7711.76,2026-09-30,32,Call,"7,645.00",+0.87%,161.1,157.61,162.4,41,747,0.05,11.86%,12.14%,0.636956,2026-08-28
$SPX,7711.76,2026-09-30,32,Call,"7,875.00",-2.12%,40.7,42.1,41.4,78,1648,0.05,11.86%,10.26%,0.285337,2026-08-28
$SPX,7711.76,2026-09-30,32,Call,"7,925.00",-2.77%,27.1,26.62,27.8,30,583,0.05,11.86%,10.03%,0.213637,2026-08-28
$SPX,7711.76,2026-09-30,32,Call,"8,100.00",-5.03%,5.2,5.3,5.6,232,4585,0.05,11.86%,9.74%,0.057426,2026-08-28
$SPX,7711.76,2026-09-30,32,Call,"7,275.00",+5.66%,473.2,475.28,480,10,190,0.05,11.86%,16.02%,0.906879,2026-08-28
$SPX,7711.76,2026-12-18,111,Call,"7,600.00",+1.45%,358.6,357.2,360.7,1046,20423,0.05,11.86%,14.74%,0.6422,2026-08-28
$SPX,7711.76,2026-12-18,111,Call,"7,825.00",-1.47%,216.1,215.29,218,239,4741,0.05,11.86%,13.42%,0.499294,2026-08-28
$SPX,7711.76,2026-10-02,34,Call,"8,300.00",-7.63%,1.35,1.52,1.75,18,331,0.05,11.86%,10.76%,0.017154,2026-08-28
$SPX,7711.76,2027-07-16,321,Call,"8,700.00",-12.81%,159.3,175.65,161.4,110,2350,0.05,11.86%,13.86%,0.276707,2026-08-28
$SPX,7711.76,2027-07-16,321,Call,"11,600.00",-50.42%,1.15,1.63,1.55,15,320,0.05,11.86%,14.72%,0.004231,2026-08-28
$SPX,7711.76,2026-09-16,18,Call,"7,820.00",-1.40%,28.7,28.8,29.6,24,458,0.05,11.86%,9.58%,0.287496,2026-08-28
$SPX,7711.76,2026-09-17,19,Call,"7,725.00",-0.17%,75,77.6,76.2,28,543,0.05,11.86%,10.68%,0.507712,2026-08-28
$SPX,7711.76,2026-09-18,20,Call,"7,870.00",-2.05%,20.8,21.1,22,76,1607,0.05,11.86%,9.78%,0.215041,2026-08-28
$SPX,7711.76,2026-09-18,20,Call,"7,875.00",-2.12%,19.8,20.3,20.8,332,6439,0.05,11.86%,9.76%,0.206643,2026-08-28
$SPX,7711.76,2026-09-18,20,Call,"7,915.00",-2.64%,12.2,13.03,13.2,34,686,0.05,11.86%,9.58%,0.144478,2026-08-28
$SPX,7711.76,2026-09-18,20,Call,"8,035.00",-4.19%,2.5,4,3.1,10,212,0.05,11.86%,9.51%,0.040609,2026-08-28
$SPX,7711.76,2026-09-18,20,Call,"8,055.00",-4.45%,1.95,2.45,2.45,27,502,0.05,11.86%,9.58%,0.0327,2026-08-28
$SPX,7711.76,2026-09-18,20,Call,"8,080.00",-4.78%,1.5,1.65,1.9,72,1444,0.05,11.86%,9.73%,0.025692,2026-08-28
$SPX,7711.76,2026-09-18,20,Call,"8,140.00",-5.55%,0.8,1.06,1.2,13,279,0.05,11.86%,10.23%,0.015335,2026-08-28
$SPX,7711.76,2026-09-11,13,Call,"7,960.00",-3.22%,1.45,1.35,1.7,29,578,0.05,11.86%,8.66%,0.032115,2026-08-28
$SPX,7711.76,2026-09-11,13,Call,"8,025.00",-4.06%,0.55,0.57,0.75,34,728,0.05,11.86%,9.23%,0.013835,2026-08-28
$SPX,7711.76,2026-09-11,13,Call,"8,075.00",-4.71%,0.35,0.5,0.5,23,502,0.05,11.86%,9.95%,0.00882,2026-08-28
$SPX,7711.76,2026-09-11,13,Call,"8,175.00",-6.01%,0.2,0.25,0.35,11,231,0.05,11.86%,11.72%,0.005117,2026-08-28
$SPX,7711.76,2026-09-11,13,Call,"8,200.00",-6.33%,0.2,0.2,0.35,26,556,0.05,11.86%,12.27%,0.004906,2026-08-28
$SPX,7711.76,2027-03-19,202,Call,"8,025.00",-4.06%,259.6,261.36,261.8,134,2917,0.05,11.86%,14.08%,0.453466,2026-08-28
$SPX,7711.76,2027-03-19,202,Call,"8,100.00",-5.03%,224.6,225,226.8,303,5834,0.05,11.86%,13.81%,0.416159,2026-08-28
$SPX,7711.76,2027-03-19,202,Call,"9,200.00",-19.30%,13.2,13.42,14,231,4509,0.05,11.86%,12.17%,0.048422,2026-08-28
$SPX,7711.76,2026-11-04,67,Call,"7,800.00",-1.14%,149.1,146.29,151.4,19,377,0.05,11.86%,12.67%,0.477255,2026-08-28
$SPX,7711.76,2026-12-31,124,Call,"7,700.00",+0.15%,313.7,312.16,315.5,144,2782,0.05,11.86%,14.32%,0.585806,2026-08-28
$SPX,7711.76,2026-09-08,10,Call,"7,650.00",+0.80%,90,91.2,92.7,34,654,0.05,11.86%,9.68%,0.716361,2026-08-28
$SPX,7711.76,2026-09-08,10,Call,"8,125.00",-5.36%,0.05,0.3,0.3,10,213,0.05,11.86%,11.57%,0.003856,2026-08-28
$SPX,7711.76,2027-12-17,475,Call,"9,200.00",-19.30%,169.7,177,173.7,112,2412,0.05,11.86%,14.26%,0.248649,2026-08-28
$SPX,7711.76,2026-08-31,2,Call,"7,625.00",+1.13%,89.3,88.06,90.8,89,1619,0.05,11.86%,10.43%,0.932481,2026-08-28
$SPX,7711.76,2027-02-19,174,Call,"7,950.00",-3.09%,253.9,255.13,256.2,65,1196,0.05,11.86%,14.02%,0.469593,2026-08-28
$SPX,7711.76,2027-02-19,174,Call,"8,075.00",-4.71%,194.8,193.2,196.9,32,594,0.05,11.86%,13.53%,0.401482,2026-08-28
$SPX,7711.76,2026-11-20,83,Put,"7,805.00",+1.21%,209.7,190.9,211.8,20,402,0.05,11.86%,12.85%,-0.538552,2026-08-28
$SPX,7711.76,2026-11-20,83,Call,"7,675.00",+0.48%,256,274.94,257.9,16,365,0.04,11.86%,13.88%,0.592011,2026-08-28
$SPX,7711.76,2026-11-20,83,Call,"7,800.00",-1.14%,180.2,179.82,182.1,231,5984,0.04,11.86%,13.09%,0.493654,2026-08-28
$SPX,7711.76,2026-11-20,83,Call,"7,500.00",+2.75%,382.1,381.32,384.5,225,5941,0.04,11.86%,15.21%,0.704239,2026-08-28
$SPX,7711.76,2026-11-20,83,Call,"8,150.00",-5.68%,48.2,49.79,49.6,110,2596,0.04,11.86%,11.66%,0.207581,2026-08-28
$SPX,7711.76,2026-11-20,83,Call,"8,400.00",-8.92%,14.1,14.75,15,88,2155,0.04,11.86%,11.25%,0.079348,2026-08-28
$SPX,7711.76,2026-10-16,48,Call,"7,730.00",-0.24%,145.6,146.77,147.5,75,1923,0.04,11.86%,12.26%,0.531415,2026-08-28
$SPX,7711.76,2026-10-16,48,Call,"7,770.00",-0.76%,122.7,123.1,124.5,18,454,0.04,11.86%,11.96%,0.484316,2026-08-28
$SPX,7711.76,2026-10-16,48,Call,"7,860.00",-1.92%,79.3,79.3,81.1,11,267,0.04,11.86%,11.37%,0.373376,2026-08-28
$SPX,7711.76,2026-10-16,48,Call,"7,945.00",-3.02%,49.2,47.7,50.6,11,283,0.04,11.86%,10.94%,0.271486,2026-08-28
$SPX,7711.76,2026-10-16,48,Call,"8,000.00",-3.74%,34.9,35.17,36.3,5320,132588,0.04,11.86%,10.74%,0.212575,2026-08-28
$SPX,7711.76,2026-10-16,48,Call,"8,325.00",-7.95%,3.3,3.56,3.9,12,301,0.04,11.86%,10.53%,0.031712,2026-08-28
$SPX,7711.76,2026-10-16,48,Call,"8,350.00",-8.28%,2.8,3.07,3.3,101,2281,0.04,11.86%,10.60%,0.02726,2026-08-28
$SPX,7711.76,2027-01-15,139,Call,"7,900.00",-2.44%,224.1,224.26,226.3,127,2857,0.04,11.86%,13.64%,0.472015,2026-08-28
$SPX,7711.76,2027-01-15,139,Call,"8,050.00",-4.39%,154.3,154.3,156.5,72,1794,0.04,11.86%,13.02%,0.377611,2026-08-28
$SPX,7711.76,2026-09-25,27,Call,"7,700.00",+0.15%,113.6,113.3,114.6,54,1345,0.04,11.86%,11.62%,0.559245,2026-08-28
$SPX,7711.76,2027-09-17,384,Call,"8,050.00",-4.39%,508.8,517.75,511.6,16,423,0.04,11.86%,16.21%,0.532621,2026-08-28
$SPX,7711.76,2027-09-17,384,Call,"9,600.00",-24.49%,52.6,53.47,53.9,18,406,0.04,11.86%,13.31%,0.110637,2026-08-28
$SPX,7711.76,2026-09-18,20,Call,"8,450.00",-9.57%,0.15,0.42,0.45,14,358,0.04,11.86%,14.23%,0.003818,2026-08-28
$SPX,7711.76,2026-10-30,62,Call,"7,675.00",+0.48%,215.3,217.22,216.6,24,676,0.04,11.86%,13.49%,0.589827,2026-08-28
$SPX,7711.76,2026-09-15,17,Call,"7,725.00",-0.17%,63.6,78.5,64.5,13,358,0.04,11.86%,9.66%,0.503686,2026-08-28
$SPX,7711.76,2026-09-15,17,Call,"7,875.00",-2.12%,10.8,11.34,11.5,16,402,0.04,11.86%,8.59%,0.151496,2026-08-28
$SPX,7711.76,2026-09-30,32,Call,"7,930.00",-2.83%,25.9,24.71,26.8,30,762,0.04,11.86%,10.02%,0.207165,2026-08-28
$SPX,7711.76,2026-09-30,32,Call,"8,250.00",-6.98%,1.5,1.68,1.75,106,2930,0.04,11.86%,10.37%,0.018984,2026-08-28
$SPX,7711.76,2026-09-30,32,Call,"8,650.00",-12.17%,0.25,0.3,0.4,80,2267,0.04,11.86%,13.82%,0.003408,2026-08-28
$SPX,7711.76,2026-12-18,111,Call,"7,850.00",-1.79%,202.5,203.54,204.5,249,6505,0.04,11.86%,13.29%,0.481651,2026-08-28
$SPX,7711.76,2026-12-18,111,Call,"8,025.00",-4.06%,122.8,123.93,124.6,30,691,0.04,11.86%,12.56%,0.355226,2026-08-28
$SPX,7711.76,2026-12-18,111,Call,"8,100.00",-5.03%,96.6,97.28,98.4,462,11567,0.04,11.86%,12.32%,0.30272,2026-08-28
$SPX,7711.76,2026-12-18,111,Call,"8,200.00",-6.33%,68.7,68.4,70.3,917,20636,0.04,11.86%,12.08%,0.237968,2026-08-28
$SPX,7711.76,2026-12-18,111,Call,"8,300.00",-7.63%,47.6,47.5,49.1,498,12121,0.04,11.86%,11.89%,0.181346,2026-08-28
$SPX,7711.76,2026-12-18,111,Call,"8,400.00",-8.92%,32.2,32.2,33.5,756,17837,0.04,11.86%,11.74%,0.134093,2026-08-28
$SPX,7711.76,2027-06-17,292,Call,"7,975.00",-3.41%,422,426.06,424.8,19,436,0.04,11.86%,15.62%,0.523148,2026-08-28
$SPX,7711.76,2027-06-17,292,Call,"11,400.00",-47.83%,0.95,1.45,1.4,27,664,0.04,11.86%,14.71%,0.003886,2026-08-28
$SPX,7711.76,2026-09-18,20,Call,"7,715.00",-0.04%,84.4,84.8,85.8,128,3533,0.04,11.86%,10.97%,0.529481,2026-08-28
$SPX,7711.76,2026-09-18,20,Call,"7,760.00",-0.63%,60,60.3,61.4,174,4125,0.04,11.86%,10.53%,0.436437,2026-08-28
$SPX,7711.76,2026-09-18,20,Call,"7,825.00",-1.47%,33.5,33.14,34.8,306,7830,0.04,11.86%,10.05%,0.300282,2026-08-28
$SPX,7711.76,2026-09-18,20,Call,"7,940.00",-2.96%,8.9,9.25,9.8,29,798,0.04,11.86%,9.51%,0.113147,2026-08-28
$SPX,7711.76,2026-09-18,20,Call,"7,950.00",-3.09%,7.8,8.1,8.7,332,9113,0.04,11.86%,9.49%,0.102184,2026-08-28
$SPX,7711.76,2026-09-18,20,Call,"7,200.00",+6.64%,519.8,529.3,542.8,778,18417,0.04,11.86%,17.49%,0.959628,2026-08-28
$SPX,7711.76,2026-09-11,13,Call,"8,150.00",-5.68%,0.2,0.28,0.4,47,1234,0.04,11.86%,11.27%,0.005741,2026-08-28
$SPX,7711.76,2027-01-29,153,Call,"9,400.00",-21.89%,2.6,2.9,3.1,10,275,0.04,11.86%,12.46%,0.013417,2026-08-28
$SPX,7711.76,2027-03-19,202,Call,"8,425.00",-9.25%,111.2,112.71,113,18,411,0.04,11.86%,12.97%,0.261169,2026-08-28
$SPX,7711.76,2027-03-19,202,Call,"8,500.00",-10.22%,93,92.4,94.7,382,8999,0.04,11.86%,12.84%,0.229598,2026-08-28
$SPX,7711.76,2026-09-09,11,Call,"7,675.00",+0.48%,76.7,109.22,77.5,12,271,0.04,11.86%,9.65%,0.64015,2026-08-28
$SPX,7711.76,2026-09-14,16,Call,"7,875.00",-2.12%,9.1,9.16,9.8,30,770,0.04,11.86%,8.42%,0.137957,2026-08-28
$SPX,7711.76,2026-09-14,16,Call,"8,000.00",-3.74%,1.1,1.3,1.4,78,2030,0.04,11.86%,8.47%,0.024396,2026-08-28
$SPX,7711.76,2026-12-31,124,Call,"7,250.00",+5.99%,652.8,652.26,659.7,18,426,0.04,11.86%,17.36%,0.785321,2026-08-28
$SPX,7711.76,2026-12-31,124,Call,"8,250.00",-6.98%,70.3,70.8,71.8,10,257,0.04,11.86%,12.13%,0.231478,2026-08-28
$SPX,7711.76,2026-12-31,124,Call,"8,400.00",-8.92%,41.8,43.1,42.8,74,1888,0.04,11.86%,11.89%,0.15609,2026-08-28
$SPX,7711.76,2026-10-16,48,Call,"7,925.00",-2.77%,56.8,56.03,57.7,121,3253,0.04,11.86%,11.15%,0.296699,2026-08-28
$SPX,7711.76,2026-08-31,2,Call,"7,585.00",+1.64%,128.4,124.74,129.9,10,225,0.04,11.86%,12.27%,0.967928,2026-08-28
$SPX,7711.76,2026-08-31,2,Call,"7,560.00",+1.97%,153.2,150,154.7,11,250,0.04,11.86%,13.67%,0.976616,2026-08-28
$SPX,7711.76,2026-08-31,2,Call,"7,525.00",+2.42%,188,186.7,189.5,32,855,0.04,11.86%,15.53%,0.984443,2026-08-28
$SPX,7711.76,2026-08-31,2,Call,"7,500.00",+2.75%,213,212,214.5,68,1663,0.04,11.86%,17.34%,0.985783,2026-08-28
$SPX,7711.76,2026-08-31,2,Call,"7,360.00",+4.56%,352.8,347.98,354.4,11,297,0.04,11.86%,26.19%,0.99241,2026-08-28
$SPX,7711.76,2026-12-18,111,Call,"8,450.00",-9.57%,26.9,35,27.7,26,683,0.04,11.86%,11.74%,0.11521,2026-08-28
$SPX,7711.76,2026-12-18,111,Call,"9,000.00",-16.70%,2.95,3.65,3.4,10,256,0.04,11.86%,12.08%,0.017471,2026-08-28
$SPX,7711.76,2027-03-31,214,Call,"8,000.00",-3.74%,288.2,289.2,290.4,40,967,0.04,11.86%,14.28%,0.473283,2026-08-28
$SPX,7711.76,2027-03-31,214,Call,"8,175.00",-6.01%,207.5,205.72,209.8,10,227,0.04,11.86%,13.67%,0.389199,2026-08-28
$SPX,7711.76,2027-02-19,174,Call,"8,600.00",-11.52%,50,65.34,51.6,54,1380,0.04,11.86%,12.36%,0.153826,2026-08-28
$SPX,7711.76,2027-02-19,174,Call,"8,700.00",-12.81%,37,37,38.3,15,355,0.04,11.86%,12.23%,0.121398,2026-08-28
$SPX,7711.76,2026-11-20,83,Put,"7,900.00",+2.44%,256.4,258.8,258.4,51,1321,0.04,11.86%,12.08%,-0.636366,2026-08-28
$SPX,7711.76,2027-03-19,202,Put,"6,825.00",-11.50%,112.8,114.8,114.4,70,1650,0.04,11.86%,21.19%,-0.165506,2026-08-28
$SPX,7711.76,2026-09-09,11,Put,"7,600.00",-1.45%,17.2,18.91,17.8,135,3009,0.04,11.86%,11.11%,-0.207333,2026-08-28
$SPX,7711.76,2026-09-09,11,Put,"7,520.00",-2.49%,8.6,10.02,9.2,22,559,0.04,11.86%,12.41%,-0.110115,2026-08-28
$SPX,7711.76,2026-09-14,16,Put,"7,500.00",-2.75%,14.8,15.45,15.2,196,5113,0.04,11.86%,13.04%,-0.13878,2026-08-28
$SPX,7711.76,2026-09-14,16,Put,"7,250.00",-5.99%,4.3,5.14,4.8,44,1164,0.04,11.86%,17.39%,-0.039674,2026-08-28
$SPX,7711.76,2026-12-31,124,Put,"7,950.00",+3.09%,315.7,319.17,317.5,24,577,0.04,11.86%,12.38%,-0.631607,2026-08-28
$SPX,7711.76,2026-12-31,124,Put,"7,975.00",+3.41%,329,327.29,330.8,36,866,0.04,11.86%,12.16%,-0.666892,2026-08-28
$SPX,7711.76,2026-12-31,124,Put,"5,500.00",-28.68%,16.9,17.3,17.5,106,2931,0.04,11.86%,33.13%,-0.028106,2026-08-28
$SPX,7711.76,2026-10-16,48,Put,"6,850.00",-11.17%,17,17.4,17.6,11,292,0.04,11.86%,22.58%,-0.061457,2026-08-28
$SPX,7711.76,2026-10-16,48,Put,"4,500.00",-41.65%,0.85,0.98,1.1,45,1215,0.04,11.86%,54.11%,-0.002079,2026-08-28
$SPX,7711.76,2026-09-02,4,Put,"7,350.00",-4.69%,0.35,0.3,0.5,71,1782,0.04,11.86%,19.33%,-0.008152,2026-08-28
$SPX,7711.76,2026-09-04,6,Put,"6,150.00",-20.25%,0.1,0.15,0.2,18,489,0.04,11.86%,57.56%,-0.000936,2026-08-28
$SPX,7711.76,2026-10-09,41,Put,"6,300.00",-18.31%,5.8,6.07,6.2,521,13115,0.04,11.86%,30.68%,-0.01991,2026-08-28
$SPX,7711.76,2026-12-18,111,Put,"6,150.00",-20.25%,27.2,27.6,27.9,10,278,0.04,11.86%,27.79%,-0.052301,2026-08-28
$SPX,7711.76,2027-02-19,174,Put,"7,700.00",-0.15%,253.4,254.47,255.6,45,1271,0.04,11.86%,14.84%,-0.431167,2026-08-28
$SPX,7711.76,2027-02-19,174,Put,"7,900.00",+2.44%,328.2,332.3,330.8,12,300,0.04,11.86%,13.42%,-0.55527,2026-08-28
$SPX,7711.76,2027-02-19,174,Put,"7,300.00",-5.34%,156.8,158.36,158.7,79,1979,0.04,11.86%,17.65%,-0.264887,2026-08-28
$SPX,7711.76,2027-02-19,174,Put,"6,175.00",-19.93%,50.4,48.86,51.6,60,1404,0.04,11.86%,25.86%,-0.076864,2026-08-28
$SPX,7711.76,2026-11-20,83,Put,"6,775.00",-12.15%,35.8,36.45,36.8,78,1956,0.04,11.86%,22.43%,-0.090908,2026-08-28
$SPX,7711.76,2026-11-20,83,Put,"6,650.00",-13.77%,30.3,31.2,31.3,114,3169,0.04,11.86%,23.68%,-0.075509,2026-08-28
$SPX,7711.76,2026-11-20,83,Put,"6,625.00",-14.09%,29.4,29.9,30.4,123,3119,0.04,11.86%,23.95%,-0.072928,2026-08-28
$SPX,7711.76,2026-11-20,83,Put,"6,425.00",-16.69%,23,23.5,23.9,74,1818,0.04,11.86%,26.00%,-0.055159,2026-08-28
$SPX,7711.76,2026-11-20,83,Put,"6,075.00",-21.22%,15.5,14.94,16.2,84,2154,0.04,11.86%,29.65%,-0.034918,2026-08-28
$SPX,7711.76,2026-10-16,48,Put,"7,675.00",-0.48%,109.1,110.75,111,35,807,0.04,11.86%,12.75%,-0.420433,2026-08-28
$SPX,7711.76,2026-10-16,48,Put,"7,770.00",+0.76%,145.9,126.6,147.9,23,518,0.04,11.86%,11.85%,-0.535731,2026-08-28
$SPX,7711.76,2026-10-16,48,Put,"7,615.00",-1.25%,91.3,93.45,93.2,13,335,0.04,11.86%,13.36%,-0.358756,2026-08-28
$SPX,7711.76,2026-10-16,48,Put,"7,425.00",-3.72%,54,55.55,55.6,144,3700,0.04,11.86%,15.42%,-0.217602,2026-08-28
$SPX,7711.76,2026-10-16,48,Put,"7,420.00",-3.78%,53.3,55.2,54.8,63,1787,0.04,11.86%,15.47%,-0.214747,2026-08-28
$SPX,7711.76,2026-10-16,48,Put,"7,150.00",-7.28%,28.6,29.62,29.7,269,6823,0.04,11.86%,18.68%,-0.112119,2026-08-28
$SPX,7711.76,2026-10-16,48,Put,"7,125.00",-7.61%,27.2,28.1,28.3,86,1986,0.04,11.86%,18.99%,-0.106148,2026-08-28
$SPX,7711.76,2026-10-16,48,Put,"7,070.00",-8.32%,24.5,25.13,25.5,17,440,0.04,11.86%,19.69%,-0.094376,2026-08-28
$SPX,7711.76,2026-10-16,48,Put,"7,025.00",-8.91%,22.4,23.23,23.4,31,700,0.04,11.86%,20.24%,-0.085674,2026-08-28
$SPX,7711.76,2026-10-16,48,Put,"6,890.00",-10.66%,17.6,16.39,18.5,17,391,0.04,11.86%,21.95%,-0.065328,2026-08-28
$SPX,7711.76,2026-10-16,48,Put,"6,590.00",-14.55%,11.1,10.6,11.8,77,2197,0.04,11.86%,25.85%,-0.0382,2026-08-28
$SPX,7711.76,2026-10-16,48,Put,"6,540.00",-15.19%,10.4,10.88,11.1,10,265,0.04,11.86%,26.53%,-0.035318,2026-08-28
$SPX,7711.76,2026-10-16,48,Put,"6,300.00",-18.31%,7.5,7.7,8.2,279,6510,0.04,11.86%,29.69%,-0.024206,2026-08-28
$SPX,7711.76,2026-10-16,48,Put,"5,450.00",-29.33%,2.7,2.57,3.1,165,4576,0.04,11.86%,41.00%,-0.007354,2026-08-28
$SPX,7711.76,2027-01-15,139,Put,"7,525.00",-2.42%,171.8,173.8,173.9,45,1136,0.04,11.86%,15.64%,-0.339861,2026-08-28
$SPX,7711.76,2027-01-15,139,Put,"7,500.00",-2.75%,166,167.43,168,365,9735,0.04,11.86%,15.83%,-0.328261,2026-08-28
$SPX,7711.76,2027-01-15,139,Put,"8,100.00",+5.03%,406.7,409.16,409.3,51,1230,0.04,11.86%,10.77%,-0.805398,2026-08-28
$SPX,7711.76,2027-01-15,139,Put,"7,000.00",-9.23%,88.4,89.06,90.2,1889,48196,0.04,11.86%,19.79%,-0.169525,2026-08-28
$SPX,7711.76,2026-09-25,27,Put,"6,750.00",-12.47%,5.3,5.7,5.7,12,268,0.04,11.86%,26.11%,-0.025817,2026-08-28
$SPX,7711.76,2026-09-10,12,Put,"7,250.00",-5.99%,2.35,2.85,2.65,11,260,0.04,11.86%,17.98%,-0.025903,2026-08-28
$SPX,7711.76,2026-09-10,12,Put,"7,150.00",-7.28%,1.75,2.02,2,35,816,0.04,11.86%,20.35%,-0.017956,2026-08-28
$SPX,7711.76,2027-09-17,384,Put,"8,050.00",+4.39%,528.9,533.25,531.7,16,446,0.04,11.86%,14.99%,-0.555703,2026-08-28
$SPX,7711.76,2026-09-18,20,Put,"7,290.00",-5.47%,11.1,12.12,11.7,21,522,0.04,11.86%,17.73%,-0.077785,2026-08-28
$SPX,7711.76,2026-09-18,20,Put,"7,285.00",-5.53%,10.9,12.78,11.5,13,319,0.04,11.86%,17.81%,-0.076327,2026-08-28
$SPX,7711.76,2026-09-18,20,Put,"7,050.00",-8.58%,5.7,5.95,6.1,50,1117,0.04,11.86%,22.13%,-0.036422,2026-08-28
$SPX,7711.76,2026-09-18,20,Put,"7,000.00",-9.23%,5.1,5.43,5.5,80,2031,0.04,11.86%,23.09%,-0.031934,2026-08-28
$SPX,7711.76,2026-09-18,20,Put,"6,450.00",-16.36%,2,2.25,2.3,13,314,0.04,11.86%,33.79%,-0.010124,2026-08-28
$SPX,7711.76,2026-09-18,20,Put,"6,000.00",-22.20%,1.05,1.25,1.25,144,3605,0.04,11.86%,42.33%,-0.004649,2026-08-28
$SPX,7711.76,2026-09-18,20,Put,"5,300.00",-31.27%,0.35,0.5,0.55,32,750,0.04,11.86%,55.51%,-0.001515,2026-08-28
$SPX,7711.76,2026-09-18,20,Put,"5,100.00",-33.87%,0.25,0.3,0.45,20,452,0.04,11.86%,59.41%,-0.001124,2026-08-28
$SPX,7711.76,2026-10-30,62,Put,"7,725.00",+0.17%,150,150.51,151.1,43,1022,0.04,11.86%,12.91%,-0.472381,2026-08-28
$SPX,7711.76,2026-09-21,23,Put,"7,720.00",+0.11%,82.1,84.18,83.2,11,285,0.04,11.86%,11.12%,-0.487372,2026-08-28
$SPX,7711.76,2026-09-01,3,Put,"7,530.00",-2.36%,0.75,0.85,0.9,277,6265,0.04,11.86%,13.42%,-0.023367,2026-08-28
$SPX,7711.76,2026-09-01,3,Put,"7,375.00",-4.37%,0.25,0.35,0.4,26,613,0.04,11.86%,20.24%,-0.006989,2026-08-28
$SPX,7711.76,2026-09-01,3,Put,"7,100.00",-7.93%,0.1,0.1,0.25,10,230,0.04,11.86%,32.81%,-0.002538,2026-08-28
$SPX,7711.76,2026-09-01,3,Put,"6,900.00",-10.53%,0.05,0.1,0.2,20,499,0.04,11.86%,41.66%,-0.001487,2026-08-28
$SPX,7711.76,2026-09-30,32,Put,"7,800.00",+1.14%,137.8,137.05,138.9,32,735,0.04,11.86%,10.96%,-0.614317,2026-08-28
$SPX,7711.76,2026-09-30,32,Put,"7,525.00",-2.42%,47.9,48.75,48.5,35,806,0.04,11.86%,14.02%,-0.248962,2026-08-28
$SPX,7711.76,2026-09-30,32,Put,"7,450.00",-3.39%,37,37.12,37.5,197,5147,0.04,11.86%,14.98%,-0.193716,2026-08-28
$SPX,7711.76,2026-09-30,32,Put,"7,100.00",-7.93%,13.8,14.05,14.1,76,1821,0.04,11.86%,19.83%,-0.068407,2026-08-28
$SPX,7711.76,2026-09-30,32,Put,"7,050.00",-8.58%,12.3,13.54,12.7,49,1147,0.04,11.86%,20.58%,-0.060335,2026-08-28
$SPX,7711.76,2026-09-30,32,Put,"6,825.00",-11.50%,7.9,8.1,8.3,14,346,0.04,11.86%,24.01%,-0.036214,2026-08-28
$SPX,7711.76,2026-09-30,32,Put,"3,700.00",-52.02%,0.05,0.1,0.2,15,390,0.04,11.86%,74.40%,-0.000274,2026-08-28
$SPX,7711.76,2026-12-18,111,Put,"7,525.00",-2.42%,149.5,150.66,151.2,136,3518,0.04,11.86%,15.62%,-0.334411,2026-08-28
$SPX,7711.76,2026-12-18,111,Put,"7,950.00",+3.09%,309.1,312.15,311.2,12,275,0.04,11.86%,12.39%,-0.642234,2026-08-28
$SPX,7711.76,2026-12-18,111,Put,"7,400.00",-4.04%,123.2,124.22,124.7,1038,26758,0.04,11.86%,16.65%,-0.275315,2026-08-28
$SPX,7711.76,2026-12-18,111,Put,"6,575.00",-14.74%,42.5,41.92,43.7,100,2391,0.04,11.86%,23.88%,-0.087478,2026-08-28
$SPX,7711.76,2027-05-21,265,Put,"7,500.00",-2.75%,275.2,279.21,277.4,100,2347,0.04,11.86%,17.37%,-0.347807,2026-08-28
$SPX,7711.76,2027-05-21,265,Put,"7,400.00",-4.04%,251.4,244.41,253.6,54,1451,0.04,11.86%,17.97%,-0.316159,2026-08-28
$SPX,7711.76,2027-06-17,292,Put,"7,725.00",+0.17%,357.6,349.2,360.4,27,751,0.04,11.86%,16.25%,-0.428449,2026-08-28
$SPX,7711.76,2027-06-17,292,Put,"7,525.00",-2.42%,300.5,303.79,303,12,271,0.04,11.86%,17.43%,-0.356707,2026-08-28
$SPX,7711.76,2027-06-17,292,Put,"7,500.00",-2.75%,294.3,296.86,296.6,468,10851,0.04,11.86%,17.57%,-0.348416,2026-08-28
$SPX,7711.76,2027-06-17,292,Put,"7,150.00",-7.28%,218.3,219.7,220.4,45,1174,0.04,11.86%,19.53%,-0.254804,2026-08-28
$SPX,7711.76,2027-06-17,292,Put,"8,500.00",+10.22%,719,724.5,722.4,61,1587,0.04,11.86%,0.00%,0,2026-08-28
$SPX,7711.76,2027-06-17,292,Put,"6,100.00",-20.90%,91.5,92.65,93.1,109,2908,0.04,11.86%,25.32%,-0.101755,2026-08-28
$SPX,7711.76,2026-09-16,18,Put,"7,625.00",-1.13%,41.4,42,42.3,53,1202,0.04,11.86%,12.07%,-0.311894,2026-08-28
$SPX,7711.76,2026-09-18,20,Put,"7,715.00",+0.04%,74.7,77.3,76.2,114,2810,0.04,11.86%,11.14%,-0.480081,2026-08-28
$SPX,7711.76,2026-09-18,20,Put,"7,575.00",-1.77%,35.6,37.44,36.9,405,11095,0.04,11.86%,12.99%,-0.254879,2026-08-28
$SPX,7711.76,2026-09-18,20,Put,"7,525.00",-2.42%,27.9,29.5,28.9,235,5820,0.04,11.86%,13.72%,-0.20233,2026-08-28
$SPX,7711.76,2026-09-18,20,Put,"7,490.00",-2.88%,23.6,24.5,24.6,245,5877,0.04,11.86%,14.25%,-0.172562,2026-08-28
$SPX,7711.76,2026-09-18,20,Put,"7,400.00",-4.04%,15.9,17.17,16.8,2164,49026,0.04,11.86%,15.67%,-0.11658,2026-08-28
$SPX,7711.76,2026-09-18,20,Put,"7,315.00",-5.14%,11.5,12.4,12.2,12,310,0.04,11.86%,17.09%,-0.082909,2026-08-28
$SPX,7711.76,2026-09-18,20,Put,"6,900.00",-10.53%,3.9,4.4,4.4,1068,25060,0.04,11.86%,24.82%,-0.024132,2026-08-28
$SPX,7711.76,2026-09-18,20,Put,"5,640.00",-26.86%,0.55,0.7,0.85,16,378,0.04,11.86%,49.04%,-0.002566,2026-08-28
$SPX,7711.76,2027-08-20,356,Put,"7,750.00",+0.50%,406.4,408.51,409.1,13,298,0.04,11.86%,16.58%,-0.431631,2026-08-28
$SPX,7711.76,2027-08-20,356,Put,"8,000.00",+3.74%,493.9,496.63,496.7,10,230,0.04,11.86%,15.04%,-0.546418,2026-08-28
$SPX,7711.76,2026-09-11,13,Put,"7,275.00",-5.66%,3.5,4.1,3.8,61,1362,0.04,11.86%,17.62%,-0.035468,2026-08-28
$SPX,7711.76,2026-09-11,13,Put,"7,125.00",-7.61%,2.2,2.75,2.4,23,572,0.04,11.86%,20.97%,-0.020215,2026-08-28
$SPX,7711.76,2026-09-11,13,Put,"6,950.00",-9.88%,1.5,1.6,1.7,15,412,0.04,11.86%,25.11%,-0.012419,2026-08-28
$SPX,7711.76,2026-09-11,13,Put,"6,200.00",-19.60%,0.45,0.6,0.65,34,971,0.04,11.86%,42.70%,-0.002871,2026-08-28
$SPX,7711.76,2026-11-20,83,Put,"6,725.00",-12.80%,33.5,33.65,34.5,65,2229,0.03,11.86%,22.94%,-0.084387,2026-08-28
$SPX,7711.76,2026-11-20,83,Put,"6,400.00",-17.01%,22.3,23.6,23.2,149,4568,0.03,11.86%,26.25%,-0.053285,2026-08-28
$SPX,7711.76,2026-11-20,83,Put,"6,300.00",-18.31%,19.8,20.3,20.7,121,4446,0.03,11.86%,27.28%,-0.046566,2026-08-28
$SPX,7711.76,2026-11-20,83,Put,"6,250.00",-18.95%,18.7,19.4,19.6,93,3352,0.03,11.86%,27.80%,-0.043622,2026-08-28
$SPX,7711.76,2026-11-20,83,Put,"6,225.00",-19.28%,18.3,18.7,19.1,38,1359,0.03,11.86%,28.09%,-0.042342,2026-08-28
$SPX,7711.76,2026-11-20,83,Put,"6,150.00",-20.25%,16.8,17.2,17.6,66,1918,0.03,11.86%,28.87%,-0.038418,2026-08-28
$SPX,7711.76,2026-11-20,83,Put,"5,800.00",-24.79%,11.7,11.9,12.2,42,1665,0.03,11.86%,32.61%,-0.024987,2026-08-28
$SPX,7711.76,2026-11-20,83,Put,"5,500.00",-28.68%,8.6,9,9.1,338,9700,0.03,11.86%,35.86%,-0.017531,2026-08-28
$SPX,7711.76,2026-10-16,48,Put,"7,610.00",-1.32%,89.9,91.59,91.8,20,696,0.03,11.86%,13.40%,-0.353936,2026-08-28
$SPX,7711.76,2026-10-16,48,Put,"7,575.00",-1.77%,81.3,82.56,83,33,1113,0.03,11.86%,13.77%,-0.322617,2026-08-28
$SPX,7711.76,2026-10-16,48,Put,"7,275.00",-5.66%,37.6,38.81,38.9,26,959,0.03,11.86%,17.18%,-0.150035,2026-08-28
$SPX,7711.76,2026-10-16,48,Put,"7,270.00",-5.73%,37.2,37.9,38.5,16,627,0.03,11.86%,17.24%,-0.148315,2026-08-28
$SPX,7711.76,2026-10-16,48,Put,"7,190.00",-6.77%,31.2,28.08,32.4,35,1023,0.03,11.86%,18.21%,-0.123068,2026-08-28
$SPX,7711.76,2026-10-16,48,Put,"7,050.00",-8.58%,23.5,24.1,24.5,248,7669,0.03,11.86%,19.93%,-0.090299,2026-08-28
$SPX,7711.76,2026-10-16,48,Put,"7,000.00",-9.23%,21.4,22.1,22.3,3536,134299,0.03,11.86%,20.55%,-0.0813,2026-08-28
$SPX,7711.76,2026-10-16,48,Put,"6,990.00",-9.36%,21,21.4,22,82,2710,0.03,11.86%,20.68%,-0.079748,2026-08-28
$SPX,7711.76,2026-10-16,48,Put,"6,975.00",-9.55%,20.4,22.02,21.4,83,2956,0.03,11.86%,20.87%,-0.07728,2026-08-28
$SPX,7711.76,2026-10-16,48,Put,"6,630.00",-14.03%,11.8,12.44,12.5,16,567,0.03,11.86%,25.34%,-0.040945,2026-08-28
$SPX,7711.76,2026-10-16,48,Put,"5,900.00",-23.49%,4.6,4.8,5.1,254,7910,0.03,11.86%,34.99%,-0.013562,2026-08-28
$SPX,7711.76,2026-10-16,48,Put,"5,400.00",-29.98%,2.6,2.72,2.95,302,10656,0.03,11.86%,41.74%,-0.006948,2026-08-28
$SPX,7711.76,2026-10-16,48,Put,"5,350.00",-30.63%,2.4,2.59,2.8,76,2721,0.03,11.86%,42.37%,-0.006457,2026-08-28
$SPX,7711.76,2027-01-15,139,Put,"7,850.00",+1.79%,277.7,278.57,279.7,27,791,0.03,11.86%,13.23%,-0.539956,2026-08-28
$SPX,7711.76,2027-01-15,139,Put,"6,975.00",-9.55%,86,86.73,87.6,38,1299,0.03,11.86%,19.99%,-0.16434,2026-08-28
$SPX,7711.76,2027-01-15,139,Put,"1,400.00",-81.85%,0.35,0.35,0.5,205,6435,0.03,11.86%,89.17%,-0.000337,2026-08-28
$SPX,7711.76,2026-09-25,27,Put,"6,350.00",-17.66%,2.95,3.15,3.2,107,3318,0.03,11.86%,32.92%,-0.012457,2026-08-28
$SPX,7711.76,2026-09-10,12,Put,"7,225.00",-6.31%,2.2,2.5,2.45,16,566,0.03,11.86%,18.58%,-0.023585,2026-08-28
$SPX,7711.76,2026-09-10,12,Put,"6,775.00",-12.15%,0.8,0.95,1,17,547,0.03,11.86%,29.40%,-0.006626,2026-08-28
$SPX,7711.76,2026-09-18,20,Put,"7,625.00",-1.13%,47.7,49.35,48.6,141,4138,0.03,11.86%,12.50%,-0.323941,2026-08-28
$SPX,7711.76,2026-09-18,20,Put,"7,515.00",-2.55%,27.8,29.75,28.6,18,663,0.03,11.86%,14.10%,-0.196967,2026-08-28
$SPX,7711.76,2026-09-18,20,Put,"7,315.00",-5.14%,12.1,14.6,12.8,21,755,0.03,11.86%,17.31%,-0.085497,2026-08-28
$SPX,7711.76,2026-09-18,20,Put,"7,200.00",-6.64%,8.3,9.1,8.8,89,3087,0.03,11.86%,19.29%,-0.056623,2026-08-28
$SPX,7711.76,2026-09-18,20,Put,"6,700.00",-13.12%,2.95,3.3,3.3,32,1229,0.03,11.86%,28.95%,-0.016319,2026-08-28
$SPX,7711.76,2026-09-18,20,Put,"6,400.00",-17.01%,1.9,2.05,2.15,28,844,0.03,11.86%,34.80%,-0.009333,2026-08-28
$SPX,7711.76,2026-09-18,20,Put,"4,500.00",-41.65%,0.05,0.1,0.25,33,948,0.03,11.86%,71.01%,-0.000429,2026-08-28
$SPX,7711.76,2026-10-30,62,Put,"7,550.00",-2.10%,97.5,99.27,98.8,31,956,0.03,11.86%,14.54%,-0.320408,2026-08-28
$SPX,7711.76,2026-10-30,62,Put,"7,475.00",-3.07%,82.2,84.4,83.3,23,804,0.03,11.86%,15.29%,-0.271687,2026-08-28
$SPX,7711.76,2026-10-30,62,Put,"7,300.00",-5.34%,56.8,59.01,57.6,48,1458,0.03,11.86%,17.12%,-0.186697,2026-08-28
$SPX,7711.76,2026-10-30,62,Put,"7,280.00",-5.60%,54.6,55.37,55.6,22,745,0.03,11.86%,17.35%,-0.179334,2026-08-28
$SPX,7711.76,2026-10-30,62,Put,"7,200.00",-6.64%,46.9,47.7,47.6,43,1607,0.03,11.86%,18.21%,-0.152435,2026-08-28
$SPX,7711.76,2026-10-30,62,Put,"7,000.00",-9.23%,33,33.85,33.7,73,2851,0.03,11.86%,20.44%,-0.104065,2026-08-28
$SPX,7711.76,2026-10-30,62,Put,"4,400.00",-42.94%,1.4,1.5,1.7,12,349,0.03,11.86%,51.93%,-0.002926,2026-08-28
$SPX,7711.76,2026-09-01,3,Put,"7,520.00",-2.49%,0.65,0.75,0.8,161,6163,0.03,11.86%,13.77%,-0.020375,2026-08-28
$SPX,7711.76,2026-11-30,93,Put,"7,450.00",-3.39%,111.5,112.48,112.9,12,386,0.03,11.86%,15.84%,-0.284576,2026-08-28
$SPX,7711.76,2026-11-30,93,Put,"7,000.00",-9.23%,55.3,55.9,56.4,20,676,0.03,11.86%,19.97%,-0.136421,2026-08-28
$SPX,7711.76,2026-09-30,32,Put,"7,600.00",-1.45%,63.1,64.5,63.8,286,8547,0.03,11.86%,13.11%,-0.321895,2026-08-28
$SPX,7711.76,2026-09-30,32,Put,"7,440.00",-3.52%,35.7,38.05,36.6,24,804,0.03,11.86%,15.13%,-0.187649,2026-08-28
$SPX,7711.76,2026-09-30,32,Put,"7,345.00",-4.76%,26.4,26.98,27.2,10,294,0.03,11.86%,16.39%,-0.138363,2026-08-28
$SPX,7711.76,2026-09-30,32,Put,"7,025.00",-8.91%,11.6,12.39,12,10,287,0.03,11.86%,20.93%,-0.056585,2026-08-28
$SPX,7711.76,2026-09-30,32,Put,"6,150.00",-20.25%,2.9,3.1,3.2,10,320,0.03,11.86%,34.55%,-0.01093,2026-08-28
$SPX,7711.76,2026-12-18,111,Put,"7,575.00",-1.77%,161.9,164.26,163.8,100,3701,0.03,11.86%,15.22%,-0.361137,2026-08-28
$SPX,7711.76,2026-12-18,111,Put,"8,000.00",+3.74%,337.1,341.64,339.2,4078,137406,0.03,11.86%,11.93%,-0.700699,2026-08-28
$SPX,7711.76,2026-12-18,111,Put,"7,000.00",-9.23%,70.9,71.75,72.3,6002,189062,0.03,11.86%,20.11%,-0.153815,2026-08-28
$SPX,7711.76,2026-12-18,111,Put,"6,400.00",-17.01%,35,36.19,36,549,20441,0.03,11.86%,25.46%,-0.070228,2026-08-28
$SPX,7711.76,2026-12-18,111,Put,"5,275.00",-31.60%,11.7,12,12.3,60,1740,0.03,11.86%,36.19%,-0.01985,2026-08-28
$SPX,7711.76,2026-11-20,83,Put,"6,350.00",-17.66%,21.5,22,22.2,15,495,0.03,11.86%,26.87%,-0.050409,2026-08-28
$SPX,7711.76,2027-05-21,265,Put,"7,375.00",-4.37%,245.8,247.19,247.9,14,411,0.03,11.86%,18.12%,-0.308296,2026-08-28
$SPX,7711.76,2027-06-17,292,Put,"7,125.00",-7.61%,213.8,215.2,215.8,23,812,0.03,11.86%,19.67%,-0.249408,2026-08-28
$SPX,7711.76,2027-06-17,292,Put,"7,025.00",-8.91%,196.5,197.9,198.4,12,378,0.03,11.86%,20.22%,-0.228599,2026-08-28
$SPX,7711.76,2027-07-16,321,Put,"4,700.00",-39.05%,36.2,37.43,37.1,10,313,0.03,11.86%,33.72%,-0.034006,2026-08-28
$SPX,7711.76,2026-09-18,20,Put,"7,710.00",-0.02%,72.7,75.17,74.2,109,4122,0.03,11.86%,11.20%,-0.470126,2026-08-28
$SPX,7711.76,2026-09-18,20,Put,"7,705.00",-0.09%,70.8,73.85,72.2,73,2421,0.03,11.86%,11.26%,-0.460242,2026-08-28
$SPX,7711.76,2026-09-18,20,Put,"7,690.00",-0.28%,65.4,66.95,66.8,170,6222,0.03,11.86%,11.46%,-0.431001,2026-08-28
$SPX,7711.76,2026-09-18,20,Put,"7,660.00",-0.67%,55.5,58.49,56.9,37,1396,0.03,11.86%,11.82%,-0.377083,2026-08-28
$SPX,7711.76,2026-09-18,20,Put,"7,655.00",-0.74%,54,57.01,55.4,14,499,0.03,11.86%,11.88%,-0.368655,2026-08-28
$SPX,7711.76,2026-09-18,20,Put,"7,580.00",-1.71%,36.5,38.43,37.8,169,5818,0.03,11.86%,12.91%,-0.260792,2026-08-28
$SPX,7711.76,2026-09-18,20,Put,"7,515.00",-2.55%,26.6,28.4,27.6,117,4370,0.03,11.86%,13.88%,-0.193349,2026-08-28
$SPX,7711.76,2026-09-18,20,Put,"7,500.00",-2.75%,24.7,25.79,25.8,2578,84152,0.03,11.86%,14.10%,-0.180572,2026-08-28
$SPX,7711.76,2026-09-18,20,Put,"7,495.00",-2.81%,24.2,20.05,25.2,169,5329,0.03,11.86%,14.18%,-0.176632,2026-08-28
$SPX,7711.76,2026-09-18,20,Put,"7,345.00",-4.76%,12.9,14.2,13.6,12,372,0.03,11.86%,16.59%,-0.093358,2026-08-28
$SPX,7711.76,2026-09-18,20,Put,"7,300.00",-5.34%,10.9,11.83,11.6,1371,40654,0.03,11.86%,17.35%,-0.078349,2026-08-28
$SPX,7711.76,2026-09-18,20,Put,"7,290.00",-5.47%,10.5,11.65,11.2,15,431,0.03,11.86%,17.51%,-0.075382,2026-08-28
$SPX,7711.76,2026-09-18,20,Put,"7,080.00",-8.19%,5.7,6.38,6.3,65,1967,0.03,11.86%,21.35%,-0.038156,2026-08-28
$SPX,7711.76,2026-09-18,20,Put,"6,960.00",-9.75%,4.4,4.9,4.9,36,1194,0.03,11.86%,23.66%,-0.027856,2026-08-28
$SPX,7711.76,2026-09-18,20,Put,"5,890.00",-23.62%,0.8,0.95,1.15,10,335,0.03,11.86%,44.32%,-0.003828,2026-08-28
$SPX,7711.76,2026-09-18,20,Put,"5,880.00",-23.75%,0.8,0.9,1.1,10,386,0.03,11.86%,44.45%,-0.003728,2026-08-28
$SPX,7711.76,2026-09-18,20,Put,"5,810.00",-24.66%,0.7,0.9,1.05,10,370,0.03,11.86%,45.82%,-0.003359,2026-08-28
$SPX,7711.76,2026-09-18,20,Put,"5,700.00",-26.09%,0.6,0.8,0.9,412,14609,0.03,11.86%,47.85%,-0.002798,2026-08-28
$SPX,7711.76,2026-09-18,20,Put,"5,670.00",-26.48%,0.55,0.7,0.9,10,377,0.03,11.86%,48.45%,-0.002681,2026-08-28
$SPX,7711.76,2026-09-11,13,Put,"7,270.00",-5.73%,3.4,4.6,3.7,36,1130,0.03,11.86%,17.70%,-0.034482,2026-08-28
$SPX,7711.76,2026-09-11,13,Put,"6,300.00",-18.31%,0.55,0.7,0.7,114,3698,0.03,11.86%,40.39%,-0.003403,2026-08-28
$SPX,7711.76,2026-11-20,83,Call,"7,725.00",-0.17%,224.1,224,226,35,1356,0.03,11.86%,13.55%,0.554214,2026-08-28
$SPX,7711.76,2026-11-20,83,Call,"8,050.00",-4.39%,73.9,75.2,75.4,75,2278,0.03,11.86%,11.94%,0.281878,2026-08-28
$SPX,7711.76,2026-11-20,83,Call,"8,210.00",-6.46%,36.5,36.8,37.9,47,1867,0.03,11.86%,11.52%,0.168779,2026-08-28
$SPX,7711.76,2026-10-16,48,Call,"7,700.00",+0.15%,164.1,165.38,166,286,9971,0.03,11.86%,12.50%,0.565111,2026-08-28
$SPX,7711.76,2026-10-16,48,Call,"7,775.00",-0.82%,120,120.5,121.9,40,1224,0.03,11.86%,11.93%,0.478303,2026-08-28
$SPX,7711.76,2026-10-16,48,Call,"7,610.00",+1.32%,225.7,225.47,227.8,20,700,0.03,11.86%,13.30%,0.655676,2026-08-28
$SPX,7711.76,2026-10-16,48,Call,"7,600.00",+1.45%,233,232.62,235.1,336,12560,0.03,11.86%,13.39%,0.664742,2026-08-28
$SPX,7711.76,2026-10-16,48,Call,"7,850.00",-1.79%,83.6,84.53,85.3,231,7992,0.03,11.86%,11.43%,0.385785,2026-08-28
$SPX,7711.76,2026-10-16,48,Call,"8,060.00",-4.52%,23.2,23.5,24.4,16,486,0.03,11.86%,10.55%,0.156723,2026-08-28
$SPX,7711.76,2026-10-16,48,Call,"8,075.00",-4.71%,20.9,21.29,22,45,1796,0.03,11.86%,10.51%,0.144496,2026-08-28
$SPX,7711.76,2026-10-16,48,Call,"8,130.00",-5.42%,13.9,15,15,23,916,0.03,11.86%,10.41%,0.105368,2026-08-28
$SPX,7711.76,2027-01-15,139,Call,"7,825.00",-1.47%,265.1,265.3,267.5,39,1479,0.03,11.86%,14.02%,0.517634,2026-08-28
$SPX,7711.76,2027-01-15,139,Call,"7,875.00",-2.12%,237.4,237.1,239.6,36,1341,0.03,11.86%,13.77%,0.487427,2026-08-28
$SPX,7711.76,2027-01-15,139,Call,"8,900.00",-15.41%,8.7,10,9.5,45,1401,0.03,11.86%,11.75%,0.041166,2026-08-28
$SPX,7711.76,2026-09-25,27,Call,"7,940.00",-2.96%,17.7,19,18.6,29,986,0.03,11.86%,9.91%,0.166286,2026-08-28
$SPX,7711.76,2027-09-17,384,Call,"8,000.00",-3.74%,537,538.94,539.7,64,1993,0.03,11.86%,16.39%,0.547697,2026-08-28
$SPX,7711.76,2026-09-18,20,Call,"7,685.00",+0.35%,104.7,102.8,105.7,17,641,0.03,11.86%,11.49%,0.585795,2026-08-28
$SPX,7711.76,2026-09-18,20,Call,"7,820.00",-1.40%,36.6,35.3,37.4,59,2045,0.03,11.86%,10.26%,0.313646,2026-08-28
$SPX,7711.76,2026-09-18,20,Call,"7,915.00",-2.64%,13.1,13.44,13.6,42,1268,0.03,11.86%,9.74%,0.148485,2026-08-28
$SPX,7711.76,2026-09-18,20,Call,"8,550.00",-10.87%,0.1,0.29,0.35,10,315,0.03,11.86%,15.45%,0.002718,2026-08-28
$SPX,7711.76,2026-10-30,62,Call,"7,725.00",-0.17%,183.3,185.69,184.8,27,939,0.03,11.86%,13.11%,0.544556,2026-08-28
$SPX,7711.76,2026-10-30,62,Call,"7,475.00",+3.07%,361.3,373.51,367.4,20,731,0.03,11.86%,15.24%,0.735028,2026-08-28
$SPX,7711.76,2026-11-30,93,Call,"9,000.00",-16.70%,1.45,1.6,1.9,10,312,0.03,11.86%,12.25%,0.010499,2026-08-28
$SPX,7711.76,2026-09-30,32,Call,"7,650.00",+0.80%,157.6,157.33,158.7,54,1707,0.03,11.86%,12.08%,0.630658,2026-08-28
$SPX,7711.76,2026-09-30,32,Call,"7,610.00",+1.32%,186.6,190.52,187.7,19,651,0.03,11.86%,12.49%,0.679303,2026-08-28
$SPX,7711.76,2026-09-30,32,Call,"7,990.00",-3.61%,15.2,16.23,15.6,50,1974,0.03,11.86%,9.82%,0.137177,2026-08-28
$SPX,7711.76,2026-12-18,111,Call,"7,725.00",-0.17%,275,276.6,277.1,68,2341,0.03,11.86%,13.97%,0.566813,2026-08-28
$SPX,7711.76,2026-12-18,111,Call,"8,000.00",-3.74%,132.6,132.79,134.4,5252,157323,0.03,11.86%,12.65%,0.373205,2026-08-28
$SPX,7711.76,2026-12-18,111,Call,"8,275.00",-7.30%,52.3,67,53.8,52,1870,0.03,11.86%,11.93%,0.194632,2026-08-28
$SPX,7711.76,2026-12-18,111,Call,"6,725.00",+12.80%,1103.4,1109.72,1106.1,25,936,0.03,11.86%,21.09%,0.909216,2026-08-28
$SPX,7711.76,2026-12-18,111,Call,"10,200.00",-32.27%,0.2,0.35,0.5,16,629,0.03,11.86%,16.40%,0.001775,2026-08-28
$SPX,7711.76,2026-12-18,111,Call,"10,400.00",-34.86%,0.15,0.3,0.45,15,475,0.03,11.86%,17.24%,0.00147,2026-08-28
$SPX,7711.76,2026-12-18,111,Call,"11,200.00",-45.23%,0,0.2,0.3,13,511,0.03,11.86%,20.08%,0.00067,2026-08-28
$SPX,7711.76,2027-06-17,292,Call,"8,750.00",-13.46%,120.9,123.7,123,88,2640,0.03,11.86%,13.54%,0.236142,2026-08-28
$SPX,7711.76,2027-06-17,292,Call,"9,050.00",-17.35%,67.5,79.3,69.1,18,523,0.03,11.86%,13.19%,0.152133,2026-08-28
$SPX,7711.76,2027-06-17,292,Call,"9,300.00",-20.60%,39.4,40.7,40.7,70,2611,0.03,11.86%,12.94%,0.099444,2026-08-28
$SPX,7711.76,2026-09-17,19,Call,"7,950.00",-3.09%,6.6,7.25,7.3,83,2683,0.03,11.86%,9.33%,0.091746,2026-08-28
$SPX,7711.76,2026-09-18,20,Call,"7,700.00",+0.15%,93.5,92.37,94.9,1157,38144,0.03,11.86%,11.12%,0.558856,2026-08-28
$SPX,7711.76,2026-09-18,20,Call,"7,680.00",+0.41%,106.3,106.35,107.8,274,9536,0.03,11.86%,11.34%,0.596297,2026-08-28
$SPX,7711.76,2026-09-18,20,Call,"7,795.00",-1.08%,44.5,43.86,45.8,87,2506,0.03,11.86%,10.25%,0.362219,2026-08-28
$SPX,7711.76,2026-09-18,20,Call,"7,515.00",+2.55%,235.4,260.44,236.9,105,3898,0.03,11.86%,13.39%,0.816992,2026-08-28
$SPX,7711.76,2026-09-18,20,Call,"7,910.00",-2.57%,13,14.04,14.1,43,1500,0.03,11.86%,9.61%,0.151823,2026-08-28
$SPX,7711.76,2026-09-18,20,Call,"7,920.00",-2.70%,11.5,12.34,12.5,18,677,0.03,11.86%,9.57%,0.138043,2026-08-28
$SPX,7711.76,2026-09-18,20,Call,"7,930.00",-2.83%,10.1,10.35,11.1,13,517,0.03,11.86%,9.54%,0.125127,2026-08-28
$SPX,7711.76,2026-09-18,20,Call,"7,980.00",-3.48%,5.2,5.47,5.9,27,969,0.03,11.86%,9.42%,0.073686,2026-08-28
$SPX,7711.76,2026-09-18,20,Call,"8,010.00",-3.87%,3.4,3.7,4.1,19,641,0.03,11.86%,9.42%,0.052716,2026-08-28
$SPX,7711.76,2026-09-18,20,Call,"8,030.00",-4.13%,2.65,3.1,3.3,19,674,0.03,11.86%,9.50%,0.042862,2026-08-28
$SPX,7711.76,2026-09-18,20,Call,"8,075.00",-4.71%,1.6,1.69,2,122,4497,0.03,11.86%,9.71%,0.027076,2026-08-28
$SPX,7711.76,2026-09-18,20,Call,"8,200.00",-6.33%,0.55,0.7,0.9,600,22752,0.03,11.86%,10.98%,0.010782,2026-08-28
$SPX,7711.76,2027-08-20,356,Call,"8,400.00",-8.92%,302.6,303.07,305.1,29,853,0.03,11.86%,14.96%,0.404583,2026-08-28
$SPX,7711.76,2026-12-31,124,Call,"7,150.00",+7.28%,737.9,789.67,744.9,12,378,0.03,11.86%,18.08%,0.814461,2026-08-28
$SPX,7711.76,2026-12-31,124,Call,"8,300.00",-7.63%,59.3,59.8,60.7,24,853,0.03,11.86%,12.03%,0.204195,2026-08-28
$SPX,7711.76,2026-10-16,48,Call,"8,300.00",-7.63%,4.2,4.47,4.8,12,417,0.03,11.86%,10.58%,0.038407,2026-08-28
$SPX,7711.76,2027-12-17,475,Call,"10,000.00",-29.67%,53.8,55,56.9,262,8353,0.03,11.86%,13.56%,0.103606,2026-08-28
$SPX,7711.76,2026-09-04,6,Call,"7,525.00",+2.42%,195.1,192.47,197.3,31,1204,0.03,11.86%,13.95%,0.921184,2026-08-28
$SPX,7711.76,2026-08-31,2,Call,"7,565.00",+1.90%,148.2,145.05,149.7,18,517,0.03,11.86%,13.29%,0.976049,2026-08-28
$SPX,7711.76,2026-12-18,111,Call,"8,000.00",-3.74%,133.7,133.92,135,20,642,0.03,11.86%,12.70%,0.373824,2026-08-28
$SPX,7711.76,2026-12-18,111,Call,"8,200.00",-6.33%,69.6,75.26,70.8,33,1039,0.03,11.86%,12.13%,0.239026,2026-08-28
$SPX,7711.76,2027-03-31,214,Call,"8,500.00",-10.22%,103.5,106.91,105.4,11,330,0.03,11.86%,12.93%,0.242826,2026-08-28
$SPX,7711.76,2027-02-19,174,Call,"8,050.00",-4.39%,205.8,203.7,207.8,13,481,0.03,11.86%,13.62%,0.415146,2026-08-28
$SPX,7711.76,2027-02-19,174,Call,"8,225.00",-6.66%,137.3,149.96,139.4,10,346,0.03,11.86%,13.06%,0.320672,2026-08-28
$SPX,7711.76,2026-11-20,83,Put,"7,600.00",-1.45%,137.2,139.05,138.8,232,7628,0.03,11.86%,14.52%,-0.369418,2026-08-28
$SPX,7711.76,2026-11-20,83,Put,"7,525.00",-2.42%,118.3,119.02,120,31,890,0.03,11.86%,15.17%,-0.320993,2026-08-28
$SPX,7711.76,2026-11-20,83,Put,"7,450.00",-3.39%,102.6,104.2,104.2,163,4944,0.03,11.86%,15.84%,-0.279313,2026-08-28
$SPX,7711.76,2026-11-20,83,Put,"7,350.00",-4.69%,85.6,86.85,87.2,151,5788,0.03,11.86%,16.76%,-0.233115,2026-08-28
$SPX,7711.76,2026-11-20,83,Put,"7,320.00",-5.08%,81.3,82.9,82.8,28,922,0.03,11.86%,17.05%,-0.221084,2026-08-28
$SPX,7711.76,2026-11-20,83,Put,"7,300.00",-5.34%,78.5,80.36,80.1,259,8369,0.03,11.86%,17.24%,-0.213423,2026-08-28
$SPX,7711.76,2026-11-20,83,Put,"7,000.00",-9.23%,48.9,49.95,50.2,863,31829,0.03,11.86%,20.17%,-0.128668,2026-08-28
$SPX,7711.76,2027-03-19,202,Put,"7,575.00",-1.77%,243.2,247,245.4,11,410,0.03,11.86%,16.22%,-0.371145,2026-08-28
$SPX,7711.76,2027-03-19,202,Put,"7,950.00",+3.09%,374.6,380.31,376.8,27,828,0.03,11.86%,13.70%,-0.568103,2026-08-28
$SPX,7711.76,2027-03-19,202,Put,"7,200.00",-6.64%,163.6,165.1,165.2,214,8466,0.03,11.86%,18.70%,-0.245895,2026-08-28
$SPX,7711.76,2027-03-19,202,Put,"6,350.00",-17.66%,72.3,73.7,73.6,110,4281,0.03,11.86%,24.38%,-0.102227,2026-08-28
$SPX,7711.76,2027-03-19,202,Put,"5,600.00",-27.38%,38,38.4,38.9,103,3169,0.03,11.86%,29.74%,-0.049728,2026-08-28
$SPX,7711.76,2027-03-19,202,Put,"5,050.00",-34.52%,24.8,25.2,25.6,33,1021,0.03,11.86%,34.10%,-0.030337,2026-08-28
$SPX,7711.76,2026-12-31,124,Put,"6,875.00",-10.85%,67.9,69.55,69.1,24,784,0.03,11.86%,20.96%,-0.136731,2026-08-28
$SPX,7711.76,2026-10-16,48,Put,"6,700.00",-13.12%,13.4,13.95,14,11,353,0.03,11.86%,24.52%,-0.046779,2026-08-28
$SPX,7711.76,2026-10-16,48,Put,"5,200.00",-32.57%,2.1,2.25,2.4,11,391,0.03,11.86%,44.53%,-0.005399,2026-08-28
$SPX,7711.76,2026-09-03,5,Put,"6,100.00",-20.90%,0.05,0.1,0.15,17,493,0.03,11.86%,63.04%,-0.000642,2026-08-28
$SPX,7711.76,2027-12-17,475,Put,"8,100.00",+5.03%,587.7,591.7,592.8,22,767,0.03,11.86%,15.18%,-0.549064,2026-08-28
$SPX,7711.76,2027-12-17,475,Put,"1,000.00",-87.03%,0.8,1.35,1.75,19,700,0.03,11.86%,64.68%,-0.000677,2026-08-28
$SPX,7711.76,2026-09-02,4,Put,"7,150.00",-7.28%,0.2,0.25,0.35,18,660,0.03,11.86%,27.49%,-0.003966,2026-08-28
$SPX,7711.76,2026-09-04,6,Put,"6,400.00",-17.01%,0.15,0.2,0.25,82,2805,0.03,11.86%,49.36%,-0.001416,2026-08-28
$SPX,7711.76,2026-12-18,111,Put,"7,500.00",-2.75%,144.6,142.3,145.9,25,758,0.03,11.86%,15.87%,-0.32167,2026-08-28
$SPX,7711.76,2027-02-19,174,Put,"7,800.00",+1.14%,288.2,288.02,290.4,15,543,0.03,11.86%,14.15%,-0.488161,2026-08-28
$SPX,7711.76,2027-02-19,174,Put,"7,025.00",-8.91%,116.2,119.38,117.9,13,447,0.03,11.86%,19.63%,-0.192398,2026-08-28
$SPX,7711.76,2027-02-19,174,Put,"5,400.00",-29.98%,26,26.07,26.9,10,316,0.03,11.86%,32.02%,-0.036032,2026-08-28
$SPX,7711.76,2027-03-19,202,Put,"7,700.00",-0.15%,280,281,282.1,70,4578,0.02,11.86%,15.40%,-0.42729,2026-08-28
$SPX,7711.76,2027-03-19,202,Put,"7,425.00",-3.72%,206.6,210.2,208.7,13,823,0.02,11.86%,17.21%,-0.314117,2026-08-28
$SPX,7711.76,2027-03-19,202,Put,"7,250.00",-5.99%,172.1,173.7,173.9,54,2565,0.02,11.86%,18.37%,-0.259228,2026-08-28
$SPX,7711.76,2027-03-19,202,Put,"7,175.00",-6.96%,159.3,161.7,161.1,19,913,0.02,11.86%,18.86%,-0.239477,2026-08-28
$SPX,7711.76,2027-03-19,202,Put,"6,750.00",-12.47%,104.9,105.4,106.5,51,2135,0.02,11.86%,21.69%,-0.15325,2026-08-28
$SPX,7711.76,2027-03-19,202,Put,"5,825.00",-24.47%,45.7,46.7,46.8,11,449,0.02,11.86%,28.08%,-0.061386,2026-08-28
$SPX,7711.76,2026-09-09,11,Put,"7,575.00",-1.77%,13.9,15.06,14.4,82,3313,0.02,11.86%,11.53%,-0.170357,2026-08-28
$SPX,7711.76,2026-09-09,11,Put,"6,800.00",-11.82%,0.6,0.8,0.85,10,566,0.02,11.86%,29.17%,-0.005706,2026-08-28
$SPX,7711.76,2026-09-24,26,Put,"6,200.00",-19.60%,2.2,2.28,2.5,10,515,0.02,11.86%,35.79%,-0.009209,2026-08-28
$SPX,7711.76,2026-09-14,16,Put,"7,000.00",-9.23%,2.25,2.4,2.5,76,5010,0.02,11.86%,22.58%,-0.017722,2026-08-28
$SPX,7711.76,2026-09-14,16,Put,"6,100.00",-20.90%,0.5,0.65,0.7,26,1083,0.02,11.86%,41.49%,-0.002899,2026-08-28
$SPX,7711.76,2026-12-31,124,Put,"7,500.00",-2.75%,154,158.25,155.6,24,1001,0.02,11.86%,15.79%,-0.325015,2026-08-28
$SPX,7711.76,2026-12-31,124,Put,"7,450.00",-3.39%,143.1,147.1,144.6,22,922,0.02,11.86%,16.19%,-0.301832,2026-08-28
$SPX,7711.76,2026-12-31,124,Put,"6,650.00",-13.77%,52.4,52,53.5,10,546,0.02,11.86%,22.86%,-0.102781,2026-08-28
$SPX,7711.76,2026-12-31,124,Put,"4,800.00",-37.76%,9.2,9.31,9.7,14,576,0.02,11.86%,40.01%,-0.01384,2026-08-28
$SPX,7711.76,2026-10-16,48,Put,"7,200.00",-6.64%,32.8,33.5,33.3,33,1998,0.02,11.86%,18.19%,-0.127134,2026-08-28
$SPX,7711.76,2026-10-16,48,Put,"6,200.00",-19.60%,6.9,7.29,7.3,12,613,0.02,11.86%,31.13%,-0.021211,2026-08-28
$SPX,7711.76,2026-10-16,48,Put,"6,000.00",-22.20%,5.4,5.6,5.8,127,6442,0.02,11.86%,33.79%,-0.015925,2026-08-28
$SPX,7711.76,2026-09-03,5,Put,"7,100.00",-7.93%,0.3,0.35,0.45,26,1126,0.02,11.86%,27.54%,-0.004744,2026-08-28
$SPX,7711.76,2027-12-17,475,Put,"6,800.00",-11.82%,248.2,244.2,252.1,100,6250,0.02,11.86%,21.57%,-0.212561,2026-08-28
$SPX,7711.76,2027-12-17,475,Put,"6,550.00",-15.06%,209.3,212.5,212.9,13,796,0.02,11.86%,22.64%,-0.177999,2026-08-28
$SPX,7711.76,2026-09-02,4,Put,"7,375.00",-4.37%,0.4,0.5,0.55,13,613,0.02,11.86%,18.39%,-0.009436,2026-08-28
$SPX,7711.76,2028-12-15,839,Put,"7,700.00",-0.15%,566.8,581.67,591.7,25,1278,0.02,11.86%,18.29%,-0.37917,2026-08-28
$SPX,7711.76,2026-09-04,6,Put,"7,025.00",-8.91%,0.4,0.5,0.55,48,2862,0.02,11.86%,28.76%,-0.005201,2026-08-28
$SPX,7711.76,2026-09-04,6,Put,"6,910.00",-10.40%,0.35,0.4,0.5,10,553,0.02,11.86%,32.86%,-0.004153,2026-08-28
$SPX,7711.76,2026-09-04,6,Put,"6,200.00",-19.60%,0.1,0.15,0.2,98,4388,0.02,11.86%,55.66%,-0.000967,2026-08-28
$SPX,7711.76,2026-09-04,6,Put,"5,900.00",-23.49%,0.05,0.1,0.15,101,5812,0.02,11.86%,65.14%,-0.00057,2026-08-28
$SPX,7711.76,2026-08-31,2,Put,"7,320.00",-5.08%,0.1,0.1,0.2,68,3142,0.02,11.86%,26.09%,-0.003286,2026-08-28
$SPX,7711.76,2026-08-31,2,Put,"7,300.00",-5.34%,0.1,0.15,0.2,734,31262,0.02,11.86%,27.32%,-0.003149,2026-08-28
$SPX,7711.76,2026-08-31,2,Put,"7,200.00",-6.64%,0.05,0.1,0.15,362,20654,0.02,11.86%,32.19%,-0.00186,2026-08-28
$SPX,7711.76,2026-12-18,111,Put,"5,000.00",-35.16%,9.3,9.59,9.8,20,855,0.02,11.86%,39.09%,-0.015065,2026-08-28
$SPX,7711.76,2027-02-19,174,Put,"7,350.00",-4.69%,166,169.9,167.9,48,2728,0.02,11.86%,17.29%,-0.281097,2026-08-28
$SPX,7711.76,2027-02-19,174,Put,"7,250.00",-5.99%,148.3,149.8,150.1,22,1309,0.02,11.86%,18.01%,-0.250021,2026-08-28
$SPX,7711.76,2027-02-19,174,Put,"7,100.00",-7.93%,125.8,126.5,127.5,39,1692,0.02,11.86%,19.08%,-0.209541,2026-08-28
$SPX,7711.76,2027-02-19,174,Put,"6,400.00",-17.01%,62.2,64.15,63.5,14,860,0.02,11.86%,24.18%,-0.097183,2026-08-28
$SPX,7711.76,2027-02-19,174,Put,"5,775.00",-25.11%,35.4,35.7,36.4,14,582,0.02,11.86%,28.95%,-0.051489,2026-08-28
$SPX,7711.76,2027-02-19,174,Put,"5,700.00",-26.09%,33.2,33.22,34.2,10,590,0.02,11.86%,29.55%,-0.047854,2026-08-28
$SPX,7711.76,2027-02-19,174,Put,"1,200.00",-84.44%,0.25,0.4,0.55,25,1185,0.02,11.86%,86.56%,-0.000291,2026-08-28
$SPX,7711.76,2026-11-20,83,Put,"6,600.00",-14.42%,28.5,29,29.4,128,6952,0.02,11.86%,24.20%,-0.070323,2026-08-28
$SPX,7711.76,2026-11-20,83,Put,"6,450.00",-16.36%,23.7,24.4,24.6,33,1565,0.02,11.86%,25.74%,-0.05707,2026-08-28
$SPX,7711.76,2026-11-20,83,Put,"6,050.00",-21.55%,15.1,15.5,15.8,40,2069,0.02,11.86%,29.92%,-0.033867,2026-08-28
$SPX,7711.76,2026-11-20,83,Put,"5,050.00",-34.52%,5.5,5.6,5.9,51,3292,0.02,11.86%,40.88%,-0.010455,2026-08-28
$SPX,7711.76,2026-11-20,83,Put,"4,050.00",-47.48%,1.95,2,2.3,12,694,0.02,11.86%,52.83%,-0.00333,2026-08-28
$SPX,7711.76,2026-10-16,48,Put,"7,765.00",+0.69%,143.7,124.3,145.6,11,621,0.02,11.86%,11.89%,-0.529054,2026-08-28
$SPX,7711.76,2026-10-16,48,Put,"7,640.00",-0.93%,98.2,102.57,100.1,14,581,0.02,11.86%,13.09%,-0.383116,2026-08-28
$SPX,7711.76,2026-10-16,48,Put,"7,520.00",-2.49%,69.6,71.7,71.3,14,812,0.02,11.86%,14.36%,-0.278853,2026-08-28
$SPX,7711.76,2026-10-16,48,Put,"8,000.00",+3.74%,286.5,286.7,288.6,3006,121409,0.02,11.86%,8.29%,-0.97203,2026-08-28
$SPX,7711.76,2026-10-16,48,Put,"7,210.00",-6.51%,32.5,33.1,33.8,22,1064,0.02,11.86%,17.96%,-0.128785,2026-08-28
$SPX,7711.76,2026-10-16,48,Put,"7,200.00",-6.64%,31.8,32.74,33,324,19173,0.02,11.86%,18.07%,-0.125745,2026-08-28
$SPX,7711.76,2026-10-16,48,Put,"7,120.00",-7.67%,26.9,27.13,28.1,30,1426,0.02,11.86%,19.06%,-0.105043,2026-08-28
$SPX,7711.76,2026-10-16,48,Put,"6,550.00",-15.06%,10.5,11,11.2,145,6498,0.02,11.86%,26.38%,-0.03579,2026-08-28
$SPX,7711.76,2026-10-16,48,Put,"6,510.00",-15.58%,10,10.48,10.6,10,523,0.02,11.86%,26.92%,-0.033587,2026-08-28
$SPX,7711.76,2026-10-16,48,Put,"6,500.00",-15.71%,9.8,10.1,10.5,429,20175,0.02,11.86%,27.04%,-0.033018,2026-08-28
$SPX,7711.76,2026-10-16,48,Put,"6,180.00",-19.86%,6.5,6.3,7.1,21,847,0.02,11.86%,31.30%,-0.020313,2026-08-28
$SPX,7711.76,2026-10-16,48,Put,"5,650.00",-26.74%,3.4,3.64,3.9,79,3558,0.02,11.86%,38.34%,-0.009645,2026-08-28
$SPX,7711.76,2027-01-15,139,Put,"7,950.00",+3.09%,323.6,327.19,325.9,12,628,0.02,11.86%,12.44%,-0.618622,2026-08-28
$SPX,7711.76,2027-01-15,139,Put,"7,975.00",+3.41%,336.3,334.99,338.6,18,891,0.02,11.86%,12.21%,-0.653408,2026-08-28
$SPX,7711.76,2027-01-15,139,Put,"7,025.00",-8.91%,91.1,91.52,92.8,52,3223,0.02,11.86%,19.59%,-0.174951,2026-08-28
$SPX,7711.76,2027-01-15,139,Put,"6,100.00",-20.90%,34.5,35.09,35.5,84,3452,0.02,11.86%,27.17%,-0.05916,2026-08-28
$SPX,7711.76,2027-01-15,139,Put,"5,900.00",-23.49%,28.6,29.3,29.6,21,1367,0.02,11.86%,28.88%,-0.047775,2026-08-28
$SPX,7711.76,2027-01-15,139,Put,"5,000.00",-35.16%,13.4,13.64,14,87,3619,0.02,11.86%,37.17%,-0.019555,2026-08-28
$SPX,7711.76,2026-09-25,27,Put,"6,400.00",-17.01%,3.1,3.38,3.4,1189,58597,0.02,11.86%,32.01%,-0.013432,2026-08-28
$SPX,7711.76,2026-09-10,12,Put,"6,625.00",-14.09%,0.6,0.75,0.8,13,545,0.02,11.86%,32.91%,-0.004746,2026-08-28
$SPX,7711.76,2027-09-17,384,Put,"7,750.00",+0.50%,422.9,425.73,425.4,10,439,0.02,11.86%,16.81%,-0.427826,2026-08-28
$SPX,7711.76,2026-09-18,20,Put,"7,545.00",-2.16%,32,32.8,32.7,39,1863,0.02,11.86%,13.63%,-0.225127,2026-08-28
$SPX,7711.76,2026-09-18,20,Put,"7,495.00",-2.81%,25.3,27.8,26.1,15,638,0.02,11.86%,14.39%,-0.180093,2026-08-28
$SPX,7711.76,2026-09-18,20,Put,"7,100.00",-7.93%,6.4,7.1,6.8,58,3135,0.02,11.86%,21.16%,-0.041768,2026-08-28
$SPX,7711.76,2026-09-18,20,Put,"6,800.00",-11.82%,3.5,3.9,3.8,33,1390,0.02,11.86%,26.97%,-0.019985,2026-08-28
$SPX,7711.76,2026-09-18,20,Put,"6,750.00",-12.47%,3.2,3.69,3.5,26,1680,0.02,11.86%,27.93%,-0.017938,2026-08-28
$SPX,7711.76,2026-09-18,20,Put,"6,575.00",-14.74%,2.45,2.15,2.7,10,406,0.02,11.86%,31.37%,-0.012752,2026-08-28
$SPX,7711.76,2026-09-18,20,Put,"4,400.00",-42.94%,0,0.15,0.25,19,1178,0.02,11.86%,72.80%,-0.000353,2026-08-28
$SPX,7711.76,2026-10-30,62,Put,"7,050.00",-8.58%,35.9,36.4,36.6,43,2558,0.02,11.86%,19.88%,-0.11418,2026-08-28
$SPX,7711.76,2026-10-30,62,Put,"6,750.00",-12.47%,22.4,23.2,23.2,17,693,0.02,11.86%,23.31%,-0.067526,2026-08-28
$SPX,7711.76,2026-10-30,62,Put,"6,600.00",-14.42%,18.1,17.5,18.9,10,467,0.02,11.86%,25.04%,-0.053026,2026-08-28
$SPX,7711.76,2026-09-21,23,Put,"7,425.00",-3.72%,20.9,22.83,21.7,12,590,0.02,11.86%,15.06%,-0.1411,2026-08-28
$SPX,7711.76,2026-09-01,3,Put,"7,050.00",-8.58%,0.1,0.15,0.25,10,460,0.02,11.86%,35.34%,-0.002368,2026-08-28
$SPX,7711.76,2026-11-30,93,Put,"7,500.00",-2.75%,121.8,122.61,123.2,25,1104,0.02,11.86%,15.40%,-0.310669,2026-08-28
$SPX,7711.76,2026-11-30,93,Put,"7,200.00",-6.64%,74.1,74.92,75.4,11,487,0.02,11.86%,18.10%,-0.186979,2026-08-28
$SPX,7711.76,2026-11-30,93,Put,"5,000.00",-35.16%,6.3,6.2,6.7,12,529,0.02,11.86%,40.24%,-0.01131,2026-08-28
$SPX,7711.76,2028-06-16,657,Put,"5,400.00",-29.98%,129.3,131.9,134.8,10,427,0.02,11.86%,26.81%,-0.089684,2026-08-28
$SPX,7711.76,2026-09-15,17,Put,"7,675.00",-0.48%,49.5,49.8,50.3,47,2710,0.02,11.86%,10.78%,-0.392361,2026-08-28
$SPX,7711.76,2026-09-15,17,Put,"7,100.00",-7.93%,3.4,4.1,3.8,14,752,0.02,11.86%,20.52%,-0.02717,2026-08-28
$SPX,7711.76,2026-09-30,32,Put,"7,775.00",+0.82%,124.9,127.2,126,12,727,0.02,11.86%,11.21%,-0.569881,2026-08-28
$SPX,7711.76,2026-09-30,32,Put,"7,550.00",-2.10%,52.5,52.75,53.1,61,3596,0.02,11.86%,13.72%,-0.27133,2026-08-28
$SPX,7711.76,2026-09-30,32,Put,"7,225.00",-6.31%,18.8,19.59,19.3,10,435,0.02,11.86%,18.04%,-0.096408,2026-08-28
$SPX,7711.76,2026-09-30,32,Put,"7,080.00",-8.19%,13,13.1,13.7,12,672,0.02,11.86%,20.13%,-0.065044,2026-08-28
$SPX,7711.76,2026-09-30,32,Put,"6,850.00",-11.17%,8.2,8.6,8.6,64,3200,0.02,11.86%,23.59%,-0.037971,2026-08-28
$SPX,7711.76,2026-09-30,32,Put,"6,500.00",-15.71%,4.7,4.95,5.1,219,11346,0.02,11.86%,29.09%,-0.019565,2026-08-28
$SPX,7711.76,2026-12-18,111,Put,"7,900.00",+2.44%,283.2,285.5,285.1,164,8468,0.02,11.86%,12.78%,-0.599462,2026-08-28
$SPX,7711.76,2026-12-18,111,Put,"7,475.00",-3.07%,138,140.02,139.8,78,3346,0.02,11.86%,16.02%,-0.309181,2026-08-28
$SPX,7711.76,2026-12-18,111,Put,"7,350.00",-4.69%,114.4,111.71,115.9,94,5907,0.02,11.86%,17.07%,-0.255248,2026-08-28
$SPX,7711.76,2026-12-18,111,Put,"7,150.00",-7.28%,86.3,87.38,87.7,212,8900,0.02,11.86%,18.79%,-0.190202,2026-08-28
$SPX,7711.76,2026-12-18,111,Put,"7,100.00",-7.93%,80.7,82.35,82.1,357,15268,0.02,11.86%,19.22%,-0.176917,2026-08-28
$SPX,7711.76,2026-12-18,111,Put,"6,700.00",-13.12%,49.2,50.4,50.3,531,29423,0.02,11.86%,22.77%,-0.102735,2026-08-28
$SPX,7711.76,2026-12-18,111,Put,"6,225.00",-19.28%,29.1,29.2,30,106,4909,0.02,11.86%,27.06%,-0.056888,2026-08-28
$SPX,7711.76,2026-12-18,111,Put,"6,075.00",-21.22%,24.9,25.2,25.8,23,1371,0.02,11.86%,28.44%,-0.047687,2026-08-28
$SPX,7711.76,2026-12-18,111,Put,"5,950.00",-22.85%,22,22.32,22.8,56,3122,0.02,11.86%,29.61%,-0.041317,2026-08-28
$SPX,7711.76,2026-12-18,111,Put,"5,700.00",-26.09%,17.3,18,18,202,12429,0.02,11.86%,32.00%,-0.031268,2026-08-28
$SPX,7711.76,2026-11-20,83,Put,"6,150.00",-20.25%,17.2,17.5,17.8,11,447,0.02,11.86%,28.96%,-0.038878,2026-08-28
$SPX,7711.76,2027-05-21,265,Put,"7,150.00",-7.28%,201.1,195.22,203,10,501,0.02,11.86%,19.43%,-0.2503,2026-08-28
$SPX,7711.76,2026-10-02,34,Put,"7,150.00",-7.28%,17.4,18,18.2,23,1054,0.02,11.86%,19.16%,-0.084335,2026-08-28
$SPX,7711.76,2027-06-17,292,Put,"8,000.00",+3.74%,457.3,461.91,459.8,779,34323,0.02,11.86%,14.48%,-0.567868,2026-08-28
$SPX,7711.76,2027-06-17,292,Put,"6,975.00",-9.55%,188.3,189,190.3,26,1044,0.02,11.86%,20.49%,-0.218558,2026-08-28
$SPX,7711.76,2027-06-17,292,Put,"6,400.00",-17.01%,116.7,117.47,118.4,110,4607,0.02,11.86%,23.63%,-0.132058,2026-08-28
$SPX,7711.76,2026-09-16,18,Put,"7,470.00",-3.13%,17.8,18.74,18.6,21,991,0.02,11.86%,14.34%,-0.143055,2026-08-28
$SPX,7711.76,2027-04-16,230,Put,"7,325.00",-5.02%,207.4,206.81,209.6,10,423,0.02,11.86%,18.08%,-0.287406,2026-08-28
$SPX,7711.76,2027-04-16,230,Put,"7,275.00",-5.66%,197.5,198.03,199.7,12,523,0.02,11.86%,18.39%,-0.273299,2026-08-28
$SPX,7711.76,2027-04-16,230,Put,"6,575.00",-14.74%,103.3,107.09,104.9,10,514,0.02,11.86%,22.75%,-0.137356,2026-08-28
$SPX,7711.76,2027-04-16,230,Put,"2,000.00",-74.07%,2.15,2.2,2.5,32,1393,0.02,11.86%,64.94%,-0.001743,2026-08-28
$SPX,7711.76,2026-09-18,20,Put,"7,680.00",-0.41%,61.8,62.1,63.3,110,4623,0.02,11.86%,11.57%,-0.412502,2026-08-28
$SPX,7711.76,2026-09-18,20,Put,"7,665.00",-0.61%,57,61.51,58.5,25,1561,0.02,11.86%,11.76%,-0.385668,2026-08-28
$SPX,7711.76,2026-09-18,20,Put,"7,760.00",+0.63%,95.3,81,96.8,61,3479,0.02,11.86%,10.64%,-0.576649,2026-08-28
$SPX,7711.76,2026-09-18,20,Put,"7,765.00",+0.69%,97.9,100.3,99.3,181,8297,0.02,11.86%,10.58%,-0.587517,2026-08-28
$SPX,7711.76,2026-09-18,20,Put,"7,645.00",-0.87%,51.2,55.46,52.6,27,1543,0.02,11.86%,12.01%,-0.352246,2026-08-28
$SPX,7711.76,2026-09-18,20,Put,"7,830.00",+1.53%,136.9,123.46,138.4,40,2215,0.02,11.86%,9.89%,-0.739757,2026-08-28
$SPX,7711.76,2026-09-18,20,Put,"7,445.00",-3.46%,19.2,18.69,20.2,121,5802,0.02,11.86%,14.94%,-0.141198,2026-08-28
$SPX,7711.76,2026-09-18,20,Put,"7,310.00",-5.21%,11.3,11.58,12,10,476,0.02,11.86%,17.18%,-0.081374,2026-08-28
$SPX,7711.76,2026-09-18,20,Put,"7,275.00",-5.66%,10,10.55,10.7,44,2382,0.02,11.86%,17.79%,-0.071476,2026-08-28
$SPX,7711.76,2026-09-18,20,Put,"7,240.00",-6.12%,8.9,9.9,9.6,12,697,0.02,11.86%,18.40%,-0.063091,2026-08-28
$SPX,7711.76,2026-09-18,20,Put,"7,170.00",-7.03%,7.2,6.45,7.8,11,640,0.02,11.86%,19.65%,-0.049798,2026-08-28
$SPX,7711.76,2026-09-18,20,Put,"7,165.00",-7.09%,7.1,7.35,7.7,10,628,0.02,11.86%,19.74%,-0.04902,2026-08-28
$SPX,7711.76,2026-09-18,20,Put,"7,150.00",-7.28%,6.8,7.18,7.4,139,8293,0.02,11.86%,20.01%,-0.046737,2026-08-28
$SPX,7711.76,2026-09-18,20,Put,"7,140.00",-7.41%,6.7,6.65,7.2,14,623,0.02,11.86%,20.22%,-0.045473,2026-08-28
$SPX,7711.76,2026-09-18,20,Put,"7,025.00",-8.91%,5.1,5.43,5.6,65,2813,0.02,11.86%,22.43%,-0.033038,2026-08-28
$SPX,7711.76,2026-09-18,20,Put,"6,800.00",-11.82%,3.3,3.6,3.7,671,38815,0.02,11.86%,26.79%,-0.019368,2026-08-28
$SPX,7711.76,2026-09-18,20,Put,"6,750.00",-12.47%,3,3.4,3.4,270,13259,0.02,11.86%,27.74%,-0.017329,2026-08-28
$SPX,7711.76,2026-09-18,20,Put,"6,500.00",-15.71%,2.05,2.3,2.35,401,25976,0.02,11.86%,32.61%,-0.01068,2026-08-28
$SPX,7711.76,2026-09-18,20,Put,"6,400.00",-17.01%,1.75,2.04,2.1,312,17606,0.02,11.86%,34.58%,-0.00897,2026-08-28
$SPX,7711.76,2026-09-18,20,Put,"6,375.00",-17.33%,1.7,2,2,80,3758,0.02,11.86%,35.03%,-0.008548,2026-08-28
$SPX,7711.76,2026-09-18,20,Put,"5,860.00",-24.01%,0.8,0.9,1.1,10,587,0.02,11.86%,44.95%,-0.003689,2026-08-28
$SPX,7711.76,2026-09-18,20,Put,"5,575.00",-27.71%,0.5,0.52,0.8,56,2283,0.02,11.86%,50.32%,-0.002338,2026-08-28
$SPX,7711.76,2026-09-18,20,Put,"4,850.00",-37.11%,0.1,0.15,0.35,69,3766,0.02,11.86%,63.70%,-0.000696,2026-08-28
$SPX,7711.76,2026-09-18,20,Put,"4,725.00",-38.73%,0.1,0.2,0.3,14,932,0.02,11.86%,66.42%,-0.000599,2026-08-28
$SPX,7711.76,2027-08-20,356,Put,"7,700.00",-0.15%,391.1,393.2,393.5,24,1553,0.02,11.86%,16.86%,-0.412265,2026-08-28
$SPX,7711.76,2027-08-20,356,Put,"5,100.00",-33.87%,55,55.6,56.1,13,778,0.02,11.86%,30.57%,-0.050864,2026-08-28
$SPX,7711.76,2026-09-11,13,Put,"6,650.00",-13.77%,0.85,0.85,1.05,20,1166,0.02,11.86%,32.03%,-0.006196,2026-08-28
$SPX,7711.76,2026-11-20,83,Call,"7,775.00",-0.82%,194.2,207.98,196.1,18,885,0.02,11.86%,13.24%,0.514289,2026-08-28
$SPX,7711.76,2026-11-20,83,Call,"7,625.00",+1.13%,289.9,288.9,292,23,1408,0.02,11.86%,14.24%,0.627337,2026-08-28
$SPX,7711.76,2026-11-20,83,Call,"7,825.00",-1.47%,166.7,167.1,168.6,10,605,0.02,11.86%,12.95%,0.472641,2026-08-28
$SPX,7711.76,2026-11-20,83,Call,"7,550.00",+2.10%,344,342.79,346.4,25,1651,0.02,11.86%,14.81%,0.675453,2026-08-28
$SPX,7711.76,2026-11-20,83,Call,"7,400.00",+4.04%,462,460.82,464.4,122,5784,0.02,11.86%,16.03%,0.754437,2026-08-28
$SPX,7711.76,2026-11-20,83,Call,"8,200.00",-6.33%,38.3,38.34,39.6,162,7353,0.02,11.86%,11.54%,0.174858,2026-08-28
$SPX,7711.76,2026-10-16,48,Call,"7,625.00",+1.13%,214.9,214.63,216.9,17,860,0.02,11.86%,13.16%,0.641749,2026-08-28
$SPX,7711.76,2026-10-16,48,Call,"7,910.00",-2.57%,60.3,61.3,62,16,776,0.02,11.86%,11.10%,0.312362,2026-08-28
$SPX,7711.76,2026-10-16,48,Call,"7,950.00",-3.09%,47.7,47.17,49.2,178,9310,0.02,11.86%,10.92%,0.26587,2026-08-28
$SPX,7711.76,2026-10-16,48,Call,"8,010.00",-3.87%,32.7,32.98,34,14,564,0.02,11.86%,10.70%,0.202544,2026-08-28
$SPX,7711.76,2026-10-16,48,Call,"8,070.00",-4.65%,21.6,22.79,22.9,23,922,0.02,11.86%,10.53%,0.148642,2026-08-28
$SPX,7711.76,2026-10-16,48,Call,"8,250.00",-6.98%,5.6,5.87,6.3,72,3591,0.02,11.86%,10.36%,0.049821,2026-08-28
$SPX,7711.76,2026-10-16,48,Call,"8,275.00",-7.30%,4.6,4.9,5.3,71,2937,0.02,11.86%,10.38%,0.042404,2026-08-28
$SPX,7711.76,2026-10-16,48,Call,"7,000.00",+9.23%,752.6,768.23,775.6,3010,122583,0.02,11.86%,19.72%,0.927652,2026-08-28
$SPX,7711.76,2026-10-16,48,Call,"8,575.00",-11.19%,0.85,1.1,1.3,20,1283,0.02,11.86%,11.84%,0.00973,2026-08-28
$SPX,7711.76,2026-10-16,48,Call,"8,625.00",-11.84%,0.7,0.94,1.05,32,1295,0.02,11.86%,12.12%,0.007905,2026-08-28
$SPX,7711.76,2027-01-15,139,Call,"7,700.00",+0.15%,342,344.23,344.6,81,4591,0.02,11.86%,14.71%,0.588508,2026-08-28
$SPX,7711.76,2027-01-15,139,Call,"7,750.00",-0.50%,310.2,351.28,312.4,28,1385,0.02,11.86%,14.42%,0.561066,2026-08-28
$SPX,7711.76,2027-01-15,139,Call,"7,775.00",-0.82%,294.7,331,297,28,1463,0.02,11.86%,14.28%,0.546875,2026-08-28
$SPX,7711.76,2027-01-15,139,Call,"7,975.00",-3.41%,187,189.38,189.3,13,793,0.02,11.86%,13.31%,0.424994,2026-08-28
$SPX,7711.76,2027-01-15,139,Call,"8,025.00",-4.06%,164.8,163.2,166.9,27,1573,0.02,11.86%,13.11%,0.393384,2026-08-28
$SPX,7711.76,2026-09-25,27,Call,"8,500.00",-10.22%,0.3,0.45,0.5,22,1082,0.02,11.86%,13.27%,0.004621,2026-08-28
$SPX,7711.76,2026-09-10,12,Call,"7,725.00",-0.17%,49.4,48.8,50.3,14,795,0.02,11.86%,9.29%,0.490998,2026-08-28
$SPX,7711.76,2027-09-17,384,Call,"7,000.00",+9.23%,1221.5,1224.61,1226.3,21,892,0.02,11.86%,20.09%,0.782383,2026-08-28
$SPX,7711.76,2026-09-18,20,Call,"7,905.00",-2.51%,14.6,15.27,15.4,31,1307,0.02,11.86%,9.77%,0.162599,2026-08-28
$SPX,7711.76,2026-09-18,20,Call,"8,250.00",-6.98%,0.45,0.57,0.75,14,641,0.02,11.86%,11.67%,0.0086,2026-08-28
$SPX,7711.76,2026-09-18,20,Call,"8,300.00",-7.63%,0.35,0.42,0.6,14,633,0.02,11.86%,12.27%,0.00665,2026-08-28
$SPX,7711.76,2026-10-30,62,Call,"7,550.00",+2.10%,304.8,302.82,306.1,14,676,0.02,11.86%,14.56%,0.687364,2026-08-28
$SPX,7711.76,2026-10-30,62,Call,"7,900.00",-2.44%,93.4,92.75,94.6,16,771,0.02,11.86%,12.00%,0.368565,2026-08-28
$SPX,7711.76,2026-10-30,62,Call,"8,025.00",-4.06%,51.5,52.15,52.6,16,652,0.02,11.86%,11.46%,0.246324,2026-08-28
$SPX,7711.76,2026-10-30,62,Call,"8,250.00",-6.98%,14.1,14.29,14.9,31,1246,0.02,11.86%,10.95%,0.091259,2026-08-28
$SPX,7711.76,2026-09-01,3,Call,"8,000.00",-3.74%,0,0.1,0.1,15,788,0.02,11.86%,13.76%,0.001799,2026-08-28
$SPX,7711.76,2026-09-30,32,Call,"7,675.00",+0.48%,140.5,136.26,141.7,38,2052,0.02,11.86%,11.84%,0.597376,2026-08-28
$SPX,7711.76,2026-09-30,32,Call,"8,000.00",-3.74%,13.8,13.7,14.2,246,15804,0.02,11.86%,9.79%,0.127223,2026-08-28
$SPX,7711.76,2026-09-30,32,Call,"7,200.00",+6.64%,532.3,545.95,556.3,10,550,0.02,11.86%,15.72%,0.941576,2026-08-28
$SPX,7711.76,2026-09-30,32,Call,"8,280.00",-7.37%,1.2,2.33,1.5,41,2167,0.02,11.86%,10.58%,0.015804,2026-08-28
$SPX,7711.76,2026-12-18,111,Call,"7,700.00",+0.15%,290.9,290.95,292.9,410,17579,0.02,11.86%,14.11%,0.582775,2026-08-28
$SPX,7711.76,2026-12-18,111,Call,"7,775.00",-0.82%,244.5,279.16,246.5,29,1754,0.02,11.86%,13.68%,0.533737,2026-08-28
$SPX,7711.76,2026-12-18,111,Call,"7,800.00",-1.14%,230,229.5,232.1,395,24691,0.02,11.86%,13.55%,0.516666,2026-08-28
$SPX,7711.76,2026-12-18,111,Call,"7,875.00",-2.12%,189.6,218.7,191.3,30,1494,0.02,11.86%,13.17%,0.463783,2026-08-28
$SPX,7711.76,2026-12-18,111,Call,"7,000.00",+9.23%,852.4,851.19,855,4034,183868,0.02,11.86%,19.11%,0.8606,2026-08-28
$SPX,7711.76,2026-12-18,111,Call,"10,600.00",-37.45%,0.15,0.25,0.4,15,714,0.02,11.86%,18.13%,0.001295,2026-08-28
$SPX,7711.76,2026-12-18,111,Call,"10,800.00",-40.05%,0.15,0.3,0.35,14,611,0.02,11.86%,18.98%,0.001137,2026-08-28
$SPX,7711.76,2027-05-21,265,Call,"8,250.00",-6.98%,249,258.99,251.3,20,936,0.02,11.86%,14.33%,0.399582,2026-08-28
$SPX,7711.76,2027-05-21,265,Call,"8,450.00",-9.57%,174.9,186.36,177,10,419,0.02,11.86%,13.80%,0.318248,2026-08-28
$SPX,7711.76,2027-06-17,292,Call,"8,600.00",-11.52%,158.8,161.8,160.7,158,7304,0.02,11.86%,13.78%,0.286461,2026-08-28
$SPX,7711.76,2027-06-17,292,Call,"8,650.00",-12.17%,145.2,148.2,147.3,89,3611,0.02,11.86%,13.70%,0.269168,2026-08-28
$SPX,7711.76,2027-06-17,292,Call,"9,500.00",-23.19%,24.9,25.5,26,252,12350,0.02,11.86%,12.78%,0.068425,2026-08-28
$SPX,7711.76,2027-06-17,292,Call,"10,200.00",-32.27%,5.2,6.9,5.9,36,1850,0.02,11.86%,12.85%,0.017934,2026-08-28
$SPX,7711.76,2027-07-16,321,Call,"9,500.00",-23.19%,34.7,39.37,35.9,16,966,0.02,11.86%,12.96%,0.085962,2026-08-28
$SPX,7711.76,2026-09-17,19,Call,"7,700.00",+0.15%,89.8,89.54,90.8,15,823,0.02,11.86%,10.91%,0.559503,2026-08-28
$SPX,7711.76,2026-09-17,19,Call,"7,975.00",-3.41%,4.6,5.2,5.3,22,1301,0.02,11.86%,9.30%,0.069099,2026-08-28
$SPX,7711.76,2026-09-18,20,Call,"7,710.00",+0.02%,87.3,85.75,88.8,109,4737,0.02,11.86%,11.01%,0.539397,2026-08-28
$SPX,7711.76,2026-09-18,20,Call,"7,675.00",+0.48%,109.6,110.09,111.1,61,3984,0.02,11.86%,11.39%,0.605359,2026-08-28
$SPX,7711.76,2026-09-18,20,Call,"7,660.00",+0.67%,119.9,119.74,121.4,22,1439,0.02,11.86%,11.56%,0.63154,2026-08-28
$SPX,7711.76,2026-09-18,20,Call,"7,765.00",-0.69%,57.6,59.1,59,180,8334,0.02,11.86%,10.49%,0.425835,2026-08-28
$SPX,7711.76,2026-09-18,20,Call,"7,650.00",+0.80%,127,125.66,128.5,267,12724,0.02,11.86%,11.68%,0.648222,2026-08-28
$SPX,7711.76,2026-09-18,20,Call,"7,855.00",-1.86%,24.6,25.24,25.8,24,1177,0.02,11.86%,9.87%,0.242219,2026-08-28
$SPX,7711.76,2026-09-18,20,Call,"7,860.00",-1.92%,23.3,23.3,24.5,25,1429,0.02,11.86%,9.84%,0.233068,2026-08-28
$SPX,7711.76,2026-09-18,20,Call,"7,970.00",-3.35%,5.9,6.25,6.7,26,1145,0.02,11.86%,9.43%,0.081999,2026-08-28
$SPX,7711.76,2026-09-18,20,Call,"8,000.00",-3.74%,4.1,4.1,4.5,4474,277116,0.02,11.86%,9.43%,0.059248,2026-08-28
$SPX,7711.76,2026-09-18,20,Call,"8,040.00",-4.26%,2.35,2.7,2.85,18,857,0.02,11.86%,9.50%,0.038098,2026-08-28
$SPX,7711.76,2026-09-18,20,Call,"7,250.00",+5.99%,482.2,479.5,483.8,103,5267,0.02,11.86%,16.97%,0.947813,2026-08-28
$SPX,7711.76,2026-09-18,20,Call,"8,450.00",-9.57%,0.1,0.4,0.4,100,4472,0.02,11.86%,13.97%,0.003283,2026-08-28
$SPX,7711.76,2026-09-11,13,Call,"7,650.00",+0.80%,104.8,101,105.7,15,614,0.02,11.86%,10.91%,0.678531,2026-08-28
$SPX,7711.76,2027-03-19,202,Call,"8,300.00",-7.63%,147.8,149.3,149.7,102,6407,0.02,11.86%,13.24%,0.318083,2026-08-28
$SPX,7711.76,2027-03-19,202,Call,"8,450.00",-9.57%,104.8,106.1,106.6,16,718,0.02,11.86%,12.92%,0.250386,2026-08-28
$SPX,7711.76,2026-09-09,11,Call,"7,810.00",-1.27%,12.8,13.44,13.3,39,1650,0.02,11.86%,8.22%,0.210788,2026-08-28
$SPX,7711.76,2026-12-31,124,Call,"7,800.00",-1.14%,252.3,254.02,253.8,60,3169,0.02,11.86%,13.76%,0.52445,2026-08-28
$SPX,7711.76,2026-12-31,124,Call,"8,025.00",-4.06%,141.2,152.3,142.9,12,568,0.02,11.86%,12.75%,0.3735,2026-08-28
$SPX,7711.76,2026-12-31,124,Call,"8,600.00",-11.52%,19.3,27.65,20.1,23,983,0.02,11.86%,11.67%,0.084285,2026-08-28
$SPX,7711.76,2026-12-31,124,Call,"9,000.00",-16.70%,4,4.2,4.5,49,2972,0.02,11.86%,11.84%,0.021979,2026-08-28
$SPX,7711.76,2026-10-16,48,Call,"8,350.00",-8.28%,3.1,3.26,3.5,17,1009,0.02,11.86%,10.74%,0.028893,2026-08-28
$SPX,7711.76,2031-12-19,1938,Call,"16,000.00",-107.48%,53.1,113.7,1958.5,238,12508,0.02,11.86%,31.50%,0.371427,2026-08-28
$SPX,7711.76,2026-09-02,4,Call,"7,600.00",+1.45%,117.7,120.7,119.6,18,1039,0.02,11.86%,10.91%,0.906451,2026-08-28
$SPX,7711.76,2026-08-31,2,Call,"7,550.00",+2.10%,163.1,165.63,164.6,21,1020,0.02,11.86%,14.09%,0.980142,2026-08-28
$SPX,7711.76,2026-08-31,2,Call,"7,545.00",+2.16%,168.1,165.67,169.6,12,506,0.02,11.86%,14.46%,0.980571,2026-08-28
$SPX,7711.76,2026-08-31,2,Call,"7,425.00",+3.72%,287.8,316.33,289.4,10,461,0.02,11.86%,21.72%,0.991279,2026-08-28
$SPX,7711.76,2026-12-18,111,Call,"8,350.00",-8.28%,39.9,45.5,41,18,879,0.02,11.86%,11.86%,0.157543,2026-08-28
$SPX,7711.76,2027-02-19,174,Call,"7,875.00",-2.12%,294.2,294,296.5,10,565,0.02,11.86%,14.36%,0.509336,2026-08-28
$SPX,7711.76,2027-02-19,174,Call,"8,350.00",-8.28%,100.1,102.73,102.1,13,807,0.02,11.86%,12.77%,0.257855,2026-08-28
$SPX,7711.76,2029-12-21,1210,Call,"11,000.00",-42.64%,265.1,277,288.4,33,1402,0.02,11.86%,14.79%,0.25305,2026-08-28
$SPX,7711.76,2026-11-20,83,Put,"7,400.00",-4.04%,93.6,94.85,95.2,229,10624,0.02,11.86%,16.30%,-0.255023,2026-08-28
$SPX,7711.76,2026-11-20,83,Put,"7,250.00",-5.99%,72.2,70.73,73.7,52,2697,0.02,11.86%,17.72%,-0.195417,2026-08-28
$SPX,7711.76,2026-11-20,83,Call,"7,700.00",+0.15%,239.8,240.99,241.8,97,9063,0.01,11.86%,13.72%,0.573385,2026-08-28
$SPX,7711.76,2026-11-20,83,Call,"7,600.00",+1.45%,307.6,303.95,309.6,32,4167,0.01,11.86%,14.43%,0.644046,2026-08-28
$SPX,7711.76,2026-11-20,83,Call,"7,925.00",-2.77%,119.1,117.6,120.8,13,956,0.01,11.86%,12.43%,0.386581,2026-08-28
$SPX,7711.76,2026-11-20,83,Call,"7,450.00",+3.39%,421.4,419.26,423.8,18,2326,0.01,11.86%,15.61%,0.7306,2026-08-28
$SPX,7711.76,2026-11-20,83,Call,"8,300.00",-7.63%,23.6,24.27,24.7,57,7938,0.01,11.86%,11.36%,0.120153,2026-08-28
$SPX,7711.76,2026-11-20,83,Call,"7,000.00",+9.23%,813.2,812.68,815.7,149,23309,0.01,11.86%,19.52%,0.88057,2026-08-28
$SPX,7711.76,2026-11-20,83,Call,"6,850.00",+11.17%,952.2,951.1,954.9,10,1443,0.01,11.86%,20.82%,0.907907,2026-08-28
$SPX,7711.76,2026-11-20,83,Call,"9,000.00",-16.70%,1,1.25,1.45,58,3923,0.01,11.86%,12.58%,0.008122,2026-08-28
$SPX,7711.76,2026-11-20,83,Call,"6,000.00",+22.20%,1757,1768.03,1781,48,8929,0.01,11.86%,26.83%,0.981746,2026-08-28
$SPX,7711.76,2026-10-16,48,Call,"7,675.00",+0.48%,180.3,176.28,182.3,16,2070,0.01,11.86%,12.72%,0.591934,2026-08-28
$SPX,7711.76,2026-10-16,48,Call,"7,650.00",+0.80%,197.3,195,199.3,30,5015,0.01,11.86%,12.94%,0.617479,2026-08-28
$SPX,7711.76,2026-10-16,48,Call,"7,550.00",+2.10%,271,271.95,273.2,39,3129,0.01,11.86%,13.87%,0.706623,2026-08-28
$SPX,7711.76,2026-10-16,48,Call,"7,450.00",+3.39%,352.4,351.03,354.5,19,2416,0.01,11.86%,14.89%,0.775462,2026-08-28
$SPX,7711.76,2026-10-16,48,Call,"7,400.00",+4.04%,395.1,394.17,397.3,70,7197,0.01,11.86%,15.42%,0.803261,2026-08-28
$SPX,7711.76,2026-10-16,48,Call,"8,125.00",-5.36%,14.4,15.05,15.5,44,3851,0.01,11.86%,10.41%,0.10838,2026-08-28
$SPX,7711.76,2026-10-16,48,Call,"8,375.00",-8.60%,2.4,2.9,2.9,10,685,0.01,11.86%,10.71%,0.023862,2026-08-28
$SPX,7711.76,2026-10-16,48,Call,"8,700.00",-12.81%,0.5,0.9,0.85,27,3022,0.01,11.86%,12.59%,0.00603,2026-08-28
$SPX,7711.76,2026-10-16,48,Call,"8,900.00",-15.41%,0.2,0.5,0.5,20,2748,0.01,11.86%,13.78%,0.003041,2026-08-28
$SPX,7711.76,2027-01-15,139,Call,"7,850.00",-1.79%,251,251,253.3,38,2548,0.01,11.86%,13.89%,0.502634,2026-08-28
$SPX,7711.76,2027-01-15,139,Call,"7,350.00",+4.69%,600.4,614.86,603.2,21,1537,0.01,11.86%,17.03%,0.741953,2026-08-28
$SPX,7711.76,2027-01-15,139,Call,"7,325.00",+5.02%,620.6,644.13,623.4,12,1778,0.01,11.86%,17.20%,0.750455,2026-08-28
$SPX,7711.76,2027-01-15,139,Call,"7,300.00",+5.34%,641,655.59,643.8,29,4142,0.01,11.86%,17.38%,0.75865,2026-08-28
$SPX,7711.76,2027-01-15,139,Call,"8,500.00",-10.22%,38.7,39.9,40.2,42,4199,0.01,11.86%,11.99%,0.140059,2026-08-28
$SPX,7711.76,2027-01-15,139,Call,"8,700.00",-12.81%,18.6,19.5,19.7,17,2104,0.01,11.86%,11.79%,0.077859,2026-08-28
$SPX,7711.76,2027-01-15,139,Call,"9,000.00",-16.70%,6,6.2,6.7,38,5823,0.01,11.86%,11.81%,0.029913,2026-08-28
$SPX,7711.76,2027-01-15,139,Call,"9,200.00",-19.30%,3.1,3.69,3.7,10,976,0.01,11.86%,12.12%,0.016788,2026-08-28
$SPX,7711.76,2026-09-25,27,Call,"7,000.00",+9.23%,720.3,728.5,744.3,25,2752,0.01,11.86%,16.83%,0.985982,2026-08-28
$SPX,7711.76,2026-09-25,27,Call,"6,000.00",+22.20%,1710.3,1717.68,1734.3,25,2753,0.01,11.86%,21.03%,0.999996,2026-08-28
$SPX,7711.76,2027-09-17,384,Call,"8,250.00",-6.98%,404.7,403.6,407.3,19,1462,0.01,11.86%,15.56%,0.469991,2026-08-28
$SPX,7711.76,2027-09-17,384,Call,"9,100.00",-18.00%,122,121.34,123.9,12,838,0.01,11.86%,13.78%,0.212291,2026-08-28
$SPX,7711.76,2026-09-18,20,Call,"7,675.00",+0.48%,111.4,109.15,112.3,44,4794,0.01,11.86%,11.60%,0.603637,2026-08-28
$SPX,7711.76,2026-09-18,20,Call,"7,650.00",+0.80%,128.7,127.11,129.6,62,5408,0.01,11.86%,11.89%,0.645919,2026-08-28
$SPX,7711.76,2026-09-18,20,Call,"7,550.00",+2.10%,204.1,208.83,210.1,35,2557,0.01,11.86%,13.10%,0.779808,2026-08-28
$SPX,7711.76,2026-10-30,62,Call,"8,000.00",-3.74%,58.6,59.85,59.5,40,5245,0.01,11.86%,11.55%,0.269419,2026-08-28
$SPX,7711.76,2026-10-30,62,Call,"8,600.00",-11.52%,2.1,2.15,2.4,53,10439,0.01,11.86%,11.64%,0.017134,2026-08-28
$SPX,7711.76,2026-09-21,23,Call,"7,875.00",-2.12%,23.3,25,24.2,10,1488,0.01,11.86%,9.63%,0.223615,2026-08-28
$SPX,7711.76,2026-09-15,17,Call,"7,700.00",+0.15%,78.3,78.68,79.3,31,2347,0.01,11.86%,9.91%,0.564014,2026-08-28
$SPX,7711.76,2026-09-30,32,Call,"7,550.00",+2.10%,230.7,233.74,236.5,18,2197,0.01,11.86%,13.09%,0.742305,2026-08-28
$SPX,7711.76,2026-09-30,32,Call,"7,975.00",-3.41%,17.5,18.64,17.9,21,2274,0.01,11.86%,9.86%,0.152985,2026-08-28
$SPX,7711.76,2026-09-30,32,Call,"8,050.00",-4.39%,8.5,8.9,8.9,37,3177,0.01,11.86%,9.72%,0.08623,2026-08-28
$SPX,7711.76,2026-09-30,32,Call,"8,200.00",-6.33%,2.15,2.22,2.45,92,14849,0.01,11.86%,10.07%,0.026515,2026-08-28
$SPX,7711.76,2026-09-30,32,Call,"8,270.00",-7.24%,1.3,2.15,1.55,28,2251,0.01,11.86%,10.50%,0.0167,2026-08-28
$SPX,7711.76,2026-09-30,32,Call,"8,800.00",-14.11%,0.15,0.2,0.3,17,1388,0.01,11.86%,15.17%,0.00223,2026-08-28
$SPX,7711.76,2026-12-18,111,Call,"7,675.00",+0.48%,307.2,346.28,309.3,37,5511,0.01,11.86%,14.26%,0.598301,2026-08-28
$SPX,7711.76,2026-12-18,111,Call,"7,500.00",+2.75%,432,430.97,434.3,262,27208,0.01,11.86%,15.42%,0.694215,2026-08-28
$SPX,7711.76,2026-12-18,111,Call,"8,150.00",-5.68%,81.7,81.6,83.4,51,5363,0.01,11.86%,12.19%,0.269424,2026-08-28
$SPX,7711.76,2026-12-18,111,Call,"8,500.00",-10.22%,21.2,21.93,22.4,159,16612,0.01,11.86%,11.63%,0.096278,2026-08-28
$SPX,7711.76,2026-12-18,111,Call,"8,550.00",-10.87%,17.1,17.3,18.2,31,6162,0.01,11.86%,11.59%,0.080844,2026-08-28
$SPX,7711.76,2026-12-18,111,Call,"11,000.00",-42.64%,0.15,0.2,0.3,13,1223,0.01,11.86%,19.78%,0.000992,2026-08-28
$SPX,7711.76,2026-12-18,111,Call,200.00,+97.41%,7479,7494.3,7503,17,2109,0.01,11.86%,0.00%,0,2026-08-28
$SPX,7711.76,2027-05-21,265,Call,"9,600.00",-24.49%,13.3,13.6,14.2,18,1315,0.01,11.86%,12.56%,0.042485,2026-08-28
$SPX,7711.76,2027-06-17,292,Call,"8,300.00",-7.63%,262.8,289.4,265.4,31,3996,0.01,11.86%,14.50%,0.398998,2026-08-28
$SPX,7711.76,2027-06-17,292,Call,"8,500.00",-10.22%,188.9,189.99,191,93,16566,0.01,11.86%,13.98%,0.322587,2026-08-28
$SPX,7711.76,2027-06-17,292,Call,"8,800.00",-14.11%,110.2,112.8,112.1,65,8670,0.01,11.86%,13.47%,0.220553,2026-08-28
$SPX,7711.76,2027-06-17,292,Call,"9,100.00",-18.00%,60.8,65.66,62.4,40,3336,0.01,11.86%,13.13%,0.140316,2026-08-28
$SPX,7711.76,2027-06-17,292,Call,"9,600.00",-24.49%,19.7,24.8,20.7,31,5528,0.01,11.86%,12.73%,0.056316,2026-08-28
$SPX,7711.76,2027-06-17,292,Call,"10,800.00",-40.05%,2,2.75,2.5,27,2722,0.01,11.86%,13.67%,0.007515,2026-08-28
$SPX,7711.76,2026-09-18,20,Call,"7,705.00",+0.09%,90.3,87.35,91.8,37,3339,0.01,11.86%,11.06%,0.54921,2026-08-28
$SPX,7711.76,2026-09-18,20,Call,"7,695.00",+0.22%,96.6,95.5,98,60,11494,0.01,11.86%,11.17%,0.568438,2026-08-28
$SPX,7711.76,2026-09-18,20,Call,"7,685.00",+0.35%,103,103.1,104.5,41,5906,0.01,11.86%,11.28%,0.587148,2026-08-28
$SPX,7711.76,2026-09-18,20,Call,"7,670.00",+0.54%,113,109.15,114.5,37,6437,0.01,11.86%,11.45%,0.614218,2026-08-28
$SPX,7711.76,2026-09-18,20,Call,"7,665.00",+0.61%,116.5,129.27,118,15,1513,0.01,11.86%,11.51%,0.622853,2026-08-28
$SPX,7711.76,2026-09-18,20,Call,"7,645.00",+0.87%,130.6,127.54,132.1,24,1689,0.01,11.86%,11.74%,0.656353,2026-08-28
$SPX,7711.76,2026-09-18,20,Call,"7,640.00",+0.93%,134.3,136.25,135.8,47,6047,0.01,11.86%,11.81%,0.664221,2026-08-28
$SPX,7711.76,2026-09-18,20,Call,"7,790.00",-1.01%,46.4,46.86,47.8,36,3576,0.01,11.86%,10.28%,0.372596,2026-08-28
$SPX,7711.76,2026-09-18,20,Call,"7,805.00",-1.21%,40.6,59.25,41.9,65,5673,0.01,11.86%,10.18%,0.34128,2026-08-28
$SPX,7711.76,2026-09-18,20,Call,"7,810.00",-1.27%,38.8,40.4,40,33,4151,0.01,11.86%,10.15%,0.330934,2026-08-28
$SPX,7711.76,2026-09-18,20,Call,"7,815.00",-1.34%,36.9,40.72,38.2,27,3741,0.01,11.86%,10.11%,0.320514,2026-08-28
$SPX,7711.76,2026-09-18,20,Call,"7,820.00",-1.40%,35.1,34.34,36.4,28,2484,0.01,11.86%,10.07%,0.310144,2026-08-28
$SPX,7711.76,2026-09-18,20,Call,"7,975.00",-3.41%,5.6,5.6,6.3,58,5154,0.01,11.86%,9.44%,0.078053,2026-08-28
$SPX,7711.76,2026-09-18,20,Call,"8,150.00",-5.68%,0.75,0.93,1.15,102,12168,0.01,11.86%,10.36%,0.014478,2026-08-28
$SPX,7711.76,2026-09-18,20,Call,"8,225.00",-6.66%,0.45,0.55,0.75,75,8251,0.01,11.86%,11.20%,0.008927,2026-08-28
$SPX,7711.76,2026-09-18,20,Call,"8,250.00",-6.98%,0.4,0.55,0.7,162,11748,0.01,11.86%,11.55%,0.008023,2026-08-28
$SPX,7711.76,2026-09-18,20,Call,"8,350.00",-8.28%,0.2,0.35,0.55,42,3405,0.01,11.86%,12.83%,0.005147,2026-08-28
$SPX,7711.76,2026-09-18,20,Call,"8,375.00",-8.60%,0.2,0.45,0.5,20,1373,0.01,11.86%,13.17%,0.004718,2026-08-28
$SPX,7711.76,2026-09-18,20,Call,"8,400.00",-8.92%,0.15,0.27,0.5,123,20072,0.01,11.86%,13.50%,0.004312,2026-08-28
$SPX,7711.76,2026-09-18,20,Call,"6,600.00",+14.42%,1111.8,1124,1135.8,75,10495,0.01,11.86%,17.78%,0.99993,2026-08-28
$SPX,7711.76,2027-08-20,356,Call,"7,800.00",-1.14%,619.9,619.4,623.1,13,1545,0.01,11.86%,17.04%,0.597867,2026-08-28
$SPX,7711.76,2027-08-20,356,Call,"8,250.00",-6.98%,369.7,371.23,372.2,10,952,0.01,11.86%,15.40%,0.455549,2026-08-28
$SPX,7711.76,2027-03-19,202,Call,"7,700.00",+0.15%,446.9,445.63,449.3,57,4504,0.01,11.86%,15.52%,0.603432,2026-08-28
$SPX,7711.76,2027-03-19,202,Call,"8,200.00",-6.33%,183.2,184.25,185.2,51,9214,0.01,11.86%,13.50%,0.366438,2026-08-28
$SPX,7711.76,2027-03-19,202,Call,"8,325.00",-7.95%,139.8,138.9,141.7,20,2272,0.01,11.86%,13.18%,0.306324,2026-08-28
$SPX,7711.76,2027-03-19,202,Call,"8,900.00",-15.41%,32.2,32.4,33.4,46,3695,0.01,11.86%,12.34%,0.101283,2026-08-28
$SPX,7711.76,2026-09-09,11,Call,"7,650.00",+0.80%,94.8,94.77,95.6,18,3009,0.01,11.86%,9.95%,0.704516,2026-08-28
$SPX,7711.76,2026-12-31,124,Call,"8,500.00",-10.22%,28.6,32.9,29.5,25,2299,0.01,11.86%,11.75%,0.115891,2026-08-28
$SPX,7711.76,2026-10-16,48,Call,"7,575.00",+1.77%,253.4,250.73,254.7,12,851,0.01,11.86%,13.75%,0.684949,2026-08-28
$SPX,7711.76,2026-10-16,48,Call,"7,550.00",+2.10%,270.4,269.86,276.2,14,1030,0.01,11.86%,14.00%,0.705112,2026-08-28
$SPX,7711.76,2027-12-17,475,Call,"8,150.00",-5.68%,568.7,572.7,573.9,17,1755,0.01,11.86%,16.55%,0.532474,2026-08-28
$SPX,7711.76,2027-12-17,475,Call,"8,200.00",-6.33%,542.2,543.3,547.4,32,4087,0.01,11.86%,16.40%,0.519083,2026-08-28
$SPX,7711.76,2028-12-15,839,Call,"9,800.00",-27.08%,284.1,320.3,307.9,15,1291,0.01,11.86%,14.85%,0.300725,2026-08-28
$SPX,7711.76,2028-12-15,839,Call,"14,000.00",-81.54%,1.55,11.5,13.3,16,1665,0.01,11.86%,14.22%,0.013608,2026-08-28
$SPX,7711.76,2026-09-23,25,Call,"7,850.00",-1.79%,34.7,36.4,35.7,23,2738,0.01,11.86%,10.00%,0.284017,2026-08-28
$SPX,7711.76,2026-08-31,2,Call,"7,450.00",+3.39%,262.8,266.57,264.5,10,1678,0.01,11.86%,20.33%,0.989707,2026-08-28
$SPX,7711.76,2026-08-31,2,Call,"7,350.00",+4.69%,362.8,360.65,364.4,11,1009,0.01,11.86%,26.87%,0.992552,2026-08-28
$SPX,7711.76,2026-12-18,111,Call,"8,400.00",-8.92%,32.8,33.2,33.8,11,781,0.01,11.86%,11.79%,0.135144,2026-08-28
$SPX,7711.76,2027-03-31,214,Call,"8,200.00",-6.33%,197.6,214.47,199.7,10,1005,0.01,11.86%,13.60%,0.377241,2026-08-28
$SPX,7711.76,2027-03-31,214,Call,"8,400.00",-8.92%,129.6,142.35,131.7,22,2655,0.01,11.86%,13.11%,0.284925,2026-08-28
"Downloaded from Barchart.com as of 08-28-2026 11:32pm CDT"
