Symbol,Price~,"Exp Date",DTE,Type,Strike,Moneyness,Bid,Latest,Ask,Volume,"Open Int",Vol/OI,"Imp Vol",IV,Delta,Time
AVTR,12.42,2026-10-16,80,Call,13.00,-4.67%,0.85,0.85,0.9,40374,110,367.04,50.89%,46.46%,0.474598,2026-07-28
SKHY,130.17,2026-12-18,143,Call,210.00,-61.33%,14.6,15.8,16.5,48350,289,167.3,123.43%,107.38%,0.361983,2026-07-28
TSLA,307.44,2026-07-29,1,Call,302.50,+1.61%,6.3,6.38,6.6,22902,154,148.71,46.54%,53.45%,0.724636,2026-07-28
TSLA,307.44,2026-07-29,1,Call,305.00,+0.79%,4.7,4.84,4.9,58533,415,141.04,46.54%,53.55%,0.618625,2026-07-28
REPL,5.35,2026-07-31,3,Call,10.00,-86.92%,0.7,0.9,1.4,19473,163,119.47,402.22%,"1,073.64%",0.438124,2026-07-28
TSM,392.31,2026-09-04,38,Call,425.00,-8.33%,12,13.77,14.65,17015,163,104.39,49.24%,49.74%,0.344502,2026-07-28
CAPR,6.57,2026-08-21,24,Call,15.00,-128.31%,1.15,1.2,1.4,9090,136,66.84,338.72%,422.79%,0.413984,2026-07-28
TSLA,307.44,2026-07-29,1,Put,302.50,-1.61%,1.5,1.54,1.53,57767,873,66.17,46.54%,54.08%,-0.277745,2026-07-28
CORZ,20.75,2026-07-31,3,Call,20.00,+3.61%,1.15,1.52,1.43,20609,322,64,88.13%,117.22%,0.655478,2026-07-28
INTC,86.3,2026-07-29,1,Call,87.00,-0.81%,1.57,1.6,1.67,14918,241,61.9,84.58%,107.62%,0.454695,2026-07-28
AMD,454.62,2026-07-29,1,Put,452.50,-0.47%,7.7,8.05,8.6,9462,153,61.84,81.00%,97.05%,-0.452612,2026-07-28
AAPL,340.08,2026-07-29,1,Put,337.50,-0.76%,1.13,1.15,1.2,42615,722,59.02,29.11%,31.53%,-0.317564,2026-07-28
INTC,86.3,2026-07-29,1,Call,86.00,+0.35%,2.01,2.22,2.17,5941,101,58.82,84.58%,107.45%,0.536457,2026-07-28
TSLA,307.44,2026-07-29,1,Call,295.00,+4.05%,12.65,12.78,13,9424,161,58.53,46.54%,57.71%,0.917118,2026-07-28
AMD,454.62,2026-07-29,1,Call,480.00,-5.58%,1.8,1.89,1.98,8701,150,58.01,81.00%,99.81%,0.155779,2026-07-28
TSLA,307.44,2026-07-29,1,Put,297.50,-3.23%,0.57,0.58,0.59,47049,814,57.8,46.54%,56.01%,-0.127391,2026-07-28
INTC,86.3,2026-07-31,3,Call,87.00,-0.81%,2.92,3.04,3.1,5667,104,54.49,84.58%,106.58%,0.486928,2026-07-28
CIFR,20.42,2026-08-07,10,Put,18.00,-11.85%,0.98,1.06,1.11,11051,209,52.88,133.65%,161.22%,-0.271122,2026-07-28
TSLA,307.44,2026-07-29,1,Call,307.50,-0.02%,3.4,3.45,3.5,54310,1072,50.66,46.54%,53.97%,0.504283,2026-07-28
GXO,53.3,2026-08-21,24,Put,52.50,-1.50%,1.8,2.2,2.4,5005,100,50.05,45.64%,46.81%,-0.420001,2026-07-28
AMD,454.62,2026-07-29,1,Put,462.50,+1.73%,13.4,14.9,14.55,8114,167,48.59,81.00%,99.73%,-0.618568,2026-07-28
ADTN,9.01,2026-11-20,115,Put,7.00,-22.31%,0.55,0.7,1,9032,187,48.3,98.24%,90.10%,-0.223889,2026-07-28
NBIS,169.69,2026-08-14,17,Put,220.00,+29.65%,56.75,61.05,59.3,7066,162,43.62,156.02%,154.40%,-0.729377,2026-07-28
RCL,322.5,2026-12-18,143,Put,280.00,-13.18%,16.8,18.54,19.2,10769,267,40.33,47.49%,48.36%,-0.25966,2026-07-28
SKHY,130.17,2026-08-07,10,Put,75.00,-42.38%,0.2,0.25,0.25,10296,270,38.13,123.43%,166.24%,-0.015995,2026-07-28
NVDA,197.01,2026-07-29,1,Call,195.00,+1.02%,3.1,3.1,3.25,94679,2487,38.07,41.99%,48.88%,0.66165,2026-07-28
AAPL,340.08,2026-07-29,1,Put,340.00,-0.02%,2.05,2.14,2.21,17452,484,36.06,29.11%,30.75%,-0.489128,2026-07-28
GFS,49.02,2027-06-17,324,Put,45.00,-8.20%,8.9,10.34,10.5,8716,250,34.86,91.55%,70.63%,-0.310997,2026-07-28
INTC,86.3,2026-07-31,3,Call,88.00,-1.97%,2.47,2.57,2.67,10099,292,34.59,84.58%,106.10%,0.439518,2026-07-28
MU,820.53,2026-07-29,1,Call,850.00,-3.59%,11.6,12,12.15,14252,422,33.77,95.59%,136.11%,0.323337,2026-07-28
SKHY,130.17,2026-07-31,3,Call,135.00,-3.71%,5.8,6,6,3775,114,33.11,123.43%,168.50%,0.436356,2026-07-28
GOOGL,333.71,2026-07-29,1,Put,332.50,-0.36%,2.1,2.16,2.23,4128,127,32.5,31.31%,39.39%,-0.424534,2026-07-28
BMNR,17.57,2026-09-18,52,Put,16.00,-8.94%,1.33,1.36,1.39,7020,219,32.05,83.83%,82.80%,-0.319518,2026-07-28
INTC,86.3,2026-07-29,1,Call,88.00,-1.97%,1.16,1.24,1.29,14161,457,30.99,84.58%,107.50%,0.375576,2026-07-28
GOOGL,333.71,2026-07-29,1,Put,330.00,-1.11%,1.21,1.27,1.3,7529,244,30.86,31.31%,39.34%,-0.288682,2026-07-28
INTC,86.3,2026-07-31,3,Call,86.00,+0.35%,3.35,3.55,3.55,3215,105,30.62,84.58%,105.55%,0.534584,2026-07-28
TSM,392.31,2026-08-21,24,Call,425.00,-8.33%,8.25,8.76,9.05,11324,375,30.2,49.24%,49.94%,0.292254,2026-07-28
MU,820.53,2026-07-29,1,Call,800.00,+2.50%,33.8,35.7,36,4939,167,29.57,95.59%,136.88%,0.652064,2026-07-28
IONQ,33.88,2026-11-20,115,Call,50.00,-47.58%,3.45,3.47,3.6,10528,356,29.57,104.76%,102.25%,0.355663,2026-07-28
TSLA,307.44,2026-07-29,1,Put,300.00,-2.42%,0.94,0.96,0.96,124079,4231,29.33,46.54%,54.90%,-0.192141,2026-07-28
TSLA,307.44,2026-07-31,3,Call,302.50,+1.61%,8.9,8.9,9.1,4687,161,29.11,46.54%,55.87%,0.637228,2026-07-28
MU,820.53,2026-07-29,1,Call,900.00,-9.69%,2.84,2.95,3,32686,1164,28.08,95.59%,137.53%,0.106213,2026-07-28
TSN,61.18,2026-08-21,24,Call,67.50,-10.33%,0.3,0.4,0.5,3169,113,28.04,33.42%,34.99%,0.146939,2026-07-28
DOW,28.85,2026-08-07,10,Put,27.00,-6.41%,0.15,0.2,0.25,7026,251,27.99,43.58%,43.86%,-0.172095,2026-07-28
CRWV,67.3,2026-07-31,3,Call,65.00,+3.42%,4.25,4.4,4.5,4067,149,27.3,112.85%,128.73%,0.640169,2026-07-28
MU,820.53,2026-07-29,1,Put,815.00,-0.67%,20.75,21.3,21.3,5643,208,27.13,95.59%,138.95%,-0.448093,2026-07-28
VFC,18.25,2027-03-19,234,Put,18.00,-1.37%,2.61,2.75,2.79,20032,750,26.71,64.73%,51.51%,-0.393646,2026-07-28
BSX,46.06,2026-07-31,3,Call,49.00,-6.38%,0.8,0.9,0.95,2886,109,26.48,55.28%,116.91%,0.298718,2026-07-28
AMD,454.62,2026-07-29,1,Call,485.00,-6.68%,1.2,1.29,1.37,3483,135,25.8,81.00%,99.99%,0.113525,2026-07-28
AAPL,340.08,2026-08-28,31,Put,320.00,-5.90%,3.85,4.05,4.2,12579,491,25.62,29.11%,30.31%,-0.223054,2026-07-28
SHOP,130.28,2026-07-31,3,Put,125.00,-4.05%,0.99,1.28,1.36,2737,108,25.34,75.54%,68.11%,-0.240329,2026-07-28
AMD,454.62,2026-07-29,1,Call,477.50,-5.03%,2.11,2.21,2.4,3012,120,25.1,81.00%,99.43%,0.179935,2026-07-28
KO,88.27,2026-07-31,3,Put,88.00,-0.31%,0.69,0.68,0.78,3227,129,25.02,20.75%,27.20%,-0.444237,2026-07-28
TSLA,307.44,2026-07-29,1,Put,305.00,-0.79%,2.32,2.35,2.35,75047,3001,25.01,46.54%,53.62%,-0.3817,2026-07-28
SPCX,116.41,2026-07-31,3,Call,107.00,+8.08%,10.4,10.4,11,2628,107,24.56,113.42%,111.11%,0.813328,2026-07-28
SHAZ,44.98,2026-08-21,24,Put,45.00,+0.04%,5.8,6.8,7.5,3344,137,24.41,145.38%,146.30%,-0.424153,2026-07-28
WDS,22.14,2026-08-21,24,Call,25.00,-12.92%,0.15,0.17,0.2,4096,170,24.09,46.31%,43.79%,0.144079,2026-07-28
PTON,6.55,2026-08-14,17,Call,7.50,-14.50%,0.18,0.22,0.24,3754,157,23.91,75.55%,92.60%,0.284539,2026-07-28
TSLA,307.44,2026-07-29,1,Call,310.00,-0.83%,2.37,2.4,2.41,83330,3578,23.29,46.54%,54.46%,0.392354,2026-07-28
LCID,7.9,2026-09-18,52,Call,14.00,-77.22%,0.06,0.18,0.33,3582,154,23.26,147.12%,114.02%,0.135208,2026-07-28
MU,820.53,2026-07-29,1,Call,840.00,-2.37%,14.85,15.02,15.5,3791,163,23.26,95.59%,136.25%,0.385192,2026-07-28
HIMS,29.32,2026-08-14,17,Put,33.00,+12.55%,4.95,5.29,5.6,4014,174,23.07,103.17%,117.15%,-0.632024,2026-07-28
AMZN,230.86,2026-07-29,1,Call,222.50,+3.62%,7.45,8.3,8.8,3384,151,22.41,42.65%,28.78%,0.993098,2026-07-28
AAPL,340.08,2026-07-29,1,Call,342.50,-0.71%,1.14,1.16,1.17,53857,2410,22.35,29.11%,30.04%,0.330917,2026-07-28
ARRY,5.1,2026-08-21,24,Call,5.00,+1.96%,0.6,0.72,0.7,4204,190,22.13,108.06%,115.23%,0.58817,2026-07-28
AAPL,340.08,2026-07-29,1,Call,345.00,-1.45%,0.51,0.53,0.55,96062,4368,21.99,29.11%,29.97%,0.183508,2026-07-28
INTC,86.3,2026-07-29,1,Call,90.00,-4.29%,0.64,0.7,0.7,26876,1270,21.16,84.58%,108.48%,0.238974,2026-07-28
CCJ,86.96,2026-08-21,24,Put,70.00,-19.50%,0.17,0.43,0.46,4596,218,21.08,55.84%,56.17%,-0.055869,2026-07-28
TSM,392.31,2026-08-21,24,Call,435.00,-10.88%,6.1,6.5,6.5,6238,298,20.93,49.24%,49.51%,0.230907,2026-07-28
NCLH,21.22,2026-07-31,3,Put,21.00,-1.04%,0.67,0.7,0.94,2239,107,20.93,57.19%,119.71%,-0.439361,2026-07-28
RIOT,21.24,2026-08-07,10,Call,23.00,-8.29%,0.95,1,1.27,2362,114,20.72,108.72%,127.04%,0.394054,2026-07-28
AMD,454.62,2026-07-31,3,Call,470.00,-3.38%,9.35,9.5,9.95,2755,133,20.71,81.00%,96.57%,0.369609,2026-07-28
NVDA,197.01,2026-07-29,1,Call,200.00,-1.52%,0.8,0.82,0.85,187871,9208,20.4,41.99%,47.38%,0.27706,2026-07-28
MRVL,174.47,2026-07-31,3,Call,180.00,-3.17%,5.05,5.25,5.4,4104,203,20.22,95.58%,119.50%,0.408551,2026-07-28
MU,820.53,2026-07-29,1,Put,820.00,-0.06%,23.1,23.71,23.7,8651,431,20.07,95.59%,138.41%,-0.481555,2026-07-28
GOOGL,333.71,2026-07-29,1,Call,332.50,+0.36%,3.3,3.35,3.5,10920,544,20.07,31.31%,39.32%,0.575842,2026-07-28
AMD,454.62,2026-07-29,1,Put,445.00,-2.12%,4.9,5.5,5.45,4926,250,19.7,81.00%,98.08%,-0.328512,2026-07-28
INTC,86.3,2026-07-31,3,Call,89.00,-3.13%,2.1,2.27,2.27,5533,282,19.62,84.58%,105.91%,0.393452,2026-07-28
INTC,86.3,2026-07-29,1,Put,83.00,-3.82%,0.69,0.73,0.78,7025,360,19.51,84.58%,110.94%,-0.241395,2026-07-28
AMD,454.62,2026-07-29,1,Put,437.50,-3.77%,2.87,3.03,3.25,2209,115,19.21,81.00%,98.86%,-0.220801,2026-07-28
CORZ,20.75,2026-08-21,24,Call,21.00,-1.20%,1.72,2.02,1.88,6370,332,19.19,88.13%,89.32%,0.528537,2026-07-28
LCID,7.9,2026-07-31,3,Call,10.00,-26.58%,0.1,0.1,0.12,9409,499,18.86,147.12%,224.22%,0.145349,2026-07-28
AMZN,230.86,2026-07-29,1,Put,227.50,-1.46%,0.64,0.64,0.67,15790,844,18.71,42.65%,39.32%,-0.233614,2026-07-28
APAM,40.88,2026-08-21,24,Call,45.00,-10.08%,0.3,0.35,0.35,5918,317,18.67,37.90%,37.36%,0.163631,2026-07-28
NVDA,197.01,2026-07-29,1,Put,192.50,-2.29%,0.53,0.55,0.56,87950,4725,18.61,41.99%,50.79%,-0.187417,2026-07-28
AMD,454.62,2026-07-29,1,Put,465.00,+2.28%,14.9,16.74,16.25,6513,351,18.56,81.00%,99.23%,-0.658129,2026-07-28
TSLA,307.44,2026-07-29,1,Put,312.50,+1.65%,6.55,6.75,6.8,10445,563,18.55,46.54%,55.84%,-0.705979,2026-07-28
MCHP,75.71,2026-07-31,3,Call,79.00,-4.35%,0.9,1.1,1.2,1890,103,18.35,72.32%,83.43%,0.300329,2026-07-28
TSLA,307.44,2026-07-29,1,Put,287.50,-6.49%,0.1,0.11,0.11,8725,482,18.1,46.54%,66.39%,-0.025602,2026-07-28
BE,166.84,2026-08-21,24,Put,130.00,-22.08%,11.1,11.6,11.75,27791,1535,18.1,161.87%,172.76%,-0.214934,2026-07-28
PEP,142.86,2026-08-21,24,Call,142.00,+0.60%,3.8,3.89,5,2920,162,18.02,24.09%,27.34%,0.545866,2026-07-28
IONQ,33.88,2026-07-31,3,Call,33.50,+1.12%,1.47,1.5,1.63,3285,185,17.76,104.76%,110.53%,0.565787,2026-07-28
MU,820.53,2026-07-29,1,Call,810.00,+1.28%,28.3,29.15,30,4494,254,17.69,95.59%,137.88%,0.585675,2026-07-28
WFC,86.87,2028-01-21,542,Put,90.00,+3.60%,11.45,12,13.65,2001,114,17.55,25.43%,29.11%,-0.444936,2026-07-28
TSLA,307.44,2026-07-29,1,Call,297.50,+3.23%,10.4,10.46,10.7,5256,302,17.4,46.54%,56.04%,0.872586,2026-07-28
NVDA,197.01,2026-07-29,1,Call,192.50,+2.29%,4.45,5,5.5,11895,690,17.24,41.99%,47.22%,0.829666,2026-07-28
TSLA,307.44,2026-07-29,1,Call,290.00,+5.67%,17.25,16.7,17.85,1953,114,17.13,46.54%,56.68%,0.976515,2026-07-28
INTC,86.3,2026-07-29,1,Call,89.00,-3.13%,0.88,0.89,0.94,4196,245,17.13,84.58%,107.70%,0.3026,2026-07-28
SOFI,16.74,2028-12-15,871,Call,30.00,-79.21%,4.15,4.25,4.3,6825,405,16.85,67.24%,66.28%,0.516,2026-07-28
SIRI,31.68,2026-07-31,3,Put,30.00,-5.30%,0.01,0.44,0.86,2150,128,16.8,39.69%,96.20%,-0.251788,2026-07-28
GEHC,64.11,2026-07-31,3,Call,67.00,-4.51%,0.8,1.02,1.2,2564,153,16.76,43.94%,90.13%,0.310145,2026-07-28
CORZ,20.75,2026-08-14,17,Call,24.00,-15.66%,0.4,0.6,0.75,2525,152,16.61,88.13%,90.03%,0.25965,2026-07-28
RIOT,21.24,2026-08-07,10,Call,23.50,-10.64%,0.6,0.77,1.02,2341,141,16.6,108.72%,115.37%,0.334003,2026-07-28
TSLA,307.44,2026-07-29,1,Call,317.50,-3.27%,0.68,0.69,0.7,20920,1269,16.49,46.54%,57.52%,0.146606,2026-07-28
NVDA,197.01,2026-07-29,1,Call,180.00,+8.63%,12.85,17.5,20.45,2581,157,16.44,41.99%,125.28%,0.920888,2026-07-28
NBIS,169.69,2026-08-14,17,Put,210.00,+23.76%,48.85,51.34,51.5,1702,104,16.37,156.02%,156.14%,-0.677822,2026-07-28
TSM,392.31,2026-08-21,24,Call,475.00,-21.08%,1.65,1.67,1.89,11280,696,16.21,49.24%,50.44%,0.080779,2026-07-28
RIVN,16.69,2026-10-16,80,Call,23.00,-37.81%,0.58,0.57,0.65,4465,277,16.12,77.38%,71.67%,0.222466,2026-07-28
NVDA,197.01,2026-07-29,1,Call,185.00,+6.10%,10.35,12.55,13.75,9255,576,16.07,41.99%,53.99%,0.987522,2026-07-28
TTMI,108.69,2026-09-18,52,Call,180.00,-65.61%,1.35,2.67,4.4,1700,106,16.04,116.98%,106.79%,0.149892,2026-07-28
TSLA,307.44,2026-07-31,3,Call,297.50,+3.23%,12.3,11.75,12.6,2332,146,15.97,46.54%,56.56%,0.749377,2026-07-28
GS,1033.34,2026-08-07,10,Put,900.00,-12.90%,1.15,1.11,1.6,2360,148,15.95,35.91%,48.85%,-0.03961,2026-07-28
TSLA,307.44,2026-07-29,1,Put,295.00,-4.05%,0.34,0.35,0.36,35855,2253,15.91,46.54%,57.47%,-0.082066,2026-07-28
NVDA,197.01,2026-08-14,17,Call,202.50,-2.79%,4.65,4.9,4.95,7584,483,15.7,41.99%,41.32%,0.402223,2026-07-28
IREN,33.93,2026-07-31,3,Call,34.00,-0.21%,1.91,1.96,2,2688,174,15.45,135.15%,161.75%,0.524437,2026-07-28
PLTR,123.53,2026-07-31,3,Call,119.00,+3.67%,5.75,5.85,5.9,3076,200,15.38,67.76%,68.59%,0.737873,2026-07-28
TSLA,307.44,2026-07-29,1,Call,300.00,+2.42%,8.25,8.35,8.55,20639,1346,15.33,46.54%,54.46%,0.809814,2026-07-28
GOOGL,333.71,2026-07-29,1,Put,335.00,+0.39%,3.3,3.47,3.55,2933,192,15.28,31.31%,39.36%,-0.568885,2026-07-28
GRPN,28.1,2026-08-21,24,Put,19.00,-32.38%,0.25,0.47,0.65,2001,131,15.27,117.61%,130.42%,-0.08949,2026-07-28
AMD,454.62,2026-07-29,1,Call,500.00,-9.98%,0.38,0.39,0.42,8723,576,15.14,81.00%,102.87%,0.041084,2026-07-28
ORCL,119.96,2026-08-14,17,Call,140.00,-16.71%,1.34,1.45,1.58,10581,699,15.14,69.19%,68.23%,0.166056,2026-07-28
FLGT,19.63,2026-08-21,24,Put,17.50,-10.85%,0.6,0.8,1.15,1525,101,15.1,90.36%,92.53%,-0.270463,2026-07-28
F,14.96,2028-01-21,542,Call,30.00,-100.53%,0.45,0.39,0.67,2450,163,15.03,43.50%,45.79%,0.159114,2026-07-28
AAPL,340.08,2026-07-29,1,Put,335.00,-1.49%,0.59,0.6,0.65,54666,3644,15,29.11%,33.18%,-0.18938,2026-07-28
TSLA,307.44,2026-07-29,1,Put,290.00,-5.67%,0.14,0.14,0.15,23551,1574,14.96,46.54%,62.59%,-0.035802,2026-07-28
SNDK,1096.1,2026-07-31,3,Call,"1,100.00",-0.36%,70.6,70.97,72.4,3867,262,14.76,140.68%,184.75%,0.525641,2026-07-28
MU,820.53,2026-07-29,1,Call,845.00,-2.98%,13.2,13.35,13.7,2047,139,14.73,95.59%,136.18%,0.353708,2026-07-28
WULF,17.09,2026-09-18,52,Put,12.00,-29.78%,0.65,0.77,0.79,3232,221,14.62,114.63%,111.12%,-0.15538,2026-07-28
AMD,454.62,2026-08-07,10,Call,565.00,-24.28%,3.05,3.25,3.45,2010,138,14.57,81.00%,96.35%,0.100795,2026-07-28
V,366.59,2026-07-31,3,Call,400.00,-9.11%,0.26,0.28,0.32,2898,200,14.49,26.08%,54.22%,0.040485,2026-07-28
TSLA,307.44,2026-07-29,1,Put,292.50,-4.86%,0.21,0.23,0.23,20111,1392,14.45,46.54%,59.74%,-0.053505,2026-07-28
SHAZ,44.98,2026-08-21,24,Call,85.00,-88.97%,0.6,0.8,0.95,4301,298,14.43,145.38%,165.93%,0.100712,2026-07-28
TEVA,31.67,2026-07-31,3,Call,31.00,+2.12%,1.01,1.48,1.65,2346,163,14.39,45.81%,84.18%,0.625967,2026-07-28
AMD,454.62,2026-07-29,1,Put,420.00,-7.62%,0.67,0.79,0.82,2618,185,14.15,81.00%,103.24%,-0.067517,2026-07-28
TSLA,307.44,2026-07-29,1,Call,312.50,-1.65%,1.59,1.6,1.62,26964,1910,14.12,46.54%,55.16%,0.291995,2026-07-28
NVDA,197.01,2026-07-29,1,Put,217.50,+10.40%,19.35,20.36,21.6,1851,132,14.02,41.99%,76.51%,-0.993787,2026-07-28
BMNR,17.57,2026-07-31,3,Put,16.50,-6.09%,0.2,0.21,0.24,16831,1207,13.94,83.83%,99.60%,-0.228484,2026-07-28
NVDA,197.01,2026-07-29,1,Call,177.50,+9.90%,17.6,20.27,21.5,2449,176,13.91,41.99%,84.35%,0.99146,2026-07-28
CRM,181.5,2026-08-07,10,Call,205.00,-12.95%,0.42,0.52,0.6,1554,113,13.75,47.46%,50.02%,0.07773,2026-07-28
AMD,454.62,2026-07-29,1,Put,447.50,-1.57%,5.8,6.2,6.2,2263,165,13.72,81.00%,97.03%,-0.367704,2026-07-28
WDC,463.51,2026-07-31,3,Put,490.00,+5.72%,40,46.55,44.45,2497,186,13.42,107.82%,156.89%,-0.624838,2026-07-28
MSFT,393.35,2026-08-28,31,Call,415.00,-5.50%,10.1,11.26,11.9,3239,245,13.22,44.03%,41.88%,0.359637,2026-07-28
NVDA,197.01,2026-07-29,1,Call,197.50,-0.25%,1.64,1.73,1.87,136353,10339,13.19,41.99%,48.14%,0.467075,2026-07-28
CLS,350.2,2026-08-07,10,Call,360.00,-2.80%,16.3,16.26,19,2252,174,12.94,85.20%,94.19%,0.463058,2026-07-28
INTC,86.3,2026-07-29,1,Put,86.00,-0.35%,1.74,1.8,1.85,5164,403,12.81,84.58%,108.11%,-0.463712,2026-07-28
CORZ,20.75,2026-12-18,143,Call,32.00,-54.22%,1.32,1.66,1.82,5000,391,12.79,88.13%,83.43%,0.294541,2026-07-28
T,24.66,2026-07-31,3,Put,25.00,+1.38%,0.43,0.43,0.51,1811,142,12.75,26.55%,29.52%,-0.691479,2026-07-28
AMD,454.62,2026-07-29,1,Call,490.00,-7.78%,0.82,0.88,0.94,3762,295,12.75,81.00%,100.90%,0.082138,2026-07-28
DELL,392.1,2026-08-07,10,Call,420.00,-7.12%,12.5,13.34,13.85,1503,118,12.74,88.96%,91.66%,0.354929,2026-07-28
SPCX,116.41,2026-07-31,3,Call,109.00,+6.37%,8.9,9.05,9.4,2062,165,12.5,113.42%,109.99%,0.761935,2026-07-28
PSKY,8.07,2026-08-28,31,Call,8.00,+0.87%,0.56,0.62,0.8,1722,138,12.48,62.55%,68.81%,0.558094,2026-07-28
BSX,46.06,2026-07-31,3,Call,55.00,-19.41%,0.1,0.15,0.2,2868,230,12.47,55.28%,126.01%,0.067702,2026-07-28
BE,166.84,2026-08-21,24,Call,230.00,-37.86%,10.2,10.53,11.25,19932,1620,12.3,161.87%,165.44%,0.294893,2026-07-28
CIFR,20.42,2026-07-31,3,Call,20.50,-0.39%,0.97,1.1,1.11,2136,174,12.28,133.65%,145.61%,0.515411,2026-07-28
AMD,454.62,2026-08-07,10,Call,575.00,-26.48%,2.48,3.08,2.83,2009,164,12.25,81.00%,97.08%,0.084501,2026-07-28
AVGO,380.91,2026-07-29,1,Call,380.00,+0.24%,5.1,8.59,6.45,2039,167,12.21,53.60%,66.61%,0.535195,2026-07-28
MU,820.53,2026-07-29,1,Put,810.00,-1.28%,18.5,19.1,19.1,6315,517,12.21,95.59%,139.40%,-0.415017,2026-07-28
AMZN,230.86,2026-07-29,1,Put,247.50,+7.21%,15.8,16.56,17.25,1670,137,12.19,42.65%,55.99%,-0.992556,2026-07-28
HOOD,92.76,2026-07-31,3,Call,92.00,+0.82%,5.35,5.45,5.55,1447,119,12.16,79.79%,151.19%,0.552009,2026-07-28
GOOG,332.6,2026-07-31,3,Put,332.50,-0.03%,4.55,4.75,4.85,1342,111,12.09,31.21%,39.83%,-0.487015,2026-07-28
SKHY,130.17,2026-07-31,3,Call,140.00,-7.55%,4.2,4.3,4.3,11351,941,12.06,123.43%,168.83%,0.345594,2026-07-28
AAPL,340.08,2026-07-29,1,Call,340.00,+0.02%,2.23,2.3,2.3,92408,7762,11.91,29.11%,31.12%,0.51123,2026-07-28
KO,88.27,2027-03-19,234,Call,100.00,-13.29%,1.84,2.05,2.33,2569,216,11.89,20.75%,20.15%,0.260796,2026-07-28
NVDA,197.01,2026-07-29,1,Put,195.00,-1.02%,1.13,1.2,1.22,94202,7989,11.79,41.99%,49.57%,-0.340495,2026-07-28
BBAI,2.76,2026-08-21,24,Call,2.50,+9.42%,0.38,0.41,0.43,1517,129,11.76,90.98%,93.27%,0.706549,2026-07-28
JOBY,7.27,2026-09-18,52,Call,7.00,+3.71%,0.97,1.06,1.12,1374,117,11.74,85.12%,82.76%,0.615728,2026-07-28
CHKP,137.64,2026-08-21,24,Call,145.00,-5.35%,3.5,4.6,5.3,1909,164,11.64,50.32%,51.18%,0.377075,2026-07-28
AMD,454.62,2026-07-29,1,Put,435.00,-4.32%,2.42,2.48,2.65,2041,176,11.6,81.00%,99.24%,-0.190223,2026-07-28
TSLA,307.44,2026-08-03,6,Put,302.50,-1.61%,4.8,4.95,4.95,3310,286,11.57,46.54%,45.78%,-0.376777,2026-07-28
AMD,454.62,2026-07-29,1,Put,457.50,+0.63%,10.05,11,11.35,7310,633,11.55,81.00%,96.73%,-0.538973,2026-07-28
AAPL,340.08,2026-08-07,10,Put,325.00,-4.43%,2.78,2.79,2.9,16647,1446,11.51,29.11%,38.14%,-0.222785,2026-07-28
NOW,110.62,2026-10-16,80,Call,175.00,-58.20%,0.81,0.95,0.98,4608,401,11.49,59.06%,60.07%,0.07193,2026-07-28
PLTR,123.53,2026-07-31,3,Call,121.00,+2.05%,4.4,4.5,4.55,3597,313,11.49,67.76%,68.32%,0.644282,2026-07-28
WULF,17.09,2026-12-18,143,Call,29.00,-69.69%,1.4,1.42,1.75,7560,661,11.44,114.63%,110.75%,0.289084,2026-07-28
MRVL,174.47,2026-11-20,115,Put,120.00,-31.22%,9.2,9.94,11.1,1561,137,11.39,95.58%,94.14%,-0.160671,2026-07-28
GOOGL,333.71,2026-07-29,1,Call,337.50,-1.14%,1.25,1.26,1.3,7791,684,11.39,31.31%,39.34%,0.296732,2026-07-28
VFC,18.25,2026-07-31,3,Put,18.00,-1.37%,0.65,0.79,0.82,1627,143,11.38,64.73%,130.56%,-0.429815,2026-07-28
GEHC,64.11,2026-07-31,3,Call,63.00,+1.73%,2.35,2.65,2.85,1484,131,11.33,43.94%,86.42%,0.604763,2026-07-28
OXY,53.93,2026-07-31,3,Call,56.00,-3.84%,0.2,0.22,0.23,7597,676,11.24,38.94%,44.84%,0.183291,2026-07-28
TGT,144.2,2026-07-31,3,Put,141.00,-2.22%,0.57,0.68,0.8,1234,110,11.22,44.12%,36.19%,-0.241379,2026-07-28
TSLA,307.44,2026-08-03,6,Call,307.50,-0.02%,7.3,7.3,7.4,3124,280,11.16,46.54%,46.36%,0.514549,2026-07-28
AMZN,230.86,2026-07-29,1,Put,240.00,+3.96%,8.05,9.34,9.75,3894,349,11.16,42.65%,51.68%,-0.922806,2026-07-28
LUNR,12.37,2026-12-18,143,Call,27.00,-118.27%,0.76,1.02,1.12,2205,198,11.14,119.61%,115.70%,0.243505,2026-07-28
CORZ,20.75,2026-09-18,52,Call,23.00,-10.84%,1.69,1.89,1.94,8005,720,11.12,88.13%,84.19%,0.440671,2026-07-28
AMD,454.62,2026-07-29,1,Put,460.00,+1.18%,11.85,12.5,12.85,5481,494,11.1,81.00%,98.88%,-0.579246,2026-07-28
HAL,31.23,2026-07-31,3,Call,32.00,-2.47%,0.18,0.24,0.24,1320,119,11.09,46.01%,44.00%,0.278308,2026-07-28
CRWV,67.3,2026-07-31,3,Call,70.00,-4.01%,1.94,1.97,2,8876,803,11.05,112.85%,126.12%,0.388091,2026-07-28
AMD,454.62,2026-08-07,10,Put,400.00,-12.01%,8.4,8.8,8.95,18427,1671,11.03,81.00%,99.47%,-0.19346,2026-07-28
ETN,386.26,2026-09-18,52,Put,310.00,-19.74%,3.7,4.1,5.9,2967,269,11.03,49.75%,53.82%,-0.114792,2026-07-28
JCI,140.28,2026-08-21,24,Call,155.00,-10.49%,2,2.09,2.35,7815,714,10.95,46.22%,47.90%,0.230169,2026-07-28
LCID,7.9,2026-07-31,3,Put,7.00,-11.39%,0.15,0.16,0.16,3165,289,10.95,147.12%,177.13%,-0.201789,2026-07-28
AMZN,230.86,2026-07-29,1,Put,242.50,+5.04%,11.4,11.6,12,1364,125,10.91,42.65%,50.25%,-0.969451,2026-07-28
MU,820.53,2026-08-03,6,Call,900.00,-9.69%,15.2,15.65,16.5,1210,111,10.9,95.59%,101.66%,0.261179,2026-07-28
AAPL,340.08,2026-07-29,1,Put,342.50,+0.71%,3.4,3.5,3.6,1668,154,10.83,29.11%,29.31%,-0.673851,2026-07-28
PLTR,123.53,2026-08-07,10,Call,123.00,+0.43%,7.65,7.71,7.8,1731,162,10.69,67.76%,90.98%,0.543975,2026-07-28
FLY,19.32,2026-07-31,3,Call,19.00,+1.66%,0.9,1.05,1.55,1398,131,10.67,122.03%,152.28%,0.576202,2026-07-28
AVGO,380.91,2026-07-29,1,Call,390.00,-2.39%,1.75,2.03,2.08,2765,261,10.59,53.60%,65.20%,0.25086,2026-07-28
SPCX,116.41,2027-09-17,416,Put,115.00,-1.21%,30.6,32.5,33,2019,191,10.57,113.42%,73.25%,-0.329977,2026-07-28
LCID,7.9,2026-08-07,10,Put,7.00,-11.39%,0.57,0.63,0.67,3288,311,10.57,147.12%,206.46%,-0.298983,2026-07-28
AVGO,380.91,2026-08-14,17,Put,335.00,-12.05%,3.05,3.17,3.85,2613,248,10.54,53.60%,57.90%,-0.135544,2026-07-28
NVDA,197.01,2026-07-29,1,Put,187.50,-4.83%,0.1,0.1,0.11,24982,2370,10.54,41.99%,55.95%,-0.04394,2026-07-28
CRWD,181.8,2027-03-19,234,Put,125.00,-31.24%,9.05,9.75,9.85,4400,418,10.53,63.56%,64.15%,-0.151889,2026-07-28
Q,127.89,2026-08-21,24,Put,100.00,-21.81%,1.3,2.33,3.2,1578,150,10.52,84.93%,95.67%,-0.128455,2026-07-28
PYPL,58.32,2026-07-31,3,Put,57.00,-2.26%,0.36,0.38,0.41,2433,232,10.49,33.23%,43.07%,-0.27064,2026-07-28
BE,166.84,2027-06-17,324,Call,300.00,-79.81%,44.95,47.77,49,4051,386,10.49,161.87%,121.16%,0.534929,2026-07-28
FTRE,20.7,2026-08-21,24,Call,20.00,+3.38%,2.5,2.7,2.9,1288,123,10.47,100.66%,111.34%,0.607043,2026-07-28
MSFT,393.35,2026-08-28,31,Put,375.00,-4.67%,10.8,10.5,11.85,3261,312,10.45,44.03%,43.57%,-0.324175,2026-07-28
SMCI,28.45,2026-08-07,10,Call,31.50,-10.72%,0.58,0.7,0.8,5086,487,10.44,100.00%,91.84%,0.278441,2026-07-28
AVGO,380.91,2026-07-29,1,Put,377.50,-0.90%,3.55,3.56,4.3,2664,259,10.29,53.60%,69.13%,-0.394122,2026-07-28
AMD,454.62,2026-07-29,1,Put,425.00,-6.52%,1.07,1.15,1.22,1703,166,10.26,81.00%,101.79%,-0.098015,2026-07-28
BX,133.9,2028-12-15,871,Put,130.00,-2.91%,25.8,25.85,27.2,2140,209,10.24,38.40%,38.99%,-0.34064,2026-07-28
AMD,454.62,2026-07-29,1,Put,410.00,-9.81%,0.29,0.34,0.35,1534,150,10.23,81.00%,107.77%,-0.031363,2026-07-28
FIG,24.38,2026-08-07,10,Call,28.00,-14.85%,1.24,1.3,1.41,1317,130,10.13,109.07%,160.21%,0.349825,2026-07-28
MU,820.53,2026-07-29,1,Call,860.00,-4.81%,8.9,9.25,9.3,3242,321,10.1,95.59%,135.61%,0.265948,2026-07-28
KO,88.27,2026-07-31,3,Call,90.00,-1.96%,0.28,0.29,0.32,8617,859,10.03,20.75%,28.36%,0.230162,2026-07-28
MAS,81.61,2026-08-21,24,Put,80.00,-1.97%,2.7,2.9,3.1,1022,102,10.02,43.69%,44.73%,-0.404511,2026-07-28
GOOGL,333.71,2026-07-29,1,Call,327.50,+1.86%,6.55,7.01,7.3,4521,452,10,31.31%,39.82%,0.820207,2026-07-28
BSX,46.06,2026-07-31,3,Put,46.00,-0.13%,1.65,1.94,2.15,1878,188,9.99,55.28%,116.36%,-0.473129,2026-07-28
ORCL,119.96,2026-08-21,24,Call,129.00,-7.54%,4.3,5.25,4.95,3024,303,9.98,69.19%,65.53%,0.366257,2026-07-28
PLTR,123.53,2026-07-31,3,Call,125.00,-1.19%,2.31,2.31,2.34,19112,1922,9.94,67.76%,66.48%,0.435959,2026-07-28
TSLA,307.44,2026-07-29,1,Put,310.00,+0.83%,4.8,5,5.05,32555,3279,9.93,46.54%,54.52%,-0.60786,2026-07-28
CRM,181.5,2026-07-31,3,Put,180.00,-0.83%,2.87,3,3.1,2235,225,9.93,47.46%,56.65%,-0.424286,2026-07-28
INTC,86.3,2026-07-29,1,Call,92.00,-6.60%,0.33,0.37,0.38,6790,689,9.85,84.58%,110.94%,0.142075,2026-07-28
TSLA,307.44,2026-08-03,6,Call,312.50,-1.65%,5.1,5.15,5.25,2260,230,9.83,46.54%,46.42%,0.407285,2026-07-28
MU,820.53,2026-07-29,1,Call,870.00,-6.03%,6.75,6.95,7.2,2815,287,9.81,95.59%,136.10%,0.216248,2026-07-28
NOW,110.62,2026-07-31,3,Put,104.00,-5.98%,0.74,0.79,0.84,3374,345,9.78,59.06%,77.82%,-0.180405,2026-07-28
AMZN,230.86,2026-07-29,1,Call,232.50,-0.71%,1.16,1.17,1.22,20965,2144,9.78,42.65%,39.06%,0.370241,2026-07-28
AAPL,340.08,2026-07-29,1,Put,330.00,-2.96%,0.18,0.18,0.19,45963,4700,9.78,29.11%,37.87%,-0.062741,2026-07-28
MSFT,393.35,2026-08-03,6,Call,395.00,-0.42%,13.25,13.85,14.2,1835,188,9.76,44.03%,71.73%,0.502036,2026-07-28
WOLF,21.88,2026-12-18,143,Put,20.00,-8.59%,5,5.45,5.55,5001,517,9.67,131.98%,124.10%,-0.302398,2026-07-28
TEVA,31.67,2026-07-31,3,Call,32.50,-2.62%,0.8,0.87,0.98,1034,107,9.66,45.81%,108.55%,0.416238,2026-07-28
CROX,135.94,2026-08-21,24,Call,145.00,-6.66%,5.4,5.5,6,1004,104,9.65,61.09%,65.76%,0.388113,2026-07-28
COST,966.58,2026-07-31,3,Call,"1,010.00",-4.49%,0.55,0.66,0.69,2883,299,9.64,22.67%,30.05%,0.055879,2026-07-28
AA,44.36,2028-01-21,542,Put,60.00,+35.26%,19.9,21.7,23.95,2000,208,9.62,54.00%,58.87%,-0.519691,2026-07-28
NFLX,72.39,2026-07-31,3,Put,72.00,-0.54%,0.84,0.86,0.87,11338,1187,9.55,34.00%,40.10%,-0.43109,2026-07-28
SNAP,4.77,2026-08-28,31,Put,5.50,+15.30%,0.9,0.96,1.03,971,102,9.52,86.28%,89.67%,-0.658451,2026-07-28
PLTR,123.53,2026-07-31,3,Put,118.00,-4.48%,0.99,1,1.02,13886,1462,9.5,67.76%,68.74%,-0.220536,2026-07-28
WMT,113.1,2026-08-21,24,Put,114.00,+0.80%,3.95,4.1,4.2,1456,154,9.45,30.96%,31.93%,-0.515663,2026-07-28
MU,820.53,2026-07-29,1,Call,895.00,-9.08%,3.25,3.45,3.5,2434,258,9.43,95.59%,136.99%,0.120115,2026-07-28
SLS,10.09,2027-01-15,171,Call,11.00,-9.02%,4.7,4.97,5,24054,2551,9.43,218.45%,196.11%,0.732441,2026-07-28
GOOGL,333.71,2026-07-29,1,Call,335.00,-0.39%,2.08,2.13,2.24,30029,3193,9.4,31.31%,39.30%,0.431397,2026-07-28
AMD,454.62,2026-08-28,31,Put,360.00,-20.81%,8.25,9.11,9.6,1103,118,9.35,81.00%,84.56%,-0.139688,2026-07-28
AMZN,230.86,2026-07-29,1,Call,230.00,+0.37%,2.33,2.34,2.42,15566,1667,9.34,42.65%,39.51%,0.577552,2026-07-28
META,593.41,2026-08-03,6,Call,630.00,-6.17%,11.75,12.15,12.5,1081,116,9.32,50.88%,84.42%,0.310698,2026-07-28
BBD,3.62,2028-01-21,542,Put,4.00,+10.50%,0,0.85,5,8000,864,9.26,36.77%,148.16%,-0.194278,2026-07-28
AMD,454.62,2026-07-29,1,Put,455.00,+0.08%,9.15,9.5,9.9,3724,404,9.22,81.00%,98.51%,-0.495548,2026-07-28
NEXT,6.14,2027-01-15,171,Call,8.00,-30.29%,0.5,0.55,0.6,1500,163,9.2,70.00%,64.76%,0.368901,2026-07-28
CRM,181.5,2026-07-31,3,Put,177.50,-2.20%,2.03,2.13,2.16,1112,121,9.19,47.46%,58.16%,-0.325361,2026-07-28
AAPL,340.08,2026-07-29,1,Call,347.50,-2.18%,0.22,0.23,0.24,21757,2370,9.18,29.11%,30.63%,0.091305,2026-07-28
NVDA,197.01,2026-07-29,1,Call,190.00,+3.56%,6.4,7.15,8.05,6114,667,9.17,41.99%,50.52%,0.917232,2026-07-28
TSLA,307.44,2026-07-29,1,Call,320.00,-4.09%,0.44,0.44,0.46,31795,3483,9.13,46.54%,59.10%,0.100996,2026-07-28
META,593.41,2026-11-20,115,Call,765.00,-28.92%,14.65,15.15,15.7,939,105,8.94,50.88%,45.12%,0.202246,2026-07-28
BE,166.84,2026-10-16,80,Call,170.00,-1.89%,40.55,43.4,44,1034,116,8.91,161.87%,140.26%,0.622524,2026-07-28
MRVL,174.47,2026-07-31,3,Call,190.00,-8.90%,2.24,2.35,2.54,3543,398,8.9,95.58%,118.58%,0.230598,2026-07-28
KLAC,190.8,2026-09-18,52,Put,190.00,-0.42%,21,22.9,27.6,4079,460,8.87,93.71%,88.07%,-0.424717,2026-07-28
MU,820.53,2026-07-29,1,Put,805.00,-1.89%,16.55,17,17.05,3644,411,8.87,95.59%,140.23%,-0.382769,2026-07-28
KO,88.27,2026-08-07,10,Put,84.00,-4.84%,0.15,0.13,0.2,947,107,8.85,20.75%,24.17%,-0.102421,2026-07-28
PTC,127.51,2027-01-15,171,Put,110.00,-13.73%,5.5,5.5,8.3,1002,114,8.79,50.03%,45.46%,-0.248971,2026-07-28
FLGT,19.63,2026-08-21,24,Call,20.00,-1.88%,0.95,1.35,1.55,1501,171,8.78,90.36%,69.51%,0.49909,2026-07-28
AMD,454.62,2026-07-29,1,Put,400.00,-12.01%,0.13,0.15,0.15,2353,268,8.78,81.00%,113.46%,-0.014397,2026-07-28
GLW,126.01,2026-09-18,52,Call,110.00,+12.71%,22.55,23.19,24.35,4275,487,8.78,80.76%,77.72%,0.732653,2026-07-28
PLTR,123.53,2026-07-31,3,Call,122.00,+1.24%,3.8,3.75,3.9,6278,722,8.7,67.76%,67.63%,0.594374,2026-07-28
TSLA,307.44,2026-07-31,3,Call,295.00,+4.05%,14.25,13.6,14.55,3001,345,8.7,46.54%,57.24%,0.796109,2026-07-28
MU,820.53,2026-07-29,1,Put,685.00,-16.52%,0.45,0.46,0.63,2211,255,8.67,95.59%,170.85%,-0.019492,2026-07-28
STX,747.3,2026-07-31,3,Put,500.00,-33.09%,0.2,0.5,0.55,1050,122,8.61,108.53%,191.81%,-0.008221,2026-07-28
GOOGL,333.71,2026-07-29,1,Call,330.00,+1.11%,4.85,4.97,5.15,19601,2283,8.59,31.31%,39.43%,0.711076,2026-07-28
TSLA,307.44,2026-08-03,6,Call,310.00,-0.83%,6.15,6.2,6.25,5708,667,8.56,46.54%,46.42%,0.460343,2026-07-28
TSLA,307.44,2026-08-03,6,Put,260.00,-15.43%,0.16,0.17,0.19,1500,176,8.52,46.54%,64.14%,-0.018501,2026-07-28
MU,820.53,2026-07-29,1,Call,905.00,-10.29%,2.4,2.5,2.6,1635,192,8.52,95.59%,137.77%,0.09317,2026-07-28
MSFT,393.35,2026-08-03,6,Call,397.50,-1.06%,12.3,13.06,13.05,1462,172,8.5,44.03%,72.12%,0.47502,2026-07-28
RIOT,21.24,2026-08-07,10,Call,24.50,-15.35%,0.49,0.49,0.82,2405,284,8.47,108.72%,122.13%,0.274095,2026-07-28
GXO,53.3,2026-08-21,24,Put,45.00,-15.57%,0.05,0.23,0.6,5001,594,8.42,45.64%,52.88%,-0.091388,2026-07-28
ARRY,5.1,2027-01-15,171,Call,9.00,-76.47%,0.45,0.52,0.55,4201,500,8.4,108.06%,97.55%,0.312114,2026-07-28
AMD,454.62,2026-07-31,3,Call,475.00,-4.48%,7.55,8.01,8.35,914,109,8.39,81.00%,95.74%,0.323301,2026-07-28
MU,820.53,2026-07-29,1,Put,825.00,+0.54%,25.6,26.06,26.65,3155,379,8.32,95.59%,138.93%,-0.514868,2026-07-28
AMZN,230.86,2026-08-07,10,Put,280.00,+21.29%,48.7,49.03,49.7,1020,123,8.29,42.65%,56.82%,-0.983193,2026-07-28
AMD,454.62,2026-07-29,1,Call,482.50,-6.13%,1.47,1.54,1.66,1791,216,8.29,81.00%,99.94%,0.133534,2026-07-28
ALTO,4.45,2027-01-15,171,Call,3.00,+32.58%,1.8,1.83,1.9,1789,217,8.24,108.46%,92.58%,0.833383,2026-07-28
INTC,86.3,2026-07-29,1,Put,79.00,-8.46%,0.16,0.16,0.19,1500,183,8.2,84.58%,118.14%,-0.071945,2026-07-28
MU,820.53,2026-07-31,3,Call,860.00,-4.81%,21.4,21.75,22,1621,198,8.19,95.59%,125.63%,0.362021,2026-07-28
PDD,85.71,2026-08-28,31,Put,85.00,-0.83%,2.97,3.8,4.5,1022,125,8.18,39.27%,42.30%,-0.440847,2026-07-28
PLTR,123.53,2026-07-31,3,Put,117.00,-5.29%,0.8,0.82,0.82,13035,1599,8.15,67.76%,69.55%,-0.184799,2026-07-28
CORZ,20.75,2026-07-31,3,Call,21.00,-1.20%,0.61,0.7,0.83,2627,325,8.08,88.13%,111.14%,0.472921,2026-07-28
SKHY,130.17,2026-07-31,3,Put,132.00,+1.41%,8.6,9.1,9.1,875,109,8.03,123.43%,167.24%,-0.505867,2026-07-28
MU,820.53,2026-07-29,1,Put,730.00,-11.03%,2.1,2.35,2.26,1742,217,8.03,95.59%,156.45%,-0.070816,2026-07-28
NVDA,197.01,2026-07-29,1,Call,202.50,-2.79%,0.34,0.36,0.37,92482,11546,8.01,41.99%,48.18%,0.14142,2026-07-28
SNDK,1096.1,2026-07-31,3,Call,"1,300.00",-18.60%,14.2,14.65,15.1,6569,821,8,140.68%,179.03%,0.166457,2026-07-28
BSX,46.06,2026-07-31,3,Call,48.00,-4.21%,1,1.16,1.45,2032,254,8,55.28%,120.34%,0.374129,2026-07-28
HOG,25.29,2026-08-21,24,Put,22.00,-13.01%,0.1,0.15,0.25,1372,172,7.98,40.99%,47.20%,-0.111893,2026-07-28
T,24.66,2026-08-07,10,Put,24.50,-0.65%,0.35,0.38,0.39,918,116,7.91,26.55%,27.33%,-0.435198,2026-07-28
SOLV,86.17,2026-09-18,52,Call,90.00,-4.44%,3,3.3,3.7,2220,281,7.9,39.42%,36.65%,0.418004,2026-07-28
NVDA,197.01,2026-08-03,6,Call,212.50,-7.86%,0.27,0.4,0.47,6891,872,7.9,41.99%,41.03%,0.080331,2026-07-28
TSLA,307.44,2026-07-31,3,Call,290.00,+5.67%,18.45,17.63,18.8,1585,202,7.85,46.54%,58.95%,0.869726,2026-07-28
NBIS,169.69,2026-07-31,3,Call,170.00,-0.18%,10.4,10.73,10.9,3022,385,7.85,156.02%,175.69%,0.527923,2026-07-28
MSTR,96.16,2026-07-31,3,Put,78.00,-18.89%,0.02,0.13,0.15,2124,272,7.81,79.49%,117.41%,-0.021582,2026-07-28
CRWV,67.3,2026-07-31,3,Call,67.00,+0.45%,3.05,3.2,3.35,1053,135,7.8,112.85%,125.15%,0.539328,2026-07-28
LNC,42.83,2026-08-21,24,Put,35.00,-18.28%,0.1,0.1,0.25,1168,150,7.79,38.97%,54.15%,-0.063924,2026-07-28
NVO,50.96,2026-07-31,3,Call,54.00,-5.97%,0.16,0.15,0.17,4189,539,7.77,48.19%,55.82%,0.130416,2026-07-28
MDT,86.88,2026-07-31,3,Call,88.00,-1.29%,0.3,0.55,0.99,1693,218,7.77,29.12%,35.29%,0.350596,2026-07-28
TSLA,307.44,2026-07-31,3,Call,300.00,+2.42%,10.55,10.6,10.7,9119,1176,7.75,46.54%,55.91%,0.696582,2026-07-28
VST,148.64,2026-08-21,24,Call,180.00,-21.10%,1.04,1.16,1.46,10814,1397,7.74,58.20%,59.10%,0.120082,2026-07-28
SPCX,116.41,2026-08-07,10,Call,115.00,+1.21%,12,12.11,12.3,4320,559,7.73,113.42%,149.30%,0.570207,2026-07-28
TSLA,307.44,2026-07-31,3,Put,315.00,+2.46%,10.55,10.65,10.75,23124,2992,7.73,46.54%,55.15%,-0.676199,2026-07-28
KLAR,18.71,2028-01-21,542,Put,10.00,-46.55%,0.7,1.4,1.6,1516,196,7.73,88.76%,66.43%,-0.107458,2026-07-28
F,14.96,2026-08-21,24,Call,16.50,-10.29%,0.18,0.19,0.19,1210,157,7.71,43.50%,43.78%,0.206111,2026-07-28
LCID,7.9,2026-07-31,3,Call,9.00,-13.92%,0.17,0.19,0.21,5317,691,7.69,147.12%,190.70%,0.252711,2026-07-28
IREN,33.93,2026-08-21,24,Put,29.50,-13.06%,2.53,2.57,2.7,1067,139,7.68,135.15%,140.13%,-0.28275,2026-07-28
AMD,454.62,2026-07-29,1,Call,487.50,-7.23%,1,1.09,1.15,1357,177,7.67,81.00%,100.68%,0.097336,2026-07-28
GFI,32.65,2026-09-18,52,Put,25.00,-23.43%,0.35,0.45,0.6,1565,204,7.67,55.82%,62.50%,-0.113728,2026-07-28
FCEL,19.66,2026-07-31,3,Put,19.00,-3.36%,0.95,1.15,1.3,1385,181,7.65,154.90%,205.33%,-0.390549,2026-07-28
LLY,1220.66,2026-07-31,3,Put,925.00,-24.22%,0.01,0.14,4.8,1180,155,7.61,44.82%,171.01%,-0.030885,2026-07-28
AMD,454.62,2026-07-29,1,Call,505.00,-11.08%,0.2,0.27,0.34,2160,284,7.61,81.00%,104.15%,0.028805,2026-07-28
GOOGL,333.71,2026-07-29,1,Put,322.50,-3.36%,0.18,0.2,0.22,2047,270,7.58,31.31%,42.73%,-0.061426,2026-07-28
CRWV,67.3,2026-08-07,10,Call,70.00,-4.01%,3.6,3.73,3.8,1141,151,7.56,112.85%,108.38%,0.450634,2026-07-28
AMD,454.62,2026-07-31,3,Call,485.00,-6.68%,5.1,5.37,5.7,2532,335,7.56,81.00%,95.60%,0.242065,2026-07-28
ORCL,119.96,2027-01-15,171,Call,95.00,+20.81%,35.7,37.09,37.9,1515,201,7.54,69.19%,75.44%,0.761757,2026-07-28
AMD,454.62,2026-07-31,3,Call,482.50,-6.13%,5.65,5.9,6.3,1165,155,7.52,81.00%,95.70%,0.261319,2026-07-28
MDLZ,62.48,2026-07-31,3,Put,60.00,-3.97%,0.35,0.45,0.45,847,113,7.5,29.10%,57.57%,-0.21098,2026-07-28
DIS,98.89,2026-08-14,17,Call,104.00,-5.17%,1.49,1.73,2.21,1057,141,7.5,36.99%,44.39%,0.316951,2026-07-28
REAL,11.93,2026-08-21,24,Put,12.50,+4.78%,1.15,1.4,1.5,2039,272,7.5,83.34%,82.68%,-0.542267,2026-07-28
NVDA,197.01,2026-07-31,3,Call,182.50,+7.37%,14.3,15.64,15.35,3022,403,7.5,41.99%,55.73%,0.938724,2026-07-28
LCID,7.9,2026-07-31,3,Call,7.50,+5.06%,0.64,0.65,0.67,6340,847,7.49,147.12%,152.38%,0.672709,2026-07-28
ANET,169.71,2026-07-31,3,Call,165.00,+2.78%,6.5,7,8.6,1010,135,7.48,76.99%,79.33%,0.666949,2026-07-28
AVGO,380.91,2026-07-29,1,Put,355.00,-6.80%,0.19,0.22,0.25,2534,339,7.47,53.60%,75.77%,-0.036088,2026-07-28
BMNR,17.57,2026-09-18,52,Put,18.00,+2.45%,2.33,2.4,2.42,1081,145,7.46,83.83%,82.45%,-0.4642,2026-07-28
VG,12.17,2026-08-21,24,Call,16.00,-31.47%,0.1,0.25,0.25,4040,543,7.44,81.22%,88.09%,0.137901,2026-07-28
QCOM,162.88,2026-07-31,3,Put,165.00,+1.30%,7.95,8.2,8.5,6121,824,7.43,68.02%,120.24%,-0.525162,2026-07-28
SPCX,116.41,2026-07-31,3,Call,117.00,-0.51%,4.4,4.5,4.6,6916,934,7.4,113.42%,113.14%,0.501952,2026-07-28
SPCX,116.41,2026-11-20,115,Call,130.00,-11.67%,18.1,18.2,18.5,9604,1297,7.4,113.42%,87.88%,0.51889,2026-07-28
MU,820.53,2026-07-29,1,Put,800.00,-2.50%,14.8,15.1,15.15,14555,1974,7.37,95.59%,141.16%,-0.35157,2026-07-28
AWK,138.04,2026-08-21,24,Put,135.00,-2.20%,2.35,2.8,3.1,1017,138,7.37,25.90%,29.40%,-0.366061,2026-07-28
WDAY,159.69,2026-07-31,3,Call,162.50,-1.76%,2.75,3.27,4,948,130,7.29,71.57%,79.42%,0.41989,2026-07-28
SKHY,130.17,2026-07-31,3,Call,155.00,-19.08%,1.4,1.45,1.45,11246,1543,7.29,123.43%,170.55%,0.146867,2026-07-28
NTLA,10.89,2026-09-18,52,Put,11.00,+1.01%,0.45,1.55,3.6,923,127,7.27,106.46%,122.40%,-0.413873,2026-07-28
GM,90.3,2026-07-31,3,Call,91.00,-0.78%,1.13,1.18,1.31,726,100,7.26,36.01%,46.85%,0.438338,2026-07-28
ASML,1582.95,2026-07-31,3,Call,"1,650.00",-4.24%,16.7,21,23.9,828,114,7.26,60.94%,79.02%,0.294593,2026-07-28
PLTR,123.53,2026-07-31,3,Call,124.00,-0.38%,2.77,2.8,2.82,8969,1237,7.25,67.76%,67.19%,0.48923,2026-07-28
AMZN,230.86,2026-07-29,1,Put,237.50,+2.88%,6.45,6.45,7.05,2256,311,7.25,42.65%,35.83%,-0.93439,2026-07-28
CRWV,67.3,2026-07-31,3,Put,53.00,-21.25%,0.04,0.11,0.15,781,108,7.23,112.85%,142.07%,-0.027362,2026-07-28
NIO,4.68,2028-12-15,871,Put,4.00,-14.53%,1.05,1.16,1.21,10100,1400,7.21,57.91%,63.80%,-0.239847,2026-07-28
CCL,28.23,2026-08-28,31,Call,31.00,-9.81%,0.44,0.52,0.56,1547,215,7.2,47.15%,43.14%,0.250707,2026-07-28
TSM,392.31,2026-08-21,24,Call,405.00,-3.23%,14.15,15.17,15.5,1381,192,7.19,49.24%,49.72%,0.431797,2026-07-28
GOOGL,333.71,2026-07-29,1,Put,327.50,-1.86%,0.66,0.71,0.73,4302,599,7.18,31.31%,40.03%,-0.181145,2026-07-28
AMD,454.62,2026-07-31,3,Call,500.00,-9.98%,2.81,2.99,2.99,12548,1750,7.17,81.00%,95.97%,0.147598,2026-07-28
NOW,110.62,2026-07-31,3,Put,107.00,-3.27%,1.46,1.69,1.59,2455,343,7.16,59.06%,76.35%,-0.301843,2026-07-28
SOFI,16.74,2026-07-31,3,Call,18.50,-10.51%,0.25,0.26,0.26,115493,16166,7.14,67.24%,135.64%,0.226878,2026-07-28
KO,88.27,2026-08-21,24,Call,95.00,-7.62%,0.19,0.27,0.34,1761,247,7.13,20.75%,22.58%,0.109944,2026-07-28
MRVL,174.47,2026-08-21,24,Call,182.50,-4.60%,13.2,13.3,13.9,748,105,7.12,95.58%,93.94%,0.477288,2026-07-28
DB,35.36,2026-08-21,24,Put,32.00,-9.50%,0.35,0.35,0.5,1000,141,7.09,40.37%,45.47%,-0.179776,2026-07-28
ASTS,56.55,2026-07-31,3,Call,59.00,-4.33%,1.19,1.27,1.35,1767,250,7.07,113.43%,109.34%,0.353695,2026-07-28
MU,820.53,2026-07-29,1,Put,725.00,-11.64%,1.8,1.88,1.95,2506,355,7.06,95.59%,157.94%,-0.061808,2026-07-28
AA,44.36,2026-07-31,3,Call,45.50,-2.57%,0.4,0.52,0.65,768,109,7.05,54.00%,60.88%,0.334246,2026-07-28
CVX,187.58,2026-07-31,3,Call,192.50,-2.62%,1.32,1.58,1.55,2397,340,7.05,30.46%,48.52%,0.285321,2026-07-28
INTC,86.3,2026-07-29,1,Put,87.00,+0.81%,2.24,2.17,2.41,5109,725,7.05,84.58%,108.28%,-0.544997,2026-07-28
INTC,86.3,2028-12-15,871,Put,160.00,+85.40%,88,90.6,93,1000,142,7.04,84.58%,77.53%,-0.480732,2026-07-28
GRPN,28.1,2026-08-21,24,Put,24.00,-14.59%,1.6,1.62,1.95,2003,285,7.03,117.61%,130.93%,-0.25986,2026-07-28
PLTR,123.53,2028-01-21,542,Call,210.00,-70.00%,17.3,17.27,17.8,8354,1188,7.03,67.76%,60.42%,0.393294,2026-07-28
CVNA,66.07,2026-07-31,3,Call,78.00,-18.06%,0.81,0.86,1,856,122,7.02,86.84%,177.35%,0.170985,2026-07-28
CRWV,67.3,2026-07-31,3,Call,69.00,-2.53%,2.3,2.28,2.41,1088,155,7.02,112.85%,126.81%,0.43764,2026-07-28
STT,182.57,2026-08-21,24,Call,195.00,-6.81%,1.05,1.33,1.7,889,127,7,27.91%,28.15%,0.194661,2026-07-28
LCID,7.9,2026-07-31,3,Call,8.00,-1.27%,0.4,0.4,0.43,11624,1663,6.99,147.12%,160.91%,0.495508,2026-07-28
SATL,3.53,2026-08-21,24,Call,4.00,-13.31%,0.25,0.28,0.3,3980,572,6.96,121.87%,122.79%,0.408245,2026-07-28
OKLO,39.58,2026-07-31,3,Call,40.00,-1.06%,1.29,1.34,1.4,1389,200,6.95,97.35%,107.10%,0.477231,2026-07-28
TSLA,307.44,2026-07-29,1,Call,315.00,-2.46%,1.05,1.04,1.07,44619,6450,6.92,46.54%,56.26%,0.20983,2026-07-28
KO,88.27,2026-08-21,24,Put,81.00,-8.24%,0.12,0.18,0.24,2100,304,6.91,20.75%,23.79%,-0.07315,2026-07-28
CORZ,20.75,2026-07-31,3,Call,20.50,+1.20%,0.86,1.08,1.11,849,123,6.9,88.13%,114.51%,0.567194,2026-07-28
INTC,86.3,2026-08-03,6,Put,79.00,-8.46%,1.04,1.05,1.2,1906,277,6.88,84.58%,87.24%,-0.197589,2026-07-28
AMZN,230.86,2026-07-29,1,Put,245.00,+6.12%,12.95,14.49,14.75,1627,237,6.86,42.65%,80.93%,-0.916673,2026-07-28
AVGO,380.91,2026-07-29,1,Put,372.50,-2.21%,2.09,2.08,2.48,740,108,6.85,53.60%,70.00%,-0.264449,2026-07-28
META,593.41,2026-11-20,115,Call,760.00,-28.07%,15.3,15.83,16.4,897,131,6.85,50.88%,45.10%,0.209445,2026-07-28
GOOGL,333.71,2026-08-28,31,Call,390.00,-16.87%,0.75,0.8,0.9,1089,159,6.85,31.31%,33.02%,0.061579,2026-07-28
TSLA,307.44,2026-08-07,10,Call,305.00,+0.79%,11.65,11.65,11.85,1555,227,6.85,46.54%,51.08%,0.558945,2026-07-28
MU,820.53,2026-07-29,1,Call,885.00,-7.86%,4.4,4.54,4.7,1832,268,6.84,95.59%,136.59%,0.153634,2026-07-28
HPQ,28.29,2026-09-18,52,Put,25.00,-11.63%,0.88,1.05,1.08,4448,650,6.84,51.87%,56.35%,-0.245432,2026-07-28
GME,22.16,2026-09-04,38,Call,23.00,-3.79%,0.59,0.65,0.72,818,120,6.82,32.98%,36.06%,0.386285,2026-07-28
AAPL,340.08,2026-08-03,6,Put,337.50,-0.76%,5.35,5.47,5.85,688,101,6.81,29.11%,39.75%,-0.427093,2026-07-28
META,593.41,2026-07-31,3,Put,592.50,-0.15%,23.7,24.02,24.35,831,122,6.81,50.88%,114.53%,-0.472558,2026-07-28
WMT,113.1,2026-07-31,3,Put,114.00,+0.80%,1.59,1.65,1.73,1788,263,6.8,30.96%,28.47%,-0.613281,2026-07-28
MAS,81.61,2026-08-21,24,Put,75.00,-8.10%,1.2,1.21,2.45,2012,296,6.8,43.69%,54.88%,-0.248333,2026-07-28
AAPL,340.08,2026-07-29,1,Put,332.50,-2.23%,0.3,0.33,0.34,21021,3115,6.75,29.11%,34.95%,-0.106408,2026-07-28
AMZN,230.86,2026-07-29,1,Call,220.00,+4.70%,10.35,11.2,11.1,3793,563,6.74,42.65%,67.71%,0.916219,2026-07-28
SNDK,1096.1,2026-07-31,3,Call,"1,250.00",-14.04%,22,22.5,23,1912,284,6.73,140.68%,179.08%,0.233817,2026-07-28
GLW,126.01,2026-11-20,115,Put,80.00,-36.51%,3.55,4.3,4.45,1369,204,6.71,80.76%,84.10%,-0.111717,2026-07-28
CNQ,44.19,2026-12-18,143,Put,40.00,-9.48%,1.45,1.55,1.95,885,132,6.7,34.37%,32.50%,-0.274528,2026-07-28
MU,820.53,2026-07-29,1,Put,770.00,-6.16%,6.75,6.92,7.1,2090,312,6.7,95.59%,146.34%,-0.192339,2026-07-28
T,24.66,2026-08-07,10,Put,24.00,-2.68%,0.18,0.23,0.26,689,103,6.69,26.55%,29.76%,-0.283604,2026-07-28
CLS,350.2,2026-08-07,10,Call,330.00,+5.77%,31.3,33.13,37.5,781,117,6.68,85.20%,101.16%,0.671675,2026-07-28
INTC,86.3,2026-07-29,1,Put,81.00,-6.14%,0.33,0.35,0.42,1035,155,6.68,84.58%,114.73%,-0.138565,2026-07-28
WMT,113.1,2026-07-31,3,Put,115.00,+1.68%,2.3,2.3,2.41,2253,338,6.67,30.96%,28.78%,-0.73257,2026-07-28
TE,4.15,2026-10-16,80,Call,5.00,-20.48%,0.8,0.85,0.9,1046,157,6.66,148.21%,145.62%,0.531658,2026-07-28
AMD,454.62,2026-07-29,1,Put,427.50,-5.97%,1.31,1.42,1.5,1099,166,6.62,81.00%,101.03%,-0.116763,2026-07-28
PLTR,123.53,2026-08-07,10,Put,122.00,-1.24%,6.45,6.6,6.65,1887,285,6.62,67.76%,90.67%,-0.43507,2026-07-28
INTC,86.3,2026-07-31,3,Call,85.00,+1.51%,3.85,4.05,4.2,2941,445,6.61,84.58%,107.33%,0.582064,2026-07-28
MARA,11.38,2026-07-31,3,Call,11.00,+3.34%,0.66,0.69,0.7,5507,833,6.61,101.42%,114.57%,0.648705,2026-07-28
TSLA,307.44,2026-07-31,3,Put,292.50,-4.86%,1.33,1.37,1.37,2838,430,6.6,46.54%,56.74%,-0.158763,2026-07-28
BE,166.84,2026-08-21,24,Put,182.50,+9.39%,35.9,40.35,39.9,1035,157,6.59,161.87%,167.39%,-0.496202,2026-07-28
STX,747.3,2026-07-31,3,Call,830.00,-11.07%,17.3,19.31,23.4,856,130,6.58,108.53%,180.61%,0.288547,2026-07-28
ADBE,249.18,2026-07-31,3,Put,240.00,-3.68%,1.75,1.76,1.9,1020,155,6.58,50.50%,58.68%,-0.230502,2026-07-28
UBER,70.74,2026-09-04,38,Put,62.00,-12.36%,0.79,1.09,1.11,2073,315,6.58,45.66%,45.79%,-0.161121,2026-07-28
META,593.41,2026-11-20,115,Call,815.00,-37.34%,9.45,9.8,10.25,939,143,6.57,50.88%,45.49%,0.141685,2026-07-28
LRCX,269.61,2026-07-31,3,Call,405.00,-50.22%,0.01,0.1,0.15,675,103,6.55,93.26%,173.55%,0.006119,2026-07-28
BSX,46.06,2026-07-31,3,Put,45.00,-2.30%,1.15,1.4,1.5,1945,297,6.55,55.28%,110.03%,-0.387496,2026-07-28
AGNC,11.07,2026-08-07,10,Call,11.00,+0.63%,0.15,0.16,0.17,11371,1736,6.55,24.54%,16.87%,0.592995,2026-07-28
FTNT,149.98,2026-09-18,52,Call,175.00,-16.68%,5.15,6.78,7.85,1464,224,6.54,73.72%,64.60%,0.312331,2026-07-28
BKE,45.64,2026-08-21,24,Call,47.50,-4.08%,0.8,1,1.25,1508,231,6.53,36.63%,42.52%,0.334833,2026-07-28
MU,820.53,2026-07-31,3,Call,850.00,-3.59%,25,25,25.6,5869,900,6.52,95.59%,126.37%,0.401979,2026-07-28
NVS,159.85,2026-08-21,24,Call,165.00,-3.22%,2.2,2.5,2.5,1563,240,6.51,26.93%,27.68%,0.328295,2026-07-28
GSK,53.71,2026-07-31,3,Put,53.00,-1.32%,0.2,0.5,0.75,1021,157,6.5,31.05%,40.41%,-0.351042,2026-07-28
APO,124.69,2028-01-21,542,Call,130.00,-4.26%,22.3,23.42,24.6,2001,308,6.5,41.41%,40.79%,0.576786,2026-07-28
MU,820.53,2026-07-29,1,Put,790.00,-3.72%,11.4,11.65,11.9,3434,528,6.5,95.59%,142.18%,-0.291868,2026-07-28
AMD,454.62,2026-07-31,3,Put,402.50,-11.46%,1.9,1.94,2.1,870,134,6.49,81.00%,106.10%,-0.09394,2026-07-28
META,593.41,2026-11-20,115,Call,770.00,-29.76%,14.05,14.6,15.05,960,148,6.49,50.88%,45.17%,0.19542,2026-07-28
TSLA,307.44,2026-07-31,3,Call,307.50,-0.02%,6.15,6.15,6.25,9837,1521,6.47,46.54%,55.63%,0.510874,2026-07-28
AMZN,230.86,2026-07-29,1,Call,235.00,-1.79%,0.47,0.49,0.51,31584,4878,6.47,42.65%,38.45%,0.192657,2026-07-28
HOOD,92.76,2026-07-31,3,Call,93.00,-0.26%,4.85,5,5.05,892,138,6.46,79.79%,150.64%,0.520553,2026-07-28
HIMS,29.32,2026-08-07,10,Call,30.00,-2.32%,1.4,1.45,1.59,2385,371,6.43,103.17%,92.12%,0.473041,2026-07-28
MRK,131.82,2026-07-31,3,Call,138.00,-4.69%,0.12,0.13,0.5,1008,157,6.42,32.08%,42.93%,0.12393,2026-07-28
RKLB,63.89,2026-08-07,10,Put,62.00,-2.96%,3.3,3.46,3.7,942,147,6.41,104.85%,106.16%,-0.396095,2026-07-28
INTC,86.3,2026-07-29,1,Call,91.00,-5.45%,0.47,0.48,0.51,3025,472,6.41,84.58%,109.66%,0.185692,2026-07-28
MU,820.53,2026-07-29,1,Put,740.00,-9.81%,2.83,3,3.05,1943,305,6.37,95.59%,153.64%,-0.092431,2026-07-28
KEEL,3.73,2026-08-07,10,Call,4.00,-7.24%,0.17,0.21,0.22,6021,947,6.36,123.96%,120.95%,0.406175,2026-07-28
CRWV,67.3,2026-10-16,80,Call,120.00,-78.31%,2.33,2.34,2.37,8905,1400,6.36,112.85%,101.60%,0.168285,2026-07-28
INTC,86.3,2028-12-15,871,Put,90.00,+4.29%,34.5,37,39.5,1335,210,6.36,84.58%,77.32%,-0.277922,2026-07-28
NFLX,72.39,2026-07-31,3,Put,73.00,+0.84%,1.37,1.39,1.41,8041,1271,6.33,34.00%,40.65%,-0.580536,2026-07-28
INTC,86.3,2026-07-31,3,Call,66.00,+23.52%,19.95,20.99,20.85,6310,1000,6.31,84.58%,147.62%,0.980842,2026-07-28
INTC,86.3,2026-07-31,3,Call,67.00,+22.36%,19.1,20,19.85,6312,1000,6.31,84.58%,156.45%,0.96832,2026-07-28
DRI,206.98,2026-08-21,24,Put,185.00,-10.62%,0.5,0.64,0.7,1156,184,6.28,28.98%,31.69%,-0.076722,2026-07-28
TTMI,108.69,2026-09-18,52,Call,150.00,-38.01%,4.3,5.73,7.4,1110,177,6.27,116.98%,103.88%,0.270214,2026-07-28
AMD,454.62,2026-08-07,10,Call,450.00,+1.02%,30.9,33.7,32.6,866,139,6.23,81.00%,97.75%,0.55969,2026-07-28
LCID,7.9,2026-07-31,3,Put,7.50,-5.06%,0.31,0.32,0.33,3226,519,6.22,147.12%,178.10%,-0.343045,2026-07-28
NEE,89.28,2026-08-28,31,Call,95.00,-6.41%,0.29,0.48,0.85,702,113,6.21,23.28%,22.54%,0.18357,2026-07-28
AMZN,230.86,2026-08-03,6,Put,215.00,-6.87%,2.35,2.47,2.6,1975,318,6.21,42.65%,70.84%,-0.201863,2026-07-28
CIEN,350.51,2026-07-31,3,Put,307.50,-12.27%,1.35,4.91,5.2,632,102,6.2,93.76%,140.35%,-0.136819,2026-07-28
CMG,33.51,2026-08-14,17,Call,36.00,-7.43%,0.77,0.83,1.03,927,150,6.18,52.23%,62.58%,0.326099,2026-07-28
DELL,392.1,2026-07-31,3,Call,400.00,-2.01%,11.5,12.31,12.5,1643,266,6.18,88.96%,108.92%,0.440282,2026-07-28
NVTS,10.01,2026-09-18,52,Call,16.00,-59.84%,0.36,0.41,0.42,7279,1185,6.14,116.23%,114.61%,0.196068,2026-07-28
ASTS,56.55,2026-07-31,3,Call,58.00,-2.56%,1.54,1.6,1.71,2683,438,6.13,113.43%,109.64%,0.41994,2026-07-28
CRCL,64.32,2028-06-16,689,Put,30.00,-53.36%,2,7.24,9.9,796,130,6.12,98.52%,82.47%,-0.098361,2026-07-28
SAP,179.17,2026-07-31,3,Call,190.00,-6.04%,0.65,0.65,0.75,1240,204,6.08,43.34%,59.58%,0.14429,2026-07-28
KO,88.27,2026-08-07,10,Put,85.00,-3.70%,0.25,0.25,0.31,733,121,6.06,20.75%,23.16%,-0.155618,2026-07-28
SKHY,130.17,2026-08-28,31,Put,65.00,-50.07%,0.6,0.65,0.65,1218,201,6.06,123.43%,138.54%,-0.026856,2026-07-28
NVDA,197.01,2026-08-07,10,Put,180.00,-8.63%,0.9,0.98,1.03,77422,12785,6.06,41.99%,48.46%,-0.119877,2026-07-28
PFE,25.25,2026-08-21,24,Put,24.50,-2.97%,0.31,0.31,0.34,9839,1625,6.05,24.55%,24.14%,-0.311901,2026-07-28
AMD,454.62,2026-07-29,1,Put,450.00,-1.02%,6.6,7.23,7.35,13548,2240,6.05,81.00%,96.54%,-0.409392,2026-07-28
SHOP,130.28,2026-07-31,3,Call,136.00,-4.39%,1.03,1.15,1.21,2787,461,6.05,75.54%,66.20%,0.247926,2026-07-28
IREN,33.93,2026-07-31,3,Call,35.00,-3.15%,1.47,1.51,1.56,3109,514,6.05,135.15%,160.65%,0.444986,2026-07-28
GLUE,22.04,2026-08-21,24,Put,15.00,-31.94%,1.1,1.15,1.15,1205,200,6.03,162.45%,195.21%,-0.153082,2026-07-28
NRG,127.56,2026-08-21,24,Call,140.00,-9.75%,2.65,3.48,4.2,10520,1748,6.02,57.11%,59.51%,0.299721,2026-07-28
UMC,17.36,2026-08-21,24,Call,20.00,-15.21%,0.55,0.8,1,1642,273,6.01,95.54%,95.10%,0.319127,2026-07-28
GTM,3.28,2026-08-07,10,Call,3.50,-6.71%,0.15,0.24,0.35,683,114,5.99,109.56%,155.84%,0.452682,2026-07-28
AMD,454.62,2026-07-31,3,Call,562.50,-23.73%,0.08,0.25,0.26,1644,275,5.98,81.00%,101.87%,0.01204,2026-07-28
AAPL,340.08,2026-08-03,6,Put,310.00,-8.84%,0.39,0.51,0.61,1763,295,5.98,29.11%,46.67%,-0.056343,2026-07-28
SPCX,116.41,2026-07-31,3,Put,103.00,-11.52%,0.6,0.6,0.7,3219,538,5.98,113.42%,113.92%,-0.107593,2026-07-28
MU,820.53,2026-07-29,1,Call,865.00,-5.42%,7.75,8.02,8.25,1280,215,5.95,95.59%,136.01%,0.240555,2026-07-28
V,366.59,2026-07-31,3,Call,395.00,-7.75%,0.48,0.48,0.63,837,141,5.94,26.08%,54.75%,0.070222,2026-07-28
TSLA,307.44,2026-08-07,10,Put,302.50,-1.61%,7.7,7.8,7.85,896,151,5.93,46.54%,50.53%,-0.403085,2026-07-28
MU,820.53,2026-07-29,1,Put,710.00,-13.47%,1.13,1.2,1.25,1412,238,5.93,95.59%,162.74%,-0.040736,2026-07-28
SPCX,116.41,2026-07-31,3,Call,108.00,+7.22%,9.6,10,10.2,1816,306,5.93,113.42%,110.16%,0.789266,2026-07-28
GOOGL,333.71,2026-07-29,1,Put,325.00,-2.61%,0.35,0.36,0.4,6565,1108,5.93,31.31%,41.22%,-0.107391,2026-07-28
CAR,166.32,2026-09-18,52,Call,300.00,-80.38%,0,0.65,1.25,1007,170,5.92,75.62%,79.06%,0.035182,2026-07-28
DIS,98.89,2026-08-14,17,Call,105.00,-6.18%,1.32,1.44,1.94,1070,181,5.91,36.99%,45.04%,0.285565,2026-07-28
TSLA,307.44,2026-07-31,3,Call,305.00,+0.79%,7.4,7.5,7.55,10193,1726,5.91,46.54%,55.33%,0.575305,2026-07-28
AGNC,11.07,2026-08-21,24,Put,10.50,-5.15%,0.09,0.11,0.12,8390,1421,5.9,24.54%,28.04%,-0.221327,2026-07-28
OMC,86.22,2026-08-21,24,Call,87.50,-1.48%,1.2,3,4,997,169,5.9,38.28%,36.08%,0.454099,2026-07-28
NVDA,197.01,2026-08-03,6,Put,182.50,-7.37%,0.41,0.48,0.53,886,151,5.87,41.99%,45.18%,-0.087256,2026-07-28
NVDA,197.01,2026-08-03,6,Put,180.00,-8.63%,0.27,0.33,0.37,2260,386,5.85,41.99%,46.75%,-0.061245,2026-07-28
FANG,190.3,2026-08-21,24,Put,180.00,-5.41%,1.85,3.51,5.6,771,132,5.84,38.18%,41.63%,-0.27989,2026-07-28
ORCL,119.96,2026-08-07,10,Put,135.00,+12.54%,15.15,15.6,17.05,3032,521,5.82,69.19%,68.62%,-0.836954,2026-07-28
HIMS,29.32,2026-07-31,3,Put,27.00,-7.91%,0.21,0.26,0.26,10660,1831,5.82,103.17%,97.70%,-0.164012,2026-07-28
INTC,86.3,2026-07-29,1,Put,84.00,-2.67%,0.95,0.94,1.07,4931,848,5.81,84.58%,109.70%,-0.308361,2026-07-28
HIMS,29.32,2026-08-14,17,Call,30.00,-2.32%,2.63,2.78,2.92,2139,370,5.78,103.17%,121.05%,0.519661,2026-07-28
VG,12.17,2026-08-14,17,Call,12.00,+1.40%,0.9,1.05,1.15,1016,176,5.77,81.22%,89.47%,0.569988,2026-07-28
GOOGL,333.71,2026-08-03,6,Call,360.00,-7.88%,0.29,0.32,0.4,2125,368,5.77,31.31%,35.99%,0.05387,2026-07-28
MSTR,96.16,2026-08-14,17,Call,95.00,+1.21%,7.1,7.12,7.65,719,125,5.75,79.49%,81.52%,0.566146,2026-07-28
PFE,25.25,2027-03-19,234,Put,21.00,-16.83%,0.42,0.51,0.65,4416,768,5.75,24.55%,25.70%,-0.172004,2026-07-28
LCID,7.9,2026-07-31,3,Call,7.00,+11.39%,0.94,1.02,1.08,18629,3238,5.75,147.12%,152.72%,0.827689,2026-07-28
STX,747.3,2026-07-31,3,Put,650.00,-13.02%,12.7,15,15,1073,187,5.74,108.53%,188.53%,-0.183238,2026-07-28
AMZN,230.86,2026-07-29,1,Call,237.50,-2.88%,0.16,0.16,0.19,10092,1772,5.7,42.65%,38.65%,0.082771,2026-07-28
GOOGL,333.71,2026-07-29,1,Call,342.50,-2.63%,0.35,0.39,0.41,5148,906,5.68,31.31%,40.37%,0.112097,2026-07-28
NVDA,197.01,2026-07-29,1,Call,187.50,+4.83%,7.75,10.1,11,4731,834,5.67,41.99%,85.16%,0.871651,2026-07-28
LITE,651.93,2026-07-31,3,Call,700.00,-7.37%,12,12.6,13.9,590,105,5.62,109.55%,127.83%,0.289979,2026-07-28
MSFT,393.35,2026-07-31,3,Put,367.50,-6.57%,4.2,4.38,4.5,2326,414,5.62,44.03%,98.53%,-0.209535,2026-07-28
CRWV,67.3,2028-12-15,871,Put,35.00,-47.99%,10.75,11.25,11.4,2573,458,5.62,112.85%,91.43%,-0.112085,2026-07-28
NVDA,197.01,2026-08-07,10,Call,195.00,+1.02%,6.7,7.11,7.15,13948,2488,5.61,41.99%,44.63%,0.574233,2026-07-28
HAL,31.23,2026-08-21,24,Put,31.50,+0.86%,1.2,1.15,2.15,633,113,5.6,46.01%,48.43%,-0.499929,2026-07-28
JD,31.79,2026-07-31,3,Call,32.50,-2.23%,0.21,0.22,0.23,1357,243,5.58,39.72%,43.25%,0.28806,2026-07-28
MU,820.53,2026-07-29,1,Call,925.00,-12.73%,1.3,1.35,1.5,1313,236,5.56,95.59%,140.65%,0.055949,2026-07-28
ENPH,36.32,2026-07-31,3,Call,38.00,-4.63%,1.6,1.6,1.8,638,115,5.55,95.27%,182.14%,0.424842,2026-07-28
PLTR,123.53,2026-08-14,17,Call,125.00,-1.19%,7.55,7.58,7.75,953,172,5.54,67.76%,77.40%,0.5091,2026-07-28
AMD,454.62,2027-06-17,324,Put,380.00,-16.41%,68.05,68.05,69.5,1955,353,5.54,81.00%,70.18%,-0.261064,2026-07-28
ARM,244.74,2026-07-31,3,Put,230.00,-6.02%,8.5,8.94,9.5,3445,622,5.54,99.82%,178.19%,-0.320268,2026-07-28
MU,820.53,2026-07-29,1,Call,950.00,-15.78%,0.6,0.66,0.68,8047,1460,5.51,95.59%,143.33%,0.027812,2026-07-28
BMNR,17.57,2026-08-07,10,Put,14.50,-17.47%,0.09,0.1,0.16,1315,240,5.48,83.83%,93.38%,-0.092515,2026-07-28
TSLA,307.44,2026-08-03,6,Call,337.50,-9.78%,0.67,0.7,0.7,1611,294,5.48,46.54%,50.02%,0.0788,2026-07-28
BSX,46.06,2026-07-31,3,Call,52.00,-12.90%,0.25,0.35,0.45,1423,260,5.47,55.28%,119.34%,0.143583,2026-07-28
MU,820.53,2026-07-29,1,Put,785.00,-4.33%,10,10.5,10.5,1794,328,5.47,95.59%,143.00%,-0.264322,2026-07-28
TSLA,307.44,2026-08-07,10,Call,307.50,-0.02%,10.35,10.43,10.55,1236,227,5.44,46.54%,50.91%,0.520583,2026-07-28
TSLA,307.44,2026-08-03,6,Call,315.00,-2.46%,4.25,4.25,4.35,2557,471,5.43,46.54%,46.57%,0.356795,2026-07-28
CABA,2.73,2027-01-15,171,Put,4.00,+46.52%,1.6,1.7,2.5,1491,275,5.42,101.05%,158.01%,-0.424058,2026-07-28
AMD,454.62,2026-07-29,1,Put,440.00,-3.22%,3.45,3.65,3.85,5268,974,5.41,81.00%,98.27%,-0.253673,2026-07-28
NVDA,197.01,2026-07-29,1,Call,182.50,+7.37%,12.65,15,16.45,1239,229,5.41,41.99%,64.11%,0.989226,2026-07-28
NOW,110.62,2026-07-31,3,Put,106.00,-4.18%,1.18,1.18,1.31,1698,315,5.39,59.06%,77.05%,-0.257992,2026-07-28
TTMI,108.69,2026-08-21,24,Call,135.00,-24.21%,4.5,5.21,6.6,710,132,5.38,116.98%,122.46%,0.299502,2026-07-28
LRCX,269.61,2026-07-31,3,Put,260.00,-3.56%,10.4,11.35,11.6,2315,430,5.38,93.26%,160.50%,-0.37304,2026-07-28
CCL,28.23,2026-07-31,3,Put,28.00,-0.81%,0.44,0.47,0.52,1761,328,5.37,47.15%,57.97%,-0.426955,2026-07-28
AA,44.36,2028-01-21,542,Call,60.00,-35.26%,7.25,8.9,10.1,2000,374,5.35,54.00%,59.59%,0.498031,2026-07-28
IONQ,33.88,2026-08-28,31,Call,35.00,-3.31%,3.4,3.64,4.4,593,111,5.34,104.76%,110.21%,0.527552,2026-07-28
BRK.B,512.37,2026-08-14,17,Call,525.00,-2.47%,3.2,3.2,3.85,752,141,5.33,17.21%,18.10%,0.287495,2026-07-28
PTON,6.55,2026-08-14,17,Call,6.50,+0.76%,0.35,0.53,0.65,1012,190,5.33,75.55%,83.65%,0.556492,2026-07-28
CTSH,50.31,2026-08-21,24,Put,42.50,-15.52%,0.6,0.7,0.95,1225,230,5.33,58.22%,70.29%,-0.151389,2026-07-28
AMZN,230.86,2026-07-29,1,Put,230.00,-0.37%,1.41,1.47,1.47,12285,2306,5.33,42.65%,38.39%,-0.420743,2026-07-28
GOOGL,333.71,2026-07-29,1,Call,340.00,-1.88%,0.68,0.7,0.75,12339,2319,5.32,31.31%,39.80%,0.188968,2026-07-28
CRDO,192.28,2026-08-07,10,Put,155.00,-19.39%,2.35,3,4.7,729,137,5.32,114.98%,136.81%,-0.142526,2026-07-28
UPS,105.53,2026-07-31,3,Call,112.00,-6.13%,0.1,0.12,0.15,1197,226,5.3,32.04%,43.75%,0.06875,2026-07-28
AMD,454.62,2026-07-29,1,Call,495.00,-8.88%,0.53,0.6,0.66,1598,302,5.29,81.00%,101.82%,0.058421,2026-07-28
SMCI,28.45,2026-08-07,10,Call,29.50,-3.69%,1.23,1.35,1.32,5224,988,5.29,100.00%,90.97%,0.436902,2026-07-28
GOOG,332.6,2026-07-31,3,Put,317.50,-4.54%,0.63,0.67,0.69,1267,240,5.28,31.21%,42.06%,-0.106705,2026-07-28
FUTU,101.84,2026-07-31,3,Put,92.00,-9.66%,0.08,0.14,0.14,669,127,5.27,59.34%,66.18%,-0.043095,2026-07-28
BSX,46.06,2026-07-31,3,Call,51.00,-10.73%,0.4,0.5,0.55,1517,288,5.27,55.28%,118.03%,0.185156,2026-07-28
UNH,428.79,2026-09-18,52,Put,140.00,-67.35%,0.01,0.17,0.17,1256,239,5.26,29.19%,108.25%,-0.001593,2026-07-28
ACN,164.66,2026-08-21,24,Put,150.00,-8.90%,2.65,2.88,3.1,2171,413,5.26,50.47%,51.05%,-0.218199,2026-07-28
MRVL,174.47,2026-08-21,24,Call,215.00,-23.23%,4.7,5.4,5.3,1143,218,5.24,95.58%,93.70%,0.229698,2026-07-28
AMZN,230.86,2026-07-29,1,Put,232.50,+0.71%,2.75,2.86,3,4287,818,5.24,42.65%,40.50%,-0.625476,2026-07-28
BRK.B,512.37,2026-07-31,3,Put,500.00,-2.41%,0.46,0.5,0.68,528,101,5.23,17.21%,22.55%,-0.11142,2026-07-28
ARM,244.74,2026-07-31,3,Call,260.00,-6.24%,9.25,9.75,10.5,579,111,5.22,99.82%,179.49%,0.386458,2026-07-28
NVDA,197.01,2026-07-29,1,Call,205.00,-4.06%,0.15,0.16,0.16,78652,15095,5.21,41.99%,50.47%,0.068296,2026-07-28
CAPR,6.57,2026-08-21,24,Put,3.00,-54.34%,0.25,0.4,0.4,1160,223,5.2,338.72%,325.11%,-0.08695,2026-07-28
AMZN,230.86,2026-07-29,1,Put,222.50,-3.62%,0.11,0.13,0.14,3338,642,5.2,42.65%,44.40%,-0.054482,2026-07-28
V,366.59,2026-10-16,80,Put,340.00,-7.25%,5.8,6.29,6.8,587,113,5.19,26.08%,25.70%,-0.231712,2026-07-28
FCX,61.64,2026-08-21,24,Put,53.00,-14.02%,0.33,0.59,0.8,1214,234,5.19,53.19%,54.81%,-0.12374,2026-07-28
AMD,454.62,2026-07-31,3,Call,495.00,-8.88%,3.35,3.45,3.8,3227,622,5.19,81.00%,95.68%,0.175077,2026-07-28
MNKD,3.91,2026-09-04,38,Call,1.00,+74.42%,2.65,2.96,5,943,182,5.18,124.23%,"1,242.65%",0.99051,2026-07-28
TSLA,307.44,2026-08-05,8,Call,315.00,-2.46%,5.9,5.97,6.05,1897,366,5.18,46.54%,49.92%,0.389349,2026-07-28
MU,820.53,2026-07-29,1,Put,830.00,+1.15%,28.1,28.8,29.3,3031,585,5.18,95.59%,137.60%,-0.548655,2026-07-28
NVDA,197.01,2026-08-07,10,Put,192.50,-2.29%,3.45,3.54,3.8,4715,910,5.18,41.99%,43.97%,-0.357691,2026-07-28
CAPR,6.57,2026-08-21,24,Call,20.00,-204.41%,0.3,0.8,0.95,6040,1165,5.18,338.72%,374.67%,0.24954,2026-07-28
AMKR,45.69,2026-08-21,24,Call,50.00,-9.43%,2.9,3,3.2,1153,223,5.17,95.85%,99.97%,0.414258,2026-07-28
MU,820.53,2026-07-29,1,Call,945.00,-15.17%,0.71,0.76,0.83,1214,235,5.17,95.59%,143.43%,0.032713,2026-07-28
WULF,17.09,2026-07-31,3,Put,14.50,-15.16%,0.02,0.11,0.17,701,136,5.15,114.63%,140.41%,-0.089387,2026-07-28
INTC,86.3,2026-08-03,6,Call,98.00,-13.56%,0.58,0.75,0.75,1144,222,5.15,84.58%,87.39%,0.141332,2026-07-28
NVDA,197.01,2026-08-14,17,Put,165.00,-16.25%,0.48,0.53,0.56,3033,589,5.15,41.99%,52.93%,-0.052494,2026-07-28
SHAZ,44.98,2026-08-21,24,Call,65.00,-44.51%,1.75,2.05,2.5,6201,1204,5.15,145.38%,157.06%,0.239788,2026-07-28
AMZN,230.86,2026-07-29,1,Put,225.00,-2.54%,0.26,0.28,0.29,12847,2498,5.14,42.65%,41.08%,-0.113,2026-07-28
MU,820.53,2026-07-29,1,Call,935.00,-13.95%,0.96,1.03,1.05,932,182,5.12,95.59%,141.14%,0.041865,2026-07-28
MU,820.53,2026-07-29,1,Put,745.00,-9.21%,3.25,3.5,3.55,771,151,5.11,95.59%,152.22%,-0.105088,2026-07-28
JNJ,266.73,2026-08-07,10,Put,255.00,-4.40%,0.58,0.96,1.59,1798,352,5.11,26.24%,28.36%,-0.16094,2026-07-28
TSLA,307.44,2026-07-31,3,Put,305.00,-0.79%,4.85,4.95,4.95,13609,2664,5.11,46.54%,54.89%,-0.42464,2026-07-28
NVDA,197.01,2026-07-31,3,Call,187.50,+4.83%,10.1,10.7,10.6,2388,468,5.1,41.99%,54.77%,0.84766,2026-07-28
MP,41.28,2026-08-14,17,Put,35.00,-15.21%,0.14,0.7,0.85,523,103,5.08,77.19%,75.60%,-0.13513,2026-07-28
KO,88.27,2026-07-31,3,Call,91.00,-3.09%,0.13,0.16,0.16,3009,594,5.07,20.75%,29.00%,0.126815,2026-07-28
RUN,9.63,2026-11-20,115,Call,10.00,-3.84%,1.76,1.87,1.96,539,107,5.04,98.82%,91.76%,0.582329,2026-07-28
FISV,54.21,2026-08-07,10,Call,54.00,+0.39%,2.7,2.9,3.2,726,144,5.04,54.60%,78.92%,0.540878,2026-07-28
MXL,58.94,2026-08-21,24,Call,60.00,-1.80%,6.3,6.2,7.2,1284,255,5.04,118.90%,118.95%,0.540571,2026-07-28
SPCX,116.41,2026-08-14,17,Call,175.00,-50.33%,2.55,2.64,2.7,3818,757,5.04,113.42%,155.80%,0.149322,2026-07-28
V,366.59,2026-07-31,3,Call,390.00,-6.39%,0.68,0.8,1,2085,415,5.02,26.08%,52.72%,0.102687,2026-07-28
META,593.41,2026-08-14,17,Call,625.00,-5.32%,17.4,18.12,18.6,816,163,5.01,50.88%,59.09%,0.370229,2026-07-28
AVGO,380.91,2026-07-29,1,Call,392.50,-3.04%,1.16,1.45,1.52,862,172,5.01,53.60%,64.39%,0.192077,2026-07-28
MSFT,393.35,2026-08-05,8,Call,392.50,+0.22%,15.15,15.37,16.1,920,184,5,44.03%,65.03%,0.530492,2026-07-28
MU,820.53,2026-07-29,1,Put,795.00,-3.11%,12.95,13.28,13.45,2221,444,5,95.59%,141.43%,-0.320889,2026-07-28
NVDA,197.01,2026-07-31,3,Put,217.50,+10.40%,20.1,20.1,21.25,2263,453,5,41.99%,64.18%,-0.953498,2026-07-28
CORZ,20.75,2026-08-07,10,Call,22.50,-8.43%,0.41,0.62,0.78,3048,609,5,88.13%,89.75%,0.320696,2026-07-28
KKR,102.66,2026-12-18,143,Call,110.00,-7.15%,7.1,7.5,7.9,2062,413,4.99,41.17%,38.96%,0.454202,2026-07-28
TSLA,307.44,2026-08-07,10,Call,295.00,+4.05%,17.7,16.8,18.05,543,109,4.98,46.54%,51.72%,0.704352,2026-07-28
PG,148.88,2026-07-31,3,Put,150.00,+0.75%,2.42,2.58,3.45,707,142,4.98,26.14%,43.26%,-0.567514,2026-07-28
SEDG,40.07,2028-01-21,542,Call,40.00,+0.17%,16,17.3,20.5,586,118,4.97,117.38%,95.18%,0.736758,2026-07-28
HD,344.47,2026-08-14,17,Call,355.00,-3.06%,4.65,4.72,5.9,906,183,4.95,33.69%,31.86%,0.345209,2026-07-28
MU,820.53,2026-07-29,1,Call,920.00,-12.12%,1.56,1.61,1.72,2118,428,4.95,95.59%,140.29%,0.064224,2026-07-28
MRVL,174.47,2026-08-14,17,Call,240.00,-37.56%,1.1,1.2,1.38,6157,1243,4.95,95.58%,97.60%,0.080619,2026-07-28
AVGO,380.91,2026-07-29,1,Put,350.00,-8.11%,0.1,0.12,0.17,4503,912,4.94,53.60%,81.26%,-0.022073,2026-07-28
COIN,167.9,2026-08-07,10,Call,167.50,+0.24%,9.15,9.65,10.9,1269,257,4.94,79.55%,88.07%,0.538269,2026-07-28
LCID,7.9,2026-07-31,3,Call,8.50,-7.59%,0.24,0.24,0.29,3856,780,4.94,147.12%,171.88%,0.348255,2026-07-28
AMZN,230.86,2026-08-07,10,Put,265.00,+14.79%,34.25,34,35.3,990,201,4.93,42.65%,57.90%,-0.920392,2026-07-28
MXL,58.94,2027-01-15,171,Call,90.00,-52.70%,10.4,11.1,12,521,106,4.92,118.90%,119.05%,0.464134,2026-07-28
QBTS,17.64,2026-08-07,10,Call,25.00,-41.72%,0.09,0.12,0.12,2048,417,4.91,103.29%,131.22%,0.067642,2026-07-28
NOW,110.62,2026-07-31,3,Call,118.00,-6.67%,0.71,0.7,0.84,1345,275,4.89,59.06%,77.17%,0.188352,2026-07-28
MRVL,174.47,2026-08-07,10,Call,210.00,-20.36%,2.01,2.3,2.27,6815,1395,4.89,95.58%,100.46%,0.152464,2026-07-28
MU,820.53,2026-07-29,1,Put,780.00,-4.94%,8.75,9,9.2,2339,480,4.87,95.59%,143.75%,-0.238199,2026-07-28
LRCX,269.61,2026-08-21,24,Call,330.00,-22.40%,7.35,7.8,8.3,3890,799,4.87,93.26%,92.46%,0.23415,2026-07-28
SGML,9.49,2027-01-15,171,Call,11.00,-15.91%,1.85,2.07,2.3,564,116,4.86,103.25%,98.74%,0.558066,2026-07-28
PLTR,123.53,2026-07-31,3,Call,118.00,+4.48%,6.5,6.46,6.7,1342,276,4.86,67.76%,69.66%,0.776851,2026-07-28
SMCI,28.45,2026-07-31,3,Put,26.50,-6.85%,0.34,0.37,0.38,3293,677,4.86,100.00%,107.22%,-0.217136,2026-07-28
JNJ,266.73,2026-08-07,10,Put,260.00,-2.52%,1.89,2.07,3.35,502,104,4.83,26.24%,30.83%,-0.29654,2026-07-28
AVGO,380.91,2026-07-29,1,Call,387.50,-1.73%,2.35,2.75,2.82,1520,315,4.83,53.60%,65.10%,0.314175,2026-07-28
GOOG,332.6,2026-07-31,3,Put,330.00,-0.78%,3.45,3.63,3.7,7911,1638,4.83,31.21%,40.04%,-0.404868,2026-07-28
HAS,96.34,2026-08-21,24,Put,87.50,-9.18%,0.05,0.8,0.95,600,125,4.8,34.18%,33.24%,-0.119346,2026-07-28
AMD,454.62,2026-07-31,3,Call,480.00,-5.58%,6.35,6.62,6.9,8970,1868,4.8,81.00%,96.00%,0.281869,2026-07-28
MARA,11.38,2026-08-07,10,Call,12.00,-5.45%,0.51,0.55,0.59,5648,1178,4.79,101.42%,106.23%,0.417545,2026-07-28
MSFT,393.35,2026-08-05,8,Call,395.00,-0.42%,14.2,14.59,14.9,1575,329,4.79,44.03%,65.55%,0.504487,2026-07-28
INTC,86.3,2026-09-04,38,Call,110.00,-27.46%,2.6,3,3.25,631,132,4.78,84.58%,86.50%,0.236134,2026-07-28
ADBE,249.18,2026-07-31,3,Call,252.50,-1.33%,3.2,3.42,4.4,808,169,4.78,50.50%,58.04%,0.413083,2026-07-28
SPCX,116.41,2026-08-14,17,Call,132.00,-13.39%,7.7,8.3,7.9,672,141,4.77,113.42%,133.34%,0.387027,2026-07-28
DAL,89.37,2026-08-07,10,Call,90.00,-0.70%,2.21,2.24,2.31,709,149,4.76,39.89%,42.79%,0.478565,2026-07-28
GLW,126.01,2026-10-16,80,Put,90.00,-28.58%,3.2,4.38,4.55,866,182,4.76,80.76%,80.22%,-0.135751,2026-07-28
HAL,31.23,2026-07-31,3,Call,32.50,-4.07%,0.1,0.12,0.17,2853,599,4.76,46.01%,47.89%,0.185698,2026-07-28
META,593.41,2026-11-20,115,Call,805.00,-35.66%,10.6,10.75,11.15,797,168,4.74,50.88%,45.58%,0.153435,2026-07-28
META,593.41,2026-10-16,80,Call,770.00,-29.76%,7.05,7.35,7.65,1522,321,4.74,50.88%,44.08%,0.130502,2026-07-28
AMD,454.62,2026-08-03,6,Call,480.00,-5.58%,8.3,8.65,9.25,591,125,4.73,81.00%,78.33%,0.3139,2026-07-28
NVDA,197.01,2026-08-07,10,Call,197.50,-0.25%,5.4,5.5,5.7,4198,888,4.73,41.99%,43.87%,0.505464,2026-07-28
VZ,48.19,2026-08-21,24,Put,48.00,-0.39%,0.99,1.07,1.46,712,151,4.72,25.70%,26.23%,-0.469494,2026-07-28
TEAM,99.98,2026-08-21,24,Call,110.00,-10.02%,5.9,6.15,6.7,1610,341,4.72,93.40%,97.87%,0.402977,2026-07-28
SNDK,1096.1,2026-07-31,3,Call,"1,200.00",-9.48%,33.3,34.1,35,2874,609,4.72,140.68%,180.49%,0.319211,2026-07-28
KO,88.27,2026-08-07,10,Put,83.00,-5.97%,0.07,0.16,0.15,1358,289,4.7,20.75%,25.28%,-0.066774,2026-07-28
BE,166.84,2026-07-31,3,Call,235.00,-40.85%,0.92,2.4,2.6,2756,586,4.7,161.87%,269.43%,0.100435,2026-07-28
BE,166.84,2026-07-31,3,Call,185.00,-10.88%,10.75,11.41,12,3101,660,4.7,161.87%,301.07%,0.404764,2026-07-28
MARA,11.38,2026-07-31,3,Call,11.50,-1.05%,0.41,0.45,0.45,10673,2270,4.7,101.42%,117.55%,0.483106,2026-07-28
TSLA,307.44,2026-07-31,3,Put,302.50,-1.61%,3.8,3.9,3.95,5535,1179,4.69,46.54%,54.93%,-0.361166,2026-07-28
CTAS,214.9,2027-02-19,206,Call,250.00,-16.33%,5.9,7.6,9.7,718,153,4.69,22.26%,28.28%,0.299389,2026-07-28
CRWD,181.8,2026-08-14,17,Put,170.00,-6.49%,3.95,4.67,5.5,1173,250,4.69,63.56%,63.31%,-0.284279,2026-07-28
AMZN,230.86,2026-08-21,24,Call,252.50,-9.37%,3.5,3.6,3.7,1614,345,4.68,42.65%,44.95%,0.24222,2026-07-28
ORCL,119.96,2026-08-21,24,Call,127.00,-5.87%,5.25,5.4,5.65,2643,565,4.68,69.19%,67.06%,0.405437,2026-07-28
PLTR,123.53,2026-07-31,3,Put,123.00,-0.43%,2.67,2.7,2.71,8085,1727,4.68,67.76%,66.48%,-0.457965,2026-07-28
AMD,454.62,2026-07-31,3,Put,430.00,-5.42%,6.4,6.5,6.95,8199,1751,4.68,81.00%,100.79%,-0.255286,2026-07-28
SERV,4.7,2026-07-31,3,Call,5.00,-6.38%,0.09,0.11,0.12,4848,1038,4.67,108.39%,127.39%,0.317206,2026-07-28
TSLA,307.44,2026-07-29,1,Call,325.00,-5.71%,0.19,0.2,0.2,15567,3332,4.67,46.54%,62.72%,0.047203,2026-07-28
HIMS,29.32,2026-07-31,3,Call,28.50,+2.80%,1.39,1.52,1.62,730,157,4.65,103.17%,99.39%,0.641781,2026-07-28
META,593.41,2026-08-14,17,Put,550.00,-7.32%,11.65,12.05,12.75,849,183,4.64,50.88%,59.25%,-0.251875,2026-07-28
LRCX,269.61,2026-07-31,3,Call,390.00,-44.65%,0.01,0.11,0.28,875,189,4.63,93.26%,170.94%,0.010655,2026-07-28
PYPL,58.32,2026-07-31,3,Put,58.00,-0.55%,0.74,0.75,0.8,1055,228,4.63,33.23%,44.05%,-0.435484,2026-07-28
NVDA,197.01,2026-08-03,6,Call,202.50,-2.79%,1.84,2.09,2.15,3871,838,4.62,41.99%,40.57%,0.311116,2026-07-28
META,593.41,2026-11-20,115,Call,825.00,-39.03%,8.7,9.35,9.4,1021,222,4.6,50.88%,45.59%,0.131902,2026-07-28
NVDA,197.01,2026-07-29,1,Put,197.50,+0.25%,2.19,2.35,2.3,38005,8279,4.59,41.99%,48.52%,-0.532839,2026-07-28
IONQ,33.88,2026-09-04,38,Call,37.00,-9.21%,2.59,3.22,4.3,518,113,4.58,104.76%,105.72%,0.469549,2026-07-28
MU,820.53,2026-07-31,3,Call,870.00,-6.03%,18.25,18.5,18.85,1078,236,4.57,95.59%,125.15%,0.32393,2026-07-28
BE,166.84,2026-08-07,10,Put,120.00,-28.07%,4.15,5,6.95,1718,376,4.57,161.87%,228.10%,-0.143648,2026-07-28
CRWD,181.8,2026-08-07,10,Call,191.25,-5.20%,3.5,4.23,4.25,538,118,4.56,63.56%,62.00%,0.332557,2026-07-28
PSKY,8.07,2026-08-07,10,Put,8.00,-0.87%,0.29,0.41,0.41,1661,364,4.56,62.55%,72.67%,-0.446153,2026-07-28
NVDA,197.01,2026-08-05,8,Call,200.00,-1.52%,3.5,3.71,4.25,1854,407,4.56,41.99%,44.19%,0.425733,2026-07-28
PCG,17.78,2026-08-21,24,Call,20.00,-12.49%,0.04,0.11,0.13,1005,222,4.53,35.20%,35.81%,0.111618,2026-07-28
IBM,227.55,2026-07-31,3,Call,255.00,-12.06%,0.1,0.1,0.13,1232,272,4.53,43.32%,62.65%,0.0241,2026-07-28
LYFT,15.45,2026-09-18,52,Call,18.00,-16.50%,0.41,0.66,0.71,1476,326,4.53,88.39%,58.90%,0.290386,2026-07-28
IREN,33.93,2026-08-07,10,Put,29.50,-13.06%,1.34,1.44,1.58,628,139,4.52,135.15%,153.91%,-0.248236,2026-07-28
DIS,98.89,2026-08-14,17,Call,101.00,-2.13%,2.6,2.75,4.15,678,150,4.52,36.99%,50.48%,0.445052,2026-07-28
NOW,110.62,2026-08-07,10,Call,111.00,-0.34%,4.4,4.6,4.6,635,141,4.5,59.06%,63.39%,0.511667,2026-07-28
APP,418.22,2026-08-21,24,Put,290.00,-30.66%,2.7,3,3.2,877,195,4.5,87.35%,99.60%,-0.058217,2026-07-28
IBM,227.55,2026-07-31,3,Put,225.00,-1.12%,2.81,3.15,3.15,967,215,4.5,43.32%,50.54%,-0.393517,2026-07-28
CRM,181.5,2026-08-07,10,Put,170.00,-6.34%,1.61,1.64,1.7,1529,340,4.5,47.46%,48.88%,-0.195496,2026-07-28
IBM,227.55,2026-10-16,80,Call,255.00,-12.06%,7.8,9.05,8.8,1522,339,4.49,43.32%,42.01%,0.31642,2026-07-28
CAG,15.43,2026-07-31,3,Put,15.00,-2.79%,0.05,0.11,0.2,542,121,4.48,32.41%,52.49%,-0.27105,2026-07-28
SPCX,116.41,2026-08-07,10,Put,87.00,-25.26%,1.4,1.45,1.5,1196,267,4.48,113.42%,149.62%,-0.096215,2026-07-28
CBRS,192.72,2026-08-14,17,Call,325.00,-68.64%,2.9,3,3.6,2356,526,4.48,127.43%,170.87%,0.109672,2026-07-28
TSLA,307.44,2026-08-14,17,Call,305.00,+0.79%,14.25,13.98,14.45,510,114,4.47,46.54%,48.69%,0.557438,2026-07-28
SNDK,1096.1,2026-07-31,3,Put,"1,110.00",+1.27%,78,79.25,81.5,801,179,4.47,140.68%,182.58%,-0.496784,2026-07-28
AIRS,4.66,2026-08-21,24,Call,4.00,+14.16%,1.05,1,1.15,500,112,4.46,156.39%,163.33%,0.718978,2026-07-28
DELL,392.1,2026-07-31,3,Put,335.00,-14.56%,1.15,1.41,1.64,883,198,4.46,88.96%,122.12%,-0.069559,2026-07-28
MU,820.53,2026-07-29,1,Call,890.00,-8.47%,3.8,3.84,4,2256,506,4.46,95.59%,136.53%,0.135605,2026-07-28
IREN,33.93,2026-07-31,3,Call,37.00,-9.05%,0.84,0.85,0.87,6356,1425,4.46,135.15%,158.37%,0.298221,2026-07-28
SPCX,116.41,2026-07-31,3,Call,105.00,+9.80%,11.9,11.6,13.4,1113,250,4.45,113.42%,124.29%,0.835123,2026-07-28
HIMS,29.32,2026-07-31,3,Call,28.00,+4.50%,1.73,1.87,1.95,1069,241,4.44,103.17%,100.80%,0.709904,2026-07-28
AMD,454.62,2026-07-31,3,Call,460.00,-1.18%,13.15,13.8,13.8,2615,589,4.44,81.00%,96.54%,0.465229,2026-07-28
SPCX,116.41,2026-07-31,3,Call,116.00,+0.35%,4.9,4.92,5.1,5611,1265,4.44,113.42%,113.67%,0.535325,2026-07-28
LNC,42.83,2026-08-21,24,Call,47.50,-10.90%,0.15,0.5,0.7,1168,264,4.42,38.97%,41.75%,0.179434,2026-07-28
GM,90.3,2026-12-18,143,Call,57.50,+36.32%,32.45,33.5,35.3,600,136,4.41,36.01%,46.62%,0.955541,2026-07-28
NBIS,169.69,2026-08-07,10,Call,180.00,-6.08%,13,12.86,14.3,774,176,4.4,156.02%,158.83%,0.464476,2026-07-28
APLD,26.62,2026-07-31,3,Put,25.50,-4.21%,0.72,0.69,0.88,1059,241,4.39,107.93%,136.53%,-0.340433,2026-07-28
HOOD,92.76,2026-10-16,80,Call,155.00,-67.10%,0.83,1.25,1.45,4723,1077,4.39,79.79%,71.57%,0.090026,2026-07-28
JCI,140.28,2026-08-21,24,Call,150.00,-6.93%,3.2,3.34,3.6,8844,2017,4.38,46.22%,48.35%,0.320642,2026-07-28
STX,747.3,2026-08-21,24,Call,740.00,+0.98%,86.9,88.82,92.5,552,126,4.38,108.53%,112.53%,0.573498,2026-07-28
AMKR,45.69,2026-08-21,24,Put,46.00,+0.68%,3.6,4.64,5,725,166,4.37,95.85%,89.48%,-0.463289,2026-07-28
CBRE,147.05,2026-09-18,52,Call,170.00,-15.61%,1.1,2.55,2.5,751,172,4.37,45.50%,36.79%,0.174387,2026-07-28
GM,90.3,2026-07-31,3,Call,92.00,-1.88%,0.78,0.87,0.95,1053,241,4.37,36.01%,47.42%,0.342,2026-07-28
NVDA,197.01,2026-07-29,1,Put,190.00,-3.56%,0.22,0.24,0.23,88118,20148,4.37,41.99%,52.12%,-0.089384,2026-07-28
SNDK,1096.1,2026-07-31,3,Put,"1,120.00",+2.18%,84,85.09,86.8,588,135,4.36,140.68%,182.38%,-0.518497,2026-07-28
NVDA,197.01,2026-08-03,6,Call,190.00,+3.56%,8,9,8.9,645,148,4.36,41.99%,39.54%,0.77336,2026-07-28
SNDK,1096.1,2026-07-31,3,Put,"1,075.00",-1.93%,60.7,62,64.6,759,174,4.36,140.68%,185.79%,-0.420307,2026-07-28
SPCX,116.41,2026-08-07,10,Call,117.00,-0.51%,11,11.3,11.5,540,124,4.35,113.42%,149.50%,0.542726,2026-07-28
GRAL,64.42,2026-08-21,24,Put,55.00,-14.62%,1.5,2.25,2.5,910,209,4.35,90.27%,90.59%,-0.210181,2026-07-28
SKHY,130.17,2026-07-31,3,Call,142.00,-9.09%,3.5,3.43,3.8,542,125,4.34,123.43%,167.64%,0.31049,2026-07-28
REPL,5.35,2026-08-21,24,Call,8.00,-49.53%,1.2,1.75,1.8,768,178,4.31,402.22%,404.88%,0.553211,2026-07-28
BE,166.84,2026-08-21,24,Put,95.00,-43.06%,2.25,2.97,3.25,1439,334,4.31,161.87%,175.01%,-0.068881,2026-07-28
BE,166.84,2026-07-31,3,Call,170.00,-1.89%,16.45,17,17.35,1987,461,4.31,161.87%,303.30%,0.528028,2026-07-28
SKHY,130.17,2026-07-31,3,Put,90.00,-30.86%,0.15,0.17,0.2,5656,1314,4.3,123.43%,204.74%,-0.018659,2026-07-28
TSLA,307.44,2026-07-29,1,Put,307.50,+0.02%,3.4,3.45,3.55,38797,9019,4.3,46.54%,53.87%,-0.495985,2026-07-28
GOOG,332.6,2026-07-31,3,Put,322.50,-3.04%,1.3,1.35,1.4,1502,351,4.28,31.21%,40.74%,-0.194858,2026-07-28
SPCX,116.41,2026-07-31,3,Call,110.00,+5.51%,8.4,8.4,8.5,7256,1695,4.28,113.42%,110.40%,0.73204,2026-07-28
WMT,113.1,2026-07-31,3,Call,116.00,-2.56%,0.27,0.28,0.3,6227,1459,4.27,30.96%,29.44%,0.176972,2026-07-28
ANET,169.71,2026-07-31,3,Call,160.00,+5.72%,10.05,10.68,12.2,559,131,4.27,76.99%,79.36%,0.804874,2026-07-28
SNDK,1096.1,2026-07-31,3,Call,"1,280.00",-16.78%,16.6,17.2,18,594,139,4.27,140.68%,178.51%,0.19059,2026-07-28
UPST,27.82,2026-07-31,3,Call,28.50,-2.44%,0.45,0.52,0.67,587,138,4.25,92.58%,83.90%,0.39143,2026-07-28
V,366.59,2026-07-31,3,Put,357.50,-2.48%,2.6,2.96,3.1,778,183,4.25,26.08%,49.04%,-0.276972,2026-07-28
CCL,28.23,2026-07-31,3,Put,29.00,+2.73%,0.86,1.18,1.31,803,189,4.25,47.15%,60.76%,-0.67696,2026-07-28
T,24.66,2026-08-28,31,Call,26.00,-5.43%,0.22,0.29,0.33,1385,326,4.25,26.55%,26.19%,0.253147,2026-07-28
LCID,7.9,2026-08-07,10,Call,9.00,-13.92%,0.31,0.5,0.55,1806,425,4.25,147.12%,156.43%,0.355593,2026-07-28
AMD,454.62,2026-07-31,3,Call,450.00,+1.02%,17.95,18,19.45,3490,822,4.25,81.00%,99.15%,0.564312,2026-07-28
ON,84.39,2026-07-31,3,Put,68.00,-19.42%,0.01,0.17,0.5,640,152,4.21,88.69%,151.30%,-0.049998,2026-07-28
UPST,27.82,2026-07-31,3,Call,30.50,-9.63%,0.1,0.13,0.17,1072,255,4.2,92.58%,86.23%,0.128458,2026-07-28
ORCL,119.96,2027-03-19,234,Put,85.00,-29.14%,8.6,9.2,9.15,1610,383,4.2,69.19%,70.95%,-0.179243,2026-07-28
PG,148.88,2026-07-31,3,Put,139.00,-6.64%,0.02,0.1,0.12,587,140,4.19,26.14%,41.27%,-0.031748,2026-07-28
AMZN,230.86,2027-03-19,234,Put,135.00,-41.52%,1.01,1.15,1.28,800,191,4.19,42.65%,41.94%,-0.033224,2026-07-28
CRWV,67.3,2026-12-18,143,Call,87.50,-30.01%,10.05,10.4,10.85,1065,254,4.19,112.85%,97.86%,0.461086,2026-07-28
CORZ,20.75,2026-08-07,10,Put,19.00,-8.43%,0.36,0.6,0.77,1237,295,4.19,88.13%,95.77%,-0.261378,2026-07-28
WDC,463.51,2027-01-15,171,Put,135.00,-70.87%,1.89,2.89,6.45,572,137,4.18,107.82%,113.60%,-0.022971,2026-07-28
MSFT,393.35,2026-08-03,6,Call,400.00,-1.69%,11.25,11.75,11.9,1741,417,4.18,44.03%,71.93%,0.447868,2026-07-28
MU,820.53,2026-07-29,1,Put,720.00,-12.25%,1.54,1.61,1.68,1384,332,4.17,95.59%,159.45%,-0.053819,2026-07-28
TSLA,307.44,2026-07-31,3,Call,312.50,-1.65%,4.05,4.05,4.1,4526,1088,4.16,46.54%,55.74%,0.385166,2026-07-28
AAPL,340.08,2026-07-29,1,Call,337.50,+0.76%,3.75,3.9,3.9,28437,6831,4.16,29.11%,32.32%,0.678669,2026-07-28
AMZN,230.86,2026-08-05,8,Put,285.00,+23.45%,53.5,53.84,55,628,152,4.13,42.65%,70.53%,-0.978837,2026-07-28
OWL,9.81,2026-08-21,24,Call,10.50,-7.03%,0.2,0.2,0.25,1116,270,4.13,52.88%,48.87%,0.305695,2026-07-28
MU,820.53,2026-07-29,1,Call,930.00,-13.34%,1.13,1.25,1.25,2089,507,4.12,95.59%,140.95%,0.048537,2026-07-28
TSLA,307.44,2026-08-28,31,Call,310.00,-0.83%,15.85,16,16.1,3507,854,4.11,46.54%,46.79%,0.512156,2026-07-28
INTC,86.3,2026-07-29,1,Put,85.00,-1.51%,1.29,1.32,1.41,8240,2007,4.11,84.58%,108.13%,-0.382924,2026-07-28
VST,148.64,2026-08-21,24,Call,165.00,-11.01%,3.4,3.45,3.5,11843,2880,4.11,58.20%,58.54%,0.271679,2026-07-28
GOOGL,333.71,2026-07-29,1,Call,345.00,-3.38%,0.18,0.18,0.23,5010,1223,4.1,31.31%,41.59%,0.065122,2026-07-28
SKHY,130.17,2026-12-18,143,Call,220.00,-69.01%,13.4,14.3,15,5216,1273,4.1,123.43%,107.63%,0.337301,2026-07-28
NFLX,72.39,2026-08-07,10,Put,72.00,-0.54%,1.42,1.44,1.46,1788,436,4.1,34.00%,34.77%,-0.445736,2026-07-28
HOOD,92.76,2026-08-28,31,Call,135.00,-45.54%,0.29,0.51,0.69,572,140,4.09,79.79%,76.53%,0.059748,2026-07-28
MRVL,174.47,2026-11-20,115,Call,180.00,-3.17%,33.3,34,35.15,835,204,4.09,95.58%,92.10%,0.587089,2026-07-28
INTC,86.3,2026-08-07,10,Call,114.00,-32.10%,0.26,0.31,0.34,1019,250,4.08,84.58%,98.93%,0.053362,2026-07-28
UPS,105.53,2026-07-31,3,Call,110.00,-4.24%,0.19,0.31,0.36,1033,253,4.08,32.04%,41.55%,0.138378,2026-07-28
MU,820.53,2026-07-29,1,Put,700.00,-14.69%,0.78,0.78,0.9,6809,1668,4.08,95.59%,164.89%,-0.029721,2026-07-28
W,94.54,2026-07-31,3,Call,94.00,+0.57%,2.49,2.4,3.35,905,223,4.06,80.73%,77.06%,0.548238,2026-07-28
HOOD,92.76,2026-11-20,115,Call,150.00,-61.71%,2.65,2.98,3.8,1920,474,4.05,79.79%,74.79%,0.18241,2026-07-28
ENPH,36.32,2026-07-31,3,Put,35.00,-3.63%,1.7,1.76,1.83,1118,277,4.04,95.27%,184.07%,-0.379488,2026-07-28
ASTS,56.55,2026-07-31,3,Call,56.00,+0.97%,2.45,2.22,2.64,1136,281,4.04,113.43%,110.63%,0.559848,2026-07-28
ADBE,249.18,2026-07-31,3,Put,245.00,-1.68%,3.15,3.45,3.45,774,192,4.03,50.50%,57.61%,-0.361311,2026-07-28
AMD,454.62,2026-07-29,1,Put,430.00,-5.42%,1.65,1.73,1.81,3298,818,4.03,81.00%,100.59%,-0.138818,2026-07-28
SPCX,116.41,2026-08-07,10,Call,136.00,-16.83%,5.4,5.59,5.6,887,221,4.01,113.42%,156.50%,0.320183,2026-07-28
INTC,86.3,2028-12-15,871,Call,175.00,-102.78%,26.3,26.8,28.3,632,158,4,84.58%,83.08%,0.555392,2026-07-28
NVDA,197.01,2026-09-04,38,Call,195.00,+1.02%,12.75,13.19,13.4,1257,314,4,41.99%,46.51%,0.565468,2026-07-28
PLTR,123.53,2026-07-31,3,Put,115.00,-6.91%,0.5,0.51,0.53,12629,3162,3.99,67.76%,71.22%,-0.126152,2026-07-28
NOW,110.62,2026-07-31,3,Call,115.00,-3.96%,1.38,1.43,1.43,18443,4618,3.99,59.06%,76.17%,0.30029,2026-07-28
DIS,98.89,2027-06-17,324,Call,105.00,-6.18%,9.3,10.39,11.6,1951,489,3.99,36.99%,34.62%,0.49074,2026-07-28
TEM,42.9,2026-07-31,3,Call,47.00,-9.56%,0.48,0.73,0.74,633,159,3.98,80.86%,125.17%,0.228113,2026-07-28
TGT,144.2,2026-08-14,17,Call,150.00,-4.02%,1.44,1.44,1.67,2048,514,3.98,44.12%,29.68%,0.28053,2026-07-28
INTC,86.3,2026-09-18,52,Call,100.00,-15.87%,6,6.18,6.3,42617,10718,3.98,84.58%,83.37%,0.38299,2026-07-28
WDC,463.51,2026-12-18,143,Put,320.00,-30.96%,36.2,39.2,43.9,511,129,3.96,107.82%,102.02%,-0.179108,2026-07-28
GLW,126.01,2026-08-07,10,Call,160.00,-26.97%,0.35,0.55,0.67,795,201,3.96,80.76%,90.65%,0.06531,2026-07-28
CHKP,137.64,2026-08-21,24,Call,160.00,-16.25%,1.3,1.46,2.55,1613,407,3.96,50.32%,58.84%,0.182321,2026-07-28
NVDA,197.01,2026-08-03,6,Call,197.50,-0.25%,3.85,4.12,4.15,1778,449,3.96,41.99%,41.56%,0.495833,2026-07-28
LCID,7.9,2026-07-31,3,Put,8.00,+1.27%,0.51,0.59,0.63,2189,553,3.96,147.12%,180.94%,-0.497295,2026-07-28
SKHY,130.17,2026-12-18,143,Put,95.00,-27.02%,13.6,13.89,14.4,1217,308,3.95,123.43%,105.08%,-0.204286,2026-07-28
SPCX,116.41,2026-08-07,10,Call,185.00,-58.92%,1.4,1.46,1.5,2184,553,3.95,113.42%,190.45%,0.095304,2026-07-28
GOOGL,333.71,2026-07-29,1,Put,320.00,-4.11%,0.09,0.11,0.11,3594,910,3.95,31.31%,43.93%,-0.032921,2026-07-28
AMD,454.62,2026-08-03,6,Put,450.00,-1.02%,15.7,17.05,17,717,182,3.94,81.00%,80.80%,-0.438348,2026-07-28
AVGO,380.91,2026-07-29,1,Call,407.50,-6.98%,0.09,0.11,0.14,629,160,3.93,53.60%,64.57%,0.02402,2026-07-28
JCI,140.28,2026-08-21,24,Put,130.00,-7.33%,2.2,2.9,2.95,1587,404,3.93,46.22%,47.24%,-0.241565,2026-07-28
GOOGL,333.71,2026-07-31,3,Put,325.00,-2.61%,1.62,1.68,1.76,5453,1389,3.93,31.31%,40.95%,-0.230335,2026-07-28
NBIS,169.69,2026-09-18,52,Put,160.00,-5.71%,30.1,30.95,31.15,6138,1561,3.93,156.02%,145.58%,-0.348587,2026-07-28
NVDA,197.01,2026-07-31,3,Call,177.50,+9.90%,18.4,19.9,22.1,1551,396,3.92,41.99%,89.08%,0.909021,2026-07-28
RKLB,63.89,2026-07-31,3,Call,65.00,-1.74%,1.97,2.05,2.15,2794,712,3.92,104.85%,110.27%,0.452495,2026-07-28
BSX,46.06,2026-08-07,10,Put,44.00,-4.47%,1,1.17,1.65,4031,1032,3.91,55.28%,74.70%,-0.330404,2026-07-28
SKHY,130.17,2026-12-18,143,Put,110.00,-15.50%,20.7,21.5,22.2,1323,339,3.9,123.43%,106.43%,-0.273237,2026-07-28
AMD,454.62,2026-07-29,1,Put,480.00,+5.58%,26.65,27.99,28.9,1523,391,3.9,81.00%,108.97%,-0.822069,2026-07-28
GM,90.3,2028-01-21,542,Call,95.00,-5.20%,15.2,16.45,18.15,1092,281,3.89,36.01%,38.99%,0.585107,2026-07-28
GLW,126.01,2026-09-18,52,Put,80.00,-36.51%,1.03,1.27,1.62,1539,396,3.89,80.76%,89.04%,-0.062828,2026-07-28
PLTR,123.53,2026-07-31,3,Put,116.00,-6.10%,0.64,0.65,0.66,3063,787,3.89,67.76%,70.44%,-0.153613,2026-07-28
TSLA,307.44,2026-07-29,1,Call,322.50,-4.90%,0.28,0.29,0.3,10092,2597,3.89,46.54%,60.61%,0.068315,2026-07-28
TSLA,307.44,2026-08-03,6,Put,307.50,+0.02%,7.05,7.15,7.3,2022,521,3.88,46.54%,45.96%,-0.486337,2026-07-28
MTCH,39.28,2027-01-15,171,Call,42.50,-8.20%,1.95,3.05,3.7,503,130,3.87,47.38%,37.21%,0.436913,2026-07-28
NCLH,21.22,2026-07-31,3,Put,18.50,-12.82%,0.08,0.13,0.13,2960,764,3.87,57.19%,119.71%,-0.09329,2026-07-28
NVDA,197.01,2026-07-31,3,Call,192.50,+2.29%,6.15,6.47,6.7,3594,929,3.87,41.99%,52.66%,0.696487,2026-07-28
TSLA,307.44,2026-07-29,1,Put,315.00,+2.46%,8.45,8.65,8.75,13665,3534,3.87,46.54%,56.40%,-0.790044,2026-07-28
OKLO,39.58,2027-12-17,507,Put,20.00,-49.47%,3.8,4.16,5,1126,292,3.86,97.35%,95.45%,-0.113569,2026-07-28
CORZ,20.75,2026-12-18,143,Call,21.00,-1.20%,4.3,4.75,4.75,2532,656,3.86,88.13%,88.01%,0.610498,2026-07-28
GS,1033.34,2026-08-07,10,Put,995.00,-3.71%,10.2,11.65,12.75,573,149,3.85,35.91%,39.57%,-0.268481,2026-07-28
NVTS,10.01,2026-07-31,3,Call,10.00,+0.10%,0.5,0.53,0.57,900,234,3.85,116.23%,146.18%,0.530313,2026-07-28
MSTR,96.16,2026-08-28,31,Put,85.00,-11.61%,3.75,4.12,4.45,1174,305,3.85,79.49%,82.35%,-0.259348,2026-07-28
T,24.66,2026-07-31,3,Put,24.50,-0.65%,0.18,0.19,0.23,1393,362,3.85,26.55%,31.17%,-0.404154,2026-07-28
SPCX,116.41,2026-08-07,10,Call,119.00,-2.22%,10.3,10.5,10.6,568,148,3.84,113.42%,150.29%,0.515912,2026-07-28
UPS,105.53,2026-07-31,3,Put,107.00,+1.39%,1.78,2.25,2.58,791,206,3.84,32.04%,33.87%,-0.670276,2026-07-28
GOOG,332.6,2026-07-31,3,Call,337.50,-1.47%,2.83,2.9,2.98,7130,1859,3.84,31.21%,40.78%,0.355816,2026-07-28
AAL,15.36,2026-07-31,3,Call,16.00,-4.17%,0.09,0.1,0.11,10531,2748,3.83,50.19%,57.15%,0.223473,2026-07-28
AVGO,380.91,2026-07-29,1,Call,377.50,+0.90%,6.5,7.2,7.85,727,191,3.81,53.60%,66.66%,0.609308,2026-07-28
SANM,172.43,2026-08-21,24,Put,190.00,+10.19%,24.2,26.42,26,830,218,3.81,79.32%,80.98%,-0.639463,2026-07-28
SCHW,105.97,2026-11-20,115,Call,115.00,-8.52%,3.15,3.1,3.25,1043,274,3.81,24.54%,26.27%,0.334408,2026-07-28
UPS,105.53,2026-07-31,3,Put,106.00,+0.45%,1.31,1.4,1.84,1618,425,3.81,32.04%,34.40%,-0.552735,2026-07-28
BRK.B,512.37,2026-07-31,3,Call,515.00,-0.51%,2.03,2.47,2.88,1650,433,3.81,17.21%,19.15%,0.393925,2026-07-28
AVGO,380.91,2026-07-29,1,Call,397.50,-4.36%,0.5,0.79,0.73,745,196,3.8,53.60%,63.53%,0.103266,2026-07-28
NOW,110.62,2026-07-31,3,Put,109.00,-1.46%,2.19,2.29,2.3,912,240,3.8,59.06%,75.51%,-0.399958,2026-07-28
CTSH,50.31,2026-08-21,24,Call,55.00,-9.32%,1.2,1.55,1.55,1117,295,3.79,58.22%,59.08%,0.305161,2026-07-28
INTC,86.3,2026-09-18,52,Call,87.50,-1.39%,10.25,10.65,10.7,680,180,3.78,84.58%,83.72%,0.55063,2026-07-28
WMT,113.1,2026-07-31,3,Put,116.00,+2.56%,2.45,3.2,3.25,820,217,3.78,30.96%,30.80%,-0.813345,2026-07-28
IBM,227.55,2026-12-18,143,Call,320.00,-40.63%,3.65,4.56,4.55,1502,397,3.78,43.32%,44.68%,0.141526,2026-07-28
SIMO,221.42,2026-08-21,24,Call,440.00,-98.72%,0,0.5,1.35,708,188,3.77,127.04%,127.86%,0.027107,2026-07-28
NVDA,197.01,2026-09-04,38,Put,175.00,-11.17%,3.5,3.56,3.8,1177,312,3.77,41.99%,48.63%,-0.196952,2026-07-28
PLTR,123.53,2026-07-31,3,Put,121.00,-2.05%,1.85,1.87,1.89,5375,1428,3.76,67.76%,67.36%,-0.354333,2026-07-28
MSFT,393.35,2026-07-31,3,Put,420.00,+6.78%,31.05,31.39,31.65,1933,516,3.75,44.03%,97.36%,-0.757132,2026-07-28
SNDK,1096.1,2026-07-31,3,Call,"1,510.00",-37.76%,1.7,2.95,2.35,553,148,3.74,140.68%,180.76%,0.030675,2026-07-28
DELL,392.1,2026-07-31,3,Call,415.00,-5.84%,6.4,7,7.2,606,162,3.74,88.96%,107.14%,0.296868,2026-07-28
NU,14.68,2026-11-20,115,Put,14.00,-4.63%,1.11,1.09,1.15,895,240,3.73,47.53%,47.33%,-0.36453,2026-07-28
LCID,7.9,2026-09-18,52,Call,15.00,-89.87%,0.05,0.15,0.2,2043,548,3.73,147.12%,110.80%,0.094843,2026-07-28
Q,127.89,2026-08-21,24,Put,125.00,-2.26%,7.9,9.45,11.9,1631,439,3.72,84.93%,88.41%,-0.412081,2026-07-28
SPCX,116.41,2026-07-31,3,Call,111.00,+4.65%,7.5,7.74,8,2367,637,3.72,113.42%,109.90%,0.702117,2026-07-28
MSTR,96.16,2026-07-31,3,Put,94.00,-2.25%,2.39,2.5,2.6,3849,1035,3.72,79.49%,101.22%,-0.383519,2026-07-28
GLW,126.01,2026-10-16,80,Put,100.00,-20.64%,5.9,6.95,7.2,2923,787,3.71,80.76%,79.50%,-0.205325,2026-07-28
PAGP,26.27,2027-02-19,206,Call,26.00,+1.03%,1.3,1.35,1.4,500,135,3.7,20.28%,17.54%,0.52397,2026-07-28
IREN,33.93,2026-08-07,10,Call,36.00,-6.10%,2.25,2.32,2.46,914,247,3.7,135.15%,142.16%,0.448347,2026-07-28
CHYM,22.37,2027-01-15,171,Put,17.50,-21.77%,1.65,1.85,1.85,1350,365,3.7,79.72%,71.00%,-0.21809,2026-07-28
AMAT,476.46,2027-06-17,324,Put,420.00,-11.85%,92.05,95.25,101,1904,514,3.7,91.93%,78.66%,-0.283808,2026-07-28
CVS,109.34,2026-08-21,24,Call,120.00,-9.75%,1.09,1.19,1.62,7916,2137,3.7,40.68%,42.22%,0.212125,2026-07-28
NFLX,72.39,2026-08-07,10,Put,73.00,+0.84%,1.92,1.92,2,1136,308,3.69,34.00%,34.85%,-0.541312,2026-07-28
UBER,70.74,2026-08-07,10,Call,77.00,-8.85%,0.78,0.83,0.88,3119,845,3.69,45.66%,60.47%,0.215537,2026-07-28
BE,166.84,2026-07-31,3,Call,195.00,-16.88%,6.85,8.5,8.75,996,271,3.68,161.87%,285.14%,0.318098,2026-07-28
ORCL,119.96,2028-12-15,871,Call,185.00,-54.22%,33,36.5,35.9,1184,322,3.68,69.19%,68.84%,0.552275,2026-07-28
PTON,6.55,2026-08-14,17,Put,6.50,-0.76%,0.3,0.54,0.59,1250,340,3.68,75.55%,84.60%,-0.444075,2026-07-28
INTC,86.3,2026-10-16,80,Call,110.00,-27.46%,6.05,6.26,6.4,12455,3394,3.67,84.58%,83.02%,0.33959,2026-07-28
CAT,840.85,2026-09-18,52,Put,330.00,-60.75%,0,0.15,4.3,507,138,3.67,53.74%,125.36%,-0.013142,2026-07-28
IBM,227.55,2026-07-31,3,Call,235.00,-3.27%,1.5,1.57,1.65,2906,792,3.67,43.32%,51.55%,0.253036,2026-07-28
WULF,17.09,2026-09-18,52,Call,17.00,+0.53%,2.75,2.56,3.1,1086,297,3.66,114.63%,121.60%,0.568503,2026-07-28
HPE,45.59,2026-08-14,17,Call,49.00,-7.48%,1.23,1.2,2.1,756,207,3.65,78.02%,75.19%,0.360479,2026-07-28
CMG,33.51,2026-08-14,17,Put,29.00,-13.46%,0.22,0.36,0.42,902,247,3.65,52.23%,63.99%,-0.129874,2026-07-28
META,593.41,2026-07-31,3,Call,595.00,-0.27%,23.8,24.1,24.35,1110,304,3.65,50.88%,115.40%,0.511672,2026-07-28
NVDA,197.01,2026-08-03,6,Put,190.00,-3.56%,1.44,1.6,1.7,2706,742,3.65,41.99%,42.45%,-0.241519,2026-07-28
CLX,100.32,2026-08-21,24,Put,95.00,-5.30%,2.15,2.5,2.9,7319,2005,3.65,38.06%,47.04%,-0.3056,2026-07-28
DELL,392.1,2026-08-21,24,Put,170.00,-56.64%,0.02,0.15,0.22,1202,330,3.64,88.96%,125.55%,-0.002872,2026-07-28
TSLA,307.44,2026-08-21,24,Put,302.50,-1.61%,11.9,12.4,12.05,544,150,3.63,46.54%,46.85%,-0.416515,2026-07-28
AMD,454.62,2026-07-29,1,Put,467.50,+2.83%,16.65,15,18.25,665,183,3.63,81.00%,100.87%,-0.691991,2026-07-28
MSFT,393.35,2026-08-07,10,Call,392.50,+0.22%,16.35,16.37,16.85,942,260,3.62,44.03%,61.82%,0.531572,2026-07-28
INTC,86.3,2026-07-29,1,Put,80.00,-7.30%,0.24,0.25,0.27,3495,965,3.62,84.58%,115.96%,-0.10017,2026-07-28
BA,221.56,2026-08-28,31,Call,230.00,-3.81%,3.8,6.02,5.75,1106,308,3.59,34.22%,31.76%,0.359566,2026-07-28
TJX,160.8,2026-10-16,80,Put,145.00,-9.83%,1.1,2.2,2.25,1434,400,3.59,29.51%,24.87%,-0.161102,2026-07-28
PLTR,123.53,2026-07-31,3,Put,114.00,-7.71%,0.4,0.42,0.42,3490,973,3.59,67.76%,72.26%,-0.103369,2026-07-28
AMAT,476.46,2026-08-07,10,Put,410.00,-13.95%,6.3,8.22,9.9,1213,339,3.58,91.93%,104.80%,-0.169167,2026-07-28
NBIS,169.69,2026-07-31,3,Call,175.00,-3.13%,8.3,8.25,8.75,1126,315,3.57,156.02%,175.96%,0.455588,2026-07-28
HUT,101.14,2026-08-21,24,Put,70.00,-30.79%,1.5,2.65,2.29,524,147,3.56,116.80%,130.63%,-0.101575,2026-07-28
BRK.B,512.37,2026-08-07,10,Call,530.00,-3.44%,1.07,1.4,1.51,620,174,3.56,17.21%,19.18%,0.154216,2026-07-28
PCG,17.78,2026-08-21,24,Put,18.00,+1.24%,0.35,0.64,0.8,1047,294,3.56,35.20%,25.79%,-0.553598,2026-07-28
AMD,454.62,2026-07-31,3,Put,457.50,+0.63%,17.05,17.5,18.05,1060,298,3.56,81.00%,97.85%,-0.509633,2026-07-28
TSLA,307.44,2026-07-29,1,Put,317.50,+3.27%,10.5,10.75,10.9,2061,579,3.56,46.54%,56.87%,-0.856859,2026-07-28
BSX,46.06,2026-07-31,3,Put,40.00,-13.16%,0.1,0.19,0.2,4765,1339,3.56,55.28%,109.83%,-0.070871,2026-07-28
V,366.59,2026-07-31,3,Put,350.00,-4.53%,1.25,1.33,1.42,1574,446,3.53,26.08%,50.64%,-0.149988,2026-07-28
HAL,31.23,2026-07-31,3,Put,31.50,+0.86%,0.45,0.52,0.73,585,166,3.52,46.01%,39.15%,-0.587845,2026-07-28
BA,221.56,2026-08-07,10,Call,250.00,-12.84%,0.15,0.15,0.21,1366,389,3.51,34.22%,38.96%,0.032828,2026-07-28
SKHY,130.17,2026-08-07,10,Put,130.00,-0.13%,11.3,11.97,12.1,1413,403,3.51,123.43%,138.22%,-0.450824,2026-07-28
PLTR,123.53,2026-07-31,3,Put,134.00,+8.48%,10.5,11.02,10.9,1604,457,3.51,67.76%,63.06%,-0.919066,2026-07-28
GOOGL,333.71,2026-07-31,3,Call,345.00,-3.38%,1.24,1.24,1.31,7025,2009,3.5,31.31%,40.76%,0.190881,2026-07-28
INTC,86.3,2026-10-16,80,Call,170.00,-96.99%,0.92,1.02,0.98,8435,2408,3.5,84.58%,86.03%,0.071403,2026-07-28
NOW,110.62,2026-08-28,31,Call,130.00,-17.52%,1.82,1.97,2.13,793,227,3.49,59.06%,58.88%,0.201346,2026-07-28
MO,74.82,2026-08-07,10,Call,77.00,-2.91%,0.83,0.92,1.13,813,233,3.49,29.58%,37.62%,0.330517,2026-07-28
PCT,6.17,2026-08-21,24,Put,5.00,-18.96%,0.15,0.25,0.3,3310,949,3.49,103.04%,115.14%,-0.192976,2026-07-28
INTC,86.3,2026-07-29,1,Call,95.00,-10.08%,0.13,0.13,0.15,9470,2710,3.49,84.58%,117.13%,0.062442,2026-07-28
META,593.41,2026-08-21,24,Call,825.00,-39.03%,0.56,0.6,0.79,522,150,3.48,50.88%,60.42%,0.020907,2026-07-28
FSLY,20.8,2026-08-21,24,Call,22.00,-5.77%,2.05,2.19,2.25,2574,740,3.48,117.14%,123.34%,0.495332,2026-07-28
NVDA,197.01,2026-08-03,6,Put,210.00,+6.59%,12.9,13.37,13.85,736,212,3.47,41.99%,38.29%,-0.900042,2026-07-28
ARM,244.74,2026-07-31,3,Call,290.00,-18.49%,3.1,3.2,3.45,818,236,3.47,99.82%,178.47%,0.167005,2026-07-28
SKHY,130.17,2026-09-18,52,Put,90.00,-30.86%,5.3,5.53,5.7,1469,423,3.47,123.43%,119.68%,-0.146132,2026-07-28
AMD,454.62,2026-07-31,3,Call,505.00,-11.08%,2.22,2.3,2.44,1499,432,3.47,81.00%,96.14%,0.123248,2026-07-28
CRM,181.5,2026-07-31,3,Put,175.00,-3.58%,1.31,1.38,1.42,2697,778,3.47,47.46%,58.41%,-0.236061,2026-07-28
CHTR,139.97,2026-07-31,3,Call,140.00,-0.02%,2.5,2.85,4,875,253,3.46,61.15%,64.10%,0.512166,2026-07-28
TTD,18.91,2026-08-21,24,Put,19.00,+0.48%,1.6,1.78,1.76,504,146,3.45,83.47%,85.59%,-0.46156,2026-07-28
QURE,36.66,2026-08-21,24,Call,43.00,-17.29%,1.6,1.86,2.6,883,256,3.45,112.62%,112.57%,0.344545,2026-07-28
CORZ,20.75,2026-08-07,10,Call,22.00,-6.02%,0.75,0.81,0.9,1202,348,3.45,88.13%,96.06%,0.388306,2026-07-28
AM,21.75,2027-01-15,171,Call,3.00,+86.21%,18.2,18.8,19,1358,394,3.45,27.72%,175.13%,0.988193,2026-07-28
BMNR,17.57,2026-07-31,3,Put,17.50,-0.40%,0.55,0.63,0.62,2266,658,3.44,83.83%,98.04%,-0.463365,2026-07-28
CRM,181.5,2026-07-31,3,Call,190.00,-4.68%,0.96,0.98,1.05,6381,1853,3.44,47.46%,57.18%,0.196873,2026-07-28
NFLX,72.39,2026-07-31,3,Put,71.00,-1.92%,0.47,0.48,0.49,7847,2279,3.44,34.00%,39.95%,-0.287497,2026-07-28
CRWD,181.8,2026-07-31,3,Put,170.00,-6.49%,1.07,1.11,1.15,4650,1356,3.43,63.56%,77.47%,-0.159963,2026-07-28
TSLA,307.44,2026-07-31,3,Put,307.50,+0.02%,6.05,6.11,6.2,5118,1493,3.43,46.54%,55.19%,-0.489657,2026-07-28
TSLA,307.44,2026-07-31,3,Put,297.50,-3.23%,2.3,2.6,2.37,4059,1192,3.41,46.54%,55.56%,-0.247294,2026-07-28
MRVL,174.47,2026-07-31,3,Call,185.00,-6.04%,3.45,3.55,3.7,2507,740,3.39,95.58%,118.67%,0.312655,2026-07-28
PYPL,58.32,2026-07-31,3,Call,59.00,-1.17%,0.63,0.67,0.72,5941,1751,3.39,33.23%,45.84%,0.400141,2026-07-28
RGTI,14.52,2026-08-14,17,Call,16.00,-10.19%,0.75,0.8,1.15,503,149,3.38,106.58%,120.09%,0.405758,2026-07-28
IBM,227.55,2027-03-19,234,Call,280.00,-23.05%,15,16.62,17.35,1059,313,3.38,43.32%,45.32%,0.348973,2026-07-28
ENPH,36.32,2026-07-31,3,Call,40.00,-10.13%,1.08,1.11,1.22,1538,455,3.38,95.27%,187.32%,0.315003,2026-07-28
PFE,25.25,2027-03-19,234,Put,22.00,-12.87%,0.66,0.7,0.98,1705,505,3.38,24.55%,25.97%,-0.236039,2026-07-28
RKLB,63.89,2026-08-14,17,Call,65.00,-1.74%,5.6,5.8,6,727,216,3.37,104.85%,113.71%,0.523675,2026-07-28
TSLA,307.44,2026-07-31,3,Put,282.50,-8.11%,0.44,0.45,0.46,1750,520,3.37,46.54%,61.27%,-0.059884,2026-07-28
WMT,113.1,2026-08-07,10,Call,120.00,-6.10%,0.15,0.22,0.24,4005,1187,3.37,30.96%,25.80%,0.08881,2026-07-28
WDC,463.51,2026-08-07,10,Call,700.00,-51.02%,0.8,1.37,5.7,752,224,3.36,107.82%,154.01%,0.068641,2026-07-28
UNH,428.79,2026-08-07,10,Call,450.00,-4.95%,1.9,2.21,2.18,1160,345,3.36,29.19%,30.53%,0.178091,2026-07-28
TSLA,307.44,2026-08-07,10,Put,307.50,+0.02%,10,10.45,10.15,577,172,3.35,46.54%,50.17%,-0.480612,2026-07-28
TXT,89.96,2026-08-21,24,Put,85.00,-5.51%,0.7,0.92,1.3,669,200,3.35,31.03%,32.08%,-0.224997,2026-07-28
INTC,86.3,2026-08-03,6,Call,90.00,-4.29%,2.15,2.33,2.46,1427,426,3.35,84.58%,85.70%,0.373461,2026-07-28
PAAS,43.23,2026-10-16,80,Call,50.00,-15.66%,1.75,2.21,2.8,1616,482,3.35,59.63%,56.36%,0.34242,2026-07-28
NOW,110.62,2026-07-31,3,Put,110.00,-0.56%,2.66,2.69,2.75,4187,1249,3.35,59.06%,75.69%,-0.45231,2026-07-28
ADBE,249.18,2026-08-21,24,Call,480.00,-92.63%,0,0.14,0.3,724,217,3.34,50.50%,99.81%,0.007684,2026-07-28
AMD,454.62,2026-07-29,1,Put,405.00,-10.91%,0.19,0.23,0.24,1222,366,3.34,81.00%,110.83%,-0.021548,2026-07-28
TSLA,307.44,2026-08-03,6,Put,310.00,+0.83%,8.4,8.8,8.7,1306,391,3.34,46.54%,46.17%,-0.540962,2026-07-28
ACI,11.58,2026-08-07,10,Call,12.00,-3.63%,0.1,0.22,0.2,1056,317,3.33,35.10%,40.98%,0.308591,2026-07-28
AAPL,340.08,2026-08-21,24,Put,340.00,-0.02%,9.8,9.96,10.15,1464,440,3.33,29.11%,29.74%,-0.474916,2026-07-28
TSLA,307.44,2026-08-03,6,Put,300.00,-2.42%,3.9,3.95,4.05,3802,1142,3.33,46.54%,45.99%,-0.325033,2026-07-28
RKLB,63.89,2026-07-31,3,Call,70.00,-9.56%,0.65,0.65,0.68,11099,3337,3.33,104.85%,110.72%,0.195758,2026-07-28
NVDA,197.01,2026-08-03,6,Put,185.00,-6.10%,0.63,0.7,0.79,1895,570,3.32,41.99%,44.09%,-0.125221,2026-07-28
TSLA,307.44,2026-08-14,17,Call,320.00,-4.09%,7.85,7.9,8,2018,607,3.32,46.54%,48.44%,0.376517,2026-07-28
BRK.B,512.37,2026-08-07,10,Call,520.00,-1.49%,3.3,3.8,4.5,747,226,3.31,17.21%,20.20%,0.346122,2026-07-28
CIFR,20.42,2026-07-31,3,Call,20.00,+2.06%,1.23,1.35,1.53,1899,575,3.3,133.65%,158.12%,0.58658,2026-07-28
MU,820.53,2026-07-29,1,Put,680.00,-17.13%,0.38,0.4,0.51,794,241,3.29,95.59%,171.70%,-0.016336,2026-07-28
BKNG,199.31,2028-12-15,871,Call,192.00,+3.67%,53,55.69,70,3891,1181,3.29,46.88%,44.81%,0.683439,2026-07-28
INTC,86.3,2026-11-20,115,Call,120.00,-39.05%,6.75,7,7.15,10425,3174,3.28,84.58%,83.92%,0.328448,2026-07-28
NBIS,169.69,2026-07-31,3,Call,227.50,-34.07%,0.13,0.4,0.57,653,199,3.28,156.02%,171.35%,0.03534,2026-07-28
BKNG,199.31,2028-12-15,871,Call,208.00,-4.36%,46,49.04,60.3,3893,1188,3.28,46.88%,42.61%,0.637564,2026-07-28
MCD,273.02,2026-11-20,115,Call,290.00,-6.22%,8.75,9.4,9.8,807,247,3.27,26.77%,25.58%,0.370191,2026-07-28
MU,820.53,2026-07-29,1,Call,910.00,-10.90%,2.09,2.19,2.24,2908,890,3.27,95.59%,138.47%,0.082205,2026-07-28
AAPL,340.08,2026-08-07,10,Put,295.00,-13.26%,0.24,0.3,0.35,4112,1261,3.26,29.11%,46.37%,-0.028578,2026-07-28
VRNS,44.67,2026-08-21,24,Put,40.00,-10.45%,1.8,2.5,2.65,4371,1346,3.25,94.44%,96.96%,-0.282076,2026-07-28
NVDA,197.01,2026-08-03,6,Call,200.00,-1.52%,2.73,2.89,3.15,5439,1675,3.25,41.99%,41.66%,0.402909,2026-07-28
TSM,392.31,2026-07-31,3,Call,402.50,-2.60%,4.5,5.4,5.45,690,212,3.25,49.24%,63.69%,0.340424,2026-07-28
ACMR,72.02,2026-08-21,24,Call,130.00,-80.51%,0.3,0.3,1.3,703,216,3.25,122.17%,142.77%,0.07728,2026-07-28
NKE,43.05,2026-08-07,10,Call,43.00,+0.12%,1,1.11,1.16,1194,368,3.24,36.79%,37.19%,0.519227,2026-07-28
APLD,26.62,2026-07-31,3,Call,27.00,-1.43%,1.1,1.14,1.18,6278,1940,3.24,107.93%,136.00%,0.479698,2026-07-28
TE,4.15,2026-10-16,80,Put,4.00,-3.61%,0.85,0.96,1.1,776,240,3.23,148.21%,142.59%,-0.345408,2026-07-28
SHOP,130.28,2026-07-31,3,Call,138.00,-5.93%,0.61,0.8,0.79,786,243,3.23,75.54%,65.19%,0.173738,2026-07-28
QCOM,162.88,2026-10-16,80,Put,135.00,-17.12%,6.3,6.71,7.1,1563,484,3.23,68.02%,62.74%,-0.212275,2026-07-28
NVDA,197.01,2026-08-07,10,Call,192.50,+2.29%,8.2,8.6,8.65,567,176,3.22,41.99%,45.06%,0.640223,2026-07-28
LQDA,86.82,2026-08-21,24,Put,55.00,-36.65%,0,1.35,1.35,1693,525,3.22,102.07%,121.90%,-0.052213,2026-07-28
KO,88.27,2026-07-31,3,Call,88.00,+0.31%,0.98,1.1,1.11,4472,1389,3.22,20.75%,28.20%,0.554248,2026-07-28
BKNG,199.31,2026-08-07,10,Call,200.00,-0.35%,6.9,7.7,8.4,1025,319,3.21,46.88%,60.10%,0.508931,2026-07-28
PLTR,123.53,2026-08-07,10,Call,120.00,+2.86%,9.25,9.3,9.4,1769,551,3.21,67.76%,91.64%,0.607791,2026-07-28
REPL,5.35,2026-08-21,24,Call,10.00,-86.92%,0.05,1,1.45,2745,857,3.2,402.22%,322.53%,0.366935,2026-07-28
AMD,454.62,2026-07-31,3,Put,410.00,-9.81%,2.67,2.9,2.9,12179,3804,3.2,81.00%,103.84%,-0.125601,2026-07-28
NFLX,72.39,2026-07-31,3,Call,74.00,-2.22%,0.48,0.48,0.5,34125,10655,3.2,34.00%,41.85%,0.290123,2026-07-28
CAT,840.85,2026-07-31,3,Call,"1,080.00",-28.44%,0.01,0.17,0.65,598,188,3.18,53.74%,117.80%,0.011075,2026-07-28
GOOGL,333.71,2026-07-29,1,Call,347.50,-4.13%,0.1,0.13,0.14,929,292,3.18,31.31%,43.63%,0.039397,2026-07-28
XOM,153.04,2026-11-20,115,Call,185.00,-20.88%,1.76,1.95,2.3,934,294,3.18,32.25%,30.61%,0.158262,2026-07-28
KO,88.27,2026-12-18,143,Call,92.50,-4.79%,2.76,2.79,3.05,1300,409,3.18,20.75%,20.21%,0.393302,2026-07-28
META,593.41,2026-07-31,3,Put,590.00,-0.57%,22.45,22.7,23.05,2837,891,3.18,50.88%,114.48%,-0.456364,2026-07-28
IREN,33.93,2026-08-07,10,Put,33.00,-2.74%,2.59,2.68,2.84,4390,1382,3.18,135.15%,143.94%,-0.405473,2026-07-28
SNOW,270.36,2026-07-31,3,Put,240.00,-11.23%,0.82,0.96,1.09,1211,382,3.17,68.23%,98.47%,-0.083468,2026-07-28
RIVN,16.69,2026-08-07,10,Put,15.00,-10.13%,0.33,0.37,0.39,2089,660,3.17,77.38%,94.52%,-0.221736,2026-07-28
WDAY,159.69,2026-09-18,52,Put,160.00,+0.19%,14.3,15.87,17.3,540,171,3.16,71.57%,66.84%,-0.446718,2026-07-28
CLSK,13.48,2026-08-07,10,Call,14.00,-3.86%,0.69,0.76,0.88,1063,336,3.16,103.53%,112.45%,0.458191,2026-07-28
TE,4.15,2028-01-21,542,Put,3.00,-27.71%,1.4,1.45,1.5,1064,337,3.16,148.21%,134.09%,-0.150791,2026-07-28
AAPL,340.08,2026-07-31,3,Put,337.50,-0.76%,5,5.27,5.3,2700,855,3.16,29.11%,52.19%,-0.424863,2026-07-28
CVNA,66.07,2026-07-31,3,Put,50.00,-24.32%,0.41,0.49,0.5,3388,1071,3.16,86.84%,224.40%,-0.070366,2026-07-28
SPCX,116.41,2026-07-31,3,Call,114.00,+2.07%,5.9,6,6.1,4684,1483,3.16,113.42%,112.31%,0.602309,2026-07-28
NKE,43.05,2026-08-07,10,Call,45.00,-4.53%,0.35,0.38,0.41,6932,2195,3.16,36.79%,37.47%,0.246851,2026-07-28
UMC,17.36,2026-08-21,24,Call,19.00,-9.45%,1,1.05,1.55,561,178,3.15,95.54%,108.31%,0.421873,2026-07-28
NOW,110.62,2026-07-31,3,Call,117.00,-5.77%,0.92,0.94,1,1499,479,3.13,59.06%,77.14%,0.222826,2026-07-28
RIOT,21.24,2026-08-07,10,Call,25.00,-17.70%,0.43,0.4,0.54,2467,787,3.13,108.72%,115.48%,0.226018,2026-07-28
CAT,840.85,2026-07-31,3,Put,820.00,-2.48%,10.35,11.05,13,678,217,3.12,53.74%,68.27%,-0.329928,2026-07-28
AMD,454.62,2026-07-29,1,Call,492.50,-8.33%,0.67,0.74,0.75,681,218,3.12,81.00%,100.89%,0.068475,2026-07-28
QCOM,162.88,2026-07-31,3,Put,162.50,-0.23%,6.55,6.92,7.35,687,220,3.12,68.02%,121.54%,-0.469184,2026-07-28
ORCL,119.96,2026-07-31,3,Call,128.00,-6.70%,0.95,1.03,1.02,5039,1613,3.12,69.19%,82.30%,0.203226,2026-07-28
COHR,243.33,2026-07-31,3,Put,215.00,-11.64%,1.3,2.75,2.95,999,321,3.11,110.87%,132.04%,-0.136482,2026-07-28
MSFT,393.35,2026-07-31,3,Call,397.50,-1.06%,12.3,12.35,12.5,3130,1008,3.11,44.03%,100.32%,0.473059,2026-07-28
MU,820.53,2026-07-31,3,Put,830.00,+1.15%,42.5,43,43.9,3175,1020,3.11,95.59%,128.73%,-0.515152,2026-07-28
JBL,302.95,2026-09-18,52,Call,450.00,-48.54%,0.05,0.9,1,691,223,3.1,60.22%,50.56%,0.025527,2026-07-28
SNDK,1096.1,2026-08-07,10,Put,900.00,-17.89%,47,47.7,50.4,1186,383,3.1,140.68%,187.87%,-0.214102,2026-07-28
REPL,5.35,2026-08-21,24,Put,3.00,-43.93%,0.75,1.05,1,2008,647,3.1,402.22%,462.91%,-0.139505,2026-07-28
SPCX,116.41,2026-07-31,3,Call,113.00,+2.93%,6.4,6.45,6.6,2942,949,3.1,113.42%,110.31%,0.63695,2026-07-28
ALAB,260.23,2026-08-21,24,Call,310.00,-19.13%,14.95,17.44,18.4,581,188,3.09,125.71%,124.44%,0.351408,2026-07-28
CRWD,181.8,2026-11-20,115,Put,170.00,-6.49%,17.75,17.89,19.6,611,198,3.09,63.56%,63.85%,-0.347414,2026-07-28
HPQ,28.29,2026-08-07,10,Call,28.00,+1.03%,0.94,1.09,1.26,886,287,3.09,51.87%,51.18%,0.56411,2026-07-28
AMC,2.67,2026-09-18,52,Put,2.00,-25.09%,0.12,0.13,0.13,18929,6135,3.09,111.36%,105.76%,-0.17751,2026-07-28
INTU,312.99,2028-01-21,542,Put,380.00,+21.41%,115,115,121.4,600,195,3.08,63.27%,54.79%,-0.472154,2026-07-28
SWK,94.19,2026-08-21,24,Put,87.50,-7.10%,1.6,1.9,3.6,513,167,3.07,49.19%,57.05%,-0.281262,2026-07-28
SOFI,16.74,2026-07-31,3,Call,16.50,+1.43%,0.93,0.95,0.95,6978,2274,3.07,67.24%,135.14%,0.572043,2026-07-28
SPCX,116.41,2026-07-31,3,Put,107.00,-8.08%,1.25,1.27,1.3,8828,2883,3.06,113.42%,111.68%,-0.18785,2026-07-28
NVDA,197.01,2026-07-31,3,Call,202.50,-2.79%,1.45,1.5,1.61,30609,10008,3.06,41.99%,50.08%,0.281938,2026-07-28
GLW,126.01,2026-08-07,10,Call,140.00,-11.10%,2.32,2.65,3,606,198,3.06,80.76%,87.75%,0.258706,2026-07-28
CLSK,13.48,2026-08-21,24,Put,15.00,+11.28%,2.32,2.4,2.46,1673,547,3.06,103.53%,105.63%,-0.600038,2026-07-28
GLW,126.01,2026-07-31,3,Put,117.00,-7.15%,1.5,1.7,2.01,564,185,3.05,80.76%,114.68%,-0.221357,2026-07-28
GOOG,332.6,2026-07-31,3,Call,345.00,-3.73%,1.07,1.09,1.14,8766,2878,3.05,31.21%,41.13%,0.169628,2026-07-28
NOW,110.62,2026-07-31,3,Call,116.00,-4.86%,1.13,1.19,1.2,1270,418,3.04,59.06%,76.67%,0.259693,2026-07-28
QCOM,162.88,2027-02-19,206,Put,135.00,-17.12%,13.7,14.1,14.9,521,172,3.03,68.02%,60.26%,-0.252599,2026-07-28
SNDK,1096.1,2026-07-31,3,Put,"1,130.00",+3.09%,89.3,87.1,92.6,555,183,3.03,140.68%,181.38%,-0.540476,2026-07-28
SNDK,1096.1,2026-07-31,3,Put,"1,070.00",-2.38%,59.5,59.45,62.5,594,196,3.03,140.68%,187.75%,-0.409755,2026-07-28
SHOP,130.28,2026-08-07,10,Put,100.00,-23.24%,0.55,0.55,0.9,708,234,3.03,75.54%,112.16%,-0.063921,2026-07-28
SPCX,116.41,2026-08-14,17,Call,138.00,-18.55%,6.4,6.41,6.6,714,236,3.03,113.42%,135.98%,0.334557,2026-07-28
MU,820.53,2026-07-29,1,Put,755.00,-7.99%,4.4,4.6,4.7,808,267,3.03,95.59%,149.75%,-0.135164,2026-07-28
SPCE,2.49,2026-09-04,38,Put,2.00,-19.68%,0.06,0.12,0.18,544,180,3.02,100.28%,107.20%,-0.207176,2026-07-28
VOD,16.39,2027-01-15,171,Put,15.00,-8.48%,0,0.75,1,932,309,3.02,25.58%,23.55%,-0.278175,2026-07-28
RCL,322.5,2026-09-18,52,Call,330.00,-2.33%,18.4,19.3,20.7,3013,997,3.02,47.49%,46.46%,0.48743,2026-07-28
NOW,110.62,2026-08-07,10,Put,103.00,-6.89%,1.49,1.61,1.91,524,174,3.01,59.06%,64.67%,-0.233137,2026-07-28
SPOT,511.56,2026-07-31,3,Call,530.00,-3.60%,1.88,2.45,2.99,740,246,3.01,56.16%,46.10%,0.206282,2026-07-28
HOOD,92.76,2026-07-31,3,Call,90.00,+2.98%,6.3,6.4,6.65,1550,515,3.01,79.79%,150.15%,0.614927,2026-07-28
CORZ,20.75,2026-07-31,3,Put,19.50,-6.02%,0.21,0.35,0.42,5137,1704,3.01,88.13%,108.26%,-0.24748,2026-07-28
TSLA,307.44,2026-07-29,1,Call,327.50,-6.52%,0.13,0.13,0.14,8296,2754,3.01,46.54%,65.07%,0.033194,2026-07-28
UPS,105.53,2026-07-31,3,Call,109.00,-3.29%,0.3,0.48,0.55,630,210,3,32.04%,41.24%,0.197163,2026-07-28
CRM,181.5,2026-07-31,3,Put,172.50,-4.96%,0.82,0.89,0.91,908,303,3,47.46%,59.15%,-0.163785,2026-07-28
META,593.41,2026-09-18,52,Call,"1,330.00",-124.13%,0.05,0.2,0.4,586,196,2.99,50.88%,77.08%,0.00451,2026-07-28
MRVL,174.47,2027-02-19,206,Put,160.00,-8.29%,32.4,33.64,34.75,711,238,2.99,95.58%,85.50%,-0.315424,2026-07-28
CCL,28.23,2026-10-16,80,Call,36.00,-27.52%,0.46,0.47,0.64,2611,874,2.99,47.15%,48.90%,0.174767,2026-07-28
MU,820.53,2026-07-29,1,Call,880.00,-7.25%,5.1,5.25,5.4,8561,2863,2.99,95.59%,136.30%,0.172626,2026-07-28
DASH,195.52,2026-07-31,3,Call,200.00,-2.29%,2.3,2.37,3.1,1698,570,2.98,64.85%,63.98%,0.360733,2026-07-28
GLW,126.01,2026-07-31,3,Put,105.00,-16.67%,0.23,0.25,0.29,2049,691,2.97,80.76%,121.84%,-0.043774,2026-07-28
NOW,110.62,2026-07-31,3,Call,111.00,-0.34%,2.85,2.97,2.96,3377,1137,2.97,59.06%,76.77%,0.495931,2026-07-28
UPS,105.53,2026-07-31,3,Put,103.00,-2.40%,0.4,0.51,0.67,521,176,2.96,32.04%,38.71%,-0.240733,2026-07-28
UNH,428.79,2026-07-31,3,Put,420.00,-2.05%,1.89,2.14,2.27,1352,457,2.96,29.19%,35.08%,-0.25119,2026-07-28
NOK,8.93,2028-12-15,871,Put,8.00,-10.41%,2.43,2.49,2.71,847,287,2.95,69.56%,67.08%,-0.251176,2026-07-28
AAL,15.36,2026-07-31,3,Put,15.50,+0.91%,0.37,0.41,0.42,1330,451,2.95,50.19%,57.51%,-0.55821,2026-07-28
LW,54.62,2026-07-31,3,Call,55.00,-0.70%,0.3,0.6,0.75,508,173,2.94,35.33%,35.17%,0.420929,2026-07-28
DELL,392.1,2026-07-31,3,Call,505.00,-28.79%,0.03,0.25,0.46,577,196,2.94,88.96%,126.40%,0.015837,2026-07-28
KO,88.27,2026-10-16,80,Call,95.00,-7.62%,1.04,1.07,1.14,949,323,2.94,20.75%,19.84%,0.236689,2026-07-28
ORCL,119.96,2026-07-31,3,Put,117.00,-2.47%,2,2.11,2.13,3147,1074,2.93,69.19%,78.09%,-0.348108,2026-07-28
TSLA,307.44,2026-08-05,8,Call,332.50,-8.15%,1.9,1.74,1.98,505,173,2.92,46.54%,51.29%,0.162662,2026-07-28
ECHO,85.93,2026-07-31,3,Call,88.00,-2.41%,1.05,1.28,1.5,730,250,2.92,65.98%,68.18%,0.363383,2026-07-28
V,366.59,2026-07-31,3,Put,345.00,-5.89%,0.69,0.81,0.84,1037,356,2.91,26.08%,51.81%,-0.093308,2026-07-28
AVGO,380.91,2026-07-29,1,Call,395.00,-3.70%,0.8,0.95,1.04,1104,380,2.91,53.60%,63.91%,0.143039,2026-07-28
AVGO,380.91,2026-07-29,1,Call,400.00,-5.01%,0.32,0.4,0.5,3059,1051,2.91,53.60%,63.57%,0.073428,2026-07-28
MU,820.53,2026-07-31,3,Call,900.00,-9.69%,11.05,11.2,11.3,9272,3185,2.91,95.59%,123.88%,0.222287,2026-07-28
INTC,86.3,2026-07-31,3,Call,90.00,-4.29%,1.8,1.81,1.88,10025,3444,2.91,84.58%,105.58%,0.348932,2026-07-28
NVDA,197.01,2026-08-07,10,Call,200.00,-1.52%,4.3,4.45,4.6,14248,4888,2.91,41.99%,43.90%,0.436689,2026-07-28
MARA,11.38,2026-08-07,10,Call,13.00,-14.24%,0.26,0.28,0.29,5872,2026,2.9,101.42%,105.54%,0.251774,2026-07-28
DELL,392.1,2026-07-31,3,Call,465.00,-18.59%,0.26,0.63,0.85,511,176,2.9,88.96%,103.63%,0.038751,2026-07-28
META,593.41,2026-11-20,115,Call,755.00,-27.23%,16.15,17.15,17.1,803,277,2.9,50.88%,45.14%,0.217346,2026-07-28
AAPL,340.08,2026-08-03,6,Put,330.00,-2.96%,2.9,3.05,3.15,1192,412,2.89,29.11%,40.77%,-0.270618,2026-07-28
CRWV,67.3,2026-08-07,10,Call,75.00,-11.44%,2.04,2.1,2.18,2070,717,2.89,112.85%,107.36%,0.30319,2026-07-28
MSFT,393.35,2026-08-03,6,Put,360.00,-8.48%,2.82,3.01,3.15,698,242,2.88,44.03%,71.09%,-0.153349,2026-07-28
DRTS,11.55,2026-08-21,24,Put,10.00,-13.42%,0.45,0.45,0.5,549,191,2.87,95.52%,98.92%,-0.240981,2026-07-28
MU,820.53,2026-07-29,1,Call,915.00,-11.51%,1.77,1.91,1.96,1264,440,2.87,95.59%,139.05%,0.072197,2026-07-28
MU,820.53,2026-07-29,1,Put,760.00,-7.38%,5.05,5.2,5.4,1309,456,2.87,95.59%,148.36%,-0.152239,2026-07-28
SNDK,1096.1,2026-07-31,3,Call,"1,350.00",-23.16%,9,9.3,9.4,1863,649,2.87,140.68%,178.40%,0.113991,2026-07-28
PYPL,58.32,2026-07-31,3,Put,56.00,-3.98%,0.15,0.19,0.2,1871,651,2.87,33.23%,43.44%,-0.145565,2026-07-28
BE,166.84,2026-07-31,3,Put,152.50,-8.60%,10.65,10.5,11.85,2295,799,2.87,161.87%,304.41%,-0.321107,2026-07-28
BKNG,199.31,2028-12-15,871,Call,228.00,-14.39%,38.1,42.35,54.3,3893,1358,2.87,46.88%,42.33%,0.584674,2026-07-28
INTC,86.3,2026-08-21,24,Call,112.00,-29.78%,1.3,1.37,1.43,621,217,2.86,84.58%,87.70%,0.14961,2026-07-28
APLD,26.62,2026-08-14,17,Call,35.00,-31.48%,0.37,0.5,0.54,1090,381,2.86,107.93%,110.26%,0.152887,2026-07-28
INTC,86.3,2026-08-07,10,Call,96.00,-11.24%,1.91,2.1,2.1,1108,387,2.86,84.58%,92.19%,0.268778,2026-07-28
TSLA,307.44,2026-08-03,6,Put,305.00,-0.79%,5.85,6.2,6,2521,883,2.86,46.54%,45.67%,-0.431037,2026-07-28
TSLA,307.44,2026-07-31,3,Call,317.50,-3.27%,2.54,2.55,2.6,2956,1035,2.86,46.54%,56.18%,0.273937,2026-07-28
TSLA,307.44,2026-07-29,1,Put,320.00,+4.09%,12.7,13.16,13.15,5400,1886,2.86,46.54%,56.90%,-0.908383,2026-07-28
TSLA,307.44,2026-09-18,52,Call,305.00,+0.79%,23.15,23.29,23.4,576,202,2.85,46.54%,46.14%,0.564815,2026-07-28
WMT,113.1,2026-07-31,3,Put,113.00,-0.09%,1.07,1.05,1.17,2354,825,2.85,30.96%,28.87%,-0.47849,2026-07-28
UNH,428.79,2026-09-18,52,Put,145.00,-66.18%,0.01,0.17,0.53,756,266,2.84,29.19%,118.39%,-0.003966,2026-07-28
CMCSA,24.19,2026-07-31,3,Call,25.00,-3.35%,0.09,0.11,0.11,3264,1149,2.84,33.54%,42.07%,0.198176,2026-07-28
PLTR,123.53,2026-07-31,3,Put,122.00,-1.24%,2.23,2.25,2.28,6029,2123,2.84,67.76%,66.94%,-0.405208,2026-07-28
BA,221.56,2026-07-31,3,Call,222.50,-0.42%,2.87,3.25,3.5,1805,638,2.83,34.22%,45.29%,0.466965,2026-07-28
RDW,8.57,2026-08-21,24,Call,8.00,+6.65%,1.15,1.24,1.35,2693,951,2.83,109.63%,109.77%,0.653125,2026-07-28
AAPL,340.08,2026-07-31,3,Call,342.50,-0.71%,5.3,5.42,5.7,3913,1383,2.83,29.11%,53.47%,0.453638,2026-07-28
MTCH,39.28,2027-01-15,171,Put,40.00,+1.83%,3.3,4.25,5.1,500,177,2.82,47.38%,37.29%,-0.46576,2026-07-28
TTD,18.91,2026-08-21,24,Put,16.00,-15.39%,0.42,0.52,0.55,682,242,2.82,83.47%,85.94%,-0.189944,2026-07-28
PG,148.88,2026-07-31,3,Put,145.00,-2.61%,0.63,0.85,1.06,1056,375,2.82,26.14%,42.93%,-0.242105,2026-07-28
OKLO,39.58,2026-07-31,3,Call,43.00,-8.64%,0.43,0.44,0.45,3296,1167,2.82,97.35%,107.12%,0.211324,2026-07-28
BKNG,199.31,2028-12-15,871,Call,212.00,-6.37%,44,48.25,62,3897,1380,2.82,46.88%,43.72%,0.629883,2026-07-28
CAPR,6.57,2026-08-21,24,Call,10.00,-52.21%,1.55,1.7,2,8386,2969,2.82,338.72%,399.58%,0.541642,2026-07-28
CTSH,50.31,2026-08-21,24,Call,52.50,-4.35%,2.05,2.3,2.45,1535,547,2.81,58.22%,61.27%,0.424575,2026-07-28
V,366.59,2026-07-31,3,Call,362.50,+1.12%,8.4,9.1,9.8,608,217,2.8,26.08%,51.66%,0.605655,2026-07-28
HSY,183.39,2026-08-21,24,Call,190.00,-3.60%,3.3,3.6,4.2,1508,539,2.8,34.43%,34.13%,0.35979,2026-07-28
TSLA,307.44,2026-07-31,3,Call,310.00,-0.83%,5,5,5.1,22340,7984,2.8,46.54%,55.60%,0.446928,2026-07-28
MU,820.53,2026-07-29,1,Put,735.00,-10.42%,2.45,2.52,2.58,975,350,2.79,95.59%,154.74%,-0.080636,2026-07-28
AAPL,340.08,2026-08-21,24,Put,312.50,-8.11%,2.12,2.28,2.37,1087,389,2.79,29.11%,33.25%,-0.145098,2026-07-28
META,593.41,2026-07-31,3,Put,505.00,-14.90%,1.65,1.7,1.79,1090,391,2.79,50.88%,118.71%,-0.059951,2026-07-28
RHI,39.49,2026-08-21,24,Put,35.00,-11.37%,0.55,0.61,0.7,802,289,2.78,53.42%,56.74%,-0.185333,2026-07-28
TGT,144.2,2026-07-31,3,Put,140.00,-2.91%,0.42,0.52,0.61,1241,447,2.78,44.12%,37.59%,-0.187896,2026-07-28
NVDA,197.01,2026-07-31,3,Call,195.00,+1.02%,4.65,4.7,5,22936,8247,2.78,41.99%,52.27%,0.596962,2026-07-28
OXY,53.93,2026-07-31,3,Call,57.00,-5.69%,0.08,0.1,0.12,7840,2833,2.77,38.94%,46.01%,0.096228,2026-07-28
BMNR,17.57,2026-07-31,3,Call,17.00,+3.24%,0.92,0.9,0.95,21945,7920,2.77,83.83%,96.78%,0.663837,2026-07-28
BSX,46.06,2026-08-21,24,Put,39.00,-15.33%,0.35,0.37,0.45,690,249,2.77,55.28%,57.85%,-0.113037,2026-07-28
GM,90.3,2026-07-31,3,Call,90.00,+0.33%,1.58,1.64,1.75,1058,382,2.77,36.01%,45.99%,0.542279,2026-07-28
SPCX,116.41,2026-08-07,10,Call,160.00,-37.45%,2.5,2.55,2.6,3649,1317,2.77,113.42%,171.45%,0.164656,2026-07-28
BMNR,17.57,2026-07-31,3,Put,19.00,+8.14%,1.56,1.63,1.64,587,213,2.76,83.83%,99.06%,-0.795335,2026-07-28
EOSE,3.37,2026-08-07,10,Call,0.50,+85.16%,2.59,2.86,4.95,751,272,2.76,244.96%,0.00%,0,2026-07-28
MU,820.53,2026-07-31,3,Call,915.00,-11.51%,8.3,8.94,8.85,908,329,2.76,95.59%,123.71%,0.180593,2026-07-28
SOFI,16.74,2026-08-07,10,Call,16.50,+1.43%,1.04,1.05,1.09,1821,659,2.76,67.24%,84.97%,0.571458,2026-07-28
BAC,62.62,2026-08-07,10,Put,60.00,-4.18%,0.16,0.19,0.2,2023,732,2.76,21.70%,24.40%,-0.137762,2026-07-28
BE,166.84,2026-07-31,3,Call,240.00,-43.85%,1.15,2.19,3.4,3248,1175,2.76,161.87%,299.81%,0.114912,2026-07-28
DELL,392.1,2026-07-31,3,Call,420.00,-7.12%,5.1,5.1,6,759,276,2.75,88.96%,106.89%,0.255123,2026-07-28
NBIS,169.69,2026-08-07,10,Call,225.00,-32.59%,2.92,3.2,3.5,940,342,2.75,156.02%,151.55%,0.159773,2026-07-28
INTC,86.3,2026-07-29,1,Put,78.00,-9.62%,0.09,0.13,0.14,1135,412,2.75,84.58%,119.64%,-0.049746,2026-07-28
BB,8.09,2026-08-21,24,Call,8.00,+1.11%,0.66,0.73,0.82,1624,590,2.75,79.73%,83.38%,0.567652,2026-07-28
NVDA,197.01,2026-07-31,3,Call,185.00,+6.10%,11.55,13.57,13,3327,1211,2.75,41.99%,45.64%,0.939032,2026-07-28
TSLA,307.44,2026-08-14,17,Put,275.00,-10.55%,2.51,2.8,2.59,875,319,2.74,46.54%,51.16%,-0.140276,2026-07-28
CCJ,86.96,2026-09-18,52,Call,105.00,-20.75%,1.8,1.79,2.09,1448,529,2.74,55.84%,54.18%,0.211826,2026-07-28
TSLA,307.44,2026-07-31,3,Put,287.50,-6.49%,0.75,0.77,0.78,1497,547,2.74,46.54%,58.49%,-0.097435,2026-07-28
LRCX,269.61,2026-07-31,3,Call,300.00,-11.27%,4.8,5,5.2,1679,612,2.74,93.26%,152.91%,0.242171,2026-07-28
LNC,42.83,2026-08-21,24,Put,40.00,-6.61%,0.6,0.93,0.95,1634,599,2.73,38.97%,43.83%,-0.253406,2026-07-28
GNRC,195.6,2026-08-21,24,Call,200.00,-2.25%,13,14.5,15.9,554,204,2.72,75.86%,83.83%,0.49314,2026-07-28
COST,966.58,2026-08-07,10,Put,925.00,-4.30%,1.6,2.39,3.3,724,266,2.72,22.67%,24.01%,-0.126054,2026-07-28
BSP,32.69,2026-10-16,80,Put,30.00,-8.23%,2.35,2.55,2.6,1024,377,2.72,77.23%,64.56%,-0.323814,2026-07-28
OXY,53.93,2028-01-21,542,Put,60.00,+11.26%,10.55,11.66,13.05,2501,918,2.72,38.94%,35.17%,-0.496419,2026-07-28
COST,966.58,2026-07-31,3,Call,"1,085.00",-12.25%,0.01,0.14,0.3,540,199,2.71,22.67%,53.95%,0.009829,2026-07-28
XPEV,12.71,2026-08-07,10,Put,12.50,-1.65%,0.36,0.41,0.68,552,204,2.71,64.75%,75.09%,-0.41965,2026-07-28
SNPS,383.82,2026-09-18,52,Put,380.00,-1.00%,27.9,27.12,32.8,578,213,2.71,54.38%,57.72%,-0.431321,2026-07-28
HOOD,92.76,2026-07-31,3,Put,101.00,+8.88%,10,10.69,10.55,948,350,2.71,79.79%,147.50%,-0.71508,2026-07-28
BMY,63.6,2026-07-31,3,Put,62.00,-2.52%,0.59,0.69,0.74,1370,505,2.71,32.05%,57.80%,-0.304193,2026-07-28
AAOI,88.14,2026-07-31,3,Call,100.00,-13.46%,1.25,1.45,1.55,1501,554,2.71,143.47%,157.99%,0.209595,2026-07-28
MU,820.53,2026-07-29,1,Put,750.00,-8.60%,3.85,3.95,4.05,7968,2949,2.7,95.59%,151.11%,-0.11958,2026-07-28
AMZN,230.86,2026-07-31,3,Put,242.50,+5.04%,14.9,14.87,15.35,677,251,2.7,42.65%,94.04%,-0.702704,2026-07-28
QCOM,162.88,2026-12-18,143,Call,280.00,-71.91%,3,3.3,4.25,2509,930,2.7,68.02%,64.54%,0.129473,2026-07-28
TSLA,307.44,2026-07-31,3,Put,322.50,+4.90%,16,17.35,16.7,3471,1286,2.7,46.54%,54.17%,-0.828375,2026-07-28
LZ,8.08,2026-08-21,24,Call,8.00,+0.99%,0.55,0.75,0.9,513,191,2.69,82.91%,82.24%,0.565114,2026-07-28
META,593.41,2026-08-07,10,Call,600.00,-1.11%,24.65,25.5,25.65,897,333,2.69,50.88%,71.33%,0.489212,2026-07-28
NVDA,197.01,2026-07-31,3,Call,180.00,+8.63%,15.95,17.6,18.05,2538,944,2.69,41.99%,75.00%,0.913968,2026-07-28
FINV,4.92,2026-09-18,52,Call,5.00,-1.63%,0.2,0.35,0.4,552,206,2.68,62.51%,50.34%,0.469961,2026-07-28
V,366.59,2026-07-31,3,Call,385.00,-5.02%,1.22,1.31,1.56,858,320,2.68,26.08%,52.11%,0.156569,2026-07-28
FISV,54.21,2026-08-07,10,Call,60.00,-10.68%,0.75,0.83,0.9,1013,378,2.68,54.60%,74.61%,0.226007,2026-07-28
NFLX,72.39,2026-11-20,115,Call,82.50,-13.97%,3.1,3.18,3.3,1319,492,2.68,34.00%,39.65%,0.336596,2026-07-28
CLF,11.98,2026-08-28,31,Call,14.00,-16.86%,0.09,0.3,0.4,1498,560,2.68,63.61%,61.12%,0.218017,2026-07-28
AAPL,340.08,2026-07-29,1,Put,327.50,-3.70%,0.11,0.11,0.12,9166,3421,2.68,29.11%,41.14%,-0.038763,2026-07-28
CIM,12.69,2026-09-18,52,Put,12.00,-5.44%,0.15,0.28,0.35,599,224,2.67,30.33%,25.22%,-0.305543,2026-07-28
USB,64.43,2026-07-31,3,Call,64.00,+0.67%,0.86,0.91,1,643,241,2.67,23.13%,29.83%,0.6034,2026-07-28
SMCI,28.45,2026-07-31,3,Call,27.50,+3.34%,1.55,1.66,1.71,1635,612,2.67,100.00%,107.23%,0.655823,2026-07-28
ORCL,119.96,2026-07-31,3,Call,115.00,+4.13%,6.2,6.55,6.8,1735,650,2.67,69.19%,81.38%,0.72948,2026-07-28
APLD,26.62,2026-07-31,3,Call,26.50,+0.45%,1.35,1.36,1.45,2142,802,2.67,107.93%,139.10%,0.540324,2026-07-28
HOOD,92.76,2026-07-31,3,Put,103.00,+11.04%,11.6,12.3,12.1,1212,455,2.66,79.79%,148.03%,-0.761786,2026-07-28
CIFR,20.42,2026-07-31,3,Call,21.50,-5.29%,0.63,0.68,0.73,2563,964,2.66,133.65%,150.17%,0.378906,2026-07-28
V,366.59,2026-08-21,24,Put,352.50,-3.84%,4.05,4.34,4.75,546,206,2.65,26.08%,27.47%,-0.269186,2026-07-28
CVX,187.58,2026-07-31,3,Put,182.50,-2.71%,1.05,1.22,1.41,1137,429,2.65,30.46%,46.88%,-0.252286,2026-07-28
NVDA,197.01,2026-09-04,38,Call,240.00,-21.82%,1.04,1.21,1.26,1182,446,2.65,41.99%,43.42%,0.094184,2026-07-28
WMT,113.1,2026-08-14,17,Call,118.00,-4.33%,0.74,0.83,0.97,1253,472,2.65,30.96%,25.74%,0.237952,2026-07-28
MU,820.53,2026-07-31,3,Put,620.00,-24.44%,1.16,1.26,1.42,1422,537,2.65,95.59%,165.76%,-0.02609,2026-07-28
FLNC,12.62,2026-08-21,24,Call,13.00,-3.01%,1.65,1.68,2,811,307,2.64,142.37%,153.40%,0.550647,2026-07-28
SOLS,57.31,2026-08-21,24,Call,55.00,+4.03%,5.1,5.5,5.4,1049,397,2.64,65.85%,68.45%,0.630536,2026-07-28
MU,820.53,2026-07-29,1,Call,960.00,-17.00%,0.48,0.52,0.54,1189,450,2.64,95.59%,146.46%,0.022324,2026-07-28
AVGO,380.91,2026-07-29,1,Call,385.00,-1.07%,3.2,3.7,3.75,1551,587,2.64,53.60%,65.75%,0.385583,2026-07-28
CIFR,20.42,2026-08-21,24,Call,28.00,-37.12%,0.71,0.72,1.01,19361,7321,2.64,133.65%,137.78%,0.238787,2026-07-28
MSFT,393.35,2026-07-31,3,Call,457.50,-16.31%,0.72,0.81,0.88,1277,485,2.63,44.03%,100.84%,0.054316,2026-07-28
POET,6.76,2026-08-21,24,Call,6.50,+3.85%,0.9,0.92,1.05,761,290,2.62,115.22%,123.05%,0.613956,2026-07-28
HPQ,28.29,2026-07-31,3,Call,28.00,+1.03%,0.68,0.75,0.78,1514,578,2.62,51.87%,56.42%,0.589397,2026-07-28
AMD,454.62,2027-03-19,234,Put,430.00,-5.42%,80.7,82.02,83.35,1524,582,2.62,81.00%,71.07%,-0.33983,2026-07-28
MU,820.53,2027-12-17,507,Call,"2,000.00",-143.74%,118.45,124,129.9,641,246,2.61,95.59%,83.13%,0.357901,2026-07-28
INTC,86.3,2026-07-29,1,Call,94.00,-8.92%,0.17,0.18,0.2,2107,807,2.61,84.58%,114.14%,0.080862,2026-07-28
JNJ,266.73,2026-08-21,24,Put,267.50,+0.29%,6.95,6.45,7.65,644,248,2.6,26.24%,25.80%,-0.498725,2026-07-28
SNDK,1096.1,2026-07-31,3,Put,"1,080.00",-1.47%,63.3,63.94,66.3,1112,428,2.6,140.68%,184.99%,-0.431101,2026-07-28
CVX,187.58,2026-07-31,3,Call,190.00,-1.29%,2.05,2.3,2.55,2361,907,2.6,30.46%,49.42%,0.395825,2026-07-28
AVGO,380.91,2026-07-31,3,Call,407.50,-6.98%,1.42,1.76,1.86,2379,914,2.6,53.60%,67.27%,0.14183,2026-07-28
VRT,269.56,2026-07-31,3,Put,230.00,-14.68%,1.95,2.14,2.21,1437,555,2.59,78.45%,151.31%,-0.109797,2026-07-28
GLW,126.01,2026-07-31,3,Put,115.00,-8.74%,1.05,1.24,1.61,1501,580,2.59,80.76%,115.72%,-0.177222,2026-07-28
LRCX,269.61,2027-06-17,324,Put,250.00,-7.27%,62.1,62.3,64.9,1855,716,2.59,93.26%,80.85%,-0.305608,2026-07-28
PLTR,123.53,2026-07-31,3,Put,119.00,-3.67%,1.23,1.26,1.27,9165,3540,2.59,67.76%,68.30%,-0.261532,2026-07-28
NBIS,169.69,2026-07-31,3,Call,200.00,-17.86%,2.13,2.11,2.15,5692,2209,2.58,156.02%,171.45%,0.164085,2026-07-28
FLR,49.34,2026-09-18,52,Put,50.00,+1.34%,4.2,4.51,4.7,522,202,2.58,64.13%,56.48%,-0.476398,2026-07-28
AMD,454.62,2026-07-29,1,Put,470.00,+3.38%,18.6,19.01,19.95,655,254,2.58,81.00%,100.96%,-0.726423,2026-07-28
MSTR,96.16,2026-07-31,3,Call,113.00,-17.51%,0.17,0.17,0.25,815,316,2.58,79.49%,107.69%,0.054683,2026-07-28
AAPL,340.08,2027-01-15,171,Put,335.00,-1.49%,20.6,20.72,20.85,1131,439,2.58,29.11%,27.68%,-0.406844,2026-07-28
MARA,11.38,2026-08-14,17,Call,11.50,-1.05%,0.92,0.92,1.02,1325,513,2.58,101.42%,103.82%,0.528994,2026-07-28
NVDA,197.01,2026-08-03,6,Call,195.00,+1.02%,5.1,5.5,5.55,1987,774,2.57,41.99%,41.77%,0.59008,2026-07-28
NVDA,197.01,2026-07-29,1,Put,207.50,+5.32%,9.8,10.27,11.65,2830,1103,2.57,41.99%,69.01%,-0.922106,2026-07-28
LRCX,269.61,2027-06-17,324,Put,240.00,-10.98%,56.5,56.9,59.8,761,297,2.56,93.26%,81.29%,-0.286197,2026-07-28
AMZN,230.86,2026-07-31,3,Call,215.00,+6.87%,18,18.35,18.5,836,326,2.56,42.65%,97.43%,0.803288,2026-07-28
PDD,85.71,2026-08-07,10,Call,90.00,-5.01%,0.46,0.61,0.67,980,384,2.55,39.27%,34.54%,0.209444,2026-07-28
TSLA,307.44,2026-07-31,3,Put,312.50,+1.65%,8.85,9,9.1,2340,917,2.55,46.54%,55.03%,-0.617122,2026-07-28
XOM,153.04,2026-07-31,3,Put,147.00,-3.95%,0.62,0.63,0.72,548,217,2.53,32.25%,49.30%,-0.177471,2026-07-28
TSLA,307.44,2026-08-21,24,Call,305.00,+0.79%,16.35,16.5,16.6,1198,473,2.53,46.54%,47.45%,0.55802,2026-07-28
AMD,454.62,2026-07-31,3,Put,395.00,-13.11%,1.25,1.38,1.45,1287,508,2.53,81.00%,107.15%,-0.066992,2026-07-28
CIFR,20.42,2026-07-31,3,Put,19.00,-6.95%,0.19,0.6,0.92,1361,538,2.53,133.65%,158.34%,-0.282392,2026-07-28
BSX,46.06,2026-08-07,10,Put,44.50,-3.39%,1.2,1.42,2,1900,750,2.53,55.28%,77.43%,-0.367128,2026-07-28
NVDA,197.01,2026-07-31,3,Put,197.50,+0.25%,3.75,3.95,4,18283,7239,2.53,41.99%,51.15%,-0.510343,2026-07-28
NFLX,72.39,2026-07-31,3,Call,73.00,-0.84%,0.79,0.8,0.82,20846,8234,2.53,34.00%,40.84%,0.420706,2026-07-28
AAL,15.36,2026-08-28,31,Call,15.00,+2.34%,0.97,1.04,1.17,547,217,2.52,50.19%,49.50%,0.594804,2026-07-28
FUBO,9.02,2026-07-31,3,Call,9.50,-5.32%,0.1,0.12,0.19,594,236,2.52,99.14%,98.66%,0.297466,2026-07-28
HAL,31.23,2026-07-31,3,Put,32.00,+2.47%,0.77,0.84,2.47,1645,652,2.52,46.01%,104.83%,-0.582231,2026-07-28
NOW,110.62,2026-07-31,3,Call,109.00,+1.46%,3.9,3.85,4.1,1880,747,2.52,59.06%,78.19%,0.597861,2026-07-28
BMNR,17.57,2026-08-07,10,Put,15.00,-14.63%,0.07,0.17,0.21,749,299,2.51,83.83%,83.69%,-0.111779,2026-07-28
ARM,244.74,2026-07-31,3,Put,202.50,-17.26%,2.16,2.21,2.48,1107,441,2.51,99.82%,183.05%,-0.110029,2026-07-28
MRVL,174.47,2026-10-16,80,Put,135.00,-22.62%,10.9,11.14,12.15,2134,851,2.51,95.58%,95.29%,-0.208063,2026-07-28
SOFI,16.74,2026-08-21,24,Put,16.50,-1.43%,1.04,1.06,1.05,3545,1414,2.51,67.24%,69.41%,-0.428261,2026-07-28
NVDA,197.01,2026-08-03,6,Call,205.00,-4.06%,1.34,1.36,1.55,4075,1630,2.5,41.99%,41.66%,0.239443,2026-07-28
WMT,113.1,2026-07-31,3,Call,117.00,-3.45%,0.16,0.17,0.17,5230,2094,2.5,30.96%,30.14%,0.111475,2026-07-28
GLW,126.01,2026-07-31,3,Call,140.00,-11.10%,0.64,0.83,1,574,230,2.5,80.76%,103.43%,0.141484,2026-07-28
F,14.96,2026-10-16,80,Call,16.00,-6.95%,0.59,0.66,0.7,601,240,2.5,43.50%,37.91%,0.382354,2026-07-28
AVY,169.13,2026-08-21,24,Put,155.00,-8.35%,1.4,1.93,2.25,956,382,2.5,35.57%,40.26%,-0.182726,2026-07-28
MU,820.53,2026-07-29,1,Put,835.00,+1.76%,30.7,31.65,32.95,1026,410,2.5,95.59%,138.55%,-0.580742,2026-07-28
HOOD,92.76,2026-07-31,3,Put,88.00,-5.13%,2.87,2.92,3.05,1302,520,2.5,79.79%,152.88%,-0.325888,2026-07-28
RHI,39.49,2026-08-21,24,Call,45.00,-13.95%,0.35,0.95,1.15,505,203,2.49,53.42%,61.65%,0.224272,2026-07-28
ZM,91.48,2026-11-20,115,Call,120.00,-31.18%,2.21,2.42,2.52,665,267,2.49,51.99%,47.09%,0.197989,2026-07-28
FLNC,12.62,2028-01-21,542,Call,12.00,+4.91%,6.2,7.1,8.5,1009,405,2.49,142.37%,126.23%,0.799833,2026-07-28
GLW,126.01,2026-07-31,3,Put,110.00,-12.71%,0.49,0.59,0.6,2291,921,2.49,80.76%,114.61%,-0.086628,2026-07-28
RKLB,63.89,2026-08-07,10,Call,67.00,-4.87%,2.89,2.93,3.2,697,281,2.48,104.85%,102.02%,0.424182,2026-07-28
QGEN,42.28,2026-09-18,52,Call,45.00,-6.43%,2,2.35,2.5,1040,420,2.48,58.98%,52.46%,0.414051,2026-07-28
PEP,142.86,2026-07-31,3,Put,140.00,-2.00%,0.17,0.5,0.6,1127,455,2.48,24.09%,26.64%,-0.198113,2026-07-28
AMD,454.62,2026-07-29,1,Put,442.50,-2.67%,4.15,4.4,4.4,2062,833,2.48,81.00%,97.07%,-0.288079,2026-07-28
TSLA,307.44,2026-07-31,3,Put,300.00,-2.42%,3,3.07,3.1,17008,6848,2.48,46.54%,55.42%,-0.302239,2026-07-28
SPCX,116.41,2026-07-31,3,Call,118.00,-1.37%,4,4.1,4.2,4470,1808,2.47,113.42%,114.20%,0.469545,2026-07-28
COHR,243.33,2027-03-19,234,Put,180.00,-26.03%,33.3,33.3,38.5,907,367,2.47,110.87%,98.89%,-0.211494,2026-07-28
PLTR,123.53,2026-07-31,3,Put,111.00,-10.14%,0.21,0.22,0.23,1406,569,2.47,67.76%,76.96%,-0.058004,2026-07-28
DAL,89.37,2026-09-18,52,Call,92.50,-3.50%,4.05,4.15,4.3,2240,906,2.47,39.89%,39.95%,0.448879,2026-07-28
COST,966.58,2026-07-31,3,Call,"1,075.00",-11.22%,0.02,0.2,0.59,506,206,2.46,22.67%,54.99%,0.017764,2026-07-28
BE,166.84,2026-07-31,3,Call,257.50,-54.34%,0.84,1.28,1.73,551,224,2.46,161.87%,298.38%,0.071053,2026-07-28
BA,221.56,2026-07-31,3,Put,215.00,-2.96%,1.1,1.16,1.34,1147,469,2.45,34.22%,45.42%,-0.226411,2026-07-28
SPCX,116.41,2026-08-07,10,Call,110.00,+5.51%,14.3,14.5,14.8,1517,619,2.45,113.42%,147.42%,0.639914,2026-07-28
COP,114.1,2026-12-18,143,Call,150.00,-31.46%,1.1,1.2,1.4,2009,820,2.45,35.58%,33.41%,0.116497,2026-07-28
IBM,227.55,2026-07-31,3,Call,227.50,+0.02%,4.05,4.2,4.35,2284,934,2.45,43.32%,50.67%,0.511449,2026-07-28
TTMI,108.69,2026-09-18,52,Call,200.00,-84.01%,1.45,1.76,2.5,558,229,2.44,116.98%,110.37%,0.106962,2026-07-28
QBTS,17.64,2026-07-31,3,Put,17.50,-0.79%,0.61,0.62,0.64,677,278,2.44,103.29%,109.07%,-0.448419,2026-07-28
ETSY,86.47,2026-08-21,24,Put,85.00,-1.70%,5.5,6.07,6.95,706,289,2.44,71.62%,80.25%,-0.422524,2026-07-28
KEEL,3.73,2026-07-31,3,Put,5.00,+34.05%,1.21,1.28,1.54,736,302,2.44,123.96%,328.84%,-0.796487,2026-07-28
IBM,227.55,2026-08-07,10,Call,240.00,-5.47%,2.26,2.45,2.56,945,388,2.44,43.32%,44.82%,0.248555,2026-07-28
CRM,181.5,2026-07-31,3,Call,192.50,-6.06%,0.55,0.55,0.67,1114,457,2.44,47.46%,56.75%,0.132687,2026-07-28
QURE,36.66,2026-08-21,24,Call,40.00,-9.11%,1.85,3,3.5,1155,473,2.44,112.62%,104.93%,0.4283,2026-07-28
MU,820.53,2026-07-31,3,Put,675.00,-17.74%,3.25,3.42,3.55,1488,610,2.44,95.59%,149.91%,-0.065962,2026-07-28
HOOD,92.76,2026-08-07,10,Call,95.00,-2.41%,5.1,5.15,5.3,593,244,2.43,79.79%,100.41%,0.478265,2026-07-28
NOW,110.62,2026-08-07,10,Call,112.00,-1.25%,3.95,3.6,4.3,832,343,2.43,59.06%,64.45%,0.478636,2026-07-28
AMZN,230.86,2026-07-31,3,Put,227.50,-1.46%,5.8,6.35,6.5,1430,588,2.43,42.65%,93.43%,-0.41355,2026-07-28
SNOW,270.36,2026-11-20,115,Call,370.00,-36.85%,10.55,12,13.95,503,208,2.42,68.23%,63.42%,0.251621,2026-07-28
ETSY,86.47,2026-07-31,3,Call,90.00,-4.08%,0.66,0.77,0.8,651,269,2.42,71.62%,63.19%,0.253112,2026-07-28
LRCX,269.61,2026-08-14,17,Put,200.00,-25.82%,3,3.15,3.45,756,312,2.42,93.26%,115.73%,-0.092357,2026-07-28
V,366.59,2026-07-31,3,Call,377.50,-2.98%,2.52,2.58,3.1,1201,497,2.42,26.08%,51.41%,0.273921,2026-07-28
NEE,89.28,2026-07-31,3,Put,89.00,-0.31%,0.58,0.75,0.92,1307,541,2.42,23.28%,27.47%,-0.44385,2026-07-28
GOOG,332.6,2026-07-31,3,Put,327.50,-1.53%,2.56,2.71,2.68,1634,676,2.42,31.21%,39.97%,-0.325898,2026-07-28
ADBE,249.18,2026-07-31,3,Call,255.00,-2.34%,2.75,3.05,3.2,2526,1043,2.42,50.50%,58.86%,0.344406,2026-07-28
F,14.96,2026-07-31,3,Put,14.50,-3.07%,0.27,0.27,0.29,6550,2708,2.42,43.50%,89.18%,-0.334785,2026-07-28
IBM,227.55,2027-01-15,171,Call,235.00,-3.27%,23.75,25,25.9,733,304,2.41,43.32%,45.01%,0.518868,2026-07-28
CNQ,44.19,2026-12-18,143,Call,50.00,-13.15%,1.45,1.85,2.75,884,367,2.41,34.37%,37.98%,0.339072,2026-07-28
QCOM,162.88,2026-07-31,3,Call,165.00,-1.30%,6.2,6.46,6.75,910,377,2.41,68.02%,126.23%,0.478062,2026-07-28
TSLA,307.44,2026-08-07,10,Call,312.50,-1.65%,8.15,8.05,8.3,974,404,2.41,46.54%,50.99%,0.444541,2026-07-28
NVDA,197.01,2026-08-03,6,Put,192.50,-2.29%,2.1,2.28,2.45,1417,589,2.41,41.99%,41.96%,-0.320708,2026-07-28
COHR,243.33,2026-08-21,24,Call,320.00,-31.51%,6.1,6.86,8.1,2164,897,2.41,110.87%,110.64%,0.20745,2026-07-28
SBET,6.44,2026-09-18,52,Call,7.00,-8.70%,0.63,0.67,0.69,3186,1324,2.41,94.58%,89.40%,0.474976,2026-07-28
AVGO,380.91,2026-07-31,3,Call,390.00,-2.39%,4.55,5.75,6.1,3193,1324,2.41,53.60%,65.49%,0.358086,2026-07-28
OTLK,0.904,2027-02-19,206,Call,1.0000,-10.62%,0.35,0.35,0.65,716,298,2.4,179.85%,210.13%,0.770223,2026-07-28
AAPL,340.08,2026-07-31,3,Put,342.50,+0.71%,7.4,7.6,7.85,788,328,2.4,29.11%,51.76%,-0.549006,2026-07-28
AAOI,88.14,2026-08-21,24,Call,170.00,-92.87%,0.75,0.84,0.95,1449,603,2.4,143.47%,150.16%,0.065874,2026-07-28
ORCL,119.96,2026-08-07,10,Call,132.00,-10.04%,1.57,1.69,1.76,538,225,2.39,69.19%,69.64%,0.221282,2026-07-28
ASTS,56.55,2026-07-31,3,Put,54.00,-4.51%,1.12,1.27,1.33,640,268,2.39,113.43%,114.22%,-0.308562,2026-07-28
BA,221.56,2026-07-31,3,Put,212.50,-4.09%,0.63,0.77,0.87,965,404,2.39,34.22%,45.96%,-0.153115,2026-07-28
WYNN,99.02,2027-01-15,171,Put,97.50,-1.54%,7.75,8.64,9.65,1342,562,2.39,40.61%,37.53%,-0.409747,2026-07-28
WULF,17.09,2026-08-28,31,Put,15.00,-12.23%,1.16,1.26,1.64,517,217,2.38,114.63%,119.79%,-0.300963,2026-07-28
AMLX,19.55,2026-08-21,24,Call,18.00,+7.93%,4.5,5.5,6.6,604,254,2.38,240.44%,249.92%,0.674745,2026-07-28
NOW,110.62,2026-08-07,10,Call,108.00,+2.37%,5.85,5.38,6.45,807,339,2.38,59.06%,64.63%,0.612904,2026-07-28
ORCL,119.96,2026-11-20,115,Call,145.00,-20.87%,10.6,10.7,11.3,1988,835,2.38,69.19%,71.25%,0.396605,2026-07-28
PLTR,123.53,2026-07-31,3,Call,120.00,+2.86%,5.05,5.15,5.2,8904,3735,2.38,67.76%,68.43%,0.692604,2026-07-28
VZ,48.19,2026-08-21,24,Call,50.00,-3.76%,0.52,0.52,0.6,16074,6750,2.38,25.70%,25.62%,0.291449,2026-07-28
MRNA,55.81,2026-08-21,24,Put,37.00,-33.70%,0.01,0.23,0.49,505,213,2.37,93.99%,99.04%,-0.039729,2026-07-28
RLAY,18.29,2026-09-18,52,Call,21.00,-14.82%,0.85,1.4,2.3,803,339,2.37,110.05%,91.31%,0.415549,2026-07-28
TSLA,307.44,2026-08-07,10,Call,300.00,+2.42%,14.45,13.95,14.75,835,352,2.37,46.54%,51.26%,0.634181,2026-07-28
TSLA,307.44,2026-10-16,80,Put,245.00,-20.31%,5.05,5.37,5.2,837,353,2.37,46.54%,49.45%,-0.12972,2026-07-28
SMCI,28.45,2026-08-21,24,Put,27.50,-3.34%,2.35,2.45,2.54,886,374,2.37,100.00%,102.49%,-0.394367,2026-07-28
CMG,33.51,2026-07-31,3,Put,31.00,-7.49%,0.43,0.44,0.55,980,414,2.37,52.23%,120.52%,-0.220741,2026-07-28
KLAR,18.71,2026-07-31,3,Call,19.00,-1.55%,0.2,0.35,0.5,1181,498,2.37,88.76%,70.24%,0.41876,2026-07-28
HUM,388.71,2026-08-21,24,Put,370.00,-4.81%,12.2,16.62,20,982,416,2.36,60.18%,63.43%,-0.346666,2026-07-28
CLSK,13.48,2026-08-21,24,Put,16.00,+18.69%,3.05,3.14,3.25,1691,718,2.36,103.53%,107.37%,-0.684636,2026-07-28
WULF,17.09,2026-07-31,3,Put,16.50,-3.45%,0.51,0.54,0.56,2785,1179,2.36,114.63%,129.54%,-0.36414,2026-07-28
TSLA,307.44,2026-07-31,3,Put,295.00,-4.05%,1.76,1.79,1.81,11453,4862,2.36,46.54%,56.11%,-0.199669,2026-07-28
NOW,110.62,2026-07-31,3,Call,110.00,+0.56%,3.35,3.43,3.55,11915,5044,2.36,59.06%,78.05%,0.547378,2026-07-28
AMZN,230.86,2026-07-29,1,Call,227.50,+1.46%,3.9,4.12,4.2,1525,650,2.35,42.65%,39.67%,0.764657,2026-07-28
DECK,103.92,2026-07-31,3,Call,110.00,-5.85%,0.15,0.25,0.25,526,225,2.34,40.85%,47.27%,0.097077,2026-07-28
UNH,428.79,2026-07-31,3,Call,437.50,-2.03%,2.15,2.31,2.43,1217,520,2.34,29.19%,35.65%,0.273404,2026-07-28
TER,320.65,2026-07-31,3,Call,350.00,-9.15%,9.5,11.91,14.4,668,287,2.33,109.84%,196.39%,0.344065,2026-07-28
HAS,96.34,2026-12-18,143,Put,85.00,-11.77%,2.95,3.84,3.9,700,300,2.33,34.18%,35.33%,-0.242324,2026-07-28
V,366.59,2026-07-31,3,Put,360.00,-1.80%,3.3,3.6,3.9,805,345,2.33,26.08%,48.63%,-0.330588,2026-07-28
MU,820.53,2026-07-29,1,Put,650.00,-20.78%,0.15,0.15,0.16,1820,780,2.33,95.59%,180.72%,-0.006023,2026-07-28
AMD,454.62,2026-08-07,10,Call,560.00,-23.18%,3.3,3.92,3.95,2125,913,2.33,81.00%,96.20%,0.110565,2026-07-28
HNGE,75.25,2026-08-21,24,Put,80.00,+6.31%,7.1,7.74,8.7,3081,1321,2.33,69.50%,66.81%,-0.603698,2026-07-28
TTD,18.91,2026-10-16,80,Call,20.00,-5.76%,2.14,2.17,2.24,4168,1790,2.33,83.47%,73.00%,0.512226,2026-07-28
GOOG,332.6,2026-07-31,3,Put,312.50,-6.04%,0.32,0.29,0.35,655,282,2.32,31.21%,44.40%,-0.057596,2026-07-28
MU,820.53,2026-07-29,1,Call,970.00,-18.22%,0.32,0.38,0.38,831,358,2.32,95.59%,146.32%,0.015967,2026-07-28
MU,820.53,2026-07-29,1,Put,840.00,+2.37%,34.05,34,35.9,849,366,2.32,95.59%,138.71%,-0.612453,2026-07-28
ENTX,3.26,2026-08-21,24,Put,2.50,-23.31%,0.1,0.12,0.2,1695,731,2.32,289.32%,147.22%,-0.184724,2026-07-28
SPCX,116.41,2026-08-14,17,Call,170.00,-46.04%,2.85,2.9,2.95,1772,765,2.32,113.42%,152.93%,0.164195,2026-07-28
FOUR,54.84,2028-01-21,542,Call,75.00,-36.76%,9.4,10.5,11.1,503,218,2.31,74.98%,57.13%,0.493961,2026-07-28
BNTX,92.45,2027-01-15,171,Put,70.00,-24.28%,1.7,2.54,3.3,576,249,2.31,47.12%,41.74%,-0.155554,2026-07-28
AAPL,340.08,2026-08-03,6,Call,340.00,+0.02%,6.85,7.03,7.2,698,302,2.31,29.11%,39.64%,0.516229,2026-07-28
WULF,17.09,2026-09-18,52,Call,15.00,+12.23%,3.5,3.8,4.1,863,373,2.31,114.63%,120.17%,0.673216,2026-07-28
STX,747.3,2026-07-31,3,Call,900.00,-20.43%,6.3,7.18,8.4,1024,444,2.31,108.53%,172.36%,0.133461,2026-07-28
TER,320.65,2026-07-31,3,Call,380.00,-18.51%,2.6,4.81,7.5,1048,454,2.31,109.84%,188.72%,0.182601,2026-07-28
UNH,428.79,2026-07-31,3,Call,450.00,-4.95%,0.44,0.49,0.49,1640,709,2.31,29.19%,36.39%,0.074429,2026-07-28
ADBE,249.18,2026-07-31,3,Call,245.00,+1.68%,7.05,7.7,8.3,1873,810,2.31,50.50%,59.08%,0.636156,2026-07-28
SNDK,1096.1,2026-08-07,10,Call,"1,750.00",-59.66%,7.4,8.32,9,552,240,2.3,140.68%,171.68%,0.066701,2026-07-28
IONQ,33.88,2026-09-04,38,Call,34.00,-0.35%,3.5,4.28,5.05,620,269,2.3,104.76%,98.33%,0.563425,2026-07-28
OWL,9.81,2026-08-21,24,Put,9.50,-3.16%,0.4,0.45,0.5,649,282,2.3,52.88%,58.74%,-0.393086,2026-07-28
ZS,151.63,2026-07-31,3,Put,145.00,-4.37%,1.12,1.42,1.57,693,301,2.3,66.21%,70.50%,-0.230964,2026-07-28
NOW,110.62,2026-07-31,3,Put,108.00,-2.37%,1.79,1.91,1.93,928,404,2.3,59.06%,75.92%,-0.349583,2026-07-28
CLOV,4.34,2026-08-14,17,Call,5.00,-15.21%,0.13,0.15,0.16,1415,614,2.3,86.51%,97.00%,0.28465,2026-07-28
SPCX,116.41,2026-07-31,3,Put,102.00,-12.38%,0.5,0.55,0.55,1798,783,2.3,113.42%,113.53%,-0.09044,2026-07-28
MRVL,174.47,2026-09-18,52,Call,220.00,-26.10%,11,11.45,11.9,2917,1266,2.3,95.58%,96.44%,0.329513,2026-07-28
SKHY,130.17,2026-08-07,10,Call,160.00,-22.92%,3.1,3.3,3.5,631,276,2.29,123.43%,137.97%,0.216195,2026-07-28
WDC,463.51,2026-07-31,3,Call,500.00,-7.87%,12.15,14,14,654,286,2.29,107.82%,158.14%,0.32457,2026-07-28
AMD,454.62,2026-11-20,115,Put,390.00,-14.21%,39.3,40.24,41.45,700,306,2.29,81.00%,74.46%,-0.274503,2026-07-28
AVGO,380.91,2026-07-29,1,Call,382.50,-0.42%,4.15,5,5.15,1229,536,2.29,53.60%,67.68%,0.461112,2026-07-28
ZETA,21.89,2026-08-07,10,Call,25.00,-14.21%,0.61,0.65,0.85,1281,560,2.29,90.08%,122.17%,0.2908,2026-07-28
SNDK,1096.1,2026-08-07,10,Call,"2,000.00",-82.47%,2.65,2.75,3,1406,613,2.29,140.68%,173.71%,0.025941,2026-07-28
SNDK,1096.1,2026-07-31,3,Put,950.00,-13.33%,20.8,21.67,22.5,3116,1360,2.29,140.68%,196.60%,-0.185843,2026-07-28
V,366.59,2026-07-31,3,Put,340.00,-7.25%,0.4,0.45,0.48,860,377,2.28,26.08%,53.50%,-0.056892,2026-07-28
SOFI,16.74,2028-12-15,871,Call,10.00,+40.26%,9.6,10.02,10.15,1024,450,2.28,67.24%,69.92%,0.866532,2026-07-28
OKLO,39.58,2026-07-31,3,Call,41.50,-4.85%,0.74,0.76,0.82,614,271,2.27,97.35%,105.84%,0.329008,2026-07-28
AAPL,340.08,2026-08-28,31,Put,310.00,-8.84%,2.32,2.42,2.65,1139,501,2.27,29.11%,32.31%,-0.144934,2026-07-28
INTC,86.3,2026-07-31,3,Put,83.00,-3.82%,1.83,1.81,1.98,1697,749,2.27,84.58%,107.94%,-0.326479,2026-07-28
META,593.41,2026-08-07,10,Put,590.00,-0.57%,25.15,25.78,26.35,573,253,2.26,50.88%,70.83%,-0.454614,2026-07-28
NOK,8.93,2026-08-21,24,Call,9.00,-0.78%,0.58,0.59,0.61,1254,554,2.26,69.56%,68.14%,0.519837,2026-07-28
WULF,17.09,2026-07-31,3,Call,18.00,-5.32%,0.39,0.44,0.45,1283,567,2.26,114.63%,126.47%,0.341874,2026-07-28
WDAY,159.69,2026-07-31,3,Put,140.00,-12.33%,0.2,0.3,0.35,501,223,2.25,71.57%,90.15%,-0.049022,2026-07-28
AAPL,340.08,2026-08-03,6,Put,335.00,-1.49%,4.4,4.53,4.75,584,260,2.25,29.11%,39.87%,-0.371057,2026-07-28
NVDA,197.01,2026-08-14,17,Call,197.50,-0.25%,6.85,7.45,7.35,748,333,2.25,41.99%,42.46%,0.513671,2026-07-28
BA,221.56,2026-07-31,3,Put,207.50,-6.35%,0.24,0.29,0.31,1328,591,2.25,34.22%,48.22%,-0.064055,2026-07-28
MU,820.53,2026-07-29,1,Put,775.00,-5.55%,7.75,7.9,8.1,1391,619,2.25,95.59%,145.29%,-0.214777,2026-07-28
NOK,8.93,2026-07-31,3,Call,8.50,+4.82%,0.5,0.49,0.57,922,411,2.24,69.56%,84.22%,0.753866,2026-07-28
NVDA,197.01,2026-08-07,10,Put,187.50,-4.83%,2.01,2.21,2.43,1561,696,2.24,41.99%,45.86%,-0.242022,2026-07-28
GOOG,332.6,2026-07-31,3,Call,342.50,-2.98%,1.49,1.53,1.59,2298,1026,2.24,31.21%,40.81%,0.22157,2026-07-28
SPCX,116.41,2026-07-31,3,Call,112.00,+3.79%,7,7.11,7.3,3492,1560,2.24,113.42%,111.21%,0.668755,2026-07-28
NVDA,197.01,2026-08-05,8,Call,197.50,-0.25%,4.6,5.2,5.15,690,310,2.23,41.99%,43.38%,0.501574,2026-07-28
CIFR,20.42,2026-08-21,24,Call,21.50,-5.29%,2.21,2.45,2.72,1532,687,2.23,133.65%,138.55%,0.515659,2026-07-28
SNDK,1096.1,2026-08-07,10,Call,"1,200.00",-9.48%,86,86.5,89.2,1577,708,2.23,140.68%,175.85%,0.435553,2026-07-28
AAPL,340.08,2026-07-31,3,Put,325.00,-4.43%,1.51,1.56,1.61,12604,5666,2.22,29.11%,54.23%,-0.170514,2026-07-28
PLTR,123.53,2026-07-31,3,Put,120.00,-2.86%,1.53,1.54,1.55,16919,7624,2.22,67.76%,67.91%,-0.306436,2026-07-28
MU,820.53,2026-08-03,6,Put,800.00,-2.50%,33.5,34.4,34.95,614,276,2.22,95.59%,106.06%,-0.398217,2026-07-28
NVDA,197.01,2026-08-28,31,Call,190.00,+3.56%,14.5,15.01,15.25,707,318,2.22,41.99%,47.67%,0.636515,2026-07-28
MU,820.53,2026-07-29,1,Put,765.00,-6.77%,5.9,6.04,6.2,906,409,2.22,95.59%,147.58%,-0.171808,2026-07-28
SNDK,1096.1,2026-08-07,10,Call,"1,800.00",-64.22%,5.9,6.78,7.3,991,446,2.22,140.68%,172.00%,0.055197,2026-07-28
IBM,227.55,2026-07-31,3,Call,237.50,-4.37%,1.01,1.12,1.12,1372,618,2.22,43.32%,51.60%,0.186618,2026-07-28
BKNG,199.31,2026-08-07,10,Put,175.00,-12.20%,0.1,0.89,2.3,1410,637,2.21,46.88%,66.83%,-0.10791,2026-07-28
COIN,167.9,2026-08-07,10,Call,220.00,-31.03%,0.31,0.52,0.64,1632,738,2.21,79.55%,92.87%,0.046995,2026-07-28
SPCX,116.41,2026-07-31,3,Call,119.00,-2.22%,3.6,3.7,3.8,2553,1154,2.21,113.42%,114.50%,0.437524,2026-07-28
BA,221.56,2026-07-31,3,Call,235.00,-6.07%,0.27,0.3,0.3,4305,1951,2.21,34.22%,44.13%,0.07321,2026-07-28
NFLX,72.39,2026-08-21,24,Call,73.00,-0.84%,2.31,2.38,2.36,6503,2962,2.2,34.00%,34.30%,0.49031,2026-07-28
COST,966.58,2026-07-31,3,Call,"1,000.00",-3.46%,1.01,1.12,1.2,1146,520,2.2,22.67%,28.25%,0.096014,2026-07-28
AMD,454.62,2026-07-29,1,Call,510.00,-12.18%,0.15,0.22,0.21,1969,896,2.2,81.00%,105.32%,0.019915,2026-07-28
CRML,5.66,2028-01-21,542,Call,20.00,-253.36%,0.95,1.17,1.25,2216,1007,2.2,102.67%,105.48%,0.384936,2026-07-28
HPE,45.59,2026-07-31,3,Call,45.50,+0.20%,1.47,1.46,1.75,728,333,2.19,78.02%,94.76%,0.527152,2026-07-28
AMZN,230.86,2026-07-29,1,Call,225.00,+2.54%,5.95,6.09,6.65,917,418,2.19,42.65%,46.73%,0.857139,2026-07-28
TSLA,307.44,2026-08-05,8,Call,320.00,-4.09%,4.35,4.36,4.45,1078,493,2.19,46.54%,50.15%,0.311505,2026-07-28
OXY,53.93,2026-07-31,3,Put,54.00,+0.13%,0.75,0.82,0.88,1559,711,2.19,38.94%,40.13%,-0.505655,2026-07-28
CAPR,6.57,2027-01-15,171,Call,5.00,+23.90%,3,2.84,4.2,2583,1179,2.19,338.72%,184.30%,0.805524,2026-07-28
VZ,48.19,2026-08-14,17,Call,49.00,-1.68%,0.52,0.67,0.76,534,245,2.18,25.70%,24.16%,0.377736,2026-07-28
PLTR,123.53,2026-08-07,10,Call,134.00,-8.48%,3.4,3.5,3.6,1188,546,2.18,67.76%,89.24%,0.319071,2026-07-28
CRWV,67.3,2028-12-15,871,Put,60.00,-10.85%,24.55,25.35,26.1,3008,1379,2.18,112.85%,88.12%,-0.213796,2026-07-28
MU,820.53,2027-03-19,234,Call,"1,420.00",-73.06%,85.2,82.46,93.1,500,230,2.17,95.59%,85.07%,0.334201,2026-07-28
TSLA,307.44,2027-06-17,324,Call,910.00,-195.99%,2.76,2.75,2.93,794,366,2.17,46.54%,57.85%,0.049127,2026-07-28
AMD,454.62,2026-07-31,3,Call,520.00,-14.38%,1.2,1.23,1.28,3552,1637,2.17,81.00%,98.01%,0.071524,2026-07-28
BA,221.56,2026-07-31,3,Put,202.50,-8.60%,0.08,0.1,0.16,951,440,2.16,34.22%,52.93%,-0.028798,2026-07-28
ABBV,263.2,2026-08-21,24,Put,180.00,-31.61%,0,0.11,0.17,974,450,2.16,32.07%,61.12%,-0.00609,2026-07-28
RKLB,63.89,2026-07-31,3,Call,64.00,-0.17%,2.41,2.55,2.69,1186,549,2.16,104.85%,112.28%,0.514728,2026-07-28
SKHY,130.17,2026-07-31,3,Call,150.00,-15.23%,2,2.02,2.1,7016,3249,2.16,123.43%,168.85%,0.198239,2026-07-28
HL,14.55,2026-08-07,10,Put,13.00,-10.65%,0.07,0.26,0.39,504,234,2.15,73.39%,85.10%,-0.190427,2026-07-28
MU,820.53,2026-08-07,10,Call,900.00,-9.69%,29,29.31,30,854,398,2.15,95.59%,107.48%,0.335306,2026-07-28
ZS,151.63,2026-11-20,115,Put,130.00,-14.26%,10.9,11.55,12.05,950,442,2.15,66.21%,67.51%,-0.267041,2026-07-28
BP,41.67,2026-07-31,3,Put,41.50,-0.41%,0.33,0.34,0.59,594,278,2.14,34.26%,35.86%,-0.444369,2026-07-28
AVGO,380.91,2026-07-29,1,Call,405.00,-6.32%,0.14,0.17,0.2,848,397,2.14,53.60%,63.67%,0.034309,2026-07-28
WMT,113.1,2026-07-31,3,Put,112.00,-0.97%,0.67,0.73,0.75,1117,522,2.14,30.96%,29.19%,-0.348257,2026-07-28
SNDK,1096.1,2026-07-31,3,Put,750.00,-31.58%,2,2.25,2.45,2480,1161,2.14,140.68%,224.55%,-0.024594,2026-07-28
SMCI,28.45,2026-07-31,3,Call,28.00,+1.58%,1.27,1.3,1.38,3020,1413,2.14,100.00%,105.90%,0.585977,2026-07-28
V,366.59,2026-07-31,3,Call,370.00,-0.93%,4.9,5.15,5.65,1394,655,2.13,26.08%,51.12%,0.43189,2026-07-28
MSTR,96.16,2026-07-31,3,Call,93.00,+3.29%,5.15,5.35,5.6,1660,780,2.13,79.49%,104.03%,0.657144,2026-07-28
SPCX,116.41,2026-07-31,3,Put,116.00,-0.35%,4.5,4.55,4.6,3933,1847,2.13,113.42%,113.49%,-0.464893,2026-07-28
IBM,227.55,2026-07-31,3,Call,230.00,-1.08%,3,3.05,3.25,4662,2202,2.12,43.32%,51.17%,0.418112,2026-07-28
BX,133.9,2026-07-31,3,Put,130.00,-2.91%,1.22,1.28,1.38,5427,2558,2.12,38.40%,59.40%,-0.282185,2026-07-28
TGT,144.2,2026-07-31,3,Call,147.00,-1.94%,0.72,0.82,0.96,505,238,2.12,44.12%,36.52%,0.286599,2026-07-28
PRLD,4.64,2026-09-18,52,Call,5.00,-7.76%,0.5,0.7,0.85,576,272,2.12,139.79%,115.80%,0.52378,2026-07-28
XOM,153.04,2026-08-21,24,Call,167.50,-9.45%,0.71,0.98,1.15,645,304,2.12,32.25%,32.19%,0.147801,2026-07-28
CRM,181.5,2026-08-07,10,Call,190.00,-4.68%,2.7,2.77,3.15,1768,833,2.12,47.46%,50.88%,0.31099,2026-07-28
MSFT,393.35,2026-08-07,10,Call,395.00,-0.42%,15.1,14.95,15.65,1863,877,2.12,44.03%,61.71%,0.506792,2026-07-28
ENPH,36.32,2026-07-31,3,Put,30.00,-17.40%,0.27,0.26,0.3,638,302,2.11,95.27%,174.27%,-0.098382,2026-07-28
MO,74.82,2026-08-07,10,Put,73.00,-2.43%,0.95,1.05,1.16,879,416,2.11,29.58%,37.08%,-0.335439,2026-07-28
EOSE,3.37,2026-08-28,31,Call,0.50,+85.16%,0.85,2.95,5,990,469,2.11,244.96%,464.70%,0.981624,2026-07-28
CRWV,67.3,2026-11-20,115,Call,110.00,-63.45%,4.8,4.85,5.35,1346,639,2.11,112.85%,99.64%,0.281879,2026-07-28
SNDK,1096.1,2026-07-31,3,Call,"1,450.00",-32.29%,3.2,4.6,3.8,1734,822,2.11,140.68%,178.66%,0.050018,2026-07-28
CIFR,20.42,2026-08-07,10,Call,24.50,-19.98%,0.55,0.7,1.06,1741,826,2.11,133.65%,154.81%,0.281292,2026-07-28
SPCX,116.41,2026-07-31,3,Call,122.00,-4.80%,2.75,2.77,2.85,2523,1193,2.11,113.42%,118.47%,0.351864,2026-07-28
NVDA,197.01,2026-07-29,1,Put,210.00,+6.59%,10.9,12.9,14.1,9000,4272,2.11,41.99%,52.18%,-0.991231,2026-07-28
PLTR,123.53,2026-07-31,3,Put,110.00,-10.95%,0.17,0.17,0.19,10810,5153,2.1,67.76%,78.69%,-0.04789,2026-07-28
TASK,6.2,2026-08-21,24,Call,5.00,+19.35%,1.15,1.43,1.5,581,277,2.1,99.16%,88.44%,0.858262,2026-07-28
CHGG,1.08,2026-09-18,52,Call,1.0000,+7.41%,0.2,0.22,0.25,745,355,2.1,181.91%,115.67%,0.657886,2026-07-28
ASTS,56.55,2026-08-07,10,Call,60.00,-6.10%,2.46,2.61,2.68,941,448,2.1,113.43%,105.23%,0.402358,2026-07-28
PBR,18.07,2026-10-16,80,Put,18.00,-0.39%,1.4,1.42,1.45,1852,880,2.1,35.87%,44.27%,-0.445593,2026-07-28
AMD,454.62,2026-07-31,3,Call,517.50,-13.83%,1.26,1.42,1.41,765,366,2.09,81.00%,96.95%,0.076837,2026-07-28
LCID,7.9,2026-08-07,10,Call,10.00,-26.58%,0.15,0.26,0.3,768,367,2.09,147.12%,155.89%,0.217462,2026-07-28
SPCX,116.41,2026-08-14,17,Call,240.00,-106.17%,1,1.1,1.1,1204,575,2.09,113.42%,189.56%,0.059395,2026-07-28
LRCX,269.61,2026-07-31,3,Put,250.00,-7.27%,6.55,7.3,8.05,1382,662,2.09,93.26%,161.44%,-0.277318,2026-07-28
ORCL,119.96,2026-07-31,3,Call,116.00,+3.30%,5.55,6.38,6.1,1785,854,2.09,69.19%,81.60%,0.688899,2026-07-28
WMT,113.1,2026-07-31,3,Call,114.00,-0.80%,0.8,0.8,0.85,2836,1358,2.09,30.96%,29.53%,0.391895,2026-07-28
NVDA,197.01,2026-07-29,1,Put,202.50,+2.79%,4.9,5.38,6.1,6159,2944,2.09,41.99%,25.32%,-0.98317,2026-07-28
APLD,26.62,2026-07-31,3,Call,26.00,+2.33%,1.57,1.7,1.72,1011,485,2.08,107.93%,137.49%,0.600177,2026-07-28
BA,221.56,2026-08-07,10,Call,225.00,-1.55%,3.8,4.5,4.35,1201,577,2.08,34.22%,38.21%,0.415688,2026-07-28
CLSK,13.48,2027-03-19,234,Call,7.00,+48.07%,6.6,7,8.05,1290,620,2.08,103.53%,92.94%,0.900983,2026-07-28
DJT,9.88,2026-07-31,3,Call,10.50,-6.28%,0.13,0.13,0.15,1315,633,2.08,85.01%,100.30%,0.267407,2026-07-28
MU,820.53,2026-07-31,3,Call,880.00,-7.25%,15.45,15.8,16.05,1387,667,2.08,95.59%,124.66%,0.287692,2026-07-28
RITM,9.78,2026-11-20,115,Call,10.00,-2.25%,0.35,0.4,0.5,1638,788,2.08,21.12%,27.13%,0.428635,2026-07-28
ACN,164.66,2026-08-21,24,Call,165.00,-0.21%,8.2,7.9,8.8,2107,1012,2.08,50.47%,51.63%,0.518736,2026-07-28
STX,747.3,2026-07-31,3,Call,800.00,-7.05%,26,27.9,29.8,560,271,2.07,108.53%,178.29%,0.36722,2026-07-28
SNDK,1096.1,2026-08-07,10,Put,"1,200.00",+9.48%,186.6,184.9,191.7,767,370,2.07,140.68%,174.06%,-0.566674,2026-07-28
ASTS,56.55,2026-07-31,3,Put,58.00,+2.56%,2.89,3.1,3.3,1496,722,2.07,113.43%,111.43%,-0.578431,2026-07-28
CCL,28.23,2026-10-16,80,Put,27.00,-4.36%,1.83,2.03,1.98,2521,1220,2.07,47.15%,48.95%,-0.372696,2026-07-28
TSLA,307.44,2026-08-03,6,Call,320.00,-4.09%,2.87,2.9,2.93,4657,2245,2.07,46.54%,46.90%,0.265666,2026-07-28
MSFT,393.35,2026-07-31,3,Put,380.00,-3.39%,8.05,8.24,8.35,6471,3131,2.07,44.03%,99.40%,-0.333433,2026-07-28
MU,820.53,2026-07-29,1,Call,"1,000.00",-21.87%,0.16,0.17,0.18,4439,2158,2.06,95.59%,154.04%,0.007949,2026-07-28
INTC,86.3,2026-07-31,3,Call,95.00,-10.08%,0.69,0.71,0.77,5647,2735,2.06,84.58%,106.07%,0.17149,2026-07-28
PYPL,58.32,2026-08-07,10,Call,59.00,-1.17%,1.04,1.24,1.28,543,263,2.06,33.23%,37.63%,0.442926,2026-07-28
CAG,15.43,2026-12-18,143,Call,13.00,+15.75%,2.65,2.8,2.95,702,341,2.06,32.41%,41.14%,0.774287,2026-07-28
CLSK,13.48,2026-08-07,10,Put,13.00,-3.56%,0.69,0.78,0.82,924,449,2.06,103.53%,112.46%,-0.385018,2026-07-28
TSLA,307.44,2026-08-07,10,Call,310.00,-0.83%,9.25,9.35,9.4,1806,875,2.06,46.54%,51.12%,0.482468,2026-07-28
NOK,8.93,2026-08-14,17,Call,10.50,-17.58%,0.1,0.1,0.12,2097,1019,2.06,69.56%,70.60%,0.16341,2026-07-28
PLTR,123.53,2026-11-20,115,Call,190.00,-53.81%,2.95,3.23,3.1,2250,1091,2.06,67.76%,62.58%,0.154918,2026-07-28
SOUN,6.24,2026-08-28,31,Call,8.00,-28.21%,0.18,0.28,0.28,815,397,2.05,93.94%,100.35%,0.244254,2026-07-28
SWK,94.19,2026-08-21,24,Put,85.00,-9.76%,1.05,1.45,2,1134,554,2.05,49.19%,52.30%,-0.201917,2026-07-28
MU,820.53,2026-08-07,10,Call,950.00,-15.78%,17.1,17.5,18.3,1250,610,2.05,95.59%,106.19%,0.229569,2026-07-28
DAR,58.42,2026-08-21,24,Call,62.50,-6.98%,1.3,1.5,1.6,2224,1084,2.05,46.78%,48.89%,0.323879,2026-07-28
DJT,9.88,2026-08-07,10,Call,10.00,-1.21%,0.47,0.53,0.54,4056,1978,2.05,85.01%,85.18%,0.496769,2026-07-28
BA,221.56,2026-07-31,3,Call,217.50,+1.83%,5.65,6.8,6.6,1562,764,2.04,34.22%,47.27%,0.6746,2026-07-28
RKLB,63.89,2026-08-07,10,Call,75.00,-17.39%,0.98,1.08,1.15,1822,892,2.04,104.85%,101.50%,0.193647,2026-07-28
BB,8.09,2026-07-31,3,Call,8.00,+1.11%,0.2,0.35,0.38,539,265,2.03,79.73%,82.86%,0.575533,2026-07-28
IREN,33.93,2026-07-31,3,Call,33.50,+1.27%,2.12,2.3,2.26,514,254,2.02,135.15%,161.09%,0.564508,2026-07-28
NOW,110.62,2026-07-31,3,Put,105.00,-5.08%,0.94,1.03,1.03,1816,900,2.02,59.06%,77.00%,-0.216021,2026-07-28
INTC,86.3,2027-06-17,324,Call,100.00,-15.87%,21.8,22.19,22.5,6221,3074,2.02,84.58%,81.24%,0.587836,2026-07-28
GOOG,332.6,2026-07-31,3,Call,340.00,-2.22%,2.1,2.15,2.2,7139,3533,2.02,31.21%,40.89%,0.285125,2026-07-28
PLTR,123.53,2026-07-31,3,Call,128.00,-3.62%,1.25,1.28,1.28,9528,4706,2.02,67.76%,65.31%,0.285778,2026-07-28
LIN,511.18,2026-08-21,24,Call,540.00,-5.64%,3,4.9,5.9,532,265,2.01,26.07%,26.61%,0.227445,2026-07-28
TE,4.15,2026-07-31,3,Call,4.50,-8.43%,0.1,0.13,0.15,1592,792,2.01,148.21%,168.70%,0.325966,2026-07-28
AEO,18.14,2026-07-31,3,Call,18.00,+0.77%,0.46,0.58,0.68,590,295,2,54.47%,75.95%,0.558724,2026-07-28
AA,44.36,2028-01-21,542,Put,45.00,+1.44%,10.55,11.72,12.2,591,296,2,54.00%,57.38%,-0.355087,2026-07-28
SKHY,130.17,2027-06-17,324,Put,100.00,-23.18%,24.2,25.99,26.9,775,388,2,123.43%,97.56%,-0.219571,2026-07-28
AVGO,380.91,2026-07-29,1,Put,380.00,-0.24%,4.55,5,5.4,808,405,2,53.60%,68.37%,-0.465478,2026-07-28
INTC,86.3,2026-08-07,10,Call,97.00,-12.40%,1.7,1.83,1.89,977,489,2,84.58%,92.21%,0.246906,2026-07-28
GLOB,35.11,2026-08-21,24,Put,30.00,-14.55%,0.75,1.1,1.35,1073,537,2,85.55%,88.79%,-0.207822,2026-07-28
JNJ,266.73,2026-07-31,3,Call,275.00,-3.10%,0.48,0.65,0.7,1231,616,2,26.24%,31.88%,0.14971,2026-07-28
INTC,86.3,2026-07-31,3,Put,75.00,-13.09%,0.34,0.36,0.36,7561,3779,2,84.58%,115.51%,-0.081539,2026-07-28
PM,200.17,2026-07-31,3,Call,210.00,-4.91%,0,0.45,1.1,681,343,1.99,29.76%,46.44%,0.13214,2026-07-28
CRWV,67.3,2026-10-16,80,Put,67.50,+0.30%,12.25,12.42,12.8,852,428,1.99,112.85%,101.87%,-0.403411,2026-07-28
UNH,428.79,2026-07-31,3,Call,425.00,+0.88%,7.5,8,8.2,1517,762,1.99,29.19%,37.09%,0.611876,2026-07-28
VZ,48.19,2026-08-21,24,Call,51.00,-5.83%,0.24,0.35,0.38,2233,1123,1.99,25.70%,24.82%,0.18935,2026-07-28
KEEL,3.73,2026-07-31,3,Put,6.00,+60.86%,2.21,2.31,2.46,504,255,1.98,123.96%,393.12%,-0.87537,2026-07-28
HPE,45.59,2026-07-31,3,Call,46.00,-0.90%,1.21,1.34,1.42,564,285,1.98,78.02%,91.03%,0.474097,2026-07-28
RKLB,63.89,2026-07-31,3,Put,55.00,-13.91%,0.25,0.28,0.31,1630,825,1.98,104.85%,123.88%,-0.081843,2026-07-28
GOOGL,333.71,2026-07-29,1,Call,325.00,+2.61%,8.45,9.19,10.3,2099,1058,1.98,31.31%,48.42%,0.855413,2026-07-28
NFLX,72.39,2026-09-18,52,Call,76.00,-4.99%,2.4,2.4,2.45,2861,1443,1.98,34.00%,34.29%,0.393372,2026-07-28
WMT,113.1,2026-07-31,3,Call,113.00,+0.09%,1.23,1.29,1.29,3151,1595,1.98,30.96%,29.26%,0.521955,2026-07-28
SNDK,1096.1,2026-07-31,3,Put,800.00,-27.01%,3.9,4.13,4.6,3858,1949,1.98,140.68%,217.03%,-0.044541,2026-07-28
FLR,49.34,2026-08-21,24,Put,45.00,-8.80%,1.35,1.55,1.75,1012,514,1.97,64.13%,68.56%,-0.267253,2026-07-28
AMD,454.62,2026-07-29,1,Call,502.50,-10.53%,0.25,0.32,0.4,529,270,1.96,81.00%,103.30%,0.034146,2026-07-28
RUN,9.63,2026-08-14,17,Put,11.00,+14.23%,1.33,1.82,1.89,704,359,1.96,98.82%,84.11%,-0.73836,2026-07-28
MSFT,393.35,2026-07-31,3,Put,362.50,-7.84%,3.1,3.25,3.35,762,388,1.96,44.03%,97.88%,-0.166724,2026-07-28
STM,50.16,2026-08-21,24,Call,55.00,-9.65%,2.05,2.38,2.3,827,422,1.96,75.73%,76.78%,0.359502,2026-07-28
MU,820.53,2026-07-31,3,Put,610.00,-25.66%,0.96,0.97,1.22,951,486,1.96,95.59%,169.09%,-0.022085,2026-07-28
V,366.59,2026-07-31,3,Call,380.00,-3.66%,1.99,2.19,2.47,2273,1160,1.96,26.08%,51.51%,0.229352,2026-07-28
CRWV,67.3,2026-08-07,10,Put,50.00,-25.71%,0.29,0.33,0.39,2970,1518,1.96,112.85%,120.33%,-0.055227,2026-07-28
IBM,227.55,2026-08-07,10,Call,235.00,-3.27%,3.5,3.45,3.9,553,284,1.95,43.32%,44.36%,0.344474,2026-07-28
SPCX,116.41,2026-08-07,10,Put,114.00,-2.07%,10.2,10.38,10.4,673,346,1.95,113.42%,151.80%,-0.416009,2026-07-28
BTBT,1.3,2026-08-07,10,Put,1.5000,+15.38%,0.18,0.22,0.29,818,419,1.95,108.24%,116.87%,-0.739114,2026-07-28
AMGN,393.1,2026-08-21,24,Call,410.00,-4.30%,8.1,8.65,8.9,981,503,1.95,37.59%,37.56%,0.350845,2026-07-28
CNC,63.91,2026-07-31,3,Call,64.00,-0.14%,1.39,1.72,1.91,1005,516,1.95,46.07%,72.88%,0.506483,2026-07-28
SNDK,1096.1,2026-07-31,3,Put,"1,050.00",-4.21%,50.7,51.5,52.6,2605,1333,1.95,140.68%,187.07%,-0.367047,2026-07-28
NVDA,197.01,2026-07-29,1,Put,200.00,+1.52%,3.75,3.8,3.9,12938,6659,1.94,41.99%,48.11%,-0.720202,2026-07-28
ORCL,119.96,2026-07-31,3,Put,121.00,+0.87%,3.9,4,4.05,562,289,1.94,69.19%,78.97%,-0.533015,2026-07-28
AAOI,88.14,2026-08-21,24,Put,75.00,-14.91%,6.6,6.99,7.3,569,293,1.94,143.47%,151.10%,-0.269056,2026-07-28
VFC,18.25,2026-07-31,3,Put,17.50,-4.11%,0.31,0.6,0.61,646,333,1.94,64.73%,120.59%,-0.330054,2026-07-28
TSLA,307.44,2026-07-31,3,Put,272.50,-11.36%,0.18,0.2,0.2,649,335,1.94,46.54%,69.38%,-0.025372,2026-07-28
MU,820.53,2026-07-29,1,Call,955.00,-16.39%,0.51,0.55,0.69,702,361,1.94,95.59%,146.04%,0.025849,2026-07-28
TSLA,307.44,2026-08-05,8,Call,310.00,-0.83%,7.9,7.95,8.05,718,370,1.94,46.54%,49.86%,0.474217,2026-07-28
MRVL,174.47,2027-06-17,324,Call,180.00,-3.17%,55.15,56.95,58,1013,521,1.94,95.58%,88.62%,0.662327,2026-07-28
LCID,7.9,2026-08-07,10,Call,8.00,-1.27%,0.78,0.82,0.9,1056,545,1.94,147.12%,169.28%,0.539327,2026-07-28
CLF,11.98,2026-08-14,17,Call,13.00,-8.51%,0.27,0.37,0.42,2307,1192,1.94,63.61%,69.30%,0.320118,2026-07-28
APLD,26.62,2026-07-31,3,Call,28.00,-5.18%,0.71,0.78,0.77,2574,1325,1.94,107.93%,133.11%,0.36089,2026-07-28
INTC,86.3,2026-07-29,1,Put,88.00,+1.97%,2.88,2.68,3,3011,1551,1.94,84.58%,108.77%,-0.622893,2026-07-28
FOUR,54.84,2028-01-21,542,Put,70.00,+27.64%,24.1,25.9,29,500,259,1.93,74.98%,69.50%,-0.44087,2026-07-28
WDC,463.51,2027-01-15,171,Put,150.00,-67.64%,1.83,4.67,6.9,572,296,1.93,107.82%,105.64%,-0.025945,2026-07-28
APLD,26.62,2026-07-31,3,Put,26.00,-2.33%,0.91,0.98,1.08,1916,995,1.93,107.93%,135.07%,-0.399067,2026-07-28
TSLA,307.44,2026-09-18,52,Call,355.00,-15.47%,6.85,6.9,6.95,2200,1141,1.93,46.54%,46.04%,0.238688,2026-07-28
IONQ,33.88,2026-08-07,10,Call,45.00,-32.82%,0.11,0.34,0.44,2845,1475,1.93,104.76%,120.67%,0.094048,2026-07-28
BA,221.56,2026-07-31,3,Put,217.50,-1.83%,1.71,1.9,2.05,558,291,1.92,34.22%,44.68%,-0.316635,2026-07-28
SNDK,1096.1,2026-07-31,3,Put,970.00,-11.50%,24.9,25.61,26.9,563,293,1.92,140.68%,193.63%,-0.216055,2026-07-28
GS,1033.34,2026-07-31,3,Put,740.00,-28.39%,0,0.15,0.14,851,443,1.92,35.91%,129.99%,-0.00191,2026-07-28
NOW,110.62,2026-08-07,10,Call,130.00,-17.52%,0.35,0.41,0.48,1203,625,1.92,59.06%,66.12%,0.079082,2026-07-28
BSX,46.06,2026-07-31,3,Call,50.00,-8.55%,0.5,0.65,0.7,1522,791,1.92,55.28%,113.62%,0.228878,2026-07-28
NOW,110.62,2026-07-31,3,Call,112.00,-1.25%,2.37,2.52,2.52,5568,2906,1.92,59.06%,76.32%,0.444213,2026-07-28
CLF,11.98,2026-08-21,24,Call,13.50,-12.69%,0.27,0.3,0.31,633,332,1.91,63.61%,64.35%,0.262386,2026-07-28
MU,820.53,2026-07-31,3,Call,925.00,-12.73%,6.9,7.1,7.4,910,477,1.91,95.59%,123.65%,0.156121,2026-07-28
MRK,131.82,2026-08-21,24,Put,125.00,-5.17%,1.61,1.89,1.96,1435,753,1.91,32.08%,33.56%,-0.251813,2026-07-28
BE,166.84,2026-09-18,52,Call,280.00,-67.83%,9.65,9.95,11.8,1486,778,1.91,161.87%,144.50%,0.252386,2026-07-28
AAPL,340.08,2026-07-31,3,Call,352.50,-3.65%,1.98,2.01,2.19,1559,816,1.91,29.11%,51.61%,0.230409,2026-07-28
AMD,454.62,2026-07-31,3,Call,515.00,-13.28%,1.4,1.51,1.59,2365,1237,1.91,81.00%,96.77%,0.084684,2026-07-28
SMCI,28.45,2026-08-14,17,Put,22.00,-22.67%,0.38,0.51,0.51,549,289,1.9,100.00%,112.61%,-0.11784,2026-07-28
SKHY,130.17,2026-09-18,52,Call,220.00,-69.01%,4.1,4.4,5,785,413,1.9,123.43%,118.85%,0.175188,2026-07-28
IBM,227.55,2026-07-31,3,Call,232.50,-2.18%,2.16,2.23,2.3,1014,533,1.9,43.32%,51.10%,0.329824,2026-07-28
SPCX,116.41,2026-08-14,17,Put,115.00,-1.21%,12.2,12.2,12.5,2339,1234,1.9,113.42%,132.31%,-0.424591,2026-07-28
WULF,17.09,2026-08-21,24,Call,18.00,-5.32%,1.57,1.62,1.69,11674,6129,1.9,114.63%,119.69%,0.476938,2026-07-28
SLDP,2.11,2026-11-20,115,Call,3.00,-42.18%,0.2,0.24,0.3,508,269,1.89,98.20%,104.49%,0.387356,2026-07-28
BP,41.67,2026-10-16,80,Call,48.00,-15.19%,0.49,0.72,0.61,543,288,1.89,34.26%,31.02%,0.178895,2026-07-28
SMCI,28.45,2026-09-18,52,Call,47.00,-65.20%,0.48,0.53,0.64,730,387,1.89,100.00%,98.28%,0.124336,2026-07-28
LRCX,269.61,2027-06-17,324,Put,230.00,-14.69%,51,51.99,53.9,760,402,1.89,93.26%,81.09%,-0.267525,2026-07-28
QBTS,17.64,2026-07-31,3,Call,18.50,-4.88%,0.37,0.38,0.4,1346,712,1.89,103.29%,112.77%,0.339286,2026-07-28
AMAT,476.46,2026-07-31,3,Put,380.00,-20.25%,0.42,0.88,1.16,602,321,1.88,91.93%,139.63%,-0.032001,2026-07-28
MSFT,393.35,2026-07-31,3,Call,437.50,-11.22%,2.1,2.21,2.25,682,363,1.88,44.03%,99.17%,0.127999,2026-07-28
TSLA,307.44,2026-09-04,38,Call,360.00,-17.10%,4,3.9,4.2,1101,586,1.88,46.54%,47.13%,0.174486,2026-07-28
SKHY,130.17,2026-07-31,3,Call,160.00,-22.92%,0.95,0.97,1,4102,2185,1.88,123.43%,171.91%,0.106718,2026-07-28
CIFR,20.42,2026-08-21,24,Call,23.00,-12.63%,1.8,1.7,1.97,9940,5302,1.87,133.65%,135.13%,0.435142,2026-07-28
AAPL,340.08,2026-07-31,3,Call,350.00,-2.92%,2.64,2.65,2.74,12471,6684,1.87,29.11%,51.67%,0.279393,2026-07-28
V,366.59,2026-07-31,3,Put,355.00,-3.16%,2.02,2.3,2.4,693,371,1.87,26.08%,49.28%,-0.22774,2026-07-28
BRK.B,512.37,2026-07-31,3,Call,520.00,-1.49%,0.97,1.09,1.3,1211,649,1.87,17.21%,20.06%,0.21549,2026-07-28
BE,166.84,2026-07-31,3,Call,230.00,-37.86%,2.65,2.8,2.99,2019,1077,1.87,161.87%,291.88%,0.140097,2026-07-28
PLTR,123.53,2026-07-31,3,Put,124.00,+0.38%,3.15,3.3,3.25,3667,1959,1.87,67.76%,66.51%,-0.511529,2026-07-28
SNDK,1096.1,2026-07-31,3,Put,890.00,-18.80%,11.6,12,12.2,563,302,1.86,140.68%,204.38%,-0.111542,2026-07-28
BHP,83.79,2026-08-21,24,Put,70.00,-16.46%,0.25,0.3,0.4,579,311,1.86,39.34%,48.48%,-0.067479,2026-07-28
PLTR,123.53,2026-08-07,10,Call,127.00,-2.81%,5.85,5.64,6,1335,718,1.86,67.76%,90.55%,0.458862,2026-07-28
BE,166.84,2026-07-31,3,Put,110.00,-34.07%,1,1.23,1.25,4085,2196,1.86,161.87%,308.35%,-0.051456,2026-07-28
TMUS,182.39,2026-08-21,24,Call,185.00,-1.43%,5.1,5.8,5.6,599,323,1.85,33.43%,34.64%,0.457492,2026-07-28
AMD,454.62,2026-10-16,80,Put,260.00,-42.81%,3.65,3.85,4.3,1248,674,1.85,81.00%,81.77%,-0.047399,2026-07-28
NVDA,197.01,2026-09-04,38,Put,170.00,-13.71%,2.64,2.71,2.8,1309,706,1.85,41.99%,49.61%,-0.153806,2026-07-28
INTC,86.3,2026-07-29,1,Call,96.00,-11.24%,0.08,0.1,0.14,1498,808,1.85,84.58%,120.88%,0.049414,2026-07-28
BA,221.56,2026-07-31,3,Put,220.00,-0.70%,2.69,2.75,2.89,1654,896,1.85,34.22%,44.03%,-0.421824,2026-07-28
VRT,269.56,2026-08-21,24,Put,195.00,-27.66%,1.21,1.56,1.93,1671,905,1.85,78.45%,86.26%,-0.05658,2026-07-28
NVDA,197.01,2026-08-07,10,Put,197.50,+0.25%,5.75,5.65,6.05,2597,1406,1.85,41.99%,44.00%,-0.495379,2026-07-28
TSM,392.31,2026-08-07,10,Call,440.00,-12.16%,1.62,2.03,1.96,702,381,1.84,49.24%,54.07%,0.109615,2026-07-28
STLA,5.76,2026-08-07,10,Call,6.00,-4.17%,0.1,0.15,0.15,875,476,1.84,57.43%,57.42%,0.355109,2026-07-28
HOOD,92.76,2026-07-31,3,Call,94.00,-1.34%,4.4,4.52,4.55,911,496,1.84,79.79%,149.91%,0.488997,2026-07-28
PLTR,123.53,2026-07-31,3,Put,109.00,-11.76%,0.14,0.17,0.16,981,532,1.84,67.76%,80.70%,-0.040001,2026-07-28
RIOT,21.24,2026-07-31,3,Put,19.50,-8.19%,0.25,0.37,0.36,1291,700,1.84,108.72%,126.13%,-0.209819,2026-07-28
NBIS,169.69,2026-07-31,3,Call,165.00,+2.76%,12.6,12.88,13.65,2490,1353,1.84,156.02%,175.15%,0.601723,2026-07-28
AMD,454.62,2026-07-31,3,Call,530.00,-16.58%,0.77,0.82,0.84,3858,2097,1.84,81.00%,99.27%,0.048825,2026-07-28
NFLX,72.39,2026-07-31,3,Call,77.00,-6.37%,0.09,0.1,0.1,4706,2567,1.83,34.00%,45.78%,0.072212,2026-07-28
TSLA,307.44,2026-07-31,3,Put,310.00,+0.83%,7.35,7.6,7.55,6139,3354,1.83,46.54%,54.92%,-0.554509,2026-07-28
CDE,14.91,2026-08-14,17,Call,14.50,+2.75%,1.15,1.25,1.3,592,324,1.83,74.90%,78.75%,0.601471,2026-07-28
TSLA,307.44,2026-08-05,8,Put,300.00,-2.42%,5.55,5.75,5.7,646,353,1.83,46.54%,49.84%,-0.352687,2026-07-28
SPCX,116.41,2026-08-14,17,Call,160.00,-37.45%,3.5,3.7,3.7,1627,889,1.83,113.42%,147.08%,0.200983,2026-07-28
CRWV,67.3,2026-10-16,80,Call,80.00,-18.87%,8.15,8.46,8.85,3160,1725,1.83,112.85%,101.13%,0.455699,2026-07-28
GME,22.16,2026-08-07,10,Call,22.50,-1.53%,0.28,0.32,0.33,3313,1806,1.83,32.98%,31.33%,0.388755,2026-07-28
SPCX,116.41,2026-08-07,10,Call,130.00,-11.67%,6.8,6.9,7,3560,1948,1.83,113.42%,154.23%,0.381678,2026-07-28
AMT,171.5,2026-09-18,52,Put,155.00,-9.62%,0.85,1.92,2.1,504,277,1.82,29.48%,27.44%,-0.152165,2026-07-28
CPRT,30.69,2026-11-20,115,Call,35.00,-14.04%,1.15,1.22,1.4,530,291,1.82,35.92%,38.44%,0.328133,2026-07-28
IONQ,33.88,2026-09-04,38,Call,36.00,-6.26%,3.1,3.48,3.95,578,317,1.82,104.76%,99.50%,0.493399,2026-07-28
BA,221.56,2026-08-07,10,Call,220.00,+0.70%,5.4,6.4,6.7,609,335,1.82,34.22%,35.94%,0.558593,2026-07-28
HOOD,92.76,2026-07-31,3,Put,89.00,-4.05%,3.2,3.52,3.5,687,377,1.82,79.79%,152.79%,-0.35574,2026-07-28
ADBE,249.18,2026-08-07,10,Call,260.00,-4.34%,4.2,4.55,4.8,841,463,1.82,50.50%,52.34%,0.331422,2026-07-28
BRK.B,512.37,2026-07-31,3,Call,525.00,-2.47%,0.39,0.47,0.48,908,498,1.82,17.21%,20.38%,0.098118,2026-07-28
STT,182.57,2026-08-21,24,Call,185.00,-1.33%,4,4.3,4.5,919,504,1.82,27.91%,28.15%,0.447472,2026-07-28
MU,820.53,2026-07-31,3,Call,890.00,-8.47%,13,13.4,13.8,1070,589,1.82,95.59%,124.65%,0.254568,2026-07-28
AAPL,340.08,2026-08-03,6,Put,320.00,-5.90%,1.12,1.23,1.3,1273,698,1.82,29.11%,42.94%,-0.126698,2026-07-28
ACHC,32.69,2026-08-21,24,Call,40.00,-22.36%,0.2,0.5,1.1,507,280,1.81,74.17%,80.06%,0.192459,2026-07-28
MU,820.53,2026-07-29,1,Call,"1,015.00",-23.70%,0.06,0.12,0.16,533,294,1.81,95.59%,156.29%,0.005275,2026-07-28
UBER,70.74,2026-08-21,24,Put,68.00,-3.87%,2.14,2.21,2.23,635,350,1.81,45.66%,48.51%,-0.346122,2026-07-28
SKHY,130.17,2028-12-15,871,Call,150.00,-15.23%,65.9,68.5,68.9,653,360,1.81,123.43%,93.03%,0.754827,2026-07-28
MARA,11.38,2026-08-07,10,Call,11.00,+3.34%,0.93,1.01,1.08,714,395,1.81,101.42%,107.70%,0.612275,2026-07-28
IBM,227.55,2026-07-31,3,Put,215.00,-5.52%,0.51,0.55,0.59,1586,877,1.81,43.32%,51.23%,-0.106378,2026-07-28
DELL,392.1,2026-07-31,3,Put,350.00,-10.74%,2.5,2.7,3.05,1682,927,1.81,88.96%,116.12%,-0.128435,2026-07-28
IONQ,33.88,2026-07-31,3,Call,38.00,-12.16%,0.24,0.26,0.29,1718,951,1.81,104.76%,116.05%,0.150224,2026-07-28
HPQ,28.29,2026-09-18,52,Put,20.00,-29.30%,0.16,0.18,0.35,11460,6321,1.81,51.87%,68.51%,-0.070656,2026-07-28
DOCU,55.97,2026-12-18,143,Call,65.00,-16.13%,3.55,4.96,6.6,507,282,1.8,54.58%,57.15%,0.42183,2026-07-28
AMAT,476.46,2026-07-31,3,Call,525.00,-10.19%,4.2,6.65,7.1,905,504,1.8,91.93%,120.69%,0.203353,2026-07-28
SNAP,4.77,2026-08-28,31,Put,4.50,-5.66%,0.31,0.35,0.37,1030,571,1.8,86.28%,87.18%,-0.356965,2026-07-28
MU,820.53,2026-07-31,3,Put,660.00,-19.56%,2.46,2.56,2.65,1041,578,1.8,95.59%,153.29%,-0.050702,2026-07-28
FLEX,113.28,2026-08-21,24,Put,105.00,-7.31%,7,8.5,8,1151,639,1.8,99.08%,101.15%,-0.333581,2026-07-28
NFLX,72.39,2026-08-14,17,Call,76.00,-4.99%,0.9,0.92,0.94,1710,948,1.8,34.00%,35.18%,0.28066,2026-07-28
NVO,50.96,2026-07-31,3,Call,55.00,-7.93%,0.08,0.1,0.1,3824,2119,1.8,48.19%,57.96%,0.07633,2026-07-28
CLS,350.2,2026-08-07,10,Call,355.00,-1.37%,16.5,17.99,22.8,607,339,1.79,85.20%,93.78%,0.498526,2026-07-28
GS,1033.34,2026-07-31,3,Put,"1,040.00",+0.64%,17.3,17.34,22.25,693,387,1.79,35.91%,43.51%,-0.555638,2026-07-28
NVDA,197.01,2026-08-14,17,Call,212.50,-7.86%,1.78,1.98,2.1,775,432,1.79,41.99%,40.29%,0.208794,2026-07-28
SKHY,130.17,2026-07-31,3,Put,115.00,-11.65%,2.25,2.32,2.45,2487,1388,1.79,123.43%,173.44%,-0.192577,2026-07-28
CLSK,13.48,2026-07-31,3,Call,14.00,-3.86%,0.33,0.36,0.39,3737,2092,1.79,103.53%,117.19%,0.381935,2026-07-28
TSLA,307.44,2026-07-31,3,Put,290.00,-5.67%,1,1.04,1.04,5769,3219,1.79,46.54%,57.59%,-0.12508,2026-07-28
F,14.96,2026-07-31,3,Call,15.50,-3.61%,0.26,0.26,0.27,10711,6008,1.78,43.50%,88.71%,0.344095,2026-07-28
BBAI,2.76,2026-09-18,52,Call,2.00,+27.54%,0.82,0.89,0.91,1502,844,1.78,90.98%,100.50%,0.853779,2026-07-28
FIG,24.38,2026-07-31,3,Call,24.50,-0.49%,0.82,0.92,0.95,1959,1099,1.78,109.07%,106.43%,0.500177,2026-07-28
SRPT,15.43,2026-11-20,115,Call,15.00,+2.79%,2.7,2.75,3.5,507,286,1.77,82.20%,82.96%,0.625354,2026-07-28
IREN,33.93,2026-07-31,3,Call,36.00,-6.10%,1.11,1.22,1.23,1202,679,1.77,135.15%,161.23%,0.370666,2026-07-28
SPCX,116.41,2026-07-31,3,Call,126.00,-8.24%,1.85,1.95,1.95,1666,942,1.77,113.42%,122.88%,0.257098,2026-07-28
TSM,392.31,2026-12-18,143,Call,680.00,-73.33%,2.64,2.85,3.2,2049,1155,1.77,49.24%,50.50%,0.061137,2026-07-28
SPCX,116.41,2026-07-31,3,Call,120.00,-3.08%,3.3,3.3,3.4,17999,10145,1.77,113.42%,115.27%,0.406873,2026-07-28
IBM,227.55,2026-07-31,3,Call,225.00,+1.12%,5.4,5.5,5.75,4759,2711,1.76,43.32%,50.96%,0.605621,2026-07-28
XYZ,83.1,2026-12-18,143,Call,70.00,+15.76%,17.1,17.2,19.85,15003,8527,1.76,58.23%,52.12%,0.768912,2026-07-28
PEP,142.86,2026-07-31,3,Call,143.00,-0.10%,1.02,1.26,3.35,511,291,1.76,24.09%,43.67%,0.497594,2026-07-28
GOOG,332.6,2026-08-07,10,Call,342.50,-2.98%,3.5,3.6,3.8,520,296,1.76,31.21%,33.61%,0.314561,2026-07-28
AAPL,340.08,2026-08-21,24,Call,347.50,-2.18%,7.05,7.1,7.35,633,360,1.76,29.11%,29.01%,0.411407,2026-07-28
NOW,110.62,2026-07-31,3,Call,113.00,-2.15%,1.98,1.99,2.12,2065,1172,1.76,59.06%,76.25%,0.39392,2026-07-28
AS,35.99,2026-09-18,52,Call,40.00,-11.14%,1.5,1.55,1.6,2397,1365,1.76,61.19%,54.20%,0.348904,2026-07-28
SOFI,16.74,2026-08-14,17,Put,13.00,-22.34%,0,0.12,0.12,512,293,1.75,67.24%,75.24%,-0.049673,2026-07-28
COST,966.58,2026-09-04,38,Put,780.00,-19.30%,0.06,0.44,0.65,584,333,1.75,22.67%,29.96%,-0.010777,2026-07-28
COIN,167.9,2026-08-14,17,Put,90.00,-46.40%,0.15,0.17,0.25,775,444,1.75,79.55%,134.76%,-0.010877,2026-07-28
COCO,69.58,2026-10-16,80,Call,85.00,-22.16%,2.1,2.15,2.45,1001,571,1.75,50.07%,51.99%,0.252268,2026-07-28
PG,148.88,2026-08-07,10,Call,152.50,-2.43%,1.28,1.72,2.13,1082,620,1.75,26.14%,32.01%,0.335827,2026-07-28
PYPL,58.32,2026-07-31,3,Call,64.00,-9.74%,0.08,0.1,0.1,1131,647,1.75,33.23%,65.15%,0.061729,2026-07-28
MU,820.53,2026-07-31,3,Put,835.00,+1.76%,44.85,45.81,47.05,1489,853,1.75,95.59%,128.37%,-0.535882,2026-07-28
BE,166.84,2026-07-31,3,Call,180.00,-7.89%,12.9,13.2,13.75,3873,2219,1.75,161.87%,306.82%,0.447158,2026-07-28
KO,88.27,2026-07-31,3,Call,89.00,-0.83%,0.56,0.58,0.63,5365,3063,1.75,20.75%,28.41%,0.380875,2026-07-28
INTC,86.3,2027-03-19,234,Call,100.00,-15.87%,17.7,18,18.35,6216,3552,1.75,84.58%,81.11%,0.550258,2026-07-28
LBTYA,10.22,2027-10-15,444,Call,10.00,+2.15%,2.15,2.35,2.35,17735,10141,1.75,49.83%,203.09%,0.402525,2026-07-28
MU,820.53,2026-07-31,3,Call,950.00,-15.78%,4.3,4.45,4.55,5405,3102,1.74,95.59%,123.39%,0.105426,2026-07-28
PLTR,123.53,2026-07-31,3,Call,123.00,+0.43%,3.25,3.29,3.35,8568,4936,1.74,67.76%,67.50%,0.542109,2026-07-28
MSFT,393.35,2026-08-03,6,Call,425.00,-8.05%,4,4.23,4.45,608,349,1.74,44.03%,71.69%,0.214357,2026-07-28
TEM,42.9,2026-07-31,3,Call,42.00,+2.10%,2.39,2.59,2.75,634,365,1.74,80.86%,135.72%,0.593395,2026-07-28
SNDK,1096.1,2026-08-07,10,Call,"1,300.00",-18.60%,56.2,57.95,59.7,722,415,1.74,140.68%,172.88%,0.326449,2026-07-28
CIFR,20.42,2026-08-21,24,Call,21.00,-2.84%,1.92,2.3,2.83,1531,878,1.74,133.65%,124.90%,0.531931,2026-07-28
BE,166.84,2026-08-21,24,Put,120.00,-28.07%,8.2,8.6,8.85,1827,1053,1.74,161.87%,176.59%,-0.16881,2026-07-28
NBIS,169.69,2026-07-31,3,Call,180.00,-6.08%,6.45,6.51,7,2195,1259,1.74,156.02%,175.92%,0.386571,2026-07-28
AMD,454.62,2026-08-21,24,Call,530.00,-16.58%,14.2,14.52,14.85,3843,2206,1.74,81.00%,82.75%,0.272349,2026-07-28
NBIS,169.69,2026-08-14,17,Call,220.00,-29.65%,6.75,7.35,8.5,604,349,1.73,156.02%,151.08%,0.26492,2026-07-28
ASTS,56.55,2026-07-31,3,Call,57.00,-0.80%,2.01,2.08,2.21,807,467,1.73,113.43%,113.06%,0.490751,2026-07-28
MU,820.53,2026-07-31,3,Call,910.00,-10.90%,9.1,9.5,9.65,955,552,1.73,95.59%,123.74%,0.193809,2026-07-28
INTC,86.3,2026-08-07,10,Call,90.00,-4.29%,3.65,3.75,3.85,1139,660,1.73,84.58%,92.39%,0.423558,2026-07-28
MU,820.53,2026-07-31,3,Put,625.00,-23.83%,1.24,1.46,1.5,1394,807,1.73,95.59%,163.42%,-0.027867,2026-07-28
APH,143.85,2026-08-21,24,Put,130.00,-9.63%,3.6,4,4.1,1602,926,1.73,61.80%,66.11%,-0.244394,2026-07-28
NVDA,197.01,2026-08-07,10,Call,202.50,-2.79%,3.25,3.55,3.6,2772,1601,1.73,41.99%,43.19%,0.36809,2026-07-28
GOOG,332.6,2026-07-31,3,Put,310.00,-6.79%,0.21,0.25,0.26,3949,2278,1.73,31.21%,45.49%,-0.041543,2026-07-28
BABA,115.19,2027-12-17,507,Put,120.00,+4.18%,22.5,23.9,24.9,502,292,1.72,46.69%,41.20%,-0.421432,2026-07-28
CRWV,67.3,2026-08-21,24,Call,77.50,-15.16%,4.2,4.4,4.6,807,468,1.72,112.85%,115.30%,0.373921,2026-07-28
LAES,2.34,2028-01-21,542,Call,1.00,+57.26%,1.35,1.47,1.47,1115,650,1.72,103.31%,42.23%,0.978646,2026-07-28
ENPH,36.32,2026-07-31,3,Call,45.00,-23.90%,0.3,0.35,0.4,2130,1240,1.72,95.27%,188.95%,0.122273,2026-07-28
SNDK,1096.1,2026-09-18,52,Call,"2,200.00",-100.71%,20.1,22.3,24,595,347,1.71,140.68%,124.14%,0.107243,2026-07-28
GLW,126.01,2026-07-31,3,Put,175.00,+38.88%,48.5,49.92,51.1,722,421,1.71,80.76%,234.99%,-0.924491,2026-07-28
MSFT,393.35,2026-07-31,3,Put,392.50,-0.22%,13.4,13.6,13.75,811,474,1.71,44.03%,98.80%,-0.471677,2026-07-28
CRWV,67.3,2026-08-21,24,Put,37.50,-44.28%,0.17,0.27,0.41,900,525,1.71,112.85%,132.65%,-0.028986,2026-07-28
JCI,140.28,2026-08-21,24,Call,140.00,+0.20%,6.8,7.5,7.8,934,546,1.71,46.22%,49.24%,0.536232,2026-07-28
META,593.41,2026-11-20,115,Call,830.00,-39.87%,8.3,8.71,9.05,1045,612,1.71,50.88%,45.64%,0.127251,2026-07-28
JNJ,266.73,2026-07-31,3,Call,285.00,-6.85%,0.09,0.1,0.13,1172,684,1.71,26.24%,38.62%,0.030672,2026-07-28
AAPL,340.08,2026-08-07,10,Put,330.00,-2.96%,3.9,4.05,4.15,1663,972,1.71,29.11%,37.00%,-0.296362,2026-07-28
CMG,33.51,2026-07-31,3,Call,38.00,-13.40%,0.18,0.22,0.23,2704,1582,1.71,52.23%,114.65%,0.124051,2026-07-28
HPQ,28.29,2026-09-18,52,Put,21.00,-25.77%,0.21,0.24,0.28,3162,1847,1.71,51.87%,60.19%,-0.076997,2026-07-28
GRAB,3.45,2027-01-15,171,Put,2.50,-27.54%,0.08,0.1,0.15,3500,2041,1.71,59.59%,56.11%,-0.141968,2026-07-28
AVGO,380.91,2026-07-31,3,Call,395.00,-3.70%,3.5,4.4,4.65,4212,2456,1.71,53.60%,67.54%,0.288168,2026-07-28
SPCX,116.41,2026-07-31,3,Put,105.00,-9.80%,0.9,0.91,0.95,9154,5347,1.71,113.42%,112.98%,-0.144315,2026-07-28
SPCX,116.41,2026-08-07,10,Call,330.00,-183.48%,0.3,0.32,0.35,34039,20004,1.7,113.42%,274.14%,0.019377,2026-07-28
SMCI,28.45,2026-08-14,17,Put,27.00,-5.10%,1.81,2.09,2.05,535,315,1.7,100.00%,109.61%,-0.364916,2026-07-28
RKLB,63.89,2026-07-31,3,Call,60.00,+6.09%,4.9,5,5.1,604,356,1.7,104.85%,115.74%,0.743465,2026-07-28
TSLA,307.44,2026-08-03,6,Put,270.00,-12.18%,0.27,0.3,0.3,628,369,1.7,46.54%,56.06%,-0.032131,2026-07-28
AAPL,340.08,2026-08-03,6,Put,315.00,-7.37%,0.73,0.72,0.85,677,399,1.7,29.11%,44.93%,-0.085746,2026-07-28
APP,418.22,2026-08-21,24,Put,310.00,-25.88%,4.5,5,5.5,683,401,1.7,87.35%,97.77%,-0.092009,2026-07-28
BA,221.56,2026-08-07,10,Call,240.00,-8.32%,0.52,0.64,0.87,956,562,1.7,34.22%,37.91%,0.106858,2026-07-28
GME,22.16,2026-08-14,17,Call,23.00,-3.79%,0.26,0.32,0.34,1304,765,1.7,32.98%,33.13%,0.3072,2026-07-28
NFLX,72.39,2026-08-07,10,Call,78.00,-7.75%,0.27,0.3,0.29,1400,822,1.7,34.00%,37.95%,0.126925,2026-07-28
BA,221.56,2026-07-31,3,Call,227.50,-2.68%,1.31,1.65,1.57,1494,881,1.7,34.22%,45.21%,0.265895,2026-07-28
TSN,61.18,2026-08-21,24,Call,65.00,-6.24%,0.3,0.8,1,1819,1068,1.7,33.42%,31.09%,0.23618,2026-07-28
NOW,110.62,2026-08-07,10,Call,120.00,-8.48%,1.35,1.58,1.69,1848,1087,1.7,59.06%,63.04%,0.236261,2026-07-28
AA,44.36,2028-01-21,542,Call,70.00,-57.80%,6,6.7,6.9,2078,1223,1.7,54.00%,58.20%,0.406527,2026-07-28
WULF,17.09,2027-01-15,171,Call,34.00,-98.95%,1.18,1.27,1.5,3015,1772,1.7,114.63%,109.64%,0.242633,2026-07-28
FISV,54.21,2026-08-07,10,Put,48.00,-11.46%,0.4,0.6,0.95,542,320,1.69,54.60%,81.32%,-0.164062,2026-07-28
CRWD,181.8,2026-07-31,3,Put,172.50,-5.12%,1.54,1.54,1.63,832,493,1.69,63.56%,76.61%,-0.213402,2026-07-28
HOOD,92.76,2026-07-31,3,Call,98.00,-5.65%,2.82,2.89,2.97,873,517,1.69,79.79%,147.46%,0.366161,2026-07-28
QBTS,17.64,2026-08-21,24,Call,18.00,-2.04%,1.64,1.75,1.75,885,523,1.69,103.29%,102.01%,0.524547,2026-07-28
SKHY,130.17,2026-07-31,3,Call,145.00,-11.39%,2.85,2.97,3.1,1261,748,1.69,123.43%,168.60%,0.265133,2026-07-28
SMCI,28.45,2026-07-31,3,Call,29.50,-3.69%,0.62,0.69,0.72,1278,757,1.69,100.00%,106.38%,0.372765,2026-07-28
SPCX,116.41,2026-08-07,10,Put,113.00,-2.93%,9.7,9.82,9.9,631,375,1.68,113.42%,151.91%,-0.402369,2026-07-28
AVGO,380.91,2026-07-29,1,Call,402.50,-5.67%,0.2,0.29,0.33,713,424,1.68,53.60%,63.52%,0.050579,2026-07-28
LECO,267.25,2026-08-21,24,Call,280.00,-4.77%,4.6,5.3,7.3,750,447,1.68,38.63%,39.46%,0.346493,2026-07-28
KLAC,190.8,2026-08-21,24,Put,140.00,-26.62%,2.55,2.8,3.1,881,525,1.68,93.71%,106.74%,-0.101151,2026-07-28
NVDA,197.01,2026-08-03,6,Put,195.00,-1.02%,2.99,3.3,3.3,2038,1216,1.68,41.99%,41.01%,-0.409224,2026-07-28
CCL,28.23,2026-10-16,80,Put,22.00,-22.07%,0.44,0.53,0.55,2529,1508,1.68,47.15%,53.09%,-0.126577,2026-07-28
INTC,86.3,2026-07-29,1,Put,82.00,-4.98%,0.49,0.51,0.56,3099,1844,1.68,84.58%,112.42%,-0.184218,2026-07-28
SMCI,28.45,2026-07-31,3,Put,28.00,-1.58%,0.83,0.86,0.9,3223,1924,1.68,100.00%,105.69%,-0.414126,2026-07-28
GOOG,332.6,2026-09-18,52,Call,380.00,-14.25%,2.68,2.81,2.94,5779,3435,1.68,31.21%,30.82%,0.147957,2026-07-28
PLTR,123.53,2026-07-31,3,Put,125.00,+1.19%,3.65,3.75,3.75,6101,3622,1.68,67.76%,65.11%,-0.566352,2026-07-28
PLTR,123.53,2026-07-31,3,Call,126.00,-2.00%,1.9,1.93,1.94,7578,4507,1.68,67.76%,66.05%,0.383717,2026-07-28
MPLX,59.2,2027-01-15,171,Call,65.00,-9.80%,0.65,0.85,0.85,4330,2588,1.67,21.19%,17.58%,0.200189,2026-07-28
TSLA,307.44,2026-07-31,3,Call,320.00,-4.09%,1.98,2,2.02,12859,7687,1.67,46.54%,56.33%,0.225799,2026-07-28
AAPL,340.08,2027-02-19,206,Call,420.00,-23.50%,6.75,6.88,7.2,522,312,1.67,29.11%,26.88%,0.19958,2026-07-28
MRVL,174.47,2026-07-31,3,Call,202.50,-16.07%,0.78,0.84,0.9,576,345,1.67,95.58%,121.28%,0.097225,2026-07-28
FPS,32.41,2026-11-20,115,Call,30.00,+7.44%,6.5,7.81,8.2,613,368,1.67,91.45%,85.22%,0.664978,2026-07-28
OPCH,22.48,2026-08-21,24,Call,25.00,-11.21%,0.2,0.85,1.5,735,441,1.67,70.50%,75.31%,0.329461,2026-07-28
AAPL,340.08,2026-08-28,31,Put,340.00,-0.02%,10.6,10.98,11.1,757,454,1.67,29.11%,28.65%,-0.471879,2026-07-28
POET,6.76,2026-07-31,3,Call,6.50,+3.85%,0.25,0.45,0.45,1379,826,1.67,115.22%,79.76%,0.719973,2026-07-28
TSLA,307.44,2026-08-03,6,Put,290.00,-5.67%,1.54,1.73,1.61,1494,896,1.67,46.54%,47.14%,-0.157349,2026-07-28
INTC,86.3,2026-08-03,6,Call,100.00,-15.87%,0.43,0.49,0.52,2113,1264,1.67,84.58%,87.99%,0.106514,2026-07-28
GKOS,151.33,2026-08-21,24,Put,140.00,-7.49%,9.1,11.3,12,2238,1337,1.67,94.08%,105.73%,-0.333613,2026-07-28
BXP,69.96,2026-08-21,24,Call,70.00,-0.06%,1.95,2.46,2.75,689,414,1.66,32.12%,33.27%,0.512568,2026-07-28
USB,64.43,2027-01-15,171,Put,62.50,-3.00%,3.3,3.55,3.65,829,499,1.66,23.13%,25.98%,-0.387998,2026-07-28
GLOB,35.11,2026-08-21,24,Call,45.00,-28.17%,0.45,0.67,0.8,1018,614,1.66,85.55%,87.98%,0.164346,2026-07-28
SPCX,116.41,2026-08-14,17,Call,140.00,-20.26%,6,6.15,6.3,1269,765,1.66,113.42%,137.15%,0.319251,2026-07-28
FRMI,6.28,2026-07-31,3,Call,6.50,-3.50%,0.3,0.35,0.4,1274,767,1.66,151.98%,195.31%,0.458474,2026-07-28
VST,148.64,2026-09-18,52,Put,105.00,-29.36%,0.57,0.83,1.05,1730,1043,1.66,58.20%,61.41%,-0.051202,2026-07-28
NKE,43.05,2028-06-16,689,Put,35.00,-18.70%,4.85,5.05,6,2605,1567,1.66,36.79%,44.32%,-0.245056,2026-07-28
SPCX,116.41,2026-09-18,52,Call,130.00,-11.67%,12.6,12.9,12.9,6427,3877,1.66,113.42%,100.64%,0.465387,2026-07-28
AMZN,230.86,2026-07-31,3,Put,200.00,-13.37%,0.57,0.58,0.6,7335,4456,1.65,42.65%,104.99%,-0.059612,2026-07-28
AMC,2.67,2026-08-21,24,Put,2.50,-6.37%,0.21,0.21,0.22,14361,8708,1.65,111.36%,110.90%,-0.354098,2026-07-28
STX,747.3,2026-07-31,3,Put,700.00,-6.33%,26.9,30.8,31.8,642,388,1.65,108.53%,189.48%,-0.319913,2026-07-28
USAS,3.88,2027-01-15,171,Call,8.00,-106.19%,0.25,0.28,0.4,1004,607,1.65,99.64%,104.58%,0.265046,2026-07-28
AAOI,88.14,2026-07-31,3,Put,80.00,-9.24%,2,2.1,2.3,1197,727,1.65,143.47%,173.09%,-0.242677,2026-07-28
NFLX,72.39,2026-08-07,10,Call,74.00,-2.22%,1.04,1.09,1.07,3156,1917,1.65,34.00%,35.51%,0.371436,2026-07-28
JNJ,266.73,2026-07-31,3,Put,260.00,-2.52%,0.6,0.65,0.75,578,353,1.64,26.24%,30.20%,-0.170621,2026-07-28
WM,239.41,2026-08-21,24,Put,220.00,-8.11%,0.85,1.16,1.65,705,429,1.64,28.30%,30.61%,-0.128637,2026-07-28
TSLA,307.44,2026-08-21,24,Put,307.50,+0.02%,14.3,14.85,14.45,728,445,1.64,46.54%,46.69%,-0.470654,2026-07-28
TSM,392.31,2027-06-17,324,Put,450.00,+14.71%,96.05,97.11,98.6,762,464,1.64,49.24%,45.97%,-0.52863,2026-07-28
BABA,115.19,2026-08-07,10,Put,104.00,-9.71%,0.21,0.33,0.39,812,494,1.64,46.69%,44.38%,-0.076526,2026-07-28
WULF,17.09,2026-07-31,3,Put,15.50,-9.30%,0.21,0.26,0.31,894,545,1.64,114.63%,138.50%,-0.203138,2026-07-28
SPCX,116.41,2026-08-07,10,Call,325.00,-179.19%,0.3,0.35,0.4,1194,729,1.64,113.42%,273.56%,0.02075,2026-07-28
ADBE,249.18,2026-07-31,3,Call,260.00,-4.34%,1.66,1.85,1.85,1296,790,1.64,50.50%,60.29%,0.228127,2026-07-28
RKLB,63.89,2026-07-31,3,Put,62.00,-2.96%,1.72,1.78,1.79,1443,879,1.64,104.85%,114.19%,-0.365295,2026-07-28
PLTR,123.53,2026-08-07,10,Call,140.00,-13.33%,2.08,2.1,2.16,6992,4256,1.64,67.76%,88.45%,0.219166,2026-07-28
HPE,45.59,2026-12-18,143,Call,70.00,-53.54%,2.55,2.7,3.4,6015,3695,1.63,78.02%,78.68%,0.271675,2026-07-28
V,366.59,2026-08-21,24,Put,350.00,-4.53%,3.35,3.65,4.15,621,380,1.63,26.08%,27.61%,-0.237793,2026-07-28
AMD,454.62,2026-07-31,3,Call,490.00,-7.78%,4.2,4.5,4.65,843,517,1.63,81.00%,95.77%,0.207127,2026-07-28
SOFI,16.74,2026-08-07,10,Put,15.50,-7.41%,0.43,0.44,0.44,3880,2381,1.63,67.24%,87.59%,-0.271143,2026-07-28
AMD,454.62,2026-08-07,10,Put,430.00,-5.42%,16.85,18.26,18.4,678,419,1.62,81.00%,97.39%,-0.333123,2026-07-28
DIS,98.89,2026-08-14,17,Call,100.00,-1.12%,3.1,3.19,3.35,825,509,1.62,36.99%,43.76%,0.47231,2026-07-28
TSM,392.31,2027-06-17,324,Call,450.00,-14.71%,52.4,53.89,54.95,1007,622,1.62,49.24%,48.17%,0.491692,2026-07-28
GOOGL,333.71,2028-01-21,542,Put,310.00,-7.10%,34,36,37.6,1199,741,1.62,31.31%,34.68%,-0.317851,2026-07-28
BMNR,17.57,2026-09-18,52,Call,25.00,-42.29%,0.47,0.43,0.54,1675,1032,1.62,83.83%,86.94%,0.185152,2026-07-28
NVDA,197.01,2026-08-05,8,Call,205.00,-4.06%,1.95,2,2.19,2026,1250,1.62,41.99%,42.61%,0.278254,2026-07-28
SPCX,116.41,2026-07-31,3,Put,109.00,-6.37%,1.75,1.7,1.8,3182,1968,1.62,113.42%,112.02%,-0.241625,2026-07-28
NVDA,197.01,2026-07-31,3,Call,200.00,-1.52%,2.25,2.33,2.4,52637,32626,1.61,41.99%,50.23%,0.381157,2026-07-28
AAPL,340.08,2026-08-28,31,Put,315.00,-7.37%,3.05,3.15,3.25,563,350,1.61,29.11%,31.23%,-0.179992,2026-07-28
NVDA,197.01,2026-09-04,38,Call,220.00,-11.67%,3.55,3.8,3.95,660,410,1.61,41.99%,43.57%,0.244584,2026-07-28
JBLU,6,2026-07-31,3,Put,6.00,0.00%,0.16,0.19,0.21,696,431,1.61,64.66%,85.65%,-0.483271,2026-07-28
MCHP,75.71,2027-01-15,171,Call,115.00,-51.90%,3.4,3.7,4.2,852,529,1.61,72.32%,64.55%,0.236361,2026-07-28
INTC,86.3,2026-07-31,3,Put,84.00,-2.67%,2.2,2.21,2.35,1460,907,1.61,84.58%,107.41%,-0.371317,2026-07-28
FRMI,6.28,2026-08-14,17,Put,6.00,-4.46%,0.6,0.65,0.8,2022,1257,1.61,151.98%,159.18%,-0.378834,2026-07-28
BUD,83.2,2026-09-18,52,Call,87.50,-5.17%,1.95,2.01,2.1,721,450,1.6,31.86%,29.50%,0.345898,2026-07-28
FIG,24.38,2026-08-07,10,Call,27.00,-10.75%,1.24,1.52,1.6,828,516,1.6,109.07%,148.31%,0.386254,2026-07-28
GOOGL,333.71,2026-08-07,10,Call,335.00,-0.39%,6.85,7.07,7.25,1253,783,1.6,31.31%,34.13%,0.490499,2026-07-28
IBM,227.55,2026-08-07,10,Call,230.00,-1.08%,5.4,5.65,5.8,1309,818,1.6,43.32%,44.63%,0.457635,2026-07-28
SNDK,1096.1,2026-07-31,3,Put,"1,090.00",-0.56%,67.6,69,70,555,348,1.59,140.68%,182.24%,-0.453085,2026-07-28
IBM,227.55,2026-07-31,3,Put,220.00,-3.32%,1.33,1.4,1.45,604,379,1.59,43.32%,50.81%,-0.224559,2026-07-28
TSM,392.31,2027-06-17,324,Put,340.00,-13.33%,35.7,37.55,40,1049,659,1.59,49.24%,47.40%,-0.275631,2026-07-28
FCX,61.64,2026-07-31,3,Put,56.00,-9.15%,0.04,0.11,0.16,1114,701,1.59,53.19%,69.17%,-0.05881,2026-07-28
CRWV,67.3,2026-09-18,52,Put,82.50,+22.59%,20.3,20.72,21.05,1321,829,1.59,112.85%,105.87%,-0.619294,2026-07-28
FVRR,11.59,2026-08-21,24,Call,12.00,-3.54%,0.65,0.76,0.85,1331,835,1.59,75.65%,77.16%,0.474189,2026-07-28
TSLA,307.44,2026-08-07,10,Put,300.00,-2.42%,6.7,6.75,6.85,3365,2115,1.59,46.54%,50.74%,-0.365534,2026-07-28
NVDA,197.01,2026-08-14,17,Call,200.00,-1.52%,5.65,5.83,6,5732,3609,1.59,41.99%,41.56%,0.457321,2026-07-28
GOOG,332.6,2026-07-31,3,Call,330.00,+0.78%,6.2,6.27,6.5,9208,5804,1.59,31.21%,40.80%,0.594125,2026-07-28
SNDK,1096.1,2026-07-31,3,Put,900.00,-17.89%,13.1,13.29,13.7,5372,3392,1.58,140.68%,203.98%,-0.123037,2026-07-28
BA,221.56,2026-08-07,10,Call,230.00,-3.81%,2.01,2.47,2.7,987,626,1.58,34.22%,37.53%,0.283778,2026-07-28
ASTS,56.55,2026-07-31,3,Call,60.00,-6.10%,0.95,1,1.08,3042,1924,1.58,113.43%,111.21%,0.296636,2026-07-28
KMI,31.61,2026-08-07,10,Put,31.50,-0.35%,0.49,0.52,0.62,598,382,1.57,23.18%,29.21%,-0.461411,2026-07-28
ASTS,56.55,2026-07-31,3,Put,53.00,-6.28%,0.9,1.17,1.06,642,408,1.57,113.43%,118.41%,-0.254581,2026-07-28
MRVL,174.47,2026-10-16,80,Put,155.00,-11.16%,18.6,18.4,20,1118,713,1.57,95.58%,93.46%,-0.307243,2026-07-28
META,593.41,2026-07-31,3,Call,635.00,-7.01%,9.65,9.95,10.1,1156,736,1.57,50.88%,114.41%,0.274669,2026-07-28
TE,4.15,2026-08-21,24,Call,5.00,-20.48%,0.3,0.35,0.4,1808,1155,1.57,148.21%,148.84%,0.385451,2026-07-28
DT,43.9,2026-08-21,24,Put,42.50,-3.19%,2.15,2.26,2.4,2676,1701,1.57,58.69%,67.15%,-0.387581,2026-07-28
BA,221.56,2026-07-31,3,Call,225.00,-1.55%,2.05,2.4,2.43,4031,2561,1.57,34.22%,45.94%,0.363395,2026-07-28
ORCL,119.96,2026-07-31,3,Put,110.00,-8.30%,0.41,0.44,0.48,19893,12711,1.57,69.19%,78.76%,-0.105305,2026-07-28
NFLX,72.39,2026-08-07,10,Call,75.00,-3.61%,0.75,0.77,0.78,6310,4040,1.56,34.00%,35.95%,0.291534,2026-07-28
REPL,5.35,2026-08-21,24,Call,9.00,-68.22%,0.05,1.4,2.15,502,321,1.56,402.22%,362.38%,0.463088,2026-07-28
BTU,23.24,2026-07-31,3,Call,25.00,-7.57%,0.16,0.32,0.34,526,337,1.56,54.82%,98.24%,0.21972,2026-07-28
FLEX,113.28,2026-08-21,24,Call,115.00,-1.52%,9.5,10.83,14.2,546,350,1.56,99.08%,108.05%,0.536943,2026-07-28
AME,241.43,2026-08-21,24,Call,260.00,-7.69%,1.75,3.08,3.2,764,489,1.56,34.67%,33.87%,0.215641,2026-07-28
META,593.41,2026-11-20,115,Call,780.00,-31.44%,12.85,13.25,13.8,1046,670,1.56,50.88%,45.22%,0.181984,2026-07-28
V,366.59,2026-07-31,3,Call,365.00,+0.43%,7.25,7.4,8.15,1336,858,1.56,26.08%,51.63%,0.54827,2026-07-28
PG,148.88,2026-07-31,3,Put,140.00,-5.96%,0.12,0.21,0.31,1339,857,1.56,26.14%,47.58%,-0.073686,2026-07-28
ORCL,119.96,2026-07-31,3,Call,118.00,+1.63%,4.5,4.7,4.75,1352,869,1.56,69.19%,82.49%,0.602438,2026-07-28
BE,166.84,2026-07-31,3,Call,200.00,-19.88%,6.15,7.22,7.5,3803,2444,1.56,161.87%,287.33%,0.28616,2026-07-28
KO,88.27,2026-08-14,17,Call,90.00,-1.96%,0.89,1.02,1.02,503,325,1.55,20.75%,21.66%,0.351839,2026-07-28
AI,8.9,2026-07-31,3,Put,8.50,-4.49%,0.09,0.1,0.11,544,350,1.55,72.81%,80.02%,-0.250185,2026-07-28
MRVL,174.47,2027-06-17,324,Call,350.00,-100.61%,22.75,23.95,25.6,863,555,1.55,95.58%,89.83%,0.359333,2026-07-28
ABNB,153.11,2026-07-31,3,Call,150.00,+2.03%,4,4.2,4.5,868,560,1.55,43.84%,42.75%,0.711133,2026-07-28
WMT,113.1,2026-08-07,10,Call,117.00,-3.45%,0.58,0.61,0.65,868,560,1.55,30.96%,25.80%,0.225053,2026-07-28
RKT,13.98,2026-07-31,3,Put,14.00,+0.14%,0.37,0.45,0.49,1247,803,1.55,71.29%,83.39%,-0.491192,2026-07-28
SPCX,116.41,2026-07-31,3,Call,152.50,-31.00%,0.3,0.38,0.35,1297,839,1.55,113.42%,169.38%,0.046498,2026-07-28
FCEL,19.66,2026-07-31,3,Call,21.00,-6.82%,0.95,1.15,1.45,1486,956,1.55,154.90%,243.84%,0.426048,2026-07-28
CRWV,67.3,2027-01-15,171,Call,90.00,-33.73%,10.95,10.95,11.35,1829,1181,1.55,112.85%,96.13%,0.465957,2026-07-28
REPL,5.35,2026-08-21,24,Put,1.00,-81.31%,0.1,0.12,0.15,2057,1326,1.55,402.22%,512.44%,-0.026492,2026-07-28
NVDA,197.01,2026-07-31,3,Put,212.50,+7.86%,15.1,15.15,16.1,2749,1770,1.55,41.99%,47.66%,-0.959838,2026-07-28
PUMP,10.66,2026-08-21,24,Call,12.50,-17.26%,0.4,0.45,0.6,9278,6001,1.55,111.52%,101.33%,0.317812,2026-07-28
SPCX,116.41,2026-07-31,3,Call,115.00,+1.21%,5.3,5.4,5.5,14980,9699,1.54,113.42%,111.00%,0.569224,2026-07-28
V,366.59,2026-08-21,24,Call,390.00,-6.39%,2.25,2.8,3,617,401,1.54,26.08%,26.38%,0.196632,2026-07-28
MCHP,75.71,2026-10-16,80,Call,110.00,-45.29%,1.4,1.61,1.7,649,421,1.54,72.32%,65.87%,0.1466,2026-07-28
CRWV,67.3,2026-08-14,17,Call,70.00,-4.01%,5.95,6.05,6.2,667,432,1.54,112.85%,123.89%,0.497151,2026-07-28
TSLA,307.44,2026-08-05,8,Put,305.00,-0.79%,7.6,8.1,7.75,1163,756,1.54,46.54%,49.46%,-0.43868,2026-07-28
HOOD,92.76,2026-08-07,10,Call,100.00,-7.81%,3.2,3.45,3.45,1244,806,1.54,79.79%,98.54%,0.354492,2026-07-28
LLY,1220.66,2026-07-31,3,Call,"1,300.00",-6.50%,0.6,0.7,0.8,1858,1208,1.54,44.82%,39.22%,0.040387,2026-07-28
UPWK,9.81,2026-08-21,24,Call,10.00,-1.94%,0.8,0.85,0.85,2396,1553,1.54,87.15%,89.69%,0.51673,2026-07-28
VST,148.64,2026-07-31,3,Call,155.00,-4.28%,1.22,1.26,1.52,577,377,1.53,58.20%,67.49%,0.257749,2026-07-28
TMO,576.41,2026-07-31,3,Call,600.00,-4.09%,0,1.42,2.95,619,404,1.53,31.85%,40.07%,0.140358,2026-07-28
KO,88.27,2026-08-07,10,Call,88.00,+0.31%,1.46,1.54,1.69,887,579,1.53,20.75%,24.42%,0.541274,2026-07-28
FTNT,149.98,2026-07-31,3,Call,152.50,-1.68%,7.45,9.25,10,1080,704,1.53,73.72%,181.47%,0.493128,2026-07-28
MSFT,393.35,2026-08-03,6,Call,392.50,+0.22%,14.65,15.13,15.4,2548,1670,1.53,44.03%,72.24%,0.529604,2026-07-28
RKT,13.98,2026-07-31,3,Call,14.00,-0.14%,0.36,0.38,0.4,3679,2409,1.53,71.29%,76.68%,0.507374,2026-07-28
ACI,11.58,2027-01-15,171,Call,12.00,-3.63%,1.05,1.1,1.15,825,543,1.52,35.10%,42.36%,0.490048,2026-07-28
KMB,113.09,2026-10-16,80,Put,95.00,-16.00%,0.7,0.7,1.15,848,559,1.52,36.01%,31.76%,-0.10717,2026-07-28
TSLA,307.44,2026-07-31,3,Put,400.00,+30.11%,91.8,92.9,93.25,903,594,1.52,46.54%,146.20%,-0.973275,2026-07-28
JPM,357.31,2026-07-31,3,Call,357.50,-0.05%,3.25,3.57,3.55,1300,857,1.52,21.77%,26.82%,0.498707,2026-07-28
META,593.41,2026-08-21,24,Call,"1,370.00",-130.87%,0.02,0.15,0.15,1485,976,1.52,50.88%,107.40%,0.001919,2026-07-28
MU,820.53,2026-07-31,3,Put,630.00,-23.22%,1.37,1.55,1.55,1512,992,1.52,95.59%,161.18%,-0.02984,2026-07-28
IBM,227.55,2026-07-31,3,Call,240.00,-5.47%,0.72,0.72,0.76,2588,1699,1.52,43.32%,52.58%,0.137278,2026-07-28
BA,221.56,2026-07-31,3,Put,210.00,-5.22%,0.43,0.46,0.5,2990,1963,1.52,34.22%,47.21%,-0.101401,2026-07-28
UBER,70.74,2027-01-15,171,Call,77.50,-9.56%,5.35,5.65,5.75,3958,2598,1.52,45.66%,39.79%,0.447201,2026-07-28
INTC,86.3,2027-06-17,324,Put,80.00,-7.30%,17.65,19.03,20,4523,2976,1.52,84.58%,75.49%,-0.311227,2026-07-28
FIG,24.38,2026-09-18,52,Put,22.50,-7.71%,2.49,2.6,2.92,530,350,1.51,109.07%,103.24%,-0.340307,2026-07-28
COIN,167.9,2026-08-07,10,Put,135.00,-19.59%,0.57,1.22,1.14,652,432,1.51,79.55%,94.34%,-0.06934,2026-07-28
CLF,11.98,2026-10-16,80,Put,12.00,+0.17%,1.3,1.38,1.44,655,435,1.51,63.61%,62.14%,-0.439214,2026-07-28
ORCL,119.96,2026-08-07,10,Call,120.00,-0.03%,5.4,5.62,5.75,682,453,1.51,69.19%,70.30%,0.523673,2026-07-28
INTC,86.3,2028-12-15,871,Call,80.00,+7.30%,43.1,45,46.5,777,515,1.51,84.58%,84.17%,0.770895,2026-07-28
RITM,9.78,2026-12-18,143,Call,11.00,-12.47%,0.15,0.15,0.2,810,535,1.51,21.12%,25.61%,0.212833,2026-07-28
QCOM,162.88,2026-07-31,3,Put,157.50,-3.30%,4.55,4.78,5,1122,745,1.51,68.02%,123.54%,-0.360557,2026-07-28
NCLH,21.22,2026-07-31,3,Put,19.50,-8.11%,0.21,0.24,0.27,3154,2094,1.51,57.19%,113.34%,-0.190311,2026-07-28
QS,5.17,2026-07-31,3,Call,5.00,+3.29%,0.18,0.26,0.35,3180,2100,1.51,88.04%,89.93%,0.675301,2026-07-28
TSLA,307.44,2026-09-18,52,Put,500.00,+62.63%,191.55,193.29,193.85,519,345,1.5,46.54%,67.42%,-0.978574,2026-07-28
AVGO,380.91,2026-07-29,1,Put,365.00,-4.18%,0.81,0.88,1.05,611,406,1.5,53.60%,72.71%,-0.126685,2026-07-28
MO,74.82,2026-07-31,3,Call,80.00,-6.92%,0.1,0.18,0.32,753,503,1.5,29.58%,59.20%,0.110592,2026-07-28
AMD,454.62,2026-07-31,3,Call,510.00,-12.18%,1.81,1.85,1.95,1477,982,1.5,81.00%,96.58%,0.102797,2026-07-28
SKHY,130.17,2026-07-31,3,Put,125.00,-3.97%,5.3,5.5,5.6,2057,1374,1.5,123.43%,168.74%,-0.365755,2026-07-28
AMC,2.67,2026-09-18,52,Put,2.50,-6.37%,0.31,0.33,0.34,4038,2713,1.49,111.36%,104.75%,-0.356899,2026-07-28
MSFT,393.35,2026-08-21,24,Call,435.00,-10.59%,5.7,5.95,5.95,5490,3695,1.49,44.03%,47.20%,0.224532,2026-07-28
NFLX,72.39,2026-07-31,3,Call,76.00,-4.99%,0.16,0.16,0.17,13157,8838,1.49,34.00%,44.25%,0.117877,2026-07-28
META,593.41,2026-07-31,3,Put,410.00,-30.91%,0.08,0.1,0.12,580,388,1.49,50.88%,156.48%,-0.0037,2026-07-28
AMD,454.62,2026-07-29,1,Put,390.00,-14.21%,0.02,0.11,0.2,613,411,1.49,81.00%,128.52%,-0.010342,2026-07-28
TSLA,307.44,2026-08-03,6,Call,327.50,-6.52%,1.54,1.45,1.6,639,429,1.49,46.54%,47.97%,0.161726,2026-07-28
SKHY,130.17,2026-07-31,3,Call,152.50,-17.15%,1.55,1.56,1.75,962,646,1.49,123.43%,167.65%,0.167565,2026-07-28
IREN,33.93,2026-07-31,3,Put,32.50,-4.21%,1.27,1.35,1.41,1036,697,1.49,135.15%,164.74%,-0.357656,2026-07-28
TSLA,307.44,2026-07-31,3,Call,337.50,-9.78%,0.34,0.35,0.36,1693,1136,1.49,46.54%,61.32%,0.049998,2026-07-28
VITL,13.82,2026-08-21,24,Call,17.50,-26.63%,0.2,0.3,0.3,871,590,1.48,88.67%,85.62%,0.169855,2026-07-28
DOW,28.85,2026-08-07,10,Call,31.00,-7.45%,0.19,0.25,0.27,903,610,1.48,43.58%,47.64%,0.190379,2026-07-28
CRM,181.5,2026-07-31,3,Call,182.50,-0.55%,3.05,3.24,3.45,951,644,1.48,47.46%,56.38%,0.469011,2026-07-28
XOM,153.04,2026-07-31,3,Put,152.50,-0.35%,2.27,2.27,2.46,1388,938,1.48,32.25%,47.64%,-0.458109,2026-07-28
ASTS,56.55,2026-07-31,3,Call,55.00,+2.74%,3,3.2,3.3,1392,938,1.48,113.43%,113.19%,0.627444,2026-07-28
NBIS,169.69,2026-07-31,3,Call,210.00,-23.76%,0.95,1.2,1.3,2133,1439,1.48,156.02%,170.56%,0.096946,2026-07-28
NVDA,197.01,2026-08-07,10,Put,182.50,-7.37%,1.13,1.31,1.46,3135,2125,1.48,41.99%,47.68%,-0.15413,2026-07-28
NVDA,197.01,2026-08-14,17,Call,205.00,-4.06%,3.75,3.95,4.15,4002,2698,1.48,41.99%,41.36%,0.350192,2026-07-28
SPCX,116.41,2026-07-31,3,Call,121.00,-3.94%,3,3.09,3.1,4994,3408,1.47,113.42%,116.56%,0.378146,2026-07-28
INTC,86.3,2026-07-31,3,Put,85.00,-1.51%,2.6,2.6,2.78,7113,4855,1.47,84.58%,106.84%,-0.417859,2026-07-28
JBLU,6,2026-08-21,24,Put,6.00,0.00%,0.33,0.38,0.47,609,415,1.47,64.66%,66.33%,-0.461818,2026-07-28
PCG,17.78,2026-07-31,3,Put,18.00,+1.24%,0.19,0.27,0.5,1038,707,1.47,35.20%,33.98%,-0.647703,2026-07-28
INTC,86.3,2026-07-31,3,Call,93.00,-7.76%,1,1.12,1.12,1344,914,1.47,84.58%,105.18%,0.231499,2026-07-28
WMT,113.1,2026-07-31,3,Call,118.00,-4.33%,0.09,0.1,0.1,2310,1571,1.47,30.96%,31.00%,0.068527,2026-07-28
WULF,17.09,2026-07-31,3,Call,19.00,-11.18%,0.16,0.18,0.21,3073,2089,1.47,114.63%,124.31%,0.185054,2026-07-28
T,24.66,2026-08-07,10,Call,25.50,-3.41%,0.16,0.16,0.2,723,496,1.46,26.55%,29.67%,0.253929,2026-07-28
BE,166.84,2026-08-21,24,Put,90.00,-46.06%,1.9,2.4,2.7,1080,742,1.46,161.87%,179.84%,-0.057763,2026-07-28
SBUX,103.1,2026-07-31,3,Call,105.00,-1.84%,2.2,2.35,2.51,1181,811,1.46,39.42%,85.38%,0.422258,2026-07-28
QBTS,17.64,2026-07-31,3,Call,18.00,-2.04%,0.53,0.54,0.57,1649,1127,1.46,103.29%,111.10%,0.44034,2026-07-28
APLD,26.62,2026-07-31,3,Call,29.00,-8.94%,0.41,0.51,0.55,1709,1168,1.46,107.93%,134.04%,0.260575,2026-07-28
MSFT,393.35,2026-07-31,3,Call,395.00,-0.42%,13.35,13.52,13.65,5358,3661,1.46,44.03%,100.13%,0.500649,2026-07-28
SNDK,1096.1,2026-07-31,3,Put,"1,000.00",-8.77%,33.4,34.55,35,5760,3936,1.46,140.68%,191.44%,-0.268599,2026-07-28
SPCX,116.41,2026-07-31,3,Put,113.00,-2.93%,3.1,3.15,3.2,4487,3103,1.45,113.42%,112.64%,-0.365147,2026-07-28
AAL,15.36,2026-08-21,24,Call,17.00,-10.68%,0.21,0.25,0.25,12721,8782,1.45,50.19%,47.95%,0.223817,2026-07-28
SLS,10.09,2026-09-18,52,Put,10.00,-0.89%,3.2,3.6,4,648,447,1.45,218.45%,252.21%,-0.312325,2026-07-28
BKNG,199.31,2026-08-21,24,Put,180.00,-9.69%,2.35,2.81,3.1,723,498,1.45,46.88%,48.94%,-0.187224,2026-07-28
AMD,454.62,2026-08-07,10,Call,500.00,-9.98%,12.75,13.15,13.55,1052,728,1.45,81.00%,96.93%,0.306173,2026-07-28
AGNC,11.07,2026-08-14,17,Call,11.00,+0.63%,0.06,0.2,0.24,1096,756,1.45,24.54%,11.94%,0.598276,2026-07-28
TSLA,307.44,2026-08-14,17,Call,335.00,-8.96%,4.05,4,4.15,1201,827,1.45,46.54%,48.99%,0.228651,2026-07-28
BE,166.84,2026-10-16,80,Call,200.00,-19.88%,30.05,32,34,1384,955,1.45,161.87%,137.83%,0.521624,2026-07-28
GOOG,332.6,2026-07-31,3,Put,325.00,-2.29%,1.81,1.9,1.96,1955,1347,1.45,31.21%,40.16%,-0.254674,2026-07-28
SPCX,116.41,2026-07-31,3,Put,114.00,-2.07%,3.5,3.51,3.7,2751,1895,1.45,113.42%,113.36%,-0.398422,2026-07-28
SBUX,103.1,2026-07-31,3,Call,103.00,+0.10%,3.1,3.25,3.55,543,377,1.44,39.42%,87.77%,0.521142,2026-07-28
CRM,181.5,2026-07-31,3,Call,195.00,-7.44%,0.37,0.4,0.4,657,456,1.44,47.46%,57.60%,0.089538,2026-07-28
MU,820.53,2026-09-18,52,Call,810.00,+1.28%,118.2,119,121.15,696,484,1.44,95.59%,92.08%,0.589279,2026-07-28
GLW,126.01,2026-08-21,24,Put,115.00,-8.74%,5.5,5.95,6,741,513,1.44,80.76%,84.72%,-0.295612,2026-07-28
SPCX,116.41,2026-08-07,10,Call,142.00,-21.98%,4.4,4.73,4.6,1091,756,1.44,113.42%,160.51%,0.270442,2026-07-28
CLSK,13.48,2026-07-31,3,Call,13.00,+3.56%,0.79,0.87,0.91,1120,778,1.44,103.53%,120.38%,0.651574,2026-07-28
ARCC,19.04,2026-08-21,24,Put,19.00,-0.21%,0.35,0.43,0.45,2054,1426,1.44,22.57%,19.74%,-0.501126,2026-07-28
NFLX,72.39,2026-07-31,3,Call,72.00,+0.54%,1.25,1.27,1.3,9425,6555,1.44,34.00%,40.47%,0.56896,2026-07-28
AMZN,230.86,2026-10-16,80,Put,205.00,-11.20%,5.15,5.2,5.35,5180,3613,1.43,42.65%,37.48%,-0.210489,2026-07-28
NFLX,72.39,2026-07-31,3,Call,75.00,-3.61%,0.28,0.28,0.29,26863,18764,1.43,34.00%,42.84%,0.188056,2026-07-28
VRT,269.56,2026-08-21,24,Put,180.00,-33.22%,0.5,0.65,1.24,500,349,1.43,78.45%,91.45%,-0.032264,2026-07-28
AMD,454.62,2026-08-07,10,Put,440.00,-3.22%,21.5,21.5,22.95,811,568,1.43,81.00%,98.74%,-0.387126,2026-07-28
CTSH,50.31,2026-08-21,24,Call,50.00,+0.62%,3.2,4.8,3.5,1187,832,1.43,58.22%,62.08%,0.547908,2026-07-28
BE,166.84,2026-10-16,80,Call,195.00,-16.88%,31.3,29.26,35.5,1216,849,1.43,161.87%,137.72%,0.537068,2026-07-28
SMCI,28.45,2026-07-31,3,Call,28.50,-0.18%,1.04,1.11,1.1,1701,1191,1.43,100.00%,105.96%,0.513104,2026-07-28
AAPL,340.08,2026-08-21,24,Call,337.50,+0.76%,11.75,12.3,12.5,597,419,1.42,29.11%,30.01%,0.565712,2026-07-28
AMKR,45.69,2026-12-18,143,Put,55.00,+20.38%,16,16.03,16.7,643,452,1.42,95.85%,93.28%,-0.505386,2026-07-28
GOOGL,333.71,2026-07-31,3,Put,317.50,-4.86%,0.53,0.61,0.64,665,468,1.42,31.31%,42.75%,-0.094974,2026-07-28
F,14.96,2026-08-07,10,Put,15.00,+0.27%,0.55,0.54,0.61,754,532,1.42,43.50%,56.61%,-0.492555,2026-07-28
SPCX,116.41,2026-07-31,3,Call,227.50,-95.43%,0.05,0.1,0.15,1226,864,1.42,113.42%,300.32%,0.010086,2026-07-28
NEM,91.52,2026-09-18,52,Put,87.50,-4.39%,3.65,3.78,3.85,1434,1010,1.42,43.19%,42.02%,-0.350975,2026-07-28
JPM,357.31,2026-07-31,3,Put,350.00,-2.05%,1,1.04,1.1,2102,1476,1.42,21.77%,28.10%,-0.203253,2026-07-28
AAL,15.36,2026-07-31,3,Put,15.00,-2.34%,0.17,0.19,0.2,2183,1537,1.42,50.19%,61.05%,-0.323567,2026-07-28
CRM,181.5,2026-07-31,3,Call,185.00,-1.93%,2.22,2.29,2.36,2888,2033,1.42,47.46%,56.90%,0.366791,2026-07-28
TSLA,307.44,2026-07-31,3,Call,315.00,-2.46%,3.2,3.2,3.3,8534,6004,1.42,46.54%,55.91%,0.327026,2026-07-28
ORCL,119.96,2026-07-31,3,Call,125.00,-4.20%,1.62,1.62,1.7,12159,8542,1.42,69.19%,82.02%,0.303512,2026-07-28
FISV,54.21,2026-09-18,52,Call,65.00,-19.90%,0.95,0.95,1,5427,3842,1.41,54.60%,48.65%,0.192707,2026-07-28
ARM,244.74,2026-07-31,3,Call,280.00,-14.41%,4.6,4.8,5.05,506,358,1.41,99.82%,178.58%,0.227037,2026-07-28
MOS,23.08,2026-08-07,10,Call,25.00,-8.32%,0.25,0.3,0.35,574,407,1.41,50.54%,61.40%,0.230723,2026-07-28
VKTX,33.86,2026-07-31,3,Call,35.00,-3.37%,0.89,1.11,1.34,628,446,1.41,80.01%,130.00%,0.413107,2026-07-28
JBLU,6,2026-08-14,17,Put,5.50,-8.33%,0.14,0.16,0.18,735,523,1.41,64.66%,72.55%,-0.259949,2026-07-28
ACN,164.66,2026-08-21,24,Call,170.00,-3.24%,5.9,5.4,7.1,821,583,1.41,50.47%,52.28%,0.430776,2026-07-28
TER,320.65,2026-07-31,3,Put,300.00,-6.44%,12.5,14.45,16.2,967,688,1.41,109.84%,207.65%,-0.32668,2026-07-28
META,593.41,2026-10-16,80,Call,810.00,-36.50%,4.4,4.6,4.9,1405,994,1.41,50.88%,44.58%,0.088215,2026-07-28
FSLR,202.59,2027-03-19,234,Call,410.00,-102.38%,5.3,7,8.7,1503,1068,1.41,81.74%,66.28%,0.155077,2026-07-28
BABA,115.19,2026-08-07,10,Call,120.00,-4.18%,1.66,1.69,1.75,2348,1669,1.41,46.69%,46.54%,0.31102,2026-07-28
BE,166.84,2026-07-31,3,Put,120.00,-28.07%,2.15,2.32,2.5,2532,1799,1.41,161.87%,309.44%,-0.094082,2026-07-28
RKLB,63.89,2026-07-31,3,Put,60.00,-6.09%,1.03,1.13,1.17,2886,2048,1.41,104.85%,116.14%,-0.25725,2026-07-28
AAPL,340.08,2026-08-28,31,Put,325.00,-4.43%,5.1,5.27,5.6,535,383,1.4,29.11%,30.10%,-0.277896,2026-07-28
MU,820.53,2027-01-15,171,Put,680.00,-17.13%,106.85,109,112.55,574,409,1.4,95.59%,87.57%,-0.262408,2026-07-28
TSM,392.31,2026-07-31,3,Call,390.00,+0.59%,10.3,11.45,11.05,604,431,1.4,49.24%,66.65%,0.552417,2026-07-28
BLSH,22.69,2026-07-31,3,Call,22.00,+3.04%,0.52,1.3,1.36,757,540,1.4,84.85%,64.25%,0.713788,2026-07-28
SPCX,116.41,2026-07-31,3,Call,131.00,-12.53%,1.2,1.21,1.25,1302,927,1.4,113.42%,130.46%,0.174424,2026-07-28
SNDK,1096.1,2026-07-31,3,Call,"1,700.00",-55.10%,0.35,0.38,0.4,1442,1031,1.4,140.68%,188.23%,0.006494,2026-07-28
AAPL,340.08,2026-07-29,1,Call,335.00,+1.49%,5.55,5.85,6.2,3468,2476,1.4,29.11%,36.10%,0.791291,2026-07-28
WMT,113.1,2026-07-31,3,Call,115.00,-1.68%,0.47,0.5,0.51,6000,4297,1.4,30.96%,29.14%,0.271251,2026-07-28
PLTR,123.53,2026-07-31,3,Call,135.00,-9.29%,0.24,0.25,0.25,9805,7014,1.4,67.76%,66.47%,0.075173,2026-07-28
TSLA,307.44,2026-07-31,3,Put,285.00,-7.30%,0.58,0.58,0.59,4660,3344,1.39,46.54%,59.82%,-0.076378,2026-07-28
MU,820.53,2026-08-07,10,Put,820.00,-0.06%,58.5,59.22,59.9,500,361,1.39,95.59%,110.64%,-0.460429,2026-07-28
RXRX,3.05,2026-08-28,31,Call,1.00,+67.21%,1.37,2.03,4.1,606,435,1.39,90.05%,897.32%,0.958649,2026-07-28
QCOM,162.88,2026-07-31,3,Put,152.50,-6.37%,2.99,3.07,3.15,698,502,1.39,68.02%,124.41%,-0.260657,2026-07-28
VZ,48.19,2026-08-14,17,Call,50.00,-3.76%,0.26,0.38,0.41,802,577,1.39,25.70%,23.69%,0.237533,2026-07-28
APLD,26.62,2026-07-31,3,Call,28.50,-7.06%,0.56,0.65,0.67,1018,733,1.39,107.93%,135.53%,0.311491,2026-07-28
INTC,86.3,2026-07-31,3,Call,94.00,-8.92%,0.82,0.88,0.93,1613,1158,1.39,84.58%,105.32%,0.199101,2026-07-28
CLSK,13.48,2026-07-31,3,Put,12.50,-7.27%,0.18,0.21,0.25,2364,1705,1.39,103.53%,123.29%,-0.231582,2026-07-28
NVDA,197.01,2026-08-28,31,Call,195.00,+1.02%,11.8,12,12.25,2758,1991,1.39,41.99%,47.11%,0.564565,2026-07-28
MRVL,174.47,2026-07-31,3,Call,200.00,-14.63%,0.96,1,1.1,2824,2037,1.39,95.58%,120.28%,0.115984,2026-07-28
NVDA,197.01,2026-08-21,24,Call,207.50,-5.32%,4,4.3,4.35,3754,2696,1.39,41.99%,39.94%,0.331567,2026-07-28
GLW,126.01,2026-11-20,115,Put,95.00,-24.61%,7.6,8.05,8.25,530,385,1.38,80.76%,82.16%,-0.194354,2026-07-28
AMAT,476.46,2027-01-15,171,Put,90.00,-81.11%,0.15,0.62,1.13,815,592,1.38,91.93%,109.79%,-0.004478,2026-07-28
SLS,10.09,2026-07-31,3,Call,10.00,+0.89%,0.3,0.7,0.75,938,681,1.38,218.45%,131.42%,0.554598,2026-07-28
SMCI,28.45,2026-07-31,3,Put,27.50,-3.34%,0.62,0.69,0.7,1976,1428,1.38,100.00%,105.95%,-0.342988,2026-07-28
UBER,70.74,2026-07-31,3,Call,72.00,-1.78%,0.56,0.6,0.63,2361,1710,1.38,45.66%,42.85%,0.334512,2026-07-28
CORZ,20.75,2026-08-21,24,Call,23.00,-10.84%,0.87,1.01,1.11,2595,1874,1.38,88.13%,84.81%,0.361345,2026-07-28
APLD,26.62,2026-07-31,3,Put,25.00,-6.09%,0.54,0.64,0.69,2955,2145,1.38,107.93%,135.72%,-0.282985,2026-07-28
MARA,11.38,2026-07-31,3,Put,10.50,-7.73%,0.12,0.18,0.19,4353,3159,1.38,101.42%,119.03%,-0.211173,2026-07-28
FE,49.65,2026-08-21,24,Call,50.00,-0.70%,0.55,0.85,0.9,500,365,1.37,20.90%,17.49%,0.445506,2026-07-28
SNDK,1096.1,2026-08-07,10,Call,"2,200.00",-100.71%,0.65,1.16,1.6,531,387,1.37,140.68%,173.48%,0.011341,2026-07-28
NFLX,72.39,2026-08-28,31,Put,73.00,+0.84%,3,2.93,3.1,635,465,1.37,34.00%,33.64%,-0.5053,2026-07-28
MRVL,174.47,2026-07-31,3,Put,172.50,-1.13%,6.3,6.57,6.8,738,538,1.37,95.58%,119.84%,-0.43602,2026-07-28
AAOI,88.14,2026-07-31,3,Put,75.00,-14.91%,1,1.05,1.2,1060,775,1.37,143.47%,178.76%,-0.140309,2026-07-28
MU,820.53,2026-07-31,3,Put,770.00,-6.16%,17.9,18.21,18.55,1091,797,1.37,95.59%,133.57%,-0.278387,2026-07-28
MU,820.53,2026-07-29,1,Call,940.00,-14.56%,0.8,0.89,0.94,1104,806,1.37,95.59%,142.01%,0.036719,2026-07-28
TSLA,307.44,2026-08-03,6,Call,325.00,-5.71%,1.9,1.92,1.96,1122,817,1.37,46.54%,47.55%,0.191911,2026-07-28
META,593.41,2026-10-16,80,Call,765.00,-28.92%,7.45,7.73,8.1,1469,1071,1.37,50.88%,44.01%,0.136856,2026-07-28
INTC,86.3,2026-07-31,3,Call,91.00,-5.45%,1.47,1.59,1.61,1826,1330,1.37,84.58%,105.37%,0.306818,2026-07-28
WULF,17.09,2026-07-31,3,Put,16.00,-6.38%,0.33,0.4,0.44,1922,1407,1.37,114.63%,135.38%,-0.278194,2026-07-28
GOOGL,333.71,2026-07-31,3,Put,327.50,-1.86%,2.3,2.35,2.58,2075,1514,1.37,31.31%,41.53%,-0.300061,2026-07-28
HPQ,28.29,2026-09-18,52,Put,19.00,-32.84%,0,0.17,0.17,3349,2440,1.37,51.87%,60.26%,-0.031182,2026-07-28
BE,166.84,2026-07-31,3,Put,115.00,-31.07%,1.48,1.77,2,3610,2644,1.37,161.87%,313.41%,-0.073153,2026-07-28
KEEL,3.73,2026-09-18,52,Call,4.00,-7.24%,0.53,0.59,0.8,514,379,1.36,123.96%,135.99%,0.553044,2026-07-28
AAL,15.36,2026-08-28,31,Put,13.00,-15.36%,0.15,0.16,0.23,528,389,1.36,50.19%,56.88%,-0.136597,2026-07-28
CRWD,181.8,2026-09-18,52,Call,195.00,-7.26%,12.9,13.5,13.35,649,478,1.36,63.56%,65.87%,0.445748,2026-07-28
BA,221.56,2026-08-07,10,Call,235.00,-6.07%,1.06,1.42,1.53,682,502,1.36,34.22%,37.47%,0.178961,2026-07-28
NVDA,197.01,2026-08-05,8,Call,202.50,-2.79%,2.54,2.81,2.98,713,523,1.36,41.99%,42.29%,0.345689,2026-07-28
MRVL,174.47,2027-03-19,234,Call,190.00,-8.90%,43.45,46,46.3,755,555,1.36,95.58%,89.19%,0.606744,2026-07-28
AMAT,476.46,2027-01-15,171,Put,105.00,-77.96%,0.02,0.76,1.56,801,590,1.36,91.93%,102.82%,-0.005825,2026-07-28
INTC,86.3,2026-07-29,1,Put,89.00,+3.13%,3.4,3.22,3.85,1143,838,1.36,84.58%,109.07%,-0.695018,2026-07-28
CNC,63.91,2026-07-31,3,Call,65.00,-1.71%,0.86,1.17,1.42,2086,1537,1.36,46.07%,69.49%,0.40817,2026-07-28
NFLX,72.39,2026-08-07,10,Call,72.00,+0.54%,1.89,1.94,1.97,2445,1803,1.36,34.00%,35.46%,0.555019,2026-07-28
GLW,126.01,2026-07-31,3,Put,100.00,-20.64%,0.06,0.11,0.16,2527,1854,1.36,80.76%,127.58%,-0.019774,2026-07-28
BMNR,17.57,2026-07-31,3,Put,17.00,-3.24%,0.34,0.37,0.37,3177,2333,1.36,83.83%,95.85%,-0.335113,2026-07-28
AMZN,230.86,2026-07-31,3,Call,230.00,+0.37%,8.4,8.5,8.65,5402,3983,1.36,42.65%,96.67%,0.535783,2026-07-28
NVDA,197.01,2026-07-31,3,Call,197.50,-0.25%,3.25,3.35,3.5,25436,18678,1.36,41.99%,50.34%,0.489611,2026-07-28
INTC,86.3,2026-07-31,3,Call,99.00,-14.72%,0.32,0.36,0.37,4166,3090,1.35,84.58%,109.04%,0.090612,2026-07-28
IREN,33.93,2026-08-07,10,Put,31.50,-7.16%,1.46,2.19,2.39,4438,3279,1.35,135.15%,139.07%,-0.32938,2026-07-28
NOK,8.93,2026-07-31,3,Call,9.00,-0.78%,0.23,0.24,0.24,8232,6100,1.35,69.56%,82.63%,0.474281,2026-07-28
PATH,12.19,2026-07-31,3,Call,13.00,-6.64%,0.08,0.1,0.11,8677,6412,1.35,73.59%,80.15%,0.199032,2026-07-28
AAPL,340.08,2026-07-31,3,Call,340.00,+0.02%,6.5,6.65,6.7,13817,10271,1.35,29.11%,52.98%,0.51378,2026-07-28
XYZ,83.1,2026-08-21,24,Put,72.50,-12.76%,1.35,1.45,1.5,541,400,1.35,58.23%,64.28%,-0.177925,2026-07-28
RCAT,7.45,2026-07-31,3,Call,7.50,-0.67%,0.26,0.28,0.37,557,412,1.35,114.12%,125.24%,0.500189,2026-07-28
ASTS,56.55,2026-08-07,10,Call,65.00,-14.94%,1.24,1.32,1.54,699,516,1.35,113.43%,108.98%,0.249386,2026-07-28
NVDA,197.01,2026-09-04,38,Call,200.00,-1.52%,10.25,10.55,10.65,910,674,1.35,41.99%,45.44%,0.497067,2026-07-28
CSX,50.84,2026-08-07,10,Call,50.00,+1.65%,1.5,1.55,1.7,1013,752,1.35,26.31%,33.32%,0.633758,2026-07-28
RIOT,21.24,2026-07-31,3,Call,22.00,-3.58%,0.56,0.65,0.74,1254,930,1.35,108.72%,125.56%,0.401546,2026-07-28
XOM,153.04,2026-07-31,3,Put,150.00,-1.99%,1.35,1.35,1.47,1789,1322,1.35,32.25%,48.59%,-0.315854,2026-07-28
NOW,110.62,2026-07-31,3,Call,108.00,+2.37%,4.5,4.44,4.75,1818,1350,1.35,59.06%,78.98%,0.646082,2026-07-28
TAP,42.51,2026-08-21,24,Call,47.50,-11.74%,0.2,0.25,0.3,518,388,1.34,36.76%,36.96%,0.129133,2026-07-28
BKNG,199.31,2026-07-31,3,Call,187.50,+5.93%,10.4,12.55,16.1,519,388,1.34,46.88%,76.76%,0.820101,2026-07-28
NOW,110.62,2026-07-31,3,Call,119.00,-7.58%,0.6,0.61,0.65,592,443,1.34,59.06%,77.39%,0.158278,2026-07-28
T,24.66,2026-08-07,10,Put,23.00,-6.73%,0.04,0.11,0.08,663,495,1.34,26.55%,32.60%,-0.094202,2026-07-28
SOFI,16.74,2026-08-21,24,Call,21.50,-28.43%,0.13,0.14,0.14,716,533,1.34,67.24%,70.70%,0.100871,2026-07-28
AAPL,340.08,2026-11-20,115,Call,375.00,-10.27%,9.6,9.85,10.15,1247,932,1.34,29.11%,27.58%,0.31455,2026-07-28
BE,166.84,2026-08-07,10,Call,180.00,-7.89%,17.1,19.5,20.3,1371,1025,1.34,161.87%,216.62%,0.488137,2026-07-28
MSFT,393.35,2026-07-31,3,Put,400.00,+1.69%,17.4,17.77,18,1547,1155,1.34,44.03%,98.84%,-0.555791,2026-07-28
META,593.41,2026-10-16,80,Call,775.00,-30.60%,6.65,7.25,7.25,1589,1183,1.34,50.88%,44.16%,0.124441,2026-07-28
TSLA,307.44,2026-08-03,6,Call,330.00,-7.34%,1.25,1.25,1.3,1630,1214,1.34,46.54%,48.42%,0.135643,2026-07-28
ENPH,36.32,2028-01-21,542,Put,30.00,-17.40%,8.4,9.1,11.15,3162,2361,1.34,95.27%,88.88%,-0.226627,2026-07-28
SPCX,116.41,2026-08-07,10,Put,105.00,-9.80%,6.1,6.15,6.2,3584,2684,1.34,113.42%,150.44%,-0.293819,2026-07-28
CSGP,30.33,2026-09-18,52,Call,40.00,-31.88%,0.45,0.75,0.8,693,520,1.33,77.16%,66.76%,0.170708,2026-07-28
RKLB,63.89,2026-07-31,3,Call,66.00,-3.30%,1.59,1.69,1.78,755,566,1.33,104.85%,110.66%,0.393272,2026-07-28
TSLA,307.44,2026-08-03,6,Call,340.00,-10.59%,0.54,0.55,0.58,821,617,1.33,46.54%,50.65%,0.065713,2026-07-28
TSLA,307.44,2026-08-03,6,Call,332.50,-8.15%,1.01,0.98,1.05,878,658,1.33,46.54%,48.84%,0.11304,2026-07-28
ORCL,119.96,2026-07-31,3,Put,114.00,-4.97%,1.13,1.15,1.19,940,706,1.33,69.19%,78.73%,-0.226079,2026-07-28
KKR,102.66,2026-08-21,24,Call,115.00,-12.02%,0.55,0.82,1,1207,909,1.33,41.17%,39.90%,0.149133,2026-07-28
AMD,454.62,2026-08-07,10,Call,580.00,-27.58%,2.29,2.4,2.54,1460,1100,1.33,81.00%,97.58%,0.07765,2026-07-28
LCID,7.9,2026-09-18,52,Call,10.00,-26.58%,0.63,0.65,0.86,1535,1157,1.33,147.12%,117.53%,0.382961,2026-07-28
META,593.41,2026-10-16,80,Call,825.00,-39.03%,3.7,3.97,4.15,1581,1186,1.33,50.88%,44.79%,0.076091,2026-07-28
CLSK,13.48,2026-07-31,3,Call,13.50,-0.15%,0.53,0.59,0.59,1874,1411,1.33,103.53%,116.48%,0.516584,2026-07-28
UBER,70.74,2026-07-31,3,Call,74.00,-4.61%,0.17,0.2,0.2,1890,1425,1.33,45.66%,43.67%,0.133345,2026-07-28
MSFT,393.35,2026-08-03,6,Call,390.00,+0.85%,16.25,16.58,16.7,2019,1516,1.33,44.03%,73.16%,0.556708,2026-07-28
PTON,6.55,2026-07-31,3,Call,6.50,+0.76%,0.16,0.17,0.18,2827,2125,1.33,75.55%,60.41%,0.568582,2026-07-28
QBTS,17.64,2026-07-31,3,Call,20.00,-13.38%,0.12,0.13,0.13,3252,2447,1.33,103.29%,119.79%,0.135262,2026-07-28
WULF,17.09,2026-08-07,10,Put,17.00,-0.53%,1.32,1.43,1.64,5826,4377,1.33,114.63%,132.60%,-0.452767,2026-07-28
MSFT,393.35,2026-07-31,3,Call,410.00,-4.23%,7.55,7.65,7.75,7281,5489,1.33,44.03%,99.49%,0.340102,2026-07-28
WULF,17.09,2026-08-21,24,Put,14.00,-18.08%,0.68,0.74,0.8,15538,11690,1.33,114.63%,117.10%,-0.215773,2026-07-28
ARRY,5.1,2027-01-15,171,Put,4.00,-21.57%,0.65,0.67,0.7,4059,3067,1.32,108.06%,96.69%,-0.235953,2026-07-28
RUN,9.63,2026-11-20,115,Call,13.00,-34.99%,0.75,1.03,1.07,10066,7603,1.32,98.82%,86.66%,0.363628,2026-07-28
AMD,454.62,2026-07-31,3,Put,455.00,+0.08%,15.85,16.35,16.8,954,721,1.32,81.00%,98.50%,-0.48484,2026-07-28
GME,22.16,2027-09-17,416,Call,40.00,-80.51%,1.03,1.18,1.35,1094,831,1.32,32.98%,54.56%,0.208051,2026-07-28
META,593.41,2026-07-31,3,Put,540.00,-9.00%,5.9,5.95,6.2,1210,917,1.32,50.88%,116.50%,-0.171508,2026-07-28
MU,820.53,2026-07-29,1,Call,980.00,-19.43%,0.24,0.27,0.35,1370,1038,1.32,95.59%,150.39%,0.013369,2026-07-28
BNTX,92.45,2026-08-21,24,Call,110.00,-18.98%,0,0.5,1.65,1404,1064,1.32,47.12%,57.95%,0.128057,2026-07-28
GOOGL,333.71,2026-08-07,10,Call,340.00,-1.88%,4.7,4.8,5.1,1902,1437,1.32,31.31%,33.80%,0.386124,2026-07-28
NVO,50.96,2026-07-31,3,Call,53.00,-4.00%,0.27,0.29,0.31,2228,1688,1.32,48.19%,53.09%,0.21289,2026-07-28
MSTR,96.16,2026-07-31,3,Put,98.00,+1.91%,4.35,4.65,4.65,537,410,1.31,79.49%,100.26%,-0.56378,2026-07-28
ON,84.39,2027-01-15,171,Call,105.00,-24.42%,10.1,11.6,11.9,537,410,1.31,88.69%,74.92%,0.44646,2026-07-28
HUMA,0.6307,2027-01-15,171,Put,0.5000,-20.72%,0.05,0.1,0.25,572,437,1.31,174.25%,144.70%,-0.228759,2026-07-28
MLTX,18.71,2026-11-20,115,Call,30.00,-60.34%,0.45,1.63,2.45,697,531,1.31,125.87%,98.63%,0.289715,2026-07-28
CLF,11.98,2026-08-21,24,Put,13.00,+8.51%,1.34,1.41,1.67,948,724,1.31,63.61%,71.83%,-0.635512,2026-07-28
TSLA,307.44,2026-08-28,31,Call,330.00,-7.34%,8.4,8.4,8.6,1034,790,1.31,46.54%,46.43%,0.332693,2026-07-28
SKHY,130.17,2026-09-18,52,Put,110.00,-15.50%,11.8,12.1,12.5,1125,862,1.31,123.43%,116.97%,-0.270253,2026-07-28
SLQT,0.7497,2027-01-15,171,Call,1.0000,-33.39%,0.15,0.19,0.2,1146,878,1.31,285.46%,120.69%,0.534284,2026-07-28
CZR,29.95,2026-07-31,3,Call,30.00,-0.17%,0.24,0.3,0.35,1246,952,1.31,27.30%,29.07%,0.484524,2026-07-28
ASX,33.93,2026-09-18,52,Call,55.00,-62.10%,0.4,0.4,0.6,1329,1018,1.31,96.17%,89.75%,0.104079,2026-07-28
INTC,86.3,2026-07-31,3,Put,87.00,+0.81%,3.5,3.5,3.75,1341,1026,1.31,84.58%,104.51%,-0.514255,2026-07-28
FRMI,6.28,2026-12-18,143,Put,4.00,-36.31%,0.6,0.7,0.8,2010,1538,1.31,151.98%,131.46%,-0.164855,2026-07-28
NOW,110.62,2026-07-31,3,Call,114.00,-3.06%,1.7,1.67,1.76,2597,1987,1.31,59.06%,76.89%,0.347273,2026-07-28
FCEL,19.66,2026-07-31,3,Call,23.00,-16.99%,0.45,0.7,0.7,3179,2419,1.31,154.90%,229.38%,0.258091,2026-07-28
GME,22.16,2026-08-07,10,Call,23.00,-3.79%,0.16,0.18,0.2,3314,2535,1.31,32.98%,33.22%,0.253434,2026-07-28
UBER,70.74,2026-07-31,3,Call,73.00,-3.19%,0.32,0.33,0.36,4095,3115,1.31,45.66%,43.15%,0.218617,2026-07-28
INTC,86.3,2026-10-16,80,Put,70.00,-18.89%,4.9,5.24,5.4,7691,5855,1.31,84.58%,80.90%,-0.224154,2026-07-28
CORZ,20.75,2026-09-18,52,Call,29.00,-39.76%,0.48,0.63,0.64,8021,6139,1.31,88.13%,82.39%,0.182767,2026-07-28
SPCX,116.41,2026-07-31,3,Put,100.00,-14.10%,0.35,0.39,0.4,19362,14757,1.31,113.42%,116.06%,-0.066893,2026-07-28
SNDK,1096.1,2026-07-31,3,Call,"1,400.00",-27.73%,5.9,5.95,6,4337,3341,1.3,140.68%,180.06%,0.078428,2026-07-28
NFLX,72.39,2026-07-31,3,Put,70.00,-3.30%,0.24,0.25,0.25,8154,6279,1.3,34.00%,40.08%,-0.171132,2026-07-28
HPQ,28.29,2026-07-31,3,Call,28.50,-0.74%,0.47,0.5,0.54,683,524,1.3,51.87%,58.90%,0.455088,2026-07-28
CRWD,181.8,2026-08-07,10,Put,178.75,-1.68%,5.4,5.6,6.9,802,616,1.3,63.56%,64.30%,-0.412979,2026-07-28
CRWV,67.3,2026-07-31,3,Put,61.00,-9.36%,0.8,0.94,0.94,827,636,1.3,112.85%,131.21%,-0.187256,2026-07-28
SNDK,1096.1,2026-08-07,10,Call,"1,500.00",-36.85%,22.5,24.3,24.8,1026,787,1.3,140.68%,169.13%,0.16424,2026-07-28
GLW,126.01,2026-09-18,52,Call,150.00,-19.04%,6.45,6.31,7.9,1032,794,1.3,80.76%,78.97%,0.335998,2026-07-28
APO,124.69,2026-08-21,24,Call,135.00,-8.27%,1.3,1.65,1.75,1033,792,1.3,41.41%,38.18%,0.22625,2026-07-28
NVDA,197.01,2026-08-21,24,Put,192.50,-2.29%,5.85,5.96,6.2,1286,991,1.3,41.99%,41.36%,-0.3869,2026-07-28
SNDK,1096.1,2026-07-31,3,Call,"1,600.00",-45.97%,0.8,0.8,1,2269,1750,1.3,140.68%,184.19%,0.014646,2026-07-28
FIG,24.38,2026-07-31,3,Call,25.50,-4.59%,0.47,0.55,0.55,2369,1824,1.3,109.07%,107.17%,0.34065,2026-07-28
APLD,26.62,2026-08-07,10,Call,27.00,-1.43%,1.77,1.85,2.05,506,393,1.29,107.93%,117.85%,0.511945,2026-07-28
IREN,33.93,2026-07-31,3,Put,31.50,-7.16%,1,1.04,1.34,549,424,1.29,135.15%,184.17%,-0.297997,2026-07-28
SNDK,1096.1,2026-08-07,10,Put,"1,125.00",+2.64%,141,137.03,145.5,725,561,1.29,140.68%,176.36%,-0.4763,2026-07-28
BE,166.84,2026-08-07,10,Put,150.00,-10.09%,14.1,14.67,16.7,968,751,1.29,161.87%,220.36%,-0.316889,2026-07-28
MU,820.53,2026-08-07,10,Put,280.00,-65.88%,0.03,0.16,0.16,1130,878,1.29,95.59%,224.10%,-0.001016,2026-07-28
TXN,277.07,2026-08-21,24,Call,300.00,-8.28%,6.25,7,7.7,1358,1053,1.29,54.39%,53.56%,0.307194,2026-07-28
DELL,392.1,2026-07-31,3,Call,410.00,-4.57%,7.85,8.47,8.6,1367,1061,1.29,88.96%,107.14%,0.341409,2026-07-28
MSFT,393.35,2026-07-31,3,Call,455.00,-15.67%,0.89,0.89,0.97,1497,1164,1.29,44.03%,101.08%,0.061706,2026-07-28
GME,22.16,2026-07-31,3,Call,22.50,-1.53%,0.14,0.14,0.15,9070,7007,1.29,32.98%,35.28%,0.320176,2026-07-28
OPEN,3.94,2026-07-31,3,Call,4.00,-1.52%,0.12,0.13,0.13,10005,7740,1.29,98.71%,106.34%,0.457993,2026-07-28
SPCX,116.41,2026-08-07,10,Call,120.00,-3.08%,9.9,10.08,10.2,4355,3392,1.28,113.42%,150.42%,0.50258,2026-07-28
NIO,4.68,2026-08-14,17,Call,4.50,+3.85%,0.32,0.32,0.38,512,401,1.28,57.91%,62.07%,0.64522,2026-07-28
MU,820.53,2026-07-29,1,Put,690.00,-15.91%,0.55,0.65,0.7,512,399,1.28,95.59%,168.81%,-0.02243,2026-07-28
KLAC,190.8,2026-08-21,24,Call,210.00,-10.06%,10.8,11.93,12.4,561,440,1.28,93.71%,95.89%,0.397823,2026-07-28
GM,90.3,2026-09-18,52,Put,90.00,-0.33%,4.5,4.55,4.65,651,510,1.28,36.01%,36.07%,-0.453664,2026-07-28
LULU,120.32,2026-08-07,10,Put,110.00,-8.58%,0.56,0.62,0.71,669,524,1.28,50.59%,49.40%,-0.125351,2026-07-28
GOOGL,333.71,2026-08-21,24,Put,327.50,-1.86%,7.35,7.5,7.65,745,584,1.28,31.31%,31.31%,-0.383292,2026-07-28
CRWV,67.3,2026-07-31,3,Call,72.00,-6.98%,1.31,1.38,1.4,778,606,1.28,112.85%,125.51%,0.296725,2026-07-28
MU,820.53,2026-07-31,3,Call,920.00,-12.12%,7.6,7.85,8,1049,820,1.28,95.59%,123.49%,0.167629,2026-07-28
MU,820.53,2026-08-14,17,Put,280.00,-65.88%,0,0.2,0.36,1131,883,1.28,95.59%,182.83%,-0.00172,2026-07-28
MSTR,96.16,2026-07-31,3,Put,93.00,-3.29%,2.04,2.16,2.2,1219,954,1.28,79.49%,101.89%,-0.340628,2026-07-28
FSLR,202.59,2026-12-18,143,Put,180.00,-11.15%,20.35,22.55,23.95,2008,1567,1.28,81.74%,70.47%,-0.303288,2026-07-28
VRT,269.56,2026-10-16,80,Put,220.00,-18.39%,13.1,13.85,14.6,584,461,1.27,78.45%,73.86%,-0.217639,2026-07-28
BE,166.84,2026-09-18,52,Call,290.00,-73.82%,7.2,9.15,10.8,585,459,1.27,161.87%,141.01%,0.222788,2026-07-28
GLW,126.01,2026-07-31,3,Put,170.00,+34.91%,43.25,44.67,46.05,800,630,1.27,80.76%,210.00%,-0.930397,2026-07-28
NVDA,197.01,2026-08-05,8,Call,212.50,-7.86%,0.62,0.71,0.8,825,651,1.27,41.99%,42.10%,0.120517,2026-07-28
F,14.96,2026-08-07,10,Put,14.50,-3.07%,0.34,0.34,0.37,972,764,1.27,43.50%,57.07%,-0.352721,2026-07-28
IBM,227.55,2026-07-31,3,Put,210.00,-7.71%,0.16,0.2,0.26,1650,1295,1.27,43.32%,53.21%,-0.045598,2026-07-28
MU,820.53,2026-07-31,3,Put,690.00,-15.91%,4.3,4.5,4.65,1796,1409,1.27,95.59%,146.45%,-0.084811,2026-07-28
CHWY,22.92,2026-07-31,3,Call,22.00,+4.01%,0.83,0.97,1.14,1805,1417,1.27,52.58%,41.52%,0.867596,2026-07-28
SKHY,130.17,2026-07-31,3,Put,130.00,-0.13%,7.5,7.78,8,2680,2112,1.27,123.43%,167.07%,-0.465746,2026-07-28
NVDA,197.01,2026-08-07,10,Put,195.00,-1.02%,4.35,4.69,4.8,4484,3525,1.27,41.99%,43.20%,-0.424998,2026-07-28
JPM,357.31,2026-08-14,17,Put,340.00,-4.84%,1.14,1.9,2.02,539,428,1.26,21.77%,24.03%,-0.158646,2026-07-28
NIO,4.68,2026-08-28,31,Put,5.50,+17.52%,0.79,0.9,0.99,582,463,1.26,57.91%,58.86%,-0.80396,2026-07-28
SWK,94.19,2027-01-15,171,Put,62.50,-33.64%,0.75,1.18,1.35,1000,792,1.26,49.19%,45.93%,-0.070172,2026-07-28
BE,166.84,2026-07-31,3,Call,210.00,-25.87%,4.7,5.25,5.8,1320,1044,1.26,161.87%,292.07%,0.231025,2026-07-28
CRM,181.5,2026-07-31,3,Call,172.50,+4.96%,9.65,9.95,10.2,1373,1091,1.26,47.46%,59.73%,0.834026,2026-07-28
ORCL,119.96,2026-08-07,10,Call,135.00,-12.54%,1.11,1.21,1.25,2141,1702,1.26,69.19%,69.76%,0.168275,2026-07-28
KR,59.19,2026-08-21,24,Call,60.00,-1.37%,1.3,1.35,1.58,2293,1815,1.26,31.94%,29.49%,0.447296,2026-07-28
TSLA,307.44,2026-07-31,3,Call,322.50,-4.90%,1.53,1.54,1.58,2750,2180,1.26,46.54%,56.72%,0.184447,2026-07-28
KEEL,3.73,2028-12-15,871,Call,5.00,-34.05%,1.95,2.04,2.3,2939,2326,1.26,123.96%,110.61%,0.771081,2026-07-28
JD,31.79,2026-08-21,24,Call,34.00,-6.95%,0.52,0.57,0.68,3179,2518,1.26,39.72%,44.54%,0.28223,2026-07-28
MU,820.53,2026-07-29,1,Put,860.00,+4.81%,46.15,48.9,50.45,545,437,1.25,95.59%,134.22%,-0.736575,2026-07-28
DNLI,24.05,2026-12-18,143,Call,22.50,+6.44%,3.7,5.03,6.9,557,447,1.25,64.85%,75.09%,0.658679,2026-07-28
SNDK,1096.1,2026-07-31,3,Put,740.00,-32.49%,1.6,1.93,2.1,662,529,1.25,140.68%,224.30%,-0.02093,2026-07-28
GOOGL,333.71,2026-12-18,143,Call,475.00,-42.34%,1.86,2.04,2.22,843,672,1.25,31.31%,34.22%,0.069949,2026-07-28
META,593.41,2026-11-20,115,Call,810.00,-36.50%,9.9,10.26,10.7,895,718,1.25,50.88%,45.47%,0.147028,2026-07-28
WOLF,21.88,2026-07-31,3,Call,26.50,-21.12%,0,0.14,0.3,935,747,1.25,131.98%,159.29%,0.105222,2026-07-28
MARA,11.38,2026-08-14,17,Call,16.00,-40.60%,0.07,0.13,0.2,1149,919,1.25,101.42%,115.77%,0.108955,2026-07-28
MSTR,96.16,2026-07-31,3,Call,104.00,-8.15%,0.99,1,1.03,1703,1367,1.25,79.49%,101.35%,0.210706,2026-07-28
INTC,86.3,2026-07-31,3,Call,92.00,-6.60%,1.26,1.32,1.31,2057,1649,1.25,84.58%,105.38%,0.267891,2026-07-28
CSCO,115.58,2026-07-31,3,Call,119.00,-2.96%,0.68,0.69,0.77,2460,1966,1.25,51.58%,46.61%,0.253067,2026-07-28
META,593.41,2026-08-07,10,Call,675.00,-13.75%,5,5.25,5.5,516,416,1.24,50.88%,71.17%,0.152136,2026-07-28
SOFI,16.74,2026-08-07,10,Call,16.00,+4.42%,1.33,1.33,1.37,532,430,1.24,67.24%,85.54%,0.654389,2026-07-28
GOOG,332.6,2026-08-07,10,Call,355.00,-6.73%,1.09,1.19,1.3,611,494,1.24,31.21%,33.79%,0.131106,2026-07-28
AMAT,476.46,2026-09-18,52,Put,270.00,-43.33%,2.42,4.7,6.15,648,524,1.24,91.93%,103.00%,-0.047794,2026-07-28
KO,88.27,2026-11-20,115,Call,92.50,-4.79%,2.5,2.62,2.61,650,525,1.24,20.75%,20.84%,0.378474,2026-07-28
NFLX,72.39,2026-08-07,10,Call,79.00,-9.13%,0.2,0.22,0.22,674,544,1.24,34.00%,39.26%,0.097326,2026-07-28
GOOGL,333.71,2026-07-31,3,Put,335.00,+0.39%,5.35,5.5,5.55,866,698,1.24,31.31%,39.88%,-0.532929,2026-07-28
NVDA,197.01,2027-02-19,206,Put,180.00,-8.63%,14.55,15.09,15.6,1514,1224,1.24,41.99%,42.69%,-0.312058,2026-07-28
META,593.41,2026-10-16,80,Call,820.00,-38.18%,3.9,4.29,4.4,1530,1232,1.24,50.88%,44.71%,0.079904,2026-07-28
KO,88.27,2026-08-07,10,Call,90.00,-1.96%,0.66,0.71,0.71,1966,1580,1.24,20.75%,23.30%,0.317098,2026-07-28
TSLA,307.44,2026-08-07,10,Call,350.00,-13.84%,1.02,1.03,1.06,3826,3093,1.24,46.54%,54.72%,0.084511,2026-07-28
GOOG,332.6,2026-07-31,3,Call,335.00,-0.72%,3.75,3.9,3.95,4526,3641,1.24,31.21%,40.74%,0.433,2026-07-28
ORCL,119.96,2026-07-31,3,Call,120.00,-0.03%,3.35,3.51,3.6,4633,3746,1.24,69.19%,80.35%,0.513522,2026-07-28
"Downloaded from Barchart.com as of 07-28-2026 11:53pm CDT"
