Symbol,Price~,"Exp Date",DTE,Type,Strike,Moneyness,Bid,Latest,Ask,Volume,"Open Int",Vol/OI,"Imp Vol",IV,Delta,Time
PFE,27.05,2026-08-14,4,Put,27.00,-0.18%,0.18,0.24,0.24,15189,194,78.29,20.44%,20.45%,-0.466142,2026-08-10
AAPL,308.26,2026-08-12,2,Call,307.50,+0.25%,2.58,2.7,2.75,22079,311,70.99,24.47%,24.57%,0.561465,2026-08-10
MSFT,506.06,2026-08-12,2,Call,507.50,-0.28%,3.65,3.97,4,11518,170,67.75,27.84%,29.88%,0.456111,2026-08-10
PLTR,175.23,2026-08-14,4,Call,192.50,-9.86%,0.32,0.33,0.33,16292,258,63.15,49.44%,59.17%,0.069412,2026-08-10
PLTR,175.23,2026-08-14,4,Put,177.50,+1.30%,5.2,5.23,5.3,8820,149,59.19,49.44%,55.01%,-0.575161,2026-08-10
META,594.92,2026-08-12,2,Call,620.00,-4.22%,0.59,0.62,0.69,6855,116,59.09,34.84%,39.46%,0.081822,2026-08-10
MRK,130.92,2026-08-14,4,Call,138.00,-5.41%,0.1,0.1,0.12,13387,229,58.46,26.86%,31.84%,0.059361,2026-08-10
MSFT,506.06,2026-08-12,2,Put,500.00,-1.20%,2.21,2.25,2.36,7735,141,54.86,27.84%,31.86%,-0.29855,2026-08-10
ACHR,6.26,2026-08-14,4,Put,6.00,-4.15%,0.28,0.28,0.29,9014,175,51.51,98.56%,157.48%,-0.36624,2026-08-10
MSFT,506.06,2026-08-12,2,Call,512.50,-1.27%,1.9,1.96,2.19,4742,113,41.96,27.84%,30.14%,0.291643,2026-08-10
TSLA,330.88,2026-08-12,2,Put,330.00,-0.27%,3.45,3.5,3.55,25358,611,41.5,40.09%,40.50%,-0.456487,2026-08-10
MARA,9.56,2026-09-25,46,Call,14.50,-51.67%,0.16,0.18,0.23,5567,136,40.93,84.55%,92.95%,0.139325,2026-08-10
DASH,209.86,2026-11-20,102,Call,240.00,-14.36%,10.35,11.15,11.3,4201,104,40.39,43.29%,46.62%,0.352829,2026-08-10
PLTR,175.23,2026-08-14,4,Put,175.00,-0.13%,3.85,3.9,3.9,18788,475,39.55,49.44%,54.97%,-0.47719,2026-08-10
AAPL,308.26,2026-08-12,2,Put,302.50,-1.87%,0.56,0.58,0.6,7113,180,39.52,24.47%,27.41%,-0.171557,2026-08-10
AAPL,308.26,2026-08-12,2,Call,305.00,+1.06%,4.2,4.31,4.5,14481,372,38.93,24.47%,25.70%,0.718336,2026-08-10
ACHR,6.26,2026-08-14,4,Put,5.50,-12.14%,0.1,0.11,0.13,20534,563,36.47,98.56%,155.44%,-0.189682,2026-08-10
CVNA,74.16,2026-08-21,11,Call,69.00,+6.96%,6.25,6.62,6.7,8018,222,36.12,58.52%,64.62%,0.760781,2026-08-10
SKHY,135.29,2027-01-15,158,Call,220.00,-62.61%,9.6,10.4,11,5008,142,35.27,81.02%,84.43%,0.285146,2026-08-10
GLW,157.76,2026-11-20,102,Call,140.00,+11.26%,33.65,34.2,35,13177,376,35.05,70.76%,76.42%,0.696884,2026-08-10
ALC,73.63,2026-08-21,11,Call,75.00,-1.86%,2.2,2.28,2.35,4413,128,34.48,40.85%,55.88%,0.448169,2026-08-10
NVDA,217.55,2026-08-12,2,Put,227.50,+4.57%,9.85,10,10.15,5370,158,33.99,39.45%,33.02%,-0.967642,2026-08-10
SE,114.8,2026-10-16,67,Call,135.00,-17.60%,4.6,4.8,4.8,7593,260,29.2,68.39%,56.42%,0.30098,2026-08-10
TEM,55.06,2026-08-14,4,Call,60.00,-8.97%,0.33,0.34,0.37,3528,124,28.45,67.62%,77.51%,0.155404,2026-08-10
DELL,457.88,2026-08-14,4,Call,530.00,-15.75%,1.05,1.1,1.29,6248,223,28.02,85.84%,89.27%,0.064893,2026-08-10
RCAT,10,2026-09-18,39,Call,13.00,-30.00%,0.5,0.51,0.59,6100,218,27.98,103.09%,108.56%,0.290876,2026-08-10
COIN,148.68,2026-10-16,67,Call,150.00,-0.89%,16.6,16.74,17.35,9603,345,27.83,63.69%,67.56%,0.554765,2026-08-10
NOW,127.44,2026-08-14,4,Call,132.00,-3.58%,1.36,1.4,1.43,6121,221,27.7,54.81%,58.15%,0.29438,2026-08-10
WOLF,29.3,2026-12-18,130,Call,30.00,-2.39%,7.65,8.36,8.25,3090,114,27.11,126.45%,117.86%,0.632164,2026-08-10
AAPL,308.26,2026-08-12,2,Call,302.50,+1.87%,6.05,6.05,6.5,3958,148,26.74,24.47%,25.29%,0.847711,2026-08-10
LBRT,21.13,2026-09-18,39,Put,18.00,-14.81%,0.4,0.45,0.5,3487,131,26.62,58.65%,60.80%,-0.179623,2026-08-10
BSX,50.46,2026-08-21,11,Put,46.50,-7.85%,0.1,0.14,0.3,10074,380,26.51,38.01%,40.49%,-0.112734,2026-08-10
AMZN,278.09,2026-08-12,2,Put,275.00,-1.11%,1.29,1.36,1.37,6256,240,26.07,30.22%,31.89%,-0.311186,2026-08-10
INTC,97.52,2026-08-12,2,Call,102.00,-4.59%,0.71,0.7,0.79,6183,244,25.34,70.58%,79.23%,0.231564,2026-08-10
MPT,4.15,2027-12-17,494,Put,4.00,-3.61%,0.74,0.83,0.88,33409,1335,25.03,37.71%,44.73%,-0.370373,2026-08-10
WULF,16.2,2026-08-28,18,Call,22.00,-35.80%,0.06,0.14,0.17,5021,208,24.14,90.86%,94.42%,0.080794,2026-08-10
IOVA,6.4,2026-08-14,4,Put,6.50,+1.56%,0,0.23,0.35,5144,222,23.17,104.49%,44.49%,-0.619305,2026-08-10
TSLA,330.88,2026-08-14,4,Put,332.50,+0.49%,6.4,6.5,6.55,5654,251,22.53,40.09%,41.10%,-0.533834,2026-08-10
META,594.92,2026-08-12,2,Call,595.00,-0.01%,6.1,6.36,6.4,3043,136,22.38,34.84%,35.50%,0.505917,2026-08-10
META,594.92,2026-08-12,2,Call,610.00,-2.53%,1.6,1.69,1.74,6559,301,21.79,34.84%,37.30%,0.187702,2026-08-10
SE,114.8,2026-10-16,67,Put,105.00,-8.54%,5.9,6.25,6.8,7548,351,21.5,68.39%,57.70%,-0.305967,2026-08-10
MSFT,506.06,2026-08-28,18,Call,540.00,-6.71%,2.11,2.27,2.46,10379,492,21.1,27.84%,26.83%,0.150128,2026-08-10
TSLA,330.88,2026-08-12,2,Call,332.50,-0.49%,3.2,3.24,3.3,14445,693,20.84,40.09%,40.63%,0.444021,2026-08-10
AAPL,308.26,2026-08-12,2,Call,310.00,-0.56%,1.5,1.52,1.55,18975,917,20.69,24.47%,24.85%,0.387029,2026-08-10
INTC,97.52,2026-08-12,2,Put,98.00,+0.49%,2.4,2.52,2.56,3159,156,20.25,70.58%,77.60%,-0.521671,2026-08-10
ACHR,6.26,2027-01-15,158,Call,13.00,-107.67%,0.33,0.33,0.37,4898,245,19.99,98.56%,95.74%,0.206439,2026-08-10
NCLH,18.55,2026-09-11,32,Put,17.00,-8.36%,0.27,0.33,0.4,3216,161,19.98,44.26%,44.06%,-0.224894,2026-08-10
MU,861,2026-08-14,4,Call,"1,015.00",-17.89%,1.14,1.2,1.32,3188,160,19.93,70.47%,87.29%,0.039993,2026-08-10
MSFT,506.06,2026-08-12,2,Put,510.00,+0.78%,6.55,7,7.2,1971,100,19.71,27.84%,31.25%,-0.625021,2026-08-10
ASTS,68.76,2026-08-14,4,Call,86.00,-25.07%,0.66,0.76,0.86,4496,229,19.63,101.26%,175.15%,0.129987,2026-08-10
WULF,16.2,2026-10-16,67,Put,15.00,-7.41%,1.74,1.8,1.93,4705,240,19.6,90.86%,82.99%,-0.367113,2026-08-10
META,594.92,2026-08-12,2,Call,597.50,-0.43%,4.9,5.05,5.3,2241,116,19.32,34.84%,35.55%,0.442557,2026-08-10
NVDA,217.55,2026-08-14,4,Put,232.50,+6.87%,14.85,15.08,15.25,6222,327,19.03,39.45%,36.64%,-0.959418,2026-08-10
NVDA,217.55,2026-08-12,2,Put,217.50,-0.02%,2.26,2.3,2.31,29909,1574,19,39.45%,36.22%,-0.489126,2026-08-10
SE,114.8,2026-10-16,67,Put,95.00,-17.25%,1.67,3.13,3.4,7566,399,18.96,68.39%,52.97%,-0.164995,2026-08-10
AMD,469.56,2026-09-25,46,Put,420.00,-10.55%,14.8,16.5,16.85,2094,113,18.53,58.84%,57.08%,-0.250927,2026-08-10
PLTR,175.23,2026-08-14,4,Put,172.50,-1.56%,2.69,2.68,2.73,11054,601,18.39,49.44%,54.42%,-0.378244,2026-08-10
ARDX,4,2027-01-15,158,Put,4.00,0.00%,0.55,0.67,0.8,10013,550,18.21,66.79%,67.95%,-0.401659,2026-08-10
TSLA,330.88,2026-08-12,2,Put,327.50,-1.02%,2.39,2.42,2.46,8344,484,17.24,40.09%,40.19%,-0.357241,2026-08-10
SNDK,1237.92,2026-08-14,4,Call,"1,220.00",+1.45%,63.6,68,65.9,2534,147,17.24,92.07%,107.36%,0.575149,2026-08-10
SKHY,135.29,2026-11-20,102,Put,65.00,-51.96%,0.75,0.82,0.9,2444,143,17.09,81.02%,84.65%,-0.029779,2026-08-10
NU,13.86,2027-12-17,494,Put,20.00,+44.30%,5.6,6.67,6.95,1751,104,16.84,47.10%,33.46%,-0.841006,2026-08-10
TSM,418.47,2026-09-04,25,Call,370.00,+11.58%,51.5,55.99,53.75,5095,304,16.76,39.72%,45.11%,0.867941,2026-08-10
AMZN,278.09,2026-08-12,2,Call,282.50,-1.59%,0.98,1,1.02,8050,481,16.74,30.22%,31.68%,0.257569,2026-08-10
NVDA,217.55,2026-08-12,2,Call,220.00,-1.13%,1.34,1.34,1.39,49859,3000,16.62,39.45%,36.83%,0.347945,2026-08-10
AIRS,2.75,2027-01-15,158,Call,1.00,+63.64%,1.8,1.85,1.9,2003,124,16.15,123.69%,134.90%,0.94547,2026-08-10
HPQ,29.8,2026-08-21,11,Put,30.00,+0.67%,1.06,1.12,1.26,3403,211,16.13,61.23%,51.05%,-0.512311,2026-08-10
NU,13.86,2026-11-20,102,Put,11.00,-20.63%,0.28,0.29,0.32,3009,187,16.09,47.10%,48.95%,-0.144732,2026-08-10
PLTR,175.23,2026-08-14,4,Put,180.00,+2.72%,6.8,6.85,6.9,5043,314,16.06,49.44%,54.88%,-0.667971,2026-08-10
OXY,58.65,2026-08-14,4,Call,61.00,-4.01%,0.21,0.23,0.24,3277,210,15.6,33.73%,39.29%,0.176194,2026-08-10
INTC,97.52,2026-08-12,2,Call,105.00,-7.67%,0.32,0.32,0.36,20686,1351,15.31,70.58%,82.40%,0.11932,2026-08-10
INTC,97.52,2026-09-18,39,Put,67.50,-30.78%,0.49,0.53,0.56,26969,1790,15.07,70.58%,73.90%,-0.048749,2026-08-10
GFS,50.05,2027-09-17,403,Call,30.00,+40.06%,23,26.3,26.1,1492,100,14.92,66.14%,71.41%,0.856528,2026-08-10
TSM,418.47,2026-08-14,4,Call,447.50,-6.94%,0.58,0.72,0.75,2009,136,14.77,39.72%,44.16%,0.077643,2026-08-10
GOOG,355.84,2026-08-28,18,Put,315.00,-11.48%,0.5,0.54,0.55,24236,1641,14.77,29.77%,33.81%,-0.046284,2026-08-10
TSLA,330.88,2026-08-12,2,Put,325.00,-1.78%,1.59,1.66,1.65,10672,724,14.74,40.09%,40.17%,-0.266347,2026-08-10
NVDA,217.55,2026-08-12,2,Put,212.50,-2.32%,0.67,0.7,0.7,15573,1061,14.68,39.45%,38.20%,-0.197537,2026-08-10
MU,861,2026-08-12,2,Put,875.00,+1.63%,25.85,26,28.85,1828,126,14.51,70.47%,76.69%,-0.599942,2026-08-10
AAPL,308.26,2026-08-12,2,Put,300.00,-2.68%,0.22,0.29,0.31,11092,770,14.41,24.47%,27.71%,-0.089698,2026-08-10
INTC,97.52,2026-08-12,2,Put,92.00,-5.66%,0.43,0.46,0.48,1963,137,14.33,70.58%,78.58%,-0.150658,2026-08-10
MSFT,506.06,2026-10-16,67,Call,550.00,-8.68%,10.1,10.35,10.55,56878,3998,14.23,27.84%,28.70%,0.283629,2026-08-10
TSLA,330.88,2026-08-12,2,Call,322.50,+2.53%,9.2,9.69,9.65,5366,378,14.2,40.09%,39.40%,0.816219,2026-08-10
NVDA,217.55,2026-08-14,4,Put,235.00,+8.02%,17.2,17.51,17.65,5561,395,14.08,39.45%,38.84%,-0.973024,2026-08-10
TSM,418.47,2026-08-14,4,Call,452.50,-8.13%,0.35,0.57,0.48,2704,192,14.08,39.72%,44.89%,0.051175,2026-08-10
AAPL,308.26,2026-08-12,2,Put,305.00,-1.06%,1,1.09,1.1,15698,1117,14.05,24.47%,25.87%,-0.283297,2026-08-10
ASST,12.44,2026-08-14,4,Put,12.00,-3.54%,0.25,0.32,0.42,2869,207,13.86,88.28%,103.48%,-0.348342,2026-08-10
AAOI,132.81,2026-08-14,4,Put,127.00,-4.37%,4.4,5,5.6,2216,160,13.85,120.57%,139.71%,-0.351474,2026-08-10
DJT,9.39,2026-08-14,4,Put,8.50,-9.48%,0.08,0.1,0.14,2229,161,13.84,83.59%,110.23%,-0.177788,2026-08-10
GOOGL,357.52,2026-08-12,2,Put,352.50,-1.40%,1.3,1.45,1.45,1949,142,13.73,30.41%,31.61%,-0.266628,2026-08-10
ACHR,6.26,2026-08-14,4,Call,7.00,-11.82%,0.19,0.2,0.2,27248,1993,13.67,98.56%,172.16%,0.29884,2026-08-10
SNDK,1237.92,2026-08-14,4,Call,"1,260.00",-1.78%,45.1,45.86,47,1762,129,13.66,92.07%,107.79%,0.461463,2026-08-10
NVDA,217.55,2026-08-14,4,Put,240.00,+10.32%,21.7,21.05,23.15,4500,330,13.64,39.45%,41.51%,-0.991867,2026-08-10
TSLA,330.88,2026-08-17,7,Put,325.00,-1.78%,3.9,3.95,4.05,2412,178,13.55,40.09%,36.30%,-0.346921,2026-08-10
MARA,9.56,2026-08-21,11,Call,9.50,+0.63%,0.56,0.6,0.65,3141,232,13.54,84.55%,86.36%,0.549444,2026-08-10
ABCL,9.34,2026-08-21,11,Put,9.00,-3.64%,0.35,0.39,0.45,1390,103,13.5,82.76%,87.86%,-0.372442,2026-08-10
TSLA,330.88,2026-08-17,7,Put,322.50,-2.53%,3.05,3,3.2,1940,144,13.47,40.09%,36.25%,-0.291795,2026-08-10
TSLA,330.88,2026-08-17,7,Call,335.00,-1.25%,4.95,5.02,5.05,3454,258,13.39,40.09%,36.81%,0.419301,2026-08-10
AAPL,308.26,2026-08-14,4,Call,307.50,+0.25%,3.75,3.81,3.85,17514,1320,13.27,24.47%,26.04%,0.546708,2026-08-10
SPCX,138.74,2026-08-14,4,Put,132.00,-4.86%,2.53,2.55,2.57,9352,708,13.21,78.06%,93.15%,-0.286689,2026-08-10
MSFT,506.06,2026-08-12,2,Call,517.50,-2.26%,0.85,0.97,1.15,2354,179,13.15,27.84%,30.57%,0.166075,2026-08-10
ASTS,68.76,2026-08-14,4,Put,64.00,-6.92%,2.21,2.31,2.48,2930,223,13.14,101.26%,156.18%,-0.300587,2026-08-10
MRVL,208.56,2026-08-14,4,Call,250.00,-19.87%,0.28,0.29,0.29,19270,1466,13.14,85.93%,93.63%,0.036252,2026-08-10
RKLB,80.04,2026-08-14,4,Put,62.50,-21.91%,0.04,0.27,0.29,1422,110,12.93,98.81%,135.74%,-0.034807,2026-08-10
BTDR,8.69,2026-08-14,4,Call,10.00,-15.07%,0.1,0.14,0.15,2194,170,12.91,111.78%,140.18%,0.190258,2026-08-10
MSTR,97.33,2026-11-20,102,Call,145.00,-48.98%,4.3,4.75,5,2931,228,12.86,71.40%,79.08%,0.236105,2026-08-10
AMAT,522.12,2028-01-21,529,Put,180.00,-65.53%,10.4,11.19,13.2,1357,106,12.8,72.24%,72.70%,-0.043666,2026-08-10
MSFT,506.06,2026-08-12,2,Put,495.00,-2.19%,1.05,1.25,1.24,2317,181,12.8,27.84%,32.39%,-0.173679,2026-08-10
RKLB,80.04,2026-08-14,4,Put,78.00,-2.55%,4.05,4.1,4.4,1569,123,12.76,98.81%,157.59%,-0.404769,2026-08-10
INTC,97.52,2026-08-12,2,Call,98.00,-0.49%,1.93,2,2.1,3339,262,12.74,70.58%,77.58%,0.478523,2026-08-10
MO,65.54,2026-08-14,4,Call,68.00,-3.75%,0.1,0.11,0.17,2710,214,12.66,26.63%,30.92%,0.129047,2026-08-10
MPT,4.15,2026-09-18,39,Call,3.50,+15.66%,0.59,0.64,0.72,1341,106,12.65,37.71%,36.40%,0.944715,2026-08-10
MP,54.66,2026-08-14,4,Call,56.00,-2.45%,1.21,1.33,1.41,2906,230,12.63,70.86%,82.12%,0.407428,2026-08-10
SNDK,1237.92,2026-08-28,18,Call,"1,300.00",-5.01%,76.2,83.3,83.6,2100,168,12.5,92.07%,95.59%,0.453831,2026-08-10
FCEL,19.83,2026-10-16,67,Call,22.00,-10.94%,3.2,3.7,4.3,2254,181,12.45,127.33%,133.61%,0.546437,2026-08-10
ANNX,5.39,2027-01-15,158,Put,4.00,-25.79%,1.1,1.9,1.85,1305,105,12.43,169.87%,185.36%,-0.193835,2026-08-10
MU,861,2026-08-12,2,Put,880.00,+2.21%,28.75,30.05,32.6,2195,177,12.4,70.47%,77.20%,-0.637191,2026-08-10
NVDA,217.55,2026-08-12,2,Call,217.50,+0.02%,2.38,2.43,2.46,22494,1814,12.4,39.45%,36.99%,0.511329,2026-08-10
ACHR,6.26,2026-08-14,4,Call,7.50,-19.81%,0.1,0.12,0.12,11608,937,12.39,98.56%,176.45%,0.188356,2026-08-10
NVDA,217.55,2026-08-12,2,Put,215.00,-1.17%,1.27,1.3,1.32,29688,2397,12.39,39.45%,37.05%,-0.326637,2026-08-10
RILY,7.27,2026-08-21,11,Call,7.00,+3.71%,0.5,0.53,0.55,1460,118,12.37,75.25%,80.85%,0.619403,2026-08-10
INTC,97.52,2026-08-12,2,Put,100.00,+2.54%,3.5,3.73,3.85,2040,166,12.29,70.58%,76.45%,-0.660342,2026-08-10
INTC,97.52,2026-08-12,2,Call,104.00,-6.64%,0.38,0.44,0.5,2284,186,12.28,70.58%,81.04%,0.149246,2026-08-10
DKNG,24.27,2026-09-04,25,Call,27.00,-11.25%,0.25,0.52,0.61,1570,128,12.27,54.17%,51.29%,0.239291,2026-08-10
ASTS,68.76,2026-08-14,4,Call,89.00,-29.44%,0.5,0.53,0.59,3138,256,12.26,101.26%,177.30%,0.097612,2026-08-10
NFLX,76.29,2026-09-04,25,Call,78.00,-2.24%,2,2.01,2.08,6457,527,12.25,33.35%,33.97%,0.429765,2026-08-10
MU,861,2026-08-12,2,Call,870.00,-1.05%,15.2,16,16,2874,235,12.23,70.47%,77.10%,0.440273,2026-08-10
TSLA,330.88,2026-08-17,7,Call,330.00,+0.27%,7.05,7.25,7.35,4666,382,12.21,40.09%,36.34%,0.536622,2026-08-10
SPCX,138.74,2026-08-14,4,Put,138.00,-0.53%,5.1,5.15,5.2,2244,185,12.13,78.06%,95.85%,-0.4575,2026-08-10
JD,33.47,2026-08-14,4,Put,32.50,-2.90%,0.38,0.49,0.53,2175,181,12.02,38.69%,61.32%,-0.31608,2026-08-10
WMT,112.66,2026-08-28,18,Put,111.00,-1.47%,2.56,2.77,2.95,3462,288,12.02,31.02%,36.18%,-0.405563,2026-08-10
TSLA,330.88,2026-08-17,7,Call,337.50,-2.00%,4.05,4.05,4.2,2257,189,11.94,40.09%,37.12%,0.364591,2026-08-10
OKLO,44.49,2026-08-21,11,Put,38.00,-14.59%,0.39,0.4,0.47,2104,178,11.82,84.21%,84.62%,-0.12432,2026-08-10
PUMP,11.61,2026-09-18,39,Put,10.00,-13.87%,0.25,0.3,0.35,3022,256,11.8,70.69%,63.62%,-0.200827,2026-08-10
AAPL,308.26,2026-08-12,2,Put,307.50,-0.25%,1.9,1.95,2.01,8059,686,11.75,24.47%,25.71%,-0.441555,2026-08-10
PLTR,175.23,2026-08-14,4,Call,195.00,-11.28%,0.23,0.23,0.24,15574,1329,11.72,49.44%,61.08%,0.051175,2026-08-10
ACHR,6.26,2026-09-18,39,Call,7.00,-11.82%,0.54,0.54,0.55,19161,1635,11.72,98.56%,99.56%,0.433096,2026-08-10
MU,861,2026-08-12,2,Call,885.00,-2.79%,9.95,10.33,10.6,2448,209,11.71,70.47%,77.48%,0.327303,2026-08-10
MSFT,506.06,2026-08-12,2,Call,520.00,-2.75%,0.61,0.68,0.75,6373,545,11.69,27.84%,30.84%,0.120616,2026-08-10
KOS,2.51,2028-01-21,529,Call,4.00,-59.36%,0.5,0.67,0.85,10000,857,11.67,74.97%,94.19%,0.511292,2026-08-10
ACHR,6.26,2026-08-21,11,Call,7.50,-19.81%,0.16,0.19,0.19,5075,436,11.64,98.56%,126.65%,0.239727,2026-08-10
OKLO,44.49,2026-08-21,11,Put,42.00,-5.60%,1.31,1.35,1.53,2125,183,11.61,84.21%,83.05%,-0.316275,2026-08-10
DHR,209.37,2028-01-21,529,Call,240.00,-14.63%,24.1,24.61,27.7,1501,130,11.55,29.70%,33.56%,0.487543,2026-08-10
MSFT,506.06,2026-08-12,2,Call,510.00,-0.78%,2.69,2.9,3,10007,872,11.48,27.84%,30.10%,0.370731,2026-08-10
INTC,97.52,2026-08-12,2,Call,100.00,-2.54%,1.23,1.24,1.29,8060,703,11.47,70.58%,78.31%,0.344076,2026-08-10
KHC,24.93,2026-08-21,11,Put,24.00,-3.73%,0.12,0.17,0.18,8258,728,11.34,29.39%,27.89%,-0.213352,2026-08-10
META,594.92,2026-08-12,2,Put,590.00,-0.83%,3.95,4.06,4.45,1381,122,11.32,34.84%,36.57%,-0.372197,2026-08-10
TEM,55.06,2026-11-20,102,Call,80.00,-45.30%,2.14,2.45,2.66,2002,179,11.18,67.62%,73.59%,0.230172,2026-08-10
TSLA,330.88,2026-08-12,2,Put,322.50,-2.53%,1.03,1.07,1.07,6468,579,11.17,40.09%,40.44%,-0.189959,2026-08-10
TTD,13.39,2026-08-21,11,Put,13.00,-2.91%,0.32,0.33,0.36,3866,347,11.14,57.60%,56.58%,-0.359619,2026-08-10
BULL,7.26,2026-08-28,18,Put,7.50,+3.31%,0.36,0.59,0.65,2133,192,11.11,71.61%,58.19%,-0.570353,2026-08-10
AMZN,278.09,2026-08-12,2,Call,280.00,-0.69%,1.73,1.77,1.8,14765,1332,11.08,30.22%,31.40%,0.391908,2026-08-10
INTC,97.52,2026-08-12,2,Put,93.00,-4.63%,0.61,0.62,0.65,2372,216,10.98,70.58%,77.88%,-0.196312,2026-08-10
SPCX,138.74,2027-06-17,311,Call,190.00,-36.95%,20.9,21.72,22.5,4063,374,10.86,78.06%,69.39%,0.45316,2026-08-10
QURE,46.06,2027-04-16,249,Put,50.00,+8.55%,17.7,18.5,19.3,2002,185,10.82,107.12%,112.89%,-0.347204,2026-08-10
NVDA,217.55,2026-08-14,4,Call,187.50,+13.81%,29.95,31.91,31.9,1485,138,10.76,39.45%,102.42%,0.925501,2026-08-10
MSFT,506.06,2026-08-12,2,Put,502.50,-0.70%,3,3.39,3.35,1690,158,10.7,27.84%,32.05%,-0.376304,2026-08-10
TSLA,330.88,2026-08-12,2,Call,335.00,-1.25%,2.33,2.32,2.36,18801,1760,10.68,40.09%,41.23%,0.350594,2026-08-10
SKHY,135.29,2027-03-19,221,Put,50.00,-63.04%,1.1,1.2,1.25,5166,486,10.63,81.02%,81.99%,-0.027822,2026-08-10
AVGO,422.4,2026-08-12,2,Call,430.00,-1.80%,2.52,2.85,3.2,2004,189,10.6,49.62%,46.67%,0.310568,2026-08-10
MSFT,506.06,2026-08-12,2,Call,522.50,-3.25%,0.38,0.42,0.48,1258,119,10.57,27.84%,30.72%,0.082645,2026-08-10
ABVX,127.5,2026-09-18,39,Put,70.00,-45.10%,0.1,0.4,0.85,1500,142,10.56,73.02%,103.70%,-0.02563,2026-08-10
META,594.92,2026-08-12,2,Put,570.00,-4.19%,0.42,0.52,0.52,1093,104,10.51,34.84%,38.35%,-0.063314,2026-08-10
RIVN,16.39,2026-09-11,32,Call,18.00,-9.82%,0.48,0.55,0.55,1682,160,10.51,54.65%,55.56%,0.320041,2026-08-10
META,594.92,2026-08-12,2,Call,600.00,-0.85%,4,4.2,4.3,4758,459,10.37,34.84%,35.87%,0.381992,2026-08-10
TSLA,330.88,2026-08-12,2,Call,337.50,-2.00%,1.66,1.64,1.68,8525,822,10.37,40.09%,42.05%,0.269421,2026-08-10
NVDA,217.55,2026-08-12,2,Put,205.00,-5.77%,0.12,0.13,0.14,8278,800,10.35,39.45%,46.97%,-0.041741,2026-08-10
CRWD,225.16,2026-08-14,4,Call,232.50,-3.26%,2.85,2.93,3.05,1839,178,10.33,61.69%,61.52%,0.322831,2026-08-10
TSLA,330.88,2026-08-17,7,Call,332.50,-0.49%,5.95,5.95,6.1,1570,153,10.26,40.09%,36.56%,0.477108,2026-08-10
ACHR,6.26,2026-09-18,39,Call,9.00,-43.77%,0.12,0.19,0.19,6284,616,10.2,98.56%,97.68%,0.167252,2026-08-10
ACHR,6.26,2026-09-11,32,Call,6.50,-3.83%,0.6,0.65,0.67,1064,105,10.13,98.56%,98.62%,0.511283,2026-08-10
GLW,157.76,2026-10-16,67,Put,160.00,+1.42%,19,17.9,20.85,1269,126,10.07,70.76%,71.13%,-0.452159,2026-08-10
ASTS,68.76,2026-08-14,4,Put,62.00,-9.83%,1.6,1.68,1.75,2886,288,10.02,101.26%,155.22%,-0.235646,2026-08-10
PLTR,175.23,2026-09-04,25,Put,150.00,-14.40%,1.37,1.37,1.5,5135,513,10.01,49.44%,53.07%,-0.114087,2026-08-10
ISRG,393.38,2026-08-21,11,Call,415.00,-5.50%,2.1,2.32,2.5,1000,100,10,35.32%,33.21%,0.189378,2026-08-10
BSP,51.43,2027-01-15,158,Call,35.00,+31.95%,18.3,20.36,21.3,1893,190,9.96,91.14%,80.09%,0.847455,2026-08-10
SPCX,138.74,2026-08-14,4,Call,157.50,-13.52%,1.09,1.08,1.13,10308,1040,9.91,78.06%,108.16%,0.14455,2026-08-10
TSLA,330.88,2026-08-12,2,Call,320.00,+3.29%,11.3,11.6,11.7,10254,1037,9.89,40.09%,38.80%,0.882072,2026-08-10
SPCX,138.74,2026-08-14,4,Put,134.00,-3.42%,3.25,3.29,3.3,5241,531,9.87,78.06%,93.66%,-0.341965,2026-08-10
META,594.92,2026-08-14,4,Call,645.00,-8.42%,0.39,0.47,0.47,5537,561,9.87,34.84%,43.36%,0.040063,2026-08-10
ATNI,32.11,2026-08-21,11,Call,35.00,-9.00%,0.25,0.25,0.3,5893,597,9.87,50.68%,52.04%,0.181622,2026-08-10
SPCX,138.74,2026-08-14,4,Call,134.00,+3.42%,7.95,8.03,8.1,9766,989,9.87,78.06%,92.89%,0.659193,2026-08-10
PLTR,175.23,2026-08-21,11,Call,177.50,-1.30%,5.1,5.2,5.3,2567,260,9.87,49.44%,50.66%,0.464163,2026-08-10
BETA,23.76,2026-09-18,39,Call,25.00,-5.22%,2,2.2,2.6,8042,818,9.83,87.30%,89.66%,0.494599,2026-08-10
RKLB,80.04,2026-08-14,4,Put,69.00,-13.79%,1.08,1.1,1.12,2669,273,9.78,98.81%,151.45%,-0.154399,2026-08-10
JD,33.47,2026-08-14,4,Call,33.50,-0.09%,0.85,0.83,0.89,4363,446,9.78,38.69%,64.18%,0.503727,2026-08-10
RUN,9.87,2026-08-14,4,Put,9.50,-3.75%,0.05,0.15,0.18,2583,265,9.75,76.46%,64.36%,-0.272246,2026-08-10
TTD,13.39,2028-12-15,858,Put,12.50,-6.65%,4.05,4.25,4.3,1061,110,9.65,57.60%,69.11%,-0.262366,2026-08-10
SPCX,138.74,2026-09-25,46,Call,130.00,+6.30%,19.15,19.1,20.1,1065,112,9.51,78.06%,76.50%,0.652705,2026-08-10
LULU,127.8,2026-08-14,4,Put,125.00,-2.19%,1.13,1.25,1.29,1182,125,9.46,54.23%,44.82%,-0.307475,2026-08-10
MARA,9.56,2026-08-14,4,Call,9.50,+0.63%,0.39,0.42,0.41,5417,573,9.45,84.55%,92.33%,0.546804,2026-08-10
ORCL,151.05,2026-08-14,4,Put,150.00,-0.70%,3.5,3.58,3.65,2953,313,9.43,71.62%,65.16%,-0.444487,2026-08-10
BULL,7.26,2026-08-28,18,Call,7.00,+3.58%,0.59,0.65,0.75,1949,207,9.42,71.61%,82.92%,0.617867,2026-08-10
AAPL,308.26,2026-08-12,2,Put,297.50,-3.49%,0.16,0.17,0.19,4122,438,9.41,24.47%,30.84%,-0.057619,2026-08-10
MSFT,506.06,2028-12-15,858,Put,510.00,+0.78%,84.1,85.56,86.9,1004,107,9.38,27.84%,33.39%,-0.372585,2026-08-10
FR,63.03,2026-09-18,39,Put,60.00,-4.81%,0,0.72,2.55,1570,170,9.24,25.78%,31.44%,-0.295146,2026-08-10
AMZN,278.09,2026-08-28,18,Call,275.00,+1.11%,9.2,9.4,9.5,13509,1463,9.23,30.22%,30.33%,0.589474,2026-08-10
NVDA,217.55,2026-08-12,2,Put,222.50,+2.28%,5.1,5.65,5.65,9784,1061,9.22,39.45%,31.34%,-0.830523,2026-08-10
MSFT,506.06,2026-08-12,2,Call,530.00,-4.73%,0.12,0.16,0.18,1527,166,9.2,27.84%,33.18%,0.031232,2026-08-10
ARIS,17.08,2026-09-18,39,Put,15.00,-12.18%,0.35,0.45,0.55,5027,550,9.14,59.67%,59.30%,-0.216294,2026-08-10
SPCX,138.74,2026-08-14,4,Put,131.00,-5.58%,2.22,2.25,2.26,6608,723,9.14,78.06%,93.09%,-0.260604,2026-08-10
BSX,50.46,2026-08-21,11,Put,47.00,-6.86%,0.15,0.15,0.35,4314,475,9.08,38.01%,39.38%,-0.138372,2026-08-10
NVDA,217.55,2026-08-12,2,Call,225.00,-3.42%,0.33,0.35,0.36,48620,5356,9.08,39.45%,37.66%,0.117485,2026-08-10
GOOG,355.84,2027-02-19,193,Call,500.00,-40.51%,5,5.15,6.1,2200,243,9.05,29.77%,35.55%,0.133348,2026-08-10
ON,79.78,2026-10-16,67,Call,85.00,-6.54%,6.15,6.8,7.5,3612,399,9.05,61.73%,64.04%,0.472481,2026-08-10
GOOGL,357.52,2026-08-12,2,Call,355.00,+0.70%,4.55,4.75,4.9,4178,463,9.02,30.41%,31.09%,0.628132,2026-08-10
TSLA,330.88,2026-08-12,2,Put,332.50,+0.49%,4.75,4.84,4.95,13828,1533,9.02,40.09%,41.05%,-0.555862,2026-08-10
VLO,314.95,2027-01-15,158,Call,400.00,-27.00%,11.7,12.03,12.6,1072,119,9.01,41.49%,43.73%,0.255521,2026-08-10
OKLO,44.49,2026-08-28,18,Call,52.00,-16.88%,1.16,1.33,1.47,1568,174,9.01,84.21%,93.30%,0.260856,2026-08-10
META,594.92,2026-08-12,2,Put,575.00,-3.35%,0.6,0.82,0.91,1053,117,9,34.84%,36.28%,-0.098907,2026-08-10
META,594.92,2026-08-12,2,Call,625.00,-5.06%,0.41,0.39,0.45,1492,166,8.99,34.84%,41.39%,0.056037,2026-08-10
HTGC,17.17,2026-08-21,11,Call,15.00,+12.64%,1.05,2.17,2.4,1600,179,8.94,20.20%,47.21%,0.963549,2026-08-10
RKLB,80.04,2026-08-14,4,Put,64.00,-20.04%,0.39,0.41,0.42,1723,193,8.93,98.81%,151.58%,-0.067971,2026-08-10
AMZN,278.09,2026-08-12,2,Put,267.50,-3.81%,0.17,0.19,0.19,2860,322,8.88,30.22%,34.03%,-0.059215,2026-08-10
AAPL,308.26,2026-08-12,2,Call,312.50,-1.38%,0.78,0.8,0.8,8886,1001,8.88,24.47%,25.12%,0.237038,2026-08-10
SIMO,230.61,2026-09-18,39,Call,270.00,-17.08%,12,13,14,1123,127,8.84,82.31%,87.00%,0.343644,2026-08-10
BETR,18.05,2026-09-18,39,Call,20.00,-10.80%,1.55,1.7,1.95,1007,114,8.83,112.35%,104.73%,0.453445,2026-08-10
ROKU,151.84,2026-12-18,130,Put,100.00,-34.14%,0,0.3,1.26,2500,283,8.83,16.74%,43.36%,-0.036568,2026-08-10
DDOG,260.78,2026-08-14,4,Call,300.00,-15.04%,0.2,0.21,0.26,2546,289,8.81,58.51%,70.37%,0.031481,2026-08-10
VG,14.26,2026-08-14,4,Put,13.00,-8.84%,0.25,0.27,0.3,3192,364,8.77,76.64%,130.56%,-0.227376,2026-08-10
RBRK,97.91,2026-08-28,18,Call,100.00,-2.13%,6.1,7.23,7.8,1474,169,8.72,78.02%,89.99%,0.501266,2026-08-10
AAPL,308.26,2026-08-14,4,Call,305.00,+1.06%,5.2,5.3,5.4,11110,1275,8.71,24.47%,26.16%,0.660943,2026-08-10
NFLX,76.29,2026-09-11,32,Call,81.00,-6.17%,1.35,1.37,1.43,2000,230,8.7,33.35%,33.69%,0.302199,2026-08-10
CIFR,16.33,2026-08-14,4,Put,14.50,-11.21%,0.15,0.15,0.2,2752,317,8.68,105.14%,119.50%,-0.154901,2026-08-10
DJT,9.39,2026-08-14,4,Call,9.50,-1.17%,0.36,0.4,0.45,1794,207,8.67,83.59%,115.74%,0.487125,2026-08-10
GEO,30.66,2026-09-18,39,Put,29.00,-5.41%,0.8,1.04,1.1,3005,352,8.54,44.46%,42.65%,-0.317477,2026-08-10
BW,8.88,2026-09-18,39,Call,9.00,-1.35%,1.15,1.35,1.5,1050,124,8.47,115.85%,118.21%,0.566986,2026-08-10
UNM,91.39,2026-12-18,130,Call,100.00,-9.42%,3.1,3.67,4,1006,119,8.45,26.02%,30.13%,0.351634,2026-08-10
ASTS,68.76,2026-08-14,4,Put,56.00,-18.56%,0.42,0.5,0.51,2484,294,8.45,101.26%,152.81%,-0.086038,2026-08-10
TTD,13.39,2026-08-21,11,Call,13.50,-0.82%,0.46,0.47,0.5,1628,193,8.44,57.60%,56.57%,0.490794,2026-08-10
RKLB,80.04,2026-08-14,4,Put,74.00,-7.55%,2.39,2.49,2.57,2312,275,8.41,98.81%,153.57%,-0.284118,2026-08-10
TSLA,330.88,2026-08-12,2,Call,330.00,+0.27%,4.4,4.4,4.45,24984,2969,8.41,40.09%,40.32%,0.544122,2026-08-10
MO,65.54,2026-08-14,4,Put,66.00,+0.70%,0.7,0.99,1.19,2503,298,8.4,26.63%,24.73%,-0.605389,2026-08-10
TSLA,330.88,2026-08-28,18,Call,375.00,-13.33%,1.74,1.76,1.79,9659,1151,8.39,40.09%,44.51%,0.115279,2026-08-10
PLTR,175.23,2026-08-14,4,Call,180.00,-2.72%,2.14,2.14,2.16,69722,8341,8.36,49.44%,54.97%,0.333188,2026-08-10
AMD,469.56,2026-08-12,2,Put,460.00,-2.04%,4.6,4.77,4.9,1328,160,8.3,58.84%,63.68%,-0.321438,2026-08-10
NBIS,184.11,2026-08-14,4,Put,144.00,-21.79%,0.62,0.8,0.85,2141,258,8.3,110.31%,154.59%,-0.054621,2026-08-10
CPNG,16.19,2026-08-14,4,Call,16.50,-1.91%,0.14,0.24,0.3,1841,222,8.29,48.36%,51.45%,0.375278,2026-08-10
META,594.92,2026-08-12,2,Call,605.00,-1.69%,2.55,2.61,2.77,4895,591,8.28,34.84%,36.46%,0.273396,2026-08-10
RBLX,37.05,2026-08-28,18,Put,40.00,+7.96%,3.2,3.35,4.35,1894,229,8.27,61.79%,58.90%,-0.696182,2026-08-10
HPE,54.68,2026-08-14,4,Call,56.00,-2.41%,1.09,1.15,1.26,3582,433,8.27,78.48%,75.77%,0.398347,2026-08-10
PLTR,175.23,2026-08-14,4,Call,197.50,-12.71%,0.17,0.17,0.19,2781,337,8.25,49.44%,63.54%,0.039263,2026-08-10
INSM,134.75,2026-08-21,11,Put,130.00,-3.53%,1.6,1.7,2.7,1137,138,8.24,38.17%,45.20%,-0.305487,2026-08-10
RMD,220.05,2026-09-18,39,Put,200.00,-9.11%,2.05,2.12,2.5,1240,151,8.21,31.14%,33.27%,-0.169376,2026-08-10
TSLA,330.88,2026-08-17,7,Put,330.00,-0.27%,6.05,6.1,6.2,1083,132,8.2,40.09%,36.45%,-0.464521,2026-08-10
MU,861,2026-08-12,2,Call,940.00,-9.18%,1.73,1.77,1.92,2105,258,8.16,70.47%,82.05%,0.079011,2026-08-10
FCX,70.51,2027-02-19,193,Call,90.00,-27.64%,4.55,4.75,5.3,1800,221,8.14,49.81%,51.83%,0.337541,2026-08-10
B,40.88,2026-08-14,4,Put,39.00,-4.60%,0.17,0.21,0.26,910,112,8.13,43.08%,50.58%,-0.17892,2026-08-10
TSLA,330.88,2026-08-14,4,Put,337.50,+2.00%,9.6,9.65,9.75,1257,155,8.11,40.09%,41.97%,-0.663866,2026-08-10
AAOI,132.81,2026-09-18,39,Call,175.00,-31.77%,8.7,9,9.3,3323,410,8.1,120.57%,123.03%,0.317359,2026-08-10
ACHR,6.26,2026-09-18,39,Call,10.00,-59.74%,0.11,0.12,0.15,1097,136,8.07,98.56%,109.97%,0.132984,2026-08-10
SNDK,1237.92,2026-08-14,4,Call,"1,235.00",+0.24%,56.2,59.01,58.3,861,107,8.05,92.07%,107.62%,0.532209,2026-08-10
FSLY,27.75,2026-08-14,4,Call,27.00,+2.70%,1.35,1.7,1.85,1055,131,8.05,84.38%,103.37%,0.622108,2026-08-10
ZTS,74.83,2027-03-19,221,Call,90.00,-20.27%,4.7,4.9,4.9,2109,262,8.05,37.27%,41.87%,0.345752,2026-08-10
AXTI,73.81,2026-09-18,39,Call,90.00,-21.93%,7.4,7.72,8.2,3374,419,8.05,135.97%,136.18%,0.415221,2026-08-10
GOOG,355.84,2026-08-14,4,Call,355.00,+0.24%,5.2,5.25,5.4,7882,980,8.04,29.77%,32.34%,0.538902,2026-08-10
NVDA,217.55,2026-08-12,2,Put,207.50,-4.62%,0.21,0.21,0.23,6877,856,8.03,39.45%,43.84%,-0.069603,2026-08-10
NXT,102.91,2026-09-18,39,Put,80.00,-22.26%,0.85,1.43,1.6,1084,135,8.03,67.14%,67.64%,-0.102783,2026-08-10
CRCL,67.05,2028-06-16,676,Put,55.00,-17.97%,18,18.98,19.35,2143,267,8.03,79.73%,84.18%,-0.217015,2026-08-10
ORCL,151.05,2028-12-15,858,Call,135.00,+10.63%,65.5,67.2,69.5,1504,188,8,71.62%,69.50%,0.738879,2026-08-10
CPNG,16.19,2026-08-14,4,Put,16.00,-1.17%,0.07,0.25,0.33,1327,167,7.95,48.36%,42.76%,-0.384509,2026-08-10
CVX,194.91,2026-08-14,4,Call,202.50,-3.89%,0.36,0.39,0.4,1407,177,7.95,27.31%,31.03%,0.122993,2026-08-10
NVDA,217.55,2026-08-12,2,Put,220.00,+1.13%,3.65,3.76,3.8,28988,3659,7.92,39.45%,35.89%,-0.656796,2026-08-10
PLTR,175.23,2026-08-14,4,Put,162.50,-7.26%,0.5,0.52,0.52,13817,1758,7.86,49.44%,57.69%,-0.099362,2026-08-10
PLTR,175.23,2026-08-14,4,Call,202.50,-15.56%,0.08,0.12,0.15,1034,132,7.83,49.44%,68.85%,0.024711,2026-08-10
ONON,38.78,2026-08-14,4,Call,40.00,-3.15%,1.35,1.47,1.55,2021,259,7.8,59.96%,121.36%,0.429678,2026-08-10
ASTS,68.76,2026-08-14,4,Put,58.00,-15.65%,0.71,0.76,0.77,1521,196,7.76,101.26%,152.86%,-0.125924,2026-08-10
ABNB,184.7,2026-08-14,4,Call,190.00,-2.87%,0.87,1.04,1.06,1232,159,7.75,32.37%,36.39%,0.237858,2026-08-10
PATH,15.59,2026-11-20,102,Call,18.00,-15.46%,1.5,1.55,1.66,2241,291,7.7,79.34%,72.56%,0.438427,2026-08-10
PLTR,175.23,2026-08-28,18,Call,182.50,-4.15%,4.85,4.87,5.05,900,117,7.69,49.44%,50.21%,0.384825,2026-08-10
CLSK,11.59,2026-08-14,4,Call,12.00,-3.54%,0.31,0.32,0.32,3583,468,7.66,88.44%,99.81%,0.390992,2026-08-10
TTD,13.39,2026-08-14,4,Call,13.00,+2.91%,0.57,0.59,0.62,10214,1338,7.63,57.60%,66.05%,0.680074,2026-08-10
BSX,50.46,2026-08-21,11,Call,51.00,-1.07%,1.05,1.2,1.25,1403,185,7.58,38.01%,39.27%,0.457777,2026-08-10
MU,861,2026-08-12,2,Put,870.00,+1.05%,22.95,22.95,25,1931,256,7.54,70.47%,75.24%,-0.56204,2026-08-10
AMPL,12.19,2026-08-21,11,Call,13.00,-6.64%,0.3,0.31,0.4,5038,669,7.53,68.94%,77.46%,0.343427,2026-08-10
F,14,2026-12-18,130,Call,4.67,+66.64%,8.7,9.5,10.05,865,115,7.52,31.51%,111.15%,0.97748,2026-08-10
META,594.92,2026-08-12,2,Call,602.50,-1.27%,3.3,3.46,3.65,1309,174,7.52,34.84%,37.02%,0.329282,2026-08-10
INTC,97.52,2026-08-14,4,Put,105.00,+7.67%,8.15,8.25,8.55,2126,283,7.51,70.58%,80.55%,-0.797453,2026-08-10
INTC,97.52,2026-08-12,2,Put,95.00,-2.58%,1.12,1.19,1.2,4113,549,7.49,70.58%,77.38%,-0.312627,2026-08-10
GOOG,355.84,2026-08-14,4,Call,352.50,+0.94%,6.4,6.6,6.8,1403,188,7.46,29.77%,31.52%,0.62307,2026-08-10
VSTS,13.87,2026-08-21,11,Put,12.50,-9.88%,0.45,0.75,0.75,5299,710,7.46,86.70%,127.65%,-0.279786,2026-08-10
PFE,27.05,2026-08-28,18,Call,28.00,-3.51%,0.15,0.14,0.18,2682,362,7.41,20.44%,21.07%,0.229674,2026-08-10
TE,5.31,2027-06-17,311,Put,2.00,-62.34%,0.35,0.37,0.45,1443,195,7.4,149.59%,131.67%,-0.075774,2026-08-10
UBER,78.03,2026-08-14,4,Put,76.00,-2.60%,0.46,0.52,0.53,1583,214,7.4,33.81%,39.40%,-0.251953,2026-08-10
PLTR,175.23,2026-08-14,4,Call,182.50,-4.15%,1.47,1.47,1.5,18979,2583,7.35,49.44%,55.21%,0.252181,2026-08-10
AMZN,278.09,2026-08-12,2,Put,270.00,-2.91%,0.36,0.36,0.38,3757,512,7.34,30.22%,33.17%,-0.110848,2026-08-10
LUMN,6.64,2026-09-18,39,Put,6.00,-9.64%,0.21,0.29,0.35,4423,604,7.32,65.84%,63.11%,-0.289855,2026-08-10
DKNG,24.27,2026-08-14,4,Put,23.50,-3.17%,0.22,0.26,0.33,1271,174,7.3,54.17%,58.52%,-0.286836,2026-08-10
RKLB,80.04,2026-08-14,4,Call,120.00,-49.93%,0.2,0.2,0.3,2609,358,7.29,98.81%,206.33%,0.03879,2026-08-10
AVGO,422.4,2026-08-14,4,Put,425.00,+0.62%,8.85,9.47,10.05,5308,730,7.27,49.62%,46.08%,-0.538916,2026-08-10
PLTR,175.23,2026-08-14,4,Call,177.50,-1.30%,3,3.03,3.05,30710,4243,7.24,49.44%,54.73%,0.425006,2026-08-10
CMG,32.14,2026-08-21,11,Call,33.50,-4.23%,0.35,0.4,0.44,5215,721,7.23,37.81%,39.95%,0.292125,2026-08-10
ALC,73.63,2026-08-21,11,Put,65.00,-11.72%,0.3,0.4,0.4,1801,249,7.23,40.85%,57.85%,-0.09653,2026-08-10
F,14,2027-01-15,158,Call,4.85,+65.36%,8.45,9.2,10.3,3335,462,7.22,31.51%,127.48%,0.949925,2026-08-10
AMD,469.56,2026-08-12,2,Put,465.00,-0.97%,6.35,6.53,6.8,1139,158,7.21,58.84%,63.06%,-0.406707,2026-08-10
PDD,93,2026-08-21,11,Call,93.00,0.00%,1.96,2.25,2.35,2149,301,7.14,38.28%,32.69%,0.519004,2026-08-10
GOOGL,357.52,2026-08-12,2,Call,362.50,-1.39%,1.45,1.46,1.5,3855,540,7.14,30.41%,31.78%,0.284864,2026-08-10
PLTR,175.23,2026-08-14,4,Call,190.00,-8.43%,0.45,0.46,0.47,28379,3972,7.14,49.44%,57.47%,0.095337,2026-08-10
AAPL,308.26,2026-08-17,7,Call,307.50,+0.25%,4.1,4.25,4.3,990,139,7.12,24.47%,21.79%,0.54684,2026-08-10
CORZ,19.44,2026-08-21,11,Put,17.50,-9.98%,0.22,0.28,0.4,1153,162,7.12,75.57%,78.18%,-0.19773,2026-08-10
MU,861,2026-08-12,2,Call,905.00,-5.11%,5.45,5.65,5.85,1264,178,7.1,70.47%,78.81%,0.205539,2026-08-10
UEC,11.38,2026-08-21,11,Call,11.50,-1.05%,0.52,0.55,0.58,2705,381,7.1,72.62%,76.11%,0.497978,2026-08-10
MSFT,506.06,2026-08-12,2,Put,490.00,-3.17%,0.41,0.57,0.62,2501,353,7.08,27.84%,32.86%,-0.089445,2026-08-10
INTC,97.52,2026-08-12,2,Put,90.00,-7.71%,0.21,0.24,0.24,5585,790,7.07,70.58%,80.18%,-0.083095,2026-08-10
NFLX,76.29,2026-08-14,4,Put,75.00,-1.69%,0.58,0.6,0.6,5348,759,7.05,33.35%,35.73%,-0.314218,2026-08-10
APP,339,2026-08-28,18,Put,300.00,-11.50%,3.3,4.1,4.3,746,106,7.04,61.52%,58.72%,-0.155078,2026-08-10
TSLA,330.88,2026-08-12,2,Put,317.50,-4.04%,0.41,0.43,0.44,5067,722,7.02,40.09%,41.95%,-0.088387,2026-08-10
MSFT,506.06,2026-08-12,2,Call,505.00,+0.21%,4.8,5,5.35,3686,528,6.98,27.84%,30.03%,0.544825,2026-08-10
CME,263.65,2027-03-19,221,Call,300.00,-13.79%,9.2,10.9,11.6,1519,218,6.97,25.93%,26.90%,0.321218,2026-08-10
F,14,2026-09-18,39,Call,9.00,+35.71%,4.95,5.1,5.1,960,138,6.96,31.51%,74.82%,0.973998,2026-08-10
PLTR,175.23,2026-08-21,11,Call,205.00,-16.99%,0.36,0.36,0.42,826,119,6.94,49.44%,55.01%,0.056613,2026-08-10
MU,861,2026-08-12,2,Put,795.00,-7.67%,1.74,1.84,2.02,1008,146,6.9,70.47%,78.72%,-0.080606,2026-08-10
SPCX,138.74,2026-08-21,11,Put,134.00,-3.42%,5.65,5.84,5.8,1226,178,6.89,78.06%,84.02%,-0.375415,2026-08-10
HIMS,31.77,2026-08-14,4,Put,32.00,+0.72%,2.5,2.53,2.6,1788,261,6.85,97.49%,183.49%,-0.476019,2026-08-10
META,594.92,2026-08-14,4,Call,635.00,-6.74%,0.69,0.75,0.79,5909,863,6.85,34.84%,40.82%,0.067332,2026-08-10
SE,114.8,2026-08-14,4,Call,125.00,-8.89%,3.25,3.5,3.9,971,142,6.84,68.39%,151.97%,0.325245,2026-08-10
TSLA,330.88,2026-08-17,7,Call,345.00,-4.27%,2.2,2.24,2.28,860,126,6.83,40.09%,38.22%,0.226655,2026-08-10
S,22.23,2026-08-21,11,Put,21.00,-5.53%,0.25,0.34,0.45,681,100,6.81,65.09%,55.49%,-0.258152,2026-08-10
NBIS,184.11,2026-08-14,4,Call,192.50,-4.56%,8.35,8.59,8.8,768,113,6.8,110.31%,156.48%,0.425531,2026-08-10
MU,861,2026-08-12,2,Call,890.00,-3.37%,8.7,8.7,9.25,1859,274,6.78,70.47%,78.16%,0.294472,2026-08-10
SPCX,138.74,2026-08-14,4,Put,136.00,-1.97%,4.1,4.18,4.2,2502,369,6.78,78.06%,94.72%,-0.399694,2026-08-10
TSLA,330.88,2026-08-12,2,Call,327.50,+1.02%,5.75,5.86,5.95,19658,2913,6.75,40.09%,39.99%,0.643723,2026-08-10
AMZN,278.09,2026-08-12,2,Call,277.50,+0.21%,2.85,2.89,3.05,12175,1806,6.74,30.22%,31.88%,0.543893,2026-08-10
U,43.1,2026-09-18,39,Put,32.00,-25.75%,0.25,0.3,0.35,2001,297,6.74,60.61%,66.34%,-0.067004,2026-08-10
GOOG,355.84,2026-08-14,4,Call,372.50,-4.68%,0.54,0.55,0.57,2987,444,6.73,29.77%,32.98%,0.097277,2026-08-10
FCEL,19.83,2026-08-14,4,Put,23.00,+15.99%,3.3,3.4,3.6,683,102,6.7,127.33%,145.83%,-0.814448,2026-08-10
MU,861,2026-08-12,2,Put,830.00,-3.60%,6.8,7.14,7.25,1046,157,6.66,70.47%,74.50%,-0.243296,2026-08-10
META,594.92,2026-08-14,4,Call,595.00,-0.01%,9.15,9.1,9.4,3491,524,6.66,34.84%,37.07%,0.51003,2026-08-10
C,135.22,2026-08-14,4,Call,142.00,-5.01%,0.11,0.13,0.15,1557,234,6.65,28.65%,30.92%,0.068259,2026-08-10
META,594.92,2026-08-14,4,Call,620.00,-4.22%,1.95,1.98,2.05,6458,971,6.65,34.84%,38.64%,0.160633,2026-08-10
TEM,55.06,2026-08-14,4,Call,58.00,-5.34%,0.61,0.69,0.85,808,122,6.62,67.62%,77.59%,0.275924,2026-08-10
ACHR,6.26,2027-01-15,158,Call,9.00,-43.77%,0.69,0.78,0.78,24048,3634,6.62,98.56%,89.42%,0.384103,2026-08-10
FSLR,239.33,2026-08-14,4,Call,250.00,-4.46%,2.02,2.8,3.55,1287,195,6.6,56.86%,66.62%,0.279308,2026-08-10
UNH,408.74,2026-08-21,11,Call,442.50,-8.26%,0.43,0.48,0.49,738,112,6.59,28.32%,28.08%,0.055315,2026-08-10
NVTS,13.17,2026-09-04,25,Call,20.00,-51.86%,0.11,0.15,0.14,870,132,6.59,97.18%,104.74%,0.084091,2026-08-10
B,40.88,2026-08-14,4,Call,40.50,+0.93%,0.99,1.12,1.24,1747,265,6.59,43.08%,53.43%,0.578661,2026-08-10
MU,861,2026-08-12,2,Put,840.00,-2.44%,9.7,10.33,10.3,658,100,6.58,70.47%,74.49%,-0.316129,2026-08-10
SCCO,200.11,2026-08-21,11,Call,140.00,+30.04%,59.2,61.2,62.3,800,122,6.56,49.47%,119.89%,0.965277,2026-08-10
AG,18.85,2026-08-14,4,Call,20.50,-8.75%,0.11,0.13,0.14,944,144,6.56,65.50%,77.42%,0.160944,2026-08-10
CSCO,122.57,2026-08-14,4,Call,132.00,-7.69%,1.9,1.9,2.01,2226,340,6.55,48.94%,101.75%,0.260931,2026-08-10
MU,861,2026-08-14,4,Call,880.00,-2.21%,20.2,20.45,20.85,3277,500,6.55,70.47%,79.54%,0.414543,2026-08-10
AMZN,278.09,2026-08-12,2,Call,285.00,-2.48%,0.54,0.56,0.56,11940,1824,6.55,30.22%,32.47%,0.158417,2026-08-10
BE,210.63,2026-08-14,4,Call,267.50,-27.00%,0.14,0.42,0.85,697,107,6.51,102.04%,128.93%,0.044526,2026-08-10
RKLB,80.04,2026-08-14,4,Put,80.00,-0.05%,5.1,5.25,5.35,4014,619,6.48,98.81%,157.58%,-0.465148,2026-08-10
BORR,4.16,2027-01-15,158,Call,6.00,-44.23%,0.25,0.31,0.35,5027,778,6.46,66.30%,75.85%,0.29042,2026-08-10
CVNA,74.16,2026-08-14,4,Put,73.00,-1.56%,1.41,1.44,1.52,790,123,6.42,58.52%,65.19%,-0.393544,2026-08-10
BLDR,71.98,2027-01-15,158,Call,80.00,-11.14%,8.3,8.48,8.8,1605,250,6.42,56.39%,59.04%,0.486089,2026-08-10
GRRR,13.49,2026-08-14,4,Put,11.00,-18.46%,0.05,0.35,0.35,667,104,6.41,118.26%,193.06%,-0.132943,2026-08-10
NVDA,217.55,2026-08-14,4,Put,227.50,+4.57%,10.1,9.87,10.55,3471,542,6.4,39.45%,34.73%,-0.88801,2026-08-10
MRVL,208.56,2026-08-14,4,Call,222.50,-6.68%,2.78,3,3.15,850,133,6.39,85.93%,89.74%,0.261818,2026-08-10
SNDK,1237.92,2026-08-14,4,Put,"1,230.00",-0.64%,49.4,52,51.7,861,135,6.38,92.07%,106.08%,-0.453718,2026-08-10
IOT,39.86,2026-08-14,4,Call,40.00,-0.35%,0.95,1.2,1.6,1089,171,6.37,72.82%,80.17%,0.50196,2026-08-10
F,14,2026-08-21,11,Call,2.00,+85.71%,11.45,12,12.85,846,133,6.36,31.51%,733.12%,0.984236,2026-08-10
MSFT,506.06,2026-08-12,2,Call,515.00,-1.77%,1.35,1.35,1.5,9274,1459,6.36,27.84%,30.15%,0.221735,2026-08-10
IREN,38.74,2026-08-21,11,Call,41.00,-5.83%,1.8,1.94,1.9,8903,1401,6.35,104.63%,102.36%,0.411327,2026-08-10
BTDR,8.69,2026-12-18,130,Put,6.00,-30.96%,0.8,0.81,0.95,11006,1733,6.35,111.78%,115.96%,-0.184446,2026-08-10
CLSK,11.59,2027-01-15,158,Call,14.00,-20.79%,1.85,2.14,2.42,3310,521,6.35,88.44%,95.01%,0.514729,2026-08-10
UBER,78.03,2026-08-14,4,Call,83.00,-6.37%,0.1,0.12,0.12,2402,379,6.34,33.81%,40.27%,0.075744,2026-08-10
EWTX,44.58,2026-08-21,11,Call,55.00,-23.37%,0.4,0.56,1.2,842,133,6.33,75.73%,117.50%,0.178121,2026-08-10
LESL,1.11,2026-11-20,102,Put,1.0000,-9.91%,0.35,0.45,0.55,777,123,6.32,346.61%,245.39%,-0.23139,2026-08-10
BTDR,8.69,2026-08-14,4,Put,9.50,+9.32%,0.7,0.79,1.05,1132,179,6.32,111.78%,86.95%,-0.822791,2026-08-10
SPCX,138.74,2026-09-04,25,Call,170.00,-22.53%,3.4,3.55,3.55,3273,518,6.32,78.06%,85.71%,0.216883,2026-08-10
GLW,157.76,2027-12-17,494,Put,85.00,-46.12%,10.9,12.34,13.7,802,127,6.31,70.76%,75.54%,-0.11717,2026-08-10
PLTR,175.23,2026-08-21,11,Put,180.00,+2.72%,8.7,8.76,8.8,3678,583,6.31,49.44%,50.27%,-0.600795,2026-08-10
SMCI,31.46,2026-08-14,4,Call,42.00,-33.50%,0.22,0.22,0.25,4150,658,6.31,93.56%,189.80%,0.088033,2026-08-10
MU,861,2026-08-12,2,Put,850.00,-1.28%,13.4,13.65,14.25,2183,347,6.29,70.47%,74.74%,-0.396236,2026-08-10
MU,861,2026-08-12,2,Call,950.00,-10.34%,1.29,1.35,1.41,3509,558,6.29,70.47%,83.69%,0.060122,2026-08-10
AMZN,278.09,2026-08-12,2,Put,272.50,-2.01%,0.7,0.77,0.85,2826,450,6.28,30.22%,33.36%,-0.199887,2026-08-10
MU,861,2026-08-12,2,Call,880.00,-2.21%,11.8,12.3,12.2,7239,1152,6.28,70.47%,77.91%,0.364547,2026-08-10
CDE,18.15,2026-08-14,4,Call,19.00,-4.68%,0.2,0.27,0.3,2114,337,6.27,65.95%,74.32%,0.292866,2026-08-10
FISV,52.22,2026-08-21,11,Put,49.00,-6.17%,0.2,0.42,0.45,813,130,6.25,39.25%,39.65%,-0.165178,2026-08-10
CRML,6.94,2026-08-14,4,Call,7.50,-8.07%,0.15,0.15,0.2,1498,240,6.24,111.93%,130.26%,0.309218,2026-08-10
MU,861,2026-08-14,4,Put,875.00,+1.63%,33.3,35.39,36.1,2264,366,6.19,70.47%,75.36%,-0.564073,2026-08-10
AVGO,422.4,2026-08-14,4,Put,410.00,-2.94%,3.1,3.35,3.65,2729,441,6.19,49.62%,46.92%,-0.261972,2026-08-10
META,594.92,2026-08-14,4,Call,610.00,-2.53%,3.65,3.8,3.95,8458,1366,6.19,34.84%,37.47%,0.271102,2026-08-10
GOOGL,357.52,2026-08-12,2,Call,370.00,-3.49%,0.34,0.41,0.4,3603,583,6.18,30.41%,34.01%,0.089623,2026-08-10
FR,63.03,2026-09-18,39,Call,65.00,-3.13%,0.75,1.1,1.1,1572,255,6.16,25.78%,20.66%,0.33877,2026-08-10
EBAY,107.71,2026-08-21,11,Call,105.00,+2.52%,4.3,4.35,5.05,1626,264,6.16,32.91%,41.90%,0.654123,2026-08-10
AMZN,278.09,2026-08-12,2,Call,270.00,+2.91%,8.2,8.28,9.25,1964,319,6.16,30.22%,38.12%,0.85714,2026-08-10
AMD,469.56,2026-08-12,2,Put,450.00,-4.17%,2.16,2.32,2.38,1583,258,6.14,58.84%,65.01%,-0.180853,2026-08-10
JPM,359.79,2026-08-14,4,Put,342.50,-4.81%,0.05,0.12,0.12,1046,171,6.12,21.13%,24.16%,-0.024549,2026-08-10
NFLX,76.29,2026-09-11,32,Call,82.00,-7.48%,1.12,1.15,1.19,746,122,6.11,33.35%,33.87%,0.261968,2026-08-10
PSKY,9.27,2026-09-04,25,Put,8.50,-8.31%,0.05,0.14,0.2,800,131,6.11,46.69%,43.11%,-0.202104,2026-08-10
MSFT,506.06,2026-08-14,4,Call,527.50,-4.24%,0.69,0.8,0.8,1231,202,6.09,27.84%,30.26%,0.099524,2026-08-10
SPCX,138.74,2026-08-14,4,Call,139.00,-0.19%,5.35,5.35,5.5,4979,817,6.09,78.06%,95.36%,0.514015,2026-08-10
MSFT,506.06,2026-08-14,4,Put,505.00,-0.21%,5.65,5.85,6.15,1525,251,6.08,27.84%,30.72%,-0.46437,2026-08-10
WDC,438.34,2026-09-18,39,Put,290.00,-33.84%,2.2,2.5,2.62,3945,649,6.08,77.53%,81.70%,-0.045163,2026-08-10
RRC,40.29,2026-08-21,11,Call,42.00,-4.24%,0.25,0.4,0.5,720,119,6.05,32.25%,35.02%,0.260886,2026-08-10
F,14,2026-08-21,11,Call,12.00,+14.29%,1.96,2.07,2.09,2282,377,6.05,31.51%,55.04%,0.951715,2026-08-10
GE,366.7,2026-08-14,4,Put,342.50,-6.60%,0.11,0.25,0.33,719,119,6.04,31.05%,37.29%,-0.037829,2026-08-10
CVX,194.91,2026-08-14,4,Put,192.50,-1.24%,1.25,1.41,1.52,699,116,6.03,27.31%,29.68%,-0.338532,2026-08-10
HL,17.55,2027-03-19,221,Call,24.00,-36.75%,1.87,2,2.25,2244,372,6.03,64.91%,70.39%,0.399292,2026-08-10
SPCX,138.74,2028-01-21,529,Call,250.00,-80.19%,21.6,21.75,22,4109,682,6.02,78.06%,67.60%,0.403417,2026-08-10
TSLA,330.88,2026-08-17,7,Put,300.00,-9.33%,0.29,0.33,0.32,739,123,6.01,40.09%,41.16%,-0.03932,2026-08-10
NVDA,217.55,2026-08-14,4,Call,185.00,+14.96%,31.25,32.77,33.05,3123,520,6.01,39.45%,79.18%,0.977241,2026-08-10
TSLA,330.88,2026-08-14,4,Put,327.50,-1.02%,3.95,4.06,4.1,4983,829,6.01,40.09%,40.75%,-0.393616,2026-08-10
ACHR,6.26,2026-08-14,4,Call,6.50,-3.83%,0.32,0.32,0.34,23391,3905,5.99,98.56%,164.84%,0.448493,2026-08-10
CAVA,61.58,2026-08-14,4,Put,52.00,-15.56%,0.5,0.57,0.7,929,155,5.99,76.19%,147.40%,-0.119904,2026-08-10
STUB,8.78,2026-08-14,4,Call,3.00,+65.83%,5.7,5.85,6,604,101,5.98,82.87%,626.66%,0.975328,2026-08-10
RIVN,16.39,2027-03-19,221,Put,11.00,-32.89%,0.39,0.91,1.39,718,120,5.98,54.65%,69.86%,-0.148456,2026-08-10
CHWY,22.59,2026-08-14,4,Put,22.00,-2.61%,0.19,0.24,0.25,915,153,5.98,59.31%,49.23%,-0.292512,2026-08-10
DJT,9.39,2026-08-14,4,Put,9.50,+1.17%,0.41,0.49,0.6,1567,262,5.98,83.59%,114.09%,-0.514032,2026-08-10
MRVL,208.56,2026-08-14,4,Put,205.00,-1.71%,5.5,5.62,5.9,2623,439,5.97,85.93%,85.43%,-0.404823,2026-08-10
STUB,8.78,2026-08-14,4,Call,4.00,+54.44%,4.7,4.85,5,602,101,5.96,82.87%,472.83%,0.96687,2026-08-10
MU,861,2026-08-12,2,Call,900.00,-4.53%,6.4,6.75,6.9,5686,954,5.96,70.47%,78.74%,0.233411,2026-08-10
SOUN,7.46,2026-08-14,4,Put,7.50,+0.54%,0.23,0.28,0.3,5341,898,5.95,79.33%,78.74%,-0.507913,2026-08-10
MU,861,2026-08-12,2,Put,755.00,-12.31%,0.32,0.39,0.46,719,121,5.94,70.47%,86.90%,-0.018887,2026-08-10
RCAT,10,2026-08-28,18,Call,10.50,-5.00%,0.63,0.71,0.74,879,148,5.94,103.09%,100.02%,0.459935,2026-08-10
META,594.92,2026-08-14,4,Call,622.50,-4.64%,1.61,1.7,1.75,783,132,5.93,34.84%,38.85%,0.138924,2026-08-10
MSFT,506.06,2026-08-12,2,Put,492.50,-2.68%,0.62,0.84,0.95,913,154,5.93,27.84%,32.71%,-0.12717,2026-08-10
AMD,469.56,2026-08-12,2,Call,505.00,-7.55%,0.67,0.81,0.85,817,138,5.92,58.84%,66.81%,0.074556,2026-08-10
CEG,270.43,2026-08-14,4,Call,290.00,-7.24%,0.55,0.8,1,1042,176,5.92,42.85%,52.90%,0.109698,2026-08-10
RKLB,80.04,2026-08-14,4,Put,76.00,-5.05%,3.2,3.25,3.35,1716,290,5.92,98.81%,155.23%,-0.3438,2026-08-10
AAPL,308.26,2026-08-12,2,Call,300.00,+2.68%,7.85,8.5,8.75,684,116,5.9,24.47%,25.41%,0.92825,2026-08-10
TTD,13.39,2026-08-28,18,Call,14.00,-4.56%,0.4,0.42,0.46,1934,328,5.9,57.60%,56.39%,0.390166,2026-08-10
DINO,85.22,2026-09-18,39,Call,55.00,+35.46%,28.6,29.7,31.7,660,112,5.89,44.04%,38.97%,0.997937,2026-08-10
IBM,236.31,2026-08-14,4,Call,245.00,-3.68%,0.9,0.88,0.95,4026,685,5.88,36.38%,37.61%,0.185211,2026-08-10
NVDA,217.55,2026-08-12,2,Put,202.50,-6.92%,0.08,0.1,0.1,5151,878,5.87,39.45%,51.30%,-0.028003,2026-08-10
SNDK,1237.92,2026-08-14,4,Call,"1,270.00",-2.59%,41.6,42.52,43.5,912,156,5.85,92.07%,108.84%,0.434815,2026-08-10
C,135.22,2026-08-14,4,Put,136.00,+0.58%,2.04,2.08,2.15,1064,182,5.85,28.65%,29.86%,-0.564813,2026-08-10
MRVL,208.56,2028-01-21,529,Put,120.00,-42.46%,21.45,21.9,23.95,1350,231,5.84,85.93%,80.26%,-0.135455,2026-08-10
HIMS,31.77,2026-08-14,4,Put,24.00,-24.46%,0.14,0.14,0.15,2673,458,5.84,97.49%,177.20%,-0.054059,2026-08-10
BHP,90.61,2026-11-20,102,Call,100.00,-10.36%,3.4,3.8,3.8,1260,216,5.83,37.52%,37.92%,0.332879,2026-08-10
XOM,159.79,2026-08-14,4,Call,162.50,-1.70%,1.11,1.16,1.19,3245,557,5.83,29.21%,33.34%,0.322307,2026-08-10
TTD,13.39,2026-09-04,25,Put,12.00,-10.38%,0.21,0.28,0.29,802,138,5.81,57.60%,57.26%,-0.205828,2026-08-10
PAGP,25.15,2026-08-21,11,Call,25.00,+0.60%,0.35,0.45,0.45,3062,528,5.8,19.51%,19.02%,0.57049,2026-08-10
ARE,48.35,2026-10-16,67,Put,50.00,+3.41%,4.1,4.25,4.5,3328,575,5.79,38.58%,39.78%,-0.547501,2026-08-10
CRSP,53.51,2027-01-15,158,Put,32.50,-39.26%,0.55,0.95,2.3,773,134,5.77,54.05%,73.07%,-0.095394,2026-08-10
S,22.23,2027-01-15,158,Put,22.00,-1.03%,3.1,3.2,3.3,900,156,5.77,65.09%,60.46%,-0.399896,2026-08-10
INTC,97.52,2026-08-12,2,Put,88.00,-9.76%,0.1,0.11,0.11,929,161,5.77,70.58%,82.13%,-0.042484,2026-08-10
RKLB,80.04,2026-08-14,4,Put,72.00,-10.04%,1.83,1.83,1.89,1946,337,5.77,98.81%,153.61%,-0.229353,2026-08-10
ZS,176.68,2026-08-14,4,Call,185.00,-4.71%,1.33,1.37,1.58,979,170,5.76,68.38%,58.34%,0.236823,2026-08-10
JPM,359.79,2026-08-14,4,Call,372.50,-3.53%,0.1,0.15,0.24,1884,327,5.76,21.13%,20.27%,0.053148,2026-08-10
TSLA,330.88,2026-08-14,4,Put,325.00,-1.78%,3.05,3.1,3.15,5875,1021,5.75,40.09%,40.86%,-0.326838,2026-08-10
WULF,16.2,2027-01-15,158,Call,18.00,-11.11%,3.25,3.3,3.35,30311,5281,5.74,90.86%,108.10%,0.517404,2026-08-10
PEG,74.56,2026-11-20,102,Call,85.00,-14.00%,0.35,0.55,0.75,3252,568,5.73,21.92%,21.37%,0.135297,2026-08-10
CRM,197.51,2026-08-14,4,Put,190.00,-3.80%,1,1,1.09,1149,201,5.72,48.15%,45.05%,-0.197271,2026-08-10
F,14,2026-08-14,4,Call,13.00,+7.14%,0.98,1.05,1.08,2054,359,5.72,31.51%,52.70%,0.91464,2026-08-10
ABNB,184.7,2026-08-14,4,Call,185.00,-0.16%,2.5,2.8,2.8,1285,226,5.69,32.37%,35.79%,0.494423,2026-08-10
NFLX,76.29,2026-08-14,4,Call,79.00,-3.55%,0.29,0.31,0.31,14278,2510,5.69,33.35%,36.68%,0.189534,2026-08-10
AMZN,278.09,2026-08-12,2,Call,250.00,+10.10%,27.6,27.45,28.45,590,104,5.67,30.22%,39.77%,0.999862,2026-08-10
F,14,2026-09-18,39,Call,10.00,+28.57%,3.95,4.05,4.1,5100,903,5.65,31.51%,58.86%,0.968063,2026-08-10
F,14,2028-01-21,529,Call,5.00,+64.29%,8.9,8.95,11.35,2046,362,5.65,31.51%,121.02%,0.903928,2026-08-10
NVDA,217.55,2026-08-17,7,Call,217.50,+0.02%,4,4,4.1,2033,361,5.63,39.45%,32.95%,0.51638,2026-08-10
OKLO,44.49,2026-10-16,67,Call,95.00,-113.53%,0.47,0.5,0.56,1129,201,5.62,84.21%,103.23%,0.069609,2026-08-10
POET,8.56,2028-12-15,858,Put,10.00,+16.82%,4.25,5.43,5.8,2506,447,5.61,112.53%,92.15%,-0.273164,2026-08-10
MNDY,88.62,2027-01-15,158,Call,90.00,-1.56%,16.1,16.3,17.5,632,113,5.59,66.76%,72.73%,0.595524,2026-08-10
LUMN,6.64,2026-08-14,4,Put,6.50,-2.11%,0.12,0.14,0.17,2563,460,5.57,65.84%,74.59%,-0.382498,2026-08-10
VST,142.87,2026-09-18,39,Call,160.00,-11.99%,3.6,3.7,3.8,9028,1620,5.57,49.15%,50.12%,0.277641,2026-08-10
MU,861,2026-08-14,4,Call,865.00,-0.46%,26.35,26.6,27.25,1613,290,5.56,70.47%,79.38%,0.496189,2026-08-10
DOCS,25.63,2026-09-18,39,Call,27.50,-7.30%,1.05,1.25,1.3,1019,184,5.54,55.77%,55.90%,0.392652,2026-08-10
HIMS,31.77,2026-08-14,4,Call,36.50,-14.89%,0.89,0.93,0.95,1264,228,5.54,97.49%,185.31%,0.268788,2026-08-10
ASTL,4.43,2026-08-21,11,Call,5.00,-12.87%,0.05,0.15,0.15,3166,571,5.54,76.29%,93.33%,0.251957,2026-08-10
AAPL,308.26,2026-08-14,4,Put,287.50,-6.73%,0.09,0.1,0.15,763,138,5.53,24.47%,35.15%,-0.0273,2026-08-10
RBLX,37.05,2026-08-28,18,Call,40.00,-7.96%,0.79,0.98,1.2,2162,391,5.53,61.79%,62.61%,0.319655,2026-08-10
DECK,97.44,2026-08-28,18,Call,88.00,+9.69%,8.6,9.45,11.6,618,112,5.52,35.59%,40.24%,0.885917,2026-08-10
IOT,39.86,2026-12-18,130,Call,46.00,-15.40%,4,4.35,4.8,800,145,5.52,72.82%,67.61%,0.452489,2026-08-10
AGNC,10.76,2026-09-11,32,Put,10.50,-2.42%,0.11,0.21,0.19,844,153,5.52,22.07%,20.54%,-0.334775,2026-08-10
BHP,90.61,2027-01-15,158,Call,97.50,-7.60%,5.7,5.95,6.1,1000,181,5.52,37.52%,38.04%,0.412156,2026-08-10
HIMS,31.77,2026-08-14,4,Put,27.50,-13.44%,0.7,0.71,0.73,1541,279,5.52,97.49%,180.96%,-0.195274,2026-08-10
ORCL,151.05,2026-08-14,4,Put,146.00,-3.34%,1.94,1.98,2.04,1494,272,5.49,71.62%,65.04%,-0.295666,2026-08-10
META,594.92,2026-08-17,7,Call,590.00,+0.83%,12.05,13.85,14.5,553,101,5.48,34.84%,31.84%,0.588841,2026-08-10
SNDK,1237.92,2026-08-14,4,Call,"1,280.00",-3.40%,37.7,38.82,39.5,695,127,5.47,92.07%,108.48%,0.40745,2026-08-10
MU,861,2026-08-14,4,Put,865.00,+0.46%,28.15,30.1,30.45,1523,279,5.46,70.47%,76.08%,-0.505775,2026-08-10
PLTR,175.23,2026-08-21,11,Put,175.00,-0.13%,5.85,5.94,5.95,3189,584,5.46,49.44%,50.31%,-0.472644,2026-08-10
PLTR,175.23,2026-08-14,4,Call,185.00,-5.58%,1,1,1.01,26642,4883,5.46,49.44%,55.62%,0.185123,2026-08-10
MU,861,2026-08-12,2,Call,875.00,-1.63%,13.45,14,14,2499,459,5.44,70.47%,77.58%,0.401749,2026-08-10
NVDA,217.55,2026-08-12,2,Put,210.00,-3.47%,0.35,0.36,0.38,14880,2746,5.42,39.45%,40.28%,-0.114127,2026-08-10
WULF,16.2,2026-12-18,130,Call,18.00,-11.11%,2.78,3.04,3.1,5010,926,5.41,90.86%,106.59%,0.503532,2026-08-10
BULL,7.26,2026-08-21,11,Call,7.00,+3.58%,0.4,0.57,0.65,1813,335,5.41,71.61%,76.28%,0.636805,2026-08-10
FIG,25.39,2026-08-14,4,Put,24.00,-5.47%,0.34,0.38,0.38,1317,244,5.4,76.85%,86.36%,-0.250806,2026-08-10
SNDK,1237.92,2026-10-16,67,Call,"2,300.00",-85.80%,17.8,20.5,20.8,561,104,5.39,92.07%,94.74%,0.095704,2026-08-10
INTC,97.52,2026-08-12,2,Call,101.00,-3.57%,0.94,0.95,1.05,2381,442,5.39,70.58%,79.45%,0.28639,2026-08-10
AXTI,73.81,2026-08-14,4,Put,75.00,+1.61%,4.9,5.2,5.9,1292,240,5.38,135.97%,154.54%,-0.506401,2026-08-10
MSFT,506.06,2026-08-17,7,Put,505.00,-0.21%,5.85,7.25,7.25,660,123,5.37,27.84%,25.74%,-0.464454,2026-08-10
F,14,2026-08-14,4,Call,5.00,+64.29%,8.95,9.12,9.7,1240,231,5.37,31.51%,786.26%,0.951541,2026-08-10
F,14,2026-09-11,32,Put,14.00,0.00%,0.5,0.55,0.56,573,107,5.36,31.51%,31.99%,-0.481213,2026-08-10
F,14,2026-08-21,11,Call,13.00,+7.14%,0.98,1.06,1.09,6274,1171,5.36,31.51%,33.41%,0.904021,2026-08-10
LTH,42.46,2026-08-21,11,Call,45.00,-5.98%,0.45,0.6,0.65,1011,189,5.35,47.11%,48.67%,0.263499,2026-08-10
SPCX,138.74,2026-08-14,4,Call,132.00,+4.86%,9.05,9.05,9.55,9602,1801,5.33,78.06%,92.32%,0.714911,2026-08-10
MSFT,506.06,2026-09-04,25,Call,550.00,-8.68%,2.1,2.1,2.7,4498,846,5.32,27.84%,27.31%,0.13532,2026-08-10
GOOGL,357.52,2026-08-12,2,Call,357.50,+0.01%,3.25,3.37,3.5,4572,860,5.32,30.41%,31.56%,0.508775,2026-08-10
RILY,7.27,2026-08-14,4,Call,7.00,+3.71%,0.37,0.39,0.43,3030,570,5.32,75.25%,84.46%,0.674984,2026-08-10
AMZN,278.09,2026-08-17,7,Call,282.50,-1.59%,2.51,2.64,2.7,545,103,5.29,30.22%,28.39%,0.358337,2026-08-10
UMC,18.79,2026-09-18,39,Call,23.00,-22.41%,0.4,0.82,1,1334,252,5.29,77.46%,81.71%,0.261688,2026-08-10
AMZN,278.09,2026-08-12,2,Call,267.50,+3.81%,10.45,10.62,10.9,1151,218,5.28,30.22%,24.99%,0.98295,2026-08-10
SNDK,1237.92,2026-08-14,4,Call,"1,200.00",+3.06%,74.7,76,78.9,1527,289,5.28,92.07%,109.12%,0.630432,2026-08-10
SNDK,1237.92,2026-08-14,4,Call,"1,225.00",+1.04%,60.6,73.3,65.6,548,104,5.27,92.07%,109.25%,0.560569,2026-08-10
RPRX,57.97,2026-08-21,11,Call,60.00,-3.50%,0.4,0.4,0.45,2150,408,5.27,33.23%,28.40%,0.254084,2026-08-10
TSLA,330.88,2026-08-12,2,Call,340.00,-2.76%,1.15,1.16,1.18,13829,2634,5.25,40.09%,42.81%,0.201576,2026-08-10
DDOG,260.78,2026-08-14,4,Call,270.00,-3.54%,3.3,3.6,3.9,756,144,5.25,58.51%,65.59%,0.320601,2026-08-10
AAOI,132.81,2026-08-14,4,Call,175.00,-31.77%,0.25,0.41,0.5,1200,229,5.24,120.57%,149.45%,0.046242,2026-08-10
NVDA,217.55,2026-08-19,9,Put,220.00,+1.13%,5.8,5.96,5.95,1387,265,5.23,39.45%,33.83%,-0.568839,2026-08-10
NVDA,217.55,2026-08-17,7,Put,217.50,-0.02%,3.75,3.89,3.9,1736,332,5.23,39.45%,32.53%,-0.484735,2026-08-10
IREN,38.74,2026-08-14,4,Call,41.50,-7.12%,0.76,0.85,0.98,1311,251,5.22,104.63%,115.99%,0.307529,2026-08-10
BRK.B,529.42,2027-03-19,221,Put,460.00,-13.11%,4.85,5.35,5.75,2001,383,5.22,14.97%,19.40%,-0.126228,2026-08-10
HIMS,31.77,2026-08-14,4,Put,29.00,-8.72%,1.14,1.18,1.19,2217,425,5.22,97.49%,181.05%,-0.281632,2026-08-10
TEM,55.06,2026-08-14,4,Call,59.00,-7.16%,0.37,0.5,0.59,593,114,5.2,67.62%,75.62%,0.203679,2026-08-10
AXTI,73.81,2026-11-20,102,Put,60.00,-18.71%,12.1,12.6,13.7,864,166,5.2,135.97%,140.62%,-0.254146,2026-08-10
PLTR,175.23,2027-03-19,221,Put,175.00,-0.13%,28.3,28.55,28.65,1563,301,5.19,49.44%,56.75%,-0.397553,2026-08-10
RKLB,80.04,2026-08-14,4,Put,70.00,-12.54%,1.31,1.34,1.34,7511,1446,5.19,98.81%,152.24%,-0.177997,2026-08-10
TSLA,330.88,2026-08-12,2,Call,325.00,+1.78%,7.4,7.5,7.65,14166,2732,5.19,40.09%,39.69%,0.736242,2026-08-10
MSTR,97.33,2026-09-11,32,Put,75.00,-22.94%,0.85,1.08,1.21,880,170,5.18,71.40%,73.84%,-0.094261,2026-08-10
ASTS,68.76,2026-08-14,4,Put,49.50,-28.01%,0.06,0.1,0.12,1521,294,5.17,101.26%,159.69%,-0.020105,2026-08-10
DELL,457.88,2026-08-14,4,Put,430.00,-6.09%,5.45,5.8,5.8,959,186,5.16,85.84%,85.54%,-0.226689,2026-08-10
MARA,9.56,2026-08-14,4,Call,9.00,+5.86%,0.68,0.7,0.74,1174,228,5.15,84.55%,93.04%,0.749417,2026-08-10
ACHR,6.26,2026-09-11,32,Put,5.50,-12.14%,0.16,0.4,0.55,1188,231,5.14,98.56%,97.51%,-0.273494,2026-08-10
DDOG,260.78,2026-08-21,11,Put,235.00,-9.89%,1.84,2.59,2.79,580,113,5.13,58.51%,61.97%,-0.151361,2026-08-10
NEE,84.7,2026-08-14,4,Put,83.00,-2.01%,0.2,0.31,0.31,1195,233,5.13,21.98%,24.25%,-0.207662,2026-08-10
F,14,2026-08-14,4,Call,6.00,+57.14%,7.4,8.02,8.7,746,146,5.11,31.51%,438.61%,0.980862,2026-08-10
CRM,197.51,2027-12-17,494,Call,330.00,-67.08%,13.4,15.02,15.5,566,111,5.1,48.15%,47.26%,0.277384,2026-08-10
NFLX,76.29,2026-08-14,4,Put,76.00,-0.38%,0.96,1,0.99,1133,222,5.1,33.35%,35.43%,-0.448274,2026-08-10
CRWD,225.16,2026-08-14,4,Call,237.50,-5.48%,1.67,1.8,1.87,1335,262,5.1,61.69%,62.24%,0.217614,2026-08-10
CLSK,11.59,2026-08-14,4,Call,12.50,-7.85%,0.16,0.17,0.19,4788,940,5.09,88.44%,100.16%,0.253113,2026-08-10
AMD,469.56,2026-08-12,2,Call,480.00,-2.22%,4.55,4.8,4.95,1370,269,5.09,58.84%,64.15%,0.331691,2026-08-10
BABA,132.32,2026-08-14,4,Put,130.00,-1.75%,1.48,1.59,1.56,1301,256,5.08,48.40%,45.91%,-0.346984,2026-08-10
HIMS,31.77,2026-08-14,4,Put,29.50,-7.15%,1.32,1.37,1.42,1662,327,5.08,97.49%,182.93%,-0.313939,2026-08-10
DINO,85.22,2026-08-21,11,Call,60.00,+29.59%,23.6,24.5,25.7,801,158,5.07,44.04%,68.43%,0.998067,2026-08-10
MSFT,506.06,2026-08-28,18,Put,490.00,-3.17%,5.9,6.2,6.45,1825,360,5.07,27.84%,29.11%,-0.290986,2026-08-10
LOW,218.88,2026-08-21,11,Put,205.00,-6.34%,1.45,1.67,2.05,1078,213,5.06,35.55%,44.14%,-0.184335,2026-08-10
GAP,21.51,2026-08-14,4,Call,21.00,+2.37%,0.61,0.76,0.8,1372,271,5.06,54.40%,44.93%,0.703345,2026-08-10
RKLB,80.04,2026-08-14,4,Put,71.00,-11.29%,1.49,1.56,1.63,1901,376,5.06,98.81%,152.19%,-0.202084,2026-08-10
RKLB,80.04,2026-08-14,4,Call,95.00,-18.69%,1.46,1.5,1.48,5980,1182,5.06,98.81%,173.50%,0.197522,2026-08-10
NKE,42.11,2026-09-11,32,Call,45.00,-6.86%,0.41,0.6,0.75,539,107,5.04,35.71%,31.86%,0.254689,2026-08-10
LITE,813.51,2026-08-14,4,Call,930.00,-14.32%,11.2,13.2,15.5,559,111,5.04,95.05%,143.36%,0.207789,2026-08-10
AFL,121.94,2026-08-14,4,Call,125.00,-2.51%,0.05,0.2,0.5,569,113,5.04,18.96%,24.20%,0.168801,2026-08-10
AMD,469.56,2026-08-12,2,Put,472.50,+0.63%,9.95,10.47,10.7,640,127,5.04,58.84%,63.44%,-0.542246,2026-08-10
COF,218.97,2027-06-17,311,Put,195.00,-10.95%,11.7,13.81,15.4,701,139,5.04,28.63%,33.41%,-0.276972,2026-08-10
COP,123.03,2026-08-14,4,Call,121.00,+1.65%,2.82,2.2,3.1,746,148,5.04,30.30%,34.42%,0.68513,2026-08-10
TSM,418.47,2026-08-14,4,Call,442.50,-5.74%,0.94,1.1,1.18,1331,264,5.04,39.72%,43.54%,0.115968,2026-08-10
BMY,64.84,2026-08-14,4,Put,65.00,+0.25%,0.74,0.84,0.88,1401,278,5.04,26.28%,26.81%,-0.52948,2026-08-10
HIMS,31.77,2026-08-14,4,Call,26.00,+18.16%,6,6.22,7.4,729,145,5.03,97.49%,246.29%,0.818041,2026-08-10
GOOGL,357.52,2026-08-12,2,Call,372.50,-4.19%,0.22,0.23,0.26,562,112,5.02,30.41%,35.26%,0.060256,2026-08-10
RBRK,97.91,2027-01-15,158,Call,135.00,-37.88%,7.4,9.1,9,1128,225,5.01,78.02%,71.32%,0.339244,2026-08-10
SMCI,31.46,2026-08-21,11,Put,23.50,-25.30%,0.1,0.13,0.15,3147,628,5.01,93.56%,107.22%,-0.047878,2026-08-10
DELL,457.88,2026-08-21,11,Put,160.00,-65.06%,0.01,0.13,0.13,695,139,5,85.84%,214.64%,-0.001308,2026-08-10
AMZN,278.09,2026-08-21,11,Put,247.50,-11.00%,0.2,0.28,0.32,2783,557,5,30.22%,38.04%,-0.034923,2026-08-10
TTD,13.39,2026-08-14,4,Call,13.50,-0.82%,0.32,0.35,0.35,5620,1125,5,57.60%,68.61%,0.471108,2026-08-10
TTD,13.39,2028-01-21,529,Call,15.00,-12.02%,4.05,4.15,4.25,10860,2170,5,57.60%,70.38%,0.640221,2026-08-10
U,43.1,2026-11-20,102,Call,60.00,-39.21%,1.71,1.88,2.1,541,109,4.96,60.61%,68.91%,0.243043,2026-08-10
MU,861,2026-08-28,18,Call,"1,005.00",-16.72%,14.15,17,14.95,510,103,4.95,70.47%,74.15%,0.198672,2026-08-10
ASML,1733.48,2026-11-20,102,Call,"1,760.00",-1.53%,184,203.95,199.7,802,162,4.95,49.18%,54.04%,0.547317,2026-08-10
SNDK,1237.92,2026-08-14,4,Call,"1,240.00",-0.17%,53.9,56.1,55.9,941,190,4.95,92.07%,107.71%,0.517952,2026-08-10
SNDK,1237.92,2026-08-14,4,Put,"1,250.00",+0.98%,60.4,62,62.2,1817,367,4.95,92.07%,106.49%,-0.511388,2026-08-10
SPCX,138.74,2026-08-14,4,Call,136.00,+1.97%,6.8,6.87,7,11286,2278,4.95,78.06%,93.98%,0.601029,2026-08-10
CM,119.29,2026-08-21,11,Call,125.00,-4.79%,0.2,0.25,0.25,2278,461,4.94,24.20%,21.29%,0.107749,2026-08-10
BRK.B,529.42,2026-08-14,4,Call,545.00,-2.94%,0.32,0.28,0.41,985,200,4.93,14.97%,19.06%,0.077288,2026-08-10
XOM,159.79,2026-08-14,4,Put,157.50,-1.43%,1.15,1.18,1.28,2076,421,4.93,29.21%,32.86%,-0.329949,2026-08-10
AVGO,422.4,2026-08-12,2,Put,405.00,-4.12%,0.42,0.82,0.96,502,102,4.92,49.62%,45.33%,-0.10114,2026-08-10
F,14,2026-12-18,130,Call,7.67,+45.21%,5.7,6.35,7.15,1065,217,4.91,31.51%,70.68%,0.94855,2026-08-10
PLTR,175.23,2026-08-14,4,Call,175.00,+0.13%,4.1,4.16,4.2,41073,8374,4.9,49.44%,54.69%,0.523332,2026-08-10
SPOT,511.82,2026-08-21,11,Put,460.00,-10.12%,0.9,1.07,1.39,1554,318,4.89,38.76%,42.49%,-0.067095,2026-08-10
MU,861,2026-08-12,2,Put,800.00,-7.08%,2.11,2.28,2.4,3075,630,4.88,70.47%,77.62%,-0.094961,2026-08-10
USAR,19.04,2026-08-14,4,Call,24.00,-26.05%,0.07,0.1,0.11,822,169,4.86,102.01%,144.95%,0.073911,2026-08-10
RKLB,80.04,2026-08-14,4,Call,89.00,-11.19%,2.45,2.57,2.82,1306,269,4.86,98.81%,172.81%,0.310651,2026-08-10
NVDA,217.55,2026-09-25,46,Call,250.00,-14.92%,2.64,2.86,2.84,1691,348,4.86,39.45%,38.65%,0.18001,2026-08-10
LUNR,15.78,2026-08-14,4,Put,16.00,+1.39%,1.12,1.27,1.46,663,137,4.84,118.87%,178.07%,-0.491778,2026-08-10
NVDA,217.55,2026-08-21,11,Put,212.50,-2.32%,3.1,3.13,3.2,7979,1652,4.83,39.45%,36.05%,-0.337361,2026-08-10
DINO,85.22,2026-08-21,11,Call,70.00,+17.86%,13.6,14.5,15.7,800,166,4.82,44.04%,39.36%,0.997542,2026-08-10
WBD,26.87,2026-09-18,39,Call,26.00,+3.24%,1.17,1.2,1.4,1869,389,4.8,23.00%,20.14%,0.7235,2026-08-10
ACHR,6.26,2026-08-14,4,Put,7.00,+11.82%,0.87,0.9,0.95,594,124,4.79,98.56%,162.12%,-0.716407,2026-08-10
LYFT,17.26,2026-08-14,4,Put,16.50,-4.40%,0.06,0.1,0.15,718,150,4.79,45.21%,52.21%,-0.195506,2026-08-10
NVDA,217.55,2026-08-17,7,Put,212.50,-2.32%,1.86,1.93,1.92,2168,453,4.79,39.45%,33.24%,-0.292946,2026-08-10
MU,861,2026-08-12,2,Put,890.00,+3.37%,34.7,35,40.55,540,113,4.78,70.47%,77.27%,-0.708317,2026-08-10
UEC,11.38,2026-08-21,11,Put,10.50,-7.73%,0.08,0.23,0.27,678,142,4.77,72.62%,65.94%,-0.220997,2026-08-10
RTX,224.12,2026-08-21,11,Put,197.50,-11.88%,0,0.2,2.18,1269,266,4.77,24.17%,58.71%,-0.097115,2026-08-10
SNDK,1237.92,2026-08-14,4,Put,"1,240.00",+0.17%,55.2,56.5,56.6,1588,333,4.77,92.07%,106.52%,-0.482622,2026-08-10
PLTR,175.23,2026-08-14,4,Put,167.50,-4.41%,1.19,1.2,1.22,11957,2515,4.75,49.44%,54.97%,-0.206388,2026-08-10
ORCL,151.05,2026-08-14,4,Call,172.50,-14.20%,0.21,0.22,0.24,608,129,4.71,71.62%,74.15%,0.047593,2026-08-10
ADBE,272.96,2026-08-21,11,Put,257.50,-5.66%,2.75,2.9,3.2,612,130,4.71,52.91%,47.18%,-0.222221,2026-08-10
BABA,132.32,2026-09-11,32,Call,116.00,+12.33%,17.9,17.8,19.5,622,132,4.71,48.40%,54.91%,0.812669,2026-08-10
GOOGL,357.52,2026-08-12,2,Put,347.50,-2.80%,0.45,0.53,0.6,1114,237,4.7,30.41%,33.23%,-0.120028,2026-08-10
SPCX,138.74,2027-02-19,193,Call,180.00,-29.74%,16.45,16.96,17.4,1232,262,4.7,78.06%,71.77%,0.421698,2026-08-10
DHR,209.37,2027-01-15,158,Call,210.00,-0.30%,17,17.25,19.4,1500,319,4.7,29.70%,31.44%,0.559171,2026-08-10
RBLX,37.05,2026-09-18,39,Call,42.50,-14.71%,1.18,1.35,1.36,825,176,4.69,61.79%,63.02%,0.293184,2026-08-10
LCID,6.61,2026-12-18,130,Put,13.00,+96.67%,7,7.25,7.45,839,179,4.69,87.45%,145.29%,-0.637433,2026-08-10
BMY,64.84,2027-06-17,311,Call,75.00,-15.67%,3.4,4,4.2,3000,640,4.69,26.28%,31.02%,0.350082,2026-08-10
CDE,18.15,2026-08-14,4,Call,19.50,-7.44%,0.1,0.15,0.35,637,136,4.68,65.95%,89.29%,0.23662,2026-08-10
ONON,38.78,2026-08-14,4,Put,34.00,-12.33%,0.26,0.28,0.3,773,165,4.68,59.96%,112.30%,-0.118815,2026-08-10
PLTR,175.23,2026-08-14,4,Put,170.00,-2.98%,1.82,1.84,1.85,22496,4805,4.68,49.44%,54.49%,-0.285735,2026-08-10
TSLA,330.88,2026-08-14,4,Put,322.50,-2.53%,2.29,2.31,2.34,3690,790,4.67,40.09%,40.77%,-0.264146,2026-08-10
TSLA,330.88,2026-08-14,4,Call,312.50,+5.55%,19.05,19.22,19.85,2416,518,4.66,40.09%,47.02%,0.883713,2026-08-10
VST,142.87,2026-12-18,130,Call,210.00,-46.99%,2.8,3.03,3.25,12649,2716,4.66,49.15%,52.42%,0.149233,2026-08-10
AG,18.85,2027-06-17,311,Put,13.00,-31.03%,1.27,1.39,1.48,4333,931,4.65,65.50%,65.20%,-0.168037,2026-08-10
SPCX,138.74,2026-08-14,4,Put,118.00,-14.95%,0.27,0.29,0.29,5404,1164,4.64,78.06%,95.42%,-0.047001,2026-08-10
FCX,70.51,2026-08-28,18,Put,62.00,-12.07%,0.45,0.51,0.56,665,144,4.62,49.81%,52.23%,-0.119419,2026-08-10
ORCL,151.05,2026-08-14,4,Put,149.00,-1.36%,3,3.04,3.2,781,169,4.62,71.62%,64.78%,-0.405668,2026-08-10
MU,861,2026-08-12,2,Call,895.00,-3.95%,7.35,7.52,8,525,114,4.61,70.47%,78.13%,0.261921,2026-08-10
GOOGL,357.52,2026-09-11,32,Call,370.00,-3.49%,7.3,7.75,8.45,604,131,4.61,30.41%,29.75%,0.377817,2026-08-10
ABCL,9.34,2026-08-21,11,Call,11.00,-17.77%,0.1,0.1,0.2,1193,259,4.61,82.76%,96.65%,0.188164,2026-08-10
AXTI,73.81,2026-08-14,4,Call,95.00,-28.71%,0.35,0.45,0.75,1522,330,4.61,135.97%,171.85%,0.094959,2026-08-10
XOM,159.79,2026-08-14,4,Call,167.50,-4.83%,0.27,0.31,0.31,3101,672,4.61,29.21%,35.23%,0.104533,2026-08-10
MU,861,2026-08-17,7,Call,930.00,-8.01%,9.25,10.25,11.05,944,205,4.6,70.47%,68.65%,0.224749,2026-08-10
SNDK,1237.92,2026-08-14,4,Put,"1,220.00",-1.45%,45.4,46.03,46.9,606,132,4.59,92.07%,106.93%,-0.424964,2026-08-10
SMCI,31.46,2026-08-14,4,Call,41.00,-30.32%,0.27,0.28,0.3,1446,315,4.59,93.56%,186.83%,0.104842,2026-08-10
RKLB,80.04,2026-08-14,4,Call,86.00,-7.45%,3.2,3.29,3.4,2296,500,4.59,98.81%,167.22%,0.374278,2026-08-10
AAL,15,2026-08-14,4,Put,15.00,0.00%,0.28,0.29,0.3,5803,1267,4.58,47.98%,46.43%,-0.489463,2026-08-10
ARMK,55.71,2026-08-21,11,Call,55.00,+1.27%,1.6,1.73,2.55,998,218,4.58,33.81%,43.60%,0.586275,2026-08-10
SKHY,135.29,2027-06-17,311,Put,140.00,+3.48%,38.9,40.38,41,1123,245,4.58,81.02%,80.87%,-0.362042,2026-08-10
AMAT,522.12,2026-08-14,4,Put,540.00,+3.42%,30.35,31.07,35.6,630,138,4.57,72.24%,103.98%,-0.599678,2026-08-10
SYM,40.11,2026-08-14,4,Call,41.50,-3.47%,0.05,0.54,0.7,1928,422,4.57,60.22%,52.83%,0.280538,2026-08-10
FCX,70.51,2026-10-16,67,Call,80.00,-13.46%,2.94,3.02,3.15,6271,1373,4.57,49.81%,51.78%,0.331388,2026-08-10
MRVL,208.56,2026-09-04,25,Call,220.00,-5.49%,15,15.75,16.75,588,129,4.56,85.93%,93.70%,0.465947,2026-08-10
ASTS,68.76,2026-08-14,4,Put,54.00,-21.47%,0.26,0.3,0.3,2285,502,4.55,101.26%,153.20%,-0.056007,2026-08-10
INTC,97.52,2026-08-14,4,Call,98.00,-0.49%,2.92,2.98,3.1,2966,652,4.55,70.58%,79.12%,0.494484,2026-08-10
ZETA,27.54,2026-09-04,25,Call,28.00,-1.67%,1.44,1.7,1.74,513,113,4.54,64.03%,61.48%,0.497185,2026-08-10
CRWV,88.19,2026-08-21,11,Put,91.00,+3.19%,8.35,8.05,8.7,686,151,4.54,96.25%,114.36%,-0.521772,2026-08-10
KO,86.87,2026-08-14,4,Call,89.00,-2.45%,0.1,0.14,0.12,5986,1319,4.54,18.89%,19.78%,0.124375,2026-08-10
MARA,9.56,2026-08-21,11,Call,10.00,-4.60%,0.39,0.39,0.4,7836,1729,4.53,84.55%,86.46%,0.413913,2026-08-10
MPT,4.15,2028-12-15,858,Put,4.00,-3.61%,0.95,1.02,1.03,1473,325,4.53,37.71%,41.33%,-0.34404,2026-08-10
DELL,457.88,2026-08-14,4,Call,482.50,-5.38%,7.15,8.91,8.25,515,114,4.52,85.84%,87.86%,0.301564,2026-08-10
AVGO,422.4,2026-08-12,2,Call,450.00,-6.53%,0.22,0.26,0.27,524,116,4.52,49.62%,48.39%,0.040532,2026-08-10
META,594.92,2027-09-17,403,Call,770.00,-29.43%,58.7,59.44,60.3,524,116,4.52,34.84%,42.76%,0.396464,2026-08-10
QCOM,162.17,2026-08-14,4,Put,157.50,-2.88%,1.45,1.5,1.61,564,125,4.51,48.67%,50.49%,-0.280267,2026-08-10
IONQ,42.53,2026-08-14,4,Put,38.00,-10.65%,0.19,0.22,0.28,582,129,4.51,84.85%,92.68%,-0.112538,2026-08-10
RKLB,80.04,2026-08-14,4,Call,103.00,-28.69%,0.61,0.73,0.79,708,157,4.51,98.81%,178.80%,0.10532,2026-08-10
APLD,29.06,2026-08-14,4,Call,32.50,-11.84%,0.23,0.25,0.27,1185,263,4.51,89.66%,101.87%,0.160561,2026-08-10
SPCX,138.74,2026-08-14,4,Call,138.00,+0.53%,5.75,5.85,5.95,7898,1759,4.49,78.06%,94.26%,0.542834,2026-08-10
SNDK,1237.92,2026-08-14,4,Call,"1,230.00",+0.64%,58.6,59.68,61.1,1092,243,4.49,92.07%,107.87%,0.546503,2026-08-10
WYNN,102.5,2028-01-21,529,Call,130.00,-26.83%,9.55,10.3,10.5,583,130,4.48,31.64%,35.49%,0.400317,2026-08-10
B,40.88,2026-08-28,18,Call,40.00,+2.15%,1.95,2.04,2.3,882,197,4.48,43.08%,45.45%,0.608047,2026-08-10
NOW,127.44,2027-01-15,158,Call,154.00,-20.84%,10.5,11.45,11.75,1753,391,4.48,54.81%,57.82%,0.395996,2026-08-10
NOW,127.44,2026-08-28,18,Put,100.00,-21.53%,0.23,0.25,0.47,2529,566,4.47,54.81%,66.87%,-0.042869,2026-08-10
NVDA,217.55,2026-08-12,2,Call,222.50,-2.28%,0.69,0.72,0.72,47077,10526,4.47,39.45%,37.00%,0.211393,2026-08-10
SNDK,1237.92,2026-08-14,4,Call,"1,600.00",-29.25%,0.95,1,1.15,4319,968,4.46,92.07%,115.58%,0.019867,2026-08-10
AAPL,308.26,2026-08-14,4,Put,305.00,-1.06%,1.91,1.91,1.99,13045,2929,4.45,24.47%,26.29%,-0.340423,2026-08-10
ZTS,74.83,2026-10-16,67,Call,80.00,-6.91%,2.85,3.06,3.1,1370,308,4.45,37.27%,38.78%,0.376747,2026-08-10
HR,19.64,2026-08-21,11,Call,2.50,+87.27%,16.4,17.2,17.5,515,116,4.44,28.62%,622.01%,0.992474,2026-08-10
XYZ,78.98,2028-01-21,529,Call,110.00,-39.28%,9.75,10.1,10.15,1554,350,4.44,37.78%,46.28%,0.416659,2026-08-10
MSTR,97.33,2026-09-04,25,Put,130.00,+33.57%,32.8,32.61,33.8,549,124,4.43,71.40%,78.38%,-0.907641,2026-08-10
RXT,4.73,2026-08-14,4,Call,6.00,-26.85%,0.1,0.15,0.2,8734,1976,4.42,151.03%,258.49%,0.228971,2026-08-10
V,361.32,2026-08-21,11,Call,270.00,+25.27%,89.45,90.5,91.75,635,144,4.41,20.64%,52.55%,0.999195,2026-08-10
GOOGL,357.52,2026-08-14,4,Put,332.50,-7.00%,0.08,0.21,0.26,1091,248,4.4,30.41%,37.61%,-0.030649,2026-08-10
COF,218.97,2026-08-14,4,Call,220.00,-0.47%,1.8,2.1,2.2,2323,528,4.4,28.63%,26.82%,0.442439,2026-08-10
UWMC,1.41,2026-09-11,32,Call,1.00,+29.08%,0.35,0.4,0.6,602,137,4.39,107.08%,165.27%,0.817116,2026-08-10
HIMS,31.77,2026-10-16,67,Put,33.00,+3.87%,5.25,5.4,5.65,1063,242,4.39,97.49%,89.58%,-0.458184,2026-08-10
UPS,104.72,2026-08-14,4,Call,104.00,+0.69%,1.52,1.47,1.68,1285,293,4.39,26.52%,28.03%,0.595764,2026-08-10
BABA,132.32,2026-08-14,4,Put,127.00,-4.02%,0.63,0.64,0.69,561,128,4.38,48.40%,45.41%,-0.187146,2026-08-10
CRWV,88.19,2027-12-17,494,Put,110.00,+24.73%,45.3,45.35,46.9,1476,337,4.38,96.25%,85.44%,-0.385374,2026-08-10
EVC,11.7,2026-08-21,11,Put,10.00,-14.53%,0.6,0.65,0.75,1723,393,4.38,137.93%,182.36%,-0.255836,2026-08-10
SPCX,138.74,2026-08-14,4,Call,141.00,-1.63%,4.5,4.5,4.6,2845,649,4.38,78.06%,95.64%,0.457242,2026-08-10
ASTS,68.76,2026-08-14,4,Put,65.00,-5.47%,2.6,2.68,2.83,3728,851,4.38,101.26%,155.89%,-0.334205,2026-08-10
BSX,50.46,2026-08-14,4,Call,53.00,-5.03%,0.05,0.13,0.2,748,171,4.37,38.01%,39.46%,0.123282,2026-08-10
TEM,55.06,2026-08-14,4,Call,56.00,-1.71%,1.2,1.4,1.48,641,147,4.36,67.62%,75.97%,0.433245,2026-08-10
RKLB,80.04,2026-08-14,4,Put,66.00,-17.54%,0.61,0.61,0.62,2153,494,4.36,98.81%,151.06%,-0.096613,2026-08-10
BE,210.63,2026-08-21,11,Put,225.00,+6.82%,22.05,22.65,23.95,551,127,4.34,102.04%,98.70%,-0.616093,2026-08-10
OKLO,44.49,2026-08-14,4,Put,38.00,-14.59%,0.07,0.1,0.11,821,189,4.34,84.21%,93.44%,-0.047986,2026-08-10
HIMS,31.77,2026-08-14,4,Put,30.00,-5.57%,1.55,1.58,1.59,2606,601,4.34,97.49%,182.87%,-0.345691,2026-08-10
AMD,469.56,2026-08-12,2,Put,445.00,-5.23%,1.5,1.55,1.62,524,121,4.33,58.84%,66.52%,-0.131468,2026-08-10
MSFT,506.06,2026-08-14,4,Call,537.50,-6.21%,0.19,0.24,0.57,559,129,4.33,27.84%,34.51%,0.050334,2026-08-10
MU,861,2026-08-12,2,Put,820.00,-4.76%,4.75,4.98,5.15,1291,298,4.33,70.47%,75.66%,-0.183408,2026-08-10
HR,19.64,2026-11-20,102,Call,2.50,+87.27%,16.5,17.3,18.1,570,132,4.32,28.62%,267.35%,0.982361,2026-08-10
AMZN,278.09,2026-08-14,4,Call,262.50,+5.61%,15.7,15.04,16.35,765,177,4.32,30.22%,37.64%,0.93244,2026-08-10
ASTS,68.76,2026-08-14,4,Put,69.00,+0.35%,4.6,4.8,5,1439,333,4.32,101.26%,163.32%,-0.473303,2026-08-10
GOOG,355.84,2026-08-14,4,Call,375.00,-5.38%,0.36,0.39,0.4,7043,1634,4.31,29.77%,33.33%,0.070092,2026-08-10
MO,65.54,2026-08-14,4,Put,65.00,-0.82%,0.39,0.5,0.47,1733,403,4.3,26.63%,24.15%,-0.371007,2026-08-10
AMPX,11.81,2026-10-16,67,Call,19.00,-60.88%,0.1,0.45,0.55,2888,671,4.3,92.65%,91.33%,0.158102,2026-08-10
IREN,38.74,2026-08-14,4,Put,38.50,-0.62%,1.54,1.5,1.7,747,174,4.29,104.63%,108.20%,-0.454465,2026-08-10
LMND,52.68,2026-08-21,11,Put,45.00,-14.58%,0.1,0.17,0.2,1537,358,4.29,60.10%,60.84%,-0.060053,2026-08-10
SHOP,155.18,2026-09-18,39,Put,160.00,+3.11%,11.55,11.65,12.3,645,151,4.27,46.91%,46.99%,-0.541697,2026-08-10
FUTU,108.7,2026-08-21,11,Call,110.00,-1.20%,2.85,4.32,6,686,161,4.26,57.63%,67.74%,0.477728,2026-08-10
SNOW,334.7,2026-09-04,25,Call,380.00,-13.53%,10.95,12.15,12.9,1283,301,4.26,69.34%,77.63%,0.304654,2026-08-10
CELH,27.21,2026-08-14,4,Put,25.50,-6.28%,0.08,0.15,0.26,931,219,4.25,50.34%,66.26%,-0.164598,2026-08-10
MU,861,2026-08-14,4,Call,875.00,-1.63%,22,22.3,22.85,1964,463,4.24,70.47%,79.32%,0.441148,2026-08-10
ONON,38.78,2026-08-14,4,Put,35.00,-9.75%,0.47,0.46,0.5,711,168,4.23,59.96%,115.20%,-0.180424,2026-08-10
INTC,97.52,2026-08-17,7,Call,110.00,-12.80%,0.5,0.57,0.63,747,177,4.22,70.58%,71.58%,0.12314,2026-08-10
HIMS,31.77,2026-08-14,4,Put,21.00,-33.90%,0.01,0.1,0.23,877,208,4.22,97.49%,234.97%,-0.035336,2026-08-10
WDC,438.34,2027-03-19,221,Call,600.00,-36.88%,64,71.25,72.15,791,188,4.21,77.53%,82.97%,0.448934,2026-08-10
HIVE,2.6,2026-12-18,130,Put,2.00,-23.08%,0.15,0.3,0.3,1031,245,4.21,114.08%,88.40%,-0.216939,2026-08-10
MU,861,2026-08-12,2,Call,915.00,-6.27%,3.95,3.95,4.3,886,211,4.2,70.47%,79.63%,0.158827,2026-08-10
RKLB,80.04,2026-08-14,4,Call,100.00,-24.94%,0.95,0.93,0.96,14888,3548,4.2,98.81%,178.46%,0.136475,2026-08-10
UAMY,6.67,2026-08-14,4,Put,8.00,+19.94%,1.25,1.4,1.4,1001,239,4.19,107.04%,151.42%,-0.857203,2026-08-10
EBS,4.47,2026-12-18,130,Call,5.00,-11.86%,0.45,0.5,1.1,631,151,4.18,71.17%,89.48%,0.532992,2026-08-10
MNDY,88.62,2026-09-18,39,Call,100.00,-12.84%,2.35,3.2,4,1646,394,4.18,66.76%,60.53%,0.311442,2026-08-10
AMD,469.56,2026-08-14,4,Call,532.50,-13.40%,0.6,0.75,0.72,680,163,4.17,58.84%,70.16%,0.047418,2026-08-10
SPCX,138.74,2026-08-21,11,Put,131.00,-5.58%,4.4,4.53,4.55,1093,262,4.17,78.06%,83.48%,-0.317367,2026-08-10
DIS,103.18,2026-08-14,4,Put,102.00,-1.14%,0.47,0.55,0.55,1159,278,4.17,23.53%,23.18%,-0.312264,2026-08-10
RKT,13.76,2026-08-14,4,Call,14.50,-5.38%,0.07,0.1,0.1,3497,840,4.16,56.92%,55.96%,0.195384,2026-08-10
GOOGL,357.52,2026-08-12,2,Call,360.00,-0.69%,2.23,2.29,2.3,4817,1157,4.16,30.41%,31.47%,0.390815,2026-08-10
LITE,813.51,2026-08-14,4,Put,800.00,-1.66%,37.4,39.15,40.9,1109,267,4.15,95.05%,135.83%,-0.42418,2026-08-10
MP,54.66,2026-09-11,32,Put,42.00,-23.16%,0.25,0.46,0.45,1470,354,4.15,70.86%,65.08%,-0.069564,2026-08-10
CIFR,16.33,2026-08-28,18,Call,25.00,-53.09%,0.07,0.1,0.15,2187,527,4.15,105.14%,116.50%,0.06555,2026-08-10
SNDK,1237.92,2026-08-14,4,Call,"1,245.00",-0.57%,51.5,53,53.5,1148,277,4.14,92.07%,107.57%,0.503665,2026-08-10
OKLO,44.49,2026-10-16,67,Call,110.00,-147.25%,0.28,0.34,0.37,674,163,4.13,84.21%,108.64%,0.044821,2026-08-10
META,594.92,2026-08-14,4,Put,555.00,-6.71%,0.33,0.49,0.57,1360,329,4.13,34.84%,39.54%,-0.043931,2026-08-10
LUMN,6.64,2026-08-28,18,Call,7.00,-5.42%,0.21,0.25,0.31,2028,491,4.13,65.84%,70.99%,0.386394,2026-08-10
PLTR,175.23,2026-08-28,18,Call,215.00,-22.70%,0.4,0.5,0.49,593,144,4.12,49.44%,54.25%,0.052326,2026-08-10
IREN,38.74,2026-08-14,4,Call,42.00,-8.42%,0.71,0.74,0.75,12537,3049,4.11,104.63%,114.89%,0.271445,2026-08-10
NVDA,217.55,2026-08-17,7,Put,222.50,+2.28%,6.65,6.85,7.2,1027,250,4.11,39.45%,33.38%,-0.675668,2026-08-10
MU,861,2026-08-12,2,Call,920.00,-6.85%,3.35,3.55,3.65,1587,386,4.11,70.47%,79.98%,0.138574,2026-08-10
FSLY,27.75,2026-08-14,4,Call,30.00,-8.11%,0.3,0.5,0.55,2228,543,4.1,84.38%,102.50%,0.251641,2026-08-10
DNUT,3.14,2026-08-14,4,Call,1.00,+68.15%,2,2.2,2.3,1036,253,4.09,61.89%,568.80%,0.986608,2026-08-10
IONQ,42.53,2026-08-28,18,Call,51.00,-19.92%,0.75,0.95,1,1075,263,4.09,84.85%,87.91%,0.205081,2026-08-10
V,361.32,2026-08-21,11,Call,315.00,+12.82%,45.45,45.45,46.75,1146,280,4.09,20.64%,26.54%,0.998506,2026-08-10
INTC,97.52,2026-08-14,4,Put,96.00,-1.56%,2.36,2.48,2.5,1492,365,4.09,70.58%,77.85%,-0.406283,2026-08-10
AMD,469.56,2026-08-12,2,Put,415.00,-11.62%,0.11,0.14,0.53,514,126,4.08,58.84%,88.05%,-0.026782,2026-08-10
SPCX,138.74,2026-08-21,11,Put,132.00,-4.86%,4.8,4.91,4.95,822,202,4.07,78.06%,83.71%,-0.336581,2026-08-10
AMD,469.56,2026-08-12,2,Call,485.00,-3.29%,3.35,3.4,3.5,900,221,4.07,58.84%,64.69%,0.258623,2026-08-10
MDLN,33.81,2026-08-21,11,Put,32.50,-3.87%,0.3,0.55,0.7,2603,639,4.07,40.30%,45.14%,-0.289253,2026-08-10
SLB,53.2,2026-12-18,130,Call,60.00,-12.78%,1.94,2.02,2.18,3701,910,4.07,33.17%,34.33%,0.321687,2026-08-10
ASTS,68.76,2026-08-14,4,Put,49.00,-28.74%,0.05,0.1,0.11,986,243,4.06,101.26%,160.93%,-0.017983,2026-08-10
SERV,4.92,2026-09-25,46,Put,8.50,+72.76%,3.6,3.65,3.8,1280,315,4.06,86.00%,124.17%,-0.849297,2026-08-10
IONS,56.94,2026-08-21,11,Call,62.50,-9.76%,0,0.6,0.85,936,231,4.05,48.45%,51.74%,0.163468,2026-08-10
AMD,469.56,2026-08-12,2,Put,425.00,-9.49%,0.31,0.37,0.38,1082,267,4.05,58.84%,74.62%,-0.033179,2026-08-10
SPCX,138.74,2026-08-28,18,Call,134.00,+3.42%,11.95,12.75,12.5,586,145,4.04,78.06%,79.06%,0.616391,2026-08-10
MSFT,506.06,2026-08-14,4,Call,532.50,-5.22%,0.37,0.42,0.47,831,206,4.03,27.84%,30.83%,0.060357,2026-08-10
MU,861,2026-08-12,2,Put,790.00,-8.25%,1.4,1.52,1.64,1458,362,4.03,70.47%,79.28%,-0.066952,2026-08-10
FIG,25.39,2026-08-14,4,Put,25.00,-1.54%,0.69,0.71,0.79,571,142,4.02,76.85%,88.04%,-0.413839,2026-08-10
B,40.88,2026-09-18,39,Put,36.00,-11.94%,0.42,0.47,0.55,1191,296,4.02,43.08%,41.87%,-0.155685,2026-08-10
SKHY,135.29,2026-08-14,4,Call,136.00,-0.52%,4.7,5.03,5.2,606,151,4.01,81.02%,93.11%,0.499645,2026-08-10
AAPL,308.26,2027-09-17,403,Call,270.00,+12.41%,65.1,63.85,67,617,154,4.01,24.47%,31.03%,0.753631,2026-08-10
MSFT,506.06,2026-08-19,9,Put,485.00,-4.16%,1.5,2.11,2.28,958,239,4.01,27.84%,28.07%,-0.15831,2026-08-10
TSLA,330.88,2026-08-14,4,Call,327.50,+1.02%,7.5,7.8,7.65,10439,2605,4.01,40.09%,41.09%,0.606228,2026-08-10
PLTR,175.23,2026-08-14,4,Call,187.50,-7.00%,0.66,0.67,0.68,10823,2707,4,49.44%,56.18%,0.132509,2026-08-10
SPCX,138.74,2026-08-14,4,Put,130.00,-6.30%,1.92,1.95,1.98,22296,5572,4,78.06%,92.86%,-0.235242,2026-08-10
ORCL,151.05,2026-08-14,4,Put,142.00,-5.99%,0.91,0.85,1.01,1289,322,4,71.62%,64.51%,-0.170509,2026-08-10
GRPN,22.95,2026-08-21,11,Call,23.00,-0.22%,0.9,1.2,1.55,1201,301,3.99,79.02%,77.87%,0.523756,2026-08-10
CCL,27.75,2026-08-14,4,Put,28.00,+0.90%,0.57,0.61,0.68,1641,411,3.99,40.82%,42.30%,-0.57037,2026-08-10
SPCX,138.74,2026-08-28,18,Call,190.00,-36.95%,1.11,1.2,1.17,2454,616,3.98,78.06%,97.02%,0.089587,2026-08-10
SPCX,138.74,2026-08-28,18,Call,255.00,-83.80%,0.21,0.12,0.25,627,158,3.97,78.06%,122.68%,0.018266,2026-08-10
INTC,97.52,2026-08-14,4,Call,99.00,-1.52%,2.49,2.59,2.62,2784,703,3.96,70.58%,78.67%,0.445257,2026-08-10
XYZ,78.98,2027-06-17,311,Put,50.00,-36.69%,2.02,2.06,2.1,584,148,3.95,37.78%,49.72%,-0.098468,2026-08-10
MU,861,2026-08-12,2,Call,925.00,-7.43%,2.83,2.88,3.1,829,210,3.95,70.47%,80.36%,0.120517,2026-08-10
TSLA,330.88,2026-08-12,2,Put,312.50,-5.55%,0.18,0.18,0.19,1328,336,3.95,40.09%,44.95%,-0.040955,2026-08-10
TTD,13.39,2026-08-21,11,Call,14.00,-4.56%,0.28,0.3,0.31,4727,1196,3.95,57.60%,57.12%,0.348748,2026-08-10
NVDA,217.55,2026-08-12,2,Call,210.00,+3.47%,7.9,8,8.1,5423,1376,3.94,39.45%,41.82%,0.877399,2026-08-10
VST,142.87,2026-12-18,130,Call,170.00,-18.99%,8.55,8.93,9.25,12699,3226,3.94,49.15%,51.40%,0.352557,2026-08-10
LLY,1231.94,2026-09-18,39,Put,"1,040.00",-15.58%,3.75,4.15,4.6,595,151,3.94,32.62%,35.94%,-0.063376,2026-08-10
BTU,24.65,2026-08-21,11,Call,27.00,-9.53%,0.15,0.29,0.36,2004,510,3.93,54.36%,57.42%,0.19581,2026-08-10
FIG,25.39,2026-08-14,4,Call,28.00,-10.28%,0.17,0.18,0.2,7632,1941,3.93,76.85%,88.33%,0.156769,2026-08-10
SPCX,138.74,2026-08-14,4,Put,135.00,-2.70%,3.65,3.7,3.75,8267,2108,3.92,78.06%,94.24%,-0.370783,2026-08-10
V,361.32,2026-09-11,32,Put,270.00,-25.27%,0.01,0.12,0.37,655,167,3.92,20.64%,44.68%,-0.011105,2026-08-10
MU,861,2026-08-12,2,Call,"1,000.00",-16.14%,0.27,0.28,0.3,3227,825,3.91,70.47%,90.79%,0.01426,2026-08-10
NVDA,217.55,2026-08-14,4,Call,192.50,+11.51%,24.7,25.97,27.35,1659,426,3.89,39.45%,90.98%,0.909146,2026-08-10
WULF,16.2,2026-08-14,4,Put,15.00,-7.41%,0.19,0.23,0.24,1987,511,3.89,90.86%,97.71%,-0.216021,2026-08-10
AMZN,278.09,2026-08-12,2,Call,290.00,-4.28%,0.15,0.16,0.17,3064,787,3.89,30.22%,34.70%,0.053498,2026-08-10
MSFT,506.06,2028-01-21,529,Put,535.00,+5.72%,82,83.4,84.65,604,156,3.87,27.84%,32.46%,-0.454913,2026-08-10
TTD,13.39,2027-06-17,311,Call,22.50,-68.04%,1.27,1.38,1.64,638,165,3.87,57.60%,71.18%,0.340966,2026-08-10
MRVL,208.56,2026-08-14,4,Put,182.50,-12.50%,0.54,0.59,0.64,732,189,3.87,85.93%,88.15%,-0.067266,2026-08-10
NVDA,217.55,2026-09-25,46,Call,225.00,-3.42%,9.1,9.25,9.55,1277,330,3.87,39.45%,39.43%,0.443563,2026-08-10
ASTS,68.76,2026-08-14,4,Call,69.00,-0.35%,4.5,4.6,4.7,1716,443,3.87,101.26%,163.82%,0.527004,2026-08-10
HIMS,31.77,2026-08-14,4,Put,25.50,-19.74%,0.31,0.3,0.32,1734,448,3.87,97.49%,179.20%,-0.102441,2026-08-10
RKLB,80.04,2026-08-14,4,Put,67.00,-16.29%,0.74,0.74,0.76,2721,703,3.87,98.81%,150.95%,-0.113765,2026-08-10
FSLR,239.33,2026-08-14,4,Put,245.00,+2.37%,8.1,9.95,10.6,568,147,3.86,56.86%,60.91%,-0.629636,2026-08-10
OKLO,44.49,2026-08-14,4,Put,42.50,-4.47%,0.74,0.82,0.85,614,159,3.86,84.21%,88.25%,-0.292765,2026-08-10
AXTI,73.81,2026-08-14,4,Put,65.00,-11.94%,1.2,1.4,1.5,776,201,3.86,135.97%,153.45%,-0.191089,2026-08-10
F,14,2026-08-28,18,Call,8.50,+39.29%,5.4,5.65,5.65,1038,269,3.86,31.51%,118.75%,0.978688,2026-08-10
APP,339,2026-08-14,4,Call,380.00,-12.09%,0.55,0.57,0.75,583,152,3.84,61.52%,69.26%,0.06264,2026-08-10
SMCI,31.46,2026-08-14,4,Call,37.00,-17.61%,0.66,0.67,0.67,4096,1068,3.84,93.56%,177.02%,0.217526,2026-08-10
NVDA,217.55,2026-08-12,2,Call,227.50,-4.57%,0.16,0.16,0.17,17375,4521,3.84,39.45%,38.72%,0.061787,2026-08-10
RCAT,10,2026-08-14,4,Put,9.50,-5.00%,0.22,0.22,0.3,559,146,3.83,103.09%,115.39%,-0.3128,2026-08-10
EQT,54.08,2026-08-14,4,Call,54.00,+0.15%,0.82,0.8,0.9,832,217,3.83,28.93%,35.99%,0.525909,2026-08-10
NCLH,18.55,2026-08-14,4,Call,19.00,-2.43%,0.15,0.18,0.19,596,156,3.82,44.26%,44.31%,0.313823,2026-08-10
CMG,32.14,2027-06-17,311,Call,37.50,-16.68%,3.25,3.3,3.45,1154,302,3.82,37.81%,41.15%,0.44961,2026-08-10
HPQ,29.8,2026-08-14,4,Put,28.00,-6.04%,0.07,0.11,0.17,750,197,3.81,61.23%,55.25%,-0.134401,2026-08-10
SNDK,1237.92,2026-08-14,4,Put,"1,260.00",+1.78%,66.3,67.5,68.5,858,225,3.81,92.07%,107.28%,-0.539243,2026-08-10
ORCL,151.05,2026-08-14,4,Put,144.00,-4.67%,1.35,1.38,1.48,899,236,3.81,71.62%,64.92%,-0.229408,2026-08-10
AVGO,422.4,2026-08-14,4,Put,395.00,-6.49%,0.87,0.96,1.08,949,249,3.81,49.62%,49.66%,-0.09309,2026-08-10
VKTX,34.44,2026-11-20,102,Call,60.00,-74.22%,1.2,1.34,2.06,1016,267,3.81,79.63%,96.05%,0.206594,2026-08-10
AR,37.07,2026-08-21,11,Put,37.00,-0.19%,0.7,0.85,0.85,1034,272,3.8,34.09%,32.25%,-0.469248,2026-08-10
DVN,45.36,2026-08-21,11,Call,46.50,-2.51%,0.66,0.7,0.74,1388,365,3.8,36.22%,37.11%,0.363153,2026-08-10
BZFD,1.13,2026-12-18,130,Call,1.5000,-32.74%,0.15,0.2,0.5,500,132,3.79,175.51%,161.36%,0.579864,2026-08-10
RKLB,80.04,2026-08-14,4,Call,98.00,-22.44%,1.01,1.08,1.15,800,211,3.79,98.81%,173.80%,0.15396,2026-08-10
HIMS,31.77,2026-08-14,4,Put,22.50,-29.18%,0.04,0.13,0.25,1069,282,3.79,97.49%,209.81%,-0.046255,2026-08-10
LUNG,2.28,2026-08-21,11,Call,2.00,+12.28%,0.25,0.35,0.5,1077,284,3.79,137.75%,137.94%,0.749067,2026-08-10
CSCO,122.57,2026-08-14,4,Call,145.00,-18.30%,0.31,0.45,0.45,1432,378,3.79,48.94%,103.61%,0.067726,2026-08-10
SEDG,32.21,2026-08-14,4,Put,35.00,+8.66%,2.97,2.71,3.3,552,146,3.78,90.60%,92.70%,-0.789831,2026-08-10
MRVL,208.56,2026-08-14,4,Call,227.50,-9.08%,1.75,1.95,2,556,147,3.78,85.93%,88.05%,0.185946,2026-08-10
PFE,27.05,2026-08-21,11,Put,26.50,-2.03%,0.15,0.16,0.18,994,263,3.78,20.44%,20.04%,-0.278398,2026-08-10
RIG,5.72,2027-09-17,403,Call,5.00,+12.59%,1.6,1.69,1.85,1393,369,3.78,50.83%,72.07%,0.653841,2026-08-10
UEC,11.38,2026-11-20,102,Put,10.00,-12.13%,0.9,1.07,1.13,4023,1064,3.78,72.62%,74.03%,-0.291737,2026-08-10
RBRK,97.91,2026-08-14,4,Call,100.00,-2.13%,1.95,2.1,2.5,687,182,3.77,78.02%,76.13%,0.41284,2026-08-10
MU,861,2026-08-12,2,Call,960.00,-11.50%,0.84,0.9,1.04,689,183,3.77,70.47%,84.33%,0.043703,2026-08-10
COIN,148.68,2026-08-14,4,Put,142.00,-4.49%,1.5,1.58,1.61,523,139,3.76,63.69%,67.00%,-0.243347,2026-08-10
ABNB,184.7,2026-08-14,4,Call,182.50,+1.19%,3.7,4.3,4.3,767,204,3.76,32.37%,35.40%,0.637825,2026-08-10
ACHR,6.26,2026-08-14,4,Call,0.50,+92.01%,5.5,5.75,6.25,529,141,3.75,98.56%,0.00%,0,2026-08-10
TSLA,330.88,2026-08-17,7,Put,185.00,-44.09%,0,0.1,0.1,1179,314,3.75,40.09%,153.77%,-0.002262,2026-08-10
PLTR,175.23,2026-08-28,18,Put,155.00,-11.54%,1.37,1.42,1.46,3187,850,3.75,49.44%,52.61%,-0.130852,2026-08-10
NCLH,18.55,2026-08-14,4,Put,19.50,+5.12%,0.9,0.97,1.05,587,157,3.74,44.26%,35.69%,-0.907391,2026-08-10
HL,17.55,2028-01-21,529,Put,10.00,-43.02%,1.24,1.24,1.25,23838,6378,3.74,64.91%,66.18%,-0.122372,2026-08-10
RBRK,97.91,2026-09-18,39,Call,110.00,-12.35%,5.5,5.9,6.4,1755,470,3.73,78.02%,80.08%,0.382536,2026-08-10
NOW,127.44,2026-08-14,4,Put,123.00,-3.48%,1.26,1.4,1.4,625,168,3.72,54.81%,58.62%,-0.26951,2026-08-10
INTC,97.52,2026-08-12,2,Call,107.00,-9.72%,0.17,0.18,0.18,1119,302,3.71,70.58%,82.38%,0.068369,2026-08-10
MARA,9.56,2026-08-21,11,Call,10.50,-9.83%,0.25,0.25,0.26,1691,456,3.71,84.55%,88.04%,0.297993,2026-08-10
RKLB,80.04,2026-08-14,4,Call,110.00,-37.43%,0.35,0.35,0.4,3500,944,3.71,98.81%,184.19%,0.060511,2026-08-10
CRWD,225.16,2026-08-14,4,Call,245.00,-8.81%,0.68,0.79,0.79,656,178,3.69,61.69%,62.79%,0.106394,2026-08-10
TE,5.31,2027-06-17,311,Put,4.00,-24.67%,1.4,1.45,1.55,1444,391,3.69,149.59%,133.61%,-0.193723,2026-08-10
HIMS,31.77,2026-08-14,4,Put,25.00,-21.31%,0.24,0.25,0.25,6635,1800,3.69,97.49%,178.10%,-0.083696,2026-08-10
GOOGL,357.52,2026-09-18,39,Call,650.00,-81.81%,0.01,0.14,0.34,545,148,3.68,30.41%,70.56%,0.006949,2026-08-10
AMD,469.56,2026-08-21,11,Call,475.00,-1.16%,17.25,17.56,18.15,1420,386,3.68,58.84%,61.41%,0.482252,2026-08-10
UBER,78.03,2026-08-14,4,Call,79.00,-1.24%,0.81,0.88,0.89,2504,681,3.68,33.81%,38.57%,0.391271,2026-08-10
PENG,55.18,2026-10-16,67,Call,75.00,-35.92%,4.5,4.8,5.1,1084,295,3.67,99.35%,110.85%,0.346603,2026-08-10
ASTS,68.76,2026-08-14,4,Put,59.00,-14.19%,0.88,1.01,1.01,1055,288,3.66,101.26%,154.60%,-0.151711,2026-08-10
DAL,89.21,2026-08-21,11,Put,92.00,+3.13%,2.94,3.7,4.1,569,156,3.65,36.37%,29.39%,-0.7156,2026-08-10
AXTI,73.81,2026-08-14,4,Put,70.00,-5.16%,2.65,3,3,800,220,3.64,135.97%,149.54%,-0.337587,2026-08-10
AMD,469.56,2026-08-14,4,Call,505.00,-7.55%,2.57,2.96,2.89,2076,570,3.64,58.84%,67.45%,0.161165,2026-08-10
B,40.88,2026-08-14,4,Call,41.00,-0.29%,0.76,0.89,0.95,5482,1506,3.64,43.08%,53.22%,0.491548,2026-08-10
AMD,469.56,2026-08-14,4,Put,437.50,-6.83%,2.37,2.54,2.6,552,152,3.63,58.84%,66.16%,-0.14433,2026-08-10
INTC,97.52,2026-08-12,2,Put,101.00,+3.57%,4.25,4.32,4.6,759,209,3.63,70.58%,78.04%,-0.717775,2026-08-10
NVDA,217.55,2026-09-11,32,Put,205.00,-5.77%,4.9,5.01,5.1,1341,369,3.63,39.45%,41.11%,-0.284584,2026-08-10
NUAI,5.38,2026-08-14,4,Put,5.00,-7.06%,0.2,0.2,0.3,848,234,3.62,176.54%,191.05%,-0.319884,2026-08-10
HOOD,94.52,2026-08-14,4,Call,94.00,+0.55%,2.93,3.05,3.05,5400,1494,3.61,62.91%,68.67%,0.547056,2026-08-10
WEN,7.3,2026-08-14,4,Call,7.00,+4.11%,0.3,0.35,0.45,584,162,3.6,54.78%,63.85%,0.744221,2026-08-10
RKLB,80.04,2026-08-14,4,Put,68.00,-15.04%,0.88,0.93,0.93,1217,338,3.6,98.81%,150.77%,-0.132609,2026-08-10
RCAT,10,2026-08-28,18,Call,11.00,-10.00%,0.45,0.58,0.59,787,219,3.59,103.09%,100.25%,0.37872,2026-08-10
CRWV,88.19,2026-08-21,11,Call,91.00,-3.19%,5.85,6.22,6.15,793,221,3.59,96.25%,117.53%,0.4815,2026-08-10
RKLB,80.04,2026-08-14,4,Put,75.00,-6.30%,2.81,2.88,2.88,4538,1269,3.58,98.81%,153.87%,-0.313303,2026-08-10
VST,142.87,2026-08-14,4,Put,139.00,-2.71%,1.33,1.57,1.7,529,148,3.57,49.15%,52.42%,-0.29695,2026-08-10
APP,339,2026-08-28,18,Call,500.00,-47.49%,0.15,0.25,0.25,1006,282,3.57,61.52%,73.51%,0.01108,2026-08-10
ACHR,6.26,2026-08-28,18,Call,7.50,-19.81%,0.22,0.29,0.28,1017,285,3.57,98.56%,115.35%,0.284146,2026-08-10
ABNB,184.7,2026-08-21,11,Call,185.00,-0.16%,3.55,4.2,4.4,694,195,3.56,32.37%,31.45%,0.507025,2026-08-10
MSFT,506.06,2026-08-14,4,Put,502.50,-0.70%,4.6,4.8,5,766,215,3.56,27.84%,30.80%,-0.403809,2026-08-10
AXTI,73.81,2026-08-14,4,Call,80.00,-8.39%,2.45,2.7,2.7,675,190,3.55,135.97%,158.17%,0.344113,2026-08-10
TSLA,330.88,2026-08-12,2,Put,315.00,-4.80%,0.27,0.27,0.29,1866,527,3.54,40.09%,43.42%,-0.060315,2026-08-10
TTD,13.39,2026-08-14,4,Put,13.00,-2.91%,0.2,0.21,0.21,5760,1626,3.54,57.60%,67.04%,-0.322321,2026-08-10
RKLB,80.04,2026-08-14,4,Call,91.00,-13.69%,2.05,2.11,2.21,1291,366,3.53,98.81%,171.23%,0.266245,2026-08-10
BAC,63.86,2026-08-21,11,Put,64.00,+0.22%,0.82,0.86,0.86,1041,296,3.52,20.04%,17.74%,-0.516378,2026-08-10
ASTS,68.76,2026-08-14,4,Put,55.00,-20.01%,0.34,0.37,0.4,2568,729,3.52,101.26%,153.70%,-0.070702,2026-08-10
BA,232.79,2026-09-04,25,Put,220.00,-5.49%,2.33,2.31,2.81,695,198,3.51,31.36%,30.69%,-0.227699,2026-08-10
META,594.92,2026-08-12,2,Call,590.00,+0.83%,8.9,9.15,9.95,564,161,3.5,34.84%,37.79%,0.624492,2026-08-10
AMD,469.56,2026-08-12,2,Call,475.00,-1.16%,6.3,6.51,6.7,1301,372,3.5,58.84%,63.97%,0.414714,2026-08-10
APLD,29.06,2026-08-14,4,Call,29.50,-1.51%,0.95,1.02,1.09,1320,377,3.5,89.66%,100.02%,0.46518,2026-08-10
ORCL,151.05,2026-08-14,4,Put,137.00,-9.30%,0.34,0.35,0.39,2507,717,3.5,71.62%,66.62%,-0.075171,2026-08-10
GOOGL,357.52,2026-08-12,2,Call,365.00,-2.09%,0.92,0.95,0.97,2671,763,3.5,30.41%,32.43%,0.199605,2026-08-10
NFLX,76.29,2026-08-14,4,Put,73.00,-4.31%,0.18,0.19,0.19,6073,1737,3.5,33.35%,37.29%,-0.123386,2026-08-10
ORCL,151.05,2026-08-14,4,Call,160.00,-5.93%,1.28,1.32,1.35,25769,7388,3.49,71.62%,67.95%,0.220541,2026-08-10
CHTR,153.29,2026-08-21,11,Put,155.00,+1.12%,3.7,6.74,9.4,643,184,3.49,54.80%,53.77%,-0.525269,2026-08-10
SE,114.8,2026-08-14,4,Put,90.00,-21.60%,0.35,0.38,0.41,781,224,3.49,68.39%,147.26%,-0.048635,2026-08-10
AMD,469.56,2026-08-14,4,Put,475.00,+1.16%,15.2,15.45,15.95,1567,449,3.49,58.84%,64.74%,-0.552348,2026-08-10
TSLA,330.88,2026-08-12,2,Put,310.00,-6.31%,0.13,0.14,0.14,2223,637,3.49,40.09%,47.29%,-0.029741,2026-08-10
SBUX,104.65,2027-06-17,311,Put,95.00,-9.22%,6.55,6.77,6.9,606,174,3.48,26.94%,31.42%,-0.298818,2026-08-10
NVDA,217.55,2026-08-19,9,Call,227.50,-4.57%,1.36,1.41,1.43,636,183,3.48,39.45%,34.25%,0.214703,2026-08-10
CELH,27.21,2026-08-14,4,Call,26.50,+2.61%,0.99,1.09,1.18,850,244,3.48,50.34%,59.18%,0.678768,2026-08-10
V,361.32,2026-08-14,4,Call,370.00,-2.40%,0.41,0.44,0.73,1661,477,3.48,20.64%,20.77%,0.143037,2026-08-10
UPWK,9.83,2026-09-18,39,Call,10.00,-1.73%,1,1.09,1.2,1808,519,3.48,100.09%,90.54%,0.54119,2026-08-10
MRVL,208.56,2026-08-14,4,Call,235.00,-12.68%,1,1.03,1.05,5667,1629,3.48,85.93%,89.96%,0.111937,2026-08-10
ASTS,68.76,2026-08-14,4,Put,60.00,-12.74%,1.14,1.16,1.21,4282,1235,3.47,101.26%,155.80%,-0.178946,2026-08-10
USAR,19.04,2026-08-28,18,Call,25.00,-31.30%,0.21,0.4,0.49,583,168,3.47,102.01%,109.20%,0.159996,2026-08-10
USAR,19.04,2026-08-14,4,Put,18.00,-5.46%,0.52,0.56,0.6,846,244,3.47,102.01%,129.07%,-0.313528,2026-08-10
KKR,103.83,2026-08-21,11,Put,101.00,-2.73%,1.55,1.7,1.8,979,282,3.47,37.88%,40.92%,-0.331718,2026-08-10
META,594.92,2026-08-12,2,Call,630.00,-5.90%,0.28,0.27,0.31,1509,435,3.47,34.84%,43.35%,0.03887,2026-08-10
MSFT,506.06,2026-08-28,18,Put,355.00,-29.85%,0.01,0.15,0.3,692,200,3.46,27.84%,66.00%,-0.006187,2026-08-10
IREN,38.74,2026-08-14,4,Call,42.50,-9.71%,0.6,0.67,0.67,1579,458,3.45,104.63%,116.01%,0.242317,2026-08-10
PLUG,2.11,2026-09-04,25,Put,2.00,-5.21%,0.14,0.17,0.18,536,156,3.44,105.67%,99.37%,-0.365521,2026-08-10
QBTS,20.19,2026-08-14,4,Put,20.50,+1.54%,0.89,0.96,1.01,537,156,3.44,80.17%,92.96%,-0.541726,2026-08-10
ANET,191.52,2026-10-16,67,Put,190.00,-0.79%,16.8,17.1,18.6,639,186,3.44,56.34%,58.56%,-0.429635,2026-08-10
RPD,11.61,2027-01-15,158,Call,13.00,-11.97%,1.7,2.05,2.65,782,227,3.44,110.39%,86.24%,0.54528,2026-08-10
OMER,13.62,2026-08-21,11,Call,16.00,-17.47%,0.15,0.4,0.5,1950,567,3.44,110.63%,111.26%,0.232189,2026-08-10
IBM,236.31,2026-08-14,4,Call,250.00,-5.79%,0.35,0.37,0.4,10461,3037,3.44,36.38%,38.81%,0.086301,2026-08-10
CLS,314.59,2026-08-14,4,Call,340.00,-8.08%,1.3,2,2.1,596,174,3.43,69.79%,68.75%,0.149674,2026-08-10
HTZ,2.12,2026-09-25,46,Put,2.00,-5.66%,0.31,0.35,0.35,1111,324,3.43,142.76%,135.54%,-0.355943,2026-08-10
WDC,438.34,2027-01-15,158,Call,440.00,-0.38%,94,96,100,1391,405,3.43,77.53%,83.56%,0.616491,2026-08-10
MU,861,2026-08-12,2,Call,930.00,-8.01%,2.41,2.4,2.64,1884,550,3.43,70.47%,80.92%,0.104934,2026-08-10
F,14,2026-08-14,4,Call,13.50,+3.57%,0.47,0.51,0.57,2240,654,3.43,31.51%,27.98%,0.895267,2026-08-10
QUBT,8.93,2026-08-14,4,Put,8.00,-10.41%,0.15,0.16,0.16,2521,736,3.43,90.64%,137.58%,-0.200966,2026-08-10
MU,861,2026-08-12,2,Call,910.00,-5.69%,4.65,4.8,5,1080,316,3.42,70.47%,79.16%,0.180862,2026-08-10
UBER,78.03,2026-08-14,4,Put,75.00,-3.88%,0.25,0.29,0.32,1754,513,3.42,33.81%,39.72%,-0.163031,2026-08-10
AMD,469.56,2026-08-14,4,Put,472.50,+0.63%,13.85,14.2,14.55,570,167,3.41,58.84%,64.91%,-0.521237,2026-08-10
ARM,267.85,2026-08-21,11,Call,610.00,-127.74%,0.01,0.1,0.2,577,169,3.41,75.29%,171.69%,0.004556,2026-08-10
WAY,24.7,2026-08-21,11,Call,25.00,-1.21%,0.55,0.9,1,1003,294,3.41,47.39%,52.62%,0.470298,2026-08-10
AMD,469.56,2026-08-12,2,Call,500.00,-6.48%,1.06,1.11,1.17,2018,591,3.41,58.84%,65.91%,0.104016,2026-08-10
AAPL,308.26,2026-08-14,4,Put,297.50,-3.49%,0.46,0.5,0.51,2177,638,3.41,24.47%,28.18%,-0.109249,2026-08-10
DJT,9.39,2026-08-14,4,Put,9.00,-4.15%,0.19,0.25,0.28,1665,490,3.4,83.59%,104.60%,-0.328037,2026-08-10
MSFT,506.06,2026-08-12,2,Call,525.00,-3.74%,0.29,0.31,0.32,2533,744,3.4,27.84%,31.60%,0.060291,2026-08-10
NFLX,76.29,2026-09-11,32,Call,80.00,-4.86%,1.63,1.68,1.71,2501,737,3.39,33.35%,33.59%,0.34641,2026-08-10
AVGO,422.4,2026-08-12,2,Put,415.00,-1.75%,2.47,2.68,3.1,578,171,3.38,49.62%,46.63%,-0.296795,2026-08-10
UNH,408.74,2026-09-04,25,Call,450.00,-10.09%,1.35,1.42,1.43,1111,329,3.38,28.32%,27.79%,0.101393,2026-08-10
NKE,42.11,2028-06-16,676,Call,42.50,-0.93%,9,9.5,10.55,1455,431,3.38,35.71%,46.24%,0.591603,2026-08-10
PLTR,175.23,2026-08-21,11,Put,167.50,-4.41%,2.88,2.93,2.97,1705,504,3.38,49.44%,51.23%,-0.286897,2026-08-10
AAPL,308.26,2026-08-14,4,Put,307.50,-0.25%,2.79,3.11,3.05,10469,3096,3.38,24.47%,25.91%,-0.454087,2026-08-10
PLTR,175.23,2026-09-04,25,Put,170.00,-2.98%,6.3,6.45,6.55,923,274,3.37,49.44%,49.75%,-0.376991,2026-08-10
BRK.B,529.42,2026-08-14,4,Call,535.00,-1.05%,1.6,1.77,2.13,1179,350,3.37,14.97%,17.94%,0.298854,2026-08-10
RKLB,80.04,2026-08-14,4,Call,72.00,+10.04%,9.75,9.95,10.2,831,247,3.36,98.81%,155.46%,0.76864,2026-08-10
INTC,97.52,2026-08-14,4,Call,97.00,+0.53%,3.35,3.48,3.55,1335,399,3.35,70.58%,77.98%,0.543966,2026-08-10
IREN,38.74,2026-08-14,4,Call,43.50,-12.29%,0.44,0.49,0.51,1489,444,3.35,104.63%,117.83%,0.190871,2026-08-10
T,24.05,2026-08-28,18,Call,24.50,-1.87%,0.33,0.35,0.38,1904,569,3.35,25.51%,25.83%,0.380997,2026-08-10
SMCI,31.46,2026-08-14,4,Put,29.00,-7.82%,0.97,1,1,3105,928,3.35,93.56%,157.12%,-0.281143,2026-08-10
MU,861,2026-08-12,2,Put,780.00,-9.41%,0.94,1,1.11,908,272,3.34,70.47%,81.21%,-0.046803,2026-08-10
MP,54.66,2026-08-14,4,Call,54.00,+1.21%,2.09,2.4,2.36,924,277,3.34,70.86%,82.22%,0.574884,2026-08-10
RTX,224.12,2027-06-17,311,Call,240.00,-7.09%,16.9,18.8,19.6,1023,306,3.34,24.17%,27.67%,0.474612,2026-08-10
TSLA,330.88,2026-08-14,4,Put,330.00,-0.27%,5.1,5.1,5.2,5858,1754,3.34,40.09%,40.84%,-0.463656,2026-08-10
NVDA,217.55,2026-08-14,4,Call,220.00,-1.13%,2.42,2.44,2.47,38565,11590,3.33,39.45%,38.37%,0.401231,2026-08-10
CRWV,88.19,2026-08-14,4,Put,76.00,-13.82%,1.16,1.22,1.25,1722,517,3.33,96.25%,151.36%,-0.153768,2026-08-10
HOOD,94.52,2026-08-14,4,Put,87.00,-7.96%,0.35,0.39,0.41,2626,789,3.33,62.91%,67.74%,-0.11318,2026-08-10
LUV,44.9,2026-08-14,4,Put,43.00,-4.23%,0.1,0.16,0.19,544,164,3.32,39.23%,40.22%,-0.146189,2026-08-10
SKHY,135.29,2026-08-14,4,Call,135.00,+0.21%,5.2,5.2,5.4,584,176,3.32,81.02%,90.88%,0.529618,2026-08-10
JANX,16.41,2026-08-21,11,Call,17.50,-6.64%,0.2,0.23,0.25,2480,748,3.32,49.46%,52.74%,0.259524,2026-08-10
TSLA,330.88,2026-08-12,2,Put,320.00,-3.29%,0.65,0.67,0.69,5702,1716,3.32,40.09%,41.05%,-0.131031,2026-08-10
NOG,23.49,2026-08-21,11,Put,21.00,-10.60%,0.05,0.12,0.2,536,162,3.31,44.26%,54.57%,-0.111307,2026-08-10
NVTS,13.17,2026-08-14,4,Put,13.00,-1.29%,0.47,0.47,0.49,593,179,3.31,97.18%,103.10%,-0.42959,2026-08-10
KHC,24.93,2026-08-14,4,Put,24.50,-1.72%,0.1,0.2,0.18,1194,361,3.31,29.39%,29.67%,-0.285282,2026-08-10
SPCX,138.74,2026-08-14,4,Put,126.00,-9.18%,1.05,1.08,1.09,3245,981,3.31,78.06%,92.53%,-0.147648,2026-08-10
SKHY,135.29,2026-08-14,4,Call,140.00,-3.48%,3.2,3.2,3.3,3380,1021,3.31,81.02%,91.43%,0.379965,2026-08-10
DJT,9.39,2026-08-14,4,Call,10.50,-11.82%,0.11,0.13,0.15,3697,1117,3.31,83.59%,120.61%,0.206473,2026-08-10
ARM,267.85,2026-08-14,4,Put,260.00,-2.93%,5.6,5.8,6,620,188,3.3,75.29%,83.82%,-0.34945,2026-08-10
COHR,325.15,2026-08-14,4,Put,300.00,-7.73%,7,8.3,9,775,235,3.3,96.42%,137.03%,-0.262571,2026-08-10
BRK.B,529.42,2026-08-21,11,Call,550.00,-3.89%,0.42,0.41,0.7,806,244,3.3,14.97%,15.50%,0.08638,2026-08-10
BULL,7.26,2026-08-28,18,Put,7.00,-3.58%,0.33,0.34,0.38,2174,658,3.3,71.61%,75.89%,-0.378493,2026-08-10
NVDA,217.55,2026-08-12,2,Put,225.00,+3.42%,7.6,7.7,7.8,4395,1333,3.3,39.45%,35.52%,-0.897883,2026-08-10
GOOG,355.84,2026-08-14,4,Call,367.50,-3.28%,1.08,1.13,1.15,879,267,3.29,29.77%,32.09%,0.175687,2026-08-10
RKLB,80.04,2026-08-14,4,Put,81.00,+1.20%,5.7,5.95,6.1,873,266,3.28,98.81%,161.45%,-0.493687,2026-08-10
ABNB,184.7,2026-08-21,11,Call,200.00,-8.28%,0.42,0.44,0.52,1540,469,3.28,32.37%,33.74%,0.094939,2026-08-10
SNDK,1237.92,2026-08-14,4,Call,"1,300.00",-5.01%,31.7,31.96,32.6,2526,770,3.28,92.07%,109.15%,0.356556,2026-08-10
CRWV,88.19,2026-08-14,4,Call,106.00,-20.20%,1.19,1.33,1.4,634,194,3.27,96.25%,167.81%,0.16926,2026-08-10
BRK.B,529.42,2026-10-16,67,Put,515.00,-2.72%,6.5,7.27,7.35,733,224,3.27,14.97%,15.69%,-0.299675,2026-08-10
RCAT,10,2026-08-14,4,Call,11.00,-10.00%,0.13,0.16,0.18,1532,469,3.27,103.09%,115.09%,0.233419,2026-08-10
TSLA,330.88,2026-08-21,11,Call,332.50,-0.49%,8.45,8.5,8.55,1600,490,3.27,40.09%,39.71%,0.491812,2026-08-10
AAL,15,2026-08-14,4,Put,14.50,-3.33%,0.09,0.1,0.11,2095,641,3.27,47.98%,45.92%,-0.232218,2026-08-10
UPWK,9.83,2028-01-21,529,Call,25.00,-154.32%,0.45,0.8,1.85,576,177,3.25,100.09%,75.24%,0.304053,2026-08-10
MP,54.66,2026-08-14,4,Call,57.00,-4.28%,1,1.05,1.06,733,226,3.24,70.86%,84.82%,0.33604,2026-08-10
SMCI,31.46,2026-08-21,11,Put,25.50,-18.94%,0.28,0.33,0.44,1288,398,3.24,93.56%,109.42%,-0.113906,2026-08-10
HAPN,19.44,2026-08-21,11,Call,20.00,-2.88%,0.25,0.51,0.75,1401,433,3.24,50.69%,54.10%,0.403673,2026-08-10
TSLA,330.88,2026-08-17,7,Put,327.50,-1.02%,4.9,4.96,5.05,1175,364,3.23,40.09%,36.38%,-0.40496,2026-08-10
MSTR,97.33,2026-08-14,4,Put,97.00,-0.34%,2.76,2.95,2.95,1860,576,3.23,71.40%,74.79%,-0.46546,2026-08-10
BETA,23.76,2026-08-21,11,Call,25.00,-5.22%,0.95,1.2,1.2,698,217,3.22,87.30%,95.49%,0.413926,2026-08-10
GLXY,19.52,2026-10-16,67,Call,20.00,-2.46%,2.7,2.94,3.05,766,238,3.22,82.68%,91.02%,0.55967,2026-08-10
DELL,457.88,2026-08-14,4,Call,520.00,-13.57%,1.68,1.89,1.92,1007,313,3.22,85.84%,88.87%,0.093834,2026-08-10
LIN,492.46,2026-10-16,67,Put,475.00,-3.55%,9,12.6,13.4,500,156,3.21,22.42%,23.48%,-0.327526,2026-08-10
ORCL,151.05,2026-08-28,18,Put,140.00,-7.32%,3.15,3.3,3.65,517,161,3.21,71.62%,60.19%,-0.260063,2026-08-10
CRWV,88.19,2026-08-14,4,Put,79.00,-10.42%,1.86,1.93,1.97,834,260,3.21,96.25%,152.05%,-0.219686,2026-08-10
NFLX,76.29,2026-08-14,4,Call,76.00,+0.38%,1.31,1.31,1.33,20235,6307,3.21,33.35%,36.26%,0.551639,2026-08-10
MU,861,2026-08-12,2,Put,855.00,-0.70%,15.6,16.35,16.45,541,169,3.2,70.47%,74.77%,-0.43763,2026-08-10
BULL,7.26,2026-08-21,11,Put,7.00,-3.58%,0.23,0.26,0.35,2302,720,3.2,71.61%,83.09%,-0.370194,2026-08-10
AMD,469.56,2026-08-12,2,Put,475.00,+1.16%,11.5,11.85,12.05,849,266,3.19,58.84%,63.39%,-0.586608,2026-08-10
BAND,52.71,2026-08-21,11,Put,45.00,-14.63%,0.05,0.55,0.7,979,307,3.19,85.40%,77.20%,-0.104834,2026-08-10
TTD,13.39,2026-08-21,11,Call,13.00,+2.91%,0.71,0.74,0.74,1046,328,3.19,57.60%,54.44%,0.644927,2026-08-10
EOSE,4.05,2026-09-04,25,Call,5.00,-23.46%,0.13,0.23,0.25,1056,331,3.19,116.06%,113.71%,0.290811,2026-08-10
HIMS,31.77,2026-08-14,4,Put,27.00,-15.01%,0.58,0.59,0.6,5831,1832,3.18,97.49%,180.15%,-0.1688,2026-08-10
MYRG,330.31,2026-08-21,11,Call,710.00,-114.95%,0,0.2,0.1,664,209,3.18,59.91%,147.50%,0.002152,2026-08-10
NBIS,184.11,2026-08-14,4,Call,205.00,-11.35%,5,5.09,5.2,1019,320,3.18,110.31%,159.47%,0.288402,2026-08-10
RUN,9.87,2026-08-14,4,Call,10.00,-1.32%,0.12,0.24,0.28,1024,322,3.18,76.46%,62.24%,0.435581,2026-08-10
SPCX,138.74,2026-08-14,4,Call,149.00,-7.40%,2.27,2.27,2.31,1453,457,3.18,78.06%,101.24%,0.268781,2026-08-10
AAPL,308.26,2026-09-11,32,Call,330.00,-7.05%,2.11,2.15,2.48,1512,476,3.18,24.47%,24.39%,0.1929,2026-08-10
OXY,58.65,2027-06-17,311,Put,35.00,-40.32%,0.48,0.49,0.75,770,243,3.17,33.73%,41.36%,-0.055396,2026-08-10
META,594.92,2027-09-17,403,Put,600.00,+0.85%,91.95,93.49,94.3,854,269,3.17,34.84%,41.07%,-0.400209,2026-08-10
META,594.92,2026-08-14,4,Put,590.00,-0.83%,6.3,6.85,6.85,3200,1008,3.17,34.84%,35.97%,-0.402284,2026-08-10
GOOG,355.84,2026-08-14,4,Call,370.00,-3.98%,0.77,0.8,0.8,8184,2585,3.17,29.77%,32.46%,0.131222,2026-08-10
SPCX,138.74,2026-08-14,4,Put,115.00,-17.11%,0.17,0.18,0.18,29422,9304,3.16,78.06%,98.49%,-0.030376,2026-08-10
ZVRA,11.48,2027-12-17,494,Call,22.00,-91.64%,0.5,1.37,5,562,178,3.16,87.14%,91.46%,0.488913,2026-08-10
META,594.92,2026-08-14,4,Call,597.50,-0.43%,7.75,8.25,8.4,628,199,3.16,34.84%,37.00%,0.466866,2026-08-10
CVNA,74.16,2026-08-14,4,Put,71.00,-4.26%,0.74,0.81,0.84,667,211,3.16,58.52%,65.70%,-0.250562,2026-08-10
LLY,1231.94,2026-09-18,39,Put,"1,050.00",-14.77%,4.35,4.77,5.2,794,251,3.16,32.62%,35.49%,-0.071798,2026-08-10
META,594.92,2026-08-14,4,Put,595.00,+0.01%,8.6,9.24,9.55,1220,386,3.16,34.84%,36.75%,-0.490722,2026-08-10
BSX,50.46,2026-08-14,4,Call,52.00,-3.05%,0.25,0.29,0.4,901,286,3.15,38.01%,41.37%,0.253534,2026-08-10
NOW,127.44,2026-08-14,4,Put,122.00,-4.27%,1.01,1.06,1.11,515,164,3.14,54.81%,58.57%,-0.227229,2026-08-10
SPCX,138.74,2026-09-11,32,Call,135.00,+2.70%,14,14.15,14.8,729,232,3.14,78.06%,75.73%,0.59813,2026-08-10
MCD,273.72,2026-09-04,25,Call,290.00,-5.95%,1.06,1.11,1.35,1358,432,3.14,20.93%,21.07%,0.156298,2026-08-10
NVDA,217.55,2026-08-14,4,Put,220.00,+1.13%,4.65,4.75,4.8,14988,4780,3.14,39.45%,37.23%,-0.603125,2026-08-10
DIS,103.18,2026-09-18,39,Call,110.00,-6.61%,0.95,1,1.05,21140,6736,3.14,23.53%,24.07%,0.222111,2026-08-10
RILY,7.27,2026-08-14,4,Call,7.50,-3.16%,0.13,0.14,0.15,5785,1847,3.13,75.25%,78.91%,0.359061,2026-08-10
BAC,63.86,2026-08-14,4,Put,63.00,-1.35%,0.19,0.21,0.21,9423,3015,3.13,20.04%,19.81%,-0.250425,2026-08-10
MSFT,506.06,2026-08-12,2,Call,495.00,+2.19%,11,12.8,12.7,601,192,3.13,27.84%,27.54%,0.864764,2026-08-10
DINO,85.22,2026-08-21,11,Call,75.00,+11.99%,9.9,10.25,10.3,832,266,3.13,44.04%,29.24%,0.993907,2026-08-10
ACHR,6.26,2026-09-18,39,Put,6.00,-4.15%,0.59,0.63,0.62,1131,361,3.13,98.56%,92.72%,-0.381359,2026-08-10
CELH,27.21,2026-08-14,4,Call,27.00,+0.77%,0.75,0.75,0.8,1644,525,3.13,50.34%,58.22%,0.565192,2026-08-10
RKLB,80.04,2026-08-14,4,Call,81.00,-1.20%,5,5.05,5.15,2170,693,3.13,98.81%,164.59%,0.507678,2026-08-10
CMG,32.14,2026-08-14,4,Call,30.00,+6.66%,2.04,2.33,2.57,502,161,3.12,37.81%,62.79%,0.861564,2026-08-10
GRRR,13.49,2026-08-14,4,Put,10.00,-25.87%,0,0.17,0.2,506,162,3.12,118.26%,209.47%,-0.069894,2026-08-10
SPCX,138.74,2026-09-04,25,Put,125.00,-9.90%,5.1,5.27,5.3,966,310,3.12,78.06%,78.68%,-0.267676,2026-08-10
CZR,30.07,2026-08-14,4,Call,30.50,-1.43%,0.15,0.15,0.2,626,201,3.11,21.08%,27.23%,0.319213,2026-08-10
MCD,273.72,2026-08-28,18,Call,280.00,-2.29%,2.68,2.8,2.96,677,218,3.11,20.93%,21.80%,0.331428,2026-08-10
DDOG,260.78,2026-08-14,4,Call,250.00,+4.13%,13.15,13.55,14.8,737,237,3.11,58.51%,68.28%,0.736314,2026-08-10
RKLB,80.04,2026-08-14,4,Put,79.00,-1.30%,4.65,4.75,4.9,740,238,3.11,98.81%,159.57%,-0.434948,2026-08-10
KMI,31.39,2026-08-14,4,Call,31.50,-0.35%,0.2,0.22,0.25,1205,387,3.11,21.49%,21.07%,0.441038,2026-08-10
PRU,122.11,2026-08-21,11,Put,125.00,+2.37%,3.3,4.01,5.1,1537,495,3.11,21.96%,28.93%,-0.671266,2026-08-10
BBWI,19.32,2026-11-20,102,Call,25.00,-29.40%,0.75,0.85,0.85,704,227,3.1,63.64%,59.90%,0.253041,2026-08-10
B,40.88,2026-08-14,4,Call,40.00,+2.15%,1.31,1.5,1.63,4987,1610,3.1,43.08%,56.95%,0.654734,2026-08-10
TSLA,330.88,2026-08-12,2,Call,342.50,-3.51%,0.8,0.82,0.83,3767,1221,3.09,40.09%,43.84%,0.14888,2026-08-10
NVDA,217.55,2026-08-12,2,Call,215.00,+1.17%,3.8,3.89,4,3856,1253,3.08,39.45%,37.37%,0.672317,2026-08-10
NBIS,184.11,2026-08-14,4,Call,187.50,-1.84%,10.4,10.2,10.8,630,206,3.06,110.31%,157.26%,0.489581,2026-08-10
HTGC,17.17,2026-11-20,102,Call,15.00,+12.64%,1.2,1.7,3.7,735,240,3.06,20.20%,37.10%,0.772386,2026-08-10
META,594.92,2026-08-12,2,Put,580.00,-2.51%,1.4,1.49,1.59,902,295,3.06,34.84%,36.78%,-0.170435,2026-08-10
SPCX,138.74,2026-08-21,11,Call,134.00,+3.42%,10.35,10.55,10.75,2484,813,3.06,78.06%,83.42%,0.625531,2026-08-10
SPCX,138.74,2026-08-14,4,Put,122.00,-12.07%,0.54,0.56,0.56,3204,1046,3.06,78.06%,93.14%,-0.08514,2026-08-10
FCX,70.51,2026-08-21,11,Call,72.00,-2.11%,1.66,1.95,1.98,609,200,3.05,49.81%,50.09%,0.425558,2026-08-10
INTC,97.52,2026-08-12,2,Put,97.00,-0.53%,1.87,1.93,1.99,3198,1048,3.05,70.58%,76.16%,-0.450034,2026-08-10
GOOGL,357.52,2026-08-12,2,Call,375.00,-4.89%,0.16,0.17,0.18,666,219,3.04,30.41%,37.08%,0.042864,2026-08-10
ASTS,68.76,2026-08-14,4,Put,67.00,-2.56%,3.45,3.7,3.8,739,243,3.04,101.26%,157.56%,-0.404499,2026-08-10
AXTI,73.81,2026-08-14,4,Call,90.00,-21.93%,0.75,0.8,0.9,1296,427,3.04,135.97%,161.87%,0.139318,2026-08-10
FIG,25.39,2026-08-14,4,Call,25.00,+1.54%,0.98,1.1,1.19,3857,1268,3.04,76.85%,82.77%,0.589629,2026-08-10
RKLB,80.04,2026-08-14,4,Call,85.00,-6.20%,3.55,3.6,3.65,9547,3139,3.04,98.81%,166.55%,0.399184,2026-08-10
MSFT,506.06,2026-08-14,4,Put,500.00,-1.20%,3.7,3.85,4,4333,1430,3.03,27.84%,30.88%,-0.345533,2026-08-10
CIFR,16.33,2026-08-21,11,Put,15.50,-5.08%,0.46,0.7,0.88,593,196,3.03,105.14%,94.38%,-0.342369,2026-08-10
WDC,438.34,2026-08-14,4,Call,520.00,-18.63%,0.9,0.93,1.11,822,271,3.03,77.53%,98.44%,0.054522,2026-08-10
CSCO,122.57,2028-01-21,529,Call,190.00,-55.01%,8.45,8.75,9.75,908,300,3.03,48.94%,42.37%,0.293012,2026-08-10
AMTX,1.66,2028-01-21,529,Call,7.5000,-351.81%,0.25,0.35,0.45,1338,441,3.03,149.66%,120.27%,0.390887,2026-08-10
SPCX,138.74,2026-09-25,46,Put,100.00,-27.92%,1.86,1.9,2,516,171,3.02,78.06%,79.33%,-0.093657,2026-08-10
NVO,47.73,2026-08-14,4,Put,46.50,-2.58%,0.21,0.25,0.22,754,250,3.02,33.54%,32.98%,-0.222692,2026-08-10
SNDK,1237.92,2026-08-14,4,Call,"1,250.00",-0.98%,49.5,49.5,51.5,4257,1410,3.02,92.07%,108.07%,0.489721,2026-08-10
INTC,97.52,2026-08-28,18,Call,110.00,-12.80%,2.22,2.23,2.43,4919,1629,3.02,70.58%,73.93%,0.260331,2026-08-10
TSLA,330.88,2026-08-12,2,Call,350.00,-5.78%,0.28,0.29,0.29,10528,3486,3.02,40.09%,47.56%,0.057902,2026-08-10
AMD,469.56,2026-08-12,2,Put,455.00,-3.10%,3.2,3.35,3.45,612,203,3.01,58.84%,64.26%,-0.245158,2026-08-10
DOCU,59.64,2027-01-15,158,Call,62.50,-4.80%,7.3,8.53,9.1,636,212,3,63.88%,57.50%,0.543554,2026-08-10
PINS,24.37,2026-08-14,4,Put,23.50,-3.57%,0.12,0.22,0.23,778,259,3,41.79%,49.56%,-0.231604,2026-08-10
CPB,22.42,2026-08-14,4,Put,22.50,+0.36%,0.2,0.3,0.4,779,260,3,37.29%,27.08%,-0.548734,2026-08-10
SMCI,31.46,2026-08-14,4,Call,36.50,-16.02%,0.73,0.76,0.77,781,260,3,93.56%,176.71%,0.239247,2026-08-10
UNH,408.74,2026-08-14,4,Call,415.00,-1.53%,2.45,2.61,2.69,1155,386,2.99,28.32%,29.53%,0.318622,2026-08-10
ONON,38.78,2026-08-21,11,Call,45.00,-16.04%,0.34,0.42,0.43,1362,455,2.99,59.96%,77.39%,0.151016,2026-08-10
TSLA,330.88,2026-08-12,2,Call,347.50,-5.02%,0.39,0.39,0.4,2298,769,2.99,40.09%,46.05%,0.078549,2026-08-10
AMD,469.56,2026-08-28,18,Put,420.00,-10.55%,6.55,6.9,7,8715,2915,2.99,58.84%,61.00%,-0.183261,2026-08-10
APPS,14.39,2026-09-18,39,Call,20.00,-38.99%,0.25,0.4,0.4,668,224,2.98,86.11%,89.09%,0.165699,2026-08-10
IONQ,42.53,2026-08-21,11,Call,44.00,-3.46%,1.78,1.9,1.99,717,241,2.98,84.85%,84.66%,0.440257,2026-08-10
ABCL,9.34,2026-09-18,39,Call,9.00,+3.64%,1.1,1.15,1.2,2224,746,2.98,82.76%,79.87%,0.613241,2026-08-10
HOOD,94.52,2026-08-14,4,Put,86.00,-9.01%,0.25,0.26,0.29,2243,752,2.98,62.91%,67.83%,-0.085173,2026-08-10
UBER,78.03,2026-08-14,4,Call,78.00,+0.04%,1.26,1.34,1.33,3971,1331,2.98,33.81%,38.82%,0.515783,2026-08-10
UMAC,27.14,2026-11-20,102,Put,20.00,-26.31%,3,3.2,3.6,1019,343,2.97,130.34%,130.82%,-0.211878,2026-08-10
CGNX,64.36,2026-11-20,102,Call,75.00,-16.53%,4.8,4.9,5.1,1080,364,2.97,49.85%,62.47%,0.392945,2026-08-10
CIFR,16.33,2026-08-14,4,Call,17.00,-4.10%,0.55,0.56,0.62,1624,546,2.97,105.14%,126.15%,0.406913,2026-08-10
SPCX,138.74,2026-08-14,4,Put,123.00,-11.34%,0.64,0.65,0.67,11906,4004,2.97,78.06%,92.98%,-0.098591,2026-08-10
RKLB,80.04,2026-08-14,4,Call,82.00,-2.45%,4.5,4.64,4.8,4505,1524,2.96,98.81%,164.59%,0.479273,2026-08-10
MSFT,506.06,2026-08-14,4,Put,480.00,-5.15%,0.51,0.54,0.55,5199,1758,2.96,27.84%,34.13%,-0.066019,2026-08-10
NOMD,11.65,2026-08-21,11,Call,7.50,+35.62%,3.7,4.25,4.3,572,193,2.96,38.08%,181.56%,0.939414,2026-08-10
INTC,97.52,2026-08-12,2,Call,108.00,-10.75%,0.1,0.13,0.17,737,249,2.96,70.58%,83.97%,0.053868,2026-08-10
ADBE,272.96,2028-01-21,529,Put,270.00,-1.08%,48.85,51.27,51.8,753,255,2.95,52.91%,45.84%,-0.361108,2026-08-10
ASTS,68.76,2026-08-14,4,Put,66.00,-4.01%,3.05,3.2,3.35,1024,347,2.95,101.26%,158.52%,-0.369978,2026-08-10
TSM,418.47,2026-09-25,46,Put,230.00,-45.04%,0.01,0.1,0.18,1506,510,2.95,39.72%,64.56%,-0.00306,2026-08-10
RKLB,80.04,2026-08-14,4,Call,105.00,-31.18%,0.51,0.58,0.6,2153,730,2.95,98.81%,178.13%,0.086875,2026-08-10
COIN,148.68,2026-08-28,18,Call,172.50,-16.02%,2.02,2.12,2.26,503,171,2.94,63.69%,68.25%,0.185926,2026-08-10
WDC,438.34,2026-08-14,4,Call,450.00,-2.66%,10.65,11.43,12.15,658,224,2.94,77.53%,89.07%,0.408704,2026-08-10
SE,114.8,2026-08-14,4,Put,100.00,-12.89%,1.42,1.42,1.65,967,329,2.94,68.39%,142.93%,-0.158713,2026-08-10
AAPL,308.26,2026-08-17,7,Call,305.00,+1.06%,5.3,5.74,6,1010,343,2.94,24.47%,21.67%,0.65182,2026-08-10
CRWD,225.16,2026-08-14,4,Call,230.00,-2.15%,3.65,3.8,3.85,2869,977,2.94,61.69%,61.25%,0.384569,2026-08-10
PLTR,175.23,2026-08-14,4,Put,165.00,-5.84%,0.78,0.79,0.79,12725,4332,2.94,49.44%,56.11%,-0.144655,2026-08-10
ASH,75.4,2026-10-16,67,Call,90.00,-19.36%,0,1,1.55,600,205,2.93,38.06%,35.44%,0.141348,2026-08-10
AVGO,422.4,2026-08-12,2,Put,400.00,-5.30%,0.35,0.42,0.5,660,225,2.93,49.62%,48.86%,-0.063129,2026-08-10
AMZN,278.09,2026-12-18,130,Put,275.00,-1.11%,19.25,19.67,19.7,1620,552,2.93,30.22%,34.38%,-0.419059,2026-08-10
TSLA,330.88,2026-08-14,4,Call,342.50,-3.51%,1.96,2,2.02,2376,812,2.93,40.09%,43.29%,0.232579,2026-08-10
ASML,1733.48,2026-08-14,4,Put,"1,600.00",-7.70%,2.5,3.54,4.7,581,199,2.92,49.18%,55.23%,-0.077797,2026-08-10
OXY,58.65,2026-08-14,4,Call,62.00,-5.71%,0.1,0.11,0.12,841,288,2.92,33.73%,40.02%,0.096785,2026-08-10
AMD,469.56,2026-08-14,4,Call,497.50,-5.95%,3.75,4,4.3,2447,837,2.92,58.84%,67.57%,0.218812,2026-08-10
AMZN,278.09,2026-08-12,2,Call,275.00,+1.11%,4.35,4.31,4.5,3223,1102,2.92,30.22%,31.23%,0.692715,2026-08-10
DUOL,137.19,2028-01-21,529,Call,200.00,-45.78%,29.5,29.48,34,603,207,2.91,56.90%,71.17%,0.522744,2026-08-10
SNOW,334.7,2026-09-04,25,Call,360.00,-7.56%,17.35,17.94,19.2,1360,468,2.91,69.34%,79.84%,0.408095,2026-08-10
MU,861,2026-08-14,4,Call,870.00,-1.05%,24.1,25,24.95,1834,631,2.91,70.47%,79.30%,0.468479,2026-08-10
NFLX,76.29,2026-09-11,32,Put,69.00,-9.56%,0.51,0.55,0.58,514,177,2.9,33.35%,33.37%,-0.136663,2026-08-10
MP,54.66,2026-08-14,4,Put,53.00,-3.04%,1.08,1.09,1.3,524,181,2.9,70.86%,85.17%,-0.346651,2026-08-10
UAL,123.76,2027-12-17,494,Call,100.00,+19.20%,42,44.6,45,733,253,2.9,43.60%,68.12%,0.704873,2026-08-10
INTC,97.52,2026-08-12,2,Put,91.00,-6.69%,0.3,0.34,0.36,756,261,2.9,70.58%,79.87%,-0.114537,2026-08-10
DKNG,24.27,2026-08-14,4,Call,25.50,-5.07%,0.21,0.25,0.28,969,334,2.9,54.17%,66.44%,0.251318,2026-08-10
NVDA,217.55,2026-08-19,9,Call,220.00,-1.13%,3.6,3.67,3.75,1285,443,2.9,39.45%,34.51%,0.434365,2026-08-10
USAR,19.04,2026-08-14,4,Put,19.00,-0.21%,0.94,1.07,1.05,1316,454,2.9,102.01%,128.30%,-0.466041,2026-08-10
SMCI,31.46,2026-08-14,4,Call,36.00,-14.43%,0.81,0.84,0.85,4603,1586,2.9,93.56%,175.04%,0.260446,2026-08-10
RIVN,16.39,2026-08-14,4,Call,17.00,-3.72%,0.2,0.22,0.22,16474,5675,2.9,54.65%,64.37%,0.307561,2026-08-10
AAOI,132.81,2026-08-14,4,Put,115.00,-13.41%,1.4,1.56,1.7,992,343,2.89,120.57%,140.00%,-0.144965,2026-08-10
SLS,11.04,2026-08-21,11,Call,21.00,-90.22%,0.1,0.1,0.4,1888,654,2.89,188.65%,263.80%,0.120447,2026-08-10
KTOS,62.42,2026-09-18,39,Call,57.50,+7.88%,8.3,8.5,8.5,758,263,2.88,70.44%,69.95%,0.688215,2026-08-10
PLTR,175.23,2026-08-21,11,Call,187.50,-7.00%,2.04,2.06,2.16,846,294,2.88,49.44%,51.05%,0.239754,2026-08-10
NOW,127.44,2026-08-14,4,Put,125.00,-1.91%,1.9,1.96,2.06,1465,508,2.88,54.81%,58.14%,-0.361778,2026-08-10
JD,33.47,2026-08-14,4,Call,36.00,-7.56%,0.16,0.18,0.18,662,231,2.87,38.69%,65.28%,0.148282,2026-08-10
QBTS,20.19,2026-10-16,67,Put,12.00,-40.56%,0.16,0.21,0.52,751,262,2.87,80.17%,99.51%,-0.073803,2026-08-10
MU,861,2026-08-14,4,Call,945.00,-9.76%,5.2,5.35,5.6,543,190,2.86,70.47%,81.41%,0.147952,2026-08-10
UBER,78.03,2026-08-14,4,Call,82.00,-5.09%,0.18,0.19,0.2,1204,421,2.86,33.81%,39.55%,0.121326,2026-08-10
RGTI,17.65,2026-08-14,4,Call,18.50,-4.82%,0.33,0.39,0.4,4463,1563,2.86,86.95%,93.87%,0.335213,2026-08-10
SPCX,138.74,2026-08-14,4,Put,125.00,-9.90%,0.9,0.92,0.93,18167,6361,2.86,78.06%,92.73%,-0.129934,2026-08-10
SPCX,138.74,2026-09-04,25,Put,135.00,-2.70%,9.3,9.73,9.5,647,227,2.85,78.06%,79.33%,-0.403207,2026-08-10
IONQ,42.53,2027-01-15,158,Call,105.00,-146.88%,1.29,1.65,2.06,1968,691,2.85,84.85%,99.26%,0.151064,2026-08-10
CBRL,56.1,2026-08-21,11,Call,60.00,-6.95%,0.9,0.92,1,3502,1228,2.85,61.13%,59.90%,0.27777,2026-08-10
OKLO,44.49,2027-12-17,494,Call,135.00,-203.44%,4.9,7.25,7.5,500,176,2.84,84.21%,91.39%,0.322444,2026-08-10
MU,861,2026-08-28,18,Put,300.00,-65.16%,0,0.15,0.35,661,233,2.84,70.47%,173.08%,-0.001647,2026-08-10
OKLO,44.49,2026-08-14,4,Put,45.00,+1.15%,1.8,1.89,1.99,786,277,2.84,84.21%,87.60%,-0.529922,2026-08-10
BSX,50.46,2027-06-17,311,Call,40.00,+20.73%,14.7,14.94,15.1,1081,380,2.84,38.01%,46.87%,0.797274,2026-08-10
SE,114.8,2026-08-21,11,Call,150.00,-30.66%,0.19,0.5,0.64,929,328,2.83,68.39%,92.06%,0.056301,2026-08-10
TSLA,330.88,2026-08-12,2,Call,345.00,-4.27%,0.56,0.57,0.58,3917,1383,2.83,40.09%,44.98%,0.108857,2026-08-10
BWA,69.28,2026-08-21,11,Put,65.00,-6.18%,0.45,0.52,0.75,5088,1796,2.83,40.90%,44.95%,-0.193367,2026-08-10
CMG,32.14,2026-09-18,39,Call,32.50,-1.12%,1.43,1.44,1.66,11550,4078,2.83,37.81%,39.45%,0.503521,2026-08-10
HOOD,94.52,2026-08-28,18,Put,87.00,-7.96%,1.83,2.11,2.45,690,245,2.82,62.91%,63.29%,-0.25101,2026-08-10
INTC,97.52,2026-08-14,4,Put,92.00,-5.66%,1.03,1.05,1.11,1443,512,2.82,70.58%,77.93%,-0.223965,2026-08-10
MSFT,506.06,2026-10-16,67,Call,545.00,-7.69%,11.3,11.6,12,1773,628,2.82,27.84%,28.78%,0.309834,2026-08-10
COIN,148.68,2026-08-14,4,Put,141.00,-5.17%,1.2,1.2,1.35,607,216,2.81,63.69%,66.33%,-0.210765,2026-08-10
MSFT,506.06,2026-08-17,7,Call,520.00,-2.75%,2.04,2.33,2.8,504,180,2.8,27.84%,25.78%,0.233368,2026-08-10
CRWD,225.16,2026-11-20,102,Call,310.00,-37.68%,8,8.58,9,699,250,2.8,61.69%,63.62%,0.226406,2026-08-10
ASTS,68.76,2026-08-14,4,Put,61.00,-11.29%,1.27,1.47,1.47,1113,397,2.8,101.26%,153.59%,-0.203985,2026-08-10
TRUP,29.06,2026-08-21,11,Call,30.00,-3.23%,0.55,0.75,0.9,1789,638,2.8,56.23%,54.85%,0.391558,2026-08-10
PANW,385.04,2026-08-14,4,Put,300.00,-22.09%,0.03,0.16,0.61,592,212,2.79,62.03%,117.19%,-0.017929,2026-08-10
SPCX,138.74,2026-08-21,11,Call,137.00,+1.25%,8.9,8.81,9.2,1327,475,2.79,78.06%,84.64%,0.566243,2026-08-10
MSFT,506.06,2026-08-21,11,Put,505.00,-0.21%,9.05,9.35,9.6,704,253,2.78,27.84%,28.67%,-0.46767,2026-08-10
FSLY,27.75,2026-08-14,4,Call,26.00,+6.31%,2,2.2,2.55,601,217,2.77,84.38%,106.50%,0.740099,2026-08-10
AMD,469.56,2026-08-14,4,Call,475.00,-1.16%,10.35,10.25,10.85,727,262,2.77,58.84%,66.23%,0.449964,2026-08-10
MU,861,2026-08-14,4,Put,885.00,+2.79%,39.05,41,43.3,818,295,2.77,70.47%,76.09%,-0.61861,2026-08-10
TEM,55.06,2026-08-14,4,Call,55.00,+0.11%,1.66,1.87,1.96,1205,435,2.77,67.62%,77.00%,0.523431,2026-08-10
CSCO,122.57,2026-08-14,4,Call,130.00,-6.06%,2.3,2.39,2.48,2267,819,2.77,48.94%,100.32%,0.30652,2026-08-10
SPCX,138.74,2026-08-14,4,Put,121.00,-12.79%,0.46,0.47,0.47,2613,944,2.77,78.06%,93.59%,-0.073647,2026-08-10
PLTR,175.23,2026-09-25,46,Call,180.00,-2.72%,10.5,10.5,11.05,554,201,2.76,49.44%,50.45%,0.486311,2026-08-10
MU,861,2026-08-14,4,Call,"1,060.00",-23.11%,0.43,0.61,0.58,560,203,2.76,70.47%,91.84%,0.01742,2026-08-10
UPWK,9.83,2026-08-21,11,Call,12.50,-27.16%,0.2,0.25,0.25,1001,364,2.75,100.09%,138.91%,0.191751,2026-08-10
ONON,38.78,2026-08-14,4,Call,39.00,-0.57%,1.65,2,2,1300,472,2.75,59.96%,118.66%,0.507883,2026-08-10
SPCX,138.74,2026-08-14,4,Call,140.00,-0.91%,4.9,4.99,5,51772,18875,2.74,78.06%,95.09%,0.485217,2026-08-10
MU,861,2026-08-12,2,Put,760.00,-11.73%,0.4,0.45,0.5,526,192,2.74,70.47%,85.03%,-0.021869,2026-08-10
F,14,2026-12-18,130,Call,7.85,+43.93%,5.1,6.25,7.35,705,257,2.74,31.51%,65.69%,0.952761,2026-08-10
MSTR,97.33,2026-08-21,11,Call,97.00,+0.34%,4.8,5.26,5.15,1080,394,2.74,71.40%,70.73%,0.53902,2026-08-10
ZS,176.68,2026-08-14,4,Call,180.00,-1.88%,2.48,3.4,3,1574,577,2.73,68.38%,55.93%,0.388999,2026-08-10
SNDK,1237.92,2026-08-14,4,Put,"1,100.00",-11.14%,10.1,10.6,10.7,2663,977,2.73,92.07%,109.37%,-0.137382,2026-08-10
SMCI,31.46,2026-08-14,4,Call,33.00,-4.90%,1.59,1.6,1.6,8409,3084,2.73,93.56%,169.49%,0.429192,2026-08-10
KKR,103.83,2027-12-17,494,Put,120.00,+15.57%,25.8,26.49,27.5,501,184,2.72,37.88%,39.81%,-0.51746,2026-08-10
CIFR,16.33,2026-09-04,25,Call,20.00,-22.47%,0.7,0.77,0.92,986,362,2.72,105.14%,114.49%,0.302034,2026-08-10
MOS,23.47,2026-08-14,4,Call,24.00,-2.26%,0.2,0.25,0.3,1338,492,2.72,45.09%,47.24%,0.334575,2026-08-10
TSLA,330.88,2026-08-14,4,Put,335.00,+1.25%,7.9,8,8.1,2658,977,2.72,40.09%,41.56%,-0.601083,2026-08-10
MSFT,506.06,2026-08-14,4,Call,507.50,-0.28%,5.55,5.7,5.95,3540,1302,2.72,27.84%,30.10%,0.474327,2026-08-10
META,594.92,2026-08-12,2,Call,635.00,-6.74%,0.2,0.24,0.28,571,211,2.71,34.84%,46.47%,0.030548,2026-08-10
CRWD,225.16,2026-08-14,4,Call,225.00,+0.07%,5.75,6,6,3724,1374,2.71,61.69%,61.19%,0.519675,2026-08-10
S,22.23,2027-01-15,158,Call,40.00,-79.94%,0.45,0.5,0.55,7408,2734,2.71,65.09%,64.14%,0.126832,2026-08-10
PLTR,175.23,2026-08-14,4,Call,200.00,-14.14%,0.13,0.14,0.14,13913,5133,2.71,49.44%,65.59%,0.02969,2026-08-10
TE,5.31,2026-08-21,11,Put,5.00,-5.84%,0.4,0.45,0.45,4709,1747,2.7,149.59%,159.91%,-0.359873,2026-08-10
AVGO,422.4,2026-08-14,4,Put,405.00,-4.12%,2.13,2.25,2.5,655,243,2.7,49.62%,48.02%,-0.192698,2026-08-10
TGT,152.02,2026-08-14,4,Call,155.00,-1.96%,0.57,0.64,0.64,1033,382,2.7,41.97%,26.38%,0.246076,2026-08-10
NBIS,184.11,2026-08-21,11,Call,197.50,-7.27%,10.15,11.5,11.1,1079,400,2.7,110.31%,124.29%,0.415865,2026-08-10
ET,20.59,2026-08-14,4,Put,20.50,-0.44%,0.1,0.14,0.14,1097,407,2.7,18.28%,18.47%,-0.412344,2026-08-10
MSFT,506.06,2026-08-14,4,Call,535.00,-5.72%,0.29,0.33,0.44,1316,488,2.7,27.84%,32.10%,0.051701,2026-08-10
TSLA,330.88,2026-08-17,7,Put,320.00,-3.29%,2.38,2.47,2.46,1039,386,2.69,40.09%,36.26%,-0.240971,2026-08-10
XOM,159.79,2026-08-14,4,Put,152.50,-4.56%,0.23,0.26,0.26,1078,401,2.69,29.21%,34.00%,-0.091278,2026-08-10
TSLA,330.88,2026-09-11,32,Call,375.00,-13.33%,3.8,3.76,3.95,642,240,2.68,40.09%,42.38%,0.18168,2026-08-10
MU,861,2026-08-12,2,Put,770.00,-10.57%,0.62,0.72,0.76,785,293,2.68,70.47%,83.27%,-0.032457,2026-08-10
GOOG,355.84,2026-08-28,18,Call,385.00,-8.19%,1.3,1.5,1.6,1095,408,2.68,29.77%,29.65%,0.127573,2026-08-10
RKLB,80.04,2026-08-14,4,Call,83.00,-3.70%,4.1,4.3,4.45,1470,550,2.67,98.81%,165.27%,0.451793,2026-08-10
HPE,54.68,2026-08-14,4,Call,61.00,-11.56%,0.16,0.26,0.33,1630,610,2.67,78.48%,82.47%,0.111127,2026-08-10
AVGO,422.4,2026-08-14,4,Put,390.00,-7.67%,0.51,0.65,0.71,2477,928,2.67,49.62%,50.56%,-0.061751,2026-08-10
HIMS,31.77,2026-08-14,4,Put,28.00,-11.87%,0.81,0.85,0.87,2572,963,2.67,97.49%,180.09%,-0.221765,2026-08-10
CRM,197.51,2026-08-14,4,Call,207.50,-5.06%,0.65,0.73,0.75,525,197,2.66,48.15%,44.30%,0.150458,2026-08-10
LRCX,306.4,2027-01-15,158,Call,460.00,-50.13%,18.2,20.3,20.8,751,282,2.66,68.08%,71.40%,0.274542,2026-08-10
AMD,469.56,2026-11-20,102,Put,430.00,-8.42%,36.8,36.35,38.5,1040,391,2.66,58.84%,60.46%,-0.32217,2026-08-10
UUUU,14.29,2026-08-14,4,Put,13.50,-5.53%,0.15,0.17,0.19,1103,415,2.66,74.77%,79.83%,-0.233723,2026-08-10
LUNR,15.78,2026-08-21,11,Put,16.00,+1.39%,1.52,1.63,1.64,503,190,2.65,118.87%,134.44%,-0.475669,2026-08-10
TTD,13.39,2026-08-21,11,Call,14.50,-8.29%,0.16,0.15,0.2,1836,692,2.65,57.60%,58.78%,0.236135,2026-08-10
CZR,30.07,2026-08-14,4,Put,29.50,-1.90%,0.1,0.1,0.11,2744,1035,2.65,21.08%,25.20%,-0.226028,2026-08-10
MSFT,506.06,2026-08-14,4,Put,490.00,-3.17%,1.34,1.49,1.58,5554,2099,2.65,27.84%,31.95%,-0.161157,2026-08-10
COHR,325.15,2026-08-14,4,Call,350.00,-7.64%,10,11.18,11.5,875,332,2.64,96.42%,147.88%,0.346115,2026-08-10
AAOI,132.81,2026-08-14,4,Put,120.00,-9.65%,2.4,2.69,3,1168,443,2.64,120.57%,140.88%,-0.222448,2026-08-10
QUBT,8.93,2026-08-14,4,Put,8.50,-4.82%,0.31,0.32,0.34,1560,590,2.64,90.64%,141.05%,-0.340752,2026-08-10
LLY,1231.94,2026-08-14,4,Call,"1,300.00",-5.52%,1.9,1.98,2.1,1866,708,2.64,32.62%,37.58%,0.090337,2026-08-10
PATH,15.59,2026-08-14,4,Call,16.00,-2.63%,0.32,0.32,0.34,3668,1388,2.64,79.34%,76.82%,0.390616,2026-08-10
FSLR,239.33,2027-06-17,311,Call,350.00,-46.24%,23.05,24.25,26.5,560,213,2.63,56.86%,59.74%,0.3624,2026-08-10
MRVL,208.56,2026-08-14,4,Put,215.00,+3.09%,10.6,11.1,11.5,877,333,2.63,85.93%,84.12%,-0.617219,2026-08-10
SMCI,31.46,2026-08-21,11,Call,33.50,-6.48%,1.68,1.75,1.83,962,366,2.63,93.56%,117.52%,0.420483,2026-08-10
AGI,33.19,2026-08-21,11,Put,30.00,-9.61%,0.15,0.18,0.25,1255,477,2.63,51.03%,53.34%,-0.12569,2026-08-10
META,594.92,2026-11-20,102,Put,640.00,+7.58%,72.95,74.99,75.65,1504,571,2.63,34.84%,40.08%,-0.584871,2026-08-10
TTWO,253.57,2026-08-28,18,Call,230.00,+9.30%,24.4,26.6,27.8,1760,670,2.63,42.81%,45.68%,0.848555,2026-08-10
RGTI,17.65,2026-08-21,11,Put,16.50,-6.52%,0.5,0.53,0.57,2136,813,2.63,86.95%,85.83%,-0.296988,2026-08-10
IREN,38.74,2026-08-14,4,Put,38.00,-1.91%,1.35,1.39,1.48,3240,1231,2.63,104.63%,110.31%,-0.409956,2026-08-10
NVDA,217.55,2026-08-14,4,Put,210.00,-3.47%,0.95,0.98,0.99,27914,10617,2.63,39.45%,39.81%,-0.190504,2026-08-10
HPE,54.68,2026-08-14,4,Call,57.00,-4.24%,0.8,0.83,0.88,618,236,2.62,78.48%,75.38%,0.314303,2026-08-10
AVAV,189.15,2026-09-18,39,Call,240.00,-26.88%,6.4,6.5,7.4,823,314,2.62,80.89%,86.83%,0.247266,2026-08-10
APLD,29.06,2026-08-14,4,Call,30.50,-4.96%,0.61,0.66,0.68,848,324,2.62,89.66%,98.93%,0.340364,2026-08-10
MOS,23.47,2026-08-14,4,Call,23.50,-0.13%,0.4,0.45,0.6,1020,390,2.62,45.09%,52.53%,0.501503,2026-08-10
RKLB,80.04,2026-08-14,4,Put,65.00,-18.79%,0.48,0.49,0.5,3519,1342,2.62,98.81%,150.41%,-0.08031,2026-08-10
AG,18.85,2026-08-14,4,Put,18.50,-1.86%,0.4,0.4,0.44,842,322,2.61,65.50%,74.49%,-0.388479,2026-08-10
RKLB,80.04,2026-08-14,4,Call,92.00,-14.94%,1.83,1.94,1.98,1105,424,2.61,98.81%,170.36%,0.245228,2026-08-10
MU,861,2026-08-14,4,Call,885.00,-2.79%,18.25,18.2,19,1234,472,2.61,70.47%,79.39%,0.387961,2026-08-10
SPCX,138.74,2026-08-28,18,Call,167.50,-20.73%,2.73,2.71,2.83,595,229,2.6,78.06%,89.02%,0.199018,2026-08-10
AMD,469.56,2026-08-12,2,Call,495.00,-5.42%,1.6,1.64,1.74,726,279,2.6,58.84%,65.69%,0.145322,2026-08-10
BAC,63.86,2026-08-14,4,Put,64.00,+0.22%,0.57,0.57,0.58,1541,592,2.6,20.04%,19.04%,-0.536532,2026-08-10
DVN,45.36,2026-08-21,11,Call,45.50,-0.31%,1.05,1.09,1.17,1624,625,2.6,36.22%,37.33%,0.495106,2026-08-10
SMCI,31.46,2026-08-14,4,Put,32.00,+1.72%,2.43,2.48,2.52,1675,645,2.6,93.56%,166.31%,-0.503557,2026-08-10
CRWV,88.19,2026-08-14,4,Call,130.00,-47.41%,0.12,0.12,0.13,2652,1021,2.6,96.25%,175.80%,0.022001,2026-08-10
ORCL,151.05,2026-08-14,4,Put,141.00,-6.65%,0.74,0.75,0.85,634,245,2.59,71.62%,64.78%,-0.146214,2026-08-10
PLTR,175.23,2027-03-19,221,Put,170.00,-2.98%,25.6,25.6,25.9,820,317,2.59,49.44%,56.78%,-0.37199,2026-08-10
BW,8.88,2026-08-14,4,Call,10.00,-12.61%,0.2,0.35,0.35,1041,402,2.59,115.85%,176.81%,0.292141,2026-08-10
DDOG,260.78,2026-08-14,4,Call,280.00,-7.37%,1.29,1.58,1.58,627,243,2.58,58.51%,65.23%,0.158268,2026-08-10
SG,5.45,2026-08-14,4,Call,5.50,-0.92%,0.15,0.19,0.25,692,268,2.58,85.88%,97.64%,0.48629,2026-08-10
U,43.1,2026-08-21,11,Put,39.00,-9.51%,0.38,0.48,0.48,819,318,2.58,60.61%,62.95%,-0.163927,2026-08-10
GOOGL,357.52,2026-08-14,4,Put,337.50,-5.60%,0.33,0.37,0.37,585,228,2.57,30.41%,35.97%,-0.059564,2026-08-10
ASTS,68.76,2026-08-14,4,Call,79.00,-14.89%,1.55,1.56,1.68,815,317,2.57,101.26%,169.11%,0.243996,2026-08-10
HTGC,17.17,2026-08-21,11,Call,16.00,+6.81%,0.9,1.18,1.45,1611,627,2.57,20.20%,26.49%,0.959115,2026-08-10
CMG,32.14,2026-08-14,4,Put,32.50,+1.12%,0.7,0.77,0.79,1904,742,2.57,37.81%,40.99%,-0.591514,2026-08-10
SNDK,1237.92,2026-08-14,4,Call,"1,400.00",-13.09%,11.1,11,11.5,3289,1280,2.57,92.07%,110.55%,0.158175,2026-08-10
VOYG,43,2026-08-21,11,Call,50.00,-16.28%,0.35,0.48,0.7,650,254,2.56,81.84%,83.52%,0.168457,2026-08-10
IBM,236.31,2026-08-14,4,Call,242.50,-2.62%,1.26,1.4,1.5,781,305,2.56,36.38%,36.70%,0.257266,2026-08-10
SPCX,138.74,2026-12-18,130,Call,245.00,-76.59%,4.8,4.82,5,1278,500,2.56,78.06%,78.61%,0.171449,2026-08-10
ACHR,6.26,2026-08-28,18,Call,8.00,-27.80%,0.15,0.17,0.19,520,204,2.55,98.56%,116.65%,0.208837,2026-08-10
V,361.32,2026-08-14,4,Call,362.50,-0.33%,2.31,2.28,2.77,760,298,2.55,20.64%,20.14%,0.448599,2026-08-10
MPT,4.15,2028-12-15,858,Call,10.00,-140.96%,0.1,0.16,0.22,1021,401,2.55,37.71%,46.77%,0.137651,2026-08-10
NVDA,217.55,2026-08-17,7,Call,232.50,-6.87%,0.36,0.38,0.39,1252,491,2.55,39.45%,33.69%,0.082525,2026-08-10
CRWD,225.16,2026-08-14,4,Call,240.00,-6.59%,1.27,1.28,1.37,1341,526,2.55,61.69%,62.14%,0.172916,2026-08-10
PLTR,175.23,2026-08-28,18,Put,150.00,-14.40%,0.87,0.89,0.92,3356,1314,2.55,49.44%,54.50%,-0.08713,2026-08-10
GOOGL,357.52,2026-08-14,4,Call,370.00,-3.49%,1.06,1.08,1.21,6346,2490,2.55,30.41%,33.56%,0.171414,2026-08-10
RKLB,80.04,2026-08-14,4,Call,90.00,-12.44%,2.28,2.32,2.4,14903,5843,2.55,98.81%,170.88%,0.28636,2026-08-10
TSLA,330.88,2026-08-14,4,Call,330.00,+0.27%,6.15,6.2,6.25,18434,7250,2.54,40.09%,41.17%,0.536881,2026-08-10
ORCL,151.05,2026-08-14,4,Put,143.00,-5.33%,1.13,1.17,1.23,670,264,2.54,71.62%,64.91%,-0.199479,2026-08-10
NKE,42.11,2026-08-14,4,Call,41.00,+2.64%,1.27,1.31,1.4,837,330,2.54,35.71%,36.41%,0.763885,2026-08-10
ORCL,151.05,2026-08-14,4,Put,145.00,-4.01%,1.62,1.69,1.72,1767,695,2.54,71.62%,64.68%,-0.26076,2026-08-10
NICE,102.57,2026-09-18,39,Call,105.00,-2.37%,2.65,4.6,6.1,557,220,2.53,41.98%,39.64%,0.463922,2026-08-10
CVNA,74.16,2026-08-14,4,Call,76.00,-2.48%,1.23,1.3,1.38,781,309,2.53,58.52%,66.57%,0.377818,2026-08-10
META,594.92,2026-08-28,18,Put,575.00,-3.35%,9.1,9.82,9.8,864,341,2.53,34.84%,34.68%,-0.308967,2026-08-10
TSLA,330.88,2026-08-21,11,Put,450.00,+36.00%,118.15,119.15,120.3,545,216,2.52,40.09%,82.15%,-0.985793,2026-08-10
HIMS,31.77,2026-08-14,4,Put,23.50,-26.03%,0.09,0.1,0.1,677,269,2.52,97.49%,172.01%,-0.038649,2026-08-10
BIDU,109.5,2026-08-14,4,Call,115.00,-5.02%,0.55,0.58,0.6,1781,707,2.52,49.61%,50.51%,0.185952,2026-08-10
XOM,159.79,2026-08-14,4,Call,170.00,-6.39%,0.12,0.12,0.17,2245,891,2.52,29.21%,36.75%,0.056165,2026-08-10
NVDA,217.55,2026-08-14,4,Put,230.00,+5.72%,12.6,12.75,12.8,2921,1160,2.52,39.45%,37.23%,-0.921627,2026-08-10
WDC,438.34,2026-12-18,130,Call,"1,160.00",-164.63%,2.88,4.46,5,845,336,2.51,77.53%,84.95%,0.050487,2026-08-10
PENG,55.18,2027-01-15,158,Put,40.00,-27.51%,6,6.25,7,848,338,2.51,99.35%,106.85%,-0.20375,2026-08-10
HPQ,29.8,2026-09-18,39,Put,30.00,+0.67%,2.46,2.45,2.62,1036,412,2.51,61.23%,62.79%,-0.470962,2026-08-10
B,40.88,2026-08-14,4,Call,44.00,-7.63%,0.08,0.12,0.16,1853,738,2.51,43.08%,55.32%,0.107924,2026-08-10
XOM,159.79,2026-08-14,4,Call,157.50,+1.43%,3.4,3.35,3.7,1926,767,2.51,29.21%,33.32%,0.667945,2026-08-10
RIVN,16.39,2026-08-21,11,Call,16.50,-0.67%,0.58,0.61,0.62,2538,1010,2.51,54.65%,56.68%,0.496941,2026-08-10
MU,861,2026-09-04,25,Call,"1,005.00",-16.72%,20.55,24.45,23.6,504,202,2.5,70.47%,73.95%,0.245159,2026-08-10
SPCX,138.74,2026-09-11,32,Call,160.00,-15.32%,6,5.99,6.25,621,248,2.5,78.06%,80.61%,0.321159,2026-08-10
HOOD,94.52,2026-08-14,4,Put,84.00,-11.13%,0.11,0.12,0.17,2193,877,2.5,62.91%,69.36%,-0.047817,2026-08-10
F,14,2026-09-18,39,Call,11.00,+21.43%,2.96,3.05,3.1,3409,1362,2.5,31.51%,45.46%,0.955686,2026-08-10
RKLB,80.04,2026-08-14,4,Call,102.00,-27.44%,0.77,0.77,0.88,516,207,2.49,98.81%,181.60%,0.119341,2026-08-10
SPCX,138.74,2026-08-28,18,Call,105.00,+24.32%,32.6,34,35.05,596,239,2.49,78.06%,57.09%,0.988552,2026-08-10
AAPL,308.26,2027-09-17,403,Call,260.00,+15.66%,71.85,71.5,73.6,611,245,2.49,24.47%,31.37%,0.786773,2026-08-10
PLTR,175.23,2026-08-21,11,Call,182.50,-4.15%,3.25,3.3,3.4,1586,636,2.49,49.44%,50.37%,0.341355,2026-08-10
NBIS,184.11,2026-08-14,4,Call,200.00,-8.63%,6.25,6.35,6.45,3888,1563,2.49,110.31%,158.94%,0.34015,2026-08-10
TSLA,330.88,2026-08-17,7,Call,327.50,+1.02%,8.2,8.55,8.8,748,302,2.48,40.09%,35.97%,0.596792,2026-08-10
TSLA,330.88,2026-08-17,7,Call,340.00,-2.76%,3.3,3.4,3.45,1358,547,2.48,40.09%,37.41%,0.313656,2026-08-10
TTD,13.39,2028-12-15,858,Call,12.50,+6.65%,6.1,6.3,6.4,2840,1147,2.48,57.60%,71.77%,0.758854,2026-08-10
AG,18.85,2026-09-18,39,Call,20.00,-6.10%,1.18,1.22,1.29,3068,1237,2.48,65.50%,68.24%,0.444959,2026-08-10
NVDA,217.55,2026-08-17,7,Call,225.00,-3.42%,1.34,1.35,1.39,4773,1926,2.48,39.45%,32.76%,0.240031,2026-08-10
HIMS,31.77,2026-08-14,4,Call,33.00,-3.87%,1.94,1.97,1.97,5004,2014,2.48,97.49%,186.45%,0.462148,2026-08-10
NVDA,217.55,2026-08-14,4,Put,217.50,-0.02%,3.3,3.4,3.4,9397,3782,2.48,39.45%,37.53%,-0.48698,2026-08-10
ONDS,9.31,2026-09-18,39,Call,13.00,-39.63%,0.44,0.45,0.47,20947,8496,2.47,107.85%,117.88%,0.253469,2026-08-10
PRTH,5.23,2026-10-16,67,Call,7.50,-43.40%,0,0.1,0.15,797,323,2.47,72.61%,63.09%,0.120339,2026-08-10
MRVL,208.56,2026-08-14,4,Call,217.50,-4.29%,4.05,4.3,4.4,1135,460,2.47,85.93%,88.56%,0.343735,2026-08-10
WFC,87.52,2026-08-21,11,Call,87.00,+0.59%,1.63,1.78,1.83,1446,586,2.47,23.19%,23.72%,0.569907,2026-08-10
DELL,457.88,2026-08-14,4,Call,500.00,-9.20%,3.8,4,4.15,2216,896,2.47,85.84%,87.64%,0.18148,2026-08-10
HUBS,215.91,2026-08-21,11,Call,220.00,-1.89%,8.1,8.8,9.8,548,223,2.46,71.16%,71.41%,0.46788,2026-08-10
CRCL,67.05,2028-01-21,529,Put,45.00,-32.89%,10.8,11.4,11.6,668,271,2.46,79.73%,85.05%,-0.17317,2026-08-10
ASTS,68.76,2026-08-14,4,Call,77.00,-11.98%,1.95,2.1,2.17,1000,407,2.46,101.26%,169.93%,0.292817,2026-08-10
NOW,127.44,2026-08-14,4,Call,131.00,-2.79%,1.59,1.64,1.72,1354,551,2.46,54.81%,57.43%,0.336647,2026-08-10
SOUN,7.46,2026-08-14,4,Call,8.00,-7.24%,0.1,0.11,0.11,15518,6304,2.46,79.33%,93.05%,0.25309,2026-08-10
RIG,5.72,2026-09-18,39,Call,6.00,-4.90%,0.27,0.28,0.28,18713,7642,2.45,50.83%,54.40%,0.413257,2026-08-10
OKLO,44.49,2026-08-14,4,Put,41.00,-7.84%,0.39,0.42,0.45,535,218,2.45,84.21%,89.53%,-0.178156,2026-08-10
PATH,15.59,2026-08-28,18,Call,5.00,+67.93%,8.85,10.65,11.25,848,346,2.45,79.34%,265.37%,0.987038,2026-08-10
ASTS,68.76,2026-08-14,4,Call,83.00,-20.71%,0.95,1.06,1.11,1085,442,2.45,101.26%,171.43%,0.169291,2026-08-10
MCD,273.72,2026-08-14,4,Put,270.00,-1.36%,1,1.14,1.4,1124,459,2.45,20.93%,23.47%,-0.283269,2026-08-10
IONQ,42.53,2026-08-14,4,Put,39.00,-8.30%,0.34,0.37,0.45,532,218,2.44,84.85%,92.35%,-0.171451,2026-08-10
MU,861,2027-01-15,158,Put,920.00,+6.85%,188.2,187.95,192.65,775,318,2.44,70.47%,72.26%,-0.452722,2026-08-10
TSLA,330.88,2026-08-14,4,Call,362.50,-9.56%,0.33,0.33,0.34,903,370,2.44,40.09%,50.95%,0.046784,2026-08-10
GOOGL,357.52,2026-08-14,4,Call,355.00,+0.70%,6.1,6.25,6.45,2320,950,2.44,30.41%,32.50%,0.593213,2026-08-10
LLY,1231.94,2026-08-14,4,Call,"1,250.00",-1.47%,10,10,10.4,2440,999,2.44,32.62%,34.04%,0.351481,2026-08-10
SPCX,138.74,2026-08-14,4,Put,128.00,-7.74%,1.43,1.51,1.48,5281,2167,2.44,78.06%,92.52%,-0.188318,2026-08-10
HIMS,31.77,2026-08-14,4,Put,35.00,+10.17%,4.25,4.5,4.7,617,254,2.43,97.49%,183.30%,-0.658108,2026-08-10
VG,14.26,2026-08-14,4,Put,14.00,-1.82%,0.55,0.65,0.7,1319,543,2.43,76.64%,127.18%,-0.418006,2026-08-10
SPCX,138.74,2026-08-14,4,Call,143.00,-3.07%,3.8,3.87,3.9,2528,1042,2.43,78.06%,97.08%,0.404035,2026-08-10
INTC,97.52,2026-08-14,4,Put,93.00,-4.63%,1.28,1.33,1.38,2136,884,2.42,70.58%,77.61%,-0.264821,2026-08-10
ACHR,6.26,2026-09-18,39,Call,8.00,-27.80%,0.29,0.32,0.35,2481,1025,2.42,98.56%,101.92%,0.288476,2026-08-10
PANW,385.04,2026-08-14,4,Call,400.00,-3.89%,3.7,3.94,4,2648,1094,2.42,62.03%,57.78%,0.276424,2026-08-10
BAC,63.86,2026-08-14,4,Call,65.00,-1.79%,0.13,0.13,0.15,6284,2602,2.42,20.04%,19.35%,0.196667,2026-08-10
NVDA,217.55,2026-08-17,7,Call,220.00,-1.13%,2.9,2.9,2.95,14030,5793,2.42,39.45%,32.91%,0.416955,2026-08-10
VG,14.26,2026-09-04,25,Call,16.00,-12.20%,0.5,0.6,0.7,550,228,2.41,76.64%,81.09%,0.334809,2026-08-10
CBRS,230.01,2028-12-15,858,Call,500.00,-117.38%,81,87,90,703,292,2.41,113.64%,94.50%,0.601323,2026-08-10
HIMS,31.77,2026-08-14,4,Put,28.50,-10.29%,0.98,1,1.02,740,307,2.41,97.49%,181.14%,-0.251575,2026-08-10
PLTR,175.23,2026-08-21,11,Put,172.50,-1.56%,4.75,4.77,4.85,566,236,2.4,49.44%,51.04%,-0.408373,2026-08-10
AMRX,17.88,2026-12-18,130,Call,17.50,+2.13%,0.85,2,3.8,1005,418,2.4,56.27%,47.99%,0.604919,2026-08-10
SMCI,31.46,2026-08-14,4,Put,27.50,-12.59%,0.52,0.52,0.56,1286,535,2.4,93.56%,154.82%,-0.180522,2026-08-10
OKLO,44.49,2026-08-14,4,Call,45.00,-1.15%,1.45,1.57,1.63,1529,636,2.4,84.21%,95.06%,0.475758,2026-08-10
AVGO,422.4,2026-09-04,25,Put,425.00,+0.62%,23.3,24.28,24.95,1585,661,2.4,49.62%,52.54%,-0.485651,2026-08-10
ZETA,27.54,2026-08-14,4,Call,27.00,+1.96%,0.96,1.12,1.08,2140,890,2.4,64.03%,62.45%,0.633717,2026-08-10
IBM,236.31,2026-10-16,67,Call,280.00,-18.49%,3.55,3.85,4.15,2182,908,2.4,36.38%,40.26%,0.186307,2026-08-10
AAPL,308.26,2026-09-11,32,Put,290.00,-5.92%,2.3,2.65,2.56,792,332,2.39,24.47%,25.20%,-0.186542,2026-08-10
NTSK,15.67,2026-09-18,39,Call,17.50,-11.68%,1.2,1.45,1.55,838,350,2.39,93.79%,99.75%,0.435008,2026-08-10
NXPI,233.43,2026-08-21,11,Put,240.00,+2.81%,9.2,10.5,11.5,1504,628,2.39,46.77%,40.49%,-0.638196,2026-08-10
FSM,10.73,2026-11-20,102,Call,10.00,+6.80%,1.75,1.8,1.8,3685,1539,2.39,58.09%,60.73%,0.660392,2026-08-10
T,24.05,2026-08-14,4,Call,24.50,-1.87%,0.11,0.12,0.13,7533,3148,2.39,25.51%,28.82%,0.273358,2026-08-10
WULF,16.2,2026-09-18,39,Put,12.00,-25.93%,0.31,0.35,0.35,8055,3372,2.39,90.86%,86.79%,-0.126089,2026-08-10
NVDA,217.55,2026-08-14,4,Put,215.00,-1.17%,2.26,2.29,2.31,27676,11591,2.39,39.45%,38.05%,-0.373208,2026-08-10
SPCX,138.74,2026-08-14,4,Put,120.00,-13.51%,0.39,0.37,0.4,40147,16806,2.39,78.06%,94.25%,-0.063768,2026-08-10
INTC,97.52,2026-08-14,4,Call,90.00,+7.71%,8.05,8.33,8.55,5503,2309,2.38,70.58%,81.94%,0.837032,2026-08-10
UBER,78.03,2026-08-21,11,Call,82.00,-5.09%,0.54,0.6,0.65,575,242,2.38,33.81%,35.25%,0.222834,2026-08-10
CRCL,67.05,2026-08-28,18,Put,53.00,-20.95%,0.38,0.5,0.55,765,321,2.38,79.73%,80.79%,-0.079323,2026-08-10
SMCI,31.46,2026-08-14,4,Call,39.00,-23.97%,0.42,0.44,0.45,1488,624,2.38,93.56%,182.14%,0.151629,2026-08-10
CVX,194.91,2026-08-14,4,Call,195.00,-0.05%,2.33,2.5,2.58,2237,941,2.38,27.31%,30.71%,0.500574,2026-08-10
LLY,1231.94,2026-09-18,39,Call,"1,580.00",-28.25%,0.68,1.47,1.96,547,231,2.37,32.62%,37.00%,0.024467,2026-08-10
ASTS,68.76,2026-08-14,4,Call,73.00,-6.17%,3,3.05,3.2,1044,440,2.37,101.26%,166.56%,0.399833,2026-08-10
BULL,7.26,2026-08-28,18,Call,7.50,-3.31%,0.35,0.39,0.44,1985,836,2.37,71.61%,76.67%,0.461992,2026-08-10
QCOM,162.17,2026-08-14,4,Call,170.00,-4.83%,1.03,1.11,1.14,5665,2393,2.37,48.67%,54.38%,0.212578,2026-08-10
HPE,54.68,2026-08-14,4,Call,58.00,-6.07%,0.56,0.63,0.71,824,349,2.36,78.48%,77.93%,0.24874,2026-08-10
NVO,47.73,2026-08-14,4,Call,46.50,+2.58%,1.29,1.12,1.6,1048,445,2.36,33.54%,34.02%,0.771822,2026-08-10
MSTR,97.33,2026-08-14,4,Call,98.00,-0.69%,2.68,2.79,2.95,1759,744,2.36,71.40%,76.54%,0.483806,2026-08-10
CRSP,53.51,2027-01-15,158,Put,37.50,-29.92%,0.5,1.8,2.1,594,253,2.35,54.05%,55.50%,-0.115733,2026-08-10
DIS,103.18,2026-08-14,4,Put,101.00,-2.11%,0.22,0.26,0.31,911,387,2.35,23.53%,23.47%,-0.188185,2026-08-10
WEN,7.3,2026-11-20,102,Put,9.00,+23.29%,2,2.08,2.1,1049,447,2.35,54.78%,54.73%,-0.715451,2026-08-10
UBER,78.03,2026-08-14,4,Call,81.00,-3.81%,0.32,0.32,0.35,1367,581,2.35,33.81%,39.55%,0.191605,2026-08-10
RKLB,80.04,2026-08-14,4,Call,87.00,-8.70%,2.94,2.99,3.15,1548,659,2.35,98.81%,168.62%,0.351257,2026-08-10
TSM,418.47,2026-08-14,4,Put,410.00,-2.02%,3.35,3.5,3.75,1607,683,2.35,39.72%,40.62%,-0.305449,2026-08-10
GOOG,355.84,2026-08-28,18,Call,380.00,-6.79%,1.83,2.13,2.2,2082,885,2.35,29.77%,29.11%,0.16899,2026-08-10
ORCL,151.05,2026-08-14,4,Call,162.50,-7.58%,0.88,0.91,0.92,3333,1421,2.35,71.62%,68.29%,0.162795,2026-08-10
IREN,38.74,2026-08-14,4,Put,36.00,-7.07%,0.65,0.68,0.7,2628,1124,2.34,104.63%,109.73%,-0.242232,2026-08-10
NVDA,217.55,2026-08-14,4,Put,222.50,+2.28%,6.3,6.39,6.5,5433,2325,2.34,39.45%,37.18%,-0.709961,2026-08-10
NVDA,217.55,2026-08-14,4,Call,222.50,-2.28%,1.58,1.6,1.62,15504,6649,2.33,39.45%,38.23%,0.296803,2026-08-10
DKNG,24.27,2026-09-04,25,Call,22.00,+9.35%,2.05,2.89,3.45,553,237,2.33,54.17%,52.37%,0.789099,2026-08-10
AAOI,132.81,2026-08-14,4,Put,125.00,-5.88%,3.9,4,4.7,808,347,2.33,120.57%,141.18%,-0.313359,2026-08-10
AMZN,278.09,2026-08-28,18,Put,270.00,-2.91%,3.85,4,4.15,1445,620,2.33,30.22%,30.94%,-0.31345,2026-08-10
NBIS,184.11,2026-08-14,4,Call,190.00,-3.20%,9.15,9.5,9.85,1759,754,2.33,110.31%,156.23%,0.456849,2026-08-10
AAPL,308.26,2026-08-14,4,Put,302.50,-1.87%,1.21,1.26,1.3,3593,1539,2.33,24.47%,26.78%,-0.242485,2026-08-10
AMZN,278.09,2026-08-14,4,Call,297.50,-6.98%,0.13,0.13,0.15,702,303,2.32,30.22%,35.03%,0.0351,2026-08-10
ELF,95.24,2026-08-14,4,Call,100.00,-5.00%,0.7,0.87,0.96,878,378,2.32,56.54%,61.77%,0.237038,2026-08-10
ORCL,151.05,2026-09-04,25,Call,170.00,-12.55%,3.55,3.79,3.8,1013,437,2.32,71.62%,62.69%,0.264498,2026-08-10
TTD,13.39,2026-10-16,67,Put,12.50,-6.65%,0.82,0.96,1.07,1554,671,2.32,57.60%,62.49%,-0.340406,2026-08-10
SPCX,138.74,2026-08-14,4,Put,119.00,-14.23%,0.32,0.34,0.34,3019,1304,2.32,78.06%,94.63%,-0.054516,2026-08-10
JNJ,261.81,2026-08-14,4,Call,272.50,-4.08%,0.13,0.26,0.41,595,258,2.31,23.26%,26.98%,0.081213,2026-08-10
NVDA,217.55,2026-08-21,11,Put,227.50,+4.57%,11.4,10.45,11.95,606,262,2.31,39.45%,35.38%,-0.755219,2026-08-10
PLTR,175.23,2026-08-21,11,Put,162.50,-7.26%,1.66,1.76,1.76,1055,457,2.31,49.44%,52.32%,-0.187648,2026-08-10
META,594.92,2026-08-14,4,Call,615.00,-3.38%,2.69,2.8,2.9,1326,575,2.31,34.84%,38.17%,0.211314,2026-08-10
AVGO,422.4,2026-08-12,2,Call,440.00,-4.17%,0.75,0.78,0.98,1641,709,2.31,49.62%,46.50%,0.122187,2026-08-10
ACHR,6.26,2026-09-04,25,Call,6.50,-3.83%,0.52,0.57,0.65,1990,863,2.31,98.56%,104.23%,0.503014,2026-08-10
GOOGL,357.52,2026-08-12,2,Put,350.00,-2.10%,0.71,0.9,0.97,2079,901,2.31,30.41%,32.08%,-0.180319,2026-08-10
MU,861,2026-08-14,4,Call,920.00,-6.85%,9.1,9.35,9.5,2672,1157,2.31,70.47%,80.50%,0.229691,2026-08-10
MU,861,2026-08-14,4,Call,900.00,-4.53%,13.65,14,14.25,7012,3034,2.31,70.47%,79.76%,0.314112,2026-08-10
NKE,42.11,2026-08-21,11,Call,41.50,+1.45%,1.11,1.36,1.52,826,359,2.3,35.71%,33.94%,0.608353,2026-08-10
CGAU,21.33,2026-10-16,67,Call,22.50,-5.49%,1.65,1.85,1.9,1067,464,2.3,63.24%,60.88%,0.477193,2026-08-10
SNDK,1237.92,2026-08-14,4,Call,"1,350.00",-9.05%,19.3,19.29,19.9,1360,591,2.3,92.07%,110.17%,0.244949,2026-08-10
GOOG,355.84,2026-08-14,4,Call,357.50,-0.47%,3.95,3.99,4.1,1438,625,2.3,29.77%,31.90%,0.455554,2026-08-10
VST,142.87,2026-09-18,39,Call,145.00,-1.49%,8.35,8.59,8.95,629,275,2.29,49.15%,50.55%,0.504796,2026-08-10
AMAT,522.12,2026-08-21,11,Call,620.00,-18.75%,4.5,5.73,6.6,1227,535,2.29,72.24%,87.10%,0.145841,2026-08-10
AAPL,308.26,2026-08-21,11,Call,307.50,+0.25%,5.6,5.7,5.8,3697,1614,2.29,24.47%,24.17%,0.54111,2026-08-10
SMCI,31.46,2026-08-14,4,Call,32.00,-1.72%,1.95,1.95,1.96,5484,2399,2.29,93.56%,166.93%,0.496904,2026-08-10
NOW,127.44,2026-08-14,4,Call,130.00,-2.01%,2,2.03,2.09,7308,3189,2.29,54.81%,58.46%,0.386686,2026-08-10
EVTL,0.9001,2027-01-15,158,Call,1.0000,-11.10%,0.2,0.22,0.3,603,264,2.28,164.37%,120.38%,0.611846,2026-08-10
AMD,469.56,2026-08-21,11,Put,455.00,-3.10%,12.25,12.45,13,1134,497,2.28,58.84%,60.04%,-0.358218,2026-08-10
OPEN,3.48,2026-08-21,11,Call,3.50,-0.57%,0.17,0.18,0.18,2369,1039,2.28,72.97%,75.80%,0.512186,2026-08-10
ADBE,272.96,2026-08-14,4,Call,280.00,-2.58%,2.5,2.65,2.75,927,409,2.27,52.91%,46.76%,0.312856,2026-08-10
TSLA,330.88,2026-08-21,11,Call,327.50,+1.02%,10.85,10.8,11.1,1683,743,2.27,40.09%,39.43%,0.579351,2026-08-10
META,594.92,2026-08-14,4,Call,607.50,-2.11%,4.3,4.5,4.6,517,229,2.26,34.84%,37.30%,0.305952,2026-08-10
BETR,18.05,2026-08-21,11,Call,17.50,+3.05%,0.55,1.6,2.3,1070,473,2.26,112.35%,90.93%,0.610999,2026-08-10
HIMS,31.77,2026-08-14,4,Put,31.00,-2.42%,1.97,2.04,2.11,1089,482,2.26,97.49%,184.23%,-0.410842,2026-08-10
NFLX,76.29,2026-09-04,25,Call,76.00,+0.38%,2.82,2.91,2.97,1166,517,2.26,33.35%,33.37%,0.546076,2026-08-10
BRK.B,529.42,2026-08-14,4,Call,540.00,-2.00%,0.75,0.76,0.93,1358,602,2.26,14.97%,18.35%,0.158646,2026-08-10
ALAB,317.23,2026-08-14,4,Call,365.00,-15.06%,1.53,2.75,3.05,501,223,2.25,93.73%,112.32%,0.129042,2026-08-10
GLAS,10.01,2026-08-21,11,Call,10.00,+0.10%,0.35,0.59,0.95,563,250,2.25,83.30%,92.44%,0.537161,2026-08-10
AVGO,422.4,2026-08-12,2,Call,435.00,-2.98%,1.33,1.6,1.85,672,299,2.25,49.62%,46.10%,0.200599,2026-08-10
LUNR,15.78,2026-08-14,4,Put,15.00,-4.94%,0.65,0.81,0.87,687,305,2.25,118.87%,172.81%,-0.354729,2026-08-10
CRWV,88.19,2026-08-14,4,Put,82.00,-7.02%,2.9,2.94,2.94,786,350,2.25,96.25%,154.39%,-0.296915,2026-08-10
RIVN,16.39,2026-08-28,18,Call,18.50,-12.87%,0.09,0.18,0.33,915,406,2.25,54.65%,57.59%,0.192388,2026-08-10
GOOG,355.84,2026-08-14,4,Put,337.50,-5.15%,0.4,0.44,0.43,1017,453,2.25,29.77%,35.03%,-0.070711,2026-08-10
TSLA,330.88,2026-08-21,11,Put,295.00,-10.84%,0.57,0.58,0.6,5278,2345,2.25,40.09%,42.66%,-0.054719,2026-08-10
INTC,97.52,2026-08-21,11,Put,88.00,-9.76%,1.3,1.25,1.42,4352,1947,2.24,70.58%,72.87%,-0.188855,2026-08-10
UPST,30.21,2027-01-15,158,Call,42.50,-40.68%,2.39,2.75,2.87,600,268,2.24,62.12%,74.81%,0.339589,2026-08-10
CMG,32.14,2026-08-14,4,Call,32.00,+0.44%,0.57,0.64,0.71,543,243,2.23,37.81%,41.85%,0.551973,2026-08-10
RKLB,80.04,2026-08-14,4,Put,73.00,-8.80%,2.07,2.16,2.24,1004,451,2.23,98.81%,153.59%,-0.256156,2026-08-10
APLD,29.06,2026-08-14,4,Call,32.00,-10.12%,0.3,0.32,0.34,2170,972,2.23,89.66%,101.13%,0.196621,2026-08-10
KEEL,3.4,2027-01-15,158,Call,13.00,-282.35%,0,0.11,0.11,560,252,2.22,108.84%,108.28%,0.066445,2026-08-10
GME,18.79,2026-08-14,4,Call,18.50,+1.54%,0.42,0.45,0.48,674,304,2.22,40.27%,36.85%,0.660423,2026-08-10
ASTS,68.76,2026-08-14,4,Put,63.00,-8.38%,1.95,1.99,2,783,353,2.22,101.26%,154.99%,-0.266783,2026-08-10
AVGO,422.4,2026-08-14,4,Call,455.00,-7.72%,0.61,0.73,0.85,892,402,2.22,49.62%,48.69%,0.076853,2026-08-10
CLSK,11.59,2026-08-14,4,Put,11.00,-5.09%,0.19,0.2,0.2,2096,944,2.22,88.44%,90.81%,-0.27396,2026-08-10
GOOGL,357.52,2026-08-14,4,Call,362.50,-1.39%,2.7,2.65,2.97,2417,1090,2.22,30.41%,32.47%,0.35227,2026-08-10
MU,861,2026-08-14,4,Call,"1,000.00",-16.14%,1.63,1.69,1.7,15513,7026,2.21,70.47%,85.74%,0.052809,2026-08-10
PTC,151.02,2026-08-21,11,Call,160.00,-5.95%,0.7,1.47,2.8,504,228,2.21,41.39%,46.08%,0.251925,2026-08-10
CDE,18.15,2026-08-14,4,Call,18.50,-1.93%,0.35,0.43,0.5,549,248,2.21,65.95%,75.92%,0.422188,2026-08-10
SPCX,138.74,2026-09-04,25,Call,135.00,+2.70%,13.1,13.4,13.6,1187,537,2.21,78.06%,78.58%,0.597861,2026-08-10
QCOM,162.17,2026-08-14,4,Put,160.00,-1.34%,2.3,2.36,2.5,1618,731,2.21,48.67%,50.31%,-0.387899,2026-08-10
AMZN,278.09,2026-08-14,4,Put,277.50,-0.21%,3.35,3.4,3.5,1903,863,2.21,30.22%,32.41%,-0.46451,2026-08-10
CELH,27.21,2027-12-17,494,Call,50.00,-83.76%,2,2.99,4,500,227,2.2,50.34%,60.51%,0.331995,2026-08-10
HL,17.55,2026-08-14,4,Call,19.00,-8.26%,0.08,0.12,0.15,1452,661,2.2,64.91%,74.35%,0.164488,2026-08-10
QUBT,8.93,2026-10-16,67,Put,6.00,-32.81%,0.2,0.22,0.25,1548,705,2.2,90.64%,91.89%,-0.110769,2026-08-10
NVDA,217.55,2026-08-14,4,Put,207.50,-4.62%,0.62,0.65,0.64,8984,4084,2.2,39.45%,41.33%,-0.130895,2026-08-10
OPEN,3.48,2026-08-14,4,Call,3.50,-0.57%,0.1,0.11,0.11,9813,4484,2.19,72.97%,78.30%,0.49039,2026-08-10
MTCH,36.73,2026-09-18,39,Call,40.00,-8.90%,0.35,0.45,0.5,1684,769,2.19,30.56%,30.44%,0.214034,2026-08-10
AMZN,278.09,2026-08-14,4,Call,292.50,-5.18%,0.33,0.33,0.36,1745,797,2.19,30.22%,33.53%,0.079191,2026-08-10
NVDA,217.55,2026-09-11,32,Put,175.00,-19.56%,0.61,0.71,0.81,698,320,2.18,39.45%,47.82%,-0.051913,2026-08-10
TSLA,330.88,2026-08-12,2,Call,352.50,-6.53%,0.2,0.21,0.22,1243,569,2.18,40.09%,49.19%,0.043217,2026-08-10
DOCS,25.63,2026-09-18,39,Call,25.00,+2.46%,2.05,2.3,2.45,591,272,2.17,55.77%,56.63%,0.598104,2026-08-10
ABNB,184.7,2026-08-14,4,Put,172.50,-6.61%,0.1,0.17,0.34,652,301,2.17,32.37%,42.93%,-0.060406,2026-08-10
MSFT,506.06,2028-12-15,858,Call,630.00,-24.49%,76.5,78.93,80.2,711,327,2.17,27.84%,34.45%,0.493497,2026-08-10
SPCX,138.74,2026-08-14,4,Call,131.00,+5.58%,9.65,9.87,10.35,3317,1532,2.17,78.06%,92.43%,0.740804,2026-08-10
QCOM,162.17,2026-08-14,4,Put,165.00,+1.75%,4.85,5.06,5.3,749,346,2.16,48.67%,51.15%,-0.615602,2026-08-10
GOOGL,357.52,2026-09-18,39,Call,590.00,-65.03%,0.01,0.12,0.23,937,434,2.16,30.41%,58.09%,0.005816,2026-08-10
NEM,117.26,2026-10-16,67,Call,135.00,-15.13%,3.3,3.55,3.8,1075,497,2.16,43.58%,45.78%,0.275851,2026-08-10
BMNR,18.1,2026-08-14,4,Put,17.00,-6.08%,0.16,0.19,0.2,2981,1380,2.16,76.55%,77.87%,-0.207798,2026-08-10
ASTS,68.76,2026-08-14,4,Call,78.00,-13.44%,1.7,1.94,1.93,3231,1495,2.16,101.26%,169.03%,0.266994,2026-08-10
MSFT,506.06,2026-08-14,4,Call,515.00,-1.77%,2.74,2.81,3,3544,1640,2.16,27.84%,29.61%,0.294825,2026-08-10
ASTS,68.76,2026-08-14,4,Call,80.00,-16.35%,1.4,1.47,1.47,5959,2761,2.16,101.26%,169.23%,0.222452,2026-08-10
AAPL,308.26,2026-08-12,2,Call,317.50,-3.00%,0.19,0.2,0.2,7492,3464,2.16,24.47%,26.94%,0.071889,2026-08-10
MSFT,506.06,2026-08-14,4,Call,522.50,-3.25%,1.22,1.28,1.38,726,338,2.15,27.84%,29.80%,0.1589,2026-08-10
INTC,97.52,2026-08-14,4,Put,94.00,-3.61%,1.58,1.6,1.7,1197,558,2.15,70.58%,77.47%,-0.309372,2026-08-10
NVDA,217.55,2026-08-17,7,Put,192.50,-11.51%,0.14,0.18,0.16,685,320,2.14,39.45%,46.90%,-0.027145,2026-08-10
SPCX,138.74,2026-08-21,11,Put,129.00,-7.02%,3.7,3.8,3.8,852,398,2.14,78.06%,83.19%,-0.279988,2026-08-10
AAOI,132.81,2027-01-15,158,Put,80.00,-39.76%,11.6,12.1,13.3,1023,478,2.14,120.57%,123.20%,-0.14737,2026-08-10
AMZN,278.09,2026-08-21,11,Call,110.00,+60.44%,167.35,168.05,169.75,1066,499,2.14,30.22%,241.68%,0.992298,2026-08-10
GOOGL,357.52,2026-08-12,2,Put,355.00,-0.70%,2.12,2.2,2.29,1257,588,2.14,30.41%,31.72%,-0.374584,2026-08-10
IBM,236.31,2026-08-14,4,Call,247.50,-4.74%,0.53,0.6,0.62,1442,674,2.14,36.38%,37.82%,0.12571,2026-08-10
SPCX,138.74,2026-08-14,4,Put,114.00,-17.83%,0.14,0.14,0.15,2142,1002,2.14,78.06%,99.05%,-0.025623,2026-08-10
SPCX,138.74,2026-08-14,4,Put,127.00,-8.46%,1.23,1.25,1.27,4517,2111,2.14,78.06%,92.49%,-0.167174,2026-08-10
SPCX,138.74,2026-08-14,4,Call,137.00,+1.25%,6.25,6.34,6.4,7322,3424,2.14,78.06%,93.50%,0.572194,2026-08-10
AMZN,278.09,2026-08-17,7,Call,280.00,-0.69%,3.4,3.43,3.65,514,241,2.13,30.22%,28.09%,0.44487,2026-08-10
COHR,325.15,2026-08-14,4,Put,310.00,-4.66%,10.4,11.9,12.6,576,270,2.13,96.42%,136.77%,-0.341904,2026-08-10
CIFR,16.33,2026-09-11,32,Call,20.00,-22.47%,0.86,0.93,1.09,621,292,2.13,105.14%,110.61%,0.328018,2026-08-10
BABA,132.32,2026-08-14,4,Call,136.00,-2.78%,1.2,1.27,1.3,794,373,2.13,48.40%,48.17%,0.302239,2026-08-10
AMD,469.56,2027-12-17,494,Put,420.00,-10.55%,90.25,89.9,93.95,1002,470,2.13,58.84%,62.42%,-0.285881,2026-08-10
TSLA,330.88,2026-08-21,11,Call,317.50,+4.04%,17.1,16.55,17.85,1133,532,2.13,40.09%,40.09%,0.7401,2026-08-10
USAR,19.04,2026-08-14,4,Call,19.50,-2.42%,0.81,0.84,0.89,2240,1052,2.13,102.01%,131.96%,0.459817,2026-08-10
MSTR,97.33,2026-09-11,32,Put,60.00,-38.35%,0.31,0.4,0.48,520,245,2.12,71.40%,96.63%,-0.032559,2026-08-10
DVN,45.36,2026-08-14,4,Call,45.50,-0.31%,0.63,0.64,0.74,525,248,2.12,36.22%,39.60%,0.479361,2026-08-10
VKTX,34.44,2026-08-14,4,Call,36.00,-4.53%,0.03,0.3,0.32,549,259,2.12,79.63%,46.86%,0.191993,2026-08-10
PATH,15.59,2026-08-14,4,Call,17.00,-9.04%,0.09,0.1,0.11,867,409,2.12,79.34%,78.14%,0.155564,2026-08-10
TSLA,330.88,2026-08-14,4,Put,312.50,-5.55%,0.64,0.63,0.67,1811,854,2.12,40.09%,42.39%,-0.093705,2026-08-10
TSLA,330.88,2026-08-14,4,Put,315.00,-4.80%,0.89,0.91,0.91,2882,1360,2.12,40.09%,41.68%,-0.123535,2026-08-10
NKE,42.11,2026-08-14,4,Call,43.00,-2.11%,0.31,0.32,0.32,3643,1718,2.12,35.71%,37.60%,0.304148,2026-08-10
CRWD,225.16,2026-08-14,4,Call,250.00,-11.03%,0.35,0.39,0.45,1423,673,2.11,61.69%,63.68%,0.062935,2026-08-10
ACHR,6.26,2026-09-18,39,Put,5.00,-20.13%,0.21,0.22,0.25,3084,1459,2.11,98.56%,94.69%,-0.186152,2026-08-10
SOFI,18.12,2026-08-14,4,Put,18.00,-0.66%,0.31,0.31,0.32,7924,3762,2.11,47.78%,49.71%,-0.436424,2026-08-10
SPCX,138.74,2026-08-14,4,Call,135.00,+2.70%,7.35,7.45,7.5,34589,16422,2.11,78.06%,93.03%,0.630591,2026-08-10
SKHY,135.29,2026-08-14,4,Put,126.00,-6.87%,1.6,1.7,1.7,515,245,2.1,81.02%,91.53%,-0.213546,2026-08-10
BX,141.66,2026-08-14,4,Call,145.00,-2.36%,0.8,0.9,1,625,297,2.1,34.37%,36.30%,0.276407,2026-08-10
RGTI,17.65,2026-10-16,67,Put,13.00,-26.35%,0.5,0.63,1.16,753,358,2.1,86.95%,97.94%,-0.170357,2026-08-10
AAPL,308.26,2026-08-17,7,Call,317.50,-3.00%,0.85,0.9,1.01,1036,494,2.1,24.47%,22.50%,0.180828,2026-08-10
POET,8.56,2026-08-14,4,Put,7.50,-12.38%,0.07,0.14,0.15,1064,507,2.1,112.53%,136.92%,-0.159494,2026-08-10
SOC,5.09,2026-08-14,4,Call,5.00,+1.77%,0.3,0.37,0.45,1355,646,2.1,123.81%,155.39%,0.576703,2026-08-10
ABNB,184.7,2026-09-18,39,Call,200.00,-8.28%,2.55,2.55,2.65,2904,1382,2.1,32.37%,31.19%,0.244831,2026-08-10
GLXY,19.52,2026-08-14,4,Put,18.00,-7.79%,0.01,0.19,0.36,883,422,2.09,82.68%,89.23%,-0.179189,2026-08-10
OKLO,44.49,2026-08-14,4,Put,42.00,-5.60%,0.57,0.68,0.74,574,276,2.08,84.21%,89.02%,-0.251908,2026-08-10
AMD,469.56,2026-08-12,2,Call,490.00,-4.35%,2.41,2.41,2.45,799,385,2.08,58.84%,65.34%,0.196897,2026-08-10
COIN,148.68,2026-08-14,4,Put,139.00,-6.51%,0.86,0.93,0.94,934,449,2.08,63.69%,67.08%,-0.15889,2026-08-10
SPCX,138.74,2026-10-16,67,Call,155.00,-11.72%,12.1,12.1,12.35,1581,760,2.08,78.06%,75.81%,0.437265,2026-08-10
ASTS,68.76,2026-08-21,11,Call,160.00,-132.69%,0.01,0.12,0.12,2213,1065,2.08,101.26%,192.63%,0.009275,2026-08-10
NKE,42.11,2026-08-14,4,Call,42.00,+0.26%,0.69,0.7,0.73,2262,1089,2.08,35.71%,37.25%,0.534149,2026-08-10
META,594.92,2026-08-14,4,Call,630.00,-5.90%,1.01,1.06,1.07,4082,1960,2.08,34.84%,40.13%,0.091056,2026-08-10
RKLB,80.04,2026-08-14,4,Call,97.00,-21.19%,1.11,1.23,1.27,527,254,2.07,98.81%,173.31%,0.166904,2026-08-10
ELF,95.24,2026-09-18,39,Put,80.00,-16.00%,1.35,1.6,1.8,590,285,2.07,56.54%,58.48%,-0.152371,2026-08-10
NFLX,76.29,2026-08-14,4,Put,74.00,-3.00%,0.32,0.33,0.34,3254,1574,2.07,33.35%,36.03%,-0.201446,2026-08-10
ORCL,151.05,2026-08-14,4,Call,152.50,-0.96%,3.45,3.5,3.65,5288,2555,2.07,71.62%,66.58%,0.46066,2026-08-10
SOUN,7.46,2026-08-14,4,Call,7.50,-0.54%,0.23,0.27,0.27,6101,2954,2.07,79.33%,85.87%,0.495961,2026-08-10
BABA,132.32,2026-08-14,4,Call,140.00,-5.80%,0.51,0.52,0.53,7056,3401,2.07,48.40%,50.27%,0.148004,2026-08-10
HIMS,31.77,2026-08-14,4,Call,40.00,-25.90%,0.41,0.41,0.42,7293,3530,2.07,97.49%,187.55%,0.141591,2026-08-10
RUM,6.21,2026-08-14,4,Call,7.00,-12.72%,0.1,0.12,0.15,505,245,2.06,84.54%,145.99%,0.240515,2026-08-10
AEVA,23.69,2026-09-18,39,Call,25.00,-5.53%,2.7,2.9,3.5,652,316,2.06,105.81%,116.69%,0.52391,2026-08-10
SPCX,138.74,2026-08-21,11,Call,139.00,-0.19%,7.9,8,8.25,750,364,2.06,78.06%,84.65%,0.527176,2026-08-10
RXT,4.73,2026-08-14,4,Call,5.50,-16.28%,0.2,0.25,0.25,1337,648,2.06,151.03%,245.29%,0.323649,2026-08-10
SPCX,138.74,2026-12-18,130,Call,240.00,-72.99%,5.15,5.21,5.3,1385,673,2.06,78.06%,78.26%,0.181242,2026-08-10
TE,5.31,2026-08-14,4,Call,5.50,-3.58%,0.3,0.32,0.4,2956,1436,2.06,149.59%,194.22%,0.472363,2026-08-10
F,14,2027-12-17,494,Call,7.00,+50.00%,4.9,6.9,9.5,600,292,2.05,31.51%,53.69%,0.918339,2026-08-10
MU,861,2026-08-14,4,Call,890.00,-3.37%,16.7,16.65,17.3,1576,770,2.05,70.47%,79.67%,0.362827,2026-08-10
RKLB,80.04,2026-08-14,4,Call,88.00,-9.95%,2.64,2.71,2.84,2212,1077,2.05,98.81%,167.70%,0.326322,2026-08-10
BE,210.63,2026-08-21,11,Call,225.00,-6.82%,8.4,10.23,10.1,642,314,2.04,102.04%,101.55%,0.389714,2026-08-10
UEC,11.38,2026-09-18,39,Put,10.00,-12.13%,0.4,0.46,0.46,707,346,2.04,72.62%,70.63%,-0.245033,2026-08-10
DELL,457.88,2028-12-15,858,Put,200.00,-56.32%,41.25,42.54,45.5,732,358,2.04,85.84%,80.53%,-0.089305,2026-08-10
BABA,132.32,2026-08-14,4,Call,133.00,-0.51%,2.23,2.25,2.4,2189,1074,2.04,48.40%,47.62%,0.469287,2026-08-10
CMG,32.14,2026-08-14,4,Call,33.00,-2.68%,0.24,0.24,0.3,2695,1322,2.04,37.81%,44.19%,0.29489,2026-08-10
INTC,97.52,2026-08-28,18,Call,100.00,-2.54%,5.15,5.22,5.4,4139,2032,2.04,70.58%,72.97%,0.474172,2026-08-10
AMAT,522.12,2026-08-14,4,Put,500.00,-4.24%,11.45,12.14,13.55,778,383,2.03,72.24%,102.49%,-0.32274,2026-08-10
MU,861,2026-08-17,7,Call,900.00,-4.53%,16.2,17,18.1,828,407,2.03,70.47%,67.56%,0.337426,2026-08-10
PLTR,175.23,2027-09-17,403,Call,200.00,-14.14%,37.35,38,38,1083,534,2.03,49.44%,59.90%,0.569768,2026-08-10
PGEN,7,2027-01-15,158,Call,9.00,-28.57%,0.4,0.85,0.9,1155,568,2.03,84.23%,72.59%,0.361158,2026-08-10
SPCX,138.74,2026-08-14,4,Call,147.00,-5.95%,2.69,2.71,2.75,1862,915,2.03,78.06%,99.68%,0.30914,2026-08-10
LUV,44.9,2027-01-15,158,Put,45.00,+0.22%,4.5,4.58,4.8,3007,1481,2.03,39.23%,41.06%,-0.437722,2026-08-10
BAC,63.86,2027-06-17,311,Call,75.00,-17.44%,2.23,2.33,2.39,3323,1635,2.03,20.04%,23.76%,0.291575,2026-08-10
RBLX,37.05,2027-06-17,311,Put,35.00,-5.53%,7.7,7.7,8.2,500,247,2.02,61.79%,73.13%,-0.32478,2026-08-10
AAPL,308.26,2026-08-19,9,Call,315.00,-2.19%,1.87,2.05,2.1,583,289,2.02,24.47%,23.09%,0.288986,2026-08-10
AXTI,73.81,2026-09-18,39,Call,85.00,-15.16%,8.8,9.1,10.5,620,307,2.02,135.97%,141.14%,0.473387,2026-08-10
ASTS,68.76,2026-08-14,4,Put,71.00,+3.26%,5.6,6.02,6.2,638,316,2.02,101.26%,161.62%,-0.541056,2026-08-10
MU,861,2026-08-12,2,Call,955.00,-10.92%,1.01,1.11,1.21,645,319,2.02,70.47%,83.74%,0.050773,2026-08-10
QS,6.19,2026-08-14,4,Put,6.00,-3.07%,0.11,0.12,0.13,844,418,2.02,79.11%,79.28%,-0.33676,2026-08-10
OKLO,44.49,2026-12-18,130,Call,45.00,-1.15%,9.15,9.6,9.5,891,442,2.02,84.21%,88.68%,0.606024,2026-08-10
HTZ,2.12,2026-09-04,25,Call,4.00,-88.68%,0.07,0.1,0.1,1298,641,2.02,142.76%,202.05%,0.17577,2026-08-10
DAL,89.21,2026-08-21,11,Put,85.00,-4.72%,0.16,0.61,0.75,1615,801,2.02,36.37%,30.87%,-0.172974,2026-08-10
META,594.92,2026-08-14,4,Put,580.00,-2.51%,3.25,3.47,3.5,2223,1101,2.02,34.84%,36.61%,-0.245012,2026-08-10
CIFR,16.33,2026-09-18,39,Put,10.00,-38.76%,0.01,0.17,0.18,1241,616,2.01,105.14%,95.38%,-0.04088,2026-08-10
ASTS,68.76,2026-08-14,4,Put,68.00,-1.11%,4.15,4.2,4.3,1335,665,2.01,101.26%,161.53%,-0.439506,2026-08-10
NVO,47.73,2026-08-14,4,Call,49.00,-2.66%,0.26,0.27,0.29,1346,668,2.01,33.54%,37.10%,0.252701,2026-08-10
PLUG,2.11,2026-08-14,4,Put,2.00,-5.21%,0.1,0.1,0.11,8863,4411,2.01,105.67%,179.87%,-0.351849,2026-08-10
PLTR,175.23,2026-08-14,4,Put,160.00,-8.69%,0.35,0.35,0.36,9886,4915,2.01,49.44%,60.52%,-0.070406,2026-08-10
INTC,97.52,2026-08-14,4,Put,92.50,-5.15%,1.15,1.2,1.23,524,262,2,70.58%,77.62%,-0.24358,2026-08-10
APLD,29.06,2026-08-14,4,Put,26.50,-8.81%,0.17,0.23,0.29,557,278,2,89.66%,90.71%,-0.153269,2026-08-10
NVDA,217.55,2026-09-25,46,Call,240.00,-10.32%,4.5,5,4.85,592,296,2,39.45%,39.06%,0.270978,2026-08-10
U,43.1,2026-08-21,11,Put,42.00,-2.55%,1.16,1.27,1.3,679,339,2,60.61%,59.15%,-0.377503,2026-08-10
ORCL,151.05,2026-08-14,4,Put,139.00,-7.98%,0.47,0.54,0.57,699,350,2,71.62%,64.83%,-0.10338,2026-08-10
CRWV,88.19,2026-08-14,4,Put,89.00,+0.92%,6.05,6.15,6.3,856,429,2,96.25%,156.35%,-0.488867,2026-08-10
B,40.88,2026-08-14,4,Put,40.00,-2.15%,0.41,0.44,0.5,1407,703,2,43.08%,48.80%,-0.324438,2026-08-10
ACHR,6.26,2026-08-28,18,Call,7.00,-11.82%,0.33,0.37,0.39,1972,988,2,98.56%,113.06%,0.377363,2026-08-10
SPCX,138.74,2026-09-04,25,Put,130.00,-6.30%,7,7.2,7.15,2009,1007,2,78.06%,78.70%,-0.333954,2026-08-10
REPL,13.67,2026-11-20,102,Call,20.00,-46.31%,0.8,0.95,0.95,2246,1124,2,102.17%,86.43%,0.280646,2026-08-10
INTC,97.52,2026-08-21,11,Call,102.00,-4.59%,3,3.3,3.3,2664,1335,2,70.58%,73.08%,0.38843,2026-08-10
V,361.32,2026-08-21,11,Call,320.00,+11.44%,40.5,39.9,41.85,750,377,1.99,20.64%,19.88%,0.999592,2026-08-10
INTC,97.52,2026-08-14,4,Put,99.00,+1.52%,3.9,3.95,4.1,1078,542,1.99,70.58%,78.58%,-0.555169,2026-08-10
ETSY,80.4,2026-09-18,39,Put,80.00,-0.50%,4.8,4.9,5.15,1608,808,1.99,52.25%,50.88%,-0.447796,2026-08-10
COIN,148.68,2026-08-14,4,Call,152.50,-2.57%,2.78,2.85,2.9,1661,834,1.99,63.69%,71.12%,0.382766,2026-08-10
GOOG,355.84,2026-08-14,4,Call,360.00,-1.17%,2.96,3.01,3.05,4511,2267,1.99,29.77%,31.78%,0.373858,2026-08-10
HPE,54.68,2026-08-14,4,Call,60.00,-9.73%,0.28,0.28,0.33,3684,1860,1.98,78.48%,78.40%,0.138525,2026-08-10
TPR,164.78,2026-08-14,4,Call,200.00,-21.37%,0.15,0.25,0.45,706,358,1.97,50.87%,104.06%,0.04262,2026-08-10
ORCL,151.05,2026-08-28,18,Call,160.00,-5.93%,4.8,4.87,5.05,2287,1158,1.97,71.62%,62.60%,0.368047,2026-08-10
HIMS,31.77,2026-08-14,4,Call,35.00,-10.17%,1.28,1.29,1.29,6692,3391,1.97,97.49%,185.56%,0.344813,2026-08-10
NVDA,217.55,2026-08-14,4,Call,197.50,+9.22%,19.7,21.61,22.1,1986,1014,1.96,39.45%,73.36%,0.9035,2026-08-10
NVDA,217.55,2026-08-17,7,Put,205.00,-5.77%,0.57,0.58,0.61,2255,1148,1.96,39.45%,36.06%,-0.110084,2026-08-10
AAOI,132.81,2026-08-14,4,Call,160.00,-20.47%,1.2,1.34,1.5,2323,1187,1.96,120.57%,150.82%,0.136035,2026-08-10
COIN,148.68,2026-08-14,4,Put,137.00,-7.86%,0.56,0.55,0.66,605,310,1.95,63.69%,67.51%,-0.115409,2026-08-10
UPST,30.21,2026-10-16,67,Call,30.00,+0.70%,3.4,3.5,3.55,654,336,1.95,62.12%,63.85%,0.574239,2026-08-10
BTU,24.65,2026-08-21,11,Call,26.00,-5.48%,0.36,0.45,0.53,943,484,1.95,54.36%,55.29%,0.308407,2026-08-10
XOM,159.79,2026-08-14,4,Put,155.00,-3.00%,0.54,0.58,0.6,2335,1197,1.95,29.21%,33.18%,-0.1849,2026-08-10
RCAT,10,2026-08-14,4,Call,10.50,-5.00%,0.26,0.28,0.29,2692,1384,1.95,103.09%,112.94%,0.363069,2026-08-10
QUBT,8.93,2026-08-14,4,Call,9.50,-6.38%,0.32,0.33,0.34,3462,1776,1.95,90.64%,148.04%,0.374759,2026-08-10
GME,18.79,2026-08-14,4,Put,19.00,+1.12%,0.33,0.37,0.39,4527,2338,1.94,40.27%,29.77%,-0.638403,2026-08-10
POET,8.56,2028-12-15,858,Call,5.00,+41.59%,5.7,6.02,6.25,2508,1293,1.94,112.53%,102.82%,0.883389,2026-08-10
AMD,469.56,2026-08-12,2,Put,430.00,-8.42%,0.43,0.52,0.56,693,359,1.93,58.84%,72.19%,-0.046749,2026-08-10
ASTS,68.76,2026-08-14,4,Put,57.00,-17.10%,0.6,0.6,0.62,1442,749,1.93,101.26%,154.32%,-0.106711,2026-08-10
IONQ,42.53,2026-12-18,130,Call,70.00,-64.59%,2.84,3.35,3.25,1573,817,1.93,84.85%,92.36%,0.273029,2026-08-10
EXE,97.56,2026-09-18,39,Call,100.00,-2.50%,2.45,2.65,3,1797,930,1.93,30.50%,29.28%,0.421708,2026-08-10
BW,8.88,2026-08-21,11,Call,10.00,-12.61%,0.4,0.59,0.7,2115,1098,1.93,115.85%,155.08%,0.381093,2026-08-10
RDDT,158.72,2026-08-14,4,Put,157.50,-0.77%,3.2,3.49,3.75,503,262,1.92,58.97%,61.83%,-0.437744,2026-08-10
RKLB,80.04,2026-08-14,4,Call,99.00,-23.69%,0.92,1.05,1.03,519,270,1.92,98.81%,174.04%,0.141482,2026-08-10
CLS,314.59,2026-12-18,130,Call,700.00,-122.51%,3.3,4.11,5.4,620,323,1.92,69.79%,79.32%,0.077246,2026-08-10
SEDG,32.21,2026-10-16,67,Put,30.00,-6.86%,3.55,3.6,3.8,750,390,1.92,90.60%,90.67%,-0.347899,2026-08-10
SNDK,1237.92,2026-08-14,4,Put,"1,200.00",-3.06%,37.3,37.9,38,1864,969,1.92,92.07%,107.54%,-0.368548,2026-08-10
FSLR,239.33,2028-01-21,529,Put,320.00,+33.71%,109.5,113.46,114.5,2017,1050,1.92,56.86%,57.29%,-0.527736,2026-08-10
VFC,14.9,2027-01-15,158,Put,15.00,+0.67%,1.75,2.09,1.94,4770,2482,1.92,46.73%,47.47%,-0.437655,2026-08-10
AMD,469.56,2026-08-19,9,Put,455.00,-3.10%,9.55,10.5,11.35,8656,4533,1.91,58.84%,58.31%,-0.345269,2026-08-10
TSM,418.47,2026-12-18,130,Put,350.00,-16.36%,12.65,12.95,13.5,11411,5968,1.91,39.72%,43.03%,-0.194108,2026-08-10
NFLX,76.29,2026-08-14,4,Call,80.00,-4.86%,0.17,0.17,0.18,19093,10018,1.91,33.35%,37.67%,0.120141,2026-08-10
ABNB,184.7,2026-08-21,11,Put,175.00,-5.25%,0.95,1.08,1.19,564,296,1.91,32.37%,34.79%,-0.173662,2026-08-10
GOOG,355.84,2026-08-14,4,Put,342.50,-3.75%,0.81,0.88,0.88,632,331,1.91,29.77%,33.55%,-0.132382,2026-08-10
TLRY,4.42,2026-08-14,4,Put,4.50,+1.81%,0.05,0.19,0.24,706,369,1.91,62.31%,54.22%,-0.611272,2026-08-10
PLUG,2.11,2026-09-04,25,Call,2.50,-18.48%,0.1,0.14,0.14,802,420,1.91,105.67%,112.82%,0.337819,2026-08-10
CLF,12.49,2026-09-04,25,Call,12.50,-0.08%,0.58,0.87,0.89,897,470,1.91,61.99%,56.32%,0.529713,2026-08-10
DKNG,24.27,2026-08-21,11,Call,26.50,-9.19%,0.08,0.23,0.5,1093,571,1.91,54.17%,59.28%,0.214135,2026-08-10
AMZN,278.09,2026-08-14,4,Call,277.50,+0.21%,3.95,4.03,4.25,3424,1792,1.91,30.22%,32.24%,0.536492,2026-08-10
INTC,97.52,2026-08-21,11,Call,98.00,-0.49%,4.65,4.65,4.85,613,323,1.9,70.58%,73.08%,0.512739,2026-08-10
BABA,132.32,2026-11-20,102,Call,160.00,-20.92%,4.55,4.56,4.9,1044,549,1.9,48.40%,47.42%,0.264194,2026-08-10
SPCX,138.74,2026-11-20,102,Call,135.00,+2.70%,23.8,24.14,24.3,1453,763,1.9,78.06%,74.88%,0.615677,2026-08-10
HIMS,31.77,2026-08-21,11,Call,41.00,-29.05%,0.43,0.5,0.51,1723,909,1.9,97.49%,125.41%,0.145102,2026-08-10
NKE,42.11,2026-08-14,4,Call,42.50,-0.93%,0.46,0.47,0.5,2038,1070,1.9,35.71%,37.20%,0.413666,2026-08-10
SPCX,138.74,2026-08-14,4,Call,142.00,-2.35%,4.15,4.18,4.25,2549,1342,1.9,78.06%,96.59%,0.430439,2026-08-10
TTD,13.39,2026-10-16,67,Call,15.00,-12.02%,0.8,0.8,0.83,3660,1922,1.9,57.60%,60.02%,0.387236,2026-08-10
IBM,236.31,2026-08-14,4,Call,237.50,-0.50%,2.82,2.7,3.25,685,363,1.89,36.38%,36.29%,0.455705,2026-08-10
TTD,13.39,2026-08-28,18,Call,14.50,-8.29%,0.23,0.25,0.31,707,375,1.89,57.60%,55.05%,0.282392,2026-08-10
MU,861,2026-08-12,2,Put,750.00,-12.89%,0.27,0.32,0.35,710,375,1.89,70.47%,87.63%,-0.015276,2026-08-10
MRVL,208.56,2026-08-14,4,Put,192.50,-7.70%,1.73,1.75,1.93,771,407,1.89,85.93%,86.00%,-0.173846,2026-08-10
RKLB,80.04,2026-08-14,4,Call,93.00,-16.19%,1.65,1.75,1.83,879,464,1.89,98.81%,171.13%,0.227827,2026-08-10
MVST,0.8748,2026-08-21,11,Put,1.0000,+14.94%,0.2,0.24,0.3,1288,683,1.89,169.99%,282.36%,-0.510477,2026-08-10
UPS,104.72,2026-08-14,4,Call,106.00,-1.22%,0.55,0.62,0.68,1495,790,1.89,26.52%,26.19%,0.330525,2026-08-10
AAPL,308.26,2026-08-17,7,Call,310.00,-0.56%,2.89,3,3.2,2313,1227,1.89,24.47%,22.07%,0.441007,2026-08-10
AMZN,278.09,2026-08-12,2,Call,287.50,-3.38%,0.29,0.29,0.3,3663,1935,1.89,30.22%,33.44%,0.092775,2026-08-10
IREN,38.74,2026-08-14,4,Call,43.00,-11.00%,0.52,0.57,0.58,5075,2688,1.89,104.63%,116.96%,0.215434,2026-08-10
SKHY,135.29,2027-01-15,158,Put,120.00,-11.30%,18.4,18.6,19.4,5042,2683,1.88,81.02%,80.82%,-0.303267,2026-08-10
TSLA,330.88,2026-08-14,4,Call,360.00,-8.80%,0.4,0.41,0.41,7341,3900,1.88,40.09%,49.72%,0.056267,2026-08-10
META,594.92,2026-11-20,102,Call,875.00,-47.08%,3.55,4.38,3.9,521,277,1.88,34.84%,44.03%,0.066867,2026-08-10
SMCI,31.46,2026-08-14,4,Put,30.50,-3.05%,1.6,1.65,1.67,595,316,1.88,93.56%,161.35%,-0.393608,2026-08-10
OKLO,44.49,2026-08-14,4,Call,44.50,-0.02%,1.68,1.71,1.9,648,344,1.88,84.21%,96.18%,0.52076,2026-08-10
MRVL,208.56,2026-08-14,4,Call,215.00,-3.09%,4.9,5,5.15,956,508,1.88,85.93%,88.19%,0.390065,2026-08-10
RKLB,80.04,2026-08-14,4,Put,77.00,-3.80%,3.5,3.73,3.95,1007,537,1.88,98.81%,156.15%,-0.374216,2026-08-10
GOOGL,357.52,2026-08-14,4,Put,347.50,-2.80%,1.39,1.5,1.56,1035,552,1.88,30.41%,33.90%,-0.203758,2026-08-10
AAOI,132.81,2026-08-14,4,Call,150.00,-12.94%,2.55,2.75,2.7,2852,1520,1.88,120.57%,146.19%,0.236904,2026-08-10
SEZL,118,2026-08-21,11,Call,150.00,-27.12%,0.05,0.39,0.55,644,345,1.87,70.45%,78.96%,0.047072,2026-08-10
NVDA,217.55,2026-08-19,9,Put,210.00,-3.47%,1.83,1.87,1.9,797,426,1.87,39.45%,35.54%,-0.25037,2026-08-10
APA,41.02,2026-09-18,39,Call,47.50,-15.80%,0.47,0.5,0.56,1291,690,1.87,42.53%,43.96%,0.173355,2026-08-10
WMT,112.66,2026-08-14,4,Put,111.00,-1.47%,0.5,0.53,0.52,1401,751,1.87,31.02%,24.96%,-0.277101,2026-08-10
UBER,78.03,2026-08-14,4,Call,77.00,+1.32%,1.78,1.88,1.95,2188,1172,1.87,33.81%,39.08%,0.638734,2026-08-10
MSFT,506.06,2026-08-12,2,Call,527.50,-4.24%,0.18,0.2,0.23,2621,1399,1.87,27.84%,32.13%,0.042189,2026-08-10
UPS,104.72,2026-08-28,18,Call,106.00,-1.22%,1.13,1.34,1.87,865,464,1.86,26.52%,22.79%,0.406382,2026-08-10
UBER,78.03,2027-06-17,311,Call,120.00,-53.79%,2.28,2.3,2.62,1169,628,1.86,33.81%,39.68%,0.184291,2026-08-10
MSTR,97.33,2026-08-14,4,Call,108.00,-10.96%,0.5,0.58,0.52,2068,1113,1.86,71.40%,83.14%,0.125652,2026-08-10
META,594.92,2026-11-20,102,Call,640.00,-7.58%,35.55,35.96,36.7,2464,1323,1.86,34.84%,41.28%,0.427799,2026-08-10
RIVN,16.39,2026-08-14,4,Call,16.50,-0.67%,0.36,0.38,0.39,8888,4773,1.86,54.65%,61.87%,0.474177,2026-08-10
MU,861,2026-09-04,25,Call,"1,000.00",-16.14%,21.35,23.65,24.2,665,360,1.85,70.47%,73.60%,0.252002,2026-08-10
MU,861,2026-08-14,4,Put,795.00,-7.67%,5.95,6.2,6.25,764,413,1.85,70.47%,79.26%,-0.156952,2026-08-10
NVDA,217.55,2026-08-28,18,Call,270.00,-24.11%,0.21,0.25,0.26,1679,906,1.85,39.45%,48.77%,0.027076,2026-08-10
NOW,127.44,2026-08-14,4,Call,135.00,-5.93%,0.74,0.77,0.79,1871,1012,1.85,54.81%,58.74%,0.18403,2026-08-10
SPCX,138.74,2026-08-14,4,Put,129.00,-7.02%,1.66,1.72,1.71,2740,1485,1.85,78.06%,92.58%,-0.210906,2026-08-10
ASTS,68.76,2026-08-14,4,Call,70.00,-1.80%,4.1,4.21,4.3,3472,1880,1.85,101.26%,165.28%,0.49421,2026-08-10
INTC,97.52,2026-08-14,4,Put,97.00,-0.53%,2.78,2.9,2.95,3617,1957,1.85,70.58%,77.15%,-0.456157,2026-08-10
AXTI,73.81,2026-08-14,4,Call,85.00,-15.16%,1.3,1.45,1.8,553,301,1.84,135.97%,162.96%,0.229678,2026-08-10
MSFT,506.06,2026-09-18,39,Call,565.00,-11.65%,2.51,2.7,2.89,555,301,1.84,27.84%,27.37%,0.124764,2026-08-10
AMD,469.56,2026-08-12,2,Call,520.00,-10.74%,0.2,0.26,0.27,710,385,1.84,58.84%,69.83%,0.025935,2026-08-10
HOOD,94.52,2026-08-14,4,Put,93.00,-1.61%,1.9,1.95,2,1119,607,1.84,62.91%,67.82%,-0.394116,2026-08-10
HL,17.55,2026-08-14,4,Put,17.00,-3.13%,0.2,0.28,0.31,1954,1063,1.84,64.91%,66.97%,-0.310622,2026-08-10
MSFT,506.06,2026-08-14,4,Call,520.00,-2.75%,1.68,1.74,1.8,6090,3334,1.83,27.84%,29.90%,0.199757,2026-08-10
UNH,408.74,2026-08-14,4,Call,435.00,-6.42%,0.03,0.22,0.3,502,275,1.83,28.32%,31.65%,0.031576,2026-08-10
COST,952.75,2026-08-28,18,Put,630.00,-33.88%,0.01,0.13,0.13,754,411,1.83,21.89%,65.35%,-0.001686,2026-08-10
BA,232.79,2026-08-14,4,Put,235.00,+0.95%,4.05,4.29,4.45,841,459,1.83,31.36%,30.93%,-0.608275,2026-08-10
DHT,18.33,2026-10-16,67,Call,19.00,-3.66%,0.45,0.7,0.7,875,478,1.83,49.79%,30.81%,0.374545,2026-08-10
INTC,97.52,2026-08-12,2,Put,89.00,-8.74%,0.14,0.16,0.18,573,314,1.82,70.58%,81.72%,-0.061273,2026-08-10
NOW,127.44,2026-08-14,4,Call,126.00,+1.13%,3.7,3.7,3.95,1152,633,1.82,54.81%,57.12%,0.589643,2026-08-10
CIFR,16.33,2026-08-14,4,Put,15.50,-5.08%,0.42,0.45,0.48,1476,813,1.82,105.14%,120.38%,-0.315711,2026-08-10
AMAT,522.12,2026-08-14,4,Put,400.00,-23.39%,0.2,0.27,0.3,1499,822,1.82,72.24%,114.57%,-0.011188,2026-08-10
RDW,13.12,2026-08-14,4,Call,14.00,-6.71%,0.25,0.31,0.35,2861,1571,1.82,101.03%,114.05%,0.315333,2026-08-10
AMD,469.56,2026-08-14,4,Call,500.00,-6.48%,3.4,3.45,3.6,6656,3654,1.82,58.84%,67.18%,0.197001,2026-08-10
CVNA,74.16,2026-08-21,11,Call,65.00,+12.35%,9.55,9.86,10.05,8108,4451,1.82,58.52%,69.39%,0.877765,2026-08-10
PLUG,2.11,2026-08-14,4,Call,2.00,+5.21%,0.2,0.21,0.22,9360,5167,1.81,105.67%,172.83%,0.651228,2026-08-10
USAS,5.13,2026-09-18,39,Call,5.00,+2.53%,0.65,0.73,0.75,15361,8510,1.81,87.98%,94.78%,0.598923,2026-08-10
ABBV,247.97,2026-08-14,4,Call,255.00,-2.84%,0.16,0.55,0.55,524,289,1.81,25.88%,22.71%,0.12295,2026-08-10
IOVA,6.4,2026-09-04,25,Call,1.50,+76.56%,3.6,5.1,7,554,306,1.81,104.49%,606.79%,0.956302,2026-08-10
OKLO,44.49,2027-03-19,221,Put,40.00,-10.09%,8.15,8.25,8.6,629,348,1.81,84.21%,84.95%,-0.302488,2026-08-10
AMZN,278.09,2026-08-14,4,Call,267.50,+3.81%,11.1,11.21,11.55,722,399,1.81,30.22%,33.43%,0.872494,2026-08-10
SMCI,31.46,2026-08-14,4,Put,29.50,-6.23%,1.18,1.19,1.2,734,405,1.81,93.56%,159.32%,-0.318749,2026-08-10
LYFT,17.26,2026-09-18,39,Put,17.00,-1.51%,0.8,0.85,0.89,1899,1048,1.81,45.21%,44.72%,-0.421609,2026-08-10
ACHR,6.26,2026-09-04,25,Call,7.00,-11.82%,0.4,0.42,0.47,756,421,1.8,98.56%,107.64%,0.402453,2026-08-10
MSFT,506.06,2026-08-14,4,Put,497.50,-1.69%,2.98,3.14,3.15,812,452,1.8,27.84%,31.09%,-0.291438,2026-08-10
LITE,813.51,2026-08-21,11,Put,780.00,-4.12%,40.7,42.75,44.9,858,477,1.8,95.05%,105.95%,-0.372337,2026-08-10
ANET,191.52,2026-08-14,4,Call,205.00,-7.04%,0.9,0.93,1.04,961,535,1.8,56.34%,61.62%,0.154776,2026-08-10
SNDK,1237.92,2026-08-14,4,Call,"1,450.00",-17.13%,6,6.37,6.8,1035,576,1.8,92.07%,111.63%,0.098289,2026-08-10
OKLO,44.49,2026-08-14,4,Put,44.50,+0.02%,1.53,1.54,1.75,500,279,1.79,84.21%,88.46%,-0.481116,2026-08-10
APA,41.02,2026-12-18,130,Put,30.00,-26.86%,0.54,0.64,0.78,520,291,1.79,42.53%,47.85%,-0.104037,2026-08-10
DKNG,24.27,2026-08-28,18,Call,25.00,-3.01%,0.68,1.01,1.09,597,334,1.79,54.17%,54.91%,0.433529,2026-08-10
AAOI,132.81,2026-08-14,4,Call,145.00,-9.18%,3.6,3.9,4.2,1304,728,1.79,120.57%,149.32%,0.315195,2026-08-10
HIMS,31.77,2026-08-14,4,Call,42.00,-32.20%,0.23,0.24,0.27,1520,847,1.79,97.49%,187.38%,0.09292,2026-08-10
ORCL,151.05,2026-08-14,4,Call,170.00,-12.55%,0.29,0.32,0.32,8550,4807,1.78,71.62%,72.01%,0.063389,2026-08-10
NFLX,76.29,2026-08-14,4,Call,77.00,-0.93%,0.85,0.85,0.86,17007,9579,1.78,33.35%,36.35%,0.415281,2026-08-10
RKLB,80.04,2026-08-14,4,Call,96.00,-19.94%,1.31,1.32,1.35,517,290,1.78,98.81%,173.70%,0.182221,2026-08-10
SPCX,138.74,2026-08-21,11,Put,133.00,-4.14%,5.25,5.38,5.35,1080,606,1.78,78.06%,83.98%,-0.356027,2026-08-10
ASTS,68.76,2026-08-14,4,Call,72.00,-4.71%,3.35,3.55,3.55,2781,1559,1.78,101.26%,166.61%,0.430713,2026-08-10
AAOI,132.81,2026-08-14,4,Call,200.00,-50.59%,0.1,0.1,0.25,853,481,1.77,120.57%,181.85%,0.020036,2026-08-10
APLD,29.06,2026-08-14,4,Call,31.00,-6.68%,0.5,0.52,0.54,1062,600,1.77,89.66%,100.20%,0.287763,2026-08-10
ARM,267.85,2026-08-14,4,Call,315.00,-17.60%,0.58,0.64,0.72,1062,600,1.77,75.29%,95.60%,0.058661,2026-08-10
SPCX,138.74,2026-08-14,4,Put,112.00,-19.27%,0.11,0.12,0.12,2758,1561,1.77,78.06%,102.65%,-0.02021,2026-08-10
AMZN,278.09,2026-08-14,4,Call,295.00,-6.08%,0.2,0.2,0.23,5642,3192,1.77,30.22%,34.10%,0.052138,2026-08-10
BSX,50.46,2026-08-21,11,Put,46.00,-8.84%,0.05,0.1,0.4,5997,3407,1.76,38.01%,45.79%,-0.111881,2026-08-10
EVC,11.7,2026-08-21,11,Call,22.50,-92.31%,0.1,0.15,0.2,505,287,1.76,137.93%,234.70%,0.080738,2026-08-10
GAP,21.51,2026-08-14,4,Call,21.50,+0.05%,0.32,0.41,0.5,561,318,1.76,54.40%,45.06%,0.513556,2026-08-10
NVDA,217.55,2027-02-19,193,Put,215.00,-1.17%,21.75,21.3,22.3,564,320,1.76,39.45%,40.14%,-0.408725,2026-08-10
MU,861,2026-08-14,4,Put,890.00,+3.37%,41.45,44.2,46.05,823,468,1.76,70.47%,73.90%,-0.650272,2026-08-10
NVDA,217.55,2026-08-14,4,Call,180.00,+17.26%,35.05,38.03,38.3,888,504,1.76,39.45%,107.45%,0.959349,2026-08-10
SHOP,155.18,2026-08-21,11,Call,170.00,-9.55%,0.92,1.02,1.1,1062,605,1.76,46.91%,48.76%,0.153274,2026-08-10
RKLB,80.04,2026-08-14,4,Call,94.00,-17.44%,1.47,1.62,1.72,1295,737,1.76,98.81%,172.15%,0.211891,2026-08-10
HTZ,2.12,2026-08-21,11,Put,4.00,+88.68%,1.81,1.87,2.05,1501,852,1.76,142.76%,268.34%,-0.871308,2026-08-10
SPCX,138.74,2026-08-14,4,Call,148.00,-6.67%,2.47,2.5,2.52,1920,1093,1.76,78.06%,100.44%,0.288348,2026-08-10
DELL,457.88,2026-08-14,4,Put,385.00,-15.92%,0.4,0.56,0.78,524,299,1.75,85.84%,92.51%,-0.032753,2026-08-10
BFLY,9.7,2027-01-15,158,Call,17.50,-80.41%,0.9,1,1.05,685,391,1.75,97.35%,104.70%,0.312736,2026-08-10
MU,861,2026-08-12,2,Put,825.00,-4.18%,5.65,6.07,6.3,687,392,1.75,70.47%,75.41%,-0.212925,2026-08-10
PLTR,175.23,2026-08-28,18,Put,165.00,-5.84%,3.4,3.42,3.55,712,407,1.75,49.44%,50.50%,-0.27212,2026-08-10
AMD,469.56,2026-08-12,2,Call,510.00,-8.61%,0.46,0.56,0.55,782,447,1.75,58.84%,67.49%,0.052109,2026-08-10
MSFT,506.06,2026-08-28,18,Call,510.00,-0.78%,10,10.8,10.8,956,547,1.75,27.84%,26.55%,0.468865,2026-08-10
MESO,16.68,2028-01-21,529,Call,30.00,-79.86%,1.6,4.2,6.5,1533,877,1.75,137.04%,85.50%,0.500592,2026-08-10
JOBY,8.81,2026-08-14,4,Put,8.50,-3.52%,0.13,0.17,0.18,1568,894,1.75,73.85%,78.77%,-0.315654,2026-08-10
BTDR,8.69,2026-08-14,4,Put,8.50,-2.19%,0.3,0.35,0.4,1590,911,1.75,111.78%,123.21%,-0.404017,2026-08-10
RKLB,80.04,2026-08-14,4,Put,60.00,-25.04%,0.13,0.17,0.18,3120,1787,1.75,98.81%,152.55%,-0.029603,2026-08-10
MP,54.66,2026-08-14,4,Call,55.00,-0.62%,1.62,1.78,1.88,3591,2047,1.75,70.86%,83.23%,0.490805,2026-08-10
WDC,438.34,2026-08-14,4,Put,390.00,-11.03%,2.1,2.2,2.44,631,362,1.74,77.53%,93.37%,-0.106024,2026-08-10
AMD,469.56,2026-08-14,4,Put,435.00,-7.36%,2.06,2.19,2.24,1260,725,1.74,58.84%,66.57%,-0.127724,2026-08-10
GM,87.96,2026-12-18,130,Call,120.00,-36.43%,0.7,0.85,0.96,2002,1149,1.74,33.15%,36.24%,0.100334,2026-08-10
GOOG,355.84,2026-08-14,4,Put,347.50,-2.34%,1.55,1.78,1.8,638,369,1.73,29.77%,32.38%,-0.233797,2026-08-10
NOW,127.44,2026-08-14,4,Call,128.00,-0.44%,2.75,2.84,2.92,898,518,1.73,54.81%,57.82%,0.485795,2026-08-10
MSFT,506.06,2026-08-14,4,Call,505.00,+0.21%,6.65,7,7.2,2737,1585,1.73,27.84%,29.83%,0.537005,2026-08-10
BCO,110.51,2026-09-18,39,Put,105.00,-4.99%,2.6,2.5,3.1,520,303,1.72,36.92%,37.42%,-0.308375,2026-08-10
CRCL,67.05,2026-08-14,4,Call,66.00,+1.57%,2.86,2.96,3.05,592,344,1.72,79.73%,85.65%,0.589139,2026-08-10
MRVL,208.56,2026-08-21,11,Put,215.00,+3.09%,14.25,12.42,15.3,653,380,1.72,85.93%,77.71%,-0.560491,2026-08-10
SPCX,138.74,2026-08-21,11,Put,128.00,-7.74%,3.4,3.45,3.5,777,453,1.72,78.06%,83.45%,-0.262629,2026-08-10
BHC,6.35,2026-09-04,25,Call,1.00,+84.25%,4.9,5.39,6,810,472,1.72,52.33%,605.18%,0.968774,2026-08-10
MP,54.66,2027-06-17,311,Call,75.00,-37.21%,8.65,9.05,9.1,1014,588,1.72,70.86%,71.17%,0.459615,2026-08-10
HIMS,31.77,2026-08-14,4,Call,41.00,-29.05%,0.3,0.32,0.33,1070,623,1.72,97.49%,186.21%,0.113344,2026-08-10
NKE,42.11,2026-08-14,4,Call,41.50,+1.45%,0.92,1.02,1.05,1076,624,1.72,35.71%,36.36%,0.655965,2026-08-10
MSTR,97.33,2026-08-14,4,Put,87.00,-10.61%,0.23,0.27,0.35,1127,656,1.72,71.40%,78.09%,-0.078116,2026-08-10
CLF,12.49,2028-01-21,529,Call,4.00,+67.97%,8.75,8.85,9.1,1510,876,1.72,61.99%,89.20%,0.936037,2026-08-10
CSCO,122.57,2026-12-18,130,Put,115.00,-6.18%,7.5,7.7,8.45,2512,1458,1.72,48.94%,41.84%,-0.340402,2026-08-10
WMT,112.66,2026-08-14,4,Call,113.00,-0.30%,1.04,1.08,1.08,3275,1907,1.72,31.02%,25.62%,0.465005,2026-08-10
VZ,47.03,2026-08-14,4,Call,47.00,+0.06%,0.47,0.53,0.57,3417,1984,1.72,23.39%,25.98%,0.511683,2026-08-10
TTD,13.39,2026-09-18,39,Call,15.00,-12.02%,0.46,0.46,0.48,4407,2563,1.72,57.60%,58.16%,0.315092,2026-08-10
MSFT,506.06,2026-08-21,11,Put,470.00,-7.13%,1.09,1.13,1.24,4657,2715,1.72,27.84%,32.34%,-0.087014,2026-08-10
DELL,457.88,2026-08-21,11,Call,500.00,-9.20%,10.25,10.4,10.7,11523,6746,1.71,85.84%,79.16%,0.285976,2026-08-10
RBLX,37.05,2026-08-21,11,Put,36.00,-2.83%,0.85,1,1.05,535,313,1.71,61.79%,56.49%,-0.362544,2026-08-10
LYFT,17.26,2026-08-14,4,Put,17.50,+1.39%,0.45,0.47,0.75,570,333,1.71,45.21%,65.31%,-0.564897,2026-08-10
SPCX,138.74,2026-08-28,18,Call,132.00,+4.86%,12.9,13.9,13.65,573,336,1.71,78.06%,78.38%,0.649318,2026-08-10
SE,114.8,2026-08-14,4,Call,130.00,-13.24%,2.2,2.26,2.45,689,403,1.71,68.39%,149.47%,0.237608,2026-08-10
INTC,97.52,2026-08-12,2,Call,106.00,-8.70%,0.22,0.23,0.25,1001,584,1.71,70.58%,81.47%,0.088554,2026-08-10
SKHY,135.29,2027-03-19,221,Put,135.00,-0.21%,30.8,31.7,32.4,1051,616,1.71,81.02%,80.94%,-0.365999,2026-08-10
MO,65.54,2026-08-21,11,Put,64.00,-2.35%,0.46,0.51,0.56,1093,640,1.71,26.63%,24.49%,-0.286526,2026-08-10
BE,210.63,2026-08-14,4,Call,240.00,-13.94%,1.72,1.95,2.12,1203,704,1.71,102.04%,114.89%,0.153392,2026-08-10
NVDA,217.55,2026-09-04,25,Put,180.00,-17.26%,0.69,0.72,0.76,2652,1547,1.71,39.45%,48.58%,-0.05822,2026-08-10
QUBT,8.93,2026-08-14,4,Call,10.00,-11.98%,0.21,0.22,0.22,3902,2283,1.71,90.64%,153.22%,0.26665,2026-08-10
SE,114.8,2028-01-21,529,Call,280.00,-143.90%,4.95,5.5,6.3,519,306,1.7,68.39%,55.27%,0.179053,2026-08-10
ADBE,272.96,2026-08-28,18,Call,275.00,-0.75%,9.4,10.09,11.2,522,307,1.7,52.91%,45.62%,0.497892,2026-08-10
SLS,11.04,2026-08-14,4,Put,11.00,-0.36%,0.6,0.72,0.75,531,313,1.7,188.65%,151.58%,-0.458479,2026-08-10
MSTR,97.33,2026-08-14,4,Put,82.00,-15.75%,0.04,0.12,0.15,551,325,1.7,71.40%,87.27%,-0.027074,2026-08-10
PLTR,175.23,2026-08-28,18,Call,177.50,-1.30%,6.75,6.75,7,557,328,1.7,49.44%,50.07%,0.482425,2026-08-10
MSTR,97.33,2026-08-14,4,Call,88.00,+9.59%,9.45,10.15,10.05,592,348,1.7,71.40%,77.67%,0.900609,2026-08-10
LUNR,15.78,2026-08-14,4,Put,14.00,-11.28%,0.37,0.42,0.48,614,362,1.7,118.87%,176.34%,-0.22885,2026-08-10
AMD,469.56,2026-08-12,2,Put,470.00,+0.09%,8.6,8.9,9.2,659,387,1.7,58.84%,62.87%,-0.497365,2026-08-10
SLB,53.2,2026-11-20,102,Put,42.50,-20.11%,0.37,0.6,0.66,702,414,1.7,33.17%,36.31%,-0.098405,2026-08-10
HPE,54.68,2026-08-21,11,Call,57.00,-4.24%,1.57,1.61,1.76,704,415,1.7,78.48%,68.58%,0.388481,2026-08-10
HOOD,94.52,2026-08-14,4,Put,94.00,-0.55%,2.35,2.44,2.49,812,477,1.7,62.91%,68.30%,-0.453232,2026-08-10
PDD,93,2026-10-16,67,Put,95.00,+2.15%,5.5,6.55,7.1,1066,626,1.7,38.28%,34.61%,-0.515742,2026-08-10
NBIS,184.11,2026-08-14,4,Call,250.00,-35.79%,0.7,0.74,0.84,3376,1985,1.7,110.31%,174.77%,0.057229,2026-08-10
MRVL,208.56,2026-08-14,4,Put,195.00,-6.50%,2.33,2.33,2.48,807,477,1.69,85.93%,86.44%,-0.214165,2026-08-10
HOOD,94.52,2026-08-21,11,Call,94.00,+0.55%,4.3,4.4,4.5,1212,719,1.69,62.91%,62.58%,0.545847,2026-08-10
LYFT,17.26,2026-08-14,4,Call,17.50,-1.39%,0.28,0.3,0.3,1543,914,1.69,45.21%,54.53%,0.418225,2026-08-10
NFLX,76.29,2027-06-17,311,Call,98.00,-28.46%,5.5,5.7,5.95,2743,1627,1.69,33.35%,41.38%,0.353574,2026-08-10
SKHY,135.29,2026-08-14,4,Call,150.00,-10.87%,1,1.01,1.1,2857,1695,1.69,81.02%,93.40%,0.157985,2026-08-10
HBM,27.91,2026-09-18,39,Call,30.00,-7.49%,1.45,1.5,1.55,3868,2287,1.69,63.81%,62.68%,0.40853,2026-08-10
INTC,97.52,2026-08-14,4,Call,100.00,-2.54%,2.15,2.18,2.2,8054,4796,1.68,70.58%,78.91%,0.39794,2026-08-10
CRM,197.51,2027-03-19,221,Put,185.00,-6.33%,18.9,20.05,21.35,567,338,1.68,48.15%,46.52%,-0.343466,2026-08-10
MU,861,2027-02-19,193,Call,"1,200.00",-39.37%,89.15,97.58,95.15,595,354,1.68,70.47%,73.76%,0.377313,2026-08-10
APLD,29.06,2026-08-14,4,Call,31.50,-8.40%,0.4,0.48,0.48,669,398,1.68,89.66%,103.85%,0.247079,2026-08-10
KTOS,62.42,2026-08-21,11,Call,72.50,-16.15%,0.4,0.4,0.7,934,555,1.68,70.44%,74.90%,0.140516,2026-08-10
MRVL,208.56,2026-08-14,4,Put,177.50,-14.89%,0.28,0.39,0.49,1238,739,1.68,85.93%,93.38%,-0.044371,2026-08-10
GOOGL,357.52,2026-08-12,2,Put,345.00,-3.50%,0.28,0.3,0.34,2507,1488,1.68,30.41%,34.05%,-0.075853,2026-08-10
MSFT,506.06,2026-12-18,130,Call,760.00,-50.18%,0.67,0.76,0.99,515,309,1.67,27.84%,32.05%,0.024253,2026-08-10
BRK.B,529.42,2026-08-14,4,Put,520.00,-1.78%,0.84,0.99,1.07,544,325,1.67,14.97%,18.63%,-0.171339,2026-08-10
ABNB,184.7,2026-08-21,11,Call,195.00,-5.58%,0.75,1.04,1.05,725,433,1.67,32.37%,31.37%,0.17126,2026-08-10
OPEN,3.48,2026-08-14,4,Call,3.00,+13.79%,0.45,0.49,0.51,762,457,1.67,72.97%,93.42%,0.941867,2026-08-10
MSTR,97.33,2026-08-14,4,Call,97.50,-0.17%,2.88,3.03,3.1,852,509,1.67,71.40%,75.13%,0.508853,2026-08-10
OKLO,44.49,2026-08-14,4,Call,47.00,-5.64%,0.8,0.85,0.9,917,550,1.67,84.21%,96.01%,0.311381,2026-08-10
PRTH,5.23,2026-10-16,67,Call,5.00,+4.40%,0.5,0.6,0.7,952,570,1.67,72.61%,52.45%,0.63414,2026-08-10
HAL,33.64,2026-08-14,4,Put,32.50,-3.39%,0.08,0.13,0.13,1077,643,1.67,34.10%,34.22%,-0.162294,2026-08-10
UNH,408.74,2026-08-14,4,Call,420.00,-2.75%,1.27,1.36,1.41,4290,2563,1.67,28.32%,29.46%,0.194616,2026-08-10
SMCI,31.46,2026-08-14,4,Call,32.50,-3.31%,1.75,1.76,1.78,4766,2870,1.66,93.56%,168.08%,0.462301,2026-08-10
AAPL,308.26,2026-08-14,4,Put,310.00,+0.56%,4.1,4.3,4.5,4844,2915,1.66,24.47%,26.46%,-0.571313,2026-08-10
NEM,117.26,2026-08-28,18,Call,120.00,-2.34%,3.25,3.4,4.75,540,326,1.66,43.58%,49.44%,0.442871,2026-08-10
ACHR,6.26,2026-09-04,25,Call,7.50,-19.81%,0.28,0.31,0.35,542,327,1.66,98.56%,109.10%,0.315047,2026-08-10
LYFT,17.26,2026-08-14,4,Put,17.00,-1.51%,0.21,0.3,0.3,551,332,1.66,45.21%,52.16%,-0.377713,2026-08-10
DELL,457.88,2026-08-14,4,Call,470.00,-2.65%,11.15,11.57,12,665,401,1.66,85.84%,87.21%,0.406352,2026-08-10
ANET,191.52,2026-08-14,4,Call,215.00,-12.26%,0.01,0.23,0.28,788,474,1.66,56.34%,58.57%,0.032229,2026-08-10
SMCI,31.46,2026-08-21,11,Call,32.50,-3.31%,1.96,2.05,2.14,1002,604,1.66,93.56%,114.06%,0.476178,2026-08-10
CRWD,225.16,2026-08-21,11,Put,210.00,-6.73%,2.71,2.67,2.88,1188,716,1.66,61.69%,55.26%,-0.216303,2026-08-10
NKE,42.11,2026-08-14,4,Call,43.50,-3.30%,0.19,0.19,0.21,1681,1013,1.66,35.71%,38.11%,0.213352,2026-08-10
INCY,121.55,2026-12-18,130,Put,110.00,-9.50%,4.6,4.85,7.4,2500,1504,1.66,33.08%,41.33%,-0.283215,2026-08-10
CLX,107.7,2026-09-18,39,Call,110.00,-2.14%,1.75,2.73,3.2,3989,2409,1.66,30.97%,25.01%,0.408901,2026-08-10
NTSK,15.67,2026-08-21,11,Call,17.50,-11.68%,0.2,0.26,0.3,4198,2527,1.66,93.79%,76.12%,0.223131,2026-08-10
TSLA,330.88,2026-09-11,32,Call,360.00,-8.80%,6.25,6.5,6.4,551,334,1.65,40.09%,41.08%,0.272233,2026-08-10
INTC,97.52,2026-08-21,11,Call,116.00,-18.95%,0.59,0.72,0.71,562,340,1.65,70.58%,76.74%,0.109519,2026-08-10
AMD,469.56,2027-06-17,311,Call,470.00,-0.09%,112.25,114.69,115.4,761,461,1.65,58.84%,63.22%,0.636238,2026-08-10
PLTR,175.23,2026-09-04,25,Put,140.00,-20.11%,0.63,0.67,0.73,1079,654,1.65,49.44%,57.54%,-0.056927,2026-08-10
PFE,27.05,2026-08-28,18,Call,27.50,-1.66%,0.29,0.3,0.34,1143,693,1.65,20.44%,21.56%,0.365095,2026-08-10
MNDY,88.62,2026-08-21,11,Call,110.00,-24.13%,0.3,0.35,0.5,2229,1353,1.65,66.76%,81.94%,0.074853,2026-08-10
ORCL,151.05,2026-08-14,4,Call,155.00,-2.62%,2.54,2.61,2.62,15793,9557,1.65,71.62%,66.57%,0.369897,2026-08-10
AMZN,278.09,2026-08-14,4,Call,285.00,-2.48%,1.29,1.31,1.36,13879,8446,1.64,30.22%,32.27%,0.242613,2026-08-10
KRMN,62.16,2026-12-18,130,Call,80.00,-28.70%,4.6,5.2,5.8,502,307,1.64,72.24%,70.64%,0.361197,2026-08-10
HOOD,94.52,2026-08-21,11,Put,84.00,-11.13%,0.6,0.69,0.71,545,332,1.64,62.91%,62.15%,-0.123672,2026-08-10
UUUU,14.29,2026-08-14,4,Call,15.50,-8.47%,0.1,0.12,0.13,605,370,1.64,74.77%,81.10%,0.181304,2026-08-10
NOW,127.44,2026-09-04,25,Call,130.00,-2.01%,6.1,6.18,6.5,806,491,1.64,54.81%,54.92%,0.480364,2026-08-10
ORCL,151.05,2026-08-14,4,Call,148.00,+2.02%,5.7,5.95,6.05,842,512,1.64,71.62%,66.49%,0.629791,2026-08-10
RIVN,16.39,2026-10-16,67,Call,16.00,+2.38%,1.59,1.83,1.97,1390,848,1.64,54.65%,55.15%,0.598282,2026-08-10
CBRL,56.1,2026-08-21,11,Call,57.50,-2.50%,1.7,1.75,1.9,1770,1079,1.64,61.13%,61.66%,0.431674,2026-08-10
INO,0.7364,2026-11-20,102,Call,1.0000,-35.80%,0,0.15,0.55,2000,1223,1.64,399.19%,228.10%,0.639825,2026-08-10
RGTI,17.65,2028-01-21,529,Call,55.00,-211.61%,2.89,3.55,4.15,500,307,1.63,86.95%,102.63%,0.399481,2026-08-10
CZR,30.07,2026-09-25,46,Put,31.00,+3.09%,0,1.07,1.25,505,310,1.63,21.08%,12.98%,-0.735432,2026-08-10
TXN,280.44,2026-08-14,4,Call,370.00,-31.94%,0.01,0.14,0.74,519,319,1.63,44.28%,132.10%,0.026579,2026-08-10
B,40.88,2026-08-14,4,Call,39.50,+3.38%,1.64,1.77,1.96,584,359,1.63,43.08%,56.56%,0.730013,2026-08-10
DDOG,260.78,2026-08-14,4,Call,260.00,+0.30%,7.2,7.7,7.95,724,443,1.63,58.51%,65.54%,0.53338,2026-08-10
AAPL,308.26,2026-08-12,2,Put,312.50,+1.38%,4.9,5.3,5.45,907,558,1.63,24.47%,27.80%,-0.741774,2026-08-10
KO,86.87,2026-08-14,4,Put,86.00,-1.00%,0.25,0.3,0.35,1003,615,1.63,18.89%,17.93%,-0.290455,2026-08-10
QBTS,20.19,2026-08-14,4,Call,20.50,-1.54%,0.6,0.63,0.65,1458,892,1.63,80.17%,90.27%,0.456275,2026-08-10
OKLO,44.49,2026-08-21,11,Put,37.00,-16.84%,0.18,0.28,0.36,1801,1105,1.63,84.21%,82.73%,-0.086519,2026-08-10
ACHR,6.26,2027-01-15,158,Call,11.00,-75.72%,0.42,0.5,0.51,3261,2001,1.63,98.56%,90.67%,0.268025,2026-08-10
SPCX,138.74,2026-08-14,4,Put,140.00,+0.91%,6.2,6.3,6.3,3525,2157,1.63,78.06%,96.68%,-0.514203,2026-08-10
USAR,19.04,2026-08-14,4,Call,20.00,-5.04%,0.67,0.67,0.71,3851,2368,1.63,102.01%,135.25%,0.392087,2026-08-10
ASTS,68.76,2026-08-14,4,Call,90.00,-30.89%,0.43,0.5,0.5,5115,3146,1.63,101.26%,176.01%,0.085859,2026-08-10
UBER,78.03,2026-08-14,4,Call,80.00,-2.52%,0.53,0.55,0.56,5987,3683,1.63,33.81%,39.07%,0.281124,2026-08-10
CVX,194.91,2026-10-16,67,Put,185.00,-5.08%,4.7,5,5.05,559,346,1.62,27.31%,27.80%,-0.307111,2026-08-10
DDOG,260.78,2026-08-21,11,Put,222.50,-14.68%,0.65,1.37,1.26,600,370,1.62,58.51%,64.90%,-0.070196,2026-08-10
CRCL,67.05,2026-08-14,4,Put,64.00,-4.55%,1.05,1.06,1.19,613,379,1.62,79.73%,85.68%,-0.285064,2026-08-10
ZETA,27.54,2026-08-21,11,Put,26.00,-5.59%,0.18,0.49,0.6,639,395,1.62,64.03%,52.94%,-0.247424,2026-08-10
NVDA,217.55,2026-08-19,9,Call,222.50,-2.28%,2.68,2.65,2.76,773,478,1.62,39.45%,34.33%,0.353455,2026-08-10
CRM,197.51,2026-08-14,4,Call,205.00,-3.79%,1.03,1.1,1.16,1384,852,1.62,48.15%,43.74%,0.216655,2026-08-10
MSTR,97.33,2026-08-14,4,Call,99.00,-1.72%,2.31,2.4,2.53,1829,1127,1.62,71.40%,77.34%,0.434557,2026-08-10
AAPL,308.26,2026-08-14,4,Put,290.00,-5.92%,0.13,0.14,0.14,3016,1861,1.62,24.47%,32.14%,-0.03278,2026-08-10
AMD,469.56,2026-08-12,2,Call,482.50,-2.76%,3.9,4.25,4.25,968,603,1.61,58.84%,64.68%,0.294672,2026-08-10
RGTI,17.65,2026-08-14,4,Put,16.50,-6.52%,0.21,0.22,0.26,972,602,1.61,86.95%,92.31%,-0.226832,2026-08-10
SKHY,135.29,2026-08-14,4,Call,145.00,-7.18%,1.8,1.85,1.9,1072,667,1.61,81.02%,91.44%,0.250728,2026-08-10
USAR,19.04,2026-08-14,4,Call,21.00,-10.29%,0.4,0.43,0.44,1280,797,1.61,102.01%,136.58%,0.270555,2026-08-10
NVDA,217.55,2026-08-14,4,Call,217.50,+0.02%,3.55,3.6,3.6,8287,5151,1.61,39.45%,38.67%,0.513737,2026-08-10
NVDA,217.55,2026-08-19,9,Call,225.00,-3.42%,1.92,1.96,2,16513,10268,1.61,39.45%,34.18%,0.278884,2026-08-10
AAPL,308.26,2026-08-14,4,Call,310.00,-0.56%,2.48,2.56,2.6,13663,8536,1.6,24.47%,25.49%,0.42694,2026-08-10
SPCX,138.74,2026-08-21,11,Call,170.00,-22.53%,1.48,1.5,1.52,16191,10123,1.6,78.06%,98.03%,0.135116,2026-08-10
CVNA,74.16,2026-08-14,4,Put,68.00,-8.31%,0.24,0.27,0.31,527,329,1.6,58.52%,68.34%,-0.105103,2026-08-10
CORZ,19.44,2026-08-14,4,Put,20.00,+2.88%,0.9,1,1.14,615,384,1.6,75.57%,86.19%,-0.605065,2026-08-10
EOSE,4.05,2026-10-16,67,Call,7.00,-72.84%,0.18,0.25,0.25,750,470,1.6,116.06%,122.60%,0.221771,2026-08-10
CELH,27.21,2026-08-14,4,Call,29.00,-6.58%,0.14,0.15,0.21,799,498,1.6,50.34%,64.16%,0.18161,2026-08-10
DAVE,308.82,2026-08-21,11,Call,320.00,-3.62%,8,10.1,11.3,846,528,1.6,65.96%,66.32%,0.404437,2026-08-10
BA,232.79,2026-08-14,4,Call,242.50,-4.17%,0.4,0.45,0.5,1024,641,1.6,31.36%,32.44%,0.117794,2026-08-10
USAR,19.04,2026-08-14,4,Call,22.50,-18.17%,0.19,0.2,0.21,1065,666,1.6,102.01%,141.50%,0.146729,2026-08-10
MU,861,2026-08-14,4,Put,820.00,-4.76%,11.25,11,11.8,1087,679,1.6,70.47%,77.98%,-0.26019,2026-08-10
HPE,54.68,2026-08-28,18,Call,55.00,-0.59%,2.9,3.5,3.7,1150,718,1.6,78.48%,70.62%,0.519418,2026-08-10
BE,210.63,2026-11-20,102,Put,150.00,-28.79%,14.05,15.8,16,1512,945,1.6,102.04%,103.50%,-0.181221,2026-08-10
GME,18.79,2026-08-14,4,Call,19.00,-1.12%,0.19,0.19,0.2,3890,2437,1.6,40.27%,36.89%,0.390058,2026-08-10
ADAM,9.79,2026-09-18,39,Call,10.00,-2.15%,0.25,0.3,0.35,510,321,1.59,39.11%,32.87%,0.418886,2026-08-10
VG,14.26,2026-08-14,4,Call,15.50,-8.70%,0.25,0.35,0.35,885,557,1.59,76.64%,123.09%,0.280914,2026-08-10
IONS,56.94,2026-10-16,67,Call,57.50,-0.98%,3.9,4.9,6,927,583,1.59,48.45%,51.76%,0.538815,2026-08-10
TSLA,330.88,2028-01-21,529,Call,480.00,-45.07%,44.3,43.7,45.2,963,605,1.59,40.09%,50.74%,0.417856,2026-08-10
AMD,469.56,2026-08-14,4,Call,525.00,-11.81%,0.9,0.99,1.03,1355,853,1.59,58.84%,69.08%,0.066608,2026-08-10
CLF,12.49,2028-01-21,529,Call,5.00,+59.97%,7.95,8.18,8.35,3202,2008,1.59,61.99%,83.42%,0.911699,2026-08-10
SPCX,138.74,2026-08-14,4,Call,155.00,-11.72%,1.35,1.36,1.39,12660,7986,1.59,78.06%,106.09%,0.173888,2026-08-10
MP,54.66,2026-08-14,4,Call,60.00,-9.77%,0.36,0.4,0.43,5232,3308,1.58,70.86%,85.32%,0.159962,2026-08-10
ACHR,6.26,2026-10-16,67,Call,9.00,-43.77%,0.3,0.33,0.35,5654,3568,1.58,98.56%,96.06%,0.254657,2026-08-10
MU,861,2026-08-14,4,Put,785.00,-8.83%,4.45,4.75,4.75,512,324,1.58,70.47%,79.73%,-0.124408,2026-08-10
CBRS,230.01,2026-08-14,4,Call,300.00,-30.43%,1.6,1.95,2.5,685,434,1.58,113.64%,186.46%,0.103578,2026-08-10
JBS,13.41,2026-08-21,11,Call,15.00,-11.86%,0.05,0.1,0.1,793,503,1.58,38.24%,56.13%,0.121381,2026-08-10
SAP,208.55,2026-08-14,4,Call,217.50,-4.29%,0.75,0.85,1,1215,770,1.58,38.81%,42.51%,0.177921,2026-08-10
AAPL,308.26,2026-08-17,7,Call,315.00,-2.19%,1.31,1.31,1.41,2260,1427,1.58,24.47%,21.85%,0.248539,2026-08-10
ACHR,6.26,2026-08-21,11,Call,6.50,-3.83%,0.41,0.43,0.45,3099,1967,1.58,98.56%,122.18%,0.473607,2026-08-10
CRWD,225.16,2026-08-14,4,Call,227.50,-1.04%,4.55,4.85,4.85,536,342,1.57,61.69%,60.91%,0.450636,2026-08-10
RDDT,158.72,2026-08-14,4,Call,162.50,-2.38%,2.42,2.59,2.77,558,355,1.57,58.97%,62.55%,0.374217,2026-08-10
DVN,45.36,2026-09-04,25,Call,45.00,+0.79%,1.66,1.95,1.97,560,356,1.57,36.22%,34.33%,0.554648,2026-08-10
MCHP,81.39,2026-08-21,11,Put,79.00,-2.94%,1.6,1.77,2.05,563,358,1.57,52.67%,51.81%,-0.35161,2026-08-10
MGM,43.36,2028-01-21,529,Call,65.00,-49.91%,0,0.64,1.05,649,414,1.57,33.38%,21.18%,0.109158,2026-08-10
WOLF,29.3,2026-08-21,11,Put,25.00,-14.68%,1.05,1.09,1.25,679,432,1.57,126.45%,149.53%,-0.22814,2026-08-10
NCLH,18.55,2026-08-14,4,Put,18.50,-0.27%,0.31,0.32,0.35,812,518,1.57,44.26%,46.23%,-0.465483,2026-08-10
CRWD,225.16,2026-08-14,4,Put,210.00,-6.73%,0.98,1,1.05,870,553,1.57,61.69%,62.14%,-0.133578,2026-08-10
GFI,41.1,2026-10-16,67,Put,60.00,+45.99%,17.8,19.7,20.5,903,575,1.57,50.35%,63.54%,-0.886085,2026-08-10
INTC,97.52,2026-08-12,2,Call,103.00,-5.62%,0.53,0.59,0.59,1005,642,1.57,70.58%,79.28%,0.184187,2026-08-10
BW,8.88,2026-08-14,4,Put,9.00,+1.35%,0.75,0.74,0.8,1031,656,1.57,115.85%,191.88%,-0.485966,2026-08-10
ONDS,9.31,2026-08-28,18,Call,11.50,-23.52%,0.28,0.33,0.4,1068,682,1.57,107.85%,120.36%,0.25779,2026-08-10
NVDA,217.55,2026-08-12,2,Call,202.50,+6.92%,15,15.12,15.55,1105,704,1.57,39.45%,58.93%,0.952438,2026-08-10
UBER,78.03,2026-08-21,11,Call,78.00,+0.04%,1.84,1.93,2.04,1136,724,1.57,33.81%,34.85%,0.521808,2026-08-10
UMAC,27.14,2026-09-18,39,Call,30.00,-10.54%,3.4,3.53,3.8,1471,936,1.57,130.34%,131.50%,0.496418,2026-08-10
CRM,197.51,2026-08-14,4,Call,200.00,-1.26%,2.5,2.51,2.62,2553,1627,1.57,48.15%,43.95%,0.40404,2026-08-10
MSFT,506.06,2026-08-14,4,Call,510.00,-0.78%,4.5,4.65,4.75,10500,6701,1.57,27.84%,29.87%,0.412035,2026-08-10
MU,861,2026-08-14,4,Call,895.00,-3.95%,15.1,15.35,15.7,590,378,1.56,70.47%,79.66%,0.337932,2026-08-10
AEO,18.32,2026-09-11,32,Call,5.00,+72.71%,12.7,13.43,15.35,736,473,1.56,68.62%,405.00%,0.952538,2026-08-10
AMZN,278.09,2026-08-14,4,Call,200.00,+28.08%,77.15,77.71,79.65,741,476,1.56,30.22%,149.28%,0.98573,2026-08-10
SPCX,138.74,2026-08-21,11,Call,136.00,+1.97%,9.3,9.31,10,901,577,1.56,78.06%,85.52%,0.585496,2026-08-10
F,14,2026-08-21,11,Call,13.50,+3.57%,0.49,0.56,0.57,957,612,1.56,31.51%,19.20%,0.865565,2026-08-10
SPCX,138.74,2026-08-21,11,Put,114.00,-17.83%,0.77,0.79,0.81,966,618,1.56,78.06%,85.35%,-0.0798,2026-08-10
NOW,127.44,2026-08-14,4,Call,140.00,-9.86%,0.25,0.26,0.29,1200,767,1.56,54.81%,60.99%,0.075786,2026-08-10
AAL,15,2026-08-14,4,Call,15.50,-3.33%,0.11,0.14,0.13,1467,942,1.56,47.98%,48.21%,0.266774,2026-08-10
MRVL,208.56,2026-08-14,4,Call,225.00,-7.88%,2.3,2.48,2.46,1669,1073,1.56,85.93%,88.99%,0.222478,2026-08-10
CRM,197.51,2026-08-28,18,Call,220.00,-11.39%,2.67,2.8,3,538,347,1.55,48.15%,56.18%,0.21429,2026-08-10
NVO,47.73,2026-08-14,4,Call,47.50,+0.48%,0.75,0.75,0.91,574,370,1.55,33.54%,36.12%,0.554962,2026-08-10
VG,14.26,2026-08-14,4,Call,14.50,-1.68%,0.6,0.65,0.7,1011,651,1.55,76.64%,126.97%,0.477424,2026-08-10
SMCI,31.46,2026-08-14,4,Put,31.00,-1.46%,1.87,1.93,1.92,1114,720,1.55,93.56%,162.95%,-0.431099,2026-08-10
GRPN,22.95,2026-08-21,11,Call,24.00,-4.58%,0.7,0.95,1.1,1260,811,1.55,79.02%,83.21%,0.409064,2026-08-10
AMD,469.56,2026-08-14,4,Put,440.00,-6.30%,2.77,2.81,2.98,1662,1070,1.55,58.84%,65.85%,-0.1628,2026-08-10
USAR,19.04,2026-08-14,4,Put,17.00,-10.71%,0.17,0.26,0.26,1816,1170,1.55,102.01%,118.06%,-0.163113,2026-08-10
SE,114.8,2026-08-21,11,Call,145.00,-26.31%,0.51,0.79,1,1963,1263,1.55,68.39%,94.78%,0.091684,2026-08-10
NVTS,13.17,2026-12-18,130,Call,22.00,-67.05%,1.25,1.41,1.59,2023,1301,1.55,97.18%,111.22%,0.337029,2026-08-10
GLW,157.76,2026-08-14,4,Call,170.00,-7.76%,1.33,1.42,1.49,2368,1523,1.55,70.76%,80.09%,0.198873,2026-08-10
HIMS,31.77,2026-08-14,4,Put,26.00,-18.16%,0.37,0.38,0.4,3528,2269,1.55,97.49%,178.30%,-0.121176,2026-08-10
JD,33.47,2026-09-18,39,Put,33.00,-1.40%,1.08,1.33,1.44,4326,2800,1.55,38.69%,31.67%,-0.449914,2026-08-10
NFLX,76.29,2026-08-14,4,Call,78.00,-2.24%,0.52,0.52,0.53,11799,7607,1.55,33.35%,36.61%,0.29154,2026-08-10
NVDA,217.55,2026-08-14,4,Put,225.00,+3.42%,8.2,8.4,8.5,9034,5873,1.54,39.45%,37.64%,-0.797262,2026-08-10
PUBM,17.76,2026-08-21,11,Put,17.50,-1.46%,0.65,1.05,0.85,617,401,1.54,71.86%,72.29%,-0.425685,2026-08-10
GOOGL,357.52,2026-08-14,4,Put,352.50,-1.40%,2.56,2.73,2.89,827,537,1.54,30.41%,32.85%,-0.330778,2026-08-10
BMRN,68.88,2028-06-16,676,Call,80.00,-16.14%,9.6,10.3,12.1,937,607,1.54,36.88%,34.69%,0.531199,2026-08-10
ORCL,151.05,2026-08-14,4,Call,149.00,+1.36%,5.1,5.35,5.4,1099,715,1.54,71.62%,65.83%,0.593375,2026-08-10
MSFT,506.06,2026-08-14,4,Call,512.50,-1.27%,3.45,3.61,3.8,1955,1268,1.54,27.84%,29.49%,0.350482,2026-08-10
DJT,9.39,2026-08-14,4,Call,10.00,-6.50%,0.18,0.25,0.25,3070,2000,1.54,83.59%,112.57%,0.318513,2026-08-10
MU,861,2026-08-14,4,Call,960.00,-11.50%,3.75,3.9,4.05,598,390,1.53,70.47%,82.37%,0.112247,2026-08-10
OSCR,27.67,2026-09-18,39,Put,25.00,-9.65%,0.96,1.13,1.15,781,510,1.53,64.18%,63.17%,-0.270591,2026-08-10
PFE,27.05,2026-08-21,11,Call,27.50,-1.66%,0.2,0.2,0.25,2218,1452,1.53,20.44%,22.16%,0.334311,2026-08-10
HIMS,31.77,2026-08-14,4,Call,32.00,-0.72%,2.32,2.35,2.41,4153,2706,1.53,97.49%,185.99%,0.524851,2026-08-10
JOBY,8.81,2026-08-14,4,Put,9.00,+2.16%,0.32,0.39,0.44,772,508,1.52,73.85%,74.40%,-0.591445,2026-08-10
GOOGL,357.52,2026-08-14,4,Call,357.50,+0.01%,4.75,4.75,5,822,542,1.52,30.41%,32.15%,0.511757,2026-08-10
JPM,359.79,2026-08-14,4,Put,320.00,-11.06%,0,0.11,0.1,889,585,1.52,21.13%,47.31%,-0.008307,2026-08-10
LUV,44.9,2027-01-15,158,Call,52.50,-16.93%,2.31,2.35,2.55,1006,662,1.52,39.23%,41.47%,0.341856,2026-08-10
INTC,97.52,2026-08-14,4,Put,87.00,-10.79%,0.29,0.3,0.32,1504,989,1.52,70.58%,80.07%,-0.079616,2026-08-10
MU,861,2026-08-14,4,Call,950.00,-10.34%,4.75,4.73,5,3856,2541,1.52,70.47%,81.86%,0.135541,2026-08-10
ANET,191.52,2026-08-14,4,Call,200.00,-4.43%,1.54,1.88,2.1,558,370,1.51,56.34%,60.23%,0.258031,2026-08-10
RXT,4.73,2026-08-14,4,Put,4.00,-15.43%,0.05,0.1,0.15,585,387,1.51,151.03%,193.33%,-0.175841,2026-08-10
ORCL,151.05,2026-08-14,4,Put,133.00,-11.95%,0.01,0.14,0.26,609,403,1.51,71.62%,66.94%,-0.031833,2026-08-10
DVN,45.36,2026-08-14,4,Call,46.00,-1.41%,0.37,0.48,0.5,618,409,1.51,36.22%,37.12%,0.367274,2026-08-10
CRM,197.51,2026-08-14,4,Call,197.50,+0.01%,3.35,3.64,3.8,680,451,1.51,48.15%,42.94%,0.512032,2026-08-10
TSLA,330.88,2028-12-15,858,Call,100.00,+69.78%,243.9,245.6,248.95,1078,713,1.51,40.09%,62.20%,0.966784,2026-08-10
ASTS,68.76,2026-08-14,4,Call,71.00,-3.26%,3.45,3.8,4,1150,760,1.51,101.26%,162.98%,0.460058,2026-08-10
NVO,47.73,2026-08-14,4,Put,46.00,-3.62%,0.12,0.16,0.13,1274,846,1.51,33.54%,33.39%,-0.14379,2026-08-10
SPCX,138.74,2026-08-14,4,Call,152.50,-9.92%,1.67,1.7,1.71,3730,2468,1.51,78.06%,103.92%,0.208589,2026-08-10
IREN,38.74,2026-08-14,4,Call,47.00,-21.32%,0.15,0.16,0.17,4261,2826,1.51,104.63%,122.73%,0.07535,2026-08-10
AAL,15,2026-11-20,102,Put,13.00,-13.33%,0.7,0.72,0.73,4556,3014,1.51,47.98%,52.07%,-0.250541,2026-08-10
PFE,27.05,2026-08-14,4,Call,27.00,+0.18%,0.27,0.31,0.31,6168,4091,1.51,20.44%,23.73%,0.530893,2026-08-10
SPCX,138.74,2026-08-14,4,Call,150.00,-8.12%,2.08,2.1,2.12,29829,19780,1.51,78.06%,102.01%,0.250248,2026-08-10
NVDA,217.55,2026-08-28,18,Call,215.00,+1.17%,10,10.08,10.2,14928,9975,1.5,39.45%,44.85%,0.572828,2026-08-10
MP,54.66,2026-08-14,4,Call,58.00,-6.11%,0.57,0.8,0.81,592,394,1.5,70.86%,81.12%,0.257411,2026-08-10
SMCI,31.46,2026-08-14,4,Call,35.50,-12.84%,0.91,0.93,0.95,612,407,1.5,93.56%,174.34%,0.284805,2026-08-10
SNDK,1237.92,2026-08-14,4,Call,"1,550.00",-25.21%,1.8,2,2.2,683,455,1.5,92.07%,114.79%,0.035354,2026-08-10
PRME,3.15,2026-10-16,67,Call,5.00,-58.73%,0.1,0.15,0.25,963,643,1.5,107.29%,112.93%,0.242253,2026-08-10
BE,210.63,2026-08-14,4,Call,230.00,-9.20%,3.2,3.65,3.75,979,652,1.5,102.04%,113.10%,0.248058,2026-08-10
QBTS,20.19,2026-08-14,4,Call,21.00,-4.01%,0.43,0.47,0.46,2400,1598,1.5,80.17%,90.90%,0.3588,2026-08-10
RGTI,17.65,2026-08-14,4,Put,17.50,-0.85%,0.57,0.56,0.65,509,341,1.49,86.95%,93.42%,-0.44451,2026-08-10
GFS,50.05,2026-10-16,67,Call,50.00,+0.10%,5.8,6,6.1,808,542,1.49,66.14%,68.35%,0.56536,2026-08-10
MSTR,97.33,2026-08-14,4,Put,98.00,+0.69%,3.25,3.26,3.55,1009,675,1.49,71.40%,75.34%,-0.517375,2026-08-10
MRVL,208.56,2026-08-14,4,Call,212.50,-1.89%,5.65,6.3,6.45,1071,719,1.49,85.93%,89.09%,0.4404,2026-08-10
AMD,469.56,2027-01-15,158,Call,780.00,-66.11%,13.3,13.89,14.15,1257,845,1.49,58.84%,62.36%,0.160773,2026-08-10
ASTS,68.76,2026-08-14,4,Call,82.00,-19.26%,1.06,1.17,1.24,1435,960,1.49,101.26%,170.65%,0.185576,2026-08-10
CIFR,16.33,2026-09-04,25,Call,17.00,-4.10%,1.4,1.55,1.88,1729,1158,1.49,105.14%,111.93%,0.507041,2026-08-10
KGC,27.4,2028-01-21,529,Call,55.00,-100.73%,1.23,1.8,1.84,1766,1185,1.49,50.98%,49.48%,0.213708,2026-08-10
SPCX,138.74,2026-08-14,4,Put,124.00,-10.62%,0.76,0.81,0.79,2823,1892,1.49,78.06%,92.80%,-0.113418,2026-08-10
AAPL,308.26,2026-08-12,2,Call,315.00,-2.19%,0.39,0.4,0.4,11778,7926,1.49,24.47%,25.90%,0.133661,2026-08-10
DASH,209.86,2026-11-20,102,Call,170.00,+18.99%,46,46.5,49.25,10011,6754,1.48,43.29%,51.40%,0.829132,2026-08-10
QCOM,162.17,2026-08-14,4,Put,162.50,+0.20%,3.3,3.58,3.7,539,364,1.48,48.67%,49.34%,-0.504352,2026-08-10
TSLA,330.88,2026-08-14,4,Call,357.50,-8.05%,0.48,0.51,0.5,1237,834,1.48,40.09%,48.43%,0.06771,2026-08-10
AAOI,132.81,2026-08-14,4,Call,140.00,-5.41%,4.8,5.1,5.5,1534,1038,1.48,120.57%,144.67%,0.393647,2026-08-10
SLS,11.04,2026-08-21,11,Put,8.00,-27.54%,0.15,0.16,0.3,1861,1257,1.48,188.65%,179.37%,-0.116372,2026-08-10
DKNG,24.27,2026-08-14,4,Put,23.00,-5.23%,0.11,0.15,0.2,2208,1491,1.48,54.17%,59.30%,-0.183329,2026-08-10
RKLB,80.04,2026-08-14,4,Call,84.00,-4.95%,3.8,3.9,4.1,2705,1824,1.48,98.81%,166.67%,0.425711,2026-08-10
CLF,12.49,2026-08-14,4,Put,12.00,-3.92%,0.12,0.13,0.14,2867,1934,1.48,61.99%,62.05%,-0.257386,2026-08-10
SPCX,138.74,2027-02-19,193,Call,200.00,-44.15%,12.7,13.25,13.55,3950,2673,1.48,78.06%,72.40%,0.347714,2026-08-10
MLTX,17.33,2026-08-21,11,Put,16.00,-7.67%,0.45,0.7,0.95,725,492,1.47,99.46%,109.47%,-0.301461,2026-08-10
CPRT,29.59,2026-09-18,39,Call,35.00,-18.28%,0.2,0.3,0.5,1001,681,1.47,41.15%,46.55%,0.158313,2026-08-10
ACHR,6.26,2026-08-28,18,Call,6.50,-3.83%,0.45,0.51,0.54,1532,1045,1.47,98.56%,106.93%,0.487152,2026-08-10
SPCX,138.74,2026-08-14,4,Call,129.00,+7.02%,11.1,11.34,12,2360,1601,1.47,78.06%,94.35%,0.785375,2026-08-10
MSFT,506.06,2026-08-14,4,Call,525.00,-3.74%,0.89,1.06,1.03,2372,1616,1.47,27.84%,29.77%,0.124366,2026-08-10
INTC,97.52,2026-08-14,4,Put,98.00,+0.49%,3.3,3.4,3.5,2502,1707,1.47,70.58%,77.68%,-0.506507,2026-08-10
OSCR,27.67,2026-09-18,39,Put,28.00,+1.19%,2.08,2.43,2.62,2653,1800,1.47,64.18%,61.67%,-0.477514,2026-08-10
OKLO,44.49,2026-08-14,4,Call,50.00,-12.38%,0.32,0.33,0.33,6541,4451,1.47,84.21%,99.45%,0.143271,2026-08-10
DIS,103.18,2026-08-21,11,Call,100.00,+3.08%,3.7,3.7,4.05,20102,13637,1.47,23.53%,26.34%,0.761272,2026-08-10
ONDS,9.31,2026-08-14,4,Call,11.00,-18.15%,0.18,0.18,0.19,5978,4087,1.46,107.85%,175.77%,0.208258,2026-08-10
AMZN,278.09,2026-08-14,4,Call,280.00,-0.69%,2.89,2.9,3,16932,11593,1.46,30.22%,32.41%,0.431302,2026-08-10
TEAM,151.87,2026-08-14,4,Put,145.00,-4.52%,1.75,1.77,2.1,503,344,1.46,64.90%,73.89%,-0.260517,2026-08-10
NVDA,217.55,2026-08-17,7,Put,207.50,-4.62%,0.85,0.86,0.89,590,405,1.46,39.45%,34.88%,-0.155117,2026-08-10
MSTR,97.33,2026-11-20,102,Put,70.00,-28.08%,4.05,4.35,4.5,630,431,1.46,71.40%,81.39%,-0.157945,2026-08-10
ASTS,68.76,2026-08-14,4,Call,74.00,-7.62%,2.68,2.75,2.81,691,472,1.46,101.26%,165.27%,0.368528,2026-08-10
TSLA,330.88,2026-08-12,2,Put,307.50,-7.07%,0.09,0.1,0.1,761,522,1.46,40.09%,49.26%,-0.021033,2026-08-10
MU,861,2026-08-14,4,Put,805.00,-6.50%,7.7,8.02,8.15,840,574,1.46,70.47%,78.62%,-0.194183,2026-08-10
ADBE,272.96,2026-11-20,102,Call,505.00,-85.01%,0.23,0.66,0.88,980,669,1.46,52.91%,52.85%,0.021488,2026-08-10
EOSE,4.05,2026-09-11,32,Call,0.50,+87.65%,3.35,3.6,3.95,555,383,1.45,116.06%,572.19%,0.981414,2026-08-10
SPCX,138.74,2026-09-11,32,Put,120.00,-13.51%,4.45,4.65,4.7,565,390,1.45,78.06%,77.19%,-0.22313,2026-08-10
INTC,97.52,2026-08-14,4,Put,86.00,-11.81%,0.21,0.21,0.25,608,418,1.45,70.58%,80.63%,-0.062346,2026-08-10
WULF,16.2,2026-12-18,130,Put,14.00,-13.58%,2.15,2.2,2.26,699,483,1.45,90.86%,81.05%,-0.315314,2026-08-10
MRVL,208.56,2026-08-14,4,Call,245.00,-17.47%,0.41,0.43,0.48,863,595,1.45,85.93%,92.63%,0.0539,2026-08-10
EQNR,40.99,2026-09-18,39,Put,35.00,-14.61%,0.15,0.27,0.35,1001,688,1.45,40.05%,39.17%,-0.096043,2026-08-10
CELH,27.21,2026-08-14,4,Put,26.00,-4.45%,0.18,0.26,0.25,1123,777,1.45,50.34%,58.62%,-0.218327,2026-08-10
PLTR,175.23,2027-02-19,193,Call,200.00,-14.14%,21.55,21.64,21.8,1203,828,1.45,49.44%,57.87%,0.47859,2026-08-10
MU,861,2026-08-14,4,Put,830.00,-3.60%,14.2,15,14.8,1243,858,1.45,70.47%,77.49%,-0.309646,2026-08-10
FLY,25.76,2026-08-14,4,Call,30.00,-16.46%,0.65,0.85,0.85,1327,915,1.45,124.96%,195.11%,0.260421,2026-08-10
APTV,49.81,2026-08-21,11,Call,50.00,-0.38%,1,1.4,1.45,1942,1341,1.45,37.92%,37.77%,0.493099,2026-08-10
NBIS,184.11,2026-08-14,4,Call,220.00,-19.49%,2.6,2.61,2.68,2669,1841,1.45,110.31%,163.08%,0.16963,2026-08-10
FSLY,27.75,2026-09-18,39,Call,30.00,-8.11%,1.95,2.19,2.3,2903,2000,1.45,84.38%,82.09%,0.44367,2026-08-10
WMT,112.66,2027-03-19,221,Call,125.00,-10.95%,5.95,5.9,6.3,2916,2013,1.45,31.02%,28.56%,0.390801,2026-08-10
ASTS,68.76,2026-08-14,4,Call,75.00,-9.08%,2.38,2.52,2.59,4893,3382,1.45,101.26%,166.48%,0.341239,2026-08-10
AAPL,308.26,2026-08-14,4,Put,295.00,-4.30%,0.29,0.29,0.31,4810,3349,1.44,24.47%,29.13%,-0.071071,2026-08-10
NFLX,76.29,2027-03-19,221,Put,50.00,-34.46%,0.75,0.96,1,10072,6978,1.44,33.35%,43.12%,-0.067861,2026-08-10
SPCX,138.74,2026-08-14,4,Call,145.00,-4.51%,3.2,3.2,3.3,14499,10046,1.44,78.06%,98.55%,0.354798,2026-08-10
GRAB,3.67,2028-01-21,529,Put,2.00,-45.50%,0.17,0.19,0.2,17407,12081,1.44,48.53%,60.68%,-0.10317,2026-08-10
SPCX,138.74,2026-08-14,4,Call,160.00,-15.32%,0.89,0.9,0.91,18230,12630,1.44,78.06%,110.17%,0.119962,2026-08-10
GE,366.7,2026-10-16,67,Call,400.00,-9.08%,7.7,8.4,9.4,520,362,1.44,31.05%,31.29%,0.295111,2026-08-10
DOCS,25.63,2026-09-18,39,Call,30.00,-17.05%,0.5,0.6,0.8,538,374,1.44,55.77%,59.21%,0.243111,2026-08-10
AAPL,308.26,2026-09-11,32,Put,300.00,-2.68%,4.7,5.12,5.2,581,403,1.44,24.47%,24.36%,-0.327682,2026-08-10
CRWD,225.16,2026-08-14,4,Call,235.00,-4.37%,2.25,2.3,2.37,975,679,1.44,61.69%,62.04%,0.267576,2026-08-10
SPCX,138.74,2026-08-21,11,Call,133.00,+4.14%,10.7,10.65,11.4,1286,891,1.44,78.06%,82.54%,0.645874,2026-08-10
RCAT,10,2026-08-14,4,Call,10.00,0.00%,0.43,0.48,0.5,2286,1586,1.44,103.09%,110.96%,0.524519,2026-08-10
NVDA,217.55,2026-08-17,7,Call,230.00,-5.72%,0.56,0.55,0.59,2684,1869,1.44,39.45%,33.12%,0.119508,2026-08-10
SNDK,1237.92,2026-08-14,4,Call,"1,275.00",-3.00%,39.9,41.2,41.3,593,416,1.43,92.07%,108.78%,0.42121,2026-08-10
DVN,45.36,2026-12-18,130,Call,47.50,-4.72%,2.9,3.02,3.3,610,427,1.43,36.22%,36.65%,0.462025,2026-08-10
MSFT,506.06,2026-09-18,39,Call,575.00,-13.62%,1.49,1.86,1.95,724,508,1.43,27.84%,27.08%,0.086438,2026-08-10
TGT,152.02,2026-08-14,4,Call,152.50,-0.32%,1.25,1.56,1.55,786,551,1.43,41.97%,25.54%,0.459316,2026-08-10
MARA,9.56,2026-08-28,18,Call,10.50,-9.83%,0.36,0.39,0.39,804,561,1.43,84.55%,84.33%,0.345422,2026-08-10
SKHY,135.29,2026-10-16,67,Call,150.00,-10.87%,14,14.2,14.2,920,645,1.43,81.02%,83.71%,0.464336,2026-08-10
MU,861,2026-08-14,4,Put,810.00,-5.92%,8.75,9,9.25,921,644,1.43,70.47%,78.36%,-0.214855,2026-08-10
COIN,148.68,2026-08-14,4,Call,150.00,-0.89%,3.65,3.75,3.85,1434,1002,1.43,63.69%,69.80%,0.468511,2026-08-10
PLTR,175.23,2026-08-14,4,Call,172.50,+1.56%,5.5,5.55,5.6,5163,3612,1.43,49.44%,55.05%,0.621046,2026-08-10
NVDA,217.55,2026-08-28,18,Call,225.00,-3.42%,5.4,5.53,5.6,14220,9910,1.43,39.45%,43.87%,0.389281,2026-08-10
TSLA,330.88,2026-08-14,4,Call,340.00,-2.76%,2.51,2.5,2.57,15010,10470,1.43,40.09%,42.78%,0.282331,2026-08-10
AMZN,278.09,2026-08-14,4,Put,275.00,-1.11%,2.33,2.39,2.42,5166,3632,1.42,30.22%,32.53%,-0.361238,2026-08-10
NVDA,217.55,2026-08-28,18,Put,195.00,-10.37%,1.55,1.58,1.62,5462,3860,1.42,39.45%,46.99%,-0.132519,2026-08-10
TTD,13.39,2026-08-14,4,Call,14.00,-4.56%,0.16,0.16,0.18,7702,5412,1.42,57.60%,70.33%,0.286723,2026-08-10
ACHR,6.26,2026-08-14,4,Call,6.00,+4.15%,0.54,0.56,0.6,10414,7309,1.42,98.56%,166.68%,0.63031,2026-08-10
BE,210.63,2026-08-14,4,Put,195.00,-7.42%,2.86,3.47,3.6,665,468,1.42,102.04%,106.15%,-0.22582,2026-08-10
SMCI,31.46,2026-08-28,18,Call,34.00,-8.07%,1.88,1.93,2.01,666,470,1.42,93.56%,104.69%,0.416791,2026-08-10
NBIS,184.11,2026-08-14,4,Call,195.00,-5.91%,7.5,7.8,8,944,666,1.42,110.31%,157.07%,0.395541,2026-08-10
HIMS,31.77,2026-08-14,4,Put,31.50,-0.85%,2.28,2.3,2.32,1705,1199,1.42,97.49%,184.86%,-0.443323,2026-08-10
PYPL,59.07,2026-08-21,11,Call,59.00,+0.12%,0.94,1.02,1.88,653,462,1.41,28.62%,33.06%,0.525154,2026-08-10
AXTI,73.81,2026-11-20,102,Call,100.00,-35.48%,13.2,14.15,16,672,477,1.41,135.97%,142.60%,0.495327,2026-08-10
AMZN,278.09,2026-08-12,2,Call,272.50,+2.01%,6.1,6.3,6.45,1013,719,1.41,30.22%,30.80%,0.818843,2026-08-10
VST,142.87,2026-08-14,4,Call,155.00,-8.49%,0.36,0.44,0.58,1570,1110,1.41,49.15%,61.37%,0.109079,2026-08-10
ASTS,68.76,2026-08-14,4,Call,81.00,-17.80%,1.2,1.34,1.37,1920,1360,1.41,101.26%,169.94%,0.203319,2026-08-10
AMZN,278.09,2026-08-14,4,Put,270.00,-2.91%,1.03,1.07,1.08,4306,3052,1.41,30.22%,33.53%,-0.19249,2026-08-10
NFLX,76.29,2026-08-14,4,Call,75.00,+1.69%,1.91,1.92,1.94,16416,11612,1.41,33.35%,36.29%,0.683813,2026-08-10
META,594.92,2026-08-14,4,Call,612.50,-2.96%,3.1,3.45,3.4,739,529,1.4,34.84%,37.75%,0.239427,2026-08-10
EQNR,40.99,2026-09-18,39,Put,40.00,-2.42%,1.7,1.7,1.85,1013,721,1.4,40.05%,42.67%,-0.400646,2026-08-10
HOOD,94.52,2026-08-14,4,Call,104.00,-10.03%,0.39,0.41,0.42,1090,779,1.4,62.91%,73.95%,0.116853,2026-08-10
SMR,9.18,2026-08-14,4,Put,9.00,-1.96%,0.24,0.25,0.26,1751,1247,1.4,86.12%,87.94%,-0.395575,2026-08-10
CIFR,16.33,2026-09-04,25,Put,16.00,-2.02%,1.18,1.51,1.71,501,360,1.39,105.14%,96.41%,-0.414907,2026-08-10
MU,861,2026-08-14,4,Call,980.00,-13.82%,2.44,2.5,2.62,708,511,1.39,70.47%,83.88%,0.076937,2026-08-10
TSM,418.47,2026-09-18,39,Put,125.00,-70.13%,0.01,0.11,0.21,790,568,1.39,39.72%,137.68%,-0.001772,2026-08-10
CRCL,67.05,2026-08-14,4,Call,67.00,+0.07%,2.42,2.42,2.56,967,698,1.39,79.73%,87.63%,0.52326,2026-08-10
MSFT,506.06,2026-08-17,7,Put,495.00,-2.19%,2.95,3.25,3.4,1039,750,1.39,27.84%,27.19%,-0.268003,2026-08-10
SNDK,1237.92,2026-08-14,4,Call,"1,500.00",-21.17%,3.3,3.5,3.9,3118,2248,1.39,92.07%,113.20%,0.059621,2026-08-10
TSLA,330.88,2026-08-14,4,Put,320.00,-3.29%,1.69,1.71,1.73,3474,2504,1.39,40.09%,40.94%,-0.209009,2026-08-10
ORCL,151.05,2026-10-16,67,Call,200.00,-32.41%,4.95,5.1,5.25,14744,10659,1.38,71.62%,70.65%,0.222591,2026-08-10
MRVL,208.56,2026-09-04,25,Call,225.00,-7.88%,13.3,15,14.5,505,366,1.38,85.93%,92.71%,0.427939,2026-08-10
MS,215.33,2026-08-14,4,Call,215.00,+0.15%,2.86,2.79,3.35,841,609,1.38,29.92%,32.45%,0.526965,2026-08-10
IBM,236.31,2026-08-14,4,Call,252.50,-6.85%,0.19,0.27,0.28,922,669,1.38,36.38%,39.52%,0.057141,2026-08-10
CIFR,16.33,2026-08-14,4,Call,17.50,-7.16%,0.37,0.44,0.7,961,696,1.38,105.14%,143.48%,0.350851,2026-08-10
F,14,2026-08-28,18,Call,14.50,-3.57%,0.14,0.17,0.17,1566,1138,1.38,31.51%,27.82%,0.293681,2026-08-10
ONON,38.78,2026-08-14,4,Put,36.00,-7.17%,0.66,0.65,0.86,1601,1163,1.38,59.96%,117.14%,-0.25116,2026-08-10
FIG,25.39,2026-08-14,4,Call,26.00,-2.40%,0.6,0.65,0.67,2375,1726,1.38,76.85%,84.23%,0.412667,2026-08-10
GOOGL,357.52,2026-08-14,4,Put,350.00,-2.10%,1.91,2.05,2.15,2724,1978,1.38,30.41%,33.43%,-0.262918,2026-08-10
WHR,42.17,2027-12-17,494,Call,20.00,+52.57%,23,25.16,25.8,509,372,1.37,55.30%,91.61%,0.862609,2026-08-10
MU,861,2026-08-14,4,Call,"1,020.00",-18.47%,1.02,1.08,1.15,620,453,1.37,70.47%,87.42%,0.035792,2026-08-10
F,14,2027-03-19,221,Call,14.00,0.00%,1.51,1.57,1.64,731,532,1.37,31.51%,37.26%,0.546519,2026-08-10
CIFR,16.33,2026-08-21,11,Call,17.50,-7.16%,0.72,0.89,0.86,781,569,1.37,105.14%,109.90%,0.396804,2026-08-10
FIG,25.39,2026-08-14,4,Call,25.50,-0.43%,0.55,0.79,0.88,972,707,1.37,76.85%,71.92%,0.494215,2026-08-10
VG,14.26,2026-08-14,4,Call,16.00,-12.20%,0.2,0.24,0.25,1104,807,1.37,76.64%,129.24%,0.217415,2026-08-10
EIX,67.83,2026-09-18,39,Call,72.50,-6.88%,1.5,1.6,2.15,1285,937,1.37,36.69%,40.93%,0.328461,2026-08-10
PLTR,175.23,2026-08-21,11,Put,170.00,-2.98%,3.7,3.77,3.8,3238,2370,1.37,49.44%,50.83%,-0.345286,2026-08-10
INTC,97.52,2026-08-14,4,Put,85.00,-12.84%,0.16,0.17,0.18,5284,3854,1.37,70.58%,81.06%,-0.047913,2026-08-10
AAPL,308.26,2026-08-14,4,Put,300.00,-2.68%,0.75,0.77,0.81,9169,6724,1.36,24.47%,27.33%,-0.164728,2026-08-10
RKLB,80.04,2026-08-14,4,Put,85.00,+6.20%,8.05,8.2,8.5,566,416,1.36,98.81%,158.66%,-0.609206,2026-08-10
FIG,25.39,2026-08-14,4,Put,22.50,-11.38%,0.03,0.11,0.14,641,470,1.36,76.85%,85.09%,-0.079956,2026-08-10
MU,861,2026-08-14,4,Put,780.00,-9.41%,3.85,4,4.15,825,607,1.36,70.47%,80.14%,-0.110493,2026-08-10
AXTI,73.81,2026-08-14,4,Put,55.00,-25.48%,0.1,0.2,0.25,832,613,1.36,135.97%,161.11%,-0.033576,2026-08-10
ASTS,68.76,2026-11-20,102,Call,70.00,-1.80%,12.85,13.75,14.5,1022,752,1.36,101.26%,96.69%,0.595471,2026-08-10
RGTI,17.65,2026-08-14,4,Call,20.00,-13.31%,0.1,0.12,0.13,2501,1843,1.36,86.95%,100.65%,0.129258,2026-08-10
CRM,197.51,2026-08-14,4,Call,202.50,-2.53%,1.58,1.68,1.76,517,382,1.35,48.15%,43.26%,0.300894,2026-08-10
SMCI,31.46,2026-08-14,4,Call,34.50,-9.66%,1.13,1.16,1.17,803,595,1.35,93.56%,171.81%,0.33695,2026-08-10
INTC,97.52,2026-08-21,11,Call,99.00,-1.52%,4.15,4.25,4.45,983,730,1.35,70.58%,73.02%,0.480767,2026-08-10
UUUU,14.29,2026-08-21,11,Call,16.00,-11.97%,0.22,0.26,0.3,1100,813,1.35,74.77%,81.41%,0.235318,2026-08-10
BTDR,8.69,2026-08-14,4,Put,9.00,+3.57%,0.55,0.6,0.65,1126,831,1.35,111.78%,117.13%,-0.586088,2026-08-10
NKE,42.11,2026-08-21,11,Put,39.50,-6.20%,0.18,0.2,0.22,1444,1073,1.35,35.71%,35.82%,-0.144591,2026-08-10
CIFR,16.33,2026-11-20,102,Put,14.00,-14.27%,2.17,2.21,2.6,1507,1120,1.35,105.14%,111.03%,-0.284297,2026-08-10
ORCL,151.05,2026-08-14,4,Put,140.00,-7.32%,0.64,0.68,0.7,2068,1530,1.35,71.62%,65.54%,-0.126089,2026-08-10
SPCX,138.74,2026-08-14,4,Put,113.00,-18.55%,0.12,0.13,0.13,2387,1770,1.35,78.06%,100.32%,-0.02222,2026-08-10
ASTS,68.76,2026-08-14,4,Call,76.00,-10.53%,2.1,2.21,2.3,684,509,1.34,101.26%,165.78%,0.312817,2026-08-10
FIG,25.39,2026-08-14,4,Call,27.50,-8.31%,0.19,0.25,0.29,867,645,1.34,76.85%,85.12%,0.198495,2026-08-10
TGB,8.77,2026-09-18,39,Call,10.00,-14.03%,0.4,0.4,0.45,1097,818,1.34,73.51%,73.76%,0.34184,2026-08-10
MU,861,2026-08-14,4,Call,930.00,-8.01%,7.35,7.56,7.7,2058,1531,1.34,70.47%,80.89%,0.193928,2026-08-10
ASTS,68.76,2026-08-14,4,Call,85.00,-23.62%,0.76,0.84,0.85,2477,1843,1.34,101.26%,171.69%,0.138368,2026-08-10
TENB,36.7,2026-09-18,39,Put,30.00,-18.26%,0.4,0.5,0.8,2514,1877,1.34,61.18%,64.13%,-0.139316,2026-08-10
USAR,19.04,2026-08-14,4,Put,16.00,-15.97%,0.08,0.1,0.1,607,455,1.33,102.01%,122.65%,-0.077515,2026-08-10
CVX,194.91,2026-08-14,4,Put,190.00,-2.52%,0.66,0.69,0.81,901,680,1.33,27.31%,30.43%,-0.206845,2026-08-10
RKLB,80.04,2026-08-14,4,Call,115.00,-43.68%,0.22,0.3,0.3,1495,1127,1.33,98.81%,190.24%,0.042889,2026-08-10
GOOGL,357.52,2026-08-12,2,Call,367.50,-2.79%,0.56,0.56,0.6,1620,1220,1.33,30.41%,32.92%,0.133478,2026-08-10
MU,861,2026-08-14,4,Call,"1,200.00",-39.37%,0.06,0.11,0.15,3488,2629,1.33,70.47%,114.61%,0.003436,2026-08-10
ABCL,9.34,2026-10-16,67,Call,9.00,+3.64%,1.35,1.52,1.6,633,479,1.32,82.76%,81.36%,0.617996,2026-08-10
NVO,47.73,2026-08-21,11,Call,51.00,-6.85%,0.14,0.17,0.19,752,570,1.32,33.54%,32.87%,0.125003,2026-08-10
RGTI,17.65,2026-08-14,4,Call,19.50,-10.48%,0.17,0.17,0.19,836,631,1.32,86.95%,100.37%,0.186077,2026-08-10
PLTR,175.23,2026-10-16,67,Put,60.00,-65.76%,0.08,0.11,0.12,887,674,1.32,49.44%,102.32%,-0.003701,2026-08-10
CIFR,16.33,2026-10-16,67,Call,17.00,-4.10%,2.7,2.78,2.89,938,708,1.32,105.14%,108.95%,0.564274,2026-08-10
TSLA,330.88,2026-08-12,2,Call,355.00,-7.29%,0.15,0.17,0.17,990,748,1.32,40.09%,51.04%,0.03302,2026-08-10
SPCX,138.74,2026-08-14,4,Call,165.00,-18.93%,0.6,0.6,0.62,4061,3086,1.32,78.06%,114.77%,0.083877,2026-08-10
RDDT,158.72,2026-08-14,4,Put,155.00,-2.34%,2.3,2.47,2.57,534,409,1.31,58.97%,61.78%,-0.342969,2026-08-10
APP,339,2026-08-14,4,Call,350.00,-3.24%,4.6,5,5.5,557,424,1.31,61.52%,66.13%,0.336894,2026-08-10
TSLA,330.88,2026-09-11,32,Call,330.00,+0.27%,16.25,16.7,16.8,610,466,1.31,40.09%,39.88%,0.543456,2026-08-10
GLW,157.76,2026-08-14,4,Put,150.00,-4.92%,1.9,2.24,2.24,712,545,1.31,70.76%,78.48%,-0.255066,2026-08-10
AVGO,422.4,2026-08-14,4,Call,460.00,-8.90%,0.4,0.58,0.51,928,711,1.31,49.62%,48.89%,0.051121,2026-08-10
ACHR,6.26,2026-08-21,11,Put,6.00,-4.15%,0.36,0.36,0.4,969,739,1.31,98.56%,118.48%,-0.376933,2026-08-10
UUUU,14.29,2026-09-18,39,Call,20.00,-39.96%,0.15,0.16,0.23,1289,983,1.31,74.77%,77.62%,0.118476,2026-08-10
LITE,813.51,2026-08-14,4,Call,"1,000.00",-22.92%,5.5,5.67,6,1659,1266,1.31,95.05%,146.64%,0.102883,2026-08-10
SMR,9.18,2026-08-14,4,Call,9.50,-3.49%,0.22,0.24,0.25,1989,1517,1.31,86.12%,95.42%,0.38623,2026-08-10
MRVL,208.56,2026-08-14,4,Call,230.00,-10.28%,1.53,1.6,1.63,6652,5099,1.3,85.93%,89.48%,0.160156,2026-08-10
TSLA,330.88,2026-08-14,4,Call,335.00,-1.25%,4,4.04,4.05,14850,11446,1.3,40.09%,41.74%,0.400402,2026-08-10
IONQ,42.53,2026-08-14,4,Call,48.00,-12.86%,0.26,0.3,0.33,694,535,1.3,84.85%,100.28%,0.136456,2026-08-10
MU,861,2026-08-14,4,Put,740.00,-14.05%,1.13,1.2,1.31,805,618,1.3,70.47%,84.22%,-0.038712,2026-08-10
BABA,132.32,2026-08-14,4,Call,134.00,-1.27%,1.88,1.97,1.98,912,702,1.3,48.40%,48.27%,0.411548,2026-08-10
P,97.98,2026-08-21,11,Call,110.00,-12.27%,0.7,1.18,1.35,1220,939,1.3,78.26%,66.83%,0.176159,2026-08-10
SPCX,138.74,2026-08-28,18,Call,120.00,+13.51%,20.6,21.1,21.9,1237,955,1.3,78.06%,75.92%,0.830382,2026-08-10
HIMS,31.77,2026-09-18,39,Put,23.00,-27.60%,0.52,0.56,0.6,1427,1097,1.3,97.49%,91.59%,-0.107359,2026-08-10
TSLA,330.88,2026-08-17,7,Call,350.00,-5.78%,1.46,1.44,1.5,1642,1259,1.3,40.09%,39.25%,0.160169,2026-08-10
PLTR,175.23,2026-08-21,11,Put,165.00,-5.84%,2.22,2.2,2.33,2738,2107,1.3,49.44%,51.99%,-0.235033,2026-08-10
OKLO,44.49,2026-08-14,4,Call,52.00,-16.88%,0.14,0.19,0.21,689,536,1.29,84.21%,103.32%,0.083109,2026-08-10
TSLA,330.88,2026-08-19,9,Call,330.00,+0.27%,8.25,8.48,8.65,718,555,1.29,40.09%,37.94%,0.535667,2026-08-10
HPE,54.68,2026-08-28,18,Put,52.00,-4.90%,1.9,1.91,2.2,884,683,1.29,78.48%,68.64%,-0.339652,2026-08-10
AAPL,308.26,2026-09-04,25,Call,325.00,-5.43%,2.26,2.3,2.43,946,734,1.29,24.47%,23.94%,0.218508,2026-08-10
PLTR,175.23,2026-08-28,18,Call,205.00,-16.99%,0.85,0.89,0.91,1011,782,1.29,49.44%,51.61%,0.097435,2026-08-10
AMD,469.56,2027-01-15,158,Put,420.00,-10.55%,43.7,43.55,45.05,1017,786,1.29,58.84%,59.64%,-0.303755,2026-08-10
GPRO,0.7002,2026-10-16,67,Call,0.5000,+28.59%,0.25,0.27,0.3,1057,817,1.29,164.56%,152.76%,0.802965,2026-08-10
RDW,13.12,2026-08-14,4,Call,13.00,+0.91%,0.65,0.67,0.75,1155,896,1.29,101.03%,116.61%,0.555503,2026-08-10
EOSE,4.05,2026-08-14,4,Put,4.00,-1.23%,0.16,0.18,0.18,1479,1144,1.29,116.06%,115.88%,-0.434164,2026-08-10
B,40.88,2026-09-18,39,Put,40.00,-2.15%,1.63,1.83,1.88,5758,4452,1.29,43.08%,41.84%,-0.404568,2026-08-10
TSM,418.47,2027-01-15,158,Call,550.00,-31.43%,13.8,14.88,14.9,8058,6231,1.29,39.72%,44.67%,0.229872,2026-08-10
INTC,97.52,2026-08-14,4,Call,105.00,-7.67%,0.9,0.9,0.94,10530,8167,1.29,70.58%,81.22%,0.205316,2026-08-10
INTC,97.52,2026-08-12,2,Call,99.00,-1.52%,1.53,1.57,1.63,4987,3908,1.28,70.58%,77.07%,0.408051,2026-08-10
NVDA,217.55,2026-08-14,4,Call,212.50,+2.32%,6.65,6.6,6.85,8383,6531,1.28,39.45%,40.40%,0.720598,2026-08-10
BROS,51.29,2026-10-16,67,Call,55.00,-7.23%,2.55,2.6,2.8,510,400,1.28,42.65%,45.72%,0.411441,2026-08-10
META,594.92,2026-08-21,11,Call,605.00,-1.69%,10.05,10.5,10.7,1067,834,1.28,34.84%,35.24%,0.409792,2026-08-10
XOM,159.79,2026-08-21,11,Call,162.50,-1.70%,1.82,1.82,2.02,1104,864,1.28,29.21%,27.51%,0.373611,2026-08-10
CORZ,19.44,2026-08-21,11,Put,20.00,+2.88%,1.21,1.2,1.4,3102,2415,1.28,75.57%,74.16%,-0.559644,2026-08-10
OKLO,44.49,2026-08-14,4,Put,43.50,-2.23%,1.17,1.18,1.3,513,404,1.27,84.21%,92.06%,-0.38774,2026-08-10
TGT,152.02,2026-08-14,4,Call,160.00,-5.25%,0.08,0.1,0.11,581,457,1.27,41.97%,29.29%,0.049392,2026-08-10
GM,87.96,2026-08-14,4,Call,89.00,-1.18%,0.8,0.85,0.89,612,483,1.27,33.15%,34.88%,0.383865,2026-08-10
AMD,469.56,2027-06-17,311,Call,460.00,+2.04%,116.15,121.97,119.3,644,507,1.27,58.84%,63.15%,0.649911,2026-08-10
SPCX,138.74,2026-09-11,32,Call,130.00,+6.30%,16.55,17.05,17.65,659,519,1.27,78.06%,75.69%,0.661641,2026-08-10
CLF,12.49,2026-08-14,4,Call,11.50,+7.93%,0.93,1.17,1.21,747,589,1.27,61.99%,77.55%,0.855305,2026-08-10
CPRT,29.59,2027-01-15,158,Call,37.50,-26.73%,0.8,0.82,0.95,941,743,1.27,41.15%,38.34%,0.227544,2026-08-10
FOUR,43.16,2026-08-21,11,Call,45.00,-4.26%,0.9,1.1,1.2,1102,871,1.27,58.21%,59.22%,0.365394,2026-08-10
BB,8.83,2026-08-14,4,Call,9.00,-1.93%,0.16,0.18,0.26,1384,1091,1.27,67.08%,76.73%,0.423741,2026-08-10
TSLA,330.88,2026-08-14,4,Call,355.00,-7.29%,0.6,0.6,0.62,3998,3141,1.27,40.09%,47.40%,0.082995,2026-08-10
SMCI,31.46,2026-08-14,4,Put,30.00,-4.64%,1.37,1.4,1.42,4499,3581,1.26,93.56%,159.74%,-0.355748,2026-08-10
HIMS,31.77,2026-08-14,4,Call,31.50,+0.85%,2.56,2.6,2.64,5814,4597,1.26,97.49%,186.25%,0.556975,2026-08-10
NVDA,217.55,2026-08-14,4,Put,202.50,-6.92%,0.29,0.3,0.31,5911,4695,1.26,39.45%,46.02%,-0.064415,2026-08-10
MPT,4.15,2027-01-15,158,Call,4.50,-8.43%,0.21,0.21,0.25,7139,5684,1.26,37.71%,36.41%,0.378694,2026-08-10
ABSI,9.01,2026-11-20,102,Call,11.00,-22.09%,1.35,1.72,1.95,564,449,1.26,112.83%,120.31%,0.508406,2026-08-10
MCD,273.72,2026-08-14,4,Call,275.00,-0.47%,1.9,1.9,2.35,634,502,1.26,20.93%,23.61%,0.431515,2026-08-10
META,594.92,2026-08-12,2,Call,650.00,-9.26%,0.07,0.1,0.11,640,509,1.26,34.84%,52.08%,0.011529,2026-08-10
XOM,159.79,2026-08-14,4,Put,160.00,+0.13%,2.16,2.3,2.46,654,521,1.26,29.21%,33.14%,-0.506972,2026-08-10
HIMS,31.77,2026-08-14,4,Put,30.50,-4.00%,1.72,1.81,1.87,694,550,1.26,97.49%,183.44%,-0.378193,2026-08-10
SBET,6.18,2026-08-14,4,Put,6.00,-2.91%,0.1,0.15,0.2,1052,836,1.26,77.06%,90.36%,-0.358145,2026-08-10
APLD,29.06,2026-08-14,4,Call,33.00,-13.56%,0.18,0.19,0.21,1664,1322,1.26,89.66%,102.73%,0.130316,2026-08-10
MSFT,506.06,2026-08-14,4,Put,485.00,-4.16%,0.81,0.9,0.92,1715,1363,1.26,27.84%,32.78%,-0.103049,2026-08-10
ONDS,9.31,2026-08-28,18,Call,10.50,-12.78%,0.54,0.54,0.59,1732,1371,1.26,107.85%,120.06%,0.377817,2026-08-10
FRMI,5.88,2026-08-21,11,Put,5.50,-6.46%,0.3,0.35,0.4,2090,1658,1.26,125.00%,132.40%,-0.341033,2026-08-10
COF,218.97,2027-01-15,158,Call,260.00,-18.74%,5,5.5,5.7,509,407,1.25,28.63%,29.86%,0.233332,2026-08-10
CORZ,19.44,2026-08-14,4,Put,19.50,+0.31%,0.61,0.61,0.84,516,412,1.25,75.57%,85.90%,-0.494315,2026-08-10
BE,210.63,2026-08-14,4,Call,225.00,-6.82%,4.3,4.7,4.85,517,415,1.25,102.04%,111.80%,0.307811,2026-08-10
CRWV,88.19,2026-08-14,4,Put,78.00,-11.55%,1.57,1.67,1.75,590,473,1.25,96.25%,152.11%,-0.19682,2026-08-10
PEP,137.73,2026-08-14,4,Call,140.00,-1.65%,0.45,0.52,0.6,660,530,1.25,21.44%,23.70%,0.25809,2026-08-10
NVTS,13.17,2026-08-14,4,Put,12.00,-8.88%,0.14,0.15,0.16,687,549,1.25,97.18%,104.49%,-0.181777,2026-08-10
MU,861,2026-08-28,18,Put,730.00,-15.21%,9.9,9.01,10.5,825,659,1.25,70.47%,73.20%,-0.134255,2026-08-10
NKE,42.11,2026-08-14,4,Put,41.50,-1.45%,0.37,0.4,0.4,969,774,1.25,35.71%,36.92%,-0.345753,2026-08-10
OXY,58.65,2026-08-14,4,Call,58.00,+1.11%,1.17,1.22,1.34,1614,1295,1.25,33.73%,36.35%,0.624391,2026-08-10
MPT,4.15,2026-09-18,39,Call,4.00,+3.61%,0.23,0.26,0.28,2085,1672,1.25,37.71%,34.19%,0.636896,2026-08-10
BMNR,18.1,2026-08-14,4,Put,18.00,-0.55%,0.53,0.51,0.56,3686,2952,1.25,76.55%,79.17%,-0.455403,2026-08-10
NVO,47.73,2026-11-20,102,Put,50.00,+4.76%,4.9,5.1,5.1,4193,3366,1.25,33.54%,34.59%,-0.572486,2026-08-10
NVDA,217.55,2026-08-12,2,Call,212.50,+2.32%,5.5,5.8,5.9,5524,4417,1.25,39.45%,36.58%,0.812562,2026-08-10
T,24.05,2026-08-14,4,Call,24.00,+0.21%,0.3,0.32,0.33,6025,4837,1.25,25.51%,28.96%,0.532164,2026-08-10
MSTR,97.33,2026-08-14,4,Put,90.00,-7.53%,0.6,0.64,0.67,6598,5287,1.25,71.40%,76.07%,-0.152044,2026-08-10
SOFI,18.12,2026-08-14,4,Call,18.50,-2.10%,0.22,0.22,0.23,16190,13003,1.25,47.78%,50.08%,0.358626,2026-08-10
IMAX,51.21,2026-09-18,39,Put,44.00,-14.08%,0.3,1,1.35,5002,4022,1.24,42.42%,52.94%,-0.1626,2026-08-10
IREN,38.74,2026-08-14,4,Call,45.00,-16.16%,0.28,0.3,0.31,9348,7538,1.24,104.63%,119.37%,0.128577,2026-08-10
VST,142.87,2026-08-14,4,Call,150.00,-4.99%,1.01,1.1,1.17,555,447,1.24,49.15%,58.36%,0.223196,2026-08-10
NIO,4.82,2026-08-28,18,Put,5.50,+14.11%,0.63,0.7,0.91,655,529,1.24,60.03%,72.57%,-0.768904,2026-08-10
CBRS,230.01,2026-08-14,4,Call,260.00,-13.04%,6.3,7,7.5,773,621,1.24,113.64%,176.83%,0.285193,2026-08-10
TSLA,330.88,2026-08-14,4,Put,302.50,-8.58%,0.19,0.2,0.21,818,661,1.24,40.09%,46.76%,-0.031156,2026-08-10
QUBT,8.93,2026-08-14,4,Call,8.50,+4.82%,0.73,0.79,0.84,937,755,1.24,90.64%,148.83%,0.654409,2026-08-10
COHR,325.15,2026-08-14,4,Call,400.00,-23.02%,2.2,2.7,3,1125,905,1.24,96.42%,151.85%,0.110968,2026-08-10
IREN,38.74,2026-08-14,4,Put,37.00,-4.49%,0.98,1,1.02,1326,1072,1.24,104.63%,109.98%,-0.322842,2026-08-10
INTC,97.52,2026-08-14,4,Call,106.00,-8.70%,0.72,0.79,0.76,1482,1196,1.24,70.58%,80.75%,0.173563,2026-08-10
IMAX,51.21,2026-09-18,39,Put,48.00,-6.27%,0.8,2.33,2.7,2501,2017,1.24,42.42%,48.95%,-0.306659,2026-08-10
BMNR,18.1,2026-08-14,4,Call,19.50,-7.73%,0.18,0.19,0.2,3394,2747,1.24,76.55%,85.12%,0.215497,2026-08-10
FCX,70.51,2026-10-16,67,Call,75.00,-6.37%,4.45,4.53,4.65,3771,3043,1.24,49.81%,51.71%,0.44198,2026-08-10
TSLA,330.88,2026-08-14,4,Put,300.00,-9.33%,0.15,0.15,0.16,3838,3098,1.24,40.09%,48.22%,-0.024222,2026-08-10
"Downloaded from Barchart.com as of 08-10-2026 10:00pm CDT"
