Symbol,Price~,"Exp Date",DTE,Type,Strike,Moneyness,Bid,Latest,Ask,Volume,"Open Int",Vol/OI,"Imp Vol",IV,Delta,Time
CMG,31.85,2026-10-09,11,Call,33.00,-3.61%,0.56,0.5,0.63,31748,176,180.39,43.82%,47.22%,0.35289,2026-09-28
NVDA,228.86,2026-09-30,2,Put,230.00,+0.50%,2.8,2.85,2.92,38831,325,119.48,34.72%,33.46%,-0.572365,2026-09-28
TSLA,357.45,2026-09-30,2,Call,360.00,-0.71%,3.25,3.35,3.35,23923,230,104.01,42.15%,41.80%,0.41784,2026-09-28
CLF,11.22,2026-10-16,18,Put,10.50,-6.42%,0.27,0.32,0.42,22356,314,71.2,66.08%,67.16%,-0.29976,2026-09-28
INTC,116.03,2027-04-16,200,Put,105.00,-9.51%,14.5,14.7,14.85,10994,165,66.63,67.65%,64.10%,-0.314728,2026-09-28
NVDA,228.86,2026-09-30,2,Put,232.50,+1.59%,4.4,4.55,4.65,8389,131,64.04,34.72%,33.55%,-0.731926,2026-09-28
INTC,116.03,2026-09-30,2,Call,116.00,+0.03%,2.47,2.48,2.54,7763,137,56.66,67.65%,72.38%,0.514009,2026-09-28
LUNR,15.2,2026-10-02,4,Put,15.50,+1.97%,0.66,0.77,0.91,8480,178,47.64,87.25%,97.86%,-0.554243,2026-09-28
TSLA,357.45,2026-09-30,2,Call,362.50,-1.41%,2.4,2.43,2.44,16109,385,41.84,42.15%,42.09%,0.334356,2026-09-28
INTC,116.03,2026-10-09,11,Call,128.00,-10.32%,1.56,1.7,1.78,4880,121,40.33,67.65%,68.20%,0.223195,2026-09-28
HL,17.01,2026-10-02,4,Call,17.50,-2.88%,0.22,0.3,0.33,4595,120,38.29,59.42%,66.38%,0.356422,2026-09-28
CCL,22.14,2026-10-09,11,Call,23.00,-3.88%,0.61,0.65,0.7,19289,514,37.53,49.49%,65.67%,0.391677,2026-09-28
INTC,116.03,2026-09-30,2,Call,121.00,-4.28%,0.78,0.81,0.81,7969,215,37.07,67.65%,72.53%,0.226345,2026-09-28
MDB,334.68,2026-10-02,4,Put,300.00,-10.36%,1.43,1.65,1.78,5031,143,35.18,62.35%,87.08%,-0.10566,2026-09-28
CLF,11.22,2026-10-16,18,Put,12.50,+11.41%,1.35,1.47,1.57,14636,426,34.36,66.08%,60.31%,-0.769157,2026-09-28
AMC,3.29,2026-10-02,4,Put,3.50,+6.38%,0.29,0.31,0.33,10885,320,34.02,94.93%,131.81%,-0.647585,2026-09-28
NU,12.23,2026-10-30,32,Put,12.00,-1.88%,0.36,0.58,0.6,8619,261,33.02,49.41%,42.30%,-0.406648,2026-09-28
GXO,44.77,2026-11-20,53,Call,52.50,-17.27%,0.4,0.84,0.95,6004,184,32.63,41.49%,41.56%,0.18673,2026-09-28
SPCE,3.14,2026-10-30,32,Put,3.00,-4.46%,0.12,0.19,0.28,3781,119,31.77,82.06%,74.19%,-0.370539,2026-09-28
TSLA,357.45,2026-09-30,2,Call,355.00,+0.69%,5.65,5.7,5.8,4701,149,31.55,42.15%,41.32%,0.597609,2026-09-28
TSLA,357.45,2026-09-30,2,Put,347.50,-2.78%,1.13,1.16,1.16,8834,283,31.22,42.15%,43.06%,-0.182007,2026-09-28
TSLA,357.45,2026-09-30,2,Call,365.00,-2.11%,1.73,1.73,1.77,25924,837,30.97,42.15%,42.58%,0.260862,2026-09-28
GOOGL,342.75,2026-10-05,7,Call,360.00,-5.03%,0.8,0.88,0.9,13337,437,30.52,33.53%,29.71%,0.1238,2026-09-28
INTC,116.03,2026-09-30,2,Call,119.00,-2.56%,1.28,1.3,1.33,3782,136,27.81,67.65%,72.29%,0.329208,2026-09-28
ONDS,7.68,2029-01-19,844,Put,7.00,-8.85%,2.75,2.83,2.85,3016,111,27.17,74.49%,85.03%,-0.226329,2026-09-28
GCO,34.89,2026-10-16,18,Call,40.00,-14.65%,0.2,0.25,0.25,2699,100,26.99,52.94%,50.50%,0.122001,2026-09-28
TSLA,357.45,2026-09-30,2,Call,367.50,-2.81%,1.23,1.25,1.26,9718,361,26.92,42.15%,43.12%,0.198749,2026-09-28
GTLB,46.21,2026-10-02,4,Call,50.00,-8.20%,0.15,0.27,0.35,4167,160,26.04,52.83%,69.44%,0.148646,2026-09-28
APLD,24.53,2026-10-23,25,Call,34.00,-38.61%,0.3,0.37,0.47,3380,132,25.61,90.47%,99.65%,0.133212,2026-09-28
INTC,116.03,2026-09-30,2,Call,118.00,-1.70%,1.61,1.65,1.67,6219,245,25.38,67.65%,72.19%,0.387868,2026-09-28
NVDA,228.86,2026-09-30,2,Put,227.50,-0.59%,1.66,1.67,1.7,24635,976,25.24,34.72%,34.32%,-0.399879,2026-09-28
META,715.62,2026-09-30,2,Call,735.00,-2.71%,3.6,3.7,3.85,2781,111,25.05,41.32%,49.99%,0.242445,2026-09-28
ORCL,132.6,2026-10-02,4,Call,134.00,-1.06%,2.55,2.62,2.62,2999,122,24.58,51.72%,57.90%,0.444774,2026-09-28
FCEL,16.14,2026-10-23,25,Call,20.00,-23.92%,0.35,0.4,0.7,3312,137,24.18,91.52%,97.92%,0.242501,2026-09-28
AGNC,9.46,2026-10-30,32,Call,9.50,-0.42%,0.21,0.24,0.24,4932,208,23.71,26.73%,22.20%,0.481846,2026-09-28
CORZ,16.52,2026-11-20,53,Put,13.00,-21.31%,0.27,0.51,0.55,5024,213,23.59,78.38%,72.28%,-0.152344,2026-09-28
STX,921.51,2026-10-02,4,Call,"1,000.00",-8.52%,7,7.3,7.6,6663,288,23.14,70.53%,80.93%,0.179319,2026-09-28
WULF,15.12,2026-10-16,18,Call,15.50,-2.51%,0.88,0.9,0.93,3657,159,23,82.43%,84.61%,0.465191,2026-09-28
PCT,4.66,2027-03-19,172,Call,5.00,-7.30%,0.95,1.15,1.2,3053,133,22.95,93.09%,92.61%,0.594112,2026-09-28
SOFI,15.93,2026-10-09,11,Call,15.50,+2.70%,0.72,0.74,0.75,3275,143,22.9,49.78%,43.95%,0.659922,2026-09-28
Z,27.44,2026-10-16,18,Call,27.50,-0.22%,1.05,1.28,1.4,2852,127,22.46,57.56%,50.56%,0.521442,2026-09-28
SOLS,56.93,2026-11-20,53,Call,50.00,+12.17%,8.6,8.95,9.3,4018,181,22.2,48.21%,55.44%,0.770946,2026-09-28
AAPL,338.4,2026-09-30,2,Call,332.50,+1.74%,6.45,6.6,6.8,2791,128,21.8,24.12%,26.61%,0.819313,2026-09-28
CRWV,85.07,2026-10-23,25,Call,101.00,-18.73%,1.8,2.08,2.33,3819,178,21.46,75.96%,76.66%,0.229042,2026-09-28
AMD,607.87,2026-09-30,2,Call,610.00,-0.35%,8.6,8.6,8.95,2353,110,21.39,54.43%,54.19%,0.475342,2026-09-28
INTC,116.03,2026-09-30,2,Call,117.00,-0.84%,2.01,2.04,2.07,5294,248,21.35,67.65%,72.25%,0.450089,2026-09-28
INTC,116.03,2026-09-30,2,Put,113.00,-2.61%,1.15,1.17,1.21,4414,207,21.32,67.65%,71.09%,-0.297216,2026-09-28
CRWV,85.07,2026-10-23,25,Call,97.00,-14.02%,2.61,2.75,2.82,3773,177,21.32,75.96%,74.72%,0.287808,2026-09-28
EIX,51.47,2026-11-20,53,Call,52.50,-2.00%,2.25,2.42,2.4,5675,268,21.18,37.91%,36.74%,0.459709,2026-09-28
VST,138.02,2026-11-20,53,Put,115.00,-16.68%,1.52,1.65,1.7,14708,698,21.07,44.80%,46.00%,-0.124249,2026-09-28
BA,184.39,2026-10-02,4,Call,190.00,-3.04%,1.03,1.1,1.11,6081,293,20.75,35.17%,39.71%,0.24142,2026-09-28
CMG,31.85,2026-10-09,11,Call,32.00,-0.47%,0.85,0.92,1.03,2829,139,20.35,43.82%,45.05%,0.497611,2026-09-28
PCG,11.95,2026-12-18,81,Call,12.00,-0.42%,0.97,1.01,1.1,3369,166,20.3,42.93%,46.11%,0.543052,2026-09-28
BA,184.39,2026-10-02,4,Call,192.50,-4.40%,0.61,0.65,0.68,2155,107,20.14,35.17%,40.51%,0.159781,2026-09-28
BA,184.39,2026-10-02,4,Put,180.00,-2.38%,1.17,1.16,1.32,5996,303,19.79,35.17%,38.51%,-0.268576,2026-09-28
AAPL,338.4,2026-09-30,2,Put,340.00,+0.47%,3.1,3.2,3.3,13976,711,19.66,24.12%,23.45%,-0.600615,2026-09-28
INTC,116.03,2026-10-23,25,Call,123.00,-6.01%,6.25,6.25,6.4,2689,139,19.35,67.65%,74.65%,0.424996,2026-09-28
TSLA,357.45,2026-09-30,2,Put,352.50,-1.38%,2.32,2.38,2.38,7613,402,18.94,42.15%,42.10%,-0.319518,2026-09-28
NVDA,228.86,2026-09-30,2,Call,235.00,-2.68%,0.4,0.41,0.42,109524,5817,18.83,34.72%,33.07%,0.144168,2026-09-28
TSLA,357.45,2026-10-30,32,Call,365.00,-2.11%,16.1,16.3,16.3,3479,186,18.7,42.15%,45.05%,0.474569,2026-09-28
TSLA,357.45,2026-09-30,2,Put,350.00,-2.08%,1.63,1.64,1.67,15308,819,18.69,42.15%,42.43%,-0.244323,2026-09-28
META,715.62,2026-09-30,2,Call,720.00,-0.61%,8.2,8.3,8.55,2989,160,18.68,41.32%,48.87%,0.442276,2026-09-28
SNDK,1712.89,2026-10-02,4,Call,"1,700.00",+0.75%,61.7,62.1,62.2,6543,356,18.38,70.62%,77.04%,0.555389,2026-09-28
CRWV,85.07,2026-10-23,25,Call,103.00,-21.08%,1.51,1.7,1.87,2532,139,18.22,75.96%,75.79%,0.197184,2026-09-28
TSM,452.88,2026-10-16,18,Call,505.00,-11.51%,1.64,1.87,2.03,2444,135,18.1,34.97%,37.41%,0.105408,2026-09-28
NFLX,69.23,2026-10-09,11,Call,70.00,-1.11%,1.21,1.24,1.25,2884,160,18.03,37.09%,32.17%,0.440705,2026-09-28
META,715.62,2026-09-30,2,Call,725.00,-1.31%,6.3,6.4,6.5,3059,176,17.38,41.32%,48.76%,0.367935,2026-09-28
NVDA,228.86,2026-10-09,11,Call,247.50,-8.14%,0.43,0.44,0.46,1837,107,17.17,34.72%,31.19%,0.080768,2026-09-28
ABT,100.98,2027-02-19,144,Call,120.00,-18.84%,1.55,1.6,1.8,3255,190,17.13,29.68%,27.45%,0.188862,2026-09-28
IREN,41.72,2027-05-21,235,Put,40.00,-4.12%,9.15,9.35,9.8,2101,123,17.08,80.42%,84.69%,-0.334337,2026-09-28
ORCL,132.6,2026-10-02,4,Call,133.00,-0.30%,2.96,3.05,3.05,2043,120,17.03,51.72%,57.44%,0.493667,2026-09-28
QCOM,187.48,2026-10-02,4,Put,182.50,-2.66%,2.17,2.2,2.29,6425,379,16.95,51.93%,55.40%,-0.309719,2026-09-28
AMZN,246.15,2026-09-30,2,Call,247.50,-0.55%,1.67,1.74,1.74,13604,810,16.8,34.17%,31.50%,0.415346,2026-09-28
MSFT,509.22,2026-09-30,2,Call,522.50,-2.61%,0.82,0.89,0.89,4826,288,16.76,29.74%,31.79%,0.14118,2026-09-28
DNN,2.58,2026-11-20,53,Call,3.00,-16.28%,0.1,0.13,0.15,3259,195,16.71,62.41%,66.93%,0.329539,2026-09-28
NVDA,228.86,2026-10-02,4,Put,240.00,+4.87%,11.1,11.93,11.7,4909,294,16.7,34.72%,33.11%,-0.913706,2026-09-28
CMG,31.85,2026-10-09,11,Call,34.00,-6.75%,0.18,0.35,0.45,6670,401,16.63,43.82%,46.08%,0.22301,2026-09-28
MDT,89.5,2026-10-16,18,Call,92.00,-2.79%,1.25,1.6,2.32,2605,157,16.59,32.72%,35.51%,0.379404,2026-09-28
AMC,3.29,2026-10-09,11,Put,3.00,-8.81%,0.08,0.1,0.11,4601,278,16.55,94.93%,96.11%,-0.261805,2026-09-28
INTC,116.03,2026-09-30,2,Call,115.00,+0.89%,2.99,3,3.1,4830,293,16.48,67.65%,72.83%,0.577639,2026-09-28
ABCL,13.92,2026-11-20,53,Call,15.00,-7.76%,1.5,1.6,1.6,1680,102,16.47,88.96%,92.12%,0.491664,2026-09-28
KMT,31.8,2026-10-16,18,Call,35.00,-10.06%,0.25,0.3,0.3,4529,278,16.29,49.62%,43.48%,0.173969,2026-09-28
NVDA,228.86,2026-09-30,2,Call,237.50,-3.78%,0.18,0.19,0.19,37700,2323,16.23,34.72%,33.95%,0.072882,2026-09-28
BA,184.39,2026-10-02,4,Call,195.00,-5.75%,0.35,0.36,0.36,6188,382,16.2,35.17%,40.65%,0.097674,2026-09-28
NVDA,228.86,2026-10-02,4,Put,242.50,+5.96%,13.45,13.93,14.6,2072,128,16.19,34.72%,41.74%,-0.90462,2026-09-28
NVO,38.71,2026-10-30,32,Put,35.00,-9.58%,0.22,0.23,0.25,3851,238,16.18,35.69%,31.10%,-0.126945,2026-09-28
AG,17.95,2026-10-30,32,Call,21.00,-16.99%,0.39,0.44,0.47,1610,100,16.1,59.63%,63.90%,0.236319,2026-09-28
TSLA,357.45,2026-09-30,2,Put,362.50,+1.41%,7.15,7.25,7.6,13486,842,16.02,42.15%,41.82%,-0.66755,2026-09-28
TSLA,357.45,2026-10-05,7,Put,275.00,-23.07%,0.09,0.1,0.11,2003,125,16.02,42.15%,79.76%,-0.007441,2026-09-28
TGT,158.43,2026-10-02,4,Call,167.50,-5.72%,0.14,0.16,0.18,2432,153,15.9,35.57%,34.60%,0.064765,2026-09-28
CCL,22.14,2026-12-18,81,Put,21.00,-5.15%,1.29,1.34,1.35,16671,1052,15.85,49.49%,46.12%,-0.356754,2026-09-28
AMD,607.87,2026-09-30,2,Put,575.00,-5.41%,1.05,1.08,1.11,2516,163,15.44,54.43%,56.96%,-0.089426,2026-09-28
NVDA,228.86,2026-10-05,7,Call,242.50,-5.96%,0.33,0.35,0.36,3113,204,15.26,34.72%,29.35%,0.082619,2026-09-28
TSLA,357.45,2026-09-30,2,Put,357.50,+0.01%,4.35,4.46,4.5,13265,871,15.23,42.15%,42.01%,-0.493383,2026-09-28
VRT,244.04,2026-11-20,53,Put,185.00,-24.19%,2.75,2.96,3.1,6658,440,15.13,58.92%,62.61%,-0.096501,2026-09-28
GOOGL,342.75,2026-11-20,53,Call,355.00,-3.57%,14,14.15,15.15,28261,1873,15.09,33.53%,36.54%,0.442705,2026-09-28
NVDA,228.86,2026-10-05,7,Put,230.00,+0.50%,4.1,4.05,4.3,3350,224,14.96,34.72%,29.00%,-0.536317,2026-09-28
GAP,22.95,2026-10-02,4,Call,24.00,-4.58%,0.11,0.12,0.14,10606,726,14.61,44.22%,48.62%,0.197105,2026-09-28
SHOP,144.01,2026-11-20,53,Put,105.00,-27.09%,1.17,1.45,1.62,11532,790,14.6,60.23%,65.13%,-0.078051,2026-09-28
NVDA,228.86,2026-10-07,9,Call,235.00,-2.68%,1.95,1.99,2.08,1719,118,14.57,34.72%,30.00%,0.301339,2026-09-28
LUV,42.28,2026-11-20,53,Call,47.50,-12.35%,0.84,1.08,1.13,4610,322,14.32,44.30%,41.57%,0.262176,2026-09-28
REZI,18.22,2027-02-19,144,Call,20.00,-9.77%,1.25,1.9,2.7,2910,204,14.26,54.94%,55.88%,0.482826,2026-09-28
CLF,11.22,2026-10-09,11,Call,11.50,-2.50%,0.36,0.35,0.43,1477,105,14.07,66.08%,66.25%,0.439234,2026-09-28
ORCL,132.6,2026-10-02,4,Call,135.00,-1.81%,2.18,2.24,2.24,7257,520,13.96,51.72%,58.31%,0.397711,2026-09-28
DOW,27.89,2029-01-19,844,Call,35.00,-25.49%,3.8,4.6,4.6,1500,108,13.89,39.72%,40.84%,0.440433,2026-09-28
INTC,116.03,2026-09-30,2,Call,120.00,-3.42%,1,1.02,1.06,9055,662,13.68,67.65%,72.58%,0.275608,2026-09-28
MDB,334.68,2026-11-20,53,Put,280.00,-16.34%,7.3,8.27,9,1526,112,13.63,62.35%,59.52%,-0.178133,2026-09-28
CMG,31.85,2026-10-02,4,Call,32.50,-2.04%,0.35,0.44,0.53,2197,164,13.4,43.82%,53.11%,0.371479,2026-09-28
META,715.62,2026-09-30,2,Put,717.50,+0.26%,10.9,11.07,11.6,1989,150,13.26,41.32%,48.91%,-0.519944,2026-09-28
TSLA,357.45,2026-09-30,2,Call,370.00,-3.51%,0.87,0.88,0.9,22021,1661,13.26,42.15%,43.90%,0.149353,2026-09-28
QURE,39.11,2026-10-16,18,Call,42.00,-7.39%,4.2,4.31,5.2,1335,102,13.09,148.26%,168.22%,0.500414,2026-09-28
CRWV,85.07,2026-10-23,25,Call,104.00,-22.25%,1.45,1.57,1.74,2577,197,13.08,75.96%,76.56%,0.18691,2026-09-28
MCHP,77.97,2026-11-20,53,Put,77.50,-0.60%,5.9,6.05,6.4,2000,154,12.99,51.37%,54.99%,-0.442218,2026-09-28
TSLA,357.45,2026-10-05,7,Call,365.00,-2.11%,4.65,4.8,4.8,2156,166,12.99,42.15%,39.27%,0.365598,2026-09-28
AAPL,338.4,2026-09-30,2,Put,337.50,-0.27%,1.89,1.98,1.98,10678,823,12.97,24.12%,23.89%,-0.433049,2026-09-28
ADBE,231.01,2027-09-17,354,Call,270.00,-16.88%,25.4,30.23,32.5,2004,155,12.93,39.76%,43.45%,0.478594,2026-09-28
ORCL,132.6,2027-12-17,445,Call,340.00,-156.41%,4,5.07,5.7,11102,860,12.91,51.72%,59.08%,0.141663,2026-09-28
RBLX,41.86,2026-10-02,4,Call,44.50,-6.31%,0.27,0.45,0.61,1612,125,12.9,70.72%,76.02%,0.234682,2026-09-28
MDB,334.68,2026-11-20,53,Call,330.00,+1.40%,33.4,37.5,38.75,1500,119,12.61,62.35%,65.03%,0.58087,2026-09-28
TSLA,357.45,2026-10-05,7,Call,445.00,-24.49%,0.1,0.1,0.11,1984,158,12.56,42.15%,66.18%,0.009745,2026-09-28
TSM,452.88,2027-04-16,200,Put,420.00,-7.26%,27.75,28.71,29.75,6075,485,12.53,34.97%,36.15%,-0.318142,2026-09-28
NU,12.23,2026-10-16,18,Call,13.50,-10.38%,0.13,0.14,0.15,3323,268,12.4,49.41%,48.65%,0.199667,2026-09-28
MRVL,251.9,2026-10-30,32,Call,310.00,-23.06%,4.1,4.3,4.5,1583,128,12.37,65.85%,66.75%,0.175109,2026-09-28
INTC,116.03,2026-10-02,4,Call,116.00,+0.03%,3.55,3.6,3.65,6074,491,12.37,67.65%,73.57%,0.518635,2026-09-28
AAPL,338.4,2026-09-30,2,Call,342.50,-1.21%,0.89,0.95,0.95,20750,1685,12.31,24.12%,24.08%,0.255965,2026-09-28
INTC,116.03,2026-09-30,2,Put,116.00,-0.03%,2.32,2.36,2.41,4054,332,12.21,67.65%,69.77%,-0.486496,2026-09-28
U,39.86,2026-10-02,4,Put,39.50,-0.90%,0.81,0.85,1.03,1295,108,11.99,63.28%,66.24%,-0.432258,2026-09-28
AMZN,246.15,2026-10-02,4,Put,270.00,+9.69%,22.2,23.8,25.75,1425,120,11.88,34.17%,49.03%,-0.964904,2026-09-28
GRPN,19.74,2026-12-18,81,Call,30.00,-51.98%,0.75,0.8,0.9,1500,127,11.81,78.72%,87.30%,0.214555,2026-09-28
BA,184.39,2026-10-02,4,Put,182.50,-1.03%,1.9,2.11,2.16,3034,257,11.81,35.17%,37.52%,-0.389282,2026-09-28
AMD,607.87,2026-09-30,2,Call,607.50,+0.06%,9.75,10.2,10.1,1239,106,11.69,54.43%,53.92%,0.516174,2026-09-28
INTC,116.03,2026-10-16,18,Call,123.00,-6.01%,4.05,4,4.15,2207,189,11.68,67.65%,65.92%,0.37679,2026-09-28
ORCL,132.6,2027-12-17,445,Call,180.00,-35.75%,20.65,20.9,21.5,10116,869,11.64,51.72%,58.48%,0.454266,2026-09-28
PANW,392.09,2026-10-02,4,Call,420.00,-7.12%,1.94,2.05,2.1,2323,202,11.5,55.50%,62.40%,0.15538,2026-09-28
MDB,334.68,2026-10-02,4,Put,320.00,-4.39%,5.8,6.4,6.35,1424,124,11.48,62.35%,88.27%,-0.296091,2026-09-28
CVNA,60.47,2026-10-02,4,Call,59.00,+2.43%,2.6,2.58,2.79,1387,121,11.46,67.95%,74.29%,0.640904,2026-09-28
META,715.62,2026-09-30,2,Put,722.50,+0.96%,13.4,13.85,14.3,1313,115,11.42,41.32%,47.64%,-0.598521,2026-09-28
META,715.62,2026-10-30,32,Put,705.00,-1.48%,31,31.5,31.8,1553,136,11.42,41.32%,44.64%,-0.421264,2026-09-28
TSLA,357.45,2026-10-07,9,Call,375.00,-4.91%,3.1,3.22,3.25,1883,165,11.41,42.15%,40.86%,0.241925,2026-09-28
TSLA,357.45,2026-10-05,7,Call,370.00,-3.51%,3.25,3.3,3.35,2327,204,11.41,42.15%,39.74%,0.278909,2026-09-28
TSM,452.88,2026-10-16,18,Put,435.00,-3.95%,5.8,6.65,8.05,2220,197,11.27,34.97%,36.42%,-0.289404,2026-09-28
TSLA,357.45,2026-09-30,2,Put,355.00,-0.69%,3.2,3.25,3.35,16088,1435,11.21,42.15%,42.03%,-0.404215,2026-09-28
AAPL,338.4,2027-04-16,200,Call,315.00,+6.91%,43.25,45.96,45.4,1764,158,11.16,24.12%,27.94%,0.70953,2026-09-28
META,715.62,2026-09-30,2,Call,740.00,-3.41%,2.67,2.75,2.79,2980,270,11.04,41.32%,50.17%,0.189895,2026-09-28
META,715.62,2026-09-30,2,Put,715.00,-0.09%,9.4,9.8,10.15,2753,250,11.01,41.32%,48.03%,-0.481385,2026-09-28
TSLA,357.45,2026-09-30,2,Call,385.00,-7.71%,0.15,0.17,0.17,18937,1744,10.86,42.15%,52.64%,0.030037,2026-09-28
VZ,46.68,2026-10-02,4,Call,46.50,+0.39%,0.3,0.62,0.7,1882,174,10.82,25.45%,21.02%,0.570831,2026-09-28
AAPL,338.4,2026-09-30,2,Call,345.00,-1.95%,0.43,0.44,0.46,24627,2276,10.82,24.12%,24.15%,0.144413,2026-09-28
VFC,14.42,2026-10-23,25,Call,15.00,-4.02%,0.36,0.46,0.65,1263,117,10.79,49.74%,49.23%,0.406761,2026-09-28
META,715.62,2026-09-30,2,Call,745.00,-4.11%,2,2.08,2.1,2865,266,10.77,41.32%,51.05%,0.149016,2026-09-28
YETI,43.33,2026-10-16,18,Call,45.00,-3.85%,0.8,0.9,0.85,2684,250,10.74,44.37%,37.99%,0.350716,2026-09-28
AUR,5.29,2027-05-21,235,Call,7.00,-32.33%,0.6,0.9,0.85,1123,105,10.7,73.31%,71.07%,0.437446,2026-09-28
U,39.86,2026-10-02,4,Call,40.00,-0.35%,0.89,1.05,1.14,1263,118,10.7,63.28%,64.51%,0.495275,2026-09-28
TSM,452.88,2027-12-17,445,Call,470.00,-3.78%,79.05,81.75,82.6,3005,283,10.62,34.97%,40.46%,0.589978,2026-09-28
PTEN,10.85,2027-01-15,109,Call,11.00,-1.38%,1.05,1.3,1.35,5010,474,10.57,56.31%,53.82%,0.537416,2026-09-28
KMX,56.55,2026-10-16,18,Put,55.00,-2.74%,0.95,2.98,3.5,4265,404,10.56,62.06%,60.30%,-0.38734,2026-09-28
MSFT,509.22,2026-09-30,2,Put,505.00,-0.83%,2.44,2.44,2.71,6860,651,10.54,29.74%,29.35%,-0.344236,2026-09-28
CVS,87.85,2026-10-02,4,Put,89.00,+1.31%,1.62,1.65,2.1,1326,126,10.52,35.51%,32.61%,-0.641122,2026-09-28
AMD,607.87,2026-09-30,2,Call,647.50,-6.52%,0.78,0.82,0.86,2852,271,10.52,54.43%,57.48%,0.072404,2026-09-28
CELH,28,2026-10-09,11,Call,28.50,-1.79%,0.78,0.85,0.85,1616,154,10.49,57.59%,52.78%,0.446462,2026-09-28
MGM,31.86,2026-11-20,53,Call,33.00,-3.58%,1.35,1.65,1.65,1446,138,10.48,38.22%,39.47%,0.452117,2026-09-28
AMD,607.87,2027-01-15,109,Call,820.00,-34.90%,19.2,19.65,20.45,2529,242,10.45,54.43%,55.84%,0.215475,2026-09-28
VST,138.02,2026-10-02,4,Call,147.00,-6.51%,0.39,0.41,0.5,1752,168,10.43,44.80%,50.84%,0.124822,2026-09-28
CLF,11.22,2026-10-02,4,Call,11.50,-2.50%,0.19,0.19,0.25,1115,107,10.42,66.08%,71.93%,0.386892,2026-09-28
ONDS,7.68,2029-01-19,844,Put,15.00,+95.31%,8.8,8.85,9.2,2397,230,10.42,74.49%,88.25%,-0.450184,2026-09-28
PINS,18.41,2027-09-17,354,Put,18.00,-2.23%,3.15,3.29,3.45,1283,126,10.18,54.68%,54.49%,-0.360344,2026-09-28
RIVN,14.79,2026-10-30,32,Put,13.00,-12.10%,0.28,0.27,0.35,1688,167,10.11,59.48%,59.17%,-0.200019,2026-09-28
GLXY,23.21,2026-10-09,11,Put,23.00,-0.90%,1.17,1.24,1.39,6088,602,10.11,84.62%,87.23%,-0.44356,2026-09-28
CRWV,85.07,2026-10-23,25,Call,102.00,-19.90%,1.7,1.92,2.05,2812,279,10.08,75.96%,76.30%,0.213056,2026-09-28
GME,23.96,2026-11-20,53,Put,19.00,-20.70%,0,0.15,0.2,1357,135,10.05,50.29%,40.55%,-0.059069,2026-09-28
CCL,22.14,2026-10-02,4,Call,21.50,+2.89%,0.84,1.15,1.47,2071,206,10.05,49.49%,87.04%,0.643743,2026-09-28
KMX,56.55,2026-10-16,18,Put,47.50,-16.00%,0.65,0.65,0.75,4187,419,9.99,62.06%,77.20%,-0.132816,2026-09-28
TSLA,357.45,2026-10-02,4,Call,357.50,-0.01%,6.8,6.9,6.95,3990,400,9.98,42.15%,45.72%,0.511933,2026-09-28
NVDA,228.86,2026-10-05,7,Put,227.50,-0.59%,3,3.15,3.1,1976,198,9.98,34.72%,29.76%,-0.429184,2026-09-28
ACN,174.47,2026-10-02,4,Call,200.00,-14.63%,0.6,0.84,1,1550,156,9.94,53.77%,97.51%,0.09906,2026-09-28
UBER,68.16,2026-10-02,4,Call,66.00,+3.17%,2.4,2.45,2.6,1649,166,9.93,36.97%,38.13%,0.798867,2026-09-28
CLOV,4.33,2026-10-09,11,Put,4.00,-7.62%,0.1,0.14,0.13,2052,207,9.91,69.15%,85.79%,-0.26972,2026-09-28
VST,138.02,2026-10-02,4,Call,137.00,+0.74%,3,3,3.45,1068,108,9.89,44.80%,46.28%,0.573208,2026-09-28
CORZ,16.52,2026-11-20,53,Put,16.00,-3.15%,1.55,1.58,1.8,3022,307,9.84,78.38%,79.84%,-0.392779,2026-09-28
F,12.38,2026-10-09,11,Call,12.50,-0.97%,0.22,0.24,0.25,1985,202,9.83,36.64%,33.97%,0.444711,2026-09-28
MU,1053.98,2026-10-16,18,Call,"2,240.00",-112.53%,0.05,0.11,0.55,1232,126,9.78,61.23%,120.46%,0.003719,2026-09-28
TSLA,357.45,2026-10-05,7,Put,325.00,-9.08%,0.56,0.54,0.58,1762,181,9.73,42.15%,45.00%,-0.05828,2026-09-28
MU,1053.98,2026-10-02,4,Call,"1,195.00",-13.38%,6.25,6.36,6.4,1753,181,9.69,61.23%,98.59%,0.122789,2026-09-28
NVDA,228.86,2026-10-09,11,Put,232.50,+1.59%,6.7,6.7,6.85,1403,145,9.68,34.72%,30.48%,-0.602048,2026-09-28
NVDA,228.86,2026-10-05,7,Call,232.50,-1.59%,2.18,2.18,2.24,4145,428,9.68,34.72%,29.00%,0.36075,2026-09-28
AMD,607.87,2026-09-30,2,Put,607.50,-0.06%,9.25,9.5,9.65,1606,166,9.67,54.43%,54.01%,-0.484215,2026-09-28
AMD,607.87,2026-09-30,2,Put,605.00,-0.47%,8.05,8.25,8.4,1879,195,9.64,54.43%,53.86%,-0.443108,2026-09-28
TSLA,357.45,2026-10-05,7,Call,367.50,-2.81%,3.9,4.12,4,1026,107,9.59,42.15%,39.44%,0.320335,2026-09-28
MDB,334.68,2026-10-02,4,Put,295.00,-11.86%,0.99,1.15,1.4,1139,120,9.49,62.35%,89.40%,-0.080837,2026-09-28
GDDY,93.71,2026-10-16,18,Put,80.00,-14.63%,0.1,0.4,0.65,2726,289,9.43,55.09%,51.90%,-0.07416,2026-09-28
CMG,31.85,2026-10-02,4,Call,33.00,-3.61%,0.26,0.32,0.43,3640,387,9.41,43.82%,58.06%,0.292431,2026-09-28
MP,46.45,2026-10-16,18,Call,49.00,-5.49%,1.3,1.4,1.4,1043,111,9.4,56.56%,56.38%,0.363527,2026-09-28
MDB,334.68,2027-01-15,109,Put,270.00,-19.33%,15.95,16.8,17.6,1669,178,9.38,62.35%,65.08%,-0.208522,2026-09-28
KMX,56.55,2026-10-16,18,Call,62.50,-10.52%,1.3,1.42,1.55,3303,352,9.38,62.06%,68.78%,0.28565,2026-09-28
TSLA,357.45,2026-09-30,2,Put,340.00,-4.88%,0.39,0.39,0.41,3406,363,9.38,42.15%,46.91%,-0.071552,2026-09-28
NVDA,228.86,2026-10-05,7,Put,207.50,-9.33%,0.19,0.2,0.22,1631,174,9.37,34.72%,40.93%,-0.038545,2026-09-28
META,715.62,2026-09-30,2,Put,690.00,-3.58%,2.08,2.11,2.19,2965,318,9.32,41.32%,49.42%,-0.153894,2026-09-28
SNDK,1712.89,2026-10-02,4,Call,"1,710.00",+0.17%,56.5,56.2,57.3,1031,112,9.21,70.62%,77.09%,0.526534,2026-09-28
META,715.62,2026-09-30,2,Call,730.00,-2.01%,4.8,4.95,5.25,3084,335,9.21,41.32%,49.98%,0.303612,2026-09-28
TSLA,357.45,2026-09-30,2,Call,387.50,-8.41%,0.13,0.13,0.14,6470,703,9.2,42.15%,54.89%,0.024934,2026-09-28
NFLX,69.23,2026-10-02,4,Call,70.00,-1.11%,0.65,0.66,0.67,16508,1803,9.16,37.09%,33.93%,0.389096,2026-09-28
META,715.62,2026-10-23,25,Call,715.00,+0.09%,29.15,29.95,29.95,1076,118,9.12,41.32%,38.02%,0.533058,2026-09-28
CVNA,60.47,2026-10-16,18,Put,57.00,-5.74%,1.79,1.83,2,2883,316,9.12,67.95%,65.17%,-0.311341,2026-09-28
ALAB,351.31,2026-10-16,18,Put,330.00,-6.07%,15.3,16.4,17.9,1767,194,9.11,88.56%,86.69%,-0.333694,2026-09-28
JBLU,4.22,2027-03-19,172,Call,7.00,-65.88%,0.14,0.16,0.18,10109,1122,9.01,66.25%,64.32%,0.189198,2026-09-28
ACHR,5.2,2026-10-02,4,Call,5.00,+3.85%,0.23,0.28,0.3,1231,137,8.99,67.92%,66.51%,0.727201,2026-09-28
RKT,11.64,2026-10-23,25,Put,11.00,-5.50%,0.38,0.4,0.47,969,108,8.97,63.69%,60.12%,-0.325525,2026-09-28
TSLA,357.45,2026-09-30,2,Put,360.00,+0.71%,5.7,5.8,5.95,16422,1839,8.93,42.15%,42.24%,-0.581824,2026-09-28
AMZN,246.15,2026-10-02,4,Put,262.50,+6.64%,15.55,16.46,18.35,901,101,8.92,34.17%,49.38%,-0.889116,2026-09-28
NDSN,331.32,2026-10-16,18,Call,350.00,-5.64%,0.8,0.9,1.3,936,106,8.83,20.73%,21.37%,0.134881,2026-09-28
INTC,116.03,2026-10-16,18,Call,131.00,-12.90%,2.06,2.12,2.39,2051,233,8.8,67.65%,67.53%,0.234812,2026-09-28
LW,43.18,2028-01-21,480,Put,35.00,-18.94%,2.95,3,3.9,1002,114,8.79,48.32%,40.03%,-0.23095,2026-09-28
NVDA,228.86,2027-04-16,200,Put,100.00,-56.31%,0.38,0.42,0.51,1274,145,8.79,34.72%,55.75%,-0.011875,2026-09-28
JEF,47.13,2026-10-16,18,Put,42.50,-9.82%,0.55,0.59,0.65,1681,193,8.71,48.90%,54.96%,-0.18108,2026-09-28
META,715.62,2026-12-18,81,Call,890.00,-24.37%,11.4,11.6,12.05,2142,247,8.67,41.32%,42.13%,0.168865,2026-09-28
SMMT,15.48,2026-10-02,4,Put,7.00,-54.78%,0,0.1,0.25,1185,137,8.65,150.34%,480.43%,-0.033602,2026-09-28
GM,80.64,2026-11-20,53,Call,90.00,-11.61%,1.55,1.72,1.74,1271,149,8.53,35.86%,37.71%,0.253907,2026-09-28
TE,3.57,2026-10-09,11,Call,4.00,-12.04%,0.05,0.11,0.15,1991,234,8.51,102.34%,99.09%,0.284868,2026-09-28
DASH,178.39,2026-10-02,4,Call,195.00,-9.31%,0.14,0.49,0.55,863,102,8.46,53.28%,57.29%,0.073882,2026-09-28
CCL,22.14,2026-10-30,32,Put,19.00,-14.18%,0.2,0.22,0.24,1083,128,8.46,49.49%,49.05%,-0.128354,2026-09-28
NVDA,228.86,2026-09-30,2,Put,235.00,+2.68%,6.3,6.4,6.65,1581,187,8.45,34.72%,32.01%,-0.865525,2026-09-28
TSLA,357.45,2026-10-02,4,Call,432.50,-21.00%,0.07,0.1,0.09,1116,133,8.39,42.15%,75.15%,0.008715,2026-09-28
AMC,3.29,2026-10-16,18,Put,3.50,+6.38%,0.4,0.41,0.43,1131,135,8.38,94.93%,99.73%,-0.566052,2026-09-28
TSM,452.88,2026-10-02,4,Call,472.50,-4.33%,1,1.1,1.07,2157,258,8.36,34.97%,34.79%,0.127738,2026-09-28
NVO,38.71,2027-09-17,354,Put,40.00,+3.33%,5.95,6.09,6.15,5939,710,8.36,35.69%,36.45%,-0.452556,2026-09-28
MU,1053.98,2026-10-02,4,Put,"1,055.00",+0.10%,41.2,41.45,42.65,2117,256,8.27,61.23%,94.54%,-0.482792,2026-09-28
AMZN,246.15,2026-10-09,11,Call,247.50,-0.55%,4.55,4.6,4.7,2389,289,8.27,34.17%,30.08%,0.477589,2026-09-28
MARA,12.11,2026-10-23,25,Put,10.00,-17.42%,0.2,0.2,0.21,2195,267,8.22,82.49%,78.02%,-0.146527,2026-09-28
ORCL,132.6,2026-10-02,4,Put,129.00,-2.71%,1.43,1.48,1.5,3288,400,8.22,51.72%,53.65%,-0.300679,2026-09-28
ARM,283.33,2026-10-02,4,Call,305.00,-7.65%,2.93,3.07,3.05,878,108,8.13,73.24%,84.73%,0.21714,2026-09-28
NFLX,69.23,2026-10-09,11,Call,69.00,+0.33%,1.65,1.69,1.71,1317,163,8.08,37.09%,31.77%,0.543472,2026-09-28
NVDA,228.86,2026-09-30,2,Call,232.50,-1.59%,0.88,0.9,0.91,73400,9202,7.98,34.72%,33.04%,0.265902,2026-09-28
NVDA,228.86,2026-11-06,39,Call,255.00,-11.42%,1.78,1.84,1.89,2403,301,7.98,34.72%,30.53%,0.159617,2026-09-28
AFRM,67.21,2026-10-02,4,Call,73.00,-8.61%,0.18,0.35,0.35,1601,201,7.97,60.81%,65.15%,0.120736,2026-09-28
AMZN,246.15,2026-09-30,2,Call,250.00,-1.56%,0.86,0.9,0.9,10739,1348,7.97,34.17%,31.35%,0.258452,2026-09-28
ONON,30,2026-10-16,18,Call,33.00,-10.00%,0.24,0.28,0.37,13627,1709,7.97,47.53%,45.51%,0.191157,2026-09-28
GAP,22.95,2026-10-23,25,Call,24.00,-4.58%,0.43,0.49,0.56,1138,143,7.96,44.22%,37.68%,0.34453,2026-09-28
AAPL,338.4,2026-09-30,2,Put,342.50,+1.21%,4.75,4.9,5,2555,321,7.96,24.12%,22.98%,-0.756126,2026-09-28
GOOGL,342.75,2026-09-30,2,Put,335.00,-2.26%,0.87,0.89,0.99,3233,406,7.96,33.53%,35.47%,-0.18644,2026-09-28
NOW,131.45,2026-10-02,4,Call,132.00,-0.42%,2.98,2.95,3.1,1523,192,7.93,55.31%,59.67%,0.48851,2026-09-28
TSLA,357.45,2026-09-30,2,Call,375.00,-4.91%,0.45,0.45,0.47,24689,3124,7.9,42.15%,46.10%,0.083605,2026-09-28
INTC,116.03,2026-09-30,2,Put,114.00,-1.75%,1.48,1.51,1.54,4076,517,7.88,67.65%,70.58%,-0.356753,2026-09-28
AMD,607.87,2026-09-30,2,Call,612.50,-0.76%,7.5,7.67,7.8,977,124,7.88,54.43%,54.04%,0.434706,2026-09-28
ARM,283.33,2026-10-02,4,Put,240.00,-15.29%,0.09,0.2,0.28,858,109,7.87,73.24%,79.51%,-0.020666,2026-09-28
MSFT,509.22,2026-09-30,2,Call,532.50,-4.57%,0.18,0.18,0.29,2736,349,7.84,29.74%,34.98%,0.04392,2026-09-28
MDB,334.68,2026-10-02,4,Call,410.00,-22.51%,0.45,0.65,0.83,871,112,7.78,62.35%,108.94%,0.042809,2026-09-28
INTC,116.03,2026-10-16,18,Call,132.00,-13.76%,2.04,2.04,2.16,976,126,7.75,67.65%,68.30%,0.222634,2026-09-28
GOOGL,342.75,2026-09-30,2,Put,340.00,-0.80%,2.13,2.18,2.42,6748,876,7.7,33.53%,34.75%,-0.369673,2026-09-28
GEN,20.85,2026-10-16,18,Call,23.00,-10.31%,0.25,0.35,0.55,2013,262,7.68,55.61%,60.38%,0.254526,2026-09-28
FIG,20.25,2026-10-02,4,Call,21.50,-6.17%,0.21,0.25,0.25,5888,767,7.68,74.11%,77.73%,0.24501,2026-09-28
AAPL,338.4,2026-09-30,2,Put,332.50,-1.74%,0.57,0.6,0.61,7712,1007,7.66,24.12%,25.51%,-0.171014,2026-09-28
GOOGL,342.75,2026-09-30,2,Call,352.50,-2.84%,0.58,0.65,0.68,3286,429,7.66,33.53%,34.67%,0.141729,2026-09-28
NVDA,228.86,2026-10-05,7,Call,237.50,-3.78%,0.89,0.9,0.92,2645,347,7.62,34.72%,28.72%,0.185265,2026-09-28
CRWD,259.25,2026-10-16,18,Put,250.00,-3.57%,8.1,8.35,8.4,4684,620,7.55,55.75%,55.49%,-0.355898,2026-09-28
INTC,116.03,2026-10-02,4,Call,117.00,-0.84%,3.1,3.16,3.2,3345,444,7.53,67.65%,73.90%,0.474439,2026-09-28
AMZN,246.15,2026-10-02,4,Call,230.00,+6.56%,15.9,17.69,17.4,1030,137,7.52,34.17%,45.95%,0.925578,2026-09-28
SPCX,145.47,2026-10-02,4,Call,147.00,-1.05%,2.51,2.49,2.52,10507,1401,7.5,48.76%,52.34%,0.43809,2026-09-28
CCL,22.14,2029-01-19,844,Call,30.00,-35.50%,3.9,4.1,4.85,1002,134,7.48,49.49%,49.50%,0.488265,2026-09-28
AVGO,349.57,2026-09-30,2,Put,347.50,-0.59%,2.8,2.9,2.95,1399,187,7.48,36.15%,37.35%,-0.407508,2026-09-28
P,129.4,2026-10-16,18,Call,185.00,-42.97%,0.05,0.1,0.1,775,104,7.45,68.52%,68.25%,0.011623,2026-09-28
TSLA,357.45,2026-10-05,7,Call,375.00,-4.91%,2.22,2.25,2.29,1668,224,7.45,42.15%,40.24%,0.206379,2026-09-28
EDIT,2.51,2026-10-16,18,Put,2.50,-0.40%,0.15,0.2,0.2,2056,276,7.45,98.56%,82.20%,-0.451688,2026-09-28
LRCX,314.47,2026-11-20,53,Call,390.00,-24.02%,9,9.35,10,4390,590,7.44,62.14%,65.01%,0.23431,2026-09-28
GOOGL,342.75,2026-09-30,2,Call,347.50,-1.39%,1.59,1.62,1.68,2393,323,7.41,33.53%,34.22%,0.300516,2026-09-28
BULL,7.05,2026-10-02,4,Call,7.00,+0.71%,0.19,0.2,0.22,912,124,7.35,61.85%,60.44%,0.559966,2026-09-28
AAPL,338.4,2026-10-05,7,Call,342.50,-1.21%,2.06,2.23,2.36,1123,153,7.34,24.12%,20.41%,0.349061,2026-09-28
INTC,116.03,2026-10-05,7,Put,112.00,-3.47%,2.08,2.21,2.22,1173,160,7.33,67.65%,61.28%,-0.320675,2026-09-28
AMZN,246.15,2026-09-30,2,Call,245.00,+0.47%,2.93,2.95,3.05,7928,1082,7.33,34.17%,32.27%,0.58587,2026-09-28
AVGO,349.57,2026-09-30,2,Put,357.50,+2.27%,8,7.65,10.2,965,132,7.31,36.15%,38.12%,-0.781699,2026-09-28
PANW,392.09,2029-01-19,844,Call,500.00,-27.52%,112,113.72,120.45,784,108,7.26,55.50%,57.66%,0.61371,2026-09-28
META,715.62,2026-10-02,4,Call,725.00,-1.31%,10,10.06,10.2,4459,616,7.24,41.32%,47.17%,0.408619,2026-09-28
MRNA,197.28,2026-10-02,4,Put,162.50,-17.63%,0,0.13,0.33,976,135,7.23,88.83%,94.47%,-0.021983,2026-09-28
ALL,227.55,2026-10-16,18,Put,210.00,-7.71%,0.55,0.8,1.05,2176,301,7.23,30.00%,30.16%,-0.106395,2026-09-28
BN,36.27,2026-10-16,18,Put,36.00,-0.74%,0.65,0.95,0.95,8626,1194,7.22,32.55%,29.74%,-0.434437,2026-09-28
NVTS,11.73,2026-10-23,25,Put,11.00,-6.22%,0.52,0.53,0.62,1717,238,7.21,82.96%,75.91%,-0.332135,2026-09-28
AMZN,246.15,2026-10-05,7,Call,250.00,-1.56%,2.12,2.28,2.37,1172,163,7.19,34.17%,27.73%,0.357356,2026-09-28
TSLA,357.45,2026-10-05,7,Call,390.00,-9.11%,0.75,0.79,0.79,10071,1401,7.19,42.15%,43.58%,0.080522,2026-09-28
CPNG,13.75,2026-12-18,81,Call,14.00,-1.82%,0.89,1.32,1.49,862,120,7.18,53.22%,48.35%,0.529345,2026-09-28
AMD,607.87,2026-09-30,2,Put,600.00,-1.29%,6,6,6.35,6332,884,7.16,54.43%,54.10%,-0.363152,2026-09-28
DHT,21.9,2026-11-20,53,Put,23.00,+5.02%,1.9,3,3.7,822,115,7.15,55.00%,56.62%,-0.573126,2026-09-28
MSFT,509.22,2026-09-30,2,Call,510.00,-0.15%,4.25,4.3,4.4,5771,809,7.13,29.74%,30.99%,0.480968,2026-09-28
AAPL,338.4,2026-09-30,2,Call,347.50,-2.69%,0.17,0.22,0.28,11425,1603,7.13,24.12%,25.11%,0.079562,2026-09-28
GOOG,339.16,2026-10-09,11,Put,322.50,-4.91%,1.4,1.62,1.84,1159,163,7.11,33.37%,31.04%,-0.163534,2026-09-28
MU,1053.98,2026-10-02,4,Put,"1,060.00",+0.57%,43.95,44.55,45.2,2559,360,7.11,61.23%,94.53%,-0.501868,2026-09-28
INTU,269.4,2027-01-15,109,Call,290.00,-7.65%,21,22,22.2,934,132,7.08,48.05%,49.66%,0.454134,2026-09-28
JEF,47.13,2026-10-16,18,Call,50.00,-6.09%,1.05,1.2,1.25,1381,195,7.08,48.90%,53.60%,0.331294,2026-09-28
NVDA,228.86,2026-09-30,2,Call,217.50,+4.96%,11.3,11.66,11.85,4666,661,7.06,34.72%,43.60%,0.945119,2026-09-28
MSFT,509.22,2026-09-30,2,Call,515.00,-1.14%,2.32,2.41,2.44,6071,866,7.01,29.74%,30.99%,0.318081,2026-09-28
NVDA,228.86,2026-10-02,4,Put,232.50,+1.59%,5,5.4,5.4,5080,729,6.97,34.72%,32.14%,-0.671827,2026-09-28
AMD,607.87,2026-09-30,2,Call,625.00,-2.82%,3.6,3.65,3.85,1919,277,6.93,54.43%,55.01%,0.255586,2026-09-28
CMG,31.85,2026-10-16,18,Call,33.00,-3.61%,0.63,0.74,0.78,1695,245,6.92,43.82%,40.75%,0.372368,2026-09-28
GOOGL,342.75,2026-09-30,2,Call,342.50,+0.07%,3.55,3.6,3.7,5093,736,6.92,33.53%,34.24%,0.519662,2026-09-28
INTC,116.03,2026-10-30,32,Call,118.00,-1.70%,9.35,9.3,9.55,815,118,6.91,67.65%,74.32%,0.518819,2026-09-28
JOE,65.99,2026-10-16,18,Call,70.00,-6.08%,0.3,0.46,0.55,855,124,6.9,32.11%,28.52%,0.190157,2026-09-28
SNDK,1712.89,2026-10-02,4,Put,"1,620.00",-5.42%,18.8,18.8,19.3,1033,150,6.89,70.62%,76.57%,-0.229502,2026-09-28
NVDA,228.86,2026-10-02,4,Put,230.00,+0.50%,3.75,3.85,3.9,27842,4045,6.88,34.72%,34.09%,-0.545135,2026-09-28
NEE,75.49,2026-10-02,4,Put,75.00,-0.65%,0.48,0.6,0.74,1566,228,6.87,24.43%,26.55%,-0.401035,2026-09-28
NBIS,231.88,2026-10-02,4,Call,237.50,-2.42%,6.1,6.12,6.2,2298,335,6.86,83.13%,88.11%,0.417246,2026-09-28
AAPL,338.4,2026-09-30,2,Call,340.00,-0.47%,1.7,1.7,1.72,19433,2834,6.86,24.12%,23.96%,0.402776,2026-09-28
BE,262.87,2026-10-02,4,Call,267.50,-1.76%,7,7.35,7.45,842,123,6.85,79.99%,84.11%,0.440591,2026-09-28
TE,3.57,2026-10-02,4,Call,0.50,+85.99%,3,3.11,3.2,835,122,6.84,102.34%,"1,146.33%",0.987406,2026-09-28
AVGO,349.57,2026-09-30,2,Call,350.00,-0.12%,3.45,3.8,3.8,1377,202,6.82,36.15%,36.86%,0.489971,2026-09-28
AMD,607.87,2026-11-20,53,Put,560.00,-7.88%,28.25,28.82,28.8,4732,695,6.81,54.43%,56.43%,-0.304554,2026-09-28
VICI,23.19,2029-01-19,844,Put,22.50,-2.98%,1.75,3.19,5.2,925,136,6.8,20.80%,26.06%,-0.386535,2026-09-28
BA,184.39,2027-06-17,262,Put,145.00,-21.36%,4.5,4.91,5.3,1507,223,6.76,35.17%,33.29%,-0.156482,2026-09-28
AMD,607.87,2026-09-30,2,Put,595.00,-2.12%,4.3,4.25,4.6,1545,229,6.75,54.43%,53.92%,-0.287439,2026-09-28
HOOD,116.46,2026-10-02,4,Put,109.00,-6.41%,0.83,0.89,0.94,2344,348,6.74,62.97%,72.21%,-0.179111,2026-09-28
TSM,452.88,2026-10-16,18,Put,405.00,-10.57%,1.36,1.65,1.84,2815,419,6.72,34.97%,38.61%,-0.086476,2026-09-28
NIO,3.59,2026-10-16,18,Call,3.50,+2.51%,0.15,0.2,0.21,831,124,6.7,48.12%,40.10%,0.637284,2026-09-28
JEF,47.13,2026-10-16,18,Put,40.00,-15.13%,0.15,0.24,0.6,1037,155,6.69,48.90%,63.87%,-0.10934,2026-09-28
TSLA,357.45,2026-10-02,4,Call,362.50,-1.41%,4.65,4.75,4.8,6491,973,6.67,42.15%,45.90%,0.397776,2026-09-28
DOCN,136.29,2026-10-02,4,Call,150.00,-10.06%,0.95,1.45,1.5,706,106,6.66,86.95%,93.59%,0.17746,2026-09-28
CMG,31.85,2026-10-16,18,Call,36.00,-13.03%,0.06,0.26,0.29,1079,162,6.66,43.82%,44.16%,0.118885,2026-09-28
LFCR,6.52,2026-12-18,81,Call,5.00,+23.31%,1.45,1.6,1.7,2536,381,6.66,46.42%,31.65%,0.972212,2026-09-28
INTC,116.03,2026-10-16,18,Put,104.00,-10.37%,1.87,1.98,2,3265,490,6.66,67.65%,64.00%,-0.197072,2026-09-28
NVDA,228.86,2027-04-16,200,Call,300.00,-31.08%,6.35,6.75,6.8,1122,169,6.64,34.72%,36.27%,0.21284,2026-09-28
NVDA,228.86,2026-09-30,2,Put,225.00,-1.69%,0.93,0.94,0.96,20279,3060,6.63,34.72%,35.95%,-0.255001,2026-09-28
FISV,46.02,2027-03-19,172,Put,30.00,-34.81%,0.5,0.52,0.75,801,121,6.62,43.71%,51.25%,-0.07458,2026-09-28
TJX,130.25,2026-10-02,4,Call,132.00,-1.34%,0.6,0.7,0.8,800,121,6.61,25.42%,25.44%,0.316303,2026-09-28
AMD,607.87,2026-09-30,2,Put,577.50,-5.00%,1.24,1.31,1.35,1018,154,6.61,54.43%,56.36%,-0.104911,2026-09-28
AMD,607.87,2026-09-30,2,Put,592.50,-2.53%,3.65,3.74,3.9,1045,158,6.61,54.43%,54.15%,-0.253413,2026-09-28
TSLA,357.45,2026-09-30,2,Put,345.00,-3.48%,0.78,0.8,0.8,3947,597,6.61,42.15%,43.94%,-0.13302,2026-09-28
APLD,24.53,2026-10-02,4,Put,23.50,-4.20%,0.36,0.36,0.4,2120,321,6.6,90.47%,79.19%,-0.286552,2026-09-28
MRVL,251.9,2026-10-30,32,Call,280.00,-11.16%,9.45,9.64,9.9,1162,177,6.56,65.85%,65.36%,0.332789,2026-09-28
STZ,112.92,2027-01-15,109,Call,120.00,-6.27%,5,5.4,5.4,1318,201,6.56,35.73%,32.51%,0.399912,2026-09-28
SNDK,1712.89,2026-10-02,4,Put,"1,720.00",+0.42%,58,58.1,59.1,760,116,6.55,70.62%,77.12%,-0.502689,2026-09-28
BA,184.39,2026-10-02,4,Put,185.00,+0.33%,3,3.25,3.35,5552,851,6.52,35.17%,37.03%,-0.526523,2026-09-28
RIVN,14.79,2026-10-02,4,Call,15.00,-1.42%,0.29,0.29,0.3,8517,1306,6.52,59.48%,62.46%,0.429964,2026-09-28
KVUE,17.88,2026-10-09,11,Call,18.00,-0.67%,0.01,0.2,0.25,1006,155,6.49,19.99%,14.92%,0.399974,2026-09-28
GOOG,339.16,2026-10-09,11,Put,317.50,-6.39%,0.94,0.96,1.02,712,110,6.47,33.37%,31.73%,-0.106801,2026-09-28
WDC,453.23,2026-10-02,4,Call,540.00,-19.14%,0.06,0.57,0.87,1015,157,6.46,70.65%,86.72%,0.03008,2026-09-28
CMG,31.85,2026-10-09,11,Call,36.00,-13.03%,0.03,0.1,0.2,1183,184,6.43,43.82%,50.75%,0.091297,2026-09-28
NVDA,228.86,2026-11-06,39,Call,235.00,-2.68%,7.1,7.27,7.3,929,145,6.41,34.72%,31.82%,0.433855,2026-09-28
AMD,607.87,2026-09-30,2,Call,615.00,-1.17%,6.55,6.9,6.9,1455,227,6.41,54.43%,54.46%,0.395932,2026-09-28
CVNA,60.47,2026-10-09,11,Call,75.00,-24.03%,0.02,0.12,0.17,1078,169,6.38,67.95%,66.33%,0.035757,2026-09-28
AMZN,246.15,2026-10-02,4,Call,235.00,+4.53%,11.6,11.65,12.15,1287,202,6.37,34.17%,39.19%,0.877147,2026-09-28
XPEV,9.95,2026-10-02,4,Call,10.00,-0.50%,0.16,0.18,0.18,1369,215,6.37,51.59%,46.11%,0.471737,2026-09-28
INTC,116.03,2026-10-09,11,Call,116.00,+0.03%,5.3,5.4,5.5,700,110,6.36,67.65%,66.35%,0.527392,2026-09-28
SOFI,15.93,2026-10-02,4,Call,16.00,-0.44%,0.3,0.3,0.33,18526,2916,6.35,49.78%,51.86%,0.481746,2026-09-28
LLY,1184.78,2026-10-02,4,Call,"1,230.00",-3.82%,3.9,4.25,4.5,1572,248,6.34,36.29%,36.94%,0.173608,2026-09-28
ORCL,132.6,2026-10-30,32,Call,135.00,-1.81%,7.2,7.25,7.45,912,144,6.33,51.72%,52.92%,0.490493,2026-09-28
INTC,116.03,2026-09-30,2,Put,117.00,+0.84%,2.85,3,2.95,2550,404,6.31,67.65%,69.62%,-0.55286,2026-09-28
META,715.62,2026-09-30,2,Put,712.50,-0.44%,8.5,8.5,8.85,1032,164,6.29,41.32%,48.45%,-0.44261,2026-09-28
MSFT,509.22,2026-09-30,2,Call,520.00,-2.12%,1.16,1.23,1.43,6778,1077,6.29,29.74%,32.18%,0.194799,2026-09-28
TSLA,357.45,2026-10-09,11,Call,367.50,-2.81%,6.15,6.15,6.3,1010,161,6.27,42.15%,41.19%,0.368541,2026-09-28
SKHY,181.92,2026-10-02,4,Call,185.00,-1.69%,3.5,3.6,3.6,3162,505,6.26,58.73%,64.06%,0.416592,2026-09-28
GOOGL,342.75,2026-11-20,53,Call,420.00,-22.54%,1.63,1.96,2.11,28036,4488,6.25,33.53%,36.67%,0.089153,2026-09-28
CRWV,85.07,2026-10-23,25,Call,98.00,-15.20%,2.27,2.7,2.61,1050,169,6.21,75.96%,73.93%,0.267327,2026-09-28
AKAM,108.99,2026-10-02,4,Put,105.00,-3.66%,1.25,1.27,1.75,880,142,6.2,62.74%,69.60%,-0.289968,2026-09-28
NVO,38.71,2027-03-19,172,Put,37.50,-3.13%,2.84,2.91,3,5921,959,6.17,35.69%,34.04%,-0.394179,2026-09-28
WYNN,80.51,2026-10-02,4,Call,85.00,-5.58%,0.2,0.2,0.49,756,123,6.15,36.56%,50.23%,0.158807,2026-09-28
AMZN,246.15,2026-10-09,11,Call,257.50,-4.61%,1.44,1.45,1.49,3070,499,6.15,34.17%,30.05%,0.207347,2026-09-28
KSS,18.18,2026-10-02,4,Call,19.50,-7.26%,0.01,0.14,0.17,1185,193,6.14,58.59%,62.56%,0.150139,2026-09-28
AAPL,338.4,2026-10-09,11,Put,340.00,+0.47%,5.55,5.7,5.85,2763,452,6.11,24.12%,21.43%,-0.534786,2026-09-28
CRWV,85.07,2027-04-16,200,Call,110.00,-29.31%,10.6,11.5,13.2,1055,173,6.1,75.96%,76.04%,0.44698,2026-09-28
PLTR,187.48,2026-10-30,32,Put,172.50,-7.99%,4.15,4.15,4.35,1402,230,6.1,53.10%,48.05%,-0.248966,2026-09-28
NEM,116.05,2026-10-02,4,Call,125.00,-7.71%,0.14,0.1,0.16,2285,377,6.06,41.61%,45.57%,0.063436,2026-09-28
BMY,63.88,2026-10-16,18,Put,62.00,-2.94%,0.78,0.89,1.09,3088,511,6.04,30.15%,30.77%,-0.318139,2026-09-28
NVAX,10.8,2026-10-02,4,Call,10.50,+2.78%,0.39,0.44,0.55,772,128,6.03,75.22%,65.89%,0.673328,2026-09-28
HPE,62.63,2026-10-02,4,Call,66.00,-5.38%,0.71,0.78,0.83,2441,405,6.03,64.62%,75.16%,0.266721,2026-09-28
NVDA,228.86,2026-10-05,7,Call,240.00,-4.87%,0.54,0.55,0.58,12565,2095,6,34.72%,28.93%,0.125089,2026-09-28
SOFI,15.93,2026-11-06,39,Put,14.50,-8.98%,0.47,0.47,0.49,897,150,5.98,49.78%,53.71%,-0.25967,2026-09-28
AMD,607.87,2026-09-30,2,Call,600.00,+1.29%,13.85,14.46,14.45,2224,372,5.98,54.43%,53.99%,0.637367,2026-09-28
RKT,11.64,2026-10-09,11,Call,13.00,-11.68%,0.1,0.13,0.16,3185,533,5.98,63.69%,66.40%,0.18649,2026-09-28
PATH,12.19,2026-10-02,4,Call,12.50,-2.54%,0.21,0.22,0.24,651,109,5.97,53.23%,69.25%,0.380431,2026-09-28
AAPL,338.4,2026-09-30,2,Put,335.00,-1.00%,1.05,1.05,1.15,10591,1777,5.96,24.12%,24.66%,-0.283695,2026-09-28
HD,289.89,2026-10-02,4,Call,300.00,-3.49%,0.72,0.85,0.94,1999,336,5.95,29.93%,32.54%,0.16172,2026-09-28
BA,184.39,2026-10-09,11,Put,180.00,-2.38%,2.09,2.28,2.4,664,112,5.93,35.17%,32.20%,-0.323583,2026-09-28
ZBH,91.62,2027-01-15,109,Call,100.00,-9.15%,2.9,2.85,3.5,835,141,5.92,32.98%,30.06%,0.345912,2026-09-28
UBER,68.16,2026-10-16,18,Put,64.00,-6.10%,0.52,0.54,0.56,969,164,5.91,36.97%,33.99%,-0.185437,2026-09-28
ARM,283.33,2026-10-02,4,Put,245.00,-13.53%,0.28,0.39,0.41,766,130,5.89,73.24%,79.14%,-0.035882,2026-09-28
GLND,4.49,2026-10-16,18,Put,6.00,+33.63%,1.95,2.05,2.35,2083,354,5.88,155.84%,277.68%,-0.563606,2026-09-28
CRM,227.27,2026-10-02,4,Call,230.00,-1.20%,3.05,3.1,3.35,699,119,5.87,40.17%,46.09%,0.414336,2026-09-28
MRNA,197.28,2026-10-02,4,Put,205.00,+3.91%,11.85,11.87,12.3,651,111,5.86,88.83%,91.16%,-0.637361,2026-09-28
AMZN,246.15,2026-09-30,2,Call,235.00,+4.53%,10.55,12,12.75,662,113,5.86,34.17%,50.23%,0.898178,2026-09-28
MSFT,509.22,2026-09-30,2,Put,507.50,-0.34%,3.5,3.62,3.7,1621,277,5.85,29.74%,29.59%,-0.431685,2026-09-28
GS,916.28,2026-10-16,18,Call,995.00,-8.59%,3.5,7.07,10,970,166,5.84,35.33%,37.26%,0.172281,2026-09-28
AMD,607.87,2026-10-05,7,Put,550.00,-9.52%,0.97,1.6,1.88,918,158,5.81,54.43%,51.11%,-0.072346,2026-09-28
RDDT,143.08,2026-10-02,4,Call,150.00,-4.84%,1.38,1.45,1.55,2072,357,5.8,63.49%,65.25%,0.257466,2026-09-28
AMZN,246.15,2026-10-02,4,Call,242.50,+1.48%,5,5.35,5.75,1841,318,5.79,34.17%,30.87%,0.688543,2026-09-28
ACN,174.47,2026-11-20,53,Put,170.00,-2.56%,10.5,10.93,12,1889,326,5.79,53.77%,51.46%,-0.406478,2026-09-28
CCL,22.14,2026-10-02,4,Put,20.50,-7.41%,0.17,0.19,0.19,2441,422,5.78,49.49%,81.29%,-0.171414,2026-09-28
AVGO,349.57,2026-09-30,2,Call,352.50,-0.84%,2.52,2.65,2.78,2154,373,5.77,36.15%,37.81%,0.390441,2026-09-28
MCD,233.6,2026-11-20,53,Call,235.00,-0.60%,8.05,8.35,8.5,1030,179,5.75,22.48%,24.89%,0.496737,2026-09-28
CCL,22.14,2026-10-16,18,Call,25.50,-15.18%,0.18,0.18,0.31,603,105,5.74,49.49%,60.73%,0.164348,2026-09-28
INTC,116.03,2026-09-30,2,Put,115.00,-0.89%,1.88,1.85,1.94,6194,1079,5.74,67.65%,70.32%,-0.420575,2026-09-28
LUNR,15.2,2027-03-19,172,Call,17.00,-11.84%,3.2,3.6,3.5,1541,269,5.73,87.25%,94.31%,0.571926,2026-09-28
SNDK,1712.89,2026-10-09,11,Put,"1,800.00",+5.09%,130.5,135.55,137.8,847,148,5.72,70.62%,69.75%,-0.634113,2026-09-28
TSLA,357.45,2026-10-05,7,Call,362.50,-1.41%,5.55,5.65,5.7,1324,232,5.71,42.15%,39.15%,0.413751,2026-09-28
MSFT,509.22,2026-09-30,2,Call,530.00,-4.08%,0.3,0.32,0.32,6434,1126,5.71,29.74%,33.84%,0.057374,2026-09-28
CRWV,85.07,2026-10-23,25,Call,96.00,-12.85%,2.82,3.03,3.2,3779,663,5.7,75.96%,75.52%,0.308764,2026-09-28
TSLA,357.45,2026-09-30,2,Put,342.50,-4.18%,0.55,0.55,0.57,2110,371,5.69,42.15%,45.36%,-0.097639,2026-09-28
AMC,3.29,2026-10-02,4,Call,3.50,-6.38%,0.09,0.1,0.1,59691,10484,5.69,94.93%,127.76%,0.346078,2026-09-28
CRWV,85.07,2026-10-23,25,Call,99.00,-16.37%,2.21,2.55,2.49,1045,184,5.68,75.96%,75.47%,0.256024,2026-09-28
AMD,607.87,2026-09-30,2,Put,597.50,-1.71%,5.1,5.17,5.4,1015,179,5.67,54.43%,53.92%,-0.324289,2026-09-28
OCUL,7.66,2027-01-15,109,Call,8.00,-4.44%,1.1,1.34,1.35,861,152,5.66,87.55%,79.91%,0.558056,2026-09-28
CLF,11.22,2026-10-16,18,Put,11.50,+2.50%,0.68,0.79,0.92,14836,2633,5.63,66.08%,65.28%,-0.536633,2026-09-28
TSLA,357.45,2026-10-02,4,Put,295.00,-17.47%,0.11,0.11,0.12,3664,651,5.63,42.15%,81.44%,-0.010743,2026-09-28
TJX,130.25,2026-11-20,53,Call,140.00,-7.49%,1.9,2,2.15,1142,204,5.6,25.42%,26.59%,0.265188,2026-09-28
AMZN,246.15,2026-09-30,2,Put,252.50,+2.58%,5.95,7.05,7.35,1752,313,5.6,34.17%,29.71%,-0.874708,2026-09-28
HL,17.01,2026-11-20,53,Put,16.00,-5.94%,0.95,1,1.05,1532,274,5.59,59.42%,59.34%,-0.343023,2026-09-28
INTC,116.03,2026-10-02,4,Call,119.00,-2.56%,2.32,2.36,2.38,2611,467,5.59,67.65%,73.93%,0.388559,2026-09-28
FRSH,12.53,2026-10-16,18,Call,12.50,+0.24%,0.35,0.5,0.65,2004,360,5.57,57.28%,42.68%,0.537019,2026-09-28
APLD,24.53,2026-10-09,11,Put,19.00,-22.54%,0.11,0.14,0.14,1123,202,5.56,90.47%,101.93%,-0.061981,2026-09-28
BA,184.39,2026-10-16,18,Call,195.00,-5.75%,1.77,1.9,2,3816,687,5.55,35.17%,33.93%,0.239132,2026-09-28
AVGO,349.57,2026-09-30,2,Put,345.00,-1.31%,1.9,1.97,2.03,1749,316,5.53,36.15%,37.47%,-0.31073,2026-09-28
CVNA,60.47,2026-11-20,53,Call,70.00,-15.76%,3.05,3.2,3.25,3616,654,5.53,67.95%,68.63%,0.342102,2026-09-28
MDB,334.68,2026-10-02,4,Call,400.00,-19.52%,0.9,0.94,1.05,3266,595,5.49,62.35%,106.90%,0.062587,2026-09-28
SPCX,145.47,2026-10-02,4,Call,148.00,-1.74%,2.12,2.11,2.14,12708,2316,5.49,48.76%,52.47%,0.390217,2026-09-28
ICE,152.91,2026-11-20,53,Call,160.00,-4.64%,3.6,4.03,4,1121,205,5.47,26.58%,27.58%,0.365334,2026-09-28
TSM,452.88,2026-10-02,4,Call,467.50,-3.23%,1.63,1.81,1.83,2194,401,5.47,34.97%,34.26%,0.195294,2026-09-28
META,715.62,2026-09-30,2,Call,742.50,-3.76%,2.28,2.39,2.51,590,108,5.46,41.32%,50.82%,0.16946,2026-09-28
MSFT,509.22,2026-09-30,2,Put,502.50,-1.32%,1.86,2.05,2.05,1616,296,5.46,29.74%,30.62%,-0.272805,2026-09-28
USAR,14.41,2026-10-16,18,Call,17.50,-21.44%,0.14,0.14,0.21,828,152,5.45,71.99%,76.67%,0.14852,2026-09-28
DELL,543.43,2026-10-02,4,Call,540.00,+0.63%,16.2,14.8,17.25,676,125,5.41,60.63%,65.62%,0.552482,2026-09-28
NVDA,228.86,2026-10-05,7,Put,232.50,+1.59%,5.5,5.75,6.15,811,150,5.41,34.72%,29.95%,-0.636576,2026-09-28
SONO,17.97,2026-10-16,18,Call,20.00,-11.30%,0.1,0.17,0.25,989,183,5.4,54.61%,48.24%,0.176756,2026-09-28
SLS,11.59,2026-10-09,11,Call,15.00,-29.42%,0.25,0.28,0.3,581,108,5.38,177.58%,146.90%,0.189611,2026-09-28
MDB,334.68,2026-10-09,11,Put,270.00,-19.33%,0.12,0.5,0.9,564,105,5.37,62.35%,68.98%,-0.031278,2026-09-28
AMZN,246.15,2026-09-30,2,Call,230.00,+6.56%,14.7,16,16.5,580,108,5.37,34.17%,28.82%,0.999313,2026-09-28
ORCL,132.6,2026-10-02,4,Call,148.00,-11.61%,0.35,0.36,0.4,5506,1025,5.37,51.72%,73.54%,0.082956,2026-09-28
ARM,283.33,2026-10-02,4,Call,300.00,-5.88%,3.9,4.01,4.05,3133,584,5.36,73.24%,83.63%,0.27277,2026-09-28
BSX,44.11,2027-06-17,262,Call,65.00,-47.36%,1.55,1.5,1.7,5006,936,5.35,41.04%,42.79%,0.211046,2026-09-28
TSLA,357.45,2026-10-09,11,Put,357.50,+0.01%,9.7,9.76,9.95,592,111,5.33,42.15%,40.35%,-0.481626,2026-09-28
BX,114.56,2027-09-17,354,Put,100.00,-12.71%,8.9,9.6,10.1,1203,226,5.32,40.71%,38.35%,-0.283035,2026-09-28
CRWD,259.25,2026-10-02,4,Call,272.50,-5.11%,2.22,2.28,2.34,1209,230,5.26,55.75%,62.75%,0.235905,2026-09-28
TSM,452.88,2026-10-09,11,Put,405.00,-10.57%,0.34,0.55,0.65,1401,267,5.25,34.97%,37.82%,-0.040214,2026-09-28
ARM,283.33,2026-10-02,4,Put,280.00,-1.18%,7.65,7.5,7.85,1781,339,5.25,73.24%,79.68%,-0.42555,2026-09-28
AMD,607.87,2026-09-30,2,Call,630.00,-3.64%,2.65,2.73,2.78,2095,400,5.24,54.43%,55.46%,0.198953,2026-09-28
RIVN,14.79,2026-10-02,4,Call,14.50,+1.96%,0.53,0.53,0.57,1397,267,5.23,59.48%,62.79%,0.63332,2026-09-28
ORCL,132.6,2026-10-02,4,Call,136.00,-2.56%,1.87,1.91,1.93,2852,546,5.22,51.72%,59.12%,0.354143,2026-09-28
GOOGL,342.75,2026-10-09,11,Call,362.50,-5.76%,1.53,1.53,2.02,1318,253,5.21,33.53%,32.73%,0.17397,2026-09-28
NVDA,228.86,2026-11-06,39,Call,240.00,-4.87%,5.2,5.32,5.45,1912,368,5.2,34.72%,31.44%,0.353961,2026-09-28
SPCX,145.47,2026-10-02,4,Call,162.50,-11.71%,0.14,0.15,0.15,16084,3092,5.2,48.76%,59.33%,0.040545,2026-09-28
MDB,334.68,2026-11-20,53,Put,220.00,-34.27%,0.7,1.09,2.02,1209,233,5.19,62.35%,66.91%,-0.036401,2026-09-28
PLTR,187.48,2026-10-30,32,Put,180.00,-3.99%,6.55,6.65,6.75,1405,271,5.18,53.10%,46.96%,-0.350836,2026-09-28
MU,1053.98,2026-10-02,4,Call,"1,045.00",+0.85%,45.6,46.6,46.95,1672,323,5.18,61.23%,94.51%,0.555751,2026-09-28
MDB,334.68,2027-01-15,109,Call,370.00,-10.55%,35,39.8,41.35,1629,315,5.17,62.35%,68.72%,0.481608,2026-09-28
ZLAB,25.69,2027-03-19,172,Call,25.00,+2.69%,3.3,5.47,6.6,618,120,5.15,94.92%,63.58%,0.627733,2026-09-28
NCLH,14.31,2026-10-02,4,Call,15.50,-8.32%,0.06,0.14,0.14,4805,933,5.15,55.51%,76.29%,0.169774,2026-09-28
BAC,55.47,2026-10-23,25,Put,56.00,+0.96%,1.61,1.81,2.13,3729,725,5.14,29.03%,27.91%,-0.532248,2026-09-28
GOOGL,342.75,2026-09-30,2,Call,345.00,-0.66%,2.39,2.49,2.52,3481,679,5.13,33.53%,33.84%,0.404865,2026-09-28
CBRS,196.74,2026-10-02,4,Call,202.50,-2.93%,4.2,5.1,5.6,543,106,5.12,77.36%,88.74%,0.397569,2026-09-28
META,715.62,2026-10-09,11,Call,805.00,-12.49%,1.53,1.7,1.73,967,189,5.12,41.32%,44.20%,0.069236,2026-09-28
MDT,89.5,2026-10-02,4,Call,88.00,+1.68%,0.15,1.57,3.65,1027,201,5.11,32.72%,26.06%,0.737396,2026-09-28
AMD,607.87,2026-09-30,2,Put,590.00,-2.94%,3.1,3.19,3.3,1387,272,5.1,54.43%,54.51%,-0.222294,2026-09-28
NVDA,228.86,2026-11-06,39,Call,230.00,-0.50%,9.4,9.4,9.65,818,161,5.08,34.72%,32.38%,0.516446,2026-09-28
NVDA,228.86,2026-10-07,9,Put,215.00,-6.06%,0.74,0.8,0.86,920,181,5.08,34.72%,35.62%,-0.123259,2026-09-28
IREN,41.72,2026-10-09,11,Put,43.00,+3.07%,2.84,2.81,2.94,2333,460,5.07,80.42%,75.67%,-0.562762,2026-09-28
TSLA,357.45,2026-10-02,4,Call,365.00,-2.11%,3.8,3.86,3.9,11013,2174,5.07,42.15%,45.95%,0.343941,2026-09-28
CEG,260.43,2026-10-02,4,Call,290.00,-11.35%,0.05,0.15,0.15,536,106,5.06,42.71%,49.46%,0.020471,2026-09-28
MU,1053.98,2026-10-02,4,Call,"1,055.00",-0.10%,41,41.67,42,2474,492,5.03,61.23%,94.95%,0.517621,2026-09-28
TMC,3.86,2026-10-30,32,Call,4.00,-3.63%,0.25,0.31,0.34,2009,400,5.02,81.44%,76.66%,0.488803,2026-09-28
INTC,116.03,2026-09-30,2,Call,122.00,-5.15%,0.61,0.62,0.64,2116,422,5.01,67.65%,73.37%,0.185861,2026-09-28
XRAY,9.28,2027-04-16,200,Put,7.50,-19.18%,0.45,0.54,0.6,1025,205,5,51.35%,48.70%,-0.222989,2026-09-28
GOOGL,342.75,2026-09-30,2,Put,332.50,-2.99%,0.54,0.54,0.61,1880,376,5,33.53%,36.23%,-0.124604,2026-09-28
AMZN,246.15,2026-10-02,4,Call,245.00,+0.47%,4,4.05,4.15,5591,1118,5,34.17%,33.27%,0.565187,2026-09-28
NEM,116.05,2026-10-02,4,Put,110.00,-5.21%,0.13,0.24,0.64,538,108,4.98,41.61%,46.98%,-0.131456,2026-09-28
AMD,607.87,2027-02-19,144,Put,590.00,-2.94%,68.1,69.09,70.85,726,146,4.97,54.43%,55.21%,-0.384708,2026-09-28
NVDA,228.86,2026-09-30,2,Call,230.00,-0.50%,1.75,1.77,1.79,55562,11180,4.97,34.72%,33.60%,0.428667,2026-09-28
AFRM,67.21,2026-10-02,4,Put,62.00,-7.75%,0.11,0.18,0.25,511,103,4.96,60.81%,59.30%,-0.090576,2026-09-28
ALB,107.39,2026-12-18,81,Put,80.00,-25.51%,1.3,1.39,1.67,600,121,4.96,52.91%,55.31%,-0.100088,2026-09-28
BE,262.87,2026-10-02,4,Call,262.50,+0.14%,9.25,9.6,9.95,873,176,4.96,79.99%,85.34%,0.525996,2026-09-28
QCOM,187.48,2026-10-02,4,Put,180.00,-3.99%,1.47,1.47,1.55,3194,646,4.94,51.93%,55.44%,-0.231464,2026-09-28
KMX,56.55,2026-10-16,18,Put,52.50,-7.16%,1.8,2.05,2.65,1376,279,4.93,62.06%,82.10%,-0.305812,2026-09-28
VRSN,282.07,2026-12-18,81,Call,310.00,-9.90%,5.5,6.65,9,1300,264,4.92,31.32%,31.12%,0.298111,2026-09-28
BA,184.39,2026-10-02,4,Call,197.50,-7.11%,0.18,0.22,0.22,4054,828,4.9,35.17%,41.46%,0.059117,2026-09-28
CRWV,85.07,2026-10-23,25,Call,100.00,-17.55%,2.01,2.24,2.19,5156,1055,4.89,75.96%,74.59%,0.236627,2026-09-28
AMD,607.87,2026-10-02,4,Call,695.00,-14.33%,0.29,0.31,0.35,1760,361,4.88,54.43%,62.39%,0.022133,2026-09-28
GS,916.28,2026-10-02,4,Call,940.00,-2.59%,4.5,5.19,5.6,789,162,4.87,35.33%,35.43%,0.252785,2026-09-28
APLD,24.53,2026-10-09,11,Put,24.00,-2.16%,1.26,1.53,1.43,3364,691,4.87,90.47%,95.81%,-0.412827,2026-09-28
RCAT,6.5,2026-10-02,4,Call,6.50,0.00%,0.19,0.23,0.23,569,117,4.86,81.78%,76.89%,0.518162,2026-09-28
BE,262.87,2026-10-02,4,Call,272.50,-3.66%,5.25,5.5,5.55,800,165,4.85,79.99%,84.15%,0.35957,2026-09-28
BA,184.39,2026-10-02,4,Put,175.00,-5.09%,0.39,0.44,0.45,3713,766,4.85,35.17%,41.06%,-0.108106,2026-09-28
NVDA,228.86,2026-10-02,4,Put,227.50,-0.59%,2.61,2.65,2.65,16630,3430,4.85,34.72%,34.62%,-0.424166,2026-09-28
INTC,116.03,2026-11-20,53,Put,140.00,+20.66%,28.4,28.7,29.3,1520,314,4.84,67.65%,73.55%,-0.69976,2026-09-28
CMG,31.85,2026-10-02,4,Call,32.00,-0.47%,0.6,0.64,0.71,1531,316,4.84,43.82%,54.11%,0.48121,2026-09-28
NVDA,228.86,2026-11-06,39,Call,260.00,-13.61%,1.25,1.3,1.36,1189,246,4.83,34.72%,30.88%,0.119789,2026-09-28
STX,921.51,2026-10-02,4,Put,690.00,-25.12%,0,0.1,0.3,574,119,4.82,70.53%,108.08%,-0.004444,2026-09-28
INFQ,14.13,2026-10-09,11,Call,15.50,-9.70%,0.15,0.5,0.55,603,125,4.82,88.38%,84.26%,0.290617,2026-09-28
GS,916.28,2026-10-16,18,Call,"1,015.00",-10.77%,2.54,4.42,7.2,968,201,4.82,35.33%,38.80%,0.128124,2026-09-28
TSLA,357.45,2026-10-05,7,Put,360.00,+0.71%,8.85,8.75,9.15,1272,264,4.82,42.15%,39.31%,-0.537067,2026-09-28
KR,59.69,2026-10-02,4,Put,60.00,+0.52%,0.49,0.65,0.97,716,149,4.81,28.70%,22.65%,-0.579924,2026-09-28
NVDA,228.86,2026-09-30,2,Put,222.50,-2.78%,0.51,0.51,0.52,12811,2663,4.81,34.72%,37.86%,-0.152468,2026-09-28
AVGO,349.57,2026-09-30,2,Call,357.50,-2.27%,1.19,1.19,1.26,2533,529,4.79,36.15%,38.15%,0.219405,2026-09-28
F,12.38,2026-10-02,4,Call,12.50,-0.97%,0.13,0.14,0.15,6970,1459,4.78,36.64%,37.46%,0.40949,2026-09-28
PACB,1.71,2027-03-19,172,Call,2.00,-16.96%,0.3,0.35,0.4,1941,407,4.77,130.38%,94.22%,0.544447,2026-09-28
FLY,24.11,2026-11-20,53,Put,17.00,-29.49%,0.5,0.56,0.65,600,126,4.76,89.61%,92.22%,-0.118036,2026-09-28
INTC,116.03,2026-10-05,7,Put,110.00,-5.20%,1.5,1.53,1.59,1433,301,4.76,67.65%,61.71%,-0.250089,2026-09-28
CENX,37.4,2026-11-20,53,Put,40.00,+6.95%,4.9,5,5.4,1057,223,4.74,61.60%,65.16%,-0.55287,2026-09-28
UUUU,11.03,2026-10-16,18,Call,12.50,-13.33%,0.13,0.2,0.2,671,142,4.73,67.08%,62.21%,0.205321,2026-09-28
BABA,108.76,2026-10-30,32,Put,100.00,-8.05%,0.94,1.3,1.4,526,112,4.7,39.43%,33.90%,-0.186466,2026-09-28
C,131.31,2026-10-09,11,Put,135.00,+2.81%,4.65,4.94,5.05,635,135,4.7,34.02%,28.79%,-0.69936,2026-09-28
BA,184.39,2026-10-16,18,Call,202.50,-9.82%,0.76,0.85,0.88,695,148,4.7,35.17%,34.92%,0.120311,2026-09-28
NVDA,228.86,2026-10-05,7,Put,210.00,-8.24%,0.26,0.28,0.29,1146,244,4.7,34.72%,39.07%,-0.051764,2026-09-28
SN,181.99,2026-10-16,18,Call,195.00,-7.15%,2.5,3.13,3.5,774,165,4.69,50.67%,46.38%,0.274109,2026-09-28
ARM,283.33,2026-10-02,4,Put,265.00,-6.47%,2.64,2.62,2.72,1441,307,4.69,73.24%,79.27%,-0.197051,2026-09-28
UPST,23.03,2026-10-02,4,Call,24.00,-4.21%,0.17,0.3,0.37,2281,486,4.69,67.84%,65.04%,0.285798,2026-09-28
NVDA,228.86,2026-10-05,7,Call,220.00,+3.87%,9.9,10.05,11.3,4407,940,4.69,34.72%,38.87%,0.780102,2026-09-28
EQT,49.87,2028-01-21,480,Call,55.00,-10.29%,6.85,7.28,7.7,2711,581,4.67,31.32%,37.65%,0.525024,2026-09-28
SNOW,328.12,2026-10-02,4,Put,307.50,-6.28%,1.19,1.21,1.39,806,173,4.66,48.77%,56.66%,-0.129122,2026-09-28
SMMT,15.48,2026-10-02,4,Put,10.00,-35.40%,0.05,0.16,0.2,3890,834,4.66,150.34%,289.70%,-0.055487,2026-09-28
AMD,607.87,2026-10-02,4,Call,625.00,-2.82%,7.45,7.57,7.75,4234,908,4.66,54.43%,56.34%,0.331953,2026-09-28
TSLA,357.45,2026-10-02,4,Call,370.00,-3.51%,2.5,2.54,2.55,17244,3700,4.66,42.15%,46.48%,0.24944,2026-09-28
AMD,607.87,2026-09-30,2,Put,602.50,-0.88%,6.95,7.02,7.25,934,201,4.65,54.43%,53.69%,-0.402184,2026-09-28
UPS,94.25,2026-10-02,4,Call,98.00,-3.98%,0.08,0.11,0.15,627,135,4.64,31.55%,27.85%,0.091112,2026-09-28
NBIS,231.88,2026-10-02,4,Call,257.50,-11.05%,1.54,1.63,1.6,729,157,4.64,83.13%,90.29%,0.145221,2026-09-28
AMZN,246.15,2026-10-16,18,Call,247.50,-0.55%,5.95,6.05,6.05,1797,388,4.63,34.17%,29.43%,0.491359,2026-09-28
NFLX,69.23,2026-10-02,4,Put,69.00,-0.33%,0.8,0.8,0.83,14355,3099,4.63,37.09%,32.49%,-0.450249,2026-09-28
ORCL,132.6,2026-10-02,4,Put,132.00,-0.45%,2.66,2.68,2.75,4505,976,4.62,51.72%,54.50%,-0.455425,2026-09-28
MDB,334.68,2026-11-20,53,Call,400.00,-19.52%,11.55,12.5,12.5,965,209,4.62,62.35%,62.88%,0.27419,2026-09-28
MDB,334.68,2026-10-16,18,Put,270.00,-19.33%,0.69,1.28,1.81,526,114,4.61,62.35%,64.79%,-0.057408,2026-09-28
KMI,30.63,2026-11-20,53,Call,35.00,-14.27%,0.06,0.11,0.16,581,126,4.61,25.76%,24.76%,0.085901,2026-09-28
META,715.62,2026-09-30,2,Put,730.00,+2.01%,18.8,19.75,19.65,2075,450,4.61,41.32%,49.70%,-0.698162,2026-09-28
WM,206.44,2028-12-15,809,Call,110.00,+46.72%,100,102.13,104.5,653,142,4.6,21.88%,33.41%,0.91902,2026-09-28
GOOG,339.16,2026-10-02,4,Put,312.50,-7.86%,0.12,0.15,0.18,1044,227,4.6,33.37%,41.08%,-0.026578,2026-09-28
AMD,607.87,2026-09-30,2,Put,610.00,+0.35%,10.55,10.8,11.1,1167,254,4.59,54.43%,54.42%,-0.524918,2026-09-28
NOW,131.45,2026-10-02,4,Call,133.00,-1.18%,2.55,2.61,2.65,591,129,4.58,55.31%,59.66%,0.440506,2026-09-28
ARM,283.33,2026-10-02,4,Call,292.50,-3.24%,5.9,6,6.05,1123,245,4.58,73.24%,81.92%,0.373101,2026-09-28
QUBT,8.57,2028-01-21,480,Call,13.00,-51.69%,1.8,1.93,2.01,7561,1657,4.56,68.93%,75.20%,0.506547,2026-09-28
INTC,116.03,2026-10-09,11,Call,130.00,-12.04%,1.3,1.39,1.43,10390,2286,4.55,67.65%,68.93%,0.188961,2026-09-28
ADBE,231.01,2027-03-19,172,Call,260.00,-12.55%,17.6,18.65,20.5,1005,221,4.55,39.76%,44.52%,0.432546,2026-09-28
MDB,334.68,2027-12-17,445,Call,230.00,+31.28%,149.95,160.34,164,577,127,4.54,62.35%,73.92%,0.825054,2026-09-28
TTD,12.34,2027-04-16,200,Call,17.50,-41.82%,1.11,1.19,1.29,3536,781,4.53,67.91%,70.32%,0.357315,2026-09-28
BE,262.87,2026-10-02,4,Call,265.00,-0.81%,8.1,8.35,8.55,1483,328,4.52,79.99%,84.41%,0.483114,2026-09-28
KLAC,189.17,2026-10-02,4,Put,185.00,-2.20%,2.6,3.01,3.6,600,133,4.51,60.38%,63.12%,-0.353723,2026-09-28
MU,1053.98,2026-10-02,4,Call,"1,155.00",-9.58%,11.15,11.15,11.3,862,191,4.51,61.23%,96.76%,0.19797,2026-09-28
NVDA,228.86,2026-10-02,4,Put,245.00,+7.05%,15.5,16.6,16.95,675,150,4.5,34.72%,36.53%,-0.964308,2026-09-28
MU,1053.98,2026-10-02,4,Call,"1,170.00",-11.01%,9,8.95,9.1,2077,462,4.5,61.23%,97.33%,0.166027,2026-09-28
SKHY,181.92,2026-10-02,4,Call,182.50,-0.32%,4.5,4.7,4.65,1633,364,4.49,58.73%,63.40%,0.496625,2026-09-28
AMZN,246.15,2026-10-02,4,Put,265.00,+7.66%,17.35,18.95,20.8,3433,764,4.49,34.17%,44.67%,-0.942074,2026-09-28
IONQ,44.58,2026-10-09,11,Call,52.00,-16.64%,0.41,0.47,0.54,672,150,4.48,76.36%,80.94%,0.154538,2026-09-28
BA,184.39,2026-11-20,53,Call,190.00,-3.04%,8,8.54,8.55,686,153,4.48,35.17%,38.45%,0.444336,2026-09-28
PATH,12.19,2026-10-23,25,Call,13.00,-6.64%,0.39,0.44,0.46,854,191,4.47,53.23%,57.17%,0.367892,2026-09-28
NVDA,228.86,2026-11-06,39,Call,245.00,-7.05%,3.7,3.77,4,1004,225,4.46,34.72%,31.16%,0.280509,2026-09-28
PAYX,99.3,2026-10-16,18,Put,90.00,-9.37%,0.15,0.3,0.5,1145,257,4.46,26.38%,33.97%,-0.090531,2026-09-28
NVDA,228.86,2026-10-05,7,Call,235.00,-2.68%,1.41,1.46,1.48,8119,1819,4.46,34.72%,28.82%,0.265341,2026-09-28
TSLA,357.45,2026-09-30,2,Call,372.50,-4.21%,0.62,0.63,0.64,9991,2251,4.44,42.15%,44.83%,0.111238,2026-09-28
BA,184.39,2026-10-02,4,Put,170.00,-7.80%,0.14,0.17,0.18,717,162,4.43,35.17%,45.93%,-0.043354,2026-09-28
QBTS,16.78,2026-10-02,4,Put,16.00,-4.65%,0.19,0.22,0.22,2970,672,4.42,74.26%,73.60%,-0.25421,2026-09-28
UNH,377.83,2026-10-02,4,Call,387.50,-2.56%,2.51,2.7,2.72,753,171,4.4,41.11%,39.34%,0.277785,2026-09-28
TSLA,357.45,2026-09-30,2,Put,337.50,-5.58%,0.29,0.3,0.31,974,222,4.39,42.15%,48.98%,-0.05395,2026-09-28
TSLA,357.45,2026-09-30,2,Call,377.50,-5.61%,0.33,0.34,0.35,4229,965,4.38,42.15%,47.48%,0.063118,2026-09-28
AAPL,338.4,2026-10-05,7,Call,340.00,-0.47%,3.2,3.3,3.4,1033,236,4.38,24.12%,21.07%,0.450771,2026-09-28
KGC,24.11,2026-10-02,4,Put,23.50,-2.53%,0.25,0.35,0.36,635,146,4.35,47.69%,56.40%,-0.319585,2026-09-28
AMPX,9.6,2026-10-02,4,Call,10.50,-9.38%,0.05,0.1,0.15,805,185,4.35,80.14%,94.72%,0.197681,2026-09-28
CIFR,16.74,2026-10-09,11,Put,14.00,-16.37%,0,0.15,0.35,642,148,4.34,96.80%,94.81%,-0.120032,2026-09-28
CVNA,60.47,2026-10-02,4,Put,57.00,-5.74%,0.55,0.6,0.62,967,223,4.34,67.95%,74.39%,-0.211042,2026-09-28
COST,922.92,2026-10-02,4,Call,960.00,-4.02%,0.55,0.55,0.78,1021,235,4.34,19.71%,24.44%,0.065109,2026-09-28
ET,20.1,2026-11-20,53,Call,21.00,-4.48%,0.17,0.24,0.26,1124,259,4.34,20.82%,18.43%,0.261168,2026-09-28
ORCL,132.6,2026-10-02,4,Call,150.00,-13.12%,0.3,0.3,0.31,22357,5157,4.34,51.72%,76.53%,0.067361,2026-09-28
MDB,334.68,2026-10-02,4,Call,465.00,-38.94%,0.05,0.16,0.32,507,117,4.33,62.35%,134.52%,0.011866,2026-09-28
JD,26.61,2026-10-09,11,Call,27.50,-3.34%,0.05,0.28,0.32,688,159,4.33,34.24%,28.52%,0.243858,2026-09-28
NBIS,231.88,2026-10-02,4,Put,197.50,-14.83%,0.2,0.37,0.48,848,196,4.33,83.13%,88.93%,-0.037981,2026-09-28
META,715.62,2026-10-30,32,Put,665.00,-7.07%,15.8,16.22,16.4,905,209,4.33,41.32%,44.91%,-0.261296,2026-09-28
TMUS,166.45,2026-10-16,18,Put,150.00,-9.88%,0.3,0.35,0.4,691,160,4.32,32.81%,32.03%,-0.065699,2026-09-28
ORCL,132.6,2028-12-15,809,Put,60.00,-54.75%,5.5,5.9,5.9,2426,561,4.32,51.72%,57.80%,-0.075488,2026-09-28
UBER,68.16,2026-10-02,4,Call,68.00,+0.23%,1.15,1.12,1.21,1490,346,4.31,36.97%,38.10%,0.535684,2026-09-28
BAC,55.47,2026-10-30,32,Call,56.00,-0.96%,1.4,1.67,1.77,632,147,4.3,29.03%,27.41%,0.475857,2026-09-28
MSFT,509.22,2026-09-30,2,Call,525.00,-3.10%,0.58,0.65,0.65,3702,863,4.29,29.74%,32.51%,0.105809,2026-09-28
AMZN,246.15,2026-09-30,2,Put,255.00,+3.60%,8.45,8.39,9.65,1951,456,4.28,34.17%,34.18%,-0.917718,2026-09-28
NOW,131.45,2026-10-02,4,Call,135.00,-2.70%,1.81,1.9,1.89,2157,505,4.27,55.31%,59.46%,0.348203,2026-09-28
MDB,334.68,2026-10-02,4,Put,330.00,-1.40%,9.35,10.14,10.45,506,119,4.25,62.35%,87.60%,-0.419445,2026-09-28
CRWD,259.25,2026-10-02,4,Put,252.50,-2.60%,3.75,3.85,3.9,1204,283,4.25,55.75%,62.72%,-0.329863,2026-09-28
INTC,116.03,2026-09-30,2,Call,127.00,-9.45%,0.16,0.16,0.17,7449,1760,4.23,67.65%,76.71%,0.059478,2026-09-28
ORCL,132.6,2026-10-16,18,Call,134.00,-1.06%,5.2,5.25,5.3,554,131,4.23,51.72%,49.63%,0.48787,2026-09-28
SNDK,1712.89,2026-10-02,4,Call,"1,750.00",-2.17%,39.7,39.95,40.2,2013,477,4.22,70.62%,77.87%,0.4141,2026-09-28
NVDA,228.86,2026-10-09,11,Put,212.50,-7.15%,0.81,0.82,0.84,8646,2050,4.22,34.72%,36.74%,-0.113203,2026-09-28
META,715.62,2026-10-09,11,Call,750.00,-4.80%,8.15,8.36,8.55,10357,2462,4.21,41.32%,41.43%,0.273717,2026-09-28
ARM,283.33,2026-10-02,4,Call,282.50,+0.29%,9.8,10.05,10.1,558,133,4.2,73.24%,80.17%,0.532678,2026-09-28
CVX,206.37,2026-11-20,53,Call,220.00,-6.60%,3.7,3.85,4,13024,3104,4.2,28.14%,27.94%,0.293389,2026-09-28
CDE,17.87,2026-10-23,25,Put,16.50,-7.67%,0.4,0.45,0.45,708,169,4.19,60.75%,54.20%,-0.258519,2026-09-28
LFCR,6.52,2027-03-19,172,Call,5.00,+23.31%,1.55,1.7,1.7,973,233,4.18,46.42%,20.96%,0.979996,2026-09-28
GOOGL,342.75,2026-09-30,2,Put,337.50,-1.53%,1.38,1.41,1.45,3305,791,4.18,33.53%,34.23%,-0.26471,2026-09-28
AMZN,246.15,2026-09-30,2,Put,245.00,-0.47%,1.6,1.6,1.7,6231,1489,4.18,34.17%,30.29%,-0.409809,2026-09-28
NFLX,69.23,2027-06-17,262,Call,40.00,+42.22%,30.35,31.15,32.05,555,133,4.17,37.09%,48.49%,0.946961,2026-09-28
AMD,607.87,2026-10-02,4,Call,602.50,+0.88%,16.85,17.02,17.3,630,151,4.17,54.43%,55.74%,0.574784,2026-09-28
PLTR,187.48,2026-10-09,11,Put,185.00,-1.32%,4.7,4.85,4.85,1759,422,4.17,53.10%,46.69%,-0.414233,2026-09-28
NVDA,228.86,2026-10-02,4,Put,237.50,+3.78%,8.4,9.1,9.35,640,154,4.16,34.72%,26.95%,-0.905443,2026-09-28
BA,184.39,2026-10-02,4,Put,187.50,+1.69%,4.5,4.7,4.9,2202,529,4.16,35.17%,37.06%,-0.659944,2026-09-28
BILI,15.14,2027-12-17,445,Put,15.00,-0.92%,2.81,3.13,3.1,3251,783,4.15,46.81%,52.02%,-0.360657,2026-09-28
NFLX,69.23,2026-10-02,4,Call,71.00,-2.56%,0.36,0.37,0.37,11895,2871,4.14,37.09%,34.30%,0.250376,2026-09-28
BABA,108.76,2027-06-17,262,Call,190.00,-74.70%,1.93,2.2,2.45,1306,316,4.13,39.43%,47.74%,0.118705,2026-09-28
MU,1053.98,2026-10-02,4,Put,"1,040.00",-1.33%,34,34.22,34.45,1906,462,4.13,61.23%,93.85%,-0.425195,2026-09-28
CRWD,259.25,2026-10-09,11,Call,290.00,-11.86%,1.7,1.9,1.88,774,188,4.12,55.75%,57.06%,0.142247,2026-09-28
PSKY,10.28,2026-10-02,4,Call,10.50,-2.14%,0.15,0.19,0.2,7388,1797,4.11,56.68%,62.26%,0.386188,2026-09-28
AMD,607.87,2026-09-30,2,Put,567.50,-6.64%,0.6,0.72,0.67,576,140,4.11,54.43%,59.14%,-0.05523,2026-09-28
NVDA,228.86,2026-10-02,4,Call,212.50,+7.15%,15.95,17.18,17.05,3014,733,4.11,34.72%,34.81%,0.980436,2026-09-28
TSLA,357.45,2026-10-02,4,Call,352.50,+1.38%,9.55,9.7,9.75,681,166,4.1,42.15%,45.87%,0.626782,2026-09-28
MSFT,509.22,2026-09-30,2,Call,512.50,-0.64%,3.15,3.15,3.35,3112,760,4.09,29.74%,30.98%,0.39705,2026-09-28
F,12.38,2026-10-02,4,Call,12.00,+3.07%,0.4,0.44,0.47,557,137,4.07,36.64%,36.90%,0.7951,2026-09-28
ONON,30,2026-11-20,53,Put,30.00,0.00%,1.91,2.13,2.24,5109,1259,4.06,47.53%,47.29%,-0.454734,2026-09-28
META,715.62,2026-10-02,4,Call,742.50,-3.76%,4.85,5.15,5.15,583,144,4.05,41.32%,47.98%,0.241558,2026-09-28
MDB,334.68,2026-10-16,18,Put,300.00,-10.36%,4.6,5.5,5.85,782,193,4.05,62.35%,62.29%,-0.191503,2026-09-28
META,715.62,2026-10-02,4,Put,722.50,+0.96%,17.1,17.4,17.6,989,244,4.05,41.32%,45.90%,-0.567068,2026-09-28
ACHR,5.2,2027-04-16,200,Call,7.00,-34.62%,0.63,0.66,0.74,1396,345,4.05,67.92%,77.38%,0.4241,2026-09-28
CIFR,16.74,2026-10-02,4,Call,17.00,-1.55%,0.6,0.63,0.65,3604,890,4.05,96.80%,105.76%,0.468111,2026-09-28
MSFT,509.22,2026-10-02,4,Call,515.00,-1.14%,4.1,4.15,4.3,9071,2244,4.04,29.74%,31.00%,0.374101,2026-09-28
LUNR,15.2,2027-03-19,172,Call,22.00,-44.74%,2,2.25,2.27,774,192,4.03,87.25%,94.76%,0.415714,2026-09-28
MU,1053.98,2026-10-02,4,Put,"1,035.00",-1.80%,31.25,31.81,32.45,1095,272,4.03,61.23%,93.60%,-0.405913,2026-09-28
CVS,87.85,2026-10-02,4,Call,89.00,-1.31%,0.75,0.85,1.07,1951,487,4.01,35.51%,38.13%,0.380662,2026-09-28
NBIS,231.88,2026-10-02,4,Call,222.50,+4.05%,13.7,13.85,14,520,130,4,83.13%,87.15%,0.692509,2026-09-28
KMX,56.55,2026-10-16,18,Put,50.00,-11.58%,0.65,1.25,1.25,2084,521,4,62.06%,68.95%,-0.186268,2026-09-28
AMD,607.87,2026-10-05,7,Put,610.00,+0.35%,15.95,18.28,17.45,515,129,3.99,54.43%,47.05%,-0.504873,2026-09-28
LEVI,19.81,2027-04-16,200,Put,17.00,-14.18%,0.95,1.05,1.25,590,148,3.99,47.60%,42.31%,-0.250693,2026-09-28
ASST,29,2026-10-02,4,Put,27.50,-5.17%,0.27,0.4,0.44,2289,573,3.99,81.40%,78.00%,-0.243239,2026-09-28
BE,262.87,2026-10-02,4,Put,237.50,-9.65%,1.3,1.41,1.43,789,198,3.98,79.99%,84.47%,-0.115757,2026-09-28
NVDA,228.86,2026-10-05,7,Put,225.00,-1.69%,2.11,2.18,2.2,2068,519,3.98,34.72%,30.52%,-0.331034,2026-09-28
MSTR,157.14,2026-10-02,4,Put,157.50,+0.23%,4.95,5,5.2,5245,1318,3.98,67.92%,74.97%,-0.494245,2026-09-28
HOOD,116.46,2026-10-09,11,Call,126.00,-8.19%,1.92,1.96,1.99,814,205,3.97,62.97%,64.44%,0.261888,2026-09-28
EBAY,107.32,2026-11-20,53,Call,120.00,-11.82%,1.83,2.15,2.51,1084,273,3.97,36.46%,37.99%,0.25081,2026-09-28
BP,44.43,2026-10-02,4,Put,43.00,-3.22%,0.14,0.18,0.22,665,168,3.96,35.38%,36.33%,-0.190032,2026-09-28
SKHY,181.92,2027-06-17,262,Call,375.00,-106.13%,7.75,8.14,8.65,521,132,3.95,58.73%,68.39%,0.182385,2026-09-28
TSM,452.88,2026-10-02,4,Put,422.50,-6.71%,0.1,0.3,0.56,757,192,3.94,34.97%,39.24%,-0.042823,2026-09-28
B,41.09,2026-10-02,4,Call,43.00,-4.65%,0.15,0.17,0.19,1945,494,3.94,42.83%,44.27%,0.170464,2026-09-28
MSFT,509.22,2026-10-02,4,Put,507.50,-0.34%,5.25,5.45,5.55,1988,506,3.93,29.74%,29.65%,-0.446785,2026-09-28
MTN,138.09,2026-10-16,18,Put,125.00,-9.48%,1.95,2.05,2.25,2398,610,3.93,47.39%,57.33%,-0.200708,2026-09-28
SNDK,1712.89,2026-10-02,4,Put,"1,680.00",-1.92%,38.5,39.15,39.8,913,233,3.92,70.62%,76.65%,-0.387331,2026-09-28
MSFT,509.22,2026-09-30,2,Put,510.00,+0.15%,4.7,4.7,4.95,2481,633,3.92,29.74%,29.68%,-0.520893,2026-09-28
CRWD,259.25,2026-10-02,4,Call,260.00,-0.29%,6.3,6.5,6.6,4187,1069,3.92,55.75%,62.42%,0.497996,2026-09-28
APP,308.24,2026-10-09,11,Put,305.00,-1.05%,9.9,10.21,10.9,536,137,3.91,65.63%,57.01%,-0.434112,2026-09-28
INTC,116.03,2026-10-16,18,Call,128.00,-10.32%,2.69,2.75,2.9,630,161,3.91,67.65%,66.74%,0.281949,2026-09-28
DOCN,136.29,2026-10-02,4,Call,157.50,-15.56%,0.25,0.55,0.75,653,167,3.91,86.95%,96.04%,0.083139,2026-09-28
GEO,30.22,2026-10-16,18,Put,30.00,-0.73%,1.1,1.25,1.5,1008,258,3.91,57.14%,53.01%,-0.450449,2026-09-28
CMG,31.85,2026-10-16,18,Call,32.00,-0.47%,0.94,1.2,1.34,984,252,3.9,43.82%,41.91%,0.506646,2026-09-28
CDE,17.87,2026-10-02,4,Call,20.50,-14.72%,0,0.1,0.05,774,199,3.89,60.75%,75.19%,0.044545,2026-09-28
CIFR,16.74,2026-10-02,4,Call,17.50,-4.54%,0.42,0.47,0.47,3348,860,3.89,96.80%,106.81%,0.367893,2026-09-28
DIS,105.59,2026-10-02,4,Put,101.00,-4.35%,0.07,0.15,0.23,567,146,3.88,28.58%,32.13%,-0.089854,2026-09-28
MU,1053.98,2026-10-02,4,Put,"1,065.00",+1.05%,46.6,48.02,48.3,689,178,3.87,61.23%,94.81%,-0.520669,2026-09-28
AAPL,338.4,2026-09-30,2,Put,330.00,-2.48%,0.3,0.33,0.33,5806,1502,3.87,24.12%,26.74%,-0.098746,2026-09-28
AMD,607.87,2026-10-02,4,Call,620.00,-2.00%,9.05,9.19,9.3,4131,1072,3.85,54.43%,55.93%,0.381712,2026-09-28
TXN,278.31,2026-10-16,18,Call,470.00,-68.88%,0,1.36,2.13,666,173,3.85,42.93%,123.45%,0.038252,2026-09-28
DAL,84.03,2027-06-17,262,Put,60.00,-28.60%,1.79,2.32,2.46,1350,352,3.84,46.15%,42.72%,-0.120569,2026-09-28
AVGO,349.57,2026-09-30,2,Put,350.00,+0.12%,3.8,4,4.5,1573,410,3.84,36.15%,38.33%,-0.509663,2026-09-28
MDB,334.68,2027-01-15,109,Call,490.00,-46.41%,11.4,12,12.6,1656,431,3.84,62.35%,67.03%,0.205095,2026-09-28
MSFT,509.22,2026-10-02,4,Put,505.00,-0.83%,4.25,4.4,4.7,3327,866,3.84,29.74%,30.36%,-0.387027,2026-09-28
MU,1053.98,2026-10-02,4,Put,"1,045.00",-0.85%,35.85,36.58,37.65,1123,294,3.82,61.23%,94.21%,-0.444484,2026-09-28
SKHY,181.92,2026-10-02,4,Call,187.50,-3.07%,2.68,2.7,2.74,1530,401,3.82,58.73%,64.66%,0.342234,2026-09-28
FSLY,24.92,2027-01-15,109,Call,30.00,-20.39%,3.3,3.5,3.6,6138,1606,3.82,99.38%,93.49%,0.466823,2026-09-28
BILL,41.6,2027-01-15,109,Call,50.00,-20.19%,1.85,2.71,3.1,1501,394,3.81,63.25%,55.95%,0.341685,2026-09-28
AAOI,96.82,2026-10-02,4,Put,89.00,-8.08%,0.85,0.94,1.05,521,137,3.8,92.51%,92.65%,-0.178554,2026-09-28
AVGO,349.57,2026-10-09,11,Put,320.00,-8.46%,0.78,0.79,0.97,2692,711,3.79,36.15%,37.78%,-0.08167,2026-09-28
PLTR,187.48,2026-10-02,4,Call,187.50,-0.01%,3.9,3.94,4,4853,1280,3.79,53.10%,50.08%,0.512888,2026-09-28
WHR,31.4,2026-11-20,53,Put,25.00,-20.38%,0.6,0.65,0.8,15402,4060,3.79,64.61%,64.58%,-0.154079,2026-09-28
BAC,55.47,2026-10-02,4,Call,55.00,+0.85%,0.91,0.97,0.97,1138,301,3.78,29.03%,29.20%,0.617567,2026-09-28
INTC,116.03,2026-09-30,2,Put,112.00,-3.47%,0.9,0.92,0.94,2031,538,3.78,67.65%,72.07%,-0.244298,2026-09-28
SPOT,497.51,2026-10-30,32,Call,555.00,-11.56%,11.2,11.9,13.55,1045,278,3.76,44.85%,53.24%,0.276679,2026-09-28
INTC,116.03,2026-09-30,2,Put,118.00,+1.70%,3.4,3.47,3.6,2152,572,3.76,67.65%,69.46%,-0.617537,2026-09-28
AMZN,246.15,2026-09-30,2,Put,237.50,-3.51%,0.18,0.18,0.2,2546,677,3.76,34.17%,33.24%,-0.070191,2026-09-28
TSLA,357.45,2026-10-05,7,Put,365.00,+2.11%,11.25,11.91,12.5,517,138,3.75,42.15%,38.43%,-0.639558,2026-09-28
HUBS,202.84,2026-12-18,81,Put,150.00,-26.05%,4.2,5.65,5.7,623,166,3.75,70.13%,68.28%,-0.130607,2026-09-28
NVO,38.71,2027-09-17,354,Put,37.50,-3.13%,4.65,4.76,4.95,1740,464,3.75,35.69%,37.41%,-0.381773,2026-09-28
ORCL,132.6,2026-10-02,4,Call,138.00,-4.07%,1.37,1.44,1.43,4386,1171,3.75,51.72%,60.85%,0.277289,2026-09-28
AMC,3.29,2026-10-09,11,Call,3.50,-6.38%,0.15,0.16,0.16,9509,2539,3.75,94.93%,104.77%,0.401372,2026-09-28
RBLX,41.86,2026-10-02,4,Call,47.50,-13.47%,0.03,0.16,0.2,996,266,3.74,70.72%,81.09%,0.074713,2026-09-28
CIFR,16.74,2026-10-09,11,Put,15.00,-10.39%,0.31,0.37,0.39,1005,269,3.74,96.80%,90.30%,-0.216176,2026-09-28
SKHY,181.92,2026-10-02,4,Call,180.00,+1.06%,5.8,5.9,5.95,1187,317,3.74,58.73%,63.69%,0.578783,2026-09-28
KNX,63.55,2026-12-18,81,Put,52.50,-17.39%,0.8,0.95,1.45,500,134,3.73,39.92%,44.50%,-0.148414,2026-09-28
RBLX,41.86,2026-10-02,4,Put,42.00,+0.33%,1.2,1.16,1.44,549,147,3.73,70.72%,71.81%,-0.500921,2026-09-28
HL,17.01,2026-10-02,4,Call,18.00,-5.82%,0.11,0.15,0.17,1283,344,3.73,59.42%,65.62%,0.216736,2026-09-28
FIG,20.25,2026-10-02,4,Put,19.50,-3.70%,0.28,0.35,0.35,1704,457,3.73,74.11%,74.95%,-0.299772,2026-09-28
VFC,14.42,2026-10-16,18,Call,15.00,-4.02%,0.27,0.39,0.49,2068,556,3.72,49.74%,47.95%,0.37762,2026-09-28
APLD,24.53,2026-10-09,11,Put,25.00,+1.92%,1.77,1.83,1.97,3714,999,3.72,90.47%,95.68%,-0.510295,2026-09-28
TSLA,357.45,2026-10-02,4,Put,357.50,+0.01%,6.65,6.8,6.8,4159,1119,3.72,42.15%,45.34%,-0.48884,2026-09-28
SOFI,15.93,2026-10-02,4,Call,16.50,-3.58%,0.13,0.14,0.14,19343,5199,3.72,49.78%,51.13%,0.266891,2026-09-28
MSFT,509.22,2026-09-30,2,Call,527.50,-3.59%,0.4,0.43,0.45,2516,678,3.71,29.74%,32.94%,0.076789,2026-09-28
WMB,68.98,2026-10-02,4,Put,69.00,+0.03%,0.75,0.85,1,537,145,3.7,29.12%,30.14%,-0.496237,2026-09-28
META,715.62,2026-10-02,4,Put,717.50,+0.26%,14.3,14.7,14.95,589,159,3.7,41.32%,46.11%,-0.509467,2026-09-28
FIG,20.25,2026-10-02,4,Put,21.00,+3.70%,0.86,1,1.19,2232,604,3.7,74.11%,67.34%,-0.683294,2026-09-28
MSFT,509.22,2026-09-30,2,Call,517.50,-1.63%,1.68,1.68,1.76,2654,719,3.69,29.74%,31.20%,0.248434,2026-09-28
NVDA,228.86,2026-10-07,9,Call,240.00,-4.87%,0.87,0.93,0.99,673,183,3.68,34.72%,29.94%,0.166149,2026-09-28
INTC,116.03,2026-10-09,11,Call,124.00,-6.87%,2.5,2.51,2.6,692,188,3.68,67.65%,67.74%,0.309448,2026-09-28
ARM,283.33,2026-10-02,4,Put,250.00,-11.76%,0.65,0.62,0.67,1041,284,3.67,73.24%,80.16%,-0.062011,2026-09-28
CRM,227.27,2026-10-30,32,Put,210.00,-7.60%,3.45,3.75,4,669,183,3.66,40.17%,39.85%,-0.226575,2026-09-28
UPST,23.03,2026-10-02,4,Call,24.50,-6.38%,0.14,0.15,0.17,1194,326,3.66,67.84%,64.03%,0.188543,2026-09-28
RGTI,15.95,2026-10-02,4,Call,17.00,-6.58%,0.19,0.19,0.21,9480,2587,3.66,73.19%,84.05%,0.249558,2026-09-28
NVDA,228.86,2026-09-30,2,Put,220.00,-3.87%,0.28,0.29,0.29,11069,3031,3.65,34.72%,40.26%,-0.089187,2026-09-28
BTDR,11.03,2026-11-20,53,Put,8.00,-27.47%,0.3,0.35,0.4,1036,284,3.65,94.64%,96.48%,-0.141987,2026-09-28
AVGO,349.57,2026-10-02,4,Put,347.50,-0.59%,4.2,4.34,4.5,2709,742,3.65,36.15%,36.89%,-0.428337,2026-09-28
QS,4.56,2026-10-16,18,Put,4.50,-1.32%,0.12,0.21,0.39,546,150,3.64,69.06%,71.79%,-0.431556,2026-09-28
NVDA,228.86,2026-10-07,9,Call,230.00,-0.50%,3.85,4.05,4.15,805,221,3.64,34.72%,31.03%,0.475961,2026-09-28
RUN,7.67,2026-11-06,39,Put,11.00,+43.42%,3.3,3.4,3.5,696,192,3.63,77.55%,81.22%,-0.894685,2026-09-28
AEO,17.31,2026-10-02,4,Call,18.00,-3.99%,0.01,0.14,0.19,817,225,3.63,45.78%,45.91%,0.215601,2026-09-28
INTC,116.03,2026-10-16,18,Call,124.00,-6.87%,3.7,3.84,3.85,1090,300,3.63,67.65%,65.79%,0.35559,2026-09-28
MU,1053.98,2026-10-02,4,Put,970.00,-7.97%,10.25,10.17,10.4,2030,560,3.63,61.23%,91.77%,-0.179729,2026-09-28
TSLA,357.45,2026-10-30,32,Put,340.00,-4.88%,10.55,10.63,10.75,1724,476,3.62,42.15%,44.89%,-0.320972,2026-09-28
TSLA,357.45,2026-10-02,4,Call,372.50,-4.21%,2,2.03,2.05,5091,1405,3.62,42.15%,46.79%,0.209312,2026-09-28
XOM,162.52,2026-11-20,53,Call,170.00,-4.60%,4.35,4.5,4.5,16547,4580,3.61,30.16%,29.59%,0.371752,2026-09-28
AMD,607.87,2026-09-30,2,Put,585.00,-3.76%,2.2,2.23,2.32,1424,395,3.61,54.43%,55.21%,-0.167641,2026-09-28
NVDA,228.86,2026-11-06,39,Put,220.00,-3.87%,5.35,5.7,5.7,543,151,3.6,34.72%,32.78%,-0.325741,2026-09-28
BBAI,2.66,2026-10-30,32,Call,0.50,+81.20%,1.93,2.2,2.28,637,177,3.6,71.01%,388.87%,0.978848,2026-09-28
OKLO,37.11,2026-10-09,11,Put,37.00,-0.30%,1.68,1.67,1.83,888,247,3.6,73.44%,71.32%,-0.462773,2026-09-28
NVDA,228.86,2026-11-06,39,Put,215.00,-6.06%,3.9,4.13,4.2,542,151,3.59,34.72%,33.40%,-0.255616,2026-09-28
HOOD,116.46,2026-10-02,4,Put,107.00,-8.12%,0.55,0.56,0.6,1711,479,3.57,62.97%,73.23%,-0.125351,2026-09-28
AUR,5.29,2026-10-16,18,Call,6.00,-13.42%,0.15,0.2,0.2,2154,604,3.57,73.31%,88.04%,0.295746,2026-09-28
WULF,15.12,2026-10-02,4,Put,14.50,-4.10%,0.26,0.26,0.28,2929,821,3.57,82.43%,82.76%,-0.307078,2026-09-28
MU,1053.98,2026-10-02,4,Call,"1,040.00",+1.33%,48.2,49.2,49.5,3056,857,3.57,61.23%,94.38%,0.574879,2026-09-28
RDDT,143.08,2026-10-02,4,Put,138.00,-3.55%,1.52,1.55,1.75,819,231,3.55,63.49%,62.05%,-0.275992,2026-09-28
ORCL,132.6,2026-10-02,4,Put,125.00,-5.73%,0.54,0.56,0.57,5883,1656,3.55,51.72%,54.09%,-0.141163,2026-09-28
COST,922.92,2026-10-16,18,Put,700.00,-24.15%,0,0.23,2.1,665,188,3.54,19.71%,63.62%,-0.020778,2026-09-28
UPS,94.25,2029-01-19,844,Put,80.00,-15.12%,9.75,9.7,10.05,621,176,3.53,31.55%,30.43%,-0.271359,2026-09-28
BA,184.39,2027-06-17,262,Put,185.00,+0.33%,18.4,18.7,19.35,1669,473,3.53,35.17%,30.53%,-0.444513,2026-09-28
META,715.62,2026-09-30,2,Put,670.00,-6.37%,0.37,0.36,0.51,2118,600,3.53,41.32%,51.37%,-0.039547,2026-09-28
TSLA,357.45,2026-10-02,4,Call,367.50,-2.81%,3.1,3.15,3.2,3138,889,3.53,42.15%,46.36%,0.295147,2026-09-28
MP,46.45,2026-10-02,4,Put,45.00,-3.12%,0.46,0.52,0.59,1244,354,3.51,56.56%,58.02%,-0.288183,2026-09-28
NVDA,228.86,2026-10-09,11,Put,227.50,-0.59%,4.15,4.2,4.25,1894,541,3.5,34.72%,31.31%,-0.439475,2026-09-28
TSLA,357.45,2026-10-09,11,Call,360.00,-0.71%,9.05,9.15,9.2,3415,977,3.5,42.15%,40.90%,0.480815,2026-09-28
AMD,607.87,2026-09-30,2,Call,622.50,-2.41%,4.3,4.5,4.4,663,190,3.49,54.43%,54.87%,0.287721,2026-09-28
NBIS,231.88,2026-10-02,4,Call,252.50,-8.89%,2.25,2.26,2.29,1057,303,3.49,83.13%,89.72%,0.196096,2026-09-28
VZ,46.68,2026-10-02,4,Call,47.50,-1.76%,0.16,0.2,0.21,3876,1112,3.49,25.45%,25.05%,0.255027,2026-09-28
INTC,116.03,2026-10-05,7,Call,120.00,-3.42%,2.39,2.49,2.49,944,271,3.48,67.65%,62.85%,0.368615,2026-09-28
MCD,233.6,2026-10-02,4,Call,235.00,-0.60%,1.61,1.68,1.79,955,275,3.47,22.48%,23.77%,0.411093,2026-09-28
META,715.62,2026-09-30,2,Put,677.50,-5.33%,0.83,0.85,0.89,1079,311,3.47,41.32%,51.09%,-0.070631,2026-09-28
META,715.62,2026-09-30,2,Call,775.00,-8.30%,0.34,0.42,0.39,1520,439,3.46,41.32%,57.09%,0.031407,2026-09-28
AMD,607.87,2026-10-02,4,Put,580.00,-4.58%,3.95,4.07,4.2,4963,1433,3.46,54.43%,55.70%,-0.200248,2026-09-28
TSLA,357.45,2026-09-30,2,Put,365.00,+2.11%,9.15,9.25,9.4,5424,1572,3.45,42.15%,43.08%,-0.737536,2026-09-28
TSLA,357.45,2026-09-30,2,Call,380.00,-6.31%,0.25,0.25,0.26,11548,3345,3.45,42.15%,48.95%,0.048028,2026-09-28
ABT,100.98,2026-10-16,18,Call,102.00,-1.01%,1.9,2.1,2.2,853,247,3.45,29.68%,27.80%,0.451463,2026-09-28
V,367.74,2026-10-02,4,Put,355.00,-3.46%,0.39,0.45,0.5,705,205,3.44,22.72%,26.06%,-0.093818,2026-09-28
MRVL,251.9,2026-10-09,11,Put,190.00,-24.57%,0.24,0.35,0.39,1064,309,3.44,65.85%,83.95%,-0.021947,2026-09-28
NVDA,228.86,2026-09-30,2,Call,220.00,+3.87%,8.8,9.17,9.4,6930,2014,3.44,34.72%,36.84%,0.929013,2026-09-28
TSLA,357.45,2026-10-05,7,Put,362.50,+1.41%,10.35,10.4,10.95,724,211,3.43,42.15%,40.30%,-0.584671,2026-09-28
AVGO,349.57,2026-09-30,2,Call,355.00,-1.55%,1.77,1.83,1.92,1916,559,3.43,36.15%,38.12%,0.299369,2026-09-28
CRWD,259.25,2026-10-02,4,Put,237.50,-8.39%,0.69,0.74,0.81,725,212,3.42,55.75%,64.35%,-0.090064,2026-09-28
IONQ,44.58,2026-10-02,4,Put,46.00,+3.19%,2.32,2.4,2.45,987,289,3.42,76.36%,83.88%,-0.621618,2026-09-28
PANW,392.09,2026-10-02,4,Call,405.00,-3.29%,4.85,5,5.65,1045,306,3.42,55.50%,62.52%,0.324275,2026-09-28
PG,149.03,2026-10-02,4,Put,145.00,-2.70%,0.13,0.17,0.2,1340,392,3.42,21.23%,21.08%,-0.104124,2026-09-28
AMD,607.87,2026-10-02,4,Call,610.00,-0.35%,13.05,13.25,13.4,1859,544,3.42,54.43%,55.63%,0.490568,2026-09-28
TSLA,357.45,2026-10-05,7,Put,350.00,-2.08%,4.4,4.47,4.5,2002,587,3.41,42.15%,39.37%,-0.335298,2026-09-28
MRVL,251.9,2026-10-02,4,Call,252.50,-0.24%,7.05,7.2,7.4,558,164,3.4,65.85%,70.96%,0.504265,2026-09-28
TSLA,357.45,2026-10-16,18,Call,357.50,-0.01%,13.05,13.1,13.2,854,251,3.4,42.15%,40.49%,0.525808,2026-09-28
USAR,14.41,2026-10-02,4,Put,14.00,-2.85%,0.21,0.23,0.26,925,272,3.4,71.99%,69.38%,-0.328661,2026-09-28
MSFT,509.22,2026-09-30,2,Call,505.00,+0.83%,7,7.25,7.4,2737,805,3.4,29.74%,31.64%,0.64595,2026-09-28
MSTR,157.14,2026-10-02,4,Call,160.00,-1.82%,3.7,3.73,3.85,10952,3221,3.4,67.92%,76.28%,0.428318,2026-09-28
AKAM,108.99,2026-10-02,4,Call,115.00,-5.51%,1.05,1.24,1.4,899,265,3.39,62.74%,72.91%,0.254761,2026-09-28
CMG,31.85,2026-10-02,4,Call,33.50,-5.18%,0.15,0.21,0.31,1536,453,3.39,43.82%,58.20%,0.214294,2026-09-28
UBS,48.62,2026-10-16,18,Put,50.00,+2.84%,2,2.1,2.2,2291,676,3.39,31.01%,30.05%,-0.647852,2026-09-28
META,715.62,2026-09-30,2,Put,710.00,-0.79%,7.25,7.48,7.7,2714,801,3.39,41.32%,47.94%,-0.403348,2026-09-28
SMR,7.91,2026-10-16,18,Put,7.50,-5.18%,0.29,0.3,0.31,605,179,3.38,78.50%,70.80%,-0.334515,2026-09-28
MSFT,509.22,2027-04-16,200,Call,580.00,-13.90%,24.2,24.95,25.05,632,187,3.38,29.74%,30.76%,0.353826,2026-09-28
SNOW,328.12,2026-10-02,4,Put,300.00,-8.57%,0.52,0.59,0.66,980,290,3.38,48.77%,58.20%,-0.065834,2026-09-28
MDB,334.68,2026-10-16,18,Put,280.00,-16.34%,1.89,2.19,2.2,613,182,3.37,62.35%,63.41%,-0.088548,2026-09-28
WFC,80.81,2026-10-02,4,Call,81.00,-0.24%,0.91,0.92,1.16,788,234,3.37,31.95%,33.20%,0.481668,2026-09-28
BA,184.39,2026-10-09,11,Call,197.50,-7.11%,0.73,0.8,0.93,1156,343,3.37,35.17%,36.20%,0.143579,2026-09-28
MU,1053.98,2026-10-02,4,Call,"1,070.00",-1.52%,34.6,35.1,35.4,1960,581,3.37,61.23%,95.51%,0.461474,2026-09-28
ARM,283.33,2026-10-02,4,Put,270.00,-4.70%,3.85,3.85,4,1116,332,3.36,73.24%,78.90%,-0.264545,2026-09-28
UNH,377.83,2026-10-02,4,Call,400.00,-5.87%,0.61,0.65,0.67,3234,963,3.36,41.11%,39.78%,0.089328,2026-09-28
HD,289.89,2026-10-09,11,Call,300.00,-3.49%,1.8,2.24,2.43,506,151,3.35,29.93%,28.45%,0.252762,2026-09-28
B,41.09,2026-12-18,81,Call,44.00,-7.08%,2.03,2.23,2.45,773,231,3.35,42.83%,43.04%,0.414895,2026-09-28
AMD,607.87,2026-09-30,2,Put,582.50,-4.17%,1.82,1.83,1.91,937,280,3.35,54.43%,55.38%,-0.143391,2026-09-28
NVDA,228.86,2026-09-30,2,Put,217.50,-4.96%,0.16,0.17,0.17,6734,2010,3.35,34.72%,43.10%,-0.052918,2026-09-28
HOOD,116.46,2026-10-16,18,Put,117.00,+0.46%,6.3,6.46,6.5,565,169,3.34,62.97%,60.30%,-0.482699,2026-09-28
SKHY,181.92,2027-06-17,262,Call,345.00,-89.64%,9.75,10.05,10.65,631,189,3.34,58.73%,67.76%,0.219159,2026-09-28
WHR,31.4,2026-11-20,53,Call,35.00,-11.46%,1.85,1.93,2.05,1333,399,3.34,64.61%,71.27%,0.379483,2026-09-28
NEXT,6.56,2026-11-20,53,Call,7.00,-6.71%,0.3,0.44,0.55,2027,607,3.34,55.71%,58.91%,0.439901,2026-09-28
USAR,14.41,2026-10-09,11,Put,16.50,+14.50%,2.15,2.2,2.25,746,224,3.33,71.99%,70.36%,-0.852255,2026-09-28
AAPL,338.4,2026-10-09,11,Put,350.00,+3.43%,11.9,12.36,13.35,1437,431,3.33,24.12%,21.31%,-0.813685,2026-09-28
AMD,607.87,2026-10-02,4,Put,530.00,-12.81%,0.38,0.45,0.47,2780,835,3.33,54.43%,68.36%,-0.025181,2026-09-28
APP,308.24,2026-10-02,4,Put,275.00,-10.78%,0.3,0.4,0.4,611,184,3.32,65.63%,64.04%,-0.040795,2026-09-28
NBIS,231.88,2026-10-02,4,Call,247.50,-6.74%,3.15,3.22,3.25,840,253,3.32,83.13%,88.84%,0.257849,2026-09-28
GOOGL,342.75,2026-09-30,2,Put,330.00,-3.72%,0.25,0.35,0.35,2391,720,3.32,33.53%,35.78%,-0.073304,2026-09-28
INTC,116.03,2026-10-02,4,Call,111.00,+4.34%,6.55,6.53,6.75,1311,396,3.31,67.65%,75.00%,0.72859,2026-09-28
MRNA,197.28,2026-10-02,4,Call,240.00,-21.65%,0.11,0.47,0.47,570,173,3.29,88.83%,101.04%,0.036238,2026-09-28
TLRY,4.02,2026-10-09,11,Call,4.00,+0.50%,0.26,0.26,0.28,731,222,3.29,68.72%,92.87%,0.547291,2026-09-28
BABA,108.76,2027-09-17,354,Put,85.00,-21.85%,4.75,5.55,5.9,701,214,3.28,39.43%,38.57%,-0.191629,2026-09-28
HOOD,116.46,2026-10-02,4,Call,117.00,-0.46%,3.3,3.35,3.45,1558,477,3.27,62.97%,74.19%,0.493914,2026-09-28
NVDA,228.86,2026-09-30,2,Call,215.00,+6.06%,13.55,13.8,15.1,1784,546,3.27,34.72%,62.84%,0.914701,2026-09-28
NVDA,228.86,2026-10-05,7,Call,245.00,-7.05%,0.2,0.21,0.23,2259,691,3.27,34.72%,29.98%,0.054253,2026-09-28
CRWD,259.25,2027-01-15,109,Call,370.00,-42.72%,6.9,7.69,9.45,1111,341,3.26,55.75%,61.43%,0.19639,2026-09-28
NXE,8.99,2026-12-18,81,Put,8.00,-11.01%,0.4,0.48,0.5,1250,383,3.26,54.39%,55.41%,-0.272386,2026-09-28
SPCX,145.47,2026-10-09,11,Call,175.00,-20.30%,0.15,0.16,0.17,4979,1536,3.24,48.76%,55.09%,0.030589,2026-09-28
CORZ,16.52,2026-10-02,4,Put,15.50,-6.17%,0.14,0.17,0.2,616,190,3.24,78.38%,79.81%,-0.209189,2026-09-28
TSLA,357.45,2026-10-09,11,Call,362.50,-1.41%,8,8.15,8.1,1143,353,3.24,42.15%,40.93%,0.442186,2026-09-28
BA,184.39,2026-12-18,81,Call,205.00,-11.18%,5.3,5.6,5.85,1938,599,3.24,35.17%,37.09%,0.298014,2026-09-28
TSLA,357.45,2026-10-16,18,Call,485.00,-35.68%,0.21,0.26,0.24,2045,631,3.24,42.15%,60.26%,0.013943,2026-09-28
QCOM,187.48,2026-10-02,4,Call,195.00,-4.01%,1.87,1.9,1.95,3636,1122,3.24,51.93%,59.38%,0.274783,2026-09-28
F,12.38,2029-01-19,844,Call,12.00,+3.07%,2.59,2.82,2.92,721,223,3.23,36.64%,38.08%,0.595075,2026-09-28
PANW,392.09,2026-10-02,4,Call,395.00,-0.74%,8.55,8.65,9.05,1284,397,3.23,55.50%,61.55%,0.469731,2026-09-28
MMM,169.48,2026-11-20,53,Put,160.00,-5.59%,3.35,3.6,3.55,509,158,3.22,27.44%,29.55%,-0.276617,2026-09-28
MSTR,157.14,2026-10-09,11,Call,144.00,+8.36%,14.95,15.9,16.2,17344,5385,3.22,67.92%,67.23%,0.792963,2026-09-28
TMUS,166.45,2026-10-02,4,Call,167.50,-0.63%,1.65,2.05,2.2,587,183,3.21,32.81%,34.46%,0.439532,2026-09-28
GOOGL,342.75,2026-09-30,2,Call,340.00,+0.80%,4.75,4.85,5.15,1308,407,3.21,33.53%,33.28%,0.635859,2026-09-28
BE,262.87,2026-10-02,4,Put,265.00,+0.81%,9.9,10.8,10.8,2003,624,3.21,79.99%,84.41%,-0.51729,2026-09-28
META,715.62,2026-09-30,2,Put,692.50,-3.23%,2.46,2.55,2.63,569,178,3.2,41.32%,49.22%,-0.177573,2026-09-28
RKLB,72.19,2026-10-16,18,Call,73.00,-1.12%,4,4.1,4.3,1163,363,3.2,74.14%,69.75%,0.507096,2026-09-28
ARM,283.33,2026-10-02,4,Put,267.50,-5.59%,3.2,3.25,3.3,1334,417,3.2,73.24%,78.99%,-0.229248,2026-09-28
POET,7.41,2026-10-02,4,Put,7.50,+1.21%,0.29,0.3,0.31,2995,935,3.2,82.58%,81.63%,-0.537715,2026-09-28
SPCX,145.47,2026-10-02,4,Call,160.00,-9.99%,0.21,0.22,0.23,32355,10102,3.2,48.76%,57.14%,0.060026,2026-09-28
AAPL,338.4,2026-10-02,4,Put,337.50,-0.27%,2.86,2.92,2.98,5616,1761,3.19,24.12%,24.13%,-0.44802,2026-09-28
U,39.86,2027-12-17,445,Call,40.00,-0.35%,11.35,11.75,12.5,6257,1959,3.19,63.28%,65.06%,0.666588,2026-09-28
ZVRA,11.3,2027-01-15,109,Call,5.00,+55.75%,5.4,6.28,7.6,578,181,3.19,83.26%,104.82%,0.958346,2026-09-28
META,715.62,2026-09-30,2,Call,765.00,-6.90%,0.6,0.65,0.65,1286,403,3.19,41.32%,54.63%,0.052093,2026-09-28
OXY,56.1,2026-10-02,4,Call,57.00,-1.60%,0.45,0.49,0.54,964,303,3.18,35.24%,36.75%,0.348548,2026-09-28
BE,262.87,2026-10-09,11,Call,300.00,-14.12%,3.3,3.5,3.7,965,303,3.18,79.99%,79.10%,0.188069,2026-09-28
USAR,14.41,2026-10-02,4,Call,15.50,-7.56%,0.1,0.11,0.11,1476,464,3.18,71.99%,72.83%,0.18187,2026-09-28
ADBE,231.01,2027-06-17,262,Call,260.00,-12.55%,23.9,26.48,27.5,2109,663,3.18,39.76%,43.46%,0.47861,2026-09-28
KVYO,15.4,2026-10-16,18,Call,15.00,+2.60%,1.1,0.95,1.2,3078,969,3.18,76.23%,68.44%,0.603262,2026-09-28
GME,23.96,2026-11-06,39,Call,24.00,-0.17%,1.55,1.72,1.72,904,285,3.17,50.29%,53.99%,0.524704,2026-09-28
MU,1053.98,2026-10-02,4,Put,"1,010.00",-4.17%,21.45,21.45,21.85,1653,522,3.17,61.23%,92.83%,-0.311702,2026-09-28
VKTX,33.03,2026-10-02,4,Put,32.00,-3.12%,0.45,0.52,0.58,733,232,3.16,65.93%,69.72%,-0.317153,2026-09-28
MU,1053.98,2026-10-02,4,Put,995.00,-5.60%,16.55,16.35,16.8,772,244,3.16,61.23%,92.29%,-0.258413,2026-09-28
VRT,244.04,2026-10-09,11,Put,225.00,-7.80%,2.29,2.5,2.65,953,302,3.16,58.92%,55.57%,-0.183804,2026-09-28
IONQ,44.58,2026-10-02,4,Call,47.00,-5.43%,0.73,0.76,0.77,3185,1007,3.16,76.36%,88.19%,0.300867,2026-09-28
NVTS,11.73,2026-10-23,25,Call,12.00,-2.30%,0.77,0.9,0.96,510,162,3.15,82.96%,79.32%,0.502784,2026-09-28
DFDV,5.57,2026-12-18,81,Call,12.50,-124.42%,0.05,0.22,0.25,604,192,3.15,124.97%,117.62%,0.122172,2026-09-28
SOFI,15.93,2026-10-02,4,Call,15.50,+2.70%,0.58,0.59,0.6,1677,533,3.15,49.78%,49.74%,0.712219,2026-09-28
NVDA,228.86,2026-10-05,7,Put,205.00,-10.43%,0.14,0.15,0.17,1983,629,3.15,34.72%,42.84%,-0.028989,2026-09-28
FTNT,176.33,2026-10-16,18,Call,175.00,+0.75%,7.5,8.09,8.4,2150,683,3.15,53.63%,45.60%,0.557391,2026-09-28
NVDA,228.86,2026-10-02,4,Call,242.50,-5.96%,0.2,0.21,0.21,19088,6062,3.15,34.72%,34.63%,0.058406,2026-09-28
CYPH,3.31,2029-01-19,844,Call,7.50,-126.59%,1.75,2.19,2.65,1018,324,3.14,188.15%,153.93%,0.807499,2026-09-28
LITE,921.32,2026-10-02,4,Call,900.00,+2.31%,39.8,43.3,43.8,654,209,3.13,74.35%,78.12%,0.630217,2026-09-28
CCL,22.14,2026-10-02,4,Put,21.00,-5.15%,0.29,0.29,0.32,5612,1791,3.13,49.49%,82.23%,-0.255015,2026-09-28
QCOM,187.48,2026-10-02,4,Call,200.00,-6.68%,0.96,0.98,0.99,5314,1704,3.12,51.93%,60.23%,0.160942,2026-09-28
INTC,116.03,2026-09-30,2,Put,108.00,-6.92%,0.29,0.3,0.31,728,233,3.12,67.65%,75.97%,-0.095683,2026-09-28
TSLA,357.45,2026-09-30,2,Put,335.00,-6.28%,0.22,0.21,0.24,1540,494,3.12,42.15%,51.19%,-0.041272,2026-09-28
CRWV,85.07,2026-10-02,4,Call,86.00,-1.09%,2.35,2.48,2.45,2385,764,3.12,75.96%,79.10%,0.466223,2026-09-28
META,715.62,2026-09-30,2,Call,760.00,-6.20%,0.83,0.84,0.87,2581,830,3.11,41.32%,53.81%,0.068669,2026-09-28
BE,262.87,2026-10-02,4,Put,252.50,-3.94%,4.45,4.46,4.7,634,205,3.09,79.99%,82.20%,-0.303232,2026-09-28
DIS,105.59,2026-10-02,4,Put,105.00,-0.56%,0.78,1.26,1.27,653,211,3.09,28.58%,29.65%,-0.420919,2026-09-28
AMD,607.87,2026-10-02,4,Call,607.50,+0.06%,14.25,14.4,14.6,886,287,3.09,54.43%,55.61%,0.5187,2026-09-28
BHVN,13.27,2027-01-15,109,Call,20.00,-50.72%,0.95,1.15,1.4,1049,339,3.09,88.57%,99.80%,0.323962,2026-09-28
SPCX,145.47,2026-10-02,4,Put,146.00,+0.36%,3.35,3.41,3.4,9990,3232,3.09,48.76%,51.47%,-0.513691,2026-09-28
NBIS,231.88,2026-10-30,32,Call,275.00,-18.60%,6.7,9,10.05,619,201,3.08,83.13%,79.80%,0.277924,2026-09-28
TTD,12.34,2026-10-23,25,Put,11.00,-10.86%,0.17,0.2,0.21,535,174,3.07,67.91%,54.35%,-0.18515,2026-09-28
META,715.62,2026-10-09,11,Call,800.00,-11.79%,1.87,1.95,2.03,2816,917,3.07,41.32%,44.18%,0.080637,2026-09-28
PANW,392.09,2026-10-02,4,Call,400.00,-2.02%,6.5,6.7,7.2,2992,976,3.07,55.50%,62.05%,0.394163,2026-09-28
ZVRA,11.3,2028-01-21,480,Put,15.00,+32.74%,3.4,5.68,8,579,189,3.06,83.26%,69.88%,-0.476609,2026-09-28
BABA,108.76,2027-06-17,262,Call,280.00,-157.45%,0.22,0.42,0.68,606,198,3.06,39.43%,52.36%,0.028001,2026-09-28
INTC,116.03,2026-10-09,11,Put,112.00,-3.47%,3.2,3.25,3.4,850,278,3.06,67.65%,64.70%,-0.352395,2026-09-28
ORCL,132.6,2026-10-09,11,Call,143.00,-7.84%,1.58,1.56,1.66,539,177,3.05,51.72%,54.93%,0.230534,2026-09-28
AMD,607.87,2026-09-30,2,Call,645.00,-6.11%,0.94,0.99,1.02,794,260,3.05,54.43%,57.17%,0.084566,2026-09-28
PLTR,187.48,2026-10-09,11,Call,187.50,-0.01%,6.1,6.19,6.25,1973,646,3.05,53.10%,46.83%,0.521434,2026-09-28
VKTX,33.03,2026-10-09,11,Call,35.00,-5.96%,0.8,0.85,1.08,599,198,3.03,65.93%,73.84%,0.352431,2026-09-28
CVNA,60.47,2026-10-02,4,Put,61.00,+0.88%,1.95,2.06,2.12,781,258,3.03,67.95%,69.81%,-0.531233,2026-09-28
CBRS,196.74,2026-10-02,4,Call,200.00,-1.66%,5.6,6.2,6.2,2454,809,3.03,77.36%,89.13%,0.45028,2026-09-28
GOOGL,342.75,2026-09-30,2,Call,355.00,-3.57%,0.41,0.41,0.43,2114,701,3.02,33.53%,36.14%,0.098164,2026-09-28
SOFI,15.93,2026-10-09,11,Call,16.50,-3.58%,0.28,0.29,0.3,3483,1155,3.02,49.78%,46.31%,0.351023,2026-09-28
MU,1053.98,2026-10-02,4,Put,"1,050.00",-0.38%,38.9,39.06,39.55,4496,1488,3.02,61.23%,94.23%,-0.463683,2026-09-28
IONQ,44.58,2026-10-09,11,Call,47.00,-5.43%,1.31,1.41,1.45,827,276,3,76.36%,75.09%,0.370175,2026-09-28
MSFT,509.22,2026-09-30,2,Put,492.50,-3.28%,0.41,0.45,0.45,872,291,3,29.74%,32.19%,-0.077823,2026-09-28
COHR,282.45,2026-10-02,4,Put,250.00,-11.49%,0.55,0.72,0.85,1021,340,3,73.95%,79.72%,-0.065675,2026-09-28
MU,1053.98,2026-10-02,4,Put,"1,080.00",+2.47%,55.55,56.2,59.15,1786,596,3,61.23%,97.32%,-0.57352,2026-09-28
TSLA,357.45,2026-10-30,32,Call,400.00,-11.90%,6.05,6.15,6.2,5653,1887,3,42.15%,45.86%,0.231244,2026-09-28
SOFI,15.93,2029-01-19,844,Put,20.00,+25.55%,6.85,6.95,7,1010,338,2.99,49.78%,54.70%,-0.438779,2026-09-28
NOK,10.12,2026-10-30,32,Call,10.50,-3.75%,0.6,0.62,0.64,1135,379,2.99,58.13%,64.66%,0.465976,2026-09-28
META,715.62,2026-09-30,2,Put,725.00,+1.31%,14.8,15.34,16,1404,470,2.99,41.32%,47.51%,-0.636345,2026-09-28
AVGO,349.57,2026-09-30,2,Put,340.00,-2.74%,0.84,0.85,0.98,1474,494,2.98,36.15%,39.43%,-0.165747,2026-09-28
META,715.62,2026-09-30,2,Put,720.00,+0.61%,12.2,12.76,13,4181,1404,2.98,41.32%,48.75%,-0.55837,2026-09-28
RKLB,72.19,2026-10-02,4,Call,72.00,+0.26%,2.38,2.55,2.55,3879,1304,2.97,74.14%,78.19%,0.53122,2026-09-28
MCD,233.6,2026-10-02,4,Call,237.50,-1.67%,0.85,0.92,0.99,1741,587,2.97,22.48%,24.12%,0.261035,2026-09-28
TSLA,357.45,2026-10-09,11,Put,360.00,+0.71%,11.1,11.2,11.35,3156,1062,2.97,42.15%,40.66%,-0.521079,2026-09-28
MSFT,509.22,2026-09-30,2,Put,500.00,-1.81%,1.3,1.33,1.38,3352,1129,2.97,29.74%,30.59%,-0.204632,2026-09-28
WDAY,188.6,2026-10-02,4,Call,200.00,-6.04%,0.9,1.02,1.65,526,178,2.96,50.78%,62.08%,0.193754,2026-09-28
CVX,206.37,2026-10-02,4,Put,207.50,+0.55%,3.05,3.25,3.45,893,302,2.96,28.14%,30.71%,-0.560441,2026-09-28
NOK,10.12,2026-10-30,32,Call,10.00,+1.19%,0.8,0.82,0.84,1064,360,2.96,58.13%,62.99%,0.566988,2026-09-28
OPEN,2.43,2027-05-21,235,Call,4.00,-64.61%,0.34,0.36,0.39,1183,399,2.96,80.84%,94.41%,0.404167,2026-09-28
MSFT,509.22,2026-09-30,2,Put,497.50,-2.30%,0.9,0.94,0.97,1372,463,2.96,29.74%,31.13%,-0.151789,2026-09-28
META,715.62,2026-10-02,4,Call,752.50,-5.15%,3.2,3.28,3.45,2323,786,2.96,41.32%,49.10%,0.172479,2026-09-28
CCL,22.14,2026-10-02,4,Call,24.00,-8.40%,0.2,0.2,0.21,7493,2528,2.96,49.49%,85.17%,0.195179,2026-09-28
CCL,22.14,2026-10-02,4,Call,23.50,-6.14%,0.28,0.32,0.32,4312,1462,2.95,49.49%,84.27%,0.264202,2026-09-28
OKTA,202.18,2026-10-02,4,Call,215.00,-6.34%,1.5,1.7,1.83,502,170,2.95,59.20%,68.93%,0.208929,2026-09-28
LOW,187.66,2027-03-19,172,Call,220.00,-17.23%,4.3,5.9,7.2,542,184,2.95,31.36%,30.57%,0.265041,2026-09-28
WULF,15.12,2026-10-09,11,Call,16.00,-5.82%,0.3,0.51,0.51,611,207,2.95,82.43%,73.99%,0.337312,2026-09-28
UNH,377.83,2026-10-02,4,Call,392.50,-3.88%,1.43,1.52,1.62,1449,492,2.95,41.11%,39.28%,0.183463,2026-09-28
BE,262.87,2026-10-02,4,Call,260.00,+1.09%,10.45,10.8,11.2,1645,557,2.95,79.99%,84.85%,0.568606,2026-09-28
BMY,63.88,2026-10-02,4,Put,63.00,-1.38%,0.58,0.7,0.72,782,266,2.94,30.15%,38.92%,-0.358954,2026-09-28
AMD,607.87,2026-09-30,2,Call,655.00,-7.75%,0.48,0.49,0.55,1470,500,2.94,54.43%,59.38%,0.047269,2026-09-28
APLD,24.53,2026-10-02,4,Put,24.00,-2.16%,0.55,0.58,0.58,2934,998,2.94,90.47%,79.59%,-0.37896,2026-09-28
META,715.62,2026-10-02,4,Call,750.00,-4.80%,3.65,3.68,3.8,12105,4119,2.94,41.32%,49.01%,0.189034,2026-09-28
ELV,394.59,2026-10-16,18,Call,420.00,-6.44%,2,3.56,4.2,562,192,2.93,34.90%,32.00%,0.203688,2026-09-28
AMD,607.87,2026-09-30,2,Put,535.00,-11.99%,0.05,0.11,0.23,653,223,2.93,54.43%,76.98%,-0.011522,2026-09-28
AAPL,338.4,2026-10-09,11,Put,327.50,-3.22%,1.48,1.55,1.58,1296,442,2.93,24.12%,23.34%,-0.197098,2026-09-28
AMD,607.87,2026-10-09,11,Call,700.00,-15.16%,1.82,1.89,1.9,2313,794,2.91,54.43%,54.27%,0.075167,2026-09-28
SNDK,1712.89,2026-10-02,4,Put,"1,600.00",-6.59%,14.3,14.4,14.8,2847,979,2.91,70.62%,76.80%,-0.185901,2026-09-28
CNC,62.53,2026-11-20,53,Call,70.00,-11.95%,1.83,2,2.23,751,259,2.9,46.37%,47.41%,0.307713,2026-09-28
ALHC,7.93,2027-01-15,109,Call,12.50,-57.63%,0.3,0.3,0.5,1047,361,2.9,104.23%,84.12%,0.231799,2026-09-28
NU,12.23,2029-01-19,844,Call,10.00,+18.23%,4.9,4.95,5,575,199,2.89,49.41%,48.56%,0.786332,2026-09-28
GT,5.02,2026-11-20,53,Put,5.00,-0.40%,0.35,0.4,0.45,725,251,2.89,57.16%,50.66%,-0.469049,2026-09-28
CRWV,85.07,2027-04-16,200,Put,55.00,-35.35%,4.15,4.3,4.65,1525,528,2.89,75.96%,76.22%,-0.137645,2026-09-28
INTC,116.03,2026-09-30,2,Put,111.00,-4.34%,0.68,0.68,0.72,1545,535,2.89,67.65%,72.70%,-0.196643,2026-09-28
C,131.31,2026-10-02,4,Put,131.00,-0.24%,1.43,1.63,1.72,788,274,2.88,34.02%,31.72%,-0.462932,2026-09-28
JEF,47.13,2026-10-16,18,Put,45.00,-4.52%,1.15,1.35,1.35,933,324,2.88,48.90%,52.86%,-0.324213,2026-09-28
QBTS,16.78,2026-10-02,4,Call,17.00,-1.31%,0.45,0.46,0.47,2252,782,2.88,74.26%,79.43%,0.456213,2026-09-28
BRK.B,503.09,2026-10-02,4,Put,470.00,-6.58%,0.01,0.1,0.12,516,180,2.87,15.67%,29.19%,-0.01209,2026-09-28
INCY,124.82,2026-10-16,18,Call,140.00,-12.16%,0,0.87,1.75,614,214,2.87,43.77%,45.34%,0.142191,2026-09-28
SPCX,145.47,2026-10-09,11,Call,167.50,-15.14%,0.33,0.34,0.35,1591,555,2.87,48.76%,51.10%,0.062765,2026-09-28
TSLA,357.45,2026-10-02,4,Put,342.50,-4.18%,1.74,1.76,1.79,2071,721,2.87,42.15%,46.60%,-0.181902,2026-09-28
META,715.62,2026-09-30,2,Call,750.00,-4.80%,1.48,1.52,1.57,7366,2567,2.87,41.32%,51.88%,0.115534,2026-09-28
PLTR,187.48,2026-10-02,4,Call,195.00,-4.01%,1.29,1.3,1.32,14285,4978,2.87,53.10%,49.63%,0.234859,2026-09-28
GOOGL,342.75,2026-09-30,2,Call,350.00,-2.12%,1.01,1.04,1.05,4609,1611,2.86,33.53%,34.35%,0.211044,2026-09-28
HUM,389.63,2026-10-23,25,Call,450.00,-15.49%,6.7,10.9,13.5,500,175,2.86,70.78%,71.57%,0.252988,2026-09-28
MU,1053.98,2026-10-02,4,Put,660.00,-37.38%,0.06,0.13,0.19,764,267,2.86,61.23%,162.37%,-0.002253,2026-09-28
SHOP,144.01,2026-10-02,4,Call,147.00,-2.08%,2.4,2.5,2.65,834,292,2.86,60.23%,62.75%,0.392207,2026-09-28
IONQ,44.58,2026-10-02,4,Put,45.50,+2.06%,2,2.05,2.14,942,329,2.86,76.36%,83.91%,-0.573394,2026-09-28
NKE,36.39,2028-06-16,627,Put,32.50,-10.69%,4.65,5.05,4.9,551,193,2.85,50.80%,38.52%,-0.30068,2026-09-28
META,715.62,2026-10-02,4,Put,665.00,-7.07%,1.15,1.2,1.21,837,294,2.85,41.32%,48.86%,-0.071183,2026-09-28
NVDA,228.86,2026-10-02,4,Call,245.00,-7.05%,0.13,0.14,0.14,29874,10472,2.85,34.72%,36.35%,0.039046,2026-09-28
MARA,12.11,2027-01-15,109,Call,29.00,-139.47%,0.17,0.19,0.21,587,207,2.84,82.49%,94.90%,0.080694,2026-09-28
ORCL,132.6,2027-10-15,382,Put,60.00,-54.75%,2.04,2.09,2.25,630,222,2.84,51.72%,59.89%,-0.049185,2026-09-28
IREN,41.72,2026-10-02,4,Call,42.50,-1.87%,1.09,1.15,1.17,969,341,2.84,80.42%,84.20%,0.435935,2026-09-28
UBER,68.16,2026-10-16,18,Call,69.00,-1.23%,1.44,1.7,1.77,1026,361,2.84,36.97%,31.94%,0.456129,2026-09-28
BE,262.87,2027-03-19,172,Put,220.00,-16.31%,31.2,32,33.2,584,206,2.83,79.99%,80.89%,-0.265765,2026-09-28
TGT,158.43,2026-10-02,4,Call,162.50,-2.57%,0.78,0.83,0.88,770,272,2.83,35.57%,34.53%,0.247936,2026-09-28
AAPL,338.4,2026-10-02,4,Put,342.50,+1.21%,5.6,5.65,5.8,2048,724,2.83,24.12%,23.45%,-0.680439,2026-09-28
META,715.62,2026-10-02,4,Call,730.00,-2.01%,8.1,8.6,8.45,2471,873,2.83,41.32%,47.14%,0.355469,2026-09-28
MRNA,197.28,2026-10-02,4,Put,197.50,+0.11%,7.35,7.56,7.55,522,185,2.82,88.83%,89.54%,-0.484584,2026-09-28
MRVL,251.9,2026-10-16,18,Call,330.00,-31.00%,0.97,1.05,1.09,8383,2978,2.81,65.85%,74.18%,0.061092,2026-09-28
SPCX,145.47,2027-02-19,144,Call,240.00,-64.98%,1.8,2.02,2.18,505,180,2.81,48.76%,53.03%,0.099033,2026-09-28
TSLA,357.45,2026-10-02,4,Put,367.50,+2.81%,12.15,12.95,13.1,2545,905,2.81,42.15%,42.92%,-0.7222,2026-09-28
INTC,116.03,2026-10-02,4,Call,118.00,-1.70%,2.69,2.69,2.76,2597,929,2.8,67.65%,73.83%,0.43079,2026-09-28
MP,46.45,2026-10-02,4,Put,46.00,-0.97%,0.83,0.98,0.99,672,241,2.79,56.56%,58.47%,-0.422522,2026-09-28
ACN,174.47,2026-10-02,4,Put,175.00,+0.30%,7,7.55,8.1,1123,402,2.79,53.77%,99.90%,-0.490483,2026-09-28
META,715.62,2026-09-30,2,Put,695.00,-2.88%,2.94,3.04,3.15,1220,437,2.79,41.32%,49.20%,-0.20442,2026-09-28
CCL,22.14,2026-10-02,4,Put,20.00,-9.67%,0.09,0.1,0.1,2187,784,2.79,49.49%,79.82%,-0.103841,2026-09-28
META,715.62,2026-09-30,2,Call,780.00,-9.00%,0.26,0.28,0.33,1959,704,2.78,41.32%,58.78%,0.025379,2026-09-28
C,131.31,2026-10-02,4,Call,135.00,-2.81%,0.5,0.55,0.58,2565,923,2.78,34.02%,32.60%,0.21495,2026-09-28
GOOGL,342.75,2026-09-30,2,Put,342.50,-0.07%,3.2,3.43,3.5,737,266,2.77,33.53%,34.63%,-0.481028,2026-09-28
CRDO,192.67,2026-10-02,4,Call,195.00,-1.21%,5.7,6.9,6.2,942,340,2.77,76.38%,86.73%,0.467189,2026-09-28
INTC,116.03,2026-10-30,32,Put,87.00,-25.02%,0.87,0.96,0.94,982,355,2.77,67.65%,73.28%,-0.073669,2026-09-28
MSTR,157.14,2026-10-16,18,Call,157.50,-0.23%,9,9.08,9.3,635,230,2.76,67.92%,65.98%,0.528196,2026-09-28
AMD,607.87,2026-10-09,11,Call,655.00,-7.75%,6.6,6.6,6.9,709,257,2.76,54.43%,52.26%,0.22215,2026-09-28
JOBY,6.11,2026-10-09,11,Put,6.50,+6.38%,0.37,0.53,0.67,807,292,2.76,66.28%,66.16%,-0.682735,2026-09-28
WFC,80.81,2026-10-16,18,Put,78.00,-3.48%,1.19,1.35,1.38,1020,370,2.76,31.95%,34.94%,-0.307206,2026-09-28
MU,1053.98,2026-10-02,4,Call,"1,065.00",-1.05%,36.3,37.51,37.45,1166,423,2.76,61.23%,94.87%,0.479714,2026-09-28
TSLA,357.45,2026-09-30,2,Call,390.00,-9.11%,0.1,0.12,0.12,7070,2558,2.76,42.15%,56.72%,0.020202,2026-09-28
SPCX,145.47,2026-10-09,11,Call,150.00,-3.11%,2.92,2.96,2.96,5626,2045,2.75,48.76%,47.02%,0.374285,2026-09-28
TTD,12.34,2026-10-16,18,Call,14.00,-13.45%,0.14,0.14,0.16,5988,2181,2.75,67.91%,57.95%,0.183634,2026-09-28
AVGO,349.57,2026-09-30,2,Put,352.50,+0.84%,5.15,5.3,5.55,588,214,2.75,36.15%,36.05%,-0.615883,2026-09-28
BA,184.39,2026-10-09,11,Put,170.00,-7.80%,0.34,0.42,0.5,591,215,2.75,35.17%,34.31%,-0.081924,2026-09-28
BE,262.87,2026-10-23,25,Call,350.00,-33.15%,2.11,2.5,2.75,659,240,2.75,79.99%,78.96%,0.102194,2026-09-28
BE,262.87,2026-10-02,4,Put,290.00,+10.32%,27.5,29.23,30.35,1732,630,2.75,79.99%,88.22%,-0.845391,2026-09-28
PSIX,45.54,2026-10-16,18,Put,45.00,-1.19%,2.4,2.65,2.75,2019,734,2.75,82.87%,71.76%,-0.43481,2026-09-28
DKS,134.16,2026-10-02,4,Call,140.00,-4.35%,0.7,1,1.1,573,209,2.74,41.91%,51.42%,0.222236,2026-09-28
NFLX,69.23,2026-10-16,18,Put,66.00,-4.67%,0.65,0.66,0.68,661,241,2.74,37.09%,31.48%,-0.228929,2026-09-28
CRM,227.27,2026-10-02,4,Call,232.50,-2.30%,2.23,2.25,2.4,720,263,2.74,40.17%,46.07%,0.329712,2026-09-28
CVS,87.85,2026-10-02,4,Put,88.00,+0.17%,0.93,1.25,1.45,783,286,2.74,35.51%,30.44%,-0.513865,2026-09-28
WULF,15.12,2026-10-02,4,Call,17.00,-12.43%,0.08,0.1,0.1,7107,2606,2.73,82.43%,95.13%,0.125467,2026-09-28
SKHY,181.92,2026-10-02,4,Put,162.50,-10.68%,0.25,0.26,0.31,689,252,2.73,58.73%,67.49%,-0.050633,2026-09-28
MU,1053.98,2026-10-05,7,Call,"1,200.00",-13.85%,7.1,7.25,7.25,947,347,2.73,61.23%,78.94%,0.130179,2026-09-28
NOW,131.45,2026-10-02,4,Put,126.00,-4.15%,1.17,1.27,1.25,1133,415,2.73,55.31%,60.39%,-0.239639,2026-09-28
AMZN,246.15,2026-10-09,11,Put,227.50,-7.58%,0.45,0.48,0.5,1327,486,2.73,34.17%,32.54%,-0.074637,2026-09-28
NOW,131.45,2026-10-23,25,Put,125.00,-4.91%,4.35,4.5,4.6,1543,565,2.73,55.31%,55.11%,-0.331258,2026-09-28
NFLX,69.23,2026-10-23,25,Put,67.00,-3.22%,2.18,2.22,2.21,2791,1022,2.73,37.09%,45.79%,-0.36264,2026-09-28
NVDA,228.86,2026-11-06,39,Put,195.00,-14.80%,1.12,1.15,1.18,703,258,2.72,34.72%,38.02%,-0.084016,2026-09-28
AMD,607.87,2026-09-30,2,Put,570.00,-6.23%,0.7,0.84,0.8,1155,424,2.72,54.43%,58.25%,-0.064508,2026-09-28
SPCX,145.47,2026-10-02,4,Call,152.50,-4.83%,0.91,0.91,0.93,22121,8143,2.72,48.76%,53.00%,0.207454,2026-09-28
NVDA,228.86,2026-10-02,4,Call,240.00,-4.87%,0.35,0.35,0.37,51254,18821,2.72,34.72%,33.99%,0.095567,2026-09-28
TSLA,357.45,2026-09-30,2,Call,382.50,-7.01%,0.2,0.2,0.21,4986,1842,2.71,42.15%,50.99%,0.038367,2026-09-28
RYN,18.79,2027-01-15,109,Put,17.50,-6.87%,0.5,0.58,0.65,518,191,2.71,28.15%,27.54%,-0.295326,2026-09-28
GM,80.64,2026-10-02,4,Call,85.00,-5.41%,0.06,0.18,0.21,725,268,2.71,35.86%,37.30%,0.093277,2026-09-28
DJT,9.12,2026-10-02,4,Call,9.50,-4.17%,0.11,0.11,0.13,1345,497,2.71,62.30%,68.69%,0.299473,2026-09-28
NOW,131.45,2026-10-02,4,Put,125.00,-4.91%,0.91,1.05,1.02,3576,1318,2.71,55.31%,60.26%,-0.201779,2026-09-28
ARM,283.33,2026-10-02,4,Put,255.00,-10.00%,1.07,1.06,1.11,546,202,2.7,73.24%,79.64%,-0.095076,2026-09-28
FRMI,4.26,2026-10-02,4,Call,1.50,+64.79%,2.6,2.78,2.85,712,264,2.7,99.00%,549.48%,0.982265,2026-09-28
MU,1053.98,2026-10-02,4,Put,"1,030.00",-2.28%,29.2,29.48,30,1073,398,2.7,61.23%,93.42%,-0.386713,2026-09-28
ADBE,231.01,2026-10-02,4,Call,255.00,-10.38%,0.1,0.15,0.25,1223,453,2.7,39.76%,51.47%,0.036029,2026-09-28
CCL,22.14,2026-10-02,4,Put,21.50,-2.89%,0.43,0.47,0.5,3660,1358,2.7,49.49%,81.53%,-0.349012,2026-09-28
KTOS,44.07,2026-10-02,4,Call,48.00,-8.92%,0.05,0.16,0.25,535,199,2.69,60.36%,64.02%,0.10844,2026-09-28
ARM,283.33,2026-10-02,4,Put,275.00,-2.94%,5.5,5.5,5.8,983,365,2.69,73.24%,79.50%,-0.342875,2026-09-28
HOOD,116.46,2026-10-02,4,Call,118.00,-1.32%,2.89,2.86,3.05,1595,593,2.69,62.97%,74.94%,0.451119,2026-09-28
INTC,116.03,2026-10-16,18,Put,116.00,-0.03%,6.35,6.55,6.5,1106,413,2.68,67.65%,63.61%,-0.467302,2026-09-28
NFLX,69.23,2028-06-16,627,Call,155.00,-123.89%,1.85,2.25,2.8,1301,486,2.68,37.09%,42.06%,0.14767,2026-09-28
BMNR,26.84,2026-10-02,4,Put,25.50,-4.99%,0.35,0.36,0.39,1988,742,2.68,75.86%,81.13%,-0.257898,2026-09-28
INTC,116.03,2026-09-30,2,Put,110.00,-5.20%,0.52,0.52,0.53,2087,779,2.68,67.65%,73.37%,-0.155518,2026-09-28
INTC,116.03,2026-09-30,2,Put,120.00,+3.42%,4.85,4.9,5,3418,1275,2.68,67.65%,70.65%,-0.730695,2026-09-28
FRVO,14.1,2026-10-16,18,Call,12.50,+11.35%,1.95,1.95,2.5,659,247,2.67,97.30%,106.09%,0.738519,2026-09-28
AAPL,338.4,2026-10-02,4,Put,340.00,+0.47%,4.05,4.15,4.25,7698,2898,2.66,24.12%,23.69%,-0.565963,2026-09-28
MSFT,509.22,2026-10-05,7,Call,520.00,-2.12%,3.1,3.3,3.6,530,199,2.66,29.74%,26.18%,0.293566,2026-09-28
SNDK,1712.89,2026-10-02,4,Put,"1,690.00",-1.34%,43,44.09,43.8,895,337,2.66,70.62%,76.54%,-0.415881,2026-09-28
MT,69.85,2026-12-18,81,Put,65.00,-6.94%,3.1,3.1,3.4,971,365,2.66,43.24%,43.56%,-0.314584,2026-09-28
META,715.62,2026-10-02,4,Put,712.50,-0.44%,11.9,11.95,12.15,601,227,2.65,41.32%,45.77%,-0.451477,2026-09-28
XPEV,9.95,2026-10-09,11,Put,9.50,-4.52%,0.1,0.13,0.14,747,282,2.65,51.59%,43.79%,-0.254515,2026-09-28
APP,308.24,2026-10-02,4,Put,295.00,-4.30%,2.6,2.76,2.9,968,365,2.65,65.63%,60.70%,-0.233079,2026-09-28
SPCX,145.47,2029-01-19,844,Call,295.00,-102.79%,19.95,21.65,22.45,1169,441,2.65,48.76%,54.22%,0.378566,2026-09-28
NBIS,231.88,2026-10-02,4,Call,242.50,-4.58%,4.45,4.5,4.55,1798,679,2.65,83.13%,88.64%,0.332988,2026-09-28
CPNG,13.75,2027-01-15,109,Put,14.00,+1.82%,1.33,1.5,1.78,2208,833,2.65,53.22%,50.09%,-0.459707,2026-09-28
IONQ,44.58,2026-10-16,18,Call,47.00,-5.43%,1.92,2.07,2.05,865,328,2.64,76.36%,74.31%,0.410505,2026-09-28
NVO,38.71,2026-10-30,32,Call,41.00,-5.92%,0.6,0.65,0.73,1085,411,2.64,35.69%,32.99%,0.293435,2026-09-28
META,715.62,2026-09-30,2,Put,680.00,-4.98%,1,1.03,1.07,1592,603,2.64,41.32%,50.69%,-0.083126,2026-09-28
HOOD,116.46,2026-10-02,4,Put,108.00,-7.26%,0.69,0.69,0.75,2585,978,2.64,62.97%,72.84%,-0.150964,2026-09-28
AMZN,246.15,2027-09-17,354,Put,245.00,-0.47%,27.7,28.36,28.8,508,193,2.63,34.17%,34.60%,-0.398727,2026-09-28
BE,262.87,2026-10-02,4,Call,287.50,-9.37%,1.89,2.2,2.28,519,197,2.63,79.99%,85.79%,0.171645,2026-09-28
SPCX,145.47,2026-10-30,32,Call,140.00,+3.76%,10.35,12.5,11.75,532,202,2.63,48.76%,45.83%,0.646583,2026-09-28
PYPL,54.28,2026-10-09,11,Call,55.00,-1.33%,1.03,1.09,1.22,819,312,2.63,39.52%,37.99%,0.438757,2026-09-28
SPCX,145.47,2026-10-16,18,Call,147.00,-1.05%,5.3,5.3,5.35,1482,564,2.63,48.76%,45.83%,0.486798,2026-09-28
AAOI,96.82,2026-10-02,4,Call,100.00,-3.28%,2.45,2.58,2.8,1523,580,2.63,92.51%,97.39%,0.396705,2026-09-28
TSLA,357.45,2026-09-30,2,Put,327.50,-8.38%,0.12,0.13,0.14,636,243,2.62,42.15%,59.42%,-0.021912,2026-09-28
SPCX,145.47,2026-10-02,4,Call,143.00,+1.70%,4.6,4.6,4.65,921,352,2.62,48.76%,53.17%,0.634276,2026-09-28
NU,12.23,2026-10-23,25,Call,13.00,-6.30%,0.28,0.31,0.31,1245,475,2.62,49.41%,45.00%,0.331061,2026-09-28
TSLA,357.45,2026-10-30,32,Call,360.00,-0.71%,18.35,18.46,18.7,1308,499,2.62,42.15%,45.34%,0.516044,2026-09-28
IREN,41.72,2026-10-09,11,Put,42.00,+0.67%,2.24,2.27,2.34,2316,884,2.62,80.42%,74.93%,-0.49175,2026-09-28
ILPT,7.27,2027-01-15,109,Call,7.50,-3.16%,0.4,0.5,0.6,2637,1008,2.62,48.21%,38.83%,0.472952,2026-09-28
NU,12.23,2026-11-20,53,Call,13.00,-6.30%,0.66,0.67,0.68,3146,1199,2.62,49.41%,51.27%,0.42652,2026-09-28
BA,184.39,2026-10-30,32,Put,180.00,-2.38%,5.25,5.2,5.65,621,238,2.61,35.17%,34.56%,-0.387031,2026-09-28
SPCX,145.47,2026-10-02,4,Call,142.00,+2.39%,5.25,5.2,5.3,773,296,2.61,48.76%,53.42%,0.679892,2026-09-28
GOOGL,342.75,2026-10-02,4,Call,342.50,+0.07%,5.05,5.15,5.25,1750,670,2.61,33.53%,34.64%,0.519621,2026-09-28
TSLA,357.45,2026-10-02,4,Put,347.50,-2.78%,2.85,2.89,2.9,2959,1134,2.61,42.15%,45.89%,-0.26779,2026-09-28
SPCX,145.47,2026-10-02,4,Call,149.00,-2.43%,1.78,1.75,1.79,10827,4145,2.61,48.76%,52.49%,0.344149,2026-09-28
WFC,80.81,2026-10-02,4,Put,78.00,-3.48%,0.14,0.21,0.25,598,230,2.6,31.95%,31.89%,-0.139788,2026-09-28
MSFT,509.22,2026-09-30,2,Put,512.50,+0.64%,6.05,6.26,6.5,791,304,2.6,29.74%,29.79%,-0.608124,2026-09-28
NVDA,228.86,2026-10-16,18,Call,247.50,-8.14%,1,1.04,1.04,1605,618,2.6,34.72%,30.33%,0.13484,2026-09-28
BULL,7.05,2029-01-19,844,Call,12.50,-77.30%,1.55,1.57,1.7,2022,778,2.6,61.85%,62.74%,0.497676,2026-09-28
UBER,68.16,2026-10-16,18,Call,73.00,-7.10%,0.49,0.56,0.58,4828,1861,2.59,36.97%,33.62%,0.196046,2026-09-28
AMC,3.29,2026-10-30,32,Call,3.50,-6.38%,0.27,0.27,0.3,5207,2008,2.59,94.93%,95.40%,0.468221,2026-09-28
MDB,334.68,2026-10-16,18,Call,400.00,-19.52%,3.2,3.55,3.9,668,259,2.58,62.35%,69.51%,0.143319,2026-09-28
AMD,607.87,2026-10-23,25,Put,545.00,-10.34%,8.65,9.3,9.3,839,325,2.58,54.43%,51.79%,-0.186543,2026-09-28
AMC,3.29,2027-03-19,172,Call,4.50,-36.78%,0.44,0.52,0.54,1408,545,2.58,94.93%,94.58%,0.432905,2026-09-28
GILD,152.21,2026-10-02,4,Put,150.00,-1.45%,0.74,1.05,1.11,504,196,2.57,30.38%,29.00%,-0.307608,2026-09-28
MSFT,509.22,2026-09-30,2,Put,495.00,-2.79%,0.62,0.63,0.68,1519,590,2.57,29.74%,31.81%,-0.110939,2026-09-28
WMT,108.73,2026-10-09,11,Put,108.00,-0.67%,0.81,1.31,1.38,1580,615,2.57,26.64%,19.56%,-0.406237,2026-09-28
PLTR,187.48,2026-10-02,4,Put,187.50,+0.01%,3.8,3.9,3.9,3475,1352,2.57,53.10%,49.51%,-0.48786,2026-09-28
AMZN,246.15,2026-10-02,4,Call,247.50,-0.55%,2.64,2.82,2.82,4949,1928,2.57,34.17%,32.17%,0.447122,2026-09-28
PLTR,187.48,2026-10-02,4,Call,202.50,-8.01%,0.35,0.35,0.37,10830,4234,2.56,53.10%,51.26%,0.08052,2026-09-28
META,715.62,2026-09-30,2,Put,675.00,-5.68%,0.69,0.73,0.73,2018,788,2.56,41.32%,51.46%,-0.059636,2026-09-28
CVNA,60.47,2026-10-02,4,Call,67.00,-10.80%,0.13,0.21,0.25,630,247,2.55,67.95%,71.61%,0.092629,2026-09-28
MDB,334.68,2026-10-02,4,Call,470.00,-40.43%,0.03,0.13,0.5,700,275,2.55,62.35%,144.88%,0.01539,2026-09-28
NVDA,228.86,2026-10-30,32,Put,230.00,+0.50%,8.5,8.7,8.8,1080,424,2.55,34.72%,31.00%,-0.49323,2026-09-28
UBER,68.16,2026-10-16,18,Call,74.00,-8.57%,0.36,0.41,0.57,1321,518,2.55,36.97%,35.91%,0.166739,2026-09-28
AAPL,338.4,2026-10-05,7,Call,345.00,-1.95%,1.45,1.64,1.59,798,314,2.54,24.12%,20.69%,0.262389,2026-09-28
NFLX,69.23,2026-10-09,11,Put,67.00,-3.22%,0.58,0.6,0.61,858,338,2.54,37.09%,31.13%,-0.257246,2026-09-28
SPCX,145.47,2026-10-02,4,Put,147.00,+1.05%,3.9,3.95,3.95,9017,3552,2.54,48.76%,51.30%,-0.564326,2026-09-28
NVDA,228.86,2026-10-02,4,Call,237.50,-3.78%,0.62,0.63,0.65,25240,9990,2.53,34.72%,33.70%,0.153368,2026-09-28
U,39.86,2026-10-02,4,Call,43.00,-7.88%,0.01,0.23,0.3,764,302,2.53,63.28%,61.09%,0.125671,2026-09-28
QCOM,187.48,2026-10-09,11,Call,210.00,-12.01%,0.83,1.12,1.41,826,327,2.53,51.93%,55.27%,0.129547,2026-09-28
META,715.62,2026-10-23,25,Call,750.00,-4.80%,15.6,16,16.15,1378,544,2.53,41.32%,38.39%,0.347335,2026-09-28
AMD,607.87,2026-10-02,4,Call,615.00,-1.17%,10.95,11.15,11.25,2655,1049,2.53,54.43%,55.91%,0.435373,2026-09-28
AMD,607.87,2026-09-30,2,Call,627.50,-3.23%,3.1,3.25,3.3,503,200,2.52,54.43%,55.33%,0.226516,2026-09-28
MU,1053.98,2026-10-02,4,Put,915.00,-13.19%,3.2,3.31,3.3,612,243,2.52,61.23%,94.11%,-0.068311,2026-09-28
LYFT,14.88,2027-06-17,262,Put,12.00,-19.35%,1.09,1.11,1.28,1070,425,2.52,52.24%,55.61%,-0.228505,2026-09-28
RKT,11.64,2026-10-02,4,Call,12.00,-3.09%,0.18,0.21,0.23,2398,950,2.52,63.69%,71.86%,0.3588,2026-09-28
GOOG,339.16,2026-10-02,4,Call,355.00,-4.67%,0.66,0.7,0.7,7119,2820,2.52,33.37%,35.24%,0.113504,2026-09-28
BABA,108.76,2026-10-09,11,Call,121.00,-11.25%,0.33,0.35,0.45,782,312,2.51,39.43%,46.11%,0.0981,2026-09-28
NOW,131.45,2026-10-02,4,Put,121.00,-7.95%,0.38,0.42,0.44,1317,524,2.51,55.31%,62.99%,-0.097639,2026-09-28
MSFT,509.22,2026-09-30,2,Call,507.50,+0.34%,5.5,5.6,5.8,1638,654,2.5,29.74%,31.25%,0.565656,2026-09-28
CORZ,16.52,2026-10-02,4,Put,16.00,-3.15%,0.29,0.3,0.33,2648,1061,2.5,78.38%,78.42%,-0.331721,2026-09-28
META,715.62,2026-10-02,4,Call,780.00,-9.00%,0.94,0.99,1.05,3080,1234,2.5,41.32%,51.92%,0.060522,2026-09-28
BMO,171.15,2026-12-18,81,Put,175.00,+2.25%,8.3,8.9,10,515,207,2.49,20.90%,22.60%,-0.553032,2026-09-28
AMD,607.87,2026-10-02,4,Put,540.00,-11.17%,0.58,0.58,0.65,1755,704,2.49,54.43%,64.57%,-0.036635,2026-09-28
TSLA,357.45,2026-10-02,4,Put,362.50,+1.41%,9.55,9.55,9.65,2938,1181,2.49,42.15%,45.66%,-0.603826,2026-09-28
BA,184.39,2026-10-02,4,Call,200.00,-8.47%,0.12,0.13,0.14,7343,2945,2.49,35.17%,43.53%,0.039068,2026-09-28
UBER,68.16,2026-10-02,4,Put,68.00,-0.23%,0.88,0.96,0.96,4728,1904,2.48,36.97%,35.54%,-0.463709,2026-09-28
AVGO,349.57,2026-09-30,2,Call,360.00,-2.98%,0.79,0.84,0.99,4834,1948,2.48,36.15%,39.90%,0.164768,2026-09-28
WMT,108.73,2026-10-02,4,Call,109.00,-0.25%,1.03,1.04,1.08,6402,2582,2.48,26.64%,25.71%,0.473415,2026-09-28
BMO,171.15,2026-12-18,81,Call,175.00,-2.25%,5.3,6,6.4,516,208,2.48,20.90%,22.96%,0.446833,2026-09-28
AVGO,349.57,2027-04-16,200,Call,470.00,-34.45%,13.1,14.93,15.7,520,210,2.48,36.15%,44.20%,0.24679,2026-09-28
CMG,31.85,2026-10-16,18,Put,31.50,-1.10%,0.89,0.64,1.06,676,273,2.48,43.82%,41.58%,-0.427612,2026-09-28
SOFI,15.93,2026-10-30,32,Call,16.00,-0.44%,0.96,0.98,1.01,1159,468,2.48,49.78%,52.75%,0.528866,2026-09-28
AMZN,246.15,2026-09-30,2,Call,240.00,+2.50%,6.35,6.68,6.9,1001,406,2.47,34.17%,32.26%,0.860019,2026-09-28
AMD,607.87,2026-10-02,4,Put,565.00,-7.05%,1.87,1.87,2.04,1410,572,2.47,54.43%,58.04%,-0.107364,2026-09-28
INTC,116.03,2026-10-02,4,Put,113.00,-2.61%,2.05,2.15,2.15,1801,729,2.47,67.65%,71.49%,-0.346268,2026-09-28
PBR,20.65,2026-10-30,32,Call,22.00,-6.54%,0.87,0.91,0.89,2582,1046,2.47,51.50%,57.78%,0.388664,2026-09-28
AMZN,246.15,2026-09-30,2,Put,250.00,+1.56%,4.4,4.6,4.65,4013,1622,2.47,34.17%,28.58%,-0.763736,2026-09-28
SOFI,15.93,2026-10-16,18,Call,15.00,+5.84%,1.18,1.21,1.23,5276,2139,2.47,49.78%,44.55%,0.750781,2026-09-28
INTC,116.03,2026-10-02,4,Put,110.00,-5.20%,1.19,1.18,1.22,7598,3085,2.46,67.65%,72.41%,-0.227676,2026-09-28
CMG,31.85,2026-10-09,11,Call,35.00,-9.89%,0.1,0.15,0.3,507,206,2.46,43.82%,49.26%,0.147691,2026-09-28
MDB,334.68,2027-12-17,445,Call,330.00,+1.40%,100,110.2,116.05,584,237,2.46,62.35%,69.39%,0.681862,2026-09-28
CRWD,259.25,2026-10-16,18,Put,260.00,+0.29%,12.6,12.66,13.05,619,252,2.46,55.75%,55.15%,-0.480177,2026-09-28
FVRR,8.56,2027-01-15,109,Put,8.00,-6.54%,0.6,0.65,0.85,1000,406,2.46,58.65%,56.82%,-0.343039,2026-09-28
MU,1053.98,2026-10-02,4,Put,960.00,-8.92%,8.35,8.38,8.5,1150,467,2.46,61.23%,91.81%,-0.152944,2026-09-28
AXTI,73.67,2026-10-02,4,Call,75.00,-1.81%,2.85,2.9,3,538,220,2.45,111.88%,114.01%,0.465454,2026-09-28
TSLA,357.45,2026-10-05,7,Put,340.00,-4.88%,1.9,1.89,1.96,544,222,2.45,42.15%,40.37%,-0.174845,2026-09-28
AMD,607.87,2026-09-30,2,Call,652.50,-7.34%,0.54,0.58,0.61,584,238,2.45,54.43%,58.22%,0.052874,2026-09-28
AMZN,246.15,2026-09-30,2,Put,240.00,-2.50%,0.39,0.41,0.41,4252,1736,2.45,34.17%,31.66%,-0.135696,2026-09-28
NVDA,228.86,2026-10-09,11,Call,232.50,-1.59%,3.45,3.45,3.5,4347,1785,2.44,34.72%,31.27%,0.403387,2026-09-28
MP,46.45,2026-10-02,4,Put,44.00,-5.27%,0.2,0.27,0.3,510,209,2.44,56.56%,55.90%,-0.168036,2026-09-28
AMD,607.87,2026-09-30,2,Put,565.00,-7.05%,0.51,0.53,0.57,586,240,2.44,54.43%,60.09%,-0.047382,2026-09-28
TSM,452.88,2026-10-02,4,Put,437.50,-3.40%,1.38,1.46,1.52,836,342,2.44,34.97%,34.67%,-0.163878,2026-09-28
NEE,75.49,2026-10-16,18,Call,77.50,-2.66%,0.78,0.81,0.88,1037,425,2.44,24.43%,24.15%,0.32319,2026-09-28
INTC,116.03,2026-10-09,11,Put,105.00,-9.51%,1.24,1.29,1.28,1738,712,2.44,67.65%,64.93%,-0.170811,2026-09-28
ON,75.65,2026-10-16,18,Call,76.00,-0.46%,3.45,3.75,3.9,2282,937,2.44,59.75%,56.31%,0.516329,2026-09-28
AMD,607.87,2026-11-20,53,Call,750.00,-23.38%,14.15,14.4,14.65,3548,1453,2.44,54.43%,58.25%,0.209092,2026-09-28
MET,95.82,2026-10-16,18,Call,100.00,-4.36%,0.65,0.65,0.7,1822,751,2.43,26.44%,24.55%,0.228515,2026-09-28
INTC,116.03,2026-10-30,32,Call,150.00,-29.28%,2.12,2.12,2.42,2317,954,2.43,67.65%,80.16%,0.170941,2026-09-28
FRVO,14.1,2026-10-16,18,Call,15.00,-6.38%,0.3,0.8,0.9,785,325,2.42,97.30%,75.61%,0.393161,2026-09-28
AMD,607.87,2026-10-09,11,Call,610.00,-0.35%,20.5,20.67,21.2,803,332,2.42,54.43%,51.15%,0.507261,2026-09-28
AMD,607.87,2026-09-30,2,Call,642.50,-5.70%,1.11,1.2,1.21,953,394,2.42,54.43%,56.74%,0.097995,2026-09-28
GOOG,339.16,2026-10-02,4,Put,322.50,-4.91%,0.46,0.5,0.48,2382,986,2.42,33.37%,35.20%,-0.081456,2026-09-28
META,715.62,2026-10-09,11,Call,725.00,-1.31%,16.1,16.51,16.7,797,331,2.41,41.32%,40.95%,0.447285,2026-09-28
IREN,41.72,2026-10-02,4,Call,43.50,-4.27%,0.79,0.8,0.82,1371,568,2.41,80.42%,85.86%,0.338992,2026-09-28
AMD,607.87,2026-10-02,4,Call,635.00,-4.46%,4.95,5.1,5.25,2035,844,2.41,54.43%,57.12%,0.244043,2026-09-28
VIK,79.3,2027-01-15,109,Call,85.00,-7.19%,5,5.3,5.4,2050,851,2.41,41.92%,41.05%,0.443731,2026-09-28
COIN,191.79,2026-10-09,11,Put,180.00,-6.15%,3,3.3,3.5,517,215,2.4,66.21%,60.86%,-0.253619,2026-09-28
AMD,607.87,2026-10-23,25,Put,480.00,-21.04%,1.88,2.02,2.02,715,298,2.4,54.43%,57.52%,-0.048398,2026-09-28
BMEA,1.29,2026-10-16,18,Put,1.50,+16.28%,0.25,0.32,0.35,1606,669,2.4,171.84%,144.38%,-0.620415,2026-09-28
GOOGL,342.75,2026-09-30,2,Call,360.00,-5.03%,0.16,0.17,0.19,3271,1364,2.4,33.53%,38.45%,0.0442,2026-09-28
AMD,607.87,2026-09-30,2,Call,632.50,-4.05%,2.26,2.29,2.35,640,268,2.39,54.43%,55.70%,0.174221,2026-09-28
NCLH,14.31,2026-10-02,4,Put,13.50,-5.66%,0.14,0.16,0.16,884,370,2.39,55.51%,76.42%,-0.219692,2026-09-28
META,715.62,2026-10-02,4,Call,747.50,-4.45%,3.95,3.72,4.2,506,213,2.38,41.32%,48.49%,0.204518,2026-09-28
INTC,116.03,2026-09-30,2,Put,105.00,-9.51%,0.11,0.12,0.14,623,262,2.38,67.65%,80.31%,-0.043358,2026-09-28
PTON,4.8,2026-10-23,25,Call,5.00,-4.17%,0.1,0.15,0.22,673,283,2.38,57.79%,47.40%,0.402987,2026-09-28
SPCX,145.47,2026-10-09,11,Call,147.00,-1.05%,4.05,4.12,4.15,1018,428,2.38,48.76%,46.92%,0.470769,2026-09-28
AMZN,246.15,2026-10-02,4,Put,257.50,+4.61%,10.55,11.78,13.05,1087,457,2.38,34.17%,35.68%,-0.883517,2026-09-28
SNDK,1712.89,2026-10-02,4,Call,"1,800.00",-5.09%,24.8,24.83,25.4,3143,1320,2.38,70.62%,79.67%,0.291825,2026-09-28
CLF,11.22,2026-10-16,18,Put,11.00,-1.96%,0.47,0.5,0.54,9138,3845,2.38,66.08%,62.35%,-0.413589,2026-09-28
SNDK,1712.89,2026-10-02,4,Call,"1,650.00",+3.67%,90.4,88.7,92.1,670,283,2.37,70.62%,76.31%,0.696235,2026-09-28
KMX,56.55,2026-10-16,18,Call,57.50,-1.68%,3,3.24,3.3,843,355,2.37,62.06%,70.50%,0.493653,2026-09-28
NOK,10.12,2026-10-09,11,Put,9.50,-6.13%,0.11,0.13,0.14,1136,479,2.37,58.13%,52.09%,-0.22588,2026-09-28
UNH,377.83,2026-10-02,4,Call,390.00,-3.22%,1.93,2,2.12,1588,669,2.37,41.11%,39.41%,0.228393,2026-09-28
NFLX,69.23,2026-10-02,4,Call,69.00,+0.33%,1.09,1.11,1.13,2401,1013,2.37,37.09%,33.78%,0.549284,2026-09-28
QCOM,187.48,2026-10-02,4,Put,172.50,-7.99%,0.37,0.4,0.47,620,263,2.36,51.93%,57.90%,-0.079614,2026-09-28
CRM,227.27,2026-10-02,4,Call,235.00,-3.40%,1.54,1.63,1.73,1354,573,2.36,40.17%,46.15%,0.254243,2026-09-28
IONQ,44.58,2026-10-09,11,Call,60.00,-34.59%,0.1,0.12,0.15,528,225,2.35,76.36%,95.24%,0.043921,2026-09-28
CRCL,85.8,2026-10-09,11,Call,85.00,+0.93%,4.5,4.95,5,659,280,2.35,72.86%,72.55%,0.558305,2026-09-28
BA,184.39,2026-10-09,11,Put,185.00,+0.33%,4.2,4.5,5.4,992,422,2.35,35.17%,35.04%,-0.509803,2026-09-28
AMD,607.87,2026-10-02,4,Put,605.00,-0.47%,12.1,12.45,12.6,1313,558,2.35,54.43%,54.68%,-0.453267,2026-09-28
ENVX,2.56,2029-01-19,844,Call,7.00,-173.44%,0.82,0.86,1,1660,707,2.35,92.35%,100.87%,0.572551,2026-09-28
VST,138.02,2026-10-02,4,Call,146.00,-5.78%,0.5,0.55,0.63,519,222,2.34,44.80%,50.63%,0.152104,2026-09-28
AMD,607.87,2026-09-30,2,Put,572.50,-5.82%,0.88,0.9,0.94,829,355,2.34,54.43%,57.74%,-0.07656,2026-09-28
USAR,14.41,2026-10-09,11,Put,15.50,+7.56%,1.29,1.38,1.41,900,385,2.34,71.99%,66.35%,-0.714849,2026-09-28
ET,20.1,2026-10-30,32,Call,20.00,+0.50%,0.52,0.46,0.62,1425,608,2.34,20.82%,22.84%,0.531161,2026-09-28
IONQ,44.58,2026-10-02,4,Call,47.50,-6.55%,0.61,0.67,0.69,1685,719,2.34,76.36%,89.86%,0.266641,2026-09-28
INTC,116.03,2026-09-30,2,Call,128.00,-10.32%,0.12,0.14,0.14,2789,1194,2.34,67.65%,78.05%,0.047731,2026-09-28
TSLA,357.45,2026-10-02,4,Put,345.00,-3.48%,2.23,2.29,2.3,4152,1773,2.34,42.15%,46.23%,-0.22225,2026-09-28
PANW,392.09,2026-10-02,4,Put,355.00,-9.46%,0.65,0.72,0.91,645,277,2.33,55.50%,64.56%,-0.065533,2026-09-28
QCOM,187.48,2026-10-02,4,Call,187.50,-0.01%,4.45,4.55,4.65,1087,467,2.33,51.93%,58.01%,0.512702,2026-09-28
PDD,78.49,2027-09-17,354,Put,50.00,-36.30%,1.42,1.68,1.78,2400,1032,2.33,33.08%,43.17%,-0.087061,2026-09-28
INTC,116.03,2026-10-02,4,Put,112.00,-3.47%,1.75,1.76,1.79,3032,1302,2.33,67.65%,72.01%,-0.304636,2026-09-28
CVNA,60.47,2026-10-02,4,Put,62.00,+2.53%,2.51,2.69,2.72,833,359,2.32,67.95%,68.84%,-0.620383,2026-09-28
FCX,71.96,2026-10-02,4,Call,72.00,-0.06%,1.41,1.5,1.61,1475,636,2.32,47.18%,50.52%,0.508838,2026-09-28
SPCX,145.47,2026-10-02,4,Call,150.00,-3.11%,1.48,1.48,1.49,34514,14853,2.32,48.76%,52.54%,0.300702,2026-09-28
MCHP,77.97,2026-10-02,4,Put,74.00,-5.09%,0.4,0.48,0.6,577,250,2.31,51.37%,58.23%,-0.186592,2026-09-28
BRK.B,503.09,2026-10-02,4,Call,507.50,-0.88%,1.41,1.5,1.72,650,281,2.31,15.67%,15.35%,0.305541,2026-09-28
CAPR,8.71,2026-10-16,18,Call,11.00,-26.29%,0.4,0.5,0.65,947,410,2.31,252.30%,158.73%,0.315387,2026-09-28
IBM,220.67,2026-10-02,4,Call,232.50,-5.36%,0.38,0.52,0.55,584,254,2.3,38.68%,39.54%,0.107694,2026-09-28
ARM,283.33,2026-10-02,4,Put,260.00,-8.23%,1.72,1.66,1.77,1213,527,2.3,73.24%,79.41%,-0.140067,2026-09-28
JANX,16.58,2028-01-21,480,Put,25.00,+50.78%,9.8,10.7,13,614,268,2.29,69.45%,79.97%,-0.496299,2026-09-28
HPE,62.63,2026-10-02,4,Put,62.00,-1.01%,1.36,1.69,1.72,755,329,2.29,64.62%,70.97%,-0.429749,2026-09-28
TSLA,357.45,2026-10-09,11,Call,355.00,+0.69%,11.25,11.55,11.85,1250,545,2.29,42.15%,40.78%,0.559273,2026-09-28
NBIS,231.88,2026-10-02,4,Call,255.00,-9.97%,1.88,1.88,1.91,2120,925,2.29,83.13%,90.05%,0.169378,2026-09-28
GEMI,5.2,2026-10-02,4,Put,5.00,-3.85%,0.1,0.15,0.15,552,242,2.28,110.08%,99.03%,-0.332227,2026-09-28
TSM,452.88,2026-10-09,11,Call,500.00,-10.40%,0.3,0.51,0.66,605,265,2.28,34.97%,32.94%,0.045887,2026-09-28
BE,262.87,2026-10-02,4,Call,315.00,-19.83%,0.22,0.3,0.45,1119,490,2.28,79.99%,92.35%,0.0345,2026-09-28
INOD,66.79,2026-10-02,4,Call,75.00,-12.29%,0.3,0.51,0.5,589,259,2.27,89.63%,93.20%,0.128138,2026-09-28
HIVE,3.04,2026-10-16,18,Call,3.50,-15.13%,0.1,0.13,0.15,843,371,2.27,93.94%,103.53%,0.312192,2026-09-28
COST,922.92,2026-10-02,4,Call,940.00,-1.85%,2.61,2.73,3,982,433,2.27,19.71%,22.48%,0.225892,2026-09-28
AMD,607.87,2026-09-30,2,Call,640.00,-5.29%,1.34,1.37,1.43,1203,530,2.27,54.43%,56.49%,0.113943,2026-09-28
ORCL,132.6,2026-10-02,4,Call,144.00,-8.60%,0.57,0.58,0.62,1580,696,2.27,51.72%,67.68%,0.130254,2026-09-28
BSX,44.11,2027-09-17,354,Put,35.00,-20.65%,2.25,2.58,3,1660,730,2.27,41.04%,43.36%,-0.20236,2026-09-28
CRWD,259.25,2026-10-02,4,Call,275.00,-6.08%,1.75,1.78,1.86,1719,756,2.27,55.75%,62.97%,0.19616,2026-09-28
NVDA,228.86,2026-10-02,4,Put,225.00,-1.69%,1.75,1.77,1.79,21850,9611,2.27,34.72%,35.67%,-0.314538,2026-09-28
U,39.86,2027-01-15,109,Call,25.00,+37.28%,15.05,15.5,15.75,5903,2610,2.26,63.28%,55.44%,0.958415,2026-09-28
CMG,31.85,2026-10-16,18,Call,34.00,-6.75%,0.37,0.47,0.6,6651,2939,2.26,43.82%,43.38%,0.270873,2026-09-28
AMD,607.87,2026-09-30,2,Call,650.00,-6.93%,0.66,0.67,0.7,1653,731,2.26,54.43%,57.72%,0.061514,2026-09-28
CLOV,4.33,2026-10-09,11,Call,4.50,-3.93%,0.09,0.17,0.19,529,235,2.25,69.15%,69.52%,0.401642,2026-09-28
INTC,116.03,2026-10-16,18,Put,108.00,-6.92%,2.96,3.02,3.05,614,273,2.25,67.65%,63.31%,-0.277227,2026-09-28
DELL,543.43,2026-10-02,4,Call,605.00,-11.33%,1.03,1.24,1.32,650,289,2.25,60.63%,67.82%,0.070632,2026-09-28
VST,138.02,2026-10-02,4,Call,140.00,-1.43%,1.84,1.96,2.06,874,389,2.25,44.80%,48.43%,0.401773,2026-09-28
AVGO,349.57,2026-09-30,2,Put,342.50,-2.02%,1.25,1.33,1.37,1502,669,2.25,36.15%,37.92%,-0.227343,2026-09-28
ASST,29,2026-10-02,4,Put,29.00,0.00%,0.85,0.91,1,1505,670,2.25,81.40%,76.86%,-0.482255,2026-09-28
BN,36.27,2026-10-16,18,Put,38.00,+4.77%,1.95,2.1,2.2,2282,1013,2.25,32.55%,31.04%,-0.736525,2026-09-28
TSLA,357.45,2026-10-09,11,Call,370.00,-3.51%,5.4,5.4,5.5,4380,1950,2.25,42.15%,41.35%,0.334098,2026-09-28
TSLA,357.45,2026-10-02,4,Put,360.00,+0.71%,8,8.11,8.15,8918,3989,2.24,42.15%,45.39%,-0.547365,2026-09-28
RDDT,143.08,2026-10-02,4,Put,142.00,-0.75%,2.85,3,3.25,541,242,2.24,63.49%,60.30%,-0.437556,2026-09-28
GM,80.64,2026-10-02,4,Put,82.00,+1.69%,1.87,2.09,2.17,969,433,2.24,35.86%,36.47%,-0.660256,2026-09-28
META,715.62,2026-10-09,11,Call,720.00,-0.61%,18.3,18.5,18.85,1055,471,2.24,41.32%,40.92%,0.485943,2026-09-28
ORCL,132.6,2026-10-02,4,Put,127.00,-4.22%,0.89,0.91,0.94,1965,876,2.24,51.72%,53.56%,-0.211259,2026-09-28
IREN,41.72,2026-10-02,4,Call,45.50,-9.06%,0.37,0.37,0.39,2638,1179,2.24,80.42%,88.32%,0.187441,2026-09-28
BE,262.87,2026-10-09,11,Call,270.00,-2.71%,10.15,10.66,11.25,636,285,2.23,79.99%,75.11%,0.447854,2026-09-28
AMD,607.87,2026-09-30,2,Call,635.00,-4.46%,1.88,2,2.01,1262,565,2.23,54.43%,55.90%,0.151626,2026-09-28
AAPL,338.4,2026-10-02,4,Put,332.50,-1.74%,1.21,1.32,1.39,3401,1526,2.23,24.12%,25.14%,-0.243616,2026-09-28
RKT,11.64,2026-10-16,18,Call,12.50,-7.39%,0.3,0.33,0.36,7800,3497,2.23,63.69%,62.44%,0.333251,2026-09-28
ORCL,132.6,2026-10-02,4,Call,140.00,-5.58%,1,1.06,1.06,7198,3237,2.22,51.72%,62.68%,0.214459,2026-09-28
USAR,14.41,2026-10-23,25,Call,19.00,-31.85%,0.08,0.14,0.17,546,246,2.22,71.99%,75.71%,0.100049,2026-09-28
TSLA,357.45,2026-10-09,11,Call,382.50,-7.01%,2.7,2.72,2.74,1006,453,2.22,42.15%,42.46%,0.193191,2026-09-28
LUNR,15.2,2026-10-02,4,Put,15.00,-1.32%,0.44,0.49,0.55,1019,458,2.22,87.25%,93.96%,-0.425648,2026-09-28
AMZN,246.15,2026-10-05,7,Call,252.50,-2.58%,1.5,1.51,1.71,598,270,2.21,34.17%,28.64%,0.273078,2026-09-28
ORCL,132.6,2026-10-16,18,Put,133.00,+0.30%,6.15,6.2,6.3,700,317,2.21,51.72%,51.88%,-0.484002,2026-09-28
QCOM,187.48,2026-10-02,4,Put,187.50,+0.01%,4.2,4.35,4.45,1097,497,2.21,51.93%,55.36%,-0.487902,2026-09-28
NVDA,228.86,2026-11-06,39,Call,250.00,-9.24%,2.56,2.73,2.77,1196,540,2.21,34.72%,30.69%,0.213864,2026-09-28
IONQ,44.58,2026-10-02,4,Call,46.50,-4.31%,0.86,0.91,0.89,1377,623,2.21,76.36%,87.05%,0.339969,2026-09-28
BMNR,26.84,2026-10-09,11,Call,27.00,-0.60%,1.3,1.33,1.37,732,333,2.2,75.86%,75.13%,0.511258,2026-09-28
AMD,607.87,2027-06-17,262,Call,730.00,-20.09%,79.2,81.07,84.7,1504,684,2.2,54.43%,57.17%,0.471293,2026-09-28
BEKE,16.95,2026-10-16,18,Call,17.00,-0.29%,0.35,0.61,0.85,3011,1370,2.2,43.45%,41.94%,0.502725,2026-09-28
PLTR,187.48,2026-10-02,4,Call,190.00,-1.34%,2.81,2.81,2.86,9524,4336,2.2,53.10%,49.94%,0.412487,2026-09-28
CRWD,259.25,2026-10-02,4,Call,270.00,-4.15%,2.79,2.81,2.9,2866,1308,2.19,55.75%,62.44%,0.280141,2026-09-28
ARM,283.33,2026-10-02,4,Put,285.00,+0.59%,10.1,10,10.45,640,293,2.18,73.24%,79.86%,-0.509757,2026-09-28
TSLA,357.45,2026-10-05,7,Call,382.50,-7.01%,1.26,1.31,1.32,762,351,2.17,42.15%,41.61%,0.128466,2026-09-28
CAPR,8.71,2026-10-02,4,Call,9.50,-9.07%,0.25,0.35,0.45,915,421,2.17,252.30%,176.88%,0.354171,2026-09-28
DAL,84.03,2026-10-02,4,Call,83.00,+1.23%,2.12,2.26,2.33,1754,809,2.17,46.15%,47.14%,0.610592,2026-09-28
TSLA,357.45,2026-09-30,2,Put,370.00,+3.51%,13.2,13.47,13.6,3244,1494,2.17,42.15%,44.36%,-0.849363,2026-09-28
NU,12.23,2026-11-20,53,Put,11.00,-10.06%,0.39,0.38,0.4,8985,4133,2.17,49.41%,50.96%,-0.251947,2026-09-28
IONQ,44.58,2026-10-09,11,Call,55.00,-23.37%,0.23,0.25,0.28,512,237,2.16,76.36%,84.73%,0.089075,2026-09-28
CRDO,192.67,2026-10-02,4,Put,185.00,-3.98%,3.3,3.46,3.7,605,280,2.16,76.38%,84.61%,-0.306014,2026-09-28
ORCL,132.6,2026-10-02,4,Put,133.00,+0.30%,3.15,3.23,3.3,3490,1616,2.16,51.72%,54.78%,-0.507985,2026-09-28
BX,114.56,2026-12-18,81,Call,100.00,+12.71%,16.55,18,18.4,540,251,2.15,40.71%,42.05%,0.779016,2026-09-28
META,715.62,2026-09-30,2,Call,747.50,-4.45%,1.66,1.7,1.8,698,324,2.15,41.32%,51.12%,0.129688,2026-09-28
UEC,9.21,2026-10-02,4,Call,9.50,-3.15%,0.22,0.23,0.25,1223,570,2.15,66.51%,92.22%,0.394164,2026-09-28
XOM,162.52,2026-10-09,11,Call,175.00,-7.68%,0.23,0.28,0.4,1607,748,2.15,30.16%,30.05%,0.083065,2026-09-28
ADBE,231.01,2026-12-18,81,Call,290.00,-25.54%,3.85,4.1,5.25,2234,1040,2.15,39.76%,45.97%,0.183722,2026-09-28
MSTR,157.14,2026-10-02,4,Put,152.50,-2.95%,2.72,2.75,2.85,2915,1353,2.15,67.92%,73.82%,-0.333134,2026-09-28
DY,266.79,2026-10-16,18,Call,310.00,-16.20%,0.05,1.65,2.3,553,259,2.14,54.92%,48.29%,0.092046,2026-09-28
ASTS,61,2026-10-16,18,Call,71.00,-16.39%,1.21,1.26,1.6,658,308,2.14,76.20%,82.65%,0.234234,2026-09-28
IBM,220.67,2027-01-15,109,Call,255.00,-15.56%,6.9,7.25,7.6,864,404,2.14,38.68%,38.16%,0.280969,2026-09-28
SG,8.24,2026-10-02,4,Call,8.50,-3.16%,0.15,0.2,0.25,1084,507,2.14,83.98%,89.19%,0.38915,2026-09-28
MU,1053.98,2026-10-02,4,Call,"1,075.00",-1.99%,32.4,33.05,33.45,1704,795,2.14,61.23%,95.48%,0.442979,2026-09-28
SOFI,15.93,2026-10-02,4,Put,15.50,-2.70%,0.14,0.14,0.15,11274,5290,2.13,49.78%,48.22%,-0.282716,2026-09-28
GOOGL,342.75,2026-10-02,4,Call,300.00,+12.47%,41.45,42.55,44.65,509,239,2.13,33.53%,63.81%,0.97898,2026-09-28
XYZ,73.31,2027-03-19,172,Put,57.50,-21.57%,2.41,2.63,2.9,524,246,2.13,45.40%,48.67%,-0.172537,2026-09-28
DELL,543.43,2026-10-02,4,Put,475.00,-12.59%,0.15,0.43,0.84,620,291,2.13,60.63%,70.42%,-0.030929,2026-09-28
AFRM,67.21,2026-10-02,4,Call,71.00,-5.64%,0.52,0.54,0.59,668,313,2.13,60.81%,64.53%,0.220038,2026-09-28
IONQ,44.58,2026-10-16,18,Call,46.00,-3.19%,2.25,2.38,2.39,1822,856,2.13,76.36%,73.38%,0.460494,2026-09-28
INTC,116.03,2026-10-02,4,Call,123.00,-6.01%,1.25,1.26,1.3,1904,896,2.13,67.65%,75.53%,0.243977,2026-09-28
CVS,87.85,2026-11-20,53,Put,80.00,-8.94%,1.84,1.86,1.93,2427,1137,2.13,35.51%,38.27%,-0.2338,2026-09-28
INTC,116.03,2026-10-30,32,Put,99.00,-14.68%,2.83,2.88,2.94,718,338,2.12,67.65%,71.40%,-0.192199,2026-09-28
MSFT,509.22,2026-09-30,2,Put,490.00,-3.77%,0.28,0.29,0.33,1080,510,2.12,29.74%,33.21%,-0.056588,2026-09-28
NCLH,14.31,2026-10-02,4,Call,14.50,-1.33%,0.33,0.38,0.4,1759,829,2.12,55.51%,75.00%,0.450919,2026-09-28
SNOW,328.12,2026-10-02,4,Call,335.00,-2.10%,4.4,4.5,4.95,532,252,2.11,48.77%,54.70%,0.37208,2026-09-28
CMG,31.85,2026-10-02,4,Call,34.50,-8.32%,0.04,0.11,0.16,627,297,2.11,43.82%,59.69%,0.107306,2026-09-28
ARM,283.33,2026-10-02,4,Call,310.00,-9.41%,2.2,2.34,2.3,850,403,2.11,73.24%,86.07%,0.171382,2026-09-28
MARA,12.11,2026-10-16,18,Call,14.50,-19.74%,0.23,0.23,0.25,1133,537,2.11,82.49%,86.24%,0.20189,2026-09-28
TSLA,357.45,2026-10-30,32,Call,370.00,-3.51%,14.2,14.3,14.3,1222,579,2.11,42.15%,45.18%,0.43449,2026-09-28
MU,1053.98,2026-10-02,4,Call,"1,035.00",+1.80%,50.95,51.84,51.85,1241,588,2.11,61.23%,93.97%,0.594138,2026-09-28
SOFI,15.93,2026-10-30,32,Call,16.50,-3.58%,0.64,0.78,0.78,1243,589,2.11,49.78%,49.43%,0.443082,2026-09-28
META,715.62,2026-10-16,18,Put,675.00,-5.68%,8.45,8.6,8.65,3276,1549,2.11,41.32%,38.72%,-0.229389,2026-09-28
CGEM,14.95,2027-12-17,445,Put,22.00,+47.16%,10,10.5,11.2,656,313,2.1,122.63%,93.88%,-0.44274,2026-09-28
BE,262.87,2026-10-23,25,Call,280.00,-6.52%,13.5,14.1,14.4,759,362,2.1,79.99%,74.84%,0.416512,2026-09-28
CRDO,192.67,2026-12-18,81,Call,300.00,-55.71%,6.7,7,7.4,1545,735,2.1,76.38%,86.40%,0.194137,2026-09-28
FIG,20.25,2026-10-02,4,Put,19.00,-6.17%,0.16,0.2,0.2,561,269,2.09,74.11%,75.05%,-0.196227,2026-09-28
USAR,14.41,2026-10-02,4,Call,15.00,-4.09%,0.2,0.21,0.22,716,342,2.09,71.99%,71.70%,0.31317,2026-09-28
LCID,3.9,2026-10-09,11,Put,4.00,+2.56%,0.28,0.3,0.35,512,246,2.08,94.53%,96.77%,-0.524485,2026-09-28
NBIS,231.88,2026-10-02,4,Put,245.00,+5.66%,16.7,16.18,16.95,572,275,2.08,83.13%,88.63%,-0.706805,2026-09-28
INTC,116.03,2026-10-02,4,Call,134.00,-15.49%,0.21,0.2,0.23,606,292,2.08,67.65%,82.85%,0.053426,2026-09-28
RF,27.26,2027-03-19,172,Put,25.00,-8.29%,1.05,1.05,1.35,685,329,2.08,28.90%,30.27%,-0.297327,2026-09-28
RIVN,14.79,2026-10-30,32,Put,13.50,-8.72%,0.37,0.43,0.48,711,342,2.08,59.48%,56.79%,-0.259564,2026-09-28
AMD,607.87,2026-10-02,4,Put,597.50,-1.71%,8.85,9.1,9.3,744,357,2.08,54.43%,54.56%,-0.368359,2026-09-28
AMD,607.87,2027-03-19,172,Put,590.00,-2.94%,74.75,77.02,77.5,988,475,2.08,54.43%,55.21%,-0.380552,2026-09-28
NBIS,231.88,2026-10-02,4,Call,232.50,-0.27%,8.15,8.2,8.3,995,478,2.08,83.13%,87.53%,0.508506,2026-09-28
UUUU,11.03,2028-01-21,480,Put,8.00,-27.47%,1.6,1.66,1.81,2577,1239,2.08,67.08%,76.42%,-0.197116,2026-09-28
INTC,116.03,2026-09-30,2,Put,109.00,-6.06%,0.39,0.39,0.41,570,276,2.07,67.65%,74.75%,-0.122934,2026-09-28
AMD,607.87,2026-10-09,11,Call,675.00,-11.04%,3.75,3.85,3.95,719,347,2.07,54.43%,53.05%,0.140355,2026-09-28
AAPL,338.4,2027-04-16,200,Put,320.00,-5.44%,14.75,15.15,15.45,705,342,2.06,24.12%,26.47%,-0.320226,2026-09-28
CRWD,259.25,2026-10-16,18,Put,230.00,-11.28%,2.64,2.72,3.05,1801,876,2.06,55.75%,57.52%,-0.155154,2026-09-28
BB,8.8,2026-10-02,4,Call,9.50,-7.95%,0.06,0.1,0.1,4226,2048,2.06,61.36%,81.73%,0.198499,2026-09-28
NFLX,69.23,2026-10-02,4,Put,68.00,-1.78%,0.42,0.44,0.45,5218,2547,2.05,37.09%,32.51%,-0.28957,2026-09-28
MU,1053.98,2026-10-02,4,Call,"1,200.00",-13.85%,5.9,5.9,5.95,11648,5673,2.05,61.23%,99.04%,0.115918,2026-09-28
NBIS,231.88,2026-10-02,4,Call,267.50,-15.36%,0.74,0.74,0.77,541,264,2.05,83.13%,92.53%,0.077457,2026-09-28
TSLA,357.45,2026-10-05,7,Put,357.50,+0.01%,7.55,7.62,7.75,562,274,2.05,42.15%,39.22%,-0.48592,2026-09-28
AVGO,349.57,2026-09-30,2,Put,335.00,-4.17%,0.14,0.39,0.36,925,451,2.05,36.15%,37.36%,-0.059484,2026-09-28
F,12.38,2026-10-16,18,Call,12.50,-0.97%,0.3,0.33,0.34,1214,591,2.05,36.64%,34.45%,0.462362,2026-09-28
QCOM,187.48,2026-10-02,4,Put,175.00,-6.66%,0.56,0.63,0.7,835,410,2.04,51.93%,56.20%,-0.114345,2026-09-28
DELL,543.43,2026-10-02,4,Put,535.00,-1.55%,10.4,11.2,11.25,963,472,2.04,60.63%,65.45%,-0.394672,2026-09-28
TSLA,357.45,2026-10-05,7,Call,385.00,-7.71%,1.06,1.08,1.11,1358,666,2.04,42.15%,42.27%,0.110005,2026-09-28
HOOD,116.46,2026-10-02,4,Put,111.00,-4.69%,1.33,1.3,1.4,1592,779,2.04,62.97%,72.44%,-0.249472,2026-09-28
TSLA,357.45,2026-10-02,4,Call,350.00,+2.08%,11.15,11.2,11.35,2000,980,2.04,42.15%,45.94%,0.681155,2026-09-28
SKHY,181.92,2026-10-02,4,Put,170.00,-6.55%,0.9,0.93,0.95,2603,1275,2.04,58.73%,63.44%,-0.144701,2026-09-28
MSFT,509.22,2026-10-02,4,Put,495.00,-2.79%,1.66,1.7,1.74,2927,1434,2.04,29.74%,31.08%,-0.184991,2026-09-28
RIVN,14.79,2026-10-02,4,Put,14.00,-5.34%,0.09,0.11,0.11,4831,2384,2.03,59.48%,61.44%,-0.186289,2026-09-28
VALE,13.59,2026-10-09,11,Call,14.00,-3.02%,0.19,0.23,0.24,510,251,2.03,36.70%,40.15%,0.350115,2026-09-28
BE,262.87,2026-10-02,4,Put,257.50,-2.04%,6.2,6.53,6.9,541,267,2.03,79.99%,83.07%,-0.387823,2026-09-28
M,23.01,2026-10-02,4,Call,23.00,+0.04%,0.41,0.57,0.67,612,302,2.03,41.28%,55.63%,0.514875,2026-09-28
PYPL,54.28,2026-10-09,11,Call,63.00,-16.06%,0.02,0.14,0.16,682,336,2.03,39.52%,49.86%,0.047652,2026-09-28
TGT,158.43,2026-10-02,4,Put,157.50,-0.59%,1.7,1.75,1.84,834,411,2.03,35.57%,33.52%,-0.425341,2026-09-28
AMZN,246.15,2026-10-09,11,Call,262.50,-6.64%,0.74,0.75,0.8,1123,554,2.03,34.17%,30.54%,0.122135,2026-09-28
MSTR,157.14,2026-10-02,4,Call,177.50,-12.96%,0.64,0.69,0.69,1279,631,2.03,67.92%,87.70%,0.100875,2026-09-28
BE,262.87,2026-10-02,4,Put,242.50,-7.75%,1.97,2.18,2.18,603,299,2.02,79.99%,83.04%,-0.164573,2026-09-28
CRWD,259.25,2026-10-02,4,Call,262.50,-1.25%,5.2,5.3,5.35,704,348,2.02,55.75%,61.78%,0.438909,2026-09-28
GOOG,339.16,2026-10-02,4,Put,320.00,-5.65%,0.32,0.36,0.34,4218,2096,2.01,33.37%,36.19%,-0.058942,2026-09-28
FIG,20.25,2026-11-20,53,Call,20.00,+1.23%,2.44,2.55,2.76,580,289,2.01,74.11%,79.40%,0.583748,2026-09-28
MET,95.82,2026-10-16,18,Call,95.00,+0.86%,2.35,2.35,2.75,708,353,2.01,26.44%,24.61%,0.57766,2026-09-28
CVNA,60.47,2026-10-02,4,Put,55.00,-9.05%,0.25,0.3,0.33,730,363,2.01,67.95%,78.57%,-0.115335,2026-09-28
PEP,128.5,2026-10-02,4,Call,131.00,-1.95%,0.38,0.42,0.46,949,473,2.01,26.28%,24.17%,0.2261,2026-09-28
AMD,607.87,2026-10-02,4,Call,605.00,+0.47%,15.25,15.9,15.9,1765,878,2.01,54.43%,55.12%,0.547072,2026-09-28
APLD,24.53,2028-01-21,480,Put,32.00,+30.45%,12.95,13.4,13.65,2042,1015,2.01,90.47%,82.14%,-0.420807,2026-09-28
SNDK,1712.89,2026-10-02,4,Call,"1,900.00",-10.92%,9.4,9.55,9.6,2959,1475,2.01,70.62%,84.33%,0.130185,2026-09-28
MU,1053.98,2026-10-02,4,Put,"1,015.00",-3.70%,22.9,23.45,23.65,692,346,2,61.23%,92.44%,-0.329378,2026-09-28
AMD,607.87,2026-10-09,11,Call,660.00,-8.58%,5.7,6,5.9,781,390,2,54.43%,52.17%,0.197536,2026-09-28
M,23.01,2026-10-02,4,Call,22.50,+2.22%,0.65,0.9,0.92,975,488,2,41.28%,51.30%,0.671798,2026-09-28
INTC,116.03,2026-10-16,18,Call,126.00,-8.59%,3.2,3.26,3.35,1202,602,2,67.65%,66.52%,0.318139,2026-09-28
CRWV,85.07,2026-10-09,11,Call,90.00,-5.80%,2.37,2.63,2.45,2464,1235,2,75.96%,72.84%,0.35453,2026-09-28
NBIS,231.88,2026-10-02,4,Call,260.00,-12.13%,1.31,1.31,1.33,3885,1950,1.99,83.13%,91.02%,0.12522,2026-09-28
RKLB,72.19,2026-10-02,4,Put,73.00,+1.12%,2.66,2.76,2.85,512,257,1.99,74.14%,77.31%,-0.537168,2026-09-28
UUUU,11.03,2026-10-02,4,Call,11.50,-4.26%,0.12,0.14,0.17,1051,529,1.99,67.08%,69.37%,0.297175,2026-09-28
P,129.4,2026-10-16,18,Put,110.00,-14.99%,0.75,0.96,1.2,1416,713,1.99,68.52%,62.80%,-0.106181,2026-09-28
TSM,452.88,2026-10-02,4,Put,427.50,-5.60%,0.46,0.48,0.53,520,263,1.98,34.97%,36.87%,-0.064039,2026-09-28
AMD,607.87,2026-10-02,4,Put,555.00,-8.70%,1.15,1.22,1.26,723,365,1.98,54.43%,60.25%,-0.069384,2026-09-28
HOOD,116.46,2027-09-17,354,Call,160.00,-37.39%,16.7,18.35,19.25,822,416,1.98,62.97%,64.16%,0.451952,2026-09-28
META,715.62,2026-09-30,2,Call,770.00,-7.60%,0.47,0.48,0.48,2571,1299,1.98,41.32%,55.82%,0.040318,2026-09-28
TSLA,357.45,2026-10-09,11,Call,390.00,-9.11%,1.75,1.79,1.8,2935,1485,1.98,42.15%,43.39%,0.134812,2026-09-28
AAPL,338.4,2026-10-02,4,Call,342.50,-1.21%,1.8,1.87,1.9,17420,8816,1.98,24.12%,24.48%,0.329246,2026-09-28
ONDS,7.68,2026-10-02,4,Put,7.50,-2.34%,0.13,0.13,0.15,8664,4401,1.97,74.49%,69.26%,-0.356267,2026-09-28
PEP,128.5,2026-10-02,4,Call,129.00,-0.39%,1,1.09,1.11,507,257,1.97,26.28%,24.06%,0.442616,2026-09-28
GS,916.28,2026-10-02,4,Call,950.00,-3.68%,3,3.16,3.5,635,322,1.97,35.33%,36.23%,0.176362,2026-09-28
BE,262.87,2026-10-02,4,Call,325.00,-23.64%,0.14,0.15,0.18,832,423,1.97,79.99%,93.90%,0.017665,2026-09-28
MDB,334.68,2026-11-20,53,Put,300.00,-10.36%,13,13.97,14.8,842,427,1.97,62.35%,59.24%,-0.267907,2026-09-28
ORCL,132.6,2026-10-16,18,Call,137.00,-3.32%,4.05,4.18,4.25,902,459,1.97,51.72%,50.61%,0.411162,2026-09-28
RIOT,21.62,2026-10-02,4,Call,22.50,-4.07%,0.41,0.48,0.5,986,501,1.97,82.48%,88.81%,0.352658,2026-09-28
BMNR,26.84,2026-10-02,4,Call,30.50,-13.64%,0.12,0.13,0.13,1221,620,1.97,75.86%,93.13%,0.104125,2026-09-28
CRWD,259.25,2026-10-16,18,Call,260.00,-0.29%,12.45,12.6,12.9,3529,1792,1.97,55.75%,55.74%,0.521553,2026-09-28
NFLX,69.23,2026-10-30,32,Call,70.00,-1.11%,3.3,3.35,3.4,522,267,1.96,37.09%,43.97%,0.50279,2026-09-28
JOBY,6.11,2026-10-02,4,Call,6.00,+1.80%,0.2,0.23,0.24,728,372,1.96,66.28%,62.26%,0.624732,2026-09-28
GME,23.96,2026-11-20,53,Put,21.00,-12.35%,0.34,0.5,0.5,1436,732,1.96,50.29%,41.82%,-0.185736,2026-09-28
TSLA,357.45,2026-09-30,2,Put,367.50,+2.81%,10.95,11.3,11.75,1927,985,1.96,42.15%,44.74%,-0.79329,2026-09-28
AAPL,338.4,2026-11-20,53,Call,420.00,-24.11%,0.16,0.18,0.2,2281,1166,1.96,24.12%,25.21%,0.015971,2026-09-28
GOOGL,342.75,2026-10-09,11,Call,370.00,-7.95%,0.86,0.89,0.96,2926,1490,1.96,33.53%,33.13%,0.099834,2026-09-28
RKLB,72.19,2026-10-02,4,Call,75.00,-3.89%,1.26,1.33,1.36,8499,4337,1.96,74.14%,79.86%,0.340915,2026-09-28
AAPL,338.4,2026-09-30,2,Call,350.00,-3.43%,0.1,0.11,0.11,10640,5433,1.96,24.12%,25.79%,0.040447,2026-09-28
HOOD,116.46,2026-10-02,4,Put,110.00,-5.55%,1.09,1.11,1.11,5650,2893,1.95,62.97%,72.15%,-0.212305,2026-09-28
PLTR,187.48,2026-10-02,4,Put,177.50,-5.32%,0.84,0.87,0.87,8902,4556,1.95,53.10%,53.02%,-0.153769,2026-09-28
INTC,116.03,2026-10-09,11,Call,118.00,-1.70%,4.4,4.5,4.75,504,259,1.95,67.65%,67.32%,0.46936,2026-09-28
NLY,20.35,2026-10-16,18,Put,19.50,-4.18%,0.3,0.32,0.39,635,326,1.95,22.62%,37.15%,-0.306591,2026-09-28
NVDA,228.86,2026-10-05,7,Put,212.50,-7.15%,0.35,0.36,0.39,714,366,1.95,34.72%,37.17%,-0.069629,2026-09-28
MRNA,197.28,2026-10-02,4,Put,190.00,-3.69%,4,4.1,4.2,892,457,1.95,88.83%,88.92%,-0.324739,2026-09-28
DFTX,38.41,2026-10-16,18,Put,35.00,-8.88%,0.45,0.5,0.75,1580,809,1.95,65.40%,56.62%,-0.207298,2026-09-28
CMG,31.85,2026-10-02,4,Put,31.00,-2.67%,0.18,0.25,0.45,2334,1198,1.95,43.82%,50.17%,-0.291679,2026-09-28
AMZN,246.15,2026-10-02,4,Put,260.00,+5.63%,13.4,14.4,15.4,2657,1364,1.95,34.17%,43.07%,-0.884047,2026-09-28
MSGS,416.34,2026-11-20,53,Put,380.00,-8.73%,4.1,5.3,5.9,526,271,1.94,27.46%,29.93%,-0.183453,2026-09-28
MS,193.64,2026-10-02,4,Call,202.50,-4.58%,0.22,0.33,0.39,528,272,1.94,33.58%,32.64%,0.09893,2026-09-28
KSS,18.18,2026-10-02,4,Call,18.00,+0.99%,0.58,0.64,0.64,842,434,1.94,58.59%,68.04%,0.570132,2026-09-28
CVX,206.37,2026-10-02,4,Put,195.00,-5.51%,0.12,0.2,0.21,873,450,1.94,28.14%,33.85%,-0.052778,2026-09-28
BE,262.87,2026-10-02,4,Put,255.00,-2.99%,5.3,5.48,5.6,1472,760,1.94,79.99%,82.08%,-0.3442,2026-09-28
ON,75.65,2027-08-20,326,Call,75.00,+0.86%,16.4,17.68,19.5,1502,773,1.94,59.75%,58.71%,0.641459,2026-09-28
BE,262.87,2026-10-02,4,Call,280.00,-6.52%,3.35,3.5,3.6,2928,1510,1.94,79.99%,85.63%,0.256309,2026-09-28
MU,1053.98,2026-10-02,4,Call,"1,250.00",-18.60%,3,3.05,3.1,4136,2137,1.94,61.23%,103.17%,0.064074,2026-09-28
SPCX,145.47,2026-10-02,4,Call,155.00,-6.55%,0.56,0.56,0.57,27073,13924,1.94,48.76%,53.99%,0.138529,2026-09-28
MRVL,251.9,2026-10-02,4,Put,237.50,-5.72%,2.21,2.38,2.38,770,400,1.93,65.85%,72.34%,-0.206047,2026-09-28
MU,1053.98,2026-10-02,4,Put,940.00,-10.81%,5.45,5.5,5.55,1084,563,1.93,61.23%,92.20%,-0.107852,2026-09-28
CVX,206.37,2026-10-02,4,Call,207.50,-0.55%,2.08,1.97,2.32,689,358,1.92,28.14%,31.52%,0.441256,2026-09-28
NFLX,69.23,2026-10-02,4,Call,68.00,+1.78%,1.7,1.61,1.75,844,440,1.92,37.09%,33.79%,0.704213,2026-09-28
BULL,7.05,2029-01-19,844,Call,17.50,-148.23%,0.87,1,1.08,882,459,1.92,61.85%,60.68%,0.343649,2026-09-28
MRVL,251.9,2026-10-09,11,Put,230.00,-8.69%,4.05,4.33,4.35,888,463,1.92,65.85%,73.29%,-0.215776,2026-09-28
NVDA,228.86,2026-10-16,18,Put,232.50,+1.59%,7.95,8.05,8.15,1052,548,1.92,34.72%,30.66%,-0.57157,2026-09-28
AXTI,73.67,2026-10-02,4,Put,65.00,-11.77%,0.5,0.57,0.7,1539,802,1.92,111.88%,112.71%,-0.130606,2026-09-28
MU,1053.98,2026-10-05,7,Call,"1,060.00",-0.57%,41.85,42.05,42.4,682,357,1.91,61.23%,76.61%,0.5025,2026-09-28
BAC,55.47,2026-10-09,11,Call,56.00,-0.96%,0.75,0.79,0.79,786,411,1.91,29.03%,25.97%,0.429187,2026-09-28
VZ,46.68,2026-10-23,25,Call,48.00,-2.83%,0.36,0.45,0.48,834,436,1.91,25.45%,19.36%,0.290706,2026-09-28
CRWD,259.25,2026-10-02,4,Call,257.50,+0.68%,7.6,7.65,7.85,989,518,1.91,55.75%,62.62%,0.556703,2026-09-28
B,41.09,2026-10-02,4,Call,43.50,-5.87%,0.08,0.12,0.13,1104,577,1.91,42.83%,44.34%,0.115106,2026-09-28
INTC,116.03,2026-10-02,4,Put,107.00,-7.78%,0.63,0.65,0.66,1197,627,1.91,67.65%,73.73%,-0.13721,2026-09-28
ALAB,351.31,2026-10-16,18,Call,350.00,+0.37%,26.6,25.95,29,1214,634,1.91,88.56%,86.48%,0.549923,2026-09-28
SOFI,15.93,2026-10-09,11,Call,16.00,-0.44%,0.46,0.48,0.48,2616,1370,1.91,49.78%,44.83%,0.499052,2026-09-28
TSLA,357.45,2026-10-02,4,Put,350.00,-2.08%,3.55,3.6,3.65,8444,4444,1.9,42.15%,45.52%,-0.317894,2026-09-28
TSLA,357.45,2027-03-19,172,Call,405.00,-13.30%,28.15,28.35,28.7,523,275,1.9,42.15%,44.27%,0.423057,2026-09-28
APP,308.24,2026-10-02,4,Call,310.00,-0.57%,6.9,7.1,7.1,549,289,1.9,65.63%,60.34%,0.479339,2026-09-28
NVDA,228.86,2029-01-19,844,Call,230.00,-0.50%,63.2,64,64.5,611,322,1.9,34.72%,40.89%,0.672954,2026-09-28
AAPL,338.4,2026-10-30,32,Put,335.00,-1.00%,7.8,8.05,8.2,696,367,1.9,24.12%,25.24%,-0.418351,2026-09-28
CRM,227.27,2026-10-02,4,Put,212.50,-6.50%,0.44,0.45,0.48,837,440,1.9,40.17%,48.06%,-0.085788,2026-09-28
APLD,24.53,2026-10-02,4,Put,25.50,+3.95%,1.36,1.37,1.45,848,446,1.9,90.47%,80.31%,-0.661226,2026-09-28
BB,8.8,2026-10-09,11,Call,9.00,-2.27%,0.32,0.33,0.38,1777,933,1.9,61.36%,71.19%,0.455969,2026-09-28
ENVX,2.56,2026-10-16,18,Put,3.00,+17.19%,0.42,0.54,0.57,3054,1604,1.9,92.35%,82.90%,-0.781712,2026-09-28
BAC,55.47,2028-01-21,480,Call,95.00,-71.26%,0.3,0.36,0.6,671,355,1.89,29.03%,27.04%,0.066588,2026-09-28
MMED,20.49,2026-10-16,18,Call,22.50,-9.81%,0.3,0.35,0.7,4494,2392,1.88,61.61%,65.49%,0.288537,2026-09-28
MU,1053.98,2026-10-02,4,Call,"1,050.00",+0.38%,43.7,44,44.1,8211,4378,1.88,61.23%,94.87%,0.536642,2026-09-28
T,24.9,2026-10-23,25,Put,24.00,-3.61%,0.47,0.48,0.54,547,291,1.88,27.14%,34.55%,-0.32584,2026-09-28
ORCL,132.6,2026-10-09,11,Call,147.00,-10.86%,1.05,1.1,1.11,695,369,1.88,51.72%,57.08%,0.162555,2026-09-28
MU,1053.98,2026-10-02,4,Put,895.00,-15.08%,2.09,2.12,2.21,602,322,1.87,61.23%,96.40%,-0.047005,2026-09-28
ARLP,24.83,2026-11-20,53,Call,27.50,-10.75%,0.1,0.1,0.2,612,327,1.87,26.15%,24.77%,0.132624,2026-09-28
SMMT,15.48,2026-10-02,4,Call,19.00,-22.74%,0.6,0.73,0.75,1605,857,1.87,150.34%,272.44%,0.28285,2026-09-28
T,24.9,2026-10-02,4,Put,25.00,+0.40%,0.3,0.32,0.34,1959,1049,1.87,27.14%,25.57%,-0.554743,2026-09-28
META,715.62,2026-10-09,11,Call,900.00,-25.77%,0.1,0.18,0.21,2191,1171,1.87,41.32%,52.89%,0.007376,2026-09-28
BB,8.8,2026-10-09,11,Call,8.50,+3.41%,0.57,0.64,0.64,2388,1279,1.87,61.36%,72.29%,0.636278,2026-09-28
AMZN,246.15,2026-09-30,2,Call,252.50,-2.58%,0.43,0.45,0.45,12175,6498,1.87,34.17%,32.17%,0.147117,2026-09-28
NVDA,228.86,2026-10-16,18,Call,242.50,-5.96%,1.78,1.81,1.82,4288,2308,1.86,34.72%,30.38%,0.212046,2026-09-28
GOOG,339.16,2026-10-02,4,Call,360.00,-6.14%,0.36,0.37,0.37,7350,3948,1.86,33.37%,36.87%,0.064823,2026-09-28
CG,39.52,2026-10-16,18,Put,35.00,-11.44%,0.1,0.2,0.25,553,298,1.86,44.38%,43.31%,-0.094446,2026-09-28
TSLA,357.45,2026-10-02,4,Put,332.50,-6.98%,0.66,0.67,0.69,988,531,1.86,42.15%,49.97%,-0.078275,2026-09-28
CVNA,60.47,2026-11-20,53,Call,75.00,-24.03%,2.04,2.13,2.22,1160,625,1.86,67.95%,69.10%,0.253248,2026-09-28
JPM,336.59,2026-10-02,4,Call,352.50,-4.73%,0.14,0.15,0.18,1218,654,1.86,27.22%,25.51%,0.043878,2026-09-28
COIN,191.79,2026-10-02,4,Call,195.00,-1.67%,4.2,4.3,4.5,2477,1330,1.86,66.21%,71.59%,0.429223,2026-09-28
INTC,116.03,2026-10-02,4,Call,128.00,-10.32%,0.55,0.57,0.58,2787,1495,1.86,67.65%,78.18%,0.124213,2026-09-28
PSKY,10.28,2026-10-09,11,Call,10.50,-2.14%,0.09,0.29,0.55,547,296,1.85,56.68%,58.20%,0.438839,2026-09-28
SPCX,145.47,2026-10-16,18,Put,147.00,+1.05%,6.5,6.45,6.55,631,342,1.85,48.76%,45.28%,-0.515861,2026-09-28
USAR,14.41,2026-10-16,18,Call,18.50,-28.38%,0.06,0.1,0.27,821,443,1.85,71.99%,89.50%,0.125821,2026-09-28
GIS,33.6,2027-06-17,262,Call,40.00,-19.05%,1.1,1.48,1.75,1077,583,1.85,32.62%,32.80%,0.281011,2026-09-28
MSFT,509.22,2026-10-02,4,Call,540.00,-6.04%,0.35,0.38,0.38,4933,2672,1.85,29.74%,33.46%,0.049645,2026-09-28
NVDA,228.86,2026-10-05,7,Call,230.00,-0.50%,3.2,3.3,3.35,7871,4255,1.85,34.72%,29.59%,0.466235,2026-09-28
UBER,68.16,2026-10-02,4,Call,70.00,-2.70%,0.41,0.4,0.43,4529,2457,1.84,36.97%,37.98%,0.261252,2026-09-28
GS,916.28,2026-10-02,4,Call,960.00,-4.77%,1.6,1.91,2.08,519,282,1.84,35.33%,35.91%,0.11193,2026-09-28
HIMS,28.78,2026-10-09,11,Put,27.00,-6.18%,0.55,0.57,0.65,888,483,1.84,76.60%,67.95%,-0.271283,2026-09-28
CRWD,259.25,2026-10-02,4,Call,267.50,-3.18%,3.4,3.5,3.65,1185,644,1.84,55.75%,62.19%,0.329176,2026-09-28
LITE,921.32,2026-10-02,4,Call,"1,000.00",-8.54%,7,7,8,3583,1951,1.84,74.35%,81.83%,0.181704,2026-09-28
DELL,543.43,2026-10-02,4,Call,555.00,-2.13%,9.1,10,10.4,563,308,1.83,60.63%,64.29%,0.392085,2026-09-28
MU,1053.98,2026-10-09,11,Call,"1,250.00",-18.60%,7,7.18,7.3,754,413,1.83,61.23%,76.09%,0.111884,2026-09-28
CORZ,16.52,2026-10-02,4,Call,17.50,-5.93%,0.18,0.2,0.25,1088,595,1.83,78.38%,81.03%,0.263675,2026-09-28
XPEV,9.95,2026-10-23,25,Call,11.00,-10.55%,0.15,0.19,0.25,1111,608,1.83,51.59%,52.37%,0.259744,2026-09-28
TTD,12.34,2026-10-02,4,Call,12.50,-1.30%,0.21,0.23,0.25,1667,912,1.83,67.91%,58.06%,0.430704,2026-09-28
AAPL,338.4,2026-09-30,2,Call,335.00,+1.00%,4.45,4.6,4.75,1973,1080,1.83,24.12%,25.08%,0.71354,2026-09-28
CRWV,85.07,2026-10-02,4,Call,94.00,-10.50%,0.49,0.5,0.52,1978,1080,1.83,75.96%,83.87%,0.138224,2026-09-28
AVGO,349.57,2026-10-09,11,Call,365.00,-4.41%,3.2,3.3,3.45,2273,1240,1.83,36.15%,36.04%,0.259691,2026-09-28
AMD,607.87,2026-10-02,4,Put,560.00,-7.88%,1.47,1.54,1.58,2280,1246,1.83,54.43%,59.01%,-0.086122,2026-09-28
VICI,23.19,2026-11-20,53,Call,25.00,-7.81%,0.1,0.15,0.2,2873,1571,1.83,20.80%,20.57%,0.162101,2026-09-28
MSFT,509.22,2026-10-02,4,Put,510.00,+0.15%,6.45,6.63,6.75,2910,1589,1.83,29.74%,29.53%,-0.510032,2026-09-28
WMT,108.73,2026-10-02,4,Call,111.00,-2.09%,0.36,0.39,0.39,3676,2005,1.83,26.64%,25.45%,0.226572,2026-09-28
MSFT,509.22,2026-10-02,4,Call,525.00,-3.10%,1.56,1.56,1.69,4221,2307,1.83,29.74%,31.21%,0.182169,2026-09-28
ORCL,132.6,2026-10-02,4,Put,130.00,-1.96%,1.79,1.81,1.85,10535,5783,1.82,51.72%,53.83%,-0.350582,2026-09-28
AMD,607.87,2026-10-09,11,Call,665.00,-9.40%,4.95,5.2,5.2,522,287,1.82,54.43%,52.49%,0.176845,2026-09-28
DASH,178.39,2026-10-02,4,Call,200.00,-12.11%,0,0.14,0.4,534,294,1.82,53.28%,62.25%,0.04312,2026-09-28
COHR,282.45,2026-12-18,81,Put,250.00,-11.49%,19.5,21.5,22,575,316,1.82,73.95%,71.28%,-0.290139,2026-09-28
SNAP,5.22,2026-10-16,18,Put,5.50,+5.36%,0.37,0.38,0.45,647,355,1.82,66.50%,53.04%,-0.646213,2026-09-28
CPB,20.04,2026-10-02,4,Put,19.50,-2.69%,0.15,0.17,0.2,736,405,1.82,32.43%,46.51%,-0.28163,2026-09-28
SNDK,1712.89,2026-10-02,4,Put,"1,550.00",-9.51%,6.8,6.92,7.1,1451,797,1.82,70.62%,77.74%,-0.101434,2026-09-28
BULL,7.05,2026-10-16,18,Put,7.00,-0.71%,0.24,0.32,0.33,1656,909,1.82,61.85%,50.67%,-0.44711,2026-09-28
NVDA,228.86,2026-10-09,11,Put,217.50,-4.96%,1.4,1.43,1.44,2561,1409,1.82,34.72%,34.44%,-0.18481,2026-09-28
AMD,607.87,2026-09-30,2,Put,560.00,-7.88%,0.35,0.4,0.42,626,345,1.81,54.43%,61.84%,-0.034446,2026-09-28
NOW,131.45,2026-10-02,4,Put,123.00,-6.43%,0.61,0.62,0.67,655,362,1.81,55.31%,61.70%,-0.142992,2026-09-28
CRCL,85.8,2026-11-20,53,Call,85.00,+0.93%,10.15,10.6,10.7,955,527,1.81,72.86%,75.71%,0.578008,2026-09-28
BX,114.56,2028-12-15,809,Put,90.00,-21.44%,10,12.05,13.6,1000,554,1.81,40.71%,39.15%,-0.221148,2026-09-28
CSX,46.76,2026-11-20,53,Call,47.50,-1.58%,1.5,1.85,1.85,1112,613,1.81,25.01%,27.14%,0.474916,2026-09-28
IREN,41.72,2026-10-02,4,Put,41.00,-1.73%,1.08,1.1,1.25,3721,2051,1.81,80.42%,87.14%,-0.405009,2026-09-28
AMD,607.87,2026-10-02,4,Put,582.50,-4.17%,4.45,4.65,4.75,833,464,1.8,54.43%,55.46%,-0.22066,2026-09-28
JEF,47.13,2026-10-16,18,Call,55.00,-16.70%,0.2,0.3,0.35,834,463,1.8,48.90%,53.44%,0.107384,2026-09-28
F,12.38,2026-10-30,32,Put,12.00,-3.07%,0.35,0.35,0.38,1138,631,1.8,36.64%,36.96%,-0.367797,2026-09-28
PINS,18.41,2027-03-19,172,Call,20.00,-8.64%,2.02,2.29,2.42,1182,656,1.8,54.68%,53.69%,0.505215,2026-09-28
GS,916.28,2026-10-16,18,Put,800.00,-12.69%,2.01,2.25,2.35,1661,922,1.8,35.33%,40.57%,-0.059307,2026-09-28
TSLA,357.45,2026-10-02,4,Put,352.50,-1.38%,4.45,4.5,4.6,1806,1005,1.8,42.15%,45.65%,-0.373242,2026-09-28
CLF,11.22,2026-10-02,4,Put,11.50,+2.50%,0.37,0.55,0.55,2118,1178,1.8,66.08%,63.43%,-0.631436,2026-09-28
SNDK,1712.89,2026-10-02,4,Put,"1,700.00",-0.75%,47.8,48.12,48.4,2181,1209,1.8,70.62%,76.65%,-0.444862,2026-09-28
INTC,116.03,2026-10-02,4,Call,122.00,-5.15%,1.46,1.45,1.52,2933,1626,1.8,67.65%,75.03%,0.275987,2026-09-28
U,39.86,2027-01-15,109,Call,20.00,+49.82%,20.15,20.08,20.3,3005,1671,1.8,63.28%,67.93%,0.981097,2026-09-28
NVDA,228.86,2026-10-09,11,Call,245.00,-7.05%,0.62,0.64,0.65,6812,3790,1.8,34.72%,30.82%,0.10981,2026-09-28
TSLA,357.45,2026-10-02,4,Call,375.00,-4.91%,1.61,1.65,1.64,9154,5091,1.8,42.15%,47.25%,0.17467,2026-09-28
AMZN,246.15,2026-10-02,4,Call,260.00,-5.63%,0.28,0.29,0.29,18545,10314,1.8,34.17%,35.06%,0.071953,2026-09-28
SNDK,1712.89,2026-10-02,4,Call,"2,000.00",-16.76%,3.7,3.8,3.8,7297,4068,1.79,70.62%,90.34%,0.056271,2026-09-28
DVN,46.73,2026-12-18,81,Put,42.50,-9.05%,1.32,1.38,1.45,1038,580,1.79,38.24%,36.96%,-0.257864,2026-09-28
HOOD,116.46,2026-10-02,4,Call,119.00,-2.18%,2.53,2.55,2.64,1218,681,1.79,62.97%,75.23%,0.409357,2026-09-28
JPM,336.59,2026-10-02,4,Call,347.50,-3.24%,0.5,0.54,0.58,1375,770,1.79,27.22%,25.69%,0.122139,2026-09-28
META,715.62,2026-10-23,25,Call,760.00,-6.20%,12.75,13.04,13.55,1742,974,1.79,41.32%,38.62%,0.301312,2026-09-28
C,131.31,2026-10-02,4,Call,138.00,-5.09%,0.15,0.15,0.19,2220,1240,1.79,34.02%,33.55%,0.082038,2026-09-28
ORCL,132.6,2026-10-02,4,Call,141.00,-6.33%,0.86,0.9,0.92,2486,1389,1.79,51.72%,63.79%,0.188686,2026-09-28
IONQ,44.58,2026-10-02,4,Call,49.00,-9.91%,0.36,0.36,0.42,508,285,1.78,76.36%,91.89%,0.176112,2026-09-28
RUN,7.67,2026-10-02,4,Call,8.00,-4.30%,0.13,0.14,0.15,614,345,1.78,77.55%,83.42%,0.332169,2026-09-28
CHWY,18.61,2027-03-19,172,Put,15.00,-19.40%,0.71,0.96,1,673,379,1.78,47.01%,50.60%,-0.199881,2026-09-28
BABA,108.76,2026-10-09,11,Call,110.00,-1.14%,2.33,2.42,2.48,807,453,1.78,39.43%,39.40%,0.447519,2026-09-28
FCX,71.96,2028-01-21,480,Call,105.00,-45.91%,7.7,8,8.65,872,491,1.78,47.18%,49.70%,0.380321,2026-09-28
XOM,162.52,2026-10-09,11,Put,155.00,-4.63%,0.72,0.86,0.89,925,520,1.78,30.16%,30.02%,-0.172858,2026-09-28
NVDA,228.86,2026-10-05,7,Put,217.50,-4.96%,0.7,0.72,0.75,1028,578,1.78,34.72%,33.94%,-0.131476,2026-09-28
TSM,452.88,2027-06-17,262,Call,470.00,-3.78%,54.85,56.75,57.25,3022,1701,1.78,34.97%,38.48%,0.547547,2026-09-28
NBIS,231.88,2026-10-02,4,Put,222.50,-4.05%,4.35,4.3,4.45,525,297,1.77,83.13%,87.40%,-0.308128,2026-09-28
PEP,128.5,2026-10-02,4,Call,128.00,+0.39%,1.27,1.7,1.86,528,299,1.77,26.28%,24.36%,0.564751,2026-09-28
APP,308.24,2026-10-09,11,Put,300.00,-2.67%,7.6,8.2,8.4,571,323,1.77,65.63%,56.02%,-0.367911,2026-09-28
TSLA,357.45,2026-09-30,2,Put,332.50,-6.98%,0.18,0.17,0.19,740,418,1.77,42.15%,53.77%,-0.032687,2026-09-28
TSM,452.88,2026-10-02,4,Call,490.00,-8.20%,0.13,0.17,0.18,750,424,1.77,34.97%,37.39%,0.023609,2026-09-28
STUB,5.3,2028-01-21,480,Call,15.00,-183.02%,0.25,0.34,0.4,1030,581,1.77,67.05%,68.38%,0.195066,2026-09-28
INTC,116.03,2026-10-02,4,Put,111.00,-4.34%,1.45,1.47,1.49,1113,629,1.77,67.65%,72.27%,-0.264946,2026-09-28
AEM,184.15,2026-10-16,18,Put,185.00,+0.46%,6.7,7,7.5,1135,640,1.77,44.45%,41.56%,-0.49655,2026-09-28
CCL,22.14,2026-10-16,18,Call,22.50,-1.63%,0.89,0.91,0.98,1219,687,1.77,49.49%,55.73%,0.474003,2026-09-28
DASH,178.39,2027-01-15,109,Put,175.00,-1.90%,15.6,15.2,17.5,1388,785,1.77,53.28%,49.90%,-0.405423,2026-09-28
MCD,233.6,2026-10-02,4,Call,240.00,-2.74%,0.45,0.48,0.55,2229,1262,1.77,22.48%,25.21%,0.156702,2026-09-28
BB,8.8,2026-10-16,18,Call,8.50,+3.41%,0.62,0.68,0.72,2244,1268,1.77,61.36%,64.84%,0.627885,2026-09-28
NVDA,228.86,2026-10-02,4,Call,217.50,+4.96%,10.45,12.02,12.2,3246,1831,1.77,34.72%,41.77%,0.883899,2026-09-28
UBER,68.16,2026-10-02,4,Put,67.00,-1.70%,0.51,0.54,0.52,3627,2044,1.77,36.97%,35.36%,-0.311297,2026-09-28
BE,262.87,2026-10-02,4,Call,290.00,-10.32%,1.75,1.82,2,4275,2416,1.77,79.99%,87.92%,0.154652,2026-09-28
SPCX,145.47,2026-10-02,4,Call,146.00,-0.36%,2.96,2.93,2.98,4384,2478,1.77,48.76%,52.57%,0.487703,2026-09-28
NVDA,228.86,2026-10-09,11,Put,230.00,+0.50%,5.3,5.35,5.45,4931,2791,1.77,34.72%,30.82%,-0.520556,2026-09-28
SKHY,181.92,2026-10-02,4,Call,190.00,-4.44%,1.98,2.03,2.09,5537,3153,1.76,58.73%,65.20%,0.275423,2026-09-28
AMD,607.87,2026-10-02,4,Put,545.00,-10.34%,0.72,0.76,0.81,532,303,1.76,54.43%,63.05%,-0.045213,2026-09-28
APLD,24.53,2026-10-02,4,Call,25.50,-3.95%,0.43,0.46,0.47,549,312,1.76,90.47%,80.87%,0.340615,2026-09-28
GILD,152.21,2026-10-02,4,Call,155.00,-1.83%,0.44,0.97,1.27,714,405,1.76,30.38%,30.08%,0.289364,2026-09-28
META,715.62,2026-10-23,25,Call,740.00,-3.41%,18.75,18.86,19.5,739,419,1.76,41.32%,38.26%,0.397383,2026-09-28
NVDA,228.86,2026-11-06,39,Put,210.00,-8.24%,2.83,3.04,3.1,800,455,1.76,34.72%,34.34%,-0.197009,2026-09-28
EOSE,3.07,2026-12-18,81,Call,6.00,-95.44%,0.13,0.14,0.27,1013,577,1.76,105.22%,134.30%,0.233028,2026-09-28
TSLA,357.45,2026-10-16,18,Call,480.00,-34.28%,0.23,0.26,0.25,3674,2086,1.76,42.15%,59.01%,0.015044,2026-09-28
AMD,607.87,2027-06-17,262,Call,860.00,-41.48%,51,52.83,54.7,642,366,1.75,54.43%,57.36%,0.341823,2026-09-28
HOOD,116.46,2027-09-17,354,Put,15.00,-87.12%,0.09,0.11,0.25,1548,887,1.75,62.97%,96.09%,-0.003684,2026-09-28
GME,23.96,2026-10-02,4,Call,25.50,-6.43%,0.2,0.21,0.22,3294,1877,1.75,50.29%,71.68%,0.212969,2026-09-28
APP,308.24,2026-10-02,4,Put,270.00,-12.41%,0.2,0.2,0.25,586,337,1.74,65.63%,66.89%,-0.026672,2026-09-28
APP,308.24,2026-10-02,4,Call,325.00,-5.44%,2.3,2.3,2.6,661,379,1.74,65.63%,62.23%,0.219533,2026-09-28
BE,262.87,2026-10-02,4,Put,247.50,-5.85%,2.98,3.19,3.45,855,490,1.74,79.99%,83.47%,-0.230382,2026-09-28
ASTS,61,2026-10-02,4,Put,59.00,-3.28%,1.1,1.13,1.18,860,495,1.74,76.20%,79.46%,-0.327502,2026-09-28
AMD,607.87,2026-10-02,4,Call,650.00,-6.93%,2.59,2.63,2.7,4834,2775,1.74,54.43%,58.07%,0.143422,2026-09-28
MSFT,509.22,2026-10-02,4,Put,500.00,-1.81%,2.7,2.77,2.88,6120,3525,1.74,29.74%,30.47%,-0.274731,2026-09-28
NVDA,228.86,2026-10-02,4,Put,222.50,-2.78%,1.15,1.17,1.19,8485,4873,1.74,34.72%,36.96%,-0.22465,2026-09-28
CCL,22.14,2026-11-20,53,Call,24.00,-8.40%,0.84,0.91,0.96,5289,3059,1.73,49.49%,47.32%,0.363008,2026-09-28
PLTR,187.48,2026-10-02,4,Put,180.00,-3.99%,1.27,1.29,1.29,7161,4145,1.73,53.10%,51.66%,-0.215632,2026-09-28
WDAY,188.6,2026-10-30,32,Call,200.00,-6.04%,6.1,6.67,7.3,570,329,1.73,50.78%,49.16%,0.379644,2026-09-28
UNH,377.83,2026-10-02,4,Put,365.00,-3.40%,1.74,1.85,1.86,738,427,1.73,41.11%,40.22%,-0.198962,2026-09-28
META,715.62,2026-10-02,4,Put,690.00,-3.58%,4.3,4.39,4.5,1213,703,1.73,41.32%,46.34%,-0.216757,2026-09-28
RGTI,15.95,2026-10-02,4,Put,15.00,-5.96%,0.14,0.15,0.16,1731,1003,1.73,73.19%,75.16%,-0.204765,2026-09-28
NOW,131.45,2026-10-02,4,Put,128.00,-2.62%,1.73,1.8,1.83,855,497,1.72,55.31%,59.70%,-0.321758,2026-09-28
META,715.62,2026-10-16,18,Put,665.00,-7.07%,6.25,6.5,6.6,1194,695,1.72,41.32%,39.12%,-0.182381,2026-09-28
INTC,116.03,2026-10-05,7,Call,130.00,-12.04%,0.58,0.61,0.67,1427,831,1.72,67.65%,67.30%,0.121758,2026-09-28
SPCX,145.47,2027-01-15,109,Call,280.00,-92.48%,0.41,0.47,0.46,2627,1528,1.72,48.76%,56.81%,0.027838,2026-09-28
NFLX,69.23,2026-10-02,4,Call,73.00,-5.45%,0.1,0.11,0.11,7423,4327,1.72,37.09%,36.51%,0.087385,2026-09-28
IONQ,44.58,2026-10-02,4,Call,50.00,-12.16%,0.19,0.26,0.28,4971,2902,1.71,76.36%,89.19%,0.119442,2026-09-28
CMG,31.85,2026-10-16,18,Call,32.50,-2.04%,0.73,1,1.06,531,311,1.71,43.82%,40.94%,0.438136,2026-09-28
NFLX,69.23,2026-10-30,32,Call,78.00,-12.67%,1.02,1.02,1.04,710,416,1.71,37.09%,44.87%,0.210405,2026-09-28
SPCX,145.47,2026-10-02,4,Put,149.00,+2.43%,5.15,5.2,5.2,3639,2134,1.71,48.76%,51.00%,-0.661706,2026-09-28
APLD,24.53,2026-10-23,25,Call,30.00,-22.30%,0.73,0.81,0.96,525,308,1.7,90.47%,96.83%,0.25551,2026-09-28
VST,138.02,2026-10-02,4,Put,134.00,-2.91%,1.03,1.09,1.21,562,331,1.7,44.80%,47.11%,-0.264199,2026-09-28
AKAM,108.99,2026-11-20,53,Call,120.00,-10.10%,6.8,7.5,8,633,372,1.7,62.74%,68.54%,0.414578,2026-09-28
MSTR,157.14,2026-10-02,4,Put,148.00,-5.82%,1.32,1.44,1.54,877,516,1.7,67.92%,73.07%,-0.204199,2026-09-28
MGM,31.86,2026-12-18,81,Call,38.00,-19.27%,0.45,0.65,0.65,919,542,1.7,38.22%,37.23%,0.192919,2026-09-28
DELL,543.43,2026-10-02,4,Put,520.00,-4.31%,5.2,6.3,6,1094,642,1.7,60.63%,65.05%,-0.246272,2026-09-28
NFLX,69.23,2026-10-16,18,Call,71.00,-2.56%,1.28,1.3,1.31,1207,711,1.7,37.09%,32.35%,0.386356,2026-09-28
TSLA,357.45,2026-10-05,7,Call,380.00,-6.31%,1.53,1.56,1.58,1866,1095,1.7,42.15%,41.14%,0.150936,2026-09-28
NKE,36.39,2026-10-02,4,Put,38.00,+4.42%,2.5,2.41,2.56,2731,1603,1.7,50.80%,102.90%,-0.636042,2026-09-28
KR,59.69,2026-10-02,4,Call,62.00,-3.87%,0.09,0.16,0.2,503,298,1.69,28.70%,32.96%,0.140201,2026-09-28
AMD,607.87,2026-10-09,11,Put,570.00,-6.23%,6.7,7.03,7.1,540,319,1.69,54.43%,50.79%,-0.2161,2026-09-28
APP,308.24,2026-10-02,4,Call,330.00,-7.06%,1.55,1.66,1.75,953,564,1.69,65.63%,62.86%,0.159316,2026-09-28
NFLX,69.23,2026-10-23,25,Call,89.00,-28.56%,0.15,0.17,0.18,1056,624,1.69,37.09%,53.40%,0.043788,2026-09-28
AAPL,338.4,2026-09-30,2,Call,337.50,+0.27%,2.87,2.78,3.05,2220,1317,1.69,24.12%,24.52%,0.566149,2026-09-28
BA,184.39,2026-10-02,4,Put,190.00,+3.04%,6.2,6.45,6.8,2334,1381,1.69,35.17%,36.53%,-0.777798,2026-09-28
AMZN,246.15,2026-09-30,2,Call,255.00,-3.60%,0.22,0.23,0.25,7964,4715,1.69,34.17%,34.04%,0.083684,2026-09-28
NVDA,228.86,2026-09-30,2,Call,227.50,+0.59%,3,3.1,3.15,10664,6340,1.68,34.72%,34.23%,0.600789,2026-09-28
WDC,453.23,2026-10-02,4,Call,460.00,-1.49%,11.6,12.25,13.05,669,399,1.68,70.65%,80.76%,0.448965,2026-09-28
IONQ,44.58,2026-10-02,4,Put,43.00,-3.54%,0.8,0.8,0.88,694,412,1.68,76.36%,82.38%,-0.320638,2026-09-28
PL,16.77,2026-10-02,4,Call,18.50,-10.32%,0.1,0.13,0.15,762,453,1.68,70.84%,89.17%,0.158499,2026-09-28
BIDU,86.97,2026-10-02,4,Call,90.00,-3.48%,0.31,0.51,0.53,793,471,1.68,40.41%,39.28%,0.211246,2026-09-28
GOOGL,342.75,2026-10-05,7,Call,350.00,-2.12%,2.6,2.7,2.84,813,483,1.68,33.53%,28.92%,0.313723,2026-09-28
IREN,41.72,2026-10-02,4,Put,39.50,-5.32%,0.53,0.55,0.56,1365,812,1.68,80.42%,81.73%,-0.246248,2026-09-28
ORCL,132.6,2026-10-09,11,Put,120.00,-9.50%,0.7,0.72,0.72,2000,1189,1.68,51.72%,50.92%,-0.118725,2026-09-28
GOOGL,342.75,2026-10-02,4,Put,315.00,-8.10%,0.1,0.13,0.17,2817,1676,1.68,33.53%,41.36%,-0.023851,2026-09-28
WMT,108.73,2026-10-02,4,Call,108.00,+0.67%,1.57,1.57,1.65,3758,2238,1.68,26.64%,26.27%,0.60661,2026-09-28
MU,1053.98,2026-10-16,18,Put,"1,060.00",+0.57%,61.6,61.55,62.4,697,417,1.67,61.23%,64.01%,-0.483569,2026-09-28
PEP,128.5,2026-10-02,4,Call,130.00,-1.17%,0.53,0.67,0.72,1016,608,1.67,26.28%,22.89%,0.31732,2026-09-28
TSM,452.88,2026-10-09,11,Call,450.00,+0.64%,11.3,11.94,13.2,1018,609,1.67,34.97%,33.67%,0.561257,2026-09-28
CVX,206.37,2026-10-02,4,Call,212.50,-2.97%,0.59,0.67,0.75,1115,667,1.67,28.14%,30.80%,0.186601,2026-09-28
AMD,607.87,2026-10-02,4,Call,600.00,+1.29%,18.25,18.45,18.7,2417,1444,1.67,54.43%,55.69%,0.602583,2026-09-28
PCG,11.95,2026-11-20,53,Call,12.00,-0.42%,0.82,0.83,0.91,2562,1536,1.67,42.93%,48.04%,0.533457,2026-09-28
INTC,116.03,2026-10-02,4,Call,120.00,-3.42%,2.01,2.01,2.06,12549,7511,1.67,67.65%,74.47%,0.349071,2026-09-28
CBRS,196.74,2026-10-02,4,Call,240.00,-21.99%,0.2,0.3,0.3,520,313,1.66,77.36%,99.67%,0.032258,2026-09-28
MOD,175.04,2026-10-16,18,Put,170.00,-2.88%,7.6,8.34,9.3,535,322,1.66,75.26%,71.46%,-0.392465,2026-09-28
MARA,12.11,2026-10-16,18,Call,12.50,-3.22%,0.71,0.76,0.74,622,374,1.66,82.49%,82.41%,0.471601,2026-09-28
MSTR,157.14,2026-10-09,11,Put,170.00,+8.18%,15.65,14.8,16.05,759,456,1.66,67.92%,70.19%,-0.719029,2026-09-28
AMZN,246.15,2026-10-16,18,Put,247.50,+0.55%,6.55,6.7,6.85,864,519,1.66,34.17%,28.46%,-0.513115,2026-09-28
CVNA,60.47,2026-10-02,4,Put,60.00,-0.78%,1.47,1.47,1.6,1052,634,1.66,67.95%,70.41%,-0.441364,2026-09-28
GOOGL,342.75,2026-10-09,11,Put,310.00,-9.56%,0.2,0.39,0.48,1088,654,1.66,33.53%,34.08%,-0.040551,2026-09-28
SNDK,1712.89,2026-10-02,4,Call,"1,950.00",-13.84%,5.8,6.2,6,1171,704,1.66,70.62%,87.18%,0.08528,2026-09-28
BAC,55.47,2026-10-09,11,Put,53.00,-4.45%,0.07,0.23,0.24,1322,795,1.66,29.03%,24.07%,-0.130896,2026-09-28
SKHY,181.92,2026-10-02,4,Put,185.00,+1.69%,6.45,6.5,6.55,1899,1142,1.66,58.73%,63.27%,-0.585371,2026-09-28
AMD,607.87,2026-09-30,2,Call,620.00,-2.00%,4.95,5.1,5.15,1986,1194,1.66,54.43%,54.70%,0.321861,2026-09-28
TTD,12.34,2028-01-21,480,Put,7.50,-39.22%,0.97,1.06,1.16,538,326,1.65,67.91%,70.30%,-0.140563,2026-09-28
COIN,191.79,2026-10-02,4,Call,215.00,-12.10%,0.64,0.71,0.77,1185,720,1.65,66.21%,80.69%,0.095903,2026-09-28
MU,1053.98,2026-10-02,4,Call,"1,030.00",+2.28%,53.5,54.6,54.5,1458,883,1.65,61.23%,93.44%,0.613526,2026-09-28
BB,8.8,2026-10-30,32,Call,9.00,-2.27%,0.54,0.6,0.68,2139,1297,1.65,61.36%,65.96%,0.500184,2026-09-28
CRWD,259.25,2026-10-02,4,Call,265.00,-2.22%,4.25,4.35,4.45,2329,1410,1.65,55.75%,62.15%,0.382787,2026-09-28
TSLA,357.45,2026-10-02,4,Put,340.00,-4.88%,1.35,1.39,1.4,4344,2637,1.65,42.15%,47.16%,-0.147688,2026-09-28
PLTR,187.48,2026-10-02,4,Call,192.50,-2.68%,1.94,1.95,1.98,4796,2903,1.65,53.10%,49.77%,0.318102,2026-09-28
SPCX,145.47,2026-10-02,4,Put,145.00,-0.32%,2.85,2.89,2.87,16039,9800,1.64,48.76%,51.38%,-0.462752,2026-09-28
AUR,5.29,2026-10-09,11,Call,6.00,-13.42%,0.05,0.1,0.15,543,332,1.64,73.31%,87.92%,0.229283,2026-09-28
META,715.62,2026-10-23,25,Call,720.00,-0.61%,26.7,26.55,27.8,582,355,1.64,41.32%,38.15%,0.505271,2026-09-28
RIVN,14.79,2026-10-09,11,Call,15.00,-1.42%,0.47,0.5,0.51,1495,910,1.64,59.48%,56.40%,0.466882,2026-09-28
BE,262.87,2026-10-02,4,Put,240.00,-8.70%,1.45,1.69,1.75,2082,1270,1.64,79.99%,82.27%,-0.134686,2026-09-28
WMT,108.73,2027-06-17,262,Put,92.50,-14.93%,3,3.2,3.5,3045,1857,1.64,26.64%,29.25%,-0.194573,2026-09-28
BAM,44.5,2026-10-16,18,Call,47.50,-6.74%,0.3,0.35,0.45,529,324,1.63,32.76%,34.21%,0.204572,2026-09-28
T,24.9,2027-09-17,354,Call,27.00,-8.43%,1.67,1.68,1.81,752,460,1.63,27.14%,26.85%,0.416849,2026-09-28
TSLA,357.45,2026-10-16,18,Call,372.50,-4.21%,7.2,7.45,7.35,910,557,1.63,42.15%,40.96%,0.349425,2026-09-28
COP,126.04,2027-06-17,262,Call,140.00,-11.08%,8.65,9.23,9.25,1031,633,1.63,31.92%,32.44%,0.412569,2026-09-28
MU,1053.98,2026-10-02,4,Put,"1,020.00",-3.22%,25,25.5,25.6,1188,728,1.63,61.23%,92.81%,-0.348401,2026-09-28
AMZN,246.15,2026-10-09,11,Put,215.00,-12.65%,0.11,0.13,0.15,1294,795,1.63,34.17%,39.14%,-0.020601,2026-09-28
NCLH,14.31,2026-10-02,4,Put,14.00,-2.17%,0.29,0.32,0.33,1545,947,1.63,55.51%,76.20%,-0.374853,2026-09-28
MGM,31.86,2026-10-16,18,Call,35.00,-9.86%,0.15,0.25,0.3,2210,1352,1.63,38.22%,39.71%,0.158581,2026-09-28
NVDA,228.86,2026-10-09,11,Put,225.00,-1.69%,3.2,3.24,3.3,5881,3597,1.63,34.72%,31.99%,-0.363216,2026-09-28
WMT,108.73,2026-10-02,4,Call,110.00,-1.17%,0.64,0.65,0.67,7652,4695,1.63,26.64%,25.62%,0.341821,2026-09-28
NVDA,228.86,2026-10-09,11,Call,240.00,-4.87%,1.3,1.31,1.35,10818,6631,1.63,34.72%,30.76%,0.199317,2026-09-28
BAC,55.47,2026-10-02,4,Call,56.00,-0.96%,0.41,0.44,0.44,4289,2640,1.62,29.03%,28.04%,0.380702,2026-09-28
RIO,94.41,2026-12-18,81,Put,85.00,-9.97%,1.35,2,2.15,511,315,1.62,30.44%,29.11%,-0.219015,2026-09-28
FIG,20.25,2026-11-20,53,Put,20.00,-1.23%,2.1,2.16,2.43,584,360,1.62,74.11%,80.14%,-0.417684,2026-09-28
AMD,607.87,2026-10-16,18,Put,595.00,-2.12%,20.1,20.2,20.8,616,381,1.62,54.43%,50.41%,-0.397037,2026-09-28
BA,184.39,2026-12-18,81,Put,250.00,+35.58%,62.35,63.77,67.45,657,406,1.62,35.17%,28.24%,-0.993566,2026-09-28
MRNA,197.28,2026-10-02,4,Put,185.00,-6.22%,2.43,2.48,2.58,726,449,1.62,88.83%,88.01%,-0.227277,2026-09-28
CLF,11.22,2026-10-09,11,Put,12.00,+6.95%,0.9,0.98,1.04,1125,694,1.62,66.08%,60.82%,-0.719099,2026-09-28
JPM,336.59,2026-11-20,53,Call,355.00,-5.47%,5.8,6.15,6.3,1277,786,1.62,27.22%,24.60%,0.312374,2026-09-28
SPCX,145.47,2026-10-16,18,Put,144.00,-1.01%,4.95,5,5,1599,990,1.62,48.76%,45.22%,-0.433853,2026-09-28
INTC,116.03,2026-10-02,4,Put,109.00,-6.06%,0.97,0.99,1.01,1628,1004,1.62,67.65%,72.93%,-0.194518,2026-09-28
CIFR,16.74,2026-11-20,53,Put,12.00,-28.32%,0.49,0.51,0.65,2006,1236,1.62,96.80%,101.58%,-0.143006,2026-09-28
NVDA,228.86,2026-10-05,7,Call,227.50,+0.59%,4.45,4.37,5.05,2271,1398,1.62,34.72%,31.34%,0.569142,2026-09-28
SMR,7.91,2026-10-02,4,Put,8.00,+1.14%,0.3,0.31,0.32,3448,2129,1.62,78.50%,79.57%,-0.535936,2026-09-28
CELH,28,2027-01-15,109,Call,37.50,-33.93%,0.68,1.11,1.2,1002,624,1.61,57.59%,55.60%,0.221111,2026-09-28
AMD,607.87,2026-10-02,4,Call,660.00,-8.58%,1.62,1.63,1.75,1337,829,1.61,54.43%,58.98%,0.09768,2026-09-28
FLUT,76.63,2026-12-18,81,Put,80.00,+4.40%,9,9.6,9.8,1550,962,1.61,61.85%,54.25%,-0.5074,2026-09-28
CRWV,85.07,2026-10-02,4,Call,99.00,-16.37%,0.16,0.19,0.19,1936,1206,1.61,75.96%,87.70%,0.054663,2026-09-28
CRML,7.65,2026-10-16,18,Call,9.00,-17.65%,0.2,0.3,0.35,5036,3136,1.61,104.47%,104.06%,0.281118,2026-09-28
NKE,36.39,2026-12-18,81,Call,52.50,-44.27%,0.24,0.27,0.31,5158,3203,1.61,50.80%,50.63%,0.077001,2026-09-28
NBIS,231.88,2026-10-02,4,Call,250.00,-7.81%,2.69,2.69,2.73,5810,3628,1.6,83.13%,89.41%,0.225845,2026-09-28
UAMY,4.26,2027-05-21,235,Call,5.00,-17.37%,0.95,1.1,1.15,506,316,1.6,89.90%,93.35%,0.578349,2026-09-28
INTC,116.03,2026-10-09,11,Put,106.00,-8.64%,1.44,1.48,1.58,587,367,1.6,67.65%,65.60%,-0.195141,2026-09-28
CELH,28,2026-10-02,4,Call,28.50,-1.79%,0.34,0.47,0.65,691,432,1.6,57.59%,60.42%,0.404576,2026-09-28
INTC,116.03,2026-10-16,18,Put,109.00,-6.06%,3.25,3.3,3.4,778,487,1.6,67.65%,63.11%,-0.299212,2026-09-28
ORCL,132.6,2026-10-09,11,Call,140.00,-5.58%,2.16,2.19,2.25,844,528,1.6,51.72%,53.41%,0.29734,2026-09-28
SPCX,145.47,2026-10-16,18,Call,157.50,-8.27%,2.02,2.03,2.03,856,534,1.6,48.76%,46.32%,0.241176,2026-09-28
HIMS,28.78,2026-10-02,4,Put,29.00,+0.76%,0.97,1.01,1.07,961,602,1.6,76.60%,75.59%,-0.520908,2026-09-28
META,715.62,2026-10-02,4,Put,715.00,-0.09%,13.1,13.2,13.45,1719,1076,1.6,41.32%,45.89%,-0.480584,2026-09-28
NOW,131.45,2026-10-02,4,Put,120.00,-8.71%,0.31,0.33,0.35,2711,1699,1.6,55.31%,63.89%,-0.080478,2026-09-28
NUAI,6.96,2026-10-09,11,Call,7.50,-7.76%,0.25,0.4,0.45,531,333,1.59,110.77%,115.58%,0.394998,2026-09-28
PG,149.03,2026-10-09,11,Call,152.50,-2.33%,0.75,0.8,0.8,536,337,1.59,21.23%,19.62%,0.257673,2026-09-28
NFLX,69.23,2026-10-09,11,Put,65.00,-6.11%,0.23,0.24,0.25,593,372,1.59,37.09%,32.45%,-0.121727,2026-09-28
PANW,392.09,2026-10-02,4,Call,385.00,+1.81%,13.55,13.84,14.6,625,392,1.59,55.50%,61.86%,0.625817,2026-09-28
COIN,191.79,2026-10-02,4,Put,165.00,-13.97%,0.12,0.17,0.21,679,427,1.59,66.21%,76.56%,-0.027284,2026-09-28
MOS,22.25,2026-10-16,18,Put,22.00,-1.12%,0.7,0.76,0.85,739,465,1.59,48.51%,45.72%,-0.434947,2026-09-28
PEP,128.5,2026-10-02,4,Call,134.00,-4.28%,0.04,0.11,0.1,795,501,1.59,26.28%,24.38%,0.051325,2026-09-28
SKHY,181.92,2026-10-02,4,Put,177.50,-2.43%,2.74,2.73,2.82,900,567,1.59,58.73%,62.46%,-0.339274,2026-09-28
TSM,452.88,2026-10-02,4,Put,435.00,-3.95%,1.06,1.1,1.16,1274,801,1.59,34.97%,35.12%,-0.130793,2026-09-28
GME,23.96,2026-11-20,53,Put,20.00,-16.53%,0.2,0.24,0.3,1858,1167,1.59,50.29%,42.89%,-0.120348,2026-09-28
AVGO,349.57,2026-10-02,4,Call,355.00,-1.55%,3.3,3.36,3.45,2583,1628,1.59,36.15%,38.32%,0.361017,2026-09-28
SPCX,145.47,2026-10-09,11,Call,165.00,-13.43%,0.44,0.45,0.46,3654,2291,1.59,48.76%,49.92%,0.081231,2026-09-28
BWXT,134.35,2026-10-16,18,Call,135.00,-0.48%,4.7,5.1,5.4,688,436,1.58,45.22%,44.23%,0.505976,2026-09-28
MU,1053.98,2026-10-02,4,Put,"1,025.00",-2.75%,26.7,27.15,27.75,862,545,1.58,61.23%,92.70%,-0.367092,2026-09-28
CRCL,85.8,2026-10-02,4,Call,97.00,-13.05%,0.35,0.39,0.47,957,604,1.58,72.86%,91.03%,0.108332,2026-09-28
UBER,68.16,2026-10-02,4,Put,66.00,-3.17%,0.25,0.26,0.28,1442,915,1.58,36.97%,35.71%,-0.186625,2026-09-28
NVDA,228.86,2026-10-09,11,Call,242.50,-5.96%,0.9,0.91,0.95,1613,1022,1.58,34.72%,30.76%,0.149645,2026-09-28
CRWD,259.25,2026-10-02,4,Put,240.00,-7.43%,1,1.04,1.07,1730,1098,1.58,55.75%,64.25%,-0.117676,2026-09-28
INTC,116.03,2026-10-02,4,Call,124.00,-6.87%,1.06,1.1,1.11,2006,1273,1.58,67.65%,75.96%,0.214448,2026-09-28
COST,922.92,2026-10-02,4,Call,945.00,-2.39%,1.83,1.96,2.07,539,343,1.57,19.71%,22.82%,0.167814,2026-09-28
AMD,607.87,2026-10-09,11,Put,600.00,-1.29%,16.35,16.9,17.25,657,418,1.57,54.43%,49.70%,-0.418683,2026-09-28
BB,8.8,2026-10-30,32,Call,9.50,-7.95%,0.22,0.45,0.5,713,455,1.57,61.36%,59.32%,0.371401,2026-09-28
MU,1053.98,2026-10-02,4,Call,"1,125.00",-6.74%,17.1,17.23,17.3,852,544,1.57,61.23%,96.17%,0.276489,2026-09-28
UEC,9.21,2026-10-02,4,Call,10.00,-8.58%,0.1,0.1,0.13,1311,834,1.57,66.51%,96.74%,0.224268,2026-09-28
INTC,116.03,2026-10-02,4,Put,105.00,-9.51%,0.4,0.4,0.42,3886,2478,1.57,67.65%,74.79%,-0.093502,2026-09-28
NVDA,228.86,2026-10-02,4,Call,230.00,-0.50%,2.81,2.84,2.85,39998,25521,1.57,34.72%,34.77%,0.456995,2026-09-28
JPM,336.59,2026-12-18,81,Call,345.00,-2.50%,12.25,12.75,12.75,502,322,1.56,27.22%,24.55%,0.453274,2026-09-28
HD,289.89,2026-10-02,4,Put,280.00,-3.41%,0.52,0.7,0.79,552,353,1.56,29.93%,30.77%,-0.13649,2026-09-28
SPCX,145.47,2026-10-16,18,Put,146.00,+0.36%,5.95,5.95,6,615,394,1.56,48.76%,45.22%,-0.488582,2026-09-28
MS,193.64,2026-10-02,4,Put,180.00,-7.04%,0.05,0.13,0.26,629,404,1.56,33.58%,41.56%,-0.044155,2026-09-28
EOSE,3.07,2026-10-02,4,Call,3.00,+2.28%,0.15,0.18,0.18,776,496,1.56,105.22%,99.62%,0.609281,2026-09-28
GOOG,339.16,2026-10-02,4,Call,337.50,+0.49%,5.7,5.7,5.9,1006,646,1.56,33.37%,34.34%,0.565733,2026-09-28
PANW,392.09,2026-10-02,4,Call,390.00,+0.53%,11,11.28,11.8,1025,656,1.56,55.50%,62.68%,0.548063,2026-09-28
NU,12.23,2026-12-18,81,Call,12.00,+1.88%,1.22,1.27,1.3,1581,1014,1.56,49.41%,47.92%,0.593366,2026-09-28
INTC,116.03,2026-10-02,4,Call,127.00,-9.45%,0.65,0.68,0.68,1679,1075,1.56,67.65%,77.55%,0.142838,2026-09-28
HOOD,116.46,2026-10-02,4,Put,116.00,-0.39%,3.25,3.32,3.4,1703,1089,1.56,62.97%,73.61%,-0.462384,2026-09-28
NFLX,69.23,2026-10-30,32,Put,65.00,-6.11%,1.62,1.65,1.65,2103,1350,1.56,37.09%,43.02%,-0.280289,2026-09-28
APP,308.24,2026-10-02,4,Call,320.00,-3.82%,3.4,3.59,3.6,739,477,1.55,65.63%,61.05%,0.292087,2026-09-28
SPCX,145.47,2026-10-16,18,Put,148.00,+1.74%,7.05,7.05,7.1,816,527,1.55,48.76%,45.14%,-0.543174,2026-09-28
BE,262.87,2026-10-02,4,Call,310.00,-17.93%,0.4,0.44,0.48,1049,676,1.55,79.99%,90.02%,0.044734,2026-09-28
NBIS,231.88,2026-10-02,4,Call,240.00,-3.50%,4.95,5.25,5.3,2819,1815,1.55,83.13%,86.75%,0.371087,2026-09-28
CCL,22.14,2026-10-02,4,Call,22.50,-1.63%,0.61,0.62,0.68,3751,2425,1.55,49.49%,87.07%,0.448169,2026-09-28
TSLA,357.45,2026-10-02,4,Put,365.00,+2.11%,11.1,11.15,11.3,4287,2774,1.55,42.15%,45.50%,-0.658774,2026-09-28
OKLO,37.11,2027-01-15,109,Call,75.00,-102.10%,0.71,0.77,0.84,4494,2894,1.55,73.44%,86.47%,0.110046,2026-09-28
AMZN,246.15,2026-10-02,4,Call,257.50,-4.61%,0.44,0.45,0.45,8329,5388,1.55,34.17%,33.92%,0.107498,2026-09-28
MU,1053.98,2026-10-02,4,Put,"1,000.00",-5.12%,18.1,18.15,18.35,3949,2559,1.54,61.23%,92.44%,-0.275731,2026-09-28
TSLA,357.45,2026-10-16,18,Put,362.50,+1.41%,15.05,14.9,15.3,565,367,1.54,42.15%,40.26%,-0.538619,2026-09-28
BE,262.87,2026-10-09,11,Put,220.00,-16.31%,1.09,1.32,1.4,624,405,1.54,79.99%,75.56%,-0.076198,2026-09-28
CRWV,85.07,2026-10-09,11,Call,85.00,+0.08%,4.2,4.37,4.4,721,468,1.54,75.96%,71.66%,0.531181,2026-09-28
ORCL,132.6,2026-10-02,4,Put,126.00,-4.98%,0.69,0.73,0.75,730,473,1.54,51.72%,53.90%,-0.174271,2026-09-28
MRNA,197.28,2026-10-16,18,Call,210.00,-6.45%,8.75,8.9,9.1,928,603,1.54,88.83%,79.16%,0.398713,2026-09-28
HBAN,15.3,2026-11-20,53,Put,16.00,+4.58%,0.95,0.86,1.1,1000,648,1.54,30.44%,25.98%,-0.653795,2026-09-28
MU,1053.98,2026-10-02,4,Put,990.00,-6.07%,15.1,15.17,15.3,1144,741,1.54,61.23%,92.10%,-0.24144,2026-09-28
AMD,607.87,2026-10-09,11,Call,650.00,-6.93%,7.5,7.7,7.9,1160,755,1.54,54.43%,51.99%,0.24685,2026-09-28
NOW,131.45,2026-10-02,4,Call,130.00,+1.10%,4,4,4.1,1549,1009,1.54,55.31%,59.41%,0.58564,2026-09-28
MRVL,251.9,2026-10-02,4,Put,250.00,-0.75%,6.35,6.54,6.55,1604,1039,1.54,65.85%,70.67%,-0.442751,2026-09-28
GOOG,339.16,2026-10-02,4,Call,342.50,-0.98%,3.35,3.47,3.55,1905,1236,1.54,33.37%,34.33%,0.403741,2026-09-28
NFLX,69.23,2026-10-02,4,Put,67.00,-3.22%,0.21,0.22,0.22,2221,1443,1.54,37.09%,33.18%,-0.165759,2026-09-28
DKNG,21.16,2026-10-02,4,Call,22.50,-6.33%,0.13,0.16,0.17,2923,1898,1.54,62.43%,64.99%,0.194228,2026-09-28
RKLB,72.19,2026-10-02,4,Call,73.00,-1.12%,1.96,2,2.02,1178,771,1.53,74.14%,77.85%,0.463765,2026-09-28
CVS,87.85,2026-11-20,53,Call,90.00,-2.45%,3.7,3.85,3.9,1236,808,1.53,35.51%,35.25%,0.457404,2026-09-28
IREN,41.72,2026-10-02,4,Call,46.50,-11.46%,0.24,0.26,0.26,1254,821,1.53,80.42%,89.03%,0.1329,2026-09-28
AMD,607.87,2026-10-02,4,Put,610.00,+0.35%,14.6,15.57,15.3,1875,1228,1.53,54.43%,54.99%,-0.510431,2026-09-28
SPCX,145.47,2026-10-09,11,Call,152.50,-4.83%,2.16,2.19,2.2,2044,1334,1.53,48.76%,47.12%,0.30088,2026-09-28
ASTS,61,2026-10-02,4,Call,66.00,-8.20%,0.56,0.61,0.64,2056,1342,1.53,76.20%,85.72%,0.203717,2026-09-28
GOOG,339.16,2026-10-30,32,Put,315.00,-7.12%,4.65,4.8,4.95,2097,1375,1.53,33.37%,36.03%,-0.219768,2026-09-28
CVNA,60.47,2026-11-20,53,Put,55.00,-9.05%,3.75,3.77,3.95,3185,2080,1.53,67.95%,72.40%,-0.308937,2026-09-28
TSLA,357.45,2026-10-02,4,Call,412.50,-15.40%,0.14,0.14,0.16,583,383,1.52,42.15%,63.84%,0.017725,2026-09-28
MRNA,197.28,2026-10-02,4,Put,175.00,-11.29%,0.77,0.79,0.8,628,414,1.52,88.83%,88.44%,-0.089325,2026-09-28
DOW,27.89,2027-06-17,262,Put,22.50,-19.33%,1.29,1.41,1.74,730,479,1.52,39.72%,42.71%,-0.216077,2026-09-28
INTC,116.03,2026-10-30,32,Call,170.00,-46.51%,0.84,0.85,0.93,756,499,1.52,67.65%,82.43%,0.076315,2026-09-28
SOFI,15.93,2026-10-30,32,Call,15.00,+5.84%,1.49,1.5,1.55,767,506,1.52,49.78%,52.11%,0.687845,2026-09-28
XOM,162.52,2026-10-09,11,Put,160.00,-1.55%,2.05,2.18,2.37,916,603,1.52,30.16%,29.95%,-0.369208,2026-09-28
BMNR,26.84,2026-10-02,4,Put,26.50,-1.27%,0.72,0.76,0.76,1043,688,1.52,75.86%,81.22%,-0.422101,2026-09-28
AMD,607.87,2026-10-02,4,Put,570.00,-6.23%,2.4,2.61,2.59,1073,706,1.52,54.43%,57.08%,-0.132883,2026-09-28
NOW,131.45,2027-01-15,109,Call,244.00,-85.62%,0.5,0.5,0.71,2123,1394,1.52,55.31%,58.10%,0.040056,2026-09-28
SOUN,5.83,2026-10-02,4,Call,6.00,-2.92%,0.09,0.1,0.11,2485,1637,1.52,65.70%,69.19%,0.361372,2026-09-28
INTC,116.03,2026-09-30,2,Call,124.00,-6.87%,0.36,0.38,0.38,2830,1859,1.52,67.65%,74.49%,0.120228,2026-09-28
TSLA,357.45,2026-10-02,4,Call,425.00,-18.90%,0.09,0.1,0.11,2868,1886,1.52,42.15%,71.07%,0.011206,2026-09-28
SNDK,1712.89,2026-10-02,4,Call,"1,770.00",-3.33%,33,32.8,33.8,508,336,1.51,70.62%,78.72%,0.362541,2026-09-28
MU,1053.98,2026-10-02,4,Put,965.00,-8.44%,9.25,9.22,9.4,690,456,1.51,61.23%,91.74%,-0.165902,2026-09-28
AVGO,349.57,2026-10-09,11,Put,315.00,-9.89%,0.48,0.51,0.73,880,584,1.51,36.15%,39.29%,-0.057756,2026-09-28
NBIS,231.88,2026-10-02,4,Put,225.00,-2.97%,5.25,5.2,5.35,1802,1190,1.51,83.13%,87.30%,-0.352233,2026-09-28
FSLY,24.92,2026-11-20,53,Call,30.00,-20.39%,2.3,2.4,2.4,3302,2188,1.51,99.38%,106.08%,0.404147,2026-09-28
CRM,227.27,2026-10-02,4,Put,227.50,+0.10%,4.1,4.35,4.55,549,365,1.5,40.17%,44.70%,-0.496936,2026-09-28
UNH,377.83,2026-10-02,4,Call,405.00,-7.19%,0.32,0.36,0.38,554,369,1.5,41.11%,40.37%,0.052793,2026-09-28
META,715.62,2026-12-18,81,Put,720.00,+0.61%,53.1,54,53.9,568,378,1.5,41.32%,40.10%,-0.463,2026-09-28
GE,318.24,2026-10-02,4,Call,340.00,-6.84%,0.21,0.15,0.4,622,416,1.5,34.33%,39.02%,0.055947,2026-09-28
CRM,227.27,2026-10-02,4,Put,217.50,-4.30%,0.98,0.97,1.14,645,429,1.5,40.17%,46.36%,-0.17461,2026-09-28
SOFI,15.93,2026-11-06,39,Put,15.00,-5.84%,0.64,0.66,0.66,781,519,1.5,49.78%,53.33%,-0.325464,2026-09-28
SMMT,15.48,2026-10-02,4,Put,15.50,+0.13%,0.6,1.7,1.9,786,525,1.5,150.34%,192.50%,-0.461736,2026-09-28
MPLX,57.66,2027-03-19,172,Call,60.00,-4.06%,1.35,1.2,1.8,812,541,1.5,21.57%,17.91%,0.354343,2026-09-28
SPCX,145.47,2026-10-09,11,Put,147.00,+1.05%,5.35,5.35,5.5,858,571,1.5,48.76%,46.47%,-0.531264,2026-09-28
MRNA,197.28,2026-10-02,4,Put,167.50,-15.10%,0.24,0.55,0.48,1149,767,1.5,88.83%,94.31%,-0.043547,2026-09-28
PEP,128.5,2026-10-02,4,Call,135.00,-5.06%,0.03,0.1,0.11,1424,947,1.5,26.28%,27.76%,0.045924,2026-09-28
GOOG,339.16,2026-10-02,4,Call,362.50,-6.88%,0.27,0.28,0.29,1670,1113,1.5,33.37%,38.03%,0.050295,2026-09-28
LNG,269.65,2026-10-02,4,Call,282.50,-4.77%,0.55,1.42,1.75,521,349,1.49,35.07%,45.39%,0.171272,2026-09-28
VRT,244.04,2026-10-02,4,Put,230.00,-5.75%,1.54,1.7,1.79,547,366,1.49,58.92%,64.64%,-0.180063,2026-09-28
C,131.31,2026-10-09,11,Call,135.00,-2.81%,1.18,1.32,1.35,931,624,1.49,34.02%,29.25%,0.305065,2026-09-28
ASTS,61,2026-10-02,4,Put,58.00,-4.92%,0.78,0.84,0.85,1147,772,1.49,76.20%,79.25%,-0.256575,2026-09-28
SNDK,1712.89,2026-10-02,4,Put,"1,650.00",-3.67%,27.4,27.8,28,1251,837,1.49,70.62%,76.34%,-0.304075,2026-09-28
INTC,116.03,2026-10-02,4,Put,117.00,+0.84%,3.9,3.9,4.05,1445,970,1.49,67.65%,71.75%,-0.527616,2026-09-28
ASTS,61,2026-10-02,4,Call,68.00,-11.48%,0.34,0.35,0.37,1513,1014,1.49,76.20%,88.35%,0.130541,2026-09-28
META,715.62,2026-10-02,4,Put,680.00,-4.98%,2.51,2.63,2.65,1831,1231,1.49,41.32%,46.75%,-0.141174,2026-09-28
CVX,206.37,2026-10-02,4,Put,190.00,-7.93%,0,0.12,0.12,2414,1621,1.49,28.14%,38.60%,-0.019388,2026-09-28
T,24.9,2026-10-02,4,Put,25.50,+2.41%,0.57,0.67,0.79,2718,1829,1.49,27.14%,26.98%,-0.796594,2026-09-28
INTC,116.03,2026-10-02,4,Put,100.00,-13.82%,0.13,0.13,0.14,2724,1824,1.49,67.65%,79.94%,-0.034177,2026-09-28
NFLX,69.23,2026-10-02,4,Call,67.00,+3.22%,2.15,2.5,2.55,564,382,1.48,37.09%,25.35%,0.896746,2026-09-28
JD,26.61,2026-10-02,4,Put,26.50,-0.41%,0.21,0.25,0.32,620,418,1.48,34.24%,27.43%,-0.451155,2026-09-28
RIG,5.28,2026-10-16,18,Call,5.00,+5.30%,0.37,0.44,0.48,795,537,1.48,51.19%,60.01%,0.675198,2026-09-28
NBIS,231.88,2026-10-02,4,Call,245.00,-5.66%,3.75,3.85,3.85,1791,1213,1.48,83.13%,88.67%,0.293907,2026-09-28
RIVN,14.79,2026-10-02,4,Put,14.50,-1.96%,0.23,0.24,0.26,5594,3786,1.48,59.48%,61.23%,-0.364414,2026-09-28
RIVN,14.79,2026-10-02,4,Call,15.50,-4.80%,0.14,0.15,0.16,8235,5572,1.48,59.48%,64.71%,0.257169,2026-09-28
EXK,8.96,2028-01-21,480,Call,17.50,-95.31%,1.3,1.42,1.55,4615,3131,1.47,72.52%,75.76%,0.394265,2026-09-28
NBIS,231.88,2026-10-09,11,Call,245.00,-5.66%,7.5,7.75,8.1,556,378,1.47,83.13%,80.31%,0.375717,2026-09-28
MCD,233.6,2026-10-16,18,Call,237.50,-1.67%,2.8,2.95,3.35,629,429,1.47,22.48%,22.74%,0.383291,2026-09-28
META,715.62,2026-10-02,4,Call,795.00,-11.09%,0.46,0.51,0.55,706,481,1.47,41.32%,53.53%,0.032735,2026-09-28
MDB,334.68,2026-12-18,81,Put,250.00,-25.30%,8.8,9.16,9.55,1232,838,1.47,62.35%,69.63%,-0.140682,2026-09-28
COST,922.92,2026-10-02,4,Call,950.00,-2.93%,1.2,1.47,1.46,1398,954,1.47,19.71%,23.15%,0.121694,2026-09-28
AMZN,246.15,2026-09-30,2,Put,247.50,+0.55%,2.8,2.92,2.92,2675,1818,1.47,34.17%,29.43%,-0.592146,2026-09-28
INTC,116.03,2026-09-30,2,Put,107.00,-7.78%,0.21,0.24,0.23,512,350,1.46,67.65%,76.95%,-0.072983,2026-09-28
PDD,78.49,2026-10-09,11,Call,82.00,-4.47%,0.42,0.52,0.53,597,408,1.46,33.08%,29.71%,0.2119,2026-09-28
AMD,607.87,2026-09-30,2,Put,615.00,+1.17%,13.3,13.37,15.55,613,420,1.46,54.43%,58.43%,-0.596524,2026-09-28
PINS,18.41,2026-10-02,4,Put,18.00,-2.23%,0.22,0.2,0.26,632,432,1.46,54.68%,54.69%,-0.334139,2026-09-28
RKLB,72.19,2026-11-20,53,Put,70.00,-3.03%,6.85,7,7,773,528,1.46,74.14%,75.71%,-0.394876,2026-09-28
NOK,10.12,2026-10-23,25,Put,10.00,-1.19%,0.6,0.62,0.65,1496,1027,1.46,58.13%,65.96%,-0.434653,2026-09-28
ORCL,132.6,2026-10-02,4,Call,142.00,-7.09%,0.75,0.78,0.79,1516,1035,1.46,51.72%,64.90%,0.165902,2026-09-28
AMD,607.87,2026-10-02,4,Call,680.00,-11.87%,0.61,0.77,0.73,2204,1512,1.46,54.43%,61.08%,0.043175,2026-09-28
ORCL,132.6,2026-10-02,4,Put,128.00,-3.47%,1.15,1.18,1.19,2637,1805,1.46,51.72%,53.68%,-0.254384,2026-09-28
GOOG,339.16,2026-10-09,11,Call,350.00,-3.20%,3.15,3.25,3.3,3584,2456,1.46,33.37%,30.58%,0.292658,2026-09-28
RKLB,72.19,2026-10-09,11,Call,80.00,-10.82%,1.08,1.15,1.17,4817,3304,1.46,74.14%,72.27%,0.227572,2026-09-28
INTC,116.03,2026-10-30,32,Call,120.00,-3.42%,8.6,8.7,9,10434,7131,1.46,67.65%,75.63%,0.490102,2026-09-28
TSLA,357.45,2026-10-02,4,Call,380.00,-6.31%,1.03,1.04,1.06,12750,8705,1.46,42.15%,48.34%,0.119942,2026-09-28
ITUB,7.99,2026-12-18,81,Put,8.00,+0.13%,0.6,0.6,0.65,4932,3413,1.45,46.85%,43.41%,-0.449931,2026-09-28
NVDA,228.86,2026-10-02,4,Call,232.50,-1.59%,1.79,1.8,1.8,65737,45334,1.45,34.72%,33.94%,0.338764,2026-09-28
MSTR,157.14,2026-10-02,4,Call,182.50,-16.14%,0.4,0.41,0.44,646,446,1.45,67.92%,91.68%,0.065972,2026-09-28
LITE,921.32,2026-10-02,4,Put,850.00,-7.74%,5.8,6.7,7.6,711,490,1.45,74.35%,80.56%,-0.158109,2026-09-28
NVTS,11.73,2026-10-02,4,Put,11.00,-6.22%,0.1,0.12,0.14,1202,831,1.45,82.96%,79.99%,-0.207865,2026-09-28
QCOM,187.48,2026-10-02,4,Put,185.00,-1.32%,3.15,3.2,3.3,1509,1043,1.45,51.93%,56.18%,-0.39778,2026-09-28
AMZN,246.15,2026-10-16,18,Call,257.50,-4.61%,2.47,2.5,2.64,1543,1063,1.45,34.17%,29.68%,0.267012,2026-09-28
AGNC,9.46,2027-03-19,172,Call,10.00,-5.71%,0.22,0.24,0.25,2931,2026,1.45,26.73%,17.68%,0.330722,2026-09-28
CVX,206.37,2026-10-02,4,Put,205.00,-0.66%,1.94,2.16,2.35,528,366,1.44,28.14%,32.38%,-0.414827,2026-09-28
NFLX,69.23,2026-10-09,11,Put,66.00,-4.67%,0.37,0.39,0.39,529,368,1.44,37.09%,31.64%,-0.179736,2026-09-28
AMD,607.87,2026-09-30,2,Put,620.00,+2.00%,16.65,17.08,17.4,725,505,1.44,54.43%,54.48%,-0.679506,2026-09-28
UBER,68.16,2026-10-09,11,Call,70.00,-2.70%,0.85,0.91,0.94,1155,804,1.44,36.97%,33.99%,0.343809,2026-09-28
MSTR,157.14,2026-10-02,4,Call,155.00,+1.36%,5.9,6,6.15,1572,1089,1.44,67.92%,74.33%,0.587312,2026-09-28
RKLB,72.19,2026-10-02,4,Put,70.00,-3.03%,1.31,1.34,1.36,1760,1221,1.44,74.14%,76.62%,-0.334027,2026-09-28
BAC,55.47,2026-10-02,4,Put,57.00,+2.76%,1.63,1.69,1.96,2599,1807,1.44,29.03%,34.89%,-0.765416,2026-09-28
BE,262.87,2026-10-02,4,Call,275.00,-4.61%,4.6,4.7,4.9,2618,1824,1.44,79.99%,85.38%,0.324434,2026-09-28
PINS,18.41,2028-01-21,480,Put,18.00,-2.23%,3.55,3.8,4.15,3502,2426,1.44,54.68%,55.56%,-0.342544,2026-09-28
WULF,15.12,2026-10-02,4,Call,15.50,-2.51%,0.37,0.39,0.4,3570,2475,1.44,82.43%,88.67%,0.404254,2026-09-28
MU,1053.98,2026-10-02,4,Call,"1,145.00",-8.64%,12.85,13.1,13.05,533,374,1.43,61.23%,96.47%,0.221938,2026-09-28
MRP,26.34,2026-11-20,53,Put,25.00,-5.09%,0.45,0.65,0.9,630,442,1.43,29.44%,29.26%,-0.327543,2026-09-28
GOOGL,342.75,2026-12-18,81,Call,435.00,-26.91%,1.93,2.17,2.44,781,548,1.43,33.53%,34.41%,0.09036,2026-09-28
AMD,607.87,2026-10-02,4,Put,585.00,-3.76%,5.05,5.61,5.35,1152,803,1.43,54.43%,55.34%,-0.242721,2026-09-28
HOOD,116.46,2026-10-02,4,Put,117.00,+0.46%,3.75,3.85,3.9,1235,862,1.43,62.97%,73.29%,-0.506987,2026-09-28
TSLA,357.45,2026-10-09,11,Call,365.00,-2.11%,7.05,7.1,7.15,1921,1342,1.43,42.15%,41.09%,0.404791,2026-09-28
CRWD,259.25,2026-10-02,4,Put,245.00,-5.50%,1.77,1.8,1.87,2032,1422,1.43,55.75%,63.49%,-0.186829,2026-09-28
BA,184.39,2026-11-20,53,Put,200.00,+8.47%,18.65,18.92,19.4,2737,1913,1.43,35.17%,31.58%,-0.728784,2026-09-28
UBER,68.16,2026-10-02,4,Call,69.00,-1.23%,0.69,0.71,0.75,2960,2072,1.43,36.97%,37.62%,0.389526,2026-09-28
PFE,28.72,2026-10-09,11,Call,28.50,+0.77%,0.56,0.62,0.61,5053,3555,1.42,24.42%,24.01%,0.576549,2026-09-28
NFLX,69.23,2026-10-02,4,Put,70.00,+1.11%,1.34,1.39,1.38,8282,5838,1.42,37.09%,32.38%,-0.618117,2026-09-28
BE,262.87,2026-10-09,11,Put,250.00,-4.90%,7.2,7.7,8.2,815,573,1.42,79.99%,74.68%,-0.322836,2026-09-28
CCL,22.14,2026-10-09,11,Call,24.00,-8.40%,0.29,0.36,0.46,823,581,1.42,49.49%,65.91%,0.259363,2026-09-28
AMD,607.87,2026-09-30,2,Put,587.50,-3.35%,2.61,2.63,2.82,1164,821,1.42,54.43%,55.01%,-0.194291,2026-09-28
AAPL,338.4,2026-10-16,18,Put,345.00,+1.95%,9.6,10.2,10,1624,1142,1.42,24.12%,20.76%,-0.646029,2026-09-28
ORCL,132.6,2026-10-02,4,Call,137.00,-3.32%,1.6,1.64,1.66,1692,1188,1.42,51.72%,59.93%,0.313849,2026-09-28
BMNR,26.84,2026-10-09,11,Put,22.00,-18.03%,0.1,0.11,0.12,2463,1739,1.42,75.86%,79.46%,-0.064497,2026-09-28
DOW,27.89,2026-12-18,81,Call,37.50,-34.46%,0.11,0.2,0.22,2500,1762,1.42,39.72%,41.05%,0.073672,2026-09-28
AVGO,349.57,2026-10-02,4,Put,335.00,-4.17%,1.02,1.02,1.09,2651,1872,1.42,36.15%,38.99%,-0.142025,2026-09-28
ACN,174.47,2026-10-16,18,Put,170.00,-2.56%,6.2,7.68,8.3,3452,2432,1.42,53.77%,61.22%,-0.397019,2026-09-28
DC,6.18,2027-01-15,109,Call,10.00,-61.81%,0.05,0.2,0.2,510,362,1.41,69.03%,65.73%,0.130172,2026-09-28
SPCX,145.47,2026-10-16,18,Put,142.00,-2.39%,4.05,4.1,4.15,682,485,1.41,48.76%,45.35%,-0.37992,2026-09-28
BA,184.39,2027-03-19,172,Call,230.00,-24.74%,5.1,5.9,6.2,689,487,1.41,35.17%,37.67%,0.229253,2026-09-28
PFE,28.72,2026-10-02,4,Put,29.00,+0.97%,0.4,0.43,0.45,768,544,1.41,24.42%,21.35%,-0.666889,2026-09-28
KR,59.69,2026-10-02,4,Call,59.00,+1.16%,1.05,1.46,1.83,862,613,1.41,28.70%,42.56%,0.612585,2026-09-28
HPE,62.63,2026-12-18,81,Call,85.00,-35.72%,2.3,2.36,2.42,1079,766,1.41,64.62%,70.00%,0.229009,2026-09-28
GOOG,339.16,2026-10-02,4,Call,347.50,-2.46%,1.82,1.88,1.89,1340,947,1.41,33.37%,34.20%,0.257997,2026-09-28
INTC,116.03,2026-10-02,4,Put,116.00,-0.03%,3.35,3.42,3.5,2064,1468,1.41,67.65%,71.43%,-0.482049,2026-09-28
MRVL,251.9,2026-10-02,4,Call,270.00,-7.19%,1.86,1.95,1.98,2704,1924,1.41,65.85%,72.02%,0.190156,2026-09-28
CRWV,85.07,2026-10-02,4,Call,85.00,+0.08%,2.81,2.86,2.94,3109,2205,1.41,75.96%,79.49%,0.522578,2026-09-28
IREN,41.72,2026-12-18,81,Call,70.00,-67.79%,1.19,1.27,1.27,20759,14699,1.41,80.42%,89.35%,0.159095,2026-09-28
INTC,116.03,2026-10-09,11,Call,125.00,-7.73%,2.25,2.29,2.39,4465,3194,1.4,67.65%,68.15%,0.287181,2026-09-28
META,715.62,2026-10-02,4,Put,672.50,-6.03%,1.65,1.68,1.89,528,378,1.4,41.32%,47.89%,-0.101679,2026-09-28
MU,1053.98,2026-10-02,4,Put,985.00,-6.54%,13.75,13.8,14.05,648,463,1.4,61.23%,92.16%,-0.225482,2026-09-28
UMAC,23.96,2026-10-02,4,Put,21.00,-12.35%,0.05,0.1,0.15,655,468,1.4,102.69%,96.23%,-0.086391,2026-09-28
AFRM,67.21,2026-10-02,4,Call,75.00,-11.59%,0.1,0.15,0.15,816,583,1.4,60.81%,66.68%,0.06299,2026-09-28
ADBE,231.01,2026-10-02,4,Put,222.50,-3.68%,1.2,1.27,1.42,821,588,1.4,39.76%,45.55%,-0.206396,2026-09-28
TSLA,357.45,2026-10-16,18,Call,490.00,-37.08%,0.19,0.2,0.22,1079,769,1.4,42.15%,61.23%,0.012644,2026-09-28
IREN,41.72,2027-04-16,200,Put,35.00,-16.11%,5.65,5.85,6.25,1151,821,1.4,80.42%,83.45%,-0.266989,2026-09-28
INTC,116.03,2026-10-09,11,Put,115.00,-0.89%,4.55,4.6,4.95,2432,1733,1.4,67.65%,66.31%,-0.443359,2026-09-28
SPCX,145.47,2026-10-02,4,Call,145.00,+0.32%,3.45,3.4,3.5,3235,2317,1.4,48.76%,52.81%,0.537405,2026-09-28
RIVN,14.79,2026-10-30,32,Call,16.50,-11.56%,0.43,0.56,0.65,561,403,1.39,59.48%,64.55%,0.323251,2026-09-28
MSTR,157.14,2026-10-02,4,Put,141.00,-10.27%,0.47,0.48,0.51,597,429,1.39,67.92%,76.96%,-0.082192,2026-09-28
MSTR,157.14,2026-10-02,4,Put,146.00,-7.09%,1.03,1.03,1.15,756,543,1.39,67.92%,74.62%,-0.162214,2026-09-28
CSCO,106.74,2026-10-02,4,Call,108.00,-1.18%,0.65,0.78,0.82,797,575,1.39,36.11%,28.02%,0.353131,2026-09-28
BAC,55.47,2026-10-09,11,Put,54.00,-2.65%,0.39,0.42,0.44,883,634,1.39,29.03%,26.06%,-0.2656,2026-09-28
TSLA,357.45,2026-10-30,32,Call,420.00,-17.50%,3.35,3.41,3.45,1146,824,1.39,42.15%,46.79%,0.142431,2026-09-28
NKTR,60.4,2026-10-16,18,Put,60.00,-0.66%,3.5,4,4,2091,1509,1.39,72.67%,75.07%,-0.447378,2026-09-28
META,715.62,2026-10-02,4,Call,720.00,-0.61%,12,12.09,12.35,3052,2200,1.39,41.32%,47.15%,0.463737,2026-09-28
PURR,12.08,2028-01-21,480,Call,27.00,-123.51%,2.65,3,3.3,4110,2959,1.39,100.01%,102.15%,0.479848,2026-09-28
WMT,108.73,2026-10-09,11,Put,105.00,-3.43%,0.3,0.47,0.64,594,429,1.38,26.64%,23.75%,-0.187591,2026-09-28
ZETA,28.99,2026-10-02,4,Call,30.00,-3.48%,0.35,0.49,0.62,711,515,1.38,64.69%,72.85%,0.342577,2026-09-28
AMD,607.87,2026-09-30,2,Call,660.00,-8.58%,0.31,0.35,0.39,1111,805,1.38,54.43%,59.82%,0.033547,2026-09-28
INTC,116.03,2026-10-02,4,Put,118.00,+1.70%,4.45,4.55,4.65,1450,1048,1.38,67.65%,71.66%,-0.572644,2026-09-28
META,715.62,2026-10-02,4,Call,732.50,-2.36%,7.3,7,7.7,1497,1083,1.38,41.32%,47.27%,0.330515,2026-09-28
ARM,283.33,2026-10-02,4,Call,315.00,-11.18%,1.65,1.75,1.71,1606,1166,1.38,73.24%,87.33%,0.133769,2026-09-28
META,715.62,2026-09-30,2,Call,755.00,-5.50%,1.09,1.13,1.13,2171,1575,1.38,41.32%,52.49%,0.087844,2026-09-28
WDAY,188.6,2026-10-23,25,Call,200.00,-6.04%,5.2,5.71,6.2,558,407,1.37,50.78%,50.54%,0.360364,2026-09-28
AAPL,338.4,2026-10-02,4,Put,317.50,-6.18%,0.06,0.12,0.14,656,478,1.37,24.12%,31.18%,-0.023828,2026-09-28
SNOW,328.12,2026-10-02,4,Put,325.00,-0.95%,5.7,5.9,6,701,511,1.37,48.77%,53.97%,-0.419316,2026-09-28
MRNA,197.28,2026-10-02,4,Call,200.00,-1.38%,6,6.15,6.25,2339,1709,1.37,88.83%,88.87%,0.461712,2026-09-28
MS,193.64,2026-10-16,18,Call,210.00,-8.45%,1.01,1.29,1.49,2644,1924,1.37,33.58%,35.27%,0.161691,2026-09-28
BE,262.87,2026-10-02,4,Call,285.00,-8.42%,2.38,2.51,2.65,3065,2240,1.37,79.99%,86.14%,0.198594,2026-09-28
SPCX,145.47,2026-10-02,4,Put,143.00,-1.70%,2.01,2.05,2.02,4038,2942,1.37,48.76%,51.75%,-0.363181,2026-09-28
TSLA,357.45,2026-10-09,11,Call,400.00,-11.90%,1.04,1.05,1.07,5799,4241,1.37,42.15%,45.32%,0.084494,2026-09-28
AAPL,338.4,2026-10-02,4,Call,345.00,-1.95%,1.1,1.17,1.17,14483,10598,1.37,24.12%,24.15%,0.230806,2026-09-28
SOLS,56.93,2026-11-20,53,Call,65.00,-14.18%,1.6,1.95,2.3,4273,3135,1.36,48.21%,52.92%,0.297228,2026-09-28
TSLA,357.45,2026-10-02,4,Put,355.00,-0.69%,5.5,5.56,5.6,4544,3343,1.36,42.15%,45.48%,-0.430262,2026-09-28
MSTR,157.14,2026-10-09,11,Call,165.00,-5.00%,4.4,4.45,4.55,5582,4118,1.36,67.92%,69.21%,0.368259,2026-09-28
PLTR,187.48,2026-10-02,4,Put,185.00,-1.32%,2.72,2.74,2.78,6462,4768,1.36,53.10%,50.07%,-0.387002,2026-09-28
INTC,116.03,2026-10-16,18,Call,130.00,-12.04%,2.42,2.42,2.46,59408,43683,1.36,67.65%,67.74%,0.251593,2026-09-28
SNOW,328.12,2028-12-15,809,Call,550.00,-67.62%,59.9,65.76,67,564,416,1.36,48.77%,55.47%,0.467147,2026-09-28
AMZN,246.15,2027-04-16,200,Put,205.00,-16.72%,7.1,7.33,7.65,1030,759,1.36,34.17%,35.69%,-0.184181,2026-09-28
INTC,116.03,2026-10-16,18,Put,121.00,+4.28%,9.15,9.65,9.6,1064,781,1.36,67.65%,64.00%,-0.585309,2026-09-28
AMBA,68.68,2026-10-02,4,Call,80.00,-16.48%,0.2,0.29,0.7,1168,857,1.36,67.91%,115.86%,0.116261,2026-09-28
IREN,41.72,2026-10-02,4,Call,43.00,-3.07%,0.92,0.99,0.99,1265,930,1.36,80.42%,84.98%,0.385717,2026-09-28
MU,1053.98,2026-10-09,11,Call,"1,050.00",+0.38%,53.3,54.35,55.25,1290,947,1.36,61.23%,70.97%,0.540489,2026-09-28
CRWV,85.07,2026-10-02,4,Call,93.00,-9.32%,0.6,0.61,0.64,1308,960,1.36,75.96%,83.08%,0.164408,2026-09-28
SNAP,5.22,2026-10-30,32,Call,6.00,-14.94%,0.14,0.15,0.16,1402,1030,1.36,66.50%,64.64%,0.26971,2026-09-28
NBIS,231.88,2026-10-02,4,Call,230.00,+0.81%,9.4,9.5,9.5,1455,1067,1.36,83.13%,87.40%,0.555432,2026-09-28
MSFT,509.22,2026-10-02,4,Call,512.50,-0.64%,5,5.1,5.3,1638,1201,1.36,29.74%,30.87%,0.431783,2026-09-28
AMZN,246.15,2027-04-16,200,Put,200.00,-18.75%,6.05,6.45,6.4,1750,1291,1.36,34.17%,35.83%,-0.160653,2026-09-28
GOOGL,342.75,2026-10-02,4,Put,332.50,-2.99%,1.26,1.41,1.82,724,538,1.35,33.53%,36.51%,-0.205296,2026-09-28
MU,1053.98,2026-10-02,4,Put,910.00,-13.66%,2.91,2.87,2.96,806,597,1.35,61.23%,94.68%,-0.062328,2026-09-28
AMZN,246.15,2027-09-17,354,Put,215.00,-12.65%,15,15.35,15.95,807,598,1.35,34.17%,35.13%,-0.256347,2026-09-28
BA,184.39,2027-01-15,109,Put,165.00,-10.52%,4.6,4.77,5.15,1076,799,1.35,35.17%,32.20%,-0.234184,2026-09-28
RDDT,143.08,2026-10-02,4,Put,140.00,-2.15%,2.13,2.25,2.4,1319,976,1.35,63.49%,61.23%,-0.35298,2026-09-28
AVGO,349.57,2026-11-20,53,Call,340.00,+2.74%,25.7,25.93,26.2,2819,2087,1.35,36.15%,38.09%,0.615864,2026-09-28
IREN,41.72,2026-10-02,4,Call,48.00,-15.05%,0.15,0.16,0.16,4118,3061,1.35,80.42%,94.12%,0.085413,2026-09-28
SPCX,145.47,2026-10-02,4,Call,157.50,-8.27%,0.34,0.34,0.35,10133,7515,1.35,48.76%,55.23%,0.090448,2026-09-28
MSFT,509.22,2026-10-02,4,Call,510.00,-0.15%,6.15,6.3,6.4,4279,3187,1.34,29.74%,30.89%,0.491822,2026-09-28
CRWD,259.25,2026-10-02,4,Put,250.00,-3.57%,3,3.05,3.05,4342,3233,1.34,55.75%,62.89%,-0.277428,2026-09-28
C,131.31,2026-10-02,4,Call,136.00,-3.57%,0.32,0.36,0.4,500,373,1.34,34.02%,32.48%,0.156405,2026-09-28
SNDK,1712.89,2026-10-02,4,Call,"1,780.00",-3.92%,30,30.22,30.5,684,510,1.34,70.62%,78.79%,0.337392,2026-09-28
NCLH,14.31,2026-11-20,53,Put,14.00,-2.17%,1.01,0.96,1.08,1022,764,1.34,55.51%,57.22%,-0.409167,2026-09-28
MSFT,509.22,2026-10-02,4,Call,507.50,+0.34%,7.45,7.25,7.9,1033,769,1.34,29.74%,31.49%,0.551552,2026-09-28
NU,12.23,2026-10-16,18,Put,11.50,-5.97%,0.2,0.2,0.22,1063,796,1.34,49.41%,47.42%,-0.256887,2026-09-28
PSKY,10.28,2026-10-02,4,Call,10.00,+2.72%,0.25,0.46,0.5,1076,801,1.34,56.68%,48.11%,0.718172,2026-09-28
NBIS,231.88,2026-10-02,4,Call,265.00,-14.28%,0.9,0.9,0.92,1250,935,1.34,83.13%,91.99%,0.09112,2026-09-28
DHR,227.33,2027-01-15,109,Put,220.00,-3.22%,11.6,11.9,13,503,378,1.33,34.49%,34.16%,-0.377492,2026-09-28
TSM,452.88,2026-10-02,4,Call,485.00,-7.09%,0.12,0.31,0.39,629,472,1.33,34.97%,36.22%,0.037608,2026-09-28
GOOGL,342.75,2026-10-02,4,Put,322.50,-5.91%,0.23,0.34,0.55,658,493,1.33,33.53%,38.84%,-0.063357,2026-09-28
UEC,9.21,2026-10-02,4,Put,9.00,-2.28%,0.25,0.3,0.3,858,644,1.33,66.51%,97.90%,-0.389802,2026-09-28
SNDK,1712.89,2026-10-02,4,Call,"1,850.00",-8.00%,15.3,15.1,15.6,1138,854,1.33,70.62%,81.78%,0.197172,2026-09-28
QBTS,16.78,2026-10-02,4,Put,16.50,-1.67%,0.37,0.38,0.39,1339,1005,1.33,74.26%,73.48%,-0.396693,2026-09-28
NKE,36.39,2026-10-09,11,Call,40.00,-9.92%,0.51,0.57,0.58,1544,1161,1.33,50.80%,68.37%,0.229744,2026-09-28
AAL,13.52,2026-10-09,11,Put,13.00,-3.85%,0.27,0.28,0.3,1804,1358,1.33,49.28%,54.95%,-0.321968,2026-09-28
WIX,69.6,2026-12-18,81,Call,92.50,-32.90%,2.6,3.75,4.7,2000,1501,1.33,73.52%,76.53%,0.279536,2026-09-28
NBIS,231.88,2026-10-02,4,Call,270.00,-16.44%,0.62,0.63,0.64,2487,1863,1.33,83.13%,93.23%,0.065985,2026-09-28
PLTR,187.48,2026-10-02,4,Call,185.00,+1.32%,5.3,5.35,5.4,2701,2033,1.33,53.10%,50.66%,0.612437,2026-09-28
META,715.62,2026-09-30,2,Put,700.00,-2.18%,4.05,4.15,4.2,3920,2942,1.33,41.32%,48.36%,-0.261295,2026-09-28
TSLA,357.45,2026-10-02,4,Call,360.00,-0.71%,5.7,5.75,5.8,12067,9080,1.33,42.15%,45.95%,0.454271,2026-09-28
PLAY,6.41,2026-10-16,18,Call,8.00,-24.80%,0.05,0.1,0.15,4161,3157,1.32,77.49%,91.90%,0.158941,2026-09-28
META,715.62,2026-09-30,2,Call,800.00,-11.79%,0.1,0.11,0.11,7256,5496,1.32,41.32%,63.35%,0.009417,2026-09-28
NFLX,69.23,2027-06-17,262,Put,40.00,-42.22%,0.19,0.44,0.93,550,418,1.32,37.09%,45.10%,-0.044543,2026-09-28
BA,184.39,2026-10-09,11,Call,195.00,-5.75%,1.05,1.16,1.27,558,422,1.32,35.17%,35.61%,0.190194,2026-09-28
NFLX,69.23,2026-10-09,11,Call,71.00,-2.56%,0.85,0.86,0.88,1199,910,1.32,37.09%,32.28%,0.343952,2026-09-28
CVNA,60.47,2026-10-16,18,Put,62.00,+2.53%,4.05,3.9,4.35,1504,1137,1.32,67.95%,63.50%,-0.538556,2026-09-28
AMD,607.87,2026-10-02,4,Put,590.00,-2.94%,6.35,6.5,6.7,1820,1375,1.32,54.43%,54.86%,-0.289505,2026-09-28
TSLA,357.45,2026-10-05,7,Call,400.00,-11.90%,0.42,0.44,0.44,2168,1638,1.32,42.15%,46.95%,0.045926,2026-09-28
U,39.86,2026-10-02,4,Call,43.50,-9.13%,0.1,0.2,0.19,587,449,1.31,63.28%,66.27%,0.111438,2026-09-28
AFRM,67.21,2026-10-02,4,Put,67.00,-0.31%,1.39,1.5,1.69,668,510,1.31,60.81%,59.08%,-0.465277,2026-09-28
ADBE,231.01,2026-10-02,4,Put,217.50,-5.85%,0.36,0.62,0.82,715,544,1.31,39.76%,47.27%,-0.105565,2026-09-28
MARA,12.11,2026-10-09,11,Put,12.50,+3.22%,0.88,0.91,0.91,715,545,1.31,82.49%,81.08%,-0.559142,2026-09-28
TEM,85.08,2026-10-02,4,Call,83.00,+2.44%,3.9,4.18,4.55,721,551,1.31,81.08%,87.00%,0.62629,2026-09-28
SMR,7.91,2026-10-02,4,Call,8.00,-1.14%,0.22,0.24,0.25,825,632,1.31,78.50%,83.17%,0.467504,2026-09-28
META,715.62,2026-10-02,4,Call,735.00,-2.71%,6.6,6.7,7.05,910,697,1.31,41.32%,47.57%,0.307152,2026-09-28
EOSE,3.07,2026-10-09,11,Call,3.50,-14.01%,0.09,0.1,0.1,3079,2351,1.31,105.22%,111.58%,0.283004,2026-09-28
MU,1053.98,2026-10-02,4,Call,"1,150.00",-9.11%,11.95,12.15,12.1,5457,4176,1.31,61.23%,96.50%,0.209403,2026-09-28
AMZN,246.15,2026-11-20,53,Call,305.00,-23.91%,1.34,1.39,1.43,18335,13964,1.31,34.17%,38.41%,0.088197,2026-09-28
NVDA,228.86,2026-10-02,4,Put,220.00,-3.87%,0.75,0.77,0.78,21261,16240,1.31,34.72%,38.41%,-0.156085,2026-09-28
AMC,3.29,2026-10-02,4,Call,3.00,+8.81%,0.31,0.33,0.34,28015,21610,1.3,94.93%,101.00%,0.82253,2026-09-28
IBRX,8.52,2026-10-09,11,Call,10.00,-17.37%,0.05,0.17,0.25,542,416,1.3,96.85%,98.59%,0.199483,2026-09-28
AVGO,349.57,2026-09-30,2,Put,337.50,-3.45%,0.43,0.53,0.57,543,418,1.3,36.15%,38.35%,-0.104251,2026-09-28
DHT,21.9,2026-10-16,18,Put,24.00,+9.59%,2.2,2.35,2.7,561,431,1.3,55.00%,44.09%,-0.825301,2026-09-28
ABNB,156.08,2026-10-02,4,Call,160.00,-2.51%,0.97,1.1,1.29,589,453,1.3,39.80%,39.67%,0.285571,2026-09-28
TSLA,357.45,2026-10-23,25,Call,360.00,-0.71%,16.4,16.5,16.55,733,566,1.3,42.15%,46.17%,0.509428,2026-09-28
NCLH,14.31,2026-10-09,11,Call,14.50,-1.33%,0.47,0.5,0.52,779,599,1.3,55.51%,57.94%,0.472408,2026-09-28
BYND,8.52,2026-10-02,4,Call,9.00,-5.63%,0.17,0.23,0.25,908,700,1.3,102.70%,110.62%,0.34024,2026-09-28
CVNA,60.47,2026-10-02,4,Call,64.00,-5.84%,0.54,0.56,0.62,1047,805,1.3,67.95%,70.06%,0.232339,2026-09-28
TSLA,357.45,2026-10-02,4,Put,385.00,+7.71%,27.1,27.53,28.65,1131,870,1.3,42.15%,44.85%,-0.942482,2026-09-28
META,715.62,2026-10-30,32,Call,750.00,-4.80%,25.3,25.55,26.05,1403,1077,1.3,41.32%,45.90%,0.39982,2026-09-28
CLOV,4.33,2026-10-02,4,Call,4.50,-3.93%,0.07,0.1,0.13,1717,1323,1.3,69.15%,92.85%,0.365692,2026-09-28
SOFI,15.93,2026-10-16,18,Call,16.50,-3.58%,0.4,0.4,0.42,2714,2093,1.3,49.78%,44.88%,0.3883,2026-09-28
TSLA,357.45,2026-10-23,25,Call,400.00,-11.90%,4.85,4.86,4.95,2813,2168,1.3,42.15%,47.67%,0.206708,2026-09-28
JBLU,4.22,2026-10-16,18,Call,4.50,-6.64%,0.12,0.15,0.17,3317,2549,1.3,66.25%,67.03%,0.365298,2026-09-28
MSTR,157.14,2026-10-02,4,Call,190.00,-20.91%,0.2,0.22,0.22,3385,2603,1.3,67.92%,96.85%,0.034547,2026-09-28
AAPL,338.4,2026-10-02,4,Call,352.50,-4.17%,0.22,0.22,0.25,3614,2788,1.3,24.12%,24.91%,0.062076,2026-09-28
MU,1053.98,2026-10-02,4,Call,"1,060.00",-0.57%,38.65,39.4,39.5,3738,2878,1.3,61.23%,94.76%,0.498566,2026-09-28
LLY,1184.78,2026-10-02,4,Call,"1,250.00",-5.50%,1.7,2,2.32,557,433,1.29,36.29%,37.89%,0.093093,2026-09-28
C,131.31,2026-10-09,11,Put,125.00,-4.81%,0.59,0.59,0.75,560,435,1.29,34.02%,31.16%,-0.171726,2026-09-28
FSLR,172.97,2027-01-15,109,Call,190.00,-9.85%,14.05,15,16.5,583,453,1.29,54.95%,55.78%,0.454362,2026-09-28
IBM,220.67,2026-10-02,4,Call,225.00,-1.96%,1.65,1.78,1.86,738,570,1.29,38.68%,37.57%,0.318327,2026-09-28
AVGO,349.57,2026-10-02,4,Put,342.50,-2.02%,2.5,2.6,2.65,786,608,1.29,36.15%,37.55%,-0.292116,2026-09-28
ADBE,231.01,2027-03-19,172,Call,290.00,-25.54%,11,11.27,11.8,1011,784,1.29,39.76%,44.34%,0.297814,2026-09-28
LUNR,15.2,2026-10-02,4,Call,16.50,-8.55%,0.18,0.19,0.21,1257,975,1.29,87.25%,97.67%,0.227411,2026-09-28
OXY,56.1,2026-10-16,18,Call,58.00,-3.39%,0.9,0.94,1.01,1428,1107,1.29,35.24%,34.13%,0.34825,2026-09-28
QURE,39.11,2026-10-16,18,Call,57.50,-47.02%,1.25,1.52,1.9,1531,1189,1.29,148.26%,175.81%,0.215607,2026-09-28
NBIS,231.88,2026-10-02,4,Put,240.00,+3.50%,13.15,13.2,13.35,1635,1267,1.29,83.13%,87.81%,-0.627488,2026-09-28
QBTS,16.78,2026-10-02,4,Call,17.50,-4.29%,0.27,0.29,0.3,1889,1462,1.29,74.26%,79.97%,0.324566,2026-09-28
MSTR,157.14,2026-10-02,4,Call,157.50,-0.23%,4.7,4.8,4.9,1956,1515,1.29,67.92%,75.30%,0.506299,2026-09-28
UBER,68.16,2026-10-02,4,Call,71.00,-4.17%,0.21,0.22,0.24,2143,1663,1.29,36.97%,38.07%,0.160164,2026-09-28
CRWV,85.07,2027-03-19,172,Call,140.00,-64.57%,5.55,5.7,6.05,2163,1682,1.29,75.96%,78.24%,0.266883,2026-09-28
NVDA,228.86,2026-10-23,25,Put,215.00,-6.06%,2.54,2.63,2.61,4120,3182,1.29,34.72%,33.34%,-0.216631,2026-09-28
ASTS,61,2026-10-02,4,Call,65.00,-6.56%,0.74,0.76,0.8,4669,3633,1.29,76.20%,84.13%,0.250658,2026-09-28
AMZN,246.15,2026-10-02,4,Call,252.50,-2.58%,1.13,1.14,1.17,5602,4349,1.29,34.17%,32.64%,0.236985,2026-09-28
ONDS,7.68,2026-10-02,4,Call,8.00,-4.17%,0.11,0.11,0.12,13661,10553,1.29,74.49%,73.63%,0.313616,2026-09-28
NVDA,228.86,2026-10-02,4,Call,235.00,-2.68%,1.08,1.1,1.11,65844,51138,1.29,34.72%,33.74%,0.235366,2026-09-28
INTC,116.03,2026-11-20,53,Put,115.00,-0.89%,11.15,11.29,11.4,4418,3463,1.28,67.65%,68.90%,-0.428268,2026-09-28
SPCX,145.47,2026-10-02,4,Put,148.00,+1.74%,4.5,4.5,4.55,6946,5410,1.28,48.76%,51.14%,-0.614004,2026-09-28
AAPL,338.4,2026-10-02,4,Call,350.00,-3.43%,0.39,0.43,0.43,10133,7905,1.28,24.12%,24.62%,0.100278,2026-09-28
ARM,283.33,2026-10-30,32,Put,230.00,-18.82%,3.6,3.85,4,590,460,1.28,73.24%,67.66%,-0.123654,2026-09-28
SBUX,95.27,2026-10-02,4,Call,96.00,-0.77%,0.91,0.91,1,631,492,1.28,31.74%,32.09%,0.418226,2026-09-28
ZS,199.39,2026-10-02,4,Call,210.00,-5.32%,1.9,2.2,2.2,639,500,1.28,57.46%,68.72%,0.248608,2026-09-28
LRCX,314.47,2026-10-02,4,Put,265.00,-15.73%,0.1,0.16,0.19,668,523,1.28,62.14%,77.44%,-0.015538,2026-09-28
NFLX,69.23,2026-10-23,25,Put,69.00,-0.33%,3.1,3.2,3.15,708,553,1.28,37.09%,46.04%,-0.458237,2026-09-28
MCD,233.6,2026-10-02,4,Call,242.50,-3.81%,0.24,0.26,0.29,875,683,1.28,22.48%,26.30%,0.089863,2026-09-28
AMC,3.29,2026-10-16,18,Put,3.00,-8.81%,0.12,0.12,0.14,998,778,1.28,94.93%,89.56%,-0.285913,2026-09-28
ASTS,61,2026-10-02,4,Call,67.00,-9.84%,0.44,0.46,0.48,1474,1153,1.28,76.20%,86.89%,0.163218,2026-09-28
RGTI,15.95,2026-10-02,4,Put,16.00,+0.31%,0.54,0.56,0.56,2451,1917,1.28,73.19%,79.14%,-0.49691,2026-09-28
SLS,11.59,2026-10-02,4,Put,11.00,-5.09%,0.25,0.3,0.35,517,407,1.27,177.58%,115.98%,-0.310599,2026-09-28
SMMT,15.48,2026-10-16,18,Put,14.50,-6.33%,1.2,1.62,1.95,633,500,1.27,150.34%,154.41%,-0.356887,2026-09-28
LUNR,15.2,2027-03-19,172,Call,25.00,-64.47%,1.55,1.65,1.77,733,577,1.27,87.25%,95.26%,0.343163,2026-09-28
MU,1053.98,2026-10-02,4,Call,"1,105.00",-4.84%,22.45,22.65,22.65,746,587,1.27,61.23%,95.91%,0.338524,2026-09-28
CM,112.15,2026-10-16,18,Call,115.00,-2.54%,0.65,1.15,1.3,758,595,1.27,22.99%,20.67%,0.304101,2026-09-28
LITE,921.32,2026-10-02,4,Call,"1,050.00",-13.97%,1.85,2.85,2.85,873,689,1.27,74.35%,81.82%,0.069624,2026-09-28
ET,20.1,2026-10-23,25,Call,21.00,-4.48%,0.07,0.12,0.12,1196,943,1.27,20.82%,18.67%,0.18198,2026-09-28
NVDA,228.86,2026-10-23,25,Put,230.00,+0.50%,7.55,7.8,7.8,1246,979,1.27,34.72%,30.66%,-0.500008,2026-09-28
MDT,89.5,2026-10-02,4,Call,90.00,-0.56%,0.8,0.83,1.11,2863,2246,1.27,32.72%,31.63%,0.440499,2026-09-28
COIN,191.79,2026-10-02,4,Call,200.00,-4.28%,2.7,2.83,2.87,2876,2269,1.27,66.21%,73.28%,0.307632,2026-09-28
AMZN,246.15,2026-10-02,4,Put,242.50,-1.48%,1.67,1.69,1.71,3363,2645,1.27,34.17%,31.58%,-0.315759,2026-09-28
BE,262.87,2026-10-02,4,Call,270.00,-2.71%,6.1,6.3,6.5,3872,3042,1.27,79.99%,84.48%,0.399885,2026-09-28
AMZN,246.15,2026-11-20,53,Call,260.00,-5.63%,8.95,9.05,9.15,19117,15010,1.27,34.17%,37.55%,0.393364,2026-09-28
AAPL,338.4,2026-09-30,2,Put,327.50,-3.22%,0.16,0.18,0.19,4771,3781,1.26,24.12%,28.36%,-0.057192,2026-09-28
MSTR,157.14,2026-10-23,25,Call,180.00,-14.55%,4.1,4.5,4.35,589,469,1.26,67.92%,70.26%,0.263601,2026-09-28
TTD,12.34,2026-12-18,81,Call,10.00,+18.96%,3,3.05,3.1,665,529,1.26,67.91%,74.38%,0.788328,2026-09-28
INTC,116.03,2026-11-06,39,Put,100.00,-13.82%,3.6,3.72,3.85,685,543,1.26,67.65%,70.09%,-0.218198,2026-09-28
INTC,116.03,2026-10-16,18,Put,94.00,-18.99%,0.5,0.53,0.54,749,593,1.26,67.65%,66.49%,-0.065456,2026-09-28
BA,184.39,2026-10-09,11,Call,200.00,-8.47%,0.51,0.55,0.65,911,722,1.26,35.17%,36.64%,0.105922,2026-09-28
IREN,41.72,2026-10-09,11,Put,38.00,-8.92%,0.67,0.68,0.7,998,794,1.26,80.42%,73.91%,-0.21179,2026-09-28
PCG,11.95,2026-10-02,4,Call,12.00,-0.42%,0.15,0.17,0.17,1170,929,1.26,42.93%,36.52%,0.466552,2026-09-28
NOK,10.12,2026-10-09,11,Put,10.00,-1.19%,0.29,0.31,0.33,1398,1111,1.26,58.13%,53.17%,-0.427465,2026-09-28
BE,262.87,2026-10-02,4,Put,250.00,-4.90%,3.7,3.85,4,2675,2131,1.26,79.99%,82.84%,-0.265463,2026-09-28
APH,84.62,2026-11-20,53,Call,95.00,-12.27%,2.3,2.7,2.6,3703,2940,1.26,43.97%,45.53%,0.290284,2026-09-28
MRVL,251.9,2026-10-30,32,Put,215.00,-14.65%,4.65,5.04,5.2,521,416,1.25,65.85%,64.61%,-0.173717,2026-09-28
MRNA,197.28,2026-10-02,4,Put,195.00,-1.16%,6,6.2,6.35,679,545,1.25,88.83%,89.07%,-0.430496,2026-09-28
DELL,543.43,2026-10-02,4,Put,510.00,-6.15%,3.25,3.39,3.55,707,565,1.25,60.63%,65.34%,-0.166664,2026-09-28
MRVL,251.9,2026-10-09,11,Call,290.00,-15.13%,2.48,2.55,2.69,959,770,1.25,65.85%,75.41%,0.158218,2026-09-28
META,715.62,2026-09-30,2,Put,685.00,-4.28%,1.44,1.48,1.52,1017,813,1.25,41.32%,49.86%,-0.11346,2026-09-28
IBM,220.67,2026-10-16,18,Call,235.00,-6.49%,1.9,2.03,2.17,2873,2296,1.25,38.68%,34.49%,0.218097,2026-09-28
TSLA,357.45,2026-10-16,18,Call,360.00,-0.71%,11.85,12,12.05,6759,5419,1.25,42.15%,40.52%,0.494929,2026-09-28
SPCX,145.47,2026-10-02,4,Put,144.00,-1.01%,2.41,2.45,2.42,6835,5474,1.25,48.76%,51.61%,-0.412304,2026-09-28
BB,8.8,2026-10-02,4,Call,8.50,+3.41%,0.44,0.5,0.5,8513,6857,1.24,61.36%,81.31%,0.675489,2026-09-28
CVNA,60.47,2026-10-16,18,Put,60.00,-0.78%,2.87,3.15,3.3,9749,7889,1.24,67.95%,63.12%,-0.445722,2026-09-28
ORCL,132.6,2026-10-16,18,Call,150.00,-13.12%,1.49,1.5,1.53,17931,14417,1.24,51.72%,56.02%,0.178787,2026-09-28
TLN,303.5,2027-01-15,109,Call,440.00,-44.98%,3.4,6,6.9,500,403,1.24,55.30%,52.29%,0.13283,2026-09-28
WMT,108.73,2026-10-09,11,Call,109.00,-0.25%,1.63,1.67,1.72,559,450,1.24,26.64%,23.36%,0.492392,2026-09-28
TSM,452.88,2026-10-02,4,Call,457.50,-1.02%,4,4.4,4.8,605,489,1.24,34.97%,33.60%,0.396896,2026-09-28
APLD,24.53,2026-10-02,4,Put,24.50,-0.12%,0.77,0.78,0.82,650,525,1.24,90.47%,79.59%,-0.475874,2026-09-28
CRWD,259.25,2026-10-02,4,Put,260.00,+0.29%,6.95,7.1,7.2,688,553,1.24,55.75%,62.22%,-0.502636,2026-09-28
CRWD,259.25,2026-10-02,4,Put,225.00,-13.21%,0.17,0.17,0.26,852,688,1.24,55.75%,72.34%,-0.027805,2026-09-28
IREN,41.72,2026-10-02,4,Put,41.50,-0.53%,1.29,1.32,1.35,1057,855,1.24,80.42%,82.61%,-0.456828,2026-09-28
MRVL,251.9,2026-10-02,4,Put,235.00,-6.71%,1.74,1.8,1.87,1091,880,1.24,65.85%,72.78%,-0.169891,2026-09-28
PYPL,54.28,2026-10-02,4,Put,53.00,-2.36%,0.37,0.47,0.46,1663,1341,1.24,39.52%,41.14%,-0.280237,2026-09-28
QBTS,16.78,2026-10-02,4,Call,18.00,-7.27%,0.16,0.18,0.19,2053,1656,1.24,74.26%,81.95%,0.220561,2026-09-28
SOFI,15.93,2026-10-09,11,Put,15.00,-5.84%,0.13,0.14,0.15,2786,2254,1.24,49.78%,43.82%,-0.199719,2026-09-28
GOOGL,342.75,2026-10-02,4,Call,345.00,-0.66%,3.9,3.96,4.05,2874,2320,1.24,33.53%,34.55%,0.439639,2026-09-28
"Downloaded from Barchart.com as of 09-28-2026 10:45pm CDT"
