Symbol,Price~,"Exp Date",DTE,Type,Strike,Moneyness,Bid,Latest,Ask,Volume,"Open Int",Vol/OI,"Imp Vol",IV,Delta,Time
$SPX,7591.7,2026-09-24,14,Call,"7,595.00",-0.04%,90.4,90.1,91.1,159,1,159,14.45%,14.69%,0.519016,2026-09-10
$SPX,7591.7,2026-09-24,14,Put,"7,585.00",-0.09%,76.9,79.62,77.9,157,1,157,14.45%,14.35%,-0.467433,2026-09-10
$SPX,7591.7,2027-01-15,127,Call,"7,300.00",+3.84%,536.2,540.83,559.5,230,2,115,14.45%,18.17%,0.706828,2026-09-10
$SPX,7591.7,2027-01-15,127,Call,"7,350.00",+3.18%,506,502.32,508.2,105,1,105,14.45%,17.65%,0.688496,2026-09-10
$SPX,7591.7,2026-09-17,7,Call,"7,595.00",-0.04%,65.9,66.08,66.5,199,2,99.5,14.45%,15.55%,0.509141,2026-09-10
$SPX,7591.7,2026-09-23,13,Put,"5,000.00",-34.14%,0.15,0.23,0.35,500,7,71.43,14.45%,72.26%,-0.00085,2026-09-10
$SPX,7591.7,2026-09-24,14,Put,"6,675.00",-12.08%,3.4,3.6,3.8,608,10,60.8,14.45%,32.74%,-0.019735,2026-09-10
$SPX,7591.7,2026-11-06,57,Put,"7,700.00",+1.43%,197.5,195.8,205,57,1,57,14.45%,13.46%,-0.574228,2026-09-10
$SPX,7591.7,2026-11-30,81,Put,"7,315.00",-3.64%,113,113.7,114.4,53,1,53,14.45%,17.47%,-0.283322,2026-09-10
$SPX,7591.7,2026-11-06,57,Put,"5,900.00",-22.28%,10.5,9.9,11.4,51,1,51,14.45%,34.84%,-0.026248,2026-09-10
$SPX,7591.7,2026-10-23,43,Call,"7,690.00",-1.29%,113.2,111.38,114.8,143,3,47.67,14.45%,13.80%,0.438154,2026-09-10
$SPX,7591.7,2026-10-01,21,Put,"3,800.00",-49.95%,0,0.1,0.25,45,1,45,14.45%,86.77%,-0.000294,2026-09-10
$SPX,7591.7,2026-11-20,71,Call,"7,695.00",-1.36%,170.1,166.78,171.4,569,13,43.77,14.45%,14.47%,0.473353,2026-09-10
$SPX,7591.7,2026-10-23,43,Put,"6,100.00",-19.65%,8.5,8.5,9,578,14,41.29,14.45%,34.14%,-0.024989,2026-09-10
$SPX,7591.7,2026-09-29,19,Call,"7,695.00",-1.36%,50.1,48.5,51.2,39,1,39,14.45%,12.66%,0.349004,2026-09-10
$SPX,7591.7,2026-11-06,57,Put,"6,650.00",-12.40%,27.9,28.3,29.1,73,2,36.5,14.45%,25.59%,-0.078932,2026-09-10
$SPX,7591.7,2026-11-30,81,Put,"7,265.00",-4.30%,104,101.33,105.4,36,1,36,14.45%,17.97%,-0.26057,2026-09-10
$SPX,7591.7,2026-09-25,15,Put,"6,980.00",-8.06%,7.7,8.01,8.4,32,1,32,14.45%,25.71%,-0.048046,2026-09-10
$SPX,7591.7,2026-11-30,81,Call,"7,695.00",-1.36%,183.6,180.63,185.4,348,11,31.64,14.45%,14.26%,0.482038,2026-09-10
$SPX,7591.7,2026-09-17,7,Call,"7,585.00",+0.09%,72.1,70,72.6,89,3,29.67,14.45%,15.79%,0.533131,2026-09-10
$SPX,7591.7,2026-09-25,15,Put,"6,960.00",-8.32%,7.3,7.75,7.9,28,1,28,14.45%,26.10%,-0.045114,2026-09-10
$SPX,7591.7,2026-11-06,57,Put,"7,500.00",-1.21%,127.9,123.05,130.4,27,1,27,14.45%,15.72%,-0.383613,2026-09-10
$SPX,7591.7,2026-11-30,81,Call,"7,635.00",-0.57%,219,217.64,220.7,26,1,26,14.45%,14.75%,0.528454,2026-09-10
$SPX,7591.7,2026-10-05,25,Call,"7,610.00",-0.24%,111.7,110.33,113.1,26,1,26,14.45%,14.14%,0.508231,2026-09-10
$SPX,7591.7,2026-09-29,19,Put,"7,605.00",+0.18%,94,97.4,95.2,25,1,25,14.45%,13.60%,-0.499314,2026-09-10
$SPX,7591.7,2026-09-24,14,Put,"6,975.00",-8.12%,6.9,7.2,7.2,600,25,24,14.45%,26.07%,-0.04363,2026-09-10
$SPX,7591.7,2026-09-28,18,Put,"7,565.00",-0.35%,76.9,74.15,78,24,1,24,14.45%,14.22%,-0.432554,2026-09-10
$SPX,7591.7,2026-11-06,57,Call,"7,700.00",-1.43%,141.2,138.45,143.7,70,3,23.33,14.45%,14.35%,0.452541,2026-09-10
$SPX,7591.7,2026-10-07,27,Put,"5,200.00",-31.50%,1.15,1.26,1.45,70,3,23.33,14.45%,53.66%,-0.003655,2026-09-10
$SPX,7591.7,2026-10-08,28,Call,"7,450.00",+1.87%,233.9,235.18,235.3,23,1,23,14.45%,16.69%,0.688268,2026-09-10
$SPX,7591.7,2026-10-08,28,Put,"7,575.00",-0.22%,103.1,105.83,104.6,356,16,22.25,14.45%,14.38%,-0.449864,2026-09-10
$SPX,7591.7,2027-05-21,253,Call,"5,100.00",+32.82%,2642.4,2648.96,2666.4,109,5,21.8,14.45%,29.10%,0.969748,2026-09-10
$SPX,7591.7,2026-09-17,7,Put,"7,405.00",-2.46%,18.2,19,18.6,41,2,20.5,14.45%,19.39%,-0.167561,2026-09-10
$SPX,7591.7,2026-11-20,71,Call,"7,635.00",-0.57%,205.1,205.1,206.4,20,1,20,14.45%,14.98%,0.522402,2026-09-10
$SPX,7591.7,2026-09-17,7,Put,"7,310.00",-3.71%,10.4,10.7,10.7,169,9,18.78,14.45%,21.65%,-0.097258,2026-09-10
$SPX,7591.7,2026-09-24,14,Call,"7,695.00",-1.36%,38.6,37.43,39.6,37,2,18.5,14.45%,12.85%,0.319432,2026-09-10
$SPX,7591.7,2026-10-01,21,Put,"4,800.00",-36.77%,0.35,0.45,0.6,92,5,18.4,14.45%,65.65%,-0.001343,2026-09-10
$SPX,7591.7,2026-09-24,14,Put,"7,310.00",-3.71%,22.5,22.63,22.9,36,2,18,14.45%,19.52%,-0.148905,2026-09-10
$SPX,7591.7,2026-09-28,18,Call,"7,735.00",-1.89%,31.7,33.17,32.6,18,1,18,14.45%,11.93%,0.266012,2026-09-10
$SPX,7591.7,2026-09-24,14,Call,"7,605.00",-0.18%,84.1,83.83,85.2,36,2,18,14.45%,14.50%,0.500632,2026-09-10
$SPX,7591.7,2026-10-01,21,Put,"7,075.00",-6.81%,16.4,16.97,17.2,509,31,16.42,14.45%,22.62%,-0.086723,2026-09-10
$SPX,7591.7,2026-09-24,14,Put,"6,725.00",-11.42%,3.8,3.99,4.1,49,3,16.33,14.45%,31.58%,-0.022134,2026-09-10
$SPX,7591.7,2026-10-23,43,Put,"5,800.00",-23.60%,5.9,6.09,6.4,561,35,16.03,14.45%,38.48%,-0.016375,2026-09-10
$SPX,7591.7,2026-09-24,14,Call,"7,615.00",-0.31%,78.2,77.62,79.2,76,5,15.2,14.45%,14.30%,0.481775,2026-09-10
$SPX,7591.7,2026-10-23,43,Put,"7,600.00",+0.11%,136.4,140,138,606,40,15.15,14.45%,14.13%,-0.475317,2026-09-10
$SPX,7591.7,2026-09-17,7,Call,"7,565.00",+0.35%,85.1,83.9,85.6,28,2,14,14.45%,16.29%,0.578609,2026-09-10
$SPX,7591.7,2026-09-29,19,Call,"7,610.00",-0.24%,94.5,94.2,95.7,14,1,14,14.45%,14.04%,0.499939,2026-09-10
$SPX,7591.7,2026-10-06,26,Put,"7,460.00",-1.73%,66.7,68.33,68,14,1,14,14.45%,16.02%,-0.315404,2026-09-10
$SPX,7591.7,2026-10-23,43,Put,"5,400.00",-28.87%,3.7,3.52,4.1,548,42,13.05,14.45%,44.29%,-0.009545,2026-09-10
$SPX,7591.7,2027-03-19,190,Call,"5,100.00",+32.82%,2597.8,2605.08,2621.8,26,2,13,14.45%,29.94%,0.979619,2026-09-10
$SPX,7591.7,2026-09-25,15,Call,"7,565.00",+0.35%,114.7,110.17,115.7,13,1,13,14.45%,15.51%,0.569541,2026-09-10
$SPX,7591.7,2026-09-23,13,Call,"7,695.00",-1.36%,35.2,35.15,36.1,51,4,12.75,14.45%,12.70%,0.309231,2026-09-10
$SPX,7591.7,2026-09-17,7,Put,"6,725.00",-11.42%,1.5,1.5,1.7,87,7,12.43,14.45%,38.98%,-0.011178,2026-09-10
$SPX,7591.7,2026-09-28,18,Call,"7,645.00",-0.70%,70.9,71.78,72.1,12,1,12,14.45%,13.34%,0.436046,2026-09-10
$SPX,7591.7,2026-09-24,14,Call,"7,510.00",+1.08%,148.8,144.28,149.8,12,1,12,14.45%,16.33%,0.654613,2026-09-10
$SPX,7591.7,2026-09-24,14,Put,"6,750.00",-11.09%,4,4.2,4.3,191,16,11.94,14.45%,31.02%,-0.023505,2026-09-10
$SPX,7591.7,2026-10-16,36,Call,"9,500.00",-25.14%,0,0.1,0.25,140,12,11.67,14.45%,22.19%,0.000876,2026-09-10
$SPX,7591.7,2026-11-30,81,Call,"8,290.00",-9.20%,13.2,13.9,14.3,34,3,11.33,14.45%,11.58%,0.075609,2026-09-10
$SPX,7591.7,2026-09-24,14,Call,"7,520.00",+0.94%,141.3,136.99,142.4,34,3,11.33,14.45%,16.14%,0.640655,2026-09-10
$SPX,7591.7,2027-06-30,293,Call,"8,980.00",-18.29%,55.6,56.78,57.3,44,4,11,14.45%,12.98%,0.133355,2026-09-10
$SPX,7591.7,2026-09-25,15,Put,"7,450.00",-1.87%,44.2,45.62,44.8,5385,510,10.56,14.45%,16.96%,-0.273479,2026-09-10
$SPX,7591.7,2026-09-24,14,Put,"7,370.00",-2.92%,29.1,29.05,29.6,116,11,10.55,14.45%,18.43%,-0.19128,2026-09-10
$SPX,7591.7,2026-10-01,21,Put,"7,025.00",-7.46%,14.2,12.47,15.1,478,46,10.39,14.45%,23.47%,-0.074899,2026-09-10
$SPX,7591.7,2026-09-17,7,Call,"7,625.00",-0.44%,49,48.5,49.5,135,13,10.38,14.45%,14.82%,0.432832,2026-09-10
$SPX,7591.7,2026-09-24,14,Call,"7,755.00",-2.15%,19.2,19.42,20,41,4,10.25,14.45%,11.92%,0.200269,2026-09-10
$SPX,7591.7,2026-09-17,7,Call,"7,795.00",-2.68%,2.9,2.85,3.2,241,24,10.04,14.45%,11.76%,0.057962,2026-09-10
$SPX,7591.7,2026-09-17,7,Call,"7,510.00",+1.08%,124.9,127.98,125.5,10,1,10,14.45%,17.68%,0.685326,2026-09-10
$SPX,7591.7,2026-09-16,6,Call,"7,590.00",+0.02%,62.3,64.1,62.8,180,18,10,14.45%,15.30%,0.520596,2026-09-10
$SPX,7591.7,2026-09-28,18,Call,"7,635.00",-0.57%,76.4,77.21,77.5,10,1,10,14.45%,13.51%,0.454235,2026-09-10
$SPX,7591.7,2026-09-28,18,Put,"7,595.00",+0.04%,87.3,81.28,88.5,10,1,10,14.45%,13.68%,-0.482911,2026-09-10
$SPX,7591.7,2026-09-28,18,Put,"7,555.00",-0.48%,73.7,73.5,74.8,10,1,10,14.45%,14.40%,-0.416855,2026-09-10
$SPX,7591.7,2026-09-17,7,Call,"7,610.00",-0.24%,57.2,56.5,57.7,98,10,9.8,14.45%,15.19%,0.471745,2026-09-10
$SPX,7591.7,2026-09-24,14,Put,"7,125.00",-6.15%,11.1,11.45,11.4,615,63,9.76,14.45%,23.03%,-0.07251,2026-09-10
$SPX,7591.7,2026-11-06,57,Put,"7,200.00",-5.16%,69.8,71.55,71.8,29,3,9.67,14.45%,19.15%,-0.210813,2026-09-10
$SPX,7591.7,2026-10-08,28,Put,"6,750.00",-11.09%,11.7,11.87,12.5,115,12,9.58,14.45%,26.93%,-0.049765,2026-09-10
$SPX,7591.7,2027-03-31,202,Put,"6,845.00",-9.84%,134.8,131.8,136.9,263,28,9.39,14.45%,20.94%,-0.194963,2026-09-10
$SPX,7591.7,2026-09-25,15,Put,"7,515.00",-1.01%,58.6,62.03,59.2,283,31,9.13,14.45%,15.74%,-0.35477,2026-09-10
$SPX,7591.7,2026-10-08,28,Put,"7,650.00",+0.77%,132.2,126.78,133.7,376,42,8.95,14.45%,13.23%,-0.557825,2026-09-10
$SPX,7591.7,2026-10-23,43,Call,"7,650.00",-0.77%,135.3,134.66,136.9,165,19,8.68,14.45%,14.24%,0.482978,2026-09-10
$SPX,7591.7,2027-07-16,309,Put,"5,150.00",-32.16%,51.4,51.5,52.5,355,41,8.66,14.45%,30.63%,-0.051952,2026-09-10
$SPX,7591.7,2026-09-24,14,Call,"7,610.00",-0.24%,81.1,80.07,82.3,128,15,8.53,14.45%,14.41%,0.491273,2026-09-10
$SPX,7591.7,2026-10-07,27,Call,"7,850.00",-3.40%,20.1,20.16,21.2,1510,179,8.44,14.45%,11.49%,0.166169,2026-09-10
$SPX,7591.7,2026-10-23,43,Put,"5,600.00",-26.24%,4.7,4.9,5.1,557,66,8.44,14.45%,41.38%,-0.012488,2026-09-10
$SPX,7591.7,2026-09-24,14,Call,"7,890.00",-3.93%,2.35,2.5,2.7,66,8,8.25,14.45%,10.74%,0.03953,2026-09-10
$SPX,7591.7,2026-09-16,6,Call,"7,600.00",-0.11%,56.3,57.8,56.8,435,54,8.06,14.45%,15.04%,0.493584,2026-09-10
$SPX,7591.7,2026-09-29,19,Call,"7,600.00",-0.11%,100.6,97.82,101.8,102,13,7.85,14.45%,14.21%,0.51627,2026-09-10
$SPX,7591.7,2026-09-16,6,Call,"7,520.00",+0.94%,110.8,107.49,111.3,23,3,7.67,14.45%,17.11%,0.681146,2026-09-10
$SPX,7591.7,2027-01-15,127,Put,"8,060.00",+6.17%,455.5,458.3,458.8,46,6,7.67,14.45%,0.00%,0,2026-09-10
$SPX,7591.7,2026-09-24,14,Put,"6,825.00",-10.10%,4.8,4.84,5,597,81,7.37,14.45%,29.37%,-0.028577,2026-09-10
$SPX,7591.7,2026-09-24,14,Call,"7,585.00",+0.09%,96.5,96.09,97.6,22,3,7.33,14.45%,14.88%,0.536912,2026-09-10
$SPX,7591.7,2026-10-05,25,Call,"7,630.00",-0.50%,99.8,102.88,101.2,14,2,7,14.45%,13.85%,0.479212,2026-09-10
$SPX,7591.7,2026-09-24,14,Put,"7,075.00",-6.81%,9.4,9.9,9.7,325,48,6.77,14.45%,24.04%,-0.060806,2026-09-10
$SPX,7591.7,2026-10-16,36,Put,"6,770.00",-10.82%,17.9,18.35,18.4,60,9,6.67,14.45%,25.60%,-0.065899,2026-09-10
$SPX,7591.7,2026-09-23,13,Call,"7,890.00",-3.93%,1.75,1.85,2,139,21,6.62,14.45%,10.59%,0.031855,2026-09-10
$SPX,7591.7,2027-06-17,280,Put,"3,300.00",-56.53%,11.9,11.87,12.6,600,91,6.59,14.45%,46.50%,-0.0102,2026-09-10
$SPX,7591.7,2026-09-24,14,Put,"7,665.00",+0.97%,111.9,117.06,113,13,2,6.5,14.45%,12.71%,-0.634991,2026-09-10
$SPX,7591.7,2026-09-16,6,Put,"7,655.00",+0.83%,84.9,85.22,85.4,728,112,6.5,14.45%,12.76%,-0.684998,2026-09-10
$SPX,7591.7,2026-09-17,7,Put,"7,230.00",-4.76%,6.8,6.9,7.1,65,10,6.5,14.45%,23.65%,-0.063468,2026-09-10
$SPX,7591.7,2026-09-24,14,Call,"7,530.00",+0.81%,134,136.57,135.2,13,2,6.5,14.45%,15.95%,0.626086,2026-09-10
$SPX,7591.7,2026-10-06,26,Call,"7,740.00",-1.95%,49.3,51.54,50.5,13,2,6.5,14.45%,12.44%,0.312689,2026-09-10
$SPX,7591.7,2026-09-25,15,Put,"7,585.00",-0.09%,79.8,78.4,80.5,643,101,6.37,14.45%,14.37%,-0.467163,2026-09-10
$SPX,7591.7,2026-10-08,28,Call,"7,925.00",-4.39%,10.3,10.95,11.2,133,21,6.33,14.45%,11.12%,0.098608,2026-09-10
$SPX,7591.7,2026-09-24,14,Put,"6,925.00",-8.78%,6.1,6.3,6.3,620,103,6.02,14.45%,27.16%,-0.037638,2026-09-10
$SPX,7591.7,2026-09-24,14,Call,"7,525.00",+0.88%,137.7,134.86,138.7,12,2,6,14.45%,16.04%,0.633445,2026-09-10
$SPX,7591.7,2026-10-07,27,Call,"7,690.00",-1.29%,73.9,76.3,75.3,24,4,6,14.45%,13.17%,0.395029,2026-09-10
$SPX,7591.7,2026-09-17,7,Call,"7,600.00",-0.11%,63,63.5,63.5,220,37,5.95,14.45%,15.43%,0.496861,2026-09-10
$SPX,7591.7,2026-10-23,43,Call,"7,800.00",-2.74%,63.8,64.35,65.2,178,30,5.93,14.45%,12.75%,0.309583,2026-09-10
$SPX,7591.7,2026-09-25,15,Call,"7,595.00",-0.04%,95.4,93.63,96,64,11,5.82,14.45%,14.93%,0.519964,2026-09-10
$SPX,7591.7,2026-09-17,7,Put,"7,465.00",-1.67%,26.6,27.77,27,58,10,5.8,14.45%,18.01%,-0.238276,2026-09-10
$SPX,7591.7,2026-10-16,36,Call,"7,605.00",-0.18%,146.5,149.7,147.5,150,26,5.77,14.45%,14.70%,0.52569,2026-09-10
$SPX,7591.7,2026-09-16,6,Call,"7,685.00",-1.23%,18.2,19.4,18.7,717,125,5.74,14.45%,13.06%,0.246445,2026-09-10
$SPX,7591.7,2026-09-16,6,Put,"6,775.00",-10.76%,1.05,1.15,1.25,102,18,5.67,14.45%,38.15%,-0.009083,2026-09-10
$SPX,7591.7,2026-09-17,7,Put,"7,075.00",-6.81%,3.6,3.7,3.8,3665,647,5.66,14.45%,27.98%,-0.031771,2026-09-10
$SPX,7591.7,2026-09-30,20,Call,"8,550.00",-12.62%,0.05,0.15,0.25,100,18,5.56,14.45%,16.97%,0.001739,2026-09-10
$SPX,7591.7,2026-09-16,6,Put,"6,825.00",-10.10%,1.2,1.25,1.35,61,11,5.55,14.45%,36.47%,-0.010392,2026-09-10
$SPX,7591.7,2026-09-24,14,Call,"7,590.00",+0.02%,93.5,92.8,94.1,105,19,5.53,14.45%,14.77%,0.528041,2026-09-10
$SPX,7591.7,2026-09-24,14,Put,"7,725.00",+1.76%,136.4,148.77,156.3,149,27,5.52,14.45%,10.86%,-0.793437,2026-09-10
$SPX,7591.7,2026-10-06,26,Put,"7,470.00",-1.60%,69,69.25,70.2,11,2,5.5,14.45%,15.87%,-0.325383,2026-09-10
$SPX,7591.7,2026-09-25,15,Call,"7,605.00",-0.18%,89.3,86.4,89.9,104,19,5.47,14.45%,14.75%,0.502515,2026-09-10
$SPX,7591.7,2026-10-01,21,Call,"7,620.00",-0.37%,96.6,96.92,98,43,8,5.38,14.45%,14.22%,0.487711,2026-09-10
$SPX,7591.7,2026-09-24,14,Put,"7,460.00",-1.73%,43.4,46.3,44,156,29,5.38,14.45%,16.78%,-0.279211,2026-09-10
$SPX,7591.7,2026-09-24,14,Put,"7,175.00",-5.49%,13.1,12.85,13.7,397,75,5.29,14.45%,22.05%,-0.087199,2026-09-10
$SPX,7591.7,2026-09-17,7,Put,"7,505.00",-1.14%,34.3,34.27,34.8,58,11,5.27,14.45%,17.06%,-0.300384,2026-09-10
$SPX,7591.7,2027-06-17,280,Put,"5,975.00",-21.30%,86.3,87.38,88.2,3009,585,5.14,14.45%,25.83%,-0.098483,2026-09-10
$SPX,7591.7,2026-10-06,26,Put,"6,750.00",-11.09%,10.1,10.7,10.8,36,7,5.14,14.45%,27.09%,-0.045087,2026-09-10
$SPX,7591.7,2027-06-17,280,Put,"7,475.00",-1.54%,309.6,312.08,311.7,1504,297,5.06,14.45%,17.09%,-0.38074,2026-09-10
$SPX,7591.7,2026-10-08,28,Put,"5,800.00",-23.60%,2.9,2.95,3.3,752,149,5.05,14.45%,43.10%,-0.00974,2026-09-10
$SPX,7591.7,2026-11-03,54,Put,"7,600.00",+0.11%,152.6,156.2,155.4,120,24,5,14.45%,14.34%,-0.470804,2026-09-10
$SPX,7591.7,2026-09-16,6,Call,"7,585.00",+0.09%,65.3,64.19,65.9,130,26,5,14.45%,15.42%,0.533769,2026-09-10
$SPX,7591.7,2026-09-24,14,Call,"8,600.00",-13.28%,0,0.15,0.3,15,3,5,14.45%,21.29%,0.001663,2026-09-10
$SPX,7591.7,2026-11-06,57,Call,"7,650.00",-0.77%,169.4,168.59,171.9,62,13,4.77,14.45%,14.83%,0.499049,2026-09-10
$SPX,7591.7,2026-09-17,7,Put,"7,320.00",-3.58%,11,11.3,11.4,247,53,4.66,14.45%,21.43%,-0.10308,2026-09-10
$SPX,7591.7,2026-09-24,14,Call,"7,645.00",-0.70%,61.6,63.4,62.7,60,13,4.62,14.45%,13.74%,0.422755,2026-09-10
$SPX,7591.7,2026-10-23,43,Call,"7,700.00",-1.43%,108,107.24,109.6,164,36,4.56,14.45%,13.70%,0.426671,2026-09-10
$SPX,7591.7,2026-09-17,7,Call,"7,615.00",-0.31%,54.4,53.02,54.9,100,22,4.55,14.45%,15.06%,0.458929,2026-09-10
$SPX,7591.7,2026-10-07,27,Put,"6,850.00",-9.77%,13.5,14.15,13.9,99,22,4.5,14.45%,25.36%,-0.059301,2026-09-10
$SPX,7591.7,2026-09-25,15,Put,"7,465.00",-1.67%,46.9,49.25,47.9,72,16,4.5,14.45%,16.67%,-0.290345,2026-09-10
$SPX,7591.7,2027-12-17,463,Put,"8,800.00",+15.92%,955.4,982.84,1009.5,300,69,4.35,14.45%,0.00%,0,2026-09-10
$SPX,7591.7,2026-09-24,14,Put,"7,480.00",-1.47%,47.5,47.84,48.1,278,64,4.34,14.45%,16.40%,-0.303548,2026-09-10
$SPX,7591.7,2026-09-29,19,Put,"7,360.00",-3.05%,35.7,35.3,36.7,17,4,4.25,14.45%,17.82%,-0.205118,2026-09-10
$SPX,7591.7,2026-09-17,7,Call,"7,735.00",-1.89%,10.1,10,10.5,164,39,4.21,14.45%,12.53%,0.151703,2026-09-10
$SPX,7591.7,2026-09-28,18,Call,"7,655.00",-0.83%,65.7,63.6,66.8,42,10,4.2,14.45%,13.17%,0.417568,2026-09-10
$SPX,7591.7,2026-09-24,14,Put,"7,615.00",+0.31%,88.5,91.45,89.5,21,5,4.2,14.45%,13.75%,-0.525979,2026-09-10
$SPX,7591.7,2026-09-23,13,Put,"7,480.00",-1.47%,44.1,43.67,45,96,23,4.17,14.45%,16.32%,-0.2973,2026-09-10
$SPX,7591.7,2026-09-24,14,Put,"7,605.00",+0.18%,84.4,84.74,85.5,25,6,4.17,14.45%,13.95%,-0.505946,2026-09-10
$SPX,7591.7,2026-09-16,6,Put,"7,680.00",+1.16%,91,101.08,108.9,721,173,4.17,14.45%,11.64%,-0.776562,2026-09-10
$SPX,7591.7,2026-10-07,27,Put,"7,650.00",+0.77%,130,131.37,131.4,384,92,4.17,14.45%,13.15%,-0.560279,2026-09-10
$SPX,7591.7,2027-01-15,127,Call,"8,140.00",-7.22%,76.8,78.15,78.9,150,36,4.17,14.45%,12.80%,0.239364,2026-09-10
$SPX,7591.7,2027-06-17,280,Put,"8,700.00",+14.60%,932.6,940.79,937.3,1610,387,4.16,14.45%,0.00%,0,2026-09-10
$SPX,7591.7,2026-11-20,71,Call,"8,180.00",-7.75%,18.9,19.3,19.8,224,55,4.07,14.45%,11.89%,0.104005,2026-09-10
$SPX,7591.7,2026-09-24,14,Put,"7,590.00",-0.02%,78.9,81.61,79.5,133,33,4.03,14.45%,14.25%,-0.476766,2026-09-10
$SPX,7591.7,2026-10-05,25,Put,"6,750.00",-11.09%,9.3,8.8,10,24,6,4,14.45%,27.18%,-0.042706,2026-09-10
$SPX,7591.7,2027-07-16,309,Call,"7,675.00",-1.10%,555.1,550.02,558.8,334,84,3.98,14.45%,16.94%,0.588881,2026-09-10
$SPX,7591.7,2026-09-24,14,Put,"7,470.00",-1.60%,45.4,47.53,46,151,38,3.97,14.45%,16.59%,-0.291123,2026-09-10
$SPX,7591.7,2026-09-17,7,Put,"7,250.00",-4.50%,7.5,8.1,7.8,810,205,3.95,14.45%,23.12%,-0.070213,2026-09-10
$SPX,7591.7,2026-10-05,25,Put,"5,800.00",-23.60%,2.2,2.05,2.5,795,205,3.88,14.45%,43.99%,-0.007847,2026-09-10
$SPX,7591.7,2026-09-25,15,Put,"6,150.00",-18.99%,1.65,1.5,1.9,1006,260,3.87,14.45%,43.99%,-0.007726,2026-09-10
$SPX,7591.7,2026-09-17,7,Put,"7,460.00",-1.73%,25.8,26.6,26.2,655,170,3.85,14.45%,18.13%,-0.231551,2026-09-10
$SPX,7591.7,2026-10-06,26,Call,"7,690.00",-1.29%,70.9,69.98,72.3,23,6,3.83,14.45%,13.08%,0.390848,2026-09-10
$SPX,7591.7,2026-09-17,7,Call,"7,635.00",-0.57%,44,45.6,44.4,42,11,3.82,14.45%,14.59%,0.406321,2026-09-10
$SPX,7591.7,2026-09-29,19,Put,"7,290.00",-3.97%,27.6,25.5,28.5,19,5,3.8,14.45%,18.98%,-0.15939,2026-09-10
$SPX,7591.7,2026-09-17,7,Call,"7,705.00",-1.49%,17,16.42,17.4,238,63,3.78,14.45%,13.06%,0.220177,2026-09-10
$SPX,7591.7,2026-09-17,7,Call,"7,885.00",-3.86%,0.35,0.35,0.55,203,54,3.76,14.45%,11.65%,0.010794,2026-09-10
$SPX,7591.7,2026-09-17,7,Call,"7,760.00",-2.22%,6.2,6,6.5,566,152,3.72,14.45%,12.14%,0.104795,2026-09-10
$SPX,7591.7,2026-09-18,8,Put,"6,660.00",-12.27%,1.75,1.75,1.95,220,60,3.67,14.45%,39.78%,-0.011761,2026-09-10
$SPX,7591.7,2026-09-17,7,Call,"7,845.00",-3.34%,0.85,1,1.05,195,54,3.61,14.45%,11.41%,0.021468,2026-09-10
$SPX,7591.7,2026-09-25,15,Call,"7,585.00",+0.09%,101.7,102,102.3,36,10,3.6,14.45%,15.12%,0.536973,2026-09-10
$SPX,7591.7,2026-09-24,14,Call,"7,765.00",-2.28%,16.8,19,17.6,14,4,3.5,14.45%,11.78%,0.182328,2026-09-10
$SPX,7591.7,2026-11-30,81,Put,"7,635.00",+0.57%,199.5,203.05,201.2,31,9,3.44,14.45%,14.31%,-0.490683,2026-09-10
$SPX,7591.7,2026-09-23,13,Call,"7,565.00",+0.35%,105.6,105.1,106.2,17,5,3.4,14.45%,15.16%,0.572466,2026-09-10
$SPX,7591.7,2026-09-24,14,Put,"6,900.00",-9.11%,5.7,6,6,217,64,3.39,14.45%,27.73%,-0.035132,2026-09-10
$SPX,7591.7,2026-09-30,20,Put,"7,285.00",-4.04%,29.9,29.93,30.4,253,75,3.37,14.45%,19.21%,-0.163768,2026-09-10
$SPX,7591.7,2026-11-30,81,Call,"8,110.00",-6.83%,34.5,37.25,35.9,10,3,3.33,14.45%,12.00%,0.159904,2026-09-10
$SPX,7591.7,2026-11-20,71,Put,"7,260.00",-4.37%,93.6,96,95,438,133,3.29,14.45%,18.19%,-0.251121,2026-09-10
$SPX,7591.7,2027-01-29,141,Put,"5,100.00",-32.82%,18.7,19,19.5,82,25,3.28,14.45%,36.47%,-0.026856,2026-09-10
$SPX,7591.7,2026-09-17,7,Put,"7,810.00",+2.88%,201.6,215.03,225.6,13,4,3.25,14.45%,11.28%,-0.98826,2026-09-10
$SPX,7591.7,2026-09-24,14,Put,"7,390.00",-2.66%,31.8,32.4,32.3,94,29,3.24,14.45%,18.08%,-0.20809,2026-09-10
$SPX,7591.7,2026-10-06,26,Put,"7,600.00",+0.11%,107.1,105.82,108.6,42,13,3.23,14.45%,13.85%,-0.48524,2026-09-10
$SPX,7591.7,2026-09-24,14,Call,"7,640.00",-0.64%,64.3,62.84,65.3,51,16,3.19,14.45%,13.84%,0.432841,2026-09-10
$SPX,7591.7,2026-09-17,7,Put,"7,415.00",-2.33%,19.4,20.09,19.8,67,21,3.19,14.45%,19.17%,-0.177802,2026-09-10
$SPX,7591.7,2026-11-06,57,Put,"7,300.00",-3.84%,84.6,86.75,86.8,35,11,3.18,14.45%,18.00%,-0.256415,2026-09-10
$SPX,7591.7,2026-09-24,14,Put,"7,200.00",-5.16%,14.5,15.03,14.9,298,98,3.04,14.45%,21.58%,-0.095968,2026-09-10
$SPX,7591.7,2026-10-01,21,Call,"7,660.00",-0.90%,74.4,71.82,75.7,70,23,3.04,14.45%,13.58%,0.422886,2026-09-10
$SPX,7591.7,2026-09-17,7,Call,"7,835.00",-3.20%,1.1,1.2,1.3,213,70,3.04,14.45%,11.45%,0.026329,2026-09-10
$SPX,7591.7,2026-09-18,8,Put,"7,585.00",-0.09%,62.1,61.2,62.7,769,256,3,14.45%,15.22%,-0.469125,2026-09-10
$SPX,7591.7,2027-01-29,141,Put,"7,825.00",+3.07%,331.7,332.4,334,15,5,3,14.45%,13.18%,-0.607242,2026-09-10
$SPX,7591.7,2027-01-29,141,Put,"7,330.00",-3.45%,171,175,173,12,4,3,14.45%,17.32%,-0.31445,2026-09-10
$SPX,7591.7,2026-11-03,54,Put,"7,550.00",-0.55%,135.9,139.35,138.8,24,8,3,14.45%,14.93%,-0.423489,2026-09-10
$SPX,7591.7,2026-09-17,7,Call,"7,660.00",-0.90%,32.6,32.09,33.1,105,36,2.92,14.45%,14.03%,0.338854,2026-09-10
$SPX,7591.7,2026-09-16,6,Call,"7,605.00",-0.18%,53.4,52.8,53.9,52,18,2.89,14.45%,14.91%,0.479741,2026-09-10
$SPX,7591.7,2026-11-03,54,Put,"7,475.00",-1.54%,114.8,114.05,117.4,20,7,2.86,14.45%,15.79%,-0.361307,2026-09-10
$SPX,7591.7,2026-09-17,7,Call,"7,575.00",+0.22%,78.5,76.2,79,54,19,2.84,14.45%,16.04%,0.556291,2026-09-10
$SPX,7591.7,2026-09-17,7,Put,"7,330.00",-3.45%,11.7,11.5,12,150,53,2.83,14.45%,21.19%,-0.109029,2026-09-10
$SPX,7591.7,2026-09-24,14,Put,"7,575.00",-0.22%,73.5,72.87,74.2,234,83,2.82,14.45%,14.55%,-0.448765,2026-09-10
$SPX,7591.7,2026-09-25,15,Call,"7,845.00",-3.34%,6.2,6.49,6.9,28,10,2.8,14.45%,11.13%,0.084253,2026-09-10
$SPX,7591.7,2026-09-17,7,Put,"7,520.00",-0.94%,37.8,39.57,38.3,243,87,2.79,14.45%,16.70%,-0.327306,2026-09-10
$SPX,7591.7,2026-09-17,7,Call,"7,590.00",+0.02%,69,71,69.5,72,26,2.77,14.45%,15.67%,0.521234,2026-09-10
$SPX,7591.7,2026-09-28,18,Call,"7,610.00",-0.24%,90.8,90.84,92.1,36,13,2.77,14.45%,13.94%,0.498215,2026-09-10
$SPX,7591.7,2026-11-30,81,Call,"8,350.00",-9.99%,9.5,9.86,10.4,600,217,2.76,14.45%,11.52%,0.057601,2026-09-10
$SPX,7591.7,2026-09-17,7,Call,"7,805.00",-2.81%,2.25,2.3,2.5,442,161,2.75,14.45%,11.61%,0.047244,2026-09-10
$SPX,7591.7,2026-09-17,7,Call,"7,815.00",-2.94%,1.8,1.9,2.05,217,79,2.75,14.45%,11.58%,0.039468,2026-09-10
$SPX,7591.7,2026-09-24,14,Put,"7,595.00",+0.04%,80.5,77.74,81.6,55,20,2.75,14.45%,14.15%,-0.486246,2026-09-10
$SPX,7591.7,2026-11-06,57,Call,"8,800.00",-15.92%,0.55,0.7,0.9,8230,3035,2.71,14.45%,13.97%,0.005505,2026-09-10
$SPX,7591.7,2026-11-20,71,Put,"7,635.00",+0.57%,191.9,193.07,193.4,32,12,2.67,14.45%,14.47%,-0.495781,2026-09-10
$SPX,7591.7,2026-09-24,14,Put,"7,150.00",-5.82%,12.1,12.75,12.4,271,102,2.66,14.45%,22.54%,-0.079387,2026-09-10
$SPX,7591.7,2026-09-16,6,Call,"7,665.00",-0.97%,25,24.33,25.5,125,47,2.66,14.45%,13.49%,0.304192,2026-09-10
$SPX,7591.7,2026-09-17,7,Call,"7,730.00",-1.82%,11.1,10.8,11.5,284,107,2.65,14.45%,12.62%,0.162454,2026-09-10
$SPX,7591.7,2026-09-17,7,Call,"7,550.00",+0.55%,95.4,93.8,95.9,97,37,2.62,14.45%,16.66%,0.610427,2026-09-10
$SPX,7591.7,2026-10-23,43,Put,"7,800.00",+2.74%,233.5,238.68,235,13,5,2.6,14.45%,11.36%,-0.747556,2026-09-10
$SPX,7591.7,2026-10-23,43,Put,"7,590.00",-0.02%,132.8,135.8,134.4,13,5,2.6,14.45%,14.25%,-0.464054,2026-09-10
$SPX,7591.7,2026-09-30,20,Call,"8,210.00",-8.14%,0.25,0.42,0.45,111,43,2.58,14.45%,12.58%,0.004991,2026-09-10
$SPX,7591.7,2026-09-18,8,Call,"7,735.00",-1.89%,13.7,14.49,14.2,602,234,2.57,14.45%,12.98%,0.178252,2026-09-10
$SPX,7591.7,2026-09-17,7,Put,"7,435.00",-2.06%,22,23.06,22.4,59,23,2.57,14.45%,18.71%,-0.199939,2026-09-10
$SPX,7591.7,2026-09-25,15,Put,"7,555.00",-0.48%,69.6,71.5,70.7,41,16,2.56,14.45%,14.95%,-0.415417,2026-09-10
$SPX,7591.7,2026-09-16,6,Call,"7,580.00",+0.15%,68.5,67.2,69.1,33,13,2.54,14.45%,15.56%,0.546661,2026-09-10
$SPX,7591.7,2026-09-17,7,Call,"7,785.00",-2.55%,3.6,3.81,3.9,156,62,2.52,14.45%,11.83%,0.06881,2026-09-10
$SPX,7591.7,2026-09-16,6,Call,"7,710.00",-1.56%,11.6,12.6,12,744,295,2.52,14.45%,12.54%,0.179636,2026-09-10
$SPX,7591.7,2026-10-08,28,Call,"7,600.00",-0.11%,127.2,125.98,128.7,25,10,2.5,14.45%,14.49%,0.524811,2026-09-10
$SPX,7591.7,2026-10-08,28,Call,"7,810.00",-2.88%,31.4,30.15,32.6,10,4,2.5,14.45%,11.93%,0.224506,2026-09-10
$SPX,7591.7,2026-09-17,7,Put,"7,350.00",-3.18%,13.1,12.9,13.4,983,405,2.43,14.45%,20.69%,-0.121899,2026-09-10
$SPX,7591.7,2026-09-24,14,Call,"7,600.00",-0.11%,87.3,85.78,87.9,82,34,2.41,14.45%,14.58%,0.509881,2026-09-10
$SPX,7591.7,2026-09-25,15,Put,"7,455.00",-1.80%,44.9,45.8,45.9,24,10,2.4,14.45%,16.85%,-0.278892,2026-09-10
$SPX,7591.7,2026-09-16,6,Call,"7,680.00",-1.16%,19.8,19,20.2,215,91,2.36,14.45%,13.16%,0.260496,2026-09-10
$SPX,7591.7,2026-09-29,19,Call,"7,700.00",-1.43%,47.9,47.22,49,66,28,2.36,14.45%,12.58%,0.339648,2026-09-10
$SPX,7591.7,2026-09-17,7,Call,"7,810.00",-2.88%,2,2.05,2.25,341,146,2.34,14.45%,11.58%,0.043005,2026-09-10
$SPX,7591.7,2026-09-25,15,Put,"7,385.00",-2.72%,33.3,33,34.2,14,6,2.33,14.45%,18.13%,-0.210344,2026-09-10
$SPX,7591.7,2026-09-17,7,Put,"7,240.00",-4.63%,7.2,7.62,7.5,30,13,2.31,14.45%,23.43%,-0.067101,2026-09-10
$SPX,7591.7,2026-09-25,15,Call,"7,600.00",-0.11%,92.3,90.48,92.9,440,191,2.3,14.45%,14.84%,0.511292,2026-09-10
$SPX,7591.7,2026-09-16,6,Call,"7,615.00",-0.31%,47.9,46.63,48.4,23,10,2.3,14.45%,14.67%,0.451528,2026-09-10
$SPX,7591.7,2026-09-16,6,Put,"7,220.00",-4.90%,4.4,4.6,4.7,87,38,2.29,14.45%,23.84%,-0.04687,2026-09-10
$SPX,7591.7,2026-10-16,36,Put,"7,225.00",-4.83%,45.2,46.95,46.9,4671,2050,2.28,14.45%,19.09%,-0.181581,2026-09-10
$SPX,7591.7,2026-09-24,14,Put,"7,450.00",-1.87%,41.5,39.05,42,157,69,2.28,14.45%,16.96%,-0.267644,2026-09-10
$SPX,7591.7,2026-09-24,14,Put,"7,380.00",-2.79%,30.4,30.6,30.9,123,54,2.28,14.45%,18.25%,-0.199453,2026-09-10
$SPX,7591.7,2026-09-18,8,Call,"7,960.00",-4.85%,0.2,0.35,0.45,5015,2203,2.28,14.45%,12.75%,0.006979,2026-09-10
$SPX,7591.7,2026-10-16,36,Put,"6,410.00",-15.57%,9.8,10.2,10.5,160,71,2.25,14.45%,30.89%,-0.033798,2026-09-10
$SPX,7591.7,2027-01-15,127,Put,"8,070.00",+6.30%,462.2,463.26,465.5,38,17,2.24,14.45%,0.00%,0,2026-09-10
$SPX,7591.7,2026-09-17,7,Put,"7,290.00",-3.97%,9.3,9.8,9.6,451,202,2.23,14.45%,22.14%,-0.087076,2026-09-10
$SPX,7591.7,2026-09-18,8,Put,"7,395.00",-2.59%,20.8,21.75,21.3,430,194,2.22,14.45%,19.74%,-0.174245,2026-09-10
$SPX,7591.7,2027-06-30,293,Put,"6,150.00",-18.99%,104.4,104.8,106.2,22,10,2.2,14.45%,24.68%,-0.117519,2026-09-10
$SPX,7591.7,2027-05-21,253,Put,"6,725.00",-11.42%,148.2,148.61,150.3,500,227,2.2,14.45%,21.58%,-0.186279,2026-09-10
$SPX,7591.7,2026-09-17,7,Put,"7,595.00",+0.04%,61.4,61.72,61.9,242,110,2.2,14.45%,14.85%,-0.494232,2026-09-10
$SPX,7591.7,2026-09-23,13,Put,"7,605.00",+0.18%,81.2,76.5,81.9,13,6,2.17,14.45%,13.83%,-0.507637,2026-09-10
$SPX,7591.7,2026-10-16,36,Put,"6,910.00",-8.98%,23.1,23.87,24,26,12,2.17,14.45%,23.58%,-0.088113,2026-09-10
$SPX,7591.7,2026-09-25,15,Call,"7,590.00",+0.02%,98.5,98,99.2,162,75,2.16,14.45%,15.03%,0.528521,2026-09-10
$SPX,7591.7,2026-11-20,71,Call,"7,970.00",-4.98%,56.3,55.4,57.9,215,100,2.15,14.45%,12.61%,0.236802,2026-09-10
$SPX,7591.7,2026-09-30,20,Call,"7,925.00",-4.39%,3.8,3.74,4.1,2079,966,2.15,14.45%,10.60%,0.050547,2026-09-10
$SPX,7591.7,2026-09-17,7,Call,"7,640.00",-0.64%,41.5,40.7,42,30,14,2.14,14.45%,14.47%,0.392865,2026-09-10
$SPX,7591.7,2026-09-24,14,Put,"7,050.00",-7.14%,8.6,8.95,8.9,1069,500,2.14,14.45%,24.50%,-0.055501,2026-09-10
$SPX,7591.7,2026-09-17,7,Put,"7,530.00",-0.81%,40.3,41.35,40.8,182,85,2.14,14.45%,16.45%,-0.346333,2026-09-10
$SPX,7591.7,2026-11-06,57,Put,"7,575.00",-0.22%,150.7,154.97,153.2,17,8,2.13,14.45%,14.87%,-0.446795,2026-09-10
$SPX,7591.7,2026-09-28,18,Put,"6,850.00",-9.77%,6.5,6.6,7.1,96,45,2.13,14.45%,26.77%,-0.036961,2026-09-10
$SPX,7591.7,2026-10-07,27,Call,"7,800.00",-2.74%,32.3,32.1,32.9,409,194,2.11,14.45%,11.93%,0.231002,2026-09-10
$SPX,7591.7,2026-11-03,54,Put,"6,850.00",-9.77%,34.2,35.37,35.8,19,9,2.11,14.45%,23.13%,-0.104631,2026-09-10
$SPX,7591.7,2026-09-16,6,Call,"7,670.00",-1.03%,23.2,22.64,23.6,145,69,2.1,14.45%,13.38%,0.289422,2026-09-10
$SPX,7591.7,2026-09-24,14,Call,"7,840.00",-3.27%,5.5,5.51,5.9,71,34,2.09,14.45%,11.00%,0.077929,2026-09-10
$SPX,7591.7,2026-09-17,7,Put,"7,150.00",-5.82%,4.8,4.9,5,359,173,2.08,14.45%,25.84%,-0.043528,2026-09-10
$SPX,7591.7,2026-09-28,18,Call,"7,695.00",-1.36%,46.9,45.66,47.9,65,32,2.03,14.45%,12.53%,0.341783,2026-09-10
$SPX,7591.7,2026-09-16,6,Call,"8,150.00",-7.35%,0.05,0.15,0.2,101,50,2.02,14.45%,19.25%,0.002273,2026-09-10
$SPX,7591.7,2026-09-25,15,Call,"7,835.00",-3.20%,7.3,7.32,8,46,23,2,14.45%,11.23%,0.095272,2026-09-10
$SPX,7591.7,2026-10-06,26,Call,"7,700.00",-1.43%,66.2,67.8,67.6,40,20,2,14.45%,12.95%,0.375291,2026-09-10
$SPX,7591.7,2026-10-23,43,Call,"7,600.00",-0.11%,165.6,162.86,167.3,16,8,2,14.45%,14.81%,0.535818,2026-09-10
$SPX,7591.7,2026-09-24,14,Call,"7,745.00",-2.02%,21.8,21.7,22.7,10,5,2,14.45%,12.06%,0.218994,2026-09-10
$SPX,7591.7,2026-09-16,6,Call,"7,595.00",-0.04%,59.2,58.6,59.7,87,44,1.98,14.45%,15.15%,0.507204,2026-09-10
$SPX,7591.7,2026-09-24,14,Put,"7,340.00",-3.32%,25.6,26.42,26,88,45,1.96,14.45%,18.98%,-0.168766,2026-09-10
$SPX,7591.7,2026-09-28,18,Call,"7,925.00",-4.39%,2.45,2.44,2.75,165,85,1.94,14.45%,10.35%,0.037545,2026-09-10
$SPX,7591.7,2026-11-20,71,Call,"7,640.00",-0.64%,202,201.9,203.3,27,14,1.93,14.45%,14.93%,0.518428,2026-09-10
$SPX,7591.7,2026-09-17,7,Put,"7,490.00",-1.34%,31.2,31.18,31.6,161,84,1.92,14.45%,17.41%,-0.275475,2026-09-10
$SPX,7591.7,2026-09-16,6,Put,"7,605.00",+0.18%,59.4,61.09,60,130,68,1.91,14.45%,14.12%,-0.525324,2026-09-10
$SPX,7591.7,2026-09-18,8,Call,"7,595.00",-0.04%,72.8,74.7,73.5,178,93,1.91,14.45%,16.01%,0.510804,2026-09-10
$SPX,7591.7,2026-10-05,25,Call,"8,125.00",-7.02%,0.8,1.01,1.15,17,9,1.89,14.45%,11.12%,0.012782,2026-09-10
$SPX,7591.7,2026-09-23,13,Call,"7,705.00",-1.49%,31.4,31.49,32.4,15,8,1.88,14.45%,12.53%,0.287706,2026-09-10
$SPX,7591.7,2026-09-16,6,Put,"7,290.00",-3.97%,6.5,6.5,6.8,150,80,1.88,14.45%,21.91%,-0.069776,2026-09-10
$SPX,7591.7,2026-09-24,14,Put,"7,580.00",-0.15%,75.3,75.4,75.9,129,69,1.87,14.45%,14.45%,-0.458231,2026-09-10
$SPX,7591.7,2026-09-17,7,Put,"7,605.00",+0.18%,65.5,66.3,66,57,31,1.84,14.45%,14.60%,-0.52041,2026-09-10
$SPX,7591.7,2026-09-18,8,Call,"7,810.00",-2.88%,3.4,3.8,3.7,834,453,1.84,14.45%,11.99%,0.061341,2026-09-10
$SPX,7591.7,2026-11-20,71,Put,"7,535.00",-0.75%,157.7,160.44,159.3,11,6,1.83,14.45%,15.50%,-0.413735,2026-09-10
$SPX,7591.7,2026-09-28,18,Put,"6,750.00",-11.09%,5.2,4.82,5.7,45,25,1.8,14.45%,28.70%,-0.028616,2026-09-10
$SPX,7591.7,2026-09-17,7,Call,"7,680.00",-1.16%,24.9,24.54,25.3,641,359,1.79,14.45%,13.58%,0.284852,2026-09-10
$SPX,7591.7,2026-10-16,36,Call,"7,695.00",-1.36%,95.2,92.55,96.5,34,19,1.79,14.45%,13.60%,0.417066,2026-09-10
$SPX,7591.7,2027-01-29,141,Put,"5,950.00",-21.62%,38.9,38.1,40.2,50,28,1.79,14.45%,28.69%,-0.062865,2026-09-10
$SPX,7591.7,2026-10-23,43,Put,"7,610.00",+0.24%,140.1,145.06,141.7,25,14,1.79,14.45%,14.00%,-0.486879,2026-09-10
$SPX,7591.7,2026-11-03,54,Put,"6,800.00",-10.43%,31.6,29.62,33.1,16,9,1.78,14.45%,23.75%,-0.095836,2026-09-10
$SPX,7591.7,2026-09-30,20,Call,"7,715.00",-1.62%,45.6,46,46.1,151,85,1.78,14.45%,12.56%,0.320747,2026-09-10
$SPX,7591.7,2026-09-17,7,Call,"7,880.00",-3.80%,0.4,0.4,0.55,102,58,1.76,14.45%,11.56%,0.011414,2026-09-10
$SPX,7591.7,2026-10-01,21,Put,"7,580.00",-0.15%,91,92.74,92.3,30,17,1.76,14.45%,14.31%,-0.457699,2026-09-10
$SPX,7591.7,2026-09-17,7,Call,"7,665.00",-0.97%,30.6,29.7,31,59,34,1.74,14.45%,13.92%,0.325294,2026-09-10
$SPX,7591.7,2026-09-16,6,Call,"7,770.00",-2.35%,3,3.5,3.3,437,251,1.74,14.45%,11.57%,0.064516,2026-09-10
$SPX,7591.7,2026-10-05,25,Call,"7,875.00",-3.73%,12.6,12.7,13.5,333,191,1.74,14.45%,11.06%,0.121813,2026-09-10
$SPX,7591.7,2026-09-30,20,Put,"7,185.00",-5.36%,21.4,21.37,21.9,297,174,1.71,14.45%,20.85%,-0.117081,2026-09-10
$SPX,7591.7,2026-09-17,7,Call,"7,630.00",-0.50%,46.5,46,46.9,70,41,1.71,14.45%,14.70%,0.419642,2026-09-10
$SPX,7591.7,2026-09-17,7,Put,"7,615.00",+0.31%,69.8,72.32,70.4,89,52,1.71,14.45%,14.34%,-0.547686,2026-09-10
$SPX,7591.7,2026-09-16,6,Call,"7,555.00",+0.48%,85.2,83.4,85.7,22,13,1.69,14.45%,16.19%,0.607411,2026-09-10
$SPX,7591.7,2026-11-30,81,Put,"7,585.00",-0.09%,181.7,184.7,183.4,40,24,1.67,14.45%,14.80%,-0.450334,2026-09-10
$SPX,7591.7,2026-10-01,21,Put,"5,400.00",-28.87%,0.9,1.05,1.2,20,12,1.67,14.45%,53.99%,-0.003368,2026-09-10
$SPX,7591.7,2026-09-25,15,Call,"7,610.00",-0.24%,86,83.4,87.2,144,87,1.66,14.45%,14.66%,0.49363,2026-09-10
$SPX,7591.7,2026-09-18,8,Call,"7,815.00",-2.94%,3.1,3.08,3.4,550,335,1.64,14.45%,11.98%,0.056919,2026-09-10
$SPX,7591.7,2027-01-15,127,Put,"8,080.00",+6.43%,468.9,473.74,472.3,46,28,1.64,14.45%,0.00%,0,2026-09-10
$SPX,7591.7,2026-09-24,14,Call,"7,875.00",-3.73%,3,3.4,3.3,167,102,1.64,14.45%,10.74%,0.047892,2026-09-10
$SPX,7591.7,2026-09-24,14,Put,"6,500.00",-14.38%,2.55,2.65,2.8,710,433,1.64,14.45%,36.80%,-0.013612,2026-09-10
$SPX,7591.7,2026-10-08,28,Put,"7,075.00",-6.81%,23.9,24.9,24.8,124,76,1.63,14.45%,21.82%,-0.107767,2026-09-10
$SPX,7591.7,2026-10-05,25,Call,"7,760.00",-2.22%,39.5,38.83,40.7,31,19,1.63,14.45%,12.11%,0.275067,2026-09-10
$SPX,7591.7,2026-09-16,6,Call,"8,125.00",-7.02%,0.05,0.15,0.2,201,124,1.62,14.45%,18.49%,0.002359,2026-09-10
$SPX,7591.7,2026-09-24,14,Put,"6,850.00",-9.77%,5,5.2,5.3,190,118,1.61,14.45%,28.78%,-0.030398,2026-09-10
$SPX,7591.7,2026-10-08,28,Put,"7,050.00",-7.14%,22.4,23.4,23.4,88,55,1.6,14.45%,22.19%,-0.100941,2026-09-10
$SPX,7591.7,2026-09-29,19,Call,"7,810.00",-2.88%,14.8,17.04,15.7,19,12,1.58,14.45%,11.19%,0.152924,2026-09-10
$SPX,7591.7,2026-10-08,28,Put,"7,225.00",-4.83%,35.5,36.65,36.6,80,51,1.57,14.45%,19.58%,-0.162149,2026-09-10
$SPX,7591.7,2026-09-18,8,Call,"7,755.00",-2.15%,9.8,10.45,10.2,582,372,1.56,14.45%,12.66%,0.139222,2026-09-10
$SPX,7591.7,2026-09-25,15,Call,"7,880.00",-3.80%,3.7,3.67,4,252,162,1.56,14.45%,10.93%,0.054431,2026-09-10
$SPX,7591.7,2027-01-15,127,Put,"8,090.00",+6.56%,475.8,481.65,479.2,34,22,1.55,14.45%,0.00%,0,2026-09-10
$SPX,7591.7,2026-09-24,14,Call,"7,630.00",-0.50%,69.7,68.77,70.7,45,29,1.55,14.45%,14.02%,0.452697,2026-09-10
$SPX,7591.7,2026-09-30,20,Call,"8,065.00",-6.23%,0.65,0.97,0.9,111,72,1.54,14.45%,10.95%,0.011642,2026-09-10
$SPX,7591.7,2026-09-16,6,Call,"7,525.00",+0.88%,107,105.9,107.5,23,15,1.53,14.45%,16.98%,0.671421,2026-09-10
$SPX,7591.7,2026-09-16,6,Call,"7,660.00",-0.90%,26.9,25.8,27.4,72,47,1.53,14.45%,13.60%,0.318918,2026-09-10
$SPX,7591.7,2026-10-23,43,Put,"7,480.00",-1.47%,100,98.77,101.5,23,15,1.53,14.45%,15.65%,-0.357012,2026-09-10
$SPX,7591.7,2027-01-15,127,Call,"8,600.00",-13.28%,14,14.78,14.6,95,63,1.51,14.45%,12.04%,0.062771,2026-09-10
$SPX,7591.7,2027-01-15,127,Call,"7,400.00",+2.53%,468.1,466.57,469.9,15,10,1.5,14.45%,17.24%,0.667876,2026-09-10
$SPX,7591.7,2027-01-29,141,Put,"6,675.00",-12.08%,80.5,79.84,82.1,12,8,1.5,14.45%,22.65%,-0.140851,2026-09-10
$SPX,7591.7,2026-09-17,7,Put,"7,590.00",-0.02%,59.4,58.5,59.9,143,96,1.49,14.45%,14.96%,-0.48136,2026-09-10
$SPX,7591.7,2026-09-17,7,Put,"7,545.00",-0.62%,44.4,43.14,44.9,59,40,1.48,14.45%,16.08%,-0.376808,2026-09-10
$SPX,7591.7,2026-10-08,28,Call,"7,875.00",-3.73%,17.2,17.5,18.3,74,50,1.48,14.45%,11.42%,0.145735,2026-09-10
$SPX,7591.7,2026-09-17,7,Call,"7,720.00",-1.69%,13.3,14.2,13.6,136,92,1.48,14.45%,12.79%,0.184612,2026-09-10
$SPX,7591.7,2026-09-17,7,Call,"7,855.00",-3.47%,0.7,0.8,0.85,108,73,1.48,14.45%,11.44%,0.017872,2026-09-10
$SPX,7591.7,2026-11-20,71,Call,"8,190.00",-7.88%,17.8,17.7,18.8,362,247,1.47,14.45%,11.87%,0.099432,2026-09-10
$SPX,7591.7,2026-09-23,13,Call,"7,700.00",-1.43%,33.5,32.08,34,88,60,1.47,14.45%,12.62%,0.298465,2026-09-10
$SPX,7591.7,2026-10-16,36,Put,"7,545.00",-0.62%,106.1,106.5,108.3,174,119,1.46,14.45%,14.74%,-0.414668,2026-09-10
$SPX,7591.7,2026-09-17,7,Put,"7,225.00",-4.83%,6.7,6.9,7,412,282,1.46,14.45%,23.83%,-0.062278,2026-09-10
$SPX,7591.7,2026-10-16,36,Call,"7,695.00",-1.36%,93.8,95.5,95.7,125,86,1.45,14.45%,13.48%,0.416204,2026-09-10
$SPX,7591.7,2026-09-24,14,Call,"7,730.00",-1.82%,26.2,25.03,27.1,32,22,1.45,14.45%,12.28%,0.248077,2026-09-10
$SPX,7591.7,2027-03-31,202,Put,"6,625.00",-12.73%,109.2,106.46,111.1,56,39,1.44,14.45%,22.43%,-0.155765,2026-09-10
$SPX,7591.7,2026-10-23,43,Put,"7,490.00",-1.34%,102.7,100.92,104.1,10,7,1.43,14.45%,15.53%,-0.365939,2026-09-10
$SPX,7591.7,2026-11-30,81,Call,"7,835.00",-3.20%,114.2,117.13,115.8,10,7,1.43,14.45%,13.26%,0.366147,2026-09-10
$SPX,7591.7,2027-01-29,141,Put,"6,875.00",-9.44%,100.1,101.06,101.8,80,56,1.43,14.45%,21.02%,-0.178622,2026-09-10
$SPX,7591.7,2026-09-17,7,Call,"7,620.00",-0.37%,51.7,50.93,52.2,51,36,1.42,14.45%,14.95%,0.445988,2026-09-10
$SPX,7591.7,2026-09-25,15,Call,"7,695.00",-1.36%,42.9,41.6,43.4,71,50,1.42,14.45%,13.10%,0.330133,2026-09-10
$SPX,7591.7,2026-09-18,8,Call,"7,605.00",-0.18%,66.8,68.6,67.5,330,233,1.42,14.45%,15.77%,0.488335,2026-09-10
$SPX,7591.7,2026-09-24,14,Put,"6,600.00",-13.06%,3,3.2,3.3,619,436,1.42,14.45%,34.47%,-0.016724,2026-09-10
$SPX,7591.7,2026-09-24,14,Put,"7,675.00",+1.10%,117.3,122.58,118.3,154,109,1.41,14.45%,12.49%,-0.658073,2026-09-10
$SPX,7591.7,2026-10-08,28,Put,"6,300.00",-17.01%,5.7,6,6.2,48,34,1.41,14.45%,34.52%,-0.021414,2026-09-10
$SPX,7591.7,2026-09-16,6,Call,"7,825.00",-3.07%,0.75,0.85,0.9,815,577,1.41,14.45%,11.28%,0.020483,2026-09-10
$SPX,7591.7,2026-09-18,8,Call,"7,625.00",-0.44%,55.6,57.6,56.2,704,500,1.41,14.45%,15.29%,0.441585,2026-09-10
$SPX,7591.7,2026-10-08,28,Call,"7,820.00",-3.01%,28.8,28.8,30,28,20,1.4,14.45%,11.85%,0.211369,2026-09-10
$SPX,7591.7,2026-09-16,6,Call,"7,630.00",-0.50%,40.2,39.79,40.6,179,128,1.4,14.45%,14.30%,0.407967,2026-09-10
$SPX,7591.7,2026-09-25,15,Put,"7,490.00",-1.34%,52.6,53.6,53.1,258,185,1.39,14.45%,16.21%,-0.321179,2026-09-10
$SPX,7591.7,2026-09-17,7,Call,"7,745.00",-2.02%,8.4,8.9,8.7,124,89,1.39,14.45%,12.37%,0.131793,2026-09-10
$SPX,7591.7,2026-10-16,36,Call,"7,850.00",-3.40%,36.2,37.1,36.9,428,309,1.39,14.45%,12.15%,0.223062,2026-09-10
$SPX,7591.7,2026-09-16,6,Call,"7,745.00",-2.02%,5.6,5.7,5.9,328,236,1.39,14.45%,11.95%,0.104163,2026-09-10
$SPX,7591.7,2026-09-16,6,Put,"7,565.00",-0.35%,44.4,46.21,44.9,143,103,1.39,14.45%,15.15%,-0.414619,2026-09-10
$SPX,7591.7,2026-10-23,43,Put,"7,500.00",-1.21%,105.2,108.11,106.8,54,39,1.38,14.45%,15.40%,-0.374651,2026-09-10
$SPX,7591.7,2027-03-19,190,Put,"6,150.00",-18.99%,66.2,67.35,67.8,2010,1452,1.38,14.45%,25.93%,-0.09381,2026-09-10
$SPX,7591.7,2026-09-16,6,Call,"7,570.00",+0.29%,75,73.4,75.6,11,8,1.38,14.45%,15.82%,0.571723,2026-09-10
$SPX,7591.7,2026-09-18,8,Put,"7,480.00",-1.47%,33.7,33,34.2,586,427,1.37,14.45%,17.78%,-0.273372,2026-09-10
$SPX,7591.7,2026-09-30,20,Call,"7,770.00",-2.35%,26.6,26.94,27.6,1188,865,1.37,14.45%,11.83%,0.22587,2026-09-10
$SPX,7591.7,2026-09-30,20,Call,"8,070.00",-6.30%,0.65,0.95,0.9,104,76,1.37,14.45%,11.05%,0.011547,2026-09-10
$SPX,7591.7,2026-09-17,7,Put,"7,440.00",-2.00%,22.7,23.79,23.1,292,213,1.37,14.45%,18.59%,-0.205859,2026-09-10
$SPX,7591.7,2026-10-16,36,Put,"7,075.00",-6.81%,32.9,33.79,33.5,429,315,1.36,14.45%,21.28%,-0.127669,2026-09-10
$SPX,7591.7,2026-09-24,14,Put,"7,475.00",-1.54%,46.2,46.35,47.1,233,171,1.36,14.45%,16.47%,-0.297079,2026-09-10
$SPX,7591.7,2026-09-23,13,Call,"7,745.00",-2.02%,19.1,20.7,19.9,15,11,1.36,14.45%,11.89%,0.205568,2026-09-10
$SPX,7591.7,2026-09-16,6,Call,"7,635.00",-0.57%,37.7,37.2,38.2,58,43,1.35,14.45%,14.17%,0.393153,2026-09-10
$SPX,7591.7,2026-09-17,7,Put,"6,775.00",-10.76%,1.65,1.75,1.85,23,17,1.35,14.45%,37.35%,-0.012598,2026-09-10
$SPX,7591.7,2026-10-23,43,Put,"6,900.00",-9.11%,28,28.9,29,78,58,1.34,14.45%,23.08%,-0.09752,2026-09-10
$SPX,7591.7,2026-09-18,8,Put,"6,140.00",-19.12%,0.7,0.8,0.9,180,135,1.33,14.45%,55.18%,-0.004057,2026-09-10
$SPX,7591.7,2026-09-24,14,Call,"7,625.00",-0.44%,72.4,71.28,73.5,20,15,1.33,14.45%,14.11%,0.462472,2026-09-10
$SPX,7591.7,2026-10-23,43,Call,"7,725.00",-1.76%,95.6,97.98,97.1,33,25,1.32,14.45%,13.44%,0.397572,2026-09-10
$SPX,7591.7,2027-01-15,127,Put,"8,020.00",+5.64%,429.4,426.9,432.7,17,13,1.31,14.45%,9.77%,-0.918308,2026-09-10
$SPX,7591.7,2026-09-17,7,Put,"7,340.00",-3.32%,12.4,12.9,12.7,212,162,1.31,14.45%,20.95%,-0.115388,2026-09-10
$SPX,7591.7,2027-01-29,141,Put,"7,270.00",-4.24%,158.7,157.42,160.7,60,46,1.3,14.45%,17.81%,-0.291291,2026-09-10
$SPX,7591.7,2026-09-17,7,Call,"7,650.00",-0.77%,37,36.36,37.4,174,135,1.29,14.45%,14.26%,0.366033,2026-09-10
$SPX,7591.7,2026-11-03,54,Put,"6,875.00",-9.44%,35.8,36.7,37.3,18,14,1.29,14.45%,22.85%,-0.109594,2026-09-10
$SPX,7591.7,2026-09-25,15,Put,"7,605.00",+0.18%,87,89.18,88.1,86,67,1.28,14.45%,13.95%,-0.504355,2026-09-10
$SPX,7591.7,2026-09-18,8,Call,"7,585.00",+0.09%,79,79.3,79.7,136,106,1.28,14.45%,16.25%,0.532598,2026-09-10
$SPX,7591.7,2026-09-16,6,Call,"7,575.00",+0.22%,71.7,70.49,72.2,37,29,1.28,14.45%,15.67%,0.559379,2026-09-10
$SPX,7591.7,2026-09-24,14,Call,"7,760.00",-2.22%,18,19.29,18.8,32,25,1.28,14.45%,11.86%,0.191351,2026-09-10
$SPX,7591.7,2026-09-17,7,Put,"7,565.00",-0.35%,50.5,50.44,51,66,52,1.27,14.45%,15.58%,-0.420896,2026-09-10
$SPX,7591.7,2026-09-17,7,Call,"7,695.00",-1.36%,19.9,20.1,20.3,86,68,1.26,14.45%,13.26%,0.24536,2026-09-10
$SPX,7591.7,2026-09-16,6,Call,"7,610.00",-0.24%,50.6,49.3,51.1,54,43,1.26,14.45%,14.79%,0.465711,2026-09-10
$SPX,7591.7,2026-09-18,8,Put,"6,470.00",-14.78%,1.25,1.3,1.45,150,120,1.25,14.45%,45.51%,-0.007819,2026-09-10
$SPX,7591.7,2026-09-18,8,Put,"8,360.00",+10.12%,0,757.32,0,15,12,1.25,14.45%,0.00%,0,2026-09-10
$SPX,7591.7,2026-09-18,8,Put,"8,325.00",+9.66%,713.2,722.33,731.2,15,12,1.25,14.45%,0.00%,0,2026-09-10
$SPX,7591.7,2027-01-15,127,Call,"8,650.00",-13.94%,11.4,12.2,12,50,40,1.25,14.45%,12.01%,0.052922,2026-09-10
$SPX,7591.7,2026-11-20,71,Call,"7,665.00",-0.97%,187,186.1,189,30,24,1.25,14.45%,14.73%,0.498266,2026-09-10
$SPX,7591.7,2026-09-16,6,Call,"7,820.00",-3.01%,0.85,0.95,1,843,674,1.25,14.45%,11.27%,0.022687,2026-09-10
$SPX,7591.7,2027-03-31,202,Put,"7,610.00",+0.24%,295.8,297.02,298.5,10,8,1.25,14.45%,15.70%,-0.441812,2026-09-10
$SPX,7591.7,2026-09-16,6,Put,"7,545.00",-0.62%,38.3,39.2,38.8,144,116,1.24,14.45%,15.65%,-0.366025,2026-09-10
$SPX,7591.7,2026-09-16,6,Put,"7,560.00",-0.42%,42.8,44.67,43.3,217,175,1.24,14.45%,15.28%,-0.402024,2026-09-10
$SPX,7591.7,2026-09-17,7,Call,"7,840.00",-3.27%,1,1.1,1.15,171,138,1.24,14.45%,11.44%,0.023902,2026-09-10
$SPX,7591.7,2026-10-01,21,Call,"7,740.00",-1.95%,39.2,39.15,40.3,16,13,1.23,14.45%,12.41%,0.28612,2026-09-10
$SPX,7591.7,2026-10-01,21,Call,"7,810.00",-2.88%,19.3,19.5,20.3,27,22,1.23,14.45%,11.60%,0.176084,2026-09-10
$SPX,7591.7,2026-09-25,15,Call,"7,525.00",+0.88%,142.8,139.32,143.8,37,30,1.23,14.45%,16.30%,0.628871,2026-09-10
$SPX,7591.7,2026-09-23,13,Call,"7,810.00",-2.88%,7.3,7.2,7.7,32,26,1.23,14.45%,11.11%,0.100287,2026-09-10
$SPX,7591.7,2026-10-23,43,Put,"7,570.00",-0.29%,126,129.31,127.6,27,22,1.23,14.45%,14.51%,-0.442354,2026-09-10
$SPX,7591.7,2026-09-30,20,Put,"7,100.00",-6.48%,16.5,16.5,16.9,5064,4135,1.22,14.45%,22.27%,-0.089287,2026-09-10
$SPX,7591.7,2026-09-18,8,Call,"7,730.00",-1.82%,14.8,14.76,15.3,303,251,1.21,14.45%,13.05%,0.188477,2026-09-10
$SPX,7591.7,2026-10-23,43,Call,"7,825.00",-3.07%,55,55.1,56.4,40,33,1.21,14.45%,12.54%,0.280927,2026-09-10
$SPX,7591.7,2027-01-29,141,Put,"5,650.00",-25.58%,29.7,29.14,30.8,51,42,1.21,14.45%,31.34%,-0.046119,2026-09-10
$SPX,7591.7,2026-10-16,36,Put,"6,840.00",-9.90%,20.4,20.2,20.8,41,34,1.21,14.45%,24.58%,-0.075978,2026-09-10
$SPX,7591.7,2026-10-16,36,Put,"7,490.00",-1.34%,91,92.7,93,373,308,1.21,14.45%,15.51%,-0.359414,2026-09-10
$SPX,7591.7,2026-09-17,7,Put,"7,125.00",-6.15%,4.3,4.6,4.6,802,667,1.2,14.45%,26.55%,-0.039089,2026-09-10
$SPX,7591.7,2026-09-24,14,Put,"7,290.00",-3.97%,20.5,19.15,21.3,24,20,1.2,14.45%,19.88%,-0.137173,2026-09-10
$SPX,7591.7,2026-09-28,18,Put,"6,600.00",-13.06%,3.9,3.58,4.3,150,125,1.2,14.45%,31.71%,-0.020343,2026-09-10
$SPX,7591.7,2027-07-16,309,Put,"6,775.00",-10.76%,182.2,181.09,184.3,300,250,1.2,14.45%,21.09%,-0.20566,2026-09-10
$SPX,7591.7,2027-07-16,309,Call,"7,975.00",-5.05%,380.2,382.7,383.1,51,43,1.19,14.45%,15.62%,0.485707,2026-09-10
$SPX,7591.7,2026-09-24,14,Call,"7,700.00",-1.43%,36.9,36.39,37.4,57,48,1.19,14.45%,12.77%,0.309105,2026-09-10
$SPX,7591.7,2026-09-17,7,Put,"7,660.00",+0.90%,92.9,95.31,93.5,137,115,1.19,14.45%,13.15%,-0.678571,2026-09-10
$SPX,7591.7,2026-10-05,25,Put,"6,850.00",-9.77%,11.4,10.52,12.2,20,17,1.18,14.45%,25.48%,-0.053762,2026-09-10
$SPX,7591.7,2026-09-17,7,Put,"7,050.00",-7.14%,3.3,3.3,3.6,530,450,1.18,14.45%,28.78%,-0.029139,2026-09-10
$SPX,7591.7,2026-10-06,26,Put,"7,025.00",-7.46%,18.6,16.36,19.4,20,17,1.18,14.45%,22.61%,-0.087767,2026-09-10
$SPX,7591.7,2026-09-30,20,Put,"7,560.00",-0.42%,82.2,84.51,82.9,263,224,1.17,14.45%,14.62%,-0.427356,2026-09-10
$SPX,7591.7,2026-09-18,8,Put,"7,145.00",-5.88%,6.2,6.11,6.5,123,105,1.17,14.45%,25.73%,-0.051535,2026-09-10
$SPX,7591.7,2026-09-17,7,Put,"7,400.00",-2.53%,17.7,18.45,18.1,425,363,1.17,14.45%,19.53%,-0.16299,2026-09-10
$SPX,7591.7,2026-09-23,13,Put,"7,635.00",+0.57%,93.9,97.22,95,31,27,1.15,14.45%,13.19%,-0.572841,2026-09-10
$SPX,7591.7,2026-09-25,15,Call,"7,580.00",+0.15%,105,102.1,105.6,15,13,1.15,14.45%,15.23%,0.545275,2026-09-10
$SPX,7591.7,2026-10-16,36,Call,"7,620.00",-0.37%,135.4,134.42,137.4,200,174,1.15,14.45%,14.37%,0.508454,2026-09-10
$SPX,7591.7,2026-09-23,13,Call,"7,620.00",-0.37%,71.4,70.92,72,15,13,1.15,14.45%,14.08%,0.468885,2026-09-10
$SPX,7591.7,2027-03-19,190,Call,"7,775.00",-2.41%,319.5,319,321.9,313,275,1.14,14.45%,15.19%,0.510621,2026-09-10
$SPX,7591.7,2026-09-28,18,Put,"7,580.00",-0.15%,81.9,83.34,83.1,32,28,1.14,14.45%,13.95%,-0.45701,2026-09-10
$SPX,7591.7,2026-11-20,71,Call,"8,675.00",-14.27%,1.4,1.62,1.9,106,93,1.14,14.45%,12.46%,0.011664,2026-09-10
$SPX,7591.7,2026-10-23,43,Call,"8,000.00",-5.38%,16.4,16.85,17.6,267,234,1.14,14.45%,11.57%,0.117136,2026-09-10
$SPX,7591.7,2026-09-18,8,Call,"7,595.00",-0.04%,71.7,69.83,72.7,7291,6369,1.14,14.45%,15.80%,0.510823,2026-09-10
$SPX,7591.7,2026-09-17,7,Put,"7,455.00",-1.80%,25,25.6,25.4,24,21,1.14,14.45%,18.25%,-0.224915,2026-09-10
$SPX,7591.7,2026-11-30,81,Put,"7,685.00",+1.23%,219.3,222,221,18,16,1.13,14.45%,13.81%,-0.535468,2026-09-10
$SPX,7591.7,2027-03-31,202,Call,"7,715.00",-1.62%,370.5,364.95,372.7,17,15,1.13,14.45%,15.52%,0.543577,2026-09-10
$SPX,7591.7,2026-10-08,28,Call,"7,770.00",-2.35%,43.6,46.86,44.9,107,95,1.13,14.45%,12.32%,0.280418,2026-09-10
$SPX,7591.7,2026-10-01,21,Call,"7,690.00",-1.29%,59.6,58.19,60.9,26,23,1.13,14.45%,13.12%,0.371914,2026-09-10
$SPX,7591.7,2026-09-17,7,Call,"7,790.00",-2.61%,3.2,3.6,3.5,169,149,1.13,14.45%,11.76%,0.062778,2026-09-10
$SPX,7591.7,2026-10-16,36,Put,"7,620.00",+0.37%,131.9,135.98,134.2,187,167,1.12,14.45%,13.70%,-0.504174,2026-09-10
$SPX,7591.7,2026-09-18,8,Put,"7,595.00",+0.04%,61.7,64.14,62.7,7694,6962,1.11,14.45%,14.08%,-0.492743,2026-09-10
$SPX,7591.7,2026-10-16,36,Put,"6,920.00",-8.85%,23.6,22.55,24.4,21,19,1.11,14.45%,23.44%,-0.090012,2026-09-10
$SPX,7591.7,2026-09-24,14,Put,"7,620.00",+0.37%,90.6,90.87,91.7,80,72,1.11,14.45%,13.65%,-0.536121,2026-09-10
$SPX,7591.7,2026-09-17,7,Put,"7,275.00",-4.17%,8.6,9,8.9,242,218,1.11,14.45%,22.52%,-0.080433,2026-09-10
$SPX,7591.7,2026-10-16,36,Call,"9,300.00",-22.50%,0,0.15,0.3,61,55,1.11,14.45%,20.53%,0.001115,2026-09-10
$SPX,7591.7,2026-09-17,7,Call,"7,570.00",+0.29%,81.7,79.6,82.3,59,53,1.11,14.45%,16.16%,0.567578,2026-09-10
$SPX,7591.7,2026-11-20,71,Call,"7,705.00",-1.49%,164.5,164.8,166.1,10,9,1.11,14.45%,14.39%,0.464928,2026-09-10
$SPX,7591.7,2026-11-20,71,Put,"7,660.00",+0.90%,198.7,203.29,200.8,146,132,1.11,14.45%,14.01%,-0.518877,2026-09-10
$SPX,7591.7,2026-10-16,36,Call,"7,465.00",+1.67%,244,241.2,245.3,10,9,1.11,14.45%,16.54%,0.662925,2026-09-10
$SPX,7591.7,2026-09-25,15,Call,"7,765.00",-2.28%,19.9,19.22,20.3,90,82,1.1,14.45%,12.04%,0.197272,2026-09-10
$SPX,7591.7,2026-09-25,15,Put,"7,445.00",-1.93%,43,42.3,44,11,10,1.1,14.45%,17.04%,-0.267907,2026-09-10
$SPX,7591.7,2026-10-16,36,Put,"6,310.00",-16.88%,8.8,9,9.3,46,42,1.1,14.45%,32.55%,-0.029155,2026-09-10
$SPX,7591.7,2026-09-17,7,Put,"7,360.00",-3.05%,13.9,14.4,14.3,288,263,1.1,14.45%,20.48%,-0.129364,2026-09-10
$SPX,7591.7,2026-09-25,15,Put,"7,430.00",-2.13%,40.6,39.88,41.1,120,110,1.09,14.45%,17.32%,-0.252259,2026-09-10
$SPX,7591.7,2026-09-24,14,Put,"7,520.00",-0.94%,57,58.85,57.6,38,35,1.09,14.45%,15.62%,-0.358479,2026-09-10
$SPX,7591.7,2026-09-24,14,Call,"7,635.00",-0.57%,66.9,64.85,68,12,11,1.09,14.45%,13.92%,0.442794,2026-09-10
$SPX,7591.7,2026-09-18,8,Call,"7,770.00",-2.35%,7.5,7.44,7.9,495,453,1.09,14.45%,12.46%,0.113875,2026-09-10
$SPX,7591.7,2026-09-16,6,Call,"7,815.00",-2.94%,0.95,1.05,1.15,216,199,1.09,14.45%,11.29%,0.025347,2026-09-10
$SPX,7591.7,2026-10-16,36,Call,"7,620.00",-0.37%,137.4,134.94,138.3,150,138,1.09,14.45%,14.52%,0.508555,2026-09-10
$SPX,7591.7,2026-11-30,81,Call,"7,600.00",-0.11%,241,236.93,242.6,410,379,1.08,14.45%,15.04%,0.554184,2026-09-10
$SPX,7591.7,2026-11-20,71,Put,"6,830.00",-10.03%,47.2,47.3,48.4,197,183,1.08,14.45%,22.80%,-0.121838,2026-09-10
$SPX,7591.7,2026-09-16,6,Put,"7,540.00",-0.68%,36.9,37.9,37.4,172,160,1.08,14.45%,15.77%,-0.354633,2026-09-10
$SPX,7591.7,2026-09-17,7,Put,"7,280.00",-4.11%,8.8,9.3,9.1,677,624,1.08,14.45%,22.38%,-0.08243,2026-09-10
$SPX,7591.7,2026-09-17,7,Put,"6,975.00",-8.12%,2.65,2.75,2.9,751,703,1.07,14.45%,31.07%,-0.022455,2026-09-10
$SPX,7591.7,2026-09-17,7,Put,"7,270.00",-4.24%,8.3,8.8,8.7,109,102,1.07,14.45%,22.63%,-0.078171,2026-09-10
$SPX,7591.7,2026-09-16,6,Call,"7,810.00",-2.88%,1.1,1.1,1.3,208,195,1.07,14.45%,11.32%,0.028442,2026-09-10
$SPX,7591.7,2026-11-30,81,Put,"7,260.00",-4.37%,103.2,100.43,104.6,36,34,1.06,14.45%,18.03%,-0.258464,2026-09-10
$SPX,7591.7,2026-09-17,7,Put,"6,750.00",-11.09%,1.55,1.7,1.75,648,613,1.06,14.45%,38.10%,-0.011736,2026-09-10
$SPX,7591.7,2026-09-17,7,Put,"7,645.00",+0.70%,84.5,87.23,85.1,75,71,1.06,14.45%,13.55%,-0.633675,2026-09-10
$SPX,7591.7,2026-10-01,21,Put,"7,125.00",-6.15%,19,19.9,19.8,94,89,1.06,14.45%,21.79%,-0.100927,2026-09-10
$SPX,7591.7,2026-09-30,20,Put,"7,465.00",-1.67%,57.3,59.48,57.9,68,65,1.05,14.45%,16.26%,-0.306844,2026-09-10
$SPX,7591.7,2026-09-17,7,Call,"7,685.00",-1.23%,23.2,22.21,23.6,46,44,1.05,14.45%,13.49%,0.271745,2026-09-10
$SPX,7591.7,2026-09-24,14,Call,"7,670.00",-1.03%,49.4,47.24,50.4,41,39,1.05,14.45%,13.29%,0.371515,2026-09-10
$SPX,7591.7,2026-11-30,81,Call,"7,440.00",+2.00%,352.5,352,354.1,26,25,1.04,14.45%,16.47%,0.657325,2026-09-10
$SPX,7591.7,2026-10-01,21,Call,"7,680.00",-1.16%,64.3,62.7,65.6,56,54,1.04,14.45%,13.27%,0.389008,2026-09-10
$SPX,7591.7,2026-09-18,8,Put,"7,080.00",-6.74%,4.8,4.81,5.3,142,137,1.04,14.45%,27.51%,-0.039878,2026-09-10
$SPX,7591.7,2026-09-16,6,Put,"7,340.00",-3.32%,8.9,9.6,9.2,118,113,1.04,14.45%,20.62%,-0.095189,2026-09-10
$SPX,7591.7,2026-09-18,8,Call,"7,640.00",-0.64%,47.8,46.2,48.4,250,243,1.03,14.45%,14.93%,0.405171,2026-09-10
$SPX,7591.7,2026-09-17,7,Call,"7,865.00",-3.60%,0.55,0.55,0.75,78,76,1.03,14.45%,11.52%,0.01518,2026-09-10
$SPX,7591.7,2026-09-17,7,Call,"7,940.00",-4.59%,0.15,0.22,0.3,49,48,1.02,14.45%,12.47%,0.00541,2026-09-10
$SPX,7591.7,2026-09-17,7,Put,"6,675.00",-12.08%,1.35,1.36,1.55,602,590,1.02,14.45%,40.54%,-0.009868,2026-09-10
$SPX,7591.7,2026-09-17,7,Put,"7,260.00",-4.37%,7.9,8.32,8.2,74,73,1.01,14.45%,22.87%,-0.074003,2026-09-10
$SPX,7591.7,2026-09-18,8,Call,"7,825.00",-3.07%,2.55,2.83,2.75,1801,1779,1.01,14.45%,11.90%,0.048017,2026-09-10
$SPX,7591.7,2026-11-20,71,Call,"7,850.00",-3.40%,95.8,93.82,97.6,4432,4380,1.01,14.45%,13.29%,0.337863,2026-09-10
$SPX,7591.7,2026-10-06,26,Put,"4,600.00",-39.41%,0.4,0.47,0.7,25,25,1,14.45%,64.98%,-0.001401,2026-09-10
$SPX,7591.7,2026-10-07,27,Call,"7,540.00",+0.68%,164,160.92,165.4,25,25,1,14.45%,15.31%,0.59851,2026-09-10
$SPX,7591.7,2026-09-18,8,Put,"6,330.00",-16.62%,0.95,0.95,1.2,10,10,1,14.45%,49.63%,-0.005866,2026-09-10
$SPX,7591.7,2026-10-07,27,Call,"8,600.00",-13.28%,0.05,0.25,0.45,10,10,1,14.45%,15.91%,0.002579,2026-09-10
$SPX,7591.7,2026-09-17,7,Call,"7,800.00",-2.74%,2.55,2.87,2.8,1350,1356,1,14.45%,11.66%,0.052137,2026-09-10
$SPX,7591.7,2026-09-17,7,Call,"7,380.00",+2.79%,226,229.64,250,30,30,1,14.45%,22.13%,0.831739,2026-09-10
$SPX,7591.7,2026-10-16,36,Call,"7,455.00",+1.80%,251.7,248.8,252.9,10,10,1,14.45%,16.68%,0.671121,2026-09-10
$SPX,7591.7,2026-09-16,6,Call,"7,370.00",+2.92%,230.9,233.78,252,30,30,1,14.45%,22.03%,0.861,2026-09-10
$SPX,7591.7,2026-09-23,13,Put,"6,975.00",-8.12%,6,5.71,6.3,65,65,1,14.45%,26.33%,-0.039703,2026-09-10
$SPX,7591.7,2026-11-30,81,Put,"7,405.00",-2.46%,131.7,128.98,133.1,36,36,1,14.45%,16.58%,-0.330154,2026-09-10
$SPX,7591.7,2026-11-06,57,Put,"5,000.00",-34.14%,3.8,3.8,4.4,129,129,1,14.45%,46.50%,-0.008338,2026-09-10
$SPX,7591.7,2026-11-20,71,Put,"7,815.00",+2.94%,276,270.6,277.4,12,12,1,14.45%,12.54%,-0.680601,2026-09-10
$SPX,7591.7,2027-05-21,253,Put,"6,950.00",-8.45%,181.1,182.37,183.2,80,81,0.99,14.45%,20.22%,-0.230287,2026-09-10
$SPX,7591.7,2027-12-17,463,Call,"8,800.00",-15.92%,217.8,226.49,226,2100,2113,0.99,14.45%,14.46%,0.305341,2026-09-10
$SPX,7591.7,2026-09-17,7,Call,"7,710.00",-1.56%,15.7,16.5,16.1,107,108,0.99,14.45%,12.98%,0.208174,2026-09-10
$SPX,7591.7,2026-09-30,20,Call,"7,680.00",-1.16%,60.8,60.5,61.4,152,154,0.99,14.45%,13.07%,0.382958,2026-09-10
$SPX,7591.7,2026-09-16,6,Call,"7,760.00",-2.22%,3.9,3.8,4.2,252,255,0.99,14.45%,11.72%,0.078961,2026-09-10
$SPX,7591.7,2026-09-25,15,Call,"7,500.00",+1.21%,161.4,157.82,162.4,48,49,0.98,14.45%,16.78%,0.662061,2026-09-10
$SPX,7591.7,2026-09-18,8,Put,"7,445.00",-1.93%,27.5,29.2,28.1,298,303,0.98,14.45%,18.58%,-0.227092,2026-09-10
$SPX,7591.7,2026-09-16,6,Call,"7,655.00",-0.83%,28.9,28.3,29.4,55,56,0.98,14.45%,13.72%,0.33377,2026-09-10
$SPX,7591.7,2026-09-16,6,Put,"7,550.00",-0.55%,39.7,41.08,40.2,278,285,0.98,14.45%,15.51%,-0.377611,2026-09-10
$SPX,7591.7,2026-09-17,7,Put,"7,555.00",-0.48%,47.4,48.89,47.9,50,51,0.98,14.45%,15.85%,-0.39837,2026-09-10
$SPX,7591.7,2026-09-16,6,Put,"7,240.00",-4.63%,4.9,5,5.2,29,30,0.97,14.45%,23.28%,-0.05234,2026-09-10
$SPX,7591.7,2026-10-16,36,Call,"8,010.00",-5.51%,9.3,9.55,10.4,471,487,0.97,14.45%,11.27%,0.081658,2026-09-10
$SPX,7591.7,2026-09-16,6,Call,"7,470.00",+1.60%,143.7,146.28,161.3,30,31,0.97,14.45%,18.87%,0.759555,2026-09-10
$SPX,7591.7,2026-11-30,81,Call,"8,550.00",-12.62%,3.4,3.66,3.8,600,625,0.96,14.45%,11.66%,0.023457,2026-09-10
$SPX,7591.7,2027-06-30,293,Call,"8,700.00",-14.60%,99.6,100.91,101.6,22,23,0.96,14.45%,13.32%,0.207953,2026-09-10
$SPX,7591.7,2026-09-17,7,Call,"7,830.00",-3.14%,1.25,1.25,1.45,155,161,0.96,14.45%,11.47%,0.029154,2026-09-10
$SPX,7591.7,2027-06-30,293,Call,"9,020.00",-18.81%,50.8,53.4,52.6,22,23,0.96,14.45%,12.94%,0.124399,2026-09-10
$SPX,7591.7,2026-09-17,7,Call,"7,870.00",-3.67%,0.5,0.5,0.65,78,81,0.96,14.45%,11.50%,0.013616,2026-09-10
$SPX,7591.7,2026-10-16,36,Call,"7,250.00",+4.50%,412.3,422.45,436.3,26,27,0.96,14.45%,19.91%,0.795735,2026-09-10
$SPX,7591.7,2026-09-24,14,Put,"7,375.00",-2.85%,29.8,30.18,30.2,154,160,0.96,14.45%,18.34%,-0.195346,2026-09-10
$SPX,7591.7,2026-09-24,14,Put,"7,100.00",-6.48%,10.2,10.73,10.5,480,498,0.96,14.45%,23.53%,-0.066326,2026-09-10
$SPX,7591.7,2026-10-16,36,Put,"7,365.00",-2.99%,66.3,63.3,67.1,49,51,0.96,14.45%,17.34%,-0.260842,2026-09-10
$SPX,7591.7,2026-11-03,54,Put,"7,650.00",+0.77%,171.5,176.05,174.9,106,112,0.95,14.45%,13.77%,-0.523055,2026-09-10
$SPX,7591.7,2026-10-23,43,Put,"7,525.00",-0.88%,112.3,113.6,113.7,19,20,0.95,14.45%,15.09%,-0.397443,2026-09-10
$SPX,7591.7,2026-09-16,6,Call,"7,620.00",-0.37%,45.2,47.1,45.7,58,61,0.95,14.45%,14.54%,0.437101,2026-09-10
$SPX,7591.7,2026-11-20,71,Call,"7,655.00",-0.83%,192.9,187.82,194.8,110,116,0.95,14.45%,14.81%,0.506395,2026-09-10
$SPX,7591.7,2026-10-01,21,Call,"7,710.00",-1.56%,50.8,50.19,52,41,43,0.95,14.45%,12.82%,0.337431,2026-09-10
$SPX,7591.7,2026-10-01,21,Call,"7,530.00",+0.81%,155.7,157.92,156.9,20,21,0.95,14.45%,15.69%,0.614523,2026-09-10
$SPX,7591.7,2026-10-08,28,Call,"7,850.00",-3.40%,22,22.1,23.2,38,40,0.95,14.45%,11.62%,0.174421,2026-09-10
$SPX,7591.7,2026-09-25,15,Put,"7,560.00",-0.42%,71.4,73.52,72,99,105,0.94,14.45%,14.85%,-0.423732,2026-09-10
$SPX,7591.7,2026-10-16,36,Call,"7,100.00",+6.48%,546.9,544.78,570.9,15,16,0.94,14.45%,22.15%,0.853116,2026-09-10
$SPX,7591.7,2026-09-29,19,Call,"7,860.00",-3.53%,7.5,7.7,8.3,15,16,0.94,14.45%,10.74%,0.092076,2026-09-10
$SPX,7591.7,2026-09-23,13,Call,"7,670.00",-1.03%,45.9,44.4,46.4,30,32,0.94,14.45%,13.14%,0.363482,2026-09-10
$SPX,7591.7,2026-09-17,7,Call,"7,525.00",+0.88%,113.5,110.71,114.1,17,18,0.94,14.45%,17.30%,0.658911,2026-09-10
$SPX,7591.7,2026-11-30,81,Call,"7,645.00",-0.70%,212.9,214,214.6,17,18,0.94,14.45%,14.66%,0.520913,2026-09-10
$SPX,7591.7,2026-10-08,28,Put,"7,375.00",-2.85%,54.9,57.7,56.1,45,48,0.94,14.45%,17.37%,-0.249798,2026-09-10
$SPX,7591.7,2026-09-17,7,Put,"7,495.00",-1.27%,32.2,33.43,32.6,30,32,0.94,14.45%,17.29%,-0.283491,2026-09-10
$SPX,7591.7,2026-09-17,7,Put,"7,175.00",-5.49%,5.3,5.4,5.6,215,230,0.93,14.45%,25.16%,-0.048843,2026-09-10
$SPX,7591.7,2026-09-18,8,Put,"7,610.00",+0.24%,67.6,71.95,68.7,4620,4952,0.93,14.45%,13.67%,-0.532282,2026-09-10
$SPX,7591.7,2026-10-16,36,Put,"6,725.00",-11.42%,16.6,16.91,17,76,82,0.93,14.45%,26.26%,-0.060336,2026-09-10
$SPX,7591.7,2027-07-16,309,Put,"7,925.00",+4.39%,476.7,478.9,480.4,56,60,0.93,14.45%,14.13%,-0.585234,2026-09-10
$SPX,7591.7,2026-09-18,8,Put,"6,370.00",-16.09%,1.05,1.05,1.25,130,140,0.93,14.45%,48.48%,-0.006376,2026-09-10
$SPX,7591.7,2026-09-18,8,Put,"7,540.00",-0.68%,47.7,46.84,48.3,485,523,0.93,14.45%,16.34%,-0.373897,2026-09-10
$SPX,7591.7,2026-09-16,6,Call,"7,720.00",-1.69%,9.6,9.8,9.9,141,151,0.93,14.45%,12.37%,0.155942,2026-09-10
$SPX,7591.7,2026-09-17,7,Call,"7,820.00",-3.01%,1.6,1.6,1.85,179,193,0.93,14.45%,11.55%,0.035923,2026-09-10
$SPX,7591.7,2027-01-15,127,Call,"8,350.00",-9.99%,36.8,38.23,38.3,36,39,0.92,14.45%,12.33%,0.138156,2026-09-10
$SPX,7591.7,2027-08-20,344,Call,"8,350.00",-9.99%,253.3,250.66,256,272,296,0.92,14.45%,14.68%,0.369559,2026-09-10
$SPX,7591.7,2026-09-16,6,Call,"7,705.00",-1.49%,12.8,12.2,13.2,45,49,0.92,14.45%,12.65%,0.192558,2026-09-10
$SPX,7591.7,2026-11-20,71,Call,"7,885.00",-3.86%,82.6,81.16,84.6,35,38,0.92,14.45%,13.08%,0.307359,2026-09-10
$SPX,7591.7,2026-11-30,81,Call,"7,605.00",-0.18%,237.8,233.73,239.4,11,12,0.92,14.45%,14.99%,0.550574,2026-09-10
$SPX,7591.7,2026-10-16,36,Put,"7,330.00",-3.45%,60.6,61.99,61.3,126,137,0.92,14.45%,17.81%,-0.238598,2026-09-10
$SPX,7591.7,2026-09-17,7,Put,"7,540.00",-0.68%,43,44.16,43.5,644,709,0.91,14.45%,16.21%,-0.366384,2026-09-10
$SPX,7591.7,2026-09-16,6,Put,"7,595.00",+0.04%,55.3,54.17,55.8,181,200,0.91,14.45%,14.39%,-0.496057,2026-09-10
$SPX,7591.7,2026-09-16,6,Put,"6,400.00",-15.70%,0.5,0.65,0.65,264,291,0.91,14.45%,50.53%,-0.003724,2026-09-10
$SPX,7591.7,2026-09-29,19,Put,"7,635.00",+0.57%,106.3,108.8,107.5,21,23,0.91,14.45%,13.05%,-0.554134,2026-09-10
$SPX,7591.7,2027-01-29,141,Call,"7,600.00",-0.11%,350.3,343.39,352.6,135,148,0.91,14.45%,15.87%,0.574964,2026-09-10
$SPX,7591.7,2026-11-20,71,Call,"8,170.00",-7.62%,20,20.5,20.9,21,23,0.91,14.45%,11.92%,0.108724,2026-09-10
$SPX,7591.7,2026-11-30,81,Call,"8,100.00",-6.70%,36.3,36.81,37.5,10530,11554,0.91,14.45%,12.02%,0.165801,2026-09-10
$SPX,7591.7,2026-09-24,14,Call,"7,820.00",-3.01%,7.4,7.8,8.1,26,29,0.9,14.45%,11.14%,0.099725,2026-09-10
$SPX,7591.7,2026-09-30,20,Call,"7,970.00",-4.98%,2,2.07,2.3,259,289,0.9,14.45%,10.52%,0.02994,2026-09-10
$SPX,7591.7,2026-10-16,36,Call,"7,590.00",+0.02%,154.2,153,156.3,120,133,0.9,14.45%,14.75%,0.542599,2026-09-10
$SPX,7591.7,2026-11-20,71,Call,"7,920.00",-4.32%,71,73.23,72.5,88,98,0.9,14.45%,12.87%,0.277489,2026-09-10
$SPX,7591.7,2026-09-17,7,Put,"7,385.00",-2.72%,16.1,16.81,16.5,36,40,0.9,14.45%,19.86%,-0.149151,2026-09-10
$SPX,7591.7,2026-11-03,54,Put,"7,200.00",-5.16%,64.5,65.74,66.7,16,18,0.89,14.45%,19.00%,-0.204364,2026-09-10
$SPX,7591.7,2026-09-17,7,Put,"7,550.00",-0.55%,45.9,47.2,46.4,278,311,0.89,14.45%,15.97%,-0.387525,2026-09-10
$SPX,7591.7,2026-09-17,7,Put,"7,480.00",-1.47%,29.3,30.4,29.7,75,84,0.89,14.45%,17.66%,-0.26009,2026-09-10
$SPX,7591.7,2026-09-24,14,Put,"7,625.00",+0.44%,92.7,91.57,93.8,125,140,0.89,14.45%,13.54%,-0.546449,2026-09-10
$SPX,7591.7,2026-09-18,8,Call,"7,305.00",+3.78%,300.6,306.23,324.6,100,112,0.89,14.45%,24.88%,0.861077,2026-09-10
$SPX,7591.7,2026-09-18,8,Put,"7,595.00",+0.04%,65.8,69.03,66.5,308,345,0.89,14.45%,14.97%,-0.492679,2026-09-10
$SPX,7591.7,2026-09-18,8,Call,"8,110.00",-6.83%,0.05,0.25,0.3,450,507,0.89,14.45%,16.09%,0.003203,2026-09-10
$SPX,7591.7,2026-09-16,6,Call,"7,780.00",-2.48%,2.35,2.71,2.6,684,768,0.89,14.45%,11.47%,0.052839,2026-09-10
$SPX,7591.7,2026-09-17,7,Call,"7,850.00",-3.40%,0.75,0.9,0.95,294,329,0.89,14.45%,11.41%,0.019452,2026-09-10
$SPX,7591.7,2026-11-20,71,Call,"7,940.00",-4.59%,64.8,64.3,66.4,103,117,0.88,14.45%,12.77%,0.260932,2026-09-10
$SPX,7591.7,2027-05-21,253,Call,"8,525.00",-12.29%,105.8,105.15,108.1,148,168,0.88,14.45%,13.35%,0.229971,2026-09-10
$SPX,7591.7,2026-09-24,14,Put,"7,440.00",-2.00%,39.4,40.4,40.3,46,52,0.88,14.45%,17.13%,-0.256437,2026-09-10
$SPX,7591.7,2026-09-17,7,Put,"7,445.00",-1.93%,23.4,24,23.8,33,38,0.87,14.45%,18.47%,-0.211857,2026-09-10
$SPX,7591.7,2026-09-23,13,Put,"7,770.00",+2.35%,167.3,180.01,187.3,20,23,0.87,14.45%,9.48%,-0.928726,2026-09-10
$SPX,7591.7,2026-09-29,19,Put,"7,330.00",-3.45%,31.9,30.1,32.9,13,15,0.87,14.45%,18.32%,-0.183966,2026-09-10
$SPX,7591.7,2026-10-16,36,Call,"7,895.00",-4.00%,25.7,25.2,26.8,26,30,0.87,14.45%,11.87%,0.175142,2026-09-10
$SPX,7591.7,2026-09-16,6,Put,"7,555.00",-0.48%,41.2,42,41.7,195,226,0.86,14.45%,15.39%,-0.389666,2026-09-10
$SPX,7591.7,2026-10-23,43,Put,"7,530.00",-0.81%,113.6,109.5,115.2,25,29,0.86,14.45%,15.02%,-0.402193,2026-09-10
$SPX,7591.7,2026-10-01,21,Put,"7,750.00",+2.09%,163.6,175.58,183.6,233,273,0.85,14.45%,10.78%,-0.785509,2026-09-10
$SPX,7591.7,2026-10-16,36,Put,"7,445.00",-1.93%,81.9,81.9,83.1,34,40,0.85,14.45%,16.26%,-0.320804,2026-09-10
$SPX,7591.7,2026-10-16,36,Put,"6,560.00",-13.59%,12.5,13.2,13.2,34,40,0.85,14.45%,28.70%,-0.044298,2026-09-10
$SPX,7591.7,2026-09-24,14,Call,"7,665.00",-0.97%,51.7,49.8,52.7,11,13,0.85,14.45%,13.37%,0.381806,2026-09-10
$SPX,7591.7,2026-09-16,6,Call,"7,695.00",-1.36%,15.3,14.4,15.8,105,124,0.85,14.45%,12.85%,0.218819,2026-09-10
$SPX,7591.7,2026-09-25,15,Call,"7,715.00",-1.62%,34.9,35.1,35.8,41,48,0.85,14.45%,12.77%,0.290535,2026-09-10
$SPX,7591.7,2026-10-08,28,Call,"7,650.00",-0.77%,97.7,99.59,99.2,33,39,0.85,14.45%,13.80%,0.456913,2026-09-10
$SPX,7591.7,2026-10-06,26,Put,"7,050.00",-7.14%,19.8,17.51,20.7,21,25,0.84,14.45%,22.23%,-0.093918,2026-09-10
$SPX,7591.7,2026-11-30,81,Put,"7,600.00",+0.11%,186.8,189.18,188.5,429,512,0.84,14.45%,14.65%,-0.462001,2026-09-10
$SPX,7591.7,2026-09-17,7,Put,"7,025.00",-7.46%,3,3.1,3.3,26,31,0.84,14.45%,29.46%,-0.026339,2026-09-10
$SPX,7591.7,2026-10-16,36,Put,"6,575.00",-13.39%,13,11.95,13.4,71,85,0.84,14.45%,28.50%,-0.045626,2026-09-10
$SPX,7591.7,2026-11-30,81,Put,"7,595.00",+0.04%,185.1,180,186.8,20,24,0.83,14.45%,14.70%,-0.45808,2026-09-10
$SPX,7591.7,2026-11-30,81,Put,"7,060.00",-7.00%,75.3,74.84,76.6,48,58,0.83,14.45%,20.04%,-0.186251,2026-09-10
$SPX,7591.7,2026-09-17,7,Put,"7,000.00",-7.79%,2.85,2.9,3.1,264,318,0.83,14.45%,30.30%,-0.024422,2026-09-10
$SPX,7591.7,2027-01-29,141,Put,"6,000.00",-20.97%,40.8,41.7,42.1,40,48,0.83,14.45%,28.27%,-0.066305,2026-09-10
$SPX,7591.7,2026-09-18,8,Put,"7,140.00",-5.95%,6.1,6.06,6.4,73,88,0.83,14.45%,25.88%,-0.05058,2026-09-10
$SPX,7591.7,2026-09-18,8,Put,"7,430.00",-2.13%,25.3,24.85,25.8,256,308,0.83,14.45%,18.93%,-0.209691,2026-09-10
$SPX,7591.7,2026-09-24,14,Call,"7,860.00",-3.53%,3.7,4.45,4.4,15,18,0.83,14.45%,10.82%,0.059063,2026-09-10
$SPX,7591.7,2026-09-24,14,Call,"7,500.00",+1.21%,156.3,151.5,157.3,10,12,0.83,14.45%,16.52%,0.668171,2026-09-10
$SPX,7591.7,2026-10-01,21,Call,"8,025.00",-5.71%,1.25,1.42,1.6,39,47,0.83,14.45%,10.77%,0.019951,2026-09-10
$SPX,7591.7,2026-09-25,15,Put,"7,635.00",+0.57%,99.6,102.67,100.7,513,623,0.82,14.45%,13.34%,-0.564319,2026-09-10
$SPX,7591.7,2026-09-18,8,Put,"7,580.00",-0.15%,60.3,59.23,60.9,523,634,0.82,14.45%,15.35%,-0.45766,2026-09-10
$SPX,7591.7,2026-09-24,14,Call,"7,560.00",+0.42%,113,112.25,114,14,17,0.82,14.45%,15.36%,0.579447,2026-09-10
$SPX,7591.7,2026-10-23,43,Call,"7,900.00",-4.06%,34.1,34.23,35.4,54,66,0.82,14.45%,12.05%,0.201612,2026-09-10
$SPX,7591.7,2026-10-16,36,Call,"7,735.00",-1.89%,74.9,74.3,76.7,64,78,0.82,14.45%,13.04%,0.364391,2026-09-10
$SPX,7591.7,2026-10-08,28,Put,"7,200.00",-5.16%,33.1,34,34.2,80,97,0.82,14.45%,19.95%,-0.151125,2026-09-10
$SPX,7591.7,2026-09-17,7,Put,"7,390.00",-2.66%,16.6,17.35,17.1,60,73,0.82,14.45%,19.77%,-0.153792,2026-09-10
$SPX,7591.7,2026-09-24,14,Put,"7,670.00",+1.03%,114.6,116.04,115.6,27,33,0.82,14.45%,12.60%,-0.646399,2026-09-10
$SPX,7591.7,2026-09-17,7,Put,"7,585.00",-0.09%,57.5,57.6,58.1,104,129,0.81,14.45%,15.10%,-0.468807,2026-09-10
$SPX,7591.7,2026-09-17,7,Put,"7,300.00",-3.84%,9.8,10.3,10.2,334,414,0.81,14.45%,21.90%,-0.092111,2026-09-10
$SPX,7591.7,2026-09-17,7,Put,"7,200.00",-5.16%,5.9,6,6.2,1098,1355,0.81,14.45%,24.45%,-0.054773,2026-09-10
$SPX,7591.7,2026-09-23,13,Put,"7,250.00",-4.50%,15.7,16.51,16,66,81,0.81,14.45%,20.67%,-0.109269,2026-09-10
$SPX,7591.7,2027-07-16,309,Put,"6,825.00",-10.10%,189.9,191,192,282,350,0.81,14.45%,20.82%,-0.214556,2026-09-10
$SPX,7591.7,2027-01-29,141,Call,"7,790.00",-2.61%,236.9,241.8,239,215,264,0.81,14.45%,14.67%,0.470473,2026-09-10
$SPX,7591.7,2026-09-28,18,Put,"7,615.00",+0.31%,95.1,93.18,96.2,60,75,0.8,14.45%,13.31%,-0.519141,2026-09-10
$SPX,7591.7,2026-09-18,8,Put,"6,360.00",-16.22%,1,1.05,1.25,160,201,0.8,14.45%,48.74%,-0.006218,2026-09-10
$SPX,7591.7,2026-09-29,19,Call,"7,725.00",-1.76%,38.1,37.08,39.1,24,30,0.8,14.45%,12.22%,0.293713,2026-09-10
$SPX,7591.7,2026-09-18,8,Call,"7,610.00",-0.24%,62.7,59.78,63.8,4306,5407,0.8,14.45%,15.42%,0.476397,2026-09-10
$SPX,7591.7,2026-09-16,6,Call,"7,515.00",+1.01%,107.2,109.8,125,20,25,0.8,14.45%,17.59%,0.687258,2026-09-10
$SPX,7591.7,2026-09-17,7,Call,"7,655.00",-0.83%,34.8,34,35.2,36,45,0.8,14.45%,14.15%,0.352487,2026-09-10
$SPX,7591.7,2026-09-25,15,Call,"7,735.00",-1.89%,28,27.26,29,32,40,0.8,14.45%,12.46%,0.251761,2026-09-10
$SPX,7591.7,2026-11-30,81,Put,"6,510.00",-14.25%,35.3,34.47,36.3,24,30,0.8,14.45%,25.67%,-0.081731,2026-09-10
$SPX,7591.7,2027-02-19,162,Put,"6,975.00",-8.12%,125.8,126.85,128,313,393,0.8,14.45%,20.05%,-0.209774,2026-09-10
$SPX,7591.7,2026-10-01,21,Put,"7,590.00",-0.02%,94.6,97.5,95.9,44,55,0.8,14.45%,14.14%,-0.472998,2026-09-10
$SPX,7591.7,2026-10-16,36,Put,"7,865.00",+3.60%,270.9,277.11,273.5,27,34,0.79,14.45%,10.12%,-0.906198,2026-09-10
$SPX,7591.7,2026-10-07,27,Put,"7,050.00",-7.14%,21.1,21.75,22,11,14,0.79,14.45%,22.21%,-0.097421,2026-09-10
$SPX,7591.7,2026-09-17,7,Call,"7,895.00",-4.00%,0.3,0.35,0.45,81,103,0.79,14.45%,11.72%,0.009103,2026-09-10
$SPX,7591.7,2026-09-17,7,Call,"7,890.00",-3.93%,0.35,0.4,0.5,145,184,0.79,14.45%,11.74%,0.010184,2026-09-10
$SPX,7591.7,2026-09-25,15,Call,"7,665.00",-0.97%,56.1,54.17,57.2,37,47,0.79,14.45%,13.62%,0.38969,2026-09-10
$SPX,7591.7,2026-10-01,21,Call,"7,640.00",-0.64%,85.1,86.23,86.4,62,78,0.79,14.45%,13.89%,0.455793,2026-09-10
$SPX,7591.7,2026-09-18,8,Put,"7,590.00",-0.02%,63.9,64.82,64.6,471,605,0.78,14.45%,15.10%,-0.480836,2026-09-10
$SPX,7591.7,2027-06-17,280,Put,"2,700.00",-64.43%,7,7.07,7.7,606,772,0.78,14.45%,52.70%,-0.005667,2026-09-10
$SPX,7591.7,2026-09-16,6,Put,"7,590.00",-0.02%,53.3,52.27,53.8,192,247,0.78,14.45%,14.51%,-0.481732,2026-09-10
$SPX,7591.7,2026-09-24,14,Put,"7,560.00",-0.42%,68.4,66.31,69.4,14,18,0.78,14.45%,14.85%,-0.422342,2026-09-10
$SPX,7591.7,2026-10-01,21,Put,"6,700.00",-11.75%,6.7,7.4,7.3,23,30,0.77,14.45%,29.26%,-0.03268,2026-09-10
$SPX,7591.7,2026-09-17,7,Put,"6,575.00",-13.39%,1.1,1.15,1.3,17,22,0.77,14.45%,43.64%,-0.00777,2026-09-10
$SPX,7591.7,2026-10-16,36,Call,"7,820.00",-3.01%,43.3,43.52,45,430,556,0.77,14.45%,12.26%,0.2561,2026-09-10
$SPX,7591.7,2026-09-17,7,Call,"7,775.00",-2.41%,4.6,5,4.8,287,375,0.77,14.45%,11.97%,0.082437,2026-09-10
$SPX,7591.7,2026-11-06,57,Call,"7,875.00",-3.73%,65.2,69,67.3,99,129,0.77,14.45%,12.95%,0.281913,2026-09-10
$SPX,7591.7,2026-11-20,71,Put,"7,220.00",-4.90%,87.4,88.4,88.9,223,292,0.76,14.45%,18.63%,-0.233939,2026-09-10
$SPX,7591.7,2027-01-29,141,Call,"9,200.00",-21.18%,2.45,2.9,2.9,25,33,0.76,14.45%,12.62%,0.013173,2026-09-10
$SPX,7591.7,2027-03-31,202,Put,"7,130.00",-6.08%,178.8,175.32,181.1,28,37,0.76,14.45%,19.02%,-0.262649,2026-09-10
$SPX,7591.7,2026-09-17,7,Put,"7,635.00",+0.57%,79.3,83.13,79.9,29,38,0.76,14.45%,13.82%,-0.604589,2026-09-10
$SPX,7591.7,2026-11-20,71,Put,"7,840.00",+3.27%,290.3,295.2,291.7,16,21,0.76,14.45%,12.23%,-0.709004,2026-09-10
$SPX,7591.7,2026-09-24,14,Put,"7,570.00",-0.29%,71.6,74.2,72.7,42,55,0.76,14.45%,14.65%,-0.439845,2026-09-10
$SPX,7591.7,2027-02-19,162,Put,"7,025.00",-7.46%,132.6,134.66,135,361,483,0.75,14.45%,19.66%,-0.222194,2026-09-10
$SPX,7591.7,2026-09-17,7,Put,"7,610.00",+0.24%,67.6,68.5,68.2,155,206,0.75,14.45%,14.47%,-0.533969,2026-09-10
$SPX,7591.7,2026-09-17,7,Put,"7,470.00",-1.60%,27.5,28.64,27.9,123,165,0.75,14.45%,17.90%,-0.245455,2026-09-10
$SPX,7591.7,2026-09-24,14,Call,"7,825.00",-3.07%,7,6.9,7.4,159,211,0.75,14.45%,11.11%,0.09402,2026-09-10
$SPX,7591.7,2026-09-17,7,Call,"7,480.00",+1.47%,141.3,144.46,161.3,30,40,0.75,14.45%,19.12%,0.725591,2026-09-10
$SPX,7591.7,2026-09-30,20,Call,"7,595.00",-0.04%,108,107,108.7,46,62,0.74,14.45%,14.45%,0.525068,2026-09-10
$SPX,7591.7,2026-09-24,14,Call,"7,775.00",-2.41%,14.6,15.09,15.4,55,74,0.74,14.45%,11.64%,0.165042,2026-09-10
$SPX,7591.7,2026-09-29,19,Call,"7,660.00",-0.90%,66.6,64.35,67.8,14,19,0.74,14.45%,13.21%,0.41317,2026-09-10
$SPX,7591.7,2026-09-17,7,Call,"7,690.00",-1.29%,21.5,21.2,21.9,174,236,0.74,14.45%,13.37%,0.258428,2026-09-10
$SPX,7591.7,2026-10-01,21,Call,"7,720.00",-1.69%,46.8,45.6,47.9,29,39,0.74,14.45%,12.69%,0.320322,2026-09-10
$SPX,7591.7,2027-05-21,253,Call,"9,100.00",-19.87%,27.1,28.52,28.3,284,385,0.74,14.45%,12.64%,0.079746,2026-09-10
$SPX,7591.7,2027-05-21,253,Put,"8,275.00",+9.00%,633.7,637.07,637.6,23,31,0.74,14.45%,0.00%,0,2026-09-10
$SPX,7591.7,2026-09-29,19,Put,"7,000.00",-7.79%,10.8,9.38,11.5,35,47,0.74,14.45%,23.92%,-0.061035,2026-09-10
$SPX,7591.7,2026-09-25,15,Put,"5,000.00",-34.14%,0.25,0.33,0.45,500,684,0.73,14.45%,69.26%,-0.00113,2026-09-10
$SPX,7591.7,2026-09-28,18,Put,"6,800.00",-10.43%,5.8,6.4,6.3,56,77,0.73,14.45%,27.71%,-0.032359,2026-09-10
$SPX,7591.7,2026-09-18,8,Call,"7,790.00",-2.61%,5.1,5.08,5.4,541,737,0.73,14.45%,12.18%,0.084328,2026-09-10
$SPX,7591.7,2026-09-18,8,Put,"7,530.00",-0.81%,45,43.76,45.6,357,488,0.73,14.45%,16.59%,-0.35508,2026-09-10
$SPX,7591.7,2026-09-18,8,Put,"7,565.00",-0.35%,55.2,54.4,55.8,183,251,0.73,14.45%,15.72%,-0.424638,2026-09-10
$SPX,7591.7,2026-09-17,7,Call,"7,920.00",-4.32%,0.2,0.25,0.35,66,91,0.73,14.45%,12.11%,0.006672,2026-09-10
$SPX,7591.7,2026-09-25,15,Call,"8,020.00",-5.64%,0.45,0.65,0.75,32,44,0.73,14.45%,11.30%,0.010217,2026-09-10
$SPX,7591.7,2026-09-25,15,Put,"7,580.00",-0.15%,78.1,77.08,78.7,233,322,0.72,14.45%,14.47%,-0.458293,2026-09-10
$SPX,7591.7,2026-10-16,36,Call,"7,745.00",-2.02%,72.1,70.6,73,18,25,0.72,14.45%,13.06%,0.352837,2026-09-10
$SPX,7591.7,2026-09-16,6,Call,"7,785.00",-2.55%,2.1,2.05,2.3,141,197,0.72,14.45%,11.44%,0.047846,2026-09-10
$SPX,7591.7,2026-09-25,15,Put,"7,460.00",-1.73%,45.9,47.5,46.9,68,94,0.72,14.45%,16.76%,-0.28459,2026-09-10
$SPX,7591.7,2026-09-16,6,Put,"6,300.00",-17.01%,0.4,0.45,0.55,135,188,0.72,14.45%,53.66%,-0.002954,2026-09-10
$SPX,7591.7,2026-10-16,36,Put,"7,495.00",-1.27%,92.3,94.72,94.1,104,145,0.72,14.45%,15.43%,-0.364038,2026-09-10
$SPX,7591.7,2026-11-30,81,Put,"7,570.00",-0.29%,176.7,180.62,178.4,35,49,0.71,14.45%,14.94%,-0.438632,2026-09-10
$SPX,7591.7,2027-02-19,162,Put,"7,775.00",+2.41%,324.4,329.56,327.2,207,291,0.71,14.45%,13.86%,-0.556665,2026-09-10
$SPX,7591.7,2026-09-17,7,Put,"7,500.00",-1.21%,33.2,34.48,33.7,550,772,0.71,14.45%,17.17%,-0.291811,2026-09-10
$SPX,7591.7,2026-09-17,7,Put,"7,750.00",+2.09%,150.5,159.24,165.5,172,242,0.71,14.45%,10.14%,-0.94768,2026-09-10
$SPX,7591.7,2026-11-20,71,Put,"7,875.00",+3.73%,311.5,310.2,312.9,12,17,0.71,14.45%,11.74%,-0.76078,2026-09-10
$SPX,7591.7,2026-09-16,6,Put,"7,530.00",-0.81%,34.3,35.9,34.8,130,184,0.71,14.45%,16.02%,-0.33285,2026-09-10
$SPX,7591.7,2026-10-05,25,Put,"7,650.00",+0.77%,125,127.77,126.3,210,297,0.71,14.45%,12.93%,-0.565959,2026-09-10
$SPX,7591.7,2026-10-16,36,Put,"7,010.00",-7.66%,28.6,29.15,29.1,35,49,0.71,14.45%,22.17%,-0.109913,2026-09-10
$SPX,7591.7,2026-09-18,8,Call,"7,590.00",+0.02%,75.9,77.9,76.6,148,208,0.71,14.45%,16.14%,0.521782,2026-09-10
$SPX,7591.7,2027-01-29,141,Put,"6,100.00",-19.65%,44.8,43.45,46.3,10,14,0.71,14.45%,27.42%,-0.073829,2026-09-10
$SPX,7591.7,2026-09-23,13,Call,"7,690.00",-1.29%,37.3,37.09,37.9,15,21,0.71,14.45%,12.78%,0.319998,2026-09-10
$SPX,7591.7,2026-09-25,15,Call,"7,550.00",+0.55%,125.1,119.8,125.8,47,66,0.71,14.45%,15.80%,0.592725,2026-09-10
$SPX,7591.7,2026-09-25,15,Call,"7,645.00",-0.70%,66.5,65.26,67.1,66,93,0.71,14.45%,13.99%,0.428609,2026-09-10
$SPX,7591.7,2026-09-17,7,Call,"7,645.00",-0.70%,39.2,39.4,39.7,32,45,0.71,14.45%,14.36%,0.379492,2026-09-10
$SPX,7591.7,2027-01-15,127,Call,"8,250.00",-8.67%,53.1,53.93,54.7,21,30,0.7,14.45%,12.54%,0.182397,2026-09-10
$SPX,7591.7,2026-11-20,71,Put,"7,280.00",-4.11%,96.8,99.4,98.4,143,204,0.7,14.45%,17.98%,-0.260105,2026-09-10
$SPX,7591.7,2026-09-18,8,Put,"7,295.00",-3.91%,12.2,12.01,12.6,169,241,0.7,14.45%,22.03%,-0.103633,2026-09-10
$SPX,7591.7,2026-09-30,20,Call,"7,695.00",-1.36%,53.7,53.4,54.8,389,559,0.7,14.45%,12.85%,0.356337,2026-09-10
$SPX,7591.7,2026-09-17,7,Call,"7,860.00",-3.53%,0.6,0.65,0.8,80,114,0.7,14.45%,11.46%,0.016299,2026-09-10
$SPX,7591.7,2026-09-17,7,Call,"7,740.00",-1.95%,9.2,9.75,9.6,96,137,0.7,14.45%,12.45%,0.141603,2026-09-10
$SPX,7591.7,2026-09-17,7,Put,"7,700.00",+1.43%,118,121.45,120.4,241,342,0.7,14.45%,12.03%,-0.799821,2026-09-10
$SPX,7591.7,2026-09-16,6,Put,"7,580.00",-0.15%,49.5,50.8,50,105,149,0.7,14.45%,14.75%,-0.454046,2026-09-10
$SPX,7591.7,2026-09-16,6,Put,"7,535.00",-0.75%,35.6,36.4,36.1,87,125,0.7,14.45%,15.90%,-0.343654,2026-09-10
$SPX,7591.7,2026-09-23,13,Put,"6,850.00",-9.77%,4.4,4.49,4.6,99,142,0.7,14.45%,29.16%,-0.027588,2026-09-10
$SPX,7591.7,2026-11-30,81,Put,"6,100.00",-19.65%,21.6,19.95,22.5,300,436,0.69,14.45%,29.98%,-0.047136,2026-09-10
$SPX,7591.7,2026-09-16,6,Put,"7,445.00",-1.93%,18.5,20.51,18.9,40,58,0.69,14.45%,18.10%,-0.190714,2026-09-10
$SPX,7591.7,2026-09-16,6,Put,"7,300.00",-3.84%,6.9,6.9,7.2,639,921,0.69,14.45%,21.64%,-0.074089,2026-09-10
$SPX,7591.7,2026-10-16,36,Put,"7,565.00",-0.35%,112.3,113.2,114.6,40,58,0.69,14.45%,14.46%,-0.437216,2026-09-10
$SPX,7591.7,2026-09-24,14,Call,"7,750.00",-2.09%,20.7,21.9,21.2,141,205,0.69,14.45%,12.00%,0.209804,2026-09-10
$SPX,7591.7,2026-09-28,18,Call,"7,790.00",-2.61%,16.8,18.6,17.6,38,55,0.69,14.45%,11.24%,0.171376,2026-09-10
$SPX,7591.7,2026-09-16,6,Call,"7,855.00",-3.47%,0.4,0.4,0.5,110,159,0.69,14.45%,11.49%,0.011714,2026-09-10
$SPX,7591.7,2027-01-29,141,Put,"5,300.00",-30.19%,22,22.3,22.9,136,200,0.68,14.45%,34.55%,-0.032539,2026-09-10
$SPX,7591.7,2026-09-30,20,Put,"7,700.00",+1.43%,142.5,145.68,143.6,14741,21795,0.68,14.45%,12.10%,-0.677278,2026-09-10
$SPX,7591.7,2026-10-16,36,Call,"7,700.00",-1.43%,92.9,93.14,93.8,427,631,0.68,14.45%,13.55%,0.41071,2026-09-10
$SPX,7591.7,2026-09-28,18,Call,"7,650.00",-0.77%,68.3,66.71,69.4,41,60,0.68,14.45%,13.25%,0.426841,2026-09-10
$SPX,7591.7,2026-09-16,6,Call,"7,690.00",-1.29%,16.7,16.4,17.2,159,233,0.68,14.45%,12.95%,0.232448,2026-09-10
$SPX,7591.7,2026-11-20,71,Call,"8,160.00",-7.49%,21.3,22.3,22.3,25,37,0.68,14.45%,11.97%,0.114216,2026-09-10
$SPX,7591.7,2026-09-17,7,Call,"7,900.00",-4.06%,0.3,0.35,0.45,376,553,0.68,14.45%,11.89%,0.008987,2026-09-10
$SPX,7591.7,2026-11-30,81,Call,"7,690.00",-1.29%,186.5,183.56,188.2,168,246,0.68,14.45%,14.30%,0.486011,2026-09-10
$SPX,7591.7,2026-09-17,7,Put,"7,420.00",-2.26%,20,20.76,20.4,54,79,0.68,14.45%,19.05%,-0.183016,2026-09-10
$SPX,7591.7,2026-11-20,71,Put,"7,530.00",-0.81%,156.4,158.33,157.7,25,37,0.68,14.45%,15.56%,-0.409962,2026-09-10
$SPX,7591.7,2026-09-16,6,Put,"7,615.00",+0.31%,63.9,65.72,64.5,50,74,0.68,14.45%,13.87%,-0.555732,2026-09-10
$SPX,7591.7,2026-09-23,13,Put,"7,225.00",-4.83%,14,15,14.7,21,31,0.68,14.45%,21.16%,-0.098662,2026-09-10
$SPX,7591.7,2026-09-29,19,Put,"7,650.00",+0.77%,113.1,115.92,114.3,161,237,0.68,14.45%,12.77%,-0.583486,2026-09-10
$SPX,7591.7,2026-09-24,14,Put,"7,330.00",-3.45%,24.3,22.52,25.1,38,56,0.68,14.45%,19.15%,-0.161801,2026-09-10
$SPX,7591.7,2026-10-16,36,Put,"7,295.00",-3.91%,55.5,56.4,56.2,102,150,0.68,14.45%,18.29%,-0.218497,2026-09-10
$SPX,7591.7,2026-10-01,21,Put,"7,470.00",-1.60%,60.4,60.9,61.6,14,21,0.67,14.45%,16.17%,-0.315397,2026-09-10
$SPX,7591.7,2026-11-20,71,Put,"6,880.00",-9.37%,52.2,51.7,53,20,30,0.67,14.45%,22.42%,-0.133557,2026-09-10
$SPX,7591.7,2026-10-23,43,Put,"7,050.00",-7.14%,37.5,37.6,38.6,211,315,0.67,14.45%,21.12%,-0.133244,2026-09-10
$SPX,7591.7,2027-01-15,127,Call,"8,300.00",-9.33%,44.6,47.67,45.7,26,39,0.67,14.45%,12.43%,0.159358,2026-09-10
$SPX,7591.7,2026-10-07,27,Call,"8,025.00",-5.71%,2.9,3.27,3.6,16,24,0.67,14.45%,10.78%,0.036963,2026-09-10
$SPX,7591.7,2026-09-30,20,Call,"7,660.00",-0.90%,70.5,70.72,71.6,141,211,0.67,14.45%,13.39%,0.418132,2026-09-10
$SPX,7591.7,2026-10-16,36,Call,"8,130.00",-7.09%,3.3,3.85,3.9,57,85,0.67,14.45%,11.24%,0.034426,2026-09-10
$SPX,7591.7,2026-11-20,71,Call,"7,675.00",-1.10%,181.4,181.4,182.7,199,298,0.67,14.45%,14.63%,0.490024,2026-09-10
$SPX,7591.7,2026-09-17,7,Call,"7,560.00",+0.42%,88.4,91.09,89,18,27,0.67,14.45%,16.41%,0.589476,2026-09-10
$SPX,7591.7,2026-09-25,15,Call,"7,815.00",-2.94%,9.9,10.2,10.6,12,18,0.67,14.45%,11.42%,0.119734,2026-09-10
$SPX,7591.7,2026-11-20,71,Put,"7,665.00",+0.97%,200.7,202.8,202.8,97,147,0.66,14.45%,13.96%,-0.523395,2026-09-10
$SPX,7591.7,2026-09-16,6,Call,"7,790.00",-2.61%,1.8,2.1,2.05,216,326,0.66,14.45%,11.38%,0.042812,2026-09-10
$SPX,7591.7,2026-09-17,7,Put,"7,535.00",-0.75%,41.6,40.46,42.1,78,119,0.66,14.45%,16.32%,-0.356179,2026-09-10
$SPX,7591.7,2026-09-17,7,Put,"7,410.00",-2.39%,18.8,19.71,19.2,60,91,0.66,14.45%,19.29%,-0.172652,2026-09-10
$SPX,7591.7,2026-09-16,6,Put,"7,660.00",+0.90%,87.9,88.7,88.4,87,132,0.66,14.45%,12.62%,-0.701666,2026-09-10
$SPX,7591.7,2026-09-29,19,Put,"7,600.00",+0.11%,92.1,97.37,93.2,140,211,0.66,14.45%,13.69%,-0.49073,2026-09-10
$SPX,7591.7,2027-06-17,280,Put,"1,800.00",-76.29%,2.5,2.64,2.95,1658,2552,0.65,14.45%,63.99%,-0.001871,2026-09-10
$SPX,7591.7,2026-09-17,7,Put,"7,560.00",-0.42%,48.9,51.24,49.4,110,168,0.65,14.45%,15.71%,-0.409469,2026-09-10
$SPX,7591.7,2026-09-16,6,Put,"7,515.00",-1.01%,30.7,32,31.2,46,71,0.65,14.45%,16.39%,-0.302187,2026-09-10
$SPX,7591.7,2026-09-16,6,Put,"7,025.00",-7.46%,2,2.11,2.2,206,316,0.65,14.45%,29.80%,-0.019513,2026-09-10
$SPX,7591.7,2026-10-05,25,Put,"7,800.00",+2.74%,200.2,220.27,224.2,13,20,0.65,14.45%,9.37%,-0.888394,2026-09-10
$SPX,7591.7,2026-10-16,36,Put,"7,135.00",-6.02%,37.5,38.87,38.5,22,34,0.65,14.45%,20.46%,-0.147172,2026-09-10
$SPX,7591.7,2026-09-25,15,Put,"7,600.00",+0.11%,85.4,83.87,86,817,1254,0.65,14.45%,14.07%,-0.494921,2026-09-10
$SPX,7591.7,2026-09-28,18,Put,"7,330.00",-3.45%,29.6,30.77,30.5,20,31,0.65,14.45%,18.26%,-0.177577,2026-09-10
$SPX,7591.7,2026-09-28,18,Call,"7,630.00",-0.50%,79.2,79.19,80.3,26,40,0.65,14.45%,13.59%,0.463209,2026-09-10
$SPX,7591.7,2026-09-16,6,Call,"8,000.00",-5.38%,0.1,0.17,0.2,248,382,0.65,14.45%,14.87%,0.003408,2026-09-10
$SPX,7591.7,2026-09-17,7,Call,"7,755.00",-2.15%,6.9,6.9,7.2,56,86,0.65,14.45%,12.22%,0.113596,2026-09-10
$SPX,7591.7,2026-09-18,8,Call,"7,850.00",-3.40%,1.45,1.65,1.7,2358,3709,0.64,14.45%,11.75%,0.03084,2026-09-10
$SPX,7591.7,2026-09-30,20,Put,"7,115.00",-6.28%,17.2,18,17.6,49,76,0.64,14.45%,22.00%,-0.093376,2026-09-10
$SPX,7591.7,2026-10-06,26,Put,"7,275.00",-4.17%,37.1,34.25,38.2,30,47,0.64,14.45%,18.80%,-0.1788,2026-09-10
$SPX,7591.7,2026-09-23,13,Call,"7,720.00",-1.69%,26.3,25.9,27.2,51,80,0.64,14.45%,12.28%,0.255915,2026-09-10
$SPX,7591.7,2026-09-17,7,Call,"7,910.00",-4.19%,0.25,0.3,0.4,77,120,0.64,14.45%,12.02%,0.007819,2026-09-10
$SPX,7591.7,2026-11-03,54,Put,"7,575.00",-0.22%,144.1,148.04,146.9,14,22,0.64,14.45%,14.64%,-0.446708,2026-09-10
$SPX,7591.7,2026-09-17,7,Put,"7,620.00",+0.37%,72.1,75.15,72.7,47,73,0.64,14.45%,14.22%,-0.561451,2026-09-10
$SPX,7591.7,2026-09-17,7,Put,"6,800.00",-10.43%,1.75,1.8,1.95,635,993,0.64,14.45%,36.59%,-0.013496,2026-09-10
$SPX,7591.7,2026-10-16,36,Put,"6,450.00",-15.04%,10.2,10.6,11.1,4767,7478,0.64,14.45%,30.23%,-0.035937,2026-09-10
$SPX,7591.7,2026-09-23,13,Put,"7,620.00",+0.37%,87.3,86.14,88.3,45,70,0.64,14.45%,13.52%,-0.539444,2026-09-10
$SPX,7591.7,2026-10-16,36,Put,"6,950.00",-8.45%,25.2,25.78,25.8,164,261,0.63,14.45%,23.02%,-0.096146,2026-09-10
$SPX,7591.7,2026-09-25,15,Put,"7,630.00",+0.50%,97.4,98.15,98.5,231,365,0.63,14.45%,13.45%,-0.554057,2026-09-10
$SPX,7591.7,2026-09-18,8,Call,"8,090.00",-6.56%,0.15,0.24,0.3,151,241,0.63,14.45%,15.95%,0.004069,2026-09-10
$SPX,7591.7,2026-09-30,20,Call,"7,630.00",-0.50%,86.8,86.23,87.9,95,151,0.63,14.45%,13.87%,0.469113,2026-09-10
$SPX,7591.7,2027-01-15,127,Put,"7,525.00",-0.88%,207.7,209.95,209.5,10,16,0.63,14.45%,15.66%,-0.405644,2026-09-10
$SPX,7591.7,2026-10-16,36,Call,"7,950.00",-4.72%,16.6,16.76,17.1,299,478,0.63,14.45%,11.57%,0.124954,2026-09-10
$SPX,7591.7,2026-10-08,28,Call,"7,950.00",-4.72%,7.9,8.95,8.8,24,38,0.63,14.45%,11.03%,0.080303,2026-09-10
$SPX,7591.7,2026-11-30,81,Call,"7,735.00",-1.89%,161.8,160.8,163.6,24,38,0.63,14.45%,13.96%,0.44972,2026-09-10
$SPX,7591.7,2026-09-28,18,Put,"6,500.00",-14.38%,3.3,3.3,3.7,101,163,0.62,14.45%,33.80%,-0.016674,2026-09-10
$SPX,7591.7,2026-09-30,20,Put,"6,840.00",-9.90%,8.2,8.1,8.8,97,157,0.62,14.45%,26.84%,-0.042708,2026-09-10
$SPX,7591.7,2026-10-16,36,Call,"7,625.00",-0.44%,132.4,135.28,134.3,548,888,0.62,14.45%,14.30%,0.502583,2026-09-10
$SPX,7591.7,2026-09-16,6,Call,"7,735.00",-1.89%,7,6.7,7.3,139,223,0.62,14.45%,12.11%,0.123341,2026-09-10
$SPX,7591.7,2027-06-17,280,Put,"1,000.00",-86.83%,0.5,0.6,0.65,4755,7632,0.62,14.45%,77.13%,-0.000362,2026-09-10
$SPX,7591.7,2026-10-01,21,Put,"7,175.00",-5.49%,22.1,23.5,23,67,108,0.62,14.45%,20.97%,-0.118012,2026-09-10
$SPX,7591.7,2026-10-01,21,Put,"6,825.00",-10.10%,8.7,8.91,9.4,31,50,0.62,14.45%,26.99%,-0.043917,2026-09-10
$SPX,7591.7,2026-09-16,6,Put,"7,620.00",+0.37%,66.2,65,66.8,63,101,0.62,14.45%,13.72%,-0.571204,2026-09-10
$SPX,7591.7,2026-10-16,36,Put,"7,485.00",-1.41%,89.7,91.93,91.7,101,162,0.62,14.45%,15.57%,-0.354748,2026-09-10
$SPX,7591.7,2026-10-23,43,Put,"7,100.00",-6.48%,41.6,42.67,42.7,142,228,0.62,14.45%,20.48%,-0.148549,2026-09-10
$SPX,7591.7,2026-09-17,7,Put,"7,735.00",+1.89%,133.2,145.14,153.2,17,28,0.61,14.45%,10.10%,-0.924083,2026-09-10
$SPX,7591.7,2026-09-17,7,Put,"7,380.00",-2.79%,15.7,16,16,52,85,0.61,14.45%,20.00%,-0.145045,2026-09-10
$SPX,7591.7,2026-11-20,71,Put,"7,060.00",-7.00%,68.6,69.5,69.8,11,18,0.61,14.45%,20.49%,-0.179353,2026-09-10
$SPX,7591.7,2026-09-16,6,Put,"7,570.00",-0.29%,46,47.6,46.5,177,291,0.61,14.45%,15.01%,-0.427462,2026-09-10
$SPX,7591.7,2026-09-16,6,Put,"7,425.00",-2.20%,16,16.8,16.4,200,326,0.61,14.45%,18.57%,-0.16681,2026-09-10
$SPX,7591.7,2026-09-25,15,Put,"7,495.00",-1.27%,53.5,53.91,54.4,35,57,0.61,14.45%,16.11%,-0.327556,2026-09-10
$SPX,7591.7,2026-09-28,18,Put,"6,950.00",-8.45%,8.3,9.2,9,48,79,0.61,14.45%,24.84%,-0.048631,2026-09-10
$SPX,7591.7,2026-09-18,8,Call,"7,830.00",-3.14%,2.25,2.25,2.5,385,631,0.61,14.45%,11.85%,0.043829,2026-09-10
$SPX,7591.7,2026-09-24,14,Call,"7,780.00",-2.48%,13.6,13.28,14.4,67,109,0.61,14.45%,11.58%,0.156826,2026-09-10
$SPX,7591.7,2026-09-23,13,Call,"7,710.00",-1.56%,29.9,31.35,30.4,30,49,0.61,14.45%,12.45%,0.277133,2026-09-10
$SPX,7591.7,2026-09-16,6,Call,"7,835.00",-3.20%,0.6,0.7,0.75,153,251,0.61,14.45%,11.35%,0.017038,2026-09-10
$SPX,7591.7,2026-11-20,71,Call,"8,290.00",-9.20%,9.9,10.65,10.7,200,327,0.61,14.45%,11.70%,0.061893,2026-09-10
$SPX,7591.7,2026-09-17,7,Call,"7,750.00",-2.09%,7.7,7.51,7.9,348,570,0.61,14.45%,12.31%,0.122747,2026-09-10
$SPX,7591.7,2026-11-20,71,Put,"7,150.00",-5.82%,77.7,78.47,79.1,1836,3064,0.6,14.45%,19.37%,-0.206998,2026-09-10
$SPX,7591.7,2026-10-16,36,Call,"7,825.00",-3.07%,43.2,43.4,43.9,65,108,0.6,14.45%,12.34%,0.252239,2026-09-10
$SPX,7591.7,2026-09-24,14,Call,"7,805.00",-2.81%,9.4,11.19,10.1,35,58,0.6,14.45%,11.29%,0.119249,2026-09-10
$SPX,7591.7,2026-09-28,18,Call,"7,950.00",-4.72%,1.7,1.76,2,103,171,0.6,14.45%,10.37%,0.027818,2026-09-10
$SPX,7591.7,2026-09-25,15,Call,"7,575.00",+0.22%,108,106.82,109.1,33,55,0.6,14.45%,15.32%,0.553487,2026-09-10
$SPX,7591.7,2026-11-30,81,Put,"3,800.00",-49.95%,1.9,2.01,2.2,118,198,0.6,14.45%,56.99%,-0.00307,2026-09-10
$SPX,7591.7,2027-06-17,280,Put,"5,350.00",-29.53%,53.5,53.7,54.8,190,315,0.6,14.45%,29.86%,-0.057721,2026-09-10
$SPX,7591.7,2026-10-01,21,Put,"7,600.00",+0.11%,98.2,96.87,99.5,78,130,0.6,14.45%,13.96%,-0.488785,2026-09-10
$SPX,7591.7,2026-09-17,7,Put,"7,475.00",-1.54%,28.3,29.4,28.8,114,190,0.6,14.45%,17.77%,-0.25255,2026-09-10
$SPX,7591.7,2026-11-20,71,Put,"7,650.00",+0.77%,197.8,201,199.2,108,179,0.6,14.45%,14.32%,-0.508748,2026-09-10
$SPX,7591.7,2026-09-16,6,Put,"7,460.00",-1.73%,20.6,20.01,21,200,333,0.6,14.45%,17.74%,-0.210621,2026-09-10
$SPX,7591.7,2026-09-23,13,Put,"7,530.00",-0.81%,56.4,54.23,56.9,18,30,0.6,14.45%,15.35%,-0.369831,2026-09-10
$SPX,7591.7,2026-09-24,14,Put,"7,550.00",-0.55%,65.5,66.74,66.1,41,68,0.6,14.45%,15.04%,-0.405542,2026-09-10
$SPX,7591.7,2027-05-21,253,Put,"5,350.00",-29.53%,47.9,48.37,49,108,182,0.59,14.45%,30.44%,-0.054097,2026-09-10
$SPX,7591.7,2026-10-01,21,Put,"6,875.00",-9.44%,9.7,10.3,10.5,17,29,0.59,14.45%,26.08%,-0.049755,2026-09-10
$SPX,7591.7,2026-09-29,19,Put,"7,490.00",-1.34%,59.1,55.14,60.1,10,17,0.59,14.45%,15.63%,-0.330083,2026-09-10
$SPX,7591.7,2026-09-25,15,Put,"7,590.00",-0.02%,81.6,80.91,82.3,150,255,0.59,14.45%,14.27%,-0.476172,2026-09-10
$SPX,7591.7,2026-09-18,8,Call,"7,555.00",+0.48%,98.8,98.2,99.7,20,34,0.59,14.45%,17.00%,0.593597,2026-09-10
$SPX,7591.7,2026-10-16,36,Call,"8,025.00",-5.71%,8.7,8.9,9.1,163,275,0.59,14.45%,11.31%,0.074723,2026-09-10
$SPX,7591.7,2026-10-16,36,Call,"7,655.00",-0.83%,116.5,115.3,117.8,16,27,0.59,14.45%,14.07%,0.466898,2026-09-10
$SPX,7591.7,2027-03-31,202,Call,"7,710.00",-1.56%,373.6,380.9,376,19,32,0.59,14.45%,15.56%,0.545803,2026-09-10
$SPX,7591.7,2026-11-20,71,Put,"7,265.00",-4.30%,94.3,96.8,96,119,206,0.58,14.45%,18.14%,-0.253371,2026-09-10
$SPX,7591.7,2026-10-05,25,Call,"7,600.00",-0.11%,117.9,116.86,119.2,19,33,0.58,14.45%,14.29%,0.522316,2026-09-10
$SPX,7591.7,2026-11-03,54,Put,"5,600.00",-26.24%,6.5,6.71,7.3,18,31,0.58,14.45%,38.93%,-0.016136,2026-09-10
$SPX,7591.7,2026-09-17,7,Put,"7,570.00",-0.29%,52.2,53.9,52.7,44,76,0.58,14.45%,15.47%,-0.432534,2026-09-10
$SPX,7591.7,2026-09-17,7,Put,"7,515.00",-1.01%,36.6,38,37,40,69,0.58,14.45%,16.81%,-0.317992,2026-09-10
$SPX,7591.7,2026-09-16,6,Put,"7,630.00",+0.50%,71.2,72.2,71.7,132,226,0.58,14.45%,13.46%,-0.60295,2026-09-10
$SPX,7591.7,2026-09-16,6,Put,"7,500.00",-1.21%,27.5,26.9,28,495,858,0.58,14.45%,16.76%,-0.274092,2026-09-10
$SPX,7591.7,2026-09-17,7,Put,"6,900.00",-9.11%,2.15,2.25,2.4,225,395,0.57,14.45%,33.36%,-0.017654,2026-09-10
$SPX,7591.7,2026-09-29,19,Put,"7,640.00",+0.64%,108.6,112,109.7,21,37,0.57,14.45%,12.96%,-0.563471,2026-09-10
$SPX,7591.7,2026-09-24,14,Put,"5,600.00",-26.24%,0.6,0.62,0.85,112,196,0.57,14.45%,57.34%,-0.002745,2026-09-10
$SPX,7591.7,2026-10-16,36,Put,"7,610.00",+0.24%,129.9,130.2,131.2,43,75,0.57,14.45%,13.98%,-0.490892,2026-09-10
$SPX,7591.7,2026-10-16,36,Put,"7,280.00",-4.11%,53.4,54.54,54.1,72,127,0.57,14.45%,18.49%,-0.210197,2026-09-10
$SPX,7591.7,2026-09-18,8,Call,"7,740.00",-1.95%,12.6,12.85,13.1,261,457,0.57,14.45%,12.89%,0.1679,2026-09-10
$SPX,7591.7,2026-09-18,8,Put,"7,340.00",-3.32%,15.4,15.44,15.9,291,515,0.57,14.45%,20.99%,-0.130587,2026-09-10
$SPX,7591.7,2026-09-18,8,Put,"7,450.00",-1.87%,28.3,27.85,28.9,1407,2480,0.57,14.45%,18.47%,-0.233203,2026-09-10
$SPX,7591.7,2026-10-23,43,Call,"7,925.00",-4.39%,28.7,29.2,30,44,77,0.57,14.45%,11.92%,0.178001,2026-09-10
$SPX,7591.7,2026-09-28,18,Call,"7,830.00",-3.14%,9.8,11.45,10.6,20,35,0.57,14.45%,10.84%,0.115522,2026-09-10
$SPX,7591.7,2026-09-16,6,Call,"7,890.00",-3.93%,0.2,0.3,0.35,239,419,0.57,14.45%,12.05%,0.007186,2026-09-10
$SPX,7591.7,2026-09-16,6,Call,"7,885.00",-3.86%,0.2,0.3,0.35,216,379,0.57,14.45%,11.87%,0.007283,2026-09-10
$SPX,7591.7,2026-09-16,6,Call,"7,880.00",-3.80%,0.25,0.28,0.4,116,205,0.57,14.45%,11.93%,0.008438,2026-09-10
$SPX,7591.7,2026-09-25,15,Call,"7,625.00",-0.44%,77.5,75.75,78.1,75,132,0.57,14.45%,14.37%,0.466327,2026-09-10
$SPX,7591.7,2026-09-25,15,Call,"7,755.00",-2.15%,22.5,23.4,22.9,50,87,0.57,14.45%,12.18%,0.215,2026-09-10
$SPX,7591.7,2027-01-15,127,Put,"8,030.00",+5.77%,435.8,438.82,439.1,20,36,0.56,14.45%,9.45%,-0.932519,2026-09-10
$SPX,7591.7,2026-09-30,20,Put,"7,175.00",-5.49%,20.8,20.67,21.2,477,845,0.56,14.45%,21.02%,-0.11339,2026-09-10
$SPX,7591.7,2026-09-30,20,Put,"7,500.00",-1.21%,65.4,65.3,66,20433,36204,0.56,14.45%,15.67%,-0.346775,2026-09-10
$SPX,7591.7,2026-10-23,43,Call,"7,950.00",-4.72%,24,24.28,25.1,57,101,0.56,14.45%,11.78%,0.155731,2026-09-10
$SPX,7591.7,2026-09-17,7,Put,"6,825.00",-10.10%,1.85,1.9,2.05,15,27,0.56,14.45%,35.80%,-0.014432,2026-09-10
$SPX,7591.7,2026-10-05,25,Put,"7,200.00",-5.16%,28.1,28.95,29.1,303,543,0.56,14.45%,19.93%,-0.139024,2026-09-10
$SPX,7591.7,2026-10-16,36,Put,"7,370.00",-2.92%,67.2,68.72,68,66,118,0.56,14.45%,17.27%,-0.264233,2026-09-10
$SPX,7591.7,2027-02-19,162,Put,"5,750.00",-24.26%,38.2,39.1,39.6,159,291,0.55,14.45%,29.63%,-0.056502,2026-09-10
$SPX,7591.7,2026-10-08,28,Put,"7,350.00",-3.18%,50.9,53.49,52.1,35,64,0.55,14.45%,17.74%,-0.232043,2026-09-10
$SPX,7591.7,2026-11-20,71,Put,"7,700.00",+1.43%,218.5,221.47,220.1,177,324,0.55,14.45%,13.80%,-0.556768,2026-09-10
$SPX,7591.7,2026-09-16,6,Put,"7,430.00",-2.13%,16.6,17.56,17,57,104,0.55,14.45%,18.46%,-0.172547,2026-09-10
$SPX,7591.7,2026-09-16,6,Put,"7,770.00",+2.35%,166.4,179.14,186.4,28,51,0.55,14.45%,11.61%,-0.954644,2026-09-10
$SPX,7591.7,2026-09-16,6,Put,"7,310.00",-3.71%,7.3,7.3,7.7,127,233,0.55,14.45%,21.38%,-0.07885,2026-09-10
$SPX,7591.7,2026-10-23,43,Put,"7,690.00",+1.29%,173.6,175.95,175.1,11,20,0.55,14.45%,12.96%,-0.586145,2026-09-10
$SPX,7591.7,2026-10-16,36,Put,"7,530.00",-0.81%,103.7,103.75,104.6,41,74,0.55,14.45%,15.10%,-0.399747,2026-09-10
$SPX,7591.7,2027-01-29,141,Put,"6,900.00",-9.11%,103,103.93,104.7,159,288,0.55,14.45%,20.82%,-0.184086,2026-09-10
$SPX,7591.7,2026-09-18,8,Put,"6,410.00",-15.57%,1.1,1.2,1.35,100,181,0.55,14.45%,47.29%,-0.00691,2026-09-10
$SPX,7591.7,2026-09-18,8,Put,"7,460.00",-1.73%,30,30.1,30.5,192,349,0.55,14.45%,18.23%,-0.24583,2026-09-10
$SPX,7591.7,2026-10-16,36,Call,"7,675.00",-1.10%,105.7,103.66,106.9,139,255,0.55,14.45%,13.84%,0.442282,2026-09-10
$SPX,7591.7,2026-09-18,8,Call,"7,710.00",-1.56%,20.1,19.55,20.6,163,302,0.54,14.45%,13.42%,0.233251,2026-09-10
$SPX,7591.7,2027-08-20,344,Call,"9,300.00",-22.50%,46.8,47.7,48.2,100,186,0.54,14.45%,13.09%,0.107862,2026-09-10
$SPX,7591.7,2026-09-28,18,Call,"7,900.00",-4.06%,3.4,3.6,4,146,271,0.54,14.45%,10.39%,0.050841,2026-09-10
$SPX,7591.7,2026-09-16,6,Call,"7,750.00",-2.09%,5,4.91,5.3,245,450,0.54,14.45%,11.88%,0.095483,2026-09-10
$SPX,7591.7,2026-09-16,6,Put,"7,640.00",+0.64%,76.4,77.5,77,104,191,0.54,14.45%,13.19%,-0.635272,2026-09-10
$SPX,7591.7,2026-09-16,6,Put,"6,600.00",-13.06%,0.75,0.8,0.9,209,387,0.54,14.45%,44.01%,-0.005891,2026-09-10
$SPX,7591.7,2026-10-23,43,Put,"7,450.00",-1.87%,92.9,86.69,94.3,73,134,0.54,14.45%,16.04%,-0.332668,2026-09-10
$SPX,7591.7,2026-10-23,43,Put,"7,075.00",-6.81%,39.5,40.4,40.6,35,65,0.54,14.45%,20.81%,-0.140666,2026-09-10
$SPX,7591.7,2026-10-05,25,Put,"7,275.00",-4.17%,35.2,36.14,36.3,99,183,0.54,14.45%,18.78%,-0.174506,2026-09-10
$SPX,7591.7,2026-10-16,36,Put,"7,450.00",-1.87%,83.2,83.3,84,620,1144,0.54,14.45%,16.19%,-0.325086,2026-09-10
$SPX,7591.7,2026-10-01,21,Put,"7,575.00",-0.22%,89.3,93.29,90.6,72,136,0.53,14.45%,14.40%,-0.450061,2026-09-10
$SPX,7591.7,2026-09-24,14,Put,"7,025.00",-7.46%,7.8,7.95,8.5,23,43,0.53,14.45%,25.04%,-0.051237,2026-09-10
$SPX,7591.7,2026-10-16,36,Put,"6,750.00",-11.09%,17.3,17.85,17.8,147,280,0.53,14.45%,25.90%,-0.063392,2026-09-10
$SPX,7591.7,2026-09-18,8,Call,"7,835.00",-3.20%,2.05,1.9,2.3,250,471,0.53,14.45%,11.85%,0.040596,2026-09-10
$SPX,7591.7,2026-09-18,8,Call,"7,860.00",-3.53%,1.2,1.4,1.4,343,647,0.53,14.45%,11.75%,0.026051,2026-09-10
$SPX,7591.7,2027-08-20,344,Put,"8,350.00",+9.99%,697.2,702.98,701.7,20,38,0.53,14.45%,0.00%,0,2026-09-10
$SPX,7591.7,2026-09-18,8,Put,"7,270.00",-4.24%,10.8,10.7,11.2,111,209,0.53,14.45%,22.64%,-0.091676,2026-09-10
$SPX,7591.7,2026-09-16,6,Call,"7,865.00",-3.60%,0.3,0.38,0.45,231,435,0.53,14.45%,11.59%,0.009858,2026-09-10
$SPX,7591.7,2026-09-17,7,Call,"7,875.00",-3.73%,0.45,0.45,0.6,100,189,0.53,14.45%,11.54%,0.012512,2026-09-10
$SPX,7591.7,2026-09-17,7,Call,"7,545.00",+0.62%,98.9,95.66,99.5,21,40,0.53,14.45%,16.79%,0.620557,2026-09-10
$SPX,7591.7,2026-09-25,15,Call,"7,830.00",-3.14%,8.1,8.48,8.5,130,243,0.53,14.45%,11.30%,0.101471,2026-09-10
$SPX,7591.7,2026-11-30,81,Call,"7,900.00",-4.06%,88.7,89.76,90.2,100,188,0.53,14.45%,12.87%,0.311814,2026-09-10
$SPX,7591.7,2026-09-18,8,Put,"7,475.00",-1.54%,32.7,31.87,33.3,859,1643,0.52,14.45%,17.89%,-0.266276,2026-09-10
$SPX,7591.7,2026-10-16,36,Call,"7,770.00",-2.35%,60.5,58.97,62,262,505,0.52,14.45%,12.68%,0.318785,2026-09-10
$SPX,7591.7,2026-10-16,36,Call,"7,660.00",-0.90%,112.2,111.52,114,281,538,0.52,14.45%,13.87%,0.460242,2026-09-10
$SPX,7591.7,2026-09-17,7,Call,"8,000.00",-5.38%,0.1,0.2,0.25,176,338,0.52,14.45%,13.96%,0.003876,2026-09-10
$SPX,7591.7,2026-09-17,7,Call,"7,765.00",-2.28%,5.6,5.7,5.9,53,101,0.52,14.45%,12.08%,0.096888,2026-09-10
$SPX,7591.7,2026-09-17,7,Call,"7,715.00",-1.62%,14.5,13.95,14.8,74,143,0.52,14.45%,12.89%,0.196316,2026-09-10
$SPX,7591.7,2026-11-30,81,Call,"7,770.00",-2.35%,144,148.3,145.7,88,170,0.52,14.45%,13.70%,0.420762,2026-09-10
$SPX,7591.7,2027-02-19,162,Call,"8,325.00",-9.66%,68.1,71.82,70.3,305,590,0.52,14.45%,12.75%,0.199962,2026-09-10
$SPX,7591.7,2026-11-30,81,Call,"8,050.00",-6.04%,46.2,47.58,47.6,7803,15122,0.52,14.45%,12.20%,0.198251,2026-09-10
$SPX,7591.7,2026-09-25,15,Put,"3,800.00",-49.95%,0,0.1,0.15,14,27,0.52,14.45%,98.95%,-0.000189,2026-09-10
$SPX,7591.7,2027-03-31,202,Put,"8,020.00",+5.64%,469.7,478.2,472.3,12,23,0.52,14.45%,12.17%,-0.737286,2026-09-10
$SPX,7591.7,2026-09-16,6,Put,"7,480.00",-1.47%,23.8,24.7,24.2,109,211,0.52,14.45%,17.24%,-0.240353,2026-09-10
$SPX,7591.7,2026-10-16,36,Put,"7,435.00",-2.06%,78.2,79.1,80,101,193,0.52,14.45%,16.25%,-0.311274,2026-09-10
$SPX,7591.7,2026-10-16,36,Put,"6,620.00",-12.80%,13.2,13.9,14.2,435,831,0.52,14.45%,27.64%,-0.048426,2026-09-10
$SPX,7591.7,2026-10-05,25,Put,"7,730.00",+1.82%,166.7,172.63,168,16,31,0.52,14.45%,11.55%,-0.712131,2026-09-10
$SPX,7591.7,2026-09-24,14,Put,"7,610.00",+0.24%,86.4,87.67,87.5,25,48,0.52,14.45%,13.85%,-0.515848,2026-09-10
$SPX,7591.7,2026-09-24,14,Put,"7,300.00",-3.84%,21.6,22.12,22,116,222,0.52,14.45%,19.71%,-0.142989,2026-09-10
$SPX,7591.7,2026-09-17,7,Put,"7,630.00",+0.50%,76.8,77.6,77.4,94,186,0.51,14.45%,13.95%,-0.590057,2026-09-10
$SPX,7591.7,2026-09-17,7,Put,"7,100.00",-6.48%,3.9,4,4.2,157,307,0.51,14.45%,27.26%,-0.035181,2026-09-10
$SPX,7591.7,2026-09-16,6,Put,"7,370.00",-2.92%,10.9,11.7,11.2,67,131,0.51,14.45%,19.89%,-0.11573,2026-09-10
$SPX,7591.7,2026-09-24,14,Put,"7,600.00",+0.11%,82.6,83.77,83.3,74,145,0.51,14.45%,14.04%,-0.495986,2026-09-10
$SPX,7591.7,2026-09-25,15,Put,"7,615.00",+0.31%,91,93.21,92.1,73,142,0.51,14.45%,13.75%,-0.523705,2026-09-10
$SPX,7591.7,2026-09-18,8,Call,"7,745.00",-2.02%,11.6,11.85,12,129,255,0.51,14.45%,12.80%,0.157742,2026-09-10
$SPX,7591.7,2026-09-18,8,Call,"8,080.00",-6.43%,0.15,0.3,0.3,150,294,0.51,14.45%,15.67%,0.004135,2026-09-10
$SPX,7591.7,2026-10-07,27,Put,"7,175.00",-5.49%,29.2,31.25,30.4,60,117,0.51,14.45%,20.30%,-0.137071,2026-09-10
$SPX,7591.7,2026-09-24,14,Call,"7,925.00",-4.39%,1.25,1.9,1.55,54,105,0.51,14.45%,10.65%,0.023711,2026-09-10
$SPX,7591.7,2026-11-20,71,Call,"7,600.00",-0.11%,226.9,224.66,228.8,2131,4138,0.51,14.45%,15.31%,0.549528,2026-09-10
$SPX,7591.7,2026-09-17,7,Call,"7,780.00",-2.48%,4,4,4.4,61,120,0.51,14.45%,11.90%,0.075374,2026-09-10
$SPX,7591.7,2026-09-25,15,Call,"7,685.00",-1.23%,47.2,45.8,47.7,35,69,0.51,14.45%,13.28%,0.350121,2026-09-10
$SPX,7591.7,2026-09-18,8,Put,"7,420.00",-2.26%,23.9,23.35,24.4,249,500,0.5,14.45%,19.16%,-0.198819,2026-09-10
$SPX,7591.7,2026-09-18,8,Put,"7,570.00",-0.29%,56.8,58.51,57.5,197,391,0.5,14.45%,15.60%,-0.435455,2026-09-10
$SPX,7591.7,2026-09-23,13,Call,"7,730.00",-1.82%,23.3,24.92,24.1,17,34,0.5,14.45%,12.13%,0.235503,2026-09-10
$SPX,7591.7,2026-10-23,43,Call,"7,975.00",-5.05%,19.9,20.45,21,43,86,0.5,14.45%,11.66%,0.13539,2026-09-10
$SPX,7591.7,2026-10-01,21,Call,"7,725.00",-1.76%,44.8,44.9,45.9,57,113,0.5,14.45%,12.62%,0.311679,2026-09-10
$SPX,7591.7,2026-10-08,28,Put,"7,600.00",+0.11%,111.9,114.51,113.4,32,64,0.5,14.45%,14.00%,-0.483785,2026-09-10
$SPX,7591.7,2026-10-08,28,Put,"7,425.00",-2.20%,64,66.97,65.2,11,22,0.5,14.45%,16.64%,-0.289275,2026-09-10
$SPX,7591.7,2026-09-17,7,Put,"7,655.00",+0.83%,90,94.42,90.6,31,62,0.5,14.45%,13.28%,-0.663591,2026-09-10
$SPX,7591.7,2026-09-16,6,Put,"7,610.00",+0.24%,61.6,65.3,62.2,90,180,0.5,14.45%,13.99%,-0.540458,2026-09-10
$SPX,7591.7,2026-10-16,36,Put,"7,625.00",+0.44%,134,137,136.1,534,1058,0.5,14.45%,13.64%,-0.510511,2026-09-10
$SPX,7591.7,2027-06-17,280,Put,"6,075.00",-19.98%,93.8,94.6,95.5,111,227,0.49,14.45%,25.24%,-0.107598,2026-09-10
$SPX,7591.7,2026-09-16,6,Put,"7,665.00",+0.97%,90.9,90.9,91.5,49,99,0.49,14.45%,12.46%,-0.718547,2026-09-10
$SPX,7591.7,2026-09-24,14,Put,"7,225.00",-4.83%,15.8,16.75,16.5,28,57,0.49,14.45%,21.10%,-0.105732,2026-09-10
$SPX,7591.7,2026-10-16,36,Put,"7,515.00",-1.01%,99.4,99.4,100.2,36,73,0.49,14.45%,15.29%,-0.384587,2026-09-10
$SPX,7591.7,2026-09-25,15,Put,"7,540.00",-0.68%,65.4,64.93,66,81,164,0.49,14.45%,15.25%,-0.39171,2026-09-10
$SPX,7591.7,2026-09-18,8,Call,"7,720.00",-1.69%,17.3,18.4,17.9,225,459,0.49,14.45%,13.25%,0.210624,2026-09-10
$SPX,7591.7,2026-09-18,8,Put,"7,260.00",-4.37%,10.2,10.7,10.8,90,182,0.49,14.45%,22.89%,-0.087372,2026-09-10
$SPX,7591.7,2026-09-18,8,Put,"7,525.00",-0.88%,43.7,43.78,44.3,335,679,0.49,14.45%,16.71%,-0.345984,2026-09-10
$SPX,7591.7,2026-10-16,36,Call,"7,885.00",-3.86%,27.9,29.7,28.6,29,59,0.49,14.45%,11.92%,0.18506,2026-09-10
$SPX,7591.7,2026-09-24,14,Call,"7,770.00",-2.35%,15.7,16.8,16.5,28,57,0.49,14.45%,11.72%,0.173736,2026-09-10
$SPX,7591.7,2026-09-25,15,Put,"7,510.00",-1.08%,57.3,59.3,57.9,52,109,0.48,14.45%,15.83%,-0.347751,2026-09-10
$SPX,7591.7,2026-09-18,8,Call,"7,795.00",-2.68%,4.6,4.6,5,199,418,0.48,14.45%,12.15%,0.078377,2026-09-10
$SPX,7591.7,2026-10-07,27,Call,"8,000.00",-5.38%,4.1,4.18,4.6,1508,3116,0.48,14.45%,10.84%,0.047387,2026-09-10
$SPX,7591.7,2026-09-18,8,Put,"7,265.00",-4.30%,10.4,9.92,11,62,129,0.48,14.45%,22.74%,-0.089256,2026-09-10
$SPX,7591.7,2026-09-18,8,Put,"7,620.00",+0.37%,76.2,75.17,77.1,220,462,0.48,14.45%,14.34%,-0.555261,2026-09-10
$SPX,7591.7,2026-09-30,20,Call,"7,915.00",-4.26%,4.2,4.35,4.8,295,619,0.48,14.45%,10.62%,0.056448,2026-09-10
$SPX,7591.7,2026-09-28,18,Call,"7,700.00",-1.43%,44.8,44.26,45.8,123,256,0.48,14.45%,12.45%,0.332234,2026-09-10
$SPX,7591.7,2026-09-16,6,Call,"7,560.00",+0.42%,81.7,78.8,82.3,12,25,0.48,14.45%,16.06%,0.595792,2026-09-10
$SPX,7591.7,2026-11-20,71,Call,"8,060.00",-6.17%,36.5,38.73,37.8,10,21,0.48,14.45%,12.29%,0.172499,2026-09-10
$SPX,7591.7,2026-10-01,21,Call,"7,850.00",-3.40%,12.1,12.41,12.9,95,198,0.48,14.45%,11.22%,0.124669,2026-09-10
$SPX,7591.7,2026-11-03,54,Call,"8,050.00",-6.04%,19.6,21.14,21.4,19,40,0.48,14.45%,11.70%,0.12347,2026-09-10
$SPX,7591.7,2026-11-30,81,Put,"7,030.00",-7.40%,71.9,70.42,73.3,10,21,0.48,14.45%,20.34%,-0.177569,2026-09-10
$SPX,7591.7,2026-09-17,7,Put,"7,525.00",-0.88%,39,40.13,39.5,149,309,0.48,14.45%,16.57%,-0.336634,2026-09-10
$SPX,7591.7,2026-09-17,7,Put,"6,875.00",-9.44%,2.05,2.2,2.25,11,23,0.48,14.45%,34.16%,-0.016433,2026-09-10
$SPX,7591.7,2026-09-17,7,Put,"6,650.00",-12.40%,1.25,1.35,1.45,12,25,0.48,14.45%,41.20%,-0.009116,2026-09-10
$SPX,7591.7,2026-10-16,36,Put,"7,560.00",-0.42%,110.7,112.86,112.9,108,225,0.48,14.45%,14.52%,-0.431624,2026-09-10
$SPX,7591.7,2026-10-16,36,Put,"7,585.00",-0.09%,121.2,123.03,122,43,89,0.48,14.45%,14.34%,-0.460465,2026-09-10
$SPX,7591.7,2026-10-16,36,Put,"7,560.00",-0.42%,112.9,113.5,113.8,38,79,0.48,14.45%,14.69%,-0.431941,2026-09-10
$SPX,7591.7,2026-10-16,36,Put,"7,210.00",-5.03%,45,46.47,45.7,51,106,0.48,14.45%,19.44%,-0.176724,2026-09-10
$SPX,7591.7,2027-03-31,202,Put,"5,350.00",-29.53%,36,36.2,37.3,18,38,0.47,14.45%,31.66%,-0.045604,2026-09-10
$SPX,7591.7,2027-06-17,280,Put,"8,250.00",+8.67%,625.8,630.36,629.9,180,387,0.47,14.45%,0.00%,0,2026-09-10
$SPX,7591.7,2026-10-01,21,Put,"7,100.00",-6.48%,17.6,18.52,18.5,59,126,0.47,14.45%,22.21%,-0.093536,2026-09-10
$SPX,7591.7,2026-10-16,36,Put,"7,660.00",+0.90%,148.6,152.03,150.7,317,676,0.47,14.45%,13.15%,-0.557788,2026-09-10
$SPX,7591.7,2026-10-05,25,Put,"6,975.00",-8.12%,15.2,15.51,16.1,14,30,0.47,14.45%,23.43%,-0.07357,2026-09-10
$SPX,7591.7,2027-01-15,127,Call,"7,950.00",-4.72%,140,140.6,141.9,17,36,0.47,14.45%,13.60%,0.356521,2026-09-10
$SPX,7591.7,2026-09-18,8,Call,"7,645.00",-0.70%,45.4,47.1,46,107,226,0.47,14.45%,14.82%,0.392954,2026-09-10
$SPX,7591.7,2026-09-30,20,Put,"7,590.00",-0.02%,92.4,92.2,93.1,69,147,0.47,14.45%,14.10%,-0.473486,2026-09-10
$SPX,7591.7,2026-09-18,8,Put,"7,290.00",-3.97%,11.9,12.25,12.3,137,292,0.47,14.45%,22.15%,-0.101089,2026-09-10
$SPX,7591.7,2026-09-18,8,Put,"7,500.00",-1.21%,37.8,36.84,38.3,1432,3066,0.47,14.45%,17.30%,-0.303661,2026-09-10
$SPX,7591.7,2026-09-24,14,Call,"7,690.00",-1.29%,40.7,38.8,41.6,50,107,0.47,14.45%,12.94%,0.329881,2026-09-10
$SPX,7591.7,2026-09-24,14,Call,"7,680.00",-1.16%,44.9,44,45.9,20,43,0.47,14.45%,13.11%,0.350713,2026-09-10
$SPX,7591.7,2026-11-20,71,Call,"7,700.00",-1.43%,167.4,165.64,168.6,390,823,0.47,14.45%,14.43%,0.469144,2026-09-10
$SPX,7591.7,2026-09-25,15,Call,"7,975.00",-5.05%,0.85,0.97,1.1,260,556,0.47,14.45%,10.96%,0.016249,2026-09-10
$SPX,7591.7,2026-11-30,81,Call,"7,700.00",-1.43%,180.8,181.7,182.6,209,441,0.47,14.45%,14.22%,0.478053,2026-09-10
$SPX,7591.7,2026-11-20,71,Put,"7,655.00",+0.83%,196.7,201.24,198.8,55,119,0.46,14.45%,14.06%,-0.51365,2026-09-10
$SPX,7591.7,2026-11-20,71,Put,"7,560.00",-0.42%,162.8,163.99,164.8,87,189,0.46,14.45%,15.05%,-0.432446,2026-09-10
$SPX,7591.7,2026-09-18,8,Call,"7,945.00",-4.65%,0.3,0.35,0.5,83,181,0.46,14.45%,12.60%,0.008517,2026-09-10
$SPX,7591.7,2026-09-18,8,Put,"7,310.00",-3.71%,13.2,14.2,13.6,87,189,0.46,14.45%,21.69%,-0.11193,2026-09-10
$SPX,7591.7,2026-10-16,36,Call,"7,770.00",-2.35%,62,63.3,62.8,45,97,0.46,14.45%,12.82%,0.32071,2026-09-10
$SPX,7591.7,2026-09-30,20,Call,"8,025.00",-5.71%,1,1.22,1.3,219,477,0.46,14.45%,10.71%,0.016921,2026-09-10
$SPX,7591.7,2026-09-16,6,Call,"7,845.00",-3.34%,0.45,0.55,0.6,86,189,0.46,14.45%,11.34%,0.013612,2026-09-10
$SPX,7591.7,2026-09-16,6,Call,"7,800.00",-2.74%,1.4,1.45,1.65,931,2024,0.46,14.45%,11.35%,0.035026,2026-09-10
$SPX,7591.7,2026-10-08,28,Call,"7,900.00",-4.06%,13.4,14.05,14.4,56,122,0.46,14.45%,11.26%,0.12071,2026-09-10
$SPX,7591.7,2026-09-25,15,Put,"7,475.00",-1.54%,49.3,50.28,49.8,210,457,0.46,14.45%,16.50%,-0.302379,2026-09-10
$SPX,7591.7,2026-11-30,81,Put,"7,550.00",-0.55%,170.3,171.14,172,86,185,0.46,14.45%,15.14%,-0.423864,2026-09-10
$SPX,7591.7,2027-03-31,202,Put,"6,675.00",-12.08%,114.4,115.08,116.5,26,56,0.46,14.45%,22.09%,-0.163809,2026-09-10
$SPX,7591.7,2026-09-17,7,Put,"7,370.00",-2.92%,14.7,15.4,15.1,54,117,0.46,14.45%,20.22%,-0.136735,2026-09-10
$SPX,7591.7,2026-09-17,7,Put,"5,200.00",-31.50%,0.05,0.1,0.2,458,987,0.46,14.45%,84.85%,-0.000513,2026-09-10
$SPX,7591.7,2026-11-20,71,Put,"7,420.00",-2.26%,127.2,129.4,128.5,11,24,0.46,14.45%,16.70%,-0.335886,2026-09-10
$SPX,7591.7,2026-10-16,36,Put,"5,150.00",-32.16%,2,2.23,2.4,1901,4089,0.46,14.45%,50.54%,-0.005455,2026-09-10
$SPX,7591.7,2026-09-29,19,Put,"7,660.00",+0.90%,117.9,123.61,119.1,18,39,0.46,14.45%,12.58%,-0.603132,2026-09-10
$SPX,7591.7,2026-11-03,54,Put,"7,100.00",-6.48%,53.2,55.54,55.2,10,22,0.45,14.45%,20.17%,-0.167456,2026-09-10
$SPX,7591.7,2026-10-01,21,Put,"7,450.00",-1.87%,56.2,55.07,57.3,41,91,0.45,14.45%,16.51%,-0.294658,2026-09-10
$SPX,7591.7,2026-10-16,36,Put,"7,545.00",-0.62%,108.2,109.4,109.1,21,47,0.45,14.45%,14.90%,-0.415377,2026-09-10
$SPX,7591.7,2026-10-16,36,Put,"7,755.00",+2.15%,198.8,200.2,200.1,14,31,0.45,14.45%,11.89%,-0.704865,2026-09-10
$SPX,7591.7,2026-10-16,36,Put,"7,265.00",-4.30%,51.5,50.4,52.2,23,51,0.45,14.45%,18.70%,-0.202551,2026-09-10
$SPX,7591.7,2026-10-23,43,Call,"8,150.00",-7.35%,5.1,5.3,5.6,95,209,0.45,14.45%,11.30%,0.044832,2026-09-10
$SPX,7591.7,2027-07-16,309,Put,"6,750.00",-11.09%,178.2,178.43,180.7,84,185,0.45,14.45%,21.23%,-0.201316,2026-09-10
$SPX,7591.7,2026-09-28,18,Put,"7,625.00",+0.44%,99.2,93.42,100.4,53,117,0.45,14.45%,13.12%,-0.538045,2026-09-10
$SPX,7591.7,2026-09-28,18,Put,"7,590.00",-0.02%,85.5,84.83,86.6,29,64,0.45,14.45%,13.77%,-0.47426,2026-09-10
$SPX,7591.7,2026-09-18,8,Put,"5,200.00",-31.50%,0.1,0.15,0.25,419,926,0.45,14.45%,81.52%,-0.000686,2026-09-10
$SPX,7591.7,2026-09-18,8,Put,"7,610.00",+0.24%,71.8,70.81,72.7,263,591,0.45,14.45%,14.59%,-0.529684,2026-09-10
$SPX,7591.7,2026-10-05,25,Call,"7,775.00",-2.41%,34.7,34.1,35.8,65,145,0.45,14.45%,11.95%,0.252095,2026-09-10
$SPX,7591.7,2026-10-23,43,Call,"7,875.00",-3.73%,40.2,39.8,41.5,17,38,0.45,14.45%,12.20%,0.226624,2026-09-10
$SPX,7591.7,2026-10-16,36,Call,"7,785.00",-2.55%,54.8,54.8,56.8,135,299,0.45,14.45%,12.56%,0.299791,2026-09-10
$SPX,7591.7,2026-09-17,7,Call,"7,930.00",-4.46%,0.15,0.25,0.35,49,108,0.45,14.45%,12.30%,0.006032,2026-09-10
$SPX,7591.7,2026-11-20,71,Call,"7,675.00",-1.10%,181.2,179.22,183.2,170,380,0.45,14.45%,14.64%,0.490051,2026-09-10
$SPX,7591.7,2026-09-30,20,Call,"7,720.00",-1.69%,43.6,43.1,44.2,60,134,0.45,14.45%,12.50%,0.31192,2026-09-10
$SPX,7591.7,2026-09-18,8,Put,"7,090.00",-6.61%,5.1,5.05,5.4,631,1424,0.44,14.45%,27.26%,-0.041576,2026-09-10
$SPX,7591.7,2026-09-25,15,Put,"7,570.00",-0.29%,74.7,76.75,75.3,1936,4388,0.44,14.45%,14.67%,-0.440663,2026-09-10
$SPX,7591.7,2026-09-18,8,Put,"7,135.00",-6.02%,5.9,6.32,6.4,40,91,0.44,14.45%,26.03%,-0.049636,2026-09-10
$SPX,7591.7,2026-10-16,36,Call,"7,690.00",-1.29%,97.7,94.5,99.1,51,116,0.44,14.45%,13.66%,0.423408,2026-09-10
$SPX,7591.7,2026-11-20,71,Put,"7,550.00",-0.55%,159.8,160.8,161.7,1372,3125,0.44,14.45%,15.16%,-0.424492,2026-09-10
$SPX,7591.7,2026-09-18,8,Put,"7,375.00",-2.85%,18.6,19.15,19.1,508,1161,0.44,14.45%,20.18%,-0.15671,2026-09-10
$SPX,7591.7,2026-10-01,21,Call,"7,800.00",-2.74%,21.6,21.29,22.6,128,294,0.44,14.45%,11.71%,0.190635,2026-09-10
$SPX,7591.7,2026-09-18,8,Put,"7,455.00",-1.80%,29.2,28.41,29.7,109,246,0.44,14.45%,18.36%,-0.239558,2026-09-10
$SPX,7591.7,2026-09-18,8,Call,"7,870.00",-3.67%,1,1.1,1.2,280,640,0.44,14.45%,11.80%,0.022386,2026-09-10
$SPX,7591.7,2026-11-20,71,Put,"7,545.00",-0.62%,160.8,160.6,162.3,11,25,0.44,14.45%,15.40%,-0.421359,2026-09-10
$SPX,7591.7,2026-10-23,43,Put,"7,125.00",-6.15%,43.7,45.16,45,59,133,0.44,14.45%,20.15%,-0.156818,2026-09-10
$SPX,7591.7,2026-10-05,25,Put,"7,500.00",-1.21%,73.6,74.97,74.9,38,87,0.44,14.45%,15.33%,-0.354872,2026-09-10
$SPX,7591.7,2026-09-23,13,Put,"7,325.00",-3.51%,21.4,18.35,22.2,72,162,0.44,14.45%,19.24%,-0.150313,2026-09-10
$SPX,7591.7,2026-11-03,54,Put,"6,900.00",-9.11%,37.2,37.31,38.9,13,30,0.43,14.45%,22.54%,-0.114621,2026-09-10
$SPX,7591.7,2027-05-21,253,Put,"7,275.00",-4.17%,242.7,243.5,245.4,48,111,0.43,14.45%,18.23%,-0.313278,2026-09-10
$SPX,7591.7,2026-10-01,21,Put,"7,640.00",+0.64%,114.6,119.9,115.8,12,28,0.43,14.45%,13.27%,-0.556464,2026-09-10
$SPX,7591.7,2026-10-01,21,Put,"5,200.00",-31.50%,0.7,0.67,0.95,111,259,0.43,14.45%,57.97%,-0.002522,2026-09-10
$SPX,7591.7,2026-10-16,36,Put,"7,445.00",-1.93%,80.4,81.46,82.3,770,1806,0.43,14.45%,16.13%,-0.319548,2026-09-10
$SPX,7591.7,2026-10-16,36,Put,"7,020.00",-7.53%,29.2,27.97,29.7,36,83,0.43,14.45%,22.03%,-0.112402,2026-09-10
$SPX,7591.7,2026-09-18,8,Put,"6,620.00",-12.80%,1.6,1.55,1.85,45,104,0.43,14.45%,40.99%,-0.010745,2026-09-10
$SPX,7591.7,2026-10-07,27,Call,"7,975.00",-5.05%,5.2,5.45,6,23,53,0.43,14.45%,10.84%,0.058887,2026-09-10
$SPX,7591.7,2026-09-30,20,Call,"7,245.00",+4.57%,380.1,386.56,404.1,10,23,0.43,14.45%,21.04%,0.844779,2026-09-10
$SPX,7591.7,2026-09-24,14,Call,"7,900.00",-4.06%,1.95,2.05,2.25,69,159,0.43,14.45%,10.67%,0.033826,2026-09-10
$SPX,7591.7,2026-10-07,27,Put,"7,475.00",-1.54%,72.5,75.34,73.8,16,37,0.43,14.45%,15.85%,-0.332949,2026-09-10
$SPX,7591.7,2026-10-06,26,Put,"5,400.00",-28.87%,1.4,1.37,1.7,23,53,0.43,14.45%,50.68%,-0.004616,2026-09-10
$SPX,7591.7,2026-09-30,20,Put,"6,765.00",-10.89%,6.9,6.8,7.5,12,28,0.43,14.45%,28.21%,-0.035377,2026-09-10
$SPX,7591.7,2026-09-18,8,Put,"7,535.00",-0.75%,46.3,46.94,46.9,118,275,0.43,14.45%,16.46%,-0.36434,2026-09-10
$SPX,7591.7,2026-09-29,19,Call,"7,830.00",-3.14%,11.4,11.37,12.2,11,26,0.42,14.45%,10.98%,0.126014,2026-09-10
$SPX,7591.7,2027-01-15,127,Call,"7,450.00",+1.87%,431.1,427,433,10,24,0.42,14.45%,16.86%,0.645799,2026-09-10
$SPX,7591.7,2026-10-16,36,Call,"7,785.00",-2.55%,56.2,55.05,57.3,22,52,0.42,14.45%,12.67%,0.301567,2026-09-10
$SPX,7591.7,2026-09-23,13,Call,"7,600.00",-0.11%,83,82.45,84,16,38,0.42,14.45%,14.48%,0.508373,2026-09-10
$SPX,7591.7,2026-09-25,15,Call,"8,400.00",-10.65%,0.1,0.17,0.25,130,308,0.42,14.45%,17.21%,0.002259,2026-09-10
$SPX,7591.7,2026-10-01,21,Call,"7,950.00",-4.72%,3.3,3.45,3.8,61,145,0.42,14.45%,10.72%,0.044677,2026-09-10
$SPX,7591.7,2026-10-05,25,Call,"7,750.00",-2.09%,43,41.71,44.2,82,197,0.42,14.45%,12.23%,0.29073,2026-09-10
$SPX,7591.7,2026-09-23,13,Call,"7,600.00",-0.11%,83,82.45,84,16,38,0.42,14.45%,14.48%,0.508373,2026-09-10
$SPX,7591.7,2026-09-29,19,Call,"7,830.00",-3.14%,11.4,11.37,12.2,11,26,0.42,14.45%,10.98%,0.126014,2026-09-10
$SPX,7591.7,2026-10-16,36,Call,"7,785.00",-2.55%,56.2,55.05,57.3,22,52,0.42,14.45%,12.67%,0.301567,2026-09-10
$SPX,7591.7,2026-09-18,8,Put,"7,600.00",+0.11%,67.8,66.87,68.5,1694,4067,0.42,14.45%,14.85%,-0.504721,2026-09-10
$SPX,7591.7,2026-09-18,8,Put,"7,490.00",-1.34%,35.7,36.47,36.2,182,438,0.42,14.45%,17.54%,-0.288183,2026-09-10
$SPX,7591.7,2026-10-08,28,Put,"7,150.00",-5.82%,28.9,29.19,30,25,60,0.42,14.45%,20.69%,-0.131668,2026-09-10
$SPX,7591.7,2026-09-17,7,Put,"7,640.00",+0.64%,81.9,85.3,82.5,82,197,0.42,14.45%,13.69%,-0.618979,2026-09-10
$SPX,7591.7,2026-09-17,7,Put,"7,375.00",-2.85%,15.2,16,15.6,76,182,0.42,14.45%,20.12%,-0.140991,2026-09-10
$SPX,7591.7,2026-11-20,71,Put,"7,520.00",-0.94%,153.4,155.28,154.8,11,26,0.42,14.45%,15.66%,-0.402548,2026-09-10
$SPX,7591.7,2026-09-16,6,Put,"7,330.00",-3.45%,8.4,8.9,8.7,38,90,0.42,14.45%,20.91%,-0.089715,2026-09-10
$SPX,7591.7,2026-09-16,6,Put,"7,000.00",-7.79%,1.85,2,2.05,131,310,0.42,14.45%,30.62%,-0.017829,2026-09-10
$SPX,7591.7,2026-10-16,36,Put,"7,270.00",-4.24%,50.6,50.97,52.4,255,608,0.42,14.45%,18.49%,-0.203363,2026-09-10
$SPX,7591.7,2026-10-23,43,Put,"7,640.00",+0.64%,151.7,149.81,153.3,21,50,0.42,14.45%,13.61%,-0.522402,2026-09-10
$SPX,7591.7,2026-10-23,43,Put,"7,350.00",-3.18%,72.8,74.07,74.1,49,116,0.42,14.45%,17.31%,-0.262285,2026-09-10
$SPX,7591.7,2026-10-23,43,Put,"6,550.00",-13.72%,15.5,14.2,16.4,22,52,0.42,14.45%,27.78%,-0.050757,2026-09-10
$SPX,7591.7,2026-09-23,13,Put,"7,440.00",-2.00%,36.5,37.2,37.3,10,24,0.42,14.45%,17.09%,-0.24933,2026-09-10
$SPX,7591.7,2026-10-16,36,Put,"7,590.00",-0.02%,122.9,124.44,123.9,84,199,0.42,14.45%,14.27%,-0.466305,2026-09-10
$SPX,7591.7,2026-10-16,36,Put,"7,360.00",-3.05%,65.3,67.82,66.5,26,62,0.42,14.45%,17.41%,-0.25762,2026-09-10
$SPX,7591.7,2026-10-16,36,Put,"7,145.00",-5.88%,38.4,39.1,39.4,15,36,0.42,14.45%,20.32%,-0.150778,2026-09-10
$SPX,7591.7,2026-11-30,81,Put,"7,720.00",+1.69%,234.5,230.26,236.2,14,34,0.41,14.45%,13.46%,-0.568133,2026-09-10
$SPX,7591.7,2027-05-21,253,Put,"6,475.00",-14.71%,119.1,119.67,121,14,34,0.41,14.45%,23.08%,-0.147745,2026-09-10
$SPX,7591.7,2026-09-17,7,Put,"7,665.00",+0.97%,95.8,88.48,96.4,14,34,0.41,14.45%,13.00%,-0.693884,2026-09-10
$SPX,7591.7,2026-09-18,8,Call,"7,610.00",-0.24%,63.9,61.63,64.6,207,509,0.41,14.45%,15.65%,0.476864,2026-09-10
$SPX,7591.7,2026-09-18,8,Call,"7,895.00",-4.00%,0.6,0.6,0.85,145,353,0.41,14.45%,11.94%,0.01528,2026-09-10
$SPX,7591.7,2026-09-25,15,Call,"7,740.00",-1.95%,26.8,28,27.3,54,131,0.41,14.45%,12.40%,0.242714,2026-09-10
$SPX,7591.7,2026-09-25,15,Call,"7,980.00",-5.11%,0.75,0.94,1.05,101,244,0.41,14.45%,10.96%,0.015127,2026-09-10
$SPX,7591.7,2026-10-05,25,Call,"7,720.00",-1.69%,54.6,54,55.9,14,34,0.41,14.45%,12.59%,0.338482,2026-09-10
$SPX,7591.7,2026-09-18,8,Put,"7,355.00",-3.12%,16.7,18.42,17.1,90,221,0.41,14.45%,20.63%,-0.140987,2026-09-10
$SPX,7591.7,2026-10-06,26,Put,"7,530.00",-0.81%,84.2,85.66,85.6,17,41,0.41,14.45%,14.94%,-0.391863,2026-09-10
$SPX,7591.7,2026-09-30,20,Call,"7,740.00",-1.95%,36,35.36,37,125,312,0.4,14.45%,12.21%,0.276624,2026-09-10
$SPX,7591.7,2027-01-29,141,Call,"7,500.00",+1.21%,418.2,410.14,420.5,10,25,0.4,14.45%,16.57%,0.623216,2026-09-10
$SPX,7591.7,2027-07-16,309,Call,"8,625.00",-13.61%,129.7,130.65,131.8,150,378,0.4,14.45%,13.61%,0.246157,2026-09-10
$SPX,7591.7,2026-09-25,15,Call,"7,630.00",-0.50%,74.4,72,75.5,23,57,0.4,14.45%,14.27%,0.457016,2026-09-10
$SPX,7591.7,2026-10-08,28,Call,"7,620.00",-0.37%,115,111.9,116.5,12,30,0.4,14.45%,14.21%,0.498364,2026-09-10
$SPX,7591.7,2026-09-16,6,Call,"7,715.00",-1.62%,10.6,10.31,10.9,44,110,0.4,14.45%,12.46%,0.167667,2026-09-10
$SPX,7591.7,2026-09-16,6,Call,"7,730.00",-1.82%,7.8,7.3,8.1,321,802,0.4,14.45%,12.19%,0.133739,2026-09-10
$SPX,7591.7,2026-09-16,6,Call,"7,900.00",-4.06%,0.15,0.21,0.35,213,533,0.4,14.45%,12.27%,0.006483,2026-09-10
$SPX,7591.7,2026-10-16,36,Call,"7,940.00",-4.59%,17.1,17.5,18.3,120,298,0.4,14.45%,11.50%,0.13073,2026-09-10
$SPX,7591.7,2026-09-29,19,Call,"7,890.00",-3.93%,4.9,6.2,5.5,21,53,0.4,14.45%,10.56%,0.0656,2026-09-10
$SPX,7591.7,2026-09-18,8,Put,"7,225.00",-4.83%,8.7,9.2,9.1,283,705,0.4,14.45%,23.72%,-0.073749,2026-09-10
$SPX,7591.7,2026-09-18,8,Put,"7,155.00",-5.75%,6.5,6.7,6.8,34,86,0.4,14.45%,25.51%,-0.054026,2026-09-10
$SPX,7591.7,2026-10-06,26,Put,"7,450.00",-1.87%,64.6,66.4,65.8,21,52,0.4,14.45%,16.18%,-0.305841,2026-09-10
$SPX,7591.7,2027-08-20,344,Put,"5,875.00",-22.61%,99.1,97.1,100.8,16,40,0.4,14.45%,25.81%,-0.100642,2026-09-10
$SPX,7591.7,2026-09-28,18,Put,"7,610.00",+0.24%,93.1,92.28,94.2,17,42,0.4,14.45%,13.40%,-0.509686,2026-09-10
$SPX,7591.7,2026-11-20,71,Put,"7,615.00",+0.31%,181.5,185.07,183.6,37,92,0.4,14.45%,14.48%,-0.477813,2026-09-10
$SPX,7591.7,2026-09-25,15,Put,"6,975.00",-8.12%,7.8,8.17,8.1,114,283,0.4,14.45%,25.82%,-0.047356,2026-09-10
$SPX,7591.7,2026-10-08,28,Put,"7,025.00",-7.46%,21.1,21.93,22,58,144,0.4,14.45%,22.57%,-0.094606,2026-09-10
$SPX,7591.7,2026-10-08,28,Put,"5,000.00",-34.14%,0.95,1.15,1.25,21,52,0.4,14.45%,56.65%,-0.002926,2026-09-10
$SPX,7591.7,2026-10-01,21,Put,"7,050.00",-7.14%,15.3,15.55,16.1,27,68,0.4,14.45%,23.05%,-0.080624,2026-09-10
$SPX,7591.7,2026-11-20,71,Put,"7,425.00",-2.20%,128.4,130.6,129.5,18,45,0.4,14.45%,16.64%,-0.338831,2026-09-10
$SPX,7591.7,2026-11-20,71,Put,"7,030.00",-7.40%,65.4,65.2,66.6,16,40,0.4,14.45%,20.81%,-0.170597,2026-09-10
$SPX,7591.7,2026-09-16,6,Put,"5,400.00",-28.87%,0.05,0.11,0.15,454,1123,0.4,14.45%,81.65%,-0.000466,2026-09-10
$SPX,7591.7,2026-10-16,36,Put,"7,335.00",-3.38%,59.7,61.37,61.6,113,285,0.4,14.45%,17.60%,-0.239965,2026-09-10
$SPX,7591.7,2026-10-16,36,Put,"6,160.00",-18.86%,7,7.3,7.7,225,566,0.4,14.45%,34.79%,-0.022845,2026-09-10
$SPX,7591.7,2026-09-25,15,Put,"7,320.00",-3.58%,25.7,26.57,26.1,37,94,0.39,14.45%,19.31%,-0.162364,2026-09-10
$SPX,7591.7,2026-10-01,21,Put,"7,475.00",-1.54%,61.5,62.73,62.7,46,118,0.39,14.45%,16.09%,-0.320792,2026-09-10
$SPX,7591.7,2026-09-17,7,Put,"6,925.00",-8.78%,2.3,2.35,2.55,22,56,0.39,14.45%,32.60%,-0.019082,2026-09-10
$SPX,7591.7,2026-09-16,6,Put,"7,230.00",-4.76%,4.6,4.8,4.9,31,79,0.39,14.45%,23.52%,-0.049219,2026-09-10
$SPX,7591.7,2026-10-16,36,Put,"7,615.00",+0.31%,130.1,133.6,132.1,137,347,0.39,14.45%,13.77%,-0.497692,2026-09-10
$SPX,7591.7,2026-10-16,36,Put,"6,960.00",-8.32%,24.8,25.23,26.1,311,804,0.39,14.45%,22.74%,-0.097,2026-09-10
$SPX,7591.7,2026-10-23,43,Put,"6,950.00",-8.45%,30.8,31.41,31.8,27,69,0.39,14.45%,22.42%,-0.107991,2026-09-10
$SPX,7591.7,2026-09-18,8,Call,"7,630.00",-0.50%,52.9,54.8,53.5,151,384,0.39,14.45%,15.16%,0.429517,2026-09-10
$SPX,7591.7,2026-09-18,8,Call,"7,690.00",-1.29%,26.6,27.13,27.1,173,447,0.39,14.45%,13.84%,0.281264,2026-09-10
$SPX,7591.7,2026-09-18,8,Call,"7,750.00",-2.09%,10.7,11.5,11.1,667,1701,0.39,14.45%,12.74%,0.148533,2026-09-10
$SPX,7591.7,2026-09-18,8,Call,"7,820.00",-3.01%,2.8,3.08,3,821,2091,0.39,14.45%,11.91%,0.051871,2026-09-10
$SPX,7591.7,2026-10-07,27,Call,"8,100.00",-6.70%,1.45,1.61,1.75,23,59,0.39,14.45%,10.98%,0.019461,2026-09-10
$SPX,7591.7,2026-09-28,18,Call,"7,770.00",-2.35%,21.4,20.72,22.3,29,74,0.39,14.45%,11.47%,0.203749,2026-09-10
$SPX,7591.7,2026-09-25,15,Call,"7,780.00",-2.48%,16.4,17.4,16.8,59,151,0.39,14.45%,11.84%,0.171858,2026-09-10
$SPX,7591.7,2026-11-30,81,Call,"7,805.00",-2.81%,127.4,129.1,129.1,11,28,0.39,14.45%,13.46%,0.391426,2026-09-10
$SPX,7591.7,2026-09-17,7,Call,"7,770.00",-2.35%,5.1,4.9,5.4,356,904,0.39,14.45%,12.05%,0.089962,2026-09-10
$SPX,7591.7,2026-09-16,6,Call,"8,100.00",-6.70%,0.05,0.15,0.2,18,46,0.39,14.45%,17.72%,0.002452,2026-09-10
$SPX,7591.7,2026-10-05,25,Call,"7,690.00",-1.29%,68,67.21,69.3,31,79,0.39,14.45%,12.99%,0.38651,2026-09-10
$SPX,7591.7,2026-09-18,8,Put,"7,560.00",-0.42%,53.6,52.73,54.2,252,640,0.39,14.45%,15.84%,-0.414073,2026-09-10
$SPX,7591.7,2026-09-30,20,Put,"7,470.00",-1.60%,58.4,60.53,59,72,187,0.39,14.45%,16.17%,-0.31228,2026-09-10
$SPX,7591.7,2026-09-18,8,Call,"7,530.00",+0.81%,116.7,111.28,117.6,27,71,0.38,14.45%,17.64%,0.639128,2026-09-10
$SPX,7591.7,2026-11-20,71,Call,"7,950.00",-4.72%,61.9,61.45,63.4,737,1935,0.38,14.45%,12.71%,0.252753,2026-09-10
$SPX,7591.7,2026-09-25,15,Call,"7,870.00",-3.67%,4.4,4.4,4.7,81,212,0.38,14.45%,11.01%,0.062426,2026-09-10
$SPX,7591.7,2026-11-30,81,Call,"7,410.00",+2.39%,375.1,391.88,376.6,12,32,0.38,14.45%,16.74%,0.674006,2026-09-10
$SPX,7591.7,2026-10-08,28,Call,"7,730.00",-1.82%,58.8,57.88,60.1,10,26,0.38,14.45%,12.77%,0.339431,2026-09-10
$SPX,7591.7,2026-11-20,71,Call,"7,910.00",-4.19%,74.8,73.3,75.7,29,77,0.38,14.45%,12.95%,0.286287,2026-09-10
$SPX,7591.7,2026-09-16,6,Call,"7,860.00",-3.53%,0.35,0.43,0.5,228,605,0.38,14.45%,11.59%,0.011038,2026-09-10
$SPX,7591.7,2026-10-16,36,Call,"7,710.00",-1.56%,86.4,85.7,88.3,113,297,0.38,14.45%,13.31%,0.396884,2026-09-10
$SPX,7591.7,2026-09-24,14,Call,"7,675.00",-1.10%,47.1,46.57,48.1,18,47,0.38,14.45%,13.19%,0.361087,2026-09-10
$SPX,7591.7,2026-09-18,8,Put,"7,230.00",-4.76%,8.8,8.8,9.4,41,107,0.38,14.45%,23.59%,-0.075487,2026-09-10
$SPX,7591.7,2026-10-07,27,Put,"7,075.00",-6.81%,22.5,24.05,23.4,60,160,0.38,14.45%,21.83%,-0.10416,2026-09-10
$SPX,7591.7,2026-11-20,71,Put,"7,455.00",-1.80%,133,136.03,135,100,263,0.38,14.45%,16.15%,-0.356495,2026-09-10
$SPX,7591.7,2026-11-30,81,Put,"7,630.00",+0.50%,197.7,201.92,199.3,17,45,0.38,14.45%,14.36%,-0.486649,2026-09-10
$SPX,7591.7,2026-11-30,81,Put,"7,660.00",+0.90%,209.1,209.5,210.8,23,60,0.38,14.45%,14.06%,-0.512032,2026-09-10
$SPX,7591.7,2026-11-03,54,Put,"7,450.00",-1.87%,108.6,107.8,111.2,20,52,0.38,14.45%,16.08%,-0.342926,2026-09-10
$SPX,7591.7,2026-09-17,7,Put,"5,800.00",-23.60%,0.25,0.25,0.4,91,238,0.38,14.45%,67.00%,-0.001568,2026-09-10
$SPX,7591.7,2026-09-16,6,Put,"7,600.00",+0.11%,57.3,56.2,57.8,708,1851,0.38,14.45%,14.24%,-0.510591,2026-09-10
$SPX,7591.7,2026-09-23,13,Put,"7,555.00",-0.48%,63.4,65.19,64.4,13,34,0.38,14.45%,14.85%,-0.411632,2026-09-10
$SPX,7591.7,2026-09-23,13,Put,"7,425.00",-2.20%,34.2,34.5,34.7,99,264,0.38,14.45%,17.39%,-0.233502,2026-09-10
$SPX,7591.7,2026-10-16,36,Put,"7,635.00",+0.57%,139.6,140.23,141,30,80,0.38,14.45%,13.63%,-0.523499,2026-09-10
$SPX,7591.7,2026-11-30,81,Put,"7,525.00",-0.88%,162.7,163.07,164.4,51,137,0.37,14.45%,15.38%,-0.406067,2026-09-10
$SPX,7591.7,2026-10-01,21,Put,"7,200.00",-5.16%,23.9,25.6,24.8,50,135,0.37,14.45%,20.56%,-0.127769,2026-09-10
$SPX,7591.7,2026-09-24,14,Put,"7,430.00",-2.13%,37.7,39.42,38.6,15,41,0.37,14.45%,17.32%,-0.245979,2026-09-10
$SPX,7591.7,2026-09-24,14,Put,"7,250.00",-4.50%,17.6,19.35,18,38,102,0.37,14.45%,20.63%,-0.116733,2026-09-10
$SPX,7591.7,2026-10-07,27,Call,"8,175.00",-7.68%,0.75,0.89,1.15,10,27,0.37,14.45%,11.49%,0.011715,2026-09-10
$SPX,7591.7,2026-09-30,20,Call,"7,730.00",-1.82%,39.9,39,40.4,82,219,0.37,14.45%,12.36%,0.294342,2026-09-10
$SPX,7591.7,2026-09-30,20,Call,"7,735.00",-1.89%,38.1,37.8,38.6,48,129,0.37,14.45%,12.30%,0.285605,2026-09-10
$SPX,7591.7,2026-09-30,20,Call,"7,745.00",-2.02%,34.6,33.5,35.1,33,89,0.37,14.45%,12.16%,0.268116,2026-09-10
$SPX,7591.7,2027-12-17,463,Call,"9,400.00",-23.82%,90.3,96.96,97.4,3000,8136,0.37,14.45%,13.61%,0.163181,2026-09-10
$SPX,7591.7,2026-09-28,18,Call,"7,975.00",-5.05%,1.15,1.24,1.45,52,140,0.37,14.45%,10.38%,0.020327,2026-09-10
$SPX,7591.7,2026-09-25,15,Call,"7,700.00",-1.43%,40.9,40.24,41.4,672,1801,0.37,14.45%,13.02%,0.32029,2026-09-10
$SPX,7591.7,2026-09-17,7,Call,"7,725.00",-1.76%,12.2,11.8,12.5,220,597,0.37,14.45%,12.71%,0.173428,2026-09-10
$SPX,7591.7,2026-09-16,6,Call,"7,870.00",-3.67%,0.3,0.3,0.45,121,324,0.37,14.45%,11.78%,0.009719,2026-09-10
$SPX,7591.7,2026-10-16,36,Call,"7,860.00",-3.53%,32.4,32.35,34,85,227,0.37,14.45%,11.96%,0.209473,2026-09-10
$SPX,7591.7,2027-01-15,127,Put,"7,700.00",+1.43%,267.1,267,269,11,30,0.37,14.45%,14.16%,-0.518703,2026-09-10
$SPX,7591.7,2026-09-28,18,Put,"5,600.00",-26.24%,0.8,0.9,1.1,11,30,0.37,14.45%,52.05%,-0.003424,2026-09-10
$SPX,7591.7,2026-11-20,71,Put,"7,430.00",-2.13%,126.9,130.1,128.9,101,272,0.37,14.45%,16.41%,-0.340456,2026-09-10
$SPX,7591.7,2026-11-20,71,Put,"7,270.00",-4.24%,95.3,97.3,96.7,87,236,0.37,14.45%,18.09%,-0.255635,2026-09-10
$SPX,7591.7,2026-11-20,71,Put,"5,825.00",-23.27%,13.5,13.39,14.1,1171,3139,0.37,14.45%,34.02%,-0.0297,2026-09-10
$SPX,7591.7,2026-11-20,71,Put,"3,000.00",-60.48%,0.45,0.55,0.75,1003,2743,0.37,14.45%,71.07%,-0.000846,2026-09-10
$SPX,7591.7,2026-09-18,8,Call,"7,570.00",+0.29%,88.8,84.3,89.4,59,162,0.36,14.45%,16.63%,0.563923,2026-09-10
$SPX,7591.7,2026-09-18,8,Call,"7,780.00",-2.48%,6.2,6.05,6.5,533,1472,0.36,14.45%,12.30%,0.098086,2026-09-10
$SPX,7591.7,2026-09-18,8,Call,"7,865.00",-3.60%,1.1,1.14,1.3,161,444,0.36,14.45%,11.78%,0.024215,2026-09-10
$SPX,7591.7,2027-08-20,344,Call,"8,025.00",-5.71%,401.9,401.1,405,10,28,0.36,14.45%,15.82%,0.484125,2026-09-10
$SPX,7591.7,2026-09-28,18,Call,"7,660.00",-0.90%,63.1,65.48,64.3,15,42,0.36,14.45%,13.09%,0.408232,2026-09-10
$SPX,7591.7,2026-09-28,18,Call,"7,890.00",-3.93%,3.9,4.25,4.6,22,61,0.36,14.45%,10.41%,0.057187,2026-09-10
$SPX,7591.7,2026-09-17,7,Call,"7,580.00",+0.15%,75.3,73.9,75.8,69,191,0.36,14.45%,15.93%,0.544802,2026-09-10
$SPX,7591.7,2026-09-17,7,Call,"7,700.00",-1.43%,18.5,19,18.9,309,870,0.36,14.45%,13.19%,0.233131,2026-09-10
$SPX,7591.7,2026-09-16,6,Call,"7,640.00",-0.64%,35.4,35.2,35.9,45,125,0.36,14.45%,14.06%,0.378406,2026-09-10
$SPX,7591.7,2026-09-16,6,Call,"7,910.00",-4.19%,0.15,0.25,0.3,114,320,0.36,14.45%,12.47%,0.005804,2026-09-10
$SPX,7591.7,2026-09-18,8,Put,"7,285.00",-4.04%,11.6,11.5,12,140,388,0.36,14.45%,22.26%,-0.098571,2026-09-10
$SPX,7591.7,2026-09-18,8,Put,"7,170.00",-5.55%,6.9,6.7,7.2,37,104,0.36,14.45%,25.11%,-0.057577,2026-09-10
$SPX,7591.7,2027-01-15,127,Put,"8,040.00",+5.91%,442.3,445.09,445.6,16,45,0.36,14.45%,0.00%,0,2026-09-10
$SPX,7591.7,2026-11-06,57,Put,"6,200.00",-18.33%,15.1,14.1,16.1,20,55,0.36,14.45%,31.07%,-0.03969,2026-09-10
$SPX,7591.7,2027-03-19,190,Put,800.00,-89.46%,0.1,0.22,0.25,760,2127,0.36,14.45%,94.25%,-0.000118,2026-09-10
$SPX,7591.7,2026-11-20,71,Put,"7,630.00",+0.50%,190,192.7,191.5,38,107,0.36,14.45%,14.52%,-0.490875,2026-09-10
$SPX,7591.7,2026-09-16,6,Put,"6,950.00",-8.45%,1.6,1.7,1.8,134,372,0.36,14.45%,32.26%,-0.015044,2026-09-10
$SPX,7591.7,2026-10-16,36,Put,"6,150.00",-18.99%,6.9,7.2,7.6,968,2703,0.36,14.45%,34.94%,-0.022482,2026-09-10
$SPX,7591.7,2026-09-24,14,Put,"7,490.00",-1.34%,49.5,48.8,50.5,21,58,0.36,14.45%,16.20%,-0.316535,2026-09-10
$SPX,7591.7,2026-10-16,36,Put,"7,385.00",-2.72%,69.8,69.48,70.9,19,53,0.36,14.45%,17.08%,-0.274668,2026-09-10
$SPX,7591.7,2026-09-16,6,Put,"7,325.00",-3.51%,8.1,7.98,8.4,77,218,0.35,14.45%,21.01%,-0.086707,2026-09-10
$SPX,7591.7,2026-09-18,8,Put,"7,855.00",+3.47%,250.3,245.9,251.5,11,31,0.35,14.45%,0.00%,0,2026-09-10
$SPX,7591.7,2026-10-16,36,Put,"6,800.00",-10.43%,18.9,19.39,19.4,248,715,0.35,14.45%,25.16%,-0.070004,2026-09-10
$SPX,7591.7,2026-09-18,8,Call,"7,760.00",-2.22%,8.9,8.7,9.4,300,869,0.35,14.45%,12.58%,0.130184,2026-09-10
$SPX,7591.7,2026-09-18,8,Call,"7,800.00",-2.74%,4.2,4.6,4.5,1658,4779,0.35,14.45%,12.10%,0.072383,2026-09-10
$SPX,7591.7,2026-09-28,18,Call,"8,200.00",-8.01%,0.2,0.28,0.5,45,128,0.35,14.45%,13.10%,0.005045,2026-09-10
$SPX,7591.7,2026-09-25,15,Call,"7,670.00",-1.03%,53.7,51.09,54.8,39,111,0.35,14.45%,13.53%,0.379821,2026-09-10
$SPX,7591.7,2026-11-30,81,Call,"7,630.00",-0.50%,222.1,223.55,223.7,12,34,0.35,14.45%,14.78%,0.532195,2026-09-10
$SPX,7591.7,2026-11-03,54,Call,"7,700.00",-1.43%,130.8,128.68,133.4,27,78,0.35,14.45%,13.94%,0.446283,2026-09-10
$SPX,7591.7,2026-10-16,36,Call,"8,250.00",-8.67%,1.3,1.52,1.7,1044,3011,0.35,14.45%,11.62%,0.015389,2026-09-10
$SPX,7591.7,2026-10-16,36,Call,"8,290.00",-9.20%,0.95,1.24,1.6,47,135,0.35,14.45%,11.95%,0.012969,2026-09-10
$SPX,7591.7,2026-09-18,8,Call,"7,605.00",-0.18%,65.7,66,66.7,2916,8393,0.35,14.45%,15.55%,0.48805,2026-09-10
$SPX,7591.7,2026-09-18,8,Put,"7,235.00",-4.70%,9.1,9,9.5,38,109,0.35,14.45%,23.46%,-0.077244,2026-09-10
$SPX,7591.7,2026-09-25,15,Put,"7,545.00",-0.62%,66.6,66.14,67.6,43,122,0.35,14.45%,15.15%,-0.399417,2026-09-10
$SPX,7591.7,2026-09-25,15,Put,"7,645.00",+0.70%,104.2,101.4,105.3,19,54,0.35,14.45%,13.14%,-0.585355,2026-09-10
$SPX,7591.7,2026-09-18,8,Call,"7,715.00",-1.62%,18.7,17.5,19.2,270,787,0.34,14.45%,13.34%,0.221882,2026-09-10
$SPX,7591.7,2026-09-28,18,Call,"7,730.00",-1.82%,33.4,33.19,34.4,19,56,0.34,14.45%,12.01%,0.275461,2026-09-10
$SPX,7591.7,2026-11-30,81,Call,"7,675.00",-1.10%,195.1,191.46,196.8,25,74,0.34,14.45%,14.42%,0.497812,2026-09-10
$SPX,7591.7,2027-06-17,280,Call,"8,225.00",-8.34%,226.9,228.8,229.1,131,380,0.34,14.45%,14.38%,0.370636,2026-09-10
$SPX,7591.7,2026-09-16,6,Call,"7,775.00",-2.41%,2.7,3.1,2.9,317,923,0.34,14.45%,11.52%,0.058524,2026-09-10
$SPX,7591.7,2026-10-16,36,Call,"8,375.00",-10.32%,0.7,0.82,1.05,238,705,0.34,14.45%,12.58%,0.008821,2026-09-10
$SPX,7591.7,2026-09-23,13,Call,"7,830.00",-3.14%,5,4.9,5.6,12,35,0.34,14.45%,10.89%,0.076218,2026-09-10
$SPX,7591.7,2026-09-18,8,Put,"7,555.00",-0.48%,52.1,52.1,52.7,183,541,0.34,14.45%,15.98%,-0.40379,2026-09-10
$SPX,7591.7,2026-09-18,8,Put,"7,125.00",-6.15%,5.8,5.77,6.1,120,349,0.34,14.45%,26.32%,-0.04778,2026-09-10
$SPX,7591.7,2026-09-25,15,Put,"7,440.00",-2.00%,42.4,43.01,42.9,99,291,0.34,14.45%,17.14%,-0.26273,2026-09-10
$SPX,7591.7,2027-05-21,253,Put,"7,575.00",-0.22%,321.1,324.26,324,39,116,0.34,14.45%,16.32%,-0.419269,2026-09-10
$SPX,7591.7,2026-09-17,7,Put,"7,485.00",-1.41%,30.2,29.7,30.6,31,92,0.34,14.45%,17.53%,-0.267566,2026-09-10
$SPX,7591.7,2026-09-17,7,Put,"6,700.00",-11.75%,1.4,1.45,1.6,62,184,0.34,14.45%,39.69%,-0.010376,2026-09-10
$SPX,7591.7,2026-09-16,6,Put,"7,690.00",+1.29%,98,112.06,115.8,40,118,0.34,14.45%,11.26%,-0.811846,2026-09-10
$SPX,7591.7,2026-09-16,6,Put,"7,280.00",-4.11%,6.1,6.48,6.4,20,58,0.34,14.45%,22.15%,-0.065562,2026-09-10
$SPX,7591.7,2026-09-16,6,Put,"5,600.00",-26.24%,0.05,0.12,0.2,455,1350,0.34,14.45%,74.75%,-0.000625,2026-09-10
$SPX,7591.7,2026-10-23,43,Put,"7,425.00",-2.20%,87.3,89.93,88.7,23,68,0.34,14.45%,16.36%,-0.313465,2026-09-10
$SPX,7591.7,2026-10-23,43,Put,"7,200.00",-5.16%,51.6,52.77,52.8,85,251,0.34,14.45%,19.21%,-0.185556,2026-09-10
$SPX,7591.7,2026-10-23,43,Put,"7,025.00",-7.46%,35.7,36.5,36.7,24,71,0.34,14.45%,21.45%,-0.126334,2026-09-10
$SPX,7591.7,2026-09-18,8,Put,"7,605.00",+0.18%,65.6,67,66.7,3006,8753,0.34,14.45%,13.82%,-0.518892,2026-09-10
$SPX,7591.7,2026-09-24,14,Put,"7,350.00",-3.18%,26.7,27.25,27.2,62,180,0.34,14.45%,18.80%,-0.176022,2026-09-10
$SPX,7591.7,2026-09-24,14,Put,"6,300.00",-17.01%,1.8,1.75,2.05,99,288,0.34,14.45%,41.31%,-0.0091,2026-09-10
$SPX,7591.7,2026-10-16,36,Put,"7,275.00",-4.17%,52.8,54.01,53.5,90,265,0.34,14.45%,18.57%,-0.207689,2026-09-10
$SPX,7591.7,2027-03-19,190,Put,"10,800.00",+42.26%,2969.2,2973.08,2993.2,10,30,0.33,14.45%,0.00%,0,2026-09-10
$SPX,7591.7,2026-10-01,21,Put,"5,800.00",-23.60%,1.65,1.72,1.95,46,139,0.33,14.45%,46.40%,-0.00636,2026-09-10
$SPX,7591.7,2026-09-17,7,Put,"7,325.00",-3.51%,11.3,11.6,11.7,87,264,0.33,14.45%,21.30%,-0.105902,2026-09-10
$SPX,7591.7,2026-09-16,6,Put,"7,585.00",-0.09%,51.4,52.7,51.9,88,265,0.33,14.45%,14.64%,-0.467772,2026-09-10
$SPX,7591.7,2026-09-16,6,Put,"7,455.00",-1.80%,19.8,20.7,20.3,42,126,0.33,14.45%,17.85%,-0.203663,2026-09-10
$SPX,7591.7,2026-10-23,43,Put,"6,850.00",-9.77%,25.5,26.4,26.5,27,83,0.33,14.45%,23.73%,-0.088206,2026-09-10
$SPX,7591.7,2026-09-23,13,Put,"7,340.00",-3.32%,22.9,21.25,23.7,14,42,0.33,14.45%,18.96%,-0.160473,2026-09-10
$SPX,7591.7,2026-09-24,14,Put,"7,680.00",+1.16%,120.1,121.76,121.1,25,75,0.33,14.45%,12.39%,-0.669558,2026-09-10
$SPX,7591.7,2026-10-16,36,Put,"7,300.00",-3.84%,56.2,57.8,56.9,280,846,0.33,14.45%,18.23%,-0.221261,2026-09-10
$SPX,7591.7,2026-09-18,8,Call,"7,620.00",-0.37%,58.3,60.2,58.9,151,460,0.33,14.45%,15.40%,0.453463,2026-09-10
$SPX,7591.7,2026-09-16,6,Call,"7,795.00",-2.68%,1.6,1.6,1.85,81,249,0.33,14.45%,11.38%,0.038925,2026-09-10
$SPX,7591.7,2026-10-23,43,Call,"8,200.00",-8.01%,3.5,3.7,3.9,54,164,0.33,14.45%,11.35%,0.03238,2026-09-10
$SPX,7591.7,2026-09-18,8,Put,"7,425.00",-2.20%,24.6,25.43,25.1,507,1529,0.33,14.45%,19.05%,-0.204222,2026-09-10
$SPX,7591.7,2026-10-07,27,Put,"7,325.00",-3.51%,45.3,46.52,46.5,50,153,0.33,14.45%,18.09%,-0.212134,2026-09-10
$SPX,7591.7,2026-09-30,20,Put,"7,375.00",-2.85%,41.1,42.83,41.7,157,472,0.33,14.45%,17.75%,-0.223724,2026-09-10
$SPX,7591.7,2026-09-28,18,Put,"7,440.00",-2.00%,45.8,46.63,46.8,17,51,0.33,14.45%,16.41%,-0.269571,2026-09-10
$SPX,7591.7,2027-01-15,127,Put,"5,000.00",-34.14%,14.7,14.93,15.5,1538,4675,0.33,14.45%,38.31%,-0.021909,2026-09-10
$SPX,7591.7,2026-11-20,71,Put,"7,575.00",-0.22%,167.9,168.8,169.6,326,991,0.33,14.45%,14.90%,-0.444176,2026-09-10
$SPX,7591.7,2026-11-20,71,Put,"7,635.00",+0.57%,188.9,194.1,191,65,197,0.33,14.45%,14.27%,-0.49604,2026-09-10
$SPX,7591.7,2026-09-18,8,Call,"7,880.00",-3.80%,0.8,0.94,1,225,704,0.32,14.45%,11.79%,0.018737,2026-09-10
$SPX,7591.7,2026-09-18,8,Call,"7,910.00",-4.19%,0.5,0.55,0.7,148,464,0.32,14.45%,12.12%,0.012716,2026-09-10
$SPX,7591.7,2026-09-30,20,Call,"7,610.00",-0.24%,98.8,97.02,99.5,214,673,0.32,14.45%,14.21%,0.501611,2026-09-10
$SPX,7591.7,2026-09-28,18,Call,"7,720.00",-1.69%,36.9,35.73,37.9,37,115,0.32,14.45%,12.14%,0.294027,2026-09-10
$SPX,7591.7,2026-09-28,18,Call,"8,000.00",-5.38%,0.85,1,1.15,107,333,0.32,14.45%,10.55%,0.01586,2026-09-10
$SPX,7591.7,2026-09-25,15,Call,"7,850.00",-3.40%,6,6.35,6.3,392,1224,0.32,14.45%,11.13%,0.079915,2026-09-10
$SPX,7591.7,2026-09-25,15,Call,"7,890.00",-3.93%,3.1,3.2,3.4,83,257,0.32,14.45%,10.86%,0.047298,2026-09-10
$SPX,7591.7,2026-10-08,28,Call,"7,975.00",-5.05%,6,6.44,6.8,13,41,0.32,14.45%,10.94%,0.064506,2026-09-10
$SPX,7591.7,2026-11-03,54,Call,"7,675.00",-1.10%,144.5,142.05,147.1,31,96,0.32,14.45%,14.18%,0.471229,2026-09-10
$SPX,7591.7,2026-10-01,21,Call,"7,650.00",-0.77%,79.6,77.73,80.9,22,69,0.32,14.45%,13.73%,0.43941,2026-09-10
$SPX,7591.7,2026-10-01,21,Call,"7,780.00",-2.48%,26.7,26.75,27.7,13,41,0.32,14.45%,11.93%,0.220958,2026-09-10
$SPX,7591.7,2026-10-01,21,Call,"8,050.00",-6.04%,1,1.12,1.25,35,110,0.32,14.45%,10.92%,0.015963,2026-09-10
$SPX,7591.7,2026-09-18,8,Put,"7,415.00",-2.33%,23.2,22.9,23.7,115,356,0.32,14.45%,19.26%,-0.193475,2026-09-10
$SPX,7591.7,2026-09-18,8,Put,"5,900.00",-22.28%,0.45,0.54,0.65,741,2298,0.32,14.45%,62.05%,-0.002574,2026-09-10
$SPX,7591.7,2026-09-30,20,Put,"7,635.00",+0.57%,110.1,114.8,111.2,30,93,0.32,14.45%,13.30%,-0.550384,2026-09-10
$SPX,7591.7,2026-11-20,71,Put,"7,570.00",-0.29%,166,161.8,168.1,25,77,0.32,14.45%,14.95%,-0.44023,2026-09-10
$SPX,7591.7,2026-11-20,71,Put,"7,530.00",-0.81%,153.7,157.09,155.6,62,192,0.32,14.45%,15.37%,-0.40918,2026-09-10
$SPX,7591.7,2026-11-20,71,Put,"7,450.00",-1.87%,131.8,134.9,133.7,1720,5293,0.32,14.45%,16.20%,-0.353304,2026-09-10
$SPX,7591.7,2026-09-25,15,Put,"7,290.00",-3.97%,22.6,22.64,23.4,41,130,0.32,14.45%,19.85%,-0.144282,2026-09-10
$SPX,7591.7,2026-11-30,81,Put,"7,605.00",+0.18%,188.5,190.71,190.3,18,57,0.32,14.45%,14.60%,-0.46625,2026-09-10
$SPX,7591.7,2026-11-30,81,Put,"7,270.00",-4.24%,104.9,103.1,106.3,13,41,0.32,14.45%,17.93%,-0.26288,2026-09-10
$SPX,7591.7,2026-10-01,21,Put,"7,375.00",-2.85%,43,43.54,44,31,96,0.32,14.45%,17.73%,-0.22821,2026-09-10
$SPX,7591.7,2026-09-17,7,Put,"7,680.00",+1.16%,93.5,108.63,113.5,52,163,0.32,14.45%,12.00%,-0.750352,2026-09-10
$SPX,7591.7,2026-09-16,6,Put,"7,575.00",-0.22%,47.8,47.1,48.3,137,430,0.32,14.45%,14.90%,-0.440667,2026-09-10
$SPX,7591.7,2026-10-23,43,Put,"7,400.00",-2.53%,82.1,83.31,83.4,231,725,0.32,14.45%,16.67%,-0.295318,2026-09-10
$SPX,7591.7,2026-09-29,19,Put,"7,125.00",-6.15%,15.7,14.57,16.4,17,53,0.32,14.45%,21.73%,-0.090185,2026-09-10
$SPX,7591.7,2026-10-16,36,Put,"7,625.00",+0.44%,135.6,139.85,137,73,226,0.32,14.45%,13.77%,-0.510258,2026-09-10
$SPX,7591.7,2026-10-16,36,Put,"7,990.00",+5.25%,0,383.5,0,10,31,0.32,14.45%,0.00%,0,2026-09-10
$SPX,7591.7,2027-02-19,162,Put,"5,325.00",-29.86%,26.8,26.4,27.8,40,129,0.31,14.45%,33.28%,-0.037433,2026-09-10
$SPX,7591.7,2026-10-08,28,Put,"6,800.00",-10.43%,12.9,11.67,13.7,24,77,0.31,14.45%,26.12%,-0.055452,2026-09-10
$SPX,7591.7,2027-05-21,253,Put,"6,650.00",-12.40%,138.7,139,140.6,109,351,0.31,14.45%,22.02%,-0.173711,2026-09-10
$SPX,7591.7,2026-09-17,7,Put,"7,510.00",-1.08%,35.4,36.5,35.9,47,151,0.31,14.45%,16.93%,-0.309058,2026-09-10
$SPX,7591.7,2026-10-23,43,Put,"7,475.00",-1.54%,98.9,98.52,100.3,16,51,0.31,14.45%,15.73%,-0.352902,2026-09-10
$SPX,7591.7,2026-10-23,43,Put,"6,650.00",-12.40%,18.1,18.5,19.1,74,235,0.31,14.45%,26.42%,-0.060535,2026-09-10
$SPX,7591.7,2026-10-05,25,Put,"7,560.00",-0.42%,90.6,87.09,92,13,42,0.31,14.45%,14.38%,-0.429005,2026-09-10
$SPX,7591.7,2026-09-23,13,Put,"6,400.00",-15.70%,1.8,2.05,2.1,31,100,0.31,14.45%,39.73%,-0.009879,2026-09-10
$SPX,7591.7,2026-10-16,36,Put,"7,640.00",+0.64%,141.7,141.68,143.1,45,144,0.31,14.45%,13.57%,-0.529945,2026-09-10
$SPX,7591.7,2026-10-16,36,Put,"7,375.00",-2.85%,68.1,69.77,68.9,100,323,0.31,14.45%,17.21%,-0.267684,2026-09-10
$SPX,7591.7,2026-10-16,36,Put,"7,175.00",-5.49%,41.4,42.21,42,147,475,0.31,14.45%,19.91%,-0.162115,2026-09-10
$SPX,7591.7,2026-10-16,36,Put,"6,980.00",-8.06%,26.7,27.65,27.5,20,65,0.31,14.45%,22.59%,-0.102734,2026-09-10
$SPX,7591.7,2026-09-18,8,Call,"7,575.00",+0.22%,85.5,84,86.1,152,497,0.31,14.45%,16.50%,0.553667,2026-09-10
$SPX,7591.7,2026-09-18,8,Call,"7,695.00",-1.36%,24.8,23.8,25.4,515,1659,0.31,14.45%,13.73%,0.268999,2026-09-10
$SPX,7591.7,2026-09-28,18,Call,"7,680.00",-1.16%,53.5,54.03,54.6,23,74,0.31,14.45%,12.76%,0.370421,2026-09-10
$SPX,7591.7,2026-11-20,71,Call,"7,740.00",-1.95%,145.8,144.1,147.7,54,172,0.31,14.45%,14.10%,0.434884,2026-09-10
$SPX,7591.7,2026-11-20,71,Call,"7,840.00",-3.27%,100.1,98.1,101.5,11,36,0.31,14.45%,13.37%,0.346779,2026-09-10
$SPX,7591.7,2026-09-16,6,Call,"7,625.00",-0.44%,42.7,41.75,43.1,18,59,0.31,14.45%,14.42%,0.422615,2026-09-10
$SPX,7591.7,2026-10-16,36,Call,"7,865.00",-3.60%,31.2,30.85,32.7,33,107,0.31,14.45%,11.92%,0.203814,2026-09-10
$SPX,7591.7,2026-09-23,13,Call,"7,660.00",-0.90%,50.3,48.5,51.3,19,61,0.31,14.45%,13.33%,0.385105,2026-09-10
$SPX,7591.7,2026-10-16,36,Call,"7,610.00",-0.24%,143.1,140.19,144.6,11,36,0.31,14.45%,14.63%,0.520025,2026-09-10
$SPX,7591.7,2026-09-30,20,Put,"7,605.00",+0.18%,97.8,100.1,98.9,40,127,0.31,14.45%,13.83%,-0.497943,2026-09-10
$SPX,7591.7,2027-08-20,344,Put,"7,500.00",-1.21%,352.6,351.4,355.8,250,800,0.31,14.45%,17.19%,-0.386384,2026-09-10
$SPX,7591.7,2026-09-28,18,Put,"7,450.00",-1.87%,47.7,45.4,48.7,58,185,0.31,14.45%,16.24%,-0.280062,2026-09-10
$SPX,7591.7,2026-09-28,18,Put,"7,390.00",-2.66%,37.5,38.23,38.4,14,45,0.31,14.45%,17.26%,-0.222873,2026-09-10
$SPX,7591.7,2026-11-20,71,Put,"7,600.00",+0.11%,176.3,179.48,178.2,2679,8778,0.31,14.45%,14.64%,-0.465162,2026-09-10
$SPX,7591.7,2026-09-25,15,Put,"7,505.00",-1.14%,55.8,59.59,56.8,13,42,0.31,14.45%,15.91%,-0.340811,2026-09-10
$SPX,7591.7,2026-09-30,20,Call,"7,855.00",-3.47%,9.7,10.25,10.4,39,130,0.3,14.45%,10.98%,0.108161,2026-09-10
$SPX,7591.7,2026-11-20,71,Call,"7,660.00",-0.90%,189.9,187.7,191.9,50,168,0.3,14.45%,14.77%,0.502339,2026-09-10
$SPX,7591.7,2026-09-25,15,Call,"7,930.00",-4.46%,1.6,1.74,1.9,50,166,0.3,14.45%,10.78%,0.027719,2026-09-10
$SPX,7591.7,2026-10-08,28,Call,"7,760.00",-2.22%,47.2,47.4,48.4,10,33,0.3,14.45%,12.43%,0.295046,2026-09-10
$SPX,7591.7,2026-10-23,43,Call,"8,250.00",-8.67%,2.3,2.65,2.8,36,122,0.3,14.45%,11.41%,0.023204,2026-09-10
$SPX,7591.7,2026-09-23,13,Call,"7,740.00",-1.95%,20.4,20.15,21.3,14,47,0.3,14.45%,11.97%,0.215443,2026-09-10
$SPX,7591.7,2026-10-16,36,Call,"7,640.00",-0.64%,125.4,126.8,126.3,22,74,0.3,14.45%,14.26%,0.485034,2026-09-10
$SPX,7591.7,2026-10-16,36,Call,"7,830.00",-3.14%,41.7,41.9,42.4,30,99,0.3,14.45%,12.30%,0.246223,2026-09-10
$SPX,7591.7,2026-10-16,36,Call,"8,225.00",-8.34%,1.6,1.86,2,34,113,0.3,14.45%,11.54%,0.018227,2026-09-10
$SPX,7591.7,2026-09-18,8,Put,"6,210.00",-18.20%,0.8,0.95,1,11,37,0.3,14.45%,53.20%,-0.004675,2026-09-10
$SPX,7591.7,2026-09-28,18,Put,"7,570.00",-0.29%,78.5,79.89,79.7,25,83,0.3,14.45%,14.13%,-0.440584,2026-09-10
$SPX,7591.7,2026-09-25,15,Put,"7,625.00",+0.44%,95.2,96.64,96.3,152,509,0.3,14.45%,13.55%,-0.543783,2026-09-10
$SPX,7591.7,2026-09-25,15,Put,"7,525.00",-0.88%,61.2,64.33,61.8,209,689,0.3,14.45%,15.54%,-0.369102,2026-09-10
$SPX,7591.7,2026-09-25,15,Put,"6,350.00",-16.36%,2.2,2.3,2.45,1011,3370,0.3,14.45%,39.40%,-0.010918,2026-09-10
$SPX,7591.7,2026-09-17,7,Put,"7,430.00",-2.13%,21.3,22.28,21.7,48,158,0.3,14.45%,18.82%,-0.194088,2026-09-10
$SPX,7591.7,2026-09-17,7,Put,"6,300.00",-17.01%,0.7,0.7,0.85,43,145,0.3,14.45%,52.31%,-0.004409,2026-09-10
$SPX,7591.7,2026-10-16,36,Put,"7,630.00",+0.50%,135.7,139.05,138.1,52,176,0.3,14.45%,13.56%,-0.517176,2026-09-10
$SPX,7591.7,2026-10-16,36,Put,"7,365.00",-2.99%,64.8,67.14,66.6,100,336,0.3,14.45%,17.21%,-0.2594,2026-09-10
$SPX,7591.7,2026-10-16,36,Put,"6,700.00",-11.75%,15.2,16.2,16.3,4150,13731,0.3,14.45%,26.50%,-0.056651,2026-09-10
$SPX,7591.7,2026-09-23,13,Put,"7,585.00",-0.09%,73.4,78.68,74.5,13,43,0.3,14.45%,14.24%,-0.467517,2026-09-10
$SPX,7591.7,2026-10-01,21,Put,"7,350.00",-3.18%,39.4,41.88,40.4,25,87,0.29,14.45%,18.14%,-0.209678,2026-09-10
$SPX,7591.7,2026-10-01,21,Put,"6,500.00",-14.38%,4.7,4.8,5.2,35,120,0.29,14.45%,33.06%,-0.021582,2026-09-10
$SPX,7591.7,2026-09-17,7,Put,"7,705.00",+1.49%,110.4,114.49,130.4,34,116,0.29,14.45%,10.98%,-0.838569,2026-09-10
$SPX,7591.7,2026-09-17,7,Put,"6,950.00",-8.45%,2.45,2.6,2.7,28,95,0.29,14.45%,31.80%,-0.02058,2026-09-10
$SPX,7591.7,2026-09-16,6,Put,"7,635.00",+0.57%,73.7,72.95,74.3,105,356,0.29,14.45%,13.32%,-0.619246,2026-09-10
$SPX,7591.7,2026-09-16,6,Put,"7,505.00",-1.14%,28.6,29.1,29,47,161,0.29,14.45%,16.64%,-0.28325,2026-09-10
$SPX,7591.7,2026-09-16,6,Put,"7,410.00",-2.39%,14.4,14.8,14.8,53,183,0.29,14.45%,18.94%,-0.151073,2026-09-10
$SPX,7591.7,2026-09-16,6,Put,"7,100.00",-6.48%,2.6,2.7,2.8,110,380,0.29,14.45%,27.41%,-0.026272,2026-09-10
$SPX,7591.7,2026-09-16,6,Put,"6,500.00",-14.38%,0.6,0.78,0.75,213,724,0.29,14.45%,47.19%,-0.004597,2026-09-10
$SPX,7591.7,2026-10-16,36,Put,"7,360.00",-3.05%,63.8,63,65.7,90,306,0.29,14.45%,17.26%,-0.25594,2026-09-10
$SPX,7591.7,2026-10-23,43,Put,"6,800.00",-10.43%,23.3,24.48,24.4,61,207,0.29,14.45%,24.40%,-0.080095,2026-09-10
$SPX,7591.7,2026-09-23,13,Put,"7,275.00",-4.17%,17.4,14.3,17.8,57,199,0.29,14.45%,20.19%,-0.121413,2026-09-10
$SPX,7591.7,2026-09-29,19,Put,"5,600.00",-26.24%,0.95,1.05,1.2,31,107,0.29,14.45%,51.35%,-0.003786,2026-09-10
$SPX,7591.7,2026-10-16,36,Put,"7,440.00",-2.00%,80.9,82.9,81.7,80,272,0.29,14.45%,16.32%,-0.316597,2026-09-10
$SPX,7591.7,2026-10-16,36,Put,"7,765.00",+2.28%,204.6,203.6,206,15,52,0.29,14.45%,11.72%,-0.720587,2026-09-10
$SPX,7591.7,2026-10-16,36,Put,"6,675.00",-12.08%,15.2,15.7,15.7,24,84,0.29,14.45%,27.00%,-0.054812,2026-09-10
$SPX,7591.7,2026-09-18,8,Call,"7,670.00",-1.03%,34.2,33.6,34.8,142,493,0.29,14.45%,14.26%,0.330767,2026-09-10
$SPX,7591.7,2026-09-18,8,Call,"7,700.00",-1.43%,23.2,24.3,23.7,1437,5004,0.29,14.45%,13.63%,0.256961,2026-09-10
$SPX,7591.7,2026-09-28,18,Call,"7,640.00",-0.64%,73.6,75.64,74.8,25,87,0.29,14.45%,13.42%,0.445179,2026-09-10
$SPX,7591.7,2026-11-20,71,Call,"7,705.00",-1.49%,164.3,162,166.3,27,94,0.29,14.45%,14.39%,0.464928,2026-09-10
$SPX,7591.7,2026-09-25,15,Call,"7,950.00",-4.72%,1.2,1.35,1.45,465,1596,0.29,14.45%,10.83%,0.02159,2026-09-10
$SPX,7591.7,2026-09-25,15,Call,"8,200.00",-8.01%,0.2,0.3,0.35,56,191,0.29,14.45%,14.04%,0.004127,2026-09-10
$SPX,7591.7,2026-11-30,81,Call,"7,650.00",-0.77%,209.9,208.49,211.6,10,35,0.29,14.45%,14.62%,0.517113,2026-09-10
$SPX,7591.7,2026-09-16,6,Call,"7,830.00",-3.14%,0.65,0.75,0.85,92,313,0.29,14.45%,11.32%,0.018755,2026-09-10
$SPX,7591.7,2026-10-16,36,Call,"7,640.00",-0.64%,123.5,120.3,125.5,102,346,0.29,14.45%,14.12%,0.484705,2026-09-10
$SPX,7591.7,2026-09-24,14,Call,"7,660.00",-0.90%,54.1,51.84,55.1,23,80,0.29,14.45%,13.46%,0.392129,2026-09-10
$SPX,7591.7,2026-09-18,8,Put,"7,485.00",-1.41%,34.7,35.8,35.2,77,262,0.29,14.45%,17.66%,-0.28074,2026-09-10
$SPX,7591.7,2026-09-18,8,Put,"7,470.00",-1.60%,31.8,32.26,32.3,154,524,0.29,14.45%,18.01%,-0.259272,2026-09-10
$SPX,7591.7,2026-09-18,8,Put,"7,465.00",-1.67%,30.9,30.92,31.4,55,190,0.29,14.45%,18.12%,-0.252509,2026-09-10
$SPX,7591.7,2026-09-18,8,Put,"7,760.00",+2.22%,159.4,170.52,174.4,28,98,0.29,14.45%,11.08%,-0.923114,2026-09-10
$SPX,7591.7,2026-09-18,8,Put,"7,385.00",-2.72%,19.7,20.7,20.1,64,220,0.29,14.45%,19.95%,-0.165169,2026-09-10
$SPX,7591.7,2026-10-06,26,Put,"7,650.00",+0.77%,127.6,130.23,129,22,75,0.29,14.45%,13.06%,-0.562955,2026-09-10
$SPX,7591.7,2026-09-30,20,Put,"7,570.00",-0.29%,85.2,85.04,86.4,45,155,0.29,14.45%,14.45%,-0.442185,2026-09-10
$SPX,7591.7,2026-09-30,20,Put,"7,145.00",-5.88%,18.9,19.4,19.3,20,69,0.29,14.45%,21.51%,-0.102839,2026-09-10
$SPX,7591.7,2026-09-18,8,Call,"7,875.00",-3.73%,0.9,1,1.1,401,1431,0.28,14.45%,11.80%,0.020562,2026-09-10
$SPX,7591.7,2026-09-30,20,Call,"7,805.00",-2.81%,18,19.45,18.9,44,158,0.28,14.45%,11.43%,0.171595,2026-09-10
$SPX,7591.7,2026-11-20,71,Call,"7,775.00",-2.41%,128.5,127.52,130.4,245,890,0.28,14.45%,13.83%,0.404252,2026-09-10
$SPX,7591.7,2026-09-25,15,Call,"7,620.00",-0.37%,80.4,78,81,29,102,0.28,14.45%,14.47%,0.475538,2026-09-10
$SPX,7591.7,2026-11-30,81,Call,"7,720.00",-1.69%,169.8,167.37,171.6,10,36,0.28,14.45%,14.07%,0.461948,2026-09-10
$SPX,7591.7,2026-11-20,71,Call,"7,890.00",-3.93%,81.3,79.9,82.6,13,47,0.28,14.45%,13.06%,0.303202,2026-09-10
$SPX,7591.7,2026-10-23,43,Call,"7,850.00",-3.40%,47.2,46.6,48.5,10,36,0.28,14.45%,12.36%,0.253224,2026-09-10
$SPX,7591.7,2026-09-18,8,Put,"7,635.00",+0.57%,83.2,82.13,84.1,500,1778,0.28,14.45%,13.94%,-0.595278,2026-09-10
$SPX,7591.7,2026-09-18,8,Put,"7,640.00",+0.64%,85.6,87.6,86.5,327,1156,0.28,14.45%,13.79%,-0.608894,2026-09-10
$SPX,7591.7,2026-09-18,8,Put,"7,350.00",-3.18%,16.3,15.9,16.7,594,2114,0.28,14.45%,20.76%,-0.137555,2026-09-10
$SPX,7591.7,2026-09-18,8,Put,"7,345.00",-3.25%,15.9,16.6,16.3,89,316,0.28,14.45%,20.89%,-0.134167,2026-09-10
$SPX,7591.7,2026-09-30,20,Put,"7,180.00",-5.42%,21.1,21.07,21.5,293,1049,0.28,14.45%,20.93%,-0.115146,2026-09-10
$SPX,7591.7,2026-09-28,18,Put,"7,425.00",-2.20%,43.1,44.5,44.1,50,177,0.28,14.45%,16.67%,-0.254625,2026-09-10
$SPX,7591.7,2026-11-20,71,Put,"4,950.00",-34.80%,5.2,5.43,5.7,119,423,0.28,14.45%,44.31%,-0.010159,2026-09-10
$SPX,7591.7,2026-11-30,81,Put,"7,300.00",-3.84%,110.2,111.24,111.6,78,282,0.28,14.45%,17.62%,-0.276312,2026-09-10
$SPX,7591.7,2027-05-21,253,Put,"1,200.00",-84.19%,0.7,0.81,0.9,14,50,0.28,14.45%,75.94%,-0.00053,2026-09-10
$SPX,7591.7,2026-09-17,7,Put,"7,575.00",-0.22%,53.9,55.8,54.4,83,296,0.28,14.45%,15.34%,-0.444394,2026-09-10
$SPX,7591.7,2026-11-20,71,Put,"6,970.00",-8.19%,59.5,60.01,60.7,17,61,0.28,14.45%,21.44%,-0.154338,2026-09-10
$SPX,7591.7,2026-09-16,6,Put,"7,405.00",-2.46%,13.9,14.8,14.3,60,216,0.28,14.45%,19.06%,-0.146139,2026-09-10
$SPX,7591.7,2026-09-18,8,Put,"6,780.00",-10.69%,2,2.07,2.25,195,709,0.28,14.45%,35.73%,-0.014693,2026-09-10
$SPX,7591.7,2026-09-23,13,Put,"7,625.00",+0.44%,89.4,90.12,90.5,74,267,0.28,14.45%,13.41%,-0.550258,2026-09-10
$SPX,7591.7,2026-09-23,13,Put,"7,400.00",-2.53%,30.4,30,30.9,82,292,0.28,14.45%,17.85%,-0.209007,2026-09-10
$SPX,7591.7,2026-09-24,14,Put,"7,530.00",-0.81%,59.5,63.59,60.5,26,94,0.28,14.45%,15.43%,-0.3736,2026-09-10
$SPX,7591.7,2026-09-24,14,Put,"7,500.00",-1.21%,52.1,54.02,52.6,30,107,0.28,14.45%,16.02%,-0.330067,2026-09-10
$SPX,7591.7,2026-09-24,14,Put,"7,325.00",-3.51%,23.8,24.4,24.6,29,103,0.28,14.45%,19.25%,-0.158537,2026-09-10
$SPX,7591.7,2026-10-16,36,Put,"7,505.00",-1.14%,96.5,98.4,97.8,18,64,0.28,14.45%,15.44%,-0.374608,2026-09-10
$SPX,7591.7,2026-10-16,36,Put,"6,700.00",-11.75%,15.9,16.05,16.3,102,358,0.28,14.45%,26.63%,-0.057479,2026-09-10
$SPX,7591.7,2026-09-25,15,Put,"5,900.00",-22.28%,1.15,1.05,1.35,190,691,0.27,14.45%,49.54%,-0.005026,2026-09-10
$SPX,7591.7,2026-10-01,21,Put,"7,650.00",+0.77%,119.1,121.78,120.3,25,91,0.27,14.45%,13.09%,-0.575073,2026-09-10
$SPX,7591.7,2026-09-17,7,Put,"7,710.00",+1.56%,114,129.01,134,37,138,0.27,14.45%,10.71%,-0.855353,2026-09-10
$SPX,7591.7,2026-09-16,6,Put,"7,485.00",-1.41%,24.7,27.23,25.1,44,164,0.27,14.45%,17.13%,-0.248464,2026-09-10
$SPX,7591.7,2026-09-16,6,Put,"7,150.00",-5.82%,3.2,3.3,3.4,849,3181,0.27,14.45%,25.89%,-0.032963,2026-09-10
$SPX,7591.7,2026-09-16,6,Put,"6,925.00",-8.78%,1.5,1.7,1.7,62,226,0.27,14.45%,33.11%,-0.013919,2026-09-10
$SPX,7591.7,2026-10-16,36,Put,"7,600.00",+0.11%,124.3,127.38,126.7,2954,10797,0.27,14.45%,13.98%,-0.478582,2026-09-10
$SPX,7591.7,2026-09-18,8,Put,"7,250.00",-4.50%,8.5,9.4,9.1,2528,9291,0.27,14.45%,22.40%,-0.076717,2026-09-10
$SPX,7591.7,2026-10-05,25,Put,"7,570.00",-0.29%,93.8,94.74,95.3,16,59,0.27,14.45%,14.22%,-0.442533,2026-09-10
$SPX,7591.7,2026-09-29,19,Put,"7,075.00",-6.81%,13.4,14.65,14.2,30,111,0.27,14.45%,22.59%,-0.07683,2026-09-10
$SPX,7591.7,2026-09-24,14,Put,"7,650.00",+0.77%,104.3,106.8,105.4,53,199,0.27,14.45%,13.03%,-0.600576,2026-09-10
$SPX,7591.7,2026-10-16,36,Put,"7,540.00",-0.68%,106.4,107.15,107.7,21,77,0.27,14.45%,14.95%,-0.410067,2026-09-10
$SPX,7591.7,2026-10-16,36,Put,"6,960.00",-8.32%,25.6,26.37,26.4,15,55,0.27,14.45%,22.87%,-0.098241,2026-09-10
$SPX,7591.7,2026-10-16,36,Put,"6,925.00",-8.78%,24,24.35,24.6,25,91,0.27,14.45%,23.38%,-0.091133,2026-09-10
$SPX,7591.7,2026-09-25,15,Call,"7,675.00",-1.10%,51.7,51.63,52.2,89,326,0.27,14.45%,13.45%,0.369986,2026-09-10
$SPX,7591.7,2026-11-30,81,Call,"8,800.00",-15.92%,1.25,1.6,1.6,200,732,0.27,14.45%,12.49%,0.009618,2026-09-10
$SPX,7591.7,2027-05-21,253,Call,"8,800.00",-15.92%,56.9,56.85,58.5,153,574,0.27,14.45%,12.93%,0.144201,2026-09-10
$SPX,7591.7,2027-06-17,280,Call,"9,200.00",-21.18%,29.6,30.05,31.1,2012,7508,0.27,14.45%,12.75%,0.082114,2026-09-10
$SPX,7591.7,2026-10-01,21,Call,"7,610.00",-0.24%,102.6,99.2,103.9,12,45,0.27,14.45%,14.38%,0.503187,2026-09-10
$SPX,7591.7,2026-10-01,21,Call,"7,890.00",-3.93%,7.3,7.92,8,10,37,0.27,14.45%,10.95%,0.084604,2026-09-10
$SPX,7591.7,2026-09-16,6,Call,"7,850.00",-3.40%,0.4,0.5,0.55,394,1446,0.27,14.45%,11.38%,0.012403,2026-09-10
$SPX,7591.7,2026-10-23,43,Call,"8,050.00",-6.04%,11,11.5,12,64,233,0.27,14.45%,11.39%,0.085674,2026-09-10
$SPX,7591.7,2026-09-24,14,Call,"7,800.00",-2.74%,10.4,10.49,10.8,109,397,0.27,14.45%,11.38%,0.126932,2026-09-10
$SPX,7591.7,2026-10-16,36,Call,"7,665.00",-0.97%,111,110.3,112.3,11,41,0.27,14.45%,13.95%,0.454654,2026-09-10
$SPX,7591.7,2027-01-15,127,Put,"7,500.00",-1.21%,200.5,197.6,202.4,12,44,0.27,14.45%,15.87%,-0.392151,2026-09-10
$SPX,7591.7,2027-01-15,127,Put,"8,025.00",+5.71%,433.6,432.5,435.4,12,45,0.27,14.45%,9.53%,-0.927466,2026-09-10
$SPX,7591.7,2026-09-18,8,Put,"7,335.00",-3.38%,14.9,15.17,15.5,50,187,0.27,14.45%,21.09%,-0.127041,2026-09-10
$SPX,7591.7,2026-10-06,26,Put,"7,250.00",-4.50%,34.5,30.55,35.5,37,136,0.27,14.45%,19.18%,-0.166,2026-09-10
$SPX,7591.7,2026-09-30,20,Put,"7,390.00",-2.66%,43.2,44.5,44.1,48,176,0.27,14.45%,17.49%,-0.235703,2026-09-10
$SPX,7591.7,2026-11-20,71,Put,"7,540.00",-0.68%,156.8,158.4,158.6,138,512,0.27,14.45%,15.27%,-0.416982,2026-09-10
$SPX,7591.7,2026-11-20,71,Put,"7,360.00",-3.05%,111.8,116.78,113.3,100,367,0.27,14.45%,17.14%,-0.300032,2026-09-10
$SPX,7591.7,2027-07-16,309,Call,"8,675.00",-14.27%,118,118.06,120.1,212,831,0.26,14.45%,13.52%,0.230082,2026-09-10
$SPX,7591.7,2027-07-16,309,Call,"9,100.00",-19.87%,50.1,50.5,51.7,114,433,0.26,14.45%,12.98%,0.11996,2026-09-10
$SPX,7591.7,2026-11-20,71,Call,"7,670.00",-1.03%,184.1,185.3,186,23,87,0.26,14.45%,14.68%,0.494163,2026-09-10
$SPX,7591.7,2026-09-25,15,Call,"7,820.00",-3.01%,9.2,9.1,9.9,46,176,0.26,14.45%,11.37%,0.113337,2026-09-10
$SPX,7591.7,2026-09-25,15,Call,"7,970.00",-4.98%,0.9,1,1.15,85,326,0.26,14.45%,10.92%,0.017054,2026-09-10
$SPX,7591.7,2026-10-08,28,Call,"8,000.00",-5.38%,4.5,4.85,5.3,20,78,0.26,14.45%,10.89%,0.051534,2026-09-10
$SPX,7591.7,2026-10-01,21,Call,"7,750.00",-2.09%,35.8,35.81,36.9,58,219,0.26,14.45%,12.30%,0.269511,2026-09-10
$SPX,7591.7,2026-10-01,21,Call,"7,900.00",-4.06%,6.4,6.61,7.1,42,162,0.26,14.45%,10.90%,0.076418,2026-09-10
$SPX,7591.7,2026-10-01,21,Call,"7,975.00",-5.05%,2.25,2.6,2.8,55,210,0.26,14.45%,10.65%,0.033388,2026-09-10
$SPX,7591.7,2026-09-17,7,Call,"7,500.00",+1.21%,125.2,129.32,145.2,13,50,0.26,14.45%,18.54%,0.696138,2026-09-10
$SPX,7591.7,2026-11-20,71,Call,"7,980.00",-5.11%,54.2,53.95,55.4,13,50,0.26,14.45%,12.60%,0.229622,2026-09-10
$SPX,7591.7,2026-09-16,6,Call,"7,550.00",+0.55%,88.7,86.6,89.2,21,81,0.26,14.45%,16.32%,0.618769,2026-09-10
$SPX,7591.7,2026-09-16,6,Call,"7,700.00",-1.43%,14,13.5,14.4,248,950,0.26,14.45%,12.74%,0.205281,2026-09-10
$SPX,7591.7,2026-10-16,36,Call,"7,550.00",+0.55%,180.8,178.15,182.9,806,3121,0.26,14.45%,15.27%,0.585172,2026-09-10
$SPX,7591.7,2026-10-16,36,Call,"7,650.00",-0.77%,119.7,118.05,120.6,125,483,0.26,14.45%,14.14%,0.473032,2026-09-10
$SPX,7591.7,2026-10-16,36,Call,"7,875.00",-3.73%,30.1,29.48,30.9,54,204,0.26,14.45%,11.99%,0.195697,2026-09-10
$SPX,7591.7,2027-01-29,141,Put,"7,375.00",-2.85%,180.9,182.36,182.9,16,61,0.26,14.45%,16.95%,-0.333161,2026-09-10
$SPX,7591.7,2026-11-20,71,Put,"7,565.00",-0.35%,164.7,167.17,166.1,39,150,0.26,14.45%,15.00%,-0.436319,2026-09-10
$SPX,7591.7,2026-11-20,71,Put,"7,685.00",+1.23%,209,214.4,211.1,30,114,0.26,14.45%,13.74%,-0.543182,2026-09-10
$SPX,7591.7,2026-11-20,71,Put,"7,405.00",-2.46%,121.2,125.79,123.1,50,194,0.26,14.45%,16.67%,-0.325529,2026-09-10
$SPX,7591.7,2026-11-20,71,Put,"3,500.00",-53.90%,0.95,1.05,1.3,1000,3841,0.26,14.45%,63.47%,-0.001697,2026-09-10
$SPX,7591.7,2026-11-20,71,Put,"6,775.00",-10.76%,44.8,45.3,45.7,12,46,0.26,14.45%,23.56%,-0.113203,2026-09-10
$SPX,7591.7,2026-10-16,36,Put,"7,675.00",+1.10%,155.2,158.52,157.5,356,1381,0.26,14.45%,12.93%,-0.579531,2026-09-10
$SPX,7591.7,2026-10-23,43,Put,"7,550.00",-0.55%,119.6,118.7,121.2,19,72,0.26,14.45%,14.76%,-0.422091,2026-09-10
$SPX,7591.7,2026-10-05,25,Put,"5,200.00",-31.50%,0.95,1.05,1.2,52,198,0.26,14.45%,54.63%,-0.003132,2026-09-10
$SPX,7591.7,2026-09-23,13,Put,"7,610.00",+0.24%,83.1,87,84.1,54,204,0.26,14.45%,13.73%,-0.518183,2026-09-10
$SPX,7591.7,2026-09-23,13,Put,"7,500.00",-1.21%,48.8,50.6,49.3,58,223,0.26,14.45%,15.94%,-0.324713,2026-09-10
$SPX,7591.7,2026-09-29,19,Put,"7,550.00",-0.55%,75.1,77.5,76.2,15,57,0.26,14.45%,14.58%,-0.410749,2026-09-10
$SPX,7591.7,2026-09-24,14,Put,"7,510.00",-1.08%,54.3,56.18,55.2,24,92,0.26,14.45%,15.82%,-0.343977,2026-09-10
$SPX,7591.7,2026-09-24,14,Put,"7,425.00",-2.20%,37.1,37.8,37.6,109,412,0.26,14.45%,17.42%,-0.240965,2026-09-10
$SPX,7591.7,2026-09-24,14,Put,"7,275.00",-4.17%,19.5,20.15,19.9,42,161,0.26,14.45%,20.17%,-0.129194,2026-09-10
$SPX,7591.7,2026-10-16,36,Put,"7,645.00",+0.70%,143.8,144.43,145.1,10,38,0.26,14.45%,13.49%,-0.536477,2026-09-10
$SPX,7591.7,2026-10-16,36,Put,"7,655.00",+0.83%,148.1,148.71,149.4,20,76,0.26,14.45%,13.36%,-0.550341,2026-09-10
$SPX,7591.7,2026-09-25,15,Put,"7,300.00",-3.84%,23.7,25.03,24.1,352,1413,0.25,14.45%,19.66%,-0.149993,2026-09-10
$SPX,7591.7,2026-09-25,15,Put,"5,800.00",-23.60%,0.95,0.92,1.2,110,448,0.25,14.45%,51.68%,-0.004208,2026-09-10
$SPX,7591.7,2027-03-31,202,Put,"4,650.00",-38.75%,21.3,20.6,22.1,56,220,0.25,14.45%,37.56%,-0.024595,2026-09-10
$SPX,7591.7,2027-02-19,162,Put,"5,700.00",-24.92%,36.5,36.92,37.9,221,884,0.25,14.45%,30.04%,-0.053704,2026-09-10
$SPX,7591.7,2027-05-21,253,Put,"6,925.00",-8.78%,177,176.81,179.2,50,197,0.25,14.45%,20.37%,-0.225023,2026-09-10
$SPX,7591.7,2026-10-01,21,Put,"6,200.00",-18.33%,3,2.82,3.3,57,226,0.25,14.45%,38.81%,-0.012453,2026-09-10
$SPX,7591.7,2026-09-17,7,Put,"5,400.00",-28.87%,0.1,0.15,0.25,467,1842,0.25,14.45%,79.00%,-0.000753,2026-09-10
$SPX,7591.7,2026-11-20,71,Put,"7,575.00",-0.22%,170.5,172.53,172,11,44,0.25,14.45%,15.09%,-0.444581,2026-09-10
$SPX,7591.7,2026-11-20,71,Put,"6,910.00",-8.98%,54.6,54.1,55.4,19,75,0.25,14.45%,22.10%,-0.140152,2026-09-10
$SPX,7591.7,2026-09-16,6,Put,"7,435.00",-2.06%,17.2,18.6,17.6,24,96,0.25,14.45%,18.34%,-0.178357,2026-09-10
$SPX,7591.7,2026-09-16,6,Put,"7,200.00",-5.16%,4,4.6,4.2,87,353,0.25,14.45%,24.38%,-0.041992,2026-09-10
$SPX,7591.7,2026-09-16,6,Put,"7,175.00",-5.49%,3.5,3.7,3.8,25,102,0.25,14.45%,25.11%,-0.036985,2026-09-10
$SPX,7591.7,2026-10-16,36,Put,"7,610.00",+0.24%,128,131,130.2,179,712,0.25,14.45%,13.83%,-0.490969,2026-09-10
$SPX,7591.7,2026-10-16,36,Put,"7,550.00",-0.55%,107.6,106.48,109.8,1323,5197,0.25,14.45%,14.67%,-0.420131,2026-09-10
$SPX,7591.7,2026-09-18,8,Put,"7,600.00",+0.11%,63.6,65.9,64.7,14742,58403,0.25,14.45%,13.95%,-0.505724,2026-09-10
$SPX,7591.7,2026-09-18,8,Put,"7,405.00",-2.46%,19.5,22.69,20.3,605,2469,0.25,14.45%,18.71%,-0.173969,2026-09-10
$SPX,7591.7,2026-10-16,36,Put,"7,535.00",-0.75%,104.9,105.1,106.2,15,60,0.25,14.45%,15.02%,-0.404855,2026-09-10
$SPX,7591.7,2026-10-16,36,Put,"7,025.00",-7.46%,29.5,30.27,30.2,66,265,0.25,14.45%,21.98%,-0.113876,2026-09-10
$SPX,7591.7,2026-09-18,8,Call,"7,960.00",-4.85%,0.35,0.32,0.5,133,524,0.25,14.45%,13.16%,0.008651,2026-09-10
$SPX,7591.7,2026-09-30,20,Call,"7,500.00",+1.21%,173.6,171.4,174.7,1048,4227,0.25,14.45%,16.04%,0.653718,2026-09-10
$SPX,7591.7,2026-09-30,20,Call,"7,725.00",-1.76%,41.7,40.93,42.3,153,622,0.25,14.45%,12.43%,0.303116,2026-09-10
$SPX,7591.7,2026-09-28,18,Call,"7,750.00",-2.09%,26.9,26.3,27.9,81,329,0.25,14.45%,11.73%,0.238661,2026-09-10
$SPX,7591.7,2027-07-16,309,Call,"8,350.00",-9.99%,212.4,213.56,215.2,90,366,0.25,14.45%,14.28%,0.343928,2026-09-10
$SPX,7591.7,2026-09-25,15,Call,"7,785.00",-2.55%,15.3,16.34,15.8,41,166,0.25,14.45%,11.78%,0.16381,2026-09-10
$SPX,7591.7,2026-09-17,7,Call,"7,925.00",-4.39%,0.2,0.25,0.35,65,264,0.25,14.45%,12.27%,0.006592,2026-09-10
$SPX,7591.7,2026-09-16,6,Call,"7,725.00",-1.76%,8.6,8.4,9,97,389,0.25,14.45%,12.27%,0.14447,2026-09-10
$SPX,7591.7,2026-09-16,6,Call,"7,840.00",-3.27%,0.5,0.6,0.7,101,406,0.25,14.45%,11.36%,0.015325,2026-09-10
$SPX,7591.7,2026-09-16,6,Call,"7,895.00",-4.00%,0.2,0.25,0.35,45,177,0.25,14.45%,12.23%,0.007092,2026-09-10
$SPX,7591.7,2026-10-16,36,Call,"8,270.00",-8.93%,1.2,1.36,1.55,124,490,0.25,14.45%,11.78%,0.014062,2026-09-10
$SPX,7591.7,2026-09-23,13,Call,"7,650.00",-0.77%,55.4,57.78,56,41,161,0.25,14.45%,13.52%,0.406542,2026-09-10
$SPX,7591.7,2026-09-23,13,Call,"7,900.00",-4.06%,1.5,1.55,1.75,84,334,0.25,14.45%,10.62%,0.028004,2026-09-10
$SPX,7591.7,2026-10-16,36,Call,"7,750.00",-2.09%,70,71.5,70.8,222,897,0.25,14.45%,13.01%,0.346335,2026-09-10
$SPX,7591.7,2027-01-15,127,Put,"7,475.00",-1.54%,193.6,192.9,195.6,16,63,0.25,14.45%,16.08%,-0.378801,2026-09-10
$SPX,7591.7,2026-09-30,20,Put,"7,455.00",-1.80%,55.2,58.1,55.8,29,114,0.25,14.45%,16.42%,-0.296298,2026-09-10
$SPX,7591.7,2026-11-20,71,Put,"6,710.00",-11.61%,39.8,40.67,40.9,98,389,0.25,14.45%,24.10%,-0.10102,2026-09-10
$SPX,7591.7,2026-09-25,15,Put,"7,695.00",+1.36%,130.5,131.17,131.5,32,130,0.25,14.45%,12.04%,-0.698525,2026-09-10
$SPX,7591.7,2026-09-18,8,Call,"7,515.00",+1.01%,127.9,126,128.8,12,51,0.24,14.45%,18.02%,0.664198,2026-09-10
$SPX,7591.7,2026-09-18,8,Call,"7,805.00",-2.81%,3.7,3.71,4.1,325,1348,0.24,14.45%,12.02%,0.066325,2026-09-10
$SPX,7591.7,2026-09-25,15,Call,"7,900.00",-4.06%,2.6,2.96,2.95,319,1356,0.24,14.45%,10.82%,0.041361,2026-09-10
$SPX,7591.7,2027-03-31,202,Call,"8,025.00",-5.71%,208.8,206.48,210.7,90,381,0.24,14.45%,14.08%,0.394835,2026-09-10
$SPX,7591.7,2027-05-21,253,Call,"8,200.00",-8.01%,204.9,205.23,207.3,424,1743,0.24,14.45%,14.20%,0.359774,2026-09-10
$SPX,7591.7,2026-11-20,71,Call,"7,975.00",-5.05%,55.5,55.2,56.7,13,55,0.24,14.45%,12.62%,0.233492,2026-09-10
$SPX,7591.7,2026-11-20,71,Call,"7,000.00",+7.79%,696.5,703.41,720.5,20,84,0.24,14.45%,21.65%,0.834739,2026-09-10
$SPX,7591.7,2026-09-16,6,Call,"7,960.00",-4.85%,0.1,0.2,0.25,26,108,0.24,14.45%,13.80%,0.004205,2026-09-10
$SPX,7591.7,2026-10-16,36,Call,"7,830.00",-3.14%,40.3,39.41,42,78,324,0.24,14.45%,12.18%,0.243976,2026-09-10
$SPX,7591.7,2026-09-18,8,Call,"7,600.00",-0.11%,68.6,66.9,69.7,13332,55309,0.24,14.45%,15.67%,0.499518,2026-09-10
$SPX,7591.7,2026-09-24,14,Call,"7,740.00",-1.95%,23.2,23.7,24.1,10,42,0.24,14.45%,12.13%,0.228526,2026-09-10
$SPX,7591.7,2026-10-16,36,Call,"7,730.00",-1.82%,78.7,77.68,79.6,25,103,0.24,14.45%,13.22%,0.372223,2026-09-10
$SPX,7591.7,2027-01-15,127,Put,"7,800.00",+2.74%,309.7,313,311.8,12,49,0.24,14.45%,13.24%,-0.599561,2026-09-10
$SPX,7591.7,2026-09-18,8,Put,"7,380.00",-2.79%,19.1,18.74,19.6,122,508,0.24,14.45%,20.06%,-0.160809,2026-09-10
$SPX,7591.7,2026-09-18,8,Put,"7,245.00",-4.57%,9.6,9.6,9.9,34,144,0.24,14.45%,23.23%,-0.081078,2026-09-10
$SPX,7591.7,2026-09-28,18,Put,"7,640.00",+0.64%,105.8,111.25,107,10,41,0.24,14.45%,12.84%,-0.567112,2026-09-10
$SPX,7591.7,2027-01-15,127,Put,"6,700.00",-11.75%,74.3,75.4,76,1087,4438,0.24,14.45%,22.67%,-0.138094,2026-09-10
$SPX,7591.7,2026-09-25,15,Put,"7,280.00",-4.11%,21.7,22,22.5,15,63,0.24,14.45%,20.03%,-0.138697,2026-09-10
$SPX,7591.7,2026-11-30,81,Put,"7,615.00",+0.31%,192.1,194.52,193.8,12,49,0.24,14.45%,14.50%,-0.474714,2026-09-10
$SPX,7591.7,2027-02-19,162,Put,"6,200.00",-18.33%,57.4,58,59.1,750,3079,0.24,14.45%,25.99%,-0.089403,2026-09-10
$SPX,7591.7,2026-11-03,54,Put,"7,500.00",-1.21%,121.4,123.14,124.1,12,51,0.24,14.45%,15.51%,-0.381072,2026-09-10
$SPX,7591.7,2026-10-01,21,Put,"7,150.00",-5.82%,20.5,21.47,21.3,12,50,0.24,14.45%,21.38%,-0.109075,2026-09-10
$SPX,7591.7,2026-09-17,7,Put,"7,600.00",+0.11%,63.4,64.4,63.9,296,1210,0.24,14.45%,14.72%,-0.50722,2026-09-10
$SPX,7591.7,2026-09-17,7,Put,"6,600.00",-13.06%,1.15,1.24,1.35,46,193,0.24,14.45%,42.84%,-0.008202,2026-09-10
$SPX,7591.7,2026-09-16,6,Put,"7,440.00",-2.00%,17.8,18.9,18.2,61,251,0.24,14.45%,18.21%,-0.184248,2026-09-10
$SPX,7591.7,2026-09-16,6,Put,"7,420.00",-2.26%,15.4,15.16,15.8,42,176,0.24,14.45%,18.68%,-0.16114,2026-09-10
$SPX,7591.7,2026-10-16,36,Put,"7,425.00",-2.20%,76.1,76.43,77.9,1100,4599,0.24,14.45%,16.39%,-0.303143,2026-09-10
$SPX,7591.7,2026-10-16,36,Put,"6,140.00",-19.12%,6.8,7.2,7.5,451,1909,0.24,14.45%,35.09%,-0.022122,2026-09-10
$SPX,7591.7,2026-09-18,8,Put,"7,230.00",-4.76%,7.7,8.39,8.3,155,640,0.24,14.45%,22.88%,-0.069492,2026-09-10
$SPX,7591.7,2026-10-05,25,Put,"7,680.00",+1.16%,139.2,138.77,140.6,10,42,0.24,14.45%,12.43%,-0.61835,2026-09-10
$SPX,7591.7,2026-10-16,36,Put,"7,665.00",+0.97%,152.5,153.53,153.8,13,55,0.24,14.45%,13.22%,-0.563783,2026-09-10
$SPX,7591.7,2026-10-16,36,Put,"7,435.00",-2.06%,79.7,81.3,80.9,20,85,0.24,14.45%,16.40%,-0.312645,2026-09-10
$SPX,7591.7,2026-09-25,15,Put,"7,400.00",-2.53%,35.8,34.91,36.2,556,2393,0.23,14.45%,17.87%,-0.223604,2026-09-10
$SPX,7591.7,2026-09-25,15,Put,"7,380.00",-2.79%,32.6,33.6,33.5,73,315,0.23,14.45%,18.22%,-0.20614,2026-09-10
$SPX,7591.7,2026-11-30,81,Put,"7,480.00",-1.47%,150.2,147.82,151.7,10,44,0.23,14.45%,15.83%,-0.375476,2026-09-10
$SPX,7591.7,2026-10-08,28,Put,"7,250.00",-4.50%,38.1,39.25,39.2,27,117,0.23,14.45%,19.21%,-0.174045,2026-09-10
$SPX,7591.7,2027-06-17,280,Put,"5,200.00",-31.50%,47.9,48.7,49.1,825,3617,0.23,14.45%,30.89%,-0.050912,2026-09-10
$SPX,7591.7,2026-09-16,6,Put,"7,400.00",-2.53%,13.4,13.8,13.8,463,2055,0.23,14.45%,19.17%,-0.141266,2026-09-10
$SPX,7591.7,2026-09-16,6,Put,"7,260.00",-4.37%,5.4,5.3,5.7,30,130,0.23,14.45%,22.66%,-0.058091,2026-09-10
$SPX,7591.7,2026-09-16,6,Put,"6,200.00",-18.33%,0.35,0.4,0.5,165,717,0.23,14.45%,57.18%,-0.002511,2026-09-10
$SPX,7591.7,2026-10-16,36,Put,"6,190.00",-18.46%,7.3,6.6,7.9,77,338,0.23,14.45%,34.30%,-0.023838,2026-09-10
$SPX,7591.7,2026-09-18,8,Put,"7,325.00",-3.51%,12.4,13.6,13.2,1267,5542,0.23,14.45%,20.58%,-0.112607,2026-09-10
$SPX,7591.7,2026-09-23,13,Put,"7,575.00",-0.22%,69.9,72.27,70.9,29,128,0.23,14.45%,14.44%,-0.448017,2026-09-10
$SPX,7591.7,2026-09-23,13,Put,"7,310.00",-3.71%,20.2,17.15,20.6,20,88,0.23,14.45%,19.52%,-0.140814,2026-09-10
$SPX,7591.7,2026-09-29,19,Put,"6,900.00",-9.11%,8.3,8.85,8.9,10,43,0.23,14.45%,25.73%,-0.045822,2026-09-10
$SPX,7591.7,2026-10-16,36,Put,"7,460.00",-1.73%,85.2,86,86.5,27,119,0.23,14.45%,16.05%,-0.333517,2026-09-10
$SPX,7591.7,2026-10-16,36,Put,"7,420.00",-2.26%,76.6,78.1,77.7,30,132,0.23,14.45%,16.60%,-0.300666,2026-09-10
$SPX,7591.7,2026-10-16,36,Put,"7,390.00",-2.66%,70.7,72.4,71.9,20,87,0.23,14.45%,17.01%,-0.278233,2026-09-10
$SPX,7591.7,2026-10-16,36,Put,"7,190.00",-5.29%,42.7,43.6,43.7,17,75,0.23,14.45%,19.71%,-0.168197,2026-09-10
$SPX,7591.7,2026-09-30,20,Call,"7,670.00",-1.03%,65.4,64.29,66.5,37,164,0.23,14.45%,13.22%,0.400606,2026-09-10
$SPX,7591.7,2026-09-30,20,Call,"7,700.00",-1.43%,51.8,52.47,52.4,583,2492,0.23,14.45%,12.78%,0.34749,2026-09-10
$SPX,7591.7,2027-08-20,344,Call,"8,450.00",-11.31%,216.6,220.55,219.4,15,65,0.23,14.45%,14.40%,0.334546,2026-09-10
$SPX,7591.7,2027-08-20,344,Call,"9,500.00",-25.14%,31.3,31.45,32.6,22,97,0.23,14.45%,12.97%,0.077841,2026-09-10
$SPX,7591.7,2026-11-20,71,Call,"7,710.00",-1.56%,161.6,158.83,163.5,80,343,0.23,14.45%,14.34%,0.460672,2026-09-10
$SPX,7591.7,2026-11-20,71,Call,"7,735.00",-1.89%,148.3,146.59,150.4,42,186,0.23,14.45%,14.14%,0.439229,2026-09-10
$SPX,7591.7,2026-10-08,28,Call,"8,100.00",-6.70%,1.6,1.89,2.05,12,52,0.23,14.45%,10.98%,0.021523,2026-09-10
$SPX,7591.7,2026-09-17,7,Call,"7,825.00",-3.07%,1.4,1.5,1.65,111,483,0.23,14.45%,11.51%,0.032358,2026-09-10
$SPX,7591.7,2026-09-16,6,Call,"7,645.00",-0.70%,33.2,32.7,33.6,29,127,0.23,14.45%,13.95%,0.363541,2026-09-10
$SPX,7591.7,2026-09-16,6,Call,"7,765.00",-2.28%,3.5,3.5,3.7,321,1403,0.23,14.45%,11.66%,0.071785,2026-09-10
$SPX,7591.7,2026-10-16,36,Call,"7,800.00",-2.74%,49.7,51.2,51.4,4451,19242,0.23,14.45%,12.42%,0.280784,2026-09-10
$SPX,7591.7,2026-09-24,14,Call,"7,850.00",-3.40%,4.4,4.55,5.1,20,87,0.23,14.45%,10.87%,0.067405,2026-09-10
$SPX,7591.7,2026-10-16,36,Call,"7,775.00",-2.41%,60.1,60.68,60.9,44,192,0.23,14.45%,12.77%,0.314347,2026-09-10
$SPX,7591.7,2027-01-15,127,Put,"6,900.00",-9.11%,93.8,93.88,95.3,10,44,0.23,14.45%,20.99%,-0.177186,2026-09-10
$SPX,7591.7,2026-09-18,8,Put,"7,605.00",+0.18%,69.8,71.5,70.5,211,937,0.23,14.45%,14.71%,-0.517137,2026-09-10
$SPX,7591.7,2026-10-06,26,Put,"6,500.00",-14.38%,6.6,6.7,7.1,16,71,0.23,14.45%,31.42%,-0.027318,2026-09-10
$SPX,7591.7,2026-09-30,20,Put,"7,565.00",-0.35%,83.6,83.41,84.7,16,70,0.23,14.45%,14.53%,-0.434712,2026-09-10
$SPX,7591.7,2026-11-20,71,Put,"7,595.00",+0.04%,174.7,169.6,176.4,29,125,0.23,14.45%,14.69%,-0.461066,2026-09-10
$SPX,7591.7,2026-09-18,8,Call,"7,600.00",-0.11%,69.8,69.24,70.4,817,3683,0.22,14.45%,15.88%,0.499649,2026-09-10
$SPX,7591.7,2026-09-28,18,Call,"7,675.00",-1.10%,55.8,56.04,56.9,29,130,0.22,14.45%,12.84%,0.379883,2026-09-10
$SPX,7591.7,2026-11-20,71,Call,"7,685.00",-1.23%,175.5,170.82,177.5,14,65,0.22,14.45%,14.56%,0.481758,2026-09-10
$SPX,7591.7,2026-09-25,15,Call,"7,825.00",-3.07%,8.8,9.18,9.2,264,1213,0.22,14.45%,11.37%,0.107966,2026-09-10
$SPX,7591.7,2027-03-19,190,Call,"8,550.00",-12.62%,51.3,54,52.9,103,469,0.22,14.45%,12.62%,0.151112,2026-09-10
$SPX,7591.7,2026-10-08,28,Call,"7,690.00",-1.29%,76.8,75.21,78.2,22,99,0.22,14.45%,13.26%,0.398903,2026-09-10
$SPX,7591.7,2026-10-01,21,Call,"7,700.00",-1.43%,55.1,54.28,56.3,66,297,0.22,14.45%,12.97%,0.354654,2026-09-10
$SPX,7591.7,2026-10-16,36,Call,"7,570.00",+0.29%,167.3,165.8,169.3,30,136,0.22,14.45%,15.01%,0.56433,2026-09-10
$SPX,7591.7,2026-10-16,36,Call,"7,965.00",-4.92%,13.7,14.25,15.1,102,465,0.22,14.45%,11.40%,0.111103,2026-09-10
$SPX,7591.7,2026-09-18,8,Call,"7,825.00",-3.07%,2.1,2.16,2.5,1737,7821,0.22,14.45%,11.57%,0.043495,2026-09-10
$SPX,7591.7,2026-10-16,36,Call,"7,740.00",-1.95%,74,76.5,75.3,55,247,0.22,14.45%,13.11%,0.359223,2026-09-10
$SPX,7591.7,2026-10-16,36,Call,"7,915.00",-4.26%,21.9,21.88,23.1,16,73,0.22,14.45%,11.76%,0.155929,2026-09-10
$SPX,7591.7,2026-10-16,36,Call,"8,110.00",-6.83%,4.1,4.2,4.5,33,153,0.22,14.45%,11.25%,0.040184,2026-09-10
$SPX,7591.7,2026-09-18,8,Put,"6,220.00",-18.07%,0.8,0.95,1,10,46,0.22,14.45%,52.82%,-0.004707,2026-09-10
$SPX,7591.7,2026-10-07,27,Put,"7,300.00",-3.84%,42.4,43.49,42.9,70,324,0.22,14.45%,18.46%,-0.197098,2026-09-10
$SPX,7591.7,2026-09-30,20,Put,"7,595.00",+0.04%,94.3,97.04,94.9,33,153,0.22,14.45%,14.01%,-0.481501,2026-09-10
$SPX,7591.7,2026-09-30,20,Put,"7,540.00",-0.68%,76.1,77.52,76.8,43,200,0.22,14.45%,14.97%,-0.398723,2026-09-10
$SPX,7591.7,2026-09-30,20,Put,"7,365.00",-2.99%,39.7,41.37,40.2,17,76,0.22,14.45%,17.91%,-0.216079,2026-09-10
$SPX,7591.7,2026-11-20,71,Put,"7,585.00",-0.09%,171,173.6,173.1,17,79,0.22,14.45%,14.79%,-0.452425,2026-09-10
$SPX,7591.7,2026-09-25,15,Put,"7,485.00",-1.41%,51.2,50.44,52.1,19,86,0.22,14.45%,16.29%,-0.314702,2026-09-10
$SPX,7591.7,2027-02-19,162,Put,"7,825.00",+3.07%,346.2,348.7,348.8,102,473,0.22,14.45%,13.42%,-0.591178,2026-09-10
$SPX,7591.7,2026-10-01,21,Put,"7,675.00",+1.10%,131,126.93,132.4,23,105,0.22,14.45%,12.63%,-0.621841,2026-09-10
$SPX,7591.7,2026-09-16,6,Put,"7,075.00",-6.81%,2.35,2.55,2.6,94,435,0.22,14.45%,28.21%,-0.023715,2026-09-10
$SPX,7591.7,2026-10-16,36,Put,"7,575.00",-0.22%,115.6,114.48,117.9,284,1303,0.22,14.45%,14.32%,-0.448615,2026-09-10
$SPX,7591.7,2026-10-16,36,Put,"7,265.00",-4.30%,50.1,51.5,51.7,177,822,0.22,14.45%,18.56%,-0.20088,2026-09-10
$SPX,7591.7,2026-10-23,43,Put,"7,300.00",-3.84%,64.7,67.55,66,101,467,0.22,14.45%,17.94%,-0.233423,2026-09-10
$SPX,7591.7,2026-10-16,36,Put,"7,670.00",+1.03%,154.7,156.69,156.1,26,118,0.22,14.45%,13.14%,-0.571203,2026-09-10
$SPX,7591.7,2026-10-16,36,Put,"7,325.00",-3.51%,59.8,62.2,60.6,44,203,0.22,14.45%,17.88%,-0.235625,2026-09-10
$SPX,7591.7,2026-09-25,15,Put,"7,425.00",-2.20%,39.7,41.2,40.3,183,869,0.21,14.45%,17.42%,-0.247254,2026-09-10
$SPX,7591.7,2027-03-19,190,Put,"7,725.00",+1.76%,328,330.5,330.9,270,1283,0.21,14.45%,14.79%,-0.508795,2026-09-10
$SPX,7591.7,2026-10-16,36,Put,"7,415.00",-2.33%,74.1,77.1,75.8,113,527,0.21,14.45%,16.53%,-0.295239,2026-09-10
$SPX,7591.7,2026-10-16,36,Put,"6,500.00",-14.38%,10.9,11.5,11.9,4446,21428,0.21,14.45%,29.44%,-0.03904,2026-09-10
$SPX,7591.7,2026-10-16,36,Put,"5,875.00",-22.61%,4.9,5.1,5.5,179,870,0.21,14.45%,39.24%,-0.015036,2026-09-10
$SPX,7591.7,2026-10-23,43,Put,"7,250.00",-4.50%,57.7,60.3,58.9,57,278,0.21,14.45%,18.57%,-0.208004,2026-09-10
$SPX,7591.7,2026-09-18,8,Put,"7,395.00",-2.59%,18.4,20.06,19.3,139,675,0.21,14.45%,18.96%,-0.164851,2026-09-10
$SPX,7591.7,2026-10-05,25,Put,"7,325.00",-3.51%,41.2,42.16,42.3,13,62,0.21,14.45%,18.02%,-0.203831,2026-09-10
$SPX,7591.7,2026-09-24,14,Put,"7,565.00",-0.35%,70,67.65,71,12,58,0.21,14.45%,14.75%,-0.43109,2026-09-10
$SPX,7591.7,2026-10-16,36,Put,"7,290.00",-3.97%,54.6,56.55,55.7,21,100,0.21,14.45%,18.36%,-0.215712,2026-09-10
$SPX,7591.7,2026-09-18,8,Call,"7,580.00",+0.15%,82.2,81.9,82.9,131,611,0.21,14.45%,16.38%,0.543225,2026-09-10
$SPX,7591.7,2026-09-18,8,Call,"7,660.00",-0.90%,38.5,40.21,39,86,410,0.21,14.45%,14.48%,0.355678,2026-09-10
$SPX,7591.7,2026-09-18,8,Call,"7,765.00",-2.28%,8.2,8.36,8.6,104,485,0.21,14.45%,12.52%,0.121856,2026-09-10
$SPX,7591.7,2026-09-18,8,Call,"7,775.00",-2.41%,6.8,6.5,7.2,334,1600,0.21,14.45%,12.38%,0.105801,2026-09-10
$SPX,7591.7,2026-09-30,20,Call,"7,980.00",-5.11%,1.7,1.86,2.1,34,165,0.21,14.45%,10.53%,0.026817,2026-09-10
$SPX,7591.7,2027-07-16,309,Call,"7,450.00",+1.87%,704.3,703,708.5,733,3450,0.21,14.45%,17.97%,0.655767,2026-09-10
$SPX,7591.7,2026-11-20,71,Call,"8,010.00",-5.51%,46.3,45.4,47.9,20,94,0.21,14.45%,12.43%,0.206255,2026-09-10
$SPX,7591.7,2026-09-25,15,Call,"7,910.00",-4.19%,2.25,2.27,2.55,99,474,0.21,14.45%,10.82%,0.036456,2026-09-10
$SPX,7591.7,2026-11-30,81,Call,"7,715.00",-1.62%,172.6,171.7,174.3,29,138,0.21,14.45%,14.11%,0.466007,2026-09-10
$SPX,7591.7,2027-06-17,280,Call,"8,575.00",-12.95%,117.3,117.53,119.3,118,569,0.21,14.45%,13.48%,0.237844,2026-09-10
$SPX,7591.7,2026-10-23,43,Call,"8,100.00",-6.70%,7.3,7.7,8.2,50,240,0.21,14.45%,11.29%,0.061753,2026-09-10
$SPX,7591.7,2026-09-23,13,Call,"8,075.00",-6.37%,0.15,0.35,0.45,17,80,0.21,14.45%,12.47%,0.005311,2026-09-10
$SPX,7591.7,2026-10-16,36,Call,"7,940.00",-4.59%,17.9,17.65,18.8,21,98,0.21,14.45%,11.63%,0.133446,2026-09-10
$SPX,7591.7,2026-09-30,20,Put,"7,130.00",-6.08%,18,16.65,18.4,36,173,0.21,14.45%,21.75%,-0.097895,2026-09-10
$SPX,7591.7,2026-11-20,71,Put,"7,385.00",-2.72%,116.8,118.16,118.7,154,728,0.21,14.45%,16.88%,-0.313947,2026-09-10
$SPX,7591.7,2026-09-18,8,Call,"7,535.00",+0.75%,113,107.75,113.9,15,76,0.2,14.45%,17.50%,0.630463,2026-09-10
$SPX,7591.7,2026-09-28,18,Call,"7,780.00",-2.48%,19,18.05,19.9,13,66,0.2,14.45%,11.36%,0.187368,2026-09-10
$SPX,7591.7,2026-11-20,71,Call,"7,800.00",-2.74%,116.9,116.4,118.8,1259,6417,0.2,14.45%,13.64%,0.382135,2026-09-10
$SPX,7591.7,2026-11-20,71,Call,"7,900.00",-4.06%,77.9,78,79.2,15,75,0.2,14.45%,13.00%,0.29471,2026-09-10
$SPX,7591.7,2026-11-20,71,Call,"8,070.00",-6.30%,34.7,38,35.8,11,56,0.2,14.45%,12.25%,0.16585,2026-09-10
$SPX,7591.7,2026-10-16,36,Call,"7,780.00",-2.48%,56.7,56.1,58.5,106,529,0.2,14.45%,12.60%,0.306134,2026-09-10
$SPX,7591.7,2026-10-05,25,Call,"8,300.00",-9.33%,0.35,0.45,0.6,18,88,0.2,14.45%,13.03%,0.005776,2026-09-10
$SPX,7591.7,2026-09-23,13,Call,"7,860.00",-3.53%,2.9,3,3.4,14,69,0.2,14.45%,10.68%,0.049646,2026-09-10
$SPX,7591.7,2026-10-16,36,Call,"7,790.00",-2.61%,54.4,53.73,55.5,17,86,0.2,14.45%,12.63%,0.295242,2026-09-10
$SPX,7591.7,2026-10-16,36,Call,"8,125.00",-7.02%,3.6,3.8,4,49,251,0.2,14.45%,11.26%,0.036037,2026-09-10
$SPX,7591.7,2026-10-16,36,Call,"8,210.00",-8.14%,1.8,2,2.15,30,153,0.2,14.45%,11.46%,0.019916,2026-09-10
$SPX,7591.7,2026-09-18,8,Put,"7,645.00",+0.70%,88.2,89.36,89.1,50,251,0.2,14.45%,13.67%,-0.622443,2026-09-10
$SPX,7591.7,2026-09-18,8,Put,"7,440.00",-2.00%,26.8,26.03,27.3,213,1040,0.2,14.45%,18.71%,-0.22123,2026-09-10
$SPX,7591.7,2026-09-18,8,Put,"7,405.00",-2.46%,21.8,23,22.5,41,206,0.2,14.45%,19.48%,-0.183339,2026-09-10
$SPX,7591.7,2026-09-18,8,Put,"7,280.00",-4.11%,11.2,11.57,11.8,62,316,0.2,14.45%,22.37%,-0.096079,2026-09-10
$SPX,7591.7,2026-09-18,8,Put,"7,100.00",-6.48%,5.3,5.4,5.6,559,2816,0.2,14.45%,27.00%,-0.043305,2026-09-10
$SPX,7591.7,2027-12-17,463,Put,"4,950.00",-34.80%,67.1,69.1,71.8,86,422,0.2,14.45%,29.67%,-0.056636,2026-09-10
$SPX,7591.7,2027-01-15,127,Put,"6,525.00",-14.05%,61.3,61.6,62.9,254,1286,0.2,14.45%,24.17%,-0.11186,2026-09-10
$SPX,7591.7,2026-11-20,71,Put,"7,605.00",+0.18%,178.1,181.8,179.9,44,222,0.2,14.45%,14.59%,-0.469447,2026-09-10
$SPX,7591.7,2026-09-25,15,Put,"7,665.00",+0.97%,114,113.64,115.1,35,171,0.2,14.45%,12.71%,-0.629382,2026-09-10
$SPX,7591.7,2026-09-25,15,Put,"7,200.00",-5.16%,16.1,16,16.5,156,783,0.2,14.45%,21.47%,-0.101992,2026-09-10
$SPX,7591.7,2026-09-25,15,Put,"7,180.00",-5.42%,14.8,15.37,15.5,22,111,0.2,14.45%,21.83%,-0.094628,2026-09-10
$SPX,7591.7,2027-06-17,280,Put,"7,025.00",-7.46%,208.7,210.3,210.9,80,410,0.2,14.45%,19.75%,-0.251382,2026-09-10
$SPX,7591.7,2026-11-20,71,Put,"7,315.00",-3.64%,105.1,105.5,106.5,12,59,0.2,14.45%,17.79%,-0.27861,2026-09-10
$SPX,7591.7,2026-11-20,71,Put,"5,000.00",-34.14%,5.7,5.8,6.1,40,197,0.2,14.45%,43.87%,-0.011014,2026-09-10
$SPX,7591.7,2026-09-16,6,Put,"7,320.00",-3.58%,7.8,8.3,8.1,41,201,0.2,14.45%,21.11%,-0.083728,2026-09-10
$SPX,7591.7,2026-09-16,6,Put,"6,700.00",-11.75%,0.9,1.01,1.1,51,260,0.2,14.45%,40.71%,-0.007541,2026-09-10
$SPX,7591.7,2026-10-16,36,Put,"7,295.00",-3.91%,53.9,50.28,55.7,63,322,0.2,14.45%,18.14%,-0.216736,2026-09-10
$SPX,7591.7,2026-10-23,43,Put,"7,000.00",-7.79%,33.9,35,35,40,196,0.2,14.45%,21.77%,-0.119796,2026-09-10
$SPX,7591.7,2026-09-18,8,Put,"7,280.00",-4.11%,9.8,9.91,10.5,161,787,0.2,14.45%,21.65%,-0.089021,2026-09-10
$SPX,7591.7,2026-09-18,8,Put,"6,340.00",-16.49%,0.9,0.88,1.15,156,765,0.2,14.45%,48.98%,-0.005687,2026-09-10
$SPX,7591.7,2026-10-05,25,Put,"7,725.00",+1.76%,163.8,161.47,165.1,19,96,0.2,14.45%,11.65%,-0.702782,2026-09-10
$SPX,7591.7,2026-09-23,13,Put,"7,700.00",+1.43%,120.7,129.65,139.7,17,83,0.2,14.45%,11.87%,-0.728432,2026-09-10
$SPX,7591.7,2026-09-24,14,Put,"7,000.00",-7.79%,7.3,8.2,7.9,13,64,0.2,14.45%,25.57%,-0.047357,2026-09-10
$SPX,7591.7,2026-10-16,36,Put,"7,555.00",-0.48%,111,113.2,112.3,16,82,0.2,14.45%,14.75%,-0.426152,2026-09-10
$SPX,7591.7,2026-10-16,36,Put,"7,500.00",-1.21%,95.4,95.61,96.3,373,1853,0.2,14.45%,15.51%,-0.369854,2026-09-10
$SPX,7591.7,2026-10-16,36,Put,"7,740.00",+1.95%,190.2,189,191.5,18,91,0.2,14.45%,12.13%,-0.676639,2026-09-10
$SPX,7591.7,2026-10-16,36,Put,"7,220.00",-4.90%,45.9,44.04,46.9,10,51,0.2,14.45%,19.30%,-0.181032,2026-09-10
$SPX,7591.7,2026-09-25,15,Put,"7,470.00",-1.60%,48,49.84,48.9,41,219,0.19,14.45%,16.58%,-0.296274,2026-09-10
$SPX,7591.7,2026-09-25,15,Put,"7,350.00",-3.18%,29,29.48,29.5,140,730,0.19,14.45%,18.77%,-0.182933,2026-09-10
$SPX,7591.7,2026-11-30,81,Put,"7,590.00",-0.02%,183.3,183.26,185.1,24,124,0.19,14.45%,14.75%,-0.454271,2026-09-10
$SPX,7591.7,2027-03-31,202,Put,"7,620.00",+0.37%,299,300.27,301.7,10,54,0.19,14.45%,15.62%,-0.446384,2026-09-10
$SPX,7591.7,2027-03-19,190,Put,"3,950.00",-47.97%,11.5,11.34,12.2,100,517,0.19,14.45%,44.82%,-0.012485,2026-09-10
$SPX,7591.7,2026-10-16,36,Put,"7,830.00",+3.14%,245.4,247.13,247.9,25,132,0.19,14.45%,10.21%,-0.853007,2026-09-10
$SPX,7591.7,2026-10-23,43,Put,"7,225.00",-4.83%,54.4,56.08,55.7,33,176,0.19,14.45%,18.88%,-0.196266,2026-09-10
$SPX,7591.7,2026-10-23,43,Put,"6,500.00",-14.38%,14.4,14.9,15.2,16,85,0.19,14.45%,28.47%,-0.046572,2026-09-10
$SPX,7591.7,2026-09-18,8,Put,"7,400.00",-2.53%,18.9,20.25,19.8,9367,48080,0.19,14.45%,18.83%,-0.16927,2026-09-10
$SPX,7591.7,2026-09-18,8,Put,"6,890.00",-9.24%,2.55,2.75,2.8,579,3071,0.19,14.45%,32.42%,-0.0197,2026-09-10
$SPX,7591.7,2026-09-23,13,Put,"7,600.00",+0.11%,79.3,82.9,79.9,56,289,0.19,14.45%,13.93%,-0.497277,2026-09-10
$SPX,7591.7,2026-10-16,36,Put,"7,400.00",-2.53%,72.7,72.9,73.5,527,2779,0.19,14.45%,16.86%,-0.285323,2026-09-10
$SPX,7591.7,2026-09-30,20,Call,"7,640.00",-0.64%,81.1,79.3,82.3,47,243,0.19,14.45%,13.70%,0.452371,2026-09-10
$SPX,7591.7,2026-09-28,18,Call,"7,825.00",-3.07%,10.5,10.55,11.3,34,176,0.19,14.45%,10.88%,0.121644,2026-09-10
$SPX,7591.7,2026-09-25,15,Call,"7,810.00",-2.88%,10.6,10.55,11.4,63,332,0.19,14.45%,11.47%,0.126416,2026-09-10
$SPX,7591.7,2026-10-01,21,Call,"7,875.00",-3.73%,8.8,9.7,9.6,42,224,0.19,14.45%,11.03%,0.098121,2026-09-10
$SPX,7591.7,2026-09-16,6,Call,"7,875.00",-3.73%,0.25,0.33,0.4,203,1094,0.19,14.45%,11.75%,0.008555,2026-09-10
$SPX,7591.7,2026-10-16,36,Call,"7,630.00",-0.50%,129.4,129.1,131.7,17,90,0.19,14.45%,14.26%,0.496697,2026-09-10
$SPX,7591.7,2026-10-16,36,Call,"7,825.00",-3.07%,41.8,41.23,43.6,365,1891,0.19,14.45%,12.23%,0.25018,2026-09-10
$SPX,7591.7,2026-10-16,36,Call,"7,855.00",-3.47%,33.5,34.1,35.3,78,417,0.19,14.45%,11.99%,0.214954,2026-09-10
$SPX,7591.7,2026-10-16,36,Call,"8,200.00",-8.01%,1.8,2.18,2.25,4137,21246,0.19,14.45%,11.35%,0.020547,2026-09-10
$SPX,7591.7,2026-10-16,36,Call,"7,720.00",-1.69%,83,81.5,84.3,11,58,0.19,14.45%,13.32%,0.385019,2026-09-10
$SPX,7591.7,2026-09-18,8,Put,"7,660.00",+0.90%,96.2,99.7,97.1,217,1149,0.19,14.45%,13.25%,-0.664899,2026-09-10
$SPX,7591.7,2026-09-18,8,Put,"7,670.00",+1.03%,102,104.65,102.8,123,638,0.19,14.45%,12.98%,-0.693508,2026-09-10
$SPX,7591.7,2026-09-18,8,Put,"7,510.00",-1.08%,40,40.08,40.6,88,462,0.19,14.45%,17.05%,-0.319941,2026-09-10
$SPX,7591.7,2026-09-18,8,Put,"7,370.00",-2.92%,18.1,17.8,18.6,87,461,0.19,14.45%,20.30%,-0.152658,2026-09-10
$SPX,7591.7,2026-09-18,8,Put,"7,365.00",-2.99%,17.5,18.8,18.2,20,107,0.19,14.45%,20.41%,-0.148651,2026-09-10
$SPX,7591.7,2026-09-18,8,Put,"7,300.00",-3.84%,12.5,12.24,12.9,496,2590,0.19,14.45%,21.90%,-0.106206,2026-09-10
$SPX,7591.7,2026-09-18,8,Put,"7,250.00",-4.50%,9.8,9.37,10.2,292,1530,0.19,14.45%,23.12%,-0.083156,2026-09-10
$SPX,7591.7,2026-09-30,20,Put,"7,555.00",-0.48%,80.7,84.18,81.3,44,226,0.19,14.45%,14.71%,-0.42012,2026-09-10
$SPX,7591.7,2026-09-30,20,Put,"7,450.00",-1.87%,54.2,55.88,54.8,1141,6040,0.19,14.45%,16.51%,-0.291194,2026-09-10
$SPX,7591.7,2026-09-30,20,Put,"7,420.00",-2.26%,48.2,51.2,49.2,45,242,0.19,14.45%,17.00%,-0.261825,2026-09-10
$SPX,7591.7,2026-09-30,20,Put,"7,160.00",-5.69%,19.8,20.4,20.2,21,111,0.19,14.45%,21.26%,-0.107897,2026-09-10
$SPX,7591.7,2027-08-20,344,Put,"7,950.00",+4.72%,504.4,508.48,508.3,20,103,0.19,14.45%,14.21%,-0.582779,2026-09-10
$SPX,7591.7,2027-01-29,141,Put,"7,350.00",-3.18%,175.3,175.1,177.3,11,59,0.19,14.45%,17.16%,-0.322836,2026-09-10
$SPX,7591.7,2027-07-16,309,Put,"7,950.00",+4.72%,487.4,491.43,490.7,389,2015,0.19,14.45%,13.93%,-0.597041,2026-09-10
$SPX,7591.7,2026-09-25,15,Put,"7,660.00",+0.90%,111.5,110.62,112.6,30,156,0.19,14.45%,12.82%,-0.617973,2026-09-10
$SPX,7591.7,2026-09-25,15,Put,"7,520.00",-0.94%,59.6,60.88,60.7,35,187,0.19,14.45%,15.63%,-0.361841,2026-09-10
$SPX,7591.7,2027-01-15,127,Call,"8,800.00",-15.92%,6.1,6.8,6.8,10,55,0.18,14.45%,12.02%,0.031491,2026-09-10
$SPX,7591.7,2026-09-18,8,Call,"7,725.00",-1.76%,16.1,16.39,16.5,267,1464,0.18,14.45%,13.15%,0.199486,2026-09-10
$SPX,7591.7,2026-09-30,20,Call,"7,850.00",-3.40%,10.6,10.4,11,1157,6414,0.18,14.45%,11.05%,0.114236,2026-09-10
$SPX,7591.7,2027-07-16,309,Call,"10,400.00",-36.99%,3.5,3.9,4.2,64,358,0.18,14.45%,13.25%,0.012439,2026-09-10
$SPX,7591.7,2026-11-20,71,Call,"7,715.00",-1.62%,158.9,158.98,161,32,180,0.18,14.45%,14.31%,0.456445,2026-09-10
$SPX,7591.7,2026-11-20,71,Call,"8,025.00",-5.71%,43.1,43.65,44.5,77,430,0.18,14.45%,12.37%,0.195509,2026-09-10
$SPX,7591.7,2026-09-25,15,Call,"7,650.00",-0.77%,63.9,64.46,64.5,107,589,0.18,14.45%,13.90%,0.418997,2026-09-10
$SPX,7591.7,2026-09-25,15,Call,"7,760.00",-2.22%,20.9,20.5,21.7,20,109,0.18,14.45%,12.09%,0.205733,2026-09-10
$SPX,7591.7,2026-11-30,81,Call,"7,710.00",-1.56%,175.3,171.89,177,36,202,0.18,14.45%,14.15%,0.47003,2026-09-10
$SPX,7591.7,2026-11-20,71,Call,"7,930.00",-4.46%,68.2,69.65,69.5,17,95,0.18,14.45%,12.84%,0.269518,2026-09-10
$SPX,7591.7,2026-10-16,36,Call,"8,130.00",-7.09%,3.1,3.45,3.7,107,609,0.18,14.45%,11.13%,0.03303,2026-09-10
$SPX,7591.7,2026-09-18,8,Call,"7,870.00",-3.67%,0.85,1.06,1.05,254,1451,0.18,14.45%,11.54%,0.020047,2026-09-10
$SPX,7591.7,2026-10-05,25,Call,"8,025.00",-5.71%,2.1,2.41,2.6,18,102,0.18,14.45%,10.62%,0.029135,2026-09-10
$SPX,7591.7,2026-10-05,25,Call,"8,200.00",-8.01%,0.45,0.66,0.8,18,98,0.18,14.45%,11.78%,0.008121,2026-09-10
$SPX,7591.7,2026-09-23,13,Call,"7,750.00",-2.09%,18.1,18.05,18.5,18,102,0.18,14.45%,11.84%,0.196324,2026-09-10
$SPX,7591.7,2026-09-23,13,Call,"7,840.00",-3.27%,4.1,4.3,4.8,16,88,0.18,14.45%,10.80%,0.066147,2026-09-10
$SPX,7591.7,2026-10-16,36,Call,"7,450.00",+1.87%,255.5,252.3,256.8,44,247,0.18,14.45%,16.75%,0.675144,2026-09-10
$SPX,7591.7,2026-09-18,8,Put,"7,575.00",-0.22%,58.5,57.5,59.2,352,1959,0.18,14.45%,15.47%,-0.446451,2026-09-10
$SPX,7591.7,2026-09-18,8,Put,"7,725.00",+1.76%,138.2,142.51,140.3,269,1510,0.18,14.45%,11.11%,-0.85891,2026-09-10
$SPX,7591.7,2026-09-18,8,Put,"7,305.00",-3.78%,12.7,10.9,13.4,42,237,0.18,14.45%,21.80%,-0.109054,2026-09-10
$SPX,7591.7,2026-09-18,8,Put,"7,240.00",-4.63%,9.2,9.3,9.8,34,184,0.18,14.45%,23.33%,-0.07902,2026-09-10
$SPX,7591.7,2026-09-18,8,Put,"6,000.00",-20.97%,0.55,0.66,0.75,663,3734,0.18,14.45%,59.27%,-0.003135,2026-09-10
$SPX,7591.7,2026-10-07,27,Put,"7,600.00",+0.11%,109.9,114.33,110.7,23,129,0.18,14.45%,13.93%,-0.4845,2026-09-10
$SPX,7591.7,2026-10-07,27,Put,"7,400.00",-2.53%,57.1,59.13,58.3,20,113,0.18,14.45%,16.97%,-0.265565,2026-09-10
$SPX,7591.7,2026-10-07,27,Put,"7,250.00",-4.50%,36.3,34.07,37.4,30,165,0.18,14.45%,19.20%,-0.17015,2026-09-10
$SPX,7591.7,2026-09-30,20,Put,"7,490.00",-1.34%,62.9,64.9,63.6,56,311,0.18,14.45%,15.83%,-0.334874,2026-09-10
$SPX,7591.7,2026-09-30,20,Put,"7,445.00",-1.93%,52.9,48,53.9,10,56,0.18,14.45%,16.58%,-0.285963,2026-09-10
$SPX,7591.7,2026-09-30,20,Put,"7,370.00",-2.92%,40.2,41.79,41.1,34,187,0.18,14.45%,17.83%,-0.219826,2026-09-10
$SPX,7591.7,2026-09-30,20,Put,"7,295.00",-3.91%,31,31.9,31.5,39,219,0.18,14.45%,19.06%,-0.169597,2026-09-10
$SPX,7591.7,2026-09-28,18,Put,"7,400.00",-2.53%,39,40.41,40,47,257,0.18,14.45%,17.09%,-0.23161,2026-09-10
$SPX,7591.7,2026-11-20,71,Put,"7,520.00",-0.94%,150.7,151.8,152.6,50,271,0.18,14.45%,15.47%,-0.401667,2026-09-10
$SPX,7591.7,2026-11-20,71,Put,"7,790.00",+2.61%,259,263.53,261.1,39,212,0.18,14.45%,12.58%,-0.657944,2026-09-10
$SPX,7591.7,2026-09-25,15,Put,"7,225.00",-4.83%,17.7,18.55,18.1,155,855,0.18,14.45%,21.02%,-0.112167,2026-09-10
$SPX,7591.7,2026-10-01,21,Put,"7,250.00",-4.50%,28.1,26.38,29,29,163,0.18,14.45%,19.75%,-0.150246,2026-09-10
$SPX,7591.7,2026-09-17,7,Put,"7,580.00",-0.15%,55.7,55.9,56.2,90,500,0.18,14.45%,15.22%,-0.45649,2026-09-10
$SPX,7591.7,2026-11-20,71,Put,"7,600.00",+0.11%,179.2,181.93,180.5,91,516,0.18,14.45%,14.84%,-0.465319,2026-09-10
$SPX,7591.7,2026-10-16,36,Put,"7,605.00",+0.18%,126.2,128.48,128.5,43,238,0.18,14.45%,13.91%,-0.48481,2026-09-10
$SPX,7591.7,2026-10-16,36,Put,"7,635.00",+0.57%,137.7,141.84,140.2,69,376,0.18,14.45%,13.49%,-0.523914,2026-09-10
$SPX,7591.7,2026-10-16,36,Put,"7,440.00",-2.00%,79.3,80.4,81.1,100,553,0.18,14.45%,16.19%,-0.315366,2026-09-10
$SPX,7591.7,2026-10-16,36,Put,"6,610.00",-12.93%,13,13.7,14,48,266,0.18,14.45%,27.79%,-0.047574,2026-09-10
$SPX,7591.7,2026-10-23,43,Put,"7,275.00",-4.17%,61.1,63.02,62.3,36,200,0.18,14.45%,18.26%,-0.220305,2026-09-10
$SPX,7591.7,2026-10-23,43,Put,"7,150.00",-5.82%,46.1,47.7,47.4,77,424,0.18,14.45%,19.83%,-0.16572,2026-09-10
$SPX,7591.7,2026-09-18,8,Put,"6,770.00",-10.82%,1.95,2,2.2,128,700,0.18,14.45%,36.00%,-0.014282,2026-09-10
$SPX,7591.7,2026-10-05,25,Put,"7,640.00",+0.64%,120.5,124.34,121.9,24,130,0.18,14.45%,13.09%,-0.549354,2026-09-10
$SPX,7591.7,2026-10-05,25,Put,"7,775.00",+2.41%,184.4,202.54,204.3,25,137,0.18,14.45%,10.23%,-0.823593,2026-09-10
$SPX,7591.7,2026-10-05,25,Put,"7,250.00",-4.50%,32.6,33.65,33.7,47,259,0.18,14.45%,19.16%,-0.161672,2026-09-10
$SPX,7591.7,2026-09-29,19,Put,"7,570.00",-0.29%,81.4,78.53,82.6,13,71,0.18,14.45%,14.22%,-0.441209,2026-09-10
$SPX,7591.7,2026-10-16,36,Put,"6,975.00",-8.12%,26.5,27.17,27.1,151,834,0.18,14.45%,22.66%,-0.101545,2026-09-10
$SPX,7591.7,2026-11-30,81,Put,"7,610.00",+0.24%,190.3,192.4,192,46,277,0.17,14.45%,14.55%,-0.470141,2026-09-10
$SPX,7591.7,2027-02-19,162,Put,"7,800.00",+2.74%,335.1,338.2,338.2,199,1153,0.17,14.45%,13.65%,-0.573502,2026-09-10
$SPX,7591.7,2027-02-19,162,Put,"7,075.00",-6.81%,140.2,140.44,142.6,110,649,0.17,14.45%,19.29%,-0.235486,2026-09-10
$SPX,7591.7,2027-03-19,190,Put,"11,800.00",+55.43%,3944.7,3948.68,3968.7,10,60,0.17,14.45%,0.00%,0,2026-09-10
$SPX,7591.7,2027-03-19,190,Put,"2,200.00",-71.02%,2.15,2.29,2.55,600,3519,0.17,14.45%,65.81%,-0.001948,2026-09-10
$SPX,7591.7,2026-11-03,54,Put,"7,000.00",-7.79%,44.3,44.55,46.2,19,113,0.17,14.45%,21.35%,-0.138207,2026-09-10
$SPX,7591.7,2027-06-17,280,Put,"9,000.00",+18.55%,1177.6,1176.03,1182.9,124,728,0.17,14.45%,0.00%,0,2026-09-10
$SPX,7591.7,2027-06-17,280,Put,"5,425.00",-28.54%,56.3,56.83,57.9,68,408,0.17,14.45%,29.34%,-0.061411,2026-09-10
$SPX,7591.7,2026-09-17,7,Put,"7,730.00",+1.82%,129.2,148.3,149.2,17,98,0.17,14.45%,9.12%,-0.946103,2026-09-10
$SPX,7591.7,2026-09-17,7,Put,"6,000.00",-20.97%,0.4,0.45,0.55,188,1082,0.17,14.45%,61.38%,-0.00242,2026-09-10
$SPX,7591.7,2026-09-16,6,Put,"7,495.00",-1.27%,26.5,27.7,27,22,131,0.17,14.45%,16.88%,-0.265238,2026-09-10
$SPX,7591.7,2026-09-16,6,Put,"7,695.00",+1.36%,101.5,116.2,119.3,13,76,0.17,14.45%,11.02%,-0.829977,2026-09-10
$SPX,7591.7,2026-09-16,6,Put,"7,450.00",-1.87%,19.1,18.67,19.5,214,1241,0.17,14.45%,17.95%,-0.196781,2026-09-10
$SPX,7591.7,2026-09-16,6,Put,"7,415.00",-2.33%,14.9,15.7,15.3,30,173,0.17,14.45%,18.81%,-0.156071,2026-09-10
$SPX,7591.7,2026-09-16,6,Put,"7,350.00",-3.18%,9.5,10.2,9.9,202,1208,0.17,14.45%,20.39%,-0.101771,2026-09-10
$SPX,7591.7,2026-10-16,36,Put,"7,650.00",+0.77%,144.2,148.15,146.4,1431,8376,0.17,14.45%,13.29%,-0.544318,2026-09-10
$SPX,7591.7,2026-10-16,36,Put,"7,250.00",-4.50%,48.1,50.12,49.7,1305,7655,0.17,14.45%,18.74%,-0.193186,2026-09-10
$SPX,7591.7,2026-10-16,36,Put,"6,970.00",-8.19%,25.4,26.29,26.6,115,680,0.17,14.45%,22.60%,-0.099238,2026-09-10
$SPX,7591.7,2026-10-16,36,Put,"6,470.00",-14.78%,10.5,11,11.4,29,175,0.17,14.45%,29.92%,-0.037159,2026-09-10
$SPX,7591.7,2026-10-16,36,Put,"6,270.00",-17.41%,7.9,8.4,8.8,25,145,0.17,14.45%,33.01%,-0.026821,2026-09-10
$SPX,7591.7,2026-10-16,36,Put,"6,200.00",-18.33%,7.4,7.7,8,1330,7623,0.17,14.45%,34.15%,-0.024213,2026-09-10
$SPX,7591.7,2026-10-05,25,Put,"7,550.00",-0.55%,87.5,90.15,88.9,16,96,0.17,14.45%,14.54%,-0.41554,2026-09-10
$SPX,7591.7,2026-10-05,25,Put,"7,000.00",-7.79%,16.2,16.44,17.1,57,334,0.17,14.45%,23.03%,-0.07866,2026-09-10
$SPX,7591.7,2026-10-05,25,Put,"6,700.00",-11.75%,8.4,9.2,9.1,23,139,0.17,14.45%,28.02%,-0.038181,2026-09-10
$SPX,7591.7,2026-10-16,36,Put,"7,685.00",+1.23%,161.7,159.9,163,14,84,0.17,14.45%,12.93%,-0.593076,2026-09-10
$SPX,7591.7,2026-10-16,36,Put,"7,465.00",-1.67%,86.5,86.75,87.7,11,66,0.17,14.45%,15.99%,-0.337912,2026-09-10
$SPX,7591.7,2026-10-16,36,Put,"7,380.00",-2.79%,69,70.8,69.8,81,478,0.17,14.45%,17.14%,-0.271128,2026-09-10
$SPX,7591.7,2026-09-18,8,Call,"7,845.00",-3.34%,1.65,1.55,1.85,44,253,0.17,14.45%,11.78%,0.033764,2026-09-10
$SPX,7591.7,2026-09-18,8,Call,"7,855.00",-3.47%,1.3,1.25,1.55,105,605,0.17,14.45%,11.74%,0.028264,2026-09-10
$SPX,7591.7,2026-09-30,20,Call,"8,205.00",-8.08%,0.25,0.45,0.45,83,480,0.17,14.45%,12.49%,0.005023,2026-09-10
$SPX,7591.7,2027-01-15,127,Call,"7,550.00",+0.55%,359.8,358.61,362.4,264,1542,0.17,14.45%,16.08%,0.597467,2026-09-10
$SPX,7591.7,2027-07-16,309,Call,"9,200.00",-21.18%,40.4,40.88,42,81,472,0.17,14.45%,12.90%,0.101115,2026-09-10
$SPX,7591.7,2026-09-25,15,Call,"7,710.00",-1.56%,37,36.39,37.5,50,301,0.17,14.45%,12.86%,0.300493,2026-09-10
$SPX,7591.7,2026-11-30,81,Call,"7,730.00",-1.82%,164.5,163.52,166.2,11,63,0.17,14.45%,13.99%,0.453812,2026-09-10
$SPX,7591.7,2027-05-21,253,Call,"9,800.00",-29.09%,4.7,5.25,5.5,117,673,0.17,14.45%,12.73%,0.01808,2026-09-10
$SPX,7591.7,2026-10-16,36,Call,"7,705.00",-1.49%,88.8,88.72,90.7,119,718,0.17,14.45%,13.37%,0.403319,2026-09-10
$SPX,7591.7,2026-10-16,36,Call,"7,715.00",-1.62%,83.9,84.9,86.1,40,238,0.17,14.45%,13.26%,0.390447,2026-09-10
$SPX,7591.7,2026-10-16,36,Call,"7,745.00",-2.02%,70.6,69.91,72.4,39,233,0.17,14.45%,12.94%,0.351414,2026-09-10
$SPX,7591.7,2026-10-16,36,Call,"8,080.00",-6.43%,4.8,5.05,5.7,104,601,0.17,14.45%,11.12%,0.048237,2026-09-10
$SPX,7591.7,2026-10-23,43,Call,"8,300.00",-9.33%,1.7,2.15,2.1,13,75,0.17,14.45%,11.62%,0.017577,2026-09-10
$SPX,7591.7,2026-09-29,19,Call,"7,900.00",-4.06%,4.2,4.9,4.8,28,165,0.17,14.45%,10.51%,0.058218,2026-09-10
$SPX,7591.7,2026-10-16,36,Call,"7,845.00",-3.34%,37.4,36.35,38.5,11,64,0.17,14.45%,12.20%,0.228972,2026-09-10
$SPX,7591.7,2026-10-16,36,Call,"7,300.00",+3.84%,369,381.17,392.7,17,102,0.17,14.45%,19.15%,0.771144,2026-09-10
$SPX,7591.7,2026-10-16,36,Call,"7,935.00",-4.52%,18.6,18.45,19.6,12,70,0.17,14.45%,11.65%,0.137664,2026-09-10
$SPX,7591.7,2026-09-18,8,Put,"7,665.00",+0.97%,99.1,101.2,99.9,49,293,0.17,14.45%,13.12%,-0.679151,2026-09-10
$SPX,7591.7,2026-09-18,8,Put,"7,675.00",+1.10%,104.9,103.18,105.8,549,3270,0.17,14.45%,12.83%,-0.708244,2026-09-10
$SPX,7591.7,2026-09-18,8,Put,"7,320.00",-3.58%,13.9,14.25,14.3,70,404,0.17,14.45%,21.45%,-0.117773,2026-09-10
$SPX,7591.7,2026-09-18,8,Put,"7,275.00",-4.17%,11.1,10.92,11.4,143,835,0.17,14.45%,22.51%,-0.093864,2026-09-10
$SPX,7591.7,2026-09-18,8,Put,"7,165.00",-5.62%,6.6,6.73,7.2,25,145,0.17,14.45%,25.24%,-0.05629,2026-09-10
$SPX,7591.7,2026-09-18,8,Put,"7,130.00",-6.08%,5.8,6.16,6.3,38,223,0.17,14.45%,26.17%,-0.048703,2026-09-10
$SPX,7591.7,2026-09-18,8,Put,"6,050.00",-20.31%,0.6,0.7,0.8,111,658,0.17,14.45%,57.81%,-0.003435,2026-09-10
$SPX,7591.7,2026-09-30,20,Put,"7,610.00",+0.24%,100,103.16,100.7,26,156,0.17,14.45%,13.75%,-0.506436,2026-09-10
$SPX,7591.7,2026-09-30,20,Put,"7,495.00",-1.27%,64.1,66,64.8,59,343,0.17,14.45%,15.75%,-0.340759,2026-09-10
$SPX,7591.7,2026-09-30,20,Put,"7,300.00",-3.84%,31.5,32.8,32,718,4152,0.17,14.45%,18.96%,-0.172414,2026-09-10
$SPX,7591.7,2026-09-30,20,Put,"7,200.00",-5.16%,22.5,22.53,22.9,1502,8663,0.17,14.45%,20.59%,-0.122952,2026-09-10
$SPX,7591.7,2026-11-20,71,Put,"7,625.00",+0.44%,185.4,188.2,187.3,273,1569,0.17,14.45%,14.39%,-0.486766,2026-09-10
$SPX,7591.7,2026-11-20,71,Put,"7,640.00",+0.64%,191,186.1,192.9,38,228,0.17,14.45%,14.22%,-0.500387,2026-09-10
$SPX,7591.7,2026-11-20,71,Put,"7,670.00",+1.03%,202.7,208.3,204.8,27,163,0.17,14.45%,13.90%,-0.527951,2026-09-10
$SPX,7591.7,2026-11-20,71,Put,"4,975.00",-34.47%,5.4,5.13,5.9,20,116,0.17,14.45%,44.07%,-0.010548,2026-09-10
$SPX,7591.7,2026-09-18,8,Call,"7,565.00",+0.35%,92.1,88.7,92.8,85,532,0.16,14.45%,16.75%,0.57399,2026-09-10
$SPX,7591.7,2026-09-30,20,Call,"7,590.00",+0.02%,110.9,110,112.1,12,77,0.16,14.45%,14.53%,0.532708,2026-09-10
$SPX,7591.7,2026-09-30,20,Call,"7,580.00",+0.15%,117.3,115.8,118.5,18,114,0.16,14.45%,14.69%,0.547715,2026-09-10
$SPX,7591.7,2026-09-30,20,Call,"7,620.00",-0.37%,92.5,94.73,93.7,20,127,0.16,14.45%,14.03%,0.485513,2026-09-10
$SPX,7591.7,2026-09-28,18,Call,"7,600.00",-0.11%,96.9,94.94,98.1,11,68,0.16,14.45%,14.11%,0.515128,2026-09-10
$SPX,7591.7,2026-09-25,15,Call,"7,660.00",-0.90%,58.6,57.45,59.6,42,260,0.16,14.45%,13.71%,0.399503,2026-09-10
$SPX,7591.7,2027-03-31,202,Call,"7,600.00",-0.11%,442.8,446.5,445.3,39,243,0.16,14.45%,16.14%,0.592832,2026-09-10
$SPX,7591.7,2027-05-21,253,Call,"8,400.00",-10.65%,137.8,136.24,140.3,86,553,0.16,14.45%,13.62%,0.277041,2026-09-10
$SPX,7591.7,2026-11-20,71,Call,"7,830.00",-3.14%,104.2,104.2,105.6,10,64,0.16,14.45%,13.44%,0.355603,2026-09-10
$SPX,7591.7,2026-10-05,25,Call,"7,650.00",-0.77%,88.5,87.78,90,20,124,0.16,14.45%,13.56%,0.449167,2026-09-10
$SPX,7591.7,2026-09-23,13,Call,"7,925.00",-4.39%,0.95,1.1,1.2,77,480,0.16,14.45%,10.63%,0.019402,2026-09-10
$SPX,7591.7,2026-10-16,36,Call,"7,710.00",-1.56%,87.8,85.65,89,10,61,0.16,14.45%,13.43%,0.397879,2026-09-10
$SPX,7591.7,2026-10-16,36,Call,"7,735.00",-1.89%,76.2,75.6,77.5,16,101,0.16,14.45%,13.16%,0.365689,2026-09-10
$SPX,7591.7,2026-09-18,8,Put,"7,625.00",+0.44%,78.4,77.04,79.3,704,4395,0.16,14.45%,14.19%,-0.568578,2026-09-10
$SPX,7591.7,2026-09-18,8,Put,"7,435.00",-2.06%,26,26.07,26.5,207,1286,0.16,14.45%,18.81%,-0.215261,2026-09-10
$SPX,7591.7,2026-09-18,8,Put,"7,025.00",-7.46%,4,4.12,4.5,64,395,0.16,14.45%,29.05%,-0.032693,2026-09-10
$SPX,7591.7,2026-09-18,8,Put,"4,950.00",-34.80%,0.05,0.1,0.2,18,113,0.16,14.45%,89.05%,-0.000459,2026-09-10
$SPX,7591.7,2026-09-30,20,Put,"7,585.00",-0.09%,90.4,90.17,91.5,24,148,0.16,14.45%,14.18%,-0.465577,2026-09-10
$SPX,7591.7,2026-09-28,18,Put,"7,550.00",-0.55%,72.2,74.08,73.3,41,253,0.16,14.45%,14.49%,-0.408949,2026-09-10
$SPX,7591.7,2026-09-28,18,Put,"5,400.00",-28.87%,0.6,0.66,0.85,31,194,0.16,14.45%,56.11%,-0.002486,2026-09-10
$SPX,7591.7,2027-07-16,309,Put,"6,700.00",-11.75%,171.2,171.81,173.3,150,926,0.16,14.45%,21.50%,-0.192883,2026-09-10
$SPX,7591.7,2026-11-20,71,Put,"7,645.00",+0.70%,192.8,188.5,194.8,11,67,0.16,14.45%,14.17%,-0.504786,2026-09-10
$SPX,7591.7,2026-11-20,71,Put,"7,675.00",+1.10%,204.8,206.14,207,165,1062,0.16,14.45%,13.85%,-0.532712,2026-09-10
$SPX,7591.7,2026-11-20,71,Put,"6,800.00",-10.43%,45.3,46.1,46.3,1628,10195,0.16,14.45%,23.12%,-0.116227,2026-09-10
$SPX,7591.7,2026-09-25,15,Put,"7,640.00",+0.64%,101.9,104.68,103,50,307,0.16,14.45%,13.24%,-0.574606,2026-09-10
$SPX,7591.7,2026-09-25,15,Put,"4,200.00",-44.68%,0.05,0.1,0.25,11,67,0.16,14.45%,89.67%,-0.000399,2026-09-10
$SPX,7591.7,2026-11-30,81,Put,"7,640.00",+0.64%,201.4,204.17,203.1,15,92,0.16,14.45%,14.26%,-0.494742,2026-09-10
$SPX,7591.7,2027-02-19,162,Put,"6,700.00",-11.75%,94.1,95.38,96.2,211,1313,0.16,14.45%,22.14%,-0.153721,2026-09-10
$SPX,7591.7,2027-02-19,162,Put,"5,100.00",-32.82%,22.3,22.4,23.3,30,183,0.16,14.45%,35.29%,-0.030287,2026-09-10
$SPX,7591.7,2027-06-17,280,Put,"6,175.00",-18.66%,101.5,100.5,103.6,78,495,0.16,14.45%,24.63%,-0.117562,2026-09-10
$SPX,7591.7,2026-09-17,7,Put,"6,400.00",-15.70%,0.8,0.9,1,67,413,0.16,14.45%,49.15%,-0.005357,2026-09-10
$SPX,7591.7,2026-11-20,71,Put,"5,800.00",-23.60%,13.5,12.5,14.1,20,124,0.16,14.45%,34.47%,-0.029338,2026-09-10
$SPX,7591.7,2026-09-16,6,Put,"7,490.00",-1.34%,25.6,26.65,26,48,302,0.16,14.45%,17.00%,-0.256694,2026-09-10
$SPX,7591.7,2026-09-16,6,Put,"7,360.00",-3.05%,10.2,10.8,10.5,52,318,0.16,14.45%,20.14%,-0.108509,2026-09-10
$SPX,7591.7,2026-10-16,36,Put,"7,595.00",+0.04%,122.5,121.03,124.9,27,167,0.16,14.45%,14.05%,-0.47239,2026-09-10
$SPX,7591.7,2026-10-16,36,Put,"7,100.00",-6.48%,33.7,34.95,35.1,2759,17220,0.16,14.45%,20.80%,-0.13395,2026-09-10
$SPX,7591.7,2026-10-23,43,Put,"7,375.00",-2.85%,77.3,78.07,78.6,37,237,0.16,14.45%,16.99%,-0.278332,2026-09-10
$SPX,7591.7,2026-10-23,43,Put,"7,325.00",-3.51%,68.6,70.39,69.9,37,232,0.16,14.45%,17.62%,-0.247372,2026-09-10
$SPX,7591.7,2026-09-18,8,Put,"7,175.00",-5.49%,6.1,6.55,6.6,917,5825,0.16,14.45%,24.32%,-0.054126,2026-09-10
$SPX,7591.7,2026-09-24,14,Put,"7,400.00",-2.53%,33.2,34.25,33.7,61,376,0.16,14.45%,17.88%,-0.216934,2026-09-10
$SPX,7591.7,2026-10-16,36,Put,"7,580.00",-0.15%,119.1,120.91,120.5,42,265,0.16,14.45%,14.40%,-0.454676,2026-09-10
$SPX,7591.7,2026-10-16,36,Put,"7,475.00",-1.54%,88.9,90.6,90.1,38,240,0.16,14.45%,15.85%,-0.346838,2026-09-10
$SPX,7591.7,2026-10-16,36,Put,"7,070.00",-6.87%,32.3,30.65,33.3,11,67,0.16,14.45%,21.34%,-0.12611,2026-09-10
$SPX,7591.7,2026-10-08,28,Put,"7,400.00",-2.53%,59.2,62.4,60.5,35,227,0.15,14.45%,17.00%,-0.268786,2026-09-10
$SPX,7591.7,2027-06-17,280,Put,"7,325.00",-3.51%,271.1,273.9,273.6,43,293,0.15,14.45%,18.00%,-0.329912,2026-09-10
$SPX,7591.7,2026-10-01,21,Put,"7,300.00",-3.84%,33.2,34.82,34.2,67,449,0.15,14.45%,18.95%,-0.177362,2026-09-10
$SPX,7591.7,2026-09-17,7,Put,"7,670.00",+1.03%,98.9,97.35,99.4,49,327,0.15,14.45%,12.87%,-0.708939,2026-09-10
$SPX,7591.7,2026-09-17,7,Put,"6,850.00",-9.77%,1.95,2.2,2.15,23,157,0.15,14.45%,34.99%,-0.015409,2026-09-10
$SPX,7591.7,2026-09-16,6,Put,"7,375.00",-2.85%,11.3,11.9,11.6,77,527,0.15,14.45%,19.77%,-0.119713,2026-09-10
$SPX,7591.7,2026-09-16,6,Put,"7,365.00",-2.99%,10.5,11.2,10.9,50,323,0.15,14.45%,20.02%,-0.112097,2026-09-10
$SPX,7591.7,2026-10-16,36,Put,"7,500.00",-1.21%,93.6,93.82,95.5,3474,23808,0.15,14.45%,15.37%,-0.368829,2026-09-10
$SPX,7591.7,2026-10-16,36,Put,"7,455.00",-1.80%,82.6,81.62,84.4,59,395,0.15,14.45%,15.98%,-0.328006,2026-09-10
$SPX,7591.7,2026-10-16,36,Put,"7,810.00",+2.88%,231.6,237.2,234.1,36,245,0.15,14.45%,10.71%,-0.808053,2026-09-10
$SPX,7591.7,2026-10-16,36,Put,"5,550.00",-26.89%,3.3,3.6,3.8,130,841,0.15,14.45%,44.32%,-0.009528,2026-09-10
$SPX,7591.7,2026-10-16,36,Put,"2,900.00",-61.80%,0.05,0.15,0.25,140,908,0.15,14.45%,92.17%,-0.000251,2026-09-10
$SPX,7591.7,2026-10-23,43,Put,"7,620.00",+0.37%,143.8,147.57,145.4,16,106,0.15,14.45%,13.87%,-0.498239,2026-09-10
$SPX,7591.7,2026-09-18,8,Put,"6,820.00",-10.17%,2.2,2.3,2.45,104,678,0.15,14.45%,34.57%,-0.016405,2026-09-10
$SPX,7591.7,2026-09-23,13,Put,"7,660.00",+0.90%,106.3,110.02,107.3,13,86,0.15,14.45%,12.67%,-0.630749,2026-09-10
$SPX,7591.7,2026-09-24,14,Put,"7,525.00",-0.88%,58.3,59.46,58.9,34,222,0.15,14.45%,15.52%,-0.365942,2026-09-10
$SPX,7591.7,2026-10-16,36,Put,"7,430.00",-2.13%,78.7,73.47,79.8,17,115,0.15,14.45%,16.47%,-0.308617,2026-09-10
$SPX,7591.7,2026-10-16,36,Put,"7,760.00",+2.22%,201.7,204,203,22,145,0.15,14.45%,11.81%,-0.712896,2026-09-10
$SPX,7591.7,2026-10-16,36,Put,"7,260.00",-4.37%,50.8,51.8,51.5,24,165,0.15,14.45%,18.76%,-0.199924,2026-09-10
$SPX,7591.7,2026-10-16,36,Put,"7,130.00",-6.08%,37,38.45,38,17,117,0.15,14.45%,20.51%,-0.145284,2026-09-10
$SPX,7591.7,2027-01-15,127,Call,"7,000.00",+7.79%,783.8,787.71,807.8,10,66,0.15,14.45%,20.69%,0.798347,2026-09-10
$SPX,7591.7,2026-09-18,8,Call,"7,560.00",+0.42%,95.4,92.3,96.3,24,161,0.15,14.45%,16.88%,0.583864,2026-09-10
$SPX,7591.7,2026-09-18,8,Call,"7,655.00",-0.83%,40.7,39.2,41.3,39,264,0.15,14.45%,14.59%,0.368156,2026-09-10
$SPX,7591.7,2026-09-18,8,Call,"7,840.00",-3.27%,1.8,1.87,2.05,220,1467,0.15,14.45%,11.78%,0.036681,2026-09-10
$SPX,7591.7,2026-09-18,8,Call,"7,300.00",+3.84%,305.3,309.15,329.3,104,709,0.15,14.45%,25.06%,0.863525,2026-09-10
$SPX,7591.7,2026-09-18,8,Call,"7,925.00",-4.39%,0.35,0.45,0.6,166,1099,0.15,14.45%,12.24%,0.010215,2026-09-10
$SPX,7591.7,2026-09-30,20,Call,"7,765.00",-2.28%,28.3,27.4,28.9,188,1276,0.15,14.45%,11.91%,0.234336,2026-09-10
$SPX,7591.7,2027-08-20,344,Call,"7,675.00",-1.10%,604.8,606.44,608.2,285,1958,0.15,14.45%,17.26%,0.596035,2026-09-10
$SPX,7591.7,2026-09-28,18,Call,"7,710.00",-1.56%,40.7,39.68,41.8,17,115,0.15,14.45%,12.30%,0.313121,2026-09-10
$SPX,7591.7,2027-01-15,127,Call,"8,900.00",-17.23%,4.3,4.5,5,189,1229,0.15,14.45%,12.18%,0.023304,2026-09-10
$SPX,7591.7,2027-07-16,309,Call,"8,200.00",-8.01%,272,278.37,274.6,336,2290,0.15,14.45%,14.76%,0.400935,2026-09-10
$SPX,7591.7,2027-02-19,162,Call,"8,725.00",-14.93%,18.3,18.85,19.6,16,104,0.15,14.45%,12.17%,0.071513,2026-09-10
$SPX,7591.7,2026-10-08,28,Call,"7,700.00",-1.43%,72,71.28,73.4,29,200,0.15,14.45%,13.13%,0.384079,2026-09-10
$SPX,7591.7,2026-10-16,36,Call,"8,050.00",-6.04%,6.4,6.67,7.4,1581,10788,0.15,14.45%,11.18%,0.060782,2026-09-10
$SPX,7591.7,2026-09-18,8,Call,"7,615.00",-0.31%,59.8,57.56,60.9,872,5864,0.15,14.45%,15.29%,0.464567,2026-09-10
$SPX,7591.7,2026-10-16,36,Call,"7,795.00",-2.68%,52.6,52.02,53.8,12,82,0.15,14.45%,12.58%,0.288969,2026-09-10
$SPX,7591.7,2026-10-16,36,Call,"7,800.00",-2.74%,51.2,52.1,51.9,109,706,0.15,14.45%,12.55%,0.282855,2026-09-10
$SPX,7591.7,2026-10-16,36,Call,"7,890.00",-3.93%,26.9,26.85,27.5,46,307,0.15,14.45%,11.89%,0.179943,2026-09-10
$SPX,7591.7,2026-10-16,36,Call,"7,905.00",-4.13%,23.8,25.27,24.8,13,85,0.15,14.45%,11.81%,0.165309,2026-09-10
$SPX,7591.7,2026-10-16,36,Call,"7,910.00",-4.19%,22.8,22.97,24,16,106,0.15,14.45%,11.79%,0.160629,2026-09-10
$SPX,7591.7,2026-09-18,8,Put,"7,495.00",-1.27%,36.7,36.77,37.3,161,1093,0.15,14.45%,17.42%,-0.295879,2026-09-10
$SPX,7591.7,2026-09-18,8,Put,"7,715.00",+1.62%,119.6,135.94,139.6,70,464,0.15,14.45%,10.68%,-0.849444,2026-09-10
$SPX,7591.7,2026-09-18,8,Put,"7,400.00",-2.53%,21.4,20.9,21.8,627,4226,0.15,14.45%,19.61%,-0.178762,2026-09-10
$SPX,7591.7,2026-09-30,20,Put,"7,460.00",-1.73%,56,58.26,57,106,723,0.15,14.45%,16.33%,-0.301462,2026-09-10
$SPX,7591.7,2026-09-30,20,Put,"5,400.00",-28.87%,0.8,0.95,1.05,98,653,0.15,14.45%,54.59%,-0.003037,2026-09-10
$SPX,7591.7,2027-01-15,127,Put,"7,925.00",+4.39%,372.6,373.69,375.9,256,1707,0.15,14.45%,11.86%,-0.719256,2026-09-10
$SPX,7591.7,2026-11-20,71,Put,"7,610.00",+0.24%,179.9,174.9,181.8,27,181,0.15,14.45%,14.54%,-0.47362,2026-09-10
$SPX,7591.7,2026-11-20,71,Put,"7,275.00",-4.17%,96,97.5,97.5,572,3892,0.15,14.45%,18.03%,-0.257815,2026-09-10
$SPX,7591.7,2026-11-20,71,Put,"6,790.00",-10.56%,44.6,42.99,45.7,27,184,0.15,14.45%,23.23%,-0.114416,2026-09-10
$SPX,7591.7,2026-09-25,15,Put,"7,530.00",-0.81%,62.3,66.2,63.3,23,152,0.15,14.45%,15.43%,-0.376394,2026-09-10
$SPX,7591.7,2026-09-18,8,Call,"7,615.00",-0.31%,61.1,60.45,61.7,92,644,0.14,14.45%,15.52%,0.46524,2026-09-10
$SPX,7591.7,2026-10-07,27,Call,"7,700.00",-1.43%,69.2,69.1,70.5,32,229,0.14,14.45%,13.05%,0.379856,2026-09-10
$SPX,7591.7,2026-10-07,27,Call,"8,125.00",-7.02%,1.1,1.35,1.5,15,107,0.14,14.45%,11.10%,0.016012,2026-09-10
$SPX,7591.7,2026-09-30,20,Call,"7,565.00",+0.35%,127.3,124.4,128.4,14,99,0.14,14.45%,14.95%,0.569481,2026-09-10
$SPX,7591.7,2026-09-30,20,Call,"8,085.00",-6.50%,0.5,0.85,0.8,20,148,0.14,14.45%,11.10%,0.009813,2026-09-10
$SPX,7591.7,2027-01-15,127,Call,"7,900.00",-4.06%,160.4,157.9,162.8,413,2979,0.14,14.45%,13.82%,0.388518,2026-09-10
$SPX,7591.7,2027-07-16,309,Call,"10,600.00",-39.63%,2.65,3,3.2,40,281,0.14,14.45%,13.54%,0.009517,2026-09-10
$SPX,7591.7,2026-11-20,71,Call,"7,625.00",-0.44%,211.1,209.74,213.1,201,1463,0.14,14.45%,15.08%,0.530274,2026-09-10
$SPX,7591.7,2026-09-25,15,Call,"7,690.00",-1.29%,45,44.53,45.6,19,134,0.14,14.45%,13.19%,0.340194,2026-09-10
$SPX,7591.7,2026-09-25,15,Call,"7,720.00",-1.69%,33.1,32.2,34,43,298,0.14,14.45%,12.69%,0.280741,2026-09-10
$SPX,7591.7,2026-09-25,15,Call,"7,730.00",-1.82%,29.7,28.8,30.6,21,152,0.14,14.45%,12.54%,0.261429,2026-09-10
$SPX,7591.7,2026-09-25,15,Call,"8,025.00",-5.71%,0.5,0.58,0.7,61,434,0.14,14.45%,11.42%,0.010125,2026-09-10
$SPX,7591.7,2026-09-25,15,Call,"8,050.00",-6.04%,0.4,0.5,0.6,118,853,0.14,14.45%,11.72%,0.008384,2026-09-10
$SPX,7591.7,2027-02-19,162,Call,"7,850.00",-3.40%,235.9,235.8,238.4,96,668,0.14,14.45%,14.54%,0.451984,2026-09-10
$SPX,7591.7,2026-10-01,21,Call,"7,925.00",-4.39%,4.5,4.8,5.2,15,110,0.14,14.45%,10.77%,0.058258,2026-09-10
$SPX,7591.7,2026-09-18,8,Call,"7,700.00",-1.43%,22,22.5,22.8,7061,51168,0.14,14.45%,13.33%,0.252248,2026-09-10
$SPX,7591.7,2026-09-23,13,Call,"7,725.00",-1.76%,24.8,26.53,25.6,28,205,0.14,14.45%,12.20%,0.245669,2026-09-10
$SPX,7591.7,2026-09-23,13,Call,"7,950.00",-4.72%,0.65,0.9,0.85,41,297,0.14,14.45%,10.75%,0.01393,2026-09-10
$SPX,7591.7,2026-10-16,36,Call,"7,600.00",-0.11%,149.8,148.8,150.7,99,705,0.14,14.45%,14.77%,0.531295,2026-09-10
$SPX,7591.7,2026-10-16,36,Call,"7,625.00",-0.44%,134.3,131.7,135.2,45,321,0.14,14.45%,14.45%,0.50274,2026-09-10
$SPX,7591.7,2026-10-16,36,Call,"7,760.00",-2.22%,65.7,65.25,66.9,19,140,0.14,14.45%,12.91%,0.333463,2026-09-10
$SPX,7591.7,2026-10-16,36,Call,"8,050.00",-6.04%,7,7.16,7.4,73,506,0.14,14.45%,11.28%,0.062547,2026-09-10
$SPX,7591.7,2026-10-16,36,Call,"8,100.00",-6.70%,4.5,4.65,4.9,77,550,0.14,14.45%,11.25%,0.043394,2026-09-10
$SPX,7591.7,2026-10-16,36,Call,"8,200.00",-8.01%,2,2.15,2.3,130,933,0.14,14.45%,11.45%,0.021497,2026-09-10
$SPX,7591.7,2026-09-18,8,Put,"7,505.00",-1.14%,38.9,37.8,39.5,38,268,0.14,14.45%,17.19%,-0.311805,2026-09-10
$SPX,7591.7,2026-09-18,8,Put,"7,255.00",-4.44%,9.9,10.35,10.5,18,130,0.14,14.45%,22.97%,-0.084994,2026-09-10
$SPX,7591.7,2026-09-18,8,Put,"7,120.00",-6.21%,5.6,5.79,6.1,18,130,0.14,14.45%,26.46%,-0.046866,2026-09-10
$SPX,7591.7,2026-09-18,8,Put,"5,300.00",-30.19%,0.1,0.2,0.25,107,767,0.14,14.45%,77.68%,-0.000718,2026-09-10
$SPX,7591.7,2026-09-18,8,Put,"5,000.00",-34.14%,0.05,0.1,0.2,104,729,0.14,14.45%,87.08%,-0.00047,2026-09-10
$SPX,7591.7,2026-10-07,27,Put,"7,275.00",-4.17%,39,40.42,40.1,14,103,0.14,14.45%,18.82%,-0.182906,2026-09-10
$SPX,7591.7,2026-10-06,26,Put,"5,600.00",-26.24%,1.85,2.05,2.15,11,78,0.14,14.45%,47.17%,-0.006232,2026-09-10
$SPX,7591.7,2026-09-30,20,Put,"7,575.00",-0.22%,87.2,85.71,87.9,438,3229,0.14,14.45%,14.37%,-0.44979,2026-09-10
$SPX,7591.7,2026-09-30,20,Put,"7,520.00",-0.94%,70.2,72.85,71.3,28,206,0.14,14.45%,15.30%,-0.371718,2026-09-10
$SPX,7591.7,2026-09-30,20,Put,"7,280.00",-4.11%,29.4,29.78,29.9,24,173,0.14,14.45%,19.29%,-0.161025,2026-09-10
$SPX,7591.7,2026-09-30,20,Put,"7,070.00",-6.87%,15.1,15.5,15.4,26,182,0.14,14.45%,22.76%,-0.081223,2026-09-10
$SPX,7591.7,2027-12-17,463,Put,"8,250.00",+8.67%,675.5,678.21,684.8,20,141,0.14,14.45%,11.85%,-0.829495,2026-09-10
$SPX,7591.7,2026-09-28,18,Put,"7,125.00",-6.15%,14.1,14.97,14.8,15,108,0.14,14.45%,21.70%,-0.084612,2026-09-10
$SPX,7591.7,2026-09-28,18,Put,"5,800.00",-23.60%,1.15,1.07,1.4,28,198,0.14,14.45%,48.12%,-0.004827,2026-09-10
$SPX,7591.7,2026-11-20,71,Put,"7,690.00",+1.29%,211.1,212,213.2,24,168,0.14,14.45%,13.69%,-0.548557,2026-09-10
$SPX,7591.7,2026-11-20,71,Put,"6,975.00",-8.12%,58.7,56.67,59.9,416,3041,0.14,14.45%,21.23%,-0.153967,2026-09-10
$SPX,7591.7,2026-11-20,71,Put,"1,800.00",-76.29%,0,0.14,0.25,280,1976,0.14,14.45%,95.95%,-0.000143,2026-09-10
$SPX,7591.7,2026-09-25,15,Put,"7,565.00",-0.35%,72.8,77.55,73.8,14,100,0.14,14.45%,14.76%,-0.432049,2026-09-10
$SPX,7591.7,2026-09-25,15,Put,"7,500.00",-1.21%,54.9,53.86,55.5,540,3754,0.14,14.45%,16.02%,-0.334266,2026-09-10
$SPX,7591.7,2026-09-25,15,Put,"7,250.00",-4.50%,19.5,19.21,19.9,193,1343,0.14,14.45%,20.57%,-0.123523,2026-09-10
$SPX,7591.7,2027-03-19,190,Put,"4,875.00",-35.79%,23.3,22.8,24.2,70,494,0.14,14.45%,36.11%,-0.028468,2026-09-10
$SPX,7591.7,2026-10-08,28,Put,"6,400.00",-15.70%,6.6,6.9,7.1,21,149,0.14,14.45%,32.81%,-0.025403,2026-09-10
$SPX,7591.7,2027-06-17,280,Put,"7,400.00",-2.53%,289.6,292.5,292,2054,15107,0.14,14.45%,17.55%,-0.35424,2026-09-10
$SPX,7591.7,2027-06-17,280,Put,"5,950.00",-21.62%,84.8,85.31,86.5,96,693,0.14,14.45%,25.99%,-0.09644,2026-09-10
$SPX,7591.7,2026-10-01,21,Put,"7,700.00",+1.43%,144.4,150.78,145.7,42,304,0.14,14.45%,12.17%,-0.671324,2026-09-10
$SPX,7591.7,2026-09-17,7,Put,"7,650.00",+0.77%,87.2,88.14,87.8,216,1513,0.14,14.45%,13.41%,-0.64862,2026-09-10
$SPX,7591.7,2026-09-17,7,Put,"7,690.00",+1.29%,100,116.47,120,39,273,0.14,14.45%,11.62%,-0.784594,2026-09-10
$SPX,7591.7,2026-09-16,6,Put,"7,510.00",-1.08%,29.6,30.9,30.1,25,178,0.14,14.45%,16.51%,-0.292546,2026-09-10
$SPX,7591.7,2026-09-16,6,Put,"7,385.00",-2.72%,12.1,11.9,12.4,26,181,0.14,14.45%,19.53%,-0.127822,2026-09-10
$SPX,7591.7,2026-10-16,36,Put,"7,570.00",-0.29%,113.9,117.21,116.2,97,675,0.14,14.45%,14.39%,-0.442888,2026-09-10
$SPX,7591.7,2026-10-16,36,Put,"6,910.00",-8.98%,22.4,22.8,23.6,48,348,0.14,14.45%,23.44%,-0.086852,2026-09-10
$SPX,7591.7,2026-10-16,36,Put,"4,100.00",-45.99%,0.45,0.65,0.75,86,607,0.14,14.45%,67.58%,-0.001247,2026-09-10
$SPX,7591.7,2026-09-18,8,Put,"7,425.00",-2.20%,21.8,23.65,22.7,1163,8162,0.14,14.45%,18.22%,-0.194059,2026-09-10
$SPX,7591.7,2026-09-23,13,Put,"7,475.00",-1.54%,43.1,39.37,44,11,77,0.14,14.45%,16.43%,-0.290947,2026-09-10
$SPX,7591.7,2026-09-23,13,Put,"7,000.00",-7.79%,6.3,6.4,6.9,22,161,0.14,14.45%,25.78%,-0.043003,2026-09-10
$SPX,7591.7,2026-09-24,14,Put,"7,660.00",+0.90%,109.3,112.53,110.4,16,113,0.14,14.45%,12.82%,-0.623322,2026-09-10
$SPX,7591.7,2026-10-16,36,Put,"7,600.00",+0.11%,126.5,126.5,127.5,199,1431,0.14,14.45%,14.14%,-0.478474,2026-09-10
$SPX,7591.7,2026-10-16,36,Put,"7,700.00",+1.43%,169,171.7,170.3,147,1088,0.14,14.45%,12.71%,-0.614985,2026-09-10
$SPX,7591.7,2026-10-16,36,Put,"7,040.00",-7.27%,30.3,29.6,31.2,48,354,0.14,14.45%,21.76%,-0.117696,2026-09-10
$SPX,7591.7,2026-10-16,36,Put,"6,425.00",-15.37%,10.3,9.25,10.9,10,72,0.14,14.45%,30.78%,-0.035205,2026-09-10
$SPX,7591.7,2026-09-25,15,Put,"7,375.00",-2.85%,32.2,31.6,32.7,166,1236,0.13,14.45%,18.32%,-0.202251,2026-09-10
$SPX,7591.7,2027-02-19,162,Put,"7,300.00",-3.84%,180.6,181.11,183.2,268,2123,0.13,14.45%,17.56%,-0.307766,2026-09-10
$SPX,7591.7,2027-02-19,162,Put,"7,200.00",-5.16%,161.3,162.95,163.5,254,1969,0.13,14.45%,18.33%,-0.273214,2026-09-10
$SPX,7591.7,2027-05-21,253,Put,"8,025.00",+5.71%,495.6,494.31,499.2,26,201,0.13,14.45%,12.74%,-0.702863,2026-09-10
$SPX,7591.7,2027-05-21,253,Put,"8,200.00",+8.01%,588.7,591.16,592.6,10,79,0.13,14.45%,0.00%,0,2026-09-10
$SPX,7591.7,2027-06-17,280,Put,"7,050.00",-7.14%,213.7,215.4,215.4,139,1036,0.13,14.45%,19.61%,-0.257046,2026-09-10
$SPX,7591.7,2027-06-17,280,Put,"4,200.00",-44.68%,23.4,24,24.3,310,2301,0.13,14.45%,38.47%,-0.022264,2026-09-10
$SPX,7591.7,2026-10-01,21,Put,"7,000.00",-7.79%,13.3,13.55,14.1,10,78,0.13,14.45%,23.89%,-0.069691,2026-09-10
$SPX,7591.7,2026-09-17,7,Put,"5,600.00",-26.24%,0.15,0.2,0.3,196,1545,0.13,14.45%,72.63%,-0.001032,2026-09-10
$SPX,7591.7,2026-09-16,6,Put,"7,250.00",-4.50%,5.1,5.7,5.4,59,440,0.13,14.45%,22.93%,-0.054826,2026-09-10
$SPX,7591.7,2026-10-16,36,Put,"7,665.00",+0.97%,150.6,154.47,153,66,515,0.13,14.45%,13.07%,-0.564655,2026-09-10
$SPX,7591.7,2026-10-16,36,Put,"7,450.00",-1.87%,81.5,83.99,83.3,1347,10623,0.13,14.45%,16.05%,-0.323805,2026-09-10
$SPX,7591.7,2026-10-16,36,Put,"7,745.00",+2.02%,191.2,197.48,193.6,40,311,0.13,14.45%,11.90%,-0.687911,2026-09-10
$SPX,7591.7,2026-10-16,36,Put,"7,400.00",-2.53%,71.1,72.85,73,2536,19280,0.13,14.45%,16.73%,-0.283957,2026-09-10
$SPX,7591.7,2026-10-16,36,Put,"6,900.00",-9.11%,22,22.8,23,1254,9294,0.13,14.45%,23.56%,-0.08487,2026-09-10
$SPX,7591.7,2026-10-16,36,Put,"8,500.00",+11.96%,861.6,874.6,885.6,12,90,0.13,14.45%,0.00%,0,2026-09-10
$SPX,7591.7,2026-10-23,43,Put,"7,175.00",-5.49%,48.7,50.2,50,29,225,0.13,14.45%,19.52%,-0.175268,2026-09-10
$SPX,7591.7,2026-10-23,43,Put,"6,000.00",-20.97%,7.5,7.6,8,20,156,0.13,14.45%,35.57%,-0.021619,2026-09-10
$SPX,7591.7,2026-10-05,25,Put,"7,575.00",-0.22%,95.6,95.55,96.9,21,158,0.13,14.45%,14.14%,-0.449442,2026-09-10
$SPX,7591.7,2026-10-05,25,Put,"7,100.00",-6.48%,21.1,21.7,22,30,223,0.13,14.45%,21.45%,-0.103657,2026-09-10
$SPX,7591.7,2026-09-24,14,Put,"7,700.00",+1.43%,131.8,132.83,132.8,26,194,0.13,14.45%,11.94%,-0.718653,2026-09-10
$SPX,7591.7,2026-10-16,36,Put,"7,750.00",+2.09%,195.9,200.46,197.2,34,264,0.13,14.45%,11.97%,-0.693195,2026-09-10
$SPX,7591.7,2026-10-16,36,Put,"7,050.00",-7.14%,31.1,31.94,31.7,111,867,0.13,14.45%,21.61%,-0.120394,2026-09-10
$SPX,7591.7,2026-09-18,8,Call,"7,675.00",-1.10%,32.2,33.5,32.7,587,4642,0.13,14.45%,14.15%,0.318229,2026-09-10
$SPX,7591.7,2026-09-18,8,Call,"8,070.00",-6.30%,0.1,0.22,0.3,22,171,0.13,14.45%,15.20%,0.003816,2026-09-10
$SPX,7591.7,2026-10-07,27,Call,"7,925.00",-4.39%,9.2,9.67,10,12,90,0.13,14.45%,11.01%,0.091786,2026-09-10
$SPX,7591.7,2026-09-30,20,Call,"7,605.00",-0.18%,101.5,100.52,102.7,16,120,0.13,14.45%,14.28%,0.509514,2026-09-10
$SPX,7591.7,2026-09-30,20,Call,"7,625.00",-0.44%,89.8,86.63,90.8,17,135,0.13,14.45%,13.96%,0.477386,2026-09-10
$SPX,7591.7,2026-09-30,20,Call,"7,760.00",-2.22%,29.5,31.35,30.5,135,1006,0.13,14.45%,11.95%,0.242364,2026-09-10
$SPX,7591.7,2026-09-30,20,Call,"7,920.00",-4.32%,3.9,3.95,4.5,25,189,0.13,14.45%,10.60%,0.053283,2026-09-10
$SPX,7591.7,2026-09-28,18,Call,"7,670.00",-1.03%,58.2,56.75,59.3,24,179,0.13,14.45%,12.92%,0.389385,2026-09-10
$SPX,7591.7,2026-09-28,18,Call,"7,850.00",-3.40%,7.3,7.65,8,27,203,0.13,14.45%,10.65%,0.092281,2026-09-10
$SPX,7591.7,2027-07-16,309,Call,"9,700.00",-27.77%,13.2,14.25,14,20,154,0.13,14.45%,12.67%,0.039702,2026-09-10
$SPX,7591.7,2026-09-25,15,Call,"7,775.00",-2.41%,17.6,16.7,18,123,984,0.13,14.45%,11.93%,0.180598,2026-09-10
$SPX,7591.7,2026-09-25,15,Call,"7,800.00",-2.74%,12.6,13.14,13,314,2335,0.13,14.45%,11.62%,0.141493,2026-09-10
$SPX,7591.7,2026-09-25,15,Call,"8,000.00",-5.38%,0.6,0.77,0.85,431,3411,0.13,14.45%,11.11%,0.012304,2026-09-10
$SPX,7591.7,2026-09-25,15,Call,"8,075.00",-6.37%,0.35,0.48,0.55,66,514,0.13,14.45%,12.12%,0.007391,2026-09-10
$SPX,7591.7,2026-11-30,81,Call,"7,580.00",+0.15%,254,255.9,255.7,10,79,0.13,14.45%,15.21%,0.568386,2026-09-10
$SPX,7591.7,2026-10-08,28,Call,"7,800.00",-2.74%,34.2,33.83,35.4,21,161,0.13,14.45%,12.03%,0.238075,2026-09-10
$SPX,7591.7,2026-09-16,6,Call,"7,740.00",-1.95%,6.3,6.06,6.6,201,1516,0.13,14.45%,12.04%,0.113814,2026-09-10
$SPX,7591.7,2026-09-16,6,Call,"7,805.00",-2.81%,1.25,1.25,1.45,196,1452,0.13,14.45%,11.33%,0.031526,2026-09-10
$SPX,7591.7,2026-10-16,36,Call,"7,650.00",-0.77%,117.9,120.53,119.9,655,5235,0.13,14.45%,14.01%,0.472614,2026-09-10
$SPX,7591.7,2026-10-16,36,Call,"7,655.00",-0.83%,115,111.95,117.3,16,124,0.13,14.45%,13.96%,0.466516,2026-09-10
$SPX,7591.7,2026-10-16,36,Call,"7,875.00",-3.73%,28.9,29.01,30.3,475,3523,0.13,14.45%,11.85%,0.192848,2026-09-10
$SPX,7591.7,2026-10-16,36,Call,"7,900.00",-4.06%,23.7,25,25.1,2069,16490,0.13,14.45%,11.70%,0.167132,2026-09-10
$SPX,7591.7,2026-09-18,8,Call,"7,590.00",+0.02%,74.8,72.6,75.8,1290,10283,0.13,14.45%,15.93%,0.521946,2026-09-10
$SPX,7591.7,2026-10-05,25,Call,"7,640.00",-0.64%,94.1,96.77,95.5,14,111,0.13,14.45%,13.71%,0.464312,2026-09-10
$SPX,7591.7,2026-09-24,14,Call,"7,950.00",-4.72%,0.85,1.25,1.1,33,261,0.13,14.45%,10.73%,0.017079,2026-09-10
$SPX,7591.7,2026-10-16,36,Call,"7,590.00",+0.02%,155.8,152.92,157.1,10,80,0.13,14.45%,14.88%,0.542395,2026-09-10
$SPX,7591.7,2026-10-16,36,Call,"7,400.00",+2.53%,285.9,289.04,309.9,13,98,0.13,14.45%,17.73%,0.709894,2026-09-10
$SPX,7591.7,2026-10-16,36,Call,"8,000.00",-5.38%,10.8,11.1,11.3,260,1977,0.13,14.45%,11.38%,0.089237,2026-09-10
$SPX,7591.7,2026-10-16,36,Call,"8,030.00",-5.77%,8.1,8.35,8.9,37,284,0.13,14.45%,11.30%,0.071959,2026-09-10
$SPX,7591.7,2026-10-16,36,Call,"8,075.00",-6.37%,5.4,5.7,6.1,46,345,0.13,14.45%,11.23%,0.051746,2026-09-10
$SPX,7591.7,2027-06-30,293,Put,"7,450.00",-1.87%,310.6,310.34,313.4,60,478,0.13,14.45%,17.31%,-0.370387,2026-09-10
$SPX,7591.7,2027-01-15,127,Put,"7,650.00",+0.77%,248.8,250.4,250.2,11,82,0.13,14.45%,14.61%,-0.483388,2026-09-10
$SPX,7591.7,2026-09-18,8,Put,"7,615.00",+0.31%,73.9,75.99,74.9,322,2386,0.13,14.45%,14.46%,-0.542317,2026-09-10
$SPX,7591.7,2026-09-18,8,Put,"7,680.00",+1.16%,108,110.89,108.8,106,801,0.13,14.45%,12.68%,-0.722722,2026-09-10
$SPX,7591.7,2026-09-18,8,Put,"7,685.00",+1.23%,102.6,113.08,121.5,82,625,0.13,14.45%,12.67%,-0.734941,2026-09-10
$SPX,7591.7,2026-09-18,8,Put,"6,875.00",-9.44%,2.75,2.9,2.95,66,515,0.13,14.45%,33.36%,-0.020309,2026-09-10
$SPX,7591.7,2026-09-30,20,Put,"7,620.00",+0.37%,103.7,107.1,104.9,30,227,0.13,14.45%,13.57%,-0.523854,2026-09-10
$SPX,7591.7,2026-09-30,20,Put,"7,680.00",+1.16%,131.6,136.67,132.8,22,170,0.13,14.45%,12.48%,-0.635988,2026-09-10
$SPX,7591.7,2026-09-30,20,Put,"7,230.00",-4.76%,24.6,25.08,25.5,31,234,0.13,14.45%,20.10%,-0.135919,2026-09-10
$SPX,7591.7,2026-09-30,20,Put,"6,865.00",-9.57%,8.6,8,9.3,11,87,0.13,14.45%,26.36%,-0.045381,2026-09-10
$SPX,7591.7,2026-09-30,20,Put,"6,225.00",-18.00%,2.75,2.68,3,100,796,0.13,14.45%,38.58%,-0.011799,2026-09-10
$SPX,7591.7,2026-09-28,18,Put,"7,375.00",-2.85%,35.3,35.13,36.2,23,171,0.13,14.45%,17.50%,-0.210473,2026-09-10
$SPX,7591.7,2027-01-15,127,Put,"7,990.00",+5.25%,410.7,414.81,414,12,89,0.13,14.45%,10.75%,-0.833357,2026-09-10
$SPX,7591.7,2027-01-15,127,Put,"7,025.00",-7.46%,108,108.7,110.2,403,3167,0.13,14.45%,19.88%,-0.207404,2026-09-10
$SPX,7591.7,2027-01-29,141,Put,"6,825.00",-10.10%,94.7,95.87,96.4,31,239,0.13,14.45%,21.43%,-0.168098,2026-09-10
$SPX,7591.7,2026-11-20,71,Put,"7,475.00",-1.54%,138.3,139.57,140.1,1102,8655,0.13,14.45%,15.94%,-0.369848,2026-09-10
$SPX,7591.7,2026-11-20,71,Put,"7,255.00",-4.44%,92.8,93.6,94.3,16,123,0.13,14.45%,18.25%,-0.248955,2026-09-10
$SPX,7591.7,2026-11-20,71,Put,"4,650.00",-38.75%,3.8,4.09,4.2,156,1187,0.13,14.45%,48.03%,-0.007113,2026-09-10
$SPX,7591.7,2026-09-25,15,Put,"7,610.00",+0.24%,89,91.65,90.1,27,204,0.13,14.45%,13.86%,-0.51391,2026-09-10
$SPX,7591.7,2026-09-18,8,Call,"7,785.00",-2.55%,5.6,5.55,6,189,1517,0.12,14.45%,12.25%,0.091239,2026-09-10
$SPX,7591.7,2026-09-18,8,Call,"7,930.00",-4.46%,0.35,0.4,0.55,140,1183,0.12,14.45%,12.31%,0.009675,2026-09-10
$SPX,7591.7,2028-12-15,827,Call,"11,000.00",-44.90%,70.3,79.4,89.2,440,3769,0.12,14.45%,13.90%,0.112684,2026-09-10
$SPX,7591.7,2026-09-25,15,Call,"7,680.00",-1.16%,49.1,47.4,50.1,23,185,0.12,14.45%,13.35%,0.359931,2026-09-10
$SPX,7591.7,2026-09-25,15,Call,"7,770.00",-2.35%,18.4,18.33,19.3,37,308,0.12,14.45%,11.97%,0.188483,2026-09-10
$SPX,7591.7,2026-09-25,15,Call,"7,875.00",-3.73%,3.8,4.4,4.4,82,700,0.12,14.45%,10.92%,0.057497,2026-09-10
$SPX,7591.7,2027-06-17,280,Call,"9,000.00",-18.55%,47.3,47.6,48.9,1094,9471,0.12,14.45%,12.91%,0.119481,2026-09-10
$SPX,7591.7,2026-11-20,71,Call,"8,200.00",-8.01%,17,17.05,17.8,12,102,0.12,14.45%,11.87%,0.095354,2026-09-10
$SPX,7591.7,2026-09-16,6,Call,"7,930.00",-4.46%,0.1,0.2,0.25,26,211,0.12,14.45%,12.80%,0.004503,2026-09-10
$SPX,7591.7,2026-09-16,6,Call,"7,950.00",-4.72%,0.1,0.2,0.25,39,326,0.12,14.45%,13.46%,0.004299,2026-09-10
$SPX,7591.7,2026-10-23,43,Call,"7,750.00",-2.09%,84.1,82.44,85.5,17,146,0.12,14.45%,13.19%,0.368164,2026-09-10
$SPX,7591.7,2026-09-18,8,Call,"7,750.00",-2.09%,9.7,9.07,10.4,3770,31218,0.12,14.45%,12.41%,0.142065,2026-09-10
$SPX,7591.7,2026-10-05,25,Call,"7,675.00",-1.10%,75.4,74.49,76.8,16,139,0.12,14.45%,13.21%,0.410384,2026-09-10
$SPX,7591.7,2026-09-23,13,Call,"7,630.00",-0.50%,65.6,63.4,67,10,84,0.12,14.45%,13.92%,0.448593,2026-09-10
$SPX,7591.7,2027-01-15,127,Put,"7,575.00",-0.22%,222.9,226.31,224.8,13,108,0.12,14.45%,15.24%,-0.434325,2026-09-10
$SPX,7591.7,2026-09-18,8,Put,"7,550.00",-0.55%,50.6,49.43,51.2,843,7040,0.12,14.45%,16.10%,-0.393592,2026-09-10
$SPX,7591.7,2026-09-18,8,Put,"7,690.00",+1.29%,104.8,113.12,122.7,381,3134,0.12,14.45%,12.10%,-0.757754,2026-09-10
$SPX,7591.7,2026-09-18,8,Put,"7,735.00",+1.89%,134.4,145.11,154.4,163,1372,0.12,14.45%,9.11%,-0.936398,2026-09-10
$SPX,7591.7,2026-09-18,8,Put,"7,160.00",-5.69%,6.5,6.85,7.1,22,177,0.12,14.45%,25.39%,-0.055289,2026-09-10
$SPX,7591.7,2026-09-18,8,Put,"6,450.00",-15.04%,1.2,1.3,1.4,36,305,0.12,14.45%,46.08%,-0.00747,2026-09-10
$SPX,7591.7,2026-10-06,26,Put,"7,675.00",+1.10%,139.3,142.48,140.7,32,258,0.12,14.45%,12.65%,-0.604806,2026-09-10
$SPX,7591.7,2026-09-30,20,Put,"7,630.00",+0.50%,107.9,111.13,109.1,28,235,0.12,14.45%,13.39%,-0.541266,2026-09-10
$SPX,7591.7,2026-09-30,20,Put,"7,550.00",-0.55%,79.1,80.53,79.8,669,5812,0.12,14.45%,14.80%,-0.412972,2026-09-10
$SPX,7591.7,2026-09-30,20,Put,"7,535.00",-0.75%,74.4,76.4,75.5,14,115,0.12,14.45%,15.05%,-0.391859,2026-09-10
$SPX,7591.7,2028-12-15,827,Put,"6,800.00",-10.43%,338.2,365.6,383.6,154,1243,0.12,14.45%,20.73%,-0.238351,2026-09-10
$SPX,7591.7,2027-12-17,463,Put,"4,500.00",-40.72%,49.1,50.69,53,800,6773,0.12,14.45%,32.25%,-0.040119,2026-09-10
$SPX,7591.7,2027-08-20,344,Put,"7,350.00",-3.18%,313.6,315.7,316.3,17,147,0.12,14.45%,18.05%,-0.340129,2026-09-10
$SPX,7591.7,2026-09-28,18,Put,"6,000.00",-20.97%,1.5,1.63,1.8,63,513,0.12,14.45%,43.96%,-0.006645,2026-09-10
$SPX,7591.7,2027-01-15,127,Put,"8,150.00",+7.35%,518.5,516.86,521.9,12,103,0.12,14.45%,0.00%,0,2026-09-10
$SPX,7591.7,2026-11-20,71,Put,"6,400.00",-15.70%,26.4,27.27,27.4,757,6334,0.12,14.45%,27.52%,-0.064014,2026-09-10
$SPX,7591.7,2026-09-25,15,Put,"7,595.00",+0.04%,83.5,86.32,84.1,72,580,0.12,14.45%,14.17%,-0.485387,2026-09-10
$SPX,7591.7,2026-09-25,15,Put,"7,550.00",-0.55%,68.3,70.41,68.9,273,2315,0.12,14.45%,15.05%,-0.407359,2026-09-10
$SPX,7591.7,2026-11-30,81,Put,"5,400.00",-28.87%,10.3,10.4,10.8,70,607,0.12,14.45%,37.65%,-0.020069,2026-09-10
$SPX,7591.7,2027-02-19,162,Put,"5,675.00",-25.25%,35.9,36.41,37,208,1696,0.12,14.45%,30.26%,-0.052432,2026-09-10
$SPX,7591.7,2027-03-19,190,Put,"7,975.00",+5.05%,439.8,443.15,443,40,324,0.12,14.45%,12.59%,-0.70019,2026-09-10
$SPX,7591.7,2027-03-19,190,Put,"6,725.00",-11.42%,113.9,114.75,115.8,304,2500,0.12,14.45%,21.86%,-0.168884,2026-09-10
$SPX,7591.7,2026-10-01,21,Put,"7,500.00",-1.21%,67.5,68.55,68.6,21,175,0.12,14.45%,15.67%,-0.349321,2026-09-10
$SPX,7591.7,2026-10-01,21,Put,"6,000.00",-20.97%,2.2,2.27,2.5,92,792,0.12,14.45%,42.56%,-0.00878,2026-09-10
$SPX,7591.7,2026-09-17,7,Put,"7,725.00",+1.76%,125.3,138.36,145.3,12,103,0.12,14.45%,9.69%,-0.917334,2026-09-10
$SPX,7591.7,2026-09-16,6,Put,"7,675.00",+1.10%,88.6,96.51,105.6,51,443,0.12,14.45%,11.98%,-0.755562,2026-09-10
$SPX,7591.7,2026-09-16,6,Put,"7,470.00",-1.60%,22.1,23.3,22.6,98,835,0.12,14.45%,17.49%,-0.225046,2026-09-10
$SPX,7591.7,2026-09-16,6,Put,"7,390.00",-2.66%,12.5,13.31,12.9,45,374,0.12,14.45%,19.42%,-0.132253,2026-09-10
$SPX,7591.7,2026-09-16,6,Put,"6,875.00",-9.44%,1.35,1.4,1.55,71,599,0.12,14.45%,34.88%,-0.012153,2026-09-10
$SPX,7591.7,2026-09-16,6,Put,"5,800.00",-23.60%,0.15,0.2,0.25,93,806,0.12,14.45%,69.32%,-0.001041,2026-09-10
$SPX,7591.7,2026-10-23,43,Put,"4,000.00",-47.31%,0.55,0.65,0.9,13,107,0.12,14.45%,65.33%,-0.001408,2026-09-10
$SPX,7591.7,2026-09-18,8,Put,"7,590.00",-0.02%,59.8,60.63,60.8,1287,10662,0.12,14.45%,14.21%,-0.480164,2026-09-10
$SPX,7591.7,2026-09-18,8,Put,"7,615.00",+0.31%,69.7,73.73,70.9,756,6178,0.12,14.45%,13.54%,-0.54605,2026-09-10
$SPX,7591.7,2026-09-18,8,Put,"6,950.00",-8.45%,2.95,3.2,3.3,1571,12794,0.12,14.45%,30.70%,-0.023745,2026-09-10
$SPX,7591.7,2026-09-23,13,Put,"7,640.00",+0.64%,96.3,95.5,97.3,35,293,0.12,14.45%,13.09%,-0.584025,2026-09-10
$SPX,7591.7,2026-09-23,13,Put,"7,300.00",-3.84%,19.4,19.95,19.8,88,736,0.12,14.45%,19.73%,-0.135133,2026-09-10
$SPX,7591.7,2026-09-23,13,Put,"7,200.00",-5.16%,12.7,13.8,13.3,11,93,0.12,14.45%,21.65%,-0.089135,2026-09-10
$SPX,7591.7,2026-09-23,13,Put,"6,300.00",-17.01%,1.55,1.69,1.8,30,254,0.12,14.45%,42.11%,-0.008159,2026-09-10
$SPX,7591.7,2026-09-29,19,Put,"7,400.00",-2.53%,41.6,39.3,42.6,10,83,0.12,14.45%,17.16%,-0.237424,2026-09-10
$SPX,7591.7,2026-09-29,19,Put,"7,250.00",-4.50%,23.9,24.62,24.8,18,148,0.12,14.45%,19.64%,-0.138311,2026-09-10
$SPX,7591.7,2026-10-16,36,Put,"7,680.00",+1.16%,159.3,161.32,160.7,25,217,0.12,14.45%,13.00%,-0.585418,2026-09-10
$SPX,7591.7,2026-10-16,36,Put,"7,900.00",+4.06%,286.3,306.5,310.3,11,94,0.12,14.45%,9.39%,-0.976627,2026-09-10
$SPX,7591.7,2026-10-16,36,Put,"6,500.00",-14.38%,11.6,11.8,12,52,425,0.12,14.45%,29.64%,-0.039986,2026-09-10
$SPX,7591.7,2026-09-25,15,Put,"6,650.00",-12.40%,3.7,3.8,4,75,704,0.11,14.45%,32.77%,-0.020286,2026-09-10
$SPX,7591.7,2027-03-19,190,Put,"8,800.00",+15.92%,1041.8,1054,1065.8,20,181,0.11,14.45%,0.00%,0,2026-09-10
$SPX,7591.7,2027-03-19,190,Put,"2,600.00",-65.75%,3.4,3.67,3.9,234,2152,0.11,14.45%,60.25%,-0.003196,2026-09-10
$SPX,7591.7,2026-10-08,28,Put,"7,300.00",-3.84%,44,45,45.1,19,179,0.11,14.45%,18.48%,-0.200848,2026-09-10
$SPX,7591.7,2026-09-17,7,Put,"7,625.00",+0.44%,74.4,75.39,75,65,582,0.11,14.45%,14.08%,-0.575707,2026-09-10
$SPX,7591.7,2026-09-17,7,Put,"7,425.00",-2.20%,20.7,21.2,21.1,61,563,0.11,14.45%,18.96%,-0.18873,2026-09-10
$SPX,7591.7,2026-09-16,6,Put,"7,670.00",+1.03%,84.5,96.41,102.4,42,388,0.11,14.45%,12.01%,-0.740512,2026-09-10
$SPX,7591.7,2026-09-16,6,Put,"7,785.00",+2.55%,180.3,193.5,200.3,34,296,0.11,14.45%,11.34%,-0.981999,2026-09-10
$SPX,7591.7,2026-10-16,36,Put,"7,470.00",-1.60%,86.1,87.02,88,53,480,0.11,14.45%,15.78%,-0.341199,2026-09-10
$SPX,7591.7,2026-10-16,36,Put,"7,200.00",-5.16%,42.5,44.22,44.2,2672,23396,0.11,14.45%,19.43%,-0.17066,2026-09-10
$SPX,7591.7,2026-10-16,36,Put,"7,140.00",-5.95%,36.8,37.27,38.4,191,1689,0.11,14.45%,20.24%,-0.147242,2026-09-10
$SPX,7591.7,2026-10-16,36,Put,"6,950.00",-8.45%,24.3,22.71,25.5,790,7385,0.11,14.45%,22.87%,-0.094787,2026-09-10
$SPX,7591.7,2026-10-16,36,Put,"5,675.00",-25.25%,3.8,4.1,4.4,284,2603,0.11,14.45%,42.36%,-0.011318,2026-09-10
$SPX,7591.7,2026-10-23,43,Put,"6,200.00",-18.33%,9.6,9.15,10.2,701,6146,0.11,14.45%,32.71%,-0.028966,2026-09-10
$SPX,7591.7,2026-09-18,8,Put,"7,665.00",+0.97%,94.7,99.53,95.9,296,2659,0.11,14.45%,12.06%,-0.695024,2026-09-10
$SPX,7591.7,2026-09-18,8,Put,"7,300.00",-3.84%,10.8,11.8,11.5,4251,39284,0.11,14.45%,21.13%,-0.098272,2026-09-10
$SPX,7591.7,2026-09-18,8,Put,"6,930.00",-8.72%,2.8,2.37,3.1,115,1013,0.11,14.45%,31.25%,-0.022208,2026-09-10
$SPX,7591.7,2026-09-18,8,Put,"5,710.00",-24.79%,0.25,0.4,0.45,41,381,0.11,14.45%,66.48%,-0.001588,2026-09-10
$SPX,7591.7,2026-10-05,25,Put,"7,125.00",-6.15%,22.7,19.31,23.6,14,132,0.11,14.45%,21.09%,-0.111595,2026-09-10
$SPX,7591.7,2026-09-29,19,Put,"7,325.00",-3.51%,31.3,30.8,32.3,17,148,0.11,14.45%,18.40%,-0.180617,2026-09-10
$SPX,7591.7,2026-10-16,36,Put,"7,180.00",-5.42%,41.7,39.2,42.7,16,144,0.11,14.45%,19.85%,-0.164161,2026-09-10
$SPX,7591.7,2026-10-16,36,Put,"7,160.00",-5.69%,39.7,40.24,40.8,20,174,0.11,14.45%,20.11%,-0.156295,2026-09-10
$SPX,7591.7,2026-09-18,8,Call,"7,900.00",-4.06%,0.55,0.74,0.8,643,5742,0.11,14.45%,11.98%,0.01428,2026-09-10
$SPX,7591.7,2027-01-15,127,Call,"7,325.00",+3.51%,524.1,520.59,527.4,204,1783,0.11,14.45%,17.81%,0.698686,2026-09-10
$SPX,7591.7,2027-07-16,309,Call,"8,025.00",-5.71%,354.4,364.3,357.2,14,127,0.11,14.45%,15.42%,0.467245,2026-09-10
$SPX,7591.7,2026-11-20,71,Call,"7,650.00",-0.77%,195.9,194.37,197.8,213,1920,0.11,14.45%,14.86%,0.510433,2026-09-10
$SPX,7591.7,2026-11-20,71,Call,"7,780.00",-2.48%,126.1,124.9,128,15,136,0.11,14.45%,13.79%,0.399821,2026-09-10
$SPX,7591.7,2026-09-25,15,Call,"7,795.00",-2.68%,13.2,13.03,14,10,91,0.11,14.45%,11.65%,0.148307,2026-09-10
$SPX,7591.7,2026-09-25,15,Call,"7,925.00",-4.39%,1.75,2,2.05,75,665,0.11,14.45%,10.79%,0.029768,2026-09-10
$SPX,7591.7,2027-02-19,162,Call,"8,125.00",-7.02%,120.7,121.28,122.9,56,521,0.11,14.45%,13.32%,0.29869,2026-09-10
$SPX,7591.7,2027-02-19,162,Call,"8,700.00",-14.60%,20,22.15,21.3,54,497,0.11,14.45%,12.19%,0.076822,2026-09-10
$SPX,7591.7,2026-11-20,71,Call,"8,050.00",-6.04%,38.4,39.4,39.6,10,87,0.11,14.45%,12.32%,0.17899,2026-09-10
$SPX,7591.7,2026-10-16,36,Call,"7,740.00",-1.95%,72.6,73.48,74.8,46,428,0.11,14.45%,13.00%,0.357993,2026-09-10
$SPX,7591.7,2026-10-16,36,Call,"8,425.00",-10.98%,0.5,0.71,0.9,62,543,0.11,14.45%,12.92%,0.007032,2026-09-10
$SPX,7591.7,2026-09-18,8,Call,"7,625.00",-0.44%,54.3,52.06,55.4,652,6193,0.11,14.45%,15.05%,0.440534,2026-09-10
$SPX,7591.7,2026-09-18,8,Call,"7,865.00",-3.60%,0.85,1.27,1.15,33,312,0.11,14.45%,11.45%,0.021124,2026-09-10
$SPX,7591.7,2026-09-23,13,Call,"7,825.00",-3.07%,5.5,5.55,6.1,11,97,0.11,14.45%,10.95%,0.081884,2026-09-10
$SPX,7591.7,2026-09-18,8,Put,"7,325.00",-3.51%,14.3,14.7,14.7,86,755,0.11,14.45%,21.35%,-0.120982,2026-09-10
$SPX,7591.7,2026-09-30,20,Put,"7,485.00",-1.41%,61.5,63.33,62.5,25,228,0.11,14.45%,15.91%,-0.328978,2026-09-10
$SPX,7591.7,2026-09-30,20,Put,"7,425.00",-2.20%,49.4,51.17,49.9,92,819,0.11,14.45%,16.92%,-0.266548,2026-09-10
$SPX,7591.7,2026-09-30,20,Put,"7,335.00",-3.38%,35.4,35.25,36.3,15,142,0.11,14.45%,18.39%,-0.194509,2026-09-10
$SPX,7591.7,2029-12-21,1198,Put,"6,500.00",-14.38%,373.9,379.95,388.2,75,655,0.11,14.45%,21.64%,-0.205042,2026-09-10
$SPX,7591.7,2026-09-28,18,Put,"7,660.00",+0.90%,115.3,111.58,116.4,16,149,0.11,14.45%,12.46%,-0.608216,2026-09-10
$SPX,7591.7,2027-01-15,127,Put,"6,400.00",-15.70%,53.5,53.8,55.2,502,4594,0.11,14.45%,25.24%,-0.096468,2026-09-10
$SPX,7591.7,2026-11-20,71,Put,"7,780.00",+2.48%,253.8,257.82,255.9,12,110,0.11,14.45%,12.70%,-0.646863,2026-09-10
$SPX,7591.7,2026-11-20,71,Put,"7,060.00",-7.00%,67.1,67.9,68.3,26,238,0.11,14.45%,20.32%,-0.177513,2026-09-10
$SPX,7591.7,2026-11-20,71,Put,"6,760.00",-10.96%,42.7,43.1,43.8,40,365,0.11,14.45%,23.55%,-0.109102,2026-09-10
$SPX,7591.7,2026-11-20,71,Put,"6,250.00",-17.67%,21.9,21.4,22.7,402,3736,0.11,14.45%,29.16%,-0.051781,2026-09-10
$SPX,7591.7,2026-09-25,15,Put,"7,670.00",+1.03%,116.6,116.27,117.7,26,245,0.11,14.45%,12.60%,-0.640468,2026-09-10
$SPX,7591.7,2026-09-18,8,Call,"7,650.00",-0.77%,43,44,43.6,526,5180,0.1,14.45%,14.70%,0.380553,2026-09-10
$SPX,7591.7,2026-09-18,8,Call,"7,680.00",-1.16%,30.3,31.6,30.8,332,3199,0.1,14.45%,14.05%,0.305972,2026-09-10
$SPX,7591.7,2026-09-18,8,Call,"7,940.00",-4.59%,0.3,0.45,0.5,58,598,0.1,14.45%,12.44%,0.008613,2026-09-10
$SPX,7591.7,2026-09-30,20,Call,"7,650.00",-0.77%,76,78.02,76.6,170,1751,0.1,14.45%,13.55%,0.43539,2026-09-10
$SPX,7591.7,2026-09-30,20,Call,"7,790.00",-2.61%,21.7,21.89,22.2,200,2000,0.1,14.45%,11.62%,0.194431,2026-09-10
$SPX,7591.7,2026-09-30,20,Call,"8,045.00",-5.97%,0.8,1,1.1,51,519,0.1,14.45%,10.84%,0.014108,2026-09-10
$SPX,7591.7,2026-09-30,20,Call,"8,075.00",-6.37%,0.6,0.77,0.85,101,1016,0.1,14.45%,11.05%,0.010869,2026-09-10
$SPX,7591.7,2026-09-30,20,Call,"8,080.00",-6.43%,0.55,0.86,0.85,11,107,0.1,14.45%,11.10%,0.010488,2026-09-10
$SPX,7591.7,2026-09-28,18,Call,"7,800.00",-2.74%,14.7,14.99,15.6,135,1348,0.1,14.45%,11.13%,0.156087,2026-09-10
$SPX,7591.7,2027-01-15,127,Call,"8,175.00",-7.68%,68.2,67.6,70.5,30,301,0.1,14.45%,12.70%,0.220158,2026-09-10
$SPX,7591.7,2027-01-29,141,Call,"8,050.00",-6.04%,121.5,123.93,123.2,14,145,0.1,14.45%,13.37%,0.313899,2026-09-10
$SPX,7591.7,2027-07-16,309,Call,"9,600.00",-26.45%,16.6,17.65,17.5,38,396,0.1,14.45%,12.69%,0.048267,2026-09-10
$SPX,7591.7,2026-09-25,15,Call,"7,840.00",-3.27%,6.8,7.6,7.4,66,671,0.1,14.45%,11.19%,0.089786,2026-09-10
$SPX,7591.7,2026-09-25,15,Call,"7,920.00",-4.32%,1.9,2,2.2,85,855,0.1,14.45%,10.80%,0.031813,2026-09-10
$SPX,7591.7,2027-03-31,202,Call,"8,000.00",-5.38%,219.8,217.43,221.8,90,936,0.1,14.45%,14.18%,0.4073,2026-09-10
$SPX,7591.7,2027-02-19,162,Call,"8,650.00",-13.94%,23.8,24.45,25.3,96,1005,0.1,14.45%,12.25%,0.088589,2026-09-10
$SPX,7591.7,2026-10-01,21,Call,"7,790.00",-2.61%,24,25.8,25.1,14,139,0.1,14.45%,11.82%,0.205543,2026-09-10
$SPX,7591.7,2026-09-16,6,Call,"7,940.00",-4.59%,0.1,0.25,0.25,22,222,0.1,14.45%,13.13%,0.004399,2026-09-10
$SPX,7591.7,2026-10-16,36,Call,"7,575.00",+0.22%,164,164.8,166.3,78,763,0.1,14.45%,14.96%,0.558933,2026-09-10
$SPX,7591.7,2026-10-16,36,Call,"7,805.00",-2.81%,48,48.01,49.9,17,171,0.1,14.45%,12.39%,0.274672,2026-09-10
$SPX,7591.7,2026-10-16,36,Call,"7,850.00",-3.40%,34.9,36.01,36.4,948,9458,0.1,14.45%,12.02%,0.220551,2026-09-10
$SPX,7591.7,2026-10-16,36,Call,"7,950.00",-4.72%,15.6,16.3,17,1577,15348,0.1,14.45%,11.46%,0.122567,2026-09-10
$SPX,7591.7,2026-10-16,36,Call,"7,975.00",-5.05%,12.5,13.02,13.9,394,3843,0.1,14.45%,11.36%,0.1037,2026-09-10
$SPX,7591.7,2026-10-16,36,Call,"8,210.00",-8.14%,1.65,1.94,2.35,15,157,0.1,14.45%,11.48%,0.020107,2026-09-10
$SPX,7591.7,2026-10-05,25,Call,"7,950.00",-4.72%,5.2,5.34,5.9,17,166,0.1,14.45%,10.69%,0.061112,2026-09-10
$SPX,7591.7,2026-09-24,14,Call,"8,000.00",-5.38%,0.45,0.8,0.75,19,190,0.1,14.45%,11.24%,0.01059,2026-09-10
$SPX,7591.7,2026-10-16,36,Call,"7,870.00",-3.67%,31.3,33.2,31.9,12,123,0.1,14.45%,12.01%,0.200895,2026-09-10
$SPX,7591.7,2026-10-16,36,Call,"7,975.00",-5.05%,13.4,13.32,13.9,36,344,0.1,14.45%,11.46%,0.105835,2026-09-10
$SPX,7591.7,2026-10-16,36,Call,"7,980.00",-5.11%,12.6,12.57,13.5,21,211,0.1,14.45%,11.43%,0.102149,2026-09-10
$SPX,7591.7,2027-01-15,127,Put,"7,425.00",-2.20%,180.9,183.04,182.7,17,175,0.1,14.45%,16.51%,-0.35354,2026-09-10
$SPX,7591.7,2026-09-18,8,Put,"7,520.00",-0.94%,42.4,43.96,43,93,926,0.1,14.45%,16.82%,-0.337041,2026-09-10
$SPX,7591.7,2026-09-18,8,Put,"7,700.00",+1.43%,120.4,122.2,122.5,233,2438,0.1,14.45%,12.08%,-0.782105,2026-09-10
$SPX,7591.7,2026-09-18,8,Put,"7,710.00",+1.56%,116.1,128.89,136.1,42,431,0.1,14.45%,10.95%,-0.833055,2026-09-10
$SPX,7591.7,2026-09-18,8,Put,"7,790.00",+2.61%,185.4,196.04,205.4,19,183,0.1,14.45%,10.04%,-0.986295,2026-09-10
$SPX,7591.7,2026-09-18,8,Put,"7,390.00",-2.66%,20.2,20.96,20.7,71,684,0.1,14.45%,19.84%,-0.169578,2026-09-10
$SPX,7591.7,2026-09-18,8,Put,"7,200.00",-5.16%,7.8,7.8,8.1,332,3253,0.1,14.45%,24.32%,-0.065581,2026-09-10
$SPX,7591.7,2026-09-18,8,Put,"7,180.00",-5.42%,7.1,5.92,7.6,22,222,0.1,14.45%,24.86%,-0.060189,2026-09-10
$SPX,7591.7,2026-09-18,8,Put,"6,925.00",-8.78%,3,3.2,3.4,23,230,0.1,14.45%,31.87%,-0.023447,2026-09-10
$SPX,7591.7,2026-09-30,20,Put,"7,660.00",+0.90%,121.6,121.68,122.7,19,193,0.1,14.45%,12.85%,-0.597184,2026-09-10
$SPX,7591.7,2026-09-30,20,Put,"7,355.00",-3.12%,38,36,39,17,166,0.1,14.45%,18.07%,-0.208569,2026-09-10
$SPX,7591.7,2026-09-30,20,Put,"7,350.00",-3.18%,37.6,37.12,38.1,309,2983,0.1,14.45%,18.15%,-0.205044,2026-09-10
$SPX,7591.7,2026-09-30,20,Put,"7,260.00",-4.37%,27.3,27.27,28.1,21,216,0.1,14.45%,19.62%,-0.150422,2026-09-10
$SPX,7591.7,2026-09-30,20,Put,"7,255.00",-4.44%,26.8,26.75,27.7,34,331,0.1,14.45%,19.70%,-0.14793,2026-09-10
$SPX,7591.7,2026-09-30,20,Put,"6,900.00",-9.11%,9.6,8.6,9.9,358,3576,0.1,14.45%,25.74%,-0.049885,2026-09-10
$SPX,7591.7,2026-09-28,18,Put,"7,340.00",-3.32%,30.8,31.17,31.7,13,130,0.1,14.45%,18.10%,-0.184483,2026-09-10
$SPX,7591.7,2026-09-28,18,Put,"7,250.00",-4.50%,21.9,22.12,22.7,33,346,0.1,14.45%,19.60%,-0.131963,2026-09-10
$SPX,7591.7,2027-01-15,127,Put,"7,725.00",+1.76%,276.1,278.1,279.1,115,1114,0.1,14.45%,13.91%,-0.537324,2026-09-10
$SPX,7591.7,2026-11-20,71,Put,"7,470.00",-1.60%,137,133.22,138.8,50,499,0.1,14.45%,16.00%,-0.366544,2026-09-10
$SPX,7591.7,2026-11-20,71,Put,"7,785.00",+2.55%,256.4,261.71,258.5,11,105,0.1,14.45%,12.64%,-0.652091,2026-09-10
$SPX,7591.7,2026-09-25,15,Put,"7,480.00",-1.47%,50.3,51.54,50.9,64,665,0.1,14.45%,16.40%,-0.30846,2026-09-10
$SPX,7591.7,2026-09-25,15,Put,"7,725.00",+1.76%,137.6,150.29,157.6,23,241,0.1,14.45%,10.86%,-0.78477,2026-09-10
$SPX,7591.7,2026-09-25,15,Put,"7,340.00",-3.32%,27.9,29.07,28.3,16,155,0.1,14.45%,18.95%,-0.175843,2026-09-10
$SPX,7591.7,2026-09-25,15,Put,"7,310.00",-3.71%,24.5,25.3,25.3,15,155,0.1,14.45%,19.49%,-0.156119,2026-09-10
$SPX,7591.7,2026-09-25,15,Put,"7,275.00",-4.17%,21.5,22.38,21.9,70,670,0.1,14.45%,20.12%,-0.136111,2026-09-10
$SPX,7591.7,2026-09-25,15,Put,"6,500.00",-14.38%,2.85,3,3.1,175,1684,0.1,14.45%,36.11%,-0.014758,2026-09-10
$SPX,7591.7,2027-02-19,162,Put,"7,450.00",-1.87%,215.7,212,218.5,120,1225,0.1,14.45%,16.42%,-0.368922,2026-09-10
$SPX,7591.7,2027-02-19,162,Put,"6,400.00",-15.70%,69.8,70,71.5,141,1430,0.1,14.45%,24.45%,-0.110769,2026-09-10
$SPX,7591.7,2027-03-19,190,Put,"7,875.00",+3.73%,390.9,394.2,393.9,100,997,0.1,14.45%,13.57%,-0.617848,2026-09-10
$SPX,7591.7,2027-05-21,253,Put,"8,300.00",+9.33%,649.3,651.4,653.3,22,227,0.1,14.45%,0.00%,0,2026-09-10
$SPX,7591.7,2027-06-17,280,Put,"7,625.00",+0.44%,352.9,355.1,356.4,28,292,0.1,14.45%,16.13%,-0.437923,2026-09-10
$SPX,7591.7,2026-10-01,21,Put,"7,400.00",-2.53%,46.9,48.33,48,20,203,0.1,14.45%,17.32%,-0.24834,2026-09-10
$SPX,7591.7,2026-09-17,7,Put,"7,760.00",+2.22%,159.2,160.63,179.1,10,103,0.1,14.45%,10.53%,-0.954172,2026-09-10
$SPX,7591.7,2026-09-17,7,Put,"6,500.00",-14.38%,0.95,1,1.15,93,947,0.1,14.45%,45.97%,-0.00656,2026-09-10
$SPX,7591.7,2026-11-20,71,Put,"7,150.00",-5.82%,79.4,80.92,80.6,25,261,0.1,14.45%,19.54%,-0.208802,2026-09-10
$SPX,7591.7,2026-11-20,71,Put,"6,875.00",-9.44%,51.8,52.4,52.7,11,112,0.1,14.45%,22.48%,-0.132543,2026-09-10
$SPX,7591.7,2026-09-16,6,Put,"7,625.00",+0.44%,68.7,67.7,69.2,314,3276,0.1,14.45%,13.60%,-0.587019,2026-09-10
$SPX,7591.7,2026-09-16,6,Put,"7,520.00",-0.94%,31.9,33,32.3,65,651,0.1,14.45%,16.26%,-0.312128,2026-09-10
$SPX,7591.7,2026-10-16,36,Put,"6,800.00",-10.43%,18.2,18.84,19.2,1151,11841,0.1,14.45%,25.02%,-0.068949,2026-09-10
$SPX,7591.7,2026-10-16,36,Put,"6,400.00",-15.70%,9.5,10,10.4,1156,11762,0.1,14.45%,31.01%,-0.0331,2026-09-10
$SPX,7591.7,2026-09-18,8,Put,"7,525.00",-0.88%,40,42.73,41,663,6782,0.1,14.45%,15.86%,-0.338652,2026-09-10
$SPX,7591.7,2026-09-18,8,Put,"7,475.00",-1.54%,29.5,31.86,30.4,1207,11866,0.1,14.45%,17.06%,-0.256736,2026-09-10
$SPX,7591.7,2026-09-18,8,Put,"7,830.00",+3.14%,226.2,220.59,227.4,233,2425,0.1,14.45%,0.00%,0,2026-09-10
$SPX,7591.7,2026-09-18,8,Put,"7,260.00",-4.37%,8.9,9.92,9.5,124,1234,0.1,14.45%,22.13%,-0.080453,2026-09-10
$SPX,7591.7,2026-09-18,8,Put,"7,200.00",-5.16%,6.8,7.45,7.3,2976,29711,0.1,14.45%,23.68%,-0.060595,2026-09-10
$SPX,7591.7,2026-09-18,8,Put,"7,075.00",-6.81%,4.2,4.55,4.7,200,2005,0.1,14.45%,27.08%,-0.036214,2026-09-10
$SPX,7591.7,2026-09-23,13,Put,"7,670.00",+1.03%,111.6,115.8,112.6,14,140,0.1,14.45%,12.44%,-0.654989,2026-09-10
$SPX,7591.7,2026-09-23,13,Put,"7,350.00",-3.18%,24.2,22.25,24.6,12,118,0.1,14.45%,18.78%,-0.16776,2026-09-10
$SPX,7591.7,2026-09-29,19,Put,"7,475.00",-1.54%,55.7,58.93,56.7,10,104,0.1,14.45%,15.89%,-0.312486,2026-09-10
$SPX,7591.7,2026-09-29,19,Put,"7,375.00",-2.85%,37.8,36,38.8,11,112,0.1,14.45%,17.57%,-0.216652,2026-09-10
$SPX,7591.7,2026-09-29,19,Put,"7,350.00",-3.18%,34.4,35.73,35.3,14,143,0.1,14.45%,17.98%,-0.197701,2026-09-10
$SPX,7591.7,2026-10-16,36,Put,"7,630.00",+0.50%,137.6,140.5,139,12,125,0.1,14.45%,13.70%,-0.516595,2026-09-10
$SPX,7591.7,2026-10-16,36,Put,"7,200.00",-5.16%,43.9,44.85,44.6,230,2360,0.1,14.45%,19.58%,-0.172385,2026-09-10
$SPX,7591.7,2026-10-16,36,Put,"6,400.00",-15.70%,10,10.2,10.4,92,904,0.1,14.45%,31.15%,-0.033686,2026-09-10
$SPX,7591.7,2026-09-25,15,Put,"7,370.00",-2.92%,31.5,32.2,32,15,163,0.09,14.45%,18.41%,-0.198139,2026-09-10
$SPX,7591.7,2026-09-25,15,Put,"7,360.00",-3.05%,30.2,27.5,30.7,61,645,0.09,14.45%,18.58%,-0.190315,2026-09-10
$SPX,7591.7,2026-09-25,15,Put,"6,850.00",-9.77%,5.6,4.98,6.1,37,421,0.09,14.45%,28.46%,-0.033284,2026-09-10
$SPX,7591.7,2027-03-31,202,Put,"8,150.00",+7.35%,544.4,549.18,547.1,10,107,0.09,14.45%,0.00%,0,2026-09-10
$SPX,7591.7,2027-02-19,162,Put,"7,375.00",-2.85%,197.2,197.9,199.8,47,533,0.09,14.45%,16.99%,-0.336443,2026-09-10
$SPX,7591.7,2027-03-19,190,Put,"6,900.00",-9.11%,135.2,136.73,137.3,828,9509,0.09,14.45%,20.63%,-0.202908,2026-09-10
$SPX,7591.7,2027-03-19,190,Put,"5,200.00",-31.50%,29.8,30.3,30.9,200,2163,0.09,14.45%,33.31%,-0.038031,2026-09-10
$SPX,7591.7,2026-10-08,28,Put,"7,000.00",-7.79%,19.9,19.05,20.8,14,160,0.09,14.45%,22.96%,-0.088877,2026-09-10
$SPX,7591.7,2026-10-08,28,Put,"5,600.00",-26.24%,2.2,2.2,2.55,12,138,0.09,14.45%,46.43%,-0.007138,2026-09-10
$SPX,7591.7,2027-06-17,280,Put,"5,800.00",-23.60%,75.1,76.39,76.4,501,5585,0.09,14.45%,26.89%,-0.084482,2026-09-10
$SPX,7591.7,2027-06-17,280,Put,600.00,-92.10%,0,0.23,0,960,10897,0.09,14.45%,89.88%,-0.00013,2026-09-10
$SPX,7591.7,2026-09-17,7,Put,"7,720.00",+1.69%,123.9,137.29,141.5,10,109,0.09,14.45%,10.72%,-0.874912,2026-09-10
$SPX,7591.7,2026-09-16,6,Put,"7,465.00",-1.67%,21.3,23.2,21.8,37,397,0.09,14.45%,17.61%,-0.217672,2026-09-10
$SPX,7591.7,2026-09-16,6,Put,"7,380.00",-2.79%,11.7,12.3,12,23,262,0.09,14.45%,19.65%,-0.123742,2026-09-10
$SPX,7591.7,2026-10-16,36,Put,"7,690.00",+1.29%,162.2,161.22,164.6,18,207,0.09,14.45%,12.71%,-0.601405,2026-09-10
$SPX,7591.7,2026-10-16,36,Put,"7,370.00",-2.92%,65.5,65.4,67.4,44,491,0.09,14.45%,17.13%,-0.262596,2026-09-10
$SPX,7591.7,2026-10-16,36,Put,"6,225.00",-18.00%,7.6,8,8.3,99,1083,0.09,14.45%,33.76%,-0.025166,2026-09-10
$SPX,7591.7,2026-10-16,36,Put,"4,850.00",-36.11%,1.35,1.55,1.75,58,675,0.09,14.45%,55.34%,-0.003632,2026-09-10
$SPX,7591.7,2026-09-18,8,Put,"7,505.00",-1.14%,35.4,38.63,36.4,280,3098,0.09,14.45%,16.35%,-0.303407,2026-09-10
$SPX,7591.7,2026-09-18,8,Put,"7,345.00",-3.25%,13.9,12.3,14.6,32,371,0.09,14.45%,20.11%,-0.125349,2026-09-10
$SPX,7591.7,2026-09-18,8,Put,"7,340.00",-3.32%,13.5,14.7,14.2,95,1057,0.09,14.45%,20.22%,-0.121923,2026-09-10
$SPX,7591.7,2026-10-05,25,Put,"3,400.00",-55.21%,0.05,0.1,0.25,12,128,0.09,14.45%,92.93%,-0.000299,2026-09-10
$SPX,7591.7,2026-09-29,19,Put,"6,850.00",-9.77%,7.3,7.45,8,10,109,0.09,14.45%,26.66%,-0.040118,2026-09-10
$SPX,7591.7,2026-10-16,36,Put,"7,570.00",-0.29%,115.7,115.57,117.1,14,148,0.09,14.45%,14.53%,-0.443247,2026-09-10
$SPX,7591.7,2026-10-16,36,Put,"7,620.00",+0.37%,133.7,134.7,135.1,16,170,0.09,14.45%,13.85%,-0.503968,2026-09-10
$SPX,7591.7,2026-10-16,36,Put,"7,490.00",-1.34%,92.5,95.52,93.8,12,132,0.09,14.45%,15.64%,-0.36039,2026-09-10
$SPX,7591.7,2026-09-18,8,Call,"7,705.00",-1.49%,21.6,21.8,22.1,280,3011,0.09,14.45%,13.52%,0.244961,2026-09-10
$SPX,7591.7,2026-10-06,26,Call,"7,950.00",-4.72%,6,6.51,6.7,12,128,0.09,14.45%,10.78%,0.066961,2026-09-10
$SPX,7591.7,2026-09-30,20,Call,"7,875.00",-3.73%,7.6,7.4,8,190,2068,0.09,14.45%,10.86%,0.088385,2026-09-10
$SPX,7591.7,2027-12-17,463,Call,"8,500.00",-11.96%,322.1,324.56,331.1,229,2512,0.09,14.45%,15.17%,0.391835,2026-09-10
$SPX,7591.7,2027-08-20,344,Call,"8,550.00",-12.62%,184,191.05,186.7,15,164,0.09,14.45%,14.15%,0.300406,2026-09-10
$SPX,7591.7,2027-08-20,344,Call,"9,800.00",-29.09%,17,17.2,17.9,29,318,0.09,14.45%,12.88%,0.046549,2026-09-10
$SPX,7591.7,2026-09-28,18,Call,"7,760.00",-2.22%,24.1,23.27,25,12,132,0.09,14.45%,11.61%,0.221093,2026-09-10
$SPX,7591.7,2027-01-15,127,Call,"8,675.00",-14.27%,10,10.8,11,25,266,0.09,14.45%,11.99%,0.048285,2026-09-10
$SPX,7591.7,2026-11-20,71,Call,"7,720.00",-1.69%,156.2,155.07,158.3,19,223,0.09,14.45%,14.27%,0.452158,2026-09-10
$SPX,7591.7,2026-11-20,71,Call,"7,755.00",-2.15%,138.2,136.4,140.1,10,114,0.09,14.45%,13.98%,0.421797,2026-09-10
$SPX,7591.7,2026-11-20,71,Call,"8,000.00",-5.38%,48.8,48.55,50.3,2578,30078,0.09,14.45%,12.48%,0.21388,2026-09-10
$SPX,7591.7,2026-09-25,15,Call,"7,640.00",-0.64%,68.9,68,70,14,154,0.09,14.45%,14.08%,0.438147,2026-09-10
$SPX,7591.7,2026-11-30,81,Call,"8,650.00",-13.94%,2.15,2.35,2.55,11,126,0.09,14.45%,11.91%,0.015739,2026-09-10
$SPX,7591.7,2027-02-19,162,Call,"8,025.00",-5.71%,156.5,158.8,158.9,15,160,0.09,14.45%,13.70%,0.353735,2026-09-10
$SPX,7591.7,2026-09-17,7,Call,"7,675.00",-1.10%,26.7,28.04,27.1,132,1515,0.09,14.45%,13.69%,0.298177,2026-09-10
$SPX,7591.7,2026-09-16,6,Call,"7,755.00",-2.15%,4.4,4.3,4.7,104,1135,0.09,14.45%,11.79%,0.086681,2026-09-10
$SPX,7591.7,2026-10-16,36,Call,"7,795.00",-2.68%,51.3,52.5,52.9,17,185,0.09,14.45%,12.45%,0.286761,2026-09-10
$SPX,7591.7,2026-10-16,36,Call,"7,925.00",-4.39%,19.3,20.1,20.6,221,2556,0.09,14.45%,11.56%,0.143491,2026-09-10
$SPX,7591.7,2026-10-16,36,Call,"8,040.00",-5.91%,7.1,7.3,8.1,45,481,0.09,14.45%,11.21%,0.065824,2026-09-10
$SPX,7591.7,2026-10-16,36,Call,"8,100.00",-6.70%,4,4.3,4.8,819,9575,0.09,14.45%,11.11%,0.041417,2026-09-10
$SPX,7591.7,2026-10-16,36,Call,"8,180.00",-7.75%,2.05,2.25,2.8,12,135,0.09,14.45%,11.34%,0.024123,2026-09-10
$SPX,7591.7,2026-09-18,8,Call,"7,755.00",-2.15%,8.8,8.36,9.6,837,9813,0.09,14.45%,12.33%,0.132864,2026-09-10
$SPX,7591.7,2026-10-05,25,Call,"7,925.00",-4.39%,7,8.23,7.8,11,124,0.09,14.45%,10.77%,0.077549,2026-09-10
$SPX,7591.7,2026-09-24,14,Call,"7,810.00",-2.88%,8.7,10.2,9.4,10,112,0.09,14.45%,11.25%,0.112551,2026-09-10
$SPX,7591.7,2026-10-16,36,Call,"7,990.00",-5.25%,11.6,11.6,12.4,10,117,0.09,14.45%,11.40%,0.095461,2026-09-10
$SPX,7591.7,2026-10-16,36,Call,"8,070.00",-6.30%,5.6,5.8,6.3,13,145,0.09,14.45%,11.22%,0.053362,2026-09-10
$SPX,7591.7,2026-10-16,36,Call,"8,140.00",-7.22%,3.1,3.6,3.6,10,116,0.09,14.45%,11.27%,0.032241,2026-09-10
$SPX,7591.7,2026-09-18,8,Put,"7,175.00",-5.49%,7,7.4,7.3,81,939,0.09,14.45%,24.95%,-0.058604,2026-09-10
$SPX,7591.7,2026-09-18,8,Put,"6,600.00",-13.06%,1.55,1.74,1.75,126,1336,0.09,14.45%,41.54%,-0.010199,2026-09-10
$SPX,7591.7,2026-09-30,20,Put,"7,640.00",+0.64%,112.3,115.39,113.4,33,377,0.09,14.45%,13.21%,-0.559324,2026-09-10
$SPX,7591.7,2026-09-30,20,Put,"7,530.00",-0.81%,73,74.45,74.1,18,192,0.09,14.45%,15.14%,-0.385022,2026-09-10
$SPX,7591.7,2026-09-30,20,Put,"7,825.00",+3.07%,216,233.51,239.9,18,197,0.09,14.45%,9.02%,-0.970576,2026-09-10
$SPX,7591.7,2026-09-28,18,Put,"7,650.00",+0.77%,110.5,112.83,111.6,22,241,0.09,14.45%,12.66%,-0.587762,2026-09-10
$SPX,7591.7,2026-09-28,18,Put,"7,500.00",-1.21%,58.6,60.47,59.7,29,328,0.09,14.45%,15.38%,-0.338761,2026-09-10
$SPX,7591.7,2026-09-28,18,Put,"7,225.00",-4.83%,20,21.65,20.8,10,107,0.09,14.45%,20.02%,-0.120536,2026-09-10
$SPX,7591.7,2026-09-28,18,Put,"7,100.00",-6.48%,13,13.73,13.8,52,568,0.09,14.45%,22.16%,-0.078002,2026-09-10
$SPX,7591.7,2027-01-15,127,Put,"7,100.00",-6.48%,118.5,118.9,120.6,551,6434,0.09,14.45%,19.25%,-0.228532,2026-09-10
$SPX,7591.7,2027-01-15,127,Put,"5,900.00",-22.28%,32.4,32.9,33.8,236,2709,0.09,14.45%,29.66%,-0.054976,2026-09-10
$SPX,7591.7,2027-01-15,127,Put,"5,850.00",-22.94%,31,31.25,32.2,103,1140,0.09,14.45%,30.12%,-0.052106,2026-09-10
$SPX,7591.7,2027-07-16,309,Put,"7,200.00",-5.16%,258.8,259.5,261.6,13,142,0.09,14.45%,18.76%,-0.296912,2026-09-10
$SPX,7591.7,2027-07-16,309,Put,"6,800.00",-10.43%,185.9,187.15,188.3,180,2011,0.09,14.45%,20.96%,-0.21008,2026-09-10
$SPX,7591.7,2026-11-20,71,Put,"6,730.00",-11.35%,40.9,38.47,42.1,28,298,0.09,14.45%,23.89%,-0.104195,2026-09-10
$SPX,7591.7,2026-09-25,15,Put,"7,575.00",-0.22%,76.4,74.97,77,281,2978,0.09,14.45%,14.57%,-0.449567,2026-09-10
$SPX,7591.7,2026-09-25,15,Put,"7,620.00",+0.37%,93.1,94.95,94.2,36,412,0.09,14.45%,13.65%,-0.533513,2026-09-10
$SPX,7591.7,2026-09-25,15,Put,"7,690.00",+1.29%,127.6,129.59,128.6,30,331,0.09,14.45%,12.15%,-0.686302,2026-09-10
$SPX,7591.7,2026-09-18,8,Call,"7,920.00",-4.32%,0.4,0.55,0.6,42,531,0.08,14.45%,12.16%,0.010763,2026-09-10
$SPX,7591.7,2026-09-18,8,Call,"7,935.00",-4.52%,0.3,0.35,0.55,19,241,0.08,14.45%,12.38%,0.009141,2026-09-10
$SPX,7591.7,2026-09-30,20,Call,"7,750.00",-2.09%,33,34.5,33.5,670,8353,0.08,14.45%,12.10%,0.259678,2026-09-10
$SPX,7591.7,2026-09-30,20,Call,"7,755.00",-2.15%,31.3,30.6,31.9,27,356,0.08,14.45%,12.03%,0.250992,2026-09-10
$SPX,7591.7,2026-09-30,20,Call,"7,825.00",-3.07%,14.5,14.7,14.9,221,2896,0.08,14.45%,11.26%,0.144673,2026-09-10
$SPX,7591.7,2026-09-30,20,Call,"7,990.00",-5.25%,1.5,1.62,1.8,164,1942,0.08,14.45%,10.52%,0.023696,2026-09-10
$SPX,7591.7,2026-09-28,18,Call,"7,875.00",-3.73%,5,6,5.7,11,143,0.08,14.45%,10.50%,0.069076,2026-09-10
$SPX,7591.7,2026-09-28,18,Call,"8,125.00",-7.02%,0.25,0.5,0.6,17,204,0.08,14.45%,11.93%,0.006555,2026-09-10
$SPX,7591.7,2027-01-15,127,Call,"8,650.00",-13.94%,10.9,11.4,12.1,52,672,0.08,14.45%,11.97%,0.052292,2026-09-10
$SPX,7591.7,2026-11-20,71,Call,"7,730.00",-1.82%,150.9,147.3,153,20,255,0.08,14.45%,14.18%,0.443549,2026-09-10
$SPX,7591.7,2026-11-20,71,Call,"8,275.00",-9.00%,10.9,11.2,11.7,169,2095,0.08,14.45%,11.74%,0.066839,2026-09-10
$SPX,7591.7,2027-02-19,162,Call,"9,100.00",-19.87%,5.1,5.45,6,29,364,0.08,14.45%,12.25%,0.024424,2026-09-10
$SPX,7591.7,2027-06-17,280,Call,"8,125.00",-7.02%,269,267.5,272.3,21,257,0.08,14.45%,14.75%,0.411356,2026-09-10
$SPX,7591.7,2026-10-01,21,Call,"8,000.00",-5.38%,1.75,1.95,2.05,52,666,0.08,14.45%,10.71%,0.025876,2026-09-10
$SPX,7591.7,2026-11-20,71,Call,"8,000.00",-5.38%,49.4,51.1,50.2,50,658,0.08,14.45%,12.51%,0.214386,2026-09-10
$SPX,7591.7,2026-10-16,36,Call,"7,700.00",-1.43%,91.2,90.65,93.2,1050,13187,0.08,14.45%,13.42%,0.409747,2026-09-10
$SPX,7591.7,2026-10-16,36,Call,"7,720.00",-1.69%,81.7,81.65,83.6,19,224,0.08,14.45%,13.21%,0.383958,2026-09-10
$SPX,7591.7,2026-10-16,36,Call,"7,835.00",-3.20%,38.8,39.5,40.7,18,237,0.08,14.45%,12.14%,0.238107,2026-09-10
$SPX,7591.7,2026-10-16,36,Call,"7,970.00",-4.98%,13.1,13.3,14.5,100,1240,0.08,14.45%,11.38%,0.107408,2026-09-10
$SPX,7591.7,2026-09-18,8,Call,"7,850.00",-3.40%,1.25,1.28,1.55,828,10573,0.08,14.45%,11.52%,0.028293,2026-09-10
$SPX,7591.7,2026-10-05,25,Call,"7,850.00",-3.40%,16.6,17.26,17.6,13,167,0.08,14.45%,11.25%,0.14972,2026-09-10
$SPX,7591.7,2026-09-23,13,Call,"7,775.00",-2.41%,12.6,12.8,13.1,48,626,0.08,14.45%,11.50%,0.151654,2026-09-10
$SPX,7591.7,2026-09-23,13,Call,"7,800.00",-2.74%,8.6,8.6,9,37,489,0.08,14.45%,11.21%,0.113625,2026-09-10
$SPX,7591.7,2026-09-23,13,Call,"7,870.00",-3.67%,2.55,2.57,2.85,32,385,0.08,14.45%,10.68%,0.043458,2026-09-10
$SPX,7591.7,2026-10-16,36,Call,"8,040.00",-5.91%,7.4,7.65,8.1,26,341,0.08,14.45%,11.26%,0.066685,2026-09-10
$SPX,7591.7,2026-10-16,36,Call,"8,120.00",-6.96%,3.6,3.85,4.2,13,160,0.08,14.45%,11.22%,0.036966,2026-09-10
$SPX,7591.7,2027-01-15,127,Put,"7,000.00",-7.79%,105.4,101.89,107.1,11,131,0.08,14.45%,20.13%,-0.201195,2026-09-10
$SPX,7591.7,2026-09-18,8,Put,"7,650.00",+0.77%,90.8,88.88,91.7,446,5412,0.08,14.45%,13.54%,-0.636454,2026-09-10
$SPX,7591.7,2026-09-18,8,Put,"7,745.00",+2.02%,142.2,157.75,162.2,20,236,0.08,14.45%,11.54%,-0.885873,2026-09-10
$SPX,7591.7,2026-09-18,8,Put,"7,315.00",-3.64%,13.4,13.93,14,67,808,0.08,14.45%,21.55%,-0.114595,2026-09-10
$SPX,7591.7,2026-09-18,8,Put,"6,700.00",-11.75%,1.9,1.97,2.1,84,1021,0.08,14.45%,38.61%,-0.012965,2026-09-10
$SPX,7591.7,2026-09-18,8,Put,"6,680.00",-12.01%,1.8,1.85,2.05,13,163,0.08,14.45%,39.20%,-0.012354,2026-09-10
$SPX,7591.7,2026-09-18,8,Put,"6,430.00",-15.30%,1.15,1.05,1.4,10,128,0.08,14.45%,46.74%,-0.007243,2026-09-10
$SPX,7591.7,2026-09-18,8,Put,"5,400.00",-28.87%,0.15,0.2,0.3,134,1669,0.08,14.45%,75.46%,-0.000933,2026-09-10
$SPX,7591.7,2026-09-30,20,Put,"7,625.00",+0.44%,105.8,109.2,106.9,35,455,0.08,14.45%,13.47%,-0.53251,2026-09-10
$SPX,7591.7,2026-09-30,20,Put,"7,650.00",+0.77%,116.8,119.87,118,358,4331,0.08,14.45%,13.03%,-0.578433,2026-09-10
$SPX,7591.7,2026-09-30,20,Put,"7,515.00",-1.01%,68.9,70.35,70,15,180,0.08,14.45%,15.40%,-0.365328,2026-09-10
$SPX,7591.7,2026-09-30,20,Put,"7,380.00",-2.79%,41.9,43.58,42.4,68,855,0.08,14.45%,17.66%,-0.227718,2026-09-10
$SPX,7591.7,2026-09-30,20,Put,"7,085.00",-6.67%,15.6,16.2,16.3,10,130,0.08,14.45%,22.52%,-0.085129,2026-09-10
$SPX,7591.7,2026-09-30,20,Put,"3,800.00",-49.95%,0.05,0.15,0.2,200,2574,0.08,14.45%,88.90%,-0.000294,2026-09-10
$SPX,7591.7,2026-09-28,18,Put,"7,200.00",-5.16%,18.3,19.8,19,20,248,0.08,14.45%,20.43%,-0.110078,2026-09-10
$SPX,7591.7,2027-01-15,127,Put,"7,300.00",-3.84%,152.4,154.35,154.9,570,7447,0.08,14.45%,17.54%,-0.298032,2026-09-10
$SPX,7591.7,2027-01-15,127,Put,"5,800.00",-23.60%,29.6,30.14,30.7,205,2433,0.08,14.45%,30.57%,-0.049372,2026-09-10
$SPX,7591.7,2027-01-29,141,Put,"5,500.00",-27.55%,26,25.9,27.1,16,193,0.08,14.45%,32.69%,-0.039637,2026-09-10
$SPX,7591.7,2026-11-20,71,Put,"6,225.00",-18.00%,21.3,21.91,22.1,105,1383,0.08,14.45%,29.46%,-0.050127,2026-09-10
$SPX,7591.7,2026-11-20,71,Put,"5,075.00",-33.15%,6,6.19,6.5,50,638,0.08,14.45%,42.84%,-0.011863,2026-09-10
$SPX,7591.7,2026-09-25,15,Put,"7,410.00",-2.39%,37.1,38.4,38,40,505,0.08,14.45%,17.69%,-0.232798,2026-09-10
$SPX,7591.7,2026-09-25,15,Put,"7,175.00",-5.49%,14.7,15.9,15.1,23,271,0.08,14.45%,21.93%,-0.092967,2026-09-10
$SPX,7591.7,2026-09-25,15,Put,"5,600.00",-26.24%,0.7,0.71,0.95,106,1371,0.08,14.45%,56.14%,-0.003052,2026-09-10
$SPX,7591.7,2026-11-30,81,Put,"7,400.00",-2.53%,130.4,130.1,132,82,1027,0.08,14.45%,16.62%,-0.327342,2026-09-10
$SPX,7591.7,2026-11-30,81,Put,"5,600.00",-26.24%,12.6,12.07,13.2,52,634,0.08,14.45%,35.41%,-0.02538,2026-09-10
$SPX,7591.7,2027-03-19,190,Put,"2,800.00",-63.12%,4.2,4.36,4.7,200,2529,0.08,14.45%,57.67%,-0.004005,2026-09-10
$SPX,7591.7,2027-06-17,280,Put,"7,900.00",+4.06%,453.5,456.3,455.9,327,3964,0.08,14.45%,14.17%,-0.584944,2026-09-10
$SPX,7591.7,2027-06-17,280,Put,"8,500.00",+11.96%,785.4,790.56,789.8,136,1616,0.08,14.45%,0.00%,0,2026-09-10
$SPX,7591.7,2026-10-01,21,Put,"7,225.00",-4.83%,25.9,25.05,26.8,12,152,0.08,14.45%,20.15%,-0.138501,2026-09-10
$SPX,7591.7,2026-09-16,6,Put,"7,475.00",-1.54%,22.9,22.33,23.4,69,900,0.08,14.45%,17.37%,-0.232555,2026-09-10
$SPX,7591.7,2026-09-16,6,Put,"7,395.00",-2.59%,13,13.8,13.3,125,1511,0.08,14.45%,19.30%,-0.136733,2026-09-10
$SPX,7591.7,2026-09-16,6,Put,"7,275.00",-4.17%,5.9,6.5,6.2,45,594,0.08,14.45%,22.27%,-0.06349,2026-09-10
$SPX,7591.7,2026-09-16,6,Put,"6,800.00",-10.43%,1.1,1.2,1.3,33,417,0.08,14.45%,37.27%,-0.009644,2026-09-10
$SPX,7591.7,2026-10-16,36,Put,"7,640.00",+0.64%,140,143.2,142.2,51,637,0.08,14.45%,13.43%,-0.530413,2026-09-10
$SPX,7591.7,2026-10-16,36,Put,"7,645.00",+0.70%,141.9,135.61,144.3,18,223,0.08,14.45%,13.35%,-0.537493,2026-09-10
$SPX,7591.7,2026-10-16,36,Put,"7,670.00",+1.03%,152.8,157,155.2,30,368,0.08,14.45%,12.99%,-0.572197,2026-09-10
$SPX,7591.7,2026-10-16,36,Put,"7,275.00",-4.17%,51.2,49.15,53,102,1282,0.08,14.45%,18.41%,-0.205869,2026-09-10
$SPX,7591.7,2026-09-18,8,Put,"7,550.00",-0.55%,46.7,48.44,47.7,3899,50411,0.08,14.45%,15.24%,-0.388311,2026-09-10
$SPX,7591.7,2026-09-18,8,Put,"7,350.00",-3.18%,14.2,15.45,15,1406,16870,0.08,14.45%,19.98%,-0.128568,2026-09-10
$SPX,7591.7,2026-10-05,25,Put,"7,300.00",-3.84%,38.1,39.24,39.2,19,231,0.08,14.45%,18.40%,-0.188622,2026-09-10
$SPX,7591.7,2026-09-23,13,Put,"7,630.00",+0.50%,91.7,97,92.7,19,239,0.08,14.45%,13.31%,-0.561478,2026-09-10
$SPX,7591.7,2026-10-16,36,Put,"7,550.00",-0.55%,109.7,111.35,110.6,101,1275,0.08,14.45%,14.82%,-0.420787,2026-09-10
$SPX,7591.7,2026-10-16,36,Put,"7,650.00",+0.77%,145.9,149.92,147.3,88,1044,0.08,14.45%,13.43%,-0.543703,2026-09-10
$SPX,7591.7,2026-10-16,36,Put,"7,350.00",-3.18%,63.8,65.58,64.6,42,544,0.08,14.45%,17.55%,-0.251109,2026-09-10
$SPX,7591.7,2026-10-16,36,Put,"7,125.00",-6.15%,36.8,36.98,37.6,30,363,0.08,14.45%,20.60%,-0.143817,2026-09-10
$SPX,7591.7,2026-09-25,15,Put,"7,760.00",+2.22%,161.9,177.15,181.9,14,212,0.07,14.45%,9.46%,-0.89209,2026-09-10
$SPX,7591.7,2026-09-25,15,Put,"7,420.00",-2.26%,38.7,38.22,39.6,19,265,0.07,14.45%,17.50%,-0.242302,2026-09-10
$SPX,7591.7,2026-09-25,15,Put,"7,325.00",-3.51%,26.2,27.68,26.7,34,480,0.07,14.45%,19.22%,-0.165687,2026-09-10
$SPX,7591.7,2026-09-25,15,Put,"7,220.00",-4.90%,17.2,17.31,18,42,620,0.07,14.45%,21.12%,-0.110169,2026-09-10
$SPX,7591.7,2026-09-25,15,Put,"7,100.00",-6.48%,11.4,11.3,11.7,157,2278,0.07,14.45%,23.35%,-0.071138,2026-09-10
$SPX,7591.7,2027-03-31,202,Put,"7,450.00",-1.87%,248.9,249.95,251.5,10,134,0.07,14.45%,16.82%,-0.369752,2026-09-10
$SPX,7591.7,2027-02-19,162,Put,"5,125.00",-32.49%,22.8,22.65,23.7,14,187,0.07,14.45%,35.06%,-0.030997,2026-09-10
$SPX,7591.7,2027-03-19,190,Put,"7,250.00",-4.50%,193.7,195.65,196.2,202,2730,0.07,14.45%,18.19%,-0.296311,2026-09-10
$SPX,7591.7,2027-03-19,190,Put,"6,300.00",-17.01%,75.9,76.6,77.6,884,12751,0.07,14.45%,24.85%,-0.108971,2026-09-10
$SPX,7591.7,2027-03-19,190,Put,"2,400.00",-68.39%,2.75,2.97,3.2,255,3418,0.07,14.45%,63.00%,-0.002531,2026-09-10
$SPX,7591.7,2027-06-17,280,Put,"7,075.00",-6.81%,218.3,219.1,220.2,59,897,0.07,14.45%,19.47%,-0.262771,2026-09-10
$SPX,7591.7,2026-11-20,71,Put,"4,400.00",-42.04%,3,3.1,3.3,114,1603,0.07,14.45%,51.35%,-0.005369,2026-09-10
$SPX,7591.7,2026-09-16,6,Put,"7,700.00",+1.43%,114.2,120.57,116.3,36,491,0.07,14.45%,11.29%,-0.835523,2026-09-10
$SPX,7591.7,2026-09-16,6,Put,"6,850.00",-9.77%,1.25,1.35,1.45,20,290,0.07,14.45%,35.64%,-0.011172,2026-09-10
$SPX,7591.7,2026-09-16,6,Put,"6,000.00",-20.97%,0.2,0.3,0.35,68,936,0.07,14.45%,62.96%,-0.001533,2026-09-10
$SPX,7591.7,2026-10-16,36,Put,"7,655.00",+0.83%,146.1,149.47,148.6,34,461,0.07,14.45%,13.21%,-0.551083,2026-09-10
$SPX,7591.7,2026-10-16,36,Put,"7,750.00",+2.09%,194.1,200.6,196.5,506,7449,0.07,14.45%,11.82%,-0.697235,2026-09-10
$SPX,7591.7,2026-10-16,36,Put,"6,570.00",-13.46%,12.2,12.8,13.2,121,1805,0.07,14.45%,28.40%,-0.044272,2026-09-10
$SPX,7591.7,2026-10-16,36,Put,"4,700.00",-38.09%,1.1,1.3,1.45,150,2232,0.07,14.45%,57.66%,-0.002919,2026-09-10
$SPX,7591.7,2026-10-23,43,Put,"7,650.00",+0.77%,155.8,160.41,157.4,13,185,0.07,14.45%,13.48%,-0.534327,2026-09-10
$SPX,7591.7,2026-10-23,43,Put,"6,700.00",-11.75%,19.7,17.94,20.7,12,176,0.07,14.45%,25.75%,-0.066403,2026-09-10
$SPX,7591.7,2026-09-18,8,Put,"7,570.00",-0.29%,52.8,56.6,53.9,358,5474,0.07,14.45%,14.74%,-0.432212,2026-09-10
$SPX,7591.7,2026-09-18,8,Put,"7,535.00",-0.75%,42.5,44.32,43.6,383,5691,0.07,14.45%,15.61%,-0.357775,2026-09-10
$SPX,7591.7,2026-09-18,8,Put,"7,670.00",+1.03%,97.6,101.75,98.8,556,8527,0.07,14.45%,11.89%,-0.710921,2026-09-10
$SPX,7591.7,2026-09-18,8,Put,"7,470.00",-1.60%,28.6,30.85,29.5,376,5630,0.07,14.45%,17.17%,-0.249618,2026-09-10
$SPX,7591.7,2026-09-18,8,Put,"7,050.00",-7.14%,3.9,4.1,4.3,467,6586,0.07,14.45%,27.77%,-0.03297,2026-09-10
$SPX,7591.7,2026-09-18,8,Put,"7,005.00",-7.73%,3.4,3.7,3.8,30,407,0.07,14.45%,29.07%,-0.028243,2026-09-10
$SPX,7591.7,2026-09-18,8,Put,"6,760.00",-10.96%,1.9,1.6,2.15,60,921,0.07,14.45%,36.28%,-0.013876,2026-09-10
$SPX,7591.7,2026-09-18,8,Put,"6,620.00",-12.80%,1.5,1.26,1.7,117,1678,0.07,14.45%,40.59%,-0.010132,2026-09-10
$SPX,7591.7,2026-09-18,8,Put,"6,550.00",-13.72%,1.3,1.35,1.55,610,8331,0.07,14.45%,42.70%,-0.00871,2026-09-10
$SPX,7591.7,2026-09-18,8,Put,"6,500.00",-14.38%,1.2,1.25,1.45,1694,25918,0.07,14.45%,44.25%,-0.007891,2026-09-10
$SPX,7591.7,2026-09-29,19,Put,"7,150.00",-5.82%,17,15.77,17.8,25,338,0.07,14.45%,21.31%,-0.098055,2026-09-10
$SPX,7591.7,2026-10-16,36,Put,"7,675.00",+1.10%,157,159.6,158.3,18,242,0.07,14.45%,13.07%,-0.578524,2026-09-10
$SPX,7591.7,2026-10-16,36,Put,"7,225.00",-4.83%,46.7,48.7,47.3,13,176,0.07,14.45%,19.24%,-0.183348,2026-09-10
$SPX,7591.7,2027-01-15,127,Call,"7,600.00",-0.11%,327.3,323.27,329.4,13,193,0.07,14.45%,15.75%,0.570999,2026-09-10
$SPX,7591.7,2026-09-18,8,Call,"7,635.00",-0.57%,50.3,50.03,50.9,53,710,0.07,14.45%,15.04%,0.417369,2026-09-10
$SPX,7591.7,2026-09-18,8,Call,"7,685.00",-1.23%,28.4,29.82,28.9,53,722,0.07,14.45%,13.94%,0.293534,2026-09-10
$SPX,7591.7,2026-09-18,8,Call,"7,885.00",-3.86%,0.75,0.7,0.95,34,488,0.07,14.45%,11.87%,0.017708,2026-09-10
$SPX,7591.7,2026-09-18,8,Call,"8,010.00",-5.51%,0.15,0.35,0.35,29,391,0.07,14.45%,13.83%,0.0051,2026-09-10
$SPX,7591.7,2026-09-30,20,Call,"7,705.00",-1.49%,49.4,50.32,50.5,19,259,0.07,14.45%,12.70%,0.338544,2026-09-10
$SPX,7591.7,2026-09-30,20,Call,"7,810.00",-2.88%,17,16.6,17.9,13,197,0.07,14.45%,11.39%,0.164624,2026-09-10
$SPX,7591.7,2027-08-20,344,Call,"8,300.00",-9.33%,273.2,276.9,276.1,250,3386,0.07,14.45%,14.83%,0.387308,2026-09-10
$SPX,7591.7,2026-09-28,18,Call,"8,025.00",-5.71%,0.6,0.77,0.95,11,156,0.07,14.45%,10.72%,0.012433,2026-09-10
$SPX,7591.7,2027-01-15,127,Call,"7,300.00",+3.84%,543.6,540.13,546.9,269,4125,0.07,14.45%,18.00%,0.708238,2026-09-10
$SPX,7591.7,2027-01-29,141,Call,"8,425.00",-10.98%,36.3,38.6,37.7,13,195,0.07,14.45%,12.37%,0.130664,2026-09-10
$SPX,7591.7,2027-07-16,309,Call,"8,250.00",-8.67%,251,254.01,253.5,30,401,0.07,14.45%,14.59%,0.381809,2026-09-10
$SPX,7591.7,2026-11-20,71,Call,"8,475.00",-11.64%,3.5,3.75,4.1,35,487,0.07,14.45%,11.82%,0.025753,2026-09-10
$SPX,7591.7,2026-10-08,28,Call,"8,050.00",-6.04%,2.65,3.19,3.2,12,168,0.07,14.45%,10.87%,0.032939,2026-09-10
$SPX,7591.7,2027-06-17,280,Call,"7,775.00",-2.41%,452.7,453.1,455.3,45,663,0.07,14.45%,16.20%,0.547175,2026-09-10
$SPX,7591.7,2027-06-17,280,Call,"8,200.00",-8.01%,237.1,240.13,239.4,671,10026,0.07,14.45%,14.47%,0.380829,2026-09-10
$SPX,7591.7,2026-09-17,7,Call,"7,670.00",-1.03%,28.6,27.58,29,56,749,0.07,14.45%,13.80%,0.311672,2026-09-10
$SPX,7591.7,2026-09-16,6,Call,"7,920.00",-4.32%,0.15,0.2,0.3,25,343,0.07,14.45%,12.81%,0.005662,2026-09-10
$SPX,7591.7,2026-10-16,36,Call,"7,600.00",-0.11%,148,148.1,149.7,807,12130,0.07,14.45%,14.62%,0.531425,2026-09-10
$SPX,7591.7,2026-10-16,36,Call,"7,840.00",-3.27%,37.5,35.65,39.1,17,237,0.07,14.45%,12.09%,0.232069,2026-09-10
$SPX,7591.7,2026-10-16,36,Call,"8,075.00",-6.37%,5.1,5.3,6.1,141,1993,0.07,14.45%,11.17%,0.05081,2026-09-10
$SPX,7591.7,2026-09-18,8,Call,"7,650.00",-0.77%,41.7,39.6,42.7,1677,23744,0.07,14.45%,14.45%,0.378347,2026-09-10
$SPX,7591.7,2026-09-18,8,Call,"7,810.00",-2.88%,2.85,2.98,3.4,312,4190,0.07,14.45%,11.67%,0.056284,2026-09-10
$SPX,7591.7,2026-09-18,8,Call,"7,920.00",-4.32%,0.35,0.45,0.6,46,621,0.07,14.45%,12.08%,0.010336,2026-09-10
$SPX,7591.7,2026-09-29,19,Call,"8,025.00",-5.71%,0.75,1.07,1.1,15,221,0.07,14.45%,10.67%,0.014288,2026-09-10
$SPX,7591.7,2026-10-16,36,Call,"7,880.00",-3.80%,28.9,29,29.9,18,273,0.07,14.45%,11.96%,0.190473,2026-09-10
$SPX,7591.7,2026-10-16,36,Call,"8,425.00",-10.98%,0.6,0.76,0.9,14,193,0.07,14.45%,13.03%,0.007433,2026-09-10
$SPX,7591.7,2027-01-15,127,Put,"7,600.00",+0.11%,231.5,233.4,232.8,77,1065,0.07,14.45%,15.04%,-0.450515,2026-09-10
$SPX,7591.7,2026-09-18,8,Put,"7,730.00",+1.82%,132.9,144.68,150.6,42,591,0.07,14.45%,10.27%,-0.892686,2026-09-10
$SPX,7591.7,2026-09-18,8,Put,"7,740.00",+1.95%,138.3,156.63,158.3,29,442,0.07,14.45%,12.89%,-0.846799,2026-09-10
$SPX,7591.7,2026-09-18,8,Put,"7,410.00",-2.39%,22.6,22,23.1,56,831,0.07,14.45%,19.39%,-0.188579,2026-09-10
$SPX,7591.7,2026-09-18,8,Put,"6,500.00",-14.38%,1.3,1.35,1.5,127,1886,0.07,14.45%,44.55%,-0.008243,2026-09-10
$SPX,7591.7,2026-09-18,8,Put,"6,400.00",-15.70%,1.1,1.25,1.3,85,1190,0.07,14.45%,47.56%,-0.006746,2026-09-10
$SPX,7591.7,2026-09-30,20,Put,"7,615.00",+0.31%,101.7,101.7,102.8,11,154,0.07,14.45%,13.65%,-0.515315,2026-09-10
$SPX,7591.7,2026-09-30,20,Put,"7,525.00",-0.88%,71.9,73.96,72.5,1181,17325,0.07,14.45%,15.23%,-0.378311,2026-09-10
$SPX,7591.7,2026-09-30,20,Put,"7,275.00",-4.17%,28.9,27.2,29.4,82,1210,0.07,14.45%,19.37%,-0.158306,2026-09-10
$SPX,7591.7,2026-09-30,20,Put,"7,250.00",-4.50%,26.6,26.37,27,339,4886,0.07,14.45%,19.78%,-0.145461,2026-09-10
$SPX,7591.7,2026-09-30,20,Put,"5,425.00",-28.54%,0.8,0.9,1.1,20,294,0.07,14.45%,54.06%,-0.003141,2026-09-10
$SPX,7591.7,2026-09-28,18,Put,"7,325.00",-3.51%,29,28.94,29.9,10,146,0.07,14.45%,18.34%,-0.174182,2026-09-10
$SPX,7591.7,2026-09-28,18,Put,"7,300.00",-3.84%,26.4,22.96,27.3,16,231,0.07,14.45%,18.77%,-0.15881,2026-09-10
$SPX,7591.7,2027-01-15,127,Put,"7,250.00",-4.50%,142.8,144,145.3,421,6087,0.07,14.45%,17.97%,-0.27838,2026-09-10
$SPX,7591.7,2027-01-29,141,Put,"7,240.00",-4.63%,153,154.37,155,25,351,0.07,14.45%,18.06%,-0.280388,2026-09-10
$SPX,7591.7,2027-01-29,141,Put,"6,800.00",-10.43%,92.1,93.27,93.8,19,262,0.07,14.45%,21.63%,-0.163178,2026-09-10
$SPX,7591.7,2027-01-29,141,Put,"5,800.00",-23.60%,33.9,34.67,35.1,15,220,0.07,14.45%,30.00%,-0.053732,2026-09-10
$SPX,7591.7,2027-07-16,309,Put,"6,400.00",-15.70%,133.8,134.91,135.9,124,1884,0.07,14.45%,23.12%,-0.148492,2026-09-10
$SPX,7591.7,2027-07-16,309,Put,"6,300.00",-17.01%,123.6,124.72,125.4,100,1465,0.07,14.45%,23.68%,-0.136432,2026-09-10
$SPX,7591.7,2026-11-20,71,Put,"7,510.00",-1.08%,147.7,149.39,149.7,14,205,0.07,14.45%,15.57%,-0.394181,2026-09-10
$SPX,7591.7,2026-11-20,71,Put,"7,080.00",-6.74%,69.3,66.21,70.6,11,154,0.07,14.45%,20.11%,-0.183675,2026-09-10
$SPX,7591.7,2026-11-20,71,Put,"6,150.00",-18.99%,19.4,20.2,20.2,129,1929,0.07,14.45%,30.28%,-0.045192,2026-09-10
$SPX,7591.7,2026-11-20,71,Put,"5,650.00",-25.58%,11.1,11.6,11.7,37,543,0.07,14.45%,36.03%,-0.023816,2026-09-10
$SPX,7591.7,2026-11-20,71,Put,"2,400.00",-68.39%,0.1,0.25,0.4,103,1550,0.07,14.45%,81.29%,-0.000326,2026-09-10
$SPX,7591.7,2026-09-25,15,Put,"7,650.00",+0.77%,106.6,107.36,107.7,73,1041,0.07,14.45%,13.03%,-0.595866,2026-09-10
$SPX,7591.7,2026-09-25,15,Put,"7,680.00",+1.16%,122,124.76,123,25,338,0.07,14.45%,12.38%,-0.663115,2026-09-10
$SPX,7591.7,2026-09-18,8,Call,"7,990.00",-5.25%,0.15,0.25,0.4,18,292,0.06,14.45%,13.39%,0.005731,2026-09-10
$SPX,7591.7,2026-10-07,27,Call,"7,950.00",-4.72%,6.9,7.44,7.7,20,335,0.06,14.45%,10.90%,0.073503,2026-09-10
$SPX,7591.7,2026-10-06,26,Call,"8,025.00",-5.71%,2.45,2.67,3.1,12,189,0.06,14.45%,10.70%,0.032937,2026-09-10
$SPX,7591.7,2026-09-30,20,Call,"7,600.00",-0.11%,104.9,106.83,105.6,204,3651,0.06,14.45%,14.37%,0.517337,2026-09-10
$SPX,7591.7,2026-09-30,20,Call,"7,665.00",-0.97%,67.9,68.37,69.1,16,267,0.06,14.45%,13.31%,0.409423,2026-09-10
$SPX,7591.7,2026-09-30,20,Call,"7,775.00",-2.41%,25.6,24.67,26.1,62,1115,0.06,14.45%,11.80%,0.218257,2026-09-10
$SPX,7591.7,2026-09-30,20,Call,"7,795.00",-2.68%,20.5,19.55,21,112,1878,0.06,14.45%,11.56%,0.186749,2026-09-10
$SPX,7591.7,2026-09-30,20,Call,"7,820.00",-3.01%,15.3,16.3,15.8,65,1173,0.06,14.45%,11.30%,0.151022,2026-09-10
$SPX,7591.7,2026-09-30,20,Call,"7,830.00",-3.14%,13.3,13.85,14.1,27,440,0.06,14.45%,11.18%,0.137437,2026-09-10
$SPX,7591.7,2026-09-30,20,Call,"7,840.00",-3.27%,12,12.8,12.4,28,431,0.06,14.45%,11.12%,0.12561,2026-09-10
$SPX,7591.7,2026-09-30,20,Call,"7,890.00",-3.93%,6.2,5.99,6.5,389,6938,0.06,14.45%,10.75%,0.074935,2026-09-10
$SPX,7591.7,2026-09-30,20,Call,"7,930.00",-4.46%,3.4,3.55,4,35,550,0.06,14.45%,10.59%,0.047808,2026-09-10
$SPX,7591.7,2026-09-30,20,Call,"7,985.00",-5.18%,1.6,1.91,1.95,10,167,0.06,14.45%,10.53%,0.025258,2026-09-10
$SPX,7591.7,2028-12-15,827,Call,"13,000.00",-71.24%,4,15.36,26.3,13,223,0.06,14.45%,14.34%,0.026118,2026-09-10
$SPX,7591.7,2027-12-17,463,Call,"10,000.00",-31.72%,34.2,36.5,39.5,500,8753,0.06,14.45%,13.24%,0.076668,2026-09-10
$SPX,7591.7,2027-01-15,127,Call,"7,375.00",+2.85%,485.8,487.04,489.1,28,465,0.06,14.45%,17.42%,0.678581,2026-09-10
$SPX,7591.7,2027-01-15,127,Call,"7,350.00",+3.18%,504.8,501.62,508.1,88,1494,0.06,14.45%,17.61%,0.688816,2026-09-10
$SPX,7591.7,2027-01-15,127,Call,"8,125.00",-7.02%,80.7,80.5,82.8,32,537,0.06,14.45%,12.85%,0.247858,2026-09-10
$SPX,7591.7,2027-01-15,127,Call,"8,350.00",-9.99%,36.4,36.3,38,44,691,0.06,14.45%,12.29%,0.137418,2026-09-10
$SPX,7591.7,2027-01-15,127,Call,"10,200.00",-34.36%,0.25,0.5,0.6,92,1618,0.06,14.45%,16.36%,0.002034,2026-09-10
$SPX,7591.7,2026-11-20,71,Call,"7,700.00",-1.43%,167.1,165.24,169,584,9681,0.06,14.45%,14.43%,0.469159,2026-09-10
$SPX,7591.7,2026-11-20,71,Call,"7,790.00",-2.61%,121.5,122.6,123.4,16,256,0.06,14.45%,13.72%,0.391025,2026-09-10
$SPX,7591.7,2026-11-20,71,Call,"8,100.00",-6.70%,29.3,29,30.4,607,10578,0.06,14.45%,12.11%,0.146382,2026-09-10
$SPX,7591.7,2026-11-20,71,Call,"8,500.00",-11.96%,3.1,3.5,3.6,343,5990,0.06,14.45%,11.86%,0.022959,2026-09-10
$SPX,7591.7,2026-11-20,71,Call,"8,575.00",-12.95%,2.2,2.75,2.65,46,777,0.06,14.45%,12.09%,0.016928,2026-09-10
$SPX,7591.7,2026-09-25,15,Call,"7,725.00",-1.76%,31.5,31.02,32.3,19,335,0.06,14.45%,12.63%,0.271307,2026-09-10
$SPX,7591.7,2026-09-25,15,Call,"7,940.00",-4.59%,1.35,1.47,1.65,42,650,0.06,14.45%,10.78%,0.024199,2026-09-10
$SPX,7591.7,2027-03-19,190,Call,"8,425.00",-10.98%,72.7,75.4,74.4,29,508,0.06,14.45%,12.84%,0.196553,2026-09-10
$SPX,7591.7,2026-10-08,28,Call,"8,025.00",-5.71%,3.4,3.9,4.1,11,183,0.06,14.45%,10.85%,0.040989,2026-09-10
$SPX,7591.7,2027-06-17,280,Call,"8,525.00",-12.29%,129.4,128.7,132.1,23,358,0.06,14.45%,13.59%,0.255393,2026-09-10
$SPX,7591.7,2026-09-16,6,Call,"7,650.00",-0.77%,31,29.7,31.5,252,3910,0.06,14.45%,13.84%,0.348704,2026-09-10
$SPX,7591.7,2026-09-16,6,Call,"7,675.00",-1.10%,21.4,20.7,21.9,175,3100,0.06,14.45%,13.26%,0.274839,2026-09-10
$SPX,7591.7,2026-10-16,36,Call,"8,110.00",-6.83%,3.7,4.01,4.6,12,205,0.06,14.45%,11.17%,0.03918,2026-09-10
$SPX,7591.7,2026-10-16,36,Call,"8,280.00",-9.07%,1.15,1.3,1.55,39,636,0.06,14.45%,11.90%,0.013709,2026-09-10
$SPX,7591.7,2026-10-16,36,Call,"8,400.00",-10.65%,0.6,0.76,1,284,5093,0.06,14.45%,12.78%,0.008015,2026-09-10
$SPX,7591.7,2026-09-18,8,Call,"7,800.00",-2.74%,3.6,3.56,4.1,2789,44635,0.06,14.45%,11.76%,0.066805,2026-09-10
$SPX,7591.7,2026-10-05,25,Call,"8,000.00",-5.38%,2.95,3.07,3.4,18,281,0.06,14.45%,10.65%,0.037835,2026-09-10
$SPX,7591.7,2026-10-16,36,Call,"7,500.00",+1.21%,217.9,213.14,219.2,13,235,0.06,14.45%,16.07%,0.632544,2026-09-10
$SPX,7591.7,2027-01-15,127,Put,"7,550.00",-0.55%,215.6,217.4,216.9,63,1030,0.06,14.45%,15.46%,-0.420126,2026-09-10
$SPX,7591.7,2026-09-18,8,Put,"7,750.00",+2.09%,157.8,159.9,159.8,108,1716,0.06,14.45%,9.24%,-0.959619,2026-09-10
$SPX,7591.7,2026-09-18,8,Put,"7,070.00",-6.87%,4.7,4.9,5.1,17,275,0.06,14.45%,27.80%,-0.038487,2026-09-10
$SPX,7591.7,2026-09-18,8,Put,"7,000.00",-7.79%,3.8,3.9,4.1,133,2292,0.06,14.45%,29.76%,-0.030011,2026-09-10
$SPX,7591.7,2026-09-30,20,Put,"7,690.00",+1.29%,137,142.3,138.1,12,192,0.06,14.45%,12.30%,-0.655912,2026-09-10
$SPX,7591.7,2026-09-30,20,Put,"7,475.00",-1.54%,59.5,59.45,60.1,157,2697,0.06,14.45%,16.09%,-0.317772,2026-09-10
$SPX,7591.7,2026-09-30,20,Put,"7,150.00",-5.82%,19.2,20.05,19.6,299,5214,0.06,14.45%,21.43%,-0.104511,2026-09-10
$SPX,7591.7,2026-09-30,20,Put,"7,140.00",-5.95%,18.4,18.7,19.2,26,442,0.06,14.45%,21.59%,-0.101179,2026-09-10
$SPX,7591.7,2026-09-30,20,Put,"5,500.00",-27.55%,0.95,1,1.15,36,559,0.06,14.45%,52.60%,-0.003534,2026-09-10
$SPX,7591.7,2027-12-17,463,Put,"6,800.00",-10.43%,250.5,253.4,258,404,6259,0.06,14.45%,20.88%,-0.226756,2026-09-10
$SPX,7591.7,2027-12-17,463,Put,"6,200.00",-18.33%,163.6,165.92,170.4,501,7809,0.06,14.45%,23.56%,-0.145793,2026-09-10
$SPX,7591.7,2026-09-28,18,Put,"7,600.00",+0.11%,89.2,93.61,90.3,114,1773,0.06,14.45%,13.58%,-0.491772,2026-09-10
$SPX,7591.7,2027-01-15,127,Put,"7,900.00",+4.06%,358.8,358.05,362.1,76,1359,0.06,14.45%,12.16%,-0.697438,2026-09-10
$SPX,7591.7,2027-01-15,127,Put,"7,200.00",-5.16%,134,135.4,136.4,352,5438,0.06,14.45%,18.39%,-0.260447,2026-09-10
$SPX,7591.7,2027-01-15,127,Put,"8,025.00",+5.71%,432.6,431.79,435.9,13,201,0.06,14.45%,9.48%,-0.928203,2026-09-10
$SPX,7591.7,2027-01-15,127,Put,"8,075.00",+6.37%,465.5,462.59,468.9,16,271,0.06,14.45%,0.00%,0,2026-09-10
$SPX,7591.7,2026-11-20,71,Put,"7,580.00",-0.15%,169.5,171.8,171.4,11,174,0.06,14.45%,14.85%,-0.448149,2026-09-10
$SPX,7591.7,2026-11-20,71,Put,"7,500.00",-1.21%,144.9,146.3,146.9,887,15275,0.06,14.45%,15.68%,-0.387172,2026-09-10
$SPX,7591.7,2026-11-20,71,Put,"7,400.00",-2.53%,120.1,123.01,121.9,1015,15690,0.06,14.45%,16.72%,-0.322598,2026-09-10
$SPX,7591.7,2026-11-20,71,Put,"7,380.00",-2.79%,115.8,117.2,117.6,112,1816,0.06,14.45%,16.93%,-0.311161,2026-09-10
$SPX,7591.7,2026-11-20,71,Put,"7,300.00",-3.84%,100.4,102.55,102,674,10957,0.06,14.45%,17.78%,-0.269585,2026-09-10
$SPX,7591.7,2026-11-20,71,Put,"6,875.00",-9.44%,50.4,51.06,51.7,124,2118,0.06,14.45%,22.31%,-0.130903,2026-09-10
$SPX,7591.7,2026-11-20,71,Put,"6,670.00",-12.14%,37.7,38.8,38.7,20,323,0.06,14.45%,24.54%,-0.095032,2026-09-10
$SPX,7591.7,2026-11-20,71,Put,"6,125.00",-19.32%,18.9,17.7,19.8,68,1067,0.06,14.45%,30.60%,-0.043886,2026-09-10
$SPX,7591.7,2026-11-20,71,Put,"5,850.00",-22.94%,13.8,14.4,14.5,45,790,0.06,14.45%,33.71%,-0.030608,2026-09-10
$SPX,7591.7,2026-11-20,71,Put,"5,450.00",-28.21%,9,9.4,9.5,52,854,0.06,14.45%,38.38%,-0.018664,2026-09-10
$SPX,7591.7,2026-09-25,15,Put,"6,750.00",-11.09%,4.5,4.6,4.9,32,581,0.06,14.45%,30.60%,-0.025738,2026-09-10
$SPX,7591.7,2026-11-30,81,Put,"3,200.00",-57.85%,0.9,1.03,1.2,197,3389,0.06,14.45%,65.48%,-0.001444,2026-09-10
$SPX,7591.7,2027-03-19,190,Put,"7,600.00",+0.11%,284.2,287,287,467,7922,0.06,14.45%,15.71%,-0.439487,2026-09-10
$SPX,7591.7,2027-03-19,190,Put,"7,300.00",-3.84%,204.3,205.65,206.8,419,7249,0.06,14.45%,17.84%,-0.312936,2026-09-10
$SPX,7591.7,2027-03-19,190,Put,"6,600.00",-13.06%,100.7,101.5,102.7,328,5608,0.06,14.45%,22.73%,-0.148321,2026-09-10
$SPX,7591.7,2026-10-08,28,Put,"6,875.00",-9.44%,15,15.7,15.9,14,254,0.06,14.45%,24.91%,-0.065679,2026-09-10
$SPX,7591.7,2027-06-17,280,Put,"7,800.00",+2.74%,414,416,416.5,514,8238,0.06,14.45%,14.94%,-0.51852,2026-09-10
$SPX,7591.7,2027-06-17,280,Put,"6,775.00",-10.76%,168.5,169.81,170.5,40,619,0.06,14.45%,21.18%,-0.200795,2026-09-10
$SPX,7591.7,2027-06-17,280,Put,"5,100.00",-32.82%,44.5,45.2,45.7,216,3921,0.06,14.45%,31.59%,-0.046841,2026-09-10
$SPX,7591.7,2026-09-17,7,Put,"6,200.00",-18.33%,0.55,0.6,0.75,82,1364,0.06,14.45%,55.29%,-0.003563,2026-09-10
$SPX,7591.7,2026-11-20,71,Put,"7,750.00",+2.09%,241.8,240.04,243.3,28,446,0.06,14.45%,13.27%,-0.607444,2026-09-10
$SPX,7591.7,2026-11-20,71,Put,"7,775.00",+2.41%,254.4,252.59,255.9,10,162,0.06,14.45%,13.00%,-0.635956,2026-09-10
$SPX,7591.7,2026-11-20,71,Put,"6,500.00",-14.38%,30.8,31.2,31.7,23,381,0.06,14.45%,26.56%,-0.074961,2026-09-10
$SPX,7591.7,2026-11-20,71,Put,"5,600.00",-26.24%,10.8,11.1,11.4,15,261,0.06,14.45%,36.77%,-0.022824,2026-09-10
$SPX,7591.7,2026-09-16,6,Put,"7,645.00",+0.70%,79.1,78.75,79.7,21,369,0.06,14.45%,13.04%,-0.651857,2026-09-10
$SPX,7591.7,2026-09-16,6,Put,"7,685.00",+1.23%,94.5,101.75,112.3,11,177,0.06,14.45%,11.46%,-0.794455,2026-09-10
$SPX,7591.7,2026-10-16,36,Put,"7,585.00",-0.09%,119,122.17,121.4,14,253,0.06,14.45%,14.19%,-0.460223,2026-09-10
$SPX,7591.7,2026-10-16,36,Put,"7,535.00",-0.75%,103.1,107.1,105.3,11,191,0.06,14.45%,14.88%,-0.404098,2026-09-10
$SPX,7591.7,2026-10-16,36,Put,"7,525.00",-0.88%,100.2,103.46,102.4,107,1727,0.06,14.45%,15.01%,-0.39378,2026-09-10
$SPX,7591.7,2026-10-16,36,Put,"7,730.00",+1.82%,182.8,187.16,185.3,99,1720,0.06,14.45%,12.13%,-0.662915,2026-09-10
$SPX,7591.7,2026-10-16,36,Put,"7,300.00",-3.84%,54.7,55.45,56.4,1008,16843,0.06,14.45%,18.08%,-0.2196,2026-09-10
$SPX,7591.7,2026-10-16,36,Put,"6,625.00",-12.73%,13.3,14.1,14.3,184,3054,0.06,14.45%,27.56%,-0.048854,2026-09-10
$SPX,7591.7,2026-10-16,36,Put,"6,300.00",-17.01%,8.4,8.8,9.1,406,6990,0.06,14.45%,32.59%,-0.028276,2026-09-10
$SPX,7591.7,2026-10-16,36,Put,"6,125.00",-19.32%,6.7,6.3,7.3,72,1152,0.06,14.45%,35.31%,-0.021587,2026-09-10
$SPX,7591.7,2026-10-23,43,Put,"6,750.00",-11.09%,21.4,22.1,22.4,28,495,0.06,14.45%,25.07%,-0.072796,2026-09-10
$SPX,7591.7,2026-09-18,8,Put,"7,460.00",-1.73%,26.9,29.01,27.9,233,3801,0.06,14.45%,17.42%,-0.236179,2026-09-10
$SPX,7591.7,2026-09-18,8,Put,"7,430.00",-2.13%,22.5,23,23.4,291,5196,0.06,14.45%,18.11%,-0.199711,2026-09-10
$SPX,7591.7,2026-09-18,8,Put,"7,055.00",-7.07%,3.9,3.7,4.4,40,694,0.06,14.45%,27.62%,-0.033491,2026-09-10
$SPX,7591.7,2026-09-18,8,Put,"7,000.00",-7.79%,3.4,3.7,3.7,22611,373993,0.06,14.45%,29.22%,-0.027774,2026-09-10
$SPX,7591.7,2026-09-18,8,Put,"6,940.00",-8.58%,2.9,3.1,3.2,28,480,0.06,14.45%,31.00%,-0.02304,2026-09-10
$SPX,7591.7,2026-09-18,8,Put,"6,700.00",-11.75%,1.7,1.8,1.95,1104,18588,0.06,14.45%,38.13%,-0.012079,2026-09-10
$SPX,7591.7,2026-09-18,8,Put,"6,600.00",-13.06%,1.45,1.45,1.65,1637,26382,0.06,14.45%,41.20%,-0.009711,2026-09-10
$SPX,7591.7,2026-09-18,8,Put,"6,200.00",-18.33%,0.7,0.75,0.95,1046,17581,0.06,14.45%,53.08%,-0.004327,2026-09-10
$SPX,7591.7,2026-09-18,8,Put,"5,930.00",-21.89%,0.4,0.4,0.65,25,425,0.06,14.45%,60.63%,-0.002521,2026-09-10
$SPX,7591.7,2026-09-23,13,Put,"7,650.00",+0.77%,101.2,102.07,102.2,22,372,0.06,14.45%,12.88%,-0.606975,2026-09-10
$SPX,7591.7,2026-09-23,13,Put,"7,450.00",-1.87%,38.4,41.29,39,39,623,0.06,14.45%,16.91%,-0.260624,2026-09-10
$SPX,7591.7,2026-09-29,19,Put,"7,450.00",-1.87%,50.4,53.57,51.5,13,217,0.06,14.45%,16.31%,-0.285127,2026-09-10
$SPX,7591.7,2026-09-29,19,Put,"7,300.00",-3.84%,28.6,28,29.5,26,413,0.06,14.45%,18.81%,-0.165117,2026-09-10
$SPX,7591.7,2026-09-29,19,Put,"7,100.00",-6.48%,14.5,15.45,15.2,38,612,0.06,14.45%,22.15%,-0.083117,2026-09-10
$SPX,7591.7,2026-09-29,19,Put,"6,300.00",-17.01%,2.7,2.42,3,12,212,0.06,14.45%,37.43%,-0.012324,2026-09-10
$SPX,7591.7,2026-09-24,14,Put,"6,200.00",-18.33%,1.55,1.58,1.8,40,691,0.06,14.45%,43.65%,-0.007624,2026-09-10
$SPX,7591.7,2026-10-16,36,Put,"7,340.00",-3.32%,62,63.45,63.1,10,181,0.06,14.45%,17.68%,-0.244766,2026-09-10
$SPX,7591.7,2026-10-16,36,Put,"7,230.00",-4.76%,47,43.26,48.1,11,185,0.06,14.45%,19.17%,-0.185587,2026-09-10
$SPX,7591.7,2026-10-16,36,Put,"7,110.00",-6.35%,35.4,35.68,36.4,13,209,0.06,14.45%,20.80%,-0.138663,2026-09-10
$SPX,7591.7,2026-09-25,15,Put,"7,800.00",+2.74%,192.9,205.26,212.9,10,194,0.05,14.45%,8.72%,-0.982216,2026-09-10
$SPX,7591.7,2026-09-25,15,Put,"6,900.00",-9.11%,6.4,6.62,6.7,116,2542,0.05,14.45%,27.38%,-0.038025,2026-09-10
$SPX,7591.7,2026-11-30,81,Put,"7,150.00",-5.82%,86.5,88.02,87.9,13,279,0.05,14.45%,19.13%,-0.215517,2026-09-10
$SPX,7591.7,2026-11-30,81,Put,"5,500.00",-27.55%,11.4,11.5,11.9,67,1376,0.05,14.45%,36.52%,-0.022542,2026-09-10
$SPX,7591.7,2027-02-19,162,Put,"7,550.00",-0.55%,243.8,244.48,246.7,30,549,0.05,14.45%,15.66%,-0.417497,2026-09-10
$SPX,7591.7,2027-02-19,162,Put,"6,075.00",-19.98%,51.1,49.2,52.7,11,243,0.05,14.45%,26.98%,-0.07852,2026-09-10
$SPX,7591.7,2027-02-19,162,Put,"5,025.00",-33.81%,21,20.7,22,10,201,0.05,14.45%,35.98%,-0.028246,2026-09-10
$SPX,7591.7,2027-03-19,190,Put,"7,175.00",-5.49%,179,180,181.6,116,2275,0.05,14.45%,18.72%,-0.272873,2026-09-10
$SPX,7591.7,2027-03-19,190,Put,"5,875.00",-22.61%,52,52.3,53.3,16,333,0.05,14.45%,27.97%,-0.071604,2026-09-10
$SPX,7591.7,2027-05-21,253,Put,"7,700.00",+1.43%,361.1,364,364.3,106,2066,0.05,14.45%,15.46%,-0.477305,2026-09-10
$SPX,7591.7,2027-05-21,253,Put,"7,725.00",+1.76%,370.3,372.82,373.3,10,197,0.05,14.45%,15.29%,-0.49133,2026-09-10
$SPX,7591.7,2027-05-21,253,Put,"7,900.00",+4.06%,438.3,440.99,441.9,17,368,0.05,14.45%,13.94%,-0.597252,2026-09-10
$SPX,7591.7,2027-06-17,280,Put,"6,900.00",-9.11%,187.7,188.3,189.6,442,9307,0.05,14.45%,20.47%,-0.224579,2026-09-10
$SPX,7591.7,2027-06-17,280,Put,"8,300.00",+9.33%,655.4,653.39,659.5,12,253,0.05,14.45%,0.00%,0,2026-09-10
$SPX,7591.7,2026-10-01,21,Put,"7,325.00",-3.51%,36.1,37.82,37.1,21,452,0.05,14.45%,18.53%,-0.192663,2026-09-10
$SPX,7591.7,2026-09-17,7,Put,"7,450.00",-1.87%,24.2,25.06,24.6,96,1897,0.05,14.45%,18.36%,-0.218333,2026-09-10
$SPX,7591.7,2026-09-16,6,Put,"7,525.00",-0.88%,33.1,33.7,33.5,126,2369,0.05,14.45%,16.14%,-0.32234,2026-09-10
$SPX,7591.7,2026-09-16,6,Put,"7,050.00",-7.14%,2.2,2.35,2.4,12,238,0.05,14.45%,29.05%,-0.021645,2026-09-10
$SPX,7591.7,2026-09-16,6,Put,"6,900.00",-9.11%,1.4,1.5,1.6,148,3039,0.05,14.45%,33.92%,-0.012849,2026-09-10
$SPX,7591.7,2026-10-16,36,Put,"7,580.00",-0.15%,117.3,118.7,119.6,26,490,0.05,14.45%,14.25%,-0.454386,2026-09-10
$SPX,7591.7,2026-10-16,36,Put,"7,510.00",-1.08%,96,99.02,98.3,14,284,0.05,14.45%,15.22%,-0.378481,2026-09-10
$SPX,7591.7,2026-10-16,36,Put,"7,685.00",+1.23%,159.8,164.21,162.2,24,444,0.05,14.45%,12.78%,-0.5943,2026-09-10
$SPX,7591.7,2026-10-16,36,Put,"7,700.00",+1.43%,167.1,170.96,169.5,888,18405,0.05,14.45%,12.56%,-0.617125,2026-09-10
$SPX,7591.7,2026-10-16,36,Put,"7,240.00",-4.63%,46.9,47.7,48.7,18,378,0.05,14.45%,18.89%,-0.188566,2026-09-10
$SPX,7591.7,2026-10-16,36,Put,"7,090.00",-6.61%,32.8,34.55,34.3,36,677,0.05,14.45%,20.92%,-0.130606,2026-09-10
$SPX,7591.7,2026-10-16,36,Put,"7,020.00",-7.53%,28.2,28.5,29.5,78,1534,0.05,14.45%,21.90%,-0.111083,2026-09-10
$SPX,7591.7,2026-10-16,36,Put,"6,690.00",-11.88%,14.9,14.9,15.9,20,406,0.05,14.45%,26.61%,-0.055362,2026-09-10
$SPX,7591.7,2026-10-16,36,Put,"5,775.00",-23.93%,4.3,4.6,4.9,52,1117,0.05,14.45%,40.78%,-0.013001,2026-09-10
$SPX,7591.7,2026-09-18,8,Put,"7,585.00",-0.09%,57.9,58.78,59,293,6223,0.05,14.45%,14.34%,-0.46782,2026-09-10
$SPX,7591.7,2026-09-18,8,Put,"7,675.00",+1.10%,100.6,104.9,101.8,295,5979,0.05,14.45%,11.73%,-0.726995,2026-09-10
$SPX,7591.7,2026-09-18,8,Put,"7,415.00",-2.33%,20.6,22.55,21.5,291,5534,0.05,14.45%,18.47%,-0.18378,2026-09-10
$SPX,7591.7,2026-09-18,8,Put,"7,240.00",-4.63%,8.1,9.06,8.7,32,704,0.05,14.45%,22.65%,-0.073066,2026-09-10
$SPX,7591.7,2026-09-18,8,Put,"8,000.00",+5.38%,394.1,398.7,395.4,14079,275214,0.05,14.45%,0.00%,0,2026-09-10
$SPX,7591.7,2026-09-18,8,Put,"6,810.00",-10.30%,2.1,2.37,2.4,31,570,0.05,14.45%,34.81%,-0.015833,2026-09-10
$SPX,7591.7,2026-09-23,13,Put,"7,675.00",+1.10%,114.4,116.7,115.4,11,206,0.05,14.45%,12.33%,-0.667211,2026-09-10
$SPX,7591.7,2026-09-23,13,Put,"7,125.00",-6.15%,9.5,8.06,10.2,10,203,0.05,14.45%,23.15%,-0.06661,2026-09-10
$SPX,7591.7,2026-09-23,13,Put,"6,650.00",-12.40%,2.85,2.5,3.1,20,441,0.05,14.45%,33.81%,-0.016731,2026-09-10
$SPX,7591.7,2026-09-29,19,Put,"5,400.00",-28.87%,0.7,0.85,0.95,10,211,0.05,14.45%,55.34%,-0.002765,2026-09-10
$SPX,7591.7,2026-10-16,36,Put,"7,575.00",-0.22%,117.5,119.35,118.8,14,286,0.05,14.45%,14.47%,-0.448973,2026-09-10
$SPX,7591.7,2026-10-16,36,Put,"7,720.00",+1.69%,179.3,180.4,180.6,15,324,0.05,14.45%,12.42%,-0.645462,2026-09-10
$SPX,7591.7,2026-10-16,36,Put,"7,425.00",-2.20%,77.6,79.58,78.8,11,231,0.05,14.45%,16.53%,-0.30457,2026-09-10
$SPX,7591.7,2026-10-16,36,Put,"7,100.00",-6.48%,34.8,35.5,35.4,160,3157,0.05,14.45%,20.93%,-0.135417,2026-09-10
$SPX,7591.7,2026-10-16,36,Put,"4,000.00",-47.31%,0.4,0.51,0.6,50,1012,0.05,14.45%,68.98%,-0.001032,2026-09-10
$SPX,7591.7,2026-09-18,8,Call,"7,915.00",-4.26%,0.45,0.55,0.65,71,1379,0.05,14.45%,12.15%,0.011738,2026-09-10
$SPX,7591.7,2026-09-18,8,Call,"8,000.00",-5.38%,0.15,0.3,0.35,211,4307,0.05,14.45%,13.54%,0.0052,2026-09-10
$SPX,7591.7,2026-10-06,26,Call,"7,975.00",-5.05%,4.4,5,5.1,17,329,0.05,14.45%,10.70%,0.05256,2026-09-10
$SPX,7591.7,2026-09-30,20,Call,"7,710.00",-1.56%,47.3,47.03,48.4,20,386,0.05,14.45%,12.63%,0.329591,2026-09-10
$SPX,7591.7,2026-09-30,20,Call,"7,780.00",-2.48%,23.9,23.51,24.9,26,522,0.05,14.45%,11.72%,0.209795,2026-09-10
$SPX,7591.7,2026-09-30,20,Call,"7,870.00",-3.67%,7.9,8.17,8.6,33,659,0.05,14.45%,10.86%,0.092591,2026-09-10
$SPX,7591.7,2026-09-30,20,Call,"7,905.00",-4.13%,4.8,5.2,5.5,22,405,0.05,14.45%,10.66%,0.063163,2026-09-10
$SPX,7591.7,2026-09-30,20,Call,"8,100.00",-6.70%,0.5,0.62,0.7,242,4958,0.05,14.45%,11.28%,0.008997,2026-09-10
$SPX,7591.7,2028-12-15,827,Call,"7,500.00",+1.21%,0,1265.07,0,48,1026,0.05,14.45%,19.05%,0.697926,2026-09-10
$SPX,7591.7,2028-12-15,827,Call,"5,100.00",+32.82%,0,3029.49,0,39,777,0.05,14.45%,23.25%,0.943449,2026-09-10
$SPX,7591.7,2027-01-15,127,Call,"7,525.00",+0.88%,376.8,377.41,380,29,631,0.05,14.45%,16.27%,0.610097,2026-09-10
$SPX,7591.7,2027-01-15,127,Call,"7,975.00",-5.05%,129.3,127.7,131.7,39,807,0.05,14.45%,13.45%,0.339972,2026-09-10
$SPX,7591.7,2027-01-15,127,Call,"8,550.00",-12.62%,16.5,17.7,17.9,28,592,0.05,14.45%,12.04%,0.073493,2026-09-10
$SPX,7591.7,2027-07-16,309,Call,"9,300.00",-22.50%,32.4,32.98,33.9,12,242,0.05,14.45%,12.83%,0.08461,2026-09-10
$SPX,7591.7,2026-11-20,71,Call,"7,900.00",-4.06%,77.5,77.28,79.2,437,9648,0.05,14.45%,12.99%,0.294436,2026-09-10
$SPX,7591.7,2026-11-20,71,Call,"7,975.00",-5.05%,54.9,54.05,56.5,30,614,0.05,14.45%,12.58%,0.232749,2026-09-10
$SPX,7591.7,2026-09-25,15,Call,"7,860.00",-3.53%,4.9,5.21,5.5,16,353,0.05,14.45%,11.02%,0.069899,2026-09-10
$SPX,7591.7,2026-09-25,15,Call,"8,100.00",-6.70%,0.3,0.38,0.5,26,495,0.05,14.45%,12.50%,0.00646,2026-09-10
$SPX,7591.7,2027-03-31,202,Call,"8,325.00",-9.66%,105.1,105.48,107.3,20,380,0.05,14.45%,13.12%,0.25152,2026-09-10
$SPX,7591.7,2027-02-19,162,Call,"7,800.00",-2.74%,262.4,261.81,264.8,81,1789,0.05,14.45%,14.81%,0.479318,2026-09-10
$SPX,7591.7,2027-03-19,190,Call,"7,975.00",-5.05%,216.5,216.6,219,24,446,0.05,14.45%,14.23%,0.410576,2026-09-10
$SPX,7591.7,2027-03-19,190,Call,"11,800.00",-55.43%,0.15,0.25,0.4,20,384,0.05,14.45%,18.47%,0.001013,2026-09-10
$SPX,7591.7,2026-11-03,54,Call,"8,100.00",-6.70%,14,16.22,15.5,26,487,0.05,14.45%,11.57%,0.094897,2026-09-10
$SPX,7591.7,2027-06-17,280,Call,"7,900.00",-4.06%,381.3,381.2,383.8,262,5087,0.05,14.45%,15.65%,0.50056,2026-09-10
$SPX,7591.7,2027-06-17,280,Call,"8,175.00",-7.68%,247.3,249.6,250.5,12,233,0.05,14.45%,14.57%,0.391071,2026-09-10
$SPX,7591.7,2027-06-17,280,Call,"8,275.00",-9.00%,207.7,209.4,210,95,1917,0.05,14.45%,14.23%,0.350558,2026-09-10
$SPX,7591.7,2027-06-17,280,Call,"8,325.00",-9.66%,189.7,190.2,192,22,402,0.05,14.45%,14.08%,0.330677,2026-09-10
$SPX,7591.7,2026-09-16,6,Call,"7,970.00",-4.98%,0.1,0.2,0.25,11,242,0.05,14.45%,14.13%,0.004115,2026-09-10
$SPX,7591.7,2026-10-16,36,Call,"7,880.00",-3.80%,27.7,27.27,29.2,20,385,0.05,14.45%,11.81%,0.187393,2026-09-10
$SPX,7591.7,2026-10-16,36,Call,"8,025.00",-5.71%,8.1,8.6,9.2,104,1970,0.05,14.45%,11.24%,0.073347,2026-09-10
$SPX,7591.7,2026-09-18,8,Call,"7,725.00",-1.76%,14.9,14.02,15.7,493,9304,0.05,14.45%,12.83%,0.193505,2026-09-10
$SPX,7591.7,2026-09-18,8,Call,"7,805.00",-2.81%,3.2,3.15,3.8,287,5688,0.05,14.45%,11.73%,0.061714,2026-09-10
$SPX,7591.7,2026-09-18,8,Call,"7,815.00",-2.94%,2.6,2.48,3.1,172,3759,0.05,14.45%,11.65%,0.052041,2026-09-10
$SPX,7591.7,2026-09-18,8,Call,"7,840.00",-3.27%,1.55,1.62,1.85,49,933,0.05,14.45%,11.52%,0.033543,2026-09-10
$SPX,7591.7,2026-09-18,8,Call,"7,845.00",-3.34%,1.35,1.55,1.7,12,228,0.05,14.45%,11.50%,0.030554,2026-09-10
$SPX,7591.7,2026-09-18,8,Call,"8,000.00",-5.38%,0.25,0.27,0.4,15057,286363,0.05,14.45%,13.95%,0.006433,2026-09-10
$SPX,7591.7,2026-09-18,8,Call,"8,450.00",-11.31%,0,0.1,0.25,200,4249,0.05,14.45%,24.22%,0.001612,2026-09-10
$SPX,7591.7,2026-10-05,25,Call,"7,700.00",-1.43%,63.4,62.74,64.7,52,1094,0.05,14.45%,12.86%,0.370626,2026-09-10
$SPX,7591.7,2026-09-29,19,Call,"7,800.00",-2.74%,16.8,16.52,17.7,11,215,0.05,14.45%,11.30%,0.167507,2026-09-10
$SPX,7591.7,2026-09-24,14,Call,"8,025.00",-5.71%,0.35,0.52,0.65,10,222,0.05,14.45%,11.57%,0.008749,2026-09-10
$SPX,7591.7,2026-10-16,36,Call,"7,575.00",+0.22%,165.9,163.2,166.8,39,855,0.05,14.45%,15.09%,0.558595,2026-09-10
$SPX,7591.7,2026-10-16,36,Call,"8,010.00",-5.51%,9.7,10,10.5,14,296,0.05,14.45%,11.34%,0.082979,2026-09-10
$SPX,7591.7,2026-10-16,36,Call,"8,250.00",-8.67%,1.35,1.65,1.75,30,558,0.05,14.45%,11.67%,0.015783,2026-09-10
$SPX,7591.7,2026-09-18,8,Put,"7,545.00",-0.62%,49.1,50.88,49.7,116,2128,0.05,14.45%,16.22%,-0.383564,2026-09-10
$SPX,7591.7,2026-09-18,8,Put,"7,515.00",-1.01%,41.2,41.5,41.8,40,836,0.05,14.45%,16.94%,-0.32843,2026-09-10
$SPX,7591.7,2026-09-18,8,Put,"7,705.00",+1.49%,112.6,116.12,132.6,46,852,0.05,14.45%,11.17%,-0.812685,2026-09-10
$SPX,7591.7,2026-09-18,8,Put,"7,330.00",-3.45%,14.6,15.87,15.1,22,451,0.05,14.45%,21.22%,-0.123999,2026-09-10
$SPX,7591.7,2026-09-18,8,Put,"6,980.00",-8.06%,3.5,3.5,3.9,14,281,0.05,14.45%,30.28%,-0.027898,2026-09-10
$SPX,7591.7,2026-09-18,8,Put,"6,540.00",-13.85%,1.4,1.45,1.6,150,3119,0.05,14.45%,43.37%,-0.008993,2026-09-10
$SPX,7591.7,2026-10-06,26,Put,"7,350.00",-3.18%,46.8,48.13,47.9,10,188,0.05,14.45%,17.68%,-0.224566,2026-09-10
$SPX,7591.7,2026-09-30,20,Put,"7,600.00",+0.11%,96.1,99,96.8,740,14735,0.05,14.45%,13.92%,-0.489717,2026-09-10
$SPX,7591.7,2026-09-30,20,Put,"7,645.00",+0.70%,114.4,117.3,115.7,18,375,0.05,14.45%,13.11%,-0.568635,2026-09-10
$SPX,7591.7,2026-09-30,20,Put,"7,670.00",+1.03%,126.5,130,127.6,12,265,0.05,14.45%,12.66%,-0.616675,2026-09-10
$SPX,7591.7,2026-09-30,20,Put,"7,750.00",+2.09%,172.3,176.93,175.7,58,1264,0.05,14.45%,11.06%,-0.785692,2026-09-10
$SPX,7591.7,2026-09-30,20,Put,"7,410.00",-2.39%,46.5,48.47,47.4,49,912,0.05,14.45%,17.16%,-0.252805,2026-09-10
$SPX,7591.7,2026-09-30,20,Put,"7,225.00",-4.83%,24.4,25.17,25,27,519,0.05,14.45%,20.20%,-0.133841,2026-09-10
$SPX,7591.7,2026-09-30,20,Put,"7,210.00",-5.03%,23.1,24.1,23.9,11,202,0.05,14.45%,20.44%,-0.127269,2026-09-10
$SPX,7591.7,2026-09-30,20,Put,"7,050.00",-7.14%,14.2,14.1,14.6,69,1309,0.05,14.45%,23.10%,-0.076418,2026-09-10
$SPX,7591.7,2026-09-30,20,Put,"6,925.00",-8.78%,10.1,10.3,10.6,12,242,0.05,14.45%,25.29%,-0.053338,2026-09-10
$SPX,7591.7,2026-09-30,20,Put,"5,350.00",-29.53%,0.75,0.8,1,10,199,0.05,14.45%,55.63%,-0.002834,2026-09-10
$SPX,7591.7,2026-09-30,20,Put,"3,600.00",-52.58%,0,0.1,0.15,25,520,0.05,14.45%,92.13%,-0.000176,2026-09-10
$SPX,7591.7,2028-12-15,827,Put,"3,000.00",-60.48%,23.5,34.28,45.4,150,3324,0.05,14.45%,37.27%,-0.018323,2026-09-10
$SPX,7591.7,2026-09-28,18,Put,"7,150.00",-5.82%,15.4,14.32,16.1,11,222,0.05,14.45%,21.29%,-0.092415,2026-09-10
$SPX,7591.7,2027-01-15,127,Put,"5,550.00",-26.89%,23.6,23.8,24.6,58,1270,0.05,14.45%,32.91%,-0.038027,2026-09-10
$SPX,7591.7,2027-01-15,127,Put,"5,125.00",-32.49%,16.4,15.64,17.1,10,206,0.05,14.45%,37.05%,-0.024776,2026-09-10
$SPX,7591.7,2027-01-29,141,Put,"7,400.00",-2.53%,186.7,186.6,188.8,10,189,0.05,14.45%,16.75%,-0.34418,2026-09-10
$SPX,7591.7,2026-11-20,71,Put,"7,590.00",-0.02%,172.7,167.6,174.8,13,251,0.05,14.45%,14.74%,-0.456457,2026-09-10
$SPX,7591.7,2026-11-20,71,Put,"7,630.00",+0.50%,187,191,189.1,55,1199,0.05,14.45%,14.32%,-0.491624,2026-09-10
$SPX,7591.7,2026-11-20,71,Put,"7,775.00",+2.41%,251.2,259.17,253.3,23,467,0.05,14.45%,12.76%,-0.640653,2026-09-10
$SPX,7591.7,2026-11-20,71,Put,"7,250.00",-4.50%,92,92.4,93.4,157,3348,0.05,14.45%,18.30%,-0.246642,2026-09-10
$SPX,7591.7,2026-11-20,71,Put,"7,200.00",-5.16%,84.4,86.4,85.8,650,13074,0.05,14.45%,18.83%,-0.225802,2026-09-10
$SPX,7591.7,2026-11-20,71,Put,"6,700.00",-11.75%,39.3,39.75,40.3,693,12942,0.05,14.45%,24.21%,-0.099489,2026-09-10
$SPX,7591.7,2026-11-20,71,Put,"5,100.00",-32.82%,6.1,6.43,6.6,38,722,0.05,14.45%,42.48%,-0.01213,2026-09-10
$SPX,7591.7,2027-06-30,293,Call,"9,050.00",-19.21%,47.6,50.1,49.3,24,679,0.04,14.45%,12.91%,0.118095,2026-09-10
$SPX,7591.7,2027-06-30,293,Call,"9,400.00",-23.82%,21.4,22.6,22.8,12,312,0.04,14.45%,12.69%,0.061732,2026-09-10
$SPX,7591.7,2026-09-18,8,Call,"7,965.00",-4.92%,0.2,0.33,0.45,12,289,0.04,14.45%,12.90%,0.006906,2026-09-10
$SPX,7591.7,2026-09-18,8,Call,"7,975.00",-5.05%,0.2,0.32,0.45,34,802,0.04,14.45%,13.20%,0.006763,2026-09-10
$SPX,7591.7,2026-09-30,20,Call,"7,525.00",+0.88%,155.2,153.7,156.3,42,1171,0.04,14.45%,15.62%,0.62326,2026-09-10
$SPX,7591.7,2026-09-30,20,Call,"7,800.00",-2.74%,19.4,20.6,19.9,362,8505,0.04,14.45%,11.51%,0.179442,2026-09-10
$SPX,7591.7,2026-09-30,20,Call,"7,900.00",-4.06%,5.4,5.59,5.7,705,18424,0.04,14.45%,10.70%,0.067111,2026-09-10
$SPX,7591.7,2026-09-30,20,Call,"7,910.00",-4.19%,4.5,4.6,5.1,15,382,0.04,14.45%,10.63%,0.059603,2026-09-10
$SPX,7591.7,2026-09-30,20,Call,"7,955.00",-4.79%,2.4,3.13,2.85,11,261,0.04,14.45%,10.53%,0.035642,2026-09-10
$SPX,7591.7,2026-09-30,20,Call,"7,975.00",-5.05%,1.85,2.02,2.15,81,2036,0.04,14.45%,10.51%,0.02812,2026-09-10
$SPX,7591.7,2026-09-30,20,Call,"8,010.00",-5.51%,1.2,1.41,1.5,29,671,0.04,14.45%,10.64%,0.019639,2026-09-10
$SPX,7591.7,2026-09-30,20,Call,"8,050.00",-6.04%,0.75,0.9,1.05,200,4655,0.04,14.45%,10.86%,0.013414,2026-09-10
$SPX,7591.7,2027-12-17,463,Call,"7,800.00",-2.74%,676.3,676.4,685.5,173,4171,0.04,14.45%,17.38%,0.588118,2026-09-10
$SPX,7591.7,2027-08-20,344,Call,"9,000.00",-18.55%,83.3,87.03,85.1,90,2215,0.04,14.45%,13.37%,0.169502,2026-09-10
$SPX,7591.7,2026-09-28,18,Call,"7,775.00",-2.41%,20.2,19.78,21.1,22,574,0.04,14.45%,11.42%,0.195599,2026-09-10
$SPX,7591.7,2027-01-15,127,Call,"7,675.00",-1.10%,279.2,275.2,282.1,26,649,0.04,14.45%,15.20%,0.52891,2026-09-10
$SPX,7591.7,2027-01-15,127,Call,"7,475.00",+1.54%,412.1,414.75,415.3,16,451,0.04,14.45%,16.65%,0.634323,2026-09-10
$SPX,7591.7,2027-01-15,127,Call,"8,200.00",-8.01%,62.5,64.6,64.8,442,10615,0.04,14.45%,12.63%,0.206807,2026-09-10
$SPX,7591.7,2027-01-15,127,Call,"8,400.00",-10.65%,30.2,30.2,31.7,102,2755,0.04,14.45%,12.22%,0.118712,2026-09-10
$SPX,7591.7,2026-11-20,71,Call,"7,750.00",-2.09%,140.7,139.2,142.6,200,4752,0.04,14.45%,14.02%,0.426166,2026-09-10
$SPX,7591.7,2026-11-20,71,Call,"8,070.00",-6.30%,34.1,35.72,35.5,13,328,0.04,14.45%,12.19%,0.164721,2026-09-10
$SPX,7591.7,2026-11-20,71,Call,"8,375.00",-10.32%,6.1,6.35,6.7,141,3483,0.04,14.45%,11.69%,0.04107,2026-09-10
$SPX,7591.7,2026-09-25,15,Call,"8,300.00",-9.33%,0.1,0.2,0.25,36,989,0.04,14.45%,15.33%,0.002511,2026-09-10
$SPX,7591.7,2026-11-30,81,Call,"7,670.00",-1.03%,198,194.4,199.7,25,695,0.04,14.45%,14.46%,0.501708,2026-09-10
$SPX,7591.7,2027-03-19,190,Call,"8,500.00",-11.96%,59.1,60.38,60.9,401,10086,0.04,14.45%,12.71%,0.168456,2026-09-10
$SPX,7591.7,2027-03-19,190,Call,"8,525.00",-12.29%,55,54.5,56.8,15,346,0.04,14.45%,12.66%,0.159577,2026-09-10
$SPX,7591.7,2027-03-19,190,Call,"9,000.00",-18.55%,12.9,13.4,13.9,244,6241,0.04,14.45%,12.23%,0.049516,2026-09-10
$SPX,7591.7,2027-03-19,190,Call,"9,200.00",-21.18%,6.9,7.33,7.9,204,4928,0.04,14.45%,12.28%,0.029361,2026-09-10
$SPX,7591.7,2027-03-19,190,Call,"10,400.00",-36.99%,0.6,0.95,1.1,12,306,0.04,14.45%,14.82%,0.003519,2026-09-10
$SPX,7591.7,2026-10-08,28,Call,"7,775.00",-2.41%,42,41.38,43.2,11,277,0.04,14.45%,12.28%,0.273306,2026-09-10
$SPX,7591.7,2027-06-17,280,Call,"8,550.00",-12.62%,123.3,124.67,125,58,1383,0.04,14.45%,13.52%,0.246316,2026-09-10
$SPX,7591.7,2027-06-17,280,Call,"8,950.00",-17.89%,53,53.96,54.6,60,1493,0.04,14.45%,12.96%,0.130621,2026-09-10
$SPX,7591.7,2027-06-17,280,Call,"9,300.00",-22.50%,23.3,24.96,24.5,108,2672,0.04,14.45%,12.68%,0.067299,2026-09-10
$SPX,7591.7,2027-06-17,280,Call,"11,400.00",-50.16%,0.6,0.9,1.1,27,733,0.04,14.45%,15.19%,0.002897,2026-09-10
$SPX,7591.7,2026-10-16,36,Call,"7,645.00",-0.70%,120.7,124.35,123,10,249,0.04,14.45%,14.08%,0.478725,2026-09-10
$SPX,7591.7,2026-10-16,36,Call,"7,680.00",-1.16%,101.4,103.1,103.7,12,330,0.04,14.45%,13.66%,0.435345,2026-09-10
$SPX,7591.7,2026-10-16,36,Call,"7,690.00",-1.29%,96.2,95,98.5,13,318,0.04,14.45%,13.55%,0.422641,2026-09-10
$SPX,7591.7,2026-10-16,36,Call,"7,755.00",-2.15%,66.4,64.57,68.2,15,356,0.04,14.45%,12.84%,0.33837,2026-09-10
$SPX,7591.7,2026-10-16,36,Call,"7,775.00",-2.41%,58.6,59.51,60.4,62,1488,0.04,14.45%,12.65%,0.312612,2026-09-10
$SPX,7591.7,2026-10-16,36,Call,"7,895.00",-4.00%,24.7,24.1,26.2,56,1325,0.04,14.45%,11.74%,0.172367,2026-09-10
$SPX,7591.7,2026-10-16,36,Call,"7,955.00",-4.79%,14.9,16.25,16.3,11,252,0.04,14.45%,11.43%,0.118459,2026-09-10
$SPX,7591.7,2026-10-16,36,Call,"7,960.00",-4.85%,14.4,14.78,15.7,18,468,0.04,14.45%,11.43%,0.115012,2026-09-10
$SPX,7591.7,2026-10-16,36,Call,"7,980.00",-5.11%,12.1,12.4,13.3,16,424,0.04,14.45%,11.35%,0.100461,2026-09-10
$SPX,7591.7,2026-10-16,36,Call,"8,000.00",-5.38%,10,10.6,11.3,5198,146207,0.04,14.45%,11.28%,0.087182,2026-09-10
$SPX,7591.7,2026-09-18,8,Call,"7,635.00",-0.57%,49,45.93,50.1,226,5179,0.04,14.45%,14.80%,0.415913,2026-09-10
$SPX,7591.7,2026-09-18,8,Call,"7,670.00",-1.03%,32.9,30.2,33.9,286,7779,0.04,14.45%,13.99%,0.327558,2026-09-10
$SPX,7591.7,2026-09-18,8,Call,"7,855.00",-3.47%,1.1,1.25,1.4,90,2153,0.04,14.45%,11.49%,0.025658,2026-09-10
$SPX,7591.7,2026-09-18,8,Call,"7,000.00",+7.79%,607.2,601.36,608.5,14133,361336,0.04,14.45%,36.10%,0.940601,2026-09-10
$SPX,7591.7,2026-10-05,25,Call,"7,825.00",-3.07%,21.5,22.65,22.6,17,378,0.04,14.45%,11.45%,0.180875,2026-09-10
$SPX,7591.7,2026-10-05,25,Call,"7,900.00",-4.06%,9.4,9.7,10.3,27,654,0.04,14.45%,10.89%,0.097684,2026-09-10
$SPX,7591.7,2026-10-16,36,Call,"7,725.00",-1.76%,81,82.5,81.9,12,289,0.04,14.45%,13.28%,0.3787,2026-09-10
$SPX,7591.7,2026-10-16,36,Call,"7,900.00",-4.06%,24.9,25.8,25.5,118,3296,0.04,14.45%,11.83%,0.169974,2026-09-10
$SPX,7591.7,2026-10-16,36,Call,"7,930.00",-4.46%,19.4,20.4,20.4,10,237,0.04,14.45%,11.67%,0.142068,2026-09-10
$SPX,7591.7,2026-10-16,36,Call,"8,400.00",-10.65%,0.65,0.82,0.95,24,596,0.04,14.45%,12.78%,0.008015,2026-09-10
$SPX,7591.7,2026-09-18,8,Put,"7,630.00",+0.50%,80.8,82.33,81.7,137,3404,0.04,14.45%,14.08%,-0.581857,2026-09-10
$SPX,7591.7,2026-09-18,8,Put,"7,360.00",-3.05%,17.2,17.52,17.6,49,1390,0.04,14.45%,20.53%,-0.14491,2026-09-10
$SPX,7591.7,2026-09-18,8,Put,"6,900.00",-9.11%,2.9,3.1,3.2,71,1781,0.04,14.45%,32.67%,-0.021977,2026-09-10
$SPX,7591.7,2026-09-18,8,Put,"6,850.00",-9.77%,2.6,2.75,2.8,56,1600,0.04,14.45%,34.11%,-0.01897,2026-09-10
$SPX,7591.7,2026-09-18,8,Put,"6,650.00",-12.40%,1.7,1.85,1.95,45,1120,0.04,14.45%,40.11%,-0.011532,2026-09-10
$SPX,7591.7,2026-09-18,8,Put,"6,200.00",-18.33%,0.8,0.86,1,70,1697,0.04,14.45%,53.58%,-0.004644,2026-09-10
$SPX,7591.7,2026-09-18,8,Put,"6,025.00",-20.64%,0.55,0.6,0.8,10,255,0.04,14.45%,58.55%,-0.003283,2026-09-10
$SPX,7591.7,2026-09-18,8,Put,"4,900.00",-35.46%,0.05,0.1,0.2,12,336,0.04,14.45%,91.03%,-0.00045,2026-09-10
$SPX,7591.7,2026-09-30,20,Put,"7,580.00",-0.15%,88.6,90.37,89.8,20,490,0.04,14.45%,14.27%,-0.457778,2026-09-10
$SPX,7591.7,2026-09-30,20,Put,"7,725.00",+1.76%,157.3,161.37,158.4,21,567,0.04,14.45%,11.61%,-0.72919,2026-09-10
$SPX,7591.7,2026-09-30,20,Put,"7,440.00",-2.00%,52.2,52.8,52.8,42,953,0.04,14.45%,16.68%,-0.28114,2026-09-10
$SPX,7591.7,2026-09-30,20,Put,"7,775.00",+2.41%,179.5,194.92,199.5,21,523,0.04,14.45%,9.89%,-0.85999,2026-09-10
$SPX,7591.7,2026-09-30,20,Put,"7,325.00",-3.51%,34.3,32.97,35.1,63,1755,0.04,14.45%,18.57%,-0.188117,2026-09-10
$SPX,7591.7,2026-09-30,20,Put,"6,860.00",-9.64%,8.5,7.8,9.2,10,263,0.04,14.45%,26.45%,-0.044803,2026-09-10
$SPX,7591.7,2028-12-15,827,Put,"7,200.00",-5.16%,436.3,450,460,36,927,0.04,14.45%,19.29%,-0.301479,2026-09-10
$SPX,7591.7,2027-12-17,463,Put,"7,800.00",+2.74%,497.2,501.7,506.2,116,3249,0.04,14.45%,15.89%,-0.480067,2026-09-10
$SPX,7591.7,2027-12-17,463,Put,"7,050.00",-7.14%,298.2,301.3,306,25,695,0.04,14.45%,19.75%,-0.272251,2026-09-10
$SPX,7591.7,2027-08-20,344,Put,"5,950.00",-21.62%,104.7,106.1,106.5,10,264,0.04,14.45%,25.39%,-0.106879,2026-09-10
$SPX,7591.7,2026-09-28,18,Put,"7,350.00",-3.18%,32,33,32.9,14,348,0.04,14.45%,17.93%,-0.191492,2026-09-10
$SPX,7591.7,2027-01-15,127,Put,"4,300.00",-43.36%,8.1,8,8.8,21,547,0.04,14.45%,45.71%,-0.011034,2026-09-10
$SPX,7591.7,2027-01-15,127,Put,"3,300.00",-56.53%,3.3,3.5,3.7,50,1198,0.04,14.45%,57.66%,-0.003952,2026-09-10
$SPX,7591.7,2027-01-29,141,Put,"7,600.00",+0.11%,242.9,244.43,245.1,15,415,0.04,14.45%,15.13%,-0.448088,2026-09-10
$SPX,7591.7,2027-07-16,309,Put,"6,875.00",-9.44%,197.9,199.76,200.1,13,310,0.04,14.45%,20.55%,-0.224248,2026-09-10
$SPX,7591.7,2026-11-20,71,Put,"7,545.00",-0.62%,158.1,158.95,160.1,14,322,0.04,14.45%,15.21%,-0.420689,2026-09-10
$SPX,7591.7,2026-11-20,71,Put,"7,100.00",-6.48%,71.5,72.3,72.9,432,11659,0.04,14.45%,19.89%,-0.189967,2026-09-10
$SPX,7591.7,2026-11-20,71,Put,"6,970.00",-8.19%,58.2,58.44,59.6,10,256,0.04,14.45%,21.29%,-0.152774,2026-09-10
$SPX,7591.7,2026-11-20,71,Put,"6,650.00",-12.40%,36.6,37.3,37.7,113,3077,0.04,14.45%,24.75%,-0.09216,2026-09-10
$SPX,7591.7,2026-11-20,71,Put,"5,925.00",-21.95%,15,15.2,15.7,86,1979,0.04,14.45%,32.85%,-0.033661,2026-09-10
$SPX,7591.7,2026-11-20,71,Put,"5,775.00",-23.93%,12.7,12.85,13.4,16,434,0.04,14.45%,34.58%,-0.027854,2026-09-10
$SPX,7591.7,2026-11-20,71,Put,"5,425.00",-28.54%,8.7,9,9.3,20,459,0.04,14.45%,38.67%,-0.018089,2026-09-10
$SPX,7591.7,2026-09-25,15,Put,"7,675.00",+1.10%,119.3,122.8,120.3,22,610,0.04,14.45%,12.49%,-0.651964,2026-09-10
$SPX,7591.7,2026-09-25,15,Put,"7,700.00",+1.43%,133.4,132.29,134.5,62,1550,0.04,14.45%,11.92%,-0.711136,2026-09-10
$SPX,7591.7,2026-09-25,15,Put,"7,150.00",-5.82%,13.5,14.6,13.8,30,681,0.04,14.45%,22.40%,-0.084867,2026-09-10
$SPX,7591.7,2026-09-25,15,Put,"7,050.00",-7.14%,9.7,9.6,10,377,8726,0.04,14.45%,24.31%,-0.060002,2026-09-10
$SPX,7591.7,2026-09-25,15,Put,"6,875.00",-9.44%,5.9,6.3,6.4,10,261,0.04,14.45%,27.89%,-0.035405,2026-09-10
$SPX,7591.7,2026-09-25,15,Put,"6,550.00",-13.72%,3.1,3.3,3.4,10,240,0.04,14.45%,35.02%,-0.016423,2026-09-10
$SPX,7591.7,2026-09-25,15,Put,"6,450.00",-15.04%,2.65,2.75,2.9,16,384,0.04,14.45%,37.28%,-0.013466,2026-09-10
$SPX,7591.7,2027-02-19,162,Put,"7,700.00",+1.43%,294.5,296.44,297.6,54,1299,0.04,14.45%,14.48%,-0.503858,2026-09-10
$SPX,7591.7,2027-02-19,162,Put,"6,800.00",-10.43%,104.3,105.38,106.4,175,4716,0.04,14.45%,21.37%,-0.171955,2026-09-10
$SPX,7591.7,2027-03-19,190,Put,"7,200.00",-5.16%,183.8,185.1,186.2,410,9470,0.04,14.45%,18.54%,-0.280908,2026-09-10
$SPX,7591.7,2027-03-19,190,Put,"7,050.00",-7.14%,157.3,158.7,159.7,101,2412,0.04,14.45%,19.59%,-0.238542,2026-09-10
$SPX,7591.7,2027-03-19,190,Put,"6,550.00",-13.72%,96,96.66,97.9,244,6894,0.04,14.45%,23.08%,-0.140821,2026-09-10
$SPX,7591.7,2027-03-19,190,Put,"6,500.00",-14.38%,91.5,92.05,93.4,453,12462,0.04,14.45%,23.43%,-0.133588,2026-09-10
$SPX,7591.7,2027-03-19,190,Put,"6,325.00",-16.69%,77.6,78.2,79.3,31,880,0.04,14.45%,24.66%,-0.111761,2026-09-10
$SPX,7591.7,2027-03-19,190,Put,"6,050.00",-20.31%,60.6,60.34,62,30,698,0.04,14.45%,26.66%,-0.084949,2026-09-10
$SPX,7591.7,2027-05-21,253,Put,"7,250.00",-4.50%,237.2,238.71,240.2,12,301,0.04,14.45%,18.39%,-0.306196,2026-09-10
$SPX,7591.7,2027-05-21,253,Put,"5,325.00",-29.86%,46.8,47.2,48.2,10,247,0.04,14.45%,30.61%,-0.052911,2026-09-10
$SPX,7591.7,2027-06-17,280,Put,"7,825.00",+3.07%,423.4,425.4,425.9,184,4822,0.04,14.45%,14.76%,-0.531361,2026-09-10
$SPX,7591.7,2027-06-17,280,Put,"8,050.00",+6.04%,520.7,523.4,523.4,29,793,0.04,14.45%,12.75%,-0.700606,2026-09-10
$SPX,7591.7,2027-06-17,280,Put,"6,800.00",-10.43%,172,172.46,174.1,1002,24850,0.04,14.45%,21.04%,-0.205544,2026-09-10
$SPX,7591.7,2027-06-17,280,Put,"6,450.00",-15.04%,128,129.4,129.8,58,1419,0.04,14.45%,23.04%,-0.149974,2026-09-10
$SPX,7591.7,2027-06-17,280,Put,"6,325.00",-16.69%,115.3,116.11,117,34,839,0.04,14.45%,23.76%,-0.134237,2026-09-10
$SPX,7591.7,2026-11-20,71,Put,"7,250.00",-4.50%,94,94.28,95.2,13,338,0.04,14.45%,18.48%,-0.248473,2026-09-10
$SPX,7591.7,2026-11-20,71,Put,"6,950.00",-8.45%,57.9,58.85,58.9,11,254,0.04,14.45%,21.67%,-0.149515,2026-09-10
$SPX,7591.7,2026-11-20,71,Put,"6,650.00",-12.40%,37.6,37.72,38.5,12,308,0.04,14.45%,24.91%,-0.093478,2026-09-10
$SPX,7591.7,2026-11-20,71,Put,"6,150.00",-18.99%,20,20.34,20.8,20,537,0.04,14.45%,30.47%,-0.046111,2026-09-10
$SPX,7591.7,2026-09-16,6,Put,"7,125.00",-6.15%,2.85,3,3.1,17,401,0.04,14.45%,26.64%,-0.029344,2026-09-10
$SPX,7591.7,2026-10-16,36,Put,"7,340.00",-3.32%,60.5,61.6,62.5,130,3434,0.04,14.45%,17.54%,-0.243157,2026-09-10
$SPX,7591.7,2026-10-16,36,Put,"7,325.00",-3.51%,58.2,54.77,60.1,111,2522,0.04,14.45%,17.74%,-0.233963,2026-09-10
$SPX,7591.7,2026-10-16,36,Put,"7,000.00",-7.79%,27,28.06,28.2,6160,151319,0.04,14.45%,22.17%,-0.106012,2026-09-10
$SPX,7591.7,2026-10-16,36,Put,"6,930.00",-8.72%,23.4,24.2,24.5,20,455,0.04,14.45%,23.16%,-0.090779,2026-09-10
$SPX,7591.7,2026-10-16,36,Put,"6,600.00",-13.06%,12.8,13.4,13.8,840,19900,0.04,14.45%,27.95%,-0.046736,2026-09-10
$SPX,7591.7,2026-10-16,36,Put,"6,170.00",-18.73%,6.9,7.4,7.8,11,276,0.04,14.45%,34.57%,-0.022982,2026-09-10
$SPX,7591.7,2026-10-16,36,Put,"5,400.00",-28.87%,2.75,2.92,3.2,501,11323,0.04,14.45%,46.66%,-0.007738,2026-09-10
$SPX,7591.7,2026-09-18,8,Put,"7,580.00",-0.15%,56.2,57.08,57.3,224,5927,0.04,14.45%,14.48%,-0.455661,2026-09-10
$SPX,7591.7,2026-09-18,8,Put,"7,625.00",+0.44%,74.2,78.16,75.3,234,5323,0.04,14.45%,13.26%,-0.574111,2026-09-10
$SPX,7591.7,2026-09-18,8,Put,"7,530.00",-0.81%,41.2,42.25,42.3,361,8754,0.04,14.45%,15.73%,-0.348121,2026-09-10
$SPX,7591.7,2026-09-18,8,Put,"7,745.00",+2.02%,150.2,156.49,151.4,140,3541,0.04,14.45%,10.91%,-0.902476,2026-09-10
$SPX,7591.7,2026-09-18,8,Put,"7,150.00",-5.82%,5.5,5.9,6,357,8323,0.04,14.45%,24.98%,-0.048552,2026-09-10
$SPX,7591.7,2026-09-18,8,Put,"7,090.00",-6.61%,4.4,4.6,4.9,24,610,0.04,14.45%,26.64%,-0.038184,2026-09-10
$SPX,7591.7,2026-09-18,8,Put,"6,590.00",-13.19%,1.4,1.25,1.65,20,462,0.04,14.45%,41.51%,-0.009505,2026-09-10
$SPX,7591.7,2026-09-18,8,Put,"6,170.00",-18.73%,0.65,0.7,0.9,10,245,0.04,14.45%,53.85%,-0.004031,2026-09-10
$SPX,7591.7,2026-09-18,8,Put,"4,675.00",-38.42%,0,0.15,0.15,50,1294,0.04,14.45%,96.54%,-0.000263,2026-09-10
$SPX,7591.7,2026-09-23,13,Put,"7,550.00",-0.55%,62.1,64.6,62.7,27,615,0.04,14.45%,14.95%,-0.403002,2026-09-10
$SPX,7591.7,2026-09-23,13,Put,"7,100.00",-6.48%,8.7,8.75,9.3,28,654,0.04,14.45%,23.64%,-0.06057,2026-09-10
$SPX,7591.7,2026-09-24,14,Put,"6,000.00",-20.97%,1.15,1.2,1.4,55,1329,0.04,14.45%,48.30%,-0.005413,2026-09-10
$SPX,7591.7,2026-10-16,36,Put,"7,525.00",-0.88%,102.2,102.8,103.1,18,495,0.04,14.45%,15.16%,-0.394628,2026-09-10
$SPX,7591.7,2026-10-16,36,Put,"7,000.00",-7.79%,28,28.58,28.5,58,1503,0.04,14.45%,22.31%,-0.107455,2026-09-10
$SPX,7591.7,2026-10-16,36,Put,"4,400.00",-42.04%,0.75,0.85,1,60,1483,0.04,14.45%,62.52%,-0.001908,2026-09-10
$SPX,7591.7,2026-09-25,15,Put,"7,750.00",+2.09%,154.7,169.34,174.7,55,1953,0.03,14.45%,9.98%,-0.858199,2026-09-10
$SPX,7591.7,2026-09-25,15,Put,"6,000.00",-20.97%,1.35,1.22,1.55,127,4316,0.03,14.45%,47.37%,-0.005999,2026-09-10
$SPX,7591.7,2026-11-30,81,Put,"7,500.00",-1.21%,155.5,157.88,157.2,30,1131,0.03,14.45%,15.63%,-0.3889,2026-09-10
$SPX,7591.7,2026-11-30,81,Put,"7,750.00",+2.09%,248.4,253.19,250.1,17,526,0.03,14.45%,13.16%,-0.597106,2026-09-10
$SPX,7591.7,2026-11-30,81,Put,"7,250.00",-4.50%,101.5,101.78,102.9,31,1128,0.03,14.45%,18.12%,-0.254196,2026-09-10
$SPX,7591.7,2026-11-30,81,Put,"7,000.00",-7.79%,68.9,69.35,70.1,30,960,0.03,14.45%,20.65%,-0.169426,2026-09-10
$SPX,7591.7,2027-03-31,202,Put,"6,300.00",-17.01%,80.7,80.4,82.4,24,764,0.03,14.45%,24.65%,-0.11234,2026-09-10
$SPX,7591.7,2027-02-19,162,Put,"7,600.00",+0.11%,259.4,263.1,262.4,100,3252,0.03,14.45%,15.27%,-0.444406,2026-09-10
$SPX,7591.7,2027-02-19,162,Put,"7,275.00",-4.17%,175.4,172.19,177.8,46,1840,0.03,14.45%,17.74%,-0.29844,2026-09-10
$SPX,7591.7,2027-02-19,162,Put,"4,100.00",-45.99%,10.1,10.1,10.9,20,619,0.03,14.45%,45.06%,-0.01206,2026-09-10
$SPX,7591.7,2027-03-19,190,Put,"7,750.00",+2.09%,337.9,338.8,340.6,123,4404,0.03,14.45%,14.60%,-0.525225,2026-09-10
$SPX,7591.7,2027-03-19,190,Put,"5,850.00",-22.94%,50.9,51.2,52.2,25,810,0.03,14.45%,28.16%,-0.06991,2026-09-10
$SPX,7591.7,2027-03-19,190,Put,"5,150.00",-32.16%,28.7,27.98,29.7,24,929,0.03,14.45%,33.73%,-0.03635,2026-09-10
$SPX,7591.7,2027-03-19,190,Put,"3,500.00",-53.90%,8,7.95,8.6,100,3287,0.03,14.45%,49.53%,-0.008214,2026-09-10
$SPX,7591.7,2027-03-19,190,Put,"1,800.00",-76.29%,1.25,1.39,1.6,106,3566,0.03,14.45%,72.26%,-0.001114,2026-09-10
$SPX,7591.7,2027-05-21,253,Put,"7,500.00",-1.21%,298.9,302.14,301.9,60,2344,0.03,14.45%,16.80%,-0.390065,2026-09-10
$SPX,7591.7,2027-05-21,253,Put,"7,400.00",-2.53%,272.3,274.68,275.3,42,1514,0.03,14.45%,17.45%,-0.354317,2026-09-10
$SPX,7591.7,2027-05-21,253,Put,"8,000.00",+5.38%,483.5,485.1,487.1,42,1529,0.03,14.45%,13.03%,-0.670776,2026-09-10
$SPX,7591.7,2027-05-21,253,Put,"6,500.00",-14.38%,121.7,122.64,123.7,37,1388,0.03,14.45%,22.93%,-0.151188,2026-09-10
$SPX,7591.7,2027-06-17,280,Put,"7,225.00",-4.83%,248,250.5,251.2,19,648,0.03,14.45%,18.59%,-0.301443,2026-09-10
$SPX,7591.7,2027-06-17,280,Put,"6,925.00",-8.78%,191.7,193.3,193.5,44,1454,0.03,14.45%,20.32%,-0.229577,2026-09-10
$SPX,7591.7,2027-06-17,280,Put,"5,300.00",-30.19%,51.5,52.04,52.8,100,3858,0.03,14.45%,30.20%,-0.055325,2026-09-10
$SPX,7591.7,2027-06-17,280,Put,"4,500.00",-40.72%,28.9,29.35,29.9,100,3623,0.03,14.45%,36.04%,-0.028493,2026-09-10
$SPX,7591.7,2026-11-20,71,Put,"7,500.00",-1.21%,147.5,150.94,149,19,627,0.03,14.45%,15.86%,-0.38817,2026-09-10
$SPX,7591.7,2026-11-20,71,Put,"6,400.00",-15.70%,27.1,27.5,28,16,489,0.03,14.45%,27.67%,-0.064999,2026-09-10
$SPX,7591.7,2026-11-20,71,Put,"6,100.00",-19.65%,18.9,19.3,19.6,28,808,0.03,14.45%,31.03%,-0.043139,2026-09-10
$SPX,7591.7,2026-11-20,71,Put,"6,000.00",-20.97%,16.9,15.4,17.5,14,427,0.03,14.45%,32.18%,-0.037867,2026-09-10
$SPX,7591.7,2026-09-16,6,Put,"7,730.00",+1.82%,129,143.64,146.4,18,576,0.03,14.45%,12.49%,-0.874566,2026-09-10
$SPX,7591.7,2026-10-16,36,Put,"7,590.00",-0.02%,120.8,125.44,123.1,13,463,0.03,14.45%,14.12%,-0.466117,2026-09-10
$SPX,7591.7,2026-10-16,36,Put,"7,375.00",-2.85%,66.5,70.05,68.3,60,2235,0.03,14.45%,17.07%,-0.26614,2026-09-10
$SPX,7591.7,2026-10-16,36,Put,"7,345.00",-3.25%,61.4,63.05,63.2,21,719,0.03,14.45%,17.47%,-0.246299,2026-09-10
$SPX,7591.7,2026-10-16,36,Put,"7,220.00",-4.90%,44.8,45.5,46.4,35,1274,0.03,14.45%,19.17%,-0.179536,2026-09-10
$SPX,7591.7,2026-10-16,36,Put,"7,150.00",-5.82%,37.8,39,39.3,236,7503,0.03,14.45%,20.11%,-0.150988,2026-09-10
$SPX,7591.7,2026-10-16,36,Put,"6,180.00",-18.60%,7,6.7,7.9,27,840,0.03,14.45%,34.42%,-0.023351,2026-09-10
$SPX,7591.7,2026-10-16,36,Put,"5,500.00",-27.55%,3.1,3.32,3.6,357,11926,0.03,14.45%,45.11%,-0.008895,2026-09-10
$SPX,7591.7,2026-10-16,36,Put,"4,900.00",-35.46%,1.4,1.63,1.9,31,1230,0.03,14.45%,54.55%,-0.003899,2026-09-10
$SPX,7591.7,2026-09-18,8,Put,"7,575.00",-0.22%,54.5,57.44,55.5,470,13496,0.03,14.45%,14.61%,-0.443789,2026-09-10
$SPX,7591.7,2026-09-18,8,Put,"7,500.00",-1.21%,34.3,35,35.3,2716,82405,0.03,14.45%,16.46%,-0.295044,2026-09-10
$SPX,7591.7,2026-09-18,8,Put,"7,435.00",-2.06%,23.2,23.7,24.1,172,5557,0.03,14.45%,18.00%,-0.205463,2026-09-10
$SPX,7591.7,2026-09-18,8,Put,"7,360.00",-3.05%,15,16.68,15.8,17,534,0.03,14.45%,19.73%,-0.135625,2026-09-10
$SPX,7591.7,2026-09-18,8,Put,"7,295.00",-3.91%,10.6,11.5,11.3,13,483,0.03,14.45%,21.29%,-0.096182,2026-09-10
$SPX,7591.7,2026-09-18,8,Put,"7,190.00",-5.29%,6.5,6.72,7,48,1743,0.03,14.45%,23.93%,-0.057852,2026-09-10
$SPX,7591.7,2026-09-18,8,Put,"7,100.00",-6.48%,4.6,4.86,5,771,22154,0.03,14.45%,26.35%,-0.039632,2026-09-10
$SPX,7591.7,2026-09-18,8,Put,"6,910.00",-8.98%,2.7,2.5,2.95,20,795,0.03,14.45%,31.87%,-0.021001,2026-09-10
$SPX,7591.7,2026-09-18,8,Put,"6,900.00",-9.11%,2.6,2.85,2.9,645,25428,0.03,14.45%,32.15%,-0.020345,2026-09-10
$SPX,7591.7,2026-09-18,8,Put,"6,400.00",-15.70%,1,1.05,1.25,520,17746,0.03,14.45%,47.20%,-0.006407,2026-09-10
$SPX,7591.7,2026-09-23,13,Put,"7,560.00",-0.42%,65.2,63.13,65.8,13,407,0.03,14.45%,14.75%,-0.420505,2026-09-10
$SPX,7591.7,2026-10-16,36,Put,"7,150.00",-5.82%,39,39.9,39.7,30,928,0.03,14.45%,20.25%,-0.152608,2026-09-10
$SPX,7591.7,2026-10-16,36,Put,"6,600.00",-13.06%,13.5,13.7,13.9,62,1977,0.03,14.45%,28.12%,-0.047684,2026-09-10
$SPX,7591.7,2026-10-16,36,Put,"5,800.00",-23.60%,4.6,4.8,5.1,11,348,0.03,14.45%,40.53%,-0.013712,2026-09-10
$SPX,7591.7,2026-10-16,36,Put,"5,400.00",-28.87%,2.85,2.95,3.2,20,572,0.03,14.45%,46.76%,-0.00784,2026-09-10
$SPX,7591.7,2026-10-16,36,Put,"4,500.00",-40.72%,0.9,0.95,1.15,30,1190,0.03,14.45%,61.08%,-0.002258,2026-09-10
$SPX,7591.7,2026-09-18,8,Call,"7,500.00",+1.21%,132.1,136.65,152.1,20,765,0.03,14.45%,18.95%,0.682795,2026-09-10
$SPX,7591.7,2026-09-18,8,Call,"7,450.00",+1.87%,172.8,176.75,192.8,10,352,0.03,14.45%,20.38%,0.747338,2026-09-10
$SPX,7591.7,2026-09-18,8,Call,"8,250.00",-8.67%,0.05,0.15,0.25,21,612,0.03,14.45%,19.55%,0.002325,2026-09-10
$SPX,7591.7,2026-09-30,20,Call,"7,835.00",-3.20%,12.5,12.35,13.3,22,821,0.03,14.45%,11.14%,0.131251,2026-09-10
$SPX,7591.7,2026-09-30,20,Call,"7,200.00",+5.16%,421.5,427.85,445.5,14,529,0.03,14.45%,21.91%,0.863734,2026-09-10
$SPX,7591.7,2026-09-30,20,Call,"8,000.00",-5.38%,1.35,1.7,1.65,1345,42720,0.03,14.45%,10.59%,0.021656,2026-09-10
$SPX,7591.7,2027-08-20,344,Call,"7,900.00",-4.06%,469.9,466.83,473.4,15,558,0.03,14.45%,16.32%,0.526045,2026-09-10
$SPX,7591.7,2027-08-20,344,Call,"13,200.00",-73.87%,0.3,0.5,0.65,15,560,0.03,14.45%,17.25%,0.001375,2026-09-10
$SPX,7591.7,2027-01-15,127,Call,"7,575.00",+0.22%,342.8,340.86,346,50,1663,0.03,14.45%,15.90%,0.584422,2026-09-10
$SPX,7591.7,2027-01-15,127,Call,"8,100.00",-6.70%,87.6,86.6,89.8,122,4412,0.03,14.45%,12.93%,0.262457,2026-09-10
$SPX,7591.7,2027-07-16,309,Call,"8,400.00",-10.65%,194.9,192.74,197.6,47,1360,0.03,14.45%,14.14%,0.325275,2026-09-10
$SPX,7591.7,2026-11-20,71,Call,"7,375.00",+2.85%,388.3,382.34,390.8,19,571,0.03,14.45%,17.53%,0.693765,2026-09-10
$SPX,7591.7,2026-11-20,71,Call,"8,150.00",-7.35%,22.3,22.15,23.3,116,4148,0.03,14.45%,11.96%,0.118589,2026-09-10
$SPX,7591.7,2026-11-20,71,Call,"8,200.00",-8.01%,16.8,16.76,17.8,198,7012,0.03,14.45%,11.85%,0.095011,2026-09-10
$SPX,7591.7,2026-11-20,71,Call,"8,400.00",-10.65%,5.3,5.6,5.9,210,6922,0.03,14.45%,11.71%,0.036497,2026-09-10
$SPX,7591.7,2026-09-25,15,Call,"8,125.00",-7.02%,0.25,0.35,0.45,18,574,0.03,14.45%,12.84%,0.005581,2026-09-10
$SPX,7591.7,2026-11-30,81,Call,"7,400.00",+2.53%,382.7,400.36,384.3,12,428,0.03,14.45%,16.84%,0.679364,2026-09-10
$SPX,7591.7,2027-02-19,162,Call,"8,225.00",-8.34%,91.4,92,93.4,10,354,0.03,14.45%,13.00%,0.246778,2026-09-10
$SPX,7591.7,2027-02-19,162,Call,"8,350.00",-9.99%,63.2,66.72,65.2,20,793,0.03,14.45%,12.70%,0.189091,2026-09-10
$SPX,7591.7,2027-03-19,190,Call,"7,600.00",-0.11%,426.7,429.8,429.2,256,9020,0.03,14.45%,16.14%,0.589878,2026-09-10
$SPX,7591.7,2027-03-19,190,Call,"7,575.00",+0.22%,443,439.6,446.1,11,332,0.03,14.45%,16.29%,0.600356,2026-09-10
$SPX,7591.7,2027-03-19,190,Call,"7,900.00",-4.06%,252.5,250.3,254.6,132,4214,0.03,14.45%,14.57%,0.448844,2026-09-10
$SPX,7591.7,2027-03-19,190,Call,"8,200.00",-8.01%,129.7,127.9,131.9,327,10043,0.03,14.45%,13.39%,0.296504,2026-09-10
$SPX,7591.7,2027-03-19,190,Call,"8,475.00",-11.64%,63.3,64.2,65.2,18,521,0.03,14.45%,12.75%,0.177501,2026-09-10
$SPX,7591.7,2026-10-16,36,Call,"7,750.00",-2.09%,68.5,69.35,70.3,274,7852,0.03,14.45%,12.89%,0.344917,2026-09-10
$SPX,7591.7,2026-10-16,36,Call,"8,070.00",-6.30%,5.3,5.55,6.3,37,1085,0.03,14.45%,11.16%,0.052433,2026-09-10
$SPX,7591.7,2026-10-16,36,Call,"8,120.00",-6.96%,3.4,4.09,4.3,11,345,0.03,14.45%,11.20%,0.036625,2026-09-10
$SPX,7591.7,2026-09-18,8,Call,"7,640.00",-0.64%,46.5,43.81,47.5,225,7818,0.03,14.45%,14.67%,0.403424,2026-09-10
$SPX,7591.7,2026-09-18,8,Call,"7,780.00",-2.48%,5.4,5.33,6.1,337,13273,0.03,14.45%,11.99%,0.092252,2026-09-10
$SPX,7591.7,2026-09-18,8,Call,"7,820.00",-3.01%,2.35,2.26,2.8,98,3310,0.03,14.45%,11.62%,0.047783,2026-09-10
$SPX,7591.7,2026-09-18,8,Call,"8,075.00",-6.37%,0.05,0.25,0.35,114,4229,0.03,14.45%,15.34%,0.003784,2026-09-10
$SPX,7591.7,2026-09-23,13,Call,"7,790.00",-2.61%,10.1,9.9,10.5,45,1625,0.03,14.45%,11.33%,0.128219,2026-09-10
$SPX,7591.7,2026-10-16,36,Call,"7,550.00",+0.55%,182.6,179.22,183.6,29,1000,0.03,14.45%,15.41%,0.584604,2026-09-10
$SPX,7591.7,2026-10-16,36,Call,"8,150.00",-7.35%,2.95,3.1,3.3,54,1843,0.03,14.45%,11.31%,0.030245,2026-09-10
$SPX,7591.7,2026-10-16,36,Call,"8,350.00",-9.99%,0.8,1.02,1.15,36,1141,0.03,14.45%,12.40%,0.009858,2026-09-10
$SPX,7591.7,2026-10-16,36,Call,"8,450.00",-11.31%,0.55,0.71,0.85,10,395,0.03,14.45%,13.25%,0.006872,2026-09-10
$SPX,7591.7,2026-09-18,8,Put,"7,720.00",+1.69%,123.2,138.13,143.2,33,1187,0.03,14.45%,10.40%,-0.866112,2026-09-10
$SPX,7591.7,2026-09-18,8,Put,"7,220.00",-4.90%,8.4,9,9,10,360,0.03,14.45%,23.84%,-0.072029,2026-09-10
$SPX,7591.7,2026-09-18,8,Put,"7,050.00",-7.14%,4.4,4.61,4.7,32,1089,0.03,14.45%,28.30%,-0.035512,2026-09-10
$SPX,7591.7,2026-09-18,8,Put,"6,800.00",-10.43%,2.35,2.55,2.55,50,1458,0.03,14.45%,35.65%,-0.016716,2026-09-10
$SPX,7591.7,2026-09-18,8,Put,"6,340.00",-16.49%,1,1.05,1.2,90,3080,0.03,14.45%,49.38%,-0.006019,2026-09-10
$SPX,7591.7,2026-09-18,8,Put,"5,050.00",-33.48%,0.05,0.12,0.25,10,336,0.03,14.45%,86.34%,-0.000562,2026-09-10
$SPX,7591.7,2026-10-07,27,Put,"7,700.00",+1.43%,154.4,157.79,155.7,12,389,0.03,14.45%,12.35%,-0.644791,2026-09-10
$SPX,7591.7,2026-09-30,20,Put,"7,675.00",+1.10%,129,130.1,130.2,23,832,0.03,14.45%,12.57%,-0.626194,2026-09-10
$SPX,7591.7,2026-09-30,20,Put,"7,400.00",-2.53%,45,44.37,45.6,275,9381,0.03,14.45%,17.33%,-0.244172,2026-09-10
$SPX,7591.7,2026-09-30,20,Put,"7,345.00",-3.25%,36.7,36.55,37.6,13,375,0.03,14.45%,18.23%,-0.201428,2026-09-10
$SPX,7591.7,2026-09-30,20,Put,"7,340.00",-3.32%,36,33.71,37,12,440,0.03,14.45%,18.31%,-0.197959,2026-09-10
$SPX,7591.7,2026-09-30,20,Put,"6,800.00",-10.43%,7.6,7.66,7.9,278,10505,0.03,14.45%,27.56%,-0.038513,2026-09-10
$SPX,7591.7,2026-09-30,20,Put,"6,650.00",-12.40%,5.5,5.7,6,43,1564,0.03,14.45%,30.38%,-0.027183,2026-09-10
$SPX,7591.7,2027-12-17,463,Put,"7,850.00",+3.40%,514.4,518.6,523.5,15,526,0.03,14.45%,15.58%,-0.510723,2026-09-10
$SPX,7591.7,2027-01-15,127,Put,"7,675.00",+1.10%,256.5,257.4,259,29,1079,0.03,14.45%,14.34%,-0.501007,2026-09-10
$SPX,7591.7,2027-01-15,127,Put,"7,400.00",-2.53%,174,175,176.7,117,3827,0.03,14.45%,16.69%,-0.341452,2026-09-10
$SPX,7591.7,2027-01-15,127,Put,"7,825.00",+3.07%,320.6,321.82,323.8,12,462,0.03,14.45%,12.98%,-0.619554,2026-09-10
$SPX,7591.7,2026-11-20,71,Put,"7,525.00",-0.88%,152.3,154.65,154.1,31,1163,0.03,14.45%,15.43%,-0.405542,2026-09-10
$SPX,7591.7,2026-11-20,71,Put,"7,090.00",-6.61%,70.5,69.35,71.8,29,875,0.03,14.45%,20.01%,-0.186895,2026-09-10
$SPX,7591.7,2026-11-20,71,Put,"7,050.00",-7.14%,66.1,66.3,67.4,116,4091,0.03,14.45%,20.44%,-0.174696,2026-09-10
$SPX,7591.7,2026-11-20,71,Put,"6,740.00",-11.22%,41.5,38.99,42.6,14,546,0.03,14.45%,23.77%,-0.105767,2026-09-10
$SPX,7591.7,2026-11-20,71,Put,"6,720.00",-11.48%,40.4,39.7,41.5,19,624,0.03,14.45%,24.00%,-0.102636,2026-09-10
$SPX,7591.7,2026-11-20,71,Put,"6,550.00",-13.72%,32.1,32.7,33,57,2136,0.03,14.45%,25.85%,-0.079445,2026-09-10
$SPX,7591.7,2026-11-20,71,Put,"6,500.00",-14.38%,30,31,31,388,11216,0.03,14.45%,26.40%,-0.073836,2026-09-10
$SPX,7591.7,2026-11-20,71,Put,"6,175.00",-18.66%,20.1,19,20.8,80,2388,0.03,14.45%,30.02%,-0.046834,2026-09-10
$SPX,7591.7,2026-11-20,71,Put,"6,100.00",-19.65%,18.4,19,19.1,69,2534,0.03,14.45%,30.87%,-0.042374,2026-09-10
$SPX,7591.7,2026-11-20,71,Put,"5,300.00",-30.19%,7.6,8,8.2,54,1987,0.03,14.45%,40.15%,-0.01555,2026-09-10
$SPX,7591.7,2026-11-20,71,Put,"4,900.00",-35.46%,5,5.2,5.5,21,776,0.03,14.45%,45.01%,-0.009677,2026-09-10
$SPX,7591.7,2026-09-18,8,Call,"7,550.00",+0.55%,102.3,99.7,103.2,58,2534,0.02,14.45%,17.13%,0.603082,2026-09-10
$SPX,7591.7,2026-09-18,8,Call,"7,890.00",-3.93%,0.7,0.75,0.9,59,2661,0.02,14.45%,11.93%,0.016691,2026-09-10
$SPX,7591.7,2026-09-18,8,Call,"7,905.00",-4.13%,0.5,0.6,0.75,22,1341,0.02,14.45%,12.02%,0.013287,2026-09-10
$SPX,7591.7,2026-09-18,8,Call,"7,950.00",-4.72%,0.3,0.4,0.5,145,6868,0.02,14.45%,12.76%,0.008423,2026-09-10
$SPX,7591.7,2026-09-18,8,Call,"8,150.00",-7.35%,0.1,0.18,0.25,15,627,0.02,14.45%,17.18%,0.003018,2026-09-10
$SPX,7591.7,2026-09-18,8,Call,"8,300.00",-9.33%,0.05,0.15,0.2,10,629,0.02,14.45%,20.49%,0.00188,2026-09-10
$SPX,7591.7,2026-09-30,20,Call,"7,575.00",+0.22%,120.7,118.6,121.8,14,774,0.02,14.45%,14.79%,0.555041,2026-09-10
$SPX,7591.7,2026-09-30,20,Call,"7,530.00",+0.81%,151.6,149.86,152.7,11,458,0.02,14.45%,15.54%,0.616884,2026-09-10
$SPX,7591.7,2026-09-30,20,Call,"7,675.00",-1.10%,63.2,62.4,63.9,38,2067,0.02,14.45%,13.15%,0.391866,2026-09-10
$SPX,7591.7,2026-09-30,20,Call,"7,785.00",-2.55%,23,22.35,23.4,90,4823,0.02,14.45%,11.68%,0.20225,2026-09-10
$SPX,7591.7,2026-09-30,20,Call,"7,860.00",-3.53%,9.1,9.06,9.7,15,774,0.02,14.45%,10.93%,0.102674,2026-09-10
$SPX,7591.7,2026-09-30,20,Call,"7,950.00",-4.72%,2.65,2.85,2.95,549,27461,0.02,14.45%,10.53%,0.037705,2026-09-10
$SPX,7591.7,2028-12-15,827,Call,"7,600.00",-0.11%,0,1202.85,0,26,1193,0.02,14.45%,18.82%,0.682432,2026-09-10
$SPX,7591.7,2028-12-15,827,Call,"7,400.00",+2.53%,0,1335.94,0,21,1300,0.02,14.45%,19.47%,0.712038,2026-09-10
$SPX,7591.7,2027-12-17,463,Call,"7,500.00",+1.21%,843.4,867.32,897.6,155,7076,0.02,14.45%,18.43%,0.659278,2026-09-10
$SPX,7591.7,2027-01-15,127,Call,"7,650.00",-0.77%,294.4,292.95,297.1,58,3408,0.02,14.45%,15.36%,0.543292,2026-09-10
$SPX,7591.7,2027-01-15,127,Call,"7,725.00",-1.76%,249.5,250.33,252.6,27,1194,0.02,14.45%,14.87%,0.499244,2026-09-10
$SPX,7591.7,2027-01-15,127,Call,"7,750.00",-2.09%,235.4,238.2,238.1,23,1392,0.02,14.45%,14.70%,0.483967,2026-09-10
$SPX,7591.7,2027-01-15,127,Call,"7,425.00",+2.20%,448.4,447.19,451.6,16,1009,0.02,14.45%,17.02%,0.657171,2026-09-10
$SPX,7591.7,2027-01-15,127,Call,"7,825.00",-3.07%,195.7,192.9,198.7,26,1466,0.02,14.45%,14.25%,0.436933,2026-09-10
$SPX,7591.7,2027-01-15,127,Call,"7,850.00",-3.40%,183.4,180.7,186,50,2885,0.02,14.45%,14.09%,0.420823,2026-09-10
$SPX,7591.7,2027-01-15,127,Call,"7,875.00",-3.73%,171.6,169.1,174.5,27,1475,0.02,14.45%,13.96%,0.404774,2026-09-10
$SPX,7591.7,2027-01-15,127,Call,"7,200.00",+5.16%,623.5,620.02,626.9,50,2952,0.02,14.45%,18.81%,0.743384,2026-09-10
$SPX,7591.7,2027-07-16,309,Call,"8,700.00",-14.60%,112.5,112.25,114.6,40,2404,0.02,14.45%,13.48%,0.222284,2026-09-10
$SPX,7591.7,2026-11-20,71,Call,"8,050.00",-6.04%,38.1,37.4,39.3,72,4448,0.02,14.45%,12.28%,0.17828,2026-09-10
$SPX,7591.7,2026-09-25,15,Call,"7,790.00",-2.61%,14.3,14.37,14.8,36,1646,0.02,14.45%,11.71%,0.155955,2026-09-10
$SPX,7591.7,2026-11-30,81,Call,"7,725.00",-1.76%,167.2,165.7,168.9,27,1163,0.02,14.45%,14.03%,0.457899,2026-09-10
$SPX,7591.7,2026-11-30,81,Call,"7,750.00",-2.09%,154.1,152.39,155.8,13,579,0.02,14.45%,13.85%,0.437394,2026-09-10
$SPX,7591.7,2026-11-30,81,Call,"8,500.00",-11.96%,4.3,5.1,4.8,22,1174,0.02,14.45%,11.57%,0.029043,2026-09-10
$SPX,7591.7,2027-03-31,202,Call,"8,100.00",-6.70%,177.9,177.18,179.8,258,15237,0.02,14.45%,13.80%,0.357524,2026-09-10
$SPX,7591.7,2027-03-31,202,Call,"8,150.00",-7.35%,159.2,158.63,161.1,262,14987,0.02,14.45%,13.62%,0.332952,2026-09-10
$SPX,7591.7,2027-02-19,162,Call,"7,700.00",-1.43%,319.5,319.19,322.2,20,1048,0.02,14.45%,15.38%,0.531784,2026-09-10
$SPX,7591.7,2027-02-19,162,Call,"6,800.00",+10.43%,1009.9,1007.65,1013.8,49,3196,0.02,14.45%,21.53%,0.83116,2026-09-10
$SPX,7591.7,2027-02-19,162,Call,"9,300.00",-22.50%,2.85,3.3,3.6,10,504,0.02,14.45%,12.57%,0.014715,2026-09-10
$SPX,7591.7,2027-03-19,190,Call,"7,750.00",-2.09%,333.8,332.5,336.4,124,5461,0.02,14.45%,15.32%,0.522516,2026-09-10
$SPX,7591.7,2027-03-19,190,Call,"9,300.00",-22.50%,5.3,5.56,6,45,1812,0.02,14.45%,12.37%,0.022969,2026-09-10
$SPX,7591.7,2027-03-19,190,Call,"10,200.00",-34.36%,0.9,1.1,1.3,12,751,0.02,14.45%,14.32%,0.004599,2026-09-10
$SPX,7591.7,2027-05-21,253,Call,"8,500.00",-11.96%,111.7,110.7,114,70,2841,0.02,14.45%,13.40%,0.239048,2026-09-10
$SPX,7591.7,2027-05-21,253,Call,"8,650.00",-13.94%,80.2,81.71,82.4,12,614,0.02,14.45%,13.13%,0.187737,2026-09-10
$SPX,7591.7,2027-06-17,280,Call,"8,000.00",-5.38%,328.6,326.9,330.9,546,35760,0.02,14.45%,15.22%,0.461474,2026-09-10
$SPX,7591.7,2027-06-17,280,Call,"8,150.00",-7.35%,258.2,258.5,260.5,74,3549,0.02,14.45%,14.65%,0.40111,2026-09-10
$SPX,7591.7,2027-06-17,280,Call,"8,675.00",-14.27%,95.6,95.7,98,15,808,0.02,14.45%,13.32%,0.205269,2026-09-10
$SPX,7591.7,2027-06-17,280,Call,"8,800.00",-15.92%,73.6,75.5,75.6,156,8200,0.02,14.45%,13.14%,0.168559,2026-09-10
$SPX,7591.7,2027-06-17,280,Call,"8,850.00",-16.57%,66.1,65.9,68,18,932,0.02,14.45%,13.08%,0.155214,2026-09-10
$SPX,7591.7,2027-06-17,280,Call,"10,200.00",-34.36%,3.2,3.45,3.9,38,1759,0.02,14.45%,13.09%,0.012194,2026-09-10
$SPX,7591.7,2026-09-16,6,Call,"7,925.00",-4.39%,0.15,0.2,0.3,23,1235,0.02,14.45%,12.98%,0.005594,2026-09-10
$SPX,7591.7,2026-10-16,36,Call,"7,450.00",+1.87%,254,252.78,256.4,47,2424,0.02,14.45%,16.64%,0.676106,2026-09-10
$SPX,7591.7,2026-10-16,36,Call,"7,910.00",-4.19%,21.9,22,23.2,13,780,0.02,14.45%,11.64%,0.15748,2026-09-10
$SPX,7591.7,2026-10-16,36,Call,"8,020.00",-5.64%,8.4,9.52,9.6,11,714,0.02,14.45%,11.24%,0.075849,2026-09-10
$SPX,7591.7,2026-10-16,36,Call,"8,030.00",-5.77%,7.6,9.05,8.8,12,608,0.02,14.45%,11.20%,0.070279,2026-09-10
$SPX,7591.7,2026-10-16,36,Call,"8,060.00",-6.17%,5.8,6.17,6.9,12,520,0.02,14.45%,11.17%,0.056611,2026-09-10
$SPX,7591.7,2026-10-16,36,Call,"8,125.00",-7.02%,3.2,3.51,4,151,6054,0.02,14.45%,11.15%,0.034659,2026-09-10
$SPX,7591.7,2026-10-16,36,Call,"8,140.00",-7.22%,2.85,3.2,3.7,10,586,0.02,14.45%,11.23%,0.031714,2026-09-10
$SPX,7591.7,2026-10-16,36,Call,"8,150.00",-7.35%,2.65,2.87,3.2,92,5080,0.02,14.45%,11.18%,0.028812,2026-09-10
$SPX,7591.7,2026-10-16,36,Call,"7,000.00",+7.79%,647.2,646.6,649.8,3115,134325,0.02,14.45%,23.03%,0.8866,2026-09-10
$SPX,7591.7,2026-10-16,36,Call,"8,350.00",-9.99%,0.75,0.95,1.15,29,1882,0.02,14.45%,12.36%,0.009657,2026-09-10
$SPX,7591.7,2026-10-16,36,Call,"6,500.00",+14.38%,1117.7,1126.92,1141.7,10,619,0.02,14.45%,30.81%,0.954551,2026-09-10
$SPX,7591.7,2026-09-18,8,Call,"7,575.00",+0.22%,84.5,81.6,85.6,239,11677,0.02,14.45%,16.33%,0.554119,2026-09-10
$SPX,7591.7,2026-09-18,8,Call,"7,620.00",-0.37%,57,54.34,58.1,98,5281,0.02,14.45%,15.17%,0.452603,2026-09-10
$SPX,7591.7,2026-09-18,8,Call,"7,675.00",-1.10%,30.9,28.52,31.8,136,6830,0.02,14.45%,13.87%,0.314748,2026-09-10
$SPX,7591.7,2026-09-18,8,Call,"7,680.00",-1.16%,28.9,27.8,29.9,263,11990,0.02,14.45%,13.76%,0.302046,2026-09-10
$SPX,7591.7,2026-09-18,8,Call,"7,730.00",-1.82%,13.7,13.23,14.5,133,6469,0.02,14.45%,12.74%,0.182488,2026-09-10
$SPX,7591.7,2026-09-18,8,Call,"7,740.00",-1.95%,11.6,11.8,12.3,164,7613,0.02,14.45%,12.57%,0.161651,2026-09-10
$SPX,7591.7,2026-09-18,8,Call,"7,760.00",-2.22%,8.1,7.8,8.7,107,6119,0.02,14.45%,12.26%,0.12396,2026-09-10
$SPX,7591.7,2026-09-18,8,Call,"7,775.00",-2.41%,6,5.86,6.6,224,13071,0.02,14.45%,12.03%,0.099246,2026-09-10
$SPX,7591.7,2026-09-18,8,Call,"7,790.00",-2.61%,4.4,4.3,5,53,3464,0.02,14.45%,11.86%,0.078575,2026-09-10
$SPX,7591.7,2026-09-18,8,Call,"7,860.00",-3.53%,1,1.43,1.25,34,1379,0.02,14.45%,11.48%,0.023395,2026-09-10
$SPX,7591.7,2026-09-18,8,Call,"7,885.00",-3.86%,0.65,0.84,0.85,11,482,0.02,14.45%,11.65%,0.016091,2026-09-10
$SPX,7591.7,2026-09-18,8,Call,"7,900.00",-4.06%,0.5,0.59,0.75,560,23348,0.02,14.45%,11.86%,0.013453,2026-09-10
$SPX,7591.7,2026-09-18,8,Call,"7,910.00",-4.19%,0.4,0.5,0.65,25,1509,0.02,14.45%,11.91%,0.011455,2026-09-10
$SPX,7591.7,2026-09-18,8,Call,"8,125.00",-7.02%,0.05,0.2,0.3,68,3894,0.02,14.45%,16.50%,0.003131,2026-09-10
$SPX,7591.7,2026-09-18,8,Call,"6,875.00",+9.44%,731.2,725.47,732.5,25,1209,0.02,14.45%,41.51%,0.951291,2026-09-10
$SPX,7591.7,2026-09-23,13,Call,"7,850.00",-3.40%,3.6,3.81,3.9,69,2824,0.02,14.45%,10.74%,0.057424,2026-09-10
$SPX,7591.7,2026-10-16,36,Call,"7,000.00",+7.79%,639.7,646.46,663.7,21,987,0.02,14.45%,23.72%,0.880179,2026-09-10
$SPX,7591.7,2026-09-18,8,Put,"7,655.00",+0.83%,93.5,95.81,94.4,70,3057,0.02,14.45%,13.40%,-0.650511,2026-09-10
$SPX,7591.7,2026-09-18,8,Put,"7,695.00",+1.36%,106,117.75,126,10,632,0.02,14.45%,11.62%,-0.780335,2026-09-10
$SPX,7591.7,2026-09-18,8,Put,"7,800.00",+2.74%,201.1,205.82,203.3,14,732,0.02,14.45%,0.00%,0,2026-09-10
$SPX,7591.7,2026-09-18,8,Put,"7,150.00",-5.82%,6.4,6.5,6.7,163,6849,0.02,14.45%,25.66%,-0.053049,2026-09-10
$SPX,7591.7,2026-09-18,8,Put,"6,550.00",-13.72%,1.45,1.5,1.65,37,1637,0.02,14.45%,43.16%,-0.009305,2026-09-10
$SPX,7591.7,2026-09-18,8,Put,"6,300.00",-17.01%,0.95,0.95,1.15,68,3118,0.02,14.45%,50.65%,-0.005634,2026-09-10
$SPX,7591.7,2026-09-18,8,Put,"6,175.00",-18.66%,0.75,0.89,0.95,11,580,0.02,14.45%,54.20%,-0.00436,2026-09-10
$SPX,7591.7,2026-09-18,8,Put,"5,800.00",-23.60%,0.35,0.5,0.55,33,1560,0.02,14.45%,64.61%,-0.002059,2026-09-10
$SPX,7591.7,2026-10-06,26,Put,"6,200.00",-18.33%,4.2,3.95,4.7,15,701,0.02,14.45%,36.72%,-0.016176,2026-09-10
$SPX,7591.7,2026-09-30,20,Put,"7,545.00",-0.62%,77.2,80.09,78.4,15,909,0.02,14.45%,14.87%,-0.405703,2026-09-10
$SPX,7591.7,2026-09-30,20,Put,"7,850.00",+3.40%,236.8,255.6,260.8,32,2097,0.02,14.45%,9.50%,-0.981466,2026-09-10
$SPX,7591.7,2026-09-30,20,Put,"7,125.00",-6.15%,17.7,18.3,18.2,115,6135,0.02,14.45%,21.84%,-0.09643,2026-09-10
$SPX,7591.7,2026-09-30,20,Put,"7,075.00",-6.81%,15.2,15.9,15.7,25,1122,0.02,14.45%,22.67%,-0.082405,2026-09-10
$SPX,7591.7,2026-09-30,20,Put,"7,025.00",-7.46%,13.2,13.4,13.7,11,513,0.02,14.45%,23.54%,-0.070978,2026-09-10
$SPX,7591.7,2026-09-30,20,Put,"6,700.00",-11.75%,6.1,6.45,6.6,41,1678,0.02,14.45%,29.45%,-0.030495,2026-09-10
$SPX,7591.7,2026-09-30,20,Put,"6,500.00",-14.38%,4.2,4.45,4.6,181,9919,0.02,14.45%,33.23%,-0.019782,2026-09-10
$SPX,7591.7,2026-09-30,20,Put,"6,200.00",-18.33%,2.65,2.92,2.9,106,5938,0.02,14.45%,39.07%,-0.011296,2026-09-10
$SPX,7591.7,2026-09-30,20,Put,"6,100.00",-19.65%,2.25,2.46,2.55,57,2637,0.02,14.45%,41.00%,-0.009477,2026-09-10
$SPX,7591.7,2027-12-17,463,Put,"7,750.00",+2.09%,480.6,486.8,489.6,16,921,0.02,14.45%,16.19%,-0.459131,2026-09-10
$SPX,7591.7,2027-12-17,463,Put,"6,900.00",-9.11%,268.6,271.5,276.3,121,5673,0.02,14.45%,20.43%,-0.243507,2026-09-10
$SPX,7591.7,2027-12-17,463,Put,"5,750.00",-24.26%,118.6,122.7,124.6,64,2578,0.02,14.45%,25.64%,-0.103962,2026-09-10
$SPX,7591.7,2027-12-17,463,Put,"5,250.00",-30.85%,83,85.2,88.1,11,598,0.02,14.45%,28.09%,-0.071213,2026-09-10
$SPX,7591.7,2027-12-17,463,Put,"3,500.00",-53.90%,24.5,25.24,26.8,100,5285,0.02,14.45%,38.96%,-0.018219,2026-09-10
$SPX,7591.7,2027-08-20,344,Put,"7,800.00",+2.74%,447.2,450.8,450.9,20,994,0.02,14.45%,15.32%,-0.501764,2026-09-10
$SPX,7591.7,2026-09-28,18,Put,"7,700.00",+1.43%,136.8,139.62,137.9,10,454,0.02,14.45%,11.67%,-0.695827,2026-09-10
$SPX,7591.7,2027-01-15,127,Put,"7,600.00",+0.11%,230,230.9,232.9,266,14392,0.02,14.45%,15.00%,-0.450463,2026-09-10
$SPX,7591.7,2027-01-15,127,Put,"7,575.00",-0.22%,221.9,222.76,224.9,23,1031,0.02,14.45%,15.21%,-0.434267,2026-09-10
$SPX,7591.7,2027-01-15,127,Put,"7,550.00",-0.55%,214.1,217.35,217,256,10662,0.02,14.45%,15.42%,-0.419999,2026-09-10
$SPX,7591.7,2027-01-15,127,Put,"7,450.00",-1.87%,186.3,186.2,189.1,120,5128,0.02,14.45%,16.27%,-0.365417,2026-09-10
$SPX,7591.7,2027-01-15,127,Put,"7,775.00",+2.41%,297.4,300.37,300.6,16,1011,0.02,14.45%,13.46%,-0.58021,2026-09-10
$SPX,7591.7,2027-01-15,127,Put,"7,225.00",-4.83%,138.3,138.6,140.8,54,3275,0.02,14.45%,18.18%,-0.269391,2026-09-10
$SPX,7591.7,2027-01-15,127,Put,"7,975.00",+5.05%,401.6,403.38,404.9,16,890,0.02,14.45%,11.07%,-0.793839,2026-09-10
$SPX,7591.7,2027-01-15,127,Put,"3,700.00",-51.26%,4.8,5,5.3,100,4945,0.02,14.45%,52.64%,-0.006039,2026-09-10
$SPX,7591.7,2027-01-15,127,Put,"3,500.00",-53.90%,4,4.27,4.5,250,16494,0.02,14.45%,55.16%,-0.00493,2026-09-10
$SPX,7591.7,2027-01-29,141,Put,"7,300.00",-3.84%,164.7,166.22,166.7,45,2296,0.02,14.45%,17.57%,-0.302504,2026-09-10
$SPX,7591.7,2026-11-20,71,Put,"7,700.00",+1.43%,215.5,222.62,217.6,308,12388,0.02,14.45%,13.59%,-0.55828,2026-09-10
$SPX,7591.7,2026-11-20,71,Put,"7,725.00",+1.76%,226.7,232.1,228.8,13,699,0.02,14.45%,13.31%,-0.583794,2026-09-10
$SPX,7591.7,2026-11-20,71,Put,"7,420.00",-2.26%,124.7,126.1,126.5,10,415,0.02,14.45%,16.52%,-0.334428,2026-09-10
$SPX,7591.7,2026-11-20,71,Put,"7,350.00",-3.18%,109.8,109.09,111.3,228,11527,0.02,14.45%,17.25%,-0.294729,2026-09-10
$SPX,7591.7,2026-11-20,71,Put,"7,175.00",-5.49%,81,78.56,82.3,91,4869,0.02,14.45%,19.10%,-0.216073,2026-09-10
$SPX,7591.7,2026-11-20,71,Put,"7,070.00",-6.87%,68.1,68.47,69.5,10,469,0.02,14.45%,20.21%,-0.180548,2026-09-10
$SPX,7591.7,2026-11-20,71,Put,"7,000.00",-7.79%,61.1,62.5,62.3,710,39535,0.02,14.45%,20.97%,-0.160619,2026-09-10
$SPX,7591.7,2026-11-20,71,Put,"6,980.00",-8.06%,59.2,56.03,60.5,10,470,0.02,14.45%,21.19%,-0.155363,2026-09-10
$SPX,7591.7,2026-11-20,71,Put,"6,000.00",-20.97%,16.4,16.9,17.1,285,16061,0.02,14.45%,32.01%,-0.03718,2026-09-10
$SPX,7591.7,2026-11-20,71,Put,"5,700.00",-24.92%,11.7,11.73,12.3,52,2541,0.02,14.45%,35.43%,-0.025302,2026-09-10
$SPX,7591.7,2026-11-20,71,Put,"5,500.00",-27.55%,9.4,9.66,10,208,10759,0.02,14.45%,37.76%,-0.019764,2026-09-10
$SPX,7591.7,2026-11-20,71,Put,"5,150.00",-32.16%,6.5,6.16,7,20,974,0.02,14.45%,41.93%,-0.01297,2026-09-10
$SPX,7591.7,2026-11-20,71,Put,"4,800.00",-36.77%,4.5,4.55,4.9,50,2288,0.02,14.45%,46.20%,-0.008543,2026-09-10
$SPX,7591.7,2026-11-20,71,Put,"4,000.00",-47.31%,1.8,1.97,2.2,31,1349,0.02,14.45%,56.49%,-0.003231,2026-09-10
$SPX,7591.7,2026-09-25,15,Put,"7,710.00",+1.56%,139.5,143.89,140.5,24,978,0.02,14.45%,11.68%,-0.734422,2026-09-10
$SPX,7591.7,2026-09-25,15,Put,"6,950.00",-8.45%,7.2,7.9,7.6,21,887,0.02,14.45%,26.31%,-0.043783,2026-09-10
$SPX,7591.7,2026-11-30,81,Put,"7,700.00",+1.43%,225.7,226.86,227.4,16,1058,0.02,14.45%,13.66%,-0.549009,2026-09-10
$SPX,7591.7,2027-03-31,202,Put,"7,000.00",-7.79%,157,157.9,159.2,15,762,0.02,14.45%,19.90%,-0.229122,2026-09-10
$SPX,7591.7,2027-02-19,162,Put,"7,175.00",-5.49%,156.8,157.81,158.8,12,497,0.02,14.45%,18.51%,-0.265336,2026-09-10
$SPX,7591.7,2027-02-19,162,Put,"6,900.00",-9.11%,116.1,116.57,118.1,74,3133,0.02,14.45%,20.61%,-0.192525,2026-09-10
$SPX,7591.7,2027-02-19,162,Put,"6,850.00",-9.77%,110,111.5,112.2,39,2192,0.02,14.45%,20.99%,-0.181979,2026-09-10
$SPX,7591.7,2027-02-19,162,Put,"1,800.00",-76.29%,0.85,1.02,1.25,10,555,0.02,14.45%,75.85%,-0.000868,2026-09-10
$SPX,7591.7,2027-03-19,190,Put,"7,400.00",-2.53%,227.6,230.05,230.2,139,6561,0.02,14.45%,17.14%,-0.349908,2026-09-10
$SPX,7591.7,2027-03-19,190,Put,"7,900.00",+4.06%,402.6,405.68,405.6,75,3862,0.02,14.45%,13.34%,-0.633411,2026-09-10
$SPX,7591.7,2027-03-19,190,Put,"6,975.00",-8.12%,146,146.5,148,30,1784,0.02,14.45%,20.12%,-0.219994,2026-09-10
$SPX,7591.7,2027-03-19,190,Put,"6,450.00",-15.04%,87.3,87.8,89.1,99,4474,0.02,14.45%,23.78%,-0.12692,2026-09-10
$SPX,7591.7,2027-06-17,280,Put,"7,150.00",-5.82%,232.7,233.7,235.1,27,1243,0.02,14.45%,19.03%,-0.281981,2026-09-10
$SPX,7591.7,2027-06-17,280,Put,"6,975.00",-8.12%,200.1,201,202,25,1044,0.02,14.45%,20.04%,-0.240586,2026-09-10
$SPX,7591.7,2027-06-17,280,Put,"6,825.00",-10.10%,175.4,177.9,178.1,11,697,0.02,14.45%,20.89%,-0.210117,2026-09-10
$SPX,7591.7,2027-06-17,280,Put,"8,400.00",+10.65%,718,725.65,722.3,35,2071,0.02,14.45%,0.00%,0,2026-09-10
$SPX,7591.7,2027-06-17,280,Put,"6,525.00",-14.05%,136.3,136,138,24,1029,0.02,14.45%,22.61%,-0.160352,2026-09-10
$SPX,7591.7,2026-11-20,71,Put,"7,400.00",-2.53%,122.6,124.3,123.9,21,853,0.02,14.45%,16.91%,-0.324167,2026-09-10
$SPX,7591.7,2026-11-20,71,Put,"7,300.00",-3.84%,102.6,103.26,103.6,27,1381,0.02,14.45%,17.95%,-0.271302,2026-09-10
$SPX,7591.7,2026-09-16,6,Put,"7,650.00",+0.77%,81.9,86.88,82.5,78,4180,0.02,14.45%,12.89%,-0.668273,2026-09-10
$SPX,7591.7,2026-10-16,36,Put,"7,460.00",-1.73%,83.7,84.9,85.5,12,602,0.02,14.45%,15.91%,-0.332246,2026-09-10
$SPX,7591.7,2026-10-16,36,Put,"7,430.00",-2.13%,77.1,76.9,79,11,691,0.02,14.45%,16.32%,-0.307246,2026-09-10
$SPX,7591.7,2026-10-16,36,Put,"7,350.00",-3.18%,62.3,64.5,63.9,154,6323,0.02,14.45%,17.40%,-0.249462,2026-09-10
$SPX,7591.7,2026-10-16,36,Put,"8,000.00",+5.38%,373.8,387.36,397.6,3109,132886,0.02,14.45%,0.00%,0,2026-09-10
$SPX,7591.7,2026-10-16,36,Put,"7,175.00",-5.49%,40.2,39.1,41.7,53,3105,0.02,14.45%,19.78%,-0.16064,2026-09-10
$SPX,7591.7,2026-10-16,36,Put,"7,170.00",-5.55%,39.5,36.62,41.2,17,1065,0.02,14.45%,19.83%,-0.15845,2026-09-10
$SPX,7591.7,2026-10-16,36,Put,"6,975.00",-8.12%,25.6,26.9,26.9,55,2856,0.02,14.45%,22.53%,-0.100311,2026-09-10
$SPX,7591.7,2026-10-16,36,Put,"6,925.00",-8.78%,23,24,24.4,23,1358,0.02,14.45%,23.23%,-0.089764,2026-09-10
$SPX,7591.7,2026-10-16,36,Put,"6,770.00",-10.82%,17.2,17.9,18.2,14,671,0.02,14.45%,25.45%,-0.064838,2026-09-10
$SPX,7591.7,2026-10-16,36,Put,"6,750.00",-11.09%,16.6,15.4,17.6,139,7894,0.02,14.45%,25.74%,-0.06233,2026-09-10
$SPX,7591.7,2026-10-16,36,Put,"6,575.00",-13.39%,12.3,12.9,13.4,29,1337,0.02,14.45%,28.35%,-0.044797,2026-09-10
$SPX,7591.7,2026-10-16,36,Put,"6,175.00",-18.66%,7,7.3,7.9,29,1585,0.02,14.45%,34.53%,-0.023281,2026-09-10
$SPX,7591.7,2026-10-16,36,Put,"5,700.00",-24.92%,3.9,4.2,4.5,99,4768,0.02,14.45%,41.94%,-0.011674,2026-09-10
$SPX,7591.7,2026-10-16,36,Put,"5,075.00",-33.15%,1.85,1.85,2.2,41,1814,0.02,14.45%,51.76%,-0.004944,2026-09-10
$SPX,7591.7,2026-10-16,36,Put,"5,000.00",-34.14%,1.65,1.65,2.05,152,9234,0.02,14.45%,52.93%,-0.004456,2026-09-10
$SPX,7591.7,2026-10-16,36,Put,"3,500.00",-53.90%,0.1,0.3,0.4,70,4108,0.02,14.45%,77.85%,-0.00048,2026-09-10
$SPX,7591.7,2026-09-18,8,Put,"7,565.00",-0.35%,51.2,52.1,52.2,182,7571,0.02,14.45%,14.86%,-0.420827,2026-09-10
$SPX,7591.7,2026-09-18,8,Put,"7,620.00",+0.37%,71.9,77.06,73.1,92,5789,0.02,14.45%,13.40%,-0.559919,2026-09-10
$SPX,7591.7,2026-09-18,8,Put,"7,640.00",+0.64%,81.3,88.51,82.5,138,7903,0.02,14.45%,12.83%,-0.617782,2026-09-10
$SPX,7591.7,2026-09-18,8,Put,"7,650.00",+0.77%,86.5,91.2,87.6,486,22062,0.02,14.45%,12.53%,-0.648068,2026-09-10
$SPX,7591.7,2026-09-18,8,Put,"7,655.00",+0.83%,89.1,99.8,90.3,54,3013,0.02,14.45%,12.37%,-0.663573,2026-09-10
$SPX,7591.7,2026-09-18,8,Put,"7,660.00",+0.90%,91.9,99.9,93,96,3847,0.02,14.45%,12.21%,-0.679163,2026-09-10
$SPX,7591.7,2026-09-18,8,Put,"7,520.00",-0.94%,38.8,41.22,39.8,119,6317,0.02,14.45%,15.98%,-0.329511,2026-09-10
$SPX,7591.7,2026-09-18,8,Put,"7,700.00",+1.43%,116.6,117.35,117.8,838,51191,0.02,14.45%,10.73%,-0.81195,2026-09-10
$SPX,7591.7,2026-09-18,8,Put,"7,465.00",-1.67%,27.8,29.48,28.7,88,4933,0.02,14.45%,17.31%,-0.242938,2026-09-10
$SPX,7591.7,2026-09-18,8,Put,"7,450.00",-1.87%,25.3,27.58,26.3,1086,50281,0.02,14.45%,17.64%,-0.223274,2026-09-10
$SPX,7591.7,2026-09-18,8,Put,"7,755.00",+2.15%,158.4,163.84,159.6,152,9164,0.02,14.45%,9.50%,-0.958708,2026-09-10
$SPX,7591.7,2026-09-18,8,Put,"7,390.00",-2.66%,17.8,18.9,18.7,48,2100,0.02,14.45%,19.05%,-0.160042,2026-09-10
$SPX,7591.7,2026-09-18,8,Put,"7,375.00",-2.85%,16.3,18.66,17.2,110,6250,0.02,14.45%,19.39%,-0.147268,2026-09-10
$SPX,7591.7,2026-09-18,8,Put,"7,370.00",-2.92%,15.9,16.7,16.7,20,1176,0.02,14.45%,19.51%,-0.14334,2026-09-10
$SPX,7591.7,2026-09-18,8,Put,"7,275.00",-4.17%,9.6,10.2,10.2,59,2569,0.02,14.45%,21.77%,-0.086775,2026-09-10
$SPX,7591.7,2026-09-18,8,Put,"7,195.00",-5.23%,6.6,6.9,7.2,12,658,0.02,14.45%,23.80%,-0.059216,2026-09-10
$SPX,7591.7,2026-09-18,8,Put,"7,160.00",-5.69%,5.7,6.66,6.3,21,877,0.02,14.45%,24.74%,-0.050804,2026-09-10
$SPX,7591.7,2026-09-18,8,Put,"6,800.00",-10.43%,2.1,2.22,2.35,999,40999,0.02,14.45%,35.16%,-0.015535,2026-09-10
$SPX,7591.7,2026-09-18,8,Put,"6,625.00",-12.73%,1.5,1.64,1.7,35,2164,0.02,14.45%,40.39%,-0.010178,2026-09-10
$SPX,7591.7,2026-09-18,8,Put,"5,800.00",-23.60%,0.3,0.3,0.5,197,9939,0.02,14.45%,63.90%,-0.001866,2026-09-10
$SPX,7591.7,2026-09-18,8,Put,"5,300.00",-30.19%,0.05,0.1,0.3,286,13425,0.02,14.45%,77.68%,-0.000718,2026-09-10
$SPX,7591.7,2026-10-05,25,Put,"7,450.00",-1.87%,62.1,60.73,63.3,16,741,0.02,14.45%,16.11%,-0.302566,2026-09-10
$SPX,7591.7,2026-10-16,36,Put,"7,495.00",-1.27%,93.9,91.7,95.1,10,446,0.02,14.45%,15.58%,-0.365103,2026-09-10
$SPX,7591.7,2026-10-16,36,Put,"7,250.00",-4.50%,49.6,51.05,50.3,45,1988,0.02,14.45%,18.90%,-0.195077,2026-09-10
$SPX,7591.7,2026-10-16,36,Put,"6,900.00",-9.11%,22.8,21.46,23.4,34,2041,0.02,14.45%,23.73%,-0.086252,2026-09-10
$SPX,7591.7,2026-10-16,36,Put,"6,850.00",-9.77%,20.7,21.1,21.3,14,639,0.02,14.45%,24.44%,-0.077603,2026-09-10
$SPX,7591.7,2026-09-25,15,Put,"7,000.00",-7.79%,8.4,8.6,8.6,61,6442,0.01,14.45%,25.30%,-0.051069,2026-09-10
$SPX,7591.7,2026-09-25,15,Put,"6,800.00",-10.43%,5,5.09,5.4,10,1435,0.01,14.45%,29.50%,-0.029074,2026-09-10
$SPX,7591.7,2026-09-25,15,Put,"6,700.00",-11.75%,4.1,4.5,4.4,13,956,0.01,14.45%,31.69%,-0.022822,2026-09-10
$SPX,7591.7,2026-09-25,15,Put,"6,100.00",-19.65%,1.55,1.7,1.75,27,3928,0.01,14.45%,45.09%,-0.007066,2026-09-10
$SPX,7591.7,2026-11-30,81,Put,"7,350.00",-3.18%,119.7,115.91,121.3,17,1607,0.01,14.45%,17.12%,-0.300577,2026-09-10
$SPX,7591.7,2027-02-19,162,Put,"7,350.00",-3.18%,191.4,190.53,194.1,40,2927,0.01,14.45%,17.18%,-0.326545,2026-09-10
$SPX,7591.7,2027-02-19,162,Put,"7,250.00",-4.50%,170.7,172.55,173,11,1399,0.01,14.45%,17.95%,-0.289652,2026-09-10
$SPX,7591.7,2027-02-19,162,Put,"7,000.00",-7.79%,129,130.71,131.3,266,19574,0.01,14.45%,19.84%,-0.21588,2026-09-10
$SPX,7591.7,2027-02-19,162,Put,"6,775.00",-10.76%,101.6,102.43,103.9,27,1906,0.01,14.45%,21.56%,-0.167291,2026-09-10
$SPX,7591.7,2027-02-19,162,Put,"6,100.00",-19.65%,52.3,51.88,53.9,10,1359,0.01,14.45%,26.78%,-0.080572,2026-09-10
$SPX,7591.7,2027-03-19,190,Put,"7,650.00",+0.77%,300.9,303.78,303.7,32,3397,0.01,14.45%,15.34%,-0.464607,2026-09-10
$SPX,7591.7,2027-03-19,190,Put,"7,500.00",-1.21%,254,256.04,256.8,89,11887,0.01,14.45%,16.43%,-0.391737,2026-09-10
$SPX,7591.7,2027-03-19,190,Put,"7,350.00",-3.18%,215.6,217.5,218.1,29,2226,0.01,14.45%,17.49%,-0.331474,2026-09-10
$SPX,7591.7,2027-03-19,190,Put,"7,150.00",-5.82%,174.4,175.1,176.8,30,2623,0.01,14.45%,18.89%,-0.265657,2026-09-10
$SPX,7591.7,2027-03-19,190,Put,"6,850.00",-9.77%,128.6,126.38,130.8,26,2861,0.01,14.45%,20.98%,-0.192405,2026-09-10
$SPX,7591.7,2027-03-19,190,Put,"6,700.00",-11.75%,111.1,111.6,112.9,65,11541,0.01,14.45%,22.03%,-0.164496,2026-09-10
$SPX,7591.7,2027-03-19,190,Put,"8,500.00",+11.96%,794,798.79,797.6,15,1495,0.01,14.45%,0.00%,0,2026-09-10
$SPX,7591.7,2027-03-19,190,Put,"6,100.00",-19.65%,63.2,63,64.7,133,12603,0.01,14.45%,26.28%,-0.089136,2026-09-10
$SPX,7591.7,2027-03-19,190,Put,"5,500.00",-27.55%,37.9,38.65,39,68,8089,0.01,14.45%,30.86%,-0.05008,2026-09-10
$SPX,7591.7,2027-03-19,190,Put,"5,475.00",-27.88%,37.1,37.8,38.4,14,973,0.01,14.45%,31.07%,-0.048987,2026-09-10
$SPX,7591.7,2027-06-17,280,Put,"7,550.00",-0.55%,330.1,332.61,333.5,14,2219,0.01,14.45%,16.62%,-0.408132,2026-09-10
$SPX,7591.7,2027-06-17,280,Put,"7,500.00",-1.21%,316.3,318.34,318.8,58,11269,0.01,14.45%,16.93%,-0.389091,2026-09-10
$SPX,7591.7,2027-06-17,280,Put,"7,750.00",+2.09%,395,397,398.6,25,2241,0.01,14.45%,15.29%,-0.495624,2026-09-10
$SPX,7591.7,2027-06-17,280,Put,"7,425.00",-2.20%,295.6,298.7,298.9,10,1320,0.01,14.45%,17.40%,-0.362895,2026-09-10
$SPX,7591.7,2027-06-17,280,Put,"7,300.00",-3.84%,265.3,267.5,267.7,76,5929,0.01,14.45%,18.15%,-0.322785,2026-09-10
$SPX,7591.7,2027-06-17,280,Put,"8,000.00",+5.38%,497.1,499.43,499.6,499,36351,0.01,14.45%,13.30%,-0.647637,2026-09-10
$SPX,7591.7,2027-06-17,280,Put,"7,125.00",-6.15%,228,228.8,230,14,1900,0.01,14.45%,19.18%,-0.274936,2026-09-10
$SPX,7591.7,2027-06-17,280,Put,"7,100.00",-6.48%,223.2,224.1,225.2,56,8916,0.01,14.45%,19.33%,-0.268997,2026-09-10
$SPX,7591.7,2027-06-17,280,Put,"7,000.00",-7.79%,204.4,205.5,206.6,459,69647,0.01,14.45%,19.90%,-0.245975,2026-09-10
$SPX,7591.7,2027-06-17,280,Put,"8,200.00",+8.01%,597.6,601.2,601.6,11,1169,0.01,14.45%,0.00%,0,2026-09-10
$SPX,7591.7,2027-06-17,280,Put,"6,950.00",-8.45%,196,196.7,197.9,20,3122,0.01,14.45%,20.19%,-0.235137,2026-09-10
$SPX,7591.7,2027-06-17,280,Put,"6,850.00",-9.77%,179.2,179,181.9,21,2754,0.01,14.45%,20.75%,-0.214798,2026-09-10
$SPX,7591.7,2027-06-17,280,Put,"6,650.00",-12.40%,150.9,148.77,153.5,10,1310,0.01,14.45%,21.88%,-0.179297,2026-09-10
$SPX,7591.7,2027-06-17,280,Put,"5,700.00",-24.92%,69.5,68,71.2,75,6669,0.01,14.45%,27.55%,-0.077632,2026-09-10
$SPX,7591.7,2026-09-17,7,Put,"7,675.00",+1.10%,92.6,102.79,112.3,12,1677,0.01,14.45%,12.78%,-0.723371,2026-09-10
$SPX,7591.7,2026-11-20,71,Put,"7,000.00",-7.79%,62.6,63.55,63.5,64,4581,0.01,14.45%,21.14%,-0.162345,2026-09-10
$SPX,7591.7,2026-11-20,71,Put,"6,050.00",-20.31%,17.9,18.2,18.5,11,759,0.01,14.45%,31.61%,-0.04042,2026-09-10
$SPX,7591.7,2026-09-16,6,Put,"7,715.00",+1.62%,116.8,127.75,134.3,10,1311,0.01,14.45%,9.86%,-0.909593,2026-09-10
$SPX,7591.7,2026-09-16,6,Put,"7,740.00",+1.95%,139.8,148.36,154.8,12,1430,0.01,14.45%,8.85%,-0.9839,2026-09-10
$SPX,7591.7,2026-10-16,36,Put,"7,520.00",-0.94%,99,98.3,101,11,947,0.01,14.45%,15.09%,-0.388791,2026-09-10
$SPX,7591.7,2026-10-16,36,Put,"7,725.00",+1.76%,180.1,186.02,182.5,19,2612,0.01,14.45%,12.20%,-0.65548,2026-09-10
$SPX,7591.7,2026-10-16,36,Put,"7,390.00",-2.66%,69.2,66.18,71.1,16,2010,0.01,14.45%,16.87%,-0.276691,2026-09-10
$SPX,7591.7,2026-10-16,36,Put,"7,320.00",-3.58%,57.4,55.35,59.3,15,1356,0.01,14.45%,17.80%,-0.230917,2026-09-10
$SPX,7591.7,2026-10-16,36,Put,"7,310.00",-3.71%,56,57.7,57.8,16,1148,0.01,14.45%,17.94%,-0.225132,2026-09-10
$SPX,7591.7,2026-10-16,36,Put,"7,260.00",-4.37%,49.5,46.92,51.1,10,796,0.01,14.45%,18.63%,-0.198418,2026-09-10
$SPX,7591.7,2026-10-16,36,Put,"7,180.00",-5.42%,40.5,37.8,42.1,11,1320,0.01,14.45%,19.69%,-0.162398,2026-09-10
$SPX,7591.7,2026-10-16,36,Put,"7,120.00",-6.21%,35.3,33.87,36.7,10,1558,0.01,14.45%,20.53%,-0.140506,2026-09-10
$SPX,7591.7,2026-10-16,36,Put,"7,070.00",-6.87%,31.5,32.96,32.8,10,865,0.01,14.45%,21.21%,-0.124721,2026-09-10
$SPX,7591.7,2026-10-16,36,Put,"7,050.00",-7.14%,30.1,30.1,31.4,70,7248,0.01,14.45%,21.48%,-0.118986,2026-09-10
$SPX,7591.7,2026-10-16,36,Put,"6,850.00",-9.77%,20,20.4,20.9,54,6015,0.01,14.45%,24.28%,-0.076323,2026-09-10
$SPX,7591.7,2026-10-16,36,Put,"6,650.00",-12.40%,13.9,14.3,14.9,67,5164,0.01,14.45%,27.20%,-0.051268,2026-09-10
$SPX,7591.7,2026-10-16,36,Put,"6,590.00",-13.19%,12.6,13.3,13.6,18,1301,0.01,14.45%,28.10%,-0.045905,2026-09-10
$SPX,7591.7,2026-10-16,36,Put,"6,350.00",-16.36%,9,9.4,9.7,12,1389,0.01,14.45%,31.81%,-0.030631,2026-09-10
$SPX,7591.7,2026-10-16,36,Put,"6,075.00",-19.98%,6.1,6.6,7,18,2845,0.01,14.45%,36.06%,-0.019963,2026-09-10
$SPX,7591.7,2026-10-16,36,Put,"6,025.00",-20.64%,5.8,6.1,6.6,14,1607,0.01,14.45%,36.88%,-0.018626,2026-09-10
$SPX,7591.7,2026-10-16,36,Put,"6,000.00",-20.97%,5.7,6,6.3,288,24281,0.01,14.45%,37.25%,-0.017923,2026-09-10
$SPX,7591.7,2026-10-16,36,Put,"5,950.00",-21.62%,5.4,4.9,6,20,2331,0.01,14.45%,38.09%,-0.016778,2026-09-10
$SPX,7591.7,2026-10-16,36,Put,"5,850.00",-22.94%,4.7,5,5.3,25,2977,0.01,14.45%,39.58%,-0.014404,2026-09-10
$SPX,7591.7,2026-10-16,36,Put,"5,750.00",-24.26%,4.2,3.9,4.7,36,2908,0.01,14.45%,41.15%,-0.012515,2026-09-10
$SPX,7591.7,2026-10-16,36,Put,"5,650.00",-25.58%,3.7,4,4.2,41,3558,0.01,14.45%,42.70%,-0.010863,2026-09-10
$SPX,7591.7,2026-10-16,36,Put,"5,200.00",-31.50%,2.15,2.32,2.55,30,5142,0.01,14.45%,49.79%,-0.005875,2026-09-10
$SPX,7591.7,2026-10-23,43,Put,"6,300.00",-17.01%,10.9,11.36,11.6,725,58072,0.01,14.45%,31.28%,-0.033731,2026-09-10
$SPX,7591.7,2026-09-18,8,Put,"7,560.00",-0.42%,49.6,50.48,50.7,64,6632,0.01,14.45%,14.99%,-0.409715,2026-09-10
$SPX,7591.7,2026-09-18,8,Put,"7,555.00",-0.48%,48.2,50.66,49.2,69,5577,0.01,14.45%,15.13%,-0.398956,2026-09-10
$SPX,7591.7,2026-09-18,8,Put,"7,630.00",+0.50%,76.5,81.67,77.6,55,5217,0.01,14.45%,13.12%,-0.588446,2026-09-10
$SPX,7591.7,2026-09-18,8,Put,"7,635.00",+0.57%,78.9,81.97,80,37,5249,0.01,14.45%,12.97%,-0.602893,2026-09-10
$SPX,7591.7,2026-09-18,8,Put,"7,645.00",+0.70%,83.8,87.18,85,84,7640,0.01,14.45%,12.67%,-0.632923,2026-09-10
$SPX,7591.7,2026-09-18,8,Put,"7,510.00",-1.08%,36.5,36.9,37.5,71,6037,0.01,14.45%,16.23%,-0.311893,2026-09-10
$SPX,7591.7,2026-09-18,8,Put,"7,455.00",-1.80%,26.1,27.65,27.1,31,4627,0.01,14.45%,17.53%,-0.229685,2026-09-10
$SPX,7591.7,2026-09-18,8,Put,"7,445.00",-1.93%,24.6,25.2,25.5,36,5918,0.01,14.45%,17.76%,-0.217131,2026-09-10
$SPX,7591.7,2026-09-18,8,Put,"7,440.00",-2.00%,23.9,26.1,24.8,93,10441,0.01,14.45%,17.89%,-0.211256,2026-09-10
$SPX,7591.7,2026-09-18,8,Put,"7,750.00",+2.09%,154.3,160.3,155.5,184,25836,0.01,14.45%,10.46%,-0.924746,2026-09-10
$SPX,7591.7,2026-09-18,8,Put,"7,380.00",-2.79%,16.8,18.3,17.7,17,1568,0.01,14.45%,19.28%,-0.151476,2026-09-10
$SPX,7591.7,2026-09-18,8,Put,"7,320.00",-3.58%,12.1,13.1,12.8,25,1737,0.01,14.45%,20.69%,-0.109575,2026-09-10
$SPX,7591.7,2026-09-18,8,Put,"7,125.00",-6.15%,5,5.7,5.5,51,4938,0.01,14.45%,25.67%,-0.04383,2026-09-10
$SPX,7591.7,2026-09-18,8,Put,"6,920.00",-8.85%,2.75,2.75,3,16,1412,0.01,14.45%,31.54%,-0.021529,2026-09-10
$SPX,7591.7,2026-09-18,8,Put,"6,880.00",-9.37%,2.5,2.65,2.75,12,1455,0.01,14.45%,32.74%,-0.019203,2026-09-10
$SPX,7591.7,2026-09-18,8,Put,"6,850.00",-9.77%,2.3,2.14,2.6,200,15289,0.01,14.45%,33.62%,-0.017631,2026-09-10
$SPX,7591.7,2026-09-18,8,Put,"6,840.00",-9.90%,2.25,2,2.55,29,2200,0.01,14.45%,33.92%,-0.01717,2026-09-10
$SPX,7591.7,2026-09-18,8,Put,"6,725.00",-11.42%,1.8,1.94,2.05,17,3225,0.01,14.45%,37.41%,-0.012893,2026-09-10
$SPX,7591.7,2026-09-18,8,Put,"6,650.00",-12.40%,1.55,1.66,1.8,119,10604,0.01,14.45%,39.65%,-0.010788,2026-09-10
$SPX,7591.7,2026-09-18,8,Put,"6,350.00",-16.36%,0.95,0.85,1.15,50,7323,0.01,14.45%,48.73%,-0.005841,2026-09-10
$SPX,7591.7,2026-09-18,8,Put,"6,300.00",-17.01%,0.85,0.85,1.05,174,19588,0.01,14.45%,50.08%,-0.005198,2026-09-10
$SPX,7591.7,2026-09-18,8,Put,"6,100.00",-19.65%,0.6,0.6,0.8,159,14193,0.01,14.45%,55.91%,-0.003545,2026-09-10
$SPX,7591.7,2026-09-18,8,Put,"6,000.00",-20.97%,0.45,0.6,0.7,1213,167537,0.01,14.45%,58.54%,-0.002834,2026-09-10
$SPX,7591.7,2026-09-18,8,Put,"5,900.00",-22.28%,0.35,0.5,0.6,333,23953,0.01,14.45%,61.17%,-0.00228,2026-09-10
$SPX,7591.7,2026-09-18,8,Put,"5,850.00",-22.94%,0.3,0.35,0.55,60,5123,0.01,14.45%,62.39%,-0.002019,2026-09-10
$SPX,7591.7,2026-09-18,8,Put,"5,600.00",-26.24%,0.15,0.2,0.4,180,12037,0.01,14.45%,69.15%,-0.001223,2026-09-10
$SPX,7591.7,2026-09-18,8,Put,"5,400.00",-28.87%,0.1,0.1,0.3,31,6090,0.01,14.45%,74.73%,-0.000844,2026-09-10
$SPX,7591.7,2026-09-18,8,Put,"5,225.00",-31.17%,0.05,0.15,0.3,12,1017,0.01,14.45%,80.55%,-0.000693,2026-09-10
$SPX,7591.7,2026-10-05,25,Put,"7,700.00",+1.43%,149.7,149.18,151,14,1204,0.01,14.45%,12.09%,-0.655846,2026-09-10
$SPX,7591.7,2026-10-05,25,Put,"6,200.00",-18.33%,3.9,3.79,4.2,10,1726,0.01,14.45%,36.91%,-0.015068,2026-09-10
$SPX,7591.7,2026-09-23,13,Put,"7,460.00",-1.73%,40.3,41.5,40.8,10,758,0.01,14.45%,16.71%,-0.272302,2026-09-10
$SPX,7591.7,2026-09-18,8,Call,"8,025.00",-5.71%,0.15,0.32,0.35,41,3170,0.01,14.45%,14.27%,0.004959,2026-09-10
$SPX,7591.7,2026-09-18,8,Call,"8,050.00",-6.04%,0.15,0.22,0.3,11,1126,0.01,14.45%,14.82%,0.00435,2026-09-10
$SPX,7591.7,2026-09-30,20,Call,"7,550.00",+0.55%,137.8,140.14,138.5,26,2232,0.01,14.45%,15.21%,0.590328,2026-09-10
$SPX,7591.7,2026-09-30,20,Call,"7,450.00",+1.87%,203.2,208.46,225.8,11,1440,0.01,14.45%,17.16%,0.704927,2026-09-10
$SPX,7591.7,2026-09-30,20,Call,"8,150.00",-7.35%,0.3,0.52,0.55,14,2157,0.01,14.45%,11.75%,0.006337,2026-09-10
$SPX,7591.7,2028-12-15,827,Call,"12,000.00",-58.07%,18.7,32.95,45.4,11,2144,0.01,14.45%,13.90%,0.051785,2026-09-10
$SPX,7591.7,2028-12-15,827,Call,"14,000.00",-84.41%,0,8.91,13.3,14,1769,0.01,14.45%,14.56%,0.012322,2026-09-10
$SPX,7591.7,2027-12-17,463,Call,"7,550.00",+0.55%,833.5,830.43,842.4,13,1308,0.01,14.45%,18.26%,0.648043,2026-09-10
$SPX,7591.7,2027-12-17,463,Call,"7,900.00",-4.06%,617.3,617.1,626.7,10,1745,0.01,14.45%,17.04%,0.562333,2026-09-10
$SPX,7591.7,2027-12-17,463,Call,"8,200.00",-8.01%,456.3,457.1,465.7,31,4429,0.01,14.45%,16.05%,0.479612,2026-09-10
$SPX,7591.7,2027-12-17,463,Call,"8,300.00",-9.33%,408.4,409.5,417.7,22,3147,0.01,14.45%,15.74%,0.450662,2026-09-10
$SPX,7591.7,2027-12-17,463,Call,"6,800.00",+10.43%,1280.2,1368.9,1480.2,13,2476,0.01,14.45%,21.19%,0.787167,2026-09-10
$SPX,7591.7,2027-12-17,463,Call,"9,000.00",-18.55%,164.6,168,172.4,93,10623,0.01,14.45%,14.11%,0.252226,2026-09-10
$SPX,7591.7,2027-12-17,463,Call,"12,000.00",-58.07%,2.5,3.7,4.8,45,7039,0.01,14.45%,14.75%,0.009066,2026-09-10
$SPX,7591.7,2027-08-20,344,Call,"8,700.00",-14.60%,142.6,143.2,145.1,10,959,0.01,14.45%,13.82%,0.252021,2026-09-10
$SPX,7591.7,2027-08-20,344,Call,"9,050.00",-19.21%,75.9,77.71,77.6,10,924,0.01,14.45%,13.32%,0.157804,2026-09-10
$SPX,7591.7,2027-01-15,127,Call,"8,025.00",-5.71%,111.2,109.8,113.5,19,1560,0.01,14.45%,13.23%,0.308253,2026-09-10
$SPX,7591.7,2026-11-20,71,Call,"7,500.00",+1.21%,294.8,291.96,296.7,79,6207,0.01,14.45%,16.27%,0.620158,2026-09-10
$SPX,7591.7,2026-11-20,71,Call,"7,760.00",-2.22%,135.7,134.2,137.8,12,1159,0.01,14.45%,13.95%,0.41746,2026-09-10
$SPX,7591.7,2026-11-20,71,Call,"7,400.00",+2.53%,368.9,365.67,371.3,49,5799,0.01,14.45%,17.27%,0.68032,2026-09-10
$SPX,7591.7,2026-11-20,71,Call,"7,200.00",+5.16%,531.4,536.04,533.9,26,3149,0.01,14.45%,19.37%,0.772581,2026-09-10
$SPX,7591.7,2026-11-20,71,Call,"8,210.00",-8.14%,15.9,16.56,16.8,30,2001,0.01,14.45%,11.83%,0.090748,2026-09-10
$SPX,7591.7,2026-11-20,71,Call,"8,300.00",-9.33%,9.4,9.8,10,55,8603,0.01,14.45%,11.69%,0.058853,2026-09-10
$SPX,7591.7,2026-11-30,81,Call,"8,150.00",-7.35%,28.2,28.08,29.4,16,2086,0.01,14.45%,11.87%,0.137042,2026-09-10
$SPX,7591.7,2026-11-30,81,Call,"8,200.00",-8.01%,21.7,22,22.8,10,705,0.01,14.45%,11.74%,0.111843,2026-09-10
$SPX,7591.7,2026-11-06,57,Call,"8,500.00",-11.96%,1.55,1.9,2.15,31,3031,0.01,14.45%,12.28%,0.014436,2026-09-10
$SPX,7591.7,2027-03-31,202,Call,"8,350.00",-9.99%,98.8,99.23,100.8,20,1334,0.01,14.45%,13.06%,0.240641,2026-09-10
$SPX,7591.7,2027-02-19,162,Call,"7,400.00",+2.53%,521.6,526.42,525,31,2968,0.01,14.45%,17.30%,0.665592,2026-09-10
$SPX,7591.7,2027-02-19,162,Call,"7,975.00",-5.05%,176.9,176.1,179.8,10,925,0.01,14.45%,13.93%,0.381935,2026-09-10
$SPX,7591.7,2027-03-19,190,Call,"7,500.00",+1.21%,493.9,492.69,497.1,56,10957,0.01,14.45%,16.72%,0.630517,2026-09-10
$SPX,7591.7,2027-03-19,190,Call,"7,400.00",+2.53%,564.9,561.92,568.2,58,4573,0.01,14.45%,17.32%,0.667675,2026-09-10
$SPX,7591.7,2027-03-19,190,Call,"7,800.00",-2.74%,305.4,303.73,307.5,50,7775,0.01,14.45%,15.06%,0.498535,2026-09-10
$SPX,7591.7,2027-03-19,190,Call,"8,000.00",-5.38%,205.4,204.9,207.7,232,45707,0.01,14.45%,14.13%,0.397721,2026-09-10
$SPX,7591.7,2027-03-19,190,Call,"7,100.00",+6.48%,795.5,800.1,799,20,1504,0.01,14.45%,19.15%,0.759373,2026-09-10
$SPX,7591.7,2027-03-19,190,Call,"8,100.00",-6.70%,164.5,164.44,166.7,81,6801,0.01,14.45%,13.73%,0.346435,2026-09-10
$SPX,7591.7,2027-03-19,190,Call,"8,150.00",-7.35%,146.4,144.2,148.5,22,2838,0.01,14.45%,13.56%,0.321212,2026-09-10
$SPX,7591.7,2027-03-19,190,Call,"8,300.00",-9.33%,101,100.08,103.3,52,7484,0.01,14.45%,13.12%,0.249653,2026-09-10
$SPX,7591.7,2027-03-19,190,Call,"8,400.00",-10.65%,77.7,77.42,79.7,78,10388,0.01,14.45%,12.89%,0.206651,2026-09-10
$SPX,7591.7,2027-03-19,190,Call,"8,600.00",-13.28%,44.4,44.4,46.1,23,3103,0.01,14.45%,12.56%,0.135278,2026-09-10
$SPX,7591.7,2027-03-19,190,Call,"6,500.00",+14.38%,1306.3,1312.59,1310.5,40,4378,0.01,14.45%,22.80%,0.875399,2026-09-10
$SPX,7591.7,2027-03-19,190,Call,"6,400.00",+15.70%,1395.5,1397.51,1399.8,13,1024,0.01,14.45%,23.39%,0.888623,2026-09-10
$SPX,7591.7,2027-03-19,190,Call,"8,800.00",-15.92%,24.4,25.88,25.7,41,7230,0.01,14.45%,12.35%,0.083847,2026-09-10
$SPX,7591.7,2027-03-19,190,Call,"8,900.00",-17.23%,17.8,18.5,19,22,3629,0.01,14.45%,12.28%,0.06481,2026-09-10
$SPX,7591.7,2027-03-19,190,Call,"9,500.00",-25.14%,3.1,3.5,3.8,15,1813,0.01,14.45%,12.65%,0.014501,2026-09-10
$SPX,7591.7,2027-06-17,280,Call,"7,800.00",-2.74%,438,434.6,440.5,42,8024,0.01,14.45%,16.09%,0.538075,2026-09-10
$SPX,7591.7,2027-06-17,280,Call,"8,250.00",-8.67%,217,216.4,220.1,11,941,0.01,14.45%,14.31%,0.360714,2026-09-10
$SPX,7591.7,2027-06-17,280,Call,"8,300.00",-9.33%,198.4,200.1,200.9,46,3997,0.01,14.45%,14.15%,0.340556,2026-09-10
$SPX,7591.7,2027-06-17,280,Call,"8,425.00",-10.98%,157.4,157.8,159.4,10,972,0.01,14.45%,13.81%,0.29195,2026-09-10
$SPX,7591.7,2027-06-17,280,Call,"8,500.00",-11.96%,136.1,136.6,138.1,194,16852,0.01,14.45%,13.63%,0.264184,2026-09-10
$SPX,7591.7,2027-06-17,280,Call,"9,100.00",-19.87%,37.6,37.8,39.2,27,3905,0.01,14.45%,12.83%,0.099568,2026-09-10
$SPX,7591.7,2027-06-17,280,Call,"9,500.00",-25.14%,14.3,14.75,15.4,127,12094,0.01,14.45%,12.62%,0.044834,2026-09-10
$SPX,7591.7,2027-06-17,280,Call,"10,800.00",-42.26%,1.3,1.6,1.85,27,2746,0.01,14.45%,14.09%,0.005459,2026-09-10
$SPX,7591.7,2026-09-17,7,Call,"7,975.00",-5.05%,0.1,0.2,0.25,13,1560,0.01,14.45%,13.21%,0.004079,2026-09-10
$SPX,7591.7,2026-10-16,36,Call,"7,675.00",-1.10%,104,106.61,106.3,32,2384,0.01,14.45%,13.72%,0.441619,2026-09-10
$SPX,7591.7,2026-10-16,36,Call,"7,500.00",+1.21%,216.3,215.63,218.4,78,8907,0.01,14.45%,15.94%,0.633454,2026-09-10
$SPX,7591.7,2026-10-16,36,Call,"7,725.00",-1.76%,79.4,78.45,81.2,44,2955,0.01,14.45%,13.15%,0.377414,2026-09-10
$SPX,7591.7,2026-10-16,36,Call,"7,730.00",-1.82%,77.1,75.1,78.9,20,1934,0.01,14.45%,13.09%,0.37087,2026-09-10
$SPX,7591.7,2026-10-16,36,Call,"8,225.00",-8.34%,1.5,1.8,2.15,11,1166,0.01,14.45%,11.56%,0.01842,2026-09-10
$SPX,7591.7,2026-10-16,36,Call,"8,575.00",-12.95%,0.25,0.4,0.6,12,1461,0.01,14.45%,14.11%,0.004114,2026-09-10
$SPX,7591.7,2026-10-16,36,Call,"8,800.00",-15.92%,0.05,0.15,0.45,36,5200,0.01,14.45%,16.00%,0.002251,2026-09-10
$SPX,7591.7,2026-09-18,8,Call,"7,585.00",+0.09%,78,73.85,79,46,6106,0.01,14.45%,16.06%,0.532871,2026-09-10
$SPX,7591.7,2026-09-18,8,Call,"7,580.00",+0.15%,81.2,77.05,82.2,34,5979,0.01,14.45%,16.19%,0.543619,2026-09-10
$SPX,7591.7,2026-09-18,8,Call,"7,630.00",-0.50%,51.7,47.72,52.7,42,5184,0.01,14.45%,14.93%,0.428326,2026-09-10
$SPX,7591.7,2026-09-18,8,Call,"7,550.00",+0.55%,101.6,99.5,102.8,336,36185,0.01,14.45%,17.00%,0.603762,2026-09-10
$SPX,7591.7,2026-09-18,8,Call,"7,540.00",+0.68%,108.8,103.51,110,48,6597,0.01,14.45%,17.27%,0.622171,2026-09-10
$SPX,7591.7,2026-09-18,8,Call,"7,655.00",-0.83%,39.3,36.45,40.4,34,3280,0.01,14.45%,14.32%,0.365598,2026-09-10
$SPX,7591.7,2026-09-18,8,Call,"7,525.00",+0.88%,119.9,116.88,121,57,7604,0.01,14.45%,17.67%,0.648374,2026-09-10
$SPX,7591.7,2026-09-18,8,Call,"7,660.00",-0.90%,37.1,35.37,38.2,26,3590,0.01,14.45%,14.22%,0.352984,2026-09-10
$SPX,7591.7,2026-09-18,8,Call,"7,695.00",-1.36%,23.6,22.04,24.6,131,9479,0.01,14.45%,13.46%,0.264794,2026-09-10
$SPX,7591.7,2026-09-18,8,Call,"7,480.00",+1.47%,155.2,149.23,156.4,20,3328,0.01,14.45%,18.93%,0.716106,2026-09-10
$SPX,7591.7,2026-09-18,8,Call,"7,710.00",-1.56%,18.9,17.32,19.8,44,5640,0.01,14.45%,13.13%,0.228185,2026-09-10
$SPX,7591.7,2026-09-18,8,Call,"7,715.00",-1.62%,17.5,16.47,18.3,38,4683,0.01,14.45%,13.02%,0.216246,2026-09-10
$SPX,7591.7,2026-09-18,8,Call,"7,720.00",-1.69%,16.2,15.08,17,99,12647,0.01,14.45%,12.94%,0.204959,2026-09-10
$SPX,7591.7,2026-09-18,8,Call,"7,735.00",-1.89%,12.6,11.93,13.4,46,4548,0.01,14.45%,12.65%,0.171969,2026-09-10
$SPX,7591.7,2026-09-18,8,Call,"7,745.00",-2.02%,10.6,10.05,11.3,47,3541,0.01,14.45%,12.48%,0.151548,2026-09-10
$SPX,7591.7,2026-09-18,8,Call,"7,430.00",+2.13%,197.2,193.44,198.4,50,5013,0.01,14.45%,20.37%,0.77503,2026-09-10
$SPX,7591.7,2026-09-18,8,Call,"7,785.00",-2.55%,4.9,4.66,5.5,49,5992,0.01,14.45%,11.92%,0.085192,2026-09-10
$SPX,7591.7,2026-09-18,8,Call,"7,795.00",-2.68%,4,4.03,4.6,22,2518,0.01,14.45%,11.84%,0.072991,2026-09-10
$SPX,7591.7,2026-09-18,8,Call,"7,830.00",-3.14%,1.9,1.95,2.25,30,2589,0.01,14.45%,11.55%,0.039845,2026-09-10
$SPX,7591.7,2026-09-18,8,Call,"7,875.00",-3.73%,0.75,0.82,1,78,5744,0.01,14.45%,11.57%,0.018585,2026-09-10
$SPX,7591.7,2026-09-18,8,Call,"7,890.00",-3.93%,0.6,0.62,0.8,11,1080,0.01,14.45%,11.71%,0.015063,2026-09-10
$SPX,7591.7,2026-09-18,8,Call,"7,925.00",-4.39%,0.35,0.44,0.6,37,3725,0.01,14.45%,12.24%,0.010215,2026-09-10
$SPX,7591.7,2026-09-18,8,Call,"7,250.00",+4.50%,362.8,356.32,364.1,63,5270,0.01,14.45%,26.25%,0.889733,2026-09-10
$SPX,7591.7,2026-09-18,8,Call,"7,950.00",-4.72%,0.25,0.35,0.5,65,7062,0.01,14.45%,12.66%,0.008,2026-09-10
$SPX,7591.7,2026-09-18,8,Call,"7,980.00",-5.11%,0.15,0.4,0.45,12,944,0.01,14.45%,13.23%,0.006275,2026-09-10
$SPX,7591.7,2026-09-18,8,Call,"8,025.00",-5.71%,0.1,0.27,0.35,48,7537,0.01,14.45%,14.11%,0.00455,2026-09-10
$SPX,7591.7,2026-09-18,8,Call,"8,100.00",-6.70%,0.05,0.18,0.35,159,19360,0.01,14.45%,16.03%,0.003634,2026-09-10
$SPX,7591.7,2026-09-18,8,Call,"8,150.00",-7.35%,0.05,0.2,0.3,126,11942,0.01,14.45%,17.18%,0.003018,2026-09-10
$SPX,7591.7,2026-09-18,8,Call,"8,175.00",-7.68%,0.05,0.2,0.3,25,3039,0.01,14.45%,17.85%,0.002914,2026-09-10
$SPX,7591.7,2026-09-18,8,Call,"8,300.00",-9.33%,0.05,0.1,0.25,205,22440,0.01,14.45%,20.84%,0.002192,2026-09-10
$SPX,7591.7,2026-09-18,8,Call,"6,650.00",+12.40%,955,951.7,956.3,45,4254,0.01,14.45%,51.33%,0.963372,2026-09-10
$SPX,7591.7,2026-09-29,19,Call,"7,790.00",-2.61%,18.9,21.34,19.9,13,1007,0.01,14.45%,11.40%,0.182567,2026-09-10
$SPX,7591.7,2026-10-16,36,Call,"7,925.00",-4.39%,20.4,20.6,21,43,3191,0.01,14.45%,11.70%,0.146453,2026-09-10
$SPX,7591.7,2026-09-18,8,Put,"6,950.00",-8.45%,3.3,3.34,3.6,14,2340,0.01,14.45%,31.20%,-0.025538,2026-09-10
$SPX,7591.7,2026-09-18,8,Put,"4,600.00",-39.41%,0.05,0.1,0.15,10,815,0.01,14.45%,101.65%,-0.000328,2026-09-10
$SPX,7591.7,2026-09-30,20,Put,"7,080.00",-6.74%,15.3,16,16.1,10,1240,0.01,14.45%,22.60%,-0.083762,2026-09-10
$SPX,7591.7,2026-09-30,20,Put,"6,990.00",-7.93%,12.1,12.8,12.4,28,3047,0.01,14.45%,24.15%,-0.064117,2026-09-10
$SPX,7591.7,2026-09-30,20,Put,"6,950.00",-8.45%,10.8,10.94,11.2,12,1391,0.01,14.45%,24.84%,-0.057091,2026-09-10
$SPX,7591.7,2026-09-30,20,Put,"6,875.00",-9.44%,9,9.3,9.4,11,1231,0.01,14.45%,26.20%,-0.046721,2026-09-10
$SPX,7591.7,2026-09-30,20,Put,"6,750.00",-11.09%,6.7,6.32,7.2,21,2430,0.01,14.45%,28.46%,-0.034026,2026-09-10
$SPX,7591.7,2026-09-30,20,Put,"6,600.00",-13.06%,5.1,5,5.4,82,7963,0.01,14.45%,31.33%,-0.024398,2026-09-10
$SPX,7591.7,2026-09-30,20,Put,"6,400.00",-15.70%,3.6,3.9,3.9,31,2923,0.01,14.45%,35.18%,-0.016291,2026-09-10
$SPX,7591.7,2026-09-30,20,Put,"6,300.00",-17.01%,3,3.1,3.4,10,1083,0.01,14.45%,37.10%,-0.013466,2026-09-10
$SPX,7591.7,2026-09-30,20,Put,"6,000.00",-20.97%,1.95,2.1,2.2,72,12649,0.01,14.45%,42.92%,-0.007963,2026-09-10
$SPX,7591.7,2028-12-15,827,Put,"7,400.00",-2.53%,457.4,498.3,533.4,11,1029,0.01,14.45%,18.45%,-0.341757,2026-09-10
$SPX,7591.7,2027-12-17,463,Put,"7,550.00",-0.55%,419.7,423.2,428.3,16,1869,0.01,14.45%,17.30%,-0.396063,2026-09-10
$SPX,7591.7,2027-12-17,463,Put,"7,000.00",-7.79%,288,291.1,295.8,780,107709,0.01,14.45%,19.98%,-0.262359,2026-09-10
$SPX,7591.7,2027-12-17,463,Put,"6,750.00",-11.09%,241.9,244.9,249.3,15,1370,0.01,14.45%,21.11%,-0.218913,2026-09-10
$SPX,7591.7,2027-12-17,463,Put,"6,600.00",-13.06%,217.6,220.7,224.9,55,7052,0.01,14.45%,21.78%,-0.19571,2026-09-10
$SPX,7591.7,2027-12-17,463,Put,"6,350.00",-16.36%,182.1,185.7,189.1,10,1012,0.01,14.45%,22.89%,-0.162903,2026-09-10
$SPX,7591.7,2027-12-17,463,Put,"5,950.00",-21.62%,136.9,139.6,143.2,14,2076,0.01,14.45%,24.70%,-0.120771,2026-09-10
$SPX,7591.7,2027-12-17,463,Put,"5,800.00",-23.60%,123,125.3,129,53,5884,0.01,14.45%,25.40%,-0.107923,2026-09-10
$SPX,7591.7,2027-12-17,463,Put,"5,100.00",-32.82%,74.6,76.6,79.5,14,1515,0.01,14.45%,28.87%,-0.06347,2026-09-10
$SPX,7591.7,2027-12-17,463,Put,"4,850.00",-36.11%,62.5,65.6,67.1,16,1696,0.01,14.45%,30.22%,-0.052474,2026-09-10
$SPX,7591.7,2027-12-17,463,Put,"4,750.00",-37.43%,58.3,60.2,62.8,13,1777,0.01,14.45%,30.79%,-0.048648,2026-09-10
$SPX,7591.7,2027-12-17,463,Put,"4,700.00",-38.09%,56.3,58.1,60.7,34,3229,0.01,14.45%,31.07%,-0.046766,2026-09-10
$SPX,7591.7,2026-09-28,18,Put,"6,900.00",-9.11%,7.3,7.85,7.9,63,5039,0.01,14.45%,25.77%,-0.042103,2026-09-10
$SPX,7591.7,2027-01-15,127,Put,"7,625.00",+0.44%,238.4,239.4,241.5,23,2108,0.01,14.45%,14.78%,-0.466503,2026-09-10
$SPX,7591.7,2027-01-15,127,Put,"7,500.00",-1.21%,199.6,200.6,202.4,72,11778,0.01,14.45%,15.84%,-0.392028,2026-09-10
$SPX,7591.7,2027-01-15,127,Put,"7,700.00",+1.43%,266.3,266.9,269,47,3782,0.01,14.45%,14.14%,-0.518777,2026-09-10
$SPX,7591.7,2027-01-15,127,Put,"7,125.00",-6.15%,122.2,122.2,124.3,15,2029,0.01,14.45%,19.04%,-0.236017,2026-09-10
$SPX,7591.7,2027-01-15,127,Put,"8,100.00",+6.70%,482.7,488.51,486.1,16,1207,0.01,14.45%,0.00%,0,2026-09-10
$SPX,7591.7,2027-01-15,127,Put,"7,075.00",-6.81%,114.7,115.5,117,16,2276,0.01,14.45%,19.46%,-0.221195,2026-09-10
$SPX,7591.7,2027-01-15,127,Put,"7,000.00",-7.79%,105,105.1,107,395,58214,0.01,14.45%,20.11%,-0.200993,2026-09-10
$SPX,7591.7,2027-01-15,127,Put,"6,900.00",-9.11%,93.1,93.7,95.2,57,5420,0.01,14.45%,20.95%,-0.176839,2026-09-10
$SPX,7591.7,2027-01-15,127,Put,"6,850.00",-9.77%,88.1,88.7,89.9,35,3737,0.01,14.45%,21.39%,-0.166188,2026-09-10
$SPX,7591.7,2027-01-15,127,Put,"6,575.00",-13.39%,64.6,65,66.4,10,886,0.01,14.45%,23.74%,-0.118687,2026-09-10
$SPX,7591.7,2027-01-15,127,Put,"5,500.00",-27.55%,22.5,22.8,23.5,112,7576,0.01,14.45%,33.37%,-0.036046,2026-09-10
$SPX,7591.7,2027-01-15,127,Put,"5,300.00",-30.19%,18.8,19.4,19.9,13,2526,0.01,14.45%,35.30%,-0.029425,2026-09-10
$SPX,7591.7,2026-11-20,71,Put,"7,650.00",+0.77%,194.9,198.87,196.9,25,3932,0.01,14.45%,14.12%,-0.50918,2026-09-10
$SPX,7591.7,2026-11-20,71,Put,"7,515.00",-1.01%,149.3,150.05,151.2,17,1463,0.01,14.45%,15.53%,-0.3981,2026-09-10
$SPX,7591.7,2026-11-20,71,Put,"7,375.00",-2.85%,114.9,118.78,116.5,35,4081,0.01,14.45%,16.99%,-0.308432,2026-09-10
$SPX,7591.7,2026-11-20,71,Put,"7,825.00",+3.07%,278.3,279.2,280.4,13,993,0.01,14.45%,12.15%,-0.696222,2026-09-10
$SPX,7591.7,2026-11-20,71,Put,"6,900.00",-9.11%,52.4,53.1,53.6,56,8814,0.01,14.45%,22.04%,-0.136311,2026-09-10
$SPX,7591.7,2026-11-20,71,Put,"6,750.00",-11.09%,42.1,43.2,43.2,83,7420,0.01,14.45%,23.66%,-0.107427,2026-09-10
$SPX,7591.7,2026-11-20,71,Put,"6,725.00",-11.42%,40.6,39.39,41.8,14,1941,0.01,14.45%,23.94%,-0.103377,2026-09-10
$SPX,7591.7,2026-11-20,71,Put,"6,300.00",-17.01%,23.3,24,24.1,36,6222,0.01,14.45%,28.61%,-0.055499,2026-09-10
$SPX,7591.7,2026-11-20,71,Put,"6,200.00",-18.33%,20.6,21.3,21.4,55,6746,0.01,14.45%,29.72%,-0.04835,2026-09-10
$SPX,7591.7,2026-11-20,71,Put,"5,950.00",-21.62%,15.5,14.42,16.1,39,3148,0.01,14.45%,32.57%,-0.034789,2026-09-10
$SPX,7591.7,2026-11-20,71,Put,"5,600.00",-26.24%,10.5,11,11.1,16,1737,0.01,14.45%,36.60%,-0.022374,2026-09-10
$SPX,7591.7,2026-11-20,71,Put,"5,400.00",-28.87%,8.5,8.8,9,49,7043,0.01,14.45%,38.95%,-0.017522,2026-09-10
$SPX,7591.7,2026-11-20,71,Put,"4,925.00",-35.13%,5.1,5.28,5.6,10,1283,0.01,14.45%,44.66%,-0.009916,2026-09-10
$SPX,7591.7,2026-11-20,71,Put,"4,300.00",-43.36%,2.6,2.72,2.95,10,1141,0.01,14.45%,52.52%,-0.00468,2026-09-10
$SPX,7591.7,2026-11-20,71,Put,"4,200.00",-44.68%,2.3,2.45,2.7,15,1316,0.01,14.45%,53.85%,-0.004153,2026-09-10
$SPX,7591.7,2026-10-19,39,Call,"7,575.00",+0.22%,168.9,166.22,170.6,11,0,0,14.45%,14.72%,0.560508,2026-09-10
$SPX,7591.7,2026-10-19,39,Call,"7,800.00",-2.74%,53.7,52.9,55,20,0,0,14.45%,12.31%,0.289762,2026-09-10
$SPX,7591.7,2026-10-19,39,Call,"7,850.00",-3.40%,38.4,40.95,39.7,53,0,0,14.45%,11.94%,0.230781,2026-09-10
$SPX,7591.7,2026-10-19,39,Call,"7,900.00",-4.06%,26.7,27.1,27.9,19,0,0,14.45%,11.64%,0.177891,2026-09-10
$SPX,7591.7,2026-10-19,39,Call,"7,925.00",-4.39%,22,22.5,23.3,20,0,0,14.45%,11.52%,0.15447,2026-09-10
$SPX,7591.7,2026-10-19,39,Call,"8,000.00",-5.38%,11.7,12.07,12.7,18,0,0,14.45%,11.16%,0.095303,2026-09-10
$SPX,7591.7,2026-10-19,39,Call,"8,100.00",-6.70%,4.8,5.5,5.6,18,0,0,14.45%,10.98%,0.046747,2026-09-10
$SPX,7591.7,2027-01-15,127,Call,"7,325.00",+3.51%,516.7,521.29,539.8,204,0,0,14.45%,17.97%,0.697396,2026-09-10
$SPX,7591.7,2027-01-15,127,Call,"7,100.00",+6.48%,698.9,703.27,722.9,10,0,0,14.45%,19.85%,0.771852,2026-09-10
$SPX,7591.7,2027-01-15,127,Call,"9,600.00",-26.45%,0.75,1.05,1.2,25,0,0,14.45%,14.30%,0.004934,2026-09-10
$SPX,7591.7,2026-10-07,27,Call,"7,450.00",+1.87%,219.6,227.19,242.7,24,0,0,14.45%,16.59%,0.691327,2026-09-10
$SPX,7591.7,2026-10-07,27,Call,"7,100.00",+6.48%,528.3,533.68,552.3,10,0,0,14.45%,22.75%,0.876336,2026-09-10
$SPX,7591.7,2026-10-07,27,Call,"7,075.00",+6.81%,551.7,557.03,575.7,10,0,0,14.45%,23.18%,0.883455,2026-09-10
$SPX,7591.7,2026-09-30,20,Call,"8,200.00",-8.01%,0.25,0.35,0.45,24,19733,0,14.45%,12.40%,0.005056,2026-09-10
$SPX,7591.7,2028-12-15,827,Call,"7,000.00",+7.79%,0,1591.41,0,10,29215,0,14.45%,20.12%,0.768637,2026-09-10
$SPX,7591.7,2028-12-15,827,Call,"5,000.00",+34.14%,0,3110.66,0,39,24403,0,14.45%,23.22%,0.949761,2026-09-10
$SPX,7591.7,2027-12-17,463,Call,"7,600.00",-0.11%,801,805.7,810,15,6319,0,14.45%,18.09%,0.63659,2026-09-10
$SPX,7591.7,2027-12-17,463,Call,"8,000.00",-5.38%,560.9,561.98,570.3,81,90525,0,14.45%,16.70%,0.535586,2026-09-10
$SPX,7591.7,2027-12-17,463,Call,"7,000.00",+7.79%,1216.2,1216.4,1329.4,39,102490,0,14.45%,22.06%,0.744788,2026-09-10
$SPX,7591.7,2027-12-17,463,Call,"8,400.00",-10.65%,363.6,365.6,372.8,13,5353,0,14.45%,15.45%,0.421321,2026-09-10
$SPX,7591.7,2027-12-17,463,Call,"8,600.00",-13.28%,284,288.7,292.8,10,2822,0,14.45%,14.92%,0.362504,2026-09-10
$SPX,7591.7,2027-12-17,463,Call,"6,000.00",+20.97%,1924.3,2010.95,2124.3,30,82367,0,14.45%,24.03%,0.883989,2026-09-10
$SPX,7591.7,2026-09-28,18,Call,"7,565.00",+0.35%,119.5,118.15,120.7,21,0,0,14.45%,14.71%,0.571026,2026-09-10
$SPX,7591.7,2026-09-28,18,Call,"7,745.00",-2.02%,28.5,31.21,29.4,60,0,0,14.45%,11.80%,0.247766,2026-09-10
$SPX,7591.7,2027-01-15,127,Call,"7,600.00",-0.11%,326.3,322.98,329,23,6381,0,14.45%,15.71%,0.571084,2026-09-10
$SPX,7591.7,2027-01-15,127,Call,"7,700.00",-1.43%,264.1,267.99,266.8,10,4628,0,14.45%,15.02%,0.514208,2026-09-10
$SPX,7591.7,2027-01-15,127,Call,"7,400.00",+2.53%,467,463.91,470.2,24,5689,0,14.45%,17.22%,0.668049,2026-09-10
$SPX,7591.7,2027-01-15,127,Call,"8,000.00",-5.38%,120.1,120.9,122.4,162,35982,0,14.45%,13.34%,0.324085,2026-09-10
$SPX,7591.7,2027-01-15,127,Call,"7,000.00",+7.79%,790.9,787.22,794.4,23,54644,0,14.45%,20.44%,0.800806,2026-09-10
$SPX,7591.7,2027-01-15,127,Call,"8,250.00",-8.67%,52.4,53.43,54.5,22,4687,0,14.45%,12.50%,0.181609,2026-09-10
$SPX,7591.7,2027-01-15,127,Call,"6,900.00",+9.11%,877.5,875.29,881.1,27,6029,0,14.45%,21.26%,0.824163,2026-09-10
$SPX,7591.7,2027-01-15,127,Call,"8,500.00",-11.96%,20.2,20.5,21.7,10,3952,0,14.45%,12.08%,0.086564,2026-09-10
$SPX,7591.7,2027-01-15,127,Call,"8,700.00",-14.60%,9,9.3,10,10,2060,0,14.45%,11.98%,0.044284,2026-09-10
$SPX,7591.7,2027-01-15,127,Call,"9,000.00",-18.55%,3.1,3.3,3.8,24,5661,0,14.45%,12.40%,0.01759,2026-09-10
$SPX,7591.7,2026-11-20,71,Call,"7,000.00",+7.79%,706.3,702.01,708.9,15,29148,0,14.45%,21.55%,0.835834,2026-09-10
$SPX,7591.7,2026-11-20,71,Call,"6,000.00",+20.97%,1652.5,1642.58,1655.4,14,8945,0,14.45%,32.90%,0.959409,2026-09-10
$SPX,7591.7,2026-11-30,81,Call,"8,205.00",-8.08%,21.1,22.1,22.2,10,0,0,14.45%,11.73%,0.109453,2026-09-10
$SPX,7591.7,2026-11-06,57,Call,"7,630.00",-0.50%,181.4,183.05,183.9,55,0,0,14.45%,15.03%,0.516956,2026-09-10
$SPX,7591.7,2026-11-06,57,Call,"7,690.00",-1.29%,146.6,143.85,149.1,62,0,0,14.45%,14.44%,0.462011,2026-09-10
$SPX,7591.7,2026-11-06,57,Call,"8,400.00",-10.65%,2.6,3,3.4,8201,0,0,14.45%,11.93%,0.022792,2026-09-10
$SPX,7591.7,2027-02-19,162,Call,"7,500.00",+1.21%,449.8,448.18,453.2,17,4377,0,14.45%,16.64%,0.625235,2026-09-10
$SPX,7591.7,2027-02-19,162,Call,"6,900.00",+9.11%,923.6,923.61,927.5,24,8807,0,14.45%,20.82%,0.810975,2026-09-10
$SPX,7591.7,2027-03-19,190,Call,"8,700.00",-14.60%,33,33.4,34.4,15,3378,0,14.45%,12.43%,0.106953,2026-09-10
$SPX,7591.7,2027-03-19,190,Call,"9,100.00",-19.87%,9.4,9.8,10.4,10,2342,0,14.45%,12.23%,0.038035,2026-09-10
$SPX,7591.7,2027-03-19,190,Call,"10,000.00",-31.72%,1.2,1.45,1.7,12,3431,0,14.45%,13.82%,0.006116,2026-09-10
$SPX,7591.7,2026-10-08,28,Call,"7,780.00",-2.48%,40.3,40.5,41.6,13,0,0,14.45%,12.22%,0.266138,2026-09-10
$SPX,7591.7,2026-10-08,28,Call,"7,790.00",-2.61%,37.2,38.47,38.4,13,0,0,14.45%,12.13%,0.252015,2026-09-10
$SPX,7591.7,2026-10-08,28,Call,"7,100.00",+6.48%,530.5,537.83,554.5,82,0,0,14.45%,22.70%,0.873009,2026-09-10
$SPX,7591.7,2026-10-08,28,Call,"7,075.00",+6.81%,553.9,561.08,577.9,82,0,0,14.45%,23.14%,0.880073,2026-09-10
$SPX,7591.7,2027-05-21,253,Call,"5,125.00",+32.49%,2618.9,2625.64,2642.9,16,0,0,14.45%,29.00%,0.968735,2026-09-10
$SPX,7591.7,2027-06-17,280,Call,"7,500.00",+1.21%,628.9,627.74,633,36,9389,0,14.45%,17.52%,0.638866,2026-09-10
$SPX,7591.7,2027-06-17,280,Call,"7,825.00",-3.07%,423.1,420.2,426.8,18,5396,0,14.45%,15.99%,0.528874,2026-09-10
$SPX,7591.7,2027-06-17,280,Call,"8,100.00",-6.70%,280.4,280.45,283,14,7830,0,14.45%,14.83%,0.421387,2026-09-10
$SPX,7591.7,2027-06-17,280,Call,"7,000.00",+7.79%,998.3,999,1003.1,155,62381,0,14.45%,19.96%,0.766348,2026-09-10
$SPX,7591.7,2027-06-17,280,Call,"8,400.00",-10.65%,165,164.52,167.2,36,9585,0,14.45%,13.87%,0.301491,2026-09-10
$SPX,7591.7,2027-06-17,280,Call,"8,700.00",-14.60%,90.9,94.59,93.1,23,11145,0,14.45%,13.28%,0.1976,2026-09-10
$SPX,7591.7,2027-06-17,280,Call,"8,750.00",-15.26%,81.9,82.35,84,12,2440,0,14.45%,13.21%,0.18275,2026-09-10
$SPX,7591.7,2027-06-17,280,Call,"10,000.00",-31.72%,4.7,5.2,5.4,13,8451,0,14.45%,12.85%,0.017014,2026-09-10
$SPX,7591.7,2026-10-01,21,Call,"7,820.00",-3.01%,17.3,17,18.2,45,0,0,14.45%,11.50%,0.162415,2026-09-10
$SPX,7591.7,2026-09-17,7,Call,"7,605.00",-0.18%,60,59.3,60.5,69,0,0,14.45%,15.29%,0.484368,2026-09-10
$SPX,7591.7,2026-09-17,7,Call,"7,555.00",+0.48%,91.9,91,92.5,31,0,0,14.45%,16.55%,0.6,2026-09-10
$SPX,7591.7,2026-09-17,7,Call,"7,540.00",+0.68%,102.5,108.2,103.1,15,0,0,14.45%,16.92%,0.630453,2026-09-10
$SPX,7591.7,2026-09-17,7,Call,"7,530.00",+0.81%,109.8,106.34,110.4,12,0,0,14.45%,17.18%,0.649627,2026-09-10
$SPX,7591.7,2026-09-17,7,Call,"7,520.00",+0.94%,117.3,122.42,117.8,21,0,0,14.45%,17.42%,0.667958,2026-09-10
$SPX,7591.7,2026-09-17,7,Call,"7,515.00",+1.01%,121.1,117.47,121.6,14,0,0,14.45%,17.55%,0.676764,2026-09-10
$SPX,7591.7,2026-09-17,7,Call,"7,950.00",-4.72%,0.15,0.2,0.3,14,2999,0,14.45%,12.78%,0.005289,2026-09-10
$SPX,7591.7,2026-11-20,71,Call,"7,395.00",+2.59%,372.5,373.2,373.8,11,0,0,14.45%,17.26%,0.683623,2026-09-10
$SPX,7591.7,2026-11-20,71,Call,"7,390.00",+2.66%,376.3,374.6,377.7,12,0,0,14.45%,17.31%,0.686365,2026-09-10
$SPX,7591.7,2026-11-20,71,Call,"7,385.00",+2.72%,380.2,379.5,381.6,10,0,0,14.45%,17.36%,0.689055,2026-09-10
$SPX,7591.7,2026-09-16,6,Call,"7,390.00",+2.66%,212.4,216.2,233.6,30,0,0,14.45%,21.35%,0.846004,2026-09-10
$SPX,7591.7,2026-09-16,6,Call,"7,290.00",+3.97%,0,309.55,0,30,0,0,14.45%,19.11%,0.954681,2026-09-10
$SPX,7591.7,2026-10-16,36,Call,"7,870.00",-3.67%,30,30,31.6,14,5490,0,14.45%,11.89%,0.198425,2026-09-10
$SPX,7591.7,2026-10-16,36,Call,"8,300.00",-9.33%,1,1.15,1.4,47,12734,0,14.45%,12.00%,0.012234,2026-09-10
$SPX,7591.7,2026-10-16,36,Call,"8,500.00",-11.96%,0.35,0.5,0.75,10,8713,0,14.45%,13.55%,0.005408,2026-09-10
$SPX,7591.7,2026-10-16,36,Call,"8,600.00",-13.28%,0.2,0.45,0.65,10,4465,0,14.45%,14.42%,0.004034,2026-09-10
$SPX,7591.7,2026-10-16,36,Call,"6,000.00",+20.97%,1610,1617.83,1634,47,14744,0,14.45%,39.32%,0.977078,2026-09-10
$SPX,7591.7,2026-09-18,8,Call,"7,565.00",+0.35%,91.2,87.64,92.3,31,7555,0,14.45%,16.60%,0.574597,2026-09-10
$SPX,7591.7,2026-09-18,8,Call,"7,545.00",+0.62%,105.2,97.3,106.3,11,9570,0,14.45%,17.13%,0.613107,2026-09-10
$SPX,7591.7,2026-09-18,8,Call,"7,645.00",-0.70%,44,42.58,45.1,35,7554,0,14.45%,14.56%,0.390891,2026-09-10
$SPX,7591.7,2026-09-18,8,Call,"7,500.00",+1.21%,139.2,136.13,140.4,83,61492,0,14.45%,18.38%,0.687782,2026-09-10
$SPX,7591.7,2026-09-18,8,Call,"7,685.00",-1.23%,27.1,26.9,28,10,8376,0,14.45%,13.65%,0.289494,2026-09-10
$SPX,7591.7,2026-09-18,8,Call,"7,690.00",-1.29%,25.3,23.91,26.2,20,7911,0,14.45%,13.54%,0.276934,2026-09-10
$SPX,7591.7,2026-09-18,8,Call,"7,475.00",+1.54%,159.3,155.25,160.5,13,9754,0,14.45%,19.08%,0.722682,2026-09-10
$SPX,7591.7,2026-09-18,8,Call,"7,450.00",+1.87%,180.1,176.82,181.3,15,48104,0,14.45%,19.79%,0.753346,2026-09-10
$SPX,7591.7,2026-09-18,8,Call,"7,765.00",-2.28%,7.3,6.8,8,32,8634,0,14.45%,12.18%,0.115374,2026-09-10
$SPX,7591.7,2026-09-18,8,Call,"7,770.00",-2.35%,6.6,6.2,7.3,32,10589,0,14.45%,12.11%,0.107129,2026-09-10
$SPX,7591.7,2026-09-18,8,Call,"7,400.00",+2.53%,223.5,216.4,224.7,40,38317,0,14.45%,21.26%,0.803319,2026-09-10
$SPX,7591.7,2026-09-18,8,Call,"7,350.00",+3.18%,268.8,260.37,270,20,7364,0,14.45%,22.85%,0.840631,2026-09-10
$SPX,7591.7,2026-09-18,8,Call,"7,300.00",+3.84%,315.4,306.52,316.6,20,34174,0,14.45%,24.52%,0.868522,2026-09-10
$SPX,7591.7,2026-09-18,8,Call,"7,975.00",-5.05%,0.15,0.3,0.45,11,4925,0,14.45%,13.08%,0.00634,2026-09-10
$SPX,7591.7,2026-09-18,8,Call,"7,200.00",+5.16%,411,404.32,412.2,55,17858,0,14.45%,28.07%,0.905672,2026-09-10
$SPX,7591.7,2026-09-18,8,Call,"8,200.00",-8.01%,0.05,0.16,0.3,80,22552,0,14.45%,18.52%,0.002817,2026-09-10
$SPX,7591.7,2026-09-18,8,Call,"6,900.00",+9.11%,706.3,701.99,707.7,12,9608,0,14.45%,40.40%,0.949545,2026-09-10
$SPX,7591.7,2026-09-18,8,Call,"6,700.00",+11.75%,905.2,900.99,906.5,23,7490,0,14.45%,49.11%,0.961285,2026-09-10
$SPX,7591.7,2026-09-18,8,Call,"6,600.00",+13.06%,1004.8,999.12,1006.2,25,10454,0,14.45%,53.60%,0.965152,2026-09-10
$SPX,7591.7,2026-09-18,8,Call,"6,000.00",+20.97%,1603.1,1596.05,1604.6,67,154544,0,14.45%,80.85%,0.978931,2026-09-10
$SPX,7591.7,2026-10-05,25,Call,"7,430.00",+2.13%,232,240.5,253.6,10,0,0,14.45%,17.10%,0.711985,2026-09-10
$SPX,7591.7,2026-09-23,13,Call,"7,605.00",-0.18%,80.1,77.4,80.8,48,0,0,14.45%,14.37%,0.498682,2026-09-10
$SPX,7591.7,2026-09-23,13,Call,"7,390.00",+2.66%,233.4,237.43,257.4,30,0,0,14.45%,19.28%,0.786413,2026-09-10
$SPX,7591.7,2026-09-23,13,Call,"7,290.00",+3.97%,323,325.88,347,30,0,0,14.45%,21.56%,0.852834,2026-09-10
$SPX,7591.7,2026-09-24,14,Call,"7,515.00",+1.01%,145,142.12,146.1,20,0,0,14.45%,16.23%,0.647712,2026-09-10
$SPX,7591.7,2026-09-24,14,Call,"7,390.00",+2.66%,236.8,241.45,260.8,30,0,0,14.45%,19.22%,0.779685,2026-09-10
$SPX,7591.7,2026-09-24,14,Call,"7,290.00",+3.97%,325.9,329.38,349.9,30,0,0,14.45%,21.44%,0.846146,2026-09-10
$SPX,7591.7,2027-06-30,293,Put,"6,570.00",-13.46%,147.5,146.77,149.4,120,0,0,14.45%,22.30%,-0.169363,2026-09-10
$SPX,7591.7,2026-10-19,39,Put,"7,575.00",-0.22%,119.9,122.15,121.6,61,0,0,14.45%,14.26%,-0.447895,2026-09-10
$SPX,7591.7,2026-10-19,39,Put,"7,625.00",+0.44%,138.1,141.51,139.8,18,0,0,14.45%,13.60%,-0.507871,2026-09-10
$SPX,7591.7,2026-10-19,39,Put,"7,450.00",-1.87%,85.4,86.08,86.8,25,0,0,14.45%,15.91%,-0.326642,2026-09-10
$SPX,7591.7,2026-10-19,39,Put,"7,775.00",+2.41%,212.9,217.93,214.3,11,0,0,14.45%,11.51%,-0.726975,2026-09-10
$SPX,7591.7,2026-10-19,39,Put,"7,300.00",-3.84%,58,60.08,59.3,15,0,0,14.45%,17.86%,-0.224074,2026-09-10
$SPX,7591.7,2026-10-19,39,Put,"7,200.00",-5.16%,45.5,43.75,46.8,125,0,0,14.45%,19.16%,-0.175528,2026-09-10
$SPX,7591.7,2026-10-19,39,Put,"7,175.00",-5.49%,42.8,39.76,44.2,104,0,0,14.45%,19.48%,-0.165249,2026-09-10
$SPX,7591.7,2026-10-19,39,Put,"7,150.00",-5.82%,40.4,39.68,41.7,10,0,0,14.45%,19.81%,-0.155673,2026-09-10
$SPX,7591.7,2026-10-19,39,Put,"7,100.00",-6.48%,36.2,36.85,37.3,13,0,0,14.45%,20.47%,-0.138507,2026-09-10
$SPX,7591.7,2026-10-19,39,Put,"7,000.00",-7.79%,29.2,29.66,30.2,10,0,0,14.45%,21.80%,-0.110395,2026-09-10
$SPX,7591.7,2026-10-19,39,Put,"6,900.00",-9.11%,23.8,23.11,24.8,190,0,0,14.45%,23.15%,-0.088818,2026-09-10
$SPX,7591.7,2026-10-19,39,Put,"6,800.00",-10.43%,19.7,20.52,20.7,15,0,0,14.45%,24.53%,-0.072306,2026-09-10
$SPX,7591.7,2026-10-19,39,Put,"6,700.00",-11.75%,16.5,17.22,17.5,12,0,0,14.45%,25.94%,-0.059484,2026-09-10
$SPX,7591.7,2026-10-19,39,Put,"6,500.00",-14.38%,12,10.96,12.8,80,0,0,14.45%,28.79%,-0.041329,2026-09-10
$SPX,7591.7,2026-10-19,39,Put,"6,000.00",-20.97%,6.3,6.42,6.8,19,0,0,14.45%,36.32%,-0.019115,2026-09-10
$SPX,7591.7,2026-10-19,39,Put,"5,200.00",-31.50%,2.35,2.46,2.7,57,0,0,14.45%,48.28%,-0.006216,2026-09-10
$SPX,7591.7,2026-10-19,39,Put,"4,200.00",-44.68%,0.6,0.76,0.9,55,0,0,14.45%,63.89%,-0.001558,2026-09-10
$SPX,7591.7,2026-09-18,8,Put,"6,955.00",-8.39%,3.3,3.3,3.6,12,0,0,14.45%,30.99%,-0.025695,2026-09-10
$SPX,7591.7,2026-09-18,8,Put,"6,935.00",-8.65%,3.1,3.34,3.5,25,0,0,14.45%,31.61%,-0.024273,2026-09-10
$SPX,7591.7,2026-09-18,8,Put,"8,370.00",+10.25%,0,771.15,0,10,0,0,14.45%,0.00%,0,2026-09-10
$SPX,7591.7,2026-09-18,8,Put,"8,400.00",+10.65%,788.1,800.43,806.1,10,0,0,14.45%,0.00%,0,2026-09-10
$SPX,7591.7,2026-09-18,8,Put,"6,375.00",-16.03%,1.05,1.15,1.25,28,23789,0,14.45%,48.28%,-0.006399,2026-09-10
$SPX,7591.7,2026-09-18,8,Put,"6,350.00",-16.36%,1,1.05,1.2,147,34714,0,14.45%,48.99%,-0.006063,2026-09-10
$SPX,7591.7,2026-09-18,8,Put,"6,250.00",-17.67%,0.85,0.9,1.05,30,32418,0,14.45%,51.99%,-0.005019,2026-09-10
$SPX,7591.7,2026-10-07,27,Put,"7,440.00",-2.00%,65.1,61.6,65.8,100,0,0,14.45%,16.38%,-0.299609,2026-09-10
$SPX,7591.7,2026-10-06,26,Put,"7,340.00",-3.32%,45.4,46.65,46.5,17,0,0,14.45%,17.84%,-0.217905,2026-09-10
$SPX,7591.7,2026-09-30,20,Put,"8,000.00",+5.38%,389.7,384.22,393.4,10,15999,0,14.45%,0.00%,0,2026-09-10
$SPX,7591.7,2026-09-30,20,Put,"7,155.00",-5.75%,19.3,20.2,20.1,18,20032,0,14.45%,21.34%,-0.106197,2026-09-10
$SPX,7591.7,2026-09-30,20,Put,"7,105.00",-6.41%,16.7,17.2,17.1,60,20011,0,14.45%,22.17%,-0.09053,2026-09-10
$SPX,7591.7,2026-09-30,20,Put,"7,090.00",-6.61%,15.8,16.5,16.5,10,8613,0,14.45%,22.42%,-0.086341,2026-09-10
$SPX,7591.7,2026-09-30,20,Put,"7,000.00",-7.79%,12.4,12.9,12.7,153,39378,0,14.45%,23.97%,-0.065894,2026-09-10
$SPX,7591.7,2028-12-15,827,Put,"7,000.00",-7.79%,377.6,404.98,426.3,10,29561,0,14.45%,20.00%,-0.268591,2026-09-10
$SPX,7591.7,2028-12-15,827,Put,"6,000.00",-20.97%,212.2,229.47,247,158,33296,0,14.45%,23.50%,-0.146775,2026-09-10
$SPX,7591.7,2028-12-15,827,Put,"5,000.00",-34.14%,108.3,127,143,37,28160,0,14.45%,27.15%,-0.077475,2026-09-10
$SPX,7591.7,2027-12-17,463,Put,"7,500.00",-1.21%,405.7,409.2,414.2,13,8172,0,14.45%,17.56%,-0.380185,2026-09-10
$SPX,7591.7,2027-12-17,463,Put,"8,000.00",+5.38%,569.7,577.18,578.9,96,84136,0,14.45%,14.56%,-0.565146,2026-09-10
$SPX,7591.7,2027-12-17,463,Put,"7,100.00",-6.48%,308.7,311.8,316.5,17,3550,0,14.45%,19.51%,-0.282572,2026-09-10
$SPX,7591.7,2027-12-17,463,Put,"6,000.00",-20.97%,141.9,144.75,148.2,443,90048,0,14.45%,24.47%,-0.125642,2026-09-10
$SPX,7591.7,2027-12-17,463,Put,"5,900.00",-22.28%,132.1,134.7,138.3,17,6040,0,14.45%,24.94%,-0.116386,2026-09-10
$SPX,7591.7,2027-12-17,463,Put,"5,400.00",-28.87%,92.4,94.6,97.7,15,4549,0,14.45%,27.33%,-0.079884,2026-09-10
$SPX,7591.7,2027-12-17,463,Put,"5,200.00",-31.50%,80.1,82.3,85.2,12,8129,0,14.45%,28.35%,-0.068494,2026-09-10
$SPX,7591.7,2027-12-17,463,Put,"5,000.00",-34.14%,69.5,72.3,74.3,91,57938,0,14.45%,29.40%,-0.058834,2026-09-10
$SPX,7591.7,2027-12-17,463,Put,"4,600.00",-39.41%,52.6,54.2,56.7,15,6841,0,14.45%,31.66%,-0.043312,2026-09-10
$SPX,7591.7,2027-12-17,463,Put,"4,000.00",-47.31%,34.9,35.7,37.9,87,50039,0,14.45%,35.43%,-0.027264,2026-09-10
$SPX,7591.7,2026-09-28,18,Put,"7,585.00",-0.09%,83.7,92.03,84.8,12,0,0,14.45%,13.86%,-0.465731,2026-09-10
$SPX,7591.7,2026-09-28,18,Put,"7,535.00",-0.75%,67.8,62.44,68.9,17,0,0,14.45%,14.76%,-0.386462,2026-09-10
$SPX,7591.7,2026-09-28,18,Put,"7,515.00",-1.01%,62.4,66.62,63.4,21,0,0,14.45%,15.11%,-0.358441,2026-09-10
$SPX,7591.7,2026-09-28,18,Put,"7,495.00",-1.27%,57.4,61.47,58.5,22,0,0,14.45%,15.47%,-0.33243,2026-09-10
$SPX,7591.7,2026-09-28,18,Put,"7,280.00",-4.11%,24.5,25.51,25.3,10,0,0,14.45%,19.10%,-0.147385,2026-09-10
$SPX,7591.7,2026-09-28,18,Put,"7,260.00",-4.37%,22.7,22.93,23.5,19,0,0,14.45%,19.42%,-0.1368,2026-09-10
$SPX,7591.7,2027-01-15,127,Put,"7,650.00",+0.77%,247.5,248.2,250,26,7412,0,14.45%,14.57%,-0.483423,2026-09-10
$SPX,7591.7,2027-01-15,127,Put,"7,050.00",-7.14%,111.5,112,113.5,14,5302,0,14.45%,19.68%,-0.214196,2026-09-10
$SPX,7591.7,2027-01-15,127,Put,"6,800.00",-10.43%,83.2,83.5,85,13,10217,0,14.45%,21.82%,-0.156214,2026-09-10
$SPX,7591.7,2027-01-15,127,Put,"6,000.00",-20.97%,35.8,36,37.1,45,33791,0,14.45%,28.77%,-0.061356,2026-09-10
$SPX,7591.7,2027-01-15,127,Put,"4,000.00",-47.31%,6.2,6.5,6.9,11,7574,0,14.45%,49.09%,-0.008185,2026-09-10
$SPX,7591.7,2027-01-15,127,Put,"2,400.00",-68.39%,1.1,1.31,1.55,20,21925,0,14.45%,70.50%,-0.00132,2026-09-10
$SPX,7591.7,2027-01-15,127,Put,"2,000.00",-73.66%,0.65,0.75,0.95,23,13706,0,14.45%,77.46%,-0.00075,2026-09-10
$SPX,7591.7,2027-01-15,127,Put,"1,400.00",-81.56%,0.15,0.35,0.5,14,6914,0,14.45%,90.53%,-0.000275,2026-09-10
$SPX,7591.7,2027-01-15,127,Put,"1,200.00",-84.19%,0.05,0.15,0.35,24,7682,0,14.45%,95.10%,-0.000165,2026-09-10
$SPX,7591.7,2026-11-20,71,Put,"7,750.00",+2.09%,238.6,236.78,240.7,14,4141,0,14.45%,13.04%,-0.609633,2026-09-10
$SPX,7591.7,2026-11-20,71,Put,"6,850.00",-9.77%,48.6,49.5,49.8,25,5053,0,14.45%,22.58%,-0.125758,2026-09-10
$SPX,7591.7,2026-11-20,71,Put,"2,800.00",-63.12%,0.3,0.45,0.6,31,10965,0,14.45%,74.24%,-0.000619,2026-09-10
$SPX,7591.7,2026-09-25,15,Put,"7,405.00",-2.46%,36.5,34.45,37,44,0,0,14.45%,17.78%,-0.228118,2026-09-10
$SPX,7591.7,2026-09-25,15,Put,"7,355.00",-3.12%,29.6,30,30.1,51,0,0,14.45%,18.68%,-0.186606,2026-09-10
$SPX,7591.7,2026-09-25,15,Put,"7,345.00",-3.25%,28.4,29.4,28.9,127,0,0,14.45%,18.86%,-0.179295,2026-09-10
$SPX,7591.7,2026-09-25,15,Put,"7,025.00",-7.46%,9,9.2,9.4,18,8442,0,14.45%,24.84%,-0.055548,2026-09-10
$SPX,7591.7,2026-09-25,15,Put,"6,400.00",-15.70%,2.4,2.55,2.65,27,59465,0,14.45%,38.31%,-0.012066,2026-09-10
$SPX,7591.7,2026-09-25,15,Put,"6,300.00",-17.01%,2.05,2.05,2.3,11,55642,0,14.45%,40.56%,-0.010009,2026-09-10
$SPX,7591.7,2026-11-06,57,Put,"7,400.00",-2.53%,103.6,99.4,105.9,25,0,0,14.45%,16.86%,-0.313236,2026-09-10
$SPX,7591.7,2026-11-06,57,Put,"7,150.00",-5.82%,63.6,62.6,65.5,25,0,0,14.45%,19.73%,-0.191553,2026-09-10
$SPX,7591.7,2026-11-06,57,Put,"7,050.00",-7.14%,53.2,52.9,54.8,80,0,0,14.45%,20.88%,-0.158633,2026-09-10
$SPX,7591.7,2026-11-06,57,Put,"6,100.00",-19.65%,13.4,13.52,14.3,20,0,0,14.45%,32.33%,-0.034519,2026-09-10
$SPX,7591.7,2026-11-06,57,Put,"6,000.00",-20.97%,11.8,12.02,12.7,20,0,0,14.45%,33.56%,-0.029975,2026-09-10
$SPX,7591.7,2027-02-19,162,Put,"6,000.00",-20.97%,47.7,47.07,49.2,20,5196,0,14.45%,27.58%,-0.072667,2026-09-10
$SPX,7591.7,2027-03-19,190,Put,"7,700.00",+1.43%,318.9,320.9,321.5,10,4881,0,14.45%,14.98%,-0.49226,2026-09-10
$SPX,7591.7,2027-03-19,190,Put,"7,475.00",-1.54%,247.1,246.21,249.8,15,7103,0,14.45%,16.61%,-0.379919,2026-09-10
$SPX,7591.7,2027-03-19,190,Put,"7,800.00",+2.74%,358.2,361.83,360.9,30,7746,0,14.45%,14.20%,-0.554026,2026-09-10
$SPX,7591.7,2027-03-19,190,Put,"8,000.00",+5.38%,453,455.69,456.2,80,39224,0,14.45%,12.28%,-0.733263,2026-09-10
$SPX,7591.7,2027-03-19,190,Put,"7,100.00",-6.48%,165.6,166.7,168,10,5364,0,14.45%,19.24%,-0.251868,2026-09-10
$SPX,7591.7,2027-03-19,190,Put,"7,000.00",-7.79%,149.5,150.6,151.7,373,79729,0,14.45%,19.93%,-0.225785,2026-09-10
$SPX,7591.7,2027-03-19,190,Put,"6,800.00",-10.43%,122.4,124,124.4,37,13651,0,14.45%,21.33%,-0.182559,2026-09-10
$SPX,7591.7,2027-03-19,190,Put,"6,400.00",-15.70%,83.4,83.7,85,15,8895,0,14.45%,24.14%,-0.120649,2026-09-10
$SPX,7591.7,2027-03-19,190,Put,"5,400.00",-28.87%,35,35,36.1,10,3579,0,14.45%,31.67%,-0.045693,2026-09-10
$SPX,7591.7,2027-05-21,253,Put,"7,200.00",-5.16%,226.6,225.03,229.4,10,3917,0,14.45%,18.70%,-0.292107,2026-09-10
$SPX,7591.7,2027-06-17,280,Put,"7,775.00",+2.41%,404,408.33,407.7,10,2387,0,14.45%,15.11%,-0.507593,2026-09-10
$SPX,7591.7,2027-06-17,280,Put,"7,200.00",-5.16%,243.2,244.7,245.2,25,6865,0,14.45%,18.74%,-0.294894,2026-09-10
$SPX,7591.7,2027-06-17,280,Put,"6,700.00",-11.75%,157.5,157.2,160.1,15,7926,0,14.45%,21.60%,-0.187594,2026-09-10
$SPX,7591.7,2027-06-17,280,Put,"6,200.00",-18.33%,103.6,104.16,105.7,20,9850,0,14.45%,24.48%,-0.12016,2026-09-10
$SPX,7591.7,2027-06-17,280,Put,"5,600.00",-26.24%,64.3,65,66,12,3531,0,14.45%,28.19%,-0.071254,2026-09-10
$SPX,7591.7,2026-10-01,21,Put,"4,200.00",-44.68%,0.05,0.17,0.35,100,0,0,14.45%,77.55%,-0.00051,2026-09-10
$SPX,7591.7,2026-09-17,7,Put,"7,365.00",-2.99%,14.3,14.1,14.7,38,0,0,14.45%,20.35%,-0.133026,2026-09-10
$SPX,7591.7,2026-09-17,7,Put,"7,355.00",-3.12%,13.5,14.3,13.9,41,0,0,14.45%,20.60%,-0.125736,2026-09-10
$SPX,7591.7,2026-09-17,7,Put,"7,345.00",-3.25%,12.7,13.3,13.1,79,0,0,14.45%,20.83%,-0.118623,2026-09-10
$SPX,7591.7,2026-09-17,7,Put,"7,335.00",-3.38%,12,12.7,12.4,204,0,0,14.45%,21.08%,-0.112191,2026-09-10
$SPX,7591.7,2026-09-17,7,Put,"7,220.00",-4.90%,6.5,6.7,6.8,121,0,0,14.45%,23.93%,-0.060504,2026-09-10
$SPX,7591.7,2026-09-17,7,Put,"7,210.00",-5.03%,6.2,6.9,6.5,44,0,0,14.45%,24.20%,-0.057608,2026-09-10
$SPX,7591.7,2026-09-17,7,Put,"7,190.00",-5.29%,5.6,5.9,5.9,181,0,0,14.45%,24.69%,-0.051993,2026-09-10
$SPX,7591.7,2026-09-17,7,Put,"7,180.00",-5.42%,5.4,5.81,5.7,179,0,0,14.45%,25.01%,-0.049881,2026-09-10
$SPX,7591.7,2026-09-16,6,Put,"7,355.00",-3.12%,9.9,10.29,10.2,40,0,0,14.45%,20.28%,-0.105274,2026-09-10
$SPX,7591.7,2026-09-16,6,Put,"7,345.00",-3.25%,9.2,9.65,9.6,18,0,0,14.45%,20.52%,-0.09862,2026-09-10
$SPX,7591.7,2026-09-16,6,Put,"7,335.00",-3.38%,8.6,9.2,8.9,14,0,0,14.45%,20.73%,-0.092111,2026-09-10
$SPX,7591.7,2026-09-16,6,Put,"7,315.00",-3.64%,7.6,8.1,7.9,100,0,0,14.45%,21.27%,-0.081439,2026-09-10
$SPX,7591.7,2026-09-16,6,Put,"7,305.00",-3.78%,7.1,7.8,7.4,16,0,0,14.45%,21.50%,-0.076289,2026-09-10
$SPX,7591.7,2026-09-16,6,Put,"7,295.00",-3.91%,6.7,7.2,7,21,0,0,14.45%,21.77%,-0.071918,2026-09-10
$SPX,7591.7,2026-09-16,6,Put,"7,245.00",-4.57%,5,5.5,5.3,26,0,0,14.45%,23.11%,-0.053574,2026-09-10
$SPX,7591.7,2026-09-16,6,Put,"7,190.00",-5.29%,3.8,3.9,4.1,11,0,0,14.45%,24.72%,-0.040168,2026-09-10
$SPX,7591.7,2026-09-16,6,Put,"7,185.00",-5.36%,3.7,3.9,4,152,0,0,14.45%,24.85%,-0.039096,2026-09-10
$SPX,7591.7,2026-09-16,6,Put,"7,170.00",-5.55%,3.4,3.8,3.7,26,0,0,14.45%,25.23%,-0.035945,2026-09-10
$SPX,7591.7,2026-09-16,6,Put,"7,120.00",-6.21%,2.8,2.85,3.1,23,0,0,14.45%,26.85%,-0.02893,2026-09-10
$SPX,7591.7,2026-09-16,6,Put,"7,070.00",-6.87%,2.35,2.45,2.55,63,0,0,14.45%,28.40%,-0.023362,2026-09-10
$SPX,7591.7,2026-09-16,6,Put,"7,060.00",-7.00%,2.25,2.65,2.45,17,0,0,14.45%,28.68%,-0.022318,2026-09-10
$SPX,7591.7,2026-09-16,6,Put,"7,040.00",-7.27%,2.1,2.55,2.3,26,0,0,14.45%,29.32%,-0.020639,2026-09-10
$SPX,7591.7,2026-09-16,6,Put,"7,030.00",-7.40%,2.05,2.15,2.25,12,0,0,14.45%,29.68%,-0.020001,2026-09-10
$SPX,7591.7,2026-10-16,36,Put,"7,475.00",-1.54%,87.3,89.11,89.2,10,3155,0,14.45%,15.71%,-0.34567,2026-09-10
$SPX,7591.7,2026-10-16,36,Put,"7,800.00",+2.74%,225,231.4,227.4,39,10110,0,14.45%,10.94%,-0.791802,2026-09-10
$SPX,7591.7,2026-10-16,36,Put,"6,550.00",-13.72%,11.8,12.4,12.8,29,6089,0,14.45%,28.69%,-0.042671,2026-09-10
$SPX,7591.7,2026-10-16,36,Put,"6,100.00",-19.65%,6.5,6.8,7.1,10,5589,0,14.45%,35.71%,-0.020823,2026-09-10
$SPX,7591.7,2026-10-16,36,Put,"5,800.00",-23.60%,4.5,4.6,5,17,6523,0,14.45%,40.41%,-0.013496,2026-09-10
$SPX,7591.7,2026-10-23,43,Put,"7,710.00",+1.56%,183.1,179.26,184.7,19,0,0,14.45%,12.68%,-0.614114,2026-09-10
$SPX,7591.7,2026-10-23,43,Put,"6,400.00",-15.70%,12.5,12.93,13.3,36,60705,0,14.45%,29.88%,-0.039591,2026-09-10
$SPX,7591.7,2026-09-18,8,Put,"7,545.00",-0.62%,45.2,48.58,46.3,19,10121,0,14.45%,15.36%,-0.377824,2026-09-10
$SPX,7591.7,2026-09-18,8,Put,"7,540.00",-0.68%,43.9,47,44.9,24,5889,0,14.45%,15.49%,-0.367703,2026-09-10
$SPX,7591.7,2026-09-18,8,Put,"7,515.00",-1.01%,37.6,42.47,38.6,10,4375,0,14.45%,16.10%,-0.320511,2026-09-10
$SPX,7591.7,2026-09-18,8,Put,"7,685.00",+1.23%,106.8,111.61,108,10,8495,0,14.45%,11.37%,-0.761131,2026-09-10
$SPX,7591.7,2026-09-18,8,Put,"7,690.00",+1.29%,110,112.91,111.2,17,7961,0,14.45%,11.17%,-0.777848,2026-09-10
$SPX,7591.7,2026-09-18,8,Put,"7,490.00",-1.34%,32.3,34.75,33.3,29,6165,0,14.45%,16.71%,-0.279218,2026-09-10
$SPX,7591.7,2026-09-18,8,Put,"7,695.00",+1.36%,113.3,126.74,114.5,16,8597,0,14.45%,10.97%,-0.794238,2026-09-10
$SPX,7591.7,2026-09-18,8,Put,"7,480.00",-1.47%,30.4,30.38,31.3,11,4065,0,14.45%,16.94%,-0.263952,2026-09-10
$SPX,7591.7,2026-09-18,8,Put,"7,710.00",+1.56%,123.6,128.33,124.8,14,5317,0,14.45%,10.24%,-0.849698,2026-09-10
$SPX,7591.7,2026-09-18,8,Put,"7,720.00",+1.69%,130.9,137.44,132.1,21,12879,0,14.45%,9.62%,-0.891699,2026-09-10
$SPX,7591.7,2026-09-18,8,Put,"7,725.00",+1.76%,134.6,143.53,135.8,11,9774,0,14.45%,9.17%,-0.917201,2026-09-10
$SPX,7591.7,2026-09-18,8,Put,"7,730.00",+1.82%,138.4,143.8,139.6,10,5407,0,14.45%,8.53%,-0.950014,2026-09-10
$SPX,7591.7,2026-09-18,8,Put,"7,410.00",-2.39%,20,22.37,20.9,34,7594,0,14.45%,18.58%,-0.17874,2026-09-10
$SPX,7591.7,2026-09-18,8,Put,"6,975.00",-8.12%,3.1,3.37,3.5,11,4918,0,14.45%,29.92%,-0.025498,2026-09-10
$SPX,7591.7,2026-09-18,8,Put,"6,925.00",-8.78%,2.8,2.95,3.1,12,2940,0,14.45%,31.46%,-0.022076,2026-09-10
$SPX,7591.7,2026-09-18,8,Put,"6,775.00",-10.76%,2,2.14,2.25,11,2954,0,14.45%,35.93%,-0.014618,2026-09-10
$SPX,7591.7,2026-09-18,8,Put,"6,575.00",-13.39%,1.4,1.4,1.6,12,2835,0,14.45%,42.00%,-0.009262,2026-09-10
$SPX,7591.7,2026-09-18,8,Put,"6,250.00",-17.67%,0.8,0.75,1,10,8240,0,14.45%,51.67%,-0.004804,2026-09-10
$SPX,7591.7,2026-09-18,8,Put,"5,750.00",-24.26%,0.25,0.37,0.45,17,3645,0,14.45%,64.98%,-0.001623,2026-09-10
$SPX,7591.7,2026-09-18,8,Put,"5,700.00",-24.92%,0.25,0.25,0.45,29,14198,0,14.45%,66.85%,-0.00158,2026-09-10
$SPX,7591.7,2026-09-18,8,Put,"5,500.00",-27.55%,0.15,0.15,0.35,31,13030,0,14.45%,72.33%,-0.001072,2026-09-10
$SPX,7591.7,2026-09-18,8,Put,"5,250.00",-30.85%,0.05,0.15,0.3,13,3972,0,14.45%,79.59%,-0.000702,2026-09-10
$SPX,7591.7,2026-09-18,8,Put,"5,100.00",-32.82%,0.05,0.1,0.25,36,9339,0,14.45%,84.38%,-0.000574,2026-09-10
$SPX,7591.7,2026-09-18,8,Put,"5,000.00",-34.14%,0.05,0.1,0.15,143,53871,0,14.45%,85.63%,-0.000387,2026-09-10
$SPX,7591.7,2026-10-05,25,Put,"7,530.00",-0.81%,81.6,75.94,82.9,15,0,0,14.45%,14.85%,-0.390281,2026-09-10
$SPX,7591.7,2026-10-05,25,Put,"6,400.00",-15.70%,5.2,5.4,5.6,31,46667,0,14.45%,33.35%,-0.021359,2026-09-10
$SPX,7591.7,2026-09-23,13,Put,"7,240.00",-4.63%,14.9,16,15.6,10,0,0,14.45%,20.87%,-0.104966,2026-09-10
$SPX,7591.7,2026-09-23,13,Put,"7,190.00",-5.29%,12.3,10.49,12.7,62,0,0,14.45%,21.84%,-0.085602,2026-09-10
$SPX,7591.7,2026-09-23,13,Put,"6,000.00",-20.97%,1,1.05,1.2,10,2424,0,14.45%,49.27%,-0.004807,2026-09-10
$SPX,7591.7,2026-09-23,13,Put,"4,600.00",-39.41%,0,0.1,0.25,50,0,0,14.45%,81.14%,-0.000397,2026-09-10
$SPX,7591.7,2026-09-29,19,Put,"7,595.00",+0.04%,90.2,91.94,91.4,26,0,0,14.45%,13.78%,-0.48216,2026-09-10
$SPX,7591.7,2026-09-24,14,Put,"7,555.00",-0.48%,66.8,68.82,67.8,11,0,0,14.45%,14.94%,-0.413858,2026-09-10
$SPX,7591.7,2026-09-24,14,Put,"7,515.00",-1.01%,55.5,58.8,56.5,15,0,0,14.45%,15.72%,-0.351145,2026-09-10
$SPX,7591.7,2026-09-24,14,Put,"7,505.00",-1.14%,53,55.15,54,10,0,0,14.45%,15.91%,-0.336898,2026-09-10
$SPX,7591.7,2026-09-24,14,Put,"7,495.00",-1.27%,50.6,50.95,51.6,16,0,0,14.45%,16.10%,-0.323149,2026-09-10
$SPX,7591.7,2026-09-24,14,Put,"7,485.00",-1.41%,48.6,48.37,49.2,226,0,0,14.45%,16.30%,-0.309958,2026-09-10
$SPX,7591.7,2026-09-24,14,Put,"7,320.00",-3.58%,23.5,24.03,23.9,27,0,0,14.45%,19.34%,-0.155304,2026-09-10
$SPX,7591.7,2026-09-24,14,Put,"7,280.00",-4.11%,19.7,20.5,20.5,14,0,0,14.45%,20.08%,-0.131829,2026-09-10
$SPX,7591.7,2026-10-16,36,Put,"6,300.00",-17.01%,8.7,8.1,9.1,38,23172,0,14.45%,32.68%,-0.028624,2026-09-10
$SPX,7591.7,2026-10-16,36,Put,"6,250.00",-17.67%,8.2,7.32,8.6,40,32071,0,14.45%,33.50%,-0.026601,2026-09-10
$SPX,7591.7,2026-10-16,36,Put,"6,200.00",-18.33%,7.6,7.5,8.1,42,23134,0,14.45%,34.26%,-0.024556,2026-09-10
$SPX,7591.7,2026-10-16,36,Put,"6,000.00",-20.97%,5.9,6.21,6.3,10,7885,0,14.45%,37.35%,-0.018145,2026-09-10
"Downloaded from Barchart.com as of 09-10-2026 10:51pm CDT"
