Symbol,Price~,"Exp Date",DTE,Type,Strike,Moneyness,Bid,Latest,Ask,Volume,"Open Int",Vol/OI,Delta,Time
TSLA,352.84,2026-09-30,1,Call,352.5,0.00%,3.2,3.2,3.25,38847,295,131.68,0.524103,2026-09-29
TSLA,352.84,2026-09-30,1,Call,355,-0.01%,2.07,2.1,2.1,90170,758,118.96,0.394021,2026-09-29
ARM,293.67,2027-01-15,109,Put,360,+0.23%,85.75,86.01,88.3,15006,141,106.43,-0.62844,2026-09-29
AAPL,329.4,2026-09-30,1,Call,330,0.00%,1.58,1.61,1.65,26991,277,97.44,0.455014,2026-09-29
VFC,14.5,2026-10-16,17,Call,14.5,0.00%,0.58,0.59,0.62,13929,192,72.55,0.522543,2026-09-29
CRWV,85.93,2026-10-23,24,Put,76,-0.12%,2.04,2.05,2.13,10424,180,57.91,-0.216171,2026-09-29
OXY,54.94,2026-10-02,3,Call,56,-0.02%,0.31,0.31,0.38,9084,167,54.4,0.295709,2026-09-29
CRWV,85.93,2026-10-23,24,Put,77,-0.10%,2.3,2.35,2.4,10562,204,51.77,-0.237438,2026-09-29
SIRI,25.76,2026-11-20,53,Put,23,-0.11%,0.37,0.41,0.5,5640,109,51.74,-0.195594,2026-09-29
AGNC,9.45,2029-01-19,844,Call,8,+0.15%,1.21,1.4,1.68,5149,101,50.98,0.938747,2026-09-29
SG,8.74,2026-11-20,53,Call,8,+0.08%,1.5,1.63,1.7,7164,144,49.75,0.671425,2026-09-29
CRWV,85.93,2026-10-23,24,Put,79,-0.08%,2.9,3.05,3.05,10498,217,48.38,-0.283501,2026-09-29
META,738.79,2026-09-30,1,Call,737.5,0.00%,7.95,8.1,8.1,10429,220,47.4,0.534534,2026-09-29
BTDR,10.9,2027-03-19,171,Put,6,-0.45%,0.45,0.5,0.55,5004,106,47.21,-0.10501,2026-09-29
AAPL,329.4,2026-09-30,1,Call,337.5,-0.02%,0.09,0.1,0.11,51233,1193,42.94,0.049899,2026-09-29
META,738.79,2026-09-30,1,Call,732.5,+0.01%,10.85,10.95,11.15,9167,228,40.21,0.639158,2026-09-29
ONDS,7.48,2029-01-19,844,Call,5,+0.33%,4.45,4.55,4.6,7134,188,37.95,0.850688,2026-09-29
AAPL,329.4,2026-09-30,1,Call,335,-0.02%,0.26,0.28,0.29,74384,1968,37.8,0.120205,2026-09-29
CRWV,85.93,2026-10-23,24,Put,78,-0.09%,2.61,2.67,2.71,10935,294,37.19,-0.260348,2026-09-29
TSLA,352.84,2026-09-30,1,Call,347.5,+0.02%,6.4,6.45,6.55,3904,112,34.86,0.761431,2026-09-29
AAPL,329.4,2026-09-30,1,Call,327.5,+0.01%,3,2.95,3.15,5865,178,32.95,0.65574,2026-09-29
AVGO,355.1,2026-09-30,1,Call,367.5,-0.03%,0.15,0.15,0.17,13261,405,32.74,0.051711,2026-09-29
TSLA,352.84,2026-09-30,1,Put,352.5,0.00%,2.7,2.71,2.74,80043,2473,32.37,-0.475562,2026-09-29
AMD,607.57,2026-09-30,1,Put,612.5,+0.01%,8.9,9.3,9.55,4528,143,31.66,-0.61266,2026-09-29
VALE,13.3,2026-11-20,53,Put,12,-0.10%,0.24,0.25,0.26,3058,104,29.4,-0.212301,2026-09-29
OWL,9.28,2029-01-19,844,Put,8,-0.14%,1.8,1.9,2,6082,208,29.24,-0.277533,2026-09-29
TSLA,352.84,2026-09-30,1,Call,357.5,-0.01%,1.29,1.3,1.32,42649,1466,29.09,0.278311,2026-09-29
NVDA,227.21,2026-09-30,1,Put,227.5,0.00%,1.64,1.63,1.66,94669,3324,28.48,-0.525404,2026-09-29
INTC,115.93,2026-10-09,10,Call,122,-0.05%,2.59,2.59,2.65,8598,305,28.19,0.338267,2026-09-29
AAPL,329.4,2026-10-02,3,Call,332.5,-0.01%,1.98,2.01,2.05,13139,469,28.01,0.363021,2026-09-29
NVDA,227.21,2026-10-05,6,Call,217.5,+0.04%,10.5,11.25,10.6,4111,150,27.41,0.856953,2026-09-29
AMD,607.57,2026-09-30,1,Call,617.5,-0.02%,2.73,2.73,2.94,7631,282,27.06,0.28103,2026-09-29
META,738.79,2026-09-30,1,Call,727.5,+0.02%,14.2,14.1,14.45,8990,349,25.76,0.737425,2026-09-29
CCL,25.11,2026-10-09,10,Call,26,-0.04%,0.43,0.44,0.47,7281,290,25.11,0.348067,2026-09-29
AMD,607.57,2026-09-30,1,Call,615,-0.01%,3.4,3.5,3.6,10319,414,24.93,0.331273,2026-09-29
META,738.79,2026-09-30,1,Call,730,+0.01%,12.45,12.5,12.7,25727,1050,24.5,0.690227,2026-09-29
TSLA,352.84,2026-09-30,1,Put,350,-0.01%,1.68,1.68,1.71,88597,3630,24.41,-0.342983,2026-09-29
BIRK,33.04,2026-10-16,17,Call,35,-0.06%,0.75,0.8,0.8,9329,383,24.36,0.332195,2026-09-29
AAPL,329.4,2026-09-30,1,Call,332.5,-0.01%,0.71,0.73,0.74,62123,2587,24.01,0.25897,2026-09-29
KGC,24.32,2027-02-19,144,Put,21,-0.14%,1.17,1.28,1.36,2664,111,24,-0.248814,2026-09-29
YELP,18.28,2026-10-16,17,Call,20,-0.09%,0.3,0.32,0.35,6699,283,23.67,0.255844,2026-09-29
META,738.79,2026-09-30,1,Call,747.5,-0.01%,3.9,3.9,4,9920,426,23.29,0.327275,2026-09-29
AAPL,329.4,2026-09-30,1,Put,322.5,-0.02%,0.17,0.18,0.18,9870,429,23.01,-0.077791,2026-09-29
META,738.79,2026-09-30,1,Call,725,+0.02%,16.2,16,16.4,17901,781,22.92,0.776611,2026-09-29
AMD,607.57,2026-09-30,1,Put,610,0.00%,7.4,7.78,7.95,7905,345,22.91,-0.553547,2026-09-29
JD,26.3,2026-10-09,10,Put,25.5,-0.03%,0.1,0.17,0.28,3165,139,22.77,-0.258463,2026-09-29
INTC,115.93,2026-09-30,1,Call,117,-0.01%,1.08,1.1,1.11,31236,1386,22.54,0.400292,2026-09-29
AAPL,329.4,2026-09-30,1,Put,325,-0.01%,0.38,0.41,0.41,26227,1165,22.51,-0.162678,2026-09-29
MSFT,508.96,2026-09-30,1,Call,510,0.00%,2.87,2.9,3,30254,1344,22.51,0.456945,2026-09-29
KTOS,43.05,2026-11-20,53,Call,52.5,-0.22%,1.35,1.42,1.65,4636,207,22.4,0.259812,2026-09-29
CRWV,85.93,2026-10-23,24,Put,73,-0.15%,1.34,1.35,1.45,5060,226,22.39,-0.157471,2026-09-29
NVDA,227.21,2026-09-30,1,Call,232.5,-0.02%,0.18,0.18,0.19,216948,9737,22.28,0.098461,2026-09-29
TSLA,352.84,2026-09-30,1,Call,350,+0.01%,4.6,4.55,4.75,12205,548,22.27,0.652027,2026-09-29
AAPL,329.4,2026-10-09,10,Call,332.5,-0.01%,3.85,3.9,4.05,4401,201,21.9,0.423712,2026-09-29
RKT,11.69,2026-12-18,81,Put,9,-0.23%,0.25,0.3,0.32,4460,204,21.86,-0.142634,2026-09-29
BE,291.25,2026-10-02,3,Put,292.5,0.00%,10.15,10.3,10.35,2358,108,21.83,-0.502817,2026-09-29
META,738.79,2026-09-30,1,Put,722.5,-0.02%,1.72,1.78,1.77,7208,346,20.83,-0.17683,2026-09-29
META,738.79,2026-09-30,1,Put,727.5,-0.02%,2.76,2.87,2.88,4263,205,20.8,-0.257784,2026-09-29
CORZ,16.31,2026-10-23,24,Call,20,-0.23%,0.05,0.31,0.38,3074,148,20.77,0.152134,2026-09-29
NVDA,227.21,2026-09-30,1,Put,230,+0.01%,3.2,3.25,3.3,105643,5112,20.67,-0.772939,2026-09-29
AAPL,329.4,2026-09-30,1,Put,330,0.00%,1.94,1.99,2.01,58413,2875,20.32,-0.55199,2026-09-29
TSLA,352.84,2026-10-02,3,Call,352.5,0.00%,6.2,6.25,6.35,9326,462,20.19,0.520482,2026-09-29
META,738.79,2026-10-05,6,Call,725,+0.02%,22.55,22.5,22.7,2902,144,20.15,0.662091,2026-09-29
TSLA,352.84,2026-09-30,1,Put,342.5,-0.03%,0.33,0.35,0.34,14162,725,19.53,-0.090236,2026-09-29
OSS,8.65,2026-10-16,17,Call,10,-0.16%,0.05,0.15,0.2,6741,348,19.37,0.18846,2026-09-29
TSLA,352.84,2026-09-30,1,Call,360,-0.02%,0.78,0.79,0.8,74409,3845,19.35,0.186456,2026-09-29
JBLU,4.28,2027-03-19,171,Call,6,-0.40%,0.27,0.3,0.33,10130,524,19.33,0.307836,2026-09-29
CORT,114.74,2027-01-15,109,Call,140,-0.22%,6.8,8,9.7,4220,222,19.01,0.360826,2026-09-29
TSLA,352.84,2026-09-30,1,Put,345,-0.02%,0.57,0.58,0.59,30274,1597,18.96,-0.146094,2026-09-29
PSKY,9.99,2026-10-16,17,Put,9.5,-0.05%,0,0.31,0.31,2236,118,18.95,-0.269596,2026-09-29
META,738.79,2026-09-30,1,Put,732.5,-0.01%,4.3,4.4,4.45,4831,258,18.72,-0.356127,2026-09-29
SPCX,149.24,2026-10-16,17,Call,162.5,-0.09%,1.69,1.69,1.72,12340,676,18.25,0.21332,2026-09-29
CIM,10.2,2027-03-19,171,Call,11,-0.08%,0.2,0.29,0.35,2560,141,18.16,0.275993,2026-09-29
TSLA,352.84,2026-10-05,6,Call,355,-0.01%,5.9,6,6.1,2572,143,17.99,0.465392,2026-09-29
BE,291.25,2026-10-02,3,Call,297.5,-0.02%,6.95,7.03,7.2,2424,135,17.96,0.41787,2026-09-29
MSFT,508.96,2026-09-30,1,Call,515,-0.01%,1.22,1.22,1.3,24338,1368,17.79,0.247538,2026-09-29
TSLA,352.84,2026-09-30,1,Put,347.5,-0.02%,0.99,1.01,1.01,41580,2346,17.72,-0.229569,2026-09-29
MSFT,508.96,2026-09-30,1,Call,512.5,-0.01%,1.91,1.95,2,18578,1052,17.66,0.34491,2026-09-29
IOVA,14.45,2026-12-18,81,Call,15,-0.04%,2.6,2.7,2.85,10492,599,17.52,0.578019,2026-09-29
AAPL,329.4,2026-10-16,17,Call,332.5,-0.01%,5.35,5.6,5.6,1711,100,17.11,0.449368,2026-09-29
META,738.79,2026-09-30,1,Call,722.5,+0.02%,18.15,18,18.65,11016,644,17.11,0.8094,2026-09-29
META,738.79,2026-09-30,1,Put,735,-0.01%,5.25,5.3,5.4,4837,283,17.09,-0.409472,2026-09-29
GOOGL,340.92,2026-09-30,1,Call,337.5,+0.01%,4.2,4.55,4.65,2714,161,16.86,0.728525,2026-09-29
NVDA,227.21,2026-10-05,6,Call,215,+0.05%,12.15,13.05,13.7,4870,299,16.29,0.887399,2026-09-29
BMNR,26.73,2026-10-16,17,Call,26.5,+0.01%,1.67,1.87,2.04,1828,113,16.18,0.557635,2026-09-29
BE,291.25,2026-10-02,3,Put,295,+0.01%,11.6,11.75,11.8,3545,221,16.04,-0.543216,2026-09-29
PDD,77.5,2026-10-16,17,Put,74,-0.05%,0.59,0.66,0.7,2034,127,16.02,-0.219092,2026-09-29
KKR,93.18,2027-03-19,171,Call,125,-0.34%,1.7,1.85,2.4,2010,126,15.95,0.175023,2026-09-29
META,738.79,2026-09-30,1,Call,740,0.00%,6.75,6.6,6.85,21655,1364,15.88,0.480373,2026-09-29
META,738.79,2026-09-30,1,Call,720,+0.03%,20.15,20.45,20.55,12931,815,15.87,0.848806,2026-09-29
META,738.79,2026-12-18,81,Put,720,-0.03%,43.5,43.6,44.2,11210,714,15.7,-0.395815,2026-09-29
HPE,61.49,2027-06-17,261,Call,90,-0.46%,6.55,6.6,6.9,2053,131,15.67,0.367867,2026-09-29
PCAR,111.8,2026-11-20,53,Put,120,+0.07%,8.7,10.4,11.4,1775,114,15.57,-0.709669,2026-09-29
CCL,25.11,2026-10-02,3,Call,25.5,-0.02%,0.35,0.35,0.41,9999,653,15.31,0.400375,2026-09-29
CCL,25.11,2026-10-02,3,Put,24,-0.04%,0.11,0.13,0.15,6954,456,15.25,-0.181386,2026-09-29
CRWV,85.93,2027-09-17,353,Put,45,-0.48%,4.55,4.58,5,2000,134,14.93,-0.103194,2026-09-29
AMD,607.57,2026-09-30,1,Put,590,-0.03%,1.03,1.08,1.11,12607,850,14.83,-0.130764,2026-09-29
AMD,607.57,2026-09-30,1,Call,622.5,-0.02%,1.67,1.7,1.8,6871,468,14.68,0.191836,2026-09-29
NVDA,227.21,2026-09-30,1,Put,235,+0.03%,7.75,7.95,7.8,5708,389,14.67,-0.925651,2026-09-29
GOOGL,340.92,2026-09-30,1,Call,345,-0.01%,0.8,0.82,0.84,15811,1095,14.44,0.243864,2026-09-29
AAPL,329.4,2026-10-07,8,Call,332.5,-0.01%,3.05,3.2,3.55,2634,186,14.16,0.409006,2026-09-29
GOOGL,340.92,2026-09-30,1,Call,340,0.00%,2.68,2.71,2.84,10218,725,14.09,0.570379,2026-09-29
AAPL,329.4,2026-10-02,3,Call,305,+0.07%,23.2,24.57,25.55,1767,126,14.02,0.981902,2026-09-29
META,738.79,2026-09-30,1,Put,702.5,-0.05%,0.17,0.21,0.21,2889,208,13.89,-0.025741,2026-09-29
AMZN,246.67,2026-09-30,1,Put,245,-0.01%,0.79,0.81,0.82,36434,2639,13.81,-0.323774,2026-09-29
WFC,80.48,2026-10-16,17,Call,86,-0.07%,0.56,0.63,0.75,2163,157,13.78,0.20089,2026-09-29
MSFT,508.96,2026-09-30,1,Put,507.5,0.00%,2.52,2.8,2.82,9035,660,13.69,-0.426323,2026-09-29
META,738.79,2026-09-30,1,Call,765,-0.04%,1.05,1.08,1.11,8998,659,13.65,0.109557,2026-09-29
OSS,8.65,2026-11-20,53,Call,10,-0.16%,0.5,0.55,0.8,15549,1142,13.62,0.392763,2026-09-29
NVDA,227.21,2026-09-30,1,Call,230,-0.01%,0.56,0.55,0.58,174868,12848,13.61,0.245539,2026-09-29
MSTR,154.67,2026-10-23,24,Call,162.5,-0.05%,7.1,7.35,7.5,5680,420,13.52,0.422747,2026-09-29
MSFT,508.96,2026-09-30,1,Call,507.5,0.00%,4,3.97,4.5,11847,876,13.52,0.572457,2026-09-29
MSFT,508.96,2026-09-30,1,Put,502.5,-0.01%,1.07,1.19,1.21,8946,662,13.51,-0.224339,2026-09-29
MU,1065.08,2026-10-02,3,Call,1225,-0.15%,4.75,4.9,4.95,3080,230,13.39,0.097385,2026-09-29
MSFT,508.96,2026-09-30,1,Call,520,-0.02%,0.46,0.48,0.5,28711,2154,13.33,0.112156,2026-09-29
SMMT,16.39,2027-01-15,109,Put,16,-0.02%,3.5,4.08,4.5,2502,188,13.31,-0.34939,2026-09-29
NU,12.35,2026-10-16,17,Call,12.5,-0.01%,0.46,0.47,0.49,2746,211,13.01,0.483828,2026-09-29
AVGO,355.1,2026-09-30,1,Put,355,0.00%,2.59,2.66,2.7,5473,428,12.79,-0.488825,2026-09-29
ONDS,7.48,2029-01-19,844,Call,7,+0.06%,3.9,3.95,4,7095,555,12.78,0.783662,2026-09-29
VKTX,31.81,2028-01-21,480,Call,55,-0.73%,7.3,8.1,9.35,1686,132,12.77,0.524123,2026-09-29
WULF,15.09,2026-10-16,17,Put,14.5,-0.04%,0.67,0.71,0.7,4126,324,12.73,-0.38627,2026-09-29
WDC,453.48,2026-12-18,81,Call,620,-0.37%,19,19,20.2,1434,113,12.69,0.244706,2026-09-29
TTEK,33.7,2027-03-19,171,Put,25,-0.26%,0,0.62,0.7,4791,378,12.67,-0.08284,2026-09-29
META,738.79,2026-09-30,1,Put,697.5,-0.06%,0.08,0.1,0.12,3547,283,12.53,-0.014348,2026-09-29
META,738.79,2026-09-30,1,Call,742.5,-0.01%,5.65,5.65,5.75,4495,361,12.45,0.426915,2026-09-29
AMD,607.57,2026-09-30,1,Call,627.5,-0.03%,0.99,1.01,1.05,2538,204,12.44,0.124293,2026-09-29
META,738.79,2026-09-30,1,Put,707.5,-0.04%,0.31,0.37,0.37,3716,300,12.39,-0.043607,2026-09-29
MSFT,508.96,2026-09-30,1,Call,505,+0.01%,5.55,5.7,6.1,12954,1046,12.38,0.68086,2026-09-29
IOT,37.97,2026-10-02,3,Call,40.5,-0.07%,0.05,0.15,0.2,1480,120,12.33,0.124692,2026-09-29
META,738.79,2026-09-30,1,Call,760,-0.03%,1.52,1.53,1.58,16108,1307,12.32,0.151366,2026-09-29
META,738.79,2026-09-30,1,Put,725,-0.02%,2.2,2.28,2.26,11044,905,12.2,-0.214929,2026-09-29
TSLA,352.84,2026-09-30,1,Put,355,+0.01%,4.05,4.09,4.2,53050,4384,12.1,-0.609847,2026-09-29
QURE,24.51,2026-10-16,17,Put,20,-0.18%,0.35,0.36,0.5,3822,318,12.02,-0.143375,2026-09-29
AMZN,246.67,2026-10-02,3,Call,235,+0.05%,10.75,12.46,12.3,4003,335,11.95,0.870884,2026-09-29
AS,27.24,2026-11-20,53,Call,35,-0.28%,0.25,0.28,0.45,1473,125,11.78,0.135788,2026-09-29
META,738.79,2026-09-30,1,Call,735,+0.01%,9.35,9.45,9.45,18253,1558,11.72,0.58836,2026-09-29
PENN,14.61,2026-10-16,17,Put,15,+0.03%,0.2,0.85,0.9,2299,201,11.44,-0.662824,2026-09-29
AMZN,246.67,2026-09-30,1,Call,250,-0.01%,0.49,0.49,0.52,41812,3659,11.43,0.215938,2026-09-29
ASML,1834.39,2026-10-02,3,Call,1900,-0.04%,10.7,12,12.2,2203,197,11.18,0.234316,2026-09-29
GLAS,6.79,2027-02-19,144,Call,7.5,-0.10%,1.15,1.2,1.55,1515,136,11.14,0.559663,2026-09-29
AMD,607.57,2026-09-30,1,Call,620,-0.02%,2.15,2.17,2.25,19654,1767,11.12,0.232421,2026-09-29
ANET,202.86,2026-10-02,3,Call,207.5,-0.02%,1.64,1.9,2.04,3193,288,11.09,0.318179,2026-09-29
META,738.79,2026-09-30,1,Put,710,-0.04%,0.43,0.44,0.46,10387,949,10.95,-0.05562,2026-09-29
AMD,607.57,2026-09-30,1,Call,625,-0.03%,1.29,1.34,1.4,8986,824,10.91,0.155898,2026-09-29
AVGO,355.1,2026-09-30,1,Put,350,-0.01%,0.89,0.91,0.94,9576,882,10.86,-0.225664,2026-09-29
AMD,607.57,2026-09-30,1,Call,630,-0.04%,0.76,0.75,0.87,8976,838,10.71,0.101632,2026-09-29
AMD,607.57,2026-09-30,1,Call,610,0.00%,5.15,5.4,5.5,5569,522,10.67,0.446979,2026-09-29
MU,1065.08,2026-10-02,3,Call,1072.5,-0.01%,36.95,37.25,37.75,2249,211,10.66,0.491469,2026-09-29
AS,27.24,2026-11-20,53,Call,30,-0.10%,1.1,1.2,1.2,3249,305,10.65,0.355724,2026-09-29
AAPL,329.4,2026-10-05,6,Call,337.5,-0.02%,1,1.08,1.19,1863,176,10.59,0.208179,2026-09-29
WOLF,28.13,2027-01-15,109,Call,50,-0.78%,1.55,1.62,1.67,7384,698,10.58,0.228417,2026-09-29
WULF,15.09,2026-10-09,10,Put,15.5,+0.03%,0.95,0.98,0.99,5019,476,10.54,-0.584429,2026-09-29
LRCX,323.86,2026-10-02,3,Call,340,-0.05%,2.85,2.9,3,4258,405,10.51,0.24085,2026-09-29
AGNC,9.45,2026-11-06,39,Call,9.5,-0.01%,0.2,0.23,0.24,1521,145,10.49,0.474314,2026-09-29
AMD,607.57,2026-09-30,1,Call,612.5,-0.01%,4.2,4.3,4.45,5800,554,10.47,0.387143,2026-09-29
MSFT,508.96,2026-09-30,1,Put,512.5,+0.01%,5,5.75,5.85,2301,220,10.46,-0.657084,2026-09-29
MSFT,508.96,2026-09-30,1,Call,517.5,-0.02%,0.75,0.75,0.81,9613,920,10.45,0.168995,2026-09-29
AMD,607.57,2026-09-30,1,Put,615,+0.01%,10.6,11,11.25,5126,498,10.29,-0.667628,2026-09-29
CCL,25.11,2026-10-02,3,Call,26.5,-0.06%,0.11,0.1,0.15,1698,166,10.23,0.175797,2026-09-29
AMZN,246.67,2026-10-02,3,Call,230,+0.07%,16.5,17.12,17.55,2630,259,10.15,0.94221,2026-09-29
VIAV,41.82,2026-10-16,17,Call,42,0.00%,2.45,2.45,2.8,3528,348,10.14,0.525802,2026-09-29
IREN,41.38,2026-10-02,3,Call,41.5,0.00%,1.16,1.18,1.22,2005,198,10.13,0.50133,2026-09-29
MRNA,203.46,2026-10-02,3,Call,222.5,-0.09%,1.16,1.45,1.98,1152,114,10.11,0.169135,2026-09-29
META,738.79,2026-09-30,1,Put,717.5,-0.03%,1.01,1.02,1.05,7658,758,10.1,-0.11476,2026-09-29
AAPL,329.4,2026-09-30,1,Put,332.5,+0.01%,3.5,3.75,3.7,32308,3200,10.1,-0.774415,2026-09-29
CRWV,85.93,2026-10-23,24,Put,75,-0.13%,1.78,1.87,1.89,5388,537,10.03,-0.195615,2026-09-29
AMZN,246.67,2026-09-30,1,Call,247.5,0.00%,1.2,1.2,1.24,47506,4759,9.98,0.423227,2026-09-29
AMD,607.57,2026-09-30,1,Put,605,0.00%,4.9,5.05,5.3,4283,430,9.96,-0.429144,2026-09-29
NVDA,227.21,2026-09-30,1,Put,232.5,+0.02%,5.35,5.45,5.45,11043,1111,9.94,-0.924375,2026-09-29
SMCI,41.02,2026-10-23,24,Put,45,+0.10%,5.35,5.15,5.5,1195,121,9.88,-0.659866,2026-09-29
AMD,607.57,2026-09-30,1,Call,637.5,-0.05%,0.3,0.32,0.4,4853,492,9.86,0.04872,2026-09-29
EXPE,266.33,2026-10-16,17,Call,270,-0.01%,8.2,9,11,1514,155,9.77,0.47407,2026-09-29
HL,17.15,2026-10-30,31,Call,20,-0.17%,0.26,0.32,0.39,971,100,9.71,0.212248,2026-09-29
NVDA,227.21,2026-10-02,3,Put,242.5,+0.07%,14.85,15.23,15.85,4131,434,9.52,-0.971419,2026-09-29
RYN,18.58,2026-11-20,53,Call,20,-0.08%,0.25,0.32,0.4,4051,426,9.51,0.268303,2026-09-29
ORCL,137.79,2026-10-02,3,Call,132,+0.04%,6.6,6.9,6.85,2185,230,9.5,0.792173,2026-09-29
INSP,73.18,2026-10-16,17,Call,85,-0.16%,0.5,0.6,0.75,957,101,9.48,0.138315,2026-09-29
AAPL,329.4,2026-09-30,1,Put,327.5,-0.01%,0.9,0.95,0.94,42703,4523,9.44,-0.32451,2026-09-29
OXY,54.94,2026-10-02,3,Call,57,-0.04%,0.12,0.13,0.16,9585,1018,9.42,0.146437,2026-09-29
WMT,106.8,2026-10-16,17,Call,107,0.00%,2.06,2.1,2.18,2021,215,9.4,0.505953,2026-09-29
AMD,607.57,2026-09-30,1,Call,640,-0.05%,0.23,0.24,0.31,7583,810,9.36,0.038439,2026-09-29
ONDS,7.48,2029-01-19,844,Put,7,-0.06%,2.84,2.85,2.9,15131,1621,9.33,-0.231432,2026-09-29
NEE,75.89,2026-10-09,10,Call,78,-0.03%,0.44,0.51,0.56,1014,109,9.3,0.264299,2026-09-29
CRWV,85.93,2026-10-23,24,Put,74,-0.14%,1.56,1.61,1.66,10020,1090,9.19,-0.176269,2026-09-29
FLUT,74.45,2026-12-18,81,Put,75,+0.01%,7.5,7.3,8.1,2314,252,9.18,-0.44907,2026-09-29
NU,12.35,2026-11-20,53,Call,14,-0.13%,0.49,0.51,0.51,158193,17224,9.18,0.324592,2026-09-29
WTTR,19.34,2026-11-20,53,Call,22.5,-0.16%,0.35,0.57,0.65,6656,727,9.16,0.24877,2026-09-29
AMD,607.57,2026-09-30,1,Put,607.5,0.00%,6.05,6.38,6.55,4648,508,9.15,-0.491689,2026-09-29
BE,291.25,2026-10-02,3,Put,287.5,-0.01%,7.6,7.75,7.8,1615,177,9.12,-0.419987,2026-09-29
CDE,17.84,2026-10-23,24,Call,21,-0.18%,0.15,0.25,0.3,945,104,9.09,0.165664,2026-09-29
MU,1065.08,2026-10-02,3,Put,1065,0.00%,39.65,40.06,40.5,2282,251,9.09,-0.479699,2026-09-29
GEN,20.85,2026-10-16,17,Call,21,-0.01%,0.85,0.85,0.9,1660,183,9.07,0.499155,2026-09-29
AVGO,355.1,2026-09-30,1,Put,360,+0.01%,5.6,6,6,2606,290,8.99,-0.762711,2026-09-29
VRNS,47.11,2026-11-20,53,Call,50,-0.06%,1.1,1.92,2.8,1151,128,8.99,0.398538,2026-09-29
TSLA,352.84,2026-10-05,6,Call,420,-0.19%,0.11,0.12,0.13,6311,707,8.93,0.013015,2026-09-29
INTC,115.93,2026-09-30,1,Call,119,-0.03%,0.5,0.51,0.52,17345,1947,8.91,0.227021,2026-09-29
GOOGL,340.92,2026-09-30,1,Call,342.5,0.00%,1.52,1.53,1.63,10002,1123,8.91,0.39586,2026-09-29
RXRX,4.03,2026-10-23,24,Call,5,-0.24%,0.1,0.14,0.18,1007,113,8.91,0.249956,2026-09-29
MSFT,508.96,2026-09-30,1,Put,510,0.00%,3.75,4.05,4.1,7828,883,8.87,-0.543596,2026-09-29
META,738.79,2026-09-30,1,Call,750,-0.02%,3.2,3.2,3.3,43882,4957,8.85,0.282301,2026-09-29
TSLA,352.84,2026-09-30,1,Call,365,-0.03%,0.28,0.28,0.29,44551,5059,8.81,0.077033,2026-09-29
FLG,11.84,2027-07-16,290,Put,10,-0.16%,0.4,0.5,0.5,1407,160,8.79,-0.205666,2026-09-29
BXP,61.71,2026-10-16,17,Call,55,+0.11%,6.2,7.3,8,1070,122,8.77,0.875911,2026-09-29
ACN,177.12,2026-11-20,53,Put,140,-0.21%,0.5,1.35,2.05,1550,177,8.76,-0.081216,2026-09-29
MSFT,508.96,2026-09-30,1,Put,500,-0.02%,0.68,0.71,0.71,13004,1486,8.75,-0.150355,2026-09-29
META,738.79,2026-10-02,3,Call,722.5,+0.02%,22.4,22.86,22.55,2926,337,8.68,0.707757,2026-09-29
TSLA,352.84,2026-09-30,1,Put,340,-0.04%,0.19,0.19,0.2,11341,1310,8.66,-0.055045,2026-09-29
INTC,115.93,2026-10-02,3,Call,128,-0.10%,0.27,0.28,0.29,23941,2769,8.65,0.079844,2026-09-29
LIF,40.04,2026-10-16,17,Call,45,-0.12%,0.35,0.4,0.45,949,110,8.63,0.171592,2026-09-29
AAPL,329.4,2026-10-02,3,Call,327.5,+0.01%,4.35,4.45,4.55,4178,485,8.61,0.598668,2026-09-29
MTDR,50.69,2026-12-18,81,Call,60,-0.18%,1.15,1.3,1.9,1206,142,8.49,0.254952,2026-09-29
ZIM,28.75,2026-10-16,17,Call,29,-0.01%,0.63,0.63,1.05,2066,244,8.47,0.480836,2026-09-29
MELI,1724.9,2026-10-02,3,Call,1720,0.00%,19.1,28.6,31,965,114,8.46,0.545353,2026-09-29
WULF,15.09,2026-10-09,10,Put,14.5,-0.04%,0.45,0.47,0.48,4868,577,8.44,-0.359819,2026-09-29
AG,18.08,2026-10-02,3,Call,18,0.00%,0.43,0.48,0.48,1294,154,8.4,0.544307,2026-09-29
BE,291.25,2026-10-02,3,Put,282.5,-0.03%,5.55,5.6,5.65,976,117,8.34,-0.338302,2026-09-29
AVGO,355.1,2026-09-30,1,Put,352.5,-0.01%,1.58,1.65,1.65,2822,339,8.32,-0.346964,2026-09-29
META,738.79,2026-09-30,1,Call,775,-0.05%,0.55,0.55,0.57,8659,1059,8.18,0.058995,2026-09-29
SPCX,149.24,2026-10-09,10,Call,146,+0.02%,6.3,6.3,6.5,2926,361,8.11,0.632783,2026-09-29
INTC,115.93,2026-09-30,1,Call,118,-0.02%,0.74,0.77,0.77,20022,2471,8.1,0.306895,2026-09-29
U,39.72,2026-10-02,3,Put,37,-0.07%,0.03,0.2,0.51,1763,219,8.05,-0.163811,2026-09-29
MSFT,508.96,2026-09-30,1,Call,502.5,+0.01%,7.35,7.25,8.05,2962,370,8.01,0.771057,2026-09-29
RIVN,14.97,2026-10-30,31,Call,16,-0.07%,0.71,0.75,0.75,8491,1061,8,0.403762,2026-09-29
MU,1065.08,2026-10-02,3,Call,1067.5,0.00%,39.2,39.55,39.85,1704,214,7.96,0.510851,2026-09-29
SNDK,1729.76,2026-10-02,3,Call,1715,+0.01%,58.8,60.52,61,1556,199,7.82,0.56177,2026-09-29
BMA,66.05,2027-04-16,199,Put,95,+0.44%,28,29.5,32,1592,204,7.8,-0.835554,2026-09-29
MTLS,8.75,2026-11-20,53,Call,10,-0.14%,0.25,0.25,0.3,1020,131,7.79,0.286551,2026-09-29
GEN,20.85,2026-10-16,17,Call,22,-0.06%,0.45,0.55,0.6,1876,241,7.78,0.344816,2026-09-29
META,738.79,2026-09-30,1,Put,712.5,-0.04%,0.57,0.59,0.62,4213,544,7.74,-0.071675,2026-09-29
TSLA,352.84,2026-10-05,6,Put,352.5,0.00%,6.35,6.38,6.75,1048,136,7.71,-0.47823,2026-09-29
GLXY,23.07,2026-10-16,17,Call,23.5,-0.02%,1.42,1.58,1.68,1933,251,7.7,0.501928,2026-09-29
INTC,115.93,2026-09-30,1,Put,117,+0.01%,2.07,2.08,2.13,8192,1064,7.7,-0.604113,2026-09-29
BE,291.25,2026-10-02,3,Put,300,+0.03%,14.7,15,15,3201,418,7.66,-0.620571,2026-09-29
META,738.79,2026-09-30,1,Call,755,-0.02%,2.21,2.22,2.3,15327,2001,7.66,0.208651,2026-09-29
TSM,456.94,2027-09-17,353,Call,500,-0.09%,59.35,61,61.6,2111,277,7.62,0.518079,2026-09-29
AVGO,355.1,2026-10-05,6,Put,345,-0.03%,1.8,2.31,2.73,774,102,7.59,-0.243029,2026-09-29
NVDA,227.21,2026-09-30,1,Put,225,-0.01%,0.68,0.69,0.69,50577,6662,7.59,-0.280372,2026-09-29
TTD,12.05,2026-10-02,3,Call,11.5,+0.05%,0.49,0.54,0.83,849,112,7.58,0.774057,2026-09-29
INTC,115.93,2026-10-05,6,Put,115,-0.01%,2.87,3.05,2.98,2584,342,7.56,-0.439402,2026-09-29
NVDA,227.21,2026-10-05,6,Put,230,+0.01%,4.7,4.85,4.75,4724,626,7.55,-0.624937,2026-09-29
LQDA,70.69,2026-10-02,3,Call,90,-0.27%,0.2,0.25,0.3,1911,253,7.55,0.059022,2026-09-29
BE,291.25,2026-10-02,3,Put,275,-0.06%,3.15,3.22,3.25,5543,735,7.54,-0.225615,2026-09-29
TIGR,4.55,2026-10-16,17,Put,4.5,-0.01%,0.09,0.13,0.16,1022,136,7.51,-0.424428,2026-09-29
TSLA,352.84,2026-09-30,1,Call,362.5,-0.03%,0.47,0.46,0.48,32527,4332,7.51,0.121033,2026-09-29
ONON,29.55,2026-11-20,53,Put,27.5,-0.07%,1.19,1.2,1.23,5169,689,7.5,-0.307734,2026-09-29
SNPS,415.09,2026-10-02,3,Put,422.5,+0.02%,13.5,15.7,17.2,818,109,7.5,-0.588377,2026-09-29
CCL,25.11,2026-10-02,3,Call,26,-0.04%,0.2,0.22,0.24,18834,2514,7.49,0.270498,2026-09-29
DKNG,19.59,2027-03-19,171,Call,12.5,+0.36%,7.75,8.1,8.2,2407,322,7.48,0.887719,2026-09-29
AMD,607.57,2026-09-30,1,Call,650,-0.07%,0.08,0.1,0.1,9120,1226,7.44,0.013959,2026-09-29
GM,80.47,2026-11-20,53,Call,92.5,-0.15%,0.99,0.98,1.13,871,117,7.44,0.184383,2026-09-29
SMMT,16.39,2027-01-15,109,Put,11,-0.33%,1.4,1.4,1.8,5005,675,7.41,-0.175759,2026-09-29
MSFT,508.96,2026-10-23,24,Call,570,-0.12%,0.72,0.87,1.07,1431,194,7.38,0.059943,2026-09-29
DKNG,19.59,2026-10-02,3,Put,19,-0.03%,0.2,0.22,0.22,2041,277,7.37,-0.287208,2026-09-29
TSLA,352.84,2026-10-02,3,Call,345,+0.02%,10.8,10.87,10.95,3624,493,7.35,0.706267,2026-09-29
META,738.79,2026-10-02,3,Call,727.5,+0.02%,19,18.95,19.15,1710,234,7.31,0.651315,2026-09-29
ORCL,137.79,2026-10-02,3,Call,143,-0.04%,1.25,1.29,1.29,9928,1369,7.25,0.269784,2026-09-29
BX,114,2027-02-19,144,Put,105,-0.08%,6.55,6.75,7,1501,207,7.25,-0.320648,2026-09-29
AVGO,355.1,2026-09-30,1,Call,355,0.00%,2.76,2.8,2.9,6212,858,7.24,0.511409,2026-09-29
MU,1065.08,2026-10-02,3,Call,1070,0.00%,38.35,38.45,38.7,7690,1065,7.22,0.501223,2026-09-29
MRNA,203.46,2026-11-20,53,Put,190,-0.07%,20,22.59,22.8,1529,212,7.21,-0.350921,2026-09-29
RIOT,21.39,2026-10-02,3,Put,20,-0.06%,0.16,0.17,0.19,4155,577,7.2,-0.184163,2026-09-29
TSLA,352.84,2026-09-30,1,Call,345,+0.02%,8.35,8.59,8.75,2652,370,7.17,0.841997,2026-09-29
META,738.79,2026-09-30,1,Call,717.5,+0.03%,22.2,22.95,22.75,2995,418,7.17,0.879945,2026-09-29
INTC,115.93,2026-09-30,1,Put,118,+0.02%,2.73,3,2.8,7809,1092,7.15,-0.700563,2026-09-29
JD,26.3,2026-12-18,81,Call,31,-0.18%,0.51,0.56,0.59,4518,634,7.13,0.20376,2026-09-29
NVDA,227.21,2026-10-05,6,Put,240,+0.06%,12.65,13.06,13.2,3082,432,7.13,-0.942829,2026-09-29
AMD,607.57,2026-10-05,6,Call,620,-0.02%,9.05,9.12,9.4,733,103,7.12,0.381074,2026-09-29
AMZN,246.67,2026-10-02,3,Call,232.5,+0.06%,13.1,14.65,15.65,778,110,7.07,0.961598,2026-09-29
TSLA,352.84,2026-10-02,3,Call,347.5,+0.02%,9.1,9.16,9.25,965,137,7.04,0.648163,2026-09-29
AVGO,355.1,2026-09-30,1,Call,362.5,-0.02%,0.53,0.56,0.58,7968,1136,7.01,0.152685,2026-09-29
MU,1065.08,2026-10-02,3,Call,1065,0.00%,40.3,40.72,41,4872,699,6.97,0.52062,2026-09-29
BABA,107.74,2026-10-09,10,Call,114,-0.06%,0.71,0.83,0.86,934,134,6.97,0.203899,2026-09-29
BE,291.25,2026-10-02,3,Put,285,-0.02%,6.5,6.59,6.65,3787,544,6.96,-0.378538,2026-09-29
META,738.79,2026-11-20,53,Put,725,-0.02%,38.85,39.6,39.5,1980,285,6.95,-0.411772,2026-09-29
BE,291.25,2026-10-02,3,Call,340,-0.17%,0.52,0.53,0.56,3682,530,6.95,0.050141,2026-09-29
SCHW,99.1,2026-10-16,17,Call,103,-0.04%,1.46,1.38,1.89,1025,148,6.93,0.334095,2026-09-29
CIFR,16.51,2026-10-30,31,Call,20,-0.21%,0.75,0.79,0.86,1409,204,6.91,0.305529,2026-09-29
TSM,456.94,2027-09-17,353,Put,450,-0.02%,53.75,56.3,55.95,2022,293,6.9,-0.38713,2026-09-29
AMD,607.57,2026-09-30,1,Call,635,-0.05%,0.43,0.42,0.5,7614,1103,6.9,0.062624,2026-09-29
AMZN,246.67,2026-10-02,3,Call,225,+0.09%,21,22.45,23.05,2372,346,6.86,0.952023,2026-09-29
AAPL,329.4,2026-10-05,6,Call,335,-0.02%,1.6,1.68,1.72,3604,534,6.75,0.288014,2026-09-29
MU,1065.08,2026-10-02,3,Call,1275,-0.20%,2.51,2.61,2.61,1452,215,6.75,0.054469,2026-09-29
FLG,11.84,2028-01-21,480,Put,10,-0.16%,0.6,0.7,0.8,10211,1516,6.74,-0.227611,2026-09-29
AMZN,246.67,2026-10-02,3,Call,237.5,+0.04%,9.1,10.14,9.95,1443,214,6.74,0.913955,2026-09-29
DKNG,19.59,2026-10-09,10,Call,21.5,-0.10%,0.19,0.22,0.28,1507,225,6.7,0.209187,2026-09-29
MDB,337.19,2026-10-02,3,Put,317.5,-0.06%,1.32,2.04,2.6,775,116,6.68,-0.165386,2026-09-29
RPD,11.7,2026-11-20,53,Call,9,+0.23%,3,2.85,3.3,1932,290,6.66,0.836197,2026-09-29
TSLA,352.84,2026-09-30,1,Put,337.5,-0.04%,0.12,0.12,0.14,4052,610,6.64,-0.036586,2026-09-29
ACN,177.12,2026-10-09,10,Call,200,-0.13%,0.95,1.47,2.35,717,108,6.64,0.160714,2026-09-29
AVGO,355.1,2026-09-30,1,Put,347.5,-0.02%,0.47,0.5,0.51,2846,432,6.59,-0.135699,2026-09-29
PLUG,1.91,2029-01-19,844,Call,3.5,-0.83%,0.53,0.6,0.6,1035,157,6.59,0.554524,2026-09-29
META,738.79,2026-09-30,1,Call,745,-0.01%,4.7,4.73,4.8,8447,1282,6.59,0.375421,2026-09-29
ACN,177.12,2026-10-09,10,Put,170,-0.04%,2.45,4.5,6.5,762,116,6.57,-0.332293,2026-09-29
SNDK,1729.76,2026-10-02,3,Call,1740,-0.01%,46.7,48.2,49.9,1032,157,6.57,0.486209,2026-09-29
AMC,3.08,2026-10-30,31,Put,3,-0.03%,0.25,0.3,0.32,1844,283,6.52,-0.406979,2026-09-29
META,738.79,2026-09-30,1,Call,715,+0.03%,24.5,25,24.95,1434,221,6.49,0.903383,2026-09-29
TOL,135.88,2027-01-15,109,Put,110,-0.19%,1.45,1.7,1.85,1251,193,6.48,-0.114394,2026-09-29
T,24.48,2026-10-02,3,Call,24.5,0.00%,0.25,0.27,0.27,1306,202,6.47,0.493064,2026-09-29
ORCL,137.79,2026-10-02,3,Call,142,-0.03%,1.46,1.51,1.54,11389,1762,6.46,0.30869,2026-09-29
UEC,9.29,2027-02-19,144,Call,13,-0.40%,0.46,0.57,0.63,1504,233,6.45,0.281498,2026-09-29
SNAP,5.34,2026-10-30,31,Call,5,+0.06%,0.52,0.56,0.59,954,148,6.45,0.689189,2026-09-29
CELH,27.71,2028-01-21,480,Put,35,+0.26%,10.85,11.37,12.05,1501,234,6.41,-0.490903,2026-09-29
MU,1065.08,2026-10-09,10,Call,1120,-0.05%,30.55,30.85,33.1,1244,196,6.35,0.370584,2026-09-29
CRWV,85.93,2026-10-23,24,Put,80,-0.07%,3.25,3.44,3.45,4125,650,6.35,-0.308204,2026-09-29
DVN,46.6,2026-10-02,3,Call,47.5,-0.02%,0.24,0.32,0.4,1128,178,6.34,0.304648,2026-09-29
SHEL,95.14,2026-11-20,53,Call,110,-0.16%,0.3,0.4,0.4,678,107,6.34,0.083217,2026-09-29
KTOS,43.05,2026-10-02,3,Put,43.5,+0.01%,0.6,1.18,1.85,1202,190,6.33,-0.558915,2026-09-29
HONA,155.44,2026-10-16,17,Call,165,-0.06%,1.1,2.3,3,1138,180,6.32,0.263979,2026-09-29
BABA,107.74,2026-10-02,3,Call,108,0.00%,1.34,1.39,1.43,1754,279,6.29,0.479622,2026-09-29
AAPL,329.4,2026-10-05,6,Put,325,-0.01%,1.78,1.88,1.96,1722,274,6.28,-0.307122,2026-09-29
AVGO,355.1,2026-09-30,1,Put,345,-0.03%,0.24,0.25,0.27,4393,701,6.27,-0.077244,2026-09-29
XP,20.27,2027-02-19,144,Put,20,-0.01%,1.85,2.4,3.5,2007,322,6.23,-0.40892,2026-09-29
MRK,149.28,2026-10-02,3,Put,148,-0.01%,1.03,1.2,1.34,1514,243,6.23,-0.378565,2026-09-29
XERS,9.98,2027-01-15,109,Call,12.5,-0.25%,0.55,0.9,1.15,4139,665,6.22,0.374234,2026-09-29
U,39.72,2026-10-02,3,Put,37.5,-0.06%,0.2,0.25,0.36,765,123,6.22,-0.185745,2026-09-29
CVNA,63.62,2026-11-20,53,Call,65,-0.02%,6.25,6.3,6.7,1859,300,6.2,0.53157,2026-09-29
ORCL,137.79,2026-10-09,10,Call,177.5,-0.29%,0.12,0.22,0.18,819,132,6.2,0.024271,2026-09-29
CCL,25.11,2029-01-19,844,Call,13,+0.48%,13.05,13.43,13.75,674,109,6.18,0.879372,2026-09-29
ZETA,28.96,2026-10-09,10,Call,30,-0.04%,0.65,0.8,0.85,1210,196,6.17,0.386545,2026-09-29
IOVA,14.45,2028-01-21,480,Call,20,-0.38%,3,4.7,5.8,1072,174,6.16,0.593591,2026-09-29
META,738.79,2026-09-30,1,Put,720,-0.03%,1.32,1.35,1.38,15874,2583,6.15,-0.143521,2026-09-29
WW,17.1,2026-11-20,53,Call,15,+0.12%,3.5,4,4.2,1225,200,6.13,0.70469,2026-09-29
AMD,607.57,2026-09-30,1,Put,602.5,-0.01%,3.9,4.05,4.25,2405,393,6.12,-0.368011,2026-09-29
ORCL,137.79,2026-10-02,3,Call,144,-0.05%,1.03,1.04,1.09,6024,986,6.11,0.233477,2026-09-29
AVGO,355.1,2026-09-30,1,Call,360,-0.01%,0.99,0.98,1.05,15035,2465,6.1,0.247647,2026-09-29
BAC,54.96,2026-10-02,3,Put,54,-0.02%,0.23,0.24,0.26,27955,4581,6.1,-0.259221,2026-09-29
SNDK,1729.76,2026-10-02,3,Put,1710,-0.01%,40.6,41.7,43.8,974,160,6.09,-0.42321,2026-09-29
BE,291.25,2026-10-02,3,Call,310,-0.06%,3.55,3.6,3.7,5655,932,6.07,0.25072,2026-09-29
WEC,102.58,2026-10-16,17,Call,105,-0.02%,0.7,0.81,1,1176,194,6.06,0.304442,2026-09-29
CDW,129.71,2026-10-16,17,Put,115,-0.11%,0.4,0.69,0.8,921,152,6.06,-0.097179,2026-09-29
INTC,115.93,2026-10-02,3,Call,118,-0.02%,2.04,2.05,2.08,7768,1283,6.05,0.404405,2026-09-29
BE,291.25,2026-10-02,3,Call,305,-0.05%,4.65,4.65,4.85,2826,469,6.03,0.310696,2026-09-29
BA,187.68,2026-10-30,31,Put,170,-0.09%,1.61,1.96,1.95,989,164,6.03,-0.161601,2026-09-29
META,738.79,2026-09-30,1,Put,715,-0.03%,0.77,0.78,0.81,10016,1666,6.01,-0.091458,2026-09-29
AMZN,246.67,2026-10-07,8,Call,250,-0.01%,2.69,2.8,3.05,857,143,5.99,0.393079,2026-09-29
MU,1065.08,2026-10-02,3,Call,1240,-0.16%,3.95,4.1,4.05,2770,463,5.98,0.081858,2026-09-29
CLS,366.47,2026-10-02,3,Call,380,-0.04%,3.7,4.3,4.8,1051,176,5.97,0.297326,2026-09-29
CCL,25.11,2026-10-02,3,Call,25,0.00%,0.58,0.59,0.62,18438,3087,5.97,0.54386,2026-09-29
KKR,93.18,2027-03-19,171,Put,85,-0.09%,5.3,5.79,6.1,2001,335,5.97,-0.302051,2026-09-29
AMZN,246.67,2026-09-30,1,Put,247.5,0.00%,1.93,2.03,2.03,11131,1874,5.94,-0.579878,2026-09-29
AMC,3.08,2026-11-06,39,Call,3,+0.03%,0.29,0.35,0.44,1586,267,5.94,0.59021,2026-09-29
CCL,25.11,2026-10-30,31,Call,24,+0.04%,1.84,1.92,2.05,1219,206,5.92,0.660516,2026-09-29
WMT,106.8,2026-10-02,3,Call,106,+0.01%,1.43,1.48,1.53,5300,895,5.92,0.631835,2026-09-29
AAPL,329.4,2026-10-05,6,Put,332.5,+0.01%,5.1,5.47,5.65,997,169,5.9,-0.619497,2026-09-29
EQT,48.88,2026-10-02,3,Put,49,0.00%,0.54,0.6,0.7,2104,357,5.89,-0.525838,2026-09-29
IREN,41.38,2026-10-16,17,Call,43.5,-0.05%,1.79,1.86,1.9,613,104,5.89,0.414872,2026-09-29
MU,1065.08,2026-10-02,3,Call,1077.5,-0.01%,34.85,34.85,35.55,896,153,5.86,0.472215,2026-09-29
SPCX,149.24,2026-10-02,3,Call,148,+0.01%,3.35,3.45,3.5,22110,3774,5.86,0.58354,2026-09-29
GME,23.76,2026-11-06,39,Call,35,-0.47%,0.23,0.27,0.34,638,109,5.85,0.101701,2026-09-29
COST,924.59,2026-10-16,17,Call,1055,-0.14%,0.01,0.43,0.42,742,127,5.84,0.011992,2026-09-29
INTC,115.93,2026-09-30,1,Call,120,-0.04%,0.33,0.34,0.35,23954,4105,5.84,0.163307,2026-09-29
META,738.79,2026-09-30,1,Put,730,-0.01%,3.45,3.58,3.6,7749,1332,5.82,-0.30493,2026-09-29
OBDC,10.81,2026-10-16,17,Call,10,+0.07%,0.7,0.7,0.9,3257,562,5.8,0.955393,2026-09-29
SNDX,18.24,2027-01-15,109,Call,25,-0.37%,1.15,1.18,1.45,2850,492,5.79,0.314886,2026-09-29
TSLA,352.84,2026-10-02,3,Call,350,+0.01%,7.55,7.65,7.7,6207,1077,5.76,0.585773,2026-09-29
INTU,268.03,2026-10-02,3,Put,250,-0.07%,0.4,0.55,0.65,698,122,5.72,-0.082267,2026-09-29
NLY,20.32,2026-10-23,24,Call,17,+0.16%,2.57,2.99,3.9,577,101,5.71,0.962067,2026-09-29
MU,1065.08,2026-10-16,17,Put,650,-0.39%,0.63,0.65,0.67,2062,361,5.71,-0.007995,2026-09-29
MXL,92.72,2026-12-18,81,Call,70,+0.25%,27.8,31.9,30.9,853,151,5.65,0.803602,2026-09-29
INTC,115.93,2026-10-07,8,Call,130,-0.12%,0.66,0.7,0.72,1244,220,5.65,0.128709,2026-09-29
BULL,7.17,2026-10-09,10,Call,7,+0.02%,0.29,0.32,0.41,625,111,5.63,0.627821,2026-09-29
MTCH,40.13,2026-10-16,17,Call,40,0.00%,1.1,0.9,1.2,689,123,5.6,0.537493,2026-09-29
INTC,115.93,2026-09-30,1,Call,122,-0.05%,0.14,0.15,0.16,5879,1052,5.59,0.080544,2026-09-29
MRNA,203.46,2026-10-09,10,Call,205,-0.01%,9.65,10.12,11.9,675,121,5.58,0.509604,2026-09-29
META,738.79,2026-10-02,3,Put,717.5,-0.03%,4.15,4.25,4.2,1656,298,5.56,-0.230783,2026-09-29
LUNR,14.55,2026-10-09,10,Call,17,-0.17%,0.15,0.18,0.23,1054,190,5.55,0.172168,2026-09-29
CCL,25.11,2026-10-02,3,Put,25,0.00%,0.4,0.46,0.47,2451,443,5.53,-0.453642,2026-09-29
NVDA,227.21,2026-09-30,1,Put,237.5,+0.05%,10.2,10.4,10.3,845,153,5.52,-0.951017,2026-09-29
META,738.79,2026-10-02,3,Call,730,+0.01%,17.4,17.44,17.55,7028,1273,5.52,0.62159,2026-09-29
AAPL,329.4,2026-10-05,6,Call,340,-0.03%,0.61,0.64,0.75,2699,489,5.52,0.14242,2026-09-29
C,130.8,2026-10-02,3,Call,131,0.00%,1.61,1.77,1.72,955,173,5.52,0.490287,2026-09-29
LODE,2.35,2028-01-21,480,Call,2,+0.15%,0.95,1.07,1.1,750,136,5.51,0.760216,2026-09-29
HIVE,3.01,2026-10-02,3,Call,1,+0.67%,1.6,2.07,2.35,594,108,5.5,0.958799,2026-09-29
NU,12.35,2029-01-19,844,Call,20,-0.62%,1.8,1.85,1.86,2041,371,5.5,0.421296,2026-09-29
AMD,607.57,2026-10-02,3,Call,675,-0.11%,0.31,0.35,0.37,2506,457,5.48,0.027579,2026-09-29
MDB,337.19,2026-12-18,81,Call,410,-0.22%,16.55,18.09,23.85,702,128,5.48,0.334707,2026-09-29
TTE,87.71,2027-01-15,109,Call,60,+0.32%,26.4,27.5,29.1,2610,476,5.48,0.98659,2026-09-29
IOVA,14.45,2026-10-16,17,Call,15,-0.04%,0.8,1.1,1.15,2457,449,5.47,0.473345,2026-09-29
NOW,129.94,2026-10-02,3,Call,131,-0.01%,2.32,2.41,2.4,1939,355,5.46,0.453935,2026-09-29
AGNC,9.45,2026-12-18,81,Call,5,+0.47%,4.35,4.35,4.7,550,101,5.45,0.948583,2026-09-29
AMD,607.57,2026-09-30,1,Call,605,0.00%,7.45,7.85,8,2103,388,5.42,0.571175,2026-09-29
AMD,607.57,2027-03-19,171,Call,1080,-0.78%,11,13.75,11.8,971,179,5.42,0.113991,2026-09-29
CYPH,3.23,2026-10-09,10,Call,4,-0.24%,0.1,0.11,0.15,649,120,5.41,0.26365,2026-09-29
MSTR,154.67,2026-10-23,24,Call,165,-0.07%,6.5,6.5,6.65,5619,1041,5.4,0.389711,2026-09-29
AMD,607.57,2026-09-30,1,Put,620,+0.02%,14.15,16,15.2,1894,351,5.4,-0.763508,2026-09-29
NVTS,11.73,2026-10-30,31,Put,9,-0.23%,0.11,0.14,0.15,1102,205,5.38,-0.095648,2026-09-29
SLS,11.51,2026-10-09,10,Call,13,-0.13%,0.3,0.35,0.45,1084,203,5.34,0.296524,2026-09-29
GOOGL,340.92,2026-09-30,1,Put,337.5,-0.01%,0.84,0.9,0.91,8663,1624,5.33,-0.261225,2026-09-29
SPCX,149.24,2026-10-02,3,Call,149,0.00%,2.85,2.88,2.94,27952,5251,5.32,0.525855,2026-09-29
SPCX,149.24,2026-10-02,3,Put,149,0.00%,2.54,2.54,2.59,11263,2116,5.32,-0.47454,2026-09-29
ASTS,59.4,2026-10-02,3,Call,59,+0.01%,1.84,1.92,1.99,729,137,5.32,0.553452,2026-09-29
TEVA,39.81,2026-10-16,17,Call,41,-0.03%,0.46,0.65,0.69,1027,193,5.32,0.344796,2026-09-29
BE,291.25,2026-10-30,31,Put,260,-0.11%,13,13.6,14.75,685,129,5.31,-0.275549,2026-09-29
SNDK,1729.76,2026-10-02,3,Call,1700,+0.02%,66.8,68.89,69.3,3511,662,5.3,0.607354,2026-09-29
TTE,87.71,2026-12-18,81,Call,65,+0.26%,21.4,22.5,24.7,555,105,5.29,0.948146,2026-09-29
COLD,14.54,2026-11-20,53,Call,2.5,+0.83%,11,12.5,13.2,593,112,5.29,0.985168,2026-09-29
USAR,14.07,2026-10-02,3,Call,14,0.00%,0.37,0.41,0.41,611,116,5.27,0.548568,2026-09-29
TSLA,352.84,2028-01-21,480,Put,30,-0.91%,0.05,0.12,0.18,1202,228,5.27,-0.000933,2026-09-29
META,738.79,2026-09-30,1,Call,770,-0.04%,0.75,0.76,0.77,9848,1873,5.26,0.079307,2026-09-29
BXP,61.71,2026-10-16,17,Call,50,+0.19%,11.3,12.1,13,1320,252,5.24,0.9089,2026-09-29
TTE,87.71,2026-12-18,81,Call,62.5,+0.29%,23.9,25.3,26.6,545,104,5.24,0.986621,2026-09-29
NEXT,6.34,2026-11-20,53,Call,8,-0.26%,0.05,0.15,0.2,1120,214,5.23,0.180797,2026-09-29
MXL,92.72,2026-12-18,81,Call,95,-0.02%,15.3,16.55,17.8,1145,219,5.23,0.579494,2026-09-29
SNDK,1729.76,2026-10-02,3,Call,1710,+0.01%,61.1,62.92,63.3,1545,296,5.22,0.57732,2026-09-29
TSLA,352.84,2026-10-02,3,Put,352.5,0.00%,5.55,5.7,5.7,6886,1322,5.21,-0.479991,2026-09-29
TSLA,352.84,2026-10-05,6,Put,345,-0.02%,3.4,3.5,3.5,992,191,5.19,-0.308185,2026-09-29
HAL,31.54,2026-10-09,10,Call,33,-0.05%,0.2,0.25,0.35,676,131,5.16,0.244603,2026-09-29
TTE,87.71,2027-01-15,109,Call,57.5,+0.34%,28.9,29.7,32.2,1355,263,5.15,0.957544,2026-09-29
AMD,607.57,2026-10-05,6,Put,600,-0.01%,10.3,10.62,10.85,1529,300,5.1,-0.400767,2026-09-29
NVDA,227.21,2026-10-07,8,Call,220,+0.03%,8.7,9.45,9.05,1072,210,5.1,0.765655,2026-09-29
MASS,11.85,2026-11-20,53,Put,12.5,+0.05%,1.45,1.75,1.95,509,100,5.09,-0.511556,2026-09-29
GOOGL,340.92,2026-09-30,1,Put,340,0.00%,1.66,1.8,1.78,6577,1293,5.09,-0.427406,2026-09-29
BE,291.25,2026-10-02,3,Put,270,-0.07%,2.07,2.1,2.14,4483,881,5.09,-0.163039,2026-09-29
MSFT,508.96,2026-09-30,1,Put,497.5,-0.02%,0.39,0.46,0.47,4878,961,5.08,-0.099152,2026-09-29
TSLA,352.84,2026-10-12,13,Call,355,-0.01%,9,9.15,9.25,548,108,5.07,0.487332,2026-09-29
TTE,87.71,2026-12-18,81,Call,67.5,+0.23%,19.6,19.6,20.9,1185,234,5.06,0.984854,2026-09-29
BE,291.25,2026-10-23,24,Call,325,-0.12%,11.4,12,13.1,546,108,5.06,0.339885,2026-09-29
AMD,607.57,2026-09-30,1,Put,622.5,+0.02%,15.7,14.95,17.15,878,174,5.05,-0.819214,2026-09-29
TTE,87.71,2027-01-15,109,Call,62.5,+0.29%,23.9,25.6,26.5,625,124,5.04,0.947524,2026-09-29
ORCL,137.79,2026-10-02,3,Put,141,+0.02%,4.8,4.88,4.95,3118,619,5.04,-0.653298,2026-09-29
META,738.79,2026-10-02,3,Put,722.5,-0.02%,5.45,5.6,5.55,1830,364,5.03,-0.284598,2026-09-29
NVDA,227.21,2026-10-07,8,Call,227.5,0.00%,3.85,4,4.1,512,102,5.02,0.504172,2026-09-29
TSLA,352.84,2026-09-30,1,Call,370,-0.05%,0.12,0.13,0.13,32700,6532,5.01,0.034833,2026-09-29
TTAN,63.52,2027-04-16,199,Call,80,-0.26%,6.1,7.13,7.2,601,120,5.01,0.408513,2026-09-29
TSLA,352.84,2026-10-05,6,Put,355,+0.01%,7.7,7.8,8,1550,310,5,-0.536684,2026-09-29
BE,291.25,2026-11-20,53,Call,370,-0.27%,15.2,15.74,16.25,1745,350,4.99,0.299092,2026-09-29
U,39.72,2026-10-02,3,Call,40,-0.01%,0.72,1.01,0.91,1212,243,4.99,0.466748,2026-09-29
META,738.79,2026-10-05,6,Call,722.5,+0.02%,24,24.26,24.55,662,133,4.98,0.687159,2026-09-29
QURE,24.51,2026-10-16,17,Call,26,-0.06%,1.2,1.8,1.75,518,104,4.98,0.434174,2026-09-29
WMT,106.8,2026-10-02,3,Call,105,+0.02%,2.16,2.21,2.24,2420,487,4.97,0.761319,2026-09-29
META,738.79,2026-10-02,3,Put,685,-0.07%,0.52,0.54,0.58,3074,618,4.97,-0.040927,2026-09-29
AIG,75.27,2026-10-02,3,Call,76,-0.01%,0.35,0.55,0.7,915,185,4.95,0.370507,2026-09-29
AAPL,329.4,2026-10-02,3,Call,280,+0.15%,47.95,52.35,50.5,540,109,4.95,0.884294,2026-09-29
AMD,607.57,2026-09-30,1,Call,632.5,-0.04%,0.57,0.54,0.68,1969,398,4.95,0.080755,2026-09-29
META,738.79,2026-10-02,3,Call,737.5,0.00%,13.2,13.15,13.3,1204,243,4.95,0.527659,2026-09-29
INTC,115.93,2026-10-05,6,Call,117,-0.01%,2.93,3,3.05,921,186,4.95,0.468863,2026-09-29
BE,291.25,2026-10-02,3,Put,272.5,-0.06%,2.57,2.6,2.65,1318,267,4.94,-0.192942,2026-09-29
ORCL,137.79,2026-10-09,10,Call,138,0.00%,4.6,4.75,5.2,1953,395,4.94,0.514025,2026-09-29
PENN,14.61,2026-10-16,17,Call,14,+0.04%,0.95,1,1.3,527,107,4.93,0.654686,2026-09-29
MSTR,154.67,2026-12-18,81,Call,225,-0.45%,4.6,4.75,5.05,3328,675,4.93,0.189958,2026-09-29
NOW,129.94,2026-10-02,3,Call,132,-0.02%,1.91,1.96,1.99,3030,616,4.92,0.399119,2026-09-29
BE,291.25,2026-10-02,3,Call,295,-0.01%,8,8.1,8.2,2547,519,4.91,0.457598,2026-09-29
CHKP,126.93,2026-10-16,17,Call,140,-0.10%,0.45,0.75,0.95,1774,362,4.9,0.134817,2026-09-29
AMZN,246.67,2026-10-02,3,Call,215,+0.13%,30.6,32.54,33.1,510,104,4.9,0.981834,2026-09-29
ORCL,137.79,2026-10-02,3,Call,139,-0.01%,2.45,2.45,2.54,7591,1557,4.88,0.449422,2026-09-29
HD,288.04,2026-10-16,17,Call,312.5,-0.08%,0.48,0.88,1.35,506,104,4.87,0.106709,2026-09-29
MSFT,508.96,2026-09-30,1,Put,495,-0.03%,0.23,0.3,0.28,5550,1141,4.86,-0.062632,2026-09-29
LYB,58.18,2026-11-20,53,Put,55,-0.05%,2.1,2.22,2.35,754,155,4.86,-0.332577,2026-09-29
BE,291.25,2026-10-09,10,Put,210,-0.28%,0.12,0.14,0.4,2659,549,4.84,-0.015168,2026-09-29
SNDK,1729.76,2026-10-02,3,Call,1720,+0.01%,56.3,57,58.8,1527,316,4.83,0.546452,2026-09-29
AVGO,355.1,2026-09-30,1,Put,362.5,+0.02%,7.7,7.56,8.25,672,139,4.83,-0.841395,2026-09-29
PDD,77.5,2028-01-21,480,Call,75,+0.03%,17.45,17.65,17.7,2233,462,4.83,0.666728,2026-09-29
TSLA,352.84,2026-09-30,1,Put,335,-0.05%,0.09,0.1,0.1,5356,1108,4.83,-0.026039,2026-09-29
APP,305.66,2026-10-02,3,Call,305,0.00%,6.6,7,7.2,593,123,4.82,0.529152,2026-09-29
IREN,41.38,2026-10-09,10,Call,43,-0.04%,1.34,1.39,1.44,1836,381,4.82,0.405415,2026-09-29
PGY,17.37,2027-01-15,109,Call,21,-0.21%,1.45,1.55,1.6,1013,211,4.8,0.3946,2026-09-29
TEVA,39.81,2026-10-02,3,Call,39,+0.02%,0.66,1.2,1.61,1552,325,4.78,0.701527,2026-09-29
BE,291.25,2026-10-16,17,Call,305,-0.05%,14.2,14.32,14.55,545,114,4.78,0.431075,2026-09-29
NVDA,227.21,2026-10-02,3,Put,245,+0.08%,17.5,17.7,18.15,1012,212,4.77,-0.981072,2026-09-29
SNDK,1729.76,2026-10-02,3,Call,1745,-0.01%,44.3,45.05,46.2,964,202,4.77,0.470368,2026-09-29
QURE,24.51,2028-01-21,480,Call,60,-1.45%,4.4,5.65,6.6,2088,438,4.77,0.447798,2026-09-29
ARM,293.67,2026-10-02,3,Call,320,-0.09%,1.84,1.98,1.98,6362,1338,4.75,0.157355,2026-09-29
CORT,114.74,2027-01-15,109,Put,95,-0.17%,6.6,7.17,8,4223,890,4.74,-0.236562,2026-09-29
BNTX,98.57,2027-05-21,234,Call,145,-0.47%,3.6,4.65,5.6,501,106,4.73,0.220098,2026-09-29
TEAM,175.96,2026-10-02,3,Put,170,-0.03%,1.5,2.05,2.1,618,131,4.72,-0.270733,2026-09-29
BABA,107.74,2026-10-09,10,Put,103,-0.04%,0.67,0.74,0.86,680,144,4.72,-0.210145,2026-09-29
NVDA,227.21,2026-09-30,1,Call,227.5,0.00%,1.47,1.44,1.48,32244,6833,4.72,0.476923,2026-09-29
NVTS,11.73,2026-11-20,53,Call,13,-0.11%,1.09,1.12,1.15,2373,503,4.72,0.45257,2026-09-29
ALAB,357.84,2026-10-02,3,Call,385,-0.08%,3.7,3.95,4.55,631,134,4.71,0.226949,2026-09-29
AAPL,329.4,2026-10-05,6,Put,327.5,-0.01%,2.64,2.75,2.84,591,126,4.69,-0.406364,2026-09-29
CRM,225.31,2026-10-02,3,Call,225,0.00%,4,4.1,4.25,723,154,4.69,0.523553,2026-09-29
VALE,13.3,2026-11-20,53,Call,14,-0.05%,0.51,0.5,0.52,6337,1354,4.68,0.398164,2026-09-29
BAC,54.96,2026-10-02,3,Call,55,0.00%,0.57,0.6,0.62,4138,886,4.67,0.496921,2026-09-29
T,24.48,2026-10-16,17,Put,24.5,0.00%,0.6,0.62,0.68,4475,961,4.66,-0.492827,2026-09-29
IOVA,14.45,2027-01-15,109,Put,10,-0.31%,1,1.05,1.2,26218,5637,4.65,-0.175114,2026-09-29
AAOI,100.67,2026-10-02,3,Call,109,-0.08%,0.9,1.17,1.3,720,155,4.65,0.213463,2026-09-29
AVGO,355.1,2026-09-30,1,Call,365,-0.03%,0.28,0.3,0.31,12891,2787,4.63,0.089375,2026-09-29
META,738.79,2026-10-09,10,Put,697.5,-0.06%,5.1,5.55,5.45,509,110,4.63,-0.185933,2026-09-29
META,738.79,2026-10-02,3,Call,775,-0.05%,2.51,2.51,2.57,8547,1852,4.62,0.150395,2026-09-29
GOOG,337.32,2026-10-09,10,Call,337.5,0.00%,6.55,6.6,6.8,845,183,4.62,0.513493,2026-09-29
NVDA,227.21,2026-09-30,1,Put,220,-0.03%,0.13,0.13,0.14,34413,7454,4.62,-0.06349,2026-09-29
AMZN,246.67,2026-11-06,39,Put,245,-0.01%,10.85,10.85,11.3,692,150,4.61,-0.443271,2026-09-29
AMC,3.08,2026-12-18,81,Put,4,+0.30%,1.1,1.24,1.34,818,179,4.57,-0.615252,2026-09-29
RIOT,21.39,2026-10-23,24,Call,23,-0.08%,1,1.3,1.21,654,143,4.57,0.402124,2026-09-29
NVDA,227.21,2026-10-05,6,Call,232.5,-0.02%,1.35,1.34,1.36,7059,1545,4.57,0.273347,2026-09-29
MSFT,508.96,2026-09-30,1,Put,505,-0.01%,1.69,1.79,1.88,13905,3048,4.56,-0.317383,2026-09-29
VST,140.83,2026-10-02,3,Call,148,-0.05%,0.54,0.62,0.66,569,125,4.55,0.165563,2026-09-29
AMD,607.57,2026-09-30,1,Put,597.5,-0.02%,2.34,2.6,2.56,1698,373,4.55,-0.254873,2026-09-29
PANW,388.41,2027-12-17,445,Call,760,-0.96%,28.4,28.35,34,609,134,4.54,0.269807,2026-09-29
AAPL,329.4,2026-10-02,3,Call,335,-0.02%,1.22,1.25,1.3,19368,4274,4.53,0.257513,2026-09-29
WYNN,78.23,2026-10-02,3,Call,79,-0.01%,0.77,0.89,1.12,883,195,4.53,0.415634,2026-09-29
ABCL,14.82,2026-11-20,53,Call,18,-0.21%,1,1.1,1.15,1053,233,4.52,0.361071,2026-09-29
AAPL,329.4,2026-10-12,13,Call,340,-0.03%,1.71,1.82,1.98,504,112,4.5,0.23653,2026-09-29
TEVA,39.81,2026-10-30,31,Call,43,-0.08%,0.29,0.51,0.7,675,150,4.5,0.233014,2026-09-29
ORCL,137.79,2026-10-02,3,Call,141,-0.02%,1.77,1.76,1.81,6610,1469,4.5,0.352748,2026-09-29
CCL,25.11,2026-10-16,17,Call,24.5,+0.02%,1.26,1.35,1.41,1015,226,4.49,0.618207,2026-09-29
TSLA,352.84,2026-10-02,3,Call,357.5,-0.01%,4.05,4.09,4.2,7298,1629,4.48,0.391992,2026-09-29
TTE,87.71,2027-01-15,109,Call,65,+0.26%,22.3,22.3,23.5,5350,1195,4.48,0.963414,2026-09-29
ARM,293.67,2026-10-02,3,Put,295,0.00%,9.55,9.75,10.15,1034,231,4.48,-0.506008,2026-09-29
MU,1065.08,2026-10-02,3,Call,1082.5,-0.02%,32.45,35.46,33.65,910,203,4.48,0.452981,2026-09-29
BE,291.25,2026-10-02,3,Call,307.5,-0.06%,4.05,4.06,4.25,1098,246,4.46,0.279469,2026-09-29
HPQ,30.73,2026-10-02,3,Put,32,+0.04%,1.4,1.47,1.64,5234,1173,4.46,-0.752363,2026-09-29
GOOGL,340.92,2026-09-30,1,Put,332.5,-0.02%,0.18,0.2,0.2,6994,1569,4.46,-0.072014,2026-09-29
BA,187.68,2026-10-30,31,Call,210,-0.12%,1.71,1.85,2,1268,285,4.45,0.172107,2026-09-29
MRNA,203.46,2026-10-02,3,Put,200,-0.02%,4.8,4.9,5.2,1544,348,4.44,-0.400088,2026-09-29
META,738.79,2026-09-30,1,Call,780,-0.06%,0.41,0.44,0.45,5867,1320,4.44,0.045156,2026-09-29
BE,291.25,2026-10-02,3,Put,277.5,-0.05%,3.8,3.9,4,833,188,4.43,-0.261255,2026-09-29
HMC,32.09,2026-10-16,17,Call,27.5,+0.14%,3.6,4.1,5.6,500,113,4.42,0.978599,2026-09-29
WULF,15.09,2026-10-09,10,Call,15.5,-0.03%,0.58,0.62,0.71,1521,345,4.41,0.439093,2026-09-29
NVDA,227.21,2026-10-07,8,Call,230,-0.01%,2.81,2.85,2.9,1712,388,4.41,0.406305,2026-09-29
SNDK,1729.76,2026-10-02,3,Put,1720,-0.01%,45.2,45.7,48.8,638,145,4.4,-0.453755,2026-09-29
TSM,456.94,2026-10-02,3,Put,457.5,0.00%,5.5,5.45,5.85,642,146,4.4,-0.507659,2026-09-29
INTC,115.93,2027-02-19,144,Call,145,-0.25%,10.75,10.87,11,2550,579,4.4,0.390218,2026-09-29
AAPL,329.4,2026-10-05,6,Put,330,0.00%,3.45,3.8,4.1,1224,279,4.39,-0.514942,2026-09-29
NVDA,227.21,2026-10-07,8,Put,230,+0.01%,5.25,5.45,5.6,1324,303,4.37,-0.597527,2026-09-29
AGNC,9.45,2026-10-30,31,Put,10,+0.06%,0.67,0.81,0.85,2161,495,4.37,-0.676537,2026-09-29
AAPL,329.4,2026-10-09,10,Call,342.5,-0.04%,1.01,1.05,1.13,4596,1053,4.36,0.163797,2026-09-29
NVDA,227.21,2029-01-19,844,Call,210,+0.08%,71,72,72.8,2827,650,4.35,0.719119,2026-09-29
AAPL,329.4,2026-10-02,3,Call,337.5,-0.02%,0.7,0.7,0.74,7496,1725,4.35,0.168203,2026-09-29
ET,19.91,2026-10-02,3,Call,20,0.00%,0.1,0.11,0.13,1337,308,4.34,0.40988,2026-09-29
BABA,107.74,2026-10-09,10,Call,108,0.00%,2.47,2.59,2.69,515,119,4.33,0.497073,2026-09-29
ASTS,59.4,2026-10-09,10,Put,59,-0.01%,2.49,2.6,2.74,883,204,4.33,-0.450876,2026-09-29
NU,12.35,2026-10-09,10,Call,12.5,-0.01%,0.37,0.4,0.44,1390,321,4.33,0.472704,2026-09-29
INTC,115.93,2026-10-05,6,Put,116,0.00%,3.35,3.55,3.45,617,143,4.31,-0.486152,2026-09-29
SNDK,1729.76,2026-10-02,3,Call,1750,-0.01%,42,42.96,44,2947,684,4.31,0.455178,2026-09-29
RIG,5.21,2026-10-16,17,Put,5.5,+0.06%,0.37,0.48,0.46,1011,235,4.3,-0.679906,2026-09-29
EXPE,266.33,2026-10-02,3,Put,255,-0.04%,1,1.6,2.1,502,117,4.29,-0.195107,2026-09-29
MSTR,154.67,2026-10-23,24,Call,167.5,-0.08%,5.65,5.89,6,506,118,4.29,0.35675,2026-09-29
CCL,25.11,2026-10-09,10,Put,24,-0.04%,0.31,0.33,0.36,893,208,4.29,-0.26752,2026-09-29
T,24.48,2026-10-09,10,Call,24.5,0.00%,0.39,0.4,0.41,1073,250,4.29,0.499033,2026-09-29
DOW,27.61,2026-10-30,31,Put,26,-0.06%,0.49,0.71,0.82,639,150,4.26,-0.290653,2026-09-29
MU,1065.08,2026-10-02,3,Call,1480,-0.39%,0.32,0.35,0.38,1015,238,4.26,0.007815,2026-09-29
BE,291.25,2026-10-02,3,Call,335,-0.15%,0.74,0.75,0.78,1147,269,4.26,0.067685,2026-09-29
TSLA,352.84,2026-10-05,6,Call,365,-0.03%,2.68,2.71,2.73,3019,709,4.26,0.260577,2026-09-29
AVGO,355.1,2026-09-30,1,Call,357.5,-0.01%,1.75,1.75,1.8,6353,1492,4.26,0.371629,2026-09-29
AMD,607.57,2026-09-30,1,Put,595,-0.02%,1.81,1.98,1.95,3200,755,4.24,-0.207211,2026-09-29
WMT,106.8,2026-10-09,10,Call,106,+0.01%,2.09,2.16,2.23,4041,954,4.24,0.590872,2026-09-29
AG,18.08,2026-10-02,3,Call,17.5,+0.03%,0.73,0.79,0.84,1028,243,4.23,0.716421,2026-09-29
LITE,973.49,2026-10-02,3,Put,920,-0.05%,8.1,8.67,8.8,1235,292,4.23,-0.205797,2026-09-29
CMPS,12.96,2027-02-19,144,Call,15,-0.16%,1.8,2,2.3,1021,242,4.22,0.50565,2026-09-29
CBRS,194.95,2026-10-02,3,Call,215,-0.10%,1.1,1.21,1.65,4586,1091,4.2,0.153865,2026-09-29
AXTI,78.18,2026-12-18,81,Call,85,-0.09%,13.6,14.5,15.4,739,177,4.18,0.553159,2026-09-29
META,738.79,2026-10-09,10,Call,735,+0.01%,21.6,22.71,22.7,835,200,4.18,0.549555,2026-09-29
SNDK,1729.76,2026-10-02,3,Put,1740,+0.01%,55.3,55.92,58.2,929,222,4.18,-0.515216,2026-09-29
AMZN,246.67,2026-09-30,1,Call,245,+0.01%,2.53,2.54,2.6,13142,3144,4.18,0.669325,2026-09-29
MDB,337.19,2029-01-19,844,Call,630,-0.87%,76.35,80.2,90,597,143,4.17,0.506419,2026-09-29
BE,291.25,2026-10-02,3,Call,287.5,+0.01%,11.45,11.6,11.7,1221,293,4.17,0.580075,2026-09-29
META,738.79,2026-09-30,1,Call,785,-0.06%,0.29,0.29,0.41,2749,661,4.16,0.036099,2026-09-29
TSLA,352.84,2026-09-30,1,Call,367.5,-0.04%,0.17,0.18,0.19,13201,3173,4.16,0.050175,2026-09-29
TSLA,352.84,2026-09-30,1,Call,372.5,-0.06%,0.08,0.1,0.1,11733,2824,4.15,0.024876,2026-09-29
INTC,115.93,2026-11-06,39,Put,115,-0.01%,9.65,9.85,9.9,747,180,4.15,-0.435527,2026-09-29
BE,291.25,2026-10-02,3,Call,302.5,-0.04%,5.4,5.39,5.6,1707,411,4.15,0.345622,2026-09-29
PSKY,9.99,2026-11-20,53,Call,10,0.00%,0.83,0.84,1.2,4447,1075,4.14,0.551909,2026-09-29
CAVA,53.14,2026-11-20,53,Put,40,-0.25%,0.54,0.76,0.81,788,191,4.13,-0.097956,2026-09-29
CMG,31.88,2026-11-20,53,Put,32.5,+0.02%,2.31,2.33,2.52,5116,1239,4.13,-0.501859,2026-09-29
AMD,607.57,2026-10-02,3,Call,672.5,-0.11%,0.2,0.42,0.56,1340,326,4.11,0.030715,2026-09-29
TSLA,352.84,2026-10-05,6,Call,367.5,-0.04%,2.15,2.18,2.2,1678,408,4.11,0.219529,2026-09-29
HPP,11.66,2026-10-16,17,Call,12.5,-0.07%,0.25,0.35,0.75,500,122,4.1,0.382177,2026-09-29
SHW,330.44,2026-12-18,81,Call,380,-0.15%,2.5,3.03,4.1,725,177,4.1,0.159529,2026-09-29
SOFI,15.91,2026-11-06,39,Call,16,-0.01%,1.1,1.12,1.13,1500,366,4.1,0.532275,2026-09-29
META,738.79,2026-09-30,1,Call,710,+0.04%,29.4,29.35,29.75,749,183,4.09,0.92409,2026-09-29
OZK,46.2,2028-01-21,480,Put,40,-0.13%,2.35,2.87,3,2010,492,4.09,-0.25484,2026-09-29
TSLA,352.84,2026-10-09,10,Put,355,+0.01%,9.9,10.15,10.15,3971,970,4.09,-0.519993,2026-09-29
IREN,41.38,2027-04-16,199,Put,30,-0.28%,3.7,3.77,3.9,1073,263,4.08,-0.194744,2026-09-29
NLY,20.32,2027-01-15,109,Call,18,+0.11%,2,2.45,3.1,1221,299,4.08,0.77523,2026-09-29
IREN,41.38,2026-10-09,10,Call,45,-0.09%,0.82,0.85,0.87,3839,942,4.08,0.277767,2026-09-29
NEE,75.89,2026-11-20,53,Put,70,-0.08%,0.75,0.77,0.91,1261,310,4.07,-0.190545,2026-09-29
TSLA,352.84,2026-10-02,3,Call,355,-0.01%,5.1,5.11,5.15,14122,3472,4.07,0.455251,2026-09-29
MSFT,508.96,2026-09-30,1,Call,525,-0.03%,0.18,0.18,0.2,7632,1882,4.06,0.048655,2026-09-29
AGNC,9.45,2026-10-30,31,Put,9,-0.05%,0.17,0.22,0.21,1077,265,4.06,-0.298048,2026-09-29
TTD,12.05,2026-10-09,10,Put,11,-0.09%,0.01,0.12,0.19,603,149,4.05,-0.157394,2026-09-29
SMCI,41.02,2027-03-19,171,Call,41,0.00%,8.7,8.8,9.1,741,183,4.05,0.619021,2026-09-29
ORCL,137.79,2026-10-09,10,Call,135,+0.02%,6.15,6.4,7.1,1283,318,4.03,0.607595,2026-09-29
MU,1065.08,2026-10-02,3,Call,1210,-0.14%,5.85,5.94,6.05,1472,365,4.03,0.116524,2026-09-29
NN,13.89,2026-10-16,17,Call,14,-0.01%,0.9,1.2,1.3,2126,528,4.03,0.529243,2026-09-29
AXTI,78.18,2026-10-02,3,Call,78,0.00%,3,3.42,3.9,1119,279,4.01,0.531152,2026-09-29
MSTR,154.67,2026-10-02,3,Call,152.5,+0.01%,5.25,5.5,5.55,1890,472,4,0.596819,2026-09-29
META,738.79,2026-09-30,1,Call,680,+0.08%,56.3,53,61.6,538,135,3.99,0.989809,2026-09-29
BE,291.25,2026-10-02,3,Call,292.5,0.00%,9.05,9.2,9.25,1569,393,3.99,0.497715,2026-09-29
GOOG,337.32,2026-10-02,3,Call,337.5,0.00%,3.75,3.9,3.95,2464,618,3.99,0.502508,2026-09-29
BE,291.25,2026-10-02,3,Put,290,0.00%,8.85,8.98,9.05,6464,1622,3.99,-0.461553,2026-09-29
MU,1065.08,2026-10-02,3,Put,1070,0.00%,42.25,42.82,43.25,4407,1108,3.98,-0.499379,2026-09-29
IRON,65.87,2026-10-16,17,Put,65,-0.01%,5.2,5.2,5.6,791,200,3.96,-0.429303,2026-09-29
STUB,5.31,2026-10-16,17,Put,12.5,+1.35%,7.1,7.19,7.3,722,183,3.95,-0.97706,2026-09-29
QXO,11.62,2026-11-20,53,Put,10,-0.14%,0.4,0.42,0.45,13069,3306,3.95,-0.226081,2026-09-29
CVNA,63.62,2026-10-02,3,Put,64,+0.01%,1.8,1.91,1.98,1287,327,3.94,-0.520643,2026-09-29
BMY,62.86,2026-10-02,3,Put,61,-0.03%,0.28,0.5,0.6,1645,418,3.94,-0.249403,2026-09-29
IBM,219.99,2026-10-23,24,Call,280,-0.27%,0.06,0.47,0.56,870,222,3.92,0.030454,2026-09-29
BA,187.68,2026-11-20,53,Call,190,-0.01%,9.5,9.98,10,1817,463,3.92,0.492011,2026-09-29
GOOGL,340.92,2026-09-30,1,Put,335,-0.02%,0.38,0.42,0.42,9591,2448,3.92,-0.139548,2026-09-29
INTC,115.93,2026-09-30,1,Put,115,-0.01%,1.08,1.11,1.12,9702,2483,3.91,-0.396487,2026-09-29
NVDA,227.21,2026-10-07,8,Put,210,-0.08%,0.38,0.4,0.4,1148,294,3.9,-0.069481,2026-09-29
AMZN,246.67,2026-09-30,1,Put,242.5,-0.02%,0.27,0.28,0.28,11817,3029,3.9,-0.137713,2026-09-29
CVX,204.38,2026-10-23,24,Call,240,-0.17%,0,0.2,0.3,560,144,3.89,0.024894,2026-09-29
IOVA,14.45,2026-11-20,53,Call,17.5,-0.21%,1.05,1.35,1.7,828,213,3.89,0.402786,2026-09-29
INTC,115.93,2026-10-09,10,Put,118,+0.02%,5.8,5.9,5.9,1342,345,3.89,-0.545172,2026-09-29
INTC,115.93,2026-09-30,1,Call,113,+0.03%,3.4,3.47,3.55,590,152,3.88,0.774872,2026-09-29
GOOGL,340.92,2026-10-16,17,Put,322.5,-0.05%,1.81,2.03,2.28,659,170,3.88,-0.173214,2026-09-29
SHOP,148.26,2026-10-02,3,Call,162.5,-0.10%,0.22,0.29,0.31,842,217,3.88,0.068763,2026-09-29
NVDA,227.21,2026-10-05,6,Put,227.5,0.00%,3.3,3.4,3.35,2868,741,3.87,-0.502194,2026-09-29
PSKY,9.99,2026-10-09,10,Call,10.5,-0.05%,0.16,0.16,0.19,3210,830,3.87,0.311398,2026-09-29
ARM,293.67,2026-10-02,3,Call,337.5,-0.15%,0.62,0.8,0.8,730,189,3.86,0.064533,2026-09-29
GPN,83.33,2026-10-16,17,Call,80,+0.04%,4.5,4.8,5.6,2000,521,3.84,0.690222,2026-09-29
TEM,82.58,2026-10-02,3,Call,88,-0.07%,0.7,0.72,0.92,736,192,3.83,0.2235,2026-09-29
AVGO,355.1,2026-10-05,6,Call,370,-0.04%,1.2,1.41,1.59,767,201,3.82,0.175071,2026-09-29
META,738.79,2026-10-02,3,Call,725,+0.02%,20.55,20.6,20.8,5882,1539,3.82,0.680982,2026-09-29
SNDK,1729.76,2026-10-02,3,Call,1705,+0.01%,64,65.68,67.2,518,136,3.81,0.591798,2026-09-29
MU,1065.08,2026-10-02,3,Call,1165,-0.09%,11.05,11.2,11.3,579,152,3.81,0.19823,2026-09-29
WFC,80.48,2026-10-02,3,Put,79,-0.02%,0.33,0.4,0.49,2822,741,3.81,-0.267093,2026-09-29
SKHY,186.68,2027-03-19,171,Put,175,-0.06%,21.75,23.31,23,2501,659,3.8,-0.345853,2026-09-29
SKHY,186.68,2026-10-09,10,Call,200,-0.07%,2.63,2.73,2.83,2691,711,3.78,0.259635,2026-09-29
AVGO,355.1,2026-09-30,1,Put,357.5,+0.01%,3.95,4.15,4.2,3486,922,3.78,-0.632469,2026-09-29
META,738.79,2026-09-30,1,Put,700,-0.05%,0.11,0.15,0.15,12714,3365,3.78,-0.018418,2026-09-29
AMD,607.57,2026-09-30,1,Call,645,-0.06%,0.1,0.15,0.16,2299,610,3.77,0.020284,2026-09-29
AGNC,9.45,2026-10-16,17,Call,7,+0.26%,2.32,2.36,2.57,757,202,3.75,0.976421,2026-09-29
MU,1065.08,2026-10-05,6,Call,1075,-0.01%,38.8,39,39.65,1322,353,3.75,0.486771,2026-09-29
ORCL,137.79,2026-10-02,3,Call,140,-0.02%,2.08,2.09,2.15,22247,5939,3.75,0.399551,2026-09-29
CAG,14.13,2026-10-02,3,Call,14.5,-0.03%,0.15,0.17,0.25,1436,385,3.73,0.349789,2026-09-29
BE,291.25,2026-10-02,3,Call,317.5,-0.09%,2.29,2.32,2.36,580,156,3.72,0.175294,2026-09-29
CDNS,324.17,2026-10-02,3,Call,330,-0.02%,1.1,3.15,4.4,588,158,3.72,0.334568,2026-09-29
AMD,607.57,2026-09-30,1,Put,585,-0.04%,0.58,0.62,0.65,3917,1055,3.71,-0.080597,2026-09-29
RIVN,14.97,2026-10-23,24,Call,16.5,-0.10%,0.35,0.37,0.43,551,149,3.7,0.293031,2026-09-29
ORCL,137.79,2026-10-02,3,Call,138,0.00%,2.87,2.86,2.99,11115,3014,3.69,0.501294,2026-09-29
AAPL,329.4,2029-01-19,844,Call,230,+0.30%,131.85,133.91,136,1847,502,3.68,0.871995,2026-09-29
LITE,973.49,2026-10-02,3,Call,1100,-0.13%,1.85,1.9,1.95,2352,640,3.68,0.060653,2026-09-29
RIVN,14.97,2026-10-09,10,Call,14.5,+0.03%,0.8,0.83,0.88,1626,443,3.67,0.652143,2026-09-29
INTC,115.93,2026-09-30,1,Put,116,0.00%,1.52,1.56,1.57,10607,2889,3.67,-0.499877,2026-09-29
NVDA,227.21,2026-09-30,1,Put,222.5,-0.02%,0.28,0.28,0.29,24666,6719,3.67,-0.13104,2026-09-29
CTMX,2.75,2026-10-16,17,Call,3,-0.09%,0.1,0.1,0.2,600,164,3.66,0.392526,2026-09-29
INTC,115.93,2026-10-05,6,Call,115,+0.01%,3.9,3.95,4.05,1378,377,3.66,0.560544,2026-09-29
ZLAB,25.93,2027-03-19,171,Put,35,+0.35%,9.7,10.6,12.2,511,140,3.65,-0.650674,2026-09-29
PBR,20.65,2026-11-06,39,Call,24,-0.16%,0.33,0.43,0.51,729,200,3.65,0.220247,2026-09-29
META,738.79,2026-10-02,3,Call,795,-0.08%,1.02,1.02,1.04,1894,521,3.64,0.067282,2026-09-29
NVDA,227.21,2026-10-02,3,Put,240,+0.06%,12.25,11.95,13.1,3500,961,3.64,-0.988396,2026-09-29
LITE,973.49,2026-10-02,3,Put,950,-0.02%,16.5,16.9,17.9,679,187,3.63,-0.351673,2026-09-29
SPCX,149.24,2026-10-30,31,Put,100,-0.33%,0.12,0.13,0.13,2212,610,3.63,-0.012165,2026-09-29
ORCL,137.79,2026-10-02,3,Put,137,-0.01%,2.41,2.45,2.52,3806,1048,3.63,-0.444417,2026-09-29
MDB,337.19,2029-01-19,844,Call,500,-0.48%,96.05,101.6,109.5,593,164,3.62,0.591239,2026-09-29
RDDT,145.36,2026-10-02,3,Put,141,-0.03%,1.44,1.48,1.73,713,197,3.62,-0.289211,2026-09-29
MU,1065.08,2026-10-02,3,Put,1075,+0.01%,45.05,46.05,46.45,1456,402,3.62,-0.518612,2026-09-29
META,738.79,2026-10-02,3,Call,750,-0.02%,7.85,7.8,8,16887,4659,3.62,0.372693,2026-09-29
NFLX,70.3,2026-10-02,3,Call,71,-0.01%,0.62,0.63,0.65,23541,6516,3.61,0.392633,2026-09-29
AMZN,246.67,2026-10-05,6,Call,247.5,0.00%,3,3.1,3.15,1747,484,3.61,0.475453,2026-09-29
NVDA,227.21,2026-11-06,39,Call,265,-0.17%,0.61,0.71,0.71,1740,483,3.6,0.069511,2026-09-29
NVDA,227.21,2026-10-05,6,Put,225,-0.01%,2.23,2.29,2.24,3363,935,3.6,-0.381671,2026-09-29
AAPL,329.4,2026-10-02,3,Call,330,0.00%,3,3.1,3.15,9226,2568,3.59,0.480903,2026-09-29
AMZN,246.67,2026-10-02,3,Put,262.5,+0.06%,14.05,14.95,17.65,574,160,3.59,-0.984283,2026-09-29
MDB,337.19,2026-10-02,3,Call,345,-0.02%,5.75,6,6.5,1306,364,3.59,0.386256,2026-09-29
CYTK,65.64,2026-11-20,53,Call,90,-0.37%,0.2,0.2,1.3,1502,419,3.58,0.111603,2026-09-29
NVTS,11.73,2026-10-09,10,Call,11.5,+0.02%,0.66,0.76,0.83,1174,329,3.57,0.58835,2026-09-29
UEC,9.29,2027-01-15,109,Call,13,-0.40%,0.38,0.4,0.42,2121,594,3.57,0.238736,2026-09-29
TSLA,352.84,2026-10-02,3,Put,350,-0.01%,4.45,4.5,4.55,21998,6168,3.57,-0.412611,2026-09-29
CELH,27.71,2028-01-21,480,Call,37.5,-0.35%,2.6,5.05,5.55,1520,427,3.56,0.452553,2026-09-29
MRNA,203.46,2026-10-02,3,Put,190,-0.07%,1.64,1.72,1.76,2204,619,3.56,-0.184249,2026-09-29
NVDA,227.21,2026-11-06,39,Put,230,+0.01%,10,10.05,10.2,550,155,3.55,-0.518543,2026-09-29
ORCL,137.79,2026-10-02,3,Put,142,+0.03%,5.45,5.4,5.65,2441,687,3.55,-0.701695,2026-09-29
HOOD,116.22,2027-09-17,353,Put,15,-0.87%,0.11,0.11,0.13,2695,761,3.54,-0.002858,2026-09-29
MU,1065.08,2026-10-05,6,Call,1065,0.00%,43.2,43.66,44.2,833,236,3.53,0.523094,2026-09-29
SPCX,149.24,2026-10-09,10,Call,147,+0.02%,5.7,5.9,5.95,2279,645,3.53,0.59853,2026-09-29
PGY,17.37,2026-11-20,53,Call,21,-0.21%,0.65,0.95,1.1,1310,372,3.52,0.312178,2026-09-29
GFL,42.2,2026-10-16,17,Call,47.5,-0.13%,0.6,0.7,0.85,3780,1074,3.52,0.225158,2026-09-29
ORCL,137.79,2026-10-09,10,Call,137,+0.01%,5.05,5.2,5.5,540,154,3.51,0.546336,2026-09-29
INTC,115.93,2026-10-05,6,Call,120,-0.04%,1.86,1.9,1.93,3145,895,3.51,0.339782,2026-09-29
LHX,236.47,2026-11-20,53,Call,260,-0.10%,2.7,2.91,3.2,598,171,3.5,0.212775,2026-09-29
CRCL,83.7,2026-10-02,3,Call,88,-0.05%,0.97,1,1.07,2054,587,3.5,0.270273,2026-09-29
AVGO,355.1,2026-10-05,6,Call,360,-0.01%,3.5,3.95,4.05,833,239,3.49,0.381281,2026-09-29
AMD,607.57,2026-10-02,3,Call,617.5,-0.02%,7.85,8,8.3,1322,379,3.49,0.386089,2026-09-29
WFC,80.48,2026-10-02,3,Call,80,+0.01%,0.96,1.47,1.77,727,209,3.48,0.576882,2026-09-29
NVDA,227.21,2026-10-05,6,Call,235,-0.03%,0.8,0.79,0.81,12251,3532,3.47,0.183435,2026-09-29
AAPL,329.4,2026-10-07,8,Call,340,-0.03%,1,1.4,1.13,730,211,3.46,0.18127,2026-09-29
RIVN,14.97,2026-11-20,53,Call,22,-0.47%,0.18,0.21,0.22,932,269,3.46,0.110892,2026-09-29
BE,291.25,2026-10-02,3,Call,350,-0.20%,0.23,0.23,0.35,3133,907,3.45,0.028436,2026-09-29
MU,1065.08,2026-10-02,3,Call,1075,-0.01%,35.9,36,36.6,3879,1124,3.45,0.481799,2026-09-29
MSTR,154.67,2026-10-02,3,Call,155,0.00%,4.15,4.2,4.35,4253,1234,3.45,0.504008,2026-09-29
META,738.79,2026-10-02,3,Call,747.5,-0.01%,8.8,8.7,8.95,1233,358,3.44,0.402859,2026-09-29
META,738.79,2026-10-05,6,Call,750,-0.02%,9.85,10.15,10,1348,392,3.44,0.39443,2026-09-29
KHC,23.45,2027-03-19,171,Put,17.5,-0.25%,0.15,0.16,0.26,3000,873,3.44,-0.079662,2026-09-29
SNDK,1729.76,2026-10-02,3,Call,1725,0.00%,53.7,55.08,55.8,896,262,3.42,0.531279,2026-09-29
CTSH,56.84,2026-12-18,81,Put,50,-0.12%,1.65,2.1,2.1,1025,300,3.42,-0.234991,2026-09-29
IREN,41.38,2026-10-02,3,Call,46.5,-0.12%,0.1,0.13,0.15,3553,1039,3.42,0.083491,2026-09-29
SURG,0.1507,2027-05-21,234,Put,0.5,+2.32%,0,0.39,0.45,703,206,3.41,-0.486243,2026-09-29
META,738.79,2026-10-02,3,Put,732.5,-0.01%,8.95,9.2,9.1,879,258,3.41,-0.406787,2026-09-29
ASTS,59.4,2026-10-02,3,Call,60,-0.01%,1.43,1.47,1.51,2367,694,3.41,0.461712,2026-09-29
AAPL,329.4,2026-10-07,8,Call,342.5,-0.04%,0.6,0.82,0.75,841,248,3.39,0.126572,2026-09-29
AMZN,246.67,2026-10-09,10,Call,245,+0.01%,5.75,6.05,6,1931,572,3.38,0.572845,2026-09-29
ARM,293.67,2026-10-02,3,Call,310,-0.06%,3.35,3.55,3.75,1817,539,3.37,0.261673,2026-09-29
GAU,1.98,2027-02-19,144,Put,2,+0.01%,0.25,0.25,0.4,500,149,3.36,-0.415965,2026-09-29
MSFT,508.96,2026-09-30,1,Put,492.5,-0.03%,0.14,0.14,0.19,2403,716,3.36,-0.041477,2026-09-29
INTC,115.93,2026-09-30,1,Call,116,0.00%,1.51,1.52,1.55,10722,3189,3.36,0.500695,2026-09-29
CGEM,15.23,2027-12-17,445,Put,22,+0.44%,10.1,10.43,11.1,1001,299,3.35,-0.428301,2026-09-29
NVDA,227.21,2026-10-05,6,Put,217.5,-0.04%,0.61,0.64,0.63,2401,716,3.35,-0.132218,2026-09-29
BMNR,26.73,2026-10-09,10,Call,28.5,-0.07%,0.71,0.77,0.8,1360,409,3.33,0.341754,2026-09-29
MSFT,508.96,2026-09-30,1,Put,490,-0.04%,0.08,0.11,0.12,2457,737,3.33,-0.026068,2026-09-29
SBUX,95.43,2026-10-09,10,Put,90,-0.06%,0,0.22,0.67,534,161,3.32,-0.12872,2026-09-29
ORCL,137.79,2027-09-17,353,Put,60,-0.56%,1.67,1.75,1.8,554,167,3.32,-0.040992,2026-09-29
INTC,115.93,2026-09-30,1,Call,114,+0.02%,2.7,2.74,2.78,969,292,3.32,0.693594,2026-09-29
BKNG,162.34,2026-10-09,10,Put,160,-0.01%,3,3.1,3.5,1012,305,3.32,-0.39842,2026-09-29
ORCL,137.79,2026-10-02,3,Put,139,+0.01%,3.45,3.59,3.65,2875,866,3.32,-0.554,2026-09-29
TSLA,352.84,2026-10-09,10,Call,355,-0.01%,8.45,8.48,8.55,4051,1219,3.32,0.48296,2026-09-29
INTC,115.93,2026-09-30,1,Put,114,-0.02%,0.73,0.74,0.77,6628,1997,3.32,-0.300463,2026-09-29
MU,1065.08,2026-10-16,17,Call,1150,-0.08%,30.35,30.4,31.05,12726,3839,3.31,0.327829,2026-09-29
BE,291.25,2026-10-16,17,Call,295,-0.01%,18.15,18.25,18.4,593,179,3.31,0.508148,2026-09-29
TMC,3.74,2029-01-19,844,Call,7,-0.87%,1.35,1.68,1.69,1000,302,3.31,0.64167,2026-09-29
TSLA,352.84,2026-10-07,8,Call,360,-0.02%,5.25,5.3,5.4,613,186,3.3,0.382108,2026-09-29
GME,23.76,2026-10-09,10,Put,23,-0.03%,0.35,0.44,0.45,1411,428,3.3,-0.323756,2026-09-29
ORCL,137.79,2026-10-02,3,Put,138,0.00%,2.93,3.05,3.05,5478,1659,3.3,-0.499753,2026-09-29
MSFT,508.96,2026-09-30,1,Call,522.5,-0.03%,0.28,0.26,0.31,10310,3127,3.3,0.073112,2026-09-29
SPCX,149.24,2026-10-02,3,Call,150,-0.01%,2.39,2.39,2.43,52023,15824,3.29,0.468041,2026-09-29
TSM,456.94,2026-10-09,10,Put,455,0.00%,7.1,7.67,8.4,517,157,3.29,-0.44986,2026-09-29
FTNT,175.96,2026-10-02,3,Put,170,-0.03%,0.99,1.13,1.13,638,194,3.29,-0.22055,2026-09-29
IMMX,10.54,2026-10-16,17,Put,10,-0.05%,0.4,0.73,0.65,730,222,3.29,-0.351573,2026-09-29
META,738.79,2026-10-02,3,Put,727.5,-0.02%,7,7.25,7.2,1116,339,3.29,-0.343558,2026-09-29
NVDA,227.21,2026-10-07,8,Call,240,-0.06%,0.5,0.5,0.53,1337,407,3.29,0.110246,2026-09-29
UEC,9.29,2027-02-19,144,Call,10,-0.08%,1.23,1.3,1.39,1406,428,3.29,0.527523,2026-09-29
C,130.8,2026-10-02,3,Put,125,-0.04%,0.14,0.14,0.2,1099,335,3.28,-0.083918,2026-09-29
NVDA,227.21,2026-11-06,39,Call,230,-0.01%,8.3,8.3,8.5,1923,586,3.28,0.487514,2026-09-29
BE,291.25,2026-10-02,3,Call,320,-0.10%,1.97,2,2.02,7111,2165,3.28,0.154459,2026-09-29
ORCL,137.79,2026-10-02,3,Call,145,-0.05%,0.86,0.87,0.93,15586,4756,3.28,0.202381,2026-09-29
PLTR,186.97,2026-10-30,31,Call,230,-0.23%,0.75,0.8,0.88,1303,399,3.27,0.075556,2026-09-29
META,738.79,2026-10-02,3,Call,735,+0.01%,14.5,14.55,14.65,3231,987,3.27,0.559386,2026-09-29
TSLA,352.84,2026-10-02,3,Put,342.5,-0.03%,2.02,2.06,2.06,4388,1340,3.27,-0.231203,2026-09-29
GOOGL,340.92,2026-10-05,6,Call,340,0.00%,5.05,5.73,5.4,506,155,3.26,0.545202,2026-09-29
HL,17.15,2026-11-20,53,Call,18,-0.05%,1.2,1.24,1.29,568,174,3.26,0.47078,2026-09-29
MU,1065.08,2026-10-05,6,Put,900,-0.15%,1.86,1.92,1.97,594,182,3.26,-0.042177,2026-09-29
HOOD,116.22,2026-10-09,10,Call,113,+0.03%,6.45,6.05,6.7,899,276,3.26,0.630817,2026-09-29
HONA,155.44,2026-11-20,53,Call,165,-0.06%,6.5,7.28,7.9,980,301,3.26,0.410429,2026-09-29
SPCX,149.24,2026-10-09,10,Call,148,+0.01%,5.15,5.35,5.4,4179,1280,3.26,0.563984,2026-09-29
BE,291.25,2026-10-02,3,Put,280,-0.04%,4.6,4.65,4.75,4356,1337,3.26,-0.298509,2026-09-29
BABA,107.74,2027-06-17,261,Call,280,-1.60%,0.39,0.51,0.63,563,174,3.24,0.030902,2026-09-29
CMG,31.88,2026-10-09,10,Call,32.5,-0.02%,0.68,0.82,0.81,615,190,3.24,0.424024,2026-09-29
WULF,15.09,2026-10-09,10,Call,17.5,-0.16%,0.15,0.14,0.17,2169,670,3.24,0.153772,2026-09-29
UNIT,8.57,2027-01-15,109,Call,9,-0.05%,0.95,0.95,1,762,236,3.23,0.499084,2026-09-29
NVDA,227.21,2026-10-16,17,Call,227.5,0.00%,6.2,6.15,6.25,6757,2092,3.23,0.515452,2026-09-29
GAP,23.54,2027-01-15,109,Call,28,-0.19%,0.76,0.74,0.97,528,164,3.22,0.277262,2026-09-29
RXRX,4.03,2026-10-09,10,Call,4.5,-0.12%,0.01,0.1,0.15,1042,324,3.22,0.247435,2026-09-29
BAC,54.96,2026-10-09,10,Put,54,-0.02%,0.47,0.53,0.52,3760,1167,3.22,-0.324685,2026-09-29
INTU,268.03,2027-06-17,261,Call,300,-0.12%,34.1,34.4,36.9,552,172,3.21,0.492598,2026-09-29
CVS,87.1,2026-10-02,3,Put,85,-0.02%,0.41,0.61,0.6,562,175,3.21,-0.252098,2026-09-29
BAC,54.96,2026-10-02,3,Call,54,+0.02%,1.22,1.31,1.32,1034,322,3.21,0.719891,2026-09-29
ORCL,137.79,2026-10-09,10,Call,150,-0.09%,1.26,1.29,1.32,5557,1730,3.21,0.192229,2026-09-29
INTC,115.93,2026-10-05,6,Call,118,-0.02%,2.54,2.58,2.63,1001,314,3.19,0.424203,2026-09-29
LCID,4.07,2026-10-16,17,Put,5,+0.23%,0.97,1.06,1.13,7517,2354,3.19,-0.760194,2026-09-29
META,738.79,2026-10-02,3,Call,780,-0.06%,2,2,2.06,6806,2141,3.18,0.123615,2026-09-29
SNDK,1729.76,2026-10-02,3,Put,1715,-0.01%,41.7,43.06,47,559,176,3.18,-0.438347,2026-09-29
DOCU,66.98,2026-10-02,3,Call,70,-0.05%,0.27,0.33,0.4,698,221,3.16,0.190737,2026-09-29
MDB,337.19,2026-10-02,3,Call,350,-0.04%,4.25,4.4,4.85,4241,1344,3.16,0.310968,2026-09-29
LQDA,70.69,2026-10-02,3,Put,54,-0.24%,0,0.15,0.55,727,231,3.15,-0.050209,2026-09-29
WRBY,27.47,2026-12-18,81,Put,25,-0.09%,2.35,2.62,2.8,1075,341,3.15,-0.322498,2026-09-29
PK,15.57,2026-10-16,17,Call,12.5,+0.20%,2.9,3.1,3.2,1141,362,3.15,0.955299,2026-09-29
META,738.79,2026-10-02,3,Call,765,-0.04%,4,4,4.1,7176,2286,3.14,0.221851,2026-09-29
LRCX,323.86,2026-10-09,10,Put,255,-0.21%,0.02,0.18,0.25,513,164,3.13,-0.010967,2026-09-29
ROKU,152.14,2026-12-18,81,Call,160,-0.05%,1.75,3.35,4.7,978,313,3.12,0.348786,2026-09-29
IREN,41.38,2026-10-16,17,Call,45.5,-0.10%,1.23,1.23,1.33,890,286,3.11,0.315353,2026-09-29
RXT,3.94,2027-01-15,109,Call,8,-1.03%,0.15,0.2,0.55,1000,322,3.11,0.275585,2026-09-29
MDB,337.19,2026-10-16,17,Put,310,-0.08%,4.1,7.12,8.45,1118,360,3.11,-0.232594,2026-09-29
CRWD,262.74,2026-10-02,3,Put,237.5,-0.10%,0.26,0.3,0.32,1459,470,3.1,-0.043706,2026-09-29
SPCX,149.24,2026-10-09,10,Put,147,-0.02%,3.3,3.25,3.4,1817,587,3.1,-0.401113,2026-09-29
MRVL,263.27,2026-10-02,3,Put,262.5,0.00%,6.1,6.26,6.4,757,245,3.09,-0.467361,2026-09-29
KMX,59.23,2028-12-15,809,Call,50,+0.16%,21.5,24.8,25.4,1691,548,3.09,0.771655,2026-09-29
DDOG,268.56,2027-01-15,109,Call,320,-0.19%,19.65,18.95,20.85,1628,528,3.08,0.379797,2026-09-29
U,39.72,2026-10-02,3,Put,39,-0.02%,0.55,0.6,0.85,623,203,3.07,-0.375563,2026-09-29
USB,58.14,2026-12-18,81,Call,40,+0.31%,16.55,18,20.25,1170,381,3.07,0.949823,2026-09-29
STZ,112.77,2026-12-18,81,Call,115,-0.02%,5.5,5.64,5.8,547,179,3.06,0.475629,2026-09-29
NBIS,237.35,2026-10-02,3,Put,242.5,+0.02%,10.2,10.25,10.95,759,249,3.05,-0.587208,2026-09-29
UBER,69.36,2026-10-16,17,Call,71,-0.02%,1.38,1.33,1.45,2205,722,3.05,0.400507,2026-09-29
SPCX,149.24,2026-10-02,3,Put,148,-0.01%,2.09,2.09,2.13,16404,5397,3.04,-0.416192,2026-09-29
MDB,337.19,2026-10-02,3,Put,325,-0.04%,3.6,4.2,4.95,568,187,3.04,-0.284001,2026-09-29
AGNC,9.45,2027-01-15,109,Call,8,+0.15%,1.23,1.23,1.56,602,198,3.04,0.950866,2026-09-29
NVDA,227.21,2026-11-06,39,Put,200,-0.12%,1.59,1.62,1.66,1530,504,3.04,-0.118762,2026-09-29
TSLA,352.84,2026-10-09,10,Call,350,+0.01%,10.8,11,11.1,2037,669,3.04,0.56809,2026-09-29
IREN,41.38,2026-10-02,3,Call,42,-0.01%,0.96,0.96,1.01,3577,1178,3.04,0.439125,2026-09-29
INTC,115.93,2026-10-09,10,Call,118,-0.02%,3.95,3.9,4.05,1410,466,3.03,0.457713,2026-09-29
META,738.79,2026-10-05,6,Call,780,-0.06%,3,3.05,3.1,562,186,3.02,0.155988,2026-09-29
SCHW,99.1,2026-10-02,3,Call,99,0.00%,1.2,1.2,1.34,904,299,3.02,0.521998,2026-09-29
SPCX,149.24,2026-10-02,3,Put,147,-0.02%,1.69,1.7,1.73,14050,4648,3.02,-0.359466,2026-09-29
NVDA,227.21,2026-10-07,8,Put,225,-0.01%,2.9,3.01,2.98,657,218,3.01,-0.398919,2026-09-29
COLD,14.54,2026-10-16,17,Call,12.5,+0.14%,1.95,2.08,2.2,826,274,3.01,0.934315,2026-09-29
NVDA,227.21,2026-10-07,8,Call,232.5,-0.02%,1.91,1.9,1.99,2230,741,3.01,0.312539,2026-09-29
DKNG,19.59,2026-10-02,3,Call,20.5,-0.05%,0.16,0.17,0.19,1046,349,3,0.246563,2026-09-29
AAPL,329.4,2026-10-02,3,Call,322.5,+0.02%,7.8,7.85,9.15,821,275,2.99,0.759254,2026-09-29
HOOD,116.22,2026-10-02,3,Call,118,-0.02%,2.38,2.4,2.46,3014,1008,2.99,0.427926,2026-09-29
GEMI,5.29,2026-10-09,10,Put,5,-0.05%,0.15,0.2,0.25,567,190,2.98,-0.330228,2026-09-29
AMD,607.57,2026-10-09,10,Call,635,-0.05%,9.8,10,10.4,823,276,2.98,0.318772,2026-09-29
SLS,11.51,2026-11-20,53,Put,9,-0.22%,1.55,1.82,1.85,1522,511,2.98,-0.239423,2026-09-29
AAPL,329.4,2026-09-30,1,Put,320,-0.03%,0.08,0.1,0.1,7797,2620,2.98,-0.04024,2026-09-29
SOFI,15.91,2026-10-02,3,Call,16,-0.01%,0.25,0.26,0.26,22812,7644,2.98,0.463594,2026-09-29
MX,3.89,2026-10-16,17,Call,5,-0.29%,0.1,0.11,0.15,2046,689,2.97,0.223388,2026-09-29
GOOGL,340.92,2026-09-30,1,Call,347.5,-0.02%,0.39,0.41,0.44,4030,1356,2.97,0.138783,2026-09-29
META,738.79,2026-10-02,3,Put,682.5,-0.08%,0.44,0.55,0.52,722,244,2.96,-0.035942,2026-09-29
MU,1065.08,2026-10-02,3,Put,1080,+0.01%,48.1,48.6,48.7,2410,813,2.96,-0.538292,2026-09-29
BE,291.25,2026-10-02,3,Call,300,-0.03%,6.15,6.26,6.35,11795,3991,2.96,0.380827,2026-09-29
CPNG,13.85,2027-01-15,109,Call,17,-0.23%,0.27,0.55,0.81,10028,3404,2.95,0.274122,2026-09-29
UAA,4.27,2026-11-20,53,Put,4,-0.06%,0.15,0.2,0.25,539,183,2.95,-0.325159,2026-09-29
ARM,293.67,2026-10-02,3,Call,307.5,-0.05%,4.05,4.05,4.3,929,315,2.95,0.295755,2026-09-29
PSKY,9.99,2026-10-09,10,Call,9.5,+0.05%,0.64,0.65,0.76,5665,1932,2.93,0.70457,2026-09-29
SPCX,149.24,2026-10-02,3,Call,147,+0.02%,3.95,3.99,4.15,10602,3615,2.93,0.638439,2026-09-29
WMT,106.8,2026-10-02,3,Call,108,-0.01%,0.5,0.52,0.54,7823,2679,2.92,0.323803,2026-09-29
INTC,115.93,2026-10-02,3,Put,111,-0.04%,1.02,1.04,1.04,2952,1012,2.92,-0.233993,2026-09-29
SNDX,18.24,2026-10-16,17,Call,21,-0.15%,0.15,0.4,0.5,710,244,2.91,0.212608,2026-09-29
GOOGL,340.92,2026-10-09,10,Call,360,-0.06%,1.32,1.4,1.46,6168,2118,2.91,0.155272,2026-09-29
SPCX,149.24,2026-10-09,10,Call,150,-0.01%,4.15,4.2,4.4,8816,3030,2.91,0.494374,2026-09-29
LI,11.23,2028-01-21,480,Put,13,+0.16%,3.2,3.2,3.55,1520,525,2.9,-0.468766,2026-09-29
AVGO,355.1,2026-10-09,10,Call,372.5,-0.05%,2.67,2.85,2.9,1911,658,2.9,0.228862,2026-09-29
ADI,398.22,2026-10-02,3,Call,395,+0.01%,6,7.8,9,629,218,2.89,0.598656,2026-09-29
U,39.72,2026-10-02,3,Put,38.5,-0.03%,0.29,0.43,0.69,787,272,2.89,-0.298158,2026-09-29
NVTS,11.73,2026-11-20,53,Call,12,-0.02%,1.47,1.47,1.51,1133,392,2.89,0.547324,2026-09-29
NVDA,227.21,2026-10-07,8,Call,237.5,-0.05%,0.79,0.82,0.84,631,219,2.88,0.161106,2026-09-29
ORCL,137.79,2026-10-09,10,Call,142,-0.03%,3,3.17,3.6,643,223,2.88,0.390996,2026-09-29
CRML,7.38,2026-10-23,24,Call,9,-0.22%,0.2,0.32,0.4,1003,348,2.88,0.277783,2026-09-29
VKTX,31.81,2026-10-02,3,Call,33,-0.04%,0.35,0.4,0.7,2403,833,2.88,0.33419,2026-09-29
XYZ,74.05,2026-10-02,3,Put,71,-0.04%,0.01,0.41,0.38,600,209,2.87,-0.132823,2026-09-29
BABA,107.74,2026-10-09,10,Call,111,-0.03%,1.4,1.4,1.53,687,239,2.87,0.332526,2026-09-29
ARM,293.67,2026-10-02,3,Call,295,0.00%,8.15,8.49,8.8,813,283,2.87,0.493772,2026-09-29
INTC,115.93,2026-09-30,1,Put,113,-0.03%,0.48,0.51,0.51,5714,1994,2.87,-0.217912,2026-09-29
AMD,607.57,2026-09-30,1,Put,580,-0.05%,0.34,0.38,0.39,6369,2218,2.87,-0.04987,2026-09-29
BE,291.25,2026-10-09,10,Call,320,-0.10%,5.75,5.75,7,575,201,2.86,0.274295,2026-09-29
RDDT,145.36,2026-11-20,53,Call,230,-0.58%,0.83,0.89,1.08,836,292,2.86,0.061934,2026-09-29
USAR,14.07,2026-10-02,3,Call,14.5,-0.03%,0.18,0.18,0.21,914,320,2.86,0.335799,2026-09-29
CSCO,106.94,2026-10-16,17,Call,109,-0.02%,1.68,1.68,1.77,1423,497,2.86,0.393279,2026-09-29
SNPS,415.09,2028-01-21,480,Call,400,+0.04%,103.1,101.5,107.3,510,179,2.85,0.673148,2026-09-29
WULF,15.09,2027-01-15,109,Put,14,-0.07%,1.92,1.94,2.04,5401,1894,2.85,-0.379418,2026-09-29
TSLA,352.84,2026-10-09,10,Put,367.5,+0.04%,17.95,18.23,18.4,655,231,2.84,-0.721937,2026-09-29
DELL,539.59,2026-10-02,3,Call,585,-0.08%,1.78,1.79,2.05,742,261,2.84,0.11472,2026-09-29
NOW,129.94,2026-10-02,3,Call,133,-0.02%,1.56,1.64,1.64,851,300,2.84,0.346866,2026-09-29
ORCL,137.79,2026-10-02,3,Call,146,-0.06%,0.73,0.75,0.77,1872,659,2.84,0.1743,2026-09-29
META,738.79,2026-10-07,8,Call,800,-0.08%,2.39,2.55,2.75,639,226,2.83,0.114745,2026-09-29
SCHW,99.1,2026-10-02,3,Put,96,-0.03%,0.27,0.31,0.35,4494,1590,2.83,-0.169422,2026-09-29
ORCL,137.79,2026-10-02,3,Call,135,+0.02%,4.5,4.58,4.7,7106,2512,2.83,0.656896,2026-09-29
META,738.79,2026-09-30,1,Call,700,+0.05%,37,41,40.95,867,307,2.82,0.983085,2026-09-29
CIFR,16.51,2026-10-02,3,Put,18.5,+0.12%,2.07,1.95,2.52,2708,961,2.82,-0.762779,2026-09-29
RKLB,69.7,2026-10-23,24,Put,75,+0.08%,7.6,7.35,9.1,810,288,2.81,-0.613645,2026-09-29
WMT,106.8,2026-10-02,3,Call,107,0.00%,0.91,0.92,0.95,4865,1729,2.81,0.477439,2026-09-29
SERV,4.63,2026-10-02,3,Call,4.5,+0.03%,0.2,0.22,0.22,6176,2194,2.81,0.665549,2026-09-29
IONQ,43.91,2026-10-23,24,Call,47,-0.07%,1.91,2.01,2.24,504,180,2.8,0.397357,2026-09-29
AMD,607.57,2026-09-30,1,Put,592.5,-0.02%,1.35,1.5,1.49,1700,608,2.8,-0.165476,2026-09-29
MU,1065.08,2026-10-02,3,Call,1095,-0.03%,28.2,28.49,28.85,1904,680,2.8,0.40717,2026-09-29
HHH,74.88,2027-01-15,109,Put,60,-0.20%,0.75,1.1,1.15,2907,1038,2.8,-0.113229,2026-09-29
META,738.79,2026-10-02,3,Put,707.5,-0.04%,2.29,2.34,2.35,664,238,2.79,-0.14385,2026-09-29
BMNR,26.73,2026-10-02,3,Call,26.5,+0.01%,0.94,0.95,1.04,916,330,2.78,0.559812,2026-09-29
TSLA,352.84,2026-10-09,10,Put,352.5,0.00%,8.65,8.7,8.75,512,185,2.77,-0.47603,2026-09-29
MU,1065.08,2026-10-09,10,Put,1070,0.00%,50.8,51.19,55.8,832,300,2.77,-0.488447,2026-09-29
AVGO,355.1,2026-10-05,6,Call,365,-0.03%,2.29,2.4,2.57,1013,366,2.77,0.269413,2026-09-29
AAPL,329.4,2026-10-02,3,Put,322.5,-0.02%,0.84,0.91,0.9,5687,2050,2.77,-0.190752,2026-09-29
INTC,115.93,2026-09-30,1,Call,115,+0.01%,2.06,2.08,2.11,6382,2304,2.77,0.601079,2026-09-29
TSLA,352.84,2026-09-30,1,Put,357.5,+0.01%,5.75,5.8,5.9,10704,3862,2.77,-0.7312,2026-09-29
NVTS,11.73,2026-10-02,3,Call,12.5,-0.07%,0.14,0.15,0.15,11216,4044,2.77,0.248113,2026-09-29
SPCX,149.24,2026-10-02,3,Call,152.5,-0.02%,1.45,1.47,1.49,29537,10655,2.77,0.331175,2026-09-29
MRVL,263.27,2026-10-02,3,Put,257.5,-0.02%,4,4.08,4.2,808,293,2.76,-0.350495,2026-09-29
NBIS,237.35,2027-03-19,171,Put,100,-0.58%,2.8,3.5,3.9,984,357,2.76,-0.042777,2026-09-29
NVDA,227.21,2026-10-05,6,Call,237.5,-0.05%,0.46,0.45,0.47,3209,1161,2.76,0.11718,2026-09-29
WMT,106.8,2026-10-30,31,Call,120,-0.12%,0.16,0.17,0.2,512,186,2.75,0.057302,2026-09-29
MRVL,263.27,2026-10-02,3,Call,277.5,-0.05%,1.99,2.06,2.14,789,287,2.75,0.218525,2026-09-29
IREN,41.38,2026-10-02,3,Call,42.5,-0.03%,0.77,0.8,0.82,1539,559,2.75,0.378731,2026-09-29
MSFT,508.96,2026-10-02,3,Call,512.5,-0.01%,4.15,4.31,4.6,3355,1222,2.75,0.414899,2026-09-29
BE,291.25,2026-10-02,3,Call,312.5,-0.07%,3.05,3.05,3.2,613,224,2.74,0.223057,2026-09-29
DOW,27.61,2027-03-19,171,Put,25,-0.09%,1.73,1.77,1.9,4009,1465,2.74,-0.308809,2026-09-29
CRCL,83.7,2026-10-09,10,Put,82,-0.02%,2.82,3.1,3.15,667,244,2.73,-0.403915,2026-09-29
HPQ,30.73,2026-11-20,53,Call,31,-0.01%,2.08,2.38,2.27,1023,375,2.73,0.517187,2026-09-29
META,738.79,2026-10-05,6,Call,800,-0.08%,1.31,1.31,1.34,1211,444,2.73,0.075574,2026-09-29
INTC,115.93,2026-10-16,17,Call,131,-0.13%,1.92,1.96,1.98,6037,2219,2.72,0.219679,2026-09-29
MSTR,154.67,2026-10-16,17,Call,165,-0.07%,5.1,5.09,5.2,6360,2335,2.72,0.360974,2026-09-29
AAPL,329.4,2026-10-02,3,Put,325,-0.01%,1.35,1.45,1.42,10518,3870,2.72,-0.279794,2026-09-29
NVDA,227.21,2026-10-02,3,Put,230,+0.01%,4.25,4.25,4.3,25722,9469,2.72,-0.652682,2026-09-29
NVDA,227.21,2026-10-05,6,Put,212.5,-0.06%,0.28,0.28,0.29,2644,979,2.7,-0.063284,2026-09-29
RIVN,14.97,2026-10-09,10,Call,15.5,-0.04%,0.37,0.38,0.4,4822,1783,2.7,0.387034,2026-09-29
NOW,129.94,2026-10-02,3,Call,134,-0.03%,1.26,1.3,1.34,604,225,2.68,0.29786,2026-09-29
CCL,25.11,2026-10-09,10,Call,27,-0.08%,0.2,0.22,0.26,895,334,2.68,0.204072,2026-09-29
SMMT,16.39,2026-11-20,53,Call,18,-0.10%,2,2.3,2.4,550,206,2.67,0.502705,2026-09-29
MDB,337.19,2026-10-02,3,Put,305,-0.10%,0.61,0.7,1.05,629,236,2.67,-0.074659,2026-09-29
CRDO,192.35,2026-10-30,31,Call,190,+0.01%,17.7,18.9,19.4,527,198,2.66,0.572207,2026-09-29
MDB,337.19,2026-10-02,3,Call,330,+0.02%,12.4,12.3,14.95,1731,651,2.66,0.632898,2026-09-29
TTD,12.05,2026-10-02,3,Put,12,0.00%,0.21,0.23,0.33,3545,1331,2.66,-0.459177,2026-09-29
EQNR,41.34,2026-10-16,17,Put,39,-0.06%,0.45,0.52,0.55,5001,1882,2.66,-0.232631,2026-09-29
NOW,129.94,2026-10-30,31,Put,123,-0.05%,5.3,5.45,5.65,514,194,2.65,-0.336584,2026-09-29
MDB,337.19,2026-10-02,3,Call,342.5,-0.02%,6.6,7.14,8,655,247,2.65,0.429114,2026-09-29
CLX,81.6,2028-01-21,480,Call,80,+0.02%,11.2,12,13,668,252,2.65,0.558177,2026-09-29
ZVRA,11.34,2028-01-21,480,Put,15,+0.32%,4.7,5.43,6.2,724,273,2.65,-0.494676,2026-09-29
AMD,607.57,2026-09-30,1,Call,642.5,-0.06%,0.15,0.19,0.25,2152,811,2.65,0.029378,2026-09-29
BE,291.25,2026-10-16,17,Call,325,-0.12%,8.75,8.9,9.05,802,304,2.64,0.299607,2026-09-29
TRIP,8.4,2027-12-17,445,Put,8,-0.05%,1.45,1.55,2,885,335,2.64,-0.325234,2026-09-29
W,101.95,2027-01-15,109,Call,115,-0.13%,8,8.34,9.75,2501,946,2.64,0.432967,2026-09-29
AMZN,246.67,2026-10-05,6,Put,250,+0.01%,5.05,5.14,6.05,612,233,2.63,-0.627577,2026-09-29
NVDA,227.21,2026-10-02,3,Put,247.5,+0.09%,19.75,19.95,20.85,1009,383,2.63,-0.991779,2026-09-29
VKTX,31.81,2027-12-17,445,Call,50,-0.57%,8.5,8.5,9.75,2056,781,2.63,0.559169,2026-09-29
AMZN,246.67,2026-10-02,3,Call,247.5,0.00%,2.48,2.52,2.63,9157,3491,2.62,0.464946,2026-09-29
MSFT,508.96,2026-10-05,6,Call,515,-0.01%,4.1,4.1,4.6,511,196,2.61,0.374741,2026-09-29
AMD,607.57,2026-10-05,6,Put,560,-0.08%,1.38,1.6,1.58,645,247,2.61,-0.084778,2026-09-29
AAPL,329.4,2026-10-05,6,Put,335,+0.02%,6.7,7.09,7.5,719,276,2.61,-0.71479,2026-09-29
BE,291.25,2026-10-02,3,Call,330,-0.13%,1.03,1.04,1.08,2236,857,2.61,0.090039,2026-09-29
INTC,115.93,2026-10-16,17,Call,117,-0.01%,5.8,5.75,5.95,951,366,2.6,0.504787,2026-09-29
AXTI,78.18,2026-12-18,81,Call,70,+0.10%,19.3,20.74,22.2,1026,394,2.6,0.688664,2026-09-29
TSLA,352.84,2026-10-09,10,Call,357.5,-0.01%,7.35,7.45,7.5,1054,406,2.6,0.441103,2026-09-29
WULF,15.09,2026-10-30,31,Call,17,-0.13%,0.71,0.73,0.73,1584,609,2.6,0.33332,2026-09-29
MSTR,154.67,2026-12-18,81,Call,450,-1.91%,0.31,0.44,0.5,2019,776,2.6,0.018208,2026-09-29
AAPL,329.4,2026-10-02,3,Put,332.5,+0.01%,4.65,5.05,4.85,7109,2735,2.6,-0.65243,2026-09-29
ET,19.91,2027-01-15,109,Call,21,-0.05%,0.33,0.4,0.44,12933,4997,2.59,0.302474,2026-09-29
META,738.79,2026-10-02,3,Call,717.5,+0.03%,25.85,27.15,26.25,1004,388,2.59,0.761164,2026-09-29
INTC,115.93,2026-09-30,1,Put,110,-0.05%,0.11,0.11,0.12,3825,1476,2.59,-0.064172,2026-09-29
MSTR,154.67,2026-10-02,3,Call,157.5,-0.02%,3.1,3.15,3.2,4357,1685,2.59,0.414258,2026-09-29
MRNA,203.46,2026-10-02,3,Call,227.5,-0.12%,0.8,0.99,1.11,514,199,2.58,0.112995,2026-09-29
BMEA,1.26,2026-10-16,17,Call,1.5,-0.19%,0,0.1,0.25,1002,388,2.58,0.415146,2026-09-29
TSLA,352.84,2026-10-02,3,Call,407.5,-0.15%,0.1,0.1,0.11,2053,797,2.58,0.013518,2026-09-29
HOOD,116.22,2026-10-02,3,Call,117,-0.01%,2.8,2.82,2.86,2197,850,2.58,0.47661,2026-09-29
OBE,10.23,2027-04-16,199,Call,20,-0.96%,0.25,0.4,0.45,717,279,2.57,0.157374,2026-09-29
MSFT,508.96,2026-10-05,6,Call,525,-0.03%,1.65,1.7,1.9,517,202,2.56,0.189406,2026-09-29
JNJ,267.57,2026-10-02,3,Put,262.5,-0.02%,0.52,0.85,1.02,627,246,2.55,-0.208695,2026-09-29
SPCX,149.24,2026-10-09,10,Put,146,-0.02%,2.9,2.73,2.96,1197,470,2.55,-0.366168,2026-09-29
ORCL,137.79,2026-10-09,10,Call,140,-0.02%,3.75,3.85,3.9,2349,921,2.55,0.44731,2026-09-29
NVDA,227.21,2026-10-09,10,Put,230,+0.01%,5.85,6.05,6,12108,4752,2.55,-0.58277,2026-09-29
ASTS,59.4,2026-10-16,17,Call,64,-0.08%,2.12,2.24,2.32,521,205,2.54,0.361115,2026-09-29
MSTR,154.67,2026-10-09,10,Call,157.5,-0.02%,5.45,5.6,5.85,625,246,2.54,0.460802,2026-09-29
NVTS,11.73,2026-10-16,17,Call,12.5,-0.07%,0.49,0.54,0.59,1553,611,2.54,0.399079,2026-09-29
AMD,607.57,2026-10-02,3,Call,607.5,0.00%,12.1,12.4,12.6,1935,761,2.54,0.513497,2026-09-29
PLTR,186.97,2027-12-17,445,Call,370,-0.98%,13.9,14,14.9,2240,883,2.54,0.261795,2026-09-29
NVDA,227.21,2026-10-05,6,Put,232.5,+0.02%,6.4,6.55,6.45,791,313,2.53,-0.73808,2026-09-29
BMNR,26.73,2026-10-02,3,Call,26,+0.03%,1.17,1.24,1.34,2019,799,2.53,0.65261,2026-09-29
BA,187.68,2026-10-02,3,Call,190,-0.01%,1.69,1.86,1.84,4246,1677,2.53,0.375912,2026-09-29
GOOGL,340.92,2026-10-05,6,Call,345,-0.01%,2.92,3.04,3.2,631,250,2.52,0.378952,2026-09-29
UNH,374.94,2026-10-09,10,Put,350,-0.07%,1.69,1.78,1.89,1274,505,2.52,-0.13872,2026-09-29
CSCO,106.94,2026-10-02,3,Call,109,-0.02%,0.39,0.39,0.44,2066,819,2.52,0.245858,2026-09-29
AVGO,355.1,2026-10-02,3,Call,365,-0.03%,1.7,1.73,1.77,7308,2896,2.52,0.233305,2026-09-29
SPCX,149.24,2026-10-02,3,Call,146,+0.02%,4.65,4.7,4.8,6889,2750,2.51,0.689921,2026-09-29
ORCL,137.79,2026-10-02,3,Put,140,+0.02%,4.1,4.15,4.2,11079,4406,2.51,-0.607038,2026-09-29
MDB,337.19,2026-10-02,3,Call,340,-0.01%,7.4,7.38,8.1,1965,784,2.51,0.465817,2026-09-29
ARM,293.67,2026-10-02,3,Call,300,-0.02%,6.35,6.45,6.6,3410,1359,2.51,0.409269,2026-09-29
NVDA,227.21,2026-10-02,3,Call,217.5,+0.04%,10.3,10.35,10.35,4912,1958,2.51,0.87547,2026-09-29
SMMT,16.39,2026-10-02,3,Put,16.5,+0.01%,0.6,0.6,0.75,819,327,2.5,-0.508219,2026-09-29
PLTR,186.97,2026-10-23,24,Call,225,-0.20%,0.59,0.64,0.69,839,335,2.5,0.068699,2026-09-29
TSLA,352.84,2026-10-07,8,Call,365,-0.03%,3.7,3.84,3.85,930,372,2.5,0.296983,2026-09-29
APLD,25.41,2026-11-20,53,Call,35,-0.38%,0.81,0.87,0.95,1810,724,2.5,0.214551,2026-09-29
NVDA,227.21,2026-10-02,3,Put,232.5,+0.02%,6,6.2,6.1,3933,1572,2.5,-0.781932,2026-09-29
CCL,25.11,2026-10-23,24,Put,23,-0.08%,0.3,0.33,0.36,651,261,2.49,-0.198733,2026-09-29
RKLB,69.7,2026-10-23,24,Call,76,-0.09%,2.53,2.52,2.75,1019,410,2.49,0.349631,2026-09-29
PLTR,186.97,2026-10-09,10,Put,187.5,0.00%,5.6,5.75,6.2,639,258,2.48,-0.495165,2026-09-29
ANF,133.59,2026-10-02,3,Call,135,-0.01%,2,2.35,2.6,1267,510,2.48,0.436723,2026-09-29
MSTR,154.67,2026-10-30,31,Call,200,-0.29%,2.28,2.28,2.75,1546,624,2.48,0.153564,2026-09-29
AMT,167.35,2026-11-20,53,Put,150,-0.10%,1.2,1.4,1.8,519,210,2.47,-0.148446,2026-09-29
CMCSA,21.6,2026-10-09,10,Call,22,-0.02%,0.2,0.22,0.24,643,260,2.47,0.345851,2026-09-29
AVGO,355.1,2026-10-09,10,Put,335,-0.06%,1.5,1.75,2.27,2311,934,2.47,-0.160053,2026-09-29
PSKY,9.99,2028-01-21,480,Call,15,-0.50%,1.11,1.2,1.44,15095,6133,2.46,0.387377,2026-09-29
STM,53.24,2026-10-16,17,Call,54,-0.01%,1.95,1.95,2.1,1351,549,2.46,0.475979,2026-09-29
RUN,7.72,2026-10-09,10,Put,7,-0.09%,0.08,0.1,0.11,526,215,2.45,-0.182885,2026-09-29
IOVA,14.45,2026-12-18,81,Call,17.5,-0.21%,1.45,1.87,2.05,1313,537,2.45,0.441551,2026-09-29
ARRY,3.99,2026-11-20,53,Call,5,-0.25%,0.15,0.2,0.2,1687,688,2.45,0.276735,2026-09-29
AAPL,329.4,2026-10-09,10,Call,337.5,-0.02%,2.06,2.15,2.2,1695,693,2.45,0.278068,2026-09-29
AAPL,329.4,2026-09-30,1,Put,335,+0.02%,5.15,5.75,5.85,8452,3454,2.45,-0.910851,2026-09-29
WULF,15.09,2026-10-09,10,Call,16.5,-0.09%,0.3,0.32,0.33,511,209,2.44,0.267298,2026-09-29
NCLH,14.8,2026-11-20,53,Call,18,-0.22%,0.33,0.37,0.39,584,239,2.44,0.218564,2026-09-29
GOOG,337.32,2027-09-17,353,Put,355,+0.05%,46.6,47.95,49.05,1002,411,2.44,-0.473658,2026-09-29
ORCL,137.79,2026-10-09,10,Call,143,-0.04%,2.72,2.77,3.05,1290,529,2.44,0.359244,2026-09-29
FOXA,62.48,2027-01-15,109,Call,50,+0.20%,12.7,13.79,15.1,1460,598,2.44,0.857797,2026-09-29
INTC,115.93,2026-10-02,3,Call,123,-0.06%,0.76,0.77,0.78,2561,1051,2.44,0.191048,2026-09-29
NIO,3.4,2026-10-09,10,Call,3,+0.12%,0.41,0.42,0.44,583,240,2.43,0.885708,2026-09-29
ORCL,137.79,2026-10-02,3,Call,137,+0.01%,3.35,3.4,3.5,3750,1542,2.43,0.554073,2026-09-29
PSKY,9.99,2026-10-16,17,Call,9.5,+0.05%,0.76,0.81,0.99,4672,1919,2.43,0.658919,2026-09-29
BE,291.25,2026-10-02,3,Call,290,0.00%,10.2,10.15,10.45,5180,2130,2.43,0.538696,2026-09-29
TSLA,352.84,2026-09-30,1,Put,360,+0.02%,7.7,7.9,8,5903,2426,2.43,-0.822582,2026-09-29
TSLA,352.84,2026-10-02,3,Call,365,-0.03%,2,2,2.03,15034,6185,2.43,0.228866,2026-09-29
NVDA,227.21,2026-10-02,3,Put,227.5,0.00%,2.84,2.93,2.86,17186,7110,2.42,-0.507882,2026-09-29
ORCL,137.79,2026-10-16,17,Call,138,0.00%,5.85,6.05,6.05,652,269,2.42,0.519948,2026-09-29
META,738.79,2026-09-30,1,Put,737.5,0.00%,6.4,6.55,6.5,669,277,2.42,-0.464983,2026-09-29
CSCO,106.94,2026-10-02,3,Call,105,+0.02%,2.18,2.65,2.79,695,287,2.42,0.735476,2026-09-29
MU,1065.08,2026-10-02,3,Call,1062.5,0.00%,41.5,42.15,42.2,945,391,2.42,0.530442,2026-09-29
CVNA,63.62,2026-11-20,53,Call,85,-0.34%,1.28,1.39,1.51,2539,1048,2.42,0.17332,2026-09-29
USB,58.14,2027-01-15,109,Call,37.5,+0.36%,20.5,20.65,20.95,2951,1222,2.41,0.974806,2026-09-29
BAC,54.96,2026-10-09,10,Call,55,0.00%,0.87,0.98,0.98,815,339,2.4,0.505432,2026-09-29
AMD,607.57,2026-09-30,1,Call,607.5,0.00%,6.25,6.44,6.6,1143,476,2.4,0.508605,2026-09-29
ISRG,412.18,2026-10-16,17,Put,360,-0.13%,0.1,0.49,0.6,1000,419,2.39,-0.029076,2026-09-29
CRWV,85.93,2026-10-23,24,Put,85,-0.01%,5.5,5.6,5.7,1424,596,2.39,-0.435802,2026-09-29
AVGO,355.1,2027-09-17,353,Put,195,-0.45%,3.25,4.07,5.05,1500,628,2.39,-0.051674,2026-09-29
ANET,202.86,2026-10-02,3,Call,210,-0.04%,1.13,1.23,1.34,1667,697,2.39,0.233394,2026-09-29
INTC,115.93,2026-10-16,17,Call,118,-0.02%,5.4,5.35,5.5,692,291,2.38,0.479974,2026-09-29
TSLA,352.84,2026-10-05,6,Put,330,-0.06%,0.78,0.76,0.81,737,310,2.38,-0.091629,2026-09-29
FSLR,176.93,2026-12-18,81,Call,200,-0.13%,9.65,10.25,10.95,849,357,2.38,0.375992,2026-09-29
HOOD,116.22,2026-10-02,3,Call,116,0.00%,3.25,3.27,3.4,1912,802,2.38,0.526549,2026-09-29
EIX,53.56,2026-11-20,53,Put,50,-0.07%,1.25,1.8,1.8,1108,467,2.37,-0.294496,2026-09-29
DKNG,19.59,2026-10-16,17,Call,22,-0.12%,0.27,0.28,0.32,1797,759,2.37,0.212928,2026-09-29
APLD,25.41,2026-10-02,3,Call,26,-0.02%,0.5,0.53,0.54,3241,1370,2.37,0.397055,2026-09-29
AMD,607.57,2026-09-30,1,Put,600,-0.01%,3.05,3.15,3.3,7897,3326,2.37,-0.308987,2026-09-29
INTC,115.93,2026-10-05,6,Call,116,0.00%,3.35,3.4,3.55,657,278,2.36,0.514666,2026-09-29
COHR,292.21,2026-10-02,3,Call,300,-0.03%,5,5.66,6.3,1157,491,2.36,0.380617,2026-09-29
MSFT,508.96,2026-09-30,1,Call,527.5,-0.04%,0.1,0.1,0.14,3340,1418,2.36,0.031754,2026-09-29
PLTR,186.97,2026-10-23,24,Put,155,-0.17%,0.72,0.81,0.81,731,311,2.35,-0.066811,2026-09-29
SMCI,41.02,2026-10-09,10,Call,41.5,-0.01%,1.67,1.64,1.72,794,338,2.35,0.486719,2026-09-29
ORCL,137.79,2026-10-02,3,Put,133,-0.03%,1,1.03,1.06,4827,2051,2.35,-0.238571,2026-09-29
FWDI,8.01,2027-05-21,234,Call,10,-0.25%,0.85,2.07,2.15,803,343,2.34,0.510707,2026-09-29
MRVL,263.27,2026-10-02,3,Call,262.5,0.00%,6.95,7.1,7.3,1290,552,2.34,0.532953,2026-09-29
NBIS,237.35,2026-10-02,3,Call,242.5,-0.02%,5.2,5.5,5.8,1385,592,2.34,0.41315,2026-09-29
NU,12.35,2026-10-09,10,Call,13.5,-0.09%,0.1,0.11,0.13,2088,893,2.34,0.187894,2026-09-29
MU,1065.08,2026-10-02,3,Put,995,-0.07%,11.85,12.08,12.15,1075,461,2.33,-0.210961,2026-09-29
HOOD,116.22,2026-10-02,3,Put,113,-0.03%,1.67,1.74,1.77,3040,1303,2.33,-0.324478,2026-09-29
KMX,59.23,2026-10-16,17,Call,60,-0.01%,1.8,1.9,2.1,1637,705,2.32,0.472591,2026-09-29
AAPL,329.4,2026-10-23,24,Put,305,-0.07%,1.05,1.2,1.3,2397,1032,2.32,-0.109095,2026-09-29
NVTS,11.73,2026-10-02,3,Call,12,-0.02%,0.27,0.28,0.29,3496,1507,2.32,0.411424,2026-09-29
INTC,115.93,2026-10-02,3,Call,117,-0.01%,2.44,2.49,2.49,3848,1656,2.32,0.456912,2026-09-29
HAL,31.54,2027-09-17,353,Put,32,+0.01%,4.1,4,4.4,610,264,2.31,-0.427973,2026-09-29
ET,19.91,2029-01-19,844,Call,25,-0.26%,0.65,0.69,0.78,615,266,2.31,0.225327,2026-09-29
MRNA,203.46,2026-10-02,3,Put,197.5,-0.03%,3.5,3.88,4.2,695,301,2.31,-0.339391,2026-09-29
IBM,219.99,2026-10-02,3,Call,232.5,-0.06%,0.23,0.23,0.25,1516,655,2.31,0.068436,2026-09-29
INTC,115.93,2026-10-02,3,Call,125,-0.08%,0.5,0.51,0.51,18142,7860,2.31,0.134577,2026-09-29
WFC,80.48,2026-10-02,3,Put,80,-0.01%,0.61,0.68,0.79,20830,9023,2.31,-0.41086,2026-09-29
INTC,115.93,2026-10-02,3,Call,120,-0.04%,1.39,1.41,1.42,23071,9987,2.31,0.306922,2026-09-29
TSLA,352.84,2026-10-02,3,Put,345,-0.02%,2.67,2.72,2.72,7430,3235,2.3,-0.286185,2026-09-29
VTRS,18.12,2026-11-20,53,Call,19,-0.05%,0.5,0.66,0.7,600,261,2.3,0.38733,2026-09-29
SMCI,41.02,2026-10-09,10,Call,43.5,-0.06%,0.97,0.96,1.01,1608,699,2.3,0.332369,2026-09-29
TSLA,352.84,2026-10-05,6,Call,370,-0.05%,1.71,1.74,1.76,3548,1542,2.3,0.183087,2026-09-29
SPCX,149.24,2026-10-09,10,Call,152.5,-0.02%,3.1,3.19,3.2,3639,1585,2.3,0.407101,2026-09-29
CBRS,194.95,2026-10-02,3,Call,212.5,-0.09%,1.35,1.5,1.7,1072,468,2.29,0.173516,2026-09-29
NVDA,227.21,2026-10-07,8,Call,235,-0.03%,1.25,1.25,1.32,1244,544,2.29,0.229641,2026-09-29
CBRS,194.95,2026-10-02,3,Call,220,-0.13%,0.7,0.8,0.95,2121,927,2.29,0.101284,2026-09-29
MU,1065.08,2026-10-02,3,Put,990,-0.07%,10.6,10.9,10.95,2713,1187,2.29,-0.19455,2026-09-29
JBLU,4.28,2026-10-16,17,Call,4.5,-0.05%,0.11,0.15,0.15,12415,5428,2.29,0.373996,2026-09-29
MTN,141.29,2026-10-16,17,Put,135,-0.04%,2.15,2.75,2.95,640,281,2.28,-0.296577,2026-09-29
STM,53.24,2026-10-16,17,Call,53,0.00%,2.4,2.4,2.55,652,286,2.28,0.543708,2026-09-29
AMZN,246.67,2026-10-05,6,Call,252.5,-0.02%,1.29,1.36,1.38,971,426,2.28,0.26195,2026-09-29
AVGO,355.1,2026-10-02,3,Call,382.5,-0.08%,0.17,0.2,0.22,1254,549,2.28,0.034847,2026-09-29
AMD,607.57,2026-10-09,10,Call,615,-0.01%,16.65,17,17.3,1446,635,2.28,0.463155,2026-09-29
BAC,54.96,2026-10-02,3,Put,53,-0.04%,0.08,0.1,0.1,1486,652,2.28,-0.110752,2026-09-29
TEM,82.58,2026-10-09,10,Call,88,-0.07%,2.06,2.06,2.26,581,256,2.27,0.333833,2026-09-29
CTSH,56.84,2026-12-18,81,Call,70,-0.23%,1.05,1.08,1.6,1000,441,2.27,0.206752,2026-09-29
AMD,607.57,2026-09-30,1,Put,582.5,-0.04%,0.4,0.48,0.48,1468,647,2.27,-0.060457,2026-09-29
RXRX,4.03,2026-10-09,10,Call,4,+0.01%,0.23,0.25,0.27,2400,1057,2.27,0.552279,2026-09-29
ASTS,59.4,2026-10-02,3,Call,63,-0.06%,0.6,0.61,0.63,3125,1374,2.27,0.23668,2026-09-29
TSLA,352.84,2026-10-09,10,Call,360,-0.02%,6.4,6.43,6.5,3614,1593,2.27,0.400266,2026-09-29
AAPL,329.4,2026-10-09,10,Call,335,-0.02%,2.9,2.96,3.05,3693,1628,2.27,0.349844,2026-09-29
GOOGL,340.92,2027-09-17,353,Put,310,-0.09%,23.55,25.55,26.5,750,332,2.26,-0.295652,2026-09-29
IREN,41.38,2026-10-02,3,Put,45,+0.09%,3.75,3.9,3.95,4794,2121,2.26,-0.850706,2026-09-29
VFC,14.5,2026-10-09,10,Call,14.5,0.00%,0.37,0.41,0.51,754,335,2.25,0.516815,2026-09-29
NVO,38.31,2026-10-02,3,Put,37.5,-0.02%,0.12,0.15,0.15,2162,962,2.25,-0.217819,2026-09-29
SPCX,149.24,2026-10-09,10,Call,149,0.00%,4.6,4.78,4.8,2219,985,2.25,0.529174,2026-09-29
V,365.88,2026-10-02,3,Call,375,-0.02%,0.48,0.69,0.69,2440,1083,2.25,0.141066,2026-09-29
KR,60.79,2026-11-20,53,Call,62.5,-0.03%,1.69,1.87,2.05,740,330,2.24,0.422991,2026-09-29
SKHY,186.68,2026-10-09,10,Put,175,-0.06%,2.1,2.36,2.51,986,441,2.24,-0.223394,2026-09-29
AVGO,355.1,2026-10-09,10,Call,357.5,-0.01%,7.4,7.55,7.7,1015,453,2.24,0.473054,2026-09-29
AXTI,78.18,2026-11-20,53,Call,60,+0.23%,22.9,25.5,25.1,1207,540,2.24,0.791911,2026-09-29
META,738.79,2026-09-30,1,Call,790,-0.07%,0.24,0.25,0.25,1611,720,2.24,0.025894,2026-09-29
DELL,539.59,2026-10-16,17,Call,575,-0.07%,14.1,15,15.9,510,229,2.23,0.341577,2026-09-29
HOOD,116.22,2026-10-09,10,Call,118,-0.02%,4,4.07,4.15,633,284,2.23,0.466612,2026-09-29
ARM,293.67,2026-10-02,3,Put,285,-0.03%,5.05,5.25,5.45,725,325,2.23,-0.334123,2026-09-29
DKNG,19.59,2027-03-19,171,Call,17.5,+0.11%,4.4,4.6,4.8,764,343,2.23,0.698445,2026-09-29
BA,187.68,2026-10-02,3,Put,187.5,0.00%,2.29,2.3,2.59,2645,1188,2.23,-0.482147,2026-09-29
ORCL,137.79,2026-10-02,3,Call,136,+0.01%,3.9,4,4.1,3678,1650,2.23,0.60589,2026-09-29
GOOGL,340.92,2026-09-30,1,Call,350,-0.03%,0.2,0.21,0.21,5847,2621,2.23,0.074848,2026-09-29
CRCL,83.7,2026-10-23,24,Put,91,+0.09%,10.1,10.2,11.15,660,297,2.22,-0.636445,2026-09-29
NOK,10.36,2027-04-16,199,Call,15,-0.45%,0.68,0.68,0.74,710,320,2.22,0.293961,2026-09-29
MSTR,154.67,2026-10-09,10,Call,155,0.00%,6.6,6.7,6.8,1206,544,2.22,0.51805,2026-09-29
AMD,607.57,2026-10-02,3,Call,610,0.00%,11,11.15,11.35,2526,1140,2.22,0.481065,2026-09-29
RIVN,14.97,2026-10-02,3,Call,15,0.00%,0.33,0.33,0.37,16529,7438,2.22,0.501031,2026-09-29
DKNG,19.59,2026-10-16,17,Call,20,-0.02%,0.81,0.88,0.88,574,260,2.21,0.467635,2026-09-29
BA,187.68,2026-10-09,10,Call,195,-0.04%,1.67,1.78,1.94,1436,650,2.21,0.270397,2026-09-29
APLD,25.41,2026-10-09,10,Call,26,-0.02%,1.56,1.58,1.7,1440,651,2.21,0.4899,2026-09-29
MU,1065.08,2026-10-02,3,Call,1080,-0.01%,33.85,34.02,34.55,4648,2105,2.21,0.462741,2026-09-29
HPQ,30.73,2026-10-02,3,Put,31,+0.01%,0.65,0.78,0.88,515,234,2.2,-0.55876,2026-09-29
LBRT,18.44,2026-10-16,17,Call,20,-0.08%,0.4,0.5,0.55,522,237,2.2,0.307718,2026-09-29
NVDA,227.21,2026-10-05,6,Put,215,-0.05%,0.4,0.44,0.42,2572,1167,2.2,-0.090323,2026-09-29
BIDU,86.71,2026-10-02,3,Call,87.5,-0.01%,0.68,0.79,0.9,658,301,2.19,0.400252,2026-09-29
FRVO,13.75,2026-10-16,17,Call,17.5,-0.27%,0.2,0.24,0.3,3269,1491,2.19,0.168451,2026-09-29
NKE,35.84,2026-10-02,3,Put,32,-0.11%,0.2,0.2,0.22,3504,1602,2.19,-0.116096,2026-09-29
PLTR,186.97,2026-10-02,3,Call,187.5,0.00%,3.1,3.13,3.15,7332,3345,2.19,0.486662,2026-09-29
MU,1065.08,2026-10-16,17,Call,1300,-0.22%,8.45,8.55,8.65,19736,9013,2.19,0.114076,2026-09-29
AMC,3.08,2026-11-06,39,Call,3.5,-0.14%,0.18,0.2,0.25,559,256,2.18,0.389195,2026-09-29
ACHR,5.06,2026-10-16,17,Call,5.5,-0.09%,0.12,0.12,0.14,1192,547,2.18,0.306046,2026-09-29
BE,291.25,2026-10-09,10,Call,350,-0.20%,2,2.1,2.31,2590,1188,2.18,0.113225,2026-09-29
TSLA,352.84,2026-10-09,10,Call,365,-0.03%,4.8,4.85,4.9,3257,1495,2.18,0.32455,2026-09-29
CVNA,63.62,2026-10-02,3,Put,56,-0.12%,0.06,0.1,0.14,534,246,2.17,-0.047107,2026-09-29
INTC,115.93,2026-10-09,10,Call,123,-0.06%,2.32,2.33,2.38,555,256,2.17,0.311521,2026-09-29
MP,45.43,2026-10-02,3,Put,44,-0.03%,0.34,0.37,0.44,811,373,2.17,-0.261684,2026-09-29
MDB,337.19,2026-10-16,17,Call,350,-0.04%,12.35,13.5,13.4,911,420,2.17,0.421525,2026-09-29
SPCX,149.24,2026-10-09,10,Call,162.5,-0.09%,0.88,0.91,0.91,2514,1158,2.17,0.151819,2026-09-29
AVGO,355.1,2026-10-05,6,Call,380,-0.07%,0.28,0.47,0.69,600,278,2.16,0.069975,2026-09-29
BE,291.25,2026-10-02,3,Call,282.5,+0.03%,14.3,14.4,14.65,682,316,2.16,0.661362,2026-09-29
SNDK,1729.76,2026-10-02,3,Call,1730,0.00%,49.9,52.5,52.7,732,339,2.16,0.515758,2026-09-29
IREN,41.38,2026-10-02,3,Call,43,-0.04%,0.63,0.66,0.66,3112,1441,2.16,0.323716,2026-09-29
NOW,129.94,2026-10-30,31,Put,118,-0.09%,3.6,3.7,3.85,543,252,2.15,-0.253881,2026-09-29
AMZN,246.67,2026-10-05,6,Call,257.5,-0.04%,0.5,0.54,0.55,935,435,2.15,0.12215,2026-09-29
AMD,607.57,2026-10-09,10,Call,640,-0.05%,8.45,8.67,8.95,1256,583,2.15,0.285778,2026-09-29
AMZN,246.67,2026-10-02,3,Call,242.5,+0.02%,5.35,5.3,5.65,1675,779,2.15,0.725895,2026-09-29
PLTR,186.97,2026-10-02,3,Put,187.5,0.00%,3.45,3.51,3.6,2933,1364,2.15,-0.514648,2026-09-29
CRWV,85.93,2026-10-09,10,Call,97,-0.13%,1.02,1.05,1.09,4001,1857,2.15,0.18757,2026-09-29
SPCX,149.24,2026-10-02,3,Call,155,-0.04%,0.85,0.86,0.88,40886,18976,2.15,0.219525,2026-09-29
LITE,973.49,2026-10-02,3,Put,890,-0.09%,3.3,3.5,3.6,563,263,2.14,-0.100296,2026-09-29
AAPL,329.4,2028-01-21,480,Call,150,+0.54%,187.8,192.11,191.7,614,287,2.14,0.960249,2026-09-29
SPCX,149.24,2026-10-30,31,Put,147,-0.02%,6.4,6.35,6.5,1254,586,2.14,-0.420273,2026-09-29
BE,291.25,2026-10-02,3,Call,325,-0.12%,1.44,1.46,1.48,2260,1056,2.14,0.118805,2026-09-29
AMD,607.57,2026-10-09,10,Call,670,-0.10%,3.45,3.87,3.65,505,237,2.13,0.138957,2026-09-29
BXBL,3.74,2027-03-19,171,Put,7.5,+1.01%,4.1,4.2,7,883,415,2.13,-0.30031,2026-09-29
AMD,607.57,2026-10-02,3,Call,615,-0.01%,8.75,9.15,9.3,2541,1193,2.13,0.417112,2026-09-29
SNDK,1729.76,2026-10-02,3,Call,1800,-0.04%,25.5,26,26.3,3534,1659,2.13,0.315839,2026-09-29
OKTA,204.88,2026-10-02,3,Call,210,-0.02%,2.81,2.78,2.89,599,283,2.12,0.353739,2026-09-29
SPCX,149.24,2026-10-16,17,Put,148,-0.01%,4.95,5,5.05,1084,512,2.12,-0.440507,2026-09-29
MDB,337.19,2026-10-02,3,Put,310,-0.08%,0.99,1.2,1.48,1825,859,2.12,-0.106408,2026-09-29
META,738.79,2026-10-02,3,Call,760,-0.03%,5.05,5,5.15,3881,1831,2.12,0.266596,2026-09-29
ORCL,137.79,2026-11-20,53,Call,140,-0.02%,10.1,10.1,10.3,7590,3576,2.12,0.514477,2026-09-29
AMZN,246.67,2026-09-30,1,Put,240,-0.03%,0.11,0.14,0.12,7454,3529,2.11,-0.060264,2026-09-29
NFLX,70.3,2026-10-30,31,Call,71,-0.01%,3.4,3.43,3.45,657,311,2.11,0.505859,2026-09-29
DKNG,19.59,2026-10-30,31,Call,20,-0.02%,1.2,1.22,1.27,608,289,2.1,0.496573,2026-09-29
VST,140.83,2026-10-09,10,Call,145,-0.03%,2.32,2.55,2.68,651,310,2.1,0.364862,2026-09-29
MU,1065.08,2026-10-02,3,Call,1135,-0.07%,16.75,16.91,17.1,784,373,2.1,0.275859,2026-09-29
GGAL,37.02,2027-01-15,109,Call,45,-0.22%,0.4,1.5,1.6,806,383,2.1,0.233171,2026-09-29
PFE,28.72,2026-10-23,24,Call,27,+0.06%,1.77,1.84,2.03,891,424,2.1,0.816882,2026-09-29
PLTR,186.97,2026-10-09,10,Put,165,-0.12%,0.47,0.47,0.51,2599,1240,2.1,-0.066766,2026-09-29
QCOM,184.1,2026-10-02,3,Call,192.5,-0.05%,0.98,1.08,1.17,2773,1322,2.1,0.204277,2026-09-29
ORCL,137.79,2026-10-02,3,Put,136,-0.01%,1.99,2.01,2.08,4202,1998,2.1,-0.389769,2026-09-29
NBIS,237.35,2026-10-23,24,Call,350,-0.47%,0.98,1.37,1.99,532,255,2.09,0.065835,2026-09-29
ASX,45.31,2026-12-18,81,Put,37.5,-0.17%,1.5,1.6,2.1,1219,584,2.09,-0.209001,2026-09-29
MRVL,263.27,2026-10-02,3,Put,255,-0.03%,3.15,3.35,3.35,1329,636,2.09,-0.29596,2026-09-29
DKNG,19.59,2026-10-09,10,Call,22.5,-0.15%,0.03,0.1,0.12,1673,801,2.09,0.087982,2026-09-29
NU,12.35,2027-03-19,171,Call,14,-0.13%,1.02,1.07,1.11,2319,1111,2.09,0.433215,2026-09-29
WMT,106.8,2026-10-02,3,Put,105,-0.02%,0.33,0.34,0.36,3160,1510,2.09,-0.230828,2026-09-29
AMZN,246.67,2026-09-30,1,Call,252.5,-0.02%,0.19,0.2,0.21,16727,8004,2.09,0.097355,2026-09-29
ORCL,137.79,2026-10-02,3,Call,150,-0.09%,0.37,0.39,0.4,43564,20960,2.08,0.096184,2026-09-29
AVGO,355.1,2026-10-16,17,Put,352.5,-0.01%,8.65,9.15,9.4,623,299,2.08,-0.439554,2026-09-29
APLD,25.41,2026-10-02,3,Call,25.5,0.00%,0.71,0.73,0.75,1172,564,2.08,0.498225,2026-09-29
SNDK,1729.76,2026-10-02,3,Call,1950,-0.13%,5.2,5.4,5.6,1582,762,2.08,0.083895,2026-09-29
USB,58.14,2026-10-16,17,Put,57.5,-0.01%,1.25,1.36,1.47,1636,786,2.08,-0.423576,2026-09-29
VKTX,31.81,2027-05-21,234,Call,40,-0.26%,4.7,4.75,5.05,2097,1010,2.08,0.473273,2026-09-29
QURE,24.51,2028-01-21,480,Call,40,-0.63%,7.6,8.5,8.7,3433,1649,2.08,0.592775,2026-09-29
INTC,115.93,2026-10-02,3,Call,122,-0.05%,0.93,0.96,0.96,3943,1905,2.07,0.225409,2026-09-29
MDB,337.19,2026-10-02,3,Call,335,+0.01%,9.7,10.05,11.1,893,434,2.06,0.553251,2026-09-29
TSLA,352.84,2026-10-02,3,Call,370,-0.05%,1.2,1.21,1.22,15590,7601,2.05,0.150829,2026-09-29
AVGO,355.1,2026-09-30,1,Call,350,+0.01%,5.85,6,6.2,947,461,2.05,0.776552,2026-09-29
CRCL,83.7,2026-10-02,3,Call,86,-0.03%,1.5,1.58,1.6,2079,1014,2.05,0.373855,2026-09-29
INTC,115.93,2026-09-30,1,Put,112,-0.03%,0.3,0.33,0.33,2598,1270,2.05,-0.151207,2026-09-29
BA,187.68,2026-10-02,3,Call,192.5,-0.03%,0.99,1.06,1.12,2744,1336,2.05,0.254769,2026-09-29
COIN,190.02,2026-10-02,3,Put,180,-0.05%,1.3,1.36,1.42,3458,1688,2.05,-0.192664,2026-09-29
TSM,456.94,2026-10-02,3,Call,457.5,0.00%,5.35,5.6,5.7,1158,567,2.04,0.493991,2026-09-29
MSFT,508.96,2026-10-02,3,Call,507.5,0.00%,6.35,6.35,7.2,2116,1039,2.04,0.548334,2026-09-29
UEC,9.29,2026-11-20,53,Call,10,-0.08%,0.64,0.64,0.68,2373,1162,2.04,0.44088,2026-09-29
AMD,607.57,2026-10-09,10,Put,620,+0.02%,26.45,27.25,27.25,537,265,2.03,-0.576308,2026-09-29
TSLA,352.84,2026-10-12,13,Call,370,-0.05%,4,4.05,4.2,550,271,2.03,0.272709,2026-09-29
BE,291.25,2026-10-02,3,Put,262.5,-0.10%,1.04,1.05,1.08,1077,530,2.03,-0.092827,2026-09-29
SPCX,149.24,2026-10-09,10,Put,149,0.00%,4.2,4.16,4.3,1232,608,2.03,-0.472069,2026-09-29
MRVL,263.27,2026-10-02,3,Call,280,-0.06%,1.62,1.67,1.7,3089,1521,2.03,0.182594,2026-09-29
META,738.79,2026-09-30,1,Put,705,-0.05%,0.18,0.24,0.26,6362,3132,2.03,-0.030243,2026-09-29
TTD,12.05,2026-10-16,17,Call,14,-0.16%,0.09,0.11,0.12,7287,3582,2.03,0.139816,2026-09-29
APP,305.66,2026-11-20,53,Put,270,-0.12%,14.5,15.1,15.6,939,466,2.02,-0.267066,2026-09-29
TSLA,352.84,2026-10-30,31,Call,425,-0.20%,2.29,2.33,2.34,1228,608,2.02,0.105039,2026-09-29
AGNC,9.45,2028-01-21,480,Call,8,+0.15%,1.26,1.34,1.56,1337,661,2.02,0.926953,2026-09-29
MDB,337.19,2026-10-02,3,Call,370,-0.10%,1.11,1.3,1.45,1403,695,2.02,0.110358,2026-09-29
MDB,337.19,2028-03-17,535,Call,600,-0.78%,48.7,54.35,62.3,510,254,2.01,0.416045,2026-09-29
PG,148.32,2027-04-16,199,Put,130,-0.12%,2.53,2.78,2.99,675,336,2.01,-0.183374,2026-09-29
TSLA,352.84,2026-10-05,6,Call,375,-0.06%,1.09,1.12,1.12,1453,723,2.01,0.125439,2026-09-29
USB,58.14,2027-01-15,109,Call,40,+0.31%,17.8,18.3,19.3,1150,575,2,0.934348,2026-09-29
NBIS,237.35,2026-10-02,3,Put,235,-0.01%,6.15,6.24,6.5,1954,977,2,-0.433014,2026-09-29
SNDK,1729.76,2026-10-02,3,Call,1900,-0.10%,9,9.1,9.2,3673,1840,2,0.133171,2026-09-29
META,738.79,2026-10-05,6,Call,775,-0.05%,3.7,3.7,3.8,534,269,1.99,0.185277,2026-09-29
CLS,366.47,2026-11-20,53,Call,500,-0.36%,6.7,7.5,10.8,796,401,1.99,0.176273,2026-09-29
SOFI,15.91,2026-11-06,39,Call,19,-0.19%,0.28,0.29,0.32,930,467,1.99,0.199121,2026-09-29
ARM,293.67,2026-10-09,10,Call,350,-0.19%,1.93,1.95,2.04,951,478,1.99,0.109838,2026-09-29
ARM,293.67,2026-10-02,3,Call,305,-0.04%,4.7,4.88,5,1332,671,1.99,0.331356,2026-09-29
ASTS,59.4,2026-10-09,10,Call,65,-0.09%,1.1,1.11,1.16,1463,737,1.99,0.262505,2026-09-29
AXTI,78.18,2026-10-16,17,Put,60,-0.23%,0.8,0.9,1.2,1730,871,1.99,-0.10393,2026-09-29
MRVL,263.27,2026-10-02,3,Put,250,-0.05%,1.91,1.96,2.03,2905,1461,1.99,-0.201035,2026-09-29
SNOW,330.31,2026-11-20,53,Call,360,-0.09%,14.2,14.81,14.75,1352,684,1.98,0.371232,2026-09-29
MRNA,203.46,2026-10-02,3,Call,235,-0.16%,0.53,0.58,0.61,572,291,1.97,0.069691,2026-09-29
FRMI,4.28,2026-10-02,3,Call,1,+0.77%,3.1,3.26,3.4,741,377,1.97,0.992295,2026-09-29
VST,140.83,2026-10-02,3,Call,145,-0.03%,1.05,1.1,1.2,1492,758,1.97,0.278924,2026-09-29
UNH,374.94,2026-10-02,3,Call,375,0.00%,5.25,5.45,5.9,583,297,1.96,0.506904,2026-09-29
CVS,87.1,2026-10-09,10,Call,87,0.00%,2.15,1.99,2.37,776,395,1.96,0.520956,2026-09-29
SKHY,186.68,2026-10-02,3,Call,187.5,0.00%,3.9,4.35,4.35,1400,716,1.96,0.485079,2026-09-29
WW,17.1,2026-11-20,53,Call,10,+0.42%,6.8,6.9,8,502,258,1.95,0.934578,2026-09-29
ARM,293.67,2026-10-09,10,Call,300,-0.02%,11.25,11.64,11.85,612,314,1.95,0.457685,2026-09-29
PTON,5.04,2026-10-09,10,Call,5,+0.01%,0.16,0.21,0.23,673,346,1.95,0.558952,2026-09-29
FIG,20.72,2026-10-02,3,Call,21,-0.01%,0.43,0.5,0.5,878,450,1.95,0.440893,2026-09-29
RKLB,69.7,2026-10-02,3,Call,73,-0.05%,0.73,0.77,0.81,2206,1133,1.95,0.267554,2026-09-29
APLD,25.41,2026-10-02,3,Call,27,-0.06%,0.22,0.25,0.26,2731,1398,1.95,0.224017,2026-09-29
CRWV,85.93,2026-10-02,3,Call,92,-0.07%,0.71,0.73,0.77,4131,2121,1.95,0.203508,2026-09-29
MU,1065.08,2026-10-02,3,Put,1000,-0.06%,13.1,13.39,13.45,7523,3856,1.95,-0.227672,2026-09-29
MDT,87.09,2026-10-16,17,Call,90,-0.03%,1.5,1.52,2.1,10407,5348,1.95,0.367558,2026-09-29
FCEL,16.9,2026-10-02,3,Put,15,-0.11%,0.05,0.1,0.1,558,287,1.94,-0.095682,2026-09-29
LUNR,14.55,2026-12-18,81,Put,20,+0.37%,6.05,6,6.35,597,308,1.94,-0.716784,2026-09-29
INTC,115.93,2026-10-09,10,Call,117,-0.01%,4.35,4.45,4.45,614,317,1.94,0.489482,2026-09-29
DELL,539.59,2026-10-02,3,Call,542.5,-0.01%,10.8,12,14.15,627,324,1.94,0.48098,2026-09-29
MSFT,508.96,2026-10-02,3,Put,487.5,-0.04%,0.56,0.71,0.71,1068,550,1.94,-0.08442,2026-09-29
META,738.79,2026-10-02,3,Put,705,-0.05%,1.97,2.02,2.02,1080,558,1.94,-0.126726,2026-09-29
ORCL,137.79,2027-04-16,199,Put,105,-0.24%,6.75,7.4,7.9,1288,665,1.94,-0.186425,2026-09-29
MDT,87.09,2027-01-15,109,Call,95,-0.09%,2.29,2.3,4.5,2234,1152,1.94,0.35073,2026-09-29
MDT,87.09,2026-10-02,3,Call,88,-0.01%,0.53,0.8,0.84,2306,1190,1.94,0.374504,2026-09-29
INTC,115.93,2026-10-16,17,Call,116,0.00%,6.25,6.31,6.4,514,266,1.93,0.529895,2026-09-29
ZNTL,2.71,2027-01-15,109,Put,5,+0.85%,2.15,2.72,2.9,558,289,1.93,-0.690779,2026-09-29
CRCL,83.7,2026-10-09,10,Put,85,+0.02%,4.3,4.35,4.8,729,379,1.92,-0.526888,2026-09-29
CMG,31.88,2026-10-02,3,Call,32,0.00%,0.55,0.6,0.82,1637,854,1.92,0.487914,2026-09-29
MSFT,508.96,2026-10-05,6,Call,520,-0.02%,2.6,2.6,3.2,614,322,1.91,0.275546,2026-09-29
COIN,190.02,2026-10-02,3,Call,192.5,-0.01%,3.9,3.9,4.1,769,402,1.91,0.438438,2026-09-29
LRCX,323.86,2026-10-02,3,Call,330,-0.02%,5.55,5.79,5.85,855,447,1.91,0.399068,2026-09-29
SOUN,5.84,2026-10-09,10,Call,6,-0.03%,0.12,0.15,0.17,1027,538,1.91,0.404225,2026-09-29
GOOG,337.32,2026-10-09,10,Call,345,-0.02%,3.6,4,3.8,1278,668,1.91,0.341138,2026-09-29
ORCL,137.79,2026-10-02,3,Put,135,-0.02%,1.6,1.66,1.68,7770,4058,1.91,-0.336123,2026-09-29
MU,1065.08,2026-10-09,10,Put,1050,-0.01%,41.4,41.55,43,505,266,1.9,-0.425831,2026-09-29
ANET,202.86,2026-10-30,31,Put,160,-0.21%,0.4,0.56,0.94,572,301,1.9,-0.049069,2026-09-29
PLUG,1.91,2029-01-19,844,Call,1,+0.48%,1.19,1.2,1.42,1052,553,1.9,0.892429,2026-09-29
NBIS,237.35,2026-10-02,3,Put,240,+0.01%,8.65,8.85,9,2181,1146,1.9,-0.539381,2026-09-29
NBIS,237.35,2026-10-02,3,Call,245,-0.03%,4.35,4.55,4.7,2696,1421,1.9,0.362986,2026-09-29
NCLH,14.8,2026-10-02,3,Call,15,-0.01%,0.2,0.26,0.28,5307,2791,1.9,0.417031,2026-09-29
GOOGL,340.92,2026-09-30,1,Put,342.5,0.00%,2.87,3.1,3.2,807,428,1.89,-0.60932,2026-09-29
NKE,35.84,2027-09-17,353,Call,37.5,-0.05%,5.1,5.2,5.45,1288,680,1.89,0.526603,2026-09-29
TSLA,352.84,2026-10-05,6,Put,350,-0.01%,5.2,5.29,5.45,1474,778,1.89,-0.419492,2026-09-29
MU,1065.08,2026-10-16,17,Call,1070,0.00%,57.7,58,59.45,1499,793,1.89,0.520189,2026-09-29
AVGO,355.1,2026-10-09,10,Call,355,0.00%,8.55,8.7,9.1,2561,1358,1.89,0.519554,2026-09-29
MU,1065.08,2026-10-05,6,Call,1070,0.00%,40.9,41.5,41.85,529,281,1.88,0.504826,2026-09-29
KEY,20.12,2026-11-20,53,Put,20,-0.01%,0.65,0.75,0.85,576,307,1.88,-0.454332,2026-09-29
AMZN,246.67,2026-10-16,17,Put,285,+0.16%,36.5,38,39.5,602,320,1.88,-0.990817,2026-09-29
WULF,15.09,2026-10-02,3,Put,17,+0.13%,1.9,1.96,2.01,738,393,1.88,-0.949336,2026-09-29
AMZN,246.67,2026-09-30,1,Put,257.5,+0.04%,10.5,11.35,12.2,772,410,1.88,-0.876988,2026-09-29
PYPL,53.89,2026-10-09,10,Put,50,-0.07%,0.05,0.19,0.25,780,415,1.88,-0.096875,2026-09-29
SNAP,5.34,2026-10-16,17,Call,5.5,-0.03%,0.17,0.18,0.2,850,451,1.88,0.42939,2026-09-29
AKAM,108.45,2026-11-20,53,Call,115,-0.06%,8,8.3,9.6,908,484,1.88,0.470613,2026-09-29
INTC,115.93,2026-09-30,1,Put,119,+0.03%,3.45,3.55,3.6,1199,638,1.88,-0.782699,2026-09-29
MU,1065.08,2026-10-02,3,Call,1125,-0.06%,19.15,19.32,19.55,1202,638,1.88,0.305836,2026-09-29
RIVN,14.97,2029-01-19,844,Put,8,-0.47%,1.27,1.42,1.74,10000,5324,1.88,-0.1153,2026-09-29
WULF,15.09,2026-10-09,10,Call,17,-0.13%,0.21,0.23,0.23,853,457,1.87,0.201749,2026-09-29
NVDA,227.21,2026-11-06,39,Call,235,-0.03%,6.1,6.3,6.4,968,519,1.87,0.402883,2026-09-29
MU,1065.08,2026-10-02,3,Put,1030,-0.03%,23.1,23.8,23.65,1079,576,1.87,-0.340033,2026-09-29
ACHR,5.06,2026-10-23,24,Call,5.5,-0.09%,0.12,0.16,0.18,596,320,1.86,0.323889,2026-09-29
CRM,225.31,2026-10-02,3,Call,230,-0.02%,2.02,2.06,2.14,675,362,1.86,0.328834,2026-09-29
NFLX,70.3,2026-10-09,10,Call,71,-0.01%,1.2,1.23,1.25,2352,1267,1.86,0.445398,2026-09-29
ORCL,137.79,2026-10-02,3,Call,147,-0.07%,0.61,0.61,0.65,2923,1574,1.86,0.149927,2026-09-29
NVDA,227.21,2026-10-02,3,Call,230,-0.01%,1.69,1.68,1.7,47662,25617,1.86,0.357385,2026-09-29
NKE,35.84,2026-10-23,24,Call,36,0.00%,1.83,1.88,1.99,607,328,1.85,0.51305,2026-09-29
SMCI,41.02,2026-10-23,24,Call,44,-0.07%,1.82,1.95,1.89,1277,692,1.85,0.389709,2026-09-29
AMZN,246.67,2026-10-02,3,Put,265,+0.07%,17.25,17.94,20.25,1422,768,1.85,-0.916821,2026-09-29
FOXA,62.48,2027-01-15,109,Call,80,-0.28%,0.4,0.79,0.95,1460,789,1.85,0.123119,2026-09-29
HIMS,28.7,2026-10-02,3,Call,28.5,+0.01%,0.88,0.92,0.95,582,317,1.84,0.555202,2026-09-29
ARM,293.67,2026-10-02,3,Put,290,-0.01%,7,7.25,7.6,769,419,1.84,-0.419169,2026-09-29
ARM,293.67,2026-10-02,3,Put,280,-0.05%,3.5,3.6,3.8,1428,778,1.84,-0.255853,2026-09-29
HL,17.15,2026-10-02,3,Call,18,-0.05%,0.1,0.11,0.13,2619,1427,1.84,0.210727,2026-09-29
UBER,69.36,2027-01-15,109,Call,72.5,-0.05%,4.7,4.7,4.75,4389,2391,1.84,0.47947,2026-09-29
TSLA,352.84,2026-10-02,3,Put,355,+0.01%,6.9,6.95,7.05,6950,3783,1.84,-0.547584,2026-09-29
TSLA,352.84,2026-10-23,24,Call,355,-0.01%,16,16.1,16.15,583,318,1.83,0.511685,2026-09-29
NVDA,227.21,2026-10-07,8,Put,232.5,+0.02%,6.55,6.47,7.85,681,372,1.83,-0.683991,2026-09-29
TSLA,352.84,2026-10-05,6,Put,360,+0.02%,10.55,10.76,11.4,703,384,1.83,-0.647437,2026-09-29
AMZN,246.67,2026-10-05,6,Call,260,-0.05%,0.32,0.34,0.35,1009,550,1.83,0.082034,2026-09-29
GE,317.89,2026-12-18,81,Call,330,-0.04%,16.25,17.15,17.55,520,286,1.82,0.461078,2026-09-29
MRVL,263.27,2026-10-09,10,Call,280,-0.06%,6.35,6.5,6.65,1013,556,1.82,0.330217,2026-09-29
TSLA,352.84,2026-10-02,3,Put,347.5,-0.02%,3.45,3.5,3.55,3640,1996,1.82,-0.347002,2026-09-29
KO,86.84,2026-10-09,10,Put,86,-0.01%,0.59,0.66,0.71,639,353,1.81,-0.36207,2026-09-29
BE,291.25,2026-10-02,3,Put,267.5,-0.08%,1.68,1.73,1.72,691,381,1.81,-0.137013,2026-09-29
CMG,31.88,2026-10-16,17,Put,30,-0.06%,0.35,0.42,0.6,5262,2904,1.81,-0.245501,2026-09-29
SPCX,149.24,2026-10-16,17,Call,146,+0.02%,7.55,7.74,7.8,577,320,1.8,0.614787,2026-09-29
MARA,11.99,2026-10-16,17,Call,13.5,-0.13%,0.33,0.33,0.36,1334,742,1.8,0.284498,2026-09-29
SMMT,16.39,2026-10-02,3,Call,17,-0.04%,0.3,0.4,0.4,1534,853,1.8,0.361949,2026-09-29
LAES,2.32,2029-01-19,844,Call,2,+0.14%,0.6,0.87,1.05,2032,1126,1.8,0.766281,2026-09-29
PCG,12.18,2026-10-16,17,Call,13,-0.07%,0.06,0.13,0.13,6137,3406,1.8,0.198943,2026-09-29
SPCX,149.24,2026-10-02,3,Put,146,-0.02%,1.35,1.37,1.39,6931,3859,1.8,-0.305821,2026-09-29
MRNA,203.46,2026-10-02,3,Call,217.5,-0.07%,2,2.3,2.43,556,311,1.79,0.229765,2026-09-29
CIFR,16.51,2026-10-09,10,Call,18,-0.09%,0.48,0.52,0.57,936,524,1.79,0.327059,2026-09-29
NVDA,227.21,2026-11-06,39,Put,195,-0.14%,1.17,1.2,1.23,1322,740,1.79,-0.089202,2026-09-29
KTOS,43.05,2026-11-20,53,Call,55,-0.28%,0.9,1.04,1.15,2271,1266,1.79,0.195952,2026-09-29
MU,1065.08,2026-10-02,3,Put,1050,-0.01%,31.85,32.6,32.7,4183,2333,1.79,-0.419986,2026-09-29
DUK,114.21,2026-10-16,17,Call,115,-0.01%,1.35,1.5,1.55,519,292,1.78,0.438969,2026-09-29
AMD,607.57,2026-10-02,3,Put,557.5,-0.08%,0.68,0.77,0.76,554,312,1.78,-0.051408,2026-09-29
AAOI,100.67,2026-10-02,3,Call,106,-0.05%,0.9,1.61,1.8,744,419,1.78,0.27786,2026-09-29
MRNA,203.46,2026-10-02,3,Put,195,-0.04%,2.76,2.98,3.25,970,544,1.78,-0.283475,2026-09-29
AAOI,100.67,2026-10-02,3,Call,100,+0.01%,3.8,3.8,4.1,1700,956,1.78,0.548897,2026-09-29
MARA,11.99,2026-10-09,10,Call,12,0.00%,0.63,0.65,0.65,2024,1138,1.78,0.527325,2026-09-29
SNOW,330.31,2026-10-02,3,Put,315,-0.05%,1.48,1.42,1.74,629,355,1.77,-0.171556,2026-09-29
BE,291.25,2026-10-02,3,Call,250,+0.14%,40.25,43.1,43.65,663,374,1.77,0.949176,2026-09-29
MU,1065.08,2026-10-02,3,Put,945,-0.11%,3.8,3.88,3.95,672,379,1.77,-0.084748,2026-09-29
ORCL,137.79,2027-12-17,445,Put,70,-0.49%,3.8,4.1,4.5,826,467,1.77,-0.077157,2026-09-29
CRWD,262.74,2026-10-16,17,Put,245,-0.07%,4.95,5.1,5.3,655,373,1.76,-0.255431,2026-09-29
BE,291.25,2026-10-16,17,Call,390,-0.34%,1.56,1.65,1.71,799,453,1.76,0.07242,2026-09-29
ASTS,59.4,2026-10-02,3,Call,61,-0.03%,1.1,1.1,1.13,964,548,1.76,0.376875,2026-09-29
CCI,67.07,2026-11-20,53,Call,75,-0.12%,0.7,0.85,1.2,1133,643,1.76,0.205609,2026-09-29
QCOM,184.1,2026-10-02,3,Call,187.5,-0.02%,2.22,2.35,2.41,1420,808,1.76,0.369899,2026-09-29
TSLA,352.84,2026-10-02,3,Call,362.5,-0.03%,2.56,2.57,2.6,4954,2821,1.76,0.277542,2026-09-29
ALHC,7.91,2026-11-20,53,Call,10,-0.26%,0.35,0.4,0.5,8003,4538,1.76,0.300404,2026-09-29
JNJ,267.57,2026-10-02,3,Put,265,-0.01%,1.2,1.43,1.66,675,385,1.75,-0.33572,2026-09-29
NIO,3.4,2026-10-23,24,Call,3.5,-0.03%,0.12,0.14,0.14,857,491,1.75,0.440792,2026-09-29
GXO,44.76,2026-10-16,17,Put,40,-0.11%,0.1,0.15,0.15,2491,1424,1.75,-0.074359,2026-09-29
VST,140.83,2026-10-16,17,Call,155,-0.10%,1.17,1.3,1.35,3186,1825,1.75,0.177959,2026-09-29
MRVL,263.27,2026-10-09,10,Call,305,-0.16%,2.02,2.31,2.19,741,427,1.74,0.133936,2026-09-29
NOW,129.94,2026-10-09,10,Call,140,-0.08%,1.31,1.37,1.39,776,447,1.74,0.21523,2026-09-29
QURE,24.51,2027-01-15,109,Call,80,-2.26%,0.05,0.2,0.7,1087,624,1.74,0.067765,2026-09-29
MRNA,203.46,2026-10-02,3,Put,175,-0.14%,0.2,0.29,0.29,1223,702,1.74,-0.034679,2026-09-29
TSLA,352.84,2026-10-02,3,Call,410,-0.16%,0.09,0.1,0.1,6828,3929,1.74,0.01211,2026-09-29
AMZN,246.67,2026-10-02,3,Put,245,-0.01%,1.93,2.01,2.09,7498,4329,1.73,-0.396635,2026-09-29
SPCX,149.24,2026-10-30,31,Call,148,+0.01%,8.6,9.15,8.85,552,319,1.73,0.561528,2026-09-29
SNDK,1729.76,2026-10-02,3,Call,1825,-0.06%,19.6,20.5,20.5,606,353,1.72,0.258054,2026-09-29
WMT,106.8,2026-10-02,3,Put,104,-0.03%,0.17,0.18,0.19,1572,916,1.72,-0.134647,2026-09-29
BE,291.25,2026-10-02,3,Call,285,+0.02%,12.8,12.91,13.1,2522,1467,1.72,0.621324,2026-09-29
MSTR,154.67,2026-10-02,3,Call,160,-0.03%,2.32,2.35,2.4,8864,5149,1.72,0.333539,2026-09-29
UNH,374.94,2026-10-02,3,Put,352.5,-0.06%,0.38,0.44,0.47,512,300,1.71,-0.0628,2026-09-29
DELL,539.59,2026-10-02,3,Call,632.5,-0.17%,0.1,0.12,2.25,612,358,1.71,0.055128,2026-09-29
GOOG,337.32,2026-10-09,10,Put,327.5,-0.03%,2.39,2.34,2.77,613,359,1.71,-0.256772,2026-09-29
MSTR,154.67,2028-12-15,809,Put,50,-0.68%,7.45,7.7,8.55,801,469,1.71,-0.055092,2026-09-29
MU,1065.08,2026-10-02,3,Call,1120,-0.05%,20.5,20.77,20.9,1999,1167,1.71,0.321725,2026-09-29
INTC,115.93,2026-09-30,1,Put,111,-0.04%,0.19,0.2,0.21,2151,1260,1.71,-0.10252,2026-09-29
UEC,9.29,2026-10-02,3,Call,9.5,-0.02%,0.16,0.19,0.2,2509,1466,1.71,0.394166,2026-09-29
ORCL,137.79,2026-10-02,3,Put,132,-0.04%,0.78,0.82,0.83,3280,1921,1.71,-0.196747,2026-09-29
NVDA,227.21,2026-10-09,10,Call,232.5,-0.02%,2.54,2.55,2.61,4723,2758,1.71,0.342079,2026-09-29
RBLX,41.18,2026-10-02,3,Put,40,-0.03%,0.39,0.5,0.57,578,341,1.7,-0.300001,2026-09-29
TSLA,352.84,2026-10-05,6,Put,340,-0.04%,2.13,2.16,2.18,610,358,1.7,-0.213973,2026-09-29
SPCX,149.24,2026-10-23,24,Call,148,+0.01%,7.5,8,7.75,682,402,1.7,0.560572,2026-09-29
AMD,607.57,2027-03-19,171,Call,1060,-0.74%,12.1,13.87,12.8,786,462,1.7,0.122879,2026-09-29
KURA,10.81,2026-10-16,17,Call,10,+0.07%,0.85,1.18,1.35,786,461,1.7,0.731916,2026-09-29
DELL,539.59,2026-10-02,3,Call,555,-0.03%,6.6,7.3,7.65,956,564,1.7,0.335888,2026-09-29
FOXA,62.48,2027-01-15,109,Call,70,-0.12%,1.8,2.4,3,1000,588,1.7,0.327802,2026-09-29
SPCX,149.24,2026-10-09,10,Call,157.5,-0.06%,1.69,1.76,1.74,1977,1166,1.7,0.258,2026-09-29
IOVA,14.45,2027-03-19,171,Call,17.5,-0.21%,2.9,3,3.1,2062,1210,1.7,0.535972,2026-09-29
B,41.24,2026-10-02,3,Call,43,-0.04%,0.12,0.13,0.16,3613,2126,1.7,0.160109,2026-09-29
GOOG,337.32,2026-10-02,3,Put,335,-0.01%,2.56,2.67,2.7,4100,2415,1.7,-0.392682,2026-09-29
NVDA,227.21,2026-10-02,3,Call,237.5,-0.05%,0.26,0.27,0.28,29730,17538,1.7,0.083563,2026-09-29
AMZN,246.67,2026-09-30,1,Call,240,+0.03%,6.6,7,7.05,810,479,1.69,0.934853,2026-09-29
ORCL,137.79,2026-10-16,17,Put,132,-0.04%,3.4,3.4,3.6,939,555,1.69,-0.326593,2026-09-29
AZN,164.21,2026-10-16,17,Put,155,-0.06%,0.85,0.99,1.15,1005,594,1.69,-0.174055,2026-09-29
SOFI,15.91,2026-10-02,3,Call,15.5,+0.03%,0.53,0.56,0.56,2134,1264,1.69,0.722627,2026-09-29
META,738.79,2026-10-02,3,Call,770,-0.04%,3.15,3.15,3.25,4336,2567,1.69,0.182945,2026-09-29
COIN,190.02,2026-10-02,3,Call,200,-0.05%,1.81,1.83,1.86,4797,2832,1.69,0.24297,2026-09-29
META,738.79,2026-10-05,6,Call,755,-0.02%,8.25,8.35,8.3,542,323,1.68,0.345038,2026-09-29
AMD,607.57,2026-10-09,10,Call,675,-0.11%,2.83,2.98,3.1,676,403,1.68,0.120093,2026-09-29
AAPL,329.4,2026-10-16,17,Put,327.5,-0.01%,5.2,5.47,5.55,1150,686,1.68,-0.43344,2026-09-29
ACN,177.12,2026-10-16,17,Put,160,-0.10%,2.5,2.89,2.95,1522,908,1.68,-0.198621,2026-09-29
ASTS,59.4,2026-10-02,3,Call,62,-0.04%,0.8,0.83,0.84,1912,1137,1.68,0.299658,2026-09-29
GOOGL,340.92,2026-10-09,10,Call,350,-0.03%,3.3,3.4,3.5,2088,1243,1.68,0.315813,2026-09-29
APLD,25.41,2026-11-20,53,Call,25,+0.02%,3.55,3.6,3.65,2200,1307,1.68,0.591931,2026-09-29
META,738.79,2026-10-02,3,Put,702.5,-0.05%,1.68,1.72,1.71,508,305,1.67,-0.110627,2026-09-29
NBIS,237.35,2026-10-02,3,Call,262.5,-0.11%,1.15,1.37,1.27,630,377,1.67,0.125814,2026-09-29
CRWD,262.74,2026-10-02,3,Call,262.5,0.00%,5.8,6,6.05,965,579,1.67,0.519912,2026-09-29
KR,60.79,2026-10-02,3,Call,62,-0.02%,0.13,0.25,0.3,1010,604,1.67,0.232718,2026-09-29
AVGO,355.1,2026-10-02,3,Call,367.5,-0.03%,1.22,1.28,1.48,1510,902,1.67,0.187531,2026-09-29
WMT,106.8,2026-10-16,17,Call,108,-0.01%,1.61,1.66,1.72,1521,910,1.67,0.432376,2026-09-29
INTC,115.93,2026-10-02,3,Call,119,-0.03%,1.69,1.7,1.73,2598,1553,1.67,0.354268,2026-09-29
AAPL,329.4,2026-10-09,10,Put,337.5,+0.02%,9.35,9.6,10.6,502,303,1.66,-0.725474,2026-09-29
MU,1065.08,2027-12-17,445,Call,2360,-1.22%,72.7,78.71,82.75,502,303,1.66,0.240002,2026-09-29
TSLA,352.84,2026-10-23,24,Call,350,+0.01%,18.35,18.5,18.6,697,419,1.66,0.559271,2026-09-29
MU,1065.08,2026-10-02,3,Put,885,-0.17%,1.02,1.06,1.06,772,464,1.66,-0.025525,2026-09-29
AMZN,246.67,2026-10-09,10,Call,247.5,0.00%,4.5,4.57,4.65,1719,1036,1.66,0.491253,2026-09-29
TFC,46.44,2026-11-20,53,Put,42.5,-0.08%,0.7,0.7,0.8,4057,2445,1.66,-0.216547,2026-09-29
GOOGL,340.92,2026-10-02,3,Call,345,-0.01%,2.3,2.38,2.46,4767,2879,1.66,0.353555,2026-09-29
SPCX,149.24,2026-10-02,3,Call,157.5,-0.06%,0.48,0.48,0.5,15293,9206,1.66,0.137564,2026-09-29
LITE,973.49,2026-10-02,3,Call,985,-0.01%,20.2,22.82,23.5,545,331,1.65,0.448188,2026-09-29
USAR,14.07,2026-10-02,3,Call,15,-0.07%,0.08,0.1,0.1,1328,805,1.65,0.181046,2026-09-29
TSLA,352.84,2026-10-07,8,Call,380,-0.08%,1.23,1.25,1.29,520,317,1.64,0.121424,2026-09-29
AAPL,329.4,2026-10-05,6,Call,342.5,-0.04%,0.35,0.38,0.41,545,332,1.64,0.089211,2026-09-29
CRWV,85.93,2026-10-09,10,Call,86,0.00%,4.05,4.13,4.25,623,379,1.64,0.524916,2026-09-29
VST,140.83,2026-10-02,3,Call,144,-0.02%,1.3,1.46,1.46,656,400,1.64,0.327513,2026-09-29
MARA,11.99,2026-10-09,10,Call,11,+0.08%,1.21,1.2,1.26,781,476,1.64,0.765497,2026-09-29
ORCL,137.79,2026-10-09,10,Call,162.5,-0.18%,0.37,0.41,0.41,868,528,1.64,0.064524,2026-09-29
CVX,204.38,2026-10-16,17,Call,225,-0.10%,0.24,0.25,0.31,984,600,1.64,0.05496,2026-09-29
LRCX,323.86,2026-10-02,3,Call,350,-0.08%,1.4,1.4,1.48,1148,699,1.64,0.133968,2026-09-29
BA,187.68,2026-10-09,10,Call,190,-0.01%,3.15,3.5,3.4,1515,925,1.64,0.425965,2026-09-29
RIOT,21.39,2026-12-18,81,Call,32,-0.50%,0.87,0.95,1.06,2002,1224,1.64,0.227399,2026-09-29
SNDK,1729.76,2026-10-02,3,Put,1700,-0.02%,36.1,36.5,38,2085,1271,1.64,-0.391794,2026-09-29
MU,1065.08,2026-10-02,3,Put,1060,0.00%,36.9,37.24,37.95,2172,1324,1.64,-0.459938,2026-09-29
AAPL,329.4,2026-10-02,3,Call,340,-0.03%,0.39,0.4,0.41,17478,10626,1.64,0.104065,2026-09-29
QCOM,184.1,2026-10-02,3,Call,190,-0.03%,1.5,1.62,1.65,7320,4486,1.63,0.278007,2026-09-29
BE,291.25,2026-10-09,10,Call,310,-0.06%,8,8.65,9.6,526,323,1.63,0.352112,2026-09-29
CRWD,262.74,2026-10-02,3,Call,287.5,-0.09%,0.36,0.39,0.42,547,336,1.63,0.061417,2026-09-29
AMD,607.57,2026-10-02,3,Call,622.5,-0.02%,6.25,6,6.6,709,436,1.63,0.327214,2026-09-29
MARA,11.99,2027-10-15,381,Put,10,-0.17%,2.45,2.45,2.59,812,497,1.63,-0.249216,2026-09-29
MSFT,508.96,2026-10-02,3,Call,522.5,-0.03%,1.46,1.65,1.75,1459,896,1.63,0.194521,2026-09-29
GOOG,337.32,2026-10-02,3,Call,340,-0.01%,2.74,2.76,2.82,4293,2633,1.63,0.402509,2026-09-29
META,738.79,2026-10-02,3,Call,720,+0.03%,23.95,24.09,24.35,4476,2742,1.63,0.736512,2026-09-29
RCUS,25.65,2026-10-16,17,Call,30,-0.17%,0.05,0.3,0.5,598,370,1.62,0.154047,2026-09-29
VALE,13.3,2026-10-09,10,Call,14,-0.05%,0.11,0.13,0.15,1003,618,1.62,0.244215,2026-09-29
NCLH,14.8,2026-10-09,10,Call,15,-0.01%,0.41,0.46,0.47,1046,647,1.62,0.46218,2026-09-29
MU,1065.08,2026-10-05,6,Call,1100,-0.03%,29.4,29.7,30,1799,1108,1.62,0.40005,2026-09-29
AU,94.63,2028-01-21,480,Call,70,+0.26%,33.9,34.2,36.5,2000,1237,1.62,0.771958,2026-09-29
HBAN,15.27,2026-10-16,17,Put,18,+0.18%,2.35,2.82,2.95,2000,1238,1.62,-0.892892,2026-09-29
INTC,115.93,2026-09-30,1,Call,121,-0.04%,0.22,0.24,0.23,9463,5854,1.62,0.115104,2026-09-29
PLTR,186.97,2026-10-02,3,Call,190,-0.02%,2.05,2.06,2.07,8434,5231,1.61,0.369623,2026-09-29
MARA,11.99,2026-10-23,24,Call,12,0.00%,0.95,0.99,1.01,565,352,1.61,0.543836,2026-09-29
COIN,190.02,2026-10-09,10,Call,220,-0.16%,1.15,1.22,1.33,756,470,1.61,0.118902,2026-09-29
ORCL,137.79,2026-10-02,3,Call,133,+0.03%,5.85,6,6.1,977,606,1.61,0.750205,2026-09-29
AMZN,246.67,2026-10-05,6,Call,265,-0.07%,0.11,0.15,0.24,1170,727,1.61,0.043088,2026-09-29
NVDA,227.21,2026-11-06,39,Call,250,-0.10%,2.07,2.19,2.24,1945,1211,1.61,0.185889,2026-09-29
NFLX,70.3,2026-10-09,10,Call,70,0.00%,1.69,1.69,1.73,2115,1316,1.61,0.550016,2026-09-29
AMD,607.57,2026-10-02,3,Call,620,-0.02%,7.1,7.2,7.4,4704,2921,1.61,0.356602,2026-09-29
DELL,539.59,2026-10-02,3,Call,545,-0.01%,10.65,11,11.75,558,349,1.6,0.451502,2026-09-29
FSLR,176.93,2026-10-02,3,Call,185,-0.05%,0.54,0.85,1.3,693,434,1.6,0.193412,2026-09-29
PANW,388.41,2026-10-02,3,Call,390,0.00%,7.35,7.7,7.75,1279,797,1.6,0.482395,2026-09-29
META,738.79,2026-10-02,3,Put,675,-0.09%,0.28,0.29,0.32,1790,1119,1.6,-0.023203,2026-09-29
PLTR,186.97,2026-10-02,3,Put,185,-0.01%,2.37,2.39,2.41,8811,5496,1.6,-0.395035,2026-09-29
MU,1065.08,2026-10-02,3,Call,1230,-0.15%,4.5,4.55,4.65,508,319,1.59,0.092265,2026-09-29
MS,192.76,2026-10-02,3,Call,200,-0.04%,0.26,0.37,0.43,537,338,1.59,0.119614,2026-09-29
GOOGL,340.92,2026-10-02,3,Call,337.5,+0.01%,5.85,6.05,6.25,758,477,1.59,0.641282,2026-09-29
MU,1065.08,2026-10-02,3,Put,935,-0.12%,3,3.08,3.1,997,628,1.59,-0.068952,2026-09-29
NKE,35.84,2026-10-09,10,Call,42,-0.17%,0.21,0.25,0.29,1132,711,1.59,0.117943,2026-09-29
CIFR,16.51,2028-01-21,480,Put,15,-0.09%,4.9,5.05,6,5011,3157,1.59,-0.251119,2026-09-29
BE,291.25,2026-10-02,3,Put,250,-0.14%,0.31,0.33,0.34,6114,3839,1.59,-0.03253,2026-09-29
MP,45.43,2026-10-09,10,Call,50,-0.10%,0.34,0.38,0.41,545,344,1.58,0.170143,2026-09-29
CDE,17.84,2026-10-23,24,Call,19,-0.07%,0.55,0.58,0.7,557,353,1.58,0.369716,2026-09-29
LCID,4.07,2026-11-20,53,Call,4,+0.02%,0.5,0.65,0.66,594,376,1.58,0.593295,2026-09-29
CDE,17.84,2026-10-30,31,Put,16,-0.10%,0.4,0.45,0.5,725,459,1.58,-0.231198,2026-09-29
BABA,107.74,2026-10-02,3,Put,107,-0.01%,1.03,1.12,1.13,1129,716,1.58,-0.41098,2026-09-29
MU,1065.08,2026-10-02,3,Put,1040,-0.02%,27.4,27.88,27.95,1447,918,1.58,-0.379996,2026-09-29
AAPL,329.4,2026-10-30,31,Put,320,-0.03%,5.55,5.77,6,1707,1080,1.58,-0.328975,2026-09-29
TSLA,352.84,2026-10-05,6,Call,372.5,-0.06%,1.37,1.4,1.4,693,441,1.57,0.15191,2026-09-29
NIO,3.4,2027-03-19,171,Call,3,+0.12%,0.7,0.78,0.98,924,589,1.57,0.706732,2026-09-29
AMD,607.57,2026-10-02,3,Put,555,-0.09%,0.6,0.7,0.69,930,591,1.57,-0.046015,2026-09-29
IVR,6.26,2027-04-16,199,Put,7,+0.12%,1.15,1.4,1.5,1005,642,1.57,-0.564415,2026-09-29
CBRS,194.95,2026-10-02,3,Call,230,-0.18%,0.3,0.3,0.4,2496,1585,1.57,0.046913,2026-09-29
RDDT,145.36,2026-10-02,3,Call,150,-0.03%,1.52,1.65,1.76,2561,1631,1.57,0.308643,2026-09-29
DASH,187.1,2026-10-02,3,Call,200,-0.07%,0.38,0.64,0.63,567,363,1.56,0.108704,2026-09-29
TSM,456.94,2026-10-09,10,Put,425,-0.07%,1.02,1.09,1.16,692,443,1.56,-0.090073,2026-09-29
CMCSA,21.6,2027-09-17,353,Put,15,-0.31%,0.57,0.58,0.65,763,489,1.56,-0.125208,2026-09-29
NVTS,11.73,2026-10-09,10,Call,12,-0.02%,0.5,0.53,0.53,815,523,1.56,0.462471,2026-09-29
META,738.79,2026-10-02,3,Put,715,-0.03%,3.6,3.61,3.65,2298,1470,1.56,-0.206502,2026-09-29
GLW,158.71,2026-10-02,3,Put,155,-0.02%,1.83,1.98,2.14,846,547,1.55,-0.32654,2026-09-29
DKNG,19.59,2026-10-02,3,Call,20,-0.02%,0.31,0.32,0.36,849,547,1.55,0.388873,2026-09-29
MU,1065.08,2026-10-02,3,Call,1130,-0.06%,17.95,18.09,18.3,1267,818,1.55,0.290737,2026-09-29
WMT,106.8,2026-10-02,3,Call,109,-0.02%,0.25,0.28,0.28,4189,2704,1.55,0.1953,2026-09-29
OKLO,37.11,2026-10-02,3,Call,38,-0.02%,0.66,0.75,0.77,539,350,1.54,0.388942,2026-09-29
AVGO,355.1,2026-09-30,1,Put,342.5,-0.04%,0.1,0.13,0.14,1262,818,1.54,-0.039937,2026-09-29
SOFI,15.91,2026-11-06,39,Call,17.5,-0.10%,0.56,0.58,0.61,555,362,1.53,0.338547,2026-09-29
MRVL,263.27,2026-10-30,31,Put,260,-0.01%,17.5,18.5,18.25,637,416,1.53,-0.430734,2026-09-29
RDDT,145.36,2026-10-02,3,Put,144,-0.01%,2.39,2.7,2.96,778,507,1.53,-0.422131,2026-09-29
ORCL,137.79,2026-10-16,17,Put,133,-0.03%,3.8,3.8,4,890,581,1.53,-0.351676,2026-09-29
QS,4.59,2026-10-02,3,Call,4.5,+0.02%,0.15,0.15,0.17,1082,705,1.53,0.643195,2026-09-29
BFLY,9.1,2026-11-20,53,Call,12.5,-0.37%,0.4,0.45,0.5,1185,772,1.53,0.260205,2026-09-29
WFC,80.48,2026-10-02,3,Call,82,-0.02%,0.31,0.42,0.63,1486,973,1.53,0.290037,2026-09-29
TTD,12.05,2026-10-02,3,Put,13,+0.08%,0.9,1.08,1.11,2436,1588,1.53,-0.858549,2026-09-29
MSFT,508.96,2026-10-02,3,Put,500,-0.02%,2.21,2.4,2.59,5418,3539,1.53,-0.263321,2026-09-29
META,738.79,2026-10-09,10,Call,730,+0.01%,24.5,25.5,25.5,518,340,1.52,0.588869,2026-09-29
HAL,31.54,2026-10-09,10,Put,31,-0.02%,0.26,0.47,0.55,545,359,1.52,-0.356281,2026-09-29
DELL,539.59,2026-10-02,3,Call,540,0.00%,11.85,13.2,13.95,548,361,1.52,0.5089,2026-09-29
CBRS,194.95,2026-11-20,53,Call,300,-0.54%,3.4,5.5,5.5,571,376,1.52,0.147214,2026-09-29
COST,924.59,2026-10-16,17,Call,1050,-0.14%,0.1,0.14,0.23,761,502,1.52,0.010011,2026-09-29
TSLA,352.84,2026-10-02,3,Call,340,+0.04%,14.5,14.75,15.15,1054,694,1.52,0.798175,2026-09-29
MU,1065.08,2026-10-02,3,Call,1140,-0.07%,15.65,15.8,16,1079,711,1.52,0.261702,2026-09-29
NET,352.26,2026-10-02,3,Call,370,-0.05%,2.12,2.34,3.3,1247,822,1.52,0.223189,2026-09-29
CRWV,85.93,2026-10-02,3,Put,86,0.00%,2.54,2.5,2.65,1585,1041,1.52,-0.487989,2026-09-29
MU,1065.08,2026-10-02,3,Put,910,-0.15%,1.69,1.78,1.82,1620,1067,1.52,-0.041797,2026-09-29
CRWV,85.93,2026-10-02,3,Call,88,-0.02%,1.7,1.76,1.78,3066,2011,1.52,0.393206,2026-09-29
AMZN,246.67,2026-10-30,31,Call,245,+0.01%,12.6,12.8,13,999,662,1.51,0.557799,2026-09-29
TSLA,352.84,2026-10-09,10,Put,335,-0.05%,2.66,2.68,2.71,1044,693,1.51,-0.201069,2026-09-29
IREN,41.38,2026-10-02,3,Call,40,+0.03%,1.99,1.96,2.08,1209,800,1.51,0.689771,2026-09-29
AMD,607.57,2026-10-02,3,Call,635,-0.05%,3.3,3.5,3.55,1222,809,1.51,0.20215,2026-09-29
CMG,31.88,2026-10-02,3,Call,32.5,-0.02%,0.31,0.41,0.46,1541,1020,1.51,0.362314,2026-09-29
MU,1065.08,2026-10-02,3,Put,960,-0.10%,5.35,5.51,5.6,1599,1057,1.51,-0.113556,2026-09-29
BAC,54.96,2027-02-19,144,Call,60,-0.09%,1.83,1.84,1.89,6071,4021,1.51,0.338299,2026-09-29
AZN,164.21,2026-10-16,17,Put,150,-0.09%,0.3,0.4,0.5,531,355,1.5,-0.07982,2026-09-29
META,738.79,2026-10-05,6,Put,720,-0.03%,6.4,6.61,6.5,540,360,1.5,-0.284284,2026-09-29
GME,23.76,2026-10-09,10,Put,22,-0.07%,0.12,0.15,0.19,670,447,1.5,-0.154428,2026-09-29
MSTR,154.67,2026-10-02,3,Put,146,-0.06%,1.12,1.18,1.21,901,600,1.5,-0.191239,2026-09-29
META,738.79,2026-10-02,3,Call,742.5,-0.01%,10.75,10.85,10.95,903,604,1.5,0.464116,2026-09-29
IREN,41.38,2026-10-09,10,Call,42,-0.01%,1.73,1.76,1.84,934,621,1.5,0.480317,2026-09-29
AAPL,329.4,2026-10-02,3,Put,317.5,-0.04%,0.32,0.35,0.35,1364,910,1.5,-0.082085,2026-09-29
META,738.79,2028-01-21,480,Call,720,+0.03%,169.8,167.05,171.65,1386,922,1.5,0.657585,2026-09-29
META,738.79,2026-10-16,17,Call,745,-0.01%,23.2,23.1,23.4,1526,1015,1.5,0.486583,2026-09-29
NOK,10.36,2026-10-09,10,Call,10,+0.03%,0.57,0.61,0.61,1957,1305,1.5,0.667572,2026-09-29
MRNA,203.46,2026-10-02,3,Call,200,+0.02%,8.35,8.54,8.55,2905,1933,1.5,0.600889,2026-09-29
NVDA,227.21,2026-10-05,6,Put,220,-0.03%,0.94,0.98,0.95,3150,2095,1.5,-0.192172,2026-09-29
NBIS,237.35,2026-10-02,3,Call,260,-0.10%,1.38,1.41,1.45,3844,2558,1.5,0.145344,2026-09-29
NFLX,70.3,2026-10-02,3,Call,74,-0.05%,0.09,0.1,0.1,14703,9816,1.5,0.082787,2026-09-29
AMD,607.57,2026-10-09,10,Put,560,-0.08%,4.15,4.25,4.35,753,506,1.49,-0.153483,2026-09-29
BA,187.68,2027-06-17,261,Call,200,-0.07%,19.8,20.4,21.05,951,640,1.49,0.484739,2026-09-29
MU,1065.08,2026-10-02,3,Call,1160,-0.09%,11.85,12.05,12.1,1044,702,1.49,0.209745,2026-09-29
GOOG,337.32,2026-10-02,3,Put,337.5,0.00%,3.7,3.84,3.9,1809,1215,1.49,-0.498679,2026-09-29
CRWV,85.93,2026-10-02,3,Call,91,-0.06%,0.89,0.92,0.95,2026,1363,1.49,0.242813,2026-09-29
AMD,607.57,2026-10-02,3,Put,610,0.00%,12.9,13.55,13.7,2073,1391,1.49,-0.519876,2026-09-29
NFLX,70.3,2026-10-09,10,Call,75,-0.07%,0.25,0.25,0.26,4180,2808,1.49,0.132517,2026-09-29
ALB,107.62,2026-10-16,17,Call,120,-0.12%,0.68,1.01,1.03,546,368,1.48,0.156222,2026-09-29
NBIS,237.35,2026-10-02,3,Call,267.5,-0.13%,0.69,0.83,0.91,620,419,1.48,0.088268,2026-09-29
LYB,58.18,2027-12-17,445,Call,65,-0.12%,7.4,7.78,8.8,828,559,1.48,0.481135,2026-09-29
BABA,107.74,2026-10-02,3,Call,109,-0.01%,0.92,1,1.03,1137,768,1.48,0.377324,2026-09-29
EOSE,3.11,2026-12-18,81,Put,3,-0.04%,0.39,0.51,0.55,1149,774,1.48,-0.375246,2026-09-29
QURE,24.51,2027-01-15,109,Call,65,-1.65%,0.2,0.3,0.3,1790,1212,1.48,0.055433,2026-09-29
LITE,973.49,2026-10-02,3,Call,1000,-0.03%,16.5,17.3,17.8,2555,1725,1.48,0.369708,2026-09-29
S,23.31,2026-10-02,3,Put,23.5,+0.01%,0.45,0.52,0.8,3002,2030,1.48,-0.544119,2026-09-29
GLW,158.71,2026-10-02,3,Call,167.5,-0.06%,0.9,1.1,1.25,597,406,1.47,0.201483,2026-09-29
PGY,17.37,2026-11-20,53,Put,12,-0.31%,0.2,0.29,0.35,1284,872,1.47,-0.092093,2026-09-29
WHR,30.67,2026-11-20,53,Call,35,-0.14%,1.6,1.71,1.75,2012,1369,1.47,0.346048,2026-09-29
META,738.79,2026-11-20,53,Call,725,+0.02%,56.8,57,57.9,2269,1542,1.47,0.590437,2026-09-29
INTC,115.93,2026-10-02,3,Put,114,-0.02%,1.96,1.97,2,2689,1832,1.47,-0.380245,2026-09-29
ORCL,137.79,2026-10-02,3,Call,149,-0.08%,0.43,0.44,0.47,2916,1980,1.47,0.111101,2026-09-29
CMG,31.88,2026-10-02,3,Call,33,-0.04%,0.17,0.27,0.34,3027,2059,1.47,0.262232,2026-09-29
MU,1065.08,2026-10-02,3,Call,1110,-0.04%,23.35,23.65,23.8,3277,2232,1.47,0.354591,2026-09-29
NEE,75.89,2026-12-18,81,Call,85,-0.12%,0.66,0.73,0.74,3311,2254,1.47,0.166127,2026-09-29
META,738.79,2026-10-02,3,Call,740,0.00%,11.95,12,12.1,6651,4524,1.47,0.495853,2026-09-29
ASTS,59.4,2026-10-02,3,Call,65,-0.09%,0.34,0.35,0.35,6929,4722,1.47,0.14408,2026-09-29
META,738.79,2026-09-30,1,Call,800,-0.08%,0.16,0.16,0.18,9620,6611,1.46,0.017302,2026-09-29
RDDT,145.36,2026-10-02,3,Call,152.5,-0.05%,0.99,1.05,1.2,655,448,1.46,0.223383,2026-09-29
AXTI,78.18,2026-10-02,3,Call,90,-0.15%,0.5,0.6,0.65,918,627,1.46,0.130178,2026-09-29
MSFT,508.96,2026-10-02,3,Put,502.5,-0.01%,2.82,3.15,3.5,1042,716,1.46,-0.322328,2026-09-29
META,738.79,2026-10-16,17,Put,655,-0.11%,2.45,2.52,2.48,1146,786,1.46,-0.079497,2026-09-29
UBER,69.36,2026-10-09,10,Call,70,-0.01%,1.28,1.43,1.41,1262,867,1.46,0.455839,2026-09-29
OBDC,10.81,2026-11-20,53,Call,10,+0.07%,0.4,0.75,1.45,1765,1213,1.46,0.838918,2026-09-29
RKLB,69.7,2026-10-02,3,Call,76,-0.09%,0.28,0.29,0.33,1905,1303,1.46,0.12505,2026-09-29
NVDA,227.21,2026-10-16,17,Put,217.5,-0.04%,2.45,2.52,2.47,2199,1505,1.46,-0.249438,2026-09-29
AMD,607.57,2026-09-30,1,Call,647.5,-0.07%,0.09,0.14,0.13,3569,2451,1.46,0.01704,2026-09-29
RIG,5.21,2027-09-17,353,Put,5,-0.04%,0.75,0.78,0.84,602,416,1.45,-0.400121,2026-09-29
JPM,334.98,2026-10-02,3,Call,337.5,-0.01%,2.25,2.38,2.47,678,466,1.45,0.392913,2026-09-29
PLTR,186.97,2026-10-09,10,Put,167.5,-0.10%,0.63,0.7,0.66,866,596,1.45,-0.086332,2026-09-29
META,738.79,2026-10-02,3,Put,687.5,-0.07%,0.62,0.66,0.68,878,605,1.45,-0.047579,2026-09-29
BABA,107.74,2026-10-09,10,Call,110,-0.02%,1.7,1.76,1.89,1152,793,1.45,0.384916,2026-09-29
MDB,337.19,2026-11-20,53,Call,400,-0.19%,11,12,12.95,1245,857,1.45,0.276975,2026-09-29
NOW,129.94,2026-10-02,3,Put,129,-0.01%,2.22,2.31,2.33,1448,997,1.45,-0.433066,2026-09-29
DELL,539.59,2026-10-02,3,Call,570,-0.06%,3.55,3.8,4,1569,1083,1.45,0.203133,2026-09-29
CRWV,85.93,2026-10-02,3,Call,89,-0.04%,1.37,1.4,1.45,1977,1360,1.45,0.337885,2026-09-29
SOFI,15.91,2026-10-30,31,Call,16.5,-0.04%,0.76,0.8,0.84,2044,1412,1.45,0.45123,2026-09-29
ORCL,137.79,2026-10-02,3,Put,134,-0.03%,1.28,1.29,1.35,2259,1563,1.45,-0.285933,2026-09-29
GOOGL,340.92,2026-10-02,3,Call,375,-0.10%,0.08,0.12,0.13,3296,2272,1.45,0.018931,2026-09-29
MSTR,154.67,2026-10-09,10,Put,152.5,-0.01%,5.45,5.75,5.85,831,578,1.44,-0.424169,2026-09-29
RDDT,145.36,2026-10-02,3,Put,142,-0.02%,1.73,1.94,2.01,930,645,1.44,-0.329862,2026-09-29
RGTI,15.74,2026-10-02,3,Call,16,-0.02%,0.33,0.34,0.35,1400,971,1.44,0.425886,2026-09-29
NVDA,227.21,2026-11-06,39,Put,205,-0.10%,2.17,2.21,2.3,1542,1068,1.44,-0.158399,2026-09-29
NVDA,227.21,2028-12-15,809,Call,130,+0.43%,114.15,118,121.45,2291,1591,1.44,0.894996,2026-09-29
PTON,5.04,2026-10-02,3,Call,5,+0.01%,0.1,0.17,0.14,3112,2160,1.44,0.576959,2026-09-29
CCL,25.11,2026-11-06,39,Call,28,-0.12%,0.4,0.51,0.56,734,515,1.43,0.244656,2026-09-29
SPCX,149.24,2026-10-09,10,Put,148,-0.01%,3.75,3.7,3.85,1321,926,1.43,-0.436435,2026-09-29
PDD,77.5,2027-06-17,261,Put,110,+0.42%,32.6,32.96,34,1524,1067,1.43,-0.844424,2026-09-29
BE,291.25,2026-11-20,53,Call,350,-0.20%,19.35,20.27,20.25,1610,1126,1.43,0.357004,2026-09-29
GOOG,337.32,2026-10-02,3,Call,335,+0.01%,5.1,5.27,5.35,1798,1260,1.43,0.603456,2026-09-29
MSFT,508.96,2026-10-09,10,Call,520,-0.02%,4.85,4.98,5.25,1882,1312,1.43,0.335058,2026-09-29
AMD,607.57,2026-09-30,1,Put,587.5,-0.03%,0.78,0.87,0.85,2009,1407,1.43,-0.10323,2026-09-29
NBIS,237.35,2026-10-02,3,Call,270,-0.14%,0.61,0.65,0.68,3475,2434,1.43,0.073247,2026-09-29
PLTR,186.97,2026-10-02,3,Call,192.5,-0.03%,1.29,1.3,1.32,4952,3463,1.43,0.264877,2026-09-29
MRNA,203.46,2026-10-02,3,Call,250,-0.23%,0.03,0.16,0.3,572,402,1.42,0.02247,2026-09-29
TSLA,352.84,2026-10-07,8,Call,370,-0.05%,2.6,2.65,2.69,598,422,1.42,0.224913,2026-09-29
NVDA,227.21,2026-09-30,1,Call,212.5,+0.06%,14.15,15,16.25,605,426,1.42,0.912638,2026-09-29
AVGO,355.1,2026-10-23,24,Put,315,-0.11%,1.25,1.54,1.69,667,469,1.42,-0.090761,2026-09-29
MDB,337.19,2026-12-18,81,Call,440,-0.30%,11.25,13.14,18.15,707,497,1.42,0.261208,2026-09-29
HOOD,116.22,2026-10-02,3,Call,119,-0.02%,2.01,2.04,2.11,1339,945,1.42,0.381298,2026-09-29
LULU,96.87,2026-10-02,3,Call,100,-0.03%,0.62,0.65,0.65,1826,1283,1.42,0.24947,2026-09-29
RDDT,145.36,2026-10-02,3,Put,140,-0.04%,1.2,1.33,1.36,2721,1918,1.42,-0.247772,2026-09-29
NFLX,70.3,2026-10-02,3,Put,70,0.00%,0.7,0.71,0.74,10090,7118,1.42,-0.43586,2026-09-29
TSLA,352.84,2026-10-02,3,Call,375,-0.06%,0.71,0.71,0.73,11500,8135,1.41,0.096599,2026-09-29
DNN,2.59,2029-01-19,844,Call,2.5,+0.03%,1,1.2,1.25,609,433,1.41,0.743333,2026-09-29
ORCL,137.79,2026-10-16,17,Call,134,+0.03%,7.9,8.35,8.9,640,453,1.41,0.62118,2026-09-29
MRNA,203.46,2026-11-20,53,Put,125,-0.39%,1.25,2.05,2.94,795,565,1.41,-0.058643,2026-09-29
ASTS,59.4,2026-10-02,3,Put,56,-0.06%,0.41,0.45,0.47,1028,729,1.41,-0.187766,2026-09-29
IONQ,43.91,2026-10-02,3,Call,47,-0.07%,0.33,0.33,0.39,2274,1610,1.41,0.198967,2026-09-29
GME,23.76,2026-10-02,3,Put,23,-0.03%,0.16,0.16,0.18,5211,3693,1.41,-0.244011,2026-09-29
MSTR,154.67,2026-10-02,3,Put,160,+0.03%,7.5,7.8,7.85,5502,3905,1.41,-0.665582,2026-09-29
RF,26.89,2026-11-20,53,Put,25,-0.07%,0.55,0.6,0.65,5655,4002,1.41,-0.264768,2026-09-29
AAOI,100.67,2026-10-02,3,Call,103,-0.02%,2.4,2.5,2.8,522,372,1.4,0.417846,2026-09-29
BE,291.25,2026-10-02,3,Call,360,-0.24%,0.1,0.2,0.17,568,406,1.4,0.014303,2026-09-29
ORCL,137.79,2026-10-02,3,Put,143,+0.04%,6.2,6.35,6.45,971,695,1.4,-0.742121,2026-09-29
LITE,973.49,2026-10-02,3,Call,1050,-0.08%,5.9,6.14,6.4,1200,857,1.4,0.165164,2026-09-29
WMT,106.8,2026-10-02,3,Put,103,-0.04%,0.09,0.1,0.1,1254,898,1.4,-0.076223,2026-09-29
RIVN,14.97,2026-11-06,39,Call,17,-0.14%,0.59,0.66,0.69,1401,1000,1.4,0.328949,2026-09-29
SMCI,41.02,2026-10-09,10,Call,42,-0.02%,1.47,1.48,1.51,1664,1191,1.4,0.445907,2026-09-29
META,738.79,2026-10-02,3,Put,725,-0.02%,6.25,6.37,6.3,1992,1423,1.4,-0.313654,2026-09-29
META,738.79,2026-10-02,3,Put,720,-0.03%,4.75,4.9,4.85,3651,2608,1.4,-0.2569,2026-09-29
GOOG,337.32,2026-10-09,10,Call,350,-0.04%,2.35,2.4,2.44,3731,2670,1.4,0.244797,2026-09-29
MSFT,508.96,2026-10-02,3,Call,515,-0.01%,3.3,3.5,3.8,6944,4975,1.4,0.353944,2026-09-29
CRWV,85.93,2026-10-02,3,Call,90,-0.05%,1.14,1.14,1.18,14003,10032,1.4,0.289483,2026-09-29
GOOGL,340.92,2027-09-17,353,Call,460,-0.35%,16.7,17.04,18.85,512,369,1.39,0.283669,2026-09-29
VKTX,31.81,2026-10-02,3,Call,34,-0.07%,0.19,0.26,0.3,701,505,1.39,0.194774,2026-09-29
NKE,35.84,2026-10-02,3,Put,32.5,-0.09%,0.29,0.29,0.31,735,529,1.39,-0.15291,2026-09-29
QCOM,184.1,2026-11-20,53,Put,195,+0.06%,20.2,20.55,22.05,836,603,1.39,-0.566451,2026-09-29
MU,1065.08,2026-10-02,3,Put,1025,-0.04%,21.25,21.52,21.65,1007,726,1.39,-0.320508,2026-09-29
MP,45.43,2028-01-21,480,Put,30,-0.34%,3.25,3.3,3.45,1411,1013,1.39,-0.152852,2026-09-29
META,738.79,2026-10-16,17,Put,725,-0.02%,17.8,17.89,17.95,1499,1078,1.39,-0.388989,2026-09-29
META,738.79,2026-10-02,3,Call,732.5,+0.01%,15.95,15.83,16.1,1597,1146,1.39,0.590527,2026-09-29
COIN,190.02,2026-10-02,3,Call,195,-0.03%,3.05,3.16,3.2,2103,1517,1.39,0.366228,2026-09-29
INTC,115.93,2026-10-02,3,Put,113,-0.03%,1.59,1.6,1.63,2173,1564,1.39,-0.327988,2026-09-29
ASX,45.31,2026-10-16,17,Call,45,+0.01%,2.35,2.5,2.85,3381,2437,1.39,0.548189,2026-09-29
LULU,96.87,2026-10-02,3,Call,101,-0.04%,0.43,0.45,0.49,508,369,1.38,0.190805,2026-09-29
BMNR,26.73,2026-10-23,24,Call,25,+0.06%,2.6,3,3.2,607,439,1.38,0.681697,2026-09-29
RIVN,14.97,2026-10-16,17,Call,14.5,+0.03%,0.95,0.99,1,622,452,1.38,0.634062,2026-09-29
CVNA,63.62,2026-10-02,3,Call,63,+0.01%,2.01,2.03,2.19,826,599,1.38,0.571367,2026-09-29
NFLX,70.3,2026-10-30,31,Call,70,0.00%,3.85,3.9,3.95,830,602,1.38,0.549328,2026-09-29
IOVA,14.45,2026-10-02,3,Call,12,+0.17%,2.2,2.47,2.85,1143,830,1.38,0.923978,2026-09-29
AVGO,355.1,2026-09-30,1,Call,352.5,+0.01%,4.15,4.28,4.4,1257,911,1.38,0.651592,2026-09-29
TSM,456.94,2028-01-21,480,Put,350,-0.23%,23.65,24.35,25.8,2614,1901,1.38,-0.180631,2026-09-29
ALL,225.42,2026-10-16,17,Call,230,-0.02%,2.95,3.2,3.5,527,385,1.37,0.377101,2026-09-29
NBIS,237.35,2026-10-02,3,Call,247.5,-0.04%,3.7,3.75,4.05,590,432,1.37,0.320363,2026-09-29
CDNS,324.17,2026-10-02,3,Call,340,-0.05%,0.3,0.63,1.4,668,488,1.37,0.129438,2026-09-29
PANW,388.41,2026-10-02,3,Put,380,-0.02%,4.3,4.75,5.2,848,620,1.37,-0.331717,2026-09-29
NVDA,227.21,2026-10-02,3,Call,212.5,+0.06%,14.5,15.61,15.2,1061,773,1.37,0.973739,2026-09-29
CRWV,85.93,2026-10-02,3,Call,87,-0.01%,2.08,2.13,2.16,2112,1538,1.37,0.451614,2026-09-29
BA,187.68,2026-10-02,3,Put,182.5,-0.03%,0.64,0.73,0.79,2118,1544,1.37,-0.199059,2026-09-29
TSLA,352.84,2026-10-02,3,Call,367.5,-0.04%,1.54,1.56,1.57,2622,1914,1.37,0.18607,2026-09-29
AUR,5.39,2027-03-19,171,Put,4,-0.26%,0.25,0.41,0.45,3512,2572,1.37,-0.187807,2026-09-29
AGNC,9.45,2027-01-15,109,Put,8,-0.15%,0.13,0.16,0.17,12608,9215,1.37,-0.15517,2026-09-29
NVDA,227.21,2026-10-02,3,Put,225,-0.01%,1.78,1.83,1.79,20149,14746,1.37,-0.366465,2026-09-29
UBER,69.36,2026-10-02,3,Put,68,-0.02%,0.35,0.37,0.37,6869,5039,1.36,-0.261508,2026-09-29
NVDA,227.21,2026-10-05,6,Call,230,-0.01%,2.17,2.14,2.19,7850,5762,1.36,0.382414,2026-09-29
MNDY,76.05,2027-01-15,109,Put,80,+0.05%,11.9,13,15.4,505,372,1.36,-0.465407,2026-09-29
META,738.79,2026-10-09,10,Put,720,-0.03%,11.1,11.3,11.5,658,485,1.36,-0.333437,2026-09-29
WMT,106.8,2026-10-09,10,Put,100,-0.06%,0.07,0.11,0.14,753,555,1.36,-0.054339,2026-09-29
MU,1065.08,2026-10-02,3,Put,1005,-0.06%,14.5,14.75,14.9,762,562,1.36,-0.245322,2026-09-29
LCID,4.07,2026-10-16,17,Put,3.5,-0.14%,0.09,0.13,0.14,809,595,1.36,-0.207965,2026-09-29
ASTS,59.4,2026-10-02,3,Put,59,-0.01%,1.39,1.51,1.54,1279,939,1.36,-0.446375,2026-09-29
TEM,82.58,2026-10-02,3,Call,90,-0.09%,0.51,0.6,0.59,1470,1077,1.36,0.15925,2026-09-29
MSTR,154.67,2026-10-02,3,Put,152.5,-0.01%,3.1,3.2,3.3,2805,2064,1.36,-0.403739,2026-09-29
MRNA,203.46,2026-10-02,3,Call,210,-0.03%,4.05,4.15,4.3,4337,3182,1.36,0.370642,2026-09-29
FPS,37.2,2026-11-20,53,Call,37.5,-0.01%,3.9,4.35,4.5,614,456,1.35,0.553859,2026-09-29
APLD,25.41,2026-11-20,53,Put,20,-0.21%,0.75,1.02,1.05,756,558,1.35,-0.176717,2026-09-29
INTC,115.93,2027-12-17,445,Put,60,-0.48%,4.65,4.75,4.85,1004,742,1.35,-0.0898,2026-09-29
META,738.79,2026-10-02,3,Put,690,-0.07%,0.74,0.75,0.76,1333,991,1.35,-0.054357,2026-09-29
BAC,54.96,2027-03-19,171,Call,57.5,-0.05%,3,3.1,3.15,1433,1060,1.35,0.451432,2026-09-29
ORCL,137.79,2026-10-02,3,Call,134,+0.03%,5.15,5.27,5.4,1800,1332,1.35,0.704391,2026-09-29
AMC,3.08,2026-10-02,3,Call,2.5,+0.19%,0.51,0.58,0.6,6021,4454,1.35,0.945634,2026-09-29
MU,1065.08,2026-10-02,3,Call,1100,-0.03%,26.6,26.83,26.95,14717,10884,1.35,0.389202,2026-09-29
USAR,14.07,2026-10-23,24,Put,17,+0.21%,3.05,3.14,3.25,546,406,1.34,-0.813517,2026-09-29
BE,291.25,2026-10-02,3,Put,252.5,-0.13%,0.37,0.43,0.45,624,467,1.34,-0.040254,2026-09-29
RGTI,15.74,2026-10-09,10,Call,17.5,-0.11%,0.21,0.24,0.28,645,482,1.34,0.224355,2026-09-29
BE,291.25,2026-10-09,10,Call,300,-0.03%,11,12,12.25,959,718,1.34,0.439795,2026-09-29
GME,23.76,2026-10-16,17,Call,23.5,+0.01%,1.07,1.11,1.27,1028,770,1.34,0.557265,2026-09-29
SOFI,15.91,2026-10-30,31,Call,16,-0.01%,0.95,1.04,1.03,1538,1151,1.34,0.525993,2026-09-29
ORCL,137.79,2026-10-02,3,Call,157.5,-0.14%,0.13,0.13,0.18,1701,1273,1.34,0.038781,2026-09-29
PLTR,186.97,2026-10-02,3,Call,185,+0.01%,4.45,4.55,4.55,2871,2146,1.34,0.603225,2026-09-29
ORCL,137.79,2026-10-02,3,Call,152.5,-0.11%,0.26,0.27,0.28,3626,2706,1.34,0.068494,2026-09-29
AAPL,329.4,2026-10-16,17,Put,317.5,-0.04%,2.2,2.22,2.35,502,377,1.33,-0.223947,2026-09-29
VRT,248.34,2026-10-02,3,Call,255,-0.03%,2.95,3.1,3.35,686,514,1.33,0.337741,2026-09-29
LRCX,323.86,2027-06-17,261,Call,560,-0.73%,17,17.85,18.65,783,587,1.33,0.229479,2026-09-29
MRNA,203.46,2026-10-02,3,Call,215,-0.06%,2.68,2.84,3,853,641,1.33,0.275584,2026-09-29
SPCX,149.24,2026-10-09,10,Call,167.5,-0.12%,0.46,0.53,0.48,1994,1498,1.33,0.08666,2026-09-29
CRWD,262.74,2026-10-02,3,Call,270,-0.03%,2.89,2.94,3,2450,1842,1.33,0.321994,2026-09-29
WULF,15.09,2026-10-02,3,Call,15.5,-0.03%,0.29,0.32,0.31,4180,3149,1.33,0.376271,2026-09-29
MRVL,263.27,2027-01-15,109,Put,270,+0.03%,38.1,39,40.15,613,466,1.32,-0.448918,2026-09-29
UUUU,10.99,2026-10-16,17,Call,11,0.00%,0.58,0.62,0.65,736,559,1.32,0.530344,2026-09-29
MSTR,154.67,2026-10-02,3,Put,143,-0.08%,0.67,0.79,0.73,781,593,1.32,-0.125072,2026-09-29
INTC,115.93,2026-10-02,3,Call,113,+0.03%,4.6,4.6,4.7,914,692,1.32,0.668139,2026-09-29
VZ,45.98,2026-10-02,3,Put,46,0.00%,0.29,0.4,0.41,1051,796,1.32,-0.509292,2026-09-29
PDD,77.5,2026-10-09,10,Put,75,-0.03%,0.44,0.51,0.61,1101,833,1.32,-0.234686,2026-09-29
META,738.79,2026-10-16,17,Put,690,-0.07%,7.1,7.2,7.25,1349,1024,1.32,-0.195843,2026-09-29
BA,187.68,2026-11-20,53,Call,205,-0.09%,4.45,4.6,4.6,1429,1082,1.32,0.289542,2026-09-29
SPCX,149.24,2026-10-30,31,Call,150,-0.01%,7.6,7.8,7.85,1754,1330,1.32,0.521172,2026-09-29
NBIS,237.35,2026-10-02,3,Call,240,-0.01%,6.35,6.4,6.5,2656,2014,1.32,0.462578,2026-09-29
SPCX,149.24,2026-10-02,3,Call,145,+0.03%,5.3,5.55,5.65,4118,3124,1.32,0.735092,2026-09-29
FIS,33.35,2026-10-09,10,Call,34,-0.02%,0,0.52,0.65,531,404,1.31,0.337693,2026-09-29
NVTS,11.73,2026-10-02,3,Call,11.5,+0.02%,0.47,0.52,0.54,626,478,1.31,0.613369,2026-09-29
MU,1065.08,2026-10-02,3,Put,1055,-0.01%,34.3,34.86,35.35,737,564,1.31,-0.440043,2026-09-29
VRT,248.34,2026-10-02,3,Call,260,-0.05%,1.75,1.92,1.96,829,634,1.31,0.226771,2026-09-29
DOCN,135.01,2028-01-21,480,Put,80,-0.41%,12.7,13.6,14.7,1002,767,1.31,-0.139786,2026-09-29
GOOGL,340.92,2026-10-02,3,Call,342.5,0.00%,3.25,3.4,3.8,1709,1303,1.31,0.450598,2026-09-29
BB,8.72,2026-10-09,10,Call,9,-0.03%,0.25,0.25,0.27,2464,1886,1.31,0.409053,2026-09-29
BTDR,10.9,2026-12-18,81,Put,10,-0.08%,1.25,1.3,1.55,2517,1915,1.31,-0.332922,2026-09-29
SPCX,149.24,2026-10-09,10,Call,155,-0.04%,2.32,2.32,2.37,6716,5108,1.31,0.327873,2026-09-29
SG,8.74,2026-11-20,53,Call,11,-0.26%,0.45,0.5,0.55,7183,5489,1.31,0.311017,2026-09-29
AAPL,329.4,2026-10-02,3,Put,330,0.00%,3.25,3.3,3.4,10635,8122,1.31,-0.522679,2026-09-29
AMZN,246.67,2026-10-02,3,Call,250,-0.01%,1.56,1.59,1.66,16583,12748,1.3,0.335823,2026-09-29
SPCX,149.24,2026-11-06,39,Put,130,-0.13%,2.43,2.38,2.5,553,426,1.3,-0.172883,2026-09-29
CBRS,194.95,2026-10-02,3,Call,205,-0.05%,2.9,3,3.4,569,437,1.3,0.301157,2026-09-29
AVGO,355.1,2026-10-02,3,Put,352.5,-0.01%,3.2,3.7,3.9,613,471,1.3,-0.40487,2026-09-29
PATH,12.32,2026-10-23,24,Put,12,-0.03%,0.5,0.6,0.56,730,562,1.3,-0.393406,2026-09-29
UBER,69.36,2026-10-02,3,Call,68,+0.02%,1.77,1.79,1.91,1222,937,1.3,0.715303,2026-09-29
META,738.79,2028-01-21,480,Call,550,+0.26%,262.3,259.95,264.7,1303,1005,1.3,0.823014,2026-09-29
CVNA,63.62,2026-10-02,3,Put,63,-0.01%,1.35,1.4,1.47,1380,1065,1.3,-0.427627,2026-09-29
MU,1065.08,2026-10-02,3,Call,1090,-0.02%,29.95,30.15,30.7,1570,1208,1.3,0.425368,2026-09-29
TSLA,352.84,2026-10-30,31,Call,355,-0.01%,17.85,18,18.1,1610,1236,1.3,0.517855,2026-09-29
NVTS,11.73,2026-10-02,3,Put,11.5,-0.02%,0.25,0.28,0.28,1683,1292,1.3,-0.385431,2026-09-29
ORCL,137.79,2026-10-09,10,Call,155,-0.12%,0.75,0.76,0.78,2528,1941,1.3,0.121603,2026-09-29
META,738.79,2026-10-02,3,Call,785,-0.06%,1.6,1.61,1.63,3309,2541,1.3,0.101017,2026-09-29
LI,11.23,2026-10-16,17,Put,11,-0.02%,0.25,0.33,0.35,1020,791,1.29,-0.38788,2026-09-29
AMZN,246.67,2026-10-05,6,Call,250,-0.01%,2.03,2.15,2.15,1109,857,1.29,0.363286,2026-09-29
HOOD,116.22,2026-10-02,3,Put,117,+0.01%,3.45,3.55,3.65,1392,1080,1.29,-0.524187,2026-09-29
ORCL,137.79,2026-10-09,10,Call,145,-0.05%,2.18,2.21,2.45,2321,1796,1.29,0.304676,2026-09-29
FIG,20.72,2026-10-02,3,Call,22,-0.06%,0.16,0.19,0.22,2610,2028,1.29,0.222146,2026-09-29
SPCX,149.24,2026-10-23,24,Put,140,-0.06%,2.87,2.84,2.92,2726,2109,1.29,-0.263097,2026-09-29
AMD,607.57,2026-10-16,17,Put,525,-0.14%,2.84,2.65,3.05,531,416,1.28,-0.087936,2026-09-29
HIMS,28.7,2026-10-23,24,Call,32,-0.11%,0.89,0.95,0.99,724,564,1.28,0.309501,2026-09-29
MU,1065.08,2026-10-16,17,Put,1020,-0.04%,36.2,36.35,38.05,733,572,1.28,-0.347363,2026-09-29
APP,305.66,2026-10-02,3,Call,310,-0.01%,4.5,4.75,4.9,856,670,1.28,0.409336,2026-09-29
PLTR,186.97,2026-10-23,24,Put,150,-0.20%,0.52,0.56,0.58,1080,844,1.28,-0.048076,2026-09-29
WMT,106.8,2026-10-16,17,Call,112,-0.05%,0.5,0.54,0.57,1132,887,1.28,0.186098,2026-09-29
ARM,293.67,2026-10-02,3,Call,330,-0.12%,1.04,1.08,1.08,1389,1087,1.28,0.093589,2026-09-29
MDB,337.19,2026-10-02,3,Put,300,-0.11%,0.31,0.56,0.83,1545,1203,1.28,-0.052657,2026-09-29
RBLX,41.18,2026-10-02,3,Call,43,-0.04%,0.3,0.4,0.48,1583,1235,1.28,0.257664,2026-09-29
ASTS,59.4,2026-10-02,3,Call,64,-0.08%,0.43,0.45,0.47,1759,1376,1.28,0.183035,2026-09-29
FIG,20.72,2026-10-02,3,Put,19.5,-0.06%,0.12,0.12,0.17,2124,1665,1.28,-0.180176,2026-09-29
SHOP,148.26,2026-10-02,3,Call,150,-0.01%,2.53,2.61,2.7,2316,1811,1.28,0.432369,2026-09-29
MRNA,203.46,2026-10-02,3,Call,220,-0.08%,1.82,1.81,1.9,3279,2559,1.28,0.197021,2026-09-29
HPQ,30.73,2026-10-02,3,Put,31.5,+0.03%,1.04,1.09,1.26,534,422,1.27,-0.65941,2026-09-29
CRWV,85.93,2026-10-09,10,Call,88,-0.02%,3.2,3.35,3.35,559,439,1.27,0.449206,2026-09-29
MSTR,154.67,2026-10-30,31,Call,165,-0.07%,7.55,8,9.25,593,467,1.27,0.418086,2026-09-29
MSFT,508.96,2026-10-02,3,Put,492.5,-0.03%,0.99,1.14,1.21,668,528,1.27,-0.136988,2026-09-29
MU,1065.08,2026-10-02,3,Put,1015,-0.05%,17.65,17.92,18.1,805,633,1.27,-0.282188,2026-09-29
BE,291.25,2026-10-16,17,Call,360,-0.24%,3.5,3.6,3.7,1042,823,1.27,0.143427,2026-09-29
MSTR,154.67,2026-10-02,3,Put,148,-0.04%,1.57,1.7,1.68,1137,895,1.27,-0.248177,2026-09-29
META,738.79,2026-10-02,3,Call,757.5,-0.03%,5.65,5.8,5.75,1165,920,1.27,0.290946,2026-09-29
FTNT,175.96,2026-10-23,24,Call,180,-0.02%,6.2,6.65,6.8,1306,1028,1.27,0.453337,2026-09-29
GOOGL,340.92,2026-10-02,3,Put,332.5,-0.02%,0.8,1.01,1.1,1306,1030,1.27,-0.180402,2026-09-29
DKNG,19.59,2026-10-02,3,Put,20,+0.02%,0.63,0.72,0.74,1608,1262,1.27,-0.628217,2026-09-29
BE,291.25,2026-10-02,3,Put,265,-0.09%,1.33,1.38,1.37,1884,1487,1.27,-0.113463,2026-09-29
CRWV,85.93,2026-10-09,10,Call,90,-0.05%,2.54,2.57,2.65,3615,2845,1.27,0.379071,2026-09-29
MSFT,508.96,2026-10-02,3,Call,510,0.00%,5.25,5.45,6.05,4926,3884,1.27,0.482269,2026-09-29
TSLA,352.84,2028-01-21,480,Call,600,-0.70%,24.35,24.45,24.85,5056,3985,1.27,0.2714,2026-09-29
PLTR,186.97,2026-10-02,3,Put,180,-0.04%,0.97,0.99,1.01,5973,4708,1.27,-0.199215,2026-09-29
UBER,69.36,2028-01-21,480,Call,100,-0.44%,5.5,5.6,6.1,6016,4727,1.27,0.33833,2026-09-29
ORCL,137.79,2026-10-09,10,Put,138,0.00%,4.9,5,5.05,580,461,1.26,-0.486457,2026-09-29
HPE,61.49,2026-10-02,3,Put,58,-0.06%,0.44,0.46,0.5,767,607,1.26,-0.191418,2026-09-29
KGC,24.32,2027-05-21,234,Put,20,-0.18%,1.44,1.5,1.66,788,625,1.26,-0.228291,2026-09-29
AXTI,78.18,2027-12-17,445,Call,170,-1.17%,19.5,21.7,21.8,800,633,1.26,0.500311,2026-09-29
MSTR,154.67,2026-10-09,10,Put,150,-0.03%,4.3,4.39,4.55,1431,1140,1.26,-0.364528,2026-09-29
GOOG,337.32,2026-10-02,3,Call,345,-0.02%,1.29,1.3,1.35,2233,1771,1.26,0.230694,2026-09-29
KMX,59.23,2026-10-16,17,Call,62.5,-0.06%,0.9,1,1.2,2542,2013,1.26,0.307687,2026-09-29
MSFT,508.96,2026-10-02,3,Call,525,-0.03%,0.91,1.15,1.29,3224,2560,1.26,0.146885,2026-09-29
NKE,35.84,2026-10-02,3,Call,36,0.00%,1.46,1.47,1.5,5300,4204,1.26,0.505108,2026-09-29
NVDA,227.21,2026-10-02,3,Put,222.5,-0.02%,1.07,1.08,1.08,7845,6216,1.26,-0.246983,2026-09-29
GOOGL,340.92,2026-10-02,3,Call,350,-0.03%,1.1,1.12,1.15,14894,11949,1.25,0.198872,2026-09-29
WDAY,189.17,2026-10-02,3,Call,202.5,-0.07%,0,0.4,1.7,549,439,1.25,0.144664,2026-09-29
AVGO,355.1,2026-10-09,10,Put,342.5,-0.04%,2.93,3.33,3.75,590,473,1.25,-0.25669,2026-09-29
LITE,973.49,2026-10-02,3,Call,990,-0.02%,18.8,21.2,23,821,657,1.25,0.423685,2026-09-29
LYFT,15.07,2029-01-19,844,Put,15,0.00%,3.65,3.96,4,1005,804,1.25,-0.322047,2026-09-29
AMD,607.57,2026-10-02,3,Put,570,-0.06%,1.48,1.55,1.59,1341,1069,1.25,-0.101353,2026-09-29
LITE,973.49,2026-10-02,3,Put,900,-0.08%,4.4,4.7,5.3,1670,1334,1.25,-0.131785,2026-09-29
WOLF,28.13,2026-12-18,81,Call,30,-0.07%,4.45,4.7,4.8,2013,1606,1.25,0.54694,2026-09-29
META,738.79,2026-10-02,3,Call,790,-0.07%,1.27,1.26,1.3,2147,1723,1.25,0.082332,2026-09-29
UBER,69.36,2026-10-02,3,Call,71,-0.02%,0.38,0.41,0.42,3131,2505,1.25,0.267173,2026-09-29
CVX,204.38,2026-10-16,17,Put,195,-0.05%,1.26,1.4,1.54,3310,2649,1.25,-0.202316,2026-09-29
ORCL,137.79,2026-10-02,3,Call,148,-0.07%,0.51,0.55,0.55,5161,4131,1.25,0.12881,2026-09-29
BMNR,26.73,2026-10-23,24,Call,28,-0.05%,1.52,1.7,1.65,815,655,1.24,0.449631,2026-09-29
NBIS,237.35,2026-10-02,3,Put,232.5,-0.02%,5.05,5.18,5.45,891,718,1.24,-0.380958,2026-09-29
ONDS,7.48,2026-10-23,24,Put,9,+0.20%,1.58,1.61,1.65,897,723,1.24,-0.832334,2026-09-29
MU,1065.08,2026-10-02,3,Call,1180,-0.11%,8.95,9.05,9.1,1063,860,1.24,0.166315,2026-09-29
MRVL,263.27,2026-10-02,3,Put,260,-0.01%,5,5.12,5.25,1088,875,1.24,-0.408349,2026-09-29
KEEL,3.58,2026-10-02,3,Call,3.5,+0.02%,0.15,0.17,0.18,1156,933,1.24,0.622456,2026-09-29
DVN,46.6,2026-10-02,3,Call,47,-0.01%,0.33,0.51,0.59,1248,1009,1.24,0.408946,2026-09-29
HOOD,116.22,2026-10-02,3,Call,115,+0.01%,3.75,3.8,3.9,1316,1062,1.24,0.576538,2026-09-29
RBLX,41.18,2026-12-18,81,Call,52.5,-0.27%,1.87,2.2,2.45,1379,1109,1.24,0.294904,2026-09-29
AMZN,246.67,2026-10-23,24,Put,245,-0.01%,6.1,6.33,6.55,1874,1515,1.24,-0.438781,2026-09-29
SPCX,149.24,2026-10-23,24,Call,155,-0.04%,4.5,4.55,4.6,2122,1706,1.24,0.400176,2026-09-29
SOFI,15.91,2026-10-09,10,Call,16,-0.01%,0.43,0.44,0.45,3122,2527,1.24,0.490504,2026-09-29
LCID,4.07,2026-11-20,53,Put,4.5,+0.11%,0.85,0.94,0.93,7916,6374,1.24,-0.519662,2026-09-29
ORCL,137.79,2026-10-02,3,Call,155,-0.12%,0.18,0.18,0.2,45995,37169,1.24,0.048865,2026-09-29
"Downloaded from Barchart.com as of 09-29-2026 09:05pm CDT"
