Symbol,Price~,"Exp Date",DTE,Type,Strike,Moneyness,Bid,Latest,Ask,Volume,"Open Int",Vol/OI,Delta,Time
NVDA,233.95,2026-10-02,0,Put,237.5,+0.02%,2.88,3.6,4.05,74558,520,143.38,-0.938423,2026-10-02
TSLA,370.59,2026-10-02,0,Put,372.5,+0.01%,1.69,1.98,2.04,193766,1857,104.34,-0.883688,2026-10-02
NG,6.55,2028-01-21,476,Call,7,-0.07%,2,2.17,2.35,10034,109,92.06,0.664021,2026-10-02
PSKY,9.5,2026-12-18,77,Call,9,+0.05%,1.17,1.21,1.4,38156,425,89.78,0.633856,2026-10-02
TSLA,370.59,2026-10-05,2,Put,370,0.00%,2.9,3.05,3,43539,496,87.78,-0.463785,2026-10-02
EQT,50.17,2026-10-30,27,Put,54,+0.08%,3.65,3.94,4.55,8765,103,85.1,-0.829404,2026-10-02
TSLA,370.59,2026-10-05,2,Put,372.5,+0.01%,4,4.3,4.35,26924,317,84.93,-0.588008,2026-10-02
NKE,33.87,2026-10-09,6,Call,33,+0.03%,1.19,1.25,1.25,11491,156,73.66,0.697113,2026-10-02
KR,59.03,2026-10-09,6,Call,60,-0.02%,0.4,0.42,0.55,9083,127,71.52,0.337129,2026-10-02
TSLA,370.59,2026-10-05,2,Put,367.5,-0.01%,1.89,1.91,1.93,15418,221,69.76,-0.345032,2026-10-02
NVDA,233.95,2026-10-05,2,Put,237.5,+0.02%,3.8,3.85,4.1,19462,280,69.51,-0.805471,2026-10-02
SIRI,25.72,2026-10-09,6,Call,26.5,-0.03%,0.16,0.16,0.2,17482,253,69.1,0.261395,2026-10-02
NKE,33.87,2026-10-09,6,Call,34,0.00%,0.6,0.61,0.63,9263,136,68.11,0.478419,2026-10-02
KR,59.03,2026-10-09,6,Call,61,-0.03%,0.12,0.22,0.28,9071,150,60.47,0.180715,2026-10-02
SMCI,43.69,2026-10-09,6,Call,45.5,-0.04%,0.81,0.82,0.84,14262,239,59.67,0.339895,2026-10-02
SPCX,158.96,2026-10-30,27,Call,172.5,-0.09%,3.15,3.2,3.25,29763,507,58.7,0.28092,2026-10-02
OXY,58.08,2026-10-09,6,Call,62,-0.07%,0.11,0.12,0.12,14391,249,57.8,0.090861,2026-10-02
NVDA,233.95,2026-10-05,2,Put,235,0.00%,2.08,2.2,2.24,66236,1222,54.2,-0.596601,2026-10-02
AI,11.01,2026-10-09,6,Call,11.5,-0.04%,0.12,0.14,0.18,47272,898,52.64,0.297321,2026-10-02
AMZN,251.52,2026-10-05,2,Call,242.5,+0.04%,8.15,9.5,10.55,6960,137,50.8,0.912993,2026-10-02
TSLA,370.59,2026-10-05,2,Put,365,-0.02%,1.14,1.15,1.17,21418,432,49.58,-0.238562,2026-10-02
NVDA,233.95,2026-10-07,4,Put,235,0.00%,3.05,3.25,3.25,11145,231,48.25,-0.553572,2026-10-02
NVDA,233.95,2026-10-02,0,Put,235,0.00%,0.8,1.11,1.25,359424,7573,47.46,-0.855874,2026-10-02
NVDA,233.95,2026-10-02,0,Put,240,+0.03%,5.45,5.25,6.4,5517,118,46.75,-0.983358,2026-10-02
RKLB,73.92,2026-10-02,0,Put,74,0.00%,0.15,0.23,0.26,14802,337,43.92,-0.569958,2026-10-02
SPCX,158.96,2028-01-21,476,Call,330,-1.08%,7.8,8.25,8.55,5404,124,43.58,0.20051,2026-10-02
ASST,30.03,2026-10-09,6,Call,30.5,-0.02%,0.68,0.81,0.9,18810,443,42.46,0.444942,2026-10-02
SPCX,158.96,2026-10-09,6,Put,157.5,-0.01%,2.82,2.83,2.84,19602,471,41.62,-0.420159,2026-10-02
STX,848.99,2026-11-20,49,Call,950,-0.12%,44.6,52.5,55.8,5248,128,41,0.382756,2026-10-02
AI,11.01,2026-10-09,6,Call,11,0.00%,0.3,0.36,0.4,42440,1048,40.5,0.523446,2026-10-02
TSLA,370.59,2026-10-07,4,Put,370,0.00%,5.05,5.19,5.3,5245,131,40.04,-0.471911,2026-10-02
C,128.5,2026-10-16,13,Call,134,-0.04%,1.31,1.42,1.49,6389,161,39.68,0.276638,2026-10-02
OXY,58.08,2026-10-09,6,Call,60,-0.03%,0.34,0.35,0.41,19165,486,39.43,0.245604,2026-10-02
NVDA,233.95,2026-10-05,2,Put,232.5,-0.01%,0.95,0.99,0.99,38470,980,39.26,-0.352638,2026-10-02
OWL,9.08,2026-10-16,13,Call,9.5,-0.05%,0.1,0.19,0.25,9325,243,38.37,0.326289,2026-10-02
AAPL,333.69,2026-10-05,2,Put,332.5,0.00%,1.22,1.27,1.37,17410,466,37.36,-0.391651,2026-10-02
WOLF,35.28,2026-10-16,13,Call,50,-0.42%,0.1,0.15,0.2,6942,187,37.12,0.053453,2026-10-02
MRVL,272.29,2026-10-30,27,Put,165,-0.39%,0.09,0.14,0.16,5007,135,37.09,-0.006308,2026-10-02
AMD,633.91,2026-10-02,0,Put,635,0.00%,0.67,1.65,1.9,12903,360,35.84,-0.748901,2026-10-02
COIN,183,2026-10-09,6,Call,187.5,-0.02%,3.5,3.6,3.7,8550,245,34.9,0.389952,2026-10-02
STX,848.99,2026-11-20,49,Call,1150,-0.35%,13.8,16.7,18.8,5090,146,34.86,0.156609,2026-10-02
QSR,69.91,2026-10-16,13,Call,70,0.00%,1.3,1.4,1.5,4771,137,34.82,0.500432,2026-10-02
AMZN,251.52,2026-10-05,2,Call,245,+0.03%,5.95,6.8,7.8,9841,283,34.77,0.888046,2026-10-02
MU,1074.89,2026-10-05,2,Call,1095,-0.02%,5.15,5.3,5.35,7534,222,33.94,0.272804,2026-10-02
TSLA,370.59,2026-10-05,2,Put,360,-0.03%,0.38,0.38,0.39,19360,587,32.98,-0.096675,2026-10-02
TSLA,370.59,2026-10-05,2,Call,372.5,-0.01%,2.54,2.55,2.59,28085,856,32.81,0.41949,2026-10-02
LEN,79.81,2026-10-02,0,Put,81,+0.01%,0.5,1.09,1.7,3879,119,32.6,-0.95795,2026-10-02
VIAV,47.1,2026-10-16,13,Call,46,+0.02%,3.1,3.4,3.4,10399,323,32.2,0.597711,2026-10-02
AMD,633.91,2026-10-02,0,Put,632.5,0.00%,0.04,0.1,0.14,11393,356,32,-0.134267,2026-10-02
MU,1074.89,2026-10-02,0,Put,1077.5,0.00%,2.4,3,4.45,11255,353,31.88,-0.702625,2026-10-02
USAR,13.59,2026-10-09,6,Call,14,-0.03%,0.26,0.28,0.28,5483,177,30.98,0.373778,2026-10-02
JBLU,4.15,2026-10-09,6,Call,4,+0.04%,0.21,0.2,0.22,11274,373,30.23,0.701459,2026-10-02
INFY,11.04,2026-11-20,49,Call,11,0.00%,0.75,0.77,0.8,15395,511,30.13,0.530845,2026-10-02
INTC,119.33,2026-10-09,6,Put,123,+0.03%,5.8,5.83,5.95,3680,125,29.44,-0.633358,2026-10-02
AMD,633.91,2026-10-02,0,Put,637.5,+0.01%,2.36,3.31,4.55,7025,239,29.39,-0.969816,2026-10-02
MRNA,190.01,2026-10-09,6,Call,195,-0.03%,5.8,5.9,6,5287,184,28.73,0.425939,2026-10-02
MRVL,272.29,2026-10-09,6,Call,282.5,-0.04%,6.3,6.57,6.5,3358,119,28.22,0.371981,2026-10-02
NVDA,233.95,2026-11-13,42,Call,240,-0.03%,7.05,7.15,7.25,3191,119,26.82,0.434987,2026-10-02
INTC,119.33,2026-10-05,2,Put,121,+0.01%,2.72,2.74,2.8,3696,145,25.49,-0.634595,2026-10-02
U,43.61,2026-10-02,0,Put,44,+0.01%,0.23,0.49,1.09,3149,124,25.4,-0.632214,2026-10-02
INTC,119.33,2026-10-05,2,Put,122,+0.02%,3.4,3.55,3.55,3525,140,25.18,-0.709287,2026-10-02
GOOGL,343.5,2026-10-05,2,Put,342.5,0.00%,1.57,1.77,2.1,5511,224,24.6,-0.424788,2026-10-02
CRWV,89.62,2026-10-30,27,Put,79,-0.12%,2.4,2.48,2.5,5319,218,24.4,-0.222928,2026-10-02
NVDA,233.95,2026-10-07,4,Put,245,+0.05%,10.9,11.3,11.4,3176,132,24.06,-0.949479,2026-10-02
ORCL,142.3,2026-10-02,0,Put,143,0.00%,0.48,0.38,0.67,14484,613,23.63,0,2026-10-02
TSLA,370.59,2026-10-07,4,Call,382.5,-0.03%,1.75,1.82,1.81,5289,224,23.61,0.218378,2026-10-02
MU,1074.89,2026-10-05,2,Call,1135,-0.06%,0.77,0.79,0.83,3742,159,23.53,0.053542,2026-10-02
NKE,33.87,2026-10-02,0,Call,33.5,+0.01%,0.31,0.44,0.5,16240,691,23.5,0.83041,2026-10-02
SNDK,1719.99,2026-10-02,0,Call,1720,0.00%,1.55,1.76,2.2,6201,267,23.22,0.5157,2026-10-02
NBIS,242.81,2026-10-02,0,Put,242.5,0.00%,0.38,0.38,0.45,6636,286,23.2,-0.406566,2026-10-02
NEE,76.83,2026-10-23,20,Call,81,-0.05%,0.34,0.42,0.75,2761,119,23.2,0.207927,2026-10-02
INTC,119.33,2026-10-02,0,Put,122,+0.02%,2.48,2.63,2.77,21072,916,23,-0.972984,2026-10-02
FCX,72.04,2026-10-09,6,Put,65,-0.10%,0.12,0.14,0.2,6168,269,22.93,-0.068712,2026-10-02
SNDX,17.6,2027-01-15,105,Call,24,-0.36%,1.1,1.54,1.7,10052,450,22.34,0.333142,2026-10-02
ACN,198.9,2026-10-16,13,Call,205,-0.03%,4.1,4.4,5.1,6662,307,21.7,0.385903,2026-10-02
AMD,633.91,2026-10-02,0,Put,640,+0.01%,4.9,5.8,8.2,8303,392,21.18,-0.840465,2026-10-02
MSTR,160.01,2026-10-09,6,Call,167.5,-0.05%,2.38,2.43,2.49,20637,975,21.17,0.304559,2026-10-02
MSTR,160.01,2026-10-30,27,Call,162.5,-0.02%,9.9,9.9,10.2,3435,165,20.82,0.505145,2026-10-02
SPCX,158.96,2026-10-09,6,Put,155,-0.02%,1.87,1.9,1.89,28935,1391,20.8,-0.314252,2026-10-02
MSTR,160.01,2026-10-09,6,Call,177.5,-0.11%,0.83,0.92,0.94,11030,531,20.77,0.130078,2026-10-02
CRWV,89.62,2026-10-30,27,Put,78,-0.13%,2.15,2.23,2.24,5346,261,20.48,-0.204392,2026-10-02
TSLA,370.59,2026-10-05,2,Put,362.5,-0.02%,0.65,0.66,0.68,8253,404,20.43,-0.154188,2026-10-02
SNDK,1719.99,2026-10-02,0,Call,1725,0.00%,0.2,0.3,0.5,4605,227,20.29,0.147641,2026-10-02
OXY,58.08,2026-10-09,6,Call,59,-0.02%,0.62,0.66,0.72,9351,461,20.28,0.375792,2026-10-02
TSLA,370.59,2026-10-05,2,Put,377.5,+0.02%,7.7,7.8,8.45,3064,152,20.16,-0.767913,2026-10-02
TSM,472.78,2026-10-09,6,Call,482.5,-0.02%,3.3,3.65,3.85,2228,111,20.07,0.310651,2026-10-02
INTC,119.33,2026-10-05,2,Call,124,-0.04%,0.37,0.4,0.4,5516,275,20.06,0.162829,2026-10-02
TSLA,370.59,2026-10-05,2,Call,375,-0.01%,1.68,1.7,1.73,36856,1858,19.84,0.312148,2026-10-02
NKE,33.87,2026-10-02,0,Call,33,+0.03%,0.87,0.94,0.97,15896,810,19.62,0.87187,2026-10-02
GE,309.56,2026-10-16,13,Call,335,-0.08%,0.85,0.97,1.06,5096,261,19.52,0.107483,2026-10-02
INTC,119.33,2026-10-05,2,Call,126,-0.06%,0.17,0.18,0.19,9878,507,19.48,0.085488,2026-10-02
MSFT,517.53,2026-10-05,2,Call,527.5,-0.02%,0.4,0.41,0.48,2779,143,19.43,0.113305,2026-10-02
META,728.08,2026-10-30,27,Call,1000,-0.37%,0.42,0.47,0.52,7407,382,19.39,0.013842,2026-10-02
NVDA,233.95,2026-10-05,2,Call,237.5,-0.02%,0.4,0.43,0.43,71174,3802,18.72,0.191726,2026-10-02
TSLA,370.59,2026-10-07,4,Put,365,-0.02%,3,3.12,3.1,4320,232,18.62,-0.330635,2026-10-02
TSLA,370.59,2026-10-07,4,Put,362.5,-0.02%,2.24,2.3,2.31,2427,132,18.39,-0.26652,2026-10-02
INTC,119.33,2026-10-02,0,Put,124,+0.04%,4.6,4.73,4.8,15737,868,18.13,-0.964469,2026-10-02
MU,1074.89,2026-10-02,0,Put,1072.5,0.00%,0.26,0.3,0.37,10979,606,18.12,-0.195467,2026-10-02
AMZN,251.52,2026-10-05,2,Put,257.5,+0.02%,6.05,6.44,6.65,8414,465,18.09,-0.855294,2026-10-02
NKE,33.87,2026-10-09,6,Call,32,+0.06%,2,2.05,2.15,2250,125,18,0.823414,2026-10-02
MSFT,517.53,2026-10-05,2,Call,512.5,+0.01%,5.2,6.2,6.5,2804,156,17.97,0.794798,2026-10-02
NVDA,233.95,2026-10-16,13,Put,237.5,+0.02%,6.7,6.8,6.95,7765,433,17.93,-0.595101,2026-10-02
MSFT,517.53,2026-10-07,4,Put,500,-0.03%,0.61,0.61,0.71,2451,137,17.89,-0.098223,2026-10-02
LULU,94.46,2026-10-16,13,Call,99,-0.05%,1.23,1.33,1.39,4059,227,17.88,0.293324,2026-10-02
MU,1074.89,2026-10-02,0,Put,1075,0.00%,0.86,1,1.6,20878,1173,17.8,-0.502918,2026-10-02
TSLA,370.59,2026-10-09,6,Call,372.5,-0.01%,6.4,6.41,6.5,16252,913,17.8,0.473112,2026-10-02
WULF,15.49,2026-10-09,6,Call,17,-0.10%,0.14,0.17,0.17,17886,1009,17.73,0.187175,2026-10-02
NVDA,233.95,2026-10-09,6,Call,247.5,-0.06%,0.23,0.24,0.25,41486,2344,17.7,0.065318,2026-10-02
UEC,9.3,2026-10-30,27,Call,10.5,-0.13%,0.21,0.22,0.22,5395,305,17.69,0.2571,2026-10-02
AMD,633.91,2026-10-02,0,Put,642.5,+0.01%,5.2,5.13,9.7,3041,172,17.68,-0.984628,2026-10-02
LUV,42.47,2026-10-23,20,Call,45,-0.06%,1,1.1,1.19,1781,101,17.63,0.341258,2026-10-02
NVDA,233.95,2026-10-23,20,Put,235,0.00%,6.5,6.6,6.7,11026,626,17.61,-0.504849,2026-10-02
BMY,61.15,2026-10-30,27,Call,66,-0.08%,0.78,0.86,1.19,1993,114,17.48,0.258359,2026-10-02
MU,1074.89,2026-10-02,0,Call,1077.5,0.00%,0.07,0.1,0.14,14449,829,17.43,0.10831,2026-10-02
XP,21.5,2026-11-20,49,Call,23,-0.07%,1.5,1.58,1.65,50371,2905,17.34,0.443853,2026-10-02
TSLA,370.59,2026-10-09,6,Call,382.5,-0.03%,3,3.06,3.1,9461,550,17.2,0.27516,2026-10-02
RIOT,19.73,2026-10-30,27,Put,16,-0.19%,0.28,0.28,0.42,5496,320,17.18,-0.142022,2026-10-02
WDC,415.29,2026-10-09,6,Call,450,-0.08%,3.2,3.4,4,1817,106,17.14,0.189752,2026-10-02
SMCI,43.69,2026-10-09,6,Put,43.5,0.00%,1.38,1.41,1.41,4271,250,17.08,-0.460299,2026-10-02
SMCI,43.69,2026-10-02,0,Put,44,+0.01%,0.3,0.4,0.37,4352,255,17.07,-0.833417,2026-10-02
MU,1074.89,2026-10-05,2,Put,1090,+0.01%,21.45,22.05,22.65,2311,141,16.39,-0.667843,2026-10-02
STM,57.26,2026-10-09,6,Call,60,-0.05%,0.5,0.58,0.7,7396,454,16.29,0.261265,2026-10-02
PSIX,44.85,2027-02-19,140,Call,60,-0.34%,3.4,4.04,4.8,5262,323,16.29,0.362409,2026-10-02
AMD,633.91,2026-10-05,2,Put,625,-0.01%,2.65,2.98,2.95,1673,103,16.24,-0.279977,2026-10-02
META,728.08,2026-10-02,0,Put,727.5,0.00%,0.19,0.4,0.59,13625,842,16.18,-0.34998,2026-10-02
INTC,119.33,2026-10-05,2,Call,127,-0.06%,0.12,0.12,0.13,4930,305,16.16,0.061724,2026-10-02
RKLB,73.92,2026-10-02,0,Put,75,+0.01%,0.64,0.63,1.28,4822,299,16.13,-0.950694,2026-10-02
COIN,183,2026-10-02,0,Call,182.5,0.00%,0.4,0.4,0.71,5478,340,16.11,0.856833,2026-10-02
MU,1074.89,2026-10-02,0,Put,1082.5,+0.01%,6.95,7.75,9.55,5362,340,15.77,-0.830123,2026-10-02
RIVN,14.3,2026-10-23,20,Call,14.5,-0.01%,0.61,0.6,0.74,2162,140,15.44,0.49076,2026-10-02
SPCX,158.96,2026-10-09,6,Put,160,+0.01%,4.05,4.1,4.1,9245,610,15.16,-0.531539,2026-10-02
SNDK,1719.99,2026-10-02,0,Put,1720,0.00%,1.6,2.1,3,4136,274,15.09,-0.490765,2026-10-02
MRP,24.61,2026-10-16,13,Put,25,+0.02%,1.3,1.5,1.55,2182,146,14.95,-0.535522,2026-10-02
MARA,11.23,2026-10-09,6,Call,12.5,-0.11%,0.1,0.1,0.11,55590,3731,14.9,0.17185,2026-10-02
STM,57.26,2026-10-09,6,Call,58,-0.01%,1.1,1.25,1.3,7489,503,14.89,0.439722,2026-10-02
MSFT,517.53,2026-10-02,0,Call,517.5,0.00%,0.18,0.18,0.58,42682,2875,14.85,0.535011,2026-10-02
TECK,68.56,2026-10-16,13,Call,68,+0.01%,2.35,2.65,2.9,1510,103,14.66,0.561008,2026-10-02
EIX,53.89,2027-04-16,195,Put,45,-0.16%,1.85,2.43,3,1860,128,14.53,-0.226191,2026-10-02
KMI,31.07,2026-10-30,27,Call,33,-0.06%,0.06,0.23,0.31,2517,174,14.47,0.178664,2026-10-02
MU,1074.89,2026-10-05,2,Call,1105,-0.03%,3.2,3.29,3.35,2731,189,14.45,0.186458,2026-10-02
WDC,415.29,2026-11-20,49,Put,290,-0.30%,2.81,2.96,3.1,4565,318,14.36,-0.059091,2026-10-02
AMD,633.91,2026-10-05,2,Call,637.5,-0.01%,4.65,4.72,5,2167,151,14.35,0.419741,2026-10-02
AMZN,251.52,2026-10-07,4,Call,252.5,0.00%,2.2,2.25,2.42,6983,488,14.31,0.454529,2026-10-02
ZIM,29.63,2027-03-19,167,Call,30,-0.01%,2.11,2.55,3.35,3290,231,14.24,0.548823,2026-10-02
TXN,293.8,2026-10-09,6,Call,305,-0.04%,1.52,1.9,2.16,1438,101,14.24,0.228567,2026-10-02
UBER,68.11,2026-11-06,35,Put,65,-0.05%,1.64,1.89,2.09,2130,150,14.2,-0.320301,2026-10-02
RDDT,147.86,2026-10-09,6,Put,138,-0.07%,0.81,0.86,0.94,2854,204,13.99,-0.154735,2026-10-02
SMCI,43.69,2026-10-09,6,Put,43,-0.02%,1.15,1.18,1.18,3395,243,13.97,-0.407717,2026-10-02
AMD,633.91,2026-10-05,2,Call,647.5,-0.02%,1.83,1.89,2.01,1851,133,13.92,0.210602,2026-10-02
ACN,198.9,2026-11-20,49,Call,225,-0.13%,3.9,4.13,4.4,5357,385,13.91,0.241726,2026-10-02
AMD,633.91,2026-10-09,6,Call,655,-0.03%,6.75,6.91,7.35,6443,465,13.86,0.30402,2026-10-02
MU,1074.89,2026-10-02,0,Put,1090,+0.01%,14.75,15.27,17.05,11058,798,13.86,-0.86955,2026-10-02
CRWD,270.04,2026-11-20,49,Put,265,-0.02%,17.25,18.3,17.9,1586,115,13.79,-0.414782,2026-10-02
MU,1074.89,2026-10-05,2,Call,1085,-0.01%,8,8.3,8.5,5683,413,13.76,0.382524,2026-10-02
TSM,472.78,2026-10-09,6,Call,477.5,-0.01%,5.05,5.05,5.35,5093,371,13.73,0.409699,2026-10-02
FCX,72.04,2026-10-09,6,Call,72,0.00%,1.72,1.83,1.96,4423,325,13.61,0.519168,2026-10-02
NVDA,233.95,2026-10-09,6,Put,237.5,+0.02%,4.8,5.25,5.35,6893,508,13.57,-0.668862,2026-10-02
TSLA,370.59,2026-10-02,0,Call,370,0.00%,0.82,0.79,1,176497,13073,13.5,0.680118,2026-10-02
META,728.08,2026-10-09,6,Call,737.5,-0.01%,8.95,9.25,9.45,2076,155,13.39,0.401765,2026-10-02
AMD,633.91,2026-10-05,2,Put,605,-0.05%,0.4,0.44,0.43,2996,224,13.38,-0.052611,2026-10-02
TSLA,370.59,2026-10-09,6,Put,370,0.00%,6.55,6.6,6.7,13295,994,13.38,-0.472878,2026-10-02
AVGO,355.14,2026-11-06,35,Call,355,0.00%,16.3,16.6,16.7,2525,189,13.36,0.534495,2026-10-02
META,728.08,2026-10-02,0,Put,732.5,+0.01%,3.05,4.15,5.25,5888,442,13.32,-0.973833,2026-10-02
ACN,198.9,2026-10-02,0,Put,200,+0.01%,0.9,0.98,1.45,6762,512,13.21,-0.854131,2026-10-02
AMC,2.77,2026-10-23,20,Put,2.5,-0.10%,0.06,0.11,0.11,17627,1335,13.2,-0.255738,2026-10-02
STX,848.99,2026-11-20,49,Put,560,-0.34%,3.1,4.09,7,1372,104,13.19,-0.047169,2026-10-02
MU,1074.89,2026-10-02,0,Put,1080,0.00%,5.25,5.75,7.5,21991,1669,13.18,-0.729751,2026-10-02
AVGO,355.14,2026-10-02,0,Put,355,0.00%,0.48,0.51,0.53,18701,1421,13.16,-0.454531,2026-10-02
WMB,70.54,2026-10-30,27,Call,75,-0.06%,0.35,0.5,1.1,1923,147,13.08,0.23224,2026-10-02
MU,1074.89,2026-10-09,6,Put,1075,0.00%,26.05,26.23,26.65,1830,140,13.07,-0.485041,2026-10-02
CRWV,89.62,2026-10-30,27,Put,81,-0.10%,3,3.06,3.1,5094,391,13.03,-0.263102,2026-10-02
LITE,1085.42,2026-10-09,6,Put,1000,-0.08%,7.4,8.5,10,1381,106,13.03,-0.164198,2026-10-02
AMZN,251.52,2026-10-09,6,Call,252.5,0.00%,3.05,3.11,3.2,15653,1216,12.87,0.46999,2026-10-02
CRWV,89.62,2026-10-30,27,Put,77,-0.14%,1.91,1.93,1.99,1830,143,12.8,-0.186311,2026-10-02
MU,1074.89,2026-10-05,2,Put,1080,0.00%,15.3,15.4,16,4700,369,12.74,-0.553973,2026-10-02
MSFT,517.53,2026-10-05,2,Call,515,0.00%,4.15,4.6,4.85,5707,448,12.74,0.638506,2026-10-02
WULF,15.49,2026-10-30,27,Call,18,-0.16%,0.48,0.51,0.54,5092,400,12.73,0.267701,2026-10-02
TSLA,370.59,2026-10-09,6,Put,365,-0.02%,4.35,4.43,4.5,8080,636,12.7,-0.360842,2026-10-02
AXP,302.78,2026-10-09,6,Call,310,-0.02%,1.02,1.17,1.42,2459,194,12.68,0.229673,2026-10-02
MSTR,160.01,2026-10-02,0,Put,167.5,+0.05%,6.65,8.35,8.45,4446,351,12.67,-0.95886,2026-10-02
TRMD,40,2026-10-16,13,Call,42.5,-0.06%,0.45,0.55,0.6,1434,114,12.58,0.25256,2026-10-02
VST,140.02,2026-10-09,6,Call,145,-0.04%,1.54,1.65,1.65,6032,484,12.46,0.29965,2026-10-02
AAPL,333.69,2026-10-05,2,Call,335,0.00%,1.2,1.25,1.29,35463,2851,12.44,0.393867,2026-10-02
MSTR,160.01,2026-10-09,6,Call,175,-0.09%,1.11,1.14,1.18,24358,1960,12.43,0.162586,2026-10-02
BRK.B,502.65,2026-10-09,6,Put,497.5,-0.01%,1.25,1.3,1.44,2357,190,12.41,-0.259017,2026-10-02
NKE,33.87,2026-10-02,0,Call,32.5,+0.04%,1.25,1.28,1.56,2840,229,12.4,0.921726,2026-10-02
ARM,307.49,2026-10-02,0,Put,307.5,0.00%,0.64,0.75,0.84,1759,142,12.39,-0.495521,2026-10-02
RIVN,14.3,2026-10-02,0,Call,14,+0.02%,0.05,0.2,0.44,2574,209,12.32,0.916423,2026-10-02
NKE,33.87,2027-09-17,349,Call,55,-0.62%,0.95,1,1.25,4034,328,12.3,0.169543,2026-10-02
GOOGL,343.5,2026-10-07,4,Put,332.5,-0.03%,0.57,0.74,0.76,1810,148,12.23,-0.129373,2026-10-02
AMD,633.91,2026-10-05,2,Call,640,-0.01%,3.75,3.87,4.1,4614,379,12.17,0.361534,2026-10-02
MSTR,160.01,2026-10-09,6,Call,162.5,-0.02%,3.9,3.94,4.05,8985,739,12.16,0.441213,2026-10-02
AVGO,355.14,2026-10-05,2,Put,355,0.00%,2.84,2.97,3.05,3679,306,12.02,-0.485786,2026-10-02
NVDA,233.95,2026-10-12,9,Put,240,+0.03%,6.9,7.08,7.8,2091,174,12.02,-0.734403,2026-10-02
AG,17.67,2026-10-16,13,Call,18.5,-0.05%,0.38,0.39,0.45,3193,268,11.91,0.353185,2026-10-02
MU,1074.89,2026-10-05,2,Call,1140,-0.06%,0.63,0.65,0.68,3056,257,11.89,0.044189,2026-10-02
WDC,415.29,2026-10-02,0,Put,410,-0.01%,0.02,0.12,0.2,6197,521,11.89,-0.068681,2026-10-02
MU,1074.89,2026-10-02,0,Put,1095,+0.02%,19.8,20.3,21.45,5591,472,11.85,-0.913207,2026-10-02
AAPL,333.69,2026-10-05,2,Put,330,-0.01%,0.54,0.56,0.59,17213,1457,11.81,-0.210166,2026-10-02
TSLA,370.59,2026-10-05,2,Call,370,0.00%,3.6,3.7,3.8,36385,3085,11.79,0.536214,2026-10-02
NVDA,233.95,2026-10-05,2,Call,240,-0.03%,0.13,0.14,0.14,93685,7943,11.79,0.074419,2026-10-02
CRWD,270.04,2026-10-02,0,Put,270,0.00%,0.32,0.41,0.58,3967,337,11.77,-0.478567,2026-10-02
MU,1074.89,2026-10-05,2,Call,1110,-0.03%,2.52,2.61,2.65,3619,308,11.75,0.152661,2026-10-02
NVDA,233.95,2026-10-07,4,Put,237.5,+0.02%,4.65,4.68,5.25,1759,150,11.73,-0.680029,2026-10-02
DELL,562.52,2026-10-02,0,Put,557.5,-0.01%,0,0.11,0.1,1313,112,11.72,-0.041712,2026-10-02
BMY,61.15,2026-10-23,20,Call,66,-0.08%,0.25,0.34,0.45,2551,218,11.7,0.155301,2026-10-02
AMD,633.91,2026-10-05,2,Call,635,0.00%,5.65,5.95,6,4654,398,11.69,0.480811,2026-10-02
TSLA,370.59,2026-10-05,2,Call,380,-0.03%,0.69,0.69,0.71,29380,2515,11.68,0.15287,2026-10-02
AMD,633.91,2026-10-05,2,Put,620,-0.02%,1.58,1.69,1.76,2034,175,11.62,-0.186517,2026-10-02
TSLA,370.59,2026-10-05,2,Call,382.5,-0.03%,0.43,0.43,0.45,7964,697,11.43,0.102577,2026-10-02
NVDA,233.95,2026-10-09,6,Call,207.5,+0.11%,26.15,27,27.55,2122,187,11.35,0.958794,2026-10-02
AMZN,251.52,2026-10-09,6,Call,242.5,+0.04%,9.55,9.3,10.3,1418,125,11.34,0.84734,2026-10-02
NVDA,233.95,2026-10-07,4,Call,220,+0.06%,13.95,14.25,16.1,6033,533,11.32,0.861199,2026-10-02
VRT,252.18,2026-10-30,27,Call,310,-0.23%,2.46,3.5,3.9,1583,140,11.31,0.147432,2026-10-02
COIN,183,2026-10-09,6,Call,207.5,-0.13%,0.46,0.55,0.55,2658,236,11.26,0.075293,2026-10-02
NVDA,233.95,2026-10-05,2,Put,240,+0.03%,5.95,6.25,6.4,8554,767,11.15,-0.921495,2026-10-02
AAPL,333.69,2026-10-02,0,Call,332.5,0.00%,1.01,1.11,1.29,120743,10828,11.15,0.968754,2026-10-02
NBIS,242.81,2026-10-09,6,Put,240,-0.01%,7.4,7.5,7.5,2635,237,11.12,-0.429223,2026-10-02
META,728.08,2026-10-05,2,Call,732.5,-0.01%,3.7,3.77,4.05,3143,283,11.11,0.387375,2026-10-02
INTC,119.33,2026-10-07,4,Put,120,+0.01%,3.2,3.21,3.35,6279,567,11.07,-0.521867,2026-10-02
INTC,119.33,2026-10-02,0,Put,123,+0.03%,3.6,3.65,3.8,12626,1144,11.04,-0.958025,2026-10-02
GOOGL,343.5,2026-10-05,2,Put,337.5,-0.02%,0.45,0.47,0.52,3023,274,11.03,-0.153237,2026-10-02
CVNA,63.77,2026-10-09,6,Call,67,-0.05%,0.73,0.81,1.05,1719,156,11.02,0.287252,2026-10-02
NKE,33.87,2026-10-23,20,Call,34,0.00%,1.02,1.05,1.13,1750,159,11.01,0.49614,2026-10-02
TSLA,370.59,2026-10-02,0,Put,375,+0.01%,4.05,4.47,5.4,39405,3584,10.99,-0.845921,2026-10-02
NKE,33.87,2026-10-16,13,Call,33,+0.03%,1.4,1.42,1.49,1814,165,10.99,0.653233,2026-10-02
VRT,252.18,2026-10-30,27,Put,230,-0.09%,7.45,8.09,8.4,1554,142,10.94,-0.266491,2026-10-02
MU,1074.89,2026-10-05,2,Call,1155,-0.07%,0.35,0.39,0.4,1124,103,10.91,0.025579,2026-10-02
NBIS,242.81,2026-10-02,0,Put,247.5,+0.02%,4.45,4.46,4.8,2308,212,10.89,-0.979748,2026-10-02
BE,289.15,2026-10-09,6,Call,292.5,-0.01%,8.4,8.75,9.15,1455,134,10.86,0.468752,2026-10-02
MRNA,190.01,2026-10-02,0,Call,187.5,+0.01%,2.39,2.56,2.61,1883,174,10.82,0.95239,2026-10-02
IOVA,14.22,2026-10-02,0,Call,2,+0.86%,11.4,12.03,12.7,1146,106,10.81,0.998706,2026-10-02
RIVN,14.3,2026-10-09,6,Call,14,+0.02%,0.5,0.61,0.7,2771,258,10.74,0.627763,2026-10-02
BURL,275.34,2026-11-20,49,Put,240,-0.13%,0.5,3.09,3.1,1270,119,10.67,-0.107404,2026-10-02
SMCI,43.69,2026-10-09,6,Call,47,-0.08%,0.46,0.48,0.49,12475,1173,10.64,0.221386,2026-10-02
TSLA,370.59,2026-10-07,4,Call,372.5,-0.01%,4.7,4.81,4.9,4557,432,10.55,0.45817,2026-10-02
SMCI,43.69,2026-10-02,0,Put,44.5,+0.02%,0.79,0.78,0.87,1181,112,10.54,-0.914835,2026-10-02
NVDA,233.95,2026-10-07,4,Call,222.5,+0.05%,11.55,11.8,12,2794,265,10.54,0.932402,2026-10-02
AVGO,355.14,2026-10-07,4,Put,350,-0.01%,2.55,2.85,3.05,2190,208,10.53,-0.331083,2026-10-02
MAT,15.27,2026-11-20,49,Call,14,+0.08%,1.55,2,2.2,2356,225,10.47,0.7042,2026-10-02
GTLB,49.78,2026-10-09,6,Call,55,-0.10%,0,0.1,0.2,3901,375,10.4,0.070596,2026-10-02
CRWD,270.04,2026-10-09,6,Call,305,-0.13%,0.16,0.28,0.37,1113,108,10.31,0.037589,2026-10-02
ARM,307.49,2026-10-09,6,Call,335,-0.09%,2.66,2.82,2.8,1994,194,10.28,0.186269,2026-10-02
AMD,633.91,2026-10-02,0,Put,645,+0.02%,8.75,10.15,13.2,2084,203,10.27,-0.987342,2026-10-02
TSLA,370.59,2026-10-09,6,Put,372.5,+0.01%,7.8,7.8,8.1,5408,528,10.24,-0.529408,2026-10-02
CRCL,81.25,2026-10-09,6,Call,87,-0.07%,0.75,0.82,0.89,1838,180,10.21,0.219938,2026-10-02
SNDK,1719.99,2026-10-02,0,Put,1715,0.00%,0.4,0.5,0.6,3149,309,10.19,-0.171412,2026-10-02
NKE,33.87,2026-11-06,35,Call,36,-0.06%,0.55,0.7,0.82,1140,112,10.18,0.305127,2026-10-02
TSLA,370.59,2026-10-07,4,Put,350,-0.06%,0.44,0.46,0.47,4276,421,10.16,-0.069426,2026-10-02
LRN,78.89,2026-10-16,13,Call,85,-0.08%,0.25,0.35,0.4,1903,188,10.12,0.132088,2026-10-02
MO,67.35,2026-11-20,49,Put,60,-0.11%,0.27,0.36,0.36,1545,153,10.1,-0.102269,2026-10-02
CRWV,89.62,2026-11-06,35,Call,95,-0.06%,5.7,5.93,6.05,1353,135,10.02,0.446509,2026-10-02
SBUX,94.71,2026-10-09,6,Call,96,-0.01%,0.7,0.8,0.85,1228,123,9.98,0.356181,2026-10-02
MOS,21.07,2026-11-20,49,Put,21,0.00%,1.35,1.45,1.5,1715,172,9.97,-0.455958,2026-10-02
CVX,206.69,2026-10-09,6,Call,220,-0.06%,0.03,0.21,0.2,11459,1150,9.96,0.039696,2026-10-02
TSLA,370.59,2026-10-07,4,Put,360,-0.03%,1.63,1.7,1.7,4870,490,9.94,-0.209623,2026-10-02
CIFR,15.71,2026-10-30,27,Put,13,-0.17%,0.38,0.4,0.49,8414,848,9.92,-0.183241,2026-10-02
CSCO,112.2,2026-10-09,6,Call,116,-0.03%,0.43,0.45,0.51,2769,280,9.89,0.199866,2026-10-02
TSLA,370.59,2026-10-05,2,Put,380,+0.03%,9.75,10,10.25,3857,390,9.89,-0.854608,2026-10-02
WDC,415.29,2026-10-02,0,Put,417.5,+0.01%,1.5,2.4,5.65,1245,126,9.88,-0.643056,2026-10-02
MU,1074.89,2026-10-05,2,Call,1125,-0.05%,1.21,1.28,1.3,3278,332,9.87,0.081088,2026-10-02
TSLA,370.59,2026-10-05,2,Put,355,-0.04%,0.13,0.14,0.15,10216,1035,9.87,-0.038091,2026-10-02
NVDA,233.95,2026-10-14,11,Call,237.5,-0.02%,2.88,3.08,3.65,1380,140,9.86,0.400053,2026-10-02
SHOP,151.39,2026-10-16,13,Call,152.5,-0.01%,4.95,5.05,5.4,1508,153,9.86,0.493009,2026-10-02
AVGO,355.14,2026-10-05,2,Put,350,-0.01%,1.09,1.15,1.18,3214,327,9.83,-0.245393,2026-10-02
AMZN,251.52,2026-10-05,2,Call,237.5,+0.06%,12.85,13.9,14.45,2111,215,9.82,0.994825,2026-10-02
NKE,33.87,2026-10-09,6,Call,34.5,-0.02%,0.4,0.4,0.43,2666,274,9.73,0.365394,2026-10-02
RBLX,44.12,2026-10-09,6,Call,46,-0.04%,0.61,0.66,0.75,1669,173,9.65,0.315112,2026-10-02
AMD,633.91,2026-10-05,2,Call,645,-0.02%,2.37,2.42,2.55,4472,464,9.64,0.255643,2026-10-02
AVGO,355.14,2026-10-05,2,Call,355,0.00%,3,3.16,3.25,6180,642,9.63,0.514841,2026-10-02
WDC,415.29,2026-10-09,6,Call,430,-0.04%,7.8,8.11,9,1057,110,9.61,0.361443,2026-10-02
BMNR,26.27,2026-10-16,13,Call,20,+0.24%,6.2,6.4,6.4,10414,1086,9.59,0.995772,2026-10-02
NVDA,233.95,2026-11-13,42,Call,245,-0.05%,5.15,5.3,5.35,1312,137,9.58,0.353629,2026-10-02
NVDA,233.95,2026-10-05,2,Put,230,-0.02%,0.38,0.4,0.4,37002,3868,9.57,-0.169994,2026-10-02
SLB,48.74,2026-11-20,49,Call,50,-0.03%,2.14,2.16,2.22,10729,1126,9.53,0.458942,2026-10-02
MU,1074.89,2026-10-05,2,Call,1115,-0.04%,1.97,2.01,2.09,1301,137,9.5,0.124044,2026-10-02
MU,1074.89,2026-10-05,2,Call,1120,-0.04%,1.58,1.6,1.64,3477,367,9.47,0.10099,2026-10-02
SPCX,158.96,2026-10-23,20,Put,155,-0.02%,4.4,4.46,4.5,2440,258,9.46,-0.375853,2026-10-02
ZIM,29.63,2027-03-19,167,Call,32,-0.08%,1.5,2,2.2,3302,350,9.43,0.432027,2026-10-02
SNDK,1719.99,2026-10-02,0,Put,1735,+0.01%,14.7,17.13,16.3,1603,170,9.43,-0.896188,2026-10-02
TSLA,370.59,2026-10-09,6,Put,367.5,-0.01%,5.35,5.46,5.5,3386,360,9.41,-0.415998,2026-10-02
RDDT,147.86,2026-10-09,6,Put,142,-0.04%,1.58,1.8,1.85,1665,177,9.41,-0.265541,2026-10-02
BABA,105.85,2026-10-02,0,Call,105,+0.01%,0.67,0.87,1.1,1953,210,9.3,0.89399,2026-10-02
AAPL,333.69,2026-10-05,2,Put,335,0.00%,2.37,2.6,2.74,3898,420,9.28,-0.604006,2026-10-02
AAPL,333.69,2026-10-05,2,Call,332.5,0.00%,2.48,2.52,2.55,22431,2426,9.25,0.611057,2026-10-02
AMD,633.91,2026-10-02,0,Call,632.5,0.00%,0.7,1.19,1.91,14213,1539,9.24,0.98506,2026-10-02
CAG,13.36,2026-11-20,49,Call,14,-0.05%,0.25,0.35,0.35,3564,386,9.23,0.340301,2026-10-02
QXO,12.06,2027-02-19,140,Call,15,-0.24%,0.8,1,1.05,3002,326,9.21,0.363031,2026-10-02
INTC,119.33,2026-10-05,2,Put,123,+0.03%,4.15,4.1,4.3,1787,195,9.16,-0.778539,2026-10-02
AAPL,333.69,2026-10-07,4,Put,332.5,0.00%,2.31,2.33,2.54,1401,153,9.16,-0.42786,2026-10-02
AMC,2.77,2026-10-30,27,Put,2.5,-0.10%,0.1,0.13,0.14,15429,1686,9.15,-0.281735,2026-10-02
FCX,72.04,2026-10-09,6,Put,64,-0.11%,0.03,0.1,0.14,1039,114,9.11,-0.040788,2026-10-02
MU,1074.89,2026-10-05,2,Call,1090,-0.01%,6.4,6.56,6.7,9453,1038,9.11,0.32424,2026-10-02
NKE,33.87,2026-10-09,6,Call,33.5,+0.01%,0.87,0.93,0.9,7880,867,9.09,0.593822,2026-10-02
MO,67.35,2026-10-09,6,Call,68,-0.01%,0.44,0.45,0.51,1444,159,9.08,0.367872,2026-10-02
MU,1074.89,2026-10-09,6,Call,1175,-0.09%,3.15,3.38,3.4,1132,125,9.06,0.098976,2026-10-02
PSKY,9.5,2026-10-02,0,Call,9,+0.05%,0.2,0.19,0.55,1057,117,9.03,0.936274,2026-10-02
AMD,633.91,2026-10-30,27,Call,660,-0.04%,23.1,23.58,24.05,2100,234,8.97,0.415125,2026-10-02
TSLA,370.59,2026-10-23,20,Put,400,+0.08%,34.45,34.24,35.85,1181,132,8.95,-0.733486,2026-10-02
ARM,307.49,2026-10-09,6,Call,350,-0.14%,1.23,1.24,1.27,5054,568,8.9,0.094987,2026-10-02
SNDK,1719.99,2026-10-02,0,Put,1710,-0.01%,0.05,0.2,0.55,3086,347,8.89,-0.086814,2026-10-02
SPCX,158.96,2026-10-30,27,Put,155,-0.02%,5.55,5.6,5.7,3483,392,8.89,-0.386902,2026-10-02
RBLX,44.12,2026-10-09,6,Call,44,0.00%,1.31,1.41,1.54,1645,185,8.89,0.532753,2026-10-02
IOVA,14.22,2026-10-16,13,Put,14,-0.02%,0.65,0.85,1,1758,198,8.88,-0.427994,2026-10-02
INTC,119.33,2026-10-02,0,Put,121,+0.01%,1.45,1.65,1.77,20265,2291,8.85,-0.962005,2026-10-02
TSLA,370.59,2026-10-16,13,Put,367.5,-0.01%,8.75,8.92,9,2302,260,8.85,-0.43325,2026-10-02
MU,1074.89,2026-10-05,2,Put,1060,-0.01%,6.25,6.5,6.6,5773,653,8.84,-0.310616,2026-10-02
NKE,33.87,2026-10-09,6,Call,35,-0.03%,0.25,0.26,0.28,16476,1869,8.82,0.263567,2026-10-02
AMD,633.91,2026-10-09,6,Call,670,-0.06%,3.6,3.71,3.9,2726,309,8.82,0.186612,2026-10-02
ATEC,10.03,2026-11-20,49,Call,12.5,-0.25%,0.3,0.34,0.35,3163,362,8.74,0.240722,2026-10-02
MRNA,190.01,2026-10-09,6,Put,185,-0.03%,5.3,5.43,5.6,2340,270,8.67,-0.376361,2026-10-02
CBRS,166.43,2026-10-09,6,Call,190,-0.14%,0.55,0.75,0.8,3007,347,8.67,0.093585,2026-10-02
SNDK,1719.99,2026-10-09,6,Call,1730,-0.01%,47.1,47.55,47.9,880,102,8.63,0.487695,2026-10-02
TSLA,370.59,2026-10-07,4,Call,395,-0.07%,0.45,0.45,0.48,1160,135,8.59,0.068735,2026-10-02
MSTR,160.01,2026-10-09,6,Put,157.5,-0.02%,3.65,3.75,3.85,7409,868,8.54,-0.401904,2026-10-02
TSLA,370.59,2026-10-09,6,Call,397.5,-0.07%,0.85,0.87,0.89,2352,276,8.52,0.097125,2026-10-02
SHOP,151.39,2026-10-09,6,Put,142,-0.06%,0.39,0.75,1.03,4012,473,8.48,-0.142879,2026-10-02
AMZN,251.52,2026-10-05,2,Call,240,+0.05%,10.4,11.09,12,4979,590,8.44,0.994183,2026-10-02
SMCI,43.69,2026-10-09,6,Call,44,-0.01%,1.35,1.38,1.4,14521,1722,8.43,0.487583,2026-10-02
DELL,562.52,2026-10-02,0,Put,565,0.00%,1.66,3,4.4,2481,295,8.41,-0.740715,2026-10-02
MU,1074.89,2026-10-02,0,Put,1085,+0.01%,9.9,10.26,12.1,9026,1078,8.37,-0.82819,2026-10-02
ARM,307.49,2026-10-02,0,Put,310,+0.01%,2.5,2.55,2.85,3308,396,8.35,-0.850119,2026-10-02
MU,1074.89,2026-10-05,2,Call,1070,0.00%,14.45,15.05,15.25,6824,817,8.35,0.572412,2026-10-02
PYPL,52.8,2026-10-09,6,Put,54,+0.02%,1.51,1.62,1.81,1034,124,8.34,-0.681092,2026-10-02
AMD,633.91,2026-10-05,2,Call,632.5,0.00%,6.85,7.11,7.35,2428,292,8.32,0.543929,2026-10-02
LULU,94.46,2027-06-17,257,Put,60,-0.36%,2.07,2.28,2.42,1152,139,8.29,-0.095018,2026-10-02
MSTR,160.01,2026-10-02,0,Put,165,+0.03%,4.9,5.69,5.95,12482,1508,8.28,-0.831084,2026-10-02
NVDA,233.95,2026-10-09,6,Put,235,0.00%,3.75,3.85,3.85,21704,2635,8.24,-0.538458,2026-10-02
AVGO,355.14,2026-10-02,0,Call,355,0.00%,0.6,0.64,0.79,39173,4772,8.21,0.545464,2026-10-02
DELL,562.52,2027-03-19,167,Call,800,-0.42%,37.5,39.8,40.1,1229,150,8.19,0.300361,2026-10-02
AAPL,333.69,2026-10-07,4,Put,330,-0.01%,1.4,1.5,1.57,2736,335,8.17,-0.303385,2026-10-02
INTC,119.33,2026-10-05,2,Call,119,0.00%,1.92,1.91,2,2809,347,8.1,0.538952,2026-10-02
RBLX,44.12,2026-10-02,0,Call,43.5,+0.01%,0.31,0.71,0.88,2127,263,8.09,0.799542,2026-10-02
META,728.08,2026-10-05,2,Call,727.5,0.00%,5.85,6,6.25,1913,237,8.07,0.524153,2026-10-02
NVTS,12.4,2026-10-09,6,Put,12.5,+0.01%,0.54,0.55,0.56,1547,192,8.06,-0.509526,2026-10-02
WDC,415.29,2026-10-02,0,Put,412.5,-0.01%,0.2,0.62,0.73,1190,148,8.04,-0.219326,2026-10-02
NFLX,67.06,2026-10-02,0,Call,66,+0.02%,0.82,1.07,1.1,1387,173,8.02,0.983212,2026-10-02
NUAI,6.29,2026-10-02,0,Call,1,+0.84%,5.1,5.25,5.4,2262,282,8.02,0,2026-10-02
META,728.08,2026-10-02,0,Put,730,0.00%,1.57,2.19,2.68,21171,2645,8,-0.800984,2026-10-02
NUAI,6.29,2026-10-02,0,Call,0.5,+0.92%,5.6,5.7,5.9,2269,284,7.99,0,2026-10-02
TSLA,370.59,2026-10-05,2,Put,375,+0.01%,5.8,6,6.05,9697,1218,7.96,-0.696561,2026-10-02
SPCX,158.96,2026-10-09,6,Call,157.5,+0.01%,4.4,4.39,4.45,21957,2757,7.96,0.579982,2026-10-02
CCJ,85.18,2026-10-16,13,Call,92,-0.08%,0.54,0.75,0.85,1558,196,7.95,0.188142,2026-10-02
RUM,7.57,2026-10-09,6,Call,8.5,-0.12%,0,0.1,0.15,1446,182,7.95,0.171052,2026-10-02
MU,1074.89,2026-10-05,2,Put,1020,-0.05%,0.67,0.69,0.74,2661,335,7.94,-0.048613,2026-10-02
COIN,183,2026-10-09,6,Call,182.5,0.00%,5.65,5.67,5.85,1095,138,7.93,0.532896,2026-10-02
INTC,119.33,2026-10-05,2,Call,125,-0.05%,0.26,0.28,0.28,11544,1458,7.92,0.120426,2026-10-02
TSLA,370.59,2026-10-09,6,Call,395,-0.07%,1.05,1.08,1.1,7977,1008,7.91,0.116791,2026-10-02
AMD,633.91,2026-10-09,6,Put,630,-0.01%,12.2,12.6,12.95,1377,174,7.91,-0.442459,2026-10-02
AVGO,355.14,2026-10-02,0,Put,357.5,+0.01%,1.99,1.93,2.84,2118,268,7.9,-0.912138,2026-10-02
BMNR,26.27,2026-10-30,27,Put,26,-0.01%,1.75,1.8,1.92,1016,129,7.88,-0.435995,2026-10-02
ARM,307.49,2026-10-09,6,Put,310,+0.01%,11.7,11.81,12.1,1061,135,7.86,-0.517724,2026-10-02
DAC,165.15,2026-10-16,13,Call,170,-0.03%,0.3,0.67,1.85,788,101,7.8,0.25914,2026-10-02
CDNS,351.35,2027-01-15,105,Call,480,-0.37%,4.2,4.7,5,2368,304,7.79,0.123733,2026-10-02
NKE,33.87,2026-10-16,13,Call,34,0.00%,0.83,0.84,0.88,7233,932,7.76,0.48915,2026-10-02
AVGO,355.14,2026-10-05,2,Call,357.5,-0.01%,1.85,1.97,2.1,3856,497,7.76,0.38332,2026-10-02
GOOGL,343.5,2026-10-02,0,Call,342.5,0.00%,0.62,0.96,1.15,23663,3051,7.76,0.969922,2026-10-02
RBLX,44.12,2026-10-09,6,Put,45,+0.02%,1.71,1.91,2.13,1205,156,7.72,-0.577278,2026-10-02
PFE,27.8,2026-10-30,27,Call,27.5,+0.01%,0.86,0.87,0.96,1289,167,7.72,0.567206,2026-10-02
INTC,119.33,2026-10-05,2,Put,119,0.00%,1.57,1.59,1.66,2850,369,7.72,-0.461466,2026-10-02
PFE,27.8,2026-10-16,13,Put,29.5,+0.06%,1.63,1.9,2.11,1212,157,7.72,-0.827164,2026-10-02
MU,1074.89,2026-10-05,2,Call,1100,-0.02%,4.05,4.19,4.25,19172,2486,7.71,0.226441,2026-10-02
TSLA,370.59,2026-10-05,2,Put,357.5,-0.04%,0.22,0.22,0.23,5192,673,7.71,-0.05974,2026-10-02
GOOGL,343.5,2026-10-05,2,Call,342.5,0.00%,2.7,2.88,3,5580,726,7.69,0.577515,2026-10-02
COIN,183,2026-10-09,6,Call,185,-0.01%,4.5,4.55,4.65,2449,319,7.68,0.460122,2026-10-02
DELL,562.52,2026-10-02,0,Call,562.5,0.00%,0.01,1,1.42,2687,350,7.68,0.517552,2026-10-02
NVDA,233.95,2026-10-09,6,Put,240,+0.03%,6.8,7,7.3,8281,1085,7.63,-0.763759,2026-10-02
WMT,104.26,2026-10-09,6,Call,104,0.00%,1.37,1.37,1.4,2538,333,7.62,0.546047,2026-10-02
RMD,218.89,2027-01-15,105,Put,210,-0.04%,10.1,10.3,10.7,1134,149,7.61,-0.358279,2026-10-02
AAPL,333.69,2026-10-05,2,Call,337.5,-0.01%,0.5,0.5,0.53,13484,1773,7.61,0.205304,2026-10-02
WDC,415.29,2026-10-02,0,Put,422.5,+0.02%,6.1,8.02,8.45,806,106,7.6,-0.95238,2026-10-02
ARM,307.49,2026-10-02,0,Put,312.5,+0.02%,5,4.7,5.45,1957,258,7.59,-0.883126,2026-10-02
TSLA,370.59,2026-10-07,4,Call,392.5,-0.06%,0.6,0.6,0.62,840,111,7.57,0.087587,2026-10-02
AVGO,355.14,2026-10-05,2,Put,352.5,-0.01%,1.63,1.86,1.95,2154,285,7.56,-0.353673,2026-10-02
AMD,633.91,2026-10-05,2,Call,660,-0.04%,0.43,0.47,0.52,1472,195,7.55,0.065642,2026-10-02
META,728.08,2026-10-07,4,Call,755,-0.04%,2.03,2.12,2.2,5604,743,7.54,0.158945,2026-10-02
ACN,198.9,2026-10-09,6,Call,215,-0.08%,0.5,0.6,0.7,777,103,7.54,0.106073,2026-10-02
AMPL,14.52,2026-10-16,13,Call,15,-0.03%,0.5,0.55,0.6,8266,1101,7.51,0.429646,2026-10-02
FRSH,12.78,2027-02-19,140,Call,17.5,-0.37%,0.45,0.55,0.75,900,120,7.5,0.257312,2026-10-02
TGB,8.95,2027-05-21,230,Call,10,-0.12%,1.45,1.61,1.7,1003,134,7.49,0.541688,2026-10-02
IBRX,10.28,2026-10-30,27,Call,11,-0.07%,0.05,0.8,0.85,1780,238,7.48,0.390028,2026-10-02
TEM,76.63,2026-10-02,0,Put,78,+0.02%,1.05,1.36,1.72,2450,328,7.47,-0.946681,2026-10-02
AMZN,251.52,2026-10-07,4,Call,255,-0.01%,1.15,1.35,1.45,6500,873,7.45,0.310607,2026-10-02
PURR,11.89,2026-10-09,6,Call,13,-0.09%,0.15,0.26,0.3,1533,206,7.44,0.262362,2026-10-02
AMZN,251.52,2026-10-05,2,Call,252.5,0.00%,1.1,1.18,1.23,17146,2309,7.43,0.410902,2026-10-02
NFLX,67.06,2026-10-09,6,Call,68,-0.01%,0.65,0.65,0.67,14071,1903,7.39,0.37376,2026-10-02
STX,848.99,2026-10-09,6,Call,900,-0.06%,10.1,11,12.2,1056,143,7.38,0.263696,2026-10-02
ANET,207.35,2026-10-09,6,Call,217.5,-0.05%,1.23,1.31,1.45,1054,143,7.37,0.208838,2026-10-02
MU,1074.89,2026-10-02,0,Call,1075,0.00%,0.51,0.79,0.94,21943,2981,7.36,0.500617,2026-10-02
GFI,35.62,2026-10-16,13,Call,35,+0.02%,1.45,1.45,1.7,1058,144,7.35,0.588278,2026-10-02
VST,140.02,2026-10-02,0,Call,140,0.00%,0.14,0.25,0.6,5033,686,7.34,0.515754,2026-10-02
AAOI,115.59,2026-10-09,6,Call,117,-0.01%,4.4,4.89,4.9,834,114,7.32,0.482625,2026-10-02
HOOD,112.74,2026-10-09,6,Call,123,-0.09%,0.5,0.53,0.55,3336,456,7.32,0.129487,2026-10-02
MSTR,160.01,2026-10-09,6,Put,162.5,+0.02%,6.3,6.85,6.65,3046,418,7.29,-0.557672,2026-10-02
NEM,115.56,2027-01-15,105,Call,180,-0.56%,0.19,0.47,0.51,5163,710,7.27,0.036222,2026-10-02
META,728.08,2026-10-05,2,Call,735,-0.01%,2.87,3.04,3.15,4049,559,7.24,0.323453,2026-10-02
RIVN,14.3,2026-11-20,49,Call,21,-0.47%,0.15,0.15,0.21,1888,261,7.23,0.10672,2026-10-02
SPCX,158.96,2026-10-09,6,Put,150,-0.06%,0.75,0.76,0.76,29755,4131,7.2,-0.151838,2026-10-02
MU,1074.89,2026-10-09,6,Call,1090,-0.01%,20,20.25,20.3,2774,386,7.19,0.426943,2026-10-02
TSLA,370.59,2026-10-12,9,Call,400,-0.08%,0.95,1,1.02,1877,262,7.16,0.099904,2026-10-02
FSLR,174.61,2026-10-02,0,Call,177.5,-0.02%,0,0.11,0.01,1460,204,7.16,0.011607,2026-10-02
AAOI,115.59,2026-10-02,0,Call,114,+0.01%,1.25,2.15,2.1,1430,200,7.15,0.887752,2026-10-02
HPE,69.33,2026-10-02,0,Call,69,0.00%,0.15,0.35,0.68,2971,416,7.14,0.744577,2026-10-02
SMTC,194.88,2027-01-15,105,Put,120,-0.38%,3.8,4.1,4.8,1277,179,7.13,-0.089239,2026-10-02
STX,848.99,2026-12-18,77,Call,1420,-0.67%,7.6,8.5,13,748,105,7.12,0.089081,2026-10-02
AVGO,355.14,2026-10-02,0,Call,352.5,+0.01%,2.41,2.84,3.05,11318,1590,7.12,0.927178,2026-10-02
MDB,357.96,2026-10-09,6,Put,335,-0.06%,2.29,2.44,2.71,1074,151,7.11,-0.171646,2026-10-02
DASH,189.15,2026-10-09,6,Call,200,-0.06%,1.08,1.11,1.2,811,114,7.11,0.187717,2026-10-02
MU,1074.89,2026-10-05,2,Call,1080,0.00%,9.8,10,10.25,9032,1274,7.09,0.442786,2026-10-02
HIMS,29,2026-10-09,6,Call,31.5,-0.09%,0.26,0.26,0.34,3594,507,7.09,0.204573,2026-10-02
GOOGL,343.5,2026-10-07,4,Put,340,-0.01%,2.25,2.4,2.47,1808,255,7.09,-0.350654,2026-10-02
NFLX,67.06,2026-10-16,13,Call,67,0.00%,1.6,1.62,1.66,2471,349,7.08,0.52723,2026-10-02
MU,1074.89,2026-10-02,0,Call,1072.5,0.00%,1.65,2.31,3,3676,519,7.08,0.979842,2026-10-02
MU,1074.89,2026-10-07,4,Call,1095,-0.02%,12.25,13.1,13.4,864,122,7.08,0.365065,2026-10-02
CRWV,89.62,2028-06-16,622,Put,150,+0.67%,71.3,73.2,73.5,1004,142,7.07,-0.552054,2026-10-02
LITE,1085.42,2026-10-02,0,Call,1090,0.00%,0.1,0.46,2,1683,239,7.04,0.257179,2026-10-02
RIOT,19.73,2026-10-09,6,Put,19.5,-0.01%,0.63,0.63,0.68,1018,145,7.02,-0.431046,2026-10-02
SNOW,341.04,2026-10-09,6,Call,365,-0.07%,1.38,1.44,1.56,806,115,7.01,0.141898,2026-10-02
SNDK,1719.99,2026-10-02,0,Call,1715,0.00%,4.5,5.3,6.3,1430,204,7.01,0.888471,2026-10-02
DKNG,18.59,2028-01-21,476,Call,17.5,+0.06%,5.9,6.4,6.5,1541,220,7,0.702689,2026-10-02
CSCO,112.2,2026-10-09,6,Call,118,-0.05%,0.18,0.21,0.25,915,131,6.98,0.104172,2026-10-02
MU,1074.89,2026-10-05,2,Put,1070,0.00%,10.15,10.2,10.9,3536,507,6.97,-0.43173,2026-10-02
SPCX,158.96,2026-10-09,6,Put,162.5,+0.02%,5.6,5.67,5.65,902,130,6.94,-0.637441,2026-10-02
BMY,61.15,2026-10-09,6,Put,60,-0.02%,0.4,0.42,0.49,1117,161,6.94,-0.299789,2026-10-02
MU,1074.89,2026-10-07,4,Call,1090,-0.01%,14.35,14.7,14.85,1060,153,6.93,0.400411,2026-10-02
TSLA,370.59,2026-10-09,6,Put,362.5,-0.02%,3.5,3.6,3.6,4766,691,6.9,-0.308034,2026-10-02
AAPL,333.69,2026-10-07,4,Put,315,-0.06%,0.08,0.1,0.13,710,103,6.89,-0.026903,2026-10-02
ORCL,142.3,2026-10-02,0,Put,144,+0.01%,1.44,1.37,1.68,3456,502,6.88,0,2026-10-02
S,25.06,2026-10-02,0,Call,25.5,-0.02%,0,0.1,0.05,1071,156,6.87,0.130776,2026-10-02
MRVL,272.29,2026-10-09,6,Put,275,+0.01%,10.95,11.8,12,944,138,6.84,-0.521849,2026-10-02
TSLA,370.59,2026-10-05,2,Call,367.5,+0.01%,5,5.05,5.35,7203,1057,6.81,0.651035,2026-10-02
AMD,633.91,2026-10-09,6,Call,667.5,-0.05%,3.95,4.25,4.3,1386,204,6.79,0.202225,2026-10-02
NET,349.07,2026-10-09,6,Put,330,-0.05%,2.5,2.79,3.5,727,107,6.79,-0.205008,2026-10-02
GTM,3.71,2026-10-02,0,Call,1,+0.73%,2.55,2.72,2.8,893,132,6.77,0.99031,2026-10-02
AMD,633.91,2026-10-16,13,Put,640,+0.01%,24,24.5,24.9,2018,298,6.77,-0.522749,2026-10-02
ASTS,58.45,2026-10-30,27,Call,62,-0.06%,3.1,3.8,3.7,964,143,6.74,0.431892,2026-10-02
DELL,562.52,2026-10-02,0,Put,560,0.00%,0.04,0.19,0.3,2109,313,6.74,-0.139804,2026-10-02
GLW,164.19,2026-12-18,77,Call,180,-0.10%,12.05,12.5,12.8,3645,542,6.73,0.432179,2026-10-02
MSFT,517.53,2026-10-05,2,Call,517.5,0.00%,2.85,3.25,3.3,3002,446,6.73,0.509251,2026-10-02
INTC,119.33,2026-10-05,2,Put,117,-0.02%,0.82,0.83,0.88,3945,586,6.73,-0.293121,2026-10-02
CIFR,15.71,2028-01-21,476,Call,37,-1.36%,2.14,2.73,3.6,2546,379,6.72,0.40257,2026-10-02
TSLA,370.59,2026-10-05,2,Call,385,-0.04%,0.28,0.3,0.3,9306,1388,6.7,0.070053,2026-10-02
BA,193.56,2026-10-09,6,Put,190,-0.02%,1.85,1.85,2.07,5684,848,6.7,-0.3322,2026-10-02
COIN,183,2026-10-09,6,Put,177.5,-0.03%,2.8,2.9,2.96,1756,262,6.7,-0.320994,2026-10-02
LW,43.6,2026-10-16,13,Call,45,-0.03%,1.4,1.5,1.7,2075,310,6.69,0.422862,2026-10-02
SHOP,151.39,2026-10-09,6,Call,157.5,-0.04%,1.46,1.56,1.62,2710,405,6.69,0.275135,2026-10-02
TSLA,370.59,2026-10-09,6,Put,332.5,-0.10%,0.23,0.24,0.25,1030,154,6.69,-0.028386,2026-10-02
TSLA,370.59,2026-10-07,4,Call,375,-0.01%,3.75,3.78,3.9,7475,1121,6.67,0.390378,2026-10-02
HTZ,1.76,2027-09-17,349,Call,7,-2.98%,0.17,0.17,0.22,1507,226,6.67,0.261336,2026-10-02
TS,55.99,2027-03-19,167,Call,62.5,-0.12%,2,2.15,2.45,691,104,6.64,0.313695,2026-10-02
SNDK,1719.99,2026-10-02,0,Put,1730,+0.01%,6.7,10.5,11.5,3787,571,6.63,-0.867898,2026-10-02
INTC,119.33,2026-10-05,2,Call,123,-0.03%,0.54,0.56,0.58,7369,1113,6.62,0.21951,2026-10-02
META,728.08,2026-10-09,6,Call,757.5,-0.04%,3.6,3.75,3.9,688,104,6.62,0.204137,2026-10-02
SMCI,43.69,2026-10-09,6,Call,43.5,0.00%,1.59,1.6,1.62,16254,2456,6.62,0.540277,2026-10-02
TSLA,370.59,2026-10-07,4,Call,390,-0.05%,0.77,0.78,0.8,3182,482,6.6,0.109907,2026-10-02
NBIS,242.81,2026-10-09,6,Call,252.5,-0.04%,5.1,5.2,5.25,937,142,6.6,0.356282,2026-10-02
XOM,164.01,2026-10-23,20,Put,162.5,-0.01%,3.3,3.5,4,1329,202,6.58,-0.428328,2026-10-02
TSLA,370.59,2026-10-05,2,Call,387.5,-0.05%,0.19,0.19,0.21,3366,513,6.56,0.049085,2026-10-02
CBRS,166.43,2026-10-09,6,Call,175,-0.05%,2.8,3,3.3,730,112,6.52,0.315937,2026-10-02
APO,114.02,2026-11-20,49,Call,125,-0.10%,2.65,3.3,3.1,847,130,6.52,0.294605,2026-10-02
INTC,119.33,2026-10-09,6,Call,132,-0.11%,0.57,0.63,0.6,2212,340,6.51,0.122956,2026-10-02
NVDA,233.95,2026-10-07,4,Call,240,-0.03%,0.66,0.67,0.71,14576,2251,6.48,0.190546,2026-10-02
AAPL,333.69,2026-10-09,6,Call,347.5,-0.04%,0.32,0.35,0.36,7720,1193,6.47,0.080438,2026-10-02
META,728.08,2026-10-02,0,Call,727.5,0.00%,0.58,0.75,0.99,7469,1157,6.46,0.756959,2026-10-02
TSLA,370.59,2026-10-09,6,Put,342.5,-0.08%,0.49,0.52,0.52,2589,401,6.46,-0.059796,2026-10-02
TSLA,370.59,2026-10-30,27,Put,395,+0.07%,31.65,32.35,33.7,827,128,6.46,-0.673462,2026-10-02
META,728.08,2026-10-07,4,Call,730,0.00%,8.9,9.18,9.45,954,148,6.45,0.480779,2026-10-02
HOOD,112.74,2026-10-09,6,Call,124,-0.10%,0.41,0.45,0.45,3301,512,6.45,0.109313,2026-10-02
NKE,33.87,2026-10-09,6,Put,33.5,-0.01%,0.45,0.47,0.47,2664,414,6.43,-0.398627,2026-10-02
NOK,10.6,2026-10-30,27,Call,10.5,+0.01%,0.78,0.8,0.85,9510,1480,6.43,0.560633,2026-10-02
WMT,104.26,2026-10-02,0,Call,104,0.00%,0.18,0.18,0.34,6268,977,6.42,0.968801,2026-10-02
MSFT,517.53,2026-10-05,2,Put,515,0.00%,1.77,2.02,2.05,1992,311,6.41,-0.363296,2026-10-02
MSTR,160.01,2026-10-09,6,Call,170,-0.06%,1.86,1.88,1.99,25411,3964,6.41,0.250489,2026-10-02
LRCX,347.49,2026-11-20,49,Call,440,-0.27%,6.6,7.28,7.75,3758,586,6.41,0.18385,2026-10-02
AMD,633.91,2026-10-05,2,Put,615,-0.03%,0.94,1.05,1.03,1191,186,6.4,-0.119436,2026-10-02
NVDA,233.95,2026-10-12,9,Put,235,0.00%,4.1,4.19,4.35,1389,217,6.4,-0.530007,2026-10-02
MU,1074.89,2026-10-05,2,Call,1150,-0.07%,0.43,0.45,0.48,9687,1514,6.4,0.03086,2026-10-02
AVGO,355.14,2026-10-05,2,Call,352.5,+0.01%,4.35,4.85,5.35,2453,383,6.4,0.631439,2026-10-02
F,12.1,2026-11-20,49,Call,14,-0.16%,0.16,0.17,0.17,52218,8171,6.39,0.180153,2026-10-02
MSTR,160.01,2026-10-09,6,Call,182.5,-0.14%,0.48,0.57,0.62,12658,1980,6.39,0.084512,2026-10-02
VST,140.02,2026-10-09,6,Call,140,0.00%,3.25,3.48,3.7,1649,258,6.39,0.516571,2026-10-02
NKE,33.87,2026-10-09,6,Put,32.5,-0.04%,0.15,0.18,0.19,3844,603,6.37,-0.187508,2026-10-02
FIG,21.36,2026-10-09,6,Call,22.5,-0.05%,0.3,0.34,0.34,2800,440,6.36,0.289982,2026-10-02
NVDA,233.95,2026-10-07,4,Call,245,-0.05%,0.16,0.17,0.19,9838,1550,6.35,0.06013,2026-10-02
NVDA,233.95,2026-11-13,42,Call,250,-0.07%,3.7,3.78,4.15,1035,163,6.35,0.283484,2026-10-02
ALAB,350.33,2026-10-09,6,Call,370,-0.06%,6.45,6.8,7.2,3086,487,6.34,0.314472,2026-10-02
EQT,50.17,2026-11-06,35,Call,52,-0.04%,1.15,1.34,1.48,789,125,6.31,0.389698,2026-10-02
MSFT,517.53,2026-10-05,2,Call,522.5,-0.01%,1.08,1.32,1.32,2376,377,6.3,0.263089,2026-10-02
MU,1074.89,2026-10-05,2,Put,1035,-0.04%,1.59,1.64,1.7,1691,269,6.29,-0.103744,2026-10-02
MARA,11.23,2026-10-09,6,Call,12,-0.07%,0.19,0.19,0.2,53532,8566,6.25,0.282144,2026-10-02
MAT,15.27,2026-11-20,49,Call,15,+0.02%,1.2,1.27,1.65,1280,205,6.24,0.573539,2026-10-02
NVDA,233.95,2026-10-07,4,Put,232.5,-0.01%,1.95,2.04,2.02,5344,858,6.23,-0.40469,2026-10-02
BIDU,84.32,2026-10-09,6,Put,80,-0.05%,0.15,0.18,0.18,729,117,6.23,-0.09774,2026-10-02
AVGO,355.14,2026-10-07,4,Call,362.5,-0.02%,2.19,2.39,2.39,1027,165,6.22,0.292325,2026-10-02
MAT,15.27,2027-01-15,105,Call,17,-0.11%,0.95,1.1,1.2,5288,851,6.21,0.403806,2026-10-02
AMZN,251.52,2026-10-05,2,Put,252.5,0.00%,2.07,2.23,2.31,2397,386,6.21,-0.584996,2026-10-02
OXY,58.08,2026-10-09,6,Put,56,-0.04%,0.25,0.35,0.38,993,160,6.21,-0.205255,2026-10-02
SMCI,43.69,2026-10-16,13,Put,44,+0.01%,2.3,2.3,2.34,918,148,6.2,-0.494123,2026-10-02
NBIS,242.81,2026-10-09,6,Call,277.5,-0.14%,1.02,1.05,1.08,738,119,6.2,0.096996,2026-10-02
NVTS,12.4,2026-10-02,0,Put,12.5,+0.01%,0.08,0.13,0.15,2046,330,6.2,-0.780381,2026-10-02
ENPH,33.47,2026-10-09,6,Call,35.5,-0.06%,0.26,0.28,0.36,1278,206,6.2,0.225424,2026-10-02
GOOGL,343.5,2026-10-09,6,Call,357.5,-0.04%,0.96,1.02,1.08,6110,989,6.18,0.153357,2026-10-02
SPCX,158.96,2026-10-02,0,Call,157.5,+0.01%,1.36,1.36,1.52,105947,17160,6.17,0.985596,2026-10-02
SOFI,15.77,2026-10-09,6,Call,14.5,+0.08%,1.29,1.34,1.32,771,125,6.17,0.935557,2026-10-02
META,728.08,2026-10-05,2,Put,710,-0.02%,0.74,0.78,0.84,1508,245,6.16,-0.108183,2026-10-02
TSLA,370.59,2026-10-12,9,Call,380,-0.03%,4.3,4.4,4.5,2357,384,6.14,0.338559,2026-10-02
AAPL,333.69,2026-10-09,6,Call,305,+0.09%,27.3,28.96,29.85,1007,164,6.14,0.982463,2026-10-02
NFLX,67.06,2026-10-16,13,Put,63,-0.06%,0.26,0.28,0.28,1683,274,6.14,-0.132741,2026-10-02
MSFT,517.53,2026-10-07,4,Call,527.5,-0.02%,1.32,1.66,1.71,1013,166,6.1,0.218183,2026-10-02
SKHY,195.13,2026-10-09,6,Put,195,0.00%,4.75,4.74,4.85,1129,185,6.1,-0.479996,2026-10-02
TSLA,370.59,2026-10-02,0,Call,367.5,+0.01%,2.97,3.25,3.35,38351,6291,6.1,0.957773,2026-10-02
NVDA,233.95,2026-10-07,4,Call,242.5,-0.04%,0.33,0.34,0.37,9230,1515,6.09,0.109702,2026-10-02
TSLA,370.59,2026-10-09,6,Call,402.5,-0.09%,0.57,0.56,0.58,912,150,6.08,0.067093,2026-10-02
MP,46.97,2026-10-09,6,Put,43,-0.08%,0.14,0.19,0.24,916,151,6.07,-0.109146,2026-10-02
MU,1074.89,2026-10-05,2,Put,1050,-0.02%,3.75,3.79,3.95,5476,904,6.06,-0.209584,2026-10-02
JPM,332.38,2026-10-02,0,Call,332.5,0.00%,0.15,0.18,0.3,3079,511,6.03,0.441566,2026-10-02
MSTR,160.01,2026-10-09,6,Put,152.5,-0.05%,1.89,1.95,2.04,6747,1119,6.03,-0.253304,2026-10-02
WDC,415.29,2026-10-09,6,Call,460,-0.11%,2.1,2.17,2.4,1214,202,6.01,0.129515,2026-10-02
INTC,119.33,2026-10-05,2,Call,122,-0.02%,0.76,0.76,0.82,5169,860,6.01,0.286678,2026-10-02
F,12.1,2026-10-09,6,Put,12,-0.01%,0.13,0.13,0.15,10839,1805,6,-0.408407,2026-10-02
AGNC,8.79,2029-01-19,840,Put,17,+0.93%,8.55,9.15,9.35,4346,725,5.99,-0.649667,2026-10-02
RKLB,73.92,2026-10-09,6,Put,72,-0.03%,1.67,1.73,1.77,1156,193,5.99,-0.364329,2026-10-02
PURR,11.89,2026-10-09,6,Call,12,-0.01%,0.45,0.55,0.65,1203,201,5.99,0.497991,2026-10-02
PFE,27.8,2028-12-15,805,Put,15,-0.46%,0.35,0.35,0.39,1252,209,5.99,-0.055842,2026-10-02
AMD,633.91,2026-10-09,6,Call,725,-0.14%,0.15,0.36,0.42,1346,225,5.98,0.019624,2026-10-02
COIN,183,2026-10-09,6,Call,190,-0.04%,2.76,2.82,2.91,4023,673,5.98,0.326097,2026-10-02
AVGO,355.14,2026-10-05,2,Call,360,-0.01%,1.19,1.23,1.3,5851,978,5.98,0.269664,2026-10-02
WOLF,35.28,2026-12-18,77,Call,35,+0.01%,6.25,6.5,6.9,2161,362,5.97,0.603766,2026-10-02
WULF,15.49,2026-10-09,6,Call,16,-0.03%,0.39,0.4,0.42,5203,872,5.97,0.385061,2026-10-02
NVDA,233.95,2026-10-12,9,Call,220,+0.06%,14.35,15,15.5,758,127,5.97,0.878115,2026-10-02
META,728.08,2026-10-09,6,Call,732.5,-0.01%,10.9,11.28,11.5,812,136,5.97,0.460569,2026-10-02
SNDK,1719.99,2026-10-09,6,Call,1740,-0.01%,42.8,43.5,43.9,785,132,5.95,0.457642,2026-10-02
UPS,93.02,2026-10-09,6,Call,95,-0.02%,0.4,0.46,0.5,792,133,5.95,0.255769,2026-10-02
BMY,61.15,2026-10-30,27,Call,67,-0.10%,0.6,0.69,0.8,1189,200,5.95,0.204648,2026-10-02
CLF,11.32,2026-10-23,20,Call,13.5,-0.19%,0.17,0.23,0.28,1522,256,5.95,0.20362,2026-10-02
ALGM,39.53,2026-10-16,13,Call,40,-0.01%,1.1,2.01,2.4,1572,264,5.95,0.490738,2026-10-02
AGI,32.46,2026-10-16,13,Call,37,-0.14%,0.05,0.1,0.15,2524,425,5.94,0.079121,2026-10-02
RDDT,147.86,2026-10-09,6,Call,147,+0.01%,4.55,4.8,5.05,876,148,5.92,0.549737,2026-10-02
MSFT,517.53,2026-10-05,2,Call,532.5,-0.03%,0.12,0.15,0.25,1160,196,5.92,0.050137,2026-10-02
NVDA,233.95,2026-10-09,6,Call,240,-0.03%,1.18,1.18,1.24,115412,19594,5.89,0.247798,2026-10-02
XP,21.5,2026-10-16,13,Put,20.5,-0.05%,0.7,0.8,0.85,1019,173,5.89,-0.343496,2026-10-02
TSLA,370.59,2026-10-07,4,Call,380,-0.03%,2.28,2.34,2.36,4024,685,5.87,0.269084,2026-10-02
NOW,134.38,2026-10-09,6,Put,129,-0.04%,1.24,1.28,1.28,881,150,5.87,-0.244534,2026-10-02
ACHR,4.89,2026-10-09,6,Call,5,-0.02%,0.09,0.1,0.11,1694,289,5.86,0.400552,2026-10-02
AMZN,251.52,2026-10-05,2,Put,255,+0.01%,2.97,4.25,4.25,1776,303,5.86,-0.885799,2026-10-02
AMZN,251.52,2026-10-02,0,Put,252.5,0.00%,0.82,1.11,1.44,14728,2512,5.86,-0.773578,2026-10-02
GOOGL,343.5,2026-10-05,2,Call,347.5,-0.01%,0.82,0.87,0.93,3232,553,5.84,0.25334,2026-10-02
DELL,562.52,2026-10-02,0,Put,567.5,+0.01%,4.4,5.45,7.05,701,120,5.84,-0.781674,2026-10-02
INTC,119.33,2026-10-07,4,Call,122,-0.02%,1.77,1.85,1.88,916,157,5.83,0.373065,2026-10-02
MU,1074.89,2026-10-05,2,Put,1065,-0.01%,8.1,8.22,8.4,1049,180,5.83,-0.369752,2026-10-02
TRI,97.62,2026-10-16,13,Put,90,-0.08%,0.6,0.77,0.95,762,131,5.82,-0.164288,2026-10-02
BE,289.15,2026-10-09,6,Put,285,-0.01%,7.45,7.99,8.55,786,135,5.82,-0.414837,2026-10-02
NBIS,242.81,2026-10-09,6,Put,245,+0.01%,9.85,10,10.1,1030,177,5.82,-0.51864,2026-10-02
GLW,164.19,2026-12-18,77,Put,135,-0.18%,5.1,5.27,5.4,3501,602,5.82,-0.188713,2026-10-02
TSLA,370.59,2026-10-09,6,Call,387.5,-0.05%,1.99,2.07,2.06,2947,510,5.78,0.198816,2026-10-02
TMUS,163.64,2026-10-02,0,Put,165,+0.01%,0.85,2.1,2.25,1707,297,5.75,-0.791024,2026-10-02
GOOGL,343.5,2026-10-02,0,Put,345,0.00%,1.07,1.79,1.8,14447,2511,5.75,-0.753382,2026-10-02
MSFT,517.53,2026-10-07,4,Call,532.5,-0.03%,0.82,0.89,0.96,1177,205,5.74,0.135711,2026-10-02
ASX,47.45,2026-10-16,13,Call,50,-0.05%,1.05,1.1,1.2,2566,450,5.7,0.340168,2026-10-02
PL,17.5,2026-10-09,6,Call,17,+0.03%,0.8,0.92,1.05,1649,290,5.69,0.642848,2026-10-02
CRCL,81.25,2026-10-02,0,Call,81,0.00%,0.25,0.16,0.61,1017,179,5.68,0.644297,2026-10-02
NFLX,67.06,2026-10-30,27,Put,66,-0.02%,2.7,2.73,2.74,2825,497,5.68,-0.417327,2026-10-02
FTV,57.47,2026-10-16,13,Call,60,-0.04%,0.2,0.55,0.55,2735,482,5.67,0.221067,2026-10-02
DDOG,277.22,2026-10-09,6,Put,265,-0.04%,2.47,2.96,3.1,686,121,5.67,-0.241107,2026-10-02
AKAM,108.92,2029-01-19,840,Call,95,+0.13%,40.5,45.07,44.5,850,150,5.67,0.760431,2026-10-02
BABA,105.85,2026-10-09,6,Call,106,0.00%,1.9,2.03,1.99,855,151,5.66,0.497547,2026-10-02
AAOI,115.59,2026-10-02,0,Call,116,0.00%,0.2,0.27,0.45,1200,212,5.66,0.377231,2026-10-02
SMCI,43.69,2026-10-09,6,Call,45,-0.03%,0.96,0.97,1,17015,3007,5.66,0.386223,2026-10-02
GOOGL,343.5,2026-10-05,2,Put,335,-0.02%,0.21,0.24,0.26,2972,526,5.65,-0.081798,2026-10-02
AMD,633.91,2026-10-05,2,Call,650,-0.03%,1.42,1.43,1.54,4907,869,5.65,0.171004,2026-10-02
BRK.B,502.65,2026-10-09,6,Put,500,-0.01%,1.76,1.85,2.17,2473,439,5.63,-0.356215,2026-10-02
PLTR,188.75,2026-10-02,0,Put,192.5,+0.02%,3.65,4,3.85,9467,1682,5.63,-1.,2026-10-02
BAC,53.75,2026-10-09,6,Put,53,-0.01%,0.37,0.38,0.4,25412,4520,5.62,-0.326343,2026-10-02
AMD,633.91,2026-10-05,2,Call,642.5,-0.01%,2.94,3,3.25,1464,261,5.61,0.305266,2026-10-02
ARM,307.49,2028-01-21,476,Call,490,-0.59%,59.5,64.7,64,761,136,5.6,0.475526,2026-10-02
TSLA,370.59,2026-10-07,4,Call,387.5,-0.05%,1.01,1.05,1.06,1827,326,5.6,0.139355,2026-10-02
GAP,22.51,2027-01-15,105,Put,23,+0.02%,2.44,2.53,2.75,1745,313,5.58,-0.473351,2026-10-02
LITE,1085.42,2026-10-02,0,Put,1040,-0.04%,0,0.5,0.1,1909,342,5.58,-0.007796,2026-10-02
AFRM,70.77,2026-10-09,6,Call,73,-0.03%,0.99,1.05,1.11,557,100,5.57,0.339969,2026-10-02
NVDA,233.95,2026-10-14,11,Put,215,-0.08%,0.39,0.43,0.46,567,102,5.56,-0.06865,2026-10-02
BAX,23.49,2026-12-18,77,Call,27.5,-0.17%,0.3,0.61,1.1,1028,185,5.56,0.264727,2026-10-02
UNH,371.9,2026-10-02,0,Call,370,+0.01%,1.36,1.98,2.83,3582,644,5.56,0.831284,2026-10-02
MU,1074.89,2026-10-05,2,Put,1100,+0.02%,29.05,29.95,30.75,2126,383,5.55,-0.755676,2026-10-02
LRCX,347.49,2026-10-16,13,Call,355,-0.02%,10.75,11.52,11.7,2127,383,5.55,0.443167,2026-10-02
SPCX,158.96,2026-10-09,6,Call,160,-0.01%,3.15,3.15,3.2,45904,8277,5.55,0.470222,2026-10-02
GME,24.7,2026-10-09,6,Call,19.5,+0.21%,4.85,5.26,5.55,1025,185,5.54,1,2026-10-02
MO,67.35,2026-10-09,6,Put,67,-0.01%,0.45,0.5,0.57,1236,223,5.54,-0.417379,2026-10-02
SLB,48.74,2029-01-19,840,Call,50,-0.03%,10.35,11.03,11.35,680,123,5.53,0.600831,2026-10-02
ARM,307.49,2026-10-02,0,Put,315,+0.02%,7.5,7.55,7.85,1234,223,5.53,-0.921563,2026-10-02
MU,1074.89,2026-10-09,6,Put,1080,0.00%,28.4,29.11,29.4,2052,373,5.5,-0.515082,2026-10-02
META,728.08,2026-10-07,4,Call,750,-0.03%,2.81,2.9,3.05,1218,222,5.49,0.206957,2026-10-02
MSFT,517.53,2026-10-05,2,Call,520,0.00%,1.77,2.07,2.2,4738,865,5.48,0.379684,2026-10-02
VFC,14.33,2027-03-19,167,Put,13,-0.09%,0.98,1.12,1.24,7469,1363,5.48,-0.311982,2026-10-02
MSTR,160.01,2026-10-02,0,Call,157.5,+0.02%,2.17,2.5,2.75,18254,3330,5.48,0.99057,2026-10-02
GFL,41.98,2026-11-20,49,Call,55,-0.31%,0.1,0.1,0.3,25114,4581,5.48,0.06838,2026-10-02
NVDA,233.95,2026-10-09,6,Call,245,-0.05%,0.4,0.41,0.42,61785,11268,5.48,0.104217,2026-10-02
COIN,183,2026-10-30,27,Call,185,-0.01%,10.85,11.6,12.35,1220,223,5.47,0.514615,2026-10-02
AVGO,355.14,2026-10-09,6,Call,370,-0.04%,1.66,1.68,1.74,10365,1903,5.45,0.193683,2026-10-02
NVDA,233.95,2026-10-07,4,Call,235,0.00%,2.19,2.19,2.25,15913,2925,5.44,0.448611,2026-10-02
BMY,61.15,2026-10-09,6,Call,63,-0.03%,0.29,0.31,0.47,1147,211,5.44,0.249161,2026-10-02
SPOT,472.89,2028-01-21,476,Put,420,-0.11%,54.4,56.81,59.75,1004,185,5.43,-0.28667,2026-10-02
PFE,27.8,2026-10-16,13,Put,30,+0.08%,2.09,2.21,2.28,1422,262,5.43,-0.990302,2026-10-02
FSLR,174.61,2026-11-20,49,Put,170,-0.03%,10.65,11.7,12.95,1024,189,5.42,-0.400418,2026-10-02
MU,1074.89,2026-10-07,4,Call,1150,-0.07%,2.8,2.85,2.9,1762,325,5.42,0.106815,2026-10-02
RIVN,14.3,2026-10-23,20,Call,14,+0.02%,0.85,0.81,0.97,862,160,5.39,0.596535,2026-10-02
FRHC,173,2026-12-18,77,Put,140,-0.19%,4.9,5,5.5,795,148,5.37,-0.177728,2026-10-02
AVAV,140.82,2026-10-09,6,Call,150,-0.07%,0.9,0.98,1.85,584,109,5.36,0.224146,2026-10-02
INTC,119.33,2026-10-09,6,Call,137,-0.15%,0.26,0.33,0.29,1347,252,5.35,0.062835,2026-10-02
AAOI,115.59,2026-10-02,0,Put,115,-0.01%,0.15,0.2,0.35,550,103,5.34,-0.311709,2026-10-02
MU,1074.89,2026-10-05,2,Put,1045,-0.03%,2.84,2.85,2.97,1181,221,5.34,-0.167442,2026-10-02
MU,1074.89,2026-10-05,2,Put,1025,-0.05%,0.89,0.93,0.97,1635,306,5.34,-0.062628,2026-10-02
MU,1074.89,2026-10-05,2,Call,1075,0.00%,11.65,12.5,12.5,4978,932,5.34,0.507123,2026-10-02
NVDA,233.95,2026-10-07,4,Call,237.5,-0.02%,1.25,1.24,1.31,12207,2290,5.33,0.30681,2026-10-02
NESR,24.67,2026-11-20,49,Call,30,-0.22%,0.55,0.67,0.85,1456,273,5.33,0.23613,2026-10-02
OKLO,35.87,2026-10-09,6,Call,36,0.00%,1.07,1.14,1.17,793,149,5.32,0.501809,2026-10-02
VST,140.02,2026-10-02,0,Call,138,+0.01%,1.8,2,2.68,1314,247,5.32,0.825707,2026-10-02
FCX,72.04,2026-10-09,6,Call,75,-0.04%,0.68,0.74,0.8,2501,470,5.32,0.274042,2026-10-02
SIRI,25.72,2026-12-18,77,Call,34,-0.32%,0.05,0.1,0.32,763,144,5.3,0.087258,2026-10-02
DELL,562.52,2026-10-09,6,Call,575,-0.02%,10.6,11.05,12.45,854,161,5.3,0.401501,2026-10-02
LCID,4.13,2026-10-09,6,Put,4.5,+0.09%,0.4,0.41,0.46,1066,201,5.3,-0.759817,2026-10-02
VST,140.02,2026-10-09,6,Call,138,+0.01%,4.15,4.6,4.85,666,126,5.29,0.609999,2026-10-02
ORCL,142.3,2026-10-16,13,Put,141,-0.01%,4.55,4.69,4.7,925,175,5.29,-0.439274,2026-10-02
STM,57.26,2026-10-16,13,Call,57,0.00%,2.4,2.48,2.6,1332,252,5.29,0.542637,2026-10-02
CDE,17.66,2026-10-30,27,Call,20,-0.13%,0.35,0.38,0.4,2042,386,5.29,0.24453,2026-10-02
GMAB,34.75,2026-11-20,49,Call,35,-0.01%,2.9,3.73,4.1,5310,1006,5.28,0.547954,2026-10-02
STX,848.99,2026-12-18,77,Put,700,-0.18%,33.7,35.35,37,1251,237,5.28,-0.208804,2026-10-02
PANW,403.24,2026-10-02,0,Put,402.5,0.00%,0.16,0.16,0.8,595,113,5.27,-0.350294,2026-10-02
BBAI,2.65,2026-10-16,13,Call,2.5,+0.06%,0.2,0.22,0.24,609,116,5.25,0.704434,2026-10-02
COIN,183,2026-10-09,6,Put,192.5,+0.05%,11.15,11.15,12.45,792,151,5.25,-0.722931,2026-10-02
RDDT,147.86,2026-10-09,6,Call,152.5,-0.03%,2.3,2.52,2.72,2296,437,5.25,0.354346,2026-10-02
MP,46.97,2026-10-09,6,Put,44,-0.06%,0.28,0.33,0.38,964,184,5.24,-0.17346,2026-10-02
HUM,388.36,2026-10-02,0,Call,380,+0.02%,5.3,7.3,12.6,533,102,5.23,0.861481,2026-10-02
AZTA,38.75,2026-10-16,13,Call,45,-0.16%,0,0.6,0.7,774,148,5.23,0.142579,2026-10-02
NBIS,242.81,2026-10-16,13,Put,225,-0.07%,5.6,5.64,5.8,1654,316,5.23,-0.26319,2026-10-02
NFLX,67.06,2026-11-06,35,Call,73,-0.09%,1.56,1.62,1.6,1966,376,5.23,0.296505,2026-10-02
APP,268.22,2026-10-09,6,Call,280,-0.04%,2.1,3.1,3.6,636,122,5.21,0.271457,2026-10-02
BIDU,84.32,2026-10-09,6,Call,80,+0.05%,4.1,4.6,5.05,656,126,5.21,0.889347,2026-10-02
HOOD,112.74,2026-10-02,0,Put,113,0.00%,0.27,0.26,0.35,13852,2658,5.21,-0.746966,2026-10-02
AVGO,355.14,2026-10-07,4,Call,365,-0.03%,1.63,1.7,1.78,780,150,5.2,0.232228,2026-10-02
MU,1074.89,2026-10-07,4,Put,1075,0.00%,21,21.15,21.75,518,100,5.18,-0.488128,2026-10-02
AEHR,107.21,2026-10-02,0,Call,56,+0.48%,49.4,51.76,52.6,777,150,5.18,0.970335,2026-10-02
OPEN,2.44,2026-10-02,0,Call,2,+0.18%,0.37,0.46,0.48,937,181,5.18,0.902243,2026-10-02
V,360.66,2026-10-09,6,Call,365,-0.01%,1.96,1.87,2.03,1335,258,5.17,0.332111,2026-10-02
KEEL,3.62,2029-01-19,840,Call,5,-0.38%,1.6,1.75,1.85,768,149,5.15,0.715682,2026-10-02
DELL,562.52,2026-10-02,0,Call,557.5,+0.01%,3.35,5,6.45,911,177,5.15,0.989151,2026-10-02
AVGO,355.14,2026-10-05,2,Put,342.5,-0.04%,0.22,0.27,0.27,1335,259,5.15,-0.064714,2026-10-02
META,728.08,2026-10-02,0,Put,735,+0.01%,6.45,6.85,7.55,5238,1020,5.14,-0.941977,2026-10-02
TSLA,370.59,2026-10-09,6,Put,360,-0.03%,2.78,2.8,2.86,7051,1371,5.14,-0.259179,2026-10-02
META,728.08,2026-10-05,2,Call,750,-0.03%,0.54,0.54,0.61,8151,1585,5.14,0.082759,2026-10-02
FIG,21.36,2026-10-09,6,Call,22,-0.03%,0.43,0.45,0.49,2469,482,5.12,0.382314,2026-10-02
CRDO,218.64,2026-10-02,0,Call,220,-0.01%,0.05,0.5,0.5,5648,1106,5.11,0.244086,2026-10-02
INTC,119.33,2026-10-07,4,Put,114,-0.04%,0.92,1.02,1.02,516,101,5.11,-0.220527,2026-10-02
IBM,222.64,2026-10-02,0,Call,222.5,0.00%,0.16,0.3,0.42,1099,215,5.11,0.60953,2026-10-02
PL,17.5,2026-10-09,6,Put,17,-0.03%,0.3,0.39,0.45,1279,251,5.1,-0.350339,2026-10-02
SNDK,1719.99,2026-10-09,6,Call,1750,-0.02%,38.9,39.3,40.1,1583,311,5.09,0.428325,2026-10-02
AAPL,333.69,2026-10-07,4,Call,337.5,-0.01%,1.38,1.43,1.5,2245,442,5.08,0.311327,2026-10-02
MU,1074.89,2026-10-05,2,Call,1130,-0.05%,0.96,1.01,1.03,1520,299,5.08,0.065638,2026-10-02
ALAB,350.33,2026-10-09,6,Put,330,-0.06%,5.3,5.4,6,911,180,5.06,-0.255984,2026-10-02
MRK,144.3,2026-10-09,6,Call,152.5,-0.06%,0.05,0.12,0.21,1696,335,5.06,0.060372,2026-10-02
TEM,76.63,2026-10-09,6,Call,80,-0.04%,1.46,1.63,1.81,1300,258,5.04,0.347552,2026-10-02
CIFR,15.71,2026-10-16,13,Call,16.5,-0.05%,0.74,0.74,0.75,1695,336,5.04,0.421947,2026-10-02
PANW,403.24,2026-10-09,6,Call,445,-0.10%,0.67,0.72,1,578,115,5.03,0.072576,2026-10-02
MSFT,517.53,2026-10-05,2,Put,502.5,-0.03%,0.12,0.16,0.19,1163,231,5.03,-0.042311,2026-10-02
NVDA,233.95,2026-10-07,4,Put,227.5,-0.03%,0.68,0.68,0.71,5468,1089,5.02,-0.175839,2026-10-02
NVDA,233.95,2026-10-05,2,Call,235,0.00%,1.11,1.13,1.15,69686,13900,5.01,0.403187,2026-10-02
MU,1074.89,2026-10-09,6,Call,1085,-0.01%,21.2,22.12,22.45,1104,221,5,0.455151,2026-10-02
MDLZ,58.19,2026-11-20,49,Call,62.5,-0.07%,0.7,0.7,1.25,2215,443,5,0.270202,2026-10-02
NTAP,226.27,2026-11-20,49,Call,240,-0.06%,9.4,11.5,13.1,657,132,4.98,0.416405,2026-10-02
CVX,206.69,2026-10-16,13,Put,197.5,-0.04%,0.84,0.97,1.24,2123,428,4.96,-0.178213,2026-10-02
SPCX,158.96,2026-10-16,13,Call,157.5,+0.01%,5.95,6,6,5506,1109,4.96,0.568212,2026-10-02
RKLB,73.92,2026-10-02,0,Call,74,0.00%,0.08,0.1,0.12,11118,2240,4.96,0.415118,2026-10-02
OSCR,30.94,2026-11-20,49,Put,30,-0.03%,2.48,2.7,2.9,5202,1051,4.95,-0.395582,2026-10-02
MU,1074.89,2026-10-05,2,Put,1075,0.00%,12.35,12.85,13.75,2742,555,4.94,-0.493026,2026-10-02
CELH,26.75,2026-10-09,6,Call,27.5,-0.03%,0.22,0.37,0.4,672,136,4.94,0.325235,2026-10-02
MSTR,160.01,2026-10-09,6,Put,125,-0.22%,0.03,0.1,0.14,5497,1118,4.92,-0.012884,2026-10-02
TSM,472.78,2026-10-16,13,Put,475,0.00%,12.85,13.05,13.85,510,104,4.9,-0.509925,2026-10-02
IONQ,43.77,2026-10-09,6,Put,44,+0.01%,1.56,1.71,1.85,971,198,4.9,-0.502425,2026-10-02
SNDK,1719.99,2026-10-09,6,Call,1850,-0.08%,13.5,13.8,13.9,2466,503,4.9,0.190287,2026-10-02
MSTR,160.01,2026-10-09,6,Call,172.5,-0.08%,1.41,1.49,1.52,22071,4518,4.89,0.201131,2026-10-02
MSTR,160.01,2026-10-02,0,Put,160,0.00%,0.05,0.24,0.41,26597,5435,4.89,-0.484227,2026-10-02
AMD,633.91,2026-10-30,27,Call,670,-0.06%,19.9,20.2,20.8,1766,361,4.89,0.372819,2026-10-02
PANW,403.24,2026-10-09,6,Put,365,-0.09%,0.62,0.88,1.13,610,125,4.88,-0.069096,2026-10-02
UNH,371.9,2026-10-02,0,Call,372.5,0.00%,0.33,0.33,0.81,1807,370,4.88,0.390229,2026-10-02
SNDK,1719.99,2026-10-09,6,Call,1800,-0.05%,23.1,23.7,23.8,2729,559,4.88,0.293046,2026-10-02
AMZN,251.52,2026-10-07,4,Call,260,-0.03%,0.45,0.46,0.5,4767,979,4.87,0.131696,2026-10-02
U,43.61,2026-10-09,6,Call,44,-0.01%,0.98,1,1.38,1027,211,4.87,0.472921,2026-10-02
LITE,1085.42,2026-10-02,0,Call,1080,0.00%,1.6,5.5,7.8,1116,229,4.87,0.991501,2026-10-02
AMZN,251.52,2026-10-07,4,Put,250,-0.01%,1.8,2.11,2.16,1784,366,4.87,-0.401207,2026-10-02
CSCO,112.2,2026-10-16,13,Put,109,-0.03%,1.02,1.17,1.28,608,125,4.86,-0.286968,2026-10-02
USAR,13.59,2026-10-09,6,Call,14.5,-0.07%,0.13,0.15,0.15,1788,368,4.86,0.227236,2026-10-02
CLSK,12.74,2026-10-02,0,Call,12.5,+0.02%,0.03,0.24,0.35,5577,1150,4.85,0.902862,2026-10-02
HOOD,112.74,2026-10-02,0,Put,114,+0.01%,1,1.15,1.41,10280,2121,4.85,-0.953204,2026-10-02
AVGO,355.14,2026-10-07,4,Call,352.5,+0.01%,5.85,6.45,6.7,786,162,4.85,0.597896,2026-10-02
XOM,164.01,2026-10-23,20,Put,157.5,-0.04%,1.57,1.75,1.93,1585,327,4.85,-0.25713,2026-10-02
NBIS,242.81,2026-10-02,0,Put,245,+0.01%,2,2.16,2.37,2893,598,4.84,-0.964232,2026-10-02
NBIS,242.81,2026-10-09,6,Call,247.5,-0.02%,6.9,6.9,7.05,613,127,4.83,0.439151,2026-10-02
ON,84.89,2026-10-09,6,Call,90,-0.06%,0.65,0.73,0.79,603,125,4.82,0.217048,2026-10-02
KMB,94.36,2026-11-20,49,Put,85,-0.10%,0.55,0.72,0.75,1816,377,4.82,-0.133988,2026-10-02
CEG,257.49,2026-11-20,49,Put,210,-0.18%,1.9,2.45,2.75,5520,1146,4.82,-0.100961,2026-10-02
TSLA,370.59,2026-10-09,6,Call,390,-0.05%,1.61,1.63,1.67,12819,2670,4.8,0.167199,2026-10-02
KD,11.56,2026-11-20,49,Put,10,-0.13%,0.4,0.46,0.5,945,198,4.77,-0.234591,2026-10-02
RDDT,147.86,2026-10-09,6,Call,165,-0.12%,0.33,0.43,0.52,3864,810,4.77,0.084105,2026-10-02
DELL,562.52,2026-10-09,6,Call,580,-0.03%,8.95,9.39,9.9,838,176,4.76,0.353655,2026-10-02
MU,1074.89,2026-10-23,20,Call,1090,-0.01%,41.65,42.57,44.45,508,107,4.75,0.48129,2026-10-02
BE,289.15,2026-10-02,0,Put,292.5,+0.01%,2.5,3.5,4.3,2708,570,4.75,-0.933296,2026-10-02
SNDK,1719.99,2026-10-02,0,Put,1725,0.00%,5.1,6.6,6.6,2872,605,4.75,-0.762364,2026-10-02
APLD,25.38,2026-10-02,0,Put,26,+0.02%,0.43,0.76,0.9,5558,1174,4.73,-0.846373,2026-10-02
AMZN,251.52,2026-10-05,2,Call,257.5,-0.02%,0.17,0.18,0.2,5700,1204,4.73,0.091585,2026-10-02
GOOGL,343.5,2026-10-05,2,Call,345,0.00%,1.55,1.62,1.78,8937,1890,4.73,0.405643,2026-10-02
XOM,164.01,2026-10-09,6,Call,175,-0.07%,0.15,0.17,0.18,10685,2261,4.73,0.0585,2026-10-02
CLOV,4.38,2026-10-09,6,Call,4.5,-0.03%,0.11,0.13,0.15,5455,1156,4.72,0.419101,2026-10-02
SMCI,43.69,2026-10-16,13,Put,43.5,0.00%,2.03,2.09,2.08,677,144,4.7,-0.457716,2026-10-02
FTNT,180.95,2026-10-09,6,Call,190,-0.05%,0.97,1.1,1.13,582,124,4.69,0.196301,2026-10-02
CVX,206.69,2026-10-23,20,Put,190,-0.08%,0.38,0.59,0.99,652,139,4.69,-0.100228,2026-10-02
BRBR,7.43,2026-11-20,49,Put,10,+0.35%,2.4,2.5,2.8,1617,345,4.69,-0.92211,2026-10-02
MSTR,160.01,2026-10-02,0,Call,160,0.00%,0.06,0.1,0.1,43072,9192,4.69,0.564723,2026-10-02
IREN,41.76,2026-10-09,6,Call,44.5,-0.07%,0.58,0.57,0.6,1423,304,4.68,0.263315,2026-10-02
MSFT,517.53,2026-10-09,6,Call,517.5,0.00%,6.5,7,7.5,1892,404,4.68,0.513558,2026-10-02
CRWD,270.04,2026-10-09,6,Call,272.5,-0.01%,5.6,5.8,5.95,504,108,4.67,0.459665,2026-10-02
AVGO,355.14,2026-10-07,4,Put,345,-0.03%,1.32,1.54,1.6,551,118,4.67,-0.201711,2026-10-02
AMD,633.91,2026-10-05,2,Put,612.5,-0.03%,0.75,0.83,0.83,924,198,4.67,-0.09725,2026-10-02
NAT,8.42,2027-01-15,105,Put,6,-0.29%,0.1,0.15,0.15,3068,657,4.67,-0.098641,2026-10-02
SHOP,151.39,2028-01-21,476,Put,155,+0.02%,34,37.44,38,755,162,4.66,-0.369851,2026-10-02
MU,1074.89,2026-10-02,0,Put,1110,+0.03%,34.65,35.26,37.45,1514,325,4.66,-0.912421,2026-10-02
SPCX,158.96,2026-10-16,13,Put,162.5,+0.02%,6.9,7.1,7.15,1010,217,4.65,-0.587239,2026-10-02
ASTS,58.45,2026-10-02,0,Call,57,+0.02%,1.25,1.64,2.76,1455,313,4.65,0.704755,2026-10-02
PBR,21.65,2026-10-09,6,Call,23,-0.06%,0.35,0.38,0.4,2477,533,4.65,0.290184,2026-10-02
INTC,119.33,2026-10-02,0,Put,126,+0.06%,6.6,5.9,6.8,2773,596,4.65,-0.972331,2026-10-02
SARO,21.05,2026-11-20,49,Call,20,+0.05%,1.95,2.13,2.25,506,109,4.64,0.658006,2026-10-02
MU,1074.89,2026-10-05,2,Call,1240,-0.15%,0.02,0.15,0.23,548,118,4.64,0.006432,2026-10-02
RKLB,73.92,2026-10-09,6,Call,79,-0.07%,0.93,0.95,1,1341,289,4.64,0.250154,2026-10-02
CVNA,63.77,2026-10-02,0,Put,66,+0.03%,1.94,2.3,2.9,531,115,4.62,-0.832848,2026-10-02
INTC,119.33,2026-10-05,2,Put,126,+0.06%,6.75,6.73,6.95,642,139,4.62,-0.910273,2026-10-02
JD,25.78,2026-10-23,20,Call,25,+0.03%,1.15,1.18,1.66,726,157,4.62,0.621356,2026-10-02
CRCL,81.25,2026-10-09,6,Call,86,-0.06%,0.99,1.08,1.15,882,191,4.62,0.266772,2026-10-02
AXTI,85.87,2026-10-09,6,Call,100,-0.16%,0.9,0.92,1,2028,439,4.62,0.158425,2026-10-02
CRCL,81.25,2027-04-16,195,Put,75,-0.08%,11.8,12.38,13.2,525,114,4.61,-0.327577,2026-10-02
NKE,33.87,2026-10-02,0,Call,32,+0.06%,1.76,1.82,2.03,926,201,4.61,0.949148,2026-10-02
ORCL,142.3,2026-10-02,0,Call,142,0.00%,0.31,0.42,0.59,16493,3577,4.61,0.678858,2026-10-02
TSLA,370.59,2026-10-09,6,Call,377.5,-0.02%,4.5,4.45,4.55,6731,1463,4.6,0.36863,2026-10-02
AMD,633.91,2026-10-07,4,Call,650,-0.03%,5.15,5.35,5.5,1544,336,4.6,0.300266,2026-10-02
C,128.5,2026-10-09,6,Call,129,0.00%,1.63,1.75,1.86,592,129,4.59,0.470197,2026-10-02
ASTS,58.45,2026-10-09,6,Call,58,+0.01%,2.29,2.38,2.52,1303,284,4.59,0.554332,2026-10-02
CRCL,81.25,2026-10-09,6,Call,91,-0.12%,0.32,0.36,0.42,1477,322,4.59,0.110183,2026-10-02
META,728.08,2026-10-05,2,Call,760,-0.04%,0.19,0.2,0.21,2166,472,4.59,0.031195,2026-10-02
AKAM,108.92,2026-10-30,27,Call,125,-0.15%,1.2,2,2.2,517,113,4.58,0.201611,2026-10-02
COIN,183,2026-10-09,6,Put,185,+0.01%,6.25,6.43,6.55,1172,256,4.58,-0.541552,2026-10-02
JD,25.78,2026-10-09,6,Call,26.5,-0.03%,0.09,0.12,0.15,676,148,4.57,0.222245,2026-10-02
ASTS,58.45,2026-10-30,27,Put,61,+0.04%,5.35,6,6.65,831,182,4.57,-0.542432,2026-10-02
AVGO,355.14,2026-10-05,2,Put,347.5,-0.02%,0.61,0.67,0.68,1528,334,4.57,-0.156515,2026-10-02
SNDK,1719.99,2026-10-02,0,Put,1740,+0.01%,19.5,20.3,21.5,2745,602,4.56,-0.913192,2026-10-02
SNDK,1719.99,2026-10-02,0,Call,1700,+0.01%,18.7,19.66,20.7,2610,573,4.55,0.999173,2026-10-02
AMD,633.91,2026-10-02,0,Call,630,+0.01%,2.77,4,4.8,11663,2561,4.55,0.970757,2026-10-02
BRK.B,502.65,2026-10-09,6,Put,475,-0.06%,0,0.15,0.39,723,159,4.55,-0.031661,2026-10-02
ADBE,237.69,2027-09-17,349,Put,190,-0.20%,13.65,13.8,16.25,1002,220,4.55,-0.2089,2026-10-02
CSCO,112.2,2026-10-09,6,Call,117,-0.04%,0.23,0.3,0.33,518,114,4.54,0.135337,2026-10-02
TSLA,370.59,2026-10-05,2,Call,365,+0.02%,6.7,6.88,7.05,11391,2510,4.54,0.757316,2026-10-02
AVGO,355.14,2026-10-07,4,Call,355,0.00%,4.95,5.2,6,1052,232,4.53,0.515313,2026-10-02
TSLA,370.59,2026-10-07,4,Put,355,-0.04%,0.84,0.86,0.89,1476,326,4.53,-0.122501,2026-10-02
META,728.08,2026-10-05,2,Call,747.5,-0.03%,0.7,0.76,0.8,745,165,4.52,0.10504,2026-10-02
NVTS,12.4,2026-10-09,6,Put,13,+0.05%,0.79,0.83,1,537,119,4.51,-0.647356,2026-10-02
STX,848.99,2026-10-09,6,Put,800,-0.06%,9,9.35,10.2,731,162,4.51,-0.224376,2026-10-02
SNDK,1719.99,2026-10-02,0,Put,1750,+0.02%,25,30.3,31.3,2455,544,4.51,-0.950292,2026-10-02
AVGO,355.14,2026-10-05,2,Call,365,-0.03%,0.43,0.45,0.45,3353,744,4.51,0.114519,2026-10-02
TSLA,370.59,2026-10-16,13,Put,372.5,+0.01%,11.25,11.4,11.6,2118,471,4.5,-0.508221,2026-10-02
BE,289.15,2026-10-02,0,Put,287.5,-0.01%,0.12,0.12,0.22,3462,769,4.5,-0.174709,2026-10-02
AAPL,333.69,2026-10-05,2,Call,340,-0.02%,0.16,0.17,0.19,12873,2861,4.5,0.08532,2026-10-02
LRCX,347.49,2026-10-09,6,Call,400,-0.15%,0.15,0.32,0.34,554,123,4.5,0.026614,2026-10-02
NTAP,226.27,2026-12-18,77,Call,240,-0.06%,17,17.37,18.2,1147,255,4.5,0.465964,2026-10-02
MRVL,272.29,2026-10-09,6,Call,350,-0.29%,0.11,0.15,0.17,1765,392,4.5,0.013692,2026-10-02
MRNA,190.01,2026-10-09,6,Put,200,+0.05%,13.95,14.1,14.3,539,120,4.49,-0.664647,2026-10-02
HPE,69.33,2026-10-09,6,Call,70,-0.01%,1.92,1.97,2.14,2944,657,4.48,0.473445,2026-10-02
TSLA,370.59,2026-10-12,9,Call,395,-0.07%,1.41,1.41,1.49,731,163,4.48,0.139346,2026-10-02
MU,1074.89,2026-10-05,2,Call,1160,-0.08%,0.3,0.33,0.34,1035,231,4.48,0.021762,2026-10-02
BTDR,11.02,2026-10-02,0,Call,5.5,+0.50%,5.3,5.48,5.7,652,146,4.47,0.99232,2026-10-02
COIN,183,2026-10-09,6,Call,197.5,-0.08%,1.29,1.43,1.43,2947,659,4.47,0.179668,2026-10-02
AAPL,333.69,2026-10-07,4,Call,335,0.00%,2.3,2.42,2.62,3481,779,4.47,0.442404,2026-10-02
HD,282.85,2026-10-09,6,Call,290,-0.03%,1.4,1.54,1.57,647,145,4.46,0.249707,2026-10-02
GME,24.7,2026-11-06,35,Call,23,+0.07%,2.18,2.46,2.73,1043,234,4.46,0.698066,2026-10-02
COHR,337.04,2026-10-09,6,Put,290,-0.14%,0.6,0.69,0.75,1341,301,4.46,-0.049277,2026-10-02
AMD,633.91,2026-10-05,2,Put,622.5,-0.02%,2.08,2.19,2.31,521,117,4.45,-0.231167,2026-10-02
SPCX,158.96,2026-10-30,27,Call,157.5,+0.01%,8.5,8.75,9.4,2658,598,4.44,0.563164,2026-10-02
TSLA,370.59,2026-10-07,4,Call,410,-0.11%,0.14,0.15,0.15,635,143,4.44,0.021751,2026-10-02
RKLB,73.92,2026-10-09,6,Put,75,+0.01%,3.15,3.15,3.3,1059,239,4.43,-0.544023,2026-10-02
NKE,33.87,2026-10-16,13,Put,33.5,-0.01%,0.62,0.65,0.68,1626,367,4.43,-0.417727,2026-10-02
QCOM,184.87,2026-10-09,6,Call,195,-0.05%,1.09,1.15,1.17,2595,586,4.43,0.192527,2026-10-02
WFC,80.45,2026-10-09,6,Call,82,-0.02%,0.45,0.51,0.52,639,145,4.41,0.291966,2026-10-02
AVGO,355.14,2026-10-07,4,Put,342.5,-0.04%,0.84,0.98,1.12,621,141,4.4,-0.1479,2026-10-02
IBRX,10.28,2026-10-30,27,Call,10,+0.03%,1,1.18,1.4,1218,277,4.4,0.598341,2026-10-02
MU,1074.89,2026-10-09,6,Call,1150,-0.07%,5.6,5.67,5.75,5099,1158,4.4,0.159179,2026-10-02
GLW,164.19,2026-10-16,13,Call,172.5,-0.05%,3.75,3.92,4.1,729,166,4.39,0.347975,2026-10-02
BMY,61.15,2026-10-09,6,Call,62,-0.01%,0.55,0.62,0.72,1125,256,4.39,0.375114,2026-10-02
AMC,2.77,2026-11-06,35,Put,3,+0.08%,0.41,0.47,0.54,932,213,4.38,-0.542245,2026-10-02
NU,13.43,2026-10-30,27,Call,13.5,-0.01%,0.8,0.84,0.91,1643,375,4.38,0.526687,2026-10-02
NU,13.43,2026-10-16,13,Put,12.5,-0.07%,0.2,0.22,0.24,27546,6308,4.37,-0.237814,2026-10-02
LEN,79.81,2026-10-16,13,Put,80,0.00%,2.65,2.91,3.3,2172,498,4.36,-0.490202,2026-10-02
NVDA,233.95,2026-11-13,42,Call,265,-0.13%,1.2,1.25,1.29,657,151,4.35,0.116612,2026-10-02
AAOI,115.59,2026-10-09,6,Put,115,-0.01%,4.6,4.9,5,577,133,4.34,-0.457675,2026-10-02
ARM,307.49,2026-10-09,6,Call,325,-0.06%,4.55,4.6,4.7,2333,538,4.34,0.284082,2026-10-02
PYPL,52.8,2026-10-09,6,Call,54,-0.02%,0.44,0.47,0.56,3335,768,4.34,0.323889,2026-10-02
TSM,472.78,2026-10-09,6,Call,490,-0.04%,1.76,1.93,1.99,3033,701,4.33,0.188383,2026-10-02
AVGO,355.14,2026-10-05,2,Put,357.5,+0.01%,4.15,4.22,4.5,663,153,4.33,-0.61559,2026-10-02
NVDA,233.95,2026-10-07,4,Put,240,+0.03%,5.8,6.6,7.3,917,212,4.33,-0.829002,2026-10-02
LEN,79.81,2026-10-09,6,Call,85,-0.07%,0.15,0.35,0.4,544,126,4.32,0.129617,2026-10-02
AAOI,115.59,2026-10-09,6,Put,110,-0.05%,2.4,2.56,2.7,549,127,4.32,-0.302406,2026-10-02
META,728.08,2026-10-07,4,Call,760,-0.04%,1.46,1.55,1.64,547,127,4.31,0.121866,2026-10-02
ORCL,142.3,2026-10-16,13,Put,143,0.00%,5.6,5.73,5.8,1401,325,4.31,-0.498572,2026-10-02
INTC,119.33,2026-10-02,0,Put,120,+0.01%,0.65,0.69,0.86,40418,9422,4.29,-0.794416,2026-10-02
ORCL,142.3,2026-10-16,13,Call,142,0.00%,5.25,5.3,5.4,2068,484,4.27,0.530962,2026-10-02
MSTR,160.01,2026-10-02,0,Put,162.5,+0.02%,2.5,2.75,3,8612,2016,4.27,-0.815327,2026-10-02
MU,1074.89,2026-10-02,0,Put,1100,+0.02%,24.4,25.7,26.45,7986,1875,4.26,-0.943768,2026-10-02
BA,193.56,2026-10-09,6,Call,200,-0.03%,1.26,1.33,1.47,10158,2388,4.25,0.253087,2026-10-02
MSTR,160.01,2026-10-09,6,Put,137,-0.14%,0.03,0.2,0.22,1000,236,4.24,-0.024809,2026-10-02
NKE,33.87,2029-01-19,840,Call,20,+0.41%,15.45,15.95,16.25,1353,319,4.24,0.823933,2026-10-02
AFRM,70.77,2026-10-09,6,Put,70,-0.01%,1.35,1.45,1.71,574,136,4.22,-0.419676,2026-10-02
DKNG,18.59,2027-05-21,230,Put,17.5,-0.06%,2.49,2.74,3.45,900,214,4.21,-0.340244,2026-10-02
SMCI,43.69,2026-10-30,27,Call,51,-0.17%,1.08,1.11,1.14,1128,268,4.21,0.244338,2026-10-02
RKT,11.7,2026-10-09,6,Put,12,+0.03%,0.49,0.53,0.56,3060,726,4.21,-0.613712,2026-10-02
NVDA,233.95,2026-10-30,27,Put,235,0.00%,7.6,7.7,7.75,2506,596,4.2,-0.497157,2026-10-02
SNDK,1719.99,2026-10-09,6,Call,1700,+0.01%,61.9,62.76,63.6,945,225,4.2,0.579632,2026-10-02
NVDA,233.95,2026-10-12,9,Put,227.5,-0.03%,1.32,1.45,1.5,603,144,4.19,-0.239753,2026-10-02
BBD,3.65,2026-12-18,77,Put,3.5,-0.04%,0.25,0.3,0.3,2600,621,4.19,-0.375439,2026-10-02
TSLA,370.59,2026-10-07,4,Call,385,-0.04%,1.33,1.36,1.39,2447,585,4.18,0.175278,2026-10-02
RDDT,147.86,2026-10-30,27,Call,150,-0.01%,10.5,10.83,11,1044,250,4.18,0.515562,2026-10-02
META,728.08,2026-10-07,4,Call,775,-0.06%,0.54,0.61,0.63,551,132,4.17,0.051534,2026-10-02
OKLO,35.87,2026-10-09,6,Call,36.5,-0.02%,0.89,0.96,0.96,588,141,4.17,0.436741,2026-10-02
KSS,18.81,2026-10-09,6,Call,18,+0.04%,0.97,1.08,1.18,722,173,4.17,0.725142,2026-10-02
MRNA,190.01,2026-10-09,6,Put,160,-0.16%,0.35,0.48,0.5,855,205,4.17,-0.0482,2026-10-02
AVGO,355.14,2026-10-07,4,Call,360,-0.01%,2.87,3.1,3.2,1254,301,4.17,0.360853,2026-10-02
ARM,307.49,2026-10-09,6,Call,340,-0.11%,2.07,2.08,2.14,1641,394,4.16,0.149524,2026-10-02
META,728.08,2026-10-05,2,Put,730,0.00%,6.5,7.2,7.2,3105,748,4.15,-0.544572,2026-10-02
TRI,97.62,2026-10-16,13,Call,110,-0.13%,0.15,0.24,0.45,747,180,4.15,0.08326,2026-10-02
SPCX,158.96,2026-10-09,6,Put,165,+0.04%,7.4,7.5,7.45,897,216,4.15,-0.73053,2026-10-02
NKE,33.87,2026-10-30,27,Put,33,-0.03%,0.77,0.82,0.88,1901,458,4.15,-0.3708,2026-10-02
XPEV,9.25,2027-01-15,105,Call,8,+0.14%,1.77,1.84,1.95,600,145,4.14,0.746237,2026-10-02
CBRS,166.43,2026-10-09,6,Put,167.5,+0.01%,6.2,6.56,7,627,152,4.13,-0.507443,2026-10-02
LEN,79.81,2026-10-16,13,Put,75,-0.06%,0.8,0.92,1.05,3902,944,4.13,-0.222161,2026-10-02
SKHY,195.13,2026-10-09,6,Call,205,-0.05%,1.67,1.7,1.72,2460,597,4.12,0.236009,2026-10-02
AMD,633.91,2026-10-05,2,Call,667.5,-0.05%,0.17,0.22,0.21,565,137,4.12,0.029089,2026-10-02
NFLX,67.06,2026-10-30,27,Call,68,-0.01%,3,3.03,3.05,787,192,4.1,0.490113,2026-10-02
FSLR,174.61,2026-10-09,6,Call,180,-0.03%,2.11,2.1,2.16,675,165,4.09,0.321529,2026-10-02
META,728.08,2026-10-05,2,Call,730,0.00%,4.7,5,5,4473,1094,4.09,0.454354,2026-10-02
IREN,41.76,2026-10-02,0,Put,43,+0.03%,1.16,1.28,1.3,7206,1767,4.08,-0.90211,2026-10-02
WDC,415.29,2026-10-16,13,Put,415,0.00%,18.05,20,20.1,571,140,4.08,-0.470613,2026-10-02
HPE,69.33,2026-10-09,6,Call,75,-0.08%,0.52,0.61,0.6,734,180,4.08,0.184692,2026-10-02
UNH,371.9,2026-10-09,6,Call,372.5,0.00%,6.8,7.04,7.35,500,123,4.07,0.498518,2026-10-02
CRWD,270.04,2028-01-21,476,Call,360,-0.33%,50.05,53.48,55.7,721,177,4.07,0.509071,2026-10-02
AGNC,8.79,2027-01-15,105,Call,8,+0.09%,0.9,1.03,1.01,1108,272,4.07,0.756339,2026-10-02
MRNA,190.01,2026-10-09,6,Call,190,0.00%,7.2,8,8.15,1303,320,4.07,0.522775,2026-10-02
RILY,4.86,2026-10-16,13,Call,5,-0.03%,0.26,0.28,0.28,1909,469,4.07,0.451487,2026-10-02
DVN,47.65,2026-10-09,6,Call,47.5,0.00%,0.9,0.95,1,653,161,4.06,0.538104,2026-10-02
SLS,11.74,2026-10-09,6,Call,11.5,+0.02%,0.5,0.65,1,1331,328,4.06,0.589491,2026-10-02
DVN,47.65,2027-06-17,257,Call,55,-0.15%,3.1,3.3,3.6,1502,370,4.06,0.383704,2026-10-02
GME,24.7,2026-10-09,6,Call,20,+0.19%,4.3,4.74,5.15,3983,980,4.06,0.972656,2026-10-02
ON,84.89,2026-10-02,0,Call,85,0.00%,0.01,0.14,0.43,2835,700,4.05,0.441644,2026-10-02
AVGO,355.14,2026-10-12,9,Call,370,-0.04%,1.98,2.33,2.62,652,161,4.05,0.224187,2026-10-02
PL,17.5,2026-10-09,6,Call,18.5,-0.06%,0.2,0.27,0.3,513,127,4.04,0.278007,2026-10-02
NKE,33.87,2027-01-15,105,Call,22.5,+0.34%,10.45,10.8,12,562,139,4.04,0.984011,2026-10-02
DELL,562.52,2027-03-19,167,Put,500,-0.11%,58.5,59.83,61.9,610,151,4.04,-0.301684,2026-10-02
AM,20.36,2027-01-15,105,Call,23,-0.13%,0.2,0.3,0.35,500,124,4.03,0.194565,2026-10-02
SPCX,158.96,2026-10-23,20,Put,157.5,-0.01%,5.5,5.5,5.6,689,171,4.03,-0.437056,2026-10-02
AMD,633.91,2026-10-09,6,Put,635,0.00%,14.75,14.95,15.4,741,184,4.03,-0.496751,2026-10-02
MU,1074.89,2026-10-05,2,Put,1055,-0.02%,4.9,5.05,5.1,895,222,4.03,-0.257165,2026-10-02
TSLA,370.59,2026-10-05,2,Call,392.5,-0.06%,0.12,0.13,0.13,1019,253,4.03,0.029366,2026-10-02
IONQ,43.77,2026-10-09,6,Put,43,-0.02%,1.08,1.15,1.32,1087,270,4.03,-0.402346,2026-10-02
AG,17.67,2026-10-09,6,Put,18,+0.02%,0.63,0.68,0.73,945,235,4.02,-0.587066,2026-10-02
NVTS,12.4,2026-10-09,6,Call,13.5,-0.09%,0.16,0.17,0.17,4349,1085,4.01,0.228194,2026-10-02
RIVN,14.3,2026-10-30,27,Call,14,+0.02%,1.16,1.27,1.36,582,145,4.01,0.587613,2026-10-02
VIAV,47.1,2026-10-16,13,Call,55,-0.17%,0.5,0.55,0.7,601,150,4.01,0.170302,2026-10-02
IBM,222.64,2026-10-09,6,Put,215,-0.03%,0.89,1,1.12,1003,251,4,-0.193094,2026-10-02
AAPL,333.69,2026-10-09,6,Put,345,+0.03%,11.05,11.69,12.3,1598,400,4,-0.890326,2026-10-02
IBM,222.64,2026-10-09,6,Put,212.5,-0.05%,0.52,0.62,0.69,523,131,3.99,-0.12767,2026-10-02
JANX,16.93,2026-12-18,77,Put,20,+0.18%,3.5,4.3,5.3,850,213,3.99,-0.601899,2026-10-02
COIN,183,2026-10-09,6,Call,205,-0.12%,0.62,0.63,0.7,2959,742,3.99,0.095216,2026-10-02
NFLX,67.06,2026-11-20,49,Call,67.5,-0.01%,3.95,3.94,4.05,3017,757,3.99,0.526983,2026-10-02
BE,289.15,2026-10-09,6,Call,315,-0.09%,2.49,2.72,2.84,636,160,3.98,0.189947,2026-10-02
BE,289.15,2026-11-13,42,Put,230,-0.20%,6.6,7.15,7.95,799,201,3.98,-0.157815,2026-10-02
IREN,41.76,2026-10-02,0,Call,41,+0.02%,0.7,0.76,0.84,7287,1841,3.96,0.966044,2026-10-02
STX,848.99,2026-10-16,13,Put,410,-0.52%,0,1.12,0.1,546,138,3.96,-0.000837,2026-10-02
MP,46.97,2026-10-09,6,Call,51,-0.09%,0.18,0.2,0.27,637,161,3.96,0.135761,2026-10-02
IBRX,10.28,2026-11-20,49,Put,9,-0.12%,0.5,0.9,1,658,166,3.96,-0.283123,2026-10-02
AMD,633.91,2026-10-05,2,Call,652.5,-0.03%,1.06,1.15,1.16,947,239,3.96,0.135715,2026-10-02
GOOGL,343.5,2026-11-06,35,Call,350,-0.02%,11.8,12.34,12.5,577,146,3.95,0.463985,2026-10-02
MSFT,517.53,2026-10-02,0,Put,520,0.00%,1.85,2.55,2.96,3527,894,3.95,-0.892051,2026-10-02
TSLA,370.59,2026-10-09,6,Call,385,-0.04%,2.45,2.51,2.53,10896,2755,3.95,0.234761,2026-10-02
CVX,206.69,2026-10-16,13,Call,215,-0.04%,1.17,1.26,1.26,2674,678,3.94,0.216598,2026-10-02
WMT,104.26,2026-10-09,6,Call,105,-0.01%,0.83,0.89,0.92,6129,1555,3.94,0.413955,2026-10-02
QCOM,184.87,2026-10-09,6,Put,177.5,-0.04%,1.31,1.37,1.53,551,140,3.94,-0.226876,2026-10-02
META,728.08,2026-10-05,2,Put,715,-0.02%,1.38,1.45,1.61,798,203,3.93,-0.182643,2026-10-02
ROKU,152.39,2026-10-16,13,Call,160,-0.05%,0.07,0.25,0.5,1310,333,3.93,0.106017,2026-10-02
VST,140.02,2026-10-02,0,Call,135,+0.04%,3.15,4.25,5.6,541,138,3.92,0.989195,2026-10-02
MU,1074.89,2026-10-05,2,Put,1005,-0.07%,0.31,0.34,0.36,650,166,3.92,-0.023859,2026-10-02
AAPL,333.69,2026-10-07,4,Call,342.5,-0.03%,0.38,0.44,0.44,1617,413,3.92,0.117874,2026-10-02
TSLA,370.59,2026-10-09,6,Call,380,-0.03%,3.65,3.7,3.75,11697,2987,3.92,0.319296,2026-10-02
WDC,415.29,2026-10-16,13,Call,460,-0.11%,6,6.25,6.7,2433,622,3.91,0.226106,2026-10-02
MSTR,160.01,2026-10-09,6,Call,157.5,+0.02%,6.25,6.35,6.45,5484,1404,3.91,0.598705,2026-10-02
ZETA,32.63,2026-10-30,27,Call,35,-0.07%,1.12,1.35,1.4,1050,269,3.9,0.37196,2026-10-02
RKT,11.7,2026-10-02,0,Put,12.5,+0.07%,0.71,0.8,0.91,3679,944,3.9,-0.945792,2026-10-02
F,12.1,2026-10-09,6,Call,12,+0.01%,0.25,0.27,0.27,4222,1084,3.89,0.583294,2026-10-02
HOOD,112.74,2026-10-02,0,Put,117,+0.04%,4.15,4.12,4.35,4889,1258,3.89,-0.980722,2026-10-02
AUR,5.67,2026-10-02,0,Call,2.5,+0.56%,3,3.1,3.4,513,132,3.89,0.975357,2026-10-02
SNOW,341.04,2026-10-02,0,Put,340,0.00%,0.06,0.2,0.36,996,257,3.88,-0.237345,2026-10-02
MCD,231.89,2026-10-02,0,Call,230,+0.01%,1.71,2.05,2.44,1203,310,3.88,0.830917,2026-10-02
MKC,44.67,2026-12-18,77,Call,50,-0.12%,0.6,0.62,0.65,1317,339,3.88,0.205373,2026-10-02
INTC,119.33,2026-10-09,6,Put,125,+0.05%,7.2,7.1,7.4,1496,386,3.88,-0.705769,2026-10-02
RUM,7.57,2026-10-09,6,Put,14.5,+0.92%,6.3,6.56,7.1,509,132,3.86,-0.988287,2026-10-02
GME,24.7,2026-10-30,27,Put,25,+0.01%,1.5,1.57,1.7,1035,268,3.86,-0.506563,2026-10-02
AVGO,355.14,2026-10-05,2,Put,345,-0.03%,0.37,0.38,0.41,2178,564,3.86,-0.100096,2026-10-02
F,12.1,2026-10-23,20,Call,12.5,-0.03%,0.2,0.23,0.25,2455,638,3.85,0.35549,2026-10-02
SPCX,158.96,2026-10-09,6,Call,165,-0.04%,1.48,1.5,1.5,18976,4930,3.85,0.27232,2026-10-02
MSTR,160.01,2026-10-09,6,Call,160,0.00%,5,5.05,5.1,24380,6334,3.85,0.519184,2026-10-02
CRDO,218.64,2026-10-09,6,Call,250,-0.14%,1.05,1.2,1.35,547,142,3.85,0.11227,2026-10-02
AAPL,333.69,2026-11-06,35,Call,350,-0.05%,4.2,4.45,4.7,2826,735,3.84,0.291949,2026-10-02
BMNR,26.27,2026-10-09,6,Call,29.5,-0.12%,0.11,0.16,0.18,2554,667,3.83,0.122166,2026-10-02
GOOG,340.35,2026-10-02,0,Put,342.5,+0.01%,1.8,2.15,2.6,3022,789,3.83,-0.910217,2026-10-02
MU,1074.89,2026-10-09,6,Put,1055,-0.02%,16.8,16.96,17.7,563,147,3.83,-0.366196,2026-10-02
BE,289.15,2026-10-09,6,Put,280,-0.03%,5.7,6.05,6.15,1716,448,3.83,-0.337701,2026-10-02
SOUN,5.84,2026-10-09,6,Call,5.5,+0.06%,0.34,0.35,0.4,642,168,3.82,0.854572,2026-10-02
NFLX,67.06,2026-10-09,6,Put,67,0.00%,0.93,0.95,0.98,5677,1487,3.82,-0.477649,2026-10-02
RIVN,14.3,2026-10-09,6,Call,14.5,-0.01%,0.32,0.36,0.37,7203,1891,3.81,0.445257,2026-10-02
NOW,134.38,2026-10-09,6,Put,133,-0.01%,2.6,2.73,2.7,526,138,3.81,-0.418762,2026-10-02
AMZN,251.52,2026-10-07,4,Put,247.5,-0.02%,1.15,1.23,1.43,804,211,3.81,-0.280492,2026-10-02
INTC,119.33,2026-10-02,0,Put,130,+0.09%,10.6,10.02,10.8,999,262,3.81,-0.98015,2026-10-02
PBR,21.65,2026-10-23,20,Call,20.5,+0.05%,1.63,1.5,1.79,1170,307,3.81,0.694057,2026-10-02
APP,268.22,2026-10-02,0,Put,267.5,0.00%,0.2,0.45,0.5,1544,405,3.81,-0.324437,2026-10-02
CHWY,18.17,2026-10-09,6,Put,18,-0.01%,0.28,0.34,0.4,570,150,3.8,-0.421423,2026-10-02
DELL,562.52,2026-10-02,0,Put,570,+0.01%,6.1,8.03,9.5,611,161,3.8,-0.883147,2026-10-02
ORCL,142.3,2026-10-02,0,Call,141,+0.01%,1.32,1.5,1.57,8746,2309,3.79,0.82395,2026-10-02
MU,1074.89,2026-10-30,27,Put,935,-0.13%,9.85,10.65,11.75,576,152,3.79,-0.135669,2026-10-02
MU,1074.89,2026-11-20,49,Call,1390,-0.29%,11.45,11.85,12.05,1014,268,3.78,0.121201,2026-10-02
BE,289.15,2026-10-09,6,Put,277.5,-0.04%,4.8,5.3,5.25,1123,297,3.78,-0.300536,2026-10-02
BA,193.56,2026-10-09,6,Call,202.5,-0.05%,0.75,0.82,0.85,2937,778,3.78,0.170349,2026-10-02
NVDA,233.95,2026-10-07,4,Put,225,-0.04%,0.39,0.41,0.41,5117,1353,3.78,-0.108462,2026-10-02
HOOD,112.74,2026-10-09,6,Call,115,-0.02%,2.2,2.28,2.5,8213,2172,3.78,0.410881,2026-10-02
MSFT,517.53,2026-10-02,0,Call,515,0.00%,1.59,2.55,3.4,26146,6922,3.78,0.986125,2026-10-02
SPCX,158.96,2026-10-16,13,Put,152.5,-0.04%,2.39,2.44,2.42,3382,896,3.77,-0.28589,2026-10-02
ASTS,58.45,2026-10-02,0,Call,58,+0.01%,0.3,0.53,0.54,5362,1421,3.77,0.78235,2026-10-02
NKE,33.87,2026-10-09,6,Put,32,-0.06%,0.1,0.1,0.11,5896,1562,3.77,-0.122854,2026-10-02
PURR,11.89,2026-10-09,6,Put,11,-0.07%,0.15,0.21,0.25,927,246,3.77,-0.232815,2026-10-02
RDDT,147.86,2026-10-23,20,Call,165,-0.12%,2.48,2.7,2.8,993,264,3.76,0.237038,2026-10-02
PYPL,52.8,2026-10-09,6,Call,53,0.00%,0.78,0.84,0.88,1389,369,3.76,0.47809,2026-10-02
AMZN,251.52,2026-10-05,2,Call,255,-0.01%,0.46,0.49,0.6,19861,5287,3.76,0.217155,2026-10-02
GME,24.7,2026-10-02,0,Call,24.5,+0.01%,0.17,0.18,0.18,31697,8462,3.75,0,2026-10-02
BKNG,159.02,2027-12-17,441,Call,212,-0.33%,9.1,13.3,14.2,582,155,3.75,0.335856,2026-10-02
NVDA,233.95,2026-10-09,6,Put,245,+0.05%,11,11.4,11.6,1305,348,3.75,-0.911409,2026-10-02
APP,268.22,2026-10-16,13,Put,265,-0.01%,8.1,7.95,9.5,718,192,3.74,-0.427336,2026-10-02
TSLA,370.59,2026-10-12,9,Call,385,-0.04%,3,3.06,3.15,733,196,3.74,0.25781,2026-10-02
SPCX,158.96,2026-10-23,20,Put,139,-0.13%,0.8,0.82,0.83,1078,288,3.74,-0.095897,2026-10-02
AAPL,333.69,2026-11-06,35,Call,360,-0.08%,2.06,2.35,2.35,3354,897,3.74,0.172549,2026-10-02
FLG,11.7,2026-10-16,13,Call,12,-0.03%,0.1,0.2,0.25,3107,833,3.73,0.362107,2026-10-02
TSLA,370.59,2026-10-07,4,Call,377.5,-0.02%,2.95,3,3.05,3268,876,3.73,0.326894,2026-10-02
WDC,415.29,2026-10-09,6,Put,400,-0.04%,5.9,6.85,7.5,2272,613,3.71,-0.303168,2026-10-02
SPCX,158.96,2026-10-09,6,Put,152.5,-0.04%,1.19,1.19,1.22,14721,3970,3.71,-0.223077,2026-10-02
MU,1074.89,2026-10-09,6,Call,1095,-0.02%,17.4,18.19,18.35,987,266,3.71,0.396572,2026-10-02
AAPL,333.69,2026-10-12,9,Call,332.5,0.00%,4.5,5.37,5.4,838,227,3.69,0.562569,2026-10-02
WMT,104.26,2026-10-23,20,Call,105,-0.01%,1.8,1.91,2.05,1333,361,3.69,0.469007,2026-10-02
NBIS,242.81,2026-10-09,6,Put,237.5,-0.02%,6.25,6.25,6.45,647,176,3.68,-0.385038,2026-10-02
MU,1074.89,2026-10-02,0,Put,1120,+0.04%,44.45,44.75,46.5,755,205,3.68,-0.958438,2026-10-02
PLTR,188.75,2026-10-09,6,Put,175,-0.07%,0.48,0.5,0.5,4574,1244,3.68,-0.09245,2026-10-02
COIN,183,2026-10-02,0,Put,185,+0.01%,1.85,2.08,2.33,5449,1482,3.68,-0.878308,2026-10-02
NVDA,233.95,2026-10-05,2,Put,227.5,-0.03%,0.15,0.16,0.17,9837,2684,3.67,-0.07626,2026-10-02
TSM,472.78,2026-10-09,6,Call,487.5,-0.03%,2.15,2.35,2.6,726,198,3.67,0.226238,2026-10-02
APLD,25.38,2026-10-09,6,Call,28.5,-0.12%,0.58,0.62,0.7,1252,341,3.67,0.269949,2026-10-02
CRCL,81.25,2026-10-09,6,Call,82,-0.01%,2.22,2.47,2.46,1690,461,3.67,0.4749,2026-10-02
MSFT,517.53,2027-04-16,195,Put,405,-0.22%,7.15,7.61,7.75,593,162,3.66,-0.111954,2026-10-02
RIVN,14.3,2026-10-16,13,Call,14.5,-0.01%,0.49,0.52,0.59,2747,750,3.66,0.476033,2026-10-02
STX,848.99,2026-10-09,6,Put,750,-0.12%,1.9,2.2,2.5,519,142,3.65,-0.066812,2026-10-02
NVTS,12.4,2026-10-09,6,Put,12,-0.03%,0.29,0.31,0.33,1037,284,3.65,-0.350776,2026-10-02
HOOD,112.74,2026-10-09,6,Put,114,+0.01%,3.75,3.8,3.9,1094,300,3.65,-0.545895,2026-10-02
HPE,69.33,2026-10-09,6,Put,65,-0.06%,0.62,0.63,0.7,809,222,3.64,-0.201,2026-10-02
CRML,7.03,2026-10-16,13,Put,6.5,-0.08%,0.25,0.28,0.3,1120,308,3.64,-0.300724,2026-10-02
AVGO,355.14,2026-10-09,6,Call,357.5,-0.01%,5.2,5.45,5.45,2485,682,3.64,0.454496,2026-10-02
AMZN,251.52,2026-10-05,2,Call,250,+0.01%,2.36,2.46,2.61,7976,2194,3.64,0.657791,2026-10-02
MXL,105.93,2026-10-16,13,Call,125,-0.18%,2.25,2.37,2.45,2378,656,3.63,0.221565,2026-10-02
SNDK,1719.99,2026-10-09,6,Put,1650,-0.04%,22.2,22.52,22.9,1177,324,3.63,-0.274175,2026-10-02
MSTR,160.01,2026-10-02,0,Put,170,+0.06%,8.85,11.21,11.8,1494,412,3.63,-0.899653,2026-10-02
COST,920.65,2026-10-02,0,Call,917.5,0.00%,2.35,2.65,7.2,597,165,3.62,0.674402,2026-10-02
NOW,134.38,2026-10-09,6,Put,134,0.00%,3.05,3.1,3.15,691,191,3.62,-0.466141,2026-10-02
RDDT,147.86,2026-10-09,6,Call,149,-0.01%,3.1,3.8,3.85,750,207,3.62,0.471601,2026-10-02
SNDK,1719.99,2026-10-02,0,Call,1710,+0.01%,8.5,9.97,10.7,1119,309,3.62,0.999499,2026-10-02
LUNR,14.71,2026-10-09,6,Put,15,+0.02%,0.69,0.75,0.85,1256,347,3.62,-0.551668,2026-10-02
MSFT,517.53,2026-10-09,6,Put,502.5,-0.03%,1.52,1.65,1.87,505,140,3.61,-0.179256,2026-10-02
PURR,11.89,2026-10-09,6,Put,12,+0.01%,0.6,0.67,0.85,1428,396,3.61,-0.496432,2026-10-02
AAOI,115.59,2026-10-09,6,Call,120,-0.04%,3.4,3.4,3.6,3184,881,3.61,0.396253,2026-10-02
INTC,119.33,2026-10-07,4,Call,125,-0.05%,1,0.99,1.06,3292,913,3.61,0.240858,2026-10-02
BTDR,11.02,2026-10-02,0,Call,4,+0.64%,6.9,7,7.2,526,146,3.6,0.987357,2026-10-02
GEMI,4.67,2026-10-02,0,Call,3,+0.36%,1.4,1.68,2,623,173,3.6,0.952729,2026-10-02
UNH,371.9,2026-10-09,6,Put,367.5,-0.01%,4.85,4.8,5.3,739,205,3.6,-0.391268,2026-10-02
MU,1074.89,2026-10-07,4,Put,1050,-0.02%,10.6,10.73,11.1,1092,303,3.6,-0.307801,2026-10-02
XFOR,2.83,2027-03-19,167,Call,5,-0.77%,0.2,0.25,3.9,1803,501,3.6,0.847646,2026-10-02
HOOD,112.74,2026-10-02,0,Put,116,+0.03%,3.15,3.26,3.35,6200,1726,3.59,-0.976516,2026-10-02
MRNA,190.01,2026-10-02,0,Call,190,0.00%,0.4,0.43,0.52,7670,2142,3.58,0.511886,2026-10-02
HPE,69.33,2026-11-20,49,Put,70,+0.01%,6.4,6.5,6.7,516,144,3.58,-0.465244,2026-10-02
ARM,307.49,2026-10-09,6,Put,300,-0.02%,6.95,6.93,7.2,817,228,3.58,-0.368838,2026-10-02
SPCX,158.96,2026-11-06,35,Put,145,-0.09%,3.55,3.55,3.7,1571,439,3.58,-0.239228,2026-10-02
META,728.08,2026-10-05,2,Put,725,0.00%,4.15,4.22,4.5,810,227,3.57,-0.408821,2026-10-02
MU,1074.89,2026-10-05,2,Call,1055,+0.02%,23.9,24.83,25.2,890,249,3.57,0.754642,2026-10-02
SKHY,195.13,2026-10-09,6,Put,182.5,-0.06%,0.89,0.9,0.92,1196,335,3.57,-0.138585,2026-10-02
IREN,41.76,2026-10-02,0,Call,41.5,+0.01%,0.23,0.27,0.33,4774,1341,3.56,0.868908,2026-10-02
MSTR,160.01,2026-10-09,6,Call,165,-0.03%,3.05,3.15,3.2,28800,8085,3.56,0.369186,2026-10-02
VST,140.02,2026-10-09,6,Call,141,-0.01%,2.93,3.08,3.35,539,152,3.55,0.472403,2026-10-02
INTC,119.33,2026-10-23,20,Put,97,-0.19%,0.82,0.78,0.86,1065,300,3.55,-0.087172,2026-10-02
META,728.08,2026-10-07,4,Call,735,-0.01%,6.8,7.05,7.25,641,181,3.54,0.402209,2026-10-02
META,728.08,2026-10-05,2,Put,705,-0.03%,0.4,0.42,0.45,686,194,3.54,-0.062676,2026-10-02
CVNA,63.77,2026-10-02,0,Put,64,0.00%,0.12,0.33,0.45,2135,605,3.53,-0.731092,2026-10-02
MRNA,190.01,2026-10-02,0,Call,185,+0.03%,4.6,5.05,5.45,954,270,3.53,0.978235,2026-10-02
KTOS,43.07,2026-11-20,49,Call,45,-0.04%,3,3.2,3.9,1526,432,3.53,0.485164,2026-10-02
CRWV,89.62,2026-10-09,6,Put,91,+0.02%,3.8,3.9,3.95,591,168,3.52,-0.549453,2026-10-02
TSLA,370.59,2026-10-12,9,Call,375,-0.01%,6,6.05,6.25,1975,561,3.52,0.430367,2026-10-02
NVDA,233.95,2026-10-09,6,Call,237.5,-0.02%,1.92,1.95,1.97,17629,5019,3.51,0.350139,2026-10-02
COIN,183,2028-06-16,622,Call,300,-0.64%,36.95,37.6,39.65,526,150,3.51,0.482711,2026-10-02
PM,187.46,2026-10-30,27,Call,195,-0.04%,3.5,3.8,4.4,636,181,3.51,0.353688,2026-10-02
AAOI,115.59,2026-10-09,6,Call,135,-0.17%,0.7,0.78,1,688,196,3.51,0.12361,2026-10-02
SNDK,1719.99,2026-10-09,6,Put,1700,-0.01%,41,42,41.8,1173,334,3.51,-0.420621,2026-10-02
AMD,633.91,2026-10-09,6,Call,640,-0.01%,11.85,12.1,12.65,7597,2169,3.5,0.451235,2026-10-02
TSLA,370.59,2026-10-07,4,Put,352.5,-0.05%,0.6,0.64,0.64,1582,453,3.49,-0.091874,2026-10-02
COHR,337.04,2026-10-09,6,Call,340,-0.01%,10.1,11,11.9,1339,385,3.48,0.482804,2026-10-02
TSLA,370.59,2026-10-07,4,Put,357.5,-0.04%,1.17,1.22,1.23,1450,417,3.48,-0.161241,2026-10-02
SPCX,158.96,2026-10-09,6,Put,148,-0.07%,0.5,0.51,0.51,9639,2766,3.48,-0.107962,2026-10-02
QCOM,184.87,2026-10-09,6,Call,190,-0.03%,2.18,2.3,2.35,3243,935,3.47,0.330841,2026-10-02
KEEL,3.62,2026-10-09,6,Put,4,+0.10%,0.38,0.41,0.51,1002,289,3.47,-0.751596,2026-10-02
AVGO,355.14,2026-10-07,4,Call,357.5,-0.01%,3.8,4.05,4.15,674,195,3.46,0.436293,2026-10-02
ORCL,142.3,2027-12-17,441,Call,360,-1.53%,4.4,5.1,5.6,3070,887,3.46,0.138852,2026-10-02
TSLA,370.59,2026-10-07,4,Call,370,0.00%,5.9,6,6.6,4942,1428,3.46,0.528182,2026-10-02
HOOD,112.74,2026-10-09,6,Call,120,-0.06%,0.9,0.91,1,13363,3863,3.46,0.210157,2026-10-02
NVDA,233.95,2026-10-09,6,Put,225,-0.04%,0.69,0.71,0.73,29685,8598,3.45,-0.149039,2026-10-02
SPCX,158.96,2026-10-30,27,Put,157.5,-0.01%,6.7,6.75,6.8,642,186,3.45,-0.438331,2026-10-02
JOBY,5.95,2026-10-09,6,Call,6,-0.01%,0.1,0.15,0.15,731,212,3.45,0.462353,2026-10-02
FCX,72.04,2026-10-09,6,Put,66,-0.08%,0.19,0.23,0.32,1017,295,3.45,-0.101595,2026-10-02
AMZN,251.52,2026-10-07,4,Call,257.5,-0.02%,0.75,0.75,0.9,1858,539,3.45,0.209455,2026-10-02
INTC,119.33,2026-10-05,2,Call,121,-0.01%,1.07,1.07,1.11,4056,1179,3.44,0.364122,2026-10-02
TSM,472.78,2026-10-09,6,Call,480,-0.02%,4.2,4.2,4.5,7030,2042,3.44,0.35899,2026-10-02
ASST,30.03,2026-10-09,6,Put,29.5,-0.02%,0.7,0.77,0.85,1003,293,3.42,-0.39917,2026-10-02
MRNA,190.01,2026-10-09,6,Put,165,-0.13%,0.75,0.75,0.78,1212,354,3.42,-0.080743,2026-10-02
OSCR,30.94,2027-01-15,105,Call,31,0.00%,4.5,4.6,4.8,1452,425,3.42,0.583728,2026-10-02
GOOGL,343.5,2026-10-05,2,Put,340,-0.01%,0.93,1.01,1.13,7200,2113,3.41,-0.274274,2026-10-02
BMNR,26.27,2026-10-02,0,Call,26,+0.01%,0.19,0.26,0.3,5062,1487,3.4,0.918138,2026-10-02
SKHY,195.13,2026-10-16,13,Put,182.5,-0.06%,2.31,2.3,2.34,565,166,3.4,-0.216337,2026-10-02
MRNA,190.01,2026-10-09,6,Put,177.5,-0.07%,2.79,3.21,2.98,713,210,3.4,-0.23724,2026-10-02
RKLB,73.92,2026-10-16,13,Call,79,-0.07%,1.93,1.97,2.07,905,266,3.4,0.33389,2026-10-02
QBTS,15.77,2026-10-09,6,Put,16,+0.01%,0.62,0.63,0.66,2410,710,3.39,-0.551142,2026-10-02
NBIS,242.81,2026-10-02,0,Call,242.5,0.00%,0.61,0.67,0.76,3259,965,3.38,0.606635,2026-10-02
DKNG,18.59,2026-10-09,6,Call,20,-0.08%,0.13,0.13,0.17,3874,1147,3.38,0.19124,2026-10-02
AA,41.95,2026-10-09,6,Call,45,-0.07%,0.1,0.16,0.16,561,166,3.38,0.114828,2026-10-02
VST,140.02,2026-10-23,20,Call,165,-0.18%,0.35,0.52,0.7,608,180,3.38,0.078464,2026-10-02
ARM,307.49,2026-10-09,6,Call,315,-0.02%,7.45,7.6,7.75,672,199,3.38,0.411179,2026-10-02
RKLB,73.92,2026-11-20,49,Call,105,-0.42%,1.42,1.48,1.57,844,250,3.38,0.150743,2026-10-02
PDD,75.38,2026-11-20,49,Call,75,+0.01%,4,4.2,4.35,1043,309,3.38,0.557884,2026-10-02
MRVL,272.29,2026-10-09,6,Call,245,+0.10%,28.9,29.61,29.4,924,274,3.37,0.87469,2026-10-02
AMD,633.91,2026-10-09,6,Call,750,-0.18%,0.05,0.14,0.22,1193,354,3.37,0.009234,2026-10-02
AAPL,333.69,2026-10-05,2,Put,327.5,-0.02%,0.22,0.22,0.26,5899,1754,3.36,-0.101058,2026-10-02
META,728.08,2026-10-09,6,Call,710,+0.02%,23.85,24.16,25.1,713,212,3.36,0.719503,2026-10-02
WDC,415.29,2026-10-09,6,Put,395,-0.05%,5.25,5.73,5.75,984,293,3.36,-0.25613,2026-10-02
MSTR,160.01,2026-10-09,6,Put,146,-0.09%,0.67,0.77,0.77,1368,407,3.36,-0.113431,2026-10-02
BE,289.15,2026-10-02,0,Call,287.5,+0.01%,1.21,1.2,2.32,1850,553,3.35,0.8802,2026-10-02
TSLA,370.59,2026-10-09,6,Put,375,+0.01%,9.3,9.4,9.55,2992,892,3.35,-0.58442,2026-10-02
BA,193.56,2026-10-09,6,Call,197.5,-0.02%,1.85,1.94,2.14,4818,1438,3.35,0.34068,2026-10-02
TSLA,370.59,2026-10-07,4,Call,360,+0.03%,12.25,12.55,12.75,2253,675,3.34,0.785581,2026-10-02
GME,24.7,2026-10-09,6,Call,24.5,+0.01%,0.73,0.82,0.8,7381,2211,3.34,0.559173,2026-10-02
LOW,180.8,2026-10-02,0,Put,182.5,+0.01%,1.05,1.3,1.85,598,179,3.34,-0.965653,2026-10-02
ALAB,350.33,2026-10-09,6,Call,360,-0.03%,9.8,10.1,10.5,694,208,3.34,0.416431,2026-10-02
LYFT,15.46,2026-10-09,6,Put,15,-0.03%,0.14,0.16,0.21,721,216,3.34,-0.292612,2026-10-02
HIMS,29,2026-10-09,6,Call,28.5,+0.02%,1.2,1.27,1.31,808,242,3.34,0.600524,2026-10-02
AMD,633.91,2026-10-05,2,Call,655,-0.03%,0.8,0.8,0.89,1915,574,3.34,0.107804,2026-10-02
ANF,135.91,2026-10-16,13,Put,115,-0.15%,0.1,0.25,0.4,530,159,3.33,-0.043001,2026-10-02
RIVN,14.3,2026-11-20,49,Call,14,+0.02%,1.49,1.51,1.56,1228,369,3.33,0.591174,2026-10-02
CSCO,112.2,2026-10-09,6,Call,115,-0.02%,0.62,0.66,0.7,3322,998,3.33,0.264105,2026-10-02
SKHY,195.13,2026-10-02,0,Call,195,0.00%,0.29,0.39,0.36,14673,4416,3.32,0.598165,2026-10-02
CRWV,89.62,2026-10-23,20,Call,130,-0.45%,0.16,0.16,0.18,557,168,3.32,0.028371,2026-10-02
IBM,222.64,2026-10-09,6,Call,232.5,-0.04%,0.48,0.74,0.8,621,187,3.32,0.143363,2026-10-02
TSLA,370.59,2026-10-12,9,Put,345,-0.07%,0.89,0.97,0.95,677,204,3.32,-0.092951,2026-10-02
WMT,104.26,2026-10-23,20,Call,104,0.00%,2.3,2.45,2.49,751,227,3.31,0.541377,2026-10-02
HOOD,112.74,2026-10-16,13,Call,119,-0.06%,2.29,2.37,2.39,1465,442,3.31,0.324018,2026-10-02
NVTS,12.4,2026-10-09,6,Call,12,+0.03%,0.67,0.69,0.74,3404,1028,3.31,0.652495,2026-10-02
ORCL,142.3,2026-10-09,6,Call,142,0.00%,3.6,3.8,3.8,2097,635,3.3,0.528437,2026-10-02
MRVL,272.29,2026-10-09,6,Call,290,-0.07%,4.2,4.26,5,5768,1747,3.3,0.284131,2026-10-02
INTC,119.33,2026-10-07,4,Put,118,-0.01%,2.22,2.24,2.35,628,191,3.29,-0.413803,2026-10-02
INTC,119.33,2027-06-17,257,Call,240,-1.01%,5.7,5.85,5.9,856,260,3.29,0.193433,2026-10-02
NU,13.43,2026-10-09,6,Call,14,-0.04%,0.24,0.26,0.28,6516,1980,3.29,0.340328,2026-10-02
NKE,33.87,2026-10-09,6,Put,33,-0.03%,0.29,0.29,0.32,9427,2864,3.29,-0.288528,2026-10-02
DJT,8.91,2026-10-09,6,Call,9,-0.01%,0.14,0.22,0.25,502,153,3.28,0.45608,2026-10-02
AAPL,333.69,2026-10-09,6,Put,317.5,-0.05%,0.29,0.3,0.32,1759,538,3.27,-0.0627,2026-10-02
GME,24.7,2026-10-09,6,Put,24,-0.03%,0.34,0.35,0.37,2362,723,3.27,-0.3216,2026-10-02
CORZ,16.45,2026-11-20,49,Put,16,-0.03%,1.42,1.48,1.52,10071,3083,3.27,-0.400099,2026-10-02
AMZN,251.52,2026-10-09,6,Call,257.5,-0.02%,1.36,1.39,1.5,11984,3663,3.27,0.266516,2026-10-02
MSFT,517.53,2026-10-05,2,Call,525,-0.01%,0.65,0.75,0.77,3990,1223,3.26,0.172793,2026-10-02
SPCX,158.96,2027-03-19,167,Call,190,-0.20%,11.25,11.65,11.6,4119,1263,3.26,0.374911,2026-10-02
SPCX,158.96,2026-10-09,6,Call,162.5,-0.02%,2.19,2.17,2.21,12177,3740,3.26,0.364869,2026-10-02
MARA,11.23,2026-10-09,6,Call,11.5,-0.02%,0.34,0.35,0.35,16298,5002,3.26,0.430851,2026-10-02
AMZN,251.52,2026-10-02,0,Call,250,+0.01%,1.28,1.36,1.69,41862,12851,3.26,0.985187,2026-10-02
NVDA,233.95,2026-10-14,11,Call,240,-0.03%,2,2.13,2.4,649,199,3.26,0.312768,2026-10-02
DELL,562.52,2026-10-09,6,Call,570,-0.01%,12.7,12.93,13.8,881,270,3.26,0.446103,2026-10-02
MU,1074.89,2026-10-05,2,Put,1030,-0.04%,1.19,1.23,1.27,1523,467,3.26,-0.080524,2026-10-02
TSLA,370.59,2026-10-12,9,Call,390,-0.05%,2.07,2.12,2.17,533,164,3.25,0.191369,2026-10-02
KO,85.65,2027-03-19,167,Call,85,+0.01%,5.25,5.54,5.65,2798,861,3.25,0.565382,2026-10-02
AAPL,333.69,2026-10-09,6,Put,332.5,0.00%,3.1,3.2,3.3,2046,632,3.24,-0.438662,2026-10-02
ASTS,58.45,2026-10-09,6,Call,60,-0.03%,1.49,1.54,1.57,3187,985,3.24,0.410249,2026-10-02
VKTX,29.94,2026-10-09,6,Put,29,-0.03%,0.42,0.57,0.6,522,161,3.24,-0.323476,2026-10-02
INTC,119.33,2026-10-30,27,Put,91,-0.24%,0.73,0.74,0.79,1012,312,3.24,-0.068058,2026-10-02
INTC,119.33,2026-10-05,2,Put,114,-0.04%,0.26,0.31,0.29,1844,569,3.24,-0.117657,2026-10-02
GLW,164.19,2026-10-30,27,Call,165,0.00%,11.2,11.47,11.9,665,206,3.23,0.529874,2026-10-02
WDC,415.29,2026-10-02,0,Put,415,0.00%,0.6,1.53,1.76,1909,591,3.23,-0.459887,2026-10-02
BABA,105.85,2026-10-09,6,Call,108,-0.02%,1.09,1.11,1.19,2425,750,3.23,0.345532,2026-10-02
AAPL,333.69,2026-10-07,4,Call,332.5,0.00%,3.65,3.7,3.9,3397,1052,3.23,0.572616,2026-10-02
BX,111.75,2026-10-09,6,Put,112,0.00%,2.12,2.34,2.42,582,181,3.22,-0.509526,2026-10-02
ZS,196.6,2026-10-09,6,Call,207.5,-0.06%,2.53,2.67,3.15,834,259,3.22,0.282201,2026-10-02
META,728.08,2026-10-05,2,Call,737.5,-0.01%,2.04,2.25,2.5,1078,335,3.22,0.263419,2026-10-02
MU,1074.89,2026-10-07,4,Call,1100,-0.02%,11.15,11.44,11.5,2000,622,3.22,0.332105,2026-10-02
MU,1074.89,2026-10-09,6,Put,1100,+0.02%,40.6,41.03,42.1,1038,323,3.21,-0.628409,2026-10-02
UBER,68.11,2026-10-09,6,Call,68,0.00%,1.14,1.16,1.19,1122,349,3.21,0.530437,2026-10-02
INTC,119.33,2026-10-05,2,Call,118,+0.01%,2.48,2.5,2.72,1515,472,3.21,0.622415,2026-10-02
MRVL,272.29,2026-10-02,0,Put,275,+0.01%,2.3,3.05,2.99,2230,695,3.21,-0.797785,2026-10-02
MU,1074.89,2026-10-16,13,Call,1140,-0.06%,16.5,16.85,16.95,2410,750,3.21,0.283081,2026-10-02
AAL,12.94,2026-10-23,20,Call,13.5,-0.04%,0.4,0.46,0.47,2497,780,3.2,0.39602,2026-10-02
AMD,633.91,2026-10-05,2,Call,630,+0.01%,8.15,8.5,8.75,2643,826,3.2,0.607099,2026-10-02
MSFT,517.53,2026-10-09,6,Put,525,+0.01%,9.75,12.6,11.1,547,171,3.2,-0.67729,2026-10-02
AMD,633.91,2026-10-05,2,Call,665,-0.05%,0.23,0.27,0.28,809,254,3.19,0.037999,2026-10-02
DOCN,140.07,2026-10-09,6,Put,125,-0.11%,0.8,1.04,1.25,816,256,3.19,-0.130364,2026-10-02
INTC,119.33,2026-10-09,6,Call,133,-0.11%,0.48,0.55,0.64,854,268,3.19,0.11502,2026-10-02
RDDT,147.86,2026-10-02,0,Call,146,+0.01%,1.65,2.01,2.43,1479,463,3.19,0.838557,2026-10-02
AVGO,355.14,2026-10-05,2,Call,362.5,-0.02%,0.7,0.74,0.77,1846,579,3.19,0.177708,2026-10-02
NOW,134.38,2026-10-09,6,Call,136,-0.01%,2.61,2.67,2.73,707,222,3.18,0.440578,2026-10-02
NFLX,67.06,2026-10-09,6,Put,66,-0.02%,0.53,0.55,0.56,5343,1682,3.18,-0.324069,2026-10-02
TSLA,370.59,2026-10-09,6,Call,370,0.00%,7.5,7.5,7.75,12404,3895,3.18,0.527969,2026-10-02
EOSE,3.21,2027-01-15,105,Put,3.5,+0.09%,0.86,0.94,0.97,6288,1986,3.17,-0.434443,2026-10-02
CORZ,16.45,2026-10-23,20,Call,18,-0.09%,0.43,0.53,0.74,516,163,3.17,0.337727,2026-10-02
AMD,633.91,2026-10-16,13,Put,557.5,-0.12%,1.94,2.11,2.11,694,219,3.17,-0.074224,2026-10-02
INTC,119.33,2026-10-07,4,Put,116,-0.03%,1.46,1.6,1.58,704,222,3.17,-0.310489,2026-10-02
CRWV,89.62,2026-11-06,35,Call,105,-0.17%,3.1,3.2,3.3,1256,396,3.17,0.283966,2026-10-02
META,728.08,2026-10-05,2,Put,727.5,0.00%,5.2,5.45,5.65,1128,357,3.16,-0.47684,2026-10-02
NVDA,233.95,2026-10-12,9,Put,222.5,-0.05%,0.65,0.68,0.72,1531,484,3.16,-0.12667,2026-10-02
AMZN,251.52,2026-10-05,2,Put,250,-0.01%,0.9,1.01,1,6657,2107,3.16,-0.346412,2026-10-02
LUNR,14.71,2026-10-09,6,Call,15,-0.02%,0.44,0.43,0.5,1058,336,3.15,0.445987,2026-10-02
GOOGL,343.5,2026-10-05,2,Put,332.5,-0.03%,0.1,0.12,0.14,2017,641,3.15,-0.043914,2026-10-02
CRDO,218.64,2026-10-09,6,Call,230,-0.05%,4.3,4.3,4.9,684,218,3.14,0.330471,2026-10-02
SLS,11.74,2026-10-09,6,Put,10.5,-0.11%,0.1,0.2,0.35,856,273,3.14,-0.207592,2026-10-02
MU,1074.89,2026-10-07,4,Call,1080,0.00%,18.35,18.7,18.9,1159,369,3.14,0.474195,2026-10-02
NKE,33.87,2026-10-30,27,Call,35,-0.03%,0.78,0.82,0.86,1263,402,3.14,0.381197,2026-10-02
PLTR,188.75,2026-10-30,27,Call,192.5,-0.02%,7.15,7.35,7.35,2308,735,3.14,0.464972,2026-10-02
HOOD,112.74,2026-10-09,6,Call,118,-0.05%,1.31,1.38,1.4,6151,1958,3.14,0.278901,2026-10-02
BE,289.15,2026-10-02,0,Call,290,0.00%,0.39,0.49,0.7,8738,2780,3.14,0.358992,2026-10-02
RUM,7.57,2026-10-02,0,Put,11.5,+0.52%,3.6,3.63,4.1,536,171,3.13,-0.987551,2026-10-02
ACN,198.9,2026-10-02,0,Put,202.5,+0.02%,2.1,3.25,4.8,579,185,3.13,-0.981125,2026-10-02
AMD,633.91,2026-10-07,4,Call,700,-0.10%,0.1,0.19,0.33,1082,346,3.13,0.019793,2026-10-02
LYFT,15.46,2026-10-09,6,Call,16,-0.03%,0.13,0.16,0.2,1586,506,3.13,0.294742,2026-10-02
MU,1074.89,2026-10-09,6,Call,1190,-0.11%,2.36,2.48,2.49,733,235,3.12,0.075257,2026-10-02
STX,848.99,2026-10-02,0,Put,820,-0.03%,0,0.69,0.2,780,250,3.12,-0.019025,2026-10-02
AMD,633.91,2026-10-09,6,Put,620,-0.02%,8.3,8.55,8.6,1587,509,3.12,-0.336677,2026-10-02
MAT,15.27,2027-01-15,105,Put,13,-0.15%,0.35,0.41,0.75,4983,1598,3.12,-0.219099,2026-10-02
NKE,33.87,2027-09-17,349,Put,30,-0.11%,2.69,3,3.1,10131,3249,3.12,-0.296319,2026-10-02
SNAP,5.58,2026-10-16,13,Call,5.5,+0.01%,0.25,0.28,0.29,3515,1130,3.11,0.581987,2026-10-02
ASST,30.03,2026-10-02,0,Put,30.5,+0.02%,0.35,0.79,1.09,679,218,3.11,-0.654608,2026-10-02
ORCL,142.3,2026-10-09,6,Put,142,0.00%,3.45,3.55,3.6,991,319,3.11,-0.471984,2026-10-02
CSCO,112.2,2026-10-16,13,Call,114,-0.02%,1.52,1.65,1.76,1196,384,3.11,0.398442,2026-10-02
IREN,41.76,2026-10-09,6,Call,43.5,-0.04%,0.82,0.84,0.88,1244,400,3.11,0.34744,2026-10-02
SPCX,158.96,2028-06-16,622,Call,200,-0.26%,33.25,34.05,34.05,1482,476,3.11,0.545085,2026-10-02
MRVL,272.29,2026-10-09,6,Call,330,-0.21%,0.4,0.45,0.57,879,284,3.1,0.042223,2026-10-02
MSFT,517.53,2026-10-05,2,Put,512.5,-0.01%,1.06,1.2,1.4,1116,360,3.1,-0.256126,2026-10-02
RIVN,14.3,2026-10-09,6,Call,15,-0.05%,0.19,0.2,0.23,14843,4807,3.09,0.29624,2026-10-02
ALNY,219.72,2026-12-18,77,Put,210,-0.04%,13.8,13.67,16.9,501,162,3.09,-0.368612,2026-10-02
LITE,1085.42,2026-10-02,0,Call,1070,+0.01%,13.1,15.83,17.9,789,255,3.09,0.934674,2026-10-02
NKTR,43.58,2026-10-16,13,Call,50,-0.15%,0.5,0.6,1,988,320,3.09,0.211069,2026-10-02
IBM,222.64,2026-10-09,6,Put,217.5,-0.02%,1.46,1.6,1.77,622,202,3.08,-0.277903,2026-10-02
SKHY,195.13,2026-10-09,6,Call,215,-0.10%,0.5,0.51,0.52,826,268,3.08,0.085314,2026-10-02
CBRS,166.43,2026-10-09,6,Call,170,-0.02%,4.4,4.6,6.5,977,317,3.08,0.442994,2026-10-02
SKHY,195.13,2026-10-02,0,Put,195,0.00%,0.18,0.19,0.24,1010,328,3.08,-0.416059,2026-10-02
BEKE,16.43,2028-01-21,476,Put,15,-0.09%,1.95,1.95,2.25,1500,487,3.08,-0.324983,2026-10-02
GME,24.7,2026-10-09,6,Call,27,-0.09%,0.2,0.21,0.22,5883,1910,3.08,0.177824,2026-10-02
DELL,562.52,2026-10-02,0,Call,565,0.00%,0.05,0.16,0.2,4501,1465,3.07,0.12208,2026-10-02
APLD,25.38,2026-10-02,0,Call,25,+0.01%,0.33,0.36,0.46,8479,2758,3.07,0.90879,2026-10-02
MSTR,160.01,2026-10-09,6,Call,180,-0.12%,0.67,0.71,0.72,8575,2791,3.07,0.1047,2026-10-02
OKLO,35.87,2026-10-09,6,Call,37,-0.03%,0.64,0.75,0.78,587,191,3.07,0.369653,2026-10-02
ANET,207.35,2026-10-09,6,Call,215,-0.04%,1.75,1.85,1.98,786,256,3.07,0.270826,2026-10-02
AAPL,333.69,2026-10-07,4,Put,325,-0.03%,0.51,0.56,0.6,1376,448,3.07,-0.133817,2026-10-02
IREN,41.76,2026-10-30,27,Call,43,-0.03%,2.66,2.67,2.85,798,261,3.06,0.484813,2026-10-02
MCD,231.89,2026-10-02,0,Put,232.5,0.00%,0.3,0.83,0.83,2098,686,3.06,-0.697559,2026-10-02
HOOD,112.74,2026-10-09,6,Put,115,+0.02%,4.35,4.35,4.5,2207,722,3.06,-0.594531,2026-10-02
AMZN,251.52,2026-10-09,6,Call,272.5,-0.08%,0.08,0.1,0.11,2756,901,3.06,0.02517,2026-10-02
SPCX,158.96,2026-10-09,6,Call,167.5,-0.05%,0.99,0.98,1,8617,2813,3.06,0.19718,2026-10-02
POET,7.79,2027-04-16,195,Call,11,-0.41%,0.95,1.1,1.09,24031,7861,3.06,0.409714,2026-10-02
DKNG,18.59,2026-11-20,49,Call,20,-0.08%,1.31,1.42,1.42,6856,2245,3.05,0.444725,2026-10-02
HOOD,112.74,2026-10-09,6,Call,116,-0.03%,1.86,1.91,1.95,7188,2354,3.05,0.36128,2026-10-02
IBRX,10.28,2026-10-09,6,Put,9,-0.12%,0.1,0.15,0.4,536,176,3.05,-0.209162,2026-10-02
RGTI,15.25,2026-10-09,6,Call,15.5,-0.02%,0.39,0.42,0.43,579,190,3.05,0.443857,2026-10-02
WDC,415.29,2026-10-09,6,Put,370,-0.11%,1.26,1.41,1.55,954,313,3.05,-0.082828,2026-10-02
ADBE,237.69,2026-10-09,6,Call,260,-0.09%,0.2,0.27,0.27,910,299,3.04,0.046636,2026-10-02
COIN,183,2026-10-02,0,Put,190,+0.04%,6.4,7.74,9.1,5434,1786,3.04,-0.812189,2026-10-02
TSLA,370.59,2026-10-02,0,Put,377.5,+0.02%,6.55,6.87,7.05,4922,1626,3.03,-0.983272,2026-10-02
NOW,134.38,2026-10-09,6,Put,123,-0.08%,0.29,0.36,0.36,539,178,3.03,-0.080046,2026-10-02
MU,1074.89,2026-10-30,27,Put,930,-0.13%,9.25,9.92,10.35,566,187,3.03,-0.126086,2026-10-02
META,728.08,2026-10-07,4,Call,770,-0.06%,0.76,0.8,0.86,636,210,3.03,0.069052,2026-10-02
MU,1074.89,2026-10-05,2,Put,1010,-0.06%,0.39,0.4,0.44,679,224,3.03,-0.029552,2026-10-02
GMAB,34.75,2026-11-20,49,Put,30,-0.14%,0,1.3,1.55,1103,364,3.03,-0.19003,2026-10-02
MSFT,517.53,2026-10-09,6,Call,527.5,-0.02%,2.42,2.86,3.1,525,174,3.02,0.280729,2026-10-02
APP,268.22,2026-10-09,6,Put,240,-0.11%,0.35,0.61,0.7,824,273,3.02,-0.059986,2026-10-02
COIN,183,2026-10-09,6,Put,180,-0.02%,3.8,3.88,4,1563,517,3.02,-0.393822,2026-10-02
MSFT,517.53,2026-10-07,4,Call,530,-0.02%,0.94,1.14,1.25,1683,558,3.02,0.1673,2026-10-02
MSFT,517.53,2026-10-05,2,Call,530,-0.02%,0.2,0.23,0.28,1742,576,3.02,0.067473,2026-10-02
BABA,105.85,2026-10-09,6,Call,113,-0.07%,0.25,0.28,0.31,1820,603,3.02,0.108314,2026-10-02
DELL,562.52,2026-10-02,0,Call,560,0.00%,1.65,2.59,3.9,4521,1496,3.02,0.846357,2026-10-02
RIVN,14.3,2026-10-30,27,Call,15,-0.05%,0.75,0.75,0.87,2464,818,3.01,0.443845,2026-10-02
CSCO,112.2,2026-10-09,6,Call,113,-0.01%,1.2,1.31,1.35,2689,893,3.01,0.433443,2026-10-02
WULF,15.49,2026-10-09,6,Call,16.5,-0.07%,0.25,0.26,0.27,9235,3065,3.01,0.277662,2026-10-02
SMCI,43.69,2026-10-09,6,Call,46,-0.05%,0.67,0.69,0.7,13908,4615,3.01,0.295966,2026-10-02
GS,902.56,2026-10-02,0,Call,905,0.00%,0.08,0.21,0.33,505,168,3.01,0.161139,2026-10-02
HIMS,29,2026-10-16,13,Put,26.5,-0.09%,0.44,0.46,0.5,532,177,3.01,-0.21398,2026-10-02
SLS,11.74,2026-10-16,13,Call,9,+0.23%,2.5,2.9,3.3,612,203,3.01,0.897297,2026-10-02
CRWD,270.04,2026-10-09,6,Call,282.5,-0.05%,2.42,2.5,2.63,1001,333,3.01,0.252794,2026-10-02
NVDA,233.95,2026-10-14,11,Call,250,-0.07%,0.41,0.49,0.49,1750,581,3.01,0.088951,2026-10-02
MU,1074.89,2026-10-09,6,Call,1130,-0.05%,8.5,8.75,8.9,1469,490,3,0.227337,2026-10-02
ORCL,142.3,2026-10-09,6,Put,138,-0.03%,1.79,1.84,1.87,1732,578,3,-0.303293,2026-10-02
QBTS,15.77,2026-10-09,6,Call,17,-0.08%,0.15,0.17,0.17,2343,780,3,0.211577,2026-10-02
EIX,53.89,2026-10-16,13,Put,47.5,-0.12%,0.05,0.1,0.15,2428,810,3,-0.05339,2026-10-02
HOOD,112.74,2026-10-30,27,Put,110,-0.02%,6,6.25,6.2,3008,1002,3,-0.403829,2026-10-02
MRVL,272.29,2026-10-02,0,Call,272.5,0.00%,0.11,0.2,0.29,4885,1626,3,0.398798,2026-10-02
PAAS,45.51,2026-10-16,13,Call,47,-0.03%,0.85,0.9,1,595,199,2.99,0.369294,2026-10-02
TTAN,67.09,2027-01-15,105,Call,65,+0.03%,9.2,10,10.7,780,261,2.99,0.616715,2026-10-02
SLN,10.64,2026-10-16,13,Call,12.5,-0.17%,0.3,0.35,0.8,1027,344,2.99,0.32907,2026-10-02
RDDT,147.86,2026-10-09,6,Call,150,-0.01%,2.85,3.35,3.4,1476,494,2.99,0.433945,2026-10-02
STX,848.99,2026-10-09,6,Call,1000,-0.18%,1.15,1.26,1.7,536,180,2.98,0.045071,2026-10-02
MU,1074.89,2026-10-05,2,Put,1015,-0.06%,0.51,0.53,0.58,1098,369,2.98,-0.038144,2026-10-02
DJT,8.91,2026-10-09,6,Put,9,+0.01%,0.26,0.26,0.38,737,248,2.97,-0.533993,2026-10-02
MU,1074.89,2026-10-09,6,Put,975,-0.09%,1.93,1.97,2.11,1441,485,2.97,-0.06388,2026-10-02
SOFI,15.77,2026-10-30,27,Call,16,-0.01%,0.85,0.86,0.87,12647,4254,2.97,0.499116,2026-10-02
AXTI,85.87,2026-10-09,6,Put,75,-0.13%,0.3,0.92,1,917,310,2.96,-0.119724,2026-10-02
RDW,10.88,2026-10-09,6,Call,11,-0.01%,0.35,0.37,0.4,1134,383,2.96,0.477752,2026-10-02
VNET,5.13,2026-12-18,77,Put,5,-0.03%,0.55,0.57,0.65,1180,399,2.96,-0.395995,2026-10-02
DIS,102.19,2026-10-09,6,Call,105,-0.03%,0.3,0.36,0.43,1232,417,2.95,0.203008,2026-10-02
VSTM,7.7,2026-10-16,13,Call,9,-0.17%,0.4,0.89,0.9,1370,465,2.95,0.400373,2026-10-02
ARM,307.49,2026-10-09,6,Call,320,-0.04%,5.85,5.93,6,2040,694,2.94,0.343762,2026-10-02
IBM,222.64,2026-10-02,0,Put,222.5,0.00%,0.2,0.26,0.46,1005,342,2.94,-0.441532,2026-10-02
LULU,94.46,2026-10-09,6,Call,97,-0.03%,0.97,1.05,1.11,504,172,2.93,0.323929,2026-10-02
QCOM,184.87,2026-10-09,6,Call,202.5,-0.10%,0.35,0.5,0.49,562,192,2.93,0.080833,2026-10-02
AAPL,333.69,2026-10-07,4,Put,327.5,-0.02%,0.88,0.92,1,795,271,2.93,-0.207749,2026-10-02
ORCL,142.3,2026-10-16,13,Call,144,-0.01%,4.35,4.45,4.5,840,287,2.93,0.46955,2026-10-02
RIOT,19.73,2026-10-09,6,Call,19.5,+0.01%,0.87,0.91,0.91,945,322,2.93,0.569682,2026-10-02
CRWD,270.04,2026-10-09,6,Put,260,-0.04%,2.8,2.84,3.05,2029,692,2.93,-0.265733,2026-10-02
GOOGL,343.5,2026-10-07,4,Call,347.5,-0.01%,2.14,2.24,2.35,506,173,2.92,0.35059,2026-10-02
NKE,33.87,2026-11-06,35,Call,37,-0.09%,0.32,0.43,0.49,575,197,2.92,0.211491,2026-10-02
WDC,415.29,2027-01-15,105,Call,450,-0.08%,45.7,46.34,47,1211,415,2.92,0.492,2026-10-02
EXEL,58.39,2027-01-15,105,Call,60,-0.03%,2.55,4.4,5,1443,494,2.92,0.502105,2026-10-02
MRNA,190.01,2026-10-09,6,Call,205,-0.08%,2.99,3.2,3.15,1937,663,2.92,0.260518,2026-10-02
MRVL,272.29,2026-10-09,6,Call,277.5,-0.02%,8.1,8.31,8.35,826,284,2.91,0.44345,2026-10-02
META,728.08,2026-10-05,2,Call,742.5,-0.02%,1.25,1.3,1.4,975,335,2.91,0.17033,2026-10-02
SLS,11.74,2026-10-09,6,Call,12.5,-0.06%,0.25,0.31,0.5,961,331,2.9,0.357323,2026-10-02
NKE,33.87,2029-01-19,840,Call,55,-0.62%,3.35,3.54,3.65,4836,1665,2.9,0.319951,2026-10-02
META,728.08,2026-10-09,6,Call,755,-0.04%,4.05,4.25,4.4,2663,921,2.89,0.224465,2026-10-02
NBIS,242.81,2026-10-02,0,Put,250,+0.03%,6.95,6.8,7.6,1286,445,2.89,-0.946239,2026-10-02
MSFT,517.53,2026-10-07,4,Call,535,-0.03%,0.58,0.64,0.75,782,272,2.88,0.104803,2026-10-02
AMD,633.91,2026-10-09,6,Put,595,-0.06%,2.55,2.65,2.76,1119,388,2.88,-0.135303,2026-10-02
NB,3.47,2026-10-02,0,Call,1,+0.71%,2.4,2.52,2.6,750,261,2.87,0.977541,2026-10-02
INTC,119.33,2026-10-05,2,Put,116,-0.03%,0.57,0.6,0.62,1877,654,2.87,-0.222427,2026-10-02
TSM,472.78,2026-10-09,6,Call,475,0.00%,6.15,6.53,6.85,4991,1741,2.87,0.465652,2026-10-02
WDC,415.29,2026-10-09,6,Put,410,-0.01%,9.6,11,12.05,886,310,2.86,-0.419018,2026-10-02
XOM,164.01,2026-10-23,20,Call,167.5,-0.02%,2.69,2.85,3.1,839,294,2.85,0.391779,2026-10-02
AMD,633.91,2027-02-19,140,Put,550,-0.13%,38.45,38,39.8,998,350,2.85,-0.262067,2026-10-02
MU,1074.89,2026-10-07,4,Call,1200,-0.12%,0.82,0.85,0.9,1117,392,2.85,0.034739,2026-10-02
PL,17.5,2026-10-09,6,Call,19,-0.09%,0.15,0.21,0.25,1586,556,2.85,0.215296,2026-10-02
META,728.08,2026-10-09,6,Call,730,0.00%,12.2,12.3,12.6,2044,717,2.85,0.490952,2026-10-02
TSLA,370.59,2026-10-05,2,Call,362.5,+0.02%,8.75,8.8,9.2,3450,1211,2.85,0.829726,2026-10-02
EOSE,3.21,2027-01-15,105,Call,3.5,-0.09%,0.59,0.61,0.66,6325,2217,2.85,0.560171,2026-10-02
BBD,3.65,2026-11-20,49,Put,3.5,-0.04%,0.2,0.25,0.25,2102,740,2.84,-0.373141,2026-10-02
ORCL,142.3,2026-10-02,0,Put,145,+0.02%,2.43,2.5,2.68,2866,1010,2.84,0,2026-10-02
LITE,1085.42,2026-10-02,0,Call,1075,+0.01%,8.1,10.8,12.9,898,316,2.84,0.921414,2026-10-02
OKLO,35.87,2026-10-02,0,Put,36.5,+0.02%,0.48,0.8,0.95,1373,484,2.84,-0.79202,2026-10-02
MU,1074.89,2026-10-09,6,Call,1075,0.00%,26.2,26.8,26.8,1428,502,2.84,0.515635,2026-10-02
HD,282.85,2028-01-21,476,Put,320,+0.13%,54.6,53,57.15,622,220,2.83,-0.570799,2026-10-02
NVDA,233.95,2026-10-12,9,Call,250,-0.07%,0.22,0.24,0.26,639,226,2.83,0.058764,2026-10-02
BMNR,26.27,2026-10-09,6,Call,26.5,-0.01%,0.81,0.84,0.86,842,298,2.83,0.481526,2026-10-02
WMT,104.26,2026-10-02,0,Call,103,+0.01%,0.54,1.09,1.4,911,322,2.83,0.990044,2026-10-02
IBM,222.64,2026-10-09,6,Put,205,-0.08%,0.08,0.11,0.17,957,338,2.83,-0.031466,2026-10-02
NVDA,233.95,2026-10-09,6,Call,212.5,+0.09%,21.15,22.11,21.9,1694,598,2.83,0.926294,2026-10-02
CIFR,15.71,2026-10-09,6,Call,18.5,-0.18%,0.09,0.1,0.1,1726,610,2.83,0.106513,2026-10-02
INTC,119.33,2026-10-07,4,Call,123,-0.03%,1.48,1.51,1.56,689,244,2.82,0.325376,2026-10-02
SPCX,158.96,2026-10-09,6,Put,149,-0.06%,0.61,0.62,0.62,5239,1857,2.82,-0.128,2026-10-02
MU,1074.89,2026-10-09,6,Call,1155,-0.07%,4.9,5.07,5.15,505,180,2.81,0.144043,2026-10-02
NKE,33.87,2026-10-30,27,Put,34,0.00%,1.2,1.24,1.3,770,274,2.81,-0.501325,2026-10-02
MU,1074.89,2026-10-05,2,Put,1040,-0.03%,2.13,2.18,2.21,1979,705,2.81,-0.13177,2026-10-02
STWD,13.05,2026-11-20,49,Put,13,0.00%,0.35,0.4,0.5,871,311,2.8,-0.528198,2026-10-02
BE,289.15,2026-10-09,6,Put,290,0.00%,10.1,10.45,10.8,1800,642,2.8,-0.493623,2026-10-02
TSLA,370.59,2026-10-09,6,Put,355,-0.04%,1.7,1.74,1.76,4543,1622,2.8,-0.176139,2026-10-02
WDC,415.29,2026-11-20,49,Call,650,-0.57%,3.2,3.5,3.55,2202,788,2.79,0.07287,2026-10-02
FIG,21.36,2026-10-09,6,Call,23,-0.08%,0.2,0.23,0.23,3631,1300,2.79,0.21219,2026-10-02
BAX,23.49,2026-10-02,0,Call,14,+0.40%,8.4,9.44,10.6,572,205,2.79,0.994831,2026-10-02
ACN,198.9,2026-10-09,6,Put,205,+0.03%,7.5,7.89,8.4,610,219,2.79,-0.707468,2026-10-02
RDDT,147.86,2026-10-02,0,Call,145,+0.02%,2.38,2.6,3.4,1174,421,2.79,0.974109,2026-10-02
BAC,53.75,2026-10-09,6,Call,54,0.00%,0.62,0.64,0.7,4445,1600,2.78,0.458382,2026-10-02
HOOD,112.74,2026-10-02,0,Put,115,+0.02%,1.97,2.2,2.41,10305,3703,2.78,-0.969414,2026-10-02
SPCX,158.96,2026-10-09,6,Call,155,+0.02%,5.95,5.87,6,24197,8715,2.78,0.684465,2026-10-02
BE,289.15,2026-10-09,6,Put,295,+0.02%,12.6,12.5,13.6,682,246,2.77,-0.573284,2026-10-02
INTC,119.33,2026-10-09,6,Call,136,-0.14%,0.31,0.3,0.33,732,264,2.77,0.072028,2026-10-02
PCG,12.32,2026-10-09,6,Call,12.5,-0.01%,0.15,0.16,0.25,1560,564,2.77,0.411851,2026-10-02
B,40.23,2027-03-19,167,Call,50,-0.24%,1.06,1.6,2,5077,1840,2.76,0.263333,2026-10-02
MSFT,517.53,2026-10-02,0,Put,517.5,0.00%,0.11,0.11,0.43,5711,2080,2.75,-0.466827,2026-10-02
GOOG,340.35,2026-10-02,0,Call,340,0.00%,0.32,0.4,0.54,15462,5616,2.75,0.807958,2026-10-02
DHI,135,2026-10-16,13,Put,130,-0.04%,0.95,1.3,1.45,509,185,2.75,-0.246824,2026-10-02
V,360.66,2027-12-17,441,Call,415,-0.15%,23.8,23.61,24.75,694,252,2.75,0.407063,2026-10-02
INTC,119.33,2027-04-16,195,Put,90,-0.25%,6.4,6.85,7.2,1014,369,2.75,-0.185892,2026-10-02
NVDA,233.95,2026-10-07,4,Call,225,+0.04%,9.2,9.5,9.65,1098,400,2.75,0.893166,2026-10-02
STX,848.99,2026-10-02,0,Put,810,-0.05%,0,0.22,4.3,504,184,2.74,-0.122207,2026-10-02
GME,24.7,2026-10-09,6,Call,22.5,+0.09%,2.05,2.25,2.55,1053,384,2.74,0.889644,2026-10-02
NOW,134.38,2026-10-09,6,Put,130,-0.03%,1.53,1.55,1.65,1278,467,2.74,-0.28747,2026-10-02
AMZN,251.52,2026-10-07,4,Call,245,+0.03%,6.45,7.55,7.35,1292,472,2.74,0.894595,2026-10-02
TSLA,370.59,2026-10-23,20,Put,370,0.00%,15.1,15.3,15.35,2280,832,2.74,-0.466544,2026-10-02
AMZN,251.52,2026-10-05,2,Put,247.5,-0.02%,0.35,0.37,0.42,4274,1559,2.74,-0.167364,2026-10-02
PLTR,188.75,2026-10-02,0,Put,190,+0.01%,1.16,1.29,1.47,16468,6021,2.74,-0.864738,2026-10-02
CSCO,112.2,2026-10-09,6,Call,112,0.00%,1.72,1.8,1.89,2238,820,2.73,0.530471,2026-10-02
ABBV,262.82,2026-10-02,0,Call,262.5,0.00%,0.01,1.29,1.8,736,270,2.73,0.572834,2026-10-02
RVMD,206.64,2026-10-16,13,Put,200,-0.03%,2.6,4.9,6.4,755,277,2.73,-0.339323,2026-10-02
SPCX,158.96,2026-10-30,27,Call,195,-0.23%,0.6,0.67,0.64,834,305,2.73,0.0706,2026-10-02
NOK,10.6,2026-10-23,20,Call,10.5,+0.01%,0.74,0.75,0.77,1333,489,2.73,0.558899,2026-10-02
NBIS,242.81,2026-11-20,49,Put,250,+0.03%,32.5,33.25,33.35,1563,572,2.73,-0.472352,2026-10-02
PLTR,188.75,2026-10-02,0,Put,195,+0.03%,6.15,6.51,7.3,1999,733,2.73,-0.842526,2026-10-02
CRDO,218.64,2026-10-09,6,Call,240,-0.10%,1.95,2.35,2.7,574,211,2.72,0.196383,2026-10-02
CBRS,166.43,2026-10-16,13,Call,170,-0.02%,7.2,7.35,7.8,1608,592,2.72,0.468555,2026-10-02
ORCL,142.3,2026-10-09,6,Call,144,-0.01%,2.78,2.86,2.88,1699,624,2.72,0.439963,2026-10-02
RIVN,14.3,2026-10-16,13,Call,14,+0.02%,0.75,0.78,0.82,2809,1031,2.72,0.603481,2026-10-02
APP,268.22,2026-10-02,0,Put,270,+0.01%,0.85,2.3,2.5,3245,1194,2.72,-0.714846,2026-10-02
MRNA,190.01,2026-10-09,6,Call,207.5,-0.09%,2.5,2.59,2.65,6643,2438,2.72,0.226756,2026-10-02
TSLA,370.59,2026-10-07,4,Call,400,-0.08%,0.28,0.28,0.3,2478,916,2.71,0.044108,2026-10-02
INTC,119.33,2026-10-30,27,Put,94,-0.21%,1.01,1,1.09,510,188,2.71,-0.090165,2026-10-02
AAPL,333.69,2026-10-02,0,Put,340,+0.02%,6.15,6.35,6.55,577,213,2.71,-0.962043,2026-10-02
ASTS,58.45,2026-10-09,6,Call,61,-0.04%,1.16,1.2,1.25,1191,440,2.71,0.344574,2026-10-02
META,728.08,2026-10-05,2,Call,755,-0.04%,0.3,0.32,0.35,1671,616,2.71,0.049552,2026-10-02
SNOW,341.04,2026-10-02,0,Call,340,0.00%,0.9,1.2,1.95,1614,598,2.7,0.712169,2026-10-02
GOOGL,343.5,2026-10-05,2,Call,355,-0.03%,0.12,0.13,0.13,5814,2154,2.7,0.045989,2026-10-02
NFLX,67.06,2026-10-09,6,Call,67,0.00%,1.06,1.09,1.1,6062,2247,2.7,0.52358,2026-10-02
FCX,72.04,2026-12-18,77,Call,70,+0.03%,7.35,7.51,7.6,11465,4255,2.69,0.605852,2026-10-02
AAPL,333.69,2026-10-07,4,Call,347.5,-0.04%,0.08,0.11,0.12,563,209,2.69,0.034721,2026-10-02
BABA,105.85,2027-06-17,257,Call,270,-1.55%,0.14,0.39,0.65,661,246,2.69,0.025974,2026-10-02
BABA,105.85,2026-10-16,13,Call,114,-0.08%,0.23,0.62,0.7,681,253,2.69,0.136042,2026-10-02
AXTI,85.87,2026-10-02,0,Call,86,0.00%,0.1,0.34,0.65,921,342,2.69,0.458107,2026-10-02
ARM,307.49,2026-10-09,6,Put,295,-0.04%,5.05,5.17,5.25,531,198,2.68,-0.296476,2026-10-02
TSLA,370.59,2026-10-02,0,Call,365,+0.02%,5.5,5.71,5.95,48046,18024,2.67,0.93928,2026-10-02
BMNR,26.27,2026-10-30,27,Call,29,-0.10%,1.04,1.06,1.16,549,206,2.67,0.349386,2026-10-02
ZLAB,24.33,2026-12-18,77,Put,25,+0.03%,1.35,3.9,3.9,555,208,2.67,-0.486947,2026-10-02
LEN,79.81,2026-10-02,0,Call,80,0.00%,0.05,0.1,0.15,573,215,2.67,0.338676,2026-10-02
SNOW,341.04,2026-10-09,6,Put,310,-0.09%,0.5,0.66,0.75,648,243,2.67,-0.06378,2026-10-02
PLTR,188.75,2026-10-16,13,Put,195,+0.03%,9.25,9.32,9.4,831,311,2.67,-0.647532,2026-10-02
GEMI,4.67,2026-10-09,6,Put,5,+0.07%,0.35,0.45,0.65,786,295,2.66,-0.633911,2026-10-02
AMD,633.91,2026-10-05,2,Put,610,-0.04%,0.59,0.63,0.65,940,353,2.66,-0.077956,2026-10-02
GOOGL,343.5,2026-10-05,2,Put,345,0.00%,2.28,3.17,4,1118,421,2.66,-0.593916,2026-10-02
NBIS,242.81,2026-10-09,6,Call,265,-0.09%,2.32,2.35,2.39,1399,526,2.66,0.19304,2026-10-02
XOM,164.01,2026-10-09,6,Call,172.5,-0.05%,0.22,0.31,0.34,1688,634,2.66,0.096761,2026-10-02
AAOI,115.59,2026-10-02,0,Call,115,+0.01%,0.7,0.75,1,3583,1345,2.66,0.689414,2026-10-02
MAT,15.27,2027-01-15,105,Call,20,-0.31%,0.25,0.23,0.45,5004,1886,2.65,0.181428,2026-10-02
PBR,21.65,2026-10-09,6,Call,22,-0.02%,0.68,0.71,0.73,7734,2924,2.65,0.456194,2026-10-02
AXGN,37.39,2026-11-20,49,Call,40,-0.07%,4.1,4.5,4.7,10116,3819,2.65,0.491113,2026-10-02
TSLA,370.59,2026-10-09,6,Call,400,-0.08%,0.7,0.71,0.72,18967,7146,2.65,0.081003,2026-10-02
AAL,12.94,2026-10-23,20,Put,14,+0.08%,1.14,1.27,1.35,570,215,2.65,-0.752707,2026-10-02
HAL,31.85,2026-10-16,13,Call,32.5,-0.02%,0.31,0.63,0.71,982,370,2.65,0.385944,2026-10-02
CVX,206.69,2026-10-09,6,Call,207.5,0.00%,2.38,2.48,2.76,534,202,2.64,0.46415,2026-10-02
CVX,206.69,2026-10-23,20,Put,195,-0.06%,1.09,1.15,1.28,538,204,2.64,-0.167057,2026-10-02
M,22.73,2026-12-18,77,Call,23,-0.01%,1.63,1.76,1.89,903,342,2.64,0.518168,2026-10-02
SMCI,43.69,2026-10-30,27,Call,43,+0.02%,3.6,3.6,3.75,1167,442,2.64,0.576903,2026-10-02
RDDT,147.86,2026-10-02,0,Call,148,0.00%,0.05,0.3,0.44,1359,514,2.64,0.435963,2026-10-02
HYMC,18.71,2028-01-21,476,Call,20,-0.07%,7,7.28,7.5,1462,554,2.64,0.69219,2026-10-02
MSFT,517.53,2026-10-05,2,Put,500,-0.03%,0.09,0.1,0.12,1516,575,2.64,-0.02862,2026-10-02
CRCL,81.25,2026-10-09,6,Call,85,-0.05%,1.3,1.28,1.38,2247,852,2.64,0.31481,2026-10-02
CPNG,13.78,2027-01-15,105,Call,21,-0.52%,0.12,0.14,0.15,4163,1579,2.64,0.086626,2026-10-02
GOOGL,343.5,2026-10-05,2,Call,350,-0.02%,0.42,0.44,0.48,6130,2321,2.64,0.146498,2026-10-02
TSLA,370.59,2026-10-02,0,Call,362.5,+0.02%,8,8.24,8.4,14310,5425,2.64,0.961695,2026-10-02
NVDA,233.95,2026-10-05,2,Call,232.5,+0.01%,2.36,2.44,2.55,14572,5531,2.63,0.64861,2026-10-02
ORBS,1.16,2027-01-15,105,Put,1.5,+0.29%,0.4,0.52,0.65,505,192,2.63,-0.522918,2026-10-02
MU,1074.89,2026-10-05,2,Call,1145,-0.07%,0.52,0.53,0.55,531,202,2.63,0.036393,2026-10-02
BAX,23.49,2026-10-02,0,Call,15,+0.36%,7.4,8.45,9.6,573,218,2.63,0.994196,2026-10-02
MRNA,190.01,2026-10-09,6,Put,187.5,-0.01%,6.35,6.58,6.75,773,294,2.63,-0.426473,2026-10-02
MRVL,272.29,2026-10-09,6,Put,245,-0.10%,1.62,1.66,1.73,1704,647,2.63,-0.124048,2026-10-02
SBET,9.35,2026-11-20,49,Call,13,-0.39%,0.16,0.26,0.46,521,199,2.62,0.206844,2026-10-02
SNDK,1719.99,2026-10-02,0,Put,1760,+0.02%,39.1,40.3,41.7,558,213,2.62,-0.951636,2026-10-02
NKE,33.87,2026-12-18,77,Call,32.5,+0.04%,2.89,2.95,3.1,679,259,2.62,0.620742,2026-10-02
LQDA,28.64,2026-10-09,6,Call,30,-0.05%,0.65,1.4,1.6,710,271,2.62,0.40563,2026-10-02
MU,1074.89,2027-01-15,105,Put,1070,0.00%,107.7,109,110,1014,387,2.62,-0.426934,2026-10-02
TSM,472.78,2026-10-02,0,Call,472.5,0.00%,0.38,0.71,0.99,6436,2452,2.62,0.599592,2026-10-02
NBIS,242.81,2026-10-09,6,Call,245,-0.01%,7.95,8,8.1,2581,989,2.61,0.48255,2026-10-02
CRWV,89.62,2026-10-09,6,Call,92,-0.03%,2.1,2.14,2.18,3030,1159,2.61,0.401799,2026-10-02
MU,1074.89,2026-10-09,6,Call,1100,-0.02%,16.1,16.5,16.55,8930,3419,2.61,0.36963,2026-10-02
SOFI,15.77,2026-10-09,6,Call,16,-0.01%,0.24,0.24,0.25,19128,7342,2.61,0.409857,2026-10-02
AVGO,355.14,2026-10-07,4,Call,367.5,-0.03%,1.06,1.35,1.41,515,197,2.61,0.179815,2026-10-02
BTDR,11.02,2026-11-20,49,Call,12,-0.09%,1.05,1.2,1.2,686,263,2.61,0.473221,2026-10-02
NKE,33.87,2027-04-16,195,Put,32.5,-0.04%,2.92,3.12,3.25,1419,544,2.61,-0.382068,2026-10-02
TSLA,370.59,2026-10-12,9,Put,350,-0.06%,1.4,1.44,1.47,664,255,2.6,-0.137049,2026-10-02
CRCL,81.25,2026-10-09,6,Call,99,-0.22%,0,0.13,0.12,1361,523,2.6,0.021589,2026-10-02
VST,140.02,2026-12-18,77,Call,135,+0.04%,14.65,15.15,15.4,1997,768,2.6,0.6206,2026-10-02
BA,193.56,2026-10-09,6,Call,205,-0.06%,0.52,0.5,0.53,2321,894,2.6,0.118395,2026-10-02
HOOD,112.74,2026-10-09,6,Call,119,-0.06%,1.08,1.13,1.16,3251,1249,2.6,0.241224,2026-10-02
SPCX,158.96,2026-10-16,13,Call,167.5,-0.05%,2.15,2.17,2.18,3633,1395,2.6,0.28021,2026-10-02
NOW,134.38,2026-10-09,6,Put,135,0.00%,3.55,3.9,3.7,506,195,2.59,-0.513874,2026-10-02
META,728.08,2028-01-21,476,Put,430,-0.41%,14.1,14.7,15.1,754,291,2.59,-0.075866,2026-10-02
AMKR,56.02,2028-01-21,476,Call,105,-0.87%,7.1,7.92,8.1,864,333,2.59,0.3656,2026-10-02
SMR,7.75,2026-10-02,0,Call,7.5,+0.03%,0.14,0.13,0.32,890,344,2.59,0.902589,2026-10-02
SPOT,472.89,2026-10-16,13,Call,510,-0.08%,2.57,2.81,3.05,1106,427,2.59,0.161064,2026-10-02
SPCX,158.96,2026-10-09,6,Put,144,-0.09%,0.24,0.26,0.26,2817,1093,2.58,-0.056299,2026-10-02
AAPL,333.69,2026-10-07,4,Call,340,-0.02%,0.75,0.75,0.83,3660,1419,2.58,0.199545,2026-10-02
ORCL,142.3,2026-10-09,6,Call,150,-0.05%,1.12,1.16,1.17,11284,4375,2.58,0.221186,2026-10-02
NVDA,233.95,2026-10-12,9,Call,235,0.00%,3.25,3.5,3.55,2069,804,2.57,0.472617,2026-10-02
TRU,63.44,2026-10-16,13,Call,67.5,-0.06%,0.7,1.31,1.55,860,335,2.57,0.291911,2026-10-02
MU,1074.89,2026-10-16,13,Call,1130,-0.05%,19,19.35,19.4,1845,718,2.57,0.314939,2026-10-02
LQDA,28.64,2028-01-21,476,Call,45,-0.57%,5.5,6.03,8.4,500,195,2.56,0.520025,2026-10-02
IREN,41.76,2026-10-16,13,Call,41.5,+0.01%,2.33,2.38,2.44,611,239,2.56,0.549325,2026-10-02
BAC,53.75,2026-10-16,13,Call,53,+0.01%,1.74,1.77,1.83,796,311,2.56,0.602143,2026-10-02
MU,1074.89,2026-10-05,2,Call,1165,-0.08%,0.26,0.28,0.29,832,325,2.56,0.018624,2026-10-02
IONQ,43.77,2026-10-02,0,Put,44.5,+0.02%,0.45,1.15,1.61,841,329,2.56,-0.68001,2026-10-02
AVGO,355.14,2026-10-30,27,Call,400,-0.13%,2.3,2.35,2.42,4619,1809,2.55,0.135465,2026-10-02
APO,114.02,2026-11-20,49,Put,110,-0.04%,4.2,4.6,5,652,256,2.55,-0.368635,2026-10-02
AMD,633.91,2026-10-09,6,Call,720,-0.14%,0.38,0.4,0.5,796,312,2.55,0.02827,2026-10-02
SNOW,341.04,2026-11-20,49,Call,440,-0.29%,2.44,2.75,2.74,899,353,2.55,0.096696,2026-10-02
AMD,633.91,2026-10-09,6,Call,675,-0.06%,2.89,3,3.15,941,369,2.55,0.156325,2026-10-02
EOSE,3.21,2027-02-19,140,Put,4,+0.25%,1.27,1.38,1.42,506,199,2.54,-0.495102,2026-10-02
WFC,80.45,2026-10-09,6,Call,84,-0.04%,0.09,0.13,0.15,926,364,2.54,0.097816,2026-10-02
BMY,61.15,2026-10-09,6,Put,58,-0.05%,0,0.13,0.16,1029,405,2.54,-0.07645,2026-10-02
MSTR,160.01,2026-10-09,6,Put,147,-0.08%,0.73,0.91,0.9,1338,527,2.54,-0.127275,2026-10-02
HOOD,112.74,2026-10-09,6,Call,114,-0.01%,2.61,2.62,2.7,2034,801,2.54,0.455489,2026-10-02
CRWD,270.04,2026-10-09,6,Put,255,-0.06%,1.7,1.75,1.83,2185,860,2.54,-0.17913,2026-10-02
NVDA,233.95,2026-10-07,4,Put,222.5,-0.05%,0.23,0.25,0.26,3620,1426,2.54,-0.068298,2026-10-02
PLTR,188.75,2026-10-09,6,Call,192.5,-0.02%,2.44,2.46,2.5,4375,1724,2.54,0.369606,2026-10-02
TSLA,370.59,2026-10-05,2,Call,360,+0.03%,10.8,10.81,11.35,5520,2171,2.54,0.899889,2026-10-02
CRWV,89.62,2026-10-09,6,Put,89,-0.01%,2.74,2.8,2.83,953,376,2.53,-0.448614,2026-10-02
NVDA,233.95,2026-10-12,9,Call,232.5,+0.01%,4.55,4.75,4.9,1599,633,2.53,0.575956,2026-10-02
BE,289.15,2026-10-09,6,Call,320,-0.11%,1.81,1.92,2.06,1189,472,2.52,0.146957,2026-10-02
GOOGL,343.5,2026-10-09,6,Call,390,-0.14%,0.04,0.11,0.13,1849,735,2.52,0.012899,2026-10-02
DKNG,18.59,2027-03-19,167,Call,22.5,-0.21%,2,2.01,2.12,2304,914,2.52,0.432373,2026-10-02
NKE,33.87,2026-10-23,20,Put,33,-0.03%,0.58,0.66,0.72,2644,1052,2.51,-0.354125,2026-10-02
TSM,472.78,2026-10-02,0,Call,470,+0.01%,2.75,4.05,4.35,6393,2551,2.51,0.73566,2026-10-02
HOOD,112.74,2026-10-09,6,Call,125,-0.11%,0.35,0.36,0.37,7524,2992,2.51,0.093323,2026-10-02
FSLR,174.61,2026-10-02,0,Call,175,0.00%,0.16,0.16,0.21,847,337,2.51,0.331756,2026-10-02
BURL,275.34,2026-10-02,0,Call,275,0.00%,0.05,0.85,1.65,915,365,2.51,0.590855,2026-10-02
NVDA,233.95,2026-10-07,4,Put,217.5,-0.07%,0.1,0.11,0.12,1319,525,2.51,-0.030289,2026-10-02
PL,17.5,2026-10-09,6,Call,17.5,0.00%,0.55,0.61,0.7,800,320,2.5,0.520573,2026-10-02
MU,1074.89,2026-10-05,2,Call,1040,+0.03%,35.2,35.3,37.85,1029,412,2.5,0.896956,2026-10-02
NFLX,67.06,2026-10-09,6,Call,65,+0.03%,2.35,2.55,3.1,1049,420,2.5,0.729407,2026-10-02
JPM,332.38,2026-10-09,6,Put,322.5,-0.03%,0.93,1.03,1.13,1085,434,2.5,-0.172822,2026-10-02
WDC,415.29,2026-10-09,6,Put,380,-0.08%,2.3,2.62,2.7,1090,436,2.5,-0.13566,2026-10-02
NKE,33.87,2026-10-16,13,Put,32,-0.06%,0.21,0.21,0.23,1296,519,2.5,-0.180622,2026-10-02
NOW,134.38,2026-10-02,0,Put,135,0.00%,0.53,0.75,0.78,1836,735,2.5,-0.856371,2026-10-02
IREN,41.76,2026-10-30,27,Put,35,-0.16%,0.7,0.74,0.75,5183,2074,2.5,-0.155248,2026-10-02
UBER,68.11,2026-10-02,0,Call,68,0.00%,0.08,0.11,0.15,4508,1811,2.49,0.92269,2026-10-02
NKE,33.87,2027-06-17,257,Call,32.5,+0.04%,4.95,5.15,5.3,725,291,2.49,0.599282,2026-10-02
RKLB,73.92,2026-10-09,6,Call,82,-0.11%,0.48,0.48,0.52,833,334,2.49,0.146076,2026-10-02
BA,193.56,2026-10-09,6,Call,192.5,+0.01%,3.9,4.2,4.4,1735,698,2.49,0.555391,2026-10-02
VST,140.02,2026-11-20,49,Put,160,+0.14%,22.45,24.4,24.8,501,202,2.48,-0.72423,2026-10-02
EOSE,3.21,2029-01-19,840,Call,1.5,+0.53%,2.16,3,2.65,607,245,2.48,0.911646,2026-10-02
SMCI,43.69,2026-10-09,6,Put,40.5,-0.07%,0.37,0.38,0.39,1032,416,2.48,-0.177886,2026-10-02
TSLA,370.59,2026-10-07,4,Call,365,+0.02%,8.7,9,10.5,1744,703,2.48,0.649685,2026-10-02
NVDA,233.95,2026-10-09,6,Call,222.5,+0.05%,11.95,11.97,13,1996,805,2.48,0.852841,2026-10-02
WULF,15.49,2026-10-02,0,Put,16,+0.03%,0.27,0.56,0.61,2114,852,2.48,-0.838991,2026-10-02
WULF,15.49,2026-10-09,6,Call,15,+0.03%,0.86,0.88,0.89,2385,965,2.47,0.633018,2026-10-02
RBLX,44.12,2027-02-19,140,Call,50,-0.13%,5,5.21,5.95,701,284,2.47,0.48018,2026-10-02
NVDA,233.95,2026-11-06,35,Put,230,-0.02%,6.1,6.36,6.65,1887,765,2.47,-0.397145,2026-10-02
TSLA,370.59,2026-11-06,35,Put,350,-0.06%,9.8,9.94,10.1,775,315,2.46,-0.299994,2026-10-02
NVO,37.32,2026-10-09,6,Call,37.5,0.00%,0.45,0.47,0.5,781,317,2.46,0.455758,2026-10-02
IREN,41.76,2026-10-30,27,Call,48,-0.15%,1.23,1.31,1.35,902,366,2.46,0.278071,2026-10-02
GOOG,340.35,2026-10-09,6,Put,337.5,-0.01%,3.35,3.4,3.6,1111,452,2.46,-0.394868,2026-10-02
NFLX,67.06,2026-10-16,13,Put,64,-0.05%,0.42,0.45,0.44,1251,509,2.46,-0.195095,2026-10-02
TSLA,370.59,2026-10-09,6,Put,357.5,-0.04%,2.18,2.19,2.25,1286,522,2.46,-0.2149,2026-10-02
SMCI,43.69,2026-10-09,6,Call,48,-0.10%,0.31,0.33,0.33,1676,681,2.46,0.160597,2026-10-02
RIOT,19.73,2026-10-02,0,Put,20.5,+0.04%,0.3,0.88,0.96,3081,1255,2.45,-0.784589,2026-10-02
MU,1074.89,2026-10-02,0,Call,1065,+0.01%,9.1,9.55,10.3,3865,1580,2.45,0.992758,2026-10-02
NVDA,233.95,2026-10-09,6,Put,232.5,-0.01%,2.57,2.62,2.64,8766,3572,2.45,-0.418906,2026-10-02
MU,1074.89,2026-10-09,6,Put,970,-0.10%,1.67,1.62,1.85,1113,454,2.45,-0.056325,2026-10-02
IREN,41.76,2026-10-09,6,Call,47.5,-0.14%,0.16,0.19,0.22,1240,507,2.45,0.102286,2026-10-02
MU,1074.89,2026-10-09,6,Call,1105,-0.03%,14.35,14.87,15.35,552,226,2.44,0.343601,2026-10-02
CVNA,63.77,2026-10-09,6,Put,61,-0.04%,0.85,0.85,1.05,596,244,2.44,-0.279103,2026-10-02
LITE,1085.42,2026-10-02,0,Call,1085,0.00%,1,1,8,616,252,2.44,0.52204,2026-10-02
SNDK,1719.99,2026-10-02,0,Put,1745,+0.01%,23.8,27.2,26.3,959,393,2.44,-0.981183,2026-10-02
NBIS,242.81,2026-10-09,6,Call,260,-0.07%,3.2,3.2,3.3,1970,807,2.44,0.250039,2026-10-02
NVTS,12.4,2026-10-09,6,Call,14,-0.13%,0.09,0.1,0.1,2035,834,2.44,0.144432,2026-10-02
RILY,4.86,2026-10-09,6,Call,5,-0.03%,0.16,0.17,0.17,2162,887,2.44,0.415761,2026-10-02
NKE,33.87,2026-10-23,20,Call,36,-0.06%,0.35,0.39,0.43,2217,909,2.44,0.243097,2026-10-02
PUSA,3.16,2027-01-15,105,Call,2.5,+0.21%,1.05,1.11,1.3,2506,1026,2.44,0.758681,2026-10-02
MRNA,190.01,2026-10-02,0,Put,190,0.00%,0.44,0.48,0.56,2843,1167,2.44,-0.490681,2026-10-02
TSLA,370.59,2026-10-16,13,Call,372.5,-0.01%,10,10.1,10.25,2034,837,2.43,0.494028,2026-10-02
AMD,633.91,2026-10-09,6,Put,625,-0.01%,10.1,10.3,10.65,711,292,2.43,-0.388749,2026-10-02
AXTI,85.87,2026-10-02,0,Call,84,+0.02%,1.1,1.5,3.2,723,299,2.42,0.795897,2026-10-02
MU,1074.89,2026-10-09,6,Call,1180,-0.10%,2.93,3.05,3.05,771,319,2.42,0.090893,2026-10-02
NBIS,242.81,2026-10-02,0,Call,200,+0.18%,41.1,42.34,44.5,843,349,2.42,0.99815,2026-10-02
BA,193.56,2026-10-09,6,Put,192.5,-0.01%,2.82,2.92,3,1138,471,2.42,-0.442019,2026-10-02
C,128.5,2026-10-02,0,Put,129,0.00%,0.4,0.52,0.68,2184,901,2.42,-0.835619,2026-10-02
CBRS,166.43,2026-10-09,6,Put,165,-0.01%,4.9,5.11,5.5,2200,908,2.42,-0.44162,2026-10-02
GME,24.7,2026-10-09,6,Call,23.5,+0.05%,1.34,1.41,1.46,3608,1488,2.42,0.783659,2026-10-02
CSCO,112.2,2026-10-02,0,Call,112,0.00%,0.17,0.24,0.29,5737,2370,2.42,0.817636,2026-10-02
NKE,33.87,2026-10-09,6,Call,35.5,-0.05%,0.15,0.17,0.18,3140,1305,2.41,0.181648,2026-10-02
GME,24.7,2026-10-09,6,Call,25.5,-0.03%,0.43,0.43,0.45,4099,1701,2.41,0.353588,2026-10-02
MU,1074.89,2026-10-02,0,Call,1070,0.00%,4.1,4.77,5,11044,4578,2.41,0,2026-10-02
RKLB,73.92,2026-10-09,6,Put,74,0.00%,2.6,2.63,2.84,1221,507,2.41,-0.484233,2026-10-02
ALAB,350.33,2026-12-18,77,Put,220,-0.37%,4.5,5,5.5,502,209,2.4,-0.073215,2026-10-02
NVO,37.32,2026-10-09,6,Call,38,-0.02%,0.27,0.28,0.32,571,239,2.39,0.32399,2026-10-02
GEMI,4.67,2026-10-09,6,Call,5,-0.07%,0.05,0.15,0.2,742,310,2.39,0.328968,2026-10-02
WMT,104.26,2026-10-16,13,Call,104,0.00%,1.95,2,2.05,847,355,2.39,0.540882,2026-10-02
COIN,183,2026-10-09,6,Call,210,-0.15%,0.38,0.4,0.44,1924,804,2.39,0.061796,2026-10-02
HOOD,112.74,2026-10-09,6,Put,111,-0.02%,2.26,2.26,2.38,1993,834,2.39,-0.395963,2026-10-02
TE,3.92,2026-10-02,0,Call,1,+0.74%,2.8,2.9,3,4956,2081,2.38,0.991082,2026-10-02
MARA,11.23,2026-10-09,6,Put,11,-0.02%,0.32,0.33,0.34,5183,2177,2.38,-0.395811,2026-10-02
ORCL,142.3,2026-10-09,6,Call,160,-0.12%,0.26,0.27,0.29,5503,2316,2.38,0.061905,2026-10-02
SKHY,195.13,2026-10-09,6,Call,197.5,-0.01%,3.85,4,3.95,574,241,2.38,0.440497,2026-10-02
SKHY,195.13,2026-10-09,6,Call,210,-0.08%,0.91,0.94,0.95,1521,638,2.38,0.143953,2026-10-02
APLD,25.38,2026-10-09,6,Call,25.5,0.00%,1.55,1.62,1.68,542,229,2.37,0.522891,2026-10-02
QCOM,184.87,2028-12-15,805,Put,80,-0.57%,4.8,5.45,6.15,790,334,2.37,-0.061469,2026-10-02
AMD,633.91,2026-10-05,2,Put,617.5,-0.03%,1.23,1.35,1.36,929,392,2.37,-0.150538,2026-10-02
INTC,119.33,2026-10-09,6,Put,119,0.00%,3.45,3.55,3.55,936,395,2.37,-0.467929,2026-10-02
ARM,307.49,2026-10-02,0,Call,307.5,0.00%,0.51,0.56,0.75,1363,575,2.37,0.50674,2026-10-02
MSFT,517.53,2026-10-30,27,Call,590,-0.14%,1.42,1.47,1.9,1531,645,2.37,0.081611,2026-10-02
BCH,38.49,2026-11-20,49,Call,40,-0.04%,0.85,0.9,2.1,2456,1035,2.37,0.392188,2026-10-02
SOFI,15.77,2028-12-15,805,Put,5,-0.68%,0.31,0.33,0.34,3834,1617,2.37,-0.037104,2026-10-02
GIS,32.01,2027-01-15,105,Call,35,-0.09%,0.95,0.99,1.05,2906,1230,2.36,0.310069,2026-10-02
LAES,2.37,2029-01-19,840,Call,2,+0.16%,0.8,1,1.52,7505,3177,2.36,0.787147,2026-10-02
AMZN,251.52,2026-10-05,2,Call,235,+0.07%,14.65,15.53,17.7,573,243,2.36,0.995289,2026-10-02
GE,309.56,2026-10-16,13,Call,320,-0.03%,3,3.28,3.65,573,243,2.36,0.300512,2026-10-02
INTC,119.33,2026-10-09,6,Call,126,-0.06%,1.45,1.47,1.5,1748,740,2.36,0.264058,2026-10-02
BMY,61.15,2026-10-16,13,Call,61,0.00%,1.41,1.49,1.58,547,233,2.35,0.527524,2026-10-02
ARHS,10.24,2027-02-19,140,Call,12.5,-0.22%,0.5,0.7,1,617,262,2.35,0.365018,2026-10-02
NLY,18.5,2026-10-02,0,Call,18.5,0.00%,0,0.21,0.26,859,365,2.35,0.498165,2026-10-02
GME,24.7,2026-10-30,27,Put,23,-0.07%,0.56,0.59,0.68,1118,475,2.35,-0.278664,2026-10-02
SPCX,158.96,2028-12-15,805,Call,175,-0.10%,48.55,49.55,50.1,1224,520,2.35,0.658327,2026-10-02
TTD,11.95,2026-10-09,6,Call,12.5,-0.05%,0.1,0.11,0.13,1925,819,2.35,0.256126,2026-10-02
IREN,41.76,2026-10-09,6,Call,45,-0.08%,0.47,0.48,0.5,5971,2546,2.35,0.226118,2026-10-02
SPCX,158.96,2026-10-02,0,Call,155,+0.02%,3.95,3.87,4,61554,26239,2.35,0.993072,2026-10-02
IREN,41.76,2026-10-02,0,Put,42,+0.01%,0.22,0.25,0.27,7532,3217,2.34,-0.914781,2026-10-02
ORCL,142.3,2026-10-09,6,Put,141,-0.01%,2.45,3.05,3.1,795,340,2.34,-0.425396,2026-10-02
NKE,33.87,2029-01-19,840,Call,35,-0.03%,8.05,8.25,8.25,1978,847,2.34,0.577744,2026-10-02
BSY,32.23,2028-01-21,476,Call,45,-0.40%,2.25,2.45,3,501,215,2.33,0.33837,2026-10-02
SPCX,158.96,2026-11-06,35,Call,180,-0.13%,2.98,3.05,3.1,582,250,2.33,0.233877,2026-10-02
HIMS,29,2026-10-09,6,Call,29,0.00%,0.94,1,1.06,1137,489,2.33,0.520061,2026-10-02
TSLA,370.59,2026-10-09,6,Put,352.5,-0.05%,1.32,1.32,1.37,1340,576,2.33,-0.142926,2026-10-02
NEE,76.83,2026-11-20,49,Call,77.5,-0.01%,2.29,2.64,2.74,1538,659,2.33,0.482908,2026-10-02
WFC,80.45,2026-10-16,13,Call,82,-0.02%,1.54,1.62,1.68,1583,678,2.33,0.409552,2026-10-02
PLTR,188.75,2026-10-09,6,Put,185,-0.02%,2.34,2.39,2.4,6427,2761,2.33,-0.340775,2026-10-02
TSLA,370.59,2026-10-16,13,Put,370,0.00%,10,10.09,10.2,15490,6638,2.33,-0.470809,2026-10-02
TSLA,370.59,2026-10-05,2,Call,377.5,-0.02%,1.08,1.08,1.11,18241,7825,2.33,0.221578,2026-10-02
PLTR,188.75,2026-10-09,6,Put,180,-0.05%,1.08,1.1,1.1,3760,1624,2.32,-0.185594,2026-10-02
APLD,25.38,2026-10-09,6,Put,21.5,-0.15%,0.2,0.27,0.36,552,238,2.32,-0.129454,2026-10-02
RGNX,7.43,2027-01-15,105,Call,10,-0.35%,0.4,1.2,2.05,600,259,2.32,0.461807,2026-10-02
CELH,26.75,2026-10-09,6,Call,29,-0.08%,0.09,0.1,0.19,810,349,2.32,0.14425,2026-10-02
MDT,86.38,2026-10-09,6,Call,90,-0.04%,0.17,0.36,0.45,864,373,2.32,0.166218,2026-10-02
CBRS,166.43,2026-10-09,6,Call,165,+0.01%,6.5,6.8,6.9,676,293,2.31,0.559006,2026-10-02
NVTS,12.4,2026-10-09,6,Put,11.5,-0.07%,0.14,0.15,0.16,1171,506,2.31,-0.206883,2026-10-02
AAOI,115.59,2026-10-09,6,Call,115,+0.01%,5.2,5.48,6.1,1688,732,2.31,0.542845,2026-10-02
INTC,119.33,2026-10-09,6,Call,121,-0.01%,2.99,3,3.1,2010,871,2.31,0.448714,2026-10-02
GOOGL,343.5,2026-10-05,2,Call,340,+0.01%,4.25,4.35,4.7,2957,1280,2.31,0.738595,2026-10-02
CCL,25.76,2026-11-20,49,Call,29,-0.13%,0.39,0.43,0.45,3426,1481,2.31,0.219448,2026-10-02
CRWV,89.62,2026-10-02,0,Call,89,+0.01%,0.53,0.64,0.68,5425,2362,2.3,0.939535,2026-10-02
AAPL,333.69,2026-10-02,0,Put,335,0.00%,1.02,1.41,1.65,19019,8275,2.3,-0.913928,2026-10-02
ZETA,32.63,2026-10-09,6,Call,33,-0.01%,0.76,0.9,0.94,1350,588,2.3,0.46083,2026-10-02
AAPL,333.69,2026-10-09,6,Put,322.5,-0.03%,0.68,0.7,0.77,1955,850,2.3,-0.133958,2026-10-02
WOLF,35.28,2026-10-02,0,Call,35,+0.01%,0.15,0.5,0.66,644,281,2.29,0.686803,2026-10-02
SNY,39.92,2026-10-16,13,Put,40,0.00%,0.7,0.7,0.9,648,283,2.29,-0.549503,2026-10-02
TSM,472.78,2026-10-16,13,Call,485,-0.03%,7.85,8.22,8.65,745,326,2.29,0.375943,2026-10-02
RGTI,15.25,2026-10-09,6,Put,14.5,-0.05%,0.17,0.19,0.21,972,425,2.29,-0.249772,2026-10-02
TE,3.92,2026-10-02,0,Call,0.5,+0.87%,3.3,3.41,3.5,4959,2161,2.29,0,2026-10-02
INTC,119.33,2026-10-02,0,Put,125,+0.05%,5.6,5.63,5.8,13545,5920,2.29,-0.968967,2026-10-02
HIMS,29,2026-10-09,6,Call,31,-0.07%,0.35,0.37,0.41,2384,1047,2.28,0.250224,2026-10-02
NVDA,233.95,2026-10-09,6,Put,212.5,-0.09%,0.11,0.11,0.13,17863,7849,2.28,-0.026224,2026-10-02
GOOGL,343.5,2026-10-02,0,Call,332.5,+0.03%,10.6,10.85,11.75,633,278,2.28,0.950472,2026-10-02
IBRX,10.28,2026-10-09,6,Call,11,-0.07%,0.25,0.29,0.35,712,312,2.28,0.340439,2026-10-02
RKLB,73.92,2026-10-09,6,Put,71,-0.04%,1.3,1.35,1.4,913,401,2.28,-0.306818,2026-10-02
ACN,198.9,2026-10-09,6,Put,200,+0.01%,4.7,4.9,5.3,645,284,2.27,-0.527423,2026-10-02
AVGO,355.14,2026-10-05,2,Call,350,+0.01%,6.05,6.65,6.95,1236,544,2.27,0.741415,2026-10-02
META,728.08,2026-10-09,6,Put,710,-0.02%,5.55,6,5.95,1305,574,2.27,-0.277154,2026-10-02
IREN,41.76,2026-10-09,6,Call,44,-0.05%,0.7,0.72,0.72,3102,1364,2.27,0.303609,2026-10-02
MU,1074.89,2026-10-05,2,Call,1200,-0.12%,0.1,0.12,0.12,6322,2789,2.27,0.007126,2026-10-02
WULF,15.49,2026-12-18,77,Put,11,-0.29%,0.29,0.48,0.55,2049,908,2.26,-0.135399,2026-10-02
BULL,7.34,2026-10-09,6,Call,7.5,-0.02%,0.16,0.17,0.17,2607,1153,2.26,0.411221,2026-10-02
MSTR,160.01,2026-10-09,6,Put,150,-0.06%,1.17,1.35,1.39,6058,2686,2.26,-0.185488,2026-10-02
INTC,119.33,2026-10-07,4,Call,124,-0.04%,1.21,1.25,1.3,645,285,2.26,0.281123,2026-10-02
INTC,119.33,2026-10-09,6,Call,134,-0.12%,0.42,0.44,0.44,912,404,2.26,0.093939,2026-10-02
NVDA,233.95,2026-10-07,4,Call,217.5,+0.07%,14.45,16.1,18.95,938,415,2.26,0.959003,2026-10-02
MU,1074.89,2026-10-09,6,Call,1110,-0.03%,13.15,13.38,13.5,1380,610,2.26,0.317444,2026-10-02
HOOD,112.74,2026-10-09,6,Call,110,+0.02%,4.65,4.8,4.85,1856,821,2.26,0.652339,2026-10-02
DELL,562.52,2026-10-09,6,Call,600,-0.07%,4.3,4.53,4.55,1878,830,2.26,0.200085,2026-10-02
NBIS,242.81,2026-10-30,27,Call,340,-0.40%,0.98,1.65,2.49,521,232,2.25,0.078562,2026-10-02
INOD,70.07,2026-10-02,0,Call,70,0.00%,0,0.31,1.25,529,235,2.25,0.525192,2026-10-02
DELL,562.52,2026-10-09,6,Call,630,-0.12%,1.06,1.37,1.35,590,262,2.25,0.067894,2026-10-02
FCX,72.04,2026-10-09,6,Put,69,-0.04%,0.62,0.67,0.84,680,302,2.25,-0.246665,2026-10-02
JPM,332.38,2026-10-09,6,Put,327.5,-0.01%,2.12,2.27,2.39,775,345,2.25,-0.315996,2026-10-02
TSLA,370.59,2026-10-05,2,Call,395,-0.07%,0.09,0.1,0.11,3157,1402,2.25,0.023051,2026-10-02
META,728.08,2026-10-09,6,Call,740,-0.02%,8.1,8.1,8.5,2053,916,2.24,0.373379,2026-10-02
PLTR,188.75,2026-10-09,6,Put,182.5,-0.03%,1.61,1.62,1.66,2145,958,2.24,-0.256509,2026-10-02
ADBE,237.69,2026-10-02,0,Call,237.5,0.00%,0.23,0.4,0.47,737,329,2.24,0.647781,2026-10-02
NVDA,233.95,2026-10-16,13,Put,245,+0.05%,11.45,11.87,12.35,1214,543,2.24,-0.825388,2026-10-02
PFE,27.8,2026-10-16,13,Put,27.5,-0.01%,0.21,0.32,0.33,1673,748,2.24,-0.38117,2026-10-02
ORCL,142.3,2026-11-06,35,Put,100,-0.30%,0.15,0.24,0.29,768,344,2.23,-0.021339,2026-10-02
NVDA,233.95,2026-10-12,9,Put,230,-0.02%,2,2.1,2.2,892,400,2.23,-0.325857,2026-10-02
TSLA,370.59,2026-10-09,6,Put,347.5,-0.06%,0.79,0.85,0.83,958,429,2.23,-0.092209,2026-10-02
GOOGL,343.5,2026-10-05,2,Call,352.5,-0.03%,0.21,0.24,0.24,1639,736,2.23,0.080108,2026-10-02
PBR,21.65,2026-10-30,27,Put,21,-0.03%,1.06,1.16,1.17,2016,904,2.23,-0.393258,2026-10-02
MSTR,160.01,2026-10-09,6,Put,160,0.00%,4.9,5,5.1,4643,2082,2.23,-0.48133,2026-10-02
NVDA,233.95,2026-10-12,9,Call,240,-0.03%,1.37,1.55,1.65,6392,2869,2.23,0.272174,2026-10-02
BA,193.56,2026-10-02,0,Call,192.5,+0.01%,0.68,0.87,1.23,4951,2226,2.22,0.957038,2026-10-02
MP,46.97,2026-10-09,6,Call,52,-0.11%,0.11,0.14,0.18,791,357,2.22,0.092153,2026-10-02
GOOGL,343.5,2026-10-05,2,Call,337.5,+0.02%,5,6.2,6.9,855,386,2.22,0.928852,2026-10-02
CMG,32.36,2026-10-09,6,Put,30.5,-0.06%,0.11,0.13,0.13,1016,458,2.22,-0.131598,2026-10-02
ZLAB,24.33,2027-03-19,167,Put,35,+0.44%,10.5,11.7,13.3,658,298,2.21,-0.714826,2026-10-02
GOOGL,343.5,2026-10-07,4,Call,360,-0.05%,0.3,0.31,0.31,859,388,2.21,0.066728,2026-10-02
TSLA,370.59,2026-10-09,6,Put,350,-0.06%,1.03,1.05,1.05,5524,2497,2.21,-0.114868,2026-10-02
RKLB,73.92,2026-10-02,0,Call,73,+0.01%,0.81,0.92,1.02,6312,2857,2.21,0.984818,2026-10-02
BE,289.15,2026-10-09,6,Call,310,-0.07%,3.3,3.54,3.65,1264,574,2.2,0.236616,2026-10-02
MU,1074.89,2026-10-09,6,Put,1050,-0.02%,14.9,15.21,15.55,1751,795,2.2,-0.33681,2026-10-02
SPCX,158.96,2026-10-30,27,Call,185,-0.16%,1.25,1.35,1.3,1930,879,2.2,0.132873,2026-10-02
HIMS,29,2026-10-09,6,Put,27.5,-0.05%,0.33,0.38,0.45,648,296,2.19,-0.251543,2026-10-02
WDC,415.29,2026-10-16,13,Call,510,-0.23%,1.5,1.65,1.74,659,301,2.19,0.070044,2026-10-02
AAOI,115.59,2026-10-02,0,Call,113,+0.02%,2.4,3,3.2,668,305,2.19,0.851329,2026-10-02
CRWV,89.62,2026-10-02,0,Put,91,+0.02%,1.33,1.35,1.5,1981,906,2.19,-0.912531,2026-10-02
ORCL,142.3,2026-10-09,6,Call,143,0.00%,3.2,3.28,3.35,2604,1188,2.19,0.484017,2026-10-02
COIN,183,2026-10-02,0,Put,187.5,+0.02%,3.45,4.44,6.6,4149,1897,2.19,-0.805433,2026-10-02
MSTR,160.01,2026-10-09,6,Put,155,-0.03%,2.7,2.73,2.82,6497,2967,2.19,-0.324787,2026-10-02
BMNR,26.27,2026-10-09,6,Call,27,-0.03%,0.62,0.61,0.67,2193,1004,2.18,0.400796,2026-10-02
VLO,406.3,2026-10-02,0,Call,402.5,+0.01%,2.35,4.85,5.3,596,274,2.18,0.733673,2026-10-02
BE,289.15,2026-10-09,6,Call,345,-0.19%,0.21,0.44,0.5,620,285,2.18,0.034165,2026-10-02
KOD,94.45,2026-10-16,13,Put,90,-0.05%,3.3,3.55,4.5,650,298,2.18,-0.349041,2026-10-02
DELL,562.52,2026-10-09,6,Put,520,-0.08%,2.7,2.7,3.05,821,377,2.18,-0.133302,2026-10-02
PL,17.5,2026-10-09,6,Call,18,-0.03%,0.4,0.43,0.5,1140,524,2.18,0.403029,2026-10-02
BE,289.15,2026-10-09,6,Put,275,-0.05%,4.05,4.2,4.5,1193,548,2.18,-0.266008,2026-10-02
NBIS,242.81,2026-10-09,6,Put,235,-0.03%,5.3,5.36,5.4,699,322,2.17,-0.341776,2026-10-02
TSM,472.78,2026-10-09,6,Put,450,-0.05%,0.76,0.79,0.85,989,456,2.17,-0.093541,2026-10-02
INTU,281.08,2026-10-16,13,Call,320,-0.14%,0.45,0.7,0.95,1115,514,2.17,0.068976,2026-10-02
META,728.08,2026-10-02,0,Call,725,0.00%,2.01,3.16,4.05,3805,1757,2.17,0.982406,2026-10-02
ORCL,142.3,2027-12-17,441,Call,150,-0.05%,33.6,34.2,35.7,3195,1480,2.16,0.607504,2026-10-02
MA,552.26,2027-03-19,167,Call,590,-0.07%,22.9,24.5,24.4,616,285,2.16,0.407246,2026-10-02
HOOD,112.74,2026-10-16,13,Call,114,-0.01%,4.05,4.1,4.2,873,404,2.16,0.482892,2026-10-02
AMD,633.91,2026-10-07,4,Put,600,-0.05%,1.6,1.66,1.72,1000,463,2.16,-0.113196,2026-10-02
RIVN,14.3,2026-10-09,6,Put,16,+0.12%,1.61,1.86,1.91,1091,504,2.16,-0.888487,2026-10-02
COST,920.65,2026-10-02,0,Call,920,0.00%,0.58,1.07,1.49,1566,725,2.16,0.686629,2026-10-02
GS,902.56,2026-10-02,0,Call,920,-0.02%,0,0.13,0.2,644,300,2.15,0.028777,2026-10-02
BTDR,11.02,2026-11-20,49,Call,15,-0.36%,0.35,0.44,0.55,1174,546,2.15,0.237886,2026-10-02
BE,289.15,2026-10-02,0,Put,295,+0.02%,3.85,4.68,6.75,1181,549,2.15,-0.982129,2026-10-02
BMNR,26.27,2026-10-09,6,Put,25.5,-0.03%,0.55,0.56,0.59,1194,555,2.15,-0.349054,2026-10-02
UBER,68.11,2026-10-02,0,Call,67,+0.02%,1.02,1.15,1.25,1411,655,2.15,0.941941,2026-10-02
RDDT,147.86,2026-10-09,6,Call,155,-0.05%,1.65,1.75,2,1818,847,2.15,0.278418,2026-10-02
IREN,41.76,2026-10-09,6,Call,41.5,+0.01%,1.62,1.65,1.69,2054,956,2.15,0.548244,2026-10-02
IBRX,10.28,2026-10-09,6,Call,10,+0.03%,0.55,0.73,0.8,2824,1315,2.15,0.613675,2026-10-02
XOM,164.01,2026-10-09,6,Call,170,-0.04%,0.51,0.58,0.64,2850,1323,2.15,0.176051,2026-10-02
BE,289.15,2026-10-09,6,Call,300,-0.04%,6,5.9,6.2,3370,1567,2.15,0.36074,2026-10-02
HOOD,112.74,2026-10-02,0,Put,118,+0.05%,4.15,5.16,5.4,3404,1583,2.15,-0.983491,2026-10-02
AAPL,333.69,2026-10-02,0,Call,330,+0.01%,3.35,3.55,3.85,25337,11810,2.15,0.986201,2026-10-02
COIN,183,2026-10-09,6,Put,170,-0.07%,0.85,1.07,1.11,2125,994,2.14,-0.141701,2026-10-02
NU,13.43,2026-10-30,27,Put,12.5,-0.07%,0.38,0.46,0.52,2266,1057,2.14,-0.296413,2026-10-02
INTC,119.33,2026-10-09,6,Put,115,-0.04%,1.83,1.85,1.88,4394,2054,2.14,-0.301454,2026-10-02
RKLB,73.92,2026-10-09,6,Call,75,-0.01%,1.95,2.18,2.28,5526,2579,2.14,0.45436,2026-10-02
SOFI,15.77,2026-11-20,49,Call,16,-0.01%,1.14,1.15,1.15,9032,4222,2.14,0.519536,2026-10-02
WULF,15.49,2026-11-20,49,Put,12,-0.23%,0.45,0.48,0.54,17585,8221,2.14,-0.172445,2026-10-02
CRWV,89.62,2026-10-09,6,Put,87,-0.03%,1.88,1.92,1.96,763,356,2.14,-0.348287,2026-10-02
HOOD,112.74,2026-10-09,6,Put,118,+0.05%,6.4,6.54,6.6,770,359,2.14,-0.726535,2026-10-02
MSFT,517.53,2026-10-09,6,Call,522.5,-0.01%,4.3,4.75,4.75,1189,556,2.14,0.394486,2026-10-02
CRWD,270.04,2026-10-09,6,Put,250,-0.07%,0.98,1.04,1.08,1737,813,2.14,-0.114545,2026-10-02
ZTS,69.69,2026-11-20,49,Call,70,0.00%,2.8,4.2,4.7,518,243,2.13,0.516785,2026-10-02
RTX,184.68,2026-10-09,6,Call,190,-0.03%,0.54,0.67,0.65,775,363,2.13,0.189679,2026-10-02
NVDA,233.95,2026-10-12,9,Put,220,-0.06%,0.46,0.48,0.55,878,413,2.13,-0.093961,2026-10-02
ASTS,58.45,2026-10-09,6,Put,58,-0.01%,1.84,1.86,1.96,1273,598,2.13,-0.446006,2026-10-02
MU,1074.89,2026-10-16,13,Call,1160,-0.08%,12.4,12.6,12.8,1438,674,2.13,0.226131,2026-10-02
AMD,633.91,2026-10-09,6,Put,600,-0.05%,3.25,3.4,3.5,1560,734,2.13,-0.165582,2026-10-02
NBIS,242.81,2026-10-09,6,Call,270,-0.11%,1.67,1.68,1.74,2811,1319,2.13,0.147422,2026-10-02
AVGO,355.14,2026-10-09,6,Call,360,-0.01%,4.2,4.3,4.45,3719,1757,2.12,0.393821,2026-10-02
VST,140.02,2026-10-02,0,Call,137,+0.02%,1.58,2.91,3.6,1125,531,2.12,0.984188,2026-10-02
WDC,415.29,2026-10-16,13,Call,450,-0.08%,7.7,8.2,9.3,1304,615,2.12,0.282736,2026-10-02
QBTS,15.77,2026-10-09,6,Call,16.5,-0.05%,0.25,0.28,0.29,1441,681,2.12,0.318651,2026-10-02
AAOI,115.59,2026-10-09,6,Call,130,-0.12%,0.75,1.3,1.35,1638,771,2.12,0.161615,2026-10-02
NVTS,12.4,2026-10-09,6,Call,12.5,-0.01%,0.41,0.45,0.48,1857,874,2.12,0.48978,2026-10-02
TE,3.92,2026-10-02,0,Call,3.5,+0.11%,0.35,0.42,0.45,572,271,2.11,0.9312,2026-10-02
MU,1074.89,2026-10-09,6,Call,1220,-0.13%,1.28,1.4,1.49,664,314,2.11,0.044447,2026-10-02
AMD,633.91,2026-10-30,27,Put,560,-0.12%,7.1,7.5,7.9,742,352,2.11,-0.157336,2026-10-02
APP,268.22,2026-10-02,0,Put,272.5,+0.02%,3.4,4.42,5.1,772,366,2.11,-0.899551,2026-10-02
IREN,41.76,2026-10-09,6,Put,41.5,-0.01%,1.32,1.32,1.38,839,397,2.11,-0.452112,2026-10-02
AMD,633.91,2026-10-09,6,Call,680,-0.07%,2.3,2.39,2.56,918,436,2.11,0.130317,2026-10-02
SKHY,195.13,2026-10-09,6,Put,190,-0.03%,2.64,2.62,2.67,1094,518,2.11,-0.321415,2026-10-02
RKT,11.7,2026-10-09,6,Call,12,-0.03%,0.24,0.24,0.26,3440,1627,2.11,0.394284,2026-10-02
NTSK,17.75,2026-11-20,49,Call,22.5,-0.27%,0.35,0.5,0.6,2571,1227,2.1,0.21151,2026-10-02
MARA,11.23,2026-10-02,0,Put,11.5,+0.02%,0.23,0.21,0.28,12168,5788,2.1,-0.893564,2026-10-02
IREN,41.76,2026-10-09,6,Call,48.5,-0.16%,0.11,0.13,0.14,572,273,2.1,0.071252,2026-10-02
DELL,562.52,2027-03-19,167,Call,600,-0.07%,86.4,88.25,89.55,708,337,2.1,0.544787,2026-10-02
APP,268.22,2026-10-09,6,Call,290,-0.08%,1,1.3,1.45,717,341,2.1,0.135955,2026-10-02
AMD,633.91,2026-10-09,6,Put,615,-0.03%,6.55,6.68,7,852,405,2.1,-0.28702,2026-10-02
IBRX,10.28,2026-10-09,6,Call,10.5,-0.02%,0.4,0.44,0.55,1128,536,2.1,0.469833,2026-10-02
MU,1074.89,2026-10-05,2,Call,1180,-0.10%,0.15,0.18,0.19,556,266,2.09,0.01147,2026-10-02
CRWV,89.62,2026-10-02,0,Put,92,+0.03%,2.33,1.91,2.5,708,338,2.09,-0.938289,2026-10-02
SMCI,43.69,2026-10-30,27,Put,42,-0.04%,2.34,2.37,2.43,745,356,2.09,-0.375855,2026-10-02
GOOGL,343.5,2026-10-09,6,Put,337.5,-0.02%,2.41,2.47,2.8,1108,529,2.09,-0.308319,2026-10-02
MAT,15.27,2027-01-15,105,Call,15,+0.02%,1.7,1.85,2,1456,695,2.09,0.577667,2026-10-02
ASTS,58.45,2026-10-09,6,Call,59,-0.01%,1.87,1.95,1.98,1616,773,2.09,0.480972,2026-10-02
SMCI,43.69,2026-10-09,6,Call,44.5,-0.02%,1.15,1.17,1.18,1859,889,2.09,0.435965,2026-10-02
BABA,105.85,2026-10-09,6,Call,107,-0.01%,1.26,1.51,1.59,1876,896,2.09,0.415622,2026-10-02
NU,13.43,2026-10-30,27,Put,14,+0.04%,1.04,1.17,1.33,2150,1031,2.09,-0.563956,2026-10-02
MARA,11.23,2026-10-09,6,Call,11,+0.02%,0.57,0.57,0.59,4039,1936,2.09,0.602677,2026-10-02
AMZN,251.52,2026-10-09,6,Call,260,-0.03%,0.89,0.89,0.94,20041,9575,2.09,0.187597,2026-10-02
PYPL,52.8,2026-10-09,6,Call,57,-0.08%,0.1,0.11,0.12,2590,1247,2.08,0.08524,2026-10-02
ON,84.89,2028-01-21,476,Call,110,-0.30%,15.15,16.33,16.85,3248,1560,2.08,0.509985,2026-10-02
AMZN,251.52,2026-10-09,6,Call,255,-0.01%,2.07,2.12,2.2,8103,3891,2.08,0.361202,2026-10-02
CCL,25.76,2026-10-16,13,Call,25,+0.03%,1.16,1.25,1.25,14706,7073,2.08,0.67145,2026-10-02
GOOGL,343.5,2026-10-09,6,Put,332.5,-0.03%,1.26,1.34,1.36,522,251,2.08,-0.18354,2026-10-02
KURA,10.65,2027-04-16,195,Call,10,+0.06%,2.2,2.65,2.9,542,260,2.08,0.664537,2026-10-02
TMC,3.79,2027-05-21,230,Call,5,-0.32%,0.76,0.79,1.02,549,264,2.08,0.539872,2026-10-02
BE,289.15,2026-10-09,6,Call,330,-0.14%,1.05,1.12,1.18,624,300,2.08,0.090743,2026-10-02
WDC,415.29,2026-12-18,77,Call,550,-0.32%,15.2,14.13,19.55,780,375,2.08,0.250437,2026-10-02
NVDA,233.95,2026-10-12,9,Call,245,-0.05%,0.58,0.64,0.67,834,401,2.08,0.134077,2026-10-02
RKLB,73.92,2026-10-09,6,Call,81,-0.10%,0.55,0.62,0.65,843,405,2.08,0.172182,2026-10-02
SBET,9.35,2026-10-09,6,Put,9.5,+0.02%,0.22,0.46,0.5,862,414,2.08,-0.566919,2026-10-02
NBIS,242.81,2026-10-09,6,Call,255,-0.05%,4.4,4.4,4.5,963,464,2.08,0.318381,2026-10-02
IBM,222.64,2026-10-09,6,Call,237.5,-0.07%,0.25,0.33,0.36,966,465,2.08,0.072027,2026-10-02
PYPL,52.8,2026-10-09,6,Put,52,-0.02%,0.5,0.52,0.6,1192,573,2.08,-0.350239,2026-10-02
GOOGL,343.5,2026-10-09,6,Put,327.5,-0.05%,0.57,0.62,0.66,1412,678,2.08,-0.098425,2026-10-02
HL,17.2,2026-11-20,49,Put,17,-0.01%,1.26,1.29,1.42,1415,681,2.08,-0.428342,2026-10-02
QBTS,15.77,2026-10-09,6,Put,15.5,-0.02%,0.38,0.38,0.43,634,307,2.07,-0.400897,2026-10-02
TSLA,370.59,2026-10-02,0,Put,385,+0.04%,13.45,15,14.9,683,330,2.07,-0.88777,2026-10-02
RKLB,73.92,2026-10-16,13,Call,82,-0.11%,1.23,1.35,1.35,773,374,2.07,0.239243,2026-10-02
NKE,33.87,2029-01-19,840,Call,30,+0.11%,10.15,10.55,11.2,907,438,2.07,0.663846,2026-10-02
AMD,633.91,2027-04-16,195,Put,550,-0.13%,49.35,50.83,51.7,1081,522,2.07,-0.272314,2026-10-02
INTC,119.33,2026-10-07,4,Put,115,-0.04%,1.18,1.19,1.23,1197,579,2.07,-0.262234,2026-10-02
NVDA,233.95,2026-10-05,2,Call,227.5,+0.03%,6.45,6.63,6.85,3380,1630,2.07,0.924679,2026-10-02
CRWV,89.62,2026-10-30,27,Put,80,-0.11%,2.7,2.73,2.75,5801,2808,2.07,-0.242259,2026-10-02
GOOG,340.35,2026-10-09,6,Call,350,-0.03%,1.63,1.63,1.71,7268,3509,2.07,0.233298,2026-10-02
INTC,119.33,2026-10-05,2,Call,120,-0.01%,1.45,1.46,1.5,8494,4100,2.07,0.44969,2026-10-02
BMNR,26.27,2026-10-09,6,Call,28,-0.07%,0.35,0.37,0.37,3987,1932,2.06,0.259545,2026-10-02
HOOD,112.74,2026-10-09,6,Call,121,-0.07%,0.75,0.78,0.79,7786,3775,2.06,0.178392,2026-10-02
RUM,7.57,2026-10-09,6,Put,15,+0.98%,6.8,7.03,7.6,509,247,2.06,-0.988605,2026-10-02
CDE,17.66,2026-10-02,0,Call,12,+0.32%,5.5,5.7,5.8,569,276,2.06,0.974266,2026-10-02
QBTS,15.77,2026-10-09,6,Put,16.5,+0.05%,0.96,1,1.03,764,371,2.06,-0.68058,2026-10-02
TSLA,370.59,2026-10-12,9,Call,365,+0.02%,10.9,10.7,11.4,918,446,2.06,0.629133,2026-10-02
PEP,125.89,2026-10-09,6,Call,132,-0.05%,0.37,0.49,0.51,1147,558,2.06,0.151813,2026-10-02
META,728.08,2026-10-05,2,Call,725,0.00%,7.15,7.4,7.75,1452,704,2.06,0.593145,2026-10-02
AVGO,355.14,2026-10-16,13,Call,355,0.00%,9.5,9.7,9.85,1473,714,2.06,0.522234,2026-10-02
RGTI,15.25,2026-10-09,6,Call,16,-0.05%,0.22,0.25,0.25,1845,897,2.06,0.301119,2026-10-02
PBR,21.65,2026-10-30,27,Call,21,+0.03%,1.76,1.85,1.86,2124,1034,2.05,0.604188,2026-10-02
GOOG,340.35,2026-10-09,6,Call,340,0.00%,5.05,5.17,5.35,3139,1534,2.05,0.525085,2026-10-02
SPCX,158.96,2026-10-09,6,Call,152.5,+0.04%,7.75,7.65,7.85,8503,4158,2.04,0.774286,2026-10-02
BE,289.15,2026-10-09,6,Call,325,-0.12%,1.37,1.57,1.54,545,267,2.04,0.115055,2026-10-02
AAPL,333.69,2026-10-12,9,Call,335,0.00%,3.5,3.65,3.9,566,277,2.04,0.467675,2026-10-02
META,728.08,2026-10-09,6,Put,685,-0.06%,1.45,1.52,1.57,593,291,2.04,-0.092384,2026-10-02
CVX,206.69,2026-10-16,13,Put,202.5,-0.02%,1.94,2.07,2.26,703,344,2.04,-0.322099,2026-10-02
IBM,222.64,2026-10-09,6,Call,227.5,-0.02%,1.65,1.7,2.02,766,376,2.04,0.311875,2026-10-02
GEV,988.7,2028-12-15,805,Put,800,-0.19%,138.4,140.8,143.5,787,385,2.04,-0.228002,2026-10-02
BIDU,84.32,2026-10-09,6,Call,87,-0.03%,0.53,0.68,0.69,788,387,2.04,0.262541,2026-10-02
ORCL,142.3,2026-10-09,6,Call,149,-0.05%,1.31,1.37,1.39,794,390,2.04,0.251826,2026-10-02
TGT,156,2026-12-18,77,Put,145,-0.07%,5.2,5.35,5.5,886,435,2.04,-0.296011,2026-10-02
SO,83.72,2026-11-20,49,Call,82.5,+0.01%,2.9,3.54,3.9,1392,684,2.04,0.586738,2026-10-02
NOW,134.38,2026-10-09,6,Put,132,-0.02%,2.18,2.33,2.29,511,252,2.03,-0.372269,2026-10-02
BB,9.3,2026-10-30,27,Call,11,-0.18%,0.07,0.15,0.16,541,267,2.03,0.161822,2026-10-02
AMD,633.91,2026-10-09,6,Call,705,-0.11%,0.55,0.83,0.89,597,294,2.03,0.045802,2026-10-02
INTC,119.33,2026-10-09,6,Call,131,-0.10%,0.66,0.7,0.7,722,356,2.03,0.140096,2026-10-02
HOOD,112.74,2026-10-16,13,Call,116,-0.03%,2.88,3.35,3.4,832,409,2.03,0.411469,2026-10-02
NOW,134.38,2026-10-02,0,Put,136,+0.01%,1.5,2.27,1.78,1325,652,2.03,-0.940528,2026-10-02
NBIS,242.81,2026-10-09,6,Put,230,-0.05%,3.7,3.65,3.8,1994,984,2.03,-0.262099,2026-10-02
COIN,183,2026-10-02,0,Put,192.5,+0.05%,8.7,9.63,10,2487,1230,2.02,-0.942405,2026-10-02
META,728.08,2026-10-05,2,Call,765,-0.05%,0.12,0.12,0.13,904,448,2.02,0.019808,2026-10-02
BTDR,11.02,2026-12-18,77,Call,17.5,-0.59%,0.35,0.4,0.6,624,310,2.01,0.209785,2026-10-02
SNDK,1719.99,2026-10-09,6,Put,1600,-0.07%,11.1,11.3,11.5,1093,543,2.01,-0.159075,2026-10-02
COIN,183,2026-10-02,0,Put,197.5,+0.08%,12.9,15,17.35,1119,557,2.01,-0.882749,2026-10-02
SNDK,1719.99,2026-10-09,6,Put,1500,-0.13%,2.45,2.9,2.7,1170,582,2.01,-0.043252,2026-10-02
NVDA,233.95,2026-10-16,13,Put,232.5,-0.01%,4.2,4.2,4.35,2186,1087,2.01,-0.436702,2026-10-02
NCLH,15.14,2026-11-20,49,Call,15,+0.01%,1.24,1.33,1.36,4530,2257,2.01,0.568679,2026-10-02
SMCI,43.69,2026-10-02,0,Call,43,+0.02%,0.65,0.7,0.71,18119,8993,2.01,0.964545,2026-10-02
GOOG,340.35,2026-10-09,6,Call,345,-0.01%,2.68,3.1,3.15,2757,1377,2,0.362902,2026-10-02
AMD,633.91,2026-10-09,6,Put,510,-0.20%,0.21,0.26,0.29,593,296,2,-0.01136,2026-10-02
MSTR,160.01,2026-10-09,6,Put,167.5,+0.05%,9.7,10.01,10.15,619,310,2,-0.692286,2026-10-02
AM,20.36,2027-01-15,105,Call,22,-0.08%,0.45,0.5,0.6,1014,507,2,0.309184,2026-10-02
MU,1074.89,2026-10-02,0,Call,1067.5,+0.01%,5.95,6.75,7.9,1404,703,2,0.991072,2026-10-02
GOOGL,343.5,2026-10-07,4,Call,342.5,0.00%,4.25,4.15,4.6,500,251,1.99,0.55264,2026-10-02
GOOGL,343.5,2026-10-09,6,Call,367.5,-0.07%,0.3,0.34,0.33,540,271,1.99,0.053651,2026-10-02
CDE,17.66,2026-10-02,0,Call,11,+0.38%,6.5,6.75,6.8,542,273,1.99,0.961471,2026-10-02
NVDA,233.95,2026-10-07,4,Call,215,+0.08%,18,19.45,21.75,647,325,1.99,0.894838,2026-10-02
ALAB,350.33,2026-10-09,6,Call,410,-0.17%,1.15,1.31,1.63,828,416,1.99,0.083239,2026-10-02
LRCX,347.49,2026-11-20,49,Call,360,-0.04%,24.95,25.4,27,1079,542,1.99,0.488831,2026-10-02
NKE,33.87,2026-11-20,49,Call,32.5,+0.04%,2.62,2.77,2.77,1229,619,1.99,0.633057,2026-10-02
NVO,37.32,2026-10-09,6,Call,39,-0.05%,0.07,0.11,0.11,1286,645,1.99,0.128325,2026-10-02
LWLG,5.7,2026-11-20,49,Call,8,-0.40%,0.15,0.24,0.3,2007,1009,1.99,0.225146,2026-10-02
NFLX,67.06,2026-10-09,6,Call,69,-0.03%,0.36,0.38,0.38,7003,3515,1.99,0.243546,2026-10-02
RIVN,14.3,2026-10-23,20,Call,15.5,-0.08%,0.31,0.35,0.36,2234,1126,1.98,0.299033,2026-10-02
XOM,164.01,2026-10-09,6,Call,165,-0.01%,1.8,1.95,2.12,2440,1234,1.98,0.444372,2026-10-02
NBIS,242.81,2026-10-09,6,Call,250,-0.03%,5.95,6,6.1,2939,1487,1.98,0.396912,2026-10-02
RCL,277.74,2026-12-18,77,Put,220,-0.21%,3.3,3.62,4,14027,7072,1.98,-0.113806,2026-10-02
MCD,231.89,2026-10-09,6,Call,232.5,0.00%,2.28,2.36,2.66,674,341,1.98,0.472048,2026-10-02
INTC,119.33,2026-10-16,13,Put,107,-0.10%,0.94,1.14,1.17,901,456,1.98,-0.147065,2026-10-02
BMNR,26.27,2026-10-09,6,Call,27.5,-0.05%,0.47,0.48,0.5,1428,720,1.98,0.325811,2026-10-02
CRWV,89.62,2026-10-09,6,Call,93,-0.04%,1.8,1.81,1.85,1257,637,1.97,0.35658,2026-10-02
WULF,15.49,2026-10-23,20,Put,13,-0.16%,0.19,0.23,0.23,10210,5191,1.97,-0.143688,2026-10-02
TSLA,370.59,2026-10-05,2,Put,352.5,-0.05%,0.09,0.1,0.1,2665,1361,1.96,-0.025764,2026-10-02
NFLX,67.06,2029-01-19,840,Put,55,-0.18%,6.35,6.81,6.9,2791,1426,1.96,-0.224095,2026-10-02
SPCX,158.96,2026-10-30,27,Put,160,+0.01%,7.95,7.95,8.1,563,287,1.96,-0.490331,2026-10-02
MU,1074.89,2026-12-18,77,Put,660,-0.39%,2.27,2.7,2.97,1713,873,1.96,-0.022508,2026-10-02
INTC,119.33,2026-10-16,13,Call,143,-0.20%,0.56,0.61,0.61,540,277,1.95,0.088007,2026-10-02
MU,1074.89,2026-10-09,6,Call,1160,-0.08%,4.4,4.55,4.65,583,299,1.95,0.131449,2026-10-02
HD,282.85,2026-10-16,13,Call,295,-0.04%,1.78,1.87,1.9,676,346,1.95,0.220734,2026-10-02
APLD,25.38,2026-11-20,49,Put,19,-0.25%,0.59,0.65,0.69,726,372,1.95,-0.136959,2026-10-02
META,728.08,2026-10-02,0,Put,737.5,+0.01%,6.5,10,11.55,769,395,1.95,-0.857911,2026-10-02
HNGE,97.67,2026-10-16,13,Call,105,-0.08%,1.4,1.51,1.7,983,504,1.95,0.264325,2026-10-02
VRT,252.18,2026-10-02,0,Call,255,-0.01%,0,0.1,0.05,1523,780,1.95,0.039407,2026-10-02
BMNR,26.27,2026-10-30,27,Call,26.5,-0.01%,1.76,2,2.2,1984,1018,1.95,0.526918,2026-10-02
INTC,119.33,2026-10-09,6,Put,120,+0.01%,4,4.05,4.1,3337,1713,1.95,-0.510586,2026-10-02
CRWD,270.04,2026-10-02,0,Call,270,0.00%,0.4,0.4,0.53,4329,2215,1.95,0.526081,2026-10-02
INTC,119.33,2026-10-30,27,Call,130,-0.09%,5.4,5.55,5.55,8244,4219,1.95,0.373663,2026-10-02
CLF,11.32,2027-06-17,257,Call,15,-0.33%,1.2,1.41,1.6,3001,1544,1.94,0.412011,2026-10-02
SPCX,158.96,2026-10-09,6,Call,172.5,-0.09%,0.42,0.42,0.44,5234,2700,1.94,0.096729,2026-10-02
NOK,10.6,2026-10-09,6,Call,11,-0.04%,0.13,0.15,0.15,9139,4713,1.94,0.3096,2026-10-02
SPCX,158.96,2026-10-16,13,Call,155,+0.02%,7.4,7.45,7.45,21154,10921,1.94,0.643996,2026-10-02
VKTX,29.94,2026-10-02,0,Call,29,+0.03%,0.05,1.19,1.54,501,258,1.94,0.741327,2026-10-02
LRCX,347.49,2026-10-09,6,Put,320,-0.08%,1.15,1.21,1.34,536,276,1.94,-0.106168,2026-10-02
INTC,119.33,2026-10-12,9,Call,125,-0.05%,1.97,2.03,2.12,645,332,1.94,0.316678,2026-10-02
META,728.08,2026-10-05,2,Put,720,-0.01%,2.44,2.82,2.82,1066,550,1.94,-0.284108,2026-10-02
XPEV,9.25,2027-01-15,105,Put,8,-0.14%,0.29,0.49,0.6,1080,557,1.94,-0.245906,2026-10-02
BIDU,84.32,2026-10-09,6,Call,90,-0.07%,0.12,0.18,0.2,1212,626,1.94,0.088825,2026-10-02
CRWV,89.62,2026-10-09,6,Put,90,0.00%,3.25,3.35,3.35,1589,819,1.94,-0.499547,2026-10-02
AAOI,115.59,2026-10-09,6,Put,105,-0.09%,1.15,1.17,1.25,607,315,1.93,-0.170995,2026-10-02
HOOD,112.74,2026-10-30,27,Call,114,-0.01%,7.2,7.25,7.4,632,328,1.93,0.515191,2026-10-02
IREN,41.76,2026-10-16,13,Call,42.5,-0.02%,1.89,1.9,1.93,646,335,1.93,0.478068,2026-10-02
TXN,293.8,2026-10-16,13,Call,305,-0.04%,2.93,3.98,4.15,1020,529,1.93,0.29923,2026-10-02
ASTS,58.45,2026-10-09,6,Put,57,-0.02%,1.38,1.42,1.53,1132,586,1.93,-0.372476,2026-10-02
IONQ,43.77,2026-10-30,27,Call,45,-0.03%,2.5,2.59,2.97,1184,615,1.93,0.483052,2026-10-02
AMD,633.91,2026-11-20,49,Call,850,-0.34%,5.5,5.67,5.9,2143,1109,1.93,0.099533,2026-10-02
HPE,69.33,2027-01-15,105,Put,60,-0.13%,4.75,4.91,5.15,2634,1364,1.93,-0.271237,2026-10-02
PAAS,45.51,2026-11-20,49,Call,50,-0.10%,1.55,1.7,1.7,4914,2545,1.93,0.334619,2026-10-02
NVDA,233.95,2026-10-16,13,Call,232.5,+0.01%,6,6.12,6.2,11016,5712,1.93,0.564054,2026-10-02
APLD,25.38,2026-10-02,0,Put,25.5,0.00%,0.07,0.21,0.32,2052,1069,1.92,-0.641745,2026-10-02
MSFT,517.53,2026-10-02,0,Call,512.5,+0.01%,4,5.04,6.05,2615,1364,1.92,0.991587,2026-10-02
SPCX,158.96,2026-10-16,13,Put,143,-0.10%,0.66,0.66,0.69,2943,1536,1.92,-0.100014,2026-10-02
VALE,13.76,2026-10-09,6,Put,13.5,-0.02%,0.26,0.27,0.3,5453,2842,1.92,-0.381819,2026-10-02
SOFI,15.77,2026-10-09,6,Call,16.5,-0.05%,0.11,0.11,0.12,9551,4971,1.92,0.226354,2026-10-02
SNOW,341.04,2026-10-09,6,Put,300,-0.12%,0.2,0.28,0.34,586,306,1.92,-0.028958,2026-10-02
NKE,33.87,2029-01-19,840,Call,40,-0.18%,6.35,6.6,6.8,592,308,1.92,0.501914,2026-10-02
META,728.08,2026-10-05,2,Put,712.5,-0.02%,1.02,1.06,1.15,536,280,1.91,-0.141198,2026-10-02
BE,289.15,2026-10-09,6,Call,305,-0.05%,4.4,4.59,5.05,740,388,1.91,0.297064,2026-10-02
RIOT,19.73,2026-10-02,0,Call,19.5,+0.01%,0.13,0.24,0.32,813,425,1.91,0.905266,2026-10-02
NFLX,67.06,2026-10-23,20,Call,72,-0.07%,1.4,1.4,1.42,2387,1256,1.9,0.299188,2026-10-02
EOSE,3.21,2026-11-20,49,Put,5,+0.56%,1.88,1.96,2.01,4000,2101,1.9,-0.760875,2026-10-02
SMCI,43.69,2026-10-09,6,Put,42,-0.04%,0.76,0.77,0.79,852,451,1.89,-0.306416,2026-10-02
SLS,11.74,2026-10-09,6,Put,11.5,-0.02%,0.4,0.5,0.65,962,510,1.89,-0.412033,2026-10-02
RBLX,44.12,2026-10-02,0,Call,43,+0.03%,0.81,1.07,1.24,1238,656,1.89,0.975179,2026-10-02
RITM,8.71,2027-02-19,140,Call,10,-0.15%,0.1,0.2,0.25,1697,899,1.89,0.210934,2026-10-02
IONQ,43.77,2026-10-02,0,Put,44,+0.01%,0.02,0.4,0.88,1808,958,1.89,-0.606121,2026-10-02
CBRS,166.43,2026-10-02,0,Put,167.5,+0.01%,0.5,1.11,1.65,4106,2173,1.89,-0.961258,2026-10-02
PLTR,188.75,2026-10-09,6,Call,190,-0.01%,3.45,3.5,3.55,5962,3177,1.88,0.466242,2026-10-02
SPCX,158.96,2026-10-02,0,Call,152.5,+0.04%,6.45,6.5,6.5,28725,15310,1.88,0.979972,2026-10-02
VRT,252.18,2026-10-02,0,Call,252.5,0.00%,0.15,0.44,0.42,613,326,1.88,0.389623,2026-10-02
MCD,231.89,2026-12-18,77,Call,235,-0.01%,8.8,9.15,9.05,911,485,1.88,0.477111,2026-10-02
INTC,119.33,2026-10-16,13,Call,128,-0.07%,2.46,2.48,2.71,1141,606,1.88,0.302662,2026-10-02
PBR,21.65,2026-10-09,6,Put,20.5,-0.05%,0.37,0.42,0.42,1871,997,1.88,-0.277017,2026-10-02
APP,268.22,2026-10-16,13,Put,275,+0.03%,13.7,14.5,14.9,681,364,1.87,-0.575858,2026-10-02
COIN,183,2026-10-09,6,Call,215,-0.17%,0.26,0.25,0.32,985,528,1.87,0.043736,2026-10-02
MCD,231.89,2026-10-30,27,Call,255,-0.10%,0.21,0.48,0.6,996,533,1.87,0.066243,2026-10-02
IREN,41.76,2026-10-02,0,Put,43.5,+0.04%,1.7,1.78,1.8,1162,621,1.87,-0.966695,2026-10-02
JPM,332.38,2026-10-09,6,Call,335,-0.01%,1.86,1.96,2.14,1785,956,1.87,0.377618,2026-10-02
WMT,104.26,2026-10-09,6,Put,104,0.00%,1.01,1.05,1.08,1856,990,1.87,-0.454213,2026-10-02
INTC,119.33,2026-10-05,2,Put,118,-0.01%,1.12,1.25,1.33,3268,1746,1.87,-0.376443,2026-10-02
MRNA,190.01,2026-10-09,6,Call,197.5,-0.04%,4.95,4.9,5.05,4724,2532,1.87,0.379372,2026-10-02
NKE,33.87,2026-10-16,13,Call,35,-0.03%,0.46,0.48,0.5,9856,5294,1.86,0.326771,2026-10-02
INTC,119.33,2026-10-09,6,Call,125,-0.05%,1.69,1.71,1.74,10067,5412,1.86,0.296614,2026-10-02
INTC,119.33,2026-10-05,2,Call,117,+0.02%,3.1,3.15,3.25,551,297,1.86,0.710108,2026-10-02
NFLX,67.06,2026-10-30,27,Put,62,-0.08%,1.23,1.24,1.26,659,355,1.86,-0.238254,2026-10-02
NVAX,10.46,2026-10-02,0,Call,10,+0.04%,0.37,0.4,0.49,881,474,1.86,0.935409,2026-10-02
WDC,415.29,2026-10-02,0,Put,420,+0.01%,4.5,5.1,8.15,1346,723,1.86,-0.699413,2026-10-02
TSLA,370.59,2026-10-09,6,Call,367.5,+0.01%,8.75,8.85,9.15,1540,827,1.86,0.582961,2026-10-02
NKE,33.87,2027-03-19,167,Put,27.5,-0.19%,0.96,0.96,1.09,1707,916,1.86,-0.18061,2026-10-02
HOOD,112.74,2026-10-09,6,Put,112,-0.01%,2.69,2.73,2.8,1887,1013,1.86,-0.445652,2026-10-02
RTX,184.68,2026-10-09,6,Put,185,0.00%,2.03,2.17,2.5,556,301,1.85,-0.513932,2026-10-02
CIFR,15.71,2026-10-16,13,Put,13.5,-0.14%,0.18,0.23,0.25,630,340,1.85,-0.151753,2026-10-02
UNH,371.9,2026-10-09,6,Put,355,-0.05%,1.38,1.52,1.66,818,443,1.85,-0.158838,2026-10-02
ASTS,58.45,2026-10-09,6,Put,53,-0.09%,0.32,0.37,0.38,964,521,1.85,-0.127837,2026-10-02
AMD,633.91,2026-10-09,6,Put,590,-0.07%,2.01,2.05,2.22,1127,609,1.85,-0.110746,2026-10-02
LCID,4.13,2026-10-09,6,Call,4,+0.03%,0.2,0.24,0.24,1888,1023,1.85,0.659578,2026-10-02
PBR,21.65,2026-10-09,6,Put,21.5,-0.01%,0.76,0.81,0.82,1903,1030,1.85,-0.451787,2026-10-02
PSKY,9.5,2026-11-20,49,Call,12,-0.26%,0.16,0.15,0.24,2440,1320,1.85,0.1857,2026-10-02
NFLX,67.06,2026-10-02,0,Put,68,+0.01%,0.9,0.96,0.98,11292,6100,1.85,-0.997738,2026-10-02
PYPL,52.8,2026-10-09,6,Call,55,-0.04%,0.25,0.27,0.3,2499,1356,1.84,0.202082,2026-10-02
GOOGL,343.5,2026-10-09,6,Call,350,-0.02%,2.5,2.58,2.75,10402,5654,1.84,0.320438,2026-10-02
GME,24.7,2026-10-09,6,Call,25,-0.01%,0.57,0.57,0.6,17366,9461,1.84,0.447408,2026-10-02
META,728.08,2026-10-23,20,Call,730,0.00%,23.05,23.44,23.75,582,317,1.84,0.512918,2026-10-02
MSFT,517.53,2026-10-07,4,Call,525,-0.01%,2.04,2.25,2.5,587,319,1.84,0.288786,2026-10-02
PFE,27.8,2026-10-09,6,Call,27.5,+0.01%,0.48,0.51,0.51,1044,566,1.84,0.644138,2026-10-02
HOOD,112.74,2026-10-16,13,Call,118,-0.05%,2.55,2.65,2.69,1082,588,1.84,0.35294,2026-10-02
OPEN,2.44,2026-11-06,35,Call,3,-0.23%,0.01,0.15,0.15,556,304,1.83,0.247498,2026-10-02
QURE,23.46,2026-10-16,13,Call,27,-0.15%,0.4,0.55,0.55,623,340,1.83,0.226676,2026-10-02
AXTI,85.87,2026-10-16,13,Put,75,-0.13%,2.05,2.35,2.65,821,449,1.83,-0.216778,2026-10-02
NFLX,67.06,2026-10-23,20,Call,73,-0.09%,1.16,1.17,1.19,1392,761,1.83,0.260362,2026-10-02
AMD,633.91,2026-10-09,6,Call,650,-0.03%,8.2,8.3,8.6,2142,1168,1.83,0.348592,2026-10-02
COIN,183,2026-12-18,77,Put,140,-0.23%,3.8,4.35,4.55,4047,2212,1.83,-0.136422,2026-10-02
NVDA,233.95,2026-10-09,6,Call,252.5,-0.08%,0.08,0.1,0.1,4537,2474,1.83,0.026425,2026-10-02
GME,24.7,2026-10-09,6,Call,26,-0.05%,0.32,0.33,0.33,8261,4529,1.82,0.275021,2026-10-02
CMCSA,21.57,2026-10-30,27,Call,24,-0.11%,0.16,0.17,0.18,574,316,1.82,0.155113,2026-10-02
WDC,415.29,2026-10-09,6,Put,390,-0.06%,3.95,4.25,4.65,815,449,1.82,-0.210882,2026-10-02
COIN,183,2026-10-09,6,Put,175,-0.04%,2.05,2.13,2.24,847,465,1.82,-0.256359,2026-10-02
AMAT,540.04,2026-10-16,13,Put,540,0.00%,20.2,22.5,22.4,1008,554,1.82,-0.475763,2026-10-02
ASTS,58.45,2026-10-09,6,Call,64,-0.09%,0.53,0.61,0.68,1126,617,1.82,0.19616,2026-10-02
BULL,7.34,2026-10-02,0,Put,7.5,+0.02%,0.06,0.13,0.18,1179,649,1.82,-0.85788,2026-10-02
AMD,633.91,2026-10-09,6,Put,605,-0.05%,4.1,4.24,4.7,589,325,1.81,-0.203537,2026-10-02
AMKR,56.02,2028-01-21,476,Call,80,-0.43%,10.1,11.85,12.3,615,339,1.81,0.4924,2026-10-02
MRVL,272.29,2026-10-09,6,Put,270,-0.01%,8.9,9.15,9.35,658,364,1.81,-0.44367,2026-10-02
BAC,53.75,2026-10-23,20,Put,54,0.00%,1.52,1.56,1.65,952,525,1.81,-0.508947,2026-10-02
MU,1074.89,2026-10-23,20,Call,1200,-0.12%,12.25,12.8,13.05,1006,555,1.81,0.192713,2026-10-02
ASST,30.03,2026-10-09,6,Call,29.5,+0.02%,1.12,1.22,1.39,1020,562,1.81,0.606176,2026-10-02
META,728.08,2026-10-09,6,Call,735,-0.01%,9.9,10,10.45,1130,624,1.81,0.430926,2026-10-02
LULU,94.46,2026-11-20,49,Call,100,-0.06%,3.7,3.85,3.9,2346,1298,1.81,0.398661,2026-10-02
RTX,184.68,2026-12-18,77,Call,220,-0.19%,0.93,1.1,1.29,2607,1441,1.81,0.103454,2026-10-02
MU,1074.89,2026-10-09,6,Put,1000,-0.07%,4,4.05,4.15,3011,1660,1.81,-0.118699,2026-10-02
AMZN,251.52,2026-10-09,6,Call,262.5,-0.04%,0.58,0.58,0.61,3770,2080,1.81,0.130266,2026-10-02
NFLX,67.06,2026-10-09,6,Call,70,-0.04%,0.2,0.2,0.21,14122,7786,1.81,0.150055,2026-10-02
MSTR,160.01,2026-10-09,6,Call,155,+0.03%,7.6,7.75,7.95,2908,1618,1.8,0.678433,2026-10-02
AMD,633.91,2026-10-09,6,Call,690,-0.09%,1.36,1.54,1.67,606,336,1.8,0.087494,2026-10-02
DIS,102.19,2026-10-09,6,Call,104,-0.02%,0.55,0.59,0.69,806,447,1.8,0.300624,2026-10-02
IONQ,43.77,2026-10-23,20,Call,47,-0.07%,1.36,1.48,1.7,1240,689,1.8,0.358033,2026-10-02
RKLB,73.92,2026-10-09,6,Call,76,-0.03%,1.6,1.8,1.83,1497,833,1.8,0.394595,2026-10-02
VST,140.02,2027-06-17,257,Call,135,+0.04%,25.65,26.3,26.75,543,304,1.79,0.636264,2026-10-02
MU,1074.89,2026-10-09,6,Call,1230,-0.14%,1.11,1.13,1.26,565,315,1.79,0.038091,2026-10-02
IREN,41.76,2026-10-30,27,Call,44,-0.05%,2.36,2.42,2.47,628,350,1.79,0.439853,2026-10-02
AMD,633.91,2026-10-30,27,Call,635,0.00%,33.2,33.83,34.25,677,378,1.79,0.52982,2026-10-02
CHH,102.5,2026-10-16,13,Call,100,+0.02%,4.3,5.3,5.2,743,416,1.79,0.638753,2026-10-02
CVNA,63.77,2027-06-17,257,Call,144,-1.26%,1.13,1.37,1.4,974,543,1.79,0.099846,2026-10-02
YOU,41.55,2026-10-16,13,Call,45,-0.08%,0.35,0.45,0.85,976,545,1.79,0.243435,2026-10-02
SAIL,20.43,2026-12-18,77,Put,17.5,-0.14%,1.15,1.36,1.45,1177,657,1.79,-0.259051,2026-10-02
CRCL,81.25,2026-10-02,0,Put,82,+0.01%,0.52,0.76,1,1456,812,1.79,-0.936369,2026-10-02
CRCL,81.25,2027-04-16,195,Put,70,-0.14%,9.6,10.2,10.3,1901,1064,1.79,-0.280996,2026-10-02
HIMS,29,2026-10-09,6,Call,32,-0.10%,0.18,0.22,0.26,2877,1607,1.79,0.160003,2026-10-02
SPCX,158.96,2026-10-09,6,Put,147,-0.08%,0.41,0.43,0.43,2920,1634,1.79,-0.091483,2026-10-02
BABA,105.85,2026-10-09,6,Put,104,-0.02%,0.99,1.08,1.2,2928,1636,1.79,-0.338634,2026-10-02
AAPL,333.69,2026-10-05,2,Put,325,-0.03%,0.1,0.11,0.13,3715,2073,1.79,-0.050331,2026-10-02
MARA,11.23,2026-10-02,0,Put,12,+0.07%,0.74,0.76,0.78,11408,6361,1.79,-0.944451,2026-10-02
IREN,41.76,2026-10-09,6,Call,46.5,-0.11%,0.24,0.27,0.3,754,424,1.78,0.139692,2026-10-02
NB,3.47,2026-10-02,0,Call,0.5,+0.86%,2.9,3.02,3.1,754,424,1.78,0,2026-10-02
CRWV,89.62,2026-10-09,6,Put,86,-0.04%,1.52,1.54,1.59,1357,761,1.78,-0.300142,2026-10-02
DKNG,18.59,2026-10-09,6,Call,19,-0.02%,0.39,0.4,0.47,1648,927,1.78,0.412827,2026-10-02
POET,7.79,2026-10-30,27,Call,10,-0.28%,0.1,0.14,0.14,614,346,1.77,0.150722,2026-10-02
SKHY,195.13,2026-10-09,6,Call,202.5,-0.04%,2.23,2.26,2.29,622,352,1.77,0.295788,2026-10-02
SKHY,195.13,2026-10-09,6,Call,192.5,+0.01%,6.25,6.5,6.5,692,392,1.77,0.601264,2026-10-02
NOW,134.38,2026-10-02,0,Call,134,0.00%,0.31,0.22,0.48,802,453,1.77,0.98543,2026-10-02
MGM,30.48,2028-01-21,476,Put,35,+0.15%,6.3,6.9,7.3,836,471,1.77,-0.544346,2026-10-02
TSLA,370.59,2026-10-30,27,Call,440,-0.19%,2.06,2.23,2.12,962,543,1.77,0.09987,2026-10-02
MT,64.51,2026-12-18,77,Call,75,-0.16%,1.7,1.87,1.9,1000,565,1.77,0.260316,2026-10-02
TSM,472.78,2026-10-09,6,Put,465,-0.02%,2.81,3.35,3.85,1047,590,1.77,-0.307554,2026-10-02
GLW,164.19,2026-10-02,0,Call,162.5,+0.01%,1.47,2.04,2.29,1246,702,1.77,0.82436,2026-10-02
POET,7.79,2026-10-02,0,Put,8,+0.03%,0.18,0.28,0.22,1424,806,1.77,-0.698892,2026-10-02
CRWV,89.62,2026-10-02,0,Put,90,0.00%,0.1,0.51,0.5,2624,1485,1.77,-0.697748,2026-10-02
IREN,41.76,2026-10-09,6,Call,46,-0.10%,0.32,0.33,0.34,3126,1771,1.77,0.165086,2026-10-02
F,12.1,2026-10-02,0,Call,12,+0.01%,0.06,0.11,0.18,3859,2182,1.77,0.760417,2026-10-02
TSLA,370.59,2026-10-09,6,Put,340,-0.08%,0.4,0.42,0.42,3362,1906,1.76,-0.048895,2026-10-02
MARA,11.23,2026-10-02,0,Call,11,+0.02%,0.22,0.25,0.27,6257,3547,1.76,0.869399,2026-10-02
TSLA,370.59,2026-10-30,27,Call,435,-0.17%,2.43,2.48,2.5,541,308,1.76,0.115161,2026-10-02
MU,1074.89,2026-10-09,6,Put,1060,-0.01%,19,19.15,19.5,683,389,1.76,-0.395322,2026-10-02
OUST,44.39,2026-10-16,13,Call,45,-0.01%,2.65,2.74,2.75,1159,660,1.76,0.503879,2026-10-02
NKE,33.87,2026-10-30,27,Call,36,-0.06%,0.51,0.52,0.55,1699,967,1.76,0.276449,2026-10-02
STX,848.99,2026-10-02,0,Put,825,-0.03%,0,0.11,0.15,517,296,1.75,-0.017715,2026-10-02
MSTR,160.01,2026-10-09,6,Put,141,-0.12%,0.29,0.3,0.54,531,304,1.75,-0.065928,2026-10-02
NNBR,4.51,2026-10-16,13,Call,5,-0.11%,0.05,0.2,0.25,641,366,1.75,0.313348,2026-10-02
RIOT,19.73,2026-10-09,6,Put,18,-0.09%,0.16,0.17,0.18,808,463,1.75,-0.160134,2026-10-02
WDC,415.29,2026-10-16,13,Call,420,-0.01%,17.4,17.7,18.4,1007,576,1.75,0.490675,2026-10-02
TSLA,370.59,2026-10-07,4,Call,362.5,+0.02%,10.3,10.25,10.9,1089,623,1.75,0.730405,2026-10-02
MSTR,160.01,2026-10-30,27,Call,175,-0.09%,5.75,5.85,6,1738,993,1.75,0.342933,2026-10-02
MU,1074.89,2026-10-05,2,Call,1060,+0.01%,20.45,21,21.5,1744,998,1.75,0.698317,2026-10-02
AVGO,355.14,2026-10-16,13,Call,375,-0.06%,2.83,2.91,3,1812,1037,1.75,0.221415,2026-10-02
AGNC,8.79,2026-10-23,20,Put,9,+0.02%,0.34,0.36,0.39,2146,1228,1.75,-0.624943,2026-10-02
ORCL,142.3,2026-10-09,6,Call,145,-0.02%,2.4,2.54,2.51,4741,2705,1.75,0.397705,2026-10-02
ENOV,17.77,2027-04-16,195,Call,22.5,-0.27%,2,2.35,2.5,2158,1240,1.74,0.437082,2026-10-02
NVDA,233.95,2026-10-07,4,Call,232.5,+0.01%,3.45,3.56,3.6,4215,2417,1.74,0.595933,2026-10-02
NVDA,233.95,2026-10-30,27,Call,270,-0.15%,0.31,0.33,0.35,18534,10629,1.74,0.043978,2026-10-02
APP,268.22,2026-10-16,13,Call,290,-0.08%,3.2,3.6,3.8,572,329,1.74,0.235235,2026-10-02
HOOD,112.74,2026-10-16,13,Call,117,-0.04%,2.92,3.01,3.05,742,426,1.74,0.385257,2026-10-02
BE,289.15,2026-10-02,0,Call,302.5,-0.05%,0,0.21,0.35,1201,692,1.74,0.052625,2026-10-02
COIN,183,2026-10-09,6,Call,220,-0.20%,0.17,0.19,0.2,1599,918,1.74,0.028751,2026-10-02
UBER,68.11,2026-10-09,6,Call,69,-0.01%,0.7,0.74,0.75,1794,1030,1.74,0.386769,2026-10-02
AVGO,355.14,2026-10-09,6,Put,350,-0.01%,3.8,3.89,4.05,1846,1061,1.74,-0.358761,2026-10-02
VST,140.02,2026-10-30,27,Call,140,0.00%,7,7.17,7.85,544,314,1.73,0.533422,2026-10-02
FLY,23.32,2027-01-15,105,Put,17.5,-0.25%,1.4,1.52,1.55,666,386,1.73,-0.192433,2026-10-02
AMAT,540.04,2026-10-02,0,Call,540,0.00%,0.36,0.69,0.83,778,450,1.73,0.526892,2026-10-02
XYZ,74.33,2026-10-09,6,Put,71,-0.04%,0.37,0.4,0.45,954,553,1.73,-0.184786,2026-10-02
CNC,62.99,2026-10-09,6,Call,64,-0.02%,0.86,1.23,1.57,1220,707,1.73,0.42036,2026-10-02
RDDT,147.86,2026-10-09,6,Call,160,-0.08%,0.87,0.88,1,1534,886,1.73,0.162108,2026-10-02
PANW,403.24,2026-10-02,0,Put,400,-0.01%,0,0.1,0.05,578,337,1.72,-0.034763,2026-10-02
MU,1074.89,2026-10-09,6,Call,1170,-0.09%,3.6,3.7,3.75,645,375,1.72,0.109361,2026-10-02
CVNA,63.77,2026-10-02,0,Put,65,+0.02%,1,1.25,1.93,1101,639,1.72,-0.757996,2026-10-02
GOOG,340.35,2026-10-09,6,Call,352.5,-0.04%,1.18,1.21,1.45,1138,661,1.72,0.187954,2026-10-02
RKLB,73.92,2026-10-09,6,Call,73,+0.01%,3.05,3.11,3.2,1157,671,1.72,0.57619,2026-10-02
SKHY,195.13,2027-01-15,105,Call,195,0.00%,23,23.5,23.7,1316,767,1.72,0.574174,2026-10-02
TSLA,370.59,2026-10-09,6,Call,392.5,-0.06%,1.3,1.35,1.35,1669,971,1.72,0.139822,2026-10-02
JPM,332.38,2026-10-09,6,Call,340,-0.02%,0.64,0.76,0.79,1736,1012,1.72,0.173013,2026-10-02
MAT,15.27,2026-10-16,13,Call,15,+0.02%,0.6,0.92,1,1793,1043,1.72,0.585828,2026-10-02
SMCI,43.69,2026-12-18,77,Put,25,-0.43%,0.3,0.3,0.37,4833,2813,1.72,-0.043671,2026-10-02
PLTR,188.75,2026-10-09,6,Call,195,-0.03%,1.68,1.7,1.7,10719,6225,1.72,0.28118,2026-10-02
COIN,183,2026-10-09,6,Call,195,-0.07%,1.62,1.72,1.75,9617,5625,1.71,0.217524,2026-10-02
INTC,119.33,2026-10-07,4,Call,126,-0.06%,0.79,0.84,0.89,595,348,1.71,0.204658,2026-10-02
CRCL,81.25,2027-06-17,257,Call,135,-0.66%,7.8,8.1,8.4,694,406,1.71,0.327408,2026-10-02
ACHR,4.89,2026-10-30,27,Call,5.5,-0.12%,0.13,0.13,0.18,826,484,1.71,0.298092,2026-10-02
HOOD,112.74,2026-10-09,6,Put,116,+0.03%,4.45,5,5.15,956,560,1.71,-0.657414,2026-10-02
INTC,119.33,2026-10-05,2,Put,125,+0.05%,5.75,6.01,6.05,1321,771,1.71,-0.886431,2026-10-02
MU,1074.89,2026-10-07,4,Call,1075,0.00%,20.45,21.05,21.3,539,317,1.7,0.512254,2026-10-02
VKTX,29.94,2026-10-02,0,Put,30,0.00%,0.06,0.15,0.24,690,407,1.7,-0.574578,2026-10-02
UNH,371.9,2026-12-18,77,Call,460,-0.24%,1.43,2.32,2.69,734,433,1.7,0.086944,2026-10-02
BE,289.15,2026-10-09,6,Put,270,-0.07%,2.65,3,3.15,819,481,1.7,-0.199611,2026-10-02
SPCX,158.96,2026-10-30,27,Call,167.5,-0.05%,4.45,4.5,4.55,941,555,1.7,0.3643,2026-10-02
WDC,415.29,2026-11-20,49,Call,500,-0.20%,16.3,16.85,17.4,1319,778,1.7,0.285343,2026-10-02
COIN,183,2026-10-16,13,Call,215,-0.17%,0.98,1.03,1.08,1359,801,1.7,0.10294,2026-10-02
SNDK,1719.99,2026-10-09,6,Call,1900,-0.10%,7.5,7.8,8.1,1575,924,1.7,0.118325,2026-10-02
CLSK,12.74,2026-10-02,0,Put,13,+0.02%,0.17,0.34,0.44,1919,1127,1.7,-0.767791,2026-10-02
BE,289.15,2026-10-02,0,Put,290,0.00%,1,1.1,1.86,5897,3459,1.7,-0.63286,2026-10-02
AMZN,251.52,2026-10-09,6,Put,245,-0.03%,1.14,1.17,1.21,3657,2166,1.69,-0.222199,2026-10-02
NKE,33.87,2027-01-15,105,Call,35,-0.03%,2.38,2.4,2.45,10381,6144,1.69,0.476307,2026-10-02
IBM,222.64,2026-10-09,6,Put,220,-0.01%,2.25,2.37,2.45,584,346,1.69,-0.373645,2026-10-02
LQDA,28.64,2028-01-21,476,Call,30,-0.05%,9.9,10.61,11.3,620,366,1.69,0.687659,2026-10-02
MSFT,517.53,2026-10-07,4,Call,515,0.00%,6.3,6.55,7.7,733,434,1.69,0.582576,2026-10-02
FCX,72.04,2026-10-09,6,Call,74,-0.03%,0.79,1,1.15,605,360,1.68,0.343211,2026-10-02
MU,1074.89,2026-10-09,6,Put,990,-0.08%,2.96,3.04,3.15,626,372,1.68,-0.092618,2026-10-02
AAOI,115.59,2026-10-09,6,Call,121,-0.05%,3.1,3.2,3.4,776,461,1.68,0.37167,2026-10-02
MRNA,190.01,2026-10-09,6,Call,210,-0.11%,2.1,2.16,2.23,1070,637,1.68,0.196895,2026-10-02
SPCX,158.96,2026-10-30,27,Call,190,-0.20%,0.86,0.95,0.91,1501,893,1.68,0.09686,2026-10-02
SNDK,1719.99,2026-10-09,6,Call,2000,-0.16%,2.55,2.65,3,1880,1117,1.68,0.046315,2026-10-02
SPCX,158.96,2026-10-30,27,Call,170,-0.07%,3.75,3.75,3.85,3571,2131,1.68,0.320827,2026-10-02
"Downloaded from Barchart.com as of 10-02-2026 09:04pm CDT"
