Symbol,Price~,"Exp Date",DTE,Type,Strike,Moneyness,Bid,Latest,Ask,Volume,"Open Int",Vol/OI,"Imp Vol",IV,Delta,Time
LUMN,5.59,2026-10-23,22,Put,5.50,-1.61%,0.21,0.3,0.5,30164,139,217.01,68.59%,70.19%,-0.441353,2026-10-01
TIGR,4.27,2026-10-02,1,Call,1.00,+76.58%,3.25,3.4,3.35,18023,124,145.35,49.89%,0.00%,0,2026-10-01
SDGR,30.46,2026-11-20,50,Call,35.00,-14.90%,3.1,3.2,3.3,23624,288,82.03,101.72%,106.29%,0.44329,2026-10-01
HBAN,15.19,2026-10-16,15,Call,15.00,+1.25%,0.35,0.5,0.6,9299,115,80.86,33.32%,30.59%,0.591567,2026-10-01
ACN,212.3,2026-10-02,1,Call,230.00,-8.34%,0.05,0.12,0.2,5370,108,49.72,44.06%,83.23%,0.034696,2026-10-01
APO,114.34,2026-10-16,15,Put,100.00,-12.54%,0.2,0.3,0.4,10012,206,48.6,40.43%,44.98%,-0.063779,2026-10-01
AMZN,248.23,2026-10-02,1,Call,232.50,+6.34%,14.25,16.15,16.45,5146,113,45.54,34.59%,88.55%,0.924784,2026-10-01
OSCR,29.9,2026-10-09,8,Put,29.00,-3.01%,0.7,0.74,0.85,4776,118,40.47,72.83%,67.85%,-0.358794,2026-10-01
NVDA,230.86,2026-10-05,4,Put,232.50,+0.71%,3.1,3.25,3.15,8980,226,39.73,34.15%,23.33%,-0.605236,2026-10-01
AMZN,248.23,2026-10-07,6,Put,245.00,-1.30%,1.86,2,2,5004,126,39.71,34.59%,26.56%,-0.338108,2026-10-01
AAPL,330.32,2026-10-05,4,Call,330.00,+0.10%,3.05,3.1,3.35,15153,389,38.95,25.20%,21.55%,0.528509,2026-10-01
CLSK,12.52,2026-10-30,29,Call,15.00,-19.81%,0.3,0.4,0.43,5451,147,37.08,78.83%,78.87%,0.245753,2026-10-01
RLAY,18.49,2028-01-21,477,Call,30.00,-62.25%,2.9,3.3,6,4472,130,34.4,78.01%,83.60%,0.513059,2026-10-01
ACN,212.3,2026-10-16,15,Call,225.00,-5.98%,3,3.6,3.9,7927,233,34.02,44.06%,46.86%,0.287218,2026-10-01
CXW,32.49,2026-11-20,50,Call,36.00,-10.80%,1.25,1.39,1.65,12021,354,33.96,53.12%,57.47%,0.348724,2026-10-01
CX,9.4,2027-01-15,106,Put,9.00,-4.26%,0.25,0.45,0.65,4001,120,33.34,38.80%,33.44%,-0.355511,2026-10-01
AAPL,330.32,2026-10-02,1,Call,332.50,-0.66%,1.06,1.09,1.1,76297,2319,32.9,25.20%,28.48%,0.33454,2026-10-01
MCHP,78.5,2026-10-09,8,Call,81.00,-3.18%,1,1.3,1.3,3944,121,32.6,53.53%,46.00%,0.336631,2026-10-01
DECK,79.57,2026-10-02,1,Call,82.00,-3.05%,0.1,0.17,2.3,7278,231,31.51,46.71%,130.59%,0.342945,2026-10-01
GEO,30.79,2026-11-20,50,Call,29.00,+5.81%,3.7,3.92,4,9384,301,31.18,56.89%,65.08%,0.643213,2026-10-01
AAPL,330.32,2026-10-05,4,Call,327.50,+0.85%,4.45,4.5,4.75,3476,112,31.04,25.20%,21.05%,0.661987,2026-10-01
UEC,9.36,2026-10-23,22,Call,10.50,-12.18%,0.18,0.2,0.24,5292,177,29.9,62.06%,63.23%,0.258568,2026-10-01
APLD,24.16,2026-10-23,22,Put,20.00,-17.22%,0.3,0.56,0.7,5348,182,29.38,89.40%,88.80%,-0.162209,2026-10-01
AAPL,330.32,2026-10-02,1,Call,330.00,+0.10%,2.15,2.16,2.2,91169,3203,28.46,25.20%,28.93%,0.5311,2026-10-01
AAPL,330.32,2026-10-05,4,Call,325.00,+1.61%,6.2,6.45,7.45,4894,172,28.45,25.20%,25.12%,0.740663,2026-10-01
APLD,24.16,2026-10-30,29,Call,33.00,-36.59%,0.37,0.4,0.57,3225,127,25.39,89.40%,95.41%,0.155385,2026-10-01
BIRK,32.97,2026-11-20,50,Call,35.00,-6.16%,1.65,1.73,1.8,8595,341,25.21,46.54%,50.84%,0.422896,2026-10-01
MSTR,160.5,2026-10-23,22,Put,85.00,-47.04%,0.01,0.11,0.12,2791,112,24.92,67.29%,105.01%,-0.004625,2026-10-01
NFLX,67.85,2026-10-16,15,Call,68.00,-0.22%,1.65,1.67,1.71,5300,214,24.77,38.10%,30.99%,0.508657,2026-10-01
AMZN,248.23,2026-10-02,1,Call,235.00,+5.33%,12.6,13.18,13.75,11759,477,24.65,34.59%,38.62%,0.996773,2026-10-01
LITE,1045.78,2026-10-02,1,Call,"1,150.00",-9.97%,0.2,0.42,0.45,4090,166,24.64,76.12%,86.49%,0.019074,2026-10-01
JPM,333.18,2026-10-09,8,Call,332.50,+0.20%,4.2,4.3,4.55,5035,210,23.98,26.80%,20.08%,0.539269,2026-10-01
AAPL,330.32,2026-10-07,6,Call,330.00,+0.10%,3.85,4,4.2,3466,148,23.42,25.20%,22.29%,0.527361,2026-10-01
WY,18.59,2027-04-16,197,Call,20.00,-7.58%,0.95,1.09,1.3,2632,113,23.29,32.16%,31.33%,0.411256,2026-10-01
GOOGL,338.24,2026-10-07,6,Call,340.00,-0.52%,4,4.08,4.7,2533,109,23.24,33.52%,29.36%,0.458878,2026-10-01
AMZN,248.23,2026-10-05,4,Call,237.50,+4.32%,9.45,11.39,11.95,2589,112,23.12,34.59%,36.56%,0.882004,2026-10-01
HIMS,29.3,2026-10-09,8,Call,29.50,-0.68%,1,0.97,1.15,2789,121,23.05,76.92%,66.88%,0.495773,2026-10-01
QBTS,16.56,2026-10-30,29,Call,21.00,-26.81%,0.19,0.25,0.35,4362,190,22.96,73.68%,75.50%,0.159772,2026-10-01
CBRS,169.52,2026-11-20,50,Put,115.00,-32.16%,1.05,1.3,1.7,4266,187,22.81,72.19%,75.21%,-0.060435,2026-10-01
STLA,4.69,2026-12-18,78,Call,5.00,-6.61%,0.35,0.37,0.4,21143,927,22.81,56.94%,56.08%,0.466365,2026-10-01
FOXA,61.28,2029-01-19,841,Call,35.00,+42.89%,30.3,30.8,31.9,2366,104,22.75,35.52%,49.88%,0.858134,2026-10-01
PG,143.95,2026-10-16,15,Call,148.00,-2.81%,0.79,0.89,0.91,15305,685,22.34,21.63%,19.68%,0.252261,2026-10-01
TIGR,4.27,2026-10-16,15,Call,4.00,+6.32%,0.28,0.33,0.51,5705,261,21.86,49.89%,69.21%,0.707878,2026-10-01
DAL,84.13,2026-10-09,8,Call,87.00,-3.41%,1.65,1.79,1.79,7672,354,21.67,43.21%,57.71%,0.365866,2026-10-01
AA,42.06,2027-06-17,259,Call,40.00,+4.90%,8.05,8.17,8.3,4120,191,21.57,50.00%,48.94%,0.645846,2026-10-01
COIN,189.29,2026-10-09,8,Call,192.50,-1.70%,5.05,5.4,5.5,5114,241,21.22,63.46%,59.37%,0.445232,2026-10-01
TGT,156.7,2026-12-18,78,Put,155.00,-1.08%,9.05,9.4,9.85,4075,193,21.11,36.10%,36.51%,-0.434618,2026-10-01
GOOGL,338.24,2026-10-02,1,Call,342.50,-1.26%,0.92,0.95,0.98,18934,901,21.01,33.52%,35.44%,0.254598,2026-10-01
NBIS,232.28,2028-01-21,477,Put,60.00,-74.17%,3.05,5.77,8,7624,363,21,81.28%,96.70%,-0.034113,2026-10-01
UUUU,10.71,2026-10-30,29,Call,13.00,-21.38%,0.11,0.19,0.23,5105,244,20.92,66.21%,65.53%,0.17361,2026-10-01
HUT,86.36,2026-10-30,29,Put,70.00,-18.94%,1.8,2.1,2.48,2065,100,20.65,93.45%,89.04%,-0.165181,2026-10-01
AMZN,248.23,2026-10-02,1,Call,227.50,+8.35%,19.25,20.83,21,3222,157,20.52,34.59%,81.47%,0.980715,2026-10-01
BAC,53.73,2026-10-02,1,Call,54.00,-0.50%,0.23,0.25,0.25,20892,1021,20.46,29.05%,31.84%,0.385887,2026-10-01
LITE,1045.78,2026-10-02,1,Put,990.00,-5.33%,1.7,1.9,2.75,2065,101,20.45,76.12%,83.56%,-0.100712,2026-10-01
NKE,35.15,2026-10-16,15,Put,34.50,-1.85%,1.28,1.49,1.74,4562,225,20.28,54.51%,64.49%,-0.417622,2026-10-01
NVDA,230.86,2026-10-05,4,Put,242.50,+5.04%,11.5,11.71,11.7,4879,243,20.08,34.15%,27.37%,-0.960114,2026-10-01
APLD,24.16,2026-10-30,29,Put,20.00,-17.22%,0.56,0.71,0.77,6805,339,20.07,89.40%,87.01%,-0.182903,2026-10-01
LITE,1045.78,2026-10-02,1,Put,980.00,-6.29%,1.15,1.2,1.3,2720,136,20,76.12%,81.95%,-0.061992,2026-10-01
TSLA,354.11,2027-04-16,197,Call,470.00,-32.73%,15.5,17.5,16.25,2034,102,19.94,42.22%,44.51%,0.263933,2026-10-01
NVDA,230.86,2026-10-05,4,Put,230.00,-0.37%,1.86,1.86,1.89,34441,1734,19.86,34.15%,24.05%,-0.431232,2026-10-01
HD,282.46,2026-10-02,1,Call,287.50,-1.78%,0.53,0.58,0.64,2500,126,19.84,30.49%,38.09%,0.190391,2026-10-01
MRNA,188.94,2026-10-09,8,Call,197.50,-4.53%,4.65,5.75,7.25,2533,133,19.05,90.60%,83.93%,0.386802,2026-10-01
NVDA,230.86,2026-10-09,8,Put,245.00,+6.12%,13.75,13.67,14.6,4701,247,19.03,34.15%,22.46%,-0.971399,2026-10-01
C,127,2026-10-16,15,Call,138.00,-8.66%,0.5,0.56,0.64,4205,222,18.94,32.90%,34.99%,0.130136,2026-10-01
ZETA,32.4,2026-10-30,29,Put,25.50,-21.30%,0.21,0.22,0.29,4129,221,18.68,69.55%,66.64%,-0.083202,2026-10-01
MP,46.09,2026-10-02,1,Call,46.00,+0.20%,0.6,0.64,0.69,3119,170,18.35,57.90%,62.03%,0.531772,2026-10-01
CORZ,16.35,2026-10-09,8,Call,17.00,-3.98%,0.27,0.38,0.65,2158,122,17.69,72.40%,74.65%,0.385977,2026-10-01
BAC,53.73,2026-10-09,8,Call,54.00,-0.50%,0.62,0.68,0.7,3566,202,17.65,29.05%,24.52%,0.455694,2026-10-01
COIN,189.29,2026-10-09,8,Call,202.50,-6.98%,2.33,2.42,2.53,5375,308,17.45,63.46%,61.71%,0.247166,2026-10-01
AMZN,248.23,2026-10-02,1,Call,237.50,+4.32%,10.45,10.87,11.85,8981,524,17.14,34.59%,65.91%,0.903405,2026-10-01
BIDU,85.59,2026-10-09,8,Put,91.00,+6.32%,4.15,5.65,7.1,2203,129,17.08,41.90%,34.91%,-0.878637,2026-10-01
KLAC,200.33,2026-10-09,8,Call,200.00,+0.16%,5.4,6.52,7,2476,145,17.08,59.79%,50.42%,0.527647,2026-10-01
LRCX,340.1,2026-10-09,8,Call,345.00,-1.44%,8,8.95,9.15,2902,171,16.97,60.14%,53.10%,0.447081,2026-10-01
MU,1097.39,2026-10-02,1,Call,"1,045.00",+4.77%,50.4,54.08,59.25,10962,652,16.81,53.47%,76.85%,0.892312,2026-10-01
AAPL,330.32,2026-10-02,1,Call,335.00,-1.42%,0.46,0.46,0.48,96045,5747,16.71,25.20%,28.59%,0.177188,2026-10-01
BE,277.58,2026-10-16,15,Put,275.00,-0.93%,13.9,14.3,14.1,3330,200,16.65,79.43%,69.20%,-0.442039,2026-10-01
TSLA,354.11,2026-10-02,1,Put,357.50,+0.96%,6.15,6.3,6.4,35292,2136,16.52,42.22%,59.15%,-0.61399,2026-10-01
BE,277.58,2026-10-16,15,Call,277.50,+0.03%,15.8,16.2,16.05,2247,137,16.4,79.43%,69.89%,0.533536,2026-10-01
MKC,44.14,2026-11-20,50,Put,50.00,+13.28%,5.7,5.87,6.8,2568,157,16.36,31.68%,31.61%,-0.841049,2026-10-01
U,43.61,2026-10-30,29,Put,37.00,-15.16%,0.34,0.6,0.82,2680,164,16.34,65.16%,60.14%,-0.142107,2026-10-01
AVGO,343.64,2026-11-06,36,Put,310.00,-9.79%,2.84,3.75,3.9,1795,110,16.32,36.31%,35.69%,-0.158414,2026-10-01
LCID,4.19,2026-11-20,50,Put,3.50,-16.47%,0.21,0.31,0.33,2605,161,16.18,91.66%,98.47%,-0.245504,2026-10-01
INTC,120,2026-10-09,8,Call,123.00,-2.50%,3.1,3.2,3.25,7066,442,15.99,67.00%,62.47%,0.415799,2026-10-01
C,127,2026-10-02,1,Call,130.00,-2.36%,0.17,0.2,0.23,9978,627,15.91,32.90%,41.36%,0.143313,2026-10-01
AVGO,343.64,2026-10-09,8,Put,332.50,-3.24%,2.21,2.36,2.65,3024,193,15.67,36.31%,33.13%,-0.239204,2026-10-01
VALE,13.45,2026-10-16,15,Call,13.50,-0.37%,0.41,0.44,0.48,11201,715,15.67,40.52%,42.75%,0.50287,2026-10-01
DFTX,37.6,2028-01-21,477,Call,50.00,-32.98%,8,8.4,10.5,3108,200,15.54,61.95%,72.10%,0.554648,2026-10-01
C,127,2026-10-02,1,Put,124.00,-2.36%,0.11,0.11,0.2,2389,155,15.41,32.90%,39.24%,-0.119725,2026-10-01
META,725.93,2026-10-07,6,Call,755.00,-4.00%,3.8,3.7,3.9,2069,135,15.33,40.62%,36.04%,0.207853,2026-10-01
AVGO,343.64,2026-10-02,1,Call,347.50,-1.12%,1.41,1.43,1.49,5214,341,15.29,36.31%,41.33%,0.30795,2026-10-01
META,725.93,2026-10-02,1,Call,727.50,-0.22%,5.8,5.67,5.9,8493,565,15.03,40.62%,43.31%,0.468265,2026-10-01
AMD,615.73,2026-10-02,1,Call,617.50,-0.29%,5.85,5.9,6.15,6190,412,15.02,52.99%,52.96%,0.465787,2026-10-01
MDT,86.44,2026-12-18,78,Put,82.50,-4.56%,1.97,2.69,2.99,13509,901,14.99,34.01%,27.09%,-0.326234,2026-10-01
MU,1097.39,2026-10-09,8,Put,"1,020.00",-7.05%,7.25,7.45,7.7,1574,106,14.85,53.47%,52.41%,-0.1608,2026-10-01
NVDA,230.86,2026-10-02,1,Put,232.50,+0.71%,2.39,2.5,2.42,37681,2542,14.82,34.15%,30.03%,-0.66946,2026-10-01
INTC,120,2026-10-09,8,Call,127.00,-5.83%,1.93,2,2,7049,476,14.81,67.00%,63.40%,0.291434,2026-10-01
TMC,3.76,2027-05-21,232,Call,7.00,-86.17%,0.3,0.52,0.52,2827,191,14.8,80.41%,90.95%,0.32389,2026-10-01
TSLA,354.11,2026-10-02,1,Call,357.50,-0.96%,3,3.1,3.15,58525,3983,14.69,42.22%,61.33%,0.390709,2026-10-01
DHT,23.56,2026-11-20,50,Call,26.00,-10.36%,0.8,0.8,1,5080,347,14.64,53.90%,55.79%,0.31825,2026-10-01
LRCX,340.1,2026-10-09,8,Put,315.00,-7.38%,2.25,2.3,2.76,2218,154,14.4,60.14%,55.55%,-0.163081,2026-10-01
NVDA,230.86,2026-10-09,8,Call,212.50,+7.95%,18.65,19.14,20.45,3877,270,14.36,34.15%,49.58%,0.880142,2026-10-01
PSKY,9.34,2026-10-02,1,Call,9.50,-1.71%,0.08,0.1,0.1,5220,364,14.34,66.25%,79.85%,0.350327,2026-10-01
SOLS,56.98,2026-11-20,50,Put,45.00,-21.02%,0.4,0.7,0.7,15001,1059,14.17,50.40%,53.69%,-0.095231,2026-10-01
IREN,40.65,2026-10-02,1,Call,40.50,+0.37%,0.72,0.74,0.79,4119,291,14.15,78.09%,79.69%,0.544611,2026-10-01
MU,1097.39,2026-10-02,1,Put,"1,090.00",-0.67%,11,11.5,11.65,5021,358,14.03,53.47%,64.68%,-0.413258,2026-10-01
MS,188.01,2026-10-02,1,Call,190.00,-1.06%,0.69,0.74,0.79,1527,110,13.88,33.86%,38.81%,0.306303,2026-10-01
MU,1097.39,2026-10-02,1,Call,"1,090.00",+0.67%,19,19.5,19.8,21308,1541,13.83,53.47%,67.25%,0.584167,2026-10-01
ACN,212.3,2026-11-20,50,Put,210.00,-1.08%,11.3,12.05,12.4,1945,142,13.7,44.06%,42.16%,-0.43725,2026-10-01
COIN,189.29,2026-10-09,8,Call,195.00,-3.02%,4.25,4.41,4.45,5796,425,13.64,63.46%,59.65%,0.388672,2026-10-01
AI,11.11,2026-10-16,15,Call,12.00,-8.01%,0.2,0.22,0.22,6009,441,13.63,57.90%,57.55%,0.278053,2026-10-01
MU,1097.39,2026-10-07,6,Call,"1,100.00",-0.24%,27.5,28.32,28.65,2615,192,13.62,53.47%,51.67%,0.5027,2026-10-01
SNDK,1787.69,2026-10-09,8,Put,900.00,-49.66%,0.05,0.19,0.2,1505,111,13.56,67.99%,156.31%,-0.001022,2026-10-01
RIOT,19.61,2026-10-09,8,Call,20.00,-1.99%,0.7,0.7,0.75,1476,109,13.54,81.30%,76.95%,0.456824,2026-10-01
KO,86.1,2026-10-16,15,Put,83.00,-3.60%,0.08,0.34,0.36,1988,147,13.52,20.19%,17.32%,-0.140519,2026-10-01
CHGG,0.7106,2027-04-16,197,Call,1.0000,-40.73%,0.2,0.25,0.25,7068,533,13.26,148.77%,146.10%,0.59482,2026-10-01
INTC,120,2026-10-02,1,Put,121.00,+0.83%,2.24,2.26,2.28,13044,985,13.24,67.00%,68.36%,-0.583946,2026-10-01
TSLA,354.11,2026-10-02,1,Put,355.00,+0.25%,4.7,4.75,4.9,52330,3975,13.16,42.22%,58.87%,-0.52523,2026-10-01
MU,1097.39,2026-10-02,1,Call,"1,040.00",+5.23%,54.1,59.07,59.9,10505,805,13.05,53.47%,74.21%,0.919995,2026-10-01
MU,1097.39,2026-10-02,1,Put,"1,030.00",-6.14%,0.58,0.6,0.64,16708,1292,12.93,53.47%,69.00%,-0.03791,2026-10-01
NKE,35.15,2026-10-30,29,Put,31.00,-11.81%,0.5,0.54,0.6,2127,165,12.89,54.51%,52.93%,-0.179906,2026-10-01
AAPL,330.32,2026-10-05,4,Call,332.50,-0.66%,1.82,1.95,1.99,6744,523,12.89,25.20%,20.32%,0.389629,2026-10-01
FSLR,172.11,2028-01-21,477,Call,230.00,-33.64%,24.7,27.4,29.15,1503,117,12.85,54.90%,52.74%,0.467261,2026-10-01
C,127,2026-10-16,15,Call,132.00,-3.94%,1.59,1.73,1.85,5674,442,12.84,32.90%,35.00%,0.308812,2026-10-01
AAPL,330.32,2026-10-02,1,Call,337.50,-2.17%,0.17,0.18,0.2,64942,5069,12.81,25.20%,29.13%,0.081272,2026-10-01
LITE,1045.78,2026-10-02,1,Put,"1,000.00",-4.38%,3,3.1,3.6,3764,294,12.8,76.12%,81.58%,-0.141845,2026-10-01
NFLX,67.85,2026-10-02,1,Call,68.00,-0.22%,0.4,0.4,0.42,9655,755,12.79,38.10%,33.70%,0.45607,2026-10-01
SMCI,41.92,2026-10-09,8,Call,38.50,+8.16%,3.8,3.86,3.95,1419,111,12.78,76.01%,66.84%,0.820759,2026-10-01
TJX,133.59,2026-11-06,36,Call,140.00,-4.80%,0.5,1.7,2.65,1494,118,12.66,26.97%,22.65%,0.277948,2026-10-01
GOOGL,338.24,2026-10-05,4,Call,340.00,-0.52%,2.8,2.77,3.1,3559,282,12.62,33.52%,26.17%,0.435947,2026-10-01
MRVL,268.08,2026-10-23,22,Call,335.00,-24.96%,2.24,2.31,2.31,1296,103,12.58,64.56%,68.85%,0.111159,2026-10-01
NVDA,230.86,2026-10-07,6,Call,230.00,+0.37%,3.85,3.8,3.95,10903,870,12.53,34.15%,28.70%,0.553764,2026-10-01
NVDA,230.86,2026-10-30,29,Call,270.00,-16.95%,0.33,0.35,0.37,12786,1023,12.5,34.15%,31.12%,0.043597,2026-10-01
GOOGL,338.24,2026-10-02,1,Call,337.50,+0.22%,2.73,2.8,2.88,9767,794,12.3,33.52%,34.00%,0.554711,2026-10-01
HOOD,111.15,2026-10-02,1,Call,111.00,+0.13%,1.52,1.54,1.6,3705,304,12.19,59.85%,63.72%,0.524069,2026-10-01
UNP,272.42,2026-10-16,15,Call,277.50,-1.86%,1.4,2.55,3,2557,210,12.18,24.49%,18.88%,0.328188,2026-10-01
AAPL,330.32,2026-10-02,1,Put,327.50,-0.85%,0.73,0.74,0.76,67236,5582,12.05,25.20%,26.60%,-0.264682,2026-10-01
AAPL,330.32,2026-10-02,1,Call,327.50,+0.85%,3.65,3.8,3.9,24645,2047,12.04,25.20%,29.70%,0.714177,2026-10-01
NVDA,230.86,2026-10-05,4,Put,235.00,+1.79%,4.75,4.95,4.85,3011,252,11.95,34.15%,22.51%,-0.769223,2026-10-01
MU,1097.39,2026-10-02,1,Call,"1,055.00",+3.86%,44.2,44.1,50.05,11186,938,11.93,53.47%,83.06%,0.823911,2026-10-01
GS,896.67,2026-10-02,1,Call,910.00,-1.49%,2.01,2.32,2.54,1917,161,11.91,34.37%,37.13%,0.227427,2026-10-01
TSLA,354.11,2026-10-07,6,Call,357.50,-0.96%,5.8,5.85,6.1,2569,216,11.89,42.22%,40.81%,0.442857,2026-10-01
FRO,51.54,2026-11-20,50,Call,55.00,-6.71%,2.6,2.65,2.7,3724,314,11.86,49.84%,59.36%,0.381558,2026-10-01
MU,1097.39,2026-10-02,1,Put,"1,035.00",-5.69%,0.77,0.84,0.84,8118,685,11.85,53.47%,68.29%,-0.048645,2026-10-01
MSFT,512.8,2026-10-02,1,Call,522.50,-1.89%,0.52,0.51,0.57,20237,1712,11.82,30.10%,31.41%,0.129969,2026-10-01
NVDA,230.86,2026-10-14,13,Call,230.00,+0.37%,5.5,5.82,5.85,2474,210,11.78,34.15%,29.33%,0.546633,2026-10-01
RKLB,70.46,2026-10-30,29,Put,57.00,-19.10%,0.66,0.76,0.86,1958,168,11.65,73.88%,67.03%,-0.109099,2026-10-01
IOT,40.04,2026-12-18,78,Call,42.00,-4.90%,3.8,4,4.1,3702,320,11.57,54.01%,62.74%,0.503833,2026-10-01
TSLA,354.11,2026-10-05,4,Call,357.50,-0.96%,4.25,4.27,4.5,9062,786,11.53,42.22%,39.39%,0.420696,2026-10-01
CRWV,88.57,2026-10-16,15,Put,77.00,-13.06%,0.88,1,0.97,3726,332,11.22,76.24%,68.63%,-0.138689,2026-10-01
FRO,51.54,2026-10-16,15,Call,55.00,-6.71%,0.9,1,1.05,2755,247,11.15,49.84%,56.53%,0.282385,2026-10-01
NVDA,230.86,2026-10-09,8,Call,217.50,+5.79%,13.95,13.6,15.25,7301,655,11.15,34.15%,40.15%,0.852001,2026-10-01
COHR,319.19,2026-10-02,1,Put,310.00,-2.88%,1.95,2.1,2.45,2239,201,11.14,75.94%,86.09%,-0.250457,2026-10-01
AAPL,330.32,2026-10-02,1,Put,325.00,-1.61%,0.3,0.32,0.32,75626,6884,10.99,25.20%,27.71%,-0.128648,2026-10-01
AMZN,248.23,2026-10-05,4,Call,242.50,+2.31%,6.1,6.96,6.65,1139,104,10.95,34.59%,23.60%,0.835269,2026-10-01
LITE,1045.78,2027-01-15,106,Call,"1,150.00",-9.97%,126.7,131,137.6,2146,196,10.95,76.12%,74.55%,0.497874,2026-10-01
TDAY,7.06,2026-10-16,15,Call,8.00,-13.31%,0.05,0.1,0.3,5728,528,10.85,70.98%,86.95%,0.255159,2026-10-01
KTOS,42.82,2026-10-30,29,Call,50.00,-16.77%,0.6,0.69,0.8,1510,141,10.71,63.49%,57.49%,0.195807,2026-10-01
NVDA,230.86,2026-10-07,6,Call,227.50,+1.46%,5.45,5.4,5.5,4033,377,10.7,34.15%,29.48%,0.663418,2026-10-01
ENTG,158.48,2026-11-20,50,Call,170.00,-7.27%,10.1,11.5,13.2,1849,175,10.57,64.53%,68.15%,0.44741,2026-10-01
NFLX,67.85,2026-10-09,8,Call,68.00,-0.22%,1.14,1.13,1.17,3169,301,10.53,38.10%,29.94%,0.496637,2026-10-01
AAPL,330.32,2026-10-05,4,Put,327.50,-0.85%,1.5,1.55,1.62,5327,507,10.51,25.20%,20.28%,-0.333503,2026-10-01
AFRM,70.43,2026-10-16,15,Call,72.00,-2.23%,1.79,2.46,2.64,1517,145,10.46,62.55%,50.15%,0.44024,2026-10-01
MSFT,512.8,2026-10-02,1,Call,525.00,-2.38%,0.3,0.32,0.34,38682,3700,10.45,30.10%,32.01%,0.082266,2026-10-01
AVGO,343.64,2026-10-02,1,Call,345.00,-0.40%,2.27,2.36,2.4,3180,305,10.43,36.31%,41.07%,0.432882,2026-10-01
NVDA,230.86,2026-10-05,4,Put,227.50,-1.46%,1.05,1.08,1.07,14608,1427,10.24,34.15%,25.05%,-0.279308,2026-10-01
JANX,16.96,2026-12-18,78,Put,20.00,+17.92%,3.4,4.38,5.2,1407,138,10.2,70.07%,76.94%,-0.60839,2026-10-01
MU,1097.39,2026-10-02,1,Put,"1,045.00",-4.77%,1.36,1.42,1.45,10253,1008,10.17,53.47%,67.24%,-0.079236,2026-10-01
IONQ,43.99,2026-10-30,29,Put,36.00,-18.16%,0.27,0.5,0.65,2034,200,10.17,74.96%,63.78%,-0.111151,2026-10-01
DDOG,276.46,2026-11-20,50,Put,240.00,-13.19%,11.55,12,12.45,2225,219,10.16,66.45%,70.52%,-0.245022,2026-10-01
OKLO,36.14,2026-10-09,8,Put,53.00,+46.65%,15.75,16.64,17.4,1297,128,10.13,72.26%,113.02%,-0.989486,2026-10-01
META,725.93,2026-10-02,1,Put,727.50,+0.22%,6.95,7.36,7.1,6155,611,10.07,40.62%,41.14%,-0.534229,2026-10-01
BHP,84.65,2026-11-20,50,Call,85.00,-0.41%,4.2,4.2,4.5,1094,109,10.04,34.60%,38.25%,0.49844,2026-10-01
AMD,615.73,2026-10-02,1,Call,610.00,+0.93%,9.75,10.45,10.25,12749,1273,10.01,52.99%,52.42%,0.639976,2026-10-01
GLW,160.42,2026-10-02,1,Call,167.50,-4.41%,0.31,0.34,0.45,6313,633,9.97,60.02%,71.52%,0.128654,2026-10-01
GEO,30.79,2026-11-20,50,Call,34.00,-10.43%,1.4,1.65,1.65,9355,938,9.97,56.89%,59.59%,0.36746,2026-10-01
AAOI,107.32,2026-10-09,8,Call,105.00,+2.16%,5.9,6.51,6.9,1383,139,9.95,95.04%,81.51%,0.598141,2026-10-01
MSTR,160.5,2026-10-16,15,Call,172.50,-7.48%,4.25,4.38,4.45,4415,444,9.94,67.29%,67.17%,0.326447,2026-10-01
META,725.93,2026-10-02,1,Call,730.00,-0.56%,4.75,4.84,4.85,25465,2569,9.91,40.62%,43.47%,0.409029,2026-10-01
MU,1097.39,2026-10-02,1,Call,"1,085.00",+1.13%,21.85,22.6,22.75,10812,1102,9.81,53.47%,66.89%,0.634905,2026-10-01
NFLX,67.85,2026-10-02,1,Call,69.00,-1.69%,0.13,0.14,0.14,22652,2314,9.79,38.10%,36.23%,0.191809,2026-10-01
KEEL,3.44,2026-10-30,29,Call,4.00,-16.28%,0.14,0.16,0.18,8611,881,9.77,91.84%,89.32%,0.3224,2026-10-01
BHP,84.65,2026-12-18,78,Call,82.50,+2.54%,6.7,6.51,7,997,102,9.77,34.60%,40.16%,0.569976,2026-10-01
SNDK,1787.69,2026-10-02,1,Put,"1,730.00",-3.23%,6,6.5,7,1937,200,9.69,67.99%,70.02%,-0.17982,2026-10-01
MU,1097.39,2026-10-02,1,Put,"1,055.00",-3.86%,2.35,2.39,2.46,8371,865,9.68,53.47%,66.55%,-0.124829,2026-10-01
MU,1097.39,2026-10-02,1,Put,"1,040.00",-5.23%,1.02,1.06,1.1,15732,1627,9.67,53.47%,67.65%,-0.062093,2026-10-01
BMNR,26.73,2026-10-09,8,Put,27.00,+1.01%,1.09,1.25,1.28,7622,792,9.62,73.55%,66.54%,-0.518453,2026-10-01
GOOGL,338.24,2026-10-02,1,Call,340.00,-0.52%,1.62,1.65,1.7,23887,2485,9.61,33.52%,34.26%,0.391685,2026-10-01
TSLA,354.11,2026-10-05,4,Put,357.50,+0.96%,7.3,7.2,7.7,3558,374,9.51,42.22%,38.53%,-0.582532,2026-10-01
XOM,163.82,2026-11-06,36,Put,150.00,-8.44%,1.2,1.48,1.5,1607,170,9.45,28.99%,30.02%,-0.159238,2026-10-01
SOFI,15.84,2026-10-30,29,Call,15.50,+2.15%,1.17,1.21,1.25,3346,355,9.43,50.74%,57.14%,0.592686,2026-10-01
MU,1097.39,2026-10-02,1,Call,"1,095.00",+0.22%,16.3,16.7,16.9,11791,1252,9.42,53.47%,66.92%,0.532983,2026-10-01
FROG,97.59,2026-10-16,15,Call,110.00,-12.72%,1.2,1.5,1.6,1130,120,9.42,75.42%,65.40%,0.204791,2026-10-01
DAL,84.13,2026-10-09,8,Call,86.00,-2.22%,1.98,2.12,2.33,5923,635,9.33,43.21%,59.27%,0.42083,2026-10-01
MU,1097.39,2026-10-07,6,Call,"1,080.00",+1.58%,36.45,35.5,40.35,1212,130,9.32,53.47%,51.13%,0.612594,2026-10-01
HUM,379.68,2026-10-02,1,Call,390.00,-2.72%,1.85,5,8,1230,132,9.32,66.18%,114.09%,0.33798,2026-10-01
ALAB,356.42,2026-10-02,1,Call,420.00,-17.84%,0.3,0.35,0.76,1313,141,9.31,87.65%,175.75%,0.041182,2026-10-01
TSLA,354.11,2026-10-02,1,Call,362.50,-2.37%,1.62,1.63,1.66,34574,3736,9.25,42.22%,62.52%,0.243181,2026-10-01
NVDA,230.86,2026-10-02,1,Put,227.50,-1.46%,0.47,0.47,0.49,111245,12163,9.15,34.15%,34.41%,-0.203906,2026-10-01
VFC,14.41,2026-10-09,8,Call,15.00,-4.09%,0.09,0.17,0.2,1261,138,9.14,48.87%,42.12%,0.271613,2026-10-01
PM,188.18,2026-10-16,15,Call,172.50,+8.33%,14.5,16.7,17.7,920,101,9.11,28.71%,30.23%,0.926131,2026-10-01
OXY,57.84,2027-09-17,351,Call,75.00,-29.67%,2.95,3.05,3.3,1903,209,9.11,35.30%,34.81%,0.294949,2026-10-01
CRM,236.69,2028-01-21,477,Call,370.00,-56.32%,17.25,18.01,18.9,2500,275,9.09,39.37%,44.89%,0.299074,2026-10-01
MU,1097.39,2026-10-12,11,Call,"1,100.00",-0.24%,34,38.5,38.2,1299,143,9.08,53.47%,48.36%,0.51094,2026-10-01
GOOGL,338.24,2026-10-02,1,Call,345.00,-2.00%,0.54,0.56,0.56,32545,3596,9.05,33.52%,37.38%,0.159443,2026-10-01
AMAT,529.3,2026-10-09,8,Call,540.00,-2.02%,9.8,11.6,13.05,995,110,9.05,56.94%,50.86%,0.413653,2026-10-01
CIFR,15.46,2026-10-30,29,Call,16.00,-3.49%,0.79,1.21,1.62,1175,130,9.04,94.05%,81.56%,0.491628,2026-10-01
HIMS,29.3,2026-10-30,29,Call,37.00,-26.28%,0.41,0.49,0.55,2519,279,9.03,76.92%,74.73%,0.16161,2026-10-01
AMZN,248.23,2026-10-02,1,Put,262.50,+5.75%,14,14.47,15.85,4449,493,9.02,34.59%,89.27%,-0.879549,2026-10-01
NKE,35.15,2026-10-16,15,Put,34.00,-3.27%,1.25,1.32,1.5,5142,570,9.02,54.51%,67.77%,-0.378035,2026-10-01
PCG,12.17,2027-01-15,106,Put,10.00,-17.83%,0.35,0.37,0.4,5511,611,9.02,44.40%,49.57%,-0.185225,2026-10-01
DELL,541.74,2026-10-23,22,Call,850.00,-56.90%,0.05,0.14,0.65,1548,172,9,59.95%,76.26%,0.010695,2026-10-01
AAPL,330.32,2026-10-07,6,Put,327.50,-0.85%,2.17,2.45,2.56,1049,117,8.97,25.20%,21.81%,-0.367603,2026-10-01
GIS,31.67,2027-01-15,106,Call,32.50,-2.62%,1.7,1.8,1.8,1425,159,8.96,33.98%,33.05%,0.454588,2026-10-01
TSLA,354.11,2026-11-06,36,Call,360.00,-1.66%,17.65,18.05,18,1683,188,8.95,42.22%,44.80%,0.492439,2026-10-01
ASTS,57.04,2026-10-02,1,Call,58.00,-1.68%,0.55,0.6,0.63,2095,234,8.95,78.71%,82.86%,0.359141,2026-10-01
HD,282.46,2026-10-09,8,Call,292.50,-3.55%,1.31,1.45,1.61,1176,132,8.91,30.49%,29.04%,0.215247,2026-10-01
MSFT,512.8,2026-10-02,1,Put,525.00,+2.38%,11.5,12.25,13.25,1384,156,8.87,30.10%,28.93%,-0.939678,2026-10-01
ONDS,7.12,2026-11-20,50,Put,12.00,+68.54%,4.8,4.87,5,2360,268,8.81,73.12%,82.48%,-0.953177,2026-10-01
MSFT,512.8,2026-10-05,4,Call,525.00,-2.38%,1,1.08,1.15,3353,381,8.8,30.10%,22.68%,0.167576,2026-10-01
META,725.93,2026-10-02,1,Call,735.00,-1.25%,3.05,3.05,3.15,13336,1525,8.74,40.62%,43.62%,0.298699,2026-10-01
NVDA,230.86,2026-10-02,1,Put,230.00,-0.37%,1.12,1.11,1.14,196966,22577,8.72,34.15%,31.79%,-0.406153,2026-10-01
TSLA,354.11,2026-10-12,11,Put,320.00,-9.63%,0.74,0.63,0.79,2257,261,8.65,42.22%,40.49%,-0.067931,2026-10-01
MPT,3.37,2026-10-02,1,Put,3.50,+3.86%,0.11,0.12,0.19,9392,1086,8.65,42.19%,90.46%,-0.781926,2026-10-01
LITE,1045.78,2026-10-02,1,Put,975.00,-6.77%,0.95,0.99,1.05,890,103,8.64,76.12%,83.29%,-0.05138,2026-10-01
MU,1097.39,2026-10-05,4,Call,"1,040.00",+5.23%,58.3,61.69,63.15,2077,241,8.62,53.47%,43.98%,0.884719,2026-10-01
MU,1097.39,2026-10-07,6,Call,"1,050.00",+4.32%,55.15,59,60.1,2302,267,8.62,53.47%,49.35%,0.77015,2026-10-01
AMZN,248.23,2026-10-07,6,Call,247.50,+0.29%,3.6,3.76,4.15,1397,164,8.52,34.59%,26.93%,0.548197,2026-10-01
QCOM,182.09,2026-10-09,8,Call,187.50,-2.97%,2.54,2.66,3.1,1816,214,8.49,50.06%,46.25%,0.349092,2026-10-01
GOOGL,338.24,2026-10-09,8,Call,352.50,-4.22%,1.56,1.56,1.75,3244,382,8.49,33.52%,31.09%,0.195725,2026-10-01
AMD,615.73,2026-10-02,1,Call,615.00,+0.12%,7.05,7.2,7.45,13889,1642,8.46,52.99%,53.28%,0.524047,2026-10-01
MCD,231.83,2026-10-16,15,Put,270.00,+16.46%,37.75,37.75,38.6,1023,121,8.45,23.25%,31.25%,-0.996272,2026-10-01
TER,415.79,2026-10-09,8,Call,440.00,-5.82%,5,6,8.4,860,102,8.43,70.08%,62.79%,0.289935,2026-10-01
GOOGL,338.24,2026-10-05,4,Call,342.50,-1.26%,1.8,1.9,2.14,1824,217,8.41,33.52%,25.82%,0.331809,2026-10-01
MARA,11.21,2026-10-09,8,Call,11.50,-2.59%,0.38,0.39,0.39,5096,607,8.4,81.90%,76.57%,0.435988,2026-10-01
LITE,1045.78,2026-10-02,1,Call,"1,075.00",-2.79%,6.7,7.2,7.7,982,117,8.39,76.12%,82.04%,0.268333,2026-10-01
AVGO,343.64,2026-10-05,4,Call,352.50,-2.58%,1.02,1.24,1.5,1113,133,8.37,36.31%,29.48%,0.21232,2026-10-01
MU,1097.39,2026-10-30,29,Call,"1,300.00",-18.46%,14.45,15.3,15.85,6164,737,8.36,53.47%,57.34%,0.171387,2026-10-01
NVDA,230.86,2026-10-07,6,Call,235.00,-1.79%,1.64,1.61,1.66,10975,1314,8.35,34.15%,27.46%,0.318737,2026-10-01
LITE,1045.78,2026-10-02,1,Call,"1,060.00",-1.36%,11.2,11.5,12.3,1462,175,8.35,76.12%,81.56%,0.384914,2026-10-01
RITM,8.75,2027-02-19,141,Call,8.00,+8.57%,1,1.05,1.15,1008,121,8.33,26.71%,36.86%,0.668809,2026-10-01
BMY,61.46,2026-12-18,78,Call,40.00,+34.92%,20.95,21.6,22.3,1475,177,8.33,33.42%,55.96%,0.963673,2026-10-01
NVDA,230.86,2026-10-07,6,Put,240.00,+3.96%,9.35,9.34,9.5,1022,124,8.24,34.15%,24.20%,-0.894282,2026-10-01
RDDT,149.53,2026-10-02,1,Call,148.00,+1.02%,2.61,2.8,3.05,1022,124,8.24,65.48%,63.13%,0.629687,2026-10-01
AAPL,330.32,2026-10-14,13,Call,340.00,-2.93%,1.51,1.85,2.23,1179,143,8.24,25.20%,20.82%,0.247149,2026-10-01
LNG,272.4,2026-10-02,1,Call,290.00,-6.46%,0.6,0.8,0.85,1194,145,8.23,34.61%,96.08%,0.111562,2026-10-01
MU,1097.39,2026-10-05,4,Put,"1,040.00",-5.23%,3.6,3.4,3.8,1386,170,8.15,53.47%,47.37%,-0.132277,2026-10-01
DYN,15.82,2027-03-19,169,Call,30.00,-89.63%,1.8,1.8,1.95,4307,529,8.14,67.63%,112.73%,0.335227,2026-10-01
DKNG,19.35,2026-10-23,22,Put,18.00,-6.98%,0.49,0.52,0.83,1236,152,8.13,64.29%,67.51%,-0.297592,2026-10-01
PTC,146.47,2026-10-16,15,Put,140.00,-4.42%,2.25,2.6,3,961,119,8.08,46.95%,45.87%,-0.292131,2026-10-01
DKNG,19.35,2026-10-02,1,Call,19.00,+1.81%,0.48,0.49,0.53,2324,288,8.07,64.29%,74.02%,0.689115,2026-10-01
GOOG,334.93,2026-10-02,1,Call,337.50,-0.77%,1.25,1.3,1.34,8591,1064,8.07,32.75%,33.46%,0.336455,2026-10-01
MU,1097.39,2026-10-05,4,Call,"1,045.00",+4.77%,55.95,57,58.65,1024,128,8,53.47%,47.39%,0.845992,2026-10-01
WFC,80.25,2026-10-09,8,Call,79.00,+1.56%,1.7,1.82,2.04,854,107,7.98,31.25%,23.83%,0.681048,2026-10-01
GOOGL,338.24,2026-10-30,29,Put,295.00,-12.78%,1.33,1.46,1.56,3843,484,7.94,33.52%,37.43%,-0.084664,2026-10-01
MU,1097.39,2026-10-02,1,Put,"1,082.50",-1.36%,8.5,8.37,8.75,1780,225,7.91,53.47%,65.65%,-0.338173,2026-10-01
PM,188.18,2027-01-15,106,Call,110.00,+41.55%,77.3,78,80.2,1010,128,7.89,28.71%,57.17%,0.96917,2026-10-01
MU,1097.39,2026-10-05,4,Call,"1,090.00",+0.67%,25,25.6,26,2371,301,7.88,53.47%,46.75%,0.56794,2026-10-01
AAPL,330.32,2026-10-02,1,Put,322.50,-2.37%,0.12,0.13,0.13,31343,3977,7.88,25.20%,29.28%,-0.05741,2026-10-01
MU,1097.39,2026-10-07,6,Call,"1,150.00",-4.79%,11.45,11.56,11.85,1063,135,7.87,53.47%,53.82%,0.262674,2026-10-01
J,139.79,2026-10-16,15,Call,150.00,-7.30%,0.4,0.41,0.6,1099,140,7.85,29.17%,29.04%,0.125376,2026-10-01
BMNR,26.73,2026-10-09,8,Put,26.00,-2.73%,0.69,0.7,0.8,7324,935,7.83,73.55%,69.32%,-0.371488,2026-10-01
NKE,35.15,2026-10-09,8,Call,37.50,-6.69%,0.86,0.95,1.03,2105,270,7.8,54.51%,88.42%,0.333325,2026-10-01
CIFR,15.46,2026-10-09,8,Call,15.00,+2.98%,0.96,1.05,1.13,1240,160,7.75,94.05%,87.50%,0.619653,2026-10-01
AAPL,330.32,2026-10-07,6,Call,335.00,-1.42%,1.77,1.79,2.05,1941,251,7.73,25.20%,21.94%,0.32081,2026-10-01
MU,1097.39,2026-10-05,4,Call,"1,120.00",-2.06%,12.4,13,13,1796,233,7.71,53.47%,47.58%,0.353392,2026-10-01
BCS,23.64,2026-10-16,15,Put,23.00,-2.71%,0.15,0.45,0.4,1330,173,7.69,34.44%,28.21%,-0.307762,2026-10-01
BMY,61.46,2026-10-09,8,Call,65.00,-5.76%,0.02,0.11,0.22,4450,579,7.69,33.42%,28.86%,0.098478,2026-10-01
SNDK,1787.69,2026-10-02,1,Call,"1,765.00",+1.27%,37.9,41.6,40.8,875,114,7.68,67.99%,71.04%,0.642461,2026-10-01
NKE,35.15,2026-10-02,1,Put,33.00,-6.12%,0.66,0.66,0.68,33381,4366,7.65,54.51%,212.01%,-0.266223,2026-10-01
INTC,120,2026-10-05,4,Put,118.00,-1.67%,1.57,1.53,1.66,2330,305,7.64,67.00%,50.40%,-0.362737,2026-10-01
TSLA,354.11,2026-10-05,4,Put,355.00,+0.25%,5.9,6,6.15,4897,641,7.64,42.22%,38.09%,-0.513831,2026-10-01
HOOD,111.15,2026-10-16,15,Put,111.00,-0.13%,4.3,4.77,4.9,2097,275,7.63,59.85%,52.95%,-0.468971,2026-10-01
MSTR,160.5,2026-11-20,50,Call,310.00,-93.15%,0.64,0.71,0.75,1614,212,7.61,67.29%,90.03%,0.036539,2026-10-01
BX,112.24,2027-09-17,351,Put,90.00,-19.81%,5.4,6.7,6.8,1519,200,7.6,39.81%,37.82%,-0.211303,2026-10-01
MU,1097.39,2026-10-02,1,Call,"1,080.00",+1.58%,25.2,25.45,26,22244,2948,7.55,53.47%,67.22%,0.682471,2026-10-01
GEO,30.79,2028-01-21,477,Put,32.00,+3.93%,6.4,7.08,7.2,1251,166,7.54,56.89%,47.11%,-0.405264,2026-10-01
UBS,47.57,2026-10-16,15,Put,45.00,-5.40%,0.3,0.39,0.5,1872,249,7.52,32.95%,34.91%,-0.204421,2026-10-01
GOOGL,338.24,2026-10-05,4,Call,345.00,-2.00%,1.22,1.28,1.51,2733,364,7.51,33.52%,26.58%,0.247287,2026-10-01
MSFT,512.8,2026-10-07,6,Call,520.00,-1.40%,3.35,3.6,4.05,2344,313,7.49,30.10%,24.97%,0.343358,2026-10-01
PEW,2.03,2026-11-20,50,Call,2.50,-23.15%,0.05,0.1,0.1,968,130,7.45,67.66%,71.33%,0.262301,2026-10-01
MSFT,512.8,2026-10-07,6,Call,517.50,-0.92%,4.2,4.4,4.8,1092,147,7.43,30.10%,24.58%,0.398489,2026-10-01
DELL,541.74,2026-10-16,15,Call,557.50,-2.91%,18,17.91,19.6,779,105,7.42,59.95%,57.67%,0.430518,2026-10-01
DELL,541.74,2026-10-02,1,Call,550.00,-1.52%,3.5,3.7,3.8,9648,1303,7.4,59.95%,61.44%,0.325766,2026-10-01
JBL,299.79,2026-10-02,1,Call,305.00,-1.74%,0.75,1.17,1.6,911,124,7.35,43.74%,49.10%,0.256695,2026-10-01
ABVX,95.1,2026-10-16,15,Call,115.00,-20.93%,0.6,0.9,1.05,1512,206,7.34,64.94%,75.11%,0.122768,2026-10-01
MU,1097.39,2026-10-02,1,Call,"1,062.50",+3.18%,37.25,39,39.7,3391,462,7.34,53.47%,65.89%,0.830792,2026-10-01
NVDA,230.86,2026-10-09,8,Call,242.50,-5.04%,0.62,0.6,0.65,17815,2432,7.33,34.15%,28.67%,0.131395,2026-10-01
AMZN,248.23,2026-10-02,1,Call,230.00,+7.34%,16.75,18.52,18.85,2213,306,7.23,34.59%,91.23%,0.947761,2026-10-01
POET,7.64,2026-10-09,8,Call,8.00,-4.71%,0.15,0.2,0.2,3995,553,7.22,77.82%,69.61%,0.349364,2026-10-01
AMZN,248.23,2026-10-05,4,Call,245.00,+1.30%,4.1,4.35,4.85,1083,150,7.22,34.59%,23.85%,0.710259,2026-10-01
SNDK,1787.69,2026-10-02,1,Call,"1,795.00",-0.41%,22.5,22.9,24.7,1212,168,7.21,67.99%,72.22%,0.465633,2026-10-01
AMAT,529.3,2026-10-02,1,Call,570.00,-7.69%,0.03,0.13,0.24,813,113,7.19,56.94%,68.05%,0.019747,2026-10-01
C,127,2026-10-02,1,Put,126.00,-0.79%,0.53,0.59,0.68,2217,309,7.17,32.90%,39.02%,-0.344787,2026-10-01
MU,1097.39,2026-10-02,1,Call,"1,035.00",+5.69%,62.35,62.02,65,5133,716,7.17,53.47%,74.06%,0.937254,2026-10-01
HIVE,2.92,2026-10-02,1,Call,1.00,+65.75%,1.65,1.84,2,1118,156,7.17,89.34%,"1,069.56%",0.985888,2026-10-01
MU,1097.39,2026-10-02,1,Call,"1,050.00",+4.32%,48,49.77,51,26091,3646,7.16,53.47%,68.38%,0.895134,2026-10-01
ARHS,9.87,2027-01-15,106,Call,12.15,-23.10%,0.4,0.55,0.75,2189,306,7.15,61.59%,59.50%,0.326381,2026-10-01
MSFT,512.8,2026-10-02,1,Put,512.50,-0.06%,2.74,2.9,3.05,7715,1081,7.14,30.10%,28.60%,-0.479525,2026-10-01
GEMI,5.07,2026-10-09,8,Put,5.50,+8.48%,0.45,0.53,0.65,849,119,7.13,106.86%,92.49%,-0.699348,2026-10-01
APP,281.31,2026-10-02,1,Call,292.50,-3.98%,0.45,0.65,0.8,986,139,7.09,66.72%,65.35%,0.131286,2026-10-01
GOOG,334.93,2026-10-02,1,Call,332.50,+0.73%,3.6,3.66,3.85,2006,283,7.09,32.75%,32.80%,0.669508,2026-10-01
JMKE,16.77,2027-02-19,141,Put,12.50,-25.46%,0.5,0.56,0.7,1608,228,7.05,59.50%,59.69%,-0.154963,2026-10-01
META,725.93,2026-10-02,1,Put,722.50,-0.47%,4.55,4.9,4.7,3800,540,7.04,40.62%,41.11%,-0.407188,2026-10-01
CORZ,16.35,2026-10-30,29,Call,20.00,-22.32%,0.25,0.23,0.43,4706,668,7.04,72.40%,73.78%,0.197598,2026-10-01
HBAN,15.19,2026-10-16,15,Call,16.00,-5.33%,0.1,0.18,0.2,12153,1726,7.04,33.32%,35.08%,0.243021,2026-10-01
REAL,8.95,2026-11-20,50,Call,10.00,-11.73%,0.6,0.69,0.75,2014,287,7.02,76.69%,79.35%,0.415931,2026-10-01
VZ,45.98,2026-11-20,50,Put,38.00,-17.36%,0.07,0.12,0.16,1029,147,7,24.71%,31.83%,-0.048688,2026-10-01
FSLR,172.11,2027-09-17,351,Call,240.00,-39.45%,16.75,18.8,20,1503,215,6.99,54.90%,53.14%,0.382819,2026-10-01
MSFT,512.8,2026-10-05,4,Put,510.00,-0.55%,2.86,3.55,3.55,1872,268,6.99,30.10%,21.22%,-0.393306,2026-10-01
NFLX,67.85,2027-03-19,169,Put,62.50,-7.89%,3.95,4,4.2,1793,257,6.98,38.10%,38.87%,-0.30883,2026-10-01
TRNS,90.18,2026-10-16,15,Call,100.00,-10.89%,0.3,0.42,0.45,955,137,6.97,47.16%,39.71%,0.110481,2026-10-01
SNDK,1787.69,2026-10-02,1,Put,"1,760.00",-1.55%,12.6,14.5,15,1196,172,6.95,67.99%,68.39%,-0.323975,2026-10-01
AMZN,248.23,2026-10-02,1,Put,255.00,+2.73%,6.1,7.01,7.3,13288,1923,6.91,34.59%,40.46%,-0.896422,2026-10-01
ASTS,57.04,2026-10-30,29,Put,56.00,-1.82%,3.8,4.05,5.3,1077,156,6.9,78.71%,80.90%,-0.418674,2026-10-01
TLN,323.09,2026-11-20,50,Call,360.00,-11.42%,13.5,14,14.9,1006,146,6.89,55.88%,56.45%,0.349297,2026-10-01
HOOD,111.15,2026-10-30,29,Call,128.00,-15.16%,2.11,2.76,3.1,791,116,6.82,59.85%,62.66%,0.244001,2026-10-01
DHT,23.56,2026-10-16,15,Call,26.00,-10.36%,0.2,0.25,0.35,5135,755,6.8,53.90%,56.23%,0.194937,2026-10-01
CRWV,88.57,2028-01-21,477,Call,125.00,-41.13%,20.5,21.09,21.65,5029,742,6.78,76.24%,74.29%,0.535071,2026-10-01
WULF,14.91,2026-10-23,22,Call,18.00,-20.72%,0.26,0.29,0.3,1219,180,6.77,81.86%,82.28%,0.186086,2026-10-01
HOOD,111.15,2026-10-16,15,Call,112.00,-0.76%,4.6,4.61,4.75,947,140,6.76,59.85%,55.52%,0.501113,2026-10-01
TSLA,354.11,2026-10-02,1,Call,367.50,-3.78%,0.82,0.83,0.85,30199,4469,6.76,42.22%,64.33%,0.139548,2026-10-01
GFS,48.68,2026-11-20,50,Put,40.00,-17.83%,0.9,1,1.15,847,126,6.72,59.26%,61.15%,-0.159174,2026-10-01
NVDA,230.86,2026-10-09,8,Put,227.50,-1.46%,2.42,2.5,2.48,11629,1730,6.72,34.15%,29.28%,-0.353942,2026-10-01
MU,1097.39,2026-10-02,1,Call,"1,120.00",-2.06%,6.9,7.05,7.15,15841,2362,6.71,53.47%,68.21%,0.290969,2026-10-01
NOW,137.76,2026-10-16,15,Call,142.00,-3.08%,3.65,3.95,3.8,1018,152,6.7,53.82%,48.68%,0.404522,2026-10-01
ASTS,57.04,2026-10-30,29,Call,58.00,-1.68%,4.25,4.4,4.55,977,146,6.69,78.71%,74.16%,0.515732,2026-10-01
AVGO,343.64,2026-10-05,4,Call,347.50,-1.12%,2.23,2.45,2.87,752,113,6.65,36.31%,28.80%,0.365365,2026-10-01
ALAB,356.42,2026-10-09,8,Call,400.00,-12.23%,6,6.2,6.8,1636,246,6.65,87.65%,96.16%,0.231705,2026-10-01
MARA,11.21,2026-10-16,15,Call,11.50,-2.59%,0.56,0.57,0.59,1964,296,6.64,81.90%,76.64%,0.469532,2026-10-01
ASTS,57.04,2026-10-02,1,Call,61.00,-6.94%,0.11,0.12,0.14,4323,651,6.64,78.71%,95.89%,0.095063,2026-10-01
COIN,189.29,2026-10-02,1,Call,192.50,-1.70%,1.52,1.57,1.63,4457,671,6.64,63.46%,72.63%,0.337015,2026-10-01
MP,46.09,2026-10-09,8,Put,43.00,-6.70%,0.3,0.42,0.45,795,120,6.63,57.90%,54.17%,-0.180108,2026-10-01
AISP,2.22,2026-10-16,15,Call,3.0000,-35.14%,0.05,0.1,0.1,1804,272,6.63,113.92%,156.39%,0.215839,2026-10-01
LCTX,0.9042,2026-10-16,15,Call,1.0000,-10.60%,0,0.1,0.1,700,106,6.6,283.47%,121.91%,0.370585,2026-10-01
U,43.61,2026-10-16,15,Put,40.50,-7.13%,0.65,0.69,0.79,964,146,6.6,65.16%,55.91%,-0.235194,2026-10-01
SNDK,1787.69,2026-10-02,1,Put,"1,725.00",-3.51%,5,5.6,6.9,1525,231,6.6,67.99%,71.53%,-0.164807,2026-10-01
GOOGL,338.24,2026-10-02,1,Put,332.50,-1.70%,0.42,0.44,0.47,10478,1594,6.57,33.52%,32.02%,-0.150324,2026-10-01
MU,1097.39,2026-10-23,22,Put,910.00,-17.08%,4.45,4.65,5.5,766,117,6.55,53.47%,55.18%,-0.071385,2026-10-01
RKLB,70.46,2026-10-30,29,Put,68.00,-3.49%,3.5,3.99,4.4,976,149,6.55,73.88%,66.55%,-0.383427,2026-10-01
APLD,24.16,2026-10-02,1,Call,24.00,+0.66%,0.43,0.52,0.5,1690,258,6.55,89.40%,75.22%,0.575808,2026-10-01
AMZN,248.23,2026-10-05,4,Put,247.50,-0.29%,1.89,2,2.12,2306,352,6.55,34.59%,23.13%,-0.441206,2026-10-01
MU,1097.39,2026-10-05,4,Call,"1,180.00",-7.53%,2.85,2.94,3,883,135,6.54,53.47%,53.27%,0.102713,2026-10-01
T,24.3,2026-10-16,15,Call,24.50,-0.82%,0.27,0.31,0.32,1168,179,6.53,27.18%,19.74%,0.424074,2026-10-01
CIFR,15.46,2026-10-02,1,Call,15.00,+2.98%,0.34,0.61,0.67,1684,259,6.5,94.05%,60.42%,0.835058,2026-10-01
AAPL,330.32,2026-10-09,8,Call,335.00,-1.42%,2.59,2.7,2.7,14135,2173,6.5,25.20%,22.99%,0.354379,2026-10-01
MSFT,512.8,2026-10-02,1,Put,517.50,+0.92%,5.6,6,6.2,7075,1093,6.47,30.10%,28.00%,-0.729613,2026-10-01
MU,1097.39,2026-10-05,4,Put,"1,075.00",-2.04%,11.5,11.77,11.85,1085,168,6.46,53.47%,46.64%,-0.32486,2026-10-01
CSCO,108.76,2026-10-16,15,Call,75.00,+31.04%,33.4,33.64,34.9,1006,156,6.45,36.08%,106.84%,0.965669,2026-10-01
TSLA,354.11,2026-10-07,6,Put,355.00,+0.25%,7.45,7.6,7.7,1423,221,6.44,42.22%,39.85%,-0.505559,2026-10-01
MU,1097.39,2026-10-07,6,Call,"1,090.00",+0.67%,31.85,33.16,33.5,751,117,6.42,53.47%,50.89%,0.557979,2026-10-01
MSFT,512.8,2026-10-05,4,Put,512.50,-0.06%,4.25,4.6,4.75,905,141,6.42,30.10%,22.07%,-0.480517,2026-10-01
META,725.93,2026-10-02,1,Call,750.00,-3.32%,0.71,0.71,0.73,38918,6095,6.39,40.62%,45.91%,0.089892,2026-10-01
META,725.93,2026-10-02,1,Call,732.50,-0.91%,3.8,3.71,3.9,8790,1382,6.36,40.62%,43.32%,0.351339,2026-10-01
TSLA,354.11,2026-10-02,1,Put,352.50,-0.45%,3.45,3.56,3.6,31820,5010,6.35,42.22%,58.25%,-0.433426,2026-10-01
INTC,120,2026-10-02,1,Put,119.00,-0.83%,1.23,1.24,1.26,18442,2908,6.34,67.00%,68.24%,-0.399572,2026-10-01
NVDA,230.86,2026-10-07,6,Put,227.50,-1.46%,1.84,1.93,1.87,3307,523,6.32,34.15%,28.22%,-0.331105,2026-10-01
TSLA,354.11,2026-10-05,4,Call,365.00,-3.08%,2.05,2.1,2.1,8302,1317,6.3,42.22%,39.76%,0.242989,2026-10-01
AVGO,343.64,2026-10-05,4,Put,340.00,-1.06%,2.19,2.25,2.51,2531,403,6.28,36.31%,27.63%,-0.34718,2026-10-01
COST,914.94,2026-11-06,36,Put,910.00,-0.54%,16.8,18.76,20.8,766,122,6.28,20.11%,19.60%,-0.43682,2026-10-01
CRWD,266.09,2026-10-02,1,Put,265.00,-0.41%,2.57,2.57,2.76,1175,187,6.28,53.78%,57.57%,-0.438697,2026-10-01
AMD,615.73,2026-10-02,1,Put,605.00,-1.74%,2.52,2.66,2.74,8410,1342,6.27,52.99%,52.45%,-0.255411,2026-10-01
CRCL,82.91,2026-10-02,1,Put,98.00,+18.20%,14.95,15.17,15.3,1008,161,6.26,72.11%,149.42%,-0.98249,2026-10-01
DYN,15.82,2026-11-20,50,Call,17.00,-7.46%,0.7,1.1,1.1,2002,320,6.26,67.63%,57.07%,0.417174,2026-10-01
JPM,333.18,2026-10-02,1,Call,330.00,+0.95%,3.85,4.13,4.4,1880,301,6.25,26.80%,31.18%,0.725483,2026-10-01
TNET,64.86,2026-10-16,15,Call,80.00,-23.34%,0.1,0.1,0.5,1323,212,6.24,51.96%,69.06%,0.077404,2026-10-01
IBM,225.62,2026-11-20,50,Put,235.00,+4.16%,18.95,18.55,19.9,3201,514,6.23,40.09%,42.68%,-0.567013,2026-10-01
TSLA,354.11,2026-10-09,8,Call,362.50,-2.37%,5.15,5.2,5.3,5769,926,6.23,42.22%,41.01%,0.366424,2026-10-01
MU,1097.39,2026-10-09,8,Put,995.00,-9.33%,3.95,4.07,4.3,622,100,6.22,53.47%,53.18%,-0.097966,2026-10-01
MU,1097.39,2026-10-07,6,Put,"1,030.00",-6.14%,5.95,5.9,6.3,833,134,6.22,53.47%,51.27%,-0.157268,2026-10-01
LULU,95.86,2026-12-18,78,Put,350.00,+265.12%,252.95,252.95,254.5,3956,637,6.21,42.44%,134.97%,-0.986467,2026-10-01
GIS,31.67,2026-12-18,78,Call,32.50,-2.62%,1.4,1.5,1.7,2333,376,6.2,33.98%,34.52%,0.447921,2026-10-01
MU,1097.39,2026-10-02,1,Put,"1,025.00",-6.60%,0.45,0.49,0.5,7856,1268,6.2,53.47%,70.12%,-0.030035,2026-10-01
GEMI,5.07,2026-10-16,15,Call,2.50,+50.69%,2.15,2.65,2.75,732,118,6.2,106.86%,260.22%,0.945997,2026-10-01
TSLA,354.11,2026-10-02,1,Put,350.00,-1.16%,2.57,2.59,2.61,44976,7270,6.19,42.22%,59.20%,-0.346319,2026-10-01
MU,1097.39,2026-10-02,1,Call,"1,100.00",-0.24%,14,14.15,14.35,82676,13408,6.17,53.47%,67.09%,0.481213,2026-10-01
HD,282.46,2027-06-17,259,Call,350.00,-23.91%,7.8,8.65,9.95,2125,345,6.16,30.49%,29.88%,0.237837,2026-10-01
LITE,1045.78,2026-10-02,1,Call,"1,040.00",+0.55%,20.1,20.23,21.3,713,116,6.15,76.12%,80.82%,0.561472,2026-10-01
FSLR,172.11,2026-10-23,22,Put,165.00,-4.13%,4.05,5.2,5.85,1528,249,6.14,54.90%,49.40%,-0.335504,2026-10-01
MU,1097.39,2026-10-02,1,Put,"1,085.00",-1.13%,9.4,9.5,9.65,5404,880,6.14,53.47%,65.61%,-0.362988,2026-10-01
GCT,53.19,2026-10-16,15,Put,50.00,-6.00%,0.85,1.2,1.35,772,126,6.13,66.95%,57.24%,-0.273243,2026-10-01
MSFT,512.8,2026-10-05,4,Call,520.00,-1.40%,1.95,2.07,2.3,2770,454,6.1,30.10%,22.48%,0.285707,2026-10-01
SNDK,1787.69,2026-10-02,1,Call,"1,800.00",-0.69%,20.5,21,21.4,12277,2013,6.1,67.99%,70.95%,0.435104,2026-10-01
MO,66.95,2026-10-02,1,Call,67.00,-0.07%,0.23,0.39,0.43,652,107,6.09,23.61%,25.49%,0.478565,2026-10-01
HOOD,111.15,2026-10-02,1,Call,113.00,-1.66%,0.76,0.74,0.8,10737,1767,6.08,59.85%,65.22%,0.321532,2026-10-01
MU,1097.39,2026-10-02,1,Put,"1,075.00",-2.04%,6.2,6.3,6.4,5587,921,6.07,53.47%,65.83%,-0.268187,2026-10-01
SNAP,5.65,2026-12-18,78,Call,5.00,+11.50%,0.88,0.91,1.11,1001,165,6.07,68.71%,60.06%,0.729008,2026-10-01
NKTR,46.99,2026-10-16,15,Call,50.00,-6.41%,1.05,1.5,1.8,636,105,6.06,71.50%,67.31%,0.353786,2026-10-01
MU,1097.39,2026-10-09,8,Put,"1,015.00",-7.51%,6.45,6.82,6.85,776,128,6.06,53.47%,52.51%,-0.146229,2026-10-01
AMZN,248.23,2026-11-06,36,Call,300.00,-20.86%,0.85,0.96,1.03,1155,191,6.05,34.59%,38.95%,0.072819,2026-10-01
CLSK,12.52,2026-10-09,8,Call,12.50,+0.16%,0.48,0.54,0.62,2739,453,6.05,78.83%,72.41%,0.530477,2026-10-01
CORZ,16.35,2027-04-16,197,Put,16.00,-2.14%,2.8,3.17,3.35,3500,579,6.04,72.40%,73.17%,-0.367829,2026-10-01
NFLX,67.85,2026-10-09,8,Call,69.00,-1.69%,0.73,0.73,0.76,4680,775,6.04,38.10%,30.04%,0.368223,2026-10-01
FRMI,4.05,2026-10-09,8,Call,4.00,+1.23%,0.25,0.25,0.3,1175,195,6.03,102.23%,104.22%,0.564818,2026-10-01
MU,1097.39,2026-10-05,4,Call,"1,050.00",+4.32%,52.05,53,54.15,2692,448,6.01,53.47%,47.08%,0.823562,2026-10-01
AVGO,343.64,2026-10-05,4,Call,355.00,-3.31%,0.75,0.82,0.86,1722,287,6,36.31%,29.22%,0.149878,2026-10-01
MU,1097.39,2026-10-02,1,Put,"1,062.50",-3.18%,3.45,3.37,3.6,2833,473,5.99,53.47%,66.23%,-0.170495,2026-10-01
PURR,12.03,2026-10-02,1,Call,12.00,+0.25%,0.15,0.28,0.4,2479,416,5.96,98.63%,103.28%,0.529971,2026-10-01
HOOD,111.15,2026-10-02,1,Call,112.00,-0.76%,1.09,1.11,1.15,6193,1042,5.94,59.85%,64.48%,0.418496,2026-10-01
HOOD,111.15,2029-01-19,841,Call,120.00,-7.96%,41.35,42.7,43.75,896,151,5.93,59.85%,63.80%,0.698635,2026-10-01
MU,1097.39,2026-10-09,8,Put,970.00,-11.61%,2.11,2.29,2.39,1684,284,5.93,53.47%,54.61%,-0.057479,2026-10-01
META,725.93,2026-10-02,1,Call,737.50,-1.59%,2.43,2.43,2.49,4636,783,5.92,40.62%,43.83%,0.250297,2026-10-01
AAPL,330.32,2026-10-05,4,Put,330.00,-0.10%,2.32,2.59,2.57,4965,841,5.9,25.20%,19.27%,-0.470687,2026-10-01
U,43.61,2026-10-23,22,Call,43.00,+1.40%,2.38,2.75,2.96,637,108,5.9,65.16%,54.27%,0.57533,2026-10-01
MU,1097.39,2026-10-02,1,Put,"1,065.00",-2.95%,3.9,3.95,4.05,4467,758,5.89,53.47%,66.09%,-0.187765,2026-10-01
AVGO,343.64,2026-10-02,1,Call,355.00,-3.31%,0.25,0.25,0.27,13540,2299,5.89,36.31%,42.88%,0.075765,2026-10-01
SNDK,1787.69,2026-10-02,1,Call,"1,785.00",+0.15%,26.7,28.1,28.7,706,120,5.88,67.99%,70.34%,0.524802,2026-10-01
AMZN,248.23,2026-10-05,4,Put,255.00,+2.73%,6.6,6.82,7.8,1411,240,5.88,34.59%,24.65%,-0.848742,2026-10-01
MU,1097.39,2026-10-09,8,Call,"1,150.00",-4.79%,16.2,16.6,16.65,4358,743,5.87,53.47%,55.19%,0.300817,2026-10-01
ET,20.1,2026-10-16,15,Call,20.50,-1.99%,0.12,0.14,0.14,4130,706,5.85,19.98%,17.89%,0.290136,2026-10-01
ARW,231.63,2026-12-18,78,Call,230.00,+0.70%,19.4,20.3,20.8,620,106,5.85,42.79%,43.19%,0.570138,2026-10-01
MU,1097.39,2026-10-02,1,Call,"1,110.00",-1.15%,9.8,10.04,10.2,18445,3159,5.84,53.47%,67.05%,0.380151,2026-10-01
INTC,120,2026-10-02,1,Call,122.00,-1.67%,0.97,0.96,1.02,19470,3333,5.84,67.00%,72.00%,0.338227,2026-10-01
KO,86.1,2026-10-09,8,Call,86.00,+0.12%,0.94,1,1.22,2520,433,5.82,20.19%,19.99%,0.525582,2026-10-01
AVGO,343.64,2026-10-05,4,Call,357.50,-4.03%,0.52,0.58,0.63,935,161,5.81,36.31%,30.24%,0.110738,2026-10-01
OKLO,36.14,2026-10-02,1,Call,36.00,+0.39%,0.6,0.61,0.69,673,116,5.8,72.26%,75.72%,0.547939,2026-10-01
IBM,225.62,2026-10-02,1,Put,227.50,+0.83%,2.5,2.7,3.45,1231,213,5.78,40.09%,39.99%,-0.649887,2026-10-01
TSLA,354.11,2026-10-05,4,Call,360.00,-1.66%,3.35,3.43,3.45,9811,1697,5.78,42.22%,39.07%,0.354761,2026-10-01
TSLA,354.11,2026-10-02,1,Call,365.00,-3.08%,1.16,1.17,1.19,69175,11966,5.78,42.22%,63.36%,0.185737,2026-10-01
MU,1097.39,2026-10-02,1,Put,"1,020.00",-7.05%,0.35,0.39,0.39,11373,1972,5.77,53.47%,71.27%,-0.023758,2026-10-01
MU,1097.39,2026-10-09,8,Put,985.00,-10.24%,3.05,3.34,3.35,894,155,5.77,53.47%,53.52%,-0.078829,2026-10-01
RKT,11.97,2026-10-09,8,Call,11.50,+3.93%,0.66,0.7,0.8,1465,254,5.77,65.01%,64.99%,0.682023,2026-10-01
AMZN,248.23,2026-10-05,4,Put,242.50,-2.31%,0.52,0.53,0.59,1835,318,5.77,34.59%,23.78%,-0.166995,2026-10-01
META,725.93,2026-10-05,4,Put,717.50,-1.16%,5.4,5.6,5.5,1313,228,5.76,40.62%,30.34%,-0.346684,2026-10-01
AMD,615.73,2026-10-02,1,Call,612.50,+0.52%,8.3,8.6,8.85,5869,1021,5.75,52.99%,53.04%,0.582075,2026-10-01
LITE,1045.78,2026-10-02,1,Call,"1,200.00",-14.75%,0,0.1,0.1,1187,207,5.73,76.12%,95.39%,0.003194,2026-10-01
MU,1097.39,2026-12-18,78,Call,"1,500.00",-36.69%,20.9,22.35,23.95,11334,1979,5.73,53.47%,58.49%,0.161124,2026-10-01
INTC,120,2026-10-02,1,Call,119.00,+0.83%,2.29,2.3,2.35,12854,2248,5.72,67.00%,70.88%,0.597422,2026-10-01
GOOGL,338.24,2026-10-05,4,Put,337.50,-0.22%,2.83,3.14,3.3,784,137,5.72,33.52%,24.65%,-0.456155,2026-10-01
IONQ,43.99,2026-10-09,8,Call,46.50,-5.71%,0.83,0.9,0.94,1211,212,5.71,74.96%,69.90%,0.316929,2026-10-01
AMD,615.73,2026-10-09,8,Call,645.00,-4.75%,7.1,7.1,7.55,1548,271,5.71,52.99%,48.90%,0.276397,2026-10-01
KNTK,51.01,2026-11-20,50,Call,55.00,-7.82%,0.55,1.03,1.8,1753,307,5.71,38.42%,35.46%,0.296705,2026-10-01
GLW,160.42,2026-11-20,50,Call,185.00,-15.32%,6.55,6.72,6.85,3469,608,5.71,60.02%,62.45%,0.314676,2026-10-01
META,725.93,2026-10-02,1,Call,747.50,-2.97%,0.91,0.9,0.95,3227,566,5.7,40.62%,45.44%,0.112163,2026-10-01
AMZN,248.23,2026-10-02,1,Put,260.00,+4.74%,10.95,11.91,12.15,9408,1653,5.69,34.59%,54.40%,-0.94731,2026-10-01
MU,1097.39,2026-10-02,1,Call,"1,150.00",-4.79%,2.45,2.49,2.5,44083,7742,5.69,53.47%,74.57%,0.119478,2026-10-01
INTC,120,2026-10-05,4,Call,123.00,-2.50%,1.44,1.55,1.51,1990,351,5.67,67.00%,53.20%,0.341346,2026-10-01
ETOR,25.78,2026-12-18,78,Call,35.00,-35.76%,0.3,0.4,0.45,3390,601,5.64,53.24%,52.10%,0.132713,2026-10-01
JBL,299.79,2026-11-20,50,Put,260.00,-13.27%,3.8,4.81,5.3,585,104,5.63,43.74%,44.15%,-0.163009,2026-10-01
CSCO,108.76,2026-10-02,1,Call,99.00,+8.97%,9.3,9.65,11.45,635,113,5.62,36.08%,163.44%,0.87338,2026-10-01
VST,139.75,2026-10-09,8,Put,137.00,-1.97%,2.15,2.24,2.31,803,143,5.62,45.57%,42.43%,-0.360345,2026-10-01
SNDK,1787.69,2026-10-02,1,Call,"1,735.00",+2.95%,58.9,65.93,63.3,1023,182,5.62,67.99%,72.75%,0.790339,2026-10-01
PLTR,190.04,2026-10-16,15,Call,212.50,-11.82%,0.85,0.93,0.92,1460,260,5.62,52.42%,43.33%,0.113177,2026-10-01
GGAL,36.07,2027-01-15,106,Call,45.00,-24.76%,1.1,1.3,1.4,6330,1127,5.62,59.59%,48.69%,0.250578,2026-10-01
INTC,120,2026-10-02,1,Put,118.00,-1.67%,0.86,0.87,0.89,17534,3122,5.62,67.00%,68.17%,-0.311614,2026-10-01
NVDA,230.86,2026-10-02,1,Call,230.00,+0.37%,2.14,2.2,2.2,160552,28600,5.61,34.15%,35.18%,0.585909,2026-10-01
CLSK,12.52,2026-10-09,8,Call,13.00,-3.83%,0.32,0.34,0.37,2814,503,5.59,78.83%,72.77%,0.386867,2026-10-01
RIOT,19.61,2026-10-02,1,Call,20.00,-1.99%,0.2,0.22,0.22,2385,428,5.57,81.30%,90.03%,0.34747,2026-10-01
MU,1097.39,2026-10-02,1,Call,"1,082.50",+1.36%,23.55,24.2,24.65,3208,576,5.57,53.47%,67.91%,0.657311,2026-10-01
MU,1097.39,2026-10-09,8,Put,975.00,-11.15%,2.54,2.55,2.63,1058,190,5.57,53.47%,54.50%,-0.064804,2026-10-01
AMZN,248.23,2026-10-02,1,Put,257.50,+3.73%,9.1,9.1,9.65,4654,837,5.56,34.59%,42.91%,-0.948316,2026-10-01
SMCI,41.92,2027-03-19,169,Call,70.00,-66.98%,2.62,2.78,2.94,5077,913,5.56,76.01%,79.41%,0.260158,2026-10-01
MCD,231.83,2026-11-20,50,Put,285.00,+22.93%,52.15,54.4,54.4,660,119,5.55,23.25%,29.68%,-0.973479,2026-10-01
AAPL,330.32,2026-10-09,8,Call,327.50,+0.85%,6.15,6.15,6.5,1314,237,5.54,25.20%,23.82%,0.611333,2026-10-01
BTDR,10.64,2026-10-09,8,Call,11.50,-8.08%,0.15,0.21,0.4,1667,301,5.54,91.87%,93.13%,0.31253,2026-10-01
NVDA,230.86,2026-10-09,8,Put,240.00,+3.96%,8.95,9.96,10.05,4351,786,5.54,34.15%,22.47%,-0.87732,2026-10-01
AMD,615.73,2026-10-02,1,Call,622.50,-1.10%,3.9,4.08,4.25,2953,534,5.53,52.99%,53.50%,0.354678,2026-10-01
LULU,95.86,2027-01-15,106,Put,220.00,+129.50%,122.95,122.95,124.5,686,124,5.53,42.44%,82.39%,-0.982814,2026-10-01
RKT,11.97,2027-06-17,259,Put,12.00,+0.25%,2.19,2.52,2.48,1304,236,5.53,65.01%,62.75%,-0.383943,2026-10-01
SOFI,15.84,2028-12-15,806,Call,27.00,-70.45%,3.1,3.18,3.25,3016,546,5.52,50.74%,57.56%,0.471842,2026-10-01
MU,1097.39,2026-10-02,1,Call,"1,075.00",+2.04%,28.4,29.44,29.95,13790,2496,5.52,53.47%,67.80%,0.72631,2026-10-01
AMZN,248.23,2026-10-02,1,Call,240.00,+3.32%,8,8.25,9,8313,1510,5.51,34.59%,47.59%,0.914732,2026-10-01
HUBG,30.15,2026-10-16,15,Call,35.00,-16.09%,0.05,0.15,1.25,1132,206,5.5,57.05%,87.62%,0.227711,2026-10-01
MSFT,512.8,2026-10-05,4,Put,515.00,+0.43%,4.95,5.75,6.15,867,158,5.49,30.10%,20.75%,-0.569171,2026-10-01
AVGO,343.64,2026-10-02,1,Call,352.50,-2.58%,0.46,0.48,0.5,4754,867,5.48,36.31%,42.23%,0.127817,2026-10-01
MU,1097.39,2026-10-05,4,Call,"1,100.00",-0.24%,20.1,20.57,21,8718,1591,5.48,53.47%,47.11%,0.494013,2026-10-01
AVGO,343.64,2026-10-05,4,Put,337.50,-1.79%,1.4,1.64,1.71,740,135,5.48,36.31%,27.49%,-0.257388,2026-10-01
BSP,32.5,2026-11-20,50,Put,35.00,+7.69%,4.6,4.86,5,1068,195,5.48,71.62%,70.75%,-0.555216,2026-10-01
MU,1097.39,2026-10-05,4,Put,"1,070.00",-2.50%,9.9,10.07,10.25,1426,260,5.48,53.47%,46.70%,-0.291492,2026-10-01
IOVA,14.23,2026-11-20,50,Put,15.00,+5.41%,2.35,2.55,2.6,1502,274,5.48,97.79%,98.40%,-0.480915,2026-10-01
MU,1097.39,2026-10-02,1,Call,"1,115.00",-1.60%,8.3,8.45,8.6,5257,961,5.47,53.47%,67.84%,0.334434,2026-10-01
ONDS,7.12,2026-11-06,36,Call,9.00,-26.40%,0.15,0.16,0.17,2174,400,5.44,73.12%,74.56%,0.192984,2026-10-01
TSLA,354.11,2026-10-05,4,Put,347.50,-1.87%,2.86,2.87,2.93,3566,655,5.44,42.22%,38.49%,-0.30958,2026-10-01
GME,24.11,2026-10-16,15,Call,22.50,+6.68%,1.81,2.11,2.06,1060,195,5.44,47.88%,49.56%,0.767246,2026-10-01
ASTS,57.04,2026-10-09,8,Call,59.00,-3.44%,1.5,1.6,1.68,811,150,5.41,78.71%,70.87%,0.396873,2026-10-01
MU,1097.39,2026-10-02,1,Put,"1,050.00",-4.32%,1.83,1.89,1.89,20850,3855,5.41,53.47%,67.01%,-0.100459,2026-10-01
TSLA,354.11,2026-10-02,1,Call,355.00,-0.25%,4.05,4.15,4.15,43347,8005,5.41,42.22%,60.97%,0.476326,2026-10-01
CIEN,379.14,2026-10-02,1,Put,370.00,-2.41%,0.2,2,2.65,621,115,5.4,64.23%,59.32%,-0.210528,2026-10-01
EL,90.19,2026-11-20,50,Call,110.00,-21.96%,0.85,1.1,1.25,653,121,5.4,44.81%,45.95%,0.143596,2026-10-01
HIMS,29.3,2026-10-16,15,Put,28.50,-2.73%,1.1,1.19,1.24,1371,254,5.4,76.92%,66.60%,-0.388838,2026-10-01
HRB,42.32,2026-10-16,15,Call,45.00,-6.33%,0.35,0.4,0.45,1449,269,5.39,43.06%,37.84%,0.222104,2026-10-01
CIFR,15.46,2026-10-09,8,Call,16.00,-3.49%,0.53,0.55,0.61,3448,640,5.39,94.05%,86.86%,0.422268,2026-10-01
JD,26.37,2026-10-23,22,Call,28.00,-6.18%,0,0.28,0.69,642,120,5.35,32.05%,37.28%,0.251021,2026-10-01
ALAB,356.42,2026-10-02,1,Call,352.50,+1.10%,13.15,13.5,16.6,1006,188,5.35,87.65%,173.00%,0.566946,2026-10-01
ECHO,88.25,2026-10-16,15,Put,125.00,+41.64%,34.6,37.4,38.7,2032,381,5.33,43.83%,116.76%,-0.913294,2026-10-01
CVNA,63.04,2026-10-09,8,Call,62.00,+1.65%,2.71,2.9,3,904,170,5.32,68.78%,61.44%,0.59397,2026-10-01
QSI,1.43,2026-10-09,8,Call,1.5000,-4.90%,0.1,0.16,0.15,1006,189,5.32,181.47%,182.09%,0.484299,2026-10-01
OPEN,2.4,2026-10-09,8,Call,2.00,+16.67%,0.31,0.42,0.45,913,172,5.31,78.19%,102.43%,0.900409,2026-10-01
TSLA,354.11,2026-10-07,6,Call,360.00,-1.66%,4.8,4.91,5,2297,433,5.3,42.22%,40.47%,0.389852,2026-10-01
NVDA,230.86,2026-10-05,4,Call,232.50,-0.71%,1.69,1.73,1.71,21959,4141,5.3,34.15%,24.77%,0.403053,2026-10-01
VALE,13.45,2026-10-09,8,Call,13.50,-0.37%,0.33,0.33,0.41,5439,1031,5.28,40.52%,49.32%,0.496024,2026-10-01
MAT,15.04,2026-10-16,15,Put,14.00,-6.91%,0.3,0.35,0.4,12873,2442,5.27,62.79%,64.79%,-0.270151,2026-10-01
LULU,95.86,2027-01-15,106,Put,280.00,+192.09%,183,183,184.45,559,106,5.27,42.44%,103.33%,-0.982466,2026-10-01
RH,120.51,2026-10-16,15,Put,120.00,-0.42%,4,5.63,6.1,893,170,5.25,62.92%,55.41%,-0.458162,2026-10-01
HD,282.46,2026-10-02,1,Put,277.50,-1.76%,0.26,0.32,0.5,945,180,5.25,30.49%,32.92%,-0.149645,2026-10-01
MRVL,268.08,2026-10-09,8,Call,267.50,+0.22%,11.55,11.65,11.8,1038,198,5.24,64.56%,71.32%,0.532347,2026-10-01
AVGO,343.64,2026-10-05,4,Call,350.00,-1.85%,1.7,1.8,1.86,1435,274,5.24,36.31%,28.87%,0.280774,2026-10-01
MSFT,512.8,2026-10-05,4,Put,505.00,-1.52%,1.56,1.8,1.97,727,139,5.23,30.10%,22.19%,-0.246708,2026-10-01
TSLA,354.11,2026-10-09,8,Call,345.00,+2.57%,13.75,14,14.2,1521,291,5.23,42.22%,40.98%,0.682284,2026-10-01
MU,1097.39,2026-10-05,4,Call,"1,080.00",+1.58%,30.7,30.6,32.1,2664,509,5.23,53.47%,46.86%,0.640106,2026-10-01
SNDK,1787.69,2026-10-02,1,Put,"1,720.00",-3.79%,4.4,5,5.6,1029,197,5.22,67.99%,70.93%,-0.144352,2026-10-01
FSLR,172.11,2028-01-21,477,Call,250.00,-45.26%,22.2,22.4,24.7,1542,296,5.21,54.90%,53.75%,0.418818,2026-10-01
AGNC,8.95,2026-10-23,22,Call,9.50,-6.15%,0.08,0.1,0.11,6519,1254,5.2,29.86%,32.48%,0.236035,2026-10-01
HL,17,2026-10-16,15,Call,18.00,-5.88%,0.35,0.39,0.4,2989,577,5.18,57.13%,54.12%,0.325626,2026-10-01
AVGO,343.64,2026-10-02,1,Call,350.00,-1.85%,0.84,0.85,0.88,15635,3020,5.18,36.31%,41.83%,0.20533,2026-10-01
MU,1097.39,2026-10-05,4,Call,"1,160.00",-5.71%,4.6,4.7,4.8,864,167,5.17,53.47%,50.91%,0.157062,2026-10-01
CVNA,63.04,2026-10-09,8,Call,65.00,-3.11%,1.35,1.35,1.55,965,187,5.16,68.78%,60.26%,0.386265,2026-10-01
PCG,12.17,2026-10-09,8,Call,12.50,-2.71%,0.11,0.16,0.18,1412,274,5.15,44.40%,38.10%,0.330769,2026-10-01
CRDO,210.17,2026-10-02,1,Put,195.00,-7.22%,0.3,0.43,0.75,1847,360,5.13,78.23%,109.87%,-0.091224,2026-10-01
MU,1097.39,2026-10-02,1,Put,"1,060.00",-3.41%,3,3.15,3.15,8027,1569,5.12,53.47%,66.06%,-0.153219,2026-10-01
HUM,379.68,2026-10-02,1,Call,400.00,-5.35%,0,2.26,4.9,1903,373,5.1,66.18%,113.91%,0.1995,2026-10-01
SPCX,148.07,2026-10-02,1,Call,152.50,-2.99%,0.26,0.26,0.27,79094,15516,5.1,46.15%,50.41%,0.135629,2026-10-01
MU,1097.39,2026-10-05,4,Put,"1,050.00",-4.32%,5.15,5.1,5.35,2143,421,5.09,53.47%,46.99%,-0.176236,2026-10-01
CSCO,108.76,2026-10-16,15,Call,95.00,+12.65%,13.3,13.55,15.05,4153,816,5.09,36.08%,47.00%,0.929671,2026-10-01
CRCL,82.91,2026-10-09,8,Call,82.00,+1.10%,3.5,4.2,3.95,917,180,5.09,72.11%,66.00%,0.567712,2026-10-01
PM,188.18,2027-01-15,106,Call,115.00,+38.89%,72.3,73.3,75.2,968,190,5.09,28.71%,52.67%,0.967813,2026-10-01
MU,1097.39,2026-10-07,6,Call,"1,075.00",+2.04%,40.5,41.9,43.2,716,141,5.08,53.47%,51.98%,0.637632,2026-10-01
DIS,101.33,2026-10-09,8,Call,104.00,-2.63%,0.5,0.56,0.59,798,157,5.08,29.98%,25.00%,0.248518,2026-10-01
QSI,1.43,2027-04-16,197,Call,1.5000,-4.90%,0.5,0.51,0.55,1163,229,5.08,181.47%,132.99%,0.678448,2026-10-01
MU,1097.39,2026-10-02,1,Call,"1,005.00",+8.42%,88.65,87.92,97.7,1220,240,5.08,53.47%,92.18%,0.967772,2026-10-01
PAL,3.5,2027-04-16,197,Call,2.50,+28.57%,1.25,1.3,1.45,951,188,5.06,143.84%,82.18%,0.815353,2026-10-01
C,127,2026-10-09,8,Call,130.00,-2.36%,0.94,1.1,1.14,1321,261,5.06,32.90%,29.11%,0.304516,2026-10-01
CIFR,15.46,2026-10-09,8,Call,17.00,-9.96%,0.3,0.32,0.33,3327,659,5.05,94.05%,91.36%,0.264927,2026-10-01
BMY,61.46,2026-12-18,78,Call,42.00,+31.66%,18.9,19.3,20,920,182,5.05,33.42%,39.34%,0.989719,2026-10-01
TSLA,354.11,2026-10-02,1,Call,360.00,-1.66%,2.25,2.3,2.29,87998,17468,5.04,42.22%,61.95%,0.3123,2026-10-01
HOOD,111.15,2026-10-09,8,Call,117.00,-5.26%,1.53,1.56,1.6,2920,581,5.03,59.85%,55.88%,0.284879,2026-10-01
CSCO,108.76,2027-01-15,106,Call,87.50,+19.55%,22.3,22.48,24.15,4432,881,5.03,36.08%,38.30%,0.87992,2026-10-01
WDC,462.56,2026-10-09,8,Put,405.00,-12.44%,1,1.73,1.71,985,196,5.03,67.82%,62.78%,-0.068851,2026-10-01
MU,1097.39,2026-10-05,4,Call,"1,085.00",+1.13%,28.25,28.42,29.25,1106,221,5,53.47%,47.69%,0.602894,2026-10-01
CBRS,169.52,2026-10-09,8,Call,200.00,-17.98%,0.7,0.8,1.05,2751,551,4.99,72.19%,81.35%,0.095826,2026-10-01
NVDA,230.86,2026-10-07,6,Put,225.00,-2.54%,1.19,1.23,1.21,2829,567,4.99,34.15%,29.01%,-0.234693,2026-10-01
CBRS,169.52,2026-10-09,8,Put,175.00,+3.23%,8.4,9.55,10.7,1172,235,4.99,72.19%,64.21%,-0.610629,2026-10-01
CVNA,63.04,2026-10-09,8,Call,63.00,+0.06%,2.2,2.18,2.41,917,184,4.98,68.78%,60.71%,0.524515,2026-10-01
SNDK,1787.69,2026-10-02,1,Put,"1,735.00",-2.95%,6.9,7,8,592,119,4.97,67.99%,69.82%,-0.200571,2026-10-01
MCD,231.83,2026-10-16,15,Put,260.00,+12.15%,27.65,27.9,29.25,2057,414,4.97,23.25%,34.20%,-0.948659,2026-10-01
NEE,76.35,2027-02-19,141,Call,80.00,-4.78%,3.2,3.26,3.7,2046,413,4.95,24.38%,25.82%,0.420557,2026-10-01
SPCX,148.07,2026-10-09,8,Put,142.00,-4.10%,1.25,1.25,1.28,7089,1431,4.95,46.15%,41.20%,-0.232944,2026-10-01
AMD,615.73,2026-10-02,1,Call,620.00,-0.69%,4.8,5,5.15,14721,2976,4.95,52.99%,53.28%,0.409014,2026-10-01
NKE,35.15,2026-10-02,1,Put,33.50,-4.69%,0.84,0.88,0.89,6594,1334,4.94,54.51%,216.75%,-0.315427,2026-10-01
AMD,615.73,2026-10-02,1,Call,625.00,-1.51%,3.15,3.3,3.45,6613,1339,4.94,52.99%,53.69%,0.303642,2026-10-01
GLW,160.42,2026-10-09,8,Call,172.50,-7.53%,1.53,1.64,1.77,519,105,4.94,60.02%,58.65%,0.216247,2026-10-01
AXTI,81.81,2026-10-09,8,Call,90.00,-10.01%,2.1,2.45,2.7,993,201,4.94,117.19%,109.38%,0.307453,2026-10-01
MSFT,512.8,2026-10-16,15,Put,492.50,-3.96%,3,2.98,3.5,803,163,4.93,30.10%,26.02%,-0.207766,2026-10-01
MU,1097.39,2026-10-05,4,Put,"1,030.00",-6.14%,2.5,2.6,2.64,1060,215,4.93,53.47%,47.87%,-0.097217,2026-10-01
GEMI,5.07,2026-10-02,1,Call,2.50,+50.69%,2.1,2.64,3.1,585,119,4.92,106.86%,812.08%,0.969687,2026-10-01
LITE,1045.78,2026-10-09,8,Call,"1,150.00",-9.97%,11,11,13.3,787,160,4.92,76.12%,72.14%,0.203764,2026-10-01
MSTR,160.5,2026-10-02,1,Put,152.50,-4.98%,0.25,0.27,0.29,9980,2030,4.92,67.29%,74.52%,-0.091271,2026-10-01
POET,7.64,2026-10-02,1,Call,7.50,+1.83%,0.1,0.18,0.29,6781,1382,4.91,77.82%,70.01%,0.700571,2026-10-01
KTOS,42.82,2026-11-20,50,Call,50.00,-16.77%,1.55,1.66,1.75,8867,1805,4.91,63.49%,62.28%,0.296809,2026-10-01
MU,1097.39,2026-10-05,4,Call,"1,095.00",+0.22%,21.95,22.77,23.55,607,124,4.9,53.47%,46.53%,0.530984,2026-10-01
AMZN,248.23,2026-10-05,4,Put,252.50,+1.72%,4.2,5.2,6.2,1469,300,4.9,34.59%,24.76%,-0.738042,2026-10-01
SKHY,193.5,2026-10-09,8,Call,200.00,-3.36%,3.4,3.45,3.5,9334,1903,4.9,56.77%,52.54%,0.353772,2026-10-01
AMD,615.73,2026-10-02,1,Call,635.00,-3.13%,1.27,1.37,1.39,6681,1366,4.89,52.99%,55.15%,0.14699,2026-10-01
PANW,396.25,2026-11-20,50,Put,390.00,-1.58%,25.95,28.63,30,831,170,4.89,54.45%,55.11%,-0.420644,2026-10-01
MU,1097.39,2026-10-05,4,Call,"1,140.00",-3.88%,7.65,7.73,7.95,837,171,4.89,53.47%,49.21%,0.240182,2026-10-01
GLW,160.42,2026-10-09,8,Call,162.50,-1.30%,4.35,4.6,4.75,571,117,4.88,60.02%,57.48%,0.459853,2026-10-01
XYZ,74.04,2026-10-09,8,Call,77.00,-4.00%,0.63,0.69,0.74,834,171,4.88,48.21%,39.67%,0.266398,2026-10-01
ACN,212.3,2026-10-02,1,Call,220.00,-3.63%,0.65,0.83,1,1518,311,4.88,44.06%,74.46%,0.185608,2026-10-01
BABA,107.45,2028-06-16,624,Put,90.00,-16.24%,10.35,11.51,11.6,520,107,4.86,38.97%,38.32%,-0.255071,2026-10-01
GOOGL,338.24,2026-10-05,4,Call,347.50,-2.74%,0.8,0.84,1,1254,258,4.86,33.52%,26.99%,0.176722,2026-10-01
HOOD,111.15,2026-10-09,8,Call,112.00,-0.76%,3.15,3.25,3.35,1697,349,4.86,59.85%,54.89%,0.482998,2026-10-01
MU,1097.39,2026-10-07,6,Call,"1,085.00",+1.13%,34.3,35.45,36.9,1890,389,4.86,53.47%,51.25%,0.585221,2026-10-01
INTC,120,2026-10-02,1,Call,121.00,-0.83%,1.32,1.32,1.36,16993,3496,4.86,67.00%,71.19%,0.420124,2026-10-01
BE,277.58,2026-10-02,1,Call,277.50,+0.03%,4.75,4.95,4.9,1968,406,4.85,79.43%,82.32%,0.512249,2026-10-01
MU,1097.39,2026-10-02,1,Call,"1,077.50",+1.81%,26.55,27.45,28.15,3671,758,4.84,53.47%,67.46%,0.70497,2026-10-01
NVDA,230.86,2026-10-02,1,Call,232.50,-0.71%,0.94,0.95,0.97,256096,52943,4.84,34.15%,33.87%,0.350067,2026-10-01
MU,1097.39,2026-10-02,1,Call,"1,030.00",+6.14%,67.15,66.8,69.8,5093,1055,4.83,53.47%,75.74%,0.947506,2026-10-01
AMZN,248.23,2026-10-02,1,Call,247.50,+0.29%,2.04,1.97,2.13,19864,4112,4.83,34.59%,32.46%,0.57462,2026-10-01
SNDK,1787.69,2026-10-02,1,Call,"1,790.00",-0.13%,24.7,25.62,25.9,1646,341,4.83,67.99%,70.54%,0.494561,2026-10-01
ALAB,356.42,2026-10-09,8,Call,410.00,-15.03%,2.34,2.93,7.4,540,112,4.82,87.65%,97.23%,0.185355,2026-10-01
SNDK,1787.69,2026-10-02,1,Call,"1,745.00",+2.39%,51.5,55.55,55.3,1151,239,4.82,67.99%,72.28%,0.745593,2026-10-01
WULF,14.91,2026-10-09,8,Call,16.50,-10.66%,0.17,0.18,0.2,2923,607,4.82,81.86%,79.25%,0.200123,2026-10-01
NFLX,67.85,2028-12-15,806,Put,35.00,-48.42%,0.63,1.36,1.48,3000,624,4.81,38.10%,37.96%,-0.052658,2026-10-01
AVGO,343.64,2026-10-02,1,Call,342.50,+0.33%,3.4,3.5,3.65,928,193,4.81,36.31%,40.53%,0.568007,2026-10-01
CTSH,60.88,2027-01-15,106,Put,55.00,-9.66%,1.8,2.75,3.7,1504,313,4.81,48.43%,42.68%,-0.280192,2026-10-01
DELL,541.74,2026-10-02,1,Put,532.50,-1.71%,3.1,3.42,4.3,629,131,4.8,59.95%,66.34%,-0.303179,2026-10-01
WYNN,77.3,2027-03-19,169,Call,90.00,-16.43%,2.72,3.88,4.8,834,174,4.79,42.92%,36.95%,0.333091,2026-10-01
MU,1097.39,2028-06-16,624,Call,"1,100.00",-0.24%,342,346.43,355.25,1279,267,4.79,53.47%,57.21%,0.680978,2026-10-01
LNG,272.4,2026-10-02,1,Call,275.00,-0.95%,2.8,4.1,4.9,1764,368,4.79,34.61%,88.09%,0.428108,2026-10-01
TSLA,354.11,2026-10-09,8,Put,357.50,+0.96%,9.7,10.1,10.35,1895,396,4.79,42.22%,39.85%,-0.548278,2026-10-01
IBM,225.62,2026-10-02,1,Call,235.00,-4.16%,0.16,0.17,0.18,8638,1804,4.79,40.09%,50.99%,0.06526,2026-10-01
PLTR,190.04,2026-10-02,1,Call,192.50,-1.29%,0.93,0.93,0.96,26957,5635,4.78,52.42%,48.17%,0.310881,2026-10-01
NBIS,232.28,2028-12-15,806,Call,360.00,-54.99%,89.5,90,93.15,1175,246,4.78,81.28%,86.40%,0.649525,2026-10-01
META,725.93,2026-10-07,6,Call,800.00,-10.20%,0.39,0.4,0.45,1677,351,4.78,40.62%,39.51%,0.029994,2026-10-01
HSY,159.3,2028-01-21,477,Put,170.00,+6.72%,21.5,24.67,26,501,105,4.77,28.57%,26.41%,-0.505393,2026-10-01
U,43.61,2026-10-09,8,Call,43.50,+0.25%,1.38,1.49,1.64,510,107,4.77,65.16%,55.84%,0.532757,2026-10-01
C,127,2028-01-21,477,Call,180.00,-41.73%,4.45,4.65,4.85,1028,216,4.76,32.90%,29.84%,0.217637,2026-10-01
META,725.93,2026-10-02,1,Put,725.00,-0.13%,5.65,6.02,5.8,8397,1763,4.76,40.62%,40.99%,-0.470392,2026-10-01
BMY,61.46,2026-10-16,15,Call,55.00,+10.51%,6.15,7.01,7.3,555,117,4.74,33.42%,44.45%,0.898623,2026-10-01
DELL,541.74,2026-10-02,1,Call,535.00,+1.24%,10.15,11.17,11.2,1066,225,4.74,59.95%,59.99%,0.661821,2026-10-01
AMZN,248.23,2026-10-09,8,Put,247.50,-0.29%,3.45,3.7,3.7,3091,654,4.73,34.59%,27.45%,-0.456396,2026-10-01
SNDK,1787.69,2026-10-02,1,Put,"1,700.00",-4.91%,2.5,2.55,3.1,5070,1073,4.73,67.99%,72.25%,-0.088267,2026-10-01
INTC,120,2026-10-09,8,Call,119.00,+0.83%,4.85,5.25,5,2572,545,4.72,67.00%,61.80%,0.55781,2026-10-01
MU,1097.39,2026-10-12,11,Call,"1,200.00",-9.35%,9,9.5,10.05,1577,335,4.71,53.47%,53.06%,0.180906,2026-10-01
MU,1097.39,2026-10-02,1,Call,"1,060.00",+3.41%,39.25,41.28,41.5,16906,3586,4.71,53.47%,64.57%,0.852177,2026-10-01
ACN,212.3,2026-10-16,15,Call,240.00,-13.05%,1,1.2,1.55,1072,228,4.7,44.06%,50.12%,0.124356,2026-10-01
BMY,61.46,2026-10-02,1,Call,61.00,+0.75%,0.15,0.39,0.67,857,183,4.68,33.42%,9.85%,0.927828,2026-10-01
INTC,120,2026-10-05,4,Call,119.00,+0.83%,3.05,3.1,3.2,1004,215,4.67,67.00%,51.49%,0.575042,2026-10-01
FSLR,172.11,2027-09-17,351,Call,200.00,-16.20%,28.5,28.98,30.95,2193,470,4.67,54.90%,55.23%,0.527914,2026-10-01
ECHO,88.25,2026-10-16,15,Put,120.00,+35.98%,29.8,30.19,33.4,2923,628,4.65,43.83%,69.40%,-0.989871,2026-10-01
GOOG,334.93,2026-10-09,8,Call,347.50,-3.75%,1.73,1.79,2.03,3086,663,4.65,32.75%,30.66%,0.220197,2026-10-01
SMTC,186.59,2027-03-19,169,Call,220.00,-17.91%,30,30.2,32.7,502,108,4.65,81.71%,82.56%,0.508854,2026-10-01
MU,1097.39,2026-10-07,6,Put,"1,040.00",-5.23%,7.75,8,8.15,716,154,4.65,53.47%,50.99%,-0.194072,2026-10-01
NKE,35.15,2026-10-09,8,Call,32.50,+7.54%,2.45,3.35,4.15,897,193,4.65,54.51%,82.87%,0.757391,2026-10-01
QCOM,182.09,2027-09-17,351,Put,130.00,-28.61%,8.65,9.7,9.9,897,193,4.65,50.06%,48.68%,-0.160259,2026-10-01
FIG,21.57,2026-10-16,15,Call,23.50,-8.95%,0.22,0.49,0.62,705,152,4.64,76.37%,61.65%,0.270762,2026-10-01
INOD,71.85,2027-01-15,106,Call,100.00,-39.18%,4.8,6.14,6.4,1681,362,4.64,92.11%,85.88%,0.323936,2026-10-01
GOOG,334.93,2026-10-09,8,Call,342.50,-2.26%,2.86,2.88,3.05,2813,606,4.64,32.75%,29.51%,0.318574,2026-10-01
CEG,258.92,2026-10-02,1,Call,270.00,-4.28%,0.3,0.23,0.4,1186,256,4.63,46.45%,59.85%,0.093534,2026-10-01
MU,1097.39,2026-10-02,1,Put,"1,095.00",-0.22%,13.35,13.5,13.9,1421,307,4.63,53.47%,64.83%,-0.466612,2026-10-01
MU,1097.39,2029-01-19,841,Put,"1,250.00",+13.91%,397.85,405.04,409.25,541,117,4.62,53.47%,56.77%,-0.37635,2026-10-01
SNDK,1787.69,2026-10-02,1,Put,"1,745.00",-2.39%,8.9,9.84,10.7,860,186,4.62,67.99%,69.83%,-0.247563,2026-10-01
WBD,30.95,2026-10-09,8,Call,30.50,+1.45%,0.5,0.51,0.51,1733,375,4.62,2.32%,9.45%,0.867622,2026-10-01
TE,3.73,2026-11-20,50,Call,6.00,-60.86%,0.1,0.12,0.15,4403,953,4.62,102.19%,112.34%,0.178181,2026-10-01
MSFT,512.8,2026-10-02,1,Call,517.50,-0.92%,1.46,1.51,1.59,10420,2264,4.6,30.10%,31.15%,0.292479,2026-10-01
APP,281.31,2026-10-16,15,Call,290.00,-3.09%,8.4,9.05,9.4,529,115,4.6,66.72%,54.57%,0.418661,2026-10-01
SMCI,41.92,2026-10-30,29,Call,39.00,+6.97%,4.85,4.93,5,971,211,4.6,76.01%,70.06%,0.68441,2026-10-01
META,725.93,2026-10-05,4,Call,727.50,-0.22%,8.75,8.81,8.85,610,133,4.59,40.62%,31.07%,0.484817,2026-10-01
PLTR,190.04,2026-10-02,1,Put,200.00,+5.24%,9.85,9.75,10.15,698,152,4.59,52.42%,50.47%,-0.97378,2026-10-01
ADI,404.6,2026-10-09,8,Call,405.00,-0.10%,7.6,8.21,10.3,952,208,4.58,38.78%,37.78%,0.508376,2026-10-01
APP,281.31,2026-10-02,1,Call,280.00,+0.47%,4,4.24,4.5,1512,330,4.58,66.72%,60.41%,0.566246,2026-10-01
FLNC,7.57,2026-11-20,50,Put,31.00,+309.51%,22.8,23.34,23.9,2975,650,4.58,86.88%,181.24%,-0.976906,2026-10-01
AVGO,343.64,2026-10-02,1,Put,342.50,-0.33%,2.07,2.29,2.2,4092,894,4.58,36.31%,37.38%,-0.427266,2026-10-01
CSCO,108.76,2026-10-02,1,Call,105.00,+3.46%,3.45,4,5,3282,718,4.57,36.08%,77.35%,0.813482,2026-10-01
GOOG,334.93,2026-10-02,1,Call,335.00,-0.02%,2.21,2.23,2.36,7099,1555,4.57,32.75%,32.93%,0.500898,2026-10-01
GOOG,334.93,2026-10-02,1,Call,340.00,-1.51%,0.69,0.75,0.75,13654,2997,4.56,32.75%,34.92%,0.209687,2026-10-01
MU,1097.39,2026-10-07,6,Put,950.00,-13.43%,0.66,0.7,0.76,628,138,4.55,53.47%,57.59%,-0.022859,2026-10-01
COST,914.94,2026-10-30,29,Put,910.00,-0.54%,14.4,16.2,18.4,774,170,4.55,20.11%,19.22%,-0.434928,2026-10-01
LI,11.12,2026-10-09,8,Put,11.00,-1.08%,0.03,0.2,0.31,1124,247,4.55,47.85%,34.99%,-0.401694,2026-10-01
AMD,615.73,2026-10-23,22,Put,510.00,-17.17%,2.09,2.33,2.44,1371,302,4.54,52.99%,52.76%,-0.062273,2026-10-01
NKE,35.15,2026-10-09,8,Call,35.00,+0.43%,1.8,1.86,2.05,2097,462,4.54,54.51%,89.51%,0.538459,2026-10-01
PACB,2.51,2028-01-21,477,Call,3.00,-19.52%,0.8,0.95,0.95,6022,1327,4.54,100.19%,88.00%,0.649527,2026-10-01
AAPL,330.32,2026-10-05,4,Put,317.50,-3.88%,0.16,0.19,0.19,725,160,4.53,25.20%,23.50%,-0.050905,2026-10-01
FLNC,7.57,2026-11-20,50,Put,30.00,+296.30%,21.8,22.37,22.9,1886,417,4.52,86.88%,177.46%,-0.976985,2026-10-01
MU,1097.39,2026-10-09,8,Call,"1,200.00",-9.35%,7.35,7.6,7.75,9662,2137,4.52,53.47%,57.56%,0.159463,2026-10-01
SNDK,1787.69,2026-10-02,1,Call,"1,895.00",-6.00%,3,3.6,3.9,706,157,4.5,67.99%,83.66%,0.0956,2026-10-01
GOOG,334.93,2026-10-02,1,Call,345.00,-3.01%,0.24,0.25,0.25,10478,2335,4.49,32.75%,39.61%,0.0787,2026-10-01
CSCO,108.76,2026-10-16,15,Call,92.50,+14.95%,15.8,16.2,16.85,5025,1122,4.48,36.08%,24.62%,0.998864,2026-10-01
WBD,30.95,2026-10-09,8,Call,29.00,+6.30%,1.99,1.99,2,888,198,4.48,2.32%,25.96%,0.95859,2026-10-01
INTC,120,2026-10-09,8,Put,123.00,+2.50%,5.9,5.6,6.05,630,141,4.47,67.00%,60.82%,-0.588289,2026-10-01
VALE,13.45,2026-10-30,29,Put,12.00,-10.78%,0.13,0.19,0.19,1278,286,4.47,40.52%,45.14%,-0.165888,2026-10-01
SNDK,1787.69,2026-10-02,1,Call,"1,825.00",-2.09%,12,13.4,13.4,1812,405,4.47,67.99%,72.51%,0.300637,2026-10-01
META,725.93,2026-10-02,1,Put,707.50,-2.54%,0.97,1.04,1.01,1892,423,4.47,40.62%,42.76%,-0.122151,2026-10-01
AMD,615.73,2026-10-02,1,Put,610.00,-0.93%,4,4.25,4.35,8436,1886,4.47,52.99%,52.15%,-0.359588,2026-10-01
INTC,120,2026-10-05,4,Call,121.00,-0.83%,2.15,2.21,2.23,2209,495,4.46,67.00%,52.47%,0.453525,2026-10-01
MU,1097.39,2026-10-09,8,Put,"1,000.00",-8.87%,4.5,4.6,4.85,3650,818,4.46,53.47%,53.04%,-0.108871,2026-10-01
MU,1097.39,2026-10-02,1,Call,"1,125.00",-2.52%,5.75,5.86,6,8273,1856,4.46,53.47%,68.98%,0.252277,2026-10-01
SPCX,148.07,2026-10-02,1,Put,149.00,+0.63%,1.9,1.98,1.98,27886,6246,4.46,46.15%,46.29%,-0.595993,2026-10-01
MRNA,188.94,2026-10-09,8,Call,200.00,-5.85%,4.55,5,5,1288,289,4.46,90.60%,80.33%,0.340243,2026-10-01
RBLX,43,2026-10-02,1,Put,48.50,+12.79%,4.95,5.58,6.15,525,118,4.45,72.22%,132.65%,-0.955585,2026-10-01
APP,281.31,2026-10-16,15,Call,300.00,-6.64%,5.3,5.8,6,2112,475,4.45,66.72%,54.28%,0.303238,2026-10-01
META,725.93,2026-10-02,1,Call,725.00,+0.13%,7,7.2,7.15,7014,1576,4.45,40.62%,43.32%,0.528787,2026-10-01
WULF,14.91,2026-11-20,50,Call,15.00,-0.60%,1.83,1.86,1.89,14352,3224,4.45,81.86%,95.31%,0.529949,2026-10-01
MU,1097.39,2026-10-09,8,Call,"1,035.00",+5.69%,71.55,75,76.5,528,119,4.44,53.47%,52.86%,0.787538,2026-10-01
LITE,1045.78,2026-10-02,1,Put,960.00,-8.20%,0.05,0.5,0.95,831,187,4.44,76.12%,86.16%,-0.027279,2026-10-01
STZ,112.99,2026-10-16,15,Put,90.00,-20.35%,0.05,0.1,0.2,911,205,4.44,36.13%,58.46%,-0.023835,2026-10-01
NVDA,230.86,2026-10-07,6,Call,215.00,+6.87%,15.75,17.2,17.3,638,144,4.43,34.15%,42.72%,0.90936,2026-10-01
MGM,30.47,2026-10-16,15,Put,29.00,-4.82%,0.3,0.41,0.4,674,152,4.43,38.42%,38.04%,-0.24265,2026-10-01
NVDA,230.86,2026-10-12,11,Call,230.00,+0.37%,4.9,4.98,5.25,1981,447,4.43,34.15%,28.25%,0.548439,2026-10-01
NKE,35.15,2026-10-02,1,Call,37.00,-5.26%,0.92,0.97,0.97,17829,4035,4.42,54.51%,227.70%,0.355283,2026-10-01
WMT,104.26,2029-01-19,841,Put,85.00,-18.47%,5.45,5.9,6.45,854,193,4.42,27.80%,28.49%,-0.197851,2026-10-01
MU,1097.39,2026-10-05,4,Call,"1,145.00",-4.34%,6.75,6.79,7.05,582,132,4.41,53.47%,49.68%,0.21692,2026-10-01
SMCI,41.92,2026-10-02,1,Call,39.50,+5.77%,2.45,2.29,2.62,3403,772,4.41,76.01%,94.23%,0.891131,2026-10-01
UBER,67.88,2026-10-02,1,Call,66.00,+2.77%,1.81,1.91,2.02,4476,1016,4.41,37.21%,33.80%,0.945455,2026-10-01
PLTR,190.04,2026-10-09,8,Call,197.50,-3.93%,1.93,2.03,2.03,5783,1310,4.41,52.42%,41.66%,0.281057,2026-10-01
MU,1097.39,2026-10-09,8,Call,"1,100.00",-0.24%,33.5,33.75,34.2,8049,1825,4.41,53.47%,53.49%,0.508056,2026-10-01
MSFT,512.8,2026-10-02,1,Put,515.00,+0.43%,3.95,4.4,4.4,12019,2732,4.4,30.10%,27.68%,-0.611701,2026-10-01
SMCI,41.92,2026-10-09,8,Put,41.50,-1.00%,1.39,1.43,1.46,1315,299,4.4,76.01%,66.66%,-0.437065,2026-10-01
GOOGL,338.24,2026-10-02,1,Call,350.00,-3.48%,0.2,0.2,0.22,53907,12301,4.38,33.52%,42.56%,0.064446,2026-10-01
RKT,11.97,2026-10-09,8,Call,12.00,-0.25%,0.36,0.41,0.47,2005,458,4.38,65.01%,60.06%,0.510329,2026-10-01
AAPL,330.32,2026-10-12,11,Call,327.50,+0.85%,6.55,6.87,7.15,524,120,4.37,25.20%,22.44%,0.605262,2026-10-01
PM,188.18,2028-01-21,477,Call,95.00,+49.52%,92,92.8,95.3,743,170,4.37,28.71%,36.26%,0.966119,2026-10-01
RBLX,43,2027-01-15,106,Call,55.00,-27.91%,2.7,2.8,2.87,4618,1057,4.37,72.22%,68.07%,0.324729,2026-10-01
BAC,53.73,2026-10-09,8,Put,54.00,+0.50%,0.82,0.93,0.93,14664,3358,4.37,29.05%,23.31%,-0.5478,2026-10-01
GOOGL,338.24,2026-10-09,8,Call,330.00,+2.44%,10.2,11.1,11.5,828,190,4.36,33.52%,28.41%,0.734451,2026-10-01
FLNC,7.57,2026-11-20,50,Put,25.00,+230.25%,17,17.27,17.6,1144,263,4.35,86.88%,156.45%,-0.976901,2026-10-01
MU,1097.39,2026-10-07,6,Put,"1,000.00",-8.87%,2.62,2.63,2.79,1344,309,4.35,53.47%,52.79%,-0.078452,2026-10-01
MSFT,512.8,2026-10-02,1,Put,520.00,+1.40%,6.7,8.03,8.3,3607,830,4.35,30.10%,22.07%,-0.885361,2026-10-01
AMZN,248.23,2026-10-02,1,Put,245.00,-1.30%,0.42,0.47,0.45,22278,5125,4.35,34.59%,30.05%,-0.19855,2026-10-01
MU,1097.39,2026-10-02,1,Call,"1,072.50",+2.27%,30.15,31.5,31.6,4327,996,4.34,53.47%,67.18%,0.749567,2026-10-01
MU,1097.39,2026-10-09,8,Put,960.00,-12.52%,1.64,1.8,1.86,712,164,4.34,53.47%,55.23%,-0.04587,2026-10-01
BLK,1064.36,2026-12-18,78,Call,"1,200.00",-12.74%,14,15.3,16.3,807,186,4.34,33.02%,28.34%,0.205169,2026-10-01
NBIS,232.28,2026-10-23,22,Call,220.00,+5.29%,22.75,24.45,24.35,837,193,4.34,81.28%,74.08%,0.656347,2026-10-01
NVDA,230.86,2027-04-16,197,Put,230.00,-0.37%,21.5,21.67,21.85,1407,324,4.34,34.15%,36.02%,-0.420865,2026-10-01
LITE,1045.78,2026-10-02,1,Put,950.00,-9.16%,0.2,0.3,0.7,1669,385,4.34,76.12%,93.32%,-0.023141,2026-10-01
ASTS,57.04,2026-10-02,1,Call,59.00,-3.44%,0.32,0.36,0.41,1922,443,4.34,78.71%,88.33%,0.240272,2026-10-01
GOOG,334.93,2027-12-17,442,Put,500.00,+49.28%,164,165.79,168.5,510,118,4.32,32.75%,33.97%,-0.91203,2026-10-01
WMB,69.22,2026-10-02,1,Call,69.00,+0.32%,0.45,0.5,1.15,812,188,4.32,28.76%,47.37%,0.55634,2026-10-01
CSCO,108.76,2026-10-16,15,Call,90.00,+17.25%,18.35,18.6,20.5,3600,834,4.32,36.08%,70.18%,0.919977,2026-10-01
NFLX,67.85,2026-10-09,8,Put,68.00,+0.22%,1.19,1.21,1.24,5127,1188,4.32,38.10%,29.04%,-0.505829,2026-10-01
TSLA,354.11,2026-10-05,4,Call,362.50,-2.37%,2.64,2.66,2.69,4032,935,4.31,42.22%,39.37%,0.295534,2026-10-01
ADSK,211.31,2028-01-21,477,Call,250.00,-18.31%,33.4,36.6,36.7,500,116,4.31,42.72%,45.98%,0.521258,2026-10-01
F,12.27,2027-06-17,259,Put,11.00,-10.35%,0.88,0.95,1.02,550,128,4.3,36.56%,38.94%,-0.304468,2026-10-01
MNST,42.14,2027-09-17,351,Put,30.00,-28.81%,0.5,0.8,1.05,800,186,4.3,28.78%,34.44%,-0.100002,2026-10-01
MRVL,268.08,2026-10-02,1,Put,257.50,-3.95%,0.62,0.7,0.75,1932,449,4.3,64.56%,70.88%,-0.134253,2026-10-01
BE,277.58,2026-10-02,1,Call,295.00,-6.28%,0.5,0.55,0.56,3449,802,4.3,79.43%,86.12%,0.092517,2026-10-01
MU,1097.39,2026-10-16,15,Put,"1,050.00",-4.32%,24.45,24.45,25.05,7011,1631,4.3,53.47%,51.93%,-0.313901,2026-10-01
SPCX,148.07,2026-10-02,1,Put,152.50,+2.99%,3.45,4.73,4.85,21253,4949,4.29,46.15%,53.18%,-0.851847,2026-10-01
BIDU,85.59,2027-03-19,169,Put,70.00,-18.21%,2.63,2.75,3.05,614,143,4.29,41.90%,42.33%,-0.18427,2026-10-01
IBM,225.62,2026-10-02,1,Call,237.50,-5.27%,0.1,0.11,0.15,2024,472,4.29,40.09%,57.39%,0.045296,2026-10-01
BB,9.18,2026-11-20,50,Call,11.00,-19.83%,0.34,0.35,0.38,2962,693,4.27,63.17%,67.95%,0.283715,2026-10-01
AMZN,248.23,2026-10-02,1,Call,252.50,-1.72%,0.35,0.35,0.38,35331,8278,4.27,34.59%,32.74%,0.163411,2026-10-01
CBRS,169.52,2026-10-02,1,Put,167.50,-1.19%,1.6,1.78,2.05,3193,749,4.26,72.19%,77.39%,-0.375059,2026-10-01
MU,1097.39,2026-10-02,1,Call,"1,067.50",+2.72%,33.75,35.15,35.45,4091,961,4.26,53.47%,66.75%,0.791312,2026-10-01
MU,1097.39,2026-10-09,8,Call,"1,255.00",-14.36%,3.15,3.25,3.4,533,125,4.26,53.47%,61.01%,0.076172,2026-10-01
TSLA,354.11,2029-01-19,841,Call,730.00,-106.15%,35.2,36.6,37.35,562,132,4.26,42.22%,47.24%,0.310414,2026-10-01
AVGO,343.64,2026-10-05,4,Put,332.50,-3.24%,0.64,0.74,0.74,840,197,4.26,36.31%,28.74%,-0.131206,2026-10-01
BMNR,26.73,2028-06-16,624,Put,40.00,+49.64%,18.4,18.85,19.2,1001,235,4.26,73.55%,77.31%,-0.459351,2026-10-01
TSLA,354.11,2026-10-02,1,Call,370.00,-4.49%,0.59,0.6,0.61,45055,10606,4.25,42.22%,65.71%,0.104554,2026-10-01
ALL,224.41,2026-12-18,78,Call,240.00,-6.95%,5.3,5.9,6.7,505,119,4.24,27.79%,27.89%,0.335133,2026-10-01
MU,1097.39,2026-10-09,8,Call,"1,130.00",-2.97%,21.3,22,22.8,730,172,4.24,53.47%,54.27%,0.376791,2026-10-01
MU,1097.39,2026-10-05,4,Call,"1,055.00",+3.86%,48,49.27,49.9,891,210,4.24,53.47%,46.56%,0.799909,2026-10-01
SNDK,1787.69,2026-10-02,1,Put,"1,775.00",-0.71%,18.7,19.6,25.8,533,126,4.23,67.99%,75.86%,-0.420132,2026-10-01
HUT,86.36,2026-10-02,1,Call,90.00,-4.21%,0.55,0.56,0.62,558,132,4.23,93.45%,101.28%,0.226515,2026-10-01
NFLX,67.85,2026-10-02,1,Call,67.00,+1.25%,0.99,1,1.04,1016,240,4.23,38.10%,33.13%,0.770928,2026-10-01
KO,86.1,2026-10-02,1,Call,86.00,+0.12%,0.38,0.39,0.42,1482,350,4.23,20.19%,19.25%,0.549449,2026-10-01
MU,1097.39,2026-10-02,1,Put,"1,080.00",-1.58%,7.65,7.75,7.9,6673,1579,4.23,53.47%,65.63%,-0.313875,2026-10-01
MU,1097.39,2026-10-02,1,Call,"1,105.00",-0.69%,11.75,12,12.35,7146,1691,4.23,53.47%,67.46%,0.430493,2026-10-01
TSLA,354.11,2026-10-02,1,Put,360.00,+1.66%,7.85,8,8.1,21173,5009,4.23,42.22%,59.64%,-0.695193,2026-10-01
MU,1097.39,2026-10-02,1,Put,995.00,-9.33%,0.12,0.12,0.15,4960,1175,4.22,53.47%,79.49%,-0.008728,2026-10-01
MU,1097.39,2026-10-05,4,Put,"1,025.00",-6.60%,2.08,2.2,2.2,607,144,4.22,53.47%,48.20%,-0.082954,2026-10-01
C,127,2026-10-16,15,Put,127.00,0.00%,3.35,3.66,3.65,840,199,4.22,32.90%,34.52%,-0.482405,2026-10-01
HOOD,111.15,2026-10-30,29,Call,126.00,-13.36%,2.9,3.05,3.5,652,155,4.21,59.85%,64.44%,0.280075,2026-10-01
META,725.93,2026-10-02,1,Put,702.50,-3.23%,0.54,0.6,0.56,1766,419,4.21,40.62%,43.69%,-0.073534,2026-10-01
GOOGL,338.24,2028-12-15,806,Call,660.00,-95.13%,15.95,17.35,17.85,500,119,4.2,33.52%,35.71%,0.209614,2026-10-01
INTC,120,2026-10-09,8,Put,121.00,+0.83%,4.7,4.8,4.85,1046,249,4.2,67.00%,60.46%,-0.516447,2026-10-01
QSR,69.76,2026-10-16,15,Call,72.50,-3.93%,0.5,0.57,0.6,13342,3187,4.19,26.91%,26.93%,0.248907,2026-10-01
NNN,40.2,2026-11-20,50,Put,35.00,-12.94%,0.15,0.22,0.25,849,203,4.18,23.11%,29.17%,-0.094009,2026-10-01
NVDA,230.86,2026-10-12,11,Call,232.50,-0.71%,3.55,3.75,4.1,1002,240,4.18,34.15%,28.00%,0.46015,2026-10-01
SNDK,1787.69,2026-10-02,1,Call,"1,760.00",+1.55%,37.7,43,44,1300,311,4.18,67.99%,65.94%,0.68178,2026-10-01
PBF,82.34,2026-10-16,15,Call,85.00,-3.23%,3.4,3.4,4.4,1915,458,4.18,74.19%,75.26%,0.449919,2026-10-01
CADL,10.16,2026-10-16,15,Call,11.00,-8.27%,0,0.45,1.5,500,120,4.17,143.82%,130.66%,0.435858,2026-10-01
SNDK,1787.69,2026-10-02,1,Call,"1,770.00",+0.99%,34.9,35.86,37.2,2123,509,4.17,67.99%,70.39%,0.614573,2026-10-01
TSLA,354.11,2026-10-05,4,Put,350.00,-1.16%,3.7,3.8,3.85,4452,1067,4.17,42.22%,38.40%,-0.374672,2026-10-01
MU,1097.39,2026-10-02,1,Call,"1,065.00",+2.95%,35.25,36.86,37.8,9180,2203,4.17,53.47%,66.42%,0.811202,2026-10-01
IBM,225.62,2026-10-02,1,Put,225.00,-0.27%,1.42,1.6,1.59,2723,654,4.16,40.09%,38.27%,-0.440949,2026-10-01
NVDA,230.86,2026-10-07,6,Call,232.50,-0.71%,2.61,2.56,2.64,5822,1400,4.16,34.15%,28.07%,0.435249,2026-10-01
SNDK,1787.69,2026-10-02,1,Call,"1,775.00",+0.71%,30.9,35.25,37.2,873,210,4.16,67.99%,72.93%,0.582587,2026-10-01
IBKR,85.81,2026-12-18,78,Call,115.00,-34.02%,0.2,0.5,0.75,1236,297,4.16,41.40%,39.81%,0.072464,2026-10-01
MU,1097.39,2026-10-05,4,Call,"1,130.00",-2.97%,9.9,10.05,10.2,1021,246,4.15,53.47%,48.55%,0.293712,2026-10-01
OKLO,36.14,2026-10-30,29,Call,45.00,-24.52%,0.56,0.63,0.74,1564,377,4.15,72.26%,73.99%,0.175565,2026-10-01
AMD,615.73,2026-10-02,1,Call,630.00,-2.32%,2.04,2.1,2.19,9729,2343,4.15,52.99%,54.26%,0.215098,2026-10-01
MU,1097.39,2026-10-05,4,Call,"1,200.00",-9.35%,1.82,1.9,1.93,6496,1568,4.14,53.47%,55.88%,0.067883,2026-10-01
SNDK,1787.69,2026-10-02,1,Call,"1,810.00",-1.25%,16.4,18,17.7,1413,341,4.14,67.99%,70.99%,0.377374,2026-10-01
AAOI,107.32,2026-10-02,1,Call,103.00,+4.03%,4.3,4.8,5.3,1930,466,4.14,95.04%,86.47%,0.824553,2026-10-01
SAN,13.28,2027-03-19,169,Put,13.00,-2.11%,0.9,1.1,1.15,1494,362,4.13,34.66%,33.69%,-0.40747,2026-10-01
SO,83.47,2027-01-15,106,Call,87.50,-4.83%,1.5,1.9,2.25,2131,516,4.13,20.15%,19.05%,0.344446,2026-10-01
NOW,137.76,2026-10-09,8,Call,140.00,-1.63%,2.92,3.1,3.05,2504,607,4.13,53.82%,48.25%,0.429296,2026-10-01
HD,282.46,2026-10-16,15,Put,330.00,+16.83%,45.8,46.41,49,915,222,4.12,30.49%,32.16%,-0.994196,2026-10-01
CSCO,108.76,2026-10-16,15,Call,72.50,+33.34%,35.85,36.79,37.3,908,221,4.11,36.08%,110.17%,0.972698,2026-10-01
AVGO,343.64,2026-10-07,6,Put,340.00,-1.06%,3.25,3.7,4.35,924,225,4.11,36.31%,31.42%,-0.383853,2026-10-01
MSTR,160.5,2026-10-09,8,Put,128.00,-20.25%,0.08,0.17,0.2,1254,305,4.11,67.29%,76.85%,-0.020064,2026-10-01
AVGO,343.64,2026-10-07,6,Call,360.00,-4.76%,0.89,1.15,1.2,549,134,4.1,36.31%,32.98%,0.143032,2026-10-01
IREN,40.65,2026-10-30,29,Call,41.00,-0.86%,3.05,3.02,3.3,684,167,4.1,78.09%,71.80%,0.529535,2026-10-01
CLSK,12.52,2026-10-16,15,Put,11.50,-8.15%,0.29,0.35,0.38,685,167,4.1,78.83%,76.45%,-0.26275,2026-10-01
META,725.93,2026-10-05,4,Call,732.50,-0.91%,6.6,6.42,6.7,754,184,4.1,40.62%,31.07%,0.401818,2026-10-01
NVDA,230.86,2026-10-09,8,Put,237.50,+2.88%,7.7,7.9,8.2,1398,341,4.1,34.15%,27.95%,-0.744446,2026-10-01
AMD,615.73,2026-10-02,1,Put,612.50,-0.52%,4.95,5.02,5.35,2680,653,4.1,52.99%,51.98%,-0.416742,2026-10-01
AMZN,248.23,2026-11-06,36,Put,210.00,-15.40%,1.24,1.35,1.48,2379,582,4.09,34.59%,41.84%,-0.085988,2026-10-01
AMD,615.73,2026-10-09,8,Put,540.00,-12.30%,0.93,0.99,1.07,3017,737,4.09,52.99%,54.60%,-0.047077,2026-10-01
KMB,94.34,2026-10-09,8,Call,100.00,-6.00%,0.05,0.16,0.2,612,150,4.08,23.29%,27.09%,0.074911,2026-10-01
GEMI,5.07,2026-10-09,8,Put,5.00,-1.38%,0.15,0.25,0.3,1052,258,4.08,106.86%,87.61%,-0.429584,2026-10-01
ABR,3.71,2029-01-19,841,Call,7.00,-88.68%,0,0.2,0.2,2050,503,4.08,62.72%,41.90%,0.111738,2026-10-01
FRMI,4.05,2027-01-15,106,Call,7.50,-85.19%,0.25,0.32,0.35,39721,9740,4.08,102.23%,116.71%,0.259155,2026-10-01
BA,192.28,2026-10-02,1,Call,195.00,-1.41%,1,1,1.11,10969,2693,4.07,36.75%,53.10%,0.311395,2026-10-01
ABVX,95.1,2026-10-16,15,Put,90.00,-5.36%,2.25,2.7,3,944,232,4.07,64.94%,64.14%,-0.308712,2026-10-01
APLD,24.16,2026-10-09,8,Call,23.00,+4.80%,2.04,2.25,2.27,1175,289,4.07,89.40%,107.29%,0.653439,2026-10-01
BX,112.24,2026-10-16,15,Put,140.00,+24.73%,26.8,28.9,28.85,540,133,4.06,39.81%,50.65%,-0.98169,2026-10-01
AMD,615.73,2026-10-05,4,Call,610.00,+0.93%,13.1,13.85,13.95,1036,255,4.06,52.99%,40.07%,0.600275,2026-10-01
GOOG,334.93,2026-10-02,1,Call,342.50,-2.26%,0.4,0.4,0.43,6875,1697,4.05,32.75%,37.18%,0.128479,2026-10-01
NFLX,67.85,2026-10-02,1,Put,68.00,+0.22%,0.51,0.54,0.55,16808,4152,4.05,38.10%,32.05%,-0.54709,2026-10-01
SNDK,1787.69,2026-10-02,1,Call,"1,730.00",+3.23%,62.6,67.45,68.3,1281,316,4.05,67.99%,74.32%,0.806637,2026-10-01
AAOI,107.32,2027-03-19,169,Call,200.00,-86.36%,8.6,9,9.8,651,161,4.04,95.04%,97.53%,0.28195,2026-10-01
MU,1097.39,2026-10-09,8,Put,"1,010.00",-7.96%,5.7,5.62,6.1,728,180,4.04,53.47%,52.61%,-0.132568,2026-10-01
MU,1097.39,2026-10-05,4,Put,"1,020.00",-7.05%,1.73,1.82,1.84,1071,265,4.04,53.47%,48.60%,-0.070696,2026-10-01
GOOG,334.93,2026-10-09,8,Call,337.50,-0.77%,4.65,4.7,4.85,1702,421,4.04,32.75%,29.37%,0.445963,2026-10-01
MU,1097.39,2026-10-02,1,Put,"1,070.00",-2.50%,4.9,5,5.15,10177,2528,4.03,53.47%,65.90%,-0.225768,2026-10-01
GFL,40.43,2026-11-20,50,Put,40.00,-1.06%,2.4,3.55,4.3,2191,545,4.02,64.22%,61.71%,-0.429159,2026-10-01
CLSK,12.52,2026-10-02,1,Call,12.50,+0.16%,0.22,0.26,0.28,2438,607,4.02,78.83%,91.58%,0.523742,2026-10-01
MU,1097.39,2026-11-20,50,Call,"1,040.00",+5.23%,118.25,118.15,121.4,2608,648,4.02,53.47%,53.89%,0.653941,2026-10-01
MU,1097.39,2029-01-19,841,Put,"1,400.00",+27.58%,499.55,512.35,511.25,619,154,4.02,53.47%,56.73%,-0.438342,2026-10-01
HBAN,15.19,2026-11-20,50,Call,15.00,+1.25%,0.8,0.95,1.1,513,128,4.01,33.32%,38.44%,0.561075,2026-10-01
MCD,231.83,2026-10-09,8,Put,232.50,+0.29%,2.83,3.11,3.25,769,192,4.01,23.25%,19.77%,-0.531473,2026-10-01
MU,1097.39,2026-10-02,1,Call,"1,145.00",-4.34%,2.83,2.9,2.95,4070,1016,4.01,53.47%,73.01%,0.137957,2026-10-01
META,725.93,2026-10-05,4,Call,735.00,-1.25%,5.7,5.56,5.8,1017,254,4,40.62%,31.16%,0.362273,2026-10-01
GM,79.31,2026-10-02,1,Call,79.00,+0.39%,0.65,0.69,0.94,1064,266,4,36.30%,37.76%,0.584013,2026-10-01
CRCL,82.91,2027-04-16,197,Put,70.00,-15.57%,6.95,9.42,12.4,1335,334,4,72.11%,72.26%,-0.268294,2026-10-01
MU,1097.39,2026-10-09,8,Call,"1,160.00",-5.71%,13.8,13.8,14.4,715,179,3.99,53.47%,55.62%,0.266804,2026-10-01
TSLA,354.11,2026-10-02,1,Put,347.50,-1.87%,1.79,1.81,1.83,22100,5539,3.99,42.22%,59.37%,-0.265969,2026-10-01
WU,6.02,2029-01-19,841,Call,7.00,-16.28%,0.75,0.85,0.95,24291,6096,3.98,43.13%,47.57%,0.405239,2026-10-01
AMZN,248.23,2026-10-07,6,Call,250.00,-0.71%,2.57,2.56,2.88,1893,476,3.98,34.59%,27.25%,0.43344,2026-10-01
APP,281.31,2026-10-02,1,Put,277.50,-1.35%,1.55,1.86,2.05,568,143,3.97,66.72%,57.89%,-0.319793,2026-10-01
BABA,107.45,2026-10-09,8,Call,109.00,-1.44%,1.42,1.54,1.67,1252,315,3.97,38.97%,34.97%,0.400901,2026-10-01
LULU,95.86,2026-12-18,78,Put,300.00,+212.96%,202.95,202.95,204.6,6755,1700,3.97,42.44%,120.11%,-0.986846,2026-10-01
EOSE,3.14,2027-05-21,232,Call,5.00,-59.24%,0.66,0.68,0.75,9551,2403,3.97,103.88%,115.86%,0.495134,2026-10-01
MU,1097.39,2026-10-09,8,Call,"1,140.00",-3.88%,18.75,18.7,19.4,680,172,3.95,53.47%,54.76%,0.337571,2026-10-01
LUMN,5.59,2026-11-20,50,Put,5.00,-10.55%,0.26,0.3,0.32,1101,279,3.95,68.59%,64.83%,-0.29696,2026-10-01
MU,1097.39,2026-10-07,6,Call,"1,110.00",-1.15%,22.6,24.02,24.75,536,136,3.94,53.47%,51.83%,0.448581,2026-10-01
TSLA,354.11,2026-10-05,4,Call,367.50,-3.78%,1.57,1.6,1.61,3771,957,3.94,42.22%,40.06%,0.196545,2026-10-01
CTSH,60.88,2027-01-15,106,Call,70.00,-14.98%,2.3,3.1,3.2,1517,386,3.93,48.43%,44.14%,0.326858,2026-10-01
SNDK,1787.69,2026-10-02,1,Call,"1,780.00",+0.43%,29.4,30.1,31.3,1906,486,3.92,67.99%,70.41%,0.555004,2026-10-01
TSLA,354.11,2026-10-09,8,Call,357.50,-0.96%,7.1,7.1,7.2,3817,974,3.92,42.22%,40.97%,0.455129,2026-10-01
PLTR,190.04,2026-10-09,8,Call,202.50,-6.56%,0.98,1.06,1.04,4824,1231,3.92,52.42%,42.13%,0.165171,2026-10-01
CAVA,54.4,2027-06-17,259,Put,40.00,-26.47%,3.5,3.8,4.1,590,151,3.91,61.21%,62.62%,-0.185645,2026-10-01
OKLO,36.14,2026-10-02,1,Call,36.50,-1.00%,0.36,0.39,0.43,577,148,3.9,72.26%,73.19%,0.406385,2026-10-01
SGML,8.34,2026-10-16,15,Call,9.00,-7.91%,0.25,0.3,0.4,1186,304,3.9,94.58%,85.03%,0.363205,2026-10-01
STM,53.5,2028-01-21,477,Call,60.00,-12.15%,11.7,11.78,11.9,2145,550,3.9,59.13%,54.74%,0.579469,2026-10-01
SNDK,1787.69,2026-10-02,1,Call,"1,850.00",-3.49%,5.4,8,8,5210,1337,3.9,67.99%,71.59%,0.185966,2026-10-01
GOOG,334.93,2026-10-02,1,Put,337.50,+0.77%,3.65,3.85,3.9,4481,1154,3.88,32.75%,32.52%,-0.668829,2026-10-01
MU,1097.39,2026-10-02,1,Put,"1,015.00",-7.51%,0.27,0.28,0.31,4623,1191,3.88,53.47%,72.50%,-0.01885,2026-10-01
META,725.93,2026-10-05,4,Call,765.00,-5.38%,0.76,0.74,0.78,881,227,3.88,40.62%,33.26%,0.069821,2026-10-01
SMCI,41.92,2026-10-09,8,Call,40.50,+3.39%,2.43,2.47,2.59,1253,324,3.87,76.01%,69.25%,0.653867,2026-10-01
XPEV,9.42,2026-10-16,15,Put,15.00,+59.24%,5.1,5.31,5.65,1502,388,3.87,49.31%,112.73%,-0.977753,2026-10-01
MSTR,160.5,2026-10-02,1,Call,160.00,+0.31%,2.87,2.87,2.96,29982,7744,3.87,67.29%,79.16%,0.539274,2026-10-01
GOOGL,338.24,2026-10-05,4,Call,350.00,-3.48%,0.54,0.65,0.65,5191,1346,3.86,33.52%,27.62%,0.124223,2026-10-01
SNDK,1787.69,2026-10-02,1,Call,"1,750.00",+2.11%,48,48,52.5,5276,1368,3.86,67.99%,73.71%,0.717151,2026-10-01
ZION,62.65,2027-01-15,106,Put,55.00,-12.21%,1.15,1.61,1.75,502,130,3.86,30.89%,34.01%,-0.205063,2026-10-01
AMKR,52.9,2026-10-23,22,Call,60.00,-13.42%,0.8,0.98,1.5,1015,263,3.86,71.40%,65.69%,0.245579,2026-10-01
DELL,541.74,2026-10-02,1,Call,530.00,+2.17%,13.55,13.9,15.1,1115,289,3.86,59.95%,61.52%,0.757868,2026-10-01
V,359.85,2026-10-02,1,Call,362.50,-0.74%,0.31,0.75,1.02,581,151,3.85,22.32%,21.95%,0.265816,2026-10-01
ASTS,57.04,2026-10-09,8,Call,60.00,-5.19%,1.25,1.27,1.33,1893,492,3.85,78.71%,71.76%,0.339027,2026-10-01
META,725.93,2026-10-09,8,Call,740.00,-1.94%,10.1,10.23,10.7,2361,615,3.84,40.62%,37.59%,0.380911,2026-10-01
GOOGL,338.24,2026-10-09,8,Put,340.00,+0.52%,6.25,6.4,6.75,3924,1023,3.84,33.52%,28.49%,-0.535063,2026-10-01
MU,1097.39,2026-10-05,4,Call,"1,150.00",-4.79%,5.95,6.05,6.2,5166,1350,3.83,53.47%,50.08%,0.195152,2026-10-01
DAL,84.13,2027-09-17,351,Call,95.00,-12.92%,8.9,9.17,9.8,532,139,3.83,43.21%,38.02%,0.473554,2026-10-01
PBR,20.98,2026-10-23,22,Put,21.00,+0.10%,0.82,0.92,1.09,838,219,3.83,52.48%,46.30%,-0.478599,2026-10-01
USAR,13.8,2026-12-18,78,Call,29.00,-110.14%,0.1,0.14,0.18,1619,423,3.83,74.66%,91.63%,0.064098,2026-10-01
MS,188.01,2026-10-09,8,Put,180.00,-4.26%,0.71,0.81,0.94,512,134,3.82,33.86%,31.86%,-0.17025,2026-10-01
CVNA,63.04,2026-10-09,8,Put,58.00,-7.99%,0.54,0.58,0.62,562,147,3.82,68.78%,63.67%,-0.173785,2026-10-01
MU,1097.39,2026-10-09,8,Put,"1,035.00",-5.69%,10.2,10.4,10.75,641,168,3.82,53.47%,52.20%,-0.210183,2026-10-01
MRVL,268.08,2026-10-30,29,Put,270.00,+0.72%,19.6,19.8,20.2,1004,263,3.82,64.56%,63.93%,-0.474792,2026-10-01
MSTR,160.5,2026-10-09,8,Call,157.50,+1.87%,7.55,7.55,7.8,3059,801,3.82,67.29%,63.71%,0.601134,2026-10-01
INTC,120,2026-10-02,1,Call,123.00,-2.50%,0.68,0.7,0.72,8235,2155,3.82,67.00%,71.61%,0.261852,2026-10-01
MU,1097.39,2026-10-02,1,Put,"1,005.00",-8.42%,0.18,0.16,0.2,3497,917,3.81,53.47%,75.63%,-0.01243,2026-10-01
OXY,57.84,2028-12-15,806,Put,72.50,+25.35%,17.5,18.88,19.15,761,200,3.81,35.30%,32.26%,-0.59828,2026-10-01
LWLG,5.44,2026-11-20,50,Call,8.00,-47.06%,0.1,0.2,0.2,890,234,3.8,90.99%,92.51%,0.173797,2026-10-01
LITE,1045.78,2026-10-02,1,Call,"1,100.00",-5.18%,2.85,2.85,2.9,5280,1389,3.8,76.12%,83.40%,0.128436,2026-10-01
DELL,541.74,2026-10-02,1,Call,545.00,-0.60%,5.25,5.5,5.85,3109,821,3.79,59.95%,62.04%,0.434207,2026-10-01
JOBY,5.96,2027-04-16,197,Put,5.00,-16.11%,0.58,0.65,0.68,740,195,3.79,65.66%,68.69%,-0.262325,2026-10-01
AGNC,8.95,2027-03-19,169,Put,7.00,-21.79%,0.18,0.18,0.2,842,222,3.79,29.86%,38.09%,-0.141389,2026-10-01
META,725.93,2026-10-23,22,Put,715.00,-1.51%,19.55,18.96,20.25,700,185,3.78,40.62%,36.30%,-0.407246,2026-10-01
MRVL,268.08,2026-10-09,8,Call,295.00,-10.04%,3.2,3.32,3.35,1426,377,3.78,64.56%,73.88%,0.208213,2026-10-01
AMZN,248.23,2026-10-07,6,Call,255.00,-2.73%,1.06,1.1,1.16,1639,435,3.77,34.59%,26.85%,0.227835,2026-10-01
AMD,615.73,2026-10-02,1,Put,607.50,-1.34%,3.15,3.25,3.5,3635,964,3.77,52.99%,52.20%,-0.305142,2026-10-01
META,725.93,2026-10-02,1,Put,705.00,-2.88%,0.73,0.75,0.75,3648,968,3.77,40.62%,43.20%,-0.095239,2026-10-01
AAPL,330.32,2026-10-05,4,Call,337.50,-2.17%,0.58,0.65,0.65,4460,1184,3.77,25.20%,20.49%,0.165157,2026-10-01
NKE,35.15,2026-10-16,15,Call,43.00,-22.33%,0.12,0.17,0.18,5257,1393,3.77,54.51%,66.09%,0.074881,2026-10-01
STNE,9.42,2026-10-16,15,Call,9.47,-0.53%,0.5,0.51,0.6,12293,3257,3.77,64.98%,74.40%,0.520298,2026-10-01
MU,1097.39,2026-10-02,1,Call,"1,130.00",-2.97%,4.8,4.8,5,8824,2349,3.76,53.47%,69.79%,0.217526,2026-10-01
GS,896.67,2026-10-02,1,Call,915.00,-2.04%,1.08,1.38,1.65,591,157,3.76,34.37%,37.16%,0.151899,2026-10-01
PINS,19.46,2026-12-18,78,Call,21.00,-7.91%,1.1,1.14,1.47,1061,282,3.76,55.87%,50.98%,0.4328,2026-10-01
VLO,408.46,2026-10-02,1,Put,375.00,-8.19%,0,0.1,0.15,1775,472,3.76,50.71%,74.35%,-0.013308,2026-10-01
TSLA,354.11,2026-10-02,1,Call,352.50,+0.45%,5.25,5.3,5.45,13394,3576,3.75,42.22%,60.71%,0.564614,2026-10-01
ADBE,241.28,2026-11-20,50,Put,350.00,+45.06%,106.05,106.05,109.65,509,136,3.74,39.97%,51.92%,-0.988656,2026-10-01
MU,1097.39,2026-10-05,4,Put,970.00,-11.61%,0.3,0.38,0.37,706,189,3.74,53.47%,55.01%,-0.014694,2026-10-01
IVZ,30.42,2027-01-15,106,Call,33.00,-8.48%,1.1,1.25,1.35,1204,322,3.74,36.34%,33.13%,0.362486,2026-10-01
AMAT,529.3,2028-12-15,806,Put,260.00,-50.88%,24.6,28.63,31.5,738,198,3.73,56.94%,58.39%,-0.088835,2026-10-01
XP,21.17,2026-11-20,50,Call,23.00,-8.64%,1.25,1.3,1.35,3156,846,3.73,64.76%,64.34%,0.408239,2026-10-01
SMCI,41.92,2026-10-02,1,Put,41.50,-1.00%,0.48,0.48,0.51,3529,946,3.73,76.01%,78.80%,-0.394739,2026-10-01
NVDA,230.86,2026-10-02,1,Put,225.00,-2.54%,0.21,0.21,0.22,66997,17978,3.73,34.15%,38.35%,-0.097625,2026-10-01
MRNA,188.94,2026-10-09,8,Put,190.00,+0.56%,8.75,9,9.2,710,191,3.72,90.60%,76.10%,-0.494965,2026-10-01
DELL,541.74,2026-10-02,1,Call,540.00,+0.32%,7.8,7.85,8.6,1516,407,3.72,59.95%,64.38%,0.545819,2026-10-01
PM,188.18,2027-06-17,259,Call,100.00,+46.86%,87.3,87.3,90.2,505,136,3.71,28.71%,44.68%,0.966324,2026-10-01
MU,1097.39,2026-10-02,1,Put,"1,067.50",-2.72%,4.4,4.3,4.6,2450,661,3.71,53.47%,66.14%,-0.206737,2026-10-01
ASTS,57.04,2026-10-02,1,Call,60.00,-5.19%,0.19,0.2,0.22,4376,1179,3.71,78.71%,90.74%,0.149324,2026-10-01
RKLB,70.46,2026-10-02,1,Call,73.00,-3.60%,0.32,0.35,0.34,7279,1964,3.71,73.88%,79.59%,0.204182,2026-10-01
SMCI,41.92,2026-10-30,29,Call,47.00,-12.12%,1.56,1.58,1.63,2110,570,3.7,76.01%,70.85%,0.323648,2026-10-01
TSLA,354.11,2026-10-02,1,Put,345.00,-2.57%,1.22,1.22,1.26,22422,6061,3.7,42.22%,59.92%,-0.197695,2026-10-01
UNH,365.2,2026-10-02,1,Call,370.00,-1.31%,1.15,1.2,1.3,1040,281,3.7,41.06%,39.57%,0.268129,2026-10-01
BB,9.18,2026-10-09,8,Put,9.00,-1.96%,0.22,0.27,0.28,1296,350,3.7,63.17%,62.48%,-0.394326,2026-10-01
AGNC,8.95,2029-01-19,841,Put,8.00,-10.61%,0.65,1.81,2.05,1401,379,3.7,29.86%,37.30%,-0.295178,2026-10-01
ABT,96.69,2026-10-09,8,Put,97.00,+0.32%,0.95,1.05,2.55,587,159,3.69,28.63%,28.05%,-0.52006,2026-10-01
LITE,1045.78,2026-10-02,1,Call,"1,030.00",+1.51%,25.3,27.7,28,638,173,3.69,76.12%,81.10%,0.648751,2026-10-01
LLY,1149.85,2026-11-20,50,Call,"1,320.00",-14.80%,14.4,17.03,19.65,741,201,3.69,36.01%,39.01%,0.197082,2026-10-01
MU,1097.39,2026-10-02,1,Put,"1,077.50",-1.81%,6.9,7.03,7.15,1287,349,3.69,53.47%,65.81%,-0.290825,2026-10-01
TSLA,354.11,2026-10-05,4,Call,372.50,-5.19%,0.91,0.93,0.95,2197,597,3.68,42.22%,41.00%,0.12541,2026-10-01
NVDA,230.86,2026-10-07,6,Call,240.00,-3.96%,0.55,0.53,0.57,3820,1038,3.68,34.15%,27.10%,0.139238,2026-10-01
ARM,292.34,2027-04-16,197,Call,380.00,-29.99%,35.4,38.4,38.15,526,143,3.68,70.74%,72.34%,0.42697,2026-10-01
MU,1097.39,2026-10-05,4,Call,"1,125.00",-2.52%,11.25,11.36,11.55,865,235,3.68,53.47%,48.29%,0.323478,2026-10-01
AAPL,330.32,2026-10-07,6,Call,337.50,-2.17%,1.14,1.26,1.3,983,267,3.68,25.20%,21.75%,0.230727,2026-10-01
BURL,275.32,2026-10-16,15,Call,330.00,-19.86%,0.05,0.15,0.2,1305,355,3.68,38.54%,40.48%,0.015898,2026-10-01
META,725.93,2026-10-05,4,Call,737.50,-1.59%,4.9,4.85,5.05,657,179,3.67,40.62%,31.35%,0.325087,2026-10-01
TSLA,354.11,2026-10-05,4,Call,345.00,+2.57%,11.05,11.92,11.75,759,207,3.67,42.22%,38.34%,0.751796,2026-10-01
AMZN,248.23,2026-10-05,4,Call,250.00,-0.71%,1.61,1.65,1.74,5323,1452,3.67,34.59%,23.23%,0.396458,2026-10-01
IREN,40.65,2028-01-21,477,Put,37.00,-8.98%,11.1,11.28,11.7,604,165,3.66,78.09%,83.60%,-0.270659,2026-10-01
GOOGL,338.24,2026-10-05,4,Put,335.00,-0.96%,1.75,2,2.13,783,214,3.66,33.52%,23.88%,-0.34045,2026-10-01
DIS,101.33,2026-10-09,8,Call,105.00,-3.62%,0.27,0.35,0.43,794,217,3.66,29.98%,25.11%,0.175361,2026-10-01
NVDA,230.86,2026-10-05,4,Put,225.00,-2.54%,0.58,0.59,0.6,10061,2758,3.65,34.15%,26.49%,-0.170227,2026-10-01
SOFI,15.84,2026-10-02,1,Call,15.50,+2.15%,0.38,0.39,0.4,10133,2779,3.65,50.74%,50.81%,0.797672,2026-10-01
AGNC,8.95,2026-11-20,50,Call,9.00,-0.56%,0.3,0.35,0.39,913,251,3.64,29.86%,28.50%,0.492256,2026-10-01
MU,1097.39,2026-10-07,6,Put,"1,050.00",-4.32%,10,10.3,10.45,527,145,3.63,53.47%,50.83%,-0.236196,2026-10-01
TSLA,354.11,2026-10-09,8,Put,355.00,+0.25%,8.5,8.75,8.8,4879,1343,3.63,42.22%,39.82%,-0.500771,2026-10-01
SPCE,2.99,2029-01-19,841,Call,4.00,-33.78%,1.12,1.36,1.47,514,142,3.62,80.12%,84.72%,0.692708,2026-10-01
AMD,615.73,2026-10-09,8,Call,627.50,-1.91%,12.4,13.05,13.25,1670,461,3.62,52.99%,48.75%,0.41507,2026-10-01
GOOGL,338.24,2027-06-17,259,Call,345.00,-2.00%,40.5,42,42.5,2143,594,3.61,33.52%,35.53%,0.570192,2026-10-01
SMCI,41.92,2026-10-30,29,Put,32.00,-23.66%,0.29,0.31,0.33,3077,855,3.6,76.01%,72.24%,-0.074661,2026-10-01
AMD,615.73,2026-10-02,1,Call,607.50,+1.34%,11.45,12.3,12.15,3948,1098,3.6,52.99%,53.81%,0.689963,2026-10-01
INTC,120,2026-10-05,4,Call,122.00,-1.67%,1.76,1.81,1.84,1401,389,3.6,67.00%,52.73%,0.395491,2026-10-01
AMD,615.73,2026-10-07,6,Call,620.00,-0.69%,12.45,12.87,13.05,506,141,3.59,52.99%,46.24%,0.469643,2026-10-01
NOW,137.76,2026-10-09,8,Call,143.00,-3.80%,1.92,2.07,2.02,546,152,3.59,53.82%,48.54%,0.318555,2026-10-01
AMD,615.73,2026-10-05,4,Call,670.00,-8.81%,0.39,0.43,0.46,805,224,3.59,52.99%,44.54%,0.037608,2026-10-01
SPCX,148.07,2026-10-02,1,Put,165.00,+11.43%,15.95,15.99,17.55,1313,366,3.59,46.15%,85.40%,-0.992839,2026-10-01
AAPL,330.32,2026-10-02,1,Put,330.00,-0.10%,1.57,1.67,1.63,41884,11658,3.59,25.20%,25.66%,-0.466182,2026-10-01
AMZN,248.23,2026-10-02,1,Call,250.00,-0.71%,0.93,0.93,0.96,43250,12059,3.59,34.59%,32.19%,0.341994,2026-10-01
SPCX,148.07,2026-10-02,1,Put,150.00,+1.30%,2.44,2.7,2.67,48235,13441,3.59,46.15%,44.73%,-0.70487,2026-10-01
BAC,53.73,2026-10-02,1,Put,53.00,-1.36%,0.1,0.1,0.12,5209,1453,3.58,29.05%,32.76%,-0.209368,2026-10-01
SNDK,1787.69,2026-10-02,1,Put,"1,770.00",-0.99%,16.2,17.21,20.4,604,169,3.57,67.99%,70.73%,-0.386051,2026-10-01
APLD,24.16,2026-11-20,50,Call,24.00,+0.66%,3.1,3.19,3.35,1201,336,3.57,89.40%,87.17%,0.57881,2026-10-01
JPM,333.18,2026-10-02,1,Call,332.50,+0.20%,2.25,2.5,2.61,1279,358,3.57,26.80%,29.67%,0.556856,2026-10-01
BA,192.28,2026-10-30,29,Call,205.00,-6.62%,3.85,4.56,5,1618,453,3.57,36.75%,42.50%,0.315927,2026-10-01
HOOD,111.15,2026-10-09,8,Call,113.00,-1.66%,2.78,2.8,2.99,4521,1268,3.57,59.85%,55.88%,0.441207,2026-10-01
SNDK,1787.69,2026-10-02,1,Put,"1,670.00",-6.58%,0.8,1.01,1.25,812,228,3.56,67.99%,73.61%,-0.036786,2026-10-01
MSFT,512.8,2026-10-05,4,Call,517.50,-0.92%,2.72,2.8,3.3,1097,308,3.56,30.10%,22.99%,0.362155,2026-10-01
AAOI,107.32,2026-10-30,29,Put,80.00,-25.46%,1.1,1.15,1.8,1094,308,3.55,95.04%,91.06%,-0.099572,2026-10-01
RKLB,70.46,2026-10-09,8,Call,71.00,-0.77%,2.45,2.47,2.68,2069,583,3.55,73.88%,67.04%,0.492534,2026-10-01
MSFT,512.8,2026-10-02,1,Call,527.50,-2.87%,0.17,0.17,0.25,8981,2534,3.54,30.10%,33.55%,0.055251,2026-10-01
AVGO,343.64,2026-10-02,1,Call,357.50,-4.03%,0.13,0.15,0.15,13139,3716,3.54,36.31%,43.82%,0.043748,2026-10-01
LITE,1045.78,2026-10-02,1,Put,970.00,-7.25%,0.55,0.82,1.05,581,164,3.54,76.12%,84.31%,-0.041926,2026-10-01
MU,1097.39,2026-10-09,8,Call,"1,090.00",+0.67%,38.05,38.5,39.75,1094,309,3.54,53.47%,53.59%,0.553865,2026-10-01
XP,21.17,2027-01-15,106,Put,22.00,+3.92%,2.7,2.85,3.1,717,203,3.53,64.76%,54.16%,-0.48938,2026-10-01
MU,1097.39,2026-10-09,8,Call,"1,170.00",-6.62%,11.8,12,12.3,876,248,3.53,53.47%,56.01%,0.235416,2026-10-01
NVDA,230.86,2026-10-16,15,Call,145.00,+37.19%,84.85,83.92,88.65,1214,345,3.52,34.15%,128.76%,0.972253,2026-10-01
FSLY,26.39,2026-10-09,8,Call,29.00,-9.89%,0.25,0.55,0.65,513,146,3.51,100.88%,84.05%,0.24543,2026-10-01
MU,1097.39,2027-04-16,197,Call,"1,600.00",-45.80%,62.15,62.6,65,712,203,3.51,53.47%,58.35%,0.270279,2026-10-01
MU,1097.39,2026-10-23,22,Call,"1,075.00",+2.04%,67,64.9,70,1428,407,3.51,53.47%,51.96%,0.596179,2026-10-01
AAPL,330.32,2026-10-30,29,Call,330.00,+0.10%,10.3,10.58,10.75,2042,582,3.51,25.20%,26.68%,0.534981,2026-10-01
AAOI,107.32,2026-10-09,8,Call,110.00,-2.50%,4.2,3.9,4.5,2101,598,3.51,95.04%,86.54%,0.451519,2026-10-01
AMZN,248.23,2026-10-09,8,Call,247.50,+0.29%,4.4,4.45,4.7,4645,1328,3.5,34.59%,27.76%,0.54497,2026-10-01
CSCO,108.76,2026-10-16,15,Call,85.00,+21.85%,23.3,23.55,24.4,9006,2574,3.5,36.08%,49.83%,0.993164,2026-10-01
VKTX,30.51,2026-10-09,8,Put,32.00,+4.88%,1.28,2,3.3,518,148,3.5,62.61%,78.05%,-0.636838,2026-10-01
AVGO,343.64,2026-10-09,8,Put,327.50,-4.70%,1.44,1.43,1.59,616,176,3.5,36.31%,34.18%,-0.161458,2026-10-01
AVGO,343.64,2026-11-06,36,Call,350.00,-1.85%,13.25,13.6,13.8,676,193,3.5,36.31%,36.95%,0.470745,2026-10-01
PLTR,190.04,2026-10-09,8,Call,207.50,-9.19%,0.48,0.53,0.53,2111,605,3.49,52.42%,43.16%,0.09169,2026-10-01
BSX,43.23,2027-01-15,106,Call,47.50,-9.88%,2.35,2.55,2.6,2958,847,3.49,41.54%,41.99%,0.4015,2026-10-01
Z,27.75,2026-10-16,15,Call,30.00,-8.11%,0.45,0.49,0.6,3163,906,3.49,63.62%,57.91%,0.276984,2026-10-01
FSLR,172.11,2027-09-17,351,Put,150.00,-12.85%,19.95,20.73,21.75,10439,2989,3.49,54.90%,53.48%,-0.280501,2026-10-01
CSCO,108.76,2026-10-16,15,Call,82.50,+24.14%,25.9,26.08,26.9,8103,2331,3.48,36.08%,64.65%,0.984801,2026-10-01
CVNA,63.04,2026-10-09,8,Call,64.00,-1.52%,1.73,1.67,1.93,568,163,3.48,68.78%,60.13%,0.453932,2026-10-01
SNDK,1787.69,2026-10-02,1,Put,"1,780.00",-0.43%,21,21.07,26.6,779,224,3.48,67.99%,73.98%,-0.447091,2026-10-01
XPEV,9.42,2026-10-16,15,Put,14.00,+48.62%,3.65,3.94,5,2033,584,3.48,49.31%,98.62%,-0.97438,2026-10-01
META,725.93,2026-10-02,1,Put,790.00,+8.83%,61.15,64.1,68.15,534,154,3.47,40.62%,93.46%,-0.956185,2026-10-01
MS,188.01,2026-10-09,8,Call,192.50,-2.39%,1.43,1.6,1.84,590,170,3.47,33.86%,30.28%,0.309435,2026-10-01
AAPL,330.32,2026-10-02,1,Call,325.00,+1.61%,5.5,5.71,6.15,8600,2478,3.47,25.20%,31.86%,0.838392,2026-10-01
PLTR,190.04,2026-10-09,8,Put,187.50,-1.34%,3.35,3.45,3.5,2462,712,3.46,52.42%,41.67%,-0.397247,2026-10-01
COST,914.94,2026-10-02,1,Call,925.00,-1.10%,0.91,0.86,1.22,1428,413,3.46,20.11%,22.64%,0.181597,2026-10-01
LITE,1045.78,2026-10-02,1,Call,"1,120.00",-7.10%,1.15,1.15,1.4,521,151,3.45,76.12%,84.76%,0.064142,2026-10-01
BMY,61.46,2027-01-15,106,Call,40.00,+34.92%,20.85,21.6,23.4,1615,468,3.45,33.42%,62.76%,0.92234,2026-10-01
RKLB,70.46,2026-10-02,1,Call,71.00,-0.77%,0.84,0.84,0.94,7144,2070,3.45,73.88%,76.96%,0.433771,2026-10-01
WDAY,186.75,2026-10-30,29,Call,195.00,-4.42%,6,6.27,8,571,166,3.44,50.06%,48.48%,0.410805,2026-10-01
UAA,4.64,2026-11-20,50,Call,4.00,+13.79%,0.65,0.68,0.9,775,225,3.44,55.61%,55.00%,0.804511,2026-10-01
AGNC,8.95,2029-01-19,841,Call,12.00,-34.08%,0.17,0.21,0.25,1081,314,3.44,29.86%,19.12%,0.168942,2026-10-01
META,725.93,2026-10-02,1,Call,722.50,+0.47%,8.4,8.3,8.55,2019,587,3.44,40.62%,43.49%,0.588536,2026-10-01
PLTR,190.04,2026-10-09,8,Call,205.00,-7.87%,0.69,0.7,0.74,6996,2041,3.43,52.42%,42.59%,0.123696,2026-10-01
NKE,35.15,2026-10-02,1,Put,34.50,-1.85%,1.25,1.33,1.35,4515,1322,3.42,54.51%,220.71%,-0.413197,2026-10-01
MU,1097.39,2026-10-02,1,Call,"1,070.00",+2.50%,32.1,33,33.45,33489,9786,3.42,53.47%,67.34%,0.769691,2026-10-01
NVDA,230.86,2026-10-02,1,Call,235.00,-1.79%,0.33,0.33,0.34,217624,63543,3.42,34.15%,33.50%,0.158765,2026-10-01
MSTR,160.5,2026-10-23,22,Put,125.00,-22.12%,0.61,0.64,0.68,729,213,3.42,67.29%,67.32%,-0.0539,2026-10-01
AMD,615.73,2026-10-05,4,Put,580.00,-5.80%,1,1.04,1.09,1037,303,3.42,52.99%,42.13%,-0.082826,2026-10-01
SNDK,1787.69,2026-10-02,1,Put,"1,740.00",-2.67%,7,8.55,11.2,1447,423,3.42,67.99%,71.73%,-0.229172,2026-10-01
LUV,41.84,2026-11-20,50,Call,40.00,+4.40%,3.3,3.73,4.15,502,147,3.41,42.07%,43.74%,0.64581,2026-10-01
MU,1097.39,2026-10-05,4,Put,"1,035.00",-5.69%,3,3.09,3.2,553,162,3.41,53.47%,47.66%,-0.113916,2026-10-01
MU,1097.39,2028-06-16,624,Call,900.00,+17.99%,424,429.94,436,1297,380,3.41,53.47%,57.10%,0.769783,2026-10-01
TSLA,354.11,2026-10-02,1,Put,362.50,+2.37%,9.7,9.9,10,6018,1767,3.41,42.22%,59.96%,-0.766865,2026-10-01
C,127,2026-10-09,8,Put,125.00,-1.57%,1.23,1.32,1.4,2495,734,3.4,32.90%,29.40%,-0.346581,2026-10-01
DELL,541.74,2026-10-02,1,Call,555.00,-2.45%,2.3,2.3,2.71,3584,1055,3.4,59.95%,63.60%,0.239765,2026-10-01
ORCL,138.07,2026-10-30,29,Call,150.00,-8.64%,3.9,4.1,4.15,4455,1312,3.4,51.15%,53.41%,0.321544,2026-10-01
INTC,120,2026-10-07,6,Call,123.00,-2.50%,2.36,2.54,2.47,649,191,3.4,67.00%,59.52%,0.390489,2026-10-01
MCD,231.83,2026-10-16,15,Put,255.00,+9.99%,22.6,24.45,24.3,650,191,3.4,23.25%,29.51%,-0.942351,2026-10-01
ASST,30.11,2026-10-09,8,Call,32.00,-6.28%,0.5,0.52,0.69,724,213,3.4,80.15%,72.22%,0.305709,2026-10-01
MAT,15.04,2026-10-16,15,Call,15.00,+0.27%,0.5,1.05,1.05,1409,414,3.4,62.79%,62.27%,0.532863,2026-10-01
AG,17.66,2026-10-30,29,Put,17.00,-3.74%,0.69,0.77,0.84,640,189,3.39,57.01%,55.57%,-0.368294,2026-10-01
SNDK,1787.69,2026-10-02,1,Put,"1,750.00",-2.11%,10.7,10.8,11.6,2015,594,3.39,67.99%,69.80%,-0.272869,2026-10-01
META,725.93,2026-10-02,1,Call,742.50,-2.28%,1.51,1.46,1.55,3121,923,3.38,40.62%,44.57%,0.170654,2026-10-01
LITE,1045.78,2026-10-02,1,Call,"1,065.00",-1.84%,9.4,7.85,10.9,709,210,3.38,76.12%,82.25%,0.34492,2026-10-01
CAVA,54.4,2027-06-17,259,Call,65.00,-19.49%,7.2,8.12,8.25,1000,296,3.38,61.21%,59.17%,0.481382,2026-10-01
ZM,93.8,2026-10-02,1,Call,97.00,-3.41%,0.16,0.2,0.3,674,200,3.37,40.42%,60.85%,0.150566,2026-10-01
LITE,1045.78,2026-10-16,15,Call,"1,300.00",-24.31%,5.5,5.95,5.7,681,202,3.37,76.12%,73.22%,0.083637,2026-10-01
ORCL,138.07,2026-10-30,29,Put,136.00,-1.50%,7,7.18,7.25,557,166,3.36,51.15%,53.52%,-0.425915,2026-10-01
INSW,114.6,2026-10-16,15,Call,120.00,-4.71%,1.7,1.95,2.35,618,185,3.34,47.12%,46.11%,0.309894,2026-10-01
SNDK,1787.69,2026-10-02,1,Call,"1,820.00",-1.81%,12.8,14.7,14.5,896,268,3.34,67.99%,70.87%,0.322212,2026-10-01
NKE,35.15,2026-10-02,1,Put,31.50,-10.38%,0.26,0.29,0.28,3938,1178,3.34,54.51%,201.28%,-0.137124,2026-10-01
TSLA,354.11,2026-10-09,8,Call,360.00,-1.66%,6.05,6.15,6.2,8801,2636,3.34,42.22%,40.95%,0.409919,2026-10-01
APO,114.34,2026-10-16,15,Put,110.00,-3.80%,1.5,1.58,1.95,10044,3004,3.34,40.43%,38.62%,-0.293635,2026-10-01
AVGO,343.64,2026-10-09,8,Call,347.50,-1.12%,5.1,5.45,5.5,747,224,3.33,36.31%,34.13%,0.427625,2026-10-01
HOOD,111.15,2026-10-09,8,Put,111.00,-0.13%,3.4,3.51,3.55,1397,420,3.33,59.85%,54.77%,-0.473838,2026-10-01
NVDA,230.86,2026-10-07,6,Put,232.50,+0.71%,3.95,4.1,4.05,1821,547,3.33,34.15%,26.83%,-0.570051,2026-10-01
C,127,2026-10-16,15,Put,128.00,+0.79%,3.85,4.21,4.2,561,169,3.32,32.90%,34.45%,-0.527338,2026-10-01
MOS,21.55,2026-10-02,1,Put,21.00,-2.55%,0,0.16,0.2,731,220,3.32,49.56%,66.99%,-0.225146,2026-10-01
TSLA,354.11,2026-10-05,4,Put,337.50,-4.69%,0.86,0.85,0.89,771,232,3.32,42.22%,39.84%,-0.118576,2026-10-01
SSNC,78.44,2026-10-16,15,Call,85.00,-8.36%,0.1,0.3,0.3,816,246,3.32,30.67%,29.14%,0.094423,2026-10-01
CRWV,88.57,2026-10-09,8,Put,88.00,-0.64%,3.15,3.2,3.3,1003,302,3.32,76.24%,67.83%,-0.451702,2026-10-01
GOOGL,338.24,2026-10-02,1,Put,337.50,-0.22%,1.77,1.84,1.93,9314,2805,3.32,33.52%,31.38%,-0.441709,2026-10-01
NVDA,230.86,2026-10-02,1,Call,237.50,-2.88%,0.1,0.1,0.11,91127,27425,3.32,34.15%,34.38%,0.059201,2026-10-01
NFLX,67.85,2026-10-23,22,Call,69.00,-1.69%,2.78,2.79,2.83,749,226,3.31,38.10%,48.97%,0.475989,2026-10-01
CSCO,108.76,2026-10-16,15,Call,70.00,+35.64%,38.3,39,39.7,917,277,3.31,36.08%,112.28%,0.97939,2026-10-01
SNDK,1787.69,2026-10-02,1,Call,"1,880.00",-5.16%,3.7,4.43,5.2,666,202,3.3,67.99%,80.76%,0.121495,2026-10-01
MU,1097.39,2026-10-05,4,Call,"1,110.00",-1.15%,15.85,16.41,17,1248,378,3.3,53.47%,47.67%,0.422453,2026-10-01
AAOI,107.32,2026-10-02,1,Call,107.00,+0.30%,2.2,2.43,2.6,1863,565,3.3,95.04%,99.70%,0.534016,2026-10-01
MRVL,268.08,2026-10-02,1,Call,270.00,-0.72%,2.96,2.96,3.15,9959,3022,3.3,64.56%,69.94%,0.431001,2026-10-01
IREN,40.65,2026-10-09,8,Call,42.00,-3.32%,1.06,1.11,1.16,3607,1095,3.29,78.09%,69.16%,0.397572,2026-10-01
MU,1097.39,2026-10-02,1,Call,"1,140.00",-3.88%,3.4,3.45,3.5,7995,2427,3.29,53.47%,71.94%,0.161058,2026-10-01
NVDA,230.86,2026-10-07,6,Put,217.50,-5.79%,0.33,0.35,0.35,795,242,3.29,34.15%,33.20%,-0.075786,2026-10-01
META,725.93,2026-10-02,1,Put,732.50,+0.91%,9.95,10.32,10.1,1385,421,3.29,40.62%,40.97%,-0.657689,2026-10-01
CSCO,108.76,2026-10-16,15,Call,65.00,+40.24%,43.2,43.92,44.6,1827,556,3.29,36.08%,117.06%,0.98842,2026-10-01
NVDA,230.86,2026-10-12,11,Call,225.00,+2.54%,8,8.5,8.55,561,171,3.28,34.15%,29.17%,0.71003,2026-10-01
IONQ,43.99,2026-10-09,8,Put,43.00,-2.25%,1.2,1.24,1.33,574,175,3.28,74.96%,67.34%,-0.38769,2026-10-01
LITE,1045.78,2026-10-16,15,Put,"1,000.00",-4.38%,37,37.5,37.9,1171,357,3.28,76.12%,70.26%,-0.346425,2026-10-01
CRM,236.69,2026-10-09,8,Call,250.00,-5.62%,1.17,1.24,1.28,661,202,3.27,39.37%,37.96%,0.175344,2026-10-01
WULF,14.91,2026-10-23,22,Call,17.00,-14.02%,0.42,0.49,0.47,1055,323,3.27,81.86%,81.62%,0.269157,2026-10-01
PAYX,100.84,2026-10-16,15,Call,105.00,-4.13%,0.85,0.94,1,1120,342,3.27,29.14%,29.77%,0.259353,2026-10-01
META,725.93,2026-10-02,1,Put,717.50,-1.16%,2.86,2.84,2.94,1784,546,3.27,40.62%,41.48%,-0.290153,2026-10-01
NFLX,67.85,2027-01-15,106,Put,105.00,+54.75%,35,36.85,39,1871,573,3.27,38.10%,47.87%,-0.978959,2026-10-01
MSTR,160.5,2026-10-02,1,Call,157.50,+1.87%,4.25,4.3,4.45,13092,3998,3.27,67.29%,77.25%,0.687788,2026-10-01
MU,1097.39,2026-10-02,1,Call,"1,135.00",-3.43%,4,4.05,4.2,5026,1543,3.26,53.47%,70.77%,0.187163,2026-10-01
ON,80.08,2026-10-02,1,Call,81.00,-1.15%,0.6,0.66,0.76,521,160,3.26,60.11%,63.92%,0.373882,2026-10-01
TSLA,354.11,2026-10-05,4,Put,335.00,-5.40%,0.62,0.63,0.65,1030,316,3.26,42.22%,40.42%,-0.08986,2026-10-01
HOOD,111.15,2026-10-09,8,Put,102.00,-8.23%,0.63,0.66,0.68,1332,409,3.26,59.85%,55.50%,-0.136514,2026-10-01
NVDA,230.86,2026-10-05,4,Put,237.50,+2.88%,6.8,6.87,6.95,776,239,3.25,34.15%,22.16%,-0.889355,2026-10-01
NKE,35.15,2026-10-16,15,Call,42.00,-19.49%,0.2,0.25,0.26,1412,435,3.25,54.51%,66.96%,0.10625,2026-10-01
HROW,30.61,2027-01-15,106,Call,60.00,-96.01%,0,0.39,0.65,2072,638,3.25,67.61%,73.35%,0.0702,2026-10-01
TSLA,354.11,2026-10-02,1,Call,372.50,-5.19%,0.43,0.44,0.45,18198,5591,3.25,42.22%,67.49%,0.078876,2026-10-01
BMY,61.46,2026-10-16,15,Put,59.00,-4.00%,0.57,0.58,0.74,2084,643,3.24,33.42%,32.69%,-0.257842,2026-10-01
T,24.3,2026-11-20,50,Call,24.00,+1.23%,1.06,1.1,1.16,2516,777,3.24,27.18%,27.09%,0.564594,2026-10-01
CIFR,15.46,2027-01-15,106,Call,16.00,-3.49%,2.73,2.76,3.15,5524,1705,3.24,94.05%,93.53%,0.582389,2026-10-01
PLTR,190.04,2026-10-02,1,Put,187.50,-1.34%,0.81,0.84,0.84,10661,3287,3.24,52.42%,46.33%,-0.284027,2026-10-01
HOOD,111.15,2026-10-09,8,Put,113.00,+1.66%,4.5,4.62,4.7,1323,408,3.24,59.85%,55.16%,-0.561071,2026-10-01
AVGO,343.64,2026-10-05,4,Call,370.00,-7.67%,0.11,0.13,0.14,1830,565,3.24,36.31%,35.78%,0.02589,2026-10-01
AMZN,248.23,2026-10-02,1,Call,220.00,+11.37%,27.65,28.54,29,575,178,3.23,34.59%,106.86%,0.985668,2026-10-01
MU,1097.39,2026-10-02,1,Put,"1,000.00",-8.87%,0.15,0.16,0.17,28179,8748,3.22,53.47%,77.57%,-0.010406,2026-10-01
DKNG,19.35,2026-10-02,1,Call,18.00,+6.98%,1.22,1.25,1.48,567,176,3.22,64.29%,73.15%,0.971971,2026-10-01
CSCO,108.76,2026-10-16,15,Call,77.50,+28.74%,30.85,31.22,31.95,963,299,3.22,36.08%,78.40%,0.986084,2026-10-01
MU,1097.39,2026-10-09,8,Call,"1,040.00",+5.23%,69.05,70.62,72,625,195,3.21,53.47%,53.40%,0.767191,2026-10-01
INTC,120,2026-10-07,6,Put,117.00,-2.50%,2.09,2,2.18,1059,330,3.21,67.00%,56.98%,-0.348307,2026-10-01
RILY,5.05,2026-10-02,1,Call,5.00,+0.99%,0.12,0.13,0.14,1443,450,3.21,65.14%,103.03%,0.571768,2026-10-01
WULF,14.91,2026-10-02,1,Call,15.00,-0.60%,0.21,0.21,0.22,2749,857,3.21,81.86%,83.52%,0.449587,2026-10-01
AMZN,248.23,2026-10-05,4,Put,250.00,+0.71%,3.2,3.45,3.5,2764,862,3.21,34.59%,23.25%,-0.605615,2026-10-01
MU,1097.39,2026-10-05,4,Call,"1,060.00",+3.41%,44.15,45.01,47,2766,862,3.21,53.47%,47.93%,0.765583,2026-10-01
COIN,189.29,2026-10-02,1,Call,190.00,-0.38%,2.37,2.41,2.56,6495,2029,3.2,63.46%,70.62%,0.468147,2026-10-01
NKE,35.15,2026-10-09,8,Call,38.50,-9.53%,0.68,0.71,0.8,726,227,3.2,54.51%,91.30%,0.271691,2026-10-01
AMGN,407.27,2026-11-20,50,Call,420.00,-3.13%,13.1,14,14,1157,361,3.2,30.03%,31.05%,0.422452,2026-10-01
LITS,1.375,2027-03-19,169,Call,5.0000,-262.32%,0.1,0.2,0.35,2001,626,3.2,200.85%,181.90%,0.341414,2026-10-01
KO,86.1,2026-10-16,15,Put,84.00,-2.44%,0.43,0.5,0.5,657,206,3.19,20.19%,18.29%,-0.242164,2026-10-01
NVDA,230.86,2026-10-30,29,Put,235.00,+1.79%,9.55,9.71,9.75,1162,364,3.19,34.15%,29.52%,-0.559395,2026-10-01
MSFT,512.8,2026-10-09,8,Call,555.00,-8.23%,0.22,0.3,0.36,1545,484,3.19,30.10%,28.72%,0.034202,2026-10-01
GOOG,334.93,2026-10-23,22,Put,305.00,-8.94%,1.11,1.15,1.22,1738,544,3.19,32.75%,30.67%,-0.095504,2026-10-01
NKE,35.15,2026-10-16,15,Call,38.00,-8.11%,0.86,0.89,1,3138,983,3.19,54.51%,69.46%,0.313326,2026-10-01
NKE,35.15,2026-10-02,1,Put,32.50,-7.54%,0.51,0.51,0.54,7152,2247,3.18,54.51%,211.14%,-0.222272,2026-10-01
DDOG,276.46,2026-10-02,1,Put,255.00,-7.76%,0.05,0.13,0.12,871,274,3.18,66.45%,76.43%,-0.020563,2026-10-01
WDAY,186.75,2026-10-23,22,Call,195.00,-4.42%,5.2,4.9,6.5,571,180,3.17,50.06%,49.46%,0.391254,2026-10-01
PLD,128.18,2026-11-20,50,Call,135.00,-5.32%,2.15,2.5,2.7,919,290,3.17,26.00%,26.27%,0.316051,2026-10-01
MU,1097.39,2026-10-05,4,Call,"1,070.00",+2.50%,36.9,36.79,39,2705,854,3.17,53.47%,46.82%,0.708427,2026-10-01
CSCO,108.76,2026-10-09,8,Call,111.00,-2.06%,0.69,0.68,0.8,5234,1650,3.17,36.08%,24.76%,0.300092,2026-10-01
AMZN,248.23,2026-10-05,4,Call,255.00,-2.73%,0.47,0.48,0.53,7052,2228,3.17,34.59%,24.42%,0.153083,2026-10-01
MU,1097.39,2026-10-02,1,Put,985.00,-10.24%,0.09,0.11,0.12,3676,1165,3.16,53.47%,84.10%,-0.006598,2026-10-01
MU,1097.39,2027-04-16,197,Put,"1,020.00",-7.05%,119.75,125.15,125.4,743,235,3.16,53.47%,54.64%,-0.335538,2026-10-01
CSCO,108.76,2026-10-16,15,Call,80.00,+26.44%,28.35,28.55,29.55,1864,589,3.16,36.08%,76.85%,0.97946,2026-10-01
COHR,319.19,2026-10-09,8,Call,330.00,-3.39%,8,9.1,9.9,523,166,3.15,75.94%,70.85%,0.39859,2026-10-01
IBM,225.62,2026-10-09,8,Call,235.00,-4.16%,1.35,1.35,1.49,844,268,3.15,40.09%,34.41%,0.220468,2026-10-01
GOOGL,338.24,2026-10-09,8,Call,347.50,-2.74%,2.5,2.6,2.84,1324,420,3.15,33.52%,30.37%,0.287477,2026-10-01
MU,1097.39,2026-10-02,1,Call,"1,160.00",-5.71%,1.73,1.77,1.82,4731,1501,3.15,53.47%,77.11%,0.088181,2026-10-01
PLTR,190.04,2026-10-09,8,Call,195.00,-2.61%,2.66,2.73,2.94,6597,2096,3.15,52.42%,42.44%,0.357507,2026-10-01
NVDA,230.86,2026-10-05,4,Call,237.50,-2.88%,0.41,0.41,0.42,7194,2287,3.15,34.15%,24.42%,0.139637,2026-10-01
MSFT,512.8,2026-10-02,1,Call,520.00,-1.40%,0.9,0.94,0.98,26321,8389,3.14,30.10%,31.33%,0.201372,2026-10-01
AEG,8.49,2027-04-16,197,Call,7.50,+11.66%,1.1,1.35,1.6,550,175,3.14,54.17%,38.82%,0.694365,2026-10-01
GLXY,23.02,2026-10-02,1,Call,24.00,-4.26%,0.04,0.12,0.17,846,270,3.13,81.57%,87.03%,0.186679,2026-10-01
NKE,35.15,2026-10-09,8,Put,35.50,+1.00%,1.84,2,2.23,2430,777,3.13,54.51%,88.92%,-0.503741,2026-10-01
MRNA,188.94,2026-10-02,1,Put,182.50,-3.41%,1.02,1.02,1.22,917,294,3.12,90.60%,88.28%,-0.218931,2026-10-01
DLTR,114.43,2026-12-18,78,Put,100.00,-12.61%,2.3,2.7,4.1,632,203,3.11,35.88%,44.75%,-0.214597,2026-10-01
CIM,9.37,2027-03-19,169,Call,10.00,-6.72%,0.35,0.41,0.45,1025,330,3.11,29.90%,32.82%,0.336834,2026-10-01
NKE,35.15,2026-10-02,1,Call,35.50,-1.00%,1.44,1.5,1.5,4615,1483,3.11,54.51%,222.40%,0.489155,2026-10-01
GOOGL,338.24,2026-10-02,1,Put,335.00,-0.96%,0.91,0.93,0.99,14361,4617,3.11,33.52%,31.46%,-0.274854,2026-10-01
TSLA,354.11,2026-10-02,1,Call,350.00,+1.16%,6.75,6.9,6.95,15221,4894,3.11,42.22%,60.87%,0.650171,2026-10-01
IBM,225.62,2026-10-02,1,Put,222.50,-1.38%,0.58,0.73,0.82,1141,368,3.1,40.09%,39.75%,-0.247963,2026-10-01
AAPL,330.32,2026-10-16,15,Call,327.50,+0.85%,7.85,8,8.3,596,193,3.09,25.20%,23.66%,0.592146,2026-10-01
CSCO,108.76,2026-10-02,1,Call,106.00,+2.54%,2.46,2.88,3.15,1216,393,3.09,36.08%,30.45%,0.947829,2026-10-01
C,127,2026-12-18,78,Put,100.00,-21.26%,0.57,0.71,0.76,5804,1877,3.09,32.90%,36.91%,-0.065534,2026-10-01
INTC,120,2026-10-02,1,Put,120.00,0.00%,1.69,1.69,1.73,15022,4879,3.08,67.00%,68.45%,-0.491982,2026-10-01
CVNA,63.04,2026-10-09,8,Call,66.00,-4.70%,1.06,1.11,1.19,652,212,3.08,68.78%,60.15%,0.322311,2026-10-01
RDDT,149.53,2026-10-02,1,Call,146.00,+2.36%,4.05,4.48,4.55,856,278,3.08,65.48%,66.77%,0.759357,2026-10-01
MRNA,188.94,2026-10-02,1,Put,195.00,+3.21%,7.05,7.4,7.75,1392,452,3.08,90.60%,89.84%,-0.741031,2026-10-01
BAC,53.73,2026-10-16,15,Put,52.00,-3.22%,0.66,0.69,0.72,1780,578,3.08,29.05%,32.71%,-0.296083,2026-10-01
RUM,7.64,2026-10-09,8,Put,12.50,+63.61%,4.5,4.7,5.3,982,320,3.07,86.92%,191.91%,-0.945172,2026-10-01
MU,1097.39,2026-10-02,1,Call,"1,165.00",-6.16%,1.48,1.53,1.56,2904,945,3.07,53.47%,78.55%,0.076195,2026-10-01
SPCX,148.07,2026-10-09,8,Call,155.00,-4.68%,1.21,1.22,1.24,19846,6461,3.07,46.15%,40.97%,0.238885,2026-10-01
PLTR,190.04,2026-10-02,1,Call,190.00,+0.02%,1.91,1.87,1.94,21628,7051,3.07,52.42%,47.76%,0.510046,2026-10-01
WMT,104.26,2026-10-02,1,Call,104.00,+0.25%,0.68,0.7,0.82,2666,872,3.06,27.80%,27.89%,0.572933,2026-10-01
MU,1097.39,2026-10-09,8,Put,"1,025.00",-6.60%,8.15,8.25,8.55,720,235,3.06,53.47%,52.25%,-0.175987,2026-10-01
COHR,319.19,2026-10-09,8,Call,320.00,-0.25%,11.9,12.67,15.4,1185,387,3.06,75.94%,73.80%,0.515647,2026-10-01
TTWO,203.62,2026-11-20,50,Put,175.00,-14.06%,3.4,4.08,4,600,197,3.05,46.90%,49.20%,-0.171221,2026-10-01
APLD,24.16,2026-10-09,8,Call,26.50,-9.69%,0.67,0.77,0.8,847,278,3.05,89.40%,109.86%,0.314925,2026-10-01
TSLA,354.11,2026-10-05,4,Call,355.00,-0.25%,5.3,5.5,5.5,5987,1963,3.05,42.22%,38.92%,0.487724,2026-10-01
GOOGL,338.24,2026-10-02,1,Put,340.00,+0.52%,2.99,3.3,3.4,13666,4481,3.05,33.52%,31.40%,-0.619104,2026-10-01
NVDA,230.86,2026-10-07,6,Call,237.50,-2.88%,0.97,0.96,1,3296,1085,3.04,34.15%,27.18%,0.217664,2026-10-01
GFL,40.43,2026-11-20,50,Call,42.50,-5.12%,2.65,3.4,3.6,550,181,3.04,64.22%,65.38%,0.474475,2026-10-01
COST,914.94,2026-11-06,36,Put,915.00,+0.01%,20.65,21.25,21.95,746,245,3.04,20.11%,19.70%,-0.472635,2026-10-01
AAPL,330.32,2026-10-05,4,Put,322.50,-2.37%,0.4,0.53,0.55,886,291,3.04,25.20%,20.85%,-0.130278,2026-10-01
BSP,32.5,2026-11-20,50,Call,35.00,-7.69%,2.4,2.69,2.95,972,320,3.04,71.62%,75.05%,0.456893,2026-10-01
AMAT,529.3,2026-10-02,1,Call,550.00,-3.91%,0.91,0.89,1,1838,604,3.04,56.94%,60.74%,0.117431,2026-10-01
BULL,7.03,2026-10-16,15,Call,7.00,+0.43%,0.31,0.35,0.37,591,195,3.03,59.70%,56.30%,0.54322,2026-10-01
SPCX,148.07,2026-10-09,8,Put,148.00,-0.05%,3.4,3.45,3.5,3763,1240,3.03,46.15%,40.51%,-0.480463,2026-10-01
BAC,53.73,2026-11-20,50,Put,65.00,+20.98%,10,11.15,12.55,5494,1814,3.03,29.05%,26.90%,-0.987103,2026-10-01
BAC,53.73,2026-10-16,15,Put,62.50,+16.32%,8.6,8.95,9,7229,2382,3.03,29.05%,39.59%,-0.971092,2026-10-01
GOOGL,338.24,2026-10-23,22,Call,350.00,-3.48%,5.4,5.4,5.65,3479,1153,3.02,33.52%,29.96%,0.345204,2026-10-01
HOOD,111.15,2026-10-02,1,Call,114.00,-2.56%,0.51,0.51,0.55,5976,1979,3.02,59.85%,66.11%,0.238424,2026-10-01
MU,1097.39,2026-10-02,1,Put,"1,010.00",-7.96%,0.21,0.23,0.25,6172,2044,3.02,53.47%,73.86%,-0.015073,2026-10-01
AMD,615.73,2026-10-02,1,Put,590.00,-4.18%,0.54,0.59,0.59,7053,2337,3.02,52.99%,55.94%,-0.070003,2026-10-01
CIFR,15.46,2026-10-30,29,Call,16.50,-6.73%,0.77,1.15,1.35,551,183,3.01,94.05%,84.00%,0.442924,2026-10-01
CAT,826.35,2026-12-18,78,Put,720.00,-12.87%,17.75,19.59,19.75,734,244,3.01,40.93%,41.02%,-0.196631,2026-10-01
TSLA,354.11,2026-10-09,8,Put,342.50,-3.28%,3.55,3.65,3.7,861,286,3.01,42.22%,40.06%,-0.272823,2026-10-01
XOM,163.82,2026-11-06,36,Put,160.00,-2.33%,3.75,4.21,4.65,1002,333,3.01,28.99%,29.66%,-0.376391,2026-10-01
MGM,30.47,2026-10-16,15,Put,39.00,+27.99%,7.4,7.4,9.8,3600,1197,3.01,38.42%,73.54%,-0.946944,2026-10-01
BSX,43.23,2027-01-15,106,Put,75.00,+73.49%,31.2,31.8,32.6,2100,700,3,41.54%,65.64%,-0.944206,2026-10-01
MCD,231.83,2027-01-15,106,Put,320.00,+38.03%,87.15,86.86,89.6,2145,715,3,23.25%,34.70%,-0.966084,2026-10-01
AMPX,9.61,2026-10-16,15,Put,21.00,+118.52%,10.9,11.2,11.7,2400,801,3,81.85%,174.53%,-0.983578,2026-10-01
MRVL,268.08,2026-10-02,1,Call,272.50,-1.65%,2.07,2.18,2.18,2580,860,3,64.56%,69.77%,0.334782,2026-10-01
TSM,459.2,2027-03-19,169,Call,520.00,-13.24%,26,26.7,27,3686,1228,3,33.59%,36.87%,0.378117,2026-10-01
PDD,76.5,2026-12-18,78,Put,110.00,+43.79%,33.25,33.25,33.8,6768,2256,3,34.20%,45.81%,-0.978011,2026-10-01
MARA,11.21,2026-10-02,1,Call,11.50,-2.59%,0.1,0.1,0.11,14961,4986,3,81.90%,92.75%,0.308649,2026-10-01
MCD,231.83,2026-12-18,78,Put,325.00,+40.19%,91.85,94.4,94.4,600,200,3,23.25%,49.15%,-0.91933,2026-10-01
NFLX,67.85,2026-12-18,78,Put,106.00,+56.23%,36,37.85,40,600,200,3,38.10%,53.18%,-0.983763,2026-10-01
NFLX,67.85,2027-01-15,106,Put,140.00,+106.34%,70.05,71.35,74.05,600,200,3,38.10%,73.33%,-0.982184,2026-10-01
LULU,95.86,2027-01-15,106,Put,175.00,+82.56%,77.95,77.95,79.65,666,222,3,42.44%,62.39%,-0.981603,2026-10-01
NFLX,67.85,2026-12-18,78,Put,110.00,+62.12%,40.05,41.75,44,708,236,3,38.10%,56.86%,-0.984329,2026-10-01
TTD,12.1,2027-01-15,106,Put,42.50,+251.24%,30.15,30.15,30.7,750,250,3,68.19%,127.11%,-0.971428,2026-10-01
NFLX,67.85,2027-01-15,106,Put,118.00,+73.91%,48,49.2,52,786,262,3,38.10%,58.31%,-0.980774,2026-10-01
TTD,12.1,2026-10-16,15,Put,22.50,+85.95%,9.2,10.7,11.25,792,264,3,68.19%,230.32%,-0.863986,2026-10-01
TTD,12.1,2026-11-20,50,Put,25.00,+106.61%,12.05,12.7,13.65,804,268,3,68.19%,99.44%,-0.977908,2026-10-01
AMPX,9.61,2026-10-16,15,Put,20.00,+108.12%,10.1,10.1,10.5,900,300,3,81.85%,165.18%,-0.982594,2026-10-01
TTD,12.1,2027-01-15,106,Put,47.50,+292.56%,34.6,34.8,36.35,952,317,3,68.19%,145.49%,-0.941703,2026-10-01
BSX,43.23,2027-01-15,106,Put,70.00,+61.92%,25.9,26.8,27.7,978,326,3,41.54%,54.10%,-0.972695,2026-10-01
GS,896.67,2026-10-02,1,Call,900.00,-0.37%,5.05,5.4,6,1141,380,3,34.37%,37.57%,0.429991,2026-10-01
TTD,12.1,2027-01-15,106,Put,35.00,+189.26%,22.05,22.9,23.3,1188,396,3,68.19%,0.00%,-1.,2026-10-01
NFLX,67.85,2026-12-18,78,Put,116.00,+70.97%,46,47.9,50,1200,400,3,38.10%,62.10%,-0.984907,2026-10-01
ADBE,241.28,2026-12-18,78,Put,380.00,+57.49%,135.8,136.01,140.95,1328,443,3,39.97%,53.26%,-0.985185,2026-10-01
NVDA,230.86,2027-04-16,197,Call,350.00,-51.61%,1.94,2.18,2.32,502,168,2.99,34.15%,35.77%,0.084758,2026-10-01
MU,1097.39,2029-01-19,841,Put,"1,070.00",-2.50%,284.25,292.75,294.85,526,176,2.99,53.47%,56.33%,-0.30345,2026-10-01
NFLX,67.85,2027-01-15,106,Put,120.00,+76.86%,50,51.2,53.9,584,195,2.99,38.10%,59.80%,-0.980971,2026-10-01
NFLX,67.85,2027-01-15,106,Put,102.00,+50.33%,32.05,33.75,36.05,1344,449,2.99,38.10%,45.25%,-0.978288,2026-10-01
MU,1097.39,2026-12-18,78,Call,"1,200.00",-9.35%,74.25,75.63,76,12499,4175,2.99,53.47%,54.97%,0.423955,2026-10-01
MGM,30.47,2026-10-16,15,Put,40.00,+31.28%,8.1,8.35,10,3226,1084,2.98,38.42%,65.76%,-0.983913,2026-10-01
INTC,120,2026-10-12,11,Call,120.00,0.00%,4.7,5,4.9,561,189,2.97,67.00%,57.06%,0.523896,2026-10-01
GOOG,334.93,2026-11-06,36,Put,310.00,-7.44%,4.75,4.9,5.05,586,197,2.97,32.75%,35.45%,-0.217832,2026-10-01
SKHY,193.5,2026-10-09,8,Call,205.00,-5.94%,2.13,2.17,2.21,687,231,2.97,56.77%,53.36%,0.247992,2026-10-01
AMZN,248.23,2026-10-02,1,Put,247.50,-0.29%,1.16,1.18,1.21,19959,6720,2.97,34.59%,29.61%,-0.419337,2026-10-01
HL,17,2026-10-02,1,Call,17.00,0.00%,0.19,0.24,0.3,2196,741,2.96,57.13%,68.78%,0.508331,2026-10-01
WFC,80.25,2026-10-16,15,Call,84.00,-4.67%,0.89,0.95,1,2351,794,2.96,31.25%,35.36%,0.276226,2026-10-01
DJT,8.79,2026-10-09,8,Call,9.50,-8.08%,0.06,0.18,0.24,782,264,2.96,60.43%,75.76%,0.264678,2026-10-01
NVO,37.4,2027-01-15,106,Put,65.00,+73.80%,25.9,27.35,29.05,1014,343,2.96,35.77%,50.04%,-0.987144,2026-10-01
META,725.93,2026-10-05,4,Call,750.00,-3.32%,2.18,2.08,2.22,2476,838,2.95,40.62%,31.94%,0.171746,2026-10-01
TSLA,354.11,2026-10-09,8,Call,375.00,-5.90%,2.13,2.2,2.26,10486,3550,2.95,42.22%,41.68%,0.188257,2026-10-01
INTC,120,2026-10-02,1,Call,120.00,0.00%,1.76,1.75,1.8,30997,10496,2.95,67.00%,70.82%,0.508412,2026-10-01
NFLX,67.85,2026-10-16,15,Put,85.00,+25.28%,17.05,16.5,17.35,3069,1044,2.94,38.10%,59.84%,-0.970701,2026-10-01
TSLA,354.11,2026-10-02,1,Call,347.50,+1.87%,8.45,8.43,8.7,3579,1217,2.94,42.22%,61.31%,0.72795,2026-10-01
SNDK,1787.69,2026-10-09,8,Call,"1,850.00",-3.49%,40.7,42.55,43.5,789,268,2.94,67.99%,63.55%,0.379005,2026-10-01
LUMN,5.59,2026-11-20,50,Call,7.00,-25.22%,0.13,0.21,0.21,1489,507,2.94,68.59%,73.01%,0.221603,2026-10-01
NKE,35.15,2026-10-09,8,Call,35.50,-1.00%,1.4,1.64,1.66,1680,571,2.94,54.51%,81.66%,0.490617,2026-10-01
BABA,107.45,2027-01-15,106,Put,180.00,+67.52%,71.4,71.41,73.65,1764,601,2.94,38.97%,46.93%,-0.989113,2026-10-01
AMD,615.73,2026-10-05,4,Call,612.50,+0.52%,11.75,12.61,12.4,548,187,2.93,52.99%,39.92%,0.562369,2026-10-01
UBER,67.88,2026-10-09,8,Call,68.00,-0.18%,1.2,1.21,1.33,625,213,2.93,37.21%,32.31%,0.50192,2026-10-01
CIFR,15.46,2027-01-15,106,Put,13.00,-15.91%,1.46,1.74,1.81,2582,882,2.93,94.05%,91.18%,-0.268165,2026-10-01
AAPL,330.32,2026-10-05,4,Call,335.00,-1.42%,1.08,1.12,1.16,5843,1994,2.93,25.20%,20.39%,0.264282,2026-10-01
PDD,76.5,2026-10-16,15,Put,90.00,+17.65%,13,13.55,13.8,5960,2040,2.92,34.20%,45.35%,-0.965424,2026-10-01
MSTR,160.5,2026-10-02,1,Put,157.50,-1.87%,1.21,1.25,1.28,6315,2160,2.92,67.29%,74.25%,-0.305933,2026-10-01
BA,192.28,2026-10-02,1,Put,185.00,-3.79%,0.17,0.16,0.18,9690,3323,2.92,36.75%,51.58%,-0.074517,2026-10-01
BA,192.28,2026-10-02,1,Call,192.50,-0.11%,1.82,2.1,2.05,10940,3741,2.92,36.75%,50.88%,0.488035,2026-10-01
SNDK,1787.69,2026-10-02,1,Call,"1,870.00",-4.60%,2.7,5.4,5.9,693,237,2.92,67.99%,73.92%,0.126855,2026-10-01
DKNG,19.35,2026-10-09,8,Call,19.00,+1.81%,0.8,0.85,0.9,1087,372,2.92,64.29%,57.49%,0.605293,2026-10-01
BE,277.58,2026-10-16,15,Call,275.00,+0.93%,17,17.6,17.25,1465,501,2.92,79.43%,69.79%,0.558849,2026-10-01
MCD,231.83,2027-01-15,106,Put,330.00,+42.35%,97.55,98,99.4,637,219,2.91,23.25%,38.64%,-0.960901,2026-10-01
SNDK,1787.69,2026-10-02,1,Call,"1,755.00",+1.83%,44.4,48.49,47.7,737,253,2.91,67.99%,71.44%,0.696775,2026-10-01
CVNA,63.04,2026-11-20,50,Call,66.00,-4.70%,5.3,5.46,5.85,1183,407,2.91,68.78%,71.76%,0.492254,2026-10-01
BA,192.28,2026-10-16,15,Call,187.50,+2.49%,8.1,9.15,9.05,1265,434,2.91,36.75%,38.46%,0.640079,2026-10-01
APLD,24.16,2026-10-02,1,Call,24.50,-1.41%,0.23,0.25,0.27,2821,973,2.9,89.40%,77.97%,0.374683,2026-10-01
BABA,107.45,2026-12-18,78,Put,180.00,+67.52%,71.6,73.15,73,679,234,2.9,38.97%,68.32%,-0.933724,2026-10-01
MSFT,512.8,2026-10-05,4,Call,515.00,-0.43%,3.65,3.78,4.4,775,267,2.9,30.10%,23.16%,0.440325,2026-10-01
LITE,1045.78,2026-10-16,15,Call,"1,050.00",-0.40%,57.5,56.3,59.3,860,298,2.89,76.12%,70.52%,0.521726,2026-10-01
NVO,37.4,2027-01-15,106,Put,70.00,+87.17%,31.55,32.38,33.25,1042,361,2.89,35.77%,56.50%,-0.986966,2026-10-01
WULF,14.91,2026-10-02,1,Put,17.00,+14.02%,2.04,2.2,2.3,1250,432,2.89,81.86%,192.70%,-0.894796,2026-10-01
MU,1097.39,2026-10-09,8,Call,"1,070.00",+2.50%,49.15,51,51.6,2285,790,2.89,53.47%,53.78%,0.643509,2026-10-01
TIGO,85.61,2026-11-20,50,Call,100.00,-16.81%,1.75,1.75,1.95,2886,1000,2.89,47.37%,49.28%,0.223647,2026-10-01
GOOGL,338.24,2026-10-09,8,Call,345.00,-2.00%,3.25,3.3,3.4,4662,1614,2.89,33.52%,29.85%,0.341732,2026-10-01
SPCX,148.07,2026-10-09,8,Put,146.00,-1.40%,2.51,2.56,2.56,3571,1239,2.88,46.15%,40.54%,-0.391093,2026-10-01
NVDA,230.86,2026-10-05,4,Call,230.00,+0.37%,2.93,3,2.99,18751,6509,2.88,34.15%,25.54%,0.566341,2026-10-01
INTC,120,2026-10-05,4,Put,117.00,-2.50%,1.24,1.2,1.3,744,258,2.88,67.00%,50.57%,-0.304656,2026-10-01
IBM,225.62,2026-10-09,8,Call,237.50,-5.27%,0.92,1,1.13,858,298,2.88,40.09%,35.00%,0.16831,2026-10-01
ON,80.08,2026-12-18,78,Call,90.00,-12.39%,5.1,5.4,6.55,1128,392,2.88,60.11%,62.57%,0.409153,2026-10-01
TSM,459.2,2026-10-09,8,Call,465.00,-1.26%,5.4,5.65,5.8,1302,452,2.88,33.59%,29.50%,0.401251,2026-10-01
OKTA,212.63,2026-11-20,50,Call,280.00,-31.68%,1.97,3.05,3.55,513,179,2.87,57.67%,59.00%,0.13001,2026-10-01
MSFT,512.8,2026-10-07,6,Call,530.00,-3.35%,1.22,1.2,1.45,595,207,2.87,30.10%,24.86%,0.15793,2026-10-01
SPCX,148.07,2026-10-09,8,Call,152.50,-2.99%,1.85,1.86,1.89,8688,3022,2.87,46.15%,40.82%,0.328699,2026-10-01
GOOGL,338.24,2026-10-07,6,Call,345.00,-2.00%,2.05,2.31,2.45,1725,603,2.86,33.52%,27.69%,0.300533,2026-10-01
CMCSA,21.7,2027-04-16,197,Put,23.00,+5.99%,3,3.23,3.35,1002,352,2.85,35.71%,37.39%,-0.526582,2026-10-01
GOOGL,338.24,2026-10-16,15,Call,357.50,-5.69%,2.04,2.22,2.4,2337,820,2.85,33.52%,30.23%,0.197977,2026-10-01
MU,1097.39,2026-10-02,1,Put,"1,072.50",-2.27%,5.55,5.7,5.75,2121,746,2.84,53.47%,65.94%,-0.24675,2026-10-01
GOOGL,338.24,2026-10-02,1,Call,352.50,-4.22%,0.12,0.13,0.14,13341,4698,2.84,33.52%,44.87%,0.040744,2026-10-01
AMD,615.73,2026-10-05,4,Call,632.50,-2.72%,4.15,4.7,4.5,545,192,2.84,52.99%,40.66%,0.274202,2026-10-01
MU,1097.39,2026-10-09,8,Call,"1,065.00",+2.95%,51.55,53,54,559,197,2.84,53.47%,52.56%,0.668132,2026-10-01
OKLO,36.14,2027-06-17,259,Call,60.00,-66.02%,3.85,4,4.2,604,213,2.84,72.26%,78.22%,0.346909,2026-10-01
CIFR,15.46,2026-10-23,22,Call,17.00,-9.96%,0.65,0.64,0.94,985,347,2.84,94.05%,89.74%,0.378184,2026-10-01
WFC,80.25,2026-10-09,8,Put,79.00,-1.56%,0.55,0.7,0.65,995,350,2.84,31.25%,23.90%,-0.319361,2026-10-01
NVDA,230.86,2026-10-07,6,Call,217.50,+5.79%,13.15,14.93,15.05,1007,355,2.84,34.15%,38.88%,0.890992,2026-10-01
WMT,104.26,2026-10-16,15,Put,104.00,-0.25%,1.47,1.64,1.87,1007,354,2.84,27.80%,21.98%,-0.460356,2026-10-01
F,12.27,2026-10-30,29,Put,11.00,-10.35%,0.08,0.14,0.14,758,268,2.83,36.56%,39.19%,-0.149048,2026-10-01
MGM,30.47,2026-10-16,15,Put,41.00,+34.56%,9.4,10.5,11.6,901,318,2.83,38.42%,70.76%,-0.984791,2026-10-01
IBM,225.62,2026-10-02,1,Call,232.50,-3.05%,0.29,0.32,0.34,2828,1001,2.83,40.09%,47.51%,0.116112,2026-10-01
MU,1097.39,2026-10-02,1,Call,"1,205.00",-9.81%,0.5,0.51,0.54,2841,1009,2.82,53.47%,91.13%,0.026498,2026-10-01
C,127,2026-11-20,50,Put,110.00,-13.39%,0.93,1,1.07,7170,2540,2.82,32.90%,35.12%,-0.11697,2026-10-01
ORCL,138.07,2026-10-02,1,Call,140.00,-1.40%,0.82,0.84,0.89,19610,6963,2.82,51.15%,56.48%,0.325403,2026-10-01
TSM,459.2,2027-12-17,442,Call,680.00,-48.08%,28.25,28.4,30.65,500,177,2.82,33.59%,40.40%,0.285315,2026-10-01
AGNC,8.95,2029-01-19,841,Put,10.00,+11.73%,2.71,3.15,3.2,535,190,2.82,29.86%,46.49%,-0.401129,2026-10-01
CRCL,82.91,2026-10-09,8,Put,88.00,+6.14%,4.9,5.74,7.4,584,207,2.82,72.11%,59.22%,-0.736092,2026-10-01
C,127,2026-10-09,8,Put,123.00,-3.15%,0.71,0.75,0.84,644,228,2.82,32.90%,30.36%,-0.228822,2026-10-01
TSLA,354.11,2026-10-05,4,Call,387.50,-9.43%,0.24,0.24,0.25,830,294,2.82,42.22%,46.97%,0.036001,2026-10-01
ECHO,88.25,2027-01-15,106,Put,150.00,+69.97%,59.8,62.2,63.5,1005,357,2.82,43.83%,66.89%,-0.924262,2026-10-01
HD,282.46,2026-11-20,50,Put,255.00,-9.72%,2.8,3.22,3.6,1021,362,2.82,30.49%,31.46%,-0.171803,2026-10-01
MU,1097.39,2026-10-02,1,Call,"1,185.00",-7.98%,0.83,0.87,0.89,1740,618,2.82,53.47%,84.71%,0.043852,2026-10-01
META,725.93,2026-10-05,4,Put,725.00,-0.13%,8.45,8.83,8.65,604,215,2.81,40.62%,30.14%,-0.473503,2026-10-01
CRWV,88.57,2026-10-16,15,Put,83.00,-6.29%,2.35,2.4,2.46,776,276,2.81,76.24%,68.07%,-0.291255,2026-10-01
SNDK,1787.69,2026-10-02,1,Put,"1,800.00",+0.69%,32.5,32,34,1123,400,2.81,67.99%,71.40%,-0.564635,2026-10-01
NBIS,232.28,2026-10-02,1,Call,247.50,-6.55%,0.42,0.48,0.51,1577,562,2.81,81.28%,89.90%,0.092917,2026-10-01
NVDA,230.86,2026-10-07,6,Put,220.00,-4.70%,0.5,0.51,0.52,2648,941,2.81,34.15%,31.61%,-0.110804,2026-10-01
AMD,615.73,2026-10-02,1,Put,602.50,-2.15%,1.98,2.15,2.14,3364,1199,2.81,52.99%,52.79%,-0.210852,2026-10-01
MU,1097.39,2026-10-02,1,Call,"1,200.00",-9.35%,0.55,0.58,0.6,35803,12742,2.81,53.47%,89.22%,0.029492,2026-10-01
JPM,333.18,2026-10-02,1,Call,335.00,-0.55%,1.11,1.18,1.34,2414,863,2.8,26.80%,28.64%,0.362342,2026-10-01
NVO,37.4,2027-01-15,106,Put,60.00,+60.43%,22.2,22.65,22.8,2511,897,2.8,35.77%,47.25%,-0.966809,2026-10-01
QURE,23.37,2026-10-16,15,Put,50.00,+113.95%,24.8,24.8,27.8,540,193,2.8,91.33%,161.38%,-0.989875,2026-10-01
MU,1097.39,2026-10-05,4,Put,"1,080.00",-1.58%,13.3,13.35,13.65,582,208,2.8,53.47%,46.63%,-0.3598,2026-10-01
AMD,615.73,2026-10-09,8,Put,552.50,-10.27%,1.41,1.59,1.62,683,244,2.8,52.99%,51.46%,-0.070693,2026-10-01
CVX,207.1,2026-10-09,8,Put,200.00,-3.43%,0.73,0.77,0.87,747,267,2.8,27.49%,26.33%,-0.179468,2026-10-01
SNDK,1787.69,2026-10-09,8,Call,"1,800.00",-0.69%,60,61.5,63,1171,420,2.79,67.99%,63.06%,0.492932,2026-10-01
B,40.1,2026-10-30,29,Call,43.00,-7.23%,0.65,0.69,0.89,1401,503,2.79,39.50%,39.69%,0.289748,2026-10-01
INTC,120,2026-10-09,8,Call,116.00,+3.33%,6.55,6.6,6.7,1453,520,2.79,67.00%,61.38%,0.665235,2026-10-01
GOOG,334.93,2026-10-09,8,Call,340.00,-1.51%,3.7,3.75,3.8,2986,1072,2.79,32.75%,29.31%,0.37968,2026-10-01
BRK.B,500.5,2026-10-16,15,Call,505.00,-0.90%,3.6,4,4.25,3354,1202,2.79,15.34%,13.73%,0.401199,2026-10-01
MARA,11.21,2026-10-02,1,Call,11.00,+1.87%,0.32,0.33,0.34,6373,2291,2.78,81.90%,89.52%,0.666167,2026-10-01
MCD,231.83,2026-10-02,1,Call,230.00,+0.79%,1.94,2.29,2.55,570,205,2.78,23.25%,22.63%,0.750635,2026-10-01
UAL,111.78,2026-10-16,15,Call,116.00,-3.78%,3,3.2,3.4,619,223,2.78,50.62%,55.35%,0.386812,2026-10-01
AMD,615.73,2026-10-09,8,Put,475.00,-22.86%,0.12,0.29,0.48,687,247,2.78,52.99%,79.46%,-0.011571,2026-10-01
HOOD,111.15,2026-10-16,15,Call,113.00,-1.66%,4.15,4.2,4.3,706,254,2.78,59.85%,55.41%,0.469481,2026-10-01
AAPL,330.32,2026-10-07,6,Put,325.00,-1.61%,1.59,1.7,1.75,1277,460,2.78,25.20%,22.69%,-0.277513,2026-10-01
MU,1097.39,2026-10-05,4,Call,"1,065.00",+2.95%,40.4,40.92,43.3,1311,472,2.78,53.47%,47.79%,0.736408,2026-10-01
GM,79.31,2026-10-30,29,Call,80.00,-0.87%,3.2,2.95,4.4,542,196,2.77,36.30%,45.28%,0.50543,2026-10-01
LQDA,27.99,2027-01-15,106,Call,25.00,+10.68%,7.6,6.9,8,1059,382,2.77,141.41%,107.77%,0.69353,2026-10-01
CBRS,169.52,2026-10-09,8,Put,170.00,+0.28%,6,7,8,1253,453,2.77,72.19%,68.10%,-0.48841,2026-10-01
CRCL,82.91,2026-10-02,1,Call,85.00,-2.52%,0.53,0.58,0.6,3728,1348,2.77,72.11%,77.57%,0.277484,2026-10-01
CCL,25.07,2026-12-18,78,Call,25.00,+0.28%,1.95,1.99,2.09,8512,3071,2.77,41.37%,42.40%,0.548931,2026-10-01
QSR,69.76,2026-10-16,15,Call,75.00,-7.51%,0.05,0.16,0.25,12630,4554,2.77,26.91%,26.07%,0.089651,2026-10-01
NKE,35.15,2026-10-02,1,Put,32.00,-8.96%,0.38,0.38,0.39,13116,4734,2.77,54.51%,206.46%,-0.178037,2026-10-01
HOOD,111.15,2026-10-02,1,Call,115.00,-3.46%,0.35,0.34,0.37,14956,5395,2.77,59.85%,67.61%,0.173191,2026-10-01
NFLX,67.85,2026-10-09,8,Put,66.00,-2.73%,0.42,0.44,0.45,1925,697,2.76,38.10%,28.92%,-0.246819,2026-10-01
DELL,541.74,2026-10-02,1,Put,527.50,-2.63%,1.86,2.15,2.36,639,232,2.75,59.95%,63.37%,-0.205456,2026-10-01
ALAB,356.42,2026-10-02,1,Call,365.00,-2.41%,8.45,9.4,10.55,711,259,2.75,87.65%,177.16%,0.417205,2026-10-01
INSP,70.78,2026-10-16,15,Call,85.00,-20.09%,0,0.25,0.55,1024,372,2.75,71.81%,59.70%,0.07508,2026-10-01
TTD,12.1,2027-01-15,106,Put,60.00,+395.87%,47.3,47.75,48.15,1118,407,2.75,68.19%,152.90%,-0.977391,2026-10-01
LQDA,27.99,2026-10-02,1,Put,25.00,-10.68%,0.05,0.17,0.2,1278,464,2.75,141.41%,174.40%,-0.099503,2026-10-01
CRDO,210.17,2026-10-02,1,Put,205.00,-2.46%,1.95,2.19,2.6,1458,531,2.75,78.23%,101.31%,-0.309237,2026-10-01
UBER,67.88,2026-10-09,8,Put,66.00,-2.77%,0.46,0.48,0.53,1892,687,2.75,37.21%,31.03%,-0.257633,2026-10-01
GOOG,334.93,2026-10-02,1,Put,335.00,+0.02%,2.16,2.18,2.28,5990,2182,2.75,32.75%,31.45%,-0.499832,2026-10-01
INTC,120,2026-10-02,1,Put,117.00,-2.50%,0.59,0.59,0.62,6913,2515,2.75,67.00%,68.85%,-0.234852,2026-10-01
CRCL,82.91,2026-11-20,50,Call,150.00,-80.92%,0.47,0.49,0.61,2179,794,2.74,72.11%,88.99%,0.05276,2026-10-01
IREN,40.65,2027-02-19,141,Call,70.00,-72.20%,1.9,2.28,2.4,2701,986,2.74,78.09%,83.21%,0.2233,2026-10-01
GPRO,1.33,2026-11-20,50,Call,1.5000,-12.78%,0.05,0.1,0.1,3348,1223,2.74,84.14%,68.14%,0.370993,2026-10-01
GOOG,334.93,2026-10-02,1,Call,347.50,-3.75%,0.14,0.16,0.18,5013,1831,2.74,32.75%,42.72%,0.051316,2026-10-01
NKE,35.15,2026-10-02,1,Put,30.50,-13.23%,0.13,0.14,0.14,5260,1919,2.74,54.51%,198.72%,-0.07836,2026-10-01
SKHY,193.5,2026-10-02,1,Call,195.00,-0.78%,1.81,1.83,1.9,9975,3644,2.74,56.77%,62.29%,0.413958,2026-10-01
NVDA,230.86,2026-10-12,11,Put,230.00,-0.37%,3.65,3.91,4,602,220,2.74,34.15%,27.21%,-0.452106,2026-10-01
TSLA,354.11,2026-10-12,11,Call,360.00,-1.66%,6.7,6.75,6.9,706,258,2.74,42.22%,37.55%,0.419764,2026-10-01
MRNA,188.94,2026-10-02,1,Call,192.50,-1.88%,2.09,2.17,2.34,1196,436,2.74,90.60%,93.43%,0.361238,2026-10-01
QSI,1.43,2026-10-16,15,Call,1.5000,-4.90%,0.15,0.2,0.2,1535,561,2.74,181.47%,175.86%,0.519403,2026-10-01
BKNG,160.28,2026-11-20,50,Put,220.00,+37.26%,51.4,56.6,67.5,545,200,2.73,41.96%,43.89%,-0.988964,2026-10-01
RDW,10.57,2026-10-09,8,Call,11.00,-4.07%,0.25,0.36,0.4,548,201,2.73,86.67%,79.82%,0.39312,2026-10-01
WMB,69.22,2026-10-16,15,Put,69.00,-0.32%,1.25,1.32,1.35,562,206,2.73,28.76%,25.40%,-0.46236,2026-10-01
CLSK,12.52,2026-11-20,50,Put,11.00,-12.14%,0.57,0.73,0.75,1058,387,2.73,78.83%,75.27%,-0.267471,2026-10-01
PEP,125.6,2026-10-02,1,Put,126.00,+0.32%,0.24,0.7,1.2,1165,426,2.73,25.63%,18.77%,-0.625759,2026-10-01
SKM,35.59,2026-11-20,50,Call,50.00,-40.49%,0.3,0.38,0.45,4917,1802,2.73,55.63%,65.53%,0.100823,2026-10-01
AMZN,248.23,2026-10-02,1,Put,242.50,-2.31%,0.14,0.18,0.16,8935,3289,2.72,34.59%,31.97%,-0.079261,2026-10-01
BHP,84.65,2026-11-20,50,Call,82.50,+2.54%,5.6,5.1,5.9,862,317,2.72,34.60%,39.75%,0.581768,2026-10-01
TSLA,354.11,2026-10-07,6,Call,355.00,-0.25%,6.9,7.05,7.2,1239,455,2.72,42.22%,40.70%,0.496102,2026-10-01
SKHY,193.5,2026-10-09,8,Call,195.00,-0.78%,5.25,5.32,5.4,1392,511,2.72,56.77%,52.07%,0.479759,2026-10-01
LITE,1045.78,2026-10-02,1,Call,"1,110.00",-6.14%,1.7,1.25,2.1,569,210,2.71,76.12%,83.73%,0.09083,2026-10-01
CIEN,379.14,2026-10-09,8,Call,390.00,-2.86%,8.1,10,11.6,650,240,2.71,64.23%,63.94%,0.404373,2026-10-01
TSLA,354.11,2026-10-09,8,Put,362.50,+2.37%,13,13.12,13.35,776,286,2.71,42.22%,40.18%,-0.638632,2026-10-01
WMT,104.26,2026-10-02,1,Put,104.00,-0.25%,0.37,0.42,0.46,5601,2067,2.71,27.80%,24.75%,-0.418992,2026-10-01
META,725.93,2026-10-02,1,Put,710.00,-2.19%,1.3,1.35,1.34,5845,2168,2.7,40.62%,42.43%,-0.155196,2026-10-01
SNDK,1787.69,2026-10-02,1,Call,"1,900.00",-6.28%,3,3.2,3.5,9190,3406,2.7,67.99%,85.12%,0.089649,2026-10-01
MU,1097.39,2026-10-05,4,Put,990.00,-9.79%,0.59,0.59,0.66,514,191,2.69,53.47%,51.94%,-0.026915,2026-10-01
CIFR,15.46,2026-10-02,1,Call,14.50,+6.21%,0.74,1.02,1.23,634,236,2.69,94.05%,86.13%,0.926047,2026-10-01
MU,1097.39,2026-10-23,22,Call,"1,070.00",+2.50%,69.05,71,73,788,293,2.69,53.47%,51.74%,0.610526,2026-10-01
CSCO,108.76,2026-10-16,15,Call,87.50,+19.55%,20.75,21,23.05,901,335,2.69,36.08%,77.39%,0.928782,2026-10-01
GOOG,334.93,2026-10-09,8,Call,345.00,-3.01%,2.27,2.39,2.39,2359,879,2.68,32.75%,29.89%,0.264519,2026-10-01
NFLX,67.85,2026-12-18,78,Put,107.00,+57.70%,37.05,39.01,41,3246,1210,2.68,38.10%,54.12%,-0.983916,2026-10-01
MU,1097.39,2026-10-16,15,Put,975.00,-11.15%,7.15,7.4,7.6,753,281,2.68,53.47%,52.94%,-0.121202,2026-10-01
MU,1097.39,2026-11-20,50,Put,810.00,-26.19%,5.65,5.95,6.25,1789,667,2.68,53.47%,56.25%,-0.056328,2026-10-01
VKTX,30.51,2026-10-02,1,Call,30.50,+0.03%,0.28,0.49,0.6,649,243,2.67,62.61%,68.04%,0.511969,2026-10-01
MRNA,188.94,2026-10-02,1,Put,197.50,+4.53%,9.05,8.68,10.55,664,249,2.67,90.60%,104.72%,-0.782299,2026-10-01
AMZN,248.23,2026-10-07,6,Call,252.50,-1.72%,1.63,1.77,1.81,976,366,2.67,34.59%,26.44%,0.320143,2026-10-01
COIN,189.29,2026-10-02,1,Call,195.00,-3.02%,0.93,1,1,5156,1930,2.67,63.46%,74.45%,0.229475,2026-10-01
MU,1097.39,2026-10-09,8,Put,990.00,-9.79%,3.5,3.97,3.85,762,287,2.66,53.47%,53.50%,-0.088549,2026-10-01
MRNA,188.94,2026-10-02,1,Put,177.50,-6.05%,0.36,0.41,0.41,1344,506,2.66,90.60%,90.94%,-0.090433,2026-10-01
GIS,31.67,2026-11-20,50,Call,35.00,-10.51%,0.35,0.38,0.45,1564,587,2.66,33.98%,31.78%,0.202474,2026-10-01
JPM,333.18,2026-10-09,8,Call,335.00,-0.55%,3,3.21,3.25,1643,618,2.66,26.80%,19.78%,0.437993,2026-10-01
HUM,379.68,2027-02-19,141,Put,200.00,-47.32%,0.65,2.02,3.4,564,213,2.65,66.18%,62.61%,-0.030528,2026-10-01
WFC,80.25,2026-10-02,1,Call,80.00,+0.31%,0.55,0.67,0.7,2027,764,2.65,31.25%,29.17%,0.584907,2026-10-01
GOOGL,338.24,2026-10-09,8,Put,290.00,-14.26%,0.04,0.1,0.17,670,254,2.64,33.52%,47.31%,-0.01247,2026-10-01
LITE,1045.78,2026-10-02,1,Call,"1,050.00",-0.40%,14.8,15.9,16.6,2805,1064,2.64,76.12%,80.80%,0.471474,2026-10-01
TSLA,354.11,2026-10-05,4,Call,370.00,-4.49%,1.2,1.21,1.23,7220,2734,2.64,42.22%,40.47%,0.157445,2026-10-01
NFLX,67.85,2026-12-18,78,Put,100.00,+47.38%,30,31.65,32.6,2668,1014,2.63,38.10%,47.34%,-0.9829,2026-10-01
PAX,10.14,2026-11-20,50,Call,12.50,-23.27%,0.05,0.1,0.15,500,190,2.63,46.43%,46.38%,0.12433,2026-10-01
CRCL,82.91,2027-04-16,197,Call,100.00,-20.61%,12.3,13,15,657,250,2.63,72.11%,77.49%,0.498491,2026-10-01
BA,192.28,2026-10-09,8,Put,182.50,-5.09%,0.72,0.63,0.93,726,276,2.63,36.75%,35.40%,-0.153438,2026-10-01
RARE,14.75,2026-12-18,78,Call,17.50,-18.64%,0.75,1.3,1.3,946,360,2.63,57.01%,70.43%,0.368361,2026-10-01
KEY,20.05,2029-01-19,841,Call,25.00,-24.69%,1.7,1.83,2.05,1162,441,2.63,26.82%,28.97%,0.375746,2026-10-01
C,127,2026-10-02,1,Put,125.00,-1.57%,0.28,0.29,0.42,1637,622,2.63,32.90%,40.51%,-0.223221,2026-10-01
UNH,365.2,2026-10-09,8,Call,380.00,-4.05%,2.56,2.78,2.92,1652,629,2.63,41.06%,36.55%,0.241299,2026-10-01
HD,282.46,2026-10-09,8,Call,297.50,-5.32%,0.49,0.65,0.75,816,311,2.62,30.49%,28.13%,0.110844,2026-10-01
NKE,35.15,2026-10-02,1,Call,41.00,-16.64%,0.21,0.22,0.23,8410,3215,2.62,54.51%,230.76%,0.11229,2026-10-01
MAT,15.04,2026-10-16,15,Call,17.00,-13.03%,0.35,0.35,0.55,10641,4065,2.62,62.79%,91.39%,0.284383,2026-10-01
ARM,292.34,2026-10-02,1,Call,300.00,-2.62%,1.75,1.82,1.9,3244,1243,2.61,70.74%,75.75%,0.264369,2026-10-01
NVDA,230.86,2026-10-09,8,Call,235.00,-1.79%,2.32,2.36,2.38,33128,12707,2.61,34.15%,29.27%,0.355259,2026-10-01
C,127,2026-10-09,8,Put,122.00,-3.94%,0.53,0.57,0.63,713,273,2.61,32.90%,30.77%,-0.180727,2026-10-01
AMZN,248.23,2026-10-02,1,Call,225.00,+9.36%,22.9,23.51,24.45,1472,565,2.61,34.59%,123.17%,0.94038,2026-10-01
RIVN,14.76,2026-10-23,22,Call,15.50,-5.01%,0.54,0.54,0.59,1684,645,2.61,63.18%,58.98%,0.40157,2026-10-01
VALE,13.45,2026-10-09,8,Put,13.00,-3.35%,0.16,0.22,0.22,2224,854,2.6,40.52%,47.93%,-0.301551,2026-10-01
CRM,236.69,2028-01-21,477,Put,200.00,-15.50%,24,24.71,24.85,2500,961,2.6,39.37%,45.05%,-0.255125,2026-10-01
META,725.93,2026-10-02,1,Call,740.00,-1.94%,1.92,1.95,1.97,16863,6490,2.6,40.62%,44.17%,0.207658,2026-10-01
ECHO,88.25,2026-12-18,78,Put,150.00,+69.97%,61.2,62.5,62.4,2265,875,2.59,43.83%,63.91%,-0.979182,2026-10-01
BMY,61.46,2026-11-20,50,Put,60.00,-2.38%,2.61,2.66,2.75,3009,1163,2.59,33.42%,37.63%,-0.402624,2026-10-01
GOOG,334.93,2026-10-09,8,Call,360.00,-7.49%,0.54,0.57,0.59,5904,2283,2.59,32.75%,33.31%,0.077387,2026-10-01
NVDA,230.86,2026-10-09,8,Call,232.50,-0.71%,3.3,3.37,3.45,8059,3116,2.59,34.15%,29.73%,0.451544,2026-10-01
CRCL,82.91,2026-10-02,1,Call,82.00,+1.10%,1.68,1.98,2.13,524,202,2.59,72.11%,81.20%,0.611591,2026-10-01
META,725.93,2026-10-09,8,Put,665.00,-8.39%,1.16,1.19,1.32,560,216,2.59,40.62%,40.11%,-0.064458,2026-10-01
ACN,212.3,2026-10-16,15,Call,230.00,-8.34%,2.25,2.4,2.85,706,273,2.59,44.06%,48.45%,0.222543,2026-10-01
NUAI,6.37,2027-01-15,106,Put,5.00,-21.51%,0.7,0.72,0.8,761,294,2.59,114.98%,112.73%,-0.236224,2026-10-01
MU,1097.39,2026-10-09,8,Call,"1,075.00",+2.04%,45.15,47.6,47.4,970,375,2.59,53.47%,52.01%,0.624435,2026-10-01
TWLO,301.27,2026-10-02,1,Call,310.00,-2.90%,1.55,2.1,2.55,515,200,2.58,69.34%,83.10%,0.263477,2026-10-01
IONS,44,2026-10-16,15,Put,57.50,+30.68%,11.4,12.59,14,700,271,2.58,49.83%,63.50%,-0.985969,2026-10-01
TSLA,354.11,2026-10-09,8,Put,352.50,-0.45%,7.35,7.39,7.5,871,338,2.58,42.22%,39.94%,-0.452935,2026-10-01
MSFT,512.8,2026-10-02,1,Put,510.00,-0.55%,1.78,2,1.95,9882,3829,2.58,30.10%,28.83%,-0.353696,2026-10-01
TSLA,354.11,2026-10-09,8,Put,360.00,+1.66%,11.4,11.44,11.7,2924,1138,2.57,42.22%,40.04%,-0.594285,2026-10-01
MSTR,160.5,2026-10-02,1,Put,150.00,-6.54%,0.12,0.12,0.13,23588,9168,2.57,67.29%,77.66%,-0.045774,2026-10-01
PM,188.18,2028-01-21,477,Call,100.00,+46.86%,86.8,87.9,90.5,626,244,2.57,28.71%,33.21%,0.965032,2026-10-01
SNDK,1787.69,2026-10-02,1,Put,"1,680.00",-6.02%,1.15,1.45,1.65,900,350,2.57,67.99%,72.59%,-0.048789,2026-10-01
PCG,12.17,2028-01-21,477,Put,10.00,-17.83%,1.01,1.1,1.1,1710,667,2.56,44.40%,42.42%,-0.23664,2026-10-01
CRWD,266.09,2026-10-02,1,Put,257.50,-3.23%,0.6,0.59,0.69,1148,450,2.55,53.78%,60.65%,-0.146222,2026-10-01
PEP,125.6,2026-10-02,1,Call,127.00,-1.11%,0.16,0.22,0.22,679,267,2.54,25.63%,25.42%,0.20385,2026-10-01
NKE,35.15,2026-10-30,29,Call,36.00,-2.42%,1.7,1.75,1.94,947,373,2.54,54.51%,55.85%,0.468405,2026-10-01
SKHY,193.5,2026-10-02,1,Call,187.50,+3.10%,6.4,6.56,6.85,3417,1346,2.54,56.77%,64.55%,0.829563,2026-10-01
BAC,53.73,2026-10-09,8,Put,53.00,-1.36%,0.45,0.48,0.47,5611,2209,2.54,29.05%,24.66%,-0.344083,2026-10-01
MU,1097.39,2026-10-02,1,Call,"1,180.00",-7.53%,0.97,1,1.02,5799,2286,2.54,53.47%,83.31%,0.05047,2026-10-01
C,127,2026-10-16,15,Call,130.00,-2.36%,2.29,2.48,2.51,6572,2586,2.54,32.90%,35.37%,0.38958,2026-10-01
TSLA,354.11,2026-10-02,1,Put,342.50,-3.28%,0.83,0.82,0.84,9441,3718,2.54,42.22%,60.73%,-0.142834,2026-10-01
SMCI,41.92,2026-10-02,1,Call,41.50,+1.00%,0.89,0.91,0.96,4787,1894,2.53,76.01%,79.49%,0.604662,2026-10-01
NVDA,230.86,2026-10-07,6,Call,247.50,-7.21%,0.08,0.1,0.1,9651,3811,2.53,34.15%,28.03%,0.028535,2026-10-01
HUM,379.68,2027-03-19,169,Put,200.00,-47.32%,1.3,2.42,3.6,564,223,2.53,66.18%,59.64%,-0.034505,2026-10-01
SNDK,1787.69,2026-10-02,1,Put,"1,685.00",-5.74%,1.3,1.8,2.05,720,285,2.53,67.99%,72.49%,-0.05698,2026-10-01
GLW,160.42,2026-10-02,1,Put,157.50,-1.82%,0.87,0.93,1,1157,457,2.53,60.02%,62.70%,-0.281419,2026-10-01
AISP,2.22,2026-10-16,15,Call,2.0000,+9.91%,0.3,0.35,0.4,1004,398,2.52,113.92%,129.92%,0.70335,2026-10-01
MU,1097.39,2027-01-15,106,Put,"1,050.00",-4.32%,94.25,97,99,1257,498,2.52,53.47%,54.01%,-0.371235,2026-10-01
AMD,615.73,2026-10-02,1,Put,617.50,+0.29%,7.3,7.58,7.85,1757,698,2.52,52.99%,51.92%,-0.53543,2026-10-01
CRCL,82.91,2026-10-09,8,Call,84.00,-1.31%,2.68,3,2.88,3075,1219,2.52,72.11%,66.28%,0.469955,2026-10-01
META,725.93,2026-10-02,1,Call,755.00,-4.00%,0.42,0.39,0.44,4726,1877,2.52,40.62%,46.97%,0.056948,2026-10-01
ORCL,138.07,2026-10-02,1,Call,137.00,+0.77%,2.1,2.17,2.26,4297,1711,2.51,51.15%,55.10%,0.612746,2026-10-01
LCID,4.19,2027-12-17,442,Put,4.00,-4.53%,1.72,1.75,1.85,867,345,2.51,91.66%,119.39%,-0.238688,2026-10-01
BE,277.58,2026-10-02,1,Put,277.50,-0.03%,4.55,5.1,4.7,1061,423,2.51,79.43%,80.73%,-0.488023,2026-10-01
TSM,459.2,2026-10-09,8,Call,510.00,-11.06%,0.11,0.14,0.17,1129,450,2.51,33.59%,33.02%,0.017527,2026-10-01
COHR,319.19,2026-10-02,1,Call,325.00,-1.82%,2.15,2.83,4,508,203,2.5,75.94%,81.58%,0.345068,2026-10-01
ARM,292.34,2026-10-09,8,Call,330.00,-12.88%,1.59,1.9,2.03,1108,443,2.5,70.74%,68.45%,0.127813,2026-10-01
NKE,35.15,2026-10-02,1,Put,34.00,-3.27%,1.06,1.09,1.1,11798,4712,2.5,54.51%,220.26%,-0.364603,2026-10-01
MU,1097.39,2026-10-02,1,Call,"1,155.00",-5.25%,2.03,2.07,2.13,3419,1372,2.49,53.47%,75.70%,0.102219,2026-10-01
TSLA,354.11,2026-10-09,8,Call,382.50,-8.02%,1.29,1.3,1.34,1279,513,2.49,42.22%,42.96%,0.121532,2026-10-01
TTD,12.1,2027-01-15,106,Put,37.50,+209.92%,25.2,25.2,25.6,566,228,2.48,68.19%,0.00%,-1.,2026-10-01
MSTR,160.5,2026-10-09,8,Call,215.00,-33.96%,0.1,0.15,0.21,617,249,2.48,67.29%,92.77%,0.020015,2026-10-01
RKLB,70.46,2026-10-30,29,Call,76.00,-7.86%,3.05,3.49,4.7,778,314,2.48,73.88%,75.20%,0.406495,2026-10-01
CMG,32.32,2026-10-09,8,Put,31.50,-2.54%,0.42,0.61,1.08,858,346,2.48,45.26%,59.57%,-0.365543,2026-10-01
WULF,14.91,2026-10-02,1,Call,14.50,+2.75%,0.49,0.52,0.54,905,365,2.48,81.86%,86.71%,0.735548,2026-10-01
GOOGL,338.24,2027-12-17,442,Put,290.00,-14.26%,22.5,22.85,24.3,1027,414,2.48,33.52%,35.68%,-0.246169,2026-10-01
ASST,30.11,2026-10-09,8,Call,33.00,-9.60%,0.15,0.3,0.35,1076,434,2.48,80.15%,62.37%,0.174298,2026-10-01
NVDA,230.86,2026-10-07,6,Call,245.00,-6.12%,0.16,0.17,0.18,1786,719,2.48,34.15%,27.67%,0.050269,2026-10-01
BA,192.28,2026-10-02,1,Call,190.00,+1.19%,3.2,3.5,3.5,12373,4994,2.48,36.75%,50.33%,0.679263,2026-10-01
MSTR,160.5,2026-10-02,1,Put,155.00,-3.43%,0.57,0.6,0.61,18560,7524,2.47,67.29%,73.07%,-0.175285,2026-10-01
MU,1097.39,2026-10-09,8,Put,"1,045.00",-4.77%,12.65,13.39,13.25,511,207,2.47,53.47%,52.10%,-0.247486,2026-10-01
AMAT,529.3,2026-10-02,1,Call,540.00,-2.02%,2.49,2.43,2.61,1200,486,2.47,56.94%,58.60%,0.262991,2026-10-01
SNDK,1787.69,2026-10-09,8,Call,"1,750.00",+2.11%,84.9,88.31,89.3,793,323,2.46,67.99%,62.90%,0.612015,2026-10-01
CRM,236.69,2026-11-20,50,Put,195.00,-17.61%,1.63,1.69,1.75,1136,461,2.46,39.37%,42.62%,-0.091197,2026-10-01
WYNN,77.3,2026-10-02,1,Put,85.00,+9.96%,6.85,7.87,9.15,1282,522,2.46,42.92%,144.24%,-0.888758,2026-10-01
TSM,459.2,2026-10-02,1,Put,447.50,-2.55%,0.29,0.31,0.36,1424,580,2.46,33.59%,35.82%,-0.082213,2026-10-01
IREN,40.65,2026-10-02,1,Call,40.00,+1.60%,1.03,1.05,1.06,3424,1392,2.46,78.09%,79.28%,0.659762,2026-10-01
MU,1097.39,2026-10-02,1,Call,"1,170.00",-6.62%,1.27,1.32,1.35,5781,2346,2.46,53.47%,80.06%,0.066091,2026-10-01
PDD,76.5,2027-01-15,106,Put,110.00,+43.79%,32.6,32.6,34.35,2216,905,2.45,34.20%,41.11%,-0.977194,2026-10-01
RIOT,19.61,2026-10-02,1,Put,23.50,+19.84%,3,4,4.2,10010,4088,2.45,81.30%,252.86%,-0.903419,2026-10-01
MGM,30.47,2026-10-16,15,Put,43.00,+41.12%,11.5,11.5,13.1,11030,4500,2.45,38.42%,80.28%,-0.986152,2026-10-01
MARA,11.21,2026-10-30,29,Call,14.00,-24.89%,0.24,0.25,0.27,11405,4647,2.45,81.90%,80.93%,0.198554,2026-10-01
WMT,104.26,2026-10-02,1,Call,105.00,-0.71%,0.28,0.29,0.35,11620,4748,2.45,27.80%,28.04%,0.31947,2026-10-01
BSP,32.5,2026-11-20,50,Put,30.00,-7.69%,1.9,2.45,2.4,537,219,2.45,71.62%,72.06%,-0.326287,2026-10-01
CRWD,266.09,2026-10-02,1,Put,270.00,+1.47%,5.3,5.5,5.7,544,222,2.45,53.78%,56.96%,-0.681537,2026-10-01
COST,914.94,2026-10-30,29,Put,915.00,+0.01%,18.05,17.85,19.45,738,301,2.45,20.11%,19.19%,-0.475807,2026-10-01
PL,16.14,2026-11-20,50,Call,22.00,-36.31%,0.3,0.35,0.4,1389,567,2.45,68.32%,74.44%,0.166823,2026-10-01
BE,277.58,2028-06-16,624,Put,165.00,-40.56%,35.85,36.75,38,643,263,2.44,79.43%,80.75%,-0.141706,2026-10-01
SNDK,1787.69,2026-10-02,1,Call,"1,725.00",+3.51%,65.1,72.7,72.4,830,340,2.44,67.99%,71.22%,0.836264,2026-10-01
MDB,351.73,2026-10-02,1,Call,365.00,-3.77%,0.6,1.72,2.58,918,377,2.44,57.73%,80.64%,0.196599,2026-10-01
VKTX,30.51,2026-10-02,1,Call,32.00,-4.88%,0.01,0.12,0.53,1227,503,2.44,62.61%,123.24%,0.240282,2026-10-01
RDW,10.57,2026-10-16,15,Put,10.50,-0.66%,0.5,0.6,0.65,515,212,2.43,86.67%,72.47%,-0.449344,2026-10-01
SKHY,193.5,2026-10-09,8,Put,167.50,-13.44%,0.2,0.25,0.32,678,279,2.43,56.77%,56.79%,-0.038578,2026-10-01
RDDT,149.53,2026-10-09,8,Call,165.00,-10.35%,0.76,0.82,0.9,860,354,2.43,65.48%,57.38%,0.134274,2026-10-01
MU,1097.39,2026-10-02,1,Put,957.50,-12.75%,0.05,0.12,0.07,813,336,2.42,53.47%,97.40%,-0.003453,2026-10-01
TSLA,354.11,2026-10-09,8,Call,392.50,-10.84%,0.67,0.68,0.7,1017,421,2.42,42.22%,45.13%,0.067552,2026-10-01
SNDK,1787.69,2026-10-02,1,Call,"1,920.00",-7.40%,1.9,2.4,3.1,1067,441,2.42,67.99%,90.15%,0.068471,2026-10-01
AFRM,70.43,2026-10-02,1,Call,72.00,-2.23%,0.4,0.45,0.5,3589,1483,2.42,62.55%,70.73%,0.282926,2026-10-01
META,725.93,2026-10-02,1,Put,715.00,-1.51%,2.21,2.33,2.31,5171,2137,2.42,40.62%,41.79%,-0.239275,2026-10-01
WULF,14.91,2026-10-02,1,Put,17.50,+17.37%,2.54,2.55,2.9,12209,5052,2.42,81.86%,256.48%,-0.87022,2026-10-01
NKE,35.15,2026-10-16,15,Put,33.00,-6.12%,0.85,0.94,0.98,2415,1003,2.41,54.51%,64.90%,-0.292859,2026-10-01
HOOD,111.15,2026-10-02,1,Put,112.00,+0.76%,1.87,1.97,1.96,6507,2696,2.41,59.85%,62.54%,-0.584678,2026-10-01
MSTR,160.5,2026-10-09,8,Call,177.50,-10.59%,1.62,1.67,1.71,582,241,2.41,67.29%,71.66%,0.187255,2026-10-01
ING,34.25,2027-01-15,106,Put,36.00,+5.11%,1.85,3,3.1,1003,417,2.41,32.17%,19.10%,-0.663711,2026-10-01
TSLA,354.11,2026-10-05,4,Put,360.00,+1.66%,8.9,9.1,9.5,1295,537,2.41,42.22%,39.42%,-0.645121,2026-10-01
GOOGL,338.24,2026-10-02,1,Call,335.00,+0.96%,4.1,4.3,4.65,1956,812,2.41,33.52%,34.01%,0.710644,2026-10-01
CORZ,16.35,2026-10-09,8,Put,15.50,-5.20%,0.08,0.32,0.54,519,216,2.4,72.40%,69.44%,-0.281621,2026-10-01
SPCX,148.07,2026-11-06,36,Call,165.00,-11.43%,3.15,3.4,3.25,702,292,2.4,46.15%,46.69%,0.261644,2026-10-01
AMD,615.73,2026-10-05,4,Call,620.00,-0.69%,8.3,8.44,8.7,788,328,2.4,52.99%,40.24%,0.447136,2026-10-01
FDX,287.07,2027-01-15,106,Call,330.00,-14.95%,5.05,6.1,6.55,829,346,2.4,32.57%,30.12%,0.230733,2026-10-01
DELL,541.74,2026-10-02,1,Put,545.00,+0.60%,8.45,8.8,9.1,1036,431,2.4,59.95%,62.15%,-0.565886,2026-10-01
VSNT,30.84,2026-11-20,50,Put,30.00,-2.72%,1.3,1.3,1.7,2069,862,2.4,39.90%,42.02%,-0.399341,2026-10-01
BE,277.58,2026-10-16,15,Call,272.50,+1.83%,18.35,18.12,18.55,552,231,2.39,79.43%,69.97%,0.584115,2026-10-01
INOD,71.85,2026-10-16,15,Call,95.00,-32.22%,0.35,0.6,0.85,973,407,2.39,92.11%,97.91%,0.096804,2026-10-01
MU,1097.39,2026-10-30,29,Call,"1,250.00",-13.91%,21,22.2,24.1,1083,453,2.39,53.47%,56.65%,0.236806,2026-10-01
HPE,64.58,2026-10-02,1,Put,62.00,-4.00%,0.11,0.16,0.16,1789,749,2.39,61.29%,67.18%,-0.119156,2026-10-01
TSLA,354.11,2026-10-05,4,Put,345.00,-2.57%,2.16,2.17,2.21,2284,954,2.39,42.22%,38.67%,-0.250322,2026-10-01
WULF,14.91,2026-10-02,1,Put,16.50,+10.66%,1.42,1.61,1.81,12498,5224,2.39,81.86%,114.31%,-0.952184,2026-10-01
TSLA,354.11,2026-10-05,4,Put,352.50,-0.45%,4.65,4.94,4.95,2602,1094,2.38,42.22%,38.16%,-0.44322,2026-10-01
RIOT,19.61,2026-10-02,1,Put,22.50,+14.74%,2.73,3,3.25,10275,4319,2.38,81.30%,202.38%,-0.89342,2026-10-01
AXTI,81.81,2026-10-23,22,Put,65.00,-20.55%,1.65,1.9,2.7,617,259,2.38,117.19%,111.23%,-0.161933,2026-10-01
LVS,36.69,2027-03-19,169,Call,37.50,-2.21%,3.25,3.4,3.5,614,259,2.37,39.89%,37.28%,0.516208,2026-10-01
LLY,1149.85,2026-11-20,50,Call,"1,260.00",-9.58%,25.9,29.13,31.85,722,305,2.37,36.01%,38.85%,0.297081,2026-10-01
AMD,615.73,2026-10-02,1,Put,597.50,-2.96%,1.19,1.21,1.29,1995,843,2.37,52.99%,53.78%,-0.138903,2026-10-01
RIOT,19.61,2026-10-02,1,Put,20.50,+4.54%,0.82,1.05,1.09,2735,1153,2.37,81.30%,81.73%,-0.845077,2026-10-01
MRNA,188.94,2026-10-02,1,Call,200.00,-5.85%,0.69,0.7,0.8,5273,2225,2.37,90.60%,101.13%,0.147716,2026-10-01
NFLX,67.85,2026-10-09,8,Call,70.00,-3.17%,0.45,0.45,0.47,8246,3474,2.37,38.10%,30.32%,0.256679,2026-10-01
BIDU,85.59,2026-10-02,1,Put,91.00,+6.32%,4.15,5.25,6.1,5449,2306,2.36,41.90%,54.90%,-0.984264,2026-10-01
GOOGL,338.24,2026-10-02,1,Call,347.50,-2.74%,0.31,0.32,0.34,12801,5425,2.36,33.52%,39.61%,0.09892,2026-10-01
NVDA,230.86,2026-10-05,4,Call,235.00,-1.79%,0.87,0.89,0.89,24243,10294,2.36,34.15%,24.43%,0.252247,2026-10-01
LNG,272.4,2026-10-02,1,Call,285.00,-4.63%,0.9,1.6,2,535,227,2.36,34.61%,97.02%,0.193921,2026-10-01
DAL,84.13,2026-10-09,8,Call,84.00,+0.15%,2.88,3.13,3.3,617,261,2.36,43.21%,60.43%,0.527411,2026-10-01
BABA,107.45,2026-10-09,8,Put,106.00,-1.35%,1.45,1.51,1.6,812,344,2.36,38.97%,34.52%,-0.384923,2026-10-01
CRDO,210.17,2026-10-02,1,Put,200.00,-4.84%,0.9,1.1,1.5,980,415,2.36,78.23%,107.70%,-0.181446,2026-10-01
NBIS,232.28,2026-10-09,8,Call,235.00,-1.17%,8.5,8.72,8.95,1227,520,2.36,81.28%,72.06%,0.480931,2026-10-01
VRT,246.12,2027-09-17,351,Put,220.00,-10.61%,35,37.15,38.85,654,278,2.35,58.77%,58.83%,-0.297254,2026-10-01
AMD,615.73,2026-10-02,1,Call,602.50,+2.15%,15.05,15.4,15.9,1355,576,2.35,52.99%,54.09%,0.783838,2026-10-01
DVN,47.16,2026-11-20,50,Call,47.50,-0.72%,2.47,2.55,2.62,3391,1445,2.35,36.97%,38.41%,0.511362,2026-10-01
PLTR,190.04,2026-10-02,1,Put,190.00,-0.02%,1.79,1.81,1.84,12159,5164,2.35,52.42%,46.47%,-0.490268,2026-10-01
MGM,30.47,2026-10-16,15,Call,32.00,-5.02%,0.35,0.36,0.5,759,324,2.34,38.42%,39.42%,0.290007,2026-10-01
AMD,615.73,2026-10-05,4,Put,590.00,-4.18%,1.93,2.04,2.22,516,221,2.33,52.99%,40.57%,-0.150237,2026-10-01
HD,282.46,2026-10-02,1,Put,300.00,+6.21%,16.6,17.35,18.45,672,288,2.33,30.49%,45.75%,-0.994192,2026-10-01
CRWD,266.09,2026-10-09,8,Put,255.00,-4.17%,3.3,3.6,3.6,740,317,2.33,53.78%,50.95%,-0.270247,2026-10-01
MDLZ,57.76,2026-11-20,50,Call,65.00,-12.53%,0.15,0.29,0.4,858,369,2.33,23.97%,25.00%,0.110479,2026-10-01
META,725.93,2026-10-02,1,Call,760.00,-4.69%,0.24,0.25,0.28,7322,3143,2.33,40.62%,48.25%,0.035982,2026-10-01
NFLX,67.85,2026-10-09,8,Put,67.00,-1.25%,0.74,0.76,0.76,2101,906,2.32,38.10%,28.75%,-0.369099,2026-10-01
NVDA,230.86,2026-10-09,8,Call,210.00,+9.04%,21.05,21.3,22.8,2248,967,2.32,34.15%,52.55%,0.897184,2026-10-01
MARA,11.21,2026-10-16,15,Put,10.50,-6.33%,0.35,0.36,0.39,4230,1823,2.32,81.90%,76.61%,-0.305796,2026-10-01
MSFT,512.8,2026-10-05,4,Call,535.00,-4.33%,0.25,0.26,0.39,501,216,2.32,30.10%,25.10%,0.056281,2026-10-01
MSTR,160.5,2026-10-09,8,Put,136.00,-15.26%,0.19,0.28,0.53,676,291,2.32,67.29%,70.39%,-0.04956,2026-10-01
INTC,120,2026-10-05,4,Call,118.00,+1.67%,3.65,3.95,3.8,1048,452,2.32,67.00%,51.82%,0.634548,2026-10-01
AMZN,248.23,2026-10-05,4,Put,240.00,-3.32%,0.25,0.28,0.29,1215,523,2.32,34.59%,24.56%,-0.09024,2026-10-01
BSX,43.23,2026-10-02,1,Put,47.00,+8.72%,3.5,3.5,4.1,1330,573,2.32,41.54%,90.47%,-0.959756,2026-10-01
MSFT,512.8,2026-10-09,8,Put,500.00,-2.50%,2.8,2.91,3.1,1716,740,2.32,30.10%,26.16%,-0.245709,2026-10-01
BE,277.58,2026-10-02,1,Call,272.50,+1.83%,7.65,8,7.75,953,412,2.31,79.43%,82.05%,0.675125,2026-10-01
INTC,120,2026-10-09,8,Put,119.00,-0.83%,3.65,3.61,3.8,1029,446,2.31,67.00%,60.17%,-0.442151,2026-10-01
DKNG,19.35,2026-10-09,8,Call,21.50,-11.11%,0.1,0.11,0.11,1051,455,2.31,64.29%,59.74%,0.127677,2026-10-01
SNPS,490.54,2026-10-16,15,Call,550.00,-12.12%,1.85,3.47,4.1,1295,561,2.31,46.78%,47.53%,0.130755,2026-10-01
AMZN,248.23,2026-10-05,4,Call,247.50,+0.29%,2.68,2.78,2.98,1777,770,2.31,34.59%,23.09%,0.560254,2026-10-01
TSLA,354.11,2026-10-05,4,Call,350.00,+1.16%,7.75,8.18,8.55,2362,1024,2.31,42.22%,39.27%,0.623598,2026-10-01
AMZN,248.23,2026-10-09,8,Call,255.00,-2.73%,1.62,1.63,1.85,5292,2302,2.3,34.59%,28.47%,0.275169,2026-10-01
KEY,20.05,2027-12-17,442,Call,20.00,+0.25%,2.4,2.4,2.95,519,226,2.3,26.82%,30.97%,0.556731,2026-10-01
XPEV,9.42,2026-11-20,50,Put,9.00,-4.46%,0.46,0.48,0.5,530,230,2.3,49.31%,50.72%,-0.359337,2026-10-01
GOOGL,338.24,2026-10-07,6,Call,360.00,-6.43%,0.38,0.43,0.45,568,247,2.3,33.52%,32.01%,0.068852,2026-10-01
VKTX,30.51,2026-10-09,8,Put,30.00,-1.67%,0.68,0.84,0.9,583,253,2.3,62.61%,57.94%,-0.402196,2026-10-01
TSLA,354.11,2026-10-09,8,Put,337.50,-4.69%,2.33,2.41,2.46,645,280,2.3,42.22%,40.27%,-0.198106,2026-10-01
MU,1097.39,2026-10-07,6,Call,"1,200.00",-9.35%,4.45,4.63,4.65,673,292,2.3,53.47%,56.95%,0.119169,2026-10-01
TSLA,354.11,2026-10-16,15,Put,430.00,+21.43%,75.25,73.04,76.55,1257,547,2.3,42.22%,44.96%,-0.993496,2026-10-01
GLW,160.42,2026-10-02,1,Call,162.50,-1.30%,1.29,1.39,1.5,1405,612,2.3,60.02%,67.65%,0.365535,2026-10-01
MSTR,160.5,2026-10-09,8,Call,182.50,-13.71%,1.11,1.08,1.17,1917,834,2.3,67.29%,74.22%,0.134259,2026-10-01
MCD,231.83,2026-10-02,1,Call,232.50,-0.29%,0.8,0.91,0.96,1930,839,2.3,23.25%,24.41%,0.413682,2026-10-01
HD,282.46,2027-01-15,106,Call,290.00,-2.67%,15,15.22,15.45,527,230,2.29,30.49%,30.22%,0.4703,2026-10-01
BKNG,160.28,2026-10-16,15,Put,192.00,+19.79%,26.3,27.85,33.3,696,304,2.29,41.96%,41.77%,-0.99245,2026-10-01
CI,267.96,2026-10-02,1,Call,270.00,-0.76%,0.05,0.8,2.75,759,331,2.29,32.90%,40.45%,0.364778,2026-10-01
NBIS,232.28,2026-10-02,1,Call,232.50,-0.09%,3.7,4.2,4.2,1626,711,2.29,81.28%,83.41%,0.50103,2026-10-01
NU,13.29,2026-10-02,1,Call,13.00,+2.18%,0.28,0.32,0.35,8048,3523,2.28,53.81%,41.95%,0.84628,2026-10-01
MU,1097.39,2026-10-09,8,Put,965.00,-12.06%,1.86,2,2.12,653,287,2.28,53.47%,54.94%,-0.051468,2026-10-01
FMC,8.56,2026-11-20,50,Call,10.00,-16.82%,0.35,0.43,0.45,830,364,2.28,68.40%,69.86%,0.317615,2026-10-01
IREN,40.65,2026-10-23,22,Call,42.00,-3.32%,2.19,2.3,2.37,857,376,2.28,78.09%,70.90%,0.465249,2026-10-01
QSI,1.43,2026-11-20,50,Call,1.0000,+30.07%,0.45,0.5,0.65,892,391,2.28,181.47%,160.51%,0.818167,2026-10-01
BA,192.28,2026-10-09,8,Call,192.50,-0.11%,3.15,4.38,4.6,980,429,2.28,36.75%,35.14%,0.500831,2026-10-01
NVDA,230.86,2026-10-12,11,Call,235.00,-1.79%,2.6,2.75,2.78,1175,515,2.28,34.15%,27.07%,0.369674,2026-10-01
SNDK,1787.69,2026-10-09,8,Call,"2,000.00",-11.88%,12,12.4,13,1965,861,2.28,67.99%,67.36%,0.142972,2026-10-01
XE,13.95,2026-11-20,50,Call,12.50,+10.39%,2.3,2.38,2.8,500,220,2.27,83.15%,86.89%,0.698162,2026-10-01
SNOW,341.99,2026-10-02,1,Put,335.00,-2.04%,1.35,1.46,1.54,529,233,2.27,48.74%,56.84%,-0.238149,2026-10-01
AWK,127.86,2026-11-20,50,Call,130.00,-1.67%,3.3,3.5,3.8,559,246,2.27,23.23%,23.45%,0.44718,2026-10-01
MRVL,268.08,2026-10-02,1,Put,262.50,-2.08%,1.61,1.69,1.76,927,409,2.27,64.56%,69.63%,-0.27494,2026-10-01
META,725.93,2026-10-09,8,Call,730.00,-0.56%,14.3,13.95,14.75,1217,537,2.27,40.62%,37.73%,0.476826,2026-10-01
SNDK,1787.69,2026-10-09,8,Call,"1,900.00",-6.28%,26.1,28,28.9,1237,544,2.27,67.99%,63.63%,0.277356,2026-10-01
AAPL,330.32,2026-10-05,4,Put,320.00,-3.12%,0.28,0.3,0.32,2571,1135,2.27,25.20%,22.42%,-0.083837,2026-10-01
MU,1097.39,2026-10-09,8,Call,"1,050.00",+4.32%,62.1,63.68,64,3892,1720,2.26,53.47%,52.92%,0.730191,2026-10-01
CPB,19.49,2026-10-16,15,Call,19.00,+2.51%,0.75,0.82,0.9,4562,2016,2.26,31.31%,36.24%,0.642863,2026-10-01
BMNR,26.73,2026-10-02,1,Call,27.00,-1.01%,0.32,0.32,0.35,7297,3225,2.26,73.55%,81.34%,0.415892,2026-10-01
IEP,6.77,2029-01-19,841,Call,7.00,-3.40%,0.8,0.9,1.5,687,304,2.26,42.51%,59.01%,0.476598,2026-10-01
TSLA,354.11,2026-10-07,6,Put,350.00,-1.16%,5.1,5.23,5.3,763,337,2.26,42.22%,39.72%,-0.39542,2026-10-01
CAR,106.12,2026-10-16,15,Put,380.00,+258.09%,268.6,271.6,275.5,1129,500,2.26,68.99%,244.63%,-0.99596,2026-10-01
CVNA,63.04,2026-10-02,1,Call,62.00,+1.65%,1.49,1.59,1.68,1182,522,2.26,68.78%,74.58%,0.673084,2026-10-01
MKC,44.14,2026-10-16,15,Call,45.00,-1.95%,0.7,0.74,0.85,1183,524,2.26,31.68%,32.13%,0.394681,2026-10-01
BMNR,26.73,2026-10-09,8,Put,26.50,-0.86%,0.79,0.97,1,1479,655,2.26,73.55%,64.61%,-0.442289,2026-10-01
TTWO,203.62,2026-11-20,50,Put,180.00,-11.60%,4.5,5.2,5.8,602,267,2.25,46.90%,50.24%,-0.217211,2026-10-01
ALAB,356.42,2026-10-02,1,Put,350.00,-1.80%,7.9,8.5,10.55,685,305,2.25,87.65%,165.22%,-0.399553,2026-10-01
SNDK,1787.69,2026-10-02,1,Call,"1,830.00",-2.37%,10.6,11.8,11.9,739,328,2.25,67.99%,72.27%,0.27535,2026-10-01
LLY,1149.85,2026-10-02,1,Call,"1,190.00",-3.49%,0.5,0.5,0.55,806,358,2.25,36.01%,40.01%,0.05219,2026-10-01
BE,277.58,2026-10-02,1,Call,287.50,-3.57%,1.48,1.65,1.54,836,372,2.25,79.43%,84.17%,0.219854,2026-10-01
IBM,225.62,2026-10-09,8,Put,210.00,-6.92%,0.26,0.32,0.4,886,393,2.25,40.09%,32.96%,-0.066964,2026-10-01
DKNG,19.35,2026-12-18,78,Put,40.00,+106.72%,20,20.69,20.8,1208,538,2.25,64.29%,88.69%,-0.963521,2026-10-01
RKLB,70.46,2026-10-09,8,Call,70.00,+0.65%,2.91,3,3.15,2042,909,2.25,73.88%,66.66%,0.549487,2026-10-01
MRNA,188.94,2026-10-02,1,Put,190.00,+0.56%,4,4.1,4.2,2621,1166,2.25,90.60%,89.86%,-0.537301,2026-10-01
NBIS,232.28,2026-10-02,1,Call,240.00,-3.32%,1.33,1.41,1.52,5054,2244,2.25,81.28%,85.14%,0.239131,2026-10-01
AMZN,248.23,2026-10-16,15,Put,280.00,+12.80%,30.95,31.3,33.4,4506,2016,2.24,34.59%,40.07%,-0.930909,2026-10-01
AVGO,343.64,2026-11-06,36,Put,330.00,-3.97%,8.85,9,9.3,577,258,2.24,36.31%,36.27%,-0.331276,2026-10-01
AVGO,343.64,2026-10-02,1,Put,375.00,+9.13%,29.5,28.38,32.55,914,408,2.24,36.31%,66.05%,-0.995149,2026-10-01
MAT,15.04,2026-10-16,15,Call,14.00,+6.91%,1.3,1.45,1.45,1045,467,2.24,62.79%,63.43%,0.732081,2026-10-01
FHN,23.05,2026-10-16,15,Put,23.00,-0.22%,0.4,0.67,0.75,1051,470,2.24,27.65%,32.46%,-0.471336,2026-10-01
INTC,120,2026-10-30,29,Put,75.00,-37.50%,0.14,0.16,0.18,1725,769,2.24,67.00%,81.68%,-0.015093,2026-10-01
MRNA,188.94,2026-10-02,1,Put,185.00,-2.09%,1.73,1.85,1.85,1894,845,2.24,90.60%,87.35%,-0.313528,2026-10-01
WYNN,77.3,2026-10-02,1,Call,80.00,-3.49%,0.1,0.13,0.29,514,231,2.23,42.92%,62.43%,0.15096,2026-10-01
LITE,1045.78,2026-10-16,15,Call,"1,250.00",-19.53%,9.2,9.3,9.6,650,292,2.23,76.12%,72.61%,0.129774,2026-10-01
IREN,40.65,2026-10-02,1,Put,49.50,+21.77%,8.7,9.15,8.95,751,337,2.23,78.09%,288.19%,-0.890736,2026-10-01
NVDA,230.86,2026-10-02,1,Put,237.50,+2.88%,6.5,6.81,6.6,1256,563,2.23,34.15%,39.29%,-0.914753,2026-10-01
MARA,11.21,2026-10-30,29,Put,11.50,+2.59%,1.11,1.2,1.17,1798,805,2.23,81.90%,78.98%,-0.497292,2026-10-01
EFC,11.69,2026-12-18,78,Call,12.50,-6.93%,0.15,0.2,0.2,2042,917,2.23,41.12%,21.46%,0.261431,2026-10-01
IBM,225.62,2026-10-02,1,Put,230.00,+1.94%,4.15,4.95,6.1,2193,985,2.23,40.09%,48.51%,-0.771523,2026-10-01
MU,1097.39,2026-10-09,8,Call,"1,080.00",+1.58%,42.6,44.37,44.7,2080,936,2.22,53.47%,52.47%,0.600757,2026-10-01
META,725.93,2026-10-02,1,Put,720.00,-0.82%,3.65,3.76,3.75,7215,3249,2.22,40.62%,41.37%,-0.346927,2026-10-01
CBRS,169.52,2026-10-02,1,Call,182.50,-7.66%,0.15,0.26,0.3,736,331,2.22,72.19%,91.40%,0.064742,2026-10-01
BRK.B,500.5,2026-10-02,1,Call,500.00,+0.10%,1.96,2.6,2.55,1205,544,2.22,15.34%,18.82%,0.546654,2026-10-01
MU,1097.39,2028-06-16,624,Call,"1,200.00",-9.35%,308,312.98,321.4,1269,571,2.22,53.47%,57.26%,0.638556,2026-10-01
META,725.93,2026-10-05,4,Call,730.00,-0.56%,7.6,7.4,7.75,1703,768,2.22,40.62%,31.08%,0.442944,2026-10-01
PG,143.95,2026-10-09,8,Call,145.00,-0.73%,1.14,1.3,1.29,593,268,2.21,21.63%,19.66%,0.409413,2026-10-01
ONDS,7.12,2026-10-09,8,Call,7.00,+1.69%,0.31,0.34,0.33,961,435,2.21,73.12%,60.49%,0.596436,2026-10-01
TSLA,354.11,2026-10-05,4,Put,370.00,+4.49%,16.65,13.64,17.6,1171,531,2.21,42.22%,42.08%,-0.834701,2026-10-01
APP,281.31,2026-10-02,1,Put,275.00,-2.24%,0.9,1.16,1.35,1350,612,2.21,66.72%,58.42%,-0.223516,2026-10-01
CMG,32.32,2026-11-20,50,Put,30.00,-7.18%,0.96,1.16,1.28,1855,841,2.21,45.26%,46.48%,-0.292633,2026-10-01
SPCX,148.07,2026-10-02,1,Call,150.00,-1.30%,0.74,0.73,0.77,40120,18143,2.21,46.15%,49.00%,0.312764,2026-10-01
SKHY,193.5,2026-10-02,1,Call,197.50,-2.07%,1.03,1.08,1.11,2376,1082,2.2,56.77%,63.39%,0.275247,2026-10-01
AMD,615.73,2026-10-09,8,Put,560.00,-9.05%,1.99,2.03,2.16,2475,1127,2.2,52.99%,50.43%,-0.09365,2026-10-01
BAC,53.73,2026-10-02,1,Put,57.00,+6.09%,3.15,3.37,3.4,6734,3058,2.2,29.05%,50.42%,-0.987511,2026-10-01
INTC,120,2026-10-09,8,Put,116.00,-3.33%,2.41,2.27,2.5,619,282,2.2,67.00%,60.06%,-0.332429,2026-10-01
LOW,182.38,2026-10-16,15,Put,210.00,+15.14%,26.2,28.52,28.8,646,294,2.2,33.46%,53.84%,-0.892141,2026-10-01
HOOD,111.15,2026-10-09,8,Put,109.00,-1.93%,2.4,2.56,2.6,1673,761,2.2,59.85%,53.93%,-0.384565,2026-10-01
MU,1097.39,2026-10-16,15,Call,"1,110.00",-1.15%,41.5,41.95,42.6,1808,821,2.2,53.47%,53.04%,0.484893,2026-10-01
GFS,48.68,2026-11-20,50,Put,45.00,-7.56%,2.3,2.42,2.65,553,252,2.19,59.26%,59.80%,-0.314801,2026-10-01
META,725.93,2026-10-05,4,Call,760.00,-4.69%,1.08,1.03,1.11,950,434,2.19,40.62%,32.74%,0.095174,2026-10-01
CIFR,15.46,2026-10-02,1,Call,15.50,-0.26%,0.26,0.32,0.35,3013,1377,2.19,94.05%,100.20%,0.491613,2026-10-01
ORCL,138.07,2026-10-09,8,Call,140.00,-1.40%,2.97,3.05,3.1,3031,1384,2.19,51.15%,47.44%,0.438299,2026-10-01
MSFT,512.8,2026-10-02,1,Call,512.50,+0.06%,3.35,3.55,3.7,3034,1386,2.19,30.10%,31.30%,0.519627,2026-10-01
GOOGL,338.24,2026-10-02,1,Put,327.50,-3.18%,0.09,0.1,0.12,3422,1563,2.19,33.52%,35.68%,-0.040759,2026-10-01
AMD,615.73,2026-10-02,1,Put,615.00,-0.12%,6.05,6.25,6.45,2946,1349,2.18,52.99%,51.65%,-0.475817,2026-10-01
MSFT,512.8,2026-10-09,8,Call,517.50,-0.92%,5.6,5.8,6.5,663,304,2.18,30.10%,26.42%,0.422277,2026-10-01
META,725.93,2026-10-05,4,Put,680.00,-6.33%,0.3,0.41,0.39,714,328,2.18,40.62%,34.51%,-0.033065,2026-10-01
SA,27.25,2026-11-20,50,Call,32.00,-17.43%,0.85,0.9,0.95,810,371,2.18,59.47%,59.03%,0.273811,2026-10-01
MU,1097.39,2026-10-02,1,Call,"1,255.00",-14.36%,0.15,0.16,0.19,884,405,2.18,53.47%,106.10%,0.008507,2026-10-01
TSLA,354.11,2026-10-16,15,Put,357.50,+0.96%,12.75,13.1,13.15,1003,461,2.18,42.22%,39.81%,-0.525195,2026-10-01
IONS,44,2026-10-16,15,Put,60.00,+36.36%,13.9,15.4,17.8,1150,527,2.18,49.83%,71.99%,-0.987798,2026-10-01
NVDA,230.86,2026-11-06,36,Put,225.00,-2.54%,5.8,5.7,6.2,1176,539,2.18,34.15%,31.22%,-0.366828,2026-10-01
NVDA,230.86,2029-01-19,841,Put,180.00,-22.03%,16,20.78,21.1,1010,465,2.17,34.15%,37.42%,-0.197158,2026-10-01
NKE,35.15,2026-10-16,15,Put,35.50,+1.00%,1.9,2.08,2.54,1134,523,2.17,54.51%,71.43%,-0.498306,2026-10-01
DELL,541.74,2026-10-02,1,Call,575.00,-6.14%,0.35,0.35,0.4,1424,655,2.17,59.95%,67.49%,0.047819,2026-10-01
COIN,189.29,2026-10-09,8,Call,200.00,-5.66%,2.95,2.98,3,6383,2938,2.17,63.46%,61.15%,0.290005,2026-10-01
SNDK,1787.69,2026-10-02,1,Put,"1,650.00",-7.70%,0.55,0.63,0.75,2233,1035,2.16,67.99%,77.94%,-0.02344,2026-10-01
FE,43.39,2026-11-20,50,Call,44.00,-1.41%,0.75,0.9,0.95,2261,1047,2.16,19.34%,17.64%,0.424745,2026-10-01
BE,277.58,2026-10-02,1,Call,275.00,+0.93%,6.1,6.1,6.2,2590,1199,2.16,79.43%,82.02%,0.595413,2026-10-01
AGNC,8.95,2026-11-06,36,Call,9.50,-6.15%,0.08,0.12,0.15,3645,1690,2.16,29.86%,27.76%,0.255841,2026-10-01
SPCX,148.07,2026-10-02,1,Put,148.00,-0.05%,1.38,1.46,1.43,16603,7689,2.16,46.15%,46.80%,-0.485994,2026-10-01
CRM,236.69,2026-10-09,8,Put,225.00,-4.94%,1.27,1.4,1.41,781,362,2.16,39.37%,38.71%,-0.177895,2026-10-01
MSFT,512.8,2026-10-05,4,Put,517.50,+0.92%,6.2,7.05,7.5,845,391,2.16,30.10%,19.47%,-0.665262,2026-10-01
MU,1097.39,2026-10-05,4,Call,"1,250.00",-13.91%,0.69,0.76,0.78,637,296,2.15,53.47%,63.28%,0.027062,2026-10-01
HUM,379.68,2026-10-09,8,Call,420.00,-10.62%,3.9,6.46,10,752,350,2.15,66.18%,90.08%,0.246524,2026-10-01
ASTS,57.04,2026-10-09,8,Call,62.00,-8.70%,0.8,0.8,0.92,1109,516,2.15,78.71%,74.43%,0.243861,2026-10-01
ZS,198.78,2026-10-02,1,Call,205.00,-3.13%,0.59,0.5,0.8,1151,535,2.15,55.27%,65.30%,0.189068,2026-10-01
CRCL,82.91,2026-10-02,1,Call,84.00,-1.31%,0.8,0.84,0.95,1208,562,2.15,72.11%,77.31%,0.38211,2026-10-01
BHP,84.65,2026-10-16,15,Put,80.00,-5.49%,0.65,0.9,0.85,1355,630,2.15,34.60%,35.18%,-0.211334,2026-10-01
EFC,11.69,2026-11-20,50,Call,12.50,-6.93%,0.1,0.12,0.15,1404,654,2.15,41.12%,23.02%,0.225832,2026-10-01
TSM,459.2,2026-10-02,1,Put,450.00,-2.00%,0.5,0.52,0.58,2086,971,2.15,33.59%,34.58%,-0.128911,2026-10-01
CIFR,15.46,2026-10-02,1,Put,19.00,+22.90%,3.4,3.77,4.05,17234,8027,2.15,94.05%,340.40%,-0.857249,2026-10-01
GENI,5.68,2026-11-20,50,Put,5.00,-11.97%,0.3,0.31,0.35,635,297,2.14,79.91%,78.44%,-0.274171,2026-10-01
NOW,137.76,2026-10-02,1,Put,135.00,-2.00%,0.5,0.5,0.57,1284,600,2.14,53.82%,54.10%,-0.232003,2026-10-01
TSLA,354.11,2026-10-07,6,Call,362.50,-2.37%,4,4.05,4.15,746,351,2.13,42.22%,40.70%,0.340716,2026-10-01
VKTX,30.51,2026-10-02,1,Call,30.00,+1.67%,0.69,0.8,0.95,919,432,2.13,62.61%,82.94%,0.66002,2026-10-01
CIFR,15.46,2026-10-02,1,Put,18.00,+16.43%,2.36,2.74,2.93,18790,8821,2.13,94.05%,234.85%,-0.8802,2026-10-01
BE,277.58,2026-10-02,1,Call,285.00,-2.67%,2.05,2.12,2.11,3938,1854,2.12,79.43%,83.72%,0.281722,2026-10-01
NKE,35.15,2026-10-02,1,Put,31.00,-11.81%,0.19,0.2,0.2,8518,4026,2.12,54.51%,200.39%,-0.105598,2026-10-01
GS,896.67,2026-10-16,15,Put,"1,040.00",+15.98%,141,144.62,148,543,256,2.12,34.37%,43.60%,-0.95123,2026-10-01
IBM,225.62,2026-10-09,8,Call,245.00,-8.59%,0.25,0.39,0.5,612,289,2.12,40.09%,36.96%,0.070086,2026-10-01
NFLX,67.85,2027-01-15,106,Put,103.00,+51.81%,33,34.35,37,818,385,2.12,38.10%,46.13%,-0.978525,2026-10-01
GIL,41.92,2029-01-19,841,Call,22.50,+46.33%,19.6,21.34,23.1,833,393,2.12,47.11%,44.70%,0.879478,2026-10-01
META,725.93,2026-10-02,1,Call,757.50,-4.35%,0.28,0.32,0.37,1819,858,2.12,40.62%,47.34%,0.044423,2026-10-01
IREN,40.65,2026-10-09,8,Call,41.00,-0.86%,1.5,1.48,1.55,1437,682,2.11,78.09%,69.65%,0.490692,2026-10-01
MSTR,160.5,2026-10-09,8,Call,155.00,+3.43%,9,9.2,9.3,2233,1059,2.11,67.29%,63.51%,0.6653,2026-10-01
APLD,24.16,2026-10-02,1,Call,25.00,-3.48%,0.11,0.11,0.13,4757,2252,2.11,89.40%,79.80%,0.213334,2026-10-01
AMD,615.73,2026-10-02,1,Put,595.00,-3.37%,0.91,0.92,1,5073,2407,2.11,52.99%,54.41%,-0.11116,2026-10-01
NVDA,230.86,2026-10-05,4,Call,240.00,-3.96%,0.18,0.18,0.19,10919,5171,2.11,34.15%,24.74%,0.070538,2026-10-01
NVDA,230.86,2026-10-02,1,Put,222.50,-3.62%,0.11,0.11,0.12,24218,11495,2.11,34.15%,43.63%,-0.05149,2026-10-01
GS,896.67,2026-10-02,1,Call,920.00,-2.60%,0.71,0.76,0.99,586,279,2.1,34.37%,38.10%,0.100998,2026-10-01
BMNR,26.73,2028-01-21,477,Put,38.00,+42.16%,15.95,16.41,16.65,1201,572,2.1,73.55%,77.58%,-0.479495,2026-10-01
HL,17,2026-10-09,8,Call,18.50,-8.82%,0.1,0.11,0.15,574,274,2.09,57.13%,56.78%,0.169994,2026-10-01
SOFI,15.84,2026-11-06,36,Call,21.00,-32.58%,0.1,0.11,0.13,623,298,2.09,50.74%,61.16%,0.088248,2026-10-01
HD,282.46,2026-10-02,1,Call,290.00,-2.67%,0.21,0.26,0.31,660,316,2.09,30.49%,38.54%,0.097628,2026-10-01
FCX,69.28,2027-01-15,106,Call,82.50,-19.08%,2.46,2.67,2.77,739,353,2.09,46.29%,44.51%,0.284319,2026-10-01
MU,1097.39,2026-10-23,22,Put,950.00,-13.43%,8.4,9.14,9.8,829,397,2.09,53.47%,53.83%,-0.120317,2026-10-01
MU,1097.39,2026-10-23,22,Call,"1,200.00",-9.35%,22,22.4,24,982,470,2.09,53.47%,53.65%,0.275807,2026-10-01
MU,1097.39,2026-10-23,22,Put,"1,000.00",-8.87%,17.1,17.58,20.05,984,470,2.09,53.47%,53.16%,-0.213881,2026-10-01
AMZN,248.23,2026-10-09,8,Call,252.50,-1.72%,2.34,2.4,2.47,2173,1040,2.09,34.59%,27.87%,0.354894,2026-10-01
BE,277.58,2026-10-02,1,Call,280.00,-0.87%,3.65,3.65,3.75,5481,2620,2.09,79.43%,82.48%,0.429735,2026-10-01
FIG,21.57,2026-11-20,50,Call,35.00,-62.26%,0.2,0.25,0.3,2107,1014,2.08,76.37%,85.90%,0.08908,2026-10-01
LULU,95.86,2026-11-20,50,Call,110.00,-14.75%,1.87,1.97,2.05,2464,1183,2.08,42.44%,43.99%,0.232629,2026-10-01
INTC,120,2026-10-16,15,Call,134.00,-11.67%,1.89,1.98,1.98,511,246,2.08,67.00%,65.32%,0.22464,2026-10-01
NKE,35.15,2026-10-02,1,Call,33.00,+6.12%,2.69,2.89,2.89,657,316,2.08,54.51%,207.15%,0.737639,2026-10-01
CSCO,108.76,2026-10-02,1,Put,108.00,-0.70%,0.46,0.51,0.7,1063,512,2.08,36.08%,40.32%,-0.364843,2026-10-01
T,24.3,2026-10-02,1,Put,26.00,+7.00%,1.57,1.87,1.87,537,259,2.07,27.18%,77.19%,-0.950795,2026-10-01
MU,1097.39,2026-10-09,8,Call,"1,030.00",+6.14%,74,77,79.45,661,320,2.07,53.47%,50.21%,0.816225,2026-10-01
NLY,18.7,2026-10-16,15,Put,17.50,-6.42%,0.08,0.13,0.14,1000,482,2.07,27.92%,32.38%,-0.163911,2026-10-01
MSTR,160.5,2026-10-09,8,Put,157.50,-1.87%,4.35,4.48,4.55,1215,586,2.07,67.29%,62.65%,-0.398396,2026-10-01
CRWV,88.57,2028-01-21,477,Put,130.00,+46.78%,54.05,55.83,55.45,1318,638,2.07,76.24%,71.65%,-0.523509,2026-10-01
AMZN,248.23,2027-09-17,351,Put,230.00,-7.34%,20.05,20.05,21.15,2201,1062,2.07,34.59%,34.93%,-0.316333,2026-10-01
MRVL,268.08,2026-10-09,8,Call,275.00,-2.58%,8.4,8.55,8.55,2156,1045,2.06,64.56%,71.86%,0.42912,2026-10-01
MU,1097.39,2026-10-05,4,Put,"1,000.00",-8.87%,0.81,0.81,0.92,3188,1548,2.06,53.47%,50.53%,-0.036666,2026-10-01
AVGO,343.64,2026-10-02,1,Put,345.00,+0.40%,3.25,3.5,3.55,5169,2510,2.06,36.31%,37.28%,-0.57505,2026-10-01
HAL,31.88,2026-11-20,50,Call,32.00,-0.38%,1.82,1.83,1.92,11053,5360,2.06,37.95%,40.26%,0.525012,2026-10-01
XPEV,9.42,2026-10-02,1,Put,10.50,+11.46%,0.9,0.9,1.11,695,338,2.06,49.31%,120.15%,-0.955181,2026-10-01
CBRS,169.52,2026-10-09,8,Call,180.00,-6.18%,3.1,3.5,3.9,1038,504,2.06,72.19%,73.42%,0.31216,2026-10-01
AMD,615.73,2026-10-05,4,Put,570.00,-7.43%,0.55,0.59,0.64,696,340,2.05,52.99%,45.22%,-0.048243,2026-10-01
DT,59.26,2028-01-21,477,Call,70.00,-18.12%,8.2,9.7,10.7,1000,488,2.05,45.15%,44.41%,0.516452,2026-10-01
MSFT,512.8,2026-10-05,4,Call,530.00,-3.35%,0.51,0.51,0.73,1030,502,2.05,30.10%,24.24%,0.101376,2026-10-01
AMD,615.73,2026-10-05,4,Call,630.00,-2.32%,4.8,4.95,5.1,1050,513,2.05,52.99%,40.38%,0.3047,2026-10-01
CRCL,82.91,2026-10-02,1,Call,83.00,-0.11%,1.18,1.25,1.31,1253,612,2.05,72.11%,74.20%,0.497696,2026-10-01
NBIS,232.28,2026-10-09,8,Call,230.00,+0.98%,10.4,11.45,11.6,1276,621,2.05,81.28%,71.21%,0.561346,2026-10-01
NOW,137.76,2026-10-02,1,Call,141.00,-2.35%,0.48,0.54,0.54,2381,1161,2.05,53.82%,56.46%,0.221136,2026-10-01
RKLB,70.46,2026-10-02,1,Call,70.00,+0.65%,1.29,1.29,1.52,8997,4418,2.04,73.88%,78.86%,0.572182,2026-10-01
META,725.93,2026-10-02,1,Put,700.00,-3.57%,0.4,0.43,0.42,9166,4497,2.04,40.62%,44.30%,-0.056589,2026-10-01
HOOD,111.15,2026-10-16,15,Call,119.00,-7.06%,2.17,2.22,2.28,619,303,2.04,59.85%,55.74%,0.296894,2026-10-01
NBIS,232.28,2026-10-09,8,Call,255.00,-9.78%,2.8,3.12,3.2,574,283,2.03,81.28%,74.40%,0.216363,2026-10-01
GEMI,5.07,2026-10-02,1,Call,2.00,+60.55%,2.8,3.11,3.3,587,289,2.03,106.86%,"1,099.72%",0.971547,2026-10-01
MCD,231.83,2026-10-09,8,Call,235.00,-1.37%,1.53,1.6,1.7,746,367,2.03,23.25%,21.18%,0.339755,2026-10-01
CRWV,88.57,2026-10-16,15,Call,88.00,+0.64%,5.2,5.05,5.35,885,437,2.03,76.24%,68.90%,0.550733,2026-10-01
INTC,120,2026-10-05,4,Call,125.00,-4.17%,0.95,0.97,1.01,2005,989,2.03,67.00%,54.42%,0.247785,2026-10-01
GOOGL,338.24,2026-10-23,22,Call,340.00,-0.52%,9.2,9.3,9.45,2038,1002,2.03,33.52%,29.63%,0.497961,2026-10-01
AMPX,9.61,2026-10-16,15,Put,15.00,+56.09%,5.3,5.2,5.5,2501,1234,2.03,81.85%,108.48%,-0.977399,2026-10-01
XPEV,9.42,2026-10-16,15,Put,13.00,+38.00%,3.4,3.4,3.65,4066,1999,2.03,49.31%,83.09%,-0.970969,2026-10-01
PLTR,190.04,2026-10-09,8,Call,192.50,-1.29%,3.4,3.65,3.9,2237,1109,2.02,52.42%,41.71%,0.435015,2026-10-01
RKLB,70.46,2026-10-09,8,Call,75.00,-6.44%,1.15,1.2,1.22,2568,1270,2.02,73.88%,67.31%,0.284903,2026-10-01
WMT,104.26,2026-10-16,15,Put,103.00,-1.21%,1.22,1.27,1.32,2721,1347,2.02,27.80%,22.41%,-0.377246,2026-10-01
APLD,24.16,2026-10-02,1,Put,29.00,+20.03%,4.3,4.94,5.15,585,289,2.02,89.40%,236.86%,-0.920922,2026-10-01
SNDK,1787.69,2026-10-02,1,Call,"1,840.00",-2.93%,8.4,9.65,9.7,608,301,2.02,67.99%,72.98%,0.231701,2026-10-01
NKE,35.15,2026-10-02,1,Call,34.00,+3.27%,2.1,2.15,2.29,613,303,2.02,54.51%,215.29%,0.637315,2026-10-01
SPCX,148.07,2026-11-06,36,Call,160.00,-8.06%,4.35,4.4,4.45,810,401,2.02,46.15%,46.47%,0.33318,2026-10-01
ON,80.08,2026-11-20,50,Call,90.00,-12.39%,3.85,3.95,4,1104,547,2.02,60.11%,62.05%,0.355702,2026-10-01
WY,18.59,2026-10-16,15,Put,24.00,+29.10%,5.3,5.4,5.5,1201,594,2.02,32.16%,57.30%,-0.983694,2026-10-01
SNDK,1787.69,2026-10-02,1,Put,"1,715.00",-4.07%,3.7,4.5,4.8,508,253,2.01,67.99%,70.77%,-0.126765,2026-10-01
MS,188.01,2026-12-18,78,Call,170.00,+9.58%,21.6,22.26,23.2,531,264,2.01,33.86%,32.74%,0.773348,2026-10-01
SMCI,41.92,2026-10-16,15,Put,42.50,+1.38%,2.52,2.52,2.57,669,333,2.01,76.01%,66.74%,-0.509988,2026-10-01
INTC,120,2026-10-05,4,Call,128.00,-6.67%,0.47,0.5,0.52,734,365,2.01,67.00%,55.69%,0.14196,2026-10-01
NVDA,230.86,2026-10-07,6,Call,220.00,+4.70%,11.6,11.4,11.65,975,485,2.01,34.15%,33.85%,0.873832,2026-10-01
SKHY,193.5,2026-10-09,8,Call,220.00,-13.70%,0.48,0.53,0.58,1222,608,2.01,56.77%,57.83%,0.074004,2026-10-01
MP,46.09,2026-10-02,1,Put,45.50,-1.28%,0.22,0.31,0.39,1979,985,2.01,57.90%,57.74%,-0.328315,2026-10-01
LITS,1.375,2027-03-19,169,Call,2.5000,-81.16%,0.15,0.3,0.4,2527,1257,2.01,200.85%,140.17%,0.448421,2026-10-01
IBM,225.62,2026-10-02,1,Call,230.00,-1.94%,0.59,0.58,0.68,2870,1431,2.01,40.09%,45.21%,0.211934,2026-10-01
SOFI,15.84,2026-10-23,22,Call,17.00,-7.32%,0.27,0.27,0.28,7311,3642,2.01,50.74%,43.40%,0.278203,2026-10-01
MSTR,160.5,2026-10-02,1,Call,155.00,+3.43%,6,6.15,6.5,7908,3938,2.01,67.29%,79.48%,0.805565,2026-10-01
CAPR,8.94,2026-10-09,8,Call,10.00,-11.86%,0.1,0.2,0.35,766,383,2,204.43%,109.78%,0.273257,2026-10-01
QCOM,182.09,2026-10-09,8,Call,195.00,-7.09%,1,1.07,1.13,804,403,2,50.06%,45.95%,0.166694,2026-10-01
DELL,541.74,2026-10-02,1,Call,547.50,-1.06%,4.3,4.62,4.65,990,495,2,59.95%,61.21%,0.377812,2026-10-01
AXP,302.09,2028-01-21,477,Put,290.00,-4.00%,27.35,29.17,28.55,1047,524,2,27.62%,28.96%,-0.352015,2026-10-01
APP,281.31,2026-10-02,1,Put,280.00,-0.47%,2.45,2.83,3,1923,963,2,66.72%,57.19%,-0.430966,2026-10-01
MU,1097.39,2026-10-05,4,Put,980.00,-10.70%,0.41,0.45,0.49,503,253,1.99,53.47%,53.34%,-0.019656,2026-10-01
MSTR,160.5,2026-10-09,8,Put,148.00,-7.79%,1.39,1.46,1.47,663,333,1.99,67.29%,61.83%,-0.173595,2026-10-01
INTC,120,2026-10-16,15,Call,136.00,-13.33%,1.59,1.66,1.66,712,357,1.99,67.00%,65.83%,0.19471,2026-10-01
AMAT,529.3,2026-10-02,1,Call,530.00,-0.13%,5.9,6.1,6.25,715,360,1.99,56.94%,57.82%,0.48987,2026-10-01
HUM,379.68,2026-10-02,1,Call,410.00,-7.99%,0,0.75,2.75,919,461,1.99,66.18%,121.18%,0.119315,2026-10-01
CBRS,169.52,2026-10-02,1,Call,180.00,-6.18%,0.3,0.36,0.4,4449,2241,1.99,72.19%,86.95%,0.097995,2026-10-01
GLXY,23.02,2026-10-23,22,Put,20.00,-13.12%,0.44,0.52,0.85,3044,1537,1.98,81.57%,84.43%,-0.214141,2026-10-01
CRWV,88.57,2026-10-02,1,Call,87.00,+1.77%,2.32,2.38,2.46,4197,2116,1.98,76.24%,80.05%,0.673792,2026-10-01
WY,18.59,2026-10-16,15,Put,25.00,+34.48%,5.7,6.4,6.8,584,295,1.98,32.16%,65.43%,-0.984926,2026-10-01
META,725.93,2026-10-09,8,Put,660.00,-9.08%,0.87,0.99,1.03,684,345,1.98,40.62%,40.38%,-0.051034,2026-10-01
TSLA,354.11,2026-10-05,4,Call,382.50,-8.02%,0.35,0.35,0.37,792,399,1.98,42.22%,44.58%,0.052593,2026-10-01
MU,1097.39,2026-10-09,8,Call,"1,060.00",+3.41%,55.55,56.4,58,831,420,1.98,53.47%,53.87%,0.686219,2026-10-01
BABA,107.45,2027-01-15,106,Put,170.00,+58.21%,61.1,62.3,63.7,947,479,1.98,38.97%,41.97%,-0.989133,2026-10-01
MU,1097.39,2026-10-02,1,Call,"1,190.00",-8.44%,0.74,0.74,0.79,1965,992,1.98,53.47%,86.53%,0.03889,2026-10-01
KKR,91.24,2026-10-16,15,Put,90.00,-1.36%,2.05,2.1,2.4,519,264,1.97,40.96%,38.86%,-0.410459,2026-10-01
NKTR,46.99,2026-10-16,15,Put,40.00,-14.88%,0.2,0.45,0.7,536,272,1.97,71.50%,73.49%,-0.121924,2026-10-01
MU,1097.39,2026-10-30,29,Put,920.00,-16.16%,8.8,10.05,9.5,543,276,1.97,53.47%,54.32%,-0.106351,2026-10-01
AMZN,248.23,2026-10-07,6,Call,257.50,-3.73%,0.64,0.65,0.74,698,354,1.97,34.59%,27.21%,0.154975,2026-10-01
INFY,11.35,2026-11-20,50,Put,12.00,+5.73%,0.95,1.19,1.75,861,436,1.97,44.79%,56.11%,-0.568788,2026-10-01
AMD,615.73,2026-10-05,4,Call,650.00,-5.57%,1.34,1.62,1.51,1143,581,1.97,52.99%,41.47%,0.111964,2026-10-01
CPNG,13.8,2026-10-02,1,Put,15.00,+8.70%,1.06,1.04,1.52,1266,644,1.97,52.50%,154.39%,-0.839153,2026-10-01
AAPL,330.32,2026-10-05,4,Call,342.50,-3.69%,0.15,0.15,0.17,1552,786,1.97,25.20%,20.99%,0.052709,2026-10-01
RKLB,70.46,2026-10-09,8,Call,72.00,-2.19%,2.08,2.3,2.2,1758,891,1.97,73.88%,67.04%,0.436574,2026-10-01
AAPL,330.32,2026-10-09,8,Put,325.00,-1.61%,2.1,2.29,2.38,2717,1387,1.96,25.20%,23.15%,-0.304849,2026-10-01
MSFT,512.8,2026-10-02,1,Put,502.50,-2.01%,0.36,0.43,0.46,3330,1700,1.96,30.10%,30.96%,-0.10289,2026-10-01
APLD,24.16,2026-10-09,8,Put,22.50,-6.87%,0.81,0.85,0.9,618,315,1.96,89.40%,112.83%,-0.303582,2026-10-01
AVGO,343.64,2026-10-09,8,Put,347.50,+1.12%,7.5,8.5,9,626,320,1.96,36.31%,30.65%,-0.584135,2026-10-01
PFE,28.12,2026-10-09,8,Put,28.00,-0.43%,0.25,0.29,0.3,694,354,1.96,24.65%,19.68%,-0.441406,2026-10-01
CRDO,210.17,2026-10-02,1,Call,202.50,+3.65%,8.3,8.7,10.2,528,271,1.95,78.23%,101.43%,0.766972,2026-10-01
AVGO,343.64,2026-11-06,36,Put,340.00,-1.06%,12.8,12.75,14.05,588,302,1.95,36.31%,36.54%,-0.431647,2026-10-01
RKLB,70.46,2026-10-16,15,Call,71.00,-0.77%,3.45,2.81,4,804,413,1.95,73.88%,68.90%,0.510614,2026-10-01
NFLX,67.85,2026-11-20,50,Put,50.00,-26.31%,0.14,0.16,0.16,1711,878,1.95,38.10%,47.01%,-0.030709,2026-10-01
TSLA,354.11,2026-10-05,4,Call,375.00,-5.90%,0.71,0.72,0.73,3232,1669,1.94,42.22%,41.71%,0.100081,2026-10-01
O,53.53,2027-03-19,169,Call,55.00,-2.75%,1.8,2.19,2.3,529,272,1.94,19.76%,17.07%,0.460627,2026-10-01
KKR,91.24,2027-03-19,169,Put,80.00,-12.32%,4.3,4.5,4.6,667,344,1.94,40.96%,40.75%,-0.254357,2026-10-01
MU,1097.39,2026-10-02,1,Put,"1,200.00",+9.35%,99.35,102.21,106.65,791,407,1.94,53.47%,86.27%,-0.975411,2026-10-01
MU,1097.39,2026-10-07,6,Call,"1,070.00",+2.50%,42.05,44.5,46,819,423,1.94,53.47%,50.12%,0.668336,2026-10-01
CRCL,82.91,2026-10-09,8,Call,85.00,-2.52%,2.23,2.46,2.71,946,487,1.94,72.11%,68.30%,0.425728,2026-10-01
MSTR,160.5,2026-10-16,15,Call,157.50,+1.87%,9.8,9.95,10.05,1353,697,1.94,67.29%,63.84%,0.588184,2026-10-01
SHOP,149.09,2026-11-20,50,Put,140.00,-6.10%,8.55,8.7,9.95,1517,782,1.94,60.19%,63.94%,-0.343495,2026-10-01
HOOD,111.15,2026-10-09,8,Call,116.00,-4.36%,1.78,1.83,1.94,2005,1032,1.94,59.85%,56.23%,0.322317,2026-10-01
CIFR,15.46,2026-10-02,1,Put,19.50,+26.13%,3.75,4.37,4.65,551,286,1.93,94.05%,354.11%,-0.876965,2026-10-01
BA,192.28,2026-10-09,8,Call,187.50,+2.49%,7.05,7.39,7.55,899,465,1.93,36.75%,40.37%,0.673327,2026-10-01
AAPL,330.32,2026-10-07,6,Call,340.00,-2.93%,0.72,0.79,0.79,2214,1150,1.93,25.20%,21.73%,0.158233,2026-10-01
SNDK,1787.69,2026-10-02,1,Call,"1,740.00",+2.67%,55.2,60.8,59.2,3079,1597,1.93,67.99%,72.53%,0.768551,2026-10-01
INTC,120,2026-10-05,4,Put,120.00,0.00%,2.49,2.53,2.57,4254,2204,1.93,67.00%,50.90%,-0.487075,2026-10-01
MU,1097.39,2026-10-02,1,Put,"1,100.00",+0.24%,15.85,16,16.5,6153,3188,1.93,53.47%,64.90%,-0.52012,2026-10-01
MSTR,160.5,2026-10-09,8,Put,150.00,-6.54%,1.82,1.87,1.9,3064,1598,1.92,67.29%,61.70%,-0.213398,2026-10-01
MSFT,512.8,2026-10-02,1,Call,530.00,-3.35%,0.09,0.1,0.12,20563,10714,1.92,30.10%,33.37%,0.030383,2026-10-01
IBM,225.62,2026-10-09,8,Call,240.00,-6.37%,0.67,0.72,0.76,816,424,1.92,40.09%,35.34%,0.124768,2026-10-01
UNH,365.2,2026-10-02,1,Put,390.00,+6.79%,24.15,25.35,26.75,927,484,1.92,41.06%,90.07%,-0.914655,2026-10-01
U,43.61,2026-10-02,1,Call,44.00,-0.89%,0.33,0.43,0.5,1072,557,1.92,65.16%,64.26%,0.403315,2026-10-01
AMD,615.73,2026-10-02,1,Put,587.50,-4.58%,0.41,0.45,0.48,1787,930,1.92,52.99%,57.11%,-0.05611,2026-10-01
AAPL,330.32,2026-10-07,6,Call,332.50,-0.66%,2.67,2.85,3,1886,984,1.92,25.20%,22.10%,0.421744,2026-10-01
GME,24.11,2026-10-09,8,Put,23.50,-2.53%,0.32,0.43,0.45,569,298,1.91,47.88%,45.58%,-0.341786,2026-10-01
DIS,101.33,2029-01-19,841,Call,150.00,-48.03%,6.85,7.45,7.75,622,326,1.91,29.98%,31.61%,0.29419,2026-10-01
USB,57.36,2026-12-18,78,Call,52.50,+8.47%,6.25,6.31,6.45,766,401,1.91,28.88%,33.51%,0.739407,2026-10-01
MRVL,268.08,2026-10-16,15,Put,270.00,+0.72%,15.05,15.31,15.4,1048,550,1.91,64.56%,66.44%,-0.490737,2026-10-01
ADBE,241.28,2026-10-02,1,Call,245.00,-1.54%,0.76,0.8,0.91,1155,605,1.91,39.97%,43.49%,0.255834,2026-10-01
MU,1097.39,2028-06-16,624,Call,"1,000.00",+8.87%,380,385.75,395.15,1275,669,1.91,53.47%,57.31%,0.725035,2026-10-01
AMD,615.73,2026-10-02,1,Call,632.50,-2.72%,1.61,1.6,1.76,2305,1206,1.91,52.99%,54.73%,0.178753,2026-10-01
BAC,53.73,2026-11-20,50,Put,47.00,-12.53%,0.33,0.35,0.38,2725,1425,1.91,29.05%,31.61%,-0.110963,2026-10-01
TSLA,354.11,2026-10-02,1,Put,340.00,-3.98%,0.55,0.57,0.57,9919,5188,1.91,42.22%,61.92%,-0.101361,2026-10-01
MDT,86.44,2026-12-18,78,Put,87.50,+1.23%,4.25,5.1,5.7,20006,10451,1.91,34.01%,28.19%,-0.505388,2026-10-01
PLTR,190.04,2026-10-02,1,Call,195.00,-2.61%,0.4,0.39,0.43,21049,11000,1.91,52.42%,49.16%,0.162478,2026-10-01
AAPL,330.32,2026-10-09,8,Call,332.50,-0.66%,3.65,3.75,3.75,3019,1588,1.9,25.20%,23.50%,0.440632,2026-10-01
AMD,615.73,2026-10-23,22,Call,620.00,-0.69%,27.05,27.97,28.8,717,377,1.9,52.99%,48.53%,0.508469,2026-10-01
GOOG,334.93,2026-10-09,8,Call,352.50,-5.25%,1.05,1.09,1.13,790,416,1.9,32.75%,31.01%,0.141536,2026-10-01
SPCX,148.07,2026-10-30,29,Call,152.50,-2.99%,5.2,5.3,5.3,1152,605,1.9,46.15%,41.83%,0.434518,2026-10-01
SPCX,148.07,2026-10-16,15,Put,152.50,+2.99%,7.2,7.15,7.45,1391,731,1.9,46.15%,40.57%,-0.619788,2026-10-01
SNDK,1787.69,2026-10-02,1,Put,"1,690.00",-5.46%,1.8,1.84,2.1,638,338,1.89,67.99%,72.02%,-0.065239,2026-10-01
IREN,40.65,2026-10-02,1,Put,49.00,+20.54%,8.2,8.32,8.4,695,367,1.89,78.09%,154.40%,-0.988911,2026-10-01
SPCX,148.07,2026-10-16,15,Put,146.00,-1.40%,3.75,3.79,3.8,1445,766,1.89,46.15%,40.64%,-0.409907,2026-10-01
GTLB,49.95,2028-01-21,477,Call,65.00,-30.13%,9.2,10.2,10.6,1500,792,1.89,51.36%,60.06%,0.518008,2026-10-01
AMD,615.73,2026-10-09,8,Call,635.00,-3.13%,9.8,10.3,10.3,1735,919,1.89,52.99%,48.43%,0.351191,2026-10-01
HOOD,111.15,2026-10-02,1,Call,118.00,-6.16%,0.1,0.11,0.11,7581,4010,1.89,59.85%,72.12%,0.059078,2026-10-01
DELL,541.74,2026-10-02,1,Put,510.00,-5.86%,0.11,0.31,0.46,2178,1158,1.88,59.95%,65.63%,-0.037766,2026-10-01
CRWV,88.57,2026-10-02,1,Call,89.00,-0.49%,1.22,1.26,1.29,3004,1596,1.88,76.24%,78.53%,0.462273,2026-10-01
SPCX,148.07,2026-10-09,8,Call,157.50,-6.37%,0.77,0.8,0.8,3356,1788,1.88,46.15%,41.33%,0.167339,2026-10-01
AAPL,330.32,2026-10-05,4,Call,340.00,-2.93%,0.31,0.31,0.34,3743,1987,1.88,25.20%,20.78%,0.096961,2026-10-01
GOOGL,338.24,2026-10-07,6,Call,350.00,-3.48%,1.26,1.28,1.38,4442,2368,1.88,33.52%,29.37%,0.191283,2026-10-01
IBM,225.62,2026-10-09,8,Put,225.00,-0.27%,3.45,3.78,4.1,542,289,1.88,40.09%,30.81%,-0.465161,2026-10-01
AAPL,330.32,2026-10-07,6,Put,330.00,-0.10%,3.3,3.6,3.6,653,347,1.88,25.20%,21.85%,-0.474037,2026-10-01
MSTR,160.5,2026-10-09,8,Call,162.50,-1.25%,5.2,5.32,5.4,879,468,1.88,67.29%,64.91%,0.471314,2026-10-01
MRNA,188.94,2026-11-20,50,Call,290.00,-53.49%,5.2,5.7,6.8,997,530,1.88,90.60%,103.43%,0.180445,2026-10-01
AVGO,343.64,2026-10-05,4,Put,345.00,+0.40%,4.45,4.7,4.95,1197,638,1.88,36.31%,28.11%,-0.544047,2026-10-01
AAPL,330.32,2026-10-09,8,Put,310.00,-6.15%,0.24,0.28,0.34,2065,1097,1.88,25.20%,26.95%,-0.051604,2026-10-01
CRWD,266.09,2026-10-16,15,Call,267.50,-0.53%,10.6,10.71,10.95,619,331,1.87,53.78%,52.25%,0.507242,2026-10-01
APLD,24.16,2026-10-02,1,Put,28.50,+17.96%,4,4.4,4.95,620,332,1.87,89.40%,236.48%,-0.898476,2026-10-01
TSLA,354.11,2026-11-06,36,Call,370.00,-4.49%,13.5,13.8,14.05,677,363,1.87,42.22%,44.61%,0.414807,2026-10-01
XP,21.17,2027-02-19,141,Put,17.00,-19.70%,0.85,1.1,1.35,689,369,1.87,64.76%,57.88%,-0.211089,2026-10-01
MSFT,512.8,2026-10-05,4,Put,500.00,-2.50%,0.84,0.84,0.99,832,445,1.87,30.10%,23.13%,-0.142504,2026-10-01
POET,7.64,2026-11-20,50,Call,7.00,+8.38%,1.05,1.28,1.36,1553,831,1.87,77.82%,76.54%,0.680753,2026-10-01
AAPL,330.32,2026-10-02,1,Put,345.00,+4.44%,14.35,14.82,15.8,4298,2297,1.87,25.20%,60.58%,-0.912579,2026-10-01
TSLA,354.11,2026-10-09,8,Call,355.00,-0.25%,8.15,8.25,8.4,5476,2925,1.87,42.22%,40.93%,0.501171,2026-10-01
TSLA,354.11,2026-10-02,1,Put,365.00,+3.08%,11.1,12,12.15,5677,3039,1.87,42.22%,54.57%,-0.852103,2026-10-01
AAOI,107.32,2026-10-02,1,Call,105.00,+2.16%,3.3,3.3,3.7,5114,2749,1.86,95.04%,96.33%,0.677537,2026-10-01
BAC,53.73,2026-10-30,29,Call,55.00,-2.36%,1.18,1.23,1.29,743,399,1.86,29.05%,29.05%,0.408478,2026-10-01
MRVL,268.08,2026-10-02,1,Put,265.00,-1.15%,2.42,2.42,2.6,885,477,1.86,64.56%,69.46%,-0.367489,2026-10-01
IONQ,43.99,2026-10-09,8,Call,46.00,-4.57%,0.95,1,1.07,1468,791,1.86,74.96%,68.90%,0.352437,2026-10-01
META,725.93,2026-10-02,1,Put,712.50,-1.85%,1.7,1.79,1.76,1552,836,1.86,40.62%,42.02%,-0.193774,2026-10-01
ACN,212.3,2026-10-02,1,Call,215.00,-1.27%,1.45,2,3,576,312,1.85,44.06%,76.32%,0.383637,2026-10-01
LITE,1045.78,2026-10-09,8,Put,950.00,-9.16%,9.1,9.9,10.8,597,322,1.85,76.12%,70.59%,-0.163844,2026-10-01
APP,281.31,2026-10-09,8,Put,270.00,-4.02%,3.8,4.18,4.4,835,452,1.85,66.72%,53.29%,-0.284659,2026-10-01
MRVL,268.08,2026-10-30,29,Call,260.00,+3.01%,23.35,23.75,24.1,907,489,1.85,64.56%,64.07%,0.608878,2026-10-01
GOOGL,338.24,2027-03-19,169,Call,470.00,-38.95%,4.2,4.05,4.55,1110,601,1.85,33.52%,35.35%,0.120496,2026-10-01
TSLA,354.11,2026-10-09,8,Call,395.00,-11.55%,0.57,0.59,0.6,1338,722,1.85,42.22%,45.71%,0.058395,2026-10-01
HOOD,111.15,2026-10-09,8,Call,110.00,+1.03%,4.15,4.25,4.35,1342,725,1.85,59.85%,55.07%,0.570955,2026-10-01
META,725.93,2026-10-16,15,Put,720.00,-0.82%,17.75,18.25,18,2290,1239,1.85,40.62%,36.18%,-0.434565,2026-10-01
NVDA,230.86,2026-10-05,4,Call,227.50,+1.46%,4.6,4.6,4.65,2922,1583,1.85,34.15%,26.53%,0.710685,2026-10-01
AMD,615.73,2026-10-02,1,Put,600.00,-2.55%,1.53,1.6,1.69,8878,4792,1.85,52.99%,53.33%,-0.172414,2026-10-01
UEC,9.36,2026-10-02,1,Call,9.50,-1.50%,0.08,0.11,0.12,3306,1800,1.84,62.06%,81.26%,0.37246,2026-10-01
MSFT,512.8,2026-10-02,1,Put,505.00,-1.52%,0.64,0.71,0.74,6889,3736,1.84,30.10%,30.00%,-0.161324,2026-10-01
MU,1097.39,2026-10-02,1,Put,990.00,-9.79%,0.1,0.11,0.13,8848,4820,1.84,53.47%,81.47%,-0.007379,2026-10-01
SNOW,341.99,2026-10-02,1,Call,365.00,-6.73%,0.02,0.1,0.2,602,328,1.84,48.74%,63.29%,0.025853,2026-10-01
TSLA,354.11,2026-10-07,6,Put,347.50,-1.87%,4.2,4.34,4.3,660,358,1.84,42.22%,39.83%,-0.342656,2026-10-01
SOFI,15.84,2026-11-06,36,Call,18.50,-16.79%,0.32,0.33,0.34,792,430,1.84,50.74%,56.43%,0.222082,2026-10-01
TSLA,354.11,2027-09-17,351,Put,250.00,-29.40%,14.1,14.2,14.6,1024,557,1.84,42.22%,46.22%,-0.142024,2026-10-01
AMD,615.73,2026-10-05,4,Put,550.00,-10.68%,0.26,0.29,0.29,1536,835,1.84,52.99%,53.95%,-0.020985,2026-10-01
SNDK,1787.69,2026-10-02,1,Call,"1,715.00",+4.07%,75.5,80.44,84,556,304,1.83,67.99%,83.07%,0.836202,2026-10-01
NKE,35.15,2026-10-23,22,Call,37.00,-5.26%,1.02,1.22,1.38,589,322,1.83,54.51%,56.59%,0.380363,2026-10-01
CBRS,169.52,2026-10-02,1,Put,165.00,-2.67%,0.9,1,1.1,647,353,1.83,72.19%,76.72%,-0.243366,2026-10-01
MU,1097.39,2026-10-05,4,Call,"1,075.00",+2.04%,31.2,34.57,35,1798,980,1.83,53.47%,43.22%,0.687082,2026-10-01
ORCL,138.07,2026-10-02,1,Call,139.00,-0.67%,1.14,1.2,1.23,3580,1957,1.83,51.15%,55.44%,0.415035,2026-10-01
INTC,120,2026-10-02,1,Put,114.00,-5.00%,0.17,0.19,0.19,4444,2432,1.83,67.00%,72.50%,-0.08488,2026-10-01
HOOD,111.15,2026-10-02,1,Call,116.00,-4.36%,0.23,0.22,0.24,6849,3740,1.83,59.85%,68.59%,0.121232,2026-10-01
AMZN,248.23,2026-10-02,1,Call,255.00,-2.73%,0.13,0.12,0.14,29158,15963,1.83,34.59%,34.32%,0.069054,2026-10-01
BAC,53.73,2026-12-18,78,Put,49.00,-8.80%,0.88,0.96,0.99,2395,1316,1.82,29.05%,28.69%,-0.215568,2026-10-01
MSFT,512.8,2026-10-02,1,Call,515.00,-0.43%,2.31,2.38,2.47,11371,6235,1.82,30.10%,31.30%,0.402114,2026-10-01
SKHY,193.5,2026-12-18,78,Call,185.00,+4.39%,24.25,25.31,25.6,598,328,1.82,56.77%,56.25%,0.63117,2026-10-01
GOOG,334.93,2026-10-16,15,Call,342.50,-2.26%,4.8,4.94,5.05,725,399,1.82,32.75%,29.10%,0.372846,2026-10-01
CVX,207.1,2026-10-09,8,Call,210.00,-1.40%,1.6,1.91,2.14,822,451,1.82,27.49%,25.17%,0.362292,2026-10-01
PLTR,190.04,2026-10-02,1,Put,195.00,+2.61%,5.2,5.25,5.45,927,510,1.82,52.42%,47.80%,-0.845257,2026-10-01
AMKR,52.9,2026-10-16,15,Call,58.00,-9.64%,0.75,1,1.3,999,548,1.82,71.40%,63.97%,0.262736,2026-10-01
MU,1097.39,2026-10-02,1,Call,"1,025.00",+6.60%,68.5,69.65,75,1109,608,1.82,53.47%,39.12%,0.99959,2026-10-01
BABA,107.45,2026-10-02,1,Put,114.00,+6.10%,6.35,6.63,6.9,1565,859,1.82,38.97%,67.45%,-0.951356,2026-10-01
AVGO,343.64,2026-10-02,1,Put,337.50,-1.79%,0.62,0.67,0.68,1994,1093,1.82,36.31%,37.63%,-0.176375,2026-10-01
MU,1097.39,2026-10-05,4,Put,960.00,-12.52%,0.23,0.24,0.28,574,317,1.81,53.47%,56.82%,-0.011166,2026-10-01
AVGO,343.64,2026-10-09,8,Call,345.00,-0.40%,5.75,6.3,6.55,613,338,1.81,36.31%,32.95%,0.48297,2026-10-01
SNDK,1787.69,2026-10-02,1,Call,"1,720.00",+3.79%,71,75.75,77,659,364,1.81,67.99%,76.05%,0.839499,2026-10-01
AAOI,107.32,2026-10-02,1,Call,112.00,-4.36%,0.7,0.8,0.85,732,404,1.81,95.04%,106.06%,0.229866,2026-10-01
TSM,459.2,2026-10-09,8,Call,455.00,+0.91%,9.55,10.65,10.7,1049,578,1.81,33.59%,28.39%,0.600931,2026-10-01
UBER,67.88,2026-10-02,1,Put,72.00,+6.07%,3.95,4.15,4.25,1352,747,1.81,37.21%,63.25%,-0.961752,2026-10-01
SHOP,149.09,2026-10-02,1,Call,155.00,-3.96%,0.12,0.41,0.29,1574,871,1.81,60.19%,56.87%,0.098947,2026-10-01
APP,281.31,2026-10-02,1,Call,300.00,-6.64%,0.1,0.22,0.3,2041,1127,1.81,66.72%,72.12%,0.046244,2026-10-01
TSLA,354.11,2026-10-09,8,Call,352.50,+0.45%,9.35,9.5,9.65,2158,1195,1.81,42.22%,40.81%,0.547662,2026-10-01
SMR,7.79,2026-10-02,1,Put,9.00,+15.53%,1.1,1.12,1.31,2242,1242,1.81,79.96%,156.18%,-0.958011,2026-10-01
CRWD,266.09,2026-10-02,1,Put,255.00,-4.17%,0.34,0.4,0.4,2424,1339,1.81,53.78%,61.87%,-0.091137,2026-10-01
TSM,459.2,2027-06-17,259,Call,480.00,-4.53%,54.55,55.77,56.6,4037,2235,1.81,33.59%,38.81%,0.53891,2026-10-01
CBRS,169.52,2026-10-16,15,Call,200.00,-17.98%,2,2.06,2.25,4512,2493,1.81,72.19%,76.43%,0.163676,2026-10-01
TSLA,354.11,2026-10-02,1,Call,375.00,-5.90%,0.32,0.32,0.34,20621,11391,1.81,42.22%,69.56%,0.060201,2026-10-01
META,725.93,2026-10-02,1,Put,690.00,-4.95%,0.12,0.15,0.15,2409,1338,1.8,40.62%,47.65%,-0.02011,2026-10-01
AMD,615.73,2026-10-02,1,Put,585.00,-4.99%,0.31,0.35,0.39,2485,1380,1.8,52.99%,58.27%,-0.044839,2026-10-01
INTC,120,2026-10-02,1,Call,118.00,+1.67%,2.91,2.9,3,4009,2229,1.8,67.00%,71.27%,0.681465,2026-10-01
MP,46.09,2026-10-16,15,Put,44.00,-4.53%,0.99,1.38,1.48,544,302,1.8,57.90%,58.87%,-0.322783,2026-10-01
META,725.93,2026-10-05,4,Call,770.00,-6.07%,0.5,0.56,0.64,601,333,1.8,40.62%,34.17%,0.052751,2026-10-01
EOSE,3.14,2026-10-02,1,Call,3.00,+4.46%,0.13,0.12,0.16,1177,654,1.8,103.88%,66.33%,0.908946,2026-10-01
AVGO,343.64,2026-10-30,29,Put,325.00,-5.42%,5.65,5.85,6,1423,792,1.8,36.31%,35.53%,-0.264747,2026-10-01
PLTR,190.04,2026-10-09,8,Put,177.50,-6.60%,0.87,0.88,0.93,1504,837,1.8,52.42%,44.20%,-0.138359,2026-10-01
C,127,2026-10-02,1,Put,136.00,+7.09%,7.7,8.66,10.25,506,282,1.79,32.90%,56.53%,-0.989904,2026-10-01
VZ,45.98,2026-10-09,8,Call,46.00,-0.04%,0.41,0.5,0.55,722,404,1.79,24.71%,18.39%,0.493294,2026-10-01
SOFI,15.84,2026-11-06,36,Call,17.50,-10.48%,0.52,0.53,0.57,776,434,1.79,50.74%,56.39%,0.325617,2026-10-01
AAPL,330.32,2026-10-09,8,Call,347.50,-5.20%,0.33,0.36,0.37,1067,597,1.79,25.20%,22.78%,0.071647,2026-10-01
NU,13.29,2026-10-09,8,Call,14.00,-5.34%,0.14,0.2,0.22,2397,1338,1.79,53.81%,55.21%,0.27911,2026-10-01
UBER,67.88,2026-10-02,1,Call,68.00,-0.18%,0.43,0.45,0.49,2408,1354,1.78,37.21%,36.26%,0.468929,2026-10-01
BAC,53.73,2026-11-20,50,Call,55.00,-2.36%,1.68,1.71,1.73,9295,5213,1.78,29.05%,27.92%,0.437872,2026-10-01
AAPL,330.32,2026-10-09,8,Call,340.00,-2.93%,1.24,1.25,1.3,11549,6489,1.78,25.20%,22.71%,0.20632,2026-10-01
AAPL,330.32,2026-10-09,8,Put,342.50,+3.69%,12.25,13.4,13.5,502,282,1.78,25.20%,23.13%,-0.852803,2026-10-01
DLTR,114.43,2026-11-20,50,Call,115.00,-0.50%,5,6.64,7,505,283,1.78,35.88%,35.38%,0.52761,2026-10-01
NFLX,67.85,2026-12-18,78,Put,105.00,+54.75%,35,36.8,39,585,329,1.78,38.10%,52.24%,-0.983601,2026-10-01
BE,277.58,2026-10-16,15,Call,335.00,-20.69%,2.37,2.51,2.43,621,349,1.78,79.43%,74.49%,0.123218,2026-10-01
AVGO,343.64,2026-10-02,1,Put,370.00,+7.67%,25.45,26.2,27.15,711,400,1.78,36.31%,57.01%,-0.994465,2026-10-01
RDDT,149.53,2026-10-02,1,Call,147.00,+1.69%,3.25,3.6,3.75,732,412,1.78,65.48%,63.68%,0.702607,2026-10-01
AXTI,81.81,2026-10-16,15,Call,95.00,-16.12%,2.65,2.94,3.2,852,479,1.78,117.19%,109.11%,0.288398,2026-10-01
RDDT,149.53,2026-10-02,1,Call,152.50,-1.99%,0.77,0.85,0.99,1499,840,1.78,65.48%,64.17%,0.285792,2026-10-01
EOSE,3.14,2026-11-06,36,Put,2.50,-20.38%,0.1,0.13,0.15,538,304,1.77,103.88%,103.03%,-0.190252,2026-10-01
LHX,238.4,2026-11-20,50,Call,250.00,-4.87%,5.5,5.9,6.5,544,308,1.77,28.80%,29.47%,0.359472,2026-10-01
GOOG,334.93,2026-10-09,8,Call,357.50,-6.74%,0.67,0.69,0.72,688,388,1.77,32.75%,32.47%,0.094083,2026-10-01
CRWV,88.57,2026-10-09,8,Put,73.00,-17.58%,0.12,0.15,0.14,1107,627,1.77,76.24%,73.51%,-0.033019,2026-10-01
GIS,31.67,2026-10-16,15,Call,32.50,-2.62%,0.35,0.4,0.45,1122,633,1.77,33.98%,29.23%,0.333557,2026-10-01
MS,188.01,2026-10-09,8,Call,195.00,-3.72%,0.93,0.98,1,1451,820,1.77,33.86%,29.63%,0.210836,2026-10-01
KO,86.1,2026-10-09,8,Put,86.00,-0.12%,0.79,0.88,0.88,1727,974,1.77,20.19%,17.64%,-0.472951,2026-10-01
SMCI,41.92,2026-10-09,8,Call,41.00,+2.19%,2.13,2.17,2.2,1761,996,1.77,76.01%,67.18%,0.610819,2026-10-01
DELL,541.74,2026-10-02,1,Call,560.00,-3.37%,1.43,1.55,1.79,2307,1305,1.77,59.95%,64.48%,0.167842,2026-10-01
DKNG,19.35,2026-12-18,78,Put,38.00,+96.38%,17.85,19.01,19.75,2640,1489,1.77,64.29%,94.56%,-0.920107,2026-10-01
GME,24.11,2026-10-02,1,Put,24.00,-0.46%,0.21,0.2,0.24,5505,3105,1.77,47.88%,54.93%,-0.431913,2026-10-01
NKE,35.15,2026-10-09,8,Call,36.00,-2.42%,1.39,1.42,1.5,6508,3671,1.77,54.51%,87.74%,0.451874,2026-10-01
TSLA,354.11,2026-10-09,8,Call,365.00,-3.08%,4.35,4.42,4.5,4274,2433,1.76,42.22%,41.05%,0.324897,2026-10-01
MARA,11.21,2026-10-02,1,Put,11.00,-1.87%,0.11,0.12,0.12,5587,3174,1.76,81.90%,87.71%,-0.331066,2026-10-01
NFLX,67.85,2026-10-02,1,Put,72.00,+6.12%,4.05,3.91,4.25,5707,3243,1.76,38.10%,54.80%,-0.981321,2026-10-01
TSLA,354.11,2026-10-05,4,Put,342.50,-3.28%,1.6,1.55,1.65,751,426,1.76,42.22%,38.94%,-0.198319,2026-10-01
AAOI,107.32,2026-10-09,8,Call,120.00,-11.82%,1.55,1.7,1.85,1027,582,1.76,95.04%,89.68%,0.221115,2026-10-01
TEM,76.5,2026-11-20,50,Call,95.00,-24.18%,3.1,3.7,3.75,1039,590,1.76,75.87%,79.26%,0.283287,2026-10-01
AVGO,343.64,2026-10-05,4,Call,360.00,-4.76%,0.36,0.39,0.42,1215,691,1.76,36.31%,30.85%,0.078738,2026-10-01
MSTR,160.5,2026-10-16,15,Call,162.50,-1.25%,7.5,7.7,7.7,915,522,1.75,67.29%,64.73%,0.493382,2026-10-01
TSLA,354.11,2026-10-07,6,Call,370.00,-4.49%,2.2,2.24,2.27,1598,914,1.75,42.22%,41.30%,0.214613,2026-10-01
NU,13.29,2026-10-23,22,Put,12.50,-5.94%,0.25,0.31,0.41,1803,1031,1.75,53.81%,52.31%,-0.288735,2026-10-01
AAOI,107.32,2026-10-02,1,Put,100.00,-6.82%,0.15,0.19,0.25,1811,1033,1.75,95.04%,97.52%,-0.079051,2026-10-01
CVS,85.2,2026-10-02,1,Call,86.00,-0.94%,0.3,0.47,0.88,1936,1105,1.75,35.78%,52.34%,0.371915,2026-10-01
ORCL,138.07,2026-10-02,1,Put,136.00,-1.50%,0.66,0.71,0.74,3181,1818,1.75,51.15%,53.06%,-0.28774,2026-10-01
NKE,35.15,2026-10-09,8,Call,40.00,-13.80%,0.42,0.43,0.43,4809,2761,1.74,54.51%,89.00%,0.179619,2026-10-01
AMZN,248.23,2026-10-02,1,Call,245.00,+1.30%,3.65,3.76,3.9,5873,3366,1.74,34.59%,32.32%,0.784967,2026-10-01
SHAZ,49.85,2027-01-15,106,Call,80.00,-60.48%,3.8,4.05,5,500,287,1.74,107.11%,108.57%,0.310236,2026-10-01
MRNA,188.94,2026-10-02,1,Put,187.50,-0.76%,2.48,2.8,2.97,521,300,1.74,90.60%,86.63%,-0.423322,2026-10-01
NOW,137.76,2026-10-02,1,Put,137.00,-0.55%,1.13,1.08,1.24,639,368,1.74,53.82%,53.72%,-0.415256,2026-10-01
IBM,225.62,2026-10-02,1,Call,227.50,-0.83%,1.1,1.2,1.3,1430,821,1.74,40.09%,42.26%,0.358268,2026-10-01
CRDO,210.17,2026-10-02,1,Call,215.00,-2.30%,2.55,2.58,2.7,1597,918,1.74,78.23%,104.50%,0.349683,2026-10-01
DOW,27.59,2026-10-02,1,Put,29.00,+5.11%,0.91,1.32,2.53,504,292,1.73,39.66%,140.74%,-0.73889,2026-10-01
F,12.27,2026-10-23,22,Call,12.50,-1.87%,0.26,0.31,0.31,596,345,1.73,36.56%,32.35%,0.419864,2026-10-01
ALAB,356.42,2026-10-02,1,Call,375.00,-5.21%,5.5,6.6,7.25,951,551,1.73,87.65%,179.45%,0.311009,2026-10-01
MRNA,188.94,2026-10-02,1,Put,192.50,+1.88%,5.45,5.65,5.8,1084,628,1.73,90.60%,89.87%,-0.644941,2026-10-01
QCOM,182.09,2026-10-02,1,Call,185.00,-1.60%,0.8,0.85,0.98,2047,1182,1.73,50.06%,52.64%,0.28776,2026-10-01
NFLX,67.85,2026-10-02,1,Put,75.00,+10.54%,6.95,7.06,7.9,4178,2420,1.73,38.10%,151.87%,-0.888898,2026-10-01
WULF,14.91,2027-01-15,106,Call,24.00,-60.97%,0.57,0.54,0.71,5007,2902,1.73,81.86%,91.32%,0.194211,2026-10-01
GOOGL,338.24,2026-10-02,1,Put,342.50,+1.26%,4.65,5.4,5.3,5567,3226,1.73,33.52%,31.73%,-0.771058,2026-10-01
ABR,3.71,2029-01-19,841,Call,5.00,-34.77%,0.25,0.36,0.5,2120,1235,1.72,62.72%,48.91%,0.306157,2026-10-01
PFE,28.12,2026-10-02,1,Put,28.50,+1.35%,0.37,0.41,0.47,3605,2091,1.72,24.65%,27.55%,-0.82303,2026-10-01
CRCL,82.91,2027-01-15,106,Put,70.00,-15.57%,5.6,5.85,6.05,4032,2348,1.72,72.11%,70.15%,-0.253586,2026-10-01
HOOD,111.15,2026-10-02,1,Call,117.00,-5.26%,0.15,0.16,0.17,4501,2616,1.72,59.85%,70.64%,0.085967,2026-10-01
NOW,137.76,2026-10-02,1,Put,136.00,-1.28%,0.77,0.8,0.86,992,576,1.72,53.82%,53.96%,-0.3182,2026-10-01
MU,1097.39,2026-10-09,8,Put,"1,050.00",-4.32%,14.05,14.55,14.65,1116,647,1.72,53.47%,52.08%,-0.267386,2026-10-01
FPS,37.33,2026-11-20,50,Call,37.50,-0.46%,3.8,4.3,4.3,1225,714,1.72,73.01%,73.43%,0.555381,2026-10-01
COHR,319.19,2026-10-02,1,Call,350.00,-9.65%,0.15,0.25,0.3,1369,798,1.72,75.94%,96.27%,0.035833,2026-10-01
HUM,379.68,2026-10-02,1,Call,395.00,-4.03%,0.8,4.3,7.1,534,313,1.71,66.18%,120.53%,0.276164,2026-10-01
DOCU,69.74,2027-01-15,106,Call,80.00,-14.71%,3.6,4,4.45,556,325,1.71,47.49%,49.03%,0.366394,2026-10-01
BAC,53.73,2026-12-18,78,Put,43.00,-19.97%,0.15,0.29,0.27,691,404,1.71,29.05%,32.57%,-0.057252,2026-10-01
SKHY,193.5,2026-10-09,8,Put,185.00,-4.39%,2.34,2.45,2.54,993,580,1.71,56.77%,51.56%,-0.262259,2026-10-01
NVTS,12.12,2026-10-09,8,Call,13.50,-11.39%,0.14,0.17,0.17,997,583,1.71,87.61%,80.79%,0.201937,2026-10-01
NVDA,230.86,2026-10-09,8,Call,222.50,+3.62%,9.7,9.9,10.3,1146,671,1.71,34.15%,33.72%,0.781995,2026-10-01
SPCX,148.07,2026-10-09,8,Put,144.00,-2.75%,1.79,1.76,1.83,1260,735,1.71,46.15%,40.74%,-0.306941,2026-10-01
AMZN,248.23,2026-10-09,8,Call,265.00,-6.76%,0.34,0.35,0.37,5178,3029,1.71,34.59%,29.69%,0.074058,2026-10-01
AMD,615.73,2026-10-02,1,Call,640.00,-3.94%,0.79,0.82,0.86,6681,3912,1.71,52.99%,56.25%,0.097709,2026-10-01
SOFI,15.84,2026-10-02,1,Call,16.00,-1.01%,0.1,0.11,0.11,29049,16949,1.71,50.74%,51.97%,0.362406,2026-10-01
MRNA,188.94,2026-10-02,1,Call,210.00,-11.15%,0.15,0.15,0.21,5761,3395,1.7,90.60%,113.61%,0.040451,2026-10-01
BE,277.58,2026-10-16,15,Call,285.00,-2.67%,12.65,13.1,12.85,537,315,1.7,79.43%,70.42%,0.459279,2026-10-01
ESTC,92.31,2026-10-16,15,Put,85.00,-7.92%,0.8,1,1,725,427,1.7,60.95%,47.49%,-0.178806,2026-10-01
AI,11.11,2026-11-20,50,Call,10.00,+9.99%,1.56,1.6,1.67,859,506,1.7,57.90%,59.21%,0.730695,2026-10-01
BX,112.24,2028-12-15,806,Put,95.00,-15.36%,13.6,14.95,14.95,1049,617,1.7,39.81%,38.61%,-0.260805,2026-10-01
IEP,6.77,2029-01-19,841,Put,7.00,+3.40%,2.35,2.75,3.2,532,314,1.69,42.51%,36.37%,-0.411222,2026-10-01
MDB,351.73,2026-10-09,8,Call,400.00,-13.72%,1.5,1.55,1.89,532,315,1.69,57.73%,66.57%,0.106201,2026-10-01
SNDK,1787.69,2026-10-02,1,Put,"1,570.00",-12.18%,0.1,0.1,0.2,553,327,1.69,67.99%,97.59%,-0.005102,2026-10-01
TSM,459.2,2026-10-02,1,Put,455.00,-0.91%,1.4,1.43,1.55,603,357,1.69,33.59%,33.01%,-0.292896,2026-10-01
INTC,120,2026-10-09,8,Call,124.00,-3.33%,2.78,2.8,2.86,904,535,1.69,67.00%,62.59%,0.382303,2026-10-01
USAR,13.8,2026-10-02,1,Call,14.00,-1.45%,0.1,0.14,0.14,1192,705,1.69,74.66%,70.32%,0.355812,2026-10-01
BULL,7.03,2026-10-02,1,Put,8.00,+13.80%,0.9,0.96,1,1937,1148,1.69,59.70%,145.65%,-0.951529,2026-10-01
AVGO,343.64,2026-10-09,8,Put,340.00,-1.06%,4.75,4.8,5.15,2244,1330,1.69,36.31%,33.20%,-0.400118,2026-10-01
F,12.27,2026-10-09,8,Call,12.50,-1.87%,0.12,0.13,0.13,3909,2316,1.69,36.56%,30.37%,0.346382,2026-10-01
SOFI,15.84,2026-10-02,1,Put,18.00,+13.64%,2.15,2.13,2.19,4039,2408,1.68,50.74%,126.09%,-0.971998,2026-10-01
META,725.93,2026-10-02,1,Put,730.00,+0.56%,8.35,8.5,8.5,4619,2750,1.68,40.62%,40.90%,-0.597552,2026-10-01
NKE,35.15,2026-10-02,1,Put,35.50,+1.00%,1.85,1.86,1.9,6011,3569,1.68,54.51%,229.82%,-0.508871,2026-10-01
MARA,11.21,2026-10-09,8,Call,12.00,-7.05%,0.22,0.22,0.23,6701,3987,1.68,81.90%,76.76%,0.296311,2026-10-01
BULL,7.03,2029-01-19,841,Call,15.00,-113.37%,1.11,1.14,1.3,500,298,1.68,59.70%,60.78%,0.405485,2026-10-01
PEP,125.6,2026-11-20,50,Put,110.00,-12.42%,0.15,0.36,0.6,665,396,1.68,25.63%,24.99%,-0.07019,2026-10-01
MSFT,512.8,2026-10-02,1,Call,490.00,+4.45%,21.85,23,24,759,451,1.68,30.10%,42.46%,0.980335,2026-10-01
UBER,67.88,2026-10-23,22,Call,72.00,-6.07%,0.75,0.81,0.85,799,477,1.68,37.21%,32.81%,0.253912,2026-10-01
UBER,67.88,2026-10-02,1,Call,67.00,+1.30%,1.05,1.05,1.13,818,486,1.68,37.21%,37.86%,0.74981,2026-10-01
MSTR,160.5,2026-10-09,8,Call,167.50,-4.36%,3.55,3.6,3.7,1164,694,1.68,67.29%,67.02%,0.354905,2026-10-01
META,725.93,2026-10-09,8,Put,645.00,-11.15%,0.47,0.54,0.59,1237,738,1.68,40.62%,43.10%,-0.029004,2026-10-01
NVDA,230.86,2026-11-06,36,Call,235.00,-1.79%,7.4,7.45,7.7,1784,1063,1.68,34.15%,31.31%,0.461579,2026-10-01
BABA,107.45,2026-10-02,1,Call,108.00,-0.51%,0.57,0.59,0.66,1818,1080,1.68,38.97%,38.33%,0.403448,2026-10-01
GOOG,334.93,2026-10-23,22,Put,310.00,-7.44%,1.62,1.66,1.76,1880,1117,1.68,32.75%,29.95%,-0.132242,2026-10-01
MS,188.01,2026-10-09,8,Call,200.00,-6.38%,0.22,0.31,0.32,517,309,1.67,33.86%,28.66%,0.076532,2026-10-01
CBRS,169.52,2026-10-02,1,Put,205.00,+20.93%,32.5,34.65,38.1,554,332,1.67,72.19%,138.87%,-0.995744,2026-10-01
MOS,21.55,2026-10-02,1,Put,23.00,+6.73%,1.35,1.52,1.7,575,345,1.67,49.56%,106.84%,-0.872099,2026-10-01
FSLR,172.11,2028-01-21,477,Put,400.00,+132.41%,225.8,228.33,230,583,350,1.67,54.90%,55.66%,-0.943896,2026-10-01
TTWO,203.62,2026-10-02,1,Call,205.00,-0.68%,1.05,1.25,1.4,604,362,1.67,46.90%,42.76%,0.387493,2026-10-01
VLO,408.46,2026-10-16,15,Put,365.00,-10.64%,2.45,2.7,3,814,488,1.67,50.71%,50.88%,-0.124586,2026-10-01
AMD,615.73,2026-10-05,4,Put,575.00,-6.61%,0.74,0.78,0.8,1151,691,1.67,52.99%,43.46%,-0.062297,2026-10-01
FSLR,172.11,2026-11-20,50,Call,200.00,-16.20%,5.85,6.1,6.75,1234,738,1.67,54.90%,59.80%,0.293456,2026-10-01
BE,277.58,2026-10-09,8,Call,300.00,-8.08%,3.95,4.3,4.35,1708,1024,1.67,79.43%,71.33%,0.249916,2026-10-01
NVDA,230.86,2026-10-07,6,Put,230.00,-0.37%,2.77,2.85,2.79,9177,5479,1.67,34.15%,27.54%,-0.445778,2026-10-01
GOOG,334.93,2026-10-02,1,Call,350.00,-4.50%,0.1,0.11,0.12,12222,7336,1.67,32.75%,45.93%,0.034811,2026-10-01
INTC,120,2026-10-02,1,Call,127.00,-5.83%,0.14,0.14,0.15,6041,3649,1.66,67.00%,73.08%,0.072075,2026-10-01
RKLB,70.46,2026-10-02,1,Call,72.00,-2.19%,0.55,0.55,0.6,7327,4413,1.66,73.88%,79.83%,0.310628,2026-10-01
QBTS,16.56,2026-10-09,8,Put,17.00,+2.66%,0.82,0.82,0.95,600,361,1.66,73.68%,65.53%,-0.585329,2026-10-01
BE,277.58,2026-10-09,8,Call,275.00,+0.93%,12.2,12.84,13.5,718,432,1.66,79.43%,69.85%,0.559723,2026-10-01
DELL,541.74,2026-10-02,1,Put,540.00,-0.32%,5.6,6.2,6.65,790,475,1.66,59.95%,61.82%,-0.453014,2026-10-01
CAVA,54.4,2027-06-17,259,Put,65.00,+19.49%,16,16.68,17.05,1000,603,1.66,61.21%,58.25%,-0.537872,2026-10-01
SNDK,1787.69,2026-10-02,1,Call,"1,700.00",+4.91%,88.2,91.62,93,1141,688,1.66,67.99%,71.78%,0.913136,2026-10-01
APP,281.31,2026-10-02,1,Call,295.00,-4.87%,0.35,0.38,0.45,1227,737,1.66,66.72%,66.52%,0.089419,2026-10-01
TSLA,354.11,2026-10-09,8,Put,370.00,+4.49%,18.2,16.15,18.9,1619,976,1.66,42.22%,40.01%,-0.759849,2026-10-01
GS,896.67,2026-10-02,1,Call,895.00,+0.19%,6.3,7.76,8.6,500,303,1.65,34.37%,35.07%,0.545059,2026-10-01
RCAT,6.33,2026-10-09,8,Call,6.50,-2.69%,0.17,0.22,0.24,563,342,1.65,81.88%,73.86%,0.428606,2026-10-01
F,12.27,2027-09-17,351,Call,12.00,+2.20%,1.71,1.83,1.91,639,388,1.65,36.56%,37.21%,0.575276,2026-10-01
SMR,7.79,2026-10-02,1,Put,10.00,+28.37%,2.1,2.1,2.38,698,424,1.65,79.96%,295.80%,-0.937777,2026-10-01
UUUU,10.71,2026-10-02,1,Put,12.00,+12.04%,1.11,1.25,1.4,1042,632,1.65,66.21%,121.98%,-0.960176,2026-10-01
IREN,40.65,2026-12-18,78,Put,37.00,-8.98%,3.8,3.98,4.1,1049,636,1.65,78.09%,80.41%,-0.323722,2026-10-01
MU,1097.39,2026-10-05,4,Put,"1,060.00",-3.41%,7.2,7.15,7.45,1157,701,1.65,53.47%,46.72%,-0.229375,2026-10-01
LHX,238.4,2026-10-16,15,Call,260.00,-9.06%,0.2,0.4,0.5,1249,756,1.65,28.80%,27.19%,0.06266,2026-10-01
MARA,11.21,2026-10-02,1,Put,14.00,+24.89%,2.77,2.79,2.8,1285,780,1.65,81.90%,139.39%,-0.999772,2026-10-01
BULL,7.03,2026-10-02,1,Call,7.00,+0.43%,0.1,0.1,0.12,2232,1353,1.65,59.70%,64.06%,0.558633,2026-10-01
BA,192.28,2026-10-09,8,Call,190.00,+1.19%,5.5,5.82,6,3126,1898,1.65,36.75%,40.13%,0.590407,2026-10-01
BAC,53.73,2026-10-09,8,Call,55.00,-2.36%,0.29,0.3,0.32,3534,2143,1.65,29.05%,24.16%,0.265536,2026-10-01
SNDK,1787.69,2026-10-02,1,Call,"1,950.00",-9.08%,1,1.6,1.6,2958,1807,1.64,67.99%,92.31%,0.038175,2026-10-01
MSFT,512.8,2026-10-02,1,Put,507.50,-1.03%,1.08,1.19,1.25,4852,2967,1.64,30.10%,29.47%,-0.246217,2026-10-01
WFC,80.25,2026-11-20,50,Put,70.00,-12.77%,0.56,0.59,0.64,5348,3255,1.64,31.25%,33.29%,-0.117414,2026-10-01
SNDK,1787.69,2026-10-02,1,Put,"1,710.00",-4.35%,3.3,3.7,5,571,348,1.64,67.99%,73.69%,-0.120228,2026-10-01
IBM,225.62,2026-10-09,8,Call,225.00,+0.27%,4.5,4.77,5,576,352,1.64,40.09%,33.16%,0.533441,2026-10-01
NKE,35.15,2026-10-16,15,Call,34.00,+3.27%,2.21,2.46,2.67,615,375,1.64,54.51%,64.99%,0.623447,2026-10-01
GOOG,334.93,2026-10-23,22,Call,340.00,-1.51%,7.5,7.7,7.8,684,417,1.64,32.75%,29.27%,0.443174,2026-10-01
CBRS,169.52,2026-10-30,29,Call,180.00,-6.18%,8.7,9.5,10,685,418,1.64,72.19%,70.20%,0.425173,2026-10-01
ACHR,5.03,2026-10-02,1,Put,6.00,+19.28%,0.89,0.96,1,749,456,1.64,68.69%,198.24%,-0.950429,2026-10-01
WMT,104.26,2026-10-02,1,Put,110.00,+5.51%,5,5.48,7.4,888,543,1.64,27.80%,101.51%,-0.836833,2026-10-01
CBRS,169.52,2026-10-02,1,Put,200.00,+17.98%,28.5,31,31.7,948,578,1.64,72.19%,205.69%,-0.930927,2026-10-01
C,127,2026-10-02,1,Put,127.00,0.00%,0.91,0.97,1.07,1191,727,1.64,32.90%,37.44%,-0.495241,2026-10-01
MRVL,268.08,2026-10-02,1,Put,260.00,-3.01%,1.05,1.05,1.12,1668,1017,1.64,64.56%,69.95%,-0.195766,2026-10-01
BE,277.58,2026-10-02,1,Call,282.50,-1.77%,2.77,2.81,2.83,1683,1025,1.64,79.43%,83.10%,0.35205,2026-10-01
NKE,35.15,2026-10-09,8,Call,38.00,-8.11%,0.79,0.79,0.98,1797,1095,1.64,54.51%,92.56%,0.307773,2026-10-01
ORCL,138.07,2026-10-02,1,Call,136.00,+1.50%,2.73,3,2.89,1869,1137,1.64,51.15%,54.33%,0.708093,2026-10-01
WFC,80.25,2026-10-09,8,Put,78.00,-2.80%,0.3,0.41,0.41,628,386,1.63,31.25%,24.66%,-0.210306,2026-10-01
AVGO,343.64,2026-10-09,8,Put,310.00,-9.79%,0.15,0.22,0.24,806,493,1.63,36.31%,36.79%,-0.026788,2026-10-01
BE,277.58,2027-06-17,259,Call,500.00,-80.13%,28.5,29.75,30.8,946,582,1.63,79.43%,82.76%,0.325691,2026-10-01
CRDO,210.17,2026-10-02,1,Call,205.00,+2.46%,7,7.71,8.3,956,585,1.63,78.23%,106.03%,0.683856,2026-10-01
NBIS,232.28,2026-10-02,1,Put,232.50,+0.09%,3.8,4.25,4.5,1023,628,1.63,81.28%,83.48%,-0.499132,2026-10-01
IBKR,85.81,2026-10-02,1,Put,84.00,-2.11%,0.1,0.3,1.05,1227,755,1.63,41.40%,72.45%,-0.279797,2026-10-01
AAPL,330.32,2026-10-05,4,Put,325.00,-1.61%,0.87,0.99,0.99,2844,1745,1.63,25.20%,20.93%,-0.221323,2026-10-01
BMY,61.46,2026-10-16,15,Put,60.00,-2.38%,0.91,0.98,1,5617,3442,1.63,33.42%,32.16%,-0.343842,2026-10-01
NKE,35.15,2026-10-09,8,Put,33.00,-6.12%,0.75,0.85,0.89,2635,1629,1.62,54.51%,83.56%,-0.283728,2026-10-01
SMCI,41.92,2026-10-02,1,Call,40.50,+3.39%,1.57,1.6,1.64,3468,2145,1.62,76.01%,77.10%,0.809716,2026-10-01
NVDA,230.86,2026-10-09,8,Call,230.00,+0.37%,4.6,4.54,4.75,22600,13941,1.62,34.15%,30.42%,0.548592,2026-10-01
KO,86.1,2026-10-23,22,Put,85.00,-1.28%,0.92,1,1.04,513,317,1.62,20.19%,17.82%,-0.369367,2026-10-01
TSM,459.2,2026-10-16,15,Call,455.00,+0.91%,15.45,16.2,16,633,391,1.62,33.59%,35.74%,0.571572,2026-10-01
APLD,24.16,2026-10-02,1,Put,28.00,+15.89%,3.55,3.95,4,841,518,1.62,89.40%,206.89%,-0.904587,2026-10-01
GOOGL,338.24,2026-10-09,8,Call,335.00,+0.96%,7.6,7.8,8,912,562,1.62,33.52%,29.60%,0.602439,2026-10-01
NFLX,67.85,2026-10-02,1,Put,74.00,+9.06%,6.1,6.19,6.25,1405,869,1.62,38.10%,84.60%,-0.974239,2026-10-01
RKT,11.97,2026-10-02,1,Call,11.50,+3.93%,0.45,0.54,0.58,567,353,1.61,65.01%,79.72%,0.837322,2026-10-01
MU,1097.39,2026-10-30,29,Call,"1,050.00",+4.32%,92,93.62,93.65,716,445,1.61,53.47%,53.48%,0.651138,2026-10-01
LITE,1045.78,2026-10-16,15,Call,"1,100.00",-5.18%,38.3,38.2,39,996,618,1.61,76.12%,70.84%,0.393914,2026-10-01
NKE,35.15,2026-10-16,15,Call,35.50,-1.00%,1.7,1.74,1.78,1325,821,1.61,54.51%,67.14%,0.496697,2026-10-01
WMT,104.26,2026-10-02,1,Put,108.00,+3.59%,3.5,3.73,3.95,1770,1102,1.61,27.80%,33.25%,-0.979638,2026-10-01
AAPL,330.32,2026-10-02,1,Put,342.50,+3.69%,11.7,12.37,13,2073,1289,1.61,25.20%,43.97%,-0.941573,2026-10-01
RIOT,19.61,2027-01-15,106,Put,15.00,-23.51%,1.12,1.17,1.19,4005,2491,1.61,81.30%,80.73%,-0.195649,2026-10-01
MARA,11.21,2026-10-02,1,Put,13.50,+20.43%,2.26,2.31,2.32,2299,1436,1.6,81.90%,118.36%,-0.99974,2026-10-01
NFLX,67.85,2026-10-02,1,Put,73.00,+7.59%,5.1,5.2,5.25,2315,1451,1.6,38.10%,73.45%,-0.970866,2026-10-01
BABA,107.45,2026-10-02,1,Call,109.00,-1.44%,0.31,0.34,0.35,2670,1667,1.6,38.97%,39.85%,0.249474,2026-10-01
LQDA,27.99,2026-10-02,1,Put,45.00,+60.77%,16.1,17.55,17.4,2765,1726,1.6,141.41%,684.80%,-0.874009,2026-10-01
SPCX,148.07,2026-10-09,8,Put,150.00,+1.30%,4.45,4.54,4.65,5583,3499,1.6,46.15%,40.54%,-0.569637,2026-10-01
NVDA,230.86,2026-12-18,78,Put,225.00,-2.54%,11.15,11.3,11.45,6891,4319,1.6,34.15%,35.09%,-0.391233,2026-10-01
NKE,35.15,2026-10-02,1,Call,36.00,-2.42%,1.26,1.28,1.33,12283,7682,1.6,54.51%,227.17%,0.443625,2026-10-01
WFC,80.25,2026-10-02,1,Put,83.00,+3.43%,2.58,3.25,3.25,878,549,1.6,31.25%,58.07%,-0.862766,2026-10-01
MU,1097.39,2026-10-05,4,Call,"1,300.00",-18.46%,0.33,0.34,0.4,899,562,1.6,53.47%,71.36%,0.013051,2026-10-01
CRM,236.69,2026-10-16,15,Call,235.00,+0.71%,7.5,8.15,9.45,508,320,1.59,39.37%,39.03%,0.558064,2026-10-01
DKNG,19.35,2026-10-02,1,Put,22.00,+13.70%,2.54,2.76,2.74,523,328,1.59,64.29%,198.47%,-0.881714,2026-10-01
QBTS,16.56,2026-10-09,8,Call,16.50,+0.36%,0.63,0.68,0.72,546,344,1.59,73.68%,65.33%,0.537727,2026-10-01
TMC,3.76,2027-02-19,141,Call,9.00,-139.36%,0.07,0.13,0.16,600,377,1.59,80.41%,96.40%,0.129193,2026-10-01
MU,1097.39,2026-10-16,15,Call,"1,230.00",-12.08%,11.1,11.44,11.5,834,524,1.59,53.47%,56.25%,0.176244,2026-10-01
AAOI,107.32,2026-10-02,1,Call,108.00,-0.63%,1.65,1.82,2.15,1010,637,1.59,95.04%,98.69%,0.462396,2026-10-01
AMZN,248.23,2026-10-05,4,Call,257.50,-3.73%,0.22,0.25,0.27,1443,908,1.59,34.59%,24.85%,0.083803,2026-10-01
MU,1097.39,2026-10-02,1,Call,"1,220.00",-11.17%,0.33,0.32,0.39,2136,1346,1.59,53.47%,95.59%,0.018333,2026-10-01
USAR,13.8,2026-10-02,1,Put,15.50,+12.32%,1.55,1.71,2.27,2309,1449,1.59,74.66%,257.14%,-0.786841,2026-10-01
NOW,137.76,2026-10-02,1,Call,142.00,-3.08%,0.32,0.34,0.37,2080,1320,1.58,53.82%,57.32%,0.160599,2026-10-01
SOFI,15.84,2028-12-15,806,Call,18.00,-13.64%,4.95,5.15,5.2,3110,1964,1.58,50.74%,56.87%,0.654672,2026-10-01
AMD,615.73,2026-10-16,15,Call,650.00,-5.57%,11.25,11.43,11.7,4265,2706,1.58,52.99%,48.14%,0.312095,2026-10-01
META,725.93,2026-10-02,1,Call,745.00,-2.63%,1.18,1.2,1.21,4705,2976,1.58,40.62%,44.98%,0.138865,2026-10-01
HOOD,111.15,2026-10-09,8,Call,120.00,-7.96%,0.96,0.98,1,4920,3115,1.58,59.85%,56.96%,0.195902,2026-10-01
GOOGL,338.24,2026-10-09,8,Call,350.00,-3.48%,2.01,2.05,2.27,4930,3113,1.58,33.52%,30.92%,0.239956,2026-10-01
INTC,120,2026-10-02,1,Call,124.00,-3.33%,0.48,0.49,0.51,5941,3749,1.58,67.00%,72.30%,0.199021,2026-10-01
NVDA,230.86,2026-10-02,1,Put,235.00,+1.79%,4.25,4.44,4.35,10889,6894,1.58,34.15%,27.49%,-0.890583,2026-10-01
ABBV,259.93,2026-10-02,1,Put,255.00,-1.90%,0.05,0.16,0.23,623,394,1.58,28.88%,26.69%,-0.083804,2026-10-01
GOOGL,338.24,2026-10-02,1,Put,365.00,+7.91%,26.2,26.27,27.85,734,466,1.58,33.52%,85.63%,-0.953513,2026-10-01
ORCL,138.07,2026-10-09,8,Put,137.00,-0.77%,3.45,3.48,3.6,872,553,1.58,51.15%,50.11%,-0.441091,2026-10-01
USAR,13.8,2026-10-02,1,Put,17.00,+23.19%,3.1,3.22,3.3,875,555,1.58,74.66%,131.49%,-0.999761,2026-10-01
LQDA,27.99,2026-10-02,1,Put,60.00,+114.36%,31.4,34.5,34.4,1004,636,1.58,141.41%,"1,071.10%",-0.859901,2026-10-01
IREN,40.65,2026-10-02,1,Put,48.00,+18.08%,7.2,7.75,7.45,1251,792,1.58,78.09%,277.75%,-0.857795,2026-10-01
NKE,35.15,2026-10-09,8,Put,32.00,-8.96%,0.53,0.54,0.74,1434,907,1.58,54.51%,90.11%,-0.220592,2026-10-01
RIOT,19.61,2026-10-02,1,Put,22.00,+12.19%,2.16,2.47,2.69,1817,1147,1.58,81.30%,138.88%,-0.93907,2026-10-01
AVGO,343.64,2026-10-16,15,Call,357.50,-4.03%,4.5,4.69,4.85,523,333,1.57,36.31%,35.23%,0.308436,2026-10-01
LQDA,27.99,2026-10-02,1,Put,56.00,+100.07%,26.9,30,30,578,368,1.57,141.41%,850.51%,-0.909144,2026-10-01
AMD,615.73,2026-10-09,8,Put,610.00,-0.93%,13.75,14.3,14.5,587,374,1.57,52.99%,47.11%,-0.428979,2026-10-01
GM,79.31,2026-10-02,1,Put,84.00,+5.91%,4.5,5,5,652,415,1.57,36.30%,67.85%,-0.945491,2026-10-01
AMZN,248.23,2026-10-07,6,Call,245.00,+1.30%,4.45,5.36,6,655,417,1.57,34.59%,25.82%,0.666991,2026-10-01
LMND,46.76,2026-10-02,1,Call,48.00,-2.65%,0.05,0.15,0.25,668,425,1.57,64.18%,57.16%,0.195894,2026-10-01
XPEV,9.42,2027-01-15,106,Put,20.00,+112.31%,10.35,10.64,10.75,920,587,1.57,49.31%,89.86%,-0.927802,2026-10-01
MSTR,160.5,2026-10-16,15,Call,215.00,-33.96%,0.45,0.45,0.5,974,621,1.57,67.29%,81.24%,0.046186,2026-10-01
SAN,13.28,2027-03-19,169,Put,12.00,-9.64%,0.45,0.7,0.95,1171,744,1.57,34.66%,37.05%,-0.28994,2026-10-01
RIOT,19.61,2026-10-02,1,Call,19.00,+3.11%,0.67,0.72,0.79,1520,969,1.57,81.30%,84.33%,0.770502,2026-10-01
ARM,292.34,2026-10-02,1,Call,310.00,-6.04%,0.47,0.53,0.55,1666,1061,1.57,70.74%,81.90%,0.089401,2026-10-01
WMT,104.26,2026-10-09,8,Call,105.00,-0.71%,1.05,1.09,1.18,1828,1165,1.57,27.80%,23.09%,0.432032,2026-10-01
NBIS,232.28,2026-10-02,1,Call,245.00,-5.48%,0.62,0.66,0.77,2260,1439,1.57,81.28%,88.77%,0.130923,2026-10-01
RIOT,19.61,2026-10-02,1,Put,23.00,+17.29%,3.2,3.8,3.8,2406,1532,1.57,81.30%,230.75%,-0.896153,2026-10-01
PSKY,9.34,2026-10-09,8,Call,10.00,-7.07%,0.1,0.12,0.13,2692,1717,1.57,66.25%,61.24%,0.240717,2026-10-01
USAR,13.8,2026-10-02,1,Put,16.00,+15.94%,2.08,2.2,2.4,3218,2054,1.57,74.66%,186.66%,-0.928662,2026-10-01
IONQ,43.99,2026-10-02,1,Call,45.00,-2.30%,0.33,0.37,0.42,4011,2551,1.57,74.96%,83.57%,0.310386,2026-10-01
NFLX,67.85,2026-10-02,1,Put,67.00,-1.25%,0.12,0.15,0.14,5001,3192,1.57,38.10%,30.47%,-0.210531,2026-10-01
CBRS,169.52,2026-10-02,1,Call,187.50,-10.61%,0.05,0.1,0.1,2214,1417,1.56,72.19%,95.94%,0.023846,2026-10-01
HOOD,111.15,2026-10-02,1,Put,113.00,+1.66%,2.52,2.6,2.62,4283,2753,1.56,59.85%,62.85%,-0.685518,2026-10-01
SPCX,148.07,2026-10-09,8,Put,152.50,+2.99%,6.05,6.22,6.3,4430,2836,1.56,46.15%,40.69%,-0.674003,2026-10-01
NVDA,230.86,2026-10-05,4,Put,220.00,-4.70%,0.2,0.21,0.22,6750,4335,1.56,34.15%,30.79%,-0.063999,2026-10-01
GOOGL,338.24,2026-10-05,4,Put,332.50,-1.70%,1.2,1.45,1.39,585,376,1.56,33.52%,24.75%,-0.245957,2026-10-01
APP,281.31,2026-10-09,8,Call,300.00,-6.64%,2.55,2.75,2.95,634,406,1.56,66.72%,53.45%,0.222814,2026-10-01
CRWV,88.57,2026-10-09,8,Put,84.00,-5.16%,1.56,1.6,1.66,739,473,1.56,76.24%,67.62%,-0.278692,2026-10-01
MRVL,268.08,2026-10-09,8,Call,280.00,-4.45%,6.7,6.75,6.8,1319,843,1.56,64.56%,72.21%,0.364753,2026-10-01
NCLH,14.64,2026-10-02,1,Put,15.00,+2.46%,0.37,0.45,0.49,1396,896,1.56,55.16%,65.29%,-0.755538,2026-10-01
WMT,104.26,2026-10-02,1,Put,109.00,+4.55%,3.8,4.45,5.6,1459,934,1.56,27.80%,40.46%,-0.982924,2026-10-01
SKHY,193.5,2026-10-02,1,Put,182.50,-5.68%,0.1,0.11,0.12,1749,1123,1.56,56.77%,64.94%,-0.040778,2026-10-01
VIK,78.2,2026-10-16,15,Call,80.00,-2.30%,1.35,1.6,1.65,515,332,1.55,41.90%,35.01%,0.396408,2026-10-01
WFC,80.25,2026-10-16,15,Put,92.50,+15.26%,11.8,12.35,13.4,522,337,1.55,31.25%,52.71%,-0.899616,2026-10-01
CBRS,169.52,2026-10-30,29,Call,185.00,-9.13%,7.5,8,8.5,595,383,1.55,72.19%,71.67%,0.37587,2026-10-01
GEV,987.45,2026-10-16,15,Call,"1,020.00",-3.30%,24.3,24.3,24.7,622,402,1.55,49.33%,46.88%,0.390541,2026-10-01
META,725.93,2028-12-15,806,Call,"1,050.00",-44.64%,117.2,118,119.45,623,403,1.55,40.62%,43.78%,0.462281,2026-10-01
BE,277.58,2026-10-02,1,Call,292.50,-5.38%,0.74,0.84,0.8,821,528,1.55,79.43%,85.69%,0.126597,2026-10-01
CRCL,82.91,2026-10-02,1,Put,86.00,+3.73%,3.25,3.45,3.65,1048,675,1.55,72.11%,79.48%,-0.804465,2026-10-01
APLD,24.16,2026-10-02,1,Put,27.00,+11.75%,2.42,2.78,3.6,1136,732,1.55,89.40%,191.33%,-0.855314,2026-10-01
USAR,13.8,2026-10-02,1,Put,16.50,+19.57%,2.56,2.76,2.85,1146,741,1.55,74.66%,155.18%,-0.985012,2026-10-01
META,725.93,2026-10-02,1,Put,697.50,-3.92%,0.28,0.34,0.34,1279,823,1.55,40.62%,45.10%,-0.043798,2026-10-01
APP,281.31,2026-10-02,1,Put,270.00,-4.02%,0.3,0.42,0.5,1581,1021,1.55,66.72%,60.57%,-0.094534,2026-10-01
FRMI,4.05,2027-01-15,106,Call,4.00,+1.23%,0.9,0.97,1,2211,1431,1.55,102.23%,106.07%,0.628851,2026-10-01
AMZN,248.23,2026-10-02,1,Call,242.50,+2.31%,5.65,5.79,6.15,2248,1454,1.55,34.59%,31.67%,0.922744,2026-10-01
CSCO,108.76,2026-10-02,1,Call,112.00,-2.98%,0.02,0.12,0.09,2502,1611,1.55,36.08%,36.17%,0.062081,2026-10-01
WMT,104.26,2026-10-16,15,Put,115.00,+10.30%,9.9,10.85,12.25,2522,1626,1.55,27.80%,38.40%,-0.891304,2026-10-01
IREN,40.65,2026-10-02,1,Put,47.00,+15.62%,6.2,7,6.45,3701,2393,1.55,78.09%,299.26%,-0.801806,2026-10-01
GME,24.11,2026-10-02,1,Call,24.50,-1.62%,0.15,0.15,0.16,9189,5944,1.55,47.88%,61.58%,0.314328,2026-10-01
UPS,93.89,2026-11-20,50,Call,100.00,-6.51%,2.17,2.27,2.32,10440,6724,1.55,32.78%,33.62%,0.316626,2026-10-01
NKE,35.15,2026-10-02,1,Call,39.00,-10.95%,0.47,0.49,0.5,14422,9331,1.55,54.51%,231.35%,0.212403,2026-10-01
MCD,231.83,2026-10-02,1,Call,235.00,-1.37%,0.23,0.23,0.31,2184,1422,1.54,23.25%,26.12%,0.162264,2026-10-01
NKE,35.15,2026-10-02,1,Call,35.00,+0.43%,1.65,1.7,1.7,3723,2417,1.54,54.51%,218.49%,0.537569,2026-10-01
INTC,120,2026-10-05,4,Call,120.00,0.00%,2.58,2.6,2.67,4036,2618,1.54,67.00%,51.94%,0.513614,2026-10-01
MRVL,268.08,2026-10-02,1,Call,280.00,-4.45%,0.62,0.66,0.69,4549,2960,1.54,64.56%,72.54%,0.130461,2026-10-01
SMCI,41.92,2026-10-02,1,Call,41.00,+2.19%,1.2,1.22,1.26,5233,3394,1.54,76.01%,77.25%,0.716266,2026-10-01
BAC,53.73,2026-10-02,1,Put,56.00,+4.22%,2.18,2.29,2.38,7807,5059,1.54,29.05%,40.67%,-0.97384,2026-10-01
INTC,120,2026-10-02,1,Call,125.00,-4.17%,0.33,0.34,0.36,23804,15473,1.54,67.00%,73.11%,0.147966,2026-10-01
F,12.27,2026-10-02,1,Put,14.00,+14.10%,1.65,1.87,1.98,664,430,1.54,36.56%,213.10%,-0.870036,2026-10-01
C,127,2026-10-09,8,Call,131.00,-3.15%,0.74,0.76,0.87,723,468,1.54,32.90%,29.54%,0.248653,2026-10-01
GM,79.31,2026-10-02,1,Put,83.00,+4.65%,3,3.93,4.55,856,555,1.54,36.30%,60.94%,-0.920867,2026-10-01
GIS,31.67,2027-04-16,197,Call,32.50,-2.62%,2.5,2.5,2.65,865,560,1.54,33.98%,34.55%,0.477392,2026-10-01
AMZN,248.23,2026-10-09,8,Put,237.50,-4.32%,0.74,0.77,0.79,892,580,1.54,34.59%,28.67%,-0.139929,2026-10-01
AAPL,330.32,2026-10-09,8,Put,322.50,-2.37%,1.56,1.68,1.71,1047,680,1.54,25.20%,23.75%,-0.236221,2026-10-01
LQDA,27.99,2026-10-16,15,Put,80.00,+185.82%,51,51.8,54.5,1107,721,1.54,141.41%,335.75%,-0.88703,2026-10-01
INTC,120,2026-10-09,8,Call,118.00,+1.67%,5.4,5.65,5.5,1184,768,1.54,67.00%,61.59%,0.594119,2026-10-01
GOOG,334.93,2026-10-09,8,Call,335.00,-0.02%,5.75,5.78,6,1428,925,1.54,32.75%,29.21%,0.514002,2026-10-01
BABA,107.45,2026-10-02,1,Put,115.00,+7.03%,7.45,7.6,7.9,1864,1214,1.54,38.97%,83.50%,-0.937187,2026-10-01
TSM,459.2,2026-10-23,22,Call,455.00,+0.91%,17.55,18.35,18.15,531,347,1.53,33.59%,33.99%,0.568996,2026-10-01
ACN,212.3,2026-10-02,1,Call,210.00,+1.08%,3.4,4.5,6.6,546,357,1.53,44.06%,84.73%,0.60574,2026-10-01
NKE,35.15,2026-10-02,1,Put,37.50,+6.69%,3.05,3.06,3.35,655,428,1.53,54.51%,235.44%,-0.678511,2026-10-01
NOW,137.76,2028-01-21,477,Put,82.00,-40.48%,5.85,6.65,6.85,700,459,1.53,53.82%,55.33%,-0.112427,2026-10-01
META,725.93,2026-10-05,4,Call,755.00,-4.00%,1.54,1.49,1.57,779,510,1.53,40.62%,32.30%,0.128624,2026-10-01
CAG,13.2,2026-10-02,1,Put,14.50,+9.85%,1.15,1.47,1.55,933,610,1.53,32.80%,141.39%,-0.89105,2026-10-01
UBER,67.88,2026-10-16,15,Put,80.00,+17.86%,11.8,12.5,12.5,1110,724,1.53,37.21%,44.20%,-0.972215,2026-10-01
WBD,30.95,2026-10-09,8,Call,30.00,+3.07%,1,1,1.01,1195,781,1.53,2.32%,16.01%,0.913621,2026-10-01
AAPL,330.32,2026-10-16,15,Put,322.50,-2.37%,2.94,3,3.1,1258,821,1.53,25.20%,23.90%,-0.292993,2026-10-01
UNH,365.2,2026-10-16,15,Put,330.00,-9.64%,2.78,2.92,3.15,1447,945,1.53,41.06%,50.40%,-0.147127,2026-10-01
IREN,40.65,2026-10-16,15,Call,39.00,+4.06%,3.1,2.8,3.3,1482,969,1.53,78.09%,69.69%,0.646284,2026-10-01
INTC,120,2026-10-30,29,Call,160.00,-33.33%,1.49,1.59,1.6,1587,1035,1.53,67.00%,80.25%,0.12574,2026-10-01
AMD,615.73,2026-10-02,1,Call,645.00,-4.75%,0.48,0.52,0.55,3254,2130,1.53,52.99%,57.68%,0.064291,2026-10-01
FSLR,172.11,2027-06-17,259,Put,150.00,-12.85%,15.95,17.06,18.95,4507,2939,1.53,54.90%,54.05%,-0.280977,2026-10-01
GGAL,36.07,2027-01-15,106,Call,50.00,-38.62%,0.3,0.77,1.15,5780,3785,1.53,59.59%,51.19%,0.156622,2026-10-01
SPCX,148.07,2026-10-09,8,Call,150.00,-1.30%,2.74,2.75,2.79,7428,4867,1.53,46.15%,40.86%,0.432595,2026-10-01
SKHY,193.5,2026-10-02,1,Call,200.00,-3.36%,0.61,0.6,0.63,8612,5624,1.53,56.77%,66.07%,0.174841,2026-10-01
VZ,45.98,2026-10-02,1,Put,48.00,+4.39%,1.13,2.11,3.55,2203,1450,1.52,24.71%,104.74%,-0.775638,2026-10-01
VZ,45.98,2026-10-02,1,Put,47.00,+2.22%,0.2,1.05,1.28,2407,1584,1.52,24.71%,30.21%,-0.91656,2026-10-01
AMZN,248.23,2026-10-05,4,Call,252.50,-1.72%,0.87,0.94,1.06,2467,1620,1.52,34.59%,24.08%,0.258804,2026-10-01
BA,192.28,2026-10-09,8,Call,200.00,-4.01%,1.53,1.67,1.86,2623,1722,1.52,36.75%,39.34%,0.258347,2026-10-01
GOOGL,338.24,2026-10-09,8,Call,340.00,-0.52%,5.1,5.19,5.3,2627,1725,1.52,33.52%,29.55%,0.468651,2026-10-01
CRWV,88.57,2027-01-15,106,Put,67.50,-23.79%,4.3,4.48,4.5,3507,2302,1.52,76.24%,75.03%,-0.184113,2026-10-01
TSLA,354.11,2026-10-02,1,Put,337.50,-4.69%,0.37,0.37,0.38,4882,3215,1.52,42.22%,63.36%,-0.071032,2026-10-01
NKE,35.15,2026-10-02,1,Put,35.00,-0.43%,1.45,1.43,1.6,14597,9631,1.52,54.51%,218.41%,-0.462335,2026-10-01
HD,282.46,2026-11-20,50,Put,250.00,-11.49%,1.79,2.35,2.69,513,337,1.52,30.49%,31.19%,-0.130164,2026-10-01
USAR,13.8,2026-10-16,15,Put,15.50,+12.32%,1.82,1.9,2.02,514,338,1.52,74.66%,69.38%,-0.774113,2026-10-01
COHR,319.19,2026-10-02,1,Put,300.00,-6.01%,0.5,0.69,0.8,549,361,1.52,75.94%,90.43%,-0.090817,2026-10-01
AAPL,330.32,2026-10-02,1,Call,300.00,+9.18%,30,30.05,31,677,446,1.52,25.20%,94.42%,0.975838,2026-10-01
SKHY,193.5,2026-10-02,1,Put,187.50,-3.10%,0.49,0.52,0.55,844,557,1.52,56.77%,61.13%,-0.157812,2026-10-01
APLD,24.16,2026-10-09,8,Call,25.00,-3.48%,1.25,1.29,1.29,894,590,1.52,89.40%,113.65%,0.454633,2026-10-01
BAC,53.73,2026-10-09,8,Put,58.00,+7.95%,4.1,4.35,4.6,933,613,1.52,29.05%,35.37%,-0.924992,2026-10-01
KGC,24.06,2026-10-16,15,Put,30.00,+24.69%,5.3,6.85,6.85,942,621,1.52,46.77%,78.49%,-0.905668,2026-10-01
RIOT,19.61,2026-10-02,1,Put,24.00,+22.39%,4.25,4.57,4.8,1125,741,1.52,81.30%,288.23%,-0.896834,2026-10-01
CRWD,266.09,2026-10-02,1,Put,260.00,-2.29%,1.01,1.14,1.13,1410,930,1.52,53.78%,59.24%,-0.222036,2026-10-01
BA,192.28,2026-10-09,8,Call,197.50,-2.71%,2.14,2.43,2.56,2007,1317,1.52,36.75%,39.03%,0.331248,2026-10-01
CIFR,15.46,2029-01-19,841,Call,20.00,-29.37%,6.75,6.91,7.25,563,372,1.51,94.05%,86.81%,0.708236,2026-10-01
MOS,21.55,2026-10-02,1,Put,23.50,+9.05%,1.8,2.18,2.55,584,387,1.51,49.56%,186.35%,-0.799332,2026-10-01
C,127,2026-10-09,8,Put,126.00,-0.79%,1.61,1.72,1.86,615,407,1.51,32.90%,29.71%,-0.416978,2026-10-01
NVO,37.4,2026-10-09,8,Put,42.00,+12.30%,4.15,4.5,4.7,736,486,1.51,35.77%,35.64%,-0.984648,2026-10-01
SNDK,1787.69,2026-10-16,15,Call,"1,750.00",+2.11%,111.3,115.62,118.8,737,489,1.51,67.99%,65.41%,0.594481,2026-10-01
CAT,826.35,2026-12-18,78,Call,940.00,-13.75%,22.9,24.55,25.3,852,563,1.51,40.93%,39.52%,0.281609,2026-10-01
ET,20.1,2026-10-02,1,Put,21.00,+4.48%,0.64,0.85,1.25,855,567,1.51,19.98%,70.56%,-0.878751,2026-10-01
NVO,37.4,2026-10-02,1,Put,39.50,+5.61%,1.95,1.82,2.58,922,610,1.51,35.77%,102.29%,-0.839757,2026-10-01
NFLX,67.85,2027-01-15,106,Put,99.00,+45.91%,29,30.47,32.55,1011,670,1.51,38.10%,42.52%,-0.977481,2026-10-01
SPCX,148.07,2026-11-06,36,Put,135.00,-8.83%,3.35,3.4,3.45,1047,692,1.51,46.15%,48.18%,-0.239178,2026-10-01
TSLA,354.11,2026-10-07,6,Call,365.00,-3.08%,3.3,3.3,3.4,1101,729,1.51,42.22%,40.83%,0.294505,2026-10-01
NVO,37.4,2026-12-18,78,Put,52.50,+40.37%,15,14.9,16.1,1177,781,1.51,35.77%,56.26%,-0.877947,2026-10-01
TSLA,354.11,2026-10-05,4,Call,352.50,+0.45%,6.5,6.8,6.8,1240,820,1.51,42.22%,38.83%,0.556835,2026-10-01
SKHY,193.5,2026-10-09,8,Call,185.00,+4.39%,10.95,11.16,11.35,1261,833,1.51,56.77%,52.19%,0.735974,2026-10-01
META,725.93,2026-10-02,1,Put,695.00,-4.26%,0.22,0.27,0.28,1295,856,1.51,40.62%,46.45%,-0.035397,2026-10-01
UUUU,10.71,2026-10-16,15,Put,16.00,+49.39%,5.15,5.1,5.35,1326,876,1.51,66.21%,98.54%,-0.97717,2026-10-01
IREN,40.65,2026-10-02,1,Put,46.50,+14.39%,5.7,6.19,5.95,1352,898,1.51,78.09%,229.28%,-0.855476,2026-10-01
NVDA,230.86,2026-10-16,15,Put,232.50,+0.71%,6.15,6.25,6.2,1543,1025,1.51,34.15%,29.22%,-0.528819,2026-10-01
GOOGL,338.24,2026-10-09,8,Put,335.00,-0.96%,4,4.16,4.25,1586,1049,1.51,33.52%,28.66%,-0.396062,2026-10-01
GOOGL,338.24,2026-10-16,15,Put,400.00,+18.26%,59.9,60.26,63.25,1632,1081,1.51,33.52%,39.41%,-0.99304,2026-10-01
NFLX,67.85,2026-10-16,15,Put,82.50,+21.59%,14.05,15,16.3,1851,1225,1.51,38.10%,77.81%,-0.878282,2026-10-01
NVO,37.4,2026-10-02,1,Put,40.00,+6.95%,2.35,2.46,2.66,1866,1234,1.51,35.77%,63.11%,-0.978115,2026-10-01
MSTR,160.5,2026-11-20,50,Call,170.00,-5.92%,12.8,12.8,13.05,2139,1412,1.51,67.29%,69.53%,0.470666,2026-10-01
ORCL,138.07,2026-10-02,1,Put,137.00,-0.77%,1.02,1.05,1.08,2350,1557,1.51,51.15%,53.25%,-0.383914,2026-10-01
IREN,40.65,2026-10-02,1,Call,41.00,-0.86%,0.49,0.54,0.55,2366,1563,1.51,78.09%,79.65%,0.427681,2026-10-01
DKNG,19.35,2026-10-02,1,Put,21.50,+11.11%,1.93,2.3,2.66,2375,1568,1.51,64.29%,188.34%,-0.845957,2026-10-01
BX,112.24,2026-10-02,1,Put,120.00,+6.91%,6.85,7.08,8.55,3098,2045,1.51,39.81%,53.34%,-0.991237,2026-10-01
SPCX,148.07,2026-10-16,15,Call,152.50,-2.99%,3.05,3.07,3.15,3741,2477,1.51,46.15%,40.46%,0.38249,2026-10-01
BIDU,85.59,2027-01-15,106,Put,140.00,+63.57%,52.95,54.25,55.1,2166,1444,1.5,41.90%,52.72%,-0.980221,2026-10-01
NFLX,67.85,2026-12-18,78,Put,98.00,+44.44%,28.05,30.1,31.35,2383,1588,1.5,38.10%,45.29%,-0.982426,2026-10-01
RIOT,19.61,2026-10-02,1,Put,25.00,+27.49%,4.45,5.51,6.35,2509,1668,1.5,81.30%,209.87%,-0.984748,2026-10-01
MGM,30.47,2027-01-15,106,Put,60.00,+96.91%,28.3,28.41,30.2,2888,1925,1.5,38.42%,70.06%,-0.980429,2026-10-01
MGM,30.47,2026-10-16,15,Put,38.00,+24.71%,7.2,7.2,8,3117,2075,1.5,38.42%,67.41%,-0.943197,2026-10-01
IREN,40.65,2026-10-02,1,Call,42.00,-3.32%,0.2,0.22,0.23,3640,2428,1.5,78.09%,79.80%,0.223985,2026-10-01
PCG,12.17,2026-10-16,15,Put,18.00,+47.90%,5.3,5.95,5.9,3820,2547,1.5,44.40%,133.89%,-0.905127,2026-10-01
PDD,76.5,2026-12-18,78,Put,105.00,+37.25%,27.3,28.81,28.95,4424,2949,1.5,34.20%,49.05%,-0.918092,2026-10-01
IREN,40.65,2026-10-02,1,Put,48.50,+19.31%,7.7,8.25,7.95,4554,3034,1.5,78.09%,289.33%,-0.862175,2026-10-01
PCG,12.17,2026-10-16,15,Put,16.00,+31.47%,3.3,3.95,3.9,5193,3462,1.5,44.40%,103.47%,-0.885128,2026-10-01
MGM,30.47,2026-12-18,78,Put,60.00,+96.91%,28.2,28.5,30.3,6082,4055,1.5,38.42%,77.05%,-0.984809,2026-10-01
PCG,12.17,2026-10-16,15,Put,17.00,+39.69%,4.1,4.95,5.55,12894,8591,1.5,44.40%,119.40%,-0.896782,2026-10-01
PLTR,190.04,2026-10-02,1,Call,197.50,-3.93%,0.17,0.17,0.19,21245,14197,1.5,52.42%,51.40%,0.07871,2026-10-01
NFLX,67.85,2028-01-21,477,Put,120.00,+76.86%,50.3,52.5,54.5,507,338,1.5,38.10%,43.64%,-0.916231,2026-10-01
NCLH,14.64,2027-01-15,106,Put,30.00,+104.92%,14.95,15.75,15.75,508,339,1.5,55.16%,106.52%,-0.843468,2026-10-01
GME,24.11,2026-10-30,29,Put,23.00,-4.60%,0.62,0.69,0.75,562,374,1.5,47.88%,43.20%,-0.330724,2026-10-01
INTC,120,2026-10-09,8,Put,111.00,-7.50%,1.05,1.06,1.1,565,377,1.5,67.00%,60.41%,-0.177685,2026-10-01
CAG,13.2,2026-10-16,15,Put,16.00,+21.21%,2.65,2.8,3.1,583,388,1.5,32.80%,67.79%,-0.907328,2026-10-01
ONON,30.2,2026-12-18,78,Put,45.00,+49.01%,13.95,15.32,16.8,600,400,1.5,48.65%,75.41%,-0.839965,2026-10-01
SCHW,98.37,2026-10-09,8,Put,95.00,-3.43%,0.27,0.42,0.6,614,410,1.5,30.58%,27.93%,-0.190466,2026-10-01
LVS,36.69,2026-10-02,1,Put,40.00,+9.02%,3.2,3.55,3.55,676,451,1.5,39.89%,110.43%,-0.928585,2026-10-01
MGM,30.47,2028-01-21,477,Put,50.00,+64.10%,17,17.3,22,729,486,1.5,38.42%,36.56%,-0.937807,2026-10-01
BX,112.24,2026-10-02,1,Put,121.00,+7.80%,7.75,7.76,10.05,748,498,1.5,39.81%,91.46%,-0.93887,2026-10-01
SCHW,98.37,2026-10-02,1,Put,107.00,+8.77%,7.35,9.83,9.9,753,501,1.5,30.58%,194.98%,-0.780116,2026-10-01
QURE,23.37,2026-10-16,15,Put,44.00,+88.28%,18.8,19.48,21.8,934,623,1.5,91.33%,137.47%,-0.989034,2026-10-01
MGM,30.47,2027-06-17,259,Put,47.00,+54.25%,14.5,17.4,18,975,650,1.5,38.42%,54.91%,-0.782865,2026-10-01
JOBY,5.96,2026-10-02,1,Put,7.50,+25.84%,1.38,1.59,1.75,992,661,1.5,65.66%,282.58%,-0.930637,2026-10-01
MGM,30.47,2026-10-16,15,Put,42.00,+37.84%,10.5,12.3,12.3,1126,751,1.5,38.42%,150.38%,-0.816138,2026-10-01
NOW,137.76,2026-10-09,8,Call,145.00,-5.26%,1.41,1.45,1.51,1263,844,1.5,53.82%,48.73%,0.253912,2026-10-01
BMY,61.46,2026-10-09,8,Call,64.00,-4.13%,0.1,0.18,0.2,1458,971,1.5,33.42%,24.46%,0.135366,2026-10-01
SOFI,15.84,2028-01-21,477,Put,40.00,+152.53%,23.85,24.21,24.5,1467,975,1.5,50.74%,61.09%,-0.941196,2026-10-01
TSLA,354.11,2026-10-16,15,Call,357.50,-0.96%,10.2,10.25,10.4,1477,985,1.5,42.22%,40.55%,0.477921,2026-10-01
HWM,228.38,2026-10-02,1,Put,240.00,+5.09%,10,10.4,12.1,1519,1012,1.5,36.24%,41.81%,-0.990192,2026-10-01
HRL,19.96,2026-10-02,1,Put,23.00,+15.23%,2.8,2.8,3.5,1593,1060,1.5,23.78%,209.98%,-0.891524,2026-10-01
PCG,12.17,2026-10-02,1,Put,13.50,+10.93%,1.1,1.22,1.38,1681,1118,1.5,44.40%,110.17%,-0.961808,2026-10-01
CLF,11.47,2026-10-02,1,Put,13.00,+13.34%,1.52,1.78,1.94,1751,1167,1.5,65.83%,283.14%,-0.779527,2026-10-01
GOOG,334.93,2027-01-15,106,Put,480.00,+43.31%,143.25,144.15,146.5,1879,1250,1.5,32.75%,39.97%,-0.980052,2026-10-01
HRL,19.96,2026-10-02,1,Put,24.00,+20.24%,3.4,3.76,4.6,1913,1275,1.5,23.78%,161.26%,-0.983744,2026-10-01
NKE,35.15,2027-04-16,197,Call,55.00,-56.47%,0.62,0.65,0.96,502,337,1.49,54.51%,49.17%,0.141041,2026-10-01
TLN,323.09,2026-11-20,50,Call,320.00,+0.96%,28.5,31.27,32.7,505,340,1.49,55.88%,59.51%,0.570865,2026-10-01
LULU,95.86,2026-10-02,1,Call,98.00,-2.23%,0.4,0.5,0.56,622,418,1.49,42.44%,62.80%,0.257178,2026-10-01
APP,281.31,2026-12-18,78,Call,340.00,-20.86%,15.9,16.4,17.4,636,428,1.49,66.72%,67.53%,0.335911,2026-10-01
RIOT,19.61,2026-10-02,1,Put,24.50,+24.94%,4.3,4.76,6,812,544,1.49,81.30%,369.49%,-0.854153,2026-10-01
HOOD,111.15,2026-10-09,8,Call,114.00,-2.56%,2.41,2.45,2.58,943,632,1.49,59.85%,55.84%,0.399505,2026-10-01
MARA,11.21,2026-10-23,22,Call,12.50,-11.51%,0.39,0.4,0.43,972,653,1.49,81.90%,78.14%,0.322865,2026-10-01
JPM,333.18,2026-10-09,8,Call,345.00,-3.55%,0.57,0.66,0.67,999,670,1.49,26.80%,20.11%,0.126996,2026-10-01
TSLA,354.11,2026-10-16,15,Call,362.50,-2.37%,8.2,8.26,8.35,1039,695,1.49,42.22%,40.67%,0.41158,2026-10-01
SPCX,148.07,2026-11-06,36,Put,140.00,-5.45%,4.85,4.95,5,1381,926,1.49,46.15%,47.41%,-0.318143,2026-10-01
KGC,24.06,2026-10-16,15,Put,29.00,+20.53%,4.6,5.55,5.7,1409,945,1.49,46.77%,77.31%,-0.868048,2026-10-01
TTD,12.1,2026-10-02,1,Put,13.50,+11.57%,1.25,1.37,1.96,1454,979,1.49,68.19%,259.39%,-0.769792,2026-10-01
BSX,43.23,2027-01-15,106,Put,65.00,+50.36%,21,22.1,22.7,1593,1072,1.49,41.54%,49.92%,-0.947551,2026-10-01
MRNA,188.94,2026-10-02,1,Call,195.00,-3.21%,1.5,1.57,1.74,3390,2271,1.49,90.60%,97.87%,0.278031,2026-10-01
AMZN,248.23,2026-10-09,8,Call,250.00,-0.71%,3.3,3.35,3.5,4787,3208,1.49,34.59%,28.10%,0.448467,2026-10-01
MSFT,512.8,2026-10-02,1,Put,500.00,-2.50%,0.22,0.24,0.26,6445,4337,1.49,30.10%,31.98%,-0.063815,2026-10-01
AAOI,107.32,2026-10-02,1,Call,110.00,-2.50%,1.15,1.2,1.3,7557,5055,1.49,95.04%,102.23%,0.332772,2026-10-01
SPCX,148.07,2026-10-09,8,Put,155.00,+4.68%,7.9,8.07,8.25,2490,1679,1.48,46.15%,41.42%,-0.761075,2026-10-01
SMR,7.79,2026-10-02,1,Put,9.50,+21.95%,1.6,1.61,1.74,2567,1732,1.48,79.96%,201.96%,-0.966174,2026-10-01
MSTR,160.5,2026-10-09,8,Call,170.00,-5.92%,2.97,2.96,3.05,5131,3460,1.48,67.29%,68.42%,0.305464,2026-10-01
SNOW,341.99,2026-10-02,1,Call,347.50,-1.61%,1.77,1.45,2.13,586,396,1.48,48.74%,57.26%,0.303329,2026-10-01
ORCL,138.07,2026-10-09,8,Call,144.00,-4.29%,1.74,1.84,1.83,666,451,1.48,51.15%,48.75%,0.294776,2026-10-01
MU,1097.39,2026-11-20,50,Call,"1,110.00",-1.15%,83.1,85.19,86.2,677,457,1.48,53.47%,54.20%,0.527948,2026-10-01
DASH,182.18,2026-12-18,78,Call,210.00,-15.27%,7.2,7.95,10.15,806,546,1.48,54.81%,52.75%,0.335001,2026-10-01
LLY,1149.85,2026-10-02,1,Call,"1,200.00",-4.36%,0.19,0.39,0.39,962,648,1.48,36.01%,42.80%,0.029362,2026-10-01
CRWD,266.09,2026-10-09,8,Put,245.00,-7.93%,1.42,1.51,1.53,1058,717,1.48,53.78%,52.96%,-0.135138,2026-10-01
ECHO,88.25,2028-01-21,477,Put,185.00,+109.63%,94.5,99,99,1478,1000,1.48,43.83%,0.00%,-1.,2026-10-01
INTC,120,2027-09-17,351,Put,85.00,-29.17%,9.75,9.75,10.2,1547,1044,1.48,67.00%,63.33%,-0.179763,2026-10-01
CBRS,169.52,2026-10-02,1,Put,170.00,+0.28%,2.8,2.98,3.3,1951,1314,1.48,72.19%,79.34%,-0.518052,2026-10-01
NBIS,232.28,2026-10-02,1,Call,200.00,+13.90%,30.6,32.66,33.4,501,340,1.47,81.28%,169.35%,0.958495,2026-10-01
NVDA,230.86,2026-10-07,6,Call,225.00,+2.54%,7.3,7.26,7.35,522,356,1.47,34.15%,30.54%,0.755128,2026-10-01
GOOGL,338.24,2026-10-05,4,Put,330.00,-2.44%,0.75,0.84,0.86,560,382,1.47,33.52%,25.16%,-0.167704,2026-10-01
BABA,107.45,2026-10-09,8,Call,107.00,+0.42%,2.4,2.45,2.61,632,431,1.47,38.97%,35.90%,0.54185,2026-10-01
BE,277.58,2026-10-09,8,Call,277.50,+0.03%,10.8,11.75,12.2,740,504,1.47,79.43%,69.25%,0.524873,2026-10-01
FSLY,26.39,2026-10-02,1,Put,26.00,-1.48%,0.3,0.35,0.7,1130,767,1.47,100.88%,124.03%,-0.396186,2026-10-01
NVDA,230.86,2026-10-07,6,Put,222.50,-3.62%,0.77,0.81,0.78,1450,989,1.47,34.15%,30.14%,-0.161784,2026-10-01
SKHY,193.5,2026-10-02,1,Call,205.00,-5.94%,0.2,0.21,0.22,2370,1615,1.47,56.77%,72.32%,0.066362,2026-10-01
TTD,12.1,2026-10-16,15,Put,17.50,+44.63%,5.2,5.45,5.5,2514,1708,1.47,68.19%,110.09%,-0.940866,2026-10-01
MU,1097.39,2026-12-18,78,Call,"1,050.00",+4.32%,136.05,137,139.8,2705,1843,1.47,53.47%,54.68%,0.630858,2026-10-01
AMZN,248.23,2026-10-09,8,Put,240.00,-3.32%,1.13,1.17,1.23,3767,2555,1.47,34.59%,28.31%,-0.199458,2026-10-01
BA,192.28,2026-10-02,1,Put,190.00,-1.19%,0.9,1.02,1.02,4367,2968,1.47,36.75%,47.21%,-0.310332,2026-10-01
AAPL,330.32,2026-10-09,8,Put,305.00,-7.67%,0.14,0.16,0.16,2508,1714,1.46,25.20%,28.65%,-0.027542,2026-10-01
PACB,2.51,2027-01-15,106,Call,4.00,-59.36%,0.15,0.24,0.25,3057,2088,1.46,100.19%,103.20%,0.295247,2026-10-01
AVGO,343.64,2026-10-02,1,Put,347.50,+1.12%,4.95,5.15,5.25,3878,2654,1.46,36.31%,38.40%,-0.706393,2026-10-01
NFLX,67.85,2027-01-15,106,Put,100.00,+47.38%,30.7,32.45,32.55,12712,8732,1.46,38.10%,51.90%,-0.917138,2026-10-01
NVDA,230.86,2026-10-09,8,Call,240.00,-3.96%,0.99,0.99,1.04,19738,13501,1.46,34.15%,28.74%,0.191161,2026-10-01
HON,213.8,2026-10-16,15,Put,210.00,-1.78%,1.6,2.9,4.7,552,378,1.46,31.30%,28.03%,-0.366018,2026-10-01
NCLH,14.64,2026-11-20,50,Call,17.00,-16.12%,0.45,0.45,0.5,615,422,1.46,55.16%,56.35%,0.278859,2026-10-01
OKLO,36.14,2026-10-02,1,Call,37.00,-2.38%,0.21,0.25,0.28,711,488,1.46,72.26%,75.23%,0.282672,2026-10-01
APP,281.31,2026-10-09,8,Put,285.00,+1.31%,10.2,10.6,11.1,790,540,1.46,66.72%,52.66%,-0.547788,2026-10-01
AMD,615.73,2026-10-09,8,Call,610.00,+0.93%,20.35,20.7,21.1,1061,727,1.46,52.99%,48.16%,0.570934,2026-10-01
NFLX,67.85,2028-06-16,624,Call,125.00,-84.23%,3.6,3.72,4.25,1168,800,1.46,38.10%,41.11%,0.234157,2026-10-01
TSLA,354.11,2026-10-05,4,Put,340.00,-3.98%,1.17,1.21,1.21,1254,858,1.46,42.22%,39.26%,-0.153993,2026-10-01
CRCL,82.91,2026-10-09,8,Call,88.00,-6.14%,1.41,1.86,1.59,2014,1376,1.46,72.11%,68.27%,0.297857,2026-10-01
NKE,35.15,2026-10-09,8,Call,37.00,-5.26%,1.09,1.1,1.11,2034,1395,1.46,54.51%,88.55%,0.371616,2026-10-01
INTC,120,2026-10-09,8,Call,117.00,+2.50%,5.95,5.95,6.1,576,397,1.45,67.00%,61.57%,0.629891,2026-10-01
SKM,35.59,2026-11-20,50,Call,40.00,-12.39%,1.65,1.65,1.75,576,396,1.45,55.63%,62.18%,0.348248,2026-10-01
UBER,67.88,2026-10-02,1,Put,73.00,+7.54%,4.9,4.9,5.35,765,528,1.45,37.21%,60.85%,-0.989758,2026-10-01
META,725.93,2026-10-05,4,Call,725.00,+0.13%,10,9.81,10.1,838,578,1.45,40.62%,31.13%,0.526989,2026-10-01
U,43.61,2026-10-02,1,Call,43.00,+1.40%,0.8,0.92,1.05,933,643,1.45,65.16%,62.53%,0.673671,2026-10-01
SKHY,193.5,2026-10-09,8,Put,160.00,-17.31%,0.09,0.11,0.13,966,666,1.45,56.77%,61.96%,-0.016721,2026-10-01
TGT,156.7,2026-10-16,15,Put,145.00,-7.47%,0.47,0.47,0.84,1500,1032,1.45,36.10%,33.78%,-0.120314,2026-10-01
IREN,40.65,2026-10-02,1,Call,41.50,-2.09%,0.33,0.34,0.37,1644,1137,1.45,78.09%,80.72%,0.320516,2026-10-01
HOOD,111.15,2026-10-02,1,Put,125.00,+12.46%,13.75,13.01,14,2094,1440,1.45,59.85%,102.64%,-0.985266,2026-10-01
PSKY,9.34,2027-03-19,169,Put,9.00,-3.64%,0.98,1.21,1.39,2778,1919,1.45,66.25%,56.47%,-0.376902,2026-10-01
CRWV,88.57,2026-10-02,1,Call,88.00,+0.64%,1.71,1.75,1.8,3216,2216,1.45,76.24%,78.50%,0.571542,2026-10-01
AAPL,330.32,2026-10-02,1,Put,340.00,+2.93%,9.35,9.52,10.4,6126,4267,1.44,25.20%,37.97%,-0.926123,2026-10-01
BABA,107.45,2026-10-02,1,Put,117.00,+8.89%,8.9,9.21,10.25,556,385,1.44,38.97%,76.02%,-0.982987,2026-10-01
MU,1097.39,2026-10-09,8,Put,"1,030.00",-6.14%,9.1,9.4,9.65,598,414,1.44,53.47%,52.24%,-0.192728,2026-10-01
AMAT,529.3,2026-10-09,8,Call,550.00,-3.91%,7.2,8.5,9,605,419,1.44,56.94%,51.08%,0.322943,2026-10-01
APP,281.31,2026-12-18,78,Put,220.00,-21.79%,7.5,9.32,11,794,550,1.44,66.72%,68.19%,-0.168249,2026-10-01
RDDT,149.53,2026-10-09,8,Call,160.00,-7.00%,1.46,1.49,1.53,845,585,1.44,65.48%,55.56%,0.220252,2026-10-01
SKHY,193.5,2026-10-16,15,Call,230.00,-18.86%,0.76,0.81,0.81,940,654,1.44,56.77%,57.72%,0.080042,2026-10-01
UBS,47.57,2026-10-16,15,Call,50.00,-5.11%,0.25,0.3,0.45,969,673,1.44,32.95%,30.07%,0.217276,2026-10-01
MU,1097.39,2026-10-30,29,Call,"1,100.00",-0.24%,66,67.6,68.85,1297,903,1.44,53.47%,54.42%,0.532283,2026-10-01
IREN,40.65,2026-10-09,8,Call,40.00,+1.60%,1.93,2,2.06,1474,1026,1.44,78.09%,68.51%,0.586314,2026-10-01
AVGO,343.64,2026-10-09,8,Call,372.50,-8.40%,0.62,0.64,0.78,1585,1099,1.44,36.31%,37.95%,0.08148,2026-10-01
CIFR,15.46,2026-10-16,15,Call,16.50,-6.73%,0.62,0.63,0.83,522,364,1.43,94.05%,90.16%,0.398923,2026-10-01
AVGO,343.64,2026-10-05,4,Put,335.00,-2.51%,0.98,1.1,1.23,694,485,1.43,36.31%,28.70%,-0.191377,2026-10-01
MDB,351.73,2026-10-02,1,Call,370.00,-5.19%,0.5,0.96,1.93,779,546,1.43,57.73%,89.64%,0.146017,2026-10-01
CVX,207.1,2026-10-02,1,Call,207.50,-0.19%,0.72,0.97,1.13,848,593,1.43,27.49%,25.70%,0.445985,2026-10-01
IREN,40.65,2026-10-09,8,Call,41.50,-2.09%,1.24,1.14,1.35,986,691,1.43,78.09%,68.94%,0.442977,2026-10-01
CRWV,88.57,2026-10-30,29,Call,110.00,-24.20%,1.59,1.65,1.73,1121,783,1.43,76.24%,74.46%,0.180641,2026-10-01
MU,1097.39,2026-10-09,8,Call,"1,500.00",-36.69%,0.22,0.29,0.26,2467,1720,1.43,53.47%,81.52%,0.005843,2026-10-01
BA,192.28,2026-10-09,8,Call,195.00,-1.41%,3.05,3.4,3.4,2913,2031,1.43,36.75%,39.01%,0.41444,2026-10-01
TSLA,354.11,2026-10-05,4,Call,380.00,-7.31%,0.44,0.44,0.46,2991,2091,1.43,42.22%,43.58%,0.06492,2026-10-01
PACB,2.51,2026-11-20,50,Call,3.00,-19.52%,0.15,0.25,0.25,3297,2299,1.43,100.19%,97.46%,0.38249,2026-10-01
GOOG,334.93,2026-10-09,8,Call,350.00,-4.50%,1.35,1.42,1.43,4413,3081,1.43,32.75%,30.45%,0.174594,2026-10-01
RKT,11.97,2026-10-02,1,Call,12.00,-0.25%,0.15,0.16,0.19,4435,3101,1.43,65.01%,73.54%,0.482839,2026-10-01
MRVL,268.08,2026-10-02,1,Call,275.00,-2.58%,1.43,1.49,1.5,11608,8128,1.43,64.56%,70.59%,0.25188,2026-10-01
BULL,7.03,2026-10-16,15,Put,10.00,+42.25%,2.82,3,3.05,2116,1491,1.42,59.70%,106.79%,-0.938165,2026-10-01
CAG,13.2,2026-10-02,1,Put,14.00,+6.06%,0.7,0.9,1,2123,1500,1.42,32.80%,102.07%,-0.858784,2026-10-01
NKE,35.15,2026-10-02,1,Call,42.00,-19.49%,0.14,0.14,0.15,4704,3306,1.42,54.51%,231.11%,0.079032,2026-10-01
PLTR,190.04,2026-10-02,1,Call,187.50,+1.34%,3.35,3.37,3.55,5208,3667,1.42,52.42%,48.26%,0.708691,2026-10-01
AVGO,343.64,2026-10-02,1,Put,340.00,-1.06%,1.17,1.29,1.26,5936,4168,1.42,36.31%,37.20%,-0.287551,2026-10-01
NKE,35.15,2026-10-16,15,Call,39.50,-12.38%,0.43,0.55,0.58,731,514,1.42,54.51%,65.09%,0.205705,2026-10-01
RKLB,70.46,2026-10-09,8,Call,73.00,-3.60%,1.68,1.86,1.8,897,630,1.42,73.88%,66.31%,0.380937,2026-10-01
BA,192.28,2026-10-09,8,Put,185.00,-3.79%,1.19,1.25,1.5,1137,803,1.42,36.75%,35.59%,-0.224125,2026-10-01
TSLA,354.11,2026-10-30,29,Put,360.00,+1.66%,20.55,20.7,20.9,1360,959,1.42,42.22%,45.29%,-0.519165,2026-10-01
BA,192.28,2026-10-16,15,Call,185.00,+3.79%,8.5,9.66,13,513,364,1.41,36.75%,42.62%,0.686747,2026-10-01
NKE,35.15,2026-10-16,15,Call,38.50,-9.53%,0.7,0.76,0.8,799,567,1.41,54.51%,67.16%,0.273015,2026-10-01
AMZN,248.23,2026-10-16,15,Put,237.50,-4.32%,1.63,1.73,1.86,941,666,1.41,34.59%,28.71%,-0.208219,2026-10-01
MU,1097.39,2026-10-09,8,Call,"1,000.00",+8.87%,99.4,102.1,105,1042,738,1.41,53.47%,50.67%,0.901073,2026-10-01
ERAS,14.58,2027-12-17,442,Put,17.50,+20.03%,6.5,6.7,9,1061,755,1.41,105.36%,100.76%,-0.342843,2026-10-01
AVGO,343.64,2026-10-09,8,Put,342.50,-0.33%,5.85,5.85,6.3,1297,917,1.41,36.31%,33.22%,-0.458765,2026-10-01
TSLA,354.11,2026-10-02,1,Put,330.00,-6.81%,0.12,0.12,0.13,4786,3405,1.41,42.22%,69.63%,-0.025259,2026-10-01
AAPL,330.32,2026-10-09,8,Call,350.00,-5.96%,0.23,0.23,0.25,7236,5134,1.41,25.20%,23.32%,0.050854,2026-10-01
PLTR,190.04,2026-10-09,8,Call,190.00,+0.02%,4.75,4.75,4.9,4656,3317,1.4,52.42%,42.11%,0.519232,2026-10-01
AMZN,248.23,2026-10-09,8,Call,260.00,-4.74%,0.74,0.75,0.79,8293,5944,1.4,34.59%,28.46%,0.144986,2026-10-01
NCLH,14.64,2026-11-20,50,Put,13.00,-11.20%,0.47,0.5,0.52,506,362,1.4,55.16%,56.76%,-0.244174,2026-10-01
XYZ,74.04,2026-10-09,8,Put,70.00,-5.46%,0.41,0.45,0.62,508,362,1.4,48.21%,44.72%,-0.186124,2026-10-01
CRDO,210.17,2026-10-02,1,Call,212.50,-1.11%,3.2,3.62,3.6,536,382,1.4,78.23%,101.07%,0.42858,2026-10-01
RIOT,19.61,2026-10-16,15,Call,19.00,+3.11%,1.49,1.54,1.62,591,421,1.4,81.30%,77.52%,0.614042,2026-10-01
COST,914.94,2026-10-02,1,Call,935.00,-2.19%,0.12,0.19,0.3,825,591,1.4,20.11%,24.16%,0.044427,2026-10-01
NFLX,67.85,2026-10-16,15,Call,69.00,-1.69%,1.23,1.25,1.26,953,681,1.4,38.10%,31.02%,0.416668,2026-10-01
TSLA,354.11,2026-10-16,15,Put,435.00,+22.84%,79.45,77.4,81.6,1700,1216,1.4,42.22%,47.24%,-0.993755,2026-10-01
RIVN,14.76,2028-06-16,624,Call,40.00,-171.00%,1.36,1.5,1.64,1860,1325,1.4,63.18%,67.68%,0.275077,2026-10-01
IBM,225.62,2026-10-09,8,Put,230.00,+1.94%,6.3,6.5,7.05,504,363,1.39,40.09%,30.87%,-0.653178,2026-10-01
VRT,246.12,2026-10-02,1,Call,247.50,-0.56%,2.35,3,2.75,584,421,1.39,58.77%,61.74%,0.438927,2026-10-01
ASST,30.11,2026-10-02,1,Call,30.50,-1.30%,0.23,0.44,0.44,590,423,1.39,80.15%,79.81%,0.387951,2026-10-01
MNDY,80.31,2026-10-16,15,Put,70.00,-12.84%,0.45,0.6,1.25,690,498,1.39,78.25%,68.08%,-0.141154,2026-10-01
META,725.93,2028-12-15,806,Put,700.00,-3.57%,130.55,131.85,134.75,915,656,1.39,40.62%,42.40%,-0.324909,2026-10-01
CIFR,15.46,2026-10-23,22,Call,16.00,-3.49%,0.93,1.12,1.31,1063,765,1.39,94.05%,88.34%,0.484408,2026-10-01
MU,1097.39,2026-10-02,1,Call,"1,020.00",+7.05%,76.75,79.07,79.2,1172,841,1.39,53.47%,74.37%,0.971341,2026-10-01
BA,192.28,2027-06-17,259,Put,190.00,-1.19%,16.15,19.85,20.6,1221,879,1.39,36.75%,31.24%,-0.420203,2026-10-01
AMD,615.73,2026-10-02,1,Put,592.50,-3.77%,0.7,0.72,0.78,1851,1335,1.39,52.99%,55.24%,-0.088814,2026-10-01
MP,46.09,2028-01-21,477,Put,30.00,-34.91%,3,3.25,4,2891,2073,1.39,57.90%,60.55%,-0.150701,2026-10-01
WULF,14.91,2026-10-02,1,Put,15.00,+0.60%,0.29,0.31,0.32,3162,2274,1.39,81.86%,81.03%,-0.552759,2026-10-01
GOOGL,338.24,2026-10-02,1,Put,345.00,+2.00%,6.85,7.31,7.55,3187,2299,1.39,33.52%,35.41%,-0.85485,2026-10-01
NVTS,12.12,2026-10-02,1,Call,12.00,+0.99%,0.28,0.3,0.32,3777,2709,1.39,87.61%,93.09%,0.591263,2026-10-01
ACHR,5.03,2026-10-02,1,Call,5.00,+0.60%,0.07,0.1,0.1,3956,2843,1.39,68.69%,65.57%,0.577144,2026-10-01
GOOGL,338.24,2026-10-02,1,Put,330.00,-2.44%,0.2,0.2,0.22,5820,4176,1.39,33.52%,33.53%,-0.077877,2026-10-01
AMD,615.73,2026-10-02,1,Call,605.00,+1.74%,13.1,14.71,13.75,2104,1529,1.38,52.99%,52.47%,0.744656,2026-10-01
TSLA,354.11,2026-10-09,8,Call,390.00,-10.14%,0.76,0.79,0.81,2737,1978,1.38,42.22%,44.32%,0.077,2026-10-01
NVO,37.4,2027-01-15,106,Put,55.00,+47.06%,16,17.45,19.2,3213,2336,1.38,35.77%,0.00%,-1.,2026-10-01
SPCX,148.07,2026-10-02,1,Put,155.00,+4.68%,5.65,7.08,7.2,4699,3394,1.38,46.15%,60.65%,-0.923232,2026-10-01
SPCX,148.07,2026-10-02,1,Put,147.00,-0.72%,0.97,1.01,0.99,8925,6475,1.38,46.15%,47.34%,-0.378741,2026-10-01
SPCX,148.07,2026-10-09,8,Call,160.00,-8.06%,0.49,0.51,0.52,9202,6681,1.38,46.15%,42.07%,0.115214,2026-10-01
GLW,160.42,2026-10-02,1,Call,157.50,+1.82%,3.85,4.1,4.4,699,507,1.38,60.02%,71.58%,0.69547,2026-10-01
LITE,1045.78,2026-10-02,1,Call,"1,020.00",+2.47%,31.8,33,34.5,705,510,1.38,76.12%,79.73%,0.732894,2026-10-01
CHWY,17.72,2027-04-16,197,Call,20.00,-12.87%,1.98,2.05,2.21,752,545,1.38,46.26%,53.78%,0.480073,2026-10-01
CAG,13.2,2027-03-19,169,Put,13.00,-1.52%,1,1.05,1.1,931,676,1.38,32.80%,32.15%,-0.427574,2026-10-01
SNAP,5.65,2026-10-30,29,Call,5.50,+2.65%,0.39,0.46,0.47,935,676,1.38,68.71%,54.38%,0.607335,2026-10-01
QURE,23.37,2026-10-16,15,Put,45.00,+92.55%,20,20.52,21.9,1494,1086,1.38,91.33%,141.70%,-0.98921,2026-10-01
NBIS,232.28,2026-10-09,8,Call,250.00,-7.63%,3.85,4.1,4.15,1938,1407,1.38,81.28%,73.94%,0.271198,2026-10-01
APP,281.31,2026-10-09,8,Put,295.00,+4.87%,13.4,16.55,19.8,509,371,1.37,66.72%,47.87%,-0.735388,2026-10-01
BABA,107.45,2026-10-30,29,Call,110.00,-2.37%,3.05,3.41,4.1,690,503,1.37,38.97%,38.84%,0.435899,2026-10-01
AMD,615.73,2026-10-30,29,Call,600.00,+2.55%,42.55,45.2,44.8,709,516,1.37,52.99%,50.11%,0.608634,2026-10-01
NLY,18.7,2026-10-09,8,Put,19.00,+1.60%,0.46,0.45,0.51,754,552,1.37,27.92%,25.16%,-0.679821,2026-10-01
NBIS,232.28,2026-10-16,15,Put,205.00,-11.74%,3.3,3.6,3.65,932,682,1.37,81.28%,72.66%,-0.175765,2026-10-01
MU,1097.39,2026-10-02,1,Call,"1,010.00",+7.96%,83.1,83.81,92.05,940,685,1.37,53.47%,64.36%,0.993483,2026-10-01
NBIS,232.28,2026-10-02,1,Put,212.50,-8.52%,0.09,0.13,0.17,995,724,1.37,81.28%,91.46%,-0.029703,2026-10-01
GOOGL,338.24,2026-10-07,6,Call,355.00,-4.96%,0.69,0.74,0.86,1578,1153,1.37,33.52%,31.06%,0.119086,2026-10-01
TME,7.77,2026-10-16,15,Call,8.00,-2.96%,0.05,0.11,0.15,2308,1685,1.37,41.85%,31.61%,0.320467,2026-10-01
GLW,160.42,2026-10-02,1,Call,160.00,+0.26%,2.3,2.56,2.61,2833,2079,1.36,60.02%,66.71%,0.537856,2026-10-01
CRWV,88.57,2026-10-09,8,Call,90.00,-1.61%,2.91,2.96,3,4889,3587,1.36,76.24%,68.16%,0.460235,2026-10-01
BA,192.28,2026-10-02,1,Call,187.50,+2.49%,5,5.55,6,5053,3711,1.36,36.75%,60.23%,0.79216,2026-10-01
ORCL,138.07,2026-10-02,1,Put,160.00,+15.88%,21.8,21.87,22.1,611,449,1.36,51.15%,117.96%,-0.991225,2026-10-01
MDB,351.73,2026-10-02,1,Call,375.00,-6.62%,0.35,0.45,1,663,488,1.36,57.73%,89.56%,0.089968,2026-10-01
VRT,246.12,2026-10-02,1,Call,250.00,-1.58%,1.51,1.67,1.78,758,556,1.36,58.77%,61.99%,0.321794,2026-10-01
COST,914.94,2026-10-02,1,Call,930.00,-1.65%,0.45,0.5,0.58,803,589,1.36,20.11%,23.75%,0.096756,2026-10-01
GOOGL,338.24,2026-10-02,1,Put,347.50,+2.74%,8.85,9.24,10.6,1061,779,1.36,33.52%,44.55%,-0.874166,2026-10-01
MU,1097.39,2026-10-02,1,Call,"1,215.00",-10.72%,0.38,0.39,0.43,1275,935,1.36,53.47%,94.08%,0.020649,2026-10-01
COHR,319.19,2026-10-02,1,Call,320.00,-0.25%,5.2,5.53,6,1626,1194,1.36,75.94%,89.62%,0.488707,2026-10-01
NVDA,230.86,2026-10-09,8,Call,247.50,-7.21%,0.22,0.21,0.24,1900,1394,1.36,34.15%,28.83%,0.055738,2026-10-01
SPCX,148.07,2026-10-09,8,Put,149.00,+0.63%,3.9,4,4.05,1990,1465,1.36,46.15%,40.49%,-0.525391,2026-10-01
COHR,319.19,2026-10-02,1,Put,282.50,-11.49%,0,0.14,0.3,528,392,1.35,75.94%,116.03%,-0.020557,2026-10-01
TSLA,354.11,2026-10-12,11,Call,355.00,-0.25%,8.85,9.1,9.05,603,446,1.35,42.22%,37.44%,0.504749,2026-10-01
UBS,47.57,2026-11-20,50,Put,40.00,-15.91%,0.3,0.45,0.45,741,548,1.35,32.95%,39.98%,-0.104556,2026-10-01
GOOGL,338.24,2026-10-16,15,Call,342.50,-1.26%,6.15,6.35,6.55,783,579,1.35,33.52%,29.41%,0.438308,2026-10-01
MRVL,268.08,2026-10-02,1,Call,262.50,+2.08%,7.1,7.3,7.4,900,667,1.35,64.56%,68.74%,0.727595,2026-10-01
CRWV,88.57,2026-10-09,8,Call,92.00,-3.87%,2.18,2.23,2.28,935,692,1.35,76.24%,68.79%,0.376821,2026-10-01
AMZN,248.23,2026-10-05,4,Put,245.00,-1.30%,1.04,1.15,1.22,1722,1271,1.35,34.59%,23.70%,-0.28936,2026-10-01
PLTR,190.04,2026-10-02,1,Put,192.50,+1.29%,3.25,3.44,3.45,1730,1282,1.35,52.42%,47.12%,-0.693663,2026-10-01
LKQ,22.78,2026-11-20,50,Call,25.00,-9.75%,0.95,0.9,1.1,2470,1828,1.35,53.81%,55.53%,0.358729,2026-10-01
GOOGL,338.24,2026-10-05,4,Call,355.00,-4.96%,0.27,0.3,0.36,2135,1594,1.34,33.52%,30.34%,0.067519,2026-10-01
CBRS,169.52,2026-10-09,8,Put,160.00,-5.62%,2.25,2.55,2.85,531,397,1.34,72.19%,63.97%,-0.252823,2026-10-01
HYMC,18.93,2026-10-16,15,Call,20.00,-5.65%,0.65,0.82,0.9,543,405,1.34,78.37%,77.96%,0.397886,2026-10-01
MU,1097.39,2027-03-19,169,Put,"1,020.00",-7.05%,107.5,112.77,113.3,573,429,1.34,53.47%,53.95%,-0.336841,2026-10-01
SNOW,341.99,2026-10-02,1,Put,330.00,-3.51%,0.55,0.6,0.65,919,687,1.34,48.74%,58.07%,-0.116511,2026-10-01
PL,16.14,2027-01-15,106,Call,27.00,-67.29%,0.5,0.6,0.7,1084,808,1.34,68.32%,83.07%,0.184474,2026-10-01
AMD,615.73,2026-10-09,8,Call,650.00,-5.57%,5.9,6.05,6.3,1210,900,1.34,52.99%,48.74%,0.241093,2026-10-01
RXRX,4.07,2026-10-09,8,Call,4.50,-10.57%,0.06,0.1,0.11,1765,1317,1.34,87.56%,95.17%,0.262235,2026-10-01
VZ,45.98,2026-10-02,1,Call,46.00,-0.04%,0.16,0.18,0.25,501,378,1.33,24.71%,22.49%,0.485962,2026-10-01
GOOGL,338.24,2027-12-17,442,Put,310.00,-8.35%,29.65,30.3,30.7,510,383,1.33,33.52%,34.70%,-0.304407,2026-10-01
ONON,30.2,2027-01-15,106,Put,52.50,+73.84%,20.8,22.82,24.2,600,450,1.33,48.65%,71.09%,-0.916621,2026-10-01
ASTS,57.04,2026-10-09,8,Call,63.00,-10.45%,0.64,0.62,0.71,601,453,1.33,78.71%,74.66%,0.201494,2026-10-01
IREN,40.65,2026-10-23,22,Call,40.00,+1.60%,3.05,3.07,3.3,719,542,1.33,78.09%,70.75%,0.576584,2026-10-01
AAOI,107.32,2026-10-02,1,Call,104.00,+3.09%,3.5,4.03,4.7,768,576,1.33,95.04%,91.15%,0.753273,2026-10-01
MU,1097.39,2026-11-20,50,Put,"1,050.00",-4.32%,59.4,61.61,61.35,869,655,1.33,53.47%,53.19%,-0.365192,2026-10-01
JPM,333.18,2026-10-02,1,Call,337.50,-1.30%,0.52,0.55,0.59,1032,774,1.33,26.80%,28.80%,0.199497,2026-10-01
INTC,120,2026-10-02,1,Put,122.00,+1.67%,2.88,2.92,2.94,1376,1031,1.33,67.00%,68.74%,-0.669878,2026-10-01
PLTR,190.04,2026-10-09,8,Put,180.00,-5.28%,1.24,1.28,1.31,1430,1078,1.33,52.42%,43.20%,-0.186039,2026-10-01
AMD,615.73,2026-10-02,1,Call,650.00,-5.57%,0.29,0.3,0.34,5318,4009,1.33,52.99%,58.97%,0.041296,2026-10-01
SOFI,15.84,2026-10-02,1,Put,17.50,+10.48%,1.65,1.66,1.69,6126,4619,1.33,50.74%,102.75%,-0.966615,2026-10-01
MRVL,268.08,2026-10-09,8,Call,300.00,-11.91%,2.48,2.56,2.62,2889,2184,1.32,64.56%,74.59%,0.169492,2026-10-01
COIN,189.29,2026-10-02,1,Call,197.50,-4.34%,0.59,0.63,0.66,3841,2910,1.32,63.46%,78.54%,0.156313,2026-10-01
BMNR,26.73,2026-10-02,1,Call,27.50,-2.88%,0.17,0.18,0.2,5304,4008,1.32,73.55%,83.53%,0.265845,2026-10-01
INTC,120,2026-10-09,8,Call,125.00,-4.17%,2.47,2.48,2.64,5608,4246,1.32,67.00%,63.60%,0.352521,2026-10-01
ORCL,138.07,2026-10-02,1,Call,138.00,+0.05%,1.57,1.65,1.67,6033,4562,1.32,51.15%,54.83%,0.513686,2026-10-01
ALM,13.18,2026-11-20,50,Put,10.00,-24.13%,0,0.45,0.5,511,386,1.32,83.28%,74.31%,-0.123159,2026-10-01
TSLA,354.11,2026-10-07,6,Call,372.50,-5.19%,1.78,1.82,1.84,525,398,1.32,42.22%,41.56%,0.18096,2026-10-01
AMZN,248.23,2026-10-05,4,Put,257.50,+3.73%,8.45,9.22,9.8,568,429,1.32,34.59%,18.34%,-0.982653,2026-10-01
BAC,53.73,2026-10-09,8,Put,51.00,-5.08%,0.09,0.11,0.12,783,593,1.32,29.05%,27.91%,-0.098466,2026-10-01
WMT,104.26,2026-10-09,8,Put,104.00,-0.25%,1.07,1.2,1.25,899,683,1.32,27.80%,21.36%,-0.455723,2026-10-01
NKE,35.15,2026-10-23,22,Call,42.00,-19.49%,0.23,0.31,0.39,933,707,1.32,54.51%,60.05%,0.127562,2026-10-01
AAPL,330.32,2026-10-16,15,Call,342.50,-3.69%,1.82,1.9,2.03,1348,1019,1.32,25.20%,22.28%,0.227555,2026-10-01
NBIS,232.28,2026-10-02,1,Call,230.00,+0.98%,4.95,5.5,5.6,1378,1043,1.32,81.28%,83.26%,0.598943,2026-10-01
LINE,33.97,2027-01-15,106,Put,45.00,+32.47%,9.5,11.31,12.2,1421,1079,1.32,52.46%,35.69%,-0.904874,2026-10-01
MSFT,512.8,2026-10-16,15,Put,510.00,-0.55%,8.4,8.7,8.95,1813,1377,1.32,30.10%,24.87%,-0.438582,2026-10-01
AAPL,330.32,2026-10-12,11,Call,340.00,-2.93%,1.46,1.57,1.67,606,463,1.31,25.20%,20.99%,0.228131,2026-10-01
GOOG,334.93,2026-10-16,15,Call,337.50,-0.77%,6.8,6.83,7,698,531,1.31,32.75%,29.05%,0.470032,2026-10-01
COIN,189.29,2026-10-09,8,Call,210.00,-10.94%,1.28,1.35,1.46,750,573,1.31,63.46%,64.63%,0.151844,2026-10-01
TSLA,354.11,2026-10-07,6,Call,377.50,-6.61%,1.17,1.18,1.21,915,698,1.31,42.22%,42.32%,0.127152,2026-10-01
TSM,459.2,2026-10-09,8,Call,475.00,-3.44%,2.65,2.71,2.91,1187,905,1.31,33.59%,30.21%,0.236078,2026-10-01
GOOG,334.93,2026-10-09,8,Put,330.00,-1.47%,3.3,3.38,3.5,1373,1045,1.31,32.75%,28.57%,-0.349147,2026-10-01
TSLA,354.11,2026-10-09,8,Call,385.00,-8.72%,1.09,1.11,1.13,2534,1936,1.31,42.22%,43.44%,0.104702,2026-10-01
MSFT,512.8,2026-10-02,1,Put,495.00,-3.47%,0.08,0.11,0.12,3172,2427,1.31,30.10%,35.38%,-0.027344,2026-10-01
GOOG,334.93,2026-10-02,1,Put,332.50,-0.73%,1.15,1.2,1.24,4042,3091,1.31,32.75%,31.73%,-0.325614,2026-10-01
NVDA,230.86,2026-10-09,8,Call,237.50,-2.88%,1.55,1.5,1.6,4600,3515,1.31,34.15%,28.96%,0.266816,2026-10-01
SOFI,15.84,2026-10-09,8,Call,16.00,-1.01%,0.32,0.33,0.34,8341,6353,1.31,50.74%,42.45%,0.454245,2026-10-01
SMCI,41.92,2026-10-02,1,Call,42.00,-0.19%,0.64,0.66,0.68,10253,7819,1.31,76.01%,79.58%,0.491065,2026-10-01
CG,40.39,2026-11-20,50,Put,35.00,-13.34%,0.65,0.8,0.85,3321,2564,1.3,43.70%,47.16%,-0.180168,2026-10-01
TTD,12.1,2026-10-02,1,Put,14.00,+15.70%,1.54,1.87,2.12,514,394,1.3,68.19%,146.44%,-0.969162,2026-10-01
COHR,319.19,2026-11-20,50,Call,450.00,-40.98%,6.9,6.89,7.4,630,483,1.3,75.94%,80.45%,0.161991,2026-10-01
PRU,113.13,2026-10-16,15,Call,115.00,-1.65%,0.75,1.44,1.7,641,493,1.3,26.41%,22.13%,0.362416,2026-10-01
AMD,615.73,2026-10-05,4,Call,615.00,+0.12%,10.5,11.07,11.1,694,535,1.3,52.99%,40.08%,0.523691,2026-10-01
PENN,14.52,2026-10-16,15,Call,15.00,-3.31%,0.35,0.4,0.65,769,592,1.3,51.77%,59.12%,0.421468,2026-10-01
WULF,14.91,2026-10-09,8,Call,15.00,-0.60%,0.6,0.6,0.64,929,715,1.3,81.86%,78.42%,0.489045,2026-10-01
GM,79.31,2026-10-02,1,Put,82.00,+3.39%,2.5,2.72,4,1660,1275,1.3,36.30%,92.20%,-0.747301,2026-10-01
CVNA,63.04,2027-06-17,259,Put,44.00,-30.20%,4.3,5.05,4.65,2000,1541,1.3,68.78%,69.04%,-0.170499,2026-10-01
QXO,12.05,2026-10-16,15,Put,16.00,+32.78%,3.7,4.1,4.5,520,403,1.29,63.66%,113.46%,-0.868921,2026-10-01
KURA,10.65,2027-04-16,197,Put,12.00,+12.68%,1.45,2.95,3.6,636,494,1.29,100.63%,58.49%,-0.515174,2026-10-01
CRWV,88.57,2026-10-09,8,Call,88.00,+0.64%,3.85,3.85,3.95,834,645,1.29,76.24%,68.49%,0.548863,2026-10-01
BE,277.58,2026-10-09,8,Call,280.00,-0.87%,10,10.4,10.75,949,738,1.29,79.43%,69.50%,0.490165,2026-10-01
NLY,18.7,2026-11-20,50,Put,18.00,-3.74%,0.37,0.42,0.45,1012,786,1.29,27.92%,22.33%,-0.365996,2026-10-01
CLF,11.47,2026-10-09,8,Put,10.50,-8.46%,0.08,0.13,0.12,1014,784,1.29,65.83%,64.59%,-0.164549,2026-10-01
C,127,2026-10-02,1,Call,131.00,-3.15%,0.08,0.11,0.14,1171,910,1.29,32.90%,42.78%,0.085083,2026-10-01
APP,281.31,2026-12-18,78,Call,400.00,-42.19%,6.6,7.1,7.7,1208,940,1.29,66.72%,67.70%,0.173295,2026-10-01
LRCX,340.1,2026-10-02,1,Call,350.00,-2.91%,1.24,1.24,1.55,1335,1035,1.29,60.14%,66.61%,0.21102,2026-10-01
AA,42.06,2026-10-02,1,Call,42.50,-1.05%,0.08,0.25,0.3,1529,1183,1.29,50.00%,41.66%,0.321792,2026-10-01
META,725.93,2026-10-02,1,Put,685.00,-5.64%,0.08,0.1,0.11,1748,1351,1.29,40.62%,50.76%,-0.013881,2026-10-01
TSLA,354.11,2026-10-02,1,Call,340.00,+3.98%,14.6,15,15.45,1784,1380,1.29,42.22%,70.72%,0.868651,2026-10-01
INTC,120,2026-10-02,1,Put,113.00,-5.83%,0.11,0.12,0.14,2434,1882,1.29,67.00%,75.11%,-0.060488,2026-10-01
RDDT,149.53,2026-10-02,1,Call,150.00,-0.31%,1.63,1.75,1.87,3351,2593,1.29,65.48%,62.96%,0.469895,2026-10-01
SPCX,148.07,2026-10-02,1,Call,149.00,-0.63%,1.09,1.07,1.11,6390,4947,1.29,46.15%,48.80%,0.409733,2026-10-01
NVDA,230.86,2026-10-16,15,Call,247.50,-7.21%,0.84,0.81,0.86,2499,1946,1.28,34.15%,28.95%,0.128699,2026-10-01
NOW,137.76,2026-10-02,1,Call,140.00,-1.63%,0.71,0.71,0.78,3984,3104,1.28,53.82%,55.88%,0.296921,2026-10-01
MRNA,188.94,2026-10-09,8,Call,210.00,-11.15%,2.33,3.65,3.2,533,415,1.28,90.60%,84.13%,0.217846,2026-10-01
INTC,120,2026-10-30,29,Put,89.00,-25.83%,0.62,0.66,0.68,537,420,1.28,67.00%,72.45%,-0.05727,2026-10-01
META,725.93,2026-10-02,1,Put,692.50,-4.61%,0.16,0.21,0.21,640,501,1.28,40.62%,47.08%,-0.026859,2026-10-01
GLW,160.42,2026-10-02,1,Call,155.00,+3.38%,5.65,6,6.4,644,505,1.28,60.02%,72.47%,0.823129,2026-10-01
FCX,69.28,2026-11-20,50,Call,82.50,-19.08%,1.04,1.15,1.2,832,652,1.28,46.29%,46.81%,0.184693,2026-10-01
TSLA,354.11,2026-10-05,4,Put,330.00,-6.81%,0.34,0.36,0.36,945,737,1.28,42.22%,42.28%,-0.052172,2026-10-01
CIFR,15.46,2026-10-09,8,Call,16.50,-6.73%,0.3,0.42,0.46,1257,979,1.28,94.05%,83.73%,0.324051,2026-10-01
GME,24.11,2026-10-02,1,Put,24.50,+1.62%,0.51,0.52,0.57,1472,1153,1.28,47.88%,60.15%,-0.689931,2026-10-01
NFLX,67.85,2027-09-17,351,Put,60.00,-11.57%,5.15,5.2,5.3,1521,1192,1.28,38.10%,38.37%,-0.275715,2026-10-01
NFLX,67.85,2027-12-17,442,Put,120.00,+76.86%,49.6,50.15,54.5,1966,1534,1.28,38.10%,41.33%,-0.944101,2026-10-01
SKHY,193.5,2026-10-09,8,Call,187.50,+3.10%,9.25,9.6,9.95,528,415,1.27,56.77%,53.62%,0.672619,2026-10-01
META,725.93,2026-10-09,8,Call,790.00,-8.83%,1.39,1.54,1.62,557,438,1.27,40.62%,39.47%,0.080058,2026-10-01
HUM,379.68,2026-10-02,1,Call,420.00,-10.62%,0,0.4,1,644,507,1.27,66.18%,116.59%,0.052401,2026-10-01
MU,1097.39,2026-10-09,8,Call,"1,110.00",-1.15%,29,29.52,30,703,555,1.27,53.47%,53.78%,0.462881,2026-10-01
BE,277.58,2026-10-23,22,Put,200.00,-27.95%,0.6,0.69,0.88,1156,908,1.27,79.43%,77.29%,-0.033337,2026-10-01
NVDA,230.86,2026-10-07,6,Call,242.50,-5.04%,0.3,0.29,0.32,1341,1054,1.27,34.15%,27.28%,0.084905,2026-10-01
RKT,11.97,2026-10-16,15,Put,11.50,-3.93%,0.34,0.39,0.42,2137,1686,1.27,65.01%,62.44%,-0.348123,2026-10-01
LKQ,22.78,2026-11-20,50,Call,30.00,-31.69%,0.1,0.1,0.25,2466,1941,1.27,53.81%,52.50%,0.091662,2026-10-01
PLTR,190.04,2026-10-02,1,Put,185.00,-2.65%,0.31,0.33,0.34,9458,7467,1.27,52.42%,47.29%,-0.135192,2026-10-01
BABA,107.45,2028-12-15,806,Call,100.00,+6.93%,33,33.8,34.9,3922,3115,1.26,38.97%,52.46%,0.65789,2026-10-01
GOOG,334.93,2026-10-02,1,Put,340.00,+1.51%,5.5,5.78,5.9,4090,3257,1.26,32.75%,33.69%,-0.799783,2026-10-01
AXP,302.09,2028-01-21,477,Call,290.00,+4.00%,50.9,51.85,53.8,520,412,1.26,27.62%,30.42%,0.649545,2026-10-01
CCJ,85.69,2026-10-02,1,Call,87.00,-1.53%,0.24,0.3,0.43,589,469,1.26,44.26%,45.95%,0.269172,2026-10-01
TSLA,354.11,2026-10-09,8,Call,387.50,-9.43%,0.91,1.15,0.95,610,485,1.26,42.22%,43.84%,0.089642,2026-10-01
MSFT,512.8,2026-10-09,8,Call,560.00,-9.20%,0.17,0.19,0.25,615,488,1.26,30.10%,29.76%,0.024958,2026-10-01
MS,188.01,2026-10-23,22,Call,205.00,-9.04%,1.04,1.26,1.27,1288,1025,1.26,33.86%,32.73%,0.152301,2026-10-01
MU,1097.39,2026-10-16,15,Call,"1,070.00",+2.50%,61.45,61.8,63,1624,1286,1.26,53.47%,52.83%,0.619537,2026-10-01
MAT,15.04,2026-12-18,78,Call,16.00,-6.38%,0.75,1.2,1.15,1771,1409,1.26,62.79%,48.44%,0.432088,2026-10-01
CENX,35.99,2026-10-16,15,Call,45.00,-25.03%,0.05,0.11,0.15,504,404,1.25,62.38%,64.96%,0.052554,2026-10-01
WFC,80.25,2029-01-19,841,Put,60.00,-25.23%,4.05,4.49,5,509,408,1.25,31.25%,32.26%,-0.170536,2026-10-01
ALB,105.03,2027-01-15,106,Put,85.00,-19.07%,2.81,3.25,3.55,590,471,1.25,52.35%,51.49%,-0.176725,2026-10-01
CLF,11.47,2026-10-09,8,Put,11.00,-4.10%,0.19,0.25,0.26,590,473,1.25,65.83%,63.38%,-0.309622,2026-10-01
INTC,120,2026-10-09,8,Call,126.00,-5.00%,2.18,2.2,2.25,714,573,1.25,67.00%,63.02%,0.319792,2026-10-01
CMCSA,21.7,2026-10-02,1,Put,22.50,+3.69%,0.62,0.8,0.98,740,591,1.25,35.71%,40.99%,-0.953295,2026-10-01
VIAV,44.78,2026-11-20,50,Call,45.00,-0.49%,5.2,5.58,5.6,891,711,1.25,79.49%,81.82%,0.560906,2026-10-01
NVDA,230.86,2026-12-18,78,Put,227.00,-1.67%,12,12.04,12.3,1136,912,1.25,34.15%,34.91%,-0.412514,2026-10-01
KO,86.1,2026-10-09,8,Put,85.00,-1.28%,0.42,0.43,0.5,1147,916,1.25,20.19%,18.10%,-0.307175,2026-10-01
BA,192.28,2026-10-02,1,Put,192.50,+0.11%,1.83,1.94,2,1572,1260,1.25,36.75%,44.86%,-0.514821,2026-10-01
MU,1097.39,2026-11-20,50,Call,"2,500.00",-127.81%,0.28,0.31,0.32,2133,1708,1.25,53.47%,77.46%,0.003377,2026-10-01
WMT,104.26,2026-10-09,8,Call,107.00,-2.63%,0.4,0.45,0.52,2295,1842,1.25,27.80%,22.63%,0.23013,2026-10-01
NVDA,230.86,2026-11-06,36,Call,230.00,+0.37%,9.9,9.96,10.1,2309,1844,1.25,34.15%,31.75%,0.548508,2026-10-01
NKE,35.15,2026-10-02,1,Call,39.50,-12.38%,0.39,0.41,0.41,3064,2458,1.25,54.51%,230.90%,0.182658,2026-10-01
ORCL,138.07,2026-10-02,1,Call,142.00,-2.85%,0.41,0.45,0.47,4058,3244,1.25,51.15%,59.57%,0.188739,2026-10-01
NKE,35.15,2026-10-02,1,Call,38.50,-9.53%,0.55,0.56,0.6,4756,3794,1.25,54.51%,230.19%,0.24333,2026-10-01
SOFI,15.84,2026-10-30,29,Call,16.00,-1.01%,0.9,0.96,0.98,3646,2929,1.24,50.74%,55.69%,0.513616,2026-10-01
NKE,35.15,2026-10-02,1,Call,38.00,-8.11%,0.66,0.69,0.7,7488,6062,1.24,54.51%,229.12%,0.277454,2026-10-01
MU,1097.39,2026-10-09,8,Put,"1,040.00",-5.23%,11.35,11.5,11.9,580,469,1.24,53.47%,52.07%,-0.228126,2026-10-01
TFC,46.28,2026-12-18,78,Put,40.00,-13.57%,0.5,0.65,0.75,619,499,1.24,29.63%,33.61%,-0.154663,2026-10-01
PYPL,53.06,2026-10-09,8,Call,57.00,-7.43%,0.16,0.2,0.28,852,687,1.24,42.05%,42.26%,0.134793,2026-10-01
LULU,95.86,2026-10-02,1,Put,96.00,+0.15%,1.04,1.15,1.32,869,701,1.24,42.44%,55.58%,-0.513028,2026-10-01
PSKY,9.34,2026-10-02,1,Put,9.50,+1.71%,0.19,0.18,0.25,986,797,1.24,66.25%,63.17%,-0.690107,2026-10-01
MS,188.01,2026-10-16,15,Put,220.00,+17.02%,31.2,31.98,34.1,1089,880,1.24,33.86%,54.18%,-0.916213,2026-10-01
"Downloaded from Barchart.com as of 10-01-2026 09:07pm CDT"
