Symbol,Price~,"Exp Date",DTE,Type,Strike,Moneyness,Bid,Latest,Ask,Volume,"Open Int",Vol/OI,"Imp Vol",IV,Delta,Time
TSLA,328.58,2026-08-10,2,Put,330.00,+0.43%,4.2,4.25,4.35,28469,158,180.18,41.95%,36.53%,-0.555776,2026-08-07
FIGR,28.62,2026-08-14,6,Put,27.00,-5.66%,1.05,1.19,1.4,16307,114,143.04,94.38%,136.17%,-0.335772,2026-08-07
TSLA,328.58,2026-08-10,2,Put,327.50,-0.33%,2.91,2.97,2.99,20246,186,108.85,41.95%,36.03%,-0.443155,2026-08-07
ADBE,265.21,2026-10-16,69,Put,160.00,-39.67%,0.26,0.45,1.1,18106,225,80.47,53.22%,63.16%,-0.0227,2026-08-07
SIRI,29.91,2026-08-14,6,Call,30.50,-1.97%,0.03,0.15,0.54,16425,231,71.1,33.49%,34.21%,0.335904,2026-08-07
ADBE,265.21,2026-10-16,69,Put,210.00,-20.82%,3.95,3.95,4.45,18368,260,70.65,53.22%,53.17%,-0.124583,2026-08-07
TTD,13.8,2026-11-20,104,Put,10.00,-27.54%,0.41,0.43,0.45,8629,134,64.4,58.81%,69.20%,-0.139465,2026-08-07
MARA,10.09,2026-08-14,6,Call,10.50,-4.06%,0.28,0.29,0.3,46563,732,63.61,87.50%,88.24%,0.385805,2026-08-07
NVDA,223.96,2026-08-10,2,Put,222.50,-0.65%,1.3,1.34,1.34,28192,450,62.65,38.68%,30.01%,-0.377424,2026-08-07
MSTR,100.01,2026-08-14,6,Call,107.00,-6.99%,1.49,1.55,1.61,31213,555,56.24,72.32%,77.90%,0.267436,2026-08-07
MARA,10.09,2027-03-19,223,Put,5.00,-50.45%,0.4,0.52,0.52,10008,179,55.91,87.50%,96.85%,-0.091116,2026-08-07
AI,10.22,2026-08-14,6,Call,10.50,-2.74%,0.15,0.19,0.24,27228,494,55.12,74.47%,59.11%,0.377916,2026-08-07
VST,140.59,2026-10-16,69,Put,110.00,-21.76%,1.65,1.75,1.83,11020,201,54.83,49.37%,50.76%,-0.1063,2026-08-07
SIRI,29.91,2026-08-14,6,Call,31.00,-3.64%,0,0.16,0.28,16312,302,54.01,33.49%,32.75%,0.202827,2026-08-07
MSTR,100.01,2026-08-14,6,Call,109.00,-8.99%,1.13,1.17,1.22,19770,372,53.15,72.32%,79.02%,0.21382,2026-08-07
ARDX,4,2026-10-16,69,Put,4.00,0.00%,0.25,0.31,0.4,20026,384,52.15,61.76%,48.79%,-0.448191,2026-08-07
AEM,178.82,2026-08-21,13,Call,200.00,-11.84%,0.75,0.85,0.95,10432,205,50.89,45.72%,47.08%,0.114057,2026-08-07
CIFR,17.18,2026-08-14,6,Put,16.50,-3.96%,0.64,0.72,0.7,11344,259,43.8,108.59%,113.46%,-0.361717,2026-08-07
AMZN,274.48,2026-08-10,2,Call,267.50,+2.54%,7.05,7.51,8.7,4815,111,43.38,30.53%,40.02%,0.813573,2026-08-07
NRG,118.13,2026-09-18,41,Call,140.00,-18.51%,1.8,1.88,2,11179,259,43.16,49.34%,51.07%,0.185577,2026-08-07
HPQ,30.05,2026-09-18,41,Put,29.00,-3.49%,1.92,2,2.06,12230,285,42.91,58.95%,63.06%,-0.391037,2026-08-07
FIGR,28.62,2026-08-14,6,Call,35.00,-22.29%,0.25,0.33,0.6,8135,196,41.51,94.38%,145.63%,0.163213,2026-08-07
REAL,12.3,2026-11-20,104,Call,15.00,-21.95%,1.2,1.24,1.25,11495,290,39.64,70.89%,79.44%,0.408969,2026-08-07
GOOGL,354.3,2026-08-10,2,Call,360.00,-1.61%,0.72,0.72,0.8,12654,321,39.42,30.17%,25.49%,0.204232,2026-08-07
LAC,3.23,2026-09-18,41,Call,4.00,-23.84%,0.12,0.12,0.14,8275,210,39.4,73.86%,83.19%,0.270056,2026-08-07
TSLA,328.58,2026-08-10,2,Call,327.50,+0.33%,3.95,4.05,4.1,35607,908,39.21,41.95%,35.33%,0.558272,2026-08-07
RLAY,19.77,2026-12-18,132,Call,25.00,-26.45%,2.15,2.28,3.1,4525,118,38.35,95.32%,88.97%,0.44227,2026-08-07
DAL,91.34,2026-08-14,6,Call,96.00,-5.10%,0.11,0.37,0.37,6293,173,36.38,35.70%,33.07%,0.126693,2026-08-07
QCOM,167.86,2026-09-04,27,Call,175.00,-4.25%,6.15,6.45,6.5,6717,192,34.98,51.12%,50.64%,0.410021,2026-08-07
MARA,10.09,2026-08-14,6,Call,10.00,+0.89%,0.49,0.51,0.52,13516,392,34.48,87.50%,88.72%,0.556026,2026-08-07
SPCX,133.11,2026-08-14,6,Put,127.00,-4.59%,4.15,4.2,4.25,5885,173,34.02,87.19%,103.10%,-0.335248,2026-08-07
CIFR,17.18,2026-08-14,6,Put,15.00,-12.69%,0.2,0.26,0.28,21642,646,33.5,108.59%,117.42%,-0.163464,2026-08-07
PLTR,172.01,2026-08-14,6,Put,165.00,-4.08%,1.92,1.93,1.95,12778,382,33.45,51.17%,53.96%,-0.259886,2026-08-07
MSTR,100.01,2026-08-14,6,Call,104.00,-3.99%,2.25,2.32,2.39,17231,520,33.14,72.32%,76.34%,0.365142,2026-08-07
QCOM,167.86,2026-08-14,6,Call,155.00,+7.66%,12.75,13.2,14.25,5741,175,32.81,51.12%,52.08%,0.89046,2026-08-07
CRWV,90.67,2026-10-16,69,Call,195.00,-115.07%,0.85,0.95,0.95,6814,209,32.6,101.14%,99.44%,0.061943,2026-08-07
FRO,39.74,2026-11-20,104,Call,60.00,-50.98%,0.4,0.45,0.55,4000,123,32.52,63.89%,56.95%,0.094394,2026-08-07
PLTR,172.01,2026-08-14,6,Put,170.00,-1.17%,3.7,3.75,3.8,12343,383,32.23,51.17%,54.06%,-0.416281,2026-08-07
MU,877.57,2026-08-10,2,Call,875.00,+0.29%,17.75,18.65,19.55,5473,173,31.64,73.17%,66.66%,0.535089,2026-08-07
COIN,153.6,2026-08-14,6,Call,162.50,-5.79%,2.34,2.43,2.5,8838,290,30.48,66.59%,71.66%,0.28749,2026-08-07
MU,877.57,2026-08-10,2,Put,870.00,-0.86%,12.85,13.27,15.5,3832,127,30.17,73.17%,68.88%,-0.421268,2026-08-07
DOW,29.34,2026-08-21,13,Put,28.00,-4.57%,0.32,0.35,0.49,4686,156,30.04,42.28%,42.73%,-0.268636,2026-08-07
GOOGL,354.3,2026-08-10,2,Put,350.00,-1.21%,0.79,0.95,1,8787,298,29.49,30.17%,23.96%,-0.239851,2026-08-07
COIN,153.6,2026-08-14,6,Call,157.50,-2.54%,3.7,3.9,4.05,12996,444,29.27,66.59%,70.09%,0.410019,2026-08-07
SPCX,133.11,2026-08-14,6,Put,128.00,-3.84%,4.55,4.61,4.65,6451,230,28.05,87.19%,103.17%,-0.357201,2026-08-07
AMD,483.36,2026-08-10,2,Put,475.00,-1.73%,4.2,4.42,4.7,5281,190,27.79,61.55%,56.34%,-0.328745,2026-08-07
MSFT,499.99,2026-09-04,27,Call,560.00,-12.00%,1.21,1.4,1.42,5188,191,27.16,28.24%,28.13%,0.078424,2026-08-07
MCHP,84.69,2026-08-14,6,Call,88.00,-3.91%,1.1,1.3,1.4,3580,134,26.72,55.07%,58.14%,0.317701,2026-08-07
TSLA,328.58,2026-08-10,2,Call,332.50,-1.19%,1.88,1.91,1.95,24006,904,26.56,41.95%,35.97%,0.335532,2026-08-07
META,592.1,2026-08-10,2,Call,605.00,-2.18%,1.3,1.36,1.46,3954,152,26.01,35.36%,31.68%,0.184099,2026-08-07
PATH,15.05,2026-08-14,6,Call,16.50,-9.63%,0.11,0.11,0.13,3193,123,25.96,77.01%,71.30%,0.170034,2026-08-07
TTD,13.8,2026-08-14,6,Put,13.00,-5.80%,0.13,0.14,0.15,3047,119,25.61,58.81%,62.47%,-0.214055,2026-08-07
PATH,15.05,2026-08-14,6,Put,14.00,-6.98%,0.14,0.15,0.15,4778,187,25.55,77.01%,68.45%,-0.191025,2026-08-07
BLND,1.63,2026-11-20,104,Call,2.0000,-22.70%,0.25,0.32,0.4,2933,116,25.28,141.47%,127.52%,0.522272,2026-08-07
RIOT,20.52,2026-08-14,6,Call,23.00,-12.09%,0.43,0.44,0.46,12572,504,24.94,100.06%,119.77%,0.253855,2026-08-07
MSTR,100.01,2026-08-14,6,Call,111.00,-10.99%,0.86,0.87,0.92,29654,1200,24.71,72.32%,80.27%,0.169556,2026-08-07
NVDA,223.96,2026-08-10,2,Put,225.00,+0.46%,2.5,2.57,2.54,10845,440,24.65,38.68%,29.82%,-0.576455,2026-08-07
WULF,17.08,2026-08-14,6,Call,17.00,+0.47%,0.83,0.87,0.95,2536,103,24.62,91.17%,100.17%,0.532044,2026-08-07
MSTR,100.01,2026-09-04,27,Call,100.00,+0.01%,7.55,7.85,8.3,5769,236,24.44,72.32%,71.96%,0.544623,2026-08-07
TSLA,328.58,2026-08-10,2,Call,325.00,+1.09%,5.4,5.55,5.7,38319,1579,24.27,41.95%,35.48%,0.669265,2026-08-07
NRG,118.13,2026-09-18,41,Call,170.00,-43.91%,0.05,0.25,0.45,10325,429,24.07,49.34%,55.21%,0.031258,2026-08-07
NVDA,223.96,2026-08-10,2,Put,230.00,+2.70%,6.2,6.25,6.8,2892,121,23.9,38.68%,35.54%,-0.840644,2026-08-07
DKNG,24.03,2026-08-14,6,Call,23.50,+2.21%,0.8,0.94,1.05,4013,169,23.75,54.77%,50.63%,0.649985,2026-08-07
MSFT,499.99,2026-08-10,2,Call,502.50,-0.50%,2.2,2.3,2.4,4714,202,23.34,28.24%,22.82%,0.390235,2026-08-07
PLTR,172.01,2026-08-14,6,Call,172.50,-0.28%,4.55,4.6,4.65,13860,605,22.91,51.17%,54.41%,0.501056,2026-08-07
WULF,17.08,2026-08-14,6,Call,17.50,-2.46%,0.62,0.65,0.7,5143,227,22.66,91.17%,98.84%,0.440403,2026-08-07
MSTR,100.01,2028-12-15,860,Call,110.00,-9.99%,47.3,48.73,50.45,49976,2255,22.16,72.32%,85.38%,0.744818,2026-08-07
GOOGL,354.3,2026-08-10,2,Call,365.00,-3.02%,0.23,0.24,0.25,11494,527,21.81,30.17%,27.53%,0.074817,2026-08-07
TSLA,328.58,2026-08-12,4,Call,317.50,+3.37%,12.4,12.51,13.4,3822,176,21.72,41.95%,41.54%,0.793846,2026-08-07
RIOT,20.52,2026-08-14,6,Call,21.00,-2.34%,0.9,1.04,1.1,18588,872,21.32,100.06%,115.00%,0.46848,2026-08-07
PLTR,172.01,2026-12-18,132,Call,175.00,-1.74%,23.1,23.26,23.35,51002,2405,21.21,51.17%,57.16%,0.564434,2026-08-07
AAPL,313.33,2026-08-10,2,Put,312.50,-0.26%,1.49,1.54,1.6,12316,587,20.98,24.55%,21.14%,-0.425882,2026-08-07
HOOD,93.29,2026-08-14,6,Put,91.00,-2.45%,1.94,2,2,4773,228,20.93,62.53%,63.59%,-0.362466,2026-08-07
TMC,4.57,2026-09-18,41,Call,8.00,-75.05%,0.08,0.1,0.12,12650,605,20.91,114.17%,122.79%,0.126164,2026-08-07
SKHY,137.91,2027-01-15,160,Call,160.00,-16.02%,23.7,24.3,24.9,6125,293,20.9,85.24%,86.19%,0.521718,2026-08-07
BMRN,63.81,2026-08-21,13,Call,70.00,-9.70%,0.05,0.27,0.4,3035,148,20.51,41.55%,37.74%,0.10632,2026-08-07
NRGV,3.49,2026-09-18,41,Call,4.00,-14.61%,0.3,0.49,0.6,6821,334,20.42,158.75%,135.02%,0.473697,2026-08-07
XPEV,12.13,2026-08-14,6,Call,12.00,+1.07%,0.32,0.38,0.41,2865,141,20.32,59.48%,47.23%,0.586329,2026-08-07
TSLA,328.58,2026-08-12,4,Put,320.00,-2.61%,2.38,2.42,2.43,8331,411,20.27,41.95%,42.36%,-0.265369,2026-08-07
SHEL,88.5,2026-08-21,13,Call,95.00,-7.34%,0.1,0.15,0.2,10560,524,20.15,23.44%,26.01%,0.077986,2026-08-07
NVDA,223.96,2026-08-17,9,Put,220.00,-1.77%,2.83,2.8,2.88,5708,289,19.75,38.68%,33.27%,-0.351809,2026-08-07
VIAV,39.14,2026-09-18,41,Call,48.00,-22.64%,1.7,1.85,2,2919,149,19.59,88.36%,87.32%,0.295705,2026-08-07
AEVA,26.62,2026-08-21,13,Put,22.50,-15.48%,0.15,0.4,0.7,2212,113,19.58,105.86%,96.72%,-0.154124,2026-08-07
MSTR,100.01,2026-08-14,6,Call,110.00,-9.99%,0.99,1.02,1.05,44698,2324,19.23,72.32%,79.55%,0.190317,2026-08-07
DAL,91.34,2026-08-14,6,Call,94.00,-2.91%,0.59,0.69,0.79,6435,335,19.21,35.70%,35.58%,0.275235,2026-08-07
CRCL,66.67,2026-08-14,6,Put,65.00,-2.50%,1.85,1.95,2.1,3625,189,19.18,80.75%,81.54%,-0.382174,2026-08-07
MSTR,100.01,2026-08-14,6,Call,105.00,-4.99%,2,2.02,2.05,55617,2920,19.05,72.32%,76.69%,0.329952,2026-08-07
NVTS,13.89,2026-08-14,6,Put,12.50,-10.01%,0.26,0.19,0.3,3026,164,18.45,105.05%,117.23%,-0.217617,2026-08-07
TSLA,328.58,2026-08-10,2,Call,335.00,-1.95%,1.23,1.22,1.28,32856,1794,18.31,41.95%,36.41%,0.242867,2026-08-07
AMZN,274.48,2026-08-10,2,Put,275.00,+0.19%,2.17,2.2,2.42,7680,421,18.24,30.53%,25.27%,-0.533304,2026-08-07
INTC,101.65,2026-08-10,2,Put,99.00,-2.61%,0.77,0.82,0.84,2408,134,17.97,73.87%,62.07%,-0.273827,2026-08-07
MRVL,218.72,2026-09-04,27,Call,250.00,-14.30%,11.35,11.55,11.85,4071,227,17.93,88.41%,94.33%,0.350947,2026-08-07
MSTR,100.01,2026-08-14,6,Call,102.00,-1.99%,2.95,3,3.05,23087,1297,17.8,72.32%,75.33%,0.44055,2026-08-07
DOCS,27.4,2026-08-21,13,Put,30.00,+9.49%,3.2,3.21,3.5,5842,337,17.34,68.69%,82.51%,-0.691376,2026-08-07
SPCX,133.11,2027-09-17,405,Put,130.00,-2.34%,32.25,34.15,34.9,5025,290,17.33,87.19%,70.37%,-0.330802,2026-08-07
CVX,186.56,2026-08-14,6,Call,200.00,-7.20%,0.2,0.21,0.3,15395,890,17.3,26.80%,35.79%,0.067594,2026-08-07
AAPL,313.33,2026-08-10,2,Put,310.00,-1.06%,0.72,0.75,0.79,13110,762,17.2,24.55%,21.83%,-0.248494,2026-08-07
MU,877.57,2026-08-10,2,Put,875.00,-0.29%,15.2,15.66,16.4,1987,117,16.98,73.17%,66.20%,-0.465076,2026-08-07
SPCX,133.11,2026-08-28,20,Call,123.00,+7.60%,15.85,15.54,17.35,5229,309,16.92,87.19%,89.19%,0.688755,2026-08-07
META,592.1,2026-08-10,2,Call,597.50,-0.91%,2.87,3.1,3.25,2112,125,16.9,35.36%,30.12%,0.349003,2026-08-07
MSFT,499.99,2026-08-10,2,Put,502.50,+0.50%,4.35,4.75,5.05,1923,114,16.87,28.24%,22.56%,-0.61208,2026-08-07
DOCS,27.4,2026-08-21,13,Call,32.50,-18.61%,0.35,0.39,0.45,4098,244,16.8,68.69%,88.28%,0.175251,2026-08-07
AMD,483.36,2026-08-14,6,Call,495.00,-2.41%,10.85,11.08,11.75,4311,259,16.64,61.55%,65.39%,0.407162,2026-08-07
GOOGL,354.3,2026-08-10,2,Call,355.00,-0.20%,2,2.23,2.45,6244,376,16.61,30.17%,24.16%,0.463701,2026-08-07
SKHY,137.91,2026-08-14,6,Call,140.00,-1.52%,5.4,5.52,5.6,2057,124,16.59,85.24%,90.89%,0.473801,2026-08-07
RGTI,17.94,2026-11-20,104,Call,35.00,-95.09%,0.81,0.83,0.85,8362,506,16.53,91.94%,105.89%,0.18932,2026-08-07
XOM,153.04,2026-08-14,6,Call,165.00,-7.81%,0.11,0.12,0.15,13907,842,16.52,29.22%,34.54%,0.047081,2026-08-07
CELH,27.77,2026-08-21,13,Call,27.00,+2.77%,1.66,1.76,1.94,2195,135,16.26,58.63%,66.05%,0.617275,2026-08-07
GOOGL,354.3,2026-08-10,2,Put,347.50,-1.92%,0.52,0.46,0.54,2043,126,16.21,30.17%,25.74%,-0.150229,2026-08-07
CRCL,66.67,2026-08-14,6,Call,68.00,-1.99%,2.29,2.5,2.55,4225,263,16.06,80.75%,87.79%,0.454647,2026-08-07
CORZ,21.01,2026-08-14,6,Put,21.00,-0.05%,0.79,0.76,0.89,2840,178,15.96,79.43%,79.22%,-0.476,2026-08-07
META,592.1,2026-08-10,2,Call,595.00,-0.49%,3.7,3.7,4.15,4612,290,15.9,35.36%,29.69%,0.419476,2026-08-07
RUN,10.2,2026-08-21,13,Call,10.50,-2.94%,0.45,0.53,0.52,10871,690,15.76,79.21%,79.40%,0.456232,2026-08-07
TSLA,328.58,2026-08-10,2,Call,330.00,-0.43%,2.8,2.81,2.88,54174,3441,15.74,41.95%,35.74%,0.443437,2026-08-07
MU,877.57,2026-08-10,2,Put,850.00,-3.14%,6.3,6.3,7.2,6648,423,15.72,73.17%,67.32%,-0.251731,2026-08-07
TSLA,328.58,2026-08-12,4,Put,330.00,+0.43%,6.3,6.45,6.7,2522,165,15.28,41.95%,42.36%,-0.527123,2026-08-07
DKNG,24.03,2026-08-14,6,Put,23.00,-4.29%,0.28,0.3,0.35,2151,141,15.26,54.77%,59.84%,-0.268861,2026-08-07
GOOGL,354.3,2026-08-10,2,Put,355.00,+0.20%,2.6,2.76,3.05,3838,252,15.23,30.17%,23.78%,-0.537908,2026-08-07
TSLA,328.58,2026-08-14,6,Call,347.50,-5.76%,1.75,1.78,1.8,5689,375,15.17,41.95%,45.22%,0.177109,2026-08-07
CSCO,121.43,2027-06-17,313,Put,55.00,-54.71%,0.25,0.33,0.33,2017,133,15.17,48.08%,44.35%,-0.014312,2026-08-07
OMF,64.95,2026-08-21,13,Call,55.00,+15.32%,9,10,11,1800,120,15,26.58%,49.89%,0.968429,2026-08-07
ABAT,2.61,2026-09-18,41,Call,4.00,-53.26%,0.1,0.1,0.15,6248,417,14.98,116.71%,131.14%,0.228978,2026-08-07
MCHP,84.69,2026-08-14,6,Call,86.00,-1.55%,1.75,1.81,2.15,3597,241,14.93,55.07%,58.29%,0.43441,2026-08-07
CDZI,3.46,2027-02-19,195,Call,5.00,-44.51%,0.3,0.65,0.65,2000,134,14.93,149.22%,87.58%,0.41221,2026-08-07
HUBS,210.45,2026-08-21,13,Call,240.00,-14.04%,2.65,2.87,3.3,3110,209,14.88,70.40%,74.07%,0.194639,2026-08-07
TTWO,246.5,2026-09-18,41,Put,200.00,-18.86%,0.8,1.35,2,10633,722,14.73,44.09%,46.83%,-0.075689,2026-08-07
AMZN,274.48,2026-08-10,2,Put,272.50,-0.72%,1.13,1.25,1.31,5888,401,14.68,30.53%,25.74%,-0.345149,2026-08-07
AMZN,274.48,2026-08-10,2,Put,285.00,+3.83%,10.05,9.55,10.9,6243,427,14.62,30.53%,24.27%,-0.986821,2026-08-07
POET,8.91,2026-09-18,41,Put,5.00,-43.88%,0.01,0.12,0.19,2900,201,14.43,115.17%,123.96%,-0.053964,2026-08-07
MU,877.57,2026-08-10,2,Put,825.00,-5.99%,2.35,2.41,2.56,2163,150,14.42,73.17%,69.67%,-0.109888,2026-08-07
MSFT,499.99,2026-08-10,2,Call,507.50,-1.50%,0.82,0.92,1.09,1920,135,14.22,28.24%,23.38%,0.199441,2026-08-07
TSLA,328.58,2026-08-10,2,Put,325.00,-1.09%,1.92,1.98,1.99,20093,1427,14.08,41.95%,36.02%,-0.333332,2026-08-07
MARA,10.09,2026-08-14,6,Call,11.00,-9.02%,0.16,0.16,0.17,17876,1286,13.9,87.50%,90.94%,0.249122,2026-08-07
MSFT,499.99,2026-09-11,34,Call,530.00,-6.00%,6.1,6.9,7.35,1717,124,13.85,28.24%,27.81%,0.270183,2026-08-07
NOK,9.36,2026-09-04,27,Put,8.00,-14.53%,0.13,0.14,0.18,5219,377,13.84,63.81%,65.17%,-0.162681,2026-08-07
PLTR,172.01,2026-08-14,6,Call,177.50,-3.19%,2.62,2.65,2.71,7765,561,13.84,51.17%,54.77%,0.343168,2026-08-07
GOOGL,354.3,2026-08-10,2,Put,352.50,-0.51%,1.46,1.75,1.9,5102,369,13.83,30.17%,23.96%,-0.380199,2026-08-07
NVDA,223.96,2026-08-10,2,Put,220.00,-1.77%,0.62,0.64,0.66,49758,3600,13.82,38.68%,31.22%,-0.214683,2026-08-07
TSLA,328.58,2026-08-14,6,Call,332.50,-1.19%,5.55,5.65,5.7,9937,720,13.8,41.95%,43.41%,0.430714,2026-08-07
TSLA,328.58,2026-08-12,4,Put,327.50,-0.33%,5.2,5.15,5.3,2160,158,13.67,41.95%,42.55%,-0.458804,2026-08-07
CMG,32.79,2026-08-14,6,Put,31.50,-3.93%,0.15,0.17,0.19,1418,104,13.63,36.97%,37.41%,-0.191608,2026-08-07
NVTS,13.89,2026-08-28,20,Call,15.00,-7.99%,0.86,1.01,1.04,6473,475,13.63,105.05%,106.11%,0.429599,2026-08-07
HTZ,2.27,2026-08-21,13,Call,3.50,-54.19%,0.16,0.16,0.19,4190,308,13.6,172.98%,283.34%,0.294575,2026-08-07
MSTR,100.01,2026-08-14,6,Call,112.00,-11.99%,0.69,0.77,0.77,7242,533,13.59,72.32%,79.43%,0.145661,2026-08-07
CIFR,17.18,2026-08-14,6,Call,18.50,-7.68%,0.23,0.51,0.96,2908,214,13.59,108.59%,124.18%,0.351352,2026-08-07
AMZN,274.48,2026-08-12,4,Call,287.50,-4.74%,0.34,0.39,0.42,2239,165,13.57,30.53%,32.28%,0.089636,2026-08-07
META,592.1,2026-08-10,2,Call,600.00,-1.33%,2.2,2.3,2.5,11847,876,13.52,35.36%,30.52%,0.285158,2026-08-07
FIVN,33.99,2026-09-18,41,Put,27.50,-19.09%,0.6,0.6,0.8,1591,118,13.48,63.33%,70.34%,-0.150938,2026-08-07
TTD,13.8,2026-10-16,69,Call,15.00,-8.70%,1.03,1.07,1.07,2483,185,13.42,58.81%,61.93%,0.44077,2026-08-07
MSTR,100.01,2026-08-14,6,Call,113.00,-12.99%,0.63,0.67,0.72,6116,456,13.41,72.32%,81.63%,0.133751,2026-08-07
MSFT,499.99,2026-08-10,2,Call,510.00,-2.00%,0.51,0.52,0.58,7122,531,13.41,28.24%,23.21%,0.128002,2026-08-07
COIN,153.6,2026-08-14,6,Call,165.00,-7.42%,1.81,1.88,1.93,13296,992,13.4,66.59%,72.11%,0.235225,2026-08-07
GLXY,20.17,2026-08-14,6,Call,21.50,-6.59%,0.22,0.45,0.65,1642,123,13.35,94.46%,89.46%,0.310547,2026-08-07
DKNG,24.03,2026-08-14,6,Call,24.50,-1.96%,0.3,0.51,0.59,2105,158,13.32,54.77%,52.19%,0.402392,2026-08-07
PYPL,59.07,2026-08-14,6,Call,63.00,-6.65%,0.09,0.12,0.12,2760,208,13.27,27.92%,35.88%,0.085684,2026-08-07
NOW,124.88,2026-08-21,13,Call,128.00,-2.50%,3.9,4,4,1723,130,13.25,55.65%,55.71%,0.432544,2026-08-07
GO,9.91,2026-08-21,13,Call,10.00,-0.91%,0.45,0.78,1.15,4004,303,13.21,84.78%,112.09%,0.527558,2026-08-07
GEN,29.17,2026-12-18,132,Call,30.00,-2.85%,1.85,2.14,2.35,4000,306,13.07,37.40%,34.01%,0.498154,2026-08-07
SOUN,8.02,2026-08-14,6,Put,8.00,-0.25%,0.34,0.35,0.35,3600,278,12.95,78.85%,87.20%,-0.467109,2026-08-07
SPCX,133.11,2026-08-14,6,Call,162.50,-22.08%,1.08,1.12,1.14,6807,526,12.94,87.19%,122.01%,0.116355,2026-08-07
AG,18.4,2026-08-14,6,Call,19.00,-3.26%,0.37,0.42,0.45,4192,327,12.82,67.42%,69.43%,0.378267,2026-08-07
CPNG,16.23,2026-08-21,13,Call,16.50,-1.66%,0.31,0.54,0.59,7102,555,12.8,46.18%,45.96%,0.447496,2026-08-07
GOOGL,354.3,2026-08-10,2,Call,362.50,-2.31%,0.4,0.62,0.61,3856,302,12.77,30.17%,27.83%,0.137545,2026-08-07
MU,877.57,2026-08-10,2,Call,870.00,+0.86%,20.2,22,22.6,5718,448,12.76,73.17%,66.89%,0.580707,2026-08-07
CRMD,7.44,2027-03-19,223,Put,8.00,+7.53%,1.5,1.7,1.75,1400,110,12.73,77.36%,59.90%,-0.457001,2026-08-07
CROX,136.62,2026-08-21,13,Call,150.00,-9.79%,0.75,0.8,1.05,3308,260,12.72,43.07%,45.69%,0.152555,2026-08-07
INTC,101.65,2026-08-12,4,Call,103.00,-1.33%,2.44,2.53,2.6,1268,100,12.68,73.87%,73.36%,0.448679,2026-08-07
TSLA,328.58,2026-08-10,2,Call,315.00,+4.13%,13.65,13.85,13.95,4688,373,12.57,41.95%,34.16%,0.95446,2026-08-07
AMD,483.36,2026-08-10,2,Put,480.00,-0.70%,6.15,6.39,6.55,3296,263,12.53,61.55%,55.93%,-0.423382,2026-08-07
NVTS,13.89,2026-08-21,13,Call,13.50,+2.81%,1.25,1.38,1.49,4273,341,12.53,105.05%,112.30%,0.597339,2026-08-07
TXN,286.08,2026-08-14,6,Call,300.00,-4.87%,1.82,2.1,2.5,1246,100,12.46,45.36%,46.81%,0.224378,2026-08-07
CIFR,17.18,2026-12-18,132,Put,17.00,-1.05%,4,3.95,4.55,2417,194,12.46,108.59%,111.53%,-0.35751,2026-08-07
NXE,10.43,2026-09-18,41,Put,10.00,-4.12%,0.55,0.54,0.6,7557,609,12.41,58.66%,57.78%,-0.370082,2026-08-07
UAN,126.57,2026-08-21,13,Call,105.00,+17.04%,20.8,23.9,24.4,2403,194,12.39,50.17%,88.64%,0.885072,2026-08-07
GSM,4.49,2026-09-18,41,Call,5.00,-11.36%,0.3,0.32,0.35,8932,723,12.35,82.01%,85.24%,0.410601,2026-08-07
RDDT,161.7,2026-08-14,6,Call,180.00,-11.32%,0.73,0.78,0.82,5440,442,12.31,62.91%,67.50%,0.117273,2026-08-07
LITE,890.17,2026-08-21,13,Put,880.00,-1.14%,65.9,69.5,72.6,1366,111,12.31,102.15%,112.38%,-0.434422,2026-08-07
VSAT,80.38,2026-09-18,41,Put,60.00,-25.35%,0.95,1.5,2.1,2335,190,12.29,88.84%,85.20%,-0.119001,2026-08-07
CEVA,38.67,2026-08-21,13,Call,70.00,-81.02%,0.05,0.15,0.25,1471,120,12.26,105.68%,160.57%,0.035743,2026-08-07
UUUU,14.14,2026-09-18,41,Call,18.00,-27.30%,0.44,0.49,0.48,4193,342,12.26,80.91%,81.50%,0.232103,2026-08-07
NVDA,223.96,2026-08-12,4,Call,232.50,-3.81%,0.65,0.68,0.7,6610,541,12.22,38.68%,34.90%,0.15946,2026-08-07
GOOGL,354.3,2026-08-12,4,Call,357.50,-0.90%,2.8,3.1,3.2,1434,118,12.15,30.17%,29.36%,0.395448,2026-08-07
NBIS,187.97,2026-08-14,6,Call,185.00,+1.58%,16.2,16.4,16.8,1698,140,12.13,120.50%,156.62%,0.572482,2026-08-07
INTC,101.65,2026-08-14,6,Call,107.00,-5.26%,1.94,2,2.06,6400,529,12.1,73.87%,77.23%,0.321519,2026-08-07
COIN,153.6,2027-05-21,286,Call,170.00,-10.68%,32.6,33.8,37.55,1400,117,11.97,66.59%,73.18%,0.585327,2026-08-07
TSLA,328.58,2026-08-10,2,Put,320.00,-2.61%,0.73,0.76,0.76,14477,1215,11.92,41.95%,36.43%,-0.158277,2026-08-07
OWL,11.87,2026-10-16,69,Call,14.00,-17.94%,0.2,0.25,0.3,5064,426,11.89,44.40%,44.25%,0.210958,2026-08-07
TSLA,328.58,2026-08-10,2,Call,322.50,+1.85%,7.15,7.44,7.4,11157,942,11.84,41.95%,34.77%,0.772257,2026-08-07
CROX,136.62,2026-09-18,41,Put,135.00,-1.19%,4.8,6.3,8,2511,213,11.79,43.07%,40.89%,-0.429039,2026-08-07
IBM,237.28,2027-01-15,160,Call,110.00,+53.64%,125.05,126.66,128.2,1260,107,11.78,38.38%,51.27%,0.996201,2026-08-07
UAN,126.57,2026-08-21,13,Call,90.00,+28.89%,35.8,39.4,39.4,1202,103,11.67,50.17%,139.55%,0.923151,2026-08-07
VZ,47.06,2026-08-14,6,Call,46.50,+1.19%,0.77,0.86,0.95,2171,187,11.61,24.62%,22.77%,0.661025,2026-08-07
ABNB,178.07,2026-08-21,13,Call,190.00,-6.70%,1.05,1.05,1.28,1314,114,11.53,33.15%,35.89%,0.18288,2026-08-07
TSLA,328.58,2026-08-12,4,Put,325.00,-1.09%,4.05,4.05,4.15,3701,322,11.49,41.95%,42.22%,-0.390666,2026-08-07
MU,877.57,2027-09-17,405,Call,"2,440.00",-178.04%,60,63.82,70,1695,149,11.38,73.17%,78.55%,0.22084,2026-08-07
BSX,49.31,2026-08-21,13,Put,46.00,-6.71%,0.05,0.31,0.65,3278,291,11.26,39.02%,40.54%,-0.168106,2026-08-07
EIX,68.62,2026-09-18,41,Put,65.00,-5.28%,1.8,1.8,1.9,7567,672,11.26,37.35%,37.30%,-0.312203,2026-08-07
FIGR,28.62,2026-08-14,6,Call,31.00,-8.32%,0.85,1.03,1.3,1221,109,11.2,94.38%,134.22%,0.353918,2026-08-07
MU,877.57,2027-09-17,405,Call,"1,660.00",-89.16%,118.9,127.28,130.4,1278,115,11.11,73.17%,77.28%,0.37356,2026-08-07
AMZN,274.48,2026-08-10,2,Call,272.50,+0.72%,3.1,3.35,3.35,5373,484,11.1,30.53%,25.38%,0.657422,2026-08-07
NET,300.27,2026-09-18,41,Call,380.00,-26.55%,3.25,3.3,3.75,1317,119,11.07,57.32%,56.89%,0.131813,2026-08-07
MSFT,499.99,2026-08-10,2,Call,512.50,-2.50%,0.3,0.39,0.4,2621,237,11.06,28.24%,24.12%,0.085917,2026-08-07
TSLA,328.58,2026-08-10,2,Call,342.50,-4.24%,0.33,0.35,0.35,7522,683,11.01,41.95%,39.22%,0.079589,2026-08-07
SG,5.4,2026-10-16,69,Put,4.00,-25.93%,0.15,0.2,0.3,1792,163,10.99,86.28%,90.52%,-0.164797,2026-08-07
UAN,126.57,2026-08-21,13,Call,95.00,+24.94%,30.8,34.7,34.4,1800,164,10.98,50.17%,122.05%,0.913298,2026-08-07
MSFT,499.99,2026-08-10,2,Put,500.00,0.00%,3.25,3.5,3.6,4088,373,10.96,28.24%,23.40%,-0.494046,2026-08-07
UAN,126.57,2026-08-21,13,Call,110.00,+13.09%,15.9,19.3,19.3,1203,110,10.94,50.17%,72.36%,0.863171,2026-08-07
UAN,126.57,2026-08-21,13,Call,120.00,+5.19%,5.9,9.8,9.3,3669,336,10.92,50.17%,39.12%,0.771611,2026-08-07
AAPL,313.33,2026-08-10,2,Put,307.50,-1.86%,0.29,0.32,0.33,14252,1307,10.9,24.55%,22.10%,-0.121698,2026-08-07
AXP,340.91,2026-08-14,6,Call,347.50,-1.93%,1.5,1.7,1.91,1764,162,10.89,23.49%,23.62%,0.27305,2026-08-07
SPCX,133.11,2026-08-14,6,Call,136.00,-2.17%,5.95,5.98,6.05,6157,572,10.76,87.19%,106.47%,0.466225,2026-08-07
INTC,101.65,2026-08-10,2,Call,107.00,-5.26%,0.29,0.31,0.34,1946,181,10.75,73.87%,61.73%,0.136532,2026-08-07
WOLF,32.87,2027-06-17,313,Call,40.00,-21.69%,10.2,11.23,12.3,7524,705,10.67,133.43%,110.47%,0.637949,2026-08-07
COP,117.61,2026-08-21,13,Put,111.00,-5.62%,0.71,0.8,0.88,1864,175,10.65,30.58%,35.16%,-0.181558,2026-08-07
MP,51.11,2026-08-28,20,Put,45.00,-11.95%,0.46,1,1.09,1297,122,10.63,71.89%,64.12%,-0.174848,2026-08-07
SPCX,133.11,2026-08-14,6,Call,129.00,+3.09%,9.15,9.1,9.45,5516,519,10.63,87.19%,104.67%,0.619926,2026-08-07
INTC,101.65,2026-08-10,2,Put,94.00,-7.53%,0.13,0.14,0.14,1422,134,10.61,73.87%,68.99%,-0.0593,2026-08-07
AAOI,135.63,2026-08-14,6,Call,155.00,-14.28%,3,3.5,3.5,1089,103,10.57,121.20%,136.20%,0.250212,2026-08-07
MRNA,59.17,2026-08-14,6,Call,62.00,-4.78%,0.96,1.2,1.21,4530,429,10.56,72.82%,71.25%,0.322998,2026-08-07
DDOG,233.93,2026-08-14,6,Put,250.00,+6.87%,17.3,15.65,18.7,1778,169,10.52,54.80%,60.37%,-0.793069,2026-08-07
CIFR,17.18,2026-08-14,6,Call,19.50,-13.50%,0.28,0.32,0.37,3365,321,10.48,108.59%,119.79%,0.228386,2026-08-07
SNDK,1212.21,2026-08-14,6,Call,"1,250.00",-3.12%,47.1,48.55,50,2428,232,10.47,93.26%,104.00%,0.436781,2026-08-07
MRNA,59.17,2026-08-14,6,Call,58.00,+1.98%,2.59,2.88,3.1,4215,406,10.38,72.82%,73.14%,0.604977,2026-08-07
CVNA,70.85,2026-08-28,20,Call,80.00,-12.91%,0.96,1,1.13,2040,197,10.36,57.68%,57.64%,0.206631,2026-08-07
BTG,5.03,2026-11-20,104,Call,5.00,+0.60%,0.6,0.65,0.65,15590,1507,10.35,58.21%,56.22%,0.573369,2026-08-07
RKT,13.72,2026-08-28,20,Put,13.00,-5.25%,0.4,0.48,0.5,1125,109,10.32,60.12%,61.43%,-0.323284,2026-08-07
NOW,124.88,2026-08-14,6,Put,120.00,-3.91%,1.57,1.64,1.75,1271,124,10.25,55.65%,57.61%,-0.279714,2026-08-07
BABA,128.41,2026-08-21,13,Put,109.00,-15.12%,0.08,0.3,0.58,1702,166,10.25,48.31%,56.21%,-0.054799,2026-08-07
TSLA,328.58,2026-08-10,2,Put,322.50,-1.85%,1.2,1.23,1.26,10760,1050,10.25,41.95%,36.09%,-0.236019,2026-08-07
USAR,19.33,2026-08-14,6,Put,17.00,-12.05%,0.3,0.32,0.34,1421,139,10.22,103.33%,121.15%,-0.181901,2026-08-07
CBRS,226.73,2026-08-14,6,Call,245.00,-8.06%,10.7,11,11.5,1224,120,10.2,117.63%,156.12%,0.388137,2026-08-07
TSLA,328.58,2026-08-14,6,Put,317.50,-3.37%,2.73,2.78,2.8,5434,533,10.2,41.95%,42.38%,-0.251994,2026-08-07
MSTR,100.01,2028-12-15,860,Call,100.00,+0.01%,50.3,52,53.45,49854,4888,10.2,72.32%,86.59%,0.770118,2026-08-07
BTDR,10.88,2026-08-14,6,Call,11.00,-1.10%,0.7,0.85,0.85,1997,198,10.09,123.28%,148.69%,0.516312,2026-08-07
IBM,237.28,2026-08-21,13,Call,207.50,+12.55%,28.9,28.9,30.25,2520,251,10.04,38.38%,25.74%,0.996372,2026-08-07
AMZN,274.48,2026-08-10,2,Call,275.00,-0.19%,1.72,1.9,1.86,9623,965,9.97,30.53%,24.83%,0.466931,2026-08-07
TSLA,328.58,2026-08-10,2,Call,340.00,-3.48%,0.51,0.53,0.53,24187,2426,9.97,41.95%,38.01%,0.116409,2026-08-07
DINO,81.41,2026-09-18,41,Put,80.00,-1.73%,3.5,3.67,4,1766,178,9.92,42.39%,41.52%,-0.418515,2026-08-07
INTC,101.65,2026-08-12,4,Call,105.00,-3.30%,1.7,1.77,1.8,3742,378,9.9,73.87%,72.62%,0.350456,2026-08-07
UEC,11.26,2027-01-15,160,Put,11.00,-2.31%,1.78,2.12,2.24,3562,360,9.89,71.88%,76.59%,-0.373457,2026-08-07
HIMS,31.59,2026-08-14,6,Call,34.50,-9.21%,0.94,1.26,1.3,1029,104,9.89,91.91%,135.15%,0.337781,2026-08-07
MU,877.57,2026-08-10,2,Call,905.00,-3.13%,7,8.39,7.9,2063,210,9.82,73.17%,67.90%,0.27981,2026-08-07
AMZN,274.48,2026-08-10,2,Call,277.50,-1.10%,0.83,0.88,0.93,6877,702,9.8,30.53%,24.87%,0.282833,2026-08-07
AAPL,313.33,2026-08-10,2,Call,312.50,+0.26%,2.06,2.21,2.21,25258,2582,9.78,24.55%,17.90%,0.587201,2026-08-07
B,43.68,2026-08-14,6,Call,50.00,-14.47%,0.08,0.1,0.1,1095,112,9.78,47.41%,65.49%,0.058962,2026-08-07
NVTS,13.89,2026-08-28,20,Call,14.00,-0.79%,1.27,1.46,1.59,4086,419,9.75,105.05%,113.39%,0.543983,2026-08-07
NTRA,322.1,2026-08-21,13,Call,330.00,-2.45%,6.9,9.5,10.3,1425,147,9.69,47.81%,48.80%,0.419554,2026-08-07
TSLA,328.58,2026-08-12,4,Call,342.50,-4.24%,1.56,1.59,1.62,2898,299,9.69,41.95%,44.17%,0.193339,2026-08-07
SPCX,133.11,2026-08-14,6,Put,129.00,-3.09%,5,5.15,5.1,4448,460,9.67,87.19%,103.65%,-0.379698,2026-08-07
SOUN,8.02,2026-08-14,6,Put,7.50,-6.48%,0.14,0.14,0.18,2514,261,9.63,78.85%,91.70%,-0.263202,2026-08-07
AMZN,274.48,2026-08-14,6,Call,287.50,-4.74%,0.68,0.7,0.76,6994,728,9.61,30.53%,31.38%,0.131971,2026-08-07
SPCX,133.11,2026-08-14,6,Put,124.00,-6.84%,3.05,3.14,3.15,4634,484,9.57,87.19%,102.26%,-0.270817,2026-08-07
NVDA,223.96,2026-08-10,2,Call,227.50,-1.58%,0.68,0.7,0.71,30371,3175,9.57,38.68%,29.56%,0.242587,2026-08-07
AMD,483.36,2026-08-14,6,Call,480.00,+0.70%,17.5,18.1,18.45,4689,493,9.51,61.55%,65.33%,0.552625,2026-08-07
AXTI,88.58,2027-02-19,195,Call,135.00,-52.40%,23.1,23.96,24.8,1394,147,9.48,137.59%,138.59%,0.544396,2026-08-07
AMZN,274.48,2026-08-10,2,Call,265.00,+3.45%,8.9,9.49,10.05,1602,169,9.48,30.53%,18.99%,0.994141,2026-08-07
IBM,237.28,2026-10-16,69,Put,235.00,-0.96%,14.9,15.05,15.95,2586,273,9.47,38.38%,41.04%,-0.438367,2026-08-07
NVDA,223.96,2026-10-16,69,Put,220.00,-1.77%,12.45,12.51,12.75,33485,3566,9.39,38.68%,39.20%,-0.413688,2026-08-07
FLY,26.71,2027-01-15,160,Call,20.00,+25.12%,10.5,10.6,10.8,3933,420,9.36,120.77%,109.86%,0.78368,2026-08-07
TSLA,328.58,2026-08-14,6,Call,352.50,-7.28%,1.18,1.22,1.22,5832,624,9.35,41.95%,46.35%,0.126572,2026-08-07
SKHY,137.91,2026-10-16,69,Put,140.00,+1.52%,20.7,21.23,21.8,990,106,9.34,85.24%,86.31%,-0.436073,2026-08-07
META,592.1,2026-08-10,2,Call,592.50,-0.07%,4.55,5,5.3,1662,179,9.28,35.36%,28.99%,0.495053,2026-08-07
RBLX,37.79,2026-08-14,6,Call,39.00,-3.20%,0.79,0.83,0.9,1038,112,9.27,63.32%,69.13%,0.380332,2026-08-07
USAR,19.33,2026-08-14,6,Call,19.50,-0.88%,1.1,1.14,1.19,1312,142,9.24,103.33%,123.28%,0.510928,2026-08-07
SMTC,139.42,2026-08-21,13,Call,155.00,-11.17%,4.2,4.9,5.3,1709,185,9.24,98.71%,97.12%,0.315853,2026-08-07
TTD,13.8,2026-11-20,104,Call,17.50,-26.81%,0.96,0.99,1.22,1265,138,9.17,58.81%,74.96%,0.357101,2026-08-07
ELF,98.49,2026-10-16,69,Call,120.00,-21.84%,3.45,3.65,3.9,1510,165,9.15,59.52%,59.01%,0.269469,2026-08-07
UBER,75.02,2026-08-14,6,Put,73.00,-2.69%,0.49,0.55,0.58,1671,183,9.13,33.67%,34.79%,-0.259121,2026-08-07
UUUU,14.14,2026-09-18,41,Call,20.00,-41.44%,0.23,0.25,0.3,1031,113,9.12,80.91%,84.99%,0.144519,2026-08-07
NNE,18.85,2027-01-15,160,Put,12.00,-36.34%,1.3,1.3,1.35,2325,255,9.12,95.79%,98.88%,-0.149381,2026-08-07
SHOP,151.57,2026-08-14,6,Put,140.00,-7.63%,0.49,0.57,0.68,5422,595,9.11,48.33%,53.08%,-0.113339,2026-08-07
CRCL,66.67,2026-09-11,34,Call,70.00,-4.99%,4.95,5.5,5.9,1692,186,9.1,80.75%,82.82%,0.478942,2026-08-07
HUT,88.59,2026-08-14,6,Put,87.00,-1.79%,3.35,5.32,4.85,2421,266,9.1,101.29%,108.67%,-0.419481,2026-08-07
COIN,153.6,2026-09-04,27,Call,155.00,-0.91%,9.65,11.09,11.85,917,101,9.08,66.59%,67.30%,0.522569,2026-08-07
SMCI,31.13,2026-08-14,6,Call,46.00,-47.77%,0.05,0.1,0.2,1008,111,9.08,95.30%,171.11%,0.04772,2026-08-07
INTC,101.65,2026-08-10,2,Call,109.00,-7.23%,0.13,0.13,0.16,4420,488,9.06,73.87%,62.89%,0.070427,2026-08-07
CBRS,226.73,2026-08-14,6,Call,330.00,-45.55%,1.2,1.6,1.85,9891,1094,9.04,117.63%,183.78%,0.070438,2026-08-07
AMD,483.36,2026-08-12,4,Call,520.00,-7.58%,2.28,2.53,2.59,1002,111,9.03,61.55%,64.52%,0.148642,2026-08-07
TSLA,328.58,2026-08-10,2,Call,337.50,-2.71%,0.79,0.8,0.83,12166,1352,9,41.95%,37.11%,0.170002,2026-08-07
AAPL,313.33,2026-08-12,4,Put,312.50,-0.26%,2.79,2.8,3.05,1321,147,8.99,24.55%,25.75%,-0.451148,2026-08-07
CRWV,90.67,2026-08-14,6,Call,102.00,-12.50%,2.94,2.99,3,1788,199,8.98,101.14%,147.66%,0.300064,2026-08-07
HOOD,93.29,2026-08-14,6,Call,99.00,-6.12%,1.13,1.09,1.19,5286,590,8.96,62.53%,65.72%,0.255933,2026-08-07
D,67.39,2026-09-18,41,Put,67.50,+0.16%,1.6,2,2.1,1679,188,8.93,20.48%,19.91%,-0.495744,2026-08-07
TSLA,328.58,2026-08-21,13,Put,327.50,-0.33%,9.6,9.65,9.7,1363,153,8.91,41.95%,41.98%,-0.462545,2026-08-07
NVDA,223.96,2026-08-10,2,Put,215.00,-4.00%,0.13,0.13,0.15,14703,1664,8.84,38.68%,35.12%,-0.055927,2026-08-07
NFLX,74.14,2026-09-11,34,Call,82.00,-10.60%,0.75,0.81,0.87,975,111,8.78,33.41%,34.88%,0.194602,2026-08-07
SPCX,133.11,2026-09-04,27,Call,132.00,+0.83%,12.55,13.4,13.85,1097,125,8.78,87.19%,86.92%,0.565521,2026-08-07
QCOM,167.86,2026-09-04,27,Call,170.00,-1.27%,8.05,8.45,8.7,3111,355,8.76,51.12%,50.99%,0.493537,2026-08-07
LRCX,311.35,2026-08-14,6,Call,330.00,-5.99%,4.9,5.5,5.95,1961,225,8.72,71.17%,76.64%,0.295462,2026-08-07
PLTR,172.01,2026-08-21,13,Call,182.50,-6.10%,3,3,3.15,976,112,8.71,51.17%,52.88%,0.297901,2026-08-07
COHR,379.13,2026-08-14,6,Call,400.00,-5.50%,18.8,19.22,20,1599,184,8.69,104.07%,143.50%,0.422279,2026-08-07
TSLA,328.58,2026-08-10,2,Call,345.00,-5.00%,0.22,0.22,0.24,7173,827,8.67,41.95%,40.73%,0.055262,2026-08-07
APA,37.63,2026-10-16,69,Put,30.00,-20.28%,0.32,0.39,0.47,1552,179,8.67,42.68%,45.15%,-0.103041,2026-08-07
MSFT,499.99,2026-08-10,2,Put,497.50,-0.50%,2.24,2.24,2.52,1820,210,8.67,28.24%,23.85%,-0.382369,2026-08-07
RIOT,20.52,2026-08-14,6,Put,20.00,-2.53%,0.92,0.95,1,1601,185,8.65,100.06%,116.60%,-0.401374,2026-08-07
AAPL,313.33,2026-08-12,4,Call,315.00,-0.53%,2.3,2.23,2.42,17541,2029,8.65,24.55%,23.45%,0.424782,2026-08-07
TTD,13.8,2026-09-18,41,Call,12.50,+9.42%,1.76,1.88,1.88,3275,380,8.62,58.81%,57.26%,0.736739,2026-08-07
VG,13.26,2026-08-14,6,Put,13.50,+1.81%,0.8,0.92,1,871,101,8.62,75.76%,113.74%,-0.518862,2026-08-07
TSLA,328.58,2026-08-14,6,Put,327.50,-0.33%,6.5,6.5,6.6,2523,293,8.61,41.95%,42.68%,-0.461614,2026-08-07
PLTR,172.01,2026-08-14,6,Put,160.00,-6.98%,0.91,0.93,0.94,12249,1423,8.61,51.17%,55.26%,-0.143485,2026-08-07
BRZE,26.54,2026-08-21,13,Put,22.50,-15.22%,0.05,0.25,0.3,3149,367,8.58,82.53%,71.78%,-0.097564,2026-08-07
AMZN,274.48,2026-08-10,2,Call,282.50,-2.92%,0.16,0.2,0.23,5649,661,8.55,30.53%,27.15%,0.078804,2026-08-07
OMF,64.95,2026-08-21,13,Call,57.50,+11.47%,7.1,7.4,7.7,4211,493,8.54,26.58%,33.25%,0.983636,2026-08-07
HTZ,2.27,2026-08-14,6,Call,3.50,-54.19%,0.11,0.14,0.14,13450,1576,8.53,172.98%,365.44%,0.245509,2026-08-07
COIN,153.6,2026-11-20,104,Call,330.00,-114.84%,0.72,1.46,2.21,1022,120,8.52,66.59%,80.00%,0.060383,2026-08-07
IBM,237.28,2026-08-14,6,Call,205.00,+13.60%,30.2,32.2,33.4,1261,148,8.52,38.38%,40.03%,0.997531,2026-08-07
UEC,11.26,2026-08-14,6,Put,10.50,-6.75%,0.12,0.11,0.17,1940,228,8.51,71.88%,75.88%,-0.219928,2026-08-07
MSFT,499.99,2026-08-14,6,Call,507.50,-1.50%,3.8,4.4,4.4,2055,242,8.49,28.24%,27.78%,0.349165,2026-08-07
CAT,842.19,2026-08-14,6,Put,800.00,-5.01%,3.4,4.05,4.5,975,115,8.48,41.82%,42.00%,-0.161194,2026-08-07
SPCX,133.11,2026-08-14,6,Put,119.00,-10.60%,1.74,1.79,1.79,3314,391,8.48,87.19%,101.85%,-0.17681,2026-08-07
BE,219.34,2026-08-28,20,Call,190.00,+13.38%,37.85,39.63,40.85,1004,119,8.44,106.51%,111.91%,0.753907,2026-08-07
CELH,27.77,2026-08-14,6,Call,29.00,-4.43%,0.48,0.53,0.6,1392,165,8.44,58.63%,71.37%,0.336719,2026-08-07
GOOGL,354.3,2026-08-10,2,Call,367.50,-3.73%,0.12,0.15,0.16,1524,181,8.42,30.17%,28.87%,0.045279,2026-08-07
HPQ,30.05,2026-08-21,13,Put,29.00,-3.49%,0.64,0.74,0.87,2568,306,8.39,58.95%,54.37%,-0.345247,2026-08-07
APLD,29.22,2026-08-14,6,Put,29.50,+0.96%,1.39,1.46,1.59,880,105,8.38,92.67%,90.21%,-0.508204,2026-08-07
SBSW,10.64,2026-08-21,13,Call,12.00,-12.78%,0.1,0.12,0.15,1063,127,8.37,64.18%,66.67%,0.181752,2026-08-07
ANVS,1.88,2026-09-11,34,Put,2.0000,+6.38%,0,0.35,0.5,1982,237,8.36,315.59%,79.68%,-0.54904,2026-08-07
MSTR,100.01,2026-08-14,6,Put,76.00,-24.01%,0.08,0.1,0.13,2929,351,8.34,72.32%,107.82%,-0.019748,2026-08-07
TSLA,328.58,2026-08-14,6,Call,337.50,-2.71%,3.85,3.85,3.95,6891,827,8.33,41.95%,43.83%,0.330711,2026-08-07
GOOGL,354.3,2026-08-12,4,Call,360.00,-1.61%,2.05,2.3,2.32,1930,232,8.32,30.17%,29.66%,0.313226,2026-08-07
MU,877.57,2026-08-10,2,Put,830.00,-5.42%,2.93,2.94,3.15,2127,256,8.31,73.17%,69.13%,-0.131726,2026-08-07
HPQ,30.05,2026-09-18,41,Put,27.00,-10.15%,1.09,1.17,1.21,5701,686,8.31,58.95%,62.37%,-0.268088,2026-08-07
AMD,483.36,2026-08-10,2,Call,480.00,+0.70%,9.45,9.68,9.85,2488,302,8.24,61.55%,54.85%,0.578097,2026-08-07
AAPL,313.33,2026-08-12,4,Put,310.00,-1.06%,1.75,1.82,1.93,2679,325,8.24,24.55%,25.15%,-0.333322,2026-08-07
NN,16.31,2026-12-18,132,Call,20.00,-22.62%,3.4,3.48,3.8,8982,1090,8.24,121.68%,121.63%,0.542157,2026-08-07
MU,877.57,2026-08-12,4,Call,875.00,+0.29%,29.15,29.7,31.05,1019,124,8.22,73.17%,78.25%,0.532486,2026-08-07
IBM,237.28,2026-08-21,13,Call,190.00,+19.93%,45.75,46.95,47.85,1263,154,8.2,38.38%,34.33%,0.998864,2026-08-07
AMD,483.36,2026-08-14,6,Call,482.50,+0.18%,16.05,16.5,16.9,1086,133,8.17,61.55%,64.39%,0.527935,2026-08-07
CRM,192.74,2026-08-14,6,Call,192.50,+0.12%,4.2,4.42,4.55,1258,154,8.17,48.87%,42.75%,0.523168,2026-08-07
AMZN,274.48,2026-08-12,4,Call,275.00,-0.19%,3.15,3.35,3.4,3681,451,8.16,30.53%,30.31%,0.48753,2026-08-07
MSFT,499.99,2026-08-14,6,Call,517.50,-3.50%,1.69,1.8,2.06,1613,198,8.15,28.24%,29.12%,0.186566,2026-08-07
LRCX,311.35,2026-08-14,6,Call,325.00,-4.38%,5.95,7,7.95,1245,153,8.14,71.17%,77.21%,0.352484,2026-08-07
FSK,12.44,2026-09-18,41,Call,12.50,-0.48%,0.2,0.32,0.35,3157,388,8.14,26.85%,21.15%,0.445395,2026-08-07
DK,58.46,2026-08-21,13,Call,60.00,-2.63%,1.7,2.09,3.2,811,100,8.11,62.25%,70.60%,0.450578,2026-08-07
DOCS,27.4,2026-08-21,13,Call,35.00,-27.74%,0.25,0.3,0.3,2411,298,8.09,68.69%,100.43%,0.116999,2026-08-07
PLTR,172.01,2026-08-14,6,Put,162.50,-5.53%,1.33,1.35,1.4,4692,584,8.03,51.17%,54.74%,-0.196784,2026-08-07
SHOP,151.57,2026-08-14,6,Call,160.00,-5.56%,1.15,1.17,1.25,4114,513,8.02,48.33%,51.29%,0.21732,2026-08-07
GRPN,25.03,2027-01-15,160,Call,35.00,-39.83%,3,3.34,3.5,4034,505,7.99,82.49%,90.73%,0.409148,2026-08-07
SPCX,133.11,2026-08-14,6,Put,132.00,-0.83%,6.4,6.5,6.55,1717,215,7.99,87.19%,104.08%,-0.447043,2026-08-07
SPCX,133.11,2027-02-19,195,Call,200.00,-50.25%,12.2,12.65,12.95,2757,345,7.99,87.19%,75.78%,0.33734,2026-08-07
UNH,407.08,2026-08-14,6,Call,410.00,-0.72%,4.1,4.3,4.6,2490,312,7.98,28.32%,27.06%,0.427558,2026-08-07
RGTI,17.94,2027-01-15,160,Put,9.00,-49.83%,0.03,0.52,1.18,1012,127,7.97,91.94%,100.71%,-0.08221,2026-08-07
AU,96.22,2026-09-18,41,Put,95.00,-1.27%,6.1,6.5,6.5,979,123,7.96,52.98%,53.83%,-0.436294,2026-08-07
BRK.B,521.8,2026-08-14,6,Put,510.00,-2.26%,1.84,2.15,2.47,2500,315,7.94,16.46%,24.57%,-0.224009,2026-08-07
NVDA,223.96,2026-08-10,2,Put,217.50,-2.88%,0.29,0.3,0.31,15171,1912,7.93,38.68%,33.02%,-0.111907,2026-08-07
NVDA,223.96,2026-08-10,2,Call,222.50,+0.65%,2.74,2.8,2.78,59669,7525,7.93,38.68%,29.10%,0.626456,2026-08-07
SPCX,133.11,2026-08-14,6,Call,131.00,+1.59%,8.1,8.15,8.4,5019,634,7.92,87.19%,105.27%,0.575467,2026-08-07
NVDA,223.96,2026-08-10,2,Call,225.00,-0.46%,1.45,1.47,1.48,101831,12878,7.91,38.68%,29.03%,0.421995,2026-08-07
HOOD,93.29,2026-08-28,20,Call,107.00,-14.70%,1.27,1.52,1.78,1021,129,7.91,62.53%,64.50%,0.206237,2026-08-07
MU,877.57,2026-08-10,2,Put,865.00,-1.43%,10.85,10.75,13.05,1150,146,7.88,73.17%,68.36%,-0.376847,2026-08-07
MARA,10.09,2026-08-14,6,Call,9.50,+5.85%,0.78,0.8,0.82,1219,155,7.86,87.50%,87.81%,0.724697,2026-08-07
RKLB,82.83,2026-08-28,20,Call,125.00,-50.91%,0.55,0.63,0.65,2700,344,7.85,99.19%,109.29%,0.070392,2026-08-07
AMD,483.36,2026-08-10,2,Put,462.50,-4.32%,1.57,1.61,1.78,808,103,7.84,61.55%,59.02%,-0.15012,2026-08-07
HTZ,2.27,2026-09-25,48,Call,3.00,-32.16%,0.31,0.36,0.36,2324,297,7.82,172.98%,169.12%,0.444283,2026-08-07
CBRS,226.73,2026-08-14,6,Put,200.00,-11.79%,5.9,6.3,7.2,781,100,7.81,117.63%,152.95%,-0.229491,2026-08-07
SPCX,133.11,2026-08-14,6,Call,128.00,+3.84%,9.7,9.6,10.15,5722,734,7.8,87.19%,105.40%,0.641217,2026-08-07
ADP,271.32,2026-08-14,6,Call,270.00,+0.49%,3.6,4.7,6.9,1106,142,7.79,28.09%,32.75%,0.556103,2026-08-07
TSLA,328.58,2026-08-10,2,Put,317.50,-3.37%,0.45,0.43,0.47,5296,684,7.74,41.95%,37.48%,-0.1044,2026-08-07
BRK.B,521.8,2026-08-14,6,Call,530.00,-1.57%,2.47,2.67,3.05,3399,440,7.73,16.46%,21.87%,0.301217,2026-08-07
PLTR,172.01,2026-08-14,6,Call,185.00,-7.55%,1.06,1.06,1.08,9831,1276,7.7,51.17%,56.27%,0.167318,2026-08-07
CARR,64.01,2026-09-18,41,Put,55.00,-14.08%,0.3,0.43,0.6,2540,332,7.65,33.51%,38.92%,-0.106295,2026-08-07
SNOW,330.49,2026-08-14,6,Call,345.00,-4.39%,3.5,3.7,4.05,894,117,7.64,69.13%,53.37%,0.279258,2026-08-07
IBM,237.28,2026-08-21,13,Call,200.00,+15.71%,35.6,36.8,37.75,3789,496,7.64,38.38%,31.97%,0.996943,2026-08-07
MSTR,100.01,2026-08-14,6,Put,91.00,-9.01%,0.72,0.83,0.9,2733,359,7.61,72.32%,75.93%,-0.152907,2026-08-07
ABNB,178.07,2026-09-18,41,Call,200.00,-12.32%,1.34,1.5,1.7,1555,205,7.59,33.15%,31.83%,0.159515,2026-08-07
REAL,12.3,2026-09-18,41,Call,12.50,-1.63%,1.05,1.09,1.2,1906,251,7.59,70.89%,72.56%,0.528859,2026-08-07
MRVL,218.72,2026-08-14,6,Call,195.00,+10.84%,24.1,23.7,26.5,1129,149,7.58,88.41%,81.51%,0.876218,2026-08-07
CDZI,3.46,2027-02-19,195,Call,7.50,-116.76%,0,0.27,0.45,2000,264,7.58,149.22%,93.21%,0.222543,2026-08-07
RKLB,82.83,2026-08-14,6,Put,82.00,-1.00%,5,5.17,5.3,823,109,7.55,99.19%,132.47%,-0.441528,2026-08-07
NU,13.84,2026-08-21,13,Put,14.50,+4.77%,0.79,0.99,1.38,8179,1083,7.55,46.81%,67.34%,-0.616469,2026-08-07
GOOGL,354.3,2026-08-14,6,Call,360.00,-1.61%,3.2,3.28,3.35,12769,1697,7.52,30.17%,30.67%,0.354885,2026-08-07
MU,877.57,2026-08-14,6,Call,880.00,-0.28%,33.05,33.52,35.25,1888,251,7.52,73.17%,78.15%,0.511297,2026-08-07
RARE,25.91,2026-10-16,69,Call,27.50,-6.14%,4.6,7.11,7.8,1956,260,7.52,127.92%,151.73%,0.598777,2026-08-07
IBM,237.28,2026-08-21,13,Call,205.00,+13.60%,31.45,31.45,32.9,1892,252,7.51,38.38%,24.74%,0.998211,2026-08-07
MDLN,35.23,2026-08-21,13,Call,37.50,-6.44%,0.3,0.4,0.5,2507,334,7.51,47.72%,43.77%,0.242248,2026-08-07
MU,877.57,2026-08-10,2,Put,845.00,-3.71%,5.4,5.25,5.75,758,101,7.5,73.17%,67.68%,-0.216661,2026-08-07
HOOD,93.29,2026-08-14,6,Put,88.00,-5.67%,0.98,1.02,1.07,8145,1088,7.49,62.53%,63.88%,-0.22354,2026-08-07
TSM,420.04,2026-08-28,20,Put,245.00,-41.67%,0.04,0.14,0.32,1299,174,7.47,40.65%,95.25%,-0.005611,2026-08-07
HOOD,93.29,2026-08-14,6,Put,96.00,+2.90%,4.35,4.68,4.85,1366,183,7.46,62.53%,63.85%,-0.619401,2026-08-07
GOOGL,354.3,2026-08-12,4,Call,355.00,-0.20%,3.8,4.35,4.2,901,121,7.45,30.17%,28.89%,0.484875,2026-08-07
NFLX,74.14,2026-09-11,34,Put,69.00,-6.93%,0.87,0.91,0.97,908,122,7.44,33.41%,32.52%,-0.210655,2026-08-07
SKHY,137.91,2027-01-15,160,Put,50.00,-63.74%,0.6,0.9,1,964,130,7.42,85.24%,89.80%,-0.021187,2026-08-07
COHR,379.13,2026-08-14,6,Put,265.00,-30.10%,0.35,0.7,1.35,814,110,7.4,104.07%,153.88%,-0.027634,2026-08-07
META,592.1,2026-12-18,132,Call,"1,150.00",-94.22%,0.93,0.99,1.14,1500,203,7.39,35.36%,48.37%,0.018152,2026-08-07
TSLA,328.58,2026-08-14,6,Call,335.00,-1.95%,4.6,4.69,4.75,21720,2947,7.37,41.95%,43.46%,0.378744,2026-08-07
NKE,41.7,2026-08-14,6,Put,41.00,-1.68%,0.38,0.41,0.41,11529,1567,7.36,35.03%,32.57%,-0.335065,2026-08-07
AMD,483.36,2026-08-12,4,Put,470.00,-2.76%,6.7,7.49,7.3,751,102,7.36,61.55%,63.46%,-0.322634,2026-08-07
MU,877.57,2026-08-10,2,Put,790.00,-9.98%,0.55,0.58,0.65,1568,213,7.36,73.17%,76.98%,-0.0303,2026-08-07
AVGO,427.76,2026-08-10,2,Call,432.50,-1.11%,2.38,2.61,2.8,910,124,7.34,49.46%,35.81%,0.345943,2026-08-07
HOOD,93.29,2026-08-14,6,Put,92.00,-1.38%,2.33,2.36,2.48,2266,309,7.33,62.53%,63.93%,-0.414129,2026-08-07
NVTS,13.89,2026-08-14,6,Call,15.50,-11.59%,0.25,0.29,0.32,1149,157,7.32,105.05%,114.42%,0.251351,2026-08-07
MSFT,499.99,2026-08-10,2,Call,515.00,-3.00%,0.19,0.2,0.26,1952,267,7.31,28.24%,25.03%,0.057223,2026-08-07
GOOG,353.47,2026-08-14,6,Put,352.50,-0.27%,4.5,4.5,4.85,2304,315,7.31,29.74%,28.96%,-0.458372,2026-08-07
META,592.1,2026-08-10,2,Put,580.00,-2.04%,1.26,1.26,1.59,1572,216,7.28,35.36%,31.79%,-0.185102,2026-08-07
COHR,379.13,2026-08-14,6,Call,500.00,-31.88%,1.95,2.35,2.4,757,105,7.21,104.07%,141.22%,0.075698,2026-08-07
HUT,88.59,2026-10-16,69,Call,110.00,-24.17%,7.65,7.95,10.2,1157,161,7.19,101.29%,102.19%,0.401542,2026-08-07
TSLA,328.58,2026-08-21,13,Call,290.00,+11.74%,39.3,38.5,40.3,1062,148,7.18,41.95%,45.67%,0.934113,2026-08-07
RKT,13.72,2026-08-14,6,Call,13.50,+1.60%,0.45,0.49,0.59,4293,598,7.18,60.12%,56.85%,0.605045,2026-08-07
ADI,389.93,2026-08-14,6,Call,405.00,-3.86%,2.7,3.4,4.1,809,113,7.16,52.60%,44.03%,0.262224,2026-08-07
TTD,13.8,2026-08-21,13,Call,15.00,-8.70%,0.23,0.26,0.28,4090,575,7.11,58.81%,63.82%,0.267165,2026-08-07
TTD,13.8,2026-08-21,13,Put,14.00,+1.45%,0.67,0.67,0.75,4013,565,7.1,58.81%,58.68%,-0.526245,2026-08-07
AAPL,313.33,2026-08-12,4,Put,305.00,-2.66%,0.64,0.71,0.8,1992,281,7.09,24.55%,26.28%,-0.157424,2026-08-07
CMG,32.79,2026-08-14,6,Call,33.00,-0.64%,0.54,0.57,0.58,1409,199,7.08,36.97%,38.69%,0.463399,2026-08-07
TSLA,328.58,2026-08-12,4,Call,325.00,+1.09%,7.7,7.78,7.95,5283,747,7.07,41.95%,42.38%,0.60954,2026-08-07
UEC,11.26,2026-08-14,6,Put,11.00,-2.31%,0.28,0.3,0.31,2776,393,7.06,71.88%,72.85%,-0.381233,2026-08-07
AMD,483.36,2026-08-14,6,Call,485.00,-0.34%,15,15.57,15.7,1971,280,7.04,61.55%,64.71%,0.50313,2026-08-07
MSTR,100.01,2026-08-14,6,Call,114.00,-13.99%,0.55,0.6,0.62,1061,151,7.03,72.32%,82.21%,0.118235,2026-08-07
AEM,178.82,2026-10-16,69,Put,165.00,-7.73%,7.1,7.31,7.6,1512,215,7.03,45.72%,45.16%,-0.297747,2026-08-07
SPCX,133.11,2026-08-14,6,Put,120.00,-9.85%,1.97,2.01,2.01,34666,4944,7.01,87.19%,101.91%,-0.194058,2026-08-07
IBM,237.28,2026-08-14,6,Call,200.00,+15.71%,35.4,36.6,38.05,1894,270,7.01,38.38%,35.82%,0.999449,2026-08-07
VNET,7.33,2026-09-18,41,Call,7.00,+4.50%,1,1.1,1.15,2062,295,6.99,91.46%,92.84%,0.624392,2026-08-07
SPCX,133.11,2026-09-04,27,Put,130.00,-2.34%,10.75,10.89,11,1528,219,6.98,87.19%,87.95%,-0.41007,2026-08-07
ELE,19.17,2027-03-19,223,Call,22.50,-17.37%,2.8,2.85,3,2101,301,6.98,64.23%,66.07%,0.49325,2026-08-07
AKAM,110.54,2026-08-14,6,Call,120.00,-8.56%,0.55,0.75,0.75,739,106,6.97,50.85%,59.77%,0.152572,2026-08-07
MU,877.57,2026-08-14,6,Call,875.00,+0.29%,35.05,35.95,37.45,1255,180,6.97,73.17%,77.45%,0.533897,2026-08-07
RIOT,20.52,2026-08-14,6,Call,22.00,-7.21%,0.6,0.69,0.73,2575,370,6.96,100.06%,116.57%,0.349256,2026-08-07
WULF,17.08,2026-08-14,6,Call,18.50,-8.31%,0.3,0.35,0.38,1015,146,6.95,91.17%,97.66%,0.275019,2026-08-07
INTC,101.65,2026-08-10,2,Call,103.00,-1.33%,1.18,1.3,1.3,2881,415,6.94,73.87%,60.56%,0.394294,2026-08-07
AMD,483.36,2026-08-10,2,Call,530.00,-9.65%,0.16,0.16,0.19,5848,844,6.93,61.55%,60.92%,0.021925,2026-08-07
SPCX,133.11,2026-08-14,6,Put,126.00,-5.34%,3.75,3.85,3.85,2668,386,6.91,87.19%,102.66%,-0.313184,2026-08-07
BRK.B,521.8,2026-08-28,20,Call,530.00,-1.57%,4.35,4.3,5.3,1139,165,6.9,16.46%,16.08%,0.365939,2026-08-07
NKE,41.7,2026-08-14,6,Put,42.50,+1.92%,1.14,1.16,1.27,1141,166,6.87,35.03%,34.21%,-0.659524,2026-08-07
UNP,293.13,2026-09-18,41,Call,335.00,-14.28%,0.3,0.41,1.4,2005,292,6.87,22.48%,26.49%,0.075359,2026-08-07
AXTI,88.58,2027-02-19,195,Call,140.00,-58.05%,22.1,22.9,23.3,885,129,6.86,137.59%,137.14%,0.526206,2026-08-07
GFI,40.82,2026-09-18,41,Call,45.00,-10.24%,1.1,1.43,1.75,3199,468,6.84,50.32%,55.52%,0.318308,2026-08-07
MSFT,499.99,2026-08-10,2,Put,492.50,-1.50%,0.94,1.02,1.17,889,130,6.84,28.24%,24.96%,-0.20218,2026-08-07
META,592.1,2026-08-12,4,Call,600.00,-1.33%,5.4,5.6,6.05,962,141,6.82,35.36%,36.38%,0.374618,2026-08-07
CELH,27.77,2026-08-14,6,Call,28.00,-0.83%,0.83,0.89,0.95,1876,276,6.8,58.63%,69.67%,0.483642,2026-08-07
INTC,101.65,2026-08-10,2,Call,100.00,+1.62%,2.69,2.81,2.86,7185,1058,6.79,73.87%,61.19%,0.650913,2026-08-07
PLTR,172.01,2026-08-21,13,Call,172.50,-0.28%,6.55,6.7,6.75,1938,286,6.78,51.17%,52.36%,0.51344,2026-08-07
ABNB,178.07,2026-08-28,20,Call,170.00,+4.53%,10.5,11.15,11.8,798,118,6.76,33.15%,37.21%,0.725411,2026-08-07
AMZN,274.48,2026-08-12,4,Put,272.50,-0.72%,2.47,2.5,2.75,1019,152,6.7,30.53%,31.11%,-0.40175,2026-08-07
RGTI,17.94,2026-08-14,6,Put,20.00,+11.48%,2.17,2.61,3.05,1266,189,6.7,91.94%,138.82%,-0.698394,2026-08-07
PLTR,172.01,2026-08-21,13,Call,162.50,+5.53%,12.5,12.6,12.75,2771,414,6.69,51.17%,53.03%,0.736104,2026-08-07
GRPN,25.03,2027-01-15,160,Call,60.00,-139.71%,0.8,0.98,1.35,4000,598,6.69,82.49%,98.72%,0.162309,2026-08-07
COHR,379.13,2026-08-21,13,Call,550.00,-45.07%,0.75,2.61,3.1,1005,151,6.66,104.07%,116.92%,0.058231,2026-08-07
AAPL,313.33,2026-08-10,2,Call,315.00,-0.53%,1,1.1,1.09,46229,6956,6.65,24.55%,18.69%,0.357776,2026-08-07
MP,51.11,2027-06-17,313,Call,70.00,-36.96%,7.9,8.1,8.5,718,108,6.65,71.89%,70.25%,0.457921,2026-08-07
MSTR,100.01,2026-08-14,6,Call,118.00,-17.99%,0.27,0.27,0.42,1903,286,6.65,72.32%,85.45%,0.073579,2026-08-07
GRAB,3.66,2028-01-21,531,Put,2.00,-45.36%,0.17,0.2,0.24,25444,3838,6.63,49.41%,62.93%,-0.107499,2026-08-07
STLA,5.52,2026-08-14,6,Call,5.50,+0.36%,0.1,0.18,0.2,1222,185,6.61,46.42%,49.01%,0.539309,2026-08-07
INTC,101.65,2026-08-10,2,Put,93.00,-8.51%,0.08,0.11,0.12,1428,216,6.61,73.87%,71.78%,-0.044257,2026-08-07
AMAT,539.14,2026-08-14,6,Call,597.50,-10.82%,5.3,8.5,8.5,779,118,6.6,75.56%,90.83%,0.206119,2026-08-07
META,592.1,2026-08-10,2,Call,620.00,-4.71%,0.23,0.3,0.3,2269,344,6.6,35.36%,35.61%,0.042111,2026-08-07
MSFT,499.99,2026-09-18,41,Call,545.00,-9.00%,4.9,5,5.35,7957,1205,6.6,28.24%,28.14%,0.202682,2026-08-07
TSLA,328.58,2026-08-10,2,Call,320.00,+2.61%,9.15,9.45,9.4,16463,2495,6.6,41.95%,34.45%,0.855028,2026-08-07
RXT,4.9,2027-01-15,160,Call,7.00,-42.86%,1.15,1.25,1.55,20024,3035,6.6,151.37%,148.56%,0.558145,2026-08-07
SMCI,31.13,2026-08-28,20,Put,23.00,-26.12%,0.25,0.29,0.39,1157,176,6.57,95.30%,103.38%,-0.083889,2026-08-07
PEP,139.02,2026-08-14,6,Call,141.00,-1.42%,0.74,0.94,1.05,897,137,6.55,22.56%,23.88%,0.326443,2026-08-07
BE,219.34,2026-12-18,132,Put,135.00,-38.45%,13.75,14.33,14.95,811,124,6.54,106.51%,110.13%,-0.139637,2026-08-07
CRCL,66.67,2026-08-14,6,Call,72.00,-7.99%,1.14,1.3,1.28,3539,541,6.54,80.75%,89.74%,0.272311,2026-08-07
NVDA,223.96,2026-08-14,6,Put,215.00,-4.00%,1.08,1.11,1.12,20494,3143,6.52,38.68%,36.97%,-0.185383,2026-08-07
TSLA,328.58,2026-09-11,34,Call,365.00,-11.08%,5.65,5.79,5.85,693,107,6.48,41.95%,43.18%,0.240199,2026-08-07
UAMY,6.85,2026-09-04,27,Call,8.00,-16.79%,0.35,0.42,0.5,1044,161,6.48,110.14%,109.52%,0.358242,2026-08-07
NOW,124.88,2026-08-14,6,Call,130.00,-4.10%,1.75,1.8,1.81,6680,1035,6.45,55.65%,58.00%,0.310217,2026-08-07
MSFT,499.99,2026-08-10,2,Call,505.00,-1.00%,1.4,1.43,1.54,10191,1581,6.45,28.24%,22.77%,0.283034,2026-08-07
PUBM,17.78,2026-10-16,69,Call,20.00,-12.49%,1.5,1.5,1.6,670,104,6.44,75.52%,75.50%,0.431322,2026-08-07
SU,60.1,2026-10-16,69,Put,55.00,-8.49%,1,1.15,1.25,947,147,6.44,32.99%,30.57%,-0.227299,2026-08-07
IBM,237.28,2026-08-14,6,Call,215.00,+9.39%,21,22.15,22.8,1907,296,6.44,38.38%,24.05%,0.998888,2026-08-07
FIG,23.29,2026-08-14,6,Put,22.00,-5.54%,0.26,0.44,0.45,1526,238,6.41,77.42%,73.67%,-0.255854,2026-08-07
IBM,237.28,2026-08-14,6,Call,220.00,+7.28%,16.45,17.16,18.2,2599,406,6.4,38.38%,25.14%,0.990545,2026-08-07
CSWC,25.13,2027-03-19,223,Put,30.00,+19.38%,5.9,6.2,6.9,2093,328,6.38,18.71%,41.76%,-0.640095,2026-08-07
AAPL,313.33,2026-08-12,4,Call,312.50,+0.26%,3.4,3.5,3.6,4174,655,6.37,24.55%,23.00%,0.554528,2026-08-07
INTC,101.65,2026-08-10,2,Call,106.00,-4.28%,0.43,0.47,0.5,1067,168,6.35,73.87%,61.74%,0.186632,2026-08-07
GOOGL,354.3,2026-08-17,9,Call,380.00,-7.25%,0.46,0.63,0.67,640,101,6.34,30.17%,30.27%,0.076083,2026-08-07
WULF,17.08,2026-09-18,41,Call,18.00,-5.39%,1.65,1.75,1.77,19859,3130,6.34,91.17%,97.86%,0.475293,2026-08-07
MU,877.57,2026-08-14,6,Call,870.00,+0.86%,37.45,39.75,40.15,1661,263,6.32,73.17%,77.50%,0.556761,2026-08-07
BRK.B,521.8,2026-08-14,6,Put,507.50,-2.74%,1.34,1.77,2,2143,339,6.32,16.46%,24.80%,-0.182308,2026-08-07
SPCX,133.11,2026-08-28,20,Put,127.00,-4.59%,8,8.3,8.15,798,127,6.28,87.19%,90.44%,-0.368595,2026-08-07
SKHY,137.91,2026-08-14,6,Put,128.00,-7.19%,2.65,2.7,2.9,1381,220,6.28,85.24%,97.17%,-0.252979,2026-08-07
TSLA,328.58,2026-08-12,4,Call,337.50,-2.71%,2.57,2.62,2.62,2601,415,6.27,41.95%,43.09%,0.286876,2026-08-07
HTZ,2.27,2026-08-28,20,Call,4.00,-76.21%,0.1,0.15,0.2,3787,604,6.27,172.98%,248.36%,0.248101,2026-08-07
CIFR,17.18,2026-08-14,6,Put,17.50,+1.86%,1.12,1.18,1.24,756,121,6.25,108.59%,114.81%,-0.519386,2026-08-07
INTC,101.65,2026-08-12,4,Call,101.00,+0.64%,3.15,3.55,3.6,699,112,6.24,73.87%,71.41%,0.550819,2026-08-07
IREN,41.23,2026-08-14,6,Call,42.50,-3.08%,1.67,1.74,1.8,622,100,6.22,109.14%,107.73%,0.441838,2026-08-07
MU,877.57,2026-08-12,4,Call,"1,020.00",-16.23%,1.33,1.45,1.48,734,118,6.22,73.17%,82.96%,0.046099,2026-08-07
NVDA,223.96,2026-08-14,6,Put,197.50,-11.81%,0.13,0.13,0.14,11231,1807,6.22,38.68%,50.67%,-0.024112,2026-08-07
MU,877.57,2026-11-20,104,Put,95.00,-89.17%,0.05,0.19,1.13,891,144,6.19,73.17%,171.74%,-0.0019,2026-08-07
AMZN,274.48,2026-08-14,6,Call,282.50,-2.92%,1.45,1.61,1.57,5862,952,6.16,30.53%,30.59%,0.242098,2026-08-07
ALC,71.81,2026-08-21,13,Put,70.00,-2.52%,1.65,2.15,2.25,946,154,6.14,38.80%,52.40%,-0.375032,2026-08-07
ADSK,249.08,2026-08-21,13,Call,262.50,-5.39%,1.9,4.1,5.1,610,100,6.1,53.58%,44.11%,0.283183,2026-08-07
DOCS,27.4,2026-09-18,41,Put,20.00,-27.01%,0.15,0.25,0.3,890,146,6.1,68.69%,70.47%,-0.071163,2026-08-07
FROG,89.52,2026-09-18,41,Put,65.00,-27.39%,0.45,1.05,1.8,1001,164,6.1,71.91%,80.11%,-0.090035,2026-08-07
OMF,64.95,2026-08-21,13,Call,60.00,+7.62%,4.2,5.1,5.5,7221,1190,6.07,26.58%,33.17%,0.904103,2026-08-07
CRM,192.74,2026-08-14,6,Call,212.50,-10.25%,0.16,0.28,0.3,685,113,6.06,48.87%,45.31%,0.050167,2026-08-07
MSFT,499.99,2026-08-10,2,Call,517.50,-3.50%,0.12,0.15,0.44,777,129,6.02,28.24%,29.55%,0.05993,2026-08-07
RDDT,161.7,2026-08-14,6,Call,170.00,-5.13%,2.35,2.4,2.45,1979,329,6.02,62.91%,65.65%,0.292681,2026-08-07
TSLA,328.58,2026-08-12,4,Call,335.00,-1.95%,3.25,3.28,3.35,5697,947,6.02,41.95%,42.74%,0.344095,2026-08-07
DOCS,27.4,2026-08-21,13,Call,45.00,-64.23%,0.1,0.14,0.15,715,119,6.01,68.69%,143.32%,0.045119,2026-08-07
MU,877.57,2026-08-17,9,Call,900.00,-2.56%,28.45,29.95,32,606,101,6,73.17%,72.14%,0.43704,2026-08-07
IBM,237.28,2026-08-14,6,Call,210.00,+11.50%,25.7,27.15,27.75,3163,527,6,38.38%,32.35%,0.998037,2026-08-07
ZM,104.5,2026-09-18,41,Put,105.00,+0.48%,6.35,7.35,8.3,801,134,5.98,50.32%,52.02%,-0.469181,2026-08-07
CSCO,121.43,2026-08-14,6,Put,118.00,-2.82%,3.2,3.3,3.35,639,107,5.97,48.08%,78.65%,-0.367708,2026-08-07
MSFT,499.99,2026-08-12,4,Put,485.00,-3.00%,1.22,1.32,1.44,1181,199,5.93,28.24%,29.91%,-0.159341,2026-08-07
INTC,101.65,2026-08-10,2,Put,101.00,-0.64%,1.48,1.48,1.58,1062,180,5.9,73.87%,61.63%,-0.433832,2026-08-07
QURE,46.42,2026-09-18,41,Call,60.00,-29.25%,2.6,2.68,2.95,754,128,5.89,108.98%,109.19%,0.306087,2026-08-07
LEGN,20.75,2026-12-18,132,Call,22.50,-8.43%,2.2,2.6,2.65,1290,219,5.89,56.54%,60.37%,0.49873,2026-08-07
CRNX,84.08,2026-09-18,41,Put,55.00,-34.59%,0.1,0.1,0.15,2109,358,5.89,5.81%,64.06%,-0.017774,2026-08-07
AMZN,274.48,2026-08-12,4,Call,280.00,-2.01%,1.4,1.57,1.57,3367,575,5.86,30.53%,30.70%,0.277204,2026-08-07
BWIN,29.54,2026-08-21,13,Call,35.00,-18.48%,0.25,0.25,0.3,6762,1155,5.85,60.27%,76.20%,0.135988,2026-08-07
MPLX,58.85,2026-12-18,132,Call,60.00,-1.95%,1.85,2.15,2.35,7236,1237,5.85,17.97%,20.48%,0.427177,2026-08-07
SKHY,137.91,2026-12-18,132,Put,135.00,-2.11%,25.2,25.5,26.4,872,149,5.85,85.24%,87.00%,-0.374132,2026-08-07
TTD,13.8,2026-11-20,104,Call,15.00,-8.70%,1.67,1.71,1.72,1012,173,5.85,58.81%,71.77%,0.500996,2026-08-07
AVGO,427.76,2026-08-28,20,Put,310.00,-27.53%,0.1,0.19,0.45,730,125,5.84,49.46%,63.27%,-0.011961,2026-08-07
SKHY,137.91,2026-08-14,6,Call,145.00,-5.14%,3.5,3.64,3.7,1232,211,5.84,85.24%,90.09%,0.35526,2026-08-07
BABA,128.41,2026-08-14,6,Put,123.00,-4.21%,0.72,0.76,0.81,3053,523,5.84,48.31%,40.98%,-0.198451,2026-08-07
AEM,178.82,2026-08-21,13,Put,170.00,-4.93%,1.95,2.5,2.95,2006,344,5.83,45.72%,44.80%,-0.257671,2026-08-07
DOCS,27.4,2028-01-21,531,Call,45.00,-64.23%,3.5,5.84,6.1,716,123,5.82,68.69%,66.25%,0.441355,2026-08-07
SPCX,133.11,2026-08-28,20,Call,100.00,+24.87%,33.2,33,35.4,1112,191,5.82,87.19%,90.89%,0.927871,2026-08-07
MSFT,499.99,2026-09-04,27,Put,495.00,-1.00%,12.1,12.1,13.05,1152,198,5.82,28.24%,28.49%,-0.424481,2026-08-07
QUBT,9.18,2026-08-28,20,Call,12.00,-30.72%,0.17,0.22,0.26,4563,787,5.8,97.45%,110.84%,0.185343,2026-08-07
TSLA,328.58,2026-08-12,4,Call,330.00,-0.43%,5.15,5.16,5.2,8356,1442,5.79,41.95%,42.16%,0.473438,2026-08-07
CVX,186.56,2026-08-14,6,Call,187.50,-0.50%,2.11,2.25,2.36,692,120,5.77,26.80%,28.03%,0.45109,2026-08-07
MDB,398.8,2026-08-21,13,Call,610.00,-52.96%,0.01,0.16,0.76,951,165,5.76,75.65%,99.53%,0.015329,2026-08-07
CSGP,30.24,2026-10-16,69,Put,25.00,-17.33%,0.7,0.75,0.95,3612,627,5.76,54.44%,57.08%,-0.179949,2026-08-07
JD,32.97,2026-08-14,6,Call,34.50,-4.64%,0.32,0.34,0.37,604,105,5.75,35.54%,53.67%,0.260408,2026-08-07
WFC,87.25,2026-08-14,6,Call,86.00,+1.43%,1.62,1.9,1.97,695,121,5.74,23.59%,23.42%,0.692736,2026-08-07
AMC,2.59,2026-08-14,6,Call,2.50,+3.47%,0.17,0.18,0.19,1635,285,5.74,97.38%,100.25%,0.632183,2026-08-07
SPCX,133.11,2026-08-14,6,Call,155.00,-16.45%,1.72,1.74,1.76,11261,1963,5.74,87.19%,116.67%,0.173831,2026-08-07
IBM,237.28,2026-08-21,13,Call,195.00,+17.82%,41.4,41.4,42.9,630,110,5.73,38.38%,34.53%,0.997898,2026-08-07
SKHY,137.91,2026-08-21,13,Call,205.00,-48.65%,0.25,0.27,0.3,3608,632,5.71,85.24%,104.32%,0.028174,2026-08-07
IBM,237.28,2026-08-21,13,Call,210.00,+11.50%,25.2,26.65,27.8,20226,3541,5.71,38.38%,22.68%,0.997018,2026-08-07
TSLA,328.58,2026-08-12,4,Call,332.50,-1.19%,4.1,4.2,4.2,2653,465,5.71,41.95%,42.39%,0.406662,2026-08-07
URBN,76.92,2026-09-18,41,Call,85.00,-10.50%,2.05,2.35,2.85,844,148,5.7,46.03%,50.71%,0.316222,2026-08-07
AAPL,313.33,2026-08-12,4,Call,330.00,-5.32%,0.11,0.13,0.14,4934,865,5.7,24.55%,27.08%,0.035782,2026-08-07
NFLX,74.14,2026-08-14,6,Put,74.00,-0.19%,1.16,1.19,1.19,3574,630,5.67,33.41%,33.33%,-0.469425,2026-08-07
NVDA,223.96,2026-08-10,2,Call,232.50,-3.81%,0.1,0.1,0.11,9174,1617,5.67,38.68%,30.42%,0.05019,2026-08-07
B,43.68,2026-09-11,34,Put,43.00,-1.56%,1.92,2.02,2.32,992,175,5.67,47.41%,47.11%,-0.423439,2026-08-07
OUST,43.4,2026-09-18,41,Call,55.00,-26.73%,2.6,3.14,3.4,640,113,5.66,107.13%,112.77%,0.334743,2026-08-07
AMD,483.36,2026-08-10,2,Put,460.00,-4.83%,1.3,1.41,1.42,2326,411,5.66,61.55%,59.70%,-0.125637,2026-08-07
GM,87.58,2026-08-14,6,Put,88.00,+0.48%,1.47,1.64,1.8,740,131,5.65,33.17%,31.96%,-0.534904,2026-08-07
ASTS,71.94,2026-08-14,6,Put,54.00,-24.94%,0.09,0.25,0.32,615,109,5.64,103.71%,133.53%,-0.03884,2026-08-07
ESTC,75.11,2026-08-21,13,Call,85.00,-13.17%,0.15,0.65,0.85,1527,271,5.63,75.39%,55.51%,0.132161,2026-08-07
ASTS,71.94,2026-08-14,6,Put,57.00,-20.77%,0.36,0.55,0.47,784,140,5.6,103.71%,131.97%,-0.071646,2026-08-07
RUN,10.2,2026-08-14,6,Call,10.50,-2.94%,0.3,0.3,0.33,846,151,5.6,79.21%,84.43%,0.417543,2026-08-07
LQDT,42.06,2026-08-21,13,Call,45.00,-6.99%,0.2,0.25,0.25,1616,289,5.59,41.57%,34.35%,0.161106,2026-08-07
IBM,237.28,2026-08-21,13,Call,180.00,+24.14%,55.25,56.55,57.75,630,113,5.58,38.38%,49.57%,0.998182,2026-08-07
RKLB,82.83,2026-08-14,6,Call,101.00,-21.94%,1.13,1.17,1.21,1290,231,5.58,99.19%,141.96%,0.159749,2026-08-07
TSLA,328.58,2026-08-17,9,Call,320.00,+2.61%,12.8,13.1,13.4,913,164,5.57,41.95%,38.85%,0.684024,2026-08-07
AMZN,274.48,2026-08-14,6,Put,267.50,-2.54%,1.62,1.63,1.78,4024,725,5.55,30.53%,31.53%,-0.251318,2026-08-07
NVDA,223.96,2026-08-12,4,Call,225.00,-0.46%,2.75,2.82,2.83,13603,2453,5.55,38.68%,34.66%,0.460167,2026-08-07
SOUN,8.02,2026-08-21,13,Put,7.50,-6.48%,0.24,0.25,0.26,1240,224,5.54,78.85%,80.19%,-0.299424,2026-08-07
META,592.1,2026-08-10,2,Call,590.00,+0.35%,5.5,6.65,6.65,1704,308,5.53,35.36%,28.04%,0.575428,2026-08-07
WHR,43.28,2028-12-15,860,Call,60.00,-38.63%,11.5,13.3,13.6,1022,185,5.52,55.14%,76.47%,0.531029,2026-08-07
LYFT,17.46,2026-08-14,6,Call,17.00,+2.63%,0.68,0.74,0.84,2369,429,5.52,50.54%,55.57%,0.662323,2026-08-07
SLB,50.53,2026-08-28,20,Call,52.00,-2.91%,0.8,1.2,1.08,584,106,5.51,31.60%,32.47%,0.370307,2026-08-07
SIRI,29.91,2026-08-14,6,Call,32.00,-6.99%,0.01,0.15,0.15,750,136,5.51,33.49%,41.51%,0.106986,2026-08-07
ARDX,4,2026-08-21,13,Call,4.00,0.00%,0.15,0.25,0.25,771,140,5.51,61.76%,65.64%,0.528847,2026-08-07
TSLA,328.58,2026-08-17,9,Call,360.00,-9.56%,1.04,1.09,1.13,1516,275,5.51,41.95%,44.26%,0.102676,2026-08-07
IBM,237.28,2026-08-21,13,Call,212.50,+10.44%,22.8,24.75,25.25,3045,553,5.51,38.38%,19.28%,0.997883,2026-08-07
AI,10.22,2026-08-14,6,Call,11.00,-7.63%,0.07,0.1,0.1,4145,753,5.5,74.47%,62.88%,0.193588,2026-08-07
IBM,237.28,2026-08-14,6,Call,237.50,-0.09%,3.35,3.7,3.8,633,115,5.5,38.38%,30.23%,0.499348,2026-08-07
MU,877.57,2026-08-10,2,Call,850.00,+3.14%,33.25,36.1,37.55,4404,802,5.49,73.17%,71.70%,0.736228,2026-08-07
IBM,237.28,2026-08-21,13,Call,197.50,+16.77%,38.95,38.95,40.4,630,115,5.48,38.38%,30.14%,0.998454,2026-08-07
SPCX,133.11,2026-08-14,6,Call,140.00,-5.18%,4.6,4.7,4.7,30858,5643,5.47,87.19%,108.55%,0.386365,2026-08-07
AMC,2.59,2026-09-04,27,Call,3.00,-15.83%,0.14,0.14,0.16,718,132,5.44,97.38%,104.16%,0.35128,2026-08-07
TSLA,328.58,2026-08-10,2,Call,310.00,+5.65%,18.4,19.07,18.85,1676,309,5.42,41.95%,54.61%,0.928551,2026-08-07
PLTR,172.01,2026-08-14,6,Put,157.50,-8.44%,0.63,0.66,0.66,3682,679,5.42,51.17%,56.72%,-0.104614,2026-08-07
GFI,40.82,2026-08-21,13,Call,45.00,-10.24%,0.35,0.43,0.55,691,128,5.4,50.32%,57.48%,0.193242,2026-08-07
HOOD,93.29,2026-08-14,6,Call,96.00,-2.90%,1.9,1.98,2.09,7240,1343,5.39,62.53%,65.01%,0.384084,2026-08-07
NET,300.27,2026-08-14,6,Call,340.00,-13.23%,0.66,0.89,1.3,549,102,5.38,57.32%,68.00%,0.084577,2026-08-07
MSTR,100.01,2026-08-14,6,Put,98.00,-2.01%,2.72,2.8,2.87,1668,310,5.38,72.32%,73.83%,-0.394679,2026-08-07
UUUU,14.14,2026-08-14,6,Call,16.00,-13.15%,0.12,0.12,0.15,1481,276,5.37,80.91%,91.77%,0.161942,2026-08-07
SOFI,18.38,2026-08-14,6,Call,14.00,+23.83%,4.1,4.35,5.4,579,108,5.36,49.68%,212.63%,0.872251,2026-08-07
TSLA,328.58,2026-08-14,6,Put,332.50,+1.19%,9.25,9.95,9.45,681,127,5.36,41.95%,43.33%,-0.570572,2026-08-07
SATL,5.52,2026-09-18,41,Call,6.00,-8.70%,0.55,0.63,0.65,1639,306,5.36,108.23%,105.65%,0.481365,2026-08-07
AAPL,313.33,2026-09-11,34,Call,340.00,-8.51%,1.77,1.9,1.97,3583,670,5.35,24.55%,24.63%,0.156762,2026-08-07
INTC,101.65,2026-08-14,6,Call,104.00,-2.31%,2.93,2.99,3.1,6636,1242,5.34,73.87%,77.26%,0.430103,2026-08-07
WDAY,179.64,2026-09-18,41,Put,175.00,-2.58%,12.7,13.7,13.7,1293,242,5.34,65.69%,66.47%,-0.403768,2026-08-07
TSLA,328.58,2026-08-14,6,Call,330.00,-0.43%,6.6,6.7,6.7,16555,3108,5.33,41.95%,43.04%,0.484141,2026-08-07
TSLA,328.58,2026-08-14,6,Call,345.00,-5.00%,2.14,2.13,2.19,7206,1357,5.31,41.95%,44.76%,0.208769,2026-08-07
RGTI,17.94,2026-08-14,6,Call,18.00,-0.33%,0.82,0.88,0.88,5351,1010,5.3,91.94%,95.22%,0.515386,2026-08-07
SRE,83.88,2026-09-18,41,Call,95.00,-13.26%,0.15,0.43,0.7,551,104,5.3,25.93%,29.17%,0.111359,2026-08-07
TSLA,328.58,2026-08-12,4,Call,345.00,-5.00%,1.21,1.23,1.24,2786,527,5.29,41.95%,44.63%,0.155802,2026-08-07
NOW,124.88,2026-08-14,6,Call,124.00,+0.70%,4.05,4.09,4.3,1393,264,5.28,55.65%,57.82%,0.555876,2026-08-07
AMZN,274.48,2026-08-10,2,Put,267.50,-2.54%,0.26,0.32,0.36,4056,768,5.28,30.53%,28.72%,-0.109188,2026-08-07
SOFI,18.38,2026-09-04,27,Call,18.50,-0.65%,0.89,0.89,0.95,8799,1668,5.28,49.68%,47.82%,0.514212,2026-08-07
TMC,4.57,2026-08-14,6,Call,5.00,-9.41%,0.14,0.15,0.17,1943,369,5.27,114.17%,133.02%,0.330476,2026-08-07
SPCX,133.11,2026-08-14,6,Call,134.00,-0.67%,6.75,6.75,6.9,2557,485,5.27,87.19%,105.85%,0.50923,2026-08-07
CMCSA,25.36,2026-09-11,34,Call,27.00,-6.47%,0.34,0.39,0.42,816,155,5.26,30.02%,31.48%,0.267959,2026-08-07
AVGO,427.76,2026-08-10,2,Call,425.00,+0.65%,5.15,6.4,6.65,868,165,5.26,49.46%,34.46%,0.607563,2026-08-07
CLF,12.26,2026-08-14,6,Put,12.00,-2.12%,0.25,0.27,0.28,1872,356,5.26,61.11%,61.64%,-0.376744,2026-08-07
SPCX,133.11,2026-08-14,6,Call,127.00,+4.59%,10.35,10.47,10.55,7061,1343,5.26,87.19%,104.18%,0.663883,2026-08-07
FIG,23.29,2026-08-14,6,Call,25.50,-9.49%,0.27,0.34,0.35,845,161,5.25,77.42%,85.64%,0.22202,2026-08-07
TTD,13.8,2026-12-18,132,Call,15.00,-8.70%,1.9,1.94,1.98,843,161,5.24,58.81%,70.64%,0.51949,2026-08-07
MU,877.57,2026-08-10,2,Put,780.00,-11.12%,0.37,0.42,0.46,1346,257,5.24,73.17%,79.74%,-0.021213,2026-08-07
RKLB,82.83,2026-08-14,6,Call,90.00,-8.66%,3,3.1,3.15,8497,1625,5.23,99.19%,135.37%,0.348942,2026-08-07
UWMC,1.28,2027-06-17,313,Put,2.0000,+56.25%,0.85,0.92,1,700,134,5.22,92.97%,37.62%,-0.755016,2026-08-07
BTG,5.03,2026-09-18,41,Call,5.00,+0.60%,0.35,0.4,0.45,1791,344,5.21,58.21%,56.73%,0.554342,2026-08-07
TEM,52.05,2026-08-14,6,Call,52.00,+0.10%,1.82,2.02,2.08,618,119,5.19,65.59%,71.80%,0.525097,2026-08-07
PLTR,172.01,2026-08-21,13,Call,167.50,+2.62%,9.2,9.33,9.45,1740,335,5.19,51.17%,52.47%,0.629653,2026-08-07
MU,877.57,2026-08-10,2,Call,890.00,-1.42%,10.5,12,13,4260,821,5.19,73.17%,65.87%,0.397386,2026-08-07
CBRS,226.73,2026-08-14,6,Call,260.00,-14.67%,7.2,7.5,8.3,951,184,5.17,117.63%,162.23%,0.290636,2026-08-07
TSLA,328.58,2026-08-12,4,Call,350.00,-6.52%,0.73,0.75,0.76,9553,1850,5.16,41.95%,46.11%,0.100972,2026-08-07
DELL,453.77,2026-08-14,6,Call,475.00,-4.68%,10.85,10.6,11.75,817,159,5.14,86.16%,84.59%,0.358361,2026-08-07
AAPL,313.33,2026-12-18,132,Call,215.00,+31.38%,101.35,100.97,103.95,715,140,5.11,24.55%,42.06%,0.95091,2026-08-07
CCJ,97.39,2026-08-14,6,Call,92.00,+5.53%,5.75,6.13,6.85,643,126,5.1,47.85%,57.40%,0.792963,2026-08-07
IREN,41.23,2026-10-16,69,Call,90.00,-118.29%,0.36,0.57,0.69,10006,1962,5.1,109.14%,105.85%,0.073423,2026-08-07
HL,16.85,2028-01-21,531,Put,10.00,-40.65%,1.01,1.43,1.4,5516,1083,5.09,66.11%,63.07%,-0.129745,2026-08-07
WULF,17.08,2026-08-14,6,Put,17.00,-0.47%,0.74,0.78,0.82,6145,1207,5.09,91.17%,91.51%,-0.468768,2026-08-07
SPCX,133.11,2026-08-14,6,Call,132.00,+0.83%,7.65,7.76,7.8,5677,1119,5.07,87.19%,105.05%,0.553282,2026-08-07
IBM,237.28,2026-08-28,20,Call,190.00,+19.93%,45.05,46.54,48.4,632,125,5.06,38.38%,31.56%,0.997556,2026-08-07
BABA,128.41,2026-08-14,6,Call,134.00,-4.35%,0.97,1,1.06,1018,201,5.06,48.31%,45.02%,0.239309,2026-08-07
WRD,6.3,2026-09-18,41,Call,7.50,-19.05%,0.15,0.25,0.9,1729,342,5.06,94.35%,109.84%,0.390384,2026-08-07
AMD,483.36,2026-08-12,4,Call,480.00,+0.70%,13.95,14.45,14.95,743,147,5.05,61.55%,62.64%,0.557744,2026-08-07
MU,877.57,2026-08-10,2,Call,930.00,-5.97%,2.76,2.81,3.05,1817,360,5.05,73.17%,68.54%,0.132522,2026-08-07
SPCX,133.11,2026-08-14,6,Put,118.00,-11.35%,1.54,1.6,1.58,3017,598,5.05,87.19%,101.81%,-0.160462,2026-08-07
INTC,101.65,2026-08-10,2,Call,105.00,-3.30%,0.61,0.68,0.69,7657,1516,5.05,73.87%,60.98%,0.244465,2026-08-07
TSLA,328.58,2026-08-14,6,Put,325.00,-1.09%,5.35,5.35,5.45,4238,841,5.04,41.95%,42.61%,-0.406356,2026-08-07
LYFT,17.46,2026-09-18,41,Put,17.00,-2.63%,0.77,0.93,1,907,180,5.04,50.54%,49.06%,-0.395642,2026-08-07
PDD,91.76,2026-08-21,13,Call,92.00,-0.26%,2.02,2.22,2.87,1543,307,5.03,37.48%,36.25%,0.505948,2026-08-07
NBIS,187.97,2026-08-14,6,Call,202.50,-7.73%,9.45,9.7,9.95,733,146,5.02,120.50%,159.38%,0.39768,2026-08-07
MSFT,499.99,2026-08-14,6,Call,530.00,-6.00%,0.5,0.58,0.6,3843,766,5.02,28.24%,29.69%,0.06682,2026-08-07
MRNA,59.17,2026-08-14,6,Call,57.00,+3.67%,3,3.05,4.15,1067,213,5.01,72.82%,77.73%,0.666683,2026-08-07
HAL,31.89,2028-01-21,531,Put,27.00,-15.33%,2.65,2.65,3.4,500,100,5,33.19%,39.19%,-0.25783,2026-08-07
ZVRA,11.56,2027-12-17,496,Call,22.00,-90.31%,0.6,1.17,3.5,630,126,5,89.15%,77.41%,0.420396,2026-08-07
SPCX,133.11,2026-08-14,6,Put,125.00,-6.09%,3.4,3.4,3.5,14841,2969,5,87.19%,102.66%,-0.29204,2026-08-07
DOCS,27.4,2026-08-21,13,Put,27.50,+0.36%,1.5,1.65,1.7,3124,626,4.99,68.69%,75.85%,-0.478769,2026-08-07
INTC,101.65,2026-08-14,6,Call,102.00,-0.34%,3.8,3.85,3.95,4441,890,4.99,73.87%,77.28%,0.507959,2026-08-07
AMD,483.36,2026-08-14,6,Call,505.00,-4.48%,7.8,8.05,8.35,723,145,4.99,61.55%,65.76%,0.319072,2026-08-07
TSLA,328.58,2026-08-12,4,Call,357.50,-8.80%,0.36,0.38,0.39,923,185,4.99,41.95%,49.01%,0.053623,2026-08-07
B,43.68,2026-08-21,13,Call,47.00,-7.60%,0.52,0.55,0.65,2302,461,4.99,47.41%,51.68%,0.24338,2026-08-07
SNOW,330.49,2026-08-14,6,Call,340.00,-2.88%,4.85,5.21,5.5,523,105,4.98,69.13%,52.98%,0.353852,2026-08-07
CORZ,21.01,2027-03-19,223,Call,32.00,-52.31%,2.38,2.63,2.87,597,120,4.98,79.43%,82.18%,0.383646,2026-08-07
LITE,890.17,2026-08-14,6,Put,520.00,-41.58%,0.05,0.1,0.8,663,133,4.98,102.15%,175.46%,-0.006135,2026-08-07
HTZ,2.27,2026-08-28,20,Call,3.00,-32.16%,0.25,0.25,0.27,4808,966,4.98,172.98%,226.83%,0.398979,2026-08-07
MSFT,499.99,2026-08-12,4,Call,490.00,+2.00%,11.9,13.15,13.55,542,109,4.97,28.24%,31.05%,0.741142,2026-08-07
SCHW,107.6,2026-08-14,6,Call,109.00,-1.30%,0.6,0.65,0.73,557,112,4.97,22.74%,22.13%,0.334533,2026-08-07
TSLA,328.58,2026-08-10,2,Call,352.50,-7.28%,0.1,0.1,0.11,1375,278,4.95,41.95%,47.60%,0.024358,2026-08-07
VRT,272.4,2026-08-21,13,Put,225.00,-17.40%,0.84,1,1.18,2349,475,4.95,63.55%,69.26%,-0.062171,2026-08-07
IBM,237.28,2026-08-21,13,Call,202.50,+14.66%,33.05,34.25,35.25,1260,255,4.94,38.38%,28.63%,0.997488,2026-08-07
MU,877.57,2026-08-10,2,Call,920.00,-4.83%,4.05,4.36,4.4,7143,1447,4.94,73.17%,67.77%,0.180804,2026-08-07
MSTR,100.01,2026-08-14,6,Put,97.50,-2.51%,2.52,2.69,2.7,659,134,4.92,72.32%,74.35%,-0.374618,2026-08-07
BKNG,214.42,2026-08-14,6,Call,210.00,+2.06%,4,6.07,7,1448,296,4.89,33.15%,24.43%,0.756559,2026-08-07
MP,51.11,2026-08-14,6,Call,52.00,-1.74%,1.7,1.8,1.85,791,162,4.88,71.89%,82.65%,0.458452,2026-08-07
PYPL,59.07,2026-08-14,6,Put,59.00,-0.12%,0.68,0.79,0.85,604,124,4.87,27.92%,26.86%,-0.475262,2026-08-07
MU,877.57,2026-08-10,2,Call,950.00,-8.25%,1.27,1.36,1.4,4746,979,4.85,73.17%,70.36%,0.067736,2026-08-07
AAPL,313.33,2026-08-12,4,Call,322.50,-2.93%,0.56,0.63,0.63,3786,783,4.84,24.55%,25.15%,0.142558,2026-08-07
IBM,237.28,2026-08-28,20,Call,200.00,+15.71%,35.25,36.78,38.35,634,131,4.84,38.38%,25.40%,0.996679,2026-08-07
SIRI,29.91,2027-01-15,160,Call,13.00,+56.54%,15.4,16.94,18.15,736,152,4.84,33.49%,68.40%,0.984147,2026-08-07
CELH,27.77,2026-08-21,13,Call,33.00,-18.83%,0.12,0.16,0.2,808,167,4.84,58.63%,67.57%,0.100395,2026-08-07
AVGO,427.76,2026-09-04,27,Call,430.00,-0.52%,23.5,24.4,24.8,1222,253,4.83,49.46%,53.39%,0.520517,2026-08-07
QCOM,167.86,2026-08-14,6,Call,167.50,+0.21%,4.35,4.52,4.75,1428,296,4.82,51.12%,50.72%,0.527408,2026-08-07
UWMC,1.28,2027-07-16,342,Call,1.0000,+21.88%,0.45,0.59,0.6,1874,390,4.81,92.97%,123.56%,0.693994,2026-08-07
HUT,88.59,2026-09-18,41,Call,90.00,-1.59%,10.45,11.36,12.4,4618,963,4.8,101.29%,100.66%,0.553384,2026-08-07
TEAM,149.07,2026-08-21,13,Call,155.00,-3.98%,5,5.6,6.3,532,111,4.79,66.31%,71.74%,0.416461,2026-08-07
SPCX,133.11,2026-08-21,13,Call,132.00,+0.83%,9.9,10.14,10.45,1683,352,4.78,87.19%,95.60%,0.557168,2026-08-07
NBIS,187.97,2026-09-04,27,Call,210.00,-11.72%,15.4,17,18.5,592,124,4.77,120.50%,122.68%,0.437496,2026-08-07
MSFT,499.99,2026-08-14,6,Put,492.50,-1.50%,3.65,3.8,4.25,609,128,4.76,28.24%,28.18%,-0.327333,2026-08-07
SPCX,133.11,2026-08-14,6,Call,270.00,-102.84%,0.09,0.13,0.13,657,138,4.76,87.19%,221.21%,0.009409,2026-08-07
MS,216.33,2026-08-14,6,Call,215.00,+0.61%,3.8,4.11,4.4,584,123,4.75,30.35%,30.45%,0.573237,2026-08-07
TSLA,328.58,2026-08-12,4,Call,340.00,-3.48%,2.01,2.07,2.09,7159,1508,4.75,41.95%,43.73%,0.237381,2026-08-07
HPE,53.22,2026-08-14,6,Put,50.00,-6.05%,0.67,0.75,0.94,971,205,4.74,80.60%,76.82%,-0.246077,2026-08-07
FCX,69.62,2026-08-14,6,Call,75.00,-7.73%,0.19,0.42,0.46,1719,363,4.74,50.90%,52.04%,0.141068,2026-08-07
GRAL,69.48,2026-10-16,69,Call,80.00,-15.14%,5.1,6.44,8.5,1876,396,4.74,77.14%,86.39%,0.432913,2026-08-07
MU,877.57,2026-08-10,2,Call,935.00,-6.54%,2.26,2.5,2.48,610,129,4.73,73.17%,68.73%,0.111856,2026-08-07
BTDR,10.88,2026-08-14,6,Call,12.50,-14.89%,0.25,0.3,0.4,1130,239,4.73,123.28%,153.35%,0.272686,2026-08-07
MU,877.57,2026-08-10,2,Call,925.00,-5.40%,3.35,3.5,3.65,1335,282,4.73,73.17%,68.09%,0.154966,2026-08-07
MU,877.57,2026-08-10,2,Put,820.00,-6.56%,1.9,1.94,2.1,1362,288,4.73,73.17%,70.50%,-0.091802,2026-08-07
INTC,101.65,2026-08-10,2,Call,102.00,-0.34%,1.63,1.63,1.71,3193,678,4.71,73.87%,60.92%,0.480099,2026-08-07
GMAB,31.25,2026-09-18,41,Call,35.00,-12.00%,0.8,0.8,1,1273,270,4.71,55.46%,51.24%,0.291215,2026-08-07
NVTS,13.89,2026-08-14,6,Put,14.00,+0.79%,0.84,0.87,0.9,901,192,4.69,105.05%,114.77%,-0.490748,2026-08-07
RKLB,82.83,2026-08-14,6,Put,63.00,-23.94%,0.1,0.3,0.6,906,193,4.69,99.19%,139.50%,-0.052341,2026-08-07
MS,216.33,2027-12-17,496,Put,190.00,-12.17%,17,17.75,20.4,501,107,4.68,30.35%,34.90%,-0.277217,2026-08-07
QURE,46.42,2026-08-21,13,Call,47.00,-1.25%,3.2,3.3,3.7,635,136,4.67,108.98%,105.57%,0.517454,2026-08-07
AMD,483.36,2026-08-14,6,Call,490.00,-1.37%,13.05,13.2,13.5,3003,643,4.67,61.55%,65.33%,0.454653,2026-08-07
FRMI,6.18,2026-08-14,6,Call,7.50,-21.36%,0.15,0.19,0.2,10002,2144,4.67,131.03%,179.45%,0.23457,2026-08-07
NBIS,187.97,2026-08-14,6,Put,182.50,-2.91%,11.85,12.17,12.75,555,119,4.66,120.50%,157.79%,-0.401446,2026-08-07
DDOG,233.93,2026-08-14,6,Call,250.00,-6.87%,1.95,2.03,2.41,525,113,4.65,54.80%,61.82%,0.214404,2026-08-07
ABAT,2.61,2026-09-18,41,Call,3.00,-14.94%,0.25,0.3,0.3,1972,424,4.65,116.71%,118.03%,0.442831,2026-08-07
AAPL,313.33,2026-08-14,6,Call,327.50,-4.52%,0.43,0.47,0.47,4627,998,4.64,24.55%,25.63%,0.094573,2026-08-07
SNDK,1212.21,2026-08-14,6,Call,"1,350.00",-11.37%,19.1,20.5,21.6,984,212,4.64,93.26%,103.97%,0.23067,2026-08-07
AMAT,539.14,2026-08-14,6,Call,600.00,-11.29%,6.85,7.51,8.15,1174,253,4.64,75.56%,96.07%,0.211097,2026-08-07
RKLB,82.83,2026-08-14,6,Call,94.00,-13.49%,2.1,2.1,2.26,657,142,4.63,99.19%,137.96%,0.266476,2026-08-07
GLW,165.68,2026-10-16,69,Call,180.00,-8.64%,15.5,15.94,16.7,1431,309,4.63,73.24%,74.41%,0.468805,2026-08-07
AMD,483.36,2026-08-14,6,Put,405.00,-16.21%,0.57,0.64,0.72,1677,362,4.63,61.55%,77.38%,-0.03304,2026-08-07
SPCX,133.11,2026-08-14,6,Put,122.00,-8.35%,2.47,2.55,2.52,2821,609,4.63,87.19%,101.94%,-0.230768,2026-08-07
META,592.1,2026-08-10,2,Put,590.00,-0.35%,4.05,4.45,4.55,2029,439,4.62,35.36%,30.52%,-0.430446,2026-08-07
SOUN,8.02,2026-09-04,27,Put,6.50,-18.95%,0.09,0.14,0.25,1051,228,4.61,78.85%,86.78%,-0.15421,2026-08-07
AMD,483.36,2026-08-10,2,Call,490.00,-1.37%,4.95,5.14,5.25,3626,786,4.61,61.55%,55.30%,0.379037,2026-08-07
TTD,13.8,2026-10-16,69,Call,17.50,-26.81%,0.45,0.49,0.49,3814,827,4.61,58.81%,62.95%,0.240251,2026-08-07
BABA,128.41,2026-08-14,6,Call,132.00,-2.80%,1.45,1.49,1.55,3940,857,4.6,48.31%,44.33%,0.324245,2026-08-07
SNDK,1212.21,2026-08-14,6,Call,"1,200.00",+1.01%,69,71.72,73.4,617,134,4.6,93.26%,104.72%,0.558429,2026-08-07
SKHY,137.91,2026-08-14,6,Call,141.00,-2.24%,4.9,4.91,5.2,769,167,4.6,85.24%,90.39%,0.449021,2026-08-07
SPCX,133.11,2026-09-04,27,Put,108.00,-18.86%,2.75,3,2.93,1219,265,4.6,87.19%,86.70%,-0.155135,2026-08-07
UBER,75.02,2026-08-14,6,Put,72.00,-4.03%,0.29,0.35,0.36,1417,308,4.6,33.67%,35.43%,-0.17381,2026-08-07
MU,877.57,2026-08-10,2,Call,895.00,-1.99%,9.9,10.61,11.5,882,192,4.59,73.17%,68.90%,0.360798,2026-08-07
LRCX,311.35,2026-08-14,6,Put,275.00,-11.67%,1.75,1.98,2.22,1197,261,4.59,71.17%,84.77%,-0.114817,2026-08-07
FCEL,20.43,2026-08-14,6,Call,23.00,-12.58%,0.35,0.6,0.6,980,214,4.58,134.18%,126.05%,0.258246,2026-08-07
META,592.1,2026-08-10,2,Call,615.00,-3.87%,0.39,0.43,0.48,1577,344,4.58,35.36%,33.83%,0.067388,2026-08-07
DJT,10.21,2026-08-14,6,Call,11.00,-7.74%,0.2,0.23,0.26,2053,448,4.58,90.57%,98.32%,0.300297,2026-08-07
TSLA,328.58,2026-08-10,2,Call,347.50,-5.76%,0.16,0.16,0.18,2806,613,4.58,41.95%,42.86%,0.040726,2026-08-07
RKLB,82.83,2026-08-14,6,Call,79.00,+4.62%,7.3,7.27,7.85,1089,239,4.56,99.19%,131.11%,0.644039,2026-08-07
GOOGL,354.3,2026-10-16,69,Put,150.00,-57.66%,0.01,0.13,0.35,1277,280,4.56,30.17%,80.86%,-0.004174,2026-08-07
TSLA,328.58,2026-08-14,6,Call,342.50,-4.24%,2.61,2.68,2.69,2037,447,4.56,41.95%,44.45%,0.245365,2026-08-07
MSTR,100.01,2026-08-14,6,Call,115.00,-14.99%,0.5,0.5,0.54,6724,1474,4.56,72.32%,83.36%,0.106051,2026-08-07
MSTR,100.01,2026-08-21,13,Put,81.00,-19.01%,0.41,0.68,0.61,829,182,4.55,72.32%,80.69%,-0.070999,2026-08-07
AMZN,274.48,2026-08-10,2,Put,282.50,+2.92%,8,8.5,8.5,1337,294,4.55,30.53%,29.50%,-0.905403,2026-08-07
ZETA,26.64,2026-08-14,6,Put,24.50,-8.03%,0.15,0.19,0.24,518,114,4.54,64.59%,67.70%,-0.155185,2026-08-07
MU,877.57,2026-08-14,6,Call,865.00,+1.43%,40.3,42.4,43,704,155,4.54,73.17%,77.97%,0.579325,2026-08-07
BULL,7.32,2026-08-28,20,Put,7.50,+2.46%,0.47,0.57,0.63,899,199,4.52,73.18%,66.84%,-0.526983,2026-08-07
TSLA,328.58,2026-08-12,4,Call,347.50,-5.76%,0.94,0.97,0.97,1349,299,4.51,41.95%,45.35%,0.125654,2026-08-07
TSM,420.04,2026-08-14,6,Put,402.50,-4.18%,2.59,3.04,3.05,639,142,4.5,40.65%,43.05%,-0.209446,2026-08-07
BCSF,13.11,2026-09-18,41,Put,17.50,+33.49%,2.7,4.6,4.9,1314,292,4.5,38.30%,62.13%,-0.895691,2026-08-07
BAC,63.17,2026-08-14,6,Call,64.00,-1.31%,0.3,0.31,0.33,10807,2409,4.49,20.53%,19.69%,0.311178,2026-08-07
MU,877.57,2026-08-10,2,Call,970.00,-10.53%,0.56,0.65,0.67,804,179,4.49,73.17%,72.73%,0.033677,2026-08-07
LUNR,16.4,2026-08-14,6,Call,18.00,-9.76%,0.66,0.72,0.78,1414,315,4.49,121.19%,156.21%,0.358766,2026-08-07
TSLA,328.58,2026-09-04,27,Call,330.00,-0.43%,14.5,15,15,2764,616,4.49,41.95%,42.11%,0.51717,2026-08-07
SIRI,29.91,2026-08-21,13,Call,26.00,+13.07%,2.53,4.15,5.2,740,165,4.48,33.49%,67.48%,0.877169,2026-08-07
TSM,420.04,2026-08-21,13,Put,320.00,-23.82%,0.08,0.15,0.2,36056,8072,4.47,40.65%,61.86%,-0.008278,2026-08-07
FIG,23.29,2026-08-14,6,Call,24.50,-5.20%,0.5,0.49,0.63,994,223,4.46,77.42%,86.57%,0.346218,2026-08-07
RKLB,82.83,2026-08-14,6,Call,105.00,-26.77%,0.77,0.79,0.82,1437,322,4.46,99.19%,143.13%,0.115566,2026-08-07
DNOW,16.52,2026-11-20,104,Call,17.50,-5.93%,0.9,0.93,1.2,2227,499,4.46,26.73%,39.21%,0.452914,2026-08-07
GOOGL,354.3,2026-08-10,2,Call,357.50,-0.90%,1.29,1.35,1.44,5838,1311,4.45,30.17%,25.14%,0.321304,2026-08-07
RKLB,82.83,2026-08-14,6,Call,81.00,+2.21%,6.45,6.59,6.7,896,202,4.44,99.19%,133.53%,0.58691,2026-08-07
HUT,88.59,2028-01-21,531,Call,175.00,-97.54%,23.5,25.14,28.5,1640,369,4.44,101.29%,100.79%,0.538363,2026-08-07
CELH,27.77,2026-08-14,6,Call,30.00,-8.03%,0.27,0.29,0.3,2459,554,4.44,58.63%,70.24%,0.210062,2026-08-07
PCT,7.21,2026-08-28,20,Call,8.00,-10.96%,0.2,0.35,0.55,535,121,4.42,95.94%,98.20%,0.371145,2026-08-07
TSLA,328.58,2026-08-10,2,Put,315.00,-4.13%,0.27,0.27,0.29,3801,860,4.42,41.95%,38.61%,-0.067129,2026-08-07
BE,219.34,2026-08-14,6,Call,215.00,+1.98%,13.95,15,15.85,568,129,4.4,106.51%,113.03%,0.584923,2026-08-07
MU,877.57,2026-08-14,6,Put,725.00,-17.39%,1.19,1.26,1.36,1222,278,4.4,73.17%,83.77%,-0.033117,2026-08-07
DOCS,27.4,2026-08-21,13,Put,25.00,-8.76%,0.6,0.7,0.75,4384,996,4.4,68.69%,81.59%,-0.248334,2026-08-07
AVT,96.53,2026-09-18,41,Call,105.00,-8.77%,2.4,3,3.2,619,141,4.39,45.14%,44.96%,0.320109,2026-08-07
RGTI,17.94,2026-08-14,6,Call,17.50,+2.45%,1.04,1.09,1.15,1707,390,4.38,91.94%,93.97%,0.606932,2026-08-07
GOOGL,354.3,2026-08-14,6,Put,342.50,-3.33%,1.27,1.3,1.53,537,123,4.37,30.17%,30.33%,-0.183161,2026-08-07
MP,51.11,2026-08-14,6,Call,53.00,-3.70%,1.33,1.5,1.63,599,137,4.37,71.89%,86.10%,0.394195,2026-08-07
COIN,153.6,2026-08-21,13,Call,172.50,-12.30%,2.21,2.33,2.4,601,138,4.36,66.59%,70.27%,0.212126,2026-08-07
IREN,41.23,2026-08-14,6,Call,41.00,+0.56%,2.36,2.43,2.5,2648,607,4.36,109.14%,109.52%,0.545501,2026-08-07
CRCL,66.67,2026-08-14,6,Call,71.00,-6.49%,1.34,1.48,1.56,618,142,4.35,80.75%,89.26%,0.312958,2026-08-07
MU,877.57,2026-08-14,6,Call,860.00,+2.00%,42.75,46,45.65,831,191,4.35,73.17%,77.50%,0.602233,2026-08-07
ABNB,178.07,2026-08-21,13,Call,180.00,-1.08%,3.7,3.7,4.1,1167,268,4.35,33.15%,34.90%,0.455752,2026-08-07
TTD,13.8,2026-08-21,13,Put,13.50,-2.17%,0.42,0.45,0.5,564,130,4.34,58.81%,58.91%,-0.396307,2026-08-07
TSLA,328.58,2026-08-12,4,Put,307.50,-6.42%,0.49,0.52,0.53,1215,280,4.34,41.95%,44.57%,-0.07321,2026-08-07
MSTR,100.01,2026-08-14,6,Put,96.00,-4.01%,1.96,2.1,2.13,1910,440,4.34,72.32%,74.45%,-0.314947,2026-08-07
SPCX,133.11,2026-08-14,6,Put,123.00,-7.60%,2.76,2.84,2.82,4500,1037,4.34,87.19%,102.16%,-0.25059,2026-08-07
NVDA,223.96,2026-08-12,4,Call,230.00,-2.70%,1.1,1.1,1.16,8915,2054,4.34,38.68%,34.67%,0.2402,2026-08-07
AG,18.4,2028-01-21,531,Put,10.00,-45.65%,1.18,1.2,1.2,11929,2751,4.34,67.42%,66.94%,-0.111977,2026-08-07
MU,877.57,2026-08-10,2,Put,800.00,-8.84%,0.82,0.86,0.9,3273,756,4.33,73.17%,74.09%,-0.042894,2026-08-07
NFLX,74.14,2026-08-14,6,Call,78.00,-5.21%,0.25,0.26,0.26,10839,2507,4.32,33.41%,36.36%,0.146246,2026-08-07
MU,877.57,2026-08-14,6,Put,865.00,-1.43%,27,27.8,29.1,759,176,4.31,73.17%,76.72%,-0.420416,2026-08-07
CRM,192.74,2026-08-14,6,Call,197.50,-2.47%,2.22,2.25,2.5,575,134,4.29,48.87%,43.09%,0.342331,2026-08-07
GFI,40.82,2026-10-16,69,Put,35.00,-14.26%,0.9,1.52,1.9,1163,271,4.29,50.32%,52.80%,-0.227726,2026-08-07
COIN,153.6,2026-08-14,6,Put,143.00,-6.90%,1.42,1.5,1.56,1321,309,4.28,66.59%,68.17%,-0.192685,2026-08-07
KEEL,3.88,2026-08-14,6,Put,3.50,-9.79%,0.1,0.12,0.13,2072,484,4.28,115.31%,139.70%,-0.252065,2026-08-07
TTD,13.8,2026-09-18,41,Call,15.00,-8.70%,0.65,0.68,0.68,3053,714,4.28,58.81%,59.73%,0.383746,2026-08-07
META,592.1,2026-08-10,2,Call,610.00,-3.02%,0.72,0.83,0.83,6009,1407,4.27,35.36%,32.66%,0.112656,2026-08-07
EQNR,38.92,2026-08-21,13,Put,36.00,-7.50%,0,0.3,0.55,6000,1409,4.26,36.67%,43.21%,-0.158817,2026-08-07
TEAM,149.07,2026-09-18,41,Call,170.00,-14.04%,5.8,6.2,6.4,1354,318,4.26,66.31%,65.72%,0.320058,2026-08-07
WOLF,32.87,2026-08-21,13,Call,40.00,-21.69%,1.32,1.63,1.75,1156,272,4.25,133.43%,152.34%,0.296436,2026-08-07
LULU,128.58,2026-12-18,132,Put,350.00,+172.20%,220.5,221.9,221.9,2708,637,4.25,52.63%,98.73%,-0.94921,2026-08-07
NVDA,223.96,2026-08-12,4,Put,225.00,+0.46%,3.75,3.75,3.85,1961,463,4.24,38.68%,35.12%,-0.539949,2026-08-07
SPCX,133.11,2026-08-14,6,Put,121.00,-9.10%,2.21,2.3,2.25,2143,507,4.23,87.19%,101.88%,-0.211935,2026-08-07
OKLO,48.42,2026-08-14,6,Call,52.00,-7.39%,1,1.16,1.2,814,193,4.22,89.70%,96.74%,0.305611,2026-08-07
CCL,28.99,2026-08-14,6,Call,29.50,-1.76%,0.37,0.45,0.45,1628,386,4.22,42.57%,42.11%,0.385294,2026-08-07
T,23.79,2026-08-14,6,Put,24.50,+2.98%,0.75,0.77,0.83,585,139,4.21,26.00%,25.27%,-0.814315,2026-08-07
ALHC,14.37,2026-11-20,104,Call,17.50,-21.78%,0.6,0.85,1.2,600,143,4.2,60.51%,60.98%,0.34125,2026-08-07
WULF,17.08,2026-08-14,6,Put,17.50,+2.46%,1.01,1.14,1.13,1348,321,4.2,91.17%,92.33%,-0.565626,2026-08-07
MU,877.57,2026-08-10,2,Call,910.00,-3.70%,5.95,6.5,6.4,1496,356,4.2,73.17%,67.67%,0.243352,2026-08-07
PANW,363.86,2026-08-14,6,Call,410.00,-12.68%,0.19,0.48,0.6,624,149,4.19,59.40%,52.25%,0.040954,2026-08-07
AMZN,274.48,2026-08-14,6,Put,252.50,-8.01%,0.23,0.23,0.25,1212,289,4.19,30.53%,38.61%,-0.042546,2026-08-07
MSFT,499.99,2026-08-14,6,Call,550.00,-10.00%,0.01,0.11,0.11,1459,348,4.19,28.24%,31.05%,0.009086,2026-08-07
UBER,75.02,2026-08-14,6,Call,81.00,-7.97%,0,0.11,0.12,600,144,4.17,33.67%,34.50%,0.044728,2026-08-07
ABNB,178.07,2026-08-14,6,Call,175.00,+1.72%,5.05,5.3,5.55,971,233,4.17,33.15%,38.62%,0.651038,2026-08-07
B,43.68,2026-12-18,132,Call,60.00,-37.36%,1.01,1.06,1.13,5341,1281,4.17,47.41%,48.22%,0.177331,2026-08-07
MGM,44.47,2028-01-21,531,Call,70.00,-57.41%,0,0.34,0.65,503,121,4.16,32.42%,20.68%,0.072343,2026-08-07
MU,877.57,2026-08-10,2,Call,945.00,-7.68%,1.54,1.67,1.7,603,145,4.16,73.17%,69.82%,0.080338,2026-08-07
CCL,28.99,2026-08-14,6,Call,30.50,-5.21%,0.14,0.15,0.18,665,160,4.16,42.57%,43.03%,0.187176,2026-08-07
ZENA,1.65,2026-08-21,13,Put,2.0000,+21.21%,0.25,0.45,0.65,631,152,4.15,110.23%,173.51%,-0.663364,2026-08-07
AMD,483.36,2026-08-10,2,Call,510.00,-5.51%,1,1,1.1,1508,363,4.15,61.55%,57.41%,0.108111,2026-08-07
UNH,407.08,2026-08-14,6,Call,420.00,-3.17%,1.26,1.41,1.52,7191,1736,4.14,28.32%,26.59%,0.18591,2026-08-07
NVDA,223.96,2026-08-12,4,Put,215.00,-4.00%,0.64,0.66,0.69,3281,794,4.13,38.68%,37.71%,-0.144074,2026-08-07
ASTS,71.94,2026-08-21,13,Put,51.00,-29.11%,0.06,0.41,0.39,616,149,4.13,103.71%,107.69%,-0.035913,2026-08-07
ANET,188.67,2026-08-14,6,Put,175.00,-7.25%,0.95,1.25,1.28,955,231,4.13,56.38%,58.54%,-0.147551,2026-08-07
NVDA,223.96,2026-08-12,4,Put,222.50,-0.65%,2.54,2.56,2.62,2183,528,4.13,38.68%,35.28%,-0.419372,2026-08-07
USAR,19.33,2026-08-14,6,Put,16.50,-14.64%,0.05,0.27,0.28,602,146,4.12,103.33%,110.26%,-0.116167,2026-08-07
BE,219.34,2028-06-16,678,Put,185.00,-15.66%,80,81.54,83,808,196,4.12,106.51%,104.28%,-0.196354,2026-08-07
ARCT,7.41,2026-08-21,13,Call,7.50,-1.21%,0.15,0.45,0.45,1236,300,4.12,158.14%,60.41%,0.485015,2026-08-07
PLTR,172.01,2026-08-14,6,Put,152.50,-11.34%,0.32,0.34,0.34,2855,693,4.12,51.17%,60.86%,-0.056029,2026-08-07
BABA,128.41,2026-08-21,13,Put,112.00,-12.78%,0.46,0.54,0.57,1291,314,4.11,48.31%,54.24%,-0.082396,2026-08-07
AAOI,135.63,2026-08-14,6,Call,160.00,-17.97%,2.3,2.4,2.6,1950,475,4.11,121.20%,137.64%,0.199089,2026-08-07
HTZ,2.27,2026-08-21,13,Call,2.50,-10.13%,0.29,0.3,0.3,57580,14012,4.11,172.98%,223.71%,0.49422,2026-08-07
FIG,23.29,2026-08-14,6,Put,23.00,-1.25%,0.66,0.79,0.89,1271,310,4.1,77.42%,77.62%,-0.428321,2026-08-07
INTC,101.65,2026-08-10,2,Put,96.00,-5.56%,0.26,0.31,0.31,952,233,4.09,73.87%,65.96%,-0.115266,2026-08-07
SPCX,133.11,2026-08-28,20,Call,130.00,+2.34%,12.7,12.97,13.3,8970,2195,4.09,87.19%,91.73%,0.589688,2026-08-07
OKLO,48.42,2026-08-14,6,Put,50.00,+3.26%,3.05,3.4,3.5,559,137,4.08,89.70%,96.20%,-0.57736,2026-08-07
CSCO,121.43,2026-08-14,6,Put,100.00,-17.65%,0.13,0.13,0.2,808,198,4.08,48.08%,83.84%,-0.031213,2026-08-07
AMD,483.36,2026-08-14,6,Put,485.00,+0.34%,16.4,17.73,17.4,1505,369,4.08,61.55%,65.44%,-0.497128,2026-08-07
RIOT,20.52,2026-08-14,6,Put,21.00,+2.34%,1.48,1.47,1.79,830,204,4.07,100.06%,130.90%,-0.520379,2026-08-07
SPCX,133.11,2026-08-14,6,Call,147.00,-10.43%,2.89,2.94,2.94,1364,335,4.07,87.19%,111.77%,0.268634,2026-08-07
MU,877.57,2026-08-10,2,Put,885.00,+0.85%,19.85,20.33,23.65,743,183,4.06,73.17%,68.70%,-0.554627,2026-08-07
SIRI,29.91,2026-09-18,41,Call,19.00,+36.48%,8.95,11.5,12.45,860,212,4.06,33.49%,120.32%,0.90603,2026-08-07
MU,877.57,2026-08-10,2,Put,895.00,+1.99%,25.45,26.16,31.2,822,203,4.05,73.17%,70.36%,-0.63644,2026-08-07
RDDT,161.7,2026-08-14,6,Put,148.00,-8.47%,0.91,1.09,1.27,858,212,4.05,62.91%,68.28%,-0.144259,2026-08-07
MSTR,100.01,2026-08-14,6,Put,97.00,-3.01%,2.34,2.32,2.5,856,212,4.04,72.32%,74.56%,-0.354636,2026-08-07
ACN,175.72,2026-08-21,13,Call,195.00,-10.97%,0.85,1.25,2,633,157,4.03,46.23%,53.02%,0.16076,2026-08-07
TSLA,328.58,2026-08-21,13,Call,327.50,+0.33%,11.05,11.25,11.5,1990,494,4.03,41.95%,42.58%,0.538734,2026-08-07
DJT,10.21,2026-09-18,41,Call,14.00,-37.12%,0.36,0.4,0.44,1333,332,4.02,90.57%,102.23%,0.230242,2026-08-07
PFE,26.76,2026-08-14,6,Put,26.50,-0.97%,0.17,0.17,0.18,1752,436,4.02,20.24%,20.72%,-0.357269,2026-08-07
ET,20.13,2026-08-14,6,Put,20.00,-0.65%,0.11,0.12,0.15,2137,532,4.02,19.47%,17.94%,-0.392132,2026-08-07
HOOD,93.29,2026-08-14,6,Call,95.00,-1.83%,2.26,2.35,2.4,7446,1852,4.02,62.53%,64.14%,0.431501,2026-08-07
SPCX,133.11,2026-08-14,6,Put,130.00,-2.34%,5.45,5.47,5.55,9564,2386,4.01,87.19%,103.76%,-0.402068,2026-08-07
PCG,17.46,2026-09-18,41,Call,22.00,-26.00%,0.15,0.17,0.2,77568,19322,4.01,44.36%,54.05%,0.120969,2026-08-07
MU,877.57,2027-02-19,195,Put,600.00,-31.63%,52.65,53.45,56.1,725,181,4.01,73.17%,76.17%,-0.160269,2026-08-07
AMZN,274.48,2026-08-10,2,Call,270.00,+1.63%,4.9,5.37,5.3,1972,492,4.01,30.53%,26.11%,0.808284,2026-08-07
ASTS,71.94,2026-08-14,6,Call,78.00,-8.42%,2.74,2.83,3,1504,376,4,103.71%,139.76%,0.359986,2026-08-07
TTD,13.8,2026-08-14,6,Put,14.00,+1.45%,0.55,0.55,0.59,2239,560,4,58.81%,65.77%,-0.548978,2026-08-07
NNE,18.85,2026-08-21,13,Call,24.00,-27.32%,0.05,0.24,0.25,767,192,3.99,95.79%,93.62%,0.101774,2026-08-07
PLTR,172.01,2026-08-14,6,Put,175.00,+1.74%,6.3,6.42,6.5,1054,264,3.99,51.17%,54.25%,-0.581906,2026-08-07
PLTR,172.01,2026-08-14,6,Call,180.00,-4.65%,1.96,1.98,2.01,20061,5038,3.98,51.17%,55.16%,0.274797,2026-08-07
ETSY,85.55,2026-09-11,34,Call,87.00,-1.69%,4,5,5.75,801,202,3.97,50.92%,51.84%,0.497892,2026-08-07
NVDA,223.96,2026-08-14,6,Put,240.00,+7.16%,15.95,18.21,16.45,653,165,3.96,38.68%,33.70%,-0.946193,2026-08-07
GOOGL,354.3,2026-08-12,4,Put,355.00,+0.20%,4.1,4.25,4.9,754,191,3.95,30.17%,28.37%,-0.516743,2026-08-07
TWLO,241.28,2026-09-18,41,Put,200.00,-17.11%,2.8,3,4.9,845,214,3.95,55.81%,59.14%,-0.143518,2026-08-07
SPCX,133.11,2026-08-21,13,Call,145.00,-8.93%,5.55,5.65,5.65,19988,5077,3.94,87.19%,99.83%,0.361998,2026-08-07
XOM,153.04,2026-08-14,6,Put,144.00,-5.91%,0.17,0.2,0.22,535,136,3.93,29.22%,32.45%,-0.068369,2026-08-07
CRCL,66.67,2026-09-11,34,Put,66.00,-1.00%,5.25,5.92,6.15,921,235,3.92,80.75%,76.12%,-0.432057,2026-08-07
DBX,34.81,2026-08-14,6,Call,35.00,-0.55%,0,0.3,1,622,159,3.91,32.99%,32.54%,0.46202,2026-08-07
NVDA,223.96,2026-08-10,2,Call,230.00,-2.70%,0.28,0.29,0.3,32284,8265,3.91,38.68%,30.05%,0.119505,2026-08-07
MSTR,100.01,2026-08-14,6,Put,93.00,-7.01%,1.12,1.2,1.28,1743,447,3.9,72.32%,75.23%,-0.209764,2026-08-07
SPCX,133.11,2026-08-14,6,Call,167.50,-25.84%,0.82,0.87,0.89,2888,743,3.89,87.19%,126.31%,0.091019,2026-08-07
PLTR,172.01,2026-09-04,27,Put,160.00,-6.98%,4.25,4.35,4.45,3179,819,3.88,51.17%,51.53%,-0.273223,2026-08-07
FSLR,250.05,2026-08-14,6,Call,270.00,-7.98%,1.59,3.1,4.2,512,132,3.88,61.20%,73.47%,0.223151,2026-08-07
LLY,1185.71,2026-09-18,41,Call,"1,600.00",-34.94%,0.31,0.72,0.77,1376,355,3.88,33.00%,37.54%,0.010982,2026-08-07
MSTR,100.01,2026-08-14,6,Call,108.00,-7.99%,1.29,1.34,1.38,1686,435,3.88,72.32%,78.06%,0.238223,2026-08-07
MSFT,499.99,2026-08-10,2,Put,495.00,-1.00%,1.45,1.6,1.75,2159,556,3.88,28.24%,24.34%,-0.283121,2026-08-07
COIN,153.6,2026-08-14,6,Put,157.50,+2.54%,7.4,7.75,8.15,862,223,3.87,66.59%,71.21%,-0.588696,2026-08-07
TSM,420.04,2026-08-14,6,Put,415.00,-1.20%,6.3,7.07,6.85,1536,397,3.87,40.65%,41.89%,-0.39774,2026-08-07
MU,877.57,2026-08-12,4,Call,900.00,-2.56%,18.9,19,20,1631,422,3.86,73.17%,78.63%,0.397136,2026-08-07
CELH,27.77,2026-08-21,13,Call,28.00,-0.83%,1.2,1.21,1.43,5553,1444,3.85,58.63%,67.24%,0.503443,2026-08-07
NVDA,223.96,2026-08-14,6,Put,220.00,-1.77%,2.33,2.37,2.43,12415,3232,3.84,38.68%,36.08%,-0.337769,2026-08-07
FIG,23.29,2026-08-14,6,Call,27.00,-15.93%,0.11,0.14,0.14,2207,574,3.84,77.42%,87.57%,0.104705,2026-08-07
SNDK,1212.21,2026-08-14,6,Call,"1,100.00",+9.26%,132.3,137,135.8,681,178,3.83,93.26%,104.93%,0.786353,2026-08-07
JPM,357.52,2026-08-14,6,Put,355.00,-0.70%,2.24,2.4,2.65,938,246,3.81,21.19%,19.79%,-0.381182,2026-08-07
PANW,363.86,2026-08-28,20,Put,210.00,-42.29%,0,0.15,0.42,1051,276,3.81,59.40%,100.62%,-0.006967,2026-08-07
AMD,483.36,2026-08-12,4,Call,530.00,-9.65%,1.29,1.62,1.61,927,244,3.8,61.55%,65.41%,0.095915,2026-08-07
GMAB,31.25,2026-09-18,41,Call,30.00,+4.00%,2.85,2.9,3,961,253,3.8,55.46%,53.15%,0.633698,2026-08-07
DJT,10.21,2026-08-21,13,Call,10.50,-2.84%,0.48,0.52,0.73,670,177,3.79,90.57%,94.47%,0.475785,2026-08-07
STX,812.76,2026-08-14,6,Put,700.00,-13.87%,3.7,4.12,4.2,762,201,3.79,82.13%,89.89%,-0.087232,2026-08-07
SNOW,330.49,2026-08-14,6,Call,330.00,+0.15%,8.6,9.5,9.9,1175,310,3.79,69.13%,52.73%,0.525746,2026-08-07
ARM,282.57,2026-08-21,13,Call,245.00,+13.30%,39.5,40.55,42.95,1223,323,3.79,78.07%,77.85%,0.853928,2026-08-07
TSLA,328.58,2026-08-12,4,Put,315.00,-4.13%,1.29,1.3,1.33,1262,333,3.79,41.95%,42.70%,-0.164833,2026-08-07
QUBT,9.18,2026-08-14,6,Put,9.00,-1.96%,0.43,0.5,0.54,1318,348,3.79,97.45%,123.33%,-0.417835,2026-08-07
CELH,27.77,2026-08-14,6,Call,25.00,+9.97%,2.67,2.54,3.1,2524,666,3.79,58.63%,63.86%,0.908538,2026-08-07
HOOD,93.29,2026-08-14,6,Call,100.00,-7.19%,0.93,0.94,0.98,13716,3623,3.79,62.53%,65.91%,0.219856,2026-08-07
IREN,41.23,2026-10-16,69,Call,80.00,-94.03%,0.63,0.89,1,5088,1346,3.78,109.14%,103.46%,0.108755,2026-08-07
BAC,63.17,2027-07-16,342,Call,67.50,-6.85%,4.65,4.81,4.95,578,153,3.78,20.53%,25.05%,0.465986,2026-08-07
EVGO,1.62,2028-01-21,531,Put,0.5000,-69.14%,0,0.1,0.3,1594,422,3.78,78.68%,133.10%,-0.059071,2026-08-07
MSTR,100.01,2027-03-19,223,Call,110.00,-9.99%,21.1,21.41,22.45,1614,427,3.78,72.32%,79.48%,0.57791,2026-08-07
SPCX,133.11,2026-08-14,6,Call,152.50,-14.57%,2,2,2.06,3033,803,3.78,87.19%,114.87%,0.198845,2026-08-07
CELH,27.77,2026-08-21,13,Put,27.00,-2.77%,0.93,0.98,1.1,754,200,3.77,58.63%,66.96%,-0.38429,2026-08-07
VG,13.26,2026-08-14,6,Call,13.50,-1.81%,0.6,0.7,0.75,1237,328,3.77,75.76%,115.01%,0.482211,2026-08-07
NVDA,223.96,2026-09-11,34,Put,195.00,-12.93%,1.91,1.97,2.01,1362,361,3.77,38.68%,42.96%,-0.126569,2026-08-07
SPCX,133.11,2026-08-14,6,Call,123.00,+7.60%,12.6,12.6,13.55,2765,734,3.77,87.19%,104.07%,0.746431,2026-08-07
QCOM,167.86,2026-08-14,6,Call,177.50,-5.74%,1.14,1.23,1.34,541,144,3.76,51.12%,51.01%,0.206721,2026-08-07
TSEM,252.49,2026-08-21,13,Call,420.00,-66.34%,0,0.16,0.25,861,229,3.76,87.92%,107.00%,0.007868,2026-08-07
AMTX,1.72,2028-01-21,531,Call,7.5000,-336.05%,0,0.4,0.5,1605,427,3.76,144.52%,103.98%,0.308494,2026-08-07
AMTM,24.77,2026-09-18,41,Call,25.00,-0.93%,1.6,1.8,1.8,762,204,3.74,56.13%,53.15%,0.524147,2026-08-07
COIN,153.6,2026-08-14,6,Call,160.00,-4.17%,3.05,3.06,3.15,5364,1440,3.73,66.59%,71.21%,0.34643,2026-08-07
HTZ,2.27,2026-08-14,6,Call,3.00,-32.16%,0.16,0.17,0.17,49118,13155,3.73,172.98%,327.86%,0.325692,2026-08-07
HTZ,2.27,2026-08-28,20,Call,2.50,-10.13%,0.31,0.34,0.4,10524,2829,3.72,172.98%,208.40%,0.519984,2026-08-07
ILMN,187.96,2026-08-21,13,Put,190.00,+1.09%,5.1,6.07,7.7,551,148,3.72,44.32%,38.24%,-0.539952,2026-08-07
STM,56.1,2026-08-21,13,Put,42.00,-25.13%,0,0.15,0.15,1000,269,3.72,60.00%,79.84%,-0.022571,2026-08-07
AMZN,274.48,2026-08-10,2,Put,277.50,+1.10%,3.8,3.7,4.2,1098,295,3.72,30.53%,27.01%,-0.702436,2026-08-07
ING,35.68,2026-08-21,13,Call,33.00,+7.51%,2.1,2.7,2.8,515,139,3.71,23.82%,27.05%,0.950003,2026-08-07
DELL,453.77,2026-10-16,69,Put,110.00,-75.76%,0.01,0.14,0.28,572,154,3.71,86.16%,123.47%,-0.00176,2026-08-07
SIRI,29.91,2027-01-15,160,Call,15.00,+49.85%,14.3,15.35,15.35,925,249,3.71,33.49%,82.89%,0.933218,2026-08-07
IREN,41.23,2026-08-14,6,Call,39.00,+5.41%,3.35,3.51,3.7,1360,367,3.71,109.14%,108.28%,0.682355,2026-08-07
AMD,483.36,2026-08-10,2,Call,492.50,-1.89%,4.1,4.45,4.5,518,140,3.7,61.55%,55.70%,0.333963,2026-08-07
COST,947.82,2026-08-14,6,Call,995.00,-4.98%,0.61,0.84,1.19,632,171,3.7,21.73%,24.93%,0.068281,2026-08-07
MU,877.57,2026-08-14,6,Put,875.00,-0.29%,31.5,32.32,33.95,651,176,3.7,73.17%,76.39%,-0.466622,2026-08-07
MSTR,100.01,2026-08-14,6,Call,103.00,-2.99%,2.56,2.63,2.7,3201,866,3.7,72.32%,75.59%,0.401529,2026-08-07
SOUN,8.02,2026-08-14,6,Call,8.00,+0.25%,0.35,0.35,0.36,11009,2979,3.7,78.85%,83.66%,0.532865,2026-08-07
COST,947.82,2026-08-14,6,Call,950.00,-0.23%,8.7,10,10.2,729,198,3.68,21.73%,21.19%,0.478916,2026-08-07
COHR,379.13,2026-09-18,41,Call,370.00,+2.41%,51.8,55.17,57.1,732,199,3.68,104.07%,98.36%,0.599255,2026-08-07
OKLO,48.42,2026-08-14,6,Call,54.00,-11.52%,0.7,0.81,0.91,751,204,3.68,89.70%,104.32%,0.228368,2026-08-07
WOLF,32.87,2026-09-18,41,Put,27.50,-16.34%,2.62,2.55,3,899,244,3.68,133.43%,127.51%,-0.261311,2026-08-07
IREN,41.23,2026-08-21,13,Put,28.50,-30.88%,0.03,0.18,0.28,1016,276,3.68,109.14%,118.50%,-0.0385,2026-08-07
MP,51.11,2026-08-14,6,Call,54.00,-5.65%,1.15,1.25,1.33,518,141,3.67,71.89%,89.51%,0.338421,2026-08-07
NFLX,74.14,2026-12-18,132,Call,47.00,+36.61%,26.35,28.25,29.65,575,157,3.66,33.41%,43.14%,0.973833,2026-08-07
CMG,32.79,2026-08-14,6,Put,33.50,+2.17%,0.91,1.03,1.15,656,179,3.66,36.97%,36.76%,-0.663932,2026-08-07
MU,877.57,2026-08-10,2,Call,960.00,-9.39%,0.85,1.03,0.96,857,235,3.65,73.17%,71.50%,0.047851,2026-08-07
TSLA,328.58,2026-08-14,6,Call,357.50,-8.80%,0.81,0.85,0.83,1398,383,3.65,41.95%,47.68%,0.090186,2026-08-07
BE,219.34,2026-08-14,6,Put,160.00,-27.05%,0.32,0.34,0.4,2211,607,3.64,106.51%,130.74%,-0.024482,2026-08-07
AMD,483.36,2026-08-10,2,Call,485.00,-0.34%,7,7.21,7.35,2351,645,3.64,61.55%,55.42%,0.477187,2026-08-07
SPCX,133.11,2026-09-18,41,Call,155.00,-16.45%,8.05,8.15,8.2,10140,2783,3.64,87.19%,87.02%,0.358682,2026-08-07
WOLF,32.87,2026-09-18,41,Put,25.00,-23.94%,1.82,1.89,1.94,35503,9751,3.64,133.43%,127.56%,-0.194222,2026-08-07
AAPL,313.33,2026-08-12,4,Call,320.00,-2.13%,0.95,1.02,1.01,5264,1451,3.63,24.55%,24.67%,0.215103,2026-08-07
LLY,1185.71,2026-09-11,34,Call,"1,620.00",-36.63%,0,0.67,1.2,850,234,3.63,33.00%,43.34%,0.011566,2026-08-07
AER,151.72,2026-08-21,13,Put,150.00,-1.13%,1.95,1.95,3.8,875,241,3.63,26.44%,32.81%,-0.40998,2026-08-07
BA,234.42,2028-01-21,531,Call,335.00,-42.91%,15.85,16.2,19.55,1536,423,3.63,32.16%,40.27%,0.304385,2026-08-07
OKLO,48.42,2026-08-14,6,Call,48.00,+0.87%,2.44,2.55,2.78,999,276,3.62,89.70%,96.57%,0.554524,2026-08-07
HAL,31.89,2026-10-16,69,Put,28.00,-12.20%,0.48,0.47,0.7,506,140,3.61,33.19%,38.13%,-0.187775,2026-08-07
RDDT,161.7,2026-08-14,6,Call,167.50,-3.59%,2.92,3.15,3.4,560,155,3.61,62.91%,65.98%,0.356691,2026-08-07
PLTR,172.01,2026-08-14,6,Call,200.00,-16.27%,0.18,0.19,0.2,8079,2235,3.61,51.17%,63.35%,0.035291,2026-08-07
ONDS,9.11,2026-08-28,20,Call,9.50,-4.28%,0.77,0.79,0.82,7151,1989,3.6,108.57%,112.00%,0.491522,2026-08-07
GOOGL,354.3,2026-08-17,9,Put,350.00,-1.21%,3.55,3.89,4.95,540,150,3.6,30.17%,28.43%,-0.377696,2026-08-07
QCOM,167.86,2026-08-14,6,Put,160.00,-4.68%,1.31,1.45,1.59,860,239,3.6,51.12%,51.20%,-0.221575,2026-08-07
INTU,325.25,2026-08-14,6,Put,275.00,-15.45%,0,0.1,0.2,538,150,3.59,60.29%,58.72%,-0.011568,2026-08-07
NFLX,74.14,2026-09-11,34,Put,68.00,-8.28%,0.66,0.7,0.75,922,257,3.59,33.41%,32.56%,-0.170953,2026-08-07
LRCX,311.35,2026-08-14,6,Call,360.00,-15.63%,1,1.15,1.39,648,181,3.58,71.17%,79.44%,0.08546,2026-08-07
AMD,483.36,2026-08-10,2,Put,455.00,-5.87%,0.77,0.9,0.99,737,206,3.58,61.55%,61.02%,-0.086072,2026-08-07
HTZ,2.27,2026-09-04,27,Call,4.00,-76.21%,0.15,0.16,0.25,1048,293,3.58,172.98%,238.09%,0.292182,2026-08-07
JPM,357.52,2026-11-20,104,Call,390.00,-9.08%,6.55,7.4,7.4,1274,356,3.58,21.19%,23.01%,0.274257,2026-08-07
TSLA,328.58,2026-08-21,13,Call,332.50,-1.19%,8.85,9.04,8.95,1344,375,3.58,41.95%,42.45%,0.4634,2026-08-07
AEP,125.73,2026-09-18,41,Put,125.00,-0.58%,2.5,3.25,4.4,2121,593,3.58,21.49%,23.02%,-0.450098,2026-08-07
AMAT,539.14,2027-06-17,313,Call,680.00,-26.13%,95,98.75,103,507,142,3.57,75.56%,70.07%,0.50397,2026-08-07
MU,877.57,2026-08-14,6,Put,850.00,-3.14%,20.85,21.32,22.6,3090,866,3.57,73.17%,76.81%,-0.352524,2026-08-07
SPCX,133.11,2026-08-14,6,Call,125.00,+6.09%,11.5,11.53,11.85,20513,5768,3.56,87.19%,103.39%,0.707154,2026-08-07
SPCX,133.11,2026-08-21,13,Put,129.00,-3.09%,7.35,7.46,7.5,513,144,3.56,87.19%,95.47%,-0.393544,2026-08-07
POET,8.91,2026-09-04,27,Call,10.00,-12.23%,0.66,0.75,0.78,562,158,3.56,115.17%,115.38%,0.419816,2026-08-07
SKHY,137.91,2026-08-21,13,Call,135.00,+2.11%,10.3,10.3,10.8,1429,401,3.56,85.24%,87.02%,0.587013,2026-08-07
ORCL,147.02,2026-08-21,13,Put,118.00,-19.74%,0.25,0.35,0.35,2084,585,3.56,70.71%,68.25%,-0.037735,2026-08-07
CRM,192.74,2026-08-14,6,Call,210.00,-8.96%,0.38,0.38,0.44,2106,591,3.56,48.87%,46.49%,0.080493,2026-08-07
TENX,13.44,2026-08-21,13,Put,10.00,-25.60%,4.3,4.32,5,6894,1941,3.55,550.27%,774.61%,-0.175198,2026-08-07
RKT,13.72,2027-01-15,160,Put,7.20,-47.52%,0.05,0.15,0.19,3101,877,3.54,60.12%,65.88%,-0.04166,2026-08-07
AXTI,88.58,2026-08-14,6,Call,105.00,-18.54%,2.1,2.2,2.45,673,190,3.54,137.59%,160.34%,0.235265,2026-08-07
BULL,7.32,2026-08-28,20,Call,7.00,+4.37%,0.55,0.7,0.88,708,200,3.54,73.18%,79.69%,0.634425,2026-08-07
USAR,19.33,2026-08-14,6,Call,25.00,-29.33%,0.09,0.13,0.13,1037,293,3.54,103.33%,133.45%,0.078636,2026-08-07
MU,877.57,2026-08-14,6,Call,890.00,-1.42%,29.2,29.75,30.5,1223,345,3.54,73.17%,78.56%,0.466731,2026-08-07
ABNB,178.07,2026-08-14,6,Call,180.00,-1.08%,2.5,2.6,2.73,1404,397,3.54,33.15%,37.69%,0.425984,2026-08-07
RDNT,72.39,2026-08-21,13,Put,60.00,-17.12%,0.25,0.8,1,896,254,3.53,59.52%,85.21%,-0.104798,2026-08-07
HTZ,2.27,2026-09-25,48,Call,2.50,-10.13%,0.41,0.53,0.53,1087,308,3.53,172.98%,169.03%,0.56236,2026-08-07
AVGO,427.76,2026-08-10,2,Call,430.00,-0.52%,2.97,3.55,3.75,1427,404,3.53,49.46%,34.42%,0.426298,2026-08-07
MSTR,100.01,2026-08-14,6,Put,99.00,-1.01%,3.15,3.24,3.4,1754,497,3.53,72.32%,74.37%,-0.436726,2026-08-07
TSLA,328.58,2026-08-10,2,Call,317.50,+3.37%,11.35,11.42,11.6,2193,621,3.53,41.95%,34.37%,0.914459,2026-08-07
SKHY,137.91,2026-08-14,6,Call,160.00,-16.02%,0.95,1,1.05,2538,718,3.53,85.24%,95.47%,0.125512,2026-08-07
RKLB,82.83,2026-08-28,20,Call,84.00,-1.41%,7.05,7.05,7.85,517,147,3.52,99.19%,102.30%,0.527685,2026-08-07
HOOD,93.29,2026-08-21,13,Put,84.00,-9.96%,0.94,1.05,1.1,712,202,3.52,62.53%,61.86%,-0.166807,2026-08-07
NBIS,187.97,2026-08-14,6,Call,190.00,-1.08%,14,14.1,14.3,1533,435,3.52,120.50%,156.41%,0.519807,2026-08-07
ASTS,71.94,2026-11-20,104,Call,75.00,-4.25%,13.5,14.35,14.8,3854,1096,3.52,103.71%,99.14%,0.581836,2026-08-07
BABA,128.41,2026-08-14,6,Put,122.00,-4.99%,0.38,0.58,0.78,1310,373,3.51,48.31%,41.15%,-0.158997,2026-08-07
AMPL,11.26,2026-10-16,69,Put,9.00,-20.07%,0.3,0.5,0.7,823,235,3.5,71.17%,78.04%,-0.198254,2026-08-07
SMR,9.82,2026-08-14,6,Put,9.50,-3.26%,0.29,0.31,0.33,1170,334,3.5,89.07%,92.00%,-0.365361,2026-08-07
FANG,188.04,2026-08-21,13,Put,175.00,-6.93%,0.85,1.22,1.4,1518,434,3.5,33.91%,38.72%,-0.152327,2026-08-07
JBL,341.22,2026-09-18,41,Put,300.00,-12.08%,7.3,7.5,8.9,705,202,3.49,53.75%,54.90%,-0.208654,2026-08-07
ZETA,26.64,2026-08-14,6,Call,28.50,-6.98%,0.26,0.29,0.34,716,205,3.49,64.59%,67.47%,0.232652,2026-08-07
TSLA,328.58,2026-08-17,9,Call,330.00,-0.43%,7.5,7.75,7.7,1041,298,3.49,41.95%,39.54%,0.49042,2026-08-07
BROS,53.01,2026-08-14,6,Put,52.00,-1.91%,0.65,0.8,0.9,1097,314,3.49,43.52%,45.62%,-0.356866,2026-08-07
HIMS,31.59,2026-09-18,41,Call,46.00,-45.62%,0.63,0.81,0.94,602,173,3.48,91.91%,97.50%,0.165018,2026-08-07
SE,113.43,2026-08-14,6,Call,120.00,-5.79%,3.7,3.95,4.35,1648,473,3.48,66.23%,113.82%,0.378719,2026-08-07
SKHY,137.91,2026-08-14,6,Call,150.00,-8.77%,2.3,2.3,2.45,2543,733,3.47,85.24%,91.72%,0.257591,2026-08-07
PLTR,172.01,2026-08-14,6,Call,175.00,-1.74%,3.45,3.51,3.6,15764,4541,3.47,51.17%,54.47%,0.419434,2026-08-07
NVDA,223.96,2026-08-14,6,Put,222.50,-0.65%,3.3,3.33,3.4,4052,1172,3.46,38.68%,35.78%,-0.430553,2026-08-07
PLTR,172.01,2026-08-14,6,Call,170.00,+1.17%,5.8,5.85,5.95,30112,8705,3.46,51.17%,54.28%,0.584067,2026-08-07
AI,10.22,2026-08-21,13,Call,11.50,-12.52%,0.08,0.12,0.14,547,158,3.46,74.47%,62.80%,0.177324,2026-08-07
AMD,483.36,2026-08-10,2,Put,465.00,-3.80%,1.91,2.02,2.14,695,201,3.46,61.55%,58.05%,-0.176969,2026-08-07
HTZ,2.27,2026-08-28,20,Call,3.50,-54.19%,0.13,0.2,0.21,895,259,3.46,172.98%,225.51%,0.290252,2026-08-07
MNDY,93.13,2026-08-21,13,Call,120.00,-28.85%,2.4,3.1,3.4,639,185,3.45,108.09%,147.43%,0.221405,2026-08-07
TSLA,328.58,2026-08-12,4,Call,352.50,-7.28%,0.57,0.6,0.6,845,245,3.45,41.95%,46.96%,0.081219,2026-08-07
BE,219.34,2026-08-14,6,Call,240.00,-9.42%,5.1,5.62,5.85,1120,326,3.44,106.51%,113.34%,0.293642,2026-08-07
TMUS,177.19,2026-08-14,6,Put,180.00,+1.59%,3.9,4.6,4.8,518,151,3.43,31.53%,30.03%,-0.649889,2026-08-07
USAR,19.33,2026-09-04,27,Call,25.00,-29.33%,0.55,0.53,0.7,546,159,3.43,103.33%,104.32%,0.225013,2026-08-07
SPCX,133.11,2026-08-14,6,Call,143.00,-7.43%,3.75,3.8,3.85,1257,366,3.43,87.19%,109.70%,0.331745,2026-08-07
IREN,41.23,2026-08-14,6,Call,40.50,+1.77%,2.59,2.67,2.75,1270,370,3.43,109.14%,108.88%,0.580067,2026-08-07
LUNR,16.4,2026-08-14,6,Call,15.50,+5.49%,1.65,1.72,1.8,835,244,3.42,121.19%,149.46%,0.653032,2026-08-07
HTZ,2.27,2026-08-14,6,Call,2.50,-10.13%,0.23,0.24,0.24,89071,26145,3.41,172.98%,278.02%,0.463787,2026-08-07
FISV,52.41,2026-08-14,6,Put,51.00,-2.69%,0.5,0.55,0.6,1030,303,3.4,40.73%,42.59%,-0.295866,2026-08-07
MU,877.57,2026-08-10,2,Put,775.00,-11.69%,0.3,0.35,0.4,1132,333,3.4,73.17%,81.28%,-0.017921,2026-08-07
AVGO,427.76,2026-08-10,2,Call,440.00,-2.86%,0.81,0.96,0.99,1194,351,3.4,49.46%,36.40%,0.152052,2026-08-07
DELL,453.77,2026-08-21,13,Call,570.00,-25.61%,2.42,2.52,2.47,1683,496,3.39,86.16%,81.71%,0.081552,2026-08-07
AMZN,274.48,2026-08-12,4,Call,277.50,-1.10%,2.15,2.36,2.38,2675,790,3.39,30.53%,30.64%,0.377234,2026-08-07
SPCX,133.11,2026-08-14,6,Call,150.00,-12.69%,2.37,2.4,2.41,31802,9394,3.39,87.19%,113.41%,0.228168,2026-08-07
IBM,237.28,2026-08-14,6,Put,225.00,-5.18%,0.84,1.06,1.37,595,176,3.38,38.38%,42.65%,-0.158238,2026-08-07
MU,877.57,2026-08-10,2,Put,890.00,+1.42%,22.9,23,26.4,696,206,3.38,73.17%,68.38%,-0.598586,2026-08-07
MU,877.57,2026-08-12,4,Call,950.00,-8.25%,6.45,6.7,6.85,799,237,3.37,73.17%,78.15%,0.177793,2026-08-07
MSFT,499.99,2026-08-12,4,Call,505.00,-1.00%,3.55,3.85,3.85,1006,299,3.36,28.24%,27.67%,0.374918,2026-08-07
TSLA,328.58,2026-09-04,27,Call,335.00,-1.95%,12.55,12.75,12.75,1182,352,3.36,41.95%,42.45%,0.465478,2026-08-07
GEV,990.32,2026-10-16,69,Put,850.00,-14.17%,30.2,33.7,37.1,616,184,3.35,53.14%,55.46%,-0.218231,2026-08-07
ALAB,334.17,2026-08-14,6,Call,350.00,-4.74%,10,10.89,14.85,657,196,3.35,99.67%,110.08%,0.400056,2026-08-07
IBRX,7.64,2026-08-21,13,Put,7.00,-8.38%,0.1,0.2,0.4,773,231,3.35,78.78%,92.75%,-0.276325,2026-08-07
TEAM,149.07,2026-09-18,41,Call,175.00,-17.39%,4.7,5.27,5.5,899,268,3.35,66.31%,66.46%,0.277584,2026-08-07
AMD,483.36,2026-08-10,2,Call,482.50,+0.18%,8.15,8.15,8.6,1139,341,3.34,61.55%,55.32%,0.527436,2026-08-07
GMAB,31.25,2026-09-18,41,Put,30.00,-4.00%,1.45,1.65,2.25,709,213,3.33,55.46%,60.56%,-0.374806,2026-08-07
UAMY,6.85,2026-08-14,6,Call,7.00,-2.19%,0.25,0.4,0.4,1814,545,3.33,110.14%,111.26%,0.469564,2026-08-07
DFTX,46.14,2026-09-18,41,Put,40.00,-13.31%,3.3,4.1,4.3,1022,308,3.32,130.74%,113.31%,-0.282611,2026-08-07
REAL,12.3,2026-11-20,104,Call,12.50,-1.63%,2,2.06,2.1,1185,357,3.32,70.89%,79.87%,0.579676,2026-08-07
SPCX,133.11,2026-08-14,6,Call,148.00,-11.19%,2.7,2.75,2.76,1489,449,3.32,87.19%,112.34%,0.254585,2026-08-07
SPCX,133.11,2026-08-14,6,Put,114.00,-14.36%,0.92,0.95,0.95,2067,623,3.32,87.19%,102.41%,-0.105604,2026-08-07
JNJ,259.24,2026-10-16,69,Call,260.00,-0.29%,10.35,11,11.5,4486,1353,3.32,23.12%,24.34%,0.519904,2026-08-07
META,592.1,2026-08-14,6,Call,595.00,-0.49%,9.45,9.95,10.2,1147,347,3.31,35.36%,36.47%,0.472224,2026-08-07
PYPL,59.07,2026-08-14,6,Put,58.00,-1.81%,0.32,0.41,0.49,1201,363,3.31,27.92%,28.10%,-0.295899,2026-08-07
MU,877.57,2027-09-17,405,Call,"2,400.00",-173.48%,62,66.51,69.85,511,155,3.3,73.17%,78.10%,0.224131,2026-08-07
META,592.1,2026-08-28,20,Call,675.00,-14.00%,1.86,1.95,2.09,608,184,3.3,35.36%,38.69%,0.083509,2026-08-07
ASTS,71.94,2026-08-14,6,Call,71.00,+1.31%,5.35,5.55,5.6,1265,383,3.3,103.71%,136.13%,0.565943,2026-08-07
RRGB,8.2,2026-08-21,13,Call,7.50,+8.54%,0.9,1.33,1.5,631,192,3.29,99.28%,135.11%,0.6853,2026-08-07
MU,877.57,2026-08-10,2,Put,860.00,-2.00%,9,9.48,10.1,2277,693,3.29,73.17%,66.11%,-0.329519,2026-08-07
NU,13.84,2026-08-28,20,Put,13.50,-2.46%,0.32,0.52,0.57,591,180,3.28,46.81%,47.83%,-0.384849,2026-08-07
SMCI,31.13,2026-11-20,104,Put,29.00,-6.84%,4.4,4.5,4.95,1319,402,3.28,95.30%,91.94%,-0.342179,2026-08-07
GOOGL,354.3,2026-08-14,6,Call,357.50,-0.90%,3.9,4.2,4.35,993,304,3.27,30.17%,30.20%,0.421304,2026-08-07
ALLY,43.72,2026-09-18,41,Put,43.00,-1.65%,1.05,1.09,1.2,1001,307,3.26,27.08%,25.52%,-0.40123,2026-08-07
TSLA,328.58,2026-08-14,6,Put,320.00,-2.61%,3.45,3.5,3.55,5052,1550,3.26,41.95%,42.38%,-0.300242,2026-08-07
SMCI,31.13,2026-08-14,6,Call,34.00,-9.22%,1.25,1.26,1.26,14087,4339,3.25,95.30%,145.48%,0.353303,2026-08-07
MU,877.57,2026-08-10,2,Call,955.00,-8.82%,1.04,1.18,1.17,520,160,3.25,73.17%,71.00%,0.057183,2026-08-07
FIVN,33.99,2026-09-18,41,Call,35.00,-2.97%,2.15,2.4,2.75,585,180,3.25,63.33%,62.29%,0.493643,2026-08-07
TSLA,328.58,2026-08-12,4,Put,312.50,-4.89%,0.93,1.02,0.97,675,208,3.25,41.95%,43.06%,-0.126362,2026-08-07
AAPL,313.33,2026-08-10,2,Put,315.00,+0.53%,2.83,2.8,3.1,2149,662,3.25,24.55%,22.13%,-0.621167,2026-08-07
GLXY,20.17,2026-08-14,6,Put,19.00,-5.80%,0.3,0.54,0.54,591,183,3.23,94.46%,88.76%,-0.278717,2026-08-07
B,43.68,2028-12-15,860,Call,55.00,-25.92%,7.75,9.1,10.55,758,235,3.23,47.41%,45.95%,0.525891,2026-08-07
WMT,111.85,2026-08-21,13,Call,126.00,-12.65%,0.2,0.25,0.28,1121,347,3.23,31.76%,40.53%,0.065965,2026-08-07
SERV,5.09,2026-08-14,6,Call,5.50,-8.06%,0.1,0.12,0.15,1736,537,3.23,97.78%,105.36%,0.30541,2026-08-07
IREN,41.23,2026-09-18,41,Call,43.00,-4.29%,5.1,4.9,5.55,709,220,3.22,109.14%,108.96%,0.531429,2026-08-07
SOUN,8.02,2026-08-21,13,Call,8.50,-5.99%,0.3,0.32,0.32,2828,878,3.22,78.85%,82.27%,0.386481,2026-08-07
CCOI,9.92,2026-09-18,41,Call,12.50,-26.01%,0.35,0.45,0.65,542,169,3.21,92.30%,96.02%,0.291798,2026-08-07
DIS,104.91,2026-08-21,13,Call,106.00,-1.04%,1.19,1.38,1.49,549,171,3.21,22.46%,22.96%,0.416306,2026-08-07
MNDY,93.13,2026-08-21,13,Put,90.00,-3.36%,8.2,8.3,9,552,172,3.21,108.09%,147.59%,-0.395196,2026-08-07
OXY,55.91,2027-06-17,313,Put,55.00,-1.63%,6,6.15,6.75,1001,312,3.21,35.06%,36.04%,-0.396364,2026-08-07
WRBY,26.46,2026-12-18,132,Call,40.00,-51.17%,1.35,1.4,1.65,3136,976,3.21,65.39%,75.39%,0.256494,2026-08-07
PLTR,172.01,2026-09-04,27,Put,155.00,-9.89%,2.95,3.05,3.1,568,178,3.19,51.17%,52.17%,-0.205662,2026-08-07
BMNR,18.82,2026-08-14,6,Put,18.50,-1.70%,0.55,0.58,0.6,1115,349,3.19,74.78%,76.31%,-0.409417,2026-08-07
QCOM,167.86,2026-08-14,6,Call,175.00,-4.25%,1.71,1.76,1.85,1868,585,3.19,51.12%,50.88%,0.273389,2026-08-07
MU,877.57,2026-08-10,2,Call,"1,000.00",-13.95%,0.18,0.24,0.24,5840,1828,3.19,73.17%,77.35%,0.012268,2026-08-07
AMZN,274.48,2026-08-14,6,Call,280.00,-2.01%,2.16,2.26,2.32,12878,4045,3.18,30.53%,31.11%,0.321173,2026-08-07
PTON,5.68,2027-01-15,160,Call,6.00,-5.63%,0.85,0.85,0.87,14232,4480,3.18,54.28%,63.63%,0.547994,2026-08-07
TSLA,328.58,2026-08-14,6,Call,350.00,-6.52%,1.45,1.46,1.49,24284,7627,3.18,41.95%,45.88%,0.150537,2026-08-07
SPCX,133.11,2026-08-14,6,Put,136.00,+2.17%,8.6,8.83,9,672,211,3.18,87.19%,106.24%,-0.534354,2026-08-07
HTZ,2.27,2026-09-11,34,Call,2.50,-10.13%,0.35,0.41,0.46,1093,344,3.18,172.98%,177.54%,0.539497,2026-08-07
PURR,6.81,2026-08-14,6,Call,6.50,+4.55%,0.35,0.45,0.75,532,168,3.17,95.88%,109.49%,0.657771,2026-08-07
ADBE,265.21,2026-08-14,6,Call,265.00,+0.08%,6.3,6.66,6.9,939,296,3.17,53.22%,47.33%,0.521204,2026-08-07
META,592.1,2026-08-10,2,Call,630.00,-6.40%,0.11,0.12,0.14,1062,335,3.17,35.36%,40.21%,0.019547,2026-08-07
INTC,101.65,2026-08-10,2,Call,104.00,-2.31%,0.88,0.91,0.95,3286,1037,3.17,73.87%,61.01%,0.315695,2026-08-07
KEEL,3.88,2026-08-14,6,Call,4.00,-3.09%,0.23,0.24,0.25,6828,2158,3.16,115.31%,146.70%,0.474185,2026-08-07
RIOT,20.52,2026-08-14,6,Put,22.00,+7.21%,1.78,2.14,2.56,528,167,3.16,100.06%,120.33%,-0.644944,2026-08-07
TSLA,328.58,2026-08-12,4,Call,310.00,+5.65%,19.05,19.37,19.65,619,196,3.16,41.95%,42.92%,0.907734,2026-08-07
SPCX,133.11,2027-02-19,195,Put,125.00,-6.09%,22.5,22.8,23.45,1269,402,3.16,87.19%,75.64%,-0.338174,2026-08-07
UUUU,14.14,2026-08-21,13,Call,17.00,-20.23%,0.15,0.22,0.24,2238,708,3.16,80.91%,90.98%,0.163663,2026-08-07
CVS,95.7,2026-11-20,104,Call,105.00,-9.72%,2.79,3.02,3.2,2166,688,3.15,28.27%,30.75%,0.318926,2026-08-07
MU,877.57,2026-08-10,2,Call,900.00,-2.56%,8.1,9.05,8.95,12741,4048,3.15,73.17%,66.47%,0.314019,2026-08-07
CRDO,249.89,2026-08-28,20,Put,170.00,-31.97%,0.5,1.3,1.65,612,195,3.14,105.37%,101.87%,-0.040715,2026-08-07
NBIS,187.97,2026-08-14,6,Call,195.00,-3.74%,12,12.5,12.55,877,279,3.14,120.50%,158.47%,0.469617,2026-08-07
GOOGL,354.3,2026-08-14,6,Put,335.00,-5.45%,0.47,0.53,0.59,2172,691,3.14,30.17%,31.79%,-0.079695,2026-08-07
META,592.1,2026-08-10,2,Put,575.00,-2.89%,0.63,0.71,0.79,1103,352,3.13,35.36%,32.03%,-0.104751,2026-08-07
CELH,27.77,2026-08-28,20,Call,30.00,-8.03%,0.75,0.78,0.81,2122,677,3.13,58.63%,61.02%,0.324373,2026-08-07
SMCI,31.13,2026-08-14,6,Call,31.50,-1.19%,2.07,2.08,2.12,13663,4366,3.13,95.30%,141.73%,0.511611,2026-08-07
RBLX,37.79,2026-08-21,13,Put,55.00,+45.54%,16.25,17.65,17.85,4760,1526,3.12,63.32%,145.20%,-0.891891,2026-08-07
AMZN,274.48,2026-08-12,4,Call,282.50,-2.92%,0.88,1.01,1.06,792,254,3.12,30.53%,31.26%,0.197203,2026-08-07
WULF,17.08,2026-08-14,6,Call,18.00,-5.39%,0.41,0.48,0.5,1309,420,3.12,91.17%,95.14%,0.347568,2026-08-07
MSFT,499.99,2026-08-10,2,Put,487.50,-2.50%,0.38,0.38,0.44,724,233,3.11,28.24%,25.96%,-0.091106,2026-08-07
AAPL,313.33,2026-08-12,4,Put,300.00,-4.25%,0.24,0.25,0.26,1472,474,3.11,24.55%,27.60%,-0.062899,2026-08-07
AXTI,88.58,2026-08-14,6,Call,100.00,-12.89%,3.2,3.35,3.7,2097,674,3.11,137.59%,163.49%,0.318841,2026-08-07
MDB,398.8,2026-12-18,132,Call,390.00,+2.21%,73.45,77.7,81.2,1001,323,3.1,75.65%,75.13%,0.620243,2026-08-07
TSLA,328.58,2026-08-14,6,Call,355.00,-8.04%,0.98,1.02,1.01,3826,1234,3.1,41.95%,47.06%,0.107136,2026-08-07
HOOD,93.29,2026-08-14,6,Put,94.00,+0.76%,3.3,3.3,3.5,611,198,3.09,62.53%,63.88%,-0.518319,2026-08-07
MU,877.57,2026-08-14,6,Put,400.00,-54.42%,0.01,0.15,0.02,1546,500,3.09,73.17%,183.36%,-0.00027,2026-08-07
SPCX,133.11,2026-08-14,6,Call,205.00,-54.01%,0.25,0.25,0.29,1556,504,3.09,87.19%,165.32%,0.026907,2026-08-07
GOOG,353.47,2026-08-14,6,Call,355.00,-0.43%,4.65,4.9,4.9,1745,564,3.09,29.74%,29.90%,0.46849,2026-08-07
INTC,101.65,2026-08-10,2,Put,97.00,-4.57%,0.34,0.4,0.43,564,183,3.08,73.87%,63.27%,-0.152284,2026-08-07
MSTR,100.01,2026-09-18,41,Put,200.00,+99.98%,99.55,100.2,100.45,1273,413,3.08,72.32%,95.29%,-0.99224,2026-08-07
RKLB,82.83,2026-08-14,6,Call,82.00,+1.00%,5.8,6.04,6.15,2016,654,3.08,99.19%,131.25%,0.558647,2026-08-07
NVDA,223.96,2026-08-12,4,Put,212.50,-5.12%,0.37,0.42,0.42,1866,607,3.07,38.68%,38.61%,-0.09213,2026-08-07
NOW,124.88,2026-08-14,6,Call,126.00,-0.90%,3.1,3.18,3.3,729,238,3.06,55.65%,57.68%,0.469829,2026-08-07
TEAM,149.07,2026-08-21,13,Call,150.00,-0.62%,6.8,7.5,8.1,1075,351,3.06,66.31%,69.49%,0.511169,2026-08-07
INTC,101.65,2026-09-11,34,Call,105.00,-3.30%,7.3,7.54,8.15,1195,391,3.06,73.87%,73.13%,0.491692,2026-08-07
CRWV,90.67,2026-11-20,104,Call,105.00,-15.80%,13.05,13.35,13.65,3183,1039,3.06,101.14%,93.95%,0.492017,2026-08-07
REPL,12.06,2026-08-14,6,Put,11.00,-8.79%,0.35,0.4,0.4,5124,1675,3.06,114.70%,135.47%,-0.267767,2026-08-07
META,592.1,2026-08-10,2,Call,625.00,-5.56%,0.16,0.19,0.22,793,260,3.05,35.36%,38.29%,0.029562,2026-08-07
ICE,150.3,2026-12-18,132,Put,140.00,-6.85%,5.3,5.5,5.6,1067,350,3.05,27.28%,29.38%,-0.296409,2026-08-07
AMD,483.36,2026-08-10,2,Put,485.00,+0.34%,8.4,8.75,9.3,617,203,3.04,61.55%,56.30%,-0.52259,2026-08-07
SPCX,133.11,2026-08-28,20,Call,152.50,-14.57%,5.25,5.25,5.4,696,229,3.04,87.19%,95.24%,0.31218,2026-08-07
LLY,1185.71,2026-09-18,41,Call,"1,620.00",-36.63%,0.09,0.88,1.3,850,280,3.04,33.00%,40.15%,0.013012,2026-08-07
RDW,13.59,2026-08-14,6,Call,13.50,+0.66%,0.75,0.78,0.85,1137,374,3.04,104.35%,108.37%,0.54839,2026-08-07
TSM,420.04,2026-09-18,41,Put,125.00,-70.24%,0.01,0.14,0.29,1437,473,3.04,40.65%,139.12%,-0.002262,2026-08-07
USAR,19.33,2026-08-14,6,Call,22.00,-13.81%,0.38,0.41,0.45,1708,562,3.04,103.33%,127.75%,0.240568,2026-08-07
TSLA,328.58,2026-08-14,6,Put,330.00,+0.43%,7.75,7.75,8,4320,1423,3.04,41.95%,42.97%,-0.516881,2026-08-07
TSLA,328.58,2026-08-12,4,Call,365.00,-11.08%,0.2,0.21,0.22,737,243,3.03,41.95%,52.60%,0.030461,2026-08-07
APP,346.8,2026-08-14,6,Call,350.00,-0.92%,9,9.95,11,775,257,3.02,60.16%,64.20%,0.474803,2026-08-07
ABNB,178.07,2027-03-19,223,Call,180.00,-1.08%,20.25,21.03,22.8,517,172,3.01,33.15%,36.94%,0.575915,2026-08-07
NFLX,74.14,2026-08-21,13,Put,95.00,+28.14%,19.05,21.1,22.4,530,176,3.01,33.41%,82.72%,-0.936871,2026-08-07
BETA,23.51,2026-09-18,41,Call,25.00,-6.34%,2,2.1,2.4,723,240,3.01,90.23%,88.09%,0.481472,2026-08-07
MU,877.57,2027-06-17,313,Call,"1,570.00",-78.90%,99.4,100.2,106.35,819,272,3.01,73.17%,77.74%,0.343828,2026-08-07
SPCX,133.11,2026-08-14,6,Call,172.50,-29.59%,0.65,0.65,0.71,882,293,3.01,87.19%,131.04%,0.07278,2026-08-07
NFLX,74.14,2026-09-18,41,Put,101.00,+36.23%,24.75,26.7,28.8,558,186,3,33.41%,47.98%,-0.987014,2026-08-07
XYZ,79,2026-08-14,6,Put,78.00,-1.27%,1.19,1.19,1.38,579,193,3,39.01%,43.77%,-0.395908,2026-08-07
NFLX,74.14,2027-01-15,160,Put,140.00,+88.83%,63.75,65.4,67.7,600,200,3,33.41%,56.82%,-0.976369,2026-08-07
ASTS,71.94,2026-08-21,13,Put,52.00,-27.72%,0.31,0.44,0.44,663,221,3,103.71%,114.23%,-0.052723,2026-08-07
NFLX,74.14,2026-09-18,41,Put,102.00,+37.58%,26.1,28.35,29.1,692,231,3,33.41%,68.17%,-0.907032,2026-08-07
NFLX,74.14,2026-09-18,41,Put,111.00,+49.72%,34.75,36.1,38.8,704,235,3,33.41%,60.06%,-0.988754,2026-08-07
CAR,142.18,2026-09-18,41,Put,650.00,+357.17%,502.5,508.5,512.9,724,241,3,59.82%,224.37%,-0.961177,2026-08-07
NFLX,74.14,2026-09-18,41,Put,105.00,+41.62%,28.75,30.5,32.85,744,248,3,33.41%,52.99%,-0.987878,2026-08-07
NFLX,74.14,2027-01-15,160,Put,122.00,+64.55%,45.75,47.65,49.85,750,250,3,33.41%,46.37%,-0.975845,2026-08-07
NFLX,74.14,2026-08-21,13,Put,94.00,+26.79%,17.8,19.5,21.05,780,260,3,33.41%,58.70%,-0.98887,2026-08-07
CAR,142.18,2027-01-15,160,Put,400.00,+181.33%,252.5,257.6,266.1,820,273,3,59.82%,102.87%,-0.909051,2026-08-07
CAR,142.18,2026-09-18,41,Put,330.00,+132.10%,182.6,190.9,196.1,856,285,3,59.82%,152.82%,-0.923203,2026-08-07
CAR,142.18,2026-09-18,41,Put,300.00,+111.00%,152.9,157.5,162.9,888,296,3,59.82%,107.11%,-0.98295,2026-08-07
CAR,142.18,2026-10-16,69,Put,380.00,+167.27%,232.8,238.7,243.1,1500,500,3,59.82%,114.06%,-0.982706,2026-08-07
NFLX,74.14,2026-08-21,13,Put,96.00,+29.48%,19.8,21.5,22.9,1616,539,3,33.41%,63.13%,-0.989487,2026-08-07
TSLA,328.58,2026-08-12,4,Put,322.50,-1.85%,3.15,3.1,3.25,1643,547,3,41.95%,42.51%,-0.326438,2026-08-07
NFLX,74.14,2026-09-18,41,Put,116.00,+56.46%,39.75,41.85,43.6,2190,730,3,33.41%,65.61%,-0.989335,2026-08-07
NFLX,74.14,2026-09-18,41,Put,110.00,+48.37%,34.3,35.65,36.85,2974,991,3,33.41%,58.92%,-0.988617,2026-08-07
RBLX,37.79,2027-01-15,160,Put,90.00,+138.16%,50.2,52.65,53.3,4780,1593,3,63.32%,90.82%,-0.900234,2026-08-07
BULL,7.32,2027-01-15,160,Put,25.00,+241.53%,15.55,16.7,18.75,5164,1721,3,73.18%,104.72%,-0.968834,2026-08-07
NFLX,74.14,2026-08-21,13,Put,99.00,+33.53%,22.9,24.9,26.4,548,183,2.99,33.41%,75.58%,-0.980307,2026-08-07
SPCX,133.11,2026-08-14,6,Call,121.00,+9.10%,14.15,14.45,15,2110,705,2.99,87.19%,105.17%,0.782102,2026-08-07
LITE,890.17,2026-08-14,6,Call,"1,200.00",-34.81%,3.2,3.4,4,626,210,2.98,102.15%,139.07%,0.056763,2026-08-07
NVDA,223.96,2027-09-17,405,Put,235.00,+4.93%,39.95,41.4,40.9,650,218,2.98,38.68%,41.08%,-0.438171,2026-08-07
LCID,7.04,2026-09-18,41,Put,10.00,+42.05%,3.25,3.25,3.45,1158,388,2.98,92.86%,128.48%,-0.725245,2026-08-07
FIG,23.29,2026-09-11,34,Call,27.00,-15.93%,0.72,1.13,1.38,1271,427,2.98,77.42%,80.33%,0.320509,2026-08-07
TSLA,328.58,2026-08-21,13,Put,312.50,-4.89%,3.9,3.89,4,1867,626,2.98,41.95%,41.97%,-0.245886,2026-08-07
OKLO,48.42,2026-08-14,6,Call,50.00,-3.26%,1.61,1.71,1.89,7009,2356,2.97,89.70%,97.34%,0.42459,2026-08-07
QCOM,167.86,2026-08-14,6,Put,155.00,-7.66%,0.49,0.63,0.79,662,223,2.97,51.12%,52.88%,-0.112545,2026-08-07
ORCL,147.02,2026-08-14,6,Call,167.50,-13.93%,0.31,0.35,0.39,693,233,2.97,70.71%,65.69%,0.066556,2026-08-07
NET,300.27,2026-09-18,41,Call,310.00,-3.24%,18.3,20.05,20,1294,435,2.97,57.32%,56.89%,0.480032,2026-08-07
RDW,13.59,2026-08-14,6,Call,14.00,-3.02%,0.55,0.55,0.65,1887,635,2.97,104.35%,111.33%,0.447201,2026-08-07
NVTS,13.89,2026-08-14,6,Call,14.00,-0.79%,0.7,0.75,0.8,2112,710,2.97,105.05%,112.27%,0.508497,2026-08-07
SNDK,1212.21,2026-08-14,6,Call,"1,800.00",-48.49%,0.35,0.4,0.45,1578,533,2.96,93.26%,121.00%,0.006827,2026-08-07
VZ,47.06,2026-12-18,132,Put,44.00,-6.50%,1.34,1.63,1.85,2755,932,2.96,24.62%,25.47%,-0.312976,2026-08-07
FCX,69.62,2026-08-14,6,Put,68.00,-2.33%,1.08,1.12,1.43,3089,1042,2.96,50.90%,56.01%,-0.355938,2026-08-07
IREN,41.23,2026-08-14,6,Call,45.00,-9.14%,0.99,1.02,1.02,8933,3019,2.96,109.14%,110.48%,0.293645,2026-08-07
WTI,3.43,2026-09-18,41,Call,4.50,-31.20%,0.05,0.14,0.2,500,170,2.94,87.61%,91.45%,0.234429,2026-08-07
MU,877.57,2026-08-14,6,Call,910.00,-3.70%,20.75,22.56,22.75,1142,388,2.94,73.17%,77.58%,0.378565,2026-08-07
NVDA,223.96,2026-08-10,2,Call,207.50,+7.35%,15.75,16.72,16.65,4608,1565,2.94,38.68%,63.71%,0.950085,2026-08-07
PLTR,172.01,2026-08-14,6,Put,150.00,-12.80%,0.25,0.25,0.26,9616,3267,2.94,51.17%,63.96%,-0.042955,2026-08-07
HONA,168.51,2026-08-21,13,Call,170.00,-0.88%,4.7,5.8,6.2,574,196,2.93,48.07%,47.64%,0.484601,2026-08-07
PLTR,172.01,2026-08-21,13,Put,157.50,-8.44%,1.67,1.69,1.76,837,286,2.93,51.17%,53.51%,-0.174956,2026-08-07
MQ,15.96,2026-08-21,13,Call,18.00,-12.78%,0,0.15,0.25,630,216,2.92,38.53%,57.23%,0.147359,2026-08-07
EVH,3.95,2027-01-15,160,Put,2.50,-36.71%,0.2,0.29,0.5,1004,344,2.92,97.12%,111.43%,-0.156742,2026-08-07
SPCX,133.11,2026-08-14,6,Call,130.00,+2.34%,8.65,8.75,8.9,31846,10892,2.92,87.19%,105.15%,0.597634,2026-08-07
BMNR,18.82,2026-08-14,6,Put,18.00,-4.36%,0.37,0.38,0.4,3664,1258,2.91,74.78%,77.11%,-0.306756,2026-08-07
MARA,10.09,2026-08-14,6,Put,10.00,-0.89%,0.39,0.41,0.42,8045,2764,2.91,87.50%,87.86%,-0.444243,2026-08-07
AMD,483.36,2026-08-10,2,Call,522.50,-8.10%,0.31,0.37,0.37,1487,511,2.91,61.55%,59.29%,0.04027,2026-08-07
BABA,128.41,2026-08-14,6,Call,131.00,-2.02%,1.71,1.75,1.9,793,273,2.9,48.31%,43.97%,0.37249,2026-08-07
PBR,17.96,2026-08-14,6,Call,18.50,-3.01%,0.12,0.13,0.16,1423,491,2.9,31.83%,36.88%,0.274461,2026-08-07
SNOW,330.49,2026-08-14,6,Call,350.00,-5.90%,2.49,2.69,2.84,2006,691,2.9,69.13%,53.47%,0.213642,2026-08-07
EIX,68.62,2026-08-21,13,Call,70.00,-2.01%,1,1.18,1.45,2963,1022,2.9,37.35%,35.40%,0.392685,2026-08-07
MU,877.57,2026-08-14,6,Put,750.00,-14.54%,2.31,2.41,2.49,4450,1536,2.9,73.17%,81.24%,-0.05874,2026-08-07
ANET,188.67,2026-08-14,6,Call,202.50,-7.33%,1.22,1.36,1.66,520,180,2.89,56.38%,59.44%,0.188787,2026-08-07
ANET,188.67,2026-08-14,6,Put,170.00,-9.90%,0.54,0.64,0.66,883,306,2.89,56.38%,61.38%,-0.08527,2026-08-07
NVDA,223.96,2026-09-04,27,Put,215.00,-4.00%,5.75,5.8,6,975,337,2.89,38.68%,41.55%,-0.331556,2026-08-07
TMC,4.57,2026-08-28,20,Call,0.50,+89.06%,3.75,4.01,4.5,1174,406,2.89,114.17%,631.47%,0.987371,2026-08-07
UEC,11.26,2026-08-14,6,Call,10.50,+6.75%,0.81,0.94,1,1431,496,2.89,71.88%,74.44%,0.784136,2026-08-07
SPCX,133.11,2026-08-14,6,Put,106.00,-20.37%,0.33,0.33,0.34,2823,976,2.89,87.19%,107.68%,-0.042477,2026-08-07
MSTR,100.01,2026-08-14,6,Call,100.00,+0.01%,3.8,3.88,3.95,17680,6144,2.88,72.32%,75.13%,0.522087,2026-08-07
HTZ,2.27,2026-08-21,13,Put,2.50,+10.13%,0.51,0.52,0.55,3150,1098,2.87,172.98%,228.35%,-0.50254,2026-08-07
NVDA,223.96,2026-08-12,4,Call,222.50,+0.65%,4,4.06,4.15,13292,4631,2.87,38.68%,34.86%,0.581999,2026-08-07
AA,50.17,2026-08-21,13,Call,53.00,-5.64%,0.7,0.96,1.15,528,184,2.87,51.76%,51.99%,0.308442,2026-08-07
NVDA,223.96,2026-08-17,9,Put,202.50,-9.58%,0.32,0.34,0.35,958,334,2.87,38.68%,40.95%,-0.053686,2026-08-07
SPCX,133.11,2026-08-14,6,Call,141.00,-5.93%,4.3,4.28,4.4,994,346,2.87,87.19%,108.94%,0.367587,2026-08-07
CHYM,29.1,2026-09-18,41,Call,32.50,-11.68%,0.8,0.95,1.15,1101,384,2.87,57.34%,54.61%,0.312245,2026-08-07
LRCX,311.35,2026-08-14,6,Call,320.00,-2.78%,7.6,8.59,9.6,2261,788,2.87,71.17%,76.73%,0.411395,2026-08-07
MU,877.57,2026-08-10,2,Put,770.00,-12.26%,0.24,0.23,0.34,610,213,2.86,73.17%,82.60%,-0.014932,2026-08-07
TTD,13.8,2027-03-19,223,Call,17.50,-26.81%,1.99,2.04,2.12,644,225,2.86,58.81%,72.89%,0.464412,2026-08-07
JOBY,8.64,2026-08-14,6,Put,8.50,-1.62%,0.22,0.3,0.32,767,268,2.86,73.47%,77.01%,-0.412984,2026-08-07
GOOG,353.47,2026-08-14,6,Call,357.50,-1.14%,3.6,3.85,4,1046,366,2.86,29.74%,30.29%,0.398088,2026-08-07
ONT,16.51,2027-01-15,160,Call,30.00,-81.71%,0,0.66,0.75,1000,351,2.85,82.04%,64.63%,0.126641,2026-08-07
AMZN,274.48,2026-08-14,6,Call,292.50,-6.57%,0.3,0.34,0.32,1040,365,2.85,30.53%,31.91%,0.064327,2026-08-07
BMNR,18.82,2026-08-14,6,Put,17.50,-7.01%,0.23,0.23,0.26,1642,576,2.85,74.78%,77.98%,-0.216967,2026-08-07
DELL,453.77,2026-08-14,6,Call,550.00,-21.21%,0.9,1,1,1073,378,2.84,86.16%,86.65%,0.047345,2026-08-07
AAPL,313.33,2026-08-10,2,Call,317.50,-1.33%,0.48,0.5,0.54,19091,6757,2.83,24.55%,20.38%,0.195764,2026-08-07
APA,37.63,2026-10-16,69,Call,45.00,-19.59%,0.45,0.78,0.85,513,181,2.83,42.68%,41.79%,0.187871,2026-08-07
SGML,11.38,2026-08-14,6,Call,12.50,-9.84%,0.1,0.32,0.4,711,251,2.83,97.50%,108.77%,0.274507,2026-08-07
AZN,161.42,2026-09-18,41,Put,160.00,-0.88%,5,5.28,5.4,1227,434,2.83,28.48%,26.91%,-0.447995,2026-08-07
WULF,17.08,2026-08-14,6,Put,18.00,+5.39%,1.32,1.42,1.45,1332,471,2.83,91.17%,90.60%,-0.659839,2026-08-07
GLW,165.68,2026-08-14,6,Put,155.00,-6.45%,2.11,2.2,2.45,1533,542,2.83,73.24%,76.11%,-0.230799,2026-08-07
MP,51.11,2026-08-28,20,Call,57.00,-11.52%,1.58,1.78,2,878,311,2.82,71.89%,80.27%,0.317036,2026-08-07
SPCX,133.11,2026-08-14,6,Put,117.00,-12.10%,1.36,1.42,1.4,2676,950,2.82,87.19%,101.95%,-0.145369,2026-08-07
SMCI,31.13,2026-08-14,6,Put,28.00,-10.05%,0.82,0.85,0.88,4328,1534,2.82,95.30%,135.91%,-0.242481,2026-08-07
CRWV,90.67,2026-08-14,6,Put,75.00,-17.28%,1.12,1.14,1.19,3398,1209,2.81,101.14%,142.47%,-0.12858,2026-08-07
IBM,237.28,2026-08-21,13,Call,215.00,+9.39%,20.05,22.19,22.75,6119,2174,2.81,38.38%,19.56%,0.995501,2026-08-07
CLSK,12.3,2026-08-14,6,Call,12.50,-1.63%,0.45,0.47,0.52,883,314,2.81,88.29%,90.93%,0.470117,2026-08-07
BABA,128.41,2026-08-14,6,Call,128.00,+0.32%,2.93,3.05,3.1,1780,634,2.81,48.31%,42.73%,0.534462,2026-08-07
BULL,7.32,2026-08-21,13,Call,7.00,+4.37%,0.59,0.63,0.66,793,283,2.8,73.18%,81.97%,0.646056,2026-08-07
TSLA,328.58,2026-08-12,4,Put,310.00,-5.65%,0.68,0.71,0.71,867,310,2.8,41.95%,43.74%,-0.096426,2026-08-07
IOVA,6.34,2026-12-18,132,Put,5.50,-13.25%,0.7,1,1.6,918,328,2.8,93.42%,112.90%,-0.286247,2026-08-07
AAOI,135.63,2026-08-14,6,Call,140.00,-3.22%,7.1,7.5,7.8,1547,553,2.8,121.20%,134.12%,0.462158,2026-08-07
SATL,5.52,2026-11-20,104,Call,9.00,-63.04%,0.4,0.45,0.55,1799,642,2.8,108.23%,110.43%,0.302887,2026-08-07
NVDA,223.96,2026-08-12,4,Put,217.50,-2.88%,1.02,1.06,1.09,2243,802,2.8,38.68%,36.43%,-0.213342,2026-08-07
IREN,41.23,2026-08-14,6,Put,32.00,-22.39%,0.1,0.15,0.15,6883,2465,2.79,109.14%,122.08%,-0.044482,2026-08-07
PDD,91.76,2026-09-18,41,Put,135.00,+47.12%,41.8,43.3,44.4,855,307,2.79,37.48%,61.76%,-0.97596,2026-08-07
GOOGL,354.3,2026-08-12,4,Call,367.50,-3.73%,0.68,0.8,0.86,1203,435,2.77,30.17%,30.89%,0.134887,2026-08-07
RIOT,20.52,2026-08-14,6,Put,18.50,-9.84%,0.38,0.41,0.45,1730,625,2.77,100.06%,116.26%,-0.219651,2026-08-07
SPCX,133.11,2026-08-14,6,Call,122.00,+8.35%,13.2,13.48,14,2569,927,2.77,87.19%,100.47%,0.772086,2026-08-07
HIMS,31.59,2026-08-14,6,Call,32.00,-1.30%,1.98,2.13,2.12,3001,1082,2.77,91.91%,137.97%,0.507541,2026-08-07
CELH,27.77,2027-03-19,223,Call,25.00,+9.97%,6.2,6.4,8.2,502,182,2.76,58.63%,66.56%,0.694622,2026-08-07
RVMD,205.15,2026-09-18,41,Call,210.00,-2.36%,12.9,13.43,15.5,540,196,2.76,56.33%,58.27%,0.499722,2026-08-07
MU,877.57,2026-08-10,2,Put,760.00,-13.40%,0.18,0.19,0.25,785,284,2.76,73.17%,86.12%,-0.010989,2026-08-07
SLS,12.01,2026-08-14,6,Call,14.00,-16.57%,0.35,0.45,0.55,791,287,2.76,210.48%,179.22%,0.291216,2026-08-07
ORLY,93.53,2026-09-18,41,Put,90.67,-3.06%,1.85,2,2.05,820,297,2.76,27.31%,26.89%,-0.334552,2026-08-07
BE,219.34,2026-08-14,6,Put,215.00,-1.98%,9.5,9.9,10.3,856,310,2.76,106.51%,108.11%,-0.414072,2026-08-07
GOOGL,354.3,2026-08-14,6,Call,367.50,-3.73%,1.35,1.59,1.59,6888,2492,2.76,30.17%,31.38%,0.190694,2026-08-07
TSLA,328.58,2026-08-10,2,Put,310.00,-5.65%,0.11,0.12,0.13,3050,1108,2.75,41.95%,42.24%,-0.029835,2026-08-07
RKLB,82.83,2026-08-14,6,Call,108.00,-30.39%,0.53,0.7,0.83,577,210,2.75,99.19%,148.93%,0.098339,2026-08-07
RDW,13.59,2026-08-14,6,Call,15.00,-10.38%,0.25,0.31,0.35,1159,421,2.75,104.35%,111.87%,0.270103,2026-08-07
MNR,12.96,2026-11-20,104,Call,12.50,+3.55%,0.45,0.81,2.8,565,206,2.74,41.99%,60.52%,0.562615,2026-08-07
AVGO,427.76,2026-08-10,2,Call,450.00,-5.20%,0.14,0.17,0.19,643,235,2.74,49.46%,37.48%,0.035391,2026-08-07
PBR,17.96,2027-01-15,160,Call,18.00,-0.22%,1.42,1.47,1.59,1001,365,2.74,31.83%,31.47%,0.542729,2026-08-07
SPCX,133.11,2026-08-21,13,Call,131.00,+1.59%,10.35,10.6,11,1869,681,2.74,87.19%,95.67%,0.573757,2026-08-07
VRT,272.4,2026-08-21,13,Put,265.00,-2.72%,9.25,10.04,10.55,2071,756,2.74,63.55%,66.32%,-0.385508,2026-08-07
AMZN,274.48,2026-08-12,4,Put,265.00,-3.45%,0.61,0.69,0.75,2274,831,2.74,30.53%,32.15%,-0.141882,2026-08-07
AAPL,313.33,2026-08-14,6,Call,312.50,+0.26%,4.25,4.39,4.5,10080,3678,2.74,24.55%,24.10%,0.547254,2026-08-07
PLTR,172.01,2026-08-21,13,Call,170.00,+1.17%,7.85,7.91,8,19758,7205,2.74,51.17%,52.50%,0.571912,2026-08-07
NVDA,223.96,2026-08-10,2,Call,220.00,+1.77%,4.4,4.6,4.7,26872,9854,2.73,38.68%,29.38%,0.799344,2026-08-07
F,13.98,2026-09-11,34,Call,14.50,-3.72%,0.25,0.29,0.3,670,245,2.73,32.72%,28.56%,0.350862,2026-08-07
B,43.68,2026-08-14,6,Call,44.00,-0.73%,1.11,1.17,1.19,855,313,2.73,47.41%,57.88%,0.477241,2026-08-07
BE,219.34,2026-08-21,13,Call,190.00,+13.38%,34.35,32.55,37.5,1011,370,2.73,106.51%,112.38%,0.785041,2026-08-07
GOOG,353.47,2026-08-14,6,Put,337.50,-4.52%,0.7,0.79,0.9,531,195,2.72,29.74%,30.91%,-0.115169,2026-08-07
SKHY,137.91,2026-08-21,13,Call,140.00,-1.52%,8,8.1,8.3,829,305,2.72,85.24%,86.88%,0.499247,2026-08-07
BMNR,18.82,2026-08-21,13,Put,17.50,-7.01%,0.5,0.52,0.57,1610,593,2.72,74.78%,78.74%,-0.284039,2026-08-07
MPT,4.7,2026-08-21,13,Put,4.50,-4.26%,0.05,0.11,0.11,4454,1636,2.72,42.33%,45.82%,-0.297002,2026-08-07
NVDA,223.96,2026-08-14,6,Put,217.50,-2.88%,1.6,1.63,1.69,4522,1670,2.71,38.68%,36.53%,-0.255146,2026-08-07
CIFR,17.18,2026-08-21,13,Call,17.50,-1.86%,1.21,1.3,1.37,571,211,2.71,108.59%,110.10%,0.508489,2026-08-07
CRM,192.74,2026-08-14,6,Put,185.00,-4.02%,1.35,1.52,1.52,658,243,2.71,48.87%,43.99%,-0.222971,2026-08-07
BE,219.34,2026-08-14,6,Call,230.00,-4.86%,7.8,8.49,9.55,761,281,2.71,106.51%,115.71%,0.404495,2026-08-07
MSFT,499.99,2026-08-14,6,Call,540.00,-8.00%,0.2,0.22,0.24,1129,417,2.71,28.24%,31.14%,0.028971,2026-08-07
SPCX,133.11,2026-08-14,6,Call,126.00,+5.34%,10.85,11,11.55,2489,917,2.71,87.19%,106.25%,0.682795,2026-08-07
TTD,13.8,2026-08-21,13,Put,13.00,-5.80%,0.25,0.25,0.28,518,192,2.7,58.81%,58.00%,-0.270731,2026-08-07
HTZ,2.27,2027-09-17,405,Call,5.00,-120.26%,0.64,0.8,0.87,592,219,2.7,172.98%,131.79%,0.562629,2026-08-07
ACHR,5.59,2026-08-21,13,Put,5.50,-1.61%,0.3,0.41,0.4,595,220,2.7,86.65%,95.11%,-0.426208,2026-08-07
SPCX,133.11,2026-08-14,6,Call,139.00,-4.42%,4.9,5,5,1179,436,2.7,87.19%,107.89%,0.405326,2026-08-07
AAOI,135.63,2026-08-21,13,Call,180.00,-32.71%,2.05,2.5,2.7,1222,453,2.7,121.20%,129.99%,0.152482,2026-08-07
NOW,124.88,2026-08-14,6,Call,135.00,-8.10%,0.77,0.81,0.85,1240,459,2.7,55.65%,59.66%,0.165352,2026-08-07
AEP,125.73,2026-09-18,41,Call,100.00,+20.46%,23.7,26,27.6,1624,602,2.7,21.49%,39.98%,0.96054,2026-08-07
SNAP,5.33,2028-01-21,531,Put,10.00,+87.62%,4.95,5.08,5.1,2601,964,2.7,52.70%,64.99%,-0.691703,2026-08-07
HTZ,2.27,2026-08-14,6,Put,2.00,-11.89%,0.13,0.13,0.14,20468,7615,2.69,172.98%,227.59%,-0.280387,2026-08-07
NN,16.31,2026-12-18,132,Call,18.00,-10.36%,3.9,4,4.3,23505,8747,2.69,121.68%,119.75%,0.59579,2026-08-07
PDD,91.76,2026-09-18,41,Put,130.00,+41.67%,36.8,38.35,39.4,656,244,2.69,37.48%,59.23%,-0.963262,2026-08-07
AMD,483.36,2026-11-20,104,Call,490.00,-1.37%,65.2,65.55,67.05,720,268,2.69,61.55%,65.11%,0.565951,2026-08-07
TSLA,328.58,2026-08-14,6,Put,322.50,-1.85%,4.35,4.3,4.45,1659,617,2.69,41.95%,42.61%,-0.35252,2026-08-07
NVDA,223.96,2026-08-12,4,Call,240.00,-7.16%,0.14,0.16,0.16,2272,845,2.69,38.68%,37.68%,0.042282,2026-08-07
MU,877.57,2026-08-12,4,Call,870.00,+0.86%,29.5,34.1,34,520,194,2.68,73.17%,75.71%,0.561142,2026-08-07
ZS,168.68,2026-08-14,6,Call,180.00,-6.71%,1.09,1.17,1.41,563,210,2.68,68.18%,55.76%,0.193656,2026-08-07
RGTI,17.94,2026-08-14,6,Call,19.50,-8.70%,0.21,0.44,0.43,648,242,2.68,91.94%,92.83%,0.262327,2026-08-07
AXTI,88.58,2026-09-18,41,Put,70.00,-20.98%,6.3,6.6,6.9,688,257,2.68,137.59%,134.58%,-0.225021,2026-08-07
META,592.1,2026-08-14,6,Put,510.00,-13.87%,0.08,0.12,0.17,894,335,2.67,35.36%,50.47%,-0.009478,2026-08-07
STLA,5.52,2026-08-21,13,Put,5.50,-0.36%,0.15,0.17,0.2,1264,473,2.67,46.42%,45.32%,-0.461324,2026-08-07
AAOI,135.63,2026-08-14,6,Put,115.00,-15.21%,1.55,2,2.1,554,208,2.66,121.20%,131.85%,-0.1437,2026-08-07
WDAY,179.64,2026-08-21,13,Put,155.00,-13.72%,0.65,0.82,0.85,599,225,2.66,65.69%,58.36%,-0.079956,2026-08-07
TEM,52.05,2026-08-14,6,Call,54.00,-3.75%,1.07,1.19,1.14,818,308,2.66,65.59%,70.59%,0.361434,2026-08-07
TSLA,328.58,2028-12-15,860,Put,230.00,-30.00%,34.65,35.5,36.25,2023,760,2.66,41.95%,50.92%,-0.17447,2026-08-07
CDE,17.39,2026-08-21,13,Call,19.00,-9.26%,0.35,0.36,0.4,7568,2844,2.66,66.82%,70.89%,0.278703,2026-08-07
SPCX,133.11,2026-08-14,6,Put,110.00,-17.36%,0.54,0.55,0.56,29546,11168,2.65,87.19%,104.11%,-0.066871,2026-08-07
VZ,47.06,2026-08-14,6,Put,46.50,-1.19%,0.33,0.37,0.43,853,323,2.64,24.62%,25.66%,-0.355603,2026-08-07
NFLX,74.14,2026-08-14,6,Call,75.00,-1.16%,0.91,0.91,0.94,14609,5524,2.64,33.41%,33.89%,0.409029,2026-08-07
OKLO,48.42,2026-08-14,6,Call,51.00,-5.33%,1.24,1.23,1.52,618,235,2.63,89.70%,96.33%,0.361738,2026-08-07
QBTS,20.76,2026-08-14,6,Call,21.50,-3.56%,0.57,0.66,0.75,935,355,2.63,87.26%,90.86%,0.406195,2026-08-07
AMPX,11.85,2026-08-14,6,Call,12.50,-5.49%,0.3,0.31,0.4,966,368,2.63,91.02%,99.51%,0.363117,2026-08-07
PLTR,172.01,2026-08-14,6,Put,147.00,-14.54%,0.18,0.19,0.22,1512,574,2.63,51.17%,68.40%,-0.032751,2026-08-07
QBTS,20.76,2026-08-14,6,Call,21.00,-1.16%,0.76,0.9,1,1775,675,2.63,87.26%,92.75%,0.487153,2026-08-07
SPCX,133.11,2026-08-14,6,Call,119.00,+10.60%,15.35,16,16.6,2412,918,2.63,87.19%,102.53%,0.821936,2026-08-07
NFLX,74.14,2026-08-14,6,Call,74.00,+0.19%,1.35,1.37,1.38,10126,3867,2.62,33.41%,33.56%,0.531612,2026-08-07
MSFT,499.99,2026-08-14,6,Put,497.50,-0.50%,5.5,5.52,6.3,615,236,2.61,28.24%,28.11%,-0.433503,2026-08-07
DJT,10.21,2026-08-14,6,Call,12.00,-17.53%,0.11,0.12,0.17,825,316,2.61,90.57%,123.14%,0.173473,2026-08-07
MU,877.57,2026-08-14,6,Put,860.00,-2.00%,24.8,25.5,26.75,1424,546,2.61,73.17%,76.63%,-0.397429,2026-08-07
V,362.5,2026-08-14,6,Call,365.00,-0.69%,2.26,2.4,2.87,1432,548,2.61,20.74%,19.41%,0.4033,2026-08-07
ACHR,5.59,2026-08-14,6,Put,5.50,-1.61%,0.28,0.3,0.32,647,249,2.6,86.65%,121.61%,-0.426525,2026-08-07
B,43.68,2026-08-14,6,Call,43.00,+1.56%,1.59,1.63,1.73,676,260,2.6,47.41%,57.92%,0.599693,2026-08-07
SNDK,1212.21,2026-08-14,6,Put,"1,100.00",-9.26%,19.5,20.72,20.9,1303,502,2.6,93.26%,102.71%,-0.209664,2026-08-07
GOOGL,354.3,2026-08-14,6,Call,362.50,-2.31%,2.41,2.5,2.6,1381,531,2.6,30.17%,30.68%,0.291867,2026-08-07
HTZ,2.27,2026-09-18,41,Call,4.00,-76.21%,0.21,0.21,0.22,7117,2753,2.59,172.98%,198.64%,0.304346,2026-08-07
MSFT,499.99,2026-09-18,41,Call,575.00,-15.00%,1.62,1.75,1.81,537,207,2.59,28.24%,28.33%,0.082273,2026-08-07
SPCX,133.11,2026-09-04,27,Call,155.00,-16.45%,5.9,6,6.15,662,256,2.59,87.19%,91.80%,0.317649,2026-08-07
EOSE,4.15,2026-09-11,34,Call,0.50,+87.95%,3.25,3.54,3.9,713,275,2.59,115.80%,329.40%,0.995486,2026-08-07
HOOD,93.29,2026-08-14,6,Call,106.00,-13.62%,0.28,0.31,0.34,875,338,2.59,62.53%,69.71%,0.084147,2026-08-07
CRWV,90.67,2026-08-14,6,Call,94.00,-3.67%,5.25,5.31,5.4,1243,479,2.59,101.14%,145.05%,0.461051,2026-08-07
TSLA,328.58,2026-08-10,2,Put,312.50,-4.89%,0.16,0.18,0.18,1378,533,2.59,41.95%,39.85%,-0.042555,2026-08-07
CMG,32.79,2026-08-14,6,Put,31.00,-5.46%,0.07,0.1,0.13,2528,977,2.59,36.97%,38.73%,-0.121766,2026-08-07
HOOD,93.29,2026-08-14,6,Call,101.00,-8.26%,0.69,0.76,0.84,788,306,2.58,62.53%,65.60%,0.185354,2026-08-07
SKHY,137.91,2026-10-16,69,Put,110.00,-20.24%,7.3,7.55,7.6,942,365,2.58,85.24%,86.27%,-0.209976,2026-08-07
SMCI,31.13,2026-08-14,6,Put,29.00,-6.84%,1.17,1.2,1.25,1196,463,2.58,95.30%,137.59%,-0.311025,2026-08-07
MU,877.57,2026-08-10,2,Call,860.00,+2.00%,25.2,29.05,29.1,3076,1194,2.58,73.17%,65.55%,0.671889,2026-08-07
OSCR,27.9,2026-08-14,6,Call,30.00,-7.53%,0.27,0.35,0.33,3651,1413,2.58,67.65%,68.99%,0.220779,2026-08-07
NVDA,223.96,2026-08-12,4,Call,227.50,-1.58%,1.77,1.81,1.86,5227,2028,2.58,38.68%,34.56%,0.342424,2026-08-07
AMZN,274.48,2026-08-14,6,Call,277.50,-1.10%,3,3.25,3.2,3214,1249,2.57,30.53%,31.04%,0.405123,2026-08-07
ORCL,147.02,2026-08-28,20,Call,152.50,-3.73%,5.8,6.02,6.35,547,213,2.57,70.71%,60.61%,0.428944,2026-08-07
HIMS,31.59,2026-08-14,6,Call,43.00,-36.12%,0.13,0.15,0.2,616,240,2.57,91.91%,150.17%,0.066522,2026-08-07
MU,877.57,2026-08-10,2,Put,750.00,-14.54%,0.11,0.16,0.2,792,308,2.57,73.17%,89.26%,-0.007913,2026-08-07
LYFT,17.46,2026-08-14,6,Call,18.00,-3.09%,0.25,0.24,0.3,1811,704,2.57,50.54%,54.65%,0.347812,2026-08-07
GOOG,353.47,2026-08-14,6,Call,360.00,-1.85%,2.82,2.94,3.1,2771,1077,2.57,29.74%,30.49%,0.33193,2026-08-07
ADBE,265.21,2026-10-16,69,Put,205.00,-22.70%,2.85,3.5,4.8,603,236,2.56,53.22%,55.26%,-0.11158,2026-08-07
MDB,398.8,2026-08-21,13,Call,620.00,-55.47%,0.01,0.12,0.92,669,261,2.56,75.65%,105.37%,0.01731,2026-08-07
SPCX,133.11,2027-01-15,160,Call,180.00,-35.23%,13.55,13.45,13.85,3965,1554,2.55,87.19%,76.51%,0.378571,2026-08-07
SPCX,133.11,2026-10-16,69,Call,205.00,-54.01%,3.95,4.05,4.15,5241,2054,2.55,87.19%,87.11%,0.175559,2026-08-07
SPCX,133.11,2026-08-21,13,Put,126.00,-5.34%,6,6.02,6.1,675,265,2.55,87.19%,94.81%,-0.343691,2026-08-07
BTG,5.03,2027-01-15,160,Call,6.00,-19.28%,0.4,0.4,0.45,2513,988,2.54,58.21%,55.83%,0.39262,2026-08-07
NVTS,13.89,2026-08-21,13,Call,13.00,+6.41%,1.52,1.64,1.88,8259,3257,2.54,105.05%,118.14%,0.660686,2026-08-07
WBD,26.78,2027-03-19,223,Call,30.00,-12.02%,0.65,0.76,1.04,15820,6222,2.54,16.58%,20.96%,0.321921,2026-08-07
BMNR,18.82,2026-08-14,6,Call,19.00,-0.96%,0.62,0.66,0.66,6207,2458,2.53,74.78%,74.65%,0.481739,2026-08-07
HOOD,93.29,2026-08-14,6,Put,86.00,-7.81%,0.6,0.63,0.65,1309,519,2.52,62.53%,64.40%,-0.150717,2026-08-07
NRGV,3.49,2026-08-21,13,Call,3.50,-0.29%,0.4,0.5,0.55,2227,885,2.52,158.75%,182.58%,0.566599,2026-08-07
CRWV,90.67,2026-08-14,6,Put,80.00,-11.77%,2.15,2.23,2.29,2807,1115,2.52,101.14%,141.27%,-0.216289,2026-08-07
JNJ,259.24,2026-10-16,69,Call,250.00,+3.56%,15.85,16.54,17.65,4444,1774,2.51,23.12%,25.16%,0.658461,2026-08-07
RIVN,16,2026-08-14,6,Call,16.50,-3.13%,0.2,0.21,0.21,6943,2767,2.51,52.36%,48.59%,0.32516,2026-08-07
ROKU,153.11,2026-09-18,41,Call,115.00,+24.89%,36.75,38.37,40.65,644,257,2.51,16.44%,40.91%,0.9856,2026-08-07
UWMC,1.28,2026-09-25,48,Call,1.5000,-17.19%,0.05,0.15,0.2,1011,403,2.51,92.97%,117.21%,0.402065,2026-08-07
SIRI,29.91,2026-09-18,41,Call,31.00,-3.64%,0.8,0.8,0.92,1967,783,2.51,33.49%,32.83%,0.392723,2026-08-07
MSFT,499.99,2026-10-16,69,Call,555.00,-11.00%,8.1,8.32,9,514,206,2.5,28.24%,29.55%,0.240264,2026-08-07
BE,219.34,2026-09-04,27,Put,170.00,-22.49%,5.65,6.01,6.4,656,262,2.5,106.51%,108.84%,-0.154571,2026-08-07
CORZ,21.01,2026-08-14,6,Call,21.50,-2.33%,0.64,0.69,0.69,771,308,2.5,79.43%,81.30%,0.435116,2026-08-07
PLTR,172.01,2026-09-04,27,Call,210.00,-22.09%,1.09,1.15,1.19,2116,848,2.5,51.17%,53.74%,0.101328,2026-08-07
LCID,7.04,2026-08-14,6,Call,7.00,+0.57%,0.27,0.32,0.37,2899,1158,2.5,92.86%,82.89%,0.544737,2026-08-07
SPCX,133.11,2026-08-14,6,Put,113.00,-15.11%,0.82,0.86,0.83,3331,1333,2.5,87.19%,102.91%,-0.09484,2026-08-07
AAPL,313.33,2026-08-17,9,Call,312.50,+0.26%,4.65,4.97,5,659,265,2.49,24.55%,21.75%,0.547105,2026-08-07
MU,877.57,2026-08-14,6,Put,900.00,+2.56%,45.5,46.26,47.95,1320,530,2.49,73.17%,76.24%,-0.581167,2026-08-07
OSCR,27.9,2026-08-21,13,Call,26.00,+6.81%,2.36,2.55,2.68,766,309,2.48,67.65%,65.99%,0.738621,2026-08-07
MU,877.57,2026-08-10,2,Call,915.00,-4.27%,4.9,5.3,5.85,815,328,2.48,73.17%,69.05%,0.215365,2026-08-07
AVGO,427.76,2026-08-28,20,Put,330.00,-22.85%,0.32,0.4,0.71,836,337,2.48,49.46%,57.71%,-0.022769,2026-08-07
NVO,47.26,2026-08-14,6,Call,48.00,-1.57%,0.47,0.49,0.53,1353,546,2.48,32.47%,33.95%,0.364143,2026-08-07
HIMS,31.59,2026-08-14,6,Call,34.00,-7.63%,1.34,1.4,1.46,2105,848,2.48,91.91%,143.91%,0.380925,2026-08-07
AAOI,135.63,2026-08-14,6,Put,105.00,-22.58%,0.45,0.62,0.75,526,213,2.47,121.20%,133.56%,-0.05663,2026-08-07
TSM,420.04,2026-08-14,6,Call,432.50,-2.97%,3.95,3.85,4.4,621,251,2.47,40.65%,41.33%,0.302817,2026-08-07
ABVX,130.93,2026-09-18,41,Put,100.00,-23.62%,0.65,1.93,2.2,1167,473,2.47,75.09%,67.58%,-0.093439,2026-08-07
IREN,41.23,2026-08-14,6,Call,47.00,-13.99%,0.58,0.63,0.64,2798,1133,2.47,109.14%,111.03%,0.199084,2026-08-07
ING,35.68,2026-08-21,13,Call,34.00,+4.71%,1.4,1.6,1.8,505,205,2.46,23.82%,17.32%,0.947727,2026-08-07
CRWD,214.42,2028-12-15,860,Put,105.00,-51.03%,15.55,16.3,16.9,542,220,2.46,60.61%,65.43%,-0.098559,2026-08-07
MU,877.57,2026-08-14,6,Put,760.00,-13.40%,2.98,3.15,3.2,904,368,2.46,73.17%,80.47%,-0.073376,2026-08-07
MU,877.57,2026-08-10,2,Put,900.00,+2.56%,28.75,29.73,34.3,798,326,2.45,73.17%,69.60%,-0.6778,2026-08-07
LAC,3.23,2028-01-21,531,Put,3.00,-7.12%,0.6,1,1.45,1510,616,2.45,73.86%,85.69%,-0.268075,2026-08-07
AAPL,313.33,2026-08-14,6,Put,302.50,-3.46%,0.73,0.71,0.79,2150,879,2.45,24.55%,26.15%,-0.13994,2026-08-07
GME,19.16,2026-08-14,6,Put,19.00,-0.84%,0.18,0.19,0.21,2311,943,2.45,36.93%,26.88%,-0.404088,2026-08-07
PL,23.93,2027-01-15,160,Put,27.00,+12.83%,7.7,7.9,8.1,4001,1634,2.45,100.95%,98.57%,-0.43802,2026-08-07
MU,877.57,2026-08-14,6,Call,900.00,-2.56%,24.85,25.56,26,4443,1815,2.45,73.17%,77.71%,0.421657,2026-08-07
PLTR,172.01,2026-08-14,6,Call,190.00,-10.46%,0.56,0.58,0.58,5770,2355,2.45,51.17%,57.89%,0.09764,2026-08-07
NVDA,223.96,2026-08-10,2,Call,217.50,+2.88%,6.3,6.75,6.85,8673,3552,2.44,38.68%,23.86%,0.953112,2026-08-07
SOUN,8.02,2026-08-14,6,Call,8.50,-5.99%,0.18,0.18,0.19,9940,4077,2.44,78.85%,89.02%,0.327412,2026-08-07
BILI,18.74,2026-08-21,13,Put,26.00,+38.74%,6.85,7.4,7.95,500,205,2.44,56.62%,119.40%,-0.911171,2026-08-07
SNDK,1212.21,2026-08-14,6,Put,"1,180.00",-2.66%,45.8,45.97,48.5,531,218,2.44,93.26%,101.77%,-0.391463,2026-08-07
CRM,192.74,2026-09-04,27,Put,170.00,-11.80%,2.53,3.1,3.15,537,220,2.44,48.87%,54.11%,-0.173795,2026-08-07
BE,219.34,2026-08-14,6,Call,220.00,-0.30%,11.8,12.58,12.5,641,263,2.44,106.51%,110.60%,0.5215,2026-08-07
AVGO,427.76,2026-08-14,6,Put,390.00,-8.83%,0.76,0.83,0.87,849,348,2.44,49.46%,49.36%,-0.066901,2026-08-07
ORCL,147.02,2026-12-18,132,Call,450.00,-206.08%,0.35,0.57,0.79,1201,493,2.44,70.71%,83.03%,0.024171,2026-08-07
COIN,153.6,2026-08-14,6,Put,149.00,-2.99%,3.15,3.32,3.5,2048,840,2.44,66.59%,69.08%,-0.347006,2026-08-07
COHR,379.13,2026-08-14,6,Put,250.00,-34.06%,0.25,0.36,0.7,578,238,2.43,104.07%,159.26%,-0.016015,2026-08-07
UNH,407.08,2026-09-04,27,Call,450.00,-10.54%,1.17,1.52,1.6,715,294,2.43,28.32%,27.56%,0.098996,2026-08-07
DVN,42.98,2027-06-17,313,Call,57.50,-33.78%,1.84,1.89,2.22,1125,463,2.43,35.15%,38.08%,0.260207,2026-08-07
META,592.1,2027-03-19,223,Call,650.00,-9.78%,59.1,59.4,60.2,2011,826,2.43,35.36%,41.84%,0.477469,2026-08-07
NVDA,223.96,2026-08-10,2,Call,212.50,+5.12%,10.75,11.75,11.65,4265,1757,2.43,38.68%,48.79%,0.930195,2026-08-07
SPCX,133.11,2026-08-14,6,Put,115.00,-13.61%,1.06,1.09,1.08,13699,5657,2.42,87.19%,102.29%,-0.118033,2026-08-07
SPCX,133.11,2026-08-21,13,Put,128.00,-3.84%,6.85,6.9,7,569,235,2.42,87.19%,95.00%,-0.376762,2026-08-07
SNDK,1212.21,2026-08-14,6,Call,"1,300.00",-7.24%,31,31.8,32,1462,605,2.42,93.26%,103.03%,0.323171,2026-08-07
RDW,13.59,2026-08-28,20,Call,10.00,+26.42%,3.6,3.68,3.9,518,215,2.41,104.35%,104.57%,0.916793,2026-08-07
ORCL,147.02,2026-08-14,6,Put,139.00,-5.46%,1.58,1.81,1.73,558,232,2.41,70.71%,63.05%,-0.230057,2026-08-07
MSFT,499.99,2026-09-04,27,Call,505.00,-1.00%,12.5,13.9,14.15,1020,424,2.41,28.24%,27.94%,0.473858,2026-08-07
AAPL,313.33,2026-08-12,4,Call,310.00,+1.06%,4.85,5.05,5.05,2345,975,2.41,24.55%,22.37%,0.685545,2026-08-07
TSLA,328.58,2026-08-14,6,Call,367.50,-11.84%,0.42,0.43,0.44,515,215,2.4,41.95%,51.41%,0.048836,2026-08-07
CDE,17.39,2027-09-17,405,Call,25.00,-43.76%,2.95,3.1,3.5,621,259,2.4,66.82%,70.96%,0.474238,2026-08-07
TSLA,328.58,2026-08-12,4,Put,290.00,-11.74%,0.09,0.1,0.12,710,296,2.4,41.95%,55.94%,-0.015073,2026-08-07
ZTS,72.66,2028-01-21,531,Call,50.00,+31.19%,26.5,27.27,30,715,298,2.4,36.65%,50.83%,0.806588,2026-08-07
AMZN,274.48,2026-08-14,6,Put,270.00,-1.63%,2.39,2.4,2.53,3915,1629,2.4,30.53%,31.54%,-0.330026,2026-08-07
RARE,25.91,2026-10-16,69,Put,20.00,-22.81%,1.15,3.28,4.1,3390,1418,2.39,127.92%,130.47%,-0.226526,2026-08-07
BMNR,18.82,2026-08-14,6,Call,20.50,-8.93%,0.21,0.22,0.22,4040,1687,2.39,74.78%,77.85%,0.211505,2026-08-07
EQX,11.58,2026-09-18,41,Put,10.00,-13.64%,0.2,0.3,0.35,860,360,2.39,59.25%,59.12%,-0.196058,2026-08-07
FF,5.09,2027-02-19,195,Call,5.00,+1.77%,1.1,1.15,1.35,2526,1057,2.39,83.11%,79.29%,0.634224,2026-08-07
CVNA,70.85,2026-09-18,41,Call,72.00,-1.62%,4.9,5.14,5.25,2895,1213,2.39,57.68%,57.70%,0.513945,2026-08-07
EPD,37.75,2026-12-18,132,Put,34.00,-9.93%,0.38,0.43,0.6,601,253,2.38,18.39%,19.92%,-0.185934,2026-08-07
AMD,483.36,2026-08-14,6,Put,445.00,-7.94%,3.25,4.1,4,729,306,2.38,61.55%,67.72%,-0.158171,2026-08-07
TSLA,328.58,2026-08-14,6,Put,307.50,-6.42%,0.95,0.95,0.99,1055,443,2.38,41.95%,43.16%,-0.108267,2026-08-07
BAC,63.17,2026-08-14,6,Call,63.00,+0.27%,0.74,0.75,0.76,6458,2715,2.38,20.53%,20.18%,0.551156,2026-08-07
PTON,5.68,2026-10-16,69,Call,6.00,-5.63%,0.4,0.43,0.44,15500,6531,2.37,54.28%,54.42%,0.466627,2026-08-07
CELH,27.77,2026-08-21,13,Call,26.00,+6.37%,2.16,2.25,3,595,251,2.37,58.63%,74.73%,0.707712,2026-08-07
UBER,75.02,2026-08-14,6,Call,78.00,-3.97%,0.37,0.37,0.41,1382,583,2.37,33.67%,35.58%,0.206657,2026-08-07
ORCL,147.02,2026-08-14,6,Put,138.00,-6.14%,1.37,1.41,1.48,1419,599,2.37,70.71%,63.26%,-0.204534,2026-08-07
CRSR,14.35,2026-09-18,41,Put,12.50,-12.89%,0.65,0.7,0.8,512,217,2.36,82.75%,83.26%,-0.258837,2026-08-07
VST,140.59,2026-08-14,6,Call,150.00,-6.69%,0.87,0.98,1.07,585,248,2.36,49.37%,54.27%,0.186865,2026-08-07
SNDK,1212.21,2026-08-14,6,Put,750.00,-38.13%,0.15,0.25,0.3,1329,562,2.36,93.26%,142.11%,-0.00318,2026-08-07
QCOM,167.86,2026-08-14,6,Call,180.00,-7.23%,0.82,0.99,0.99,1117,475,2.35,51.12%,52.35%,0.157783,2026-08-07
GMAB,31.25,2027-01-15,160,Call,40.00,-28.00%,0.4,2,3.3,2092,892,2.35,55.46%,52.62%,0.313448,2026-08-07
MU,877.57,2026-08-14,6,Put,855.00,-2.57%,22.75,23.2,25.1,888,380,2.34,73.17%,77.26%,-0.375391,2026-08-07
BULL,7.32,2026-08-14,6,Call,7.00,+4.37%,0.41,0.41,0.47,896,383,2.34,73.18%,66.81%,0.716243,2026-08-07
AGNC,10.84,2027-03-19,223,Call,11.00,-1.48%,0.41,0.43,0.5,2035,869,2.34,22.09%,16.15%,0.464847,2026-08-07
META,592.1,2026-08-28,20,Call,710.00,-19.91%,0.73,0.94,0.89,565,242,2.33,35.36%,41.69%,0.036425,2026-08-07
CRWD,214.42,2026-09-04,27,Call,220.00,-2.60%,11.5,12.85,14.4,665,286,2.33,60.61%,65.17%,0.483563,2026-08-07
ORCL,147.02,2026-08-28,20,Put,105.00,-28.58%,0,0.17,0.4,968,415,2.33,70.71%,73.53%,-0.020243,2026-08-07
SMCI,31.13,2026-08-14,6,Put,23.50,-24.51%,0.06,0.13,0.15,1056,453,2.33,95.30%,135.91%,-0.044196,2026-08-07
HTZ,2.27,2026-09-04,27,Call,2.50,-10.13%,0.35,0.4,0.4,2152,923,2.33,172.98%,187.27%,0.528064,2026-08-07
POET,8.91,2026-08-28,20,Put,6.50,-27.05%,0.1,0.18,0.2,625,269,2.32,115.17%,123.34%,-0.106926,2026-08-07
ORCL,147.02,2026-08-28,20,Call,150.00,-2.03%,7.05,7.16,7.3,5512,2379,2.32,70.71%,61.41%,0.476104,2026-08-07
SPCX,133.11,2026-08-14,6,Put,100.00,-24.87%,0.16,0.16,0.17,45794,19777,2.32,87.19%,114.71%,-0.021593,2026-08-07
MSTR,100.01,2026-08-14,6,Call,120.00,-19.99%,0.24,0.26,0.28,5202,2254,2.31,72.32%,86.64%,0.057102,2026-08-07
DJT,10.21,2026-11-20,104,Call,11.00,-7.74%,1.7,1.75,2.25,513,222,2.31,90.57%,103.52%,0.564043,2026-08-07
AMZN,274.48,2026-08-12,4,Put,275.00,+0.19%,3.6,3.5,3.95,553,239,2.31,30.53%,31.02%,-0.513003,2026-08-07
GEOS,5.85,2026-08-21,13,Put,5.00,-14.53%,0.05,0.1,0.15,720,312,2.31,139.71%,94.90%,-0.165341,2026-08-07
MSFT,499.99,2026-08-10,2,Put,490.00,-2.00%,0.58,0.65,0.73,2157,932,2.31,28.24%,25.31%,-0.136848,2026-08-07
MU,877.57,2026-08-14,6,Put,690.00,-21.37%,0.47,0.55,0.57,897,390,2.3,73.17%,88.16%,-0.01431,2026-08-07
BE,219.34,2026-09-04,27,Call,300.00,-36.77%,5.35,6,6.65,1212,528,2.3,106.51%,110.64%,0.189047,2026-08-07
IONQ,44.43,2026-08-14,6,Call,50.00,-12.54%,0.54,0.59,0.59,1948,847,2.3,90.85%,98.55%,0.192975,2026-08-07
INTC,101.65,2026-08-14,6,Call,105.00,-3.30%,2.6,2.66,2.69,12970,5636,2.3,73.87%,77.32%,0.392644,2026-08-07
AAPL,313.33,2026-08-14,6,Call,320.00,-2.13%,1.51,1.53,1.59,19501,8471,2.3,24.55%,24.61%,0.26274,2026-08-07
OKLO,48.42,2026-09-18,41,Call,70.00,-44.57%,1.2,1.23,1.28,5194,2269,2.29,89.70%,97.18%,0.169507,2026-08-07
TSM,420.04,2026-11-20,104,Call,530.00,-26.18%,9.7,10.11,10.95,551,241,2.29,40.65%,44.51%,0.205027,2026-08-07
CRCL,66.67,2026-08-14,6,Call,77.00,-15.49%,0.45,0.52,0.54,568,248,2.29,80.75%,94.08%,0.129445,2026-08-07
ERO,34.31,2027-01-15,160,Call,45.00,-31.16%,2.25,2.4,2.65,1084,473,2.29,57.44%,60.40%,0.331327,2026-08-07
GOOGL,354.3,2026-08-14,6,Put,330.00,-6.86%,0.22,0.26,0.31,2020,881,2.29,30.17%,32.88%,-0.042819,2026-08-07
AVGO,427.76,2028-01-21,531,Put,480.00,+12.21%,121.85,124.35,125.25,594,261,2.28,49.46%,50.50%,-0.439684,2026-08-07
SKHY,137.91,2026-08-14,6,Put,106.00,-23.14%,0.15,0.27,0.25,781,342,2.28,85.24%,109.67%,-0.025845,2026-08-07
MU,877.57,2026-08-10,2,Put,810.00,-7.70%,1.24,1.28,1.37,1227,539,2.28,73.17%,72.10%,-0.062845,2026-08-07
MSFT,499.99,2026-09-18,41,Put,495.00,-1.00%,15.35,15.57,16.25,1537,673,2.28,28.24%,28.39%,-0.428224,2026-08-07
MSTR,100.01,2026-08-14,6,Put,104.00,+3.99%,6.05,6.3,6.4,580,256,2.27,72.32%,75.73%,-0.636918,2026-08-07
CELH,27.77,2026-08-14,6,Call,24.00,+13.58%,2.5,4.3,4.95,798,352,2.27,58.63%,137.42%,0.821138,2026-08-07
BMNR,18.82,2026-08-14,6,Call,21.50,-14.24%,0.1,0.11,0.12,1030,454,2.27,74.78%,83.19%,0.117064,2026-08-07
VG,13.26,2026-08-14,6,Put,12.00,-9.50%,0.2,0.25,0.3,1157,509,2.27,75.76%,110.21%,-0.217521,2026-08-07
QCOM,167.86,2026-10-16,69,Call,230.00,-37.02%,2.06,2.25,2.47,1258,554,2.27,51.12%,56.16%,0.12335,2026-08-07
NBIS,187.97,2026-08-14,6,Call,200.00,-6.40%,10.25,10.4,10.5,2094,922,2.27,120.50%,157.73%,0.419662,2026-08-07
NVDA,223.96,2026-08-14,6,Call,222.50,+0.65%,4.85,4.95,5,10996,4850,2.27,38.68%,35.83%,0.570118,2026-08-07
F,13.98,2026-10-16,69,Put,12.00,-14.16%,0.14,0.17,0.17,8030,3553,2.26,32.72%,34.36%,-0.136644,2026-08-07
BMNR,18.82,2026-09-11,34,Call,18.00,+4.36%,2.03,2.17,2.32,607,269,2.26,74.78%,76.16%,0.626122,2026-08-07
GRPN,25.03,2026-08-21,13,Call,31.00,-23.85%,0.15,0.3,0.55,614,272,2.26,82.49%,100.81%,0.153271,2026-08-07
ARM,282.57,2026-08-28,20,Put,140.00,-50.45%,0.05,0.21,0.43,713,315,2.26,78.07%,132.20%,-0.007552,2026-08-07
GCT,53.25,2026-09-18,41,Call,60.00,-12.68%,1.15,1.45,2.4,1378,609,2.26,55.51%,56.53%,0.303869,2026-08-07
HTZ,2.27,2026-09-04,27,Call,3.00,-32.16%,0.27,0.27,0.31,1406,621,2.26,172.98%,207.55%,0.417989,2026-08-07
PCT,7.21,2026-09-18,41,Call,7.00,+2.91%,0.8,1.05,1.2,1413,625,2.26,95.94%,92.71%,0.604076,2026-08-07
AVGO,427.76,2026-09-04,27,Call,460.00,-7.54%,12.45,13.29,13.55,601,267,2.25,49.46%,53.38%,0.339817,2026-08-07
OKLO,48.42,2026-11-20,104,Call,45.00,+7.06%,10.7,10.85,11.1,989,439,2.25,89.70%,89.92%,0.661102,2026-08-07
INTC,101.65,2027-03-19,223,Call,165.00,-62.32%,9.6,9.8,10.2,1723,766,2.25,73.87%,78.41%,0.325681,2026-08-07
MU,877.57,2027-06-17,313,Call,"1,720.00",-96.00%,82.3,84.75,89.45,506,226,2.24,73.17%,77.78%,0.298702,2026-08-07
TSLA,328.58,2026-08-14,6,Put,282.50,-14.02%,0.1,0.11,0.12,516,230,2.24,41.95%,54.28%,-0.013422,2026-08-07
AMD,483.36,2026-08-10,2,Put,490.00,+1.37%,11.3,11.8,12,546,244,2.24,61.55%,55.29%,-0.621478,2026-08-07
PCT,7.21,2026-09-18,41,Call,9.00,-24.83%,0.2,0.35,0.45,556,248,2.24,95.94%,89.15%,0.281325,2026-08-07
MSFT,499.99,2026-08-14,6,Put,500.00,0.00%,6.8,7.11,7.25,2556,1139,2.24,28.24%,27.87%,-0.488884,2026-08-07
PFE,26.76,2026-08-14,6,Call,27.00,-0.90%,0.17,0.18,0.18,3704,1659,2.23,20.24%,20.57%,0.366948,2026-08-07
QS,6.08,2028-01-21,531,Put,4.00,-34.21%,0.71,1.04,1.29,4012,1802,2.23,81.68%,86.27%,-0.1679,2026-08-07
PLTR,172.01,2026-11-20,104,Put,125.00,-27.33%,3.7,3.81,3.85,5396,2425,2.23,51.17%,60.63%,-0.119339,2026-08-07
DELL,453.77,2026-08-14,6,Put,390.00,-14.05%,1.61,1.73,1.94,574,257,2.23,86.16%,85.89%,-0.075699,2026-08-07
AVGO,427.76,2026-08-10,2,Call,435.00,-1.69%,1.72,2,2.03,671,301,2.23,49.46%,36.09%,0.271347,2026-08-07
VSXY,98.54,2026-08-21,13,Put,95.00,-3.59%,2.95,3.29,3.5,969,435,2.23,76.68%,66.41%,-0.358194,2026-08-07
DOCS,27.4,2026-08-21,13,Call,40.00,-45.99%,0.15,0.18,0.2,1950,874,2.23,68.69%,124.08%,0.067708,2026-08-07
GOOGL,354.3,2026-08-14,6,Call,355.00,-0.20%,5,5.23,5.4,1197,538,2.22,30.17%,30.04%,0.492977,2026-08-07
BW,9.37,2026-09-18,41,Call,11.00,-17.40%,0.7,0.82,1.05,629,285,2.21,117.33%,114.21%,0.414176,2026-08-07
RLMD,4.94,2026-08-21,13,Put,5.00,+1.21%,0.25,0.3,0.5,720,326,2.21,92.78%,92.95%,-0.490187,2026-08-07
AMZN,274.48,2026-08-12,4,Call,272.50,+0.72%,4.45,4.84,4.95,943,426,2.21,30.53%,31.17%,0.598878,2026-08-07
QUBT,9.18,2026-08-14,6,Call,9.50,-3.49%,0.4,0.45,0.48,1669,755,2.21,97.45%,122.37%,0.445838,2026-08-07
GOOGL,354.3,2026-08-14,6,Put,350.00,-1.21%,3.35,3.3,3.6,2519,1142,2.21,30.17%,30.11%,-0.363965,2026-08-07
SE,113.43,2026-08-21,13,Call,120.00,-5.79%,4.45,4.6,4.95,2753,1245,2.21,66.23%,85.22%,0.396778,2026-08-07
CLMT,39.48,2026-08-21,13,Call,40.00,-1.32%,0.6,1.4,1.85,3464,1577,2.2,52.06%,49.80%,0.45859,2026-08-07
SPCX,133.11,2026-08-14,6,Call,135.00,-1.42%,6.3,6.35,6.55,22282,10114,2.2,87.19%,106.50%,0.48778,2026-08-07
MSTR,100.01,2026-08-14,6,Call,106.00,-5.99%,1.72,1.76,1.8,28944,13147,2.2,72.32%,77.00%,0.296697,2026-08-07
AAOI,135.63,2026-08-14,6,Call,145.00,-6.91%,5.3,5.8,6.5,817,371,2.2,121.20%,137.57%,0.386971,2026-08-07
B,43.68,2026-08-14,6,Call,45.00,-3.02%,0.72,0.81,0.81,2608,1188,2.2,47.41%,58.06%,0.359958,2026-08-07
CZR,30.15,2028-09-15,769,Call,25.00,+17.08%,4,6.35,8.45,554,253,2.19,20.96%,7.90%,0.993123,2026-08-07
LCID,7.04,2026-08-21,13,Call,7.50,-6.53%,0.27,0.26,0.31,833,381,2.19,92.86%,88.26%,0.386292,2026-08-07
AMD,483.36,2026-08-10,2,Call,520.00,-7.58%,0.39,0.45,0.45,926,422,2.19,61.55%,58.66%,0.048821,2026-08-07
BA,234.42,2028-06-16,678,Put,190.00,-18.95%,18.1,19.41,19.4,977,447,2.19,32.16%,33.99%,-0.229876,2026-08-07
CLSK,12.3,2026-08-14,6,Put,12.00,-2.44%,0.38,0.38,0.42,1033,472,2.19,88.29%,86.87%,-0.388998,2026-08-07
NKE,41.7,2026-08-14,6,Call,42.00,-0.72%,0.57,0.58,0.6,1480,676,2.19,35.03%,33.92%,0.442592,2026-08-07
CBRS,226.73,2027-06-17,313,Call,500.00,-120.53%,33,37.75,40,1593,727,2.19,117.63%,103.72%,0.37916,2026-08-07
CLSK,12.3,2026-08-21,13,Call,13.00,-5.69%,0.52,0.59,0.82,1831,837,2.19,88.29%,102.49%,0.427473,2026-08-07
PLTR,172.01,2026-09-18,41,Put,155.00,-9.89%,4.45,4.5,4.6,6601,3016,2.19,51.17%,51.39%,-0.238344,2026-08-07
MSTR,100.01,2026-09-18,41,Call,110.00,-9.99%,6,6.15,6.2,5038,2316,2.18,72.32%,72.78%,0.400766,2026-08-07
CRWD,214.42,2026-08-14,6,Put,205.00,-4.39%,2.3,2.39,2.5,840,385,2.18,60.61%,55.97%,-0.25163,2026-08-07
NVDA,223.96,2026-09-11,34,Call,260.00,-16.09%,1.47,1.53,1.58,1304,598,2.18,38.68%,39.06%,0.121643,2026-08-07
SPCX,133.11,2026-08-14,6,Put,107.00,-19.62%,0.37,0.37,0.38,2085,958,2.18,87.19%,106.48%,-0.047287,2026-08-07
BE,219.34,2026-08-14,6,Call,225.00,-2.58%,9.7,10.25,10.3,588,271,2.17,106.51%,110.75%,0.458484,2026-08-07
PBR,17.96,2026-08-14,6,Call,17.50,+2.56%,0.55,0.57,0.69,601,277,2.17,31.83%,37.45%,0.714834,2026-08-07
COHR,379.13,2026-09-18,41,Put,190.00,-49.89%,0,1.1,1.25,656,303,2.17,104.07%,100.13%,-0.012618,2026-08-07
ALKT,19.73,2026-12-18,132,Call,25.00,-26.71%,0.7,0.85,0.85,832,383,2.17,56.41%,47.38%,0.261199,2026-08-07
MRVL,218.72,2026-08-21,13,Call,225.00,-2.87%,10.45,10.67,11,859,396,2.17,88.41%,81.04%,0.45997,2026-08-07
TWLO,241.28,2026-09-18,41,Call,250.00,-3.61%,14,14.84,16.4,900,415,2.17,55.81%,57.43%,0.473453,2026-08-07
NFLX,74.14,2026-09-18,41,Put,63.00,-15.03%,0.27,0.27,0.29,6270,2885,2.17,33.41%,35.00%,-0.069564,2026-08-07
RKLB,82.83,2026-08-14,6,Call,100.00,-20.73%,1.23,1.28,1.3,5038,2332,2.16,99.19%,140.85%,0.171149,2026-08-07
MSFT,499.99,2026-10-16,69,Call,545.00,-9.00%,10.25,10.62,10.6,512,237,2.16,28.24%,29.09%,0.282653,2026-08-07
NVDA,223.96,2026-09-11,34,Put,220.00,-1.77%,8.4,8.6,8.85,861,399,2.16,38.68%,39.85%,-0.409968,2026-08-07
TSLA,328.58,2026-08-12,4,Call,355.00,-8.04%,0.45,0.47,0.48,1066,494,2.16,41.95%,47.93%,0.065713,2026-08-07
MU,877.57,2027-06-17,313,Call,"2,460.00",-180.32%,37.35,40.32,43.7,526,245,2.15,73.17%,79.22%,0.160396,2026-08-07
IONQ,44.43,2026-08-14,6,Call,42.00,+5.47%,3.4,3.55,3.7,754,350,2.15,90.85%,95.03%,0.701091,2026-08-07
NBIS,187.97,2026-08-21,13,Call,170.00,+9.56%,27.25,27.95,30.3,1025,477,2.15,120.50%,136.06%,0.700145,2026-08-07
CELH,27.77,2026-08-14,6,Call,28.50,-2.63%,0.58,0.67,0.91,1109,515,2.15,58.63%,73.97%,0.412963,2026-08-07
CRM,192.74,2026-08-14,6,Call,200.00,-3.77%,1.62,1.7,1.97,1495,694,2.15,48.87%,44.83%,0.271943,2026-08-07
RGTI,17.94,2026-08-14,6,Call,18.50,-3.12%,0.61,0.59,0.7,1679,780,2.15,91.94%,97.00%,0.428495,2026-08-07
AMD,483.36,2026-08-14,6,Call,530.00,-9.65%,2.98,3.2,3.25,2290,1067,2.15,61.55%,66.48%,0.151224,2026-08-07
MRVL,218.72,2026-08-14,6,Call,275.00,-25.73%,0.25,0.25,0.3,540,252,2.14,88.41%,91.17%,0.029021,2026-08-07
MSFT,499.99,2026-08-14,6,Put,467.50,-6.50%,0.43,0.46,0.5,563,263,2.14,28.24%,32.82%,-0.051746,2026-08-07
MGNI,24.72,2026-08-21,13,Call,28.00,-13.27%,0.4,0.5,0.5,630,294,2.14,54.45%,79.11%,0.226237,2026-08-07
DOCS,27.4,2026-09-18,41,Put,22.50,-17.88%,0.5,0.56,0.7,851,398,2.14,68.69%,68.68%,-0.16178,2026-08-07
KEEL,3.88,2026-08-14,6,Call,3.50,+9.79%,0.47,0.5,0.51,895,418,2.14,115.31%,135.25%,0.753208,2026-08-07
HUT,88.59,2028-01-21,531,Call,150.00,-69.32%,27.2,28.5,32,1680,785,2.14,101.29%,101.21%,0.5899,2026-08-07
TEAM,149.07,2026-08-21,13,Call,175.00,-17.39%,1.15,1.3,1.3,1803,844,2.14,66.31%,70.68%,0.130102,2026-08-07
SHAZ,49.79,2026-09-18,41,Call,60.00,-20.51%,3.5,4,4.5,2114,987,2.14,114.37%,110.38%,0.379014,2026-08-07
INTC,101.65,2026-08-21,13,Call,114.00,-12.15%,1.77,1.86,1.91,2398,1121,2.14,73.87%,75.33%,0.233369,2026-08-07
INTC,101.65,2026-08-10,2,Put,100.00,-1.62%,1.08,1.11,1.18,3002,1400,2.14,73.87%,61.96%,-0.350834,2026-08-07
TSLA,328.58,2026-08-14,6,Call,327.50,+0.33%,7.7,7.8,7.9,5231,2442,2.14,41.95%,42.60%,0.539242,2026-08-07
HTZ,2.27,2026-08-21,13,Call,3.00,-32.16%,0.2,0.21,0.22,19952,9340,2.14,172.98%,250.99%,0.363481,2026-08-07
AMD,483.36,2026-11-20,104,Put,105.00,-78.28%,0.01,0.15,0.35,513,241,2.13,61.55%,110.26%,-0.001834,2026-08-07
DOCS,27.4,2026-08-21,13,Call,37.50,-36.86%,0.15,0.25,0.35,540,253,2.13,68.69%,117.03%,0.096018,2026-08-07
SPCX,133.11,2026-09-04,27,Call,135.00,-1.42%,11.7,12.17,12.45,697,327,2.13,87.19%,88.51%,0.529069,2026-08-07
PLTR,172.01,2026-08-28,20,Call,195.00,-13.37%,1.89,1.93,1.95,965,452,2.13,51.17%,53.13%,0.176023,2026-08-07
AAPL,313.33,2026-08-10,2,Call,300.00,+4.25%,12.95,13.15,14.65,644,304,2.12,24.55%,43.98%,0.912647,2026-08-07
AAOI,135.63,2026-08-14,6,Put,120.00,-11.52%,2.8,3.01,3.2,711,336,2.12,121.20%,133.18%,-0.210229,2026-08-07
COIN,153.6,2026-08-14,6,Put,155.00,+0.91%,5.95,6.15,6.4,785,370,2.12,66.59%,69.61%,-0.520677,2026-08-07
NOW,124.88,2026-08-14,6,Call,140.00,-12.11%,0.32,0.34,0.36,934,441,2.12,55.65%,61.15%,0.079141,2026-08-07
AMD,483.36,2026-08-10,2,Call,515.00,-6.55%,0.65,0.7,0.73,1145,539,2.12,61.55%,58.42%,0.07494,2026-08-07
WEN,7.69,2026-11-20,104,Put,8.00,+4.03%,1,1.15,1.25,1155,544,2.12,58.31%,56.47%,-0.494266,2026-08-07
NBIS,187.97,2026-08-14,6,Call,250.00,-33.00%,1.95,2.06,2.06,2763,1304,2.12,120.50%,167.60%,0.1118,2026-08-07
RIOT,20.52,2026-09-18,41,Put,19.00,-7.41%,1.63,1.85,1.88,3014,1419,2.12,100.06%,94.05%,-0.339979,2026-08-07
CVX,186.56,2026-08-28,20,Call,195.00,-4.52%,1.18,1.41,1.72,734,348,2.11,26.80%,25.05%,0.233415,2026-08-07
OKLO,48.42,2026-11-20,104,Call,115.00,-137.51%,0.97,1.11,1.63,744,352,2.11,89.70%,108.59%,0.118295,2026-08-07
BMNR,18.82,2026-08-14,6,Put,19.00,+0.96%,0.79,0.82,0.86,1416,672,2.11,74.78%,76.20%,-0.517583,2026-08-07
C,135,2026-08-14,6,Put,130.00,-3.70%,0.39,0.46,0.45,587,280,2.1,29.04%,29.67%,-0.154169,2026-08-07
PLTR,172.01,2026-08-21,13,Put,146.00,-15.12%,0.5,0.51,0.55,643,306,2.1,51.17%,58.71%,-0.061061,2026-08-07
MU,877.57,2026-08-14,6,Put,880.00,+0.28%,34.25,34.4,36.05,754,359,2.1,73.17%,76.03%,-0.489954,2026-08-07
FIG,23.29,2026-08-14,6,Call,23.50,-0.90%,0.81,0.86,0.9,934,445,2.1,77.42%,79.43%,0.487485,2026-08-07
NTAP,189.52,2026-09-18,41,Call,200.00,-5.53%,10,11.2,12.4,1051,500,2.1,58.68%,60.37%,0.439696,2026-08-07
MSFT,499.99,2026-08-21,13,Put,495.00,-1.00%,8,8,8.35,1204,572,2.1,28.24%,28.53%,-0.409402,2026-08-07
KLAR,19.9,2027-01-15,160,Call,25.00,-25.63%,1.8,2.1,2.25,3415,1636,2.09,85.37%,67.72%,0.40239,2026-08-07
SOUN,8.02,2026-09-18,41,Put,10.00,+24.69%,1.98,2.29,2.62,521,249,2.09,78.85%,88.10%,-0.724366,2026-08-07
MU,877.57,2026-08-12,4,Call,"1,000.00",-13.95%,2.06,2.15,2.27,1144,547,2.09,73.17%,81.17%,0.06812,2026-08-07
INTC,101.65,2026-08-14,6,Call,106.00,-4.28%,2.23,2.24,2.35,1382,662,2.09,73.87%,76.96%,0.355593,2026-08-07
CLS,317.83,2026-09-18,41,Call,350.00,-10.12%,15.9,15.9,19,761,365,2.08,68.35%,68.37%,0.386636,2026-08-07
ENB,51.28,2026-08-21,13,Call,52.50,-2.38%,0.1,0.3,0.25,842,405,2.08,19.11%,15.51%,0.209201,2026-08-07
MU,877.57,2026-08-10,2,Put,880.00,+0.28%,17.35,17.45,21,1273,613,2.08,73.17%,69.43%,-0.509996,2026-08-07
SPCX,133.11,2026-08-14,6,Call,157.50,-18.32%,1.45,1.52,1.52,1661,798,2.08,87.19%,118.23%,0.15142,2026-08-07
AMD,483.36,2027-06-17,313,Call,850.00,-75.85%,39.4,40.55,41.45,554,267,2.07,61.55%,66.35%,0.28915,2026-08-07
UNH,407.08,2026-08-21,13,Put,385.00,-5.42%,1.36,1.29,1.98,589,285,2.07,28.32%,28.76%,-0.143837,2026-08-07
QS,6.08,2026-08-14,6,Call,6.50,-6.91%,0.09,0.11,0.11,2247,1086,2.07,81.68%,79.68%,0.275236,2026-08-07
MTUS,21.67,2026-08-21,13,Call,22.50,-3.83%,0.25,0.36,0.4,2630,1269,2.07,32.71%,39.46%,0.321608,2026-08-07
KO,87.05,2026-08-14,6,Call,87.00,+0.06%,0.76,0.82,0.91,3040,1470,2.07,18.85%,18.00%,0.517804,2026-08-07
HOOD,93.29,2026-10-16,69,Put,75.00,-19.61%,2.65,2.87,3.35,3128,1520,2.06,62.53%,66.50%,-0.178623,2026-08-07
LULU,128.58,2026-12-18,132,Put,300.00,+133.32%,169.85,171.9,172.7,3497,1700,2.06,52.63%,86.06%,-0.947643,2026-08-07
HIMS,31.59,2026-08-14,6,Put,31.00,-1.87%,1.75,1.94,2.1,512,249,2.06,91.91%,138.61%,-0.42163,2026-08-07
AMZN,274.48,2026-08-12,4,Call,290.00,-5.65%,0.21,0.23,0.28,814,395,2.06,30.53%,33.23%,0.060299,2026-08-07
REPL,12.06,2026-11-20,104,Call,20.00,-65.84%,0.2,0.75,0.9,853,414,2.06,114.70%,88.77%,0.209678,2026-08-07
IOVA,6.34,2026-08-14,6,Call,6.50,-2.52%,0.2,0.23,0.25,877,425,2.06,93.42%,90.39%,0.439595,2026-08-07
TSLA,328.58,2026-08-12,4,Call,322.50,+1.85%,8.95,9.5,9.65,755,369,2.05,41.95%,41.67%,0.676956,2026-08-07
HOOD,93.29,2026-09-04,27,Call,94.00,-0.76%,6,6.26,6.55,1115,544,2.05,62.53%,64.16%,0.523593,2026-08-07
SNDK,1212.21,2026-08-14,6,Call,"1,500.00",-23.74%,5.1,5.2,5.5,2772,1349,2.05,93.26%,109.15%,0.073814,2026-08-07
AAPL,313.33,2026-08-10,2,Call,320.00,-2.13%,0.2,0.24,0.26,17155,8380,2.05,24.55%,21.66%,0.09775,2026-08-07
UWMC,1.28,2026-09-11,34,Call,1.5000,-17.19%,0,0.1,0.1,682,335,2.04,92.97%,83.71%,0.280198,2026-08-07
HOOD,93.29,2028-01-21,531,Call,30.00,+67.84%,65,67.2,69.5,819,401,2.04,62.53%,78.60%,0.958465,2026-08-07
INTU,325.25,2026-09-18,41,Put,270.00,-16.99%,6.1,6.1,7.7,901,442,2.04,60.29%,65.13%,-0.165189,2026-08-07
DKNG,24.03,2026-08-14,6,Call,25.00,-4.04%,0.16,0.35,0.41,1933,948,2.04,54.77%,52.25%,0.291688,2026-08-07
MSFT,499.99,2026-08-10,2,Put,485.00,-3.00%,0.23,0.22,0.29,2041,1000,2.04,28.24%,26.80%,-0.060338,2026-08-07
RKLB,82.83,2026-08-14,6,Put,80.00,-3.42%,4.05,4.2,4.3,653,322,2.03,99.19%,132.10%,-0.384792,2026-08-07
MARA,10.09,2026-09-04,27,Put,9.00,-10.80%,0.42,0.45,0.48,613,304,2.02,87.50%,87.17%,-0.270762,2026-08-07
QXO,16.16,2026-08-14,6,Call,17.50,-8.29%,0.2,0.25,0.35,799,396,2.02,68.35%,88.68%,0.261534,2026-08-07
PFE,26.76,2026-08-21,13,Call,27.50,-2.77%,0.1,0.1,0.14,1089,540,2.02,20.24%,19.00%,0.221491,2026-08-07
RUN,10.2,2026-09-18,41,Call,10.00,+1.96%,1.11,1.19,1.27,1306,647,2.02,79.21%,79.25%,0.588256,2026-08-07
ERO,34.31,2027-01-15,160,Call,40.00,-16.58%,3,3.3,3.9,2002,993,2.02,57.44%,58.09%,0.435332,2026-08-07
UPS,104.5,2026-08-14,6,Call,105.00,-0.48%,1.02,1.15,1.23,2611,1295,2.02,26.40%,25.72%,0.444601,2026-08-07
AMZN,274.48,2026-08-10,2,Put,270.00,-1.63%,0.6,0.62,0.67,3351,1657,2.02,30.53%,27.31%,-0.202413,2026-08-07
PFE,26.76,2026-09-04,27,Call,27.00,-0.90%,0.43,0.44,0.5,3307,1642,2.01,20.24%,20.51%,0.435151,2026-08-07
PLTR,172.01,2026-08-14,6,Call,165.00,+4.08%,8.95,9.05,9.2,14274,7111,2.01,51.17%,54.43%,0.738822,2026-08-07
AMAT,539.14,2026-08-14,6,Put,420.00,-22.10%,0.57,0.98,0.98,504,251,2.01,75.56%,104.72%,-0.026761,2026-08-07
SPCX,133.11,2027-06-17,313,Call,185.00,-38.98%,20.35,19.6,22.15,517,257,2.01,87.19%,71.22%,0.453184,2026-08-07
GOOGL,354.3,2027-12-17,496,Put,330.00,-6.86%,37.35,38.4,39.35,1049,522,2.01,30.17%,35.84%,-0.322305,2026-08-07
NFLX,74.14,2026-08-14,6,Put,73.00,-1.54%,0.73,0.73,0.75,1948,969,2.01,33.41%,33.00%,-0.344796,2026-08-07
TER,379.31,2026-10-16,69,Put,300.00,-20.91%,16.9,20.1,20,641,320,2,82.14%,83.62%,-0.199552,2026-08-07
MSTR,100.01,2026-08-21,13,Call,102.00,-1.99%,4.4,4.53,4.75,892,445,2,72.32%,71.82%,0.472865,2026-08-07
RH,196.15,2026-09-18,41,Put,150.00,-23.53%,2.8,3.58,3.9,920,461,2,74.36%,77.39%,-0.119324,2026-08-07
COIN,153.6,2026-08-14,6,Call,167.50,-9.05%,1.42,1.46,1.52,969,485,2,66.59%,73.30%,0.192532,2026-08-07
PENG,58.43,2026-09-18,41,Put,40.00,-31.54%,0.75,1.01,1.55,1024,513,2,103.48%,104.09%,-0.101769,2026-08-07
AAPL,313.33,2026-08-14,6,Put,312.50,-0.26%,3.45,3.55,3.65,1096,548,2,24.55%,25.13%,-0.455458,2026-08-07
AAPL,313.33,2026-08-17,9,Call,315.00,-0.53%,3.5,3.6,3.75,2198,1098,2,24.55%,21.84%,0.454476,2026-08-07
MSFT,499.99,2026-08-10,2,Call,500.00,0.00%,3.15,3.34,3.55,4593,2297,2,28.24%,22.46%,0.506635,2026-08-07
TSLA,328.58,2026-08-10,2,Call,350.00,-6.52%,0.12,0.14,0.14,9969,5011,1.99,41.95%,45.10%,0.030821,2026-08-07
TSLA,328.58,2026-08-14,6,Call,382.50,-16.41%,0.19,0.19,0.21,548,275,1.99,41.95%,57.84%,0.022552,2026-08-07
FIGR,28.62,2026-08-14,6,Call,30.00,-4.82%,1.3,1.4,1.5,598,300,1.99,94.38%,134.17%,0.426884,2026-08-07
ADBE,265.21,2026-10-16,69,Put,230.00,-13.28%,8.2,8.65,9.1,731,368,1.99,53.22%,52.42%,-0.222046,2026-08-07
FWRD,19.35,2026-12-18,132,Call,25.00,-29.20%,1.1,1.8,2,1001,504,1.99,79.62%,71.59%,0.344346,2026-08-07
SPCX,133.11,2026-08-28,20,Call,145.00,-8.93%,6.9,7.15,7.25,1201,603,1.99,87.19%,92.70%,0.391001,2026-08-07
NFLX,74.14,2026-12-18,132,Call,91.00,-22.74%,2.09,2.46,2.74,1383,695,1.99,33.41%,40.29%,0.25233,2026-08-07
AMZN,274.48,2026-08-14,6,Put,245.00,-10.74%,0.12,0.15,0.16,1428,719,1.99,30.53%,45.29%,-0.023019,2026-08-07
AAOI,135.63,2026-08-14,6,Call,150.00,-10.60%,4.2,4.38,4.6,2488,1250,1.99,121.20%,136.58%,0.314123,2026-08-07
UL,62.96,2026-09-18,41,Put,62.50,-0.73%,1.35,1.35,1.45,562,284,1.98,20.70%,19.48%,-0.439228,2026-08-07
PLTR,172.01,2026-08-28,20,Call,205.00,-19.18%,0.95,0.99,1,708,358,1.98,51.17%,54.76%,0.098632,2026-08-07
GSM,4.49,2026-08-21,13,Call,4.00,+10.91%,0.3,0.68,0.95,715,361,1.98,82.01%,100.42%,0.760454,2026-08-07
LYFT,17.46,2026-08-14,6,Put,16.00,-8.36%,0.01,0.11,0.1,817,413,1.98,50.54%,53.69%,-0.094913,2026-08-07
BE,219.34,2026-08-14,6,Call,260.00,-18.54%,2,2.5,2.5,785,398,1.97,106.51%,116.02%,0.143455,2026-08-07
CELH,27.77,2026-08-14,6,Put,26.00,-6.37%,0.25,0.29,0.33,984,499,1.97,58.63%,66.94%,-0.207072,2026-08-07
HIMS,31.59,2026-08-14,6,Call,38.00,-20.29%,0.5,0.55,0.58,2348,1190,1.97,91.91%,144.56%,0.183795,2026-08-07
META,592.1,2026-08-10,2,Call,612.50,-3.45%,0.56,0.63,0.65,676,345,1.96,35.36%,33.58%,0.089609,2026-08-07
CVX,186.56,2026-08-14,6,Put,182.50,-2.18%,1.05,1.11,1.24,1114,569,1.96,26.80%,28.65%,-0.268462,2026-08-07
ORCL,147.02,2026-08-14,6,Put,135.00,-8.18%,0.81,0.87,0.88,1584,810,1.96,70.71%,63.04%,-0.135623,2026-08-07
CIFR,17.18,2026-08-14,6,Put,17.00,-1.05%,0.88,0.91,0.96,1638,836,1.96,108.59%,115.88%,-0.440985,2026-08-07
TSLA,328.58,2026-08-17,9,Call,350.00,-6.52%,2.01,2.1,2.16,1648,839,1.96,41.95%,42.12%,0.181825,2026-08-07
NVDA,223.96,2026-08-14,6,Call,210.00,+6.23%,14.45,14.57,14.7,16628,8474,1.96,38.68%,39.21%,0.905827,2026-08-07
AAPL,313.33,2026-08-14,6,Call,315.00,-0.53%,3.1,3.1,3.2,15179,7795,1.95,24.55%,23.99%,0.444343,2026-08-07
HOOD,93.29,2026-08-14,6,Put,93.00,-0.31%,2.82,2.9,3,751,386,1.95,62.53%,64.61%,-0.466191,2026-08-07
CLSK,12.3,2027-03-19,223,Call,15.00,-21.95%,2.3,2.9,3.2,971,497,1.95,88.29%,92.84%,0.548894,2026-08-07
CRWV,90.67,2026-08-14,6,Put,90.00,-0.74%,6.15,6.25,6.35,1661,853,1.95,101.14%,143.14%,-0.446375,2026-08-07
AMD,483.36,2026-08-12,4,Call,490.00,-1.37%,9.3,9.9,10,511,264,1.94,61.55%,62.07%,0.431962,2026-08-07
RDDT,161.7,2026-08-14,6,Put,155.00,-4.14%,2.49,2.64,2.99,564,290,1.94,62.91%,67.67%,-0.295564,2026-08-07
AAOI,135.63,2026-08-14,6,Call,180.00,-32.71%,0.7,0.75,0.9,608,313,1.94,121.20%,144.51%,0.076106,2026-08-07
AMD,483.36,2026-08-10,2,Put,470.00,-2.76%,2.83,3,3.15,1418,732,1.94,61.55%,56.66%,-0.24397,2026-08-07
XOM,153.04,2026-08-14,6,Call,160.00,-4.55%,0.43,0.46,0.49,7486,3858,1.94,29.22%,32.05%,0.144948,2026-08-07
NVDA,223.96,2026-08-14,6,Call,240.00,-7.16%,0.34,0.34,0.36,14716,7584,1.94,38.68%,36.68%,0.075461,2026-08-07
UBER,75.02,2026-08-14,6,Call,75.00,+0.03%,1.31,1.36,1.4,3780,1955,1.93,33.67%,34.48%,0.516605,2026-08-07
MU,877.57,2026-08-10,2,Call,880.00,-0.28%,15.85,16.24,17,5653,2935,1.93,73.17%,67.57%,0.489474,2026-08-07
AMC,2.59,2027-03-19,223,Put,2.50,-3.47%,0.63,0.69,0.77,743,385,1.93,97.38%,97.50%,-0.32936,2026-08-07
CIFR,17.18,2026-08-28,20,Call,20.00,-16.41%,0.74,0.85,0.92,784,406,1.93,108.59%,110.44%,0.325973,2026-08-07
SPCX,133.11,2026-08-21,13,Call,133.00,+0.08%,9.4,9.67,10.05,880,456,1.93,87.19%,95.86%,0.540689,2026-08-07
TNDM,22.38,2026-08-21,13,Call,23.00,-2.77%,0.8,1.09,1.5,1210,628,1.93,85.89%,83.61%,0.465682,2026-08-07
QBTS,20.76,2026-08-14,6,Call,23.00,-10.79%,0.13,0.28,0.33,1269,659,1.93,87.26%,85.82%,0.191911,2026-08-07
SKHY,137.91,2026-09-18,41,Call,140.00,-1.52%,14.8,14.84,15.2,1470,763,1.93,85.24%,85.20%,0.541688,2026-08-07
BE,219.34,2026-08-14,6,Put,165.00,-24.77%,0.42,0.46,0.51,1135,592,1.92,106.51%,125.40%,-0.031838,2026-08-07
MSTR,100.01,2026-08-28,20,Call,115.00,-14.99%,2.04,2.19,2.34,1154,602,1.92,72.32%,73.22%,0.236488,2026-08-07
SNDK,1212.21,2026-08-14,6,Put,900.00,-25.76%,1.3,1.52,1.45,1214,632,1.92,93.26%,117.09%,-0.019586,2026-08-07
GOOGL,354.3,2027-12-17,496,Call,455.00,-28.42%,34,35.61,36.15,547,287,1.91,30.17%,37.06%,0.402532,2026-08-07
PGNY,28.1,2026-08-21,13,Call,25.00,+11.03%,2.05,3.21,4.4,564,296,1.91,41.96%,46.13%,0.91944,2026-08-07
ZS,168.68,2026-09-18,41,Put,150.00,-11.07%,6.75,7.35,7.8,593,311,1.91,68.18%,70.64%,-0.264606,2026-08-07
AMD,483.36,2026-08-10,2,Call,487.50,-0.86%,5.85,6.02,6.35,834,436,1.91,61.55%,55.53%,0.427742,2026-08-07
BIDU,109.71,2026-09-18,41,Call,145.00,-32.17%,0.53,0.62,0.87,864,452,1.91,49.17%,55.12%,0.081554,2026-08-07
SMCI,31.13,2026-08-14,6,Call,30.50,+2.02%,2.42,2.51,2.6,1373,720,1.91,95.30%,137.94%,0.58216,2026-08-07
UAA,6.11,2026-08-21,13,Put,6.00,-1.80%,0.2,0.24,0.25,1909,999,1.91,54.20%,61.40%,-0.411418,2026-08-07
XOM,153.04,2026-08-14,6,Call,155.00,-1.28%,1.51,1.6,1.7,3434,1799,1.91,29.22%,31.14%,0.383901,2026-08-07
BULL,7.32,2027-01-15,160,Put,30.00,+309.84%,20.55,21.7,23.2,5164,2707,1.91,73.18%,118.38%,-0.971007,2026-08-07
RDDT,161.7,2026-08-28,20,Call,180.00,-11.32%,3.25,3.4,4,604,318,1.9,62.91%,63.98%,0.265058,2026-08-07
IOVA,6.34,2026-08-14,6,Call,6.00,+5.36%,0.1,0.45,0.55,661,348,1.9,93.42%,76.16%,0.732208,2026-08-07
LUNR,16.4,2026-08-14,6,Put,13.00,-20.73%,0.1,0.21,0.26,984,519,1.9,121.19%,157.17%,-0.104464,2026-08-07
SPCX,133.11,2026-08-14,6,Call,142.00,-6.68%,4,4,4.1,1634,858,1.9,87.19%,109.05%,0.348896,2026-08-07
AAPL,313.33,2026-08-10,2,Call,295.00,+5.85%,17.8,17.75,19.6,632,334,1.89,24.55%,52.97%,0.940806,2026-08-07
BULL,7.32,2026-08-14,6,Put,7.50,+2.46%,0.18,0.32,0.43,1083,573,1.89,73.18%,54.11%,-0.621555,2026-08-07
IONQ,44.43,2026-08-14,6,Call,43.00,+3.22%,2.84,2.95,3.05,1368,724,1.89,90.85%,95.76%,0.630343,2026-08-07
SPCX,133.11,2026-08-14,6,Call,138.00,-3.67%,5.15,5.25,5.35,2096,1111,1.89,87.19%,106.96%,0.424572,2026-08-07
SKHY,137.91,2026-08-14,6,Put,115.00,-16.61%,0.6,0.65,0.7,2125,1124,1.89,85.24%,103.55%,-0.075075,2026-08-07
OKLO,48.42,2026-09-18,41,Call,45.00,+7.06%,7.25,7.4,7.55,2805,1483,1.89,89.70%,87.09%,0.659543,2026-08-07
CBRS,226.73,2026-08-14,6,Call,215.00,+5.17%,19.4,23.93,26.6,555,296,1.88,117.63%,145.40%,0.648551,2026-08-07
NVDA,223.96,2026-08-12,4,Put,202.50,-9.58%,0.09,0.1,0.11,686,364,1.88,38.68%,48.96%,-0.022901,2026-08-07
STUB,8.95,2027-01-15,160,Call,15.00,-67.60%,0.35,0.45,0.45,1442,767,1.88,88.34%,71.49%,0.206442,2026-08-07
SPCX,133.11,2026-08-14,6,Call,170.00,-27.71%,0.74,0.77,0.78,6816,3626,1.88,87.19%,128.64%,0.081195,2026-08-07
TSLA,328.58,2026-08-14,6,Call,340.00,-3.48%,3.15,3.15,3.25,13703,7276,1.88,41.95%,43.97%,0.285236,2026-08-07
TSLA,328.58,2026-08-14,6,Put,310.00,-5.65%,1.27,1.28,1.3,6711,3581,1.87,41.95%,42.94%,-0.136806,2026-08-07
MU,877.57,2026-08-14,6,Call,990.00,-12.81%,5.3,5.54,5.6,594,317,1.87,73.17%,78.95%,0.128251,2026-08-07
AG,18.4,2026-09-18,41,Call,21.00,-14.13%,0.78,0.79,0.85,806,432,1.87,67.42%,68.81%,0.329254,2026-08-07
COIN,153.6,2026-08-14,6,Call,152.50,+0.72%,5.75,6.1,6.25,811,434,1.87,66.59%,68.82%,0.552647,2026-08-07
AMZN,274.48,2026-08-14,6,Put,255.00,-7.10%,0.25,0.31,0.35,2041,1089,1.87,30.53%,36.55%,-0.054117,2026-08-07
PFE,26.76,2027-03-19,223,Call,31.00,-15.84%,0.36,0.56,0.66,771,415,1.86,20.24%,22.87%,0.205375,2026-08-07
AXTI,88.58,2026-09-18,41,Call,150.00,-69.34%,3.6,3.9,4.1,1200,645,1.86,137.59%,143.79%,0.199479,2026-08-07
MSTR,100.01,2026-08-14,6,Put,87.00,-13.01%,0.3,0.38,0.44,1227,659,1.86,72.32%,79.51%,-0.077298,2026-08-07
MSFT,499.99,2026-08-10,2,Put,480.00,-4.00%,0.11,0.12,0.13,1256,674,1.86,28.24%,29.25%,-0.028579,2026-08-07
AMD,483.36,2026-08-10,2,Put,450.00,-6.90%,0.58,0.64,0.65,1488,799,1.86,61.55%,63.70%,-0.061279,2026-08-07
PEPG,2.85,2026-08-21,13,Call,2.00,+29.82%,0.35,0.95,1.35,2115,1136,1.86,179.94%,212.58%,0.861424,2026-08-07
INTC,101.65,2026-08-14,6,Call,101.00,+0.64%,4.3,4.4,4.45,3539,1900,1.86,73.87%,77.52%,0.547493,2026-08-07
NKE,41.7,2026-08-14,6,Put,41.50,-0.48%,0.57,0.61,0.63,631,342,1.85,35.03%,32.67%,-0.446092,2026-08-07
WOLF,32.87,2026-08-21,13,Call,35.00,-6.48%,2.72,3.05,3.1,652,352,1.85,133.43%,151.88%,0.47159,2026-08-07
HOOD,93.29,2026-08-14,6,Put,87.00,-6.74%,0.77,0.8,0.85,1167,632,1.85,62.53%,64.26%,-0.185391,2026-08-07
SPCX,133.11,2026-08-14,6,Call,118.00,+11.35%,16.05,16.55,17,1520,821,1.85,87.19%,96.54%,0.850906,2026-08-07
WMT,111.85,2026-08-21,13,Call,119.00,-6.39%,0.88,0.95,0.95,1721,928,1.85,31.76%,38.11%,0.208327,2026-08-07
AMD,483.36,2026-08-10,2,Put,440.00,-8.97%,0.25,0.28,0.33,2310,1247,1.85,61.55%,68.55%,-0.029972,2026-08-07
SPCX,133.11,2026-08-21,13,Put,127.00,-4.59%,6.4,7.2,6.6,684,371,1.84,87.19%,95.13%,-0.360329,2026-08-07
LCID,7.04,2026-08-14,6,Put,6.50,-7.67%,0.12,0.15,0.14,697,379,1.84,92.86%,96.50%,-0.238479,2026-08-07
AIRJ,5.92,2026-08-21,13,Call,8.00,-35.14%,0,0.1,1.25,1077,584,1.84,105.05%,277.81%,0.378357,2026-08-07
CDE,17.39,2026-08-14,6,Call,17.50,-0.63%,0.5,0.5,0.6,1132,616,1.84,66.82%,67.19%,0.490353,2026-08-07
INTC,101.65,2026-08-12,4,Put,95.00,-6.54%,0.79,0.86,0.94,511,279,1.83,73.87%,76.44%,-0.186862,2026-08-07
ORCL,147.02,2026-08-14,6,Put,136.00,-7.50%,1,1.07,1.09,602,329,1.83,70.71%,63.80%,-0.159207,2026-08-07
MARA,10.09,2026-09-11,34,Put,9.50,-5.85%,0.64,0.8,0.8,1067,583,1.83,87.50%,84.16%,-0.354205,2026-08-07
NVDA,223.96,2026-08-14,6,Put,230.00,+2.70%,7.65,7.7,7.8,1261,690,1.83,38.68%,35.21%,-0.712492,2026-08-07
V,362.5,2026-08-14,6,Call,367.50,-1.38%,1.49,1.64,2,1556,849,1.83,20.74%,19.63%,0.303962,2026-08-07
RIOT,20.52,2026-08-14,6,Call,25.00,-21.83%,0.15,0.19,0.24,1706,932,1.83,100.06%,125.62%,0.126744,2026-08-07
BE,219.34,2026-10-16,69,Call,310.00,-41.33%,15.6,16.8,17.25,1853,1013,1.83,106.51%,107.67%,0.312047,2026-08-07
WMT,111.85,2026-08-14,6,Call,112.00,-0.13%,1.3,1.32,1.35,2748,1500,1.83,31.76%,24.01%,0.494553,2026-08-07
SKHY,137.91,2026-08-14,6,Put,114.00,-17.34%,0.55,0.6,0.6,512,282,1.82,85.24%,104.21%,-0.067326,2026-08-07
DIS,104.91,2026-08-14,6,Call,106.00,-1.04%,0.79,0.85,0.87,688,378,1.82,22.46%,24.07%,0.376103,2026-08-07
AMD,483.36,2026-11-20,104,Call,480.00,+0.70%,69.55,69.85,71.1,790,434,1.82,61.55%,64.96%,0.589063,2026-08-07
NKE,41.7,2026-08-14,6,Call,42.50,-1.92%,0.39,0.41,0.44,1128,619,1.82,35.03%,34.77%,0.342652,2026-08-07
NU,13.84,2026-08-14,6,Call,15.00,-8.38%,0.15,0.15,0.17,4562,2500,1.82,46.81%,75.47%,0.218479,2026-08-07
ASTS,71.94,2026-08-14,6,Call,75.00,-4.25%,3.7,3.79,3.85,3631,2006,1.81,103.71%,137.09%,0.442054,2026-08-07
INTC,101.65,2026-08-10,2,Put,95.00,-6.54%,0.18,0.21,0.22,3642,2017,1.81,73.87%,67.70%,-0.08405,2026-08-07
NFLX,74.14,2026-08-14,6,Call,77.00,-3.86%,0.38,0.4,0.4,9086,5023,1.81,33.41%,35.14%,0.210571,2026-08-07
F,13.98,2026-08-14,6,Call,14.00,-0.14%,0.16,0.17,0.18,10563,5827,1.81,32.72%,25.22%,0.487588,2026-08-07
CRML,7.25,2026-08-28,20,Call,7.50,-3.45%,0.55,0.65,0.7,681,376,1.81,108.29%,107.35%,0.499454,2026-08-07
SOUN,8.02,2026-08-21,13,Call,9.50,-18.45%,0.11,0.12,0.13,927,513,1.81,78.85%,88.58%,0.1783,2026-08-07
CELH,27.77,2026-12-18,132,Put,20.00,-27.98%,0.7,1,1,1152,637,1.81,58.63%,62.13%,-0.136098,2026-08-07
AAOI,135.63,2026-08-14,6,Put,90.00,-33.64%,0.05,0.2,0.3,1201,664,1.81,121.20%,157.85%,-0.016578,2026-08-07
WDAY,179.64,2026-09-18,41,Call,180.00,-0.20%,14.5,16.25,18.3,1854,1022,1.81,65.69%,67.69%,0.548935,2026-08-07
SNDK,1212.21,2026-08-14,6,Call,"1,400.00",-15.49%,12.6,12.8,12.9,1975,1091,1.81,93.26%,104.71%,0.158333,2026-08-07
MU,877.57,2026-08-14,6,Call,885.00,-0.85%,30.9,31.9,32.7,510,284,1.8,73.17%,78.03%,0.488663,2026-08-07
PG,145.79,2026-08-14,6,Call,150.00,-2.89%,0.24,0.36,0.48,641,357,1.8,20.11%,22.35%,0.164637,2026-08-07
META,592.1,2026-08-14,6,Call,615.00,-3.87%,3.45,3.75,3.85,736,410,1.8,35.36%,37.62%,0.226145,2026-08-07
GOOGL,354.3,2026-08-12,4,Call,380.00,-7.25%,0.12,0.16,0.2,1122,625,1.8,30.17%,35.46%,0.031578,2026-08-07
ORCL,147.02,2026-08-14,6,Call,135.00,+8.18%,12.65,12.74,13.3,1159,644,1.8,70.71%,64.55%,0.859002,2026-08-07
B,43.68,2026-09-18,41,Call,48.00,-9.89%,1.13,1.2,1.33,1593,887,1.8,47.41%,46.74%,0.304949,2026-08-07
AMD,483.36,2026-08-14,6,Put,430.00,-11.04%,1.78,1.88,1.91,1827,1016,1.8,61.55%,70.21%,-0.088411,2026-08-07
TSLA,328.58,2026-08-12,4,Call,320.00,+2.61%,10.7,10.71,11.4,1864,1035,1.8,41.95%,41.83%,0.737384,2026-08-07
ECHO,90.04,2026-09-04,27,Call,120.00,-33.27%,0,0.28,0.65,2058,1142,1.8,56.85%,61.84%,0.053942,2026-08-07
AAPL,313.33,2026-08-10,2,Put,305.00,-2.66%,0.14,0.16,0.17,5240,2905,1.8,24.55%,24.12%,-0.063305,2026-08-07
INTC,101.65,2026-08-14,6,Call,110.00,-8.21%,1.27,1.27,1.32,15367,8521,1.8,73.87%,77.74%,0.230492,2026-08-07
AMD,483.36,2026-08-10,2,Call,500.00,-3.44%,2.35,2.41,2.52,4226,2366,1.79,61.55%,56.34%,0.215937,2026-08-07
PLTR,172.01,2026-08-14,6,Put,155.00,-9.89%,0.45,0.45,0.47,8772,4904,1.79,51.17%,58.72%,-0.076624,2026-08-07
EXK,9.54,2026-09-18,41,Call,12.50,-31.03%,0.15,0.21,0.25,576,321,1.79,76.07%,74.65%,0.174,2026-08-07
ASTS,71.94,2026-08-14,6,Call,82.00,-13.98%,1.87,1.95,2.1,743,415,1.79,103.71%,143.47%,0.268808,2026-08-07
CVNA,70.85,2026-08-14,6,Call,75.00,-5.86%,0.7,0.77,0.81,1594,891,1.79,57.68%,59.90%,0.243487,2026-08-07
INTC,101.65,2026-08-14,6,Put,100.00,-1.62%,3.1,3.13,3.25,2728,1528,1.79,73.87%,76.95%,-0.413067,2026-08-07
AMZN,274.48,2026-08-10,2,Call,190.00,+30.78%,83.4,84.24,86.5,522,293,1.78,30.53%,256.48%,0.978995,2026-08-07
MU,877.57,2026-08-12,4,Put,800.00,-8.84%,4.4,4.5,4.8,629,353,1.78,73.17%,79.34%,-0.123001,2026-08-07
DELL,453.77,2026-08-14,6,Put,400.00,-11.85%,2.61,2.81,3,733,412,1.78,86.16%,84.93%,-0.111771,2026-08-07
BMNR,18.82,2026-09-04,27,Call,21.00,-11.58%,0.79,0.7,0.94,743,417,1.78,74.78%,80.14%,0.351054,2026-08-07
NVTS,13.89,2026-08-14,6,Call,13.50,+2.81%,0.92,1.02,1.12,976,547,1.78,105.05%,115.12%,0.606736,2026-08-07
AVGO,427.76,2026-08-14,6,Call,480.00,-12.21%,0.2,0.29,0.4,1030,578,1.78,49.46%,47.03%,0.030568,2026-08-07
FVRR,9.42,2026-08-21,13,Call,10.00,-6.16%,0.1,0.2,0.3,1549,872,1.78,58.08%,58.18%,0.316454,2026-08-07
MU,877.57,2026-08-10,2,Put,840.00,-4.28%,4.4,4.45,4.7,1642,921,1.78,73.17%,67.94%,-0.184404,2026-08-07
TTD,13.8,2026-11-20,104,Call,25.00,-81.16%,0.24,0.27,0.3,2270,1275,1.78,58.81%,77.49%,0.114435,2026-08-07
COIN,153.6,2026-08-14,6,Call,155.00,-0.91%,4.8,4.9,5,9054,5083,1.78,66.59%,70.11%,0.480308,2026-08-07
KEEL,3.88,2026-08-14,6,Call,4.50,-15.98%,0.1,0.1,0.11,3800,2147,1.77,115.31%,151.94%,0.254436,2026-08-07
SPCX,133.11,2026-08-14,6,Call,149.00,-11.94%,2.53,2.55,2.58,538,304,1.77,87.19%,112.88%,0.241094,2026-08-07
RGTI,17.94,2027-06-17,313,Put,13.00,-27.54%,2.49,2.97,3.1,666,377,1.77,91.94%,92.42%,-0.202105,2026-08-07
SG,5.4,2026-08-14,6,Put,5.00,-7.41%,0.05,0.1,0.15,770,435,1.77,86.28%,94.79%,-0.242452,2026-08-07
NVDA,223.96,2026-08-21,13,Put,222.50,-0.65%,5.05,5.08,5.15,2058,1164,1.77,38.68%,35.15%,-0.442137,2026-08-07
SG,5.4,2026-09-18,41,Call,6.00,-11.11%,0.3,0.4,0.45,2434,1374,1.77,86.28%,81.94%,0.408562,2026-08-07
NVDA,223.96,2026-08-12,4,Put,210.00,-6.23%,0.25,0.26,0.28,2758,1554,1.77,38.68%,40.88%,-0.062659,2026-08-07
PLTR,172.01,2026-12-18,132,Put,185.00,+7.55%,29.45,30.3,29.75,705,401,1.76,51.17%,56.08%,-0.509395,2026-08-07
AGI,33.15,2026-08-21,13,Call,36.00,-8.60%,0.35,0.36,0.55,829,471,1.76,48.60%,55.38%,0.233784,2026-08-07
AMD,483.36,2026-08-10,2,Put,430.00,-11.04%,0.13,0.16,0.19,905,513,1.76,61.55%,75.05%,-0.016319,2026-08-07
CELH,27.77,2026-09-18,41,Call,25.00,+9.97%,3.45,3.84,4.3,1189,676,1.76,58.63%,60.88%,0.738102,2026-08-07
GOOG,353.47,2026-12-18,132,Call,460.00,-30.14%,4.4,4.65,4.7,1575,893,1.76,29.74%,34.44%,0.134346,2026-08-07
MSFT,499.99,2026-08-14,6,Call,505.00,-1.00%,4.85,5.4,5.25,1876,1066,1.76,28.24%,27.96%,0.402445,2026-08-07
TSLA,328.58,2026-08-14,6,Put,315.00,-4.13%,2.15,2.12,2.19,1993,1133,1.76,41.95%,42.55%,-0.208742,2026-08-07
JPM,357.52,2026-08-14,6,Call,365.00,-2.09%,1.07,1.01,1.29,1999,1136,1.76,21.19%,20.42%,0.221918,2026-08-07
MDLN,35.23,2026-09-18,41,Call,45.00,-27.73%,0,0.2,0.45,2001,1135,1.76,47.72%,50.00%,0.088168,2026-08-07
IREN,41.23,2026-08-14,6,Call,44.00,-6.72%,1.23,1.28,1.31,2379,1349,1.76,109.14%,110.09%,0.349776,2026-08-07
HOOD,93.29,2026-08-14,6,Call,110.00,-17.91%,0.14,0.16,0.17,3567,2033,1.75,62.53%,73.29%,0.044556,2026-08-07
INTC,101.65,2026-08-10,2,Call,101.00,+0.64%,2.13,2.2,2.24,5242,2997,1.75,73.87%,61.24%,0.566691,2026-08-07
AMC,2.59,2026-09-18,41,Put,2.50,-3.47%,0.27,0.27,0.3,13302,7611,1.75,97.38%,96.88%,-0.392411,2026-08-07
DKNG,24.03,2026-08-21,13,Call,22.00,+8.45%,2.08,1.93,2.67,730,416,1.75,54.77%,59.93%,0.801923,2026-08-07
CIFR,17.18,2026-11-20,104,Call,39.00,-127.01%,0.45,0.63,0.78,960,548,1.75,108.59%,112.41%,0.14731,2026-08-07
SPCX,133.11,2026-08-14,6,Put,112.00,-15.86%,0.7,0.73,0.73,2167,1237,1.75,87.19%,103.01%,-0.084141,2026-08-07
SMR,9.82,2026-09-04,27,Call,10.00,-1.83%,0.84,0.92,0.99,531,305,1.74,89.07%,92.42%,0.525546,2026-08-07
CBRS,226.73,2026-08-14,6,Call,300.00,-32.32%,2.75,3.1,3.4,637,366,1.74,117.63%,176.62%,0.131175,2026-08-07
LLY,1185.71,2026-09-18,41,Call,"1,640.00",-38.31%,0.28,0.48,1.03,731,419,1.74,33.00%,41.19%,0.012064,2026-08-07
CRDO,249.89,2026-08-14,6,Call,245.00,+1.96%,13.5,14.38,15.4,789,454,1.74,105.37%,93.01%,0.591101,2026-08-07
AVGO,427.76,2026-08-28,20,Put,340.00,-20.52%,0.55,0.59,0.86,858,494,1.74,49.46%,54.96%,-0.03137,2026-08-07
GOOG,353.47,2026-08-28,20,Put,315.00,-10.88%,0.61,0.65,0.72,1311,754,1.74,29.74%,32.32%,-0.056642,2026-08-07
CRWD,214.42,2026-08-14,6,Put,200.00,-6.73%,1.28,1.36,1.37,1366,787,1.74,60.61%,56.49%,-0.157469,2026-08-07
TSLA,328.58,2026-08-14,6,Put,335.00,+1.95%,10.85,10.75,11.05,1510,869,1.74,41.95%,43.68%,-0.621797,2026-08-07
NTR,64.42,2026-08-21,13,Call,67.50,-4.78%,0.3,0.6,0.6,1714,985,1.74,28.66%,30.56%,0.217624,2026-08-07
AMD,483.36,2026-09-04,27,Put,425.00,-12.07%,9.4,10.04,10.85,533,308,1.73,61.55%,63.65%,-0.199441,2026-08-07
PLTR,172.01,2026-08-14,6,Call,195.00,-13.37%,0.31,0.32,0.33,1708,988,1.73,51.17%,60.39%,0.057781,2026-08-07
NFLX,74.14,2026-08-14,6,Put,72.00,-2.89%,0.43,0.44,0.45,3070,1781,1.72,33.41%,33.08%,-0.234434,2026-08-07
STUB,8.95,2026-08-14,6,Call,9.00,-0.56%,0.5,0.6,0.65,505,293,1.72,88.34%,130.25%,0.521415,2026-08-07
META,592.1,2026-08-14,6,Put,580.00,-2.04%,5.45,5.65,5.9,921,536,1.72,35.36%,35.88%,-0.314891,2026-08-07
ORCL,147.02,2026-08-14,6,Put,137.00,-6.82%,1.16,1.23,1.28,932,541,1.72,70.71%,63.46%,-0.180735,2026-08-07
APLD,29.22,2026-08-14,6,Call,33.00,-12.94%,0.32,0.34,0.36,944,550,1.72,92.67%,97.21%,0.181663,2026-08-07
RKLB,82.83,2026-08-14,6,Put,75.00,-9.45%,2.19,2.25,2.33,1218,709,1.72,99.19%,131.35%,-0.24919,2026-08-07
AMD,483.36,2026-11-20,104,Put,450.00,-6.90%,45.5,46.7,47,1806,1053,1.72,61.55%,64.33%,-0.342883,2026-08-07
LCID,7.04,2026-11-20,104,Put,4.00,-43.18%,0.2,0.34,0.46,2006,1163,1.72,92.86%,119.95%,-0.111588,2026-08-07
MDLN,35.23,2026-09-18,41,Call,40.00,-13.54%,0.45,0.55,0.65,2132,1236,1.72,47.72%,41.82%,0.210071,2026-08-07
QCOM,167.86,2026-08-28,20,Call,180.00,-7.23%,3.6,3.8,3.9,516,301,1.71,51.12%,51.97%,0.30584,2026-08-07
NKE,41.7,2026-08-14,6,Call,41.50,+0.48%,0.81,0.82,0.92,534,312,1.71,35.03%,35.82%,0.550263,2026-08-07
RDW,13.59,2026-08-14,6,Call,13.00,+4.34%,1,1.05,1.15,1270,743,1.71,104.35%,108.66%,0.652691,2026-08-07
INTC,101.65,2026-08-10,2,Put,98.00,-3.59%,0.55,0.55,0.61,1874,1098,1.71,73.87%,63.38%,-0.210039,2026-08-07
NVDA,223.96,2026-08-17,9,Call,225.00,-0.46%,4.1,4.2,4.2,2529,1477,1.71,38.68%,32.51%,0.480063,2026-08-07
CPNG,16.23,2026-09-18,41,Call,17.00,-4.74%,0.68,0.8,0.79,3065,1789,1.71,46.18%,47.32%,0.425936,2026-08-07
TSLA,328.58,2026-09-11,34,Call,330.00,-0.43%,16.3,16.57,16.85,556,327,1.7,41.95%,41.79%,0.522751,2026-08-07
HOOD,93.29,2026-08-21,13,Call,106.00,-13.62%,0.86,0.99,1.11,561,330,1.7,62.53%,65.64%,0.168844,2026-08-07
AXTI,88.58,2026-08-14,6,Call,90.00,-1.60%,5.7,6.4,6.7,601,354,1.7,137.59%,150.53%,0.506847,2026-08-07
MRVL,218.72,2026-08-14,6,Call,212.50,+2.84%,12.5,12.8,13.1,656,385,1.7,88.41%,84.28%,0.627938,2026-08-07
PLTR,172.01,2026-08-28,20,Put,160.00,-6.98%,3.3,3.32,3.4,715,421,1.7,51.17%,52.02%,-0.251555,2026-08-07
CHTR,152.57,2026-08-21,13,Call,165.00,-8.15%,0.9,2.4,4.5,808,475,1.7,57.82%,60.53%,0.268527,2026-08-07
AVGO,427.76,2026-08-14,6,Call,430.00,-0.52%,8.5,9,9.15,1409,830,1.7,49.46%,44.72%,0.478511,2026-08-07
NVDA,223.96,2026-09-11,34,Call,250.00,-11.63%,2.57,2.74,2.9,1436,845,1.7,38.68%,38.51%,0.197243,2026-08-07
UBER,75.02,2026-08-14,6,Call,76.00,-1.31%,0.94,0.91,0.96,1862,1097,1.7,33.67%,35.40%,0.401244,2026-08-07
DJT,10.21,2026-08-21,13,Call,9.50,+6.95%,0.97,1.02,1.14,560,332,1.69,90.57%,84.96%,0.704656,2026-08-07
CRWD,214.42,2026-08-21,13,Put,197.50,-7.89%,2.5,3.06,3.1,604,358,1.69,60.61%,57.21%,-0.2044,2026-08-07
AIRJ,5.92,2027-02-19,195,Call,6.00,-1.35%,1.5,2,2.05,811,480,1.69,105.05%,104.35%,0.652358,2026-08-07
CRCL,66.67,2026-08-14,6,Call,85.00,-27.49%,0.12,0.14,0.15,850,503,1.69,80.75%,103.72%,0.039584,2026-08-07
FLY,26.71,2026-08-14,6,Call,30.00,-12.32%,0.95,0.95,1.2,865,513,1.69,120.77%,163.17%,0.327122,2026-08-07
UUUU,14.14,2026-08-14,6,Call,14.00,+0.99%,0.65,0.72,0.79,1020,602,1.69,80.91%,89.44%,0.559351,2026-08-07
MU,877.57,2026-12-18,132,Put,30.00,-96.58%,0.01,0.12,0.83,2066,1224,1.69,73.17%,229.41%,-0.000828,2026-08-07
TSLA,328.58,2026-08-21,13,Call,335.00,-1.95%,7.85,8,7.95,2552,1509,1.69,41.95%,42.58%,0.426785,2026-08-07
MU,877.57,2026-08-14,6,Call,950.00,-8.25%,10.8,11.85,11.8,2876,1700,1.69,73.17%,78.25%,0.231287,2026-08-07
WULF,17.08,2026-08-14,6,Call,19.00,-11.24%,0.18,0.25,0.27,3915,2319,1.69,91.17%,95.60%,0.203004,2026-08-07
RKLB,82.83,2026-08-14,6,Call,85.00,-2.62%,4.7,4.75,4.9,4061,2406,1.69,99.19%,135.31%,0.476509,2026-08-07
MU,877.57,2026-08-14,6,Call,"1,000.00",-13.95%,4.5,4.65,4.7,8300,4910,1.69,73.17%,79.62%,0.110739,2026-08-07
NU,13.84,2026-08-21,13,Put,14.00,+1.16%,0.65,0.69,0.91,15045,8967,1.68,46.81%,67.41%,-0.507565,2026-08-07
WULF,17.08,2026-08-21,13,Put,15.50,-9.25%,0.43,0.53,0.56,531,316,1.68,91.17%,88.18%,-0.262593,2026-08-07
OMER,13.25,2028-01-21,531,Call,7.00,+47.17%,7.7,8.12,10.5,547,325,1.68,96.19%,120.95%,0.886353,2026-08-07
EOSE,4.15,2026-09-04,27,Call,1.00,+75.90%,2.99,3.01,3.4,554,329,1.68,115.80%,333.17%,0.97865,2026-08-07
ABNB,178.07,2026-09-18,41,Call,190.00,-6.70%,3.3,3.25,3.7,566,336,1.68,33.15%,31.97%,0.304036,2026-08-07
MRVL,218.72,2026-08-14,6,Call,255.00,-16.59%,0.87,0.98,0.99,740,441,1.68,88.41%,84.85%,0.088337,2026-08-07
CIFR,17.18,2026-08-14,6,Call,18.00,-4.77%,0.66,0.72,0.72,1305,779,1.68,108.59%,116.33%,0.407462,2026-08-07
SKHY,137.91,2026-08-14,6,Put,135.00,-2.11%,4.9,5.09,5.1,1517,903,1.68,85.24%,91.50%,-0.403336,2026-08-07
EOG,134.74,2026-10-16,69,Put,125.00,-7.23%,2.5,3.2,3.3,515,309,1.67,31.22%,29.96%,-0.256545,2026-08-07
AMD,483.36,2026-08-10,2,Call,505.00,-4.48%,1.54,1.65,1.71,521,312,1.67,61.55%,56.95%,0.155482,2026-08-07
BE,219.34,2026-08-14,6,Put,172.50,-21.35%,0.65,0.76,1.08,569,341,1.67,106.51%,123.69%,-0.055059,2026-08-07
AVGO,427.76,2026-08-14,6,Put,375.00,-12.33%,0.17,0.29,0.39,661,395,1.67,49.46%,53.38%,-0.024739,2026-08-07
CRCL,66.67,2026-08-14,6,Call,74.00,-10.99%,0.79,0.84,0.9,819,491,1.67,80.75%,91.26%,0.20383,2026-08-07
COIN,153.6,2026-09-18,41,Call,760.00,-394.79%,0,0.11,0.42,1038,623,1.67,66.59%,176.53%,0.008226,2026-08-07
NET,300.27,2026-08-21,13,Put,250.00,-16.74%,0.75,1.07,1.25,1662,998,1.67,57.32%,65.36%,-0.059768,2026-08-07
TENB,36.38,2026-09-18,41,Put,30.00,-17.54%,0.5,0.55,0.85,3360,2014,1.67,65.72%,63.60%,-0.151827,2026-08-07
NOW,124.88,2026-10-16,69,Put,120.00,-3.91%,9.1,9.3,9.45,3603,2170,1.66,55.65%,56.21%,-0.379255,2026-08-07
UUUU,14.14,2026-08-21,13,Call,15.00,-6.08%,0.51,0.55,0.59,4685,2826,1.66,80.91%,83.04%,0.385839,2026-08-07
CMPS,13.54,2026-09-18,41,Call,15.00,-10.78%,0.75,0.83,0.85,5659,3405,1.66,75.04%,73.17%,0.390486,2026-08-07
MOD,195.6,2026-08-21,13,Call,210.00,-7.36%,4.2,6.1,7.3,1017,613,1.66,77.53%,75.20%,0.336842,2026-08-07
CIFR,17.18,2026-08-14,6,Call,21.00,-22.24%,0.1,0.14,0.23,1270,763,1.66,108.59%,127.46%,0.126441,2026-08-07
NFLX,74.14,2026-12-18,132,Call,46.00,+37.96%,27.3,29.24,31.3,511,310,1.65,33.41%,53.83%,0.953457,2026-08-07
DELL,453.77,2026-08-14,6,Call,450.00,+0.83%,20.8,22.15,22.15,651,395,1.65,86.16%,84.06%,0.55404,2026-08-07
BABA,128.41,2026-08-14,6,Call,127.00,+1.10%,3.4,3.5,3.65,657,399,1.65,48.31%,42.25%,0.591576,2026-08-07
LLY,1185.71,2026-09-11,34,Call,"1,640.00",-38.31%,0.1,0.39,0.38,710,431,1.65,33.00%,40.29%,0.005354,2026-08-07
AMD,483.36,2026-12-18,132,Call,490.00,-1.37%,73.35,72.45,75.3,862,521,1.65,61.55%,64.45%,0.577107,2026-08-07
CVNA,70.85,2026-08-14,6,Call,74.00,-4.45%,0.95,1.02,1.04,1132,688,1.65,57.68%,59.68%,0.300657,2026-08-07
COIN,153.6,2026-08-14,6,Put,150.00,-2.34%,3.55,3.72,3.9,2735,1654,1.65,66.59%,69.15%,-0.375405,2026-08-07
NVDA,223.96,2026-08-14,6,Put,210.00,-6.23%,0.48,0.49,0.5,11873,7202,1.65,38.68%,38.86%,-0.092328,2026-08-07
LUNR,16.4,2026-08-14,6,Call,17.00,-3.66%,0.99,1.1,1.1,503,306,1.64,121.19%,154.74%,0.468537,2026-08-07
ACHR,5.59,2026-09-18,41,Call,4.00,+28.44%,1.6,1.67,1.72,529,323,1.64,86.65%,76.90%,0.925586,2026-08-07
TMUS,177.19,2026-08-14,6,Call,182.50,-3.00%,0.85,1,1.15,557,340,1.64,31.53%,31.60%,0.240905,2026-08-07
COIN,153.6,2026-08-28,20,Call,150.00,+2.34%,11.15,11.7,11.75,587,359,1.64,66.59%,66.25%,0.596121,2026-08-07
ORCL,147.02,2026-08-14,6,Call,149.00,-1.35%,3.65,3.7,3.9,592,361,1.64,70.71%,61.78%,0.450331,2026-08-07
OKLO,48.42,2026-08-14,6,Call,49.50,-2.23%,1.71,2.16,2.04,666,405,1.64,89.70%,94.46%,0.453549,2026-08-07
FLY,26.71,2026-08-14,6,Call,25.00,+6.40%,2.75,2.72,3.3,776,472,1.64,120.77%,155.23%,0.668219,2026-08-07
CSCO,121.43,2026-08-14,6,Call,125.00,-2.94%,3.45,3.55,3.7,831,508,1.64,48.08%,81.73%,0.412591,2026-08-07
LAC,3.23,2028-01-21,531,Put,4.00,+23.84%,1.23,1.55,1.97,1500,914,1.64,73.86%,78.40%,-0.395438,2026-08-07
HTZ,2.27,2028-12-15,860,Call,10.00,-340.53%,0.6,0.8,2,1502,914,1.64,172.98%,154.40%,0.726109,2026-08-07
INTC,101.65,2026-08-10,2,Call,108.00,-6.25%,0.18,0.22,0.23,1681,1025,1.64,73.87%,61.51%,0.096054,2026-08-07
CRWD,214.42,2026-08-14,6,Call,250.00,-16.59%,0.05,0.15,0.18,597,367,1.63,60.61%,57.24%,0.020334,2026-08-07
NFLX,74.14,2026-08-14,6,Put,75.00,+1.16%,1.71,1.72,1.86,760,467,1.63,33.41%,34.99%,-0.58905,2026-08-07
AMZN,274.48,2026-08-14,6,Put,277.50,+1.10%,5.65,5.74,6.25,815,500,1.63,30.53%,30.90%,-0.59708,2026-08-07
HOOD,93.29,2026-08-14,6,Put,83.00,-11.03%,0.27,0.29,0.29,1353,828,1.63,62.53%,65.98%,-0.0763,2026-08-07
BABA,128.41,2026-08-21,13,Put,118.00,-8.11%,1.31,1.39,1.45,3387,2072,1.63,48.31%,53.32%,-0.18599,2026-08-07
SPCX,133.11,2026-09-18,41,Put,125.00,-6.09%,10.55,10.59,10.7,14884,9119,1.63,87.19%,84.55%,-0.353651,2026-08-07
NOW,124.88,2026-08-14,6,Call,125.00,-0.10%,3.55,3.64,3.7,4640,2860,1.62,55.65%,57.11%,0.512621,2026-08-07
SOUN,8.02,2026-08-14,6,Call,7.50,+6.48%,0.6,0.63,0.69,5055,3124,1.62,78.85%,79.68%,0.762147,2026-08-07
OKLO,48.42,2026-08-14,6,Call,53.00,-9.46%,0.8,0.91,1.01,532,329,1.62,89.70%,98.95%,0.259668,2026-08-07
NVDA,223.96,2026-08-17,9,Call,230.00,-2.70%,2.21,2.24,2.29,1632,1010,1.62,38.68%,32.36%,0.314526,2026-08-07
AAL,15.94,2026-08-14,6,Put,15.50,-2.76%,0.18,0.19,0.2,1917,1182,1.62,48.08%,46.04%,-0.306106,2026-08-07
FSLR,250.05,2026-08-21,13,Call,255.00,-1.98%,9.1,11,12.25,1951,1203,1.62,61.20%,67.70%,0.468336,2026-08-07
BRK.B,521.8,2026-08-14,6,Call,525.00,-0.61%,4.2,3.8,4.8,2297,1418,1.62,16.46%,21.79%,0.427166,2026-08-07
FLNC,13.19,2026-08-21,13,Put,14.00,+6.14%,1.5,1.55,1.7,2493,1542,1.62,107.94%,113.91%,-0.565011,2026-08-07
DKNG,24.03,2026-11-20,104,Call,22.50,+6.37%,3.8,3.85,4,582,362,1.61,54.77%,59.68%,0.655521,2026-08-07
INTC,101.65,2026-08-14,6,Put,99.00,-2.61%,2.65,2.77,2.82,687,427,1.61,73.87%,76.78%,-0.373684,2026-08-07
CIFR,17.18,2026-08-21,13,Call,17.00,+1.05%,1.46,1.55,1.61,840,522,1.61,108.59%,111.56%,0.564127,2026-08-07
JD,32.97,2026-08-14,6,Call,33.00,-0.09%,0.85,0.88,0.9,1213,752,1.61,35.54%,53.86%,0.502094,2026-08-07
CLSK,12.3,2026-08-14,6,Call,13.00,-5.69%,0.28,0.3,0.31,1214,755,1.61,88.29%,89.15%,0.336528,2026-08-07
MSFT,499.99,2026-08-14,6,Call,520.00,-4.00%,1.36,1.43,1.61,4431,2760,1.61,28.24%,29.20%,0.154582,2026-08-07
CORZ,21.01,2026-08-21,13,Call,21.00,+0.05%,1.25,1.33,1.33,8815,5491,1.61,79.43%,80.52%,0.534912,2026-08-07
NN,16.31,2026-09-18,41,Call,24.00,-47.15%,0.65,0.75,0.9,5261,3281,1.6,121.68%,123.43%,0.236705,2026-08-07
CIFR,17.18,2026-08-14,6,Put,18.00,+4.77%,1.43,1.53,1.57,10974,6839,1.6,108.59%,116.31%,-0.593004,2026-08-07
SPCX,133.11,2026-08-14,6,Call,120.00,+9.85%,15.05,15.05,15.5,22821,14295,1.6,87.19%,104.13%,0.801764,2026-08-07
UUUU,14.14,2026-11-20,104,Call,25.00,-76.80%,0.29,0.39,0.66,502,313,1.6,80.91%,87.00%,0.165666,2026-08-07
MU,877.57,2026-08-14,6,Call,"1,150.00",-31.04%,0.45,0.45,0.51,774,483,1.6,73.17%,92.76%,0.013605,2026-08-07
VZ,47.06,2026-08-14,6,Put,47.00,-0.13%,0.38,0.6,0.7,953,597,1.6,24.62%,23.35%,-0.481402,2026-08-07
FIG,23.29,2026-08-14,6,Call,26.00,-11.64%,0.21,0.23,0.25,1393,868,1.6,77.42%,86.15%,0.174623,2026-08-07
AMZN,274.48,2026-08-10,2,Put,265.00,-3.45%,0.15,0.18,0.2,2047,1277,1.6,30.53%,31.38%,-0.062678,2026-08-07
SPCX,133.11,2026-08-14,6,Call,124.00,+6.84%,11.85,12.4,12.5,2193,1372,1.6,87.19%,100.36%,0.732372,2026-08-07
SOUN,8.02,2026-09-04,27,Call,8.00,+0.25%,0.66,0.68,0.73,519,326,1.59,78.85%,77.81%,0.551836,2026-08-07
JPM,357.52,2026-08-14,6,Put,350.00,-2.10%,0.79,1.09,1.24,603,379,1.59,21.19%,20.01%,-0.196809,2026-08-07
TSLA,328.58,2026-10-16,69,Put,100.00,-69.57%,0.1,0.11,0.24,607,382,1.59,41.95%,110.08%,-0.003089,2026-08-07
ORCL,147.02,2026-08-14,6,Call,147.00,+0.01%,4.5,4.55,5.05,749,470,1.59,70.71%,63.05%,0.518522,2026-08-07
NVDA,223.96,2026-08-14,6,Put,227.50,+1.58%,5.95,5.9,6.1,803,505,1.59,38.68%,35.33%,-0.623825,2026-08-07
HOOD,93.29,2026-08-14,6,Call,103.00,-10.41%,0.5,0.54,0.58,809,508,1.59,62.53%,67.50%,0.136949,2026-08-07
PLTR,172.01,2026-09-11,34,Call,200.00,-16.27%,2.67,2.74,2.85,967,608,1.59,51.17%,51.75%,0.196605,2026-08-07
EMBC,4.42,2026-08-21,13,Call,5.00,-13.12%,0,0.15,0.2,2838,1785,1.59,122.30%,86.31%,0.251468,2026-08-07
XOM,153.04,2026-08-14,6,Put,150.00,-1.99%,1.09,1.29,1.23,620,392,1.58,29.22%,30.78%,-0.297349,2026-08-07
TTD,13.8,2026-08-21,13,Put,12.50,-9.42%,0.13,0.14,0.15,953,603,1.58,58.81%,57.95%,-0.166016,2026-08-07
CVNA,70.85,2027-06-17,313,Call,100.00,-41.14%,8.5,8.85,9.55,1850,1168,1.58,57.68%,63.56%,0.407844,2026-08-07
UBER,75.02,2026-10-16,69,Put,65.00,-13.36%,0.82,0.93,1.01,3335,2109,1.58,33.67%,35.10%,-0.145325,2026-08-07
TSLA,328.58,2026-08-14,6,Call,360.00,-9.56%,0.68,0.7,0.71,4094,2595,1.58,41.95%,48.62%,0.077193,2026-08-07
DOCS,27.4,2026-08-21,13,Call,30.00,-9.49%,0.7,0.76,0.85,7192,4558,1.58,68.69%,82.03%,0.308571,2026-08-07
SPCX,133.11,2026-08-14,6,Call,145.00,-8.93%,3.3,3.36,3.4,13500,8620,1.57,87.19%,111.08%,0.299627,2026-08-07
SMCI,31.13,2026-08-14,6,Put,26.50,-14.87%,0.42,0.48,0.51,661,421,1.57,95.30%,134.67%,-0.153348,2026-08-07
PLTR,172.01,2026-09-11,34,Call,170.00,+1.17%,11.8,11.86,12.1,824,524,1.57,51.17%,51.06%,0.56967,2026-08-07
SBGI,14.2,2026-08-21,13,Call,15.00,-5.63%,0.05,0.15,0.15,931,594,1.57,48.44%,34.12%,0.201524,2026-08-07
UUUU,14.14,2026-10-16,69,Call,17.00,-20.23%,0.94,1.15,1.24,1027,655,1.57,80.91%,82.18%,0.375499,2026-08-07
PATH,15.05,2026-08-14,6,Call,16.00,-6.31%,0.15,0.19,0.22,1228,783,1.57,77.01%,66.43%,0.251702,2026-08-07
NVDA,223.96,2026-08-17,9,Put,210.00,-6.23%,0.76,0.75,0.8,1578,1007,1.57,38.68%,36.30%,-0.12095,2026-08-07
LYFT,17.46,2026-08-14,6,Call,17.50,-0.23%,0.38,0.46,0.48,948,607,1.56,50.54%,49.76%,0.502143,2026-08-07
NVDA,223.96,2026-09-11,34,Put,210.00,-6.23%,4.8,5,5.15,1404,902,1.56,38.68%,40.64%,-0.273509,2026-08-07
BMNR,18.82,2026-09-18,41,Call,24.00,-27.52%,0.56,0.6,0.79,1615,1035,1.56,74.78%,85.12%,0.243163,2026-08-07
ECHO,90.04,2026-08-21,13,Put,140.00,+55.49%,48.2,50.4,51.8,4200,2700,1.56,56.85%,106.64%,-0.986052,2026-08-07
NU,13.84,2026-08-14,6,Put,14.00,+1.16%,0.58,0.64,0.69,3866,2496,1.55,46.81%,78.05%,-0.524014,2026-08-07
HPQ,30.05,2026-08-14,6,Call,30.00,+0.17%,0.74,0.8,0.89,515,332,1.55,58.95%,51.50%,0.522722,2026-08-07
IBRX,7.64,2026-08-14,6,Call,7.50,+1.83%,0.25,0.36,0.4,885,571,1.55,78.78%,63.59%,0.608334,2026-08-07
OKLO,48.42,2026-08-14,6,Put,40.00,-17.39%,0.16,0.25,0.24,1098,708,1.55,89.70%,104.25%,-0.066775,2026-08-07
PYPL,59.07,2026-08-14,6,Put,57.00,-3.50%,0.1,0.17,0.2,1321,850,1.55,27.92%,26.75%,-0.142524,2026-08-07
NBIS,187.97,2026-08-21,13,Call,320.00,-70.24%,0.8,0.9,1,1470,946,1.55,120.50%,152.68%,0.044768,2026-08-07
MARA,10.09,2026-08-21,13,Put,9.50,-5.85%,0.36,0.37,0.39,1476,953,1.55,87.50%,85.66%,-0.32261,2026-08-07
TSLA,328.58,2026-08-14,6,Call,365.00,-11.08%,0.48,0.5,0.5,2028,1310,1.55,41.95%,50.21%,0.055761,2026-08-07
LRCX,311.35,2026-08-21,13,Call,290.00,+6.86%,27.8,29.8,31.1,501,326,1.54,71.17%,72.46%,0.724497,2026-08-07
LFMD,3.56,2026-09-18,41,Call,5.00,-40.45%,0.05,0.1,0.15,653,425,1.54,88.22%,95.03%,0.185591,2026-08-07
CELH,27.77,2026-09-04,27,Call,30.00,-8.03%,0.91,0.95,1.03,690,448,1.54,58.63%,59.19%,0.350952,2026-08-07
AGNC,10.84,2026-08-21,13,Call,10.00,+7.75%,0.81,0.94,0.99,1104,716,1.54,22.09%,41.17%,0.858395,2026-08-07
FCX,69.62,2026-08-21,13,Put,58.00,-16.69%,0.1,0.11,0.16,1289,838,1.54,50.90%,57.62%,-0.040732,2026-08-07
SPCX,133.11,2026-08-14,6,Call,195.00,-46.50%,0.31,0.32,0.34,1420,923,1.54,87.19%,154.12%,0.033594,2026-08-07
AKAM,110.54,2026-08-14,6,Call,118.00,-6.75%,0.8,1,1.2,2337,1515,1.54,50.85%,60.47%,0.213002,2026-08-07
PLTR,172.01,2026-08-21,13,Put,170.00,-1.17%,5.6,5.66,5.7,2381,1548,1.54,51.17%,52.05%,-0.428794,2026-08-07
MSTR,100.01,2028-12-15,860,Call,115.00,-14.99%,45.5,47.5,51.9,2559,1662,1.54,72.32%,87.30%,0.738844,2026-08-07
SOUN,8.02,2026-08-28,20,Call,8.00,+0.25%,0.58,0.59,0.64,3161,2051,1.54,78.85%,79.32%,0.54657,2026-08-07
SPCX,133.11,2026-08-14,6,Call,180.00,-35.23%,0.49,0.52,0.52,3791,2468,1.54,87.19%,138.44%,0.053908,2026-08-07
GME,19.16,2026-08-14,6,Call,19.50,-1.77%,0.14,0.16,0.16,4431,2878,1.54,36.93%,29.63%,0.322776,2026-08-07
NVDA,223.96,2026-10-16,69,Put,180.00,-19.63%,2.19,2.23,2.27,32153,20916,1.54,38.68%,43.78%,-0.101551,2026-08-07
SPCX,133.11,2026-08-14,6,Put,155.00,+16.45%,23,23.95,24.35,511,334,1.53,87.19%,119.39%,-0.820489,2026-08-07
UBER,75.02,2026-08-14,6,Put,70.00,-6.69%,0.1,0.12,0.12,899,589,1.53,33.67%,37.20%,-0.068457,2026-08-07
AMD,483.36,2026-08-14,6,Call,520.00,-7.58%,4.5,4.63,4.8,1030,674,1.53,61.55%,66.24%,0.208681,2026-08-07
GLW,165.68,2026-08-14,6,Call,180.00,-8.64%,1.85,1.9,1.96,1197,780,1.53,73.24%,76.68%,0.214984,2026-08-07
OSCR,27.9,2026-08-28,20,Call,30.00,-7.53%,0.86,0.95,1.08,550,361,1.52,67.65%,67.13%,0.355429,2026-08-07
NUCL,7.77,2026-12-18,132,Call,10.00,-28.70%,0.45,0.6,0.95,555,365,1.52,125.39%,72.92%,0.372796,2026-08-07
DVA,183.77,2026-12-18,132,Call,200.00,-8.83%,10.7,10.6,13.1,700,462,1.52,33.77%,39.12%,0.427396,2026-08-07
SPCX,133.11,2026-09-11,34,Call,150.00,-12.69%,8,8.39,8.7,742,489,1.52,87.19%,88.43%,0.384014,2026-08-07
VST,140.59,2026-12-18,132,Call,160.00,-13.81%,10.8,11.35,11.9,1257,827,1.52,49.37%,52.95%,0.415619,2026-08-07
FIG,23.29,2026-08-14,6,Put,21.50,-7.69%,0.15,0.28,0.32,1316,867,1.52,77.42%,74.15%,-0.185537,2026-08-07
TE,5.85,2027-01-15,160,Call,11.00,-88.03%,1.05,1.2,1.25,1395,920,1.52,158.44%,146.15%,0.439825,2026-08-07
EOSE,4.15,2026-08-14,6,Call,4.50,-8.43%,0.13,0.16,0.15,2983,1960,1.52,115.80%,126.85%,0.339826,2026-08-07
RARE,25.91,2026-10-16,69,Call,50.00,-92.98%,1.5,1.85,2,3578,2351,1.52,127.92%,145.92%,0.239482,2026-08-07
NFLX,74.14,2027-01-15,160,Put,120.00,+61.86%,43.75,43.7,47.7,610,405,1.51,33.41%,45.10%,-0.975531,2026-08-07
TSLA,328.58,2026-08-17,9,Call,340.00,-3.48%,3.9,4.1,4.2,657,435,1.51,41.95%,40.49%,0.31152,2026-08-07
MU,877.57,2026-08-14,6,Call,"1,020.00",-16.23%,3.1,3.3,3.3,698,462,1.51,73.17%,80.56%,0.080919,2026-08-07
RCEL,7.77,2026-08-21,13,Call,7.50,+3.47%,0.3,0.57,1,772,512,1.51,80.91%,86.75%,0.62013,2026-08-07
ASST,12.48,2026-08-14,6,Call,13.00,-4.17%,0.39,0.43,0.5,879,584,1.51,95.72%,102.97%,0.40566,2026-08-07
NEM,112.98,2026-10-16,69,Call,120.00,-6.21%,5.85,5.95,6.3,1056,699,1.51,44.22%,44.34%,0.424319,2026-08-07
DEI,11.69,2026-09-18,41,Put,11.00,-5.90%,0.25,0.25,0.6,1133,748,1.51,40.45%,46.73%,-0.324688,2026-08-07
LUNR,16.4,2026-08-14,6,Call,16.00,+2.44%,1.36,1.5,1.55,1423,941,1.51,121.19%,149.87%,0.590062,2026-08-07
CVNA,70.85,2026-08-14,6,Call,71.00,-0.21%,1.98,2.15,2.18,1484,981,1.51,57.68%,58.84%,0.507018,2026-08-07
BMNR,18.82,2026-08-14,6,Call,19.50,-3.61%,0.45,0.46,0.52,2237,1484,1.51,74.78%,79.04%,0.384332,2026-08-07
SOFI,18.38,2026-08-14,6,Put,18.50,+0.65%,0.49,0.51,0.53,2606,1723,1.51,49.68%,48.02%,-0.526898,2026-08-07
MSTR,100.01,2026-08-14,6,Put,85.00,-15.01%,0.24,0.24,0.28,2809,1866,1.51,72.32%,82.58%,-0.055447,2026-08-07
RKLB,82.83,2026-08-14,6,Call,83.00,-0.21%,5.5,5.75,5.75,552,367,1.5,99.19%,134.26%,0.530934,2026-08-07
AMD,483.36,2026-08-12,4,Call,500.00,-3.44%,6.1,6.45,6.55,580,386,1.5,61.55%,62.93%,0.317428,2026-08-07
TTD,13.8,2027-01-15,160,Put,60.00,+334.78%,44.75,44.84,47.1,612,408,1.5,58.81%,121.05%,-0.97271,2026-08-07
INTU,325.25,2026-09-18,41,Call,380.00,-16.83%,9,9.64,10,614,408,1.5,60.29%,61.30%,0.2599,2026-08-07
GOOGL,354.3,2026-08-12,4,Call,365.00,-3.02%,1.03,1.25,1.21,822,548,1.5,30.17%,30.60%,0.183658,2026-08-07
MSTR,100.01,2027-01-15,160,Put,300.00,+199.97%,197.5,203.39,202.65,879,586,1.5,72.32%,93.60%,-0.973901,2026-08-07
MSTR,100.01,2026-08-14,6,Call,98.00,+2.01%,4.8,4.92,5.05,948,631,1.5,72.32%,75.13%,0.604561,2026-08-07
AGNC,10.84,2026-08-21,13,Call,10.50,+3.14%,0.36,0.4,0.51,1176,784,1.5,22.09%,28.37%,0.731371,2026-08-07
MARA,10.09,2026-08-21,13,Call,10.00,+0.89%,0.67,0.72,0.72,1288,856,1.5,87.50%,85.07%,0.557305,2026-08-07
SPCX,133.11,2026-08-14,6,Call,225.00,-69.03%,0.17,0.17,0.21,1398,930,1.5,87.19%,184.49%,0.01795,2026-08-07
PYPL,59.07,2026-08-14,6,Call,61.00,-3.27%,0.24,0.27,0.32,2188,1456,1.5,27.92%,30.65%,0.215509,2026-08-07
HTZ,2.27,2027-06-17,313,Put,1.00,-55.95%,0.25,0.32,0.34,3015,2010,1.5,172.98%,148.58%,-0.096346,2026-08-07
NFLX,74.14,2026-08-14,6,Call,76.00,-2.51%,0.61,0.61,0.62,5809,3870,1.5,33.41%,34.65%,0.300795,2026-08-07
WFC,87.25,2026-08-14,6,Call,87.00,+0.29%,1.18,1.18,1.26,699,468,1.49,23.59%,24.21%,0.546147,2026-08-07
LLY,1185.71,2026-09-18,41,Put,600.00,-49.40%,0,0.2,0.4,792,533,1.49,33.00%,74.73%,-0.002134,2026-08-07
SPCX,133.11,2026-08-14,6,Call,177.50,-33.35%,0.53,0.55,0.58,821,550,1.49,87.19%,135.97%,0.059348,2026-08-07
BA,234.42,2026-08-14,6,Call,237.50,-1.31%,2.55,2.56,2.74,1010,677,1.49,32.16%,33.12%,0.387404,2026-08-07
QURE,46.42,2026-08-21,13,Put,40.00,-13.83%,0.5,1.15,1.5,1047,703,1.49,108.98%,100.72%,-0.188272,2026-08-07
TEAM,149.07,2026-09-18,41,Call,160.00,-7.33%,8.6,9.2,9.5,1530,1029,1.49,66.31%,65.97%,0.424395,2026-08-07
BAC,63.17,2026-08-14,6,Put,63.00,-0.27%,0.53,0.56,0.57,2915,1951,1.49,20.53%,19.82%,-0.448697,2026-08-07
INTC,101.65,2026-08-10,2,Put,102.00,+0.34%,1.88,2.03,2.24,514,347,1.48,73.87%,62.80%,-0.519027,2026-08-07
SPCX,133.11,2026-08-28,20,Call,175.00,-31.47%,2.27,2.28,2.37,715,482,1.48,87.19%,102.17%,0.154766,2026-08-07
QXO,16.16,2026-09-18,41,Put,14.00,-13.37%,0.45,0.55,0.6,1128,760,1.48,68.35%,67.50%,-0.222603,2026-08-07
SPCX,133.11,2026-08-14,6,Put,104.00,-21.87%,0.25,0.26,0.27,1161,787,1.48,87.19%,109.57%,-0.033562,2026-08-07
ORCL,147.02,2026-08-14,6,Put,140.00,-4.77%,1.86,1.95,1.95,1256,848,1.48,70.71%,62.73%,-0.256908,2026-08-07
COIN,153.6,2026-09-18,41,Call,175.00,-13.93%,6.6,6.82,7,1509,1019,1.48,66.59%,68.27%,0.330872,2026-08-07
TSLA,328.58,2026-10-16,69,Call,335.00,-1.95%,22.85,23.15,23.25,2042,1382,1.48,41.95%,43.73%,0.512026,2026-08-07
GLW,165.68,2027-03-19,223,Put,165.00,-0.41%,35,36,37.85,502,341,1.47,73.24%,75.90%,-0.371422,2026-08-07
AAOI,135.63,2026-08-14,6,Put,110.00,-18.90%,0.9,1.11,1.35,548,374,1.47,121.20%,134.12%,-0.095561,2026-08-07
NVTS,13.89,2026-08-14,6,Call,14.50,-4.39%,0.52,0.57,0.65,564,384,1.47,105.05%,117.53%,0.41841,2026-08-07
AAOI,135.63,2026-08-14,6,Put,125.00,-7.84%,4.1,4.54,5,578,392,1.47,121.20%,133.71%,-0.286073,2026-08-07
WMT,111.85,2026-08-14,6,Put,111.00,-0.76%,0.92,0.96,0.99,867,588,1.47,31.76%,23.79%,-0.390561,2026-08-07
NBIS,187.97,2026-08-14,6,Put,185.00,-1.58%,13.15,13.4,13.6,937,636,1.47,120.50%,156.08%,-0.427755,2026-08-07
AMD,483.36,2026-08-14,6,Put,440.00,-8.97%,2.8,2.85,2.9,1085,737,1.47,61.55%,68.05%,-0.129844,2026-08-07
DELL,453.77,2026-08-21,13,Call,390.00,+14.05%,67.6,53.22,71.05,1228,837,1.47,86.16%,79.82%,0.861551,2026-08-07
IREN,41.23,2026-08-14,6,Put,36.00,-12.68%,0.45,0.49,0.51,1385,944,1.47,109.14%,109.82%,-0.149708,2026-08-07
MP,51.11,2026-08-14,6,Call,60.00,-17.39%,0.17,0.3,0.4,2741,1859,1.47,71.89%,93.81%,0.102339,2026-08-07
C,135,2026-08-21,13,Put,126.00,-6.67%,0.4,0.41,0.44,500,342,1.46,29.04%,30.65%,-0.108887,2026-08-07
UBER,75.02,2026-08-14,6,Call,79.00,-5.31%,0.22,0.22,0.27,726,497,1.46,33.67%,36.22%,0.140674,2026-08-07
HOOD,93.29,2026-08-14,6,Call,102.00,-9.34%,0.63,0.65,0.69,817,560,1.46,62.53%,67.14%,0.161807,2026-08-07
HIMS,31.59,2026-08-14,6,Put,31.50,-0.28%,2.12,2.25,2.39,872,598,1.46,91.91%,143.28%,-0.456199,2026-08-07
NBIS,187.97,2026-08-14,6,Put,115.00,-38.82%,0.15,0.2,0.25,1130,773,1.46,120.50%,179.96%,-0.012316,2026-08-07
AMD,483.36,2026-08-14,6,Call,575.00,-18.96%,0.43,0.64,0.59,1245,851,1.46,61.55%,70.55%,0.030926,2026-08-07
AAPL,313.33,2026-08-14,6,Call,317.50,-1.33%,2.18,2.21,2.3,3370,2308,1.46,24.55%,24.30%,0.347703,2026-08-07
QUBT,9.18,2026-08-14,6,Call,11.00,-19.83%,0.13,0.15,0.18,3578,2444,1.46,97.45%,142.05%,0.184354,2026-08-07
RIVN,16,2026-08-14,6,Call,16.00,0.00%,0.37,0.4,0.41,4569,3140,1.46,52.36%,47.09%,0.515982,2026-08-07
AAPL,313.33,2026-08-10,2,Call,310.00,+1.06%,3.65,3.85,3.95,5453,3743,1.46,24.55%,16.89%,0.809241,2026-08-07
NOW,124.88,2026-08-21,13,Call,130.00,-4.10%,3.2,3.3,3.35,12636,8630,1.46,55.65%,56.28%,0.377111,2026-08-07
AAPL,313.33,2026-08-14,6,Put,305.00,-2.66%,1.15,1.18,1.19,3231,2225,1.45,24.55%,25.83%,-0.199135,2026-08-07
MSTR,100.01,2026-08-14,6,Put,90.00,-10.01%,0.63,0.66,0.7,4972,3434,1.45,72.32%,76.59%,-0.12953,2026-08-07
PLTR,172.01,2026-08-28,20,Put,145.00,-15.70%,0.84,0.88,0.91,729,502,1.45,51.17%,55.48%,-0.081619,2026-08-07
RMBS,101.52,2026-08-21,13,Put,95.00,-6.42%,2.3,3.27,4.4,858,593,1.45,78.35%,82.63%,-0.304736,2026-08-07
MSTR,100.01,2026-08-14,6,Call,125.00,-24.99%,0.12,0.15,0.15,1039,718,1.45,72.32%,90.27%,0.031159,2026-08-07
RKLB,82.83,2026-08-14,6,Put,70.00,-15.49%,1.04,1.08,1.09,1246,860,1.45,99.19%,131.54%,-0.13885,2026-08-07
CRWV,90.67,2026-08-14,6,Call,95.00,-4.78%,4.95,4.97,5,2691,1859,1.45,101.14%,145.65%,0.439079,2026-08-07
RKT,13.72,2026-10-16,69,Call,12.00,+12.54%,2.19,2.24,2.52,508,352,1.44,60.12%,56.54%,0.756927,2026-08-07
SPCX,133.11,2026-08-21,13,Call,128.00,+3.84%,11.65,12.15,12.6,612,424,1.44,87.19%,94.30%,0.624094,2026-08-07
ACN,175.72,2026-09-18,41,Put,170.00,-3.26%,7.6,8.2,8.2,666,463,1.44,46.23%,45.68%,-0.383465,2026-08-07
META,592.1,2027-01-15,160,Call,510.00,+13.87%,114.15,116.53,119.1,808,563,1.44,35.36%,42.97%,0.763309,2026-08-07
GOOGL,354.3,2026-09-04,27,Call,360.00,-1.61%,9.2,9.6,10.15,859,595,1.44,30.17%,30.82%,0.452681,2026-08-07
TEAM,149.07,2026-09-18,41,Call,165.00,-10.69%,7.1,7.97,8.5,967,673,1.44,66.31%,67.66%,0.375985,2026-08-07
PAGP,24.74,2027-02-19,195,Call,26.00,-5.09%,0.65,0.9,0.9,1220,850,1.44,20.39%,19.47%,0.353222,2026-08-07
VG,13.26,2026-08-14,6,Call,15.00,-13.12%,0.25,0.25,0.3,1247,866,1.44,75.76%,122.63%,0.241171,2026-08-07
PATH,15.05,2026-08-14,6,Call,15.00,+0.33%,0.53,0.55,0.6,2396,1661,1.44,77.01%,69.66%,0.535301,2026-08-07
RDDT,161.7,2026-08-21,13,Put,130.00,-19.60%,0.36,0.4,0.44,2742,1901,1.44,62.91%,70.56%,-0.043247,2026-08-07
CRWV,90.67,2026-08-14,6,Call,90.00,+0.74%,6.9,6.9,7.05,3161,2195,1.44,101.14%,143.24%,0.553877,2026-08-07
CELH,27.77,2026-09-18,41,Call,30.00,-8.03%,1.31,1.32,1.36,5708,3975,1.44,58.63%,58.02%,0.39027,2026-08-07
MSTR,100.01,2026-09-18,41,Call,115.00,-14.99%,4.75,4.81,4.95,6620,4609,1.44,72.32%,73.91%,0.336075,2026-08-07
NVDA,223.96,2026-08-14,6,Call,230.00,-2.70%,1.78,1.81,1.83,36682,25477,1.44,38.68%,35.36%,0.290161,2026-08-07
DOCS,27.4,2026-08-21,13,Put,22.50,-17.88%,0.2,0.26,0.3,3486,2432,1.43,68.69%,89.75%,-0.104753,2026-08-07
SKHY,137.91,2028-06-16,678,Call,200.00,-45.02%,47.1,49.6,51.7,3523,2459,1.43,85.24%,85.56%,0.628867,2026-08-07
SMCI,31.13,2026-08-14,6,Call,35.00,-12.43%,1,1.05,1.05,10124,7098,1.43,95.30%,147.70%,0.301178,2026-08-07
CVNA,70.85,2026-09-18,41,Call,74.00,-4.45%,4.1,4.22,4.4,618,432,1.43,57.68%,57.59%,0.457279,2026-08-07
AMD,483.36,2026-08-14,6,Put,435.00,-10.00%,2.2,2.25,2.35,649,455,1.43,61.55%,68.92%,-0.106858,2026-08-07
META,592.1,2026-08-14,6,Call,620.00,-4.71%,2.6,2.8,2.89,858,598,1.43,35.36%,37.81%,0.180196,2026-08-07
SENS,7.02,2026-08-21,13,Call,7.50,-6.84%,0.05,0.2,0.25,869,607,1.43,89.95%,61.16%,0.307059,2026-08-07
LUNR,16.4,2026-08-14,6,Call,20.00,-21.95%,0.31,0.32,0.37,955,670,1.43,121.19%,161.74%,0.19752,2026-08-07
RKLB,82.83,2026-08-14,6,Call,95.00,-14.69%,1.95,2,2.08,1020,712,1.43,99.19%,139.09%,0.249417,2026-08-07
GSM,4.49,2026-12-18,132,Call,5.00,-11.36%,0.5,0.65,0.9,1043,727,1.43,82.01%,81.83%,0.515833,2026-08-07
NVDA,223.96,2026-08-17,9,Call,227.50,-1.58%,3.05,3.15,3.15,1273,888,1.43,38.68%,32.45%,0.394723,2026-08-07
TSLA,328.58,2026-08-28,20,Call,335.00,-1.95%,10.3,10.43,10.5,1342,937,1.43,41.95%,42.27%,0.449848,2026-08-07
AVGO,427.76,2026-08-14,6,Call,450.00,-5.20%,2.41,2.41,2.73,1435,1001,1.43,49.46%,44.25%,0.195894,2026-08-07
MU,877.57,2026-08-14,6,Put,740.00,-15.68%,1.79,1.85,1.94,500,353,1.42,73.17%,82.18%,-0.046851,2026-08-07
GOOGL,354.3,2026-08-28,20,Call,385.00,-8.66%,1.65,1.9,1.97,516,364,1.42,30.17%,31.24%,0.141234,2026-08-07
HIMS,31.59,2026-08-14,6,Call,42.00,-32.95%,0.2,0.21,0.22,589,415,1.42,91.91%,149.17%,0.082172,2026-08-07
INTC,101.65,2026-08-10,2,Call,99.00,+2.61%,3.3,3.5,3.6,719,505,1.42,73.87%,61.21%,0.728895,2026-08-07
DJT,10.21,2026-08-21,13,Put,9.00,-11.85%,0.16,0.22,0.26,744,524,1.42,90.57%,89.42%,-0.200807,2026-08-07
LMND,52.94,2026-09-18,41,Call,65.00,-22.78%,1.1,1.2,1.3,1102,774,1.42,62.17%,64.54%,0.205687,2026-08-07
NVDA,223.96,2026-09-11,34,Put,190.00,-15.16%,1.4,1.44,1.52,1154,812,1.42,38.68%,44.43%,-0.096595,2026-08-07
CRCL,66.67,2026-08-14,6,Call,75.00,-12.49%,0.65,0.7,0.82,1278,901,1.42,80.75%,93.43%,0.179295,2026-08-07
LUNR,16.4,2026-08-21,13,Put,10.00,-39.02%,0.05,0.11,0.17,1611,1131,1.42,121.19%,170.90%,-0.044678,2026-08-07
GOOG,353.47,2026-08-14,6,Put,350.00,-0.98%,3.55,3.55,3.8,1709,1201,1.42,29.74%,29.46%,-0.384967,2026-08-07
WMT,111.85,2026-08-14,6,Call,114.00,-1.92%,0.6,0.61,0.62,1766,1247,1.42,31.76%,24.58%,0.282901,2026-08-07
AMZN,274.48,2026-08-12,4,Call,285.00,-3.83%,0.55,0.6,0.62,1861,1315,1.42,30.53%,31.29%,0.1314,2026-08-07
AMD,483.36,2026-08-14,6,Put,450.00,-6.90%,4.3,4.45,4.6,2212,1555,1.42,61.55%,66.76%,-0.188162,2026-08-07
TSLA,328.58,2026-08-14,6,Call,322.50,+1.85%,10.55,10.76,10.7,3222,2288,1.41,41.95%,42.36%,0.648817,2026-08-07
CRCL,66.67,2026-09-11,34,Put,59.00,-11.50%,2.41,2.71,3.05,627,446,1.41,80.75%,76.66%,-0.257157,2026-08-07
NEM,112.98,2026-10-16,69,Put,95.00,-15.91%,1.42,1.94,1.95,708,501,1.41,44.22%,42.40%,-0.144834,2026-08-07
GOOG,353.47,2026-08-14,6,Put,355.00,+0.43%,5.55,5.82,6.3,835,594,1.41,29.74%,28.81%,-0.534671,2026-08-07
NVDA,223.96,2026-09-11,34,Call,255.00,-13.86%,1.86,2.05,2.12,1049,745,1.41,38.68%,38.42%,0.153203,2026-08-07
CM,118.7,2026-09-18,41,Call,125.00,-5.31%,1.25,1.55,2.3,1701,1210,1.41,25.74%,25.49%,0.291027,2026-08-07
SNDK,1212.21,2026-08-14,6,Put,"1,050.00",-13.38%,10.3,11,11.5,550,394,1.4,93.26%,104.66%,-0.126764,2026-08-07
UBER,75.02,2026-08-21,13,Call,79.00,-5.31%,0.55,0.62,0.67,577,411,1.4,33.67%,34.03%,0.225822,2026-08-07
TSLA,328.58,2026-09-11,34,Call,400.00,-21.74%,2.03,2,2.13,644,460,1.4,41.95%,46.70%,0.099465,2026-08-07
PLTR,172.01,2026-08-21,13,Call,157.50,+8.44%,16.25,16.2,16.6,808,579,1.4,51.17%,53.51%,0.825398,2026-08-07
META,592.1,2026-08-14,6,Call,630.00,-6.40%,1.43,1.6,1.72,2312,1650,1.4,35.36%,38.76%,0.112585,2026-08-07
TSLA,328.58,2026-08-14,6,Call,320.00,+2.61%,12.15,12.4,12.4,4784,3423,1.4,41.95%,42.45%,0.700014,2026-08-07
SOFI,18.38,2026-08-14,6,Put,18.00,-2.07%,0.28,0.29,0.29,3727,2674,1.39,49.68%,48.76%,-0.354352,2026-08-07
GOOGL,354.3,2026-08-21,13,Put,365.00,+3.02%,13.35,13.67,14.45,5593,4023,1.39,30.17%,28.24%,-0.698691,2026-08-07
NVDA,223.96,2026-08-14,6,Put,225.00,+0.46%,4.5,4.45,4.65,6467,4640,1.39,38.68%,35.63%,-0.527825,2026-08-07
SMCI,31.13,2026-09-04,27,Call,39.00,-25.28%,1.13,1.23,1.3,7176,5146,1.39,95.30%,104.45%,0.26043,2026-08-07
PFE,26.76,2026-08-21,13,Call,26.50,+0.97%,0.53,0.54,0.58,9462,6800,1.39,20.24%,21.23%,0.596922,2026-08-07
HTZ,2.27,2026-08-21,13,Call,4.00,-76.21%,0.14,0.15,0.16,15671,11262,1.39,172.98%,308.26%,0.247997,2026-08-07
TSEM,252.49,2026-10-16,69,Call,420.00,-66.34%,4.8,5.8,7,649,467,1.39,87.92%,90.34%,0.137667,2026-08-07
DOCU,60.26,2026-12-18,132,Put,25.00,-58.51%,0,0.18,0.34,1442,1036,1.39,59.63%,76.29%,-0.014808,2026-08-07
NBIS,187.97,2026-08-14,6,Call,220.00,-17.04%,5.25,5.45,5.45,1924,1380,1.39,120.50%,160.37%,0.254736,2026-08-07
GME,19.16,2026-08-14,6,Call,19.00,+0.84%,0.34,0.36,0.4,2106,1511,1.39,36.93%,29.67%,0.589376,2026-08-07
AVGO,427.76,2026-08-14,6,Call,445.00,-4.03%,3.45,3.68,3.9,513,371,1.38,49.46%,44.63%,0.256727,2026-08-07
MRVL,218.72,2026-08-14,6,Call,215.00,+1.70%,11.2,11.3,11.75,515,373,1.38,88.41%,85.07%,0.585939,2026-08-07
MU,877.57,2026-08-14,6,Call,"1,010.00",-15.09%,3.7,4,3.95,565,409,1.38,73.17%,80.01%,0.094566,2026-08-07
QNST,21.08,2026-09-18,41,Call,17.50,+16.98%,3.2,3.5,4.8,650,472,1.38,51.82%,59.57%,0.853847,2026-08-07
DKNG,24.03,2026-08-14,6,Call,26.00,-8.20%,0.12,0.17,0.17,686,497,1.38,54.77%,58.66%,0.158099,2026-08-07
DIS,104.91,2026-08-14,6,Call,110.00,-4.85%,0.1,0.13,0.18,1325,960,1.38,22.46%,26.66%,0.086075,2026-08-07
BABA,128.41,2026-08-14,6,Call,129.00,-0.46%,2.46,2.53,2.65,1439,1046,1.38,48.31%,43.10%,0.478246,2026-08-07
TSLA,328.58,2026-08-14,6,Call,395.00,-20.21%,0.11,0.12,0.13,1538,1116,1.38,41.95%,63.30%,0.013201,2026-08-07
WMT,111.85,2026-08-14,6,Call,116.00,-3.71%,0.24,0.25,0.28,1805,1310,1.38,31.76%,25.65%,0.140564,2026-08-07
MP,51.11,2026-08-14,6,Call,55.00,-7.61%,0.84,0.96,1.09,2281,1653,1.38,71.89%,89.30%,0.281536,2026-08-07
BBAI,3.27,2026-08-28,20,Call,3.50,-7.03%,0.13,0.15,0.15,2544,1849,1.38,74.49%,74.50%,0.385434,2026-08-07
TEAM,149.07,2026-09-18,41,Call,130.00,+12.79%,24,24.7,25.4,2691,1947,1.38,66.31%,67.54%,0.769253,2026-08-07
NU,13.84,2026-08-21,13,Put,13.00,-6.07%,0.24,0.25,0.3,15204,11122,1.37,46.81%,59.83%,-0.267307,2026-08-07
APP,346.8,2026-08-14,6,Call,400.00,-15.34%,0.6,0.65,0.9,600,439,1.37,60.16%,68.93%,0.058907,2026-08-07
WDC,434.3,2026-08-14,6,Call,460.00,-5.92%,8.8,9.26,10.2,743,544,1.37,78.05%,86.03%,0.322421,2026-08-07
W,106.6,2026-08-21,13,Call,120.00,-12.57%,1,1.13,1.17,1025,746,1.37,59.28%,61.73%,0.171786,2026-08-07
MRVL,218.72,2026-08-14,6,Put,175.00,-19.99%,0.3,0.4,0.42,1215,888,1.37,88.41%,97.54%,-0.032154,2026-08-07
SPCX,133.11,2026-09-04,27,Call,150.00,-12.69%,7.15,7.2,7.3,1354,991,1.37,87.19%,91.27%,0.364521,2026-08-07
META,592.1,2026-08-14,6,Call,605.00,-2.18%,5.85,6.18,6.2,1402,1020,1.37,35.36%,36.63%,0.335727,2026-08-07
SPCX,133.11,2026-08-14,6,Call,185.00,-38.98%,0.42,0.43,0.44,1417,1034,1.37,87.19%,143.76%,0.045463,2026-08-07
MU,877.57,2026-08-14,6,Put,800.00,-8.84%,7.75,7.88,8.2,2874,2105,1.37,73.17%,78.12%,-0.16367,2026-08-07
HOOD,93.29,2026-08-14,6,Call,104.00,-11.48%,0.4,0.46,0.47,518,382,1.36,62.53%,67.63%,0.114461,2026-08-07
ALB,131.11,2027-01-15,160,Call,150.00,-14.41%,12.15,12.65,13.3,526,388,1.36,53.05%,55.21%,0.436416,2026-08-07
ORCL,147.02,2026-09-04,27,Call,144.00,+2.05%,10.4,11.13,11.85,633,466,1.36,70.71%,59.75%,0.58623,2026-08-07
HRL,25.02,2026-08-21,13,Put,25.00,-0.08%,0.35,0.4,0.5,791,582,1.36,27.82%,22.92%,-0.486272,2026-08-07
NVDA,223.96,2026-08-21,13,Put,212.50,-5.12%,1.89,1.9,1.94,1306,961,1.36,38.68%,36.81%,-0.210286,2026-08-07
NVDA,223.96,2026-08-12,4,Call,220.00,+1.77%,5.55,5.72,5.8,3451,2545,1.36,38.68%,35.26%,0.695392,2026-08-07
NRGV,3.49,2026-08-21,13,Call,4.00,-14.61%,0.25,0.34,0.35,3811,2794,1.36,158.75%,183.41%,0.413982,2026-08-07
MSTR,100.01,2026-08-14,6,Put,95.00,-5.01%,1.66,1.7,1.8,5067,3736,1.36,72.32%,74.79%,-0.277792,2026-08-07
PLTR,172.01,2026-08-14,6,Call,167.50,+2.62%,7.3,7.37,7.45,11340,8342,1.36,51.17%,54.35%,0.664503,2026-08-07
ERO,34.31,2027-01-15,160,Call,30.00,+12.56%,7.4,7.7,8,3304,2450,1.35,57.44%,58.92%,0.719877,2026-08-07
HTZ,2.27,2026-08-14,6,Call,2.00,+11.89%,0.37,0.4,0.41,24956,18514,1.35,172.98%,211.01%,0.727616,2026-08-07
LUNR,16.4,2026-08-21,13,Put,12.00,-26.83%,0.16,0.2,0.27,524,388,1.35,121.19%,140.52%,-0.094252,2026-08-07
AMZN,274.48,2026-08-12,4,Put,270.00,-1.63%,1.62,1.54,1.81,554,410,1.35,30.53%,31.17%,-0.297622,2026-08-07
PYPL,59.07,2026-08-21,13,Put,58.00,-1.81%,0.59,0.62,0.69,665,494,1.35,27.92%,25.23%,-0.33543,2026-08-07
AVGO,427.76,2026-08-14,6,Call,460.00,-7.54%,1.21,1.28,1.38,700,517,1.35,49.46%,45.03%,0.110992,2026-08-07
CARR,64.01,2026-08-28,20,Put,65.00,+1.55%,2.45,2.6,2.75,733,542,1.35,33.51%,35.01%,-0.5537,2026-08-07
SPCX,133.11,2026-09-11,34,Put,100.00,-24.87%,1.92,2.03,2.13,744,553,1.35,87.19%,85.59%,-0.107948,2026-08-07
WDAY,179.64,2026-09-18,41,Put,135.00,-24.85%,1.75,2.1,2.6,1127,836,1.35,65.69%,72.79%,-0.09534,2026-08-07
TSM,420.04,2026-08-14,6,Call,420.00,+0.01%,8.65,9.07,9.4,1440,1068,1.35,40.65%,41.47%,0.51485,2026-08-07
IREN,41.23,2026-08-14,6,Call,43.00,-4.29%,1.55,1.6,1.7,2245,1663,1.35,109.14%,111.42%,0.41344,2026-08-07
MSFT,499.99,2026-08-14,6,Put,495.00,-1.00%,4.5,4.98,5.05,2477,1833,1.35,28.24%,27.81%,-0.378071,2026-08-07
WPP,27.55,2026-09-18,41,Put,25.00,-9.26%,0.05,0.6,0.65,500,373,1.34,44.28%,34.27%,-0.189797,2026-08-07
AMZN,274.48,2027-02-19,195,Put,270.00,-1.63%,22.95,23.35,23.5,569,426,1.34,30.53%,35.18%,-0.401753,2026-08-07
UPST,31.09,2026-08-14,6,Put,30.00,-3.51%,0.56,0.55,0.6,613,458,1.34,65.91%,66.67%,-0.320489,2026-08-07
BULL,7.32,2026-08-28,20,Put,7.00,-4.37%,0.33,0.33,0.38,888,662,1.34,73.18%,75.53%,-0.362953,2026-08-07
CSCO,121.43,2026-12-18,132,Call,180.00,-48.23%,1.23,1.29,1.38,1267,946,1.34,48.08%,44.42%,0.095226,2026-08-07
DIS,104.91,2027-06-17,313,Call,130.00,-23.92%,4,4.54,5,1509,1125,1.34,22.46%,30.90%,0.277236,2026-08-07
SOUN,8.02,2026-08-28,20,Call,10.00,-24.69%,0.13,0.12,0.15,2058,1537,1.34,78.85%,88.86%,0.171722,2026-08-07
GEVO,1.57,2026-08-21,13,Call,1.5000,+4.46%,0.1,0.1,0.2,2177,1620,1.34,84.00%,95.67%,0.636867,2026-08-07
NVDA,223.96,2026-08-14,6,Call,217.50,+2.88%,8.15,8.36,8.35,4487,3347,1.34,38.68%,36.90%,0.743223,2026-08-07
PCG,17.46,2026-12-18,132,Call,25.00,-43.18%,0.14,0.17,0.25,8099,6082,1.33,44.36%,41.83%,0.10298,2026-08-07
IBRX,7.64,2026-08-14,6,Put,7.00,-8.38%,0,0.1,0.1,510,384,1.33,78.78%,67.06%,-0.143004,2026-08-07
MU,877.57,2026-08-14,6,Put,825.00,-5.99%,12.8,13,14.35,568,426,1.33,73.17%,77.34%,-0.248945,2026-08-07
OKLO,48.42,2026-08-14,6,Call,49.00,-1.20%,1.96,2.27,2.23,612,459,1.33,89.70%,94.82%,0.487129,2026-08-07
NVDA,223.96,2026-08-19,11,Call,230.00,-2.70%,2.87,2.94,2.96,762,575,1.33,38.68%,33.91%,0.342189,2026-08-07
HNRG,14.76,2026-08-21,13,Put,15.00,+1.63%,0.5,1.12,1.55,1000,752,1.33,81.09%,81.05%,-0.509591,2026-08-07
OKLO,48.42,2026-08-14,6,Call,60.00,-23.92%,0.21,0.21,0.22,1125,843,1.33,89.70%,110.08%,0.074285,2026-08-07
COHR,379.13,2026-10-16,69,Call,650.00,-71.45%,10.4,11.8,12,1136,856,1.33,104.07%,99.72%,0.156138,2026-08-07
TE,5.85,2026-08-21,13,Call,7.50,-28.21%,0.25,0.32,0.35,1169,878,1.33,158.44%,178.94%,0.286652,2026-08-07
BULL,7.32,2026-08-14,6,Put,7.00,-4.37%,0.1,0.11,0.12,1321,996,1.33,73.18%,64.93%,-0.279312,2026-08-07
MSFT,499.99,2026-08-14,6,Put,480.00,-4.00%,1.32,1.35,1.5,2034,1529,1.33,28.24%,30.32%,-0.139975,2026-08-07
V,362.5,2026-08-14,6,Call,370.00,-2.07%,0.95,1.25,1.23,512,389,1.32,20.74%,19.43%,0.214514,2026-08-07
XOM,153.04,2026-08-14,6,Put,147.00,-3.95%,0.41,0.53,0.58,574,434,1.32,29.22%,31.31%,-0.152192,2026-08-07
XOM,153.04,2026-08-28,20,Call,155.00,-1.28%,2.7,2.78,3.25,640,484,1.32,29.22%,26.75%,0.434446,2026-08-07
CRCL,66.67,2026-08-14,6,Call,73.00,-9.49%,0.95,1,1.04,818,620,1.32,80.75%,89.83%,0.234268,2026-08-07
HTZ,2.27,2026-09-11,34,Call,3.00,-32.16%,0.27,0.33,0.4,1127,856,1.32,172.98%,201.30%,0.443885,2026-08-07
MRVL,218.72,2026-08-14,6,Call,235.00,-7.44%,3.45,3.63,3.8,1179,894,1.32,88.41%,82.99%,0.268869,2026-08-07
POET,8.91,2026-08-14,6,Call,10.00,-12.23%,0.3,0.3,0.31,3309,2513,1.32,115.17%,149.55%,0.307469,2026-08-07
NVDA,223.96,2026-08-12,4,Put,220.00,-1.77%,1.66,1.7,1.73,4224,3199,1.32,38.68%,35.92%,-0.308045,2026-08-07
HTZ,2.27,2026-08-14,6,Call,4.00,-76.21%,0.1,0.1,0.13,7180,5443,1.32,172.98%,414.44%,0.212015,2026-08-07
CIFR,17.18,2026-08-14,6,Put,16.00,-6.87%,0.5,0.52,0.54,508,387,1.31,108.59%,118.56%,-0.291991,2026-08-07
NOW,124.88,2026-11-20,104,Call,165.00,-32.13%,5.2,5.49,5.7,526,402,1.31,55.65%,61.55%,0.257695,2026-08-07
TSLA,328.58,2026-08-14,6,Put,302.50,-7.94%,0.53,0.54,0.56,627,478,1.31,41.95%,43.90%,-0.065861,2026-08-07
FIG,23.29,2026-08-14,6,Call,24.00,-3.05%,0.63,0.69,0.75,636,487,1.31,77.42%,82.72%,0.411169,2026-08-07
CLF,12.26,2026-08-14,6,Call,11.50,+6.20%,0.75,0.93,1.1,684,521,1.31,61.11%,72.97%,0.768253,2026-08-07
AVGO,427.76,2026-08-14,6,Put,400.00,-6.49%,1.6,1.7,1.81,802,613,1.31,49.46%,47.58%,-0.127554,2026-08-07
UUUU,14.14,2026-08-14,6,Call,15.00,-6.08%,0.28,0.35,0.34,816,621,1.31,80.91%,87.14%,0.320118,2026-08-07
C,135,2026-08-14,6,Call,137.00,-1.48%,1.06,1.1,1.22,992,758,1.31,29.04%,28.27%,0.352175,2026-08-07
MSTR,100.01,2026-08-14,6,Call,99.00,+1.01%,4.25,4.4,4.5,1004,766,1.31,72.32%,75.05%,0.563489,2026-08-07
PLTR,172.01,2026-08-28,20,Put,150.00,-12.80%,1.34,1.36,1.4,1064,813,1.31,51.17%,53.67%,-0.121603,2026-08-07
CRWD,214.42,2026-08-14,6,Call,225.00,-4.93%,2.25,2.47,2.54,1094,835,1.31,60.61%,55.97%,0.265284,2026-08-07
TTD,13.8,2027-01-15,160,Call,15.00,-8.70%,2.1,2.14,2.19,1096,836,1.31,58.81%,69.38%,0.533808,2026-08-07
SPCX,133.11,2026-08-14,6,Put,102.00,-23.37%,0.2,0.2,0.21,1210,922,1.31,87.19%,111.90%,-0.026744,2026-08-07
QXO,16.16,2026-08-14,6,Call,16.00,+0.99%,0.75,0.8,0.9,1474,1129,1.31,68.35%,89.70%,0.559311,2026-08-07
AMZN,274.48,2026-08-14,6,Put,265.00,-3.45%,1.1,1.13,1.22,2807,2145,1.31,30.53%,31.86%,-0.185645,2026-08-07
AMZN,274.48,2026-08-14,6,Call,295.00,-7.48%,0.2,0.22,0.22,2837,2159,1.31,30.53%,32.54%,0.045241,2026-08-07
RGTI,17.94,2026-09-04,27,Call,19.00,-5.91%,0.88,1.37,1.74,680,524,1.3,91.94%,88.63%,0.457581,2026-08-07
AMZN,274.48,2026-08-14,6,Call,272.50,+0.72%,5.4,5.68,5.75,854,655,1.3,30.53%,31.62%,0.584572,2026-08-07
COIN,153.6,2026-08-14,6,Call,150.00,+2.34%,7.1,7.4,7.75,854,659,1.3,66.59%,69.34%,0.624747,2026-08-07
SERV,5.09,2026-08-14,6,Put,5.00,-1.77%,0.12,0.2,0.24,867,667,1.3,97.78%,85.78%,-0.415745,2026-08-07
BE,219.34,2026-08-14,6,Call,250.00,-13.98%,3.35,3.46,3.5,942,724,1.3,106.51%,113.22%,0.204764,2026-08-07
SPCX,133.11,2026-08-21,13,Call,127.00,+4.59%,12.5,12.8,13.3,1049,810,1.3,87.19%,96.55%,0.639125,2026-08-07
B,43.68,2026-08-21,13,Call,43.00,+1.56%,1.93,1.99,2.28,1458,1125,1.3,47.41%,52.98%,0.584477,2026-08-07
INTC,101.65,2026-08-14,6,Call,103.00,-1.33%,3.35,3.4,3.5,1585,1220,1.3,73.87%,77.26%,0.468685,2026-08-07
UBER,75.02,2026-08-14,6,Call,77.00,-2.64%,0.61,0.61,0.66,2099,1616,1.3,33.67%,35.87%,0.297838,2026-08-07
PWR,671.86,2026-09-18,41,Put,560.00,-16.65%,4.4,5.95,6.6,2130,1639,1.3,44.49%,46.69%,-0.102805,2026-08-07
ELF,98.49,2026-10-16,69,Put,80.00,-18.77%,2.56,2.56,3.05,3004,2316,1.3,59.52%,61.35%,-0.174644,2026-08-07
TSLA,328.58,2026-08-21,13,Call,330.00,-0.43%,9.9,9.9,10.2,6096,4705,1.3,41.95%,42.55%,0.501015,2026-08-07
PLTR,172.01,2026-08-14,6,Put,140.00,-18.61%,0.1,0.1,0.11,4452,3439,1.29,51.17%,77.39%,-0.016574,2026-08-07
NN,16.31,2026-09-18,41,Call,20.00,-22.62%,1.4,1.43,1.65,9281,7168,1.29,121.68%,124.71%,0.393937,2026-08-07
MARA,10.09,2026-09-04,27,Call,12.00,-18.93%,0.33,0.35,0.4,569,441,1.29,87.50%,87.89%,0.276061,2026-08-07
SPCX,133.11,2026-09-11,34,Call,140.00,-5.18%,11,11,11.75,613,477,1.29,87.19%,86.74%,0.481957,2026-08-07
MSFT,499.99,2026-08-10,2,Call,495.00,+1.00%,6.25,6.9,7.15,701,542,1.29,28.24%,24.61%,0.715163,2026-08-07
BROS,53.01,2026-08-21,13,Call,55.00,-3.75%,0.95,0.97,1.05,734,571,1.29,43.52%,44.29%,0.35061,2026-08-07
SKHY,137.91,2026-08-28,20,Put,105.00,-23.86%,1.2,1.35,1.35,794,615,1.29,85.24%,92.72%,-0.084847,2026-08-07
YSS,11.41,2026-08-21,13,Call,12.50,-9.55%,0.8,1,1,868,672,1.29,135.88%,153.01%,0.433617,2026-08-07
NKE,41.7,2026-08-14,6,Put,42.00,+0.72%,0.79,0.88,0.91,870,677,1.29,35.03%,32.20%,-0.560818,2026-08-07
MRVL,218.72,2026-08-14,6,Call,225.00,-2.87%,6.55,6.7,6.85,894,695,1.29,88.41%,83.42%,0.418459,2026-08-07
SNDK,1212.21,2026-08-14,6,Call,"1,600.00",-31.99%,2.2,2.2,2.45,932,720,1.29,93.26%,114.40%,0.034779,2026-08-07
MP,51.11,2026-08-14,6,Call,50.00,+2.17%,2.6,2.82,3.1,1031,802,1.29,71.89%,86.47%,0.602144,2026-08-07
TSM,420.04,2026-08-14,6,Call,450.00,-7.13%,1,1.19,1.24,1056,817,1.29,40.65%,41.86%,0.105989,2026-08-07
CVNA,70.85,2026-08-14,6,Call,73.00,-3.03%,1.21,1.26,1.36,1975,1536,1.29,57.68%,59.24%,0.363996,2026-08-07
PLTR,172.01,2026-08-28,20,Call,170.00,+1.17%,9.4,9.5,9.6,2000,1549,1.29,51.17%,51.89%,0.569025,2026-08-07
VZ,47.06,2027-01-15,160,Call,48.00,-2.00%,2.5,2.58,2.68,2232,1725,1.29,24.62%,25.83%,0.464469,2026-08-07
TEAM,149.07,2026-09-18,41,Call,150.00,-0.62%,12.4,13.26,13.7,2617,2031,1.29,66.31%,66.31%,0.540574,2026-08-07
AAOI,135.63,2026-08-14,6,Put,130.00,-4.15%,6.1,6.4,6.8,703,548,1.28,121.20%,132.92%,-0.368063,2026-08-07
PPTA,24.72,2026-09-18,41,Call,30.00,-21.36%,0.5,0.9,0.95,745,580,1.28,72.16%,68.90%,0.240449,2026-08-07
RIVN,16,2026-08-14,6,Put,16.00,0.00%,0.35,0.37,0.41,1400,1098,1.28,52.36%,46.96%,-0.484829,2026-08-07
SPCX,133.11,2026-08-14,6,Put,101.00,-24.12%,0.17,0.18,0.19,1866,1458,1.28,87.19%,112.89%,-0.023663,2026-08-07
OKLO,48.42,2026-08-21,13,Put,60.00,+23.92%,11.9,11.5,12.35,2478,1936,1.28,89.70%,97.53%,-0.858702,2026-08-07
MSTR,100.01,2026-08-14,6,Put,100.00,-0.01%,3.65,3.8,3.9,2933,2291,1.28,72.32%,74.46%,-0.478544,2026-08-07
TSLA,328.58,2026-08-12,4,Call,327.50,+0.33%,6.1,6.39,6.5,3603,2806,1.28,41.95%,41.43%,0.542517,2026-08-07
AAPL,313.33,2026-08-14,6,Call,330.00,-5.32%,0.27,0.29,0.3,6398,4983,1.28,24.55%,25.95%,0.063624,2026-08-07
WULF,17.08,2026-09-18,41,Call,24.00,-40.52%,0.37,0.4,0.51,29126,22668,1.28,91.17%,96.90%,0.170482,2026-08-07
IONQ,44.43,2026-09-18,41,Call,55.00,-23.79%,2.3,2.4,2.41,4449,3506,1.27,90.85%,94.25%,0.306918,2026-08-07
LRCX,311.35,2027-06-17,313,Call,400.00,-28.47%,56.5,57.45,59.5,502,394,1.27,71.17%,72.32%,0.501538,2026-08-07
META,592.1,2026-08-14,6,Put,560.00,-5.42%,1.5,1.59,1.72,620,489,1.27,35.36%,37.22%,-0.114611,2026-08-07
PANW,363.86,2026-08-14,6,Call,400.00,-9.93%,1,1.05,1.12,710,557,1.27,59.40%,54.02%,0.092732,2026-08-07
USAR,19.33,2026-08-21,13,Call,22.00,-13.81%,0.64,0.74,0.84,787,622,1.27,103.33%,113.14%,0.310919,2026-08-07
MSFT,499.99,2026-10-16,69,Put,500.00,0.00%,22.9,23.53,24.45,875,689,1.27,28.24%,28.77%,-0.461927,2026-08-07
CHTR,152.57,2026-11-20,104,Call,220.00,-44.20%,3.7,5,5.3,1107,871,1.27,57.82%,62.80%,0.186288,2026-08-07
NVO,47.26,2026-09-04,27,Call,50.00,-5.80%,0.59,0.65,0.7,1177,930,1.27,32.47%,32.39%,0.265999,2026-08-07
BAC,63.17,2027-12-17,496,Put,45.00,-28.76%,1.41,1.55,1.63,1300,1025,1.27,20.53%,31.23%,-0.115192,2026-08-07
AAPL,313.33,2026-08-14,6,Call,322.50,-2.93%,1,1.05,1.08,1389,1098,1.27,24.55%,24.86%,0.191564,2026-08-07
CTSH,57.67,2027-01-15,160,Call,60.00,-4.04%,6.2,6.3,6.9,1441,1131,1.27,47.40%,48.86%,0.519183,2026-08-07
AAL,15.94,2026-08-14,6,Call,16.50,-3.51%,0.15,0.16,0.18,2098,1654,1.27,48.08%,45.87%,0.289474,2026-08-07
INTC,101.65,2026-08-14,6,Call,113.00,-11.17%,0.77,0.82,0.86,581,462,1.26,73.87%,78.31%,0.158891,2026-08-07
ADBE,265.21,2026-11-20,104,Call,465.00,-75.33%,0.4,1.05,1.82,615,487,1.26,53.22%,54.28%,0.039606,2026-08-07
LLY,1185.71,2026-08-14,6,Call,"1,300.00",-9.64%,0.3,0.61,0.97,657,522,1.26,33.00%,37.31%,0.029443,2026-08-07
NVDA,223.96,2026-08-17,9,Put,195.00,-12.93%,0.18,0.18,0.2,770,609,1.26,38.68%,47.59%,-0.028709,2026-08-07
CELH,27.77,2026-08-21,13,Call,25.00,+9.97%,2.52,3.1,3.3,795,632,1.26,58.63%,44.47%,0.904838,2026-08-07
UEC,11.26,2026-09-18,41,Call,9.00,+20.07%,2.45,2.62,2.71,812,647,1.26,71.88%,78.76%,0.840527,2026-08-07
ASTS,71.94,2026-08-14,6,Call,81.00,-12.59%,2.08,2.13,2.15,888,704,1.26,103.71%,140.57%,0.286098,2026-08-07
SPCX,133.11,2026-09-04,27,Put,95.00,-28.63%,0.92,1,1.06,1074,850,1.26,87.19%,89.14%,-0.063909,2026-08-07
SPCX,133.11,2026-08-14,6,Call,105.00,+21.12%,27.35,27,29.2,1709,1359,1.26,87.19%,90.57%,0.982394,2026-08-07
AMD,483.36,2026-08-14,6,Call,500.00,-3.44%,9.3,9.5,9.7,3238,2565,1.26,61.55%,65.22%,0.360972,2026-08-07
NVDA,223.96,2026-09-04,27,Call,225.00,-0.46%,9.65,9.8,9.95,3561,2830,1.26,38.68%,41.36%,0.514188,2026-08-07
CRSR,14.35,2026-08-21,13,Call,12.50,+12.89%,2,2.1,2.15,4768,3781,1.26,82.75%,82.19%,0.835415,2026-08-07
SPCX,133.11,2026-09-18,41,Call,140.00,-5.18%,12.25,12.53,12.8,12192,9646,1.26,87.19%,85.24%,0.492323,2026-08-07
NVDA,223.96,2026-08-14,6,Call,220.00,+1.77%,6.4,6.45,6.55,14384,11427,1.26,38.68%,36.31%,0.66189,2026-08-07
NVDA,223.96,2026-08-14,6,Put,212.50,-5.12%,0.72,0.73,0.75,17014,13665,1.25,38.68%,37.81%,-0.131871,2026-08-07
SPCX,133.11,2026-08-14,6,Put,105.00,-21.12%,0.28,0.29,0.3,17191,13729,1.25,87.19%,108.24%,-0.037317,2026-08-07
PLTR,172.01,2026-08-28,20,Call,240.00,-39.53%,0.12,0.15,0.16,516,412,1.25,51.17%,63.73%,0.016,2026-08-07
TSLA,328.58,2026-09-18,41,Put,235.00,-28.48%,0.46,0.51,0.51,524,418,1.25,41.95%,52.21%,-0.021428,2026-08-07
HUT,88.59,2026-11-20,104,Call,160.00,-80.61%,4,4.85,5.7,547,438,1.25,101.29%,103.65%,0.220018,2026-08-07
XOM,153.04,2026-08-14,6,Call,162.50,-6.18%,0.22,0.24,0.3,662,529,1.25,29.22%,33.75%,0.086751,2026-08-07
LLY,1185.71,2026-08-14,6,Call,"1,250.00",-5.42%,2.41,3.2,3.85,681,544,1.25,33.00%,34.50%,0.12292,2026-08-07
CRWD,214.42,2026-08-14,6,Call,230.00,-7.27%,1.4,1.46,1.5,731,584,1.25,60.61%,56.58%,0.178116,2026-08-07
XOM,153.04,2026-08-14,6,Call,152.50,+0.35%,2.55,2.35,2.73,807,648,1.25,29.22%,30.06%,0.545603,2026-08-07
SNDK,1212.21,2026-08-14,6,Put,"1,200.00",-1.01%,55,56.39,58,928,744,1.25,93.26%,101.76%,-0.44173,2026-08-07
BA,234.42,2026-08-14,6,Put,225.00,-4.02%,0.74,0.8,0.85,1335,1066,1.25,32.16%,32.15%,-0.154673,2026-08-07
ASTS,71.94,2026-08-14,6,Call,80.00,-11.20%,2.3,2.39,2.5,2253,1798,1.25,103.71%,142.00%,0.312388,2026-08-07
VRT,272.4,2026-08-14,6,Call,300.00,-10.13%,1.69,1.89,2,514,415,1.24,63.55%,69.70%,0.15175,2026-08-07
CAT,842.19,2026-08-21,13,Put,380.00,-54.88%,0,0.15,0.15,520,418,1.24,41.82%,144.12%,-0.00109,2026-08-07
AMAT,539.14,2026-09-18,41,Put,260.00,-51.78%,0.5,0.76,1.02,832,671,1.24,75.56%,102.70%,-0.0107,2026-08-07
IONQ,44.43,2026-10-16,69,Call,70.00,-57.55%,1.4,1.6,1.79,835,673,1.24,90.85%,94.82%,0.189524,2026-08-07
TSLA,328.58,2026-08-14,6,Put,312.50,-4.89%,1.66,1.65,1.69,843,682,1.24,41.95%,42.68%,-0.169993,2026-08-07
TTWO,246.5,2026-08-21,13,Put,230.00,-6.69%,1.15,1.71,1.9,932,749,1.24,44.09%,38.50%,-0.157243,2026-08-07
SKHY,137.91,2026-08-14,6,Call,155.00,-12.39%,1.5,1.55,1.6,1307,1057,1.24,85.24%,93.61%,0.181811,2026-08-07
TTD,13.8,2026-09-18,41,Put,12.50,-9.42%,0.46,0.46,0.49,2195,1766,1.24,58.81%,57.60%,-0.265174,2026-08-07
CVNA,70.85,2027-01-15,160,Call,72.00,-1.62%,11.5,12.24,12.1,2503,2024,1.24,57.68%,63.40%,0.583834,2026-08-07
IREN,41.23,2026-08-14,6,Call,42.00,-1.87%,1.91,1.99,2,2760,2231,1.24,109.14%,108.58%,0.476453,2026-08-07
MITK,18.49,2027-01-15,160,Call,17.50,+5.35%,4.2,4.2,4.4,4755,3828,1.24,67.99%,77.72%,0.654332,2026-08-07
"Downloaded from Barchart.com as of 08-07-2026 09:37pm CDT"
