Symbol,Price~,"Exp Date",DTE,Type,Strike,Moneyness,Bid,Latest,Ask,Volume,"Open Int",Vol/OI,"Imp Vol",IV,Delta,Time
INTC,112.5,2026-10-07,1,Call,114.00,-1.33%,0.79,0.81,0.83,21221,191,111.1,62.66%,60.61%,0.345051,2026-10-06
MAT,15.93,2027-01-15,101,Call,18.00,-12.99%,0.5,1.08,1.25,12381,129,95.98,56.08%,48.41%,0.36097,2026-10-06
AMD,649.42,2026-10-07,1,Put,650.00,+0.09%,6.4,6.5,6.75,8633,101,85.48,51.40%,46.53%,-0.508352,2026-10-06
INTC,112.5,2026-10-07,1,Call,113.00,-0.44%,1.18,1.17,1.22,10636,130,81.82,62.66%,60.80%,0.452046,2026-10-06
SPCX,171.92,2026-10-09,3,Put,172.50,+0.34%,3.35,3.4,3.4,29274,427,68.56,50.12%,49.82%,-0.518515,2026-10-06
AVGO,375.81,2026-10-07,1,Call,382.50,-1.78%,1.21,1.27,1.29,15253,230,66.32,37.59%,46.15%,0.237349,2026-10-06
INTC,112.5,2026-10-07,1,Call,115.00,-2.22%,0.53,0.54,0.55,43377,698,62.14,62.66%,61.44%,0.253172,2026-10-06
MSFT,529.3,2026-10-07,1,Put,530.00,+0.13%,3.1,3.1,3.3,18194,331,54.97,29.50%,25.85%,-0.534195,2026-10-06
AMZN,256.29,2026-10-07,1,Put,255.00,-0.50%,0.92,0.94,0.95,25604,468,54.71,36.20%,28.13%,-0.360799,2026-10-06
AMD,649.42,2026-10-07,1,Call,670.00,-3.17%,0.89,0.93,0.97,10254,210,48.83,51.40%,49.07%,0.115487,2026-10-06
NVDA,239.24,2026-10-12,6,Put,252.50,+5.54%,12.9,13.28,14.05,4749,100,47.49,32.77%,29.02%,-0.926762,2026-10-06
AMD,649.42,2026-10-07,1,Call,657.50,-1.24%,3.05,3.19,3.25,7712,166,46.46,51.40%,46.69%,0.312247,2026-10-06
CORZ,16.68,2026-10-30,24,Put,14.00,-16.07%,0.21,0.23,0.4,6462,141,45.83,72.43%,77.25%,-0.159908,2026-10-06
BRK.B,505.54,2026-10-30,24,Call,510.00,-0.88%,5.2,5.5,5.9,5248,115,45.63,15.20%,13.53%,0.435574,2026-10-06
AVGO,375.81,2026-10-07,1,Put,367.50,-2.21%,0.64,0.64,0.68,4924,108,45.59,37.59%,42.13%,-0.15179,2026-10-06
OLLI,87.75,2026-11-20,45,Call,95.00,-8.26%,2.25,2.76,3.8,5020,112,44.82,43.88%,45.47%,0.349511,2026-10-06
SPCX,171.92,2026-10-09,3,Put,175.00,+1.79%,4.85,4.9,4.95,29278,670,43.7,50.12%,50.30%,-0.64127,2026-10-06
AMD,649.42,2026-10-07,1,Call,675.00,-3.94%,0.53,0.57,0.58,10971,253,43.36,51.40%,50.29%,0.073477,2026-10-06
NVDA,239.24,2026-10-07,1,Put,242.50,+1.36%,3.5,3.59,3.7,34816,858,40.58,32.77%,28.47%,-0.815586,2026-10-06
NVDA,239.24,2026-10-07,1,Put,240.00,+0.32%,1.81,1.82,1.84,140445,3672,38.25,32.77%,28.47%,-0.579464,2026-10-06
MPT,3.3,2027-09-17,346,Call,3.50,-6.06%,0.37,0.47,0.57,6600,173,38.15,46.56%,50.34%,0.486159,2026-10-06
FRVO,14.33,2026-12-18,73,Call,35.00,-144.24%,0.2,0.3,0.8,8812,231,38.15,96.69%,141.41%,0.139328,2026-10-06
AVGO,375.81,2026-10-07,1,Call,380.00,-1.11%,1.81,1.85,1.89,28137,740,38.02,37.59%,44.96%,0.324297,2026-10-06
NVDA,239.24,2026-10-16,10,Put,242.50,+1.36%,5.85,6.05,6.05,7839,213,36.8,32.77%,26.69%,-0.606381,2026-10-06
AMD,649.42,2026-10-07,1,Put,640.00,-1.45%,2.46,2.71,2.87,8635,243,35.53,51.40%,46.83%,-0.270183,2026-10-06
AVGO,375.81,2026-10-07,1,Call,385.00,-2.45%,0.81,0.83,0.85,21394,608,35.19,37.59%,47.36%,0.168855,2026-10-06
TSLA,380.68,2026-10-07,1,Put,385.00,+1.13%,5.5,5.55,5.7,7991,229,34.9,40.77%,37.28%,-0.71406,2026-10-06
AAPL,333.63,2026-10-07,1,Put,332.50,-0.34%,1.1,1.11,1.15,42034,1234,34.06,25.02%,23.58%,-0.386734,2026-10-06
MRVL,287.01,2026-10-09,3,Put,280.00,-2.44%,4.25,4.48,4.5,4234,127,33.34,59.79%,72.05%,-0.338913,2026-10-06
ALEC,1.81,2027-01-15,101,Put,2.0000,+10.50%,0.35,0.4,0.45,20002,610,32.79,127.38%,77.76%,-0.509204,2026-10-06
CSCO,117.94,2026-10-09,3,Call,122.00,-3.44%,0.26,0.31,0.31,4027,123,32.74,39.21%,35.11%,0.148887,2026-10-06
AVGO,375.81,2026-10-07,1,Put,365.00,-2.88%,0.36,0.37,0.4,4350,135,32.22,37.59%,43.02%,-0.094929,2026-10-06
BAC,54.09,2026-10-30,24,Call,59.00,-9.08%,0.18,0.19,0.22,3794,118,32.15,27.41%,26.95%,0.113289,2026-10-06
TSLA,380.68,2026-10-07,1,Put,382.50,+0.48%,3.85,3.9,3.95,19688,620,31.75,40.77%,36.67%,-0.592804,2026-10-06
TSLA,380.68,2026-10-07,1,Put,380.00,-0.18%,2.49,2.54,2.53,72874,2420,30.11,40.77%,35.94%,-0.456534,2026-10-06
AMD,649.42,2026-10-07,1,Put,635.00,-2.22%,1.58,1.65,1.7,6173,208,29.68,51.40%,48.14%,-0.182042,2026-10-06
AVGO,375.81,2026-10-07,1,Call,377.50,-0.45%,2.66,2.75,2.76,21034,721,29.17,37.59%,44.20%,0.429108,2026-10-06
NVAX,11.32,2026-10-16,10,Put,13.00,+14.84%,1.7,2,2.51,3250,112,29.02,95.03%,133.82%,-0.695479,2026-10-06
CORZ,16.68,2026-10-30,24,Call,18.00,-7.91%,0.6,0.7,0.78,3016,104,29,72.43%,69.16%,0.372034,2026-10-06
CORZ,16.68,2027-03-19,164,Call,28.00,-67.87%,0.68,0.77,0.84,4148,144,28.81,72.43%,71.03%,0.208863,2026-10-06
TSLA,380.68,2026-10-07,1,Call,385.00,-1.13%,1.31,1.31,1.32,100258,3684,27.21,40.77%,37.26%,0.286551,2026-10-06
YPF,51.16,2026-11-20,45,Call,55.00,-7.51%,1.6,1.72,1.8,10141,375,27.04,44.08%,43.17%,0.352183,2026-10-06
AMD,649.42,2026-10-07,1,Call,655.00,-0.86%,3.85,3.96,4.1,16524,613,26.96,51.40%,46.66%,0.369261,2026-10-06
INTC,112.5,2026-10-07,1,Call,116.00,-3.11%,0.33,0.35,0.35,21258,797,26.67,62.66%,61.67%,0.176147,2026-10-06
HUM,404.27,2026-10-16,10,Call,470.00,-16.26%,5.2,6.3,7.3,7133,268,26.62,67.61%,95.13%,0.191312,2026-10-06
AMZN,256.29,2026-10-07,1,Put,257.50,+0.47%,2.16,2.2,2.26,4213,159,26.5,36.20%,28.80%,-0.617827,2026-10-06
AMZN,256.29,2026-10-07,1,Put,260.00,+1.45%,3.95,4,4.15,7162,271,26.43,36.20%,28.92%,-0.826378,2026-10-06
ORCL,144.77,2026-11-06,31,Call,160.00,-10.52%,3.75,3.85,4,7347,295,24.91,51.14%,53.93%,0.292952,2026-10-06
DAL,83.66,2026-10-16,10,Call,88.00,-5.19%,1.16,1.1,1.29,3423,138,24.8,41.58%,50.67%,0.290464,2026-10-06
AMD,649.42,2026-10-07,1,Call,667.50,-2.78%,1.15,1.2,1.25,3282,133,24.68,51.40%,48.51%,0.143536,2026-10-06
UEC,10.11,2026-10-30,24,Put,9.00,-10.98%,0.16,0.19,0.27,6204,253,24.52,63.93%,64.07%,-0.210757,2026-10-06
MU,1045.56,2026-10-07,1,Put,"1,045.00",-0.05%,9.5,9.59,9.8,6454,264,24.45,44.88%,45.71%,-0.48486,2026-10-06
AMD,649.42,2026-10-07,1,Put,632.50,-2.61%,1.22,1.28,1.32,3633,150,24.22,51.40%,48.81%,-0.146845,2026-10-06
FCEL,20.65,2026-10-16,10,Put,22.00,+6.54%,2.1,2.19,2.35,11137,462,24.11,97.34%,104.25%,-0.608952,2026-10-06
WDC,411.04,2026-11-06,31,Put,320.00,-22.15%,2.45,3.07,3.55,3710,155,23.94,64.25%,65.74%,-0.078039,2026-10-06
MU,1045.56,2026-10-07,1,Put,"1,055.00",+0.90%,15.2,15.39,15.7,7010,294,23.84,44.88%,46.05%,-0.639747,2026-10-06
AMD,649.42,2026-10-16,10,Call,655.00,-0.86%,16.9,17.01,17.4,2665,112,23.79,51.40%,45.30%,0.475116,2026-10-06
AVGO,375.81,2026-10-16,10,Call,415.00,-10.43%,0.84,1.07,1.1,4931,208,23.71,37.59%,41.95%,0.083579,2026-10-06
CRM,224.99,2026-10-09,3,Call,225.00,0.00%,3.3,3.45,3.5,2691,114,23.61,38.18%,41.50%,0.509711,2026-10-06
AAPL,333.63,2026-10-07,1,Put,330.00,-1.09%,0.42,0.43,0.45,53470,2294,23.31,25.02%,23.98%,-0.188132,2026-10-06
MU,1045.56,2026-10-07,1,Put,"1,060.00",+1.38%,18.5,19.03,19.2,12040,523,23.02,44.88%,45.94%,-0.710773,2026-10-06
AAPL,333.63,2026-10-07,1,Call,335.00,-0.41%,1.02,1.05,1.06,100411,4427,22.68,25.02%,23.23%,0.37337,2026-10-06
FRVO,14.33,2028-01-21,472,Call,15.00,-4.68%,5.3,5.9,6.5,3048,139,21.93,96.69%,94.28%,0.708005,2026-10-06
MU,1045.56,2026-10-07,1,Call,"1,070.00",-2.34%,2.62,2.62,2.64,28799,1326,21.72,44.88%,48.25%,0.184529,2026-10-06
AMD,649.42,2026-10-07,1,Call,650.00,-0.09%,5.95,6.1,6.2,19220,886,21.69,51.40%,46.64%,0.492022,2026-10-06
AVGO,375.81,2026-10-09,3,Call,387.50,-3.11%,1.78,1.83,2.03,7550,355,21.27,37.59%,43.49%,0.226433,2026-10-06
RXT,4.02,2026-10-09,3,Call,1.00,+75.12%,2.95,3.2,3.2,3021,144,20.98,107.72%,"1,042.92%",0.974092,2026-10-06
WULF,14.97,2027-01-15,101,Call,23.00,-53.64%,0.62,0.64,0.67,17551,837,20.97,81.48%,88.24%,0.20246,2026-10-06
FCEL,20.65,2026-10-16,10,Put,18.00,-12.83%,0.2,0.35,0.45,11254,537,20.96,97.34%,96.13%,-0.17135,2026-10-06
MU,1045.56,2026-10-07,1,Call,"1,055.00",-0.90%,6.15,6.15,6.45,6701,321,20.88,44.88%,46.97%,0.363505,2026-10-06
META,738.88,2026-10-09,3,Call,722.50,+2.22%,19.85,21.33,21.3,2539,122,20.81,39.34%,38.62%,0.747401,2026-10-06
TSLA,380.68,2026-10-07,1,Call,387.50,-1.79%,0.78,0.79,0.8,38461,1873,20.53,40.77%,38.09%,0.19068,2026-10-06
MU,1045.56,2026-10-07,1,Call,"1,115.00",-6.64%,0.28,0.3,0.3,7606,377,20.18,44.88%,61.17%,0.023363,2026-10-06
UUUU,11.26,2026-10-16,10,Call,10.50,+6.75%,0.85,0.9,1.02,2073,104,19.93,66.37%,62.40%,0.769949,2026-10-06
AVGO,375.81,2026-10-07,1,Call,375.00,+0.22%,3.8,3.88,4,31215,1569,19.89,37.59%,44.17%,0.543265,2026-10-06
INTC,112.5,2026-10-07,1,Put,114.00,+1.33%,2.28,2.32,2.35,26175,1345,19.46,62.66%,61.29%,-0.653477,2026-10-06
WDC,411.04,2026-10-16,10,Call,400.00,+2.69%,20.2,22.17,24.95,3267,169,19.33,64.25%,60.60%,0.62997,2026-10-06
INTC,112.5,2026-10-16,10,Call,114.00,-1.33%,3.6,3.6,3.75,2894,150,19.29,62.66%,58.04%,0.468044,2026-10-06
CRWV,91.72,2027-09-17,346,Call,120.00,-30.83%,18.1,18.6,19.3,5031,263,19.13,76.52%,73.88%,0.517061,2026-10-06
NBIS,249.87,2026-10-09,3,Put,250.00,+0.05%,7.05,7.05,7.25,4830,253,19.09,80.01%,78.80%,-0.48721,2026-10-06
MU,1045.56,2026-10-07,1,Call,"1,065.00",-1.86%,3.5,3.55,3.6,20756,1100,18.87,44.88%,47.68%,0.235259,2026-10-06
META,738.88,2026-10-07,1,Call,745.00,-0.83%,2.7,2.87,2.9,13539,724,18.7,39.34%,34.10%,0.327139,2026-10-06
AVGO,375.81,2026-10-09,3,Put,372.50,-0.88%,3.5,3.8,3.9,2331,126,18.5,37.59%,38.61%,-0.391018,2026-10-06
GOOGL,347.68,2026-10-07,1,Put,345.00,-0.77%,1,1.02,1.05,8845,484,18.27,33.81%,29.17%,-0.301436,2026-10-06
GXO,46.4,2026-11-20,45,Put,45.00,-3.02%,1.8,1.85,1.95,3029,166,18.25,40.18%,40.65%,-0.377039,2026-10-06
SPCX,171.92,2026-10-16,10,Put,172.50,+0.34%,5.4,5.48,5.45,3133,174,18.01,50.12%,45.87%,-0.498236,2026-10-06
MSFT,529.3,2026-10-07,1,Call,535.00,-1.08%,1.01,1.01,1.05,37536,2096,17.91,29.50%,27.55%,0.23284,2026-10-06
AAPL,333.63,2026-10-07,1,Call,332.50,+0.34%,2.24,2.33,2.32,42751,2442,17.51,25.02%,23.49%,0.614128,2026-10-06
WMT,107.2,2026-11-20,45,Call,125.00,-16.60%,0.38,0.39,0.4,112850,6500,17.36,28.66%,29.41%,0.08076,2026-10-06
TEM,71.98,2026-10-16,10,Call,81.00,-12.53%,1,1.1,1.15,2512,145,17.32,79.84%,80.89%,0.209846,2026-10-06
AMD,649.42,2026-10-07,1,Call,645.00,+0.68%,8.6,8.6,9,8504,493,17.25,51.40%,46.64%,0.616517,2026-10-06
AMD,649.42,2026-10-07,1,Call,647.50,+0.30%,7.3,7.35,7.55,5205,302,17.24,51.40%,47.13%,0.554364,2026-10-06
TSLA,380.68,2026-10-09,3,Put,390.00,+2.45%,10.9,11,11.15,6471,378,17.12,40.77%,37.01%,-0.757962,2026-10-06
TSLA,380.68,2026-10-12,6,Call,382.50,-0.48%,5.3,5.4,5.5,3540,207,17.1,40.77%,31.55%,0.467369,2026-10-06
RXRX,4.63,2026-10-30,24,Call,5.50,-18.79%,0.07,0.19,0.2,2303,135,17.06,91.42%,84.55%,0.250119,2026-10-06
INTC,112.5,2026-10-09,3,Call,114.00,-1.33%,1.83,1.87,1.89,4842,287,16.87,62.66%,61.70%,0.41924,2026-10-06
TSLA,380.68,2026-10-07,1,Put,377.50,-0.84%,1.53,1.54,1.54,37189,2239,16.61,40.77%,36.13%,-0.323499,2026-10-06
HIVE,2.9,2026-10-09,3,Call,1.00,+65.52%,1.85,1.9,2.15,2107,128,16.46,86.06%,"1,050.67%",0.944587,2026-10-06
GOOGL,347.68,2026-10-07,1,Put,347.50,-0.05%,1.97,1.94,2.07,10169,618,16.45,33.81%,29.26%,-0.481342,2026-10-06
AVGO,375.81,2026-10-09,3,Put,380.00,+1.11%,7.4,7.89,8.75,1754,107,16.39,37.59%,42.40%,-0.604162,2026-10-06
AMD,649.42,2026-10-07,1,Call,680.00,-4.71%,0.33,0.34,0.36,4044,247,16.37,51.40%,52.09%,0.047461,2026-10-06
IOVA,12.96,2026-11-06,31,Call,15.00,-15.74%,0.85,0.98,1.1,1893,116,16.32,94.66%,111.45%,0.390776,2026-10-06
AAPL,333.63,2026-10-07,1,Put,327.50,-1.84%,0.15,0.16,0.17,34751,2135,16.28,25.02%,25.38%,-0.079335,2026-10-06
NVDA,239.24,2026-10-07,1,Put,245.00,+2.41%,5.55,6.05,6.2,6431,396,16.24,32.77%,31.33%,-0.926253,2026-10-06
AVGO,375.81,2026-10-07,1,Call,390.00,-3.78%,0.35,0.37,0.37,5759,366,15.73,37.59%,50.09%,0.081189,2026-10-06
NBIS,249.87,2026-10-09,3,Put,247.50,-0.95%,5.85,5.92,6,3200,207,15.46,80.01%,78.73%,-0.431339,2026-10-06
AMD,649.42,2026-10-07,1,Put,637.50,-1.84%,2.05,2.11,2.29,2551,170,15.01,51.40%,48.17%,-0.226267,2026-10-06
GOOGL,347.68,2026-10-07,1,Call,347.50,+0.05%,2.2,2.33,2.31,12795,855,14.96,33.81%,29.57%,0.518996,2026-10-06
CSCO,117.94,2026-10-16,10,Call,118.00,-0.05%,2.35,2.44,2.52,1600,107,14.95,39.21%,31.16%,0.511399,2026-10-06
MU,1045.56,2026-10-07,1,Call,"1,075.00",-2.82%,1.96,1.95,2.04,12040,807,14.92,44.88%,49.43%,0.145415,2026-10-06
AMZN,256.29,2026-10-07,1,Call,257.50,-0.47%,1.01,1.04,1.05,52923,3581,14.78,36.20%,28.90%,0.383297,2026-10-06
AMD,649.42,2026-10-07,1,Call,642.50,+1.07%,10.05,10.53,10.7,3986,270,14.76,51.40%,46.50%,0.676091,2026-10-06
TSLA,380.68,2026-10-07,1,Call,392.50,-3.10%,0.27,0.28,0.29,21068,1435,14.68,40.77%,40.62%,0.077414,2026-10-06
FRO,52.77,2026-11-20,45,Call,60.00,-13.70%,1.65,1.83,1.9,3410,233,14.64,54.91%,62.16%,0.278565,2026-10-06
MU,1045.56,2026-10-07,1,Put,"1,040.00",-0.53%,7.15,7.25,7.5,10005,686,14.58,44.88%,45.46%,-0.40526,2026-10-06
AMD,649.42,2026-10-07,1,Call,660.00,-1.63%,2.42,2.52,2.59,21701,1489,14.57,51.40%,47.12%,0.261534,2026-10-06
NVDA,239.24,2026-10-12,6,Put,250.00,+4.50%,10.4,11,11.5,1754,121,14.5,32.77%,24.33%,-0.922562,2026-10-06
VZ,45.98,2027-04-16,192,Call,45.00,+2.13%,3,3.2,3.35,3003,208,14.44,25.16%,22.06%,0.560746,2026-10-06
SPCX,171.92,2026-10-09,3,Put,177.50,+3.25%,6.7,6.75,6.75,3053,212,14.4,50.12%,51.17%,-0.74593,2026-10-06
MU,1045.56,2026-10-07,1,Put,"1,065.00",+1.86%,22.25,22.55,23.05,11030,771,14.31,44.88%,46.22%,-0.772543,2026-10-06
AAPL,333.63,2026-10-07,1,Call,337.50,-1.16%,0.39,0.41,0.42,68364,4779,14.31,25.02%,23.77%,0.180671,2026-10-06
META,738.88,2026-10-23,17,Call,750.00,-1.50%,17.15,17.48,17.65,13917,983,14.16,39.34%,34.34%,0.443519,2026-10-06
AAPL,333.63,2026-10-23,17,Call,352.50,-5.66%,0.88,0.97,1.07,1581,112,14.12,25.02%,21.42%,0.128951,2026-10-06
NVDA,239.24,2026-10-07,1,Call,242.50,-1.36%,0.35,0.36,0.36,174281,12365,14.09,32.77%,28.34%,0.184439,2026-10-06
FCEL,20.65,2026-10-30,24,Put,16.00,-22.52%,0.25,0.3,0.55,3607,257,14.04,97.34%,101.53%,-0.131556,2026-10-06
TSLA,380.68,2026-10-07,1,Call,382.50,-0.48%,2.08,2.1,2.12,90625,6464,14.02,40.77%,36.44%,0.407114,2026-10-06
META,738.88,2026-10-07,1,Call,740.00,-0.15%,4.55,4.75,4.9,8655,621,13.94,39.34%,33.89%,0.471708,2026-10-06
GAP,23.79,2026-10-30,24,Put,24.00,+0.88%,0.96,1.1,1.23,2002,144,13.9,46.83%,40.75%,-0.510044,2026-10-06
AMD,649.42,2026-10-07,1,Call,637.50,+1.84%,13.65,14.04,14.4,2461,177,13.9,51.40%,46.87%,0.779872,2026-10-06
VST,160.5,2026-10-09,3,Call,180.00,-12.15%,0.12,0.18,0.18,1455,105,13.86,49.25%,69.75%,0.037749,2026-10-06
TXG,80.66,2026-10-16,10,Call,90.00,-11.58%,2.4,2.51,4.3,3346,242,13.83,99.10%,125.11%,0.337062,2026-10-06
NU,15.66,2026-12-18,73,Call,19.00,-21.33%,0.31,0.31,0.34,65301,4735,13.79,48.15%,44.60%,0.20334,2026-10-06
GLAS,5.16,2027-12-17,437,Call,20.00,-287.60%,0.1,0.52,0.7,3000,218,13.76,101.30%,90.64%,0.207232,2026-10-06
MU,1045.56,2026-10-07,1,Call,"1,060.00",-1.38%,4.65,4.7,4.85,17387,1268,13.71,44.88%,47.22%,0.295128,2026-10-06
AMD,649.42,2026-10-07,1,Call,662.50,-2.01%,1.89,1.96,2.05,3264,239,13.66,51.40%,47.52%,0.216207,2026-10-06
RBLX,45.56,2026-10-30,24,Call,58.00,-27.30%,0.21,0.53,0.76,2000,147,13.61,74.99%,74.11%,0.122614,2026-10-06
LITE,1133.4,2026-10-09,3,Put,"1,070.00",-5.59%,5,6.9,7.6,1722,127,13.56,73.41%,67.81%,-0.165567,2026-10-06
LIN,489.95,2026-12-18,73,Put,455.00,-7.13%,6,6.8,9,2004,148,13.54,23.45%,25.10%,-0.224156,2026-10-06
CRWD,278.86,2026-10-09,3,Put,275.00,-1.38%,3.15,3.3,3.45,1411,105,13.44,50.46%,50.19%,-0.368771,2026-10-06
AMZN,256.29,2026-10-07,1,Call,255.00,+0.50%,2.27,2.29,2.3,56005,4187,13.38,36.20%,28.80%,0.636588,2026-10-06
AMD,649.42,2026-10-09,3,Put,650.00,+0.09%,11.05,11.06,11.45,1966,147,13.37,51.40%,47.04%,-0.497462,2026-10-06
SPCX,171.92,2026-10-09,3,Put,170.00,-1.12%,2.19,2.2,2.2,53556,4030,13.29,50.12%,49.82%,-0.390791,2026-10-06
AAOI,130.16,2026-10-09,3,Call,155.00,-19.08%,0.25,0.29,0.3,3400,256,13.28,99.72%,113.84%,0.050743,2026-10-06
MRVL,287.01,2026-10-09,3,Call,297.50,-3.65%,3.55,3.75,3.75,2957,224,13.2,59.79%,73.51%,0.308287,2026-10-06
CRWV,91.72,2026-10-30,24,Call,91.00,+0.78%,6.85,6.86,7.1,3115,236,13.2,76.52%,69.60%,0.558723,2026-10-06
MSFT,529.3,2026-10-23,17,Put,530.00,+0.13%,10.45,10.73,10.95,1419,108,13.14,29.50%,23.47%,-0.49137,2026-10-06
MSFT,529.3,2026-10-07,1,Call,532.50,-0.60%,1.65,1.68,1.72,20141,1535,13.12,29.50%,27.08%,0.340157,2026-10-06
MSFT,529.3,2026-10-07,1,Call,542.50,-2.49%,0.18,0.18,0.21,9987,770,12.97,29.50%,29.43%,0.056413,2026-10-06
SPCX,171.92,2027-09-17,346,Call,205.00,-19.24%,24.45,25.27,25.4,1503,116,12.96,50.12%,50.87%,0.489939,2026-10-06
NVDA,239.24,2026-10-12,6,Put,242.50,+1.36%,4.6,4.9,4.8,1457,113,12.89,32.77%,23.19%,-0.66595,2026-10-06
FSLR,179.8,2026-10-23,17,Call,190.00,-5.67%,2.99,3.35,3.9,1586,124,12.79,56.34%,46.21%,0.313729,2026-10-06
AMD,649.42,2026-10-07,1,Call,652.50,-0.47%,4.75,4.89,5.1,5980,474,12.62,51.40%,46.47%,0.429363,2026-10-06
META,738.88,2026-10-07,1,Put,740.00,+0.15%,5.4,5.6,5.8,8541,685,12.47,39.34%,32.74%,-0.529988,2026-10-06
TEM,71.98,2026-10-09,3,Put,73.00,+1.42%,2.7,2.93,3.05,2195,177,12.4,79.84%,89.34%,-0.551793,2026-10-06
NVDA,239.24,2026-10-12,6,Put,257.50,+7.63%,17.65,17.95,19.05,1409,114,12.36,32.77%,32.68%,-0.963502,2026-10-06
MSFT,529.3,2026-10-07,1,Put,527.50,-0.34%,1.97,1.98,2.1,6051,491,12.32,29.50%,25.94%,-0.396194,2026-10-06
GPC,127.38,2026-10-16,10,Call,135.00,-5.98%,0.4,0.4,0.5,1247,102,12.23,33.87%,31.32%,0.137348,2026-10-06
FPS,41.35,2027-01-15,101,Call,65.00,-57.19%,1.3,1.36,1.5,2515,207,12.15,78.82%,76.19%,0.184221,2026-10-06
INSM,105.23,2026-11-20,45,Call,110.00,-4.53%,7.4,7.75,8.1,5572,461,12.09,62.94%,64.79%,0.476255,2026-10-06
RKLB,75.06,2026-10-09,3,Put,75.00,-0.08%,1.79,1.98,1.97,6026,500,12.05,73.51%,70.79%,-0.480615,2026-10-06
MRNA,187.46,2026-10-09,3,Call,192.50,-2.69%,4.3,4.3,4.4,1805,150,12.03,92.47%,95.23%,0.397252,2026-10-06
MIR,16.27,2026-11-20,45,Call,17.50,-7.56%,0.85,0.97,1,6135,512,11.98,62.39%,60.52%,0.415431,2026-10-06
RKLB,75.06,2026-10-09,3,Put,76.00,+1.25%,2.17,2.76,2.6,1281,107,11.97,73.51%,69.22%,-0.564786,2026-10-06
MSFT,529.3,2026-10-16,10,Put,535.00,+1.08%,10.7,11,11.5,1512,127,11.91,29.50%,23.28%,-0.596045,2026-10-06
MU,1045.56,2026-10-07,1,Put,"1,070.00",+2.34%,26.35,25.45,27.15,5934,499,11.89,44.88%,46.68%,-0.824356,2026-10-06
MSFT,529.3,2026-10-07,1,Call,537.50,-1.55%,0.57,0.61,0.63,16352,1379,11.86,29.50%,28.00%,0.150198,2026-10-06
SNDK,1660.46,2026-10-09,3,Put,"1,670.00",+0.57%,38.4,39.1,40.5,1649,139,11.86,60.86%,57.67%,-0.531353,2026-10-06
MRVL,287.01,2026-10-09,3,Call,287.50,-0.17%,7.25,7.4,7.55,3614,305,11.85,59.79%,73.16%,0.504847,2026-10-06
META,738.88,2026-10-07,1,Call,760.00,-2.86%,0.52,0.57,0.56,11895,1005,11.84,39.34%,38.13%,0.081176,2026-10-06
TSLA,380.68,2026-10-07,1,Put,390.00,+2.45%,9.55,9.68,10,2047,173,11.83,40.77%,39.69%,-0.875793,2026-10-06
MSFT,529.3,2026-10-07,1,Put,522.50,-1.28%,0.69,0.74,0.76,5369,454,11.83,29.50%,27.09%,-0.177564,2026-10-06
WPM,137.65,2027-01-15,101,Put,130.00,-5.56%,7.9,8.5,9,4006,340,11.78,43.60%,44.31%,-0.345831,2026-10-06
TSLA,380.68,2026-10-07,1,Put,375.00,-1.49%,0.88,0.89,0.9,30258,2578,11.74,40.77%,36.67%,-0.212495,2026-10-06
TSLA,380.68,2026-10-07,1,Call,390.00,-2.45%,0.46,0.47,0.48,58783,5013,11.73,40.77%,39.25%,0.122608,2026-10-06
NVDA,239.24,2026-10-12,6,Put,247.50,+3.45%,8.5,8.72,8.95,1502,128,11.73,32.77%,24.62%,-0.855784,2026-10-06
AMD,649.42,2026-10-09,3,Put,640.00,-1.45%,6.65,6.8,7,2322,198,11.73,51.40%,47.03%,-0.355521,2026-10-06
META,738.88,2026-10-07,1,Put,722.50,-2.22%,0.65,0.71,0.73,3115,266,11.71,39.34%,34.75%,-0.106259,2026-10-06
SPCX,171.92,2026-11-06,31,Put,170.00,-1.12%,8.55,8.7,8.7,1192,102,11.69,50.12%,49.36%,-0.433171,2026-10-06
TWST,166.97,2026-10-16,10,Call,210.00,-25.77%,1.2,1.5,3.5,2422,208,11.64,93.75%,120.69%,0.148555,2026-10-06
MU,1045.56,2026-10-07,1,Call,"1,050.00",-0.42%,8,8.15,8.2,7299,628,11.62,44.88%,46.25%,0.436979,2026-10-06
FMX,116.98,2026-10-16,10,Call,125.00,-6.86%,0,0.26,0.4,2663,234,11.38,28.70%,28.41%,0.081415,2026-10-06
INTC,112.5,2026-10-07,1,Put,115.00,+2.22%,2.99,3.1,3.1,20114,1775,11.33,62.66%,62.21%,-0.744411,2026-10-06
AMD,649.42,2026-10-09,3,Call,647.50,+0.30%,12.1,12.3,12.5,1511,134,11.28,51.40%,47.79%,0.538795,2026-10-06
CORZ,16.68,2027-03-19,164,Call,18.00,-7.91%,2.68,2.82,2.96,2067,184,11.23,72.43%,72.34%,0.549419,2026-10-06
TEM,71.98,2026-10-30,24,Put,61.00,-15.25%,1.22,1.45,1.96,2155,193,11.17,79.84%,80.30%,-0.179343,2026-10-06
MRVL,287.01,2026-10-09,3,Call,292.50,-1.91%,5.15,5.35,5.35,3651,328,11.13,59.79%,73.01%,0.401874,2026-10-06
STX,805.63,2026-10-09,3,Call,850.00,-5.51%,5.2,5.5,5.7,2275,205,11.1,64.49%,67.96%,0.201916,2026-10-06
AMZN,256.29,2026-10-07,1,Put,262.50,+2.42%,5.95,6.25,6.8,2769,251,11.03,36.20%,33.66%,-0.911973,2026-10-06
MU,1045.56,2026-10-07,1,Call,"1,080.00",-3.29%,1.47,1.55,1.55,10783,981,10.99,44.88%,50.54%,0.113524,2026-10-06
AMD,649.42,2026-10-09,3,Put,645.00,-0.68%,8.7,8.89,9.15,2014,188,10.71,51.40%,47.32%,-0.425892,2026-10-06
SPCX,171.92,2026-10-12,6,Put,170.00,-1.12%,2.73,2.73,2.74,5241,491,10.67,50.12%,41.82%,-0.402758,2026-10-06
TSLA,380.68,2026-10-12,6,Put,380.00,-0.18%,5.5,5.6,5.65,1942,183,10.61,40.77%,30.91%,-0.469033,2026-10-06
SPCX,171.92,2026-10-12,6,Call,200.00,-16.33%,0.1,0.1,0.12,5221,492,10.61,50.12%,58.06%,0.023497,2026-10-06
ASTS,63.12,2026-10-09,3,Put,63.00,-0.19%,1.68,1.73,1.78,4625,438,10.56,80.85%,78.87%,-0.473682,2026-10-06
AAPL,333.63,2026-10-07,1,Put,335.00,+0.41%,2.34,2.38,2.43,9614,915,10.51,25.02%,23.30%,-0.627119,2026-10-06
VG,13.51,2027-03-19,164,Call,25.00,-85.05%,0.2,0.25,0.3,2000,191,10.47,61.75%,62.31%,0.108335,2026-10-06
MRK,141.94,2026-10-16,10,Put,137.00,-3.48%,0.73,0.89,0.96,1326,127,10.44,32.96%,28.45%,-0.216445,2026-10-06
AMD,649.42,2026-10-07,1,Put,627.50,-3.38%,0.66,0.66,0.8,2154,207,10.41,51.40%,49.90%,-0.091516,2026-10-06
ORCL,144.77,2026-10-09,3,Put,146.00,+0.85%,3.65,3.72,3.8,3454,332,10.4,51.14%,58.71%,-0.551394,2026-10-06
AAPL,333.63,2026-10-07,1,Call,330.00,+1.09%,4,4.2,4.3,9399,918,10.24,25.02%,25.10%,0.801467,2026-10-06
RBRK,125.8,2026-10-09,3,Call,132.00,-4.93%,0.3,0.82,0.95,1048,103,10.17,54.40%,56.55%,0.18229,2026-10-06
TXG,80.66,2026-10-16,10,Call,100.00,-23.98%,0.8,0.8,1.1,2379,234,10.17,99.10%,109.55%,0.138119,2026-10-06
IREN,41.28,2026-11-13,38,Put,30.00,-27.33%,0.24,0.42,0.47,1900,189,10.05,77.76%,74.87%,-0.072442,2026-10-06
NVDA,239.24,2026-10-07,1,Call,245.00,-2.41%,0.11,0.12,0.12,142296,14169,10.04,32.77%,30.35%,0.068972,2026-10-06
MRNA,187.46,2026-10-16,10,Put,205.00,+9.36%,21.85,22.05,22.05,1953,195,10.02,92.47%,86.55%,-0.708424,2026-10-06
NOK,10.97,2028-06-16,619,Call,15.00,-36.74%,2.37,2.37,2.48,4079,407,10.02,63.12%,61.03%,0.520188,2026-10-06
META,738.88,2026-10-07,1,Put,735.00,-0.53%,3.2,3.35,3.45,4631,463,10,39.34%,32.85%,-0.37457,2026-10-06
MU,1045.56,2026-10-07,1,Call,"1,100.00",-5.21%,0.53,0.53,0.58,36949,3708,9.96,44.88%,56.35%,0.044337,2026-10-06
META,738.88,2026-10-07,1,Put,742.50,+0.49%,6.85,6.85,7.25,4041,407,9.93,39.34%,32.81%,-0.607074,2026-10-06
ASX,46.78,2028-01-21,472,Put,40.00,-14.49%,6.4,6.8,8.7,1542,156,9.88,56.90%,58.38%,-0.270389,2026-10-06
OKLO,38.55,2026-10-23,17,Call,45.00,-16.73%,0.62,0.65,0.69,3301,335,9.85,74.83%,76.45%,0.199238,2026-10-06
MU,1045.56,2026-10-07,1,Call,"1,105.00",-5.68%,0.44,0.45,0.45,3902,396,9.85,44.88%,57.99%,0.035688,2026-10-06
ORCL,144.77,2028-01-21,472,Call,360.00,-148.67%,5.8,6.05,7.05,4039,411,9.83,51.14%,58.83%,0.163879,2026-10-06
BEPC,29.65,2026-10-16,10,Call,30.00,-1.18%,0.35,0.45,0.5,2550,260,9.81,35.33%,29.84%,0.412933,2026-10-06
AAPL,333.63,2026-10-07,1,Call,340.00,-1.91%,0.14,0.15,0.15,47387,4861,9.75,25.02%,24.85%,0.074953,2026-10-06
CTVA,13.91,2026-10-16,10,Put,12.50,-10.14%,0.05,0.14,0.15,1062,109,9.74,59.28%,61.10%,-0.134528,2026-10-06
AMD,649.42,2026-10-07,1,Call,672.50,-3.55%,0.69,0.73,0.76,2748,285,9.64,51.40%,49.77%,0.092827,2026-10-06
MU,1045.56,2026-10-07,1,Call,"1,090.00",-4.25%,0.85,0.85,0.91,8833,919,9.61,44.88%,53.07%,0.069329,2026-10-06
MSFT,529.3,2026-10-07,1,Put,525.00,-0.81%,1.19,1.22,1.28,7306,762,9.59,29.50%,26.39%,-0.273175,2026-10-06
ASTS,63.12,2026-10-09,3,Put,64.00,+1.39%,2.2,2.37,2.36,1063,111,9.58,80.85%,79.05%,-0.561178,2026-10-06
PCG,12.5,2026-12-18,73,Call,13.00,-4.00%,0.92,0.93,0.94,40128,4251,9.44,47.13%,50.28%,0.482256,2026-10-06
TEM,71.98,2026-10-16,10,Put,85.00,+18.09%,12.85,10.25,15.7,1009,107,9.43,79.84%,107.70%,-0.80019,2026-10-06
AVGO,375.81,2026-10-09,3,Call,397.50,-5.77%,0.64,0.66,0.69,1207,128,9.43,37.59%,45.83%,0.092831,2026-10-06
TSLA,380.68,2026-10-12,6,Call,385.00,-1.13%,4.3,4.4,4.45,4309,457,9.43,40.77%,31.68%,0.404453,2026-10-06
TSLA,380.68,2026-10-07,1,Put,372.50,-2.15%,0.5,0.51,0.52,14558,1554,9.37,40.77%,37.84%,-0.133139,2026-10-06
CRWD,278.86,2026-10-09,3,Call,292.50,-4.89%,1.15,1.21,1.28,2549,274,9.3,50.46%,53.69%,0.170972,2026-10-06
NBIS,249.87,2026-10-09,3,Call,252.50,-1.05%,5.9,6,6.1,5474,589,9.29,80.01%,79.32%,0.458098,2026-10-06
FCEL,20.65,2026-10-09,3,Call,21.50,-4.12%,0.45,0.5,0.55,2079,224,9.28,97.34%,112.43%,0.366288,2026-10-06
QCOM,181.03,2026-10-16,10,Call,197.50,-9.10%,0.95,1,1.03,2484,268,9.27,49.34%,47.10%,0.141917,2026-10-06
NN,13.27,2027-01-15,101,Call,18.00,-35.64%,1.5,1.65,1.8,11542,1245,9.27,111.48%,108.04%,0.4083,2026-10-06
META,738.88,2026-10-07,1,Put,732.50,-0.86%,2.39,2.38,2.64,1444,156,9.26,39.34%,33.22%,-0.304172,2026-10-06
AMZN,256.29,2026-10-12,6,Call,257.50,-0.47%,2.8,2.94,3,1926,208,9.26,36.20%,25.86%,0.457714,2026-10-06
META,738.88,2026-10-07,1,Call,747.50,-1.17%,2.03,2.13,2.17,3284,355,9.25,39.34%,34.26%,0.263532,2026-10-06
ADBE,238.12,2026-10-09,3,Put,222.50,-6.56%,0.16,0.23,0.29,1044,113,9.24,40.08%,46.85%,-0.05203,2026-10-06
MU,1045.56,2026-10-07,1,Put,"1,050.00",+0.42%,12.15,12.18,12.55,11718,1276,9.18,44.88%,45.84%,-0.564038,2026-10-06
INTC,112.5,2026-10-07,1,Put,109.00,-3.11%,0.31,0.32,0.33,2519,275,9.16,62.66%,62.49%,-0.162222,2026-10-06
MRVL,287.01,2026-10-09,3,Call,310.00,-8.01%,1.29,1.31,1.38,9240,1011,9.14,59.79%,75.37%,0.138049,2026-10-06
XE,15.45,2026-11-20,45,Call,22.50,-45.63%,0.3,0.46,0.5,1324,145,9.13,87.91%,94.14%,0.169246,2026-10-06
STZ,115.67,2026-12-18,73,Put,100.00,-13.55%,1.2,1.2,1.9,937,103,9.1,36.26%,34.84%,-0.153451,2026-10-06
AMZN,256.29,2026-10-12,6,Call,252.50,+1.48%,5.55,5.75,5.85,2995,332,9.02,36.20%,25.84%,0.68637,2026-10-06
INTC,112.5,2026-10-07,1,Call,117.00,-4.00%,0.2,0.22,0.22,16119,1795,8.98,62.66%,62.30%,0.118291,2026-10-06
TEM,71.98,2026-10-09,3,Call,75.00,-4.20%,1.1,1.16,1.24,1648,184,8.96,79.84%,89.34%,0.32166,2026-10-06
MU,1045.56,2026-10-07,1,Call,"1,110.00",-6.16%,0.33,0.36,0.36,6629,742,8.93,44.88%,59.21%,0.028025,2026-10-06
AGNC,8.7,2027-03-19,164,Call,8.00,+8.05%,0.85,0.87,0.93,1552,174,8.92,29.64%,22.47%,0.72374,2026-10-06
SNDK,1660.46,2026-10-09,3,Call,"1,690.00",-1.78%,22.7,23.3,23.2,996,112,8.89,60.86%,58.75%,0.382668,2026-10-06
ARCC,18.64,2027-03-19,164,Put,15.00,-19.53%,0.15,0.25,0.3,1000,113,8.85,18.55%,27.34%,-0.121721,2026-10-06
NKE,34.61,2026-10-30,24,Call,35.00,-1.13%,1,1.04,1.08,7324,828,8.85,36.63%,34.68%,0.464609,2026-10-06
NVDA,239.24,2026-10-07,1,Put,237.50,-0.73%,0.73,0.75,0.75,69560,7877,8.83,32.77%,29.21%,-0.311865,2026-10-06
PCVX,66.7,2026-10-16,10,Put,65.00,-2.55%,1.45,1.65,1.8,1367,156,8.76,54.97%,55.33%,-0.367875,2026-10-06
HOOD,112,2026-10-16,10,Call,116.00,-3.57%,2.44,2.45,2.5,7459,854,8.73,59.12%,54.81%,0.370779,2026-10-06
GOOGL,347.68,2026-10-07,1,Call,350.00,-0.67%,1.2,1.23,1.25,31726,3650,8.69,33.81%,29.93%,0.340732,2026-10-06
INTC,112.5,2026-10-09,3,Call,116.00,-3.11%,1.18,1.22,1.22,12047,1393,8.65,62.66%,62.22%,0.305026,2026-10-06
GL,166.28,2026-10-16,10,Call,175.00,-5.24%,0.35,0.4,0.45,1555,180,8.64,25.76%,25.29%,0.119036,2026-10-06
AMD,649.42,2026-10-09,3,Put,607.50,-6.45%,0.83,0.9,0.92,3948,458,8.62,51.40%,49.99%,-0.066595,2026-10-06
INTC,112.5,2026-10-07,1,Put,113.00,+0.44%,1.66,1.71,1.71,14442,1677,8.61,62.66%,60.59%,-0.548403,2026-10-06
INTC,112.5,2026-10-12,6,Call,116.00,-3.11%,1.57,1.59,1.66,877,102,8.6,62.66%,51.84%,0.337473,2026-10-06
VST,160.5,2026-10-09,3,Call,162.50,-1.25%,2.18,2.44,2.54,2987,349,8.56,49.25%,55.56%,0.414755,2026-10-06
AMD,649.42,2026-10-07,1,Put,625.00,-3.76%,0.54,0.57,0.59,3795,445,8.53,51.40%,50.86%,-0.072599,2026-10-06
NVDA,239.24,2026-10-07,1,Call,240.00,-0.32%,1.03,1.06,1.06,113716,13332,8.53,32.77%,27.63%,0.418577,2026-10-06
MS,191.02,2026-10-16,10,Call,180.00,+5.77%,11.8,12.95,12.7,1005,119,8.45,32.21%,39.25%,0.829307,2026-10-06
IOVA,12.96,2026-10-09,3,Put,13.00,+0.31%,0.4,0.45,0.5,2187,260,8.41,94.66%,91.98%,-0.496882,2026-10-06
AMD,649.42,2026-10-07,1,Call,690.00,-6.25%,0.12,0.12,0.14,944,113,8.35,51.40%,55.37%,0.019087,2026-10-06
HTZ,2.06,2026-10-30,24,Call,2.0000,+2.91%,0.26,0.31,0.3,19646,2365,8.31,127.02%,119.12%,0.601751,2026-10-06
XE,15.45,2026-10-16,10,Call,16.00,-3.56%,0.4,0.68,0.75,929,112,8.29,87.91%,78.49%,0.422249,2026-10-06
NBIS,249.87,2026-10-09,3,Put,245.00,-1.95%,4.75,4.85,4.9,3697,446,8.29,80.01%,78.48%,-0.375973,2026-10-06
MRNA,187.46,2026-10-09,3,Put,197.50,+5.36%,12.75,12.55,12.95,1255,152,8.26,92.47%,96.41%,-0.709179,2026-10-06
RPM,98.31,2026-10-16,10,Call,105.00,-6.81%,0.05,0.3,0.5,1977,240,8.24,30.26%,31.80%,0.112018,2026-10-06
MRVL,287.01,2026-10-16,10,Call,297.50,-3.65%,7.55,7.65,7.9,2281,277,8.23,59.79%,62.99%,0.388874,2026-10-06
SKHY,182.56,2026-10-09,3,Put,170.00,-6.88%,0.46,0.48,0.49,13383,1629,8.22,52.97%,61.93%,-0.096321,2026-10-06
U,44.95,2027-02-19,136,Put,38.00,-15.46%,2.75,3.08,3.5,1002,122,8.21,66.58%,61.83%,-0.252313,2026-10-06
AMD,649.42,2026-10-07,1,Put,630.00,-2.99%,0.88,0.96,1,6511,796,8.18,51.40%,48.94%,-0.114694,2026-10-06
FCEL,20.65,2026-10-09,3,Call,22.00,-6.54%,0.3,0.35,0.4,963,118,8.16,97.34%,111.58%,0.283524,2026-10-06
AMZN,256.29,2026-10-12,6,Call,267.50,-4.37%,0.46,0.48,0.49,1249,153,8.16,36.20%,26.77%,0.112815,2026-10-06
TSM,482.3,2026-10-09,3,Call,492.50,-2.11%,1.77,1.89,1.9,2154,264,8.16,33.26%,30.95%,0.234922,2026-10-06
NU,15.66,2026-10-23,17,Put,14.50,-7.41%,0.14,0.17,0.35,2151,264,8.15,48.15%,52.39%,-0.226228,2026-10-06
STZ,115.67,2026-10-09,3,Call,116.00,-0.29%,2.05,2.83,2.95,2117,260,8.14,36.26%,63.52%,0.49183,2026-10-06
VST,160.5,2026-10-09,3,Call,160.00,+0.31%,3.25,3.5,3.75,6338,779,8.14,49.25%,55.59%,0.536837,2026-10-06
OKLO,38.55,2026-10-09,3,Call,41.00,-6.36%,0.34,0.39,0.41,4363,539,8.09,74.83%,85.38%,0.225637,2026-10-06
AMZN,256.29,2026-10-09,3,Put,265.00,+3.40%,8.6,9.03,9.5,2389,296,8.07,36.20%,30.43%,-0.885335,2026-10-06
INTC,112.5,2026-10-23,17,Put,113.00,+0.44%,6.5,6.66,6.7,1176,146,8.05,62.66%,66.33%,-0.480286,2026-10-06
MU,1045.56,2026-10-07,1,Call,"1,040.00",+0.53%,13,13.19,13.65,1529,190,8.05,44.88%,47.04%,0.592183,2026-10-06
MSFT,529.3,2026-10-07,1,Call,540.00,-2.02%,0.34,0.34,0.35,26115,3251,8.03,29.50%,28.69%,0.093479,2026-10-06
NKE,34.61,2026-10-09,3,Put,34.50,-0.32%,0.41,0.42,0.43,4488,561,8,36.63%,37.78%,-0.456703,2026-10-06
MRVL,287.01,2026-10-09,3,Call,312.50,-8.88%,1,1.02,1.11,1014,127,7.98,59.79%,75.37%,0.113785,2026-10-06
PPTA,20.62,2026-11-20,45,Call,22.50,-9.12%,1.05,1.1,1.25,1060,133,7.97,60.72%,63.43%,0.39804,2026-10-06
MRVL,287.01,2026-10-09,3,Call,320.00,-11.49%,0.54,0.56,0.56,6818,857,7.96,59.79%,77.08%,0.064559,2026-10-06
NVAX,11.32,2026-10-09,3,Put,12.00,+6.01%,0.78,1.06,1.16,2660,335,7.94,95.03%,135.01%,-0.660454,2026-10-06
AMZN,256.29,2026-10-07,1,Put,252.50,-1.48%,0.32,0.32,0.33,17784,2245,7.92,36.20%,28.87%,-0.158689,2026-10-06
CSCO,117.94,2026-10-09,3,Call,121.00,-2.59%,0.39,0.38,0.52,2224,281,7.91,39.21%,35.01%,0.216215,2026-10-06
NCLH,15.51,2026-11-20,45,Put,17.00,+9.61%,1.91,2.01,2.29,3169,401,7.9,53.39%,55.73%,-0.639967,2026-10-06
CERT,9.27,2026-11-20,45,Call,12.50,-34.84%,0.05,0.15,0.25,5370,685,7.84,128.02%,70.21%,0.142413,2026-10-06
NVDA,239.24,2026-10-12,6,Put,245.00,+2.41%,6.4,6.45,6.65,876,112,7.82,32.77%,23.04%,-0.783763,2026-10-06
WDC,411.04,2026-10-09,3,Call,415.00,-0.96%,7.8,7.84,8,1455,186,7.82,64.25%,64.93%,0.448972,2026-10-06
EBS,6.95,2026-12-18,73,Call,8.00,-15.11%,0.05,0.7,0.9,1023,131,7.81,95.94%,66.75%,0.383842,2026-10-06
SPCX,171.92,2026-10-12,6,Put,167.50,-2.57%,1.81,1.85,1.82,2530,324,7.81,50.12%,41.90%,-0.300834,2026-10-06
CRDO,220.83,2026-10-09,3,Call,232.50,-5.28%,2.2,2.65,2.65,780,100,7.8,74.28%,81.57%,0.256172,2026-10-06
UUUU,11.26,2026-10-30,24,Put,11.00,-2.31%,0.55,0.58,0.64,1344,173,7.77,66.37%,64.14%,-0.406451,2026-10-06
META,738.88,2026-10-07,1,Call,742.50,-0.49%,3.55,3.67,3.85,7760,1001,7.75,39.34%,34.17%,0.397891,2026-10-06
WMT,107.2,2026-11-20,45,Call,115.00,-7.28%,1.74,1.77,1.79,112154,14561,7.7,28.66%,29.18%,0.274793,2026-10-06
KKR,90.67,2026-11-20,45,Put,90.00,-0.74%,4.3,4.5,4.7,4879,639,7.64,40.77%,39.41%,-0.442447,2026-10-06
AMZN,256.29,2026-10-07,1,Call,260.00,-1.45%,0.41,0.41,0.42,57014,7515,7.59,36.20%,30.40%,0.187062,2026-10-06
WDC,411.04,2026-10-09,3,Call,410.00,+0.25%,10,10.4,10.4,1009,134,7.53,64.25%,64.72%,0.530987,2026-10-06
MSFT,529.3,2026-10-09,3,Put,530.00,+0.13%,5.1,5.2,5.4,2585,346,7.47,29.50%,25.88%,-0.514262,2026-10-06
AMD,649.42,2026-10-07,1,Put,622.50,-4.15%,0.42,0.45,0.48,966,130,7.43,51.40%,52.18%,-0.058521,2026-10-06
AVGO,375.81,2026-10-09,3,Put,375.00,-0.22%,4.65,4.75,4.9,3027,408,7.42,37.59%,38.39%,-0.465876,2026-10-06
INTC,112.5,2026-10-09,3,Call,115.00,-2.22%,1.5,1.5,1.53,41760,5650,7.39,62.66%,62.29%,0.360913,2026-10-06
EIX,54.25,2026-10-16,10,Call,50.00,+7.83%,3.4,4.06,4.7,904,123,7.35,37.21%,26.42%,0.976663,2026-10-06
MRVL,287.01,2026-10-09,3,Put,292.50,+1.91%,10.35,10.6,10.75,1272,174,7.31,59.79%,71.95%,-0.600385,2026-10-06
AMD,649.42,2026-10-07,1,Put,620.00,-4.53%,0.32,0.32,0.36,3721,509,7.31,51.40%,52.92%,-0.045425,2026-10-06
AMD,649.42,2026-10-07,1,Call,640.00,+1.45%,11.8,12.1,12.45,10741,1470,7.31,51.40%,46.60%,0.730971,2026-10-06
MSFT,529.3,2026-10-23,17,Call,570.00,-7.69%,0.91,1.13,1.17,10405,1425,7.3,29.50%,24.01%,0.084503,2026-10-06
CTVA,13.91,2027-03-19,164,Call,15.00,-7.84%,1.1,1.23,1.3,825,113,7.3,59.28%,44.96%,0.448426,2026-10-06
LUNR,15.06,2027-03-19,164,Put,9.00,-40.24%,0.51,0.52,0.85,1419,195,7.28,87.96%,88.81%,-0.117037,2026-10-06
AMD,649.42,2029-01-19,836,Call,"1,230.00",-89.40%,104.8,108,108,1761,242,7.28,51.40%,54.81%,0.412404,2026-10-06
AMD,649.42,2026-10-07,1,Call,665.00,-2.40%,1.49,1.52,1.6,6130,842,7.28,51.40%,48.04%,0.177173,2026-10-06
META,738.88,2026-10-07,1,Put,725.00,-1.88%,0.91,0.93,1.01,3608,496,7.27,39.34%,34.15%,-0.141217,2026-10-06
AAOI,130.16,2026-10-30,24,Put,95.00,-27.01%,0.8,0.8,1.1,1067,147,7.26,99.72%,89.10%,-0.066449,2026-10-06
MRVL,287.01,2026-10-09,3,Put,277.50,-3.31%,3.5,3.53,3.75,1267,176,7.2,59.79%,73.10%,-0.292611,2026-10-06
TLN,373.11,2026-10-16,10,Call,380.00,-1.85%,10.7,11.01,15.8,1669,232,7.19,59.45%,65.58%,0.458378,2026-10-06
SNDK,1660.46,2026-10-09,3,Call,"1,700.00",-2.38%,19.4,19.92,19.9,4171,583,7.15,60.86%,58.97%,0.341795,2026-10-06
NVDA,239.24,2026-11-06,31,Put,240.00,+0.32%,7.85,7.98,8,3962,556,7.13,32.77%,28.25%,-0.488124,2026-10-06
AVGO,375.81,2026-10-09,3,Call,402.50,-7.10%,0.41,0.43,0.43,808,114,7.09,37.59%,47.96%,0.060555,2026-10-06
NBIS,249.87,2026-10-30,24,Call,280.00,-12.06%,7.05,8.97,9.75,3275,462,7.09,80.01%,73.02%,0.308248,2026-10-06
MSFT,529.3,2026-10-07,1,Put,520.00,-1.76%,0.41,0.43,0.44,4279,604,7.08,29.50%,28.13%,-0.111824,2026-10-06
SIMO,284.96,2026-10-16,10,Call,310.00,-8.79%,4.4,4.95,6.6,1222,173,7.06,84.41%,74.86%,0.270607,2026-10-06
CRWV,91.72,2026-10-16,10,Put,87.00,-5.15%,2.04,2.14,2.18,1890,268,7.05,76.52%,69.04%,-0.298894,2026-10-06
AVGO,375.81,2026-10-12,6,Call,380.00,-1.11%,4.6,4.81,4.9,2556,363,7.04,37.59%,33.92%,0.41243,2026-10-06
OKLO,38.55,2026-10-09,3,Call,43.00,-11.54%,0.13,0.17,0.18,1179,168,7.02,74.83%,92.38%,0.104067,2026-10-06
SNDK,1660.46,2026-10-16,10,Call,"1,680.00",-1.18%,53.8,54.59,54.7,1098,157,6.99,60.86%,56.93%,0.473786,2026-10-06
NNE,16.49,2026-10-16,10,Call,17.00,-3.09%,0.5,0.53,0.55,2735,391,6.99,71.75%,67.48%,0.417862,2026-10-06
TSLA,380.68,2026-10-09,3,Put,382.50,+0.48%,5.65,6,6,5379,771,6.98,40.77%,35.66%,-0.54928,2026-10-06
MU,1045.56,2026-10-07,1,Call,"1,125.00",-7.60%,0.2,0.23,0.23,3119,449,6.95,44.88%,65.29%,0.016902,2026-10-06
BW,5.91,2026-11-20,45,Call,6.00,-1.52%,0.8,0.85,1,3173,457,6.94,107.24%,112.49%,0.568153,2026-10-06
MU,1045.56,2026-10-07,1,Call,"1,120.00",-7.12%,0.25,0.26,0.28,6156,891,6.91,44.88%,63.84%,0.020772,2026-10-06
AVGO,375.81,2026-10-12,6,Call,390.00,-3.78%,2.03,2.04,2.16,893,130,6.87,37.59%,35.58%,0.218205,2026-10-06
NBIS,249.87,2026-10-09,3,Put,232.50,-6.95%,1.46,1.45,1.49,3257,474,6.87,80.01%,80.23%,-0.151271,2026-10-06
HUT,92.22,2026-11-20,45,Call,105.00,-13.86%,6.5,6.84,7.75,1522,222,6.86,91.97%,89.74%,0.405641,2026-10-06
UNM,91.83,2026-12-18,73,Call,100.00,-8.90%,2.6,2.69,2.75,12425,1810,6.86,33.18%,33.83%,0.320007,2026-10-06
NVDA,239.24,2026-10-12,6,Put,240.00,+0.32%,3.15,3.25,3.3,5504,803,6.85,32.77%,23.61%,-0.52999,2026-10-06
CCJ,93.02,2026-10-23,17,Put,85.00,-8.62%,0.6,0.57,0.88,1280,187,6.84,46.10%,43.74%,-0.154691,2026-10-06
GOOGL,347.68,2026-10-07,1,Put,337.50,-2.93%,0.1,0.11,0.13,3297,482,6.84,33.81%,33.80%,-0.04515,2026-10-06
INTC,112.5,2026-10-16,10,Call,112.00,+0.44%,4.5,4.56,4.65,757,111,6.82,62.66%,57.60%,0.541469,2026-10-06
INTC,112.5,2026-10-12,6,Call,119.00,-5.78%,0.9,1,0.97,2633,386,6.82,62.66%,53.49%,0.218662,2026-10-06
MU,1045.56,2026-10-12,6,Call,"1,060.00",-1.38%,15.2,15.45,15.6,872,128,6.81,44.88%,40.12%,0.409523,2026-10-06
BILI,14.9,2028-01-21,472,Call,23.00,-54.36%,1.54,1.76,1.98,940,138,6.81,48.66%,53.70%,0.378057,2026-10-06
FCEL,20.65,2026-10-09,3,Call,20.50,+0.73%,0.8,1.05,1.05,754,111,6.79,97.34%,113.55%,0.5499,2026-10-06
GEV,1029.21,2026-10-09,3,Call,"1,100.00",-6.88%,1.5,1.8,2,2145,316,6.79,48.33%,51.50%,0.081527,2026-10-06
CMCSA,21.56,2027-01-15,101,Call,15.00,+30.43%,6.25,6.6,7.15,1315,194,6.78,36.36%,53.60%,0.924777,2026-10-06
OKLO,38.55,2026-10-30,24,Put,32.00,-16.99%,0.37,0.41,0.45,2537,375,6.77,74.83%,66.77%,-0.117634,2026-10-06
AVGO,375.81,2026-10-09,3,Put,370.00,-1.55%,2.64,2.7,2.91,3344,494,6.77,37.59%,38.57%,-0.319283,2026-10-06
TSLA,380.68,2026-10-07,1,Put,370.00,-2.81%,0.3,0.31,0.31,34599,5107,6.77,40.77%,39.78%,-0.08349,2026-10-06
MRVL,287.01,2026-12-18,73,Call,330.00,-14.98%,17.75,18.5,19.05,6081,899,6.76,59.79%,64.09%,0.375768,2026-10-06
SKHY,182.56,2026-10-09,3,Call,187.50,-2.71%,1.93,1.98,2.02,2294,340,6.75,52.97%,58.96%,0.320268,2026-10-06
XPEV,9.56,2027-01-15,101,Call,9.00,+5.86%,1.26,1.4,1.47,4012,596,6.73,50.06%,51.73%,0.655619,2026-10-06
P,147.2,2026-10-16,10,Call,160.00,-8.70%,1.45,1.7,1.9,733,110,6.66,66.62%,59.11%,0.214028,2026-10-06
SNDK,1660.46,2026-10-09,3,Put,"1,680.00",+1.18%,44.5,44.7,45.8,1852,278,6.66,60.86%,57.60%,-0.57665,2026-10-06
NVDA,239.24,2026-10-12,6,Call,245.00,-2.41%,0.88,0.86,0.91,7711,1159,6.65,32.77%,23.20%,0.221841,2026-10-06
MRNA,187.46,2026-10-09,3,Call,212.50,-13.36%,0.76,0.79,0.8,970,146,6.64,92.47%,103.01%,0.0981,2026-10-06
LEN,77.41,2026-11-20,45,Call,105.00,-35.64%,0.05,0.12,0.2,1003,151,6.64,41.57%,43.71%,0.028762,2026-10-06
TSLA,380.68,2026-10-07,1,Call,380.00,+0.18%,3.2,3.2,3.35,67775,10220,6.63,40.77%,36.53%,0.543267,2026-10-06
SNDK,1660.46,2026-10-09,3,Put,"1,675.00",+0.88%,42,42,42.6,1489,226,6.59,60.86%,57.73%,-0.553986,2026-10-06
TLN,373.11,2026-12-18,73,Call,380.00,-1.85%,31.7,33.07,36.6,1508,229,6.59,59.45%,54.01%,0.531105,2026-10-06
INTC,112.5,2026-10-07,1,Put,112.00,-0.44%,1.16,1.19,1.19,6275,954,6.58,62.66%,60.38%,-0.436723,2026-10-06
AMZN,256.29,2026-10-07,1,Call,252.50,+1.48%,4.05,4.2,4.3,15336,2332,6.58,36.20%,29.89%,0.833262,2026-10-06
CRWV,91.72,2028-01-21,472,Put,62.50,-31.86%,11.05,11.35,12.1,2008,308,6.52,76.52%,74.36%,-0.176915,2026-10-06
PLTR,192.07,2026-10-09,3,Put,192.50,+0.22%,3.2,3.2,3.3,6708,1031,6.51,52.14%,43.99%,-0.511885,2026-10-06
CRWV,91.72,2026-10-16,10,Call,92.00,-0.31%,4.1,4.16,4.2,2702,416,6.5,76.52%,69.99%,0.516273,2026-10-06
AMZN,256.29,2026-10-07,1,Put,265.00,+3.40%,8.35,8.64,10,1471,227,6.48,36.20%,56.01%,-0.869669,2026-10-06
USAR,13.74,2027-03-19,164,Call,15.00,-9.17%,2.35,2.43,2.57,3860,596,6.48,73.52%,77.74%,0.551041,2026-10-06
NVDA,239.24,2026-10-14,8,Put,240.00,+0.32%,3.85,3.94,4.3,977,151,6.47,32.77%,26.63%,-0.518312,2026-10-06
DKNG,19.75,2027-02-19,136,Call,20.00,-1.27%,2.9,3.15,3.4,2507,388,6.46,66.23%,65.41%,0.582077,2026-10-06
SPCX,171.92,2026-10-09,3,Call,175.00,-1.79%,1.95,1.95,1.96,81417,12602,6.46,50.12%,51.75%,0.363808,2026-10-06
HUT,92.22,2026-12-18,73,Put,85.00,-7.83%,9.75,10.95,11.4,722,112,6.45,91.97%,90.41%,-0.337479,2026-10-06
MU,1045.56,2026-10-09,3,Call,"1,055.00",-0.90%,13.7,13.75,14.25,1320,205,6.44,44.88%,47.84%,0.42923,2026-10-06
META,738.88,2026-10-07,1,Call,775.00,-4.89%,0.16,0.17,0.22,6493,1009,6.44,39.34%,47.10%,0.02747,2026-10-06
HTZ,2.06,2026-10-30,24,Call,2.5000,-21.36%,0.11,0.12,0.15,9422,1463,6.44,127.02%,128.90%,0.339891,2026-10-06
NVDA,239.24,2026-10-07,1,Put,247.50,+3.45%,7.9,8.3,8.9,1042,162,6.43,32.77%,42.87%,-0.933906,2026-10-06
CRWV,91.72,2026-10-30,24,Put,76.00,-17.14%,1.04,1.05,1.17,1834,286,6.41,76.52%,69.96%,-0.124928,2026-10-06
DELL,574,2026-10-09,3,Put,575.00,+0.17%,12,12.8,13.4,818,129,6.34,57.57%,59.06%,-0.500583,2026-10-06
NVDA,239.24,2026-10-30,24,Put,240.00,+0.32%,6.95,7,7.1,2840,449,6.33,32.77%,28.10%,-0.493783,2026-10-06
CRWV,91.72,2026-10-16,10,Call,94.00,-2.49%,3.25,3.31,3.4,1346,214,6.29,76.52%,70.66%,0.443393,2026-10-06
MU,1045.56,2026-10-07,1,Call,"1,150.00",-9.99%,0.1,0.1,0.12,13712,2185,6.28,44.88%,75.03%,0.008163,2026-10-06
AVGO,375.81,2026-10-09,3,Put,367.50,-2.21%,1.94,1.97,2.08,1167,186,6.27,37.59%,38.38%,-0.252436,2026-10-06
SPCX,171.92,2026-10-16,10,Put,175.00,+1.79%,6.85,7.02,6.9,5471,872,6.27,50.12%,46.19%,-0.572978,2026-10-06
INTC,112.5,2026-10-16,10,Call,113.00,-0.44%,4.05,4.05,4.15,1307,209,6.25,62.66%,57.73%,0.504424,2026-10-06
NBIS,249.87,2026-10-09,3,Call,257.50,-3.05%,4.15,4.25,4.3,2289,366,6.25,80.01%,80.63%,0.355451,2026-10-06
CIFR,15.5,2026-11-06,31,Call,15.50,0.00%,1.57,1.72,1.92,868,139,6.24,92.71%,95.85%,0.560324,2026-10-06
MRVL,287.01,2026-10-09,3,Call,307.50,-7.14%,1.59,1.65,1.7,1311,210,6.24,59.79%,74.90%,0.164251,2026-10-06
MSTR,164.55,2026-10-09,3,Put,167.50,+1.79%,5.55,5.8,5.7,3623,581,6.24,64.32%,66.75%,-0.602376,2026-10-06
SKHY,182.56,2026-10-09,3,Call,190.00,-4.08%,1.34,1.37,1.37,7346,1178,6.24,52.97%,59.55%,0.239728,2026-10-06
TSLA,380.68,2026-10-07,1,Call,395.00,-3.76%,0.16,0.17,0.18,15733,2524,6.23,40.77%,42.21%,0.048912,2026-10-06
INTC,112.5,2026-10-12,6,Call,115.00,-2.22%,1.89,1.9,1.97,1177,189,6.23,62.66%,51.44%,0.385212,2026-10-06
UUUU,11.26,2026-10-09,3,Call,11.50,-2.13%,0.16,0.18,0.19,9902,1600,6.19,66.37%,67.40%,0.378491,2026-10-06
MU,1045.56,2026-10-12,6,Call,"1,050.00",-0.42%,19.25,19.48,19.8,705,114,6.18,44.88%,39.88%,0.482046,2026-10-06
TSM,482.3,2027-09-17,346,Put,480.00,-0.48%,58.75,60.12,60.9,709,115,6.17,33.26%,36.84%,-0.399871,2026-10-06
INTC,112.5,2026-10-07,1,Put,111.00,-1.33%,0.78,0.79,0.81,3330,540,6.17,62.66%,61.05%,-0.330436,2026-10-06
AMZN,256.29,2026-10-07,1,Call,247.50,+3.43%,8.55,9,9.45,4028,654,6.16,36.20%,45.24%,0.931923,2026-10-06
EMR,161.4,2026-12-18,73,Call,185.00,-14.62%,0.6,2,2.1,1512,246,6.15,33.25%,26.34%,0.145279,2026-10-06
MU,1045.56,2026-10-16,10,Call,"1,045.00",+0.05%,31.2,31.4,31.6,1001,163,6.14,44.88%,44.32%,0.523236,2026-10-06
AAOI,130.16,2026-10-09,3,Put,125.00,-3.96%,2.05,2.25,2.45,729,119,6.13,99.72%,94.65%,-0.302366,2026-10-06
SPCX,171.92,2026-10-30,24,Put,175.00,+1.79%,9.55,9.6,9.85,802,131,6.12,50.12%,46.75%,-0.529116,2026-10-06
VST,160.5,2026-10-09,3,Call,165.00,-2.80%,1.47,1.59,1.68,3772,616,6.12,49.25%,56.77%,0.306311,2026-10-06
GDS,31.03,2028-01-21,472,Call,45.00,-45.02%,4.2,5.25,5.7,1001,164,6.1,62.09%,59.17%,0.448389,2026-10-06
SNDK,1660.46,2026-10-09,3,Call,"1,680.00",-1.18%,26.5,27.2,27,1802,296,6.09,60.86%,58.69%,0.425718,2026-10-06
META,738.88,2026-10-07,1,Put,737.50,-0.19%,4.2,4.4,4.5,5712,939,6.08,39.34%,32.70%,-0.451207,2026-10-06
NET,355.01,2026-11-20,45,Call,410.00,-15.49%,14.6,14.95,15.5,1485,245,6.06,64.14%,66.53%,0.316057,2026-10-06
MU,1045.56,2026-10-07,1,Put,"1,075.00",+2.82%,30.65,30.2,31.65,1548,256,6.05,44.88%,47.81%,-0.863574,2026-10-06
AMD,649.42,2026-10-09,3,Put,637.50,-1.84%,5.8,6.02,6,810,134,6.04,51.40%,46.85%,-0.321322,2026-10-06
FSLR,179.8,2026-10-09,3,Put,172.50,-4.06%,0.8,0.98,0.86,790,131,6.03,56.34%,51.39%,-0.179002,2026-10-06
AMZN,256.29,2026-10-07,1,Call,262.50,-2.42%,0.15,0.15,0.16,11803,1959,6.03,36.20%,32.18%,0.07976,2026-10-06
UMAC,22.36,2027-02-19,136,Put,22.50,+0.63%,4.8,4.84,5.2,1502,250,6.01,96.62%,94.87%,-0.383229,2026-10-06
MSTR,164.55,2026-10-23,17,Put,175.00,+6.35%,14.9,15.25,15.35,703,118,5.96,64.32%,62.67%,-0.647923,2026-10-06
ON,86.31,2027-06-17,254,Put,85.00,-1.52%,13.15,13.82,15.45,1501,252,5.96,57.10%,57.15%,-0.378041,2026-10-06
SPCX,171.92,2026-10-12,6,Put,175.00,+1.79%,5.4,5.45,5.45,3972,666,5.96,50.12%,42.23%,-0.615122,2026-10-06
MRVL,287.01,2026-10-09,3,Call,325.00,-13.24%,0.33,0.33,0.35,4251,714,5.95,59.79%,77.73%,0.042329,2026-10-06
STZ,115.67,2026-10-09,3,Put,115.00,-0.58%,1.05,2.34,2.7,677,114,5.94,36.26%,52.64%,-0.441794,2026-10-06
OKLO,38.55,2026-11-06,31,Call,40.00,-3.76%,2.7,2.71,2.84,723,122,5.93,74.83%,74.45%,0.481619,2026-10-06
ASTS,63.12,2026-10-09,3,Put,62.00,-1.77%,1.23,1.28,1.31,3569,602,5.93,80.85%,78.76%,-0.385807,2026-10-06
CCL,26.58,2026-10-23,17,Put,25.00,-5.94%,0.21,0.24,0.27,1106,187,5.91,38.18%,35.92%,-0.200784,2026-10-06
META,738.88,2026-10-07,1,Put,720.00,-2.56%,0.48,0.49,0.52,2612,442,5.91,39.34%,35.51%,-0.079745,2026-10-06
MRVL,287.01,2026-10-09,3,Call,300.00,-4.53%,2.94,3,3.1,23910,4051,5.9,59.79%,73.87%,0.266673,2026-10-06
NVDA,239.24,2026-10-12,6,Call,242.50,-1.36%,1.54,1.57,1.59,5515,936,5.89,32.77%,23.21%,0.336942,2026-10-06
GAP,23.79,2026-10-09,3,Call,22.00,+7.52%,1.57,2.16,2.29,665,113,5.88,46.83%,84.25%,0.856017,2026-10-06
META,738.88,2026-10-07,1,Put,730.00,-1.20%,1.76,1.83,1.89,5135,880,5.84,39.34%,33.24%,-0.239224,2026-10-06
STZ,115.67,2026-10-16,10,Call,117.00,-1.15%,2.7,3.5,3.5,717,123,5.83,36.26%,48.50%,0.459369,2026-10-06
PANW,419.91,2026-10-09,3,Call,100.00,+76.19%,316.6,318.25,324.2,582,100,5.82,53.67%,689.70%,0.995442,2026-10-06
AMD,649.42,2028-06-16,619,Call,990.00,-52.44%,104.45,103.07,111.85,780,134,5.82,51.40%,54.80%,0.449314,2026-10-06
WDC,411.04,2026-10-23,17,Call,450.00,-9.48%,7.95,8.26,8.85,918,158,5.81,64.25%,60.92%,0.27094,2026-10-06
RIOT,18.93,2026-10-16,10,Call,20.50,-8.29%,0.4,0.42,0.43,1480,255,5.8,78.80%,77.34%,0.291102,2026-10-06
SPCX,171.92,2026-10-09,3,Put,180.00,+4.70%,8.75,8.8,8.85,1429,247,5.79,50.12%,52.81%,-0.824735,2026-10-06
LAES,2.42,2026-11-20,45,Call,2.00,+17.36%,0.46,0.48,0.51,18931,3271,5.79,68.58%,65.46%,0.832911,2026-10-06
PBR,23.8,2026-11-13,38,Call,25.00,-5.04%,0.8,0.93,1.04,681,118,5.77,40.62%,45.63%,0.399672,2026-10-06
VST,160.5,2026-10-30,24,Call,170.00,-5.92%,4.15,4.3,4.85,1092,190,5.75,49.25%,49.07%,0.353014,2026-10-06
AVGO,375.81,2026-10-09,3,Call,410.00,-9.10%,0.21,0.25,0.25,6026,1048,5.75,37.59%,51.69%,0.033703,2026-10-06
GAP,23.79,2026-10-16,10,Call,20.00,+15.93%,3.6,3.7,4.1,4027,701,5.74,46.83%,66.26%,0.948727,2026-10-06
UMAC,22.36,2027-02-19,136,Call,35.00,-56.53%,1.95,2.15,2.25,1505,263,5.72,96.62%,95.49%,0.326139,2026-10-06
MSFT,529.3,2026-10-30,24,Call,480.00,+9.31%,53.5,54,54.85,1108,194,5.71,29.50%,37.98%,0.858258,2026-10-06
LCID,4.16,2026-12-18,73,Put,3.50,-15.87%,0.33,0.4,0.41,847,149,5.68,93.79%,97.38%,-0.264482,2026-10-06
INTC,112.5,2026-10-12,6,Call,118.00,-4.89%,1.08,1.09,1.15,850,150,5.67,62.66%,52.70%,0.253193,2026-10-06
LRCX,333.89,2026-10-16,10,Put,297.50,-10.90%,1.22,1.39,1.61,1049,185,5.67,56.95%,55.50%,-0.094786,2026-10-06
SKHY,182.56,2026-10-09,3,Call,185.00,-1.34%,2.78,2.8,2.87,5244,925,5.67,52.97%,58.70%,0.41411,2026-10-06
APOG,40,2026-10-16,10,Call,45.00,-12.50%,0.1,0.11,0.35,695,123,5.65,37.08%,58.57%,0.122297,2026-10-06
NVDA,239.24,2026-10-23,17,Call,240.00,-0.32%,5.5,5.65,5.65,55255,9783,5.65,32.77%,27.95%,0.501652,2026-10-06
NBIS,249.87,2026-10-09,3,Call,260.00,-4.05%,3.45,3.53,3.55,13838,2462,5.62,80.01%,81.10%,0.30872,2026-10-06
AVGO,375.81,2026-11-20,45,Call,470.00,-25.06%,1.83,1.88,1.92,9108,1627,5.6,37.59%,42.11%,0.07901,2026-10-06
MU,1045.56,2026-10-09,3,Put,"1,057.50",+1.14%,23.5,23,24.4,783,141,5.55,44.88%,46.05%,-0.596995,2026-10-06
QBTS,15.79,2026-10-16,10,Call,16.50,-4.50%,0.37,0.38,0.4,2629,474,5.55,70.63%,63.44%,0.360808,2026-10-06
GOOGL,347.68,2026-10-07,1,Call,352.50,-1.39%,0.6,0.61,0.64,7458,1344,5.55,33.81%,30.74%,0.200024,2026-10-06
QBTS,15.79,2027-03-19,164,Put,10.00,-36.67%,0.47,0.54,0.64,1443,263,5.49,70.63%,74.26%,-0.11513,2026-10-06
META,738.88,2026-10-07,1,Call,765.00,-3.54%,0.34,0.36,0.37,3893,709,5.49,39.34%,40.82%,0.053613,2026-10-06
MU,1045.56,2026-10-07,1,Call,"1,085.00",-3.77%,1.11,1.11,1.15,6843,1246,5.49,44.88%,51.56%,0.087737,2026-10-06
FSLR,179.8,2026-10-09,3,Call,192.50,-7.06%,0.31,0.31,0.36,751,137,5.48,56.34%,53.68%,0.085094,2026-10-06
MSFT,529.3,2026-10-12,6,Call,550.00,-3.91%,0.57,0.8,0.87,1044,191,5.47,29.50%,22.74%,0.099737,2026-10-06
GAP,23.79,2026-10-09,3,Call,21.00,+11.73%,2.54,2.87,3.05,863,158,5.46,46.83%,58.97%,0.990654,2026-10-06
UMAC,22.36,2027-02-19,136,Put,17.50,-21.74%,2.15,2.21,2.4,1501,275,5.46,96.62%,92.04%,-0.229725,2026-10-06
MU,1045.56,2026-10-07,1,Put,"1,020.00",-2.44%,2.06,2.1,2.14,4489,824,5.45,44.88%,47.18%,-0.154217,2026-10-06
QCOM,181.03,2026-10-09,3,Put,177.50,-1.95%,1.4,1.48,1.5,4959,912,5.44,49.34%,44.52%,-0.304468,2026-10-06
PYPL,54.61,2026-10-30,24,Call,57.00,-4.38%,0.63,1.7,2.15,958,177,5.41,41.80%,41.38%,0.369359,2026-10-06
CVX,207.58,2027-03-19,164,Call,290.00,-39.71%,0.73,0.79,1.02,664,123,5.4,27.77%,29.15%,0.054539,2026-10-06
MRVL,287.01,2026-10-09,3,Call,335.00,-16.72%,0.13,0.14,0.16,1301,241,5.4,59.79%,80.84%,0.019301,2026-10-06
CEG,300.4,2026-10-16,10,Call,310.00,-3.20%,5.1,5.75,6,1395,259,5.39,49.67%,47.13%,0.362136,2026-10-06
DELL,574,2026-10-09,3,Call,585.00,-1.92%,7.25,7.5,8.2,1896,352,5.39,57.57%,59.16%,0.373771,2026-10-06
SPCX,171.92,2026-10-12,6,Call,175.00,-1.79%,2.49,2.48,2.5,8410,1559,5.39,50.12%,42.81%,0.38801,2026-10-06
NVDA,239.24,2026-10-09,3,Put,242.50,+1.36%,3.45,4.28,4.4,12492,2323,5.38,32.77%,21.94%,-0.746618,2026-10-06
AMD,649.42,2026-10-07,1,Put,615.00,-5.30%,0.19,0.19,0.23,1956,364,5.37,51.40%,55.28%,-0.028719,2026-10-06
LYFT,15.76,2026-10-09,3,Put,16.00,+1.52%,0.24,0.46,0.5,665,124,5.36,52.67%,40.66%,-0.650135,2026-10-06
CRDO,220.83,2026-10-09,3,Call,270.00,-22.27%,0.05,0.1,0.15,735,137,5.36,74.28%,99.46%,0.014608,2026-10-06
VST,160.5,2026-10-09,3,Call,157.50,+1.87%,4.75,4.55,5.25,2294,429,5.35,49.25%,56.62%,0.654885,2026-10-06
ALAB,389.8,2026-10-09,3,Call,385.00,+1.23%,13.65,16.44,15.95,1085,203,5.34,85.18%,86.97%,0.579512,2026-10-06
MSFT,529.3,2026-12-18,73,Call,610.00,-15.25%,5,5.54,5.45,5860,1099,5.33,29.50%,28.32%,0.157221,2026-10-06
BE,295.78,2026-10-09,3,Put,295.00,-0.26%,7.1,7.29,7.25,2116,397,5.33,78.40%,71.15%,-0.469211,2026-10-06
HUT,92.22,2026-10-30,24,Put,75.00,-18.67%,1.46,1.74,2.01,1045,197,5.3,91.97%,87.06%,-0.147366,2026-10-06
META,738.88,2026-10-09,3,Call,742.50,-0.49%,7.8,8.05,8.25,3130,591,5.3,39.34%,35.96%,0.450423,2026-10-06
MRNA,187.46,2026-10-09,3,Put,192.50,+2.69%,9.15,9.2,9.4,707,134,5.28,92.47%,94.34%,-0.604387,2026-10-06
MU,1045.56,2026-10-09,3,Call,"1,062.50",-1.62%,10.95,11.05,11.3,1183,224,5.28,44.88%,47.85%,0.366339,2026-10-06
TSLA,380.68,2026-10-09,3,Put,385.00,+1.13%,7.35,7.4,7.6,3572,677,5.28,40.77%,36.79%,-0.623614,2026-10-06
NBIS,249.87,2026-10-09,3,Put,255.00,+2.05%,10.05,10.15,10.2,838,159,5.27,80.01%,80.20%,-0.59482,2026-10-06
MRNA,187.46,2026-10-09,3,Put,172.50,-7.98%,1.27,1.27,1.3,1818,345,5.27,92.47%,92.95%,-0.150903,2026-10-06
MU,1045.56,2026-10-07,1,Put,"1,000.00",-4.36%,0.56,0.56,0.58,9858,1883,5.24,44.88%,51.68%,-0.04803,2026-10-06
AAPL,333.63,2029-01-19,836,Put,200.00,-40.05%,5.3,5.59,5.75,780,149,5.23,25.02%,31.40%,-0.066442,2026-10-06
META,738.88,2026-10-07,1,Put,747.50,+1.17%,10.15,10.3,10.8,621,119,5.22,39.34%,32.81%,-0.746512,2026-10-06
XP,29.73,2026-10-09,3,Put,29.00,-2.46%,0.15,0.4,0.45,756,145,5.21,58.59%,56.14%,-0.302975,2026-10-06
VSH,37.84,2026-11-20,45,Call,30.00,+20.72%,9,9.2,9.2,1143,220,5.2,76.80%,83.33%,0.828445,2026-10-06
SPCX,171.92,2026-10-19,13,Call,200.00,-16.33%,0.39,0.4,0.47,579,112,5.17,50.12%,50.32%,0.062876,2026-10-06
VKTX,28.38,2027-05-21,227,Put,30.00,+5.71%,6.15,6.25,7.15,514,100,5.14,68.16%,68.57%,-0.422271,2026-10-06
META,738.88,2026-10-07,1,Put,727.50,-1.54%,1.28,1.37,1.4,3023,588,5.14,39.34%,33.75%,-0.186048,2026-10-06
SHAK,64.61,2027-03-19,164,Put,70.00,+8.34%,11.3,11.7,12.1,1001,195,5.13,61.58%,52.78%,-0.508022,2026-10-06
RUM,7.65,2026-10-09,3,Put,14.50,+89.54%,6.5,6.72,7.1,675,132,5.11,85.48%,313.06%,-0.983259,2026-10-06
ADBE,238.12,2026-10-30,24,Call,270.00,-13.39%,1.4,1.57,1.8,864,169,5.11,40.08%,41.13%,0.13248,2026-10-06
DELL,574,2026-10-09,3,Put,580.00,+1.05%,14,15.5,15.4,694,136,5.1,57.57%,55.29%,-0.570662,2026-10-06
PCVX,66.7,2026-11-20,45,Call,75.00,-12.44%,1.8,2.3,2.3,1177,231,5.1,54.97%,51.21%,0.296299,2026-10-06
META,738.88,2026-10-09,3,Call,752.50,-1.84%,4.25,4.6,4.65,2372,465,5.1,39.34%,36.03%,0.296702,2026-10-06
WDC,411.04,2026-10-09,3,Call,412.50,-0.36%,8.7,9,9.6,759,149,5.09,64.25%,65.84%,0.490257,2026-10-06
MU,1045.56,2026-10-07,1,Call,"1,095.00",-4.73%,0.66,0.68,0.73,3622,712,5.09,44.88%,54.69%,0.05524,2026-10-06
CLF,12.25,2026-10-23,17,Call,15.50,-26.53%,0.06,0.11,0.14,1315,259,5.08,68.38%,80.98%,0.104842,2026-10-06
AMZN,256.29,2026-10-12,6,Call,260.00,-1.45%,1.88,1.93,1.96,3445,679,5.07,36.20%,25.78%,0.344933,2026-10-06
SHAK,64.61,2026-10-16,10,Call,70.00,-8.34%,0,0.69,0.6,547,108,5.06,61.58%,42.10%,0.135717,2026-10-06
XFOR,2.77,2027-03-19,164,Call,5.00,-80.51%,0.15,0.2,0.25,4020,800,5.03,559.91%,90.20%,0.259978,2026-10-06
TSLA,380.68,2026-10-14,8,Call,382.50,-0.48%,6.9,6.95,7.1,743,148,5.02,40.77%,34.29%,0.47935,2026-10-06
CNC,64.61,2026-10-09,3,Put,62.00,-4.04%,0.41,0.41,0.47,636,127,5.01,50.97%,59.94%,-0.214377,2026-10-06
CRWV,91.72,2026-10-09,3,Put,91.00,-0.78%,2.08,2.11,2.17,1855,371,5,76.52%,75.09%,-0.438914,2026-10-06
NBIS,249.87,2026-10-09,3,Put,240.00,-3.95%,3.05,3.1,3.15,6446,1294,4.98,80.01%,78.74%,-0.272824,2026-10-06
NBIS,249.87,2026-10-09,3,Call,270.00,-8.06%,1.59,1.65,1.67,11992,2408,4.98,80.01%,84.43%,0.166036,2026-10-06
INTC,112.5,2026-10-12,6,Call,117.00,-4.00%,1.3,1.3,1.39,959,193,4.97,62.66%,52.26%,0.293372,2026-10-06
NVDA,239.24,2026-10-09,3,Put,240.00,+0.32%,2.71,2.72,2.78,37946,7634,4.97,32.77%,27.45%,-0.542328,2026-10-06
MRNA,187.46,2026-10-09,3,Call,190.00,-1.35%,5.2,5.29,5.35,2632,531,4.96,92.47%,94.38%,0.455885,2026-10-06
CEG,300.4,2026-10-09,3,Call,300.00,+0.13%,5.3,5.76,6.3,1407,284,4.95,49.67%,51.19%,0.523025,2026-10-06
MU,1045.56,2026-10-09,3,Call,"1,040.00",+0.53%,20.8,20.98,21.3,1481,299,4.95,44.88%,47.61%,0.56057,2026-10-06
BE,295.78,2027-03-19,164,Put,210.00,-29.00%,16.5,16.95,17.9,662,134,4.94,78.40%,75.40%,-0.168018,2026-10-06
CSCO,117.94,2026-10-30,24,Call,120.00,-1.75%,2.88,2.88,2.95,2436,493,4.94,39.21%,31.07%,0.437175,2026-10-06
MU,1045.56,2026-10-07,1,Put,"1,030.00",-1.49%,3.95,4.1,4.1,5352,1083,4.94,44.88%,45.95%,-0.261285,2026-10-06
META,738.88,2026-10-07,1,Put,750.00,+1.50%,12.1,12.15,13,797,162,4.92,39.34%,33.94%,-0.796627,2026-10-06
SPCX,171.92,2026-10-16,10,Put,170.00,-1.12%,4.15,4.25,4.25,9738,1979,4.92,50.12%,45.86%,-0.421772,2026-10-06
TSLA,380.68,2026-10-09,3,Put,380.00,-0.18%,4.55,4.56,4.7,12776,2598,4.92,40.77%,36.42%,-0.468708,2026-10-06
MU,1045.56,2026-10-07,1,Call,"1,045.00",+0.05%,10.3,10.39,10.85,1342,274,4.9,44.88%,46.90%,0.515308,2026-10-06
HUBS,217.09,2026-11-20,45,Call,220.00,-1.34%,21.3,21.21,22.4,601,123,4.89,72.77%,74.73%,0.539502,2026-10-06
VST,160.5,2027-06-17,254,Put,130.00,-19.00%,9,9.6,10.2,3257,666,4.89,49.25%,47.57%,-0.216279,2026-10-06
HTZ,2.06,2026-10-23,17,Call,2.5000,-21.36%,0.09,0.11,0.12,3061,627,4.88,127.02%,137.79%,0.309836,2026-10-06
INTC,112.5,2026-10-07,1,Put,116.00,+3.11%,3.75,3.91,3.9,11726,2403,4.88,62.66%,61.29%,-0.825865,2026-10-06
QGEN,45.65,2026-10-16,10,Call,50.00,-9.53%,0,0.2,1.45,886,182,4.87,43.70%,71.77%,0.240253,2026-10-06
MSTR,164.55,2026-10-16,10,Put,162.50,-1.25%,5.4,5.45,5.5,5847,1205,4.85,64.32%,60.18%,-0.426844,2026-10-06
ECHO,100.01,2027-01-15,101,Call,105.00,-4.99%,8,8.1,8.3,7527,1551,4.85,50.34%,46.54%,0.488368,2026-10-06
TSLA,380.68,2026-10-07,1,Call,377.50,+0.84%,4.7,4.85,4.85,10359,2134,4.85,40.77%,36.43%,0.675494,2026-10-06
BYRN,3.69,2027-03-19,164,Call,7.50,-103.25%,0,0.23,0.35,500,103,4.85,125.94%,87.56%,0.188619,2026-10-06
SCHW,96.8,2029-01-19,836,Put,65.00,-32.85%,3.05,3.22,3.9,500,103,4.85,29.52%,33.20%,-0.117683,2026-10-06
ET,20.74,2029-01-19,836,Call,18.00,+13.21%,3.2,3.2,3.7,790,163,4.85,21.52%,20.44%,0.696548,2026-10-06
MRVL,287.01,2026-10-30,24,Put,170.00,-40.77%,0.06,0.1,0.09,507,105,4.83,59.79%,80.11%,-0.003872,2026-10-06
HUM,404.27,2026-10-16,10,Put,350.00,-13.42%,5,6.36,7.2,1260,261,4.83,67.61%,97.47%,-0.163799,2026-10-06
NVDA,239.24,2027-04-16,192,Put,155.00,-35.21%,1.91,1.99,2.07,558,116,4.81,32.77%,43.36%,-0.055071,2026-10-06
VZ,45.98,2026-10-09,3,Call,45.50,+1.04%,0.53,0.6,0.7,522,109,4.79,25.16%,19.65%,0.722971,2026-10-06
MRNA,187.46,2026-10-09,3,Put,200.00,+6.69%,14.65,14.7,14.9,3461,723,4.79,92.47%,96.83%,-0.755515,2026-10-06
SPCX,171.92,2026-10-12,6,Call,172.50,-0.34%,3.5,3.5,3.55,4471,933,4.79,50.12%,42.65%,0.491,2026-10-06
AAPL,333.63,2026-10-07,1,Call,325.00,+2.59%,8.45,8.65,9,922,193,4.78,25.02%,27.51%,0.966654,2026-10-06
MSFT,529.3,2026-10-07,1,Call,545.00,-2.97%,0.11,0.11,0.12,6973,1458,4.78,29.50%,30.51%,0.034605,2026-10-06
CRWV,91.72,2026-10-23,17,Call,93.00,-1.40%,4.85,5.1,5.05,1386,292,4.75,76.52%,69.15%,0.497551,2026-10-06
SPCX,171.92,2026-10-12,6,Put,172.50,+0.34%,3.9,4,3.95,3359,707,4.75,50.12%,41.77%,-0.510746,2026-10-06
CMCSA,21.56,2026-10-16,10,Call,21.50,+0.28%,0.3,0.31,0.35,5753,1211,4.75,36.36%,21.10%,0.533187,2026-10-06
BE,295.78,2026-10-09,3,Call,297.50,-0.58%,7,6.95,7.15,1322,279,4.74,78.40%,73.30%,0.480365,2026-10-06
STZ,115.67,2026-10-09,3,Put,108.00,-6.63%,0.25,0.3,0.45,572,121,4.73,36.26%,62.66%,-0.108045,2026-10-06
TSLA,380.68,2026-10-12,6,Call,387.50,-1.79%,3.45,3.55,3.55,998,211,4.73,40.77%,31.79%,0.344729,2026-10-06
CM,111.59,2026-12-18,73,Call,125.00,-12.02%,0.7,0.7,0.95,500,106,4.72,22.38%,22.68%,0.147494,2026-10-06
CAT,863.44,2026-11-20,45,Call,880.00,-1.92%,42,43.99,44.8,614,130,4.72,41.16%,40.82%,0.48636,2026-10-06
XE,15.45,2026-10-16,10,Call,17.00,-10.03%,0.25,0.43,0.45,948,201,4.72,87.91%,86.07%,0.276768,2026-10-06
SOFI,15.76,2027-04-16,192,Call,18.00,-14.21%,1.64,1.73,1.94,3509,743,4.72,50.01%,54.41%,0.467294,2026-10-06
MRNA,187.46,2026-10-09,3,Put,190.00,+1.35%,7.6,7.7,7.8,3835,815,4.71,92.47%,93.51%,-0.54516,2026-10-06
AMZN,256.29,2026-10-07,1,Put,250.00,-2.45%,0.11,0.12,0.12,13698,2911,4.71,36.20%,31.28%,-0.062746,2026-10-06
PLTR,192.07,2026-10-09,3,Call,192.50,-0.22%,2.95,3.05,3,15478,3292,4.7,52.14%,45.39%,0.489626,2026-10-06
GME,24.76,2026-10-30,24,Put,26.00,+5.01%,2.04,2.23,2.36,935,199,4.7,52.41%,57.21%,-0.60371,2026-10-06
PLTR,192.07,2026-10-09,3,Put,197.50,+2.83%,6.35,6.4,6.55,859,183,4.69,52.14%,43.04%,-0.755135,2026-10-06
HPE,70.48,2026-10-09,3,Put,66.00,-6.36%,0.22,0.23,0.3,1290,275,4.69,58.11%,64.56%,-0.12396,2026-10-06
NBIS,249.87,2026-10-09,3,Put,242.50,-2.95%,3.85,3.8,3.95,2896,618,4.69,80.01%,78.65%,-0.322948,2026-10-06
AMZN,256.29,2026-10-14,8,Call,260.00,-1.45%,2.55,2.67,2.79,1480,316,4.68,36.20%,27.46%,0.377431,2026-10-06
XNDU,5.06,2026-10-09,3,Call,5.50,-8.70%,0.1,0.1,0.15,1647,352,4.68,123.92%,153.96%,0.299651,2026-10-06
SNDK,1660.46,2026-10-09,3,Call,"1,650.00",+0.63%,40.7,41.5,41.3,766,164,4.67,60.86%,58.87%,0.560049,2026-10-06
CEG,300.4,2026-10-16,10,Put,290.00,-3.46%,4.5,4.79,5.1,818,175,4.67,49.67%,46.99%,-0.307791,2026-10-06
AMZN,256.29,2026-10-09,3,Put,255.00,-0.50%,2.06,2.06,2.19,5678,1222,4.65,36.20%,29.78%,-0.41673,2026-10-06
PANW,419.91,2026-10-09,3,Call,455.00,-8.36%,0.3,0.4,0.52,617,133,4.64,53.67%,52.76%,0.04974,2026-10-06
DELL,574,2026-10-09,3,Put,570.00,-0.70%,8.85,10.1,10.7,724,156,4.64,57.57%,56.72%,-0.433942,2026-10-06
MOS,20.94,2026-10-30,24,Call,23.00,-9.84%,0.2,0.2,0.35,713,154,4.63,50.37%,43.69%,0.216367,2026-10-06
AFRM,74.88,2026-10-09,3,Call,76.00,-1.50%,0.99,1.06,1.2,2474,534,4.63,61.95%,58.03%,0.40135,2026-10-06
MRVL,287.01,2026-10-09,3,Call,302.50,-5.40%,2.4,2.51,2.53,2648,573,4.62,59.79%,74.00%,0.228018,2026-10-06
ENPH,33.91,2027-02-19,136,Call,35.00,-3.21%,5.4,5.55,5.6,705,153,4.61,73.37%,69.84%,0.569677,2026-10-06
AMZN,256.29,2026-10-12,6,Call,270.00,-5.35%,0.27,0.26,0.3,969,210,4.61,36.20%,27.22%,0.072521,2026-10-06
MCD,232.45,2026-10-09,3,Put,237.50,+2.17%,4.6,5.67,5.95,773,168,4.6,23.34%,19.75%,-0.883199,2026-10-06
MU,1045.56,2026-10-07,1,Call,"1,135.00",-8.55%,0.14,0.14,0.18,930,202,4.6,44.88%,69.14%,0.012324,2026-10-06
INTC,112.5,2027-09-17,346,Call,165.00,-46.67%,13.85,15.05,15,560,122,4.59,62.66%,63.45%,0.398924,2026-10-06
AMZN,256.29,2026-10-14,8,Call,255.00,+0.50%,4.75,4.85,5.05,899,196,4.59,36.20%,27.18%,0.566202,2026-10-06
GOOGL,347.68,2026-10-07,1,Call,345.00,+0.77%,3.55,3.75,3.9,5571,1215,4.59,33.81%,28.96%,0.700131,2026-10-06
MU,1045.56,2026-10-07,1,Put,"1,015.00",-2.92%,1.44,1.48,1.52,2236,488,4.58,44.88%,47.82%,-0.114785,2026-10-06
MRVL,287.01,2026-11-06,31,Put,250.00,-12.90%,5.1,5.43,5.6,516,113,4.57,59.79%,59.14%,-0.182906,2026-10-06
INTC,112.5,2026-10-16,10,Call,116.00,-3.11%,2.8,2.96,2.97,2806,614,4.57,62.66%,58.02%,0.396917,2026-10-06
FCEL,20.65,2026-10-16,10,Call,19.50,+5.57%,1.75,1.97,2.2,634,139,4.56,97.34%,98.79%,0.66958,2026-10-06
CEG,300.4,2026-10-09,3,Call,315.00,-4.86%,1.1,1.22,1.5,1171,257,4.56,49.67%,53.38%,0.170813,2026-10-06
AMZN,256.29,2026-10-12,6,Call,262.50,-2.42%,1.22,1.24,1.3,1395,306,4.56,36.20%,26.22%,0.249397,2026-10-06
TWST,166.97,2026-10-16,10,Call,200.00,-19.78%,1.95,2.4,3,2035,446,4.56,93.75%,104.94%,0.171992,2026-10-06
TSLA,380.68,2026-10-12,6,Put,360.00,-5.43%,0.69,0.73,0.74,2570,564,4.56,40.77%,33.66%,-0.091853,2026-10-06
DELL,574,2026-10-09,3,Call,577.50,-0.61%,9.55,10.17,11.5,537,118,4.55,57.57%,58.22%,0.466742,2026-10-06
STZ,115.67,2026-10-09,3,Call,120.00,-3.74%,0.9,1.2,1.4,1728,380,4.55,36.26%,65.65%,0.278448,2026-10-06
DAL,83.66,2026-11-20,45,Call,85.00,-1.60%,4.1,4.2,4.3,5272,1158,4.55,41.58%,39.91%,0.492508,2026-10-06
SHOP,164.44,2026-10-09,3,Call,172.50,-4.90%,0.64,0.72,0.84,921,203,4.54,60.61%,54.38%,0.173701,2026-10-06
HPE,70.48,2026-10-16,10,Call,72.00,-2.16%,2.01,2.25,2.23,2005,444,4.52,58.11%,59.35%,0.436541,2026-10-06
SPCX,171.92,2026-10-09,3,Call,185.00,-7.61%,0.34,0.33,0.35,21892,4845,4.52,50.12%,57.69%,0.085359,2026-10-06
MU,1045.56,2026-10-07,1,Put,"1,025.00",-1.97%,2.84,2.84,3,3958,878,4.51,44.88%,46.48%,-0.20256,2026-10-06
CHTR,108.64,2027-03-19,164,Put,90.00,-17.16%,8,8.39,9.4,905,201,4.5,68.07%,64.79%,-0.246537,2026-10-06
PWR,719.56,2026-10-16,10,Call,740.00,-2.84%,6.9,11.5,12.3,1081,240,4.5,45.67%,36.81%,0.340113,2026-10-06
NDSN,334.22,2026-10-16,10,Call,350.00,-4.72%,0.45,0.5,0.75,1373,305,4.5,20.41%,21.66%,0.106027,2026-10-06
SPCX,171.92,2026-10-12,6,Call,195.00,-13.42%,0.16,0.17,0.18,1437,319,4.5,50.12%,53.65%,0.03691,2026-10-06
MGNI,24.84,2027-01-15,101,Call,27.00,-8.70%,2,2.3,2.5,2020,449,4.5,62.96%,57.33%,0.465222,2026-10-06
FSLR,179.8,2026-10-09,3,Put,175.00,-2.67%,1.36,1.47,1.51,678,151,4.49,56.34%,51.61%,-0.271664,2026-10-06
TEM,71.98,2026-10-09,3,Call,77.00,-6.97%,0.66,0.72,0.8,1311,292,4.49,79.84%,91.48%,0.221347,2026-10-06
BMNR,26.2,2026-10-23,17,Call,27.00,-3.05%,1.17,1.2,1.22,1576,352,4.48,68.79%,67.48%,0.451491,2026-10-06
SPCX,171.92,2026-10-23,17,Call,177.50,-3.25%,4.55,5.05,4.65,563,126,4.47,50.12%,46.03%,0.399863,2026-10-06
RKLB,75.06,2026-10-16,10,Call,78.00,-3.92%,2.09,2.17,2.18,595,133,4.47,73.51%,66.82%,0.388778,2026-10-06
NKE,34.61,2026-10-30,24,Call,36.00,-4.02%,0.67,0.69,0.69,6756,1512,4.47,36.63%,34.95%,0.343988,2026-10-06
AMD,649.42,2026-10-09,3,Call,650.00,-0.09%,11,11,11.2,8873,1989,4.46,51.40%,48.04%,0.503437,2026-10-06
NOW,137.97,2026-10-23,17,Call,142.00,-2.92%,4.15,4.45,4.4,549,123,4.46,55.74%,49.63%,0.42138,2026-10-06
ONDS,7.41,2026-11-06,31,Call,7.50,-1.21%,0.51,0.59,0.6,736,165,4.46,73.20%,67.93%,0.521969,2026-10-06
PL,18.57,2026-10-16,10,Call,21.00,-13.09%,0.15,0.2,0.25,1682,379,4.44,68.98%,73.62%,0.173713,2026-10-06
AMD,649.42,2026-10-09,3,Put,605.00,-6.84%,0.73,0.75,0.79,3005,677,4.44,51.40%,50.75%,-0.05829,2026-10-06
ADTN,7.62,2029-01-19,836,Put,3.00,-60.63%,0.1,0.25,0.65,716,162,4.42,74.82%,65.81%,-0.069201,2026-10-06
VST,160.5,2026-10-16,10,Call,185.00,-15.26%,0.42,0.51,0.65,2906,657,4.42,49.25%,58.44%,0.079108,2026-10-06
AVGO,375.81,2026-10-09,3,Call,385.00,-2.45%,2.3,2.39,2.36,7092,1605,4.42,37.59%,41.96%,0.271164,2026-10-06
AVGO,375.81,2026-10-09,3,Call,405.00,-7.77%,0.32,0.34,0.37,2183,495,4.41,37.59%,49.30%,0.049951,2026-10-06
MRVL,287.01,2026-10-16,10,Call,340.00,-18.46%,0.88,0.91,0.99,3043,692,4.4,59.79%,66.42%,0.069878,2026-10-06
CRWV,91.72,2026-10-16,10,Put,92.00,+0.31%,4.2,4.3,4.4,535,122,4.39,76.52%,69.35%,-0.484772,2026-10-06
NTSK,19.64,2026-11-20,45,Call,25.00,-27.29%,0.4,0.45,0.5,558,127,4.39,69.67%,68.21%,0.192856,2026-10-06
JBLU,4.03,2026-11-20,45,Call,4.00,+0.74%,0.39,0.39,0.41,801,183,4.38,66.91%,66.94%,0.56759,2026-10-06
SPCX,171.92,2026-10-09,3,Call,190.00,-10.52%,0.15,0.16,0.16,16463,3755,4.38,50.12%,61.99%,0.040458,2026-10-06
MU,1045.56,2026-10-07,1,Put,"1,035.00",-1.01%,5.3,5.4,5.6,4100,938,4.37,44.88%,45.48%,-0.329153,2026-10-06
TEM,71.98,2026-10-30,24,Put,70.00,-2.75%,4.35,4.35,5,693,159,4.36,79.84%,78.44%,-0.401491,2026-10-06
JD,26.5,2027-09-17,346,Call,30.00,-13.21%,2.61,2.64,2.71,976,224,4.36,36.01%,47.33%,0.395517,2026-10-06
AMD,649.42,2026-10-09,3,Call,660.00,-1.63%,6.8,6.9,7.1,6795,1561,4.35,51.40%,48.12%,0.366426,2026-10-06
NBIS,249.87,2026-10-09,3,Call,272.50,-9.06%,1.3,1.32,1.41,1107,255,4.34,80.01%,85.63%,0.141432,2026-10-06
NVDA,239.24,2026-10-12,6,Call,220.00,+8.04%,19.2,20.12,21.75,1555,358,4.34,32.77%,58.32%,0.878202,2026-10-06
MU,1045.56,2027-04-16,192,Call,"1,600.00",-53.03%,33,33.5,33.75,1384,320,4.33,44.88%,51.31%,0.184745,2026-10-06
HTZ,2.06,2026-11-06,31,Call,2.5000,-21.36%,0.17,0.19,0.2,1451,335,4.33,127.02%,137.55%,0.391992,2026-10-06
MSFT,529.3,2026-10-23,17,Call,530.00,-0.13%,11,11.25,11.55,6836,1578,4.33,29.50%,24.66%,0.51173,2026-10-06
META,738.88,2026-10-07,1,Put,745.00,+0.83%,8.4,8.5,9,1950,451,4.32,39.34%,32.99%,-0.679147,2026-10-06
B,40.72,2026-10-09,3,Call,41.50,-1.92%,0.27,0.38,0.38,914,212,4.31,40.60%,42.94%,0.321497,2026-10-06
AVGO,375.81,2026-10-07,1,Call,372.50,+0.88%,5.25,5.39,5.5,7277,1691,4.3,37.59%,44.15%,0.654753,2026-10-06
NVDA,239.24,2026-10-12,6,Call,227.50,+4.91%,11.8,12.9,12.4,695,162,4.29,32.77%,26.44%,0.93548,2026-10-06
MRNA,187.46,2026-10-09,3,Put,167.50,-10.65%,0.64,0.67,0.66,879,205,4.29,92.47%,93.92%,-0.085617,2026-10-06
MU,1045.56,2026-10-09,3,Put,"1,062.50",+1.62%,26.85,25.75,27.5,608,142,4.28,44.88%,46.20%,-0.639697,2026-10-06
ADBE,238.12,2026-10-09,3,Put,225.00,-5.51%,0.28,0.37,0.45,1467,343,4.28,40.08%,45.50%,-0.08051,2026-10-06
AMD,649.42,2026-10-09,3,Put,660.00,+1.63%,16.9,17.25,17.9,546,128,4.27,51.40%,48.40%,-0.633596,2026-10-06
AFRM,74.88,2026-10-09,3,Put,71.00,-5.18%,0.26,0.34,0.39,773,181,4.27,61.95%,59.02%,-0.152291,2026-10-06
AVGO,375.81,2026-10-09,3,Put,362.50,-3.54%,0.99,1.02,1.05,1024,240,4.27,37.59%,38.84%,-0.147169,2026-10-06
WDC,411.04,2026-10-09,3,Call,420.00,-2.18%,5.9,6,6.1,2623,616,4.26,64.25%,65.16%,0.370553,2026-10-06
AMD,649.42,2026-10-16,10,Call,645.00,+0.68%,21,21.7,22.25,627,148,4.24,51.40%,44.40%,0.557322,2026-10-06
VST,160.5,2026-10-09,3,Call,170.00,-5.92%,0.65,0.7,0.77,4016,949,4.23,49.25%,60.95%,0.156687,2026-10-06
TSM,482.3,2026-11-20,45,Call,530.00,-9.89%,7.1,7.4,7.6,4120,974,4.23,33.26%,33.14%,0.236248,2026-10-06
NVDA,239.24,2026-10-09,3,Put,237.50,-0.73%,1.64,1.62,1.67,25092,5939,4.22,32.77%,28.43%,-0.37999,2026-10-06
UBER,69.08,2028-12-15,801,Call,40.00,+42.10%,33.5,35.71,37.35,906,215,4.21,37.34%,42.17%,0.912679,2026-10-06
ARM,302.56,2026-10-09,3,Call,315.00,-4.11%,3.15,3.05,3.3,1364,324,4.21,70.27%,70.87%,0.277549,2026-10-06
DHR,215.61,2026-10-09,3,Put,217.50,+0.88%,3.7,3.3,4.5,944,225,4.2,37.39%,39.50%,-0.587208,2026-10-06
AMD,649.42,2026-10-07,1,Call,635.00,+2.22%,15.6,15.7,16.5,3451,821,4.2,51.40%,47.28%,0.822281,2026-10-06
MRVL,287.01,2026-10-16,10,Call,315.00,-9.75%,3.3,3.4,3.5,1916,457,4.19,59.79%,64.13%,0.207849,2026-10-06
FTAI,179.44,2027-01-15,101,Call,240.00,-33.75%,4.9,6.3,8.6,527,126,4.18,70.88%,60.70%,0.23368,2026-10-06
BE,295.78,2026-10-09,3,Call,315.00,-6.50%,1.93,1.89,2,2286,547,4.18,78.40%,74.46%,0.185607,2026-10-06
STZ,115.67,2026-10-09,3,Put,110.00,-4.90%,0.55,0.68,0.7,1258,302,4.17,36.26%,61.35%,-0.175606,2026-10-06
SMR,8.02,2026-10-23,17,Call,8.50,-5.99%,0.3,0.33,0.34,940,226,4.16,79.65%,73.23%,0.390741,2026-10-06
WELL,225.78,2027-03-19,164,Call,250.00,-10.73%,5.5,6.7,8,986,237,4.16,26.39%,23.91%,0.313448,2026-10-06
AAOI,130.16,2026-10-16,10,Call,145.00,-11.40%,2.6,3.3,3.2,1915,460,4.16,99.72%,90.97%,0.262797,2026-10-06
MO,68.55,2026-10-09,3,Put,69.00,+0.66%,0.66,0.88,0.86,705,170,4.15,24.62%,19.88%,-0.642125,2026-10-06
PCVX,66.7,2026-10-16,10,Put,60.00,-10.04%,0.25,0.48,0.5,1274,307,4.15,54.97%,56.61%,-0.117608,2026-10-06
NCLH,15.51,2026-11-20,45,Put,16.00,+3.16%,1.34,1.39,1.61,779,188,4.14,53.39%,56.95%,-0.515421,2026-10-06
BE,295.78,2026-10-16,10,Put,282.50,-4.49%,6.95,6.5,7.5,718,174,4.13,78.40%,67.55%,-0.317413,2026-10-06
BBWI,17.93,2026-12-18,73,Call,20.00,-11.54%,0.95,1.1,1.1,1008,244,4.13,58.34%,56.19%,0.374936,2026-10-06
NTSK,19.64,2026-10-16,10,Call,22.50,-14.56%,0.15,0.16,0.2,5390,1305,4.13,69.67%,73.87%,0.148686,2026-10-06
SNDK,1660.46,2026-10-09,3,Put,"1,665.00",+0.27%,36.5,36.4,37.2,1063,258,4.12,60.86%,57.84%,-0.508371,2026-10-06
MSFT,529.3,2026-10-09,3,Put,527.50,-0.34%,3.8,4.05,4.1,1458,354,4.12,29.50%,25.39%,-0.432893,2026-10-06
WDC,411.04,2026-10-16,10,Call,410.00,+0.25%,16.35,16.91,17.25,3040,739,4.11,64.25%,59.30%,0.533984,2026-10-06
AMD,649.42,2026-10-09,3,Put,635.00,-2.22%,5.05,5.2,5.3,1442,352,4.1,51.40%,47.22%,-0.290289,2026-10-06
ORCL,144.77,2026-10-09,3,Call,147.00,-1.54%,1.74,1.77,1.79,6231,1521,4.1,51.14%,51.66%,0.382569,2026-10-06
ANET,215.36,2026-10-16,10,Call,215.00,+0.17%,6.2,6.3,6.45,1647,403,4.09,49.91%,42.44%,0.529541,2026-10-06
FRVO,14.33,2026-11-20,45,Call,17.50,-22.12%,0.9,1,1.05,800,196,4.08,96.69%,98.79%,0.348792,2026-10-06
INTC,112.5,2026-11-06,31,Call,128.00,-13.78%,3.8,3.92,4,505,124,4.07,62.66%,69.20%,0.299916,2026-10-06
MSFT,529.3,2026-10-23,17,Call,532.50,-0.60%,9.6,10,10.85,525,129,4.07,29.50%,24.94%,0.476983,2026-10-06
NN,13.27,2026-12-18,73,Call,17.00,-28.11%,1.5,1.65,1.75,41546,10216,4.07,111.48%,117.05%,0.422182,2026-10-06
NU,15.66,2026-12-18,73,Call,18.00,-14.94%,0.5,0.51,0.53,65572,16119,4.07,48.15%,44.82%,0.289489,2026-10-06
INTC,112.5,2026-10-09,3,Call,117.00,-4.00%,0.94,0.95,0.98,5687,1402,4.06,62.66%,62.84%,0.256213,2026-10-06
INTC,112.5,2027-06-17,254,Call,220.00,-95.56%,4.9,5.1,5.1,1168,288,4.06,62.66%,66.15%,0.185943,2026-10-06
AVGO,375.81,2026-10-23,17,Call,370.00,+1.55%,15.05,15.36,15.5,4509,1110,4.06,37.59%,36.88%,0.600181,2026-10-06
MRNA,187.46,2026-10-09,3,Call,217.50,-16.02%,0.5,0.53,0.52,530,131,4.05,92.47%,105.80%,0.067014,2026-10-06
WMT,107.2,2026-10-09,3,Put,107.00,-0.19%,0.78,0.78,0.85,1970,486,4.05,28.66%,23.81%,-0.457553,2026-10-06
MU,1045.56,2026-10-12,6,Call,"1,100.00",-5.21%,5.25,5.3,5.45,2947,727,4.05,44.88%,41.64%,0.180817,2026-10-06
MRVL,287.01,2026-10-09,3,Call,315.00,-9.75%,0.8,0.85,0.88,4594,1134,4.05,59.79%,75.67%,0.093814,2026-10-06
TSLA,380.68,2026-10-07,1,Put,367.50,-3.46%,0.19,0.19,0.2,7592,1875,4.05,40.77%,42.33%,-0.05414,2026-10-06
BEAM,25.23,2026-11-20,45,Call,25.00,+0.91%,2.4,2.5,2.65,739,183,4.04,68.13%,66.96%,0.570417,2026-10-06
SPCX,171.92,2026-10-19,13,Put,165.00,-4.03%,2.59,2.75,2.73,1351,335,4.03,50.12%,43.45%,-0.288875,2026-10-06
AAL,13,2027-09-17,346,Call,17.00,-30.77%,1.2,1.25,1.76,1171,291,4.02,47.93%,53.59%,0.398619,2026-10-06
AVGO,375.81,2026-10-09,3,Call,392.50,-4.44%,0.87,1.1,1.14,1294,322,4.02,37.59%,42.92%,0.137698,2026-10-06
SPCX,171.92,2027-06-17,254,Put,190.00,+10.52%,36.6,36.96,37.3,1677,417,4.02,50.12%,50.18%,-0.498259,2026-10-06
DELL,574,2026-10-09,3,Call,620.00,-8.01%,1.06,1.25,1.31,1945,484,4.02,57.57%,60.33%,0.084252,2026-10-06
VZ,45.98,2026-11-06,31,Call,46.00,-0.04%,0.98,1.11,1.2,633,158,4.01,25.16%,21.26%,0.499451,2026-10-06
NET,355.01,2026-10-09,3,Put,340.00,-4.23%,1.48,1.7,1.93,725,181,4.01,64.14%,53.54%,-0.178689,2026-10-06
INTC,112.5,2026-10-30,24,Put,113.00,+0.44%,7.95,8.01,8.15,978,244,4.01,62.66%,68.76%,-0.470873,2026-10-06
U,44.95,2028-01-21,472,Put,33.00,-26.59%,5,5.42,5.65,1122,280,4.01,66.58%,64.25%,-0.198582,2026-10-06
MSTR,164.55,2026-12-18,73,Call,205.00,-24.58%,7.8,8.05,8.15,1772,443,4,64.32%,68.13%,0.293563,2026-10-06
FCEL,20.65,2026-10-09,3,Call,19.00,+7.99%,1.75,1.96,2.2,1902,476,4,97.34%,128.37%,0.781297,2026-10-06
KKR,90.67,2028-01-21,472,Call,90.00,+0.74%,17.8,18.6,19.4,550,138,3.99,40.77%,41.07%,0.629822,2026-10-06
SPCX,171.92,2026-11-13,38,Call,190.00,-10.52%,5.1,5.35,5.35,837,210,3.99,50.12%,51.43%,0.310412,2026-10-06
HUM,404.27,2026-10-16,10,Put,340.00,-15.90%,3.9,4.3,4.9,5004,1255,3.99,67.61%,98.38%,-0.12517,2026-10-06
WFC,81.51,2028-12-15,801,Call,60.00,+26.39%,26.25,27.6,28.9,510,128,3.98,30.02%,32.85%,0.800017,2026-10-06
NBIS,249.87,2026-10-09,3,Call,247.50,+0.95%,8.3,8.45,8.5,2957,744,3.97,80.01%,79.07%,0.568783,2026-10-06
SPCX,171.92,2026-11-20,45,Put,175.00,+1.79%,13.45,13.65,13.6,1568,396,3.96,50.12%,50.86%,-0.496266,2026-10-06
FSLR,179.8,2026-11-06,31,Call,195.00,-8.45%,6.6,7.15,7.6,2135,540,3.95,56.34%,60.37%,0.36164,2026-10-06
AMZN,256.29,2026-10-09,3,Put,260.00,+1.45%,4.85,4.91,5.05,2364,598,3.95,36.20%,29.52%,-0.697364,2026-10-06
GOOGL,347.68,2026-10-07,1,Put,350.00,+0.67%,3.35,3.43,3.6,666,169,3.94,33.81%,29.35%,-0.663083,2026-10-06
AMD,649.42,2026-10-07,1,Put,607.50,-6.45%,0.1,0.1,0.13,781,198,3.94,51.40%,59.76%,-0.015703,2026-10-06
AVGO,375.81,2026-10-09,3,Call,400.00,-6.44%,0.51,0.51,0.52,10612,2694,3.94,37.59%,46.63%,0.073771,2026-10-06
AMD,649.42,2028-12-15,801,Call,"1,230.00",-89.40%,100.55,101.3,104.45,652,166,3.93,51.40%,55.15%,0.403986,2026-10-06
IOVA,12.96,2026-10-09,3,Put,14.00,+8.02%,0.9,1.15,1.25,1767,450,3.93,94.66%,66.24%,-0.895629,2026-10-06
CAT,863.44,2026-11-20,45,Call,930.00,-7.71%,24.1,26.65,27.25,1059,270,3.92,41.16%,40.81%,0.337381,2026-10-06
JBLU,4.03,2028-01-21,472,Put,7.00,+73.70%,3.15,3.2,3.3,1876,478,3.92,66.91%,62.89%,-0.690749,2026-10-06
NKE,34.61,2026-11-13,38,Call,34.00,+1.76%,1.88,1.88,2.02,1574,403,3.91,36.63%,37.28%,0.57873,2026-10-06
MSTR,164.55,2026-10-09,3,Put,165.00,+0.27%,4.05,4.12,4.15,6979,1783,3.91,64.32%,65.38%,-0.504842,2026-10-06
PEP,125.71,2026-10-16,10,Call,127.00,-1.03%,1.92,1.93,2.25,580,150,3.87,24.79%,32.27%,0.433041,2026-10-06
TSLA,380.68,2026-10-12,6,Put,362.50,-4.78%,0.9,0.94,0.95,948,245,3.87,40.77%,32.88%,-0.115919,2026-10-06
BTDR,10.91,2026-10-16,10,Put,14.00,+28.32%,2.85,3,3.4,1254,324,3.87,92.07%,93.85%,-0.938943,2026-10-06
CRM,224.99,2026-10-09,3,Put,225.00,0.00%,3.2,3.47,3.6,2362,614,3.85,38.18%,42.04%,-0.490676,2026-10-06
CMG,30.9,2026-10-09,3,Call,31.00,-0.32%,0.45,0.52,0.61,1697,442,3.84,45.07%,51.29%,0.484294,2026-10-06
ZM,94.2,2026-11-20,45,Call,105.00,-11.46%,1.85,1.95,2.02,4792,1247,3.84,38.12%,40.67%,0.256455,2026-10-06
MRVL,287.01,2026-10-09,3,Call,295.00,-2.78%,4.3,4.42,4.55,7960,2072,3.84,59.79%,73.59%,0.354342,2026-10-06
NOW,137.97,2026-10-23,17,Call,160.00,-15.97%,0.67,0.71,0.75,2786,729,3.82,55.74%,51.23%,0.102342,2026-10-06
AMZN,256.29,2026-10-09,3,Put,252.50,-1.48%,1.23,1.25,1.31,5446,1430,3.81,36.20%,30.28%,-0.285488,2026-10-06
CCJ,93.02,2026-10-16,10,Call,94.00,-1.05%,2.09,2.45,2.59,502,132,3.8,46.10%,44.84%,0.463062,2026-10-06
UEC,10.11,2026-10-30,24,Call,11.00,-8.80%,0.26,0.37,0.4,767,202,3.8,63.93%,62.72%,0.334211,2026-10-06
DNA,12.41,2026-11-20,45,Call,17.00,-36.99%,0.7,0.9,1,1174,309,3.8,120.89%,122.56%,0.30685,2026-10-06
NVDA,239.24,2026-10-16,10,Call,252.50,-5.54%,0.57,0.57,0.6,2666,701,3.8,32.77%,26.38%,0.116627,2026-10-06
CRWD,278.86,2026-10-16,10,Put,262.50,-5.87%,2.71,2.81,3.4,527,139,3.79,50.46%,50.60%,-0.219139,2026-10-06
AMD,649.42,2029-01-19,836,Call,"1,220.00",-87.86%,105.7,110.35,110.9,894,236,3.79,51.40%,54.96%,0.417352,2026-10-06
MU,1045.56,2026-10-09,3,Call,"1,060.00",-1.38%,11.8,11.9,12,3324,877,3.79,44.88%,47.51%,0.386037,2026-10-06
AMZN,256.29,2026-10-16,10,Put,257.50,+0.47%,5.15,5.25,5.4,831,220,3.78,36.20%,28.15%,-0.524353,2026-10-06
TSLA,380.68,2026-10-23,17,Call,382.50,-0.48%,15,15.15,15.25,984,260,3.78,40.77%,47.80%,0.509135,2026-10-06
AMZN,256.29,2026-10-07,1,Call,242.50,+5.38%,12.65,14.05,15.05,1515,401,3.78,36.20%,48.83%,0.985388,2026-10-06
MRVL,287.01,2026-10-09,3,Put,275.00,-4.18%,2.78,2.84,3,2447,647,3.78,59.79%,73.04%,-0.247337,2026-10-06
CSCO,117.94,2026-10-09,3,Call,123.00,-4.29%,0.17,0.2,0.22,579,154,3.76,39.21%,36.45%,0.105866,2026-10-06
MU,1045.56,2026-10-07,1,Put,995.00,-4.84%,0.42,0.4,0.44,1618,432,3.75,44.88%,53.36%,-0.03657,2026-10-06
SPCX,171.92,2026-10-16,10,Put,185.00,+7.61%,14.2,14.55,15.05,503,135,3.73,50.12%,51.87%,-0.790364,2026-10-06
MU,1045.56,2026-10-09,3,Put,"1,067.50",+2.10%,30.2,30,30.9,545,146,3.73,44.88%,46.20%,-0.680869,2026-10-06
INTC,112.5,2026-10-23,17,Put,114.00,+1.33%,7.1,6.92,7.25,779,209,3.73,62.66%,66.60%,-0.50467,2026-10-06
PANW,419.91,2026-10-09,3,Put,390.00,-7.12%,0.42,0.57,0.73,1071,287,3.73,53.67%,54.31%,-0.062836,2026-10-06
FCEL,20.65,2026-11-20,45,Call,20.00,+3.15%,3,3.1,3.3,1075,288,3.73,97.34%,97.66%,0.609908,2026-10-06
META,738.88,2026-10-07,1,Call,737.50,+0.19%,5.75,6.07,6.25,1714,460,3.73,39.34%,34.01%,0.547552,2026-10-06
QBTS,15.79,2026-11-20,45,Put,12.00,-24.00%,0.06,0.22,0.31,804,216,3.72,70.63%,66.93%,-0.096025,2026-10-06
SPCX,171.92,2026-11-06,31,Put,160.00,-6.93%,4.55,4.6,4.7,1300,349,3.72,50.12%,49.77%,-0.278307,2026-10-06
AVGO,375.81,2026-10-07,1,Call,370.00,+1.55%,6.9,7.15,7.3,10409,2846,3.66,37.59%,43.83%,0.75632,2026-10-06
MU,1045.56,2026-10-12,6,Call,"1,090.00",-4.25%,6.9,7.3,7.15,797,218,3.66,44.88%,41.10%,0.226108,2026-10-06
NBIS,249.87,2026-10-16,10,Call,265.00,-6.06%,6.75,6.75,6.85,1291,353,3.66,80.01%,75.92%,0.345829,2026-10-06
AMD,649.42,2026-10-07,1,Call,632.50,+2.61%,17.7,17.7,18.75,2216,607,3.65,51.40%,48.40%,0.855213,2026-10-06
AMD,649.42,2026-10-16,10,Put,617.50,-4.92%,6.6,7,7.1,509,140,3.64,51.40%,44.99%,-0.233722,2026-10-06
TGT,154.33,2026-10-09,3,Call,155.00,-0.43%,1.35,1.5,1.55,1607,441,3.64,37.07%,31.46%,0.446217,2026-10-06
CCL,26.58,2026-11-06,31,Call,30.00,-12.87%,0.25,0.26,0.29,784,216,3.63,38.18%,40.50%,0.16975,2026-10-06
NBIS,249.87,2026-10-16,10,Call,285.00,-14.06%,2.94,2.97,3,1030,284,3.63,80.01%,79.53%,0.177335,2026-10-06
NBIS,249.87,2026-10-09,3,Call,250.00,-0.05%,7,7.11,7.25,12422,3427,3.62,80.01%,79.13%,0.513192,2026-10-06
LUNR,15.06,2026-10-30,24,Call,17.00,-12.88%,0.41,0.55,0.6,624,173,3.61,87.96%,75.14%,0.301755,2026-10-06
AAOI,130.16,2026-11-20,45,Call,150.00,-15.24%,11.6,11.87,12.2,971,269,3.61,99.72%,103.01%,0.421578,2026-10-06
BE,295.78,2026-10-09,3,Put,292.50,-1.11%,5.95,6,6.1,982,272,3.61,78.40%,71.36%,-0.417265,2026-10-06
MRVL,287.01,2026-10-09,3,Call,330.00,-14.98%,0.18,0.22,0.25,3290,911,3.61,59.79%,78.88%,0.027968,2026-10-06
INTU,289.81,2028-01-21,472,Call,"1,020.00",-251.95%,0,2.25,2.3,501,139,3.6,49.32%,47.64%,0.023158,2026-10-06
AAPL,333.63,2026-10-09,3,Call,322.50,+3.34%,10.25,11.89,12,659,183,3.6,25.02%,33.78%,0.871343,2026-10-06
GLW,168.97,2026-10-16,10,Call,172.50,-2.09%,4.7,5,5.2,804,224,3.59,60.83%,57.71%,0.436572,2026-10-06
NRG,103.6,2026-12-18,73,Put,95.00,-8.30%,4.7,5.18,5.6,1264,352,3.59,52.74%,50.72%,-0.303686,2026-10-06
JPM,331.28,2027-03-19,164,Call,375.00,-13.20%,7.4,7.98,8.4,1350,376,3.59,26.04%,23.96%,0.263967,2026-10-06
QNT,45.59,2026-10-16,10,Put,40.00,-12.26%,0.3,0.5,0.7,1841,513,3.59,82.10%,81.47%,-0.148095,2026-10-06
INTC,112.5,2026-10-07,1,Call,118.00,-4.89%,0.13,0.14,0.15,18538,5159,3.59,62.66%,64.59%,0.081917,2026-10-06
PENG,64.21,2026-10-16,10,Call,65.00,-1.23%,5.7,5.86,6,5492,1534,3.58,104.38%,145.86%,0.52968,2026-10-06
RYN,18.09,2027-02-19,136,Put,17.50,-3.26%,0.95,1.05,1.2,626,175,3.58,32.76%,30.70%,-0.395899,2026-10-06
BA,189.82,2026-10-09,3,Call,192.50,-1.41%,1.15,1.25,1.37,3508,979,3.58,35.03%,34.20%,0.330756,2026-10-06
NKE,34.61,2026-10-23,17,Put,36.00,+4.02%,1.74,1.92,1.95,2109,590,3.57,36.63%,32.72%,-0.699495,2026-10-06
TSLA,380.68,2026-10-07,1,Put,365.00,-4.12%,0.12,0.13,0.13,15758,4419,3.57,40.77%,44.77%,-0.035075,2026-10-06
TEM,71.98,2026-10-09,3,Put,65.00,-9.70%,0.13,0.24,0.35,506,142,3.56,79.84%,86.33%,-0.089117,2026-10-06
GOOGL,347.68,2026-10-07,1,Put,342.50,-1.49%,0.47,0.5,0.51,3200,898,3.56,33.81%,30.10%,-0.166941,2026-10-06
PENG,64.21,2026-11-20,45,Call,65.00,-1.23%,7.9,8.4,8.7,558,157,3.55,104.38%,94.97%,0.557567,2026-10-06
GOOGL,347.68,2026-10-12,6,Call,350.00,-0.67%,3.55,3.65,3.7,1136,320,3.55,33.81%,25.81%,0.433911,2026-10-06
BE,295.78,2026-10-09,3,Put,300.00,+1.43%,9.8,9.85,10,1519,430,3.53,78.40%,71.07%,-0.572967,2026-10-06
WMT,107.2,2026-10-09,3,Put,106.00,-1.12%,0.42,0.47,0.46,2910,825,3.53,28.66%,24.02%,-0.295396,2026-10-06
INTC,112.5,2026-10-09,3,Call,113.00,-0.44%,2.25,2.3,2.31,4393,1243,3.53,62.66%,61.50%,0.481402,2026-10-06
NEE,77.88,2026-10-23,17,Call,79.00,-1.44%,1.18,1.18,1.22,1799,511,3.52,24.57%,25.07%,0.408229,2026-10-06
SPCX,171.92,2026-10-09,3,Call,172.50,-0.34%,2.93,2.94,2.95,29965,8544,3.51,50.12%,51.32%,0.483144,2026-10-06
MSFT,529.3,2026-10-07,1,Put,517.50,-2.23%,0.23,0.27,0.27,2987,851,3.51,29.50%,29.33%,-0.069242,2026-10-06
STUB,5.73,2026-10-16,10,Put,12.50,+118.15%,6.7,6.78,6.9,641,183,3.5,71.03%,247.67%,-0.957036,2026-10-06
SPCX,171.92,2027-09-17,346,Put,155.00,-9.84%,21.4,21.61,22.45,1538,439,3.5,50.12%,51.48%,-0.303708,2026-10-06
MU,1045.56,2026-10-07,1,Call,"1,140.00",-9.03%,0.1,0.16,0.16,1749,500,3.5,44.88%,70.42%,0.010052,2026-10-06
FCEL,20.65,2026-10-09,3,Call,21.00,-1.69%,0.6,0.65,0.75,855,245,3.49,97.34%,110.99%,0.45479,2026-10-06
MRVL,287.01,2026-11-20,45,Put,290.00,+1.04%,24.25,25.1,25,889,255,3.49,59.79%,58.92%,-0.47198,2026-10-06
TWST,166.97,2026-10-16,10,Call,220.00,-31.76%,0.5,1,2.85,620,178,3.48,93.75%,124.63%,0.109583,2026-10-06
NVDA,239.24,2026-10-09,3,Call,222.50,+7.00%,16.6,16.92,17.2,3483,1001,3.48,32.77%,42.22%,0.972633,2026-10-06
BP,45.01,2026-11-06,31,Put,48.00,+6.64%,3.5,3.75,3.95,1447,417,3.47,35.06%,34.39%,-0.721969,2026-10-06
TLN,373.11,2026-12-18,73,Put,360.00,-3.51%,26.2,30.8,31.9,2253,652,3.46,59.45%,55.87%,-0.384941,2026-10-06
HON,212.87,2026-10-09,3,Call,215.00,-1.00%,1,1.19,3.6,559,162,3.45,31.00%,42.12%,0.40404,2026-10-06
NU,15.66,2027-04-16,192,Call,14.00,+10.60%,2.95,2.9,3.2,617,179,3.45,48.15%,45.73%,0.716373,2026-10-06
NBIS,249.87,2026-10-09,3,Call,287.50,-15.06%,0.38,0.36,0.41,735,213,3.45,80.01%,90.44%,0.047854,2026-10-06
DNUT,3.02,2026-10-16,10,Call,3.00,+0.66%,0.1,0.15,0.15,1021,296,3.45,74.90%,57.93%,0.545558,2026-10-06
SNDK,1660.46,2026-10-09,3,Call,"1,730.00",-4.19%,11.8,12.2,12.1,2015,584,3.45,60.86%,59.63%,0.233887,2026-10-06
META,738.88,2026-10-09,3,Call,720.00,+2.56%,21.7,22.7,23.25,2607,758,3.44,39.34%,38.72%,0.77738,2026-10-06
MU,1045.56,2026-10-12,6,Call,"1,065.00",-1.86%,13.35,13.55,13.75,782,228,3.43,44.88%,40.14%,0.374447,2026-10-06
SNDK,1660.46,2026-10-09,3,Call,"1,600.00",+3.64%,73.5,75.2,74.3,844,246,3.43,60.86%,60.00%,0.762703,2026-10-06
NVDA,239.24,2027-04-16,192,Call,225.00,+5.95%,34.8,35.51,35.4,1105,322,3.43,32.77%,37.19%,0.66796,2026-10-06
KLAC,197.46,2026-10-23,17,Call,215.00,-8.88%,2.85,3.9,4.6,509,149,3.42,59.78%,56.86%,0.267803,2026-10-06
DELL,574,2026-10-09,3,Call,615.00,-7.14%,1.43,1.55,1.72,931,272,3.42,57.57%,59.84%,0.107591,2026-10-06
TSM,482.3,2026-10-09,3,Put,480.00,-0.48%,3.85,3.91,4.15,1530,447,3.42,33.26%,29.40%,-0.420409,2026-10-06
MU,1045.56,2026-10-09,3,Put,"1,065.00",+1.86%,28.5,29,29.15,1765,518,3.41,44.88%,46.16%,-0.660661,2026-10-06
RUN,7.77,2026-11-20,45,Call,8.00,-2.96%,0.79,0.82,0.85,1458,429,3.4,80.98%,83.10%,0.525014,2026-10-06
MRNA,187.46,2026-10-09,3,Put,195.00,+4.02%,10.9,10.95,11.05,2486,732,3.4,92.47%,94.95%,-0.660031,2026-10-06
META,738.88,2026-10-07,1,Put,717.50,-2.89%,0.34,0.34,0.37,1874,552,3.39,39.34%,36.16%,-0.058714,2026-10-06
CVE,31.24,2026-11-20,45,Put,30.00,-3.97%,0.95,1.08,1.25,611,181,3.38,42.20%,39.12%,-0.351986,2026-10-06
NU,15.66,2026-10-23,17,Call,16.50,-5.36%,0.24,0.23,0.3,2079,616,3.38,48.15%,42.57%,0.307432,2026-10-06
NOK,10.97,2026-10-09,3,Put,11.00,+0.27%,0.25,0.28,0.28,2508,742,3.38,63.12%,63.16%,-0.506295,2026-10-06
NVAX,11.32,2026-10-09,3,Put,10.50,-7.24%,0.12,0.14,0.14,626,186,3.37,95.03%,106.32%,-0.202876,2026-10-06
AMZN,256.29,2026-10-07,1,Call,240.00,+6.36%,15.05,16.65,16.55,755,224,3.37,36.20%,84.70%,0.93396,2026-10-06
SPCX,171.92,2026-10-19,13,Call,180.00,-4.70%,2.66,2.65,2.81,1386,411,3.37,50.12%,44.08%,0.3107,2026-10-06
AMD,649.42,2026-10-09,3,Call,657.50,-1.24%,7.6,7.8,8,1763,523,3.37,51.40%,47.83%,0.398924,2026-10-06
MU,1045.56,2026-10-09,3,Call,"1,075.00",-2.82%,7.35,7.45,7.6,4076,1209,3.37,44.88%,48.25%,0.272323,2026-10-06
META,738.88,2026-10-09,3,Call,760.00,-2.86%,2.75,2.79,2.85,4536,1346,3.37,39.34%,36.70%,0.205641,2026-10-06
MRNA,187.46,2026-10-09,3,Call,200.00,-6.69%,2.3,2.31,2.35,5289,1569,3.37,92.47%,97.48%,0.246673,2026-10-06
STX,805.63,2026-10-09,3,Call,880.00,-9.23%,1.75,1.95,2.15,675,201,3.36,64.49%,69.42%,0.085824,2026-10-06
BE,295.78,2026-10-09,3,Call,310.00,-4.81%,2.88,2.93,2.95,5138,1531,3.36,78.40%,73.88%,0.253713,2026-10-06
META,738.88,2026-12-18,73,Put,800.00,+8.27%,83.75,82.83,85.05,1029,307,3.35,39.34%,37.57%,-0.644308,2026-10-06
INTC,112.5,2027-01-15,101,Call,145.00,-28.89%,5.55,5.6,5.65,13987,4183,3.34,62.66%,62.90%,0.283853,2026-10-06
INTC,112.5,2026-10-09,3,Put,116.00,+3.11%,4.6,4.74,4.75,6325,1902,3.33,62.66%,62.34%,-0.695206,2026-10-06
ZS,212.25,2026-10-09,3,Call,230.00,-8.36%,0.44,0.51,0.58,593,178,3.33,52.53%,64.56%,0.090531,2026-10-06
JD,26.5,2026-10-16,10,Call,26.00,+1.89%,0.66,0.88,0.9,1200,360,3.33,36.01%,30.63%,0.643794,2026-10-06
STZ,115.67,2027-01-15,101,Call,135.00,-16.71%,1.9,2.3,2.65,1318,396,3.33,36.26%,33.23%,0.213976,2026-10-06
NBIS,249.87,2026-10-09,3,Call,267.50,-7.06%,1.92,2.02,2.09,1609,484,3.32,80.01%,83.94%,0.19662,2026-10-06
NNE,16.49,2026-10-09,3,Call,17.50,-6.12%,0.1,0.21,0.15,738,223,3.31,71.75%,75.58%,0.203622,2026-10-06
DELL,574,2026-10-09,3,Call,635.00,-10.63%,0.27,0.44,0.67,522,158,3.3,57.57%,61.43%,0.03749,2026-10-06
CSCO,117.94,2026-10-09,3,Call,120.00,-1.75%,0.64,0.67,0.68,6605,2001,3.3,39.21%,33.87%,0.293892,2026-10-06
TSLA,380.68,2026-10-09,3,Put,375.00,-1.49%,2.59,2.6,2.66,7318,2216,3.3,40.77%,36.56%,-0.316118,2026-10-06
AZN,158.61,2027-01-15,101,Put,145.00,-8.58%,3.5,4.21,5,751,228,3.29,32.68%,29.74%,-0.25997,2026-10-06
HPE,70.48,2026-10-09,3,Put,67.00,-4.94%,0.3,0.39,0.43,1615,491,3.29,58.11%,60.83%,-0.171027,2026-10-06
AMD,649.42,2026-10-30,24,Put,650.00,+0.09%,30.3,31,31.25,531,162,3.28,51.40%,47.03%,-0.472537,2026-10-06
HOOD,112,2026-10-09,3,Put,121.00,+8.04%,9.05,8.4,9.35,629,192,3.28,59.12%,60.23%,-0.918378,2026-10-06
NVAX,11.32,2026-10-09,3,Put,11.00,-2.83%,0.15,0.35,0.47,862,263,3.28,95.03%,112.40%,-0.368782,2026-10-06
AVGO,375.81,2026-10-09,3,Put,365.00,-2.88%,1.39,1.42,1.49,1280,392,3.27,37.59%,38.51%,-0.194814,2026-10-06
SMCI,43.46,2026-10-30,24,Put,36.00,-17.17%,0.45,0.46,0.51,1271,390,3.26,75.67%,68.11%,-0.119203,2026-10-06
NBIS,249.87,2026-10-09,3,Put,225.00,-9.95%,0.65,0.62,0.67,10374,3183,3.26,80.01%,83.06%,-0.075805,2026-10-06
CRWD,278.86,2026-10-09,3,Call,287.50,-3.10%,2.05,2.17,2.28,1118,344,3.25,50.46%,52.70%,0.271553,2026-10-06
TSLA,380.68,2026-10-12,6,Call,390.00,-2.45%,2.76,2.8,2.82,1376,423,3.25,40.77%,32.06%,0.290337,2026-10-06
VKTX,28.38,2027-05-21,227,Call,30.00,-5.71%,5.5,5.75,5.85,560,173,3.24,68.16%,67.92%,0.584805,2026-10-06
DELL,574,2026-10-09,3,Call,610.00,-6.27%,1.92,2.08,2.28,933,288,3.24,57.57%,59.55%,0.136845,2026-10-06
GME,24.76,2026-10-30,24,Put,24.00,-3.07%,0.78,0.97,1.02,1556,480,3.24,52.41%,49.45%,-0.381139,2026-10-06
MRVL,287.01,2026-10-16,10,Put,257.50,-10.28%,2.18,2.18,2.24,4181,1290,3.24,59.79%,63.64%,-0.137462,2026-10-06
NVDA,239.24,2026-10-30,24,Put,245.00,+2.41%,9.65,9.85,9.85,513,159,3.23,32.77%,27.39%,-0.611926,2026-10-06
GRAB,3.07,2026-11-13,38,Call,3.50,-14.01%,0.08,0.1,0.11,1052,326,3.23,52.76%,59.34%,0.285262,2026-10-06
EMBJ,75.2,2026-11-20,45,Put,75.00,-0.27%,4,3.83,4.3,1279,396,3.23,42.26%,41.76%,-0.454963,2026-10-06
NVDA,239.24,2026-10-09,3,Put,250.00,+4.50%,10.2,10.77,11.5,1475,456,3.23,32.77%,29.24%,-0.953186,2026-10-06
NOK,10.97,2026-10-23,17,Call,10.50,+4.28%,0.92,0.94,0.98,4791,1482,3.23,63.12%,73.89%,0.641159,2026-10-06
MU,1045.56,2026-10-09,3,Call,"1,067.50",-2.10%,9.35,9.5,9.6,1084,337,3.22,44.88%,47.86%,0.326444,2026-10-06
CPB,19,2026-10-09,3,Put,19.00,0.00%,0.2,0.25,0.3,1228,381,3.22,32.19%,35.94%,-0.497204,2026-10-06
CVX,207.58,2026-10-09,3,Call,212.50,-2.37%,0.45,0.54,0.53,1905,591,3.22,27.77%,27.50%,0.177261,2026-10-06
CBRS,177.1,2026-10-09,3,Call,202.50,-14.34%,0.15,0.19,0.35,1105,345,3.2,74.71%,85.33%,0.045554,2026-10-06
WMT,107.2,2026-11-06,31,Call,108.00,-0.75%,2.26,2.81,3.05,1259,394,3.2,28.66%,23.29%,0.484778,2026-10-06
META,738.88,2026-10-07,1,Call,755.00,-2.18%,0.88,0.9,0.94,7714,2417,3.19,39.34%,36.23%,0.13058,2026-10-06
MRNA,187.46,2026-10-09,3,Put,182.50,-2.65%,3.9,4.2,4.05,720,226,3.19,92.47%,92.11%,-0.357112,2026-10-06
NBIS,249.87,2026-10-09,3,Put,235.00,-5.95%,1.89,1.9,1.93,4290,1343,3.19,80.01%,79.64%,-0.186755,2026-10-06
SPCX,171.92,2026-10-30,24,Put,170.00,-1.12%,6.95,7,7.05,928,292,3.18,50.12%,46.39%,-0.432123,2026-10-06
BABA,109.26,2026-10-16,10,Call,109.00,+0.24%,2.81,2.86,2.99,728,230,3.17,41.07%,38.42%,0.527457,2026-10-06
NOK,10.97,2026-11-06,31,Call,13.00,-18.51%,0.25,0.27,0.28,1044,329,3.17,63.12%,68.36%,0.229278,2026-10-06
PENG,64.21,2026-11-20,45,Call,70.00,-9.02%,6.4,6.4,6.9,601,190,3.16,104.38%,97.76%,0.473843,2026-10-06
MU,1045.56,2026-10-09,3,Call,"1,072.50",-2.58%,8,8.55,8.25,682,216,3.16,44.88%,48.20%,0.290063,2026-10-06
LULU,93.61,2026-10-09,3,Call,94.00,-0.42%,1.22,1.29,1.39,786,249,3.16,41.44%,43.58%,0.469148,2026-10-06
ASTS,63.12,2026-10-09,3,Call,67.00,-6.15%,0.59,0.63,0.68,2917,923,3.16,80.85%,85.03%,0.232297,2026-10-06
DELL,574,2026-10-09,3,Call,600.00,-4.53%,3.5,3.5,3.95,3735,1187,3.15,57.57%,59.68%,0.215751,2026-10-06
PEP,125.71,2026-10-09,3,Call,127.00,-1.03%,1.5,1.54,1.77,794,253,3.14,24.79%,48.67%,0.416513,2026-10-06
FPS,41.35,2027-01-15,101,Call,60.00,-45.10%,1.85,2,2.4,2205,702,3.14,78.82%,78.46%,0.252172,2026-10-06
SKHY,182.56,2026-10-09,3,Call,195.00,-6.81%,0.62,0.63,0.65,6479,2064,3.14,52.97%,61.97%,0.127201,2026-10-06
FIG,21.93,2026-10-16,10,Put,21.00,-4.24%,0.4,0.5,0.57,1372,438,3.13,76.28%,62.13%,-0.314997,2026-10-06
AMD,649.42,2026-10-09,3,Put,630.00,-2.99%,3.7,3.8,3.9,2974,949,3.13,51.40%,47.18%,-0.230307,2026-10-06
CRWV,91.72,2026-10-09,3,Call,96.00,-4.67%,1.04,1.07,1.08,6233,1999,3.12,76.52%,78.47%,0.273893,2026-10-06
MSTR,164.55,2026-10-16,10,Call,185.00,-12.43%,1.55,1.58,1.59,9311,2996,3.11,64.32%,68.46%,0.166579,2026-10-06
OKLO,38.55,2026-10-09,3,Call,42.00,-8.95%,0.21,0.23,0.27,2186,702,3.11,74.83%,88.81%,0.153745,2026-10-06
MP,48.53,2026-10-16,10,Put,43.00,-11.40%,0.12,0.17,0.2,607,196,3.1,58.37%,53.86%,-0.078887,2026-10-06
AVGO,375.81,2026-10-12,6,Put,360.00,-4.21%,1.18,1.3,1.34,1035,334,3.1,37.59%,33.27%,-0.149107,2026-10-06
CAT,863.44,2026-10-09,3,Call,900.00,-4.23%,1.8,1.92,2.3,2932,945,3.1,41.16%,40.06%,0.132064,2026-10-06
PYPL,54.61,2026-10-16,10,Put,54.00,-1.12%,0.48,0.92,0.96,511,166,3.08,41.80%,28.21%,-0.39046,2026-10-06
META,738.88,2026-10-07,1,Call,770.00,-4.21%,0.24,0.25,0.26,4209,1368,3.08,39.34%,43.80%,0.037233,2026-10-06
MRNA,187.46,2026-10-09,3,Call,210.00,-12.02%,0.95,0.97,1,4946,1607,3.08,92.47%,101.91%,0.119115,2026-10-06
TSLA,380.68,2026-10-09,3,Put,387.50,+1.79%,9.1,9.11,10.15,687,224,3.07,40.77%,40.63%,-0.676555,2026-10-06
CF,116.02,2027-01-15,101,Call,135.00,-16.36%,3.9,4.3,4.5,773,252,3.07,43.39%,42.09%,0.290542,2026-10-06
SKHY,182.56,2026-10-09,3,Call,182.50,+0.03%,3.9,3.9,3.95,792,258,3.07,52.97%,58.58%,0.515423,2026-10-06
MU,1045.56,2026-10-12,6,Call,"1,070.00",-2.34%,11.8,11.9,12.15,970,316,3.07,44.88%,40.37%,0.341476,2026-10-06
MRNA,187.46,2026-10-09,3,Put,175.00,-6.65%,1.73,1.76,1.78,2088,680,3.07,92.47%,92.61%,-0.193613,2026-10-06
NFLX,68.69,2026-10-09,3,Call,69.00,-0.45%,0.72,0.72,0.73,21002,6868,3.06,40.29%,34.60%,0.453155,2026-10-06
MCD,232.45,2026-10-09,3,Put,240.00,+3.25%,6.5,7.8,8.25,717,234,3.06,23.34%,27.04%,-0.90175,2026-10-06
SNDK,1660.46,2026-10-09,3,Call,"1,780.00",-7.20%,4.9,5.1,5.1,656,215,3.05,60.86%,61.71%,0.113343,2026-10-06
WDC,411.04,2026-10-09,3,Call,430.00,-4.61%,3.15,3.33,3.4,1875,614,3.05,64.25%,65.72%,0.235159,2026-10-06
DKNG,19.75,2026-10-16,10,Call,20.00,-1.27%,0.52,0.65,0.75,3722,1220,3.05,66.23%,56.73%,0.469831,2026-10-06
NVDA,239.24,2026-10-09,3,Call,207.50,+13.27%,29.95,31.7,32.15,4614,1515,3.05,32.77%,49.20%,0.999322,2026-10-06
VST,160.5,2026-12-18,73,Call,180.00,-12.15%,7.3,7.3,7.65,8767,2878,3.05,49.25%,49.27%,0.351862,2026-10-06
EMR,161.4,2027-01-15,101,Call,185.00,-14.62%,2.3,3,3.8,666,219,3.04,33.25%,29.57%,0.225928,2026-10-06
ALB,106.35,2028-01-21,472,Put,125.00,+17.54%,32.35,33.1,33.6,753,248,3.04,53.64%,49.39%,-0.490641,2026-10-06
INTC,112.5,2026-10-12,6,Call,121.00,-7.56%,0.61,0.74,0.7,755,248,3.04,62.66%,55.05%,0.16139,2026-10-06
GLW,168.97,2027-06-17,254,Call,220.00,-30.20%,18.35,19.35,19.95,908,299,3.04,60.83%,60.00%,0.408563,2026-10-06
ORBS,1.06,2026-10-30,24,Call,1.0000,+5.66%,0.1,0.2,0.25,1077,354,3.04,143.18%,135.21%,0.636387,2026-10-06
AMD,649.42,2026-11-06,31,Call,750.00,-15.49%,12.25,12.4,12.95,1583,520,3.04,51.40%,56.68%,0.221004,2026-10-06
ASST,29.75,2026-10-16,10,Put,27.00,-9.24%,0.33,0.37,0.43,4243,1398,3.04,81.11%,71.26%,-0.186868,2026-10-06
VST,160.5,2026-12-18,73,Put,165.00,+2.80%,14.85,15.5,16.65,698,230,3.03,49.25%,48.16%,-0.499297,2026-10-06
GEMI,4.67,2026-10-09,3,Put,4.50,-3.64%,0,0.12,0.15,705,233,3.03,105.02%,87.38%,-0.304571,2026-10-06
GOOGL,347.68,2026-10-07,1,Call,355.00,-2.11%,0.3,0.32,0.32,8583,2841,3.02,33.81%,32.14%,0.110416,2026-10-06
SPCX,171.92,2026-10-09,3,Put,167.50,-2.57%,1.33,1.35,1.34,15184,5035,3.02,50.12%,49.95%,-0.272895,2026-10-06
DKNG,19.75,2026-11-06,31,Put,19.00,-3.80%,0.72,1.1,1.41,502,166,3.02,66.23%,63.78%,-0.376026,2026-10-06
DOCU,68.22,2026-10-09,3,Put,65.00,-4.72%,0.3,0.35,0.41,983,326,3.02,46.35%,59.22%,-0.175448,2026-10-06
STLA,4.61,2026-11-20,45,Call,5.00,-8.46%,0.2,0.21,0.25,973,323,3.01,57.78%,56.74%,0.388445,2026-10-06
AKAM,108.62,2026-10-09,3,Call,115.00,-5.87%,0.3,0.47,0.7,1061,352,3.01,64.48%,61.44%,0.160784,2026-10-06
AAPL,333.63,2026-10-16,10,Call,332.50,+0.34%,5.7,5.88,6,3156,1050,3.01,25.02%,23.16%,0.55293,2026-10-06
ORCL,144.77,2026-11-20,45,Call,195.00,-34.70%,1.02,1.05,1.05,5276,1751,3.01,51.14%,56.90%,0.084437,2026-10-06
HOOD,112,2026-10-23,17,Put,97.00,-13.39%,0.6,0.64,0.65,658,219,3,59.12%,54.23%,-0.096565,2026-10-06
IOT,41.74,2026-12-18,73,Call,41.00,+1.77%,3.7,5.5,5.7,982,327,3,53.31%,56.54%,0.590465,2026-10-06
V,370.64,2026-10-09,3,Call,372.50,-0.50%,2.14,2.2,2.25,1053,351,3,22.41%,22.29%,0.411042,2026-10-06
MRNA,187.46,2026-10-09,3,Call,215.00,-14.69%,0.62,0.64,0.64,1994,664,3,92.47%,104.39%,0.08109,2026-10-06
NVDA,239.24,2026-10-12,6,Call,250.00,-4.50%,0.25,0.27,0.27,5340,1781,3,32.77%,23.80%,0.079579,2026-10-06
HTZ,2.06,2026-11-20,45,Call,2.0000,+2.91%,0.35,0.36,0.39,18221,6067,3,127.02%,118.59%,0.614474,2026-10-06
CADL,9.87,2027-04-16,192,Put,16.00,+62.11%,6.5,6.91,9.1,606,203,2.99,177.36%,120.16%,-0.547016,2026-10-06
NVDA,239.24,2026-10-14,8,Call,245.00,-2.41%,1.47,1.5,1.55,2167,725,2.99,32.77%,25.45%,0.276754,2026-10-06
OUST,44.91,2026-11-20,45,Call,60.00,-33.60%,2.05,2.33,2.3,3561,1191,2.99,96.47%,100.99%,0.265698,2026-10-06
AMZN,256.29,2026-10-12,6,Put,250.00,-2.45%,1,1.02,1.11,646,217,2.98,36.20%,25.72%,-0.21557,2026-10-06
NLY,18.42,2026-12-18,73,Call,20.00,-8.58%,0.24,0.27,0.32,750,252,2.98,26.40%,28.10%,0.225421,2026-10-06
CRWV,91.72,2026-10-09,3,Put,92.00,+0.31%,2.58,2.63,2.67,1132,380,2.98,76.52%,75.15%,-0.502752,2026-10-06
AVGO,375.81,2026-10-09,3,Call,382.50,-1.78%,2.79,2.97,3.1,2197,738,2.98,37.59%,41.12%,0.327179,2026-10-06
AVGO,375.81,2026-10-07,1,Put,360.00,-4.21%,0.12,0.12,0.13,3141,1053,2.98,37.59%,45.66%,-0.034861,2026-10-06
CIFR,15.5,2027-01-15,101,Call,24.00,-54.84%,0.71,0.98,1.1,11299,3801,2.97,92.71%,90.27%,0.254955,2026-10-06
PANW,419.91,2027-01-15,101,Call,550.00,-30.98%,13.25,14.2,15,1008,340,2.96,53.67%,55.22%,0.228415,2026-10-06
RKLB,75.06,2026-10-30,24,Put,63.00,-16.07%,0.73,0.95,1.03,1292,437,2.96,73.51%,66.01%,-0.128569,2026-10-06
STX,805.63,2026-10-09,3,Call,900.00,-11.71%,1.05,1.15,1.25,1828,619,2.95,64.49%,73.52%,0.052154,2026-10-06
TSM,482.3,2026-12-18,73,Put,480.00,-0.48%,24.1,25,26.15,834,284,2.94,33.26%,32.23%,-0.444781,2026-10-06
NVDA,239.24,2026-10-12,6,Call,225.00,+5.95%,14.15,14.46,14.8,1268,431,2.94,32.77%,26.56%,0.966745,2026-10-06
MRNA,187.46,2026-10-09,3,Call,235.00,-25.36%,0.1,0.13,0.21,629,215,2.93,92.47%,119.61%,0.021335,2026-10-06
TEM,71.98,2026-10-09,3,Put,72.00,+0.03%,2.16,2.28,2.55,531,182,2.92,79.84%,90.50%,-0.483729,2026-10-06
CNQ,48.1,2028-01-21,472,Put,42.50,-11.64%,3.1,3.58,4.1,578,198,2.92,31.14%,30.91%,-0.281428,2026-10-06
AMD,649.42,2026-10-07,1,Put,612.50,-5.69%,0.16,0.17,0.19,804,275,2.92,51.40%,56.97%,-0.023806,2026-10-06
TXG,80.66,2026-10-16,10,Put,90.00,+11.58%,10.6,10.95,13.5,911,312,2.92,99.10%,113.54%,-0.68648,2026-10-06
BGS,2.44,2027-12-17,437,Call,3.00,-22.95%,0.2,0.4,0.4,1512,518,2.92,71.10%,56.42%,0.387162,2026-10-06
NVDA,239.24,2028-01-21,472,Put,245.00,+2.41%,36.7,36.85,37.4,2476,848,2.92,32.77%,36.73%,-0.413062,2026-10-06
AMAT,530.27,2026-11-20,45,Put,410.00,-22.68%,3.3,4.12,5,2531,867,2.92,54.31%,56.92%,-0.07963,2026-10-06
AMD,649.42,2026-10-09,3,Call,680.00,-4.71%,2.29,2.32,2.43,3417,1172,2.92,51.40%,49.23%,0.158254,2026-10-06
CVX,207.58,2026-10-23,17,Put,195.00,-6.06%,0.69,0.77,0.8,2022,695,2.91,27.77%,25.99%,-0.125582,2026-10-06
LITE,1133.4,2026-10-09,3,Call,"1,150.00",-1.46%,17.9,21.5,24.6,2181,750,2.91,73.41%,69.38%,0.422823,2026-10-06
LNC,42.08,2026-11-20,45,Call,42.50,-1.00%,1.65,1.85,1.85,502,173,2.9,35.77%,33.18%,0.486608,2026-10-06
STX,805.63,2026-10-09,3,Put,700.00,-13.11%,0.2,0.37,1.45,780,269,2.9,64.49%,86.03%,-0.032569,2026-10-06
AMD,649.42,2026-10-09,3,Put,627.50,-3.38%,3.15,3.3,3.4,854,294,2.9,51.40%,47.47%,-0.204388,2026-10-06
META,738.88,2026-10-07,1,Call,750.00,-1.50%,1.51,1.57,1.65,13715,4730,2.9,39.34%,34.73%,0.209722,2026-10-06
PBR,23.8,2026-11-20,45,Put,24.00,+0.84%,1.34,1.35,1.48,560,194,2.89,40.62%,39.75%,-0.491413,2026-10-06
HPE,70.48,2026-10-30,24,Call,69.00,+2.10%,4.85,5.19,5.45,688,238,2.89,58.11%,60.32%,0.589747,2026-10-06
MGM,30.54,2026-10-16,10,Call,31.00,-1.51%,0.5,0.65,0.65,1145,396,2.89,40.42%,37.92%,0.424651,2026-10-06
MSFT,529.3,2026-12-18,73,Put,535.00,+1.08%,26.8,27.5,28.75,559,194,2.88,29.50%,27.91%,-0.494621,2026-10-06
TWST,166.97,2026-11-20,45,Put,180.00,+7.80%,27.7,27.4,31.8,1052,365,2.88,93.75%,95.71%,-0.518314,2026-10-06
JD,26.5,2026-11-20,45,Put,28.00,+5.66%,2.05,2.1,2.42,500,174,2.87,36.01%,29.20%,-0.714707,2026-10-06
MRVL,287.01,2026-10-30,24,Call,320.00,-11.49%,6.6,6.98,7.2,576,201,2.87,59.79%,60.64%,0.272238,2026-10-06
HD,286.69,2026-10-23,17,Put,250.00,-12.80%,0,0.12,0.12,982,342,2.87,29.80%,27.74%,-0.010101,2026-10-06
LEN,77.41,2026-10-09,3,Put,73.00,-5.70%,0.15,0.2,0.25,1339,466,2.87,41.57%,53.52%,-0.108335,2026-10-06
AMD,649.42,2026-10-09,3,Put,625.00,-3.76%,2.72,2.84,2.87,1711,597,2.87,51.40%,47.66%,-0.179984,2026-10-06
NBIS,249.87,2026-10-09,3,Call,275.00,-10.06%,1.07,1.12,1.14,3035,1056,2.87,80.01%,86.37%,0.118855,2026-10-06
DELL,574,2026-10-09,3,Put,565.00,-1.57%,7.5,8.34,8.55,524,183,2.86,57.57%,58.52%,-0.371054,2026-10-06
TE,3.8,2026-11-06,31,Call,4.00,-5.26%,0.3,0.35,0.4,911,319,2.86,102.71%,96.87%,0.488603,2026-10-06
NBIS,249.87,2026-10-09,3,Call,277.50,-11.06%,0.87,0.86,0.92,1131,396,2.86,80.01%,87.01%,0.099186,2026-10-06
CCJ,93.02,2026-10-09,3,Call,95.00,-2.13%,0.8,0.95,1.14,1077,378,2.85,46.10%,52.35%,0.339171,2026-10-06
NVDA,239.24,2026-10-14,8,Call,242.50,-1.36%,2.08,2.28,2.37,1406,493,2.85,32.77%,24.99%,0.371863,2026-10-06
MSTR,164.55,2026-10-16,10,Call,167.50,-1.79%,5.45,5.35,5.6,1945,683,2.85,64.32%,62.29%,0.456008,2026-10-06
SNOW,335.95,2026-10-09,3,Call,355.00,-5.67%,0.9,1,1,2292,804,2.85,47.32%,51.46%,0.124607,2026-10-06
BW,5.91,2027-01-15,101,Put,6.00,+1.52%,1.05,1.17,1.4,687,242,2.84,107.24%,98.33%,-0.403283,2026-10-06
INTC,112.5,2026-10-16,10,Put,113.00,+0.44%,4.4,4.48,4.55,3350,1179,2.84,62.66%,57.39%,-0.496549,2026-10-06
NBIS,249.87,2026-10-09,3,Call,255.00,-2.05%,4.95,5.04,5.15,7658,2697,2.84,80.01%,79.97%,0.405283,2026-10-06
TSM,482.3,2026-10-09,3,Put,475.00,-1.51%,2.23,2.16,2.43,1548,547,2.83,33.26%,30.16%,-0.280992,2026-10-06
MU,1045.56,2026-10-09,3,Call,"1,050.00",-0.42%,15.85,15.85,16.35,4858,1718,2.83,44.88%,47.72%,0.472476,2026-10-06
AMD,649.42,2026-10-09,3,Put,615.00,-5.30%,1.41,1.42,1.49,2014,714,2.82,51.40%,48.79%,-0.103835,2026-10-06
CRWV,91.72,2026-10-09,3,Call,91.00,+0.78%,2.87,2.9,2.96,4213,1496,2.82,76.52%,76.38%,0.560829,2026-10-06
DNA,12.41,2026-12-18,73,Call,15.00,-20.87%,1.4,1.55,1.65,5122,1814,2.82,120.89%,107.03%,0.444309,2026-10-06
HTFL,50.69,2026-10-16,10,Call,55.00,-8.50%,0.8,0.9,1.1,1707,607,2.81,77.69%,72.54%,0.270653,2026-10-06
GEMI,4.67,2026-10-16,10,Call,1.50,+67.88%,2.8,3.21,3.3,726,259,2.8,105.02%,421.80%,0.975998,2026-10-06
GEMI,4.67,2026-10-16,10,Call,1.00,+78.59%,3.4,3.68,4,726,259,2.8,105.02%,533.51%,0.985665,2026-10-06
UBER,69.08,2026-10-30,24,Put,66.00,-4.46%,0.93,1,1.01,1071,383,2.8,37.34%,32.21%,-0.26759,2026-10-06
AMD,649.42,2026-10-07,1,Put,617.50,-4.92%,0.25,0.25,0.27,1222,436,2.8,51.40%,53.84%,-0.035447,2026-10-06
SKHY,182.56,2026-10-09,3,Put,187.50,+2.71%,6.75,6.82,6.85,1561,558,2.8,52.97%,57.91%,-0.683886,2026-10-06
WMT,107.2,2026-10-30,24,Call,107.00,+0.19%,2.6,2.78,2.8,1754,626,2.8,28.66%,22.77%,0.537366,2026-10-06
BMY,59.59,2026-11-06,31,Call,63.00,-5.72%,1.05,1.17,1.42,522,187,2.79,33.96%,36.48%,0.317728,2026-10-06
AAPL,333.63,2026-10-14,8,Call,335.00,-0.41%,3.45,3.68,3.95,978,351,2.79,25.02%,21.44%,0.464657,2026-10-06
IREN,41.28,2026-10-16,10,Call,41.50,-0.53%,1.77,1.87,1.86,2136,765,2.79,77.76%,69.66%,0.508289,2026-10-06
AAPL,333.63,2026-10-23,17,Call,330.00,+1.09%,8.7,8.5,9.05,2711,973,2.79,25.02%,23.05%,0.609505,2026-10-06
MRNA,187.46,2026-10-09,3,Put,180.00,-3.98%,3.05,3.08,3.15,3645,1308,2.79,92.47%,92.43%,-0.298096,2026-10-06
MSFT,529.3,2026-10-07,1,Call,530.00,-0.13%,2.62,2.7,2.75,8624,3098,2.78,29.50%,27.13%,0.468192,2026-10-06
MU,1045.56,2026-10-09,3,Call,"1,165.00",-11.42%,0.48,0.53,0.57,630,227,2.78,44.88%,59.83%,0.024942,2026-10-06
AAPL,333.63,2026-10-12,6,Call,335.00,-0.41%,2.8,2.88,3,2368,851,2.78,25.02%,20.21%,0.451203,2026-10-06
FSLY,25.51,2026-10-16,10,Call,28.00,-9.76%,0.4,0.53,0.7,599,216,2.77,95.50%,82.96%,0.273606,2026-10-06
FCEL,20.65,2026-10-09,3,Call,23.00,-11.38%,0.15,0.16,0.3,731,264,2.77,97.34%,124.68%,0.185589,2026-10-06
PBR,23.8,2026-10-16,10,Put,23.50,-1.26%,0.39,0.46,0.48,1087,392,2.77,40.62%,36.88%,-0.403809,2026-10-06
ONDS,7.41,2026-11-06,31,Call,7.00,+5.53%,0.76,0.81,0.84,542,197,2.75,73.20%,66.67%,0.658216,2026-10-06
TEM,71.98,2026-10-09,3,Call,79.00,-9.75%,0.35,0.4,0.74,726,264,2.75,79.84%,100.02%,0.164152,2026-10-06
SCHW,96.8,2026-10-09,3,Put,97.00,+0.21%,0.86,0.87,1.02,856,311,2.75,29.52%,24.14%,-0.530193,2026-10-06
MRNA,187.46,2026-10-16,10,Call,195.00,-4.02%,7.3,7.23,7.4,1201,437,2.75,92.47%,84.20%,0.418518,2026-10-06
XP,29.73,2026-10-16,10,Put,26.00,-12.55%,0.05,0.15,0.25,1869,683,2.74,58.59%,64.83%,-0.095734,2026-10-06
AMD,649.42,2026-10-07,1,Call,630.00,+2.99%,19.4,20.28,20.9,2626,959,2.74,51.40%,44.43%,0.906886,2026-10-06
SPCX,171.92,2026-10-19,13,Call,175.00,-1.79%,4.25,4.35,4.45,628,230,2.73,50.12%,43.35%,0.436748,2026-10-06
SBUX,96.11,2026-10-09,3,Call,100.00,-4.05%,0.02,0.1,0.14,868,318,2.73,31.49%,29.46%,0.070993,2026-10-06
NKE,34.61,2026-11-06,31,Call,40.00,-15.57%,0.14,0.17,0.17,1310,479,2.73,36.63%,36.45%,0.094038,2026-10-06
GOOGL,347.68,2026-10-07,1,Call,357.50,-2.82%,0.13,0.16,0.17,2775,1015,2.73,33.81%,33.51%,0.057824,2026-10-06
ASTS,63.12,2026-10-09,3,Call,70.00,-10.90%,0.25,0.26,0.29,6165,2258,2.73,80.85%,90.34%,0.111543,2026-10-06
RKLB,75.06,2026-10-09,3,Call,75.00,+0.08%,1.95,2,2.06,12667,4653,2.72,73.51%,72.36%,0.519885,2026-10-06
HOOD,112,2026-11-06,31,Call,114.00,-1.79%,7.25,7.3,7.4,549,202,2.72,59.12%,61.90%,0.504326,2026-10-06
GME,24.76,2026-10-16,10,Put,24.50,-1.05%,0.67,0.72,0.77,771,283,2.72,52.41%,51.56%,-0.435829,2026-10-06
NKE,34.61,2026-10-16,10,Call,34.50,+0.32%,0.82,0.86,0.85,1938,713,2.72,36.63%,34.31%,0.531995,2026-10-06
AMD,649.42,2026-10-16,10,Put,650.00,+0.09%,18.55,19.2,19.6,623,230,2.71,51.40%,44.52%,-0.485651,2026-10-06
INTC,112.5,2026-10-14,8,Call,118.00,-4.89%,1.7,1.78,1.82,824,304,2.71,62.66%,57.06%,0.303599,2026-10-06
QCOM,181.03,2026-10-09,3,Call,180.00,+0.57%,3.25,3.62,3.9,989,365,2.71,49.34%,46.22%,0.563789,2026-10-06
MRNA,187.46,2026-10-09,3,Call,220.00,-17.36%,0.4,0.41,0.43,3482,1287,2.71,92.47%,107.29%,0.055501,2026-10-06
SPCX,171.92,2026-10-09,3,Call,180.00,-4.70%,0.81,0.82,0.82,65100,24061,2.71,50.12%,53.98%,0.182063,2026-10-06
NU,15.66,2026-10-16,10,Put,15.50,-1.02%,0.37,0.36,0.39,2357,874,2.7,48.15%,44.95%,-0.425862,2026-10-06
PACB,2.7,2026-11-20,45,Call,4.00,-48.15%,0.1,0.1,0.15,921,342,2.69,122.02%,117.73%,0.231986,2026-10-06
NBIS,249.87,2026-10-09,3,Call,265.00,-6.06%,2.37,2.35,2.48,3167,1178,2.69,80.01%,83.05%,0.229936,2026-10-06
INTU,289.81,2026-11-20,45,Call,320.00,-10.42%,7.4,9.4,10,647,241,2.68,49.32%,47.09%,0.308176,2026-10-06
CCJ,93.02,2026-10-09,3,Call,93.00,+0.02%,1.43,1.81,1.84,999,373,2.68,46.10%,47.96%,0.512991,2026-10-06
AMD,649.42,2026-10-09,3,Put,570.00,-12.23%,0.13,0.13,0.18,2527,942,2.68,51.40%,64.38%,-0.011638,2026-10-06
MRVL,287.01,2026-10-23,17,Call,320.00,-11.49%,4.6,4.75,4.8,751,281,2.67,59.79%,61.13%,0.227981,2026-10-06
AMD,649.42,2026-10-07,1,Put,610.00,-6.07%,0.1,0.11,0.16,2249,841,2.67,51.40%,57.62%,-0.018104,2026-10-06
TFC,46.25,2026-11-20,45,Put,45.00,-2.70%,1.3,1.35,1.4,2386,895,2.67,29.11%,29.87%,-0.376773,2026-10-06
SPCX,171.92,2026-10-09,3,Put,165.00,-4.03%,0.78,0.79,0.79,30839,11529,2.67,50.12%,50.90%,-0.178852,2026-10-06
AVGO,375.81,2026-10-12,6,Call,385.00,-2.45%,3.05,3.17,3.25,526,198,2.66,37.59%,34.49%,0.304145,2026-10-06
ZS,212.25,2026-10-09,3,Call,212.50,-0.12%,4,4.1,5,993,374,2.66,52.53%,59.78%,0.504498,2026-10-06
SYK,278.2,2026-10-16,10,Put,270.00,-2.95%,1.75,2.27,2.75,1225,460,2.66,35.40%,30.10%,-0.261587,2026-10-06
XNDU,5.06,2026-10-09,3,Call,5.00,+1.19%,0.25,0.27,0.3,1926,725,2.66,123.92%,133.66%,0.564222,2026-10-06
NBIS,249.87,2026-11-20,45,Put,250.00,+0.05%,27.15,27.66,27.85,2053,772,2.66,80.01%,80.31%,-0.439471,2026-10-06
DIS,104.03,2026-10-16,10,Call,104.00,+0.03%,1.6,1.59,1.79,634,239,2.65,30.14%,24.27%,0.513324,2026-10-06
TSLA,380.68,2026-10-12,6,Call,405.00,-6.39%,0.62,0.63,0.66,959,362,2.65,40.77%,34.27%,0.084909,2026-10-06
WDC,411.04,2026-10-09,3,Call,440.00,-7.05%,1.64,1.78,1.83,1000,377,2.65,64.25%,67.22%,0.139652,2026-10-06
MU,1045.56,2026-10-09,3,Put,850.00,-18.70%,0.07,0.1,0.11,3493,1318,2.65,44.88%,86.09%,-0.003517,2026-10-06
INTC,112.5,2026-10-07,1,Put,110.00,-2.22%,0.5,0.51,0.52,5048,1907,2.65,62.66%,61.45%,-0.236544,2026-10-06
DELL,574,2026-10-09,3,Call,640.00,-11.50%,0.05,0.26,0.59,690,261,2.64,57.57%,61.18%,0.026838,2026-10-06
TE,3.8,2026-10-09,3,Call,0.50,+86.84%,3.2,3.32,3.4,2513,953,2.64,102.71%,"1,245.11%",0.990898,2026-10-06
KEEL,3.47,2027-05-21,227,Call,4.00,-15.27%,0.8,0.88,0.92,707,269,2.63,93.52%,93.57%,0.584179,2026-10-06
INTC,112.5,2027-09-17,346,Put,110.00,-2.22%,21.35,21.7,22.35,915,348,2.63,62.66%,58.80%,-0.356565,2026-10-06
AMD,649.42,2026-10-09,3,Call,710.00,-9.33%,0.38,0.39,0.44,1058,402,2.63,51.40%,52.98%,0.033909,2026-10-06
SDGR,28.9,2027-03-19,164,Call,25.00,+13.49%,8.3,8.3,9.2,2001,761,2.63,100.79%,90.13%,0.716752,2026-10-06
RKLB,75.06,2026-10-09,3,Call,77.00,-2.58%,1.15,1.3,1.3,5766,2192,2.63,73.51%,74.27%,0.366686,2026-10-06
AMD,649.42,2026-10-09,3,Call,642.50,+1.07%,14.75,16.85,15.35,1068,408,2.62,51.40%,47.64%,0.609146,2026-10-06
ASTS,63.12,2026-10-09,3,Call,68.00,-7.73%,0.46,0.47,0.51,2533,969,2.61,80.85%,87.22%,0.184517,2026-10-06
AAOI,130.16,2026-10-09,3,Call,130.00,+0.12%,4.4,4.6,4.9,6933,2660,2.61,99.72%,96.73%,0.524528,2026-10-06
TSLA,380.68,2026-10-07,1,Call,397.50,-4.42%,0.1,0.11,0.11,7734,2968,2.61,40.77%,43.90%,0.03107,2026-10-06
AMZN,256.29,2026-10-07,1,Call,250.00,+2.45%,6.35,6.3,6.65,10284,3959,2.6,36.20%,34.93%,0.915277,2026-10-06
AMD,649.42,2026-10-09,3,Put,617.50,-4.92%,1.66,1.53,1.79,571,220,2.6,51.40%,48.55%,-0.120261,2026-10-06
GRPN,18.84,2026-10-16,10,Put,19.00,+0.85%,0.75,1.05,0.95,1264,487,2.6,82.85%,62.23%,-0.509025,2026-10-06
MRVL,287.01,2026-10-16,10,Put,280.00,-2.44%,8.2,8.36,9.4,1385,533,2.6,59.79%,64.64%,-0.384836,2026-10-06
AMZN,256.29,2026-10-12,6,Call,265.00,-3.40%,0.76,0.79,0.8,1586,609,2.6,36.20%,26.40%,0.170655,2026-10-06
AVGO,375.81,2026-11-06,31,Call,400.00,-6.44%,7.8,7.92,8,1788,689,2.6,37.59%,37.80%,0.313359,2026-10-06
BMY,59.59,2026-10-16,10,Call,61.00,-2.37%,0.49,0.59,0.71,2003,770,2.6,33.96%,29.51%,0.323986,2026-10-06
LUNR,15.06,2026-10-09,3,Call,15.00,+0.40%,0.42,0.43,0.58,2552,986,2.59,87.96%,85.93%,0.537567,2026-10-06
PLTR,192.07,2026-10-09,3,Call,190.00,+1.08%,4.3,4.4,4.4,12904,4998,2.58,52.14%,45.91%,0.613656,2026-10-06
MRVL,287.01,2026-10-09,3,Call,252.50,+12.02%,34.65,34.25,35.35,503,195,2.58,59.79%,84.99%,0.955912,2026-10-06
AAOI,130.16,2026-10-09,3,Put,130.00,-0.12%,4.2,4.43,4.7,573,222,2.58,99.72%,96.71%,-0.47574,2026-10-06
BHF,50.03,2026-10-16,10,Put,45.00,-10.05%,0.15,0.2,0.65,947,367,2.58,70.94%,63.43%,-0.142077,2026-10-06
WDC,411.04,2026-10-09,3,Call,417.50,-1.57%,6.5,6.94,7.1,648,252,2.57,64.25%,64.34%,0.407897,2026-10-06
MSFT,529.3,2026-10-16,10,Call,532.50,-0.60%,7,7.75,8,707,275,2.57,29.50%,25.12%,0.458856,2026-10-06
ALAB,389.8,2026-10-09,3,Put,350.00,-10.21%,0.85,1.54,1.5,736,286,2.57,85.18%,87.62%,-0.080867,2026-10-06
ZS,212.25,2026-10-16,10,Put,210.00,-1.06%,5.8,6.4,7.1,768,299,2.57,52.53%,54.64%,-0.431447,2026-10-06
MU,1045.56,2026-10-07,1,Put,990.00,-5.31%,0.29,0.3,0.32,1098,427,2.57,44.88%,54.45%,-0.026585,2026-10-06
INTC,112.5,2026-10-07,1,Put,108.00,-4.00%,0.18,0.2,0.2,1302,507,2.57,62.66%,63.23%,-0.105166,2026-10-06
AAPL,333.63,2026-10-12,6,Call,332.50,+0.34%,4,4.03,4.3,1357,529,2.57,25.02%,20.24%,0.566015,2026-10-06
AMZN,256.29,2026-10-09,3,Put,257.50,+0.47%,3.3,3.32,3.4,1752,681,2.57,36.20%,29.53%,-0.561064,2026-10-06
BE,295.78,2027-01-15,101,Put,290.00,-1.95%,39.55,39.6,41.6,1032,403,2.56,78.40%,73.65%,-0.39504,2026-10-06
MRNA,187.46,2026-10-09,3,Put,185.00,-1.31%,5,5.05,5.1,2400,936,2.56,92.47%,92.48%,-0.419689,2026-10-06
AMD,649.42,2026-10-09,3,Call,662.50,-2.01%,5.95,6,6.3,625,245,2.55,51.40%,48.17%,0.334496,2026-10-06
NBIS,249.87,2026-10-09,3,Call,282.50,-13.06%,0.58,0.6,0.6,1017,399,2.55,80.01%,88.54%,0.068778,2026-10-06
MRVL,287.01,2026-10-16,10,Put,290.00,+1.04%,13.05,13.22,13.45,1512,594,2.55,59.79%,62.19%,-0.516521,2026-10-06
AMZN,256.29,2026-10-12,6,Call,255.00,+0.50%,4.05,4.2,4.15,2086,818,2.55,36.20%,25.42%,0.575639,2026-10-06
AAPL,333.63,2026-10-09,3,Call,332.50,+0.34%,3.5,3.67,3.8,9656,3783,2.55,25.02%,24.88%,0.569334,2026-10-06
BMNR,26.2,2026-10-09,3,Call,25.50,+2.67%,1.05,1.08,1.11,511,201,2.54,68.79%,71.40%,0.675641,2026-10-06
DKNG,19.75,2026-10-16,10,Call,20.50,-3.80%,0.3,0.46,0.53,923,364,2.54,66.23%,54.34%,0.360304,2026-10-06
BGS,2.44,2027-12-17,437,Call,4.00,-63.93%,0.1,0.2,1,1533,604,2.54,71.10%,101.45%,0.451462,2026-10-06
AVGO,375.81,2026-10-07,1,Put,362.50,-3.54%,0.21,0.21,0.23,1994,784,2.54,37.59%,44.33%,-0.058318,2026-10-06
XYZ,76.54,2027-09-17,346,Call,90.00,-17.59%,10.1,10.15,10.45,709,280,2.53,47.74%,46.85%,0.485032,2026-10-06
HUM,404.27,2026-10-09,3,Call,425.00,-5.13%,12.2,13.4,14.7,910,359,2.53,67.61%,148.60%,0.38128,2026-10-06
IREN,41.28,2026-11-06,31,Call,49.00,-18.70%,1.36,1.47,1.64,1432,567,2.53,77.76%,81.54%,0.278115,2026-10-06
PRME,3.5,2026-10-16,10,Call,4.00,-14.29%,0.1,0.12,0.15,1826,723,2.53,103.18%,126.59%,0.298912,2026-10-06
NVDA,239.24,2027-06-17,254,Put,240.00,+0.32%,25.85,25.97,26.2,15532,6142,2.53,32.77%,35.98%,-0.42204,2026-10-06
MSFT,529.3,2026-10-09,3,Call,535.00,-1.08%,2.83,3,3.05,6863,2727,2.52,29.50%,27.33%,0.341115,2026-10-06
BMNR,26.2,2026-10-09,3,Call,27.00,-3.05%,0.38,0.38,0.4,9495,3761,2.52,68.79%,74.61%,0.342222,2026-10-06
MSFT,529.3,2026-10-16,10,Put,502.50,-5.06%,1.12,1.07,1.27,607,241,2.52,29.50%,26.10%,-0.106927,2026-10-06
VST,160.5,2026-10-16,10,Call,157.50,+1.87%,6.25,6.8,7,628,249,2.52,49.25%,46.66%,0.615814,2026-10-06
CVS,86.43,2026-10-09,3,Call,85.00,+1.65%,1.9,2.17,2.3,770,306,2.52,36.34%,40.45%,0.682526,2026-10-06
NVDA,239.24,2026-10-14,8,Put,235.00,-1.77%,1.88,1.96,2.22,856,340,2.52,32.77%,27.56%,-0.31747,2026-10-06
NVDA,239.24,2026-10-14,8,Put,230.00,-3.86%,0.8,0.95,1.02,954,379,2.52,32.77%,28.55%,-0.16619,2026-10-06
NEM,116.39,2026-11-20,45,Put,125.00,+7.40%,11.25,11.1,12.05,1004,399,2.52,40.26%,40.12%,-0.663621,2026-10-06
HOOD,112,2026-10-09,3,Put,114.00,+1.79%,3.35,3.43,3.45,2162,857,2.52,59.12%,55.85%,-0.625415,2026-10-06
CRM,224.99,2026-10-09,3,Call,235.00,-4.45%,0.56,0.58,0.63,4225,1674,2.52,38.18%,42.83%,0.136688,2026-10-06
APLD,25.34,2026-11-20,45,Put,18.00,-28.97%,0.21,0.4,0.63,700,279,2.51,88.13%,87.39%,-0.099819,2026-10-06
STX,805.63,2026-11-20,45,Put,600.00,-25.52%,6.2,6.75,8.2,800,319,2.51,64.49%,65.40%,-0.078372,2026-10-06
AVGO,375.81,2026-10-09,3,Call,380.00,-1.11%,3.7,3.8,3.85,11149,4452,2.5,37.59%,40.86%,0.392123,2026-10-06
SPCX,171.92,2026-10-09,3,Call,177.50,-3.25%,1.27,1.27,1.29,35309,14137,2.5,50.12%,52.88%,0.262468,2026-10-06
KURA,10.53,2026-11-20,45,Put,12.00,+13.96%,0.75,2.1,4.9,543,217,2.5,119.37%,130.64%,-0.519456,2026-10-06
PLTR,192.07,2026-10-16,10,Put,192.50,+0.22%,5.35,5.35,5.5,732,293,2.5,52.14%,41.76%,-0.494364,2026-10-06
AMD,649.42,2026-10-09,3,Call,685.00,-5.48%,1.71,1.76,1.83,1003,401,2.5,51.40%,49.72%,0.124284,2026-10-06
PYPL,54.61,2026-10-23,17,Put,52.00,-4.78%,0.35,0.55,0.66,1159,463,2.5,41.80%,32.09%,-0.2239,2026-10-06
NBIS,249.87,2026-10-09,3,Call,262.50,-5.05%,2.76,2.85,2.98,1430,573,2.5,80.01%,81.43%,0.265391,2026-10-06
SPCX,171.92,2026-10-19,13,Call,185.00,-7.61%,1.59,1.66,1.75,560,225,2.49,50.12%,44.98%,0.210348,2026-10-06
TSLA,380.68,2026-10-14,8,Call,385.00,-1.13%,5.85,5.95,6,992,398,2.49,40.77%,34.33%,0.428629,2026-10-06
MU,1045.56,2026-10-07,1,Call,"1,130.00",-8.08%,0.17,0.18,0.21,1612,647,2.49,44.88%,67.47%,0.014697,2026-10-06
SEDG,34.04,2026-10-16,10,Put,32.50,-4.52%,0.78,1.05,1.2,2103,846,2.49,85.93%,75.59%,-0.330005,2026-10-06
CTVA,13.91,2026-10-16,10,Call,15.00,-7.84%,0.2,0.23,0.25,2416,970,2.49,59.28%,65.65%,0.259929,2026-10-06
AVGO,375.81,2026-10-16,10,Call,377.50,-0.45%,8.5,8.7,8.8,813,328,2.48,37.59%,37.48%,0.489062,2026-10-06
AZN,158.61,2027-01-15,101,Call,160.00,-0.88%,10.2,10.6,11.1,854,344,2.48,32.68%,34.91%,0.506932,2026-10-06
QXO,12.11,2027-06-17,254,Call,25.00,-106.44%,0.35,0.54,0.55,700,283,2.47,64.50%,65.85%,0.161009,2026-10-06
MRNA,187.46,2026-10-09,3,Call,237.50,-26.69%,0,0.16,0.3,965,391,2.47,92.47%,123.68%,0.020134,2026-10-06
RGTI,15.17,2026-10-16,10,Call,15.50,-2.18%,0.47,0.49,0.5,1164,472,2.47,67.20%,62.22%,0.441501,2026-10-06
TSLA,380.68,2026-10-12,6,Put,375.00,-1.49%,3.45,3.53,3.6,1661,673,2.47,40.77%,31.16%,-0.340908,2026-10-06
CRWV,91.72,2026-10-09,3,Call,94.00,-2.49%,1.6,1.6,1.65,3183,1287,2.47,76.52%,77.34%,0.37804,2026-10-06
LUNR,15.06,2026-10-09,3,Put,14.50,-3.72%,0.21,0.31,0.33,823,335,2.46,87.96%,94.06%,-0.311951,2026-10-06
SMCI,43.46,2026-10-16,10,Put,43.00,-1.06%,1.58,1.57,1.64,1096,446,2.46,75.67%,64.85%,-0.436096,2026-10-06
WDC,411.04,2026-10-16,10,Put,405.00,-1.47%,12.2,12.84,13.1,509,208,2.45,64.25%,58.12%,-0.416529,2026-10-06
CRM,224.99,2026-10-09,3,Call,230.00,-2.23%,1.46,1.59,1.58,1770,723,2.45,38.18%,41.87%,0.28959,2026-10-06
INTC,112.5,2026-10-09,3,Put,113.00,+0.44%,2.69,2.7,2.75,5374,2196,2.45,62.66%,60.76%,-0.519484,2026-10-06
LITE,1133.4,2026-10-09,3,Call,"1,110.00",+2.06%,38.3,38.49,45.3,750,308,2.44,73.41%,69.92%,0.642786,2026-10-06
HTFL,50.69,2026-10-16,10,Call,50.00,+1.36%,2.65,2.66,2.8,1157,474,2.44,77.69%,70.31%,0.57344,2026-10-06
VST,160.5,2026-10-23,17,Call,170.00,-5.92%,2.96,3.15,3.2,523,215,2.43,49.25%,47.25%,0.309216,2026-10-06
SHOP,164.44,2026-10-09,3,Call,170.00,-3.38%,1.15,1.24,1.42,2300,946,2.43,60.61%,55.26%,0.263548,2026-10-06
AVGO,375.81,2026-10-07,1,Call,367.50,+2.21%,8.6,8.97,9.65,3012,1242,2.43,37.59%,44.72%,0.83418,2026-10-06
AMD,649.42,2026-10-23,17,Call,725.00,-11.64%,4.8,5.3,5.5,568,235,2.42,51.40%,47.20%,0.155745,2026-10-06
B,40.72,2028-12-15,801,Put,40.00,-1.77%,7.25,7.25,8.5,751,310,2.42,40.60%,41.23%,-0.341276,2026-10-06
ENPH,33.91,2026-10-09,3,Call,36.00,-6.16%,0.11,0.18,0.2,923,381,2.42,73.37%,63.21%,0.156351,2026-10-06
LION,11.35,2026-12-18,73,Call,13.00,-14.54%,0.4,0.6,0.8,2503,1033,2.42,62.19%,56.66%,0.352891,2026-10-06
MRVL,287.01,2026-10-09,3,Put,265.00,-7.67%,1.06,1.14,1.14,3508,1447,2.42,59.79%,74.99%,-0.112771,2026-10-06
ARM,302.56,2026-10-16,10,Call,330.00,-9.07%,4.15,4.21,4.25,5640,2330,2.42,70.27%,65.64%,0.231173,2026-10-06
GAP,23.79,2026-10-16,10,Call,21.00,+11.73%,2.6,2.85,3.05,8446,3504,2.41,46.83%,44.85%,0.956624,2026-10-06
SNDK,1660.46,2026-10-09,3,Call,"1,745.00",-5.09%,9.1,9.38,9.4,507,210,2.41,60.86%,60.18%,0.1902,2026-10-06
MRNA,187.46,2026-10-30,24,Put,160.00,-14.65%,6.2,7.37,8.2,837,347,2.41,92.47%,100.49%,-0.225946,2026-10-06
CMCSA,21.56,2026-10-16,10,Call,20.00,+7.24%,0.8,1.51,1.99,2398,997,2.41,36.36%,26.82%,0.96106,2026-10-06
ARM,302.56,2026-10-09,3,Call,320.00,-5.76%,2.17,2.2,2.27,2960,1230,2.41,70.27%,72.03%,0.205883,2026-10-06
CRWV,91.72,2026-10-09,3,Put,90.00,-1.88%,1.65,1.7,1.74,3937,1632,2.41,76.52%,75.20%,-0.376085,2026-10-06
HOOD,112,2026-10-16,10,Call,112.00,0.00%,4,4.05,4.1,869,362,2.4,59.12%,54.00%,0.522574,2026-10-06
INTC,112.5,2027-09-17,346,Put,90.00,-20.00%,11.65,11.85,11.9,994,414,2.4,62.66%,58.35%,-0.233386,2026-10-06
HIMS,29.47,2026-10-23,17,Call,32.00,-8.59%,0.72,0.84,0.84,3210,1336,2.4,78.44%,66.08%,0.310783,2026-10-06
RKLB,75.06,2026-10-09,3,Call,84.00,-11.91%,0.1,0.13,0.18,855,358,2.39,73.51%,78.65%,0.06203,2026-10-06
INTC,112.5,2026-10-12,6,Call,120.00,-6.67%,0.76,0.78,0.81,1304,546,2.39,62.66%,54.32%,0.188395,2026-10-06
MSFT,529.3,2026-11-20,45,Put,535.00,+1.08%,24.2,24.08,24.75,1465,612,2.39,29.50%,30.27%,-0.50812,2026-10-06
UEC,10.11,2026-10-16,10,Call,11.00,-8.80%,0.11,0.15,0.18,1771,741,2.39,63.93%,65.49%,0.237487,2026-10-06
MS,191.02,2026-11-20,45,Call,195.00,-2.08%,5.85,6.41,6.65,2135,894,2.39,32.21%,29.40%,0.447377,2026-10-06
AMD,649.42,2026-10-16,10,Call,780.00,-20.11%,0.18,0.34,0.48,2188,916,2.39,51.40%,50.98%,0.017162,2026-10-06
TSLA,380.68,2026-10-09,3,Call,380.00,+0.18%,5.35,5.58,5.65,16956,7080,2.39,40.77%,37.01%,0.531725,2026-10-06
AMZN,256.29,2026-10-09,3,Call,255.00,+0.50%,3.55,3.6,3.65,20433,8555,2.39,36.20%,30.96%,0.581302,2026-10-06
BE,295.78,2026-10-09,3,Call,300.00,-1.43%,5.95,5.88,6.1,6711,2815,2.38,78.40%,73.51%,0.43074,2026-10-06
HIVE,2.9,2026-10-09,3,Call,0.50,+82.76%,2.15,2.4,2.65,2105,886,2.38,86.06%,996.27%,0.991761,2026-10-06
WMB,72.39,2026-10-23,17,Put,65.00,-10.21%,0,0.28,0.25,620,262,2.37,30.11%,32.33%,-0.056482,2026-10-06
MOS,20.94,2026-11-20,45,Put,22.00,+5.06%,1.9,2.01,2.1,783,331,2.37,50.37%,47.06%,-0.583778,2026-10-06
INTC,112.5,2026-10-30,24,Put,114.00,+1.33%,8.5,8,8.7,910,384,2.37,62.66%,68.76%,-0.490843,2026-10-06
INTC,112.5,2026-10-16,10,Call,122.00,-8.44%,1.44,1.45,1.49,1574,665,2.37,62.66%,61.51%,0.230785,2026-10-06
MU,1045.56,2026-10-07,1,Put,"1,010.00",-3.40%,1,1.05,1.09,1888,798,2.37,44.88%,48.69%,-0.084683,2026-10-06
MSFT,529.3,2026-10-09,3,Call,532.50,-0.60%,3.75,3.9,4.05,1897,799,2.37,29.50%,27.55%,0.413579,2026-10-06
MRNA,187.46,2026-10-09,3,Put,170.00,-9.31%,0.91,0.93,0.93,2724,1147,2.37,92.47%,93.31%,-0.114767,2026-10-06
NTLA,12.37,2026-10-16,10,Call,14.00,-13.18%,0.2,0.2,0.25,3882,1638,2.37,73.47%,89.93%,0.226592,2026-10-06
UEC,10.11,2027-01-15,101,Call,12.00,-18.69%,0.74,0.77,0.89,4994,2103,2.37,63.93%,67.04%,0.390964,2026-10-06
JPM,331.28,2028-01-21,472,Call,330.00,+0.39%,44.5,44.75,46.4,753,319,2.36,26.04%,27.18%,0.596205,2026-10-06
KLAR,13.25,2026-10-16,10,Call,13.00,+1.89%,0.45,0.5,0.6,2014,855,2.36,55.85%,43.71%,0.623323,2026-10-06
NRG,103.6,2026-11-20,45,Call,105.00,-1.35%,7,7.2,7.5,520,221,2.35,52.74%,53.63%,0.513639,2026-10-06
CEG,300.4,2026-10-16,10,Call,320.00,-6.52%,2.6,3.05,3.2,607,258,2.35,49.67%,47.05%,0.223277,2026-10-06
BAC,54.09,2027-09-17,346,Put,47.50,-12.18%,2.26,2.46,2.53,653,278,2.35,27.41%,27.35%,-0.245239,2026-10-06
SPCX,171.92,2026-10-12,6,Call,180.00,-4.70%,1.21,1.22,1.22,6500,2778,2.34,50.12%,44.44%,0.22169,2026-10-06
MU,1045.56,2026-10-09,3,Call,"1,100.00",-5.21%,3.25,3.27,3.3,15758,6720,2.34,44.88%,50.11%,0.138366,2026-10-06
CRWV,91.72,2026-10-16,10,Call,97.00,-5.76%,2.3,2.31,2.38,522,223,2.34,76.52%,71.65%,0.343216,2026-10-06
MSFT,529.3,2026-10-12,6,Call,535.00,-1.08%,3.65,3.75,4,574,245,2.34,29.50%,22.64%,0.368214,2026-10-06
BAC,54.09,2026-10-23,17,Call,54.00,+0.17%,1.44,1.49,1.53,654,279,2.34,27.41%,30.56%,0.527004,2026-10-06
OKLO,38.55,2026-10-16,10,Call,42.00,-8.95%,0.68,0.73,0.8,794,339,2.34,74.83%,75.25%,0.268489,2026-10-06
CPRT,26.82,2027-01-15,101,Call,27.50,-2.54%,1.75,1.82,1.9,1330,569,2.34,35.54%,35.37%,0.508281,2026-10-06
CSCO,117.94,2026-10-09,3,Call,117.00,+0.80%,1.9,2,2,1964,839,2.34,39.21%,33.35%,0.612716,2026-10-06
TEM,71.98,2026-10-09,3,Call,80.00,-11.14%,0.32,0.34,0.42,2080,889,2.34,79.84%,96.55%,0.123127,2026-10-06
NVDA,239.24,2026-10-09,3,Put,245.00,+2.41%,6.1,6.25,6.35,2141,916,2.34,32.77%,26.80%,-0.832679,2026-10-06
SMR,8.02,2026-10-23,17,Call,9.00,-12.22%,0.18,0.2,0.23,2284,974,2.34,79.65%,76.65%,0.273118,2026-10-06
SEDG,34.04,2026-10-09,3,Call,35.00,-2.82%,0.55,0.6,0.74,775,332,2.33,85.93%,84.31%,0.3739,2026-10-06
TEM,71.98,2026-10-09,3,Call,82.00,-13.92%,0.15,0.21,0.39,1347,577,2.33,79.84%,103.25%,0.089762,2026-10-06
NBIS,249.87,2026-10-09,3,Put,237.50,-4.95%,2.41,2.37,2.49,1563,672,2.33,80.01%,79.19%,-0.227478,2026-10-06
RMD,220.69,2027-04-16,192,Put,185.00,-16.17%,4.4,5.15,7.6,2266,971,2.33,36.33%,33.64%,-0.182548,2026-10-06
SPCX,171.92,2026-10-12,6,Put,165.00,-4.03%,1.16,1.19,1.18,2681,1150,2.33,50.12%,42.45%,-0.214028,2026-10-06
NVDA,239.24,2026-10-07,1,Put,235.00,-1.77%,0.28,0.29,0.3,48144,20704,2.33,32.77%,32.09%,-0.140466,2026-10-06
INTC,112.5,2026-10-09,3,Call,120.00,-6.67%,0.47,0.48,0.48,22947,9891,2.32,62.66%,64.84%,0.143715,2026-10-06
ASST,29.75,2026-10-30,24,Call,32.00,-7.56%,1.32,1.5,1.74,532,229,2.32,81.11%,78.28%,0.401223,2026-10-06
AMD,649.42,2026-10-23,17,Call,730.00,-12.41%,4.25,5.1,4.95,552,238,2.32,51.40%,47.45%,0.141532,2026-10-06
MU,1045.56,2026-10-07,1,Put,"1,080.00",+3.29%,35.15,35.69,36,681,294,2.32,44.88%,47.68%,-0.901017,2026-10-06
CAG,13.45,2027-03-19,164,Put,12.00,-10.78%,0.45,0.55,0.65,986,425,2.32,30.66%,33.17%,-0.266334,2026-10-06
OKLO,38.55,2026-10-09,3,Call,40.50,-5.06%,0.41,0.45,0.51,1098,473,2.32,74.83%,82.96%,0.269484,2026-10-06
AMD,649.42,2026-10-09,3,Call,675.00,-3.94%,3,3.15,3.25,1596,688,2.32,51.40%,48.78%,0.199224,2026-10-06
TE,3.8,2026-10-09,3,Call,1.00,+73.68%,2.7,2.83,2.95,3169,1364,2.32,102.71%,854.74%,0.9826,2026-10-06
TGT,154.33,2026-10-09,3,Put,155.00,+0.43%,1.88,2,2.22,771,334,2.31,37.07%,30.40%,-0.556062,2026-10-06
BE,295.78,2026-10-09,3,Call,305.00,-3.12%,4.2,4.35,4.3,2204,956,2.31,78.40%,73.64%,0.336632,2026-10-06
HAL,32.72,2026-10-09,3,Put,32.00,-2.20%,0.15,0.18,0.21,2778,1201,2.31,37.72%,38.72%,-0.256086,2026-10-06
NBIS,249.87,2026-10-09,3,Call,280.00,-12.06%,0.71,0.71,0.74,3754,1626,2.31,80.01%,87.71%,0.08256,2026-10-06
AVGO,375.81,2026-10-09,3,Call,390.00,-3.78%,1.38,1.4,1.44,5954,2581,2.31,37.59%,43.32%,0.17944,2026-10-06
SNDK,1660.46,2026-10-09,3,Put,"1,660.00",-0.03%,33.9,33.64,34.6,707,307,2.3,60.86%,57.83%,-0.48547,2026-10-06
CSCO,117.94,2026-10-09,3,Call,119.00,-0.90%,0.89,0.91,1.06,1800,781,2.3,39.21%,33.47%,0.392367,2026-10-06
META,738.88,2026-10-09,3,Put,740.00,+0.15%,9.4,9.5,9.9,1363,596,2.29,39.34%,34.33%,-0.510181,2026-10-06
MRVL,287.01,2026-10-09,3,Call,317.50,-10.62%,0.66,0.71,0.71,562,246,2.28,59.79%,76.50%,0.078304,2026-10-06
SNDK,1660.46,2026-10-09,3,Call,"1,710.00",-2.98%,16.4,16.9,17.1,706,310,2.28,60.86%,59.21%,0.303305,2026-10-06
AMD,649.42,2026-10-09,3,Call,687.50,-5.86%,1.47,1.51,1.58,852,373,2.28,51.40%,49.94%,0.109529,2026-10-06
BE,295.78,2026-10-09,3,Call,320.00,-8.19%,1.27,1.27,1.33,2095,920,2.28,78.40%,75.15%,0.132104,2026-10-06
MOS,20.94,2026-10-09,3,Put,21.00,+0.29%,0.35,0.4,0.45,580,256,2.27,50.37%,48.68%,-0.517064,2026-10-06
CSCO,117.94,2026-10-09,3,Call,118.00,-0.05%,1.42,1.41,1.45,2836,1247,2.27,39.21%,34.06%,0.502159,2026-10-06
META,738.88,2026-10-07,1,Call,780.00,-5.57%,0.12,0.12,0.14,3848,1692,2.27,39.34%,49.37%,0.018825,2026-10-06
AMD,649.42,2026-10-09,3,Call,670.00,-3.17%,4.1,4.1,4.2,5231,2308,2.27,51.40%,48.62%,0.24872,2026-10-06
SBUX,96.11,2026-10-09,3,Put,95.00,-1.15%,0.51,0.42,0.65,632,280,2.26,31.49%,30.27%,-0.329689,2026-10-06
MRVL,287.01,2026-10-09,3,Put,267.50,-6.80%,1.38,1.4,1.47,957,424,2.26,59.79%,74.50%,-0.139982,2026-10-06
DELL,574,2026-10-09,3,Put,545.00,-5.05%,2.4,2.4,2.8,1055,466,2.26,57.57%,58.87%,-0.157915,2026-10-06
BABA,109.26,2026-10-09,3,Put,107.00,-2.07%,0.67,0.71,0.77,1586,702,2.26,41.07%,41.01%,-0.280476,2026-10-06
SKHY,182.56,2026-10-09,3,Put,180.00,-1.40%,2.56,2.55,2.66,3286,1453,2.26,52.97%,57.56%,-0.381361,2026-10-06
MRVL,287.01,2026-10-09,3,Put,270.00,-5.93%,1.77,1.8,1.88,3956,1749,2.26,59.79%,74.02%,-0.171483,2026-10-06
PLTR,192.07,2026-10-09,3,Call,195.00,-1.53%,1.9,1.93,1.93,40546,17941,2.26,52.14%,44.91%,0.365548,2026-10-06
AA,43.17,2026-10-09,3,Call,43.50,-0.76%,0.47,0.53,0.67,659,293,2.25,49.19%,45.85%,0.437757,2026-10-06
UBER,69.08,2026-10-30,24,Call,74.00,-7.12%,0.69,0.78,0.77,922,409,2.25,37.34%,32.66%,0.226871,2026-10-06
ASST,29.75,2026-10-09,3,Put,28.50,-4.20%,0.16,0.28,0.3,1059,471,2.25,81.11%,64.81%,-0.222182,2026-10-06
MU,1045.56,2026-11-20,45,Put,"1,020.00",-2.44%,49.05,49.35,52.35,1441,640,2.25,44.88%,44.76%,-0.397371,2026-10-06
CRWV,91.72,2026-10-09,3,Call,93.00,-1.40%,1.95,1.98,2.01,3851,1711,2.25,76.52%,76.57%,0.436293,2026-10-06
AMD,649.42,2026-10-07,1,Put,597.50,-7.99%,0.05,0.15,0.15,668,298,2.24,51.40%,71.03%,-0.011845,2026-10-06
ASTS,63.12,2026-10-16,10,Put,59.00,-6.53%,1.04,1.25,1.7,734,327,2.24,80.85%,74.73%,-0.269224,2026-10-06
WDC,411.04,2026-10-09,3,Call,425.00,-3.40%,4.3,4.48,4.75,801,357,2.24,64.25%,65.83%,0.299875,2026-10-06
ANET,215.36,2026-10-09,3,Call,212.50,+1.33%,4.9,5.32,5.75,1233,550,2.24,49.91%,47.54%,0.632781,2026-10-06
NVDA,239.24,2026-10-23,17,Call,242.50,-1.36%,4.3,4.35,4.45,1745,778,2.24,32.77%,27.49%,0.431937,2026-10-06
NBIS,249.87,2026-10-09,3,Call,245.00,+1.95%,9.65,9.8,9.95,5030,2247,2.24,80.01%,78.83%,0.623873,2026-10-06
NVDA,239.24,2026-10-09,3,Put,235.00,-1.77%,0.94,0.95,0.96,33792,15081,2.24,32.77%,29.65%,-0.245699,2026-10-06
HTZ,2.06,2026-10-16,10,Call,2.0000,+2.91%,0.22,0.22,0.24,24879,11176,2.23,127.02%,147.71%,0.597747,2026-10-06
IREN,41.28,2026-10-23,17,Call,40.50,+1.89%,2.8,3.15,2.96,553,248,2.23,77.76%,69.14%,0.584965,2026-10-06
GM,82.01,2026-10-23,17,Call,85.00,-3.65%,1.83,1.87,2.25,560,251,2.23,37.62%,45.65%,0.381934,2026-10-06
IBRX,9.69,2026-10-30,24,Put,8.50,-12.28%,0.1,0.42,0.45,741,332,2.23,98.15%,78.24%,-0.222254,2026-10-06
SNDK,1660.46,2026-10-09,3,Call,"1,750.00",-5.39%,8.2,8.5,8.6,2041,916,2.23,60.86%,60.17%,0.176236,2026-10-06
XNDU,5.06,2026-10-16,10,Call,5.00,+1.19%,0.4,0.43,0.5,634,286,2.22,123.92%,125.70%,0.566115,2026-10-06
AAPL,333.63,2026-10-12,6,Call,342.50,-2.66%,0.7,0.78,0.78,855,385,2.22,25.02%,20.18%,0.163832,2026-10-06
WMT,107.2,2026-10-30,24,Call,108.00,-0.75%,2.2,2.35,2.28,1156,522,2.21,28.66%,22.97%,0.47433,2026-10-06
AMD,649.42,2026-10-09,3,Call,690.00,-6.25%,1.27,1.36,1.36,1353,611,2.21,51.40%,50.20%,0.096422,2026-10-06
RKLB,75.06,2026-10-09,3,Call,80.00,-6.58%,0.5,0.52,0.53,15640,7091,2.21,73.51%,75.94%,0.187567,2026-10-06
MU,1045.56,2026-10-09,3,Call,"1,082.50",-3.53%,5.75,5.82,5.95,554,252,2.2,44.88%,48.69%,0.224373,2026-10-06
NVDA,239.24,2027-04-16,192,Put,240.00,+0.32%,22,22.45,22.6,652,297,2.2,32.77%,34.90%,-0.433661,2026-10-06
BE,295.78,2026-10-09,3,Call,292.50,+1.11%,9.05,9.63,9.85,1152,524,2.2,78.40%,71.89%,0.582626,2026-10-06
WDC,411.04,2026-10-09,3,Put,410.00,-0.25%,8.55,8.55,9.75,1822,827,2.2,64.25%,65.45%,-0.469459,2026-10-06
MRVL,287.01,2026-10-09,3,Call,305.00,-6.27%,1.9,2,2.08,4417,2008,2.2,59.79%,74.04%,0.19282,2026-10-06
TEM,71.98,2026-10-09,3,Put,75.00,+4.20%,4.05,4.15,4.4,645,294,2.19,79.84%,91.75%,-0.673645,2026-10-06
INTC,112.5,2027-04-16,192,Call,180.00,-60.00%,5.75,6.1,5.95,749,342,2.19,62.66%,64.72%,0.234204,2026-10-06
VRT,253.14,2026-10-09,3,Call,255.00,-0.73%,4.05,4.37,4.5,896,410,2.19,59.55%,55.69%,0.454772,2026-10-06
SKHY,182.56,2026-10-16,10,Call,187.50,-2.71%,4.15,4.2,4.25,1064,486,2.19,52.97%,51.52%,0.398125,2026-10-06
MSFT,529.3,2026-10-09,3,Call,537.50,-1.55%,2.1,2.27,2.27,1216,556,2.19,29.50%,27.28%,0.274675,2026-10-06
MSFT,529.3,2026-10-09,3,Put,517.50,-2.23%,1.17,1.18,1.25,1753,799,2.19,29.50%,26.96%,-0.172453,2026-10-06
PYPL,54.61,2026-10-23,17,Call,54.00,+1.12%,1.68,1.83,2.09,509,233,2.18,41.80%,32.55%,0.584479,2026-10-06
SPCX,171.92,2026-10-16,10,Call,177.50,-3.25%,3.1,3.12,3.15,3238,1482,2.18,50.12%,46.83%,0.359556,2026-10-06
NVDA,239.24,2026-10-12,6,Put,235.00,-1.77%,1.32,1.32,1.37,3883,1779,2.18,32.77%,25.08%,-0.278384,2026-10-06
NOK,10.97,2026-10-23,17,Call,11.00,-0.27%,0.7,0.72,0.72,6830,3131,2.18,63.12%,76.08%,0.528942,2026-10-06
NOK,10.97,2026-10-16,10,Call,11.50,-4.83%,0.21,0.23,0.23,9706,4456,2.18,63.12%,58.23%,0.332193,2026-10-06
MRVL,287.01,2026-10-09,3,Call,285.00,+0.70%,8.6,8.64,8.75,6769,3124,2.17,59.79%,73.30%,0.557131,2026-10-06
GLW,168.97,2026-10-16,10,Put,162.50,-3.83%,3.1,3.35,3.6,530,244,2.17,60.83%,55.70%,-0.316316,2026-10-06
TSM,482.3,2026-12-18,73,Call,620.00,-28.55%,1.67,1.94,2.32,1181,543,2.17,33.26%,34.42%,0.065165,2026-10-06
MU,1045.56,2026-10-09,3,Put,"1,010.00",-3.40%,4.9,5.05,5.15,1823,839,2.17,44.88%,46.76%,-0.199268,2026-10-06
NVDA,239.24,2026-10-12,6,Put,225.00,-5.95%,0.27,0.28,0.29,2067,952,2.17,32.77%,32.17%,-0.064099,2026-10-06
SKHY,182.56,2026-11-20,45,Call,210.00,-15.03%,5.3,5.4,5.45,3544,1633,2.17,52.97%,55.00%,0.273062,2026-10-06
RIOT,18.93,2026-10-16,10,Call,20.00,-5.65%,0.53,0.56,0.56,4575,2106,2.17,78.80%,76.48%,0.358403,2026-10-06
META,738.88,2026-10-07,1,Put,705.00,-4.59%,0.08,0.1,0.13,692,321,2.16,39.34%,42.80%,-0.017426,2026-10-06
MU,1045.56,2026-10-09,3,Call,"1,115.00",-6.64%,1.99,2,2.06,869,402,2.16,44.88%,51.85%,0.090463,2026-10-06
SPCX,171.92,2026-10-23,17,Put,155.00,-9.84%,1.28,1.29,1.32,2732,1267,2.16,50.12%,47.23%,-0.139301,2026-10-06
ASTS,63.12,2026-10-09,3,Put,60.00,-4.94%,0.59,0.61,0.62,2874,1328,2.16,80.85%,78.31%,-0.225541,2026-10-06
ASTS,63.12,2026-10-09,3,Call,64.00,-1.39%,1.45,1.48,1.51,4305,1993,2.16,80.85%,81.76%,0.442174,2026-10-06
CRWV,91.72,2026-10-09,3,Call,100.00,-9.03%,0.43,0.44,0.45,17819,8235,2.16,76.52%,82.31%,0.132038,2026-10-06
ASTS,63.12,2026-10-09,3,Call,65.00,-2.98%,1.09,1.14,1.19,7921,3689,2.15,80.85%,83.29%,0.364382,2026-10-06
MSTR,164.55,2026-11-06,31,Put,120.00,-27.07%,0.53,0.76,0.93,528,246,2.15,64.32%,70.15%,-0.048268,2026-10-06
PL,18.57,2026-10-16,10,Put,15.50,-16.53%,0,0.1,0.15,656,305,2.15,68.98%,77.05%,-0.068318,2026-10-06
PDSB,1.045,2026-10-09,3,Call,1.0000,+4.31%,0.1,0.15,0.2,926,430,2.15,172.83%,342.33%,0.617168,2026-10-06
AVGO,375.81,2026-10-30,24,Call,410.00,-9.10%,4.05,4.3,4.3,1036,481,2.15,37.59%,38.51%,0.208563,2026-10-06
MSFT,529.3,2026-10-16,10,Call,585.00,-10.52%,0.17,0.17,0.19,1435,667,2.15,29.50%,28.77%,0.019769,2026-10-06
ABOS,2.03,2027-01-15,101,Call,2.50,-23.15%,0.8,0.95,1,578,270,2.14,218.36%,252.45%,0.697013,2026-10-06
GEV,1029.21,2026-10-16,10,Call,"1,040.00",-1.05%,24.7,29.1,30.3,1040,487,2.14,48.33%,47.08%,0.467335,2026-10-06
CCL,26.58,2026-10-09,3,Call,27.50,-3.46%,0.08,0.12,0.12,1125,525,2.14,38.18%,41.20%,0.187002,2026-10-06
MU,1045.56,2026-10-07,1,Put,"1,005.00",-3.88%,0.74,0.75,0.78,1842,861,2.14,44.88%,50.01%,-0.063232,2026-10-06
BB,9.58,2026-10-09,3,Call,10.00,-4.38%,0.1,0.1,0.11,7702,3594,2.14,59.59%,74.15%,0.274251,2026-10-06
BULL,7.28,2027-05-21,227,Call,7.50,-3.02%,1.29,1.42,1.45,884,416,2.13,63.88%,60.78%,0.592291,2026-10-06
NVDA,239.24,2026-11-13,38,Call,260.00,-8.68%,2.14,2.16,2.23,3650,1715,2.13,32.77%,27.28%,0.194986,2026-10-06
INTC,112.5,2026-10-30,24,Call,117.00,-4.00%,6.1,6.24,6.3,907,427,2.12,62.66%,69.57%,0.452899,2026-10-06
MRNA,187.46,2026-10-09,3,Put,187.50,+0.02%,6.25,6.33,6.35,1577,745,2.12,92.47%,93.05%,-0.48296,2026-10-06
VST,160.5,2026-12-18,73,Put,135.00,-15.89%,3.3,3.3,3.65,2946,1390,2.12,49.25%,47.63%,-0.171646,2026-10-06
AAPL,333.63,2026-10-14,8,Call,340.00,-1.91%,1.81,1.92,2,3046,1434,2.12,25.02%,21.54%,0.290219,2026-10-06
COIN,185.74,2026-10-09,3,Put,180.00,-3.09%,1.88,1.97,1.96,3172,1497,2.12,62.93%,63.46%,-0.281168,2026-10-06
MSFT,529.3,2026-12-18,73,Put,530.00,+0.13%,24.65,25.7,25.9,529,251,2.11,29.50%,28.05%,-0.464129,2026-10-06
GOOGL,347.68,2026-11-06,31,Put,340.00,-2.21%,9.5,10.25,10.75,556,264,2.11,33.81%,35.14%,-0.384264,2026-10-06
CRWD,278.86,2026-10-09,3,Put,257.50,-7.66%,0.28,0.36,0.4,933,443,2.11,50.46%,56.18%,-0.055254,2026-10-06
GLW,168.97,2026-10-09,3,Call,170.00,-0.61%,3.1,3.4,3.4,3111,1476,2.11,60.83%,60.74%,0.468874,2026-10-06
SPCX,171.92,2026-11-06,31,Call,200.00,-16.33%,2.35,2.35,2.42,3246,1539,2.11,50.12%,51.57%,0.181668,2026-10-06
ISRG,404.76,2026-10-09,3,Call,420.00,-3.77%,0.65,1.34,1.4,541,258,2.1,39.65%,37.74%,0.145976,2026-10-06
CRWD,278.86,2026-10-09,3,Put,267.50,-4.07%,1.23,1.3,1.37,805,383,2.1,50.46%,51.69%,-0.179543,2026-10-06
PCG,12.5,2027-03-19,164,Call,16.00,-28.00%,0.43,0.49,0.6,3000,1427,2.1,47.13%,44.78%,0.261307,2026-10-06
SKHY,182.56,2026-10-09,3,Put,185.00,+1.34%,5.05,5.1,5.2,3760,1792,2.1,52.97%,57.36%,-0.58893,2026-10-06
BABA,109.26,2027-06-17,254,Call,270.00,-147.12%,0.08,0.49,0.58,521,249,2.09,41.07%,49.08%,0.022492,2026-10-06
SPCX,171.92,2026-10-16,10,Put,147.00,-14.50%,0.24,0.27,0.26,1633,783,2.09,50.12%,55.21%,-0.038348,2026-10-06
DELL,574,2026-10-09,3,Call,580.00,-1.05%,8.7,9.22,10.15,1730,827,2.09,57.57%,58.10%,0.434163,2026-10-06
SPCX,171.92,2026-10-12,6,Call,185.00,-7.61%,0.57,0.57,0.58,4030,1930,2.09,50.12%,46.54%,0.117352,2026-10-06
PLTR,192.07,2026-10-09,3,Put,182.50,-4.98%,0.48,0.49,0.5,5555,2653,2.09,52.14%,48.45%,-0.116566,2026-10-06
CLW,19.82,2026-11-20,45,Call,20.00,-0.91%,1.2,1.83,2.55,650,313,2.08,59.66%,69.03%,0.541485,2026-10-06
AAOI,130.16,2026-10-16,10,Call,155.00,-19.08%,1.45,1.5,1.85,936,451,2.08,99.72%,97.58%,0.160076,2026-10-06
AS,27.76,2026-11-20,45,Call,32.50,-17.07%,0.45,0.55,0.65,1208,581,2.08,49.51%,49.76%,0.2157,2026-10-06
WDC,411.04,2026-12-18,73,Call,500.00,-21.64%,19.45,20,20.2,1284,617,2.08,64.25%,64.18%,0.304092,2026-10-06
KLAR,13.25,2026-10-16,10,Call,13.50,-1.89%,0.15,0.32,0.3,1356,652,2.08,55.85%,37.34%,0.399603,2026-10-06
NVDA,239.24,2026-10-12,6,Call,247.50,-3.45%,0.48,0.49,0.5,2521,1212,2.08,32.77%,23.42%,0.13642,2026-10-06
ALM,13.04,2026-10-16,10,Call,12.50,+4.14%,0.55,1.15,1.65,659,319,2.07,81.83%,94.18%,0.639126,2026-10-06
NU,15.66,2026-11-13,38,Call,16.50,-5.36%,0.66,0.67,0.76,761,367,2.07,48.15%,50.96%,0.416686,2026-10-06
SPCX,171.92,2027-02-19,136,Call,230.00,-33.78%,5.65,6,6.35,988,477,2.07,50.12%,50.07%,0.227083,2026-10-06
VZ,45.98,2027-09-17,346,Call,60.00,-30.49%,0.52,0.6,0.6,1576,763,2.07,25.16%,22.95%,0.120649,2026-10-06
NBIS,249.87,2026-10-16,10,Call,255.00,-2.05%,10.1,10.11,10.25,1838,890,2.07,80.01%,74.80%,0.462694,2026-10-06
MSTR,164.55,2026-10-09,3,Put,162.50,-1.25%,2.82,2.88,2.88,4282,2067,2.07,64.32%,64.39%,-0.40183,2026-10-06
XP,29.73,2026-10-16,10,Put,29.00,-2.46%,0.65,0.75,0.9,770,374,2.06,58.59%,57.06%,-0.376727,2026-10-06
DAL,83.66,2026-10-09,3,Put,78.00,-6.77%,0.37,0.44,0.48,929,450,2.06,41.58%,74.77%,-0.142159,2026-10-06
AMD,649.42,2026-10-09,3,Call,665.00,-2.40%,5.3,5.5,5.5,1101,534,2.06,51.40%,48.33%,0.304358,2026-10-06
RIOT,18.93,2026-10-16,10,Put,19.00,+0.37%,0.84,0.94,1,2200,1066,2.06,78.80%,71.43%,-0.486033,2026-10-06
NVDA,239.24,2026-10-09,3,Put,232.50,-2.82%,0.53,0.54,0.56,14530,7061,2.06,32.77%,31.39%,-0.152077,2026-10-06
HTZ,2.06,2026-10-09,3,Call,2.0000,+2.91%,0.16,0.17,0.17,23044,11177,2.06,127.02%,180.69%,0.604237,2026-10-06
MSTR,164.55,2026-10-16,10,Put,150.00,-8.84%,1.42,1.43,1.45,9910,4839,2.05,64.32%,59.80%,-0.159979,2026-10-06
AAOI,130.16,2026-10-09,3,Call,128.00,+1.66%,5,4.78,6,594,291,2.04,99.72%,92.38%,0.596981,2026-10-06
ARM,302.56,2026-10-09,3,Call,305.00,-0.81%,6.3,6.35,6.55,1282,627,2.04,70.27%,68.64%,0.463011,2026-10-06
MSFT,529.3,2028-01-21,472,Call,775.00,-46.42%,20.55,21.2,21.5,2664,1304,2.04,29.50%,31.52%,0.225403,2026-10-06
NVDA,239.24,2026-10-16,10,Put,240.00,+0.32%,4.5,4.55,4.65,9463,4637,2.04,32.77%,27.12%,-0.51286,2026-10-06
WDC,411.04,2026-10-09,3,Put,385.00,-6.34%,1.3,1.46,1.46,708,348,2.03,64.25%,62.62%,-0.117755,2026-10-06
BB,9.58,2026-10-09,3,Put,9.50,-0.84%,0.16,0.2,0.24,1015,500,2.03,59.59%,69.31%,-0.432851,2026-10-06
ET,20.74,2027-03-19,164,Call,21.00,-1.25%,0.74,0.7,0.96,3000,1477,2.03,21.52%,19.14%,0.45596,2026-10-06
INTC,112.5,2026-10-23,17,Call,113.00,-0.44%,6.2,6.22,6.4,576,285,2.02,62.66%,66.66%,0.520728,2026-10-06
CRWV,91.72,2026-11-06,31,Call,100.00,-9.03%,4.6,4.75,4.8,887,440,2.02,76.52%,72.59%,0.387116,2026-10-06
INTC,112.5,2026-10-16,10,Put,114.00,+1.33%,5,5,5.1,923,456,2.02,62.66%,57.69%,-0.533233,2026-10-06
PLTR,192.07,2026-10-09,3,Call,200.00,-4.13%,0.68,0.7,0.7,22365,11060,2.02,52.14%,45.07%,0.168049,2026-10-06
AMD,649.42,2026-10-07,1,Call,682.50,-5.09%,0.25,0.27,0.29,1581,788,2.01,51.40%,52.91%,0.037847,2026-10-06
SKHY,182.56,2026-10-16,10,Put,170.00,-6.88%,1.63,1.66,1.68,3232,1604,2.01,52.97%,51.47%,-0.186637,2026-10-06
NNE,16.49,2027-01-15,101,Call,19.00,-15.22%,1.4,1.95,1.9,507,253,2,71.75%,71.83%,0.438236,2026-10-06
OKLO,38.55,2026-10-09,3,Call,41.50,-7.65%,0.26,0.33,0.33,566,283,2,74.83%,86.56%,0.185001,2026-10-06
AMZN,256.29,2026-10-14,8,Call,265.00,-3.40%,1.26,1.31,1.36,629,314,2,36.20%,27.81%,0.220523,2026-10-06
AVGO,375.81,2026-10-09,3,Put,360.00,-4.21%,0.69,0.7,0.74,1722,861,2,37.59%,39.29%,-0.109117,2026-10-06
NVDA,239.24,2026-10-12,6,Call,230.00,+3.86%,9.55,10.05,10.35,2476,1239,2,32.77%,28.25%,0.868854,2026-10-06
CIFR,15.5,2027-01-15,101,Call,19.00,-22.58%,1.8,1.84,1.93,11691,5842,2,92.71%,91.37%,0.436729,2026-10-06
ANET,215.36,2026-10-16,10,Put,210.00,-2.49%,3.2,3.35,3.65,674,339,1.99,49.91%,41.22%,-0.338415,2026-10-06
BE,295.78,2026-10-09,3,Call,330.00,-11.57%,0.52,0.59,0.57,1397,702,1.99,78.40%,76.79%,0.062624,2026-10-06
HPE,70.48,2026-10-09,3,Put,70.00,-0.68%,1.2,1.15,1.4,1424,716,1.99,58.11%,60.45%,-0.438003,2026-10-06
HOOD,112,2026-10-09,3,Call,114.00,-1.79%,1.47,1.5,1.52,5192,2613,1.99,59.12%,57.45%,0.379159,2026-10-06
B,40.72,2026-10-09,3,Call,41.00,-0.69%,0.44,0.49,0.55,680,346,1.97,40.60%,42.09%,0.438024,2026-10-06
NVDA,239.24,2027-04-16,192,Put,160.00,-33.12%,2.27,2.37,2.46,681,346,1.97,32.77%,42.64%,-0.064718,2026-10-06
IREN,41.28,2026-10-16,10,Call,46.50,-12.65%,0.46,0.56,0.5,1016,516,1.97,77.76%,74.09%,0.18379,2026-10-06
AMZN,256.29,2026-10-07,1,Call,245.00,+4.41%,10.2,11,12.1,2090,1061,1.97,36.20%,31.52%,0.996973,2026-10-06
IREN,41.28,2026-10-09,3,Call,43.50,-5.38%,0.37,0.42,0.42,2119,1073,1.97,77.76%,77.38%,0.239722,2026-10-06
SNDK,1660.46,2026-10-09,3,Call,"1,800.00",-8.40%,3.5,3.65,3.7,3768,1911,1.97,60.86%,63.16%,0.084549,2026-10-06
SKHY,182.56,2026-10-16,10,Put,175.00,-4.14%,2.86,2.92,2.91,4098,2085,1.97,52.97%,50.61%,-0.288543,2026-10-06
AAPL,333.63,2026-10-09,3,Put,325.00,-2.59%,0.46,0.5,0.51,5314,2695,1.97,25.02%,25.63%,-0.124817,2026-10-06
TSM,482.3,2026-10-16,10,Put,485.00,+0.56%,12.05,12.75,12.9,532,272,1.96,33.26%,35.31%,-0.521852,2026-10-06
MSFT,529.3,2026-10-16,10,Put,507.50,-4.12%,1.62,1.75,1.89,733,374,1.96,29.50%,25.44%,-0.149404,2026-10-06
TXG,80.66,2026-10-16,10,Put,80.00,-0.82%,4.1,4.8,5.9,932,475,1.96,99.10%,101.21%,-0.445143,2026-10-06
LUNR,15.06,2026-10-09,3,Call,15.50,-2.92%,0.32,0.32,0.34,1294,660,1.96,87.96%,93.92%,0.385169,2026-10-06
VZ,45.98,2026-10-09,3,Call,46.50,-1.13%,0.05,0.14,0.13,1806,923,1.96,25.16%,16.60%,0.226508,2026-10-06
NOK,10.97,2026-10-30,24,Call,12.00,-9.39%,0.38,0.29,0.42,4686,2396,1.96,63.12%,68.81%,0.340589,2026-10-06
NVDA,239.24,2026-10-23,17,Put,240.00,+0.32%,5.8,5.9,5.95,6264,3191,1.96,32.77%,27.46%,-0.50137,2026-10-06
SLS,11.34,2027-04-16,192,Put,10.00,-11.82%,4.3,4.5,4.6,8604,4408,1.95,146.54%,181.81%,-0.222319,2026-10-06
INTC,112.5,2026-10-16,10,Call,118.00,-4.89%,2.24,2.3,2.37,1214,624,1.95,62.66%,59.13%,0.333858,2026-10-06
NVDA,239.24,2027-04-16,192,Put,230.00,-3.86%,17.6,17.98,18.05,1709,876,1.95,32.77%,35.57%,-0.367196,2026-10-06
INTC,112.5,2026-10-09,3,Put,111.00,-1.33%,1.73,1.82,1.78,3011,1541,1.95,62.66%,60.47%,-0.391009,2026-10-06
RKLB,75.06,2026-10-09,3,Call,78.00,-3.92%,0.86,0.92,0.93,3937,2021,1.95,73.51%,73.30%,0.294528,2026-10-06
AAPL,333.63,2026-10-07,1,Put,337.50,+1.16%,4,4.4,4.75,986,508,1.94,25.02%,26.44%,-0.794875,2026-10-06
MRVL,287.01,2026-10-09,3,Call,277.50,+3.31%,13.1,13.33,13.55,1384,712,1.94,59.79%,74.28%,0.704962,2026-10-06
ZS,212.25,2026-10-09,3,Call,220.00,-3.65%,1.75,2,2.13,1686,869,1.94,52.53%,61.96%,0.272686,2026-10-06
QCOM,181.03,2026-10-09,3,Call,182.50,-0.81%,2.28,2.45,2.45,1843,949,1.94,49.34%,46.13%,0.432898,2026-10-06
BA,189.82,2026-10-23,17,Call,200.00,-5.36%,1.8,1.85,1.91,2624,1351,1.94,35.03%,32.95%,0.241141,2026-10-06
SNDK,1660.46,2026-10-09,3,Call,"1,900.00",-14.43%,0.85,0.9,0.95,3458,1783,1.94,60.86%,72.78%,0.022515,2026-10-06
INTC,112.5,2026-10-09,3,Call,118.00,-4.89%,0.76,0.77,0.77,12527,6461,1.94,62.66%,63.55%,0.213339,2026-10-06
NFLX,68.69,2026-10-09,3,Call,68.00,+1.00%,1.25,1.25,1.26,17966,9272,1.94,40.29%,34.49%,0.636388,2026-10-06
WMT,107.2,2026-10-30,24,Put,102.00,-4.85%,0.61,0.69,0.77,753,390,1.93,28.66%,23.55%,-0.188772,2026-10-06
JNJ,254.78,2026-10-16,10,Put,255.00,+0.09%,4.25,4.96,5.65,842,436,1.93,25.78%,29.11%,-0.494094,2026-10-06
LULU,93.61,2026-10-09,3,Call,95.00,-1.48%,0.84,0.9,0.98,1018,527,1.93,41.44%,43.76%,0.365553,2026-10-06
TSM,482.3,2026-10-09,3,Call,495.00,-2.63%,1.31,1.31,1.35,1269,656,1.93,33.26%,30.91%,0.182938,2026-10-06
NVDA,239.24,2026-10-14,8,Call,240.00,-0.32%,3.3,3.4,3.45,2289,1185,1.93,32.77%,25.85%,0.482464,2026-10-06
ASTS,63.12,2026-10-16,10,Put,63.00,-0.19%,2.84,2.95,3.05,612,319,1.92,80.85%,72.93%,-0.466859,2026-10-06
TH,18.54,2026-10-16,10,Call,19.00,-2.48%,0.05,0.55,0.55,851,443,1.92,65.73%,39.46%,0.3721,2026-10-06
STZ,115.67,2026-10-09,3,Call,125.00,-8.07%,0.3,0.4,0.4,920,478,1.92,36.26%,67.04%,0.10643,2026-10-06
SNDK,1660.46,2026-10-09,3,Call,"1,720.00",-3.59%,13.9,14.02,14.3,971,506,1.92,60.86%,59.25%,0.266589,2026-10-06
SHOP,164.44,2026-10-16,10,Call,190.00,-15.54%,0.1,0.3,0.31,1067,557,1.92,60.61%,48.31%,0.039757,2026-10-06
HSDT,2.66,2027-04-16,192,Call,4.00,-50.38%,0.5,0.55,2.7,1744,907,1.92,351.01%,267.51%,0.779774,2026-10-06
NVDA,239.24,2026-11-13,38,Call,255.00,-6.59%,3.2,3.27,3.35,1806,941,1.92,32.77%,27.62%,0.26432,2026-10-06
CSCO,117.94,2026-10-09,3,Call,115.00,+2.49%,3.25,3.45,3.85,6016,3144,1.91,39.21%,39.56%,0.766481,2026-10-06
GOOG,344.59,2026-10-09,3,Call,350.00,-1.57%,1.8,1.87,1.87,8391,4392,1.91,33.88%,31.31%,0.300051,2026-10-06
HOOD,112,2026-10-09,3,Call,115.00,-2.68%,1.17,1.18,1.2,9649,5052,1.91,59.12%,57.97%,0.318931,2026-10-06
LITE,1133.4,2026-10-16,10,Put,"1,050.00",-7.36%,15.5,16.7,18.1,541,283,1.91,73.41%,66.07%,-0.22295,2026-10-06
NBIS,249.87,2026-11-20,45,Put,90.00,-63.98%,0.1,0.12,0.35,1323,693,1.91,80.01%,125.97%,-0.005543,2026-10-06
CRWD,278.86,2026-10-09,3,Put,270.00,-3.18%,1.77,1.73,1.88,1490,781,1.91,50.46%,51.35%,-0.234828,2026-10-06
SNDK,1660.46,2026-10-09,3,Put,"1,650.00",-0.63%,29.1,29,29.6,1995,1047,1.91,60.86%,57.71%,-0.43958,2026-10-06
AVGO,375.81,2026-10-30,24,Call,380.00,-1.11%,12.6,12.82,12.95,2540,1327,1.91,37.59%,37.34%,0.481448,2026-10-06
AMD,649.42,2026-10-09,3,Put,632.50,-2.61%,4.3,4.5,4.65,644,339,1.9,51.40%,47.34%,-0.260038,2026-10-06
STZ,115.67,2026-10-09,3,Call,121.00,-4.61%,0.95,1.08,1.2,1223,644,1.9,36.26%,70.60%,0.250888,2026-10-06
NVDA,239.24,2026-10-09,3,Put,252.50,+5.54%,12.85,13.18,13.85,1289,679,1.9,32.77%,34.42%,-0.959388,2026-10-06
NKE,34.61,2026-11-13,38,Call,35.00,-1.13%,1.32,1.36,1.46,1753,921,1.9,36.63%,35.56%,0.480222,2026-10-06
AMZN,256.29,2026-11-06,31,Put,240.00,-6.36%,4.75,4.77,4.85,805,425,1.89,36.20%,39.39%,-0.256225,2026-10-06
VTRS,17.54,2026-11-20,45,Put,17.00,-3.08%,0.5,0.54,0.65,1083,574,1.89,35.09%,34.28%,-0.369401,2026-10-06
AMZN,256.29,2026-10-23,17,Put,255.00,-0.50%,5.25,5.4,5.45,1345,712,1.89,36.20%,28.01%,-0.445554,2026-10-06
RKLB,75.06,2026-10-09,3,Put,73.00,-2.74%,0.97,1.05,1.08,1907,1008,1.89,73.51%,70.46%,-0.318456,2026-10-06
XOM,164.48,2026-10-09,3,Put,160.00,-2.72%,0.3,0.39,0.38,2429,1288,1.89,28.70%,29.59%,-0.147555,2026-10-06
TSLA,380.68,2026-10-12,6,Call,380.00,+0.18%,6.5,6.61,6.7,3132,1658,1.89,40.77%,31.51%,0.531997,2026-10-06
CCJ,93.02,2026-11-20,45,Put,85.00,-8.62%,2.4,2.42,2.54,10236,5420,1.89,46.10%,45.82%,-0.253686,2026-10-06
OKLO,38.55,2026-10-09,3,Call,40.00,-3.76%,0.56,0.58,0.59,16664,8819,1.89,74.83%,81.28%,0.322779,2026-10-06
NVDA,239.24,2026-10-07,1,Put,232.50,-2.82%,0.14,0.14,0.15,14938,7941,1.88,32.77%,37.30%,-0.069683,2026-10-06
MCY,103,2027-03-19,164,Call,95.00,+7.77%,12.4,14.67,15.9,941,500,1.88,32.67%,33.70%,0.698084,2026-10-06
SMCI,43.46,2026-10-30,24,Put,37.00,-14.86%,0.6,0.61,0.68,2095,1113,1.88,75.67%,67.45%,-0.151455,2026-10-06
RGTI,15.17,2026-10-09,3,Call,16.00,-5.47%,0.11,0.11,0.13,4228,2254,1.88,67.20%,72.05%,0.218268,2026-10-06
NN,13.27,2026-10-09,3,Call,13.50,-1.73%,0.55,0.75,1.25,643,343,1.87,111.48%,208.75%,0.502192,2026-10-06
NU,15.66,2026-10-23,17,Put,16.00,+2.17%,0.5,0.8,0.83,671,359,1.87,48.15%,36.08%,-0.587611,2026-10-06
AIBZ,3.61,2027-04-16,192,Call,2.50,+30.75%,1.2,1.55,1.75,720,386,1.87,164.40%,88.52%,0.823479,2026-10-06
AAPL,333.63,2026-10-12,6,Call,337.50,-1.16%,1.85,1.93,2.01,748,399,1.87,25.02%,20.17%,0.340725,2026-10-06
ASML,1834.1,2026-10-16,10,Call,"1,960.00",-6.86%,20.1,22,22.3,789,423,1.87,43.64%,52.21%,0.237557,2026-10-06
MSFT,529.3,2026-10-30,24,Put,500.00,-5.54%,6.25,6.45,6.65,1572,839,1.87,29.50%,33.47%,-0.233261,2026-10-06
PLTR,192.07,2026-10-09,3,Put,195.00,+1.53%,4.65,4.7,4.75,2684,1432,1.87,52.14%,43.56%,-0.639888,2026-10-06
BE,295.78,2026-10-09,3,Put,270.00,-8.72%,0.84,0.87,0.9,2907,1554,1.87,78.40%,76.82%,-0.088743,2026-10-06
MSTR,164.55,2026-10-16,10,Call,172.50,-4.83%,3.8,3.83,3.9,2958,1578,1.87,64.32%,63.56%,0.349811,2026-10-06
WMT,107.2,2026-10-09,3,Call,107.00,+0.19%,1.05,1.09,1.12,6238,3327,1.87,28.66%,24.99%,0.541588,2026-10-06
MU,1045.56,2026-10-07,1,Call,"1,145.00",-9.51%,0.08,0.11,0.14,501,270,1.86,44.88%,72.02%,0.008469,2026-10-06
HOOD,112,2026-10-09,3,Call,111.00,+0.89%,2.82,2.85,2.88,921,496,1.86,59.12%,56.93%,0.581524,2026-10-06
SPCX,171.92,2026-10-12,6,Put,150.00,-12.75%,0.1,0.11,0.11,2242,1206,1.86,50.12%,54.43%,-0.022865,2026-10-06
USAR,13.74,2027-01-15,101,Put,16.00,+16.45%,3.5,3.5,3.6,4209,2259,1.86,73.52%,76.14%,-0.565859,2026-10-06
EQT,52.47,2028-01-21,472,Put,45.00,-14.24%,3.05,3.9,4.15,524,283,1.85,32.61%,33.85%,-0.247901,2026-10-06
MRVL,287.01,2026-10-16,10,Put,262.50,-8.54%,2.94,3.25,3.2,1732,934,1.85,59.79%,63.09%,-0.179823,2026-10-06
MU,1045.56,2026-10-09,3,Put,"1,060.00",+1.38%,25.3,24.72,25.8,2125,1146,1.85,44.88%,46.17%,-0.618469,2026-10-06
AMZN,256.29,2026-10-16,10,Call,262.50,-2.42%,2.45,2.45,2.58,2330,1262,1.85,36.20%,28.76%,0.323886,2026-10-06
MU,1045.56,2026-10-09,3,Call,"1,070.00",-2.34%,8.65,8.75,8.9,3809,2054,1.85,44.88%,48.02%,0.307889,2026-10-06
AAPL,333.63,2026-10-09,3,Put,332.50,-0.34%,2.2,2.3,2.44,4811,2602,1.85,25.02%,23.98%,-0.429337,2026-10-06
VST,160.5,2026-10-16,10,Call,170.00,-5.92%,1.8,2.05,2.11,5387,2911,1.85,49.25%,49.42%,0.257455,2026-10-06
XE,15.45,2026-10-09,3,Call,16.00,-3.56%,0.25,0.35,0.4,844,462,1.83,87.91%,97.72%,0.364301,2026-10-06
NVDA,239.24,2026-10-16,10,Call,257.50,-7.63%,0.22,0.24,0.24,1291,706,1.83,32.77%,26.69%,0.052493,2026-10-06
CORZ,16.68,2027-01-15,101,Put,14.00,-16.07%,0.94,1.17,1.17,6001,3305,1.82,72.43%,68.68%,-0.244387,2026-10-06
TSLA,380.68,2026-10-14,8,Call,380.00,+0.18%,7.85,8.13,8.3,737,406,1.82,40.77%,33.68%,0.531042,2026-10-06
SO,85.44,2026-11-20,45,Call,87.50,-2.41%,1.2,1.22,1.75,1111,612,1.82,22.49%,19.41%,0.37794,2026-10-06
KMI,32.16,2026-10-30,24,Put,31.00,-3.61%,0.28,0.43,0.47,1144,629,1.82,25.04%,25.75%,-0.276498,2026-10-06
NOW,137.97,2026-10-09,3,Put,135.00,-2.15%,1.36,1.42,1.45,1345,741,1.82,55.74%,53.52%,-0.316146,2026-10-06
VG,13.51,2027-03-19,164,Call,15.00,-11.03%,1.6,1.69,1.7,2502,1375,1.82,61.75%,59.73%,0.486522,2026-10-06
GOOG,344.59,2026-10-23,17,Call,350.00,-1.57%,6.45,6.63,6.7,3680,2018,1.82,33.88%,29.38%,0.425651,2026-10-06
HPE,70.48,2026-10-09,3,Call,73.00,-3.58%,0.6,0.94,0.87,589,325,1.81,58.11%,65.59%,0.288789,2026-10-06
CRCL,84.13,2026-10-09,3,Put,77.00,-8.47%,0.19,0.19,0.2,735,405,1.81,70.59%,70.71%,-0.078067,2026-10-06
ALAB,389.8,2026-10-09,3,Call,390.00,-0.05%,11,12.75,13.75,1028,567,1.81,85.18%,88.06%,0.514955,2026-10-06
MU,1045.56,2026-10-09,3,Call,"1,085.00",-3.77%,5.3,5.4,5.5,1101,609,1.81,44.88%,48.91%,0.210135,2026-10-06
MU,1045.56,2026-10-09,3,Put,995.00,-4.84%,2.65,2.68,2.8,1206,667,1.81,44.88%,47.71%,-0.120149,2026-10-06
MSTR,164.55,2027-12-17,437,Put,130.00,-21.00%,25.2,25.77,26,1208,666,1.81,64.32%,69.97%,-0.22964,2026-10-06
TSLA,380.68,2026-10-07,1,Call,372.50,+2.15%,8.65,8.8,8.95,2695,1493,1.81,40.77%,39.45%,0.857148,2026-10-06
AAL,13,2026-10-23,17,Put,13.00,0.00%,0.53,0.62,0.62,2997,1657,1.81,47.93%,51.68%,-0.476107,2026-10-06
BMNR,26.2,2026-10-09,3,Call,26.50,-1.15%,0.54,0.56,0.57,3177,1759,1.81,68.79%,72.55%,0.446075,2026-10-06
NVDA,239.24,2026-10-09,3,Put,255.00,+6.59%,15.35,15.94,16.35,512,285,1.8,32.77%,39.42%,-0.963872,2026-10-06
CBRS,177.1,2026-10-16,10,Call,175.00,+1.19%,8.6,9.2,9.8,583,323,1.8,74.71%,68.94%,0.567869,2026-10-06
AAOI,130.16,2026-10-16,10,Put,120.00,-7.81%,3,3.2,3.3,730,406,1.8,99.72%,86.64%,-0.259475,2026-10-06
COST,935.68,2026-10-09,3,Call,940.00,-0.46%,5.2,5.3,5.85,1344,747,1.8,19.17%,21.77%,0.416809,2026-10-06
CHWY,18.14,2026-10-09,3,Put,18.00,-0.77%,0.2,0.24,0.36,1721,954,1.8,47.09%,53.22%,-0.424557,2026-10-06
META,738.88,2026-10-09,3,Call,745.00,-0.83%,6.8,7.06,7.2,1974,1094,1.8,39.34%,36.02%,0.410124,2026-10-06
LUNR,15.06,2026-10-09,3,Call,16.00,-6.24%,0.16,0.16,0.2,2552,1418,1.8,87.96%,92.45%,0.249283,2026-10-06
PLTR,192.07,2026-10-09,3,Put,187.50,-2.38%,1.34,1.35,1.37,4914,2736,1.8,52.14%,45.76%,-0.271592,2026-10-06
IREN,41.28,2026-10-09,3,Call,42.00,-1.74%,0.77,0.8,0.8,6538,3627,1.8,77.76%,73.23%,0.411971,2026-10-06
TSLA,380.68,2026-10-09,3,Call,385.00,-1.13%,3.35,3.41,3.45,13422,7500,1.79,40.77%,37.80%,0.381001,2026-10-06
NBIS,249.87,2026-10-16,10,Put,235.00,-5.95%,5.65,5.7,5.8,610,340,1.79,80.01%,73.59%,-0.28357,2026-10-06
WULF,14.97,2026-10-30,24,Call,15.00,-0.20%,1.12,1.18,1.2,787,440,1.79,81.48%,82.55%,0.514885,2026-10-06
MRVL,287.01,2027-06-17,254,Call,360.00,-25.43%,39.8,41.55,42.1,870,485,1.79,59.79%,64.91%,0.462494,2026-10-06
AVGO,375.81,2026-11-06,31,Call,390.00,-3.78%,10.8,11.25,11.3,1031,576,1.79,37.59%,37.81%,0.398807,2026-10-06
GOOG,344.59,2026-10-09,3,Put,342.50,-0.61%,2.61,2.61,2.77,1085,607,1.79,33.88%,29.61%,-0.40152,2026-10-06
MS,191.02,2028-01-21,472,Call,190.00,+0.53%,29.35,29.96,31.1,1251,697,1.79,32.21%,33.02%,0.590276,2026-10-06
HOOD,112,2026-10-09,3,Call,112.00,0.00%,2.3,2.33,2.35,1991,1112,1.79,59.12%,56.97%,0.51277,2026-10-06
AAOI,130.16,2026-10-16,10,Call,150.00,-15.24%,2,2.25,2.25,2777,1555,1.79,99.72%,93.45%,0.202406,2026-10-06
AVGO,375.81,2026-10-09,3,Call,395.00,-5.11%,0.82,0.83,0.88,3119,1741,1.79,37.59%,44.91%,0.115739,2026-10-06
MU,1045.56,2026-10-09,3,Put,"1,055.00",+0.90%,22.25,22.33,22.65,1003,565,1.78,44.88%,46.07%,-0.57481,2026-10-06
SHOP,164.44,2026-11-20,45,Put,150.00,-8.78%,6.95,7.3,7.75,1074,605,1.78,60.61%,61.99%,-0.291103,2026-10-06
PINS,20.03,2026-10-09,3,Call,20.00,+0.15%,0.28,0.34,0.39,1351,757,1.78,57.61%,43.73%,0.526192,2026-10-06
XE,15.45,2026-11-20,45,Call,17.50,-13.27%,0.8,1.25,1.55,1452,816,1.78,87.91%,87.60%,0.406966,2026-10-06
PENG,64.21,2026-10-16,10,Call,80.00,-24.59%,2,2.01,2.1,2859,1602,1.78,104.38%,156.50%,0.237232,2026-10-06
NFLX,68.69,2026-10-16,10,Call,69.00,-0.45%,1.3,1.32,1.33,3776,2123,1.78,40.29%,31.48%,0.484078,2026-10-06
CRWV,91.72,2026-10-09,3,Call,95.00,-3.58%,1.29,1.29,1.34,10213,5768,1.77,76.52%,77.81%,0.323354,2026-10-06
HOOD,112,2026-10-23,17,Call,127.00,-13.39%,1.1,1.11,1.17,618,349,1.77,59.12%,55.88%,0.166751,2026-10-06
AMAT,530.27,2026-11-20,45,Call,"1,020.00",-92.35%,0.08,0.28,0.58,623,352,1.77,54.31%,72.83%,0.007926,2026-10-06
PLD,128.68,2027-03-19,164,Put,120.00,-6.75%,4.4,4.6,4.7,674,380,1.77,26.08%,25.31%,-0.299355,2026-10-06
MU,1045.56,2026-10-09,3,Put,"1,005.00",-3.88%,4,4.2,4.2,836,471,1.77,44.88%,46.96%,-0.169204,2026-10-06
SPCX,171.92,2028-12-15,801,Put,70.00,-59.28%,4.95,5.15,5.3,1208,683,1.77,50.12%,57.79%,-0.05685,2026-10-06
VST,160.5,2026-11-20,45,Call,200.00,-24.61%,1.94,2.05,2.15,1349,762,1.77,49.25%,53.20%,0.14402,2026-10-06
RDW,10.62,2026-10-09,3,Call,11.50,-8.29%,0.05,0.15,0.15,1773,1002,1.77,88.21%,98.03%,0.198277,2026-10-06
ORCL,144.77,2026-10-09,3,Call,146.00,-0.85%,2.09,2.14,2.15,4145,2344,1.77,51.14%,50.93%,0.43809,2026-10-06
AAPL,333.63,2026-10-07,1,Call,327.50,+1.84%,5.95,6.03,6.6,529,300,1.76,25.02%,23.41%,0.936687,2026-10-06
DVN,48.02,2026-10-16,10,Put,48.00,-0.04%,0.96,1.09,1.17,567,323,1.76,37.24%,34.17%,-0.483552,2026-10-06
AVGO,375.81,2026-11-06,31,Call,380.00,-1.11%,14.75,15,15.25,584,331,1.76,37.59%,37.68%,0.49152,2026-10-06
CRWV,91.72,2028-12-15,801,Put,160.00,+74.44%,80.25,81.1,84,803,456,1.76,76.52%,71.08%,-0.535534,2026-10-06
OKLO,38.55,2026-10-23,17,Call,40.00,-3.76%,1.67,1.8,1.83,811,461,1.76,74.83%,70.39%,0.43833,2026-10-06
TSLA,380.68,2026-10-12,6,Put,370.00,-2.81%,2.07,2.08,2.13,1075,612,1.76,40.77%,31.53%,-0.23019,2026-10-06
AAOI,130.16,2026-12-18,73,Call,250.00,-92.07%,2.65,3.1,3.4,1122,638,1.76,99.72%,103.37%,0.122302,2026-10-06
NVAX,11.32,2026-10-09,3,Call,12.00,-6.01%,0.2,0.21,0.25,2184,1238,1.76,95.03%,116.48%,0.309709,2026-10-06
AMZN,256.29,2026-10-30,24,Call,265.00,-3.40%,7.2,7.3,7.45,4110,2336,1.76,36.20%,40.85%,0.404283,2026-10-06
NBIS,249.87,2026-10-09,3,Put,230.00,-7.95%,1.12,1.12,1.15,4701,2672,1.76,80.01%,81.06%,-0.121346,2026-10-06
AVGO,375.81,2026-11-20,45,Call,410.00,-9.10%,8.7,8.82,8.9,4716,2685,1.76,37.59%,38.69%,0.293286,2026-10-06
MRVL,287.01,2026-10-09,3,Call,290.00,-1.04%,6.15,6.3,6.4,12172,6908,1.76,59.79%,73.22%,0.452932,2026-10-06
KLAR,13.25,2026-10-30,24,Call,15.00,-13.21%,0.05,0.1,0.15,628,358,1.75,55.85%,42.22%,0.142719,2026-10-06
PANW,419.91,2027-01-15,101,Put,390.00,-7.12%,28.75,30.71,31.65,690,394,1.75,53.67%,53.55%,-0.331589,2026-10-06
LUNR,15.06,2026-10-09,3,Call,14.50,+3.72%,0.72,0.77,0.85,848,484,1.75,87.96%,83.69%,0.705981,2026-10-06
CVS,86.43,2026-10-09,3,Call,86.00,+0.50%,1.32,1.4,1.77,1402,802,1.75,36.34%,42.21%,0.560009,2026-10-06
MRVL,287.01,2026-10-23,17,Call,300.00,-4.53%,9.5,9.75,10.05,1470,838,1.75,59.79%,60.26%,0.396722,2026-10-06
AVGO,375.81,2026-10-16,10,Call,385.00,-2.45%,5.65,5.8,5.85,1947,1113,1.75,37.59%,37.97%,0.367186,2026-10-06
SNDK,1660.46,2026-10-09,3,Put,"1,630.00",-1.83%,20.9,21.31,21.6,517,297,1.74,60.86%,58.05%,-0.350724,2026-10-06
RKLB,75.06,2026-10-09,3,Call,82.00,-9.25%,0.24,0.28,0.3,1553,894,1.74,73.51%,77.00%,0.109849,2026-10-06
MRVL,287.01,2026-10-09,3,Put,255.00,-11.15%,0.37,0.39,0.43,1668,958,1.74,59.79%,79.20%,-0.045822,2026-10-06
CRWD,278.86,2026-10-09,3,Call,282.50,-1.31%,3.6,3.85,3.85,2496,1437,1.74,50.46%,52.35%,0.404057,2026-10-06
INTC,112.5,2026-10-09,3,Call,125.00,-11.11%,0.14,0.15,0.16,8369,4797,1.74,62.66%,69.71%,0.051428,2026-10-06
NBIS,249.87,2026-10-16,10,Call,270.00,-8.06%,5.45,5.55,5.55,10721,6150,1.74,80.01%,76.45%,0.29436,2026-10-06
AAPL,333.63,2026-10-09,3,Call,335.00,-0.41%,2.35,2.4,2.45,18550,10737,1.73,25.02%,24.76%,0.437094,2026-10-06
UEC,10.11,2026-10-09,3,Put,10.00,-1.09%,0.19,0.21,0.23,779,450,1.73,63.93%,72.23%,-0.419205,2026-10-06
GLW,168.97,2026-10-23,17,Call,170.00,-0.61%,7.3,7.85,8.3,905,524,1.73,60.83%,56.16%,0.508964,2026-10-06
MU,1045.56,2026-10-09,3,Put,"1,045.00",-0.05%,16.75,16.88,17.1,1132,654,1.73,44.88%,45.90%,-0.484139,2026-10-06
SBUX,96.11,2026-10-16,10,Call,95.00,+1.15%,2.33,2.36,2.53,1583,914,1.73,31.49%,28.56%,0.60875,2026-10-06
GLW,168.97,2026-10-09,3,Call,175.00,-3.57%,1.46,1.65,1.83,1725,995,1.73,60.83%,63.27%,0.281588,2026-10-06
LION,11.35,2026-12-18,73,Call,15.00,-32.16%,0,0.29,0.5,2526,1464,1.73,62.19%,57.50%,0.177535,2026-10-06
APP,278.78,2027-06-17,254,Put,270.00,-3.15%,47.8,52.5,55.4,500,290,1.72,67.64%,66.25%,-0.355767,2026-10-06
SBUX,96.11,2026-10-09,3,Call,99.00,-3.01%,0.07,0.19,0.21,619,359,1.72,31.49%,27.44%,0.120179,2026-10-06
DELL,574,2026-10-09,3,Call,625.00,-8.89%,0.76,0.8,1.14,638,370,1.72,57.57%,61.77%,0.068508,2026-10-06
NBIS,249.87,2026-10-16,10,Call,252.50,-1.05%,11.1,11.25,11.35,753,439,1.72,80.01%,74.67%,0.494289,2026-10-06
MBLY,7.47,2027-01-15,101,Call,11.00,-47.26%,0.18,0.18,0.22,1181,685,1.72,60.09%,63.98%,0.171749,2026-10-06
MSFT,529.3,2026-10-23,17,Call,545.00,-2.97%,5.2,5.82,5.65,1415,824,1.72,29.50%,24.57%,0.309596,2026-10-06
CPB,19,2026-11-20,45,Put,21.00,+10.53%,2.1,2.09,2.5,1546,899,1.72,32.19%,32.50%,-0.797945,2026-10-06
PENG,64.21,2026-10-16,10,Call,95.00,-47.95%,0.15,0.75,0.8,1976,1150,1.72,104.38%,149.87%,0.073416,2026-10-06
NVDA,239.24,2026-10-12,6,Put,232.50,-2.82%,0.83,0.82,0.86,2003,1164,1.72,32.77%,26.19%,-0.188588,2026-10-06
TSLA,380.68,2026-10-09,3,Call,387.50,-1.79%,2.57,2.62,2.64,4244,2461,1.72,40.77%,38.11%,0.312962,2026-10-06
GRAB,3.07,2028-12-15,801,Call,4.00,-30.29%,0.85,0.91,0.91,11082,6439,1.72,52.76%,58.98%,0.600941,2026-10-06
NVDA,239.24,2026-10-09,3,Call,242.50,-1.36%,1.13,1.13,1.16,41074,23857,1.72,32.77%,27.69%,0.303189,2026-10-06
NBIS,249.87,2026-10-30,24,Put,240.00,-3.95%,11.6,13.27,13.9,608,356,1.71,80.01%,69.89%,-0.372131,2026-10-06
AVGO,375.81,2026-10-16,10,Call,367.50,+2.21%,13.95,14.2,14.35,616,361,1.71,37.59%,37.51%,0.657272,2026-10-06
WFC,81.51,2026-10-09,3,Call,81.00,+0.63%,1.1,1.16,1.18,829,486,1.71,30.02%,29.11%,0.600766,2026-10-06
META,738.88,2026-10-07,1,Put,710.00,-3.91%,0.14,0.16,0.17,1430,838,1.71,39.34%,39.63%,-0.026371,2026-10-06
SMCI,43.46,2026-10-16,10,Put,42.50,-2.21%,1.35,1.38,1.41,3024,1768,1.71,75.67%,64.79%,-0.393515,2026-10-06
TSM,482.3,2026-10-09,3,Put,477.50,-1.00%,2.95,3.03,3.2,504,297,1.7,33.26%,29.76%,-0.347301,2026-10-06
AMD,649.42,2027-09-17,346,Put,740.00,+13.95%,170,172.58,177.9,548,323,1.7,51.40%,52.39%,-0.487656,2026-10-06
OKLO,38.55,2026-10-09,3,Put,38.00,-1.43%,0.75,0.81,0.86,634,373,1.7,74.83%,76.74%,-0.403139,2026-10-06
TEAM,193.98,2026-10-09,3,Call,200.00,-3.10%,1.5,1.8,2.95,766,451,1.7,72.77%,64.63%,0.313163,2026-10-06
SECZ,12.7,2026-12-18,73,Call,15.00,-18.11%,1.6,2.15,2.3,1194,703,1.7,126.08%,120.01%,0.489234,2026-10-06
BE,295.78,2026-10-09,3,Call,295.00,+0.26%,8.15,8.77,9.35,2240,1321,1.7,78.40%,77.77%,0.530786,2026-10-06
SPCX,171.92,2026-10-12,6,Call,190.00,-10.52%,0.29,0.3,0.3,3405,2001,1.7,50.12%,49.72%,0.063415,2026-10-06
ANET,215.36,2026-10-09,3,Call,215.00,+0.17%,3.55,3.75,3.8,3706,2177,1.7,49.91%,44.42%,0.527753,2026-10-06
APO,115.95,2026-11-20,45,Put,115.00,-0.82%,5.4,6,6.3,3893,2290,1.7,39.64%,39.93%,-0.442386,2026-10-06
VZLA,3.53,2028-01-21,472,Call,4.00,-13.31%,0.65,1.04,1.35,605,357,1.69,66.24%,69.25%,0.621229,2026-10-06
DELL,574,2026-10-09,3,Call,590.00,-2.79%,5.45,6.13,7,646,382,1.69,57.57%,59.83%,0.317527,2026-10-06
BE,295.78,2026-10-09,3,Call,302.50,-2.27%,5,5.16,5.15,855,505,1.69,78.40%,73.53%,0.382489,2026-10-06
LLY,1157.49,2026-10-09,3,Call,"1,200.00",-3.67%,2.4,2.61,2.7,1043,618,1.69,37.37%,35.54%,0.13678,2026-10-06
PENG,64.21,2026-10-16,10,Put,60.00,-6.56%,3.4,3.91,4.4,1046,618,1.69,104.38%,141.51%,-0.340715,2026-10-06
SKHY,182.56,2026-10-16,10,Call,215.00,-17.77%,0.39,0.4,0.41,1370,811,1.69,52.97%,59.43%,0.054493,2026-10-06
MU,1045.56,2026-10-09,3,Put,"1,015.00",-2.92%,6,6.1,6.2,1611,954,1.69,44.88%,46.52%,-0.232343,2026-10-06
LUNR,15.06,2026-10-09,3,Put,15.00,-0.40%,0.43,0.5,0.52,1806,1067,1.69,87.96%,93.22%,-0.463107,2026-10-06
MSFT,529.3,2026-10-07,1,Put,515.00,-2.70%,0.15,0.16,0.16,2048,1209,1.69,29.50%,30.90%,-0.043939,2026-10-06
CCJ,93.02,2027-06-17,254,Put,70.00,-24.75%,3.15,3.38,4.1,600,358,1.68,46.10%,45.96%,-0.160877,2026-10-06
STX,805.63,2026-10-09,3,Put,800.00,-0.70%,14.9,16.1,16.5,953,568,1.68,64.49%,63.64%,-0.438562,2026-10-06
PENG,64.21,2026-10-16,10,Call,75.00,-16.80%,2.85,2.89,2.9,2790,1663,1.68,104.38%,152.17%,0.313269,2026-10-06
INTC,112.5,2026-10-09,3,Call,119.00,-5.78%,0.58,0.59,0.62,4161,2474,1.68,62.66%,64.02%,0.17516,2026-10-06
WING,112.2,2026-10-16,10,Call,125.00,-11.41%,0.8,0.98,1.15,538,322,1.67,69.73%,63.06%,0.164542,2026-10-06
MSFT,529.3,2026-10-09,3,Put,522.50,-1.28%,2.18,2.34,2.5,563,338,1.67,29.50%,26.65%,-0.28878,2026-10-06
NBIS,249.87,2026-10-23,17,Call,270.00,-8.06%,8.1,8.65,9.25,903,540,1.67,80.01%,74.76%,0.348865,2026-10-06
SKHY,182.56,2026-10-16,10,Call,192.50,-5.44%,2.72,2.75,2.76,1317,789,1.67,52.97%,52.37%,0.289008,2026-10-06
IREN,41.28,2027-06-17,254,Call,45.00,-9.01%,10,10.26,10.3,3509,2099,1.67,77.76%,81.55%,0.601543,2026-10-06
TSLA,380.68,2026-10-09,3,Put,367.50,-3.46%,0.99,1,1.02,3625,2172,1.67,40.77%,37.93%,-0.146749,2026-10-06
DHR,215.61,2026-10-09,3,Put,215.00,-0.28%,2.25,2.45,2.85,527,318,1.66,37.39%,36.83%,-0.457006,2026-10-06
MU,1045.56,2026-10-12,6,Put,"1,000.00",-4.36%,5.3,5.5,5.55,673,406,1.66,44.88%,39.90%,-0.18205,2026-10-06
ARM,302.56,2026-10-09,3,Call,307.50,-1.63%,5.3,5,5.6,791,476,1.66,70.27%,69.17%,0.412207,2026-10-06
VRT,253.14,2026-10-09,3,Call,260.00,-2.71%,2.39,2.5,2.72,1107,665,1.66,59.55%,56.76%,0.312785,2026-10-06
CRWD,278.86,2026-10-09,3,Call,280.00,-0.41%,4.7,4.85,4.85,1920,1159,1.66,50.46%,52.30%,0.477824,2026-10-06
NVDA,239.24,2026-11-13,38,Call,250.00,-4.50%,4.65,4.7,4.8,3376,2039,1.66,32.77%,27.95%,0.343885,2026-10-06
TSLA,380.68,2026-10-09,3,Put,372.50,-2.15%,1.9,1.9,1.94,3785,2279,1.66,40.77%,36.80%,-0.249426,2026-10-06
TSLA,380.68,2026-10-07,1,Call,370.00,+2.81%,10.9,10.9,11.2,4595,2772,1.66,40.77%,40.60%,0.912233,2026-10-06
NKE,34.61,2026-10-09,3,Call,34.50,+0.32%,0.52,0.55,0.56,5809,3498,1.66,36.63%,38.74%,0.542364,2026-10-06
XE,15.45,2027-01-15,101,Put,12.50,-19.09%,0.95,1.1,1.25,1030,624,1.65,87.91%,80.46%,-0.231148,2026-10-06
CRWD,278.86,2026-10-09,3,Call,300.00,-7.58%,0.44,0.47,0.5,1355,819,1.65,50.46%,55.17%,0.07643,2026-10-06
MRVL,287.01,2026-10-16,10,Call,305.00,-6.27%,5.3,5.54,5.7,1847,1118,1.65,59.79%,63.43%,0.302666,2026-10-06
BW,5.91,2026-11-20,45,Call,7.50,-26.90%,0.3,0.4,0.45,3210,1944,1.65,107.24%,103.30%,0.322011,2026-10-06
AAL,13,2026-10-16,10,Put,12.50,-3.85%,0.18,0.19,0.21,5415,3283,1.65,47.93%,47.16%,-0.292961,2026-10-06
BAC,54.09,2027-04-16,192,Put,47.50,-12.18%,1.5,1.59,1.59,518,316,1.64,27.41%,28.56%,-0.217686,2026-10-06
CCJ,93.02,2026-10-09,3,Call,94.00,-1.05%,1.16,1.22,1.26,698,426,1.64,46.10%,48.62%,0.416851,2026-10-06
NLY,18.42,2026-11-20,45,Call,20.00,-8.58%,0.16,0.16,0.17,1208,738,1.64,26.40%,27.87%,0.178152,2026-10-06
RKLB,75.06,2026-10-09,3,Call,81.00,-7.91%,0.34,0.37,0.4,1609,982,1.64,73.51%,76.13%,0.143573,2026-10-06
AMD,649.42,2026-10-23,17,Call,640.00,+1.45%,29.6,30.9,31.5,1687,1030,1.64,51.40%,44.93%,0.586243,2026-10-06
WFC,81.51,2028-01-21,472,Call,80.00,+1.85%,12.05,12.32,12.8,2753,1674,1.64,30.02%,30.34%,0.600795,2026-10-06
MU,1045.56,2026-10-09,3,Call,"1,150.00",-9.99%,0.78,0.77,0.79,4950,3025,1.64,44.88%,57.63%,0.03671,2026-10-06
HUT,92.22,2026-10-09,3,Call,95.00,-3.01%,1.8,1.8,2,500,306,1.63,91.97%,91.07%,0.376522,2026-10-06
KTOS,43.71,2026-10-23,17,Call,50.00,-14.39%,0.25,0.39,0.4,512,314,1.63,64.62%,52.99%,0.135096,2026-10-06
LULU,93.61,2026-10-09,3,Call,93.00,+0.65%,1.68,1.81,1.85,534,328,1.63,41.44%,42.16%,0.578696,2026-10-06
VZLA,3.53,2028-01-21,472,Call,7.00,-98.30%,0.25,0.54,0.85,605,371,1.63,66.24%,76.53%,0.387843,2026-10-06
SNDK,1660.46,2026-10-09,3,Call,"1,725.00",-3.89%,12.8,13.3,13.3,643,394,1.63,60.86%,59.57%,0.250388,2026-10-06
CRDO,220.83,2026-11-20,45,Call,260.00,-17.74%,10.5,10.6,11.2,722,443,1.63,74.28%,76.10%,0.323065,2026-10-06
NBIS,249.87,2026-10-30,24,Call,320.00,-28.07%,1.3,4,3.85,745,457,1.63,80.01%,74.72%,0.118602,2026-10-06
MRVL,287.01,2026-10-30,24,Call,260.00,+9.41%,33.7,32.88,34.55,1003,616,1.63,59.79%,60.22%,0.768352,2026-10-06
VST,160.5,2026-10-16,10,Put,150.00,-6.54%,1.19,1.3,1.33,2160,1324,1.63,49.25%,47.07%,-0.17931,2026-10-06
GME,24.76,2026-10-09,3,Call,25.00,-0.97%,0.45,0.46,0.48,21076,12951,1.63,52.41%,64.34%,0.444671,2026-10-06
MRVL,287.01,2026-10-09,3,Call,280.00,+2.44%,11.3,11.55,11.75,8850,5451,1.62,59.79%,72.63%,0.660291,2026-10-06
SKHY,182.56,2026-10-30,24,Put,180.00,-1.40%,8.55,9.1,9.6,510,314,1.62,52.97%,56.67%,-0.427159,2026-10-06
SCHW,96.8,2026-10-09,3,Call,99.00,-2.27%,0.17,0.18,0.21,588,363,1.62,29.52%,24.95%,0.165235,2026-10-06
NKE,34.61,2027-04-16,192,Call,45.00,-30.02%,1.16,1.14,1.27,665,411,1.62,36.63%,41.56%,0.229449,2026-10-06
MRVL,287.01,2026-10-09,3,Call,322.50,-12.37%,0.41,0.41,0.48,760,470,1.62,59.79%,77.82%,0.053394,2026-10-06
WDC,411.04,2026-10-09,3,Call,450.00,-9.48%,0.95,0.96,0.99,1336,824,1.62,64.25%,70.30%,0.083147,2026-10-06
BSX,42.19,2028-01-21,472,Put,45.00,+6.66%,7.7,8.06,8.5,4014,2483,1.62,43.80%,39.99%,-0.444287,2026-10-06
AMD,649.42,2026-10-09,3,Call,632.50,+2.61%,20.95,22.4,22.1,560,347,1.61,51.40%,46.99%,0.741714,2026-10-06
NKTR,39.91,2026-11-20,45,Call,60.00,-50.34%,0.25,0.42,0.65,715,445,1.61,68.28%,79.45%,0.096038,2026-10-06
DAL,83.66,2026-11-20,45,Call,92.50,-10.57%,1.43,1.7,1.85,725,449,1.61,41.58%,38.43%,0.25757,2026-10-06
CCJ,93.02,2026-10-09,3,Call,92.00,+1.10%,2.08,2.17,2.38,864,535,1.61,46.10%,49.51%,0.607883,2026-10-06
METC,8.22,2026-10-16,10,Put,7.00,-14.84%,0,0.1,0.1,1032,642,1.61,83.73%,78.04%,-0.095105,2026-10-06
RKLB,75.06,2026-10-09,3,Put,74.00,-1.41%,1.35,1.4,1.49,1336,830,1.61,73.51%,70.96%,-0.398406,2026-10-06
AMZN,256.29,2028-12-15,801,Call,105.00,+59.03%,164.55,165.92,167.6,1347,835,1.61,36.20%,49.05%,0.958898,2026-10-06
ARM,302.56,2026-10-09,3,Call,310.00,-2.46%,4.5,4.58,4.65,2203,1371,1.61,70.27%,69.49%,0.363514,2026-10-06
HOOD,112,2026-10-09,3,Call,120.00,-7.14%,0.33,0.31,0.34,12009,7452,1.61,59.12%,61.26%,0.113382,2026-10-06
MAT,15.93,2027-01-15,101,Call,20.00,-25.55%,0.25,0.57,1,12519,7771,1.61,56.08%,54.79%,0.258465,2026-10-06
SPCX,171.92,2026-10-09,3,Call,170.00,+1.12%,4.2,4.25,4.3,20122,12533,1.61,50.12%,51.21%,0.607211,2026-10-06
SNDK,1660.46,2026-10-09,3,Call,"1,895.00",-14.13%,0.85,1,1.05,560,350,1.6,60.86%,72.19%,0.023789,2026-10-06
GRAB,3.07,2026-11-06,31,Put,3.50,+14.01%,0.44,0.47,0.57,706,442,1.6,52.76%,62.50%,-0.733334,2026-10-06
NVDA,239.24,2026-11-13,38,Put,220.00,-8.04%,2.5,2.58,2.6,754,470,1.6,32.77%,31.65%,-0.182866,2026-10-06
KLAC,197.46,2026-10-30,24,Call,220.00,-11.41%,4.5,5.25,6.1,755,473,1.6,59.78%,63.76%,0.285705,2026-10-06
VST,160.5,2026-10-30,24,Call,160.00,+0.31%,8,8.28,8.7,911,571,1.6,49.25%,48.41%,0.541523,2026-10-06
RKT,11.59,2026-10-30,24,Call,12.00,-3.54%,0.5,0.59,0.68,1069,669,1.6,64.18%,63.54%,0.453734,2026-10-06
TEM,71.98,2026-10-09,3,Put,70.00,-2.75%,1.27,1.38,1.45,1117,697,1.6,79.84%,86.43%,-0.345053,2026-10-06
AVGO,375.81,2026-10-16,10,Call,405.00,-7.77%,1.79,1.93,1.99,1151,719,1.6,37.59%,41.25%,0.147158,2026-10-06
NBIS,249.87,2026-10-09,3,Call,290.00,-16.06%,0.27,0.37,0.35,1589,993,1.6,80.01%,90.69%,0.038664,2026-10-06
LULU,93.61,2026-11-20,45,Call,120.00,-28.19%,0.34,0.43,0.49,2068,1296,1.6,41.44%,44.32%,0.068565,2026-10-06
WMT,107.2,2026-10-09,3,Call,108.00,-0.75%,0.61,0.62,0.64,4646,2903,1.6,28.66%,24.75%,0.378489,2026-10-06
RKLB,75.06,2026-10-30,24,Call,78.00,-3.92%,3.1,3.8,4.5,536,338,1.59,73.51%,64.71%,0.447006,2026-10-06
JNJ,254.78,2026-10-09,3,Call,260.00,-2.05%,0.52,0.6,0.63,628,395,1.59,25.78%,24.62%,0.1865,2026-10-06
AMAT,530.27,2026-11-13,38,Put,530.00,-0.05%,34.9,35.84,38.35,715,451,1.59,54.31%,55.29%,-0.456949,2026-10-06
TSLA,380.68,2026-10-12,6,Call,395.00,-3.76%,1.7,1.72,1.75,760,479,1.59,40.77%,32.61%,0.198439,2026-10-06
AVGO,375.81,2026-10-12,6,Call,370.00,+1.55%,9.7,9.65,10.15,768,482,1.59,37.59%,34.02%,0.652076,2026-10-06
APLD,25.34,2026-10-16,10,Call,25.50,-0.63%,1.55,1.7,1.74,1165,731,1.59,88.13%,102.09%,0.521348,2026-10-06
OKLO,38.55,2026-10-09,3,Call,38.00,+1.43%,1.34,1.41,1.41,1631,1025,1.59,74.83%,77.36%,0.596594,2026-10-06
MSFT,529.3,2026-10-07,1,Put,512.50,-3.17%,0.08,0.16,0.13,1854,1163,1.59,29.50%,32.89%,-0.029606,2026-10-06
NBIS,249.87,2026-10-16,10,Call,280.00,-12.06%,3.6,3.69,3.7,4008,2522,1.59,80.01%,78.48%,0.210883,2026-10-06
GOOG,344.59,2026-10-09,3,Call,345.00,-0.12%,3.65,3.7,3.8,4386,2756,1.59,33.88%,31.09%,0.49301,2026-10-06
WMT,107.2,2026-10-09,3,Call,106.00,+1.12%,1.67,1.7,1.77,7589,4766,1.59,28.66%,25.65%,0.693638,2026-10-06
NVDA,239.24,2026-10-09,3,Put,222.50,-7.00%,0.13,0.12,0.14,14709,9316,1.58,32.77%,44.72%,-0.034682,2026-10-06
RDDT,148.95,2026-10-16,10,Call,145.00,+2.65%,6.95,7.1,7.75,529,335,1.58,66.08%,51.92%,0.643636,2026-10-06
APH,88.62,2026-11-20,45,Put,87.50,-1.26%,4.4,4.65,5,530,335,1.58,43.02%,43.84%,-0.428138,2026-10-06
INTC,112.5,2026-10-23,17,Call,114.00,-1.33%,5.8,5.9,5.95,689,436,1.58,62.66%,66.92%,0.496544,2026-10-06
UUUU,11.26,2026-10-09,3,Put,11.50,+2.13%,0.4,0.44,0.51,857,544,1.58,66.37%,78.48%,-0.601643,2026-10-06
OKLO,38.55,2026-10-09,3,Call,39.50,-2.46%,0.69,0.74,0.79,1299,821,1.58,74.83%,81.40%,0.386396,2026-10-06
MRVL,287.01,2026-10-16,10,Call,275.00,+4.18%,18.6,18.75,19,1523,965,1.58,59.79%,62.76%,0.682061,2026-10-06
VST,160.5,2026-10-16,10,Call,180.00,-12.15%,0.63,0.73,0.85,3168,2009,1.58,49.25%,54.16%,0.110422,2026-10-06
MU,1045.56,2026-10-09,3,Call,"1,065.00",-1.86%,10.15,10.3,10.45,3689,2336,1.58,44.88%,47.93%,0.34639,2026-10-06
CRWV,91.72,2026-10-09,3,Call,92.00,-0.31%,2.38,2.4,2.44,5422,3436,1.58,76.52%,76.28%,0.498052,2026-10-06
CNQ,48.1,2028-01-21,472,Call,55.00,-14.35%,3.5,4.13,5.2,578,369,1.57,31.14%,31.48%,0.416579,2026-10-06
IRM,116.5,2026-11-20,45,Call,130.00,-11.59%,1.2,1.36,1.55,690,440,1.57,33.39%,33.35%,0.192399,2026-10-06
META,738.88,2026-10-09,3,Put,735.00,-0.53%,7.05,7.06,7.45,741,471,1.57,39.34%,34.31%,-0.423569,2026-10-06
SPCX,171.92,2027-03-19,164,Call,220.00,-27.97%,9.05,9.35,9.55,1146,730,1.57,50.12%,49.57%,0.301712,2026-10-06
PENN,15.91,2027-01-15,101,Put,15.00,-5.72%,1,1.05,1.25,1410,899,1.57,51.56%,49.72%,-0.348122,2026-10-06
INTC,112.5,2026-11-06,31,Put,115.00,+2.22%,9.8,10,10,1669,1062,1.57,62.66%,66.42%,-0.501981,2026-10-06
CRWD,278.86,2026-10-09,3,Call,285.00,-2.20%,2.66,2.95,3,2222,1418,1.57,50.46%,52.15%,0.33348,2026-10-06
RKLB,75.06,2026-10-09,3,Call,76.00,-1.25%,1.5,1.55,1.58,3254,2078,1.57,73.51%,71.92%,0.439043,2026-10-06
CBRS,177.1,2026-10-09,3,Call,190.00,-7.28%,1.1,1.21,1.25,3689,2357,1.57,74.71%,79.79%,0.175806,2026-10-06
PENG,64.21,2026-10-16,10,Call,60.00,+6.56%,8.2,8.2,8.5,4400,2794,1.57,104.38%,146.10%,0.657552,2026-10-06
NCLH,15.51,2026-10-09,3,Call,15.00,+3.29%,0.56,0.62,0.69,5203,3307,1.57,53.39%,54.38%,0.760978,2026-10-06
GLW,168.97,2026-11-06,31,Call,170.00,-0.61%,11.15,12.11,12.75,551,354,1.56,60.83%,62.24%,0.528709,2026-10-06
PANW,419.91,2026-10-09,3,Call,420.00,-0.02%,7.4,8.1,8.55,576,370,1.56,53.67%,52.38%,0.510356,2026-10-06
TWST,166.97,2026-10-16,10,Put,190.00,+13.79%,25,22.95,28.3,580,371,1.56,93.75%,101.06%,-0.753676,2026-10-06
WDC,411.04,2026-10-09,3,Call,470.00,-14.34%,0.26,0.35,0.45,622,398,1.56,64.25%,78.13%,0.031966,2026-10-06
TSLA,380.68,2028-12-15,801,Put,30.00,-92.12%,0.2,0.29,0.35,638,409,1.56,40.77%,74.46%,-0.001619,2026-10-06
CRDO,220.83,2026-10-09,3,Call,225.00,-1.89%,4.1,4.33,5.1,819,525,1.56,74.28%,79.95%,0.413911,2026-10-06
SKHY,182.56,2026-10-16,10,Call,230.00,-25.99%,0.13,0.15,0.17,1759,1124,1.56,52.97%,66.48%,0.02095,2026-10-06
AAOI,130.16,2026-10-09,3,Call,135.00,-3.72%,2.55,2.7,2.9,1887,1213,1.56,99.72%,98.97%,0.359958,2026-10-06
HTZ,2.06,2026-11-06,31,Call,2.0000,+2.91%,0.23,0.34,0.36,2842,1819,1.56,127.02%,110.95%,0.603948,2026-10-06
BA,189.82,2026-10-09,3,Call,195.00,-2.73%,0.63,0.65,0.69,6247,3998,1.56,35.03%,34.75%,0.200485,2026-10-06
BLDR,56.22,2026-11-20,45,Call,75.00,-33.40%,0.45,0.45,0.5,609,393,1.55,57.03%,57.51%,0.096458,2026-10-06
ZS,212.25,2026-10-09,3,Call,217.50,-2.47%,2.26,2.6,2.86,665,429,1.55,52.53%,60.54%,0.340181,2026-10-06
AAPL,333.63,2029-01-19,836,Call,170.00,+49.05%,182.5,183.75,187,830,534,1.55,25.02%,39.14%,0.939286,2026-10-06
EL,93.36,2026-11-20,45,Call,100.00,-7.11%,3.5,3.8,3.9,1117,721,1.55,45.18%,47.25%,0.376584,2026-10-06
FSLR,179.8,2026-10-09,3,Call,185.00,-2.89%,1.42,1.51,1.52,1264,818,1.55,56.34%,52.28%,0.283945,2026-10-06
NVDA,239.24,2027-04-16,192,Put,210.00,-12.22%,10.65,10.85,11,3100,2005,1.55,32.77%,37.09%,-0.247819,2026-10-06
NBIS,249.87,2026-10-16,10,Call,260.00,-4.05%,8.25,8.3,8.35,4064,2628,1.55,80.01%,75.06%,0.401599,2026-10-06
NBIS,249.87,2026-10-09,3,Call,240.00,+3.95%,12.95,13.07,13.15,5438,3505,1.55,80.01%,78.81%,0.727198,2026-10-06
ALAB,389.8,2026-10-09,3,Put,340.00,-12.78%,0.4,0.63,0.87,506,328,1.54,85.18%,91.91%,-0.045935,2026-10-06
NNE,16.49,2026-11-20,45,Call,18.00,-9.16%,1,1.08,1.15,535,348,1.54,71.75%,70.43%,0.416513,2026-10-06
MSFT,529.3,2026-10-09,3,Call,547.50,-3.44%,0.56,0.63,0.65,682,443,1.54,29.50%,28.13%,0.096348,2026-10-06
ASTS,63.12,2026-10-09,3,Put,61.00,-3.36%,0.86,0.89,0.98,1455,942,1.54,80.85%,79.76%,-0.304133,2026-10-06
AAPL,333.63,2026-10-12,6,Call,340.00,-1.91%,1.05,1.25,1.38,1555,1013,1.54,25.02%,20.09%,0.242349,2026-10-06
AMD,649.42,2026-10-09,3,Put,610.00,-6.07%,0.99,1.03,1.07,1640,1067,1.54,51.40%,49.49%,-0.077107,2026-10-06
GOOGL,347.68,2026-10-09,3,Put,342.50,-1.49%,1.51,1.75,1.85,1701,1102,1.54,33.81%,29.97%,-0.282395,2026-10-06
PENG,64.21,2026-10-16,10,Put,50.00,-22.13%,0.85,0.86,0.9,2906,1882,1.54,104.38%,137.50%,-0.111769,2026-10-06
ASTS,63.12,2026-10-09,3,Call,66.00,-4.56%,0.82,0.84,0.92,3278,2124,1.54,80.85%,84.84%,0.29543,2026-10-06
NVDA,239.24,2026-10-07,1,Call,237.50,+0.73%,2.44,2.43,2.5,10881,7060,1.54,32.77%,28.49%,0.692669,2026-10-06
NOK,10.97,2026-10-09,3,Call,11.00,-0.27%,0.24,0.24,0.25,13824,8949,1.54,63.12%,65.09%,0.494797,2026-10-06
OZK,44.58,2026-10-16,10,Put,45.00,+0.94%,1.2,1.41,2.05,1219,797,1.53,30.23%,47.50%,-0.531757,2026-10-06
SU,68.22,2026-11-20,45,Call,75.00,-9.94%,1.05,1.13,1.2,1495,978,1.53,33.74%,34.87%,0.241862,2026-10-06
LQDA,25.91,2026-10-16,10,Put,22.00,-15.09%,0.8,0.9,1.05,1576,1032,1.53,119.25%,152.20%,-0.217954,2026-10-06
MU,1045.56,2026-10-09,3,Put,"1,025.00",-1.97%,8.7,8.71,8.95,1774,1162,1.53,44.88%,46.18%,-0.307869,2026-10-06
TSLA,380.68,2026-10-07,1,Put,362.50,-4.78%,0.09,0.1,0.1,2434,1593,1.53,40.77%,48.41%,-0.025723,2026-10-06
CSCO,117.94,2026-10-09,3,Call,116.00,+1.64%,2.5,2.59,2.72,3745,2443,1.53,39.21%,33.51%,0.714873,2026-10-06
SKHY,182.56,2026-10-09,3,Put,175.00,-4.14%,1.13,1.14,1.15,4115,2696,1.53,52.97%,58.64%,-0.203982,2026-10-06
TXG,80.66,2026-10-16,10,Call,95.00,-17.78%,1.4,1.4,2,620,407,1.52,99.10%,112.14%,0.216773,2026-10-06
RDW,10.62,2026-10-09,3,Call,11.00,-3.58%,0.2,0.2,0.3,1431,942,1.52,88.21%,105.22%,0.375411,2026-10-06
CRWV,91.72,2026-10-09,3,Put,89.00,-2.97%,1.27,1.32,1.38,1527,1003,1.52,76.52%,75.24%,-0.315757,2026-10-06
AVGO,375.81,2026-10-16,10,Call,395.00,-5.11%,3.15,3.25,3.45,1597,1049,1.52,37.59%,39.44%,0.236699,2026-10-06
AAOI,130.16,2026-10-09,3,Call,140.00,-7.56%,1.4,1.59,2,1775,1166,1.52,99.72%,106.40%,0.240692,2026-10-06
AAL,13,2026-10-23,17,Call,13.00,0.00%,0.6,0.6,0.63,1784,1170,1.52,47.93%,54.84%,0.524203,2026-10-06
IREN,41.28,2026-10-16,10,Call,46.00,-11.43%,0.54,0.56,0.58,2021,1330,1.52,77.76%,74.00%,0.207821,2026-10-06
CRWD,278.86,2026-10-09,3,Call,290.00,-3.99%,1.55,1.66,1.69,2766,1818,1.52,50.46%,53.04%,0.216497,2026-10-06
ARM,302.56,2026-10-09,3,Call,330.00,-9.07%,1.05,1.07,1.09,2842,1867,1.52,70.27%,75.64%,0.109884,2026-10-06
TSLA,380.68,2026-10-09,3,Call,392.50,-3.10%,1.45,1.48,1.49,3066,2012,1.52,40.77%,38.82%,0.199846,2026-10-06
TSLA,380.68,2026-10-09,3,Call,370.00,+2.81%,12.2,12.4,12.45,7154,4693,1.52,40.77%,38.70%,0.798946,2026-10-06
NBIS,249.87,2026-10-16,10,Call,250.00,-0.05%,12.2,12.3,12.3,8518,5610,1.52,80.01%,73.90%,0.526159,2026-10-06
SNDK,1660.46,2026-10-09,3,Put,"1,700.00",+2.38%,57.8,58.1,58.5,1243,825,1.51,60.86%,57.97%,-0.661842,2026-10-06
PENG,64.21,2026-10-16,10,Put,55.00,-14.34%,1.95,2.1,2.1,1829,1209,1.51,104.38%,139.11%,-0.214264,2026-10-06
PENG,64.21,2026-10-16,10,Put,45.00,-29.92%,0.25,0.3,0.35,1843,1222,1.51,104.38%,136.90%,-0.045844,2026-10-06
CAVA,52.64,2026-11-20,45,Put,50.00,-5.02%,3.2,3.32,3.4,2055,1358,1.51,61.95%,64.10%,-0.359867,2026-10-06
NBIS,249.87,2026-10-16,10,Put,240.00,-3.95%,7.45,7.53,7.55,2151,1426,1.51,80.01%,73.50%,-0.344736,2026-10-06
NCLH,15.51,2026-11-20,45,Call,17.00,-9.61%,0.65,0.67,0.69,2899,1923,1.51,53.39%,55.13%,0.362525,2026-10-06
INTC,112.5,2026-10-07,1,Put,117.00,+4.00%,4.65,4.73,4.8,3975,2633,1.51,62.66%,64.31%,-0.874542,2026-10-06
MU,1045.56,2026-10-09,3,Call,"1,080.00",-3.29%,6.25,6.33,6.45,4161,2751,1.51,44.88%,48.53%,0.239594,2026-10-06
BILI,14.9,2028-01-21,472,Call,20.00,-34.23%,2.22,2.32,2.43,524,350,1.5,48.66%,53.28%,0.465271,2026-10-06
META,738.88,2026-10-07,1,Put,712.50,-3.57%,0.18,0.19,0.22,575,383,1.5,39.34%,38.35%,-0.033952,2026-10-06
WELL,225.78,2027-05-21,227,Put,230.00,+1.87%,17.3,18.28,19,598,399,1.5,26.39%,25.01%,-0.474825,2026-10-06
NOW,137.97,2026-10-09,3,Call,139.00,-0.75%,2.27,2.42,2.37,665,442,1.5,55.74%,55.62%,0.45384,2026-10-06
ORCL,144.77,2026-10-30,24,Put,140.00,-3.29%,5.4,5.52,5.6,1971,1311,1.5,51.14%,53.22%,-0.372761,2026-10-06
BX,113.36,2026-11-20,45,Put,115.00,+1.45%,7.05,7.65,8.05,3222,2153,1.5,39.76%,41.93%,-0.508663,2026-10-06
SPCX,171.92,2026-10-16,10,Put,165.00,-4.03%,2.34,2.36,2.36,8363,5587,1.5,50.12%,46.17%,-0.278271,2026-10-06
ONDS,7.41,2026-10-09,3,Call,7.50,-1.21%,0.13,0.14,0.14,11096,7406,1.5,73.20%,65.05%,0.432568,2026-10-06
CRWD,278.86,2026-10-09,3,Put,265.00,-4.97%,0.88,0.93,0.97,747,502,1.49,50.46%,52.44%,-0.135174,2026-10-06
HOOD,112,2026-10-23,17,Call,115.00,-2.68%,3.9,3.95,4,751,503,1.49,59.12%,53.58%,0.438353,2026-10-06
COIN,185.74,2026-10-09,3,Put,185.00,-0.40%,3.75,3.91,4.05,1798,1204,1.49,62.93%,63.93%,-0.459216,2026-10-06
PACB,2.7,2026-12-18,73,Call,4.00,-48.15%,0.1,0.18,0.2,639,432,1.48,122.02%,98.61%,0.256938,2026-10-06
CBRS,177.1,2026-10-09,3,Put,167.50,-5.42%,0.9,1.1,1.25,757,510,1.48,74.71%,68.63%,-0.17579,2026-10-06
MRVL,287.01,2026-10-09,3,Put,257.50,-10.28%,0.49,0.49,0.57,988,667,1.48,59.79%,78.47%,-0.058816,2026-10-06
MU,1045.56,2026-10-09,3,Call,"1,170.00",-11.90%,0.4,0.46,0.51,990,671,1.48,44.88%,60.45%,0.021773,2026-10-06
UUUU,11.26,2026-10-09,3,Call,11.00,+2.31%,0.36,0.4,0.48,2301,1554,1.48,66.37%,66.57%,0.663713,2026-10-06
TSLA,380.68,2026-10-09,3,Put,377.50,-0.84%,3.45,3.55,3.55,3794,2560,1.48,40.77%,36.27%,-0.389824,2026-10-06
APH,88.62,2026-11-20,45,Call,90.00,-1.56%,4.7,4.9,5.1,6688,4530,1.48,43.02%,43.21%,0.500392,2026-10-06
QBTS,15.79,2026-10-09,3,Call,15.50,+1.84%,0.51,0.52,0.55,662,450,1.47,70.63%,64.29%,0.63785,2026-10-06
ASTS,63.12,2026-10-09,3,Call,69.00,-9.32%,0.32,0.42,0.4,773,525,1.47,80.85%,88.60%,0.143469,2026-10-06
BABA,109.26,2026-10-09,3,Put,109.00,-0.24%,1.41,1.55,1.53,885,602,1.47,41.07%,40.48%,-0.466563,2026-10-06
HTZ,2.06,2026-10-09,3,Put,2.0000,-2.91%,0.11,0.15,0.14,2171,1477,1.47,127.02%,209.28%,-0.400487,2026-10-06
AMZN,256.29,2026-10-09,3,Call,245.00,+4.41%,11.55,11.65,11.9,2521,1719,1.47,36.20%,37.40%,0.912289,2026-10-06
VST,160.5,2026-10-30,24,Call,175.00,-9.03%,3,3.2,3.3,526,361,1.46,49.25%,48.99%,0.271363,2026-10-06
UUUU,11.26,2026-10-23,17,Put,10.00,-11.19%,0.13,0.15,0.2,528,362,1.46,66.37%,65.62%,-0.178728,2026-10-06
ORCL,144.77,2026-10-30,24,Call,152.50,-5.34%,4.8,4.89,4.95,596,408,1.46,51.14%,53.20%,0.381336,2026-10-06
DELL,574,2026-10-09,3,Put,540.00,-5.92%,1.71,2.03,1.93,797,547,1.46,57.57%,58.59%,-0.118802,2026-10-06
GME,24.76,2026-10-09,3,Put,25.50,+2.99%,0.94,1.15,1.13,1068,731,1.46,52.41%,64.94%,-0.681811,2026-10-06
META,738.88,2026-10-09,3,Call,765.00,-3.54%,1.96,2.05,2.1,1084,744,1.46,39.34%,37.21%,0.157646,2026-10-06
HOOD,112,2026-10-09,3,Put,112.00,0.00%,2.2,2.22,2.24,2739,1879,1.46,59.12%,55.21%,-0.487959,2026-10-06
MSTR,164.55,2026-10-09,3,Call,190.00,-15.47%,0.16,0.18,0.19,3074,2111,1.46,64.32%,85.77%,0.03543,2026-10-06
ORCL,144.77,2026-10-09,3,Call,145.00,-0.16%,2.51,2.56,2.56,5947,4063,1.46,51.14%,50.28%,0.496951,2026-10-06
TSLA,380.68,2026-10-09,3,Call,382.50,-0.48%,4.35,4.4,4.45,12872,8899,1.45,40.77%,37.72%,0.455,2026-10-06
ZS,212.25,2026-10-09,3,Put,190.00,-10.48%,0.05,0.13,0.33,504,348,1.45,52.53%,68.94%,-0.035313,2026-10-06
TSM,482.3,2026-10-16,10,Put,470.00,-2.55%,5.95,5.95,6.4,564,388,1.45,33.26%,36.31%,-0.318284,2026-10-06
WDC,411.04,2026-10-16,10,Call,490.00,-19.21%,1.23,1.28,1.28,636,438,1.45,64.25%,67.35%,0.06536,2026-10-06
AMAT,530.27,2026-11-20,45,Put,530.00,-0.05%,37.95,40.5,41.15,778,535,1.45,54.31%,55.00%,-0.453592,2026-10-06
QUBT,7.86,2026-10-09,3,Call,8.00,-1.78%,0.11,0.12,0.12,781,538,1.45,65.41%,61.11%,0.387728,2026-10-06
SPCX,171.92,2026-10-16,10,Put,180.00,+4.70%,10.25,10.4,10.35,814,563,1.45,50.12%,46.91%,-0.707253,2026-10-06
HPE,70.48,2026-10-09,3,Call,71.00,-0.74%,1.3,1.48,1.51,836,575,1.45,58.11%,64.27%,0.463046,2026-10-06
MRVL,287.01,2026-11-20,45,Put,300.00,+4.53%,30.15,30.5,30.8,1249,862,1.45,59.79%,58.94%,-0.537754,2026-10-06
NBIS,249.87,2026-10-16,10,Put,230.00,-7.95%,4.2,4.25,4.3,2667,1839,1.45,80.01%,73.60%,-0.226949,2026-10-06
IREN,41.28,2026-10-09,3,Call,41.50,-0.53%,0.97,1.02,1.02,4149,2864,1.45,77.76%,73.19%,0.483201,2026-10-06
SNAP,5.78,2026-12-18,73,Put,6.00,+3.81%,0.76,0.76,0.81,883,612,1.44,71.23%,66.27%,-0.483828,2026-10-06
DNA,12.41,2026-10-16,10,Put,13.00,+4.75%,1,1.25,1.75,956,666,1.44,120.89%,126.79%,-0.544856,2026-10-06
GLW,168.97,2026-10-30,24,Put,140.00,-17.15%,1.48,1.67,1.67,1173,817,1.44,60.83%,64.47%,-0.108917,2026-10-06
NBIS,249.87,2026-10-09,3,Call,230.00,+7.95%,20.8,21.3,21.4,1603,1117,1.44,80.01%,81.55%,0.877416,2026-10-06
AG,17.54,2026-10-09,3,Call,18.00,-2.62%,0.16,0.17,0.2,1767,1227,1.44,55.97%,56.49%,0.317659,2026-10-06
QBTS,15.79,2026-10-09,3,Call,16.00,-1.33%,0.27,0.29,0.3,2288,1588,1.44,70.63%,65.89%,0.426226,2026-10-06
NVDA,239.24,2026-10-16,10,Call,242.50,-1.36%,2.93,2.95,2.99,9298,6466,1.44,32.77%,27.09%,0.398073,2026-10-06
GEMI,4.67,2026-10-30,24,Put,5.00,+7.07%,0.6,0.65,0.7,588,411,1.43,105.02%,96.10%,-0.558363,2026-10-06
MSFT,529.3,2026-10-09,3,Call,557.50,-5.33%,0.1,0.19,0.22,679,475,1.43,29.50%,29.88%,0.029179,2026-10-06
AVGO,375.81,2026-10-30,24,Call,385.00,-2.45%,10.55,10.55,10.85,817,572,1.43,37.59%,37.35%,0.427421,2026-10-06
ORCL,144.77,2026-10-09,3,Put,141.00,-2.60%,1.31,1.34,1.35,1005,702,1.43,51.14%,54.83%,-0.287925,2026-10-06
ANET,215.36,2026-10-09,3,Call,220.00,-2.15%,1.61,1.7,1.75,1304,911,1.43,49.91%,44.48%,0.308309,2026-10-06
HOOD,112,2026-10-16,10,Call,114.00,-1.79%,3.1,3.18,3.25,1807,1268,1.43,59.12%,54.26%,0.4442,2026-10-06
META,738.88,2026-10-09,3,Call,740.00,-0.15%,9.05,9.05,9.4,2627,1841,1.43,39.34%,36.16%,0.491701,2026-10-06
PAAS,45.92,2029-01-19,836,Call,25.00,+45.56%,23.9,23.68,25.1,578,408,1.42,48.02%,51.89%,0.870807,2026-10-06
FLY,22.83,2026-10-09,3,Call,24.00,-5.12%,0.25,0.35,0.6,579,407,1.42,93.34%,104.91%,0.317516,2026-10-06
MRVL,287.01,2026-10-16,10,Put,265.00,-7.67%,3.45,3.75,3.75,984,691,1.42,59.79%,62.91%,-0.204042,2026-10-06
DVN,48.02,2028-01-21,472,Put,37.50,-21.91%,1.41,2.75,3.55,1163,817,1.42,37.24%,35.57%,-0.189503,2026-10-06
NB,3.52,2026-10-09,3,Call,1.50,+57.39%,1.9,2,2.1,1272,894,1.42,89.45%,482.19%,0.985015,2026-10-06
NB,3.52,2026-10-09,3,Call,1.00,+71.59%,2.4,2.5,2.65,1274,898,1.42,89.45%,623.96%,0.993927,2026-10-06
DELL,574,2026-10-09,3,Call,570.00,+0.70%,13.35,15.05,15.05,1328,932,1.42,57.57%,58.05%,0.565355,2026-10-06
SPCX,171.92,2026-10-12,6,Call,170.00,+1.12%,4.75,4.75,4.85,3233,2269,1.42,50.12%,42.30%,0.597161,2026-10-06
WMT,107.2,2026-10-09,3,Call,110.00,-2.61%,0.15,0.15,0.16,5486,3855,1.42,28.66%,24.75%,0.129875,2026-10-06
PLTR,192.07,2026-10-09,3,Put,190.00,-1.08%,2.13,2.16,2.17,9926,6983,1.42,52.14%,44.83%,-0.384524,2026-10-06
PLTR,192.07,2026-10-16,10,Call,202.50,-5.43%,1.75,1.8,1.81,537,382,1.41,52.14%,41.68%,0.236805,2026-10-06
AMD,649.42,2026-10-09,3,Call,695.00,-7.02%,0.94,0.99,1,659,467,1.41,51.40%,50.68%,0.074039,2026-10-06
TTD,11.92,2027-09-17,346,Call,12.50,-4.87%,2.84,3.15,3.2,786,557,1.41,74.24%,67.04%,0.62405,2026-10-06
VST,160.5,2026-12-18,73,Call,200.00,-24.61%,3.65,3.82,4.1,1027,726,1.41,49.25%,51.29%,0.207318,2026-10-06
MU,1045.56,2026-10-16,10,Call,"1,065.00",-1.86%,22.4,22.6,22.85,1060,752,1.41,44.88%,44.42%,0.420903,2026-10-06
RDW,10.62,2026-10-16,10,Call,11.00,-3.58%,0.4,0.5,0.5,3707,2633,1.41,88.21%,86.53%,0.433902,2026-10-06
GLW,168.97,2026-10-09,3,Call,167.50,+0.87%,4.25,4.1,4.95,521,372,1.4,60.83%,62.39%,0.574327,2026-10-06
INTR,7.03,2026-11-20,45,Call,7.50,-6.69%,0.3,0.4,0.45,655,468,1.4,59.86%,58.00%,0.407556,2026-10-06
PLTR,192.07,2026-10-16,10,Call,207.50,-8.03%,0.94,0.96,0.98,980,700,1.4,52.14%,42.02%,0.144332,2026-10-06
MU,1045.56,2026-10-12,6,Call,"1,150.00",-9.99%,1.4,1.4,1.45,1025,733,1.4,44.88%,45.58%,0.055985,2026-10-06
BBWI,17.93,2026-11-20,45,Call,17.50,+2.40%,1.65,1.75,1.85,1622,1155,1.4,58.34%,62.05%,0.584199,2026-10-06
TSM,482.3,2026-10-09,3,Call,485.00,-0.56%,4.1,4.05,4.4,1667,1192,1.4,33.26%,31.11%,0.430654,2026-10-06
SPCX,171.92,2026-11-20,45,Put,165.00,-4.03%,8.45,8.58,8.6,3539,2533,1.4,50.12%,50.85%,-0.366379,2026-10-06
TSM,482.3,2026-11-20,45,Call,500.00,-3.67%,15.45,15.83,15.85,5052,3609,1.4,33.26%,33.01%,0.413234,2026-10-06
SPCX,171.92,2026-12-18,73,Put,160.00,-6.93%,8.85,8.85,9,5106,3652,1.4,50.12%,49.34%,-0.320973,2026-10-06
TSLA,380.68,2026-10-07,1,Call,375.00,+1.49%,6.55,6.55,6.7,6076,4336,1.4,40.77%,36.95%,0.786008,2026-10-06
ORCL,144.77,2026-11-20,45,Call,165.00,-13.97%,4.1,4.15,4.25,9178,6596,1.39,51.14%,52.93%,0.275921,2026-10-06
AMD,649.42,2026-12-18,73,Call,950.00,-46.28%,4.7,5.55,5.9,518,373,1.39,51.40%,54.69%,0.080721,2026-10-06
SNDK,1660.46,2026-10-09,3,Put,"1,690.00",+1.78%,51.1,57.6,52.3,537,385,1.39,60.86%,58.23%,-0.619153,2026-10-06
TSCO,32.29,2026-10-09,3,Call,33.50,-3.75%,0.05,0.15,0.2,554,400,1.39,44.12%,43.76%,0.182516,2026-10-06
CPRT,26.82,2026-12-18,73,Call,30.00,-11.86%,0.6,0.75,0.8,588,422,1.39,35.54%,35.76%,0.284062,2026-10-06
USAR,13.74,2026-10-16,10,Call,14.00,-1.89%,0.47,0.48,0.5,714,515,1.39,73.52%,65.54%,0.456691,2026-10-06
RDDT,148.95,2026-10-09,3,Put,150.00,+0.70%,3.4,3.92,4.2,1380,991,1.39,66.08%,60.53%,-0.538269,2026-10-06
SKHY,182.56,2026-10-09,3,Put,177.50,-2.77%,1.71,1.73,1.79,1413,1013,1.39,52.97%,57.87%,-0.285238,2026-10-06
CLSK,12.29,2026-10-16,10,Call,13.00,-5.78%,0.33,0.34,0.4,2388,1722,1.39,76.68%,78.57%,0.359913,2026-10-06
CRML,7.36,2026-10-16,10,Put,7.00,-4.89%,0.25,0.3,0.35,3283,2369,1.39,100.22%,97.26%,-0.345437,2026-10-06
SPCX,171.92,2026-10-16,10,Call,195.00,-13.42%,0.49,0.53,0.52,5232,3766,1.39,50.12%,51.75%,0.07849,2026-10-06
LUNR,15.06,2026-10-09,3,Put,14.00,-7.04%,0.1,0.14,0.17,1143,831,1.38,87.96%,94.39%,-0.184287,2026-10-06
APLD,25.34,2026-10-09,3,Call,25.50,-0.63%,1.36,1.38,1.4,1612,1165,1.38,88.13%,158.39%,0.512038,2026-10-06
AAPL,333.63,2026-10-09,3,Put,327.50,-1.84%,0.81,0.82,0.88,3817,2764,1.38,25.02%,24.90%,-0.199173,2026-10-06
PACB,2.7,2026-10-16,10,Call,3.00,-11.11%,0.05,0.1,0.2,6899,5017,1.38,122.02%,130.83%,0.354424,2026-10-06
NVDA,239.24,2026-10-12,6,Call,240.00,-0.32%,2.57,2.6,2.62,8483,6157,1.38,32.77%,23.64%,0.471794,2026-10-06
AAPL,333.63,2026-10-16,10,Put,330.00,-1.09%,3.2,3.25,3.35,18719,13543,1.38,25.02%,22.79%,-0.370532,2026-10-06
HOOD,112,2026-10-09,3,Call,116.00,-3.57%,0.93,0.93,0.94,9441,6883,1.37,59.12%,58.65%,0.265165,2026-10-06
RKLB,75.06,2026-10-16,10,Call,76.00,-1.25%,2.85,2.92,3.05,1106,806,1.37,73.51%,67.49%,0.481637,2026-10-06
ARCC,18.64,2027-03-19,164,Put,17.00,-8.80%,0.45,0.6,0.65,1303,948,1.37,18.55%,22.24%,-0.287493,2026-10-06
AMD,649.42,2026-10-16,10,Call,650.00,-0.09%,19.2,19.35,19.5,4334,3171,1.37,51.40%,45.01%,0.515782,2026-10-06
MRVL,287.01,2026-10-16,10,Call,350.00,-21.95%,0.54,0.53,0.69,4768,3492,1.37,59.79%,68.95%,0.047236,2026-10-06
RDW,10.62,2026-10-16,10,Call,12.00,-12.99%,0.15,0.17,0.2,4891,3572,1.37,88.21%,85.78%,0.217105,2026-10-06
WFC,81.51,2026-10-09,3,Call,83.00,-1.83%,0.23,0.26,0.31,646,475,1.36,30.02%,26.96%,0.234479,2026-10-06
CRDO,220.83,2026-10-09,3,Call,230.00,-4.15%,2.7,3.15,3.3,888,655,1.36,74.28%,80.64%,0.30304,2026-10-06
UUUU,11.26,2026-10-16,10,Call,12.00,-6.57%,0.2,0.21,0.22,2125,1560,1.36,66.37%,63.92%,0.295023,2026-10-06
LION,11.35,2026-12-18,73,Put,9.00,-20.70%,0,0.28,0.6,2500,1836,1.36,62.19%,62.14%,-0.158888,2026-10-06
TSLA,380.68,2026-10-16,10,Call,382.50,-0.48%,8.85,8.9,9,2728,2009,1.36,40.77%,38.19%,0.489227,2026-10-06
AAOI,130.16,2026-10-09,3,Call,145.00,-11.40%,0.75,0.85,1,3339,2448,1.36,99.72%,106.20%,0.142306,2026-10-06
MSFT,529.3,2026-10-09,3,Call,540.00,-2.02%,1.52,1.63,1.69,10084,7425,1.36,29.50%,27.37%,0.216571,2026-10-06
NKE,34.61,2026-10-09,3,Call,35.00,-1.13%,0.3,0.32,0.32,11419,8427,1.36,36.63%,38.20%,0.379002,2026-10-06
IREN,41.28,2026-10-09,3,Call,45.00,-9.01%,0.17,0.18,0.18,6402,4755,1.35,77.76%,79.26%,0.12293,2026-10-06
GOOGL,347.68,2026-10-09,3,Call,350.00,-0.67%,2.95,3,3.05,15526,11533,1.35,33.81%,31.80%,0.4184,2026-10-06
SOFI,15.76,2026-10-09,3,Call,16.00,-1.52%,0.15,0.16,0.16,17989,13340,1.35,50.01%,44.49%,0.364413,2026-10-06
DELL,574,2026-10-09,3,Call,605.00,-5.40%,2.58,2.92,3.2,560,415,1.35,57.57%,60.15%,0.175611,2026-10-06
GOOGL,347.68,2026-10-12,6,Call,347.50,+0.05%,4.6,4.75,4.8,590,438,1.35,33.81%,25.34%,0.520153,2026-10-06
MU,1045.56,2026-10-09,3,Call,"1,135.00",-8.55%,1.09,1.09,1.14,623,463,1.35,44.88%,54.67%,0.052081,2026-10-06
INTC,112.5,2026-10-14,8,Call,116.00,-3.11%,2.24,2.53,2.59,640,475,1.35,62.66%,57.63%,0.379132,2026-10-06
RIVN,14.51,2026-10-23,17,Call,14.00,+3.51%,0.88,0.91,1,1095,811,1.35,59.50%,51.97%,0.652212,2026-10-06
INTC,112.5,2026-10-07,1,Put,118.00,+4.89%,5.55,5.73,5.7,1107,817,1.35,62.66%,63.84%,-0.921232,2026-10-06
CBRS,177.1,2026-10-30,24,Call,200.00,-12.93%,5,5.4,6,1143,849,1.35,74.71%,72.48%,0.291945,2026-10-06
INTC,112.5,2026-10-07,1,Put,107.00,-4.89%,0.11,0.13,0.12,1247,927,1.35,62.66%,64.92%,-0.067509,2026-10-06
RZLV,2.15,2027-02-19,136,Call,3.00,-39.53%,0.15,0.15,0.2,1439,1063,1.35,74.78%,77.29%,0.330952,2026-10-06
MSTR,164.55,2026-10-16,10,Call,165.00,-0.27%,6.5,6.53,6.65,3945,2914,1.35,64.32%,61.74%,0.51388,2026-10-06
GOOGL,347.68,2026-10-30,24,Call,345.00,+0.77%,14.9,14.9,15.2,4166,3089,1.35,33.81%,37.39%,0.560946,2026-10-06
MSTR,164.55,2026-10-09,3,Put,160.00,-2.77%,1.86,1.9,1.91,5297,3934,1.35,64.32%,63.79%,-0.302004,2026-10-06
AMD,649.42,2026-10-09,3,Put,587.50,-9.53%,0.22,0.28,0.32,513,382,1.34,51.40%,55.63%,-0.021812,2026-10-06
WMB,72.39,2026-10-30,24,Put,67.00,-7.45%,0.3,0.41,0.65,526,393,1.34,30.11%,30.96%,-0.153104,2026-10-06
CPRT,26.82,2027-03-19,164,Call,27.50,-2.54%,2.15,2.5,2.65,535,398,1.34,35.54%,34.59%,0.535506,2026-10-06
CLX,83.52,2028-01-21,472,Put,70.00,-16.19%,6.1,6.68,8.3,689,515,1.34,36.85%,37.28%,-0.260287,2026-10-06
VKTX,28.38,2026-10-09,3,Put,28.00,-1.34%,0.45,0.6,0.6,756,564,1.34,68.16%,68.88%,-0.400732,2026-10-06
CHTR,108.64,2027-03-19,164,Call,200.00,-84.09%,1.5,2.47,3.1,966,719,1.34,68.07%,63.53%,0.119788,2026-10-06
LEN,77.41,2026-11-20,45,Call,90.00,-16.26%,0.8,0.91,1,1031,767,1.34,41.57%,40.53%,0.164153,2026-10-06
TSM,482.3,2026-10-16,10,Call,485.00,-0.56%,10.55,10.75,10.95,1352,1008,1.34,33.26%,37.15%,0.481581,2026-10-06
PFE,27.5,2026-10-09,3,Call,27.00,+1.82%,0.54,0.6,0.62,1640,1227,1.34,25.39%,26.42%,0.780471,2026-10-06
GME,24.76,2026-10-09,3,Put,25.00,+0.97%,0.64,0.67,0.77,1899,1422,1.34,52.41%,63.90%,-0.555595,2026-10-06
AMD,649.42,2026-10-09,3,Put,620.00,-4.53%,1.96,2,2.12,2111,1578,1.34,51.40%,48.30%,-0.138441,2026-10-06
PCG,12.5,2026-10-16,10,Call,12.50,0.00%,0.29,0.3,0.31,2483,1847,1.34,47.13%,35.90%,0.51586,2026-10-06
LQDA,25.91,2026-10-16,10,Put,15.00,-42.11%,0.15,0.17,0.2,4694,3510,1.34,119.25%,212.16%,-0.041378,2026-10-06
HOOD,112,2026-10-09,3,Call,113.00,-0.89%,1.85,1.89,1.89,5468,4085,1.34,59.12%,57.04%,0.444376,2026-10-06
GLW,168.97,2026-10-09,3,Put,157.50,-6.79%,0.33,0.41,0.5,524,395,1.33,60.83%,60.33%,-0.093885,2026-10-06
GOOGL,347.68,2026-10-14,8,Call,350.00,-0.67%,4.5,4.7,4.8,546,410,1.33,33.81%,27.25%,0.450262,2026-10-06
ASTS,63.12,2026-10-16,10,Call,66.00,-4.56%,1.9,2.02,2.11,580,435,1.33,80.85%,75.55%,0.387524,2026-10-06
PANW,419.91,2026-10-09,3,Call,450.00,-7.17%,0.69,0.73,0.86,731,551,1.33,53.67%,54.12%,0.083854,2026-10-06
AAL,13,2026-10-30,24,Call,14.00,-7.69%,0.27,0.32,0.34,783,587,1.33,47.93%,50.13%,0.305163,2026-10-06
MRNA,187.46,2026-10-09,3,Put,160.00,-14.65%,0.15,0.22,0.22,1015,763,1.33,92.47%,94.45%,-0.028987,2026-10-06
SPCX,171.92,2026-10-30,24,Put,160.00,-6.93%,3.2,3.25,3.3,1195,899,1.33,50.12%,46.78%,-0.249022,2026-10-06
META,738.88,2026-10-07,1,Put,715.00,-3.23%,0.23,0.28,0.28,1259,948,1.33,39.34%,36.95%,-0.043342,2026-10-06
MRNA,187.46,2026-10-09,3,Put,165.00,-11.98%,0.44,0.45,0.48,1446,1086,1.33,92.47%,95.05%,-0.063317,2026-10-06
ASTS,63.12,2026-10-09,3,Call,63.00,+0.19%,1.88,1.94,2,2660,1995,1.33,80.85%,81.99%,0.526737,2026-10-06
PLTR,192.07,2026-10-30,24,Call,200.00,-4.13%,5.25,5.3,5.3,3288,2463,1.33,52.14%,42.33%,0.384024,2026-10-06
TSLA,380.68,2026-10-09,3,Put,365.00,-4.12%,0.72,0.73,0.74,5226,3920,1.33,40.77%,38.81%,-0.110969,2026-10-06
MRVL,287.01,2026-10-09,3,Put,260.00,-9.41%,0.64,0.65,0.71,5890,4433,1.33,59.79%,77.17%,-0.07327,2026-10-06
INTC,112.5,2026-10-16,10,Call,125.00,-11.11%,1.01,1.02,1.05,17455,13186,1.32,62.66%,63.08%,0.171554,2026-10-06
ATOM,4.46,2026-11-20,45,Call,7.50,-68.16%,0.1,0.2,0.25,500,378,1.32,128.84%,131.65%,0.188692,2026-10-06
CRWD,278.86,2026-10-09,3,Call,310.00,-11.17%,0.06,0.12,0.22,613,466,1.32,50.46%,58.76%,0.025333,2026-10-06
PANW,419.91,2026-10-09,3,Call,430.00,-2.40%,3.6,4.1,4.5,665,503,1.32,53.67%,52.51%,0.319784,2026-10-06
HOOD,112,2026-10-16,10,Call,117.00,-4.46%,2.13,2.15,2.17,768,581,1.32,59.12%,54.80%,0.33561,2026-10-06
ASTS,63.12,2026-10-23,17,Call,65.00,-2.98%,3,3.25,3.5,1205,910,1.32,80.85%,73.96%,0.463049,2026-10-06
SHOP,164.44,2026-10-09,3,Put,155.00,-5.74%,0.43,0.48,0.55,1276,966,1.32,60.61%,56.24%,-0.11686,2026-10-06
NLY,18.42,2026-10-09,3,Call,18.50,-0.43%,0.14,0.14,0.17,1694,1287,1.32,26.40%,29.80%,0.43054,2026-10-06
PEP,125.71,2026-10-09,3,Put,123.00,-2.16%,0.91,1.01,1.11,517,395,1.31,24.79%,46.47%,-0.295487,2026-10-06
CRWD,278.86,2026-10-16,10,Call,282.50,-1.31%,6.85,7.68,7.55,560,428,1.31,50.46%,47.35%,0.455129,2026-10-06
IREN,41.28,2026-10-16,10,Put,41.50,+0.53%,1.91,1.88,2.01,819,627,1.31,77.76%,68.42%,-0.493182,2026-10-06
MRNA,187.46,2026-10-09,3,Put,202.50,+8.02%,16.75,16.85,16.85,828,631,1.31,92.47%,97.24%,-0.796715,2026-10-06
APO,115.95,2026-11-20,45,Call,140.00,-20.74%,0.45,0.7,1,901,690,1.31,39.64%,39.38%,0.100791,2026-10-06
MU,1045.56,2027-01-15,101,Put,580.00,-44.53%,2.49,2.48,3.05,1002,767,1.31,44.88%,60.37%,-0.020287,2026-10-06
ORCL,144.77,2026-10-23,17,Call,155.00,-7.07%,2.55,2.65,2.62,1086,828,1.31,51.14%,49.62%,0.28307,2026-10-06
AI,11.24,2026-11-20,45,Call,12.50,-11.21%,0.42,0.46,0.51,1550,1186,1.31,55.31%,57.19%,0.342986,2026-10-06
NKE,34.61,2026-10-09,3,Put,33.50,-3.21%,0.12,0.13,0.13,2590,1984,1.31,36.63%,40.05%,-0.180194,2026-10-06
TSLA,380.68,2026-10-09,3,Put,370.00,-2.81%,1.37,1.38,1.42,7857,5996,1.31,40.77%,37.30%,-0.192981,2026-10-06
TSLA,380.68,2026-10-09,3,Call,390.00,-2.45%,1.95,1.97,1.99,14727,11342,1.3,40.77%,38.46%,0.252335,2026-10-06
SPCX,171.92,2026-11-13,38,Call,185.00,-7.61%,6.45,6.65,6.75,670,514,1.3,50.12%,51.31%,0.368786,2026-10-06
WELL,225.78,2027-05-21,227,Put,240.00,+6.30%,22.8,23.7,24.5,677,520,1.3,26.39%,24.43%,-0.570591,2026-10-06
APP,278.78,2026-10-09,3,Put,250.00,-10.32%,0.05,0.11,0.4,704,542,1.3,67.64%,66.75%,-0.033202,2026-10-06
TSLA,380.68,2026-10-12,6,Put,377.50,-0.84%,4.4,4.47,4.65,740,571,1.3,40.77%,31.33%,-0.404343,2026-10-06
UAL,111.87,2026-10-16,10,Call,117.00,-4.59%,1.62,1.62,2.1,779,597,1.3,48.79%,52.13%,0.312853,2026-10-06
UMC,23.19,2026-11-20,45,Put,23.00,-0.82%,1.6,1.8,1.95,1019,781,1.3,59.49%,57.66%,-0.443702,2026-10-06
MRNA,187.46,2026-10-09,3,Call,202.50,-8.02%,1.85,1.88,1.9,1026,790,1.3,92.47%,98.49%,0.207189,2026-10-06
RKLB,75.06,2026-10-09,3,Put,72.00,-4.08%,0.69,0.72,0.8,1788,1375,1.3,73.51%,71.54%,-0.248679,2026-10-06
HUBG,28.16,2027-01-15,101,Call,35.00,-24.29%,1.2,1.45,1.6,2050,1576,1.3,67.47%,58.59%,0.296712,2026-10-06
CRWD,278.86,2026-10-09,3,Put,272.50,-2.28%,2.39,2.5,2.6,528,408,1.29,50.46%,50.95%,-0.298507,2026-10-06
EXE,88.23,2026-11-20,45,Call,105.00,-19.01%,0.3,0.35,0.45,553,428,1.29,30.99%,33.87%,0.082141,2026-10-06
AMD,649.42,2026-10-16,10,Put,640.00,-1.45%,14.1,14.43,14.7,739,572,1.29,51.40%,44.65%,-0.402626,2026-10-06
IONQ,43.29,2026-10-09,3,Call,44.50,-2.80%,0.67,0.7,0.74,792,616,1.29,72.00%,76.25%,0.359558,2026-10-06
AAPL,333.63,2026-10-09,3,Call,327.50,+1.84%,7,7.8,7.45,836,649,1.29,25.02%,26.70%,0.785328,2026-10-06
INTC,112.5,2026-10-09,3,Call,124.00,-10.22%,0.18,0.19,0.19,1751,1359,1.29,62.66%,68.42%,0.062562,2026-10-06
BE,295.78,2026-10-09,3,Put,290.00,-1.95%,4.95,4.45,5.05,1894,1471,1.29,78.40%,71.52%,-0.366536,2026-10-06
SMCI,43.46,2026-10-09,3,Call,44.50,-2.39%,0.7,0.71,0.73,2316,1799,1.29,75.67%,72.72%,0.374123,2026-10-06
AMD,649.42,2026-10-09,3,Call,637.50,+1.84%,17.8,20.15,18.55,792,620,1.28,51.40%,47.60%,0.676662,2026-10-06
GAP,23.79,2026-10-16,10,Call,22.00,+7.52%,1.65,1.82,2.1,857,668,1.28,46.83%,39.05%,0.893049,2026-10-06
OKLO,38.55,2026-10-30,24,Call,40.00,-3.76%,2.06,2.12,2.31,905,708,1.28,74.83%,70.07%,0.459598,2026-10-06
STX,805.63,2026-10-16,10,Put,800.00,-0.70%,29.3,29.26,31,1132,887,1.28,64.49%,62.71%,-0.449444,2026-10-06
MSTR,164.55,2026-10-09,3,Put,170.00,+3.31%,7.3,7.65,7.4,1294,1014,1.28,64.32%,67.68%,-0.69045,2026-10-06
AVGO,375.81,2026-11-20,45,Call,480.00,-27.72%,1.42,1.46,1.55,1955,1529,1.28,37.59%,42.88%,0.063805,2026-10-06
CSCO,117.94,2026-10-16,10,Call,112.00,+5.04%,6.2,6.65,7.2,2857,2231,1.28,39.21%,35.45%,0.821327,2026-10-06
NOK,10.97,2026-10-23,17,Call,12.00,-9.39%,0.34,0.36,0.37,3041,2383,1.28,63.12%,76.72%,0.32563,2026-10-06
BROS,39.06,2026-10-09,3,Call,40.00,-2.41%,0.3,0.35,0.35,603,474,1.27,58.65%,48.42%,0.304118,2026-10-06
TSLA,380.68,2026-10-16,10,Call,402.50,-5.73%,2.82,2.88,2.9,687,539,1.27,40.77%,39.38%,0.210025,2026-10-06
AAOI,130.16,2026-10-16,10,Put,110.00,-15.49%,1,1.05,1.2,871,688,1.27,99.72%,89.14%,-0.111036,2026-10-06
ZETA,32.95,2026-10-09,3,Call,34.00,-3.19%,0.39,0.44,0.48,961,755,1.27,71.05%,70.74%,0.325585,2026-10-06
META,738.88,2026-10-09,3,Call,815.00,-10.30%,0.16,0.18,0.21,1079,850,1.27,39.34%,49.64%,0.015806,2026-10-06
SPCX,171.92,2026-10-12,6,Put,160.00,-6.93%,0.46,0.47,0.48,1334,1054,1.27,50.12%,44.79%,-0.098474,2026-10-06
ZS,212.25,2026-10-09,3,Call,225.00,-6.01%,1.05,1.05,1.1,1341,1058,1.27,52.53%,64.39%,0.167336,2026-10-06
NVDA,239.24,2026-10-12,6,Put,227.50,-4.91%,0.36,0.38,0.38,1703,1338,1.27,32.77%,29.60%,-0.087107,2026-10-06
MRVL,287.01,2026-10-16,10,Put,300.00,+4.53%,19.45,19.9,19.75,2976,2349,1.27,59.79%,62.99%,-0.642765,2026-10-06
NVDA,239.24,2026-10-09,3,Call,250.00,-4.50%,0.13,0.13,0.14,30652,24158,1.27,32.77%,29.27%,0.051169,2026-10-06
MAT,15.93,2027-01-15,101,Put,15.00,-5.84%,1,1.1,1.15,1020,810,1.26,56.08%,46.72%,-0.352106,2026-10-06
NBIS,249.87,2026-10-16,10,Put,245.00,-1.95%,9.55,9.63,9.75,1363,1086,1.26,80.01%,73.71%,-0.409212,2026-10-06
UBER,69.08,2026-10-30,24,Put,65.00,-5.91%,0.69,0.72,0.75,1448,1146,1.26,37.34%,32.49%,-0.212015,2026-10-06
CMG,30.9,2028-01-21,472,Call,32.50,-5.18%,5.45,5.95,6,2182,1728,1.26,45.07%,40.51%,0.597462,2026-10-06
BMNR,26.2,2026-10-30,24,Call,27.00,-3.05%,1.43,1.44,1.56,2467,1951,1.26,68.79%,67.75%,0.471193,2026-10-06
HOOD,112,2026-10-09,3,Put,113.00,+0.89%,2.75,2.8,2.8,3045,2417,1.26,59.12%,55.50%,-0.558291,2026-10-06
NVDA,239.24,2026-10-30,24,Put,235.00,-1.77%,4.8,4.8,4.95,3244,2571,1.26,32.77%,28.82%,-0.380475,2026-10-06
MRVL,287.01,2026-10-16,10,Call,310.00,-8.01%,4.25,4.3,4.35,5436,4328,1.26,59.79%,63.50%,0.251179,2026-10-06
APP,278.78,2026-10-09,3,Call,285.00,-2.23%,3.1,3.5,3.6,502,402,1.25,67.64%,58.05%,0.349389,2026-10-06
BE,295.78,2026-10-09,3,Put,287.50,-2.80%,4.05,4.14,4.2,635,506,1.25,78.40%,71.93%,-0.318352,2026-10-06
MU,1045.56,2026-10-09,3,Put,"1,030.00",-1.49%,10,10.3,10.6,1178,940,1.25,44.88%,45.48%,-0.347955,2026-10-06
GLAS,5.16,2027-12-17,437,Call,5.00,+3.10%,1.8,2,2.25,1520,1218,1.25,101.30%,86.82%,0.713873,2026-10-06
CRWV,91.72,2026-10-16,10,Call,91.00,+0.78%,4.55,4.68,4.7,1898,1514,1.25,76.52%,69.76%,0.553783,2026-10-06
WMT,107.2,2026-10-09,3,Call,109.00,-1.68%,0.31,0.33,0.33,2039,1635,1.25,28.66%,24.47%,0.233056,2026-10-06
UBER,69.08,2026-10-09,3,Put,69.00,-0.12%,0.71,0.77,0.8,2407,1932,1.25,37.34%,32.19%,-0.474817,2026-10-06
AAPL,333.63,2026-10-09,3,Put,322.50,-3.34%,0.28,0.29,0.34,3058,2444,1.25,25.02%,27.30%,-0.081662,2026-10-06
AVGO,375.81,2026-11-20,45,Call,400.00,-6.44%,11.4,11.55,11.6,13451,10788,1.25,37.59%,38.55%,0.357938,2026-10-06
NFLX,68.69,2026-10-09,3,Call,70.00,-1.91%,0.36,0.36,0.38,20649,16503,1.25,40.29%,34.53%,0.281715,2026-10-06
MU,1045.56,2026-10-09,3,Call,"1,200.00",-14.77%,0.24,0.26,0.26,9246,7430,1.24,44.88%,66.07%,0.011778,2026-10-06
PANW,419.91,2026-10-09,3,Call,425.00,-1.21%,5.35,5.77,6.2,521,419,1.24,53.67%,52.44%,0.411768,2026-10-06
MCD,232.45,2026-10-30,24,Call,245.00,-5.40%,1.27,1.39,1.51,525,422,1.24,23.34%,22.61%,0.191863,2026-10-06
XOM,164.48,2027-12-17,437,Put,150.00,-8.80%,9.85,11.55,13.15,620,499,1.24,28.70%,28.51%,-0.299683,2026-10-06
GOOGL,347.68,2026-10-09,3,Put,347.50,-0.05%,3.55,3.65,3.8,697,560,1.24,33.81%,30.31%,-0.483497,2026-10-06
LITE,1133.4,2026-10-09,3,Call,"1,200.00",-5.88%,6.7,7.54,8.2,724,584,1.24,73.41%,69.82%,0.193375,2026-10-06
NKE,34.61,2029-01-19,836,Put,30.00,-13.32%,4.8,4.92,5,1202,970,1.24,36.63%,38.87%,-0.274608,2026-10-06
NVDA,239.24,2026-10-12,6,Call,252.50,-5.54%,0.14,0.15,0.16,1397,1129,1.24,32.77%,24.78%,0.048057,2026-10-06
ALAB,389.8,2026-10-09,3,Call,400.00,-2.62%,7.8,8.4,9,1626,1314,1.24,85.18%,89.74%,0.392455,2026-10-06
MU,1045.56,2026-10-09,3,Call,"1,110.00",-6.16%,2.33,2.33,2.4,1703,1376,1.24,44.88%,51.19%,0.104056,2026-10-06
MDT,87.09,2027-01-15,101,Put,75.00,-13.88%,0.89,1.1,1.26,2012,1620,1.24,30.09%,29.48%,-0.144329,2026-10-06
CIFR,15.5,2028-01-21,472,Call,27.00,-74.19%,3.8,3.85,3.9,2279,1838,1.24,92.71%,89.96%,0.510231,2026-10-06
AAPL,333.63,2026-10-30,24,Put,320.00,-4.09%,3.4,3.58,3.8,2608,2106,1.24,25.02%,26.97%,-0.252307,2026-10-06
VST,160.5,2026-10-16,10,Call,200.00,-24.61%,0.3,0.3,0.31,2807,2261,1.24,49.25%,73.29%,0.040433,2026-10-06
BCE,19.75,2026-11-20,45,Put,20.00,+1.27%,0.7,0.89,0.95,3103,2504,1.24,26.67%,23.97%,-0.551374,2026-10-06
"Downloaded from Barchart.com as of 10-06-2026 09:07pm CDT"
