Symbol,Price~,"Exp Date",DTE,Type,Strike,Moneyness,Bid,Latest,Ask,Volume,"Open Int",Vol/OI,"Imp Vol",IV,Delta,Time
$SPX,7718.6,2026-09-18,13,Put,"6,340.00",-17.86%,0.95,0.9,1.15,2090,1,2090,11.92%,41.69%,-0.005307,2026-09-04
$SPX,7718.6,2026-09-08,3,Put,"7,140.00",-7.50%,0.3,0.3,0.4,2358,7,336.86,11.92%,33.41%,-0.004714,2026-09-04
$SPX,7718.6,2026-12-18,104,Call,"7,820.00",-1.31%,204.4,208.45,205.7,5509,17,324.06,11.92%,12.95%,0.501768,2026-09-04
$SPX,7718.6,2026-09-11,6,Put,"6,990.00",-9.44%,0.75,0.5,0.9,267,1,267,11.92%,32.37%,-0.007703,2026-09-04
$SPX,7718.6,2026-12-18,104,Call,"7,720.00",-0.02%,263.2,267.85,264.5,5500,22,250,11.92%,13.46%,0.573825,2026-09-04
$SPX,7718.6,2026-09-11,6,Put,"7,160.00",-7.24%,1,0.83,1.2,7788,32,243.38,11.92%,26.36%,-0.01205,2026-09-04
$SPX,7718.6,2026-10-23,48,Put,"6,200.00",-19.67%,6.9,6.3,7.3,2003,9,222.56,11.92%,31.23%,-0.021131,2026-09-04
$SPX,7718.6,2026-09-18,13,Put,"6,360.00",-17.60%,0.95,0.85,1.2,180,1,180,11.92%,41.20%,-0.005482,2026-09-04
$SPX,7718.6,2026-10-30,55,Call,"6,000.00",+22.27%,1733.3,1749.62,1757.3,1410,8,176.25,11.92%,15.72%,0.999989,2026-09-04
$SPX,7718.6,2026-09-11,6,Put,"6,920.00",-10.35%,0.65,0.5,0.85,502,3,167.33,11.92%,34.86%,-0.0066,2026-09-04
$SPX,7718.6,2026-09-10,5,Put,"7,210.00",-6.59%,0.75,0.6,0.9,1343,9,149.22,11.92%,25.53%,-0.010404,2026-09-04
$SPX,7718.6,2026-09-11,6,Put,"6,970.00",-9.70%,0.7,0.6,0.9,403,3,134.33,11.92%,33.07%,-0.007345,2026-09-04
$SPX,7718.6,2026-09-28,23,Put,"6,900.00",-10.61%,4.6,4.3,5.1,10002,82,121.98,11.92%,23.96%,-0.026825,2026-09-04
$SPX,7718.6,2026-09-24,19,Put,"6,650.00",-13.84%,2.35,1.9,2.65,400,5,80,11.92%,30.21%,-0.013149,2026-09-04
$SPX,7718.6,2026-09-11,6,Put,"7,030.00",-8.92%,0.8,0.55,0.95,152,2,76,11.92%,30.95%,-0.008466,2026-09-04
$SPX,7718.6,2026-10-02,27,Call,"7,830.00",-1.44%,47.4,48.1,48.5,2414,32,75.44,11.92%,10.17%,0.341935,2026-09-04
$SPX,7718.6,2026-09-11,6,Put,"6,625.00",-14.17%,0.4,0.35,0.55,1077,15,71.8,11.92%,44.73%,-0.003449,2026-09-04
$SPX,7718.6,2026-10-06,31,Put,"7,740.00",+0.28%,109.5,107.1,110.8,64,1,64,11.92%,12.20%,-0.501121,2026-09-04
$SPX,7718.6,2026-09-11,6,Put,"6,940.00",-10.09%,0.7,0.5,0.85,63,1,63,11.92%,34.17%,-0.006924,2026-09-04
$SPX,7718.6,2026-09-11,6,Put,"7,260.00",-5.94%,1.25,1.05,1.45,7662,129,59.4,11.92%,22.77%,-0.016529,2026-09-04
$SPX,7718.6,2026-09-11,6,Put,"7,070.00",-8.40%,0.85,0.73,1.05,391,7,55.86,11.92%,29.61%,-0.009499,2026-09-04
$SPX,7718.6,2026-10-16,41,Put,"6,470.00",-16.18%,7.5,7.2,8,165,3,55,11.92%,28.55%,-0.026637,2026-09-04
$SPX,7718.6,2026-09-11,6,Put,"7,120.00",-7.76%,0.95,0.9,1.1,2984,55,54.25,11.92%,27.80%,-0.010776,2026-09-04
$SPX,7718.6,2026-09-11,6,Put,"7,110.00",-7.88%,0.9,0.65,1.1,416,8,52,11.92%,28.13%,-0.010426,2026-09-04
$SPX,7718.6,2026-10-23,48,Put,"7,620.00",-1.28%,96.3,95.61,97.5,81,2,40.5,11.92%,13.86%,-0.361235,2026-09-04
$SPX,7718.6,2026-09-11,6,Put,"6,930.00",-10.22%,0.7,0.7,0.85,200,5,40,11.92%,34.58%,-0.006849,2026-09-04
$SPX,7718.6,2027-02-26,174,Call,"8,600.00",-11.42%,47.8,49,49.4,38,1,38,11.92%,12.10%,0.150768,2026-09-04
$SPX,7718.6,2026-09-21,16,Put,"7,495.00",-2.90%,18.4,16.54,19.1,37,1,37,11.92%,14.53%,-0.151908,2026-09-04
$SPX,7718.6,2026-09-21,16,Put,"7,595.00",-1.60%,32.8,30.7,33.5,106,3,35.33,11.92%,13.11%,-0.257458,2026-09-04
$SPX,7718.6,2026-09-11,6,Put,"6,910.00",-10.48%,0.65,0.45,0.8,106,3,35.33,11.92%,35.12%,-0.006354,2026-09-04
$SPX,7718.6,2026-09-10,5,Put,"7,520.00",-2.57%,2.8,2.7,3.1,6496,185,35.11,11.92%,14.18%,-0.054079,2026-09-04
$SPX,7718.6,2026-10-16,41,Call,"8,360.00",-8.31%,1.95,2,2.3,68,2,34,11.92%,10.96%,0.020581,2026-09-04
$SPX,7718.6,2026-09-08,3,Put,"7,385.00",-4.32%,0.45,0.5,0.65,3755,112,33.53,11.92%,21.40%,-0.010687,2026-09-04
$SPX,7718.6,2026-10-08,33,Put,"7,150.00",-7.37%,16.8,16.33,17.6,33,1,33,11.92%,19.42%,-0.081976,2026-09-04
$SPX,7718.6,2026-09-11,6,Put,"6,325.00",-18.06%,0.2,0.2,0.35,260,8,32.5,11.92%,53.95%,-0.001747,2026-09-04
$SPX,7718.6,2026-09-11,6,Call,"7,075.00",+8.34%,625.1,641.45,649.1,64,2,32,11.92%,19.36%,0.999802,2026-09-04
$SPX,7718.6,2026-09-09,4,Put,"7,355.00",-4.71%,0.7,0.7,0.85,64,2,32,11.92%,20.97%,-0.013011,2026-09-04
$SPX,7718.6,2026-09-14,9,Put,"7,705.00",-0.18%,41.7,37.05,42.2,1714,54,31.74,11.92%,10.59%,-0.438513,2026-09-04
$SPX,7718.6,2027-02-26,174,Call,"8,700.00",-12.71%,35.5,36.7,36.8,31,1,31,11.92%,12.02%,0.118999,2026-09-04
$SPX,7718.6,2026-09-25,20,Put,"7,485.00",-3.03%,25.4,24.95,26.1,117,4,29.25,11.92%,15.06%,-0.173751,2026-09-04
$SPX,7718.6,2026-09-08,3,Call,"7,885.00",-2.16%,0.05,0.1,0.2,3142,108,29.09,11.92%,9.22%,0.006027,2026-09-04
$SPX,7718.6,2026-09-14,9,Put,"7,465.00",-3.29%,4.8,4.7,5.1,870,31,28.06,11.92%,14.45%,-0.064309,2026-09-04
$SPX,7718.6,2026-10-02,27,Put,"6,775.00",-12.23%,5.6,5.4,6.1,100,4,25,11.92%,25.92%,-0.027418,2026-09-04
$SPX,7718.6,2026-09-10,5,Put,"7,230.00",-6.33%,0.75,0.6,0.95,25,1,25,11.92%,24.72%,-0.011005,2026-09-04
$SPX,7718.6,2026-09-11,6,Put,"7,040.00",-8.79%,0.8,0.55,1,299,12,24.92,11.92%,30.65%,-0.008764,2026-09-04
$SPX,7718.6,2026-12-18,104,Put,"7,700.00",-0.24%,195,193.1,196.3,5504,221,24.9,11.92%,14.49%,-0.435991,2026-09-04
$SPX,7718.6,2026-10-07,32,Call,"7,800.00",-1.05%,69,73.25,70.2,74,3,24.67,11.92%,10.38%,0.412907,2026-09-04
$SPX,7718.6,2026-09-10,5,Put,"7,530.00",-2.44%,3.1,2.95,3.4,6506,269,24.19,11.92%,13.90%,-0.059772,2026-09-04
$SPX,7718.6,2026-09-18,13,Call,"8,170.00",-5.85%,0.3,0.45,0.6,2500,104,24.04,11.92%,12.11%,0.007776,2026-09-04
$SPX,7718.6,2027-02-26,174,Call,"8,550.00",-10.77%,55.4,56.5,56.9,72,3,24,11.92%,12.15%,0.168807,2026-09-04
$SPX,7718.6,2026-09-18,13,Put,"6,370.00",-17.47%,1,0.85,1.2,140,6,23.33,11.92%,41.01%,-0.005622,2026-09-04
$SPX,7718.6,2026-09-15,10,Put,"7,515.00",-2.64%,8.8,7.7,9.4,68,3,22.67,11.92%,13.61%,-0.107895,2026-09-04
$SPX,7718.6,2026-12-18,104,Put,"7,805.00",+1.12%,234.5,227.5,236,22,1,22,11.92%,13.69%,-0.515006,2026-09-04
$SPX,7718.6,2026-10-06,31,Call,"7,875.00",-2.03%,37.8,40.5,38.9,22,1,22,11.92%,9.85%,0.282688,2026-09-04
$SPX,7718.6,2026-09-11,6,Call,"7,080.00",+8.27%,620.1,636.65,644.1,66,3,22,11.92%,18.75%,0.999857,2026-09-04
$SPX,7718.6,2026-09-14,9,Put,"7,535.00",-2.38%,8.3,8.2,8.6,1487,68,21.87,11.92%,13.03%,-0.109983,2026-09-04
$SPX,7718.6,2026-09-10,5,Put,"7,220.00",-6.46%,0.75,0.6,0.95,63,3,21,11.92%,25.18%,-0.010824,2026-09-04
$SPX,7718.6,2026-10-05,30,Put,"6,925.00",-10.28%,8.2,7.3,8.8,21,1,21,11.92%,22.72%,-0.040793,2026-09-04
$SPX,7718.6,2027-02-26,174,Put,"7,700.00",-0.24%,252.6,249.05,254.4,83,4,20.75,11.92%,14.94%,-0.427106,2026-09-04
$SPX,7718.6,2027-02-26,174,Put,"7,900.00",+2.35%,327.9,325.97,330,20,1,20,11.92%,13.58%,-0.550373,2026-09-04
$SPX,7718.6,2026-10-06,31,Put,"5,800.00",-24.86%,1.8,1.57,2.1,100,5,20,11.92%,40.71%,-0.006344,2026-09-04
$SPX,7718.6,2026-09-08,3,Put,"6,925.00",-10.28%,0.2,0.15,0.3,5542,287,19.31,11.92%,43.44%,-0.002713,2026-09-04
$SPX,7718.6,2026-09-08,3,Put,"7,565.00",-1.99%,1,1.02,1.15,4801,249,19.28,11.92%,12.18%,-0.032121,2026-09-04
$SPX,7718.6,2026-09-14,9,Call,"7,755.00",-0.47%,24,24.9,24.4,1573,82,19.18,11.92%,7.66%,0.377912,2026-09-04
$SPX,7718.6,2026-09-08,3,Put,"7,255.00",-6.01%,0.4,0.4,0.5,115,6,19.17,11.92%,28.05%,-0.006963,2026-09-04
$SPX,7718.6,2026-09-09,4,Put,"7,805.00",+1.12%,87.1,92.42,106.6,19,1,19,11.92%,13.00%,-0.789515,2026-09-04
$SPX,7718.6,2026-09-14,9,Put,"7,445.00",-3.54%,4.2,3.4,4.4,38,2,19,11.92%,14.87%,-0.055632,2026-09-04
$SPX,7718.6,2026-10-07,32,Put,"7,375.00",-4.45%,29.9,28.17,30.9,112,6,18.67,11.92%,16.37%,-0.153186,2026-09-04
$SPX,7718.6,2026-09-17,12,Put,"5,600.00",-27.45%,0.2,0.22,0.4,761,41,18.56,11.92%,59.73%,-0.001237,2026-09-04
$SPX,7718.6,2026-09-25,20,Put,"7,495.00",-2.90%,26.6,25.3,27.3,92,5,18.4,11.92%,14.92%,-0.18155,2026-09-04
$SPX,7718.6,2026-09-25,20,Put,"7,715.00",-0.05%,79.3,78.47,80.3,219,12,18.25,11.92%,12.20%,-0.467817,2026-09-04
$SPX,7718.6,2026-10-05,30,Put,"7,690.00",-0.37%,87.2,84.35,88.4,36,2,18,11.92%,12.54%,-0.427534,2026-09-04
$SPX,7718.6,2026-09-18,13,Put,"6,540.00",-15.27%,1.25,1,1.5,2003,112,17.88,11.92%,36.95%,-0.007588,2026-09-04
$SPX,7718.6,2026-09-18,13,Put,"7,735.00",+0.21%,73.7,71.56,74.5,1513,86,17.59,11.92%,12.04%,-0.51706,2026-09-04
$SPX,7718.6,2026-09-18,13,Call,"8,390.00",-8.70%,0.15,0.2,0.4,751,44,17.07,11.92%,16.21%,0.003806,2026-09-04
$SPX,7718.6,2026-10-01,26,Put,"7,520.00",-2.57%,39.8,39.92,40.7,17,1,17,11.92%,14.58%,-0.227828,2026-09-04
$SPX,7718.6,2026-09-29,24,Put,"7,440.00",-3.61%,25.1,24.03,26,17,1,17,11.92%,15.40%,-0.157543,2026-09-04
$SPX,7718.6,2026-12-31,117,Put,"7,805.00",+1.12%,243.5,236.4,245.1,17,1,17,11.92%,13.67%,-0.508247,2026-09-04
$SPX,7718.6,2026-09-14,9,Put,"6,675.00",-13.52%,0.55,0.5,0.75,34,2,17,11.92%,36.15%,-0.004641,2026-09-04
$SPX,7718.6,2026-09-08,3,Put,"7,535.00",-2.38%,0.75,0.75,0.9,4549,279,16.3,11.92%,13.53%,-0.023191,2026-09-04
$SPX,7718.6,2026-09-09,4,Put,"7,695.00",-0.31%,19.4,17.82,19.8,3527,219,16.11,11.92%,9.63%,-0.366589,2026-09-04
$SPX,7718.6,2026-09-18,13,Put,"7,955.00",+3.06%,241.6,223.1,243,16,1,16,11.92%,13.43%,-0.891982,2026-09-04
$SPX,7718.6,2026-09-08,3,Call,"7,710.00",+0.11%,17.9,20.1,18.3,5794,366,15.83,11.92%,4.25%,0.643758,2026-09-04
$SPX,7718.6,2026-09-09,4,Put,"7,335.00",-4.97%,0.65,0.55,0.85,47,3,15.67,11.92%,21.89%,-0.012152,2026-09-04
$SPX,7718.6,2026-09-25,20,Put,"7,785.00",+0.86%,113.3,107.58,114.3,141,9,15.67,11.92%,11.62%,-0.603625,2026-09-04
$SPX,7718.6,2026-11-20,76,Put,"6,980.00",-9.57%,43.2,42.7,44.1,61,4,15.25,11.92%,20.68%,-0.117824,2026-09-04
$SPX,7718.6,2026-09-08,3,Put,"7,525.00",-2.51%,0.7,0.7,0.9,6851,454,15.09,11.92%,14.08%,-0.021778,2026-09-04
$SPX,7718.6,2027-02-26,174,Call,"7,900.00",-2.35%,274.7,279.6,276.8,15,1,15,11.92%,13.81%,0.498617,2026-09-04
$SPX,7718.6,2026-09-30,25,Put,"6,005.00",-22.20%,1.5,1.28,1.8,30,2,15,11.92%,39.53%,-0.0062,2026-09-04
$SPX,7718.6,2026-09-11,6,Put,"8,025.00",+3.97%,301.7,302.18,325.7,15,1,15,11.92%,23.01%,-0.907148,2026-09-04
$SPX,7718.6,2026-11-30,86,Put,"6,980.00",-9.57%,48.6,48.1,49.5,89,6,14.83,11.92%,20.28%,-0.125061,2026-09-04
$SPX,7718.6,2026-09-14,9,Put,"7,730.00",+0.15%,53.2,51.3,53.7,1493,102,14.64,11.92%,10.46%,-0.517553,2026-09-04
$SPX,7718.6,2026-10-02,27,Put,"7,380.00",-4.39%,25.1,25.42,26,186,13,14.31,11.92%,16.54%,-0.14157,2026-09-04
$SPX,7718.6,2026-09-08,3,Put,"7,465.00",-3.29%,0.55,0.6,0.75,3893,275,14.16,11.92%,17.21%,-0.015122,2026-09-04
$SPX,7718.6,2026-12-18,104,Put,"7,600.00",-1.54%,163.7,162.3,165,5500,389,14.14,11.92%,15.23%,-0.371685,2026-09-04
$SPX,7718.6,2026-09-08,3,Put,"7,735.00",+0.21%,33.3,30.36,34.1,2154,153,14.08,11.92%,9.24%,-0.589426,2026-09-04
$SPX,7718.6,2026-09-22,17,Put,"7,695.00",-0.31%,63.4,59.7,64.3,14,1,14,11.92%,12.07%,-0.428755,2026-09-04
$SPX,7718.6,2026-09-14,9,Put,"7,495.00",-2.90%,6.1,6.02,6.3,96,7,13.71,11.92%,13.85%,-0.08071,2026-09-04
$SPX,7718.6,2026-09-08,3,Put,"7,425.00",-3.80%,0.5,0.6,0.7,9461,691,13.69,11.92%,19.34%,-0.012667,2026-09-04
$SPX,7718.6,2026-09-08,3,Put,"7,710.00",-0.11%,19.1,17.18,19.5,5404,400,13.51,11.92%,8.69%,-0.430409,2026-09-04
$SPX,7718.6,2026-09-08,3,Call,"7,715.00",+0.05%,15.3,17.48,15.7,6652,493,13.49,11.92%,4.42%,0.57653,2026-09-04
$SPX,7718.6,2026-10-30,55,Call,"8,050.00",-4.29%,35.3,36.43,36.3,10014,744,13.46,11.92%,10.90%,0.200279,2026-09-04
$SPX,7718.6,2026-09-11,6,Put,"7,010.00",-9.18%,0.75,0.75,0.95,120,9,13.33,11.92%,31.67%,-0.008076,2026-09-04
$SPX,7718.6,2026-09-08,3,Put,"7,030.00",-8.92%,0.25,0.25,0.35,106,8,13.25,11.92%,38.68%,-0.003574,2026-09-04
$SPX,7718.6,2026-09-09,4,Call,"7,695.00",+0.31%,33.6,36.04,34.1,1319,100,13.19,11.92%,5.39%,0.730903,2026-09-04
$SPX,7718.6,2026-10-07,32,Put,"7,575.00",-1.86%,59.6,57.6,60.7,13,1,13,11.92%,13.96%,-0.294857,2026-09-04
$SPX,7718.6,2026-09-08,3,Put,"7,160.00",-7.24%,0.3,0.2,0.45,597,47,12.7,11.92%,32.59%,-0.005137,2026-09-04
$SPX,7718.6,2026-09-08,3,Put,"7,235.00",-6.27%,0.35,0.3,0.5,87,7,12.43,11.92%,28.95%,-0.00642,2026-09-04
$SPX,7718.6,2026-09-08,3,Call,"7,740.00",-0.28%,6.1,6.9,6.3,6637,536,12.38,11.92%,4.89%,0.289581,2026-09-04
$SPX,7718.6,2027-01-15,132,Call,"7,875.00",-2.03%,222.4,230.1,224,24,2,12,11.92%,13.26%,0.485202,2026-09-04
$SPX,7718.6,2026-09-11,6,Put,"6,870.00",-10.99%,0.6,0.5,0.8,24,2,12,11.92%,36.60%,-0.005924,2026-09-04
$SPX,7718.6,2026-09-08,3,Put,"7,635.00",-1.08%,3.4,2.95,3.6,2574,215,11.97,11.92%,9.88%,-0.105476,2026-09-04
$SPX,7718.6,2026-09-15,10,Put,"7,745.00",+0.34%,64.9,55.5,65.7,285,24,11.88,11.92%,10.72%,-0.558732,2026-09-04
$SPX,7718.6,2026-09-08,3,Put,"7,215.00",-6.52%,0.35,0.25,0.45,47,4,11.75,11.92%,29.84%,-0.005909,2026-09-04
$SPX,7718.6,2026-11-03,59,Put,"6,300.00",-18.38%,10.9,10.6,11.8,138,12,11.5,11.92%,28.77%,-0.031323,2026-09-04
$SPX,7718.6,2026-09-24,19,Put,"6,600.00",-14.49%,2.15,2.2,2.45,401,35,11.46,11.92%,31.17%,-0.011856,2026-09-04
$SPX,7718.6,2026-09-08,3,Call,"7,785.00",-0.86%,0.9,1,1.05,6336,561,11.29,11.92%,5.75%,0.056835,2026-09-04
$SPX,7718.6,2026-09-18,13,Put,"6,320.00",-18.12%,0.9,0.7,1.15,45,4,11.25,11.92%,42.17%,-0.005136,2026-09-04
$SPX,7718.6,2026-10-23,48,Put,"7,150.00",-7.37%,29.8,30.2,30.7,179,16,11.19,11.92%,19.03%,-0.113698,2026-09-04
$SPX,7718.6,2026-09-18,13,Put,"7,615.00",-1.34%,33.3,33.21,34,2310,207,11.16,11.92%,13.38%,-0.277227,2026-09-04
$SPX,7718.6,2026-10-07,32,Call,"7,700.00",+0.24%,123.2,132.1,124.5,210,19,11.05,11.92%,11.06%,0.575109,2026-09-04
$SPX,7718.6,2026-09-22,17,Put,"7,735.00",+0.21%,80.2,75.17,81.2,11,1,11,11.92%,11.72%,-0.510448,2026-09-04
$SPX,7718.6,2026-09-11,6,Put,"7,545.00",-2.25%,6.6,6.48,6.8,2283,209,10.92,11.92%,14.26%,-0.099677,2026-09-04
$SPX,7718.6,2026-09-08,3,Call,"7,895.00",-2.29%,0.05,0.1,0.2,974,92,10.59,11.92%,9.71%,0.00575,2026-09-04
$SPX,7718.6,2026-10-06,31,Call,"7,800.00",-1.05%,66.1,70.21,67.3,253,24,10.54,11.92%,10.26%,0.408778,2026-09-04
$SPX,7718.6,2026-10-02,27,Put,"7,220.00",-6.46%,15.1,13.55,15.8,21,2,10.5,11.92%,18.80%,-0.083931,2026-09-04
$SPX,7718.6,2026-10-23,48,Put,"6,750.00",-12.55%,14.5,13.94,15.2,21,2,10.5,11.92%,24.01%,-0.051031,2026-09-04
$SPX,7718.6,2026-10-06,31,Put,"7,475.00",-3.16%,39.8,38.4,40.8,83,8,10.38,11.92%,15.05%,-0.207599,2026-09-04
$SPX,7718.6,2026-09-08,3,Call,"7,720.00",-0.02%,13,14.6,13.3,6528,641,10.18,11.92%,4.55%,0.512142,2026-09-04
$SPX,7718.6,2026-09-17,12,Put,"7,450.00",-3.48%,10.4,10.42,11,1728,171,10.11,11.92%,15.91%,-0.100311,2026-09-04
$SPX,7718.6,2026-09-22,17,Put,"7,615.00",-1.34%,39.7,37.1,40.5,20,2,10,11.92%,12.98%,-0.292201,2026-09-04
$SPX,7718.6,2026-10-01,26,Put,"6,725.00",-12.87%,4.6,4.2,5.1,10,1,10,11.92%,26.79%,-0.022944,2026-09-04
$SPX,7718.6,2026-10-01,26,Put,"6,650.00",-13.84%,4.1,3.7,4.5,10,1,10,11.92%,28.07%,-0.019769,2026-09-04
$SPX,7718.6,2026-09-18,13,Put,"6,260.00",-18.90%,0.85,0.7,1.05,10,1,10,11.92%,43.59%,-0.004645,2026-09-04
$SPX,7718.6,2026-09-28,23,Put,"7,780.00",+0.80%,113.6,104.6,114.7,110,11,10,11.92%,11.43%,-0.586342,2026-09-04
$SPX,7718.6,2027-02-26,174,Put,"7,750.00",+0.41%,269.4,258.1,271.2,10,1,10,11.92%,14.60%,-0.454803,2026-09-04
$SPX,7718.6,2026-09-29,24,Put,"7,490.00",-2.96%,30.9,29.69,31.8,10,1,10,11.92%,14.73%,-0.192076,2026-09-04
$SPX,7718.6,2026-11-30,86,Put,"7,255.00",-6.01%,74.7,71.75,75.8,10,1,10,11.92%,17.69%,-0.197441,2026-09-04
$SPX,7718.6,2026-09-08,3,Call,"7,360.00",+4.65%,337.9,351.01,361.9,10,1,10,11.92%,14.77%,0.999828,2026-09-04
$SPX,7718.6,2026-09-08,3,Put,"7,100.00",-8.01%,0.3,0.25,0.4,7393,747,9.9,11.92%,35.55%,-0.004451,2026-09-04
$SPX,7718.6,2026-12-31,117,Call,"7,835.00",-1.51%,216.5,220.7,218.3,49,5,9.8,11.92%,13.03%,0.500508,2026-09-04
$SPX,7718.6,2027-03-31,207,Put,"7,870.00",+1.96%,340.8,334.6,343,39,4,9.75,11.92%,14.31%,-0.51599,2026-09-04
$SPX,7718.6,2026-09-14,9,Call,"7,730.00",-0.15%,34.8,37.08,35.3,1594,164,9.72,11.92%,7.70%,0.483255,2026-09-04
$SPX,7718.6,2026-10-16,41,Put,"6,370.00",-17.47%,6.6,6.3,7,165,17,9.71,11.92%,29.97%,-0.022708,2026-09-04
$SPX,7718.6,2026-09-25,20,Put,"7,535.00",-2.38%,32.2,30.33,33,48,5,9.6,11.92%,14.39%,-0.216785,2026-09-04
$SPX,7718.6,2026-09-08,3,Put,"7,715.00",-0.05%,21.5,18.81,21.8,5949,625,9.52,11.92%,8.72%,-0.46339,2026-09-04
$SPX,7718.6,2026-09-08,3,Put,"7,665.00",-0.69%,6.6,5.75,6.9,2378,250,9.51,11.92%,9.16%,-0.190727,2026-09-04
$SPX,7718.6,2026-09-11,6,Put,"10,000.00",+29.56%,2275,2279.15,2299,19,2,9.5,11.92%,99.30%,-0.977527,2026-09-04
$SPX,7718.6,2026-09-24,19,Put,"7,470.00",-3.22%,21.9,20.95,22.7,28,3,9.33,11.92%,15.23%,-0.156715,2026-09-04
$SPX,7718.6,2026-09-08,3,Put,"7,700.00",-0.24%,15,13.5,15.4,11156,1202,9.28,11.92%,8.65%,-0.365972,2026-09-04
$SPX,7718.6,2026-10-07,32,Put,"7,150.00",-7.37%,15.8,15.07,16.6,46,5,9.2,11.92%,19.41%,-0.079023,2026-09-04
$SPX,7718.6,2026-09-08,3,Put,"7,720.00",+0.02%,24.1,21.3,24.5,5904,645,9.15,11.92%,8.81%,-0.496284,2026-09-04
$SPX,7718.6,2026-09-08,3,Put,"7,615.00",-1.34%,2.25,1.97,2.45,3012,330,9.13,11.92%,10.45%,-0.072063,2026-09-04
$SPX,7718.6,2026-09-18,13,Put,"7,690.00",-0.37%,54.6,54.13,55.4,3044,338,9.01,11.92%,12.44%,-0.415877,2026-09-04
$SPX,7718.6,2027-03-31,207,Put,"7,795.00",+0.99%,312.1,306.5,314.4,18,2,9,11.92%,14.80%,-0.470931,2026-09-04
$SPX,7718.6,2026-10-30,55,Call,"7,000.00",+9.31%,770.5,778.32,774.8,1412,159,8.88,11.92%,17.81%,0.936911,2026-09-04
$SPX,7718.6,2026-09-09,4,Call,"7,715.00",+0.05%,21.9,23.85,22.3,1090,123,8.86,11.92%,5.77%,0.558136,2026-09-04
$SPX,7718.6,2026-11-20,76,Call,"8,850.00",-14.66%,1.6,1.52,2,70,8,8.75,11.92%,12.39%,0.012117,2026-09-04
$SPX,7718.6,2026-09-08,3,Put,"7,595.00",-1.60%,1.55,1.4,1.75,1990,230,8.65,11.92%,11.08%,-0.050624,2026-09-04
$SPX,7718.6,2026-09-17,12,Put,"7,765.00",+0.60%,87.6,88.6,88.4,17,2,8.5,11.92%,11.94%,-0.592155,2026-09-04
$SPX,7718.6,2026-09-09,4,Put,"6,400.00",-17.08%,0.1,0.1,0.25,3163,376,8.41,11.92%,59.95%,-0.001259,2026-09-04
$SPX,7718.6,2026-09-11,6,Put,"7,385.00",-4.32%,2.05,1.96,2.2,311,37,8.41,11.92%,18.61%,-0.029593,2026-09-04
$SPX,7718.6,2026-09-08,3,Put,"7,705.00",-0.18%,17,15.21,17.3,2927,349,8.39,11.92%,8.66%,-0.397833,2026-09-04
$SPX,7718.6,2026-09-23,18,Put,"6,750.00",-12.55%,2.45,2.3,2.75,50,6,8.33,11.92%,28.49%,-0.01473,2026-09-04
$SPX,7718.6,2026-09-08,3,Call,"7,905.00",-2.41%,0.05,0.1,0.15,538,65,8.28,11.92%,9.96%,0.004584,2026-09-04
$SPX,7718.6,2026-09-10,5,Put,"6,575.00",-14.82%,0.2,0.2,0.35,132,16,8.25,11.92%,48.48%,-0.002105,2026-09-04
$SPX,7718.6,2026-09-14,9,Call,"7,910.00",-2.48%,1.1,1.25,1.3,822,100,8.22,11.92%,8.06%,0.0316,2026-09-04
$SPX,7718.6,2026-09-08,3,Put,"6,875.00",-10.93%,0.15,0.15,0.3,506,63,8.03,11.92%,45.60%,-0.002353,2026-09-04
$SPX,7718.6,2026-10-13,38,Put,"6,300.00",-18.38%,4.9,4.3,5.4,48,6,8,11.92%,31.20%,-0.017713,2026-09-04
$SPX,7718.6,2026-10-06,31,Put,"7,050.00",-8.66%,11.5,10.12,12.2,16,2,8,11.92%,20.80%,-0.057866,2026-09-04
$SPX,7718.6,2027-03-19,195,Call,"8,750.00",-13.36%,41.9,43.55,43.2,900,113,7.96,11.92%,12.12%,0.129141,2026-09-04
$SPX,7718.6,2026-09-28,23,Put,"7,050.00",-8.66%,6.4,6.1,7,378,48,7.88,11.92%,21.35%,-0.039445,2026-09-04
$SPX,7718.6,2026-09-14,9,Put,"7,530.00",-2.44%,8,8,8.3,1427,184,7.76,11.92%,13.14%,-0.105962,2026-09-04
$SPX,7718.6,2027-01-15,132,Call,"8,725.00",-13.04%,14.1,14.03,15.1,600,78,7.69,11.92%,11.60%,0.06394,2026-09-04
$SPX,7718.6,2026-09-08,3,Put,"7,620.00",-1.28%,2.45,2.15,2.65,3479,453,7.68,11.92%,10.26%,-0.078387,2026-09-04
$SPX,7718.6,2026-12-31,117,Put,"7,795.00",+0.99%,239.4,232.9,241,23,3,7.67,11.92%,13.74%,-0.501216,2026-09-04
$SPX,7718.6,2026-10-07,32,Call,"8,075.00",-4.62%,6.5,7.83,7.2,61,8,7.63,11.92%,9.56%,0.071382,2026-09-04
$SPX,7718.6,2026-10-06,31,Put,"7,325.00",-5.10%,24.2,24.7,25.1,129,17,7.59,11.92%,16.97%,-0.12712,2026-09-04
$SPX,7718.6,2026-09-16,11,Put,"7,485.00",-3.03%,10.3,9.8,10.8,91,12,7.58,11.92%,14.95%,-0.108334,2026-09-04
$SPX,7718.6,2026-09-09,4,Put,"7,190.00",-6.85%,0.5,0.5,0.65,90,12,7.5,11.92%,28.22%,-0.007583,2026-09-04
$SPX,7718.6,2026-09-18,13,Put,"6,210.00",-19.54%,0.75,0.7,1,30,4,7.5,11.92%,44.69%,-0.00421,2026-09-04
$SPX,7718.6,2026-09-23,18,Put,"7,655.00",-0.82%,53,52.2,53.9,15,2,7.5,11.92%,12.64%,-0.359615,2026-09-04
$SPX,7718.6,2026-09-08,3,Put,"7,655.00",-0.82%,5.2,4.6,5.5,2525,339,7.45,11.92%,9.35%,-0.1559,2026-09-04
$SPX,7718.6,2026-10-08,33,Put,"6,400.00",-17.08%,4.5,4.35,5,148,20,7.4,11.92%,30.82%,-0.017787,2026-09-04
$SPX,7718.6,2026-09-22,17,Put,"6,950.00",-9.96%,3.1,2.95,3.5,51,7,7.29,11.92%,24.66%,-0.021314,2026-09-04
$SPX,7718.6,2026-09-08,3,Call,"7,730.00",-0.15%,9.1,10.23,9.3,3964,547,7.25,11.92%,4.74%,0.392966,2026-09-04
$SPX,7718.6,2026-10-23,48,Put,"7,600.00",-1.54%,90.9,89.05,92.1,29,4,7.25,11.92%,14.05%,-0.343098,2026-09-04
$SPX,7718.6,2026-09-11,6,Call,"7,855.00",-1.77%,2.3,2.62,2.55,2630,365,7.21,11.92%,8.68%,0.064921,2026-09-04
$SPX,7718.6,2026-10-07,32,Put,"7,350.00",-4.78%,27.7,26.9,28.6,108,15,7.2,11.92%,16.70%,-0.141682,2026-09-04
$SPX,7718.6,2026-09-15,10,Put,"5,600.00",-27.45%,0.1,0.1,0.3,2278,319,7.14,11.92%,63.17%,-0.000878,2026-09-04
$SPX,7718.6,2026-09-08,3,Call,"7,780.00",-0.80%,1.1,1.29,1.25,5476,770,7.11,11.92%,5.63%,0.067918,2026-09-04
$SPX,7718.6,2026-09-10,5,Put,"7,125.00",-7.69%,0.6,0.65,0.8,1218,172,7.08,11.92%,28.77%,-0.008041,2026-09-04
$SPX,7718.6,2026-09-09,4,Put,"7,150.00",-7.37%,0.45,0.35,0.6,970,138,7.03,11.92%,29.84%,-0.006632,2026-09-04
$SPX,7718.6,2026-10-13,38,Call,"8,300.00",-7.53%,1.9,1.95,2.3,42,6,7,11.92%,10.48%,0.021892,2026-09-04
$SPX,7718.6,2026-09-15,10,Put,"7,495.00",-2.90%,7.6,6.8,8.2,35,5,7,11.92%,14.01%,-0.093661,2026-09-04
$SPX,7718.6,2026-09-08,3,Put,"7,645.00",-0.95%,4.2,3.75,4.5,1683,242,6.95,11.92%,9.63%,-0.128745,2026-09-04
$SPX,7718.6,2026-09-10,5,Call,"7,175.00",+7.04%,523.3,564.04,546.8,69,10,6.9,11.92%,46.75%,0.914851,2026-09-04
$SPX,7718.6,2026-09-08,3,Put,"7,740.00",+0.28%,36.9,33.35,37.8,2275,330,6.89,11.92%,9.47%,-0.616759,2026-09-04
$SPX,7718.6,2026-09-08,3,Put,"7,640.00",-1.02%,3.7,3.4,4,3046,445,6.84,11.92%,9.72%,-0.11566,2026-09-04
$SPX,7718.6,2026-09-10,5,Put,"6,925.00",-10.28%,0.45,0.45,0.6,1142,170,6.72,11.92%,36.42%,-0.004981,2026-09-04
$SPX,7718.6,2026-09-09,4,Call,"7,720.00",-0.02%,19.4,21.38,19.8,1375,205,6.71,11.92%,5.82%,0.515389,2026-09-04
$SPX,7718.6,2026-09-11,6,Call,"5,000.00",+35.22%,2697.9,2717.91,2721.9,20,3,6.67,11.92%,86.66%,0.999963,2026-09-04
$SPX,7718.6,2026-09-18,13,Put,"6,220.00",-19.42%,0.8,0.7,1,40,6,6.67,11.92%,44.52%,-0.004335,2026-09-04
$SPX,7718.6,2026-11-20,76,Put,"7,140.00",-7.50%,55.8,55.35,56.7,160,24,6.67,11.92%,19.09%,-0.154896,2026-09-04
$SPX,7718.6,2026-09-17,12,Put,"7,600.00",-1.54%,27.3,27.33,28,1343,202,6.65,11.92%,13.45%,-0.24537,2026-09-04
$SPX,7718.6,2026-09-10,5,Put,"7,260.00",-5.94%,0.8,0.65,1,79,12,6.58,11.92%,23.54%,-0.012113,2026-09-04
$SPX,7718.6,2026-09-11,6,Put,"7,535.00",-2.38%,6,6,6.2,911,139,6.55,11.92%,14.49%,-0.090957,2026-09-04
$SPX,7718.6,2026-11-20,76,Put,"5,175.00",-32.95%,5.1,5.4,5.6,1197,185,6.47,11.92%,40.21%,-0.010454,2026-09-04
$SPX,7718.6,2026-09-08,3,Put,"7,130.00",-7.63%,0.3,0.2,0.4,148,23,6.43,11.92%,33.95%,-0.004645,2026-09-04
$SPX,7718.6,2026-10-08,33,Put,"7,000.00",-9.31%,11.9,11.6,12.6,109,17,6.41,11.92%,21.55%,-0.056145,2026-09-04
$SPX,7718.6,2026-10-23,48,Put,"7,550.00",-2.18%,78.9,76.78,80.1,32,5,6.4,11.92%,14.55%,-0.301722,2026-09-04
$SPX,7718.6,2026-09-21,16,Put,"7,735.00",+0.21%,77.6,75.48,78.5,19,3,6.33,11.92%,11.62%,-0.512398,2026-09-04
$SPX,7718.6,2026-10-06,31,Put,"7,750.00",+0.41%,114,113.56,115.2,19,3,6.33,11.92%,12.12%,-0.516637,2026-09-04
$SPX,7718.6,2026-10-16,41,Call,"7,745.00",-0.34%,119.5,125.4,121.4,215,34,6.32,11.92%,11.39%,0.51548,2026-09-04
$SPX,7718.6,2026-09-10,5,Put,"7,595.00",-1.60%,6.5,6.45,6.8,1387,221,6.28,11.92%,12.22%,-0.121484,2026-09-04
$SPX,7718.6,2026-09-11,6,Call,"7,715.00",+0.05%,37.6,39.76,38.1,789,126,6.26,11.92%,8.51%,0.540973,2026-09-04
$SPX,7718.6,2026-09-11,6,Call,"7,720.00",-0.02%,34.9,37.32,35.4,2459,395,6.23,11.92%,8.49%,0.517385,2026-09-04
$SPX,7718.6,2026-09-08,3,Call,"7,735.00",-0.21%,7.5,8.5,7.8,2695,439,6.14,11.92%,4.85%,0.339858,2026-09-04
$SPX,7718.6,2026-09-11,6,Put,"7,335.00",-4.97%,1.65,1.2,1.8,43,7,6.14,11.92%,20.24%,-0.022845,2026-09-04
$SPX,7718.6,2026-10-02,27,Call,"7,790.00",-0.93%,64.1,65.64,65.1,297,49,6.06,11.92%,10.42%,0.414485,2026-09-04
$SPX,7718.6,2026-10-07,32,Call,"8,125.00",-5.27%,4,4.7,4.7,84,14,6,11.92%,9.66%,0.047929,2026-09-04
$SPX,7718.6,2026-09-22,17,Put,"7,480.00",-3.09%,18.9,17.7,19.6,18,3,6,11.92%,14.86%,-0.148628,2026-09-04
$SPX,7718.6,2026-10-07,32,Put,"7,690.00",-0.37%,92,90.94,93.3,12,2,6,11.92%,12.75%,-0.428746,2026-09-04
$SPX,7718.6,2026-11-30,86,Call,"8,100.00",-4.94%,59.5,58.75,60.6,10001,1672,5.98,11.92%,11.34%,0.245022,2026-09-04
$SPX,7718.6,2026-09-10,5,Call,"7,715.00",+0.05%,27.9,30.05,28.4,280,47,5.96,11.92%,6.73%,0.550239,2026-09-04
$SPX,7718.6,2026-09-08,3,Put,"7,680.00",-0.50%,9.4,8.4,9.7,4541,766,5.93,11.92%,8.89%,-0.255194,2026-09-04
$SPX,7718.6,2026-09-11,6,Put,"7,080.00",-8.27%,0.85,0.6,1.05,388,66,5.88,11.92%,29.19%,-0.009622,2026-09-04
$SPX,7718.6,2026-09-09,4,Put,"7,715.00",-0.05%,27.6,25.3,28.1,648,111,5.84,11.92%,9.58%,-0.467392,2026-09-04
$SPX,7718.6,2026-09-18,13,Call,"8,240.00",-6.76%,0.3,0.3,0.55,64,11,5.82,11.92%,13.63%,0.00663,2026-09-04
$SPX,7718.6,2026-09-28,23,Put,"7,600.00",-1.54%,47.7,47.25,48.6,1526,262,5.82,11.92%,13.23%,-0.294566,2026-09-04
$SPX,7718.6,2026-09-15,10,Call,"7,620.00",+1.28%,108.1,117.78,117.3,29,5,5.8,11.92%,7.57%,0.866832,2026-09-04
$SPX,7718.6,2026-09-08,3,Put,"7,520.00",-2.57%,0.7,0.8,0.85,2683,464,5.78,11.92%,14.32%,-0.020859,2026-09-04
$SPX,7718.6,2026-09-23,18,Put,"7,800.00",+1.05%,118.6,117.24,119.5,52,9,5.78,11.92%,11.48%,-0.642735,2026-09-04
$SPX,7718.6,2026-09-08,3,Put,"6,700.00",-13.20%,0.1,0.1,0.25,1452,252,5.76,11.92%,53.50%,-0.001605,2026-09-04
$SPX,7718.6,2026-09-08,3,Put,"6,575.00",-14.82%,0.1,0.1,0.2,328,57,5.75,11.92%,59.18%,-0.001265,2026-09-04
$SPX,7718.6,2026-09-17,12,Call,"7,560.00",+2.05%,168.6,178.58,178,23,4,5.75,11.92%,9.23%,0.906532,2026-09-04
$SPX,7718.6,2026-09-10,5,Call,"7,200.00",+6.72%,498.4,539.09,521.8,69,12,5.75,11.92%,45.10%,0.912039,2026-09-04
$SPX,7718.6,2026-11-03,59,Put,"5,200.00",-32.63%,3.1,3.08,3.6,40,7,5.71,11.92%,42.32%,-0.007365,2026-09-04
$SPX,7718.6,2026-10-23,48,Put,"6,350.00",-17.73%,8.3,7.57,8.8,17,3,5.67,11.92%,29.25%,-0.026438,2026-09-04
$SPX,7718.6,2026-09-15,10,Put,"7,445.00",-3.54%,5.4,4.6,5.9,28,5,5.6,11.92%,15.01%,-0.066586,2026-09-04
$SPX,7718.6,2026-10-23,48,Put,"6,950.00",-9.96%,20.2,19.37,21,28,5,5.6,11.92%,21.47%,-0.074432,2026-09-04
$SPX,7718.6,2026-09-09,4,Put,"7,795.00",+0.99%,77.7,78.99,97.2,39,7,5.57,11.92%,12.35%,-0.772606,2026-09-04
$SPX,7718.6,2026-11-30,86,Put,"7,060.00",-8.53%,54.8,54.38,55.6,49,9,5.44,11.92%,19.51%,-0.142296,2026-09-04
$SPX,7718.6,2026-10-07,32,Call,"7,850.00",-1.70%,48.6,51.6,49.7,87,16,5.44,11.92%,10.09%,0.329527,2026-09-04
$SPX,7718.6,2026-09-08,3,Put,"7,730.00",+0.15%,30.2,27.24,30.5,2993,556,5.38,11.92%,9.07%,-0.559664,2026-09-04
$SPX,7718.6,2026-09-08,3,Put,"7,685.00",-0.44%,10.5,9.4,10.8,3151,588,5.36,11.92%,8.78%,-0.279535,2026-09-04
$SPX,7718.6,2026-09-21,16,Call,"7,715.00",+0.05%,68.9,70.4,69.8,64,12,5.33,11.92%,9.49%,0.545205,2026-09-04
$SPX,7718.6,2026-10-05,30,Put,"7,740.00",+0.28%,107,103.98,108.2,32,6,5.33,11.92%,12.08%,-0.502313,2026-09-04
$SPX,7718.6,2026-09-08,3,Put,"7,630.00",-1.15%,3,2.75,3.3,3886,738,5.27,11.92%,10.01%,-0.095591,2026-09-04
$SPX,7718.6,2026-09-08,3,Call,"7,755.00",-0.47%,3.3,3.75,3.5,4100,782,5.24,11.92%,5.18%,0.174657,2026-09-04
$SPX,7718.6,2026-09-08,3,Put,"7,585.00",-1.73%,1.3,1.2,1.5,2424,463,5.24,11.92%,11.42%,-0.042811,2026-09-04
$SPX,7718.6,2026-09-08,3,Put,"7,670.00",-0.63%,7.4,6.58,7.7,4332,832,5.21,11.92%,9.05%,-0.210126,2026-09-04
$SPX,7718.6,2026-09-11,6,Put,"7,180.00",-6.98%,1.05,0.75,1.25,213,41,5.2,11.92%,25.67%,-0.012848,2026-09-04
$SPX,7718.6,2026-10-23,48,Put,"6,850.00",-11.25%,17,16.75,17.8,26,5,5.2,11.92%,22.73%,-0.061334,2026-09-04
$SPX,7718.6,2026-10-23,48,Put,"7,400.00",-4.13%,52.9,53.55,54,52,10,5.2,11.92%,16.13%,-0.205688,2026-09-04
$SPX,7718.6,2026-09-23,18,Call,"7,725.00",-0.08%,70.2,75.27,71.2,176,34,5.18,11.92%,9.79%,0.521965,2026-09-04
$SPX,7718.6,2026-10-07,32,Put,"7,550.00",-2.18%,54.4,52.21,55.4,31,6,5.17,11.92%,14.24%,-0.271272,2026-09-04
$SPX,7718.6,2026-09-09,4,Put,"7,710.00",-0.11%,25.3,23.2,25.8,807,157,5.14,11.92%,9.58%,-0.441488,2026-09-04
$SPX,7718.6,2026-09-11,6,Put,"6,960.00",-9.83%,0.7,0.5,0.9,56,11,5.09,11.92%,33.48%,-0.007262,2026-09-04
$SPX,7718.6,2026-09-08,3,Put,"7,695.00",-0.31%,13.4,11.6,13.7,2027,401,5.05,11.92%,8.70%,-0.335826,2026-09-04
$SPX,7718.6,2026-09-18,13,Put,"7,360.00",-4.65%,7.8,7.8,8.2,1181,235,5.03,11.92%,17.66%,-0.069507,2026-09-04
$SPX,7718.6,2026-09-28,23,Put,"7,100.00",-8.01%,7.2,6.9,7.9,485,97,5,11.92%,20.48%,-0.045371,2026-09-04
$SPX,7718.6,2026-09-10,5,Put,"7,000.00",-9.31%,0.5,0.45,0.7,2030,406,5,11.92%,33.69%,-0.006046,2026-09-04
$SPX,7718.6,2026-09-10,5,Put,"7,240.00",-6.20%,0.75,0.65,0.95,10,2,5,11.92%,24.27%,-0.011191,2026-09-04
$SPX,7718.6,2026-10-05,30,Call,"8,025.00",-3.97%,8.4,9.1,9.2,80,16,5,11.92%,9.34%,0.09234,2026-09-04
$SPX,7718.6,2026-12-31,117,Call,"7,905.00",-2.41%,180.2,184,181.8,50,10,5,11.92%,12.71%,0.450618,2026-09-04
$SPX,7718.6,2026-10-05,30,Put,"7,760.00",+0.54%,116.1,117.51,117.3,75,15,5,11.92%,11.91%,-0.534467,2026-09-04
$SPX,7718.6,2026-09-17,12,Put,"7,495.00",-2.90%,13.7,13.4,14.3,20,4,5,11.92%,15.13%,-0.130475,2026-09-04
$SPX,7718.6,2026-09-11,6,Put,"7,565.00",-1.99%,7.9,7.8,8.2,953,191,4.99,11.92%,13.77%,-0.11939,2026-09-04
$SPX,7718.6,2026-09-09,4,Put,"7,180.00",-6.98%,0.5,0.5,0.65,39,8,4.88,11.92%,28.71%,-0.007465,2026-09-04
$SPX,7718.6,2026-10-05,30,Call,"7,710.00",+0.11%,111.1,113.18,112.3,122,25,4.88,11.92%,10.76%,0.559781,2026-09-04
$SPX,7718.6,2026-09-14,9,Call,"7,920.00",-2.61%,0.95,0.9,1.15,546,112,4.88,11.92%,8.23%,0.027597,2026-09-04
$SPX,7718.6,2026-10-08,33,Call,"8,100.00",-4.94%,5.8,6.11,6.5,34,7,4.86,11.92%,9.69%,0.063555,2026-09-04
$SPX,7718.6,2026-09-11,6,Call,"8,100.00",-4.94%,0.25,0.21,0.4,5176,1064,4.86,11.92%,14.98%,0.006765,2026-09-04
$SPX,7718.6,2026-09-08,3,Put,"7,185.00",-6.91%,0.35,0.2,0.45,348,72,4.83,11.92%,31.47%,-0.005628,2026-09-04
$SPX,7718.6,2027-08-20,349,Call,"7,000.00",+9.31%,1162.8,1168.95,1167.5,1003,208,4.82,11.92%,19.16%,0.793582,2026-09-04
$SPX,7718.6,2026-09-29,24,Call,"8,050.00",-4.29%,3.2,3.64,3.8,202,42,4.81,11.92%,9.17%,0.046992,2026-09-04
$SPX,7718.6,2026-12-18,104,Put,"7,565.00",-1.99%,153.4,147.95,155.5,24,5,4.8,11.92%,15.47%,-0.351412,2026-09-04
$SPX,7718.6,2026-09-14,9,Put,"7,455.00",-3.42%,4.5,4.5,4.7,139,29,4.79,11.92%,14.65%,-0.05969,2026-09-04
$SPX,7718.6,2026-10-23,48,Put,"7,000.00",-9.31%,22.1,20.57,23,105,22,4.77,11.92%,20.85%,-0.082384,2026-09-04
$SPX,7718.6,2026-09-09,4,Put,"7,675.00",-0.56%,13.6,12.6,14,3775,792,4.77,11.92%,9.87%,-0.278852,2026-09-04
$SPX,7718.6,2026-09-08,3,Put,"6,850.00",-11.25%,0.15,0.15,0.3,620,132,4.7,11.92%,46.90%,-0.002292,2026-09-04
$SPX,7718.6,2026-09-08,3,Call,"7,775.00",-0.73%,1.4,1.55,1.55,7011,1499,4.68,11.92%,5.56%,0.08323,2026-09-04
$SPX,7718.6,2026-09-29,24,Put,"7,580.00",-1.80%,45.8,42.12,46.8,42,9,4.67,11.92%,13.59%,-0.275912,2026-09-04
$SPX,7718.6,2026-09-08,3,Call,"7,810.00",-1.18%,0.35,0.45,0.45,5311,1161,4.57,11.92%,6.38%,0.023878,2026-09-04
$SPX,7718.6,2026-11-20,76,Call,"7,895.00",-2.29%,118.1,120.08,119.8,36,8,4.5,11.92%,12.05%,0.404009,2026-09-04
$SPX,7718.6,2026-09-11,6,Call,"7,785.00",-0.86%,11.1,13.02,11.5,1367,304,4.5,11.92%,8.45%,0.232718,2026-09-04
$SPX,7718.6,2026-09-08,3,Put,"7,590.00",-1.67%,1.4,1.25,1.6,1241,279,4.45,11.92%,11.22%,-0.046127,2026-09-04
$SPX,7718.6,2026-09-11,6,Call,"8,020.00",-3.90%,0.35,0.25,0.5,1296,291,4.45,11.92%,12.61%,0.01008,2026-09-04
$SPX,7718.6,2026-12-18,104,Put,"7,785.00",+0.86%,226.1,226,227.6,111,25,4.44,11.92%,13.83%,-0.498856,2026-09-04
$SPX,7718.6,2026-12-18,104,Call,"7,785.00",-0.86%,223,225,225.3,102,23,4.43,11.92%,13.08%,0.527643,2026-09-04
$SPX,7718.6,2026-09-08,3,Put,"7,605.00",-1.47%,1.85,1.65,2.05,1588,361,4.4,11.92%,10.75%,-0.060002,2026-09-04
$SPX,7718.6,2026-10-02,27,Put,"7,740.00",+0.28%,103.9,101,104.9,165,38,4.34,11.92%,12.21%,-0.505295,2026-09-04
$SPX,7718.6,2026-11-20,76,Call,"7,845.00",-1.64%,142.8,146.4,144,13,3,4.33,11.92%,12.36%,0.451128,2026-09-04
$SPX,7718.6,2026-10-06,31,Put,"6,200.00",-19.67%,3,3.1,3.3,56,13,4.31,11.92%,34.26%,-0.011499,2026-09-04
$SPX,7718.6,2026-09-11,6,Put,"7,435.00",-3.67%,2.7,2.35,2.9,261,61,4.28,11.92%,17.10%,-0.040581,2026-09-04
$SPX,7718.6,2026-10-01,26,Call,"8,250.00",-6.88%,0.9,0.85,1.25,17,4,4.25,11.92%,10.82%,0.013844,2026-09-04
$SPX,7718.6,2026-09-22,17,Put,"7,740.00",+0.28%,82.6,82.58,83.6,114,27,4.22,11.92%,11.69%,-0.520884,2026-09-04
$SPX,7718.6,2026-09-18,13,Put,"7,685.00",-0.44%,52.8,49.66,53.6,578,137,4.22,11.92%,12.49%,-0.405264,2026-09-04
$SPX,7718.6,2026-09-11,6,Put,"7,075.00",-8.34%,0.85,0.6,1.05,662,157,4.22,11.92%,29.40%,-0.00956,2026-09-04
$SPX,7718.6,2026-09-09,4,Put,"7,740.00",+0.28%,42,39.79,42.5,598,142,4.21,11.92%,9.90%,-0.593941,2026-09-04
$SPX,7718.6,2026-10-07,32,Call,"7,925.00",-2.67%,26.6,27.93,27.6,42,10,4.2,11.92%,9.76%,0.215879,2026-09-04
$SPX,7718.6,2026-09-14,9,Put,"7,620.00",-1.28%,18,17.93,18.4,395,94,4.2,11.92%,11.57%,-0.223775,2026-09-04
$SPX,7718.6,2027-08-20,349,Put,"8,000.00",+3.65%,477.8,474.65,480.9,1010,242,4.17,11.92%,14.69%,-0.547453,2026-09-04
$SPX,7718.6,2026-09-08,3,Put,"7,660.00",-0.76%,5.9,5.23,6.2,2730,655,4.17,11.92%,9.28%,-0.173133,2026-09-04
$SPX,7718.6,2026-09-08,3,Call,"7,700.00",+0.24%,23.9,26.6,24.3,5573,1344,4.15,11.92%,3.77%,0.786719,2026-09-04
$SPX,7718.6,2026-09-08,3,Call,"7,950.00",-3.00%,0.05,0.1,0.15,3156,762,4.14,11.92%,12.07%,0.003843,2026-09-04
$SPX,7718.6,2026-10-23,48,Put,"7,125.00",-7.69%,28.3,28.7,29.2,29,7,4.14,11.92%,19.33%,-0.107594,2026-09-04
$SPX,7718.6,2026-09-08,3,Put,"7,625.00",-1.21%,2.75,2.37,2.95,3158,772,4.09,11.92%,10.15%,-0.086878,2026-09-04
$SPX,7718.6,2026-09-09,4,Put,"7,720.00",+0.02%,30.1,27.87,30.6,1048,257,4.08,11.92%,9.61%,-0.493452,2026-09-04
$SPX,7718.6,2026-09-18,13,Put,"7,715.00",-0.05%,64.6,62.55,65.4,533,131,4.07,11.92%,12.21%,-0.471055,2026-09-04
$SPX,7718.6,2026-09-08,3,Put,"7,690.00",-0.37%,11.8,10.6,12.2,3118,769,4.05,11.92%,8.73%,-0.306701,2026-09-04
$SPX,7718.6,2026-09-28,23,Call,"7,760.00",-0.54%,63.7,65,64.8,205,51,4.02,11.92%,9.75%,0.455074,2026-09-04
$SPX,7718.6,2026-09-14,9,Call,"7,890.00",-2.22%,1.65,1.65,1.85,441,110,4.01,11.92%,7.88%,0.044815,2026-09-04
$SPX,7718.6,2026-09-16,11,Call,"7,560.00",+2.05%,164.7,177.5,174,20,5,4,11.92%,7.91%,0.945068,2026-09-04
$SPX,7718.6,2026-11-30,86,Put,"6,510.00",-15.66%,26,25.96,26.9,24,6,4,11.92%,24.91%,-0.062441,2026-09-04
$SPX,7718.6,2026-12-18,104,Put,"7,685.00",-0.44%,188.9,186.1,191.1,72,18,4,11.92%,14.56%,-0.426016,2026-09-04
$SPX,7718.6,2026-09-08,3,Call,"7,815.00",-1.25%,0.3,0.4,0.4,3290,827,3.98,11.92%,6.54%,0.02075,2026-09-04
$SPX,7718.6,2026-10-23,48,Put,"7,775.00",+0.73%,152.3,149.59,153.7,177,45,3.93,11.92%,12.48%,-0.530221,2026-09-04
$SPX,7718.6,2026-09-08,3,Call,"7,705.00",+0.18%,20.8,23.6,21.2,1199,308,3.89,11.92%,4.06%,0.713007,2026-09-04
$SPX,7718.6,2026-09-08,3,Put,"7,745.00",+0.34%,40.8,37.24,41.6,1034,267,3.87,11.92%,9.73%,-0.641655,2026-09-04
$SPX,7718.6,2026-09-11,6,Call,"7,900.00",-2.35%,0.9,1.05,1.1,8817,2287,3.86,11.92%,9.25%,0.028515,2026-09-04
$SPX,7718.6,2026-09-08,3,Call,"7,750.00",-0.41%,4,4.64,4.3,10135,2653,3.82,11.92%,5.08%,0.207543,2026-09-04
$SPX,7718.6,2026-09-08,3,Put,"7,610.00",-1.41%,2,1.8,2.25,1774,467,3.8,11.92%,10.58%,-0.065439,2026-09-04
$SPX,7718.6,2026-11-30,86,Put,"7,685.00",-0.44%,166.1,163.45,167.5,38,10,3.8,11.92%,14.02%,-0.426879,2026-09-04
$SPX,7718.6,2026-09-08,3,Call,"7,765.00",-0.60%,2.15,2.39,2.3,3753,991,3.79,11.92%,5.35%,0.120784,2026-09-04
$SPX,7718.6,2026-09-08,3,Put,"7,285.00",-5.62%,0.4,0.4,0.55,125,33,3.79,11.92%,26.57%,-0.007685,2026-09-04
$SPX,7718.6,2026-12-18,104,Put,"7,810.00",+1.18%,237.6,227.2,238.9,34,9,3.78,11.92%,13.71%,-0.51859,2026-09-04
$SPX,7718.6,2026-12-31,117,Put,"6,110.00",-20.84%,26.7,26.05,27.6,202,54,3.74,11.92%,27.72%,-0.050525,2026-09-04
$SPX,7718.6,2026-09-09,4,Put,"7,735.00",+0.21%,38.8,34.98,39.2,224,60,3.73,11.92%,9.80%,-0.569871,2026-09-04
$SPX,7718.6,2026-10-01,26,Call,"7,775.00",-0.73%,66.8,70.8,67.9,26,7,3.71,11.92%,10.23%,0.437103,2026-09-04
$SPX,7718.6,2026-10-06,31,Put,"5,600.00",-27.45%,1.4,1.45,1.7,52,14,3.71,11.92%,43.97%,-0.004787,2026-09-04
$SPX,7718.6,2026-09-09,4,Put,"6,850.00",-11.25%,0.25,0.2,0.4,144,39,3.69,11.92%,42.14%,-0.003108,2026-09-04
$SPX,7718.6,2026-11-20,76,Put,"7,735.00",+0.21%,175.2,173,176.9,257,70,3.67,11.92%,13.67%,-0.470499,2026-09-04
$SPX,7718.6,2026-10-07,32,Put,"7,300.00",-5.42%,23.8,23.5,24.7,66,18,3.67,11.92%,17.36%,-0.12149,2026-09-04
$SPX,7718.6,2026-09-14,9,Call,"7,835.00",-1.51%,5.3,6.2,5.7,145,40,3.63,11.92%,7.63%,0.12122,2026-09-04
$SPX,7718.6,2026-09-08,3,Put,"7,765.00",+0.60%,57.4,52.75,59.1,329,92,3.58,11.92%,11.08%,-0.718497,2026-09-04
$SPX,7718.6,2026-10-09,34,Put,"7,775.00",+0.73%,131.2,130.7,132.4,178,50,3.56,11.92%,12.06%,-0.549537,2026-09-04
$SPX,7718.6,2026-09-11,6,Call,"7,815.00",-1.25%,5.8,6,6.2,860,242,3.55,11.92%,8.50%,0.140457,2026-09-04
$SPX,7718.6,2026-09-08,3,Call,"7,760.00",-0.54%,2.7,3.05,2.75,4122,1166,3.54,11.92%,5.25%,0.144762,2026-09-04
$SPX,7718.6,2026-09-18,13,Call,"7,805.00",-1.12%,25,26.53,25.7,1071,303,3.53,11.92%,9.48%,0.294154,2026-09-04
$SPX,7718.6,2026-09-18,13,Put,"7,675.00",-0.56%,49.4,48.68,50.2,3135,895,3.5,11.92%,12.60%,-0.38457,2026-09-04
$SPX,7718.6,2026-09-21,16,Put,"7,485.00",-3.03%,17.4,15.69,18.1,35,10,3.5,11.92%,14.68%,-0.144159,2026-09-04
$SPX,7718.6,2026-10-06,31,Put,"7,275.00",-5.75%,20.8,19.97,21.6,35,10,3.5,11.92%,17.63%,-0.108784,2026-09-04
$SPX,7718.6,2026-10-23,48,Put,"6,400.00",-17.08%,8.8,8.07,9.4,14,4,3.5,11.92%,28.58%,-0.02852,2026-09-04
$SPX,7718.6,2026-09-16,11,Put,"7,705.00",-0.18%,53,48.99,53.8,28,8,3.5,11.92%,11.86%,-0.44607,2026-09-04
$SPX,7718.6,2026-12-18,104,Put,"7,825.00",+1.38%,244.2,242.3,245.5,233,67,3.48,11.92%,13.61%,-0.529877,2026-09-04
$SPX,7718.6,2026-09-08,3,Put,"7,080.00",-8.27%,0.25,0.15,0.4,191,55,3.47,11.92%,36.34%,-0.004075,2026-09-04
$SPX,7718.6,2026-09-08,3,Put,"7,040.00",-8.79%,0.25,0.2,0.35,172,50,3.44,11.92%,38.15%,-0.00362,2026-09-04
$SPX,7718.6,2026-10-05,30,Put,"7,680.00",-0.50%,83.7,80.95,84.9,31,9,3.44,11.92%,12.64%,-0.413455,2026-09-04
$SPX,7718.6,2026-10-02,27,Put,"7,460.00",-3.35%,33.5,31.86,34.4,48,14,3.43,11.92%,15.47%,-0.187559,2026-09-04
$SPX,7718.6,2026-09-14,9,Put,"7,485.00",-3.03%,5.5,5.21,5.8,48,14,3.43,11.92%,13.99%,-0.073968,2026-09-04
$SPX,7718.6,2026-09-08,3,Put,"7,570.00",-1.93%,1.05,1,1.25,1419,416,3.41,11.92%,12.00%,-0.034534,2026-09-04
$SPX,7718.6,2026-09-08,3,Call,"7,745.00",-0.34%,5,5.71,5.2,3151,926,3.4,11.92%,4.99%,0.24633,2026-09-04
$SPX,7718.6,2026-11-30,86,Call,"7,585.00",+1.73%,317.9,320.3,319.2,51,15,3.4,11.92%,13.79%,0.664602,2026-09-04
$SPX,7718.6,2026-09-11,6,Call,"7,740.00",-0.28%,25.6,26.65,26,949,279,3.4,11.92%,8.48%,0.422972,2026-09-04
$SPX,7718.6,2026-09-14,9,Call,"7,870.00",-1.96%,2.5,2.82,2.75,1464,432,3.39,11.92%,7.74%,0.064455,2026-09-04
$SPX,7718.6,2026-09-09,4,Call,"7,710.00",+0.11%,24.5,26.55,25,701,208,3.37,11.92%,5.69%,0.601382,2026-09-04
$SPX,7718.6,2026-09-18,13,Put,"7,435.00",-3.67%,11.3,11.3,11.8,1151,343,3.36,11.92%,16.26%,-0.10146,2026-09-04
$SPX,7718.6,2026-09-14,9,Put,"7,300.00",-5.42%,2.05,2,2.2,3111,927,3.36,11.92%,18.50%,-0.024847,2026-09-04
$SPX,7718.6,2026-11-20,76,Put,"6,840.00",-11.38%,35.2,35,36,10,3,3.33,11.92%,22.12%,-0.093957,2026-09-04
$SPX,7718.6,2026-09-29,24,Put,"7,470.00",-3.22%,28.4,27.29,29.3,10,3,3.33,11.92%,14.99%,-0.177368,2026-09-04
$SPX,7718.6,2026-10-12,37,Put,"7,850.00",+1.70%,175.6,163.19,176.8,10,3,3.33,11.92%,11.47%,-0.658648,2026-09-04
$SPX,7718.6,2026-09-08,3,Call,"7,820.00",-1.31%,0.3,0.35,0.4,2860,859,3.33,11.92%,6.84%,0.019962,2026-09-04
$SPX,7718.6,2026-09-10,5,Put,"7,340.00",-4.91%,1,0.85,1.2,86,26,3.31,11.92%,20.45%,-0.016469,2026-09-04
$SPX,7718.6,2026-09-09,4,Call,"7,705.00",+0.18%,27.4,29.6,27.9,529,161,3.29,11.92%,5.62%,0.644327,2026-09-04
$SPX,7718.6,2026-09-11,6,Call,"7,810.00",-1.18%,6.5,7.37,6.9,1498,460,3.26,11.92%,8.49%,0.153686,2026-09-04
$SPX,7718.6,2026-09-08,3,Put,"7,725.00",+0.08%,27,24.1,27.4,4534,1398,3.24,11.92%,8.92%,-0.528676,2026-09-04
$SPX,7718.6,2026-09-10,5,Put,"6,875.00",-10.93%,0.4,0.4,0.55,532,164,3.24,11.92%,38.16%,-0.004352,2026-09-04
$SPX,7718.6,2026-09-08,3,Put,"7,550.00",-2.18%,0.85,0.82,1,11421,3531,3.23,11.92%,12.83%,-0.026891,2026-09-04
$SPX,7718.6,2026-10-23,48,Put,"7,350.00",-4.78%,46.8,47.37,47.8,45,14,3.21,11.92%,16.70%,-0.181842,2026-09-04
$SPX,7718.6,2026-10-23,48,Put,"7,300.00",-5.42%,41.5,42,42.5,262,82,3.2,11.92%,17.26%,-0.160984,2026-09-04
$SPX,7718.6,2026-09-10,5,Call,"7,745.00",-0.34%,14.9,16.4,15.3,397,124,3.2,11.92%,6.86%,0.359658,2026-09-04
$SPX,7718.6,2026-09-14,9,Call,"7,925.00",-2.67%,0.85,0.8,1.05,733,230,3.19,11.92%,8.27%,0.025163,2026-09-04
$SPX,7718.6,2026-09-25,20,Put,"7,635.00",-1.08%,52.7,49.7,53.6,233,73,3.19,11.92%,13.09%,-0.335986,2026-09-04
$SPX,7718.6,2026-09-11,6,Put,"7,485.00",-3.03%,3.8,3.9,4.1,763,239,3.19,11.92%,15.69%,-0.058817,2026-09-04
$SPX,7718.6,2026-10-16,41,Call,"8,310.00",-7.66%,2.55,2.85,2.95,60,19,3.16,11.92%,10.65%,0.026525,2026-09-04
$SPX,7718.6,2026-09-18,13,Call,"8,650.00",-12.07%,0,0.15,0.25,400,127,3.15,11.92%,20.00%,0.001515,2026-09-04
$SPX,7718.6,2026-10-02,27,Call,"7,870.00",-1.96%,33.9,35.4,34.8,129,41,3.15,11.92%,9.93%,0.2722,2026-09-04
$SPX,7718.6,2026-09-14,9,Put,"7,755.00",+0.47%,67.4,65,67.9,25,8,3.13,11.92%,10.49%,-0.596774,2026-09-04
$SPX,7718.6,2026-09-08,3,Put,"6,950.00",-9.96%,0.2,0.19,0.3,1054,339,3.11,11.92%,42.14%,-0.002791,2026-09-04
$SPX,7718.6,2026-12-18,104,Put,"7,240.00",-6.20%,91.7,87.1,92.9,108,35,3.09,11.92%,18.12%,-0.210444,2026-09-04
$SPX,7718.6,2026-09-08,3,Call,"7,725.00",-0.08%,10.9,12.3,11.2,4999,1638,3.05,11.92%,4.65%,0.450807,2026-09-04
$SPX,7718.6,2026-09-08,3,Call,"7,860.00",-1.83%,0.1,0.12,0.2,4186,1372,3.05,11.92%,8.15%,0.007956,2026-09-04
$SPX,7718.6,2026-11-30,86,Put,"7,425.00",-3.80%,100.4,96.1,101.7,209,69,3.03,11.92%,16.16%,-0.266425,2026-09-04
$SPX,7718.6,2026-09-08,3,Call,"7,770.00",-0.67%,1.7,2,1.9,3264,1081,3.02,11.92%,5.44%,0.09998,2026-09-04
$SPX,7718.6,2026-11-20,76,Put,"7,545.00",-2.25%,117.9,114.46,119,18,6,3,11.92%,15.30%,-0.32766,2026-09-04
$SPX,7718.6,2026-09-11,6,Put,"7,150.00",-7.37%,1,1.03,1.15,1569,523,3,11.92%,26.71%,-0.011666,2026-09-04
$SPX,7718.6,2026-12-31,117,Put,"7,565.00",-1.99%,163.7,158.4,165.2,12,4,3,11.92%,15.40%,-0.353351,2026-09-04
$SPX,7718.6,2026-10-07,32,Put,"7,225.00",-6.39%,19.2,17.31,20.1,15,5,3,11.92%,18.37%,-0.097373,2026-09-04
$SPX,7718.6,2026-10-07,32,Put,"7,725.00",+0.08%,105.4,102.1,106.7,12,4,3,11.92%,12.42%,-0.477688,2026-09-04
$SPX,7718.6,2026-09-08,3,Put,"7,120.00",-7.76%,0.3,0.15,0.4,174,59,2.95,11.92%,34.48%,-0.004578,2026-09-04
$SPX,7718.6,2026-10-07,32,Put,"7,275.00",-5.75%,22.1,20.58,23,44,15,2.93,11.92%,17.69%,-0.112649,2026-09-04
$SPX,7718.6,2026-10-06,31,Put,"7,350.00",-4.78%,26.2,26,27.1,35,12,2.92,11.92%,16.65%,-0.137646,2026-09-04
$SPX,7718.6,2026-10-06,31,Call,"7,825.00",-1.38%,55.5,56.95,56.6,32,11,2.91,11.92%,10.11%,0.365727,2026-09-04
$SPX,7718.6,2026-09-10,5,Call,"7,750.00",-0.41%,13.2,14.2,13.6,2514,872,2.88,11.92%,6.86%,0.330114,2026-09-04
$SPX,7718.6,2026-09-21,16,Put,"7,665.00",-0.69%,50.3,47.06,51.1,23,8,2.88,11.92%,12.26%,-0.369397,2026-09-04
$SPX,7718.6,2026-09-11,6,Put,"7,635.00",-1.08%,16.8,16.5,17.2,1113,388,2.87,11.92%,12.44%,-0.234703,2026-09-04
$SPX,7718.6,2026-09-10,5,Put,"7,290.00",-5.55%,0.85,0.7,1.05,120,42,2.86,11.92%,22.33%,-0.013337,2026-09-04
$SPX,7718.6,2026-09-09,4,Put,"6,575.00",-14.82%,0.15,0.1,0.3,20,7,2.86,11.92%,53.17%,-0.00178,2026-09-04
$SPX,7718.6,2026-09-24,19,Put,"7,720.00",+0.02%,79.2,79.4,80.3,74,26,2.85,11.92%,12.12%,-0.47763,2026-09-04
$SPX,7718.6,2026-09-10,5,Put,"6,400.00",-17.08%,0.15,0.15,0.3,908,321,2.83,11.92%,54.85%,-0.001556,2026-09-04
$SPX,7718.6,2026-09-10,5,Put,"7,450.00",-3.48%,1.65,1.5,1.85,818,289,2.83,11.92%,16.41%,-0.030231,2026-09-04
$SPX,7718.6,2026-10-30,55,Call,"8,145.00",-5.52%,19.8,25.3,20.4,17,6,2.83,11.92%,10.72%,0.127697,2026-09-04
$SPX,7718.6,2026-09-16,11,Put,"6,900.00",-10.61%,1.45,1.3,1.7,11653,4171,2.79,11.92%,29.01%,-0.011571,2026-09-04
$SPX,7718.6,2026-12-18,104,Put,"7,790.00",+0.93%,229.1,224.7,230.5,25,9,2.78,11.92%,13.85%,-0.502894,2026-09-04
$SPX,7718.6,2026-09-18,13,Put,"7,725.00",+0.08%,69,67.28,69.8,1661,599,2.77,11.92%,12.12%,-0.493953,2026-09-04
$SPX,7718.6,2026-11-04,60,Put,"6,850.00",-11.25%,24.8,23.99,25.9,61,22,2.77,11.92%,22.39%,-0.07755,2026-09-04
$SPX,7718.6,2026-09-14,9,Put,"7,735.00",+0.21%,55.9,52.95,56.4,108,39,2.77,11.92%,10.47%,-0.533397,2026-09-04
$SPX,7718.6,2026-09-08,3,Put,"6,550.00",-15.14%,0.1,0.1,0.2,267,97,2.75,11.92%,60.47%,-0.00124,2026-09-04
$SPX,7718.6,2026-09-08,3,Put,"7,110.00",-7.88%,0.3,0.3,0.4,71,26,2.73,11.92%,35.02%,-0.004513,2026-09-04
$SPX,7718.6,2026-09-11,6,Put,"7,715.00",-0.05%,41.5,39.76,42,844,309,2.73,11.92%,11.52%,-0.472195,2026-09-04
$SPX,7718.6,2026-09-11,6,Put,"7,455.00",-3.42%,3.1,3.1,3.3,318,117,2.72,11.92%,16.54%,-0.046903,2026-09-04
$SPX,7718.6,2026-10-23,48,Put,"7,725.00",+0.08%,131.1,129.95,132.5,128,47,2.72,11.92%,12.90%,-0.47037,2026-09-04
$SPX,7718.6,2027-02-19,167,Put,"6,200.00",-19.67%,46.7,44.8,48,3016,1110,2.72,11.92%,25.57%,-0.074257,2026-09-04
$SPX,7718.6,2026-09-09,4,Put,"7,515.00",-2.64%,1.45,1.4,1.7,427,157,2.72,11.92%,14.28%,-0.034379,2026-09-04
$SPX,7718.6,2026-09-08,3,Call,"7,690.00",+0.37%,30.7,33.7,31.1,792,291,2.72,11.92%,1.53%,0.998068,2026-09-04
$SPX,7718.6,2026-09-08,3,Put,"7,290.00",-5.55%,0.4,0.45,0.55,245,90,2.72,11.92%,26.29%,-0.007759,2026-09-04
$SPX,7718.6,2026-09-11,6,Call,"7,865.00",-1.90%,1.85,1.97,2.05,644,237,2.72,11.92%,8.77%,0.053407,2026-09-04
$SPX,7718.6,2026-09-11,6,Put,"6,575.00",-14.82%,0.35,0.3,0.5,556,205,2.71,11.92%,46.20%,-0.003021,2026-09-04
$SPX,7718.6,2026-09-11,6,Put,"5,600.00",-27.45%,0.05,0.1,0.2,3574,1322,2.7,11.92%,78.44%,-0.000587,2026-09-04
$SPX,7718.6,2026-09-08,3,Put,"7,580.00",-1.80%,1.2,1.2,1.4,1323,490,2.7,11.92%,11.59%,-0.039601,2026-09-04
$SPX,7718.6,2026-09-25,20,Call,"7,785.00",-0.86%,48.3,51.4,49.2,86,32,2.69,11.92%,9.87%,0.392317,2026-09-04
$SPX,7718.6,2026-09-15,10,Call,"8,250.00",-6.88%,0.1,0.15,0.35,35,13,2.69,11.92%,14.81%,0.003873,2026-09-04
$SPX,7718.6,2026-09-25,20,Call,"8,125.00",-5.27%,1.1,1.15,1.4,1617,604,2.68,11.92%,10.09%,0.018934,2026-09-04
$SPX,7718.6,2026-10-16,41,Call,"7,720.00",-0.02%,135.8,142,136.9,64,24,2.67,11.92%,11.69%,0.548295,2026-09-04
$SPX,7718.6,2026-10-23,48,Call,"7,825.00",-1.38%,95.3,97.9,96.6,16,6,2.67,11.92%,11.34%,0.423202,2026-09-04
$SPX,7718.6,2026-09-10,5,Put,"7,650.00",-0.89%,13.4,13.2,13.8,864,324,2.67,11.92%,11.05%,-0.232573,2026-09-04
$SPX,7718.6,2026-09-08,3,Call,"7,685.00",+0.44%,34.3,36.8,34.7,527,198,2.66,11.92%,3.64%,0.921273,2026-09-04
$SPX,7718.6,2027-07-16,314,Call,"8,400.00",-8.83%,234.4,234,236.9,1000,376,2.66,11.92%,13.80%,0.371094,2026-09-04
$SPX,7718.6,2026-09-08,3,Put,"7,430.00",-3.74%,0.5,0.55,0.7,1144,431,2.65,11.92%,19.05%,-0.012841,2026-09-04
$SPX,7718.6,2026-09-09,4,Call,"7,590.00",+1.67%,113.4,133.25,132.8,37,14,2.64,11.92%,9.94%,0.951382,2026-09-04
$SPX,7718.6,2026-09-11,6,Put,"7,210.00",-6.59%,1.1,0.95,1.3,372,141,2.64,11.92%,24.54%,-0.013906,2026-09-04
$SPX,7718.6,2026-09-09,4,Put,"7,730.00",+0.15%,35.7,33.05,36.2,462,175,2.64,11.92%,9.72%,-0.54492,2026-09-04
$SPX,7718.6,2026-10-07,32,Call,"7,900.00",-2.35%,32.9,34.6,33.9,21,8,2.63,11.92%,9.86%,0.251529,2026-09-04
$SPX,7718.6,2026-10-23,48,Call,"7,950.00",-3.00%,48.1,48.05,49.2,21,8,2.63,11.92%,10.74%,0.269756,2026-09-04
$SPX,7718.6,2026-09-14,9,Put,"7,715.00",-0.05%,46,44.56,46.5,68,26,2.62,11.92%,10.53%,-0.469598,2026-09-04
$SPX,7718.6,2026-09-08,3,Put,"7,760.00",+0.54%,53,49.7,54.6,434,166,2.61,11.92%,10.71%,-0.702346,2026-09-04
$SPX,7718.6,2026-09-25,20,Put,"7,505.00",-2.77%,27.9,25.28,28.6,26,10,2.6,11.92%,14.78%,-0.189772,2026-09-04
$SPX,7718.6,2026-10-23,48,Put,"7,050.00",-8.66%,24.3,23.84,25.2,26,10,2.6,11.92%,20.23%,-0.091394,2026-09-04
$SPX,7718.6,2026-12-18,104,Put,"7,605.00",-1.47%,164.2,159.11,166.4,49,19,2.58,11.92%,15.16%,-0.374402,2026-09-04
$SPX,7718.6,2026-09-08,3,Put,"7,180.00",-6.98%,0.35,0.3,0.45,154,60,2.57,11.92%,31.74%,-0.005583,2026-09-04
$SPX,7718.6,2026-10-09,34,Put,"7,750.00",+0.41%,119.6,112.68,120.8,208,81,2.57,11.92%,12.27%,-0.5127,2026-09-04
$SPX,7718.6,2026-09-11,6,Put,"7,090.00",-8.14%,0.9,0.6,1.05,69,27,2.56,11.92%,28.87%,-0.009951,2026-09-04
$SPX,7718.6,2026-11-30,86,Put,"6,970.00",-9.70%,47.9,47.4,48.7,23,9,2.56,11.92%,20.37%,-0.123035,2026-09-04
$SPX,7718.6,2026-09-11,6,Put,"7,550.00",-2.18%,6.9,6.5,7.1,4687,1844,2.54,11.92%,14.13%,-0.104149,2026-09-04
$SPX,7718.6,2026-09-08,3,Put,"6,825.00",-11.58%,0.15,0.15,0.25,376,150,2.51,11.92%,47.67%,-0.002024,2026-09-04
$SPX,7718.6,2026-09-08,3,Put,"7,850.00",+1.70%,140.2,134.8,142.1,85,34,2.5,11.92%,18.78%,-0.83726,2026-09-04
$SPX,7718.6,2026-10-30,55,Call,"8,130.00",-5.33%,21.6,22.15,22.5,65,26,2.5,11.92%,10.73%,0.137557,2026-09-04
$SPX,7718.6,2026-09-09,4,Call,"8,225.00",-6.56%,0,0.1,0.15,10,4,2.5,11.92%,20.37%,0.001595,2026-09-04
$SPX,7718.6,2026-09-16,11,Put,"7,825.00",+1.38%,121.5,119.55,130.9,30,12,2.5,11.92%,11.94%,-0.73842,2026-09-04
$SPX,7718.6,2027-03-31,207,Put,"7,860.00",+1.83%,336.8,326.7,339,10,4,2.5,11.92%,14.38%,-0.509906,2026-09-04
$SPX,7718.6,2026-09-21,16,Call,"7,870.00",-1.96%,12.3,13.2,12.9,237,95,2.49,11.92%,8.77%,0.168115,2026-09-04
$SPX,7718.6,2026-09-11,6,Put,"7,530.00",-2.44%,5.7,5.41,5.9,763,308,2.48,11.92%,14.59%,-0.086689,2026-09-04
$SPX,7718.6,2026-09-14,9,Call,"7,975.00",-3.32%,0.45,0.5,0.65,561,227,2.47,11.92%,9.19%,0.01408,2026-09-04
$SPX,7718.6,2026-12-31,117,Call,"7,970.00",-3.26%,150.1,151.86,151.7,32,13,2.46,11.92%,12.45%,0.403481,2026-09-04
$SPX,7718.6,2026-09-18,13,Call,"7,840.00",-1.57%,15.8,17.9,16.5,1158,470,2.46,11.92%,9.35%,0.211049,2026-09-04
$SPX,7718.6,2026-09-25,20,Call,"7,715.00",+0.05%,84,85.1,85,59,24,2.46,11.92%,10.37%,0.545107,2026-09-04
$SPX,7718.6,2026-09-18,13,Put,"7,635.00",-1.08%,37.9,35.15,38.6,1631,665,2.45,11.92%,13.09%,-0.309732,2026-09-04
$SPX,7718.6,2027-03-31,207,Put,"7,835.00",+1.51%,327,321.1,329.3,22,9,2.44,11.92%,14.54%,-0.494139,2026-09-04
$SPX,7718.6,2026-09-28,23,Call,"8,075.00",-4.62%,2.1,2.46,2.55,198,81,2.44,11.92%,9.25%,0.033277,2026-09-04
$SPX,7718.6,2026-10-30,55,Put,"7,790.00",+0.93%,171,155.12,172.3,22,9,2.44,11.92%,12.73%,-0.539199,2026-09-04
$SPX,7718.6,2026-09-11,6,Put,"7,645.00",-0.95%,18.8,18.55,19.2,1396,574,2.43,11.92%,12.28%,-0.258038,2026-09-04
$SPX,7718.6,2026-10-02,27,Put,"7,270.00",-5.81%,17.6,16.95,18.3,17,7,2.43,11.92%,18.09%,-0.098318,2026-09-04
$SPX,7718.6,2026-10-02,27,Put,"7,425.00",-3.80%,29.4,29.9,30.1,611,251,2.43,11.92%,15.90%,-0.165243,2026-09-04
$SPX,7718.6,2026-10-01,26,Put,"7,580.00",-1.80%,50.9,48.07,51.9,17,7,2.43,11.92%,13.85%,-0.285225,2026-09-04
$SPX,7718.6,2026-11-20,76,Call,"8,060.00",-4.42%,59.9,61,61.6,248,102,2.43,11.92%,11.46%,0.256663,2026-09-04
$SPX,7718.6,2026-09-24,19,Put,"7,440.00",-3.61%,19.1,19.82,19.8,41,17,2.41,11.92%,15.67%,-0.13709,2026-09-04
$SPX,7718.6,2026-09-22,17,Put,"7,490.00",-2.96%,19.9,19.6,20.6,24,10,2.4,11.92%,14.71%,-0.156129,2026-09-04
$SPX,7718.6,2026-10-07,32,Put,"6,950.00",-9.96%,10,9.79,10.7,12,5,2.4,11.92%,22.30%,-0.04778,2026-09-04
$SPX,7718.6,2026-09-08,3,Put,"7,600.00",-1.54%,1.7,1.52,1.9,4387,1831,2.4,11.92%,10.93%,-0.055239,2026-09-04
$SPX,7718.6,2026-12-18,104,Call,"7,830.00",-1.44%,198.9,207.1,200.3,19,8,2.38,11.92%,12.90%,0.494266,2026-09-04
$SPX,7718.6,2026-09-25,20,Put,"7,605.00",-1.47%,45.3,45.2,46.2,31,13,2.38,11.92%,13.46%,-0.29494,2026-09-04
$SPX,7718.6,2026-10-16,41,Put,"6,050.00",-21.62%,4.5,4,4.9,606,258,2.35,11.92%,34.65%,-0.014306,2026-09-04
$SPX,7718.6,2026-11-03,59,Put,"4,000.00",-48.18%,0.65,0.81,1.05,40,17,2.35,11.92%,58.01%,-0.001545,2026-09-04
$SPX,7718.6,2026-09-16,11,Call,"7,745.00",-0.34%,38.7,40.3,39.5,54,23,2.35,11.92%,8.88%,0.443215,2026-09-04
$SPX,7718.6,2026-09-09,4,Put,"7,650.00",-0.89%,8.9,8.2,9.2,1483,634,2.34,11.92%,10.36%,-0.194542,2026-09-04
$SPX,7718.6,2026-09-09,4,Put,"7,770.00",+0.67%,64.3,61.94,66.1,75,32,2.34,11.92%,10.97%,-0.711318,2026-09-04
$SPX,7718.6,2026-09-29,24,Put,"7,740.00",+0.28%,96.1,87.2,97.2,68,29,2.34,11.92%,11.85%,-0.509657,2026-09-04
$SPX,7718.6,2026-09-18,13,Put,"7,705.00",-0.18%,60.4,60.31,61.2,861,369,2.33,11.92%,12.29%,-0.448645,2026-09-04
$SPX,7718.6,2026-09-24,19,Put,"7,430.00",-3.74%,18.2,18.15,19,28,12,2.33,11.92%,15.82%,-0.131176,2026-09-04
$SPX,7718.6,2026-09-21,16,Put,"7,615.00",-1.34%,37,34.72,37.8,35,15,2.33,11.92%,12.85%,-0.285964,2026-09-04
$SPX,7718.6,2026-12-18,104,Put,"7,385.00",-4.32%,114.3,112.1,115.6,14,6,2.33,11.92%,16.90%,-0.263379,2026-09-04
$SPX,7718.6,2026-09-14,9,Call,"7,860.00",-1.83%,3.1,3.3,3.4,326,140,2.33,11.92%,7.70%,0.077605,2026-09-04
$SPX,7718.6,2026-09-08,3,Put,"7,020.00",-9.05%,0.25,0.2,0.35,56,24,2.33,11.92%,39.21%,-0.003529,2026-09-04
$SPX,7718.6,2026-09-09,4,Put,"7,640.00",-1.02%,7.5,7.65,7.9,530,227,2.33,11.92%,10.59%,-0.16826,2026-09-04
$SPX,7718.6,2026-10-30,55,Call,"7,585.00",+1.73%,261.5,264.1,262.7,51,22,2.32,11.92%,13.45%,0.679985,2026-09-04
$SPX,7718.6,2026-10-02,27,Call,"8,150.00",-5.59%,2.05,2.27,2.5,1822,790,2.31,11.92%,9.93%,0.028621,2026-09-04
$SPX,7718.6,2026-09-11,6,Put,"7,745.00",+0.34%,57.4,54.5,57.9,298,129,2.31,11.92%,11.51%,-0.578452,2026-09-04
$SPX,7718.6,2026-09-09,4,Put,"7,530.00",-2.44%,1.7,1.75,1.9,711,308,2.31,11.92%,13.75%,-0.039934,2026-09-04
$SPX,7718.6,2026-09-09,4,Put,"7,680.00",-0.50%,14.9,13.81,15.3,1556,677,2.3,11.92%,9.82%,-0.299432,2026-09-04
$SPX,7718.6,2026-10-05,30,Put,"6,625.00",-14.17%,4.9,4.5,5.4,16,7,2.29,11.92%,27.52%,-0.022129,2026-09-04
$SPX,7718.6,2026-10-02,27,Put,"7,570.00",-1.93%,51.3,51.52,52.1,227,99,2.29,11.92%,14.07%,-0.278962,2026-09-04
$SPX,7718.6,2026-12-18,104,Put,"12,400.00",+60.65%,4549.6,4545.12,4573.6,16,7,2.29,11.92%,0.00%,0,2026-09-04
$SPX,7718.6,2026-09-09,4,Call,"7,680.00",+0.50%,44.1,47.2,44.6,212,93,2.28,11.92%,4.75%,0.862109,2026-09-04
$SPX,7718.6,2026-09-09,4,Put,"7,345.00",-4.84%,0.65,0.6,0.85,25,11,2.27,11.92%,21.38%,-0.012412,2026-09-04
$SPX,7718.6,2026-09-11,6,Put,"7,595.00",-1.60%,10.8,10.4,11.2,709,314,2.26,11.92%,13.17%,-0.159514,2026-09-04
$SPX,7718.6,2026-09-11,6,Put,"6,980.00",-9.57%,0.75,0.5,0.9,70,31,2.26,11.92%,32.78%,-0.007614,2026-09-04
$SPX,7718.6,2026-09-10,5,Put,"7,360.00",-4.65%,1.05,1.05,1.3,27,12,2.25,11.92%,19.69%,-0.018066,2026-09-04
$SPX,7718.6,2026-12-18,104,Put,"13,400.00",+73.61%,5537.4,5544.72,5561.4,18,8,2.25,11.92%,0.00%,0,2026-09-04
$SPX,7718.6,2026-09-10,5,Put,"7,360.00",-4.65%,1.05,1.05,1.3,27,12,2.25,11.92%,19.69%,-0.018066,2026-09-04
$SPX,7718.6,2026-10-09,34,Put,"7,725.00",+0.08%,109,105.87,110.2,119,53,2.25,11.92%,12.50%,-0.476869,2026-09-04
$SPX,7718.6,2026-10-09,34,Put,"7,490.00",-2.96%,47.3,45.75,48.3,18,8,2.25,11.92%,15.02%,-0.228738,2026-09-04
$SPX,7718.6,2026-09-08,3,Call,"7,695.00",+0.31%,27.2,30.1,27.6,2438,1083,2.25,11.92%,3.30%,0.869928,2026-09-04
$SPX,7718.6,2026-09-15,10,Call,"7,750.00",-0.41%,28.9,30.2,29.7,1121,498,2.25,11.92%,7.84%,0.409181,2026-09-04
$SPX,7718.6,2026-09-08,3,Put,"7,555.00",-2.12%,0.9,0.87,1,595,266,2.24,11.92%,12.57%,-0.028039,2026-09-04
$SPX,7718.6,2026-10-02,27,Put,"6,975.00",-9.63%,8.2,7.84,8.7,239,107,2.23,11.92%,22.59%,-0.042733,2026-09-04
$SPX,7718.6,2026-09-14,9,Put,"7,505.00",-2.77%,6.5,6.3,6.8,102,46,2.22,11.92%,13.62%,-0.086799,2026-09-04
$SPX,7718.6,2026-09-08,3,Put,"7,060.00",-8.53%,0.25,0.25,0.35,82,37,2.22,11.92%,37.09%,-0.003716,2026-09-04
$SPX,7718.6,2026-09-08,3,Put,"6,800.00",-11.90%,0.15,0.15,0.25,3020,1375,2.2,11.92%,48.96%,-0.001974,2026-09-04
$SPX,7718.6,2026-09-17,12,Put,"7,515.00",-2.64%,15.5,13.84,16.1,55,25,2.2,11.92%,14.78%,-0.146714,2026-09-04
$SPX,7718.6,2026-09-25,20,Put,"7,615.00",-1.34%,47.7,45.15,48.6,57,26,2.19,11.92%,13.35%,-0.308176,2026-09-04
$SPX,7718.6,2026-09-08,3,Put,"7,435.00",-3.67%,0.5,0.54,0.7,4076,1869,2.18,11.92%,18.76%,-0.013019,2026-09-04
$SPX,7718.6,2026-09-08,3,Call,"7,675.00",+0.56%,42.1,45.65,42.9,918,423,2.17,11.92%,0.00%,0,2026-09-04
$SPX,7718.6,2026-09-08,3,Put,"7,380.00",-4.39%,0.45,0.5,0.6,395,182,2.17,11.92%,21.55%,-0.010181,2026-09-04
$SPX,7718.6,2026-09-11,6,Put,"7,355.00",-4.71%,1.75,1.3,1.95,52,24,2.17,11.92%,19.56%,-0.025062,2026-09-04
$SPX,7718.6,2026-09-21,16,Put,"7,715.00",-0.05%,68.6,64.5,69.5,13,6,2.17,11.92%,11.78%,-0.468964,2026-09-04
$SPX,7718.6,2026-10-16,41,Put,"7,745.00",+0.34%,127.9,126.8,129.8,203,94,2.16,11.92%,12.49%,-0.499391,2026-09-04
$SPX,7718.6,2026-09-14,9,Put,"5,600.00",-27.45%,0.1,0.1,0.25,1604,742,2.16,11.92%,65.84%,-0.000783,2026-09-04
$SPX,7718.6,2026-09-11,6,Put,"7,555.00",-2.12%,7.2,7.1,7.5,1114,517,2.15,11.92%,14.02%,-0.109143,2026-09-04
$SPX,7718.6,2027-03-31,207,Put,"7,880.00",+2.09%,344.8,338.1,347.1,15,7,2.14,11.92%,14.25%,-0.521193,2026-09-04
$SPX,7718.6,2026-09-24,19,Call,"7,780.00",-0.80%,46.6,48.95,47.5,79,37,2.14,11.92%,9.63%,0.396027,2026-09-04
$SPX,7718.6,2026-09-11,6,Call,"7,850.00",-1.70%,2.6,2.98,2.85,3283,1540,2.13,11.92%,8.65%,0.071873,2026-09-04
$SPX,7718.6,2026-10-07,32,Call,"8,050.00",-4.29%,8.3,10.33,9.1,17,8,2.13,11.92%,9.55%,0.087396,2026-09-04
$SPX,7718.6,2026-09-18,13,Call,"8,025.00",-3.97%,1.05,1.15,1.35,3296,1549,2.13,11.92%,9.90%,0.022462,2026-09-04
$SPX,7718.6,2026-10-08,33,Put,"7,225.00",-6.39%,20.4,19.75,21.2,17,8,2.13,11.92%,18.39%,-0.100652,2026-09-04
$SPX,7718.6,2026-09-09,4,Put,"7,255.00",-6.01%,0.55,0.45,0.7,128,60,2.13,11.92%,25.31%,-0.009032,2026-09-04
$SPX,7718.6,2026-10-16,41,Put,"5,900.00",-23.56%,3.8,3.4,4.1,5019,2355,2.13,11.92%,36.81%,-0.011573,2026-09-04
$SPX,7718.6,2026-10-02,27,Call,"7,775.00",-0.73%,71.1,72.57,72.4,404,191,2.12,11.92%,10.53%,0.441902,2026-09-04
$SPX,7718.6,2026-12-18,104,Put,"7,730.00",+0.15%,204.7,201.7,206.9,72,34,2.12,11.92%,14.24%,-0.457003,2026-09-04
$SPX,7718.6,2026-10-02,27,Put,"7,360.00",-4.65%,23.5,23.77,24.3,40,19,2.11,11.92%,16.82%,-0.132274,2026-09-04
$SPX,7718.6,2026-09-29,24,Call,"7,720.00",-0.02%,88.8,95.45,89.9,21,10,2.1,11.92%,10.22%,0.53876,2026-09-04
$SPX,7718.6,2026-09-08,3,Call,"7,800.00",-1.05%,0.5,0.6,0.65,11838,5671,2.09,11.92%,6.15%,0.033963,2026-09-04
$SPX,7718.6,2026-09-10,5,Call,"7,760.00",-0.54%,10.3,10.98,10.7,685,328,2.09,11.92%,6.89%,0.275061,2026-09-04
$SPX,7718.6,2026-09-11,6,Put,"7,505.00",-2.77%,4.5,4.4,4.8,333,159,2.09,11.92%,15.19%,-0.069526,2026-09-04
$SPX,7718.6,2026-09-10,5,Put,"7,745.00",+0.34%,50.7,48.02,51.2,188,90,2.09,11.92%,10.59%,-0.5964,2026-09-04
$SPX,7718.6,2026-10-23,48,Put,"7,100.00",-8.01%,26.9,27.3,27.8,54,26,2.08,11.92%,19.63%,-0.101889,2026-09-04
$SPX,7718.6,2026-11-20,76,Call,"7,585.00",+1.73%,302.1,304.75,304.5,102,49,2.08,11.92%,13.86%,0.666378,2026-09-04
$SPX,7718.6,2026-09-08,3,Call,"7,795.00",-0.99%,0.6,0.71,0.75,2707,1305,2.07,11.92%,6.00%,0.039884,2026-09-04
$SPX,7718.6,2026-09-09,4,Put,"7,540.00",-2.31%,1.85,1.95,2.1,427,206,2.07,11.92%,13.39%,-0.044286,2026-09-04
$SPX,7718.6,2026-09-08,3,Put,"7,370.00",-4.52%,0.45,0.5,0.6,379,184,2.06,11.92%,22.12%,-0.009945,2026-09-04
$SPX,7718.6,2026-09-08,3,Put,"7,545.00",-2.25%,0.8,0.8,1,3158,1535,2.06,11.92%,13.09%,-0.02579,2026-09-04
$SPX,7718.6,2026-11-20,76,Call,"8,180.00",-5.98%,33.9,35.19,35.2,41,20,2.05,11.92%,11.19%,0.16834,2026-09-04
$SPX,7718.6,2026-09-11,6,Put,"7,580.00",-1.80%,9.2,8.92,9.6,1698,828,2.05,11.92%,13.47%,-0.137992,2026-09-04
$SPX,7718.6,2026-09-11,6,Put,"7,250.00",-6.07%,1.25,1.23,1.45,1620,796,2.04,11.92%,23.21%,-0.01625,2026-09-04
$SPX,7718.6,2026-09-30,25,Call,"7,950.00",-3.00%,12.2,12.81,12.7,10611,5215,2.03,11.92%,9.23%,0.133846,2026-09-04
$SPX,7718.6,2026-09-11,6,Call,"8,275.00",-7.21%,0.15,0.1,0.25,287,142,2.02,11.92%,19.77%,0.003371,2026-09-04
$SPX,7718.6,2026-09-11,6,Put,"7,480.00",-3.09%,3.7,3.76,3.9,853,422,2.02,11.92%,15.82%,-0.056493,2026-09-04
$SPX,7718.6,2026-09-11,6,Put,"7,445.00",-3.54%,2.9,2.75,3.1,271,135,2.01,11.92%,16.83%,-0.043689,2026-09-04
$SPX,7718.6,2026-09-09,4,Call,"7,770.00",-0.67%,4.3,4.94,4.7,634,316,2.01,11.92%,6.20%,0.168907,2026-09-04
$SPX,7718.6,2026-09-08,3,Put,"7,170.00",-7.11%,0.3,0.35,0.45,68,34,2,11.92%,32.05%,-0.005217,2026-09-04
$SPX,7718.6,2026-10-07,32,Call,"7,720.00",-0.02%,111,115.6,112.3,20,10,2,11.92%,10.92%,0.54427,2026-09-04
$SPX,7718.6,2027-03-31,207,Call,"8,475.00",-9.80%,96.7,98.4,98.6,28,14,2,11.92%,12.47%,0.239547,2026-09-04
$SPX,7718.6,2026-10-06,31,Call,"7,925.00",-2.67%,24.7,25.78,25.7,26,13,2,11.92%,9.65%,0.208318,2026-09-04
$SPX,7718.6,2026-11-30,86,Call,"7,705.00",+0.18%,236.1,252.47,237.5,12,6,2,11.92%,13.04%,0.578347,2026-09-04
$SPX,7718.6,2026-10-05,30,Put,"6,975.00",-9.63%,9,8.3,9.7,20,10,2,11.92%,21.92%,-0.045721,2026-09-04
$SPX,7718.6,2026-09-22,17,Put,"7,780.00",+0.80%,104.1,92.37,105,16,8,2,11.92%,11.47%,-0.60663,2026-09-04
$SPX,7718.6,2026-09-16,11,Put,"7,755.00",+0.47%,77.7,77.55,78.6,10,5,2,11.92%,11.64%,-0.574901,2026-09-04
$SPX,7718.6,2026-09-14,9,Put,"7,415.00",-3.93%,3.5,3.4,3.7,54,27,2,11.92%,15.58%,-0.04585,2026-09-04
$SPX,7718.6,2026-10-08,33,Put,"7,400.00",-4.13%,34,32.7,35,22,11,2,11.92%,16.11%,-0.169624,2026-09-04
$SPX,7718.6,2026-10-06,31,Put,"7,425.00",-3.80%,33.5,31.27,34.4,10,5,2,11.92%,15.68%,-0.175574,2026-09-04
$SPX,7718.6,2026-11-20,76,Put,"7,530.00",-2.44%,114.3,108.7,115.5,18,9,2,11.92%,15.43%,-0.318414,2026-09-04
$SPX,7718.6,2026-09-08,3,Call,"7,790.00",-0.93%,0.75,0.82,0.85,3826,1925,1.99,11.92%,5.86%,0.047164,2026-09-04
$SPX,7718.6,2026-09-15,10,Call,"7,715.00",+0.05%,45.8,48.5,46.6,181,91,1.99,11.92%,7.92%,0.546996,2026-09-04
$SPX,7718.6,2026-09-10,5,Call,"7,870.00",-1.96%,0.5,0.54,0.7,625,314,1.99,11.92%,8.03%,0.022275,2026-09-04
$SPX,7718.6,2026-09-22,17,Put,"7,690.00",-0.37%,61.5,57.19,62.5,115,58,1.98,11.92%,12.12%,-0.419156,2026-09-04
$SPX,7718.6,2026-09-15,10,Put,"7,600.00",-1.54%,17.7,17.14,18.2,1335,677,1.97,11.92%,12.13%,-0.20473,2026-09-04
$SPX,7718.6,2026-09-18,13,Put,"7,710.00",-0.11%,62.4,61.38,63.2,534,271,1.97,11.92%,12.24%,-0.459706,2026-09-04
$SPX,7718.6,2026-09-14,9,Put,"7,405.00",-4.06%,3.3,2.75,3.5,180,92,1.96,11.92%,15.81%,-0.043068,2026-09-04
$SPX,7718.6,2026-09-10,5,Put,"7,735.00",+0.21%,44.5,42.11,44.9,233,119,1.96,11.92%,10.47%,-0.555572,2026-09-04
$SPX,7718.6,2026-09-10,5,Put,"7,705.00",-0.18%,29.4,28.55,29.8,211,108,1.95,11.92%,10.41%,-0.427362,2026-09-04
$SPX,7718.6,2026-10-16,41,Put,"6,630.00",-14.10%,9.4,9,10,43,22,1.95,11.92%,26.29%,-0.03492,2026-09-04
$SPX,7718.6,2026-09-11,6,Call,"7,835.00",-1.51%,3.7,3.95,4,691,354,1.95,11.92%,8.58%,0.096764,2026-09-04
$SPX,7718.6,2026-09-11,6,Call,"7,930.00",-2.74%,0.6,0.55,0.75,1338,691,1.94,11.92%,9.90%,0.018959,2026-09-04
$SPX,7718.6,2026-12-31,117,Call,"7,375.00",+4.45%,531.1,546.74,543.2,66,34,1.94,11.92%,15.68%,0.756868,2026-09-04
$SPX,7718.6,2026-09-11,6,Put,"7,720.00",+0.02%,43.9,41.85,44.4,1203,620,1.94,11.92%,11.51%,-0.489968,2026-09-04
$SPX,7718.6,2026-09-15,10,Put,"7,505.00",-2.77%,8.2,6.6,8.7,62,32,1.94,11.92%,13.80%,-0.100317,2026-09-04
$SPX,7718.6,2026-09-09,4,Put,"7,690.00",-0.37%,17.7,16.65,18.2,401,207,1.94,11.92%,9.68%,-0.343058,2026-09-04
$SPX,7718.6,2026-09-09,4,Put,"7,775.00",+0.73%,68.6,64.16,70.4,96,50,1.92,11.92%,11.23%,-0.725794,2026-09-04
$SPX,7718.6,2026-12-18,104,Put,"7,615.00",-1.34%,167.1,164.7,169.2,25,13,1.92,11.92%,15.09%,-0.380277,2026-09-04
$SPX,7718.6,2026-09-08,3,Put,"7,315.00",-5.23%,0.4,0.4,0.55,134,70,1.91,11.92%,24.90%,-0.008153,2026-09-04
$SPX,7718.6,2026-10-08,33,Call,"7,975.00",-3.32%,18.7,20.7,19.6,21,11,1.91,11.92%,9.76%,0.162267,2026-09-04
$SPX,7718.6,2026-09-09,4,Put,"7,665.00",-0.69%,11.5,10.65,11.8,452,237,1.91,11.92%,10.06%,-0.241975,2026-09-04
$SPX,7718.6,2026-09-15,10,Put,"6,700.00",-13.20%,0.75,0.65,1,201,106,1.9,11.92%,34.67%,-0.006027,2026-09-04
$SPX,7718.6,2026-10-16,41,Call,"7,275.00",+5.75%,487.5,520.9,497.6,38,20,1.9,11.92%,15.02%,0.900427,2026-09-04
$SPX,7718.6,2026-09-25,20,Call,"8,400.00",-8.83%,0.3,0.3,0.55,202,107,1.89,11.92%,13.76%,0.005412,2026-09-04
$SPX,7718.6,2026-09-16,11,Put,"7,460.00",-3.35%,8.7,7.92,9.3,87,46,1.89,11.92%,15.41%,-0.092586,2026-09-04
$SPX,7718.6,2026-09-11,6,Put,"7,490.00",-2.96%,4,4,4.3,900,476,1.89,11.92%,15.60%,-0.061678,2026-09-04
$SPX,7718.6,2026-10-02,27,Put,"7,340.00",-4.91%,21.9,21.02,22.8,36,19,1.89,11.92%,17.09%,-0.123555,2026-09-04
$SPX,7718.6,2026-10-05,30,Put,"7,625.00",-1.21%,67.1,64.27,68.2,278,148,1.88,11.92%,13.21%,-0.342872,2026-09-04
$SPX,7718.6,2026-09-09,4,Put,"7,535.00",-2.38%,1.75,1.7,2,274,146,1.88,11.92%,13.56%,-0.041886,2026-09-04
$SPX,7718.6,2026-09-08,3,Put,"7,300.00",-5.42%,0.4,0.5,0.55,1372,735,1.87,11.92%,25.74%,-0.007912,2026-09-04
$SPX,7718.6,2026-09-11,6,Put,"7,415.00",-3.93%,2.4,2.01,2.6,144,77,1.87,11.92%,17.70%,-0.035655,2026-09-04
$SPX,7718.6,2026-10-23,48,Put,"6,450.00",-16.44%,9.4,9.07,10,13,7,1.86,11.92%,27.92%,-0.030812,2026-09-04
$SPX,7718.6,2026-09-15,10,Put,"7,625.00",-1.21%,22,20,22.6,815,438,1.86,11.92%,11.75%,-0.247961,2026-09-04
$SPX,7718.6,2026-10-30,55,Put,"7,635.00",-1.08%,112.8,107.17,114,52,28,1.86,11.92%,14.05%,-0.380755,2026-09-04
$SPX,7718.6,2026-11-30,86,Call,"8,145.00",-5.52%,48.9,52.9,50,13,7,1.86,11.92%,11.24%,0.212306,2026-09-04
$SPX,7718.6,2026-11-30,86,Call,"8,050.00",-4.29%,73.4,73.65,74.6,10001,5388,1.86,11.92%,11.48%,0.284356,2026-09-04
$SPX,7718.6,2026-09-10,5,Call,"7,710.00",+0.11%,30.6,32.53,31.1,324,174,1.86,11.92%,6.70%,0.582983,2026-09-04
$SPX,7718.6,2026-09-08,3,Call,"7,855.00",-1.77%,0.1,0.15,0.25,829,447,1.85,11.92%,8.05%,0.009256,2026-09-04
$SPX,7718.6,2026-09-11,6,Call,"7,745.00",-0.34%,23.5,24.65,23.9,493,266,1.85,11.92%,8.47%,0.399664,2026-09-04
$SPX,7718.6,2026-09-08,3,Put,"7,265.00",-5.88%,0.4,0.25,0.5,35,19,1.84,11.92%,27.50%,-0.00709,2026-09-04
$SPX,7718.6,2026-09-11,6,Put,"7,615.00",-1.34%,13.4,13.44,13.8,430,234,1.84,11.92%,12.77%,-0.193365,2026-09-04
$SPX,7718.6,2026-09-10,5,Put,"6,300.00",-18.38%,0.1,0.15,0.25,735,400,1.84,11.92%,57.78%,-0.001173,2026-09-04
$SPX,7718.6,2026-10-02,27,Put,"7,260.00",-5.94%,17,15.94,17.8,22,12,1.83,11.92%,18.23%,-0.095184,2026-09-04
$SPX,7718.6,2026-09-08,3,Put,"7,650.00",-0.89%,4.7,4.3,5,6700,3653,1.83,11.92%,9.51%,-0.142116,2026-09-04
$SPX,7718.6,2026-09-09,4,Call,"7,615.00",+1.34%,98.6,103.1,100.4,20,11,1.82,11.92%,0.00%,0,2026-09-04
$SPX,7718.6,2026-09-11,6,Put,"7,735.00",+0.21%,51.7,48,52.1,319,175,1.82,11.92%,11.49%,-0.543355,2026-09-04
$SPX,7718.6,2026-09-11,6,Put,"7,520.00",-2.57%,5.2,5.22,5.4,796,438,1.82,11.92%,14.82%,-0.079275,2026-09-04
$SPX,7718.6,2026-09-11,6,Call,"7,760.00",-0.54%,18,18.8,18.5,793,440,1.8,11.92%,8.46%,0.332547,2026-09-04
$SPX,7718.6,2026-09-08,3,Put,"7,795.00",+0.99%,85.8,80.35,87.5,25,14,1.79,11.92%,13.67%,-0.783221,2026-09-04
$SPX,7718.6,2026-09-09,4,Put,"7,745.00",+0.34%,44.8,44,46.6,242,135,1.79,11.92%,10.03%,-0.616702,2026-09-04
$SPX,7718.6,2026-09-09,4,Put,"7,590.00",-1.67%,3.5,3.3,3.8,332,185,1.79,11.92%,11.89%,-0.082904,2026-09-04
$SPX,7718.6,2026-10-06,31,Put,"7,550.00",-2.18%,52.3,50.32,53.4,48,27,1.78,11.92%,14.17%,-0.267801,2026-09-04
$SPX,7718.6,2026-09-21,16,Put,"7,625.00",-1.21%,39.3,38.81,40.1,285,160,1.78,11.92%,12.72%,-0.301132,2026-09-04
$SPX,7718.6,2026-09-14,9,Put,"7,510.00",-2.70%,6.8,6.8,7,92,52,1.77,11.92%,13.52%,-0.090124,2026-09-04
$SPX,7718.6,2026-09-09,4,Put,"7,700.00",-0.24%,21.2,19.59,21.6,2611,1478,1.77,11.92%,9.60%,-0.39084,2026-09-04
$SPX,7718.6,2026-09-10,5,Call,"7,820.00",-1.31%,1.85,2.09,2.1,1724,974,1.77,11.92%,7.21%,0.068945,2026-09-04
$SPX,7718.6,2026-10-16,41,Call,"7,715.00",+0.05%,138.8,143.4,139.9,58,33,1.76,11.92%,11.72%,0.554731,2026-09-04
$SPX,7718.6,2026-10-02,27,Put,"7,400.00",-4.13%,26.9,27.16,27.6,797,453,1.76,11.92%,16.24%,-0.151365,2026-09-04
$SPX,7718.6,2026-09-18,13,Call,"7,785.00",-0.86%,31.7,33.43,32.4,1044,598,1.75,11.92%,9.56%,0.346718,2026-09-04
$SPX,7718.6,2026-09-21,16,Call,"7,735.00",-0.21%,58,61.5,58.9,35,20,1.75,11.92%,9.38%,0.493122,2026-09-04
$SPX,7718.6,2026-09-25,20,Put,"7,755.00",+0.47%,97.3,93.05,98.3,14,8,1.75,11.92%,11.83%,-0.544172,2026-09-04
$SPX,7718.6,2026-11-20,76,Put,"5,075.00",-34.25%,4.6,4.59,5.1,400,230,1.74,11.92%,41.38%,-0.009313,2026-09-04
$SPX,7718.6,2030-12-20,1567,Put,"9,400.00",+21.78%,0,1213.62,0,80,46,1.74,11.92%,0.00%,0,2026-09-04
$SPX,7718.6,2026-10-02,27,Put,"7,490.00",-2.96%,37.5,37.67,38.3,73,42,1.74,11.92%,15.07%,-0.208765,2026-09-04
$SPX,7718.6,2026-09-15,10,Put,"7,415.00",-3.93%,4.5,3.7,5,40,23,1.74,11.92%,15.67%,-0.055319,2026-09-04
$SPX,7718.6,2026-09-09,4,Call,"7,760.00",-0.54%,6.1,6.99,6.5,1714,983,1.74,11.92%,6.14%,0.221525,2026-09-04
$SPX,7718.6,2026-09-14,9,Call,"7,840.00",-1.57%,4.8,5.68,5.1,184,106,1.74,11.92%,7.64%,0.111059,2026-09-04
$SPX,7718.6,2026-09-15,10,Call,"7,765.00",-0.60%,23.2,29.16,23.9,40,23,1.74,11.92%,7.82%,0.352019,2026-09-04
$SPX,7718.6,2026-09-28,23,Put,"7,720.00",+0.02%,84.9,84.5,86,121,70,1.73,11.92%,11.92%,-0.475203,2026-09-04
$SPX,7718.6,2026-10-02,27,Put,"7,675.00",-0.56%,78.9,75.9,79.9,728,422,1.73,11.92%,12.86%,-0.406223,2026-09-04
$SPX,7718.6,2026-09-15,10,Put,"7,430.00",-3.74%,4.9,4.2,5.4,64,37,1.73,11.92%,15.33%,-0.06044,2026-09-04
$SPX,7718.6,2026-09-14,9,Put,"7,695.00",-0.31%,37.8,33.9,38.3,50,29,1.72,11.92%,10.67%,-0.407901,2026-09-04
$SPX,7718.6,2026-09-11,6,Put,"7,785.00",+0.86%,84.3,81.63,86.2,77,45,1.71,11.92%,11.97%,-0.703258,2026-09-04
$SPX,7718.6,2026-09-11,6,Put,"7,365.00",-4.58%,1.85,1.4,2.05,53,31,1.71,11.92%,19.27%,-0.026607,2026-09-04
$SPX,7718.6,2026-09-23,18,Put,"6,700.00",-13.20%,2.25,1.85,2.55,53,31,1.71,11.92%,29.51%,-0.013279,2026-09-04
$SPX,7718.6,2026-09-08,3,Call,"7,825.00",-1.38%,0.2,0.3,0.35,1844,1076,1.71,11.92%,6.88%,0.01601,2026-09-04
$SPX,7718.6,2026-10-30,55,Call,"8,000.00",-3.65%,47.2,50,48.1,10112,5911,1.71,11.92%,11.05%,0.247255,2026-09-04
$SPX,7718.6,2026-09-09,4,Call,"7,745.00",-0.34%,9.8,11,10.2,451,263,1.71,11.92%,6.03%,0.317585,2026-09-04
$SPX,7718.6,2026-10-23,48,Call,"8,300.00",-7.53%,4.3,4.95,5,24,14,1.71,11.92%,10.53%,0.039649,2026-09-04
$SPX,7718.6,2026-09-09,4,Call,"7,725.00",-0.08%,17.1,18.47,17.5,1133,666,1.7,11.92%,5.87%,0.473248,2026-09-04
$SPX,7718.6,2026-09-14,9,Call,"7,830.00",-1.44%,5.9,6.7,6.3,267,157,1.7,11.92%,7.62%,0.132041,2026-09-04
$SPX,7718.6,2026-12-31,117,Put,"7,755.00",+0.47%,223.7,217.5,225.3,17,10,1.7,11.92%,14.02%,-0.471854,2026-09-04
$SPX,7718.6,2026-10-05,30,Put,"7,050.00",-8.66%,10.7,9.5,11.4,22,13,1.69,11.92%,20.81%,-0.055273,2026-09-04
$SPX,7718.6,2026-09-09,4,Put,"6,300.00",-18.38%,0.1,0.1,0.25,459,272,1.69,11.92%,64.58%,-0.001174,2026-09-04
$SPX,7718.6,2026-09-22,17,Put,"7,750.00",+0.41%,87.6,81.8,88.5,201,119,1.69,11.92%,11.62%,-0.542196,2026-09-04
$SPX,7718.6,2026-09-11,6,Call,"7,840.00",-1.57%,3.3,3.67,3.6,1109,655,1.69,11.92%,8.62%,0.088014,2026-09-04
$SPX,7718.6,2026-09-11,6,Call,"7,770.00",-0.67%,15,15.8,15.4,697,416,1.68,11.92%,8.47%,0.29075,2026-09-04
$SPX,7718.6,2026-09-15,10,Call,"7,910.00",-2.48%,1.45,1.45,1.8,240,143,1.68,11.92%,8.05%,0.039408,2026-09-04
$SPX,7718.6,2026-09-08,3,Put,"7,245.00",-6.14%,0.35,0.4,0.5,70,42,1.67,11.92%,28.41%,-0.006533,2026-09-04
$SPX,7718.6,2026-09-08,3,Put,"7,540.00",-2.31%,0.8,0.77,0.85,498,298,1.67,11.92%,13.21%,-0.023676,2026-09-04
$SPX,7718.6,2026-09-16,11,Call,"7,975.00",-3.32%,1,1.15,1.3,787,472,1.67,11.92%,9.23%,0.024768,2026-09-04
$SPX,7718.6,2026-09-28,23,Put,"7,470.00",-3.22%,26.5,24.22,27.3,40,24,1.67,11.92%,14.90%,-0.171566,2026-09-04
$SPX,7718.6,2026-10-07,32,Put,"5,600.00",-27.45%,1.5,1.32,1.8,10,6,1.67,11.92%,43.59%,-0.005033,2026-09-04
$SPX,7718.6,2026-09-09,4,Call,"7,750.00",-0.41%,8.4,9.6,8.8,2018,1216,1.66,11.92%,6.07%,0.283124,2026-09-04
$SPX,7718.6,2026-09-09,4,Call,"7,700.00",+0.24%,30.4,32.35,30.9,2739,1651,1.66,11.92%,5.52%,0.687802,2026-09-04
$SPX,7718.6,2026-11-30,86,Call,"8,250.00",-6.88%,30.2,30.6,31,206,124,1.66,11.92%,11.06%,0.146722,2026-09-04
$SPX,7718.6,2026-09-11,6,Call,"7,765.00",-0.60%,16.4,18.4,16.9,507,307,1.65,11.92%,8.46%,0.311189,2026-09-04
$SPX,7718.6,2026-09-09,4,Put,"7,610.00",-1.41%,4.7,4.52,5,398,241,1.65,11.92%,11.34%,-0.109309,2026-09-04
$SPX,7718.6,2026-09-11,6,Put,"7,360.00",-4.65%,1.8,1.5,2,413,250,1.65,11.92%,19.41%,-0.025829,2026-09-04
$SPX,7718.6,2026-12-18,104,Put,"7,040.00",-8.79%,69.2,66.7,70.3,81,49,1.65,11.92%,19.87%,-0.156214,2026-09-04
$SPX,7718.6,2026-09-28,23,Put,"7,610.00",-1.41%,50,47.17,51,23,14,1.64,11.92%,13.12%,-0.30705,2026-09-04
$SPX,7718.6,2026-09-14,9,Put,"7,340.00",-4.91%,2.4,2.2,2.6,36,22,1.64,11.92%,17.46%,-0.030179,2026-09-04
$SPX,7718.6,2026-09-10,5,Put,"7,345.00",-4.84%,1,1,1.2,74,45,1.64,11.92%,20.21%,-0.016642,2026-09-04
$SPX,7718.6,2026-09-08,3,Put,"7,340.00",-4.91%,0.45,0.5,0.6,435,265,1.64,11.92%,23.81%,-0.0093,2026-09-04
$SPX,7718.6,2026-09-21,16,Call,"7,950.00",-3.00%,3.7,4.1,4.2,516,315,1.64,11.92%,8.74%,0.064542,2026-09-04
$SPX,7718.6,2026-10-07,32,Put,"7,700.00",-0.24%,95.7,87.7,96.9,401,244,1.64,11.92%,12.66%,-0.44226,2026-09-04
$SPX,7718.6,2026-09-09,4,Put,"7,645.00",-0.95%,8.2,7.65,8.5,554,339,1.63,11.92%,10.47%,-0.180992,2026-09-04
$SPX,7718.6,2026-09-11,6,Put,"6,900.00",-10.61%,0.65,0.45,0.8,3032,1857,1.63,11.92%,35.53%,-0.006287,2026-09-04
$SPX,7718.6,2026-09-15,10,Put,"7,740.00",+0.28%,62.2,57.6,63,75,46,1.63,11.92%,10.74%,-0.543768,2026-09-04
$SPX,7718.6,2026-09-11,6,Call,"7,790.00",-0.93%,10,10.99,10.4,689,424,1.63,11.92%,8.45%,0.215029,2026-09-04
$SPX,7718.6,2026-09-10,5,Put,"7,720.00",+0.02%,36.2,33.96,36.7,329,203,1.62,11.92%,10.38%,-0.491402,2026-09-04
$SPX,7718.6,2026-12-31,117,Put,"7,665.00",-0.69%,192.5,187.64,194.1,29,18,1.61,11.92%,14.67%,-0.411701,2026-09-04
$SPX,7718.6,2026-09-09,4,Put,"7,725.00",+0.08%,32.8,30.8,33.3,815,505,1.61,11.92%,9.65%,-0.519372,2026-09-04
$SPX,7718.6,2026-10-16,41,Put,"6,400.00",-17.08%,6.9,6.4,7.3,653,406,1.61,11.92%,29.56%,-0.023886,2026-09-04
$SPX,7718.6,2026-09-11,6,Put,"7,190.00",-6.85%,1.05,0.8,1.25,133,83,1.6,11.92%,25.25%,-0.013045,2026-09-04
$SPX,7718.6,2026-09-14,9,Put,"7,720.00",+0.02%,48.3,46.68,48.8,112,70,1.6,11.92%,10.50%,-0.485524,2026-09-04
$SPX,7718.6,2026-10-23,48,Put,"7,275.00",-5.75%,39.1,38.15,40.2,40,25,1.6,11.92%,17.55%,-0.151606,2026-09-04
$SPX,7718.6,2026-09-08,3,Call,"7,835.00",-1.51%,0.15,0.25,0.3,1291,808,1.6,11.92%,7.24%,0.012782,2026-09-04
$SPX,7718.6,2026-09-09,4,Call,"7,815.00",-1.25%,0.95,1.03,1.05,1487,928,1.6,11.92%,6.75%,0.044774,2026-09-04
$SPX,7718.6,2026-09-15,10,Call,"7,860.00",-1.83%,4,4.29,4.5,136,85,1.6,11.92%,7.78%,0.09228,2026-09-04
$SPX,7718.6,2026-10-05,30,Call,"7,680.00",+0.50%,130,131.98,131.3,81,51,1.59,11.92%,10.98%,0.607181,2026-09-04
$SPX,7718.6,2026-10-06,31,Call,"7,750.00",-0.41%,90.9,98.85,92.3,176,111,1.59,11.92%,10.59%,0.494405,2026-09-04
$SPX,7718.6,2026-09-16,11,Put,"7,540.00",-2.31%,15,13.35,15.6,70,44,1.59,11.92%,14.00%,-0.154847,2026-09-04
$SPX,7718.6,2026-09-11,6,Put,"7,585.00",-1.73%,9.7,9.4,10.1,421,266,1.58,11.92%,13.36%,-0.144794,2026-09-04
$SPX,7718.6,2026-09-10,5,Put,"7,525.00",-2.51%,2.95,2.98,3.2,439,277,1.58,11.92%,14.02%,-0.056588,2026-09-04
$SPX,7718.6,2026-10-02,27,Put,"7,610.00",-1.41%,60.3,57.1,61.3,82,52,1.58,11.92%,13.60%,-0.322704,2026-09-04
$SPX,7718.6,2026-09-11,6,Put,"7,515.00",-2.64%,4.9,5,5.2,358,228,1.57,11.92%,14.93%,-0.075653,2026-09-04
$SPX,7718.6,2026-10-01,26,Call,"7,740.00",-0.28%,85,83.53,86.1,11,7,1.57,11.92%,10.50%,0.502981,2026-09-04
$SPX,7718.6,2026-09-08,3,Put,"7,070.00",-8.40%,0.25,0.25,0.4,56,36,1.56,11.92%,36.87%,-0.004021,2026-09-04
$SPX,7718.6,2026-09-08,3,Put,"7,360.00",-4.65%,0.45,0.5,0.6,5215,3335,1.56,11.92%,22.68%,-0.009719,2026-09-04
$SPX,7718.6,2026-09-09,4,Call,"7,805.00",-1.12%,1.25,1.37,1.45,734,470,1.56,11.92%,6.56%,0.059393,2026-09-04
$SPX,7718.6,2026-09-09,4,Call,"7,795.00",-0.99%,1.8,1.93,2,2631,1685,1.56,11.92%,6.43%,0.080712,2026-09-04
$SPX,7718.6,2026-09-14,9,Call,"7,950.00",-3.00%,0.6,0.6,0.8,1146,736,1.56,11.92%,8.70%,0.01834,2026-09-04
$SPX,7718.6,2026-09-10,5,Call,"7,720.00",-0.02%,25.5,27.35,25.9,284,182,1.56,11.92%,6.79%,0.517442,2026-09-04
$SPX,7718.6,2026-09-14,9,Put,"7,615.00",-1.34%,17.2,15.01,17.6,56,36,1.56,11.92%,11.66%,-0.214783,2026-09-04
$SPX,7718.6,2026-12-31,117,Put,"7,890.00",+2.22%,281.6,279.2,283.2,25,16,1.56,11.92%,13.07%,-0.580054,2026-09-04
$SPX,7718.6,2026-09-10,5,Put,"7,725.00",+0.08%,38.8,37.9,39.3,585,374,1.56,11.92%,10.39%,-0.51293,2026-09-04
$SPX,7718.6,2026-10-07,32,Put,"6,900.00",-10.61%,9.1,8.91,9.7,14,9,1.56,11.92%,23.06%,-0.04269,2026-09-04
$SPX,7718.6,2026-10-08,33,Put,"7,200.00",-6.72%,19.1,18.58,19.9,34,22,1.55,11.92%,18.73%,-0.093907,2026-09-04
$SPX,7718.6,2026-09-18,13,Put,"7,470.00",-3.22%,13.7,13.05,14.2,365,236,1.55,11.92%,15.65%,-0.122442,2026-09-04
$SPX,7718.6,2026-09-08,3,Put,"7,230.00",-6.33%,0.35,0.35,0.5,282,183,1.54,11.92%,29.23%,-0.006365,2026-09-04
$SPX,7718.6,2027-03-31,207,Call,"7,970.00",-3.26%,284.1,288.9,286.3,20,13,1.54,11.92%,13.76%,0.484384,2026-09-04
$SPX,7718.6,2027-03-19,195,Put,"6,300.00",-18.38%,63.1,62.8,64.3,8080,5231,1.54,11.92%,24.54%,-0.092187,2026-09-04
$SPX,7718.6,2026-09-09,4,Put,"7,685.00",-0.44%,16.2,15.08,16.7,414,270,1.53,11.92%,9.74%,-0.320663,2026-09-04
$SPX,7718.6,2026-09-09,4,Put,"7,605.00",-1.47%,4.3,4.48,4.6,241,158,1.53,11.92%,11.43%,-0.101101,2026-09-04
$SPX,7718.6,2026-09-14,9,Put,"7,440.00",-3.61%,4,3.38,4.3,917,598,1.53,11.92%,14.97%,-0.053645,2026-09-04
$SPX,7718.6,2026-09-10,5,Put,"7,645.00",-0.95%,12.5,11.8,12.9,142,93,1.53,11.92%,11.14%,-0.219206,2026-09-04
$SPX,7718.6,2026-09-28,23,Call,"7,730.00",-0.15%,79.6,83.03,80.7,52,34,1.53,11.92%,9.96%,0.517929,2026-09-04
$SPX,7718.6,2026-09-21,16,Call,"7,755.00",-0.47%,48.1,55.47,49,26,17,1.53,11.92%,9.26%,0.440046,2026-09-04
$SPX,7718.6,2026-12-18,104,Put,"7,230.00",-6.33%,90.4,87.61,91.6,117,77,1.52,11.92%,18.21%,-0.207322,2026-09-04
$SPX,7718.6,2026-10-02,27,Put,"7,725.00",+0.08%,97.5,93.86,98.5,790,521,1.52,11.92%,12.35%,-0.48114,2026-09-04
$SPX,7718.6,2026-09-10,5,Put,"7,605.00",-1.47%,7.3,6.9,7.7,181,120,1.51,11.92%,11.97%,-0.136259,2026-09-04
$SPX,7718.6,2026-09-09,4,Put,"6,600.00",-14.49%,0.15,0.15,0.3,1532,1015,1.51,11.92%,52.02%,-0.001817,2026-09-04
$SPX,7718.6,2026-09-10,5,Put,"6,100.00",-20.97%,0.1,0.1,0.25,282,188,1.5,11.92%,66.20%,-0.001031,2026-09-04
$SPX,7718.6,2026-09-15,10,Put,"7,420.00",-3.87%,4.6,3.9,5.1,60,40,1.5,11.92%,15.54%,-0.05674,2026-09-04
$SPX,7718.6,2026-09-08,3,Put,"7,450.00",-3.48%,0.55,0.55,0.7,14252,9475,1.5,11.92%,17.99%,-0.014025,2026-09-04
$SPX,7718.6,2026-10-02,27,Call,"7,620.00",+1.28%,168,174.33,169.1,36,24,1.5,11.92%,11.76%,0.692168,2026-09-04
$SPX,7718.6,2026-09-10,5,Call,"7,835.00",-1.51%,1.25,1.35,1.4,414,278,1.49,11.92%,7.40%,0.047875,2026-09-04
$SPX,7718.6,2026-09-16,11,Put,"5,600.00",-27.45%,0.15,0.21,0.35,560,377,1.49,11.92%,61.39%,-0.001061,2026-09-04
$SPX,7718.6,2026-10-23,48,Put,"7,750.00",+0.41%,141.3,134.38,142.7,198,133,1.49,11.92%,12.69%,-0.499683,2026-09-04
$SPX,7718.6,2026-09-11,6,Put,"7,510.00",-2.70%,4.7,4.78,5,529,358,1.48,11.92%,15.06%,-0.072564,2026-09-04
$SPX,7718.6,2026-09-10,5,Put,"6,775.00",-12.23%,0.3,0.25,0.5,236,159,1.48,11.92%,41.71%,-0.003423,2026-09-04
$SPX,7718.6,2026-10-02,27,Put,"7,330.00",-5.03%,21.2,20.37,22,37,25,1.48,11.92%,17.22%,-0.119386,2026-09-04
$SPX,7718.6,2026-09-08,3,Put,"7,365.00",-4.58%,0.45,0.45,0.6,226,153,1.48,11.92%,22.40%,-0.00983,2026-09-04
$SPX,7718.6,2026-09-09,4,Put,"7,660.00",-0.76%,10.5,9.8,10.9,1459,986,1.48,11.92%,10.15%,-0.225058,2026-09-04
$SPX,7718.6,2026-09-09,4,Put,"7,655.00",-0.82%,9.6,9.2,10,424,288,1.47,11.92%,10.24%,-0.208922,2026-09-04
$SPX,7718.6,2027-03-31,207,Put,"7,770.00",+0.67%,303.2,297.2,305.4,25,17,1.47,11.92%,14.96%,-0.45685,2026-09-04
$SPX,7718.6,2026-09-11,6,Call,"7,890.00",-2.22%,1.1,1.17,1.3,914,621,1.47,11.92%,9.10%,0.033941,2026-09-04
$SPX,7718.6,2026-09-08,3,Put,"7,390.00",-4.26%,0.5,0.5,0.65,315,214,1.47,11.92%,21.24%,-0.011201,2026-09-04
$SPX,7718.6,2026-09-09,4,Call,"7,790.00",-0.93%,2.15,2.45,2.35,567,386,1.47,11.92%,6.37%,0.093768,2026-09-04
$SPX,7718.6,2026-11-20,76,Call,"7,780.00",-0.80%,175.8,181.4,177.6,106,72,1.47,11.92%,12.63%,0.510122,2026-09-04
$SPX,7718.6,2026-09-09,4,Put,"7,785.00",+0.86%,77.4,72.82,79.3,19,13,1.46,11.92%,11.77%,-0.751207,2026-09-04
$SPX,7718.6,2026-09-14,9,Put,"7,585.00",-1.73%,12.9,13.05,13.3,92,63,1.46,11.92%,12.13%,-0.166494,2026-09-04
$SPX,7718.6,2026-09-28,23,Put,"6,600.00",-14.49%,2.8,2.8,3.1,77,53,1.45,11.92%,29.39%,-0.014332,2026-09-04
$SPX,7718.6,2026-11-20,76,Call,"7,570.00",+1.93%,313.1,315.8,315.4,48,33,1.45,11.92%,13.96%,0.676642,2026-09-04
$SPX,7718.6,2026-09-11,6,Call,"7,975.00",-3.32%,0.4,0.35,0.55,3203,2225,1.44,11.92%,11.12%,0.012474,2026-09-04
$SPX,7718.6,2026-09-08,3,Put,"7,510.00",-2.70%,0.65,0.75,0.8,603,420,1.44,11.92%,14.78%,-0.01911,2026-09-04
$SPX,7718.6,2026-09-09,4,Call,"7,740.00",-0.28%,11.3,12.8,11.7,680,472,1.44,11.92%,5.98%,0.353545,2026-09-04
$SPX,7718.6,2026-12-31,117,Call,"7,675.00",+0.56%,313.7,321.17,315.3,72,50,1.44,11.92%,13.86%,0.605946,2026-09-04
$SPX,7718.6,2026-09-15,10,Call,"7,720.00",-0.02%,43.1,48,43.9,78,54,1.44,11.92%,7.91%,0.527378,2026-09-04
$SPX,7718.6,2026-10-08,33,Call,"8,400.00",-8.83%,0.85,0.85,1.15,13,9,1.44,11.92%,11.69%,0.010889,2026-09-04
$SPX,7718.6,2026-09-11,6,Put,"7,630.00",-1.15%,15.8,15.84,16.2,832,577,1.44,11.92%,12.50%,-0.223219,2026-09-04
$SPX,7718.6,2026-09-11,6,Put,"7,220.00",-6.46%,1.15,1.1,1.35,2851,1986,1.44,11.92%,24.25%,-0.01458,2026-09-04
$SPX,7718.6,2026-09-15,10,Put,"7,725.00",+0.08%,54.4,51.5,55.2,192,133,1.44,11.92%,10.76%,-0.49931,2026-09-04
$SPX,7718.6,2026-09-15,10,Put,"7,755.00",+0.47%,70.8,72.31,71.6,20,14,1.43,11.92%,10.74%,-0.587812,2026-09-04
$SPX,7718.6,2027-01-15,132,Put,"7,275.00",-5.75%,117.4,113.76,118.6,10,7,1.43,11.92%,17.64%,-0.236414,2026-09-04
$SPX,7718.6,2026-09-11,6,Call,"8,090.00",-4.81%,0.3,0.15,0.45,50,35,1.43,11.92%,14.89%,0.007749,2026-09-04
$SPX,7718.6,2026-09-25,20,Put,"7,840.00",+1.57%,143.8,144.52,153,10,7,1.43,11.92%,11.30%,-0.710544,2026-09-04
$SPX,7718.6,2026-09-09,4,Put,"7,555.00",-2.12%,2.2,2.15,2.45,183,129,1.42,11.92%,12.91%,-0.052652,2026-09-04
$SPX,7718.6,2026-09-08,3,Put,"7,200.00",-6.72%,0.35,0.35,0.45,1001,705,1.42,11.92%,30.65%,-0.005765,2026-09-04
$SPX,7718.6,2026-09-09,4,Call,"7,785.00",-0.86%,2.55,2.99,2.8,1002,710,1.41,11.92%,6.32%,0.109005,2026-09-04
$SPX,7718.6,2026-09-11,6,Call,"7,710.00",+0.11%,40.3,43.02,40.8,571,405,1.41,11.92%,8.50%,0.564534,2026-09-04
$SPX,7718.6,2026-09-11,6,Put,"7,680.00",-0.50%,28,26.66,28.4,1069,760,1.41,11.92%,11.80%,-0.355208,2026-09-04
$SPX,7718.6,2026-09-17,12,Put,"7,430.00",-3.74%,9.3,8.12,9.8,58,41,1.41,11.92%,16.27%,-0.089551,2026-09-04
$SPX,7718.6,2026-09-09,4,Put,"7,760.00",+0.54%,56.1,53.94,57.9,120,86,1.4,11.92%,10.54%,-0.677502,2026-09-04
$SPX,7718.6,2026-09-08,3,Call,"7,840.00",-1.57%,0.15,0.25,0.3,1242,888,1.4,11.92%,7.51%,0.012367,2026-09-04
$SPX,7718.6,2026-09-08,3,Put,"7,485.00",-3.03%,0.6,0.68,0.75,237,169,1.4,11.92%,16.11%,-0.016591,2026-09-04
$SPX,7718.6,2026-09-08,3,Put,"7,530.00",-2.44%,0.75,0.82,0.8,1308,935,1.4,11.92%,13.70%,-0.021692,2026-09-04
$SPX,7718.6,2026-09-08,3,Call,"7,450.00",+3.48%,259.1,264.33,260.1,14,10,1.4,11.92%,0.00%,0,2026-09-04
$SPX,7718.6,2026-09-10,5,Call,"7,735.00",-0.21%,18.6,19.8,19.1,129,92,1.4,11.92%,6.83%,0.42095,2026-09-04
$SPX,7718.6,2026-09-10,5,Call,"7,880.00",-2.09%,0.4,0.4,0.6,769,549,1.4,11.92%,8.25%,0.018489,2026-09-04
$SPX,7718.6,2026-09-28,23,Put,"7,150.00",-7.37%,8.3,7.85,9,144,103,1.4,11.92%,19.66%,-0.052878,2026-09-04
$SPX,7718.6,2026-09-11,6,Put,"7,560.00",-2.05%,7.6,7.6,7.8,974,695,1.4,11.92%,13.90%,-0.11422,2026-09-04
$SPX,7718.6,2026-09-11,6,Put,"7,130.00",-7.63%,0.95,0.65,1.15,42,30,1.4,11.92%,27.47%,-0.011134,2026-09-04
$SPX,7718.6,2027-07-16,314,Put,"7,925.00",+2.67%,429,425.3,432,35,25,1.4,11.92%,14.88%,-0.508632,2026-09-04
$SPX,7718.6,2026-12-18,104,Put,"6,550.00",-15.14%,37.8,37.5,38.6,21,15,1.4,11.92%,24.33%,-0.079991,2026-09-04
$SPX,7718.6,2026-09-11,6,Put,"7,655.00",-0.82%,21,20.86,21.4,831,599,1.39,11.92%,12.11%,-0.283054,2026-09-04
$SPX,7718.6,2026-11-20,76,Put,"7,150.00",-7.37%,56.7,56.25,57.6,164,118,1.39,11.92%,18.98%,-0.157578,2026-09-04
$SPX,7718.6,2026-09-24,19,Put,"7,330.00",-5.03%,12,11.66,12.6,25,18,1.39,11.92%,17.39%,-0.086076,2026-09-04
$SPX,7718.6,2026-09-08,3,Put,"7,790.00",+0.93%,81,76.93,82.6,64,46,1.39,11.92%,13.21%,-0.775146,2026-09-04
$SPX,7718.6,2026-09-16,11,Call,"7,875.00",-2.03%,5.5,6.27,6,568,409,1.39,11.92%,8.65%,0.104513,2026-09-04
$SPX,7718.6,2026-09-10,5,Call,"7,825.00",-1.38%,1.6,1.8,1.8,1530,1100,1.39,11.92%,7.25%,0.060408,2026-09-04
$SPX,7718.6,2026-09-08,3,Call,"7,520.00",+2.57%,189.2,192.62,190.3,11,8,1.38,11.92%,0.00%,0,2026-09-04
$SPX,7718.6,2026-10-07,32,Put,"7,125.00",-7.69%,14.8,14.4,15.6,18,13,1.38,11.92%,19.75%,-0.073773,2026-09-04
$SPX,7718.6,2026-09-18,13,Put,"7,730.00",+0.15%,71.3,70.6,72.1,470,341,1.38,11.92%,12.08%,-0.505525,2026-09-04
$SPX,7718.6,2026-09-10,5,Put,"7,695.00",-0.31%,25.4,24,25.9,145,106,1.37,11.92%,10.45%,-0.386201,2026-09-04
$SPX,7718.6,2026-09-11,6,Put,"7,740.00",+0.28%,54.5,52.7,55,503,371,1.36,11.92%,11.50%,-0.560911,2026-09-04
$SPX,7718.6,2026-09-28,23,Put,"7,590.00",-1.67%,45.5,43,46.4,23,17,1.35,11.92%,13.35%,-0.282546,2026-09-04
$SPX,7718.6,2026-09-14,9,Put,"7,390.00",-4.26%,3,2.5,3.3,27,20,1.35,11.92%,16.19%,-0.039485,2026-09-04
$SPX,7718.6,2026-09-17,12,Call,"7,735.00",-0.21%,48.4,49.4,49.3,23,17,1.35,11.92%,9.37%,0.481587,2026-09-04
$SPX,7718.6,2026-09-14,9,Call,"7,880.00",-2.09%,2,2.4,2.25,174,130,1.34,11.92%,7.79%,0.053479,2026-09-04
$SPX,7718.6,2026-09-11,6,Put,"7,465.00",-3.29%,3.3,3.2,3.5,125,93,1.34,11.92%,16.23%,-0.050238,2026-09-04
$SPX,7718.6,2026-11-30,86,Put,"7,690.00",-0.37%,167.8,162.79,169.2,57,43,1.33,11.92%,13.98%,-0.430611,2026-09-04
$SPX,7718.6,2026-09-29,24,Put,"7,570.00",-1.93%,43.8,38.45,44.8,40,30,1.33,11.92%,13.71%,-0.265064,2026-09-04
$SPX,7718.6,2026-09-21,16,Put,"6,675.00",-13.52%,1.75,1.55,2,20,15,1.33,11.92%,30.92%,-0.010755,2026-09-04
$SPX,7718.6,2026-09-08,3,Call,"7,670.00",+0.63%,46.2,49.85,47,405,304,1.33,11.92%,0.00%,0,2026-09-04
$SPX,7718.6,2026-09-11,6,Call,"7,805.00",-1.12%,7.4,8,7.7,390,294,1.33,11.92%,8.52%,0.168725,2026-09-04
$SPX,7718.6,2026-10-16,41,Put,"7,720.00",+0.02%,119.2,115.1,120.3,241,181,1.33,11.92%,12.81%,-0.467529,2026-09-04
$SPX,7718.6,2026-09-25,20,Put,"7,645.00",-0.95%,55.4,52.56,56.4,37,28,1.32,11.92%,12.97%,-0.350854,2026-09-04
$SPX,7718.6,2026-09-16,11,Call,"7,720.00",-0.02%,51.1,55.46,51.9,50,38,1.32,11.92%,8.96%,0.526483,2026-09-04
$SPX,7718.6,2026-09-11,6,Call,"7,780.00",-0.80%,12.3,13.36,12.7,792,602,1.32,11.92%,8.46%,0.251288,2026-09-04
$SPX,7718.6,2026-09-11,6,Call,"7,880.00",-2.09%,1.35,1.5,1.55,873,665,1.31,11.92%,8.96%,0.040577,2026-09-04
$SPX,7718.6,2026-09-08,3,Call,"7,525.00",+2.51%,184.2,187.97,185.3,21,16,1.31,11.92%,0.00%,0,2026-09-04
$SPX,7718.6,2026-09-09,4,Call,"7,800.00",-1.05%,1.5,1.75,1.7,3451,2644,1.31,11.92%,6.49%,0.069241,2026-09-04
$SPX,7718.6,2026-09-25,20,Call,"7,615.00",+1.34%,152.1,151.67,153.1,21,16,1.31,11.92%,11.12%,0.728619,2026-09-04
$SPX,7718.6,2026-09-14,9,Call,"7,745.00",-0.34%,28,29.49,28.4,84,64,1.31,11.92%,7.67%,0.419478,2026-09-04
$SPX,7718.6,2027-08-20,349,Put,"7,000.00",-9.31%,214,212.25,216.2,1003,763,1.31,11.92%,20.09%,-0.228018,2026-09-04
$SPX,7718.6,2026-09-11,6,Put,"7,625.00",-1.21%,15,14.38,15.4,1413,1081,1.31,11.92%,12.60%,-0.213116,2026-09-04
$SPX,7718.6,2026-09-21,16,Put,"7,575.00",-1.86%,29.1,28.55,29.8,155,118,1.31,11.92%,13.37%,-0.231525,2026-09-04
$SPX,7718.6,2026-10-16,41,Put,"6,575.00",-14.82%,8.7,8.3,9.2,47,36,1.31,11.92%,27.06%,-0.03172,2026-09-04
$SPX,7718.6,2026-09-08,3,Put,"6,650.00",-13.84%,0.1,0.1,0.25,39,30,1.3,11.92%,56.09%,-0.001536,2026-09-04
$SPX,7718.6,2026-09-08,3,Put,"7,405.00",-4.06%,0.5,0.5,0.65,149,115,1.3,11.92%,20.38%,-0.011628,2026-09-04
$SPX,7718.6,2026-09-08,3,Put,"7,780.00",+0.80%,71.4,66.59,73,161,124,1.3,11.92%,12.32%,-0.756445,2026-09-04
$SPX,7718.6,2026-09-08,3,Put,"7,675.00",-0.56%,8.3,7.36,8.6,3707,2841,1.3,11.92%,8.95%,-0.231268,2026-09-04
$SPX,7718.6,2026-09-15,10,Call,"7,870.00",-1.96%,3.2,3.7,3.7,136,105,1.3,11.92%,7.79%,0.077338,2026-09-04
$SPX,7718.6,2026-09-11,6,Put,"7,660.00",-0.76%,22.3,21.77,22.7,1203,924,1.3,11.92%,12.06%,-0.296742,2026-09-04
$SPX,7718.6,2026-09-11,6,Put,"7,495.00",-2.90%,4.2,4.2,4.4,646,497,1.3,11.92%,15.45%,-0.064084,2026-09-04
$SPX,7718.6,2026-10-23,48,Put,"7,670.00",-0.63%,111.4,108.07,112.7,13,10,1.3,11.92%,13.39%,-0.410179,2026-09-04
$SPX,7718.6,2026-10-23,48,Put,"7,500.00",-2.83%,68.8,67.35,70,13,10,1.3,11.92%,15.07%,-0.265497,2026-09-04
$SPX,7718.6,2026-09-11,6,Put,"7,395.00",-4.19%,2.15,2.1,2.35,130,101,1.29,11.92%,18.32%,-0.031547,2026-09-04
$SPX,7718.6,2026-09-14,9,Put,"7,765.00",+0.60%,73.8,70.5,74.3,18,14,1.29,11.92%,10.54%,-0.626959,2026-09-04
$SPX,7718.6,2026-11-20,76,Put,"7,540.00",-2.31%,116.7,116.68,117.8,40,31,1.29,11.92%,15.34%,-0.324483,2026-09-04
$SPX,7718.6,2026-09-09,4,Put,"7,160.00",-7.24%,0.45,0.35,0.65,76,59,1.29,11.92%,29.52%,-0.006988,2026-09-04
$SPX,7718.6,2026-09-08,3,Put,"7,050.00",-8.66%,0.25,0.25,0.35,329,255,1.29,11.92%,37.62%,-0.003667,2026-09-04
$SPX,7718.6,2026-10-12,37,Call,"7,675.00",+0.56%,150.1,150.93,151.4,90,70,1.29,11.92%,11.36%,0.609805,2026-09-04
$SPX,7718.6,2026-12-31,117,Put,"7,685.00",-0.44%,199,196.2,200.5,41,32,1.28,11.92%,14.52%,-0.423879,2026-09-04
$SPX,7718.6,2026-09-09,4,Put,"7,595.00",-1.60%,3.7,3.9,4,232,181,1.28,11.92%,11.70%,-0.087875,2026-09-04
$SPX,7718.6,2026-09-11,6,Put,"7,690.00",-0.37%,31.4,30.5,31.8,765,604,1.27,11.92%,11.70%,-0.387036,2026-09-04
$SPX,7718.6,2026-12-18,104,Put,"6,690.00",-13.33%,44.2,43.31,45.2,325,256,1.27,11.92%,23.01%,-0.095788,2026-09-04
$SPX,7718.6,2026-09-21,16,Call,"8,000.00",-3.65%,1.8,2.05,2.2,529,419,1.26,11.92%,8.98%,0.035041,2026-09-04
$SPX,7718.6,2026-09-21,16,Call,"7,830.00",-1.44%,20.9,23.44,21.6,48,38,1.26,11.92%,8.90%,0.249985,2026-09-04
$SPX,7718.6,2026-10-09,34,Put,"7,700.00",-0.24%,99.3,93.18,100.5,134,106,1.26,11.92%,12.73%,-0.442271,2026-09-04
$SPX,7718.6,2026-10-30,55,Put,"7,710.00",-0.11%,137.7,135.7,138.9,67,53,1.26,11.92%,13.38%,-0.452336,2026-09-04
$SPX,7718.6,2027-01-15,132,Put,"7,980.00",+3.39%,334.8,328.98,337.4,10,8,1.25,11.92%,12.39%,-0.655557,2026-09-04
$SPX,7718.6,2026-09-09,4,Put,"7,615.00",-1.34%,5,5.3,5.4,219,175,1.25,11.92%,11.19%,-0.117018,2026-09-04
$SPX,7718.6,2026-10-02,27,Put,"7,790.00",+0.93%,128.3,124.84,129.4,20,16,1.25,11.92%,11.79%,-0.589673,2026-09-04
$SPX,7718.6,2026-09-15,10,Put,"7,705.00",-0.18%,45.4,42.8,46.2,45,36,1.25,11.92%,10.87%,-0.441003,2026-09-04
$SPX,7718.6,2026-12-18,104,Put,"8,010.00",+3.78%,341.5,327.4,342.8,10,8,1.25,11.92%,12.29%,-0.70508,2026-09-04
$SPX,7718.6,2026-09-11,6,Call,"7,845.00",-1.64%,2.95,3.3,3.2,453,361,1.25,11.92%,8.64%,0.079718,2026-09-04
$SPX,7718.6,2027-01-15,132,Put,"7,775.00",+0.73%,242.4,232.9,244.1,36,29,1.24,11.92%,13.92%,-0.481589,2026-09-04
$SPX,7718.6,2026-09-14,9,Call,"7,660.00",+0.76%,78.1,82.6,78.6,46,37,1.24,11.92%,7.62%,0.763431,2026-09-04
$SPX,7718.6,2026-10-05,30,Put,"7,075.00",-8.34%,11.3,10.2,12.1,21,17,1.24,11.92%,20.43%,-0.058973,2026-09-04
$SPX,7718.6,2026-09-11,6,Put,"7,675.00",-0.56%,26.4,25.15,26.9,2746,2216,1.24,11.92%,11.86%,-0.339822,2026-09-04
$SPX,7718.6,2026-10-02,27,Put,"7,300.00",-5.42%,19.3,19.25,19.9,649,522,1.24,11.92%,17.64%,-0.108033,2026-09-04
$SPX,7718.6,2026-10-02,27,Put,"7,240.00",-6.20%,16,15.15,16.8,52,42,1.24,11.92%,18.52%,-0.089388,2026-09-04
$SPX,7718.6,2026-09-18,13,Put,"7,350.00",-4.78%,7.5,7.51,7.9,1243,1005,1.24,11.92%,17.88%,-0.06657,2026-09-04
$SPX,7718.6,2026-09-11,6,Put,"7,750.00",+0.41%,60.5,58.02,61,1800,1467,1.23,11.92%,11.54%,-0.595462,2026-09-04
$SPX,7718.6,2026-09-10,5,Put,"7,640.00",-1.02%,11.7,11.29,12.1,271,220,1.23,11.92%,11.25%,-0.206859,2026-09-04
$SPX,7718.6,2026-09-09,4,Call,"7,970.00",-3.26%,0.1,0.1,0.25,64,52,1.23,11.92%,11.92%,0.005693,2026-09-04
$SPX,7718.6,2026-09-08,3,Put,"7,400.00",-4.13%,0.5,0.55,0.65,1548,1271,1.22,11.92%,20.66%,-0.011482,2026-09-04
$SPX,7718.6,2026-09-17,12,Call,"7,610.00",+1.41%,127.3,144.74,136.6,11,9,1.22,11.92%,9.72%,0.810747,2026-09-04
$SPX,7718.6,2026-11-20,76,Call,"8,070.00",-4.55%,57.2,58.24,58.9,194,159,1.22,11.92%,11.43%,0.248443,2026-09-04
$SPX,7718.6,2026-09-10,5,Put,"6,625.00",-14.17%,0.25,0.2,0.4,186,153,1.22,11.92%,47.14%,-0.002522,2026-09-04
$SPX,7718.6,2026-09-21,16,Put,"7,490.00",-2.96%,17.9,16.62,18.5,172,141,1.22,11.92%,14.59%,-0.147798,2026-09-04
$SPX,7718.6,2026-09-21,16,Put,"6,900.00",-10.61%,2.5,2.2,2.8,229,187,1.22,11.92%,25.98%,-0.017193,2026-09-04
$SPX,7718.6,2026-09-09,4,Put,"7,630.00",-1.15%,6.4,6,6.7,308,253,1.22,11.92%,10.82%,-0.145247,2026-09-04
$SPX,7718.6,2026-09-25,20,Put,"7,425.00",-3.80%,19.5,19.25,20,199,165,1.21,11.92%,15.92%,-0.134134,2026-09-04
$SPX,7718.6,2026-09-16,11,Put,"7,715.00",-0.05%,57.3,54.8,58.1,35,29,1.21,11.92%,11.79%,-0.471214,2026-09-04
$SPX,7718.6,2026-09-16,11,Call,"7,850.00",-1.70%,8.6,8.8,9,662,548,1.21,11.92%,8.64%,0.148091,2026-09-04
$SPX,7718.6,2026-09-17,12,Call,"7,730.00",-0.15%,50.9,54.02,51.8,57,47,1.21,11.92%,9.39%,0.496777,2026-09-04
$SPX,7718.6,2027-01-15,132,Call,"7,980.00",-3.39%,170.1,171.98,172.5,34,28,1.21,11.92%,12.80%,0.415532,2026-09-04
$SPX,7718.6,2026-10-23,48,Call,"7,800.00",-1.05%,107.4,110.15,108.7,23,19,1.21,11.92%,11.49%,0.454647,2026-09-04
$SPX,7718.6,2026-12-18,104,Put,"7,595.00",-1.60%,161.4,158.9,163.5,58,48,1.21,11.92%,15.24%,-0.368588,2026-09-04
$SPX,7718.6,2026-09-10,5,Put,"7,765.00",+0.60%,64.2,59.1,66.2,81,67,1.21,11.92%,11.03%,-0.669369,2026-09-04
$SPX,7718.6,2026-10-02,27,Put,"7,320.00",-5.16%,20.6,18.98,21.2,94,78,1.21,11.92%,17.36%,-0.115435,2026-09-04
$SPX,7718.6,2026-12-18,104,Put,"6,500.00",-15.79%,35.7,35,36.5,63,52,1.21,11.92%,24.80%,-0.074993,2026-09-04
$SPX,7718.6,2026-12-18,104,Put,"7,645.00",-0.95%,176.1,173.42,178.2,12,10,1.2,11.92%,14.86%,-0.399284,2026-09-04
$SPX,7718.6,2026-11-30,86,Put,"7,735.00",+0.21%,184.1,174.7,185.4,18,15,1.2,11.92%,13.64%,-0.46669,2026-09-04
$SPX,7718.6,2026-10-02,27,Put,"7,625.00",-1.21%,64.1,61.45,65.1,351,293,1.2,11.92%,13.42%,-0.340553,2026-09-04
$SPX,7718.6,2026-10-07,32,Put,"7,720.00",+0.02%,103.4,99.5,104.6,12,10,1.2,11.92%,12.47%,-0.470597,2026-09-04
$SPX,7718.6,2026-09-16,11,Put,"7,730.00",+0.15%,64.3,58.37,65.2,12,10,1.2,11.92%,11.71%,-0.50994,2026-09-04
$SPX,7718.6,2026-09-08,3,Put,"7,495.00",-2.90%,0.6,0.7,0.8,2089,1740,1.2,11.92%,15.60%,-0.017644,2026-09-04
$SPX,7718.6,2026-09-11,6,Call,"7,695.00",+0.31%,49.2,53.4,49.7,257,216,1.19,11.92%,8.50%,0.633582,2026-09-04
$SPX,7718.6,2026-09-11,6,Put,"7,570.00",-1.93%,8.4,8,8.6,814,684,1.19,11.92%,13.68%,-0.1255,2026-09-04
$SPX,7718.6,2026-09-10,5,Put,"7,615.00",-1.34%,8.3,8.1,8.7,302,253,1.19,11.92%,11.74%,-0.153183,2026-09-04
$SPX,7718.6,2026-10-09,34,Put,"5,200.00",-32.63%,1.1,1,1.35,189,159,1.19,11.92%,49.40%,-0.003305,2026-09-04
$SPX,7718.6,2026-09-11,6,Call,"7,870.00",-1.96%,1.65,1.7,1.85,1269,1078,1.18,11.92%,8.82%,0.04843,2026-09-04
$SPX,7718.6,2027-03-31,207,Call,"8,375.00",-8.50%,122.3,125.74,124.3,13,11,1.18,11.92%,12.63%,0.283396,2026-09-04
$SPX,7718.6,2026-10-13,38,Call,"8,000.00",-3.65%,20,20.5,21,13,11,1.18,11.92%,9.84%,0.160977,2026-09-04
$SPX,7718.6,2026-09-10,5,Call,"7,680.00",+0.50%,49.6,57.36,50.1,126,107,1.18,11.92%,6.28%,0.774318,2026-09-04
$SPX,7718.6,2026-09-11,6,Put,"7,230.00",-6.33%,1.15,1,1.35,94,80,1.18,11.92%,23.82%,-0.014819,2026-09-04
$SPX,7718.6,2026-09-18,13,Put,"8,040.00",+4.16%,313,318.88,337,13,11,1.18,11.92%,15.59%,-0.929528,2026-09-04
$SPX,7718.6,2026-11-20,76,Put,"7,790.00",+0.93%,199.2,197.1,200.5,26,22,1.18,11.92%,13.34%,-0.520412,2026-09-04
$SPX,7718.6,2026-09-18,13,Put,"7,375.00",-4.45%,8.4,8.4,8.8,689,586,1.18,11.92%,17.39%,-0.074897,2026-09-04
$SPX,7718.6,2026-09-18,13,Put,"6,410.00",-16.95%,1.05,0.95,1.25,120,102,1.18,11.92%,40.02%,-0.005989,2026-09-04
$SPX,7718.6,2026-09-11,6,Put,"7,440.00",-3.61%,2.8,2.6,3,189,161,1.17,11.92%,16.96%,-0.042123,2026-09-04
$SPX,7718.6,2026-10-06,31,Put,"7,200.00",-6.72%,16.8,16.07,17.6,27,23,1.17,11.92%,18.66%,-0.087125,2026-09-04
$SPX,7718.6,2026-09-09,4,Put,"7,635.00",-1.08%,6.9,6.5,7.3,282,241,1.17,11.92%,10.70%,-0.156334,2026-09-04
$SPX,7718.6,2026-09-09,4,Call,"7,735.00",-0.21%,13,14.5,13.5,344,293,1.17,11.92%,5.95%,0.392027,2026-09-04
$SPX,7718.6,2026-09-11,6,Call,"8,050.00",-4.29%,0.3,0.25,0.45,447,387,1.16,11.92%,13.49%,0.008474,2026-09-04
$SPX,7718.6,2026-09-08,3,Call,"7,830.00",-1.44%,0.2,0.27,0.35,1652,1429,1.16,11.92%,7.16%,0.015449,2026-09-04
$SPX,7718.6,2026-09-14,9,Put,"7,560.00",-2.05%,10.3,8.83,10.7,74,64,1.16,11.92%,12.58%,-0.13529,2026-09-04
$SPX,7718.6,2026-09-09,4,Put,"7,565.00",-1.99%,2.5,2.55,2.75,196,169,1.16,11.92%,12.60%,-0.059632,2026-09-04
$SPX,7718.6,2026-09-11,6,Put,"6,850.00",-11.25%,0.6,0.55,0.75,966,837,1.15,11.92%,37.26%,-0.005637,2026-09-04
$SPX,7718.6,2026-09-21,16,Put,"7,340.00",-4.91%,8.5,7.4,9.1,30,26,1.15,11.92%,17.05%,-0.071069,2026-09-04
$SPX,7718.6,2026-09-08,3,Put,"6,600.00",-14.49%,0.1,0.1,0.2,1099,966,1.14,11.92%,57.89%,-0.001292,2026-09-04
$SPX,7718.6,2026-09-08,3,Call,"7,865.00",-1.90%,0.1,0.15,0.2,613,540,1.14,11.92%,8.41%,0.007737,2026-09-04
$SPX,7718.6,2026-09-14,9,Call,"7,795.00",-0.99%,11.9,13.8,12.4,149,131,1.14,11.92%,7.61%,0.228473,2026-09-04
$SPX,7718.6,2026-10-09,34,Put,"7,480.00",-3.09%,45.7,45.3,46.7,24,21,1.14,11.92%,15.14%,-0.221543,2026-09-04
$SPX,7718.6,2026-09-09,4,Put,"7,380.00",-4.39%,0.75,0.6,0.9,119,104,1.14,11.92%,19.87%,-0.014448,2026-09-04
$SPX,7718.6,2026-09-11,6,Put,"7,765.00",+0.60%,69.6,63,71.5,127,112,1.13,11.92%,11.65%,-0.644684,2026-09-04
$SPX,7718.6,2026-09-11,6,Put,"7,240.00",-6.20%,1.2,0.95,1.4,170,150,1.13,11.92%,23.52%,-0.015525,2026-09-04
$SPX,7718.6,2026-09-15,10,Put,"7,570.00",-1.93%,13.7,12,14.3,101,89,1.13,11.92%,12.63%,-0.162875,2026-09-04
$SPX,7718.6,2026-09-08,3,Put,"7,770.00",+0.67%,62,58.81,63.6,197,174,1.13,11.92%,11.47%,-0.732915,2026-09-04
$SPX,7718.6,2026-09-09,4,Call,"7,755.00",-0.47%,7.2,8.13,7.5,663,591,1.12,11.92%,6.09%,0.250761,2026-09-04
$SPX,7718.6,2026-09-11,6,Call,"7,735.00",-0.21%,27.7,29.11,28.2,520,465,1.12,11.92%,8.48%,0.446356,2026-09-04
$SPX,7718.6,2026-09-11,6,Put,"7,325.00",-5.10%,1.55,1.56,1.75,332,296,1.12,11.92%,20.55%,-0.021668,2026-09-04
$SPX,7718.6,2026-09-14,9,Put,"7,410.00",-4.00%,3.4,3.22,3.6,38,34,1.12,11.92%,15.70%,-0.044449,2026-09-04
$SPX,7718.6,2026-09-18,13,Put,"7,720.00",+0.02%,64.9,63,66.2,9172,8223,1.12,11.92%,11.88%,-0.482344,2026-09-04
$SPX,7718.6,2027-03-31,207,Put,"7,815.00",+1.25%,319.5,313.6,321.7,19,17,1.12,11.92%,14.67%,-0.482364,2026-09-04
$SPX,7718.6,2026-09-18,13,Put,"7,695.00",-0.31%,56.5,50.32,57.3,798,713,1.12,11.92%,12.39%,-0.426872,2026-09-04
$SPX,7718.6,2026-11-30,86,Put,"7,730.00",+0.15%,182.2,179.3,183.6,40,36,1.11,11.92%,13.68%,-0.462729,2026-09-04
$SPX,7718.6,2026-09-15,10,Put,"7,585.00",-1.73%,15.5,14.95,16.2,31,28,1.11,11.92%,12.38%,-0.182675,2026-09-04
$SPX,7718.6,2026-10-05,30,Put,"6,950.00",-9.96%,8.6,8.4,9.3,21,19,1.11,11.92%,22.34%,-0.043298,2026-09-04
$SPX,7718.6,2026-10-30,55,Put,"7,940.00",+2.87%,255.2,251.6,256.3,10,9,1.11,11.92%,11.57%,-0.722499,2026-09-04
$SPX,7718.6,2026-10-16,41,Put,"5,700.00",-26.15%,3,2.75,3.3,601,542,1.11,11.92%,39.70%,-0.008794,2026-09-04
$SPX,7718.6,2026-12-18,104,Call,"7,665.00",+0.69%,297.8,298.7,300.1,10,9,1.11,11.92%,13.73%,0.610792,2026-09-04
$SPX,7718.6,2027-01-15,132,Call,"7,775.00",-0.73%,279.3,297.93,280.8,10,9,1.11,11.92%,13.75%,0.548429,2026-09-04
$SPX,7718.6,2026-09-17,12,Call,"7,550.00",+2.18%,177.3,187.23,186.6,20,18,1.11,11.92%,9.02%,0.923884,2026-09-04
$SPX,7718.6,2026-09-18,13,Call,"7,720.00",-0.02%,59.8,63,61.1,8962,8080,1.11,11.92%,9.65%,0.527957,2026-09-04
$SPX,7718.6,2026-10-23,48,Call,"7,900.00",-2.35%,64.3,68.47,65.5,10,9,1.11,11.92%,10.95%,0.329173,2026-09-04
$SPX,7718.6,2026-09-08,3,Call,"7,850.00",-1.70%,0.15,0.2,0.25,2332,2111,1.1,11.92%,7.92%,0.010595,2026-09-04
$SPX,7718.6,2026-12-18,104,Call,"7,510.00",+2.70%,408.3,423.22,410.7,22,20,1.1,11.92%,14.66%,0.701744,2026-09-04
$SPX,7718.6,2026-09-24,19,Call,"7,880.00",-2.09%,15.9,16.6,16.7,23,21,1.1,11.92%,9.15%,0.186543,2026-09-04
$SPX,7718.6,2026-09-14,9,Put,"7,690.00",-0.37%,35.9,34.57,36.4,117,106,1.1,11.92%,10.70%,-0.392905,2026-09-04
$SPX,7718.6,2026-09-14,9,Put,"7,760.00",+0.54%,70.5,64.3,71,99,90,1.1,11.92%,10.50%,-0.612031,2026-09-04
$SPX,7718.6,2026-09-14,9,Put,"7,565.00",-1.99%,10.8,10.3,11.2,138,126,1.1,11.92%,12.50%,-0.14122,2026-09-04
$SPX,7718.6,2027-03-31,207,Put,"7,920.00",+2.61%,361.5,355.6,363.8,22,20,1.1,11.92%,13.98%,-0.543664,2026-09-04
$SPX,7718.6,2026-10-07,32,Put,"7,425.00",-3.80%,35.2,34.2,36.2,22,20,1.1,11.92%,15.74%,-0.179727,2026-09-04
$SPX,7718.6,2026-10-16,41,Put,"7,815.00",+1.25%,163,158.3,164.1,22,20,1.1,11.92%,12.04%,-0.594653,2026-09-04
$SPX,7718.6,2026-09-25,20,Put,"6,900.00",-10.61%,4,3.7,4.4,1819,1664,1.09,11.92%,25.03%,-0.024186,2026-09-04
$SPX,7718.6,2026-10-30,55,Put,"7,645.00",-0.95%,115.8,113.5,117,73,67,1.09,11.92%,13.95%,-0.389576,2026-09-04
$SPX,7718.6,2026-10-16,41,Put,"6,475.00",-16.11%,7.6,7.2,8.1,49,45,1.09,11.92%,28.50%,-0.026974,2026-09-04
$SPX,7718.6,2026-09-11,6,Call,"7,490.00",+2.96%,213.6,240.22,237.1,12,11,1.09,11.92%,17.77%,0.912626,2026-09-04
$SPX,7718.6,2026-09-18,13,Call,"7,720.00",-0.02%,61.7,64.96,62.5,348,318,1.09,11.92%,9.94%,0.527368,2026-09-04
$SPX,7718.6,2027-08-20,349,Call,"8,000.00",-3.65%,471.8,474.85,474.7,1032,944,1.09,11.92%,15.45%,0.536269,2026-09-04
$SPX,7718.6,2026-12-31,117,Call,"7,060.00",+8.53%,797.8,805.86,810.6,24,22,1.09,11.92%,17.63%,0.857046,2026-09-04
$SPX,7718.6,2026-11-30,86,Call,"7,570.00",+1.93%,328.8,331.25,330.2,24,22,1.09,11.92%,13.89%,0.674308,2026-09-04
$SPX,7718.6,2026-09-23,18,Call,"7,760.00",-0.54%,52.2,55.6,53.2,24,22,1.09,11.92%,9.57%,0.43766,2026-09-04
$SPX,7718.6,2026-09-08,3,Put,"7,575.00",-1.86%,1.15,1.05,1.3,3268,3015,1.08,11.92%,11.80%,-0.037024,2026-09-04
$SPX,7718.6,2026-09-08,3,Put,"7,775.00",+0.73%,66.6,62.98,68.3,239,221,1.08,11.92%,11.88%,-0.745466,2026-09-04
$SPX,7718.6,2026-09-16,11,Call,"7,735.00",-0.21%,43.4,45.2,44.2,13,12,1.08,11.92%,8.91%,0.476576,2026-09-04
$SPX,7718.6,2026-10-30,55,Call,"8,230.00",-6.63%,11.4,12.55,12,92,85,1.08,11.92%,10.67%,0.081735,2026-09-04
$SPX,7718.6,2026-11-20,76,Call,"7,595.00",+1.60%,294.9,294.7,297.3,14,13,1.08,11.92%,13.79%,0.659376,2026-09-04
$SPX,7718.6,2026-10-02,27,Call,"8,125.00",-5.27%,2.55,2.92,3.1,103,95,1.08,11.92%,9.80%,0.035012,2026-09-04
$SPX,7718.6,2026-09-17,12,Put,"7,460.00",-3.35%,11,9.1,11.6,111,103,1.08,11.92%,15.72%,-0.106022,2026-09-04
$SPX,7718.6,2026-09-11,6,Put,"7,470.00",-3.22%,3.4,3.5,3.7,541,501,1.08,11.92%,16.12%,-0.052456,2026-09-04
$SPX,7718.6,2026-10-06,31,Put,"7,225.00",-6.39%,18,16.45,18.8,43,40,1.08,11.92%,18.31%,-0.093671,2026-09-04
$SPX,7718.6,2026-11-20,76,Put,"7,480.00",-3.09%,103.4,100.5,104.5,14,13,1.08,11.92%,15.87%,-0.289343,2026-09-04
$SPX,7718.6,2027-01-29,146,Put,"7,870.00",+1.96%,293,290.32,294.9,14,13,1.08,11.92%,13.43%,-0.545275,2026-09-04
$SPX,7718.6,2026-09-11,6,Put,"7,575.00",-1.86%,8.8,8.32,9.1,1674,1571,1.07,11.92%,13.58%,-0.131697,2026-09-04
$SPX,7718.6,2026-10-16,41,Call,"7,805.00",-1.12%,89.8,91.8,91,59,55,1.07,11.92%,11.14%,0.433343,2026-09-04
$SPX,7718.6,2026-09-09,4,Call,"7,845.00",-1.64%,0.35,0.35,0.55,510,476,1.07,11.92%,7.39%,0.020496,2026-09-04
$SPX,7718.6,2026-09-11,6,Call,"7,750.00",-0.41%,21.6,23.5,22,3465,3233,1.07,11.92%,8.47%,0.376957,2026-09-04
$SPX,7718.6,2026-11-20,76,Put,"7,795.00",+0.99%,200,199.68,201.8,31,29,1.07,11.92%,13.22%,-0.525173,2026-09-04
$SPX,7718.6,2027-09-17,377,Put,"6,800.00",-11.90%,195.4,190.65,197.4,500,468,1.07,11.92%,21.12%,-0.197254,2026-09-04
$SPX,7718.6,2026-09-17,12,Put,"7,420.00",-3.87%,8.8,7.11,9.3,17,16,1.06,11.92%,16.46%,-0.084776,2026-09-04
$SPX,7718.6,2026-09-15,10,Put,"7,425.00",-3.80%,4.8,4.1,5.2,66,62,1.06,11.92%,15.43%,-0.058578,2026-09-04
$SPX,7718.6,2026-10-09,34,Call,"7,675.00",+0.56%,147,147.73,148.2,50,47,1.06,11.92%,11.65%,0.608072,2026-09-04
$SPX,7718.6,2026-09-14,9,Call,"7,735.00",-0.21%,32.4,34.3,32.9,70,66,1.06,11.92%,7.69%,0.461902,2026-09-04
$SPX,7718.6,2026-11-20,76,Call,"7,665.00",+0.69%,246.5,247.4,248.8,17,16,1.06,11.92%,13.33%,0.607166,2026-09-04
$SPX,7718.6,2026-09-15,10,Call,"7,730.00",-0.15%,38,40,38.8,34,32,1.06,11.92%,7.89%,0.487904,2026-09-04
$SPX,7718.6,2026-09-11,6,Call,"7,585.00",+1.73%,126.3,149.36,145.9,21,20,1.05,11.92%,13.97%,0.845498,2026-09-04
$SPX,7718.6,2026-09-09,4,Call,"7,780.00",-0.80%,3,3.48,3.3,2982,2838,1.05,11.92%,6.25%,0.125757,2026-09-04
$SPX,7718.6,2026-09-14,9,Call,"7,705.00",+0.18%,48.2,52.7,48.7,69,66,1.05,11.92%,7.73%,0.589092,2026-09-04
$SPX,7718.6,2026-10-16,41,Put,"6,850.00",-11.25%,13.3,13,13.9,353,337,1.05,11.92%,23.21%,-0.052293,2026-09-04
$SPX,7718.6,2026-09-16,11,Put,"7,480.00",-3.09%,9.9,9.8,10.5,61,58,1.05,11.92%,15.03%,-0.104861,2026-09-04
$SPX,7718.6,2027-05-21,258,Put,"4,350.00",-43.64%,20.3,20.3,21,138,131,1.05,11.92%,37.82%,-0.020468,2026-09-04
$SPX,7718.6,2026-09-10,5,Put,"7,570.00",-1.93%,4.8,4.8,5.1,377,358,1.05,11.92%,12.83%,-0.091355,2026-09-04
$SPX,7718.6,2026-11-30,86,Put,"7,630.00",-1.15%,148.7,144.11,150,23,22,1.05,11.92%,14.45%,-0.386438,2026-09-04
$SPX,7718.6,2027-03-31,207,Put,"7,810.00",+1.18%,317.6,312.2,319.9,46,44,1.05,11.92%,14.70%,-0.479901,2026-09-04
$SPX,7718.6,2026-09-18,13,Put,"6,240.00",-19.16%,0.8,0.75,1.05,120,114,1.05,11.92%,44.06%,-0.004488,2026-09-04
$SPX,7718.6,2026-09-11,6,Put,"6,700.00",-13.20%,0.45,0.4,0.6,2123,2033,1.04,11.92%,42.20%,-0.003992,2026-09-04
$SPX,7718.6,2026-10-02,27,Put,"6,950.00",-9.96%,7.8,7.45,8.3,270,260,1.04,11.92%,23.01%,-0.040313,2026-09-04
$SPX,7718.6,2026-09-21,16,Put,"7,460.00",-3.35%,15.3,14.06,15.9,75,72,1.04,11.92%,15.08%,-0.126983,2026-09-04
$SPX,7718.6,2026-09-21,16,Put,"6,800.00",-11.90%,2.1,1.65,2.4,607,586,1.04,11.92%,28.17%,-0.013799,2026-09-04
$SPX,7718.6,2026-09-24,19,Put,"7,480.00",-3.09%,23,19.02,23.8,27,26,1.04,11.92%,15.09%,-0.16406,2026-09-04
$SPX,7718.6,2026-09-11,6,Call,"7,800.00",-1.05%,8.1,9.07,8.5,3913,3770,1.04,11.92%,8.47%,0.18265,2026-09-04
$SPX,7718.6,2026-10-01,26,Call,"8,025.00",-3.97%,5.9,6.35,6.6,25,24,1.04,11.92%,9.32%,0.073639,2026-09-04
$SPX,7718.6,2026-09-17,12,Call,"7,750.00",-0.41%,41.3,42.57,42.1,187,179,1.04,11.92%,9.31%,0.435862,2026-09-04
$SPX,7718.6,2026-09-22,17,Put,"7,470.00",-3.22%,18,17.7,18.7,24,23,1.04,11.92%,15.02%,-0.141716,2026-09-04
$SPX,7718.6,2026-09-09,4,Put,"7,765.00",+0.60%,60.1,55.37,61.9,31,30,1.03,11.92%,10.73%,-0.695366,2026-09-04
$SPX,7718.6,2026-09-10,5,Put,"7,300.00",-5.42%,0.9,0.86,1.1,843,816,1.03,11.92%,22.03%,-0.01414,2026-09-04
$SPX,7718.6,2026-09-10,5,Put,"7,280.00",-5.68%,0.85,0.9,1.05,60,58,1.03,11.92%,22.79%,-0.013093,2026-09-04
$SPX,7718.6,2026-09-09,4,Call,"7,690.00",+0.37%,37,40.8,37.4,206,200,1.03,11.92%,5.24%,0.774127,2026-09-04
$SPX,7718.6,2026-09-25,20,Call,"7,900.00",-2.35%,14.4,14.97,15,1337,1311,1.02,11.92%,9.27%,0.16661,2026-09-04
$SPX,7718.6,2026-09-18,13,Call,"7,740.00",-0.28%,51.2,52.54,52,380,371,1.02,11.92%,9.82%,0.471954,2026-09-04
$SPX,7718.6,2026-09-10,5,Call,"7,940.00",-2.87%,0.2,0.2,0.4,187,183,1.02,11.92%,10.13%,0.009728,2026-09-04
$SPX,7718.6,2026-09-09,4,Put,"7,585.00",-1.73%,3.2,3.2,3.5,131,129,1.02,11.92%,11.98%,-0.076633,2026-09-04
$SPX,7718.6,2026-09-09,4,Put,"7,480.00",-3.09%,1.1,1,1.35,365,361,1.01,11.92%,15.61%,-0.02548,2026-09-04
$SPX,7718.6,2026-10-16,41,Put,"6,800.00",-11.90%,12.2,12,12.9,461,456,1.01,11.92%,23.91%,-0.047533,2026-09-04
$SPX,7718.6,2026-09-30,25,Call,"8,540.00",-10.64%,0.25,0.35,0.5,70,69,1.01,11.92%,14.21%,0.004235,2026-09-04
$SPX,7718.6,2026-09-21,16,Put,"7,475.00",-3.16%,16.5,15.26,17,236,234,1.01,11.92%,14.81%,-0.136554,2026-09-04
$SPX,7718.6,2026-09-11,6,Put,"7,620.00",-1.28%,14.2,13.53,14.6,575,574,1,11.92%,12.70%,-0.203174,2026-09-04
$SPX,7718.6,2026-09-11,6,Put,"7,610.00",-1.41%,12.7,12.16,13.1,726,725,1,11.92%,12.87%,-0.184358,2026-09-04
$SPX,7718.6,2026-09-11,6,Put,"8,450.00",+9.48%,726.1,725.97,750.1,19,19,1,11.92%,43.20%,-0.949116,2026-09-04
$SPX,7718.6,2026-10-08,33,Put,"6,600.00",-14.49%,6,5.6,6.5,20,20,1,11.92%,27.68%,-0.025009,2026-09-04
$SPX,7718.6,2026-11-04,60,Put,"6,825.00",-11.58%,23.8,23.23,25,100,100,1,11.92%,22.68%,-0.074263,2026-09-04
$SPX,7718.6,2026-09-15,10,Put,"7,485.00",-3.03%,7.1,6,7.6,32,32,1,11.92%,14.20%,-0.08719,2026-09-04
$SPX,7718.6,2026-09-29,24,Put,"7,770.00",+0.67%,110.7,110.09,111.8,14,14,1,11.92%,11.61%,-0.564193,2026-09-04
$SPX,7718.6,2026-09-21,16,Put,"7,705.00",-0.18%,64.5,56.95,65.4,12,12,1,11.92%,11.87%,-0.448152,2026-09-04
$SPX,7718.6,2026-11-20,76,Put,"7,755.00",+0.47%,183.1,178.8,184.8,15,15,1,11.92%,13.52%,-0.487599,2026-09-04
$SPX,7718.6,2026-09-22,17,Put,"7,535.00",-2.38%,25.3,25.4,26.1,10,10,1,11.92%,14.06%,-0.195615,2026-09-04
$SPX,7718.6,2026-09-08,3,Call,"7,680.00",+0.50%,38.1,41.62,38.9,613,613,1,11.92%,3.83%,0.937331,2026-09-04
$SPX,7718.6,2026-09-11,6,Call,"7,400.00",+4.13%,312.2,325.72,314.2,26,26,1,11.92%,18.71%,0.963622,2026-09-04
$SPX,7718.6,2026-09-08,3,Put,"7,395.00",-4.19%,0.5,0.5,0.65,228,228,1,11.92%,20.95%,-0.011339,2026-09-04
$SPX,7718.6,2026-09-08,3,Call,"7,585.00",+1.73%,124.5,138.07,126.2,22,22,1,11.92%,12.54%,0.941587,2026-09-04
$SPX,7718.6,2026-09-08,3,Call,"5,200.00",+32.63%,2507.3,2532.89,2510.4,11,11,1,11.92%,224.53%,0.9795,2026-09-04
$SPX,7718.6,2027-01-15,132,Call,"8,650.00",-12.07%,18.9,20.17,20,20,20,1,11.92%,11.63%,0.081443,2026-09-04
$SPX,7718.6,2026-09-11,6,Call,"7,400.00",+4.13%,312.2,325.72,314.2,26,26,1,11.92%,18.71%,0.963622,2026-09-04
$SPX,7718.6,2026-09-14,9,Call,"7,820.00",-1.31%,7.3,7.9,7.7,228,229,1,11.92%,7.62%,0.156125,2026-09-04
$SPX,7718.6,2026-12-31,117,Call,"8,525.00",-10.45%,21.1,20.9,22.2,10,10,1,11.92%,11.44%,0.094877,2026-09-04
$SPX,7718.6,2026-09-10,5,Call,"7,845.00",-1.64%,0.9,0.95,1.1,269,270,1,11.92%,7.51%,0.03702,2026-09-04
$SPX,7718.6,2026-09-10,5,Call,"6,600.00",+14.49%,1097.7,1112.78,1121.7,10,10,1,11.92%,0.00%,0,2026-09-04
$SPX,7718.6,2026-09-10,5,Call,"6,575.00",+14.82%,1122.6,1137.73,1146.6,10,10,1,11.92%,0.00%,0,2026-09-04
$SPX,7718.6,2026-10-06,31,Call,"7,620.00",+1.28%,174.7,183.95,175.9,16,16,1,11.92%,11.52%,0.689187,2026-09-04
$SPX,7718.6,2026-09-21,16,Call,"7,705.00",+0.18%,74.8,82.95,75.7,17,17,1,11.92%,9.55%,0.570564,2026-09-04
$SPX,7718.6,2026-09-18,13,Call,"7,710.00",+0.11%,67.4,71.83,68.2,234,235,1,11.92%,10.00%,0.554492,2026-09-04
$SPX,7718.6,2026-10-05,30,Call,"7,660.00",+0.76%,143.5,145.52,144.7,26,26,1,11.92%,11.13%,0.636985,2026-09-04
$SPX,7718.6,2026-09-17,12,Call,"7,805.00",-1.12%,21,22.22,21.8,10,10,1,11.92%,9.08%,0.275697,2026-09-04
$SPX,7718.6,2026-09-08,3,Put,"7,395.00",-4.19%,0.5,0.5,0.65,228,228,1,11.92%,20.95%,-0.011339,2026-09-04
$SPX,7718.6,2026-09-28,23,Call,"7,740.00",-0.28%,74.1,75.53,75.2,74,75,0.99,11.92%,9.89%,0.497222,2026-09-04
$SPX,7718.6,2026-11-20,76,Call,"8,220.00",-6.50%,27.7,29.5,28.9,259,261,0.99,11.92%,11.12%,0.143986,2026-09-04
$SPX,7718.6,2026-09-22,17,Call,"7,750.00",-0.41%,53.7,57.36,54.6,204,207,0.99,11.92%,9.45%,0.457803,2026-09-04
$SPX,7718.6,2026-09-08,3,Put,"7,460.00",-3.35%,0.55,0.6,0.7,6203,6247,0.99,11.92%,17.41%,-0.01445,2026-09-04
$SPX,7718.6,2026-09-11,6,Put,"7,670.00",-0.63%,24.9,24.73,25.4,466,472,0.99,11.92%,11.91%,-0.32486,2026-09-04
$SPX,7718.6,2026-09-14,9,Put,"6,825.00",-11.58%,0.75,0.75,0.9,67,68,0.99,11.92%,32.05%,-0.006451,2026-09-04
$SPX,7718.6,2026-09-10,5,Put,"7,515.00",-2.64%,2.7,2.7,2.95,166,167,0.99,11.92%,14.33%,-0.051624,2026-09-04
$SPX,7718.6,2026-10-02,27,Put,"7,075.00",-8.34%,10.3,9.94,10.8,99,100,0.99,11.92%,21.00%,-0.055189,2026-09-04
$SPX,7718.6,2026-09-10,5,Put,"7,625.00",-1.21%,9.5,9.2,9.9,179,182,0.98,11.92%,11.53%,-0.172709,2026-09-04
$SPX,7718.6,2026-09-08,3,Call,"7,665.00",+0.69%,50.3,53.6,51.2,174,178,0.98,11.92%,0.00%,0,2026-09-04
$SPX,7718.6,2026-09-11,6,Call,"7,860.00",-1.83%,2.05,2.37,2.3,729,742,0.98,11.92%,8.72%,0.058908,2026-09-04
$SPX,7718.6,2026-09-14,9,Call,"7,700.00",+0.24%,51.2,55.1,51.7,476,485,0.98,11.92%,7.73%,0.609688,2026-09-04
$SPX,7718.6,2026-09-14,9,Call,"7,630.00",+1.15%,92,101.77,112,40,41,0.98,11.92%,7.43%,0.858048,2026-09-04
$SPX,7718.6,2026-09-09,4,Call,"7,820.00",-1.31%,0.75,0.8,0.9,704,719,0.98,11.92%,6.78%,0.037693,2026-09-04
$SPX,7718.6,2026-10-16,41,Put,"6,600.00",-14.49%,9,8.6,9.5,1061,1081,0.98,11.92%,26.70%,-0.033049,2026-09-04
$SPX,7718.6,2026-10-05,30,Put,"6,200.00",-19.67%,2.75,2.7,3.1,681,701,0.97,11.92%,34.47%,-0.010862,2026-09-04
$SPX,7718.6,2026-10-16,41,Put,"3,800.00",-50.77%,0.2,0.3,0.5,222,228,0.97,11.92%,68.88%,-0.000685,2026-09-04
$SPX,7718.6,2026-09-14,9,Put,"7,605.00",-1.47%,15.6,14.1,16,174,179,0.97,11.92%,11.81%,-0.197278,2026-09-04
$SPX,7718.6,2026-10-23,48,Put,"7,250.00",-6.07%,37,37,38,36,37,0.97,11.92%,17.84%,-0.142977,2026-09-04
$SPX,7718.6,2026-09-08,3,Call,"7,590.00",+1.67%,119.6,123.25,121.4,58,60,0.97,11.92%,0.00%,0,2026-09-04
$SPX,7718.6,2027-05-21,258,Call,"9,400.00",-21.78%,18.3,17.8,19.3,602,623,0.97,11.92%,12.32%,0.057202,2026-09-04
$SPX,7718.6,2026-09-11,6,Call,"7,875.00",-2.03%,1.5,1.55,1.7,1018,1052,0.97,11.92%,8.89%,0.044471,2026-09-04
$SPX,7718.6,2026-09-10,5,Call,"7,860.00",-1.83%,0.6,0.6,0.8,649,671,0.97,11.92%,7.76%,0.0263,2026-09-04
$SPX,7718.6,2026-10-02,27,Call,"7,925.00",-2.67%,20.5,22.5,21.1,1429,1479,0.97,11.92%,9.71%,0.188187,2026-09-04
$SPX,7718.6,2026-09-09,4,Call,"7,765.00",-0.60%,5.1,5.8,5.5,1077,1107,0.97,11.92%,6.15%,0.193352,2026-09-04
$SPX,7718.6,2026-09-08,3,Put,"7,505.00",-2.77%,0.65,0.65,0.8,334,346,0.97,11.92%,15.08%,-0.018767,2026-09-04
$SPX,7718.6,2026-09-11,6,Call,"7,690.00",+0.37%,52.4,56.8,52.8,221,230,0.96,11.92%,8.48%,0.656037,2026-09-04
$SPX,7718.6,2026-09-08,3,Put,"7,280.00",-5.68%,0.4,0.4,0.55,106,110,0.96,11.92%,26.85%,-0.007612,2026-09-04
$SPX,7718.6,2027-02-19,167,Put,"5,325.00",-31.01%,22.1,21.94,23,90,94,0.96,11.92%,32.71%,-0.031321,2026-09-04
$SPX,7718.6,2026-09-16,11,Put,"7,615.00",-1.34%,26.2,22.8,26.9,24,25,0.96,11.92%,12.85%,-0.254873,2026-09-04
$SPX,7718.6,2026-10-12,37,Put,"6,500.00",-15.79%,6,5.6,6.5,27,28,0.96,11.92%,28.31%,-0.023269,2026-09-04
$SPX,7718.6,2026-09-11,6,Put,"8,500.00",+10.12%,776,775.89,800,19,20,0.95,11.92%,45.31%,-0.951654,2026-09-04
$SPX,7718.6,2026-12-31,117,Put,"7,595.00",-1.60%,171.8,163,173.3,18,19,0.95,11.92%,15.18%,-0.369397,2026-09-04
$SPX,7718.6,2026-11-04,60,Put,"7,550.00",-2.18%,97.1,97.09,99.2,20,21,0.95,11.92%,14.94%,-0.317616,2026-09-04
$SPX,7718.6,2026-11-30,86,Put,"6,480.00",-16.05%,25.1,24.02,25.9,20,21,0.95,11.92%,25.21%,-0.059891,2026-09-04
$SPX,7718.6,2026-09-15,10,Put,"7,490.00",-2.96%,7.4,6.3,7.9,63,66,0.95,11.92%,14.12%,-0.090586,2026-09-04
$SPX,7718.6,2026-09-30,25,Put,"6,710.00",-13.07%,4.1,3.55,4.5,37,39,0.95,11.92%,27.15%,-0.020743,2026-09-04
$SPX,7718.6,2026-09-21,16,Put,"7,640.00",-1.02%,43.1,42.15,43.9,62,65,0.95,11.92%,12.54%,-0.325321,2026-09-04
$SPX,7718.6,2026-09-11,6,Call,"7,725.00",-0.08%,32.4,34.84,32.9,2267,2395,0.95,11.92%,8.49%,0.493669,2026-09-04
$SPX,7718.6,2026-10-12,37,Call,"7,900.00",-2.35%,40.7,43.65,41.8,62,65,0.95,11.92%,10.02%,0.276148,2026-09-04
$SPX,7718.6,2026-12-31,117,Call,"7,775.00",-0.73%,250.8,262.51,252.4,72,76,0.95,11.92%,13.32%,0.54174,2026-09-04
$SPX,7718.6,2026-09-18,13,Call,"7,745.00",-0.34%,48.7,52.35,49.5,167,176,0.95,11.92%,9.79%,0.457921,2026-09-04
$SPX,7718.6,2026-09-09,4,Call,"7,685.00",+0.44%,40.5,43.3,40.9,102,107,0.95,11.92%,5.03%,0.817695,2026-09-04
$SPX,7718.6,2026-09-08,3,Put,"6,625.00",-14.17%,0.1,0.1,0.2,19,20,0.95,11.92%,56.61%,-0.001319,2026-09-04
$SPX,7718.6,2026-09-10,5,Call,"7,690.00",+0.37%,42.8,47.36,43.3,84,89,0.94,11.92%,6.49%,0.71156,2026-09-04
$SPX,7718.6,2026-09-15,10,Call,"7,890.00",-2.22%,2.1,2.57,2.5,257,273,0.94,11.92%,7.86%,0.054298,2026-09-04
$SPX,7718.6,2026-09-21,16,Call,"7,975.00",-3.32%,2.55,2.84,3,130,139,0.94,11.92%,8.83%,0.04725,2026-09-04
$SPX,7718.6,2026-09-17,12,Call,"7,600.00",+1.54%,135.3,144.95,144.6,15,16,0.94,11.92%,9.68%,0.831316,2026-09-04
$SPX,7718.6,2026-09-08,3,Put,"7,785.00",+0.86%,76.2,72.73,77.8,31,33,0.94,11.92%,12.77%,-0.766101,2026-09-04
$SPX,7718.6,2026-09-11,6,Put,"6,525.00",-15.46%,0.3,0.25,0.45,243,259,0.94,11.92%,47.59%,-0.002618,2026-09-04
$SPX,7718.6,2026-09-10,5,Put,"7,730.00",+0.15%,41.6,36.1,42,116,124,0.94,11.92%,10.43%,-0.534489,2026-09-04
$SPX,7718.6,2026-09-10,5,Put,"6,675.00",-13.52%,0.25,0.25,0.4,16,17,0.94,11.92%,45.03%,-0.002632,2026-09-04
$SPX,7718.6,2026-09-23,18,Put,"7,000.00",-9.31%,3.9,3.5,4.3,80,85,0.94,11.92%,23.42%,-0.02636,2026-09-04
$SPX,7718.6,2026-09-18,13,Put,"7,715.00",-0.05%,62.7,62.5,64,2977,3176,0.94,11.92%,11.92%,-0.470755,2026-09-04
$SPX,7718.6,2026-09-24,19,Put,"7,490.00",-2.96%,24.1,24.72,24.9,17,18,0.94,11.92%,14.94%,-0.171568,2026-09-04
$SPX,7718.6,2026-09-18,13,Put,"7,640.00",-1.02%,39.2,38.48,39.9,418,447,0.94,11.92%,13.03%,-0.318451,2026-09-04
$SPX,7718.6,2026-09-18,13,Put,"7,325.00",-5.10%,6.7,6.2,7.1,504,535,0.94,11.92%,18.37%,-0.059232,2026-09-04
$SPX,7718.6,2026-09-11,6,Put,"7,700.00",-0.24%,35.1,33.25,35.6,4310,4631,0.93,11.92%,11.61%,-0.420256,2026-09-04
$SPX,7718.6,2026-09-11,6,Put,"5,700.00",-26.15%,0.1,0.1,0.2,1063,1142,0.93,11.92%,75.48%,-0.000723,2026-09-04
$SPX,7718.6,2026-11-03,59,Put,"7,000.00",-9.31%,30.2,29.98,31.5,14,15,0.93,11.92%,20.59%,-0.098976,2026-09-04
$SPX,7718.6,2026-09-11,6,Call,"7,795.00",-0.99%,9,9.4,9.4,410,440,0.93,11.92%,8.46%,0.198309,2026-09-04
$SPX,7718.6,2026-09-14,9,Call,"5,000.00",+35.22%,2698.1,2715.88,2722.1,88,95,0.93,11.92%,0.00%,0,2026-09-04
$SPX,7718.6,2026-09-10,5,Call,"7,865.00",-1.90%,0.55,0.6,0.75,443,476,0.93,11.92%,7.90%,0.024252,2026-09-04
$SPX,7718.6,2026-10-05,30,Call,"7,800.00",-1.05%,63.4,67.38,64.5,69,74,0.93,11.92%,10.14%,0.404596,2026-09-04
$SPX,7718.6,2026-09-16,11,Put,"7,000.00",-9.31%,1.7,1.25,2,153,164,0.93,11.92%,26.35%,-0.014593,2026-09-04
$SPX,7718.6,2026-09-22,17,Put,"6,200.00",-19.67%,1,0.85,1.25,920,1001,0.92,11.92%,40.51%,-0.005122,2026-09-04
$SPX,7718.6,2026-09-11,6,Put,"7,600.00",-1.54%,11.4,10.77,11.8,2159,2343,0.92,11.92%,13.07%,-0.167441,2026-09-04
$SPX,7718.6,2026-10-16,41,Put,"7,815.00",+1.25%,161.5,158.89,163.3,160,173,0.92,11.92%,11.92%,-0.595692,2026-09-04
$SPX,7718.6,2026-11-30,86,Put,"7,615.00",-1.34%,144.3,142.97,145.6,12,13,0.92,11.92%,14.57%,-0.376287,2026-09-04
$SPX,7718.6,2026-09-15,10,Put,"7,465.00",-3.29%,6.2,4.99,6.7,11,12,0.92,11.92%,14.61%,-0.076225,2026-09-04
$SPX,7718.6,2026-10-06,31,Put,"7,175.00",-7.04%,15.7,15.27,16.5,12,13,0.92,11.92%,19.01%,-0.081127,2026-09-04
$SPX,7718.6,2027-04-16,223,Put,"4,150.00",-46.23%,14.2,13.95,14.8,200,217,0.92,11.92%,40.87%,-0.0149,2026-09-04
$SPX,7718.6,2026-12-31,117,Call,"7,705.00",+0.18%,294.1,294.86,295.8,11,12,0.92,11.92%,13.69%,0.587345,2026-09-04
$SPX,7718.6,2026-10-23,48,Call,"8,100.00",-4.94%,17.9,18.8,18.8,59,64,0.92,11.92%,10.38%,0.128508,2026-09-04
$SPX,7718.6,2026-09-15,10,Call,"7,740.00",-0.28%,33.3,34.8,34,83,90,0.92,11.92%,7.87%,0.448379,2026-09-04
$SPX,7718.6,2026-09-09,4,Call,"7,840.00",-1.57%,0.45,0.5,0.6,766,833,0.92,11.92%,7.31%,0.023721,2026-09-04
$SPX,7718.6,2027-01-15,132,Call,"8,075.00",-4.62%,131.7,131.6,133.1,10,11,0.91,11.92%,12.48%,0.352589,2026-09-04
$SPX,7718.6,2026-09-11,6,Call,"7,495.00",+2.90%,208.8,225.36,232.3,10,11,0.91,11.92%,7.10%,0.999516,2026-09-04
$SPX,7718.6,2026-09-25,20,Call,"7,520.00",+2.57%,225.2,269.22,234.6,50,55,0.91,11.92%,11.65%,0.851456,2026-09-04
$SPX,7718.6,2026-09-08,3,Put,"7,350.00",-4.78%,0.45,0.5,0.5,1288,1410,0.91,11.92%,22.96%,-0.008782,2026-09-04
$SPX,7718.6,2026-09-08,3,Put,"7,320.00",-5.16%,0.4,0.4,0.55,240,264,0.91,11.92%,24.63%,-0.008237,2026-09-04
$SPX,7718.6,2026-11-20,76,Put,"7,540.00",-2.31%,115.4,115.65,116.9,240,263,0.91,11.92%,15.26%,-0.323674,2026-09-04
$SPX,7718.6,2026-09-14,9,Put,"7,400.00",-4.13%,3.2,2.71,3.4,306,338,0.91,11.92%,15.93%,-0.041708,2026-09-04
$SPX,7718.6,2026-11-04,60,Put,"6,725.00",-12.87%,20.5,19.99,21.6,100,110,0.91,11.92%,23.83%,-0.062734,2026-09-04
$SPX,7718.6,2026-09-14,9,Put,"7,540.00",-2.31%,8.7,8.3,9,204,227,0.9,11.92%,12.95%,-0.11483,2026-09-04
$SPX,7718.6,2026-09-10,5,Put,"7,535.00",-2.38%,3.2,2.7,3.6,230,255,0.9,11.92%,13.75%,-0.06271,2026-09-04
$SPX,7718.6,2026-09-10,5,Put,"6,500.00",-15.79%,0.2,0.2,0.35,599,666,0.9,11.92%,51.63%,-0.001984,2026-09-04
$SPX,7718.6,2026-10-08,33,Put,"7,700.00",-0.24%,97.9,96.21,99.2,18,20,0.9,11.92%,12.74%,-0.442438,2026-09-04
$SPX,7718.6,2026-10-05,30,Put,"7,750.00",+0.41%,111.4,107.22,112.6,47,52,0.9,11.92%,11.98%,-0.518257,2026-09-04
$SPX,7718.6,2026-10-16,41,Call,"7,815.00",-1.25%,83.5,85.61,85.3,166,185,0.9,11.92%,10.95%,0.418293,2026-09-04
$SPX,7718.6,2026-09-14,9,Call,"7,760.00",-0.54%,22.1,25.66,22.6,114,127,0.9,11.92%,7.65%,0.357564,2026-09-04
$SPX,7718.6,2026-09-25,20,Put,"7,730.00",+0.15%,85.6,83.11,86.6,142,158,0.9,11.92%,12.05%,-0.496019,2026-09-04
$SPX,7718.6,2026-09-25,20,Put,"7,515.00",-2.64%,29.3,28.15,30.1,18,20,0.9,11.92%,14.66%,-0.198617,2026-09-04
$SPX,7718.6,2026-09-09,4,Put,"7,780.00",+0.80%,72.9,67.78,74.8,38,42,0.9,11.92%,11.48%,-0.739388,2026-09-04
$SPX,7718.6,2026-09-09,4,Put,"7,280.00",-5.68%,0.6,0.5,0.75,193,217,0.89,11.92%,24.32%,-0.010042,2026-09-04
$SPX,7718.6,2026-09-28,23,Put,"7,620.00",-1.28%,52.4,50.7,53.4,25,28,0.89,11.92%,12.99%,-0.320153,2026-09-04
$SPX,7718.6,2026-09-10,5,Put,"7,675.00",-0.56%,19.1,17.7,19.5,794,891,0.89,11.92%,10.66%,-0.31069,2026-09-04
$SPX,7718.6,2026-09-18,13,Put,"7,530.00",-2.44%,19.5,19,20.1,268,302,0.89,11.92%,14.67%,-0.171252,2026-09-04
$SPX,7718.6,2026-09-11,6,Call,"7,700.00",+0.24%,46.1,48.7,46.6,2710,3062,0.89,11.92%,8.49%,0.610957,2026-09-04
$SPX,7718.6,2026-09-14,9,Call,"7,620.00",+1.28%,100.1,115.23,120.1,40,45,0.89,11.92%,7.19%,0.889431,2026-09-04
$SPX,7718.6,2027-03-31,207,Call,"7,930.00",-2.74%,305.4,310.3,307.5,17,19,0.89,11.92%,13.91%,0.504171,2026-09-04
$SPX,7718.6,2026-09-17,12,Call,"7,710.00",+0.11%,61.8,63.2,62.7,76,85,0.89,11.92%,9.48%,0.556806,2026-09-04
$SPX,7718.6,2026-09-17,12,Call,"7,910.00",-2.48%,4,4.25,4.6,49,55,0.89,11.92%,8.95%,0.076753,2026-09-04
$SPX,7718.6,2026-09-22,17,Call,"8,125.00",-5.27%,0.7,0.65,1,30,34,0.88,11.92%,10.41%,0.014017,2026-09-04
$SPX,7718.6,2026-09-11,6,Put,"6,375.00",-17.41%,0.25,0.2,0.4,100,114,0.88,11.92%,52.81%,-0.002081,2026-09-04
$SPX,7718.6,2026-09-14,9,Put,"7,490.00",-2.96%,5.8,5.8,6,144,163,0.88,11.92%,13.91%,-0.077113,2026-09-04
$SPX,7718.6,2026-09-21,16,Put,"7,440.00",-3.61%,13.7,13.64,14.4,23,26,0.88,11.92%,15.38%,-0.114626,2026-09-04
$SPX,7718.6,2026-09-18,13,Put,"7,740.00",+0.28%,76.1,73.37,77,337,381,0.88,11.92%,12.01%,-0.528653,2026-09-04
$SPX,7718.6,2026-12-31,117,Put,"7,830.00",+1.44%,254.1,247.1,255.7,20,23,0.87,11.92%,13.50%,-0.52723,2026-09-04
$SPX,7718.6,2026-09-10,5,Put,"7,655.00",-0.82%,14.4,14.01,14.8,145,167,0.87,11.92%,10.97%,-0.246874,2026-09-04
$SPX,7718.6,2026-10-30,55,Put,"7,665.00",-0.69%,122.1,117.87,123.3,41,47,0.87,11.92%,13.78%,-0.408269,2026-09-04
$SPX,7718.6,2026-09-14,9,Call,"7,790.00",-0.93%,13.1,15.05,13.5,153,175,0.87,11.92%,7.60%,0.24494,2026-09-04
$SPX,7718.6,2026-09-08,3,Put,"7,480.00",-3.09%,0.6,0.6,0.75,289,333,0.87,11.92%,16.41%,-0.016321,2026-09-04
$SPX,7718.6,2026-09-14,9,Call,"7,715.00",+0.05%,42.5,45.43,43,50,58,0.86,11.92%,7.71%,0.547166,2026-09-04
$SPX,7718.6,2026-10-30,55,Call,"7,570.00",+1.93%,272.6,275.45,274,24,28,0.86,11.92%,13.57%,0.692046,2026-09-04
$SPX,7718.6,2026-12-18,104,Put,"7,735.00",+0.21%,206.6,197.18,208.8,36,42,0.86,11.92%,14.21%,-0.460464,2026-09-04
$SPX,7718.6,2027-03-31,207,Put,"7,890.00",+2.22%,348.9,342.2,351.2,18,21,0.86,11.92%,14.18%,-0.526438,2026-09-04
$SPX,7718.6,2026-09-18,13,Put,"7,670.00",-0.63%,47.8,44.26,48.6,299,349,0.86,11.92%,12.66%,-0.374584,2026-09-04
$SPX,7718.6,2026-09-18,13,Put,"6,650.00",-13.84%,1.45,1.19,1.7,1011,1171,0.86,11.92%,34.23%,-0.009207,2026-09-04
$SPX,7718.6,2026-09-09,4,Put,"7,545.00",-2.25%,2,1.9,2.2,142,165,0.86,11.92%,13.25%,-0.047136,2026-09-04
$SPX,7718.6,2026-09-09,4,Put,"6,975.00",-9.63%,0.35,0.35,0.5,158,184,0.86,11.92%,37.39%,-0.004442,2026-09-04
$SPX,7718.6,2026-09-16,11,Put,"7,350.00",-4.78%,4.7,4.4,5.1,668,775,0.86,11.92%,17.58%,-0.049323,2026-09-04
$SPX,7718.6,2026-11-20,76,Put,"5,925.00",-23.24%,11.3,11.32,11.9,917,1081,0.85,11.92%,31.80%,-0.025928,2026-09-04
$SPX,7718.6,2026-09-10,5,Call,"7,850.00",-1.70%,0.8,0.85,1,988,1166,0.85,11.92%,7.62%,0.033363,2026-09-04
$SPX,7718.6,2026-11-30,86,Call,"7,470.00",+3.22%,400.2,421.61,411.3,66,78,0.85,11.92%,14.57%,0.733023,2026-09-04
$SPX,7718.6,2026-12-18,104,Call,"8,020.00",-3.90%,112.5,112.4,113.7,11,13,0.85,11.92%,12.14%,0.348507,2026-09-04
$SPX,7718.6,2026-09-09,4,Call,"7,885.00",-2.16%,0.2,0.2,0.35,100,118,0.85,11.92%,8.75%,0.011338,2026-09-04
$SPX,7718.6,2026-09-08,3,Put,"7,440.00",-3.61%,0.55,0.6,0.7,231,273,0.85,11.92%,18.57%,-0.013628,2026-09-04
$SPX,7718.6,2026-09-23,18,Put,"7,150.00",-7.37%,5.7,5.2,6.2,22,26,0.85,11.92%,20.52%,-0.041063,2026-09-04
$SPX,7718.6,2026-10-06,31,Put,"7,400.00",-4.13%,30.7,29.7,31.7,23,27,0.85,11.92%,15.98%,-0.161596,2026-09-04
$SPX,7718.6,2026-09-21,16,Put,"7,770.00",+0.67%,95.9,89.27,96.8,28,33,0.85,11.92%,11.42%,-0.590251,2026-09-04
$SPX,7718.6,2026-09-21,16,Put,"7,075.00",-8.34%,3.6,2.95,4,111,130,0.85,11.92%,22.25%,-0.027201,2026-09-04
$SPX,7718.6,2026-09-14,9,Put,"7,745.00",+0.34%,61.4,58.26,61.9,26,31,0.84,11.92%,10.46%,-0.565587,2026-09-04
$SPX,7718.6,2026-09-14,9,Put,"7,655.00",-0.82%,25.4,24.83,25.8,70,83,0.84,11.92%,11.09%,-0.299111,2026-09-04
$SPX,7718.6,2026-09-14,9,Put,"7,635.00",-1.08%,20.8,20.47,21.3,79,94,0.84,11.92%,11.36%,-0.253711,2026-09-04
$SPX,7718.6,2026-10-02,27,Put,"7,750.00",+0.41%,108.4,107.8,109.5,262,311,0.84,11.92%,12.13%,-0.522056,2026-09-04
$SPX,7718.6,2026-09-09,4,Put,"7,580.00",-1.80%,3,2.83,3.3,316,374,0.84,11.92%,12.14%,-0.071937,2026-09-04
$SPX,7718.6,2026-09-09,4,Put,"7,140.00",-7.50%,0.45,0.45,0.6,43,51,0.84,11.92%,30.32%,-0.006536,2026-09-04
$SPX,7718.6,2026-09-08,3,Call,"7,610.00",+1.41%,100.3,104.8,102,47,56,0.84,11.92%,0.00%,0,2026-09-04
$SPX,7718.6,2026-09-11,6,Call,"7,580.00",+1.80%,130.9,145.15,150.4,27,32,0.84,11.92%,9.08%,0.946764,2026-09-04
$SPX,7718.6,2026-09-10,5,Call,"7,830.00",-1.44%,1.35,1.63,1.6,240,286,0.84,11.92%,7.30%,0.053154,2026-09-04
$SPX,7718.6,2026-09-10,5,Call,"7,810.00",-1.18%,2.5,2.85,2.7,394,475,0.83,11.92%,7.10%,0.088077,2026-09-04
$SPX,7718.6,2026-09-23,18,Call,"8,400.00",-8.83%,0.25,0.22,0.5,20,24,0.83,11.92%,14.34%,0.004877,2026-09-04
$SPX,7718.6,2026-09-29,24,Call,"7,900.00",-2.35%,18.5,19.95,19.4,59,71,0.83,11.92%,9.18%,0.191193,2026-09-04
$SPX,7718.6,2026-09-24,19,Call,"7,850.00",-1.70%,22.6,24.95,23.5,58,70,0.83,11.92%,9.25%,0.242046,2026-09-04
$SPX,7718.6,2026-09-25,20,Call,"7,350.00",+4.78%,372,408.03,396,15,18,0.83,11.92%,9.79%,0.987203,2026-09-04
$SPX,7718.6,2026-09-14,9,Put,"7,680.00",-0.50%,32.5,30.98,33,219,264,0.83,11.92%,10.80%,-0.36426,2026-09-04
$SPX,7718.6,2026-09-10,5,Put,"7,565.00",-1.99%,4.5,4.55,4.8,131,158,0.83,11.92%,12.94%,-0.08609,2026-09-04
$SPX,7718.6,2026-09-23,18,Put,"7,590.00",-1.67%,37,34.6,37.9,40,48,0.83,11.92%,13.44%,-0.264751,2026-09-04
$SPX,7718.6,2026-09-21,16,Put,"7,740.00",+0.28%,80,77.17,80.9,122,147,0.83,11.92%,11.59%,-0.523254,2026-09-04
$SPX,7718.6,2026-09-09,4,Put,"7,820.00",+1.31%,101.6,104.14,121.1,15,18,0.83,11.92%,14.09%,-0.808785,2026-09-04
$SPX,7718.6,2026-09-09,4,Put,"7,500.00",-2.83%,1.3,1.47,1.5,752,904,0.83,11.92%,14.84%,-0.029982,2026-09-04
$SPX,7718.6,2026-10-16,41,Put,"7,315.00",-5.23%,35.6,33.75,36.5,29,35,0.83,11.92%,17.18%,-0.152537,2026-09-04
$SPX,7718.6,2026-10-05,30,Put,"7,640.00",-1.02%,71.2,68.44,72.4,28,34,0.82,11.92%,13.05%,-0.360889,2026-09-04
$SPX,7718.6,2026-09-25,20,Put,"7,420.00",-3.87%,19,17.63,19.6,142,173,0.82,11.92%,15.99%,-0.131201,2026-09-04
$SPX,7718.6,2027-09-17,377,Put,"7,600.00",-1.54%,361.3,360.2,363.9,501,612,0.82,11.92%,17.22%,-0.37561,2026-09-04
$SPX,7718.6,2026-09-16,11,Put,"7,560.00",-2.05%,17.3,14.71,18,49,60,0.82,11.92%,13.67%,-0.176829,2026-09-04
$SPX,7718.6,2026-09-15,10,Call,"7,795.00",-0.99%,14.2,15.75,14.8,64,78,0.82,11.92%,7.76%,0.247392,2026-09-04
$SPX,7718.6,2026-09-25,20,Call,"8,100.00",-4.94%,1.35,1.6,1.7,370,449,0.82,11.92%,9.85%,0.023079,2026-09-04
$SPX,7718.6,2026-09-08,3,Put,"7,195.00",-6.78%,0.35,0.2,0.45,106,129,0.82,11.92%,30.92%,-0.005718,2026-09-04
$SPX,7718.6,2026-09-11,6,Put,"6,500.00",-15.79%,0.3,0.25,0.45,973,1182,0.82,11.92%,48.58%,-0.002569,2026-09-04
$SPX,7718.6,2026-09-10,5,Put,"7,600.00",-1.54%,6.9,6.68,7.2,1967,2405,0.82,11.92%,12.09%,-0.12854,2026-09-04
$SPX,7718.6,2026-09-29,24,Put,"7,775.00",+0.73%,113.3,113.5,114.4,14,17,0.82,11.92%,11.57%,-0.573581,2026-09-04
$SPX,7718.6,2026-09-28,23,Put,"6,825.00",-11.58%,4,3.8,4.4,13,16,0.81,11.92%,25.28%,-0.022512,2026-09-04
$SPX,7718.6,2026-09-28,23,Put,"5,000.00",-35.22%,0.25,0.33,0.55,50,62,0.81,11.92%,58.68%,-0.001203,2026-09-04
$SPX,7718.6,2026-09-11,6,Put,"7,695.00",-0.31%,33.2,31.85,33.7,380,470,0.81,11.92%,11.66%,-0.403548,2026-09-04
$SPX,7718.6,2026-09-11,6,Put,"7,170.00",-7.11%,1.05,0.75,1.2,38,47,0.81,11.92%,26.02%,-0.012444,2026-09-04
$SPX,7718.6,2026-09-14,9,Put,"7,670.00",-0.63%,29.4,26.4,29.9,145,180,0.81,11.92%,10.90%,-0.337034,2026-09-04
$SPX,7718.6,2026-09-10,5,Put,"7,435.00",-3.67%,1.5,1.3,1.7,52,64,0.81,11.92%,16.92%,-0.027199,2026-09-04
$SPX,7718.6,2026-09-10,5,Put,"7,025.00",-8.99%,0.5,0.45,0.7,121,149,0.81,11.92%,32.60%,-0.006232,2026-09-04
$SPX,7718.6,2027-07-16,314,Put,"4,600.00",-40.40%,30.9,30.7,31.7,30,37,0.81,11.92%,34.23%,-0.029511,2026-09-04
$SPX,7718.6,2026-09-21,16,Put,"7,050.00",-8.66%,3.4,2.77,3.8,401,493,0.81,11.92%,22.79%,-0.025386,2026-09-04
$SPX,7718.6,2027-03-31,207,Put,"4,200.00",-45.59%,13.1,12.82,13.7,123,152,0.81,11.92%,41.11%,-0.014329,2026-09-04
$SPX,7718.6,2026-09-18,13,Put,"7,510.00",-2.70%,17.3,16.9,17.9,247,306,0.81,11.92%,14.99%,-0.153106,2026-09-04
$SPX,7718.6,2026-09-25,20,Put,"7,725.00",+0.08%,83.5,82.87,84.5,213,262,0.81,11.92%,12.11%,-0.486734,2026-09-04
$SPX,7718.6,2026-09-09,4,Put,"7,670.00",-0.63%,12.5,11.5,12.9,515,632,0.81,11.92%,9.97%,-0.260058,2026-09-04
$SPX,7718.6,2026-09-22,17,Put,"6,600.00",-14.49%,1.75,1.65,2,21,26,0.81,11.92%,32.04%,-0.010124,2026-09-04
$SPX,7718.6,2026-10-12,37,Call,"7,925.00",-2.67%,33.8,35.8,34.9,17,21,0.81,11.92%,9.93%,0.242017,2026-09-04
$SPX,7718.6,2026-12-31,117,Call,"7,875.00",-2.03%,195.3,193.61,196.9,50,62,0.81,11.92%,12.84%,0.472175,2026-09-04
$SPX,7718.6,2026-11-03,59,Call,"7,700.00",+0.24%,188,204.28,190.3,50,62,0.81,11.92%,12.55%,0.576103,2026-09-04
$SPX,7718.6,2026-11-30,86,Call,"7,510.00",+2.70%,373.8,388.65,375.1,44,54,0.81,11.92%,14.28%,0.710914,2026-09-04
$SPX,7718.6,2026-09-09,4,Call,"7,960.00",-3.13%,0.1,0.1,0.25,72,89,0.81,11.92%,11.50%,0.005882,2026-09-04
$SPX,7718.6,2026-09-08,3,Call,"7,805.00",-1.12%,0.4,0.47,0.55,2152,2681,0.8,11.92%,6.26%,0.028282,2026-09-04
$SPX,7718.6,2026-09-28,23,Call,"7,750.00",-0.41%,68.8,73.63,69.9,239,297,0.8,11.92%,9.82%,0.476256,2026-09-04
$SPX,7718.6,2026-09-28,23,Call,"7,450.00",+3.48%,290,296.66,299.5,20,25,0.8,11.92%,11.28%,0.910823,2026-09-04
$SPX,7718.6,2026-12-31,117,Call,"8,075.00",-4.62%,109.2,110.02,110.7,80,100,0.8,11.92%,12.11%,0.328411,2026-09-04
$SPX,7718.6,2026-09-10,5,Call,"7,805.00",-1.12%,2.9,3.3,3.1,221,277,0.8,11.92%,7.06%,0.099734,2026-09-04
$SPX,7718.6,2026-10-23,48,Call,"8,050.00",-4.29%,25.3,26.45,26.3,41,51,0.8,11.92%,10.46%,0.168238,2026-09-04
$SPX,7718.6,2026-09-30,25,Call,"8,190.00",-6.11%,1.1,1.35,1.45,100,125,0.8,11.92%,10.20%,0.017288,2026-09-04
$SPX,7718.6,2026-09-18,13,Call,"7,755.00",-0.47%,44,47.36,44.8,136,169,0.8,11.92%,9.73%,0.429859,2026-09-04
$SPX,7718.6,2026-09-25,20,Call,"7,975.00",-3.32%,5.6,5.8,6,274,341,0.8,11.92%,9.18%,0.078134,2026-09-04
$SPX,7718.6,2026-10-07,32,Call,"8,100.00",-4.94%,5.1,5.15,5.8,12,15,0.8,11.92%,9.60%,0.058506,2026-09-04
$SPX,7718.6,2026-10-07,32,Call,"8,175.00",-5.91%,2.65,3.07,3.2,12,15,0.8,11.92%,9.89%,0.033242,2026-09-04
$SPX,7718.6,2026-09-16,11,Call,"7,950.00",-3.00%,1.45,1.65,1.8,202,252,0.8,11.92%,8.97%,0.03442,2026-09-04
$SPX,7718.6,2026-09-08,3,Put,"7,900.00",+2.35%,190.2,187.05,192,32,40,0.8,11.92%,23.21%,-0.863419,2026-09-04
$SPX,7718.6,2027-07-16,314,Put,"7,725.00",+0.08%,360.6,355.35,363.3,52,65,0.8,11.92%,16.10%,-0.422457,2026-09-04
$SPX,7718.6,2026-09-17,12,Put,"7,850.00",+1.70%,144,143.5,153.2,20,25,0.8,11.92%,12.29%,-0.769939,2026-09-04
$SPX,7718.6,2026-09-16,11,Put,"7,440.00",-3.61%,7.7,6.45,8.2,77,96,0.8,11.92%,15.77%,-0.081807,2026-09-04
$SPX,7718.6,2026-10-05,30,Put,"7,525.00",-2.51%,45.5,43.8,46.5,23,29,0.79,11.92%,14.35%,-0.241671,2026-09-04
$SPX,7718.6,2026-09-09,4,Put,"7,750.00",+0.41%,48.4,44.7,50.2,753,954,0.79,11.92%,10.18%,-0.638359,2026-09-04
$SPX,7718.6,2026-09-17,12,Put,"7,565.00",-1.99%,21.5,21.31,22.2,11,14,0.79,11.92%,13.98%,-0.198515,2026-09-04
$SPX,7718.6,2026-09-08,3,Call,"7,620.00",+1.28%,90.7,101.87,92.4,89,113,0.79,11.92%,8.40%,0.95836,2026-09-04
$SPX,7718.6,2026-09-28,23,Call,"7,625.00",+1.21%,148.9,169.48,149.9,50,63,0.79,11.92%,10.72%,0.70954,2026-09-04
$SPX,7718.6,2026-09-11,6,Call,"7,730.00",-0.15%,30,32.15,30.5,638,808,0.79,11.92%,8.49%,0.469977,2026-09-04
$SPX,7718.6,2026-09-11,6,Call,"7,705.00",+0.18%,43.2,49.1,43.7,287,364,0.79,11.92%,8.51%,0.587735,2026-09-04
$SPX,7718.6,2026-09-14,9,Call,"7,765.00",-0.60%,20.4,22.05,20.8,75,95,0.79,11.92%,7.64%,0.337579,2026-09-04
$SPX,7718.6,2026-10-02,27,Call,"7,875.00",-2.03%,32.5,34.12,33.4,150,191,0.79,11.92%,9.92%,0.264116,2026-09-04
$SPX,7718.6,2026-10-06,31,Call,"7,700.00",+0.24%,120,123.13,121.4,15,19,0.79,11.92%,10.93%,0.575591,2026-09-04
$SPX,7718.6,2026-11-20,76,Call,"7,715.00",+0.05%,214.3,217.73,216.1,87,110,0.79,11.92%,13.01%,0.566594,2026-09-04
$SPX,7718.6,2026-09-25,20,Call,"7,735.00",-0.21%,72.6,75.78,73.6,19,24,0.79,11.92%,10.21%,0.502541,2026-09-04
$SPX,7718.6,2026-09-09,4,Call,"7,565.00",+1.99%,137.4,149.56,156.8,11,14,0.79,11.92%,5.31%,0.999886,2026-09-04
$SPX,7718.6,2026-09-11,6,Put,"7,650.00",-0.89%,19.9,18.98,20.3,3424,4320,0.79,11.92%,12.20%,-0.270458,2026-09-04
$SPX,7718.6,2026-09-10,5,Put,"7,460.00",-3.35%,1.75,1.55,1.95,91,115,0.79,11.92%,16.06%,-0.032361,2026-09-04
$SPX,7718.6,2026-10-02,27,Put,"6,675.00",-13.52%,4.8,4.6,5.2,26,33,0.79,11.92%,27.63%,-0.022535,2026-09-04
$SPX,7718.6,2026-09-11,6,Put,"7,540.00",-2.31%,6.3,6.25,6.5,769,985,0.78,11.92%,14.38%,-0.095283,2026-09-04
$SPX,7718.6,2026-11-30,86,Put,"7,595.00",-1.60%,138.7,130.05,140,18,23,0.78,11.92%,14.73%,-0.362747,2026-09-04
$SPX,7718.6,2026-09-15,10,Put,"7,360.00",-4.65%,3.4,3.4,3.8,45,58,0.78,11.92%,16.95%,-0.040675,2026-09-04
$SPX,7718.6,2026-09-18,13,Put,"7,620.00",-1.28%,34.4,34.22,35.1,231,297,0.78,11.92%,13.31%,-0.285117,2026-09-04
$SPX,7718.6,2026-11-20,76,Put,"7,785.00",+0.86%,195.7,191,197.3,46,59,0.78,11.92%,13.30%,-0.515562,2026-09-04
$SPX,7718.6,2026-10-01,26,Call,"8,000.00",-3.65%,7.9,8.35,8.6,306,392,0.78,11.92%,9.32%,0.092966,2026-09-04
$SPX,7718.6,2026-09-11,6,Call,"7,960.00",-3.13%,0.45,0.41,0.6,500,638,0.78,11.92%,10.70%,0.014126,2026-09-04
$SPX,7718.6,2026-10-05,30,Call,"8,050.00",-4.29%,6.5,7.14,7.2,29,37,0.78,11.92%,9.35%,0.074733,2026-09-04
$SPX,7718.6,2026-09-22,17,Call,"7,740.00",-0.28%,58.7,64,59.7,84,108,0.78,11.92%,9.52%,0.48316,2026-09-04
$SPX,7718.6,2026-09-08,3,Put,"7,755.00",+0.47%,48.6,45.45,50.3,464,596,0.78,11.92%,10.35%,-0.684461,2026-09-04
$SPX,7718.6,2026-09-08,3,Put,"7,260.00",-5.94%,0.4,0.4,0.5,107,137,0.78,11.92%,27.77%,-0.007026,2026-09-04
$SPX,7718.6,2026-09-11,6,Call,"7,755.00",-0.47%,19.7,21.6,20.2,626,812,0.77,11.92%,8.46%,0.354424,2026-09-04
$SPX,7718.6,2026-09-30,25,Call,"8,195.00",-6.17%,1.1,1.3,1.4,105,137,0.77,11.92%,10.27%,0.016891,2026-09-04
$SPX,7718.6,2026-09-11,6,Put,"7,825.00",+1.38%,117.6,118.08,119.6,105,136,0.77,11.92%,12.98%,-0.790988,2026-09-04
$SPX,7718.6,2026-09-11,6,Put,"7,855.00",+1.77%,145.3,141.28,147.2,10,13,0.77,11.92%,14.18%,-0.831179,2026-09-04
$SPX,7718.6,2026-09-11,6,Put,"7,200.00",-6.72%,1.1,1.13,1.3,904,1177,0.77,11.92%,24.97%,-0.01369,2026-09-04
$SPX,7718.6,2026-09-11,6,Put,"7,060.00",-8.53%,0.85,0.6,1,159,206,0.77,11.92%,29.92%,-0.009183,2026-09-04
$SPX,7718.6,2026-12-18,104,Put,"7,665.00",-0.69%,182.4,177.31,184.5,48,62,0.77,11.92%,14.71%,-0.412471,2026-09-04
$SPX,7718.6,2026-09-14,9,Put,"7,555.00",-2.12%,9.9,9.22,10.3,34,44,0.77,11.92%,12.69%,-0.13015,2026-09-04
$SPX,7718.6,2026-09-10,5,Put,"7,440.00",-3.61%,1.55,1.2,1.75,101,131,0.77,11.92%,16.75%,-0.028189,2026-09-04
$SPX,7718.6,2026-10-02,27,Put,"7,310.00",-5.29%,19.9,18.95,20.7,48,62,0.77,11.92%,17.51%,-0.111863,2026-09-04
$SPX,7718.6,2026-10-05,30,Put,"7,275.00",-5.75%,19.5,18.79,20.3,99,129,0.77,11.92%,17.58%,-0.104919,2026-09-04
$SPX,7718.6,2026-09-22,17,Put,"7,730.00",+0.15%,77.9,75.96,78.9,10,13,0.77,11.92%,11.77%,-0.500057,2026-09-04
$SPX,7718.6,2026-11-20,76,Put,"7,780.00",+0.80%,193.5,193.23,195.2,41,54,0.76,11.92%,13.33%,-0.510286,2026-09-04
$SPX,7718.6,2026-09-25,20,Put,"6,850.00",-11.25%,3.6,3.18,4,352,465,0.76,11.92%,25.96%,-0.021421,2026-09-04
$SPX,7718.6,2026-09-09,4,Put,"7,460.00",-3.35%,1,0.85,1.2,145,190,0.76,11.92%,16.43%,-0.02214,2026-09-04
$SPX,7718.6,2026-09-17,12,Put,"7,635.00",-1.08%,35,33.7,35.7,13,17,0.76,11.92%,13.00%,-0.302837,2026-09-04
$SPX,7718.6,2026-09-14,9,Call,"7,750.00",-0.41%,25.9,26.9,26.4,675,890,0.76,11.92%,7.66%,0.398569,2026-09-04
$SPX,7718.6,2026-09-10,5,Call,"7,730.00",-0.15%,20.7,22.5,21.2,529,692,0.76,11.92%,6.81%,0.452691,2026-09-04
$SPX,7718.6,2026-09-10,5,Call,"7,705.00",+0.18%,33.5,35.6,34,120,158,0.76,11.92%,6.68%,0.61533,2026-09-04
$SPX,7718.6,2026-10-23,48,Call,"8,200.00",-6.24%,8.6,9.31,9.5,34,45,0.76,11.92%,10.34%,0.071456,2026-09-04
$SPX,7718.6,2026-12-18,104,Call,"8,170.00",-5.85%,66.8,68.1,67.8,28,37,0.76,11.92%,11.77%,0.242305,2026-09-04
$SPX,7718.6,2027-01-15,132,Call,"8,550.00",-10.77%,27.2,27.11,28.4,300,397,0.76,11.92%,11.64%,0.109747,2026-09-04
$SPX,7718.6,2026-09-08,3,Put,"7,490.00",-2.96%,0.6,0.7,0.75,237,310,0.76,11.92%,15.82%,-0.016872,2026-09-04
$SPX,7718.6,2026-09-11,6,Put,"7,805.00",+1.12%,100.3,87.04,102.3,96,127,0.76,11.92%,12.39%,-0.752198,2026-09-04
$SPX,7718.6,2026-09-10,5,Put,"7,755.00",+0.47%,56.9,51.3,58.8,60,79,0.76,11.92%,10.80%,-0.634319,2026-09-04
$SPX,7718.6,2026-09-15,10,Put,"7,310.00",-5.29%,2.75,2,3.1,26,34,0.76,11.92%,18.18%,-0.031901,2026-09-04
$SPX,7718.6,2026-09-28,23,Put,"7,675.00",-0.56%,68.2,64.35,69.2,267,354,0.75,11.92%,12.36%,-0.399827,2026-09-04
$SPX,7718.6,2026-12-31,117,Put,"7,615.00",-1.34%,177.4,176.11,178.9,12,16,0.75,11.92%,15.03%,-0.381296,2026-09-04
$SPX,7718.6,2026-09-10,5,Put,"7,585.00",-1.73%,5.7,5.88,6,91,121,0.75,11.92%,12.43%,-0.107767,2026-09-04
$SPX,7718.6,2026-09-10,5,Put,"7,445.00",-3.54%,1.55,1.05,1.8,41,55,0.75,11.92%,16.54%,-0.028887,2026-09-04
$SPX,7718.6,2026-09-23,18,Put,"7,600.00",-1.54%,39.1,37.7,40,70,93,0.75,11.92%,13.31%,-0.277738,2026-09-04
$SPX,7718.6,2026-11-30,86,Put,"6,900.00",-10.61%,43.4,43.34,44.1,118,157,0.75,11.92%,21.05%,-0.110323,2026-09-04
$SPX,7718.6,2026-09-15,10,Put,"7,760.00",+0.54%,73.9,70.64,74.7,39,52,0.75,11.92%,10.76%,-0.601914,2026-09-04
$SPX,7718.6,2027-07-16,314,Put,"6,975.00",-9.63%,190.9,187.7,193,88,118,0.75,11.92%,20.13%,-0.217818,2026-09-04
$SPX,7718.6,2026-10-05,30,Put,"7,670.00",-0.63%,80.4,78.81,81.5,18,24,0.75,11.92%,12.74%,-0.399582,2026-09-04
$SPX,7718.6,2026-09-09,4,Put,"7,395.00",-4.19%,0.75,0.65,0.95,46,61,0.75,11.92%,19.18%,-0.01532,2026-09-04
$SPX,7718.6,2026-09-11,6,Call,"7,775.00",-0.73%,13.6,14.75,14,1074,1429,0.75,11.92%,8.46%,0.270658,2026-09-04
$SPX,7718.6,2026-09-09,4,Call,"7,640.00",+1.02%,67.5,80.97,86.9,56,75,0.75,11.92%,2.90%,0.999771,2026-09-04
$SPX,7718.6,2026-09-17,12,Call,"7,755.00",-0.47%,39,41.55,39.8,49,65,0.75,11.92%,9.27%,0.420534,2026-09-04
$SPX,7718.6,2026-09-16,11,Call,"7,715.00",+0.05%,53.8,56.23,54.7,18,24,0.75,11.92%,8.99%,0.542944,2026-09-04
$SPX,7718.6,2026-09-08,3,Put,"7,750.00",+0.41%,44.4,41.27,46.1,1599,2146,0.75,11.92%,10.03%,-0.664091,2026-09-04
$SPX,7718.6,2026-10-02,27,Call,"7,975.00",-3.32%,12.4,12.83,12.9,348,473,0.74,11.92%,9.58%,0.127516,2026-09-04
$SPX,7718.6,2026-09-09,4,Call,"7,730.00",-0.15%,15,16.57,15.4,442,601,0.74,11.92%,5.91%,0.432093,2026-09-04
$SPX,7718.6,2026-09-08,3,Put,"7,475.00",-3.16%,0.6,0.6,0.75,934,1257,0.74,11.92%,16.71%,-0.01606,2026-09-04
$SPX,7718.6,2026-09-11,6,Put,"7,725.00",+0.08%,46.4,44.17,46.9,1437,1947,0.74,11.92%,11.50%,-0.507748,2026-09-04
$SPX,7718.6,2026-12-18,104,Put,"6,970.00",-9.70%,63,62.2,64,43,58,0.74,11.92%,20.49%,-0.141127,2026-09-04
$SPX,7718.6,2026-12-18,104,Put,"6,740.00",-12.68%,47,46.9,48,93,125,0.74,11.92%,22.56%,-0.102474,2026-09-04
$SPX,7718.6,2026-09-14,9,Put,"7,725.00",+0.08%,50.7,45.4,51.2,256,346,0.74,11.92%,10.48%,-0.50155,2026-09-04
$SPX,7718.6,2026-09-14,9,Put,"7,820.00",+1.31%,105.5,104.54,125.5,62,84,0.74,11.92%,11.17%,-0.766818,2026-09-04
$SPX,7718.6,2026-09-14,9,Put,"7,420.00",-3.87%,3.6,2.95,3.8,34,46,0.74,11.92%,15.46%,-0.047274,2026-09-04
$SPX,7718.6,2026-09-14,9,Put,"7,310.00",-5.29%,2.1,1.55,2.3,23,31,0.74,11.92%,18.23%,-0.025961,2026-09-04
$SPX,7718.6,2026-11-04,60,Put,"7,650.00",-0.89%,124.2,123.96,126.5,23,31,0.74,11.92%,14.04%,-0.39641,2026-09-04
$SPX,7718.6,2026-10-02,27,Put,"7,290.00",-5.55%,18.7,17.77,19.4,58,78,0.74,11.92%,17.79%,-0.104741,2026-09-04
$SPX,7718.6,2026-09-15,10,Put,"7,665.00",-0.69%,31.6,30.5,32.3,95,128,0.74,11.92%,11.25%,-0.334533,2026-09-04
$SPX,7718.6,2026-09-21,16,Put,"7,480.00",-3.09%,17,15.62,17.6,31,42,0.74,11.92%,14.76%,-0.14056,2026-09-04
$SPX,7718.6,2026-10-16,41,Put,"7,460.00",-3.35%,53,50.82,53.9,62,84,0.74,11.92%,15.48%,-0.226203,2026-09-04
$SPX,7718.6,2026-10-16,41,Put,"3,400.00",-55.95%,0.05,0.15,0.35,50,68,0.74,11.92%,75.65%,-0.00037,2026-09-04
$SPX,7718.6,2026-09-22,17,Put,"6,800.00",-11.90%,2.35,2.03,2.65,300,404,0.74,11.92%,27.76%,-0.01495,2026-09-04
$SPX,7718.6,2026-10-07,32,Put,"7,675.00",-0.56%,86.8,86.7,88.1,379,518,0.73,11.92%,12.89%,-0.408815,2026-09-04
$SPX,7718.6,2026-09-09,4,Put,"7,800.00",+1.05%,91.4,88,93.2,51,70,0.73,11.92%,12.74%,-0.780113,2026-09-04
$SPX,7718.6,2026-09-09,4,Put,"7,405.00",-4.06%,0.8,0.7,1,164,226,0.73,11.92%,18.81%,-0.016403,2026-09-04
$SPX,7718.6,2026-09-09,4,Put,"7,315.00",-5.23%,0.6,0.5,0.8,16,22,0.73,11.92%,22.69%,-0.011054,2026-09-04
$SPX,7718.6,2026-09-16,11,Put,"7,550.00",-2.18%,16.1,15.87,16.6,81,111,0.73,11.92%,13.81%,-0.165068,2026-09-04
$SPX,7718.6,2026-09-14,9,Call,"7,850.00",-1.70%,3.9,4.32,4.2,336,461,0.73,11.92%,7.68%,0.093545,2026-09-04
$SPX,7718.6,2026-09-10,5,Call,"8,125.00",-5.27%,0.1,0.1,0.25,16,22,0.73,11.92%,16.24%,0.003877,2026-09-04
$SPX,7718.6,2026-09-23,18,Call,"7,720.00",-0.02%,73.1,76.51,74,41,56,0.73,11.92%,9.83%,0.533718,2026-09-04
$SPX,7718.6,2026-09-22,17,Call,"7,880.00",-2.09%,12.2,15.84,13,40,55,0.73,11.92%,8.87%,0.162729,2026-09-04
$SPX,7718.6,2026-12-18,104,Put,"7,750.00",+0.41%,212.2,208.75,213.9,4092,5611,0.73,11.92%,14.08%,-0.472321,2026-09-04
$SPX,7718.6,2026-09-14,9,Put,"7,515.00",-2.64%,7.1,6.8,7.3,44,60,0.73,11.92%,13.43%,-0.093904,2026-09-04
$SPX,7718.6,2026-10-12,37,Put,"7,150.00",-7.37%,19.2,19.49,20,128,175,0.73,11.92%,19.03%,-0.088603,2026-09-04
$SPX,7718.6,2026-09-10,5,Put,"7,100.00",-8.01%,0.6,0.6,0.8,386,532,0.73,11.92%,29.87%,-0.007767,2026-09-04
$SPX,7718.6,2026-09-15,10,Put,"7,510.00",-2.70%,8.5,7.61,9.1,48,66,0.73,11.92%,13.72%,-0.104255,2026-09-04
$SPX,7718.6,2026-09-11,6,Put,"7,685.00",-0.44%,29.6,27.7,30.1,445,615,0.72,11.92%,11.75%,-0.370921,2026-09-04
$SPX,7718.6,2026-09-14,9,Put,"7,825.00",+1.38%,119.1,112.16,121.2,52,72,0.72,11.92%,11.38%,-0.77372,2026-09-04
$SPX,7718.6,2026-09-10,5,Put,"6,725.00",-12.87%,0.3,0.28,0.45,60,83,0.72,11.92%,43.55%,-0.003098,2026-09-04
$SPX,7718.6,2026-09-23,18,Put,"7,670.00",-0.63%,57.6,54,58.6,53,74,0.72,11.92%,12.47%,-0.385194,2026-09-04
$SPX,7718.6,2026-10-23,48,Put,"7,640.00",-1.02%,102,100,103.3,13,18,0.72,11.92%,13.67%,-0.380267,2026-09-04
$SPX,7718.6,2026-10-23,48,Put,"7,325.00",-5.10%,44,43.2,45.1,23,32,0.72,11.92%,16.98%,-0.171087,2026-09-04
$SPX,7718.6,2026-10-02,27,Put,"7,200.00",-6.72%,14.3,14.4,14.8,307,425,0.72,11.92%,19.08%,-0.078782,2026-09-04
$SPX,7718.6,2026-09-15,10,Put,"7,720.00",+0.02%,52,49.6,52.8,143,200,0.72,11.92%,10.78%,-0.48465,2026-09-04
$SPX,7718.6,2026-09-29,24,Put,"5,200.00",-32.63%,0.45,0.47,0.7,86,119,0.72,11.92%,54.41%,-0.001774,2026-09-04
$SPX,7718.6,2026-09-21,16,Put,"7,680.00",-0.50%,55.2,51.76,56.1,41,57,0.72,11.92%,12.11%,-0.397922,2026-09-04
$SPX,7718.6,2026-09-21,16,Put,"7,380.00",-4.39%,10.2,9.4,10.8,26,36,0.72,11.92%,16.36%,-0.085435,2026-09-04
$SPX,7718.6,2026-10-09,34,Put,"5,400.00",-30.04%,1.4,1.47,1.7,18,25,0.72,11.92%,46.27%,-0.004364,2026-09-04
$SPX,7718.6,2026-09-09,4,Put,"7,570.00",-1.93%,2.65,2.65,2.9,214,299,0.72,11.92%,12.44%,-0.063255,2026-09-04
$SPX,7718.6,2026-09-16,11,Put,"7,720.00",+0.02%,59.6,54.77,60.4,38,53,0.72,11.92%,11.76%,-0.484065,2026-09-04
$SPX,7718.6,2026-09-11,6,Call,"7,665.00",+0.69%,69.5,72.27,70,96,134,0.72,11.92%,8.33%,0.762237,2026-09-04
$SPX,7718.6,2026-09-14,9,Call,"7,720.00",-0.02%,39.9,42.33,40.4,109,151,0.72,11.92%,7.72%,0.52588,2026-09-04
$SPX,7718.6,2026-09-18,13,Call,"7,715.00",+0.05%,62.6,64.5,63.9,2789,3878,0.72,11.92%,9.68%,0.54199,2026-09-04
$SPX,7718.6,2026-09-08,3,Put,"7,410.00",-4.00%,0.5,0.5,0.65,176,244,0.72,11.92%,20.09%,-0.011778,2026-09-04
$SPX,7718.6,2027-08-20,349,Call,"8,400.00",-8.83%,276.7,274.53,279.2,600,846,0.71,11.92%,14.20%,0.395402,2026-09-04
$SPX,7718.6,2026-09-11,6,Call,"8,070.00",-4.55%,0.3,0.2,0.45,553,774,0.71,11.92%,14.19%,0.008093,2026-09-04
$SPX,7718.6,2026-09-10,5,Call,"7,770.00",-0.67%,7.9,8.94,8.3,241,341,0.71,11.92%,6.92%,0.22526,2026-09-04
$SPX,7718.6,2026-10-09,34,Call,"7,800.00",-1.05%,75.9,79,77,71,100,0.71,11.92%,10.75%,0.421502,2026-09-04
$SPX,7718.6,2026-10-01,26,Put,"7,640.00",-1.02%,65.6,61.31,66.7,12,17,0.71,11.92%,13.14%,-0.356715,2026-09-04
$SPX,7718.6,2026-09-11,6,Put,"7,605.00",-1.47%,12,11.9,12.4,397,559,0.71,11.92%,12.96%,-0.17548,2026-09-04
$SPX,7718.6,2026-12-18,104,Put,"7,220.00",-6.46%,89.1,87.4,90.3,141,199,0.71,11.92%,18.30%,-0.204228,2026-09-04
$SPX,7718.6,2026-09-14,9,Put,"7,430.00",-3.74%,3.8,3.13,4.1,84,118,0.71,11.92%,15.24%,-0.050628,2026-09-04
$SPX,7718.6,2026-09-30,25,Put,"7,735.00",+0.21%,97.2,93.5,98.3,29,41,0.71,11.92%,12.11%,-0.499311,2026-09-04
$SPX,7718.6,2027-04-16,223,Put,"4,350.00",-43.64%,16.4,16.2,17.1,30,42,0.71,11.92%,39.08%,-0.017694,2026-09-04
$SPX,7718.6,2026-09-18,13,Put,"7,420.00",-3.87%,10.5,10.46,10.9,248,347,0.71,11.92%,16.54%,-0.093871,2026-09-04
$SPX,7718.6,2026-10-05,30,Put,"7,450.00",-3.48%,34.6,34.4,35.6,81,114,0.71,11.92%,15.28%,-0.186405,2026-09-04
$SPX,7718.6,2026-09-25,20,Put,"7,670.00",-0.63%,62.9,62.4,63.9,106,149,0.71,11.92%,12.68%,-0.389951,2026-09-04
$SPX,7718.6,2026-09-25,20,Put,"7,440.00",-3.61%,20.8,20.38,21.4,113,160,0.71,11.92%,15.71%,-0.143086,2026-09-04
$SPX,7718.6,2026-10-16,41,Put,"7,595.00",-1.60%,79.6,77.62,80.7,37,52,0.71,11.92%,14.02%,-0.330837,2026-09-04
$SPX,7718.6,2026-11-20,76,Put,"7,440.00",-3.61%,94.4,92.7,95.8,287,409,0.7,11.92%,16.14%,-0.267153,2026-09-04
$SPX,7718.6,2026-09-25,20,Put,"7,710.00",-0.11%,77.2,74.93,78.3,554,790,0.7,11.92%,12.25%,-0.458784,2026-09-04
$SPX,7718.6,2026-10-09,34,Put,"7,660.00",-0.76%,85.6,82.84,86.9,14,20,0.7,11.92%,13.12%,-0.391287,2026-09-04
$SPX,7718.6,2027-02-19,167,Put,"6,500.00",-15.79%,62.4,62.16,63.9,1980,2819,0.7,11.92%,23.32%,-0.102539,2026-09-04
$SPX,7718.6,2026-12-18,104,Call,"7,470.00",+3.22%,438.9,455.58,441.3,33,47,0.7,11.92%,14.91%,0.722055,2026-09-04
$SPX,7718.6,2026-10-02,27,Call,"8,075.00",-4.62%,4.2,4.5,4.7,105,151,0.7,11.92%,9.58%,0.052963,2026-09-04
$SPX,7718.6,2026-09-29,24,Call,"7,725.00",-0.08%,85.9,91.3,87,14,20,0.7,11.92%,10.18%,0.528999,2026-09-04
$SPX,7718.6,2026-11-20,76,Call,"7,920.00",-2.61%,108.6,115.2,109.8,19,27,0.7,11.92%,12.01%,0.381465,2026-09-04
$SPX,7718.6,2026-09-21,16,Call,"8,125.00",-5.27%,0.6,0.57,0.9,23,33,0.7,11.92%,10.57%,0.012697,2026-09-04
$SPX,7718.6,2026-09-08,3,Put,"7,805.00",+1.12%,96,90.15,97,14,20,0.7,11.92%,14.62%,-0.796486,2026-09-04
$SPX,7718.6,2026-09-28,23,Put,"7,670.00",-0.63%,66.5,63.4,67.6,47,67,0.7,11.92%,12.41%,-0.391709,2026-09-04
$SPX,7718.6,2026-12-31,117,Put,"7,970.00",+3.26%,323,306.39,324.6,16,23,0.7,11.92%,12.50%,-0.645687,2026-09-04
$SPX,7718.6,2026-09-10,5,Put,"7,320.00",-5.16%,0.95,0.6,1.15,119,171,0.7,11.92%,21.25%,-0.015262,2026-09-04
$SPX,7718.6,2026-10-02,27,Put,"7,325.00",-5.10%,20.9,19.95,21.5,151,216,0.7,11.92%,17.28%,-0.117245,2026-09-04
$SPX,7718.6,2026-09-18,13,Put,"7,505.00",-2.77%,16.8,16.94,17.4,112,160,0.7,11.92%,15.08%,-0.148918,2026-09-04
$SPX,7718.6,2026-09-14,9,Put,"7,370.00",-4.52%,2.75,2.05,2.95,43,62,0.69,11.92%,16.68%,-0.03524,2026-09-04
$SPX,7718.6,2026-11-30,86,Put,"7,665.00",-0.69%,159.5,154.58,160.9,24,35,0.69,11.92%,14.17%,-0.411433,2026-09-04
$SPX,7718.6,2026-09-15,10,Put,"7,690.00",-0.37%,39.6,37.66,40.4,83,120,0.69,11.92%,10.99%,-0.398885,2026-09-04
$SPX,7718.6,2027-03-31,207,Put,"7,855.00",+1.77%,334.8,329.2,337.1,18,26,0.69,11.92%,14.41%,-0.50734,2026-09-04
$SPX,7718.6,2026-09-09,4,Put,"7,560.00",-2.05%,2.35,2.25,2.6,292,422,0.69,11.92%,12.76%,-0.0561,2026-09-04
$SPX,7718.6,2026-09-16,11,Put,"7,605.00",-1.47%,24.3,23.07,25,29,42,0.69,11.92%,13.00%,-0.238754,2026-09-04
$SPX,7718.6,2026-10-02,27,Call,"7,720.00",-0.02%,100.9,104.8,102,89,129,0.69,11.92%,10.94%,0.539455,2026-09-04
$SPX,7718.6,2026-10-02,27,Call,"8,100.00",-4.94%,3.2,3.69,3.7,208,302,0.69,11.92%,9.64%,0.042276,2026-09-04
$SPX,7718.6,2026-09-18,13,Call,"7,730.00",-0.15%,56.3,58.05,57.1,131,190,0.69,11.92%,9.88%,0.499802,2026-09-04
$SPX,7718.6,2026-09-18,13,Call,"7,880.00",-2.09%,8.8,9.6,9.4,306,443,0.69,11.92%,9.24%,0.134826,2026-09-04
$SPX,7718.6,2026-10-16,41,Call,"7,625.00",+1.21%,198.7,201.7,199.8,214,310,0.69,11.92%,12.40%,0.660865,2026-09-04
$SPX,7718.6,2026-09-08,3,Put,"7,420.00",-3.87%,0.5,0.55,0.65,227,327,0.69,11.92%,19.52%,-0.012091,2026-09-04
$SPX,7718.6,2026-09-11,6,Call,"7,830.00",-1.44%,4.1,4.4,4.4,1083,1589,0.68,11.92%,8.53%,0.105603,2026-09-04
$SPX,7718.6,2026-12-18,104,Call,"7,820.00",-1.31%,203.3,205.5,204.9,41,60,0.68,11.92%,12.89%,0.501653,2026-09-04
$SPX,7718.6,2026-09-14,9,Call,"7,780.00",-0.80%,15.7,16.58,16.2,157,231,0.68,11.92%,7.62%,0.280427,2026-09-04
$SPX,7718.6,2026-09-10,5,Call,"7,780.00",-0.80%,6,6.42,6.4,581,852,0.68,11.92%,6.96%,0.181974,2026-09-04
$SPX,7718.6,2026-11-04,60,Call,"8,400.00",-8.83%,5,5.16,5.8,100,146,0.68,11.92%,10.91%,0.039819,2026-09-04
$SPX,7718.6,2026-09-21,16,Call,"7,900.00",-2.35%,8,8.89,8.5,214,315,0.68,11.92%,8.72%,0.119863,2026-09-04
$SPX,7718.6,2026-12-18,104,Call,"7,980.00",-3.39%,128,132.2,129.3,13,19,0.68,11.92%,12.28%,0.379039,2026-09-04
$SPX,7718.6,2026-09-25,20,Call,"7,625.00",+1.21%,144.6,144.22,145.6,71,105,0.68,11.92%,11.06%,0.712721,2026-09-04
$SPX,7718.6,2026-09-09,4,Call,"7,835.00",-1.51%,0.5,0.54,0.65,334,488,0.68,11.92%,7.16%,0.026194,2026-09-04
$SPX,7718.6,2026-09-17,12,Call,"7,780.00",-0.80%,29.1,31.82,29.8,23,34,0.68,11.92%,9.17%,0.345832,2026-09-04
$SPX,7718.6,2026-09-16,11,Call,"7,810.00",-1.18%,16.2,18.1,16.8,86,127,0.68,11.92%,8.69%,0.241819,2026-09-04
$SPX,7718.6,2026-09-11,6,Put,"7,710.00",-0.11%,39.3,37.45,39.8,796,1163,0.68,11.92%,11.55%,-0.45475,2026-09-04
$SPX,7718.6,2026-09-11,6,Put,"7,475.00",-3.16%,3.6,3.41,3.8,695,1028,0.68,11.92%,16.00%,-0.054705,2026-09-04
$SPX,7718.6,2026-09-11,6,Put,"7,175.00",-7.04%,1.05,0.75,1.2,200,296,0.68,11.92%,25.81%,-0.012537,2026-09-04
$SPX,7718.6,2026-09-11,6,Put,"6,200.00",-19.67%,0.15,0.15,0.3,687,1017,0.68,11.92%,57.84%,-0.001358,2026-09-04
$SPX,7718.6,2026-11-30,86,Put,"7,490.00",-2.96%,113.3,104.8,114.5,13,19,0.68,11.92%,15.60%,-0.299544,2026-09-04
$SPX,7718.6,2026-10-09,34,Put,"7,675.00",-0.56%,90.6,88.2,91.8,52,76,0.68,11.92%,12.98%,-0.410319,2026-09-04
$SPX,7718.6,2026-09-09,4,Put,"7,600.00",-1.54%,4,3.74,4.3,2036,2976,0.68,11.92%,11.57%,-0.094413,2026-09-04
$SPX,7718.6,2026-11-20,76,Put,"7,645.00",-0.95%,144,135.15,146.1,36,54,0.67,11.92%,14.40%,-0.39668,2026-09-04
$SPX,7718.6,2026-09-17,12,Put,"7,715.00",-0.05%,61.9,58.6,62.7,78,116,0.67,11.92%,12.17%,-0.471374,2026-09-04
$SPX,7718.6,2026-09-22,17,Put,"7,710.00",-0.11%,69.3,66.88,70.2,12,18,0.67,11.92%,11.93%,-0.45861,2026-09-04
$SPX,7718.6,2026-12-31,117,Call,"7,625.00",+1.21%,347.6,355.99,349.2,40,60,0.67,11.92%,14.14%,0.635548,2026-09-04
$SPX,7718.6,2026-09-23,18,Call,"8,200.00",-6.24%,0.55,0.47,0.85,20,30,0.67,11.92%,11.40%,0.010576,2026-09-04
$SPX,7718.6,2026-10-23,48,Call,"8,350.00",-8.18%,3.2,3.48,3.7,12,18,0.67,11.92%,10.71%,0.030089,2026-09-04
$SPX,7718.6,2026-11-20,76,Call,"8,650.00",-12.07%,3.3,3.7,3.8,63,94,0.67,11.92%,11.57%,0.023619,2026-09-04
$SPX,7718.6,2027-02-26,174,Call,"8,350.00",-8.18%,96.2,97.27,98,12,18,0.67,11.92%,12.43%,0.254778,2026-09-04
$SPX,7718.6,2026-12-18,104,Call,"7,920.00",-2.61%,154,157.6,155.3,32,48,0.67,11.92%,12.51%,0.425387,2026-09-04
$SPX,7718.6,2026-09-08,3,Put,"6,750.00",-12.55%,0.15,0.1,0.25,136,202,0.67,11.92%,51.55%,-0.001881,2026-09-04
$SPX,7718.6,2027-08-20,349,Put,"8,500.00",+10.12%,721.8,717.99,725.6,10,15,0.67,11.92%,0.00%,0,2026-09-04
$SPX,7718.6,2026-09-11,6,Put,"7,590.00",-1.67%,10.3,9.72,10.6,640,950,0.67,11.92%,13.27%,-0.152102,2026-09-04
$SPX,7718.6,2026-09-11,6,Put,"7,375.00",-4.45%,1.95,1.61,2.15,1037,1543,0.67,11.92%,18.96%,-0.0282,2026-09-04
$SPX,7718.6,2026-12-18,104,Put,"6,820.00",-11.64%,51.9,50.3,53.2,24,36,0.67,11.92%,21.85%,-0.114499,2026-09-04
$SPX,7718.6,2026-10-08,33,Put,"7,675.00",-0.56%,89.1,84.15,90.3,10,15,0.67,11.92%,12.98%,-0.409692,2026-09-04
$SPX,7718.6,2026-10-02,27,Put,"7,630.00",-1.15%,65.4,65.44,66.5,67,100,0.67,11.92%,13.37%,-0.346782,2026-09-04
$SPX,7718.6,2026-09-21,16,Put,"7,500.00",-2.83%,18.9,18.41,19.5,148,221,0.67,11.92%,14.44%,-0.15566,2026-09-04
$SPX,7718.6,2026-09-28,23,Put,"7,360.00",-4.65%,16.9,15.86,17.7,27,41,0.66,11.92%,16.44%,-0.110587,2026-09-04
$SPX,7718.6,2026-09-14,9,Put,"7,520.00",-2.57%,7.4,6.35,7.6,138,209,0.66,11.92%,13.33%,-0.097735,2026-09-04
$SPX,7718.6,2026-09-21,16,Put,"7,275.00",-5.75%,6.5,6.33,7,135,204,0.66,11.92%,18.20%,-0.05357,2026-09-04
$SPX,7718.6,2026-09-18,13,Put,"7,570.00",-1.93%,24.9,24.12,25.6,157,238,0.66,11.92%,14.03%,-0.214716,2026-09-04
$SPX,7718.6,2026-10-09,34,Put,"7,375.00",-4.45%,32.8,31.85,33.7,55,83,0.66,11.92%,16.43%,-0.160104,2026-09-04
$SPX,7718.6,2026-09-09,4,Put,"7,810.00",+1.18%,91.9,96.16,111.4,19,29,0.66,11.92%,13.36%,-0.796559,2026-09-04
$SPX,7718.6,2026-09-10,5,Call,"7,855.00",-1.77%,0.7,0.7,0.9,304,461,0.66,11.92%,7.70%,0.029798,2026-09-04
$SPX,7718.6,2026-09-18,13,Call,"7,765.00",-0.60%,39.6,42.73,40.4,88,134,0.66,11.92%,9.67%,0.401879,2026-09-04
$SPX,7718.6,2026-09-25,20,Call,"7,720.00",-0.02%,81.1,83,82.1,143,218,0.66,11.92%,10.34%,0.534596,2026-09-04
$SPX,7718.6,2026-09-08,3,Call,"7,630.00",+1.15%,81.3,84.81,83,112,171,0.65,11.92%,0.00%,0,2026-09-04
$SPX,7718.6,2026-09-15,10,Call,"7,950.00",-3.00%,0.75,0.85,1,144,221,0.65,11.92%,8.51%,0.021765,2026-09-04
$SPX,7718.6,2026-09-16,11,Call,"7,760.00",-0.54%,32.3,33.31,33,55,85,0.65,11.92%,8.83%,0.393579,2026-09-04
$SPX,7718.6,2026-09-08,3,Put,"7,825.00",+1.38%,115.8,112.3,116.8,20,31,0.65,11.92%,16.50%,-0.817578,2026-09-04
$SPX,7718.6,2026-09-11,6,Put,"7,500.00",-2.83%,4.4,4.24,4.6,4898,7503,0.65,11.92%,15.34%,-0.067025,2026-09-04
$SPX,7718.6,2026-09-14,9,Put,"7,570.00",-1.93%,11.3,9.75,11.7,89,137,0.65,11.92%,12.41%,-0.147231,2026-09-04
$SPX,7718.6,2026-09-14,9,Put,"7,550.00",-2.18%,9.5,9.42,9.8,199,307,0.65,11.92%,12.77%,-0.124734,2026-09-04
$SPX,7718.6,2026-09-21,16,Put,"7,125.00",-7.69%,4.1,3.7,4.5,115,177,0.65,11.92%,21.21%,-0.031645,2026-09-04
$SPX,7718.6,2026-09-18,13,Put,"6,730.00",-12.81%,1.6,1.4,1.85,42,65,0.65,11.92%,32.20%,-0.010574,2026-09-04
$SPX,7718.6,2026-11-20,76,Put,"7,415.00",-3.93%,89.9,88.2,91.3,44,68,0.65,11.92%,16.37%,-0.254811,2026-09-04
$SPX,7718.6,2026-09-25,20,Put,"7,760.00",+0.54%,99.8,95.5,101,100,153,0.65,11.92%,11.81%,-0.554228,2026-09-04
$SPX,7718.6,2027-02-19,167,Put,"6,800.00",-11.90%,85,84.94,86.6,3035,4699,0.65,11.92%,21.13%,-0.143521,2026-09-04
$SPX,7718.6,2026-10-09,34,Put,"7,325.00",-5.10%,28.3,28.1,29.2,43,67,0.64,11.92%,17.07%,-0.137989,2026-09-04
$SPX,7718.6,2026-09-09,4,Put,"7,705.00",-0.18%,23.2,21.5,23.6,311,483,0.64,11.92%,9.58%,-0.415948,2026-09-04
$SPX,7718.6,2026-10-30,55,Put,"7,605.00",-1.47%,104.3,102.3,105.4,41,64,0.64,11.92%,14.32%,-0.355165,2026-09-04
$SPX,7718.6,2026-09-14,9,Call,"7,900.00",-2.35%,1.35,1.45,1.55,766,1200,0.64,11.92%,7.97%,0.037668,2026-09-04
$SPX,7718.6,2026-10-12,37,Call,"7,725.00",-0.08%,118.7,134.2,120,25,39,0.64,11.92%,11.00%,0.540321,2026-09-04
$SPX,7718.6,2026-09-10,5,Call,"7,815.00",-1.25%,2.15,2.4,2.4,118,185,0.64,11.92%,7.16%,0.078163,2026-09-04
$SPX,7718.6,2026-10-02,27,Call,"8,000.00",-3.65%,9.5,10.32,10,590,929,0.64,11.92%,9.54%,0.103217,2026-09-04
$SPX,7718.6,2026-09-29,24,Call,"7,640.00",+1.02%,141.3,142.23,142.4,14,22,0.64,11.92%,10.81%,0.6806,2026-09-04
$SPX,7718.6,2026-12-18,104,Put,"7,740.00",+0.28%,208.4,197.75,210.6,36,56,0.64,11.92%,14.17%,-0.463937,2026-09-04
$SPX,7718.6,2026-09-28,23,Put,"5,600.00",-27.45%,0.7,0.66,0.95,12,19,0.63,11.92%,47.60%,-0.00287,2026-09-04
$SPX,7718.6,2026-09-11,6,Put,"7,405.00",-4.06%,2.3,1.75,2.45,59,94,0.63,11.92%,18.02%,-0.033566,2026-09-04
$SPX,7718.6,2026-09-14,9,Put,"7,470.00",-3.22%,5,4.9,5.2,74,117,0.63,11.92%,14.33%,-0.066454,2026-09-04
$SPX,7718.6,2026-10-12,37,Put,"7,625.00",-1.21%,78.5,77.71,79.7,111,176,0.63,11.92%,13.34%,-0.353039,2026-09-04
$SPX,7718.6,2026-10-02,27,Put,"7,175.00",-7.04%,13.3,13.46,13.8,107,170,0.63,11.92%,19.45%,-0.073,2026-09-04
$SPX,7718.6,2026-10-06,31,Put,"7,625.00",-1.21%,69.5,67,70.7,25,40,0.63,11.92%,13.32%,-0.345431,2026-09-04
$SPX,7718.6,2026-11-20,76,Put,"7,555.00",-2.12%,120.3,117.55,121.5,12,19,0.63,11.92%,15.21%,-0.334171,2026-09-04
$SPX,7718.6,2026-09-18,13,Put,"7,700.00",-0.24%,58.4,57.8,59.2,722,1144,0.63,11.92%,12.34%,-0.437676,2026-09-04
$SPX,7718.6,2026-11-20,76,Put,"7,475.00",-3.16%,101.1,99.7,102.7,2002,3174,0.63,11.92%,15.83%,-0.285703,2026-09-04
$SPX,7718.6,2026-09-25,20,Put,"7,700.00",-0.24%,73.4,71.85,74.4,960,1519,0.63,11.92%,12.35%,-0.44094,2026-09-04
$SPX,7718.6,2027-01-15,132,Put,"7,825.00",+1.38%,261.6,255.7,263.4,195,312,0.63,11.92%,13.53%,-0.51581,2026-09-04
$SPX,7718.6,2026-10-16,41,Put,"7,170.00",-7.11%,25.1,23.56,25.7,29,46,0.63,11.92%,18.97%,-0.105503,2026-09-04
$SPX,7718.6,2027-02-19,167,Put,"6,400.00",-17.08%,56.6,54.95,57.9,597,950,0.63,11.92%,24.06%,-0.09192,2026-09-04
$SPX,7718.6,2026-09-16,11,Put,"7,695.00",-0.31%,49,45.18,49.8,26,41,0.63,11.92%,11.93%,-0.421082,2026-09-04
$SPX,7718.6,2026-09-16,11,Put,"7,360.00",-4.65%,5,4.1,5.4,20,32,0.63,11.92%,17.41%,-0.052357,2026-09-04
$SPX,7718.6,2026-09-08,3,Call,"7,880.00",-2.09%,0.05,0.1,0.2,827,1303,0.63,11.92%,8.98%,0.006178,2026-09-04
$SPX,7718.6,2026-09-11,6,Call,"7,680.00",+0.50%,59,62.58,59.5,264,422,0.63,11.92%,8.46%,0.699441,2026-09-04
$SPX,7718.6,2026-09-11,6,Call,"7,670.00",+0.63%,65.9,70.4,66.4,87,139,0.63,11.92%,8.38%,0.741839,2026-09-04
$SPX,7718.6,2026-09-10,5,Call,"7,785.00",-0.86%,5.2,5.84,5.6,377,601,0.63,11.92%,6.98%,0.162641,2026-09-04
$SPX,7718.6,2026-11-30,86,Call,"7,560.00",+2.05%,336.2,338.65,337.5,20,32,0.63,11.92%,13.95%,0.680666,2026-09-04
$SPX,7718.6,2026-09-15,10,Call,"8,025.00",-3.97%,0.4,0.4,0.65,86,137,0.63,11.92%,10.09%,0.011846,2026-09-04
$SPX,7718.6,2026-09-21,16,Call,"7,725.00",-0.08%,63.3,67.83,64.2,97,155,0.63,11.92%,9.43%,0.519339,2026-09-04
$SPX,7718.6,2026-09-25,20,Call,"7,750.00",-0.41%,64.7,68.75,65.7,481,768,0.63,11.92%,10.11%,0.469823,2026-09-04
$SPX,7718.6,2026-09-25,20,Call,"7,930.00",-2.74%,10,11.34,10.4,71,113,0.63,11.92%,9.20%,0.124754,2026-09-04
$SPX,7718.6,2026-09-08,3,Put,"7,295.00",-5.49%,0.4,0.4,0.55,135,214,0.63,11.92%,26.01%,-0.007835,2026-09-04
$SPX,7718.6,2026-09-08,3,Call,"7,660.00",+0.76%,54.6,58.51,55.4,98,157,0.62,11.92%,0.00%,0,2026-09-04
$SPX,7718.6,2026-09-28,23,Call,"7,670.00",+0.63%,116.9,120.8,118,36,58,0.62,11.92%,10.41%,0.634012,2026-09-04
$SPX,7718.6,2026-09-11,6,Call,"7,950.00",-3.00%,0.45,0.45,0.65,1130,1818,0.62,11.92%,10.39%,0.015128,2026-09-04
$SPX,7718.6,2026-12-18,104,Call,"7,970.00",-3.26%,131.2,132.79,132.7,41,66,0.62,11.92%,12.27%,0.38617,2026-09-04
$SPX,7718.6,2026-11-20,76,Call,"8,600.00",-11.42%,4.1,4.11,4.6,86,139,0.62,11.92%,11.41%,0.028612,2026-09-04
$SPX,7718.6,2026-10-05,30,Call,"7,825.00",-1.38%,52.8,55.55,54,26,42,0.62,11.92%,9.99%,0.360403,2026-09-04
$SPX,7718.6,2026-10-05,30,Call,"8,100.00",-4.94%,3.9,4.5,4.6,97,156,0.62,11.92%,9.46%,0.04919,2026-09-04
$SPX,7718.6,2026-09-11,6,Put,"7,370.00",-4.52%,1.9,1.94,2.1,219,353,0.62,11.92%,19.12%,-0.027397,2026-09-04
$SPX,7718.6,2026-10-02,27,Put,"7,730.00",+0.15%,99.6,96,100.7,21,34,0.62,11.92%,12.31%,-0.489152,2026-09-04
$SPX,7718.6,2026-10-02,27,Put,"7,520.00",-2.57%,42.1,40.8,43,28,45,0.62,11.92%,14.70%,-0.232852,2026-09-04
$SPX,7718.6,2026-09-21,16,Put,"7,100.00",-8.01%,3.8,3.6,4.2,447,718,0.62,11.92%,21.70%,-0.029107,2026-09-04
$SPX,7718.6,2026-09-25,20,Put,"7,540.00",-2.31%,33,32.4,33.8,71,115,0.62,11.92%,14.32%,-0.221664,2026-09-04
$SPX,7718.6,2026-09-09,4,Put,"7,370.00",-4.52%,0.7,0.6,0.9,114,184,0.62,11.92%,20.29%,-0.013788,2026-09-04
$SPX,7718.6,2026-10-30,55,Put,"7,565.00",-1.99%,94.1,89.58,95.2,38,61,0.62,11.92%,14.69%,-0.323471,2026-09-04
$SPX,7718.6,2026-09-09,4,Put,"7,755.00",+0.47%,52.1,48,54,143,236,0.61,11.92%,10.34%,-0.658747,2026-09-04
$SPX,7718.6,2026-09-09,4,Put,"7,365.00",-4.58%,0.7,0.6,0.9,68,112,0.61,11.92%,20.55%,-0.013633,2026-09-04
$SPX,7718.6,2026-10-16,41,Put,"6,775.00",-12.23%,11.7,10.66,12.4,80,131,0.61,11.92%,24.25%,-0.045317,2026-09-04
$SPX,7718.6,2026-09-11,6,Call,"7,655.00",+0.82%,76.5,84.2,78.2,47,77,0.61,11.92%,8.27%,0.800049,2026-09-04
$SPX,7718.6,2026-09-11,6,Call,"7,820.00",-1.31%,5.2,5.5,5.5,959,1567,0.61,11.92%,8.51%,0.127894,2026-09-04
$SPX,7718.6,2026-09-14,9,Call,"7,775.00",-0.73%,17.2,19.29,17.6,185,304,0.61,11.92%,7.62%,0.298947,2026-09-04
$SPX,7718.6,2026-10-23,48,Call,"7,925.00",-2.67%,55.7,58.12,56.9,11,18,0.61,11.92%,10.84%,0.298864,2026-09-04
$SPX,7718.6,2026-10-02,27,Call,"7,820.00",-1.31%,51.2,52.31,52.2,49,80,0.61,11.92%,10.22%,0.359702,2026-09-04
$SPX,7718.6,2026-09-30,25,Call,"8,050.00",-4.29%,3.8,4.5,4.3,2095,3435,0.61,11.92%,9.23%,0.052075,2026-09-04
$SPX,7718.6,2026-09-18,13,Call,"7,715.00",+0.05%,64.5,66,65.4,378,618,0.61,11.92%,9.98%,0.540974,2026-09-04
$SPX,7718.6,2026-09-22,17,Call,"7,860.00",-1.83%,16,17.22,16.7,17,28,0.61,11.92%,8.93%,0.199032,2026-09-04
$SPX,7718.6,2026-09-16,11,Call,"7,550.00",+2.18%,173.4,186.3,182.8,20,33,0.61,11.92%,7.26%,0.967494,2026-09-04
$SPX,7718.6,2026-10-02,27,Put,"7,680.00",-0.50%,80.6,76.8,81.7,45,74,0.61,11.92%,12.82%,-0.413307,2026-09-04
$SPX,7718.6,2026-09-29,24,Put,"7,700.00",-0.24%,79.6,75.61,80.7,38,62,0.61,11.92%,12.22%,-0.440948,2026-09-04
$SPX,7718.6,2026-09-28,23,Put,"6,750.00",-12.55%,3.5,2.9,3.9,15,25,0.6,11.92%,26.63%,-0.019187,2026-09-04
$SPX,7718.6,2026-09-11,6,Put,"7,450.00",-3.48%,3,3.04,3.2,1320,2205,0.6,11.92%,16.68%,-0.045282,2026-09-04
$SPX,7718.6,2026-09-10,5,Put,"7,710.00",-0.11%,31.5,30.6,32,421,696,0.6,11.92%,10.39%,-0.448525,2026-09-04
$SPX,7718.6,2026-11-03,59,Put,"7,500.00",-2.83%,83.5,77.3,85.6,25,42,0.6,11.92%,15.26%,-0.281588,2026-09-04
$SPX,7718.6,2026-09-23,18,Put,"7,410.00",-4.00%,15,12.35,15.7,18,30,0.6,11.92%,16.04%,-0.113351,2026-09-04
$SPX,7718.6,2026-10-02,27,Put,"7,650.00",-0.89%,71.1,71.2,72.2,270,448,0.6,11.92%,13.15%,-0.372192,2026-09-04
$SPX,7718.6,2026-09-18,13,Put,"7,565.00",-1.99%,24.2,23.42,24.8,106,177,0.6,11.92%,14.11%,-0.208795,2026-09-04
$SPX,7718.6,2026-09-18,13,Put,"7,495.00",-2.90%,15.8,15.57,16.4,394,660,0.6,11.92%,15.23%,-0.140673,2026-09-04
$SPX,7718.6,2026-10-30,55,Put,"7,615.00",-1.34%,107,105,108.2,21,35,0.6,11.92%,14.22%,-0.363688,2026-09-04
$SPX,7718.6,2026-10-30,55,Put,"7,340.00",-4.91%,55.2,53.9,56,54,90,0.6,11.92%,17.00%,-0.1926,2026-09-04
$SPX,7718.6,2026-09-11,6,Call,"7,970.00",-3.26%,0.4,0.4,0.55,277,463,0.6,11.92%,10.93%,0.012666,2026-09-04
$SPX,7718.6,2026-09-21,16,Call,"7,745.00",-0.34%,52.9,55.06,53.8,12,20,0.6,11.92%,9.32%,0.466645,2026-09-04
$SPX,7718.6,2027-01-29,146,Call,"8,500.00",-10.12%,42.5,44,44,37,62,0.6,11.92%,11.88%,0.148995,2026-09-04
$SPX,7718.6,2026-11-20,76,Call,"7,695.00",+0.31%,227,225.2,228.8,18,30,0.6,11.92%,13.13%,0.583158,2026-09-04
$SPX,7718.6,2026-09-25,20,Call,"7,620.00",+1.28%,148.3,162.43,149.3,61,102,0.6,11.92%,11.08%,0.720833,2026-09-04
$SPX,7718.6,2027-02-19,167,Call,"8,850.00",-14.66%,19.1,20,20.1,84,140,0.6,11.92%,11.82%,0.073421,2026-09-04
$SPX,7718.6,2026-09-08,3,Put,"7,445.00",-3.54%,0.55,0.6,0.7,324,537,0.6,11.92%,18.28%,-0.013824,2026-09-04
$SPX,7718.6,2027-01-15,132,Put,"7,575.00",-1.86%,178.6,171.21,180.1,39,65,0.6,11.92%,15.36%,-0.36103,2026-09-04
$SPX,7718.6,2026-09-14,9,Call,"7,825.00",-1.38%,6.6,7.52,7,151,258,0.59,11.92%,7.63%,0.14408,2026-09-04
$SPX,7718.6,2026-09-30,25,Call,"7,745.00",-0.34%,78.4,78.9,79.4,60,101,0.59,11.92%,10.23%,0.491499,2026-09-04
$SPX,7718.6,2027-07-16,314,Call,"8,275.00",-7.21%,285.5,286.4,288.1,13,22,0.59,11.92%,14.13%,0.419329,2026-09-04
$SPX,7718.6,2026-11-20,76,Call,"7,785.00",-0.86%,173,173.6,174.8,46,78,0.59,11.92%,12.60%,0.505636,2026-09-04
$SPX,7718.6,2026-09-25,20,Call,"7,500.00",+2.83%,242.4,244.1,251.9,32,54,0.59,11.92%,11.69%,0.872101,2026-09-04
$SPX,7718.6,2026-10-16,41,Call,"8,225.00",-6.56%,4.5,4.95,5.1,59,100,0.59,11.92%,10.31%,0.044421,2026-09-04
$SPX,7718.6,2026-09-16,11,Call,"8,200.00",-6.24%,0.25,0.3,0.5,10,17,0.59,11.92%,13.67%,0.006366,2026-09-04
$SPX,7718.6,2026-09-08,3,Put,"7,275.00",-5.75%,0.4,0.45,0.5,294,502,0.59,11.92%,26.95%,-0.007223,2026-09-04
$SPX,7718.6,2026-09-28,23,Put,"7,625.00",-1.21%,53.6,51.31,54.6,65,110,0.59,11.92%,12.93%,-0.326653,2026-09-04
$SPX,7718.6,2026-09-11,6,Put,"7,730.00",+0.15%,49,46.62,49.4,639,1083,0.59,11.92%,11.49%,-0.525533,2026-09-04
$SPX,7718.6,2026-09-14,9,Put,"7,450.00",-3.48%,4.3,4.4,4.6,178,302,0.59,11.92%,14.77%,-0.057646,2026-09-04
$SPX,7718.6,2026-09-10,5,Put,"7,250.00",-6.07%,0.8,0.65,1,110,188,0.59,11.92%,24.00%,-0.011903,2026-09-04
$SPX,7718.6,2026-09-23,18,Put,"7,475.00",-3.16%,20.4,20.69,21.2,19,32,0.59,11.92%,15.05%,-0.152947,2026-09-04
$SPX,7718.6,2026-10-02,27,Put,"7,575.00",-1.86%,52.3,52.52,53.3,132,224,0.59,11.92%,14.02%,-0.284157,2026-09-04
$SPX,7718.6,2026-09-15,10,Put,"7,750.00",+0.41%,67.8,64.75,68.6,318,537,0.59,11.92%,10.73%,-0.573211,2026-09-04
$SPX,7718.6,2026-09-15,10,Put,"6,850.00",-11.25%,0.95,0.77,1.2,40,68,0.59,11.92%,30.58%,-0.008159,2026-09-04
$SPX,7718.6,2026-09-24,19,Put,"7,380.00",-4.39%,14.7,13.25,15.4,17,29,0.59,11.92%,16.60%,-0.10592,2026-09-04
$SPX,7718.6,2026-09-18,13,Put,"7,555.00",-2.12%,22.7,22.76,23.4,225,380,0.59,11.92%,14.27%,-0.197341,2026-09-04
$SPX,7718.6,2026-10-05,30,Put,"7,775.00",+0.73%,123.4,117.56,124.6,51,86,0.59,11.92%,11.78%,-0.558243,2026-09-04
$SPX,7718.6,2026-10-05,30,Put,"7,375.00",-4.45%,26.7,26.72,27.6,64,108,0.59,11.92%,16.24%,-0.14463,2026-09-04
$SPX,7718.6,2027-09-17,377,Put,"5,800.00",-24.86%,91,89.76,92.4,150,254,0.59,11.92%,25.99%,-0.088184,2026-09-04
$SPX,7718.6,2026-09-09,4,Put,"7,390.00",-4.26%,0.75,0.6,0.95,51,87,0.59,11.92%,19.44%,-0.015137,2026-09-04
$SPX,7718.6,2026-10-30,55,Put,"6,120.00",-20.71%,8.2,7.72,8.6,10,17,0.59,11.92%,31.55%,-0.022818,2026-09-04
$SPX,7718.6,2026-10-16,41,Put,"7,740.00",+0.28%,127.3,123.9,128.4,48,81,0.59,11.92%,12.64%,-0.49247,2026-09-04
$SPX,7718.6,2026-11-20,76,Put,"7,545.00",-2.25%,116.6,113.8,118.1,120,206,0.58,11.92%,15.21%,-0.326867,2026-09-04
$SPX,7718.6,2026-10-09,34,Put,"7,525.00",-2.51%,53.2,51.2,54.2,18,31,0.58,11.92%,14.61%,-0.255435,2026-09-04
$SPX,7718.6,2026-09-09,4,Put,"7,790.00",+0.93%,81.9,76,83.9,11,19,0.58,11.92%,12.07%,-0.762298,2026-09-04
$SPX,7718.6,2026-09-16,11,Put,"7,745.00",+0.34%,72.1,73.6,73,38,66,0.58,11.92%,11.66%,-0.549013,2026-09-04
$SPX,7718.6,2026-09-16,11,Put,"7,275.00",-5.75%,3.4,3.2,3.8,233,399,0.58,11.92%,19.29%,-0.034796,2026-09-04
$SPX,7718.6,2026-09-08,3,Call,"7,870.00",-1.96%,0.05,0.1,0.2,263,454,0.58,11.92%,8.48%,0.006506,2026-09-04
$SPX,7718.6,2026-12-31,117,Call,"7,975.00",-3.32%,148,150,149.5,33,57,0.58,11.92%,12.44%,0.399862,2026-09-04
$SPX,7718.6,2026-09-15,10,Call,"7,755.00",-0.47%,26.9,30.87,27.7,25,43,0.58,11.92%,7.84%,0.389908,2026-09-04
$SPX,7718.6,2026-10-16,41,Call,"8,180.00",-5.98%,6.3,7.1,6.9,39,67,0.58,11.92%,10.18%,0.059084,2026-09-04
$SPX,7718.6,2027-02-19,167,Call,"8,675.00",-12.39%,33.6,35.3,34.9,49,84,0.58,11.92%,11.90%,0.11659,2026-09-04
$SPX,7718.6,2026-09-08,3,Put,"7,310.00",-5.29%,0.4,0.4,0.55,105,182,0.58,11.92%,25.18%,-0.008071,2026-09-04
$SPX,7718.6,2027-01-15,132,Put,"7,850.00",+1.70%,272.9,267.5,274.6,11,19,0.58,11.92%,13.39%,-0.536428,2026-09-04
$SPX,7718.6,2026-09-11,6,Put,"7,310.00",-5.29%,1.5,1.15,1.65,88,152,0.58,11.92%,21.07%,-0.02033,2026-09-04
$SPX,7718.6,2026-09-14,9,Put,"7,630.00",-1.15%,19.8,17.7,20.3,151,260,0.58,11.92%,11.43%,-0.243357,2026-09-04
$SPX,7718.6,2026-09-14,9,Put,"7,360.00",-4.65%,2.6,1.95,2.8,11,19,0.58,11.92%,16.92%,-0.033207,2026-09-04
$SPX,7718.6,2026-09-10,5,Put,"6,825.00",-11.58%,0.35,0.2,0.5,18,31,0.58,11.92%,39.84%,-0.003776,2026-09-04
$SPX,7718.6,2026-09-30,25,Put,"7,780.00",+0.80%,119,113.1,120.1,19,33,0.58,11.92%,11.74%,-0.578337,2026-09-04
$SPX,7718.6,2026-11-20,76,Put,"6,970.00",-9.70%,42.6,42,43.5,22,38,0.58,11.92%,20.79%,-0.115975,2026-09-04
$SPX,7718.6,2026-09-18,13,Put,"6,900.00",-10.61%,2.15,2.05,2.4,1115,1909,0.58,11.92%,28.13%,-0.015339,2026-09-04
$SPX,7718.6,2026-09-11,6,Put,"7,380.00",-4.39%,2,1.61,2.15,215,380,0.57,11.92%,18.77%,-0.028764,2026-09-04
$SPX,7718.6,2026-12-18,104,Put,"7,630.00",-1.15%,171.5,163.44,173.6,20,35,0.57,11.92%,14.97%,-0.390087,2026-09-04
$SPX,7718.6,2026-09-10,5,Put,"7,670.00",-0.63%,17.8,17.23,18.2,176,308,0.57,11.92%,10.73%,-0.293655,2026-09-04
$SPX,7718.6,2026-11-04,60,Put,"7,500.00",-2.83%,86.4,84.6,88.3,52,92,0.57,11.92%,15.42%,-0.284395,2026-09-04
$SPX,7718.6,2026-09-29,24,Put,"5,400.00",-30.04%,0.6,0.65,0.85,77,134,0.57,11.92%,50.74%,-0.002349,2026-09-04
$SPX,7718.6,2026-09-18,13,Put,"7,730.00",+0.15%,69.5,66.7,70.8,2584,4564,0.57,11.92%,11.81%,-0.505843,2026-09-04
$SPX,7718.6,2026-09-18,13,Put,"7,720.00",+0.02%,66.7,65.39,67.5,576,1013,0.57,11.92%,12.15%,-0.482549,2026-09-04
$SPX,7718.6,2026-10-16,41,Put,"7,160.00",-7.24%,24.5,22.85,25.2,105,185,0.57,11.92%,19.10%,-0.103012,2026-09-04
$SPX,7718.6,2026-10-16,41,Call,"7,965.00",-3.19%,32.2,33.56,33.7,219,383,0.57,11.92%,10.28%,0.219583,2026-09-04
$SPX,7718.6,2026-10-23,48,Call,"8,150.00",-5.59%,12.4,13.1,13.3,72,126,0.57,11.92%,10.32%,0.096126,2026-09-04
$SPX,7718.6,2026-10-23,48,Call,"8,250.00",-6.88%,6,6.2,6.8,20,35,0.57,11.92%,10.40%,0.052869,2026-09-04
$SPX,7718.6,2026-11-20,76,Call,"7,560.00",+2.05%,320.4,323.25,322.8,40,70,0.57,11.92%,14.03%,0.683364,2026-09-04
$SPX,7718.6,2026-10-09,34,Call,"8,350.00",-8.18%,1.15,1.35,1.5,13,23,0.57,11.92%,11.18%,0.014401,2026-09-04
$SPX,7718.6,2026-09-17,12,Call,"8,000.00",-3.65%,1,1.2,1.3,167,292,0.57,11.92%,9.54%,0.023148,2026-09-04
$SPX,7718.6,2026-09-08,3,Put,"7,515.00",-2.64%,0.65,0.76,0.85,271,473,0.57,11.92%,14.55%,-0.019971,2026-09-04
$SPX,7718.6,2027-01-15,132,Put,"7,925.00",+2.67%,307.4,297,309.2,12,21,0.57,11.92%,12.83%,-0.595915,2026-09-04
$SPX,7718.6,2027-01-15,132,Put,"6,950.00",-9.96%,78.1,74.6,79.1,130,228,0.57,11.92%,20.22%,-0.153307,2026-09-04
$SPX,7718.6,2026-12-18,104,Call,"7,750.00",-0.41%,243.7,244.2,246,4123,7420,0.56,11.92%,13.27%,0.552905,2026-09-04
$SPX,7718.6,2026-09-10,5,Call,"7,795.00",-0.99%,3.9,4.4,4.2,192,345,0.56,11.92%,7.02%,0.128316,2026-09-04
$SPX,7718.6,2026-11-04,60,Call,"8,100.00",-4.94%,31,32.22,32.6,10,18,0.56,11.92%,10.91%,0.17614,2026-09-04
$SPX,7718.6,2026-10-02,27,Call,"7,630.00",+1.15%,160.6,166.88,161.7,10,18,0.56,11.92%,11.67%,0.678796,2026-09-04
$SPX,7718.6,2026-10-02,27,Call,"7,850.00",-1.70%,40.3,43,41.2,848,1513,0.56,11.92%,10.05%,0.306467,2026-09-04
$SPX,7718.6,2029-12-21,1203,Call,"8,500.00",-10.12%,922.6,1133.4,1336.6,43,77,0.56,11.92%,17.61%,0.615349,2026-09-04
$SPX,7718.6,2029-12-21,1203,Call,"14,000.00",-81.38%,11.9,40.06,66.1,100,180,0.56,11.92%,14.25%,0.051096,2026-09-04
$SPX,7718.6,2026-09-21,16,Call,"7,790.00",-0.93%,33.5,35.65,34.3,44,78,0.56,11.92%,9.08%,0.347803,2026-09-04
$SPX,7718.6,2026-09-24,19,Call,"7,725.00",-0.08%,73.9,77.2,74.9,23,41,0.56,11.92%,10.00%,0.523085,2026-09-04
$SPX,7718.6,2026-11-20,76,Call,"7,645.00",+0.95%,260,263.4,262.3,19,34,0.56,11.92%,13.47%,0.622638,2026-09-04
$SPX,7718.6,2027-09-17,377,Call,"8,225.00",-6.56%,388.1,390.67,390.8,77,137,0.56,11.92%,14.84%,0.472919,2026-09-04
$SPX,7718.6,2028-06-16,650,Call,"8,500.00",-10.12%,566,574.09,577,103,183,0.56,11.92%,15.94%,0.497136,2026-09-04
$SPX,7718.6,2026-09-22,17,Call,"8,150.00",-5.59%,0.6,0.5,0.9,31,55,0.56,11.92%,10.78%,0.012141,2026-09-04
$SPX,7718.6,2026-09-08,3,Put,"7,500.00",-2.83%,0.65,0.65,0.8,1987,3529,0.56,11.92%,15.38%,-0.018437,2026-09-04
$SPX,7718.6,2026-09-08,3,Put,"7,470.00",-3.22%,0.55,0.6,0.75,245,440,0.56,11.92%,16.91%,-0.015358,2026-09-04
$SPX,7718.6,2026-09-08,3,Put,"7,225.00",-6.39%,0.35,0.35,0.5,135,243,0.56,11.92%,29.50%,-0.006311,2026-09-04
$SPX,7718.6,2026-09-11,6,Put,"7,525.00",-2.51%,5.5,5.13,5.7,756,1343,0.56,11.92%,14.74%,-0.08342,2026-09-04
$SPX,7718.6,2026-09-11,6,Put,"7,320.00",-5.16%,1.55,1.1,1.75,121,217,0.56,11.92%,20.78%,-0.021458,2026-09-04
$SPX,7718.6,2026-10-16,41,Put,"6,660.00",-13.71%,9.5,9.5,10.2,153,275,0.56,11.92%,25.74%,-0.036081,2026-09-04
$SPX,7718.6,2026-09-14,9,Put,"7,740.00",+0.28%,58.6,56.03,59.1,34,61,0.56,11.92%,10.47%,-0.549553,2026-09-04
$SPX,7718.6,2026-09-10,5,Put,"7,550.00",-2.18%,3.8,3.7,4.1,326,583,0.56,11.92%,13.33%,-0.073148,2026-09-04
$SPX,7718.6,2026-10-02,27,Put,"7,640.00",-1.02%,68.2,65,69.3,66,118,0.56,11.92%,13.26%,-0.359327,2026-09-04
$SPX,7718.6,2026-12-18,104,Put,"6,680.00",-13.46%,44.1,42,44.9,10,18,0.56,11.92%,23.15%,-0.094933,2026-09-04
$SPX,7718.6,2026-09-18,13,Put,"7,660.00",-0.76%,44.7,42.95,45.5,456,816,0.56,11.92%,12.78%,-0.35503,2026-09-04
$SPX,7718.6,2026-10-05,30,Put,"7,725.00",+0.08%,100.6,97.16,101.8,57,102,0.56,11.92%,12.21%,-0.478878,2026-09-04
$SPX,7718.6,2026-10-05,30,Put,"7,500.00",-2.83%,41.5,39.79,42.5,32,57,0.56,11.92%,14.67%,-0.221667,2026-09-04
$SPX,7718.6,2026-09-25,20,Put,"7,720.00",+0.02%,81.3,79.2,82.3,248,443,0.56,11.92%,12.14%,-0.47747,2026-09-04
$SPX,7718.6,2026-09-25,20,Put,"7,650.00",-0.89%,56.8,53.27,57.8,652,1163,0.56,11.92%,12.91%,-0.358382,2026-09-04
$SPX,7718.6,2026-10-30,55,Put,"7,525.00",-2.51%,85.1,83.23,86.2,200,355,0.56,11.92%,15.09%,-0.294568,2026-09-04
$SPX,7718.6,2026-10-16,41,Put,"7,610.00",-1.41%,83.5,80.7,84.5,25,45,0.56,11.92%,13.86%,-0.345271,2026-09-04
$SPX,7718.6,2026-09-09,4,Put,"6,825.00",-11.58%,0.25,0.2,0.4,80,146,0.55,11.92%,43.30%,-0.00303,2026-09-04
$SPX,7718.6,2026-10-16,41,Put,"7,345.00",-4.84%,38.5,37.2,39.4,58,105,0.55,11.92%,16.82%,-0.165125,2026-09-04
$SPX,7718.6,2026-09-08,3,Call,"7,845.00",-1.64%,0.1,0.17,0.25,596,1083,0.55,11.92%,7.53%,0.009834,2026-09-04
$SPX,7718.6,2026-09-21,16,Call,"7,860.00",-1.83%,14.1,15.41,14.8,37,67,0.55,11.92%,8.80%,0.186914,2026-09-04
$SPX,7718.6,2026-09-18,13,Call,"7,910.00",-2.48%,5.5,5.85,6,194,353,0.55,11.92%,9.22%,0.092515,2026-09-04
$SPX,7718.6,2026-12-18,104,Put,"7,655.00",-0.82%,179.2,177,181.3,34,62,0.55,11.92%,14.79%,-0.405983,2026-09-04
$SPX,7718.6,2026-12-31,117,Put,"7,605.00",-1.47%,174.6,169.64,176.1,24,44,0.55,11.92%,15.11%,-0.375733,2026-09-04
$SPX,7718.6,2026-09-10,5,Put,"7,660.00",-0.76%,15.4,14.4,15.9,252,456,0.55,11.92%,10.89%,-0.261703,2026-09-04
$SPX,7718.6,2026-09-10,5,Put,"7,575.00",-1.86%,5.1,4.8,5.4,142,256,0.55,11.92%,12.71%,-0.096712,2026-09-04
$SPX,7718.6,2026-09-10,5,Put,"7,555.00",-2.12%,4,2.8,4.4,87,159,0.55,11.92%,13.22%,-0.077572,2026-09-04
$SPX,7718.6,2026-10-02,27,Put,"7,470.00",-3.22%,34.7,34.8,35.7,18,33,0.55,11.92%,15.33%,-0.194311,2026-09-04
$SPX,7718.6,2026-11-20,76,Put,"6,940.00",-10.09%,40.8,38.95,41.6,11,20,0.55,11.92%,21.10%,-0.110461,2026-09-04
$SPX,7718.6,2026-09-21,16,Put,"7,700.00",-0.24%,62.5,60.2,63.4,265,486,0.55,11.92%,11.91%,-0.437737,2026-09-04
$SPX,7718.6,2026-09-21,16,Put,"7,600.00",-1.54%,33.8,33.08,34.6,127,231,0.55,11.92%,13.05%,-0.264445,2026-09-04
$SPX,7718.6,2026-09-11,6,Put,"7,330.00",-5.03%,1.6,1.25,1.8,153,281,0.54,11.92%,20.42%,-0.022375,2026-09-04
$SPX,7718.6,2026-09-11,6,Put,"7,225.00",-6.39%,1.15,1,1.35,130,241,0.54,11.92%,24.03%,-0.014699,2026-09-04
$SPX,7718.6,2026-09-21,16,Put,"7,510.00",-2.70%,20,17.07,20.7,49,90,0.54,11.92%,14.31%,-0.164294,2026-09-04
$SPX,7718.6,2026-09-18,13,Put,"7,540.00",-2.31%,20.7,18.95,21.3,165,305,0.54,11.92%,14.50%,-0.181108,2026-09-04
$SPX,7718.6,2026-11-20,76,Put,"7,405.00",-4.06%,88.2,86.9,89.5,80,148,0.54,11.92%,16.46%,-0.249925,2026-09-04
$SPX,7718.6,2026-09-08,3,Call,"7,635.00",+1.08%,76.6,80.12,78.4,77,143,0.54,11.92%,0.00%,0,2026-09-04
$SPX,7718.6,2026-09-14,9,Call,"7,770.00",-0.67%,18.7,20.8,19.2,88,164,0.54,11.92%,7.63%,0.31802,2026-09-04
$SPX,7718.6,2026-09-23,18,Call,"7,780.00",-0.80%,43.3,51.5,44.3,13,24,0.54,11.92%,9.45%,0.389004,2026-09-04
$SPX,7718.6,2026-12-18,104,Call,"7,940.00",-2.87%,145,143.2,146.4,15,28,0.54,11.92%,12.43%,0.409955,2026-09-04
$SPX,7718.6,2026-11-20,76,Call,"7,890.00",-2.22%,120.3,122.4,122,43,79,0.54,11.92%,12.07%,0.408673,2026-09-04
$SPX,7718.6,2026-09-17,12,Call,"7,860.00",-1.83%,9.4,10.55,10,32,59,0.54,11.92%,8.96%,0.15025,2026-09-04
$SPX,7718.6,2026-09-17,12,Call,"7,870.00",-1.96%,8,8.71,8.6,21,39,0.54,11.92%,8.96%,0.132515,2026-09-04
$SPX,7718.6,2027-01-15,132,Put,"7,475.00",-3.16%,154.4,150.14,155.9,22,41,0.54,11.92%,16.10%,-0.313191,2026-09-04
$SPX,7718.6,2026-09-14,9,Call,"7,690.00",+0.37%,57.4,59.3,57.9,70,131,0.53,11.92%,7.72%,0.650273,2026-09-04
$SPX,7718.6,2026-09-29,24,Call,"7,710.00",+0.11%,94.7,97.13,95.9,18,34,0.53,11.92%,10.29%,0.558012,2026-09-04
$SPX,7718.6,2026-09-09,4,Call,"7,860.00",-1.83%,0.25,0.3,0.4,331,626,0.53,11.92%,7.77%,0.014667,2026-09-04
$SPX,7718.6,2026-09-11,6,Put,"7,830.00",+1.44%,122.1,116.9,124.1,46,87,0.53,11.92%,13.17%,-0.799267,2026-09-04
$SPX,7718.6,2026-10-08,33,Put,"7,275.00",-5.75%,23.4,22.6,24.3,18,34,0.53,11.92%,17.72%,-0.116253,2026-09-04
$SPX,7718.6,2026-09-21,16,Put,"7,330.00",-5.03%,8.2,7.94,8.7,16,30,0.53,11.92%,17.23%,-0.068039,2026-09-04
$SPX,7718.6,2026-09-22,17,Put,"7,525.00",-2.51%,24,24.1,24.7,28,53,0.53,11.92%,14.20%,-0.185974,2026-09-04
$SPX,7718.6,2026-10-05,30,Put,"7,490.00",-2.96%,40,38.1,41,11,21,0.52,11.92%,14.79%,-0.214122,2026-09-04
$SPX,7718.6,2026-11-20,76,Put,"7,660.00",-0.76%,148.7,148.5,150.3,45,87,0.52,11.92%,14.26%,-0.408155,2026-09-04
$SPX,7718.6,2026-09-25,20,Put,"7,680.00",-0.50%,66.2,62.39,67.2,104,201,0.52,11.92%,12.56%,-0.40636,2026-09-04
$SPX,7718.6,2026-09-17,12,Put,"7,740.00",+0.28%,73.8,70.8,74.6,45,86,0.52,11.92%,12.02%,-0.53145,2026-09-04
$SPX,7718.6,2026-10-30,55,Put,"6,000.00",-22.27%,7.1,7.24,7.5,1414,2739,0.52,11.92%,33.04%,-0.019309,2026-09-04
$SPX,7718.6,2026-09-08,3,Call,"7,605.00",+1.47%,105.1,115.52,106.8,35,67,0.52,11.92%,0.00%,0,2026-09-04
$SPX,7718.6,2027-05-21,258,Call,"8,275.00",-7.21%,217.7,217.6,220.2,46,89,0.52,11.92%,13.58%,0.379948,2026-09-04
$SPX,7718.6,2026-09-11,6,Call,"7,910.00",-2.48%,0.75,0.8,0.95,973,1862,0.52,11.92%,9.42%,0.024299,2026-09-04
$SPX,7718.6,2026-09-14,9,Call,"7,710.00",+0.11%,45.3,48.12,45.8,92,176,0.52,11.92%,7.72%,0.568235,2026-09-04
$SPX,7718.6,2026-12-31,117,Call,"7,825.00",-1.38%,222,235.68,223.7,76,145,0.52,11.92%,13.07%,0.507489,2026-09-04
$SPX,7718.6,2026-09-10,5,Call,"7,695.00",+0.31%,39.6,43.6,40.1,32,62,0.52,11.92%,6.57%,0.679572,2026-09-04
$SPX,7718.6,2026-11-30,86,Call,"7,440.00",+3.61%,424,451.46,435.1,14,27,0.52,11.92%,14.77%,0.748739,2026-09-04
$SPX,7718.6,2026-09-18,13,Call,"7,875.00",-2.03%,9.6,10.4,10.1,557,1080,0.52,11.92%,9.26%,0.143489,2026-09-04
$SPX,7718.6,2026-09-18,13,Call,"7,985.00",-3.45%,1.75,1.9,2.1,60,116,0.52,11.92%,9.51%,0.035255,2026-09-04
$SPX,7718.6,2026-10-05,30,Call,"7,625.00",+1.21%,168.2,175.82,169.4,33,64,0.52,11.92%,11.38%,0.685739,2026-09-04
$SPX,7718.6,2026-09-17,12,Call,"7,785.00",-0.86%,27.3,29.25,28.1,11,21,0.52,11.92%,9.15%,0.331376,2026-09-04
$SPX,7718.6,2026-10-30,55,Call,"7,705.00",+0.18%,179.1,195.32,180.3,12,23,0.52,11.92%,12.57%,0.569497,2026-09-04
$SPX,7718.6,2026-09-08,3,Put,"7,455.00",-3.42%,0.55,0.59,0.7,203,391,0.52,11.92%,17.70%,-0.014234,2026-09-04
$SPX,7718.6,2026-09-08,3,Put,"6,675.00",-13.52%,0.1,0.1,0.25,77,148,0.52,11.92%,54.79%,-0.00157,2026-09-04
$SPX,7718.6,2026-09-11,6,Put,"6,450.00",-16.44%,0.25,0.2,0.4,196,380,0.52,11.92%,49.86%,-0.002196,2026-09-04
$SPX,7718.6,2026-12-18,104,Put,"7,810.00",+1.18%,236.6,232.64,238,53,102,0.52,11.92%,13.65%,-0.518773,2026-09-04
$SPX,7718.6,2026-09-14,9,Put,"7,480.00",-3.09%,5.3,5.4,5.6,33,64,0.52,11.92%,14.10%,-0.071283,2026-09-04
$SPX,7718.6,2026-09-21,16,Put,"7,690.00",-0.37%,58.7,54.75,59.6,66,127,0.52,11.92%,12.00%,-0.417432,2026-09-04
$SPX,7718.6,2026-09-11,6,Put,"7,640.00",-1.02%,17.7,17.1,18.1,418,826,0.51,11.92%,12.33%,-0.245733,2026-09-04
$SPX,7718.6,2026-09-11,6,Put,"7,430.00",-3.74%,2.65,2.64,2.8,281,551,0.51,11.92%,17.25%,-0.039317,2026-09-04
$SPX,7718.6,2026-09-14,9,Put,"7,050.00",-8.66%,1.1,0.9,1.25,222,437,0.51,11.92%,25.61%,-0.010915,2026-09-04
$SPX,7718.6,2026-09-10,5,Put,"7,635.00",-1.08%,10.9,10.23,11.3,110,215,0.51,11.92%,11.34%,-0.194727,2026-09-04
$SPX,7718.6,2026-09-10,5,Put,"7,545.00",-2.25%,3.6,3,3.9,61,119,0.51,11.92%,13.47%,-0.069394,2026-09-04
$SPX,7718.6,2026-09-10,5,Put,"6,750.00",-12.55%,0.3,0.25,0.45,24,47,0.51,11.92%,42.49%,-0.00317,2026-09-04
$SPX,7718.6,2026-10-23,48,Put,"7,650.00",-0.89%,105,104.06,106.3,20,39,0.51,11.92%,13.57%,-0.389897,2026-09-04
$SPX,7718.6,2026-10-23,48,Put,"6,800.00",-11.90%,15.7,15.45,16.4,21,41,0.51,11.92%,23.37%,-0.055872,2026-09-04
$SPX,7718.6,2026-10-02,27,Put,"7,390.00",-4.26%,26,24.73,26.9,32,63,0.51,11.92%,16.40%,-0.146562,2026-09-04
$SPX,7718.6,2026-09-15,10,Put,"7,710.00",-0.11%,47.5,43.99,48.4,54,106,0.51,11.92%,10.84%,-0.455333,2026-09-04
$SPX,7718.6,2026-09-30,25,Put,"7,650.00",-0.89%,66.4,65.45,67.3,1773,3451,0.51,11.92%,12.97%,-0.367971,2026-09-04
$SPX,7718.6,2026-11-20,76,Put,"7,775.00",+0.73%,191.4,186.7,193.1,290,564,0.51,11.92%,13.37%,-0.505849,2026-09-04
$SPX,7718.6,2026-09-09,4,Put,"7,170.00",-7.11%,0.5,0.45,0.65,66,129,0.51,11.92%,29.19%,-0.007351,2026-09-04
$SPX,7718.6,2026-09-10,5,Call,"7,840.00",-1.57%,1,1.25,1.25,213,414,0.51,11.92%,7.42%,0.041439,2026-09-04
$SPX,7718.6,2026-09-10,5,Call,"7,925.00",-2.67%,0.25,0.25,0.4,366,724,0.51,11.92%,9.63%,0.010949,2026-09-04
$SPX,7718.6,2026-09-21,16,Call,"7,775.00",-0.73%,39.3,41.06,40.2,221,437,0.51,11.92%,9.15%,0.386936,2026-09-04
$SPX,7718.6,2027-01-29,146,Call,"9,000.00",-16.60%,7.5,7.6,8.2,112,219,0.51,11.92%,11.83%,0.035205,2026-09-04
$SPX,7718.6,2026-10-30,55,Call,"7,560.00",+2.05%,280.2,283,281.4,20,39,0.51,11.92%,13.64%,0.699938,2026-09-04
$SPX,7718.6,2026-09-08,3,Put,"7,150.00",-7.37%,0.3,0.3,0.45,245,476,0.51,11.92%,33.13%,-0.00506,2026-09-04
$SPX,7718.6,2026-10-01,26,Call,"7,730.00",-0.15%,90.6,99,91.8,13,26,0.5,11.92%,10.57%,0.52131,2026-09-04
$SPX,7718.6,2026-09-11,6,Call,"8,250.00",-6.88%,0.15,0.1,0.3,344,689,0.5,11.92%,19.22%,0.003854,2026-09-04
$SPX,7718.6,2026-09-14,9,Call,"8,000.00",-3.65%,0.4,0.35,0.55,1115,2251,0.5,11.92%,9.77%,0.011682,2026-09-04
$SPX,7718.6,2026-09-10,5,Call,"7,790.00",-0.93%,4.5,5.14,4.8,220,442,0.5,11.92%,6.98%,0.144166,2026-09-04
$SPX,7718.6,2026-09-23,18,Call,"8,025.00",-3.97%,2,1.97,2.4,62,124,0.5,11.92%,9.20%,0.035406,2026-09-04
$SPX,7718.6,2026-10-23,48,Call,"7,850.00",-1.70%,84,83.76,85.3,13,26,0.5,11.92%,11.20%,0.391555,2026-09-04
$SPX,7718.6,2026-09-09,4,Call,"7,810.00",-1.18%,1.05,1.23,1.25,1187,2356,0.5,11.92%,6.64%,0.051219,2026-09-04
$SPX,7718.6,2026-10-30,55,Call,"8,340.00",-8.05%,5.6,6.35,6.3,13,26,0.5,11.92%,10.80%,0.045335,2026-09-04
$SPX,7718.6,2026-10-16,41,Call,"8,125.00",-5.27%,9.7,10.15,10.4,98,196,0.5,11.92%,10.12%,0.084866,2026-09-04
$SPX,7718.6,2026-09-08,3,Put,"7,415.00",-3.93%,0.5,0.5,0.65,133,266,0.5,11.92%,19.80%,-0.011932,2026-09-04
$SPX,7718.6,2026-10-01,26,Put,"6,700.00",-13.20%,4.5,3.7,4.9,12,24,0.5,11.92%,27.26%,-0.021969,2026-09-04
$SPX,7718.6,2026-09-11,6,Put,"7,665.00",-0.69%,23.6,23.35,24,443,880,0.5,11.92%,11.98%,-0.310644,2026-09-04
$SPX,7718.6,2026-09-23,18,Put,"6,400.00",-17.08%,1.45,1.3,1.7,31,62,0.5,11.92%,35.66%,-0.007627,2026-09-04
$SPX,7718.6,2026-09-15,10,Put,"7,475.00",-3.16%,6.6,5.82,7.1,96,191,0.5,11.92%,14.39%,-0.081256,2026-09-04
$SPX,7718.6,2026-09-29,24,Put,"7,375.00",-4.45%,19.5,18.42,20.3,17,34,0.5,11.92%,16.30%,-0.122723,2026-09-04
$SPX,7718.6,2026-09-24,19,Put,"7,600.00",-1.54%,41.9,39.3,42.8,46,92,0.5,11.92%,13.46%,-0.28393,2026-09-04
$SPX,7718.6,2026-10-09,34,Put,"7,680.00",-0.50%,92.3,89.98,93.4,23,46,0.5,11.92%,12.93%,-0.416548,2026-09-04
$SPX,7718.6,2026-10-30,55,Put,"7,595.00",-1.60%,101.6,101.81,102.8,23,46,0.5,11.92%,14.41%,-0.34671,2026-09-04
$SPX,7718.6,2026-09-25,20,Put,"7,380.00",-4.39%,16.1,15.15,16.6,113,231,0.49,11.92%,16.59%,-0.111064,2026-09-04
$SPX,7718.6,2026-09-09,4,Put,"7,495.00",-2.90%,1.25,1.02,1.45,124,253,0.49,11.92%,15.03%,-0.028716,2026-09-04
$SPX,7718.6,2026-10-16,41,Put,"3,600.00",-53.36%,0.15,0.25,0.4,45,92,0.49,11.92%,72.40%,-0.00052,2026-09-04
$SPX,7718.6,2027-02-19,167,Put,"3,400.00",-55.95%,4.8,4.88,5.3,180,367,0.49,11.92%,51.89%,-0.005263,2026-09-04
$SPX,7718.6,2026-09-08,3,Call,"7,510.00",+2.70%,199.2,203.1,200.2,18,37,0.49,11.92%,0.00%,0,2026-09-04
$SPX,7718.6,2026-09-11,6,Call,"7,685.00",+0.44%,55.6,60.1,56.1,119,241,0.49,11.92%,8.47%,0.678113,2026-09-04
$SPX,7718.6,2026-10-12,37,Call,"8,300.00",-7.53%,1.7,1.7,2.05,20,41,0.49,11.92%,10.45%,0.020074,2026-09-04
$SPX,7718.6,2026-09-30,25,Call,"7,055.00",+8.60%,661.8,702.11,685.8,17,35,0.49,11.92%,26.27%,0.915956,2026-09-04
$SPX,7718.6,2026-11-20,76,Call,"7,470.00",+3.22%,389.4,406.54,391.8,33,68,0.49,11.92%,14.65%,0.738537,2026-09-04
$SPX,7718.6,2026-10-30,55,Call,"7,920.00",-2.61%,71.9,72.9,73,42,86,0.49,11.92%,11.34%,0.331395,2026-09-04
$SPX,7718.6,2026-10-16,41,Call,"8,400.00",-8.83%,1.6,1.64,1.95,215,435,0.49,11.92%,11.24%,0.017143,2026-09-04
$SPX,7718.6,2026-10-01,26,Put,"7,300.00",-5.42%,17.8,16.6,18.5,25,51,0.49,11.92%,17.57%,-0.103354,2026-09-04
$SPX,7718.6,2026-09-28,23,Put,"7,630.00",-1.15%,54.9,52.83,55.9,29,59,0.49,11.92%,12.87%,-0.333424,2026-09-04
$SPX,7718.6,2026-09-11,6,Put,"7,760.00",+0.54%,66.9,60.8,67.4,106,216,0.49,11.92%,11.60%,-0.628856,2026-09-04
$SPX,7718.6,2026-10-16,41,Put,"7,655.00",-0.82%,94.9,91.8,96.6,227,465,0.49,11.92%,13.30%,-0.390753,2026-09-04
$SPX,7718.6,2026-09-10,5,Put,"6,800.00",-11.90%,0.35,0.32,0.5,35,71,0.49,11.92%,40.91%,-0.003685,2026-09-04
$SPX,7718.6,2026-10-23,48,Put,"7,225.00",-6.39%,35,33,36,18,37,0.49,11.92%,18.14%,-0.134925,2026-09-04
$SPX,7718.6,2026-11-30,86,Put,"7,605.00",-1.47%,141.5,136.38,142.8,24,49,0.49,11.92%,14.65%,-0.369676,2026-09-04
$SPX,7718.6,2026-09-15,10,Put,"7,250.00",-6.07%,2.2,2.17,2.5,125,255,0.49,11.92%,19.67%,-0.024526,2026-09-04
$SPX,7718.6,2026-09-11,6,Put,"7,460.00",-3.35%,3.2,2.7,3.4,225,468,0.48,11.92%,16.38%,-0.048556,2026-09-04
$SPX,7718.6,2026-09-11,6,Put,"7,290.00",-5.55%,1.4,1.4,1.6,291,604,0.48,11.92%,21.80%,-0.018882,2026-09-04
$SPX,7718.6,2026-09-11,6,Put,"6,000.00",-22.27%,0.15,0.15,0.25,22268,46066,0.48,11.92%,65.10%,-0.001088,2026-09-04
$SPX,7718.6,2026-10-16,41,Put,"7,990.00",+3.52%,278.7,274.59,280.8,10,21,0.48,11.92%,10.52%,-0.858293,2026-09-04
$SPX,7718.6,2026-10-08,33,Put,"7,375.00",-4.45%,31.4,27.52,32.4,10,21,0.48,11.92%,16.42%,-0.156894,2026-09-04
$SPX,7718.6,2026-10-02,27,Put,"7,770.00",+0.67%,117.9,112.65,119.1,11,23,0.48,11.92%,11.95%,-0.5556,2026-09-04
$SPX,7718.6,2026-10-02,27,Put,"7,430.00",-3.74%,30,28.5,30.9,30,63,0.48,11.92%,15.87%,-0.168636,2026-09-04
$SPX,7718.6,2026-10-02,27,Put,"6,700.00",-13.20%,5,5.01,5.4,123,258,0.48,11.92%,27.20%,-0.023658,2026-09-04
$SPX,7718.6,2026-09-15,10,Put,"7,730.00",+0.15%,56.9,50,57.7,72,150,0.48,11.92%,10.75%,-0.514104,2026-09-04
$SPX,7718.6,2026-10-06,31,Put,"7,675.00",-0.56%,84.6,83.87,85.8,10,21,0.48,11.92%,12.81%,-0.407603,2026-09-04
$SPX,7718.6,2026-09-18,13,Put,"7,800.00",+1.05%,111,104.72,113,272,565,0.48,11.92%,11.84%,-0.667142,2026-09-04
$SPX,7718.6,2026-09-18,13,Put,"7,560.00",-2.05%,23.4,21.85,24.1,195,407,0.48,11.92%,14.19%,-0.202941,2026-09-04
$SPX,7718.6,2026-09-18,13,Put,"7,480.00",-3.09%,14.5,14.26,15,127,267,0.48,11.92%,15.48%,-0.129324,2026-09-04
$SPX,7718.6,2026-10-05,30,Put,"7,300.00",-5.42%,21,20.96,21.9,47,98,0.48,11.92%,17.24%,-0.113467,2026-09-04
$SPX,7718.6,2026-09-25,20,Put,"7,660.00",-0.76%,59.8,56.5,60.8,61,126,0.48,11.92%,12.80%,-0.374056,2026-09-04
$SPX,7718.6,2026-09-25,20,Put,"7,530.00",-2.44%,31.4,29.6,32.2,51,106,0.48,11.92%,14.45%,-0.211954,2026-09-04
$SPX,7718.6,2026-09-25,20,Put,"7,390.00",-4.26%,16.8,16.54,17.5,65,135,0.48,11.92%,16.47%,-0.11621,2026-09-04
$SPX,7718.6,2026-10-30,55,Put,"7,000.00",-9.31%,28.2,26.68,28.8,1484,3111,0.48,11.92%,20.81%,-0.094615,2026-09-04
$SPX,7718.6,2026-10-16,41,Put,"7,145.00",-7.43%,23.7,21.5,24.4,15,31,0.48,11.92%,19.29%,-0.099399,2026-09-04
$SPX,7718.6,2026-09-28,23,Call,"7,680.00",+0.50%,110.2,114,111.3,32,67,0.48,11.92%,10.33%,0.615847,2026-09-04
$SPX,7718.6,2026-12-18,104,Call,"8,725.00",-13.04%,6.6,6.6,7.4,41,85,0.48,11.92%,11.55%,0.037581,2026-09-04
$SPX,7718.6,2026-09-10,5,Call,"7,890.00",-2.22%,0.35,0.3,0.55,295,609,0.48,11.92%,8.56%,0.01629,2026-09-04
$SPX,7718.6,2026-10-06,31,Call,"8,050.00",-4.29%,7.3,8.66,8.1,10,21,0.48,11.92%,9.44%,0.080731,2026-09-04
$SPX,7718.6,2026-09-09,4,Call,"7,775.00",-0.73%,3.6,4.19,4,785,1628,0.48,11.92%,6.24%,0.146714,2026-09-04
$SPX,7718.6,2026-09-08,3,Put,"7,375.00",-4.45%,0.45,0.5,0.6,184,380,0.48,11.92%,21.84%,-0.010062,2026-09-04
$SPX,7718.6,2027-01-15,132,Put,"5,300.00",-31.33%,15.5,14.99,16,120,251,0.48,11.92%,34.59%,-0.024242,2026-09-04
$SPX,7718.6,2026-09-11,6,Call,"7,825.00",-1.38%,4.6,5.12,5,4032,8593,0.47,11.92%,8.53%,0.116735,2026-09-04
$SPX,7718.6,2026-09-11,6,Call,"7,990.00",-3.52%,0.35,0.3,0.5,183,392,0.47,11.92%,11.52%,0.010938,2026-09-04
$SPX,7718.6,2026-12-18,104,Call,"7,980.00",-3.39%,127.1,128.4,129.1,30,64,0.47,11.92%,12.25%,0.378632,2026-09-04
$SPX,7718.6,2026-11-30,86,Call,"7,680.00",+0.50%,252.3,270.4,253.8,20,43,0.47,11.92%,13.19%,0.597475,2026-09-04
$SPX,7718.6,2026-10-02,27,Call,"8,500.00",-10.12%,0.35,0.35,0.65,18,38,0.47,11.92%,13.48%,0.005583,2026-09-04
$SPX,7718.6,2026-10-05,30,Call,"7,875.00",-2.03%,35.5,36.61,36.6,48,102,0.47,11.92%,9.73%,0.275624,2026-09-04
$SPX,7718.6,2026-09-17,12,Call,"7,720.00",-0.02%,56.2,58.88,57.1,34,72,0.47,11.92%,9.44%,0.526994,2026-09-04
$SPX,7718.6,2026-09-16,11,Call,"8,025.00",-3.97%,0.6,0.6,0.85,61,130,0.47,11.92%,10.03%,0.015251,2026-09-04
$SPX,7718.6,2026-09-11,6,Put,"7,390.00",-4.26%,2.1,1.95,2.3,155,330,0.47,11.92%,18.49%,-0.030689,2026-09-04
$SPX,7718.6,2026-09-11,6,Put,"6,425.00",-16.76%,0.25,0.25,0.4,86,184,0.47,11.92%,50.84%,-0.002156,2026-09-04
$SPX,7718.6,2026-09-14,9,Put,"7,600.00",-1.54%,14.9,14.37,15.3,416,878,0.47,11.92%,11.90%,-0.189261,2026-09-04
$SPX,7718.6,2026-09-10,5,Put,"7,665.00",-0.69%,16.6,15.7,17,208,442,0.47,11.92%,10.82%,-0.277391,2026-09-04
$SPX,7718.6,2026-09-10,5,Put,"7,175.00",-7.04%,0.7,0.45,0.85,86,183,0.47,11.92%,26.89%,-0.009377,2026-09-04
$SPX,7718.6,2026-10-02,27,Put,"7,670.00",-0.63%,77.3,76.85,78.4,135,285,0.47,11.92%,12.93%,-0.399353,2026-09-04
$SPX,7718.6,2026-10-06,31,Put,"7,450.00",-3.48%,36.4,35.5,37.4,14,30,0.47,11.92%,15.35%,-0.190714,2026-09-04
$SPX,7718.6,2026-11-20,76,Put,"5,850.00",-24.21%,10.7,10.4,11.2,20,43,0.47,11.92%,32.75%,-0.023985,2026-09-04
$SPX,7718.6,2026-09-24,19,Put,"7,075.00",-8.34%,5.3,4.75,5.8,14,30,0.47,11.92%,21.89%,-0.035642,2026-09-04
$SPX,7718.6,2026-09-18,13,Put,"7,680.00",-0.50%,51.1,49.29,51.9,335,707,0.47,11.92%,12.55%,-0.394918,2026-09-04
$SPX,7718.6,2026-09-18,13,Put,"7,590.00",-1.67%,28.3,28.23,29,204,430,0.47,11.92%,13.73%,-0.24062,2026-09-04
$SPX,7718.6,2026-11-20,76,Put,"7,205.00",-6.65%,61.3,58.7,62.6,321,678,0.47,11.92%,18.37%,-0.172682,2026-09-04
$SPX,7718.6,2026-09-09,4,Put,"7,575.00",-1.86%,2.85,2.7,3.1,1258,2700,0.47,11.92%,12.30%,-0.067729,2026-09-04
$SPX,7718.6,2026-09-17,12,Put,"7,400.00",-4.13%,7.9,7.77,8.3,114,242,0.47,11.92%,16.81%,-0.075824,2026-09-04
$SPX,7718.6,2026-10-30,55,Put,"6,950.00",-9.96%,25.8,24.65,26.5,170,365,0.47,11.92%,21.39%,-0.085994,2026-09-04
$SPX,7718.6,2026-10-16,41,Put,"7,715.00",-0.05%,117.2,115.3,118.3,87,185,0.47,11.92%,12.85%,-0.461151,2026-09-04
$SPX,7718.6,2026-10-09,34,Put,"7,425.00",-3.80%,38.3,37.12,39.2,32,70,0.46,11.92%,15.81%,-0.186596,2026-09-04
$SPX,7718.6,2026-09-17,12,Put,"7,735.00",+0.21%,71.2,70.2,72.1,11,24,0.46,11.92%,12.04%,-0.519436,2026-09-04
$SPX,7718.6,2026-09-17,12,Put,"7,700.00",-0.24%,55.6,53.7,56.4,84,181,0.46,11.92%,12.28%,-0.436578,2026-09-04
$SPX,7718.6,2026-09-17,12,Put,"7,695.00",-0.31%,53.7,52.21,54.5,18,39,0.46,11.92%,12.34%,-0.425017,2026-09-04
$SPX,7718.6,2026-10-30,55,Put,"7,690.00",-0.37%,130.5,127.65,131.7,36,78,0.46,11.92%,13.55%,-0.432435,2026-09-04
$SPX,7718.6,2026-10-30,55,Put,"7,660.00",-0.76%,120.5,119.01,121.7,17,37,0.46,11.92%,13.82%,-0.403622,2026-09-04
$SPX,7718.6,2026-10-30,55,Put,"5,700.00",-26.15%,5.1,5.1,5.5,204,448,0.46,11.92%,36.92%,-0.013093,2026-09-04
$SPX,7718.6,2026-10-16,41,Put,"7,360.00",-4.65%,40.1,40.35,41,16,35,0.46,11.92%,16.64%,-0.172007,2026-09-04
$SPX,7718.6,2026-09-16,11,Put,"7,500.00",-2.83%,11.3,11.07,11.7,230,500,0.46,11.92%,14.63%,-0.118422,2026-09-04
$SPX,7718.6,2026-10-01,26,Call,"8,050.00",-4.29%,4.5,4.83,5.2,32,70,0.46,11.92%,9.38%,0.058984,2026-09-04
$SPX,7718.6,2026-09-28,23,Call,"8,175.00",-5.91%,0.95,1.55,1.25,11,24,0.46,11.92%,10.16%,0.015781,2026-09-04
$SPX,7718.6,2026-09-10,5,Call,"7,565.00",+1.99%,139.3,152.4,158.8,11,24,0.46,11.92%,5.50%,0.999318,2026-09-04
$SPX,7718.6,2026-10-02,27,Call,"7,750.00",-0.41%,84,89.25,85.1,190,410,0.46,11.92%,10.71%,0.486985,2026-09-04
$SPX,7718.6,2026-09-15,10,Call,"7,710.00",+0.11%,48.6,50.5,49.4,51,112,0.46,11.92%,7.92%,0.566467,2026-09-04
$SPX,7718.6,2026-09-15,10,Call,"7,760.00",-0.54%,25,28.77,25.7,46,101,0.46,11.92%,7.82%,0.37073,2026-09-04
$SPX,7718.6,2026-09-21,16,Call,"7,710.00",+0.11%,71.8,73.8,72.7,48,105,0.46,11.92%,9.51%,0.557968,2026-09-04
$SPX,7718.6,2026-09-21,16,Call,"7,820.00",-1.31%,23.6,25.2,24.4,12,26,0.46,11.92%,8.94%,0.273161,2026-09-04
$SPX,7718.6,2026-11-20,76,Call,"7,745.00",-0.34%,196.1,196.7,198.1,16,35,0.46,11.92%,12.84%,0.540967,2026-09-04
$SPX,7718.6,2026-10-09,34,Call,"7,700.00",+0.24%,130.8,140.62,132,41,89,0.46,11.92%,11.45%,0.573541,2026-09-04
$SPX,7718.6,2026-09-16,11,Call,"7,750.00",-0.41%,36.5,37.61,37.3,111,243,0.46,11.92%,8.87%,0.42664,2026-09-04
$SPX,7718.6,2027-01-15,132,Put,"7,900.00",+2.35%,295.5,290.3,297.2,12,26,0.46,11.92%,13.02%,-0.576741,2026-09-04
$SPX,7718.6,2027-01-15,132,Put,"7,350.00",-4.78%,129.9,123.94,131,60,130,0.46,11.92%,17.06%,-0.262152,2026-09-04
$SPX,7718.6,2026-09-11,6,Put,"7,410.00",-4.00%,2.35,2.21,2.5,208,454,0.46,11.92%,17.85%,-0.034475,2026-09-04
$SPX,7718.6,2026-12-18,104,Put,"7,150.00",-7.37%,80.6,76.3,82.2,4118,8977,0.46,11.92%,18.93%,-0.18399,2026-09-04
$SPX,7718.6,2026-09-14,9,Put,"7,660.00",-0.76%,26.7,23.9,27.1,48,105,0.46,11.92%,11.03%,-0.311425,2026-09-04
$SPX,7718.6,2026-09-14,9,Put,"7,650.00",-0.89%,24.1,23.43,24.6,180,389,0.46,11.92%,11.15%,-0.287125,2026-09-04
$SPX,7718.6,2026-09-14,9,Put,"7,545.00",-2.25%,9.1,9.01,9.4,99,213,0.46,11.92%,12.87%,-0.119757,2026-09-04
$SPX,7718.6,2026-10-02,27,Put,"7,100.00",-8.01%,10.9,10.49,11.4,755,1653,0.46,11.92%,20.58%,-0.058875,2026-09-04
$SPX,7718.6,2026-09-15,10,Put,"7,530.00",-2.44%,9.9,7.91,10.5,31,68,0.46,11.92%,13.34%,-0.120558,2026-09-04
$SPX,7718.6,2026-09-30,25,Put,"7,750.00",+0.41%,104,100,105.1,455,990,0.46,11.92%,11.97%,-0.525577,2026-09-04
$SPX,7718.6,2027-07-16,314,Put,"7,400.00",-4.13%,273.3,269.02,275.8,1104,2424,0.46,11.92%,17.91%,-0.31624,2026-09-04
$SPX,7718.6,2026-09-21,16,Put,"7,520.00",-2.57%,21.1,21.04,21.9,25,54,0.46,11.92%,14.16%,-0.173119,2026-09-04
$SPX,7718.6,2026-09-18,13,Put,"7,240.00",-6.20%,4.8,4,5.2,64,139,0.46,11.92%,20.14%,-0.041419,2026-09-04
$SPX,7718.6,2026-09-11,6,Put,"7,770.00",+0.67%,73.1,69.55,74.9,112,250,0.45,11.92%,11.70%,-0.660722,2026-09-04
$SPX,7718.6,2026-12-18,104,Put,"7,130.00",-7.63%,78.3,75.6,79.9,35,78,0.45,11.92%,19.10%,-0.178497,2026-09-04
$SPX,7718.6,2026-12-31,117,Put,"7,730.00",+0.15%,214.5,211.6,216.1,25,56,0.45,11.92%,14.20%,-0.45389,2026-09-04
$SPX,7718.6,2026-09-10,5,Put,"6,975.00",-9.63%,0.5,0.4,0.65,57,126,0.45,11.92%,34.61%,-0.005672,2026-09-04
$SPX,7718.6,2026-09-10,5,Put,"6,650.00",-13.84%,0.25,0.2,0.4,41,91,0.45,11.92%,46.09%,-0.002576,2026-09-04
$SPX,7718.6,2026-10-23,48,Put,"7,700.00",-0.24%,121.7,120.7,123,67,148,0.45,11.92%,13.12%,-0.442458,2026-09-04
$SPX,7718.6,2026-11-30,86,Put,"7,740.00",+0.28%,186,175.25,187.4,19,42,0.45,11.92%,13.60%,-0.47068,2026-09-04
$SPX,7718.6,2026-09-15,10,Put,"7,650.00",-0.89%,27.5,26.6,28.2,1887,4209,0.45,11.92%,11.42%,-0.299473,2026-09-04
$SPX,7718.6,2026-11-20,76,Put,"4,400.00",-42.99%,2.4,2.33,2.65,500,1116,0.45,11.92%,49.65%,-0.004323,2026-09-04
$SPX,7718.6,2026-09-18,13,Put,"7,750.00",+0.41%,81.3,80.1,82.1,691,1542,0.45,11.92%,11.95%,-0.552473,2026-09-04
$SPX,7718.6,2026-09-09,4,Put,"7,620.00",-1.28%,5.4,5.3,5.8,623,1391,0.45,11.92%,11.06%,-0.125583,2026-09-04
$SPX,7718.6,2026-09-17,12,Put,"7,710.00",-0.11%,59.7,59.4,60.6,48,106,0.45,11.92%,12.21%,-0.459673,2026-09-04
$SPX,7718.6,2026-09-17,12,Put,"7,390.00",-4.26%,7.5,7.3,8,18,40,0.45,11.92%,17.04%,-0.072234,2026-09-04
$SPX,7718.6,2026-10-30,55,Put,"7,680.00",-0.50%,126.9,124.25,128.3,34,75,0.45,11.92%,13.64%,-0.422869,2026-09-04
$SPX,7718.6,2026-10-30,55,Put,"7,770.00",+0.67%,162,158.4,163.2,26,58,0.45,11.92%,12.89%,-0.516691,2026-09-04
$SPX,7718.6,2026-10-16,41,Put,"7,305.00",-5.36%,34.7,33.9,35.5,20,44,0.45,11.92%,17.29%,-0.14849,2026-09-04
$SPX,7718.6,2026-09-11,6,Call,"7,645.00",+0.95%,75.4,90.65,94.9,39,86,0.45,11.92%,8.14%,0.836698,2026-09-04
$SPX,7718.6,2026-09-11,6,Call,"8,200.00",-6.24%,0.2,0.1,0.3,264,586,0.45,11.92%,17.83%,0.004546,2026-09-04
$SPX,7718.6,2026-09-29,24,Call,"7,700.00",+0.24%,100.9,106.65,102,10,22,0.45,11.92%,10.37%,0.576869,2026-09-04
$SPX,7718.6,2026-09-18,13,Call,"7,730.00",-0.15%,54.4,55.7,55.7,2561,5718,0.45,11.92%,9.59%,0.499579,2026-09-04
$SPX,7718.6,2026-09-18,13,Call,"7,750.00",-0.41%,46.3,47.73,47.1,593,1315,0.45,11.92%,9.75%,0.443876,2026-09-04
$SPX,7718.6,2026-10-05,30,Call,"7,725.00",-0.08%,102.1,104.67,103.3,50,111,0.45,11.92%,10.65%,0.535066,2026-09-04
$SPX,7718.6,2026-10-05,30,Call,"8,000.00",-3.65%,10.9,12.28,11.8,80,177,0.45,11.92%,9.37%,0.113816,2026-09-04
$SPX,7718.6,2026-11-20,76,Call,"7,790.00",-0.93%,170.2,170.9,172.1,95,211,0.45,11.92%,12.58%,0.501137,2026-09-04
$SPX,7718.6,2026-10-09,34,Call,"7,825.00",-1.38%,64.8,66.28,65.9,41,91,0.45,11.92%,10.60%,0.381944,2026-09-04
$SPX,7718.6,2026-10-09,34,Call,"7,875.00",-2.03%,46,46.94,47,20,44,0.45,11.92%,10.33%,0.304592,2026-09-04
$SPX,7718.6,2026-09-08,3,Put,"7,560.00",-2.05%,0.95,0.9,1.1,720,1606,0.45,11.92%,12.41%,-0.030318,2026-09-04
$SPX,7718.6,2026-09-08,3,Put,"7,000.00",-9.31%,0.25,0.2,0.35,302,666,0.45,11.92%,40.26%,-0.003443,2026-09-04
$SPX,7718.6,2027-01-15,132,Put,"8,100.00",+4.94%,405.4,391.8,407,10,22,0.45,11.92%,11.20%,-0.781518,2026-09-04
$SPX,7718.6,2026-09-28,23,Call,"7,640.00",+1.02%,137.9,138.13,139,27,61,0.44,11.92%,10.62%,0.68548,2026-09-04
$SPX,7718.6,2026-09-18,13,Call,"7,795.00",-0.99%,28.2,29.66,28.9,120,273,0.44,11.92%,9.51%,0.320025,2026-09-04
$SPX,7718.6,2026-10-05,30,Call,"7,650.00",+0.89%,150.4,151.64,151.6,38,87,0.44,11.92%,11.20%,0.651375,2026-09-04
$SPX,7718.6,2026-11-20,76,Call,"7,705.00",+0.18%,220.6,223.6,222.8,34,77,0.44,11.92%,13.08%,0.574874,2026-09-04
$SPX,7718.6,2026-11-20,76,Call,"9,100.00",-17.90%,0.7,0.75,1.05,400,915,0.44,11.92%,13.47%,0.005845,2026-09-04
$SPX,7718.6,2026-09-25,20,Call,"7,740.00",-0.28%,69.9,74.1,70.9,53,120,0.44,11.92%,10.18%,0.491692,2026-09-04
$SPX,7718.6,2026-09-25,20,Call,"7,670.00",+0.63%,112.5,114.24,113.5,37,84,0.44,11.92%,10.71%,0.634488,2026-09-04
$SPX,7718.6,2026-09-25,20,Call,"8,050.00",-4.29%,2.2,2.6,2.6,316,724,0.44,11.92%,9.43%,0.035727,2026-09-04
$SPX,7718.6,2026-10-16,41,Call,"8,130.00",-5.33%,9.4,9.75,10.1,34,78,0.44,11.92%,10.14%,0.082571,2026-09-04
$SPX,7718.6,2026-09-28,23,Put,"7,690.00",-0.37%,73.3,70,74.4,47,106,0.44,11.92%,12.20%,-0.423808,2026-09-04
$SPX,7718.6,2026-09-28,23,Put,"7,330.00",-5.03%,15.1,12.68,15.8,11,25,0.44,11.92%,16.87%,-0.098539,2026-09-04
$SPX,7718.6,2026-10-16,41,Put,"7,130.00",-7.63%,22.3,21.5,23.4,339,770,0.44,11.92%,19.39%,-0.094863,2026-09-04
$SPX,7718.6,2026-09-14,9,Put,"7,640.00",-1.02%,21.9,21.04,22.3,67,153,0.44,11.92%,11.29%,-0.264439,2026-09-04
$SPX,7718.6,2026-10-12,37,Put,"7,175.00",-7.04%,20.4,19.85,21.2,11,25,0.44,11.92%,18.70%,-0.094508,2026-09-04
$SPX,7718.6,2026-12-31,117,Put,"7,200.00",-6.72%,95.3,95.78,96.6,403,925,0.44,11.92%,18.29%,-0.205233,2026-09-04
$SPX,7718.6,2026-09-10,5,Put,"6,850.00",-11.25%,0.4,0.3,0.55,17,39,0.44,11.92%,39.24%,-0.004242,2026-09-04
$SPX,7718.6,2026-10-02,27,Put,"7,420.00",-3.87%,28.9,27.55,29.8,17,39,0.44,11.92%,15.99%,-0.162711,2026-09-04
$SPX,7718.6,2026-09-15,10,Put,"7,715.00",-0.05%,49.8,47.3,50.6,34,78,0.44,11.92%,10.82%,-0.469795,2026-09-04
$SPX,7718.6,2026-09-21,16,Put,"7,370.00",-4.52%,9.8,9.21,10.3,14,32,0.44,11.92%,16.53%,-0.081602,2026-09-04
$SPX,7718.6,2027-01-29,146,Put,"7,200.00",-6.72%,117.1,111.79,118.5,150,344,0.44,11.92%,18.24%,-0.220604,2026-09-04
$SPX,7718.6,2026-09-18,13,Put,"7,525.00",-2.51%,18.9,18.61,19.5,270,608,0.44,11.92%,14.74%,-0.166417,2026-09-04
$SPX,7718.6,2026-09-18,13,Put,"7,050.00",-8.66%,2.85,2.58,3.2,507,1145,0.44,11.92%,24.52%,-0.022376,2026-09-04
$SPX,7718.6,2026-09-25,20,Put,"7,460.00",-3.35%,22.7,22.89,23.5,22,50,0.44,11.92%,15.43%,-0.156165,2026-09-04
$SPX,7718.6,2026-10-30,55,Put,"7,650.00",-0.89%,117.3,114.11,118.5,155,352,0.44,11.92%,13.91%,-0.394314,2026-09-04
$SPX,7718.6,2026-10-30,55,Put,"7,590.00",-1.67%,100.3,98.18,101.5,18,41,0.44,11.92%,14.46%,-0.342737,2026-09-04
$SPX,7718.6,2026-09-16,11,Put,"7,380.00",-4.39%,5.5,5.5,6,32,72,0.44,11.92%,17.00%,-0.058281,2026-09-04
$SPX,7718.6,2026-11-20,76,Put,"7,595.00",-1.60%,129.4,129.65,131,36,84,0.43,11.92%,14.79%,-0.360044,2026-09-04
$SPX,7718.6,2026-09-25,20,Put,"7,300.00",-5.42%,11.9,11.07,12.2,604,1391,0.43,11.92%,17.85%,-0.080945,2026-09-04
$SPX,7718.6,2026-09-25,20,Put,"7,150.00",-7.37%,7.1,6.7,7.6,229,535,0.43,11.92%,20.33%,-0.047446,2026-09-04
$SPX,7718.6,2026-10-30,55,Put,"7,655.00",-0.82%,118.9,116.7,120.1,29,68,0.43,11.92%,13.86%,-0.398829,2026-09-04
$SPX,7718.6,2026-09-16,11,Put,"7,620.00",-1.28%,27.2,25.92,28,36,83,0.43,11.92%,12.78%,-0.263454,2026-09-04
$SPX,7718.6,2026-09-08,3,Call,"7,890.00",-2.22%,0.05,0.1,0.2,360,838,0.43,11.92%,9.47%,0.005885,2026-09-04
$SPX,7718.6,2026-09-14,9,Call,"7,685.00",+0.44%,60.7,65,61.2,19,44,0.43,11.92%,7.73%,0.66981,2026-09-04
$SPX,7718.6,2026-09-30,25,Call,"7,730.00",-0.15%,86.7,89.8,87.7,88,206,0.43,11.92%,10.34%,0.520292,2026-09-04
$SPX,7718.6,2026-09-18,13,Call,"7,725.00",-0.08%,59,62.4,59.8,616,1420,0.43,11.92%,9.91%,0.513626,2026-09-04
$SPX,7718.6,2026-09-18,13,Call,"7,690.00",+0.37%,79.6,81.82,80.4,89,206,0.43,11.92%,10.13%,0.606938,2026-09-04
$SPX,7718.6,2026-09-18,13,Call,"7,960.00",-3.13%,2.5,2.77,2.9,227,533,0.43,11.92%,9.35%,0.048054,2026-09-04
$SPX,7718.6,2026-10-09,34,Call,"7,775.00",-0.73%,88.1,90.54,89.3,26,60,0.43,11.92%,10.92%,0.460921,2026-09-04
$SPX,7718.6,2026-09-17,12,Call,"7,740.00",-0.28%,45.9,55,46.8,46,108,0.43,11.92%,9.34%,0.466321,2026-09-04
$SPX,7718.6,2026-09-08,3,Put,"6,975.00",-9.63%,0.2,0.2,0.3,1113,2571,0.43,11.92%,40.83%,-0.002874,2026-09-04
$SPX,7718.6,2026-09-28,23,Put,"7,380.00",-4.39%,18.3,17.81,19,10,23,0.43,11.92%,16.15%,-0.11942,2026-09-04
$SPX,7718.6,2026-10-16,41,Put,"7,950.00",+3.00%,248,243.94,250.1,10,23,0.43,11.92%,10.94%,-0.796258,2026-09-04
$SPX,7718.6,2026-10-12,37,Put,"7,200.00",-6.72%,21.7,20.93,22.6,31,72,0.43,11.92%,18.38%,-0.101039,2026-09-04
$SPX,7718.6,2026-09-10,5,Put,"7,690.00",-0.37%,23.7,23,24.1,100,235,0.43,11.92%,10.50%,-0.366462,2026-09-04
$SPX,7718.6,2026-09-10,5,Put,"7,495.00",-2.90%,2.25,2.1,2.5,18,42,0.43,11.92%,14.92%,-0.0429,2026-09-04
$SPX,7718.6,2026-09-10,5,Put,"7,410.00",-4.00%,1.3,1.3,1.5,70,162,0.43,11.92%,17.78%,-0.023127,2026-09-04
$SPX,7718.6,2026-09-23,18,Put,"6,850.00",-11.25%,2.9,2.7,3.2,40,94,0.43,11.92%,26.42%,-0.018193,2026-09-04
$SPX,7718.6,2026-11-30,86,Put,"7,530.00",-2.44%,122.2,117.97,123.5,13,30,0.43,11.92%,15.26%,-0.32213,2026-09-04
$SPX,7718.6,2026-10-02,27,Put,"7,780.00",+0.80%,123,120,124.1,23,54,0.43,11.92%,11.87%,-0.572467,2026-09-04
$SPX,7718.6,2026-09-29,24,Put,"6,200.00",-19.67%,1.8,1.55,2.05,89,207,0.43,11.92%,36.42%,-0.007846,2026-09-04
$SPX,7718.6,2026-09-30,25,Put,"7,415.00",-3.93%,25,23.9,25.6,68,158,0.43,11.92%,15.91%,-0.149649,2026-09-04
$SPX,7718.6,2027-03-31,207,Put,"7,875.00",+2.03%,342.8,336.7,345,22,51,0.43,11.92%,14.28%,-0.518589,2026-09-04
$SPX,7718.6,2027-05-21,258,Put,"4,000.00",-48.18%,15.8,15.79,16.4,63,151,0.42,11.92%,40.80%,-0.015237,2026-09-04
$SPX,7718.6,2027-05-21,258,Put,"3,400.00",-55.95%,10,10.07,10.6,60,144,0.42,11.92%,46.36%,-0.009001,2026-09-04
$SPX,7718.6,2026-09-11,6,Put,"7,300.00",-5.42%,1.45,1.45,1.6,886,2110,0.42,11.92%,21.41%,-0.019474,2026-09-04
$SPX,7718.6,2026-12-18,104,Put,"7,260.00",-5.94%,94.5,93.2,96.2,64,153,0.42,11.92%,17.98%,-0.217208,2026-09-04
$SPX,7718.6,2026-09-14,9,Put,"7,675.00",-0.56%,30.9,29.5,31.4,327,785,0.42,11.92%,10.85%,-0.350441,2026-09-04
$SPX,7718.6,2026-09-14,9,Put,"7,475.00",-3.16%,5.1,5.1,5.4,141,337,0.42,11.92%,14.20%,-0.068637,2026-09-04
$SPX,7718.6,2026-12-31,117,Put,"7,750.00",+0.41%,221.8,216.91,223.4,79,186,0.42,11.92%,14.06%,-0.468357,2026-09-04
$SPX,7718.6,2026-09-10,5,Put,"7,500.00",-2.83%,2.35,2.45,2.6,409,965,0.42,11.92%,14.77%,-0.044859,2026-09-04
$SPX,7718.6,2026-10-02,27,Put,"7,440.00",-3.61%,31.1,29.15,32,29,69,0.42,11.92%,15.73%,-0.174658,2026-09-04
$SPX,7718.6,2026-09-15,10,Put,"7,615.00",-1.34%,20.1,19.2,20.8,21,50,0.42,11.92%,11.90%,-0.229833,2026-09-04
$SPX,7718.6,2026-09-29,24,Put,"7,750.00",+0.41%,100.7,92.5,101.9,14,33,0.42,11.92%,11.76%,-0.527906,2026-09-04
$SPX,7718.6,2026-09-29,24,Put,"7,400.00",-4.13%,21.5,19.45,22.3,15,36,0.42,11.92%,15.96%,-0.135075,2026-09-04
$SPX,7718.6,2026-09-30,25,Put,"7,115.00",-7.82%,9.5,9,10.1,52,123,0.42,11.92%,20.36%,-0.055046,2026-09-04
$SPX,7718.6,2026-09-30,25,Put,"6,920.00",-10.35%,6,5.63,6.5,13,31,0.42,11.92%,23.54%,-0.032795,2026-09-04
$SPX,7718.6,2026-09-21,16,Put,"7,710.00",-0.11%,66.5,64.5,67.4,37,89,0.42,11.92%,11.82%,-0.458495,2026-09-04
$SPX,7718.6,2027-06-30,298,Put,"7,240.00",-6.20%,230.2,221.4,232.4,21,50,0.42,11.92%,18.74%,-0.272953,2026-09-04
$SPX,7718.6,2026-12-18,104,Put,"7,650.00",-0.89%,178.5,174.96,179.8,39,92,0.42,11.92%,14.85%,-0.402519,2026-09-04
$SPX,7718.6,2026-10-05,30,Put,"7,400.00",-4.13%,29.1,28.97,30,53,126,0.42,11.92%,15.92%,-0.15733,2026-09-04
$SPX,7718.6,2026-11-20,76,Put,"7,665.00",-0.69%,150.3,146.7,152.5,52,123,0.42,11.92%,14.24%,-0.412062,2026-09-04
$SPX,7718.6,2026-09-25,20,Put,"7,735.00",+0.21%,87.8,87.05,88.9,71,169,0.42,11.92%,12.01%,-0.505373,2026-09-04
$SPX,7718.6,2026-09-25,20,Put,"7,520.00",-2.57%,30,29.5,30.8,58,139,0.42,11.92%,14.60%,-0.203019,2026-09-04
$SPX,7718.6,2026-10-09,34,Put,"7,650.00",-0.89%,82.7,78.45,83.8,64,152,0.42,11.92%,13.23%,-0.379511,2026-09-04
$SPX,7718.6,2026-10-09,34,Put,"5,800.00",-24.86%,2.3,1.92,2.6,94,223,0.42,11.92%,40.01%,-0.007596,2026-09-04
$SPX,7718.6,2026-10-16,41,Put,"7,195.00",-6.78%,26.5,25.83,27.3,21,50,0.42,11.92%,18.65%,-0.112205,2026-09-04
$SPX,7718.6,2026-09-08,3,Call,"7,655.00",+0.82%,59,62.92,59.8,33,78,0.42,11.92%,0.00%,0,2026-09-04
$SPX,7718.6,2026-09-14,9,Call,"7,805.00",-1.12%,9.9,10.2,10.3,59,142,0.42,11.92%,7.62%,0.197695,2026-09-04
$SPX,7718.6,2026-09-10,5,Call,"7,725.00",-0.08%,23,24.14,23.4,345,814,0.42,11.92%,6.79%,0.48493,2026-09-04
$SPX,7718.6,2026-11-30,86,Call,"7,530.00",+2.44%,358.6,360.41,359.9,16,38,0.42,11.92%,14.15%,0.699117,2026-09-04
$SPX,7718.6,2026-10-02,27,Call,"7,710.00",+0.11%,106.9,111.6,108,53,127,0.42,11.92%,11.02%,0.556396,2026-09-04
$SPX,7718.6,2026-10-02,27,Call,"7,860.00",-1.83%,37,39.22,37.9,36,85,0.42,11.92%,9.99%,0.289153,2026-09-04
$SPX,7718.6,2026-10-05,30,Call,"7,775.00",-0.73%,75.1,78.83,76.3,65,153,0.42,11.92%,10.30%,0.448869,2026-09-04
$SPX,7718.6,2026-11-20,76,Call,"8,080.00",-4.68%,54.7,55.9,56.4,11,26,0.42,11.92%,11.41%,0.240549,2026-09-04
$SPX,7718.6,2026-10-09,34,Call,"7,725.00",-0.08%,115.6,131.1,116.8,25,60,0.42,11.92%,11.27%,0.537281,2026-09-04
$SPX,7718.6,2026-09-09,4,Call,"7,830.00",-1.44%,0.55,0.65,0.7,554,1322,0.42,11.92%,6.99%,0.028779,2026-09-04
$SPX,7718.6,2026-10-16,41,Call,"7,150.00",+7.37%,603.5,611.17,613.9,20,48,0.42,11.92%,15.63%,0.941435,2026-09-04
$SPX,7718.6,2026-12-18,104,Call,"7,670.00",+0.63%,294.5,293.2,296.8,22,54,0.41,11.92%,13.71%,0.607527,2026-09-04
$SPX,7718.6,2026-12-31,117,Call,"7,850.00",-1.70%,208.4,212.2,210,84,207,0.41,11.92%,12.96%,0.48994,2026-09-04
$SPX,7718.6,2026-12-31,117,Call,"8,425.00",-9.15%,31.5,32.9,32.7,30,73,0.41,11.92%,11.51%,0.13085,2026-09-04
$SPX,7718.6,2026-09-10,5,Call,"7,800.00",-1.05%,3.4,3.85,3.6,481,1168,0.41,11.92%,7.04%,0.113507,2026-09-04
$SPX,7718.6,2026-11-30,86,Call,"7,565.00",+1.99%,332.5,335.06,333.8,12,29,0.41,11.92%,13.92%,0.677513,2026-09-04
$SPX,7718.6,2026-10-02,27,Call,"7,725.00",-0.08%,98,100.52,99.1,102,247,0.41,11.92%,10.90%,0.530864,2026-09-04
$SPX,7718.6,2026-10-02,27,Call,"7,910.00",-2.48%,23.5,25,24.4,37,91,0.41,11.92%,9.76%,0.209365,2026-09-04
$SPX,7718.6,2026-09-21,16,Call,"7,780.00",-0.80%,37.3,38.51,38.1,34,83,0.41,11.92%,9.12%,0.373727,2026-09-04
$SPX,7718.6,2026-09-24,19,Call,"7,900.00",-2.35%,12.4,12.97,13.1,48,118,0.41,11.92%,9.09%,0.154153,2026-09-04
$SPX,7718.6,2026-09-18,13,Call,"7,695.00",+0.31%,76.4,82.18,77.3,727,1789,0.41,11.92%,10.10%,0.594088,2026-09-04
$SPX,7718.6,2026-09-18,13,Call,"8,140.00",-5.46%,0.5,0.45,0.7,81,198,0.41,11.92%,11.81%,0.010315,2026-09-04
$SPX,7718.6,2026-09-25,20,Call,"7,820.00",-1.31%,34.7,36.2,35.6,70,171,0.41,11.92%,9.64%,0.315903,2026-09-04
$SPX,7718.6,2026-09-25,20,Call,"7,925.00",-2.67%,10.6,11.2,11.1,171,422,0.41,11.92%,9.21%,0.131113,2026-09-04
$SPX,7718.6,2027-01-15,132,Call,"8,300.00",-7.53%,65.5,65,67.2,2003,4895,0.41,11.92%,11.93%,0.216982,2026-09-04
$SPX,7718.6,2027-09-17,377,Call,"7,725.00",-0.08%,674,678.32,677.7,118,290,0.41,11.92%,16.50%,0.628927,2026-09-04
$SPX,7718.6,2026-12-18,104,Put,"7,590.00",-1.67%,160.1,157.5,162.2,17,41,0.41,11.92%,15.28%,-0.365756,2026-09-04
$SPX,7718.6,2026-12-18,104,Put,"7,990.00",+3.52%,328.5,324.37,330.8,22,54,0.41,11.92%,12.42%,-0.68902,2026-09-04
$SPX,7718.6,2026-10-16,41,Put,"6,160.00",-20.19%,4.9,4.74,5.4,156,383,0.41,11.92%,32.88%,-0.016295,2026-09-04
$SPX,7718.6,2026-09-10,5,Put,"7,540.00",-2.31%,3.4,3.3,3.7,120,290,0.41,11.92%,13.59%,-0.065714,2026-09-04
$SPX,7718.6,2027-03-31,207,Put,"3,700.00",-52.06%,8.9,8.82,9.4,123,303,0.41,11.92%,45.92%,-0.009132,2026-09-04
$SPX,7718.6,2026-09-18,13,Put,"7,605.00",-1.47%,31.2,30.8,31.9,140,340,0.41,11.92%,13.52%,-0.26197,2026-09-04
$SPX,7718.6,2026-09-18,13,Put,"7,455.00",-3.42%,12.6,12.39,13.2,56,137,0.41,11.92%,15.93%,-0.113133,2026-09-04
$SPX,7718.6,2027-01-15,132,Put,"3,200.00",-58.54%,2.5,2.6,2.85,1732,4248,0.41,11.92%,57.67%,-0.002986,2026-09-04
$SPX,7718.6,2026-09-17,12,Put,"7,620.00",-1.28%,31.4,29.37,32.2,14,34,0.41,11.92%,13.19%,-0.276865,2026-09-04
$SPX,7718.6,2026-10-16,41,Put,"6,450.00",-16.44%,7.3,6.63,7.8,50,123,0.41,11.92%,28.83%,-0.025796,2026-09-04
$SPX,7718.6,2026-10-05,30,Put,"7,590.00",-1.67%,58.4,58.56,59.5,21,52,0.4,11.92%,13.60%,-0.303717,2026-09-04
$SPX,7718.6,2026-10-05,30,Put,"7,250.00",-6.07%,18.1,17.43,18.9,87,220,0.4,11.92%,17.93%,-0.09715,2026-09-04
$SPX,7718.6,2026-11-20,76,Put,"7,690.00",-0.37%,158.7,154.9,160.9,65,162,0.4,11.92%,14.04%,-0.431823,2026-09-04
$SPX,7718.6,2026-09-25,20,Put,"7,450.00",-3.48%,21.8,20.72,22.3,159,396,0.4,11.92%,15.57%,-0.149402,2026-09-04
$SPX,7718.6,2026-09-09,4,Put,"7,475.00",-3.16%,1.1,0.9,1.3,213,536,0.4,11.92%,15.84%,-0.024708,2026-09-04
$SPX,7718.6,2026-09-16,11,Put,"7,655.00",-0.82%,35.8,31.73,36.5,16,40,0.4,11.92%,12.34%,-0.330235,2026-09-04
$SPX,7718.6,2026-09-16,11,Put,"7,450.00",-3.48%,8.2,7.3,8.7,93,232,0.4,11.92%,15.59%,-0.086973,2026-09-04
$SPX,7718.6,2026-09-11,6,Call,"7,920.00",-2.61%,0.65,0.71,0.85,751,1872,0.4,11.92%,9.65%,0.021296,2026-09-04
$SPX,7718.6,2026-09-11,6,Call,"7,940.00",-2.87%,0.5,0.5,0.7,337,846,0.4,11.92%,10.12%,0.016731,2026-09-04
$SPX,7718.6,2026-09-11,6,Call,"8,030.00",-4.03%,0.3,0.2,0.45,84,211,0.4,11.92%,12.77%,0.008898,2026-09-04
$SPX,7718.6,2026-09-11,6,Call,"8,175.00",-5.91%,0.2,0.1,0.35,95,235,0.4,11.92%,17.19%,0.005127,2026-09-04
$SPX,7718.6,2026-12-18,104,Call,"7,880.00",-2.09%,172,175.8,174.2,23,58,0.4,11.92%,12.64%,0.45601,2026-09-04
$SPX,7718.6,2026-12-31,117,Call,"7,925.00",-2.67%,170.6,173.98,172.2,18,45,0.4,11.92%,12.63%,0.436168,2026-09-04
$SPX,7718.6,2026-10-02,27,Call,"7,740.00",-0.28%,89.5,93.33,90.6,30,75,0.4,11.92%,10.79%,0.504719,2026-09-04
$SPX,7718.6,2026-12-18,104,Call,"8,130.00",-5.33%,77.2,78.7,78.3,16,40,0.4,11.92%,11.85%,0.268992,2026-09-04
$SPX,7718.6,2026-11-20,76,Call,"7,730.00",-0.15%,205.1,211.2,206.9,83,208,0.4,11.92%,12.92%,0.553888,2026-09-04
$SPX,7718.6,2026-11-20,76,Call,"8,090.00",-4.81%,52.2,52.6,53.9,17,42,0.4,11.92%,11.38%,0.232621,2026-09-04
$SPX,7718.6,2026-09-25,20,Call,"7,730.00",-0.15%,75.4,77.6,76.4,53,132,0.4,11.92%,10.26%,0.513315,2026-09-04
$SPX,7718.6,2026-09-17,12,Call,"7,800.00",-1.05%,22.5,24.8,23.2,143,356,0.4,11.92%,9.09%,0.289162,2026-09-04
$SPX,7718.6,2026-10-16,41,Call,"7,775.00",-0.73%,104.8,111.74,105.9,65,161,0.4,11.92%,11.32%,0.474842,2026-09-04
$SPX,7718.6,2026-10-16,41,Call,"7,895.00",-2.29%,53.2,56.3,54.2,12,30,0.4,11.92%,10.66%,0.309234,2026-09-04
$SPX,7718.6,2026-10-01,26,Put,"7,350.00",-4.78%,21,20.05,21.8,23,57,0.4,11.92%,16.85%,-0.122558,2026-09-04
$SPX,7718.6,2026-09-14,9,Put,"7,350.00",-4.78%,2.5,2.05,2.7,105,263,0.4,11.92%,17.19%,-0.031669,2026-09-04
$SPX,7718.6,2026-12-31,117,Put,"7,775.00",+0.73%,231.4,226.04,233,33,82,0.4,11.92%,13.88%,-0.486485,2026-09-04
$SPX,7718.6,2026-10-23,48,Put,"7,200.00",-6.72%,33.1,33.65,34.1,20,50,0.4,11.92%,18.43%,-0.127328,2026-09-04
$SPX,7718.6,2026-11-30,86,Put,"7,655.00",-0.82%,156.3,147.53,157.7,12,30,0.4,11.92%,14.25%,-0.404216,2026-09-04
$SPX,7718.6,2026-09-30,25,Put,"7,755.00",+0.47%,106.4,106.1,107.4,21,52,0.4,11.92%,11.93%,-0.53411,2026-09-04
$SPX,7718.6,2026-11-20,76,Put,"6,550.00",-15.14%,23.8,23.7,24.6,12,30,0.4,11.92%,25.15%,-0.06065,2026-09-04
$SPX,7718.6,2026-09-21,16,Put,"7,540.00",-2.31%,23.7,22.7,24.4,14,35,0.4,11.92%,13.86%,-0.192372,2026-09-04
$SPX,7718.6,2026-09-21,16,Put,"7,410.00",-4.00%,11.8,10.7,12.4,12,30,0.4,11.92%,15.86%,-0.09872,2026-09-04
$SPX,7718.6,2026-12-18,104,Put,"8,060.00",+4.42%,373.1,366.8,374.4,10,25,0.4,11.92%,11.86%,-0.755122,2026-09-04
$SPX,7718.6,2026-09-18,13,Put,"7,440.00",-3.61%,11.6,10.8,12.1,88,219,0.4,11.92%,16.17%,-0.104136,2026-09-04
$SPX,7718.6,2026-09-14,9,Put,"7,590.00",-1.67%,13.6,13.65,13.9,142,363,0.39,11.92%,12.06%,-0.173871,2026-09-04
$SPX,7718.6,2026-12-31,117,Put,"7,705.00",-0.18%,205.7,198.01,207.3,17,44,0.39,11.92%,14.38%,-0.437155,2026-09-04
$SPX,7718.6,2026-12-31,117,Put,"7,625.00",-1.21%,180.3,171.83,182,24,61,0.39,11.92%,14.96%,-0.387461,2026-09-04
$SPX,7718.6,2026-11-30,86,Put,"7,565.00",-1.99%,130.8,125.45,132.1,12,31,0.39,11.92%,14.98%,-0.343547,2026-09-04
$SPX,7718.6,2026-11-30,86,Put,"7,560.00",-2.05%,129.5,124.65,130.8,19,49,0.39,11.92%,15.02%,-0.340251,2026-09-04
$SPX,7718.6,2026-11-20,76,Put,"7,760.00",+0.54%,186.5,182.1,187.7,13,33,0.39,11.92%,13.56%,-0.491856,2026-09-04
$SPX,7718.6,2027-07-16,314,Put,"6,125.00",-20.65%,94.9,93.45,96.4,176,452,0.39,11.92%,24.60%,-0.104263,2026-09-04
$SPX,7718.6,2026-09-18,13,Put,"7,760.00",+0.54%,86.7,80.76,87.5,35,90,0.39,11.92%,11.89%,-0.576039,2026-09-04
$SPX,7718.6,2026-09-18,13,Put,"7,585.00",-1.73%,27.4,25.5,28.1,84,215,0.39,11.92%,13.81%,-0.233874,2026-09-04
$SPX,7718.6,2026-09-25,20,Put,"7,630.00",-1.15%,51.4,51.35,52.3,74,188,0.39,11.92%,13.15%,-0.328787,2026-09-04
$SPX,7718.6,2026-09-25,20,Put,"7,610.00",-1.41%,46.5,46.02,47.4,32,83,0.39,11.92%,13.41%,-0.30153,2026-09-04
$SPX,7718.6,2026-09-25,20,Put,"7,470.00",-3.22%,23.8,23.8,24.5,71,182,0.39,11.92%,15.29%,-0.163052,2026-09-04
$SPX,7718.6,2030-12-20,1567,Put,"8,600.00",+11.42%,0,938.02,0,80,205,0.39,11.92%,13.10%,-0.754176,2026-09-04
$SPX,7718.6,2026-09-09,4,Put,"7,520.00",-2.57%,1.55,1.45,1.75,251,641,0.39,11.92%,14.11%,-0.036184,2026-09-04
$SPX,7718.6,2026-09-09,4,Put,"7,325.00",-5.10%,0.65,0.7,0.8,78,200,0.39,11.92%,22.29%,-0.011593,2026-09-04
$SPX,7718.6,2026-09-17,12,Put,"7,655.00",-0.82%,40.3,38,41.1,15,38,0.39,11.92%,12.75%,-0.340216,2026-09-04
$SPX,7718.6,2026-09-16,11,Put,"7,320.00",-5.16%,4.1,4.1,4.6,20,51,0.39,11.92%,18.30%,-0.04298,2026-09-04
$SPX,7718.6,2026-11-04,60,Call,"8,500.00",-10.12%,2.95,3.43,3.6,2210,5601,0.39,11.92%,11.24%,0.025011,2026-09-04
$SPX,7718.6,2026-09-23,18,Call,"7,825.00",-1.38%,27.1,30.1,28,22,56,0.39,11.92%,9.20%,0.283632,2026-09-04
$SPX,7718.6,2026-09-15,10,Call,"7,635.00",+1.08%,96.1,104.12,105.3,12,31,0.39,11.92%,7.78%,0.823697,2026-09-04
$SPX,7718.6,2026-09-15,10,Call,"7,880.00",-2.09%,2.6,2.73,3.1,49,126,0.39,11.92%,7.84%,0.065382,2026-09-04
$SPX,7718.6,2026-09-21,16,Call,"7,760.00",-0.54%,45.8,47.3,46.7,94,242,0.39,11.92%,9.24%,0.426735,2026-09-04
$SPX,7718.6,2027-03-31,207,Call,"7,975.00",-3.32%,281.6,286.4,283.7,19,49,0.39,11.92%,13.74%,0.481899,2026-09-04
$SPX,7718.6,2026-09-18,13,Call,"7,655.00",+0.82%,103.1,106.54,103.9,57,145,0.39,11.92%,10.32%,0.691786,2026-09-04
$SPX,7718.6,2026-11-20,76,Call,"7,680.00",+0.50%,236.6,254.95,238.9,40,103,0.39,11.92%,13.24%,0.595262,2026-09-04
$SPX,7718.6,2026-09-16,11,Call,"7,900.00",-2.35%,3.5,3.72,3.9,127,324,0.39,11.92%,8.68%,0.071953,2026-09-04
$SPX,7718.6,2026-09-08,3,Put,"7,250.00",-6.07%,0.4,0.4,0.5,386,979,0.39,11.92%,28.32%,-0.0069,2026-09-04
$SPX,7718.6,2027-01-15,132,Call,"8,050.00",-4.29%,141.3,147.3,142.7,11,29,0.38,11.92%,12.56%,0.369037,2026-09-04
$SPX,7718.6,2026-12-31,117,Call,"7,750.00",-0.41%,265.9,266.19,267.5,106,282,0.38,11.92%,13.45%,0.558366,2026-09-04
$SPX,7718.6,2026-09-10,5,Call,"7,670.00",+0.63%,56.9,60.1,57.4,41,109,0.38,11.92%,5.99%,0.835371,2026-09-04
$SPX,7718.6,2026-11-04,60,Call,"8,800.00",-14.01%,0.8,1.03,1.3,2101,5502,0.38,11.92%,12.69%,0.008097,2026-09-04
$SPX,7718.6,2026-11-30,86,Call,"7,640.00",+1.02%,279.1,296.31,280.5,12,32,0.38,11.92%,13.44%,0.62689,2026-09-04
$SPX,7718.6,2026-11-30,86,Call,"7,420.00",+3.87%,440.1,462.14,451.3,12,32,0.38,11.92%,14.91%,0.758675,2026-09-04
$SPX,7718.6,2026-09-15,10,Call,"7,825.00",-1.38%,8.2,9.3,8.7,157,413,0.38,11.92%,7.75%,0.162544,2026-09-04
$SPX,7718.6,2026-09-15,10,Call,"7,850.00",-1.70%,5,5.6,5.4,170,450,0.38,11.92%,7.76%,0.1093,2026-09-04
$SPX,7718.6,2026-09-30,25,Call,"8,000.00",-3.65%,6.8,7.26,7.3,10478,27660,0.38,11.92%,9.16%,0.084058,2026-09-04
$SPX,7718.6,2027-03-31,207,Call,"7,940.00",-2.87%,300.1,305,302.2,11,29,0.38,11.92%,13.88%,0.499265,2026-09-04
$SPX,7718.6,2026-09-18,13,Call,"7,925.00",-2.67%,4.4,4.8,4.9,177,462,0.38,11.92%,9.27%,0.077,2026-09-04
$SPX,7718.6,2026-09-25,20,Call,"7,710.00",+0.11%,86.9,91.63,88,98,256,0.38,11.92%,10.41%,0.555523,2026-09-04
$SPX,7718.6,2026-09-25,20,Call,"7,880.00",-2.09%,18.1,19.4,19,45,118,0.38,11.92%,9.34%,0.199153,2026-09-04
$SPX,7718.6,2026-12-18,104,Put,"7,700.00",-0.24%,194,189.96,195.7,5690,14847,0.38,11.92%,14.44%,-0.435861,2026-09-04
$SPX,7718.6,2026-12-18,104,Put,"7,765.00",+0.60%,218,211.4,219.5,18,47,0.38,11.92%,13.97%,-0.483138,2026-09-04
$SPX,7718.6,2026-10-16,41,Put,"7,440.00",-3.61%,48.9,45.55,50.4,160,421,0.38,11.92%,15.60%,-0.212458,2026-09-04
$SPX,7718.6,2026-09-10,5,Put,"7,490.00",-2.96%,2.15,2.1,2.4,73,194,0.38,11.92%,15.07%,-0.04098,2026-09-04
$SPX,7718.6,2026-09-23,18,Put,"7,050.00",-8.66%,4.4,4,4.8,50,133,0.38,11.92%,22.44%,-0.030299,2026-09-04
$SPX,7718.6,2026-10-02,27,Put,"7,450.00",-3.48%,32.2,32.1,33,177,470,0.38,11.92%,15.58%,-0.180654,2026-09-04
$SPX,7718.6,2026-09-15,10,Put,"7,685.00",-0.44%,37.9,38,38.6,15,40,0.38,11.92%,11.04%,-0.385362,2026-09-04
$SPX,7718.6,2026-10-05,30,Put,"7,350.00",-4.78%,24.6,23,25.5,46,122,0.38,11.92%,16.57%,-0.133195,2026-09-04
$SPX,7718.6,2026-09-25,20,Put,"7,625.00",-1.21%,50.1,49.9,51,162,431,0.38,11.92%,13.21%,-0.321756,2026-09-04
$SPX,7718.6,2026-09-25,20,Put,"7,560.00",-2.05%,36.3,35.56,37.2,28,74,0.38,11.92%,14.05%,-0.242203,2026-09-04
$SPX,7718.6,2026-10-09,34,Put,"7,400.00",-4.13%,35.4,35.1,36.3,54,142,0.38,11.92%,16.11%,-0.172702,2026-09-04
$SPX,7718.6,2027-01-15,132,Put,"7,175.00",-7.04%,102.5,101.14,104.3,300,783,0.38,11.92%,18.41%,-0.206144,2026-09-04
$SPX,7718.6,2026-10-07,32,Put,"7,500.00",-2.83%,45.5,44,46.5,18,47,0.38,11.92%,14.83%,-0.22977,2026-09-04
$SPX,7718.6,2027-06-17,285,Put,"8,750.00",+13.36%,888.8,885.71,892.8,32,85,0.38,11.92%,0.00%,0,2026-09-04
$SPX,7718.6,2027-03-19,195,Put,"3,000.00",-61.13%,4.4,4.5,4.9,1500,3904,0.38,11.92%,54.36%,-0.004305,2026-09-04
$SPX,7718.6,2026-09-17,12,Put,"7,535.00",-2.38%,17.6,17.22,18.3,21,55,0.38,11.92%,14.46%,-0.165486,2026-09-04
$SPX,7718.6,2026-10-16,41,Put,"7,370.00",-4.52%,41.2,39.65,42.1,30,78,0.38,11.92%,16.52%,-0.176713,2026-09-04
$SPX,7718.6,2026-09-16,11,Put,"4,800.00",-37.81%,0,0.1,0.2,20,53,0.38,11.92%,82.39%,-0.000339,2026-09-04
$SPX,7718.6,2027-01-15,132,Put,"7,850.00",+1.70%,272.1,268.2,274.6,300,801,0.37,11.92%,13.37%,-0.536528,2026-09-04
$SPX,7718.6,2026-09-09,4,Put,"7,525.00",-2.51%,1.6,1.55,1.8,139,380,0.37,11.92%,13.90%,-0.037643,2026-09-04
$SPX,7718.6,2026-09-09,4,Put,"7,485.00",-3.03%,1.15,1.1,1.35,58,156,0.37,11.92%,15.39%,-0.026275,2026-09-04
$SPX,7718.6,2026-09-09,4,Put,"6,700.00",-13.20%,0.2,0.1,0.35,18,49,0.37,11.92%,48.35%,-0.002343,2026-09-04
$SPX,7718.6,2026-10-16,41,Put,"7,655.00",-0.82%,96.4,94.27,97.5,20,54,0.37,11.92%,13.42%,-0.391581,2026-09-04
$SPX,7718.6,2028-06-16,650,Put,"6,800.00",-11.90%,290.8,290.44,299.6,140,377,0.37,11.92%,20.99%,-0.218281,2026-09-04
$SPX,7718.6,2026-09-08,3,Call,"7,575.00",+1.86%,134.3,141,136,38,104,0.37,11.92%,0.00%,0,2026-09-04
$SPX,7718.6,2026-09-28,23,Call,"7,690.00",+0.37%,103.7,107.4,104.8,22,60,0.37,11.92%,10.26%,0.597145,2026-09-04
$SPX,7718.6,2026-09-14,9,Call,"7,815.00",-1.25%,8.1,9.3,8.5,22,59,0.37,11.92%,7.62%,0.169297,2026-09-04
$SPX,7718.6,2026-10-02,27,Call,"7,920.00",-2.61%,21.5,23.53,22.2,74,201,0.37,11.92%,9.73%,0.195272,2026-09-04
$SPX,7718.6,2026-09-15,10,Call,"7,705.00",+0.18%,51.5,54.55,52.3,18,49,0.37,11.92%,7.93%,0.585741,2026-09-04
$SPX,7718.6,2026-09-15,10,Call,"7,975.00",-3.32%,0.55,0.6,0.8,82,220,0.37,11.92%,8.95%,0.016525,2026-09-04
$SPX,7718.6,2026-09-30,25,Call,"7,735.00",-0.21%,83.8,84.4,84.9,50,134,0.37,11.92%,10.29%,0.510761,2026-09-04
$SPX,7718.6,2026-09-30,25,Call,"7,690.00",+0.37%,110.9,114.86,111.9,104,280,0.37,11.92%,10.64%,0.593531,2026-09-04
$SPX,7718.6,2026-09-08,3,Put,"7,025.00",-8.99%,0.25,0.25,0.35,94,251,0.37,11.92%,38.94%,-0.003552,2026-09-04
$SPX,7718.6,2026-12-18,104,Put,"7,520.00",-2.57%,142.2,139.4,143.5,105,284,0.37,11.92%,15.80%,-0.326578,2026-09-04
$SPX,7718.6,2026-09-14,9,Put,"7,685.00",-0.44%,34.2,31.02,34.7,53,145,0.37,11.92%,10.76%,-0.378547,2026-09-04
$SPX,7718.6,2026-09-23,18,Put,"7,580.00",-1.80%,35.1,33.8,35.9,15,41,0.37,11.92%,13.57%,-0.252404,2026-09-04
$SPX,7718.6,2026-09-23,18,Put,"7,560.00",-2.05%,31.5,29.65,32.4,30,81,0.37,11.92%,13.84%,-0.22925,2026-09-04
$SPX,7718.6,2026-11-30,86,Put,"6,800.00",-11.90%,37.8,37.5,38.5,86,231,0.37,11.92%,22.02%,-0.094739,2026-09-04
$SPX,7718.6,2026-09-29,24,Put,"7,275.00",-5.75%,13.7,12.95,14.4,24,65,0.37,11.92%,17.78%,-0.085516,2026-09-04
$SPX,7718.6,2026-09-18,13,Put,"7,725.00",+0.08%,67.1,63.5,68.4,3012,8116,0.37,11.92%,11.84%,-0.49401,2026-09-04
$SPX,7718.6,2026-09-18,13,Put,"6,190.00",-19.80%,0.6,0.58,0.95,157,421,0.37,11.92%,44.70%,-0.003766,2026-09-04
$SPX,7718.6,2027-07-16,314,Put,"7,075.00",-8.34%,207.7,206.28,209.9,55,147,0.37,11.92%,19.62%,-0.237471,2026-09-04
$SPX,7718.6,2026-09-24,19,Put,"7,625.00",-1.21%,47.7,45.37,48.7,45,122,0.37,11.92%,13.15%,-0.317873,2026-09-04
$SPX,7718.6,2026-09-24,19,Put,"7,400.00",-4.13%,16,14.08,16.7,103,278,0.37,11.92%,16.28%,-0.115252,2026-09-04
$SPX,7718.6,2026-09-18,13,Put,"7,745.00",+0.34%,78.7,73.91,79.5,87,233,0.37,11.92%,11.98%,-0.540682,2026-09-04
$SPX,7718.6,2026-09-18,13,Put,"7,520.00",-2.57%,18.3,17,19,162,433,0.37,11.92%,14.83%,-0.161855,2026-09-04
$SPX,7718.6,2026-09-18,13,Put,"6,310.00",-18.25%,0.9,0.8,1.1,110,301,0.37,11.92%,42.35%,-0.005002,2026-09-04
$SPX,7718.6,2026-09-11,6,Put,"5,850.00",-24.21%,0.1,0.1,0.25,169,476,0.36,11.92%,70.34%,-0.000893,2026-09-04
$SPX,7718.6,2026-10-16,41,Put,"7,740.00",+0.28%,125.8,123,127.4,94,261,0.36,11.92%,12.52%,-0.492541,2026-09-04
$SPX,7718.6,2026-09-14,9,Put,"7,595.00",-1.60%,14.2,12.8,14.6,46,127,0.36,11.92%,11.97%,-0.181373,2026-09-04
$SPX,7718.6,2026-10-12,37,Put,"7,675.00",-0.56%,93.7,91.46,94.9,28,77,0.36,11.92%,12.85%,-0.410494,2026-09-04
$SPX,7718.6,2026-09-10,5,Put,"7,560.00",-2.05%,4.3,4.47,4.6,100,277,0.36,11.92%,13.10%,-0.082073,2026-09-04
$SPX,7718.6,2026-11-30,86,Put,"7,640.00",-1.02%,151.7,148.55,153,22,61,0.36,11.92%,14.37%,-0.393665,2026-09-04
$SPX,7718.6,2026-10-02,27,Put,"6,750.00",-12.55%,5.4,5.2,5.9,32,90,0.36,11.92%,26.37%,-0.026181,2026-09-04
$SPX,7718.6,2026-09-15,10,Put,"7,680.00",-0.50%,36.2,33.51,36.9,31,86,0.36,11.92%,11.08%,-0.372176,2026-09-04
$SPX,7718.6,2026-09-15,10,Put,"7,605.00",-1.47%,18.5,17.6,19.1,38,106,0.36,11.92%,12.07%,-0.21306,2026-09-04
$SPX,7718.6,2026-09-15,10,Put,"7,520.00",-2.57%,9.2,7.2,9.7,39,107,0.36,11.92%,13.52%,-0.11194,2026-09-04
$SPX,7718.6,2026-09-15,10,Put,"7,370.00",-4.52%,3.5,2.72,4,23,64,0.36,11.92%,16.69%,-0.042709,2026-09-04
$SPX,7718.6,2026-09-18,13,Put,"7,315.00",-5.23%,5.7,5.71,6.4,117,321,0.36,11.92%,18.22%,-0.053302,2026-09-04
$SPX,7718.6,2027-01-29,146,Put,"7,500.00",-2.83%,172.4,164.18,174.1,150,414,0.36,11.92%,16.02%,-0.327981,2026-09-04
$SPX,7718.6,2026-09-18,13,Put,"7,300.00",-5.42%,6,6.1,6.4,950,2626,0.36,11.92%,18.86%,-0.052831,2026-09-04
$SPX,7718.6,2026-10-05,30,Put,"7,600.00",-1.54%,60.8,61.11,61.9,46,127,0.36,11.92%,13.49%,-0.314513,2026-09-04
$SPX,7718.6,2026-10-09,34,Put,"7,625.00",-1.21%,75.5,71.23,76.6,33,92,0.36,11.92%,13.49%,-0.350855,2026-09-04
$SPX,7718.6,2026-10-16,41,Put,"7,765.00",+0.60%,138.3,134.9,139.4,17,47,0.36,11.92%,12.43%,-0.524933,2026-09-04
$SPX,7718.6,2026-10-16,41,Put,"7,230.00",-6.33%,28.8,26.69,29.6,36,100,0.36,11.92%,18.22%,-0.122432,2026-09-04
$SPX,7718.6,2026-09-22,17,Put,"7,475.00",-3.16%,18.4,17.87,19.1,58,163,0.36,11.92%,14.93%,-0.144947,2026-09-04
$SPX,7718.6,2026-10-01,26,Call,"7,850.00",-1.70%,36.6,38.6,37.7,51,140,0.36,11.92%,9.77%,0.296214,2026-09-04
$SPX,7718.6,2026-10-02,27,Call,"7,940.00",-2.87%,17.5,18.24,18.4,38,106,0.36,11.92%,9.66%,0.168136,2026-09-04
$SPX,7718.6,2026-09-15,10,Call,"8,000.00",-3.65%,0.45,0.45,0.7,142,396,0.36,11.92%,9.49%,0.013588,2026-09-04
$SPX,7718.6,2027-01-29,146,Call,"8,100.00",-4.94%,141.4,143,143,12,33,0.36,11.92%,12.64%,0.355413,2026-09-04
$SPX,7718.6,2027-06-30,298,Call,"9,600.00",-24.37%,19.1,19.9,20.2,140,387,0.36,11.92%,12.45%,0.055508,2026-09-04
$SPX,7718.6,2026-09-18,13,Call,"7,885.00",-2.16%,8.2,9.15,8.7,123,339,0.36,11.92%,9.24%,0.126972,2026-09-04
$SPX,7718.6,2026-09-18,13,Call,"7,975.00",-3.32%,2.05,2.17,2.4,287,792,0.36,11.92%,9.46%,0.040193,2026-09-04
$SPX,7718.6,2026-09-25,20,Call,"7,765.00",-0.60%,57.2,59.59,58.2,32,88,0.36,11.92%,9.99%,0.436589,2026-09-04
$SPX,7718.6,2026-10-09,34,Call,"8,000.00",-3.65%,16.7,17.3,17.6,70,196,0.36,11.92%,9.89%,0.145184,2026-09-04
$SPX,7718.6,2026-09-09,4,Call,"7,665.00",+0.69%,55.2,61.74,56.9,31,85,0.36,11.92%,7.23%,0.835913,2026-09-04
$SPX,7718.6,2026-09-09,4,Call,"7,870.00",-1.96%,0.25,0.25,0.4,177,488,0.36,11.92%,8.24%,0.013905,2026-09-04
$SPX,7718.6,2026-10-30,55,Call,"8,390.00",-8.70%,4.2,4.8,4.8,13,36,0.36,11.92%,10.95%,0.035146,2026-09-04
$SPX,7718.6,2026-09-16,11,Call,"7,805.00",-1.12%,17.4,18.76,18.1,18,50,0.36,11.92%,8.70%,0.255456,2026-09-04
$SPX,7718.6,2026-09-16,11,Call,"8,000.00",-3.65%,0.75,0.82,1,84,231,0.36,11.92%,9.58%,0.018799,2026-09-04
$SPX,7718.6,2027-01-15,132,Call,"8,600.00",-11.42%,22.8,24.27,23.9,20,57,0.35,11.92%,11.64%,0.094898,2026-09-04
$SPX,7718.6,2026-09-15,10,Call,"7,805.00",-1.12%,11.9,12.5,12.5,17,49,0.35,11.92%,7.76%,0.216791,2026-09-04
$SPX,7718.6,2026-09-15,10,Call,"7,830.00",-1.44%,7.4,8.19,7.9,87,249,0.35,11.92%,7.73%,0.150241,2026-09-04
$SPX,7718.6,2026-09-18,13,Call,"7,725.00",-0.08%,57,61.5,58.3,2981,8486,0.35,11.92%,9.61%,0.513823,2026-09-04
$SPX,7718.6,2026-09-18,13,Call,"7,845.00",-1.64%,13.6,14.67,14.6,68,194,0.35,11.92%,9.09%,0.193981,2026-09-04
$SPX,7718.6,2026-09-21,16,Call,"7,840.00",-1.57%,18.4,20.4,19.1,17,48,0.35,11.92%,8.86%,0.227828,2026-09-04
$SPX,7718.6,2026-09-21,16,Call,"8,050.00",-4.29%,1,1.1,1.3,35,99,0.35,11.92%,9.42%,0.020619,2026-09-04
$SPX,7718.6,2026-09-18,13,Call,"7,660.00",+0.76%,99.6,104,100.4,105,303,0.35,11.92%,10.30%,0.680219,2026-09-04
$SPX,7718.6,2026-09-17,12,Call,"7,840.00",-1.57%,12.8,13.85,13.4,29,83,0.35,11.92%,8.99%,0.190477,2026-09-04
$SPX,7718.6,2027-02-19,167,Call,"7,825.00",-1.38%,304.7,309.98,307.3,136,392,0.35,11.92%,13.99%,0.535375,2026-09-04
$SPX,7718.6,2026-09-16,11,Call,"7,840.00",-1.57%,10,10.45,10.7,41,116,0.35,11.92%,8.65%,0.168649,2026-09-04
$SPX,7718.6,2026-09-08,3,Put,"7,240.00",-6.20%,0.35,0.4,0.5,138,390,0.35,11.92%,28.68%,-0.006476,2026-09-04
$SPX,7718.6,2027-08-20,349,Put,"7,975.00",+3.32%,468.2,463.06,471.2,161,465,0.35,11.92%,14.86%,-0.526708,2026-09-04
$SPX,7718.6,2026-09-11,6,Put,"7,280.00",-5.68%,1.35,1.09,1.55,82,233,0.35,11.92%,22.13%,-0.018075,2026-09-04
$SPX,7718.6,2026-09-11,6,Put,"6,475.00",-16.11%,0.3,0.2,0.45,67,192,0.35,11.92%,49.56%,-0.00252,2026-09-04
$SPX,7718.6,2026-12-18,104,Put,"7,380.00",-4.39%,113.4,111.5,115.3,17,48,0.35,11.92%,16.96%,-0.261577,2026-09-04
$SPX,7718.6,2026-10-16,41,Put,"7,845.00",+1.64%,178.2,177.5,180.3,55,158,0.35,11.92%,11.72%,-0.637424,2026-09-04
$SPX,7718.6,2026-10-16,41,Put,"6,750.00",-12.55%,10.9,10.9,11.6,3846,10996,0.35,11.92%,24.46%,-0.042384,2026-09-04
$SPX,7718.6,2026-10-12,37,Put,"7,725.00",+0.08%,112.1,109.02,113.4,12,34,0.35,11.92%,12.40%,-0.475528,2026-09-04
$SPX,7718.6,2026-12-31,117,Put,"7,655.00",-0.82%,189.4,180.79,190.9,12,34,0.35,11.92%,14.74%,-0.405057,2026-09-04
$SPX,7718.6,2026-12-31,117,Put,"7,825.00",+1.38%,251.9,244.7,253.6,29,83,0.35,11.92%,13.53%,-0.523621,2026-09-04
$SPX,7718.6,2026-09-10,5,Put,"7,700.00",-0.24%,27.3,25.72,27.8,571,1623,0.35,11.92%,10.42%,-0.406571,2026-09-04
$SPX,7718.6,2026-09-10,5,Put,"7,750.00",+0.41%,53.3,52.5,55.2,225,637,0.35,11.92%,10.66%,-0.615919,2026-09-04
$SPX,7718.6,2026-09-10,5,Put,"7,580.00",-1.80%,5.4,5.2,5.7,109,310,0.35,11.92%,12.58%,-0.102179,2026-09-04
$SPX,7718.6,2026-09-30,25,Put,"7,690.00",-0.37%,79.4,75.98,80.4,64,185,0.35,11.92%,12.54%,-0.426269,2026-09-04
$SPX,7718.6,2026-11-20,76,Put,"7,440.00",-3.61%,95.6,95.78,96.7,25,71,0.35,11.92%,16.23%,-0.268176,2026-09-04
$SPX,7718.6,2026-11-20,76,Put,"7,240.00",-6.20%,66.1,63.25,67.1,12,34,0.35,11.92%,18.11%,-0.184928,2026-09-04
$SPX,7718.6,2026-09-24,19,Put,"7,500.00",-2.83%,25.3,23.85,26.1,34,96,0.35,11.92%,14.80%,-0.179555,2026-09-04
$SPX,7718.6,2026-09-18,13,Put,"7,500.00",-2.83%,16.3,16.02,16.9,907,2605,0.35,11.92%,15.16%,-0.144774,2026-09-04
$SPX,7718.6,2026-11-20,76,Put,"6,760.00",-12.42%,30.9,30.6,31.7,105,300,0.35,11.92%,22.85%,-0.082041,2026-09-04
$SPX,7718.6,2026-11-20,76,Put,"6,450.00",-16.44%,20.6,20.5,21.5,575,1655,0.35,11.92%,26.12%,-0.052051,2026-09-04
$SPX,7718.6,2026-09-25,20,Put,"7,690.00",-0.37%,69.7,68.71,70.7,102,293,0.35,11.92%,12.45%,-0.423584,2026-09-04
$SPX,7718.6,2026-09-25,20,Put,"7,475.00",-3.16%,24.4,23.19,24.9,121,346,0.35,11.92%,15.21%,-0.166478,2026-09-04
$SPX,7718.6,2026-09-25,20,Put,"7,100.00",-8.01%,6.2,5.85,6.7,587,1686,0.35,11.92%,21.24%,-0.04077,2026-09-04
$SPX,7718.6,2026-10-09,34,Put,"7,450.00",-3.48%,41.5,40.1,42.4,75,214,0.35,11.92%,15.50%,-0.201741,2026-09-04
$SPX,7718.6,2026-09-09,4,Put,"7,230.00",-6.33%,0.55,0.45,0.7,34,96,0.35,11.92%,26.54%,-0.008649,2026-09-04
$SPX,7718.6,2026-11-20,76,Put,"7,730.00",+0.15%,173.3,169.1,174.9,35,103,0.34,11.92%,13.71%,-0.465633,2026-09-04
$SPX,7718.6,2026-11-20,76,Put,"7,745.00",+0.34%,179.1,174.8,180.8,162,473,0.34,11.92%,13.60%,-0.479,2026-09-04
$SPX,7718.6,2026-09-25,20,Put,"7,510.00",-2.70%,28.6,27.48,29.4,36,106,0.34,11.92%,14.73%,-0.194255,2026-09-04
$SPX,7718.6,2026-10-09,34,Put,"7,550.00",-2.18%,58,56.39,59,21,62,0.34,11.92%,14.33%,-0.276727,2026-09-04
$SPX,7718.6,2026-10-09,34,Put,"7,475.00",-3.16%,45,42.24,46,16,47,0.34,11.92%,15.20%,-0.218191,2026-09-04
$SPX,7718.6,2027-09-17,377,Put,"7,350.00",-4.78%,298.3,296.25,300.7,112,331,0.34,11.92%,18.49%,-0.306569,2026-09-04
$SPX,7718.6,2026-09-09,4,Put,"7,490.00",-2.96%,1.2,1,1.4,313,924,0.34,11.92%,15.21%,-0.027481,2026-09-04
$SPX,7718.6,2026-09-09,4,Put,"7,225.00",-6.39%,0.5,0.4,0.7,33,98,0.34,11.92%,26.65%,-0.008304,2026-09-04
$SPX,7718.6,2026-10-16,41,Put,"7,750.00",+0.41%,131.6,128,132.7,78,231,0.34,11.92%,12.56%,-0.505587,2026-09-04
$SPX,7718.6,2026-10-16,41,Put,"7,585.00",-1.73%,77.2,71.8,78.2,21,62,0.34,11.92%,14.12%,-0.321733,2026-09-04
$SPX,7718.6,2026-10-16,41,Put,"6,940.00",-10.09%,15.6,15.83,16.3,14,41,0.34,11.92%,21.99%,-0.062833,2026-09-04
$SPX,7718.6,2026-09-22,17,Put,"7,640.00",-1.02%,45.9,45.23,46.7,35,103,0.34,11.92%,12.67%,-0.330476,2026-09-04
$SPX,7718.6,2026-09-16,11,Put,"7,520.00",-2.57%,13,10.92,13.6,28,82,0.34,11.92%,14.33%,-0.135676,2026-09-04
$SPX,7718.6,2026-09-08,3,Call,"7,640.00",+1.02%,72,77,73.6,36,105,0.34,11.92%,0.00%,0,2026-09-04
$SPX,7718.6,2026-09-10,5,Call,"8,075.00",-4.62%,0.1,0.1,0.25,58,172,0.34,11.92%,14.47%,0.004309,2026-09-04
$SPX,7718.6,2026-10-02,27,Call,"7,625.00",+1.21%,164.3,163.18,165.4,33,98,0.34,11.92%,11.72%,0.685507,2026-09-04
$SPX,7718.6,2026-11-20,76,Call,"7,840.00",-1.57%,143.9,149,145.7,43,128,0.34,11.92%,12.31%,0.45532,2026-09-04
$SPX,7718.6,2026-09-09,4,Call,"7,850.00",-1.70%,0.35,0.4,0.5,713,2114,0.34,11.92%,7.58%,0.019056,2026-09-04
$SPX,7718.6,2026-09-17,12,Call,"7,920.00",-2.61%,3.4,4.7,4,12,35,0.34,11.92%,9.00%,0.067252,2026-09-04
$SPX,7718.6,2026-10-16,41,Call,"7,845.00",-1.64%,71.9,81.8,73,16,47,0.34,11.92%,10.90%,0.377445,2026-09-04
$SPX,7718.6,2026-09-16,11,Call,"7,860.00",-1.83%,7.1,7.45,7.7,85,253,0.34,11.92%,8.63%,0.128865,2026-09-04
$SPX,7718.6,2026-09-28,23,Put,"7,710.00",-0.11%,80.8,76.72,81.9,34,101,0.34,11.92%,12.00%,-0.457871,2026-09-04
$SPX,7718.6,2026-12-31,117,Put,"7,740.00",+0.28%,218.1,207.6,219.7,18,53,0.34,11.92%,14.13%,-0.461263,2026-09-04
$SPX,7718.6,2026-12-31,117,Put,"7,675.00",-0.56%,195.7,193.85,197.3,25,73,0.34,11.92%,14.59%,-0.417753,2026-09-04
$SPX,7718.6,2026-09-15,10,Put,"7,635.00",-1.08%,24.1,21.4,24.8,65,192,0.34,11.92%,11.64%,-0.26789,2026-09-04
$SPX,7718.6,2026-09-21,16,Put,"7,730.00",+0.15%,75.2,70.58,76.2,43,128,0.34,11.92%,11.66%,-0.501595,2026-09-04
$SPX,7718.6,2026-09-18,13,Put,"7,665.00",-0.69%,46.2,46,47,83,247,0.34,11.92%,12.72%,-0.364719,2026-09-04
$SPX,7718.6,2026-09-18,13,Put,"7,610.00",-1.41%,32.2,32.12,32.9,128,374,0.34,11.92%,13.44%,-0.269379,2026-09-04
$SPX,7718.6,2027-08-20,349,Put,"13,200.00",+71.02%,4959.7,4973.91,4997.8,12,36,0.33,11.92%,0.00%,0,2026-09-04
$SPX,7718.6,2026-10-16,41,Put,"7,855.00",+1.77%,184.1,181.7,186.2,22,66,0.33,11.92%,11.64%,-0.652301,2026-09-04
$SPX,7718.6,2026-09-14,9,Put,"7,460.00",-3.35%,4.6,4.6,4.9,186,564,0.33,11.92%,14.54%,-0.061771,2026-09-04
$SPX,7718.6,2026-09-14,9,Put,"7,250.00",-6.07%,1.7,1.64,1.9,389,1175,0.33,11.92%,19.86%,-0.020134,2026-09-04
$SPX,7718.6,2026-09-14,9,Put,"6,750.00",-12.55%,0.65,0.65,0.8,26,80,0.33,11.92%,34.08%,-0.005418,2026-09-04
$SPX,7718.6,2026-10-12,37,Put,"5,800.00",-24.86%,2.55,2.28,2.85,10,30,0.33,11.92%,38.85%,-0.008193,2026-09-04
$SPX,7718.6,2026-09-15,10,Put,"7,300.00",-5.42%,2.65,2.15,2.95,64,193,0.33,11.92%,18.41%,-0.03036,2026-09-04
$SPX,7718.6,2026-09-21,16,Put,"7,250.00",-6.07%,6,5.82,6.4,150,448,0.33,11.92%,18.69%,-0.04865,2026-09-04
$SPX,7718.6,2026-09-24,19,Put,"7,710.00",-0.11%,75.1,70.6,76.1,13,39,0.33,11.92%,12.21%,-0.458902,2026-09-04
$SPX,7718.6,2026-09-18,13,Put,"7,580.00",-1.80%,26.6,24.84,27.2,145,440,0.33,11.92%,13.88%,-0.227377,2026-09-04
$SPX,7718.6,2026-10-05,30,Put,"6,600.00",-14.49%,4.7,4.9,5.2,41,123,0.33,11.92%,27.92%,-0.021092,2026-09-04
$SPX,7718.6,2026-09-25,20,Put,"7,525.00",-2.51%,30.7,30.95,31.4,138,424,0.33,11.92%,14.51%,-0.207314,2026-09-04
$SPX,7718.6,2027-09-17,377,Put,"6,400.00",-17.08%,143.5,143.2,145.3,151,462,0.33,11.92%,23.01%,-0.143039,2026-09-04
$SPX,7718.6,2026-09-09,4,Put,"7,505.00",-2.77%,1.35,1.3,1.55,61,187,0.33,11.92%,14.64%,-0.031281,2026-09-04
$SPX,7718.6,2026-09-09,4,Put,"7,455.00",-3.42%,1,0.8,1.15,40,122,0.33,11.92%,16.64%,-0.021449,2026-09-04
$SPX,7718.6,2026-09-09,4,Put,"7,410.00",-4.00%,0.8,0.7,1,85,254,0.33,11.92%,18.55%,-0.01661,2026-09-04
$SPX,7718.6,2026-09-17,12,Put,"7,300.00",-5.42%,4.9,4.2,5.4,78,234,0.33,11.92%,18.87%,-0.046597,2026-09-04
$SPX,7718.6,2026-10-16,41,Put,"7,615.00",-1.34%,84.8,79.47,85.9,27,82,0.33,11.92%,13.81%,-0.350117,2026-09-04
$SPX,7718.6,2027-02-19,167,Put,"8,150.00",+5.59%,452.5,437.4,455.3,13,39,0.33,11.92%,11.16%,-0.797694,2026-09-04
$SPX,7718.6,2026-12-18,104,Call,"7,700.00",+0.24%,274.9,281.54,277.2,6694,20437,0.33,11.92%,13.54%,0.587594,2026-09-04
$SPX,7718.6,2026-10-16,41,Call,"8,170.00",-5.85%,6.4,7.3,7.1,57,171,0.33,11.92%,10.05%,0.060902,2026-09-04
$SPX,7718.6,2026-09-14,9,Call,"7,740.00",-0.28%,30.1,32.1,30.6,78,234,0.33,11.92%,7.67%,0.440587,2026-09-04
$SPX,7718.6,2026-10-12,37,Call,"7,700.00",+0.24%,134,135.44,135.3,88,264,0.33,11.92%,11.18%,0.57584,2026-09-04
$SPX,7718.6,2026-09-15,10,Call,"7,685.00",+0.44%,63.9,68,64.7,11,33,0.33,11.92%,7.94%,0.660601,2026-09-04
$SPX,7718.6,2026-09-15,10,Call,"7,785.00",-0.86%,16.8,18.55,17.5,39,117,0.33,11.92%,7.78%,0.280362,2026-09-04
$SPX,7718.6,2026-09-15,10,Call,"7,640.00",+1.02%,92.2,103.44,101.4,11,33,0.33,11.92%,7.83%,0.808799,2026-09-04
$SPX,7718.6,2026-09-30,25,Call,"7,045.00",+8.73%,671.5,709.44,695.5,17,51,0.33,11.92%,25.69%,0.923486,2026-09-04
$SPX,7718.6,2026-09-21,16,Call,"7,850.00",-1.70%,16.2,17.3,16.8,150,450,0.33,11.92%,8.84%,0.206853,2026-09-04
$SPX,7718.6,2027-03-31,207,Call,"7,990.00",-3.52%,274,278.7,276.1,13,39,0.33,11.92%,13.69%,0.474416,2026-09-04
$SPX,7718.6,2026-10-09,34,Call,"8,050.00",-4.29%,10.6,11.05,11.4,57,174,0.33,11.92%,9.81%,0.101433,2026-09-04
$SPX,7718.6,2027-01-15,132,Call,"7,970.00",-3.26%,174.6,176.48,177,16,48,0.33,11.92%,12.84%,0.422201,2026-09-04
$SPX,7718.6,2026-09-09,4,Call,"7,605.00",+1.47%,99.3,110.52,118.7,11,33,0.33,11.92%,4.46%,0.99945,2026-09-04
$SPX,7718.6,2026-09-08,3,Put,"7,345.00",-4.84%,0.45,0.5,0.6,48,147,0.33,11.92%,23.53%,-0.009401,2026-09-04
$SPX,7718.6,2026-09-08,3,Put,"7,335.00",-4.97%,0.45,0.45,0.6,15,45,0.33,11.92%,24.09%,-0.009201,2026-09-04
$SPX,7718.6,2026-09-08,3,Put,"7,270.00",-5.81%,0.4,0.4,0.5,44,134,0.33,11.92%,27.22%,-0.007156,2026-09-04
$SPX,7718.6,2027-01-15,132,Call,"7,700.00",+0.24%,326.2,326.6,327.9,17,53,0.32,11.92%,14.15%,0.592738,2026-09-04
$SPX,7718.6,2026-09-11,6,Call,"8,010.00",-3.78%,0.35,0.25,0.5,75,235,0.32,11.92%,12.25%,0.010349,2026-09-04
$SPX,7718.6,2026-10-16,41,Call,"7,980.00",-3.39%,28.9,30.54,30.3,130,406,0.32,11.92%,10.24%,0.202688,2026-09-04
$SPX,7718.6,2026-09-14,9,Call,"7,785.00",-0.86%,14.4,15.3,14.8,43,133,0.32,11.92%,7.62%,0.262527,2026-09-04
$SPX,7718.6,2026-11-30,86,Call,"7,410.00",+4.00%,448.2,470.58,459.4,12,38,0.32,11.92%,14.98%,0.763547,2026-09-04
$SPX,7718.6,2026-10-02,27,Call,"7,900.00",-2.35%,25.9,28.38,26.7,287,902,0.32,11.92%,9.80%,0.224373,2026-09-04
$SPX,7718.6,2026-09-15,10,Call,"7,790.00",-0.93%,15.5,17.6,16.1,48,150,0.32,11.92%,7.77%,0.263728,2026-09-04
$SPX,7718.6,2026-09-15,10,Call,"7,920.00",-2.61%,1.2,1.2,1.55,72,225,0.32,11.92%,8.15%,0.03369,2026-09-04
$SPX,7718.6,2026-09-18,13,Call,"7,735.00",-0.21%,53.7,56.25,54.5,52,162,0.32,11.92%,9.85%,0.485898,2026-09-04
$SPX,7718.6,2026-09-18,13,Call,"8,425.00",-9.15%,0.15,0.15,0.4,25,77,0.32,11.92%,16.94%,0.003656,2026-09-04
$SPX,7718.6,2026-11-20,76,Call,"7,640.00",+1.02%,263.4,280.82,265.7,24,74,0.32,11.92%,13.50%,0.626448,2026-09-04
$SPX,7718.6,2026-11-20,76,Call,"7,565.00",+1.99%,316.7,319.59,319.1,24,74,0.32,11.92%,13.99%,0.680032,2026-09-04
$SPX,7718.6,2026-09-25,20,Call,"7,890.00",-2.22%,16.2,17.3,16.9,72,224,0.32,11.92%,9.31%,0.182524,2026-09-04
$SPX,7718.6,2026-09-09,4,Call,"7,630.00",+1.15%,76.3,94.2,95.8,16,50,0.32,11.92%,8.28%,0.916454,2026-09-04
$SPX,7718.6,2026-09-09,4,Call,"7,900.00",-2.35%,0.15,0.17,0.3,487,1534,0.32,11.92%,9.21%,0.00904,2026-09-04
$SPX,7718.6,2026-09-08,3,Put,"7,330.00",-5.03%,0.45,0.45,0.55,51,157,0.32,11.92%,24.22%,-0.00876,2026-09-04
$SPX,7718.6,2026-09-11,6,Put,"7,705.00",-0.18%,37.2,35.85,37.6,319,1006,0.32,11.92%,11.58%,-0.437357,2026-09-04
$SPX,7718.6,2026-09-11,6,Put,"7,100.00",-8.01%,0.9,0.75,1.1,402,1240,0.32,11.92%,28.55%,-0.010286,2026-09-04
$SPX,7718.6,2026-10-16,41,Put,"7,775.00",+0.73%,141.3,140,143.1,136,431,0.32,11.92%,12.23%,-0.539538,2026-09-04
$SPX,7718.6,2026-10-16,41,Put,"4,975.00",-35.55%,1.15,1.2,1.6,70,221,0.32,11.92%,50.23%,-0.003306,2026-09-04
$SPX,7718.6,2026-09-14,9,Put,"7,800.00",+1.05%,98.4,99.51,100.5,90,283,0.32,11.92%,10.90%,-0.721462,2026-09-04
$SPX,7718.6,2026-09-14,9,Put,"7,575.00",-1.86%,11.8,11.32,12.2,126,389,0.32,11.92%,12.31%,-0.153331,2026-09-04
$SPX,7718.6,2026-12-31,117,Put,"7,990.00",+3.52%,334.2,329.99,335.8,44,138,0.32,11.92%,12.34%,-0.676568,2026-09-04
$SPX,7718.6,2026-11-04,60,Put,"7,750.00",+0.41%,160.3,151.18,162.6,17,53,0.32,11.92%,13.22%,-0.491433,2026-09-04
$SPX,7718.6,2026-10-06,31,Put,"7,250.00",-6.07%,19.3,18.7,20.1,11,34,0.32,11.92%,17.96%,-0.100781,2026-09-04
$SPX,7718.6,2026-09-18,13,Put,"6,210.00",-19.54%,0.7,0.63,0.95,157,495,0.32,11.92%,44.40%,-0.004013,2026-09-04
$SPX,7718.6,2026-12-18,104,Put,"6,880.00",-10.86%,56.4,53.9,57.3,12,37,0.32,11.92%,21.33%,-0.124673,2026-09-04
$SPX,7718.6,2026-09-18,13,Put,"7,645.00",-0.95%,40.5,37.31,41.2,72,227,0.32,11.92%,12.97%,-0.327258,2026-09-04
$SPX,7718.6,2026-11-20,76,Put,"8,000.00",+3.65%,313.4,307.02,315.8,7001,21681,0.32,11.92%,11.71%,-0.747396,2026-09-04
$SPX,7718.6,2026-09-25,20,Put,"7,220.00",-6.46%,8.9,7.95,9.5,25,79,0.32,11.92%,19.18%,-0.060532,2026-09-04
$SPX,7718.6,2027-02-19,167,Put,"7,850.00",+1.70%,300.3,293.46,302.8,408,1259,0.32,11.92%,13.80%,-0.520176,2026-09-04
$SPX,7718.6,2026-09-16,11,Put,"7,425.00",-3.80%,7,6.3,7.6,77,241,0.32,11.92%,16.07%,-0.074925,2026-09-04
$SPX,7718.6,2026-10-09,34,Put,"7,350.00",-4.78%,30.4,30.75,31.3,42,134,0.31,11.92%,16.74%,-0.148459,2026-09-04
$SPX,7718.6,2027-02-19,167,Put,"6,425.00",-16.76%,58,57.8,59.3,56,178,0.31,11.92%,23.87%,-0.094431,2026-09-04
$SPX,7718.6,2026-09-08,3,Call,"7,580.00",+1.80%,129.4,136.2,131.2,27,86,0.31,11.92%,0.00%,0,2026-09-04
$SPX,7718.6,2026-10-01,26,Call,"7,800.00",-1.05%,55.5,61,56.5,53,169,0.31,11.92%,10.07%,0.389426,2026-09-04
$SPX,7718.6,2026-09-28,23,Call,"7,875.00",-2.03%,21.8,24.2,22.7,35,112,0.31,11.92%,9.10%,0.221747,2026-09-04
$SPX,7718.6,2026-09-11,6,Call,"7,590.00",+1.67%,130.6,138.63,132.4,19,62,0.31,11.92%,10.92%,0.894321,2026-09-04
$SPX,7718.6,2026-09-10,5,Call,"7,755.00",-0.47%,11.7,12.5,12.1,278,901,0.31,11.92%,6.88%,0.302105,2026-09-04
$SPX,7718.6,2026-09-30,25,Call,"7,845.00",-1.64%,35.3,37.4,36.2,73,235,0.31,11.92%,9.59%,0.296064,2026-09-04
$SPX,7718.6,2026-09-30,25,Call,"7,945.00",-2.93%,12.7,13.3,13.5,46,148,0.31,11.92%,9.22%,0.139515,2026-09-04
$SPX,7718.6,2026-11-20,76,Call,"7,775.00",-0.73%,180,179.8,181.4,17,54,0.31,11.92%,12.74%,0.514645,2026-09-04
$SPX,7718.6,2026-09-18,13,Call,"7,945.00",-2.93%,3.1,3.6,3.6,49,158,0.31,11.92%,9.27%,0.05825,2026-09-04
$SPX,7718.6,2026-09-18,13,Call,"7,955.00",-3.06%,2.7,3.13,3.2,46,147,0.31,11.92%,9.35%,0.051837,2026-09-04
$SPX,7718.6,2026-09-25,20,Call,"7,725.00",-0.08%,78.2,80.95,79.2,93,301,0.31,11.92%,10.29%,0.524006,2026-09-04
$SPX,7718.6,2026-09-25,20,Call,"7,830.00",-1.44%,31.3,32.57,32.2,47,151,0.31,11.92%,9.57%,0.294659,2026-09-04
$SPX,7718.6,2026-09-25,20,Call,"7,875.00",-2.03%,19.3,20.31,20,147,470,0.31,11.92%,9.36%,0.207934,2026-09-04
$SPX,7718.6,2026-09-25,20,Call,"7,910.00",-2.48%,12.8,14.57,13.3,125,406,0.31,11.92%,9.25%,0.151773,2026-09-04
$SPX,7718.6,2026-09-17,12,Call,"7,810.00",-1.18%,19.7,20.5,20.4,28,89,0.31,11.92%,9.07%,0.262683,2026-09-04
$SPX,7718.6,2026-10-30,55,Call,"7,770.00",-0.67%,140.6,143.2,141.9,27,88,0.31,11.92%,12.15%,0.500548,2026-09-04
$SPX,7718.6,2026-10-16,41,Call,"7,945.00",-2.93%,38.3,42.8,39.2,20,64,0.31,11.92%,10.46%,0.2456,2026-09-04
$SPX,7718.6,2026-09-11,6,Put,"7,000.00",-9.31%,0.75,0.6,0.95,1463,4671,0.31,11.92%,32.08%,-0.007981,2026-09-04
$SPX,7718.6,2026-10-16,41,Put,"7,600.00",-1.54%,79.5,78.8,81.2,3088,9961,0.31,11.92%,13.85%,-0.334464,2026-09-04
$SPX,7718.6,2026-09-10,5,Put,"7,715.00",-0.05%,33.8,32.43,34.3,421,1368,0.31,11.92%,10.38%,-0.469836,2026-09-04
$SPX,7718.6,2026-09-10,5,Put,"7,390.00",-4.26%,1.2,1.05,1.4,30,97,0.31,11.92%,18.55%,-0.020858,2026-09-04
$SPX,7718.6,2026-09-15,10,Put,"7,800.00",+1.05%,100.9,92,103.1,11,36,0.31,11.92%,11.02%,-0.707297,2026-09-04
$SPX,7718.6,2026-09-29,24,Put,"7,325.00",-5.10%,16.2,16.12,17,44,144,0.31,11.92%,17.02%,-0.101954,2026-09-04
$SPX,7718.6,2026-09-21,16,Put,"7,620.00",-1.28%,38.1,38.07,38.9,21,68,0.31,11.92%,12.78%,-0.293378,2026-09-04
$SPX,7718.6,2026-12-18,104,Put,"6,925.00",-10.28%,59.8,59,60.7,12,39,0.31,11.92%,20.93%,-0.132836,2026-09-04
$SPX,7718.6,2026-09-28,23,Put,"6,850.00",-11.25%,4.2,3.6,4.6,22,73,0.3,11.92%,24.83%,-0.023833,2026-09-04
$SPX,7718.6,2026-09-11,6,Put,"6,550.00",-15.14%,0.35,0.3,0.5,113,380,0.3,11.92%,47.19%,-0.002962,2026-09-04
$SPX,7718.6,2026-10-16,41,Put,"6,580.00",-14.75%,8.4,7.91,9.1,210,704,0.3,11.92%,26.85%,-0.031323,2026-09-04
$SPX,7718.6,2026-10-16,41,Put,"6,460.00",-16.31%,7.2,6.98,7.8,118,393,0.3,11.92%,28.59%,-0.025841,2026-09-04
$SPX,7718.6,2026-09-14,9,Put,"7,665.00",-0.69%,28,24.9,28.5,35,116,0.3,11.92%,10.97%,-0.324056,2026-09-04
$SPX,7718.6,2026-09-14,9,Put,"5,800.00",-24.86%,0.1,0.15,0.25,202,671,0.3,11.92%,59.13%,-0.000868,2026-09-04
$SPX,7718.6,2026-09-10,5,Put,"7,510.00",-2.70%,2.55,2.55,2.8,78,258,0.3,11.92%,14.45%,-0.048906,2026-09-04
$SPX,7718.6,2026-09-23,18,Put,"7,610.00",-1.41%,41.3,32.62,42.2,21,70,0.3,11.92%,13.18%,-0.291222,2026-09-04
$SPX,7718.6,2026-10-23,48,Put,"7,375.00",-4.45%,49.7,50.35,50.8,10,33,0.3,11.92%,16.41%,-0.19334,2026-09-04
$SPX,7718.6,2026-09-15,10,Put,"7,660.00",-0.76%,30.2,27.4,30.9,40,132,0.3,11.92%,11.31%,-0.322602,2026-09-04
$SPX,7718.6,2026-09-15,10,Put,"7,620.00",-1.28%,21.1,20.87,21.7,110,364,0.3,11.92%,11.84%,-0.238954,2026-09-04
$SPX,7718.6,2026-09-30,25,Put,"7,685.00",-0.44%,77.6,74.3,78.6,53,177,0.3,11.92%,12.59%,-0.418665,2026-09-04
$SPX,7718.6,2026-09-30,25,Put,"6,380.00",-17.34%,2.5,2.13,2.8,102,345,0.3,11.92%,32.92%,-0.011284,2026-09-04
$SPX,7718.6,2026-09-21,16,Put,"7,610.00",-1.41%,35.9,35.91,36.7,13,44,0.3,11.92%,12.92%,-0.278626,2026-09-04
$SPX,7718.6,2026-09-18,13,Put,"7,445.00",-3.54%,12,11,12.5,39,130,0.3,11.92%,16.11%,-0.10736,2026-09-04
$SPX,7718.6,2026-09-18,13,Put,"6,420.00",-16.82%,1.05,0.75,1.3,60,200,0.3,11.92%,39.83%,-0.006135,2026-09-04
$SPX,7718.6,2026-11-20,76,Put,"7,750.00",+0.41%,181.1,176.8,182.8,1175,3921,0.3,11.92%,13.56%,-0.483287,2026-09-04
$SPX,7718.6,2026-09-25,20,Put,"7,375.00",-4.45%,15.9,14.82,16.3,309,1038,0.3,11.92%,16.69%,-0.109116,2026-09-04
$SPX,7718.6,2026-10-09,34,Put,"6,950.00",-9.96%,11.4,11.21,12.1,18,61,0.3,11.92%,22.25%,-0.052002,2026-09-04
$SPX,7718.6,2026-09-09,4,Put,"7,050.00",-8.66%,0.4,0.23,0.55,134,444,0.3,11.92%,34.27%,-0.005331,2026-09-04
$SPX,7718.6,2026-09-17,12,Put,"7,730.00",+0.15%,68.8,67.48,69.6,14,46,0.3,11.92%,12.07%,-0.507341,2026-09-04
$SPX,7718.6,2026-09-17,12,Put,"7,530.00",-2.44%,17.1,16.63,17.7,21,70,0.3,11.92%,14.54%,-0.160652,2026-09-04
$SPX,7718.6,2026-09-17,12,Put,"7,480.00",-3.09%,12.5,12.2,13.1,22,73,0.3,11.92%,15.40%,-0.119528,2026-09-04
$SPX,7718.6,2026-10-30,55,Put,"3,000.00",-61.13%,0.05,0.15,0.35,3404,11301,0.3,11.92%,74.91%,-0.000322,2026-09-04
$SPX,7718.6,2026-10-16,41,Put,"7,325.00",-5.10%,36.6,35.7,37.4,47,159,0.3,11.92%,17.06%,-0.156638,2026-09-04
$SPX,7718.6,2026-10-16,41,Put,"7,240.00",-6.20%,29.5,28.05,30.3,65,219,0.3,11.92%,18.09%,-0.125569,2026-09-04
$SPX,7718.6,2026-10-16,41,Call,"7,655.00",+0.82%,176.1,178.3,178,30,101,0.3,11.92%,12.04%,0.628716,2026-09-04
$SPX,7718.6,2026-09-23,18,Call,"7,740.00",-0.28%,62.1,64.58,63.1,13,43,0.3,11.92%,9.69%,0.486157,2026-09-04
$SPX,7718.6,2026-09-23,18,Call,"8,000.00",-3.65%,2.7,3.2,3.2,37,123,0.3,11.92%,9.06%,0.046344,2026-09-04
$SPX,7718.6,2026-09-15,10,Call,"7,820.00",-1.31%,9,9.58,9.5,76,257,0.3,11.92%,7.74%,0.174842,2026-09-04
$SPX,7718.6,2026-11-20,76,Call,"7,970.00",-3.26%,89.2,90.5,90.3,15,50,0.3,11.92%,11.81%,0.335589,2026-09-04
$SPX,7718.6,2026-09-21,16,Call,"7,770.00",-0.67%,41.4,44.7,42.3,21,69,0.3,11.92%,9.18%,0.400165,2026-09-04
$SPX,7718.6,2027-04-16,223,Call,"8,350.00",-8.18%,148.9,160.7,151.1,102,336,0.3,11.92%,12.95%,0.31372,2026-09-04
$SPX,7718.6,2027-03-31,207,Call,"9,000.00",-16.60%,24.1,27,25.3,132,440,0.3,11.92%,12.03%,0.080637,2026-09-04
$SPX,7718.6,2026-09-18,13,Call,"7,770.00",-0.67%,37.5,41.2,38.3,106,356,0.3,11.92%,9.64%,0.387948,2026-09-04
$SPX,7718.6,2026-09-18,13,Call,"7,850.00",-1.70%,13.8,15.2,14.4,993,3358,0.3,11.92%,9.32%,0.190156,2026-09-04
$SPX,7718.6,2026-09-18,13,Call,"8,175.00",-5.91%,0.4,0.35,0.65,74,250,0.3,11.92%,12.45%,0.008719,2026-09-04
$SPX,7718.6,2026-11-20,76,Call,"7,825.00",-1.38%,151.5,155.78,153.6,213,720,0.3,11.92%,12.40%,0.469232,2026-09-04
$SPX,7718.6,2026-09-25,20,Call,"7,760.00",-0.54%,59.7,63.8,60.7,32,107,0.3,11.92%,10.04%,0.447758,2026-09-04
$SPX,7718.6,2026-09-25,20,Call,"7,640.00",+1.02%,133.5,134.58,134.5,37,124,0.3,11.92%,10.94%,0.688077,2026-09-04
$SPX,7718.6,2026-10-09,34,Call,"7,975.00",-3.32%,20.8,21.63,21.7,64,214,0.3,11.92%,9.95%,0.171642,2026-09-04
$SPX,7718.6,2026-09-09,4,Call,"7,660.00",+0.76%,59.1,62.67,61,24,80,0.3,11.92%,4.93%,0.940355,2026-09-04
$SPX,7718.6,2026-09-09,4,Call,"7,855.00",-1.77%,0.3,0.3,0.4,409,1354,0.3,11.92%,7.61%,0.015967,2026-09-04
$SPX,7718.6,2026-09-09,4,Call,"7,890.00",-2.22%,0.15,0.18,0.3,159,528,0.3,11.92%,8.76%,0.009457,2026-09-04
$SPX,7718.6,2026-09-17,12,Call,"7,890.00",-2.22%,5.7,6.4,6.3,40,134,0.3,11.92%,8.94%,0.101569,2026-09-04
$SPX,7718.6,2026-10-30,55,Call,"7,695.00",+0.31%,185.4,190.7,186.7,11,37,0.3,11.92%,12.64%,0.579593,2026-09-04
$SPX,7718.6,2026-10-16,41,Call,"7,765.00",-0.60%,110.1,110.7,111.2,10,33,0.3,11.92%,11.38%,0.488512,2026-09-04
$SPX,7718.6,2026-09-11,6,Call,"7,610.00",+1.41%,104.3,117,123.8,30,103,0.29,11.92%,6.41%,0.964034,2026-09-04
$SPX,7718.6,2026-10-16,41,Call,"8,340.00",-8.05%,1.85,2.1,2.45,50,170,0.29,11.92%,10.68%,0.021264,2026-09-04
$SPX,7718.6,2026-12-31,117,Call,"7,575.00",+1.86%,383,391.63,384.6,60,210,0.29,11.92%,14.44%,0.663337,2026-09-04
$SPX,7718.6,2026-09-18,13,Call,"7,990.00",-3.52%,1.65,1.79,1.95,82,285,0.29,11.92%,9.55%,0.033135,2026-09-04
$SPX,7718.6,2026-10-05,30,Call,"8,200.00",-6.24%,1.7,1.62,2.1,31,108,0.29,11.92%,9.99%,0.023184,2026-09-04
$SPX,7718.6,2026-11-20,76,Call,"7,510.00",+2.70%,358.2,362.87,360.6,29,100,0.29,11.92%,14.37%,0.715122,2026-09-04
$SPX,7718.6,2026-09-17,12,Call,"7,715.00",+0.05%,59,61.45,59.9,39,133,0.29,11.92%,9.47%,0.541936,2026-09-04
$SPX,7718.6,2026-10-01,26,Put,"7,600.00",-1.54%,55.3,53.32,56.4,38,133,0.29,11.92%,13.60%,-0.307461,2026-09-04
$SPX,7718.6,2026-09-28,23,Put,"7,450.00",-3.48%,24.3,24.53,25.2,43,149,0.29,11.92%,15.17%,-0.158123,2026-09-04
$SPX,7718.6,2027-05-21,258,Put,"7,475.00",-3.16%,256.1,254.5,258.5,33,113,0.29,11.92%,17.24%,-0.334092,2026-09-04
$SPX,7718.6,2026-10-16,41,Put,"7,715.00",-0.05%,115.7,112.86,117.6,136,474,0.29,11.92%,12.75%,-0.461083,2026-09-04
$SPX,7718.6,2026-10-16,41,Put,"7,790.00",+0.93%,148.6,133.18,150.4,50,170,0.29,11.92%,12.11%,-0.560117,2026-09-04
$SPX,7718.6,2026-10-16,41,Put,"7,080.00",-8.27%,20,19.4,20.8,98,337,0.29,11.92%,20.00%,-0.084022,2026-09-04
$SPX,7718.6,2026-09-14,9,Put,"7,645.00",-0.95%,23,22,23.4,43,146,0.29,11.92%,11.22%,-0.275552,2026-09-04
$SPX,7718.6,2026-09-10,5,Put,"7,075.00",-8.34%,0.55,0.6,0.75,27,92,0.29,11.92%,30.71%,-0.007081,2026-09-04
$SPX,7718.6,2026-09-23,18,Put,"6,500.00",-15.79%,1.65,1.7,1.95,41,141,0.29,11.92%,33.61%,-0.009092,2026-09-04
$SPX,7718.6,2026-10-02,27,Put,"7,700.00",-0.24%,87.7,85.8,88.7,513,1757,0.29,11.92%,12.60%,-0.442915,2026-09-04
$SPX,7718.6,2026-10-02,27,Put,"7,600.00",-1.54%,57.9,55.5,58.9,113,396,0.29,11.92%,13.72%,-0.311367,2026-09-04
$SPX,7718.6,2026-10-06,31,Put,"7,500.00",-2.83%,43.5,40.4,44.5,15,52,0.29,11.92%,14.75%,-0.225807,2026-09-04
$SPX,7718.6,2026-09-30,25,Put,"7,670.00",-0.63%,72.5,69.1,73.5,72,251,0.29,11.92%,12.74%,-0.396437,2026-09-04
$SPX,7718.6,2027-03-31,207,Put,"7,910.00",+2.48%,357.2,351.3,359.5,20,70,0.29,11.92%,14.05%,-0.537064,2026-09-04
$SPX,7718.6,2026-09-25,20,Put,"7,600.00",-1.54%,44.2,44.41,45,300,1035,0.29,11.92%,13.52%,-0.288491,2026-09-04
$SPX,7718.6,2026-10-09,34,Put,"6,500.00",-15.79%,5.5,5.2,6,39,133,0.29,11.92%,29.09%,-0.02191,2026-09-04
$SPX,7718.6,2026-09-09,4,Put,"7,470.00",-3.22%,1.05,0.9,1.25,79,268,0.29,11.92%,16.00%,-0.023578,2026-09-04
$SPX,7718.6,2026-09-17,12,Put,"7,640.00",-1.02%,36.2,36.86,37,19,66,0.29,11.92%,12.93%,-0.311818,2026-09-04
$SPX,7718.6,2026-10-30,55,Put,"7,900.00",+2.35%,229.9,223.55,231.1,15,52,0.29,11.92%,11.89%,-0.675279,2026-09-04
$SPX,7718.6,2026-09-16,11,Put,"7,690.00",-0.37%,47.1,44.6,47.9,25,86,0.29,11.92%,11.97%,-0.408998,2026-09-04
$SPX,7718.6,2026-11-20,76,Put,"7,790.00",+0.93%,197.8,192.5,199.6,49,174,0.28,11.92%,13.26%,-0.520668,2026-09-04
$SPX,7718.6,2026-11-20,76,Put,"7,535.00",-2.38%,114.2,110,115.7,36,129,0.28,11.92%,15.30%,-0.320597,2026-09-04
$SPX,7718.6,2026-09-25,20,Put,"7,210.00",-6.59%,8.6,7.67,9.2,30,108,0.28,11.92%,19.35%,-0.058411,2026-09-04
$SPX,7718.6,2026-10-09,34,Put,"7,275.00",-5.75%,24.6,23.35,25.4,30,108,0.28,11.92%,17.73%,-0.119307,2026-09-04
$SPX,7718.6,2027-06-17,285,Put,"8,275.00",+7.21%,576.2,564.9,579.5,25,89,0.28,11.92%,11.51%,-0.798497,2026-09-04
$SPX,7718.6,2026-09-09,4,Put,"7,430.00",-3.74%,0.85,0.72,1.05,65,229,0.28,11.92%,17.65%,-0.018231,2026-09-04
$SPX,7718.6,2027-03-19,195,Put,"7,300.00",-5.42%,172,170.3,173.9,1805,6420,0.28,11.92%,17.89%,-0.268956,2026-09-04
$SPX,7718.6,2026-09-17,12,Put,"7,550.00",-2.18%,19.5,18.95,20.1,82,295,0.28,11.92%,14.22%,-0.181287,2026-09-04
$SPX,7718.6,2026-10-30,55,Put,"7,630.00",-1.15%,111.3,107.07,112.5,33,118,0.28,11.92%,14.09%,-0.376415,2026-09-04
$SPX,7718.6,2026-10-30,55,Put,"6,550.00",-15.14%,14,14,14.8,24,85,0.28,11.92%,26.22%,-0.043236,2026-09-04
$SPX,7718.6,2026-10-16,41,Put,"7,635.00",-1.08%,90.4,83.8,91.5,16,58,0.28,11.92%,13.61%,-0.370048,2026-09-04
$SPX,7718.6,2026-10-16,41,Put,"7,555.00",-2.12%,70.4,68.57,71.3,21,75,0.28,11.92%,14.44%,-0.295697,2026-09-04
$SPX,7718.6,2026-09-22,17,Put,"7,650.00",-0.89%,48.6,45.5,49.5,25,89,0.28,11.92%,12.55%,-0.34686,2026-09-04
$SPX,7718.6,2026-09-16,11,Put,"7,525.00",-2.51%,13.5,12.32,14.1,39,140,0.28,11.92%,14.26%,-0.14039,2026-09-04
$SPX,7718.6,2026-10-01,26,Call,"7,975.00",-3.32%,10.6,11.19,11.1,46,165,0.28,11.92%,9.35%,0.116405,2026-09-04
$SPX,7718.6,2026-10-16,41,Call,"7,775.00",-0.73%,103.2,104.63,105,368,1308,0.28,11.92%,11.20%,0.474407,2026-09-04
$SPX,7718.6,2026-10-12,37,Call,"8,100.00",-4.94%,7.6,7.94,8.4,37,134,0.28,11.92%,9.65%,0.076026,2026-09-04
$SPX,7718.6,2026-12-31,117,Call,"7,920.00",-2.61%,173,176.5,174.7,34,123,0.28,11.92%,12.66%,0.439818,2026-09-04
$SPX,7718.6,2026-12-31,117,Call,"7,325.00",+5.10%,571.7,576.43,583.9,20,72,0.28,11.92%,16.00%,0.776227,2026-09-04
$SPX,7718.6,2026-09-10,5,Call,"7,900.00",-2.35%,0.3,0.33,0.5,479,1709,0.28,11.92%,8.84%,0.014239,2026-09-04
$SPX,7718.6,2026-09-30,25,Call,"7,720.00",-0.02%,92.4,97.4,93.5,37,130,0.28,11.92%,10.41%,0.539137,2026-09-04
$SPX,7718.6,2026-09-18,13,Call,"7,860.00",-1.83%,10.9,12.04,11.8,414,1458,0.28,11.92%,9.05%,0.163856,2026-09-04
$SPX,7718.6,2026-09-24,19,Call,"7,875.00",-2.03%,16.9,18.55,17.7,26,92,0.28,11.92%,9.16%,0.195232,2026-09-04
$SPX,7718.6,2027-03-31,207,Call,"8,600.00",-11.42%,71.1,77.55,72.9,66,238,0.28,11.92%,12.31%,0.190583,2026-09-04
$SPX,7718.6,2026-09-18,13,Call,"7,940.00",-2.87%,3.4,3.65,3.9,145,516,0.28,11.92%,9.28%,0.062657,2026-09-04
$SPX,7718.6,2026-10-05,30,Call,"7,675.00",+0.56%,133.2,134.55,134.6,34,122,0.28,11.92%,11.01%,0.614832,2026-09-04
$SPX,7718.6,2026-10-09,34,Call,"7,900.00",-2.35%,38.2,39.95,39.2,71,252,0.28,11.92%,10.21%,0.267898,2026-09-04
$SPX,7718.6,2030-12-20,1567,Call,"17,000.00",-120.25%,0,32.29,0,73,263,0.28,11.92%,15.13%,0.037198,2026-09-04
$SPX,7718.6,2026-09-09,4,Call,"8,000.00",-3.65%,0.1,0.1,0.2,126,450,0.28,11.92%,12.94%,0.004585,2026-09-04
$SPX,7718.6,2027-03-19,195,Call,"8,550.00",-10.77%,71.8,70,73.4,152,534,0.28,11.92%,12.31%,0.196257,2026-09-04
$SPX,7718.6,2026-10-16,41,Call,"7,790.00",-0.93%,97.1,100.3,98.2,22,78,0.28,11.92%,11.22%,0.454138,2026-09-04
$SPX,7718.6,2027-02-19,167,Call,"8,725.00",-13.04%,28.7,29.3,29.8,23,82,0.28,11.92%,11.87%,0.102511,2026-09-04
$SPX,7718.6,2026-09-16,11,Call,"7,830.00",-1.44%,11.8,12.7,12.5,18,65,0.28,11.92%,8.66%,0.191273,2026-09-04
$SPX,7718.6,2026-09-08,3,Put,"7,175.00",-7.04%,0.35,0.3,0.45,39,137,0.28,11.92%,32.01%,-0.00554,2026-09-04
$SPX,7718.6,2026-09-28,23,Put,"7,475.00",-3.16%,27.1,25.27,27.9,53,188,0.28,11.92%,14.84%,-0.175193,2026-09-04
$SPX,7718.6,2026-12-18,104,Put,"7,190.00",-6.85%,85.3,84.3,86.5,32,114,0.28,11.92%,18.56%,-0.195195,2026-09-04
$SPX,7718.6,2026-10-16,41,Put,"7,535.00",-2.38%,64.8,62.62,66.6,29,105,0.28,11.92%,14.54%,-0.278156,2026-09-04
$SPX,7718.6,2026-10-16,41,Put,"7,365.00",-4.58%,39.6,36.5,41.1,77,275,0.28,11.92%,16.47%,-0.172793,2026-09-04
$SPX,7718.6,2026-09-14,9,Put,"7,750.00",+0.41%,64.3,60.68,64.8,102,358,0.28,11.92%,10.46%,-0.581227,2026-09-04
$SPX,7718.6,2026-09-14,9,Put,"6,000.00",-22.27%,0.15,0.2,0.3,160,567,0.28,11.92%,53.75%,-0.001201,2026-09-04
$SPX,7718.6,2026-12-31,117,Put,"2,600.00",-66.32%,0.95,0.97,1.2,250,887,0.28,11.92%,68.06%,-0.001159,2026-09-04
$SPX,7718.6,2026-09-10,5,Put,"7,740.00",+0.28%,47.5,44.73,48,387,1386,0.28,11.92%,10.52%,-0.576314,2026-09-04
$SPX,7718.6,2026-09-10,5,Put,"7,505.00",-2.77%,2.45,1.6,2.7,40,145,0.28,11.92%,14.61%,-0.04686,2026-09-04
$SPX,7718.6,2026-10-02,27,Put,"7,590.00",-1.67%,55.6,50.79,56.6,16,58,0.28,11.92%,13.84%,-0.300226,2026-09-04
$SPX,7718.6,2026-09-18,13,Put,"6,690.00",-13.33%,1.35,1.23,1.75,151,542,0.28,11.92%,32.96%,-0.009398,2026-09-04
$SPX,7718.6,2026-09-21,16,Put,"7,420.00",-3.87%,12.4,11.8,13,15,54,0.28,11.92%,15.70%,-0.103683,2026-09-04
$SPX,7718.6,2026-09-21,16,Put,"7,000.00",-9.31%,3,2.7,3.4,137,492,0.28,11.92%,23.82%,-0.021991,2026-09-04
$SPX,7718.6,2026-09-18,13,Put,"7,460.00",-3.35%,13,11.99,13.6,66,234,0.28,11.92%,15.86%,-0.116446,2026-09-04
$SPX,7718.6,2026-10-05,30,Put,"7,700.00",-0.24%,90.8,87.67,92,286,1037,0.28,11.92%,12.44%,-0.441689,2026-09-04
$SPX,7718.6,2027-05-21,258,Put,"1,200.00",-84.45%,0.6,0.72,0.75,14,52,0.27,11.92%,74.66%,-0.000449,2026-09-04
$SPX,7718.6,2026-09-11,6,Put,"7,425.00",-3.80%,2.55,2.6,2.75,240,889,0.27,11.92%,17.41%,-0.038075,2026-09-04
$SPX,7718.6,2026-10-16,41,Put,"7,565.00",-1.99%,71.2,69.19,72.9,13,48,0.27,11.92%,14.22%,-0.302924,2026-09-04
$SPX,7718.6,2026-10-16,41,Put,"6,810.00",-11.77%,12,11.99,12.8,131,486,0.27,11.92%,23.63%,-0.047531,2026-09-04
$SPX,7718.6,2026-09-14,9,Put,"7,710.00",-0.11%,43.8,42,44.3,59,218,0.27,11.92%,10.56%,-0.453967,2026-09-04
$SPX,7718.6,2026-10-08,33,Put,"7,600.00",-1.54%,67.5,65.45,68.6,14,51,0.27,11.92%,13.76%,-0.322828,2026-09-04
$SPX,7718.6,2026-11-30,86,Put,"7,000.00",-9.31%,50.1,49.93,50.9,226,837,0.27,11.92%,20.08%,-0.12915,2026-09-04
$SPX,7718.6,2026-10-02,27,Put,"7,350.00",-4.78%,22.7,22.65,23.3,101,368,0.27,11.92%,16.93%,-0.127484,2026-09-04
$SPX,7718.6,2026-09-15,10,Put,"7,125.00",-7.69%,1.6,1.3,1.85,30,113,0.27,11.92%,23.05%,-0.01616,2026-09-04
$SPX,7718.6,2026-11-20,76,Put,"7,405.00",-4.06%,89.3,88,90.4,11,41,0.27,11.92%,16.55%,-0.250969,2026-09-04
$SPX,7718.6,2027-04-16,223,Put,"5,700.00",-26.15%,44.6,43.67,45.7,60,219,0.27,11.92%,28.31%,-0.057003,2026-09-04
$SPX,7718.6,2027-03-31,207,Put,"7,850.00",+1.70%,332.8,326.9,335.1,24,88,0.27,11.92%,14.44%,-0.503504,2026-09-04
$SPX,7718.6,2027-03-31,207,Put,"4,000.00",-48.18%,11.2,11.29,11.8,112,411,0.27,11.92%,42.97%,-0.01197,2026-09-04
$SPX,7718.6,2026-10-05,30,Put,"7,675.00",-0.56%,82,79,83.2,42,153,0.27,11.92%,12.69%,-0.406378,2026-09-04
$SPX,7718.6,2026-10-05,30,Put,"7,650.00",-0.89%,74.1,70.9,75.3,53,195,0.27,11.92%,12.94%,-0.37364,2026-09-04
$SPX,7718.6,2026-10-05,30,Put,"7,550.00",-2.18%,49.9,43.2,51.1,22,81,0.27,11.92%,14.05%,-0.263649,2026-09-04
$SPX,7718.6,2026-09-25,20,Put,"7,740.00",+0.28%,90.1,88.83,91.3,94,342,0.27,11.92%,11.97%,-0.514956,2026-09-04
$SPX,7718.6,2026-10-09,34,Put,"7,250.00",-6.07%,22.9,22.35,23.8,42,157,0.27,11.92%,18.05%,-0.111067,2026-09-04
$SPX,7718.6,2026-10-09,34,Put,"7,225.00",-6.39%,21.5,20.89,22.3,27,99,0.27,11.92%,18.40%,-0.103685,2026-09-04
$SPX,7718.6,2026-09-17,12,Put,"7,770.00",+0.67%,90.6,84.7,91.4,11,41,0.27,11.92%,11.93%,-0.603909,2026-09-04
$SPX,7718.6,2026-10-16,41,Put,"7,670.00",-0.63%,101.2,97.8,102.3,29,106,0.27,11.92%,13.27%,-0.407927,2026-09-04
$SPX,7718.6,2026-10-16,41,Put,"3,900.00",-49.47%,0.25,0.36,0.5,40,146,0.27,11.92%,66.88%,-0.000752,2026-09-04
$SPX,7718.6,2026-09-28,23,Call,"7,900.00",-2.35%,16.5,18,17.4,53,194,0.27,11.92%,9.02%,0.180485,2026-09-04
$SPX,7718.6,2026-09-11,6,Call,"7,595.00",+1.60%,126,130.7,128,13,48,0.27,11.92%,8.75%,0.932795,2026-09-04
$SPX,7718.6,2026-12-18,104,Call,"7,675.00",+0.56%,291.2,298.54,293.5,1516,5525,0.27,11.92%,13.68%,0.60425,2026-09-04
$SPX,7718.6,2026-10-16,41,Call,"8,320.00",-7.79%,2.1,2.77,2.7,33,121,0.27,11.92%,10.57%,0.02367,2026-09-04
$SPX,7718.6,2026-09-14,9,Call,"8,025.00",-3.97%,0.35,0.34,0.5,81,296,0.27,11.92%,10.38%,0.010012,2026-09-04
$SPX,7718.6,2026-10-12,37,Call,"8,200.00",-6.24%,3.3,3.26,3.9,23,84,0.27,11.92%,9.91%,0.037377,2026-09-04
$SPX,7718.6,2026-09-10,5,Call,"7,910.00",-2.48%,0.3,0.28,0.45,138,515,0.27,11.92%,9.19%,0.01299,2026-09-04
$SPX,7718.6,2026-10-02,27,Call,"7,760.00",-0.54%,78.7,83.47,79.8,19,71,0.27,11.92%,10.63%,0.469044,2026-09-04
$SPX,7718.6,2026-10-02,27,Call,"8,050.00",-4.29%,5.5,6.04,6,173,644,0.27,11.92%,9.53%,0.066214,2026-09-04
$SPX,7718.6,2026-09-21,16,Call,"7,730.00",-0.15%,60.6,62.95,61.5,48,177,0.27,11.92%,9.40%,0.506265,2026-09-04
$SPX,7718.6,2026-09-18,13,Call,"7,775.00",-0.73%,35.5,37.11,36.3,340,1274,0.27,11.92%,9.62%,0.374155,2026-09-04
$SPX,7718.6,2026-09-18,13,Call,"7,920.00",-2.61%,4.7,5.35,5.2,128,468,0.27,11.92%,9.23%,0.081455,2026-09-04
$SPX,7718.6,2026-09-18,13,Call,"8,035.00",-4.10%,0.95,1,1.2,14,51,0.27,11.92%,10.00%,0.020182,2026-09-04
$SPX,7718.6,2026-10-05,30,Call,"7,925.00",-2.67%,22.8,24.18,23.8,25,94,0.27,11.92%,9.53%,0.200327,2026-09-04
$SPX,7718.6,2026-11-20,76,Call,"7,950.00",-3.00%,95.5,97.1,97.5,459,1704,0.27,11.92%,11.83%,0.353072,2026-09-04
$SPX,7718.6,2026-09-09,4,Call,"7,940.00",-2.87%,0.1,0.1,0.25,29,107,0.27,11.92%,10.65%,0.006305,2026-09-04
$SPX,7718.6,2026-10-30,55,Call,"7,710.00",+0.11%,176,179,177.2,62,226,0.27,11.92%,12.54%,0.564382,2026-09-04
$SPX,7718.6,2026-10-16,41,Call,"7,710.00",+0.11%,141.9,144.03,143,11,41,0.27,11.92%,11.76%,0.561096,2026-09-04
$SPX,7718.6,2026-10-16,41,Call,"7,830.00",-1.44%,78.3,85.72,79.4,23,85,0.27,11.92%,10.99%,0.398356,2026-09-04
$SPX,7718.6,2027-02-19,167,Call,"8,700.00",-12.71%,31,32.1,32.3,98,363,0.27,11.92%,11.88%,0.109349,2026-09-04
$SPX,7718.6,2027-05-21,258,Call,"8,500.00",-10.12%,142,141.7,144.1,715,2732,0.26,11.92%,13.08%,0.285768,2026-09-04
$SPX,7718.6,2026-12-31,117,Call,"7,650.00",+0.89%,330.5,331.5,332.1,40,155,0.26,11.92%,14.00%,0.620952,2026-09-04
$SPX,7718.6,2026-12-31,117,Call,"7,910.00",-2.48%,177.8,181.6,179.4,12,46,0.26,11.92%,12.69%,0.447022,2026-09-04
$SPX,7718.6,2026-09-10,5,Call,"7,740.00",-0.28%,16.7,18.3,17.1,386,1462,0.26,11.92%,6.84%,0.38988,2026-09-04
$SPX,7718.6,2026-09-29,24,Call,"7,950.00",-3.00%,10.5,11.8,11.3,27,103,0.26,11.92%,9.07%,0.123791,2026-09-04
$SPX,7718.6,2026-09-21,16,Call,"7,720.00",-0.02%,66.1,67.38,67,41,156,0.26,11.92%,9.46%,0.532311,2026-09-04
$SPX,7718.6,2026-09-18,13,Call,"7,830.00",-1.44%,18.1,20.16,18.8,94,360,0.26,11.92%,9.38%,0.233322,2026-09-04
$SPX,7718.6,2026-09-18,13,Call,"7,835.00",-1.51%,16.9,18.55,17.6,100,383,0.26,11.92%,9.36%,0.221916,2026-09-04
$SPX,7718.6,2026-11-20,76,Call,"7,740.00",-0.28%,199.1,201.9,201.1,38,144,0.26,11.92%,12.87%,0.545288,2026-09-04
$SPX,7718.6,2026-11-20,76,Call,"7,795.00",-0.99%,167.5,168.4,169.3,26,99,0.26,11.92%,12.55%,0.496618,2026-09-04
$SPX,7718.6,2026-11-20,76,Call,"8,000.00",-3.65%,77.8,79.95,79.7,7252,27394,0.26,11.92%,11.65%,0.307956,2026-09-04
$SPX,7718.6,2026-09-25,20,Call,"7,755.00",-0.47%,62.1,64.4,63.1,17,65,0.26,11.92%,10.06%,0.45876,2026-09-04
$SPX,7718.6,2026-09-25,20,Call,"7,680.00",+0.50%,105.8,109.08,106.9,46,178,0.26,11.92%,10.64%,0.61549,2026-09-04
$SPX,7718.6,2026-09-25,20,Call,"8,025.00",-3.97%,2.95,3.3,3.4,100,389,0.26,11.92%,9.31%,0.046094,2026-09-04
$SPX,7718.6,2026-09-09,4,Call,"7,895.00",-2.29%,0.15,0.2,0.3,44,169,0.26,11.92%,8.98%,0.009243,2026-09-04
$SPX,7718.6,2026-09-17,12,Call,"7,790.00",-0.93%,25.6,26.56,26.4,14,53,0.26,11.92%,9.13%,0.317037,2026-09-04
$SPX,7718.6,2026-10-30,55,Call,"7,640.00",+1.02%,222.1,239.28,223.3,12,46,0.26,11.92%,13.04%,0.63233,2026-09-04
$SPX,7718.6,2026-10-16,41,Call,"7,785.00",-0.86%,99.6,102.85,100.7,11,42,0.26,11.92%,11.25%,0.461048,2026-09-04
$SPX,7718.6,2026-10-16,41,Call,"7,870.00",-1.96%,62.1,65.93,63.1,35,135,0.26,11.92%,10.78%,0.342975,2026-09-04
$SPX,7718.6,2026-10-16,41,Call,"8,100.00",-4.94%,11.9,12.55,12.7,124,471,0.26,11.92%,10.14%,0.100336,2026-09-04
$SPX,7718.6,2027-12-17,468,Call,"9,300.00",-20.49%,128.1,129.06,134.4,990,3802,0.26,11.92%,13.49%,0.210946,2026-09-04
$SPX,7718.6,2026-09-16,11,Call,"7,740.00",-0.28%,41,43.2,41.8,36,138,0.26,11.92%,8.90%,0.459877,2026-09-04
$SPX,7718.6,2026-10-01,26,Put,"7,325.00",-5.10%,19.3,19.59,20.1,17,66,0.26,11.92%,17.21%,-0.112509,2026-09-04
$SPX,7718.6,2026-10-01,26,Put,"7,200.00",-6.72%,13,13.02,13.8,27,104,0.26,11.92%,19.04%,-0.074847,2026-09-04
$SPX,7718.6,2026-09-28,23,Put,"7,175.00",-7.04%,8.9,8.1,9.6,25,95,0.26,11.92%,19.24%,-0.057081,2026-09-04
$SPX,7718.6,2026-09-11,6,Put,"7,755.00",+0.47%,63.7,60.4,64.1,149,578,0.26,11.92%,11.57%,-0.612233,2026-09-04
$SPX,7718.6,2026-09-11,6,Put,"7,345.00",-4.84%,1.7,1.25,1.9,65,251,0.26,11.92%,19.93%,-0.024058,2026-09-04
$SPX,7718.6,2026-12-18,104,Put,"7,440.00",-3.61%,124.7,122.8,126.7,15,57,0.26,11.92%,16.47%,-0.287451,2026-09-04
$SPX,7718.6,2026-09-14,9,Put,"7,175.00",-7.04%,1.4,1.37,1.6,31,119,0.26,11.92%,22.01%,-0.015599,2026-09-04
$SPX,7718.6,2026-12-31,117,Put,"7,600.00",-1.54%,173.2,173.5,174.7,425,1612,0.26,11.92%,15.15%,-0.372687,2026-09-04
$SPX,7718.6,2026-11-30,86,Put,"7,275.00",-5.75%,77.2,74.15,78.4,11,43,0.26,11.92%,17.51%,-0.204463,2026-09-04
$SPX,7718.6,2026-10-02,27,Put,"7,475.00",-3.16%,35.4,33.65,36.3,29,110,0.26,11.92%,15.27%,-0.197796,2026-09-04
$SPX,7718.6,2026-09-15,10,Put,"7,590.00",-1.67%,16.2,15.76,16.8,31,118,0.26,11.92%,12.29%,-0.189644,2026-09-04
$SPX,7718.6,2026-09-15,10,Put,"7,450.00",-3.48%,5.6,4.8,6.1,73,285,0.26,11.92%,14.92%,-0.06895,2026-09-04
$SPX,7718.6,2026-09-15,10,Put,"6,625.00",-14.17%,0.7,0.52,0.9,10,38,0.26,11.92%,36.73%,-0.005264,2026-09-04
$SPX,7718.6,2026-09-30,25,Put,"7,710.00",-0.11%,86.8,86.52,87.9,37,141,0.26,11.92%,12.34%,-0.458145,2026-09-04
$SPX,7718.6,2026-09-30,25,Put,"6,985.00",-9.50%,6.9,6.2,7.4,10,39,0.26,11.92%,22.44%,-0.038472,2026-09-04
$SPX,7718.6,2026-09-18,13,Put,"7,215.00",-6.52%,3.9,3.6,4.5,86,337,0.26,11.92%,20.34%,-0.035285,2026-09-04
$SPX,7718.6,2026-09-21,16,Put,"7,360.00",-4.65%,9.3,8.11,9.9,19,72,0.26,11.92%,16.70%,-0.077847,2026-09-04
$SPX,7718.6,2026-09-24,19,Put,"7,125.00",-7.69%,6,5.4,6.5,14,53,0.26,11.92%,20.91%,-0.041144,2026-09-04
$SPX,7718.6,2026-11-20,76,Put,"7,765.00",+0.60%,187.2,182.8,189.4,13,50,0.26,11.92%,13.46%,-0.49703,2026-09-04
$SPX,7718.6,2026-11-20,76,Put,"7,530.00",-2.44%,113,111.2,114.5,56,216,0.26,11.92%,15.34%,-0.317538,2026-09-04
$SPX,7718.6,2027-01-15,132,Put,"7,990.00",+3.52%,340.2,336.21,342.8,22,85,0.26,11.92%,12.30%,-0.663246,2026-09-04
$SPX,7718.6,2026-09-17,12,Put,"7,440.00",-3.61%,9.8,8.9,10.4,42,161,0.26,11.92%,16.09%,-0.094728,2026-09-04
$SPX,7718.6,2026-10-30,55,Put,"7,600.00",-1.54%,102.9,102.76,104.1,195,755,0.26,11.92%,14.36%,-0.350996,2026-09-04
$SPX,7718.6,2026-10-16,41,Put,"7,485.00",-3.03%,57,53.8,57.9,14,54,0.26,11.92%,15.20%,-0.24263,2026-09-04
$SPX,7718.6,2026-10-05,30,Put,"7,575.00",-1.86%,55.1,50.9,56.2,13,52,0.25,11.92%,13.77%,-0.288166,2026-09-04
$SPX,7718.6,2026-10-05,30,Put,"7,475.00",-3.16%,37.8,34.45,38.8,21,83,0.25,11.92%,14.96%,-0.203145,2026-09-04
$SPX,7718.6,2026-11-20,76,Put,"6,900.00",-10.61%,37.8,37.22,38.7,2032,8042,0.25,11.92%,21.42%,-0.10259,2026-09-04
$SPX,7718.6,2026-11-20,76,Put,"9,000.00",+16.60%,1215.7,1222.1,1239.7,1000,4006,0.25,11.92%,0.00%,0,2026-09-04
$SPX,7718.6,2026-09-25,20,Put,"7,675.00",-0.56%,64.6,63.31,65.5,143,581,0.25,11.92%,12.62%,-0.398117,2026-09-04
$SPX,7718.6,2026-09-25,20,Put,"7,545.00",-2.25%,33.8,30.67,34.6,25,102,0.25,11.92%,14.25%,-0.226584,2026-09-04
$SPX,7718.6,2026-09-25,20,Put,"7,430.00",-3.74%,19.9,18.65,20.6,27,107,0.25,11.92%,15.87%,-0.137276,2026-09-04
$SPX,7718.6,2026-10-07,32,Put,"7,650.00",-0.89%,78.9,76.2,80.1,15,60,0.25,11.92%,13.15%,-0.377202,2026-09-04
$SPX,7718.6,2027-09-17,377,Put,"6,025.00",-21.94%,107.8,107.5,109.4,22,89,0.25,11.92%,24.84%,-0.10561,2026-09-04
$SPX,7718.6,2026-10-30,55,Put,"7,715.00",-0.05%,139.6,135,140.8,11,44,0.25,11.92%,13.34%,-0.457331,2026-09-04
$SPX,7718.6,2026-10-30,55,Put,"7,270.00",-5.81%,47.3,43.7,48.3,14,56,0.25,11.92%,17.75%,-0.165012,2026-09-04
$SPX,7718.6,2026-10-30,55,Put,"6,975.00",-9.63%,26.9,25.04,27.7,41,161,0.25,11.92%,21.10%,-0.090196,2026-09-04
$SPX,7718.6,2027-02-19,167,Put,"7,825.00",+1.38%,290.2,280.9,292.3,136,544,0.25,11.92%,13.96%,-0.502094,2026-09-04
$SPX,7718.6,2027-02-19,167,Put,"4,450.00",-42.35%,11.4,11.5,12,56,222,0.25,11.92%,40.83%,-0.014204,2026-09-04
$SPX,7718.6,2026-10-16,41,Call,"8,210.00",-6.37%,4.7,4.75,5.3,47,186,0.25,11.92%,10.13%,0.0467,2026-09-04
$SPX,7718.6,2026-10-16,41,Call,"8,220.00",-6.50%,4.3,4.39,5,50,197,0.25,11.92%,10.16%,0.043749,2026-09-04
$SPX,7718.6,2026-11-03,59,Call,"8,400.00",-8.83%,4.5,4.7,5.4,23,91,0.25,11.92%,10.84%,0.03738,2026-09-04
$SPX,7718.6,2026-09-23,18,Call,"7,750.00",-0.41%,57.1,65.33,58,16,64,0.25,11.92%,9.63%,0.461994,2026-09-04
$SPX,7718.6,2026-11-30,86,Call,"7,580.00",+1.80%,321.5,322.2,322.9,18,73,0.25,11.92%,13.82%,0.667853,2026-09-04
$SPX,7718.6,2026-11-20,76,Call,"8,025.00",-3.97%,70.9,70.93,72,16,63,0.25,11.92%,11.62%,0.287078,2026-09-04
$SPX,7718.6,2027-01-29,146,Call,"8,400.00",-8.83%,58.8,60.6,60.3,29,118,0.25,11.92%,12.00%,0.191036,2026-09-04
$SPX,7718.6,2026-11-20,76,Call,"8,375.00",-8.50%,12.2,13.3,13,262,1039,0.25,11.92%,11.01%,0.074119,2026-09-04
$SPX,7718.6,2026-09-25,20,Call,"7,810.00",-1.18%,38.3,41.5,39.2,59,238,0.25,11.92%,9.70%,0.337429,2026-09-04
$SPX,7718.6,2026-09-09,4,Call,"7,910.00",-2.48%,0.15,0.15,0.3,68,272,0.25,11.92%,9.65%,0.008663,2026-09-04
$SPX,7718.6,2026-09-17,12,Call,"7,695.00",+0.31%,70.7,76.62,71.6,11,44,0.25,11.92%,9.54%,0.600505,2026-09-04
$SPX,7718.6,2026-09-17,12,Call,"7,820.00",-1.31%,17.1,18.22,17.8,23,92,0.25,11.92%,9.03%,0.237069,2026-09-04
$SPX,7718.6,2026-10-16,41,Call,"7,475.00",+3.16%,311.8,316.9,321.6,10,40,0.25,11.92%,13.62%,0.793023,2026-09-04
$SPX,7718.6,2026-09-16,11,Call,"7,910.00",-2.48%,2.85,3.15,3.4,48,191,0.25,11.92%,8.72%,0.062061,2026-09-04
$SPX,7718.6,2026-09-28,23,Put,"6,400.00",-17.08%,2.1,1.7,2.4,20,81,0.25,11.92%,33.07%,-0.010077,2026-09-04
$SPX,7718.6,2027-05-21,258,Put,"8,425.00",+9.15%,657.6,655.23,661,13,52,0.25,11.92%,0.00%,0,2026-09-04
$SPX,7718.6,2026-09-11,6,Put,"5,800.00",-24.86%,0.1,0.15,0.25,429,1703,0.25,11.92%,72.35%,-0.000869,2026-09-04
$SPX,7718.6,2026-12-18,104,Put,"7,780.00",+0.80%,224,218,226.3,30,121,0.25,11.92%,13.89%,-0.495166,2026-09-04
$SPX,7718.6,2026-10-12,37,Put,"6,400.00",-17.08%,5.3,4.88,5.7,18,71,0.25,11.92%,29.82%,-0.019815,2026-09-04
$SPX,7718.6,2026-10-02,27,Put,"7,550.00",-2.18%,47.3,45.87,48.3,173,688,0.25,11.92%,14.32%,-0.259517,2026-09-04
$SPX,7718.6,2026-09-15,10,Put,"7,630.00",-1.15%,23,22.5,23.7,47,185,0.25,11.92%,11.69%,-0.257759,2026-09-04
$SPX,7718.6,2027-07-16,314,Put,"5,950.00",-22.91%,82.6,81.62,84.1,60,244,0.25,11.92%,25.58%,-0.089648,2026-09-04
$SPX,7718.6,2026-09-21,16,Put,"7,660.00",-0.76%,48.7,45.73,49.6,29,115,0.25,11.92%,12.31%,-0.360296,2026-09-04
$SPX,7718.6,2026-09-24,19,Put,"7,450.00",-3.48%,20,18.92,20.7,10,40,0.25,11.92%,15.52%,-0.143312,2026-09-04
$SPX,7718.6,2026-09-18,13,Put,"6,430.00",-16.69%,1.05,0.8,1.3,20,79,0.25,11.92%,39.53%,-0.006179,2026-09-04
$SPX,7718.6,2026-12-31,117,Put,"5,770.00",-25.25%,19.3,19,20,12,50,0.24,11.92%,30.88%,-0.034608,2026-09-04
$SPX,7718.6,2026-09-10,5,Put,"7,385.00",-4.32%,1.15,1.15,1.4,17,71,0.24,11.92%,18.73%,-0.02032,2026-09-04
$SPX,7718.6,2026-11-03,59,Put,"7,675.00",-0.56%,129.1,121.51,131.5,55,233,0.24,11.92%,13.66%,-0.418092,2026-09-04
$SPX,7718.6,2026-09-23,18,Put,"7,500.00",-2.83%,23.1,21.4,23.9,29,123,0.24,11.92%,14.68%,-0.172051,2026-09-04
$SPX,7718.6,2026-09-23,18,Put,"7,390.00",-4.26%,13.7,12.65,14.4,11,45,0.24,11.92%,16.35%,-0.103669,2026-09-04
$SPX,7718.6,2026-09-15,10,Put,"7,480.00",-3.09%,6.9,5.8,7.4,21,89,0.24,11.92%,14.32%,-0.084573,2026-09-04
$SPX,7718.6,2026-09-30,25,Put,"7,745.00",+0.34%,101.7,96.2,102.7,15,62,0.24,11.92%,12.01%,-0.51675,2026-09-04
$SPX,7718.6,2027-07-16,314,Put,"6,550.00",-15.14%,133.9,132.29,135.7,34,139,0.24,11.92%,22.32%,-0.150228,2026-09-04
$SPX,7718.6,2026-09-21,16,Put,"7,590.00",-1.67%,31.8,29.5,32.6,24,102,0.24,11.92%,13.18%,-0.250833,2026-09-04
$SPX,7718.6,2026-09-24,19,Put,"7,750.00",+0.41%,93,86.85,94,12,51,0.24,11.92%,11.87%,-0.536313,2026-09-04
$SPX,7718.6,2027-03-31,207,Put,"7,380.00",-4.39%,196.3,191.9,198.3,25,106,0.24,11.92%,17.42%,-0.295984,2026-09-04
$SPX,7718.6,2026-09-18,13,Put,"7,575.00",-1.86%,25.7,25.43,26.4,435,1780,0.24,11.92%,13.95%,-0.220917,2026-09-04
$SPX,7718.6,2026-09-18,13,Put,"7,475.00",-3.16%,14.1,12.87,14.6,274,1150,0.24,11.92%,15.56%,-0.125865,2026-09-04
$SPX,7718.6,2026-09-25,20,Put,"7,400.00",-4.13%,17.6,17.3,18,518,2146,0.24,11.92%,16.30%,-0.120853,2026-09-04
$SPX,7718.6,2027-03-19,195,Put,"8,500.00",+10.12%,705.8,687.19,708.7,300,1244,0.24,11.92%,0.00%,0,2026-09-04
$SPX,7718.6,2026-10-30,55,Put,"7,730.00",+0.15%,145.3,142.8,146.6,12,50,0.24,11.92%,13.21%,-0.473343,2026-09-04
$SPX,7718.6,2026-10-16,41,Put,"7,735.00",+0.21%,125.2,121.8,126.3,17,71,0.24,11.92%,12.68%,-0.485956,2026-09-04
$SPX,7718.6,2026-10-16,41,Put,"7,760.00",+0.54%,136,132,137.1,33,137,0.24,11.92%,12.47%,-0.51851,2026-09-04
$SPX,7718.6,2026-10-16,41,Put,"6,550.00",-15.14%,8.4,8.6,8.9,36,151,0.24,11.92%,27.42%,-0.030425,2026-09-04
$SPX,7718.6,2026-09-16,11,Put,"7,725.00",+0.08%,61.9,58.45,62.8,16,68,0.24,11.92%,11.74%,-0.497072,2026-09-04
$SPX,7718.6,2026-09-28,23,Call,"7,975.00",-3.32%,6.7,7.1,7.4,24,99,0.24,11.92%,8.91%,0.089002,2026-09-04
$SPX,7718.6,2026-09-11,6,Call,"7,675.00",+0.56%,62.4,65.56,62.9,216,914,0.24,11.92%,8.42%,0.720884,2026-09-04
$SPX,7718.6,2026-09-11,6,Call,"7,660.00",+0.76%,73.2,78.03,73.7,87,358,0.24,11.92%,8.29%,0.782008,2026-09-04
$SPX,7718.6,2026-12-18,104,Call,"7,760.00",-0.54%,237.7,239.98,240,23,94,0.24,11.92%,13.21%,0.545763,2026-09-04
$SPX,7718.6,2026-12-18,104,Call,"6,225.00",+19.35%,1553,1584.15,1576.5,273,1121,0.24,11.92%,19.07%,0.988434,2026-09-04
$SPX,7718.6,2026-10-16,41,Call,"7,715.00",+0.05%,137.2,138.7,139.1,51,214,0.24,11.92%,11.60%,0.555125,2026-09-04
$SPX,7718.6,2026-10-16,41,Call,"8,140.00",-5.46%,8.2,8.51,8.9,292,1199,0.24,11.92%,10.02%,0.074654,2026-09-04
$SPX,7718.6,2026-10-16,41,Call,"8,290.00",-7.40%,2.55,3,3.2,56,231,0.24,11.92%,10.41%,0.028118,2026-09-04
$SPX,7718.6,2026-09-14,9,Call,"7,695.00",+0.31%,54.3,56.1,54.8,28,115,0.24,11.92%,7.74%,0.629966,2026-09-04
$SPX,7718.6,2026-09-14,9,Call,"7,800.00",-1.05%,10.9,11.3,11.3,374,1575,0.24,11.92%,7.62%,0.212853,2026-09-04
$SPX,7718.6,2026-09-14,9,Call,"8,075.00",-4.62%,0.3,0.26,0.45,23,95,0.24,11.92%,11.66%,0.008047,2026-09-04
$SPX,7718.6,2026-09-10,5,Call,"7,700.00",+0.24%,36.5,38.4,36.9,222,919,0.24,11.92%,6.62%,0.647823,2026-09-04
$SPX,7718.6,2026-09-23,18,Call,"8,050.00",-4.29%,1.5,1.47,1.85,60,252,0.24,11.92%,9.39%,0.027397,2026-09-04
$SPX,7718.6,2026-10-23,48,Call,"8,000.00",-3.65%,35.2,36.9,36.3,25,106,0.24,11.92%,10.58%,0.215598,2026-09-04
$SPX,7718.6,2026-09-15,10,Call,"7,725.00",-0.08%,40.5,42.12,41.3,85,358,0.24,11.92%,7.90%,0.507664,2026-09-04
$SPX,7718.6,2026-09-15,10,Call,"7,695.00",+0.31%,57.5,58.63,58.3,14,59,0.24,11.92%,7.94%,0.623786,2026-09-04
$SPX,7718.6,2026-09-21,16,Call,"8,100.00",-4.94%,0.7,0.62,0.95,35,148,0.24,11.92%,10.13%,0.014362,2026-09-04
$SPX,7718.6,2026-09-18,13,Call,"7,855.00",-1.77%,12.8,14.1,13.4,134,553,0.24,11.92%,9.30%,0.17981,2026-09-04
$SPX,7718.6,2026-10-05,30,Call,"7,750.00",-0.41%,88,93.1,89.3,42,176,0.24,11.92%,10.47%,0.492561,2026-09-04
$SPX,7718.6,2026-11-20,76,Call,"7,750.00",-0.41%,193.1,196.66,195.3,907,3788,0.24,11.92%,12.82%,0.536619,2026-09-04
$SPX,7718.6,2026-11-20,76,Call,"7,765.00",-0.60%,184.3,185.1,186.5,16,68,0.24,11.92%,12.73%,0.523466,2026-09-04
$SPX,7718.6,2026-11-20,76,Call,"7,580.00",+1.80%,305.8,306.65,308.1,36,152,0.24,11.92%,13.89%,0.669816,2026-09-04
$SPX,7718.6,2026-09-25,20,Call,"7,780.00",-0.80%,50.4,51.85,51.3,35,145,0.24,11.92%,9.89%,0.40329,2026-09-04
$SPX,7718.6,2026-09-09,4,Call,"7,675.00",+0.56%,47.8,53,48.3,87,370,0.24,11.92%,4.28%,0.912477,2026-09-04
$SPX,7718.6,2026-09-09,4,Call,"7,655.00",+0.82%,54.6,67.81,74.1,15,62,0.24,11.92%,5.39%,0.938278,2026-09-04
$SPX,7718.6,2026-09-17,12,Call,"7,850.00",-1.70%,11,12.25,11.6,71,297,0.24,11.92%,8.98%,0.169619,2026-09-04
$SPX,7718.6,2026-10-30,55,Call,"7,685.00",+0.44%,191.9,197.25,193.1,11,45,0.24,11.92%,12.72%,0.589538,2026-09-04
$SPX,7718.6,2026-09-22,17,Call,"7,720.00",-0.02%,69.5,70.7,70.5,22,92,0.24,11.92%,9.64%,0.533058,2026-09-04
$SPX,7718.6,2026-09-11,6,Call,"7,640.00",+1.02%,79.4,93.34,98.9,42,184,0.23,11.92%,8.05%,0.854363,2026-09-04
$SPX,7718.6,2026-10-12,37,Call,"8,400.00",-8.83%,1.05,1.4,1.4,12,53,0.23,11.92%,11.28%,0.012817,2026-09-04
$SPX,7718.6,2026-10-02,27,Call,"7,650.00",+0.89%,146.2,147.99,147.5,69,294,0.23,11.92%,11.50%,0.650582,2026-09-04
$SPX,7718.6,2026-09-15,10,Call,"7,780.00",-0.80%,18.3,19.45,19,65,285,0.23,11.92%,7.80%,0.297845,2026-09-04
$SPX,7718.6,2026-09-30,25,Call,"7,685.00",+0.44%,114.1,116.56,115.1,18,80,0.23,11.92%,10.67%,0.602278,2026-09-04
$SPX,7718.6,2026-09-18,13,Call,"7,880.00",-2.09%,8,9.15,8.8,168,739,0.23,11.92%,9.02%,0.128854,2026-09-04
$SPX,7718.6,2026-11-20,76,Call,"7,990.00",-3.52%,82.2,83.5,83.3,23,100,0.23,11.92%,11.74%,0.317677,2026-09-04
$SPX,7718.6,2026-09-18,13,Call,"8,015.00",-3.84%,1.2,1.27,1.5,30,132,0.23,11.92%,9.80%,0.025142,2026-09-04
$SPX,7718.6,2026-09-25,20,Call,"8,000.00",-3.65%,4,4.5,4.5,648,2809,0.23,11.92%,9.22%,0.059765,2026-09-04
$SPX,7718.6,2027-01-15,132,Call,"8,200.00",-6.24%,90.1,91.42,92.1,2014,8614,0.23,11.92%,12.12%,0.273393,2026-09-04
$SPX,7718.6,2027-09-17,377,Call,"8,900.00",-15.31%,146.1,149.3,148.1,252,1113,0.23,11.92%,13.37%,0.250899,2026-09-04
$SPX,7718.6,2026-10-30,55,Call,"7,720.00",-0.02%,169.8,176,171.2,14,60,0.23,11.92%,12.48%,0.554046,2026-09-04
$SPX,7718.6,2026-09-16,11,Call,"7,755.00",-0.47%,34.3,39.04,35.1,18,78,0.23,11.92%,8.84%,0.409993,2026-09-04
$SPX,7718.6,2026-09-08,3,Put,"7,810.00",+1.18%,100.9,93.79,101.9,16,70,0.23,11.92%,15.07%,-0.802703,2026-09-04
$SPX,7718.6,2026-09-28,23,Put,"7,680.00",-0.50%,69.7,68.2,70.9,35,149,0.23,11.92%,12.30%,-0.40765,2026-09-04
$SPX,7718.6,2026-09-28,23,Put,"6,000.00",-22.27%,1.2,1.1,1.5,52,231,0.23,11.92%,40.36%,-0.005267,2026-09-04
$SPX,7718.6,2026-10-16,41,Put,"7,645.00",-0.95%,91.9,89.1,93.8,39,170,0.23,11.92%,13.41%,-0.379953,2026-09-04
$SPX,7718.6,2026-10-16,41,Put,"4,650.00",-39.76%,0.8,0.9,1.15,750,3299,0.23,11.92%,55.28%,-0.002197,2026-09-04
$SPX,7718.6,2026-09-14,9,Put,"7,330.00",-5.03%,2.3,2.18,2.45,17,75,0.23,11.92%,17.69%,-0.028515,2026-09-04
$SPX,7718.6,2026-12-31,117,Put,"8,010.00",+3.78%,345.7,341.97,347.3,12,53,0.23,11.92%,12.16%,-0.692744,2026-09-04
$SPX,7718.6,2026-09-10,5,Put,"7,470.00",-3.22%,1.85,1.55,2.1,33,143,0.23,11.92%,15.72%,-0.034905,2026-09-04
$SPX,7718.6,2026-11-30,86,Put,"7,375.00",-4.45%,91.8,90.77,93,30,128,0.23,11.92%,16.61%,-0.243673,2026-09-04
$SPX,7718.6,2026-11-30,86,Put,"6,975.00",-9.63%,48.3,47.5,49.1,27,120,0.23,11.92%,20.33%,-0.124081,2026-09-04
$SPX,7718.6,2026-09-15,10,Put,"7,375.00",-4.45%,3.6,2.9,4.1,44,189,0.23,11.92%,16.58%,-0.043948,2026-09-04
$SPX,7718.6,2026-09-30,25,Put,"7,730.00",+0.15%,95.1,91.2,96.1,61,263,0.23,11.92%,12.15%,-0.491008,2026-09-04
$SPX,7718.6,2026-09-30,25,Put,"7,295.00",-5.49%,16.3,15.23,16.9,56,241,0.23,11.92%,17.61%,-0.097372,2026-09-04
$SPX,7718.6,2026-09-30,25,Put,"6,800.00",-11.90%,4.8,4.15,5.2,2116,9384,0.23,11.92%,25.59%,-0.025007,2026-09-04
$SPX,7718.6,2026-09-18,13,Put,"6,360.00",-17.60%,0.8,0.7,1.15,194,834,0.23,11.92%,40.75%,-0.005067,2026-09-04
$SPX,7718.6,2027-03-31,207,Put,"4,700.00",-39.11%,18.9,18.88,19.6,56,240,0.23,11.92%,36.63%,-0.022099,2026-09-04
$SPX,7718.6,2026-10-05,30,Put,"6,900.00",-10.61%,7.8,8,8.4,49,213,0.23,11.92%,23.11%,-0.038531,2026-09-04
$SPX,7718.6,2026-11-20,76,Put,"7,585.00",-1.73%,126.7,124.25,128.8,14,60,0.23,11.92%,14.89%,-0.353423,2026-09-04
$SPX,7718.6,2026-09-25,20,Put,"7,745.00",+0.34%,92.5,91.65,93.5,23,102,0.23,11.92%,11.92%,-0.524569,2026-09-04
$SPX,7718.6,2026-09-25,20,Put,"7,665.00",-0.69%,61.3,59.9,62.3,36,158,0.23,11.92%,12.73%,-0.381911,2026-09-04
$SPX,7718.6,2026-10-09,34,Put,"7,175.00",-7.04%,18.9,18.75,19.6,24,103,0.23,11.92%,19.06%,-0.090374,2026-09-04
$SPX,7718.6,2026-09-09,4,Put,"7,435.00",-3.67%,0.9,0.95,1.1,46,202,0.23,11.92%,17.52%,-0.019209,2026-09-04
$SPX,7718.6,2026-09-09,4,Put,"7,375.00",-4.45%,0.75,0.6,0.9,92,393,0.23,11.92%,20.12%,-0.014281,2026-09-04
$SPX,7718.6,2026-09-17,12,Put,"7,380.00",-4.39%,7.1,6.45,7.6,11,47,0.23,11.92%,17.22%,-0.06843,2026-09-04
$SPX,7718.6,2026-09-17,12,Put,"7,375.00",-4.45%,6.9,6.39,7.4,33,145,0.23,11.92%,17.31%,-0.066557,2026-09-04
$SPX,7718.6,2026-09-17,12,Put,"7,330.00",-5.03%,5.6,5,6.1,10,43,0.23,11.92%,18.25%,-0.053557,2026-09-04
$SPX,7718.6,2026-10-30,55,Put,"7,685.00",-0.44%,128.8,126.35,130,19,83,0.23,11.92%,13.60%,-0.427654,2026-09-04
$SPX,7718.6,2026-10-30,55,Put,"7,585.00",-1.73%,99,93.7,100.2,15,65,0.23,11.92%,14.50%,-0.338789,2026-09-04
$SPX,7718.6,2026-10-30,55,Put,"7,580.00",-1.80%,97.8,92.5,98.9,41,181,0.23,11.92%,14.55%,-0.334911,2026-09-04
$SPX,7718.6,2026-10-16,41,Put,"7,355.00",-4.71%,39.6,37.02,40.4,11,48,0.23,11.92%,16.70%,-0.169621,2026-09-04
$SPX,7718.6,2026-11-20,76,Put,"7,600.00",-1.54%,130.8,130.75,132.3,1604,7437,0.22,11.92%,14.75%,-0.36345,2026-09-04
$SPX,7718.6,2026-11-20,76,Put,"5,625.00",-27.12%,8.2,8,8.7,160,717,0.22,11.92%,35.11%,-0.017874,2026-09-04
$SPX,7718.6,2026-09-25,20,Put,"6,500.00",-15.79%,2.05,2.05,2.35,293,1320,0.22,11.92%,32.76%,-0.010628,2026-09-04
$SPX,7718.6,2026-10-09,34,Put,"7,300.00",-5.42%,26.3,26.65,27.2,37,172,0.22,11.92%,17.39%,-0.128113,2026-09-04
$SPX,7718.6,2026-09-09,4,Put,"6,875.00",-10.93%,0.3,0.2,0.4,32,148,0.22,11.92%,41.29%,-0.003391,2026-09-04
$SPX,7718.6,2026-10-16,41,Put,"7,575.00",-1.86%,74.8,72.23,75.8,39,181,0.22,11.92%,14.22%,-0.31282,2026-09-04
$SPX,7718.6,2027-12-17,468,Put,"6,600.00",-14.49%,200.2,200.57,206.2,1300,5787,0.22,11.92%,21.94%,-0.178959,2026-09-04
$SPX,7718.6,2026-09-08,3,Call,"7,650.00",+0.89%,63.4,67.42,64.2,148,672,0.22,11.92%,0.00%,0,2026-09-04
$SPX,7718.6,2026-09-10,5,Call,"7,920.00",-2.61%,0.25,0.25,0.4,115,533,0.22,11.92%,9.42%,0.011162,2026-09-04
$SPX,7718.6,2026-09-10,5,Call,"8,100.00",-4.94%,0.1,0.1,0.25,106,475,0.22,11.92%,15.36%,0.00408,2026-09-04
$SPX,7718.6,2026-09-23,18,Call,"7,800.00",-1.05%,35.5,37.3,36.4,75,344,0.22,11.92%,9.34%,0.341121,2026-09-04
$SPX,7718.6,2026-10-02,27,Call,"7,675.00",+0.56%,129.3,134.46,130.4,37,167,0.22,11.92%,11.31%,0.612909,2026-09-04
$SPX,7718.6,2026-12-18,104,Call,"7,890.00",-2.22%,168.2,171.5,169.5,11,49,0.22,11.92%,12.63%,0.448546,2026-09-04
$SPX,7718.6,2026-11-20,76,Call,"7,000.00",+9.31%,798.7,803.97,801.3,6000,26966,0.22,11.92%,17.86%,0.908975,2026-09-04
$SPX,7718.6,2026-11-20,76,Call,"8,475.00",-9.80%,7.2,7.55,7.9,106,475,0.22,11.92%,11.09%,0.047492,2026-09-04
$SPX,7718.6,2026-09-25,20,Call,"7,630.00",+1.15%,140.9,144.68,141.9,12,54,0.22,11.92%,11.02%,0.704564,2026-09-04
$SPX,7718.6,2027-01-15,132,Call,"7,990.00",-3.52%,165.6,166,168,11,50,0.22,11.92%,12.76%,0.408822,2026-09-04
$SPX,7718.6,2027-09-17,377,Call,"8,275.00",-7.21%,364,366.85,366.7,13,59,0.22,11.92%,14.69%,0.455904,2026-09-04
$SPX,7718.6,2027-09-17,377,Call,"8,800.00",-14.01%,171,174.25,173.2,133,610,0.22,11.92%,13.51%,0.280646,2026-09-04
$SPX,7718.6,2026-09-09,4,Call,"7,825.00",-1.38%,0.65,0.75,0.8,4606,21170,0.22,11.92%,6.90%,0.033167,2026-09-04
$SPX,7718.6,2026-09-17,12,Call,"7,900.00",-2.35%,4.9,5.15,5.3,95,434,0.22,11.92%,8.95%,0.088611,2026-09-04
$SPX,7718.6,2026-10-16,41,Call,"7,810.00",-1.18%,87.4,92.08,88.5,36,163,0.22,11.92%,11.10%,0.426311,2026-09-04
$SPX,7718.6,2026-10-16,41,Call,"7,350.00",+4.78%,419.8,452.4,429.8,19,85,0.22,11.92%,14.54%,0.867432,2026-09-04
$SPX,7718.6,2026-09-22,17,Call,"7,700.00",+0.24%,81.3,82.72,82.3,172,790,0.22,11.92%,9.77%,0.581304,2026-09-04
$SPX,7718.6,2026-09-08,3,Put,"7,090.00",-8.14%,0.25,0.25,0.4,84,377,0.22,11.92%,35.81%,-0.004132,2026-09-04
$SPX,7718.6,2026-10-01,26,Put,"7,400.00",-4.13%,25.1,23.8,26,34,154,0.22,11.92%,16.17%,-0.146453,2026-09-04
$SPX,7718.6,2026-09-11,6,Put,"7,400.00",-4.13%,2.2,2.19,2.4,1021,4686,0.22,11.92%,18.16%,-0.032422,2026-09-04
$SPX,7718.6,2026-09-11,6,Put,"7,140.00",-7.50%,0.95,0.75,1.15,59,269,0.22,11.92%,27.04%,-0.011292,2026-09-04
$SPX,7718.6,2026-10-16,41,Put,"3,300.00",-57.25%,0,0.15,0.3,202,913,0.22,11.92%,76.61%,-0.000279,2026-09-04
$SPX,7718.6,2026-09-14,9,Put,"7,625.00",-1.21%,18.9,18.62,19.3,60,277,0.22,11.92%,11.50%,-0.233377,2026-09-04
$SPX,7718.6,2026-09-14,9,Put,"7,610.00",-1.41%,16.4,14.8,16.8,52,239,0.22,11.92%,11.74%,-0.205978,2026-09-04
$SPX,7718.6,2026-09-14,9,Put,"7,425.00",-3.80%,3.7,3,3.9,76,351,0.22,11.92%,15.33%,-0.048719,2026-09-04
$SPX,7718.6,2026-09-10,5,Put,"7,455.00",-3.42%,1.7,1.1,1.9,25,112,0.22,11.92%,16.24%,-0.031284,2026-09-04
$SPX,7718.6,2026-09-10,5,Put,"7,200.00",-6.72%,0.7,0.73,0.9,119,532,0.22,11.92%,25.88%,-0.009995,2026-09-04
$SPX,7718.6,2026-11-30,86,Put,"7,205.00",-6.65%,68.9,66.1,69.9,10,46,0.22,11.92%,18.16%,-0.181334,2026-09-04
$SPX,7718.6,2026-11-30,86,Put,"6,825.00",-11.58%,39.1,38.41,40,28,129,0.22,11.92%,21.79%,-0.098506,2026-09-04
$SPX,7718.6,2026-10-02,27,Put,"7,800.00",+1.05%,133.8,126.97,134.9,20,92,0.22,11.92%,11.72%,-0.60673,2026-09-04
$SPX,7718.6,2026-09-15,10,Put,"7,670.00",-0.63%,33,31.27,33.8,21,97,0.22,11.92%,11.19%,-0.346705,2026-09-04
$SPX,7718.6,2026-09-30,25,Put,"7,675.00",-0.56%,74.2,70.7,75.2,162,746,0.22,11.92%,12.70%,-0.403786,2026-09-04
$SPX,7718.6,2026-09-30,25,Put,"7,605.00",-1.47%,54.4,51.6,55.4,25,112,0.22,11.92%,13.49%,-0.310112,2026-09-04
$SPX,7718.6,2026-09-18,13,Put,"7,360.00",-4.65%,7,6.6,7.7,139,618,0.22,11.92%,17.32%,-0.065777,2026-09-04
$SPX,7718.6,2027-07-16,314,Put,"7,450.00",-3.48%,285.1,280.66,287.6,32,148,0.22,11.92%,17.64%,-0.330509,2026-09-04
$SPX,7718.6,2026-09-21,16,Put,"7,150.00",-7.37%,4.3,4,4.8,39,180,0.22,11.92%,20.66%,-0.034035,2026-09-04
$SPX,7718.6,2026-09-24,19,Put,"7,640.00",-1.02%,51.7,51.2,52.6,11,49,0.22,11.92%,12.97%,-0.3399,2026-09-04
$SPX,7718.6,2026-09-18,13,Put,"7,595.00",-1.60%,29.2,27.66,29.9,75,348,0.22,11.92%,13.65%,-0.24744,2026-09-04
$SPX,7718.6,2026-09-18,13,Put,"7,490.00",-2.96%,15.4,15.05,15.9,88,397,0.22,11.92%,15.32%,-0.136852,2026-09-04
$SPX,7718.6,2026-09-11,6,Put,"7,125.00",-7.69%,0.95,0.67,1.1,119,568,0.21,11.92%,27.59%,-0.01085,2026-09-04
$SPX,7718.6,2026-09-11,6,Put,"6,350.00",-17.73%,0.2,0.2,0.35,105,510,0.21,11.92%,52.97%,-0.001778,2026-09-04
$SPX,7718.6,2026-12-18,104,Put,"7,100.00",-8.01%,75.1,74.82,76.7,3455,16470,0.21,11.92%,19.37%,-0.170743,2026-09-04
$SPX,7718.6,2026-10-16,41,Put,"7,755.00",+0.47%,132.2,128.5,133.9,90,427,0.21,11.92%,12.39%,-0.51238,2026-09-04
$SPX,7718.6,2026-10-16,41,Put,"7,560.00",-2.05%,70.1,68.2,71.8,42,198,0.21,11.92%,14.27%,-0.298583,2026-09-04
$SPX,7718.6,2026-09-14,9,Put,"7,770.00",+0.67%,67,77.11,87,24,113,0.21,11.92%,10.48%,-0.643376,2026-09-04
$SPX,7718.6,2026-10-12,37,Put,"7,075.00",-8.34%,16.1,14.85,16.9,14,68,0.21,11.92%,20.03%,-0.073377,2026-09-04
$SPX,7718.6,2026-09-10,5,Put,"7,760.00",+0.54%,60.3,55.5,62.3,24,117,0.21,11.92%,10.86%,-0.652772,2026-09-04
$SPX,7718.6,2026-09-10,5,Put,"7,620.00",-1.28%,8.9,8.3,9.3,177,825,0.21,11.92%,11.65%,-0.162866,2026-09-04
$SPX,7718.6,2026-09-10,5,Put,"7,480.00",-3.09%,2,1.6,2.25,45,216,0.21,11.92%,15.41%,-0.037878,2026-09-04
$SPX,7718.6,2026-09-10,5,Put,"7,415.00",-3.93%,1.35,1.3,1.55,20,97,0.21,11.92%,17.64%,-0.024033,2026-09-04
$SPX,7718.6,2026-09-10,5,Put,"7,375.00",-4.45%,1.1,1.1,1.35,198,925,0.21,11.92%,19.10%,-0.019273,2026-09-04
$SPX,7718.6,2026-09-23,18,Put,"7,690.00",-0.37%,64.5,61.6,65.4,12,57,0.21,11.92%,12.26%,-0.420818,2026-09-04
$SPX,7718.6,2026-09-15,10,Put,"7,695.00",-0.31%,41.5,41.73,42.3,12,57,0.21,11.92%,10.96%,-0.412771,2026-09-04
$SPX,7718.6,2026-09-18,13,Put,"7,750.00",+0.41%,79.5,75.46,80.9,4695,22340,0.21,11.92%,11.69%,-0.553833,2026-09-04
$SPX,7718.6,2026-11-20,76,Put,"6,925.00",-10.28%,39.9,39.8,40.7,19,89,0.21,11.92%,21.26%,-0.107801,2026-09-04
$SPX,7718.6,2026-09-21,16,Put,"7,425.00",-3.80%,12.7,12.18,13.2,142,685,0.21,11.92%,15.59%,-0.105957,2026-09-04
$SPX,7718.6,2026-09-21,16,Put,"6,200.00",-19.67%,0.9,0.75,1.1,1211,5672,0.21,11.92%,41.19%,-0.004658,2026-09-04
$SPX,7718.6,2027-01-29,146,Put,"7,375.00",-4.45%,145.9,139.9,147.6,12,57,0.21,11.92%,16.93%,-0.277575,2026-09-04
$SPX,7718.6,2026-09-18,13,Put,"7,235.00",-6.27%,4.7,4,5.1,15,70,0.21,11.92%,20.24%,-0.04053,2026-09-04
$SPX,7718.6,2026-10-05,30,Put,"7,425.00",-3.80%,31.7,30.42,32.6,26,126,0.21,11.92%,15.59%,-0.171111,2026-09-04
$SPX,7718.6,2028-12-15,832,Put,"7,150.00",-7.37%,405.8,417.08,431,125,592,0.21,11.92%,19.92%,-0.273389,2026-09-04
$SPX,7718.6,2026-11-20,76,Put,"7,170.00",-7.11%,57.8,57,58.9,50,240,0.21,11.92%,18.70%,-0.162209,2026-09-04
$SPX,7718.6,2026-11-20,76,Put,"6,725.00",-12.87%,29.4,29.14,30.4,462,2195,0.21,11.92%,23.22%,-0.077835,2026-09-04
$SPX,7718.6,2026-09-09,4,Put,"7,510.00",-2.70%,1.4,1.45,1.6,62,292,0.21,11.92%,14.45%,-0.032615,2026-09-04
$SPX,7718.6,2026-09-09,4,Put,"7,440.00",-3.61%,0.9,0.85,1.1,70,330,0.21,11.92%,17.25%,-0.019473,2026-09-04
$SPX,7718.6,2027-03-19,195,Put,"6,500.00",-15.79%,76.2,76,77.4,2474,11908,0.21,11.92%,23.17%,-0.113213,2026-09-04
$SPX,7718.6,2027-03-19,195,Put,"4,300.00",-44.29%,13,12.85,13.6,850,4127,0.21,11.92%,40.82%,-0.014762,2026-09-04
$SPX,7718.6,2026-09-17,12,Put,"7,720.00",+0.02%,64.1,62.24,65,14,68,0.21,11.92%,12.14%,-0.483297,2026-09-04
$SPX,7718.6,2026-09-17,12,Put,"7,690.00",-0.37%,51.8,49.15,52.6,16,75,0.21,11.92%,12.38%,-0.413686,2026-09-04
$SPX,7718.6,2026-09-17,12,Put,"6,200.00",-19.67%,0.6,0.47,0.85,253,1205,0.21,11.92%,45.87%,-0.00359,2026-09-04
$SPX,7718.6,2026-10-30,55,Put,"7,675.00",-0.56%,125.4,123.1,126.6,58,282,0.21,11.92%,13.69%,-0.417792,2026-09-04
$SPX,7718.6,2027-02-19,167,Put,"7,950.00",+3.00%,344.3,340.49,346.9,75,358,0.21,11.92%,13.08%,-0.587598,2026-09-04
$SPX,7718.6,2026-09-16,11,Put,"7,590.00",-1.67%,21.7,19.82,22.3,40,192,0.21,11.92%,13.21%,-0.215981,2026-09-04
$SPX,7718.6,2026-09-16,11,Put,"7,470.00",-3.22%,9.3,9.3,9.7,213,1006,0.21,11.92%,15.19%,-0.098029,2026-09-04
$SPX,7718.6,2026-09-08,3,Call,"7,875.00",-2.03%,0.05,0.1,0.2,567,2659,0.21,11.92%,8.73%,0.006337,2026-09-04
$SPX,7718.6,2026-09-11,6,Call,"7,475.00",+3.16%,228.2,243.45,251.7,45,219,0.21,11.92%,6.62%,0.999941,2026-09-04
$SPX,7718.6,2026-09-11,6,Call,"8,040.00",-4.16%,0.3,0.2,0.45,94,456,0.21,11.92%,13.13%,0.00868,2026-09-04
$SPX,7718.6,2026-10-16,41,Call,"8,025.00",-3.97%,20.5,21.85,21.8,376,1778,0.21,11.92%,10.12%,0.156676,2026-09-04
$SPX,7718.6,2026-10-12,37,Call,"7,975.00",-3.32%,22.7,23.9,23.7,13,62,0.21,11.92%,9.78%,0.180456,2026-09-04
$SPX,7718.6,2026-09-10,5,Call,"7,775.00",-0.73%,6.9,7.4,7.3,365,1773,0.21,11.92%,6.94%,0.202882,2026-09-04
$SPX,7718.6,2026-09-10,5,Call,"7,960.00",-3.13%,0.2,0.15,0.35,49,238,0.21,11.92%,10.81%,0.008478,2026-09-04
$SPX,7718.6,2026-09-18,13,Call,"7,790.00",-0.93%,29.9,33.12,30.6,197,941,0.21,11.92%,9.53%,0.333242,2026-09-04
$SPX,7718.6,2026-09-18,13,Call,"7,870.00",-1.96%,10.3,10.64,10.8,97,465,0.21,11.92%,9.26%,0.151737,2026-09-04
$SPX,7718.6,2026-09-25,20,Call,"7,590.00",+1.67%,167.5,193.42,176.8,15,72,0.21,11.92%,11.31%,0.765113,2026-09-04
$SPX,7718.6,2026-09-25,20,Call,"7,870.00",-1.96%,20.4,21.5,21.2,40,192,0.21,11.92%,9.39%,0.216919,2026-09-04
$SPX,7718.6,2026-10-09,34,Call,"7,925.00",-2.67%,31.4,34,32.4,12,57,0.21,11.92%,10.10%,0.233119,2026-09-04
$SPX,7718.6,2027-09-17,377,Call,"8,350.00",-8.18%,329.7,333.52,332.3,49,238,0.21,11.92%,14.47%,0.430173,2026-09-04
$SPX,7718.6,2027-03-19,195,Call,"8,400.00",-8.83%,104.8,106.64,106.6,2189,10302,0.21,11.92%,12.53%,0.259285,2026-09-04
$SPX,7718.6,2026-10-30,55,Call,"7,680.00",+0.50%,195.1,194.58,196.4,22,106,0.21,11.92%,12.75%,0.594459,2026-09-04
$SPX,7718.6,2026-10-30,55,Call,"7,590.00",+1.67%,257.8,274.89,259,12,56,0.21,11.92%,13.41%,0.675884,2026-09-04
$SPX,7718.6,2026-09-08,3,Put,"6,500.00",-15.79%,0.05,0.1,0.2,420,1992,0.21,11.92%,62.10%,-0.00102,2026-09-04
$SPX,7718.6,2026-10-01,26,Put,"7,710.00",-0.11%,88.8,84.7,90.1,10,47,0.21,11.92%,12.39%,-0.458007,2026-09-04
$SPX,7718.6,2026-10-01,26,Put,"7,275.00",-5.75%,16.4,16.64,17.1,29,139,0.21,11.92%,17.92%,-0.095053,2026-09-04
$SPX,7718.6,2026-10-01,26,Call,"7,725.00",-0.08%,93.4,97.9,94.5,26,132,0.2,11.92%,10.60%,0.530398,2026-09-04
$SPX,7718.6,2026-10-16,41,Call,"7,935.00",-2.80%,39.8,43.8,41.4,46,233,0.2,11.92%,10.39%,0.255662,2026-09-04
$SPX,7718.6,2026-12-31,117,Call,"7,860.00",-1.83%,203.1,207.1,204.7,11,54,0.2,11.92%,12.91%,0.482858,2026-09-04
$SPX,7718.6,2026-09-10,5,Call,"7,650.00",+0.89%,72,80.29,73.9,31,157,0.2,11.92%,4.43%,0.965508,2026-09-04
$SPX,7718.6,2026-09-10,5,Call,"7,875.00",-2.03%,0.45,0.4,0.65,577,2852,0.2,11.92%,8.15%,0.020356,2026-09-04
$SPX,7718.6,2026-09-10,5,Call,"8,050.00",-4.29%,0.15,0.1,0.3,133,673,0.2,11.92%,13.95%,0.005608,2026-09-04
$SPX,7718.6,2026-09-15,10,Call,"8,050.00",-4.29%,0.35,0.35,0.6,37,186,0.2,11.92%,10.67%,0.010298,2026-09-04
$SPX,7718.6,2026-09-15,10,Call,"8,075.00",-4.62%,0.3,0.35,0.55,25,125,0.2,11.92%,11.21%,0.008907,2026-09-04
$SPX,7718.6,2026-09-30,25,Call,"7,710.00",+0.11%,98.4,98.7,99.4,30,148,0.2,11.92%,10.48%,0.557655,2026-09-04
$SPX,7718.6,2026-09-30,25,Call,"7,970.00",-3.26%,9.6,10.15,10.3,25,122,0.2,11.92%,9.19%,0.111726,2026-09-04
$SPX,7718.6,2026-09-18,13,Call,"7,950.00",-3.00%,2.5,2.97,3.1,1787,8787,0.2,11.92%,9.09%,0.050765,2026-09-04
$SPX,7718.6,2026-09-18,13,Call,"7,815.00",-1.25%,22,23.55,22.7,41,209,0.2,11.92%,9.43%,0.268852,2026-09-04
$SPX,7718.6,2026-09-18,13,Call,"8,160.00",-5.72%,0.45,0.35,0.7,25,123,0.2,11.92%,12.23%,0.00962,2026-09-04
$SPX,7718.6,2026-10-05,30,Call,"7,850.00",-1.70%,43.6,45.01,44.8,19,94,0.2,11.92%,9.86%,0.317353,2026-09-04
$SPX,7718.6,2026-10-05,30,Call,"7,975.00",-3.32%,14.1,15.2,15,27,133,0.2,11.92%,9.41%,0.138974,2026-09-04
$SPX,7718.6,2026-11-20,76,Call,"9,000.00",-16.60%,0.9,1,1.3,1150,5741,0.2,11.92%,12.97%,0.00745,2026-09-04
$SPX,7718.6,2027-01-15,132,Call,"8,225.00",-6.56%,83.3,83.3,85.3,165,845,0.2,11.92%,12.07%,0.258643,2026-09-04
$SPX,7718.6,2027-09-17,377,Call,"10,600.00",-37.33%,7.6,8.2,8.3,177,871,0.2,11.92%,13.01%,0.0219,2026-09-04
$SPX,7718.6,2026-10-30,55,Call,"7,650.00",+0.89%,215.2,222.07,216.4,93,466,0.2,11.92%,12.96%,0.623124,2026-09-04
$SPX,7718.6,2026-10-30,55,Call,"7,600.00",+1.54%,250.5,252.52,251.7,79,386,0.2,11.92%,13.34%,0.667509,2026-09-04
$SPX,7718.6,2026-10-16,41,Call,"7,650.00",+0.89%,181.1,188.2,182.2,64,318,0.2,11.92%,12.20%,0.633345,2026-09-04
$SPX,7718.6,2026-10-16,41,Call,"7,825.00",-1.38%,80.5,84.4,81.6,18,91,0.2,11.92%,11.01%,0.40533,2026-09-04
$SPX,7718.6,2026-10-16,41,Call,"7,865.00",-1.90%,64,67.4,65,10,51,0.2,11.92%,10.80%,0.349833,2026-09-04
$SPX,7718.6,2026-10-16,41,Call,"8,280.00",-7.27%,3.1,3.2,3.6,12,60,0.2,11.92%,10.53%,0.031866,2026-09-04
$SPX,7718.6,2026-09-16,11,Call,"7,710.00",+0.11%,56.7,61.59,57.5,24,120,0.2,11.92%,9.01%,0.559248,2026-09-04
$SPX,7718.6,2026-10-01,26,Put,"7,375.00",-4.45%,22.9,21.85,23.8,25,122,0.2,11.92%,16.51%,-0.133879,2026-09-04
$SPX,7718.6,2026-09-28,23,Put,"7,550.00",-2.18%,37.8,35.7,38.7,41,201,0.2,11.92%,13.85%,-0.239247,2026-09-04
$SPX,7718.6,2026-09-28,23,Put,"7,540.00",-2.31%,36.1,34.2,37,51,259,0.2,11.92%,13.98%,-0.229455,2026-09-04
$SPX,7718.6,2026-09-28,23,Put,"7,200.00",-6.72%,9.7,9.77,10.4,34,166,0.2,11.92%,18.88%,-0.062295,2026-09-04
$SPX,7718.6,2027-08-20,349,Put,"6,925.00",-10.28%,201.5,196.88,203.7,32,163,0.2,11.92%,20.46%,-0.214615,2026-09-04
$SPX,7718.6,2026-10-16,41,Put,"7,650.00",-0.89%,93.4,90.43,95.1,1587,8019,0.2,11.92%,13.35%,-0.38516,2026-09-04
$SPX,7718.6,2026-10-16,41,Put,"6,610.00",-14.36%,8.8,8.55,9.5,94,478,0.2,11.92%,26.43%,-0.03303,2026-09-04
$SPX,7718.6,2026-09-14,9,Put,"7,325.00",-5.10%,2.25,1.9,2.45,70,348,0.2,11.92%,17.85%,-0.028025,2026-09-04
$SPX,7718.6,2026-09-10,5,Put,"7,590.00",-1.67%,6.1,6.27,6.4,206,1017,0.2,11.92%,12.33%,-0.114566,2026-09-04
$SPX,7718.6,2026-09-10,5,Put,"6,900.00",-10.61%,0.4,0.4,0.6,66,322,0.2,11.92%,37.30%,-0.004659,2026-09-04
$SPX,7718.6,2026-09-15,10,Put,"7,560.00",-2.05%,12.6,12.17,13.2,22,111,0.2,11.92%,12.80%,-0.150907,2026-09-04
$SPX,7718.6,2026-09-30,25,Put,"7,615.00",-1.34%,56.9,54.2,57.8,28,137,0.2,11.92%,13.37%,-0.322336,2026-09-04
$SPX,7718.6,2026-11-20,76,Put,"7,500.00",-2.83%,107.6,107.68,108.7,94,479,0.2,11.92%,15.69%,-0.300582,2026-09-04
$SPX,7718.6,2026-09-21,16,Put,"7,200.00",-6.72%,5,4.19,5.5,56,274,0.2,11.92%,19.65%,-0.04031,2026-09-04
$SPX,7718.6,2026-09-24,19,Put,"7,425.00",-3.80%,17.8,17.45,18.6,68,347,0.2,11.92%,15.90%,-0.128357,2026-09-04
$SPX,7718.6,2027-03-31,207,Put,"7,300.00",-5.42%,180.1,177.75,182.1,13,64,0.2,11.92%,17.91%,-0.271525,2026-09-04
$SPX,7718.6,2026-09-18,13,Put,"7,755.00",+0.47%,84,80.8,84.8,41,202,0.2,11.92%,11.93%,-0.564078,2026-09-04
$SPX,7718.6,2026-09-18,13,Put,"7,485.00",-3.03%,14.9,13.8,15.5,39,194,0.2,11.92%,15.40%,-0.133067,2026-09-04
$SPX,7718.6,2026-09-18,13,Put,"7,430.00",-3.74%,11,10.05,11.6,43,210,0.2,11.92%,16.37%,-0.099077,2026-09-04
$SPX,7718.6,2026-09-18,13,Put,"7,220.00",-6.46%,4.5,3.85,4.9,64,316,0.2,11.92%,20.59%,-0.038491,2026-09-04
$SPX,7718.6,2026-09-18,13,Put,"7,125.00",-7.69%,3.4,3.4,3.8,66,337,0.2,11.92%,22.76%,-0.027895,2026-09-04
$SPX,7718.6,2026-09-18,13,Put,"6,700.00",-13.20%,1.55,1.55,1.8,206,1052,0.2,11.92%,32.99%,-0.010071,2026-09-04
$SPX,7718.6,2026-09-18,13,Put,"5,600.00",-27.45%,0.3,0.35,0.5,273,1385,0.2,11.92%,58.89%,-0.001576,2026-09-04
$SPX,7718.6,2026-11-20,76,Put,"7,670.00",-0.63%,152,145.55,154.1,27,135,0.2,11.92%,14.20%,-0.415902,2026-09-04
$SPX,7718.6,2026-11-20,76,Put,"7,655.00",-0.82%,147.1,144.77,149.3,21,104,0.2,11.92%,14.32%,-0.404481,2026-09-04
$SPX,7718.6,2026-11-20,76,Put,"7,385.00",-4.32%,84.9,78.47,86.2,120,599,0.2,11.92%,16.64%,-0.240724,2026-09-04
$SPX,7718.6,2026-09-25,20,Put,"7,370.00",-4.52%,15.4,14.55,16.1,26,132,0.2,11.92%,16.76%,-0.106793,2026-09-04
$SPX,7718.6,2026-10-09,34,Put,"6,200.00",-19.67%,3.7,3.77,4.1,22,112,0.2,11.92%,33.74%,-0.013536,2026-09-04
$SPX,7718.6,2026-10-09,34,Put,"4,200.00",-45.59%,0.25,0.31,0.5,20,102,0.2,11.92%,65.87%,-0.000837,2026-09-04
$SPX,7718.6,2027-06-17,285,Put,"5,375.00",-30.36%,47.6,47.93,48.7,25,122,0.2,11.92%,29.46%,-0.051741,2026-09-04
$SPX,7718.6,2026-09-09,4,Put,"7,310.00",-5.29%,0.6,0.55,0.8,89,442,0.2,11.92%,22.94%,-0.010944,2026-09-04
$SPX,7718.6,2026-09-09,4,Put,"6,200.00",-19.67%,0.1,0.1,0.2,402,2047,0.2,11.92%,68.36%,-0.000963,2026-09-04
$SPX,7718.6,2026-09-17,12,Put,"7,775.00",+0.73%,93.7,84.26,94.5,12,59,0.2,11.92%,11.93%,-0.615791,2026-09-04
$SPX,7718.6,2026-09-17,12,Put,"6,500.00",-15.79%,1,0.72,1.2,159,793,0.2,11.92%,38.65%,-0.006167,2026-09-04
$SPX,7718.6,2026-10-30,55,Put,"7,450.00",-3.48%,70.9,71.45,71.9,334,1707,0.2,11.92%,15.84%,-0.247559,2026-09-04
$SPX,7718.6,2026-10-30,55,Put,"7,220.00",-6.46%,42.7,39.45,43.6,10,51,0.2,11.92%,18.31%,-0.148102,2026-09-04
$SPX,7718.6,2026-10-30,55,Put,"4,600.00",-40.40%,1.45,1.47,1.75,192,951,0.2,11.92%,51.32%,-0.003228,2026-09-04
$SPX,7718.6,2026-10-16,41,Put,"7,570.00",-1.93%,73.7,71.5,74.7,25,122,0.2,11.92%,14.28%,-0.308535,2026-09-04
$SPX,7718.6,2026-10-16,41,Put,"7,390.00",-4.26%,43.5,41.5,44.4,12,59,0.2,11.92%,16.29%,-0.186596,2026-09-04
$SPX,7718.6,2026-10-16,41,Put,"6,990.00",-9.44%,17.1,17.38,17.8,58,292,0.2,11.92%,21.30%,-0.06974,2026-09-04
$SPX,7718.6,2026-09-16,11,Put,"6,600.00",-14.49%,0.95,0.95,1.15,76,374,0.2,11.92%,36.95%,-0.006417,2026-09-04
$SPX,7718.6,2026-10-05,30,Put,"7,000.00",-9.31%,9.5,8.7,10.2,45,234,0.19,11.92%,21.54%,-0.048575,2026-09-04
$SPX,7718.6,2026-11-20,76,Put,"7,500.00",-2.83%,106.3,106.67,107.8,2186,11702,0.19,11.92%,15.60%,-0.299659,2026-09-04
$SPX,7718.6,2026-11-20,76,Put,"7,420.00",-3.87%,90.8,88.9,92.3,71,366,0.19,11.92%,16.33%,-0.2573,2026-09-04
$SPX,7718.6,2026-09-25,20,Put,"7,800.00",+1.05%,122.1,120.68,123.1,35,184,0.19,11.92%,11.53%,-0.632949,2026-09-04
$SPX,7718.6,2026-10-09,34,Put,"7,600.00",-1.54%,69.1,66.42,70.2,33,176,0.19,11.92%,13.77%,-0.324523,2026-09-04
$SPX,7718.6,2027-09-17,377,Put,"7,950.00",+3.00%,473.5,471.9,476.4,47,253,0.19,11.92%,15.27%,-0.505263,2026-09-04
$SPX,7718.6,2026-09-09,4,Put,"7,320.00",-5.16%,0.65,0.65,0.8,54,290,0.19,11.92%,22.54%,-0.011476,2026-09-04
$SPX,7718.6,2026-09-09,4,Put,"7,300.00",-5.42%,0.6,0.55,0.8,132,679,0.19,11.92%,23.44%,-0.010732,2026-09-04
$SPX,7718.6,2026-09-17,12,Put,"7,490.00",-2.96%,13.2,13,13.9,11,58,0.19,11.92%,15.21%,-0.126529,2026-09-04
$SPX,7718.6,2026-10-16,41,Put,"7,520.00",-2.57%,63.2,61.1,64.2,13,70,0.19,11.92%,14.81%,-0.267823,2026-09-04
$SPX,7718.6,2026-10-16,41,Put,"7,465.00",-3.29%,53.8,51.58,54.7,12,63,0.19,11.92%,15.43%,-0.229443,2026-09-04
$SPX,7718.6,2026-10-16,41,Put,"7,210.00",-6.59%,27.5,25.17,28.3,17,88,0.19,11.92%,18.47%,-0.116563,2026-09-04
$SPX,7718.6,2026-10-16,41,Put,"6,675.00",-13.52%,10.1,9.85,10.6,15,78,0.19,11.92%,25.66%,-0.037776,2026-09-04
$SPX,7718.6,2026-09-22,17,Put,"7,575.00",-1.86%,31.6,27.95,32.4,55,284,0.19,11.92%,13.51%,-0.239207,2026-09-04
$SPX,7718.6,2026-09-16,11,Put,"7,430.00",-3.74%,7.3,7.45,7.8,11,59,0.19,11.92%,15.99%,-0.077408,2026-09-04
$SPX,7718.6,2026-09-11,6,Call,"7,650.00",+0.89%,80.3,84.67,82.1,140,739,0.19,11.92%,8.20%,0.818775,2026-09-04
$SPX,7718.6,2026-09-11,6,Call,"8,300.00",-7.53%,0.1,0.1,0.25,223,1187,0.19,11.92%,20.27%,0.002913,2026-09-04
$SPX,7718.6,2026-12-18,104,Call,"8,750.00",-13.36%,6,6.6,6.7,13,67,0.19,11.92%,11.59%,0.03441,2026-09-04
$SPX,7718.6,2026-10-16,41,Call,"7,950.00",-3.00%,35.8,37.45,37.4,2453,13145,0.19,11.92%,10.34%,0.237228,2026-09-04
$SPX,7718.6,2026-09-10,5,Call,"7,675.00",+0.56%,53.2,59.4,53.7,68,351,0.19,11.92%,6.15%,0.804886,2026-09-04
$SPX,7718.6,2026-09-10,5,Call,"7,950.00",-3.00%,0.2,0.2,0.35,182,956,0.19,11.92%,10.42%,0.008767,2026-09-04
$SPX,7718.6,2026-11-03,59,Call,"8,300.00",-7.53%,8.3,9.4,9.3,21,108,0.19,11.92%,10.65%,0.062412,2026-09-04
$SPX,7718.6,2026-10-02,27,Call,"7,680.00",+0.50%,126,127.78,127.1,34,175,0.19,11.92%,11.27%,0.605098,2026-09-04
$SPX,7718.6,2026-09-15,10,Call,"7,800.00",-1.05%,13,14.18,13.6,73,377,0.19,11.92%,7.76%,0.231721,2026-09-04
$SPX,7718.6,2026-10-06,31,Call,"8,100.00",-4.94%,4.4,5.1,5.1,54,283,0.19,11.92%,9.50%,0.053193,2026-09-04
$SPX,7718.6,2026-09-18,13,Call,"7,825.00",-1.38%,19.3,20.67,20,286,1491,0.19,11.92%,9.38%,0.244694,2026-09-04
$SPX,7718.6,2026-09-18,13,Call,"7,970.00",-3.26%,2.2,2.33,2.55,44,232,0.19,11.92%,9.43%,0.042686,2026-09-04
$SPX,7718.6,2026-09-18,13,Call,"8,010.00",-3.78%,1.25,1.45,1.55,73,376,0.19,11.92%,9.72%,0.026159,2026-09-04
$SPX,7718.6,2026-09-18,13,Call,"8,040.00",-4.16%,0.9,1.03,1.15,48,251,0.19,11.92%,10.07%,0.019236,2026-09-04
$SPX,7718.6,2026-09-18,13,Call,"8,050.00",-4.29%,0.85,0.9,1.1,186,972,0.19,11.92%,10.26%,0.018092,2026-09-04
$SPX,7718.6,2026-10-05,30,Call,"7,950.00",-3.00%,18,19.4,19,28,151,0.19,11.92%,9.47%,0.167846,2026-09-04
$SPX,7718.6,2026-11-20,76,Call,"7,685.00",+0.44%,233.4,246.92,235.7,12,63,0.19,11.92%,13.21%,0.591218,2026-09-04
$SPX,7718.6,2026-11-20,76,Call,"7,755.00",-0.47%,190.1,191.1,191.9,23,119,0.19,11.92%,12.77%,0.532268,2026-09-04
$SPX,7718.6,2026-10-09,34,Call,"7,750.00",-0.41%,101.3,103.8,102.5,15,80,0.19,11.92%,11.09%,0.499627,2026-09-04
$SPX,7718.6,2026-09-09,4,Call,"7,650.00",+0.89%,67.5,76.05,69.3,237,1259,0.19,11.92%,8.06%,0.866317,2026-09-04
$SPX,7718.6,2026-09-09,4,Call,"7,875.00",-2.03%,0.25,0.25,0.35,207,1088,0.19,11.92%,8.39%,0.012741,2026-09-04
$SPX,7718.6,2026-10-30,55,Call,"8,325.00",-7.86%,6.1,6.9,6.8,21,112,0.19,11.92%,10.76%,0.048801,2026-09-04
$SPX,7718.6,2026-10-16,41,Call,"7,725.00",-0.08%,132.8,138.72,133.9,55,295,0.19,11.92%,11.65%,0.541822,2026-09-04
$SPX,7718.6,2026-10-16,41,Call,"7,915.00",-2.54%,46.8,51.44,47.8,13,68,0.19,11.92%,10.58%,0.283118,2026-09-04
$SPX,7718.6,2026-10-01,26,Put,"7,550.00",-2.18%,44.9,42.7,45.9,21,108,0.19,11.92%,14.21%,-0.254853,2026-09-04
$SPX,7718.6,2026-10-01,26,Put,"7,250.00",-6.07%,15.1,14.3,15.9,27,140,0.19,11.92%,18.29%,-0.087585,2026-09-04
$SPX,7718.6,2026-09-28,23,Put,"7,525.00",-2.51%,33.7,30.05,34.6,26,138,0.19,11.92%,14.17%,-0.215433,2026-09-04
$SPX,7718.6,2027-08-20,349,Put,"7,375.00",-4.45%,288.7,282.03,291.3,64,338,0.19,11.92%,18.22%,-0.312296,2026-09-04
$SPX,7718.6,2026-09-11,6,Put,"7,420.00",-3.87%,2.5,2.05,2.65,260,1381,0.19,11.92%,17.56%,-0.036855,2026-09-04
$SPX,7718.6,2026-09-11,6,Put,"6,725.00",-12.87%,0.45,0.4,0.65,37,193,0.19,11.92%,41.40%,-0.00424,2026-09-04
$SPX,7718.6,2026-10-16,41,Put,"6,870.00",-10.99%,13.3,12.35,14.1,62,322,0.19,11.92%,22.80%,-0.053448,2026-09-04
$SPX,7718.6,2026-10-16,41,Put,"6,260.00",-18.90%,5.5,5.06,6,100,538,0.19,11.92%,31.39%,-0.018756,2026-09-04
$SPX,7718.6,2026-10-12,37,Put,"7,100.00",-8.01%,17.1,16.2,17.9,17,91,0.19,11.92%,19.71%,-0.07819,2026-09-04
$SPX,7718.6,2026-12-31,117,Put,"7,725.00",+0.08%,212.7,210.96,214.3,48,255,0.19,11.92%,14.24%,-0.450641,2026-09-04
$SPX,7718.6,2026-09-10,5,Put,"7,610.00",-1.41%,7.8,7.4,8.2,205,1054,0.19,11.92%,11.86%,-0.144643,2026-09-04
$SPX,7718.6,2026-09-10,5,Put,"7,180.00",-6.98%,0.7,0.65,0.85,26,140,0.19,11.92%,26.67%,-0.009449,2026-09-04
$SPX,7718.6,2026-11-30,86,Put,"7,575.00",-1.86%,133.4,130.83,134.7,14,75,0.19,11.92%,14.90%,-0.34975,2026-09-04
$SPX,7718.6,2026-09-15,10,Put,"7,655.00",-0.82%,28.8,26.1,29.5,22,114,0.19,11.92%,11.36%,-0.310821,2026-09-04
$SPX,7718.6,2026-09-18,13,Put,"7,625.00",-1.21%,33.8,33.12,35,918,4799,0.19,11.92%,12.94%,-0.289026,2026-09-04
$SPX,7718.6,2027-01-29,146,Put,"5,200.00",-32.63%,16.6,16.55,17.2,16,86,0.19,11.92%,34.80%,-0.024452,2026-09-04
$SPX,7718.6,2027-06-30,298,Put,"5,250.00",-31.98%,45.9,45.73,47,11,57,0.19,11.92%,30.07%,-0.048195,2026-09-04
$SPX,7718.6,2026-09-18,13,Put,"7,415.00",-3.93%,10.2,9.78,10.7,51,272,0.19,11.92%,16.64%,-0.091573,2026-09-04
$SPX,7718.6,2026-09-11,6,Put,"7,340.00",-4.91%,1.65,1.3,1.85,257,1401,0.18,11.92%,20.06%,-0.023324,2026-09-04
$SPX,7718.6,2026-09-11,6,Put,"6,400.00",-17.08%,0.25,0.2,0.4,722,3948,0.18,11.92%,51.83%,-0.002118,2026-09-04
$SPX,7718.6,2026-12-18,104,Put,"6,300.00",-18.38%,28.3,28.49,29.2,4454,24969,0.18,11.92%,26.61%,-0.058056,2026-09-04
$SPX,7718.6,2026-10-16,41,Put,"7,180.00",-6.98%,24.9,24.18,26.1,216,1231,0.18,11.92%,18.74%,-0.106955,2026-09-04
$SPX,7718.6,2026-09-14,9,Put,"6,400.00",-17.08%,0.3,0.35,0.5,52,294,0.18,11.92%,43.23%,-0.002514,2026-09-04
$SPX,7718.6,2026-09-23,18,Put,"7,700.00",-0.24%,68.2,64.56,69.2,13,72,0.18,11.92%,12.16%,-0.439725,2026-09-04
$SPX,7718.6,2026-09-23,18,Put,"6,800.00",-11.90%,2.65,2.45,2.95,40,217,0.18,11.92%,27.44%,-0.016287,2026-09-04
$SPX,7718.6,2026-10-02,27,Put,"7,410.00",-4.00%,27.9,26.6,28.8,25,137,0.18,11.92%,16.13%,-0.157164,2026-09-04
$SPX,7718.6,2026-09-15,10,Put,"7,700.00",-0.24%,43.4,39.68,44.2,80,448,0.18,11.92%,10.91%,-0.426906,2026-09-04
$SPX,7718.6,2026-09-29,24,Put,"7,350.00",-4.78%,17.8,16.77,18.6,10,57,0.18,11.92%,16.67%,-0.111938,2026-09-04
$SPX,7718.6,2026-09-29,24,Put,"7,225.00",-6.39%,11.6,10.86,12.3,22,120,0.18,11.92%,18.53%,-0.07201,2026-09-04
$SPX,7718.6,2026-09-30,25,Put,"7,595.00",-1.60%,52.1,47.5,53,26,145,0.18,11.92%,13.60%,-0.298306,2026-09-04
$SPX,7718.6,2026-09-30,25,Put,"7,505.00",-2.77%,35.6,30.38,36.5,20,113,0.18,11.92%,14.72%,-0.21086,2026-09-04
$SPX,7718.6,2026-09-30,25,Put,"6,125.00",-20.65%,1.75,1.6,2.05,25,141,0.18,11.92%,37.38%,-0.007425,2026-09-04
$SPX,7718.6,2026-09-18,13,Put,"7,735.00",+0.21%,71.9,69.98,73.2,846,4648,0.18,11.92%,11.78%,-0.517643,2026-09-04
$SPX,7718.6,2027-07-16,314,Put,"6,075.00",-21.29%,91.2,88.5,92.7,24,132,0.18,11.92%,24.88%,-0.099927,2026-09-04
$SPX,7718.6,2027-04-16,223,Put,"6,250.00",-19.03%,70.9,69.05,72.3,36,199,0.18,11.92%,24.57%,-0.095626,2026-09-04
$SPX,7718.6,2026-09-24,19,Put,"6,000.00",-22.27%,0.95,0.87,1.2,200,1100,0.18,11.92%,43.23%,-0.004387,2026-09-04
$SPX,7718.6,2026-09-24,19,Put,"5,600.00",-27.45%,0.5,0.5,0.75,30,168,0.18,11.92%,50.89%,-0.002284,2026-09-04
$SPX,7718.6,2026-09-18,13,Put,"7,630.00",-1.15%,36.7,35.56,37.4,559,3072,0.18,11.92%,13.17%,-0.301345,2026-09-04
$SPX,7718.6,2026-09-18,13,Put,"7,465.00",-3.29%,13.3,11.9,13.9,31,174,0.18,11.92%,15.75%,-0.119309,2026-09-04
$SPX,7718.6,2026-09-18,13,Put,"7,330.00",-5.03%,6.8,5.75,7.2,76,426,0.18,11.92%,18.25%,-0.060325,2026-09-04
$SPX,7718.6,2026-09-18,13,Put,"7,100.00",-8.01%,3.2,2.87,3.5,555,3090,0.18,11.92%,23.30%,-0.025637,2026-09-04
$SPX,7718.6,2028-12-15,832,Put,"6,700.00",-13.20%,315.3,327.85,340.4,225,1236,0.18,11.92%,21.46%,-0.209463,2026-09-04
$SPX,7718.6,2026-11-20,76,Put,"7,635.00",-1.08%,140.9,139,143,32,175,0.18,11.92%,14.48%,-0.389314,2026-09-04
$SPX,7718.6,2026-09-25,20,Put,"7,570.00",-1.93%,38.1,36.72,39,12,67,0.18,11.92%,13.92%,-0.253039,2026-09-04
$SPX,7718.6,2026-09-25,20,Put,"6,700.00",-13.20%,2.8,2.4,3.2,136,763,0.18,11.92%,28.93%,-0.015733,2026-09-04
$SPX,7718.6,2026-10-09,34,Put,"6,150.00",-20.32%,3.5,3.25,3.9,20,112,0.18,11.92%,34.55%,-0.012629,2026-09-04
$SPX,7718.6,2026-09-09,4,Put,"7,445.00",-3.54%,0.95,0.8,1.15,19,105,0.18,11.92%,17.11%,-0.020483,2026-09-04
$SPX,7718.6,2026-09-09,4,Put,"7,000.00",-9.31%,0.35,0.35,0.5,99,541,0.18,11.92%,36.21%,-0.004576,2026-09-04
$SPX,7718.6,2027-03-19,195,Put,"7,900.00",+2.35%,345.1,341.8,347.4,642,3596,0.18,11.92%,14.01%,-0.537073,2026-09-04
$SPX,7718.6,2026-09-17,12,Put,"7,475.00",-3.16%,12.1,11.73,12.7,30,163,0.18,11.92%,15.48%,-0.115966,2026-09-04
$SPX,7718.6,2026-09-17,12,Put,"7,470.00",-3.22%,11.7,11.88,12.3,26,144,0.18,11.92%,15.55%,-0.112431,2026-09-04
$SPX,7718.6,2026-10-30,55,Put,"7,725.00",+0.08%,143.4,141.3,144.6,184,1012,0.18,11.92%,13.26%,-0.467706,2026-09-04
$SPX,7718.6,2026-10-16,41,Put,"7,705.00",-0.18%,113.5,104.2,114.6,10,57,0.18,11.92%,12.95%,-0.448609,2026-09-04
$SPX,7718.6,2026-10-16,41,Put,"7,350.00",-4.78%,39,37.65,39.9,83,468,0.18,11.92%,16.75%,-0.167313,2026-09-04
$SPX,7718.6,2027-02-19,167,Put,"5,475.00",-29.07%,24.9,24.35,25.9,18,98,0.18,11.92%,31.42%,-0.036068,2026-09-04
$SPX,7718.6,2026-09-16,11,Put,"7,660.00",-0.76%,37.2,34,38,20,109,0.18,11.92%,12.28%,-0.340827,2026-09-04
$SPX,7718.6,2027-08-20,349,Call,"9,800.00",-26.97%,22.9,23,24,43,245,0.18,11.92%,12.67%,0.05969,2026-09-04
$SPX,7718.6,2026-09-11,6,Call,"7,625.00",+1.21%,100.3,106.78,102.2,37,209,0.18,11.92%,7.47%,0.909941,2026-09-04
$SPX,7718.6,2026-09-11,6,Call,"7,925.00",-2.67%,0.6,0.6,0.8,289,1638,0.18,11.92%,9.75%,0.019845,2026-09-04
$SPX,7718.6,2026-09-11,6,Call,"7,980.00",-3.39%,0.4,0.35,0.55,185,1031,0.18,11.92%,11.31%,0.012288,2026-09-04
$SPX,7718.6,2026-12-18,104,Call,"8,425.00",-9.15%,23.8,24.23,25.1,56,309,0.18,11.92%,11.43%,0.110228,2026-09-04
$SPX,7718.6,2026-10-16,41,Call,"7,830.00",-1.44%,76.8,77.8,78.6,52,282,0.18,11.92%,10.87%,0.397153,2026-09-04
$SPX,7718.6,2026-12-31,117,Call,"7,425.00",+3.80%,491.3,495.67,503.3,30,170,0.18,11.92%,15.37%,0.736007,2026-09-04
$SPX,7718.6,2026-09-10,5,Call,"7,685.00",+0.44%,46.2,48.05,46.7,22,120,0.18,11.92%,6.42%,0.742433,2026-09-04
$SPX,7718.6,2026-11-30,86,Call,"7,590.00",+1.67%,314.3,330.87,315.6,12,66,0.18,11.92%,13.75%,0.6613,2026-09-04
$SPX,7718.6,2026-10-02,27,Call,"8,200.00",-6.24%,1.4,1.4,1.75,45,251,0.18,11.92%,10.28%,0.020036,2026-09-04
$SPX,7718.6,2026-09-30,25,Call,"7,980.00",-3.39%,8.5,9.89,9.2,22,122,0.18,11.92%,9.17%,0.101583,2026-09-04
$SPX,7718.6,2026-11-20,76,Call,"8,700.00",-12.71%,2.7,2.77,3.1,72,398,0.18,11.92%,11.73%,0.019499,2026-09-04
$SPX,7718.6,2026-09-24,19,Call,"8,100.00",-4.94%,1.1,1.45,1.45,11,61,0.18,11.92%,9.85%,0.020138,2026-09-04
$SPX,7718.6,2026-09-18,13,Call,"7,780.00",-0.80%,33.6,35.35,34.3,240,1326,0.18,11.92%,9.59%,0.360411,2026-09-04
$SPX,7718.6,2026-09-18,13,Call,"7,640.00",+1.02%,114,117.34,114.8,37,202,0.18,11.92%,10.40%,0.724837,2026-09-04
$SPX,7718.6,2026-09-18,13,Call,"7,995.00",-3.58%,1.55,1.52,1.85,77,417,0.18,11.92%,9.60%,0.031367,2026-09-04
$SPX,7718.6,2026-09-18,13,Call,"8,170.00",-5.85%,0.45,0.4,0.65,13,71,0.18,11.92%,12.40%,0.009126,2026-09-04
$SPX,7718.6,2027-03-19,195,Call,"8,800.00",-14.01%,36.3,36.4,37.6,1509,8226,0.18,11.92%,12.09%,0.115268,2026-09-04
$SPX,7718.6,2026-10-16,41,Call,"7,755.00",-0.47%,115.6,119.78,116.7,11,60,0.18,11.92%,11.45%,0.50207,2026-09-04
$SPX,7718.6,2026-10-16,41,Call,"8,175.00",-5.91%,6.5,7.4,7.2,51,283,0.18,11.92%,10.17%,0.061044,2026-09-04
$SPX,7718.6,2026-09-08,3,Call,"7,500.00",+2.83%,209.2,215.06,210.2,29,171,0.17,11.92%,0.00%,0,2026-09-04
$SPX,7718.6,2027-08-20,349,Call,"7,750.00",-0.41%,622.4,624.17,625.9,631,3671,0.17,11.92%,16.36%,0.615279,2026-09-04
$SPX,7718.6,2026-09-10,5,Call,"7,930.00",-2.74%,0.25,0.2,0.4,56,333,0.17,11.92%,9.83%,0.010745,2026-09-04
$SPX,7718.6,2026-10-02,27,Call,"7,825.00",-1.38%,49.2,51.57,50.3,36,212,0.17,11.92%,10.19%,0.350694,2026-09-04
$SPX,7718.6,2026-09-30,25,Call,"7,740.00",-0.28%,81.1,80.32,82.1,52,304,0.17,11.92%,10.26%,0.501159,2026-09-04
$SPX,7718.6,2026-09-30,25,Call,"7,850.00",-1.70%,33.8,34.81,34.6,1006,5802,0.17,11.92%,9.57%,0.286931,2026-09-04
$SPX,7718.6,2026-09-18,13,Call,"7,745.00",-0.34%,46.8,48.2,48.1,561,3349,0.17,11.92%,9.50%,0.456444,2026-09-04
$SPX,7718.6,2026-09-18,13,Call,"7,750.00",-0.41%,44.5,46.9,45.8,4830,29112,0.17,11.92%,9.48%,0.442089,2026-09-04
$SPX,7718.6,2026-11-20,76,Call,"7,725.00",-0.08%,209.5,214.71,210.8,11,66,0.17,11.92%,13.03%,0.557937,2026-09-04
$SPX,7718.6,2026-09-21,16,Call,"7,800.00",-1.05%,29.9,31.5,30.7,127,764,0.17,11.92%,9.02%,0.322157,2026-09-04
$SPX,7718.6,2026-09-21,16,Call,"7,825.00",-1.38%,22.2,23.67,23,21,123,0.17,11.92%,8.92%,0.261483,2026-09-04
$SPX,7718.6,2026-09-18,13,Call,"7,810.00",-1.18%,23.5,25.39,24.2,83,479,0.17,11.92%,9.46%,0.281536,2026-09-04
$SPX,7718.6,2026-10-05,30,Call,"7,900.00",-2.35%,28.6,29.58,29.6,25,147,0.17,11.92%,9.62%,0.236354,2026-09-04
$SPX,7718.6,2026-11-20,76,Call,"7,820.00",-1.31%,154.1,159.4,155.9,37,216,0.17,11.92%,12.41%,0.473791,2026-09-04
$SPX,7718.6,2026-11-20,76,Call,"7,920.00",-2.61%,107.4,108.5,109.3,12,69,0.17,11.92%,11.95%,0.380745,2026-09-04
$SPX,7718.6,2026-09-25,20,Call,"7,775.00",-0.73%,52.7,54.86,53.6,157,940,0.17,11.92%,9.93%,0.414488,2026-09-04
$SPX,7718.6,2026-10-16,41,Call,"7,760.00",-0.54%,112.8,120.45,113.9,28,167,0.17,11.92%,11.41%,0.495303,2026-09-04
$SPX,7718.6,2026-10-16,41,Call,"8,375.00",-8.50%,1.8,2.16,2.15,31,184,0.17,11.92%,11.05%,0.019133,2026-09-04
$SPX,7718.6,2028-06-16,650,Call,"8,800.00",-14.01%,433.1,441.55,443.9,106,642,0.17,11.92%,15.28%,0.425998,2026-09-04
$SPX,7718.6,2026-09-16,11,Call,"7,685.00",+0.44%,71.8,73.42,72.6,18,108,0.17,11.92%,9.06%,0.638582,2026-09-04
$SPX,7718.6,2026-09-08,3,Put,"7,190.00",-6.85%,0.35,0.3,0.45,45,268,0.17,11.92%,31.20%,-0.005673,2026-09-04
$SPX,7718.6,2026-10-01,26,Put,"6,800.00",-11.90%,5.3,4.6,5.8,12,69,0.17,11.92%,25.55%,-0.026972,2026-09-04
$SPX,7718.6,2026-09-28,23,Put,"7,575.00",-1.86%,42.4,38.19,43.4,17,99,0.17,11.92%,13.54%,-0.265534,2026-09-04
$SPX,7718.6,2026-09-28,23,Put,"7,325.00",-5.10%,14.8,13.8,15.5,23,136,0.17,11.92%,16.94%,-0.096621,2026-09-04
$SPX,7718.6,2026-09-11,6,Put,"7,350.00",-4.78%,1.75,1.6,1.9,442,2670,0.17,11.92%,19.74%,-0.024556,2026-09-04
$SPX,7718.6,2026-12-18,104,Put,"7,560.00",-2.05%,152.1,148.1,154.2,12,71,0.17,11.92%,15.51%,-0.348671,2026-09-04
$SPX,7718.6,2026-10-16,41,Put,"6,375.00",-17.41%,6.4,6.45,6.9,90,524,0.17,11.92%,29.76%,-0.02241,2026-09-04
$SPX,7718.6,2026-10-12,37,Put,"7,700.00",-0.24%,102.5,99.61,103.7,46,271,0.17,11.92%,12.62%,-0.442108,2026-09-04
$SPX,7718.6,2026-09-10,5,Put,"7,630.00",-1.15%,10.2,9.58,10.6,76,450,0.17,11.92%,11.44%,-0.183623,2026-09-04
$SPX,7718.6,2026-09-23,18,Put,"7,350.00",-4.78%,11.5,10.84,12.2,15,86,0.17,11.92%,16.99%,-0.087071,2026-09-04
$SPX,7718.6,2026-11-30,86,Put,"5,850.00",-24.21%,12.5,11.96,13,40,232,0.17,11.92%,31.69%,-0.026698,2026-09-04
$SPX,7718.6,2026-11-30,86,Put,"5,200.00",-32.63%,6.5,6.4,6.9,31,187,0.17,11.92%,38.68%,-0.012516,2026-09-04
$SPX,7718.6,2026-10-02,27,Put,"7,375.00",-4.45%,24.7,23.7,25.5,64,387,0.17,11.92%,16.60%,-0.139105,2026-09-04
$SPX,7718.6,2026-10-02,27,Put,"7,230.00",-6.33%,15.6,14.63,16.3,24,145,0.17,11.92%,18.67%,-0.086723,2026-09-04
$SPX,7718.6,2026-10-02,27,Put,"6,800.00",-11.90%,5.9,5.5,6.4,179,1052,0.17,11.92%,25.53%,-0.029039,2026-09-04
$SPX,7718.6,2026-09-15,10,Put,"7,500.00",-2.83%,7.9,6.92,8.2,104,612,0.17,11.92%,13.85%,-0.096061,2026-09-04
$SPX,7718.6,2026-09-30,25,Put,"7,715.00",-0.05%,88.8,86.14,89.9,13,76,0.17,11.92%,12.29%,-0.466201,2026-09-04
$SPX,7718.6,2026-09-30,25,Put,"7,625.00",-1.21%,59.4,55.7,60.3,78,467,0.17,11.92%,13.25%,-0.334848,2026-09-04
$SPX,7718.6,2026-09-30,25,Put,"7,310.00",-5.29%,17.1,15.05,17.8,32,187,0.17,11.92%,17.39%,-0.102561,2026-09-04
$SPX,7718.6,2027-07-16,314,Put,"5,200.00",-32.63%,47.1,46.68,48.1,44,261,0.17,11.92%,30.11%,-0.047954,2026-09-04
$SPX,7718.6,2026-09-21,16,Put,"7,670.00",-0.63%,51.9,49.06,52.7,47,277,0.17,11.92%,12.21%,-0.378731,2026-09-04
$SPX,7718.6,2026-09-21,16,Put,"7,550.00",-2.18%,25.1,24.92,25.8,77,450,0.17,11.92%,13.72%,-0.202763,2026-09-04
$SPX,7718.6,2026-09-21,16,Put,"7,300.00",-5.42%,7.2,6.63,7.7,36,208,0.17,11.92%,17.75%,-0.059567,2026-09-04
$SPX,7718.6,2027-03-31,207,Put,"7,700.00",-0.24%,279.7,276.64,281.9,13,76,0.17,11.92%,15.40%,-0.423311,2026-09-04
$SPX,7718.6,2026-09-18,13,Put,"7,650.00",-0.89%,41.8,38.75,42.6,881,5134,0.17,11.92%,12.90%,-0.336307,2026-09-04
$SPX,7718.6,2026-09-18,13,Put,"7,625.00",-1.21%,35.5,34.9,36.2,724,4191,0.17,11.92%,13.23%,-0.293051,2026-09-04
$SPX,7718.6,2026-09-18,13,Put,"7,340.00",-4.91%,7.1,6.47,7.6,69,395,0.17,11.92%,18.07%,-0.063414,2026-09-04
$SPX,7718.6,2026-10-05,30,Put,"7,150.00",-7.37%,13.7,13.26,14.5,37,224,0.17,11.92%,19.35%,-0.072464,2026-09-04
$SPX,7718.6,2026-10-05,30,Put,"7,100.00",-8.01%,12,11,12.8,30,172,0.17,11.92%,20.06%,-0.062979,2026-09-04
$SPX,7718.6,2026-11-20,76,Put,"7,580.00",-1.80%,125.4,123.2,127.4,29,168,0.17,11.92%,14.93%,-0.349748,2026-09-04
$SPX,7718.6,2026-11-20,76,Put,"7,360.00",-4.65%,81,79.7,82.4,61,356,0.17,11.92%,16.88%,-0.22981,2026-09-04
$SPX,7718.6,2026-11-20,76,Put,"7,000.00",-9.31%,43.9,43.9,44.9,6163,36105,0.17,11.92%,20.40%,-0.120906,2026-09-04
$SPX,7718.6,2026-09-25,20,Put,"7,580.00",-1.80%,40.1,38.05,40.9,31,179,0.17,11.92%,13.79%,-0.264465,2026-09-04
$SPX,7718.6,2026-10-09,34,Put,"7,500.00",-2.83%,48.9,47.1,49.9,41,247,0.17,11.92%,14.90%,-0.236041,2026-09-04
$SPX,7718.6,2026-10-09,34,Put,"6,900.00",-10.61%,10.3,10.6,11,28,162,0.17,11.92%,22.96%,-0.046462,2026-09-04
$SPX,7718.6,2026-10-30,55,Put,"4,800.00",-37.81%,1.85,1.9,2.15,624,3748,0.17,11.92%,48.63%,-0.004171,2026-09-04
$SPX,7718.6,2026-10-16,41,Put,"7,590.00",-1.67%,78.4,76.47,79.4,31,179,0.17,11.92%,14.07%,-0.326239,2026-09-04
$SPX,7718.6,2026-10-16,41,Put,"7,410.00",-4.00%,46,46.1,46.9,11,65,0.17,11.92%,16.06%,-0.197101,2026-09-04
$SPX,7718.6,2026-10-16,41,Put,"7,280.00",-5.68%,32.6,31.71,33.4,21,121,0.17,11.92%,17.60%,-0.139217,2026-09-04
$SPX,7718.6,2026-10-16,41,Put,"6,880.00",-10.86%,14,13.18,14.6,11,63,0.17,11.92%,22.79%,-0.05547,2026-09-04
$SPX,7718.6,2026-10-16,41,Put,"6,500.00",-15.79%,7.8,7.62,8.3,71,414,0.17,11.92%,28.11%,-0.027929,2026-09-04
$SPX,7718.6,2026-11-20,76,Put,"7,130.00",-7.63%,54,51.5,55.5,29,177,0.16,11.92%,19.12%,-0.151398,2026-09-04
$SPX,7718.6,2026-09-25,20,Put,"7,320.00",-5.16%,12.7,11.01,13.3,14,90,0.16,11.92%,17.54%,-0.087558,2026-09-04
$SPX,7718.6,2026-09-25,20,Put,"6,750.00",-12.55%,3,2.6,3.4,53,329,0.16,11.92%,27.89%,-0.017229,2026-09-04
$SPX,7718.6,2026-09-25,20,Put,"5,800.00",-24.86%,0.8,0.78,0.9,61,378,0.16,11.92%,46.06%,-0.003252,2026-09-04
$SPX,7718.6,2026-09-09,4,Put,"7,175.00",-7.04%,0.5,0.5,0.65,21,134,0.16,11.92%,28.95%,-0.007408,2026-09-04
$SPX,7718.6,2026-09-17,12,Put,"7,325.00",-5.10%,5.4,4.82,6,25,156,0.16,11.92%,18.33%,-0.052157,2026-09-04
$SPX,7718.6,2026-10-16,41,Put,"7,725.00",+0.08%,121.2,116.88,122.3,31,193,0.16,11.92%,12.77%,-0.473627,2026-09-04
$SPX,7718.6,2026-10-16,41,Put,"7,400.00",-4.13%,44.7,44.9,45.6,321,2008,0.16,11.92%,16.17%,-0.191713,2026-09-04
$SPX,7718.6,2026-10-16,41,Put,"7,150.00",-7.37%,24,23.98,24.6,133,849,0.16,11.92%,19.22%,-0.100554,2026-09-04
$SPX,7718.6,2026-10-16,41,Put,"7,125.00",-7.69%,22.7,22.16,23.3,52,321,0.16,11.92%,19.54%,-0.094729,2026-09-04
$SPX,7718.6,2027-02-19,167,Put,"7,925.00",+2.67%,332.7,328.3,335.3,40,253,0.16,11.92%,13.27%,-0.57032,2026-09-04
$SPX,7718.6,2026-09-08,3,Call,"7,645.00",+0.95%,67.5,73.95,69.2,23,143,0.16,11.92%,0.00%,0,2026-09-04
$SPX,7718.6,2026-09-11,6,Call,"7,630.00",+1.15%,96.3,104.39,98,25,160,0.16,11.92%,7.70%,0.891524,2026-09-04
$SPX,7718.6,2026-10-16,41,Call,"7,740.00",-0.28%,122.3,122.4,124.3,54,331,0.16,11.92%,11.43%,0.5222,2026-09-04
$SPX,7718.6,2026-12-31,117,Call,"7,725.00",-0.08%,281.4,287.74,283,40,249,0.16,11.92%,13.58%,0.574627,2026-09-04
$SPX,7718.6,2026-12-31,117,Call,"7,475.00",+3.16%,452.5,481.88,464.4,52,331,0.16,11.92%,15.06%,0.713467,2026-09-04
$SPX,7718.6,2026-09-10,5,Call,"8,025.00",-3.97%,0.15,0.15,0.3,39,237,0.16,11.92%,13.02%,0.00597,2026-09-04
$SPX,7718.6,2026-11-30,86,Call,"7,480.00",+3.09%,392.4,394.03,403.4,12,74,0.16,11.92%,14.50%,0.727601,2026-09-04
$SPX,7718.6,2026-09-30,25,Call,"7,705.00",+0.18%,101.4,106.48,102.5,19,121,0.16,11.92%,10.52%,0.566778,2026-09-04
$SPX,7718.6,2026-09-30,25,Call,"8,040.00",-4.16%,4.2,4.6,4.8,15,93,0.16,11.92%,9.20%,0.057175,2026-09-04
$SPX,7718.6,2026-09-30,25,Call,"8,090.00",-4.81%,2.5,3.02,2.95,12,76,0.16,11.92%,9.41%,0.036321,2026-09-04
$SPX,7718.6,2026-09-18,13,Call,"7,710.00",+0.11%,65.4,70.5,66.7,793,4966,0.16,11.92%,9.70%,0.555959,2026-09-04
$SPX,7718.6,2026-11-20,76,Call,"8,100.00",-4.94%,50.7,51.75,51.8,23,143,0.16,11.92%,11.41%,0.226056,2026-09-04
$SPX,7718.6,2026-09-21,16,Call,"7,880.00",-2.09%,10.6,11.3,11.3,16,102,0.16,11.92%,8.75%,0.150582,2026-09-04
$SPX,7718.6,2026-09-24,19,Call,"7,950.00",-3.00%,6.4,6.8,7.1,40,247,0.16,11.92%,9.04%,0.091802,2026-09-04
$SPX,7718.6,2026-12-18,104,Call,"7,120.00",+7.76%,726.3,733.86,738.6,24,150,0.16,11.92%,17.17%,0.852368,2026-09-04
$SPX,7718.6,2026-10-05,30,Call,"8,300.00",-7.53%,0.95,0.89,1.3,14,90,0.16,11.92%,10.89%,0.013454,2026-09-04
$SPX,7718.6,2026-11-20,76,Call,"7,590.00",+1.67%,298.5,315.53,300.8,24,147,0.16,11.92%,13.82%,0.662922,2026-09-04
$SPX,7718.6,2026-09-25,20,Call,"7,920.00",-2.61%,11.3,11.95,11.8,103,625,0.16,11.92%,9.22%,0.137796,2026-09-04
$SPX,7718.6,2027-01-15,132,Call,"7,825.00",-1.38%,249.2,250.15,251.8,237,1445,0.16,11.92%,13.49%,0.517314,2026-09-04
$SPX,7718.6,2026-09-09,4,Call,"8,025.00",-3.97%,0.05,0.1,0.2,54,344,0.16,11.92%,13.69%,0.003684,2026-09-04
$SPX,7718.6,2026-10-30,55,Call,"8,200.00",-6.24%,13.9,14.5,14.5,115,709,0.16,11.92%,10.68%,0.096092,2026-09-04
$SPX,7718.6,2026-10-16,41,Call,"7,850.00",-1.70%,69.9,74.32,70.9,49,306,0.16,11.92%,10.88%,0.370506,2026-09-04
$SPX,7718.6,2026-09-08,3,Put,"7,355.00",-4.71%,0.45,0.5,0.6,43,270,0.16,11.92%,22.96%,-0.009611,2026-09-04
$SPX,7718.6,2026-09-28,23,Put,"7,775.00",+0.73%,110.9,109.28,112,17,105,0.16,11.92%,11.46%,-0.577106,2026-09-04
$SPX,7718.6,2026-09-28,23,Put,"7,570.00",-1.93%,41.5,38.59,42.4,12,73,0.16,11.92%,13.61%,-0.260131,2026-09-04
$SPX,7718.6,2027-05-21,258,Put,"8,125.00",+5.27%,486.1,485.89,489.1,26,166,0.16,11.92%,12.98%,-0.664622,2026-09-04
$SPX,7718.6,2026-09-11,6,Put,"7,810.00",+1.18%,104.6,98.77,106.5,29,176,0.16,11.92%,12.53%,-0.762682,2026-09-04
$SPX,7718.6,2026-12-18,104,Put,"7,280.00",-5.68%,97.3,94.5,99.1,24,150,0.16,11.92%,17.80%,-0.224001,2026-09-04
$SPX,7718.6,2026-12-18,104,Put,"5,825.00",-24.53%,17.3,17.5,18.1,78,479,0.16,11.92%,31.15%,-0.033099,2026-09-04
$SPX,7718.6,2026-10-16,41,Put,"7,700.00",-0.24%,110.1,106.55,111.9,2525,15466,0.16,11.92%,12.88%,-0.442339,2026-09-04
$SPX,7718.6,2026-10-16,41,Put,"7,830.00",+1.44%,169.7,167.83,171.7,31,194,0.16,11.92%,11.82%,-0.616311,2026-09-04
$SPX,7718.6,2026-10-16,41,Put,"7,850.00",+1.70%,181.2,176.8,183.2,97,603,0.16,11.92%,11.68%,-0.644562,2026-09-04
$SPX,7718.6,2026-09-10,5,Put,"7,685.00",-0.44%,22,20,22.5,124,766,0.16,11.92%,10.54%,-0.3472,2026-09-04
$SPX,7718.6,2026-09-10,5,Put,"7,425.00",-3.80%,1.4,1.43,1.6,147,916,0.16,11.92%,17.24%,-0.025274,2026-09-04
$SPX,7718.6,2026-09-10,5,Put,"7,405.00",-4.06%,1.25,1.25,1.5,21,135,0.16,11.92%,17.98%,-0.022542,2026-09-04
$SPX,7718.6,2026-11-30,86,Put,"7,610.00",-1.41%,142.9,140.18,144.2,39,238,0.16,11.92%,14.61%,-0.372971,2026-09-04
$SPX,7718.6,2026-10-02,27,Put,"7,710.00",-0.11%,91.5,87.43,92.6,13,81,0.16,11.92%,12.51%,-0.457982,2026-09-04
$SPX,7718.6,2026-10-02,27,Put,"7,250.00",-6.07%,16.5,16.45,17.1,88,539,0.16,11.92%,18.35%,-0.091931,2026-09-04
$SPX,7718.6,2026-10-02,27,Put,"7,125.00",-7.69%,11.6,11.19,12.4,32,197,0.16,11.92%,20.25%,-0.063583,2026-09-04
$SPX,7718.6,2026-09-15,10,Put,"7,440.00",-3.61%,5.2,3.89,5.8,36,230,0.16,11.92%,15.13%,-0.064639,2026-09-04
$SPX,7718.6,2026-09-18,13,Put,"7,710.00",-0.11%,60.6,60.3,61.9,734,4564,0.16,11.92%,11.97%,-0.458991,2026-09-04
$SPX,7718.6,2026-09-18,13,Put,"7,700.00",-0.24%,56.5,55.16,57.8,7001,44061,0.16,11.92%,12.05%,-0.436393,2026-09-04
$SPX,7718.6,2026-09-18,13,Put,"7,745.00",+0.34%,76.9,72,78.2,529,3388,0.16,11.92%,11.71%,-0.541967,2026-09-04
$SPX,7718.6,2026-09-21,16,Put,"7,400.00",-4.13%,11.3,10.56,11.9,42,270,0.16,11.92%,16.05%,-0.094359,2026-09-04
$SPX,7718.6,2026-09-21,16,Put,"7,350.00",-4.78%,8.9,8.28,9.5,60,368,0.16,11.92%,16.88%,-0.074423,2026-09-04
$SPX,7718.6,2027-04-16,223,Put,"6,775.00",-12.23%,114.6,114.1,116.4,62,379,0.16,11.92%,21.24%,-0.1605,2026-09-04
$SPX,7718.6,2026-12-18,104,Put,"7,375.00",-4.45%,113.4,109.5,114.4,13,80,0.16,11.92%,17.04%,-0.259909,2026-09-04
$SPX,7718.6,2026-09-18,13,Put,"7,550.00",-2.18%,22,21.63,22.7,1036,6468,0.16,11.92%,14.35%,-0.191791,2026-09-04
$SPX,7718.6,2026-09-18,13,Put,"7,450.00",-3.48%,12.3,12.32,12.7,293,1845,0.16,11.92%,16.00%,-0.10984,2026-09-04
$SPX,7718.6,2026-09-18,13,Put,"7,400.00",-4.13%,9.5,9.5,9.9,412,2574,0.16,11.92%,16.92%,-0.08484,2026-09-04
$SPX,7718.6,2026-09-18,13,Put,"7,370.00",-4.52%,8.2,7.52,8.6,64,412,0.16,11.92%,17.48%,-0.073082,2026-09-04
$SPX,7718.6,2026-09-18,13,Put,"7,290.00",-5.55%,5.8,4.62,6.2,45,283,0.16,11.92%,19.09%,-0.050821,2026-09-04
$SPX,7718.6,2026-09-18,13,Put,"7,280.00",-5.68%,5.5,5.12,6,36,226,0.16,11.92%,19.28%,-0.048569,2026-09-04
$SPX,7718.6,2026-10-01,26,Put,"5,800.00",-24.86%,1.3,1.17,1.6,17,117,0.15,11.92%,42.88%,-0.005012,2026-09-04
$SPX,7718.6,2026-09-28,23,Put,"7,660.00",-0.76%,63.4,61.03,64.5,18,120,0.15,11.92%,12.53%,-0.37655,2026-09-04
$SPX,7718.6,2026-09-28,23,Put,"7,400.00",-4.13%,19.8,18.37,20.6,37,244,0.15,11.92%,15.87%,-0.129311,2026-09-04
$SPX,7718.6,2026-09-28,23,Put,"6,500.00",-15.79%,2.4,2.11,2.7,24,163,0.15,11.92%,31.20%,-0.011903,2026-09-04
$SPX,7718.6,2026-09-11,6,Put,"7,800.00",+1.05%,96.2,93,98.1,74,508,0.15,11.92%,12.26%,-0.740901,2026-09-04
$SPX,7718.6,2026-12-18,104,Put,"7,360.00",-4.65%,109.9,108,111.3,21,144,0.15,11.92%,17.11%,-0.253282,2026-09-04
$SPX,7718.6,2026-10-16,41,Put,"7,695.00",-0.31%,108.3,103.9,110.2,21,143,0.15,11.92%,12.93%,-0.436479,2026-09-04
$SPX,7718.6,2026-10-16,41,Put,"7,820.00",+1.31%,164.1,159.98,166.2,26,174,0.15,11.92%,11.89%,-0.602814,2026-09-04
$SPX,7718.6,2026-10-16,41,Put,"7,595.00",-1.60%,78.2,77.5,80,24,159,0.15,11.92%,13.90%,-0.329676,2026-09-04
$SPX,7718.6,2026-10-16,41,Put,"7,520.00",-2.57%,61.9,60.55,63.6,123,819,0.15,11.92%,14.70%,-0.266382,2026-09-04
$SPX,7718.6,2026-10-16,41,Put,"7,500.00",-2.83%,58.3,57.96,59.9,3166,21699,0.15,11.92%,14.92%,-0.251614,2026-09-04
$SPX,7718.6,2026-10-16,41,Put,"7,190.00",-6.85%,25.5,24.9,26.7,153,988,0.15,11.92%,18.62%,-0.109643,2026-09-04
$SPX,7718.6,2026-10-16,41,Put,"7,100.00",-8.01%,20.8,21,21.8,1956,12763,0.15,11.92%,19.74%,-0.088078,2026-09-04
$SPX,7718.6,2026-10-16,41,Put,"6,540.00",-15.27%,7.9,7.79,8.7,42,279,0.15,11.92%,27.43%,-0.029336,2026-09-04
$SPX,7718.6,2026-10-16,41,Put,"6,530.00",-15.40%,7.9,7.77,8.5,72,471,0.15,11.92%,27.57%,-0.028883,2026-09-04
$SPX,7718.6,2026-09-14,9,Put,"7,580.00",-1.80%,12.4,10.93,12.8,49,329,0.15,11.92%,12.24%,-0.160192,2026-09-04
$SPX,7718.6,2026-12-31,117,Put,"3,200.00",-58.54%,1.8,1.85,2.15,150,1001,0.15,11.92%,59.21%,-0.002341,2026-09-04
$SPX,7718.6,2026-09-10,5,Put,"7,475.00",-3.16%,1.9,1.77,2.15,53,363,0.15,11.92%,15.53%,-0.036059,2026-09-04
$SPX,7718.6,2026-09-10,5,Put,"7,395.00",-4.19%,1.2,1.2,1.45,30,199,0.15,11.92%,18.36%,-0.021408,2026-09-04
$SPX,7718.6,2026-09-10,5,Put,"7,275.00",-5.75%,0.85,0.75,1.05,36,247,0.15,11.92%,23.02%,-0.012975,2026-09-04
$SPX,7718.6,2026-10-02,27,Put,"7,720.00",+0.02%,95.5,94.2,96.5,44,298,0.15,11.92%,12.41%,-0.473269,2026-09-04
$SPX,7718.6,2026-10-02,27,Put,"7,225.00",-6.39%,15.3,15.19,15.9,64,438,0.15,11.92%,18.71%,-0.084986,2026-09-04
$SPX,7718.6,2026-09-15,10,Put,"7,580.00",-1.80%,14.9,14.36,15.5,20,132,0.15,11.92%,12.46%,-0.175802,2026-09-04
$SPX,7718.6,2026-09-29,24,Put,"6,600.00",-14.49%,3.1,3.1,3.5,16,105,0.15,11.92%,29.25%,-0.015603,2026-09-04
$SPX,7718.6,2026-09-30,25,Put,"7,760.00",+0.54%,108.8,103,109.9,41,268,0.15,11.92%,11.89%,-0.542897,2026-09-04
$SPX,7718.6,2026-09-30,25,Put,"7,610.00",-1.41%,55.6,52.5,56.6,25,169,0.15,11.92%,13.43%,-0.316239,2026-09-04
$SPX,7718.6,2026-09-30,25,Put,"7,260.00",-5.94%,14.5,12.7,15.2,30,198,0.15,11.92%,18.13%,-0.086558,2026-09-04
$SPX,7718.6,2026-11-20,76,Put,"7,670.00",-0.63%,153.3,147.5,154.5,19,126,0.15,11.92%,14.26%,-0.416168,2026-09-04
$SPX,7718.6,2026-09-21,16,Put,"7,675.00",-0.56%,53.5,52.83,54.4,30,203,0.15,11.92%,12.16%,-0.388243,2026-09-04
$SPX,7718.6,2026-09-21,16,Put,"7,450.00",-3.48%,14.5,13.45,15.1,65,440,0.15,11.92%,15.23%,-0.120629,2026-09-04
$SPX,7718.6,2027-04-16,223,Put,"5,050.00",-34.57%,27.1,26.45,28,94,614,0.15,11.92%,33.19%,-0.032068,2026-09-04
$SPX,7718.6,2026-09-24,19,Put,"7,375.00",-4.45%,14.4,13.83,15,17,113,0.15,11.92%,16.67%,-0.103537,2026-09-04
$SPX,7718.6,2026-12-18,104,Put,"6,850.00",-11.25%,54.4,53.4,55.1,20,130,0.15,11.92%,21.60%,-0.119564,2026-09-04
$SPX,7718.6,2026-09-18,13,Put,"7,425.00",-3.80%,10.7,10.5,11.2,97,649,0.15,11.92%,16.44%,-0.096195,2026-09-04
$SPX,7718.6,2026-11-20,76,Put,"7,720.00",+0.02%,169.5,166.96,171.2,35,231,0.15,11.92%,13.79%,-0.457296,2026-09-04
$SPX,7718.6,2026-11-20,76,Put,"7,010.00",-9.18%,44.6,44.1,45.6,112,757,0.15,11.92%,20.30%,-0.122968,2026-09-04
$SPX,7718.6,2026-09-25,20,Put,"7,585.00",-1.73%,41.1,40.6,41.9,11,72,0.15,11.92%,13.72%,-0.270325,2026-09-04
$SPX,7718.6,2026-09-25,20,Put,"8,000.00",+3.65%,282.2,279.08,285.1,300,2003,0.15,11.92%,11.59%,-0.93347,2026-09-04
$SPX,7718.6,2027-01-15,132,Put,"7,925.00",+2.67%,306.7,305.01,308.9,288,1873,0.15,11.92%,12.81%,-0.596171,2026-09-04
$SPX,7718.6,2026-09-09,4,Put,"7,340.00",-4.91%,0.65,0.55,0.85,25,170,0.15,11.92%,21.63%,-0.012281,2026-09-04
$SPX,7718.6,2026-09-09,4,Put,"7,275.00",-5.75%,0.55,0.57,0.75,44,300,0.15,11.92%,24.45%,-0.009658,2026-09-04
$SPX,7718.6,2026-09-09,4,Put,"7,220.00",-6.46%,0.5,0.55,0.7,13,86,0.15,11.92%,26.90%,-0.008235,2026-09-04
$SPX,7718.6,2026-09-09,4,Put,"6,800.00",-11.90%,0.25,0.2,0.35,107,712,0.15,11.92%,44.11%,-0.002766,2026-09-04
$SPX,7718.6,2026-09-09,4,Put,"6,675.00",-13.52%,0.2,0.15,0.3,19,129,0.15,11.92%,49.06%,-0.002117,2026-09-04
$SPX,7718.6,2026-10-30,55,Put,"7,720.00",+0.02%,141.3,138.7,142.7,16,108,0.15,11.92%,13.29%,-0.462632,2026-09-04
$SPX,7718.6,2026-10-16,41,Put,"7,780.00",+0.80%,145.3,141.7,146.4,11,74,0.15,11.92%,12.31%,-0.545527,2026-09-04
$SPX,7718.6,2026-10-16,41,Put,"7,630.00",-1.15%,89,85.7,90,18,117,0.15,11.92%,13.66%,-0.364965,2026-09-04
$SPX,7718.6,2026-10-16,41,Put,"7,300.00",-5.42%,34.3,34.6,35.1,115,774,0.15,11.92%,17.36%,-0.146654,2026-09-04
$SPX,7718.6,2026-10-16,41,Put,"7,275.00",-5.75%,32.2,32.12,33,45,300,0.15,11.92%,17.67%,-0.137447,2026-09-04
$SPX,7718.6,2026-10-16,41,Put,"4,900.00",-36.52%,1.15,1.3,1.45,142,956,0.15,11.92%,51.51%,-0.003065,2026-09-04
$SPX,7718.6,2026-09-22,17,Put,"7,625.00",-1.21%,42,39.3,42.9,25,165,0.15,11.92%,12.85%,-0.306983,2026-09-04
$SPX,7718.6,2026-09-28,23,Call,"7,725.00",-0.08%,82.5,84.8,83.6,19,125,0.15,11.92%,10.01%,0.528154,2026-09-04
$SPX,7718.6,2026-09-28,23,Call,"7,675.00",+0.56%,113.4,113.8,114.6,20,131,0.15,11.92%,10.36%,0.625109,2026-09-04
$SPX,7718.6,2026-09-11,6,Call,"7,570.00",+1.93%,140,154,159.5,10,68,0.15,11.92%,8.21%,0.971794,2026-09-04
$SPX,7718.6,2026-10-16,41,Call,"7,695.00",+0.31%,149.6,153.6,151.6,13,86,0.15,11.92%,11.75%,0.580575,2026-09-04
$SPX,7718.6,2026-10-16,41,Call,"7,680.00",+0.50%,159.3,165.98,161.3,50,334,0.15,11.92%,11.86%,0.599068,2026-09-04
$SPX,7718.6,2026-09-14,9,Call,"7,810.00",-1.18%,8.9,9.37,9.3,89,607,0.15,11.92%,7.60%,0.182505,2026-09-04
$SPX,7718.6,2026-12-31,117,Call,"8,375.00",-8.50%,38.3,39.8,39.5,10,66,0.15,11.92%,11.56%,0.152432,2026-09-04
$SPX,7718.6,2026-12-31,117,Call,"8,450.00",-9.48%,28.6,29.9,29.7,21,142,0.15,11.92%,11.49%,0.121047,2026-09-04
$SPX,7718.6,2026-11-30,86,Call,"7,675.00",+0.56%,255.5,284.8,256.9,10,67,0.15,11.92%,13.22%,0.601287,2026-09-04
$SPX,7718.6,2026-10-02,27,Call,"7,660.00",+0.76%,139.4,144.19,140.5,29,199,0.15,11.92%,11.43%,0.635795,2026-09-04
$SPX,7718.6,2026-09-15,10,Call,"7,690.00",+0.37%,60.7,64.3,61.5,16,106,0.15,11.92%,7.95%,0.642203,2026-09-04
$SPX,7718.6,2026-09-15,10,Call,"7,770.00",-0.67%,21.4,24.3,22.2,29,193,0.15,11.92%,7.81%,0.333463,2026-09-04
$SPX,7718.6,2026-09-15,10,Call,"7,900.00",-2.35%,1.75,2.2,2.1,103,685,0.15,11.92%,7.95%,0.046142,2026-09-04
$SPX,7718.6,2026-09-29,24,Call,"8,000.00",-3.65%,5.7,6.4,6.5,18,118,0.15,11.92%,9.05%,0.076464,2026-09-04
$SPX,7718.6,2026-09-30,25,Call,"7,670.00",+0.63%,124,128.16,125,23,151,0.15,11.92%,10.78%,0.627833,2026-09-04
$SPX,7718.6,2026-11-20,76,Call,"7,880.00",-2.09%,126.1,139.3,127.3,11,71,0.15,11.92%,12.19%,0.418659,2026-09-04
$SPX,7718.6,2026-11-20,76,Call,"8,225.00",-6.56%,27.6,32.08,28.6,10,68,0.15,11.92%,11.18%,0.142578,2026-09-04
$SPX,7718.6,2027-07-16,314,Call,"6,000.00",+22.27%,1969.3,1974.94,1975.5,15,102,0.15,11.92%,22.19%,0.93237,2026-09-04
$SPX,7718.6,2026-09-18,13,Call,"7,760.00",-0.54%,41.8,44,42.6,120,780,0.15,11.92%,9.70%,0.41591,2026-09-04
$SPX,7718.6,2026-09-18,13,Call,"7,800.00",-1.05%,26.5,27.6,27.3,711,4615,0.15,11.92%,9.49%,0.306927,2026-09-04
$SPX,7718.6,2026-09-18,13,Call,"7,900.00",-2.35%,6.5,7.1,7,853,5860,0.15,11.92%,9.23%,0.10557,2026-09-04
$SPX,7718.6,2026-11-20,76,Call,"7,990.00",-3.52%,81.1,81.8,83.1,16,106,0.15,11.92%,11.69%,0.316844,2026-09-04
$SPX,7718.6,2026-11-20,76,Call,"8,325.00",-7.86%,16,17.3,16.9,98,633,0.15,11.92%,11.03%,0.092678,2026-09-04
$SPX,7718.6,2026-09-25,20,Call,"7,700.00",+0.24%,93,96.16,94.1,215,1454,0.15,11.92%,10.48%,0.576003,2026-09-04
$SPX,7718.6,2026-09-25,20,Call,"8,200.00",-6.24%,0.7,0.65,1,32,207,0.15,11.92%,11.06%,0.01235,2026-09-04
$SPX,7718.6,2026-10-09,34,Call,"8,100.00",-4.94%,6.7,7.13,7.4,29,199,0.15,11.92%,9.83%,0.06969,2026-09-04
$SPX,7718.6,2026-09-09,4,Call,"7,670.00",+0.63%,51.1,54.95,53,57,368,0.15,11.92%,3.55%,0.964856,2026-09-04
$SPX,7718.6,2026-10-30,55,Call,"7,580.00",+1.80%,265.2,266.2,266.4,18,123,0.15,11.92%,13.49%,0.684064,2026-09-04
$SPX,7718.6,2026-10-30,55,Call,"8,175.00",-5.91%,16.2,16.9,17,22,151,0.15,11.92%,10.68%,0.109374,2026-09-04
$SPX,7718.6,2026-10-16,41,Call,"7,875.00",-2.03%,60.2,63.7,61.2,24,161,0.15,11.92%,10.75%,0.336084,2026-09-04
$SPX,7718.6,2026-10-16,41,Call,"7,935.00",-2.80%,41,49.5,41.9,10,66,0.15,11.92%,10.50%,0.257827,2026-09-04
$SPX,7718.6,2026-10-16,41,Call,"8,190.00",-6.11%,5.8,5.87,6.5,10,68,0.15,11.92%,10.21%,0.055481,2026-09-04
$SPX,7718.6,2026-10-16,41,Call,"8,200.00",-6.24%,5.4,5.8,6,131,900,0.15,11.92%,10.22%,0.051895,2026-09-04
$SPX,7718.6,2026-10-01,26,Put,"7,575.00",-1.86%,49.8,47.12,50.8,19,124,0.15,11.92%,13.90%,-0.279862,2026-09-04
$SPX,7718.6,2026-10-01,26,Put,"7,450.00",-3.48%,30.2,29.8,31.1,11,75,0.15,11.92%,15.49%,-0.17551,2026-09-04
$SPX,7718.6,2026-10-01,26,Call,"7,700.00",+0.24%,108.5,110.86,109.7,38,263,0.14,11.92%,10.80%,0.574503,2026-09-04
$SPX,7718.6,2026-10-01,26,Call,"8,075.00",-4.62%,3.4,3.65,4,12,83,0.14,11.92%,9.42%,0.046536,2026-09-04
$SPX,7718.6,2026-09-11,6,Call,"7,600.00",+1.54%,121.8,130,123.6,62,457,0.14,11.92%,11.01%,0.874114,2026-09-04
$SPX,7718.6,2026-12-18,104,Call,"8,075.00",-4.62%,92.7,93.04,94.7,252,1849,0.14,11.92%,11.95%,0.307256,2026-09-04
$SPX,7718.6,2026-10-16,41,Call,"7,780.00",-0.80%,100.6,104.25,102.4,52,381,0.14,11.92%,11.17%,0.467455,2026-09-04
$SPX,7718.6,2026-10-16,41,Call,"7,835.00",-1.51%,74.7,74.6,76.4,18,130,0.14,11.92%,10.85%,0.390122,2026-09-04
$SPX,7718.6,2026-10-16,41,Call,"7,940.00",-2.87%,38.4,38.7,40,52,361,0.14,11.92%,10.37%,0.249363,2026-09-04
$SPX,7718.6,2026-10-16,41,Call,"8,425.00",-9.15%,1.3,1.42,1.6,87,638,0.14,11.92%,11.27%,0.014271,2026-09-04
$SPX,7718.6,2026-09-14,9,Call,"7,875.00",-2.03%,2.25,2.67,2.5,199,1439,0.14,11.92%,7.78%,0.058949,2026-09-04
$SPX,7718.6,2026-11-30,86,Call,"7,575.00",+1.86%,325.1,323.02,326.5,16,112,0.14,11.92%,13.85%,0.671124,2026-09-04
$SPX,7718.6,2026-10-02,27,Call,"7,800.00",-1.05%,59.6,63.05,60.6,217,1577,0.14,11.92%,10.35%,0.396182,2026-09-04
$SPX,7718.6,2026-09-15,10,Call,"7,810.00",-1.18%,10.8,11.91,11.4,26,188,0.14,11.92%,7.74%,0.201824,2026-09-04
$SPX,7718.6,2026-09-30,25,Call,"7,715.00",+0.05%,95.4,95.9,96.4,12,85,0.14,11.92%,10.44%,0.54844,2026-09-04
$SPX,7718.6,2026-09-30,25,Call,"7,920.00",-2.61%,16.7,17.35,17.5,24,170,0.14,11.92%,9.28%,0.172037,2026-09-04
$SPX,7718.6,2026-09-18,13,Call,"7,735.00",-0.21%,51.8,54,53.1,619,4306,0.14,11.92%,9.56%,0.485262,2026-09-04
$SPX,7718.6,2026-09-18,13,Call,"7,700.00",+0.24%,71.4,75.3,72.7,6348,43793,0.14,11.92%,9.76%,0.583297,2026-09-04
$SPX,7718.6,2026-09-18,13,Call,"8,090.00",-4.81%,0.55,0.54,0.8,111,811,0.14,11.92%,10.75%,0.012481,2026-09-04
$SPX,7718.6,2026-11-20,76,Call,"8,050.00",-4.29%,63.6,64.22,64.6,10,71,0.14,11.92%,11.54%,0.26593,2026-09-04
$SPX,7718.6,2026-09-21,16,Call,"7,700.00",+0.24%,77.8,80.03,78.7,28,194,0.14,11.92%,9.58%,0.58308,2026-09-04
$SPX,7718.6,2026-09-21,16,Call,"7,740.00",-0.28%,55.4,56.33,56.3,15,109,0.14,11.92%,9.35%,0.479903,2026-09-04
$SPX,7718.6,2026-09-21,16,Call,"7,670.00",+0.63%,97.1,97.4,98,15,110,0.14,11.92%,9.73%,0.65478,2026-09-04
$SPX,7718.6,2026-12-18,104,Call,"8,700.00",-12.71%,7.5,7.7,8.2,48,348,0.14,11.92%,11.55%,0.041536,2026-09-04
$SPX,7718.6,2027-03-31,207,Call,"7,300.00",+5.42%,725.2,735.78,744.7,13,93,0.14,11.92%,16.79%,0.752792,2026-09-04
$SPX,7718.6,2026-09-18,13,Call,"7,930.00",-2.74%,4,4.78,4.5,154,1101,0.14,11.92%,9.25%,0.071486,2026-09-04
$SPX,7718.6,2026-09-18,13,Call,"7,950.00",-3.00%,2.95,3.25,3.4,991,6953,0.14,11.92%,9.33%,0.055328,2026-09-04
$SPX,7718.6,2026-09-18,13,Call,"8,000.00",-3.65%,1.5,1.55,1.65,575,4027,0.14,11.92%,9.62%,0.029277,2026-09-04
$SPX,7718.6,2026-09-25,20,Call,"7,690.00",+0.37%,99.4,102.04,100.4,19,140,0.14,11.92%,10.57%,0.59595,2026-09-04
$SPX,7718.6,2027-01-15,132,Call,"8,575.00",-11.10%,24.8,23.9,26.1,50,363,0.14,11.92%,11.63%,0.102012,2026-09-04
$SPX,7718.6,2026-09-17,12,Call,"7,760.00",-0.54%,36.9,39.3,37.7,22,155,0.14,11.92%,9.26%,0.405463,2026-09-04
$SPX,7718.6,2026-10-30,55,Call,"7,565.00",+1.99%,276.4,279.27,277.6,12,86,0.14,11.92%,13.60%,0.696059,2026-09-04
$SPX,7718.6,2026-10-16,41,Call,"7,770.00",-0.67%,107.4,111.4,108.5,13,93,0.14,11.92%,11.35%,0.481682,2026-09-04
$SPX,7718.6,2026-10-16,41,Call,"8,300.00",-7.53%,2.7,2.96,3.2,75,528,0.14,11.92%,10.61%,0.028293,2026-09-04
$SPX,7718.6,2028-06-16,650,Call,"8,000.00",-3.65%,832.4,841.29,843.2,104,751,0.14,11.92%,17.16%,0.607916,2026-09-04
$SPX,7718.6,2026-09-16,11,Call,"7,890.00",-2.22%,4.1,4.39,4.7,12,84,0.14,11.92%,8.65%,0.083517,2026-09-04
$SPX,7718.6,2026-09-08,3,Put,"7,800.00",+1.05%,91,87.6,92.1,136,995,0.14,11.92%,14.13%,-0.790284,2026-09-04
$SPX,7718.6,2026-09-08,3,Put,"6,900.00",-10.61%,0.2,0.1,0.3,474,3508,0.14,11.92%,44.75%,-0.002639,2026-09-04
$SPX,7718.6,2026-10-01,26,Put,"7,630.00",-1.15%,62.7,58.64,63.9,11,76,0.14,11.92%,13.24%,-0.343669,2026-09-04
$SPX,7718.6,2026-10-01,26,Put,"7,500.00",-2.83%,36.7,34.89,37.7,24,172,0.14,11.92%,14.84%,-0.211417,2026-09-04
$SPX,7718.6,2026-09-28,23,Put,"7,300.00",-5.42%,13.5,13.62,14.2,32,227,0.14,11.92%,17.31%,-0.088028,2026-09-04
$SPX,7718.6,2026-09-10,5,Put,"6,700.00",-13.20%,0.3,0.3,0.45,63,461,0.14,11.92%,44.62%,-0.003029,2026-09-04
$SPX,7718.6,2026-09-23,18,Put,"7,570.00",-1.93%,33.3,32.8,34.1,12,88,0.14,11.92%,13.71%,-0.240663,2026-09-04
$SPX,7718.6,2026-11-30,86,Put,"5,600.00",-27.45%,9.7,9.4,10.1,80,583,0.14,11.92%,34.33%,-0.019824,2026-09-04
$SPX,7718.6,2026-10-02,27,Put,"7,690.00",-0.37%,84.1,80.8,85.2,14,98,0.14,11.92%,12.71%,-0.427741,2026-09-04
$SPX,7718.6,2026-10-02,27,Put,"7,000.00",-9.31%,8.6,8.3,9.1,281,2081,0.14,11.92%,22.16%,-0.045249,2026-09-04
$SPX,7718.6,2026-10-02,27,Put,"5,900.00",-23.56%,1.7,1.7,1.95,86,624,0.14,11.92%,40.91%,-0.006345,2026-09-04
$SPX,7718.6,2026-09-15,10,Put,"7,645.00",-0.95%,26.3,26.24,27,10,72,0.14,11.92%,11.49%,-0.288604,2026-09-04
$SPX,7718.6,2026-09-15,10,Put,"7,350.00",-4.78%,3.2,2.45,3.6,23,162,0.14,11.92%,17.15%,-0.038304,2026-09-04
$SPX,7718.6,2026-09-15,10,Put,"7,275.00",-5.75%,2.4,1.8,2.7,12,83,0.14,11.92%,19.03%,-0.027153,2026-09-04
$SPX,7718.6,2026-09-30,25,Put,"7,695.00",-0.31%,81.2,77.8,82.2,15,110,0.14,11.92%,12.49%,-0.434035,2026-09-04
$SPX,7718.6,2026-09-30,25,Put,"7,485.00",-3.03%,32.8,29.69,33.7,34,246,0.14,11.92%,14.98%,-0.195209,2026-09-04
$SPX,7718.6,2026-09-30,25,Put,"7,455.00",-3.42%,29.1,26.5,29.9,18,126,0.14,11.92%,15.37%,-0.174039,2026-09-04
$SPX,7718.6,2026-09-18,13,Put,"7,190.00",-6.85%,3.8,3.43,4.2,254,1818,0.14,11.92%,21.00%,-0.032867,2026-09-04
$SPX,7718.6,2026-09-18,13,Put,"7,185.00",-6.91%,3.7,3.18,4.2,72,500,0.14,11.92%,21.12%,-0.032343,2026-09-04
$SPX,7718.6,2027-07-16,314,Put,"6,200.00",-19.67%,100.8,100.1,102.3,41,299,0.14,11.92%,24.19%,-0.111156,2026-09-04
$SPX,7718.6,2026-09-21,16,Put,"7,470.00",-3.22%,16.1,14.95,16.7,15,108,0.14,11.92%,14.91%,-0.133476,2026-09-04
$SPX,7718.6,2026-09-24,19,Put,"7,325.00",-5.10%,11.7,11.37,12.4,15,108,0.14,11.92%,17.47%,-0.084296,2026-09-04
$SPX,7718.6,2026-09-18,13,Put,"7,600.00",-1.54%,30.2,29.75,30.9,578,4052,0.14,11.92%,13.59%,-0.254667,2026-09-04
$SPX,7718.6,2026-09-18,13,Put,"7,000.00",-9.31%,2.6,2.07,2.85,286,2074,0.14,11.92%,25.71%,-0.019546,2026-09-04
$SPX,7718.6,2026-09-18,13,Put,"6,100.00",-20.97%,0.65,0.58,0.85,300,2117,0.14,11.92%,47.20%,-0.003472,2026-09-04
$SPX,7718.6,2026-10-05,30,Put,"7,225.00",-6.39%,16.8,16.95,17.6,17,119,0.14,11.92%,18.27%,-0.089978,2026-09-04
$SPX,7718.6,2026-11-20,76,Put,"7,330.00",-5.03%,76.6,73.8,78.3,104,737,0.14,11.92%,17.18%,-0.21738,2026-09-04
$SPX,7718.6,2026-10-09,34,Put,"7,670.00",-0.63%,88.9,81.72,90.1,11,81,0.14,11.92%,13.02%,-0.403846,2026-09-04
$SPX,7718.6,2027-01-15,132,Put,"6,525.00",-15.46%,48,47.5,49.3,201,1487,0.14,11.92%,23.67%,-0.090309,2026-09-04
$SPX,7718.6,2027-09-17,377,Put,"6,050.00",-21.62%,109.9,109.6,111.4,12,84,0.14,11.92%,24.72%,-0.107736,2026-09-04
$SPX,7718.6,2026-09-09,4,Put,"6,925.00",-10.28%,0.3,0.25,0.45,33,237,0.14,11.92%,39.24%,-0.003788,2026-09-04
$SPX,7718.6,2027-03-19,195,Put,"6,875.00",-10.93%,110.1,107.3,111.6,78,567,0.14,11.92%,20.66%,-0.168324,2026-09-04
$SPX,7718.6,2027-03-19,195,Put,"4,775.00",-38.14%,18.4,18.25,19.1,48,334,0.14,11.92%,36.48%,-0.022309,2026-09-04
$SPX,7718.6,2026-09-17,12,Put,"7,705.00",-0.18%,57.6,56.37,58.5,13,90,0.14,11.92%,12.25%,-0.448073,2026-09-04
$SPX,7718.6,2026-09-17,12,Put,"7,560.00",-2.05%,20.8,17.15,21.5,21,148,0.14,11.92%,14.06%,-0.192628,2026-09-04
$SPX,7718.6,2026-09-17,12,Put,"6,000.00",-22.27%,0.4,0.5,0.65,126,917,0.14,11.92%,50.38%,-0.002442,2026-09-04
$SPX,7718.6,2026-10-30,55,Put,"7,575.00",-1.86%,96.5,96.71,97.7,14,97,0.14,11.92%,14.60%,-0.331058,2026-09-04
$SPX,7718.6,2026-10-16,41,Put,"7,225.00",-6.39%,28.5,27.75,29.3,18,133,0.14,11.92%,18.29%,-0.121008,2026-09-04
$SPX,7718.6,2027-02-19,167,Put,"4,000.00",-48.18%,8,7.91,8.5,289,2003,0.14,11.92%,45.33%,-0.009377,2026-09-04
$SPX,7718.6,2026-09-16,11,Put,"7,530.00",-2.44%,13.9,12.67,14.6,19,140,0.14,11.92%,14.16%,-0.144878,2026-09-04
$SPX,7718.6,2026-09-16,11,Put,"7,510.00",-2.70%,12.1,11.12,12.7,25,175,0.14,11.92%,14.49%,-0.126968,2026-09-04
$SPX,7718.6,2026-11-20,76,Put,"7,800.00",+1.05%,202.3,198.9,204,438,3344,0.13,11.92%,13.19%,-0.530398,2026-09-04
$SPX,7718.6,2026-11-20,76,Put,"2,600.00",-66.32%,0.15,0.35,0.4,303,2392,0.13,11.92%,74.89%,-0.000369,2026-09-04
$SPX,7718.6,2026-09-25,20,Put,"7,590.00",-1.67%,42.1,41.42,43,27,206,0.13,11.92%,13.66%,-0.276353,2026-09-04
$SPX,7718.6,2026-09-25,20,Put,"7,125.00",-7.69%,6.7,5.8,7.2,25,197,0.13,11.92%,20.83%,-0.044256,2026-09-04
$SPX,7718.6,2026-09-25,20,Put,"6,000.00",-22.27%,1.05,1.05,1.3,622,4937,0.13,11.92%,42.56%,-0.004714,2026-09-04
$SPX,7718.6,2026-10-09,34,Put,"7,150.00",-7.37%,17.7,17.65,18.5,23,171,0.13,11.92%,19.40%,-0.084549,2026-09-04
$SPX,7718.6,2027-01-15,132,Put,"3,400.00",-55.95%,3,3.1,3.4,200,1597,0.13,11.92%,55.08%,-0.003684,2026-09-04
$SPX,7718.6,2026-09-09,4,Put,"7,360.00",-4.65%,0.7,0.4,0.9,20,149,0.13,11.92%,20.80%,-0.013482,2026-09-04
$SPX,7718.6,2026-09-17,12,Put,"7,725.00",+0.08%,66.4,62.19,67.3,12,93,0.13,11.92%,12.10%,-0.495385,2026-09-04
$SPX,7718.6,2026-09-17,12,Put,"7,680.00",-0.50%,48.2,45.65,49,13,102,0.13,11.92%,12.47%,-0.391667,2026-09-04
$SPX,7718.6,2026-10-30,55,Put,"7,545.00",-2.25%,89.5,84.58,90.6,13,101,0.13,11.92%,14.89%,-0.308566,2026-09-04
$SPX,7718.6,2026-10-16,41,Put,"7,745.00",+0.34%,129.4,121.42,130.5,11,83,0.13,11.92%,12.59%,-0.498749,2026-09-04
$SPX,7718.6,2026-10-16,41,Put,"7,690.00",-0.37%,108,104.77,109.1,12,89,0.13,11.92%,13.08%,-0.430848,2026-09-04
$SPX,7718.6,2026-10-16,41,Put,"7,290.00",-5.55%,33.4,32.15,34.3,11,86,0.13,11.92%,17.48%,-0.14291,2026-09-04
$SPX,7718.6,2026-10-16,41,Put,"6,525.00",-15.46%,8.1,7.87,8.6,12,95,0.13,11.92%,27.77%,-0.029163,2026-09-04
$SPX,7718.6,2026-10-16,41,Put,"6,150.00",-20.32%,5,5.05,5.4,28,208,0.13,11.92%,33.13%,-0.016321,2026-09-04
$SPX,7718.6,2027-02-19,167,Put,"7,025.00",-8.99%,108.3,104.9,110.2,62,481,0.13,11.92%,19.50%,-0.186309,2026-09-04
$SPX,7718.6,2027-12-17,468,Put,"7,600.00",-1.54%,402.8,402.89,409.9,501,3777,0.13,11.92%,17.52%,-0.37116,2026-09-04
$SPX,7718.6,2027-12-17,468,Put,"8,200.00",+6.24%,608.5,608.5,616.3,250,1904,0.13,11.92%,14.07%,-0.628132,2026-09-04
$SPX,7718.6,2026-09-22,17,Put,"7,670.00",-0.63%,54.7,55.01,55.6,10,79,0.13,11.92%,12.33%,-0.382006,2026-09-04
$SPX,7718.6,2026-09-16,11,Put,"7,740.00",+0.28%,69.4,60.68,70.3,19,151,0.13,11.92%,11.67%,-0.535838,2026-09-04
$SPX,7718.6,2026-09-16,11,Put,"7,750.00",+0.41%,74.9,68.9,75.7,34,256,0.13,11.92%,11.65%,-0.562131,2026-09-04
$SPX,7718.6,2027-01-15,132,Call,"7,825.00",-1.38%,250,251.2,251.5,16,126,0.13,11.92%,13.50%,0.517329,2026-09-04
$SPX,7718.6,2026-09-28,23,Call,"7,710.00",+0.11%,91.3,93.4,92.4,10,75,0.13,11.92%,10.11%,0.558322,2026-09-04
$SPX,7718.6,2026-12-18,104,Call,"8,025.00",-3.97%,109.8,110.6,111.8,115,856,0.13,11.92%,12.10%,0.344305,2026-09-04
$SPX,7718.6,2026-10-16,41,Call,"7,750.00",-0.41%,116.7,122.15,118.6,932,7019,0.13,11.92%,11.36%,0.508721,2026-09-04
$SPX,7718.6,2026-10-02,27,Call,"7,600.00",+1.54%,183,184.68,184,10,76,0.13,11.92%,11.91%,0.718066,2026-09-04
$SPX,7718.6,2026-09-15,10,Call,"7,775.00",-0.73%,19.8,21.2,20.5,43,344,0.13,11.92%,7.79%,0.315294,2026-09-04
$SPX,7718.6,2026-09-30,25,Call,"7,725.00",-0.08%,89.5,90.92,90.5,83,651,0.13,11.92%,10.36%,0.529763,2026-09-04
$SPX,7718.6,2026-09-30,25,Call,"7,680.00",+0.50%,117.3,121,118.4,19,146,0.13,11.92%,10.71%,0.610916,2026-09-04
$SPX,7718.6,2026-09-30,25,Call,"7,900.00",-2.35%,20.8,21.4,21.4,1798,13770,0.13,11.92%,9.35%,0.201821,2026-09-04
$SPX,7718.6,2026-09-18,13,Call,"7,840.00",-1.57%,14.6,15.9,15.6,114,880,0.13,11.92%,9.09%,0.204549,2026-09-04
$SPX,7718.6,2026-11-20,76,Call,"8,450.00",-9.48%,8.5,8.79,9.2,34,269,0.13,11.92%,11.13%,0.054289,2026-09-04
$SPX,7718.6,2026-09-18,13,Call,"7,845.00",-1.64%,14.8,16.6,15.4,31,240,0.13,11.92%,9.33%,0.200459,2026-09-04
$SPX,7718.6,2026-11-20,76,Call,"7,930.00",-2.74%,103.3,105.1,105.4,15,115,0.13,11.92%,11.91%,0.371533,2026-09-04
$SPX,7718.6,2026-09-09,4,Call,"7,920.00",-2.61%,0.15,0.12,0.25,104,828,0.13,11.92%,9.95%,0.007572,2026-09-04
$SPX,7718.6,2026-10-30,55,Call,"8,125.00",-5.27%,22.3,28.5,23.2,15,112,0.13,11.92%,10.74%,0.141014,2026-09-04
$SPX,7718.6,2026-10-16,41,Call,"8,050.00",-4.29%,17.7,19.4,18.5,56,446,0.13,11.92%,10.19%,0.137381,2026-09-04
$SPX,7718.6,2026-10-16,41,Call,"8,140.00",-5.46%,8.6,8.8,9.3,15,118,0.13,11.92%,10.13%,0.076906,2026-09-04
$SPX,7718.6,2026-10-16,41,Call,"8,210.00",-6.37%,5,5,5.6,12,94,0.13,11.92%,10.25%,0.048635,2026-09-04
$SPX,7718.6,2026-09-22,17,Call,"7,810.00",-1.18%,29.2,33.91,30.1,12,91,0.13,11.92%,9.12%,0.307758,2026-09-04
$SPX,7718.6,2026-09-16,11,Call,"7,780.00",-0.80%,24.8,26.35,25.6,11,83,0.13,11.92%,8.76%,0.329412,2026-09-04
$SPX,7718.6,2026-09-16,11,Call,"7,825.00",-1.38%,12.8,14.18,13.5,14,106,0.13,11.92%,8.67%,0.203329,2026-09-04
$SPX,7718.6,2026-09-16,11,Call,"7,920.00",-2.61%,2.4,2.55,2.85,24,182,0.13,11.92%,8.76%,0.053247,2026-09-04
$SPX,7718.6,2026-09-08,3,Put,"7,210.00",-6.59%,0.35,0.25,0.45,28,214,0.13,11.92%,30.11%,-0.00586,2026-09-04
$SPX,7718.6,2026-10-01,26,Put,"7,625.00",-1.21%,61.5,58.7,62.6,16,127,0.13,11.92%,13.31%,-0.337531,2026-09-04
$SPX,7718.6,2026-10-01,26,Put,"7,225.00",-6.39%,14,13.72,14.7,16,119,0.13,11.92%,18.65%,-0.080726,2026-09-04
$SPX,7718.6,2026-10-01,26,Put,"7,100.00",-8.01%,9.9,8.9,10.6,15,112,0.13,11.92%,20.58%,-0.055711,2026-09-04
$SPX,7718.6,2026-09-11,6,Put,"7,780.00",+0.80%,80.4,77.93,82.2,65,517,0.13,11.92%,11.84%,-0.6901,2026-09-04
$SPX,7718.6,2026-09-11,6,Put,"7,790.00",+0.93%,88.2,81.22,90.1,55,412,0.13,11.92%,12.06%,-0.716582,2026-09-04
$SPX,7718.6,2026-10-16,41,Put,"7,360.00",-4.65%,39.1,39.09,40.5,35,279,0.13,11.92%,16.53%,-0.170435,2026-09-04
$SPX,7718.6,2026-10-16,41,Put,"7,200.00",-6.72%,26.1,25.5,27.3,2476,19692,0.13,11.92%,18.49%,-0.112367,2026-09-04
$SPX,7718.6,2026-09-14,9,Put,"7,525.00",-2.51%,7.7,7.47,7.9,198,1550,0.13,11.92%,13.23%,-0.101624,2026-09-04
$SPX,7718.6,2026-12-31,117,Put,"8,250.00",+6.88%,503.8,507.62,515.7,11,88,0.13,11.92%,0.00%,0,2026-09-04
$SPX,7718.6,2026-09-10,5,Put,"7,485.00",-3.03%,2.1,2.05,2.3,19,141,0.13,11.92%,15.24%,-0.039412,2026-09-04
$SPX,7718.6,2026-09-23,18,Put,"7,400.00",-4.13%,14.3,13.25,15,27,213,0.13,11.92%,16.18%,-0.108245,2026-09-04
$SPX,7718.6,2026-09-23,18,Put,"6,000.00",-22.27%,0.8,0.87,1.05,365,2805,0.13,11.92%,43.68%,-0.003884,2026-09-04
$SPX,7718.6,2026-11-30,86,Put,"7,100.00",-8.01%,58.3,58.03,59.2,125,949,0.13,11.92%,19.14%,-0.152015,2026-09-04
$SPX,7718.6,2026-09-15,10,Put,"7,575.00",-1.86%,14.3,12.55,14.8,113,902,0.13,11.92%,12.54%,-0.168988,2026-09-04
$SPX,7718.6,2026-09-15,10,Put,"7,535.00",-2.38%,10.3,9.96,10.9,44,338,0.13,11.92%,13.25%,-0.125119,2026-09-04
$SPX,7718.6,2026-09-30,25,Put,"7,725.00",+0.08%,92.9,92.52,94,70,522,0.13,11.92%,12.20%,-0.482461,2026-09-04
$SPX,7718.6,2026-09-30,25,Put,"7,790.00",+0.93%,124.5,119.7,125.5,27,207,0.13,11.92%,11.67%,-0.596178,2026-09-04
$SPX,7718.6,2026-09-30,25,Put,"7,480.00",-3.09%,32.2,30.34,33,24,181,0.13,11.92%,15.05%,-0.191534,2026-09-04
$SPX,7718.6,2026-09-30,25,Put,"7,360.00",-4.65%,20.4,19.22,21.1,17,129,0.13,11.92%,16.68%,-0.122484,2026-09-04
$SPX,7718.6,2026-11-20,76,Put,"7,725.00",+0.08%,172.7,170.42,174,13,99,0.13,11.92%,13.83%,-0.461552,2026-09-04
$SPX,7718.6,2026-09-21,16,Put,"7,375.00",-4.45%,10,8.6,10.6,17,127,0.13,11.92%,16.46%,-0.083636,2026-09-04
$SPX,7718.6,2026-12-18,104,Put,"7,340.00",-4.91%,107.4,105.4,108.4,14,110,0.13,11.92%,17.33%,-0.246126,2026-09-04
$SPX,7718.6,2026-12-18,104,Put,"6,000.00",-22.27%,20.9,20.1,21.6,17,134,0.13,11.92%,29.51%,-0.040771,2026-09-04
$SPX,7718.6,2026-09-18,13,Put,"7,535.00",-2.38%,20.1,19.75,20.7,24,190,0.13,11.92%,14.58%,-0.176161,2026-09-04
$SPX,7718.6,2026-09-18,13,Put,"7,405.00",-4.06%,9.7,9.24,10.1,21,163,0.13,11.92%,16.81%,-0.086788,2026-09-04
$SPX,7718.6,2026-09-18,13,Put,"7,380.00",-4.39%,8.6,8.55,9,45,349,0.13,11.92%,17.29%,-0.076733,2026-09-04
$SPX,7718.6,2026-09-18,13,Put,"7,275.00",-5.75%,5.4,4.47,5.9,90,717,0.13,11.92%,19.39%,-0.047605,2026-09-04
$SPX,7718.6,2026-09-18,13,Put,"5,500.00",-28.74%,0.25,0.3,0.45,97,728,0.13,11.92%,61.20%,-0.001343,2026-09-04
$SPX,7718.6,2026-09-11,6,Put,"7,775.00",+0.73%,76.7,73.03,78.5,111,907,0.12,11.92%,11.76%,-0.67557,2026-09-04
$SPX,7718.6,2026-09-11,6,Put,"7,270.00",-5.81%,1.3,0.95,1.5,136,1103,0.12,11.92%,22.46%,-0.017291,2026-09-04
$SPX,7718.6,2026-12-18,104,Put,"6,760.00",-12.42%,48.2,46.4,49.1,11,94,0.12,11.92%,22.37%,-0.10526,2026-09-04
$SPX,7718.6,2026-12-18,104,Put,"6,200.00",-19.67%,25.4,25.3,26.3,3140,26660,0.12,11.92%,27.55%,-0.05138,2026-09-04
$SPX,7718.6,2026-10-16,41,Put,"7,750.00",+0.41%,130,125.85,131.9,843,6968,0.12,11.92%,12.44%,-0.505937,2026-09-04
$SPX,7718.6,2026-10-16,41,Put,"7,315.00",-5.23%,34.7,34.7,36.1,18,149,0.12,11.92%,17.07%,-0.151104,2026-09-04
$SPX,7718.6,2026-10-16,41,Put,"6,470.00",-16.18%,7.2,7.19,7.9,17,146,0.12,11.92%,28.42%,-0.026137,2026-09-04
$SPX,7718.6,2026-10-16,41,Put,"5,475.00",-29.07%,2.2,2.01,2.6,61,493,0.12,11.92%,42.86%,-0.006395,2026-09-04
$SPX,7718.6,2026-09-14,9,Put,"7,700.00",-0.24%,39.7,37.33,40.2,136,1115,0.12,11.92%,10.63%,-0.423003,2026-09-04
$SPX,7718.6,2026-10-12,37,Put,"7,125.00",-7.69%,18.1,16.66,18.9,10,86,0.12,11.92%,19.37%,-0.083166,2026-09-04
$SPX,7718.6,2026-09-10,5,Put,"7,680.00",-0.50%,20.5,19.32,21,72,582,0.12,11.92%,10.61%,-0.32869,2026-09-04
$SPX,7718.6,2026-09-10,5,Put,"6,200.00",-19.67%,0.1,0.1,0.25,112,904,0.12,11.92%,61.97%,-0.001098,2026-09-04
$SPX,7718.6,2026-10-02,27,Put,"7,280.00",-5.68%,18.1,17.85,18.9,11,94,0.12,11.92%,17.94%,-0.101501,2026-09-04
$SPX,7718.6,2026-10-02,27,Put,"7,275.00",-5.75%,17.8,17.17,18.6,28,230,0.12,11.92%,18.01%,-0.099821,2026-09-04
$SPX,7718.6,2026-10-02,27,Put,"5,800.00",-24.86%,1.5,1.42,1.75,49,396,0.12,11.92%,42.64%,-0.005491,2026-09-04
$SPX,7718.6,2026-09-15,10,Put,"7,610.00",-1.41%,19.3,19.17,19.9,25,201,0.12,11.92%,11.98%,-0.221295,2026-09-04
$SPX,7718.6,2026-09-15,10,Put,"7,325.00",-5.10%,2.9,2.3,3.3,18,147,0.12,11.92%,17.80%,-0.034192,2026-09-04
$SPX,7718.6,2026-09-29,24,Put,"7,100.00",-8.01%,8.1,7.17,8.8,11,91,0.12,11.92%,20.53%,-0.048975,2026-09-04
$SPX,7718.6,2026-09-30,25,Put,"7,665.00",-0.69%,70.9,65.61,71.9,15,123,0.12,11.92%,12.80%,-0.388916,2026-09-04
$SPX,7718.6,2026-11-20,76,Put,"7,550.00",-2.18%,119.1,117.67,120.2,22,189,0.12,11.92%,15.26%,-0.330758,2026-09-04
$SPX,7718.6,2026-09-21,16,Put,"7,720.00",+0.02%,70.7,66.53,71.6,36,300,0.12,11.92%,11.73%,-0.479617,2026-09-04
$SPX,7718.6,2027-01-29,146,Put,"7,390.00",-4.26%,148.8,142.65,150.5,12,101,0.12,11.92%,16.82%,-0.283051,2026-09-04
$SPX,7718.6,2027-01-29,146,Put,"7,150.00",-7.37%,110.2,108.6,111.5,10,86,0.12,11.92%,18.62%,-0.206863,2026-09-04
$SPX,7718.6,2026-09-18,13,Put,"7,515.00",-2.64%,17.8,17.43,18.4,79,662,0.12,11.92%,14.91%,-0.157343,2026-09-04
$SPX,7718.6,2026-09-18,13,Put,"7,390.00",-4.26%,9,9,9.5,43,356,0.12,11.92%,17.11%,-0.080743,2026-09-04
$SPX,7718.6,2026-09-18,13,Put,"7,335.00",-4.97%,6.9,6.4,7.4,19,156,0.12,11.92%,18.15%,-0.061719,2026-09-04
$SPX,7718.6,2026-09-18,13,Put,"7,135.00",-7.56%,3.5,3.11,3.9,11,91,0.12,11.92%,22.53%,-0.028828,2026-09-04
$SPX,7718.6,2026-09-18,13,Put,"7,065.00",-8.47%,2.95,2.57,3.3,11,93,0.12,11.92%,24.16%,-0.023334,2026-09-04
$SPX,7718.6,2026-09-18,13,Put,"6,325.00",-18.06%,0.9,0.85,1.15,44,360,0.12,11.92%,42.02%,-0.005153,2026-09-04
$SPX,7718.6,2026-11-20,76,Put,"7,740.00",+0.28%,177.1,172.9,179.3,16,138,0.12,11.92%,13.65%,-0.474741,2026-09-04
$SPX,7718.6,2026-11-20,76,Put,"7,570.00",-1.93%,122.8,118.4,124.8,11,89,0.12,11.92%,15.02%,-0.343186,2026-09-04
$SPX,7718.6,2026-11-20,76,Put,"7,295.00",-5.49%,71.9,71.2,73.2,88,737,0.12,11.92%,17.50%,-0.203525,2026-09-04
$SPX,7718.6,2026-11-20,76,Put,"7,265.00",-5.88%,68.1,66.6,69.2,22,182,0.12,11.92%,17.77%,-0.192436,2026-09-04
$SPX,7718.6,2026-11-20,76,Put,"7,140.00",-7.50%,54.9,52.3,56.1,39,330,0.12,11.92%,19.00%,-0.153847,2026-09-04
$SPX,7718.6,2026-11-20,76,Put,"5,950.00",-22.91%,11.6,11.15,12.2,342,2930,0.12,11.92%,31.52%,-0.026737,2026-09-04
$SPX,7718.6,2026-09-25,20,Put,"7,705.00",-0.18%,75.3,72.36,76.3,12,98,0.12,11.92%,12.30%,-0.449761,2026-09-04
$SPX,7718.6,2026-09-25,20,Put,"7,685.00",-0.44%,67.9,64.13,68.9,10,85,0.12,11.92%,12.50%,-0.414728,2026-09-04
$SPX,7718.6,2026-09-25,20,Put,"7,655.00",-0.82%,58.3,57.89,59.3,15,121,0.12,11.92%,12.85%,-0.366177,2026-09-04
$SPX,7718.6,2026-09-25,20,Put,"7,620.00",-1.28%,48.9,48.28,49.8,51,409,0.12,11.92%,13.28%,-0.314976,2026-09-04
$SPX,7718.6,2026-09-25,20,Put,"7,050.00",-8.66%,5.5,4.98,5.9,1040,8723,0.12,11.92%,22.16%,-0.035272,2026-09-04
$SPX,7718.6,2026-10-09,34,Put,"7,630.00",-1.15%,76.9,71.91,78,11,94,0.12,11.92%,13.44%,-0.356599,2026-09-04
$SPX,7718.6,2027-09-17,377,Put,"6,000.00",-22.27%,105.8,105.6,107.3,93,783,0.12,11.92%,24.97%,-0.103494,2026-09-04
$SPX,7718.6,2026-09-09,4,Put,"7,625.00",-1.21%,5.9,6,6.2,305,2470,0.12,11.92%,10.93%,-0.134997,2026-09-04
$SPX,7718.6,2026-09-09,4,Put,"7,465.00",-3.29%,1.05,0.85,1.25,20,163,0.12,11.92%,16.27%,-0.023227,2026-09-04
$SPX,7718.6,2026-09-09,4,Put,"7,385.00",-4.32%,0.75,0.6,0.95,26,222,0.12,11.92%,19.69%,-0.014957,2026-09-04
$SPX,7718.6,2026-09-17,12,Put,"7,500.00",-2.83%,14.1,14.25,14.6,80,662,0.12,11.92%,15.02%,-0.13395,2026-09-04
$SPX,7718.6,2026-09-17,12,Put,"6,400.00",-17.08%,0.85,0.7,1.05,36,311,0.12,11.92%,41.05%,-0.005102,2026-09-04
$SPX,7718.6,2026-10-30,55,Put,"7,775.00",+0.73%,164.2,157.8,165.4,63,537,0.12,11.92%,12.85%,-0.522097,2026-09-04
$SPX,7718.6,2026-10-30,55,Put,"6,750.00",-12.55%,18.7,17.7,19.4,85,705,0.12,11.92%,23.77%,-0.060008,2026-09-04
$SPX,7718.6,2026-10-16,41,Put,"7,625.00",-1.21%,87.6,85.47,88.6,24,194,0.12,11.92%,13.71%,-0.359963,2026-09-04
$SPX,7718.6,2026-10-16,41,Put,"7,475.00",-3.16%,55.4,53.97,56.3,26,221,0.12,11.92%,15.32%,-0.235936,2026-09-04
$SPX,7718.6,2026-10-16,41,Put,"6,000.00",-22.27%,4.2,4.3,4.4,812,6641,0.12,11.92%,35.22%,-0.013014,2026-09-04
$SPX,7718.6,2026-09-16,11,Put,"7,700.00",-0.24%,51,47.38,51.8,61,489,0.12,11.92%,11.90%,-0.433566,2026-09-04
$SPX,7718.6,2026-09-16,11,Put,"7,680.00",-0.50%,43.6,41.58,44.4,12,99,0.12,11.92%,12.08%,-0.385424,2026-09-04
$SPX,7718.6,2026-10-01,26,Call,"7,750.00",-0.41%,79.5,81.85,80.7,23,199,0.12,11.92%,10.42%,0.484396,2026-09-04
$SPX,7718.6,2026-09-28,23,Call,"7,950.00",-3.00%,9.1,9.83,9.9,23,185,0.12,11.92%,8.92%,0.113979,2026-09-04
$SPX,7718.6,2026-09-11,6,Call,"7,520.00",+2.57%,186.8,213.56,206.3,12,103,0.12,11.92%,17.84%,0.880503,2026-09-04
$SPX,7718.6,2026-09-11,6,Call,"7,500.00",+2.83%,214.5,222.65,216.5,62,518,0.12,11.92%,0.00%,0,2026-09-04
$SPX,7718.6,2026-12-18,104,Call,"8,100.00",-4.94%,85,89.7,86.8,1455,12174,0.12,11.92%,11.89%,0.289249,2026-09-04
$SPX,7718.6,2026-12-18,104,Call,"6,025.00",+21.94%,1745.7,1774.02,1769.7,78,627,0.12,11.92%,27.20%,0.968168,2026-09-04
$SPX,7718.6,2026-10-16,41,Call,"7,920.00",-2.61%,44.1,44.5,45.6,61,525,0.12,11.92%,10.45%,0.274537,2026-09-04
$SPX,7718.6,2026-10-16,41,Call,"8,230.00",-6.63%,3.9,4.3,4.7,14,116,0.12,11.92%,10.18%,0.04081,2026-09-04
$SPX,7718.6,2026-12-31,117,Call,"8,225.00",-6.56%,66.1,69.24,67.6,28,225,0.12,11.92%,11.76%,0.230852,2026-09-04
$SPX,7718.6,2026-10-02,27,Call,"7,930.00",-2.74%,19.4,20.17,20.3,25,209,0.12,11.92%,9.70%,0.181526,2026-09-04
$SPX,7718.6,2026-10-02,27,Call,"8,250.00",-6.88%,1.05,1.02,1.4,24,205,0.12,11.92%,10.79%,0.015335,2026-09-04
$SPX,7718.6,2026-09-15,10,Call,"7,925.00",-2.67%,1.1,1.25,1.4,60,489,0.12,11.92%,8.18%,0.030876,2026-09-04
$SPX,7718.6,2026-09-18,13,Call,"7,820.00",-1.31%,19.3,20.8,20.4,327,2707,0.12,11.92%,9.17%,0.251022,2026-09-04
$SPX,7718.6,2026-09-18,13,Call,"7,865.00",-1.90%,10.1,11.5,11,39,325,0.12,11.92%,9.04%,0.154627,2026-09-04
$SPX,7718.6,2026-09-21,16,Call,"7,660.00",+0.76%,104,105.17,104.9,25,215,0.12,11.92%,9.79%,0.677165,2026-09-04
$SPX,7718.6,2026-09-24,19,Call,"7,825.00",-1.38%,29.8,30.67,30.7,22,181,0.12,11.92%,9.37%,0.294136,2026-09-04
$SPX,7718.6,2026-09-18,13,Call,"7,905.00",-2.41%,6,6.83,6.5,154,1330,0.12,11.92%,9.23%,0.099048,2026-09-04
$SPX,7718.6,2026-09-18,13,Call,"8,060.00",-4.42%,0.75,1.13,1.05,21,176,0.12,11.92%,10.40%,0.016637,2026-09-04
$SPX,7718.6,2026-09-18,13,Call,"8,400.00",-8.83%,0.15,0.15,0.4,100,851,0.12,11.92%,16.42%,0.003762,2026-09-04
$SPX,7718.6,2026-11-20,76,Call,"7,550.00",+2.18%,327.9,332.26,330.2,206,1654,0.12,11.92%,14.10%,0.689938,2026-09-04
$SPX,7718.6,2026-11-20,76,Call,"7,910.00",-2.48%,111.6,112.2,113.3,22,188,0.12,11.92%,11.98%,0.389988,2026-09-04
$SPX,7718.6,2026-11-20,76,Call,"8,100.00",-4.94%,49.9,51.92,51.2,1214,10196,0.12,11.92%,11.35%,0.224649,2026-09-04
$SPX,7718.6,2026-09-25,20,Call,"8,075.00",-4.62%,1.7,2.05,2.1,50,433,0.12,11.92%,9.63%,0.028577,2026-09-04
$SPX,7718.6,2026-09-25,20,Call,"8,150.00",-5.59%,0.9,0.88,1.25,28,241,0.12,11.92%,10.39%,0.01612,2026-09-04
$SPX,7718.6,2026-10-09,34,Call,"8,150.00",-5.59%,4.3,4.6,4.9,13,108,0.12,11.92%,9.93%,0.047897,2026-09-04
$SPX,7718.6,2026-09-09,4,Call,"7,880.00",-2.09%,0.2,0.2,0.35,103,877,0.12,11.92%,8.52%,0.011614,2026-09-04
$SPX,7718.6,2026-10-30,55,Call,"7,845.00",-1.64%,102.6,103.2,103.8,10,86,0.12,11.92%,11.71%,0.416171,2026-09-04
$SPX,7718.6,2026-10-16,41,Call,"8,000.00",-3.65%,26,27.4,26.8,128,1058,0.12,11.92%,10.30%,0.184324,2026-09-04
$SPX,7718.6,2026-10-16,41,Call,"8,075.00",-4.62%,14.6,16.05,15.3,38,319,0.12,11.92%,10.16%,0.117742,2026-09-04
$SPX,7718.6,2026-10-16,41,Call,"8,110.00",-5.07%,11,11.55,11.7,16,139,0.12,11.92%,10.13%,0.093896,2026-09-04
$SPX,7718.6,2027-12-17,468,Call,"8,300.00",-7.53%,459.5,460.26,467.3,340,2847,0.12,11.92%,15.34%,0.487422,2026-09-04
$SPX,7718.6,2026-09-22,17,Call,"7,825.00",-1.38%,24.6,25.6,25.4,14,121,0.12,11.92%,9.05%,0.272742,2026-09-04
$SPX,7718.6,2026-09-22,17,Call,"7,850.00",-1.70%,18.2,18.9,18.9,25,211,0.12,11.92%,8.96%,0.218922,2026-09-04
$SPX,7718.6,2026-09-16,11,Call,"7,800.00",-1.05%,18.8,20.63,19.5,18,154,0.12,11.92%,8.72%,0.269904,2026-09-04
$SPX,7718.6,2026-09-16,11,Call,"8,050.00",-4.29%,0.5,0.43,0.75,20,173,0.12,11.92%,10.52%,0.012795,2026-09-04
$SPX,7718.6,2026-09-08,3,Put,"7,075.00",-8.34%,0.25,0.25,0.4,50,423,0.12,11.92%,36.60%,-0.004048,2026-09-04
$SPX,7718.6,2027-01-15,132,Put,"7,600.00",-1.54%,185.4,180.8,186.9,37,297,0.12,11.92%,15.17%,-0.374252,2026-09-04
$SPX,7718.6,2026-09-08,3,Call,"7,600.00",+1.54%,109.9,114.74,111.6,85,764,0.11,11.92%,0.00%,0,2026-09-04
$SPX,7718.6,2026-09-08,3,Call,"7,910.00",-2.48%,0.05,0.1,0.15,211,1953,0.11,11.92%,10.19%,0.004487,2026-09-04
$SPX,7718.6,2026-10-01,26,Call,"7,950.00",-3.00%,13.7,14.4,14.6,15,135,0.11,11.92%,9.40%,0.144051,2026-09-04
$SPX,7718.6,2026-09-11,6,Call,"8,225.00",-6.56%,0.15,0.1,0.3,88,793,0.11,11.92%,18.43%,0.004005,2026-09-04
$SPX,7718.6,2026-12-18,104,Call,"7,710.00",+0.11%,268.5,269.5,270.8,11,96,0.11,11.92%,13.48%,0.580801,2026-09-04
$SPX,7718.6,2026-10-16,41,Call,"7,760.00",-0.54%,111.2,113.64,113.1,54,486,0.11,11.92%,11.30%,0.495099,2026-09-04
$SPX,7718.6,2026-09-14,9,Call,"7,725.00",-0.08%,37.3,38.3,37.8,64,603,0.11,11.92%,7.71%,0.504598,2026-09-04
$SPX,7718.6,2026-11-30,86,Call,"7,715.00",+0.05%,229.8,232.42,231.2,13,121,0.11,11.92%,12.98%,0.570512,2026-09-04
$SPX,7718.6,2026-10-02,27,Call,"7,840.00",-1.57%,43.7,46.2,44.7,18,163,0.11,11.92%,10.10%,0.323966,2026-09-04
$SPX,7718.6,2026-10-02,27,Call,"7,890.00",-2.22%,28.3,29.1,29.3,10,93,0.11,11.92%,9.84%,0.239822,2026-09-04
$SPX,7718.6,2026-09-30,25,Call,"7,840.00",-1.57%,36.9,37.85,37.8,53,481,0.11,11.92%,9.61%,0.305304,2026-09-04
$SPX,7718.6,2026-09-30,25,Call,"8,020.00",-3.90%,5.3,6.32,6,12,108,0.11,11.92%,9.18%,0.069575,2026-09-04
$SPX,7718.6,2026-09-18,13,Call,"7,800.00",-1.05%,25.1,26.9,26.2,5050,47516,0.11,11.92%,9.25%,0.30208,2026-09-04
$SPX,7718.6,2026-09-18,13,Call,"7,890.00",-2.22%,6.8,7.96,7.6,128,1206,0.11,11.92%,9.01%,0.113626,2026-09-04
$SPX,7718.6,2026-12-18,104,Call,"8,150.00",-5.59%,71.8,71.59,72.9,11,102,0.11,11.92%,11.81%,0.255437,2026-09-04
$SPX,7718.6,2026-09-18,13,Call,"8,020.00",-3.90%,1.1,1.3,1.4,27,238,0.11,11.92%,9.82%,0.023445,2026-09-04
$SPX,7718.6,2026-09-18,13,Call,"8,190.00",-6.11%,0.4,0.35,0.65,13,116,0.11,11.92%,12.81%,0.008501,2026-09-04
$SPX,7718.6,2026-11-20,76,Call,"7,775.00",-0.73%,178.6,181.68,180.4,92,815,0.11,11.92%,12.66%,0.514588,2026-09-04
$SPX,7718.6,2026-11-20,76,Call,"7,940.00",-2.87%,99.4,100.4,101.4,11,98,0.11,11.92%,11.88%,0.362309,2026-09-04
$SPX,7718.6,2026-11-20,76,Call,"8,625.00",-11.74%,3.5,3.83,4.1,38,344,0.11,11.92%,11.43%,0.025356,2026-09-04
$SPX,7718.6,2026-09-25,20,Call,"8,300.00",-7.53%,0.45,0.4,0.75,102,955,0.11,11.92%,12.47%,0.008097,2026-09-04
$SPX,7718.6,2026-10-09,34,Call,"7,950.00",-3.00%,25.7,27.9,26.6,29,256,0.11,11.92%,10.02%,0.201058,2026-09-04
$SPX,7718.6,2027-03-19,195,Call,"8,200.00",-6.24%,167.1,167.74,169.2,1017,9396,0.11,11.92%,12.96%,0.356993,2026-09-04
$SPX,7718.6,2026-09-17,12,Call,"7,650.00",+0.89%,100.9,110.9,101.7,11,101,0.11,11.92%,9.67%,0.721032,2026-09-04
$SPX,7718.6,2026-09-17,12,Call,"7,875.00",-2.03%,7.3,7.75,7.9,17,149,0.11,11.92%,8.93%,0.123606,2026-09-04
$SPX,7718.6,2026-10-30,55,Call,"8,300.00",-7.53%,7.2,7.9,7.9,26,236,0.11,11.92%,10.73%,0.056026,2026-09-04
$SPX,7718.6,2026-10-30,55,Call,"8,500.00",-10.12%,2.45,2.35,2.8,30,272,0.11,11.92%,11.39%,0.021095,2026-09-04
$SPX,7718.6,2026-10-16,41,Call,"7,800.00",-1.05%,92.2,94.92,93.3,80,727,0.11,11.92%,11.17%,0.440266,2026-09-04
$SPX,7718.6,2026-09-16,11,Call,"7,730.00",-0.15%,45.9,49.96,46.7,21,189,0.11,11.92%,8.93%,0.493268,2026-09-04
$SPX,7718.6,2026-10-01,26,Put,"7,425.00",-3.80%,27.5,27.2,28.4,13,115,0.11,11.92%,15.83%,-0.160263,2026-09-04
$SPX,7718.6,2026-10-01,26,Put,"7,175.00",-7.04%,12.1,12.17,12.8,10,89,0.11,11.92%,19.40%,-0.069195,2026-09-04
$SPX,7718.6,2026-09-28,23,Put,"7,225.00",-6.39%,10.5,9.35,11.2,11,102,0.11,11.92%,18.48%,-0.067722,2026-09-04
$SPX,7718.6,2027-05-21,258,Put,"8,150.00",+5.59%,498.6,495.44,501.6,30,268,0.11,11.92%,12.73%,-0.696691,2026-09-04
$SPX,7718.6,2027-08-20,349,Put,"7,750.00",+0.41%,389.8,380.6,392.7,34,311,0.11,11.92%,16.20%,-0.429887,2026-09-04
$SPX,7718.6,2026-09-11,6,Put,"6,825.00",-11.58%,0.55,0.45,0.75,20,181,0.11,11.92%,38.11%,-0.005334,2026-09-04
$SPX,7718.6,2026-12-18,104,Put,"7,210.00",-6.59%,87.8,86.4,89.5,10,95,0.11,11.92%,18.41%,-0.201412,2026-09-04
$SPX,7718.6,2026-10-16,41,Put,"7,330.00",-5.03%,36.1,35.4,37.5,27,250,0.11,11.92%,16.89%,-0.157246,2026-09-04
$SPX,7718.6,2026-10-16,41,Put,"2,700.00",-65.02%,0,0.1,0.2,127,1168,0.11,11.92%,91.24%,-0.00016,2026-09-04
$SPX,7718.6,2026-09-14,9,Put,"7,275.00",-5.75%,1.85,1.45,2.05,37,324,0.11,11.92%,19.18%,-0.022302,2026-09-04
$SPX,7718.6,2026-09-14,9,Put,"6,850.00",-11.25%,0.8,0.75,0.95,11,100,0.11,11.92%,31.42%,-0.00693,2026-09-04
$SPX,7718.6,2026-09-10,5,Put,"7,380.00",-4.39%,1.15,1,1.35,34,321,0.11,11.92%,18.92%,-0.019791,2026-09-04
$SPX,7718.6,2026-09-23,18,Put,"5,800.00",-24.86%,0.6,0.63,0.85,10,95,0.11,11.92%,47.74%,-0.002855,2026-09-04
$SPX,7718.6,2026-11-30,86,Put,"7,525.00",-2.51%,121.1,119.41,122.3,16,151,0.11,11.92%,15.31%,-0.319272,2026-09-04
$SPX,7718.6,2026-10-02,27,Put,"7,050.00",-8.66%,9.7,9.35,10.3,64,583,0.11,11.92%,21.41%,-0.051814,2026-09-04
$SPX,7718.6,2026-09-15,10,Put,"7,410.00",-4.00%,4.4,4.23,4.9,13,116,0.11,11.92%,15.80%,-0.053923,2026-09-04
$SPX,7718.6,2026-09-15,10,Put,"7,200.00",-6.72%,1.9,1.6,2.2,24,228,0.11,11.92%,21.01%,-0.020487,2026-09-04
$SPX,7718.6,2026-09-30,25,Put,"7,630.00",-1.15%,60.7,57.93,61.7,20,188,0.11,11.92%,13.19%,-0.341266,2026-09-04
$SPX,7718.6,2026-09-30,25,Put,"7,620.00",-1.28%,58.1,55.4,59.1,25,237,0.11,11.92%,13.31%,-0.328486,2026-09-04
$SPX,7718.6,2026-09-30,25,Put,"7,570.00",-1.93%,46.8,46.1,47.7,17,148,0.11,11.92%,13.91%,-0.270992,2026-09-04
$SPX,7718.6,2026-09-30,25,Put,"7,460.00",-3.35%,29.7,26.62,30.5,23,214,0.11,11.92%,15.31%,-0.177423,2026-09-04
$SPX,7718.6,2026-09-30,25,Put,"7,300.00",-5.42%,16.6,16.59,17,453,4263,0.11,11.92%,17.52%,-0.098794,2026-09-04
$SPX,7718.6,2026-09-30,25,Put,"7,290.00",-5.55%,16,14.81,16.7,26,247,0.11,11.92%,17.69%,-0.095788,2026-09-04
$SPX,7718.6,2026-09-30,25,Put,"6,075.00",-21.29%,1.65,1.45,1.95,25,237,0.11,11.92%,38.30%,-0.006911,2026-09-04
$SPX,7718.6,2026-09-18,13,Put,"7,830.00",+1.44%,131.7,125.03,133,242,2205,0.11,11.92%,11.66%,-0.734671,2026-09-04
$SPX,7718.6,2026-09-21,16,Put,"7,760.00",+0.54%,90.4,84.6,91.3,18,159,0.11,11.92%,11.48%,-0.567454,2026-09-04
$SPX,7718.6,2026-09-24,19,Put,"7,650.00",-0.89%,54.5,49.7,55.4,18,171,0.11,11.92%,12.85%,-0.355492,2026-09-04
$SPX,7718.6,2026-09-18,13,Put,"7,780.00",+0.80%,98.5,96.4,99.3,23,212,0.11,11.92%,11.83%,-0.622978,2026-09-04
$SPX,7718.6,2026-09-18,13,Put,"7,185.00",-6.91%,4,3.64,4.4,19,180,0.11,11.92%,21.35%,-0.033796,2026-09-04
$SPX,7718.6,2026-09-18,13,Put,"7,130.00",-7.63%,3.4,2.82,3.8,20,185,0.11,11.92%,22.59%,-0.028076,2026-09-04
$SPX,7718.6,2026-09-18,13,Put,"7,110.00",-7.88%,3.3,3.22,3.6,13,117,0.11,11.92%,23.09%,-0.026528,2026-09-04
$SPX,7718.6,2026-09-18,13,Put,"6,800.00",-11.90%,1.8,1.65,2.05,166,1476,0.11,11.92%,30.53%,-0.012256,2026-09-04
$SPX,7718.6,2026-11-20,76,Put,"7,825.00",+1.38%,213.8,210.63,215.6,110,983,0.11,11.92%,13.01%,-0.554207,2026-09-04
$SPX,7718.6,2026-11-20,76,Put,"7,090.00",-8.14%,50.6,50.1,51.7,98,881,0.11,11.92%,19.49%,-0.140955,2026-09-04
$SPX,7718.6,2026-11-20,76,Put,"6,400.00",-17.08%,19.4,19.6,20.3,706,6163,0.11,11.92%,26.67%,-0.048574,2026-09-04
$SPX,7718.6,2026-11-20,76,Put,"5,900.00",-23.56%,11,11.1,11.6,325,2828,0.11,11.92%,32.08%,-0.025135,2026-09-04
$SPX,7718.6,2026-09-25,20,Put,"7,340.00",-4.91%,13.7,12.83,14.4,14,127,0.11,11.92%,17.24%,-0.094852,2026-09-04
$SPX,7718.6,2026-09-25,20,Put,"5,400.00",-30.04%,0.45,0.5,0.7,133,1248,0.11,11.92%,54.30%,-0.00194,2026-09-04
$SPX,7718.6,2026-10-09,34,Put,"5,600.00",-27.45%,1.8,1.8,2.1,66,579,0.11,11.92%,43.14%,-0.005751,2026-09-04
$SPX,7718.6,2027-03-19,195,Put,"4,500.00",-41.70%,15.1,14.8,15.7,308,2911,0.11,11.92%,38.96%,-0.01759,2026-09-04
$SPX,7718.6,2026-09-17,12,Put,"7,630.00",-1.15%,33.7,30.7,34.5,14,123,0.11,11.92%,13.05%,-0.293944,2026-09-04
$SPX,7718.6,2026-10-30,55,Put,"7,150.00",-7.37%,37.1,36.13,38,70,626,0.11,11.92%,19.09%,-0.12782,2026-09-04
$SPX,7718.6,2026-10-30,55,Put,"6,050.00",-21.62%,7.5,7.5,8,18,168,0.11,11.92%,32.43%,-0.020717,2026-09-04
$SPX,7718.6,2026-10-16,41,Put,"7,470.00",-3.22%,54.5,49.53,55.5,10,89,0.11,11.92%,15.37%,-0.232593,2026-09-04
$SPX,7718.6,2027-02-19,167,Put,"7,650.00",-0.89%,229.7,227.05,231.9,120,1135,0.11,11.92%,15.14%,-0.401742,2026-09-04
$SPX,7718.6,2027-12-17,468,Put,"8,150.00",+5.59%,587.9,582,595.6,400,3803,0.11,11.92%,14.46%,-0.569758,2026-09-04
$SPX,7718.6,2027-12-17,468,Put,"5,200.00",-32.63%,73.4,74.1,77.5,901,8066,0.11,11.92%,28.32%,-0.062314,2026-09-04
$SPX,7718.6,2026-09-16,11,Put,"7,555.00",-2.12%,16.7,15.32,17.3,14,130,0.11,11.92%,13.75%,-0.170919,2026-09-04
$SPX,7718.6,2026-09-16,11,Put,"7,475.00",-3.16%,9.6,9.39,10.2,91,801,0.11,11.92%,15.13%,-0.101736,2026-09-04
$SPX,7718.6,2026-10-05,30,Put,"5,800.00",-24.86%,1.7,1.49,2,18,186,0.1,11.92%,41.12%,-0.006085,2026-09-04
$SPX,7718.6,2026-11-20,76,Put,"7,700.00",-0.24%,162.2,159,163.7,1049,10066,0.1,11.92%,13.93%,-0.440287,2026-09-04
$SPX,7718.6,2026-11-20,76,Put,"7,640.00",-1.02%,142.4,140,144.6,16,165,0.1,11.92%,14.44%,-0.392987,2026-09-04
$SPX,7718.6,2026-11-20,76,Put,"7,830.00",+1.44%,216.2,212,218.5,15,147,0.1,11.92%,12.99%,-0.559563,2026-09-04
$SPX,7718.6,2026-11-20,76,Put,"7,565.00",-1.99%,121.5,113.75,123.6,13,133,0.1,11.92%,15.06%,-0.339966,2026-09-04
$SPX,7718.6,2026-11-20,76,Put,"6,910.00",-10.48%,38.3,38,39.6,32,320,0.1,11.92%,21.34%,-0.104477,2026-09-04
$SPX,7718.6,2026-09-25,20,Put,"7,750.00",+0.41%,94.9,91.95,95.9,177,1838,0.1,11.92%,11.88%,-0.534093,2026-09-04
$SPX,7718.6,2026-09-25,20,Put,"7,775.00",+0.73%,107.7,108.55,108.7,88,864,0.1,11.92%,11.68%,-0.583614,2026-09-04
$SPX,7718.6,2026-09-25,20,Put,"7,640.00",-1.02%,54,53.34,55,25,241,0.1,11.92%,13.03%,-0.343449,2026-09-04
$SPX,7718.6,2026-09-25,20,Put,"7,550.00",-2.18%,34.6,32.55,35.4,225,2225,0.1,11.92%,14.18%,-0.231652,2026-09-04
$SPX,7718.6,2026-09-25,20,Put,"7,350.00",-4.78%,14.3,13.47,14.9,63,655,0.1,11.92%,17.08%,-0.098691,2026-09-04
$SPX,7718.6,2027-01-15,132,Put,"7,575.00",-1.86%,178,175.13,179.5,97,1001,0.1,11.92%,15.32%,-0.360793,2026-09-04
$SPX,7718.6,2026-09-17,12,Put,"7,425.00",-3.80%,9,8.95,9.6,44,444,0.1,11.92%,16.37%,-0.087149,2026-09-04
$SPX,7718.6,2026-10-30,55,Put,"7,175.00",-7.04%,39,38.3,39.9,33,339,0.1,11.92%,18.81%,-0.13469,2026-09-04
$SPX,7718.6,2026-10-16,41,Put,"7,775.00",+0.73%,142.9,138.1,144,13,132,0.1,11.92%,12.35%,-0.539002,2026-09-04
$SPX,7718.6,2026-10-16,41,Put,"7,270.00",-5.81%,31.8,31.77,32.6,24,250,0.1,11.92%,17.73%,-0.135687,2026-09-04
$SPX,7718.6,2026-10-16,41,Put,"6,950.00",-9.96%,15.9,15.12,16.6,22,229,0.1,11.92%,21.86%,-0.064177,2026-09-04
$SPX,7718.6,2027-02-19,167,Put,"3,700.00",-52.06%,6.2,6.24,6.8,16,166,0.1,11.92%,48.54%,-0.00707,2026-09-04
$SPX,7718.6,2026-09-16,11,Put,"7,595.00",-1.60%,22.5,19.9,23.2,14,134,0.1,11.92%,13.14%,-0.223331,2026-09-04
$SPX,7718.6,2026-09-16,11,Put,"7,325.00",-5.10%,4.2,3.78,4.7,20,197,0.1,11.92%,18.19%,-0.044061,2026-09-04
$SPX,7718.6,2026-09-28,23,Call,"7,850.00",-1.70%,28.4,31.4,29.3,18,178,0.1,11.92%,9.22%,0.267867,2026-09-04
$SPX,7718.6,2026-09-11,6,Call,"7,635.00",+1.08%,83.4,100.98,102.9,14,144,0.1,11.92%,7.91%,0.872541,2026-09-04
$SPX,7718.6,2026-10-16,41,Call,"7,675.00",+0.56%,162.7,170.3,164.6,232,2411,0.1,11.92%,11.90%,0.605075,2026-09-04
$SPX,7718.6,2026-10-16,41,Call,"7,805.00",-1.12%,88.1,92.65,90,16,158,0.1,11.92%,11.01%,0.432372,2026-09-04
$SPX,7718.6,2026-10-16,41,Call,"8,010.00",-3.78%,23.1,24.5,24.4,50,506,0.1,11.92%,10.16%,0.171341,2026-09-04
$SPX,7718.6,2026-10-02,27,Call,"7,700.00",+0.24%,113.1,116.08,114.2,161,1688,0.1,11.92%,11.10%,0.572994,2026-09-04
$SPX,7718.6,2026-10-02,27,Call,"8,025.00",-3.97%,7.2,7.56,7.7,67,695,0.1,11.92%,9.51%,0.082613,2026-09-04
$SPX,7718.6,2026-09-15,10,Call,"7,840.00",-1.57%,6.1,6.41,6.5,54,521,0.1,11.92%,7.74%,0.128288,2026-09-04
$SPX,7718.6,2026-09-30,25,Call,"7,755.00",-0.47%,73.1,75.03,74.1,14,146,0.1,11.92%,10.15%,0.472,2026-09-04
$SPX,7718.6,2026-09-30,25,Call,"7,760.00",-0.54%,70.5,72.6,71.5,85,854,0.1,11.92%,10.11%,0.462161,2026-09-04
$SPX,7718.6,2026-09-30,25,Call,"7,835.00",-1.51%,38.6,41.22,39.5,82,804,0.1,11.92%,9.64%,0.314772,2026-09-04
$SPX,7718.6,2026-09-30,25,Call,"7,925.00",-2.67%,16,16.87,16.5,78,787,0.1,11.92%,9.27%,0.165288,2026-09-04
$SPX,7718.6,2026-09-18,13,Call,"7,825.00",-1.38%,18.1,19.5,19.1,737,7608,0.1,11.92%,9.15%,0.239112,2026-09-04
$SPX,7718.6,2026-09-18,13,Call,"8,020.00",-3.90%,0.95,1.02,1.3,68,666,0.1,11.92%,9.66%,0.021666,2026-09-04
$SPX,7718.6,2026-11-20,76,Call,"8,200.00",-6.24%,31.3,36.23,32.3,11,113,0.1,11.92%,11.21%,0.157204,2026-09-04
$SPX,7718.6,2026-09-18,13,Call,"7,700.00",+0.24%,73.4,79.02,74.2,346,3485,0.1,11.92%,10.07%,0.581011,2026-09-04
$SPX,7718.6,2026-09-18,13,Call,"7,895.00",-2.29%,7,7.73,7.6,30,300,0.1,11.92%,9.24%,0.112558,2026-09-04
$SPX,7718.6,2026-11-20,76,Call,"7,655.00",+0.82%,253.2,252,255.5,11,105,0.1,11.92%,13.40%,0.614964,2026-09-04
$SPX,7718.6,2026-11-20,76,Call,"8,600.00",-11.42%,3.9,4,4.5,400,3887,0.1,11.92%,11.35%,0.02788,2026-09-04
$SPX,7718.6,2026-09-25,20,Call,"7,840.00",-1.57%,28.3,29.6,29.1,62,599,0.1,11.92%,9.52%,0.274303,2026-09-04
$SPX,7718.6,2027-09-17,377,Call,"10,000.00",-29.56%,20.8,21.36,21.8,166,1667,0.1,11.92%,12.71%,0.053085,2026-09-04
$SPX,7718.6,2026-09-09,4,Call,"7,930.00",-2.74%,0.1,0.1,0.25,46,463,0.1,11.92%,10.22%,0.006543,2026-09-04
$SPX,7718.6,2026-10-30,55,Call,"7,700.00",+0.24%,182.2,186.27,183.5,143,1408,0.1,11.92%,12.61%,0.574568,2026-09-04
$SPX,7718.6,2026-10-16,41,Call,"7,820.00",-1.31%,82.8,85.42,83.9,10,104,0.1,11.92%,11.05%,0.412362,2026-09-04
$SPX,7718.6,2026-10-16,41,Call,"7,500.00",+2.83%,294.1,301.37,297.3,17,174,0.1,11.92%,13.38%,0.775258,2026-09-04
$SPX,7718.6,2026-10-16,41,Call,"7,975.00",-3.32%,31,32.01,31.9,27,271,0.1,11.92%,10.36%,0.210653,2026-09-04
$SPX,7718.6,2026-09-22,17,Call,"7,710.00",+0.11%,75.3,77.8,76.3,13,135,0.1,11.92%,9.71%,0.557416,2026-09-04
$SPX,7718.6,2026-09-22,17,Call,"7,680.00",+0.50%,94,103.38,94.9,21,214,0.1,11.92%,9.88%,0.627419,2026-09-04
$SPX,7718.6,2026-09-16,11,Call,"7,770.00",-0.67%,28.4,34.5,29.1,10,100,0.1,11.92%,8.79%,0.361071,2026-09-04
$SPX,7718.6,2026-09-28,23,Put,"7,700.00",-0.24%,77,75.95,78.1,43,439,0.1,11.92%,12.11%,-0.440438,2026-09-04
$SPX,7718.6,2026-09-28,23,Put,"7,375.00",-4.45%,17.9,16.35,18.7,17,168,0.1,11.92%,16.22%,-0.117136,2026-09-04
$SPX,7718.6,2026-09-11,6,Put,"7,850.00",+1.70%,140.6,132.55,142.5,14,145,0.1,11.92%,13.96%,-0.825759,2026-09-04
$SPX,7718.6,2026-09-11,6,Put,"7,275.00",-5.75%,1.3,1.25,1.5,137,1406,0.1,11.92%,22.24%,-0.017445,2026-09-04
$SPX,7718.6,2026-12-18,104,Put,"7,800.00",+1.05%,232.3,227.9,233.8,1183,11480,0.1,11.92%,13.72%,-0.511285,2026-09-04
$SPX,7718.6,2026-12-18,104,Put,"7,600.00",-1.54%,162.8,161.27,164.2,1770,17268,0.1,11.92%,15.18%,-0.371332,2026-09-04
$SPX,7718.6,2026-10-16,41,Put,"7,240.00",-6.20%,28.8,27.8,30,38,367,0.1,11.92%,18.00%,-0.124393,2026-09-04
$SPX,7718.6,2026-09-14,9,Put,"7,375.00",-4.45%,2.8,2.25,3,73,754,0.1,11.92%,16.54%,-0.036057,2026-09-04
$SPX,7718.6,2026-10-12,37,Put,"6,000.00",-22.27%,3.2,3.3,3.6,107,1024,0.1,11.92%,35.84%,-0.010876,2026-09-04
$SPX,7718.6,2026-12-31,117,Put,"7,640.00",-1.02%,184.8,176.59,186.3,20,191,0.1,11.92%,14.85%,-0.396246,2026-09-04
$SPX,7718.6,2026-09-23,18,Put,"7,640.00",-1.02%,48.7,46.76,49.6,11,110,0.1,11.92%,12.81%,-0.335234,2026-09-04
$SPX,7718.6,2026-11-30,86,Put,"6,300.00",-18.38%,20.3,20.35,21.1,24,247,0.1,11.92%,27.04%,-0.04705,2026-09-04
$SPX,7718.6,2026-10-02,27,Put,"7,620.00",-1.28%,62.8,60.2,63.8,20,197,0.1,11.92%,13.48%,-0.334553,2026-09-04
$SPX,7718.6,2026-10-02,27,Put,"7,025.00",-8.99%,9.1,8.85,9.8,36,365,0.1,11.92%,21.81%,-0.048563,2026-09-04
$SPX,7718.6,2026-10-02,27,Put,"6,100.00",-20.97%,2.15,2,2.45,10,103,0.1,11.92%,37.44%,-0.008503,2026-09-04
$SPX,7718.6,2026-09-30,25,Put,"7,100.00",-8.01%,9.1,9,9.6,369,3871,0.1,11.92%,20.56%,-0.052415,2026-09-04
$SPX,7718.6,2026-09-18,13,Put,"7,660.00",-0.76%,42.9,40.45,44.2,237,2487,0.1,11.92%,12.49%,-0.352041,2026-09-04
$SPX,7718.6,2026-09-18,13,Put,"7,550.00",-2.18%,20.6,19.22,21.7,4907,47467,0.1,11.92%,14.04%,-0.18682,2026-09-04
$SPX,7718.6,2026-09-18,13,Put,"6,570.00",-14.88%,1.1,1.1,1.5,39,381,0.1,11.92%,35.80%,-0.007425,2026-09-04
$SPX,7718.6,2026-09-18,13,Put,"6,420.00",-16.82%,0.9,0.8,1.25,56,534,0.1,11.92%,39.42%,-0.005713,2026-09-04
$SPX,7718.6,2026-09-21,16,Put,"7,650.00",-0.89%,45.8,43.25,46.7,50,518,0.1,11.92%,12.43%,-0.342386,2026-09-04
$SPX,7718.6,2026-09-21,16,Put,"7,570.00",-1.93%,28.2,27.15,29,11,107,0.1,11.92%,13.44%,-0.225477,2026-09-04
$SPX,7718.6,2027-04-16,223,Put,"8,150.00",+5.59%,480.5,469.75,483.4,10,96,0.1,11.92%,12.23%,-0.721874,2026-09-04
$SPX,7718.6,2027-02-26,174,Put,"7,810.00",+1.18%,291.3,285.1,293.2,20,201,0.1,11.92%,14.20%,-0.489779,2026-09-04
$SPX,7718.6,2026-09-24,19,Put,"7,475.00",-3.16%,22.4,18.67,23.2,16,168,0.1,11.92%,15.15%,-0.160191,2026-09-04
$SPX,7718.6,2026-12-18,104,Put,"7,550.00",-2.18%,150.4,147.23,151.5,33,341,0.1,11.92%,15.61%,-0.343439,2026-09-04
$SPX,7718.6,2026-12-18,104,Put,"5,600.00",-27.45%,14.2,13.7,14.7,20,209,0.1,11.92%,33.44%,-0.025952,2026-09-04
$SPX,7718.6,2026-09-18,13,Put,"7,285.00",-5.62%,5.6,5.18,6.1,34,352,0.1,11.92%,19.17%,-0.049545,2026-09-04
$SPX,7718.6,2026-09-18,13,Put,"6,400.00",-17.08%,1.05,1,1.25,100,956,0.1,11.92%,40.32%,-0.005947,2026-09-04
$SPX,7718.6,2026-09-11,6,Put,"6,875.00",-10.93%,0.6,0.6,0.8,20,214,0.09,11.92%,36.40%,-0.005955,2026-09-04
$SPX,7718.6,2026-12-18,104,Put,"7,540.00",-2.31%,147,139.68,149.1,10,114,0.09,11.92%,15.67%,-0.337508,2026-09-04
$SPX,7718.6,2026-10-16,41,Put,"7,675.00",-0.56%,101.4,99.66,103.2,87,940,0.09,11.92%,13.11%,-0.412894,2026-09-04
$SPX,7718.6,2026-10-16,41,Put,"7,630.00",-1.15%,87.5,86.04,89.4,18,197,0.09,11.92%,13.55%,-0.364048,2026-09-04
$SPX,7718.6,2026-10-16,41,Put,"7,825.00",+1.38%,166.9,163.73,168.9,30,319,0.09,11.92%,11.86%,-0.609567,2026-09-04
$SPX,7718.6,2026-10-16,41,Put,"7,430.00",-3.74%,47.5,44.29,49.1,62,667,0.09,11.92%,15.72%,-0.206701,2026-09-04
$SPX,7718.6,2026-10-16,41,Put,"7,245.00",-6.14%,29.1,27.2,30.4,18,204,0.09,11.92%,17.93%,-0.126009,2026-09-04
$SPX,7718.6,2026-10-16,41,Put,"7,075.00",-8.34%,19.8,20.1,20.7,103,1157,0.09,11.92%,20.08%,-0.083215,2026-09-04
$SPX,7718.6,2026-09-14,9,Put,"6,500.00",-15.79%,0.4,0.4,0.55,56,625,0.09,11.92%,40.67%,-0.003119,2026-09-04
$SPX,7718.6,2026-12-31,117,Put,"7,650.00",-0.89%,187.8,185.9,189.4,38,435,0.09,11.92%,14.77%,-0.4021,2026-09-04
$SPX,7718.6,2026-09-10,5,Put,"7,050.00",-8.66%,0.55,0.5,0.7,17,194,0.09,11.92%,31.66%,-0.006644,2026-09-04
$SPX,7718.6,2026-09-23,18,Put,"7,550.00",-2.18%,29.9,28.4,30.7,16,174,0.09,11.92%,13.97%,-0.218448,2026-09-04
$SPX,7718.6,2026-11-30,86,Put,"6,250.00",-19.03%,19.2,18.7,19.9,11,118,0.09,11.92%,27.54%,-0.044037,2026-09-04
$SPX,7718.6,2026-10-02,27,Put,"7,150.00",-7.37%,12.4,11.9,13.2,84,911,0.09,11.92%,19.87%,-0.068283,2026-09-04
$SPX,7718.6,2026-09-15,10,Put,"7,640.00",-1.02%,25.2,22.4,25.9,13,152,0.09,11.92%,11.57%,-0.278245,2026-09-04
$SPX,7718.6,2026-09-30,25,Put,"7,490.00",-2.96%,33.5,31.56,34.3,25,283,0.09,11.92%,14.91%,-0.198918,2026-09-04
$SPX,7718.6,2026-09-30,25,Put,"7,430.00",-3.74%,26.4,25.3,27.2,23,268,0.09,11.92%,15.71%,-0.158369,2026-09-04
$SPX,7718.6,2026-09-30,25,Put,"7,315.00",-5.23%,17.4,16.59,18.1,13,148,0.09,11.92%,17.32%,-0.104381,2026-09-04
$SPX,7718.6,2026-09-30,25,Put,"7,280.00",-5.68%,15.5,14.73,16.1,12,138,0.09,11.92%,17.83%,-0.092483,2026-09-04
$SPX,7718.6,2026-09-30,25,Put,"6,150.00",-20.32%,1.85,1.6,2.1,35,372,0.09,11.92%,36.98%,-0.007769,2026-09-04
$SPX,7718.6,2026-11-20,76,Put,"6,900.00",-10.61%,38.4,38.15,39.1,42,490,0.09,11.92%,21.50%,-0.103366,2026-09-04
$SPX,7718.6,2026-09-21,16,Put,"7,630.00",-1.15%,40.5,37.54,41.3,18,198,0.09,11.92%,12.66%,-0.308981,2026-09-04
$SPX,7718.6,2026-09-21,16,Put,"7,580.00",-1.80%,30,28.8,30.7,12,139,0.09,11.92%,13.31%,-0.237794,2026-09-04
$SPX,7718.6,2027-04-16,223,Put,"5,500.00",-28.74%,38,37.88,39.1,102,1123,0.09,11.92%,29.75%,-0.047557,2026-09-04
$SPX,7718.6,2027-06-30,298,Put,"7,300.00",-5.42%,242.5,235,244.8,16,169,0.09,11.92%,18.42%,-0.287783,2026-09-04
$SPX,7718.6,2026-09-18,13,Put,"7,295.00",-5.49%,5.9,5.4,6.3,19,220,0.09,11.92%,18.97%,-0.05182,2026-09-04
$SPX,7718.6,2026-09-18,13,Put,"7,255.00",-6.01%,5,4.35,5.5,12,135,0.09,11.92%,19.81%,-0.043847,2026-09-04
$SPX,7718.6,2026-09-18,13,Put,"7,195.00",-6.78%,4.1,3.53,4.5,22,250,0.09,11.92%,21.10%,-0.034856,2026-09-04
$SPX,7718.6,2026-09-18,13,Put,"7,180.00",-6.98%,4,3.2,4.3,18,199,0.09,11.92%,21.47%,-0.033275,2026-09-04
$SPX,7718.6,2026-09-18,13,Put,"6,500.00",-15.79%,1.2,0.95,1.4,182,1942,0.09,11.92%,37.89%,-0.007044,2026-09-04
$SPX,7718.6,2026-10-05,30,Put,"7,175.00",-7.04%,14.6,13.02,15.4,16,172,0.09,11.92%,18.97%,-0.077664,2026-09-04
$SPX,7718.6,2026-11-20,76,Put,"7,560.00",-2.05%,120.3,118.1,122.3,17,199,0.09,11.92%,15.11%,-0.336765,2026-09-04
$SPX,7718.6,2026-11-20,76,Put,"7,550.00",-2.18%,117.8,115.97,119.2,284,3019,0.09,11.92%,15.17%,-0.329943,2026-09-04
$SPX,7718.6,2026-11-20,76,Put,"7,430.00",-3.74%,92.6,91.1,94.1,24,265,0.09,11.92%,16.24%,-0.26223,2026-09-04
$SPX,7718.6,2026-11-20,76,Put,"6,175.00",-20.00%,14.8,15.11,15.6,294,3106,0.09,11.92%,29.05%,-0.035683,2026-09-04
$SPX,7718.6,2026-11-20,76,Put,"6,150.00",-20.32%,14.4,14.1,15.2,165,1923,0.09,11.92%,29.33%,-0.034562,2026-09-04
$SPX,7718.6,2026-10-09,34,Put,"7,530.00",-2.44%,54.1,51.92,55.1,11,129,0.09,11.92%,14.55%,-0.259477,2026-09-04
$SPX,7718.6,2027-01-15,132,Put,"7,100.00",-8.01%,93.2,91.58,95,617,6906,0.09,11.92%,19.00%,-0.186524,2026-09-04
$SPX,7718.6,2027-01-15,132,Put,"5,850.00",-24.21%,24.7,24.36,25.6,100,1110,0.09,11.92%,29.48%,-0.042318,2026-09-04
$SPX,7718.6,2027-06-17,285,Put,"8,250.00",+6.88%,562.7,559.56,565.6,32,369,0.09,11.92%,11.90%,-0.77659,2026-09-04
$SPX,7718.6,2026-09-09,4,Put,"7,450.00",-3.48%,0.95,0.95,1.15,80,860,0.09,11.92%,16.85%,-0.020774,2026-09-04
$SPX,7718.6,2026-09-09,4,Put,"7,415.00",-3.93%,0.85,0.7,1,18,191,0.09,11.92%,18.37%,-0.017177,2026-09-04
$SPX,7718.6,2026-09-09,4,Put,"7,125.00",-7.69%,0.45,0.45,0.6,24,279,0.09,11.92%,31.05%,-0.006396,2026-09-04
$SPX,7718.6,2027-03-19,195,Put,"7,575.00",-1.86%,234.2,231.13,236.3,36,418,0.09,11.92%,16.12%,-0.366375,2026-09-04
$SPX,7718.6,2027-03-19,195,Put,"6,975.00",-9.63%,121.9,120.83,123.7,157,1674,0.09,11.92%,20.01%,-0.187586,2026-09-04
$SPX,7718.6,2026-09-17,12,Put,"7,660.00",-0.76%,41.8,39.85,42.6,10,107,0.09,11.92%,12.70%,-0.350149,2026-09-04
$SPX,7718.6,2026-09-17,12,Put,"7,510.00",-2.70%,15,14.67,15.6,13,140,0.09,11.92%,14.86%,-0.142332,2026-09-04
$SPX,7718.6,2026-09-17,12,Put,"7,275.00",-5.75%,4.4,4.05,4.9,11,128,0.09,11.92%,19.40%,-0.041642,2026-09-04
$SPX,7718.6,2026-09-17,12,Put,"6,300.00",-18.38%,0.75,0.6,0.95,12,138,0.09,11.92%,43.58%,-0.004357,2026-09-04
$SPX,7718.6,2026-10-30,55,Put,"6,150.00",-20.32%,8.5,8.58,9,11,124,0.09,11.92%,31.20%,-0.023896,2026-09-04
$SPX,7718.6,2026-10-16,41,Put,"7,695.00",-0.31%,109.8,106.8,110.9,17,181,0.09,11.92%,13.04%,-0.436878,2026-09-04
$SPX,7718.6,2026-10-16,41,Put,"7,650.00",-0.89%,94.9,94.5,95.9,95,1002,0.09,11.92%,13.46%,-0.385998,2026-09-04
$SPX,7718.6,2026-10-16,41,Put,"7,600.00",-1.54%,80.9,80.85,81.9,120,1375,0.09,11.92%,13.96%,-0.335469,2026-09-04
$SPX,7718.6,2026-10-16,41,Put,"7,180.00",-6.98%,25.6,23.95,26.4,12,131,0.09,11.92%,18.84%,-0.10817,2026-09-04
$SPX,7718.6,2026-10-16,41,Put,"7,175.00",-7.04%,25.3,24.41,26.1,42,466,0.09,11.92%,18.91%,-0.106838,2026-09-04
$SPX,7718.6,2027-02-19,167,Put,"4,500.00",-41.70%,11.8,11.9,12.4,100,1154,0.09,11.92%,40.31%,-0.014816,2026-09-04
$SPX,7718.6,2027-12-17,468,Put,"7,700.00",-0.24%,431.4,430.76,438.7,201,2175,0.09,11.92%,17.03%,-0.403364,2026-09-04
$SPX,7718.6,2026-09-16,11,Put,"7,600.00",-1.54%,23.4,22.87,24,72,782,0.09,11.92%,13.06%,-0.230823,2026-09-04
$SPX,7718.6,2026-09-28,23,Call,"8,050.00",-4.29%,2.75,3.1,3.3,17,200,0.09,11.92%,9.12%,0.04235,2026-09-04
$SPX,7718.6,2026-09-11,6,Call,"8,060.00",-4.42%,0.3,0.15,0.45,15,159,0.09,11.92%,13.84%,0.008278,2026-09-04
$SPX,7718.6,2026-09-11,6,Call,"8,075.00",-4.62%,0.3,0.15,0.45,44,504,0.09,11.92%,14.37%,0.008004,2026-09-04
$SPX,7718.6,2026-12-18,104,Call,"8,625.00",-11.74%,10,10.3,10.9,12,127,0.09,11.92%,11.43%,0.053693,2026-09-04
$SPX,7718.6,2026-10-16,41,Call,"8,050.00",-4.29%,16.8,17.6,18,870,10028,0.09,11.92%,10.06%,0.134353,2026-09-04
$SPX,7718.6,2026-10-12,37,Call,"8,000.00",-3.65%,18.4,19.8,19.4,20,212,0.09,11.92%,9.72%,0.153864,2026-09-04
$SPX,7718.6,2026-10-02,27,Call,"7,730.00",-0.15%,95.1,98.08,96.4,12,138,0.09,11.92%,10.87%,0.522203,2026-09-04
$SPX,7718.6,2026-10-02,27,Call,"7,950.00",-3.00%,16,17.97,16.6,182,1934,0.09,11.92%,9.64%,0.155882,2026-09-04
$SPX,7718.6,2026-10-02,27,Call,"7,000.00",+9.31%,720.7,743.5,744.7,65,741,0.09,11.92%,20.69%,0.965071,2026-09-04
$SPX,7718.6,2026-10-02,27,Call,"6,000.00",+22.27%,1710.7,1734.35,1734.7,65,740,0.09,11.92%,21.10%,0.999996,2026-09-04
$SPX,7718.6,2026-09-30,25,Call,"7,830.00",-1.44%,40.3,41.18,41.3,38,411,0.09,11.92%,9.66%,0.324316,2026-09-04
$SPX,7718.6,2026-09-30,25,Call,"8,025.00",-3.97%,5.1,5.9,5.6,43,488,0.09,11.92%,9.19%,0.066365,2026-09-04
$SPX,7718.6,2026-09-18,13,Call,"7,870.00",-1.96%,9.3,10.7,10.2,152,1698,0.09,11.92%,9.02%,0.145371,2026-09-04
$SPX,7718.6,2026-09-21,16,Call,"7,750.00",-0.41%,50.4,51.98,51.3,82,953,0.09,11.92%,9.28%,0.453293,2026-09-04
$SPX,7718.6,2026-09-21,16,Call,"8,025.00",-3.97%,1.35,1.52,1.65,10,110,0.09,11.92%,9.18%,0.026675,2026-09-04
$SPX,7718.6,2026-09-24,19,Call,"7,975.00",-3.32%,4.5,5.14,5.2,17,194,0.09,11.92%,9.05%,0.069401,2026-09-04
$SPX,7718.6,2027-03-31,207,Call,"7,700.00",+0.24%,443.4,444.67,445.6,13,145,0.09,11.92%,14.88%,0.61008,2026-09-04
$SPX,7718.6,2026-09-18,13,Call,"7,860.00",-1.83%,11.9,13.55,12.5,56,603,0.09,11.92%,9.28%,0.170115,2026-09-04
$SPX,7718.6,2026-09-18,13,Call,"7,980.00",-3.39%,1.9,2.1,2.25,36,393,0.09,11.92%,9.49%,0.037718,2026-09-04
$SPX,7718.6,2026-09-18,13,Call,"8,100.00",-4.94%,0.6,0.65,0.85,100,1143,0.09,11.92%,11.11%,0.012928,2026-09-04
$SPX,7718.6,2026-11-20,76,Call,"7,690.00",+0.37%,230.2,232.16,232.4,16,180,0.09,11.92%,13.18%,0.587173,2026-09-04
$SPX,7718.6,2026-11-20,76,Call,"7,880.00",-2.09%,124.8,126,126.9,11,123,0.09,11.92%,12.13%,0.41814,2026-09-04
$SPX,7718.6,2026-09-25,20,Call,"7,800.00",-1.05%,42.1,44.1,43,113,1265,0.09,11.92%,9.76%,0.35918,2026-09-04
$SPX,7718.6,2026-09-25,20,Call,"7,860.00",-1.83%,22.8,24.63,23.6,31,360,0.09,11.92%,9.43%,0.235235,2026-09-04
$SPX,7718.6,2026-09-25,20,Call,"8,010.00",-3.78%,3.5,3.95,4.1,34,367,0.09,11.92%,9.26%,0.054067,2026-09-04
$SPX,7718.6,2027-01-15,132,Call,"7,900.00",-2.35%,208.6,213,211.1,253,2782,0.09,11.92%,13.13%,0.468763,2026-09-04
$SPX,7718.6,2027-03-19,195,Call,"8,425.00",-9.15%,98.5,98.15,100.3,38,438,0.09,11.92%,12.48%,0.248031,2026-09-04
$SPX,7718.6,2027-03-19,195,Call,"8,525.00",-10.45%,76.6,79.13,78.3,28,316,0.09,11.92%,12.34%,0.206085,2026-09-04
$SPX,7718.6,2026-10-30,55,Call,"7,775.00",-0.73%,137.9,140.4,139.1,56,658,0.09,11.92%,12.12%,0.495044,2026-09-04
$SPX,7718.6,2026-10-16,41,Call,"7,750.00",-0.41%,118.3,124,119.5,73,837,0.09,11.92%,11.48%,0.50879,2026-09-04
$SPX,7718.6,2027-02-19,167,Call,"8,550.00",-10.77%,49.4,49.95,51,28,323,0.09,11.92%,12.01%,0.158168,2026-09-04
$SPX,7718.6,2026-09-22,17,Call,"7,925.00",-2.67%,6.5,7.45,7.1,13,141,0.09,11.92%,8.82%,0.098776,2026-09-04
$SPX,7718.6,2026-09-16,11,Call,"7,725.00",-0.08%,48.5,52.62,49.3,20,224,0.09,11.92%,8.96%,0.509904,2026-09-04
$SPX,7718.6,2026-09-08,3,Call,"7,550.00",+2.18%,159.4,161.98,160.4,13,158,0.08,11.92%,0.00%,0,2026-09-04
$SPX,7718.6,2026-09-08,3,Call,"7,940.00",-2.87%,0.05,0.1,0.1,87,1072,0.08,11.92%,11.27%,0.003142,2026-09-04
$SPX,7718.6,2026-09-11,6,Call,"8,000.00",-3.65%,0.35,0.3,0.5,369,4805,0.08,11.92%,11.88%,0.010634,2026-09-04
$SPX,7718.6,2026-09-11,6,Call,"8,025.00",-3.97%,0.3,0.25,0.45,61,736,0.08,11.92%,12.60%,0.009012,2026-09-04
$SPX,7718.6,2026-12-18,104,Call,"7,780.00",-0.80%,225.9,227,228.2,30,364,0.08,11.92%,13.11%,0.531297,2026-09-04
$SPX,7718.6,2026-12-18,104,Call,"7,860.00",-1.83%,182.1,182.5,183.7,18,239,0.08,11.92%,12.71%,0.471291,2026-09-04
$SPX,7718.6,2026-10-16,41,Call,"7,570.00",+1.93%,237.9,241.05,240,10,133,0.08,11.92%,12.70%,0.717752,2026-09-04
$SPX,7718.6,2026-10-16,41,Call,"8,200.00",-6.24%,5,5.75,5.7,1843,23407,0.08,11.92%,10.10%,0.04967,2026-09-04
$SPX,7718.6,2026-10-16,41,Call,"8,450.00",-9.48%,1.05,1.25,1.55,216,2837,0.08,11.92%,11.44%,0.012763,2026-09-04
$SPX,7718.6,2026-12-31,117,Call,"7,275.00",+5.75%,613.1,636.45,625.3,12,143,0.08,11.92%,16.31%,0.79415,2026-09-04
$SPX,7718.6,2026-09-23,18,Call,"7,900.00",-2.35%,10.7,11.5,11.5,21,251,0.08,11.92%,8.95%,0.142591,2026-09-04
$SPX,7718.6,2026-09-15,10,Call,"8,100.00",-4.94%,0.3,0.15,0.55,13,167,0.08,11.92%,11.89%,0.008443,2026-09-04
$SPX,7718.6,2026-09-30,25,Call,"7,875.00",-2.03%,26.7,27.35,27.4,134,1774,0.08,11.92%,9.45%,0.242591,2026-09-04
$SPX,7718.6,2026-09-30,25,Call,"8,150.00",-5.59%,1.5,1.6,1.8,189,2257,0.08,11.92%,9.83%,0.022482,2026-09-04
$SPX,7718.6,2026-09-18,13,Call,"7,760.00",-0.54%,40,44.35,41.3,465,5872,0.08,11.92%,9.43%,0.41331,2026-09-04
$SPX,7718.6,2026-09-18,13,Call,"7,775.00",-0.73%,33.8,36.81,35.1,1015,12553,0.08,11.92%,9.35%,0.370551,2026-09-04
$SPX,7718.6,2026-11-20,76,Call,"8,400.00",-8.83%,11,11.11,11.8,10,129,0.08,11.92%,11.09%,0.067651,2026-09-04
$SPX,7718.6,2026-09-21,16,Call,"7,875.00",-2.03%,11.5,12.53,12,97,1225,0.08,11.92%,8.76%,0.159182,2026-09-04
$SPX,7718.6,2026-12-18,104,Call,"8,350.00",-8.18%,33.2,33.06,34,72,915,0.08,11.92%,11.51%,0.142239,2026-09-04
$SPX,7718.6,2026-09-18,13,Call,"7,670.00",+0.63%,92.7,93.71,93.5,23,279,0.08,11.92%,10.25%,0.656625,2026-09-04
$SPX,7718.6,2026-09-18,13,Call,"7,665.00",+0.69%,96.1,95.46,96.9,11,145,0.08,11.92%,10.27%,0.668592,2026-09-04
$SPX,7718.6,2026-09-18,13,Call,"7,935.00",-2.80%,3.7,4,4.2,20,237,0.08,11.92%,9.27%,0.067065,2026-09-04
$SPX,7718.6,2026-09-18,13,Call,"8,070.00",-4.55%,0.7,0.71,0.95,14,172,0.08,11.92%,10.53%,0.01522,2026-09-04
$SPX,7718.6,2026-09-18,13,Call,"8,130.00",-5.33%,0.5,0.45,0.75,19,248,0.08,11.92%,11.63%,0.010853,2026-09-04
$SPX,7718.6,2026-11-20,76,Call,"7,720.00",-0.02%,211.2,211,213.5,18,212,0.08,11.92%,13.00%,0.562331,2026-09-04
$SPX,7718.6,2026-11-20,76,Call,"7,735.00",-0.21%,202,211.02,204.3,14,182,0.08,11.92%,12.90%,0.549581,2026-09-04
$SPX,7718.6,2026-11-20,76,Call,"8,300.00",-7.53%,18.2,19.25,19.2,632,8196,0.08,11.92%,11.03%,0.103105,2026-09-04
$SPX,7718.6,2027-01-15,132,Call,"7,375.00",+4.45%,563.8,572.18,566.6,34,440,0.08,11.92%,16.11%,0.746113,2026-09-04
$SPX,7718.6,2027-01-15,132,Call,"9,100.00",-17.90%,3.7,3.95,4.4,76,981,0.08,11.92%,12.02%,0.020212,2026-09-04
$SPX,7718.6,2026-09-09,4,Call,"7,865.00",-1.90%,0.25,0.25,0.4,106,1309,0.08,11.92%,8.01%,0.014275,2026-09-04
$SPX,7718.6,2027-03-19,195,Call,"8,125.00",-5.27%,196.6,197.4,198.8,47,615,0.08,11.92%,13.17%,0.396042,2026-09-04
$SPX,7718.6,2026-10-16,41,Call,"7,920.00",-2.61%,45.3,48.75,46.3,12,147,0.08,11.92%,10.56%,0.276743,2026-09-04
$SPX,7718.6,2026-10-16,41,Call,"7,980.00",-3.39%,30,30.95,30.8,14,178,0.08,11.92%,10.35%,0.205276,2026-09-04
$SPX,7718.6,2026-10-16,41,Call,"8,025.00",-3.97%,21.5,22.35,22.3,22,261,0.08,11.92%,10.24%,0.159627,2026-09-04
$SPX,7718.6,2027-02-19,167,Call,"8,525.00",-10.45%,53.3,54.5,54.9,43,510,0.08,11.92%,12.04%,0.167658,2026-09-04
$SPX,7718.6,2026-09-28,23,Put,"7,350.00",-4.78%,16.3,15.2,17,25,312,0.08,11.92%,16.58%,-0.106377,2026-09-04
$SPX,7718.6,2027-05-21,258,Put,"7,100.00",-8.01%,180.4,176.84,182.6,38,500,0.08,11.92%,19.40%,-0.232888,2026-09-04
$SPX,7718.6,2026-09-11,6,Put,"6,975.00",-9.63%,0.75,0.55,0.9,83,993,0.08,11.92%,32.99%,-0.00757,2026-09-04
$SPX,7718.6,2026-12-18,104,Put,"7,300.00",-5.42%,100.3,100.71,101.5,1777,23458,0.08,11.92%,17.61%,-0.230698,2026-09-04
$SPX,7718.6,2026-12-18,104,Put,"5,125.00",-33.60%,9,9,9.5,107,1294,0.08,11.92%,38.22%,-0.01542,2026-09-04
$SPX,7718.6,2026-10-16,41,Put,"7,635.00",-1.08%,88.9,86.6,90.8,30,372,0.08,11.92%,13.50%,-0.369126,2026-09-04
$SPX,7718.6,2026-10-16,41,Put,"7,620.00",-1.28%,84.7,82.5,86.4,13,171,0.08,11.92%,13.64%,-0.353914,2026-09-04
$SPX,7718.6,2026-10-16,41,Put,"7,510.00",-2.70%,60.1,58.5,61.8,21,268,0.08,11.92%,14.82%,-0.258916,2026-09-04
$SPX,7718.6,2026-10-16,41,Put,"6,370.00",-17.47%,6.3,5.97,7,10,118,0.08,11.92%,29.86%,-0.022339,2026-09-04
$SPX,7718.6,2026-10-16,41,Put,"4,100.00",-46.88%,0.35,0.48,0.65,51,650,0.08,11.92%,63.83%,-0.001029,2026-09-04
$SPX,7718.6,2026-09-10,5,Put,"7,420.00",-3.87%,1.35,0.9,1.6,49,619,0.08,11.92%,17.44%,-0.024646,2026-09-04
$SPX,7718.6,2026-09-10,5,Put,"7,400.00",-4.13%,1.25,1.26,1.45,74,969,0.08,11.92%,18.17%,-0.021969,2026-09-04
$SPX,7718.6,2026-09-23,18,Put,"7,275.00",-5.75%,8.6,7.33,9.2,15,196,0.08,11.92%,18.27%,-0.064261,2026-09-04
$SPX,7718.6,2026-11-30,86,Put,"7,580.00",-1.80%,134.7,129.6,136,13,172,0.08,11.92%,14.85%,-0.352878,2026-09-04
$SPX,7718.6,2026-11-30,86,Put,"5,700.00",-26.15%,10.7,10.9,11.2,11,141,0.08,11.92%,33.27%,-0.022315,2026-09-04
$SPX,7718.6,2026-09-15,10,Put,"6,000.00",-22.27%,0.2,0.25,0.45,23,294,0.08,11.92%,52.70%,-0.001638,2026-09-04
$SPX,7718.6,2026-09-29,24,Put,"7,650.00",-0.89%,63,61.38,64.1,22,287,0.08,11.92%,12.76%,-0.364549,2026-09-04
$SPX,7718.6,2026-09-30,25,Put,"7,525.00",-2.51%,38.7,38.03,39.5,1032,12750,0.08,11.92%,14.46%,-0.22774,2026-09-04
$SPX,7718.6,2026-09-30,25,Put,"7,500.00",-2.83%,35,33.55,35.7,2373,30172,0.08,11.92%,14.79%,-0.206845,2026-09-04
$SPX,7718.6,2026-09-30,25,Put,"7,425.00",-3.80%,26,25.77,26.7,69,813,0.08,11.92%,15.79%,-0.155595,2026-09-04
$SPX,7718.6,2026-09-18,13,Put,"7,520.00",-2.57%,17,17.4,18,488,6130,0.08,11.92%,14.50%,-0.15662,2026-09-04
$SPX,7718.6,2026-09-18,13,Put,"7,395.00",-4.19%,8.3,7.75,9.1,52,660,0.08,11.92%,16.66%,-0.078448,2026-09-04
$SPX,7718.6,2026-09-18,13,Put,"7,210.00",-6.59%,4,3.39,4.5,71,915,0.08,11.92%,20.55%,-0.035323,2026-09-04
$SPX,7718.6,2026-09-18,13,Put,"6,770.00",-12.29%,1.5,1.41,1.95,60,760,0.08,11.92%,30.99%,-0.010953,2026-09-04
$SPX,7718.6,2026-09-18,13,Put,"6,620.00",-14.23%,1.2,1.15,1.6,125,1566,0.08,11.92%,34.63%,-0.00819,2026-09-04
$SPX,7718.6,2026-09-21,16,Put,"6,400.00",-17.08%,1.15,0.97,1.4,12,155,0.08,11.92%,36.84%,-0.006452,2026-09-04
$SPX,7718.6,2027-01-29,146,Put,"6,950.00",-9.96%,87,83.15,88.4,16,201,0.08,11.92%,20.15%,-0.161143,2026-09-04
$SPX,7718.6,2027-01-29,146,Put,"5,400.00",-30.04%,19.5,19.85,20.2,16,192,0.08,11.92%,32.96%,-0.029632,2026-09-04
$SPX,7718.6,2026-09-24,19,Put,"6,500.00",-15.79%,1.85,1.9,2.15,32,407,0.08,11.92%,33.17%,-0.009871,2026-09-04
$SPX,7718.6,2026-09-18,13,Put,"6,225.00",-19.35%,0.8,0.75,1,30,394,0.08,11.92%,44.38%,-0.004348,2026-09-04
$SPX,7718.6,2026-11-20,76,Put,"7,725.00",+0.08%,171.4,167.8,173,48,635,0.08,11.92%,13.75%,-0.46145,2026-09-04
$SPX,7718.6,2026-11-20,76,Put,"7,680.00",-0.50%,155.3,152.6,156.9,16,200,0.08,11.92%,14.10%,-0.423582,2026-09-04
$SPX,7718.6,2026-11-20,76,Put,"7,805.00",+1.12%,204.5,202,206.3,34,422,0.08,11.92%,13.15%,-0.534946,2026-09-04
$SPX,7718.6,2026-11-20,76,Put,"7,850.00",+1.70%,226,222.22,228.3,51,675,0.08,11.92%,12.84%,-0.578265,2026-09-04
$SPX,7718.6,2026-11-20,76,Put,"7,150.00",-7.37%,55.9,56.21,56.9,218,2786,0.08,11.92%,18.90%,-0.156536,2026-09-04
$SPX,7718.6,2026-11-20,76,Put,"6,800.00",-11.90%,32.7,33,33.5,763,9940,0.08,11.92%,22.43%,-0.087357,2026-09-04
$SPX,7718.6,2026-09-25,20,Put,"7,490.00",-2.96%,26,24.35,26.8,13,173,0.08,11.92%,15.00%,-0.177774,2026-09-04
$SPX,7718.6,2026-09-25,20,Put,"6,925.00",-10.28%,4.2,3.9,4.6,21,268,0.08,11.92%,24.55%,-0.025647,2026-09-04
$SPX,7718.6,2026-10-09,34,Put,"7,200.00",-6.72%,20.1,19.65,20.9,54,712,0.08,11.92%,18.72%,-0.096702,2026-09-04
$SPX,7718.6,2027-01-15,132,Put,"5,900.00",-23.56%,25.8,25,26.8,195,2514,0.08,11.92%,29.03%,-0.044606,2026-09-04
$SPX,7718.6,2027-09-17,377,Put,"5,975.00",-22.59%,103.8,103.5,105.3,14,166,0.08,11.92%,25.09%,-0.101439,2026-09-04
$SPX,7718.6,2026-09-09,4,Put,"7,420.00",-3.87%,0.85,0.75,1.05,92,1166,0.08,11.92%,18.18%,-0.017756,2026-09-04
$SPX,7718.6,2027-03-19,195,Put,"7,050.00",-8.66%,131.8,131.01,133.3,189,2288,0.08,11.92%,19.51%,-0.203586,2026-09-04
$SPX,7718.6,2027-03-19,195,Put,"6,650.00",-13.84%,88,84.79,89.4,165,2195,0.08,11.92%,22.16%,-0.132607,2026-09-04
$SPX,7718.6,2027-03-19,195,Put,"6,400.00",-17.08%,69.3,68.44,70.5,676,8451,0.08,11.92%,23.85%,-0.102155,2026-09-04
$SPX,7718.6,2026-09-17,12,Put,"7,650.00",-0.89%,38.9,38.73,39.7,88,1106,0.08,11.92%,12.81%,-0.330556,2026-09-04
$SPX,7718.6,2026-09-17,12,Put,"7,625.00",-1.21%,32.6,30.42,33.3,42,556,0.08,11.92%,13.12%,-0.285425,2026-09-04
$SPX,7718.6,2026-09-17,12,Put,"7,350.00",-4.78%,6.1,5.64,6.6,20,261,0.08,11.92%,17.81%,-0.058687,2026-09-04
$SPX,7718.6,2026-10-30,55,Put,"7,440.00",-3.61%,69.2,65.94,70.3,50,665,0.08,11.92%,15.94%,-0.241827,2026-09-04
$SPX,7718.6,2026-10-16,41,Put,"7,700.00",-0.24%,111.6,107.71,112.7,103,1238,0.08,11.92%,12.99%,-0.442708,2026-09-04
$SPX,7718.6,2026-10-16,41,Put,"7,490.00",-2.96%,57.8,52.85,58.8,10,122,0.08,11.92%,15.14%,-0.246109,2026-09-04
$SPX,7718.6,2026-09-22,17,Put,"7,675.00",-0.56%,56.3,53.61,57.2,13,166,0.08,11.92%,12.27%,-0.39113,2026-09-04
$SPX,7718.6,2026-09-16,11,Put,"7,645.00",-0.95%,33.1,33.64,33.8,23,291,0.08,11.92%,12.46%,-0.309931,2026-09-04
$SPX,7718.6,2026-09-16,11,Put,"7,640.00",-1.02%,31.8,28.25,32.6,11,130,0.08,11.92%,12.52%,-0.300215,2026-09-04
$SPX,7718.6,2026-09-16,11,Put,"7,580.00",-1.80%,20.1,18.2,20.8,10,122,0.08,11.92%,13.37%,-0.202178,2026-09-04
$SPX,7718.6,2026-11-20,76,Put,"7,525.00",-2.51%,111.9,109.7,113.4,65,921,0.07,11.92%,15.39%,-0.314572,2026-09-04
$SPX,7718.6,2026-11-20,76,Put,"7,425.00",-3.80%,91.7,89.9,93.2,62,885,0.07,11.92%,16.28%,-0.259751,2026-09-04
$SPX,7718.6,2026-11-20,76,Put,"6,980.00",-9.57%,42.6,41.9,43.9,29,441,0.07,11.92%,20.62%,-0.11722,2026-09-04
$SPX,7718.6,2026-11-20,76,Put,"6,650.00",-13.84%,26.6,26.5,27.4,215,3099,0.07,11.92%,23.99%,-0.069401,2026-09-04
$SPX,7718.6,2026-11-20,76,Put,"6,425.00",-16.76%,20,20.06,20.9,144,1962,0.07,11.92%,26.40%,-0.050298,2026-09-04
$SPX,7718.6,2026-09-25,20,Put,"7,360.00",-4.65%,14.8,13.87,15.5,41,612,0.07,11.92%,16.91%,-0.102603,2026-09-04
$SPX,7718.6,2026-09-25,20,Put,"7,200.00",-6.72%,8.3,8.3,9,54,773,0.07,11.92%,19.53%,-0.056541,2026-09-04
$SPX,7718.6,2026-10-09,34,Put,"7,000.00",-9.31%,12.6,12.38,13.3,53,729,0.07,11.92%,21.51%,-0.058218,2026-09-04
$SPX,7718.6,2027-01-15,132,Put,"7,700.00",-0.24%,215.1,214.41,217.5,278,3885,0.07,11.92%,14.44%,-0.4319,2026-09-04
$SPX,7718.6,2027-01-15,132,Put,"7,900.00",+2.35%,294.7,283.95,297.2,102,1458,0.07,11.92%,13.00%,-0.576909,2026-09-04
$SPX,7718.6,2027-01-15,132,Put,"7,300.00",-5.42%,120.7,118.79,122,545,7820,0.07,11.92%,17.40%,-0.244121,2026-09-04
$SPX,7718.6,2027-01-15,132,Put,"6,700.00",-13.20%,58.2,56.2,59.6,284,3913,0.07,11.92%,22.24%,-0.111795,2026-09-04
$SPX,7718.6,2027-06-17,285,Put,"7,025.00",-8.99%,183.6,182.4,185.8,25,384,0.07,11.92%,19.85%,-0.222336,2026-09-04
$SPX,7718.6,2027-06-17,285,Put,"6,300.00",-18.38%,98.5,97.9,100.2,341,4771,0.07,11.92%,23.82%,-0.115571,2026-09-04
$SPX,7718.6,2027-09-17,377,Put,"8,225.00",+6.56%,587.5,584.51,590.6,39,599,0.07,11.92%,13.22%,-0.671388,2026-09-04
$SPX,7718.6,2026-09-09,4,Put,"7,330.00",-5.03%,0.65,0.45,0.8,11,169,0.07,11.92%,22.04%,-0.011713,2026-09-04
$SPX,7718.6,2026-09-09,4,Put,"7,250.00",-6.07%,0.55,0.45,0.7,11,159,0.07,11.92%,25.56%,-0.008952,2026-09-04
$SPX,7718.6,2027-03-19,195,Put,"7,425.00",-3.80%,197.5,194.86,199.2,59,845,0.07,11.92%,17.07%,-0.309284,2026-09-04
$SPX,7718.6,2027-03-19,195,Put,"7,350.00",-4.78%,181.7,173.32,183.4,152,2130,0.07,11.92%,17.56%,-0.284041,2026-09-04
$SPX,7718.6,2026-09-17,12,Put,"7,575.00",-1.86%,23,22.3,23.7,21,301,0.07,11.92%,13.83%,-0.210913,2026-09-04
$SPX,7718.6,2026-09-17,12,Put,"7,525.00",-2.51%,16.5,14.71,17.2,19,269,0.07,11.92%,14.62%,-0.155875,2026-09-04
$SPX,7718.6,2026-10-30,55,Put,"7,700.00",-0.24%,134,133.58,135.3,225,3117,0.07,11.92%,13.47%,-0.442471,2026-09-04
$SPX,7718.6,2026-10-16,41,Put,"7,620.00",-1.28%,86.2,83.5,87.2,18,247,0.07,11.92%,13.76%,-0.354999,2026-09-04
$SPX,7718.6,2026-10-16,41,Put,"7,450.00",-3.48%,51.5,50.21,52.4,82,1097,0.07,11.92%,15.60%,-0.220026,2026-09-04
$SPX,7718.6,2026-10-16,41,Put,"7,235.00",-6.27%,29.2,27.8,30,10,139,0.07,11.92%,18.16%,-0.124111,2026-09-04
$SPX,7718.6,2026-10-16,41,Put,"7,140.00",-7.50%,23.4,22.95,24.2,15,205,0.07,11.92%,19.36%,-0.098251,2026-09-04
$SPX,7718.6,2026-10-16,41,Put,"6,650.00",-13.84%,9.7,9.5,10.2,16,238,0.07,11.92%,26.00%,-0.036072,2026-09-04
$SPX,7718.6,2027-02-19,167,Put,"5,050.00",-34.57%,17.9,17.46,18.7,22,330,0.07,11.92%,35.16%,-0.024357,2026-09-04
$SPX,7718.6,2027-12-17,468,Put,"6,950.00",-9.96%,256.6,254.78,262.9,30,453,0.07,11.92%,20.44%,-0.230936,2026-09-04
$SPX,7718.6,2026-09-16,11,Put,"7,675.00",-0.56%,41.9,38.47,42.7,16,216,0.07,11.92%,12.13%,-0.373958,2026-09-04
$SPX,7718.6,2026-09-16,11,Put,"6,200.00",-19.67%,0.5,0.52,0.7,58,862,0.07,11.92%,46.97%,-0.003074,2026-09-04
$SPX,7718.6,2026-09-08,3,Call,"7,625.00",+1.21%,86,95,87.6,59,866,0.07,11.92%,0.00%,0,2026-09-04
$SPX,7718.6,2027-08-20,349,Call,"8,750.00",-13.36%,160.1,163.3,162.3,38,547,0.07,11.92%,13.46%,0.275184,2026-09-04
$SPX,7718.6,2026-12-18,104,Call,"7,870.00",-1.96%,177,176.4,178.6,23,320,0.07,11.92%,12.66%,0.46361,2026-09-04
$SPX,7718.6,2026-12-18,104,Call,"11,200.00",-45.10%,0,0.15,0.2,48,697,0.07,11.92%,20.13%,0.00047,2026-09-04
$SPX,7718.6,2026-10-16,41,Call,"7,820.00",-1.31%,81.3,82.8,83,36,504,0.07,11.92%,10.93%,0.411265,2026-09-04
$SPX,7718.6,2026-10-16,41,Call,"8,100.00",-4.94%,11.4,12.56,12.2,646,9465,0.07,11.92%,10.03%,0.097805,2026-09-04
$SPX,7718.6,2026-10-16,41,Call,"5,000.00",+35.22%,2713.7,2727.2,2737.7,95,1418,0.07,11.92%,0.00%,0,2026-09-04
$SPX,7718.6,2026-09-10,5,Call,"8,000.00",-3.65%,0.15,0.15,0.3,113,1721,0.07,11.92%,12.08%,0.006389,2026-09-04
$SPX,7718.6,2026-09-15,10,Call,"7,875.00",-2.03%,2.95,3.5,3.4,50,736,0.07,11.92%,7.84%,0.071709,2026-09-04
$SPX,7718.6,2026-09-18,13,Call,"7,905.00",-2.41%,5.3,6.15,6,20,306,0.07,11.92%,8.99%,0.093076,2026-09-04
$SPX,7718.6,2026-09-18,13,Call,"7,920.00",-2.61%,4.2,4.7,4.8,47,648,0.07,11.92%,9.02%,0.07662,2026-09-04
$SPX,7718.6,2026-11-20,76,Call,"8,500.00",-10.12%,6.6,6.85,7.2,13,189,0.07,11.92%,11.20%,0.043564,2026-09-04
$SPX,7718.6,2026-11-20,76,Call,"8,550.00",-10.77%,5.2,6.1,5.7,21,316,0.07,11.92%,11.29%,0.0352,2026-09-04
$SPX,7718.6,2027-07-16,314,Call,"8,525.00",-10.45%,190.5,192.43,192.8,18,260,0.07,11.92%,13.51%,0.324035,2026-09-04
$SPX,7718.6,2026-09-21,16,Call,"7,810.00",-1.18%,26.6,27.41,27.4,13,174,0.07,11.92%,8.98%,0.297209,2026-09-04
$SPX,7718.6,2026-09-18,13,Call,"7,820.00",-1.31%,20.7,21.87,21.4,138,2121,0.07,11.92%,9.42%,0.257044,2026-09-04
$SPX,7718.6,2026-09-18,13,Call,"7,965.00",-3.19%,2.35,2.55,2.7,26,371,0.07,11.92%,9.38%,0.045202,2026-09-04
$SPX,7718.6,2026-09-18,13,Call,"8,075.00",-4.62%,0.7,0.6,0.95,26,381,0.07,11.92%,10.66%,0.015056,2026-09-04
$SPX,7718.6,2026-09-18,13,Call,"8,150.00",-5.59%,0.45,0.37,0.7,43,627,0.07,11.92%,11.99%,0.009793,2026-09-04
$SPX,7718.6,2028-12-15,832,Call,"8,300.00",-7.53%,851.9,870.54,888.3,50,723,0.07,11.92%,16.97%,0.586764,2026-09-04
$SPX,7718.6,2026-11-20,76,Call,"7,575.00",+1.86%,309.4,307.47,311.7,32,451,0.07,11.92%,13.92%,0.673276,2026-09-04
$SPX,7718.6,2026-11-20,76,Call,"8,130.00",-5.33%,43.3,44.2,44.8,10,139,0.07,11.92%,11.29%,0.202587,2026-09-04
$SPX,7718.6,2027-01-15,132,Call,"8,375.00",-8.50%,50.8,53.1,52.5,21,319,0.07,11.92%,11.81%,0.179476,2026-09-04
$SPX,7718.6,2027-06-17,285,Call,"8,650.00",-12.07%,127.8,131.1,130,273,3871,0.07,11.92%,13.07%,0.254924,2026-09-04
$SPX,7718.6,2026-09-17,12,Call,"7,725.00",-0.08%,53.6,54.5,54.4,42,606,0.07,11.92%,9.42%,0.511922,2026-09-04
$SPX,7718.6,2026-10-30,55,Call,"7,575.00",+1.86%,268.9,270.88,270.1,17,235,0.07,11.92%,13.52%,0.688121,2026-09-04
$SPX,7718.6,2026-10-16,41,Call,"8,350.00",-8.18%,2.05,2.35,2.4,78,1075,0.07,11.92%,10.89%,0.021561,2026-09-04
$SPX,7718.6,2027-02-19,167,Call,"8,625.00",-11.74%,39.3,41.2,40.7,18,268,0.07,11.92%,11.94%,0.132115,2026-09-04
$SPX,7718.6,2028-06-16,650,Call,"7,900.00",-2.35%,891.6,900.41,902.2,10,139,0.07,11.92%,17.41%,0.628321,2026-09-04
$SPX,7718.6,2026-09-16,11,Call,"7,700.00",+0.24%,62.5,67.67,63.3,54,796,0.07,11.92%,9.03%,0.591552,2026-09-04
$SPX,7718.6,2026-09-28,23,Put,"7,725.00",+0.08%,87,83.43,88.1,11,149,0.07,11.92%,11.87%,-0.483954,2026-09-04
$SPX,7718.6,2026-09-28,23,Put,"7,425.00",-3.80%,21.9,19.43,22.7,12,173,0.07,11.92%,15.51%,-0.142794,2026-09-04
$SPX,7718.6,2027-05-21,258,Put,"7,425.00",-3.80%,244.3,241.54,246.6,32,474,0.07,11.92%,17.53%,-0.318918,2026-09-04
$SPX,7718.6,2026-09-11,6,Put,"6,950.00",-9.96%,0.7,0.65,0.85,28,414,0.07,11.92%,33.76%,-0.007002,2026-09-04
$SPX,7718.6,2026-12-18,104,Put,"7,370.00",-4.52%,111.7,108.8,113.5,18,275,0.07,11.92%,17.05%,-0.257459,2026-09-04
$SPX,7718.6,2026-12-18,104,Put,"7,175.00",-7.04%,83.5,82.2,84.6,362,5499,0.07,11.92%,18.69%,-0.190834,2026-09-04
$SPX,7718.6,2026-12-18,104,Put,"6,550.00",-15.14%,37.5,37.3,38.6,518,7807,0.07,11.92%,24.31%,-0.079799,2026-09-04
$SPX,7718.6,2026-12-18,104,Put,"5,625.00",-27.12%,14.3,14.4,14.9,419,6332,0.07,11.92%,33.11%,-0.026428,2026-09-04
$SPX,7718.6,2026-12-18,104,Put,"5,475.00",-29.07%,12.4,12.5,13,69,997,0.07,11.92%,34.62%,-0.022425,2026-09-04
$SPX,7718.6,2026-10-16,41,Put,"7,705.00",-0.18%,111.9,109.5,113.8,53,732,0.07,11.92%,12.83%,-0.448417,2026-09-04
$SPX,7718.6,2026-10-16,41,Put,"7,495.00",-2.90%,57.4,56.31,59.1,10,146,0.07,11.92%,14.98%,-0.248123,2026-09-04
$SPX,7718.6,2026-10-16,41,Put,"7,475.00",-3.16%,54.1,54.15,55.7,200,2996,0.07,11.92%,15.20%,-0.234306,2026-09-04
$SPX,7718.6,2026-10-16,41,Put,"7,370.00",-4.52%,40.2,40.09,41.6,28,394,0.07,11.92%,16.41%,-0.17516,2026-09-04
$SPX,7718.6,2026-10-16,41,Put,"7,170.00",-7.11%,24.4,23.6,25.5,71,999,0.07,11.92%,18.87%,-0.104405,2026-09-04
$SPX,7718.6,2026-10-16,41,Put,"6,575.00",-14.82%,8.4,7.8,9,89,1342,0.07,11.92%,26.92%,-0.031086,2026-09-04
$SPX,7718.6,2026-10-16,41,Put,"6,320.00",-18.12%,6,5.9,6.5,62,850,0.07,11.92%,30.58%,-0.02069,2026-09-04
$SPX,7718.6,2026-10-16,41,Put,"6,240.00",-19.16%,5.4,5.5,5.9,19,263,0.07,11.92%,31.71%,-0.018295,2026-09-04
$SPX,7718.6,2026-10-16,41,Put,"6,170.00",-20.06%,4.9,4.7,5.5,18,276,0.07,11.92%,32.72%,-0.016508,2026-09-04
$SPX,7718.6,2026-10-16,41,Put,"6,125.00",-20.65%,4.7,4.7,5.2,100,1530,0.07,11.92%,33.39%,-0.015506,2026-09-04
$SPX,7718.6,2026-10-16,41,Put,"5,050.00",-34.57%,1.3,1.24,1.7,84,1150,0.07,11.92%,49.13%,-0.003657,2026-09-04
$SPX,7718.6,2026-10-16,41,Put,"4,500.00",-41.70%,0.65,0.69,1,303,4633,0.07,11.92%,57.63%,-0.001808,2026-09-04
$SPX,7718.6,2026-09-14,9,Put,"6,950.00",-9.96%,0.9,0.9,1.1,13,180,0.07,11.92%,28.50%,-0.008556,2026-09-04
$SPX,7718.6,2026-12-31,117,Put,"7,925.00",+2.67%,299.1,297.38,300.7,16,222,0.07,11.92%,12.83%,-0.607765,2026-09-04
$SPX,7718.6,2026-09-10,5,Put,"7,350.00",-4.78%,1.05,0.9,1.25,18,244,0.07,11.92%,20.11%,-0.017397,2026-09-04
$SPX,7718.6,2026-09-23,18,Put,"7,650.00",-0.89%,51.5,48.62,52.4,14,187,0.07,11.92%,12.69%,-0.351406,2026-09-04
$SPX,7718.6,2026-10-02,27,Put,"7,580.00",-1.80%,53.4,51.41,54.4,24,368,0.07,11.92%,13.96%,-0.289481,2026-09-04
$SPX,7718.6,2026-10-02,27,Put,"6,550.00",-15.14%,4,3.9,4.4,27,405,0.07,11.92%,29.80%,-0.018018,2026-09-04
$SPX,7718.6,2026-10-06,31,Put,"7,300.00",-5.42%,22.4,22.9,23.3,59,813,0.07,11.92%,17.30%,-0.117568,2026-09-04
$SPX,7718.6,2026-09-29,24,Put,"7,450.00",-3.48%,26.2,25.08,27,10,152,0.07,11.92%,15.26%,-0.163913,2026-09-04
$SPX,7718.6,2026-09-30,25,Put,"7,740.00",+0.28%,99.4,94.7,100.5,14,207,0.07,11.92%,12.06%,-0.507981,2026-09-04
$SPX,7718.6,2026-09-30,25,Put,"7,680.00",-0.50%,75.9,72.6,76.9,12,167,0.07,11.92%,12.64%,-0.411193,2026-09-04
$SPX,7718.6,2026-09-30,25,Put,"7,660.00",-0.76%,69.4,65.1,70.4,14,200,0.07,11.92%,12.86%,-0.381888,2026-09-04
$SPX,7718.6,2026-09-30,25,Put,"7,550.00",-2.18%,43,42.5,43.8,389,5188,0.07,11.92%,14.15%,-0.250818,2026-09-04
$SPX,7718.6,2026-09-30,25,Put,"6,300.00",-18.38%,2.25,2.25,2.55,82,1138,0.07,11.92%,34.35%,-0.009921,2026-09-04
$SPX,7718.6,2026-09-30,25,Put,"5,300.00",-31.33%,0.55,0.67,0.8,20,305,0.07,11.92%,51.75%,-0.002117,2026-09-04
$SPX,7718.6,2026-09-18,13,Put,"7,525.00",-2.51%,17.6,17.92,18.6,443,6323,0.07,11.92%,14.44%,-0.161483,2026-09-04
$SPX,7718.6,2026-11-20,76,Put,"5,750.00",-25.50%,9.6,9.8,10.1,15,224,0.07,11.92%,33.85%,-0.021185,2026-09-04
$SPX,7718.6,2026-09-21,16,Put,"7,725.00",+0.08%,73,71.38,73.9,27,394,0.07,11.92%,11.70%,-0.490275,2026-09-04
$SPX,7718.6,2026-09-21,16,Put,"7,750.00",+0.41%,85,80.83,85.9,22,317,0.07,11.92%,11.52%,-0.545386,2026-09-04
$SPX,7718.6,2026-09-21,16,Put,"6,000.00",-22.27%,0.65,0.7,0.85,70,988,0.07,11.92%,45.29%,-0.003274,2026-09-04
$SPX,7718.6,2027-03-31,207,Put,"2,800.00",-63.72%,4.1,4.2,4.5,13,192,0.07,11.92%,55.86%,-0.003781,2026-09-04
$SPX,7718.6,2026-09-18,13,Put,"7,790.00",+0.93%,104.8,101,105.6,17,242,0.07,11.92%,11.81%,-0.64548,2026-09-04
$SPX,7718.6,2026-09-18,13,Put,"7,080.00",-8.27%,3,2.77,3.4,10,137,0.07,11.92%,23.77%,-0.024182,2026-09-04
$SPX,7718.6,2026-09-18,13,Put,"6,425.00",-16.76%,1.05,1,1.3,21,281,0.07,11.92%,39.68%,-0.006157,2026-09-04
$SPX,7718.6,2026-09-18,13,Put,"5,400.00",-30.04%,0.2,0.25,0.4,92,1270,0.07,11.92%,63.39%,-0.001125,2026-09-04
$SPX,7718.6,2026-09-28,23,Put,"7,500.00",-2.83%,30.2,29.01,31.1,21,339,0.06,11.92%,14.50%,-0.194283,2026-09-04
$SPX,7718.6,2026-09-28,23,Put,"7,250.00",-6.07%,11.4,10.5,12.1,21,327,0.06,11.92%,18.09%,-0.073798,2026-09-04
$SPX,7718.6,2027-05-21,258,Put,"6,675.00",-13.52%,122.8,121.53,124.6,11,188,0.06,11.92%,21.83%,-0.155539,2026-09-04
$SPX,7718.6,2026-09-11,6,Put,"5,950.00",-22.91%,0.15,0.15,0.25,864,15223,0.06,11.92%,67.09%,-0.001057,2026-09-04
$SPX,7718.6,2026-12-18,104,Put,"7,725.00",+0.08%,202.9,200.6,204.3,57,913,0.06,11.92%,14.25%,-0.45353,2026-09-04
$SPX,7718.6,2026-12-18,104,Put,"7,625.00",-1.21%,170,165.06,171.3,52,813,0.06,11.92%,14.98%,-0.386088,2026-09-04
$SPX,7718.6,2026-12-18,104,Put,"7,500.00",-2.83%,137.5,134.83,138.9,1830,31237,0.06,11.92%,15.96%,-0.316428,2026-09-04
$SPX,7718.6,2026-12-18,104,Put,"8,025.00",+3.97%,349.8,336.67,352.1,12,215,0.06,11.92%,12.13%,-0.718117,2026-09-04
$SPX,7718.6,2026-12-18,104,Put,"4,750.00",-38.46%,6.3,6.4,6.9,138,2285,0.06,11.92%,42.21%,-0.01037,2026-09-04
$SPX,7718.6,2026-10-16,41,Put,"7,730.00",+0.15%,121.6,116.8,123.3,113,1826,0.06,11.92%,12.60%,-0.479714,2026-09-04
$SPX,7718.6,2026-10-16,41,Put,"7,550.00",-2.18%,67.9,65.89,69.6,344,5336,0.06,11.92%,14.38%,-0.290176,2026-09-04
$SPX,7718.6,2026-10-16,41,Put,"7,515.00",-2.64%,61,60.06,62.7,16,250,0.06,11.92%,14.76%,-0.262699,2026-09-04
$SPX,7718.6,2026-10-16,41,Put,"7,320.00",-5.16%,35.2,34.63,36.5,93,1445,0.06,11.92%,17.01%,-0.1531,2026-09-04
$SPX,7718.6,2026-10-16,41,Put,"6,000.00",-22.27%,4,4.1,4.5,1377,23480,0.06,11.92%,35.16%,-0.012898,2026-09-04
$SPX,7718.6,2026-09-14,9,Put,"7,500.00",-2.83%,6.3,6.12,6.5,304,5499,0.06,11.92%,13.73%,-0.083525,2026-09-04
$SPX,7718.6,2026-09-14,9,Put,"7,200.00",-6.72%,1.5,1.45,1.7,44,729,0.06,11.92%,21.31%,-0.01701,2026-09-04
$SPX,7718.6,2026-09-14,9,Put,"7,150.00",-7.37%,1.3,1.15,1.5,19,334,0.06,11.92%,22.68%,-0.014271,2026-09-04
$SPX,7718.6,2026-09-14,9,Put,"6,300.00",-18.38%,0.25,0.35,0.45,59,926,0.06,11.92%,45.93%,-0.0021,2026-09-04
$SPX,7718.6,2026-09-14,9,Put,"6,200.00",-19.67%,0.2,0.2,0.4,131,2041,0.06,11.92%,48.52%,-0.001729,2026-09-04
$SPX,7718.6,2026-09-14,9,Put,"6,100.00",-20.97%,0.2,0.2,0.35,68,1064,0.06,11.92%,51.40%,-0.00151,2026-09-04
$SPX,7718.6,2026-12-31,117,Put,"8,125.00",+5.27%,413.2,415.8,425,16,272,0.06,11.92%,10.83%,-0.84222,2026-09-04
$SPX,7718.6,2026-12-31,117,Put,"6,225.00",-19.35%,30,28.9,31,20,357,0.06,11.92%,26.68%,-0.057765,2026-09-04
$SPX,7718.6,2026-09-10,5,Put,"7,325.00",-5.10%,0.95,0.57,1.15,22,392,0.06,11.92%,21.01%,-0.015415,2026-09-04
$SPX,7718.6,2026-09-10,5,Put,"7,225.00",-6.39%,0.75,0.65,0.95,66,1114,0.06,11.92%,24.95%,-0.010914,2026-09-04
$SPX,7718.6,2026-09-23,18,Put,"7,425.00",-3.80%,16.1,14.5,16.8,14,229,0.06,11.92%,15.81%,-0.121408,2026-09-04
$SPX,7718.6,2026-10-02,27,Put,"7,775.00",+0.73%,120.5,115.14,121.6,15,233,0.06,11.92%,11.91%,-0.564129,2026-09-04
$SPX,7718.6,2026-10-02,27,Put,"7,660.00",-0.76%,74.1,70.7,75.2,21,370,0.06,11.92%,13.03%,-0.385449,2026-09-04
$SPX,7718.6,2026-10-02,27,Put,"6,200.00",-19.67%,2.45,2.35,2.8,76,1236,0.06,11.92%,35.77%,-0.009998,2026-09-04
$SPX,7718.6,2026-09-15,10,Put,"7,525.00",-2.51%,9.5,8.28,10.1,44,728,0.06,11.92%,13.42%,-0.116058,2026-09-04
$SPX,7718.6,2026-09-29,24,Put,"7,600.00",-1.54%,50.1,44.1,51.1,17,294,0.06,11.92%,13.34%,-0.298874,2026-09-04
$SPX,7718.6,2026-09-30,25,Put,"7,720.00",+0.02%,90.9,88,91.9,10,164,0.06,11.92%,12.25%,-0.474298,2026-09-04
$SPX,7718.6,2026-09-30,25,Put,"7,775.00",+0.73%,116.4,116.18,117.4,31,524,0.06,11.92%,11.77%,-0.569687,2026-09-04
$SPX,7718.6,2026-09-30,25,Put,"7,825.00",+1.38%,145.2,145.04,146.2,12,200,0.06,11.92%,11.45%,-0.659143,2026-09-04
$SPX,7718.6,2026-09-30,25,Put,"7,225.00",-6.39%,13.1,11.2,13.6,27,458,0.06,11.92%,18.66%,-0.077205,2026-09-04
$SPX,7718.6,2026-09-30,25,Put,"6,250.00",-19.03%,2.1,1.8,2.4,58,898,0.06,11.92%,35.23%,-0.009143,2026-09-04
$SPX,7718.6,2026-09-18,13,Put,"7,740.00",+0.28%,74.3,70.81,75.7,436,7139,0.06,11.92%,11.74%,-0.529817,2026-09-04
$SPX,7718.6,2026-09-18,13,Put,"7,695.00",-0.31%,54.6,54.3,55.9,409,7257,0.06,11.92%,12.10%,-0.425336,2026-09-04
$SPX,7718.6,2026-09-18,13,Put,"7,760.00",+0.54%,85,82.17,86.4,359,5555,0.06,11.92%,11.65%,-0.577814,2026-09-04
$SPX,7718.6,2026-09-18,13,Put,"7,650.00",-0.89%,40.1,40.19,41.3,1098,17632,0.06,11.92%,12.62%,-0.333029,2026-09-04
$SPX,7718.6,2026-09-18,13,Put,"7,600.00",-1.54%,28.6,28.86,29.7,3188,57223,0.06,11.92%,13.29%,-0.250055,2026-09-04
$SPX,7718.6,2026-09-18,13,Put,"7,310.00",-5.29%,5.7,5.13,6.3,26,462,0.06,11.92%,18.37%,-0.052551,2026-09-04
$SPX,7718.6,2026-09-18,13,Put,"7,140.00",-7.50%,3.3,3,3.7,40,618,0.06,11.92%,22.16%,-0.02787,2026-09-04
$SPX,7718.6,2026-11-20,76,Put,"6,200.00",-19.67%,15.7,16,16.3,15,235,0.06,11.92%,28.91%,-0.037477,2026-09-04
$SPX,7718.6,2027-01-29,146,Put,"6,975.00",-9.63%,89.6,88.37,90.9,13,235,0.06,11.92%,19.96%,-0.166177,2026-09-04
$SPX,7718.6,2026-09-18,13,Put,"7,770.00",+0.67%,92.4,89.33,93.3,18,279,0.06,11.92%,11.86%,-0.599367,2026-09-04
$SPX,7718.6,2026-09-18,13,Put,"7,305.00",-5.36%,6.1,5.62,6.6,10,181,0.06,11.92%,18.77%,-0.054142,2026-09-04
$SPX,7718.6,2026-09-18,13,Put,"6,440.00",-16.57%,1.1,0.8,1.3,10,173,0.06,11.92%,39.32%,-0.006328,2026-09-04
$SPX,7718.6,2026-09-18,13,Put,"6,200.00",-19.67%,0.75,0.77,1,87,1536,0.06,11.92%,44.98%,-0.004184,2026-09-04
$SPX,7718.6,2028-12-15,832,Put,"8,300.00",+7.53%,735.3,743.98,760.5,50,771,0.06,11.92%,14.70%,-0.576399,2026-09-04
$SPX,7718.6,2026-11-20,76,Put,"7,710.00",-0.11%,165.8,165.5,168,14,229,0.06,11.92%,13.88%,-0.448626,2026-09-04
$SPX,7718.6,2026-11-20,76,Put,"7,400.00",-4.13%,87.3,85.83,88.7,824,13172,0.06,11.92%,16.50%,-0.247579,2026-09-04
$SPX,7718.6,2026-11-20,76,Put,"5,800.00",-24.86%,9.9,9.9,10.4,102,1691,0.06,11.92%,33.17%,-0.022167,2026-09-04
$SPX,7718.6,2026-09-25,20,Put,"7,770.00",+0.67%,105,101.64,106.1,23,372,0.06,11.92%,11.72%,-0.573818,2026-09-04
$SPX,7718.6,2026-09-25,20,Put,"7,500.00",-2.83%,27.4,25.55,28,159,2508,0.06,11.92%,14.87%,-0.185964,2026-09-04
$SPX,7718.6,2026-09-25,20,Put,"7,330.00",-5.03%,13.2,11.35,13.8,16,253,0.06,11.92%,17.39%,-0.091065,2026-09-04
$SPX,7718.6,2026-09-25,20,Put,"7,325.00",-5.10%,13,11.6,13.6,25,446,0.06,11.92%,17.48%,-0.089508,2026-09-04
$SPX,7718.6,2026-09-25,20,Put,"7,000.00",-9.31%,4.9,4.2,5.4,343,6113,0.06,11.92%,23.14%,-0.031056,2026-09-04
$SPX,7718.6,2026-09-25,20,Put,"6,975.00",-9.63%,4.6,4.12,5.1,16,288,0.06,11.92%,23.58%,-0.028967,2026-09-04
$SPX,7718.6,2026-09-25,20,Put,"6,600.00",-14.49%,2.4,2.12,2.7,51,925,0.06,11.92%,30.83%,-0.012833,2026-09-04
$SPX,7718.6,2026-09-25,20,Put,"6,200.00",-19.67%,1.35,1.15,1.65,55,895,0.06,11.92%,38.65%,-0.006445,2026-09-04
$SPX,7718.6,2026-10-09,34,Put,"7,720.00",+0.02%,107,103,108.2,17,280,0.06,11.92%,12.55%,-0.469637,2026-09-04
$SPX,7718.6,2027-01-15,132,Put,"7,750.00",+0.41%,232.4,230.47,234.9,95,1689,0.06,11.92%,14.08%,-0.464354,2026-09-04
$SPX,7718.6,2027-06-17,285,Put,"7,625.00",-1.21%,313.5,308.07,316.3,10,172,0.06,11.92%,16.53%,-0.387513,2026-09-04
$SPX,7718.6,2027-06-17,285,Put,"6,500.00",-15.79%,116.5,115.47,118.2,606,10861,0.06,11.92%,22.70%,-0.138011,2026-09-04
$SPX,7718.6,2027-06-17,285,Put,"5,325.00",-31.01%,45.8,46.27,47,26,455,0.06,11.92%,29.80%,-0.049609,2026-09-04
$SPX,7718.6,2027-09-17,377,Put,"8,000.00",+3.65%,492.3,488.9,495.3,131,2132,0.06,11.92%,14.95%,-0.537936,2026-09-04
$SPX,7718.6,2026-09-09,4,Put,"7,400.00",-4.13%,0.8,0.8,0.95,57,1014,0.06,11.92%,19.00%,-0.015857,2026-09-04
$SPX,7718.6,2026-09-09,4,Put,"6,500.00",-15.79%,0.15,0.1,0.25,27,423,0.06,11.92%,56.04%,-0.001519,2026-09-04
$SPX,7718.6,2027-03-19,195,Put,"7,950.00",+3.00%,367,363.82,369.1,52,901,0.06,11.92%,13.67%,-0.568033,2026-09-04
$SPX,7718.6,2027-03-19,195,Put,"7,225.00",-6.39%,158.6,156.1,160.3,79,1233,0.06,11.92%,18.37%,-0.247087,2026-09-04
$SPX,7718.6,2026-10-30,55,Put,"7,670.00",-0.63%,123.7,121.35,124.9,10,165,0.06,11.92%,13.73%,-0.412878,2026-09-04
$SPX,7718.6,2026-10-30,55,Put,"6,650.00",-13.84%,16.1,15.8,16.9,21,338,0.06,11.92%,24.99%,-0.050751,2026-09-04
$SPX,7718.6,2026-10-30,55,Put,"5,750.00",-25.50%,5.3,5.2,5.8,70,1170,0.06,11.92%,36.24%,-0.013884,2026-09-04
$SPX,7718.6,2026-10-16,41,Put,"7,800.00",+1.05%,155.2,150,156.3,12,200,0.06,11.92%,12.16%,-0.572626,2026-09-04
$SPX,7718.6,2026-10-16,41,Put,"7,200.00",-6.72%,26.9,26.39,27.6,143,2331,0.06,11.92%,18.60%,-0.113689,2026-09-04
$SPX,7718.6,2026-10-16,41,Put,"7,050.00",-8.66%,19.3,19.2,20.1,45,792,0.06,11.92%,20.53%,-0.079779,2026-09-04
$SPX,7718.6,2026-10-16,41,Put,"7,000.00",-9.31%,17.5,17.18,18.2,91,1508,0.06,11.92%,21.19%,-0.071427,2026-09-04
$SPX,7718.6,2027-02-19,167,Put,"7,200.00",-6.72%,132,130.96,133.9,109,1781,0.06,11.92%,18.25%,-0.229504,2026-09-04
$SPX,7718.6,2027-02-19,167,Put,"6,875.00",-10.93%,92,91.45,93.7,35,551,0.06,11.92%,20.58%,-0.156532,2026-09-04
$SPX,7718.6,2027-02-19,167,Put,"6,550.00",-15.14%,65.7,63.6,67.1,35,562,0.06,11.92%,22.95%,-0.108352,2026-09-04
$SPX,7718.6,2027-12-17,468,Put,"7,300.00",-5.42%,327.7,328.7,334.4,250,4404,0.06,11.92%,18.92%,-0.297969,2026-09-04
$SPX,7718.6,2026-09-22,17,Put,"7,200.00",-6.72%,5.8,5.65,6.3,10,165,0.06,11.92%,19.61%,-0.044452,2026-09-04
$SPX,7718.6,2026-09-22,17,Put,"6,000.00",-22.27%,0.75,0.7,0.95,75,1172,0.06,11.92%,44.53%,-0.003626,2026-09-04
$SPX,7718.6,2026-09-16,11,Put,"7,400.00",-4.13%,6.1,6.1,6.5,29,476,0.06,11.92%,16.54%,-0.064523,2026-09-04
$SPX,7718.6,2026-09-16,11,Put,"6,500.00",-15.79%,0.8,0.75,1,44,725,0.06,11.92%,39.43%,-0.00525,2026-09-04
$SPX,7718.6,2026-09-28,23,Call,"7,825.00",-1.38%,36.3,40.08,37.3,10,167,0.06,11.92%,9.34%,0.317582,2026-09-04
$SPX,7718.6,2026-09-28,23,Call,"8,000.00",-3.65%,4.9,5.26,5.6,21,343,0.06,11.92%,8.94%,0.0692,2026-09-04
$SPX,7718.6,2026-09-28,23,Call,"8,025.00",-3.97%,3.6,4.06,4.2,10,169,0.06,11.92%,8.99%,0.053434,2026-09-04
$SPX,7718.6,2026-09-28,23,Call,"8,125.00",-5.27%,1.35,1.54,1.7,12,217,0.06,11.92%,9.65%,0.022102,2026-09-04
$SPX,7718.6,2027-08-20,349,Call,"8,350.00",-8.18%,297.4,295,300.1,18,277,0.06,11.92%,14.33%,0.413366,2026-09-04
$SPX,7718.6,2026-12-18,104,Call,"8,225.00",-6.56%,53.7,54.47,55,41,649,0.06,11.92%,11.63%,0.207196,2026-09-04
$SPX,7718.6,2026-12-18,104,Call,"8,475.00",-9.80%,19.2,20.9,20.4,20,340,0.06,11.92%,11.41%,0.092599,2026-09-04
$SPX,7718.6,2026-12-18,104,Call,"8,525.00",-10.45%,15.5,16.4,16.5,29,455,0.06,11.92%,11.40%,0.077429,2026-09-04
$SPX,7718.6,2026-12-18,104,Call,"8,575.00",-11.10%,12.5,13.2,13.4,17,297,0.06,11.92%,11.41%,0.064625,2026-09-04
$SPX,7718.6,2026-12-18,104,Call,"8,600.00",-11.42%,11.2,11.9,12.1,1020,15950,0.06,11.92%,11.42%,0.058982,2026-09-04
$SPX,7718.6,2026-10-16,41,Call,"8,075.00",-4.62%,13.7,13.97,14.8,108,1923,0.06,11.92%,10.02%,0.11445,2026-09-04
$SPX,7718.6,2026-10-16,41,Call,"8,325.00",-7.86%,2.05,2.35,2.65,19,307,0.06,11.92%,10.61%,0.023156,2026-09-04
$SPX,7718.6,2026-12-31,117,Call,"7,350.00",+4.78%,551.3,565.48,563.4,20,311,0.06,11.92%,15.84%,0.766757,2026-09-04
$SPX,7718.6,2026-09-10,5,Call,"7,765.00",-0.60%,9.1,10.14,9.5,103,1635,0.06,11.92%,6.93%,0.250115,2026-09-04
$SPX,7718.6,2026-11-30,86,Call,"7,710.00",+0.11%,233,237.2,234.5,10,155,0.06,11.92%,13.02%,0.574412,2026-09-04
$SPX,7718.6,2026-11-30,86,Call,"7,700.00",+0.24%,239.3,240.7,240.7,24,422,0.06,11.92%,13.07%,0.582224,2026-09-04
$SPX,7718.6,2026-11-30,86,Call,"7,400.00",+4.13%,456.4,480.13,467.6,24,434,0.06,11.92%,15.05%,0.76826,2026-09-04
$SPX,7718.6,2026-10-02,27,Call,"8,300.00",-7.53%,0.8,0.83,1.15,19,330,0.06,11.92%,11.31%,0.011984,2026-09-04
$SPX,7718.6,2026-09-29,24,Call,"7,975.00",-3.32%,7.8,8.55,8.5,10,174,0.06,11.92%,9.04%,0.097592,2026-09-04
$SPX,7718.6,2026-09-30,25,Call,"7,805.00",-1.12%,49.9,51.54,50.9,10,155,0.06,11.92%,9.82%,0.373086,2026-09-04
$SPX,7718.6,2026-09-30,25,Call,"7,865.00",-1.90%,29.3,30.22,30.1,10,175,0.06,11.92%,9.49%,0.259729,2026-09-04
$SPX,7718.6,2026-09-30,25,Call,"7,880.00",-2.09%,25.3,25.88,26.1,21,358,0.06,11.92%,9.42%,0.233863,2026-09-04
$SPX,7718.6,2026-09-18,13,Call,"7,850.00",-1.70%,12.6,13.64,13.6,646,11655,0.06,11.92%,9.07%,0.183382,2026-09-04
$SPX,7718.6,2026-09-18,13,Call,"7,935.00",-2.80%,3.2,3.9,3.8,40,636,0.06,11.92%,9.02%,0.061881,2026-09-04
$SPX,7718.6,2026-09-18,13,Call,"8,010.00",-3.78%,1.1,1.15,1.45,40,659,0.06,11.92%,9.57%,0.024405,2026-09-04
$SPX,7718.6,2026-09-18,13,Call,"8,070.00",-4.55%,0.6,0.65,0.9,51,855,0.06,11.92%,10.39%,0.014139,2026-09-04
$SPX,7718.6,2027-07-16,314,Call,"7,000.00",+9.31%,1118.8,1123.89,1123.1,15,268,0.06,11.92%,18.97%,0.799183,2026-09-04
$SPX,7718.6,2026-12-18,104,Call,"8,300.00",-7.53%,40.6,41.3,41.5,34,554,0.06,11.92%,11.57%,0.166575,2026-09-04
$SPX,7718.6,2026-09-18,13,Call,"7,630.00",+1.15%,121.5,127.22,122.3,20,325,0.06,11.92%,10.45%,0.745746,2026-09-04
$SPX,7718.6,2026-09-18,13,Call,"7,890.00",-2.22%,7.6,8.8,8.1,157,2519,0.06,11.92%,9.24%,0.119541,2026-09-04
$SPX,7718.6,2026-09-18,13,Call,"8,125.00",-5.27%,0.55,0.5,0.75,18,299,0.06,11.92%,11.57%,0.0113,2026-09-04
$SPX,7718.6,2026-09-18,13,Call,"7,300.00",+5.42%,409.1,429.18,433.1,45,742,0.06,11.92%,14.11%,0.98446,2026-09-04
$SPX,7718.6,2026-10-05,30,Call,"7,700.00",+0.24%,117.2,118.32,118.5,63,1049,0.06,11.92%,10.83%,0.575909,2026-09-04
$SPX,7718.6,2026-11-20,76,Call,"7,725.00",-0.08%,208.2,210.9,209.9,84,1389,0.06,11.92%,12.95%,0.558145,2026-09-04
$SPX,7718.6,2026-11-20,76,Call,"7,805.00",-1.12%,162,167.4,164.1,27,439,0.06,11.92%,12.50%,0.487548,2026-09-04
$SPX,7718.6,2026-11-20,76,Call,"7,900.00",-2.35%,115.9,117.7,118,547,9686,0.06,11.92%,12.04%,0.399474,2026-09-04
$SPX,7718.6,2026-09-25,20,Call,"7,675.00",+0.56%,109.2,110.96,110.2,12,197,0.06,11.92%,10.68%,0.624984,2026-09-04
$SPX,7718.6,2026-09-25,20,Call,"7,770.00",-0.67%,54.9,56.7,55.9,16,248,0.06,11.92%,9.96%,0.42554,2026-09-04
$SPX,7718.6,2026-09-25,20,Call,"7,650.00",+0.89%,126.4,129.7,127.4,34,556,0.06,11.92%,10.87%,0.670655,2026-09-04
$SPX,7718.6,2026-09-25,20,Call,"7,000.00",+9.31%,711.7,727.59,735.7,300,4777,0.06,11.92%,10.18%,0.999986,2026-09-04
$SPX,7718.6,2027-01-15,132,Call,"7,675.00",+0.56%,342.1,349.5,344.7,37,642,0.06,11.92%,14.28%,0.606836,2026-09-04
$SPX,7718.6,2027-01-15,132,Call,"7,475.00",+3.16%,485.6,510.03,488.4,26,448,0.06,11.92%,15.48%,0.705669,2026-09-04
$SPX,7718.6,2027-01-15,132,Call,"8,000.00",-3.65%,161.3,164,163.6,1821,30342,0.06,11.92%,12.72%,0.40215,2026-09-04
$SPX,7718.6,2030-12-20,1567,Call,"16,000.00",-107.29%,0,46.84,0,66,1131,0.06,11.92%,14.87%,0.052241,2026-09-04
$SPX,7718.6,2027-09-17,377,Call,"9,100.00",-17.90%,105.4,106.7,107.2,41,674,0.06,11.92%,13.15%,0.197173,2026-09-04
$SPX,7718.6,2027-03-19,195,Call,"8,500.00",-10.12%,81.6,82.3,83.4,519,9207,0.06,11.92%,12.37%,0.216122,2026-09-04
$SPX,7718.6,2026-10-16,41,Call,"7,860.00",-1.83%,65.9,72.4,66.9,11,181,0.06,11.92%,10.83%,0.35666,2026-09-04
$SPX,7718.6,2026-10-16,41,Call,"8,010.00",-3.78%,24,27.45,24.9,17,276,0.06,11.92%,10.27%,0.173933,2026-09-04
$SPX,7718.6,2027-02-19,167,Call,"7,900.00",-2.35%,262.6,268.7,265,21,345,0.06,11.92%,13.65%,0.494154,2026-09-04
$SPX,7718.6,2026-10-01,26,Put,"7,750.00",+0.41%,106,105.2,107.2,15,271,0.06,11.92%,12.03%,-0.52383,2026-09-04
$SPX,7718.6,2026-10-16,41,Call,"7,915.00",-2.54%,45.6,51.1,47.1,21,430,0.05,11.92%,10.47%,0.280982,2026-09-04
$SPX,7718.6,2026-10-16,41,Call,"7,925.00",-2.67%,42.6,43.42,44.2,125,2493,0.05,11.92%,10.43%,0.268186,2026-09-04
$SPX,7718.6,2026-09-14,9,Call,"7,680.00",+0.50%,64,66.65,64.5,19,365,0.05,11.92%,7.71%,0.689376,2026-09-04
$SPX,7718.6,2026-09-14,9,Call,"8,050.00",-4.29%,0.3,0.29,0.5,53,1161,0.05,11.92%,11.03%,0.008971,2026-09-04
$SPX,7718.6,2026-12-31,117,Call,"8,600.00",-11.42%,15.5,16.2,16.5,50,980,0.05,11.92%,11.42%,0.073632,2026-09-04
$SPX,7718.6,2026-09-23,18,Call,"7,925.00",-2.67%,7.6,8.58,8.3,20,403,0.05,11.92%,8.92%,0.108843,2026-09-04
$SPX,7718.6,2026-11-30,86,Call,"7,800.00",-1.05%,179.7,181.7,181.1,16,316,0.05,11.92%,12.51%,0.500613,2026-09-04
$SPX,7718.6,2026-10-02,27,Call,"7,880.00",-2.09%,31,33.2,32,14,261,0.05,11.92%,9.89%,0.255839,2026-09-04
$SPX,7718.6,2026-09-30,25,Call,"7,695.00",+0.31%,107.7,108.2,108.7,26,532,0.05,11.92%,10.60%,0.584721,2026-09-04
$SPX,7718.6,2026-09-30,25,Call,"7,660.00",+0.76%,130.8,132.3,131.8,10,201,0.05,11.92%,10.86%,0.644315,2026-09-04
$SPX,7718.6,2026-09-30,25,Call,"7,905.00",-2.41%,19.6,20.05,20.4,11,208,0.05,11.92%,9.33%,0.193944,2026-09-04
$SPX,7718.6,2026-09-30,25,Call,"7,965.00",-3.19%,10.1,10.95,10.9,10,202,0.05,11.92%,9.19%,0.116787,2026-09-04
$SPX,7718.6,2026-09-18,13,Call,"7,740.00",-0.28%,49.3,54.5,50.6,416,7600,0.05,11.92%,9.54%,0.470901,2026-09-04
$SPX,7718.6,2026-09-18,13,Call,"7,875.00",-2.03%,8.6,9.55,9.5,296,6506,0.05,11.92%,9.02%,0.136904,2026-09-04
$SPX,7718.6,2026-09-18,13,Call,"7,995.00",-3.58%,1.3,1.4,1.7,19,377,0.05,11.92%,9.40%,0.028625,2026-09-04
$SPX,7718.6,2026-09-18,13,Call,"8,450.00",-9.48%,0.1,0.15,0.3,201,4436,0.05,11.92%,16.92%,0.00273,2026-09-04
$SPX,7718.6,2027-07-16,314,Call,"7,600.00",+1.54%,672,681.39,675.4,76,1452,0.05,11.92%,16.61%,0.655592,2026-09-04
$SPX,7718.6,2026-09-18,13,Call,"7,865.00",-1.90%,11.1,11.9,11.7,18,381,0.05,11.92%,9.29%,0.161125,2026-09-04
$SPX,7718.6,2026-09-18,13,Call,"7,915.00",-2.54%,5.1,5.39,5.6,68,1360,0.05,11.92%,9.23%,0.086979,2026-09-04
$SPX,7718.6,2026-09-18,13,Call,"8,030.00",-4.03%,1,1.04,1.25,15,289,0.05,11.92%,9.94%,0.021139,2026-09-04
$SPX,7718.6,2026-09-18,13,Call,"8,200.00",-6.24%,0.4,0.35,0.65,74,1383,0.05,11.92%,13.04%,0.008363,2026-09-04
$SPX,7718.6,2026-11-20,76,Call,"7,675.00",+0.56%,239.9,269.41,242.2,20,379,0.05,11.92%,13.27%,0.599249,2026-09-04
$SPX,7718.6,2026-11-20,76,Call,"8,210.00",-6.37%,29.1,30.6,30.3,99,1982,0.05,11.92%,11.13%,0.149653,2026-09-04
$SPX,7718.6,2026-11-20,76,Call,"8,650.00",-12.07%,3.1,3.53,3.7,76,1418,0.05,11.92%,11.50%,0.022864,2026-09-04
$SPX,7718.6,2026-09-25,20,Call,"7,850.00",-1.70%,25.5,28.15,26.3,65,1210,0.05,11.92%,9.48%,0.254669,2026-09-04
$SPX,7718.6,2026-09-25,20,Call,"7,970.00",-3.26%,5.9,6.55,6.5,11,204,0.05,11.92%,9.18%,0.082612,2026-09-04
$SPX,7718.6,2026-09-25,20,Call,"7,980.00",-3.39%,5.1,6.73,5.8,10,201,0.05,11.92%,9.18%,0.07409,2026-09-04
$SPX,7718.6,2026-09-25,20,Call,"7,990.00",-3.52%,4.5,4.8,5.1,21,442,0.05,11.92%,9.19%,0.066457,2026-09-04
$SPX,7718.6,2027-01-15,132,Call,"8,125.00",-5.27%,113.2,115.63,114.8,26,527,0.05,11.92%,12.30%,0.319657,2026-09-04
$SPX,7718.6,2027-01-15,132,Call,"9,800.00",-26.97%,0.85,1,1.2,41,813,0.05,11.92%,14.28%,0.005009,2026-09-04
$SPX,7718.6,2027-06-17,285,Call,"8,525.00",-10.45%,161.4,163.18,163.8,18,352,0.05,11.92%,13.27%,0.300457,2026-09-04
$SPX,7718.6,2027-06-17,285,Call,"8,750.00",-13.36%,105.4,108,107.4,135,2666,0.05,11.92%,12.94%,0.221437,2026-09-04
$SPX,7718.6,2027-09-17,377,Call,"8,000.00",-3.65%,506.9,514,510.1,127,2333,0.05,11.92%,15.55%,0.54688,2026-09-04
$SPX,7718.6,2027-03-19,195,Call,"8,375.00",-8.50%,111.3,113.15,113.2,16,309,0.05,11.92%,12.57%,0.270722,2026-09-04
$SPX,7718.6,2027-03-19,195,Call,"8,450.00",-9.48%,92.6,92.2,94.4,39,811,0.05,11.92%,12.45%,0.237145,2026-09-04
$SPX,7718.6,2027-03-19,195,Call,"9,300.00",-20.49%,8.4,8.7,9.1,95,1933,0.05,11.92%,12.06%,0.033686,2026-09-04
$SPX,7718.6,2026-09-17,12,Call,"7,775.00",-0.73%,30.9,33.77,31.7,13,271,0.05,11.92%,9.19%,0.360545,2026-09-04
$SPX,7718.6,2026-09-17,12,Call,"7,825.00",-1.38%,15.9,17.9,16.6,18,378,0.05,11.92%,9.02%,0.224758,2026-09-04
$SPX,7718.6,2026-09-17,12,Call,"7,925.00",-2.67%,3.1,4.1,3.7,11,240,0.05,11.92%,9.01%,0.062528,2026-09-04
$SPX,7718.6,2026-10-30,55,Call,"7,760.00",-0.54%,146.2,150.7,147.5,11,220,0.05,11.92%,12.21%,0.511482,2026-09-04
$SPX,7718.6,2026-10-16,41,Call,"7,700.00",+0.24%,148.1,154.02,149.2,24,526,0.05,11.92%,11.83%,0.573707,2026-09-04
$SPX,7718.6,2026-10-16,41,Call,"7,880.00",-2.09%,58.4,64.72,59.4,11,238,0.05,11.92%,10.73%,0.329324,2026-09-04
$SPX,7718.6,2026-10-16,41,Call,"8,150.00",-5.59%,7.9,8.8,8.7,88,1842,0.05,11.92%,10.14%,0.072071,2026-09-04
$SPX,7718.6,2026-10-16,41,Call,"8,230.00",-6.63%,4.3,4.5,4.9,13,241,0.05,11.92%,10.31%,0.042807,2026-09-04
$SPX,7718.6,2026-10-16,41,Call,"8,250.00",-6.88%,3.7,3.89,4.3,25,553,0.05,11.92%,10.37%,0.037701,2026-09-04
$SPX,7718.6,2026-10-16,41,Call,"8,425.00",-9.15%,1.45,1.35,1.75,10,195,0.05,11.92%,11.42%,0.015401,2026-09-04
$SPX,7718.6,2027-02-19,167,Call,"8,150.00",-5.59%,149,150.4,151.1,37,675,0.05,11.92%,12.75%,0.350717,2026-09-04
$SPX,7718.6,2027-02-19,167,Call,"8,425.00",-9.15%,71.4,76,73.2,13,248,0.05,11.92%,12.17%,0.209258,2026-09-04
$SPX,7718.6,2027-12-17,468,Call,"9,200.00",-19.19%,147.7,151.46,154.2,120,2628,0.05,11.92%,13.59%,0.234016,2026-09-04
$SPX,7718.6,2026-12-18,104,Put,"7,950.00",+3.00%,305.5,301.56,307.8,14,284,0.05,11.92%,12.71%,-0.639272,2026-09-04
$SPX,7718.6,2026-12-18,104,Put,"7,430.00",-3.74%,122.7,118.4,124,12,229,0.05,11.92%,16.52%,-0.282738,2026-09-04
$SPX,7718.6,2026-12-18,104,Put,"6,700.00",-13.20%,44.8,45.19,45.7,1618,29942,0.05,11.92%,22.92%,-0.097092,2026-09-04
$SPX,7718.6,2026-12-18,104,Put,"6,225.00",-19.35%,26.1,26.5,27,225,4915,0.05,11.92%,27.32%,-0.052974,2026-09-04
$SPX,7718.6,2026-12-18,104,Put,"5,550.00",-28.10%,13.3,13.7,13.9,63,1265,0.05,11.92%,33.86%,-0.02432,2026-09-04
$SPX,7718.6,2026-10-16,41,Put,"7,665.00",-0.69%,98.1,94.29,99.8,20,409,0.05,11.92%,13.20%,-0.401672,2026-09-04
$SPX,7718.6,2026-10-16,41,Put,"7,580.00",-1.80%,74.6,70.4,76.3,23,467,0.05,11.92%,14.06%,-0.316004,2026-09-04
$SPX,7718.6,2026-10-16,41,Put,"7,540.00",-2.31%,65.9,64.2,67.6,18,355,0.05,11.92%,14.49%,-0.28218,2026-09-04
$SPX,7718.6,2026-10-16,41,Put,"7,460.00",-3.35%,51.8,50.6,53.4,24,513,0.05,11.92%,15.37%,-0.224694,2026-09-04
$SPX,7718.6,2026-10-16,41,Put,"7,375.00",-4.45%,40.7,40.07,42.2,109,1989,0.05,11.92%,16.35%,-0.177561,2026-09-04
$SPX,7718.6,2026-10-16,41,Put,"7,040.00",-8.79%,18.4,17.5,19.3,23,440,0.05,11.92%,20.54%,-0.076844,2026-09-04
$SPX,7718.6,2026-10-16,41,Put,"6,875.00",-10.93%,13.4,13.1,14.2,62,1157,0.05,11.92%,22.73%,-0.053938,2026-09-04
$SPX,7718.6,2026-10-16,41,Put,"6,550.00",-15.14%,8.1,8,8.7,279,6155,0.05,11.92%,27.28%,-0.029793,2026-09-04
$SPX,7718.6,2026-10-16,41,Put,"6,225.00",-19.35%,5.3,4.87,5.8,58,1088,0.05,11.92%,31.93%,-0.017894,2026-09-04
$SPX,7718.6,2026-10-16,41,Put,"5,950.00",-22.91%,3.8,3.31,4.3,123,2458,0.05,11.92%,35.93%,-0.012107,2026-09-04
$SPX,7718.6,2026-10-16,41,Put,"5,750.00",-25.50%,3,2.75,3.5,157,3052,0.05,11.92%,38.85%,-0.009232,2026-09-04
$SPX,7718.6,2026-09-14,9,Put,"7,100.00",-8.01%,1.2,1.18,1.35,85,1881,0.05,11.92%,24.14%,-0.012399,2026-09-04
$SPX,7718.6,2026-09-14,9,Put,"6,700.00",-13.20%,0.6,0.6,0.75,19,348,0.05,11.92%,35.47%,-0.00489,2026-09-04
$SPX,7718.6,2026-12-31,117,Put,"7,950.00",+3.00%,312.2,308.14,313.8,29,577,0.05,11.92%,12.65%,-0.628418,2026-09-04
$SPX,7718.6,2026-12-31,117,Put,"4,000.00",-48.18%,4,4.1,4.4,22,467,0.05,11.92%,49.28%,-0.005598,2026-09-04
$SPX,7718.6,2026-11-30,86,Put,"7,200.00",-6.72%,68.2,68.72,69.3,27,554,0.05,11.92%,18.20%,-0.179695,2026-09-04
$SPX,7718.6,2026-10-02,27,Put,"7,500.00",-2.83%,38.9,39.14,39.7,82,1567,0.05,11.92%,14.93%,-0.216354,2026-09-04
$SPX,7718.6,2026-09-15,10,Put,"7,545.00",-2.25%,11.1,9.8,11.7,11,214,0.05,11.92%,13.05%,-0.134445,2026-09-04
$SPX,7718.6,2026-09-30,25,Put,"7,475.00",-3.16%,31.6,29.8,32.3,145,2639,0.05,11.92%,15.11%,-0.18789,2026-09-04
$SPX,7718.6,2026-09-30,25,Put,"7,375.00",-4.45%,21.6,20.6,22.2,23,450,0.05,11.92%,16.48%,-0.129341,2026-09-04
$SPX,7718.6,2026-09-18,13,Put,"7,160.00",-7.24%,3.4,3,3.9,33,677,0.05,11.92%,21.65%,-0.029514,2026-09-04
$SPX,7718.6,2026-09-18,13,Put,"7,135.00",-7.56%,3.2,2.95,3.7,42,777,0.05,11.92%,22.27%,-0.027398,2026-09-04
$SPX,7718.6,2026-09-18,13,Put,"7,100.00",-8.01%,2.9,2.47,3.4,1057,21040,0.05,11.92%,23.06%,-0.024503,2026-09-04
$SPX,7718.6,2026-09-18,13,Put,"7,090.00",-8.14%,2.9,2.63,3.3,30,578,0.05,11.92%,23.33%,-0.023915,2026-09-04
$SPX,7718.6,2026-09-18,13,Put,"6,730.00",-12.81%,1.4,1.3,1.85,30,552,0.05,11.92%,31.95%,-0.010091,2026-09-04
$SPX,7718.6,2026-09-18,13,Put,"6,470.00",-16.18%,0.95,1.15,1.3,27,523,0.05,11.92%,38.14%,-0.00614,2026-09-04
$SPX,7718.6,2026-11-20,76,Put,"6,800.00",-11.90%,33.2,32.95,34,18,349,0.05,11.92%,22.52%,-0.088151,2026-09-04
$SPX,7718.6,2026-11-20,76,Put,"6,475.00",-16.11%,21.7,21.15,22.4,10,205,0.05,11.92%,25.95%,-0.054489,2026-09-04
$SPX,7718.6,2027-07-16,314,Put,"7,000.00",-9.31%,194.9,195.55,197.1,50,1071,0.05,11.92%,20.00%,-0.222777,2026-09-04
$SPX,7718.6,2026-09-21,16,Put,"7,325.00",-5.10%,8,7.45,8.6,13,272,0.05,11.92%,17.33%,-0.066679,2026-09-04
$SPX,7718.6,2027-01-29,146,Put,"7,750.00",+0.41%,245.4,240.52,247.4,10,208,0.05,11.92%,14.27%,-0.461781,2026-09-04
$SPX,7718.6,2027-01-29,146,Put,"7,800.00",+1.05%,264.1,264.3,266,17,326,0.05,11.92%,13.92%,-0.49307,2026-09-04
$SPX,7718.6,2027-04-16,223,Put,"8,000.00",+3.65%,405.9,403.18,408.5,104,2272,0.05,11.92%,13.54%,-0.598209,2026-09-04
$SPX,7718.6,2027-04-16,223,Put,"7,275.00",-5.75%,187,180.95,189,24,507,0.05,11.92%,18.16%,-0.26813,2026-09-04
$SPX,7718.6,2026-12-18,104,Put,"5,300.00",-31.33%,10.7,10.7,11.2,12,246,0.05,11.92%,36.47%,-0.018727,2026-09-04
$SPX,7718.6,2026-09-18,13,Put,"7,765.00",+0.60%,89.5,86.25,90.3,13,245,0.05,11.92%,11.87%,-0.58765,2026-09-04
$SPX,7718.6,2026-09-18,13,Put,"7,410.00",-4.00%,10,9.38,10.4,42,816,0.05,11.92%,16.74%,-0.089304,2026-09-04
$SPX,7718.6,2026-09-18,13,Put,"7,250.00",-6.07%,5,5.01,5.4,69,1491,0.05,11.92%,19.95%,-0.043222,2026-09-04
$SPX,7718.6,2026-09-18,13,Put,"7,175.00",-7.04%,3.9,3.21,4.3,44,889,0.05,11.92%,21.60%,-0.032759,2026-09-04
$SPX,7718.6,2026-09-18,13,Put,"7,150.00",-7.37%,3.6,3.3,4,71,1397,0.05,11.92%,22.14%,-0.02998,2026-09-04
$SPX,7718.6,2026-09-18,13,Put,"7,075.00",-8.34%,3,2.5,3.4,24,452,0.05,11.92%,23.93%,-0.024035,2026-09-04
$SPX,7718.6,2026-09-18,13,Put,"6,990.00",-9.44%,2.55,2.18,2.8,13,263,0.05,11.92%,25.95%,-0.019063,2026-09-04
$SPX,7718.6,2026-09-18,13,Put,"6,925.00",-10.28%,2.25,2.15,2.5,11,229,0.05,11.92%,27.52%,-0.016258,2026-09-04
$SPX,7718.6,2026-09-18,13,Put,"6,600.00",-14.49%,1.35,1.3,1.6,73,1372,0.05,11.92%,35.46%,-0.0084,2026-09-04
$SPX,7718.6,2026-11-20,76,Put,"7,650.00",-0.89%,145.5,143.7,147,182,3683,0.05,11.92%,14.33%,-0.400258,2026-09-04
$SPX,7718.6,2026-11-20,76,Put,"7,630.00",-1.15%,139.4,137.74,141.5,53,1138,0.05,11.92%,14.52%,-0.385684,2026-09-04
$SPX,7718.6,2026-11-20,76,Put,"7,605.00",-1.47%,132.2,130.4,134.3,11,223,0.05,11.92%,14.73%,-0.367294,2026-09-04
$SPX,7718.6,2026-11-20,76,Put,"7,515.00",-2.64%,109.6,108,111.1,68,1394,0.05,11.92%,15.47%,-0.308342,2026-09-04
$SPX,7718.6,2026-11-20,76,Put,"7,445.00",-3.54%,95.3,92,96.8,24,460,0.05,11.92%,16.10%,-0.26971,2026-09-04
$SPX,7718.6,2026-11-20,76,Put,"7,345.00",-4.84%,78.7,77.7,80.5,15,329,0.05,11.92%,17.04%,-0.223621,2026-09-04
$SPX,7718.6,2026-11-20,76,Put,"7,320.00",-5.16%,75.2,73.3,76.6,48,949,0.05,11.92%,17.26%,-0.213105,2026-09-04
$SPX,7718.6,2026-11-20,76,Put,"6,475.00",-16.11%,21.2,20.7,22,55,1197,0.05,11.92%,25.83%,-0.053753,2026-09-04
$SPX,7718.6,2026-11-20,76,Put,"6,100.00",-20.97%,13.6,13.15,14.4,130,2598,0.05,11.92%,29.88%,-0.03238,2026-09-04
$SPX,7718.6,2026-11-20,76,Put,"5,425.00",-29.72%,6.6,6.5,7.2,14,277,0.05,11.92%,37.37%,-0.014075,2026-09-04
$SPX,7718.6,2026-09-25,20,Put,"7,275.00",-5.75%,10.8,10.29,11.3,31,660,0.05,11.92%,18.27%,-0.073777,2026-09-04
$SPX,7718.6,2026-09-25,20,Put,"5,200.00",-32.63%,0.35,0.4,0.55,45,886,0.05,11.92%,58.22%,-0.001446,2026-09-04
$SPX,7718.6,2026-10-09,34,Put,"7,100.00",-8.01%,15.7,14.35,16.5,28,521,0.05,11.92%,20.09%,-0.074334,2026-09-04
$SPX,7718.6,2027-01-15,132,Put,"7,325.00",-5.10%,124.8,124.67,126.2,72,1357,0.05,11.92%,17.21%,-0.252888,2026-09-04
$SPX,7718.6,2027-01-15,132,Put,"7,200.00",-6.72%,105.8,104.41,107.7,258,5446,0.05,11.92%,18.21%,-0.213168,2026-09-04
$SPX,7718.6,2027-01-15,132,Put,"6,025.00",-21.94%,29,28.9,30,200,4200,0.05,11.92%,27.92%,-0.051013,2026-09-04
$SPX,7718.6,2027-06-17,285,Put,"5,975.00",-22.59%,75.5,75.02,77,28,520,0.05,11.92%,25.70%,-0.086619,2026-09-04
$SPX,7718.6,2027-09-17,377,Put,"8,050.00",+4.29%,512,509.37,515,22,464,0.05,11.92%,14.61%,-0.557263,2026-09-04
$SPX,7718.6,2026-09-09,4,Put,"7,550.00",-2.18%,2.1,2.1,2.35,371,8184,0.05,11.92%,13.10%,-0.050051,2026-09-04
$SPX,7718.6,2026-09-09,4,Put,"7,350.00",-4.78%,0.7,0.6,0.85,36,693,0.05,11.92%,21.22%,-0.01287,2026-09-04
$SPX,7718.6,2026-09-09,4,Put,"7,240.00",-6.20%,0.55,0.45,0.7,162,3279,0.05,11.92%,26.05%,-0.008798,2026-09-04
$SPX,7718.6,2026-09-17,12,Put,"7,670.00",-0.63%,44.9,42.15,45.7,14,280,0.05,11.92%,12.58%,-0.370573,2026-09-04
$SPX,7718.6,2026-09-17,12,Put,"7,100.00",-8.01%,2.65,2.14,2.95,16,325,0.05,11.92%,23.53%,-0.022477,2026-09-04
$SPX,7718.6,2026-10-30,55,Put,"7,250.00",-6.07%,45.5,44.5,46.2,107,2053,0.05,11.92%,17.97%,-0.157944,2026-09-04
$SPX,7718.6,2026-10-30,55,Put,"6,100.00",-20.97%,8,7.68,8.5,17,336,0.05,11.92%,31.82%,-0.022277,2026-09-04
$SPX,7718.6,2026-10-16,41,Put,"7,675.00",-0.56%,102.9,99.3,103.9,12,252,0.05,11.92%,13.22%,-0.41348,2026-09-04
$SPX,7718.6,2026-10-16,41,Put,"7,425.00",-3.80%,47.9,46.3,48.8,11,224,0.05,11.92%,15.87%,-0.205234,2026-09-04
$SPX,7718.6,2026-10-16,41,Put,"7,375.00",-4.45%,41.7,39.02,42.6,14,301,0.05,11.92%,16.46%,-0.179009,2026-09-04
$SPX,7718.6,2026-10-16,41,Put,"7,335.00",-4.97%,37.5,36.55,38.4,10,222,0.05,11.92%,16.94%,-0.160798,2026-09-04
$SPX,7718.6,2026-10-16,41,Put,"6,900.00",-10.61%,14.5,14,15.2,93,1972,0.05,11.92%,22.53%,-0.057867,2026-09-04
$SPX,7718.6,2026-10-16,41,Put,"5,800.00",-24.86%,3.4,3.25,3.7,17,355,0.05,11.92%,38.29%,-0.010133,2026-09-04
$SPX,7718.6,2026-10-16,41,Put,"4,800.00",-37.81%,1,1.05,1.3,100,2018,0.05,11.92%,52.96%,-0.002666,2026-09-04
$SPX,7718.6,2026-10-16,41,Put,"4,600.00",-40.40%,0.75,0.85,1.05,107,2270,0.05,11.92%,55.92%,-0.002018,2026-09-04
$SPX,7718.6,2026-10-16,41,Put,"4,500.00",-41.70%,0.65,0.68,0.95,64,1180,0.05,11.92%,57.46%,-0.001763,2026-09-04
$SPX,7718.6,2026-10-16,41,Put,"4,400.00",-42.99%,0.6,0.61,0.85,77,1480,0.05,11.92%,59.12%,-0.001565,2026-09-04
$SPX,7718.6,2027-02-19,167,Put,"6,975.00",-9.63%,102.5,99.45,104.4,15,321,0.05,11.92%,19.86%,-0.175714,2026-09-04
$SPX,7718.6,2027-02-19,167,Put,"3,500.00",-54.65%,5.2,5.4,5.8,100,2008,0.05,11.92%,50.75%,-0.005814,2026-09-04
$SPX,7718.6,2027-12-17,468,Put,"6,700.00",-13.20%,215,216.2,221,187,3533,0.05,11.92%,21.51%,-0.192214,2026-09-04
$SPX,7718.6,2026-09-22,17,Put,"5,800.00",-24.86%,0.55,0.5,0.75,10,188,0.05,11.92%,48.57%,-0.00261,2026-09-04
$SPX,7718.6,2026-10-05,30,Put,"7,200.00",-6.72%,15.7,15.8,16.4,23,529,0.04,11.92%,18.62%,-0.083544,2026-09-04
$SPX,7718.6,2026-11-20,76,Put,"7,350.00",-4.78%,79.5,79.05,80.8,417,11315,0.04,11.92%,16.97%,-0.22549,2026-09-04
$SPX,7718.6,2026-11-20,76,Put,"7,020.00",-9.05%,45.3,44.4,46.6,12,288,0.04,11.92%,20.22%,-0.125273,2026-09-04
$SPX,7718.6,2026-11-20,76,Put,"6,750.00",-12.55%,30.5,30.3,31.4,302,7078,0.04,11.92%,22.96%,-0.080906,2026-09-04
$SPX,7718.6,2026-11-20,76,Put,"5,750.00",-25.50%,9.4,9.4,9.9,60,1401,0.04,11.92%,33.74%,-0.020869,2026-09-04
$SPX,7718.6,2026-11-20,76,Put,"5,650.00",-26.80%,8.4,8.5,9,24,565,0.04,11.92%,34.85%,-0.018471,2026-09-04
$SPX,7718.6,2026-11-20,76,Put,"4,825.00",-37.49%,3.5,3.7,4,10,265,0.04,11.92%,44.29%,-0.006918,2026-09-04
$SPX,7718.6,2026-11-20,76,Put,"3,200.00",-58.54%,0.5,0.58,0.8,37,949,0.04,11.92%,65.73%,-0.000938,2026-09-04
$SPX,7718.6,2026-09-25,20,Put,"7,575.00",-1.86%,39.1,36.74,39.9,110,2689,0.04,11.92%,13.85%,-0.258663,2026-09-04
$SPX,7718.6,2026-09-25,20,Put,"6,650.00",-13.84%,2.6,2.2,2.9,26,692,0.04,11.92%,29.86%,-0.01414,2026-09-04
$SPX,7718.6,2026-09-25,20,Put,"6,250.00",-19.03%,1.45,1.25,1.75,28,727,0.04,11.92%,37.68%,-0.006998,2026-09-04
$SPX,7718.6,2027-06-17,285,Put,"7,800.00",+1.05%,368.1,366.76,370.5,364,8632,0.04,11.92%,15.48%,-0.458515,2026-09-04
$SPX,7718.6,2027-06-17,285,Put,"8,050.00",+4.29%,465.3,451.06,467.9,30,794,0.04,11.92%,13.82%,-0.593278,2026-09-04
$SPX,7718.6,2027-06-17,285,Put,"7,225.00",-6.39%,219.1,216.7,221.5,26,625,0.04,11.92%,18.77%,-0.266745,2026-09-04
$SPX,7718.6,2027-06-17,285,Put,"6,025.00",-21.94%,78.6,76.9,80.1,50,1333,0.04,11.92%,25.41%,-0.090478,2026-09-04
$SPX,7718.6,2027-09-17,377,Put,"7,725.00",+0.08%,397.7,395.68,400.4,12,298,0.04,11.92%,16.56%,-0.417364,2026-09-04
$SPX,7718.6,2026-09-09,4,Put,"7,200.00",-6.72%,0.5,0.5,0.65,65,1664,0.04,11.92%,27.73%,-0.007705,2026-09-04
$SPX,7718.6,2026-09-09,4,Put,"6,900.00",-10.61%,0.3,0.2,0.4,13,306,0.04,11.92%,40.12%,-0.003482,2026-09-04
$SPX,7718.6,2027-03-19,195,Put,"7,200.00",-6.72%,154.4,152.48,156,333,9469,0.04,11.92%,18.53%,-0.240419,2026-09-04
$SPX,7718.6,2027-03-19,195,Put,"5,700.00",-26.15%,37.4,37.1,38.4,178,4427,0.04,11.92%,28.89%,-0.051251,2026-09-04
$SPX,7718.6,2027-03-19,195,Put,"4,200.00",-45.59%,12,11.9,12.6,50,1420,0.04,11.92%,41.73%,-0.013472,2026-09-04
$SPX,7718.6,2026-09-17,12,Put,"7,540.00",-2.31%,18.2,17.75,18.8,29,686,0.04,11.92%,14.36%,-0.170379,2026-09-04
$SPX,7718.6,2026-09-17,12,Put,"6,900.00",-10.61%,1.8,1.6,2.05,11,307,0.04,11.92%,28.57%,-0.013505,2026-09-04
$SPX,7718.6,2026-09-17,12,Put,"5,800.00",-24.86%,0.3,0.32,0.5,10,235,0.04,11.92%,55.10%,-0.001745,2026-09-04
$SPX,7718.6,2026-10-30,55,Put,"7,500.00",-2.83%,80,79.5,81.1,64,1450,0.04,11.92%,15.33%,-0.277978,2026-09-04
$SPX,7718.6,2026-10-30,55,Put,"5,200.00",-32.63%,2.95,3,3.3,28,737,0.04,11.92%,43.42%,-0.006979,2026-09-04
$SPX,7718.6,2026-10-16,41,Put,"7,680.00",-0.50%,104.4,101.2,105.6,10,266,0.04,11.92%,13.17%,-0.419043,2026-09-04
$SPX,7718.6,2026-10-16,41,Put,"7,550.00",-2.18%,69.3,66.91,70.3,55,1246,0.04,11.92%,14.49%,-0.291609,2026-09-04
$SPX,7718.6,2026-10-16,41,Put,"7,500.00",-2.83%,59.6,58.96,60.5,74,1899,0.04,11.92%,15.03%,-0.253143,2026-09-04
$SPX,7718.6,2026-10-16,41,Put,"7,250.00",-6.07%,30.3,28.79,31,77,1909,0.04,11.92%,17.97%,-0.128879,2026-09-04
$SPX,7718.6,2026-10-16,41,Put,"4,000.00",-48.18%,0.3,0.45,0.55,34,858,0.04,11.92%,65.24%,-0.000866,2026-09-04
$SPX,7718.6,2027-02-19,167,Put,"7,725.00",+0.08%,253.6,250,255.7,20,473,0.04,11.92%,14.63%,-0.442571,2026-09-04
$SPX,7718.6,2027-02-19,167,Put,"7,700.00",-0.24%,245.4,242.45,247.6,47,1319,0.04,11.92%,14.80%,-0.427943,2026-09-04
$SPX,7718.6,2027-02-19,167,Put,"7,775.00",+0.73%,271.2,268,273.8,12,302,0.04,11.92%,14.30%,-0.47124,2026-09-04
$SPX,7718.6,2028-06-16,650,Put,"4,400.00",-42.99%,61.6,63.3,66.4,25,676,0.04,11.92%,30.94%,-0.042388,2026-09-04
$SPX,7718.6,2027-12-17,468,Put,"7,100.00",-8.01%,285.1,284.8,291.6,126,3424,0.04,11.92%,19.80%,-0.257646,2026-09-04
$SPX,7718.6,2026-09-16,11,Put,"7,585.00",-1.73%,20.9,18.63,21.5,11,251,0.04,11.92%,13.29%,-0.208929,2026-09-04
$SPX,7718.6,2026-09-16,11,Put,"7,575.00",-1.86%,19.3,17.9,19.9,14,344,0.04,11.92%,13.41%,-0.195018,2026-09-04
$SPX,7718.6,2026-09-16,11,Put,"6,300.00",-18.38%,0.55,0.55,0.8,11,291,0.04,11.92%,44.39%,-0.003612,2026-09-04
$SPX,7718.6,2027-05-21,258,Call,"8,375.00",-8.50%,180.9,183.45,183.2,10,251,0.04,11.92%,13.33%,0.336989,2026-09-04
$SPX,7718.6,2026-09-11,6,Call,"7,540.00",+2.31%,167.8,182.76,187.3,10,244,0.04,11.92%,5.22%,0.999833,2026-09-04
$SPX,7718.6,2026-09-11,6,Call,"8,150.00",-5.59%,0.25,0.15,0.35,45,1258,0.04,11.92%,16.53%,0.005754,2026-09-04
$SPX,7718.6,2026-12-18,104,Call,"7,850.00",-1.70%,187.3,192.35,189.1,295,6675,0.04,11.92%,12.76%,0.478965,2026-09-04
$SPX,7718.6,2026-12-18,104,Call,"7,910.00",-2.48%,157.6,161.2,159.7,25,569,0.04,11.92%,12.51%,0.432823,2026-09-04
$SPX,7718.6,2026-12-18,104,Call,"7,375.00",+4.45%,514.3,525.34,516.7,33,923,0.04,11.92%,15.52%,0.765402,2026-09-04
$SPX,7718.6,2026-12-18,104,Call,"8,150.00",-5.59%,71,72,72.8,259,6139,0.04,11.92%,11.77%,0.254768,2026-09-04
$SPX,7718.6,2026-12-18,104,Call,"8,250.00",-6.88%,48.7,49,50.2,284,8011,0.04,11.92%,11.59%,0.192785,2026-09-04
$SPX,7718.6,2026-12-18,104,Call,"7,150.00",+7.37%,704.4,720.41,706.9,361,8227,0.04,11.92%,16.93%,0.84458,2026-09-04
$SPX,7718.6,2026-12-18,104,Call,"8,300.00",-7.53%,40,40.29,41.4,491,12190,0.04,11.92%,11.53%,0.165815,2026-09-04
$SPX,7718.6,2026-12-18,104,Call,"8,500.00",-10.12%,17.3,18.01,18.4,728,16725,0.04,11.92%,11.41%,0.084864,2026-09-04
$SPX,7718.6,2026-10-16,41,Call,"7,650.00",+0.89%,179.5,185.41,181.5,228,5151,0.04,11.92%,12.08%,0.634449,2026-09-04
$SPX,7718.6,2026-10-16,41,Call,"7,855.00",-1.77%,66.4,67.4,68.2,20,521,0.04,11.92%,10.74%,0.362076,2026-09-04
$SPX,7718.6,2026-10-16,41,Call,"8,700.00",-12.71%,0.35,0.41,0.75,116,2875,0.04,11.92%,13.30%,0.005106,2026-09-04
$SPX,7718.6,2026-10-16,41,Call,"6,000.00",+22.27%,1721.3,1738.97,1745.3,630,14082,0.04,11.92%,20.07%,0.999938,2026-09-04
$SPX,7718.6,2026-12-31,117,Call,"7,525.00",+2.51%,419.6,450.82,421.2,10,229,0.04,11.92%,14.74%,0.689383,2026-09-04
$SPX,7718.6,2026-12-31,117,Call,"8,350.00",-8.18%,42.1,43.7,43.3,10,230,0.04,11.92%,11.58%,0.164026,2026-09-04
$SPX,7718.6,2026-09-10,5,Call,"7,600.00",+1.54%,115.2,124.18,117.3,12,313,0.04,11.92%,8.56%,0.945273,2026-09-04
$SPX,7718.6,2026-11-30,86,Call,"8,200.00",-6.24%,38.1,38.1,39.2,27,693,0.04,11.92%,11.14%,0.176039,2026-09-04
$SPX,7718.6,2026-09-30,25,Call,"7,750.00",-0.41%,75.7,80.7,76.7,441,9956,0.04,11.92%,10.18%,0.481767,2026-09-04
$SPX,7718.6,2026-09-30,25,Call,"7,795.00",-0.99%,54.1,53.92,55.1,80,2133,0.04,11.92%,9.88%,0.392847,2026-09-04
$SPX,7718.6,2026-09-30,25,Call,"7,800.00",-1.05%,52,55.79,52.9,328,7726,0.04,11.92%,9.85%,0.382916,2026-09-04
$SPX,7718.6,2026-09-30,25,Call,"7,860.00",-1.83%,30.7,32.76,31.6,20,541,0.04,11.92%,9.52%,0.268682,2026-09-04
$SPX,7718.6,2026-09-30,25,Call,"7,910.00",-2.48%,18.6,19.28,19.4,16,364,0.04,11.92%,9.31%,0.186501,2026-09-04
$SPX,7718.6,2026-09-30,25,Call,"7,960.00",-3.13%,10.7,11.33,11.5,13,313,0.04,11.92%,9.20%,0.122169,2026-09-04
$SPX,7718.6,2026-09-30,25,Call,"8,010.00",-3.78%,6,6.63,6.7,30,721,0.04,11.92%,9.18%,0.076809,2026-09-04
$SPX,7718.6,2026-09-18,13,Call,"7,830.00",-1.44%,16.9,18.7,17.9,104,2678,0.04,11.92%,9.14%,0.227443,2026-09-04
$SPX,7718.6,2026-09-18,13,Call,"7,930.00",-2.74%,3.5,4.25,4.1,20,521,0.04,11.92%,9.02%,0.066412,2026-09-04
$SPX,7718.6,2026-09-18,13,Call,"7,960.00",-3.13%,2.1,2.95,2.65,12,332,0.04,11.92%,9.11%,0.043941,2026-09-04
$SPX,7718.6,2026-09-18,13,Call,"7,965.00",-3.19%,2.05,2.36,2.45,18,422,0.04,11.92%,9.17%,0.041684,2026-09-04
$SPX,7718.6,2026-09-18,13,Call,"8,125.00",-5.27%,0.4,0.45,0.7,141,3793,0.04,11.92%,11.32%,0.009906,2026-09-04
$SPX,7718.6,2026-09-18,13,Call,"8,130.00",-5.33%,0.4,0.45,0.7,12,318,0.04,11.92%,11.44%,0.009812,2026-09-04
$SPX,7718.6,2026-11-20,76,Call,"7,800.00",-1.05%,166.1,168.7,167.4,15,339,0.04,11.92%,12.60%,0.49227,2026-09-04
$SPX,7718.6,2026-11-20,76,Call,"8,000.00",-3.65%,78.8,80.65,79.9,23,653,0.04,11.92%,11.70%,0.308763,2026-09-04
$SPX,7718.6,2027-04-16,223,Call,"8,000.00",-3.65%,294.8,297.2,297.3,110,2642,0.04,11.92%,13.99%,0.480127,2026-09-04
$SPX,7718.6,2027-06-30,298,Call,"9,400.00",-21.78%,29.9,30.6,31.2,12,317,0.04,11.92%,12.50%,0.080686,2026-09-04
$SPX,7718.6,2026-12-18,104,Call,"7,850.00",-1.70%,188.3,188.88,189.8,12,276,0.04,11.92%,12.81%,0.47916,2026-09-04
$SPX,7718.6,2026-12-18,104,Call,"8,100.00",-4.94%,85.8,85.58,87,16,365,0.04,11.92%,11.92%,0.289879,2026-09-04
$SPX,7718.6,2026-12-18,104,Call,"8,250.00",-6.88%,49.4,48.5,50.5,11,262,0.04,11.92%,11.64%,0.193754,2026-09-04
$SPX,7718.6,2026-09-18,13,Call,"7,650.00",+0.89%,106.7,113.1,107.5,235,5501,0.04,11.92%,10.35%,0.702975,2026-09-04
$SPX,7718.6,2026-09-18,13,Call,"7,610.00",+1.41%,132.9,148.49,142.1,10,227,0.04,11.92%,10.54%,0.784412,2026-09-04
$SPX,7718.6,2026-09-18,13,Call,"7,500.00",+2.83%,229.9,239.15,232.1,28,756,0.04,11.92%,9.54%,0.953187,2026-09-04
$SPX,7718.6,2026-09-18,13,Call,"8,300.00",-7.53%,0.25,0.2,0.5,26,647,0.04,11.92%,14.78%,0.005499,2026-09-04
$SPX,7718.6,2026-11-20,76,Call,"7,710.00",+0.11%,217.4,220.5,219.7,14,329,0.04,11.92%,13.05%,0.57072,2026-09-04
$SPX,7718.6,2026-11-20,76,Call,"8,075.00",-4.62%,56,56.1,57.6,73,1761,0.04,11.92%,11.42%,0.244499,2026-09-04
$SPX,7718.6,2026-11-20,76,Call,"8,450.00",-9.48%,8.2,9.1,8.9,35,974,0.04,11.92%,11.06%,0.053015,2026-09-04
$SPX,7718.6,2027-01-15,132,Call,"7,750.00",-0.41%,293.9,297,296.4,50,1351,0.04,11.92%,13.87%,0.563551,2026-09-04
$SPX,7718.6,2027-01-15,132,Call,"7,600.00",+1.54%,393.7,395.51,396.3,275,6128,0.04,11.92%,14.72%,0.646758,2026-09-04
$SPX,7718.6,2027-01-15,132,Call,"8,175.00",-5.91%,97.4,102.2,99.4,12,294,0.04,11.92%,12.18%,0.2886,2026-09-04
$SPX,7718.6,2027-06-17,285,Call,"9,200.00",-19.19%,41,39.9,42.4,289,7712,0.04,11.92%,12.55%,0.106293,2026-09-04
$SPX,7718.6,2026-09-09,4,Call,"7,950.00",-3.00%,0.1,0.1,0.25,21,503,0.04,11.92%,11.07%,0.006085,2026-09-04
$SPX,7718.6,2027-03-19,195,Call,"7,800.00",-1.05%,364.1,368.93,366.4,314,7476,0.04,11.92%,14.39%,0.561797,2026-09-04
$SPX,7718.6,2026-09-17,12,Call,"7,950.00",-3.00%,2.1,2.48,2.5,135,3104,0.04,11.92%,9.13%,0.044172,2026-09-04
$SPX,7718.6,2026-10-30,55,Call,"8,150.00",-5.59%,19,19.8,19.9,16,401,0.04,11.92%,10.71%,0.124401,2026-09-04
$SPX,7718.6,2026-10-16,41,Call,"7,990.00",-3.52%,27.9,28.15,28.8,10,250,0.04,11.92%,10.33%,0.194655,2026-09-04
$SPX,7718.6,2027-02-19,167,Call,"8,500.00",-10.12%,57.4,58.05,59.1,77,1882,0.04,11.92%,12.07%,0.177518,2026-09-04
$SPX,7718.6,2027-02-19,167,Call,"8,600.00",-11.42%,42.4,43.5,43.9,67,1587,0.04,11.92%,11.96%,0.140372,2026-09-04
$SPX,7718.6,2027-02-19,167,Call,"8,650.00",-12.07%,36.3,37.5,37.7,46,1084,0.04,11.92%,11.92%,0.124117,2026-09-04
$SPX,7718.6,2026-09-16,11,Call,"7,820.00",-1.31%,13.9,16.13,14.5,22,545,0.04,11.92%,8.67%,0.215728,2026-09-04
$SPX,7718.6,2026-09-08,3,Put,"7,125.00",-7.69%,0.3,0.2,0.4,47,1163,0.04,11.92%,34.22%,-0.004611,2026-09-04
$SPX,7718.6,2027-01-15,132,Put,"7,550.00",-2.18%,172.1,169.17,173.7,13,292,0.04,11.92%,15.54%,-0.34791,2026-09-04
$SPX,7718.6,2031-12-19,1931,Put,"2,000.00",-74.09%,26,30,39.5,11,260,0.04,11.92%,36.18%,-0.011262,2026-09-04
$SPX,7718.6,2027-05-21,258,Put,"8,100.00",+4.94%,473.9,470.5,476.6,18,466,0.04,11.92%,13.18%,-0.633611,2026-09-04
$SPX,7718.6,2026-09-11,6,Put,"6,775.00",-12.23%,0.5,0.4,0.7,11,291,0.04,11.92%,39.78%,-0.004765,2026-09-04
$SPX,7718.6,2026-09-11,6,Put,"6,250.00",-19.03%,0.2,0.17,0.35,38,974,0.04,11.92%,56.90%,-0.001662,2026-09-04
$SPX,7718.6,2026-12-18,104,Put,"7,400.00",-4.13%,117,115.8,118.2,1289,29810,0.04,11.92%,16.77%,-0.269529,2026-09-04
$SPX,7718.6,2026-12-18,104,Put,"7,375.00",-4.45%,112.5,109.2,113.8,76,2058,0.04,11.92%,16.98%,-0.259304,2026-09-04
$SPX,7718.6,2026-12-18,104,Put,"7,290.00",-5.55%,98.8,92.26,100.1,40,1097,0.04,11.92%,17.70%,-0.227241,2026-09-04
$SPX,7718.6,2026-12-18,104,Put,"6,750.00",-12.55%,47.6,46.5,48.6,420,10760,0.04,11.92%,22.47%,-0.103892,2026-09-04
$SPX,7718.6,2026-12-18,104,Put,"6,500.00",-15.79%,35.4,34.3,36.3,1011,26496,0.04,11.92%,24.75%,-0.07467,2026-09-04
$SPX,7718.6,2026-12-18,104,Put,"5,375.00",-30.36%,11.3,11.7,11.9,59,1398,0.04,11.92%,35.64%,-0.020142,2026-09-04
$SPX,7718.6,2026-10-16,41,Put,"7,720.00",+0.02%,117.6,113.9,119.3,27,679,0.04,11.92%,12.69%,-0.467353,2026-09-04
$SPX,7718.6,2026-10-16,41,Put,"7,605.00",-1.47%,80.8,73.42,82.6,10,238,0.04,11.92%,13.81%,-0.339358,2026-09-04
$SPX,7718.6,2026-10-16,41,Put,"7,590.00",-1.67%,77,74.28,78.7,19,447,0.04,11.92%,13.95%,-0.325046,2026-09-04
$SPX,7718.6,2026-10-16,41,Put,"7,355.00",-4.71%,38.6,37.5,40,18,498,0.04,11.92%,16.59%,-0.168145,2026-09-04
$SPX,7718.6,2026-10-16,41,Put,"7,340.00",-4.91%,37.1,33.45,38.5,141,3144,0.04,11.92%,16.77%,-0.161559,2026-09-04
$SPX,7718.6,2026-10-16,41,Put,"7,270.00",-5.81%,31,29.87,32.3,25,651,0.04,11.92%,17.63%,-0.134427,2026-09-04
$SPX,7718.6,2026-10-16,41,Put,"6,590.00",-14.62%,8.5,8.6,9.2,74,2093,0.04,11.92%,26.69%,-0.031801,2026-09-04
$SPX,7718.6,2026-10-16,41,Put,"6,520.00",-15.53%,7.8,7.64,8.4,40,1081,0.04,11.92%,27.72%,-0.028436,2026-09-04
$SPX,7718.6,2026-10-16,41,Put,"6,350.00",-17.73%,6.2,5.85,6.8,53,1339,0.04,11.92%,30.16%,-0.021695,2026-09-04
$SPX,7718.6,2026-10-16,41,Put,"5,425.00",-29.72%,2,2.15,2.45,68,1524,0.04,11.92%,43.48%,-0.005888,2026-09-04
$SPX,7718.6,2026-10-16,41,Put,"3,700.00",-52.06%,0.1,0.25,0.45,50,1424,0.04,11.92%,69.94%,-0.000539,2026-09-04
$SPX,7718.6,2026-10-16,41,Put,"3,400.00",-55.95%,0.05,0.2,0.35,122,2905,0.04,11.92%,75.65%,-0.00037,2026-09-04
$SPX,7718.6,2026-12-31,117,Put,"7,700.00",-0.24%,204,201.06,205.6,63,1489,0.04,11.92%,14.41%,-0.433218,2026-09-04
$SPX,7718.6,2026-12-31,117,Put,"3,000.00",-61.13%,1.45,1.57,1.75,52,1454,0.04,11.92%,61.91%,-0.001843,2026-09-04
$SPX,7718.6,2026-09-23,18,Put,"7,450.00",-3.48%,18.1,14.91,18.8,10,282,0.04,11.92%,15.42%,-0.136073,2026-09-04
$SPX,7718.6,2026-11-30,86,Put,"7,600.00",-1.54%,140.1,137.93,141.4,21,491,0.04,11.92%,14.69%,-0.366342,2026-09-04
$SPX,7718.6,2026-10-02,27,Put,"6,600.00",-14.49%,4.3,4.29,4.7,66,1699,0.04,11.92%,28.94%,-0.019681,2026-09-04
$SPX,7718.6,2026-10-02,27,Put,"6,500.00",-15.79%,3.7,3.7,4.1,59,1533,0.04,11.92%,30.64%,-0.016445,2026-09-04
$SPX,7718.6,2026-10-02,27,Put,"6,400.00",-17.08%,3.2,3.19,3.6,22,559,0.04,11.92%,32.35%,-0.013842,2026-09-04
$SPX,7718.6,2026-10-02,27,Put,"6,000.00",-22.27%,1.9,1.84,2.2,81,2166,0.04,11.92%,39.18%,-0.007343,2026-09-04
$SPX,7718.6,2026-09-15,10,Put,"7,550.00",-2.18%,11.6,11.2,12.1,145,3779,0.04,11.92%,12.95%,-0.139543,2026-09-04
$SPX,7718.6,2026-09-30,25,Put,"7,600.00",-1.54%,53.3,50.5,54.1,668,14941,0.04,11.92%,13.54%,-0.304158,2026-09-04
$SPX,7718.6,2026-09-30,25,Put,"7,495.00",-2.90%,34.2,31.17,35,12,330,0.04,11.92%,14.85%,-0.202796,2026-09-04
$SPX,7718.6,2026-09-30,25,Put,"7,340.00",-4.91%,19,17.88,19.7,18,403,0.04,11.92%,16.97%,-0.114045,2026-09-04
$SPX,7718.6,2026-09-30,25,Put,"7,250.00",-6.07%,14.1,13.2,14.5,165,4700,0.04,11.92%,18.25%,-0.083382,2026-09-04
$SPX,7718.6,2026-09-30,25,Put,"6,130.00",-20.58%,1.8,1.65,2.05,10,228,0.04,11.92%,37.33%,-0.007524,2026-09-04
$SPX,7718.6,2026-09-18,13,Put,"7,670.00",-0.63%,46,43.05,47.2,351,8209,0.04,11.92%,12.37%,-0.371929,2026-09-04
$SPX,7718.6,2026-09-18,13,Put,"7,635.00",-1.08%,36.2,35.06,37.4,159,4456,0.04,11.92%,12.81%,-0.306037,2026-09-04
$SPX,7718.6,2026-09-18,13,Put,"7,620.00",-1.28%,32.7,30.58,33.9,230,5772,0.04,11.92%,13.01%,-0.280937,2026-09-04
$SPX,7718.6,2026-09-18,13,Put,"7,610.00",-1.41%,30.5,29.84,31.7,174,4934,0.04,11.92%,13.14%,-0.264888,2026-09-04
$SPX,7718.6,2026-09-18,13,Put,"7,540.00",-2.31%,19.3,18,20.4,258,5751,0.04,11.92%,14.20%,-0.176174,2026-09-04
$SPX,7718.6,2026-09-18,13,Put,"7,300.00",-5.42%,5.5,5.5,6,1564,40193,0.04,11.92%,18.57%,-0.050196,2026-09-04
$SPX,7718.6,2026-09-18,13,Put,"7,155.00",-7.30%,3.4,2.92,3.8,22,596,0.04,11.92%,21.77%,-0.029023,2026-09-04
$SPX,7718.6,2026-09-18,13,Put,"6,825.00",-11.58%,1.65,1.57,2.1,119,3043,0.04,11.92%,29.65%,-0.012291,2026-09-04
$SPX,7718.6,2026-09-18,13,Put,"6,590.00",-14.62%,1.15,1.1,1.5,21,475,0.04,11.92%,35.29%,-0.007656,2026-09-04
$SPX,7718.6,2026-09-18,13,Put,"6,440.00",-16.57%,0.9,0.9,1.25,14,395,0.04,11.92%,38.82%,-0.005794,2026-09-04
$SPX,7718.6,2026-09-18,13,Put,"5,925.00",-23.24%,0.4,0.4,0.7,500,12675,0.04,11.92%,50.85%,-0.002433,2026-09-04
$SPX,7718.6,2026-09-18,13,Put,"5,710.00",-26.02%,0.25,0.32,0.55,20,469,0.04,11.92%,55.60%,-0.001665,2026-09-04
$SPX,7718.6,2026-11-20,76,Put,"7,600.00",-1.54%,132.1,128.83,133.3,16,403,0.04,11.92%,14.83%,-0.364092,2026-09-04
$SPX,7718.6,2027-07-16,314,Put,"7,775.00",+0.73%,376.5,371.08,379.3,16,389,0.04,11.92%,15.81%,-0.443766,2026-09-04
$SPX,7718.6,2027-07-16,314,Put,"6,300.00",-18.38%,109.2,108.18,110.8,50,1315,0.04,11.92%,23.65%,-0.121069,2026-09-04
$SPX,7718.6,2026-09-21,16,Put,"7,430.00",-3.74%,13.1,11.57,13.7,11,307,0.04,11.92%,15.55%,-0.109219,2026-09-04
$SPX,7718.6,2026-09-21,16,Put,"6,700.00",-13.20%,1.8,1.55,2.05,10,246,0.04,11.92%,30.34%,-0.011208,2026-09-04
$SPX,7718.6,2027-04-16,223,Put,"7,075.00",-8.34%,153.1,152.6,155.2,12,331,0.04,11.92%,19.39%,-0.218247,2026-09-04
$SPX,7718.6,2026-09-18,13,Put,"7,775.00",+0.73%,95.4,93.38,96.2,18,501,0.04,11.92%,11.84%,-0.611179,2026-09-04
$SPX,7718.6,2026-09-18,13,Put,"7,545.00",-2.25%,21.3,19.9,22,72,1875,0.04,11.92%,14.42%,-0.186319,2026-09-04
$SPX,7718.6,2026-09-18,13,Put,"7,200.00",-6.72%,4.2,3.8,4.6,106,2916,0.04,11.92%,21.02%,-0.035684,2026-09-04
$SPX,7718.6,2026-09-18,13,Put,"6,300.00",-18.38%,0.9,0.82,1.1,112,3140,0.04,11.92%,42.65%,-0.004969,2026-09-04
$SPX,7718.6,2026-09-18,13,Put,"6,000.00",-22.27%,0.55,0.55,0.75,142,3650,0.04,11.92%,49.46%,-0.002913,2026-09-04
$SPX,7718.6,2027-05-21,258,Put,"2,600.00",-66.32%,4.9,4.9,5.4,10,292,0.03,11.92%,54.83%,-0.004051,2026-09-04
$SPX,7718.6,2026-09-11,6,Put,"7,050.00",-8.66%,0.8,0.63,1,137,5138,0.03,11.92%,30.23%,-0.008874,2026-09-04
$SPX,7718.6,2026-09-11,6,Put,"6,300.00",-18.38%,0.2,0.2,0.35,120,3682,0.03,11.92%,54.93%,-0.001718,2026-09-04
$SPX,7718.6,2026-12-18,104,Put,"7,675.00",-0.56%,185.6,182.8,187,72,2657,0.03,11.92%,14.61%,-0.418778,2026-09-04
$SPX,7718.6,2026-12-18,104,Put,"7,775.00",+0.73%,222,222,223.6,37,1117,0.03,11.92%,13.90%,-0.491334,2026-09-04
$SPX,7718.6,2026-12-18,104,Put,"7,200.00",-6.72%,86.5,86.02,88.2,632,22453,0.03,11.92%,18.49%,-0.198353,2026-09-04
$SPX,7718.6,2026-12-18,104,Put,"6,600.00",-14.49%,39.7,39.4,40.7,923,33119,0.03,11.92%,23.83%,-0.085035,2026-09-04
$SPX,7718.6,2026-12-18,104,Put,"6,100.00",-20.97%,22.9,23.22,23.7,441,14500,0.03,11.92%,28.50%,-0.045575,2026-09-04
$SPX,7718.6,2026-12-18,104,Put,"6,050.00",-21.62%,21.7,21.8,22.5,183,5491,0.03,11.92%,28.96%,-0.042906,2026-09-04
$SPX,7718.6,2026-12-18,104,Put,"5,175.00",-32.95%,9.3,9.3,10,15,496,0.03,11.92%,37.68%,-0.016229,2026-09-04
$SPX,7718.6,2026-10-16,41,Put,"7,685.00",-0.44%,104.7,102.6,106.7,10,294,0.03,11.92%,13.02%,-0.42425,2026-09-04
$SPX,7718.6,2026-10-16,41,Put,"7,640.00",-1.02%,90.4,87.45,92.1,20,576,0.03,11.92%,13.45%,-0.374245,2026-09-04
$SPX,7718.6,2026-10-16,41,Put,"7,615.00",-1.34%,83.4,81.2,85.2,10,348,0.03,11.92%,13.70%,-0.349092,2026-09-04
$SPX,7718.6,2026-10-16,41,Put,"7,415.00",-3.93%,45.5,44.29,47.1,10,393,0.03,11.92%,15.89%,-0.198276,2026-09-04
$SPX,7718.6,2026-10-16,41,Put,"7,410.00",-4.00%,44.9,43.9,46.4,13,410,0.03,11.92%,15.94%,-0.19554,2026-09-04
$SPX,7718.6,2026-10-16,41,Put,"7,385.00",-4.32%,41.9,40.7,43.3,14,500,0.03,11.92%,16.24%,-0.182545,2026-09-04
$SPX,7718.6,2026-10-16,41,Put,"7,280.00",-5.68%,31.8,30.42,33.1,21,705,0.03,11.92%,17.51%,-0.137967,2026-09-04
$SPX,7718.6,2026-10-16,41,Put,"7,275.00",-5.75%,31.4,31.4,32.6,30,1017,0.03,11.92%,17.56%,-0.136076,2026-09-04
$SPX,7718.6,2026-10-16,41,Put,"6,500.00",-15.79%,7.5,7.7,8.2,576,21491,0.03,11.92%,27.99%,-0.027427,2026-09-04
$SPX,7718.6,2026-10-16,41,Put,"6,360.00",-17.60%,6.3,6,6.8,20,655,0.03,11.92%,29.99%,-0.021954,2026-09-04
$SPX,7718.6,2026-10-16,41,Put,"6,100.00",-20.97%,4.6,4.57,5,160,5629,0.03,11.92%,33.75%,-0.01494,2026-09-04
$SPX,7718.6,2026-10-16,41,Put,"5,925.00",-23.24%,3.7,3.47,4.2,59,1902,0.03,11.92%,36.30%,-0.011723,2026-09-04
$SPX,7718.6,2026-10-16,41,Put,"5,350.00",-30.69%,1.8,1.75,2.25,77,2765,0.03,11.92%,44.53%,-0.005285,2026-09-04
$SPX,7718.6,2026-10-16,41,Put,"3,950.00",-48.82%,0.2,0.45,0.55,10,331,0.03,11.92%,65.71%,-0.000765,2026-09-04
$SPX,7718.6,2026-09-14,9,Put,"6,800.00",-11.90%,0.7,0.65,0.9,78,3036,0.03,11.92%,32.77%,-0.006144,2026-09-04
$SPX,7718.6,2026-09-14,9,Put,"6,600.00",-14.49%,0.5,0.5,0.65,70,2311,0.03,11.92%,38.15%,-0.003946,2026-09-04
$SPX,7718.6,2026-12-31,117,Put,"7,100.00",-8.01%,83.3,83.43,84.5,36,1400,0.03,11.92%,19.12%,-0.178182,2026-09-04
$SPX,7718.6,2026-12-31,117,Put,"3,600.00",-53.36%,2.75,2.81,3.1,31,922,0.03,11.92%,54.09%,-0.003672,2026-09-04
$SPX,7718.6,2026-09-10,5,Put,"7,150.00",-7.37%,0.65,0.55,0.85,13,424,0.03,11.92%,27.90%,-0.008803,2026-09-04
$SPX,7718.6,2026-09-10,5,Put,"6,600.00",-14.49%,0.2,0.2,0.4,107,3469,0.03,11.92%,47.83%,-0.002311,2026-09-04
$SPX,7718.6,2026-09-23,18,Put,"7,300.00",-5.42%,9.4,9,10.1,24,700,0.03,11.92%,17.83%,-0.070887,2026-09-04
$SPX,7718.6,2026-11-30,86,Put,"5,500.00",-28.74%,8.7,8.4,9.2,35,1348,0.03,11.92%,35.39%,-0.017618,2026-09-04
$SPX,7718.6,2026-10-02,27,Put,"6,650.00",-13.84%,4.6,4.4,5,12,443,0.03,11.92%,28.04%,-0.021444,2026-09-04
$SPX,7718.6,2026-10-02,27,Put,"6,300.00",-18.38%,2.8,2.6,3.2,66,2417,0.03,11.92%,34.08%,-0.011789,2026-09-04
$SPX,7718.6,2026-10-02,27,Put,"5,600.00",-27.45%,1.15,1.02,1.4,24,864,0.03,11.92%,46.05%,-0.004092,2026-09-04
$SPX,7718.6,2026-09-15,10,Put,"7,595.00",-1.60%,16.9,15.06,17.5,66,2409,0.03,11.92%,12.21%,-0.197016,2026-09-04
$SPX,7718.6,2026-09-15,10,Put,"7,400.00",-4.13%,4.1,3.3,4.5,15,479,0.03,11.92%,15.95%,-0.050014,2026-09-04
$SPX,7718.6,2026-09-15,10,Put,"6,600.00",-14.49%,0.65,0.7,0.85,12,474,0.03,11.92%,37.27%,-0.004896,2026-09-04
$SPX,7718.6,2026-09-30,25,Put,"7,350.00",-4.78%,19.7,18.69,20.2,91,2853,0.03,11.92%,16.80%,-0.117892,2026-09-04
$SPX,7718.6,2026-09-30,25,Put,"7,200.00",-6.72%,12.1,11.4,12.5,272,8499,0.03,11.92%,19.01%,-0.070918,2026-09-04
$SPX,7718.6,2026-09-30,25,Put,"7,150.00",-7.37%,10.5,10.45,10.9,156,5314,0.03,11.92%,19.79%,-0.06084,2026-09-04
$SPX,7718.6,2026-09-30,25,Put,"7,120.00",-7.76%,9.6,9.19,10.2,16,567,0.03,11.92%,20.27%,-0.055746,2026-09-04
$SPX,7718.6,2026-09-30,25,Put,"7,050.00",-8.66%,8,7.45,8.6,39,1242,0.03,11.92%,21.38%,-0.045702,2026-09-04
$SPX,7718.6,2026-09-30,25,Put,"6,050.00",-21.62%,1.6,1.45,1.9,18,685,0.03,11.92%,38.75%,-0.006663,2026-09-04
$SPX,7718.6,2026-09-30,25,Put,"5,000.00",-35.22%,0.35,0.47,0.6,39,1304,0.03,11.92%,57.18%,-0.00139,2026-09-04
$SPX,7718.6,2026-09-18,13,Put,"7,680.00",-0.50%,49.2,49.2,50.5,215,8479,0.03,11.92%,12.25%,-0.392643,2026-09-04
$SPX,7718.6,2026-09-18,13,Put,"7,570.00",-1.93%,23.5,23.22,24.6,165,5446,0.03,11.92%,13.75%,-0.210118,2026-09-04
$SPX,7718.6,2026-09-18,13,Put,"7,465.00",-3.29%,12.2,11.35,13.1,160,5012,0.03,11.92%,15.41%,-0.114436,2026-09-04
$SPX,7718.6,2026-09-18,13,Put,"7,405.00",-4.06%,8.8,7.54,9.6,63,2466,0.03,11.92%,16.50%,-0.082912,2026-09-04
$SPX,7718.6,2026-09-18,13,Put,"7,335.00",-4.97%,6.4,6.2,6.9,17,621,0.03,11.92%,17.86%,-0.058822,2026-09-04
$SPX,7718.6,2026-09-18,13,Put,"7,200.00",-6.72%,3.9,3.8,4.3,818,29835,0.03,11.92%,20.75%,-0.033934,2026-09-04
$SPX,7718.6,2026-09-18,13,Put,"6,990.00",-9.44%,2.25,2.15,2.7,43,1285,0.03,11.92%,25.65%,-0.01798,2026-09-04
$SPX,7718.6,2026-09-18,13,Put,"6,700.00",-13.20%,1.35,1.47,1.75,571,18598,0.03,11.92%,32.66%,-0.009477,2026-09-04
$SPX,7718.6,2026-09-18,13,Put,"6,540.00",-15.27%,1.05,0.91,1.45,14,413,0.03,11.92%,36.52%,-0.007034,2026-09-04
$SPX,7718.6,2026-09-18,13,Put,"6,525.00",-15.46%,1.05,1.05,1.4,125,3669,0.03,11.92%,36.88%,-0.006844,2026-09-04
$SPX,7718.6,2026-09-18,13,Put,"6,330.00",-17.99%,0.75,0.7,1.1,71,2261,0.03,11.92%,41.39%,-0.004759,2026-09-04
$SPX,7718.6,2026-09-18,13,Put,"5,990.00",-22.40%,0.45,0.55,0.75,15,457,0.03,11.92%,49.36%,-0.002711,2026-09-04
$SPX,7718.6,2026-09-18,13,Put,"5,175.00",-32.95%,0.1,0.2,0.3,65,1901,0.03,11.92%,68.03%,-0.00072,2026-09-04
$SPX,7718.6,2026-11-20,76,Put,"6,150.00",-20.32%,14.8,15.1,15.4,14,514,0.03,11.92%,29.44%,-0.03505,2026-09-04
$SPX,7718.6,2027-07-16,314,Put,"6,400.00",-17.08%,118.4,117.33,120.1,50,1732,0.03,11.92%,23.11%,-0.131954,2026-09-04
$SPX,7718.6,2026-09-18,13,Put,"7,320.00",-5.16%,6.5,5.48,7,11,319,0.03,11.92%,18.47%,-0.057867,2026-09-04
$SPX,7718.6,2026-09-18,13,Put,"7,315.00",-5.23%,6.4,5.5,6.8,24,767,0.03,11.92%,18.56%,-0.056516,2026-09-04
$SPX,7718.6,2026-09-18,13,Put,"7,025.00",-8.99%,2.7,2.39,3,21,819,0.03,11.92%,25.09%,-0.020792,2026-09-04
$SPX,7718.6,2026-09-18,13,Put,"5,800.00",-24.86%,0.4,0.4,0.6,50,1542,0.03,11.92%,54.07%,-0.002102,2026-09-04
$SPX,7718.6,2026-09-18,13,Put,"5,200.00",-32.63%,0.15,0.2,0.35,29,949,0.03,11.92%,68.51%,-0.000881,2026-09-04
$SPX,7718.6,2026-11-20,76,Put,"7,505.00",-2.77%,107.4,101.05,109.4,12,422,0.03,11.92%,15.58%,-0.302744,2026-09-04
$SPX,7718.6,2026-11-20,76,Put,"7,390.00",-4.26%,85.7,84.6,87.5,13,412,0.03,11.92%,16.62%,-0.243247,2026-09-04
$SPX,7718.6,2026-11-20,76,Put,"7,300.00",-5.42%,72.5,71.65,73.8,298,9516,0.03,11.92%,17.45%,-0.205334,2026-09-04
$SPX,7718.6,2026-11-20,76,Put,"6,925.00",-10.28%,39.2,37.7,40.4,39,1208,0.03,11.92%,21.18%,-0.107032,2026-09-04
$SPX,7718.6,2026-11-20,76,Put,"6,680.00",-13.46%,27.7,26.97,28.8,10,286,0.03,11.92%,23.71%,-0.072856,2026-09-04
$SPX,7718.6,2026-11-20,76,Put,"6,250.00",-19.03%,16.2,15.67,17,123,3558,0.03,11.92%,28.26%,-0.039503,2026-09-04
$SPX,7718.6,2026-11-20,76,Put,"5,850.00",-24.21%,10.4,10.5,11.1,24,840,0.03,11.92%,32.65%,-0.023667,2026-09-04
$SPX,7718.6,2026-11-20,76,Put,"5,150.00",-33.28%,5,5.09,5.5,31,938,0.03,11.92%,40.54%,-0.0102,2026-09-04
$SPX,7718.6,2026-09-25,20,Put,"7,595.00",-1.60%,43.2,43.25,44,19,561,0.03,11.92%,13.60%,-0.282439,2026-09-04
$SPX,7718.6,2026-09-25,20,Put,"7,480.00",-3.09%,24.9,23.76,25.7,18,646,0.03,11.92%,15.16%,-0.170437,2026-09-04
$SPX,7718.6,2027-01-15,132,Put,"7,625.00",-1.21%,191.8,188.75,193.5,56,2094,0.03,11.92%,14.96%,-0.387419,2026-09-04
$SPX,7718.6,2027-01-15,132,Put,"7,600.00",-1.54%,184.7,182.02,186.2,325,11723,0.03,11.92%,15.13%,-0.374007,2026-09-04
$SPX,7718.6,2027-01-15,132,Put,"7,875.00",+2.03%,283.2,280.73,285.1,30,1143,0.03,11.92%,13.17%,-0.557857,2026-09-04
$SPX,7718.6,2027-01-15,132,Put,"7,400.00",-4.13%,138.4,135.95,139.9,130,3853,0.03,11.92%,16.64%,-0.281316,2026-09-04
$SPX,7718.6,2026-10-07,32,Put,"7,200.00",-6.72%,18,17.5,18.8,15,517,0.03,11.92%,18.71%,-0.090725,2026-09-04
$SPX,7718.6,2027-06-17,285,Put,"7,700.00",-0.24%,335.7,332.66,338.4,206,7278,0.03,11.92%,16.09%,-0.415878,2026-09-04
$SPX,7718.6,2027-06-17,285,Put,"7,750.00",+0.41%,351.5,342.98,354.3,56,2187,0.03,11.92%,15.80%,-0.435729,2026-09-04
$SPX,7718.6,2027-06-17,285,Put,"5,575.00",-27.77%,55.3,54.5,56.5,20,620,0.03,11.92%,28.17%,-0.061294,2026-09-04
$SPX,7718.6,2027-06-17,285,Put,"5,300.00",-31.33%,45,44.7,46.1,120,3795,0.03,11.92%,29.96%,-0.048576,2026-09-04
$SPX,7718.6,2027-09-17,377,Put,"6,150.00",-20.32%,118.5,116.8,120.2,28,1041,0.03,11.92%,24.22%,-0.11677,2026-09-04
$SPX,7718.6,2027-09-17,377,Put,"5,950.00",-22.91%,101.9,101.5,103.4,13,382,0.03,11.92%,25.22%,-0.099455,2026-09-04
$SPX,7718.6,2026-09-09,4,Put,"7,425.00",-3.80%,0.85,0.8,1.05,46,1566,0.03,11.92%,17.91%,-0.01799,2026-09-04
$SPX,7718.6,2027-03-19,195,Put,"7,775.00",+0.73%,296.5,289.8,298.7,20,782,0.03,11.92%,14.83%,-0.462194,2026-09-04
$SPX,7718.6,2027-03-19,195,Put,"7,825.00",+1.38%,315,308.2,317.1,32,990,0.03,11.92%,14.51%,-0.491201,2026-09-04
$SPX,7718.6,2027-03-19,195,Put,"7,600.00",-1.54%,241.1,239.6,243.1,204,7722,0.03,11.92%,15.96%,-0.378016,2026-09-04
$SPX,7718.6,2027-03-19,195,Put,"7,850.00",+1.70%,324.7,318.3,326.9,81,2614,0.03,11.92%,14.34%,-0.507841,2026-09-04
$SPX,7718.6,2027-03-19,195,Put,"7,550.00",-2.18%,227.5,222.05,229.5,75,2540,0.03,11.92%,16.27%,-0.35646,2026-09-04
$SPX,7718.6,2027-03-19,195,Put,"6,450.00",-16.44%,72.6,70.5,73.9,138,4470,0.03,11.92%,23.51%,-0.107525,2026-09-04
$SPX,7718.6,2026-09-17,12,Put,"7,075.00",-8.34%,2.5,2.34,2.8,19,630,0.03,11.92%,24.15%,-0.020912,2026-09-04
$SPX,7718.6,2026-09-17,12,Put,"7,050.00",-8.66%,2.4,1.88,2.7,15,460,0.03,11.92%,24.83%,-0.019714,2026-09-04
$SPX,7718.6,2026-10-30,55,Put,"7,740.00",+0.28%,149.3,146.5,150.6,12,412,0.03,11.92%,13.13%,-0.483822,2026-09-04
$SPX,7718.6,2026-10-30,55,Put,"7,475.00",-3.16%,75.3,71.34,76.3,26,833,0.03,11.92%,15.58%,-0.262273,2026-09-04
$SPX,7718.6,2026-10-30,55,Put,"7,425.00",-3.80%,66.8,65.75,68,12,461,0.03,11.92%,16.10%,-0.23362,2026-09-04
$SPX,7718.6,2026-10-30,55,Put,"7,400.00",-4.13%,63.1,63.65,64.1,77,2292,0.03,11.92%,16.36%,-0.220582,2026-09-04
$SPX,7718.6,2026-10-30,55,Put,"7,350.00",-4.78%,56.4,55.5,57.3,163,4736,0.03,11.92%,16.89%,-0.196969,2026-09-04
$SPX,7718.6,2026-10-30,55,Put,"7,200.00",-6.72%,41,41,41.8,49,1799,0.03,11.92%,18.53%,-0.14186,2026-09-04
$SPX,7718.6,2026-10-30,55,Put,"6,600.00",-14.49%,15.1,15.19,15.8,22,636,0.03,11.92%,25.62%,-0.046906,2026-09-04
$SPX,7718.6,2026-10-30,55,Put,"5,850.00",-24.21%,6,6,6.2,16,562,0.03,11.92%,34.88%,-0.015652,2026-09-04
$SPX,7718.6,2026-10-16,41,Put,"7,100.00",-8.01%,21.5,21.48,22.2,104,3106,0.03,11.92%,19.88%,-0.089458,2026-09-04
$SPX,7718.6,2026-10-16,41,Put,"6,700.00",-13.20%,10.4,9.97,11,13,399,0.03,11.92%,25.29%,-0.039393,2026-09-04
$SPX,7718.6,2026-10-16,41,Put,"6,300.00",-18.38%,6.1,5.6,6.5,610,23156,0.03,11.92%,31.02%,-0.020561,2026-09-04
$SPX,7718.6,2026-10-16,41,Put,"5,300.00",-31.33%,1.9,1.7,2.2,12,463,0.03,11.92%,45.61%,-0.005223,2026-09-04
$SPX,7718.6,2026-10-16,41,Put,"4,100.00",-46.88%,0.35,0.43,0.65,20,610,0.03,11.92%,63.83%,-0.001029,2026-09-04
$SPX,7718.6,2027-02-19,167,Put,"7,750.00",+0.41%,262.2,252.8,264.8,11,384,0.03,11.92%,14.47%,-0.456412,2026-09-04
$SPX,7718.6,2027-02-19,167,Put,"7,450.00",-3.48%,178,175.5,180.1,33,1169,0.03,11.92%,16.50%,-0.311847,2026-09-04
$SPX,7718.6,2027-02-19,167,Put,"7,150.00",-7.37%,124.6,120.8,126.3,25,988,0.03,11.92%,18.60%,-0.21586,2026-09-04
$SPX,7718.6,2027-02-19,167,Put,"6,950.00",-9.96%,99.8,95.68,101.6,45,1749,0.03,11.92%,20.04%,-0.170716,2026-09-04
$SPX,7718.6,2027-02-19,167,Put,"6,750.00",-12.55%,80.6,78.12,82.2,18,598,0.03,11.92%,21.49%,-0.13553,2026-09-04
$SPX,7718.6,2027-02-19,167,Put,"6,650.00",-13.84%,72.7,69.9,74.2,20,639,0.03,11.92%,22.22%,-0.121131,2026-09-04
$SPX,7718.6,2027-02-19,167,Put,"5,800.00",-24.86%,32.7,32.1,33.7,48,1721,0.03,11.92%,28.72%,-0.049384,2026-09-04
$SPX,7718.6,2027-02-19,167,Put,"5,000.00",-35.22%,17.2,17.2,18,80,2776,0.03,11.92%,35.61%,-0.023256,2026-09-04
$SPX,7718.6,2027-02-19,167,Put,"1,200.00",-84.45%,0.2,0.35,0.45,36,1215,0.03,11.92%,86.91%,-0.000244,2026-09-04
$SPX,7718.6,2027-12-17,468,Put,"7,800.00",+1.05%,462.1,463,469.4,115,3287,0.03,11.92%,16.52%,-0.433501,2026-09-04
$SPX,7718.6,2027-12-17,468,Put,"8,100.00",+4.94%,568,567.4,575.6,33,978,0.03,11.92%,14.78%,-0.550705,2026-09-04
$SPX,7718.6,2026-09-16,11,Put,"6,400.00",-17.08%,0.7,0.64,0.9,15,433,0.03,11.92%,42.04%,-0.00444,2026-09-04
$SPX,7718.6,2026-09-28,23,Call,"7,800.00",-1.05%,45.7,49.9,46.7,41,1174,0.03,11.92%,9.49%,0.36978,2026-09-04
$SPX,7718.6,2027-05-21,258,Call,"8,225.00",-6.56%,238.1,238.6,240.7,10,374,0.03,11.92%,13.72%,0.401794,2026-09-04
$SPX,7718.6,2027-05-21,258,Call,"8,325.00",-7.86%,198.6,201.1,201,10,372,0.03,11.92%,13.45%,0.358285,2026-09-04
$SPX,7718.6,2027-08-20,349,Call,"9,200.00",-19.19%,73.3,73.3,74.9,11,383,0.03,11.92%,12.96%,0.153655,2026-09-04
$SPX,7718.6,2026-09-11,6,Call,"8,125.00",-5.27%,0.25,0.1,0.4,76,2957,0.03,11.92%,15.83%,0.006435,2026-09-04
$SPX,7718.6,2026-12-18,104,Call,"8,200.00",-6.24%,59,60.7,60.5,724,21812,0.03,11.92%,11.67%,0.222427,2026-09-04
$SPX,7718.6,2026-12-18,104,Call,"8,550.00",-10.77%,13.9,14.8,14.9,167,6134,0.03,11.92%,11.40%,0.070779,2026-09-04
$SPX,7718.6,2026-10-16,41,Call,"7,705.00",+0.18%,143.3,144.4,145.2,23,695,0.03,11.92%,11.67%,0.567982,2026-09-04
$SPX,7718.6,2026-10-16,41,Call,"7,800.00",-1.05%,90.5,96,92.4,460,18243,0.03,11.92%,11.04%,0.439413,2026-09-04
$SPX,7718.6,2026-10-16,41,Call,"7,890.00",-2.22%,53.5,54.6,55.3,12,355,0.03,11.92%,10.57%,0.314016,2026-09-04
$SPX,7718.6,2026-10-16,41,Call,"7,990.00",-3.52%,26.8,28.04,28.2,11,332,0.03,11.92%,10.21%,0.191774,2026-09-04
$SPX,7718.6,2026-10-16,41,Call,"8,020.00",-3.90%,21.3,23.58,22.6,24,718,0.03,11.92%,10.13%,0.161317,2026-09-04
$SPX,7718.6,2026-10-16,41,Call,"8,225.00",-6.56%,4,4.27,4.8,34,1151,0.03,11.92%,10.14%,0.041776,2026-09-04
$SPX,7718.6,2026-10-16,41,Call,"8,350.00",-8.18%,1.85,2,2.35,54,2031,0.03,11.92%,10.79%,0.020639,2026-09-04
$SPX,7718.6,2026-09-14,9,Call,"7,675.00",+0.56%,67.4,72,67.9,29,849,0.03,11.92%,7.69%,0.708511,2026-09-04
$SPX,7718.6,2026-12-31,117,Call,"7,550.00",+2.18%,401.2,426,402.7,14,462,0.03,11.92%,14.59%,0.67658,2026-09-04
$SPX,7718.6,2026-12-31,117,Call,"7,900.00",-2.35%,182.7,186.4,184.3,54,1958,0.03,11.92%,12.74%,0.454237,2026-09-04
$SPX,7718.6,2026-11-04,60,Call,"8,000.00",-3.65%,53.7,54.12,55.6,10,304,0.03,11.92%,11.18%,0.263377,2026-09-04
$SPX,7718.6,2026-11-30,86,Call,"7,825.00",-1.38%,166.2,167.1,167.6,14,461,0.03,11.92%,12.38%,0.479122,2026-09-04
$SPX,7718.6,2026-11-30,86,Call,"7,450.00",+3.48%,416,443.33,427.1,12,405,0.03,11.92%,14.70%,0.743618,2026-09-04
$SPX,7718.6,2026-10-02,27,Call,"8,400.00",-8.83%,0.55,0.46,0.85,31,986,0.03,11.92%,12.45%,0.008151,2026-09-04
$SPX,7718.6,2026-09-30,25,Call,"7,775.00",-0.73%,63.2,65.87,64.2,36,1112,0.03,11.92%,10.02%,0.43257,2026-09-04
$SPX,7718.6,2026-09-30,25,Call,"7,915.00",-2.54%,17.6,18.69,18.4,19,656,0.03,11.92%,9.29%,0.17903,2026-09-04
$SPX,7718.6,2026-09-30,25,Call,"8,650.00",-12.07%,0.15,0.2,0.4,60,2347,0.03,11.92%,15.36%,0.002967,2026-09-04
$SPX,7718.6,2026-09-18,13,Call,"7,670.00",+0.63%,90.7,92.63,92.1,209,7670,0.03,11.92%,9.93%,0.661141,2026-09-04
$SPX,7718.6,2026-09-18,13,Call,"7,895.00",-2.29%,6.3,7.1,7,13,458,0.03,11.92%,9.00%,0.106462,2026-09-04
$SPX,7718.6,2026-09-18,13,Call,"8,000.00",-3.65%,1.25,1.37,1.6,7539,273057,0.03,11.92%,9.46%,0.027201,2026-09-04
$SPX,7718.6,2026-09-18,13,Call,"7,400.00",+4.13%,322.6,339.1,324,1017,38960,0.03,11.92%,17.48%,0.908839,2026-09-04
$SPX,7718.6,2026-11-20,76,Call,"8,150.00",-5.59%,40.1,41.02,41.1,18,581,0.03,11.92%,11.31%,0.189778,2026-09-04
$SPX,7718.6,2026-11-20,76,Call,"8,800.00",-14.01%,1.9,1.8,2.25,12,465,0.03,11.92%,12.15%,0.014011,2026-09-04
$SPX,7718.6,2027-07-16,314,Call,"8,250.00",-6.88%,296.6,296.6,299.3,12,393,0.03,11.92%,14.21%,0.429023,2026-09-04
$SPX,7718.6,2026-09-21,16,Call,"7,925.00",-2.67%,5.4,6.12,6,15,581,0.03,11.92%,8.71%,0.088317,2026-09-04
$SPX,7718.6,2027-04-16,223,Call,"8,275.00",-7.21%,174.3,179.57,176.6,13,480,0.03,11.92%,13.13%,0.348453,2026-09-04
$SPX,7718.6,2026-09-24,19,Call,"7,800.00",-1.05%,38.5,42.35,39.4,11,351,0.03,11.92%,9.51%,0.349854,2026-09-04
$SPX,7718.6,2026-09-18,13,Call,"7,685.00",+0.44%,82.8,86.9,83.6,19,694,0.03,11.92%,10.16%,0.619621,2026-09-04
$SPX,7718.6,2026-09-18,13,Call,"7,680.00",+0.50%,86,87.8,86.8,105,3151,0.03,11.92%,10.18%,0.632241,2026-09-04
$SPX,7718.6,2026-09-18,13,Call,"7,575.00",+1.86%,161.3,172.52,170.6,12,375,0.03,11.92%,10.57%,0.845178,2026-09-04
$SPX,7718.6,2026-09-18,13,Call,"7,450.00",+3.48%,272.6,283,281.9,11,360,0.03,11.92%,12.60%,0.940143,2026-09-04
$SPX,7718.6,2026-09-18,13,Call,"7,400.00",+4.13%,322.8,329.07,325,30,1018,0.03,11.92%,10.79%,0.983948,2026-09-04
$SPX,7718.6,2026-11-20,76,Call,"7,800.00",-1.05%,164.8,167.73,166.4,195,6444,0.03,11.92%,12.52%,0.49207,2026-09-04
$SPX,7718.6,2026-11-20,76,Call,"7,865.00",-1.90%,131.7,132.3,133.9,12,440,0.03,11.92%,12.20%,0.43213,2026-09-04
$SPX,7718.6,2026-11-20,76,Call,"7,980.00",-3.39%,84.6,86.1,86.1,16,513,0.03,11.92%,11.71%,0.325563,2026-09-04
$SPX,7718.6,2026-09-25,20,Call,"7,790.00",-0.93%,46.1,47.9,47,45,1618,0.03,11.92%,9.82%,0.3811,2026-09-04
$SPX,7718.6,2026-09-25,20,Call,"7,825.00",-1.38%,33.1,34.49,33.9,33,1151,0.03,11.92%,9.62%,0.305472,2026-09-04
$SPX,7718.6,2026-09-25,20,Call,"7,950.00",-3.00%,7.7,8.31,8.2,39,1399,0.03,11.92%,9.18%,0.10176,2026-09-04
$SPX,7718.6,2027-01-15,132,Call,"7,625.00",+1.21%,376.1,384.36,378.7,20,790,0.03,11.92%,14.57%,0.633859,2026-09-04
$SPX,7718.6,2027-09-17,377,Call,"7,700.00",+0.24%,690.2,699.34,693.9,50,1608,0.03,11.92%,16.59%,0.635851,2026-09-04
$SPX,7718.6,2027-09-17,377,Call,"7,750.00",-0.41%,657.9,660.15,661.6,11,327,0.03,11.92%,16.41%,0.621916,2026-09-04
$SPX,7718.6,2027-09-17,377,Call,"7,800.00",-1.05%,626.3,631.57,629.9,23,873,0.03,11.92%,16.23%,0.607613,2026-09-04
$SPX,7718.6,2026-09-09,4,Call,"7,600.00",+1.54%,112.6,120.23,114.4,36,1096,0.03,11.92%,0.00%,0,2026-09-04
$SPX,7718.6,2026-09-09,4,Call,"7,925.00",-2.67%,0.15,0.17,0.25,15,460,0.03,11.92%,10.17%,0.007426,2026-09-04
$SPX,7718.6,2027-03-19,195,Call,"7,950.00",-3.00%,279.2,280.02,281.4,74,2277,0.03,11.92%,13.77%,0.487492,2026-09-04
$SPX,7718.6,2027-03-19,195,Call,"11,800.00",-52.88%,0.2,0.34,0.5,11,380,0.03,11.92%,17.88%,0.001272,2026-09-04
$SPX,7718.6,2026-10-30,55,Call,"7,890.00",-2.22%,83.3,84,84.5,13,427,0.03,11.92%,11.48%,0.365021,2026-09-04
$SPX,7718.6,2026-10-16,41,Call,"7,600.00",+1.54%,216.9,221.41,218,18,696,0.03,11.92%,12.59%,0.686854,2026-09-04
$SPX,7718.6,2028-06-16,650,Call,"8,400.00",-8.83%,615,623.11,626,10,320,0.03,11.92%,16.17%,0.520286,2026-09-04
$SPX,7718.6,2026-09-22,17,Call,"7,800.00",-1.05%,32.6,35.09,33.5,12,357,0.03,11.92%,9.17%,0.331847,2026-09-04
$SPX,7718.6,2026-09-08,3,Put,"7,325.00",-5.10%,0.45,0.47,0.55,47,1343,0.03,11.92%,24.50%,-0.008668,2026-09-04
$SPX,7718.6,2027-05-21,258,Call,"8,250.00",-6.88%,227.8,229.1,230.2,18,927,0.02,11.92%,13.65%,0.39085,2026-09-04
$SPX,7718.6,2027-05-21,258,Call,"9,500.00",-23.08%,14.3,14.3,15.2,10,477,0.02,11.92%,12.32%,0.046379,2026-09-04
$SPX,7718.6,2027-08-20,349,Call,"7,500.00",+2.83%,790.4,795.39,794.2,18,893,0.02,11.92%,17.32%,0.684278,2026-09-04
$SPX,7718.6,2027-08-20,349,Call,"8,100.00",-4.94%,417.2,420.1,420,14,640,0.02,11.92%,15.10%,0.502225,2026-09-04
$SPX,7718.6,2027-08-20,349,Call,"8,900.00",-15.31%,124.6,124.4,126.6,16,1042,0.02,11.92%,13.26%,0.229774,2026-09-04
$SPX,7718.6,2026-12-18,104,Call,"7,775.00",-0.73%,228.9,229.2,231.1,39,2031,0.02,11.92%,13.14%,0.534935,2026-09-04
$SPX,7718.6,2026-12-18,104,Call,"7,650.00",+0.89%,307.9,311.54,310.2,104,6913,0.02,11.92%,13.82%,0.620431,2026-09-04
$SPX,7718.6,2026-12-18,104,Call,"7,600.00",+1.54%,342.4,346.32,344.8,327,21780,0.02,11.92%,14.11%,0.651322,2026-09-04
$SPX,7718.6,2026-12-18,104,Call,"7,875.00",-2.03%,174.5,172.84,176.1,28,1509,0.02,11.92%,12.64%,0.459765,2026-09-04
$SPX,7718.6,2026-12-18,104,Call,"7,975.00",-3.32%,129.1,131.6,130.6,24,1163,0.02,11.92%,12.25%,0.382278,2026-09-04
$SPX,7718.6,2026-12-18,104,Call,"8,350.00",-8.18%,32.6,33.8,34,99,4289,0.02,11.92%,11.48%,0.141522,2026-09-04
$SPX,7718.6,2026-12-18,104,Call,"8,375.00",-8.50%,29.4,29.4,30.8,16,818,0.02,11.92%,11.46%,0.130487,2026-09-04
$SPX,7718.6,2026-12-18,104,Call,"8,400.00",-8.83%,26.5,28.6,27.8,435,17789,0.02,11.92%,11.45%,0.120045,2026-09-04
$SPX,7718.6,2026-10-16,41,Call,"7,900.00",-2.35%,50.2,52.35,51.8,359,16353,0.02,11.92%,10.52%,0.30051,2026-09-04
$SPX,7718.6,2026-10-16,41,Call,"7,500.00",+2.83%,293.6,301.11,295.6,139,8889,0.02,11.92%,13.24%,0.777543,2026-09-04
$SPX,7718.6,2026-10-16,41,Call,"8,125.00",-5.27%,9.3,10,10,119,5396,0.02,11.92%,10.02%,0.082696,2026-09-04
$SPX,7718.6,2026-10-16,41,Call,"8,150.00",-5.59%,7.5,7.91,8.3,104,5329,0.02,11.92%,10.03%,0.069768,2026-09-04
$SPX,7718.6,2026-10-16,41,Call,"8,300.00",-7.53%,2.5,2.7,3,272,14535,0.02,11.92%,10.49%,0.026863,2026-09-04
$SPX,7718.6,2026-10-16,41,Call,"9,000.00",-16.60%,0.1,0.25,0.4,40,2346,0.02,11.92%,15.47%,0.002154,2026-09-04
$SPX,7718.6,2026-12-31,117,Call,"7,700.00",+0.24%,297.3,298.59,299.1,58,2879,0.02,11.92%,13.72%,0.590479,2026-09-04
$SPX,7718.6,2026-12-31,117,Call,"7,500.00",+2.83%,438.4,440.78,439.9,21,1136,0.02,11.92%,14.89%,0.701742,2026-09-04
$SPX,7718.6,2026-12-31,117,Call,"8,200.00",-6.24%,72.3,73.37,73.6,417,21441,0.02,11.92%,11.81%,0.246059,2026-09-04
$SPX,7718.6,2026-09-10,5,Call,"7,975.00",-3.32%,0.2,0.15,0.35,11,477,0.02,11.92%,11.40%,0.008083,2026-09-04
$SPX,7718.6,2026-11-30,86,Call,"7,750.00",-0.41%,208.4,206.97,209.8,12,561,0.02,11.92%,12.78%,0.542406,2026-09-04
$SPX,7718.6,2026-11-30,86,Call,"8,500.00",-10.12%,8.6,10.69,9.4,21,1172,0.02,11.92%,10.99%,0.052868,2026-09-04
$SPX,7718.6,2026-09-30,25,Call,"7,700.00",+0.24%,104.5,108.78,105.6,57,2607,0.02,11.92%,10.56%,0.575801,2026-09-04
$SPX,7718.6,2026-09-30,25,Call,"7,765.00",-0.60%,68,70.2,69,36,2002,0.02,11.92%,10.08%,0.452309,2026-09-04
$SPX,7718.6,2026-09-30,25,Call,"7,770.00",-0.67%,65.6,68,66.6,11,450,0.02,11.92%,10.05%,0.44247,2026-09-04
$SPX,7718.6,2026-09-30,25,Call,"7,780.00",-0.80%,60.8,62.5,61.8,10,490,0.02,11.92%,9.97%,0.422596,2026-09-04
$SPX,7718.6,2026-09-30,25,Call,"7,820.00",-1.31%,44,44.6,44.9,29,1207,0.02,11.92%,9.72%,0.3436,2026-09-04
$SPX,7718.6,2026-09-30,25,Call,"7,930.00",-2.74%,15,16.2,15.8,11,505,0.02,11.92%,9.26%,0.158523,2026-09-04
$SPX,7718.6,2026-09-30,25,Call,"8,075.00",-4.62%,2.9,3,3.4,16,1041,0.02,11.92%,9.34%,0.041495,2026-09-04
$SPX,7718.6,2026-09-30,25,Call,"8,100.00",-4.94%,2.3,2.5,2.7,126,5163,0.02,11.92%,9.48%,0.033476,2026-09-04
$SPX,7718.6,2026-09-30,25,Call,"8,350.00",-8.18%,0.5,0.55,0.8,25,1116,0.02,11.92%,12.03%,0.008136,2026-09-04
$SPX,7718.6,2026-09-18,13,Call,"7,675.00",+0.56%,87.4,90.65,88.7,108,5193,0.02,11.92%,9.91%,0.648609,2026-09-04
$SPX,7718.6,2026-09-18,13,Call,"7,780.00",-0.80%,32,33.05,33.2,257,13205,0.02,11.92%,9.34%,0.356688,2026-09-04
$SPX,7718.6,2026-09-18,13,Call,"7,785.00",-0.86%,30.1,32.89,31.3,93,6031,0.02,11.92%,9.31%,0.342616,2026-09-04
$SPX,7718.6,2026-09-18,13,Call,"7,805.00",-1.12%,23.5,24.1,24.7,87,5687,0.02,11.92%,9.23%,0.288955,2026-09-04
$SPX,7718.6,2026-09-18,13,Call,"7,900.00",-2.35%,5.8,6.4,6.5,507,24074,0.02,11.92%,9.00%,0.099774,2026-09-04
$SPX,7718.6,2026-09-18,13,Call,"7,910.00",-2.48%,4.8,5.35,5.6,25,1514,0.02,11.92%,8.98%,0.086875,2026-09-04
$SPX,7718.6,2026-09-18,13,Call,"7,990.00",-3.52%,1.4,1.5,1.8,17,926,0.02,11.92%,9.36%,0.030417,2026-09-04
$SPX,7718.6,2026-09-18,13,Call,"8,005.00",-3.71%,1.15,1.39,1.5,40,1912,0.02,11.92%,9.49%,0.025439,2026-09-04
$SPX,7718.6,2027-07-16,314,Call,"8,500.00",-10.12%,198.7,200.82,201.1,24,1124,0.02,11.92%,13.56%,0.3333,2026-09-04
$SPX,7718.6,2027-04-16,223,Call,"8,425.00",-9.15%,126.6,126.84,128.7,10,562,0.02,11.92%,12.80%,0.280464,2026-09-04
$SPX,7718.6,2027-04-16,223,Call,"8,800.00",-14.01%,52.4,52.42,53.9,20,826,0.02,11.92%,12.34%,0.144913,2026-09-04
$SPX,7718.6,2026-12-18,104,Call,"8,400.00",-8.83%,27,28.4,27.7,12,793,0.02,11.92%,11.47%,0.120568,2026-09-04
$SPX,7718.6,2026-12-18,104,Call,"8,450.00",-9.48%,21.8,22.8,22.5,15,679,0.02,11.92%,11.43%,0.101492,2026-09-04
$SPX,7718.6,2026-09-18,13,Call,"7,675.00",+0.56%,89.3,95.54,90.1,78,4556,0.02,11.92%,10.21%,0.644588,2026-09-04
$SPX,7718.6,2026-09-18,13,Call,"7,615.00",+1.34%,128.9,136.51,138.2,10,645,0.02,11.92%,10.52%,0.775043,2026-09-04
$SPX,7718.6,2026-09-18,13,Call,"8,250.00",-6.88%,0.3,0.3,0.55,13,619,0.02,11.92%,13.86%,0.006532,2026-09-04
$SPX,7718.6,2026-11-20,76,Call,"7,975.00",-3.32%,86.3,87,88.3,10,507,0.02,11.92%,11.74%,0.3303,2026-09-04
$SPX,7718.6,2026-11-20,76,Call,"8,150.00",-5.59%,39.3,40.1,40.5,97,4142,0.02,11.92%,11.23%,0.188132,2026-09-04
$SPX,7718.6,2026-11-20,76,Call,"8,200.00",-6.24%,30.7,32.15,31.8,143,6962,0.02,11.92%,11.15%,0.155723,2026-09-04
$SPX,7718.6,2026-11-20,76,Call,"8,350.00",-8.18%,13.9,14.3,14.8,32,2015,0.02,11.92%,11.01%,0.082758,2026-09-04
$SPX,7718.6,2026-11-20,76,Call,"8,400.00",-8.83%,10.7,11.5,11.5,128,6793,0.02,11.92%,11.03%,0.066458,2026-09-04
$SPX,7718.6,2026-09-25,20,Call,"7,960.00",-3.13%,6.8,7.41,7.2,26,1067,0.02,11.92%,9.17%,0.091574,2026-09-04
$SPX,7718.6,2026-10-09,34,Call,"8,200.00",-6.24%,2.85,2.94,3.4,13,705,0.02,11.92%,10.13%,0.033626,2026-09-04
$SPX,7718.6,2027-01-15,132,Call,"7,725.00",-0.08%,309.6,315.86,312.1,20,1046,0.02,11.92%,14.00%,0.57833,2026-09-04
$SPX,7718.6,2027-01-15,132,Call,"7,700.00",+0.24%,325.7,330.53,328.2,91,4460,0.02,11.92%,14.14%,0.59276,2026-09-04
$SPX,7718.6,2027-01-15,132,Call,"7,775.00",-0.73%,278.6,290.71,281.1,36,1680,0.02,11.92%,13.74%,0.548441,2026-09-04
$SPX,7718.6,2027-01-15,132,Call,"7,575.00",+1.86%,411.5,420,414.2,30,1661,0.02,11.92%,14.87%,0.659294,2026-09-04
$SPX,7718.6,2027-01-15,132,Call,"7,950.00",-3.00%,184,190.88,186.4,47,2631,0.02,11.92%,12.92%,0.435598,2026-09-04
$SPX,7718.6,2027-01-15,132,Call,"7,975.00",-3.32%,172.4,175.36,174.8,14,786,0.02,11.92%,12.82%,0.418895,2026-09-04
$SPX,7718.6,2027-01-15,132,Call,"8,150.00",-5.59%,105,105,107.1,33,1860,0.02,11.92%,12.24%,0.304044,2026-09-04
$SPX,7718.6,2027-01-15,132,Call,"8,900.00",-15.31%,7.3,7.51,8.2,33,1391,0.02,11.92%,11.70%,0.036682,2026-09-04
$SPX,7718.6,2027-06-17,285,Call,"8,625.00",-11.74%,134,135.7,136.2,17,864,0.02,11.92%,13.11%,0.263704,2026-09-04
$SPX,7718.6,2027-09-17,377,Call,"8,200.00",-6.24%,400.4,403.62,403.1,21,859,0.02,11.92%,14.91%,0.481351,2026-09-04
$SPX,7718.6,2027-09-17,377,Call,"8,600.00",-11.42%,231.6,234.78,234.1,19,1085,0.02,11.92%,13.87%,0.344862,2026-09-04
$SPX,7718.6,2027-03-19,195,Call,"7,600.00",+1.54%,494.6,500.38,497.3,203,9004,0.02,11.92%,15.32%,0.649758,2026-09-04
$SPX,7718.6,2027-03-19,195,Call,"8,150.00",-5.59%,186.4,185.8,188.5,65,2784,0.02,11.92%,13.09%,0.382947,2026-09-04
$SPX,7718.6,2026-09-17,12,Call,"7,770.00",-0.67%,32.8,34.3,33.6,21,1049,0.02,11.92%,9.21%,0.375339,2026-09-04
$SPX,7718.6,2026-10-30,55,Call,"7,735.00",-0.21%,160.7,169.67,162,13,735,0.02,11.92%,12.37%,0.538333,2026-09-04
$SPX,7718.6,2026-10-30,55,Call,"7,675.00",+0.56%,198.4,218.93,199.6,20,889,0.02,11.92%,12.78%,0.599353,2026-09-04
$SPX,7718.6,2026-10-30,55,Call,"7,800.00",-1.05%,124.6,130.2,125.8,20,804,0.02,11.92%,11.97%,0.467207,2026-09-04
$SPX,7718.6,2026-10-16,41,Call,"7,900.00",-2.35%,51.6,55.32,52.5,80,3295,0.02,11.92%,10.64%,0.302641,2026-09-04
$SPX,7718.6,2026-10-16,41,Call,"7,950.00",-3.00%,37,39.25,37.9,10,458,0.02,11.92%,10.44%,0.239587,2026-09-04
$SPX,7718.6,2027-02-19,167,Call,"7,950.00",-3.00%,236.5,236.1,238.8,26,1182,0.02,11.92%,13.44%,0.465846,2026-09-04
$SPX,7718.6,2027-02-19,167,Call,"7,200.00",+6.72%,758.3,765.64,761.4,64,2649,0.02,11.92%,17.38%,0.788233,2026-09-04
$SPX,7718.6,2027-02-19,167,Call,"8,400.00",-8.83%,76.7,80.1,78.5,42,2495,0.02,11.92%,12.21%,0.220602,2026-09-04
$SPX,7718.6,2027-12-17,468,Call,"7,800.00",-1.05%,740,745.14,747.7,73,4167,0.02,11.92%,16.81%,0.623092,2026-09-04
$SPX,7718.6,2027-12-17,468,Call,"7,900.00",-2.35%,678.8,691.27,686.5,36,1725,0.02,11.92%,16.50%,0.59783,2026-09-04
$SPX,7718.6,2027-12-17,468,Call,"8,100.00",-4.94%,563.6,563.6,571.5,33,1975,0.02,11.92%,15.90%,0.544305,2026-09-04
$SPX,7718.6,2027-12-17,468,Call,"7,300.00",+5.42%,1060.5,1101.57,1099.1,36,1938,0.02,11.92%,18.35%,0.733332,2026-09-04
$SPX,7718.6,2027-12-17,468,Call,"8,200.00",-6.24%,510.1,514.3,518,69,4372,0.02,11.92%,15.62%,0.51622,2026-09-04
$SPX,7718.6,2027-12-17,468,Call,"6,500.00",+15.79%,1679.1,1691.8,1702.9,42,2639,0.02,11.92%,20.53%,0.859821,2026-09-04
$SPX,7718.6,2026-09-16,11,Call,"7,775.00",-0.73%,26.6,29.8,27.3,11,537,0.02,11.92%,8.78%,0.345182,2026-09-04
$SPX,7718.6,2026-09-16,11,Call,"7,925.00",-2.67%,2.2,2.37,2.6,19,1154,0.02,11.92%,8.78%,0.049213,2026-09-04
$SPX,7718.6,2027-05-21,258,Put,"7,450.00",-3.48%,250.1,247.96,252.5,23,1076,0.02,11.92%,17.39%,-0.326419,2026-09-04
$SPX,7718.6,2027-08-20,349,Put,"7,500.00",-2.83%,319,316.64,321.7,18,800,0.02,11.92%,17.57%,-0.346362,2026-09-04
$SPX,7718.6,2027-08-20,349,Put,"6,900.00",-10.61%,197.5,195.89,199.7,10,449,0.02,11.92%,20.58%,-0.210317,2026-09-04
$SPX,7718.6,2027-08-20,349,Put,"3,100.00",-59.84%,11.9,12,12.5,14,832,0.02,11.92%,45.36%,-0.009178,2026-09-04
$SPX,7718.6,2026-09-11,6,Put,"7,820.00",+1.31%,113.2,105.57,115.2,10,413,0.02,11.92%,12.83%,-0.781922,2026-09-04
$SPX,7718.6,2026-09-11,6,Put,"6,750.00",-12.55%,0.5,0.45,0.65,180,10680,0.02,11.92%,40.60%,-0.004497,2026-09-04
$SPX,7718.6,2026-09-11,6,Put,"6,650.00",-13.84%,0.4,0.35,0.55,18,1142,0.02,11.92%,43.74%,-0.003522,2026-09-04
$SPX,7718.6,2026-09-11,6,Put,"6,600.00",-14.49%,0.35,0.35,0.5,59,3847,0.02,11.92%,45.21%,-0.003083,2026-09-04
$SPX,7718.6,2026-12-18,104,Put,"7,225.00",-6.39%,89.7,88.5,90.9,69,4033,0.02,11.92%,18.25%,-0.205722,2026-09-04
$SPX,7718.6,2026-12-18,104,Put,"7,025.00",-8.99%,67.8,65.4,68.9,66,3936,0.02,11.92%,20.01%,-0.152757,2026-09-04
$SPX,7718.6,2026-12-18,104,Put,"5,900.00",-23.56%,18.7,18.8,19.4,281,13058,0.02,11.92%,30.42%,-0.036062,2026-09-04
$SPX,7718.6,2026-12-18,104,Put,"3,400.00",-55.95%,1.7,1.81,2.05,126,6319,0.02,11.92%,58.37%,-0.002402,2026-09-04
$SPX,7718.6,2026-12-18,104,Put,"1,800.00",-76.68%,0.1,0.25,0.3,158,8435,0.02,11.92%,83.03%,-0.000209,2026-09-04
$SPX,7718.6,2026-10-16,41,Put,"7,725.00",+0.08%,119.6,116.64,121.5,43,2380,0.02,11.92%,12.66%,-0.473521,2026-09-04
$SPX,7718.6,2026-10-16,41,Put,"7,710.00",-0.11%,113.8,112.3,115.7,16,804,0.02,11.92%,12.79%,-0.454681,2026-09-04
$SPX,7718.6,2026-10-16,41,Put,"7,680.00",-0.50%,103,100.9,104.9,10,463,0.02,11.92%,13.06%,-0.418526,2026-09-04
$SPX,7718.6,2026-10-16,41,Put,"7,800.00",+1.05%,153.6,151.8,155.5,153,10043,0.02,11.92%,12.04%,-0.573612,2026-09-04
$SPX,7718.6,2026-10-16,41,Put,"7,625.00",-1.21%,86.1,82.38,87.8,15,929,0.02,11.92%,13.59%,-0.358918,2026-09-04
$SPX,7718.6,2026-10-16,41,Put,"7,450.00",-3.48%,50.4,50.4,51.9,236,10118,0.02,11.92%,15.49%,-0.218577,2026-09-04
$SPX,7718.6,2026-10-16,41,Put,"7,420.00",-3.87%,46.2,44.9,47.7,29,1393,0.02,11.92%,15.83%,-0.201032,2026-09-04
$SPX,7718.6,2026-10-16,41,Put,"7,350.00",-4.78%,38.1,38.1,39.5,129,6095,0.02,11.92%,16.65%,-0.165934,2026-09-04
$SPX,7718.6,2026-10-16,41,Put,"7,325.00",-5.10%,35.6,35.07,37,49,2522,0.02,11.92%,16.95%,-0.155111,2026-09-04
$SPX,7718.6,2026-10-16,41,Put,"7,265.00",-5.88%,30.6,30.6,31.9,15,816,0.02,11.92%,17.69%,-0.132675,2026-09-04
$SPX,7718.6,2026-10-16,41,Put,"7,140.00",-7.50%,22.8,22.23,23.9,34,1588,0.02,11.92%,19.26%,-0.097139,2026-09-04
$SPX,7718.6,2026-10-16,41,Put,"7,050.00",-8.66%,18.8,17.5,19.7,153,7688,0.02,11.92%,20.41%,-0.078636,2026-09-04
$SPX,7718.6,2026-10-16,41,Put,"7,000.00",-9.31%,17,17,17.9,2263,147151,0.02,11.92%,21.07%,-0.070401,2026-09-04
$SPX,7718.6,2026-10-16,41,Put,"6,950.00",-9.96%,15.4,15.1,16.3,182,7492,0.02,11.92%,21.73%,-0.063145,2026-09-04
$SPX,7718.6,2026-10-16,41,Put,"6,775.00",-12.23%,11.3,10.8,12.1,39,2412,0.02,11.92%,24.11%,-0.044412,2026-09-04
$SPX,7718.6,2026-10-16,41,Put,"6,630.00",-14.10%,9,8.48,9.8,10,552,0.02,11.92%,26.14%,-0.034154,2026-09-04
$SPX,7718.6,2026-10-16,41,Put,"6,570.00",-14.88%,8.3,7.78,9,45,1866,0.02,11.92%,27.00%,-0.03085,2026-09-04
$SPX,7718.6,2026-10-16,41,Put,"5,775.00",-25.18%,3.1,3.3,3.6,21,1082,0.02,11.92%,38.50%,-0.009568,2026-09-04
$SPX,7718.6,2026-10-16,41,Put,"5,600.00",-27.45%,2.45,2.4,2.95,151,6573,0.02,11.92%,40.93%,-0.007432,2026-09-04
$SPX,7718.6,2026-09-14,9,Put,"6,900.00",-10.61%,0.85,0.8,1,67,3118,0.02,11.92%,29.93%,-0.007623,2026-09-04
$SPX,7718.6,2026-12-31,117,Put,"7,250.00",-6.07%,102.2,100.6,103.5,20,838,0.02,11.92%,17.89%,-0.220607,2026-09-04
$SPX,7718.6,2026-11-30,86,Put,"7,700.00",-0.24%,171.3,166.01,172.7,25,1015,0.02,11.92%,13.91%,-0.438808,2026-09-04
$SPX,7718.6,2026-11-30,86,Put,"7,400.00",-4.13%,96,94.82,97.2,15,986,0.02,11.92%,16.38%,-0.254686,2026-09-04
$SPX,7718.6,2026-11-30,86,Put,"7,250.00",-6.07%,74.1,73.38,75.2,18,1129,0.02,11.92%,17.74%,-0.19578,2026-09-04
$SPX,7718.6,2026-10-02,27,Put,"7,525.00",-2.51%,42.9,41.1,43.8,10,443,0.02,11.92%,14.63%,-0.237036,2026-09-04
$SPX,7718.6,2026-09-15,10,Put,"6,800.00",-11.90%,0.9,0.9,1.15,12,481,0.02,11.92%,32.04%,-0.007486,2026-09-04
$SPX,7718.6,2026-09-30,25,Put,"7,800.00",+1.05%,130.1,124.3,131.1,16,699,0.02,11.92%,11.60%,-0.614047,2026-09-04
$SPX,7718.6,2026-09-30,25,Put,"7,580.00",-1.80%,48.9,46.13,49.7,10,485,0.02,11.92%,13.78%,-0.281598,2026-09-04
$SPX,7718.6,2026-09-30,25,Put,"7,510.00",-2.70%,36.4,36.02,37.1,26,1707,0.02,11.92%,14.65%,-0.214873,2026-09-04
$SPX,7718.6,2026-09-30,25,Put,"7,410.00",-4.00%,24.5,22.9,25.3,13,732,0.02,11.92%,15.99%,-0.14711,2026-09-04
$SPX,7718.6,2026-09-30,25,Put,"7,400.00",-4.13%,23.7,23.43,24.2,175,9034,0.02,11.92%,16.12%,-0.141636,2026-09-04
$SPX,7718.6,2026-09-30,25,Put,"7,275.00",-5.75%,15.3,14.4,15.8,25,1151,0.02,11.92%,17.90%,-0.090938,2026-09-04
$SPX,7718.6,2026-09-30,25,Put,"6,750.00",-12.55%,4.4,4.1,4.8,52,2419,0.02,11.92%,26.47%,-0.022537,2026-09-04
$SPX,7718.6,2026-09-30,25,Put,"6,700.00",-13.20%,4,3.8,4.4,35,1675,0.02,11.92%,27.29%,-0.020218,2026-09-04
$SPX,7718.6,2026-09-30,25,Put,"6,100.00",-20.97%,1.7,1.47,2,51,2581,0.02,11.92%,37.84%,-0.007165,2026-09-04
$SPX,7718.6,2026-09-18,13,Put,"7,690.00",-0.37%,52.8,50.7,54.1,106,6870,0.02,11.92%,12.16%,-0.414337,2026-09-04
$SPX,7718.6,2026-09-18,13,Put,"7,655.00",-0.82%,41.5,41.54,42.7,36,1479,0.02,11.92%,12.55%,-0.342435,2026-09-04
$SPX,7718.6,2026-09-18,13,Put,"7,575.00",-1.86%,24.2,22.49,25.3,191,11142,0.02,11.92%,13.65%,-0.216071,2026-09-04
$SPX,7718.6,2026-09-18,13,Put,"7,545.00",-2.25%,20,18.67,21,242,9974,0.02,11.92%,14.12%,-0.181469,2026-09-04
$SPX,7718.6,2026-09-18,13,Put,"7,530.00",-2.44%,18.1,17.05,19.2,133,8766,0.02,11.92%,14.35%,-0.166167,2026-09-04
$SPX,7718.6,2026-09-18,13,Put,"7,505.00",-2.77%,15.5,15.41,16.5,53,3101,0.02,11.92%,14.75%,-0.14372,2026-09-04
$SPX,7718.6,2026-09-18,13,Put,"7,500.00",-2.83%,15.1,14.1,16,2042,83934,0.02,11.92%,14.84%,-0.139755,2026-09-04
$SPX,7718.6,2026-09-18,13,Put,"7,495.00",-2.90%,14.6,13.75,15.6,106,5436,0.02,11.92%,14.92%,-0.135838,2026-09-04
$SPX,7718.6,2026-09-18,13,Put,"7,470.00",-3.22%,12.6,11.9,13.5,105,5573,0.02,11.92%,15.34%,-0.117868,2026-09-04
$SPX,7718.6,2026-09-18,13,Put,"8,000.00",+3.65%,285.4,279.25,286.8,4368,263116,0.02,11.92%,14.67%,-0.912235,2026-09-04
$SPX,7718.6,2026-09-18,13,Put,"7,430.00",-3.74%,10,9.51,10.9,101,5214,0.02,11.92%,16.03%,-0.094499,2026-09-04
$SPX,7718.6,2026-09-18,13,Put,"7,420.00",-3.87%,9.5,8.2,10.3,87,4153,0.02,11.92%,16.21%,-0.089505,2026-09-04
$SPX,7718.6,2026-09-18,13,Put,"7,350.00",-4.78%,6.8,6.26,7.4,268,16518,0.02,11.92%,17.56%,-0.063122,2026-09-04
$SPX,7718.6,2026-09-18,13,Put,"7,340.00",-4.91%,6.4,5.45,7.1,17,1057,0.02,11.92%,17.73%,-0.059943,2026-09-04
$SPX,7718.6,2026-09-18,13,Put,"7,290.00",-5.55%,5.3,4.55,5.8,10,422,0.02,11.92%,18.79%,-0.048187,2026-09-04
$SPX,7718.6,2026-09-18,13,Put,"7,250.00",-6.07%,4.4,4.3,5.1,214,9278,0.02,11.92%,19.60%,-0.040577,2026-09-04
$SPX,7718.6,2026-09-18,13,Put,"7,220.00",-6.46%,4.1,3.6,4.6,11,717,0.02,11.92%,20.30%,-0.036443,2026-09-04
$SPX,7718.6,2026-09-18,13,Put,"7,195.00",-6.78%,3.8,3.2,4.3,11,670,0.02,11.92%,20.88%,-0.033397,2026-09-04
$SPX,7718.6,2026-09-18,13,Put,"7,180.00",-6.98%,3.6,3.09,4.1,11,639,0.02,11.92%,21.19%,-0.03153,2026-09-04
$SPX,7718.6,2026-09-18,13,Put,"7,175.00",-7.04%,3.6,3,4.1,90,5333,0.02,11.92%,21.36%,-0.031312,2026-09-04
$SPX,7718.6,2026-09-18,13,Put,"6,910.00",-10.48%,1.95,1.76,2.35,16,763,0.02,11.92%,27.59%,-0.014841,2026-09-04
$SPX,7718.6,2026-09-18,13,Put,"6,900.00",-10.61%,2,1.8,2.3,393,25761,0.02,11.92%,27.90%,-0.014691,2026-09-04
$SPX,7718.6,2026-09-18,13,Put,"6,660.00",-13.71%,1.3,1.07,1.7,10,565,0.02,11.92%,33.72%,-0.008933,2026-09-04
$SPX,7718.6,2026-09-18,13,Put,"6,625.00",-14.17%,1.2,1.34,1.6,35,2160,0.02,11.92%,34.48%,-0.008222,2026-09-04
$SPX,7718.6,2026-09-18,13,Put,"6,600.00",-14.49%,1.15,1.05,1.55,435,27489,0.02,11.92%,35.07%,-0.007832,2026-09-04
$SPX,7718.6,2026-09-18,13,Put,"6,575.00",-14.82%,1.1,1.03,1.5,51,2943,0.02,11.92%,35.65%,-0.007454,2026-09-04
$SPX,7718.6,2026-09-18,13,Put,"6,350.00",-17.73%,0.8,0.75,1.15,191,7662,0.02,11.92%,41.05%,-0.005033,2026-09-04
$SPX,7718.6,2026-09-18,13,Put,"6,125.00",-20.65%,0.55,0.6,0.85,35,2019,0.02,11.92%,46.13%,-0.00333,2026-09-04
$SPX,7718.6,2026-09-18,13,Put,"5,770.00",-25.25%,0.3,0.35,0.6,10,434,0.02,11.92%,54.43%,-0.001895,2026-09-04
$SPX,7718.6,2026-09-18,13,Put,"4,425.00",-42.67%,0,0.1,0.2,17,871,0.02,11.92%,88.02%,-0.000293,2026-09-04
$SPX,7718.6,2026-09-21,16,Put,"7,800.00",+1.05%,113.7,113.84,116.2,10,494,0.02,11.92%,11.37%,-0.654964,2026-09-04
$SPX,7718.6,2027-04-16,223,Put,"7,400.00",-4.13%,212.4,206.66,214.7,10,660,0.02,11.92%,17.40%,-0.30614,2026-09-04
$SPX,7718.6,2027-04-16,223,Put,"7,225.00",-6.39%,177.8,171.84,179.9,12,555,0.02,11.92%,18.47%,-0.254883,2026-09-04
$SPX,7718.6,2027-04-16,223,Put,"1,400.00",-81.86%,0.7,0.85,0.9,11,578,0.02,11.92%,74.71%,-0.000569,2026-09-04
$SPX,7718.6,2026-09-24,19,Put,"6,200.00",-19.67%,1.25,1.1,1.5,10,631,0.02,11.92%,39.24%,-0.006014,2026-09-04
$SPX,7718.6,2026-12-18,104,Put,"7,450.00",-3.48%,127.6,123.61,128.7,12,755,0.02,11.92%,16.42%,-0.292365,2026-09-04
$SPX,7718.6,2026-09-18,13,Put,"7,225.00",-6.39%,4.5,4.15,5,14,687,0.02,11.92%,20.46%,-0.039066,2026-09-04
$SPX,7718.6,2026-11-20,76,Put,"7,575.00",-1.86%,124.1,123.25,126.1,15,972,0.02,11.92%,14.98%,-0.346457,2026-09-04
$SPX,7718.6,2026-11-20,76,Put,"7,460.00",-3.35%,98.2,96.4,99.6,14,824,0.02,11.92%,15.96%,-0.277468,2026-09-04
$SPX,7718.6,2026-11-20,76,Put,"7,410.00",-4.00%,89,87.8,90.9,16,788,0.02,11.92%,16.43%,-0.252646,2026-09-04
$SPX,7718.6,2026-11-20,76,Put,"7,225.00",-6.39%,63.5,62.6,64.6,27,1290,0.02,11.92%,18.16%,-0.178906,2026-09-04
$SPX,7718.6,2026-11-20,76,Put,"7,175.00",-7.04%,58.3,57.1,59.4,101,4836,0.02,11.92%,18.66%,-0.163662,2026-09-04
$SPX,7718.6,2026-11-20,76,Put,"6,990.00",-9.44%,43.2,42.4,44.6,23,1025,0.02,11.92%,20.52%,-0.119167,2026-09-04
$SPX,7718.6,2026-11-20,76,Put,"6,350.00",-17.73%,18.2,18.8,19,50,2698,0.02,11.92%,27.17%,-0.045162,2026-09-04
$SPX,7718.6,2026-11-20,76,Put,"5,350.00",-30.69%,6.1,6,6.7,10,576,0.02,11.92%,38.23%,-0.012881,2026-09-04
$SPX,7718.6,2026-11-20,76,Put,"5,300.00",-31.33%,5.8,5.8,6.3,30,1961,0.02,11.92%,38.76%,-0.012087,2026-09-04
$SPX,7718.6,2026-09-25,20,Put,"6,350.00",-17.73%,1.65,1.55,1.95,59,3426,0.02,11.92%,35.69%,-0.008191,2026-09-04
$SPX,7718.6,2026-09-25,20,Put,"6,100.00",-20.97%,1.2,1.11,1.45,85,3911,0.02,11.92%,40.60%,-0.005498,2026-09-04
$SPX,7718.6,2027-01-15,132,Put,"7,725.00",+0.08%,223.6,221.73,226,24,1089,0.02,11.92%,14.26%,-0.448169,2026-09-04
$SPX,7718.6,2027-01-15,132,Put,"7,775.00",+0.73%,241.7,236.29,243.5,14,887,0.02,11.92%,13.88%,-0.48161,2026-09-04
$SPX,7718.6,2027-01-15,132,Put,"7,950.00",+3.00%,319.2,315.32,321.7,14,629,0.02,11.92%,12.63%,-0.61588,2026-09-04
$SPX,7718.6,2027-01-15,132,Put,"7,375.00",-4.45%,133.7,130.13,135,21,925,0.02,11.92%,16.83%,-0.271519,2026-09-04
$SPX,7718.6,2027-01-15,132,Put,"7,050.00",-8.66%,87.6,84.39,89.3,114,5369,0.02,11.92%,19.40%,-0.174621,2026-09-04
$SPX,7718.6,2027-01-15,132,Put,"6,975.00",-9.63%,80,77.67,81.7,20,1274,0.02,11.92%,20.01%,-0.158267,2026-09-04
$SPX,7718.6,2027-01-15,132,Put,"6,950.00",-9.96%,77.6,77.63,79.3,120,5364,0.02,11.92%,20.21%,-0.153162,2026-09-04
$SPX,7718.6,2027-01-15,132,Put,"6,825.00",-11.58%,67,66.97,68.6,34,1871,0.02,11.92%,21.22%,-0.130556,2026-09-04
$SPX,7718.6,2027-01-15,132,Put,"6,675.00",-13.52%,56.6,55.86,57.6,28,1346,0.02,11.92%,22.42%,-0.108156,2026-09-04
$SPX,7718.6,2027-01-15,132,Put,"3,600.00",-53.36%,3.7,3.8,4.1,51,2594,0.02,11.92%,52.74%,-0.004608,2026-09-04
$SPX,7718.6,2027-06-17,285,Put,"7,825.00",+1.38%,376.7,374.8,379.5,102,4714,0.02,11.92%,15.34%,-0.471234,2026-09-04
$SPX,7718.6,2027-06-17,285,Put,"7,925.00",+2.67%,413.6,408.5,416.5,51,2389,0.02,11.92%,14.71%,-0.515664,2026-09-04
$SPX,7718.6,2027-06-17,285,Put,"7,400.00",-4.13%,256,251.46,258.6,343,14926,0.02,11.92%,17.81%,-0.313681,2026-09-04
$SPX,7718.6,2027-06-17,285,Put,"6,950.00",-9.96%,171.9,173,174,51,3071,0.02,11.92%,20.26%,-0.207882,2026-09-04
$SPX,7718.6,2027-06-17,285,Put,"5,750.00",-25.50%,63.2,63.2,64.6,75,3942,0.02,11.92%,27.07%,-0.071228,2026-09-04
$SPX,7718.6,2027-09-17,377,Put,"7,750.00",+0.41%,405.4,403.45,408.2,11,467,0.02,11.92%,16.42%,-0.426095,2026-09-04
$SPX,7718.6,2027-09-17,377,Put,"7,550.00",-2.18%,347.5,342.85,350.3,75,4427,0.02,11.92%,17.48%,-0.361169,2026-09-04
$SPX,7718.6,2027-09-17,377,Put,"7,200.00",-6.72%,265.8,264.3,268.2,18,1106,0.02,11.92%,19.22%,-0.271733,2026-09-04
$SPX,7718.6,2026-09-09,4,Put,"7,100.00",-8.01%,0.4,0.4,0.6,19,844,0.02,11.92%,32.07%,-0.005938,2026-09-04
$SPX,7718.6,2027-03-19,195,Put,"7,875.00",+2.03%,334.7,327.6,336.9,21,859,0.02,11.92%,14.17%,-0.52342,2026-09-04
$SPX,7718.6,2027-03-19,195,Put,"7,325.00",-5.10%,176.8,174.6,178.8,28,1635,0.02,11.92%,17.73%,-0.276453,2026-09-04
$SPX,7718.6,2027-03-19,195,Put,"7,175.00",-7.04%,150.3,147.9,151.9,40,2204,0.02,11.92%,18.69%,-0.233948,2026-09-04
$SPX,7718.6,2027-03-19,195,Put,"7,000.00",-9.31%,125.1,120.47,126.6,1663,78528,0.02,11.92%,19.84%,-0.1926,2026-09-04
$SPX,7718.6,2027-03-19,195,Put,"6,925.00",-10.28%,115.9,114.7,117.4,17,766,0.02,11.92%,20.34%,-0.177592,2026-09-04
$SPX,7718.6,2027-03-19,195,Put,"6,850.00",-11.25%,107.4,105.64,108.8,52,2829,0.02,11.92%,20.83%,-0.163819,2026-09-04
$SPX,7718.6,2027-03-19,195,Put,"6,275.00",-18.70%,61.7,59.37,62.9,11,487,0.02,11.92%,24.72%,-0.089921,2026-09-04
$SPX,7718.6,2027-03-19,195,Put,"3,700.00",-52.06%,8.2,8.3,8.7,65,3217,0.02,11.92%,46.72%,-0.008609,2026-09-04
$SPX,7718.6,2027-03-19,195,Put,"2,400.00",-68.91%,2.4,2.55,2.75,52,3402,0.02,11.92%,61.97%,-0.002192,2026-09-04
$SPX,7718.6,2027-03-19,195,Put,"1,600.00",-79.27%,0.75,0.83,1.05,135,6966,0.02,11.92%,74.42%,-0.000685,2026-09-04
$SPX,7718.6,2026-09-17,12,Put,"7,280.00",-5.68%,4.5,4.11,5,10,571,0.02,11.92%,19.30%,-0.042612,2026-09-04
$SPX,7718.6,2026-09-17,12,Put,"6,975.00",-9.63%,2.05,1.85,2.35,14,688,0.02,11.92%,26.70%,-0.016187,2026-09-04
$SPX,7718.6,2026-10-30,55,Put,"7,280.00",-5.68%,48.3,46.6,49.3,12,772,0.02,11.92%,17.64%,-0.168619,2026-09-04
$SPX,7718.6,2026-10-30,55,Put,"6,800.00",-11.90%,20.2,19.85,20.9,58,2512,0.02,11.92%,23.17%,-0.065462,2026-09-04
$SPX,7718.6,2026-10-30,55,Put,"4,200.00",-45.59%,0.85,0.88,1.15,30,1768,0.02,11.92%,56.78%,-0.001898,2026-09-04
$SPX,7718.6,2026-10-16,41,Put,"6,250.00",-19.03%,5.7,5.33,6.1,642,32053,0.02,11.92%,31.72%,-0.019007,2026-09-04
$SPX,7718.6,2026-10-16,41,Put,"5,000.00",-35.22%,1.3,1.28,1.6,25,1374,0.02,11.92%,49.99%,-0.003486,2026-09-04
$SPX,7718.6,2026-10-16,41,Put,"4,700.00",-39.11%,0.9,0.87,1.15,22,1090,0.02,11.92%,54.47%,-0.002333,2026-09-04
$SPX,7718.6,2027-02-19,167,Put,"7,300.00",-5.42%,148.4,146.93,150.4,46,2109,0.02,11.92%,17.55%,-0.259503,2026-09-04
$SPX,7718.6,2027-02-19,167,Put,"7,250.00",-6.07%,139.9,139.47,141.6,29,1387,0.02,11.92%,17.89%,-0.243748,2026-09-04
$SPX,7718.6,2027-02-19,167,Put,"7,225.00",-6.39%,135.9,131.89,137.6,28,1857,0.02,11.92%,18.07%,-0.236383,2026-09-04
$SPX,7718.6,2027-02-19,167,Put,"7,050.00",-8.66%,111.4,110.02,113.2,83,3894,0.02,11.92%,19.32%,-0.191824,2026-09-04
$SPX,7718.6,2027-02-19,167,Put,"6,900.00",-10.61%,94.5,93.1,96.2,53,3353,0.02,11.92%,20.40%,-0.161077,2026-09-04
$SPX,7718.6,2027-02-19,167,Put,"6,350.00",-17.73%,53.9,53.01,55.2,20,1198,0.02,11.92%,24.43%,-0.087101,2026-09-04
$SPX,7718.6,2027-02-19,167,Put,"5,600.00",-27.45%,27.6,27.4,28.6,20,1009,0.02,11.92%,30.37%,-0.040634,2026-09-04
$SPX,7718.6,2027-02-19,167,Put,"3,000.00",-61.13%,3.3,3.44,3.8,16,856,0.02,11.92%,56.72%,-0.00349,2026-09-04
$SPX,7718.6,2027-12-17,468,Put,"7,750.00",+0.41%,446.4,446.77,453.8,15,920,0.02,11.92%,16.77%,-0.418253,2026-09-04
$SPX,7718.6,2026-09-16,11,Put,"5,400.00",-30.04%,0.1,0.16,0.3,16,1056,0.02,11.92%,66.56%,-0.000797,2026-09-04
$SPX,7718.6,2028-12-15,832,Put,"5,100.00",-33.93%,113.9,127.9,139,10,1848,0.01,11.92%,26.88%,-0.077376,2026-09-04
$SPX,7718.6,2026-11-20,76,Put,"7,675.00",-0.56%,153.6,151.1,155.8,14,1052,0.01,11.92%,14.16%,-0.419765,2026-09-04
$SPX,7718.6,2026-11-20,76,Put,"7,625.00",-1.21%,137.9,136.03,140,10,1333,0.01,11.92%,14.56%,-0.381679,2026-09-04
$SPX,7718.6,2026-11-20,76,Put,"7,100.00",-8.01%,51.4,50.9,52.5,135,11388,0.01,11.92%,19.39%,-0.143373,2026-09-04
$SPX,7718.6,2026-11-20,76,Put,"7,050.00",-8.66%,47.5,47.55,48.5,45,4097,0.01,11.92%,19.89%,-0.13157,2026-09-04
$SPX,7718.6,2026-11-20,76,Put,"6,950.00",-9.96%,40.7,38.61,42,23,3762,0.01,11.92%,20.93%,-0.111569,2026-09-04
$SPX,7718.6,2026-11-20,76,Put,"6,825.00",-11.58%,33.9,33.6,34.7,15,1984,0.01,11.92%,22.18%,-0.090887,2026-09-04
$SPX,7718.6,2026-11-20,76,Put,"6,600.00",-14.49%,24.9,24.3,25.7,62,8099,0.01,11.92%,24.51%,-0.064436,2026-09-04
$SPX,7718.6,2026-11-20,76,Put,"6,275.00",-18.70%,16.7,16,17.5,10,1973,0.01,11.92%,27.99%,-0.040879,2026-09-04
$SPX,7718.6,2026-11-20,76,Put,"6,200.00",-19.67%,15.3,15.43,16,64,6515,0.01,11.92%,28.79%,-0.036907,2026-09-04
$SPX,7718.6,2026-11-20,76,Put,"6,050.00",-21.62%,13,12.95,13.6,21,2139,0.01,11.92%,30.44%,-0.030433,2026-09-04
$SPX,7718.6,2026-11-20,76,Put,"6,000.00",-22.27%,12.3,12.3,12.9,148,16288,0.01,11.92%,30.99%,-0.028554,2026-09-04
$SPX,7718.6,2026-11-20,76,Put,"5,825.00",-24.53%,10.1,10.5,10.8,14,2330,0.01,11.92%,32.91%,-0.022911,2026-09-04
$SPX,7718.6,2026-11-20,76,Put,"5,600.00",-27.45%,8,7.8,8.5,26,1768,0.01,11.92%,35.40%,-0.017364,2026-09-04
$SPX,7718.6,2026-11-20,76,Put,"5,400.00",-30.04%,6.5,6.6,7,100,7149,0.01,11.92%,37.67%,-0.013696,2026-09-04
$SPX,7718.6,2026-11-20,76,Put,"5,250.00",-31.98%,5.5,5.7,6.1,28,5325,0.01,11.92%,39.38%,-0.011466,2026-09-04
$SPX,7718.6,2026-11-20,76,Put,"5,200.00",-32.63%,5.3,5.2,5.8,24,2045,0.01,11.92%,39.99%,-0.010862,2026-09-04
$SPX,7718.6,2026-11-20,76,Put,"3,800.00",-50.77%,1.1,1.2,1.45,31,2566,0.01,11.92%,57.12%,-0.002013,2026-09-04
$SPX,7718.6,2026-11-20,76,Put,"3,000.00",-61.13%,0.35,0.52,0.65,30,2743,0.01,11.92%,68.70%,-0.000703,2026-09-04
$SPX,7718.6,2026-09-25,20,Put,"7,250.00",-6.07%,10,9.01,10.4,13,1334,0.01,11.92%,18.70%,-0.067557,2026-09-04
$SPX,7718.6,2026-09-25,20,Put,"6,800.00",-11.90%,3.3,2.8,3.7,13,1369,0.01,11.92%,26.95%,-0.019251,2026-09-04
$SPX,7718.6,2026-09-25,20,Put,"5,600.00",-27.45%,0.6,0.59,0.85,10,1274,0.01,11.92%,50.35%,-0.002582,2026-09-04
$SPX,7718.6,2026-10-09,34,Put,"6,450.00",-16.44%,5.2,4.63,5.6,14,1011,0.01,11.92%,29.89%,-0.02022,2026-09-04
$SPX,7718.6,2026-10-09,34,Put,"6,000.00",-22.27%,2.95,2.6,3.3,13,1864,0.01,11.92%,36.94%,-0.010197,2026-09-04
$SPX,7718.6,2027-01-15,132,Put,"7,675.00",-0.56%,207,196.08,208.7,13,1029,0.01,11.92%,14.60%,-0.415831,2026-09-04
$SPX,7718.6,2027-01-15,132,Put,"7,650.00",-0.89%,199.2,193.2,201.6,18,2926,0.01,11.92%,14.80%,-0.401823,2026-09-04
$SPX,7718.6,2027-01-15,132,Put,"7,450.00",-3.48%,148.5,146.3,150,33,5119,0.01,11.92%,16.26%,-0.301553,2026-09-04
$SPX,7718.6,2027-01-15,132,Put,"7,350.00",-4.78%,129.2,125.6,131.2,57,4921,0.01,11.92%,17.04%,-0.261979,2026-09-04
$SPX,7718.6,2027-01-15,132,Put,"7,075.00",-8.34%,90.4,86.99,92.1,14,2299,0.01,11.92%,19.20%,-0.180476,2026-09-04
$SPX,7718.6,2027-01-15,132,Put,"6,900.00",-10.61%,73.2,71.12,74.8,43,4510,0.01,11.92%,20.62%,-0.14369,2026-09-04
$SPX,7718.6,2027-01-15,132,Put,"6,450.00",-16.44%,44.4,42.7,45.6,50,3541,0.01,11.92%,24.30%,-0.082685,2026-09-04
$SPX,7718.6,2027-01-15,132,Put,"6,300.00",-18.38%,38,37,39.2,22,3145,0.01,11.92%,25.57%,-0.069472,2026-09-04
$SPX,7718.6,2027-01-15,132,Put,"6,200.00",-19.67%,34.4,34.25,35.4,75,5384,0.01,11.92%,26.41%,-0.061937,2026-09-04
$SPX,7718.6,2027-01-15,132,Put,"6,000.00",-22.27%,28.3,28.2,29.4,390,33356,0.01,11.92%,28.15%,-0.049681,2026-09-04
$SPX,7718.6,2027-01-15,132,Put,"3,000.00",-61.13%,2.05,2.15,2.35,204,17688,0.01,11.92%,60.32%,-0.002386,2026-09-04
$SPX,7718.6,2027-01-15,132,Put,"1,600.00",-79.27%,0.35,0.4,0.5,31,3778,0.01,11.92%,84.46%,-0.000367,2026-09-04
$SPX,7718.6,2027-06-17,285,Put,"7,850.00",+1.70%,385.6,382.8,388.4,14,2153,0.01,11.92%,15.18%,-0.48271,2026-09-04
$SPX,7718.6,2027-06-17,285,Put,"7,550.00",-2.18%,292.9,290.45,295.6,21,2188,0.01,11.92%,16.96%,-0.360817,2026-09-04
$SPX,7718.6,2027-06-17,285,Put,"7,500.00",-2.83%,280,276.25,282.5,102,11315,0.01,11.92%,17.24%,-0.344499,2026-09-04
$SPX,7718.6,2027-06-17,285,Put,"8,000.00",+3.65%,443.8,444.15,446.5,230,35338,0.01,11.92%,14.20%,-0.569553,2026-09-04
$SPX,7718.6,2027-06-17,285,Put,"7,250.00",-6.07%,224,217.51,226.4,10,1188,0.01,11.92%,18.63%,-0.27369,2026-09-04
$SPX,7718.6,2027-06-17,285,Put,"6,900.00",-10.61%,164.5,163.2,166.6,91,9435,0.01,11.92%,20.53%,-0.19879,2026-09-04
$SPX,7718.6,2027-06-17,285,Put,"6,875.00",-10.93%,161,159.44,163.1,14,1338,0.01,11.92%,20.66%,-0.194341,2026-09-04
$SPX,7718.6,2027-06-17,285,Put,"6,650.00",-13.84%,132.5,129.65,134.4,14,1327,0.01,11.92%,21.88%,-0.158118,2026-09-04
$SPX,7718.6,2027-06-17,285,Put,"6,425.00",-16.76%,109.4,108.63,111.1,14,1450,0.01,11.92%,23.12%,-0.129145,2026-09-04
$SPX,7718.6,2027-06-17,285,Put,"6,375.00",-17.41%,104.9,102.75,106.6,10,1415,0.01,11.92%,23.40%,-0.123523,2026-09-04
$SPX,7718.6,2027-06-17,285,Put,"4,400.00",-42.99%,23.8,23.9,24.6,14,1072,0.01,11.92%,36.52%,-0.023192,2026-09-04
$SPX,7718.6,2027-06-17,285,Put,800.00,-89.64%,0.2,0.32,0.35,109,16973,0.01,11.92%,80.46%,-0.000169,2026-09-04
$SPX,7718.6,2027-09-17,377,Put,"7,800.00",+1.05%,421.4,420.26,424.2,14,1079,0.01,11.92%,16.14%,-0.445333,2026-09-04
$SPX,7718.6,2027-03-19,195,Put,"7,700.00",-0.24%,271.1,267.57,273.2,49,4619,0.01,11.92%,15.31%,-0.425012,2026-09-04
$SPX,7718.6,2027-03-19,195,Put,"7,750.00",+0.41%,287.8,284.07,289.9,28,4391,0.01,11.92%,14.99%,-0.449667,2026-09-04
$SPX,7718.6,2027-03-19,195,Put,"7,800.00",+1.05%,305.6,303.71,307.8,106,7547,0.01,11.92%,14.67%,-0.476776,2026-09-04
$SPX,7718.6,2027-03-19,195,Put,"8,000.00",+3.65%,390.3,389.8,392.5,304,36004,0.01,11.92%,13.31%,-0.614139,2026-09-04
$SPX,7718.6,2027-03-19,195,Put,"7,150.00",-7.37%,146.4,144.1,148,38,2617,0.01,11.92%,18.86%,-0.227562,2026-09-04
$SPX,7718.6,2027-03-19,195,Put,"7,125.00",-7.69%,142.6,140.2,144.3,11,914,0.01,11.92%,19.03%,-0.221104,2026-09-04
$SPX,7718.6,2027-03-19,195,Put,"7,075.00",-8.34%,135.3,133.1,137.1,11,820,0.01,11.92%,19.36%,-0.209295,2026-09-04
$SPX,7718.6,2027-03-19,195,Put,"6,800.00",-11.90%,102.1,100.5,103.5,106,13643,0.01,11.92%,21.16%,-0.155326,2026-09-04
$SPX,7718.6,2027-03-19,195,Put,"5,950.00",-22.91%,46.2,44.95,47.3,30,2392,0.01,11.92%,27.03%,-0.065127,2026-09-04
$SPX,7718.6,2027-03-19,195,Put,"3,600.00",-53.36%,7.5,7.45,8,11,945,0.01,11.92%,47.71%,-0.007799,2026-09-04
$SPX,7718.6,2026-09-17,12,Put,"7,675.00",-0.56%,46.5,43.61,47.3,13,1473,0.01,11.92%,12.52%,-0.380976,2026-09-04
$SPX,7718.6,2026-09-17,12,Put,"7,200.00",-6.72%,3.4,3.17,3.8,16,1330,0.01,11.92%,21.09%,-0.030938,2026-09-04
$SPX,7718.6,2026-10-30,55,Put,"7,750.00",+0.41%,153.4,143.45,154.7,14,1775,0.01,11.92%,13.05%,-0.494274,2026-09-04
$SPX,7718.6,2026-10-30,55,Put,"7,760.00",+0.54%,157.6,152.8,158.9,10,1813,0.01,11.92%,12.97%,-0.505975,2026-09-04
$SPX,7718.6,2026-10-30,55,Put,"7,300.00",-5.42%,50.5,49.5,51.4,33,2401,0.01,11.92%,17.43%,-0.176225,2026-09-04
$SPX,7718.6,2026-10-30,55,Put,"7,100.00",-8.01%,33.7,33.45,34.6,30,2816,0.01,11.92%,19.66%,-0.11539,2026-09-04
$SPX,7718.6,2026-10-30,55,Put,"6,900.00",-10.61%,23.7,23.45,24.5,15,1743,0.01,11.92%,21.99%,-0.078413,2026-09-04
$SPX,7718.6,2026-10-30,55,Put,"5,600.00",-27.45%,4.5,4.6,4.9,18,2048,0.01,11.92%,38.14%,-0.011403,2026-09-04
$SPX,7718.6,2026-10-30,55,Put,"5,000.00",-35.22%,2.35,2.15,2.65,16,1105,0.01,11.92%,46.01%,-0.005392,2026-09-04
$SPX,7718.6,2026-10-16,41,Put,"6,100.00",-20.97%,4.7,4.64,5.1,51,5369,0.01,11.92%,33.85%,-0.015175,2026-09-04
$SPX,7718.6,2027-02-19,167,Put,"7,500.00",-2.83%,189.5,184.3,191.6,27,2243,0.01,11.92%,16.16%,-0.332255,2026-09-04
$SPX,7718.6,2027-02-19,167,Put,"7,350.00",-4.78%,157.5,153.1,159.6,39,2896,0.01,11.92%,17.20%,-0.27565,2026-09-04
$SPX,7718.6,2027-02-19,167,Put,"7,275.00",-5.75%,144.1,142.9,145.9,20,1830,0.01,11.92%,17.72%,-0.251793,2026-09-04
$SPX,7718.6,2027-02-19,167,Put,"7,100.00",-8.01%,117.8,113.56,119.6,11,1830,0.01,11.92%,18.97%,-0.203581,2026-09-04
$SPX,7718.6,2027-02-19,167,Put,"7,000.00",-9.31%,105.4,105.19,107.2,152,19324,0.01,11.92%,19.68%,-0.180879,2026-09-04
$SPX,7718.6,2027-02-19,167,Put,"6,850.00",-11.25%,89.6,88.94,91.3,13,2059,0.01,11.92%,20.76%,-0.152147,2026-09-04
$SPX,7718.6,2027-02-19,167,Put,"6,775.00",-12.23%,82.8,80.2,84.4,24,1912,0.01,11.92%,21.31%,-0.13946,2026-09-04
$SPX,7718.6,2027-02-19,167,Put,"6,300.00",-18.38%,51.4,51.56,52.7,24,1881,0.01,11.92%,24.81%,-0.082571,2026-09-04
$SPX,7718.6,2028-06-16,650,Put,"4,500.00",-41.70%,65.7,67.55,70.8,25,2467,0.01,11.92%,30.43%,-0.045521,2026-09-04
$SPX,7718.6,2027-12-17,468,Put,"8,000.00",+3.65%,530.2,529.47,537.7,872,83389,0.01,11.92%,15.40%,-0.516018,2026-09-04
$SPX,7718.6,2027-12-17,468,Put,"7,000.00",-9.31%,265.7,266.28,272.1,538,107272,0.01,11.92%,20.23%,-0.23913,2026-09-04
$SPX,7718.6,2027-12-17,468,Put,"3,700.00",-52.06%,26.1,26.9,28.1,10,1431,0.01,11.92%,37.36%,-0.01958,2026-09-04
$SPX,7718.6,2026-09-16,11,Put,"7,650.00",-0.89%,34.4,32.2,35.2,53,4202,0.01,11.92%,12.40%,-0.320035,2026-09-04
$SPX,7718.6,2026-09-16,11,Put,"7,625.00",-1.21%,28.3,26.12,29,31,3033,0.01,11.92%,12.71%,-0.27212,2026-09-04
$SPX,7718.6,2031-12-19,1931,Call,"20,000.00",-159.11%,0,38,0,54,3686,0.01,11.92%,16.06%,0.037761,2026-09-04
$SPX,7718.6,2027-05-21,258,Call,"8,350.00",-8.18%,189.6,190.7,191.8,17,1355,0.01,11.92%,13.38%,0.347553,2026-09-04
$SPX,7718.6,2027-08-20,349,Call,"8,500.00",-10.12%,238,238.9,240.6,35,2911,0.01,11.92%,13.94%,0.359666,2026-09-04
$SPX,7718.6,2027-08-20,349,Call,"8,800.00",-14.01%,147.4,147.2,149.5,18,1232,0.01,11.92%,13.39%,0.259511,2026-09-04
$SPX,7718.6,2026-12-18,104,Call,"7,725.00",-0.08%,259.1,265.27,261.4,23,2453,0.01,11.92%,13.40%,0.570462,2026-09-04
$SPX,7718.6,2026-12-18,104,Call,"7,800.00",-1.05%,214.5,220.3,216.2,249,25379,0.01,11.92%,13.00%,0.516587,2026-09-04
$SPX,7718.6,2026-12-18,104,Call,"7,625.00",+1.21%,325,333.27,327.3,20,2684,0.01,11.92%,13.97%,0.636119,2026-09-04
$SPX,7718.6,2026-12-18,104,Call,"7,825.00",-1.38%,200.6,200.9,202.8,48,4954,0.01,11.92%,12.89%,0.497937,2026-09-04
$SPX,7718.6,2026-12-18,104,Call,"7,575.00",+1.86%,360.3,368.91,362.6,30,3357,0.01,11.92%,14.26%,0.666,2026-09-04
$SPX,7718.6,2026-12-18,104,Call,"7,950.00",-3.00%,139.6,138.8,141.2,27,4432,0.01,11.92%,12.34%,0.401655,2026-09-04
$SPX,7718.6,2026-12-18,104,Call,"7,475.00",+3.16%,435,459.38,437.4,26,2634,0.01,11.92%,14.88%,0.719614,2026-09-04
$SPX,7718.6,2026-12-18,104,Call,"8,000.00",-3.65%,119.2,121.96,120.7,1443,178406,0.01,11.92%,12.16%,0.363095,2026-09-04
$SPX,7718.6,2026-12-18,104,Call,"7,425.00",+3.80%,474.1,473.53,476.5,15,2326,0.01,11.92%,15.19%,0.743484,2026-09-04
$SPX,7718.6,2026-12-18,104,Call,"8,125.00",-5.27%,77.8,77.4,79.6,33,5125,0.01,11.92%,11.83%,0.271817,2026-09-04
$SPX,7718.6,2026-12-18,104,Call,"8,175.00",-5.91%,64.8,65.6,66.3,29,2698,0.01,11.92%,11.72%,0.238226,2026-09-04
$SPX,7718.6,2026-12-18,104,Call,"8,650.00",-12.07%,9,9.7,9.9,13,2279,0.01,11.92%,11.45%,0.049127,2026-09-04
$SPX,7718.6,2026-12-18,104,Call,"8,700.00",-12.71%,7.3,7.65,8.1,100,9474,0.01,11.92%,11.51%,0.040968,2026-09-04
$SPX,7718.6,2026-12-18,104,Call,200.00,+97.41%,7478.5,7493.2,7502.5,11,2112,0.01,11.92%,0.00%,0,2026-09-04
$SPX,7718.6,2026-10-16,41,Call,"7,730.00",-0.15%,128.2,131.58,130,19,1930,0.01,11.92%,11.49%,0.535517,2026-09-04
$SPX,7718.6,2026-10-16,41,Call,"7,700.00",+0.24%,146.5,152.35,148.4,133,12539,0.01,11.92%,11.71%,0.574287,2026-09-04
$SPX,7718.6,2026-10-16,41,Call,"7,790.00",-0.93%,95.4,101,97.3,60,5243,0.01,11.92%,11.10%,0.453447,2026-09-04
$SPX,7718.6,2026-10-16,41,Call,"7,825.00",-1.38%,78.9,82.53,80.8,17,1519,0.01,11.92%,10.89%,0.404153,2026-09-04
$SPX,7718.6,2026-10-16,41,Call,"7,610.00",+1.41%,207.9,210.75,210,10,705,0.01,11.92%,12.39%,0.678138,2026-09-04
$SPX,7718.6,2026-10-16,41,Call,"7,850.00",-1.70%,68.4,71.64,70.2,68,7807,0.01,11.92%,10.77%,0.369058,2026-09-04
$SPX,7718.6,2026-10-16,41,Call,"7,970.00",-3.26%,31.1,32.1,32.5,16,1245,0.01,11.92%,10.27%,0.213864,2026-09-04
$SPX,7718.6,2026-10-16,41,Call,"8,000.00",-3.65%,24.8,26.2,26.2,826,146268,0.01,11.92%,10.17%,0.181131,2026-09-04
$SPX,7718.6,2026-10-16,41,Call,"8,250.00",-6.88%,3.5,4.05,4.1,34,3321,0.01,11.92%,10.28%,0.036338,2026-09-04
$SPX,7718.6,2026-10-16,41,Call,"8,400.00",-8.83%,1.45,1.55,1.8,50,5046,0.01,11.92%,11.10%,0.016019,2026-09-04
$SPX,7718.6,2026-10-16,41,Call,"8,575.00",-11.10%,0.6,0.7,1.05,20,1450,0.01,11.92%,12.38%,0.007883,2026-09-04
$SPX,7718.6,2026-12-31,117,Call,"7,800.00",-1.05%,236.2,238.8,237.8,16,3169,0.01,11.92%,13.20%,0.524769,2026-09-04
$SPX,7718.6,2026-12-31,117,Call,"7,600.00",+1.54%,365.1,372.18,366.7,60,6038,0.01,11.92%,14.29%,0.649683,2026-09-04
$SPX,7718.6,2026-12-31,117,Call,"7,980.00",-3.39%,145.8,147.59,147.4,56,8203,0.01,11.92%,12.42%,0.396232,2026-09-04
$SPX,7718.6,2026-12-31,117,Call,"8,000.00",-3.65%,137.5,139.62,139,93,12307,0.01,11.92%,12.35%,0.381765,2026-09-04
$SPX,7718.6,2026-12-31,117,Call,"8,300.00",-7.53%,50.7,53,52,11,897,0.01,11.92%,11.65%,0.189151,2026-09-04
$SPX,7718.6,2026-12-31,117,Call,"8,400.00",-8.83%,34.8,34.6,36,13,2016,0.01,11.92%,11.54%,0.14144,2026-09-04
$SPX,7718.6,2026-12-31,117,Call,"9,000.00",-16.60%,3.4,3.7,3.9,33,2957,0.01,11.92%,11.90%,0.01958,2026-09-04
$SPX,7718.6,2026-09-15,10,Call,"7,700.00",+0.24%,54.5,56.1,55.3,40,2679,0.01,11.92%,7.95%,0.604766,2026-09-04
$SPX,7718.6,2026-09-30,25,Call,"7,675.00",+0.56%,120.6,123.6,121.7,16,2080,0.01,11.92%,10.74%,0.619435,2026-09-04
$SPX,7718.6,2026-09-30,25,Call,"7,650.00",+0.89%,137.7,142.2,138.8,21,1765,0.01,11.92%,10.93%,0.660343,2026-09-04
$SPX,7718.6,2026-09-30,25,Call,"7,790.00",-0.93%,56.3,58.3,57.3,24,1949,0.01,11.92%,9.91%,0.402784,2026-09-04
$SPX,7718.6,2026-09-30,25,Call,"7,825.00",-1.38%,42.2,43.55,43.1,29,2485,0.01,11.92%,9.70%,0.334044,2026-09-04
$SPX,7718.6,2026-09-30,25,Call,"7,890.00",-2.22%,23,24,23.6,36,6884,0.01,11.92%,9.39%,0.217475,2026-09-04
$SPX,7718.6,2026-09-30,25,Call,"7,975.00",-3.32%,9.2,9.45,9.6,33,2359,0.01,11.92%,9.18%,0.106659,2026-09-04
$SPX,7718.6,2026-09-30,25,Call,"7,990.00",-3.52%,7.7,8.09,8.2,24,1794,0.01,11.92%,9.18%,0.092826,2026-09-04
$SPX,7718.6,2026-09-30,25,Call,"8,125.00",-5.27%,1.8,2.1,2.2,12,1216,0.01,11.92%,9.63%,0.02713,2026-09-04
$SPX,7718.6,2026-09-18,13,Call,"7,755.00",-0.47%,42.2,46.3,43.5,90,9761,0.01,11.92%,9.46%,0.427666,2026-09-04
$SPX,7718.6,2026-09-18,13,Call,"7,765.00",-0.60%,37.9,42.12,39.1,66,8952,0.01,11.92%,9.40%,0.398962,2026-09-04
$SPX,7718.6,2026-09-18,13,Call,"7,650.00",+0.89%,104.8,109.15,106.1,223,17762,0.01,11.92%,10.02%,0.70878,2026-09-04
$SPX,7718.6,2026-09-18,13,Call,"7,790.00",-0.93%,28.4,28.7,29.6,39,3599,0.01,11.92%,9.30%,0.329099,2026-09-04
$SPX,7718.6,2026-09-18,13,Call,"7,795.00",-0.99%,26.7,27.46,27.9,27,2529,0.01,11.92%,9.27%,0.315534,2026-09-04
$SPX,7718.6,2026-09-18,13,Call,"7,810.00",-1.18%,22.1,25.3,23.2,28,4151,0.01,11.92%,9.21%,0.276208,2026-09-04
$SPX,7718.6,2026-09-18,13,Call,"7,815.00",-1.25%,20.7,21.7,21.8,29,3777,0.01,11.92%,9.20%,0.263647,2026-09-04
$SPX,7718.6,2026-09-18,13,Call,"7,855.00",-1.77%,11.7,12.5,12.7,23,2151,0.01,11.92%,9.06%,0.173446,2026-09-04
$SPX,7718.6,2026-09-18,13,Call,"7,925.00",-2.67%,3.8,4.65,4.4,27,3865,0.01,11.92%,9.00%,0.070952,2026-09-04
$SPX,7718.6,2026-09-18,13,Call,"7,970.00",-3.26%,1.9,2.05,2.3,14,1631,0.01,11.92%,9.21%,0.039126,2026-09-04
$SPX,7718.6,2026-09-18,13,Call,"7,975.00",-3.32%,1.75,2.02,2.15,43,4974,0.01,11.92%,9.24%,0.036586,2026-09-04
$SPX,7718.6,2026-09-18,13,Call,"7,980.00",-3.39%,1.65,2.35,2,12,950,0.01,11.92%,9.28%,0.034398,2026-09-04
$SPX,7718.6,2026-09-18,13,Call,"8,050.00",-4.29%,0.7,0.85,1,96,15400,0.01,11.92%,10.06%,0.01629,2026-09-04
$SPX,7718.6,2026-09-18,13,Call,"8,100.00",-4.94%,0.5,0.6,0.75,163,19559,0.01,11.92%,10.89%,0.011511,2026-09-04
$SPX,7718.6,2026-09-18,13,Call,"8,300.00",-7.53%,0.2,0.17,0.4,201,22710,0.01,11.92%,14.43%,0.004583,2026-09-04
$SPX,7718.6,2026-09-18,13,Call,"7,000.00",+9.31%,715.6,722.6,717.1,4362,336077,0.01,11.92%,0.00%,0,2026-09-04
$SPX,7718.6,2026-09-18,13,Call,"6,500.00",+15.79%,1202.9,1223.59,1226.9,42,6078,0.01,11.92%,0.00%,0,2026-09-04
$SPX,7718.6,2029-12-21,1203,Call,"8,000.00",-3.65%,0,1403.05,0,67,7651,0.01,11.92%,18.50%,0.682771,2026-09-04
$SPX,7718.6,2027-04-16,223,Call,"8,200.00",-6.24%,202.8,202.1,205.2,17,3143,0.01,11.92%,13.33%,0.38411,2026-09-04
$SPX,7718.6,2027-03-31,207,Call,"8,300.00",-7.53%,145.1,150.3,147,13,2094,0.01,11.92%,12.78%,0.318681,2026-09-04
$SPX,7718.6,2026-09-18,13,Call,"7,705.00",+0.18%,70.4,74.3,71.2,33,2988,0.01,11.92%,10.04%,0.567798,2026-09-04
$SPX,7718.6,2026-09-18,13,Call,"7,600.00",+1.54%,144.2,151.5,146.2,48,3661,0.01,11.92%,10.50%,0.804183,2026-09-04
$SPX,7718.6,2026-09-18,13,Call,"7,200.00",+6.72%,517.2,519.48,519.5,11,2061,0.01,11.92%,0.00%,0,2026-09-04
$SPX,7718.6,2028-12-15,832,Call,"10,000.00",-29.56%,215.9,231.6,241,20,2935,0.01,11.92%,14.14%,0.255715,2026-09-04
$SPX,7718.6,2026-11-20,76,Call,"7,700.00",+0.24%,223.8,229.03,226,61,9655,0.01,11.92%,13.12%,0.578994,2026-09-04
$SPX,7718.6,2026-11-20,76,Call,"7,760.00",-0.54%,187.2,189,189.4,11,1137,0.01,11.92%,12.76%,0.527872,2026-09-04
$SPX,7718.6,2026-11-20,76,Call,"7,850.00",-1.70%,139,143.7,140.6,42,4263,0.01,11.92%,12.26%,0.446005,2026-09-04
$SPX,7718.6,2026-11-20,76,Call,"7,500.00",+2.83%,365.9,372.25,368.3,36,6018,0.01,11.92%,14.44%,0.721162,2026-09-04
$SPX,7718.6,2026-11-20,76,Call,"8,050.00",-4.29%,62.6,63,64,29,4390,0.01,11.92%,11.47%,0.26459,2026-09-04
$SPX,7718.6,2026-11-20,76,Call,"6,950.00",+9.96%,845,852.36,847.6,20,1361,0.01,11.92%,18.16%,0.919366,2026-09-04
$SPX,7718.6,2026-11-20,76,Call,"8,500.00",-10.12%,6.3,7.64,7,44,6284,0.01,11.92%,11.12%,0.042442,2026-09-04
$SPX,7718.6,2026-11-20,76,Call,"6,900.00",+10.61%,891.6,899.2,894.3,20,3680,0.01,11.92%,18.44%,0.928724,2026-09-04
$SPX,7718.6,2026-09-25,20,Call,"7,940.00",-2.87%,8.8,8.89,9.2,13,1049,0.01,11.92%,9.18%,0.112715,2026-09-04
$SPX,7718.6,2027-01-15,132,Call,"7,650.00",+0.89%,359,357.5,361.5,32,3388,0.01,11.92%,14.42%,0.620529,2026-09-04
$SPX,7718.6,2027-01-15,132,Call,"7,850.00",-1.70%,235.2,232.18,237.7,31,2900,0.01,11.92%,13.36%,0.501342,2026-09-04
$SPX,7718.6,2027-01-15,132,Call,"7,875.00",-2.03%,221.7,219.98,224.2,21,1427,0.01,11.92%,13.25%,0.485154,2026-09-04
$SPX,7718.6,2027-01-15,132,Call,"7,425.00",+3.80%,524.3,523.21,527,15,1013,0.01,11.92%,15.79%,0.7266,2026-09-04
$SPX,7718.6,2027-01-15,132,Call,"8,025.00",-3.97%,150.7,151.6,153,13,1558,0.01,11.92%,12.63%,0.385464,2026-09-04
$SPX,7718.6,2027-01-15,132,Call,"7,350.00",+4.78%,583.8,592.88,586.7,10,1526,0.01,11.92%,16.27%,0.755385,2026-09-04
$SPX,7718.6,2027-01-15,132,Call,"8,100.00",-4.94%,121.8,123.24,124.1,26,4281,0.01,11.92%,12.39%,0.336029,2026-09-04
$SPX,7718.6,2027-01-15,132,Call,"7,325.00",+5.10%,604.1,603.53,606.9,10,1788,0.01,11.92%,16.43%,0.764327,2026-09-04
$SPX,7718.6,2027-01-15,132,Call,"8,800.00",-14.01%,10.6,11,11.5,30,3562,0.01,11.92%,11.62%,0.050251,2026-09-04
$SPX,7718.6,2026-10-07,32,Call,"8,000.00",-3.65%,13.5,15.51,14.3,18,1519,0.01,11.92%,9.58%,0.128556,2026-09-04
$SPX,7718.6,2027-06-17,285,Call,"7,800.00",-1.05%,499.7,504.19,502.9,85,7612,0.01,11.92%,15.52%,0.586779,2026-09-04
$SPX,7718.6,2027-06-17,285,Call,"8,000.00",-3.65%,382.7,385.7,385.7,188,35724,0.01,11.92%,14.75%,0.511746,2026-09-04
$SPX,7718.6,2027-06-17,285,Call,"8,050.00",-4.29%,356.1,355.43,359,12,1538,0.01,11.92%,14.57%,0.491954,2026-09-04
$SPX,7718.6,2027-06-17,285,Call,"8,300.00",-7.53%,240,245,242.6,43,3986,0.01,11.92%,13.78%,0.389893,2026-09-04
$SPX,7718.6,2027-06-17,285,Call,"8,400.00",-8.83%,202.1,203.5,204.5,60,9335,0.01,11.92%,13.53%,0.349293,2026-09-04
$SPX,7718.6,2027-06-17,285,Call,"8,500.00",-10.12%,169,170.94,171.3,170,16722,0.01,11.92%,13.32%,0.30999,2026-09-04
$SPX,7718.6,2027-06-17,285,Call,"9,100.00",-17.90%,51.2,52,52.7,20,3688,0.01,11.92%,12.62%,0.126944,2026-09-04
$SPX,7718.6,2027-06-17,285,Call,"9,400.00",-21.78%,26,27.18,27.1,43,8441,0.01,11.92%,12.45%,0.073136,2026-09-04
$SPX,7718.6,2026-09-09,4,Call,"7,625.00",+1.21%,89.4,98.8,91.3,12,1357,0.01,11.92%,8.28%,0.927513,2026-09-04
$SPX,7718.6,2027-03-19,195,Call,"7,750.00",-0.41%,395,396.3,397.6,54,5430,0.01,11.92%,14.62%,0.585098,2026-09-04
$SPX,7718.6,2027-03-19,195,Call,"7,900.00",-2.35%,306.1,309.53,308.3,38,4163,0.01,11.92%,13.97%,0.512885,2026-09-04
$SPX,7718.6,2027-03-19,195,Call,"8,000.00",-3.65%,253.7,255.67,255.9,248,40356,0.01,11.92%,13.59%,0.461634,2026-09-04
$SPX,7718.6,2027-03-19,195,Call,"8,050.00",-4.29%,229.7,231.3,231.9,20,2729,0.01,11.92%,13.41%,0.43547,2026-09-04
$SPX,7718.6,2027-03-19,195,Call,"8,350.00",-8.18%,118.2,118.4,120.2,17,1186,0.01,11.92%,12.62%,0.282473,2026-09-04
$SPX,7718.6,2027-03-19,195,Call,"8,600.00",-11.42%,63,63.37,64.5,21,3178,0.01,11.92%,12.26%,0.177635,2026-09-04
$SPX,7718.6,2027-03-19,195,Call,"8,900.00",-15.31%,27.2,26.9,28.4,40,3662,0.01,11.92%,12.03%,0.091246,2026-09-04
$SPX,7718.6,2027-03-19,195,Call,"9,200.00",-19.19%,11.2,11.31,12,27,4940,0.01,11.92%,12.00%,0.043257,2026-09-04
$SPX,7718.6,2026-09-17,12,Call,"7,700.00",+0.24%,67.7,70.4,68.6,10,846,0.01,11.92%,9.53%,0.586044,2026-09-04
$SPX,7718.6,2026-10-30,55,Call,"7,725.00",-0.08%,166.7,179.32,168,10,971,0.01,11.92%,12.44%,0.548859,2026-09-04
$SPX,7718.6,2026-10-30,55,Call,"7,900.00",-2.35%,79.4,81,80.5,13,923,0.01,11.92%,11.44%,0.353736,2026-09-04
$SPX,7718.6,2026-10-30,55,Call,"7,475.00",+3.16%,342.7,372.45,353,10,740,0.01,11.92%,14.33%,0.759548,2026-09-04
$SPX,7718.6,2026-10-30,55,Call,"8,100.00",-4.94%,26.2,26.65,26.9,26,3021,0.01,11.92%,10.79%,0.159233,2026-09-04
$SPX,7718.6,2026-10-16,41,Call,"7,575.00",+1.86%,235.7,239.9,236.8,10,846,0.01,11.92%,12.78%,0.71125,2026-09-04
$SPX,7718.6,2027-02-19,167,Call,"8,100.00",-4.94%,168.3,167.7,170.5,21,1412,0.01,11.92%,12.90%,0.379311,2026-09-04
$SPX,7718.6,2027-02-19,167,Call,"7,300.00",+5.42%,676.8,679.02,679.9,13,1940,0.01,11.92%,16.81%,0.758782,2026-09-04
$SPX,7718.6,2027-12-17,468,Call,"8,000.00",-3.65%,619.9,624.2,627.7,823,89924,0.01,11.92%,16.20%,0.571544,2026-09-04
$SPX,7718.6,2027-12-17,468,Call,"8,800.00",-14.01%,254,255.9,261.1,15,2139,0.01,11.92%,14.18%,0.340066,2026-09-04
$SPX,7718.6,2026-09-08,3,Put,"7,220.00",-6.46%,0.35,0.37,0.5,30,2858,0.01,11.92%,29.77%,-0.006258,2026-09-04
$SPX,7718.6,2027-05-21,258,Put,"7,400.00",-4.13%,238.6,238.91,241,14,1486,0.01,11.92%,17.68%,-0.310945,2026-09-04
$SPX,7718.6,2027-05-21,258,Put,"1,000.00",-87.04%,0.35,0.45,0.5,16,1694,0.01,11.92%,78.80%,-0.000275,2026-09-04
$SPX,7718.6,2026-09-11,6,Put,"7,025.00",-8.99%,0.8,0.55,0.95,78,5435,0.01,11.92%,31.16%,-0.008414,2026-09-04
$SPX,7718.6,2026-12-18,104,Put,"7,650.00",-0.89%,177.6,175.78,179,123,8511,0.01,11.92%,14.80%,-0.402267,2026-09-04
$SPX,7718.6,2026-12-18,104,Put,"7,850.00",+1.70%,254.5,249.7,256.3,26,2527,0.01,11.92%,13.39%,-0.550382,2026-09-04
$SPX,7718.6,2026-12-18,104,Put,"7,575.00",-1.86%,156,154,157.3,49,3805,0.01,11.92%,15.37%,-0.356748,2026-09-04
$SPX,7718.6,2026-12-18,104,Put,"7,475.00",-3.16%,132,129.78,133.3,43,3248,0.01,11.92%,16.16%,-0.304043,2026-09-04
$SPX,7718.6,2026-12-18,104,Put,"7,350.00",-4.78%,108.3,106.7,109.5,69,7100,0.01,11.92%,17.19%,-0.249388,2026-09-04
$SPX,7718.6,2026-12-18,104,Put,"7,325.00",-5.10%,104.2,102.41,105.5,31,5812,0.01,11.92%,17.40%,-0.239797,2026-09-04
$SPX,7718.6,2026-12-18,104,Put,"7,250.00",-6.07%,93.1,91.3,94.8,86,14828,0.01,11.92%,18.06%,-0.213931,2026-09-04
$SPX,7718.6,2026-12-18,104,Put,"7,050.00",-8.66%,70.1,68.4,71.2,50,6114,0.01,11.92%,19.78%,-0.158442,2026-09-04
$SPX,7718.6,2026-12-18,104,Put,"7,000.00",-9.31%,65.5,64.93,66.7,2116,209428,0.01,11.92%,20.23%,-0.147351,2026-09-04
$SPX,7718.6,2026-12-18,104,Put,"6,975.00",-9.63%,63.4,61.1,64.5,30,3429,0.01,11.92%,20.45%,-0.142173,2026-09-04
$SPX,7718.6,2026-12-18,104,Put,"6,675.00",-13.52%,43.4,43.92,44.6,49,4763,0.01,11.92%,23.16%,-0.094007,2026-09-04
$SPX,7718.6,2026-12-18,104,Put,"6,475.00",-16.11%,34.4,33.45,35.3,11,1693,0.01,11.92%,24.98%,-0.072317,2026-09-04
$SPX,7718.6,2026-12-18,104,Put,"6,375.00",-17.41%,30.7,30.5,31.6,25,3083,0.01,11.92%,25.90%,-0.063671,2026-09-04
$SPX,7718.6,2026-12-18,104,Put,"5,400.00",-30.04%,11.6,11.5,12.1,119,14039,0.01,11.92%,35.38%,-0.02067,2026-09-04
$SPX,7718.6,2026-12-18,104,Put,"5,150.00",-33.28%,9.2,9.1,9.7,26,2231,0.01,11.92%,37.95%,-0.015822,2026-09-04
$SPX,7718.6,2026-12-18,104,Put,"5,075.00",-34.25%,8.5,8.5,9.1,12,841,0.01,11.92%,38.72%,-0.014571,2026-09-04
$SPX,7718.6,2026-12-18,104,Put,"4,650.00",-39.76%,5.8,5.9,6.3,15,2523,0.01,11.92%,43.32%,-0.009353,2026-09-04
$SPX,7718.6,2026-12-18,104,Put,"4,500.00",-41.70%,5,4.95,5.5,300,25237,0.01,11.92%,44.94%,-0.007942,2026-09-04
$SPX,7718.6,2026-12-18,104,Put,"4,450.00",-42.35%,4.8,4.9,5.3,56,3884,0.01,11.92%,45.54%,-0.007571,2026-09-04
$SPX,7718.6,2026-10-16,41,Put,"7,575.00",-1.86%,73.4,71.63,75.2,10,1119,0.01,11.92%,14.11%,-0.311594,2026-09-04
$SPX,7718.6,2026-10-16,41,Put,"7,530.00",-2.44%,63.9,62.6,65.5,44,3137,0.01,11.92%,14.59%,-0.274233,2026-09-04
$SPX,7718.6,2026-10-16,41,Put,"7,400.00",-4.13%,43.6,42.45,45.1,130,18610,0.01,11.92%,16.05%,-0.190126,2026-09-04
$SPX,7718.6,2026-10-16,41,Put,"7,300.00",-5.42%,33.4,32.92,34.7,110,14593,0.01,11.92%,17.25%,-0.1452,2026-09-04
$SPX,7718.6,2026-10-16,41,Put,"7,175.00",-7.04%,24.7,24.1,25.8,28,3105,0.01,11.92%,18.81%,-0.105732,2026-09-04
$SPX,7718.6,2026-10-16,41,Put,"7,150.00",-7.37%,23.3,22.8,24.3,87,7556,0.01,11.92%,19.11%,-0.099322,2026-09-04
$SPX,7718.6,2026-10-16,41,Put,"6,975.00",-9.63%,16.1,16,16.9,22,2842,0.01,11.92%,21.37%,-0.066338,2026-09-04
$SPX,7718.6,2026-10-16,41,Put,"6,925.00",-10.28%,14.7,13.5,15.7,10,1363,0.01,11.92%,22.09%,-0.060072,2026-09-04
$SPX,7718.6,2026-10-16,41,Put,"6,650.00",-13.84%,9.3,9,10,38,5092,0.01,11.92%,25.85%,-0.035304,2026-09-04
$SPX,7718.6,2026-10-16,41,Put,"6,620.00",-14.23%,8.9,8.35,9.7,10,884,0.01,11.92%,26.30%,-0.033653,2026-09-04
$SPX,7718.6,2026-10-16,41,Put,"6,600.00",-14.49%,8.7,8.63,9.4,140,17099,0.01,11.92%,26.59%,-0.032541,2026-09-04
$SPX,7718.6,2026-10-16,41,Put,"6,300.00",-18.38%,5.8,5.5,6.4,80,6714,0.01,11.92%,30.87%,-0.020075,2026-09-04
$SPX,7718.6,2026-10-16,41,Put,"6,250.00",-19.03%,5.5,5.4,6,95,7951,0.01,11.92%,31.60%,-0.018646,2026-09-04
$SPX,7718.6,2026-10-16,41,Put,"6,025.00",-21.94%,4.1,4.3,4.6,19,1876,0.01,11.92%,34.77%,-0.013306,2026-09-04
$SPX,7718.6,2026-10-16,41,Put,"5,700.00",-26.15%,2.75,2.65,3.3,48,4901,0.01,11.92%,39.49%,-0.00852,2026-09-04
$SPX,7718.6,2026-10-16,41,Put,"5,450.00",-29.39%,2.05,2,2.5,31,4496,0.01,11.92%,43.09%,-0.006061,2026-09-04
$SPX,7718.6,2026-10-16,41,Put,"5,400.00",-30.04%,1.9,1.81,2.4,67,10596,0.01,11.92%,43.82%,-0.005666,2026-09-04
$SPX,7718.6,2026-10-16,41,Put,"5,200.00",-32.63%,1.5,1.59,1.95,41,5142,0.01,11.92%,46.76%,-0.004357,2026-09-04
$SPX,7718.6,2026-10-16,41,Put,"5,000.00",-35.22%,1.25,1.33,1.6,90,9092,0.01,11.92%,49.90%,-0.003438,2026-09-04
$SPX,7718.6,2026-10-16,41,Put,"4,200.00",-45.59%,0.4,0.45,0.75,20,3158,0.01,11.92%,62.32%,-0.001199,2026-09-04
$SPX,7718.6,2026-10-16,41,Put,"4,000.00",-48.18%,0.25,0.43,0.6,48,4670,0.01,11.92%,65.24%,-0.000866,2026-09-04
$SPX,7718.6,2026-10-16,41,Put,"3,200.00",-58.54%,0.05,0.1,0.25,32,2991,0.01,11.92%,79.26%,-0.000269,2026-09-04
$SPX,7718.6,2026-09-14,9,Put,"7,000.00",-9.31%,1,0.9,1.15,54,5028,0.01,11.92%,27.04%,-0.009587,2026-09-04
$SPX,7718.6,2026-12-31,117,Put,"7,550.00",-2.18%,159.9,154.6,161.4,24,1699,0.01,11.92%,15.52%,-0.345287,2026-09-04
$SPX,7718.6,2026-12-31,117,Put,"7,520.00",-2.57%,152.5,144.27,154,13,1479,0.01,11.92%,15.75%,-0.330268,2026-09-04
$SPX,7718.6,2026-12-31,117,Put,"7,500.00",-2.83%,147.8,145.25,149.3,37,3312,0.01,11.92%,15.90%,-0.320235,2026-09-04
$SPX,7718.6,2026-12-31,117,Put,"8,000.00",+3.65%,339.9,333.35,341.5,12,1219,0.01,11.92%,12.25%,-0.684644,2026-09-04
$SPX,7718.6,2026-12-31,117,Put,"7,300.00",-5.42%,109.7,107.13,111,11,1688,0.01,11.92%,17.48%,-0.237334,2026-09-04
$SPX,7718.6,2026-12-31,117,Put,"7,000.00",-9.31%,73.1,72.37,74.3,34,6181,0.01,11.92%,19.96%,-0.154845,2026-09-04
$SPX,7718.6,2026-12-31,117,Put,"6,950.00",-9.96%,68.6,65.82,69.8,14,2244,0.01,11.92%,20.38%,-0.144647,2026-09-04
$SPX,7718.6,2026-12-31,117,Put,"6,800.00",-11.90%,56.9,56.44,58.1,11,1060,0.01,11.92%,21.65%,-0.118194,2026-09-04
$SPX,7718.6,2026-12-31,117,Put,"5,475.00",-29.07%,14.7,14.25,15.3,40,3080,0.01,11.92%,33.68%,-0.025208,2026-09-04
$SPX,7718.6,2026-12-31,117,Put,"4,400.00",-42.99%,5.7,5.6,6.1,13,880,0.01,11.92%,44.71%,-0.008374,2026-09-04
$SPX,7718.6,2026-11-30,86,Put,"7,500.00",-2.83%,115.5,115.64,116.7,12,1106,0.01,11.92%,15.52%,-0.30498,2026-09-04
$SPX,7718.6,2026-11-30,86,Put,"6,000.00",-22.27%,14.6,13.9,15.2,11,1178,0.01,11.92%,30.12%,-0.032067,2026-09-04
$SPX,7718.6,2026-10-02,27,Put,"6,900.00",-10.61%,7,7,7.5,81,8040,0.01,11.92%,23.80%,-0.035715,2026-09-04
$SPX,7718.6,2026-10-02,27,Put,"6,850.00",-11.25%,6.4,6.2,6.9,17,2705,0.01,11.92%,24.66%,-0.03209,2026-09-04
$SPX,7718.6,2026-09-15,10,Put,"7,675.00",-0.56%,34.6,33.02,35.3,27,2779,0.01,11.92%,11.14%,-0.35928,2026-09-04
$SPX,7718.6,2026-09-15,10,Put,"5,400.00",-30.04%,0.05,0.15,0.25,22,1957,0.01,11.92%,68.20%,-0.000623,2026-09-04
$SPX,7718.6,2026-09-30,25,Put,"7,700.00",-0.24%,83,81.73,84,293,21734,0.01,11.92%,12.43%,-0.441772,2026-09-04
$SPX,7718.6,2026-09-30,25,Put,"7,575.00",-1.86%,47.8,45.2,48.7,32,3597,0.01,11.92%,13.84%,-0.276221,2026-09-04
$SPX,7718.6,2026-09-30,25,Put,"7,450.00",-3.48%,28.6,28.37,29.2,69,6049,0.01,11.92%,15.43%,-0.170683,2026-09-04
$SPX,7718.6,2026-09-30,25,Put,"7,190.00",-6.85%,11.7,10.04,12.3,11,1784,0.01,11.92%,19.18%,-0.068911,2026-09-04
$SPX,7718.6,2026-09-30,25,Put,"7,000.00",-9.31%,7.1,6.8,7.6,291,38784,0.01,11.92%,22.17%,-0.039833,2026-09-04
$SPX,7718.6,2026-09-30,25,Put,"6,990.00",-9.44%,7,5.92,7.5,20,3041,0.01,11.92%,22.37%,-0.039048,2026-09-04
$SPX,7718.6,2026-09-30,25,Put,"6,980.00",-9.57%,6.8,6.1,7.4,10,671,0.01,11.92%,22.54%,-0.038088,2026-09-04
$SPX,7718.6,2026-09-30,25,Put,"6,950.00",-9.96%,6.4,5.6,6.9,21,1410,0.01,11.92%,23.04%,-0.035292,2026-09-04
$SPX,7718.6,2026-09-30,25,Put,"6,900.00",-10.61%,5.8,5.7,6.3,32,4510,0.01,11.92%,23.91%,-0.031436,2026-09-04
$SPX,7718.6,2026-09-30,25,Put,"6,775.00",-12.23%,4.6,4.38,5,12,2131,0.01,11.92%,26.03%,-0.023752,2026-09-04
$SPX,7718.6,2026-09-30,25,Put,"6,500.00",-15.79%,3,2.95,3.3,89,10041,0.01,11.92%,30.85%,-0.013991,2026-09-04
$SPX,7718.6,2026-09-30,25,Put,"6,200.00",-19.67%,1.95,1.96,2.25,55,6025,0.01,11.92%,36.09%,-0.0084,2026-09-04
$SPX,7718.6,2026-09-30,25,Put,"5,100.00",-33.93%,0.45,0.47,0.65,15,1778,0.01,11.92%,55.51%,-0.001638,2026-09-04
$SPX,7718.6,2026-09-30,25,Put,"4,700.00",-39.11%,0.25,0.3,0.5,15,2083,0.01,11.92%,63.37%,-0.00101,2026-09-04
$SPX,7718.6,2026-09-18,13,Put,"7,705.00",-0.18%,58.5,58.3,59.8,24,2683,0.01,11.92%,12.01%,-0.44762,2026-09-04
$SPX,7718.6,2026-09-18,13,Put,"7,675.00",-0.56%,47.6,45.83,48.9,71,4771,0.01,11.92%,12.32%,-0.382214,2026-09-04
$SPX,7718.6,2026-09-18,13,Put,"7,665.00",-0.69%,44.4,42.8,45.7,38,2665,0.01,11.92%,12.43%,-0.361936,2026-09-04
$SPX,7718.6,2026-09-18,13,Put,"7,785.00",+0.86%,100.1,93,101.4,30,5904,0.01,11.92%,11.59%,-0.637128,2026-09-04
$SPX,7718.6,2026-09-18,13,Put,"7,645.00",-0.95%,38.7,37.3,39.9,36,4731,0.01,11.92%,12.67%,-0.323676,2026-09-04
$SPX,7718.6,2026-09-18,13,Put,"7,615.00",-1.34%,31.6,30.14,32.8,78,6072,0.01,11.92%,13.08%,-0.272913,2026-09-04
$SPX,7718.6,2026-09-18,13,Put,"7,565.00",-1.99%,22.7,21.04,23.8,65,7563,0.01,11.92%,13.81%,-0.203904,2026-09-04
$SPX,7718.6,2026-09-18,13,Put,"7,510.00",-2.70%,16,14.9,17,56,5984,0.01,11.92%,14.67%,-0.147971,2026-09-04
$SPX,7718.6,2026-09-18,13,Put,"7,490.00",-2.96%,14.2,13.57,15.1,68,6108,0.01,11.92%,15.00%,-0.131961,2026-09-04
$SPX,7718.6,2026-09-18,13,Put,"7,480.00",-3.09%,13.3,13.1,14.3,52,4109,0.01,11.92%,15.16%,-0.12458,2026-09-04
$SPX,7718.6,2026-09-18,13,Put,"7,450.00",-3.48%,11.2,11.26,12.1,356,50332,0.01,11.92%,15.68%,-0.105376,2026-09-04
$SPX,7718.6,2026-09-18,13,Put,"7,440.00",-3.61%,10.6,10.04,11.4,52,10392,0.01,11.92%,15.84%,-0.099605,2026-09-04
$SPX,7718.6,2026-09-18,13,Put,"7,425.00",-3.80%,9.7,8.97,10.6,64,8100,0.01,11.92%,16.11%,-0.09185,2026-09-04
$SPX,7718.6,2026-09-18,13,Put,"7,400.00",-4.13%,8.5,8.6,9.3,571,49261,0.01,11.92%,16.56%,-0.080385,2026-09-04
$SPX,7718.6,2026-09-18,13,Put,"7,390.00",-4.26%,8.1,7.8,8.9,14,2084,0.01,11.92%,16.76%,-0.076535,2026-09-04
$SPX,7718.6,2026-09-18,13,Put,"7,370.00",-4.52%,7.5,7.45,8.1,12,1186,0.01,11.92%,17.18%,-0.069674,2026-09-04
$SPX,7718.6,2026-09-18,13,Put,"7,320.00",-5.16%,6,5.4,6.5,16,1734,0.01,11.92%,18.17%,-0.054958,2026-09-04
$SPX,7718.6,2026-09-18,13,Put,"7,280.00",-5.68%,5.1,4.41,5.6,11,778,0.01,11.92%,19.00%,-0.046223,2026-09-04
$SPX,7718.6,2026-09-18,13,Put,"7,150.00",-7.37%,3.4,3.4,3.8,111,8401,0.01,11.92%,21.93%,-0.028828,2026-09-04
$SPX,7718.6,2026-09-18,13,Put,"7,050.00",-8.66%,2.55,2.3,3,90,6262,0.01,11.92%,24.19%,-0.020985,2026-09-04
$SPX,7718.6,2026-09-18,13,Put,"7,000.00",-9.31%,2.3,2.25,2.75,4951,347422,0.01,11.92%,25.41%,-0.018457,2026-09-04
$SPX,7718.6,2026-09-18,13,Put,"6,960.00",-9.83%,2.2,1.85,2.6,10,1158,0.01,11.92%,26.47%,-0.017002,2026-09-04
$SPX,7718.6,2026-09-18,13,Put,"6,890.00",-10.74%,1.85,1.6,2.3,37,3068,0.01,11.92%,28.07%,-0.014154,2026-09-04
$SPX,7718.6,2026-09-18,13,Put,"6,500.00",-15.79%,1,1.05,1.35,270,26120,0.01,11.92%,37.44%,-0.006498,2026-09-04
$SPX,7718.6,2026-09-18,13,Put,"6,100.00",-20.97%,0.55,0.55,0.8,142,11852,0.01,11.92%,46.69%,-0.003184,2026-09-04
$SPX,7718.6,2026-09-18,13,Put,"5,825.00",-24.53%,0.3,0.34,0.65,10,1464,0.01,11.92%,53.07%,-0.002041,2026-09-04
$SPX,7718.6,2026-09-18,13,Put,"5,700.00",-26.15%,0.25,0.37,0.55,153,14667,0.01,11.92%,55.90%,-0.001657,2026-09-04
$SPX,7718.6,2026-09-18,13,Put,"5,275.00",-31.66%,0.1,0.15,0.35,24,3806,0.01,11.92%,65.62%,-0.000832,2026-09-04
$SPX,7718.6,2026-09-18,13,Put,"4,500.00",-41.70%,0,0.1,0.2,115,8474,0.01,11.92%,85.50%,-0.000301,2026-09-04
$SPX,7718.6,2026-09-18,13,Put,"4,450.00",-42.35%,0,0.1,0.2,16,2362,0.01,11.92%,87.18%,-0.000296,2026-09-04
$SPX,7718.6,2026-09-18,13,Put,"4,375.00",-43.32%,0,0.1,0.2,11,1114,0.01,11.92%,89.72%,-0.000288,2026-09-04
$SPX,7718.6,2026-09-18,13,Put,"12,000.00",+55.47%,4266.3,4275.11,4290.3,10,958,0.01,11.92%,94.45%,-0.997121,2026-09-04
$SPX,7718.6,2026-09-18,13,Put,"13,000.00",+68.42%,5264.8,5273.61,5288.8,10,904,0.01,11.92%,109.74%,-0.997325,2026-09-04
$SPX,7718.6,2026-11-20,76,Put,"7,200.00",-6.72%,61.7,62.28,62.6,31,4569,0.01,11.92%,18.49%,-0.172119,2026-09-04
$SPX,7718.6,2026-11-20,76,Put,"7,100.00",-8.01%,52.2,51.39,53.2,31,4489,0.01,11.92%,19.48%,-0.144447,2026-09-04
$SPX,7718.6,2026-11-20,76,Put,"7,000.00",-9.31%,44.6,45.14,45.5,39,4487,0.01,11.92%,20.49%,-0.121881,2026-09-04
$SPX,7718.6,2026-11-20,76,Put,"6,100.00",-20.97%,14,14.3,14.6,10,805,0.01,11.92%,29.99%,-0.032867,2026-09-04
$SPX,7718.6,2027-07-16,314,Put,"6,000.00",-22.27%,86,86.45,87.4,37,2693,0.01,11.92%,25.30%,-0.093566,2026-09-04
$SPX,7718.6,2027-04-16,223,Put,"1,600.00",-79.27%,1.05,1.1,1.35,40,5388,0.01,11.92%,71.59%,-0.000867,2026-09-04
$SPX,7718.6,2026-09-18,13,Put,"7,655.00",-0.82%,43.3,40,44,43,3039,0.01,11.92%,12.84%,-0.345625,2026-09-04
$SPX,7718.6,2026-09-18,13,Put,"6,975.00",-9.63%,2.45,1.95,2.75,10,909,0.01,11.92%,26.31%,-0.018356,2026-09-04
$SPX,7718.6,2026-09-18,13,Put,"6,950.00",-9.96%,2.35,1.95,2.6,14,2347,0.01,11.92%,26.90%,-0.017219,2026-09-04
$SPX,7718.6,2026-09-18,13,Put,"6,850.00",-11.25%,1.95,1.6,2.2,10,1621,0.01,11.92%,29.30%,-0.01361,2026-09-04
$SPX,7718.6,2026-09-18,13,Put,"6,350.00",-17.73%,0.95,0.75,1.2,234,34663,0.01,11.92%,41.50%,-0.005445,2026-09-04
$SPX,7718.6,2026-09-18,13,Put,"5,900.00",-23.56%,0.45,0.5,0.65,33,2252,0.01,11.92%,51.59%,-0.0024,2026-09-04
$SPX,7718.6,2026-09-18,13,Put,"5,300.00",-31.33%,0.15,0.22,0.35,10,778,0.01,11.92%,65.43%,-0.000921,2026-09-04
$SPX,7718.6,2026-09-18,13,Put,"5,250.00",-31.98%,0.15,0.2,0.35,22,1493,0.01,11.92%,66.97%,-0.000901,2026-09-04
$SPX,7718.6,2026-09-11,6,Put,"7,990.00",+3.52%,266.8,267.32,290.8,15,0,0,11.92%,21.15%,-0.899073,2026-09-04
$SPX,7718.6,2026-09-11,6,Put,"7,020.00",-9.05%,0.8,0.55,0.95,139,0,0,11.92%,31.37%,-0.008364,2026-09-04
$SPX,7718.6,2026-09-11,6,Put,"6,800.00",-11.90%,0.55,0.5,0.7,29,14513,0,11.92%,38.95%,-0.005044,2026-09-04
$SPX,7718.6,2026-09-11,6,Put,"6,050.00",-21.62%,0.15,0.12,0.3,27,12798,0,11.92%,63.76%,-0.001238,2026-09-04
$SPX,7718.6,2026-12-18,104,Put,"7,555.00",-2.12%,150.8,148.2,152.9,14,0,0,11.92%,15.55%,-0.345944,2026-09-04
$SPX,7718.6,2026-12-18,104,Put,"7,550.00",-2.18%,149.5,147.6,150.9,22,11225,0,11.92%,15.56%,-0.343048,2026-09-04
$SPX,7718.6,2026-12-18,104,Put,"7,545.00",-2.25%,148.3,145.7,149.5,20,0,0,11.92%,15.60%,-0.340338,2026-09-04
$SPX,7718.6,2026-12-18,104,Put,"7,450.00",-3.48%,126.8,123.8,128,34,15239,0,11.92%,16.36%,-0.291841,2026-09-04
$SPX,7718.6,2026-12-18,104,Put,"8,000.00",+3.65%,334.5,328.55,336.8,15,159646,0,11.92%,12.34%,-0.69728,2026-09-04
$SPX,7718.6,2026-12-18,104,Put,"7,125.00",-7.69%,77.8,73,79.4,15,7972,0,11.92%,19.15%,-0.177236,2026-09-04
$SPX,7718.6,2026-12-18,104,Put,"6,950.00",-9.96%,61.3,60.78,62.4,15,8359,0,11.92%,20.67%,-0.13716,2026-09-04
$SPX,7718.6,2026-12-18,104,Put,"6,900.00",-10.61%,57.5,55,58.5,38,33386,0,11.92%,21.12%,-0.127847,2026-09-04
$SPX,7718.6,2026-12-18,104,Put,"6,850.00",-11.25%,53.9,53.3,55,25,23516,0,11.92%,21.57%,-0.119203,2026-09-04
$SPX,7718.6,2026-12-18,104,Put,"6,825.00",-11.58%,52.2,50.77,53.2,16,5943,0,11.92%,21.78%,-0.115072,2026-09-04
$SPX,7718.6,2026-12-18,104,Put,"6,800.00",-11.90%,50.6,49.46,51.6,10,25059,0,11.92%,22.01%,-0.111156,2026-09-04
$SPX,7718.6,2026-12-18,104,Put,"6,725.00",-12.87%,46.1,44.11,47.1,21,10925,0,11.92%,22.69%,-0.100366,2026-09-04
$SPX,7718.6,2026-12-18,104,Put,"6,650.00",-13.84%,42.1,41.9,43.3,13,7016,0,11.92%,23.38%,-0.09092,2026-09-04
$SPX,7718.6,2026-12-18,104,Put,"6,175.00",-20.00%,24.8,23.61,25.6,24,6075,0,11.92%,27.79%,-0.049876,2026-09-04
$SPX,7718.6,2026-12-18,104,Put,"6,000.00",-22.27%,20.7,20.8,21.4,42,153140,0,11.92%,29.45%,-0.040509,2026-09-04
$SPX,7718.6,2026-12-18,104,Put,"5,600.00",-27.45%,13.9,14.1,14.6,48,18506,0,11.92%,33.35%,-0.025694,2026-09-04
$SPX,7718.6,2026-12-18,104,Put,"5,300.00",-31.33%,10.5,10.5,11.1,40,11862,0,11.92%,36.39%,-0.018538,2026-09-04
$SPX,7718.6,2026-12-18,104,Put,"5,100.00",-33.93%,8.8,8.7,9.3,25,21153,0,11.92%,38.49%,-0.015024,2026-09-04
$SPX,7718.6,2026-12-18,104,Put,"5,000.00",-35.22%,8,8.2,8.5,90,116686,0,11.92%,39.52%,-0.013488,2026-09-04
$SPX,7718.6,2026-12-18,104,Put,"4,975.00",-35.55%,7.8,7.7,8.3,10,2240,0,11.92%,39.78%,-0.013115,2026-09-04
$SPX,7718.6,2026-12-18,104,Put,"4,600.00",-40.40%,5.5,5.5,6,17,9920,0,11.92%,43.84%,-0.008832,2026-09-04
$SPX,7718.6,2026-12-18,104,Put,"4,000.00",-48.18%,3.1,3.17,3.6,215,79267,0,11.92%,50.79%,-0.00469,2026-09-04
$SPX,7718.6,2026-12-18,104,Put,"3,800.00",-50.77%,2.55,2.7,2.95,14,8139,0,11.92%,53.17%,-0.003744,2026-09-04
$SPX,7718.6,2026-12-18,104,Put,"3,500.00",-54.65%,1.9,1.95,2.25,11,38255,0,11.92%,57.05%,-0.002697,2026-09-04
$SPX,7718.6,2026-12-18,104,Put,"3,000.00",-61.13%,1.05,1.2,1.35,11,12280,0,11.92%,63.76%,-0.001457,2026-09-04
$SPX,7718.6,2026-12-18,104,Put,"2,800.00",-63.72%,0.85,1,1.1,38,23716,0,11.92%,66.82%,-0.001146,2026-09-04
$SPX,7718.6,2026-12-18,104,Put,"2,000.00",-74.09%,0.3,0.35,0.45,151,31367,0,11.92%,81.00%,-0.000387,2026-09-04
$SPX,7718.6,2026-12-18,104,Put,"1,600.00",-79.27%,0.05,0.2,0.3,53,12888,0,11.92%,88.73%,-0.000172,2026-09-04
$SPX,7718.6,2026-12-18,104,Put,"1,400.00",-81.86%,0,0.15,0.2,10,11200,0,11.92%,92.43%,-0.000097,2026-09-04
$SPX,7718.6,2026-12-18,104,Put,"1,200.00",-84.45%,0,0.1,0.2,31,16759,0,11.92%,100.70%,-0.000089,2026-09-04
$SPX,7718.6,2026-10-16,41,Put,"7,425.00",-3.80%,46.8,45.86,48.3,14,4586,0,11.92%,15.76%,-0.203713,2026-09-04
$SPX,7718.6,2026-10-16,41,Put,"7,250.00",-6.07%,29.5,30,30.7,28,7533,0,11.92%,17.87%,-0.127598,2026-09-04
$SPX,7718.6,2026-10-16,41,Put,"7,160.00",-7.24%,23.8,24.08,25,29,20267,0,11.92%,19.00%,-0.101909,2026-09-04
$SPX,7718.6,2026-10-16,41,Put,"7,110.00",-7.88%,21.3,21.58,22.3,16,22555,0,11.92%,19.62%,-0.090271,2026-09-04
$SPX,7718.6,2026-10-16,41,Put,"6,900.00",-10.61%,14,13.5,14.8,29,9291,0,11.92%,22.38%,-0.056701,2026-09-04
$SPX,7718.6,2026-10-16,41,Put,"6,800.00",-11.90%,11.8,12,12.5,16,11797,0,11.92%,23.75%,-0.046497,2026-09-04
$SPX,7718.6,2026-10-16,41,Put,"6,700.00",-13.20%,10,9.47,10.8,13,14872,0,11.92%,25.15%,-0.038621,2026-09-04
$SPX,7718.6,2026-10-16,41,Put,"5,500.00",-28.74%,2.2,1.96,2.65,10,12269,0,11.92%,42.41%,-0.006521,2026-09-04
$SPX,7718.6,2026-09-14,9,Put,"7,365.00",-4.58%,2.7,2.45,2.85,95,0,0,11.92%,16.80%,-0.034216,2026-09-04
$SPX,7718.6,2026-09-14,9,Put,"7,345.00",-4.84%,2.45,2.4,2.65,34,0,0,11.92%,17.33%,-0.030918,2026-09-04
$SPX,7718.6,2026-09-14,9,Put,"7,190.00",-6.85%,1.45,1.3,1.65,11,0,0,11.92%,21.57%,-0.016355,2026-09-04
$SPX,7718.6,2026-12-31,117,Put,"6,600.00",-14.49%,45,44.55,46.1,10,2128,0,11.92%,23.36%,-0.091197,2026-09-04
$SPX,7718.6,2026-12-31,117,Put,"6,400.00",-17.08%,36.1,36.01,37.1,20,5527,0,11.92%,25.12%,-0.071207,2026-09-04
$SPX,7718.6,2026-09-10,5,Put,"7,315.00",-5.23%,0.95,0.75,1.15,54,0,0,11.92%,21.48%,-0.015112,2026-09-04
$SPX,7718.6,2026-09-10,5,Put,"7,305.00",-5.36%,0.9,0.95,1.1,65,0,0,11.92%,21.80%,-0.014276,2026-09-04
$SPX,7718.6,2026-09-10,5,Put,"7,160.00",-7.24%,0.65,0.7,0.85,137,0,0,11.92%,27.45%,-0.008934,2026-09-04
$SPX,7718.6,2026-09-10,5,Put,"7,140.00",-7.50%,0.65,0.65,0.8,17,0,0,11.92%,28.22%,-0.008447,2026-09-04
$SPX,7718.6,2026-10-08,33,Put,"7,050.00",-8.66%,13.3,12.94,14,31,0,0,11.92%,20.84%,-0.063424,2026-09-04
$SPX,7718.6,2026-10-08,33,Put,"7,025.00",-8.99%,12.5,12.26,13.3,134,0,0,11.92%,21.19%,-0.059572,2026-09-04
$SPX,7718.6,2026-10-08,33,Put,"5,800.00",-24.86%,2.15,1.78,2.45,10,0,0,11.92%,40.28%,-0.007228,2026-09-04
$SPX,7718.6,2026-09-23,18,Put,"7,645.00",-0.95%,50.1,49.45,51,13,0,0,11.92%,12.75%,-0.34315,2026-09-04
$SPX,7718.6,2026-09-23,18,Put,"6,575.00",-14.82%,1.85,1.7,2.15,10,0,0,11.92%,32.08%,-0.010439,2026-09-04
$SPX,7718.6,2026-10-23,48,Put,"7,690.00",-0.37%,118.2,111.65,119.5,20,0,0,11.92%,13.21%,-0.431555,2026-09-04
$SPX,7718.6,2026-10-23,48,Put,"7,660.00",-0.76%,108.2,104.97,109.5,13,0,0,11.92%,13.49%,-0.399841,2026-09-04
$SPX,7718.6,2026-11-30,86,Put,"6,380.00",-17.34%,22.3,21.3,23.1,15,0,0,11.92%,26.23%,-0.052343,2026-09-04
$SPX,7718.6,2026-11-30,86,Put,"3,200.00",-58.54%,0.7,0.85,0.9,12,3377,0,11.92%,63.01%,-0.001115,2026-09-04
$SPX,7718.6,2026-10-02,27,Put,"7,210.00",-6.59%,14.7,13.87,15.2,110,0,0,11.92%,18.93%,-0.081162,2026-09-04
$SPX,7718.6,2026-10-02,27,Put,"6,350.00",-17.73%,3,2.75,3.4,13,59566,0,11.92%,33.23%,-0.012789,2026-09-04
$SPX,7718.6,2026-10-02,27,Put,"6,250.00",-19.03%,2.65,2.4,2.95,33,57050,0,11.92%,34.92%,-0.010835,2026-09-04
$SPX,7718.6,2026-09-15,10,Put,"7,435.00",-3.67%,5.1,4.3,5.5,64,0,0,11.92%,15.21%,-0.062335,2026-09-04
$SPX,7718.6,2026-10-06,31,Put,"6,875.00",-10.93%,8,7.9,8.6,70,0,0,11.92%,23.44%,-0.038291,2026-09-04
$SPX,7718.6,2026-09-29,24,Put,"7,430.00",-3.74%,24.1,21.9,25,13,0,0,11.92%,15.53%,-0.151487,2026-09-04
$SPX,7718.6,2026-09-29,24,Put,"7,420.00",-3.87%,23.2,21.05,24.1,10,0,0,11.92%,15.68%,-0.145851,2026-09-04
$SPX,7718.6,2026-09-30,25,Put,"7,090.00",-8.14%,8.9,7.58,9.4,25,8625,0,11.92%,20.74%,-0.051068,2026-09-04
$SPX,7718.6,2026-09-30,25,Put,"6,600.00",-14.49%,3.4,3.1,3.8,14,7652,0,11.92%,29.04%,-0.016659,2026-09-04
$SPX,7718.6,2026-09-30,25,Put,"6,000.00",-22.27%,1.5,1.27,1.75,15,12674,0,11.92%,39.57%,-0.006108,2026-09-04
$SPX,7718.6,2026-09-30,25,Put,"3,800.00",-50.77%,0,0.15,0.25,10,2589,0,11.92%,81.28%,-0.000283,2026-09-04
$SPX,7718.6,2026-09-18,13,Put,"7,685.00",-0.44%,51,50.9,52.3,31,7885,0,11.92%,12.21%,-0.403449,2026-09-04
$SPX,7718.6,2026-09-18,13,Put,"7,755.00",+0.47%,82.2,66.77,83.6,18,8953,0,11.92%,11.66%,-0.56593,2026-09-04
$SPX,7718.6,2026-09-18,13,Put,"7,765.00",+0.60%,87.9,73.8,89.2,11,8678,0,11.92%,11.63%,-0.589606,2026-09-04
$SPX,7718.6,2026-09-18,13,Put,"7,775.00",+0.73%,93.8,88,95.2,10,11171,0,11.92%,11.60%,-0.613845,2026-09-04
$SPX,7718.6,2026-09-18,13,Put,"7,780.00",+0.80%,96.9,95.97,98.3,20,11456,0,11.92%,11.60%,-0.625585,2026-09-04
$SPX,7718.6,2026-09-18,13,Put,"7,640.00",-1.02%,37.4,35.03,38.6,18,7593,0,11.92%,12.73%,-0.314682,2026-09-04
$SPX,7718.6,2026-09-18,13,Put,"7,800.00",+1.05%,110,108,111.3,47,25781,0,11.92%,11.58%,-0.670828,2026-09-04
$SPX,7718.6,2026-09-18,13,Put,"7,630.00",-1.15%,34.9,35,36.2,26,5214,0,11.92%,12.87%,-0.29735,2026-09-04
$SPX,7718.6,2026-09-18,13,Put,"7,810.00",+1.18%,116.9,116.04,118.3,10,3848,0,11.92%,11.59%,-0.692817,2026-09-04
$SPX,7718.6,2026-09-18,13,Put,"7,605.00",-1.47%,29.5,27.65,30.7,17,8755,0,11.92%,13.21%,-0.257335,2026-09-04
$SPX,7718.6,2026-09-18,13,Put,"7,585.00",-1.73%,25.9,24.99,27,12,6225,0,11.92%,13.51%,-0.229227,2026-09-04
"Downloaded from Barchart.com as of 09-05-2026 02:46am CDT"
